ply
format ascii 1.0
element vertex 19200
property float x
property float y
property float z
property uchar red
property uchar green
property uchar blue
property int pixel_u
property int pixel_v
end_header
7.996401 4.608459 3.454541 39 39 39 0 0
8.102699 4.611258 3.500463 36 36 36 4 0
8.106546 4.554956 3.502125 36 36 36 8 0
8.107860 4.497194 3.502692 36 36 36 12 0
8.109172 4.439413 3.503259 36 36 36 16 0
8.110485 4.381613 3.503827 36 36 36 20 0
8.111798 4.323794 3.504394 36 36 36 24 0
8.113113 4.265956 3.504962 36 36 36 28 0
8.114427 4.208099 3.505529 36 36 36 32 0
8.115742 4.150225 3.506098 36 36 36 36 0
8.117058 4.092331 3.506666 36 36 36 40 0
8.118373 4.034419 3.507234 36 36 36 44 0
8.119689 3.976487 3.507803 36 36 36 48 0
8.121006 3.918537 3.508372 36 36 36 52 0
8.122323 3.860568 3.508941 36 36 36 56 0
8.123640 3.802580 3.509510 36 36 36 60 0
8.124958 3.744574 3.510079 36 36 36 64 0
8.126276 3.686548 3.510649 36 36 36 68 0
8.127595 3.628504 3.511218 36 36 36 72 0
8.128914 3.570441 3.511788 36 36 36 76 0
8.130234 3.512359 3.512358 36 36 36 80 0
8.131554 3.454258 3.512928 36 36 36 84 0
8.132874 3.396138 3.513499 35 35 35 88 0
8.134195 3.338000 3.514070 35 35 35 92 0
8.135515 3.279842 3.514640 35 35 35 96 0
8.136837 3.221666 3.515211 35 35 35 100 0
8.138160 3.163471 3.515783 35 35 35 104 0
8.139482 3.105257 3.516354 35 35 35 108 0
8.140805 3.047024 3.516925 35 35 35 112 0
8.142129 2.988772 3.517497 35 35 35 116 0
5.784193 2.081498 2.498841 99 99 99 120 0
5.785134 2.040096 2.499247 99 99 99 124 0
5.786075 1.998680 2.499654 99 99 99 128 0
5.787016 1.957250 2.500060 99 99 99 132 0
5.787958 1.915807 2.500467 99 99 99 136 0
5.734199 1.856639 2.477243 100 100 100 140 0
5.752062 1.820921 2.484960 100 100 100 144 0
5.898697 1.824780 2.548308 96 96 96 148 0
6.053004 1.828842 2.614970 91 91 91 152 0
6.215600 1.833121 2.685214 87 87 87 156 0
6.387173 1.837637 2.759336 82 82 82 160 0
6.568488 1.842409 2.837666 78 78 78 164 0
6.760399 1.847461 2.920573 72 72 72 168 0
8.160703 2.171251 3.525522 35 35 35 172 0
8.162032 2.112714 3.526096 35 35 35 176 0
8.163363 2.054157 3.526670 35 35 35 180 0
8.164694 1.995582 3.527245 35 35 35 184 0
8.166025 1.936988 3.527820 35 35 35 188 0
8.167356 1.878374 3.528395 35 35 35 192 0
8.168689 1.819741 3.528971 35 35 35 196 0
8.170021 1.761090 3.529547 34 34 34 200 0
8.171353 1.702419 3.530122 34 34 34 204 0
8.172687 1.643729 3.530698 34 34 34 208 0
8.174022 1.585020 3.531275 34 34 34 212 0
8.175355 1.526291 3.531851 34 34 34 216 0
8.176690 1.467544 3.532428 34 34 34 220 0
8.178025 1.408777 3.533005 34 34 34 224 0
8.179360 1.349991 3.533581 34 34 34 228 0
8.180696 1.291186 3.534158 34 34 34 232 0
8.182034 1.232362 3.534736 34 34 34 236 0
8.183370 1.173518 3.535313 34 34 34 240 0
8.184707 1.114655 3.535891 34 34 34 244 0
8.186045 1.055773 3.536469 34 34 34 248 0
8.187384 0.996872 3.537047 34 34 34 252 0
8.188721 0.937951 3.537625 34 34 34 256 0
7.973032 0.855719 3.444445 40 40 40 260 0
7.746648 0.775528 3.346645 46 46 46 264 0
7.532763 0.699765 3.254244 52 52 52 268 0
7.330373 0.628073 3.166809 57 57 57 272 0
7.138574 0.560133 3.083949 62 62 62 276 0
6.956554 0.495658 3.005314 67 67 67 280 0
6.783587 0.434388 2.930590 72 72 72 284 0
6.619011 0.376092 2.859492 76 76 76 288 0
6.462234 0.320558 2.791762 80 80 80 292 0
6.312710 0.267593 2.727166 85 85 85 296 0
6.169950 0.217024 2.665492 88 88 88 300 0
6.033504 0.168691 2.606545 92 92 92 304 0
5.902961 0.122450 2.550150 96 96 96 308 0
5.777948 0.078168 2.496143 99 99 99 312 0
5.658121 0.035722 2.444376 102 102 102 316 0
5.543163 -0.004999 2.394713 105 105 105 320 0
5.432782 -0.044098 2.347027 108 108 108 324 0
5.326713 -0.081671 2.301204 111 111 111 328 0
5.224705 -0.117804 2.257135 114 114 114 332 0
5.126531 -0.152580 2.214723 116 116 116 336 0
5.031979 -0.186073 2.173875 119 119 119 340 0
4.940851 -0.218352 2.134507 121 121 121 344 0
4.852965 -0.249484 2.096539 124 124 124 348 0
4.768151 -0.279527 2.059898 126 126 126 352 0
4.686251 -0.308538 2.024516 128 128 128 356 0
4.607116 -0.336569 1.990329 130 130 130 360 0
4.530598 -0.363668 1.957272 132 132 132 364 0
4.456571 -0.389882 1.925292 134 134 134 368 0
4.384924 -0.415252 1.894340 136 136 136 372 0
4.315545 -0.439819 1.864367 138 138 138 376 0
4.248327 -0.463621 1.835328 140 140 140 380 0
4.183171 -0.486693 1.807180 142 142 142 384 0
4.119983 -0.509068 1.779882 144 144 144 388 0
4.058676 -0.530778 1.753397 145 145 145 392 0
3.999166 -0.551850 1.727688 147 147 147 396 0
3.941377 -0.572314 1.702722 148 148 148 400 0
3.885234 -0.592194 1.678468 150 150 150 404 0
3.830668 -0.611516 1.654894 151 151 151 408 0
3.777613 -0.630303 1.631974 153 153 153 412 0
3.726008 -0.648577 1.609680 154 154 154 416 0
3.675794 -0.666358 1.587987 156 156 156 420 0
3.626915 -0.683666 1.566871 157 157 157 424 0
3.579319 -0.700520 1.546309 158 158 158 428 0
3.532956 -0.716937 1.526279 159 159 159 432 0
3.487779 -0.732934 1.506762 161 161 161 436 0
3.443743 -0.748528 1.487738 162 162 162 440 0
3.400805 -0.763732 1.469188 163 163 163 444 0
3.358924 -0.778563 1.451095 164 164 164 448 0
3.318063 -0.793032 1.433443 165 165 165 452 0
3.278183 -0.807153 1.416214 166 166 166 456 0
3.239251 -0.820939 1.399395 167 167 167 460 0
3.201233 -0.834402 1.382971 168 168 168 464 0
3.164096 -0.847552 1.366927 169 169 169 468 0
3.127812 -0.860401 1.351252 170 170 170 472 0
3.092350 -0.872958 1.335932 171 171 171 476 0
3.057683 -0.885233 1.320956 172 172 172 480 0
3.023785 -0.897237 1.306311 173 173 173 484 0
2.990630 -0.908977 1.291988 174 174 174 488 0
2.958195 -0.920463 1.277976 175 175 175 492 0
2.926455 -0.931702 1.264264 176 176 176 496 0
2.895390 -0.942702 1.250843 177 177 177 500 0
2.864977 -0.953472 1.237704 177 177 177 504 0
2.835196 -0.964017 1.224839 178 178 178 508 0
2.806028 -0.974346 1.212238 179 179 179 512 0
2.777454 -0.984464 1.199893 180 180 180 516 0
2.749456 -0.994378 1.187798 180 180 180 520 0
2.722017 -1.004094 1.175944 181 181 181 524 0
2.695120 -1.013618 1.164324 182 182 182 528 0
2.668750 -1.022956 1.152932 183 183 183 532 0
2.642890 -1.032113 1.141760 183 183 183 536 0
2.617527 -1.041094 1.130803 184 184 184 540 0
2.592646 -1.049905 1.120054 185 185 185 544 0
2.568234 -1.058549 1.109508 185 185 185 548 0
2.544277 -1.067032 1.099158 186 186 186 552 0
2.520763 -1.075359 1.089000 187 187 187 556 0
2.497680 -1.083533 1.079027 187 187 187 560 0
2.475015 -1.091558 1.069236 188 188 188 564 0
2.452758 -1.099440 1.059621 188 188 188 568 0
2.430898 -1.107180 1.050177 189 189 189 572 0
2.409424 -1.114784 1.040900 190 190 190 576 0
2.388326 -1.122255 1.031785 190 190 190 580 0
2.367595 -1.129596 1.022829 191 191 191 584 0
2.347220 -1.136811 1.014027 191 191 191 588 0
2.327193 -1.143903 1.005375 192 192 192 592 0
2.307505 -1.150875 0.996870 192 192 192 596 0
2.288147 -1.157729 0.988507 193 193 193 600 0
2.269111 -1.164470 0.980283 193 193 193 604 0
2.250390 -1.171100 0.972195 194 194 194 608 0
2.231974 -1.177620 0.964239 194 194 194 612 0
2.213858 -1.184036 0.956413 195 195 195 616 0
2.196033 -1.190347 0.948713 195 195 195 620 0
2.178493 -1.196558 0.941135 196 196 196 624 0
2.161232 -1.202671 0.933678 196 196 196 628 0
2.144241 -1.208687 0.926338 197 197 197 632 0
2.127516 -1.214610 0.919112 197 197 197 636 0
7.999664 4.610340 3.398232 39 39 39 0 4
8.106050 4.613164 3.443423 36 36 36 4 4
8.126981 4.566439 3.452315 36 36 36 8 4
8.128300 4.508532 3.452875 36 36 36 12 4
8.129620 4.450607 3.453436 36 36 36 16 4
8.130939 4.392663 3.453996 36 36 36 20 4
8.132259 4.334700 3.454557 36 36 36 24 4
8.133580 4.276719 3.455119 35 35 35 28 4
8.134900 4.218717 3.455679 35 35 35 32 4
8.136222 4.160698 3.456241 35 35 35 36 4
8.137544 4.102660 3.456802 35 35 35 40 4
8.138866 4.044603 3.457364 35 35 35 44 4
8.140189 3.986526 3.457926 35 35 35 48 4
8.141513 3.928432 3.458488 35 35 35 52 4
8.142838 3.870318 3.459051 35 35 35 56 4
8.144161 3.812186 3.459613 35 35 35 60 4
8.145485 3.754034 3.460175 35 35 35 64 4
8.146811 3.695864 3.460738 35 35 35 68 4
8.148135 3.637674 3.461301 35 35 35 72 4
8.149461 3.579466 3.461864 35 35 35 76 4
8.150787 3.521239 3.462428 35 35 35 80 4
8.152114 3.462992 3.462991 35 35 35 84 4
8.153440 3.404727 3.463555 35 35 35 88 4
8.154769 3.346443 3.464119 35 35 35 92 4
8.156097 3.288140 3.464684 35 35 35 96 4
8.157425 3.229817 3.465247 35 35 35 100 4
8.158754 3.171477 3.465812 35 35 35 104 4
8.160084 3.113117 3.466377 35 35 35 108 4
8.161413 3.054737 3.466942 35 35 35 112 4
8.162744 2.996339 3.467507 35 35 35 116 4
8.164074 2.937922 3.468072 35 35 35 120 4
8.165404 2.879485 3.468637 35 35 35 124 4
8.166737 2.821030 3.469203 35 35 35 128 4
8.168069 2.762555 3.469769 35 35 35 132 4
8.169401 2.704062 3.470335 35 35 35 136 4
8.170733 2.645549 3.470901 34 34 34 140 4
8.172067 2.587018 3.471467 34 34 34 144 4
8.173400 2.528467 3.472034 34 34 34 148 4
8.174734 2.469897 3.472600 34 34 34 152 4
8.176068 2.411308 3.473167 34 34 34 156 4
8.177403 2.352700 3.473734 34 34 34 160 4
8.178740 2.294072 3.474302 34 34 34 164 4
8.180075 2.235426 3.474869 34 34 34 168 4
8.181411 2.176760 3.475437 34 34 34 172 4
8.182748 2.118076 3.476005 34 34 34 176 4
8.184085 2.059371 3.476573 34 34 34 180 4
8.185422 2.000648 3.477141 34 34 34 184 4
8.186761 1.941906 3.477709 34 34 34 188 4
8.188099 1.883144 3.478278 34 34 34 192 4
8.189437 1.824363 3.478846 34 34 34 196 4
8.190777 1.765564 3.479415 34 34 34 200 4
8.192116 1.706744 3.479984 34 34 34 204 4
8.193457 1.647906 3.480554 34 34 34 208 4
8.194798 1.589048 3.481123 34 34 34 212 4
8.196137 1.530171 3.481693 34 34 34 216 4
8.197479 1.471275 3.482263 34 34 34 220 4
8.198822 1.412359 3.482833 34 34 34 224 4
8.200164 1.353425 3.483403 34 34 34 228 4
8.201506 1.294470 3.483973 34 34 34 232 4
8.202849 1.235497 3.484544 34 34 34 236 4
8.204194 1.176504 3.485115 34 34 34 240 4
8.205538 1.117492 3.485686 34 34 34 244 4
8.206882 1.058461 3.486257 33 33 33 248 4
8.208228 0.999410 3.486829 33 33 33 252 4
8.209573 0.940340 3.487400 33 33 33 256 4
8.210918 0.881250 3.487972 33 33 33 260 4
8.212265 0.822141 3.488544 33 33 33 264 4
8.213612 0.763013 3.489116 33 33 33 268 4
8.214959 0.703865 3.489688 33 33 33 272 4
8.216307 0.644698 3.490260 33 33 33 276 4
8.217655 0.585512 3.490833 33 33 33 280 4
8.219004 0.526306 3.491406 33 33 33 284 4
8.220352 0.467080 3.491979 33 33 33 288 4
8.221702 0.407836 3.492552 33 33 33 292 4
8.223051 0.348571 3.493125 33 33 33 296 4
8.224401 0.289288 3.493699 33 33 33 300 4
8.225752 0.229984 3.494273 33 33 33 304 4
8.227104 0.170662 3.494847 33 33 33 308 4
8.228456 0.111320 3.495421 33 33 33 312 4
8.229807 0.051958 3.495995 33 33 33 316 4
8.231160 -0.007423 3.496570 33 33 33 320 4
8.232513 -0.066824 3.497144 33 33 33 324 4
8.233866 -0.126244 3.497719 33 33 33 328 4
8.235220 -0.185684 3.498294 33 33 33 332 4
8.236574 -0.245143 3.498870 33 33 33 336 4
8.213928 -0.303735 3.489249 33 33 33 340 4
7.973862 -0.352391 3.387270 40 40 40 344 4
7.747430 -0.398284 3.291083 46 46 46 348 4
7.533504 -0.441642 3.200208 52 52 52 352 4
7.331074 -0.482670 3.114216 57 57 57 356 4
7.139238 -0.521551 3.032725 62 62 62 360 4
6.957185 -0.558449 2.955389 67 67 67 364 4
6.784186 -0.593512 2.881900 72 72 72 368 4
6.619583 -0.626874 2.811977 76 76 76 372 4
6.462779 -0.658655 2.745367 80 80 80 376 4
6.313231 -0.688965 2.681839 84 84 84 380 4
6.170446 -0.717904 2.621185 88 88 88 384 4
6.033979 -0.745563 2.563214 92 92 92 388 4
5.903416 -0.772025 2.507751 96 96 96 392 4
5.778384 -0.797366 2.454638 99 99 99 396 4
5.658538 -0.821657 2.403728 102 102 102 400 4
5.543563 -0.844959 2.354887 105 105 105 404 4
5.433168 -0.867334 2.307992 108 108 108 408 4
5.327083 -0.888835 2.262927 111 111 111 412 4
5.225062 -0.909513 2.219589 114 114 114 416 4
5.126874 -0.929413 2.177879 116 116 116 420 4
5.032286 -0.948575 2.137698 119 119 119 424 4
4.941122 -0.967042 2.098972 121 121 121 428 4
4.853202 -0.984852 2.061624 124 124 124 432 4
4.768357 -1.002040 2.025582 126 126 126 436 4
4.686427 -1.018636 1.990779 128 128 128 440 4
4.607265 -1.034672 1.957151 130 130 130 444 4
4.530733 -1.050175 1.924640 132 132 132 448 4
4.456702 -1.065172 1.893192 134 134 134 452 4
4.385052 -1.079686 1.862755 136 136 136 456 4
4.315668 -1.093741 1.833282 138 138 138 460 4
4.248446 -1.107358 1.804726 140 140 140 464 4
4.183286 -1.120558 1.777046 142 142 142 468 4
4.120096 -1.133359 1.750203 144 144 144 472 4
4.058785 -1.145778 1.724159 145 145 145 476 4
3.999273 -1.157834 1.698878 147 147 147 480 4
3.941480 -1.169541 1.674328 148 148 148 484 4
3.885334 -1.180915 1.650477 150 150 150 488 4
3.830765 -1.191969 1.627297 151 151 151 492 4
3.777708 -1.202717 1.604758 153 153 153 496 4
3.726100 -1.213171 1.582835 154 154 154 500 4
3.675884 -1.223343 1.561503 156 156 156 504 4
3.627002 -1.233245 1.540739 157 157 157 508 4
3.579404 -1.242887 1.520519 158 158 158 512 4
3.533039 -1.252280 1.500823 159 159 159 516 4
3.487860 -1.261432 1.481632 161 161 161 520 4
3.443821 -1.270352 1.462924 162 162 162 524 4
3.400882 -1.279051 1.444683 163 163 163 528 4
3.358999 -1.287535 1.426892 164 164 164 532 4
3.318135 -1.295813 1.409533 165 165 165 536 4
3.278254 -1.303892 1.392592 166 166 166 540 4
3.239320 -1.311779 1.376053 167 167 167 544 4
3.201300 -1.319480 1.359902 168 168 168 548 4
3.164163 -1.327003 1.344126 169 169 169 552 4
3.127876 -1.334354 1.328712 170 170 170 556 4
3.092413 -1.341538 1.313647 171 171 171 560 4
3.057745 -1.348560 1.298920 172 172 172 564 4
3.023846 -1.355428 1.284520 173 173 173 568 4
2.990690 -1.362144 1.270435 174 174 174 572 4
2.958253 -1.368715 1.256656 175 175 175 576 4
2.926512 -1.375144 1.243173 176 176 176 580 4
2.895445 -1.381438 1.229976 177 177 177 584 4
2.865031 -1.387599 1.217056 177 177 177 588 4
2.835249 -1.393632 1.204405 178 178 178 592 4
2.806080 -1.399540 1.192014 179 179 179 596 4
2.777505 -1.405329 1.179875 180 180 180 600 4
2.749506 -1.411001 1.167981 180 180 180 604 4
2.722066 -1.416559 1.156325 181 181 181 608 4
2.695168 -1.422008 1.144899 182 182 182 612 4
2.668797 -1.427350 1.133696 183 183 183 616 4
2.642937 -1.432589 1.122711 183 183 183 620 4
2.617573 -1.437726 1.111936 184 184 184 624 4
2.592691 -1.442767 1.101367 185 185 185 628 4
2.568278 -1.447713 1.090996 185 185 185 632 4
2.544320 -1.452565 1.080819 186 186 186 636 4
8.002931 4.612223 3.341876 39 39 39 0 8
8.109403 4.615073 3.386337 36 36 36 4 8
8.147518 4.577979 3.402253 35 35 35 8 8
8.148844 4.519927 3.402806 35 35 35 12 8
8.150170 4.461858 3.403361 35 35 35 16 8
8.151496 4.403769 3.403914 35 35 35 20 8
8.152823 4.345661 3.404468 35 35 35 24 8
8.154150 4.287534 3.405022 35 35 35 28 8
8.155479 4.229389 3.405577 35 35 35 32 8
8.156807 4.171225 3.406132 35 35 35 36 8
8.158134 4.113041 3.406686 35 35 35 40 8
8.159465 4.054839 3.407242 35 35 35 44 8
8.160794 3.996618 3.407797 35 35 35 48 8
8.162124 3.938377 3.408352 35 35 35 52 8
8.163454 3.880118 3.408907 35 35 35 56 8
8.164785 3.821840 3.409463 35 35 35 60 8
8.166117 3.763543 3.410019 35 35 35 64 8
8.167448 3.705226 3.410575 35 35 35 68 8
8.168780 3.646891 3.411132 35 35 35 72 8
8.170113 3.588536 3.411688 34 34 34 76 8
8.171446 3.530163 3.412245 34 34 34 80 8
8.172779 3.471771 3.412802 34 34 34 84 8
8.174113 3.413359 3.413358 34 34 34 88 8
8.175447 3.354928 3.413915 34 34 34 92 8
8.176782 3.296479 3.414473 34 34 34 96 8
8.178117 3.238010 3.415030 34 34 34 100 8
8.179452 3.179522 3.415588 34 34 34 104 8
8.180789 3.121015 3.416146 34 34 34 108 8
8.182126 3.062490 3.416704 34 34 34 112 8
8.183462 3.003944 3.417262 34 34 34 116 8
8.184799 2.945380 3.417821 34 34 34 120 8
8.186137 2.886796 3.418380 34 34 34 124 8
8.187475 2.828194 3.418938 34 34 34 128 8
8.188813 2.769572 3.419497 34 34 34 132 8
8.190153 2.710931 3.420057 34 34 34 136 8
8.191493 2.652271 3.420616 34 34 34 140 8
8.192832 2.593591 3.421175 34 34 34 144 8
8.194173 2.534893 3.421735 34 34 34 148 8
8.195514 2.476175 3.422295 34 34 34 152 8
8.196855 2.417438 3.422855 34 34 34 156 8
8.198196 2.358682 3.423415 34 34 34 160 8
8.199540 2.299907 3.423976 34 34 34 164 8
8.200881 2.241112 3.424536 34 34 34 168 8
8.202225 2.182298 3.425097 34 34 34 172 8
8.203568 2.123465 3.425658 34 34 34 176 8
8.204912 2.064612 3.426219 34 34 34 180 8
8.206256 2.005740 3.426781 34 34 34 184 8
8.207602 1.946850 3.427343 33 33 33 188 8
8.208945 1.887939 3.427904 33 33 33 192 8
8.210292 1.829009 3.428466 33 33 33 196 8
8.211638 1.770061 3.429028 33 33 33 200 8
8.212984 1.711092 3.429590 33 33 33 204 8
8.214332 1.652105 3.430153 33 33 33 208 8
8.215679 1.593097 3.430716 33 33 33 212 8
8.217028 1.534071 3.431279 33 33 33 216 8
8.218376 1.475025 3.431842 33 33 33 220 8
8.219724 1.415960 3.432405 33 33 33 224 8
8.221074 1.356876 3.432968 33 33 33 228 8
8.222423 1.297772 3.433532 33 33 33 232 8
8.223773 1.238648 3.434095 33 33 33 236 8
8.225123 1.179506 3.434659 33 33 33 240 8
8.226475 1.120343 3.435224 33 33 33 244 8
8.227826 1.061162 3.435788 33 33 33 248 8
8.229177 1.001961 3.436352 33 33 33 252 8
8.230531 0.942740 3.436917 33 33 33 256 8
8.231883 0.883500 3.437482 33 33 33 260 8
8.233235 0.824241 3.438047 33 33 33 264 8
8.234591 0.764962 3.438613 33 33 33 268 8
8.235944 0.705663 3.439178 33 33 33 272 8
8.237298 0.646345 3.439743 33 33 33 276 8
8.238654 0.587008 3.440310 33 33 33 280 8
8.240008 0.527651 3.440875 33 33 33 284 8
8.241364 0.468274 3.441441 33 33 33 288 8
8.242721 0.408878 3.442008 33 33 33 292 8
8.244078 0.349463 3.442575 32 32 32 296 8
8.245436 0.290027 3.443141 32 32 32 300 8
8.246793 0.230573 3.443708 32 32 32 304 8
8.248151 0.171098 3.444275 32 32 32 308 8
8.249510 0.111604 3.444843 32 32 32 312 8
8.250868 0.052091 3.445410 32 32 32 316 8
8.252229 -0.007442 3.445978 32 32 32 320 8
8.253589 -0.066995 3.446546 32 32 32 324 8
8.254948 -0.126568 3.447114 32 32 32 328 8
8.256310 -0.186160 3.447682 32 32 32 332 8
8.257671 -0.245771 3.448251 32 32 32 336 8
8.259031 -0.305403 3.448819 32 32 32 340 8
8.260394 -0.365054 3.449388 32 32 32 344 8
8.261757 -0.424724 3.449957 32 32 32 348 8
8.263120 -0.484415 3.450526 32 32 32 352 8
8.264483 -0.544125 3.451095 32 32 32 356 8
8.265847 -0.603855 3.451665 32 32 32 360 8
8.267212 -0.663604 3.452235 32 32 32 364 8
8.268577 -0.723373 3.452805 32 32 32 368 8
8.269942 -0.783163 3.453375 32 32 32 372 8
8.271308 -0.842971 3.453945 32 32 32 376 8
8.272673 -0.902800 3.454515 32 32 32 380 8
8.274040 -0.962648 3.455086 32 32 32 384 8
8.275408 -1.022516 3.455657 32 32 32 388 8
8.276774 -1.082404 3.456228 32 32 32 392 8
8.278142 -1.142311 3.456799 32 32 32 396 8
8.279512 -1.202239 3.457371 32 32 32 400 8
8.280880 -1.262186 3.457942 31 31 31 404 8
8.282249 -1.322153 3.458514 31 31 31 408 8
8.283620 -1.382140 3.459086 31 31 31 412 8
8.284990 -1.442147 3.459659 31 31 31 416 8
8.286361 -1.502174 3.460231 31 31 31 420 8
8.214808 -1.548474 3.430352 33 33 33 424 8
7.974691 -1.560752 3.330084 40 40 40 428 8
7.748213 -1.572332 3.235511 46 46 46 432 8
7.534244 -1.583273 3.146161 52 52 52 436 8
7.331775 -1.593626 3.061614 57 57 57 440 8
7.139903 -1.603437 2.981491 62 62 62 444 8
6.957817 -1.612747 2.905456 67 67 67 448 8
6.784788 -1.621595 2.833202 72 72 72 452 8
6.620155 -1.630013 2.764454 76 76 76 456 8
6.463323 -1.638032 2.698964 80 80 80 460 8
6.313750 -1.645680 2.636505 84 84 84 464 8
6.170943 -1.652982 2.576871 88 88 88 468 8
6.034453 -1.659961 2.519876 92 92 92 472 8
5.903871 -1.666638 2.465347 96 96 96 476 8
5.778812 -1.673031 2.413125 99 99 99 480 8
5.658917 -1.679150 2.363059 102 102 102 484 8
5.543895 -1.685020 2.315028 105 105 105 488 8
5.433455 -1.690657 2.268910 108 108 108 492 8
5.327331 -1.696073 2.224595 111 111 111 496 8
5.225272 -1.701282 2.181977 114 114 114 500 8
5.127050 -1.706295 2.140961 116 116 116 504 8
5.032453 -1.711123 2.101459 119 119 119 508 8
4.941283 -1.715777 2.063388 121 121 121 512 8
4.853358 -1.720264 2.026672 124 124 124 516 8
4.768507 -1.724595 1.991240 126 126 126 520 8
4.686572 -1.728777 1.957026 128 128 128 524 8
4.607405 -1.732817 1.923967 130 130 130 528 8
4.530869 -1.736723 1.892007 132 132 132 532 8
4.456833 -1.740502 1.861091 134 134 134 536 8
4.385179 -1.744159 1.831169 136 136 136 540 8
4.315792 -1.747701 1.802194 138 138 138 544 8
4.248566 -1.751132 1.774122 140 140 140 548 8
4.183403 -1.754458 1.746911 142 142 142 552 8
4.120208 -1.757683 1.720522 144 144 144 556 8
4.058894 -1.760812 1.694919 145 145 145 560 8
3.999378 -1.763850 1.670066 147 147 147 564 8
3.941583 -1.766800 1.645932 148 148 148 568 8
3.885434 -1.769665 1.622485 150 150 150 572 8
3.830862 -1.772451 1.599697 151 151 151 576 8
3.777802 -1.775159 1.577540 153 153 153 580 8
3.726192 -1.777793 1.555989 154 154 154 584 8
3.675973 -1.780356 1.535018 156 156 156 588 8
3.627090 -1.782851 1.514605 157 157 157 592 8
3.579489 -1.785280 1.494728 158 158 158 596 8
3.533122 -1.787647 1.475366 159 159 159 600 8
3.487941 -1.789953 1.456499 161 161 161 604 8
3.443900 -1.792201 1.438109 162 162 162 608 8
3.400958 -1.794392 1.420177 163 163 163 612 8
3.359074 -1.796530 1.402687 164 164 164 616 8
3.318208 -1.798616 1.385622 165 165 165 620 8
3.278325 -1.800651 1.368968 166 166 166 624 8
3.239390 -1.802639 1.352709 167 167 167 628 8
3.201368 -1.804579 1.336832 168 168 168 632 8
3.164229 -1.806474 1.321323 169 169 169 636 8
8.006199 4.614106 3.285474 39 39 39 0 12
8.112759 4.616983 3.329202 36 36 36 4 12
8.168160 4.589577 3.351938 35 35 35 8 12
8.169493 4.531381 3.352484 34 34 34 12 12
8.170826 4.473166 3.353031 34 34 34 16 12
8.172159 4.414932 3.353578 34 34 34 20 12
8.173492 4.356678 3.354125 34 34 34 24 12
8.174826 4.298406 3.354673 34 34 34 28 12
8.176161 4.240115 3.355221 34 34 34 32 12
8.177495 4.181804 3.355768 34 34 34 36 12
8.178831 4.123476 3.356316 34 34 34 40 12
8.180167 4.065127 3.356865 34 34 34 44 12
8.181502 4.006759 3.357413 34 34 34 48 12
8.182839 3.948373 3.357961 34 34 34 52 12
8.184177 3.889967 3.358510 34 34 34 56 12
8.185514 3.831543 3.359059 34 34 34 60 12
8.186852 3.773099 3.359608 34 34 34 64 12
8.188190 3.714636 3.360157 34 34 34 68 12
8.189530 3.656154 3.360707 34 34 34 72 12
8.190868 3.597653 3.361256 34 34 34 76 12
8.192208 3.539133 3.361806 34 34 34 80 12
8.193549 3.480594 3.362356 34 34 34 84 12
8.194890 3.422035 3.362906 34 34 34 88 12
8.196230 3.363457 3.363456 34 34 34 92 12
8.197572 3.304860 3.364007 34 34 34 96 12
8.198915 3.246244 3.364558 34 34 34 100 12
8.200256 3.187609 3.365108 34 34 34 104 12
8.201599 3.128955 3.365660 34 34 34 108 12
8.202943 3.070281 3.366211 34 34 34 112 12
8.204286 3.011588 3.366762 34 34 34 116 12
8.205630 2.952876 3.367314 34 34 34 120 12
8.206975 2.894145 3.367866 33 33 33 124 12
8.208321 2.835394 3.368418 33 33 33 128 12
8.209665 2.776624 3.368969 33 33 33 132 12
8.211012 2.717835 3.369522 33 33 33 136 12
8.212358 2.659027 3.370075 33 33 33 140 12
8.213704 2.600199 3.370627 33 33 33 144 12
8.215052 2.541352 3.371180 33 33 33 148 12
8.216400 2.482486 3.371733 33 33 33 152 12
8.217748 2.423600 3.372287 33 33 33 156 12
8.219096 2.364695 3.372840 33 33 33 160 12
8.220446 2.305771 3.373394 33 33 33 164 12
8.221794 2.246827 3.373947 33 33 33 168 12
8.223144 2.187864 3.374501 33 33 33 172 12
8.224495 2.128882 3.375055 33 33 33 176 12
8.225846 2.069880 3.375610 33 33 33 180 12
8.227197 2.010859 3.376164 33 33 33 184 12
8.228548 1.951818 3.376719 33 33 33 188 12
8.229901 1.892758 3.377274 33 33 33 192 12
8.231253 1.833679 3.377829 33 33 33 196 12
8.232606 1.774580 3.378384 33 33 33 200 12
8.233959 1.715462 3.378939 33 33 33 204 12
8.235313 1.656325 3.379495 33 33 33 208 12
8.236668 1.597167 3.380050 33 33 33 212 12
8.238023 1.537991 3.380607 33 33 33 216 12
8.239378 1.478795 3.381163 33 33 33 220 12
8.240733 1.419579 3.381719 33 33 33 224 12
8.242089 1.360344 3.382276 33 33 33 228 12
8.243446 1.301090 3.382833 33 33 33 232 12
8.244804 1.241816 3.383389 32 32 32 236 12
8.246161 1.182522 3.383946 32 32 32 240 12
8.247519 1.123209 3.384504 32 32 32 244 12
8.248877 1.063877 3.385061 32 32 32 248 12
8.250236 1.004525 3.385618 32 32 32 252 12
8.251595 0.945153 3.386176 32 32 32 256 12
8.252954 0.885762 3.386734 32 32 32 260 12
8.254314 0.826351 3.387292 32 32 32 264 12
8.255676 0.766921 3.387851 32 32 32 268 12
8.257037 0.707471 3.388409 32 32 32 272 12
8.258399 0.648001 3.388968 32 32 32 276 12
8.259760 0.588512 3.389527 32 32 32 280 12
8.261123 0.529003 3.390086 32 32 32 284 12
8.262486 0.469474 3.390645 32 32 32 288 12
8.263848 0.409926 3.391204 32 32 32 292 12
8.265212 0.350358 3.391764 32 32 32 296 12
8.266576 0.290771 3.392324 32 32 32 300 12
8.267941 0.231164 3.392884 32 32 32 304 12
8.269307 0.171537 3.393445 32 32 32 308 12
8.270673 0.111891 3.394005 32 32 32 312 12
8.272038 0.052224 3.394565 32 32 32 316 12
8.273404 -0.007461 3.395126 32 32 32 320 12
8.274771 -0.067167 3.395687 32 32 32 324 12
8.276138 -0.126892 3.396248 32 32 32 328 12
8.277506 -0.186638 3.396809 32 32 32 332 12
8.278874 -0.246402 3.397371 32 32 32 336 12
8.280243 -0.306187 3.397933 32 32 32 340 12
8.281612 -0.365991 3.398494 31 31 31 344 12
8.282982 -0.425816 3.399056 31 31 31 348 12
8.284352 -0.485660 3.399619 31 31 31 352 12
8.285722 -0.545523 3.400181 31 31 31 356 12
8.287093 -0.605407 3.400743 31 31 31 360 12
8.288465 -0.665310 3.401307 31 31 31 364 12
8.289837 -0.725233 3.401869 31 31 31 368 12
8.291209 -0.785176 3.402432 31 31 31 372 12
8.292583 -0.845139 3.402996 31 31 31 376 12
8.293955 -0.905122 3.403559 31 31 31 380 12
8.295328 -0.965125 3.404123 31 31 31 384 12
8.296703 -1.025147 3.404687 31 31 31 388 12
8.298078 -1.085190 3.405251 31 31 31 392 12
8.299453 -1.145252 3.405815 31 31 31 396 12
8.300828 -1.205334 3.406380 31 31 31 400 12
8.302204 -1.265436 3.406945 31 31 31 404 12
8.303580 -1.325558 3.407509 31 31 31 408 12
8.304957 -1.385700 3.408074 31 31 31 412 12
8.306334 -1.445862 3.408640 31 31 31 416 12
8.307713 -1.506044 3.409205 31 31 31 420 12
8.309092 -1.566246 3.409771 31 31 31 424 12
8.310470 -1.626468 3.410336 31 31 31 428 12
8.311849 -1.686710 3.410902 31 31 31 432 12
8.313228 -1.746971 3.411468 31 31 31 436 12
8.314608 -1.807253 3.412035 31 31 31 440 12
8.315989 -1.867555 3.412601 31 31 31 444 12
8.317370 -1.927877 3.413168 31 31 31 448 12
8.318750 -1.988219 3.413735 30 30 30 452 12
8.320133 -2.048581 3.414302 30 30 30 456 12
8.321516 -2.108963 3.414869 30 30 30 460 12
6.901324 -1.798831 2.832071 69 69 69 464 12
6.732463 -1.803394 2.762776 73 73 73 468 12
6.571669 -1.807739 2.696791 78 78 78 472 12
6.418376 -1.811881 2.633885 82 82 82 476 12
6.272069 -1.815834 2.573845 86 86 86 480 12
6.132279 -1.819609 2.516480 89 89 89 484 12
5.998586 -1.823220 2.461617 93 93 93 488 12
5.870598 -1.826677 2.409095 96 96 96 492 12
5.863576 -1.866799 2.406214 97 97 97 496 12
5.864552 -1.909423 2.406614 97 97 97 500 12
5.865528 -1.952063 2.407015 97 97 97 504 12
5.866505 -1.994716 2.407416 97 97 97 508 12
5.867481 -2.037383 2.407816 96 96 96 512 12
5.868459 -2.080065 2.408218 96 96 96 516 12
5.869437 -2.122761 2.408619 96 96 96 520 12
5.870416 -2.165471 2.409020 96 96 96 524 12
7.140568 -2.685524 2.930248 62 62 62 528 12
6.958449 -2.667237 2.855513 67 67 67 532 12
6.785388 -2.649859 2.784494 72 72 72 536 12
6.620704 -2.633316 2.716913 76 76 76 540 12
6.463803 -2.617548 2.652527 80 80 80 544 12
6.314168 -2.602511 2.591121 84 84 84 548 12
6.171303 -2.588154 2.532495 88 88 88 552 12
6.034760 -2.574432 2.476462 92 92 92 556 12
5.904129 -2.561304 2.422855 96 96 96 560 12
5.779033 -2.548733 2.371520 99 99 99 564 12
5.659129 -2.536683 2.322315 102 102 102 568 12
5.544098 -2.525123 2.275111 105 105 105 572 12
5.433651 -2.514024 2.229787 108 108 108 576 12
5.327519 -2.503358 2.186234 111 111 111 580 12
5.225452 -2.493101 2.144349 114 114 114 584 12
5.127224 -2.483230 2.104040 116 116 116 588 12
5.032620 -2.473722 2.065218 119 119 119 592 12
4.941444 -2.464560 2.027802 121 121 121 596 12
4.853514 -2.455723 1.991718 124 124 124 600 12
4.768658 -2.447196 1.956896 126 126 126 604 12
4.686718 -2.438961 1.923271 128 128 128 608 12
4.607546 -2.431005 1.890781 130 130 130 612 12
4.531005 -2.423313 1.859371 132 132 132 616 12
4.456965 -2.415872 1.828988 134 134 134 620 12
4.385306 -2.408671 1.799581 136 136 136 624 12
4.315915 -2.401697 1.771105 138 138 138 628 12
4.248686 -2.394941 1.743517 140 140 140 632 12
4.183518 -2.388392 1.716774 142 142 142 636 12
8.009470 4.615991 3.229026 39 39 39 0 16
8.116117 4.618894 3.272021 36 36 36 4 16
8.188907 4.601234 3.301366 34 34 34 8 16
8.190245 4.542891 3.301906 34 34 34 12 16
8.191585 4.484530 3.302446 34 34 34 16 16
8.192924 4.426150 3.302986 34 34 34 20 16
8.194265 4.367751 3.303527 34 34 34 24 16
8.195606 4.309332 3.304067 34 34 34 28 16
8.196947 4.250895 3.304608 34 34 34 32 16
8.198290 4.192438 3.305149 34 34 34 36 16
8.199632 4.133962 3.305690 34 34 34 40 16
8.200974 4.075467 3.306231 34 34 34 44 16
8.202317 4.016953 3.306773 34 34 34 48 16
8.203661 3.958419 3.307314 34 34 34 52 16
8.205004 3.899867 3.307856 34 34 34 56 16
8.206348 3.841295 3.308398 34 34 34 60 16
8.207695 3.782705 3.308941 33 33 33 64 16
8.209038 3.724094 3.309483 33 33 33 68 16
8.210385 3.665465 3.310025 33 33 33 72 16
8.211732 3.606817 3.310568 33 33 33 76 16
8.213078 3.548149 3.311111 33 33 33 80 16
8.214424 3.489461 3.311654 33 33 33 84 16
8.215773 3.430755 3.312197 33 33 33 88 16
8.217120 3.372030 3.312741 33 33 33 92 16
8.218469 3.313285 3.313284 33 33 33 96 16
8.219818 3.254521 3.313828 33 33 33 100 16
8.221167 3.195737 3.314372 33 33 33 104 16
8.222515 3.136934 3.314915 33 33 33 108 16
8.223866 3.078112 3.315460 33 33 33 112 16
8.225217 3.019271 3.316005 33 33 33 116 16
8.226568 2.960411 3.316550 33 33 33 120 16
8.227919 2.901531 3.317094 33 33 33 124 16
8.229272 2.842631 3.317639 33 33 33 128 16
8.230623 2.783712 3.318184 33 33 33 132 16
8.231977 2.724774 3.318730 33 33 33 136 16
8.233330 2.665817 3.319275 33 33 33 140 16
8.234683 2.606840 3.319821 33 33 33 144 16
8.236037 2.547844 3.320367 33 33 33 148 16
8.237391 2.488828 3.320913 33 33 33 152 16
8.238748 2.429793 3.321460 33 33 33 156 16
8.240102 2.370739 3.322006 33 33 33 160 16
8.241458 2.311665 3.322552 33 33 33 164 16
8.242815 2.252572 3.323099 33 33 33 168 16
8.244171 2.193458 3.323646 32 32 32 172 16
8.245528 2.134326 3.324193 32 32 32 176 16
8.246886 2.075174 3.324741 32 32 32 180 16
8.248245 2.016003 3.325288 32 32 32 184 16
8.249603 1.956813 3.325836 32 32 32 188 16
8.250962 1.897602 3.326384 32 32 32 192 16
8.252322 1.838372 3.326932 32 32 32 196 16
8.253681 1.779123 3.327480 32 32 32 200 16
8.255042 1.719854 3.328029 32 32 32 204 16
8.256403 1.660566 3.328577 32 32 32 208 16
8.257764 1.601258 3.329126 32 32 32 212 16
8.259126 1.541931 3.329675 32 32 32 216 16
8.260489 1.482584 3.330224 32 32 32 220 16
8.261850 1.423217 3.330774 32 32 32 224 16
8.263214 1.363831 3.331323 32 32 32 228 16
8.264578 1.304425 3.331873 32 32 32 232 16
8.265942 1.245000 3.332423 32 32 32 236 16
8.267305 1.185555 3.332973 32 32 32 240 16
8.268671 1.126090 3.333523 32 32 32 244 16
8.270037 1.066606 3.334074 32 32 32 248 16
8.271401 1.007102 3.334624 32 32 32 252 16
8.272767 0.947578 3.335175 32 32 32 256 16
8.274135 0.888035 3.335726 32 32 32 260 16
8.275502 0.828472 3.336277 32 32 32 264 16
8.276869 0.768889 3.336828 32 32 32 268 16
8.278237 0.709287 3.337380 32 32 32 272 16
8.279606 0.649665 3.337932 32 32 32 276 16
8.280974 0.590023 3.338483 31 31 31 280 16
8.282345 0.530362 3.339036 31 31 31 284 16
8.283714 0.470681 3.339588 31 31 31 288 16
8.285085 0.410980 3.340140 31 31 31 292 16
8.286455 0.351259 3.340693 31 31 31 296 16
8.287827 0.291519 3.341246 31 31 31 300 16
8.289198 0.231758 3.341799 31 31 31 304 16
8.290569 0.171978 3.342352 31 31 31 308 16
8.291944 0.112178 3.342906 31 31 31 312 16
8.293316 0.052359 3.343459 31 31 31 316 16
8.294688 -0.007481 3.344012 31 31 31 320 16
8.296063 -0.067340 3.344566 31 31 31 324 16
8.297439 -0.127219 3.345121 31 31 31 328 16
8.298812 -0.187118 3.345675 31 31 31 332 16
8.300188 -0.247037 3.346229 31 31 31 336 16
8.301563 -0.306975 3.346784 31 31 31 340 16
8.302939 -0.366934 3.347339 31 31 31 344 16
8.304316 -0.426912 3.347893 31 31 31 348 16
8.305694 -0.486911 3.348449 31 31 31 352 16
8.307071 -0.546929 3.349004 31 31 31 356 16
8.308449 -0.606967 3.349560 31 31 31 360 16
8.309828 -0.667025 3.350116 31 31 31 364 16
8.311207 -0.727103 3.350672 31 31 31 368 16
8.312586 -0.787201 3.351228 31 31 31 372 16
8.313966 -0.847319 3.351784 31 31 31 376 16
8.315346 -0.907457 3.352340 31 31 31 380 16
8.316727 -0.967614 3.352897 31 31 31 384 16
8.318108 -1.027792 3.353454 30 30 30 388 16
8.319489 -1.087990 3.354011 30 30 30 392 16
8.320872 -1.148208 3.354568 30 30 30 396 16
8.322254 -1.208445 3.355125 30 30 30 400 16
8.323638 -1.268703 3.355683 30 30 30 404 16
8.325021 -1.328981 3.356241 30 30 30 408 16
8.326405 -1.389279 3.356799 30 30 30 412 16
8.327789 -1.449597 3.357357 30 30 30 416 16
8.329175 -1.509935 3.357915 30 30 30 420 16
8.330561 -1.570293 3.358474 30 30 30 424 16
8.331945 -1.630671 3.359033 30 30 30 428 16
8.333332 -1.691069 3.359591 30 30 30 432 16
8.334720 -1.751488 3.360151 30 30 30 436 16
8.336106 -1.811926 3.360710 30 30 30 440 16
8.337494 -1.872385 3.361269 30 30 30 444 16
8.338881 -1.932863 3.361829 30 30 30 448 16
8.340271 -1.993362 3.362389 30 30 30 452 16
8.341660 -2.053881 3.362949 30 30 30 456 16
8.343050 -2.114421 3.363509 30 30 30 460 16
8.344440 -2.174980 3.364069 30 30 30 464 16
6.913944 -1.852007 2.787364 68 68 68 468 16
6.748919 -1.856497 2.720833 73 73 73 472 16
6.413720 -1.810567 2.585698 82 82 82 476 16
6.267619 -1.814546 2.526797 86 86 86 480 16
6.128026 -1.818347 2.470520 89 89 89 484 16
5.994517 -1.821983 2.416696 93 93 93 488 16
5.877793 -1.828916 2.369638 96 96 96 492 16
5.878774 -1.871637 2.370034 96 96 96 496 16
5.879755 -1.914374 2.370429 96 96 96 500 16
5.880737 -1.957124 2.370825 96 96 96 504 16
5.881718 -1.999889 2.371221 96 96 96 508 16
5.882700 -2.042668 2.371617 96 96 96 512 16
5.883683 -2.085461 2.372013 96 96 96 516 16
5.884666 -2.128269 2.372409 96 96 96 520 16
5.885648 -2.171090 2.372805 96 96 96 524 16
8.366742 -3.146681 3.373061 29 29 29 528 16
8.368140 -3.207585 3.373624 29 29 29 532 16
8.369539 -3.268509 3.374188 29 29 29 536 16
8.370937 -3.329453 3.374752 29 29 29 540 16
8.372337 -3.390419 3.375316 29 29 29 544 16
8.373736 -3.451404 3.375880 29 29 29 548 16
8.375137 -3.512409 3.376445 29 29 29 552 16
8.376537 -3.573435 3.377010 29 29 29 556 16
8.377939 -3.634482 3.377575 29 29 29 560 16
8.379341 -3.695549 3.378140 29 29 29 564 16
8.380743 -3.756637 3.378705 29 29 29 568 16
8.382145 -3.817744 3.379270 29 29 29 572 16
8.383549 -3.878873 3.379836 29 29 29 576 16
8.384952 -3.940021 3.380402 29 29 29 580 16
8.386355 -4.001191 3.380968 29 29 29 584 16
8.387761 -4.062381 3.381534 29 29 29 588 16
8.216569 -4.038753 3.312518 33 33 33 592 16
7.976350 -3.978227 3.215674 40 40 40 596 16
7.749730 -3.921116 3.124312 46 46 46 600 16
7.535620 -3.867155 3.037993 52 52 52 604 16
7.333024 -3.816095 2.956316 57 57 57 608 16
7.141035 -3.767708 2.878915 62 62 62 612 16
6.958843 -3.721791 2.805465 67 67 67 616 16
6.785716 -3.678158 2.735667 72 72 72 620 16
6.620994 -3.636643 2.669260 76 76 76 624 16
6.464080 -3.597097 2.606000 80 80 80 628 16
6.314432 -3.559381 2.545669 84 84 84 632 16
6.171556 -3.523372 2.488068 88 88 88 636 16
8.012744 4.617878 3.172533 39 39 39 0 20
8.119479 4.620807 3.214792 36 36 36 4 20
8.209758 4.612950 3.250537 33 33 33 8 20
8.211104 4.554461 3.251070 33 33 33 12 20
8.212450 4.495954 3.251603 33 33 33 16 20
8.213797 4.437426 3.252136 33 33 33 20 20
8.215145 4.378880 3.252670 33 33 33 24 20
8.216493 4.320314 3.253204 33 33 33 28 20
8.217840 4.261729 3.253737 33 33 33 32 20
8.219190 4.203126 3.254272 33 33 33 36 20
8.220538 4.144503 3.254806 33 33 33 40 20
8.221887 4.085860 3.255340 33 33 33 44 20
8.223238 4.027198 3.255874 33 33 33 48 20
8.224588 3.968517 3.256409 33 33 33 52 20
8.225938 3.909817 3.256944 33 33 33 56 20
8.227290 3.851098 3.257479 33 33 33 60 20
8.228642 3.792359 3.258014 33 33 33 64 20
8.229994 3.733601 3.258549 33 33 33 68 20
8.231346 3.674823 3.259085 33 33 33 72 20
8.232699 3.616026 3.259621 33 33 33 76 20
8.234054 3.557210 3.260157 33 33 33 80 20
8.235407 3.498375 3.260693 33 33 33 84 20
8.236761 3.439520 3.261229 33 33 33 88 20
8.238116 3.380646 3.261765 33 33 33 92 20
8.239471 3.321752 3.262302 33 33 33 96 20
8.240827 3.262839 3.262839 33 33 33 100 20
8.242184 3.203907 3.263376 33 33 33 104 20
8.243540 3.144955 3.263913 33 33 33 108 20
8.244897 3.085984 3.264450 32 32 32 112 20
8.246254 3.026993 3.264987 32 32 32 116 20
8.247612 2.967983 3.265525 32 32 32 120 20
8.248970 2.908954 3.266063 32 32 32 124 20
8.250330 2.849905 3.266601 32 32 32 128 20
8.251690 2.790837 3.267139 32 32 32 132 20
8.253049 2.731749 3.267678 32 32 32 136 20
8.254409 2.672642 3.268216 32 32 32 140 20
8.255770 2.613515 3.268755 32 32 32 144 20
8.257131 2.554369 3.269294 32 32 32 148 20
8.258492 2.495203 3.269833 32 32 32 152 20
8.259853 2.436018 3.270372 32 32 32 156 20
8.261216 2.376813 3.270911 32 32 32 160 20
8.262579 2.317589 3.271451 32 32 32 164 20
8.263943 2.258345 3.271991 32 32 32 168 20
8.265306 2.199082 3.272531 32 32 32 172 20
8.266670 2.139799 3.273071 32 32 32 176 20
8.268035 2.080496 3.273611 32 32 32 180 20
8.269402 2.021174 3.274152 32 32 32 184 20
8.270766 1.961832 3.274693 32 32 32 188 20
8.272132 1.902471 3.275234 32 32 32 192 20
8.273499 1.843090 3.275774 32 32 32 196 20
8.274865 1.783689 3.276315 32 32 32 200 20
8.276233 1.724269 3.276857 32 32 32 204 20
8.277601 1.664829 3.277399 32 32 32 208 20
8.278969 1.605370 3.277941 32 32 32 212 20
8.280337 1.545891 3.278482 32 32 32 216 20
8.281707 1.486392 3.279024 31 31 31 220 20
8.283077 1.426874 3.279567 31 31 31 224 20
8.284447 1.367335 3.280109 31 31 31 228 20
8.285817 1.307777 3.280652 31 31 31 232 20
8.287189 1.248200 3.281195 31 31 31 236 20
8.288559 1.188602 3.281737 31 31 31 240 20
8.289931 1.128985 3.282280 31 31 31 244 20
8.291304 1.069349 3.282824 31 31 31 248 20
8.292676 1.009692 3.283367 31 31 31 252 20
8.294049 0.950016 3.283911 31 31 31 256 20
8.295424 0.890320 3.284455 31 31 31 260 20
8.296799 0.830604 3.284999 31 31 31 264 20
8.298173 0.770868 3.285543 31 31 31 268 20
8.299547 0.711113 3.286088 31 31 31 272 20
8.300923 0.651338 3.286633 31 31 31 276 20
8.302299 0.591543 3.287177 31 31 31 280 20
8.303675 0.531728 3.287722 31 31 31 284 20
8.305053 0.471893 3.288267 31 31 31 288 20
8.306429 0.412038 3.288813 31 31 31 292 20
8.307807 0.352164 3.289358 31 31 31 296 20
8.309186 0.292270 3.289904 31 31 31 300 20
8.310565 0.232356 3.290450 31 31 31 304 20
8.311943 0.172422 3.290996 31 31 31 308 20
8.313323 0.112468 3.291542 31 31 31 312 20
8.314704 0.052494 3.292089 31 31 31 316 20
8.316084 -0.007500 3.292635 31 31 31 320 20
8.317465 -0.067514 3.293182 31 31 31 324 20
8.318847 -0.127547 3.293729 30 30 30 328 20
8.320229 -0.187601 3.294276 30 30 30 332 20
8.321610 -0.247674 3.294823 30 30 30 336 20
8.322994 -0.307768 3.295371 30 30 30 340 20
8.324378 -0.367881 3.295919 30 30 30 344 20
8.325761 -0.428015 3.296467 30 30 30 348 20
8.327146 -0.488168 3.297015 30 30 30 352 20
8.328530 -0.548342 3.297563 30 30 30 356 20
8.329915 -0.608535 3.298111 30 30 30 360 20
8.331301 -0.668749 3.298660 30 30 30 364 20
8.332687 -0.728982 3.299209 30 30 30 368 20
8.334073 -0.789236 3.299758 30 30 30 372 20
8.335460 -0.849509 3.300307 30 30 30 376 20
8.336848 -0.909803 3.300857 30 30 30 380 20
8.338236 -0.970117 3.301406 30 30 30 384 20
8.339624 -1.030451 3.301956 30 30 30 388 20
8.341013 -1.090805 3.302505 30 30 30 392 20
8.342402 -1.151179 3.303056 30 30 30 396 20
8.343792 -1.211573 3.303606 30 30 30 400 20
8.345182 -1.271987 3.304156 30 30 30 404 20
8.346574 -1.332422 3.304707 30 30 30 408 20
8.347964 -1.392876 3.305258 30 30 30 412 20
8.349356 -1.453351 3.305809 30 30 30 416 20
8.350749 -1.513846 3.306360 30 30 30 420 20
8.352141 -1.574361 3.306912 30 30 30 424 20
8.353534 -1.634896 3.307463 30 30 30 428 20
8.354927 -1.695451 3.308015 30 30 30 432 20
8.356322 -1.756027 3.308567 29 29 29 436 20
8.357716 -1.816623 3.309119 29 29 29 440 20
8.359111 -1.877239 3.309671 29 29 29 444 20
8.360507 -1.937876 3.310224 29 29 29 448 20
8.361902 -1.998532 3.310776 29 29 29 452 20
8.363297 -2.059209 3.311329 29 29 29 456 20
8.364695 -2.119906 3.311882 29 29 29 460 20
8.366092 -2.180624 3.312435 29 29 29 464 20
8.367489 -2.241361 3.312989 29 29 29 468 20
8.368889 -2.302119 3.313542 29 29 29 472 20
8.370286 -2.362898 3.314096 29 29 29 476 20
8.371685 -2.423696 3.314650 29 29 29 480 20
8.373085 -2.484515 3.315204 29 29 29 484 20
8.374485 -2.545354 3.315758 29 29 29 488 20
8.375886 -2.606214 3.316313 29 29 29 492 20
8.377287 -2.667094 3.316868 29 29 29 496 20
8.378689 -2.727995 3.317423 29 29 29 500 20
8.380091 -2.788915 3.317978 29 29 29 504 20
8.381492 -2.849856 3.318533 29 29 29 508 20
8.382895 -2.910818 3.319088 29 29 29 512 20
8.384298 -2.971800 3.319644 29 29 29 516 20
8.385702 -3.032802 3.320199 29 29 29 520 20
8.387106 -3.093825 3.320755 29 29 29 524 20
8.388512 -3.154868 3.321312 29 29 29 528 20
8.389917 -3.215932 3.321868 29 29 29 532 20
8.391322 -3.277016 3.322425 29 29 29 536 20
8.392729 -3.338121 3.322982 28 28 28 540 20
8.394135 -3.399246 3.323539 28 28 28 544 20
8.395542 -3.460391 3.324095 28 28 28 548 20
8.396951 -3.521558 3.324653 28 28 28 552 20
8.398358 -3.582744 3.325211 28 28 28 556 20
8.399766 -3.643951 3.325768 28 28 28 560 20
8.401175 -3.705179 3.326326 28 28 28 564 20
8.402585 -3.766427 3.326884 28 28 28 568 20
8.403995 -3.827696 3.327442 28 28 28 572 20
8.405405 -3.888985 3.328001 28 28 28 576 20
8.406816 -3.950295 3.328560 28 28 28 580 20
8.408227 -4.011625 3.329118 28 28 28 584 20
8.409639 -4.072977 3.329677 28 28 28 588 20
8.411052 -4.134348 3.330236 28 28 28 592 20
8.412464 -4.195740 3.330796 28 28 28 596 20
8.413877 -4.257154 3.331355 28 28 28 600 20
8.415292 -4.318587 3.331915 28 28 28 604 20
8.416706 -4.380042 3.332475 28 28 28 608 20
8.418119 -4.441516 3.333035 28 28 28 612 20
8.383152 -4.483552 3.319189 29 29 29 616 20
8.276940 -4.486467 3.277136 32 32 32 620 20
8.173385 -4.489308 3.236134 34 34 34 624 20
8.072388 -4.492079 3.196146 37 37 37 628 20
7.973859 -4.494783 3.157135 40 40 40 632 20
7.877705 -4.497422 3.119064 42 42 42 636 20
8.016021 4.619767 3.115992 39 39 39 0 24
8.122843 4.622722 3.157516 36 36 36 4 24
8.230717 4.624726 3.199449 33 33 33 8 24
8.232069 4.566090 3.199975 33 33 33 12 24
8.233423 4.507435 3.200501 33 33 33 16 24
8.234776 4.448760 3.201027 33 33 33 20 24
8.236131 4.390066 3.201553 33 33 33 24 24
8.237486 4.331353 3.202080 33 33 33 28 24
8.238841 4.272620 3.202607 33 33 33 32 24
8.240195 4.213868 3.203134 33 33 33 36 24
8.241552 4.155097 3.203661 33 33 33 40 24
8.242908 4.096306 3.204188 33 33 33 44 24
8.244265 4.037496 3.204715 32 32 32 48 24
8.245623 3.978667 3.205243 32 32 32 52 24
8.246980 3.919818 3.205771 32 32 32 56 24
8.248338 3.860950 3.206299 32 32 32 60 24
8.249697 3.802063 3.206827 32 32 32 64 24
8.251056 3.743156 3.207355 32 32 32 68 24
8.252416 3.684229 3.207884 32 32 32 72 24
8.253776 3.625283 3.208412 32 32 32 76 24
8.255136 3.566319 3.208941 32 32 32 80 24
8.256496 3.507334 3.209470 32 32 32 84 24
8.257858 3.448329 3.209999 32 32 32 88 24
8.259220 3.389306 3.210529 32 32 32 92 24
8.260582 3.330263 3.211058 32 32 32 96 24
8.261945 3.271200 3.211588 32 32 32 100 24
8.263309 3.212119 3.212118 32 32 32 104 24
8.264672 3.153017 3.212648 32 32 32 108 24
8.266036 3.093896 3.213178 32 32 32 112 24
8.267400 3.034755 3.213708 32 32 32 116 24
8.268765 2.975596 3.214239 32 32 32 120 24
8.270130 2.916416 3.214770 32 32 32 124 24
8.271496 2.857217 3.215301 32 32 32 128 24
8.272861 2.797998 3.215832 32 32 32 132 24
8.274229 2.738760 3.216363 32 32 32 136 24
8.275596 2.679502 3.216895 32 32 32 140 24
8.276963 2.620225 3.217426 32 32 32 144 24
8.278333 2.560928 3.217958 32 32 32 148 24
8.279699 2.501611 3.218490 32 32 32 152 24
8.281069 2.442275 3.219022 31 31 31 156 24
8.282439 2.382919 3.219554 31 31 31 160 24
8.283809 2.323544 3.220087 31 31 31 164 24
8.285179 2.264148 3.220620 31 31 31 168 24
8.286550 2.204734 3.221153 31 31 31 172 24
8.287921 2.145299 3.221685 31 31 31 176 24
8.289292 2.085845 3.222219 31 31 31 180 24
8.290665 2.026371 3.222752 31 31 31 184 24
8.292038 1.966878 3.223286 31 31 31 188 24
8.293410 1.907364 3.223819 31 31 31 192 24
8.294784 1.847832 3.224353 31 31 31 196 24
8.296159 1.788279 3.224888 31 31 31 200 24
8.297533 1.728707 3.225422 31 31 31 204 24
8.298907 1.669115 3.225956 31 31 31 208 24
8.300283 1.609503 3.226491 31 31 31 212 24
8.301659 1.549871 3.227026 31 31 31 216 24
8.303034 1.490220 3.227560 31 31 31 220 24
8.304411 1.430549 3.228096 31 31 31 224 24
8.305788 1.370858 3.228631 31 31 31 228 24
8.307166 1.311147 3.229167 31 31 31 232 24
8.308544 1.251416 3.229702 31 31 31 236 24
8.309923 1.191666 3.230238 31 31 31 240 24
8.311302 1.131896 3.230774 31 31 31 244 24
8.312681 1.072106 3.231310 31 31 31 248 24
8.314061 1.012296 3.231847 31 31 31 252 24
8.315442 0.952466 3.232383 31 31 31 256 24
8.316822 0.892616 3.232920 31 31 31 260 24
8.318203 0.832747 3.233457 30 30 30 264 24
8.319586 0.772857 3.233994 30 30 30 268 24
8.320967 0.712948 3.234531 30 30 30 272 24
8.322350 0.653019 3.235069 30 30 30 276 24
8.323733 0.593070 3.235607 30 30 30 280 24
8.325116 0.533101 3.236144 30 30 30 284 24
8.326501 0.473112 3.236682 30 30 30 288 24
8.327886 0.413103 3.237221 30 30 30 292 24
8.329270 0.353074 3.237759 30 30 30 296 24
8.330655 0.293025 3.238297 30 30 30 300 24
8.332042 0.232956 3.238836 30 30 30 304 24
8.333427 0.172867 3.239375 30 30 30 308 24
8.334814 0.112758 3.239914 30 30 30 312 24
8.336203 0.052630 3.240453 30 30 30 316 24
8.337590 -0.007519 3.240993 30 30 30 320 24
8.338977 -0.067688 3.241532 30 30 30 324 24
8.340366 -0.127877 3.242072 30 30 30 328 24
8.341756 -0.188086 3.242612 30 30 30 332 24
8.343145 -0.248315 3.243152 30 30 30 336 24
8.344535 -0.308564 3.243693 30 30 30 340 24
8.345926 -0.368834 3.244233 30 30 30 344 24
8.347317 -0.429123 3.244774 30 30 30 348 24
8.348708 -0.489432 3.245315 30 30 30 352 24
8.350101 -0.549762 3.245856 30 30 30 356 24
8.351492 -0.610111 3.246397 30 30 30 360 24
8.352884 -0.670481 3.246938 30 30 30 364 24
8.354279 -0.730871 3.247480 30 30 30 368 24
8.355673 -0.791281 3.248022 29 29 29 372 24
8.357066 -0.851711 3.248564 29 29 29 376 24
8.358461 -0.912162 3.249105 29 29 29 380 24
8.359857 -0.972632 3.249648 29 29 29 384 24
8.361252 -1.033123 3.250190 29 29 29 388 24
8.362648 -1.093634 3.250733 29 29 29 392 24
8.364044 -1.154165 3.251276 29 29 29 396 24
8.365441 -1.214716 3.251819 29 29 29 400 24
8.366838 -1.275288 3.252362 29 29 29 404 24
8.368237 -1.335880 3.252906 29 29 29 408 24
8.369636 -1.396492 3.253449 29 29 29 412 24
8.371034 -1.457124 3.253993 29 29 29 416 24
8.372434 -1.517777 3.254537 29 29 29 420 24
8.373834 -1.578450 3.255081 29 29 29 424 24
8.375234 -1.639143 3.255625 29 29 29 428 24
8.376635 -1.699857 3.256170 29 29 29 432 24
8.378036 -1.760591 3.256715 29 29 29 436 24
8.379437 -1.821345 3.257259 29 29 29 440 24
8.380839 -1.882119 3.257805 29 29 29 444 24
8.382243 -1.942914 3.258350 29 29 29 448 24
8.383645 -2.003729 3.258895 29 29 29 452 24
8.385048 -2.064564 3.259441 29 29 29 456 24
8.386454 -2.125421 3.259987 29 29 29 460 24
8.387858 -2.186297 3.260533 29 29 29 464 24
8.389263 -2.247194 3.261079 29 29 29 468 24
8.390668 -2.308111 3.261625 29 29 29 472 24
8.392075 -2.369048 3.262172 29 29 29 476 24
8.393480 -2.430006 3.262718 28 28 28 480 24
8.394886 -2.490984 3.263265 28 28 28 484 24
8.396295 -2.551983 3.263812 28 28 28 488 24
8.397702 -2.613003 3.264359 28 28 28 492 24
8.399110 -2.674042 3.264907 28 28 28 496 24
8.400519 -2.735103 3.265455 28 28 28 500 24
8.401929 -2.796183 3.266002 28 28 28 504 24
8.403339 -2.857285 3.266551 28 28 28 508 24
8.404748 -2.918406 3.267098 28 28 28 512 24
8.406159 -2.979548 3.267647 28 28 28 516 24
8.407570 -3.040711 3.268195 28 28 28 520 24
8.408981 -3.101894 3.268744 28 28 28 524 24
8.410394 -3.163098 3.269293 28 28 28 528 24
8.411806 -3.224322 3.269842 28 28 28 532 24
8.413219 -3.285567 3.270391 28 28 28 536 24
8.414633 -3.346833 3.270941 28 28 28 540 24
8.416047 -3.408119 3.271491 28 28 28 544 24
8.417461 -3.469426 3.272040 28 28 28 548 24
8.418876 -3.530753 3.272590 28 28 28 552 24
8.420292 -3.592101 3.273141 28 28 28 556 24
8.421708 -3.653470 3.273691 28 28 28 560 24
8.423124 -3.714859 3.274241 28 28 28 564 24
8.424541 -3.776269 3.274792 28 28 28 568 24
8.425959 -3.837699 3.275343 28 28 28 572 24
8.427376 -3.899150 3.275894 28 28 28 576 24
8.428794 -3.960622 3.276445 28 28 28 580 24
8.430214 -4.022115 3.276997 27 27 27 584 24
8.431632 -4.083628 3.277549 27 27 27 588 24
8.433051 -4.145162 3.278100 27 27 27 592 24
8.434473 -4.206717 3.278653 27 27 27 596 24
8.435893 -4.268292 3.279205 27 27 27 600 24
8.437313 -4.329889 3.279757 27 27 27 604 24
8.438735 -4.391505 3.280308 27 27 27 608 24
8.440157 -4.453142 3.280861 27 27 27 612 24
8.379805 -4.481762 3.257401 29 29 29 616 24
8.273676 -4.484698 3.216147 32 32 32 620 24
8.170202 -4.487560 3.175924 34 34 34 624 24
8.069284 -4.490352 3.136695 37 37 37 628 24
7.970829 -4.493076 3.098424 40 40 40 632 24
7.874749 -4.495734 3.061075 42 42 42 636 24
8.019300 4.621656 3.059406 39 39 39 0 28
8.126210 4.624638 3.100193 36 36 36 4 28
8.236011 4.627701 3.142082 33 33 33 8 28
8.253141 4.577778 3.148618 32 32 32 12 28
8.254502 4.518975 3.149137 32 32 32 16 28
8.255863 4.460152 3.149656 32 32 32 20 28
8.257224 4.401309 3.150175 32 32 32 24 28
8.258586 4.342448 3.150695 32 32 32 28 28
8.259948 4.283566 3.151214 32 32 32 32 28
8.261310 4.224665 3.151734 32 32 32 36 28
8.262673 4.165746 3.152254 32 32 32 40 28
8.264037 4.106806 3.152774 32 32 32 44 28
8.265401 4.047847 3.153295 32 32 32 48 28
8.266765 3.988868 3.153815 32 32 32 52 28
8.268129 3.929870 3.154335 32 32 32 56 28
8.269494 3.870853 3.154856 32 32 32 60 28
8.270860 3.811816 3.155377 32 32 32 64 28
8.272226 3.752760 3.155899 32 32 32 68 28
8.273592 3.693683 3.156420 32 32 32 72 28
8.274959 3.634588 3.156941 32 32 32 76 28
8.276327 3.575473 3.157463 32 32 32 80 28
8.277696 3.516339 3.157985 32 32 32 84 28
8.279063 3.457184 3.158507 32 32 32 88 28
8.280432 3.398011 3.159029 32 32 32 92 28
8.281801 3.338817 3.159551 31 31 31 96 28
8.283172 3.279605 3.160074 31 31 31 100 28
8.284540 3.220372 3.160596 31 31 31 104 28
8.285912 3.161120 3.161120 31 31 31 108 28
8.287282 3.101848 3.161643 31 31 31 112 28
8.288653 3.042557 3.162166 31 31 31 116 28
8.290026 2.983246 3.162689 31 31 31 120 28
8.291398 2.923916 3.163213 31 31 31 124 28
8.292771 2.864566 3.163737 31 31 31 128 28
8.294145 2.805196 3.164260 31 31 31 132 28
8.295519 2.745807 3.164785 31 31 31 136 28
8.296893 2.686398 3.165309 31 31 31 140 28
8.298267 2.626969 3.165833 31 31 31 144 28
8.299643 2.567520 3.166358 31 31 31 148 28
8.301018 2.508052 3.166883 31 31 31 152 28
8.302394 2.448564 3.167408 31 31 31 156 28
8.303770 2.389056 3.167933 31 31 31 160 28
8.305148 2.329529 3.168458 31 31 31 164 28
8.306524 2.269982 3.168983 31 31 31 168 28
8.307902 2.210415 3.169509 31 31 31 172 28
8.309281 2.150828 3.170035 31 31 31 176 28
8.310659 2.091222 3.170561 31 31 31 180 28
8.312038 2.031595 3.171087 31 31 31 184 28
8.313418 1.971949 3.171614 31 31 31 188 28
8.314798 1.912283 3.172140 31 31 31 192 28
8.316178 1.852598 3.172667 31 31 31 196 28
8.317560 1.792893 3.173194 31 31 31 200 28
8.318942 1.733167 3.173721 30 30 30 204 28
8.320324 1.673422 3.174248 30 30 30 208 28
8.321706 1.613657 3.174775 30 30 30 212 28
8.323090 1.553872 3.175303 30 30 30 216 28
8.324472 1.494068 3.175831 30 30 30 220 28
8.325856 1.434243 3.176359 30 30 30 224 28
8.327241 1.374398 3.176887 30 30 30 228 28
8.328626 1.314534 3.177415 30 30 30 232 28
8.330010 1.254650 3.177943 30 30 30 236 28
8.331396 1.194745 3.178472 30 30 30 240 28
8.332783 1.134821 3.179001 30 30 30 244 28
8.334168 1.074877 3.179530 30 30 30 248 28
8.335556 1.014913 3.180059 30 30 30 252 28
8.336944 0.954929 3.180589 30 30 30 256 28
8.338331 0.894925 3.181118 30 30 30 260 28
8.339720 0.834901 3.181648 30 30 30 264 28
8.341110 0.774857 3.182178 30 30 30 268 28
8.342499 0.714793 3.182708 30 30 30 272 28
8.343888 0.654709 3.183238 30 30 30 276 28
8.345279 0.594605 3.183769 30 30 30 280 28
8.346670 0.534481 3.184299 30 30 30 284 28
8.348061 0.474337 3.184830 30 30 30 288 28
8.349452 0.414173 3.185361 30 30 30 292 28
8.350845 0.353988 3.185892 30 30 30 296 28
8.352236 0.293784 3.186423 30 30 30 300 28
8.353629 0.233560 3.186954 30 30 30 304 28
8.355023 0.173315 3.187486 30 30 30 308 28
8.356418 0.113051 3.188018 29 29 29 312 28
8.357812 0.052766 3.188550 29 29 29 316 28
8.359206 -0.007539 3.189082 29 29 29 320 28
8.360602 -0.067864 3.189615 29 29 29 324 28
8.361998 -0.128209 3.190147 29 29 29 328 28
8.363395 -0.188574 3.190680 29 29 29 332 28
8.364791 -0.248959 3.191212 29 29 29 336 28
8.366188 -0.309365 3.191746 29 29 29 340 28
8.367586 -0.369791 3.192279 29 29 29 344 28
8.368985 -0.430237 3.192812 29 29 29 348 28
8.370382 -0.490703 3.193346 29 29 29 352 28
8.371782 -0.551189 3.193880 29 29 29 356 28
8.373182 -0.611696 3.194414 29 29 29 360 28
8.374581 -0.672223 3.194948 29 29 29 364 28
8.375982 -0.732770 3.195482 29 29 29 368 28
8.377383 -0.793337 3.196017 29 29 29 372 28
8.378785 -0.853925 3.196551 29 29 29 376 28
8.380187 -0.914533 3.197086 29 29 29 380 28
8.381589 -0.975161 3.197621 29 29 29 384 28
8.382993 -1.035809 3.198157 29 29 29 388 28
8.384396 -1.096478 3.198692 29 29 29 392 28
8.385799 -1.157167 3.199227 29 29 29 396 28
8.387204 -1.217877 3.199763 29 29 29 400 28
8.388609 -1.278606 3.200299 29 29 29 404 28
8.390014 -1.339356 3.200835 29 29 29 408 28
8.391419 -1.400127 3.201371 29 29 29 412 28
8.392826 -1.460918 3.201908 28 28 28 416 28
8.394232 -1.521729 3.202444 28 28 28 420 28
8.395639 -1.582560 3.202981 28 28 28 424 28
8.397047 -1.643412 3.203518 28 28 28 428 28
8.398455 -1.704284 3.204055 28 28 28 432 28
8.399863 -1.765177 3.204593 28 28 28 436 28
8.401273 -1.826091 3.205131 28 28 28 440 28
8.402682 -1.887024 3.205668 28 28 28 444 28
8.404092 -1.947978 3.206206 28 28 28 448 28
8.405502 -2.008953 3.206744 28 28 28 452 28
8.406913 -2.069948 3.207282 28 28 28 456 28
8.408324 -2.130964 3.207821 28 28 28 460 28
8.409737 -2.191999 3.208359 28 28 28 464 28
8.411148 -2.253056 3.208898 28 28 28 468 28
8.412560 -2.314133 3.209437 28 28 28 472 28
8.413975 -2.375231 3.209976 28 28 28 476 28
8.415389 -2.436349 3.210516 28 28 28 480 28
8.416802 -2.497488 3.211055 28 28 28 484 28
8.418218 -2.558647 3.211595 28 28 28 488 28
8.419633 -2.619826 3.212135 28 28 28 492 28
8.421048 -2.681026 3.212675 28 28 28 496 28
8.422463 -2.742247 3.213215 28 28 28 500 28
8.423882 -2.803489 3.213756 28 28 28 504 28
8.425298 -2.864751 3.214296 28 28 28 508 28
8.426715 -2.926033 3.214837 28 28 28 512 28
8.428134 -2.987337 3.215378 28 28 28 516 28
8.429553 -3.048661 3.215919 27 27 27 520 28
8.430971 -3.110006 3.216460 27 27 27 524 28
8.432391 -3.171371 3.217002 27 27 27 528 28
8.433811 -3.232757 3.217544 27 27 27 532 28
8.435231 -3.294163 3.218086 27 27 27 536 28
8.436652 -3.355591 3.218627 27 27 27 540 28
8.438073 -3.417039 3.219170 27 27 27 544 28
8.439495 -3.478508 3.219712 27 27 27 548 28
8.440918 -3.539997 3.220255 27 27 27 552 28
8.442341 -3.601507 3.220798 27 27 27 556 28
8.443765 -3.663038 3.221341 27 27 27 560 28
8.445187 -3.724589 3.221884 27 27 27 564 28
8.446612 -3.786162 3.222427 27 27 27 568 28
8.448037 -3.847755 3.222971 27 27 27 572 28
8.449461 -3.909369 3.223514 27 27 27 576 28
8.450887 -3.971004 3.224058 27 27 27 580 28
8.452313 -4.032660 3.224602 27 27 27 584 28
8.453740 -4.094336 3.225147 27 27 27 588 28
8.455167 -4.156033 3.225691 27 27 27 592 28
8.456594 -4.217751 3.226236 27 27 27 596 28
8.458023 -4.279490 3.226781 27 27 27 600 28
8.459451 -4.341249 3.227324 27 27 27 604 28
8.460880 -4.403029 3.227870 27 27 27 608 28
8.462310 -4.464831 3.228415 27 27 27 612 28
8.376459 -4.479973 3.195662 29 29 29 616 28
8.270415 -4.482930 3.155206 32 32 32 620 28
8.167022 -4.485814 3.115761 35 35 35 624 28
8.066182 -4.488626 3.077290 37 37 37 628 28
7.967803 -4.491370 3.039758 40 40 40 632 28
7.871794 -4.494047 3.003130 43 43 43 636 28
8.022581 4.623548 3.002773 38 38 38 0 32
8.129580 4.626556 3.042822 36 36 36 4 32
8.239472 4.629646 3.083953 33 33 33 8 32
8.274323 4.589527 3.096997 32 32 32 12 32
8.275690 4.530575 3.097509 32 32 32 16 32
8.277058 4.471602 3.098021 32 32 32 20 32
8.278426 4.412611 3.098533 32 32 32 24 32
8.279795 4.353600 3.099045 32 32 32 28 32
8.281163 4.294569 3.099558 31 31 31 32 32
8.282534 4.235518 3.100070 31 31 31 36 32
8.283902 4.176449 3.100583 31 31 31 40 32
8.285274 4.117360 3.101096 31 31 31 44 32
8.286644 4.058251 3.101609 31 31 31 48 32
8.288015 3.999122 3.102122 31 31 31 52 32
8.289388 3.939974 3.102636 31 31 31 56 32
8.290760 3.880807 3.103149 31 31 31 60 32
8.292132 3.821620 3.103663 31 31 31 64 32
8.293505 3.762413 3.104177 31 31 31 68 32
8.294879 3.703187 3.104691 31 31 31 72 32
8.296252 3.643940 3.105205 31 31 31 76 32
8.297627 3.584675 3.105720 31 31 31 80 32
8.299002 3.525390 3.106234 31 31 31 84 32
8.300378 3.466085 3.106749 31 31 31 88 32
8.301753 3.406760 3.107264 31 31 31 92 32
8.303130 3.347416 3.107780 31 31 31 96 32
8.304507 3.288052 3.108295 31 31 31 100 32
8.305883 3.228669 3.108810 31 31 31 104 32
8.307261 3.169265 3.109326 31 31 31 108 32
8.308640 3.109842 3.109842 31 31 31 112 32
8.310018 3.050399 3.110357 31 31 31 116 32
8.311397 2.990937 3.110873 31 31 31 120 32
8.312776 2.931455 3.111390 31 31 31 124 32
8.314156 2.871953 3.111906 31 31 31 128 32
8.315536 2.812431 3.112423 31 31 31 132 32
8.316917 2.752890 3.112940 31 31 31 136 32
8.318299 2.693329 3.113457 30 30 30 140 32
8.319680 2.633747 3.113974 30 30 30 144 32
8.321063 2.574147 3.114491 30 30 30 148 32
8.322446 2.514526 3.115009 30 30 30 152 32
8.323829 2.454886 3.115527 30 30 30 156 32
8.325212 2.395225 3.116044 30 30 30 160 32
8.326596 2.335545 3.116563 30 30 30 164 32
8.327981 2.275845 3.117081 30 30 30 168 32
8.329365 2.216125 3.117599 30 30 30 172 32
8.330751 2.156386 3.118118 30 30 30 176 32
8.332136 2.096626 3.118636 30 30 30 180 32
8.333523 2.036846 3.119155 30 30 30 184 32
8.334910 1.977047 3.119674 30 30 30 188 32
8.336298 1.917228 3.120194 30 30 30 192 32
8.337686 1.857389 3.120713 30 30 30 196 32
8.339073 1.797530 3.121233 30 30 30 200 32
8.340463 1.737651 3.121753 30 30 30 204 32
8.341851 1.677752 3.122272 30 30 30 208 32
8.343241 1.617833 3.122792 30 30 30 212 32
8.344631 1.557894 3.123313 30 30 30 216 32
8.346022 1.497935 3.123833 30 30 30 220 32
8.347412 1.437956 3.124354 30 30 30 224 32
8.348804 1.377957 3.124875 30 30 30 228 32
8.350197 1.317939 3.125396 30 30 30 232 32
8.351589 1.257900 3.125917 30 30 30 236 32
8.352982 1.197841 3.126438 30 30 30 240 32
8.354375 1.137762 3.126960 30 30 30 244 32
8.355768 1.077663 3.127481 29 29 29 248 32
8.357162 1.017544 3.128003 29 29 29 252 32
8.358558 0.957405 3.128525 29 29 29 256 32
8.359953 0.897245 3.129048 29 29 29 260 32
8.361348 0.837066 3.129570 29 29 29 264 32
8.362744 0.776867 3.130093 29 29 29 268 32
8.364141 0.716647 3.130615 29 29 29 272 32
8.365538 0.656408 3.131138 29 29 29 276 32
8.366935 0.596148 3.131661 29 29 29 280 32
8.368334 0.535868 3.132185 29 29 29 284 32
8.369732 0.475568 3.132708 29 29 29 288 32
8.371130 0.415248 3.133231 29 29 29 292 32
8.372530 0.354908 3.133755 29 29 29 296 32
8.373930 0.294547 3.134279 29 29 29 300 32
8.375330 0.234166 3.134803 29 29 29 304 32
8.376731 0.173766 3.135327 29 29 29 308 32
8.378133 0.113344 3.135852 29 29 29 312 32
8.379534 0.052903 3.136377 29 29 29 316 32
8.380936 -0.007558 3.136901 29 29 29 320 32
8.382339 -0.068040 3.137427 29 29 29 324 32
8.383742 -0.128542 3.137952 29 29 29 328 32
8.385146 -0.189065 3.138477 29 29 29 332 32
8.386550 -0.249607 3.139003 29 29 29 336 32
8.387954 -0.310170 3.139528 29 29 29 340 32
8.389359 -0.370753 3.140054 29 29 29 344 32
8.390765 -0.431357 3.140580 29 29 29 348 32
8.392171 -0.491980 3.141106 29 29 29 352 32
8.393577 -0.552624 3.141633 28 28 28 356 32
8.394984 -0.613289 3.142160 28 28 28 360 32
8.396392 -0.673973 3.142686 28 28 28 364 32
8.397799 -0.734679 3.143213 28 28 28 368 32
8.399208 -0.795404 3.143740 28 28 28 372 32
8.400617 -0.856150 3.144268 28 28 28 376 32
8.402026 -0.916916 3.144795 28 28 28 380 32
8.403436 -0.977702 3.145323 28 28 28 384 32
8.404845 -1.038509 3.145851 28 28 28 388 32
8.406257 -1.099337 3.146379 28 28 28 392 32
8.407667 -1.160185 3.146907 28 28 28 396 32
8.409080 -1.221053 3.147435 28 28 28 400 32
8.410492 -1.281942 3.147964 28 28 28 404 32
8.411903 -1.342851 3.148492 28 28 28 408 32
8.413317 -1.403780 3.149021 28 28 28 412 32
8.414731 -1.464731 3.149551 28 28 28 416 32
8.416144 -1.525701 3.150080 28 28 28 420 32
8.417559 -1.586692 3.150609 28 28 28 424 32
8.418974 -1.647704 3.151139 28 28 28 428 32
8.420389 -1.708736 3.151668 28 28 28 432 32
8.421804 -1.769788 3.152198 28 28 28 436 32
8.423222 -1.830862 3.152729 28 28 28 440 32
8.424639 -1.891955 3.153259 28 28 28 444 32
8.426055 -1.953069 3.153789 28 28 28 448 32
8.427473 -2.014204 3.154320 28 28 28 452 32
8.428892 -2.075360 3.154851 28 28 28 456 32
8.430310 -2.136536 3.155382 27 27 27 460 32
8.431729 -2.197732 3.155913 27 27 27 464 32
8.433150 -2.258950 3.156445 27 27 27 468 32
8.434569 -2.320187 3.156976 27 27 27 472 32
8.435989 -2.381445 3.157507 27 27 27 476 32
8.437411 -2.442724 3.158040 27 27 27 480 32
8.438833 -2.504025 3.158572 27 27 27 484 32
8.440255 -2.565345 3.159104 27 27 27 488 32
8.441678 -2.626686 3.159637 27 27 27 492 32
8.443102 -2.688048 3.160169 27 27 27 496 32
8.444524 -2.749430 3.160702 27 27 27 500 32
8.445949 -2.810833 3.161235 27 27 27 504 32
8.447373 -2.872257 3.161768 27 27 27 508 32
8.448798 -2.933702 3.162302 27 27 27 512 32
8.450223 -2.995167 3.162835 27 27 27 516 32
8.451650 -3.056653 3.163369 27 27 27 520 32
8.453075 -3.118160 3.163903 27 27 27 524 32
8.454502 -3.179687 3.164437 27 27 27 528 32
8.455930 -3.241235 3.164971 27 27 27 532 32
8.457358 -3.302804 3.165505 27 27 27 536 32
8.458785 -3.364394 3.166040 27 27 27 540 32
8.460215 -3.426005 3.166575 27 27 27 544 32
8.461645 -3.487637 3.167110 27 27 27 548 32
8.463074 -3.549289 3.167645 27 27 27 552 32
8.464504 -3.610962 3.168180 27 27 27 556 32
8.465936 -3.672656 3.168716 27 27 27 560 32
8.467366 -3.734371 3.169252 26 26 26 564 32
8.468798 -3.796107 3.169787 26 26 26 568 32
8.470230 -3.857863 3.170324 26 26 26 572 32
8.471663 -3.919641 3.170860 26 26 26 576 32
8.473096 -3.981440 3.171396 26 26 26 580 32
8.474530 -4.043259 3.171933 26 26 26 584 32
8.475965 -4.105100 3.172470 26 26 26 588 32
8.477400 -4.166961 3.173007 26 26 26 592 32
8.478834 -4.228843 3.173544 26 26 26 596 32
8.480269 -4.290745 3.174080 26 26 26 600 32
8.481707 -4.352670 3.174618 26 26 26 604 32
8.483142 -4.414614 3.175155 26 26 26 608 32
8.481829 -4.475129 3.174663 26 26 26 612 32
8.373116 -4.478185 3.133974 29 29 29 616 32
8.267157 -4.481164 3.094314 32 32 32 620 32
8.163845 -4.484068 3.055645 35 35 35 624 32
8.063083 -4.486901 3.017931 37 37 37 628 32
7.964779 -4.489665 2.981137 40 40 40 632 32
7.868843 -4.492362 2.945229 43 43 43 636 32
8.025866 4.625441 2.946094 38 38 38 0 36
8.132953 4.628476 2.985403 35 35 35 4 36
8.242937 4.631593 3.025775 33 33 33 8 36
8.295613 4.601336 3.045111 31 31 31 12 36
8.296987 4.542233 3.045616 31 31 31 16 36
8.298362 4.483112 3.046120 31 31 31 20 36
8.299738 4.423970 3.046625 31 31 31 24 36
8.301112 4.364809 3.047130 31 31 31 28 36
8.302488 4.305628 3.047635 31 31 31 32 36
8.303865 4.246428 3.048141 31 31 31 36 36
8.305243 4.187208 3.048646 31 31 31 40 36
8.306620 4.127967 3.049152 31 31 31 44 36
8.307998 4.068708 3.049658 31 31 31 48 36
8.309376 4.009429 3.050163 31 31 31 52 36
8.310755 3.950130 3.050669 31 31 31 56 36
8.312134 3.890812 3.051176 31 31 31 60 36
8.313513 3.831474 3.051682 31 31 31 64 36
8.314894 3.772116 3.052189 31 31 31 68 36
8.316275 3.712739 3.052696 31 31 31 72 36
8.317656 3.653341 3.053203 31 31 31 76 36
8.319037 3.593925 3.053710 30 30 30 80 36
8.320418 3.534487 3.054217 30 30 30 84 36
8.321801 3.475031 3.054725 30 30 30 88 36
8.323184 3.415555 3.055232 30 30 30 92 36
8.324568 3.356059 3.055740 30 30 30 96 36
8.325952 3.296543 3.056248 30 30 30 100 36
8.327336 3.237008 3.056756 30 30 30 104 36
8.328721 3.177452 3.057264 30 30 30 108 36
8.330107 3.117877 3.057773 30 30 30 112 36
8.331492 3.058282 3.058282 30 30 30 116 36
8.332877 2.998667 3.058790 30 30 30 120 36
8.334265 2.939033 3.059299 30 30 30 124 36
8.335651 2.879378 3.059808 30 30 30 128 36
8.337040 2.819704 3.060318 30 30 30 132 36
8.338427 2.760010 3.060827 30 30 30 136 36
8.339816 2.700295 3.061337 30 30 30 140 36
8.341205 2.640562 3.061847 30 30 30 144 36
8.342594 2.580807 3.062357 30 30 30 148 36
8.343985 2.521034 3.062867 30 30 30 152 36
8.345375 2.461240 3.063378 30 30 30 156 36
8.346765 2.401426 3.063888 30 30 30 160 36
8.348156 2.341593 3.064398 30 30 30 164 36
8.349548 2.281739 3.064909 30 30 30 168 36
8.350940 2.221865 3.065420 30 30 30 172 36
8.352333 2.161972 3.065931 30 30 30 176 36
8.353725 2.102059 3.066443 30 30 30 180 36
8.355120 2.042125 3.066955 29 29 29 184 36
8.356513 1.982172 3.067466 29 29 29 188 36
8.357908 1.922198 3.067978 29 29 29 192 36
8.359303 1.862205 3.068490 29 29 29 196 36
8.360698 1.802191 3.069002 29 29 29 200 36
8.362094 1.742157 3.069515 29 29 29 204 36
8.363491 1.682104 3.070027 29 29 29 208 36
8.364887 1.622030 3.070540 29 29 29 212 36
8.366285 1.561936 3.071053 29 29 29 216 36
8.367682 1.501823 3.071566 29 29 29 220 36
8.369081 1.441689 3.072079 29 29 29 224 36
8.370479 1.381535 3.072592 29 29 29 228 36
8.371879 1.321361 3.073106 29 29 29 232 36
8.373278 1.261166 3.073620 29 29 29 236 36
8.374678 1.200952 3.074134 29 29 29 240 36
8.376079 1.140718 3.074648 29 29 29 244 36
8.377481 1.080463 3.075162 29 29 29 248 36
8.378881 1.020188 3.075676 29 29 29 252 36
8.380283 0.959893 3.076191 29 29 29 256 36
8.381686 0.899578 3.076706 29 29 29 260 36
8.383089 0.839243 3.077221 29 29 29 264 36
8.384492 0.778887 3.077736 29 29 29 268 36
8.385896 0.718511 3.078252 29 29 29 272 36
8.387300 0.658115 3.078767 29 29 29 276 36
8.388705 0.597699 3.079283 29 29 29 280 36
8.390111 0.537263 3.079799 29 29 29 284 36
8.391517 0.476806 3.080315 29 29 29 288 36
8.392922 0.416329 3.080831 28 28 28 292 36
8.394329 0.355832 3.081347 28 28 28 296 36
8.395737 0.295314 3.081864 28 28 28 300 36
8.397143 0.234776 3.082381 28 28 28 304 36
8.398552 0.174218 3.082897 28 28 28 308 36
8.399961 0.113640 3.083415 28 28 28 312 36
8.401369 0.053041 3.083932 28 28 28 316 36
8.402779 -0.007578 3.084449 28 28 28 320 36
8.404189 -0.068218 3.084967 28 28 28 324 36
8.405600 -0.128877 3.085485 28 28 28 328 36
8.407010 -0.189558 3.086002 28 28 28 332 36
8.408422 -0.250258 3.086520 28 28 28 336 36
8.409835 -0.310979 3.087039 28 28 28 340 36
8.411246 -0.371720 3.087557 28 28 28 344 36
8.412659 -0.432482 3.088076 28 28 28 348 36
8.414073 -0.493264 3.088595 28 28 28 352 36
8.415486 -0.554067 3.089113 28 28 28 356 36
8.416900 -0.614890 3.089633 28 28 28 360 36
8.418315 -0.675733 3.090152 28 28 28 364 36
8.419730 -0.736597 3.090671 28 28 28 368 36
8.421145 -0.797481 3.091191 28 28 28 372 36
8.422563 -0.858386 3.091711 28 28 28 376 36
8.423980 -0.919312 3.092231 28 28 28 380 36
8.425396 -0.980257 3.092751 28 28 28 384 36
8.426813 -1.041224 3.093271 28 28 28 388 36
8.428232 -1.102211 3.093792 28 28 28 392 36
8.429650 -1.163218 3.094313 27 27 27 396 36
8.431069 -1.224246 3.094834 27 27 27 400 36
8.432488 -1.285295 3.095355 27 27 27 404 36
8.433908 -1.346364 3.095876 27 27 27 408 36
8.435328 -1.407453 3.096397 27 27 27 412 36
8.436750 -1.468563 3.096919 27 27 27 416 36
8.438171 -1.529694 3.097440 27 27 27 420 36
8.439593 -1.590845 3.097963 27 27 27 424 36
8.441015 -1.652017 3.098485 27 27 27 428 36
8.442439 -1.713210 3.099007 27 27 27 432 36
8.443862 -1.774423 3.099530 27 27 27 436 36
8.445285 -1.835657 3.100052 27 27 27 440 36
8.446711 -1.896912 3.100575 27 27 27 444 36
8.448135 -1.958187 3.101098 27 27 27 448 36
8.449559 -2.019483 3.101621 27 27 27 452 36
8.450986 -2.080800 3.102144 27 27 27 456 36
8.452412 -2.142137 3.102668 27 27 27 460 36
8.453838 -2.203495 3.103191 27 27 27 464 36
8.455265 -2.264873 3.103715 27 27 27 468 36
8.456694 -2.326273 3.104240 27 27 27 472 36
8.458122 -2.387693 3.104764 27 27 27 476 36
8.459549 -2.449134 3.105288 27 27 27 480 36
8.460979 -2.510596 3.105813 27 27 27 484 36
8.462409 -2.572078 3.106338 27 27 27 488 36
8.463838 -2.633581 3.106862 27 27 27 492 36
8.465269 -2.695105 3.107388 27 27 27 496 36
8.466700 -2.756650 3.107913 26 26 26 500 36
8.468131 -2.818216 3.108438 26 26 26 504 36
8.469564 -2.879802 3.108964 26 26 26 508 36
8.470997 -2.941410 3.109490 26 26 26 512 36
8.472429 -3.003037 3.110016 26 26 26 516 36
8.473863 -3.064687 3.110542 26 26 26 520 36
8.475297 -3.126356 3.111068 26 26 26 524 36
8.476731 -3.188047 3.111595 26 26 26 528 36
8.478166 -3.249758 3.112122 26 26 26 532 36
8.479602 -3.311491 3.112649 26 26 26 536 36
8.481037 -3.373245 3.113176 26 26 26 540 36
8.482473 -3.435019 3.113703 26 26 26 544 36
8.483911 -3.496814 3.114230 26 26 26 548 36
8.485349 -3.558630 3.114758 26 26 26 552 36
8.486786 -3.620467 3.115286 26 26 26 556 36
8.488223 -3.682325 3.115813 26 26 26 560 36
8.489663 -3.744205 3.116342 26 26 26 564 36
8.491102 -3.806105 3.116870 26 26 26 568 36
8.492541 -3.868025 3.117399 26 26 26 572 36
8.493982 -3.929968 3.117928 26 26 26 576 36
8.495423 -3.991931 3.118456 26 26 26 580 36
8.496864 -4.053915 3.118985 26 26 26 584 36
8.498307 -4.115921 3.119515 26 26 26 588 36
8.499748 -4.177946 3.120043 26 26 26 592 36
8.501190 -4.239992 3.120572 26 26 26 596 36
8.502634 -4.302061 3.121102 26 26 26 600 36
8.504078 -4.364150 3.121632 25 25 25 604 36
8.505522 -4.426261 3.122162 25 25 25 608 36
8.478402 -4.473321 3.112207 26 26 26 612 36
8.369776 -4.476398 3.072333 29 29 29 616 36
8.263901 -4.479399 3.033469 32 32 32 620 36
8.160670 -4.482325 2.995576 35 35 35 624 36
8.059986 -4.485178 2.958617 37 37 37 628 36
7.961757 -4.487961 2.922560 40 40 40 632 36
7.865893 -4.490678 2.887371 43 43 43 636 36
8.029153 4.627335 2.889368 38 38 38 0 40
8.136329 4.630396 2.927937 35 35 35 4 40
8.246405 4.633541 2.967548 32 32 32 8 40
8.317013 4.613205 2.992957 31 31 31 12 40
8.318394 4.553953 2.993454 30 30 30 16 40
8.319776 4.494680 2.993952 30 30 30 20 40
8.321157 4.435388 2.994449 30 30 30 24 40
8.322541 4.376076 2.994947 30 30 30 28 40
8.323923 4.316743 2.995444 30 30 30 32 40
8.325308 4.257392 2.995943 30 30 30 36 40
8.326692 4.198021 2.996440 30 30 30 40 40
8.328076 4.138630 2.996939 30 30 30 44 40
8.329461 4.079219 2.997437 30 30 30 48 40
8.330847 4.019789 2.997936 30 30 30 52 40
8.332233 3.960339 2.998435 30 30 30 56 40
8.333618 3.900869 2.998933 30 30 30 60 40
8.335007 3.841379 2.999433 30 30 30 64 40
8.336393 3.781869 2.999932 30 30 30 68 40
8.337781 3.722340 3.000431 30 30 30 72 40
8.339170 3.662791 3.000931 30 30 30 76 40
8.340558 3.603222 3.001430 30 30 30 80 40
8.341947 3.543633 3.001930 30 30 30 84 40
8.343337 3.484024 3.002430 30 30 30 88 40
8.344728 3.424395 3.002931 30 30 30 92 40
8.346117 3.364746 3.003431 30 30 30 96 40
8.347508 3.305078 3.003932 30 30 30 100 40
8.348900 3.245390 3.004432 30 30 30 104 40
8.350292 3.185682 3.004933 30 30 30 108 40
8.351685 3.125953 3.005434 30 30 30 112 40
8.353078 3.066206 3.005936 30 30 30 116 40
8.354470 3.006438 3.006437 30 30 30 120 40
8.355864 2.946650 3.006938 29 29 29 124 40
8.357259 2.886842 3.007441 29 29 29 128 40
8.358654 2.827014 3.007942 29 29 29 132 40
8.360047 2.767166 3.008444 29 29 29 136 40
8.361444 2.707298 3.008947 29 29 29 140 40
8.362841 2.647411 3.009449 29 29 29 144 40
8.364237 2.587503 3.009952 29 29 29 148 40
8.365634 2.527575 3.010454 29 29 29 152 40
8.367032 2.467628 3.010957 29 29 29 156 40
8.368429 2.407659 3.011460 29 29 29 160 40
8.369828 2.347671 3.011964 29 29 29 164 40
8.371227 2.287663 3.012467 29 29 29 168 40
8.372626 2.227635 3.012970 29 29 29 172 40
8.374026 2.167587 3.013474 29 29 29 176 40
8.375426 2.107519 3.013978 29 29 29 180 40
8.376828 2.047431 3.014483 29 29 29 184 40
8.378229 1.987323 3.014987 29 29 29 188 40
8.379631 1.927194 3.015491 29 29 29 192 40
8.381033 1.867045 3.015996 29 29 29 196 40
8.382436 1.806877 3.016500 29 29 29 200 40
8.383839 1.746688 3.017005 29 29 29 204 40
8.385242 1.686479 3.017511 29 29 29 208 40
8.386647 1.626250 3.018016 29 29 29 212 40
8.388050 1.566000 3.018521 29 29 29 216 40
8.389456 1.505731 3.019027 29 29 29 220 40
8.390862 1.445441 3.019533 29 29 29 224 40
8.392267 1.385131 3.020038 28 28 28 228 40
8.393674 1.324801 3.020545 28 28 28 232 40
8.395082 1.264451 3.021051 28 28 28 236 40
8.396489 1.204080 3.021558 28 28 28 240 40
8.397896 1.143689 3.022064 28 28 28 244 40
8.399305 1.083278 3.022571 28 28 28 248 40
8.400713 1.022846 3.023078 28 28 28 252 40
8.402122 0.962395 3.023585 28 28 28 256 40
8.403532 0.901923 3.024092 28 28 28 260 40
8.404943 0.841431 3.024600 28 28 28 264 40
8.406353 0.780918 3.025107 28 28 28 268 40
8.407764 0.720385 3.025615 28 28 28 272 40
8.409177 0.659832 3.026124 28 28 28 276 40
8.410588 0.599258 3.026632 28 28 28 280 40
8.412002 0.538664 3.027140 28 28 28 284 40
8.413414 0.478050 3.027648 28 28 28 288 40
8.414828 0.417416 3.028157 28 28 28 292 40
8.416242 0.356761 3.028666 28 28 28 296 40
8.417657 0.296085 3.029175 28 28 28 300 40
8.419070 0.235389 3.029684 28 28 28 304 40
8.420486 0.174673 3.030193 28 28 28 308 40
8.421903 0.113937 3.030703 28 28 28 312 40
8.423319 0.053180 3.031213 28 28 28 316 40
8.424736 -0.007598 3.031723 28 28 28 320 40
8.426153 -0.068396 3.032233 28 28 28 324 40
8.427571 -0.129214 3.032743 28 28 28 328 40
8.428989 -0.190053 3.033253 28 28 28 332 40
8.430408 -0.250912 3.033763 27 27 27 336 40
8.431828 -0.311792 3.034275 27 27 27 340 40
8.433248 -0.372693 3.034785 27 27 27 344 40
8.434668 -0.433613 3.035296 27 27 27 348 40
8.436089 -0.494555 3.035808 27 27 27 352 40
8.437510 -0.555517 3.036319 27 27 27 356 40
8.438931 -0.616499 3.036830 27 27 27 360 40
8.440353 -0.677502 3.037343 27 27 27 364 40
8.441776 -0.738526 3.037855 27 27 27 368 40
8.443198 -0.799570 3.038367 27 27 27 372 40
8.444623 -0.860635 3.038879 27 27 27 376 40
8.446047 -0.921720 3.039392 27 27 27 380 40
8.447471 -0.982826 3.039904 27 27 27 384 40
8.448895 -1.043952 3.040417 27 27 27 388 40
8.450321 -1.105100 3.040930 27 27 27 392 40
8.451748 -1.166268 3.041443 27 27 27 396 40
8.453173 -1.227456 3.041956 27 27 27 400 40
8.454601 -1.288665 3.042470 27 27 27 404 40
8.456029 -1.349895 3.042984 27 27 27 408 40
8.457457 -1.411145 3.043497 27 27 27 412 40
8.458884 -1.472416 3.044011 27 27 27 416 40
8.460314 -1.533708 3.044526 27 27 27 420 40
8.461742 -1.595021 3.045040 27 27 27 424 40
8.463172 -1.656354 3.045554 27 27 27 428 40
8.464603 -1.717708 3.046069 27 27 27 432 40
8.466034 -1.779083 3.046584 27 27 27 436 40
8.467464 -1.840478 3.047099 26 26 26 440 40
8.468898 -1.901895 3.047615 26 26 26 444 40
8.470330 -1.963332 3.048130 26 26 26 448 40
8.471762 -2.024790 3.048645 26 26 26 452 40
8.473195 -2.086268 3.049161 26 26 26 456 40
8.474629 -2.147768 3.049677 26 26 26 460 40
8.476063 -2.209288 3.050193 26 26 26 464 40
8.477498 -2.270829 3.050709 26 26 26 468 40
8.478933 -2.332391 3.051226 26 26 26 472 40
8.480369 -2.393973 3.051743 26 26 26 476 40
8.481805 -2.455577 3.052259 26 26 26 480 40
8.483242 -2.517202 3.052776 26 26 26 484 40
8.484679 -2.578847 3.053294 26 26 26 488 40
8.486116 -2.640513 3.053811 26 26 26 492 40
8.487555 -2.702200 3.054328 26 26 26 496 40
8.488994 -2.763908 3.054846 26 26 26 500 40
8.490433 -2.825638 3.055364 26 26 26 504 40
8.491872 -2.887387 3.055882 26 26 26 508 40
8.493312 -2.949158 3.056400 26 26 26 512 40
8.494753 -3.010950 3.056919 26 26 26 516 40
8.496192 -3.072762 3.057437 26 26 26 520 40
8.497635 -3.134596 3.057956 26 26 26 524 40
8.499077 -3.196451 3.058475 26 26 26 528 40
8.500519 -3.258327 3.058994 26 26 26 532 40
8.501962 -3.320223 3.059513 26 26 26 536 40
8.503406 -3.382141 3.060033 26 26 26 540 40
8.504849 -3.444080 3.060552 25 25 25 544 40
8.506294 -3.506040 3.061072 25 25 25 548 40
8.507739 -3.568021 3.061592 25 25 25 552 40
8.509184 -3.630023 3.062112 25 25 25 556 40
8.510630 -3.692045 3.062632 25 25 25 560 40
8.512076 -3.754090 3.063153 25 25 25 564 40
8.513524 -3.816155 3.063674 25 25 25 568 40
8.514970 -3.878241 3.064194 25 25 25 572 40
8.516418 -3.940348 3.064715 25 25 25 576 40
8.517867 -4.002477 3.065237 25 25 25 580 40
8.519316 -4.064627 3.065758 25 25 25 584 40
8.520765 -4.126797 3.066278 25 25 25 588 40
8.522216 -4.188989 3.066800 25 25 25 592 40
8.523666 -4.251202 3.067322 25 25 25 596 40
8.525116 -4.313436 3.067844 25 25 25 600 40
8.526568 -4.375692 3.068367 25 25 25 604 40
8.528020 -4.437969 3.068889 25 25 25 608 40
8.474977 -4.471514 3.049801 26 26 26 612 40
8.366440 -4.474614 3.010743 29 29 29 616 40
8.260648 -4.477636 2.972672 32 32 32 620 40
8.157497 -4.480582 2.935553 35 35 35 624 40
8.056891 -4.483456 2.899349 38 38 38 628 40
7.958737 -4.486259 2.864027 40 40 40 632 40
7.862945 -4.488995 2.829556 43 43 43 636 40
8.032443 4.629231 2.832597 38 38 38 0 44
8.139707 4.632319 2.870423 35 35 35 4 44
8.249875 4.635491 2.909272 32 32 32 8 44
8.338523 4.625137 2.940534 30 30 30 12 44
8.339911 4.565733 2.941023 30 30 30 16 44
8.341300 4.506309 2.941513 30 30 30 20 44
8.342690 4.446865 2.942003 30 30 30 24 44
8.344081 4.387402 2.942494 30 30 30 28 44
8.345470 4.327918 2.942984 30 30 30 32 44
8.346861 4.268414 2.943474 30 30 30 36 44
8.348252 4.208892 2.943965 30 30 30 40 44
8.349644 4.149348 2.944456 30 30 30 44 44
8.351036 4.089786 2.944947 30 30 30 48 44
8.352429 4.030203 2.945438 30 30 30 52 44
8.353823 3.970600 2.945929 30 30 30 56 44
8.355215 3.910978 2.946420 29 29 29 60 44
8.356609 3.851336 2.946912 29 29 29 64 44
8.358004 3.791673 2.947404 29 29 29 68 44
8.359399 3.731991 2.947896 29 29 29 72 44
8.360794 3.672289 2.948388 29 29 29 76 44
8.362191 3.612567 2.948880 29 29 29 80 44
8.363586 3.552825 2.949373 29 29 29 84 44
8.364983 3.493063 2.949865 29 29 29 88 44
8.366382 3.433281 2.950358 29 29 29 92 44
8.367779 3.373479 2.950851 29 29 29 96 44
8.369176 3.313657 2.951344 29 29 29 100 44
8.370576 3.253816 2.951837 29 29 29 104 44
8.371976 3.193954 2.952331 29 29 29 108 44
8.373374 3.134072 2.952824 29 29 29 112 44
8.374775 3.074170 2.953318 29 29 29 116 44
8.376176 3.014249 2.953812 29 29 29 120 44
8.377577 2.954307 2.954306 29 29 29 124 44
8.378978 2.894344 2.954800 29 29 29 128 44
8.380380 2.834362 2.955294 29 29 29 132 44
8.381783 2.774360 2.955789 29 29 29 136 44
8.383185 2.714338 2.956284 29 29 29 140 44
8.384588 2.654295 2.956779 29 29 29 144 44
8.385992 2.594233 2.957273 29 29 29 148 44
8.387397 2.534150 2.957769 29 29 29 152 44
8.388802 2.474048 2.958264 29 29 29 156 44
8.390207 2.413925 2.958760 29 29 29 160 44
8.391613 2.353782 2.959255 29 29 29 164 44
8.393020 2.293619 2.959752 28 28 28 168 44
8.394426 2.233436 2.960248 28 28 28 172 44
8.395833 2.173232 2.960744 28 28 28 176 44
8.397240 2.113008 2.961240 28 28 28 180 44
8.398649 2.052764 2.961737 28 28 28 184 44
8.400058 1.992500 2.962234 28 28 28 188 44
8.401466 1.932216 2.962730 28 28 28 192 44
8.402876 1.871911 2.963228 28 28 28 196 44
8.404287 1.811587 2.963725 28 28 28 200 44
8.405696 1.751242 2.964222 28 28 28 204 44
8.407107 1.690876 2.964720 28 28 28 208 44
8.408520 1.630491 2.965218 28 28 28 212 44
8.409931 1.570085 2.965716 28 28 28 216 44
8.411344 1.509659 2.966213 28 28 28 220 44
8.412757 1.449213 2.966712 28 28 28 224 44
8.414169 1.388746 2.967210 28 28 28 228 44
8.415584 1.328259 2.967709 28 28 28 232 44
8.416998 1.267751 2.968207 28 28 28 236 44
8.418413 1.207224 2.968707 28 28 28 240 44
8.419827 1.146676 2.969205 28 28 28 244 44
8.421244 1.086107 2.969705 28 28 28 248 44
8.422661 1.025519 2.970204 28 28 28 252 44
8.424077 0.964909 2.970704 28 28 28 256 44
8.425493 0.904280 2.971203 28 28 28 260 44
8.426911 0.843630 2.971704 28 28 28 264 44
8.428329 0.782959 2.972203 28 28 28 268 44
8.429748 0.722269 2.972703 27 27 27 272 44
8.431167 0.661557 2.973204 27 27 27 276 44
8.432586 0.600826 2.973704 27 27 27 280 44
8.434007 0.540074 2.974205 27 27 27 284 44
8.435428 0.479301 2.974706 27 27 27 288 44
8.436848 0.418508 2.975208 27 27 27 292 44
8.438270 0.357694 2.975709 27 27 27 296 44
8.439691 0.296860 2.976210 27 27 27 300 44
8.441113 0.236006 2.976712 27 27 27 304 44
8.442536 0.175131 2.977213 27 27 27 308 44
8.443959 0.114235 2.977715 27 27 27 312 44
8.445384 0.053319 2.978218 27 27 27 316 44
8.446807 -0.007618 2.978719 27 27 27 320 44
8.448233 -0.068575 2.979222 27 27 27 324 44
8.449657 -0.129553 2.979725 27 27 27 328 44
8.451084 -0.190551 2.980228 27 27 27 332 44
8.452510 -0.251570 2.980731 27 27 27 336 44
8.453937 -0.312610 2.981234 27 27 27 340 44
8.455364 -0.373670 2.981737 27 27 27 344 44
8.456792 -0.434751 2.982240 27 27 27 348 44
8.458220 -0.495852 2.982744 27 27 27 352 44
8.459649 -0.556974 2.983248 27 27 27 356 44
8.461078 -0.618117 2.983752 27 27 27 360 44
8.462507 -0.679280 2.984256 27 27 27 364 44
8.463938 -0.740465 2.984761 27 27 27 368 44
8.465368 -0.801669 2.985265 27 27 27 372 44
8.466799 -0.862895 2.985770 26 26 26 376 44
8.468231 -0.924141 2.986274 26 26 26 380 44
8.469663 -0.985408 2.986779 26 26 26 384 44
8.471095 -1.046695 2.987285 26 26 26 388 44
8.472528 -1.108004 2.987790 26 26 26 392 44
8.473961 -1.169333 2.988295 26 26 26 396 44
8.475396 -1.230682 2.988801 26 26 26 400 44
8.476830 -1.292053 2.989307 26 26 26 404 44
8.478265 -1.353444 2.989813 26 26 26 408 44
8.479700 -1.414857 2.990319 26 26 26 412 44
8.481136 -1.476290 2.990825 26 26 26 416 44
8.482574 -1.537743 2.991332 26 26 26 420 44
8.484011 -1.599218 2.991839 26 26 26 424 44
8.485448 -1.660713 2.992346 26 26 26 428 44
8.486885 -1.722229 2.992853 26 26 26 432 44
8.488324 -1.783767 2.993360 26 26 26 436 44
8.489761 -1.845325 2.993867 26 26 26 440 44
8.491200 -1.906903 2.994375 26 26 26 444 44
8.492641 -1.968503 2.994883 26 26 26 448 44
8.494081 -2.030124 2.995390 26 26 26 452 44
8.495522 -2.091765 2.995898 26 26 26 456 44
8.496964 -2.153428 2.996407 26 26 26 460 44
8.498405 -2.215111 2.996915 26 26 26 464 44
8.499847 -2.276815 2.997424 26 26 26 468 44
8.501290 -2.338541 2.997933 26 26 26 472 44
8.502734 -2.400287 2.998442 26 26 26 476 44
8.504177 -2.462054 2.998951 25 25 25 480 44
8.505621 -2.523842 2.999460 25 25 25 484 44
8.507067 -2.585651 2.999969 25 25 25 488 44
8.508512 -2.647481 3.000479 25 25 25 492 44
8.509957 -2.709332 3.000989 25 25 25 496 44
8.511403 -2.771205 3.001499 25 25 25 500 44
8.512851 -2.833098 3.002009 25 25 25 504 44
8.514297 -2.895012 3.002519 25 25 25 508 44
8.515744 -2.956948 3.003030 25 25 25 512 44
8.517193 -3.018904 3.003541 25 25 25 516 44
8.518641 -3.080881 3.004051 25 25 25 520 44
8.520090 -3.142880 3.004562 25 25 25 524 44
8.521541 -3.204900 3.005074 25 25 25 528 44
8.522990 -3.266940 3.005585 25 25 25 532 44
8.524441 -3.329002 3.006096 25 25 25 536 44
8.525892 -3.391085 3.006608 25 25 25 540 44
8.527345 -3.453189 3.007120 25 25 25 544 44
8.528795 -3.515314 3.007632 25 25 25 548 44
8.530248 -3.577461 3.008144 25 25 25 552 44
8.531702 -3.639629 3.008657 25 25 25 556 44
8.533155 -3.701818 3.009170 25 25 25 560 44
8.534609 -3.764027 3.009682 25 25 25 564 44
8.536064 -3.826259 3.010195 25 25 25 568 44
8.537519 -3.888511 3.010708 25 25 25 572 44
8.538974 -3.950784 3.011221 25 25 25 576 44
8.540431 -4.013080 3.011735 25 25 25 580 44
8.541888 -4.075395 3.012248 24 24 24 584 44
8.543344 -4.137733 3.012761 24 24 24 588 44
8.544803 -4.200091 3.013276 24 24 24 592 44
8.546261 -4.262471 3.013790 24 24 24 596 44
8.547719 -4.324872 3.014304 24 24 24 600 44
8.549177 -4.387295 3.014818 24 24 24 604 44
8.550637 -4.449739 3.015333 24 24 24 608 44
8.471555 -4.469708 2.987445 26 26 26 612 44
8.363105 -4.472830 2.949201 29 29 29 616 44
8.257397 -4.475874 2.911924 32 32 32 620 44
8.154328 -4.478841 2.875577 35 35 35 624 44
8.053799 -4.481735 2.840126 38 38 38 628 44
7.955719 -4.484558 2.805539 40 40 40 632 44
7.860000 -4.487314 2.771784 43 43 43 636 44
8.035736 4.631129 2.775778 38 38 38 0 48
8.143088 4.634243 2.812860 35 35 35 4 48
8.253348 4.637443 2.850948 32 32 32 8 48
8.360145 4.637130 2.887838 29 29 29 12 48
8.361541 4.577574 2.888320 29 29 29 16 48
8.362936 4.517997 2.888803 29 29 29 20 48
8.364333 4.458401 2.889285 29 29 29 24 48
8.365730 4.398785 2.889768 29 29 29 28 48
8.367128 4.339149 2.890250 29 29 29 32 48
8.368526 4.279493 2.890733 29 29 29 36 48
8.369925 4.219818 2.891216 29 29 29 40 48
8.371325 4.160122 2.891700 29 29 29 44 48
8.372723 4.100406 2.892183 29 29 29 48 48
8.374123 4.040670 2.892667 29 29 29 52 48
8.375524 3.980915 2.893151 29 29 29 56 48
8.376925 3.921140 2.893634 29 29 29 60 48
8.378325 3.861344 2.894118 29 29 29 64 48
8.379727 3.801528 2.894603 29 29 29 68 48
8.381129 3.741693 2.895087 29 29 29 72 48
8.382532 3.681837 2.895571 29 29 29 76 48
8.383936 3.621961 2.896056 29 29 29 80 48
8.385340 3.562066 2.896541 29 29 29 84 48
8.386743 3.502149 2.897026 29 29 29 88 48
8.388147 3.442214 2.897511 29 29 29 92 48
8.389553 3.382258 2.897997 29 29 29 96 48
8.390959 3.322282 2.898482 29 29 29 100 48
8.392365 3.262286 2.898968 28 28 28 104 48
8.393772 3.202270 2.899454 28 28 28 108 48
8.395178 3.142233 2.899940 28 28 28 112 48
8.396585 3.082176 2.900426 28 28 28 116 48
8.397993 3.022100 2.900912 28 28 28 120 48
8.399402 2.962003 2.901399 28 28 28 124 48
8.400810 2.901886 2.901885 28 28 28 128 48
8.402220 2.841749 2.902372 28 28 28 132 48
8.403630 2.781592 2.902859 28 28 28 136 48
8.405041 2.721414 2.903347 28 28 28 140 48
8.406450 2.661216 2.903834 28 28 28 144 48
8.407863 2.600998 2.904321 28 28 28 148 48
8.409274 2.540760 2.904809 28 28 28 152 48
8.410686 2.480502 2.905297 28 28 28 156 48
8.412099 2.420223 2.905785 28 28 28 160 48
8.413512 2.359924 2.906273 28 28 28 164 48
8.414925 2.299605 2.906761 28 28 28 168 48
8.416339 2.239266 2.907249 28 28 28 172 48
8.417754 2.178906 2.907738 28 28 28 176 48
8.419168 2.118526 2.908227 28 28 28 180 48
8.420585 2.058126 2.908716 28 28 28 184 48
8.422001 1.997705 2.909205 28 28 28 188 48
8.423417 1.937264 2.909694 28 28 28 192 48
8.424834 1.876803 2.910184 28 28 28 196 48
8.426251 1.816321 2.910673 28 28 28 200 48
8.427669 1.755819 2.911163 28 28 28 204 48
8.429087 1.695297 2.911653 28 28 28 208 48
8.430507 1.634755 2.912143 27 27 27 212 48
8.431926 1.574191 2.912634 27 27 27 216 48
8.433345 1.513608 2.913124 27 27 27 220 48
8.434765 1.453004 2.913614 27 27 27 224 48
8.436187 1.392380 2.914105 27 27 27 228 48
8.437607 1.331735 2.914596 27 27 27 232 48
8.439029 1.271070 2.915087 27 27 27 236 48
8.440452 1.210384 2.915579 27 27 27 240 48
8.441874 1.149678 2.916070 27 27 27 244 48
8.443297 1.088952 2.916561 27 27 27 248 48
8.444721 1.028205 2.917053 27 27 27 252 48
8.446145 0.967437 2.917545 27 27 27 256 48
8.447569 0.906649 2.918037 27 27 27 260 48
8.448995 0.845841 2.918529 27 27 27 264 48
8.450420 0.785012 2.919022 27 27 27 268 48
8.451846 0.724162 2.919514 27 27 27 272 48
8.453273 0.663292 2.920007 27 27 27 276 48
8.454700 0.602401 2.920500 27 27 27 280 48
8.456127 0.541490 2.920993 27 27 27 284 48
8.457554 0.480558 2.921486 27 27 27 288 48
8.458983 0.419606 2.921980 27 27 27 292 48
8.460412 0.358633 2.922473 27 27 27 296 48
8.461842 0.297639 2.922967 27 27 27 300 48
8.463271 0.236625 2.923461 27 27 27 304 48
8.464702 0.175590 2.923955 27 27 27 308 48
8.466133 0.114535 2.924449 27 27 27 312 48
8.467564 0.053459 2.924944 26 26 26 316 48
8.468996 -0.007638 2.925438 26 26 26 320 48
8.470428 -0.068755 2.925933 26 26 26 324 48
8.471861 -0.129893 2.926428 26 26 26 328 48
8.473294 -0.191052 2.926923 26 26 26 332 48
8.474728 -0.252232 2.927418 26 26 26 336 48
8.476162 -0.313432 2.927914 26 26 26 340 48
8.477596 -0.374653 2.928409 26 26 26 344 48
8.479033 -0.435894 2.928905 26 26 26 348 48
8.480467 -0.497157 2.929401 26 26 26 352 48
8.481904 -0.558440 2.929897 26 26 26 356 48
8.483341 -0.619744 2.930394 26 26 26 360 48
8.484778 -0.681068 2.930890 26 26 26 364 48
8.486216 -0.742414 2.931386 26 26 26 368 48
8.487654 -0.803780 2.931883 26 26 26 372 48
8.489092 -0.865167 2.932380 26 26 26 376 48
8.490531 -0.926574 2.932877 26 26 26 380 48
8.491971 -0.988003 2.933375 26 26 26 384 48
8.493410 -1.049453 2.933872 26 26 26 388 48
8.494851 -1.110923 2.934370 26 26 26 392 48
8.496293 -1.172414 2.934867 26 26 26 396 48
8.497735 -1.233926 2.935366 26 26 26 400 48
8.499177 -1.295459 2.935864 26 26 26 404 48
8.500618 -1.357013 2.936362 26 26 26 408 48
8.502062 -1.418588 2.936860 26 26 26 412 48
8.503505 -1.480183 2.937359 26 26 26 416 48
8.504949 -1.541800 2.937857 25 25 25 420 48
8.506394 -1.603437 2.938357 25 25 25 424 48
8.507838 -1.665096 2.938856 25 25 25 428 48
8.509284 -1.726775 2.939355 25 25 25 432 48
8.510730 -1.788475 2.939855 25 25 25 436 48
8.512177 -1.850197 2.940354 25 25 25 440 48
8.513623 -1.911939 2.940854 25 25 25 444 48
8.515071 -1.973702 2.941354 25 25 25 448 48
8.516519 -2.035486 2.941854 25 25 25 452 48
8.517967 -2.097292 2.942354 25 25 25 456 48
8.519416 -2.159118 2.942855 25 25 25 460 48
8.520865 -2.220965 2.943356 25 25 25 464 48
8.522315 -2.282834 2.943856 25 25 25 468 48
8.523765 -2.344723 2.944357 25 25 25 472 48
8.525217 -2.406634 2.944859 25 25 25 476 48
8.526669 -2.468565 2.945360 25 25 25 480 48
8.528119 -2.530518 2.945861 25 25 25 484 48
8.529572 -2.592492 2.946363 25 25 25 488 48
8.531025 -2.654487 2.946865 25 25 25 492 48
8.532478 -2.716503 2.947367 25 25 25 496 48
8.533932 -2.778540 2.947869 25 25 25 500 48
8.535386 -2.840598 2.948372 25 25 25 504 48
8.536841 -2.902678 2.948874 25 25 25 508 48
8.538297 -2.964778 2.949377 25 25 25 512 48
8.539752 -3.026900 2.949880 25 25 25 516 48
8.541209 -3.089043 2.950383 24 24 24 520 48
8.542665 -3.151207 2.950886 24 24 24 524 48
8.544123 -3.213392 2.951390 24 24 24 528 48
8.545581 -3.275599 2.951893 24 24 24 532 48
8.547039 -3.337827 2.952397 24 24 24 536 48
8.548497 -3.400076 2.952901 24 24 24 540 48
8.549957 -3.462347 2.953405 24 24 24 544 48
8.551417 -3.524638 2.953909 24 24 24 548 48
8.552877 -3.586951 2.954413 24 24 24 552 48
8.554338 -3.649286 2.954918 24 24 24 556 48
8.555800 -3.711641 2.955423 24 24 24 560 48
8.557262 -3.774018 2.955928 24 24 24 564 48
8.558723 -3.836416 2.956433 24 24 24 568 48
8.560186 -3.898835 2.956938 24 24 24 572 48
8.561650 -3.961275 2.957443 24 24 24 576 48
8.563113 -4.023737 2.957948 24 24 24 580 48
8.564578 -4.086221 2.958454 24 24 24 584 48
8.566042 -4.148726 2.958960 24 24 24 588 48
8.567508 -4.211251 2.959466 24 24 24 592 48
8.568974 -4.273799 2.959973 24 24 24 596 48
8.570440 -4.336369 2.960479 24 24 24 600 48
8.571907 -4.398959 2.960986 24 24 24 604 48
8.573374 -4.461571 2.961493 24 24 24 608 48
8.468137 -4.467905 2.925140 26 26 26 612 48
8.359773 -4.471048 2.887708 29 29 29 616 48
8.254148 -4.474113 2.851223 32 32 32 620 48
8.151160 -4.477102 2.815648 35 35 35 624 48
8.050710 -4.480016 2.780949 38 38 38 628 48
7.952703 -4.482858 2.747095 40 40 40 632 48
7.857057 -4.485634 2.714056 43 43 43 636 48
8.039031 4.633028 2.718913 38 38 38 0 52
8.146473 4.636169 2.755251 35 35 35 4 52
8.256825 4.639396 2.792574 32 32 32 8 52
8.370208 4.642711 2.830921 29 29 29 12 52
8.383282 4.589476 2.835343 29 29 29 16 52
8.384686 4.529747 2.835818 29 29 29 20 52
8.386089 4.469998 2.836293 29 29 29 24 52
8.387494 4.410229 2.836768 29 29 29 28 52
8.388899 4.350440 2.837243 29 29 29 32 52
8.390305 4.290630 2.837718 29 29 29 36 52
8.391709 4.230801 2.838194 29 29 29 40 52
8.393117 4.170952 2.838670 28 28 28 44 52
8.394523 4.111083 2.839145 28 28 28 48 52
8.395929 4.051193 2.839621 28 28 28 52 52
8.397339 3.991284 2.840097 28 28 28 56 52
8.398746 3.931355 2.840574 28 28 28 60 52
8.400154 3.871404 2.841050 28 28 28 64 52
8.401565 3.811435 2.841527 28 28 28 68 52
8.402974 3.751445 2.842003 28 28 28 72 52
8.404384 3.691435 2.842480 28 28 28 76 52
8.405794 3.631404 2.842957 28 28 28 80 52
8.407206 3.571354 2.843434 28 28 28 84 52
8.408616 3.511283 2.843912 28 28 28 88 52
8.410028 3.451193 2.844389 28 28 28 92 52
8.411441 3.391082 2.844867 28 28 28 96 52
8.412853 3.330950 2.845345 28 28 28 100 52
8.414267 3.270799 2.845823 28 28 28 104 52
8.415681 3.210628 2.846301 28 28 28 108 52
8.417096 3.150436 2.846779 28 28 28 112 52
8.418510 3.090225 2.847258 28 28 28 116 52
8.419925 3.029992 2.847736 28 28 28 120 52
8.421341 2.969740 2.848215 28 28 28 124 52
8.422757 2.909467 2.848694 28 28 28 128 52
8.424173 2.849174 2.849173 28 28 28 132 52
8.425591 2.788861 2.849653 28 28 28 136 52
8.427009 2.728527 2.850132 28 28 28 140 52
8.428426 2.668173 2.850611 28 28 28 144 52
8.429845 2.607799 2.851091 27 27 27 148 52
8.431265 2.547405 2.851572 27 27 27 152 52
8.432685 2.486990 2.852052 27 27 27 156 52
8.434104 2.426554 2.852532 27 27 27 160 52
8.435525 2.366099 2.853012 27 27 27 164 52
8.436946 2.305623 2.853493 27 27 27 168 52
8.438367 2.245126 2.853974 27 27 27 172 52
8.439789 2.184610 2.854455 27 27 27 176 52
8.441212 2.124073 2.854936 27 27 27 180 52
8.442635 2.063515 2.855417 27 27 27 184 52
8.444058 2.002937 2.855898 27 27 27 188 52
8.445482 1.942339 2.856380 27 27 27 192 52
8.446906 1.881720 2.856862 27 27 27 196 52
8.448331 1.821081 2.857344 27 27 27 200 52
8.449757 1.760421 2.857826 27 27 27 204 52
8.451181 1.699741 2.858308 27 27 27 208 52
8.452608 1.639040 2.858790 27 27 27 212 52
8.454035 1.578319 2.859273 27 27 27 216 52
8.455462 1.517578 2.859756 27 27 27 220 52
8.456889 1.456815 2.860238 27 27 27 224 52
8.458318 1.396032 2.860721 27 27 27 228 52
8.459747 1.335229 2.861205 27 27 27 232 52
8.461175 1.274405 2.861688 27 27 27 236 52
8.462605 1.213561 2.862171 27 27 27 240 52
8.464036 1.152696 2.862655 27 27 27 244 52
8.465466 1.091811 2.863139 27 27 27 248 52
8.466897 1.030905 2.863623 26 26 26 252 52
8.468329 0.969978 2.864107 26 26 26 256 52
8.469761 0.909031 2.864592 26 26 26 260 52
8.471193 0.848063 2.865076 26 26 26 264 52
8.472627 0.787074 2.865561 26 26 26 268 52
8.474060 0.726065 2.866045 26 26 26 272 52
8.475494 0.665035 2.866530 26 26 26 276 52
8.476929 0.603985 2.867016 26 26 26 280 52
8.478365 0.542914 2.867501 26 26 26 284 52
8.479799 0.481822 2.867986 26 26 26 288 52
8.481236 0.420710 2.868472 26 26 26 292 52
8.482672 0.359576 2.868958 26 26 26 296 52
8.484109 0.298423 2.869444 26 26 26 300 52
8.485546 0.237248 2.869930 26 26 26 304 52
8.486984 0.176053 2.870417 26 26 26 308 52
8.488422 0.114836 2.870903 26 26 26 312 52
8.489861 0.053600 2.871390 26 26 26 316 52
8.491302 -0.007658 2.871877 26 26 26 320 52
8.492741 -0.068936 2.872364 26 26 26 324 52
8.494180 -0.130236 2.872850 26 26 26 328 52
8.495622 -0.191556 2.873338 26 26 26 332 52
8.497064 -0.252896 2.873826 26 26 26 336 52
8.498505 -0.314258 2.874313 26 26 26 340 52
8.499947 -0.375640 2.874801 26 26 26 344 52
8.501390 -0.437044 2.875289 26 26 26 348 52
8.502832 -0.498468 2.875777 26 26 26 352 52
8.504276 -0.559913 2.876265 25 25 25 356 52
8.505721 -0.621378 2.876754 25 25 25 360 52
8.507165 -0.682865 2.877242 25 25 25 364 52
8.508611 -0.744373 2.877731 25 25 25 368 52
8.510057 -0.805901 2.878220 25 25 25 372 52
8.511504 -0.867451 2.878710 25 25 25 376 52
8.512950 -0.929021 2.879199 25 25 25 380 52
8.514397 -0.990612 2.879688 25 25 25 384 52
8.515845 -1.052225 2.880178 25 25 25 388 52
8.517293 -1.113858 2.880667 25 25 25 392 52
8.518741 -1.175512 2.881157 25 25 25 396 52
8.520191 -1.237187 2.881648 25 25 25 400 52
8.521640 -1.298883 2.882138 25 25 25 404 52
8.523089 -1.360600 2.882628 25 25 25 408 52
8.524541 -1.422338 2.883119 25 25 25 412 52
8.525993 -1.484098 2.883610 25 25 25 416 52
8.527443 -1.545878 2.884100 25 25 25 420 52
8.528896 -1.607679 2.884592 25 25 25 424 52
8.530349 -1.669501 2.885083 25 25 25 428 52
8.531801 -1.731344 2.885574 25 25 25 432 52
8.533255 -1.793209 2.886066 25 25 25 436 52
8.534710 -1.855095 2.886558 25 25 25 440 52
8.536163 -1.917001 2.887049 25 25 25 444 52
8.537619 -1.978928 2.887542 25 25 25 448 52
8.539075 -2.040877 2.888034 25 25 25 452 52
8.540531 -2.102847 2.888527 25 25 25 456 52
8.541986 -2.164838 2.889019 24 24 24 460 52
8.543445 -2.226851 2.889512 24 24 24 464 52
8.544903 -2.288884 2.890005 24 24 24 468 52
8.546360 -2.350939 2.890498 24 24 24 472 52
8.547818 -2.413014 2.890991 24 24 24 476 52
8.549277 -2.475111 2.891485 24 24 24 480 52
8.550738 -2.537230 2.891979 24 24 24 484 52
8.552197 -2.599369 2.892473 24 24 24 488 52
8.553658 -2.661529 2.892967 24 24 24 492 52
8.555120 -2.723711 2.893461 24 24 24 496 52
8.556581 -2.785914 2.893955 24 24 24 500 52
8.558043 -2.848139 2.894449 24 24 24 504 52
8.559505 -2.910384 2.894944 24 24 24 508 52
8.560968 -2.972651 2.895439 24 24 24 512 52
8.562431 -3.034939 2.895934 24 24 24 516 52
8.563896 -3.097248 2.896429 24 24 24 520 52
8.565360 -3.159579 2.896924 24 24 24 524 52
8.566826 -3.221931 2.897420 24 24 24 528 52
8.568292 -3.284304 2.897916 24 24 24 532 52
8.569757 -3.346699 2.898412 24 24 24 536 52
8.571223 -3.409115 2.898907 24 24 24 540 52
8.572691 -3.471553 2.899404 24 24 24 544 52
8.574159 -3.534012 2.899900 24 24 24 548 52
8.575626 -3.596492 2.900397 24 24 24 552 52
8.577095 -3.658993 2.900893 24 24 24 556 52
8.578565 -3.721517 2.901390 23 23 23 560 52
8.580034 -3.784061 2.901887 23 23 23 564 52
8.581504 -3.846627 2.902384 23 23 23 568 52
8.582975 -3.909214 2.902881 23 23 23 572 52
8.584446 -3.971823 2.903378 23 23 23 576 52
8.585917 -4.034452 2.903876 23 23 23 580 52
8.587389 -4.097105 2.904374 23 23 23 584 52
8.588863 -4.159778 2.904872 23 23 23 588 52
8.590336 -4.222473 2.905370 23 23 23 592 52
8.591809 -4.285189 2.905869 23 23 23 596 52
8.593284 -4.347927 2.906367 23 23 23 600 52
8.594758 -4.410686 2.906866 23 23 23 604 52
8.575839 -4.462853 2.900467 24 24 24 608 52
8.464720 -4.466102 2.862885 27 27 27 612 52
8.356444 -4.469268 2.826265 29 29 29 616 52
8.250903 -4.472354 2.790570 32 32 32 620 52
8.147994 -4.475363 2.755764 35 35 35 624 52
8.047622 -4.478297 2.721817 38 38 38 628 52
7.949691 -4.481160 2.688695 40 40 40 632 52
7.854116 -4.483955 2.656371 43 43 43 636 52
8.042330 4.634929 2.662001 38 38 38 0 56
8.149859 4.638097 2.697593 35 35 35 4 56
8.260304 4.641351 2.734150 32 32 32 8 56
8.373783 4.644695 2.771712 29 29 29 12 56
8.405137 4.601441 2.782090 28 28 28 16 56
8.406549 4.541558 2.782557 28 28 28 20 56
8.407959 4.481655 2.783024 28 28 28 24 56
8.409371 4.421732 2.783491 28 28 28 28 56
8.410784 4.361789 2.783959 28 28 28 32 56
8.412196 4.301826 2.784426 28 28 28 36 56
8.413609 4.241842 2.784894 28 28 28 40 56
8.415023 4.181839 2.785362 28 28 28 44 56
8.416437 4.121815 2.785830 28 28 28 48 56
8.417851 4.061770 2.786298 28 28 28 52 56
8.419266 4.001706 2.786767 28 28 28 56 56
8.420682 3.941622 2.787235 28 28 28 60 56
8.422098 3.881517 2.787704 28 28 28 64 56
8.423514 3.821393 2.788173 28 28 28 68 56
8.424932 3.761248 2.788642 28 28 28 72 56
8.426350 3.701083 2.789111 28 28 28 76 56
8.427767 3.640897 2.789580 28 28 28 80 56
8.429185 3.580691 2.790050 28 28 28 84 56
8.430604 3.520465 2.790519 27 27 27 88 56
8.432023 3.460219 2.790989 27 27 27 92 56
8.433443 3.399952 2.791459 27 27 27 96 56
8.434864 3.339665 2.791929 27 27 27 100 56
8.436284 3.279358 2.792400 27 27 27 104 56
8.437705 3.219030 2.792870 27 27 27 108 56
8.439128 3.158683 2.793341 27 27 27 112 56
8.440549 3.098314 2.793811 27 27 27 116 56
8.441971 3.037925 2.794282 27 27 27 120 56
8.443396 2.977517 2.794753 27 27 27 124 56
8.444818 2.917088 2.795224 27 27 27 128 56
8.446243 2.856638 2.795696 27 27 27 132 56
8.447667 2.796168 2.796167 27 27 27 136 56
8.449093 2.735677 2.796639 27 27 27 140 56
8.450519 2.675167 2.797111 27 27 27 144 56
8.451943 2.614635 2.797583 27 27 27 148 56
8.453371 2.554084 2.798055 27 27 27 152 56
8.454798 2.493511 2.798527 27 27 27 156 56
8.456225 2.432919 2.799000 27 27 27 160 56
8.457654 2.372306 2.799473 27 27 27 164 56
8.459082 2.311672 2.799946 27 27 27 168 56
8.460510 2.251018 2.800418 27 27 27 172 56
8.461940 2.190344 2.800891 27 27 27 176 56
8.463370 2.129648 2.801365 27 27 27 180 56
8.464801 2.068933 2.801838 27 27 27 184 56
8.466231 2.008197 2.802312 27 27 27 188 56
8.467662 1.947440 2.802786 26 26 26 192 56
8.469094 1.886663 2.803260 26 26 26 196 56
8.470527 1.825865 2.803734 26 26 26 200 56
8.471960 1.765047 2.804208 26 26 26 204 56
8.473393 1.704208 2.804683 26 26 26 208 56
8.474826 1.643348 2.805157 26 26 26 212 56
8.476260 1.582468 2.805632 26 26 26 216 56
8.477696 1.521568 2.806107 26 26 26 220 56
8.479131 1.460647 2.806581 26 26 26 224 56
8.480567 1.399705 2.807057 26 26 26 228 56
8.482003 1.338742 2.807532 26 26 26 232 56
8.483439 1.277759 2.808008 26 26 26 236 56
8.484877 1.216755 2.808483 26 26 26 240 56
8.486315 1.155730 2.808959 26 26 26 244 56
8.487753 1.094685 2.809435 26 26 26 248 56
8.489191 1.033619 2.809911 26 26 26 252 56
8.490630 0.972533 2.810388 26 26 26 256 56
8.492071 0.911425 2.810865 26 26 26 260 56
8.493510 0.850297 2.811341 26 26 26 264 56
8.494951 0.789148 2.811818 26 26 26 268 56
8.496392 0.727979 2.812295 26 26 26 272 56
8.497833 0.666788 2.812772 26 26 26 276 56
8.499275 0.605577 2.813249 26 26 26 280 56
8.500718 0.544345 2.813727 26 26 26 284 56
8.502161 0.483093 2.814205 26 26 26 288 56
8.503605 0.421819 2.814682 26 26 26 292 56
8.505049 0.360525 2.815160 25 25 25 296 56
8.506494 0.299210 2.815639 25 25 25 300 56
8.507937 0.237874 2.816117 25 25 25 304 56
8.509383 0.176517 2.816595 25 25 25 308 56
8.510830 0.115140 2.817074 25 25 25 312 56
8.512277 0.053741 2.817553 25 25 25 316 56
8.513723 -0.007678 2.818032 25 25 25 320 56
8.515171 -0.069118 2.818511 25 25 25 324 56
8.516619 -0.130580 2.818990 25 25 25 328 56
8.518066 -0.192062 2.819469 25 25 25 332 56
8.519516 -0.253565 2.819949 25 25 25 336 56
8.520967 -0.315088 2.820429 25 25 25 340 56
8.522414 -0.376633 2.820908 25 25 25 344 56
8.523866 -0.438199 2.821389 25 25 25 348 56
8.525317 -0.499786 2.821869 25 25 25 352 56
8.526769 -0.561393 2.822350 25 25 25 356 56
8.528219 -0.623022 2.822830 25 25 25 360 56
8.529673 -0.684672 2.823311 25 25 25 364 56
8.531125 -0.746342 2.823792 25 25 25 368 56
8.532578 -0.808034 2.824273 25 25 25 372 56
8.534033 -0.869747 2.824754 25 25 25 376 56
8.535487 -0.931481 2.825235 25 25 25 380 56
8.536942 -0.993235 2.825717 25 25 25 384 56
8.538397 -1.055011 2.826198 25 25 25 388 56
8.539853 -1.116808 2.826681 25 25 25 392 56
8.541309 -1.178626 2.827163 24 24 24 396 56
8.542766 -1.240465 2.827645 24 24 24 400 56
8.544224 -1.302325 2.828127 24 24 24 404 56
8.545682 -1.364207 2.828610 24 24 24 408 56
8.547139 -1.426109 2.829092 24 24 24 412 56
8.548599 -1.488033 2.829576 24 24 24 416 56
8.550058 -1.549977 2.830058 24 24 24 420 56
8.551517 -1.611943 2.830541 24 24 24 424 56
8.552979 -1.673930 2.831025 24 24 24 428 56
8.554439 -1.735938 2.831508 24 24 24 432 56
8.555900 -1.797967 2.831992 24 24 24 436 56
8.557362 -1.860018 2.832476 24 24 24 440 56
8.558825 -1.922090 2.832960 24 24 24 444 56
8.560287 -1.984183 2.833444 24 24 24 448 56
8.561750 -2.046297 2.833928 24 24 24 452 56
8.563215 -2.108433 2.834413 24 24 24 456 56
8.564678 -2.170589 2.834898 24 24 24 460 56
8.566143 -2.232767 2.835382 24 24 24 464 56
8.567609 -2.294966 2.835868 24 24 24 468 56
8.569076 -2.357187 2.836353 24 24 24 472 56
8.570540 -2.419428 2.836838 24 24 24 476 56
8.572008 -2.481692 2.837324 24 24 24 480 56
8.573475 -2.543976 2.837809 24 24 24 484 56
8.574944 -2.606282 2.838295 24 24 24 488 56
8.576411 -2.668609 2.838781 24 24 24 492 56
8.577881 -2.730958 2.839267 24 24 24 496 56
8.579350 -2.793327 2.839754 23 23 23 500 56
8.580820 -2.855719 2.840240 23 23 23 504 56
8.582291 -2.918131 2.840727 23 23 23 508 56
8.583762 -2.980565 2.841214 23 23 23 512 56
8.585233 -3.043021 2.841701 23 23 23 516 56
8.586704 -3.105497 2.842188 23 23 23 520 56
8.588177 -3.167995 2.842676 23 23 23 524 56
8.589649 -3.230515 2.843163 23 23 23 528 56
8.591124 -3.293056 2.843651 23 23 23 532 56
8.592597 -3.355619 2.844139 23 23 23 536 56
8.594071 -3.418203 2.844626 23 23 23 540 56
8.595546 -3.480808 2.845114 23 23 23 544 56
8.597022 -3.543436 2.845603 23 23 23 548 56
8.598498 -3.606084 2.846092 23 23 23 552 56
8.599975 -3.668754 2.846581 23 23 23 556 56
8.601451 -3.731445 2.847069 23 23 23 560 56
8.602929 -3.794158 2.847558 23 23 23 564 56
8.604406 -3.856892 2.848046 23 23 23 568 56
8.605885 -3.919648 2.848536 23 23 23 572 56
8.607364 -3.982426 2.849025 23 23 23 576 56
8.608843 -4.045225 2.849515 23 23 23 580 56
8.610324 -4.108047 2.850005 23 23 23 584 56
8.611804 -4.170889 2.850495 23 23 23 588 56
8.613285 -4.233753 2.850985 23 23 23 592 56
8.614767 -4.296639 2.851475 23 23 23 596 56
8.616248 -4.359546 2.851966 22 22 22 600 56
8.617732 -4.422475 2.852457 22 22 22 604 56
8.572335 -4.461030 2.837431 24 24 24 608 56
8.461308 -4.464302 2.800681 27 27 27 612 56
8.353118 -4.467489 2.764870 30 30 30 616 56
8.247661 -4.470596 2.729964 32 32 32 620 56
8.144832 -4.473625 2.695928 35 35 35 624 56
8.044536 -4.476580 2.662730 38 38 38 628 56
7.946681 -4.479463 2.630340 40 40 40 632 56
7.851178 -4.482277 2.598729 43 43 43 636 56
8.045630 4.636831 2.605043 38 38 38 0 60
8.153250 4.640026 2.639888 35 35 35 4 60
8.263787 4.643308 2.675678 32 32 32 8 60
8.377360 4.646679 2.712451 29 29 29 12 60
8.427106 4.613468 2.728558 28 28 28 16 60
8.428525 4.553431 2.729018 28 28 28 20 60
8.429944 4.493373 2.729477 27 27 27 24 60
8.431363 4.433296 2.729936 27 27 27 28 60
8.432781 4.373197 2.730396 27 27 27 32 60
8.434202 4.313079 2.730856 27 27 27 36 60
8.435622 4.252941 2.731316 27 27 27 40 60
8.437043 4.192781 2.731776 27 27 27 44 60
8.438465 4.132603 2.732236 27 27 27 48 60
8.439888 4.072404 2.732697 27 27 27 52 60
8.441309 4.012183 2.733157 27 27 27 56 60
8.442733 3.951944 2.733618 27 27 27 60 60
8.444157 3.891684 2.734079 27 27 27 64 60
8.445580 3.831403 2.734540 27 27 27 68 60
8.447004 3.771102 2.735001 27 27 27 72 60
8.448429 3.710781 2.735462 27 27 27 76 60
8.449854 3.650439 2.735924 27 27 27 80 60
8.451281 3.590077 2.736385 27 27 27 84 60
8.452707 3.529695 2.736847 27 27 27 88 60
8.454133 3.469292 2.737309 27 27 27 92 60
8.455561 3.408869 2.737771 27 27 27 96 60
8.456988 3.348425 2.738233 27 27 27 100 60
8.458417 3.287961 2.738696 27 27 27 104 60
8.459846 3.227477 2.739159 27 27 27 108 60
8.461274 3.166972 2.739621 27 27 27 112 60
8.462705 3.106447 2.740084 27 27 27 116 60
8.464134 3.045901 2.740547 27 27 27 120 60
8.465564 2.985335 2.741010 27 27 27 124 60
8.466996 2.924748 2.741474 26 26 26 128 60
8.468428 2.864141 2.741937 26 26 26 132 60
8.469859 2.803514 2.742401 26 26 26 136 60
8.471292 2.742865 2.742865 26 26 26 140 60
8.472726 2.682197 2.743329 26 26 26 144 60
8.474158 2.621507 2.743793 26 26 26 148 60
8.475594 2.560798 2.744257 26 26 26 152 60
8.477028 2.500068 2.744722 26 26 26 156 60
8.478463 2.439317 2.745187 26 26 26 160 60
8.479898 2.378545 2.745651 26 26 26 164 60
8.481335 2.317753 2.746116 26 26 26 168 60
8.482771 2.256941 2.746581 26 26 26 172 60
8.484208 2.196107 2.747046 26 26 26 176 60
8.485645 2.135253 2.747512 26 26 26 180 60
8.487084 2.074379 2.747978 26 26 26 184 60
8.488522 2.013484 2.748443 26 26 26 188 60
8.489961 1.952568 2.748909 26 26 26 192 60
8.491400 1.891632 2.749375 26 26 26 196 60
8.492840 1.830675 2.749841 26 26 26 200 60
8.494280 1.769697 2.750308 26 26 26 204 60
8.495721 1.708699 2.750774 26 26 26 208 60
8.497163 1.647680 2.751241 26 26 26 212 60
8.498604 1.586640 2.751708 26 26 26 216 60
8.500047 1.525579 2.752175 26 26 26 220 60
8.501490 1.464498 2.752642 26 26 26 224 60
8.502933 1.403396 2.753109 26 26 26 228 60
8.504376 1.342273 2.753577 25 25 25 232 60
8.505821 1.281130 2.754045 25 25 25 236 60
8.507266 1.219966 2.754512 25 25 25 240 60
8.508711 1.158780 2.754980 25 25 25 244 60
8.510157 1.097575 2.755449 25 25 25 248 60
8.511602 1.036348 2.755917 25 25 25 252 60
8.513049 0.975100 2.756385 25 25 25 256 60
8.514497 0.913832 2.756854 25 25 25 260 60
8.515944 0.852543 2.757322 25 25 25 264 60
8.517392 0.791233 2.757791 25 25 25 268 60
8.518842 0.729902 2.758260 25 25 25 272 60
8.520290 0.668550 2.758730 25 25 25 276 60
8.521739 0.607178 2.759199 25 25 25 280 60
8.523190 0.545784 2.759668 25 25 25 284 60
8.524641 0.484370 2.760138 25 25 25 288 60
8.526092 0.422935 2.760608 25 25 25 292 60
8.527544 0.361479 2.761078 25 25 25 296 60
8.528996 0.300001 2.761548 25 25 25 300 60
8.530449 0.238503 2.762019 25 25 25 304 60
8.531901 0.176984 2.762489 25 25 25 308 60
8.533356 0.115444 2.762960 25 25 25 312 60
8.534810 0.053883 2.763431 25 25 25 316 60
8.536263 -0.007699 2.763901 25 25 25 320 60
8.537720 -0.069301 2.764373 25 25 25 324 60
8.539175 -0.130925 2.764844 25 25 25 328 60
8.540631 -0.192570 2.765316 25 25 25 332 60
8.542088 -0.254236 2.765787 24 24 24 336 60
8.543546 -0.315923 2.766259 24 24 24 340 60
8.545003 -0.377631 2.766731 24 24 24 344 60
8.546460 -0.439361 2.767203 24 24 24 348 60
8.547920 -0.501111 2.767676 24 24 24 352 60
8.549378 -0.562882 2.768148 24 24 24 356 60
8.550838 -0.624674 2.768620 24 24 24 360 60
8.552299 -0.686488 2.769093 24 24 24 364 60
8.553760 -0.748323 2.769566 24 24 24 368 60
8.555220 -0.810178 2.770039 24 24 24 372 60
8.556682 -0.872055 2.770512 24 24 24 376 60
8.558145 -0.933953 2.770986 24 24 24 380 60
8.559607 -0.995872 2.771459 24 24 24 384 60
8.561069 -1.057813 2.771933 24 24 24 388 60
8.562533 -1.119774 2.772407 24 24 24 392 60
8.563996 -1.181757 2.772881 24 24 24 396 60
8.565461 -1.243761 2.773355 24 24 24 400 60
8.566927 -1.305786 2.773830 24 24 24 404 60
8.568393 -1.367832 2.774304 24 24 24 408 60
8.569858 -1.429900 2.774779 24 24 24 412 60
8.571325 -1.491989 2.775254 24 24 24 416 60
8.572792 -1.554099 2.775728 24 24 24 420 60
8.574260 -1.616230 2.776204 24 24 24 424 60
8.575728 -1.678383 2.776679 24 24 24 428 60
8.577197 -1.740556 2.777155 24 24 24 432 60
8.578666 -1.802752 2.777630 23 23 23 436 60
8.580135 -1.864968 2.778106 23 23 23 440 60
8.581606 -1.927206 2.778582 23 23 23 444 60
8.583077 -1.989465 2.779059 23 23 23 448 60
8.584547 -2.051746 2.779535 23 23 23 452 60
8.586020 -2.114048 2.780011 23 23 23 456 60
8.587492 -2.176371 2.780488 23 23 23 460 60
8.588964 -2.238715 2.780965 23 23 23 464 60
8.590437 -2.301081 2.781442 23 23 23 468 60
8.591911 -2.363469 2.781919 23 23 23 472 60
8.593386 -2.425878 2.782396 23 23 23 476 60
8.594859 -2.488307 2.782874 23 23 23 480 60
8.596334 -2.550759 2.783351 23 23 23 484 60
8.597811 -2.613232 2.783829 23 23 23 488 60
8.599286 -2.675727 2.784307 23 23 23 492 60
8.600763 -2.738243 2.784785 23 23 23 496 60
8.602241 -2.800780 2.785264 23 23 23 500 60
8.603719 -2.863339 2.785742 23 23 23 504 60
8.605196 -2.925920 2.786221 23 23 23 508 60
8.606675 -2.988522 2.786699 23 23 23 512 60
8.608154 -3.051145 2.787178 23 23 23 516 60
8.609633 -3.113790 2.787657 23 23 23 520 60
8.611115 -3.176457 2.788137 23 23 23 524 60
8.612596 -3.239145 2.788616 23 23 23 528 60
8.614077 -3.301854 2.789096 23 23 23 532 60
8.615559 -3.364585 2.789576 22 22 22 536 60
8.617041 -3.427338 2.790056 22 22 22 540 60
8.618524 -3.490113 2.790536 22 22 22 544 60
8.620007 -3.552909 2.791016 22 22 22 548 60
8.621490 -3.615726 2.791496 22 22 22 552 60
8.622975 -3.678566 2.791977 22 22 22 556 60
8.624459 -3.741426 2.792456 22 22 22 560 60
8.625945 -3.804309 2.792938 22 22 22 564 60
8.627432 -3.867213 2.793419 22 22 22 568 60
8.628918 -3.930139 2.793900 22 22 22 572 60
8.630404 -3.993086 2.794381 22 22 22 576 60
8.631892 -4.056056 2.794863 22 22 22 580 60
8.633380 -4.119047 2.795345 22 22 22 584 60
8.634869 -4.182060 2.795827 22 22 22 588 60
8.636357 -4.245094 2.796309 22 22 22 592 60
8.637847 -4.308150 2.796791 22 22 22 596 60
8.639337 -4.371228 2.797273 22 22 22 600 60
8.640827 -4.434328 2.797756 22 22 22 604 60
8.568834 -4.459208 2.774446 24 24 24 608 60
8.457896 -4.462502 2.738526 27 27 27 612 60
8.349794 -4.465711 2.703524 30 30 30 616 60
8.244420 -4.468840 2.669406 32 32 32 620 60
8.141671 -4.471889 2.636138 35 35 35 624 60
8.041453 -4.474865 2.603689 38 38 38 628 60
7.943673 -4.477767 2.572029 41 41 41 632 60
7.848240 -4.480600 2.541130 43 43 43 636 60
8.048934 4.638735 2.548037 38 38 38 0 64
8.156641 4.641956 2.582134 35 35 35 4 64
8.267270 4.645266 2.617156 32 32 32 8 64
8.380942 4.648666 2.653141 29 29 29 12 64
8.449191 4.625559 2.674746 27 27 27 16 64
8.450616 4.565365 2.675197 27 27 27 20 64
8.452043 4.505153 2.675649 27 27 27 24 64
8.453470 4.444920 2.676100 27 27 27 28 64
8.454895 4.384665 2.676552 27 27 27 32 64
8.456324 4.324391 2.677004 27 27 27 36 64
8.457752 4.264098 2.677456 27 27 27 40 64
8.459180 4.203783 2.677908 27 27 27 44 64
8.460608 4.143447 2.678360 27 27 27 48 64
8.462039 4.083092 2.678813 27 27 27 52 64
8.463469 4.022716 2.679266 27 27 27 56 64
8.464899 3.962320 2.679718 27 27 27 60 64
8.466330 3.901903 2.680172 27 27 27 64 64
8.467761 3.841465 2.680625 26 26 26 68 64
8.469193 3.781008 2.681078 26 26 26 72 64
8.470626 3.720530 2.681532 26 26 26 76 64
8.472058 3.660032 2.681985 26 26 26 80 64
8.473492 3.599513 2.682439 26 26 26 84 64
8.474926 3.538973 2.682893 26 26 26 88 64
8.476360 3.478413 2.683347 26 26 26 92 64
8.477795 3.417832 2.683801 26 26 26 96 64
8.479230 3.357231 2.684255 26 26 26 100 64
8.480666 3.296610 2.684710 26 26 26 104 64
8.482101 3.235968 2.685164 26 26 26 108 64
8.483539 3.175305 2.685619 26 26 26 112 64
8.484976 3.114622 2.686074 26 26 26 116 64
8.486414 3.053919 2.686530 26 26 26 120 64
8.487851 2.993194 2.686985 26 26 26 124 64
8.489290 2.932449 2.687440 26 26 26 128 64
8.490730 2.871684 2.687896 26 26 26 132 64
8.492169 2.810898 2.688352 26 26 26 136 64
8.493609 2.750091 2.688807 26 26 26 140 64
8.495050 2.689264 2.689264 26 26 26 144 64
8.496491 2.628416 2.689720 26 26 26 148 64
8.497933 2.567548 2.690176 26 26 26 152 64
8.499374 2.506658 2.690633 26 26 26 156 64
8.500818 2.445748 2.691089 26 26 26 160 64
8.502259 2.384817 2.691546 26 26 26 164 64
8.503704 2.323866 2.692003 25 25 25 168 64
8.505149 2.262894 2.692460 25 25 25 172 64
8.506593 2.201902 2.692918 25 25 25 176 64
8.508038 2.140888 2.693375 25 25 25 180 64
8.509483 2.079854 2.693833 25 25 25 184 64
8.510929 2.018799 2.694290 25 25 25 188 64
8.512376 1.957723 2.694748 25 25 25 192 64
8.056236 1.794690 2.550349 38 38 38 196 64
8.064134 1.738265 2.552849 37 37 37 200 64
8.071307 1.681575 2.555120 37 37 37 204 64
8.096953 1.628497 2.563239 36 36 36 208 64
8.122763 1.575080 2.571409 36 36 36 212 64
8.148737 1.521322 2.579632 35 35 35 216 64
8.174878 1.467219 2.587907 34 34 34 220 64
8.201187 1.412767 2.596236 34 34 34 224 64
8.227667 1.357964 2.604618 33 33 33 228 64
8.254316 1.302805 2.613055 32 32 32 232 64
8.281128 1.247287 2.621542 31 31 31 236 64
8.308116 1.191407 2.630086 31 31 31 240 64
8.335279 1.135161 2.638685 30 30 30 244 64
8.362620 1.078547 2.647340 29 29 29 248 64
8.390142 1.021559 2.656053 29 29 29 252 64
8.417847 0.964196 2.664823 28 28 28 256 64
8.537042 0.916252 2.702557 25 25 25 260 64
8.538498 0.854801 2.703017 25 25 25 264 64
8.539954 0.793329 2.703478 25 25 25 268 64
8.541409 0.731836 2.703939 24 24 24 272 64
8.542867 0.670322 2.704401 24 24 24 276 64
8.544324 0.608787 2.704862 24 24 24 280 64
8.545782 0.547231 2.705323 24 24 24 284 64
8.547240 0.485654 2.705785 24 24 24 288 64
8.548699 0.424056 2.706247 24 24 24 292 64
8.550158 0.362437 2.706709 24 24 24 296 64
8.551618 0.300797 2.707171 24 24 24 300 64
8.553080 0.239136 2.707633 24 24 24 304 64
8.554540 0.177454 2.708096 24 24 24 308 64
8.556001 0.115751 2.708558 24 24 24 312 64
8.557464 0.054026 2.709022 24 24 24 316 64
8.558925 -0.007719 2.709484 24 24 24 320 64
8.560387 -0.069485 2.709947 24 24 24 324 64
8.561852 -0.131273 2.710411 24 24 24 328 64
8.563314 -0.193082 2.710874 24 24 24 332 64
8.564779 -0.254912 2.711337 24 24 24 336 64
8.566245 -0.316763 2.711801 24 24 24 340 64
8.567710 -0.378635 2.712265 24 24 24 344 64
8.569176 -0.440528 2.712729 24 24 24 348 64
8.570642 -0.502443 2.713193 24 24 24 352 64
8.572109 -0.564379 2.713658 24 24 24 356 64
8.573576 -0.626336 2.714122 24 24 24 360 64
8.575045 -0.688314 2.714587 24 24 24 364 64
8.576513 -0.750313 2.715052 24 24 24 368 64
8.577982 -0.812334 2.715517 23 23 23 372 64
8.579451 -0.874376 2.715982 23 23 23 376 64
8.580921 -0.936439 2.716447 23 23 23 380 64
8.582392 -0.998523 2.716913 23 23 23 384 64
8.583861 -1.060629 2.717378 23 23 23 388 64
8.585334 -1.122756 2.717844 23 23 23 392 64
8.586806 -1.184904 2.718311 23 23 23 396 64
8.588279 -1.247074 2.718776 23 23 23 400 64
8.589751 -1.309265 2.719243 23 23 23 404 64
8.591225 -1.371477 2.719709 23 23 23 408 64
8.592698 -1.433711 2.720176 23 23 23 412 64
8.594172 -1.495965 2.720642 23 23 23 416 64
8.595648 -1.558242 2.721109 23 23 23 420 64
8.597124 -1.620540 2.721577 23 23 23 424 64
8.598599 -1.682859 2.722044 23 23 23 428 64
8.600076 -1.745199 2.722511 23 23 23 432 64
8.601554 -1.807561 2.722979 23 23 23 436 64
8.603030 -1.869944 2.723446 23 23 23 440 64
8.604508 -1.932349 2.723914 23 23 23 444 64
8.605987 -1.994776 2.724382 23 23 23 448 64
8.607466 -2.057223 2.724850 23 23 23 452 64
8.608945 -2.119692 2.725319 23 23 23 456 64
8.610425 -2.182183 2.725787 23 23 23 460 64
8.611906 -2.244695 2.726256 23 23 23 464 64
8.613387 -2.307229 2.726725 23 23 23 468 64
8.614868 -2.369784 2.727194 23 23 23 472 64
8.616351 -2.432361 2.727663 22 22 22 476 64
8.617833 -2.494959 2.728132 22 22 22 480 64
8.619316 -2.557579 2.728602 22 22 22 484 64
8.620800 -2.620220 2.729072 22 22 22 488 64
8.622283 -2.682882 2.729541 22 22 22 492 64
8.623768 -2.745567 2.730011 22 22 22 496 64
8.625254 -2.808273 2.730482 22 22 22 500 64
8.626740 -2.871001 2.730952 22 22 22 504 64
8.628226 -2.933750 2.731422 22 22 22 508 64
8.629712 -2.996521 2.731893 22 22 22 512 64
8.631200 -3.059314 2.732364 22 22 22 516 64
8.632687 -3.122128 2.732835 22 22 22 520 64
8.634174 -3.184963 2.733306 22 22 22 524 64
8.635664 -3.247820 2.733777 22 22 22 528 64
8.637154 -3.310700 2.734249 22 22 22 532 64
8.638642 -3.373600 2.734720 22 22 22 536 64
8.640133 -3.436523 2.735192 22 22 22 540 64
8.641624 -3.499468 2.735664 22 22 22 544 64
8.643116 -3.562434 2.736136 22 22 22 548 64
8.644607 -3.625421 2.736608 22 22 22 552 64
8.646100 -3.688430 2.737080 22 22 22 556 64
8.647593 -3.751461 2.737552 22 22 22 560 64
8.649086 -3.814514 2.738025 22 22 22 564 64
8.650579 -3.877589 2.738498 22 22 22 568 64
8.652074 -3.940686 2.738971 22 22 22 572 64
8.653569 -4.003804 2.739444 21 21 21 576 64
8.655065 -4.066944 2.739918 21 21 21 580 64
8.656561 -4.130107 2.740391 21 21 21 584 64
8.658057 -4.193290 2.740865 21 21 21 588 64
8.659553 -4.256495 2.741338 21 21 21 592 64
8.661051 -4.319723 2.741813 21 21 21 596 64
8.662549 -4.382973 2.742287 21 21 21 600 64
8.664047 -4.446244 2.742761 21 21 21 604 64
8.565337 -4.457388 2.711513 24 24 24 608 64
8.454489 -4.460704 2.676422 27 27 27 612 64
8.346473 -4.463935 2.642227 30 30 30 616 64
8.241182 -4.467085 2.608896 33 33 33 620 64
8.138514 -4.470155 2.576394 35 35 35 624 64
8.038374 -4.473151 2.544693 38 38 38 628 64
7.940667 -4.476073 2.513762 41 41 41 632 64
7.845306 -4.478925 2.483574 43 43 43 636 64
8.052239 4.640640 2.490985 38 38 38 0 68
8.160037 4.643889 2.524332 35 35 35 4 68
8.270760 4.647226 2.558585 32 32 32 8 68
8.384527 4.650654 2.593779 29 29 29 12 68
8.471392 4.637712 2.620651 26 26 26 16 68
8.472824 4.577363 2.621094 26 26 26 20 68
8.474258 4.516994 2.621538 26 26 26 24 68
8.475692 4.456604 2.621981 26 26 26 28 68
8.477127 4.396194 2.622425 26 26 26 32 68
8.478561 4.335763 2.622869 26 26 26 36 68
8.479997 4.275312 2.623313 26 26 26 40 68
8.481433 4.214841 2.623757 26 26 26 44 68
8.482869 4.154349 2.624202 26 26 26 48 68
8.484306 4.093836 2.624646 26 26 26 52 68
8.485744 4.033303 2.625091 26 26 26 56 68
8.487183 3.972750 2.625536 26 26 26 60 68
8.488621 3.912176 2.625981 26 26 26 64 68
8.490060 3.851582 2.626426 26 26 26 68 68
8.491499 3.790966 2.626871 26 26 26 72 68
8.492939 3.730330 2.627317 26 26 26 76 68
8.494379 3.669674 2.627762 26 26 26 80 68
8.495821 3.608998 2.628208 26 26 26 84 68
8.497261 3.548300 2.628654 26 26 26 88 68
8.498703 3.487582 2.629100 26 26 26 92 68
8.500147 3.426844 2.629546 26 26 26 96 68
8.501589 3.366084 2.629992 26 26 26 100 68
8.503032 3.305304 2.630439 26 26 26 104 68
8.504477 3.244504 2.630886 25 25 25 108 68
8.505920 3.183682 2.631332 25 25 25 112 68
8.507364 3.122840 2.631779 25 25 25 116 68
8.508810 3.061978 2.632226 25 25 25 120 68
8.510256 3.001095 2.632674 25 25 25 124 68
8.511703 2.940191 2.633121 25 25 25 128 68
8.513149 2.879267 2.633569 25 25 25 132 68
8.514597 2.818321 2.634017 25 25 25 136 68
8.516044 2.757355 2.634464 25 25 25 140 68
8.517492 2.696369 2.634912 25 25 25 144 68
8.518942 2.635361 2.635360 25 25 25 148 68
8.520390 2.574332 2.635809 25 25 25 152 68
8.521840 2.513284 2.636257 25 25 25 156 68
8.523291 2.452214 2.636706 25 25 25 160 68
8.524740 2.391123 2.637155 25 25 25 164 68
8.526192 2.330012 2.637604 25 25 25 168 68
8.527644 2.268880 2.638053 25 25 25 172 68
8.529097 2.207727 2.638502 25 25 25 176 68
8.530548 2.146553 2.638951 25 25 25 180 68
8.532002 2.085358 2.639401 25 25 25 184 68
8.533456 2.024143 2.639851 25 25 25 188 68
8.534910 1.962906 2.640301 25 25 25 192 68
8.077582 1.799446 2.498825 37 37 37 196 68
8.504251 1.833135 2.630816 25 25 25 200 68
8.539275 1.779071 2.641651 25 25 25 204 68
8.540731 1.717752 2.642101 25 25 25 208 68
8.542189 1.656411 2.642552 24 24 24 212 68
8.543645 1.595049 2.643003 24 24 24 216 68
8.545102 1.533666 2.643454 24 24 24 220 68
8.546561 1.472262 2.643905 24 24 24 224 68
8.548020 1.410838 2.644356 24 24 24 228 68
8.549479 1.349392 2.644807 24 24 24 232 68
8.550940 1.287925 2.645259 24 24 24 236 68
8.552400 1.226438 2.645711 24 24 24 240 68
8.553860 1.164929 2.646163 24 24 24 244 68
8.555320 1.103399 2.646615 24 24 24 248 68
8.556783 1.041849 2.647067 24 24 24 252 68
8.092752 0.926959 2.503517 37 37 37 256 68
8.559708 0.918684 2.647972 24 24 24 260 68
8.561170 0.857071 2.648424 24 24 24 264 68
8.562634 0.795436 2.648877 24 24 24 268 68
8.564097 0.733780 2.649330 24 24 24 272 68
8.565563 0.672103 2.649783 24 24 24 276 68
8.567028 0.610405 2.650236 24 24 24 280 68
8.568494 0.548685 2.650690 24 24 24 284 68
8.569959 0.486945 2.651143 24 24 24 288 68
8.571426 0.425184 2.651597 24 24 24 292 68
8.572893 0.363401 2.652051 24 24 24 296 68
8.574361 0.301597 2.652505 24 24 24 300 68
8.575830 0.239772 2.652959 24 24 24 304 68
8.577297 0.177926 2.653413 24 24 24 308 68
8.578766 0.116059 2.653867 23 23 23 312 68
8.580236 0.054170 2.654322 23 23 23 316 68
8.581707 -0.007740 2.654777 23 23 23 320 68
8.583178 -0.069670 2.655232 23 23 23 324 68
8.584648 -0.131623 2.655687 23 23 23 328 68
8.586121 -0.193596 2.656142 23 23 23 332 68
8.587592 -0.255591 2.656598 23 23 23 336 68
8.589066 -0.317607 2.657053 23 23 23 340 68
8.590539 -0.379644 2.657509 23 23 23 344 68
8.592012 -0.441702 2.657965 23 23 23 348 68
8.593486 -0.503782 2.658421 23 23 23 352 68
8.594961 -0.565883 2.658877 23 23 23 356 68
8.596437 -0.628006 2.659334 23 23 23 360 68
8.597911 -0.690149 2.659790 23 23 23 364 68
8.599388 -0.752314 2.660247 23 23 23 368 68
8.600865 -0.814501 2.660704 23 23 23 372 68
8.602343 -0.876709 2.661161 23 23 23 376 68
8.603820 -0.938938 2.661618 23 23 23 380 68
8.605299 -1.001188 2.662075 23 23 23 384 68
8.606778 -1.063460 2.662533 23 23 23 388 68
8.608256 -1.125754 2.662990 23 23 23 392 68
8.609736 -1.188069 2.663448 23 23 23 396 68
8.611217 -1.250405 2.663906 23 23 23 400 68
8.612697 -1.312762 2.664364 23 23 23 404 68
8.614179 -1.375141 2.664822 23 23 23 408 68
8.615661 -1.437542 2.665281 22 22 22 412 68
8.617143 -1.499964 2.665739 22 22 22 416 68
8.618626 -1.562407 2.666198 22 22 22 420 68
8.620109 -1.624872 2.666657 22 22 22 424 68
8.621593 -1.687359 2.667116 22 22 22 428 68
8.623077 -1.749867 2.667575 22 22 22 432 68
8.624562 -1.812396 2.668035 22 22 22 436 68
8.626048 -1.874948 2.668494 22 22 22 440 68
8.627533 -1.937520 2.668953 22 22 22 444 68
8.629020 -2.000114 2.669413 22 22 22 448 68
8.630507 -2.062730 2.669874 22 22 22 452 68
8.631994 -2.125367 2.670334 22 22 22 456 68
8.633482 -2.188026 2.670794 22 22 22 460 68
8.634972 -2.250707 2.671255 22 22 22 464 68
8.636459 -2.313409 2.671715 22 22 22 468 68
8.637949 -2.376133 2.672176 22 22 22 472 68
8.639440 -2.438878 2.672637 22 22 22 476 68
8.640930 -2.501646 2.673098 22 22 22 480 68
8.642421 -2.564434 2.673559 22 22 22 484 68
8.643912 -2.627245 2.674021 22 22 22 488 68
8.645406 -2.690077 2.674482 22 22 22 492 68
8.646897 -2.752931 2.674944 22 22 22 496 68
8.648390 -2.815806 2.675406 22 22 22 500 68
8.649884 -2.878703 2.675868 22 22 22 504 68
8.651379 -2.941622 2.676330 22 22 22 508 68
8.652873 -3.004563 2.676792 21 21 21 512 68
8.654368 -3.067526 2.677255 21 21 21 516 68
8.655864 -3.130510 2.677718 21 21 21 520 68
8.657360 -3.193516 2.678180 21 21 21 524 68
8.658856 -3.256543 2.678643 21 21 21 528 68
8.660354 -3.319593 2.679107 21 21 21 532 68
8.661851 -3.382664 2.679570 21 21 21 536 68
8.663349 -3.445757 2.680033 21 21 21 540 68
8.664849 -3.508873 2.680497 21 21 21 544 68
8.666348 -3.572010 2.680961 21 21 21 548 68
8.667848 -3.635167 2.681424 21 21 21 552 68
8.669348 -3.698348 2.681888 21 21 21 556 68
8.670849 -3.761550 2.682352 21 21 21 560 68
8.672351 -3.824775 2.682817 21 21 21 564 68
8.673852 -3.888021 2.683281 21 21 21 568 68
8.675355 -3.951289 2.683746 21 21 21 572 68
8.676858 -4.014579 2.684211 21 21 21 576 68
8.678361 -4.077891 2.684676 21 21 21 580 68
8.679866 -4.141225 2.685142 21 21 21 584 68
8.681369 -4.204581 2.685606 21 21 21 588 68
8.682875 -4.267959 2.686072 21 21 21 592 68
8.684381 -4.331359 2.686538 21 21 21 596 68
8.685886 -4.394781 2.687004 21 21 21 600 68
8.675543 -4.452143 2.683804 21 21 21 604 68
8.561842 -4.455570 2.648630 24 24 24 608 68
8.451084 -4.458908 2.614367 27 27 27 612 68
8.343154 -4.462160 2.580979 30 30 30 616 68
8.237946 -4.465331 2.548432 33 33 33 620 68
8.135359 -4.468422 2.516697 35 35 35 624 68
8.035295 -4.471438 2.485742 38 38 38 628 68
7.937662 -4.474380 2.455539 41 41 41 632 68
7.842374 -4.477251 2.426061 43 43 43 636 68
8.055549 4.642547 2.433886 38 38 38 0 72
8.163435 4.645823 2.466483 35 35 35 4 72
8.274250 4.649187 2.499964 32 32 32 8 72
8.388115 4.652644 2.534367 29 29 29 12 72
8.493710 4.649930 2.566271 26 26 26 16 72
8.495150 4.589425 2.566706 26 26 26 20 72
8.496591 4.528898 2.567141 26 26 26 24 72
8.498032 4.468351 2.567577 26 26 26 28 72
8.499475 4.407784 2.568013 26 26 26 32 72
8.500917 4.347196 2.568449 26 26 26 36 72
8.502360 4.286587 2.568885 26 26 26 40 72
8.503804 4.225958 2.569321 25 25 25 44 72
8.505248 4.165308 2.569757 25 25 25 48 72
8.506692 4.104638 2.570194 25 25 25 52 72
8.508138 4.043947 2.570630 25 25 25 56 72
8.509583 3.983236 2.571067 25 25 25 60 72
8.511028 3.922503 2.571504 25 25 25 64 72
8.512475 3.861750 2.571941 25 25 25 68 72
8.513923 3.800977 2.572378 25 25 25 72 72
8.515370 3.740183 2.572815 25 25 25 76 72
8.516818 3.679368 2.573253 25 25 25 80 72
8.518268 3.618533 2.573691 25 25 25 84 72
8.519715 3.557677 2.574128 25 25 25 88 72
8.521165 3.496799 2.574566 25 25 25 92 72
8.522615 3.435902 2.575004 25 25 25 96 72
8.524065 3.374983 2.575443 25 25 25 100 72
8.525517 3.314044 2.575881 25 25 25 104 72
8.526969 3.253085 2.576320 25 25 25 108 72
8.528420 3.192104 2.576758 25 25 25 112 72
8.529872 3.131102 2.577197 25 25 25 116 72
8.531324 3.070080 2.577636 25 25 25 120 72
8.532779 3.009038 2.578075 25 25 25 124 72
8.534233 2.947974 2.578515 25 25 25 128 72
8.535687 2.886889 2.578954 25 25 25 132 72
8.537143 2.825784 2.579394 25 25 25 136 72
8.538597 2.764657 2.579833 25 25 25 140 72
8.540052 2.703511 2.580273 25 25 25 144 72
8.541511 2.642343 2.580713 24 24 24 148 72
8.542967 2.581154 2.581153 24 24 24 152 72
8.544424 2.519944 2.581594 24 24 24 156 72
8.545882 2.458714 2.582034 24 24 24 160 72
8.547341 2.397462 2.582475 24 24 24 164 72
8.548800 2.336190 2.582916 24 24 24 168 72
8.550260 2.274897 2.583357 24 24 24 172 72
8.551720 2.213583 2.583798 24 24 24 176 72
8.553180 2.152247 2.584239 24 24 24 180 72
8.554641 2.090891 2.584680 24 24 24 184 72
8.556102 2.029514 2.585122 24 24 24 188 72
8.557563 1.968116 2.585563 24 24 24 192 72
8.099042 1.804226 2.447027 36 36 36 196 72
8.515032 1.835459 2.572713 25 25 25 200 72
8.561953 1.783796 2.586890 24 24 24 204 72
8.563416 1.722314 2.587332 24 24 24 208 72
8.564881 1.660811 2.587774 24 24 24 212 72
8.566345 1.599287 2.588217 24 24 24 216 72
8.567811 1.537742 2.588660 24 24 24 220 72
8.569277 1.476175 2.589103 24 24 24 224 72
8.570744 1.414588 2.589546 24 24 24 228 72
8.572210 1.352980 2.589989 24 24 24 232 72
8.573678 1.291350 2.590432 24 24 24 236 72
8.575145 1.229700 2.590876 24 24 24 240 72
8.576614 1.168028 2.591320 24 24 24 244 72
8.578082 1.106335 2.591763 23 23 23 248 72
8.579553 1.044621 2.592207 23 23 23 252 72
8.114291 0.929426 2.451634 36 36 36 256 72
8.582493 0.921130 2.593096 23 23 23 260 72
8.583963 0.859352 2.593540 23 23 23 264 72
8.585436 0.797554 2.593985 23 23 23 268 72
8.586906 0.735734 2.594429 23 23 23 272 72
8.588380 0.673893 2.594874 23 23 23 276 72
8.589853 0.612031 2.595320 23 23 23 280 72
8.591326 0.550147 2.595764 23 23 23 284 72
8.592800 0.488243 2.596210 23 23 23 288 72
8.594275 0.426317 2.596655 23 23 23 292 72
8.595750 0.364370 2.597101 23 23 23 296 72
8.597225 0.302401 2.597547 23 23 23 300 72
8.598701 0.240412 2.597993 23 23 23 304 72
8.600178 0.178401 2.598439 23 23 23 308 72
8.601654 0.116368 2.598885 23 23 23 312 72
8.603132 0.054315 2.599332 23 23 23 316 72
8.604610 -0.007760 2.599778 23 23 23 320 72
8.606089 -0.069856 2.600225 23 23 23 324 72
8.607568 -0.131974 2.600672 23 23 23 328 72
8.609047 -0.194113 2.601119 23 23 23 332 72
8.610528 -0.256273 2.601566 23 23 23 336 72
8.612008 -0.318455 2.602013 23 23 23 340 72
8.613489 -0.380658 2.602461 23 23 23 344 72
8.614971 -0.442883 2.602908 23 23 23 348 72
8.616452 -0.505128 2.603356 22 22 22 352 72
8.617935 -0.567396 2.603804 22 22 22 356 72
8.619419 -0.629685 2.604252 22 22 22 360 72
8.620902 -0.691995 2.604700 22 22 22 364 72
8.622385 -0.754326 2.605149 22 22 22 368 72
8.623871 -0.816679 2.605597 22 22 22 372 72
8.625357 -0.879054 2.606046 22 22 22 376 72
8.626841 -0.941450 2.606495 22 22 22 380 72
8.628328 -1.003868 2.606944 22 22 22 384 72
8.629815 -1.066307 2.607394 22 22 22 388 72
8.631302 -1.128767 2.607843 22 22 22 392 72
8.632790 -1.191249 2.608292 22 22 22 396 72
8.634278 -1.253753 2.608742 22 22 22 400 72
8.635767 -1.316279 2.609192 22 22 22 404 72
8.637255 -1.378825 2.609641 22 22 22 408 72
8.638746 -1.441394 2.610092 22 22 22 412 72
8.640236 -1.503984 2.610542 22 22 22 416 72
8.641726 -1.566595 2.610992 22 22 22 420 72
8.643217 -1.629228 2.611443 22 22 22 424 72
8.644711 -1.691883 2.611894 22 22 22 428 72
8.646203 -1.754560 2.612345 22 22 22 432 72
8.647695 -1.817258 2.612796 22 22 22 436 72
8.649188 -1.879977 2.613247 22 22 22 440 72
8.650682 -1.942719 2.613698 22 22 22 444 72
8.652177 -2.005482 2.614150 22 22 22 448 72
8.653672 -2.068267 2.614601 21 21 21 452 72
8.655168 -2.131073 2.615053 21 21 21 456 72
8.656664 -2.193901 2.615505 21 21 21 460 72
8.658160 -2.256751 2.615957 21 21 21 464 72
8.659657 -2.319623 2.616410 21 21 21 468 72
8.661154 -2.382516 2.616862 21 21 21 472 72
8.662652 -2.445431 2.617314 21 21 21 476 72
8.664150 -2.508368 2.617767 21 21 21 480 72
8.665649 -2.571327 2.618220 21 21 21 484 72
8.667150 -2.634307 2.618673 21 21 21 488 72
8.668650 -2.697309 2.619127 21 21 21 492 72
8.670151 -2.760334 2.619580 21 21 21 496 72
8.671651 -2.823380 2.620034 21 21 21 500 72
8.673153 -2.886447 2.620487 21 21 21 504 72
8.674655 -2.949537 2.620941 21 21 21 508 72
8.676157 -3.012648 2.621395 21 21 21 512 72
8.677661 -3.075782 2.621849 21 21 21 516 72
8.679165 -3.138937 2.622304 21 21 21 520 72
8.680669 -3.202114 2.622758 21 21 21 524 72
8.682173 -3.265312 2.623213 21 21 21 528 72
8.683679 -3.328533 2.623667 21 21 21 532 72
8.685185 -3.391777 2.624123 21 21 21 536 72
8.686691 -3.455041 2.624578 21 21 21 540 72
8.688198 -3.518327 2.625032 21 21 21 544 72
8.689707 -3.581636 2.625488 20 20 20 548 72
8.691214 -3.644967 2.625943 20 20 20 552 72
8.692722 -3.708319 2.626399 20 20 20 556 72
8.694231 -3.771694 2.626855 20 20 20 560 72
8.695741 -3.835090 2.627311 20 20 20 564 72
8.697250 -3.898509 2.627767 20 20 20 568 72
8.698761 -3.961950 2.628223 20 20 20 572 72
8.700273 -4.025413 2.628680 20 20 20 576 72
8.701784 -4.088897 2.629137 20 20 20 580 72
8.703296 -4.152404 2.629594 20 20 20 584 72
8.704809 -4.215933 2.630051 20 20 20 588 72
8.706322 -4.279484 2.630508 20 20 20 592 72
8.707835 -4.343057 2.630965 20 20 20 596 72
8.709350 -4.406652 2.631423 20 20 20 600 72
8.671957 -4.450303 2.620125 21 21 21 604 72
8.558351 -4.453753 2.585800 24 24 24 608 72
8.447682 -4.457113 2.552363 27 27 27 612 72
8.339839 -4.460387 2.519779 30 30 30 616 72
8.234714 -4.463578 2.488017 33 33 33 620 72
8.132206 -4.466691 2.457046 36 36 36 624 72
8.032220 -4.469727 2.426836 38 38 38 628 72
7.934661 -4.472688 2.397360 41 41 41 632 72
7.839444 -4.475578 2.368591 43 43 43 636 72
8.058859 4.644455 2.376740 37 37 37 0 76
8.166835 4.647758 2.408584 35 35 35 4 76
8.277743 4.651150 2.441294 32 32 32 8 76
8.391706 4.654635 2.474903 29 29 29 12 76
8.508849 4.658219 2.509452 25 25 25 16 76
8.517592 4.601549 2.512030 25 25 25 20 76
8.519041 4.540864 2.512458 25 25 25 24 76
8.520490 4.480159 2.512885 25 25 25 28 76
8.521939 4.419434 2.513313 25 25 25 32 76
8.523390 4.358688 2.513740 25 25 25 36 76
8.524840 4.297921 2.514168 25 25 25 40 76
8.526292 4.237134 2.514596 25 25 25 44 76
8.527745 4.176326 2.515025 25 25 25 48 76
8.529197 4.115497 2.515453 25 25 25 52 76
8.530649 4.054646 2.515881 25 25 25 56 76
8.532103 3.993777 2.516310 25 25 25 60 76
8.533556 3.932885 2.516738 25 25 25 64 76
8.535010 3.871974 2.517167 25 25 25 68 76
8.536465 3.811041 2.517596 25 25 25 72 76
8.537920 3.750087 2.518025 25 25 25 76 76
8.539375 3.689113 2.518455 25 25 25 80 76
8.540833 3.628119 2.518884 24 24 24 84 76
8.542289 3.567103 2.519314 24 24 24 88 76
8.543745 3.506066 2.519743 24 24 24 92 76
8.545203 3.445008 2.520174 24 24 24 96 76
8.546662 3.383930 2.520604 24 24 24 100 76
8.548120 3.322831 2.521034 24 24 24 104 76
8.549580 3.261711 2.521464 24 24 24 108 76
8.551040 3.200570 2.521895 24 24 24 112 76
8.552499 3.139408 2.522325 24 24 24 116 76
8.553961 3.078226 2.522756 24 24 24 120 76
8.555422 3.017023 2.523187 24 24 24 124 76
8.556883 2.955798 2.523618 24 24 24 128 76
8.558345 2.894552 2.524049 24 24 24 132 76
8.559808 2.833286 2.524481 24 24 24 136 76
8.561272 2.771999 2.524912 24 24 24 140 76
8.562735 2.710691 2.525344 24 24 24 144 76
8.564199 2.649362 2.525776 24 24 24 148 76
8.565663 2.588012 2.526208 24 24 24 152 76
8.567129 2.526640 2.526640 24 24 24 156 76
8.568594 2.465248 2.527072 24 24 24 160 76
8.570061 2.403835 2.527504 24 24 24 164 76
8.571527 2.342401 2.527937 24 24 24 168 76
8.572994 2.280946 2.528370 24 24 24 172 76
8.574462 2.219470 2.528803 24 24 24 176 76
8.575931 2.157972 2.529236 24 24 24 180 76
8.577399 2.096454 2.529669 24 24 24 184 76
8.578868 2.034914 2.530102 23 23 23 188 76
8.580338 1.973354 2.530536 23 23 23 192 76
8.120616 1.809032 2.394953 36 36 36 196 76
8.525840 1.837788 2.514463 25 25 25 200 76
8.584750 1.788546 2.531837 23 23 23 204 76
8.586222 1.726901 2.532271 23 23 23 208 76
8.587693 1.665235 2.532705 23 23 23 212 76
8.589167 1.603547 2.533139 23 23 23 216 76
8.590640 1.541839 2.533574 23 23 23 220 76
8.592113 1.480109 2.534008 23 23 23 224 76
8.593588 1.418359 2.534443 23 23 23 228 76
8.595063 1.356587 2.534878 23 23 23 232 76
8.596539 1.294793 2.535313 23 23 23 236 76
8.598014 1.232979 2.535748 23 23 23 240 76
8.599490 1.171143 2.536184 23 23 23 244 76
8.600967 1.109287 2.536620 23 23 23 248 76
8.602444 1.047408 2.537055 23 23 23 252 76
8.135945 0.931906 2.399474 35 35 35 256 76
8.605401 0.923589 2.537927 23 23 23 260 76
8.606878 0.861647 2.538363 23 23 23 264 76
8.608358 0.799683 2.538800 23 23 23 268 76
8.609838 0.737699 2.539236 23 23 23 272 76
8.611319 0.675693 2.539672 23 23 23 276 76
8.612800 0.613666 2.540109 23 23 23 280 76
8.614281 0.551617 2.540546 23 23 23 284 76
8.615763 0.489548 2.540983 22 22 22 288 76
8.617245 0.427456 2.541420 22 22 22 292 76
8.618729 0.365344 2.541857 22 22 22 296 76
8.620211 0.303210 2.542295 22 22 22 300 76
8.621695 0.241055 2.542732 22 22 22 304 76
8.623180 0.178878 2.543170 22 22 22 308 76
8.624665 0.116680 2.543608 22 22 22 312 76
8.626150 0.054460 2.544046 22 22 22 316 76
8.627636 -0.007781 2.544485 22 22 22 320 76
8.629123 -0.070043 2.544923 22 22 22 324 76
8.630610 -0.132327 2.545362 22 22 22 328 76
8.632097 -0.194633 2.545800 22 22 22 332 76
8.633585 -0.256960 2.546239 22 22 22 336 76
8.635073 -0.319308 2.546678 22 22 22 340 76
8.636562 -0.381678 2.547117 22 22 22 344 76
8.638052 -0.444069 2.547557 22 22 22 348 76
8.639544 -0.506482 2.547996 22 22 22 352 76
8.641032 -0.568916 2.548435 22 22 22 356 76
8.642524 -0.631372 2.548875 22 22 22 360 76
8.644015 -0.693850 2.549315 22 22 22 364 76
8.645508 -0.756349 2.549755 22 22 22 368 76
8.647000 -0.818870 2.550195 22 22 22 372 76
8.648494 -0.881412 2.550636 22 22 22 376 76
8.649987 -0.943976 2.551076 22 22 22 380 76
8.651482 -1.006562 2.551517 22 22 22 384 76
8.652975 -1.069169 2.551958 21 21 21 388 76
8.654471 -1.131797 2.552399 21 21 21 392 76
8.655966 -1.194448 2.552840 21 21 21 396 76
8.657463 -1.257120 2.553281 21 21 21 400 76
8.658959 -1.319814 2.553723 21 21 21 404 76
8.660458 -1.382529 2.554164 21 21 21 408 76
8.661955 -1.445266 2.554606 21 21 21 412 76
8.663453 -1.508025 2.555048 21 21 21 416 76
8.664951 -1.570806 2.555490 21 21 21 420 76
8.666451 -1.633608 2.555932 21 21 21 424 76
8.667952 -1.696432 2.556375 21 21 21 428 76
8.669452 -1.759278 2.556817 21 21 21 432 76
8.670952 -1.822145 2.557259 21 21 21 436 76
8.672454 -1.885034 2.557702 21 21 21 440 76
8.673956 -1.947945 2.558146 21 21 21 444 76
8.675459 -2.010878 2.558589 21 21 21 448 76
8.676961 -2.073833 2.559032 21 21 21 452 76
8.678465 -2.136809 2.559475 21 21 21 456 76
8.679969 -2.199808 2.559919 21 21 21 460 76
8.681473 -2.262828 2.560362 21 21 21 464 76
8.682979 -2.325870 2.560807 21 21 21 468 76
8.684484 -2.388934 2.561250 21 21 21 472 76
8.685990 -2.452019 2.561695 21 21 21 476 76
8.687497 -2.515127 2.562139 21 21 21 480 76
8.689004 -2.578257 2.562583 21 21 21 484 76
8.690512 -2.641408 2.563028 20 20 20 488 76
8.692019 -2.704581 2.563473 20 20 20 492 76
8.693529 -2.767777 2.563918 20 20 20 496 76
8.695038 -2.830994 2.564363 20 20 20 500 76
8.696548 -2.894233 2.564808 20 20 20 504 76
8.698058 -2.957494 2.565254 20 20 20 508 76
8.699570 -3.020777 2.565699 20 20 20 512 76
8.701080 -3.084083 2.566145 20 20 20 516 76
8.702592 -3.147409 2.566591 20 20 20 520 76
8.704105 -3.210759 2.567037 20 20 20 524 76
8.705617 -3.274129 2.567483 20 20 20 528 76
8.707130 -3.337523 2.567929 20 20 20 532 76
8.708646 -3.400938 2.568376 20 20 20 536 76
8.710159 -3.464375 2.568821 20 20 20 540 76
8.711674 -3.527834 2.569268 20 20 20 544 76
8.713190 -3.591316 2.569715 20 20 20 548 76
8.714706 -3.654819 2.570162 20 20 20 552 76
8.716222 -3.718344 2.570609 20 20 20 556 76
8.717739 -3.781892 2.571057 20 20 20 560 76
8.719258 -3.845462 2.571505 20 20 20 564 76
8.720776 -3.909054 2.571952 20 20 20 568 76
8.722294 -3.972668 2.572400 20 20 20 572 76
8.723813 -4.036304 2.572848 20 20 20 576 76
8.725333 -4.099963 2.573296 20 20 20 580 76
8.726853 -4.163644 2.573745 19 19 19 584 76
8.728374 -4.227346 2.574193 19 19 19 588 76
8.729897 -4.291072 2.574642 19 19 19 592 76
8.731419 -4.354819 2.575091 19 19 19 596 76
8.732940 -4.418588 2.575540 19 19 19 600 76
8.668375 -4.448465 2.556498 21 21 21 604 76
8.554862 -4.451937 2.523021 24 24 24 608 76
8.444282 -4.455318 2.490408 27 27 27 612 76
8.336525 -4.458615 2.458628 30 30 30 616 76
8.231483 -4.461827 2.427649 33 33 33 620 76
8.129055 -4.464960 2.397441 36 36 36 624 76
8.029146 -4.468016 2.367975 38 38 38 628 76
7.931661 -4.470997 2.339225 41 41 41 632 76
7.836516 -4.473907 2.311164 43 43 43 636 76
8.062174 4.646365 2.319547 37 37 37 0 80
8.170238 4.649695 2.350638 34 34 34 4 80
8.281240 4.653115 2.382574 31 31 31 8 80
8.395299 4.656629 2.415390 28 28 28 12 80
8.512545 4.660242 2.449122 25 25 25 16 80
8.540154 4.613738 2.457065 25 25 25 20 80
8.541612 4.552895 2.457484 24 24 24 24 80
8.543067 4.492031 2.457904 24 24 24 28 80
8.544525 4.431147 2.458323 24 24 24 32 80
8.545983 4.370241 2.458742 24 24 24 36 80
8.547441 4.309316 2.459162 24 24 24 40 80
8.548900 4.248369 2.459582 24 24 24 44 80
8.550360 4.187401 2.460001 24 24 24 48 80
8.551820 4.126413 2.460422 24 24 24 52 80
8.553280 4.065403 2.460842 24 24 24 56 80
8.554741 4.004374 2.461262 24 24 24 60 80
8.556203 3.943323 2.461683 24 24 24 64 80
8.557664 3.882251 2.462103 24 24 24 68 80
8.559126 3.821158 2.462524 24 24 24 72 80
8.560591 3.760045 2.462945 24 24 24 76 80
8.562053 3.698910 2.463366 24 24 24 80 80
8.563518 3.637755 2.463787 24 24 24 84 80
8.564981 3.576579 2.464208 24 24 24 88 80
8.566446 3.515382 2.464630 24 24 24 92 80
8.567911 3.454163 2.465051 24 24 24 96 80
8.569378 3.392924 2.465473 24 24 24 100 80
8.570846 3.331665 2.465895 24 24 24 104 80
8.572310 3.270383 2.466317 24 24 24 108 80
8.573779 3.209081 2.466739 24 24 24 112 80
8.575248 3.147758 2.467162 24 24 24 116 80
8.576715 3.086415 2.467584 24 24 24 120 80
8.578184 3.025050 2.468007 23 23 23 124 80
8.579654 2.963664 2.468430 23 23 23 128 80
8.581124 2.902256 2.468853 23 23 23 132 80
8.582594 2.840828 2.469275 23 23 23 136 80
8.584065 2.779379 2.469699 23 23 23 140 80
8.585537 2.717909 2.470122 23 23 23 144 80
8.587008 2.656418 2.470546 23 23 23 148 80
8.588481 2.594905 2.470969 23 23 23 152 80
8.589954 2.533372 2.471393 23 23 23 156 80
8.591428 2.471817 2.471817 23 23 23 160 80
8.592902 2.410242 2.472241 23 23 23 164 80
8.594377 2.348645 2.472665 23 23 23 168 80
8.595851 2.287027 2.473090 23 23 23 172 80
8.597327 2.225388 2.473514 23 23 23 176 80
8.598803 2.163728 2.473939 23 23 23 180 80
8.600279 2.102046 2.474364 23 23 23 184 80
8.601756 2.040344 2.474788 23 23 23 188 80
8.603234 1.978620 2.475214 23 23 23 192 80
8.142304 1.813864 2.342601 35 35 35 196 80
8.536675 1.840124 2.456064 25 25 25 200 80
8.607670 1.793321 2.476490 23 23 23 204 80
8.609150 1.731512 2.476916 23 23 23 208 80
8.610630 1.669682 2.477341 23 23 23 212 80
8.612109 1.607831 2.477767 23 23 23 216 80
8.613591 1.545958 2.478194 23 23 23 220 80
8.615072 1.484064 2.478620 22 22 22 224 80
8.616555 1.422149 2.479046 22 22 22 228 80
8.618038 1.360213 2.479473 22 22 22 232 80
8.619521 1.298255 2.479900 22 22 22 236 80
8.621004 1.236276 2.480326 22 22 22 240 80
8.622488 1.174276 2.480753 22 22 22 244 80
8.623974 1.112254 2.481181 22 22 22 248 80
8.625459 1.050211 2.481608 22 22 22 252 80
8.157716 0.934400 2.347035 35 35 35 256 80
8.628430 0.926060 2.482463 22 22 22 260 80
8.629917 0.863953 2.482891 22 22 22 264 80
8.631404 0.801824 2.483318 22 22 22 268 80
8.632893 0.739674 2.483747 22 22 22 272 80
8.634380 0.677503 2.484174 22 22 22 276 80
8.635869 0.615310 2.484603 22 22 22 280 80
8.637359 0.553095 2.485032 22 22 22 284 80
8.638849 0.490859 2.485460 22 22 22 288 80
8.640339 0.428602 2.485889 22 22 22 292 80
8.641829 0.366323 2.486318 22 22 22 296 80
8.643321 0.304023 2.486747 22 22 22 300 80
8.644813 0.241701 2.487176 22 22 22 304 80
8.646305 0.179358 2.487606 22 22 22 308 80
8.647799 0.116993 2.488035 22 22 22 312 80
8.649291 0.054606 2.488465 22 22 22 316 80
8.650785 -0.007802 2.488895 22 22 22 320 80
8.652280 -0.070231 2.489325 21 21 21 324 80
8.653775 -0.132683 2.489755 21 21 21 328 80
8.655270 -0.195155 2.490185 21 21 21 332 80
8.656767 -0.257650 2.490615 21 21 21 336 80
8.658263 -0.320165 2.491046 21 21 21 340 80
8.659760 -0.382703 2.491477 21 21 21 344 80
8.661257 -0.445262 2.491907 21 21 21 348 80
8.662755 -0.507843 2.492338 21 21 21 352 80
8.664254 -0.570445 2.492770 21 21 21 356 80
8.665752 -0.633069 2.493201 21 21 21 360 80
8.667253 -0.695715 2.493632 21 21 21 364 80
8.668754 -0.758383 2.494064 21 21 21 368 80
8.670253 -0.821072 2.494496 21 21 21 372 80
8.671755 -0.883783 2.494928 21 21 21 376 80
8.673256 -0.946515 2.495360 21 21 21 380 80
8.674759 -1.009270 2.495792 21 21 21 384 80
8.676261 -1.072046 2.496224 21 21 21 388 80
8.677765 -1.134844 2.496657 21 21 21 392 80
8.679269 -1.197663 2.497089 21 21 21 396 80
8.680773 -1.260505 2.497522 21 21 21 400 80
8.682278 -1.323368 2.497955 21 21 21 404 80
8.683784 -1.386253 2.498389 21 21 21 408 80
8.685289 -1.449160 2.498821 21 21 21 412 80
8.686795 -1.512088 2.499255 21 21 21 416 80
8.688303 -1.575039 2.499688 21 21 21 420 80
8.689810 -1.638011 2.500122 20 20 20 424 80
8.691318 -1.701005 2.500556 20 20 20 428 80
8.692826 -1.764021 2.500990 20 20 20 432 80
8.694335 -1.827059 2.501424 20 20 20 436 80
8.695845 -1.890119 2.501858 20 20 20 440 80
8.697354 -1.953200 2.502293 20 20 20 444 80
8.698866 -2.016304 2.502728 20 20 20 448 80
8.700377 -2.079429 2.503162 20 20 20 452 80
8.701888 -2.142576 2.503597 20 20 20 456 80
8.703401 -2.205746 2.504032 20 20 20 460 80
8.704913 -2.268937 2.504467 20 20 20 464 80
8.706427 -2.332151 2.504903 20 20 20 468 80
8.707940 -2.395386 2.505338 20 20 20 472 80
8.709454 -2.458643 2.505774 20 20 20 476 80
8.710969 -2.521922 2.506210 20 20 20 480 80
8.712484 -2.585224 2.506646 20 20 20 484 80
8.714001 -2.648547 2.507082 20 20 20 488 80
8.715517 -2.711893 2.507518 20 20 20 492 80
8.717033 -2.775260 2.507954 20 20 20 496 80
8.718551 -2.838650 2.508391 20 20 20 500 80
8.720069 -2.902061 2.508828 20 20 20 504 80
8.721587 -2.965495 2.509265 20 20 20 508 80
8.723106 -3.028950 2.509701 20 20 20 512 80
8.724626 -3.092428 2.510139 20 20 20 516 80
8.726146 -3.155928 2.510576 20 20 20 520 80
8.727667 -3.219450 2.511014 19 19 19 524 80
8.729188 -3.282994 2.511451 19 19 19 528 80
8.730709 -3.346561 2.511889 19 19 19 532 80
8.732231 -3.410148 2.512326 19 19 19 536 80
8.733754 -3.473759 2.512764 19 19 19 540 80
8.735277 -3.537392 2.513202 19 19 19 544 80
8.736801 -3.601048 2.513641 19 19 19 548 80
8.738326 -3.664725 2.514079 19 19 19 552 80
8.739851 -3.728425 2.514518 19 19 19 556 80
8.741376 -3.792146 2.514957 19 19 19 560 80
8.742902 -3.855890 2.515396 19 19 19 564 80
8.744429 -3.919657 2.515835 19 19 19 568 80
8.745956 -3.983445 2.516274 19 19 19 572 80
8.747483 -4.047256 2.516714 19 19 19 576 80
8.749011 -4.111089 2.517154 19 19 19 580 80
8.750539 -4.174944 2.517593 19 19 19 584 80
8.752069 -4.238822 2.518033 19 19 19 588 80
8.753598 -4.302722 2.518473 19 19 19 592 80
8.755129 -4.366645 2.518914 19 19 19 596 80
8.756659 -4.430589 2.519354 19 19 19 600 80
8.664798 -4.446629 2.492925 21 21 21 604 80
8.551376 -4.450123 2.460293 24 24 24 608 80
8.440886 -4.453527 2.428504 27 27 27 612 80
8.333215 -4.456844 2.397526 30 30 30 616 80
8.228256 -4.460079 2.367329 33 33 33 620 80
8.125909 -4.463232 2.337883 36 36 36 624 80
8.026075 -4.466307 2.309160 38 38 38 628 80
7.928666 -4.469308 2.281134 41 41 41 632 80
7.833592 -4.472238 2.253781 44 44 44 636 80
8.065491 4.648277 2.262307 37 37 37 0 84
8.173645 4.651634 2.292643 34 34 34 4 84
8.284740 4.655081 2.323804 31 31 31 8 84
8.398896 4.658624 2.355824 28 28 28 12 84
8.516242 4.662266 2.388739 25 25 25 16 84
8.562836 4.625991 2.401808 24 24 24 20 84
8.564300 4.564989 2.402219 24 24 24 24 84
8.565764 4.503965 2.402630 24 24 24 28 84
8.567229 4.442921 2.403040 24 24 24 32 84
8.568695 4.381856 2.403452 24 24 24 36 84
8.570162 4.320771 2.403863 24 24 24 40 84
8.571628 4.259663 2.404274 24 24 24 44 84
8.573095 4.198535 2.404686 24 24 24 48 84
8.574564 4.137387 2.405098 24 24 24 52 84
8.576032 4.076217 2.405509 24 24 24 56 84
8.577500 4.015027 2.405921 24 24 24 60 84
8.578970 3.953815 2.406333 23 23 23 64 84
8.580439 3.892583 2.406746 23 23 23 68 84
8.581909 3.831329 2.407158 23 23 23 72 84
8.583380 3.770055 2.407571 23 23 23 76 84
8.584853 3.708760 2.407984 23 23 23 80 84
8.586324 3.647443 2.408396 23 23 23 84 84
8.587796 3.586106 2.408809 23 23 23 88 84
8.589270 3.524747 2.409222 23 23 23 92 84
8.590742 3.463367 2.409636 23 23 23 96 84
8.592215 3.401966 2.410049 23 23 23 100 84
8.593690 3.340545 2.410463 23 23 23 104 84
8.595165 3.279102 2.410876 23 23 23 108 84
8.596640 3.217638 2.411290 23 23 23 112 84
8.598116 3.156153 2.411704 23 23 23 116 84
8.599592 3.094647 2.412118 23 23 23 120 84
8.601068 3.033120 2.412532 23 23 23 124 84
8.602546 2.971571 2.412946 23 23 23 128 84
8.604025 2.910002 2.413361 23 23 23 132 84
8.605502 2.848411 2.413776 23 23 23 136 84
8.606981 2.786799 2.414191 23 23 23 140 84
8.608460 2.725166 2.414605 23 23 23 144 84
8.609940 2.663512 2.415020 23 23 23 148 84
8.611421 2.601836 2.415436 23 23 23 152 84
8.612902 2.540140 2.415851 23 23 23 156 84
8.614383 2.478422 2.416267 23 23 23 160 84
8.615865 2.416682 2.416682 22 22 22 164 84
8.617347 2.354922 2.417098 22 22 22 168 84
8.618831 2.293141 2.417514 22 22 22 172 84
8.620314 2.231338 2.417930 22 22 22 176 84
8.621798 2.169514 2.418346 22 22 22 180 84
8.623282 2.107668 2.418763 22 22 22 184 84
8.624766 2.045802 2.419179 22 22 22 188 84
8.626252 1.983913 2.419596 22 22 22 192 84
8.164109 1.818721 2.289968 35 35 35 196 84
8.322576 1.793974 2.334417 30 30 30 200 84
8.342354 1.738045 2.339965 30 30 30 204 84
8.362226 1.681850 2.345539 29 29 29 208 84
8.382194 1.625386 2.351139 29 29 29 212 84
8.402257 1.568652 2.356767 28 28 28 216 84
8.422416 1.511646 2.362422 28 28 28 220 84
8.442674 1.454366 2.368104 27 27 27 224 84
8.463034 1.396811 2.373814 27 27 27 228 84
8.483492 1.338977 2.379553 26 26 26 232 84
8.504049 1.280863 2.385319 25 25 25 236 84
8.524706 1.222467 2.391113 25 25 25 240 84
8.545464 1.163786 2.396935 24 24 24 244 84
8.566322 1.104818 2.402786 24 24 24 248 84
8.587284 1.045563 2.408666 23 23 23 252 84
8.179603 0.936907 2.294314 34 34 34 256 84
8.651584 0.928545 2.426701 22 22 22 260 84
8.653079 0.866272 2.427120 21 21 21 264 84
8.654574 0.803977 2.427540 21 21 21 268 84
8.656070 0.741660 2.427959 21 21 21 272 84
8.657566 0.679322 2.428379 21 21 21 276 84
8.659062 0.616962 2.428799 21 21 21 280 84
8.660560 0.554581 2.429219 21 21 21 284 84
8.662058 0.492178 2.429639 21 21 21 288 84
8.663556 0.429754 2.430059 21 21 21 292 84
8.665054 0.367308 2.430480 21 21 21 296 84
8.666554 0.304840 2.430900 21 21 21 300 84
8.668055 0.242351 2.431321 21 21 21 304 84
8.669554 0.179840 2.431741 21 21 21 308 84
8.671056 0.117307 2.432163 21 21 21 312 84
8.672557 0.054753 2.432584 21 21 21 316 84
8.674059 -0.007823 2.433005 21 21 21 320 84
8.675561 -0.070420 2.433427 21 21 21 324 84
8.677065 -0.133040 2.433848 21 21 21 328 84
8.678568 -0.195681 2.434270 21 21 21 332 84
8.680072 -0.258343 2.434692 21 21 21 336 84
8.681577 -0.321028 2.435114 21 21 21 340 84
8.683083 -0.383734 2.435536 21 21 21 344 84
8.684587 -0.446461 2.435958 21 21 21 348 84
8.686093 -0.509211 2.436381 21 21 21 352 84
8.687600 -0.571983 2.436803 21 21 21 356 84
8.689108 -0.634776 2.437226 21 21 21 360 84
8.690615 -0.697591 2.437649 20 20 20 364 84
8.692124 -0.760427 2.438072 20 20 20 368 84
8.693632 -0.823286 2.438495 20 20 20 372 84
8.695142 -0.886166 2.438919 20 20 20 376 84
8.696652 -0.949069 2.439342 20 20 20 380 84
8.698163 -1.011993 2.439766 20 20 20 384 84
8.699673 -1.074939 2.440189 20 20 20 388 84
8.701184 -1.137906 2.440614 20 20 20 392 84
8.702697 -1.200896 2.441038 20 20 20 396 84
8.704208 -1.263908 2.441462 20 20 20 400 84
8.705721 -1.326941 2.441886 20 20 20 404 84
8.707235 -1.389997 2.442311 20 20 20 408 84
8.708749 -1.453074 2.442735 20 20 20 412 84
8.710263 -1.516173 2.443160 20 20 20 416 84
8.711779 -1.579295 2.443585 20 20 20 420 84
8.713295 -1.642438 2.444010 20 20 20 424 84
8.714810 -1.705603 2.444435 20 20 20 428 84
8.716327 -1.768790 2.444861 20 20 20 432 84
8.717845 -1.831999 2.445287 20 20 20 436 84
8.719361 -1.895230 2.445712 20 20 20 440 84
8.720880 -1.958483 2.446138 20 20 20 444 84
8.722400 -2.021759 2.446564 20 20 20 448 84
8.723918 -2.085056 2.446990 20 20 20 452 84
8.725438 -2.148375 2.447417 20 20 20 456 84
8.726958 -2.211717 2.447843 19 19 19 460 84
8.728479 -2.275080 2.448270 19 19 19 464 84
8.730000 -2.338465 2.448696 19 19 19 468 84
8.731523 -2.401873 2.449123 19 19 19 472 84
8.733046 -2.465303 2.449550 19 19 19 476 84
8.734569 -2.528755 2.449978 19 19 19 480 84
8.736092 -2.592229 2.450405 19 19 19 484 84
8.737617 -2.655725 2.450832 19 19 19 488 84
8.739141 -2.719243 2.451260 19 19 19 492 84
8.740665 -2.782784 2.451688 19 19 19 496 84
8.742191 -2.846346 2.452116 19 19 19 500 84
8.743717 -2.909931 2.452544 19 19 19 504 84
8.745244 -2.973538 2.452972 19 19 19 508 84
8.746772 -3.037168 2.453400 19 19 19 512 84
8.748300 -3.100820 2.453829 19 19 19 516 84
8.749827 -3.164493 2.454258 19 19 19 520 84
8.751357 -3.228189 2.454686 19 19 19 524 84
8.752886 -3.291907 2.455114 19 19 19 528 84
8.754416 -3.355647 2.455544 19 19 19 532 84
8.755946 -3.419410 2.455972 19 19 19 536 84
8.757477 -3.483195 2.456402 19 19 19 540 84
8.759009 -3.547003 2.456832 19 19 19 544 84
8.760542 -3.610832 2.457262 19 19 19 548 84
8.762074 -3.674684 2.457691 19 19 19 552 84
8.763607 -3.738559 2.458121 18 18 18 556 84
8.765141 -3.802455 2.458551 18 18 18 560 84
8.766674 -3.866374 2.458982 18 18 18 564 84
8.768209 -3.930316 2.459412 18 18 18 568 84
8.769745 -3.994280 2.459843 18 18 18 572 84
8.771280 -4.058266 2.460274 18 18 18 576 84
8.772817 -4.122275 2.460705 18 18 18 580 84
8.774354 -4.186306 2.461136 18 18 18 584 84
8.775891 -4.250360 2.461567 18 18 18 588 84
8.777430 -4.314436 2.461998 18 18 18 592 84
8.778968 -4.378535 2.462430 18 18 18 596 84
8.777601 -4.441185 2.462047 18 18 18 600 84
8.661226 -4.444796 2.429404 21 21 21 604 84
8.547897 -4.448312 2.397616 24 24 24 608 84
8.437496 -4.451738 2.366650 27 27 27 612 84
8.329909 -4.455077 2.336473 30 30 30 616 84
8.225034 -4.458332 2.307056 33 33 33 620 84
8.122765 -4.461505 2.278370 36 36 36 624 84
8.023007 -4.464600 2.250389 38 38 38 628 84
7.925673 -4.467621 2.223087 41 41 41 632 84
7.830670 -4.470570 2.196440 44 44 44 636 84
8.068810 4.650190 2.205020 37 37 37 0 88
8.177054 4.653574 2.234600 34 34 34 4 88
8.288242 4.657050 2.264985 31 31 31 8 88
8.402496 4.660621 2.296208 28 28 28 12 88
8.519944 4.664293 2.328304 25 25 25 16 88
8.585638 4.638310 2.346257 23 23 23 20 88
8.587111 4.577147 2.346659 23 23 23 24 88
8.588583 4.515964 2.347062 23 23 23 28 88
8.590056 4.454759 2.347464 23 23 23 32 88
8.591529 4.393533 2.347867 23 23 23 36 88
8.593004 4.332286 2.348269 23 23 23 40 88
8.594479 4.271019 2.348673 23 23 23 44 88
8.595953 4.209730 2.349076 23 23 23 48 88
8.597428 4.148420 2.349479 23 23 23 52 88
8.598906 4.087089 2.349882 23 23 23 56 88
8.600381 4.025737 2.350285 23 23 23 60 88
8.601858 3.964364 2.350689 23 23 23 64 88
8.603336 3.902970 2.351093 23 23 23 68 88
8.604814 3.841555 2.351497 23 23 23 72 88
8.606292 3.780118 2.351901 23 23 23 76 88
8.607772 3.718661 2.352305 23 23 23 80 88
8.609251 3.657183 2.352710 23 23 23 84 88
8.610730 3.595683 2.353114 23 23 23 88 88
8.612212 3.534162 2.353518 23 23 23 92 88
8.613693 3.472620 2.353923 23 23 23 96 88
8.615174 3.411057 2.354328 22 22 22 100 88
8.616657 3.349473 2.354733 22 22 22 104 88
8.618140 3.287867 2.355139 22 22 22 108 88
8.619622 3.226240 2.355544 22 22 22 112 88
8.621106 3.164592 2.355949 22 22 22 116 88
8.622591 3.102923 2.356355 22 22 22 120 88
8.624076 3.041233 2.356761 22 22 22 124 88
8.625561 2.979521 2.357167 22 22 22 128 88
8.627047 2.917788 2.357573 22 22 22 132 88
8.628532 2.856034 2.357979 22 22 22 136 88
8.630019 2.794259 2.358385 22 22 22 140 88
8.631507 2.732462 2.358791 22 22 22 144 88
8.632996 2.670644 2.359198 22 22 22 148 88
8.634483 2.608804 2.359605 22 22 22 152 88
8.635971 2.546944 2.360011 22 22 22 156 88
8.637462 2.485062 2.360419 22 22 22 160 88
8.638951 2.423158 2.360826 22 22 22 164 88
8.640442 2.361233 2.361233 22 22 22 168 88
8.641932 2.299287 2.361640 22 22 22 172 88
8.643424 2.237320 2.362048 22 22 22 176 88
8.644915 2.175331 2.362456 22 22 22 180 88
8.646408 2.113321 2.362864 22 22 22 184 88
8.647902 2.051289 2.363272 22 22 22 188 88
8.649394 1.989236 2.363679 22 22 22 192 88
8.186030 1.823605 2.237053 34 34 34 196 88
8.579344 1.849321 2.344537 23 23 23 200 88
8.653878 1.802948 2.364905 21 21 21 204 88
8.655374 1.740809 2.365314 21 21 21 208 88
8.656870 1.678648 2.365723 21 21 21 212 88
8.658366 1.616466 2.366132 21 21 21 216 88
8.198503 1.471459 2.240461 34 34 34 220 88
8.199543 1.412484 2.240746 34 34 34 224 88
8.200583 1.353494 2.241030 34 34 34 228 88
8.201624 1.294489 2.241314 34 34 34 232 88
8.202662 1.235469 2.241598 34 34 34 236 88
8.203701 1.176434 2.241882 34 34 34 240 88
8.204740 1.117383 2.242166 34 34 34 244 88
8.205778 1.058318 2.242450 34 34 34 248 88
8.206818 0.999238 2.242733 33 33 33 252 88
8.201609 0.939427 2.241310 34 34 34 256 88
8.674862 0.931044 2.370639 21 21 21 260 88
8.676365 0.868603 2.371050 21 21 21 264 88
8.677868 0.806141 2.371461 21 21 21 268 88
8.679372 0.743657 2.371872 21 21 21 272 88
8.680876 0.681151 2.372283 21 21 21 276 88
8.682382 0.618624 2.372694 21 21 21 280 88
8.683887 0.556075 2.373106 21 21 21 284 88
8.685392 0.493504 2.373517 21 21 21 288 88
8.686899 0.430912 2.373929 21 21 21 292 88
8.688406 0.368297 2.374341 21 21 21 296 88
8.689913 0.305662 2.374753 20 20 20 300 88
8.691422 0.243004 2.375165 20 20 20 304 88
8.692930 0.180325 2.375577 20 20 20 308 88
8.694439 0.117624 2.375989 20 20 20 312 88
8.695949 0.054901 2.376402 20 20 20 316 88
8.697459 -0.007844 2.376815 20 20 20 320 88
8.698969 -0.070610 2.377227 20 20 20 324 88
8.700480 -0.133399 2.377640 20 20 20 328 88
8.701993 -0.196209 2.378053 20 20 20 332 88
8.703505 -0.259041 2.378467 20 20 20 336 88
8.705016 -0.321894 2.378880 20 20 20 340 88
8.706531 -0.384770 2.379294 20 20 20 344 88
8.708044 -0.447667 2.379707 20 20 20 348 88
8.709558 -0.510587 2.380121 20 20 20 352 88
8.711074 -0.573528 2.380535 20 20 20 356 88
8.712589 -0.636491 2.380949 20 20 20 360 88
8.714104 -0.699476 2.381363 20 20 20 364 88
8.715620 -0.762483 2.381778 20 20 20 368 88
8.717138 -0.825512 2.382192 20 20 20 372 88
8.718655 -0.888563 2.382607 20 20 20 376 88
8.720173 -0.951635 2.383022 20 20 20 380 88
8.721692 -1.014730 2.383437 20 20 20 384 88
8.723211 -1.077847 2.383852 20 20 20 388 88
8.724730 -1.140986 2.384267 20 20 20 392 88
8.726251 -1.204146 2.384683 20 20 20 396 88
8.727772 -1.267329 2.385098 19 19 19 400 88
8.729293 -1.330534 2.385514 19 19 19 404 88
8.730814 -1.393761 2.385930 19 19 19 408 88
8.732337 -1.457010 2.386346 19 19 19 412 88
8.733859 -1.520280 2.386762 19 19 19 416 88
8.735382 -1.583573 2.387178 19 19 19 420 88
8.736907 -1.646888 2.387594 19 19 19 424 88
8.738430 -1.710226 2.388011 19 19 19 428 88
8.739956 -1.773585 2.388428 19 19 19 432 88
8.741481 -1.836966 2.388845 19 19 19 436 88
8.743008 -1.900370 2.389262 19 19 19 440 88
8.744534 -1.963795 2.389679 19 19 19 444 88
8.746060 -2.027243 2.390096 19 19 19 448 88
8.747588 -2.090713 2.390514 19 19 19 452 88
8.749116 -2.154205 2.390931 19 19 19 456 88
8.750645 -2.217720 2.391349 19 19 19 460 88
8.752174 -2.281256 2.391767 19 19 19 464 88
8.753703 -2.344815 2.392185 19 19 19 468 88
8.755234 -2.408396 2.392603 19 19 19 472 88
8.756764 -2.471999 2.393021 19 19 19 476 88
8.758297 -2.535625 2.393440 19 19 19 480 88
8.759828 -2.599272 2.393858 19 19 19 484 88
8.761360 -2.662942 2.394277 19 19 19 488 88
8.762894 -2.726634 2.394696 19 19 19 492 88
8.764426 -2.790349 2.395115 18 18 18 496 88
8.765960 -2.854085 2.395534 18 18 18 500 88
8.767495 -2.917845 2.395954 18 18 18 504 88
8.769031 -2.981626 2.396373 18 18 18 508 88
8.770565 -3.045429 2.396792 18 18 18 512 88
8.772101 -3.109256 2.397213 18 18 18 516 88
8.773639 -3.173104 2.397632 18 18 18 520 88
8.775175 -3.236974 2.398051 18 18 18 524 88
8.776712 -3.300868 2.398471 18 18 18 528 88
8.778252 -3.364783 2.398892 18 18 18 532 88
8.779791 -3.428722 2.399313 18 18 18 536 88
8.781330 -3.492682 2.399733 18 18 18 540 88
8.782870 -3.556665 2.400154 18 18 18 544 88
8.784410 -3.620671 2.400575 18 18 18 548 88
8.785950 -3.684698 2.400996 18 18 18 552 88
8.787493 -3.748748 2.401417 18 18 18 556 88
8.789035 -3.812821 2.401839 18 18 18 560 88
8.790577 -3.876916 2.402260 18 18 18 564 88
8.792120 -3.941034 2.402682 18 18 18 568 88
8.793665 -4.005175 2.403104 18 18 18 572 88
8.795209 -4.069337 2.403526 18 18 18 576 88
8.796753 -4.133523 2.403948 18 18 18 580 88
8.798299 -4.197731 2.404370 18 18 18 584 88
8.799846 -4.261961 2.404793 18 18 18 588 88
8.801390 -4.326213 2.405215 17 17 17 592 88
8.802938 -4.390490 2.405638 17 17 17 596 88
8.773936 -4.439331 2.397713 18 18 18 600 88
8.657658 -4.442965 2.365937 21 21 21 604 88
8.544420 -4.446503 2.334991 24 24 24 608 88
8.434108 -4.449951 2.304846 27 27 27 612 88
8.326609 -4.453311 2.275469 30 30 30 616 88
8.221815 -4.456587 2.246831 33 33 33 620 88
8.119625 -4.459780 2.218905 36 36 36 624 88
8.019944 -4.462895 2.191664 39 39 39 628 88
7.922683 -4.465936 2.165085 41 41 41 632 88
7.827752 -4.468903 2.139143 44 44 44 636 88
8.072133 4.652105 2.147685 37 37 37 0 92
8.180468 4.655516 2.176509 34 34 34 4 92
8.291748 4.659019 2.206116 31 31 31 8 92
8.406100 4.662620 2.236541 28 28 28 12 92
8.523648 4.666321 2.267816 25 25 25 16 92
8.608562 4.650694 2.290409 23 23 23 20 92
8.610043 4.589370 2.290802 23 23 23 24 92
8.611524 4.528026 2.291196 23 23 23 28 92
8.613004 4.466659 2.291590 23 23 23 32 92
8.614484 4.405272 2.291984 23 23 23 36 92
8.615967 4.343863 2.292378 22 22 22 40 92
8.617450 4.282434 2.292773 22 22 22 44 92
8.618933 4.220984 2.293168 22 22 22 48 92
8.620416 4.159512 2.293562 22 22 22 52 92
8.621901 4.098019 2.293957 22 22 22 56 92
8.623384 4.036505 2.294352 22 22 22 60 92
8.624869 3.974969 2.294747 22 22 22 64 92
8.626355 3.913413 2.295142 22 22 22 68 92
8.627841 3.851835 2.295538 22 22 22 72 92
8.629327 3.790236 2.295933 22 22 22 76 92
8.630815 3.728616 2.296329 22 22 22 80 92
8.632302 3.666975 2.296725 22 22 22 84 92
8.633790 3.605312 2.297121 22 22 22 88 92
8.635279 3.543628 2.297517 22 22 22 92 92
8.636767 3.481923 2.297913 22 22 22 96 92
8.638257 3.420196 2.298309 22 22 22 100 92
8.639747 3.358448 2.298706 22 22 22 104 92
8.641238 3.296679 2.299102 22 22 22 108 92
8.642729 3.234889 2.299499 22 22 22 112 92
8.644220 3.173077 2.299896 22 22 22 116 92
8.645713 3.111244 2.300293 22 22 22 120 92
8.647206 3.049390 2.300690 22 22 22 124 92
8.648699 2.987514 2.301087 22 22 22 128 92
8.650192 2.925617 2.301485 22 22 22 132 92
8.651688 2.863698 2.301883 22 22 22 136 92
8.653182 2.801758 2.302280 21 21 21 140 92
8.654677 2.739797 2.302678 21 21 21 144 92
8.656173 2.677814 2.303076 21 21 21 148 92
8.657669 2.615810 2.303474 21 21 21 152 92
8.659165 2.553784 2.303872 21 21 21 156 92
8.660663 2.491737 2.304271 21 21 21 160 92
8.662162 2.429669 2.304669 21 21 21 164 92
8.663659 2.367579 2.305068 21 21 21 168 92
8.665158 2.305467 2.305466 21 21 21 172 92
8.666658 2.243334 2.305866 21 21 21 176 92
8.668158 2.181180 2.306265 21 21 21 180 92
8.669658 2.119003 2.306664 21 21 21 184 92
8.671160 2.056806 2.307063 21 21 21 188 92
8.672661 1.994587 2.307463 21 21 21 192 92
8.208071 1.828514 2.183853 33 33 33 196 92
8.675666 1.870084 2.308262 21 21 21 200 92
8.649610 1.802058 2.301329 22 22 22 204 92
8.678672 1.745495 2.309062 21 21 21 208 92
8.680176 1.683168 2.309462 21 21 21 212 92
8.681682 1.620819 2.309862 21 21 21 216 92
8.683186 1.558449 2.310263 21 21 21 220 92
8.684691 1.496057 2.310663 21 21 21 224 92
8.686198 1.433644 2.311064 21 21 21 228 92
8.687704 1.371209 2.311465 21 21 21 232 92
5.738665 0.864346 1.526839 100 100 100 236 92
5.713352 0.819311 1.520104 101 101 101 240 92
5.723338 0.779447 1.522761 100 100 100 244 92
8.693736 1.121251 2.313070 20 20 20 248 92
8.695246 1.058708 2.313472 20 20 20 252 92
8.223732 0.941962 2.188020 33 33 33 256 92
8.698266 0.933555 2.314275 20 20 20 260 92
8.699777 0.870947 2.314677 20 20 20 264 92
8.701288 0.808316 2.315079 20 20 20 268 92
8.702801 0.745664 2.315481 20 20 20 272 92
8.704313 0.682990 2.315884 20 20 20 276 92
8.705826 0.620294 2.316287 20 20 20 280 92
8.707339 0.557576 2.316689 20 20 20 284 92
8.708853 0.494837 2.317092 20 20 20 288 92
8.710368 0.432076 2.317495 20 20 20 292 92
8.711884 0.369293 2.317898 20 20 20 296 92
8.713398 0.306488 2.318301 20 20 20 300 92
8.714915 0.243661 2.318705 20 20 20 304 92
8.716432 0.180812 2.319108 20 20 20 308 92
8.717949 0.117942 2.319512 20 20 20 312 92
8.719466 0.055049 2.319916 20 20 20 316 92
8.720984 -0.007865 2.320320 20 20 20 320 92
8.722504 -0.070801 2.320724 20 20 20 324 92
8.724023 -0.133760 2.321128 20 20 20 328 92
8.725543 -0.196740 2.321532 20 20 20 332 92
8.727063 -0.259742 2.321937 19 19 19 336 92
8.728583 -0.322766 2.322341 19 19 19 340 92
8.730105 -0.385812 2.322746 19 19 19 344 92
8.731628 -0.448880 2.323151 19 19 19 348 92
8.733150 -0.511970 2.323556 19 19 19 352 92
8.734673 -0.575082 2.323961 19 19 19 356 92
8.736197 -0.638216 2.324367 19 19 19 360 92
8.737721 -0.701372 2.324773 19 19 19 364 92
8.739245 -0.764550 2.325178 19 19 19 368 92
8.740771 -0.827750 2.325584 19 19 19 372 92
8.742297 -0.890972 2.325990 19 19 19 376 92
8.743822 -0.954216 2.326396 19 19 19 380 92
8.745349 -1.017483 2.326802 19 19 19 384 92
8.746878 -1.080771 2.327209 19 19 19 388 92
8.748405 -1.144082 2.327615 19 19 19 392 92
8.749932 -1.207414 2.328022 19 19 19 396 92
8.751462 -1.270769 2.328429 19 19 19 400 92
8.752991 -1.334146 2.328835 19 19 19 404 92
8.754520 -1.397545 2.329242 19 19 19 408 92
8.756052 -1.460966 2.329650 19 19 19 412 92
8.757584 -1.524410 2.330057 19 19 19 416 92
8.759115 -1.587876 2.330465 19 19 19 420 92
8.760647 -1.651363 2.330872 19 19 19 424 92
8.762179 -1.714874 2.331280 19 19 19 428 92
8.763712 -1.778406 2.331688 18 18 18 432 92
8.765246 -1.841960 2.332096 18 18 18 436 92
8.766780 -1.905537 2.332504 18 18 18 440 92
8.768315 -1.969136 2.332912 18 18 18 444 92
8.769850 -2.032757 2.333321 18 18 18 448 92
8.771386 -2.096401 2.333730 18 18 18 452 92
8.772923 -2.160067 2.334139 18 18 18 456 92
8.774460 -2.223755 2.334547 18 18 18 460 92
8.775997 -2.287466 2.334956 18 18 18 464 92
8.777535 -2.351198 2.335366 18 18 18 468 92
8.779074 -2.414953 2.335775 18 18 18 472 92
8.780612 -2.478731 2.336184 18 18 18 476 92
8.782152 -2.542531 2.336594 18 18 18 480 92
8.783693 -2.606354 2.337004 18 18 18 484 92
8.785233 -2.670198 2.337414 18 18 18 488 92
8.786775 -2.734065 2.337824 18 18 18 492 92
8.788317 -2.797955 2.338234 18 18 18 496 92
8.789859 -2.861866 2.338645 18 18 18 500 92
8.791402 -2.925801 2.339055 18 18 18 504 92
8.792946 -2.989758 2.339466 18 18 18 508 92
8.794489 -3.053737 2.339876 18 18 18 512 92
8.796034 -3.117739 2.340287 18 18 18 516 92
8.797580 -3.181762 2.340697 18 18 18 520 92
8.799125 -3.245809 2.341108 18 18 18 524 92
8.800670 -3.309878 2.341520 18 18 18 528 92
8.802217 -3.373970 2.341931 17 17 17 532 92
8.803765 -3.438084 2.342343 17 17 17 536 92
8.805313 -3.502221 2.342755 17 17 17 540 92
8.806861 -3.566380 2.343167 17 17 17 544 92
8.808410 -3.630563 2.343579 17 17 17 548 92
8.809958 -3.694766 2.343991 17 17 17 552 92
8.811509 -3.758994 2.344403 17 17 17 556 92
8.813059 -3.823243 2.344816 17 17 17 560 92
8.814611 -3.887516 2.345229 17 17 17 564 92
8.816162 -3.951810 2.345641 17 17 17 568 92
8.817714 -4.016128 2.346054 17 17 17 572 92
8.819267 -4.080469 2.346467 17 17 17 576 92
8.820820 -4.144832 2.346881 17 17 17 580 92
8.822374 -4.209217 2.347294 17 17 17 584 92
8.823929 -4.273625 2.347708 17 17 17 588 92
8.825483 -4.338056 2.348121 17 17 17 592 92
8.827039 -4.402510 2.348535 17 17 17 596 92
8.770273 -4.437478 2.333432 18 18 18 600 92
8.654092 -4.441135 2.302521 21 21 21 604 92
8.540948 -4.444696 2.272417 24 24 24 608 92
8.430724 -4.448165 2.243091 27 27 27 612 92
8.323310 -4.451547 2.214512 30 30 30 616 92
8.218599 -4.454844 2.186653 33 33 33 620 92
8.116488 -4.458057 2.159485 36 36 36 624 92
8.016885 -4.461193 2.132984 39 39 39 628 92
7.919696 -4.464252 2.107126 41 41 41 632 92
7.824836 -4.467238 2.081887 44 44 44 636 92
8.075459 4.654022 2.090304 37 37 37 0 96
8.183882 4.657459 2.118369 34 34 34 4 96
8.295258 4.660991 2.147198 31 31 31 8 96
8.409706 4.664620 2.176823 28 28 28 12 96
8.527357 4.668351 2.207276 25 25 25 16 96
8.631610 4.663146 2.234262 22 22 22 20 96
8.633097 4.601659 2.234646 22 22 22 24 96
8.634585 4.540152 2.235032 22 22 22 28 96
8.636075 4.478624 2.235417 22 22 22 32 96
8.637563 4.417074 2.235802 22 22 22 36 96
8.639053 4.355503 2.236188 22 22 22 40 96
8.640544 4.293911 2.236574 22 22 22 44 96
8.642035 4.232298 2.236960 22 22 22 48 96
8.643526 4.170663 2.237346 22 22 22 52 96
8.645019 4.109007 2.237732 22 22 22 56 96
8.646511 4.047330 2.238119 22 22 22 60 96
8.648004 3.985631 2.238505 22 22 22 64 96
8.649497 3.923912 2.238892 22 22 22 68 96
8.650991 3.862170 2.239278 22 22 22 72 96
8.652487 3.800408 2.239665 21 21 21 76 96
8.653980 3.738624 2.240052 21 21 21 80 96
8.655477 3.676819 2.240439 21 21 21 84 96
8.656972 3.614992 2.240826 21 21 21 88 96
8.658468 3.553144 2.241214 21 21 21 92 96
8.659966 3.491275 2.241601 21 21 21 96 96
8.661465 3.429384 2.241989 21 21 21 100 96
8.662962 3.367472 2.242377 21 21 21 104 96
8.664460 3.305539 2.242764 21 21 21 108 96
8.665960 3.243584 2.243153 21 21 21 112 96
8.667459 3.181607 2.243541 21 21 21 116 96
8.668959 3.119609 2.243929 21 21 21 120 96
8.670461 3.057590 2.244318 21 21 21 124 96
8.671962 2.995549 2.244706 21 21 21 128 96
8.673463 2.933487 2.245095 21 21 21 132 96
8.674966 2.871403 2.245484 21 21 21 136 96
8.676470 2.809298 2.245873 21 21 21 140 96
8.677971 2.747171 2.246262 21 21 21 144 96
8.679476 2.685023 2.246651 21 21 21 148 96
8.680981 2.622853 2.247041 21 21 21 152 96
8.682485 2.560662 2.247430 21 21 21 156 96
8.683990 2.498448 2.247820 21 21 21 160 96
8.685496 2.436214 2.248210 21 21 21 164 96
8.687003 2.373958 2.248600 21 21 21 168 96
8.688509 2.311680 2.248990 21 21 21 172 96
8.690017 2.249381 2.249380 20 20 20 176 96
8.691525 2.187060 2.249770 20 20 20 180 96
8.693034 2.124717 2.250161 20 20 20 184 96
8.694543 2.062353 2.250551 20 20 20 188 96
8.696054 1.999967 2.250942 20 20 20 192 96
8.230229 1.833451 2.130366 33 33 33 196 96
8.699074 1.875130 2.251724 20 20 20 200 96
8.672966 1.806924 2.244966 21 21 21 204 96
8.702097 1.750206 2.252507 20 20 20 208 96
8.703609 1.687711 2.252898 20 20 20 212 96
8.705121 1.625195 2.253290 20 20 20 216 96
8.706635 1.562658 2.253681 20 20 20 220 96
8.708148 1.500098 2.254073 20 20 20 224 96
8.709663 1.437517 2.254465 20 20 20 228 96
8.711179 1.374914 2.254858 20 20 20 232 96
5.722124 0.861855 1.481151 100 100 100 236 96
5.703003 0.817827 1.476202 101 101 101 240 96
5.713797 0.778148 1.478996 101 101 101 244 96
5.769413 0.744095 1.493392 99 99 99 248 96
8.718760 1.061571 2.256820 20 20 20 252 96
8.245975 0.944509 2.134441 32 32 32 256 96
8.721796 0.936081 2.257606 20 20 20 260 96
8.723315 0.873303 2.257999 20 20 20 264 96
8.724835 0.810504 2.258393 20 20 20 268 96
8.726356 0.747682 2.258786 20 20 20 272 96
8.727875 0.684839 2.259179 19 19 19 276 96
8.729397 0.621974 2.259573 19 19 19 280 96
8.730919 0.559086 2.259967 19 19 19 284 96
8.732442 0.496177 2.260361 19 19 19 288 96
8.733964 0.433246 2.260756 19 19 19 292 96
8.735488 0.370293 2.261150 19 19 19 296 96
8.737012 0.307318 2.261544 19 19 19 300 96
8.738535 0.244321 2.261939 19 19 19 304 96
8.740061 0.181302 2.262334 19 19 19 308 96
8.741587 0.118261 2.262729 19 19 19 312 96
8.743112 0.055199 2.263123 19 19 19 316 96
8.744638 -0.007886 2.263518 19 19 19 320 96
8.746166 -0.070993 2.263914 19 19 19 324 96
8.747693 -0.134122 2.264309 19 19 19 328 96
8.749221 -0.197274 2.264705 19 19 19 332 96
8.750751 -0.260447 2.265100 19 19 19 336 96
8.752279 -0.323642 2.265496 19 19 19 340 96
8.753809 -0.386859 2.265892 19 19 19 344 96
8.755340 -0.450099 2.266288 19 19 19 348 96
8.756870 -0.513360 2.266685 19 19 19 352 96
8.758402 -0.576644 2.267081 19 19 19 356 96
8.759933 -0.639950 2.267477 19 19 19 360 96
8.761466 -0.703278 2.267874 19 19 19 364 96
8.762999 -0.766628 2.268271 19 19 19 368 96
8.764531 -0.830000 2.268667 18 18 18 372 96
8.766067 -0.893395 2.269065 18 18 18 376 96
8.767600 -0.956811 2.269462 18 18 18 380 96
8.769135 -1.020250 2.269859 18 18 18 384 96
8.770671 -1.083711 2.270257 18 18 18 388 96
8.772207 -1.147195 2.270654 18 18 18 392 96
8.773744 -1.210700 2.271052 18 18 18 396 96
8.775281 -1.274228 2.271450 18 18 18 400 96
8.776819 -1.337778 2.271848 18 18 18 404 96
8.778357 -1.401350 2.272246 18 18 18 408 96
8.779896 -1.464945 2.272645 18 18 18 412 96
8.781436 -1.528562 2.273043 18 18 18 416 96
8.782975 -1.592201 2.273442 18 18 18 420 96
8.784515 -1.655863 2.273840 18 18 18 424 96
8.786057 -1.719547 2.274239 18 18 18 428 96
8.787600 -1.783253 2.274639 18 18 18 432 96
8.789141 -1.846982 2.275038 18 18 18 436 96
8.790683 -1.910733 2.275437 18 18 18 440 96
8.792228 -1.974506 2.275836 18 18 18 444 96
8.793770 -2.038302 2.276236 18 18 18 448 96
8.795315 -2.102120 2.276636 18 18 18 452 96
8.796860 -2.165961 2.277035 18 18 18 456 96
8.798406 -2.229824 2.277436 18 18 18 460 96
8.799951 -2.293709 2.277836 18 18 18 464 96
8.801497 -2.357617 2.278236 17 17 17 468 96
8.803045 -2.421548 2.278637 17 17 17 472 96
8.804592 -2.485500 2.279037 17 17 17 476 96
8.806140 -2.549476 2.279438 17 17 17 480 96
8.807690 -2.613474 2.279839 17 17 17 484 96
8.809237 -2.677494 2.280240 17 17 17 488 96
8.810787 -2.741537 2.280641 17 17 17 492 96
8.812338 -2.805602 2.281042 17 17 17 496 96
8.813889 -2.869690 2.281443 17 17 17 500 96
8.815439 -2.933801 2.281845 17 17 17 504 96
8.816991 -2.997934 2.282247 17 17 17 508 96
8.818545 -3.062089 2.282648 17 17 17 512 96
8.820098 -3.126267 2.283050 17 17 17 516 96
8.821651 -3.190468 2.283451 17 17 17 520 96
8.823205 -3.254692 2.283854 17 17 17 524 96
8.824759 -3.318938 2.284256 17 17 17 528 96
8.826315 -3.383206 2.284659 17 17 17 532 96
8.827870 -3.447498 2.285061 17 17 17 536 96
8.829428 -3.511812 2.285465 17 17 17 540 96
8.830983 -3.576149 2.285867 17 17 17 544 96
8.832541 -3.640508 2.286270 17 17 17 548 96
8.834099 -3.704890 2.286674 17 17 17 552 96
8.835658 -3.769295 2.287077 17 17 17 556 96
8.837216 -3.833723 2.287481 17 17 17 560 96
8.838776 -3.898174 2.287884 16 16 16 564 96
8.840337 -3.962646 2.288288 16 16 16 568 96
8.841896 -4.027142 2.288692 16 16 16 572 96
8.843458 -4.091661 2.289096 16 16 16 576 96
8.845020 -4.156203 2.289501 16 16 16 580 96
8.846581 -4.220767 2.289905 16 16 16 584 96
8.848145 -4.285354 2.290309 16 16 16 588 96
8.849709 -4.349964 2.290714 16 16 16 592 96
8.851273 -4.414597 2.291119 16 16 16 596 96
8.766614 -4.435626 2.269205 18 18 18 600 96
8.650529 -4.439306 2.239157 22 22 22 604 96
8.537478 -4.442890 2.209894 25 25 25 608 96
8.427343 -4.446382 2.181386 28 28 28 612 96
8.320015 -4.449785 2.153605 30 30 30 616 96
8.215385 -4.453102 2.126522 33 33 33 620 96
8.113355 -4.456336 2.100112 36 36 36 624 96
8.013827 -4.459491 2.074349 39 39 39 628 96
7.916712 -4.462570 2.049212 41 41 41 632 96
7.821923 -4.465576 2.024676 44 44 44 636 96
8.078787 4.655940 2.032875 37 37 37 0 100
8.187301 4.659405 2.060180 34 34 34 4 100
8.298769 4.662964 2.088229 31 31 31 8 100
8.413316 4.666622 2.117053 28 28 28 12 100
8.531067 4.670382 2.146683 25 25 25 16 100
8.652164 4.674249 2.177154 22 22 22 20 100
8.656277 4.614015 2.178190 21 21 21 24 100
8.657772 4.552343 2.178566 21 21 21 28 100
8.659269 4.490652 2.178942 21 21 21 32 100
8.660767 4.428939 2.179319 21 21 21 36 100
8.662264 4.367205 2.179696 21 21 21 40 100
8.663762 4.305449 2.180073 21 21 21 44 100
8.665262 4.243672 2.180450 21 21 21 48 100
8.666761 4.181874 2.180828 21 21 21 52 100
8.668261 4.120054 2.181205 21 21 21 56 100
8.669762 4.058213 2.181583 21 21 21 60 100
8.671263 3.996351 2.181960 21 21 21 64 100
8.672764 3.934467 2.182338 21 21 21 68 100
8.674267 3.872561 2.182716 21 21 21 72 100
8.675769 3.810634 2.183094 21 21 21 76 100
8.677272 3.748686 2.183472 21 21 21 80 100
8.678776 3.686716 2.183851 21 21 21 84 100
8.680280 3.624725 2.184229 21 21 21 88 100
8.681785 3.562712 2.184608 21 21 21 92 100
8.683290 3.500678 2.184987 21 21 21 96 100
8.684795 3.438622 2.185366 21 21 21 100 100
8.686301 3.376545 2.185745 21 21 21 104 100
8.687808 3.314446 2.186124 21 21 21 108 100
8.689316 3.252326 2.186503 20 20 20 112 100
8.690825 3.190184 2.186883 20 20 20 116 100
8.692331 3.128020 2.187262 20 20 20 120 100
8.693840 3.065835 2.187642 20 20 20 124 100
8.695351 3.003628 2.188022 20 20 20 128 100
8.696859 2.941400 2.188401 20 20 20 132 100
8.698370 2.879150 2.188781 20 20 20 136 100
8.699882 2.816879 2.189162 20 20 20 140 100
8.701393 2.754586 2.189542 20 20 20 144 100
8.702904 2.692271 2.189922 20 20 20 148 100
8.704417 2.629934 2.190303 20 20 20 152 100
8.705931 2.567576 2.190684 20 20 20 156 100
8.707443 2.505196 2.191064 20 20 20 160 100
8.708958 2.442795 2.191445 20 20 20 164 100
8.710473 2.380372 2.191827 20 20 20 168 100
8.711988 2.317926 2.192208 20 20 20 172 100
8.713503 2.255460 2.192589 20 20 20 176 100
8.715019 2.192971 2.192971 20 20 20 180 100
8.716537 2.130461 2.193352 20 20 20 184 100
8.718053 2.067929 2.193734 20 20 20 188 100
8.719571 2.005375 2.194116 20 20 20 192 100
8.252509 1.838414 2.076589 32 32 32 196 100
8.722608 1.880203 2.194880 20 20 20 200 100
8.696447 1.811817 2.188297 20 20 20 204 100
8.725649 1.754943 2.195645 20 20 20 208 100
8.727168 1.692280 2.196028 19 19 19 212 100
8.728689 1.629595 2.196410 19 19 19 216 100
8.730210 1.566889 2.196793 19 19 19 220 100
8.731733 1.504161 2.197176 19 19 19 224 100
8.733254 1.441410 2.197559 19 19 19 228 100
8.734778 1.378638 2.197943 19 19 19 232 100
5.729018 0.862893 1.441600 100 100 100 236 100
5.715901 0.819676 1.438299 101 101 101 240 100
5.725121 0.779690 1.440619 100 100 100 244 100
5.791200 0.746904 1.457247 99 99 99 248 100
8.742401 1.064449 2.199861 19 19 19 252 100
8.268339 0.947071 2.080572 32 32 32 256 100
8.745455 0.938620 2.200629 19 19 19 260 100
8.746982 0.875672 2.201013 19 19 19 264 100
8.748509 0.812703 2.201398 19 19 19 268 100
8.750039 0.749711 2.201783 19 19 19 272 100
8.751567 0.686698 2.202167 19 19 19 276 100
8.753097 0.623662 2.202552 19 19 19 280 100
8.754626 0.560604 2.202937 19 19 19 284 100
8.756158 0.497525 2.203322 19 19 19 288 100
8.757688 0.434423 2.203707 19 19 19 292 100
8.759220 0.371299 2.204093 19 19 19 296 100
8.760752 0.308153 2.204479 19 19 19 300 100
8.762285 0.244985 2.204864 19 19 19 304 100
8.763818 0.181795 2.205250 18 18 18 308 100
8.765352 0.118583 2.205636 18 18 18 312 100
8.766886 0.055349 2.206022 18 18 18 316 100
8.768420 -0.007908 2.206408 18 18 18 320 100
8.769957 -0.071187 2.206795 18 18 18 324 100
8.771493 -0.134487 2.207181 18 18 18 328 100
8.773027 -0.197810 2.207567 18 18 18 332 100
8.774566 -0.261156 2.207954 18 18 18 336 100
8.776104 -0.324523 2.208341 18 18 18 340 100
8.777641 -0.387913 2.208728 18 18 18 344 100
8.779180 -0.451324 2.209116 18 18 18 348 100
8.780720 -0.514758 2.209503 18 18 18 352 100
8.782258 -0.578215 2.209890 18 18 18 356 100
8.783798 -0.641693 2.210278 18 18 18 360 100
8.785339 -0.705194 2.210665 18 18 18 364 100
8.786881 -0.768717 2.211054 18 18 18 368 100
8.788423 -0.832263 2.211441 18 18 18 372 100
8.789966 -0.895830 2.211829 18 18 18 376 100
8.791509 -0.959420 2.212218 18 18 18 380 100
8.793052 -1.023033 2.212606 18 18 18 384 100
8.794596 -1.086667 2.212995 18 18 18 388 100
8.796141 -1.150324 2.213383 18 18 18 392 100
8.797685 -1.214004 2.213772 18 18 18 396 100
8.799231 -1.277706 2.214161 18 18 18 400 100
8.800777 -1.341430 2.214550 17 17 17 404 100
8.802324 -1.405176 2.214939 17 17 17 408 100
8.803872 -1.468945 2.215329 17 17 17 412 100
8.805419 -1.532737 2.215718 17 17 17 416 100
8.806969 -1.596551 2.216108 17 17 17 420 100
8.808517 -1.660387 2.216497 17 17 17 424 100
8.810065 -1.724245 2.216887 17 17 17 428 100
8.811616 -1.788127 2.217277 17 17 17 432 100
8.813167 -1.852030 2.217668 17 17 17 436 100
8.814716 -1.915956 2.218058 17 17 17 440 100
8.816269 -1.979905 2.218448 17 17 17 444 100
8.817822 -2.043876 2.218839 17 17 17 448 100
8.819374 -2.107870 2.219230 17 17 17 452 100
8.820927 -2.171886 2.219620 17 17 17 456 100
8.822482 -2.235925 2.220012 17 17 17 460 100
8.824035 -2.299986 2.220402 17 17 17 464 100
8.825590 -2.364071 2.220794 17 17 17 468 100
8.827146 -2.428177 2.221185 17 17 17 472 100
8.828701 -2.492306 2.221577 17 17 17 476 100
8.830258 -2.556458 2.221968 17 17 17 480 100
8.831816 -2.620633 2.222360 17 17 17 484 100
8.833374 -2.684830 2.222752 17 17 17 488 100
8.834931 -2.749049 2.223144 17 17 17 492 100
8.836491 -2.813292 2.223536 17 17 17 496 100
8.838050 -2.877557 2.223929 16 16 16 500 100
8.839609 -2.941844 2.224321 16 16 16 504 100
8.841169 -3.006154 2.224713 16 16 16 508 100
8.842731 -3.070487 2.225106 16 16 16 512 100
8.844294 -3.134843 2.225499 16 16 16 516 100
8.845854 -3.199221 2.225891 16 16 16 520 100
8.847417 -3.263623 2.226285 16 16 16 524 100
8.848981 -3.328047 2.226678 16 16 16 528 100
8.850544 -3.392494 2.227072 16 16 16 532 100
8.852108 -3.456963 2.227465 16 16 16 536 100
8.853673 -3.521456 2.227859 16 16 16 540 100
8.855238 -3.585971 2.228253 16 16 16 544 100
8.856804 -3.650508 2.228647 16 16 16 548 100
8.858372 -3.715070 2.229041 16 16 16 552 100
8.782584 -3.746654 2.209971 18 18 18 556 100
8.758772 -3.799693 2.203979 19 19 19 560 100
8.735090 -3.852445 2.198020 19 19 19 564 100
8.703815 -3.901451 2.190150 20 20 20 568 100
8.680413 -3.953593 2.184261 21 21 21 572 100
8.867782 -4.102915 2.231409 16 16 16 576 100
8.869352 -4.167636 2.231804 16 16 16 580 100
8.870923 -4.232380 2.232200 16 16 16 584 100
8.872494 -4.297146 2.232595 16 16 16 588 100
8.874066 -4.361937 2.232991 16 16 16 592 100
8.875639 -4.426750 2.233386 15 15 15 596 100
8.762957 -4.433776 2.205032 19 19 19 600 100
8.646969 -4.437479 2.175846 22 22 22 604 100
8.534010 -4.441085 2.147422 25 25 25 608 100
8.423965 -4.444599 2.119731 28 28 28 612 100
8.316721 -4.448023 2.092745 31 31 31 616 100
8.212174 -4.451362 2.066438 33 33 33 620 100
8.110224 -4.454617 2.040784 36 36 36 624 100
8.010772 -4.457791 2.015759 39 39 39 628 100
7.913730 -4.460889 1.991340 41 41 41 632 100
7.819012 -4.463913 1.967506 44 44 44 636 100
8.082117 4.657859 1.975399 37 37 37 0 104
8.190722 4.661352 2.001943 34 34 34 4 104
8.302283 4.664939 2.029211 31 31 31 8 104
8.416928 4.668626 2.057232 28 28 28 12 104
8.534782 4.672416 2.086037 25 25 25 16 104
8.655983 4.676313 2.115660 21 21 21 20 104
8.679579 4.626435 2.121428 21 21 21 24 104
8.681084 4.564601 2.121796 21 21 21 28 104
8.682589 4.502746 2.122163 21 21 21 32 104
8.684094 4.440868 2.122531 21 21 21 36 104
8.685600 4.378971 2.122900 21 21 21 40 104
8.687106 4.317050 2.123267 21 21 21 44 104
8.688614 4.255109 2.123636 21 21 21 48 104
8.690122 4.193146 2.124005 20 20 20 52 104
8.691629 4.131161 2.124373 20 20 20 56 104
8.693138 4.069156 2.124742 20 20 20 60 104
8.694648 4.007128 2.125111 20 20 20 64 104
8.441067 3.829355 2.063132 27 27 27 68 104
8.697667 3.883008 2.125849 20 20 20 72 104
8.699178 3.820916 2.126218 20 20 20 76 104
8.700688 3.758802 2.126587 20 20 20 80 104
8.702201 3.696667 2.126957 20 20 20 84 104
8.703713 3.634510 2.127326 20 20 20 88 104
8.705226 3.572332 2.127696 20 20 20 92 104
8.706738 3.510132 2.128066 20 20 20 96 104
8.708253 3.447910 2.128436 20 20 20 100 104
8.709768 3.385667 2.128806 20 20 20 104 104
8.711282 3.323401 2.129176 20 20 20 108 104
8.712797 3.261115 2.129547 20 20 20 112 104
8.714314 3.198806 2.129917 20 20 20 116 104
8.715830 3.136476 2.130288 20 20 20 120 104
8.717347 3.074125 2.130659 20 20 20 124 104
8.718864 3.011751 2.131030 20 20 20 128 104
8.720383 2.949356 2.131401 20 20 20 132 104
8.721900 2.886939 2.131772 20 20 20 136 104
8.723420 2.824500 2.132143 20 20 20 140 104
8.724940 2.762040 2.132515 20 20 20 144 104
8.726460 2.699558 2.132886 19 19 19 148 104
8.727981 2.637053 2.133258 19 19 19 152 104
8.729503 2.574528 2.133630 19 19 19 156 104
8.731024 2.511981 2.134002 19 19 19 160 104
8.732546 2.449411 2.134374 19 19 19 164 104
8.734069 2.386820 2.134746 19 19 19 168 104
8.735592 2.324207 2.135118 19 19 19 172 104
8.737115 2.261572 2.135491 19 19 19 176 104
8.738640 2.198915 2.135863 19 19 19 180 104
8.740167 2.136237 2.136236 19 19 19 184 104
8.741692 2.073536 2.136609 19 19 19 188 104
8.743217 2.010814 2.136982 19 19 19 192 104
8.274909 1.843404 2.022520 32 32 32 196 104
8.488757 1.829795 2.074788 26 26 26 200 104
8.504892 1.771908 2.078732 25 25 25 204 104
8.521090 1.713801 2.082690 25 25 25 208 104
8.537348 1.655472 2.086664 25 25 25 212 104
8.553669 1.596920 2.090653 24 24 24 216 104
8.570051 1.538144 2.094657 24 24 24 220 104
8.586517 1.479145 2.098682 23 23 23 224 104
8.603047 1.419920 2.102722 23 23 23 228 104
5.835272 0.921000 1.426234 97 97 97 232 104
5.748056 0.865761 1.404917 100 100 100 236 104
5.742877 0.823545 1.403651 100 100 100 240 104
5.750259 0.783114 1.405455 100 100 100 244 104
5.788434 0.746548 1.414786 99 99 99 248 104
8.703570 1.059721 2.127292 20 20 20 252 104
8.290825 0.949646 2.026410 31 31 31 256 104
8.769240 0.941173 2.143342 18 18 18 260 104
8.770777 0.878055 2.143718 18 18 18 264 104
8.772312 0.814914 2.144093 18 18 18 268 104
8.773849 0.751752 2.144469 18 18 18 272 104
8.775388 0.688567 2.144845 18 18 18 276 104
8.776925 0.625360 2.145221 18 18 18 280 104
8.778463 0.562131 2.145597 18 18 18 284 104
8.780002 0.498880 2.145973 18 18 18 288 104
8.781542 0.435606 2.146349 18 18 18 292 104
8.783082 0.372311 2.146725 18 18 18 296 104
8.784622 0.308993 2.147102 18 18 18 300 104
8.786164 0.245653 2.147479 18 18 18 304 104
8.787705 0.182291 2.147855 18 18 18 308 104
8.789247 0.118906 2.148232 18 18 18 312 104
8.790791 0.055500 2.148609 18 18 18 316 104
8.792334 -0.007929 2.148987 18 18 18 320 104
8.793877 -0.071381 2.149364 18 18 18 324 104
8.795422 -0.134854 2.149741 18 18 18 328 104
8.796966 -0.198350 2.150119 18 18 18 332 104
8.798512 -0.261868 2.150496 18 18 18 336 104
8.800057 -0.325409 2.150875 18 18 18 340 104
8.801604 -0.388972 2.151253 17 17 17 344 104
8.803151 -0.452557 2.151631 17 17 17 348 104
8.804698 -0.516164 2.152009 17 17 17 352 104
8.806247 -0.579794 2.152387 17 17 17 356 104
8.807796 -0.643446 2.152766 17 17 17 360 104
8.809343 -0.707121 2.153144 17 17 17 364 104
8.810894 -0.770818 2.153523 17 17 17 368 104
8.812445 -0.834537 2.153902 17 17 17 372 104
8.813995 -0.898279 2.154281 17 17 17 376 104
8.815546 -0.962044 2.154660 17 17 17 380 104
8.817099 -1.025830 2.155040 17 17 17 384 104
8.818650 -1.089640 2.155419 17 17 17 388 104
8.820204 -1.153471 2.155799 17 17 17 392 104
8.821758 -1.217326 2.156178 17 17 17 396 104
8.823312 -1.281202 2.156558 17 17 17 400 104
8.824865 -1.345101 2.156938 17 17 17 404 104
8.826422 -1.409023 2.157318 17 17 17 408 104
8.827977 -1.472967 2.157698 17 17 17 412 104
8.829534 -1.536934 2.158079 17 17 17 416 104
8.831090 -1.600924 2.158459 17 17 17 420 104
8.832649 -1.664936 2.158840 17 17 17 424 104
8.834206 -1.728970 2.159221 17 17 17 428 104
8.835765 -1.793027 2.159602 17 17 17 432 104
8.837323 -1.857107 2.159983 17 17 17 436 104
8.838883 -1.921209 2.160364 16 16 16 440 104
8.840444 -1.985334 2.160745 16 16 16 444 104
8.842004 -2.049482 2.161127 16 16 16 448 104
8.843566 -2.113652 2.161509 16 16 16 452 104
8.845126 -2.177845 2.161890 16 16 16 456 104
8.846689 -2.242061 2.162272 16 16 16 460 104
8.848253 -2.306299 2.162654 16 16 16 464 104
8.849816 -2.370560 2.163036 16 16 16 468 104
8.851380 -2.434844 2.163419 16 16 16 472 104
8.852945 -2.499150 2.163801 16 16 16 476 104
8.854509 -2.563479 2.164183 16 16 16 480 104
8.856075 -2.627831 2.164566 16 16 16 484 104
8.857641 -2.692206 2.164949 16 16 16 488 104
8.859209 -2.756603 2.165332 16 16 16 492 104
8.860776 -2.821023 2.165715 16 16 16 496 104
8.862344 -2.885467 2.166098 16 16 16 500 104
8.863913 -2.949932 2.166480 16 16 16 504 104
8.865481 -3.014421 2.166864 16 16 16 508 104
8.867050 -3.078932 2.167247 16 16 16 512 104
8.868621 -3.143466 2.167631 16 16 16 516 104
8.870192 -3.208023 2.168015 16 16 16 520 104
8.871761 -3.272603 2.168399 16 16 16 524 104
8.873335 -3.337206 2.168783 16 16 16 528 104
8.874907 -3.401832 2.169168 16 16 16 532 104
8.876478 -3.466480 2.169552 15 15 15 536 104
8.878053 -3.531152 2.169936 15 15 15 540 104
8.879627 -3.595848 2.170321 15 15 15 544 104
8.881202 -3.660565 2.170706 15 15 15 548 104
8.809985 -3.694778 2.153300 17 17 17 552 104
8.793796 -3.751437 2.149343 18 18 18 556 104
8.769924 -3.804531 2.143508 18 18 18 560 104
8.746181 -3.857336 2.137705 19 19 19 564 104
8.722567 -3.909857 2.131933 20 20 20 568 104
8.699080 -3.962095 2.126193 20 20 20 572 104
8.675718 -4.014052 2.120483 21 21 21 576 104
8.652482 -4.065731 2.114803 21 21 21 580 104
8.629370 -4.117134 2.109154 22 22 22 584 104
8.606381 -4.168262 2.103535 23 23 23 588 104
8.583514 -4.219119 2.097946 23 23 23 592 104
8.560769 -4.269707 2.092387 24 24 24 596 104
8.538143 -4.320027 2.086857 25 25 25 600 104
8.515637 -4.370082 2.081356 25 25 25 604 104
8.530545 -4.439282 2.085000 25 25 25 608 104
8.420588 -4.442818 2.058125 28 28 28 612 104
8.313431 -4.446263 2.031934 31 31 31 616 104
8.208966 -4.449623 2.006401 33 33 33 620 104
8.107094 -4.452898 1.981502 36 36 36 624 104
8.007719 -4.456092 1.957213 39 39 39 628 104
7.910750 -4.459209 1.933512 41 41 41 632 104
7.816103 -4.462253 1.910379 44 44 44 636 104
8.085450 4.659780 1.917875 37 37 37 0 108
8.194145 4.663300 1.943657 34 34 34 4 108
8.305802 4.666916 1.970143 31 31 31 8 108
8.420544 4.670631 1.997359 28 28 28 12 108
8.538499 4.674451 2.025338 25 25 25 16 108
8.659806 4.678379 2.054113 21 21 21 20 108
8.703009 4.638924 2.064360 20 20 20 24 108
8.704521 4.576925 2.064719 20 20 20 28 108
8.706034 4.514904 2.065078 20 20 20 32 108
8.707548 4.452862 2.065437 20 20 20 36 108
8.709063 4.390799 2.065796 20 20 20 40 108
8.710576 4.328713 2.066155 20 20 20 44 108
8.712091 4.266607 2.066515 20 20 20 48 108
8.713608 4.204479 2.066875 20 20 20 52 108
8.715123 4.142328 2.067234 20 20 20 56 108
8.716640 4.080157 2.067594 20 20 20 60 108
8.718158 4.017963 2.067954 20 20 20 64 108
8.461161 3.838471 2.006994 27 27 27 68 108
8.462618 3.778072 2.007339 27 27 27 72 108
8.464090 3.717659 2.007689 27 27 27 76 108
8.465563 3.657225 2.008038 27 27 27 80 108
8.467037 3.596771 2.008388 26 26 26 84 108
8.468526 3.536300 2.008741 26 26 26 88 108
8.470006 3.475806 2.009092 26 26 26 92 108
8.471484 3.415288 2.009442 26 26 26 96 108
8.472962 3.354750 2.009793 26 26 26 100 108
8.474442 3.294190 2.010144 26 26 26 104 108
8.734883 3.332406 2.071921 19 19 19 108 108
8.736405 3.269951 2.072282 19 19 19 112 108
8.737931 3.207476 2.072644 19 19 19 116 108
8.739456 3.144978 2.073005 19 19 19 120 108
8.740982 3.082459 2.073367 19 19 19 124 108
8.742507 3.019918 2.073729 19 19 19 128 108
8.744034 2.957355 2.074091 19 19 19 132 108
8.745560 2.894770 2.074453 19 19 19 136 108
8.747087 2.832163 2.074816 19 19 19 140 108
8.748615 2.769535 2.075178 19 19 19 144 108
8.750144 2.706884 2.075541 19 19 19 148 108
8.751672 2.644212 2.075903 19 19 19 152 108
8.753202 2.581518 2.076266 19 19 19 156 108
8.754732 2.518801 2.076629 19 19 19 160 108
8.756263 2.456063 2.076992 19 19 19 164 108
8.757793 2.393303 2.077355 19 19 19 168 108
8.759326 2.330521 2.077718 19 19 19 172 108
8.760858 2.267717 2.078082 19 19 19 176 108
8.762390 2.204891 2.078445 19 19 19 180 108
8.763925 2.142043 2.078809 18 18 18 184 108
8.765457 2.079173 2.079173 18 18 18 188 108
8.766992 2.016281 2.079537 18 18 18 192 108
8.297429 1.848421 1.968156 31 31 31 196 108
8.304819 1.790146 1.969909 31 31 31 200 108
8.305884 1.730447 1.970162 31 31 31 204 108
8.306949 1.670732 1.970414 31 31 31 208 108
8.308014 1.611002 1.970667 31 31 31 212 108
8.309079 1.551257 1.970920 31 31 31 216 108
8.310144 1.491496 1.971172 31 31 31 220 108
8.311214 1.431721 1.971426 31 31 31 224 108
8.312284 1.371930 1.971680 31 31 31 228 108
8.313356 1.312124 1.971934 31 31 31 232 108
5.769954 0.869059 1.368637 99 99 99 236 108
5.743729 0.823667 1.362417 100 100 100 240 108
5.760275 0.784478 1.366342 99 99 99 244 108
8.346162 1.076424 1.979716 30 30 30 248 108
8.361762 1.018104 1.983416 29 29 29 252 108
8.313433 0.952236 1.971952 31 31 31 256 108
8.793159 0.943740 2.085744 18 18 18 260 108
8.794703 0.880450 2.086110 18 18 18 264 108
8.796247 0.817138 2.086476 18 18 18 268 108
8.797791 0.753803 2.086843 18 18 18 272 108
8.799337 0.690446 2.087209 18 18 18 276 108
8.800884 0.627067 2.087576 17 17 17 280 108
8.802430 0.563666 2.087943 17 17 17 284 108
8.803978 0.500242 2.088310 17 17 17 288 108
8.805527 0.436796 2.088677 17 17 17 292 108
8.807075 0.373328 2.089045 17 17 17 296 108
8.808622 0.309837 2.089412 17 17 17 300 108
8.810172 0.246324 2.089779 17 17 17 304 108
8.811723 0.182789 2.090147 17 17 17 308 108
8.813272 0.119231 2.090515 17 17 17 312 108
8.814824 0.055651 2.090883 17 17 17 316 108
8.816377 -0.007951 2.091251 17 17 17 320 108
8.817927 -0.071576 2.091619 17 17 17 324 108
8.819481 -0.135223 2.091987 17 17 17 328 108
8.821034 -0.198893 2.092356 17 17 17 332 108
8.822588 -0.262585 2.092724 17 17 17 336 108
8.824142 -0.326299 2.093093 17 17 17 340 108
8.825698 -0.390036 2.093462 17 17 17 344 108
8.827252 -0.453796 2.093831 17 17 17 348 108
8.828808 -0.517578 2.094200 17 17 17 352 108
8.830366 -0.581382 2.094569 17 17 17 356 108
8.831923 -0.645209 2.094939 17 17 17 360 108
8.833481 -0.709058 2.095308 17 17 17 364 108
8.835038 -0.772930 2.095678 17 17 17 368 108
8.836597 -0.836825 2.096047 17 17 17 372 108
8.838157 -0.900742 2.096417 16 16 16 376 108
8.839716 -0.964681 2.096787 16 16 16 380 108
8.841277 -1.028643 2.097157 16 16 16 384 108
8.842838 -1.092628 2.097528 16 16 16 388 108
8.844399 -1.156636 2.097898 16 16 16 392 108
8.845962 -1.220665 2.098269 16 16 16 396 108
8.847525 -1.284718 2.098639 16 16 16 400 108
8.849088 -1.348793 2.099010 16 16 16 404 108
8.850651 -1.412891 2.099381 16 16 16 408 108
8.852216 -1.477012 2.099752 16 16 16 412 108
8.853781 -1.541155 2.100123 16 16 16 416 108
8.855346 -1.605321 2.100494 16 16 16 420 108
8.856913 -1.669509 2.100866 16 16 16 424 108
8.858479 -1.733721 2.101238 16 16 16 428 108
8.860045 -1.797954 2.101609 16 16 16 432 108
8.861613 -1.862211 2.101981 16 16 16 436 108
8.863182 -1.926491 2.102353 16 16 16 440 108
8.864751 -1.990793 2.102725 16 16 16 444 108
8.866319 -2.055118 2.103097 16 16 16 448 108
8.867890 -2.119466 2.103470 16 16 16 452 108
8.869460 -2.183836 2.103842 16 16 16 456 108
8.871031 -2.248230 2.104215 16 16 16 460 108
8.872602 -2.312646 2.104588 16 16 16 464 108
8.874175 -2.377085 2.104961 16 16 16 468 108
8.875746 -2.441546 2.105333 15 15 15 472 108
8.877320 -2.506031 2.105707 15 15 15 476 108
8.878895 -2.570539 2.106080 15 15 15 480 108
8.880468 -2.635069 2.106453 15 15 15 484 108
8.882043 -2.699622 2.106827 15 15 15 488 108
8.883618 -2.764199 2.107201 15 15 15 492 108
8.885195 -2.828797 2.107573 15 15 15 496 108
8.886771 -2.893419 2.107947 15 15 15 500 108
8.888349 -2.958064 2.108321 15 15 15 504 108
8.889927 -3.022732 2.108696 15 15 15 508 108
8.891503 -3.087423 2.109070 15 15 15 512 108
8.893083 -3.152137 2.109444 15 15 15 516 108
8.894662 -3.216874 2.109819 15 15 15 520 108
8.896243 -3.281634 2.110194 15 15 15 524 108
8.897822 -3.346416 2.110569 15 15 15 528 108
8.899404 -3.411222 2.110944 15 15 15 532 108
8.900986 -3.476051 2.111319 15 15 15 536 108
8.902568 -3.540903 2.111694 15 15 15 540 108
8.904150 -3.605778 2.112070 15 15 15 544 108
8.905734 -3.670676 2.112445 15 15 15 548 108
8.829102 -3.702794 2.094268 17 17 17 552 108
8.805037 -3.756233 2.088560 17 17 17 556 108
8.781104 -3.809381 2.082883 18 18 18 560 108
8.757300 -3.862240 2.077237 19 19 19 564 108
8.733625 -3.914814 2.071621 19 19 19 568 108
8.710079 -3.967104 2.066036 20 20 20 572 108
8.686658 -4.019114 2.060480 21 21 21 576 108
8.663363 -4.070844 2.054955 21 21 21 580 108
8.640193 -4.122297 2.049459 22 22 22 584 108
8.617146 -4.173476 2.043992 22 22 22 588 108
8.594223 -4.224383 2.038555 23 23 23 592 108
8.571421 -4.275020 2.033146 24 24 24 596 108
8.548738 -4.325388 2.027766 24 24 24 600 108
8.526175 -4.375491 2.022414 25 25 25 604 108
8.527083 -4.437481 2.022629 25 25 25 608 108
8.417216 -4.441038 1.996569 28 28 28 612 108
8.310143 -4.444504 1.971171 31 31 31 616 108
8.205760 -4.447884 1.946411 34 34 34 620 108
8.103968 -4.451180 1.922266 36 36 36 624 108
8.004668 -4.454395 1.898712 39 39 39 628 108
7.907773 -4.457532 1.875728 42 42 42 632 108
7.813197 -4.460594 1.853295 44 44 44 636 108
8.088787 4.661703 1.860304 37 37 37 0 112
8.197572 4.665250 1.885323 34 34 34 4 112
8.309322 4.668894 1.911024 31 31 31 8 112
8.424161 4.672638 1.937435 28 28 28 12 112
8.542219 4.676487 1.964587 24 24 24 16 112
8.663633 4.680446 1.992510 21 21 21 20 112
8.726564 4.651480 2.006984 19 19 19 24 112
8.728086 4.589315 2.007333 19 19 19 28 112
8.729607 4.527129 2.007683 19 19 19 32 112
8.731128 4.464921 2.008033 19 19 19 36 112
8.732651 4.402692 2.008383 19 19 19 40 112
8.734174 4.340440 2.008734 19 19 19 44 112
8.735697 4.278167 2.009084 19 19 19 48 112
8.737221 4.215872 2.009434 19 19 19 52 112
8.738746 4.153556 2.009785 19 19 19 56 112
8.740271 4.091218 2.010136 19 19 19 60 112
8.741796 4.028858 2.010486 19 19 19 64 112
8.484106 3.848881 1.951221 26 26 26 68 112
8.485558 3.788314 1.951555 26 26 26 72 112
8.487014 3.727728 1.951890 26 26 26 76 112
8.488496 3.667133 1.952231 26 26 26 80 112
8.489977 3.606515 1.952572 26 26 26 84 112
8.491467 3.545880 1.952914 26 26 26 88 112
8.492957 3.485224 1.953257 26 26 26 92 112
8.494442 3.424544 1.953599 26 26 26 96 112
8.495932 3.363844 1.953941 26 26 26 100 112
8.497448 3.303134 1.954290 26 26 26 104 112
8.511308 3.247110 1.957477 25 25 25 108 112
8.760144 3.278836 2.014706 19 19 19 112 112
8.761677 3.216192 2.015059 19 19 19 116 112
8.763209 3.153526 2.015411 19 19 19 120 112
8.764744 3.090839 2.015764 18 18 18 124 112
8.766277 3.028129 2.016117 18 18 18 128 112
8.767812 2.965397 2.016470 18 18 18 132 112
8.769347 2.902643 2.016823 18 18 18 136 112
8.770883 2.839868 2.017176 18 18 18 140 112
8.772419 2.777070 2.017529 18 18 18 144 112
8.773956 2.714251 2.017883 18 18 18 148 112
8.775493 2.651409 2.018236 18 18 18 152 112
8.777031 2.588545 2.018590 18 18 18 156 112
8.778569 2.525660 2.018944 18 18 18 160 112
8.780108 2.462752 2.019298 18 18 18 164 112
8.781647 2.399822 2.019652 18 18 18 168 112
8.783188 2.336870 2.020006 18 18 18 172 112
8.784729 2.273896 2.020360 18 18 18 176 112
8.786269 2.210900 2.020715 18 18 18 180 112
8.787811 2.147882 2.021069 18 18 18 184 112
8.789353 2.084842 2.021424 18 18 18 188 112
8.790895 2.021779 2.021779 18 18 18 192 112
8.320073 1.853465 1.913496 30 30 30 196 112
8.793983 1.895588 2.022489 18 18 18 200 112
8.767665 1.826654 2.016436 18 18 18 204 112
8.797071 1.769308 2.023199 18 18 18 208 112
8.798618 1.706135 2.023555 18 18 18 212 112
8.800164 1.642939 2.023911 18 18 18 216 112
8.801709 1.579721 2.024266 17 17 17 220 112
8.803257 1.516482 2.024622 17 17 17 224 112
8.804806 1.453220 2.024978 17 17 17 228 112
8.806354 1.389935 2.025334 17 17 17 232 112
5.862428 0.882987 1.348274 97 97 97 236 112
5.766358 0.826912 1.326179 99 99 99 240 112
5.776454 0.786681 1.328501 99 99 99 244 112
8.812551 1.136575 2.026759 17 17 17 248 112
8.814102 1.073179 2.027116 17 17 17 252 112
8.336164 0.954840 1.917197 30 30 30 256 112
8.817204 0.946321 2.027829 17 17 17 260 112
8.818758 0.882858 2.028186 17 17 17 264 112
8.820312 0.819373 2.028544 17 17 17 268 112
8.821865 0.755866 2.028901 17 17 17 272 112
8.823419 0.692336 2.029258 17 17 17 276 112
8.824973 0.628783 2.029616 17 17 17 280 112
8.826529 0.565209 2.029974 17 17 17 284 112
8.828084 0.501612 2.030331 17 17 17 288 112
8.829641 0.437992 2.030689 17 17 17 292 112
8.831198 0.374350 2.031047 17 17 17 296 112
8.832756 0.310686 2.031406 17 17 17 300 112
8.834312 0.246999 2.031764 17 17 17 304 112
8.835872 0.183290 2.032122 17 17 17 308 112
8.837431 0.119558 2.032481 17 17 17 312 112
8.838990 0.055804 2.032840 16 16 16 316 112
8.840551 -0.007973 2.033199 16 16 16 320 112
8.842112 -0.071772 2.033557 16 16 16 324 112
8.843673 -0.135594 2.033916 16 16 16 328 112
8.845235 -0.199438 2.034276 16 16 16 332 112
8.846798 -0.263305 2.034635 16 16 16 336 112
8.848360 -0.327195 2.034995 16 16 16 340 112
8.849923 -0.391107 2.035354 16 16 16 344 112
8.851488 -0.455042 2.035714 16 16 16 348 112
8.853053 -0.518999 2.036074 16 16 16 352 112
8.854617 -0.582979 2.036433 16 16 16 356 112
8.856183 -0.646981 2.036794 16 16 16 360 112
8.857749 -0.711006 2.037154 16 16 16 364 112
8.859316 -0.775054 2.037514 16 16 16 368 112
8.860884 -0.839125 2.037875 16 16 16 372 112
8.862453 -0.903218 2.038235 16 16 16 376 112
8.864019 -0.967333 2.038596 16 16 16 380 112
8.865589 -1.031472 2.038957 16 16 16 384 112
8.867159 -1.095633 2.039318 16 16 16 388 112
8.868728 -1.159817 2.039679 16 16 16 392 112
8.870299 -1.224024 2.040040 16 16 16 396 112
8.871871 -1.288253 2.040402 16 16 16 400 112
8.873443 -1.352506 2.040763 16 16 16 404 112
8.875014 -1.416780 2.041125 15 15 15 408 112
8.876587 -1.481078 2.041486 15 15 15 412 112
8.878161 -1.545399 2.041848 15 15 15 416 112
8.879736 -1.609742 2.042210 15 15 15 420 112
8.881310 -1.674108 2.042572 15 15 15 424 112
8.882885 -1.738497 2.042935 15 15 15 428 112
8.884460 -1.802909 2.043297 15 15 15 432 112
8.886037 -1.867344 2.043659 15 15 15 436 112
8.887614 -1.931801 2.044022 15 15 15 440 112
8.889193 -1.996282 2.044385 15 15 15 444 112
8.890769 -2.060785 2.044748 15 15 15 448 112
8.892348 -2.125311 2.045111 15 15 15 452 112
8.893928 -2.189861 2.045474 15 15 15 456 112
8.895508 -2.254433 2.045838 15 15 15 460 112
8.897087 -2.319027 2.046201 15 15 15 464 112
8.898668 -2.383646 2.046565 15 15 15 468 112
8.900249 -2.448287 2.046928 15 15 15 472 112
8.901832 -2.512950 2.047292 15 15 15 476 112
8.903413 -2.577637 2.047656 15 15 15 480 112
8.904997 -2.642347 2.048020 15 15 15 484 112
8.906579 -2.707080 2.048384 15 15 15 488 112
8.908164 -2.771835 2.048747 15 15 15 492 112
8.909749 -2.836615 2.049112 15 15 15 496 112
8.911335 -2.901417 2.049476 15 15 15 500 112
8.912920 -2.966242 2.049841 14 14 14 504 112
8.914507 -3.031090 2.050206 14 14 14 508 112
8.916094 -3.095961 2.050571 14 14 14 512 112
8.917680 -3.160855 2.050936 14 14 14 516 112
8.919269 -3.225773 2.051301 14 14 14 520 112
8.920858 -3.290714 2.051667 14 14 14 524 112
8.922446 -3.355677 2.052032 14 14 14 528 112
8.924037 -3.420664 2.052398 14 14 14 532 112
8.925628 -3.485674 2.052763 14 14 14 536 112
8.927218 -3.550708 2.053129 14 14 14 540 112
8.928809 -3.615764 2.053495 14 14 14 544 112
8.930402 -3.680843 2.053862 14 14 14 548 112
8.840432 -3.707546 2.033170 16 16 16 552 112
8.816306 -3.761040 2.027621 17 17 17 556 112
8.792312 -3.814243 2.022103 18 18 18 560 112
8.768448 -3.867157 2.016614 18 18 18 564 112
8.744713 -3.919784 2.011156 19 19 19 568 112
8.721106 -3.972127 2.005726 20 20 20 572 112
8.697626 -4.024188 2.000326 20 20 20 576 112
8.674273 -4.075970 1.994956 21 21 21 580 112
8.651045 -4.127475 1.989614 22 22 22 584 112
8.627939 -4.178703 1.984300 22 22 22 588 112
8.604959 -4.229660 1.979014 23 23 23 592 112
8.582098 -4.280345 1.973757 23 23 23 596 112
8.559360 -4.330762 1.968527 24 24 24 600 112
8.536741 -4.380913 1.963326 25 25 25 604 112
8.523624 -4.435681 1.960309 25 25 25 608 112
8.413845 -4.439260 1.935061 28 28 28 612 112
8.306857 -4.442747 1.910455 31 31 31 616 112
8.202557 -4.446148 1.886468 34 34 34 620 112
8.100842 -4.449464 1.863075 36 36 36 624 112
8.001620 -4.452699 1.840255 39 39 39 628 112
7.904799 -4.455854 1.817988 42 42 42 632 112
7.810293 -4.458936 1.796253 44 44 44 636 112
8.092127 4.663628 1.802685 37 37 37 0 116
8.201000 4.667202 1.826939 34 34 34 4 116
8.312845 4.670873 1.851855 31 31 31 8 116
8.427783 4.674647 1.877460 28 28 28 12 116
8.545943 4.678526 1.903782 24 24 24 16 116
8.667464 4.682516 1.930854 21 21 21 20 116
8.750249 4.664104 1.949296 19 19 19 24 116
8.751778 4.601773 1.949636 19 19 19 28 116
8.753308 4.539421 1.949977 19 19 19 32 116
8.754837 4.477045 1.950318 19 19 19 36 116
8.756369 4.414649 1.950659 19 19 19 40 116
8.757899 4.352231 1.951000 19 19 19 44 116
8.759431 4.289790 1.951341 19 19 19 48 116
8.760962 4.227328 1.951682 19 19 19 52 116
8.762496 4.164845 1.952024 19 19 19 56 116
8.764030 4.102339 1.952366 18 18 18 60 116
8.765563 4.039812 1.952707 18 18 18 64 116
8.505394 3.858538 1.894749 25 25 25 68 116
8.508636 3.798617 1.895471 25 25 25 72 116
8.510096 3.737866 1.895797 25 25 25 76 116
8.511557 3.677095 1.896122 25 25 25 80 116
8.513041 3.616313 1.896453 25 25 25 84 116
8.514533 3.555512 1.896785 25 25 25 88 116
8.516031 3.494693 1.897119 25 25 25 92 116
8.517534 3.433853 1.897454 25 25 25 96 116
8.519058 3.373001 1.897793 25 25 25 100 116
8.520582 3.312127 1.898133 25 25 25 104 116
8.516788 3.249201 1.897287 25 25 25 108 116
8.784011 3.287769 1.956817 18 18 18 112 116
8.785552 3.224956 1.957160 18 18 18 116 116
8.787093 3.162121 1.957503 18 18 18 120 116
8.788635 3.099264 1.957847 18 18 18 124 116
8.790177 3.036385 1.958190 18 18 18 128 116
8.791720 2.973483 1.958534 18 18 18 132 116
8.793263 2.910560 1.958878 18 18 18 136 116
8.794808 2.847615 1.959222 18 18 18 140 116
8.796352 2.784647 1.959566 18 18 18 144 116
8.797898 2.721657 1.959910 18 18 18 148 116
8.799445 2.658646 1.960255 18 18 18 152 116
8.800990 2.595611 1.960599 17 17 17 156 116
8.802537 2.532555 1.960944 17 17 17 160 116
8.804085 2.469477 1.961288 17 17 17 164 116
8.805633 2.406377 1.961633 17 17 17 168 116
8.807180 2.343253 1.961978 17 17 17 172 116
8.808729 2.280109 1.962323 17 17 17 176 116
8.810279 2.216942 1.962668 17 17 17 180 116
8.811829 2.153752 1.963014 17 17 17 184 116
8.813380 2.090541 1.963359 17 17 17 188 116
8.814931 2.027307 1.963705 17 17 17 192 116
8.342843 1.858538 1.858537 30 30 30 196 116
8.818034 1.900772 1.964396 17 17 17 200 116
8.791665 1.831654 1.958522 18 18 18 204 116
8.821141 1.774149 1.965088 17 17 17 208 116
8.822695 1.710804 1.965434 17 17 17 212 116
8.824249 1.647436 1.965780 17 17 17 216 116
8.825805 1.584046 1.966127 17 17 17 220 116
8.827360 1.520634 1.966473 17 17 17 224 116
8.828917 1.457199 1.966820 17 17 17 228 116
8.830473 1.393742 1.967167 17 17 17 232 116
5.881897 0.885920 1.310312 96 96 96 236 116
5.845017 0.838192 1.302096 97 97 97 240 116
5.858419 0.797844 1.305082 97 97 97 244 116
5.925199 0.764187 1.319958 95 95 95 248 116
8.838264 1.076121 1.968903 16 16 16 252 116
8.359021 0.957458 1.862142 29 29 29 256 116
8.841385 0.948916 1.969598 16 16 16 260 116
8.842945 0.885279 1.969945 16 16 16 264 116
8.844507 0.821621 1.970293 16 16 16 268 116
8.846070 0.757940 1.970642 16 16 16 272 116
8.847631 0.694236 1.970989 16 16 16 276 116
8.849195 0.630509 1.971338 16 16 16 280 116
8.850760 0.566760 1.971686 16 16 16 284 116
8.852324 0.502989 1.972035 16 16 16 288 116
8.853888 0.439195 1.972383 16 16 16 292 116
8.855453 0.375379 1.972732 16 16 16 296 116
8.857020 0.311539 1.973081 16 16 16 300 116
8.858586 0.247678 1.973430 16 16 16 304 116
8.860154 0.183794 1.973779 16 16 16 308 116
8.861722 0.119887 1.974128 16 16 16 312 116
8.863290 0.055957 1.974478 16 16 16 316 116
8.864859 -0.007995 1.974827 16 16 16 320 116
8.866428 -0.071970 1.975177 16 16 16 324 116
8.867997 -0.135967 1.975526 16 16 16 328 116
8.869567 -0.199987 1.975876 16 16 16 332 116
8.871140 -0.264030 1.976226 16 16 16 336 116
8.872710 -0.328095 1.976576 16 16 16 340 116
8.874282 -0.392183 1.976926 16 16 16 344 116
8.875855 -0.456294 1.977277 15 15 15 348 116
8.877429 -0.520428 1.977627 15 15 15 352 116
8.879003 -0.584584 1.977978 15 15 15 356 116
8.880577 -0.648763 1.978329 15 15 15 360 116
8.882153 -0.712965 1.978680 15 15 15 364 116
8.883727 -0.777190 1.979030 15 15 15 368 116
8.885303 -0.841437 1.979381 15 15 15 372 116
8.886880 -0.905707 1.979733 15 15 15 376 116
8.888456 -0.970000 1.980084 15 15 15 380 116
8.890034 -1.034316 1.980435 15 15 15 384 116
8.891613 -1.098655 1.980787 15 15 15 388 116
8.893191 -1.163016 1.981139 15 15 15 392 116
8.894772 -1.227401 1.981491 15 15 15 396 116
8.896351 -1.291808 1.981842 15 15 15 400 116
8.897932 -1.356238 1.982195 15 15 15 404 116
8.899513 -1.420691 1.982547 15 15 15 408 116
8.901094 -1.485167 1.982899 15 15 15 412 116
8.902677 -1.549666 1.983252 15 15 15 416 116
8.904260 -1.614188 1.983604 15 15 15 420 116
8.905843 -1.678733 1.983957 15 15 15 424 116
8.907427 -1.743300 1.984310 15 15 15 428 116
8.909012 -1.807891 1.984663 15 15 15 432 116
8.910596 -1.872505 1.985016 15 15 15 436 116
8.912181 -1.937141 1.985369 14 14 14 440 116
8.913769 -2.001801 1.985723 14 14 14 444 116
8.915354 -2.066483 1.986076 14 14 14 448 116
8.916942 -2.131189 1.986429 14 14 14 452 116
8.918530 -2.195918 1.986783 14 14 14 456 116
8.920118 -2.260670 1.987137 14 14 14 460 116
8.921706 -2.325444 1.987491 14 14 14 464 116
8.923296 -2.390243 1.987845 14 14 14 468 116
8.924887 -2.455064 1.988199 14 14 14 472 116
8.926477 -2.519908 1.988554 14 14 14 476 116
8.928068 -2.584775 1.988908 14 14 14 480 116
8.929660 -2.649666 1.989263 14 14 14 484 116
8.931252 -2.714579 1.989616 14 14 14 488 116
8.932845 -2.779515 1.989971 14 14 14 492 116
8.934440 -2.844475 1.990326 14 14 14 496 116
8.936033 -2.909458 1.990681 14 14 14 500 116
8.937627 -2.974464 1.991036 14 14 14 504 116
8.939223 -3.039494 1.991392 14 14 14 508 116
8.940819 -3.104547 1.991747 14 14 14 512 116
8.942414 -3.169622 1.992103 14 14 14 516 116
8.944012 -3.234721 1.992459 14 14 14 520 116
8.945610 -3.299844 1.992815 14 14 14 524 116
8.947207 -3.364989 1.993170 14 14 14 528 116
8.948806 -3.430158 1.993527 14 14 14 532 116
8.950405 -3.495351 1.993883 13 13 13 536 116
8.952006 -3.560567 1.994240 13 13 13 540 116
8.953606 -3.625805 1.994596 13 13 13 544 116
8.955206 -3.691067 1.994952 13 13 13 548 116
8.851792 -3.712311 1.971915 16 16 16 552 116
8.827604 -3.765860 1.966527 17 17 17 556 116
8.803549 -3.819118 1.961168 17 17 17 560 116
8.779624 -3.872086 1.955838 18 18 18 564 116
8.755828 -3.924766 1.950537 19 19 19 568 116
8.732162 -3.977162 1.945265 19 19 19 572 116
8.708623 -4.029276 1.940021 20 20 20 576 116
8.685209 -4.081109 1.934805 21 21 21 580 116
8.661922 -4.132664 1.929617 21 21 21 584 116
8.638760 -4.183944 1.924458 22 22 22 588 116
8.615719 -4.234949 1.919325 22 22 22 592 116
8.592802 -4.285684 1.914220 23 23 23 596 116
8.570006 -4.336149 1.909142 24 24 24 600 116
8.539773 -4.382468 1.902406 25 25 25 604 116
8.520168 -4.433882 1.898039 25 25 25 608 116
8.410477 -4.437483 1.873603 28 28 28 612 116
8.303575 -4.440992 1.849788 31 31 31 616 116
8.199355 -4.444413 1.826571 34 34 34 620 116
8.097720 -4.447749 1.803930 36 36 36 624 116
7.998574 -4.451004 1.781843 39 39 39 628 116
7.901825 -4.454179 1.760291 42 42 42 632 116
7.807391 -4.457279 1.739253 44 44 44 636 116
8.095469 4.665554 1.745019 36 36 36 0 120
8.204433 4.669155 1.768507 34 34 34 4 120
8.316372 4.672855 1.792636 31 31 31 8 120
8.431408 4.676658 1.817433 27 27 27 12 120
8.549670 4.680567 1.842925 24 24 24 16 120
8.671298 4.684587 1.869142 21 21 21 20 120
8.774062 4.676797 1.891293 18 18 18 24 120
8.775599 4.614298 1.891625 18 18 18 28 120
8.777137 4.551778 1.891956 18 18 18 32 120
8.778676 4.489235 1.892288 18 18 18 36 120
8.780214 4.426672 1.892620 18 18 18 40 120
8.781754 4.364085 1.892951 18 18 18 44 120
8.783295 4.301477 1.893284 18 18 18 48 120
8.784835 4.238847 1.893616 18 18 18 52 120
8.786376 4.176195 1.893948 18 18 18 56 120
8.555236 4.004605 1.844124 24 24 24 60 120
8.789460 4.050825 1.894613 18 18 18 64 120
8.524997 3.867431 1.837606 25 25 25 68 120
8.531853 3.808982 1.839084 25 25 25 72 120
8.533319 3.748066 1.839400 25 25 25 76 120
8.534784 3.687130 1.839716 25 25 25 80 120
8.536249 3.626172 1.840032 25 25 25 84 120
8.537733 3.565200 1.840352 25 25 25 88 120
8.539248 3.504220 1.840678 25 25 25 92 120
8.540780 3.443225 1.841008 24 24 24 96 120
8.542312 3.382208 1.841338 24 24 24 100 120
8.543844 3.321169 1.841669 24 24 24 104 120
8.538347 3.257426 1.840484 25 25 25 108 120
8.808008 3.296751 1.898611 17 17 17 112 120
8.809558 3.233768 1.898945 17 17 17 116 120
8.811107 3.170763 1.899279 17 17 17 120 120
8.812658 3.107736 1.899613 17 17 17 124 120
8.814209 3.044686 1.899947 17 17 17 128 120
8.815760 2.981614 1.900282 17 17 17 132 120
8.817312 2.918520 1.900616 17 17 17 136 120
8.818866 2.855404 1.900951 17 17 17 140 120
8.820418 2.792265 1.901286 17 17 17 144 120
8.821972 2.729105 1.901621 17 17 17 148 120
8.823525 2.665921 1.901955 17 17 17 152 120
8.825080 2.602716 1.902291 17 17 17 156 120
8.826635 2.539488 1.902626 17 17 17 160 120
8.828192 2.476239 1.902961 17 17 17 164 120
8.829749 2.412967 1.903297 17 17 17 168 120
8.831305 2.349672 1.903632 17 17 17 172 120
8.832863 2.286355 1.903968 17 17 17 176 120
8.834420 2.223016 1.904304 17 17 17 180 120
8.835979 2.159655 1.904640 17 17 17 184 120
8.837538 2.096271 1.904976 17 17 17 188 120
8.839098 2.032865 1.905312 16 16 16 192 120
8.840658 1.969436 1.905649 16 16 16 196 120
8.842218 1.905985 1.905985 16 16 16 200 120
8.815795 1.836681 1.900289 17 17 17 204 120
8.845343 1.779016 1.906658 16 16 16 208 120
8.846904 1.715498 1.906995 16 16 16 212 120
8.848468 1.651957 1.907332 16 16 16 216 120
8.850032 1.588394 1.907669 16 16 16 220 120
8.851595 1.524809 1.908006 16 16 16 224 120
5.886281 0.971522 1.268818 96 96 96 228 120
5.880815 0.928188 1.267639 96 96 96 232 120
5.871832 0.884404 1.265703 96 96 96 236 120
5.873266 0.842243 1.266012 96 96 96 240 120
5.882391 0.801108 1.267979 96 96 96 244 120
5.897169 0.760571 1.271164 96 96 96 248 120
5.912766 0.719921 1.274526 95 95 95 252 120
5.923807 0.678524 1.276906 95 95 95 256 120
5.958877 0.639546 1.284466 94 94 94 260 120
8.867267 0.887714 1.911384 16 16 16 264 120
8.868836 0.823881 1.911722 16 16 16 268 120
8.870408 0.760025 1.912061 16 16 16 272 120
8.871979 0.696146 1.912400 16 16 16 276 120
8.873550 0.632245 1.912738 16 16 16 280 120
8.875123 0.568321 1.913077 15 15 15 284 120
8.876697 0.504374 1.913417 15 15 15 288 120
8.878270 0.440404 1.913756 15 15 15 292 120
8.879844 0.376412 1.914095 15 15 15 296 120
8.881419 0.312398 1.914435 15 15 15 300 120
8.882994 0.248360 1.914774 15 15 15 304 120
8.884568 0.184300 1.915113 15 15 15 308 120
8.886146 0.120217 1.915453 15 15 15 312 120
8.887722 0.056111 1.915793 15 15 15 316 120
8.889299 -0.008017 1.916133 15 15 15 320 120
8.890878 -0.072168 1.916474 15 15 15 324 120
8.892457 -0.136342 1.916814 15 15 15 328 120
8.894036 -0.200539 1.917154 15 15 15 332 120
8.895616 -0.264758 1.917495 15 15 15 336 120
8.897197 -0.329001 1.917835 15 15 15 340 120
8.898776 -0.393266 1.918176 15 15 15 344 120
8.900357 -0.457554 1.918517 15 15 15 348 120
8.901940 -0.521865 1.918858 15 15 15 352 120
8.903522 -0.586199 1.919199 15 15 15 356 120
8.905106 -0.650555 1.919540 15 15 15 360 120
8.906689 -0.714935 1.919882 15 15 15 364 120
8.908275 -0.779337 1.920223 15 15 15 368 120
8.909859 -0.843763 1.920565 15 15 15 372 120
8.911444 -0.908211 1.920907 15 15 15 376 120
8.913029 -0.972682 1.921248 14 14 14 380 120
8.914616 -1.037176 1.921590 14 14 14 384 120
8.916203 -1.101693 1.921932 14 14 14 388 120
8.917789 -1.166233 1.922274 14 14 14 392 120
8.919379 -1.230796 1.922617 14 14 14 396 120
8.920966 -1.295382 1.922959 14 14 14 400 120
8.922556 -1.359992 1.923302 14 14 14 404 120
8.924147 -1.424624 1.923645 14 14 14 408 120
8.925736 -1.489279 1.923988 14 14 14 412 120
8.927327 -1.553957 1.924330 14 14 14 416 120
8.928920 -1.618658 1.924674 14 14 14 420 120
8.930511 -1.683382 1.925017 14 14 14 424 120
8.932103 -1.748130 1.925360 14 14 14 428 120
8.933697 -1.812900 1.925703 14 14 14 432 120
8.935291 -1.877694 1.926047 14 14 14 436 120
8.936885 -1.942511 1.926391 14 14 14 440 120
8.938480 -2.007351 1.926734 14 14 14 444 120
8.940077 -2.072214 1.927078 14 14 14 448 120
8.941671 -2.137100 1.927422 14 14 14 452 120
8.943268 -2.202009 1.927766 14 14 14 456 120
8.944866 -2.266942 1.928111 14 14 14 460 120
8.946464 -2.331897 1.928455 14 14 14 464 120
8.948062 -2.396877 1.928800 14 14 14 468 120
8.949660 -2.461879 1.929144 13 13 13 472 120
8.951261 -2.526904 1.929489 13 13 13 476 120
8.952860 -2.591952 1.929833 13 13 13 480 120
8.954461 -2.657024 1.930178 13 13 13 484 120
8.956062 -2.722119 1.930523 13 13 13 488 120
8.957664 -2.787238 1.930868 13 13 13 492 120
8.959266 -2.852380 1.931214 13 13 13 496 120
8.960870 -2.917545 1.931559 13 13 13 500 120
8.962473 -2.982733 1.931905 13 13 13 504 120
8.547601 -2.906335 1.842477 24 24 24 508 120
8.558429 -2.971768 1.844811 24 24 24 512 120
8.967287 -3.178438 1.932943 13 13 13 516 120
8.968892 -3.243720 1.933289 13 13 13 520 120
8.581038 -3.165361 1.849685 23 23 23 524 120
8.972107 -3.374354 1.933982 13 13 13 528 120
8.973714 -3.439706 1.934328 13 13 13 532 120
8.975321 -3.505081 1.934674 13 13 13 536 120
8.976930 -3.570480 1.935021 13 13 13 540 120
8.978539 -3.635902 1.935368 13 13 13 544 120
8.980148 -3.701348 1.935715 13 13 13 548 120
8.863182 -3.717088 1.910502 16 16 16 552 120
8.838933 -3.770693 1.905275 16 16 16 556 120
8.814816 -3.824005 1.900077 17 17 17 560 120
8.790828 -3.877027 1.894906 18 18 18 564 120
8.766973 -3.929761 1.889764 18 18 18 568 120
8.743245 -3.982210 1.884649 19 19 19 572 120
8.719645 -4.034376 1.879562 20 20 20 576 120
8.696174 -4.086261 1.874503 20 20 20 580 120
8.672826 -4.137867 1.869470 21 21 21 584 120
8.649605 -4.189197 1.864465 22 22 22 588 120
8.626509 -4.240253 1.859486 22 22 22 592 120
8.603533 -4.291036 1.854534 23 23 23 596 120
8.580681 -4.341550 1.849608 23 23 23 600 120
8.629212 -4.428368 1.860069 22 22 22 604 120
8.516715 -4.432085 1.835819 25 25 25 608 120
8.407112 -4.435708 1.812194 28 28 28 612 120
8.300294 -4.439237 1.789169 31 31 31 616 120
8.196157 -4.442679 1.766722 34 34 34 620 120
8.094602 -4.446036 1.744831 37 37 37 624 120
7.995531 -4.449310 1.723476 39 39 39 628 120
7.898855 -4.452504 1.702637 42 42 42 632 120
7.804491 -4.455624 1.682296 44 44 44 636 120
8.098813 4.667481 1.687305 36 36 36 0 124
8.207869 4.671110 1.710026 33 33 33 4 124
8.319901 4.674838 1.733367 30 30 30 8 124
8.435037 4.678670 1.757354 27 27 27 12 124
8.553400 4.682609 1.782014 24 24 24 16 124
8.675135 4.686659 1.807376 21 21 21 20 124
8.798005 4.689559 1.832975 18 18 18 24 124
8.799551 4.626893 1.833297 18 18 18 28 124
8.801096 4.564203 1.833619 17 17 17 32 124
8.802644 4.501493 1.833941 17 17 17 36 124
8.804191 4.438760 1.834264 17 17 17 40 124
8.805739 4.376005 1.834586 17 17 17 44 124
8.807287 4.313227 1.834909 17 17 17 48 124
8.614382 4.156600 1.794719 23 23 23 52 124
8.592234 4.083918 1.790105 23 23 23 56 124
8.573566 4.013186 1.786215 24 24 24 60 124
7.470217 3.442821 1.556344 53 53 53 64 124
7.473153 3.390254 1.556955 53 53 53 68 124
7.476092 3.337645 1.557568 53 53 53 72 124
7.479033 3.284995 1.558180 53 53 53 76 124
8.558218 3.697253 1.783018 24 24 24 80 124
8.559695 3.636132 1.783325 24 24 24 84 124
8.561182 3.574992 1.783635 24 24 24 88 124
8.562695 3.513842 1.783950 24 24 24 92 124
8.564231 3.452679 1.784270 24 24 24 96 124
8.565754 3.391490 1.784588 24 24 24 100 124
8.567266 3.330274 1.784903 24 24 24 104 124
8.561668 3.266323 1.783736 24 24 24 108 124
8.832137 3.305782 1.840086 17 17 17 112 124
8.552666 3.139470 1.781861 24 24 24 116 124
8.835253 3.179452 1.840735 17 17 17 120 124
8.836812 3.116253 1.841060 17 17 17 124 124
8.838372 3.053032 1.841385 16 16 16 128 124
8.839931 2.989789 1.841710 16 16 16 132 124
8.841492 2.926523 1.842035 16 16 16 136 124
8.843054 2.863235 1.842360 16 16 16 140 124
8.844616 2.799926 1.842686 16 16 16 144 124
8.846177 2.736593 1.843011 16 16 16 148 124
8.847739 2.673237 1.843336 16 16 16 152 124
8.849303 2.609860 1.843662 16 16 16 156 124
8.850866 2.546460 1.843988 16 16 16 160 124
8.852431 2.483038 1.844314 16 16 16 164 124
8.853996 2.419593 1.844640 16 16 16 168 124
8.855562 2.356126 1.844966 16 16 16 172 124
8.857127 2.292636 1.845292 16 16 16 176 124
8.858695 2.229125 1.845619 16 16 16 180 124
8.860262 2.165590 1.845945 16 16 16 184 124
8.861829 2.102033 1.846272 16 16 16 188 124
8.863398 2.038453 1.846599 16 16 16 192 124
8.864966 1.974851 1.846925 16 16 16 196 124
8.599806 1.853732 1.791682 23 23 23 200 124
8.613442 1.794523 1.794523 23 23 23 204 124
8.627123 1.735127 1.797373 22 22 22 208 124
8.640846 1.675541 1.800232 22 22 22 212 124
8.654614 1.615766 1.803101 21 21 21 216 124
5.878011 1.054979 1.224624 96 96 96 220 124
5.864414 1.010226 1.221791 97 97 97 224 124
5.862933 0.967668 1.221482 97 97 97 228 124
5.865448 0.925763 1.222006 97 97 97 232 124
5.867613 0.883768 1.222458 96 96 96 236 124
5.870119 0.841791 1.222979 96 96 96 240 124
5.875410 0.800158 1.224082 96 96 96 244 124
5.885568 0.759075 1.226198 96 96 96 248 124
5.896398 0.717928 1.228454 96 96 96 252 124
5.908924 0.676819 1.231064 95 95 95 256 124
5.930398 0.636490 1.235538 95 95 95 260 124
5.962990 0.596963 1.242328 94 94 94 264 124
8.893301 0.826153 1.852829 15 15 15 268 124
8.894880 0.762122 1.853158 15 15 15 272 124
8.896461 0.698067 1.853487 15 15 15 276 124
8.898040 0.633989 1.853816 15 15 15 280 124
8.899621 0.569889 1.854145 15 15 15 284 124
8.901204 0.505766 1.854475 15 15 15 288 124
8.902785 0.441621 1.854805 15 15 15 292 124
8.904367 0.377452 1.855134 15 15 15 296 124
8.905951 0.313261 1.855464 15 15 15 300 124
8.907536 0.249046 1.855794 15 15 15 304 124
8.909120 0.184809 1.856124 15 15 15 308 124
8.910705 0.120549 1.856455 15 15 15 312 124
8.912291 0.056267 1.856785 14 14 14 316 124
8.913877 -0.008039 1.857116 14 14 14 320 124
8.915462 -0.072368 1.857446 14 14 14 324 124
8.917050 -0.136719 1.857777 14 14 14 328 124
8.918639 -0.201094 1.858108 14 14 14 332 124
8.920227 -0.265491 1.858438 14 14 14 336 124
8.921817 -0.329911 1.858770 14 14 14 340 124
8.923407 -0.394354 1.859101 14 14 14 344 124
8.924996 -0.458821 1.859432 14 14 14 348 124
8.926586 -0.523310 1.859763 14 14 14 352 124
8.928179 -0.587822 1.860095 14 14 14 356 124
8.929770 -0.652357 1.860426 14 14 14 360 124
8.931362 -0.716915 1.860758 14 14 14 364 124
8.932956 -0.781496 1.861090 14 14 14 368 124
8.934548 -0.846101 1.861422 14 14 14 372 124
8.936142 -0.910728 1.861754 14 14 14 376 124
8.937737 -0.975378 1.862087 14 14 14 380 124
8.939333 -1.040052 1.862419 14 14 14 384 124
8.940928 -1.104748 1.862751 14 14 14 388 124
8.942525 -1.169468 1.863084 14 14 14 392 124
8.944122 -1.234211 1.863417 14 14 14 396 124
8.945720 -1.298977 1.863749 14 14 14 400 124
8.947317 -1.363766 1.864082 14 14 14 404 124
8.948916 -1.428578 1.864416 14 14 14 408 124
8.950516 -1.493413 1.864749 13 13 13 412 124
8.952115 -1.558272 1.865082 13 13 13 416 124
8.953716 -1.623154 1.865415 13 13 13 420 124
8.955317 -1.688058 1.865749 13 13 13 424 124
8.956919 -1.752986 1.866083 13 13 13 428 124
8.958520 -1.817938 1.866416 13 13 13 432 124
8.960123 -1.882912 1.866750 13 13 13 436 124
8.961726 -1.947910 1.867084 13 13 13 440 124
8.963330 -2.012931 1.867418 13 13 13 444 124
8.964935 -2.077976 1.867753 13 13 13 448 124
8.966540 -2.143044 1.868087 13 13 13 452 124
8.968144 -2.208134 1.868421 13 13 13 456 124
8.969750 -2.273249 1.868756 13 13 13 460 124
8.971358 -2.338386 1.869091 13 13 13 464 124
8.972965 -2.403547 1.869426 13 13 13 468 124
8.974572 -2.468731 1.869761 13 13 13 472 124
8.976181 -2.533939 1.870095 13 13 13 476 124
8.977790 -2.599169 1.870430 13 13 13 480 124
8.979400 -2.664424 1.870765 13 13 13 484 124
8.981010 -2.729702 1.871101 13 13 13 488 124
8.982621 -2.795003 1.871436 13 13 13 492 124
8.984233 -2.860328 1.871772 13 13 13 496 124
8.985844 -2.925676 1.872108 13 13 13 500 124
8.987457 -2.991048 1.872444 12 12 12 504 124
8.989069 -3.056442 1.872780 12 12 12 508 124
8.990683 -3.121861 1.873116 12 12 12 512 124
8.992298 -3.187303 1.873452 12 12 12 516 124
8.238616 -2.979606 1.716430 33 33 33 520 124
8.243046 -3.040684 1.717353 33 33 33 524 124
8.391753 -3.156087 1.748335 29 29 29 528 124
8.583825 -3.290258 1.788351 23 23 23 532 124
9.000378 -3.514866 1.875136 12 12 12 536 124
9.001994 -3.580449 1.875472 12 12 12 540 124
9.003613 -3.646056 1.875810 12 12 12 544 124
8.891160 -3.664669 1.852381 15 15 15 548 124
8.874600 -3.721876 1.848931 16 16 16 552 124
8.850288 -3.775537 1.843866 16 16 16 556 124
8.826108 -3.828904 1.838828 17 17 17 560 124
8.802060 -3.881981 1.833818 17 17 17 564 124
8.778142 -3.934768 1.828835 18 18 18 568 124
8.754354 -3.987270 1.823879 19 19 19 572 124
8.730695 -4.039488 1.818950 19 19 19 576 124
8.707164 -4.091425 1.814048 20 20 20 580 124
8.683759 -4.143083 1.809171 21 21 21 584 124
8.660479 -4.194463 1.804321 21 21 21 588 124
8.637322 -4.245568 1.799497 22 22 22 592 124
8.614292 -4.296402 1.794699 23 23 23 596 124
8.591382 -4.346964 1.789926 23 23 23 600 124
8.625670 -4.426549 1.797069 22 22 22 604 124
8.513264 -4.430289 1.773651 25 25 25 608 124
8.403749 -4.433933 1.750834 28 28 28 612 124
8.297017 -4.437485 1.728598 31 31 31 616 124
8.192962 -4.440947 1.706919 34 34 34 620 124
8.091484 -4.444324 1.685777 37 37 37 624 124
7.992490 -4.447618 1.665153 39 39 39 628 124
7.895887 -4.450831 1.645026 42 42 42 632 124
7.801592 -4.453969 1.625381 44 44 44 636 124
8.102160 4.669410 1.629544 36 36 36 0 128
8.211306 4.673066 1.651496 33 33 33 4 128
8.323434 4.676823 1.674047 30 30 30 8 128
8.438666 4.680683 1.697223 27 27 27 12 128
8.557135 4.684653 1.721050 24 24 24 16 128
8.678975 4.688735 1.745555 21 21 21 20 128
8.804338 4.692935 1.770769 17 17 17 24 128
8.586745 4.514997 1.727006 23 23 23 28 128
8.825187 4.576696 1.774962 17 17 17 32 128
8.573849 4.384491 1.724412 24 24 24 36 128
8.579768 4.325613 1.725602 23 23 23 40 128
8.829856 4.387990 1.775901 17 17 17 44 128
8.831412 4.325042 1.776214 17 17 17 48 128
8.628128 4.163233 1.735329 22 22 22 52 128
8.834528 4.199081 1.776841 17 17 17 56 128
8.591958 4.021794 1.728054 23 23 23 60 128
8.837646 4.073032 1.777468 17 17 17 64 128
7.568588 3.433548 1.522229 51 51 51 68 128
7.567065 3.378259 1.521923 51 51 51 72 128
7.565542 3.322993 1.521617 51 51 51 76 128
7.564021 3.267748 1.521311 51 51 51 80 128
7.569577 3.215532 1.522428 51 51 51 84 128
7.575351 3.163327 1.523589 50 50 50 88 128
7.581136 3.111043 1.524753 50 50 50 92 128
7.586927 3.058678 1.525918 50 50 50 96 128
8.582192 3.397998 1.726090 23 23 23 100 128
8.583684 3.336656 1.726390 23 23 23 104 128
8.585176 3.275291 1.726690 23 23 23 108 128
8.856399 3.314863 1.781240 16 16 16 112 128
8.558335 3.141551 1.721292 24 24 24 116 128
8.859533 3.188189 1.781870 16 16 16 120 128
8.861099 3.124818 1.782185 16 16 16 124 128
8.609900 2.974112 1.731663 23 23 23 128 128
8.639953 2.922153 1.737707 22 22 22 132 128
8.865805 2.934571 1.783131 16 16 16 136 128
8.867374 2.871110 1.783447 16 16 16 140 128
8.655434 2.740036 1.740821 21 21 21 144 128
8.870515 2.744122 1.784079 16 16 16 148 128
8.872087 2.680593 1.784395 16 16 16 152 128
8.873658 2.617043 1.784711 16 16 16 156 128
8.875232 2.553470 1.785028 15 15 15 160 128
8.876804 2.489874 1.785344 15 15 15 164 128
8.878378 2.426256 1.785660 15 15 15 168 128
8.879952 2.362615 1.785977 15 15 15 172 128
8.881527 2.298952 1.786294 15 15 15 176 128
8.883101 2.235266 1.786610 15 15 15 180 128
8.884678 2.171558 1.786927 15 15 15 184 128
8.886253 2.107826 1.787244 15 15 15 188 128
8.887831 2.044073 1.787561 15 15 15 192 128
8.889408 1.980296 1.787879 15 15 15 196 128
8.417103 1.814349 1.692886 28 28 28 200 128
8.420511 1.754328 1.693572 28 28 28 204 128
8.421606 1.693792 1.693792 28 28 28 208 128
8.422701 1.633241 1.694012 28 28 28 212 128
8.423798 1.572674 1.694233 28 28 28 216 128
5.871672 1.053841 1.180938 96 96 96 220 128
5.858970 1.009288 1.178383 97 97 97 224 128
5.856685 0.966637 1.177923 97 97 97 228 128
5.856873 0.924409 1.177961 97 97 97 232 128
5.856360 0.882073 1.177858 97 97 97 236 128
5.859416 0.840257 1.178473 97 97 97 240 128
5.863784 0.798574 1.179351 97 97 97 244 128
5.872299 0.757364 1.181064 96 96 96 248 128
5.885608 0.716614 1.183740 96 96 96 252 128
5.904881 0.676356 1.187617 95 95 95 256 128
5.931831 0.636643 1.193037 95 95 95 260 128
5.957760 0.596440 1.198252 94 94 94 264 128
8.917900 0.828439 1.793609 14 14 14 268 128
8.919487 0.764230 1.793928 14 14 14 272 128
8.921076 0.699998 1.794248 14 14 14 276 128
8.922666 0.635744 1.794567 14 14 14 280 128
8.924255 0.571467 1.794887 14 14 14 284 128
8.925846 0.507167 1.795207 14 14 14 288 128
8.927437 0.442843 1.795527 14 14 14 292 128
8.929029 0.378497 1.795847 14 14 14 296 128
8.930620 0.314128 1.796167 14 14 14 300 128
8.932214 0.249736 1.796488 14 14 14 304 128
8.933806 0.185321 1.796808 14 14 14 308 128
8.935400 0.120883 1.797129 14 14 14 312 128
8.936996 0.056423 1.797449 14 14 14 316 128
8.938590 -0.008061 1.797770 14 14 14 320 128
8.940187 -0.072568 1.798091 14 14 14 324 128
8.941781 -0.137098 1.798412 14 14 14 328 128
8.943379 -0.201651 1.798733 14 14 14 332 128
8.944976 -0.266227 1.799054 14 14 14 336 128
8.946573 -0.330827 1.799376 14 14 14 340 128
8.948172 -0.395449 1.799697 14 14 14 344 128
8.949772 -0.460094 1.800019 13 13 13 348 128
8.951369 -0.524763 1.800340 13 13 13 352 128
8.952971 -0.589454 1.800662 13 13 13 356 128
8.954572 -0.654169 1.800985 13 13 13 360 128
8.956173 -0.718907 1.801306 13 13 13 364 128
8.957774 -0.783668 1.801628 13 13 13 368 128
8.959377 -0.848452 1.801951 13 13 13 372 128
8.960979 -0.913259 1.802273 13 13 13 376 128
8.962584 -0.978090 1.802596 13 13 13 380 128
8.964188 -1.042943 1.802918 13 13 13 384 128
8.965793 -1.107821 1.803241 13 13 13 388 128
8.967397 -1.172721 1.803564 13 13 13 392 128
8.969004 -1.237644 1.803887 13 13 13 396 128
8.970611 -1.302591 1.804210 13 13 13 400 128
8.972218 -1.367561 1.804533 13 13 13 404 128
8.973825 -1.432554 1.804857 13 13 13 408 128
8.975432 -1.497571 1.805180 13 13 13 412 128
8.977041 -1.562611 1.805504 13 13 13 416 128
8.978650 -1.627674 1.805827 13 13 13 420 128
8.980260 -1.692760 1.806151 13 13 13 424 128
8.981871 -1.757870 1.806475 13 13 13 428 128
8.983480 -1.823003 1.806799 13 13 13 432 128
8.985093 -1.888160 1.807123 13 13 13 436 128
8.986707 -1.953340 1.807448 12 12 12 440 128
8.988318 -2.018543 1.807772 12 12 12 444 128
8.989932 -2.083770 1.808096 12 12 12 448 128
8.991547 -2.149020 1.808421 12 12 12 452 128
8.993160 -2.214293 1.808746 12 12 12 456 128
8.994775 -2.279591 1.809070 12 12 12 460 128
8.996391 -2.344911 1.809395 12 12 12 464 128
8.998008 -2.410255 1.809721 12 12 12 468 128
8.999623 -2.475622 1.810044 12 12 12 472 128
9.001242 -2.541013 1.810369 12 12 12 476 128
9.002860 -2.606427 1.810695 12 12 12 480 128
9.004478 -2.671865 1.811021 12 12 12 484 128
9.006098 -2.737327 1.811346 12 12 12 488 128
9.007717 -2.802812 1.811672 12 12 12 492 128
9.009337 -2.868321 1.811998 12 12 12 496 128
9.010959 -2.933853 1.812324 12 12 12 500 128
9.012580 -2.999409 1.812650 12 12 12 504 128
9.014202 -3.064988 1.812976 12 12 12 508 128
9.015825 -3.130591 1.813303 12 12 12 512 128
9.017448 -3.196218 1.813629 12 12 12 516 128
8.440628 -3.052666 1.697616 27 27 27 520 128
8.476643 -3.126852 1.704860 26 26 26 524 128
9.022321 -3.393239 1.814609 12 12 12 528 128
9.023947 -3.458961 1.814936 11 11 11 532 128
9.025573 -3.524705 1.815263 11 11 11 536 128
8.277620 -3.292337 1.664832 32 32 32 540 128
9.028827 -3.656266 1.815918 11 11 11 544 128
8.910557 -3.672664 1.792131 15 15 15 548 128
8.886048 -3.726677 1.787201 15 15 15 552 128
8.861672 -3.780394 1.782299 16 16 16 556 128
8.837430 -3.833816 1.777423 17 17 17 560 128
8.813321 -3.886947 1.772574 17 17 17 564 128
8.789342 -3.939788 1.767751 18 18 18 568 128
8.765492 -3.992343 1.762955 18 18 18 572 128
8.741775 -4.044614 1.758184 19 19 19 576 128
8.718182 -4.096602 1.753439 20 20 20 580 128
8.694717 -4.148312 1.748720 20 20 20 584 128
8.671380 -4.199742 1.744026 21 21 21 588 128
8.648167 -4.250898 1.739357 22 22 22 592 128
8.625075 -4.301780 1.734713 22 22 22 596 128
8.602110 -4.352392 1.730094 23 23 23 600 128
8.622130 -4.424733 1.734121 22 22 22 604 128
8.509817 -4.428495 1.711532 25 25 25 608 128
8.400390 -4.432161 1.689524 28 28 28 612 128
8.293741 -4.435733 1.668074 31 31 31 616 128
8.189769 -4.439216 1.647162 34 34 34 620 128
8.088368 -4.442613 1.626769 37 37 37 624 128
7.989450 -4.445926 1.606874 39 39 39 628 128
7.892920 -4.449159 1.587459 42 42 42 632 128
7.798697 -4.452316 1.568509 44 44 44 636 128
8.105510 4.671340 1.571734 36 36 36 0 132
8.214746 4.675025 1.592916 33 33 33 4 132
8.326969 4.678810 1.614677 30 30 30 8 132
8.442301 4.682699 1.637041 27 27 27 12 132
8.560871 4.686698 1.660033 24 24 24 16 132
8.540668 4.614015 1.656115 25 25 25 20 132
8.552568 4.558735 1.658423 24 24 24 24 132
8.564501 4.503301 1.660737 24 24 24 28 132
8.576468 4.447712 1.663057 24 24 24 32 132
8.370840 4.280676 1.623184 29 29 29 36 132
8.391143 4.230515 1.627121 29 29 29 40 132
8.440039 4.194270 1.636603 27 27 27 44 132
8.624672 4.223794 1.672405 22 22 22 48 132
8.636808 4.167421 1.674758 22 22 22 52 132
8.648978 4.110889 1.677118 22 22 22 56 132
8.610420 4.030437 1.669641 23 23 23 60 132
8.673422 3.997346 1.681858 21 21 21 64 132
7.597503 3.446666 1.473227 50 50 50 68 132
7.595968 3.391163 1.472929 50 50 50 72 132
7.594434 3.335683 1.472632 50 50 50 76 132
7.592903 3.280226 1.472335 50 50 50 80 132
7.597226 3.227278 1.473173 50 50 50 84 132
7.603044 3.174891 1.474301 50 50 50 88 132
7.608870 3.122424 1.475431 50 50 50 92 132
7.614704 3.069876 1.476562 49 49 49 96 132
8.785148 3.478355 1.703522 18 18 18 100 132
8.797742 3.419864 1.705964 18 18 18 104 132
8.879219 3.387470 1.721764 15 15 15 108 132
8.880794 3.323994 1.722069 15 15 15 112 132
8.574768 3.147583 1.662728 24 24 24 116 132
8.883945 3.196974 1.722680 15 15 15 120 132
8.885521 3.133430 1.722986 15 15 15 124 132
8.634777 2.982705 1.674364 22 22 22 128 132
8.657640 2.928135 1.678797 21 21 21 132 132
8.890253 2.942663 1.723903 15 15 15 136 132
8.891829 2.879029 1.724209 15 15 15 140 132
8.672841 2.745547 1.681745 21 21 21 144 132
8.894989 2.751693 1.724822 15 15 15 148 132
8.504756 2.569609 1.649152 25 25 25 152 132
8.516123 2.511598 1.651356 25 25 25 156 132
8.899731 2.560519 1.725741 15 15 15 160 132
8.901312 2.496748 1.726048 15 15 15 164 132
8.902894 2.432956 1.726354 15 15 15 168 132
8.904477 2.369141 1.726661 15 15 15 172 132
8.906061 2.305303 1.726969 15 15 15 176 132
8.907643 2.241441 1.727275 15 15 15 180 132
8.909229 2.177558 1.727583 15 15 15 184 132
8.910815 2.113652 1.727890 15 15 15 188 132
8.912399 2.049723 1.728198 14 14 14 192 132
8.913985 1.985771 1.728505 14 14 14 196 132
8.436275 1.818482 1.635873 27 27 27 200 132
8.888988 1.851931 1.723658 15 15 15 204 132
8.918748 1.793780 1.729429 14 14 14 208 132
8.920337 1.729737 1.729737 14 14 14 212 132
8.921926 1.665672 1.730045 14 14 14 216 132
5.889201 1.056988 1.141971 96 96 96 220 132
5.873304 1.011757 1.138889 96 96 96 224 132
5.855618 0.966461 1.135459 97 97 97 228 132
5.851182 0.923511 1.134599 97 97 97 232 132
5.850462 0.881185 1.134459 97 97 97 236 132
5.853947 0.839472 1.135135 97 97 97 240 132
5.858433 0.797846 1.136005 97 97 97 244 132
5.865182 0.756446 1.137314 97 97 97 248 132
5.879260 0.715842 1.140044 96 96 96 252 132
5.903309 0.676176 1.144707 96 96 96 256 132
5.951927 0.638800 1.154134 94 94 94 260 132
5.973811 0.598046 1.158378 94 94 94 264 132
8.942635 0.830736 1.734061 14 14 14 268 132
8.944231 0.766350 1.734370 14 14 14 272 132
8.945829 0.701941 1.734680 14 14 14 276 132
8.947428 0.637508 1.734990 14 14 14 280 132
8.949026 0.573053 1.735300 14 14 14 284 132
8.950625 0.508574 1.735610 13 13 13 288 132
8.952225 0.444073 1.735920 13 13 13 292 132
8.953826 0.379548 1.736231 13 13 13 296 132
8.955427 0.315001 1.736541 13 13 13 300 132
8.957028 0.250430 1.736852 13 13 13 304 132
8.958632 0.185836 1.737162 13 13 13 308 132
8.960234 0.121219 1.737473 13 13 13 312 132
8.961836 0.056579 1.737784 13 13 13 316 132
8.963441 -0.008084 1.738095 13 13 13 320 132
8.965044 -0.072770 1.738406 13 13 13 324 132
8.966649 -0.137480 1.738717 13 13 13 328 132
8.968255 -0.202212 1.739028 13 13 13 332 132
8.969863 -0.266968 1.739340 13 13 13 336 132
8.971469 -0.331747 1.739652 13 13 13 340 132
8.973076 -0.396549 1.739963 13 13 13 344 132
8.974684 -0.461375 1.740275 13 13 13 348 132
8.976292 -0.526224 1.740587 13 13 13 352 132
8.977901 -0.591096 1.740899 13 13 13 356 132
8.979510 -0.655991 1.741211 13 13 13 360 132
8.981122 -0.720909 1.741523 13 13 13 364 132
8.982731 -0.785851 1.741835 13 13 13 368 132
8.984343 -0.850816 1.742148 13 13 13 372 132
8.985955 -0.915805 1.742461 13 13 13 376 132
8.987567 -0.980816 1.742773 12 12 12 380 132
8.989181 -1.045851 1.743086 12 12 12 384 132
8.990794 -1.110910 1.743399 12 12 12 388 132
8.992408 -1.175992 1.743712 12 12 12 392 132
8.994023 -1.241097 1.744025 12 12 12 396 132
8.995639 -1.306225 1.744338 12 12 12 400 132
8.997255 -1.371377 1.744652 12 12 12 404 132
8.998871 -1.436552 1.744965 12 12 12 408 132
9.000489 -1.501751 1.745279 12 12 12 412 132
9.002107 -1.566974 1.745593 12 12 12 416 132
9.003724 -1.632219 1.745906 12 12 12 420 132
9.005343 -1.697488 1.746220 12 12 12 424 132
9.006964 -1.762781 1.746534 12 12 12 428 132
9.008583 -1.828097 1.746848 12 12 12 432 132
9.010203 -1.893436 1.747162 12 12 12 436 132
9.011826 -1.958800 1.747477 12 12 12 440 132
9.013447 -2.024186 1.747792 12 12 12 444 132
9.015069 -2.089597 1.748106 12 12 12 448 132
9.016692 -2.155030 1.748421 12 12 12 452 132
9.018316 -2.220487 1.748736 12 12 12 456 132
9.019940 -2.285968 1.749051 12 12 12 460 132
9.021564 -2.351472 1.749364 12 12 12 464 132
9.023190 -2.417000 1.749679 12 12 12 468 132
9.024816 -2.482552 1.749995 11 11 11 472 132
9.026442 -2.548127 1.750310 11 11 11 476 132
9.028069 -2.613726 1.750626 11 11 11 480 132
9.029697 -2.679349 1.750941 11 11 11 484 132
9.031324 -2.744995 1.751257 11 11 11 488 132
9.032953 -2.810664 1.751573 11 11 11 492 132
9.034584 -2.876359 1.751889 11 11 11 496 132
9.036213 -2.942075 1.752205 11 11 11 500 132
9.037844 -3.007817 1.752521 11 11 11 504 132
9.039475 -3.073581 1.752837 11 11 11 508 132
9.041107 -3.139370 1.753154 11 11 11 512 132
9.042739 -3.205182 1.753470 11 11 11 516 132
9.044373 -3.271018 1.753787 11 11 11 520 132
9.046007 -3.336879 1.754104 11 11 11 524 132
9.047641 -3.402762 1.754421 11 11 11 528 132
9.049274 -3.468669 1.754737 11 11 11 532 132
9.050910 -3.534600 1.755055 11 11 11 536 132
9.052547 -3.600555 1.755372 11 11 11 540 132
9.054182 -3.666534 1.755689 11 11 11 544 132
9.055820 -3.732537 1.756007 11 11 11 548 132
9.057457 -3.798563 1.756324 11 11 11 552 132
9.059095 -3.864614 1.756642 11 11 11 556 132
9.060735 -3.930689 1.756960 10 10 10 560 132
9.062375 -3.996788 1.757278 10 10 10 564 132
8.853739 -3.968654 1.716821 16 16 16 568 132
8.768888 -3.993890 1.700368 18 18 18 572 132
8.745131 -4.046168 1.695761 19 19 19 576 132
8.729229 -4.101794 1.692678 19 19 19 580 132
7.782192 -3.712939 1.509039 45 45 45 584 132
8.682306 -4.205035 1.683579 21 21 21 588 132
8.033565 -3.948798 1.557782 38 38 38 592 132
8.635888 -4.307173 1.674578 22 22 22 596 132
8.605249 -4.353981 1.668637 23 23 23 600 132
8.618594 -4.422918 1.671225 22 22 22 604 132
8.506371 -4.426702 1.649464 25 25 25 608 132
8.397033 -4.430389 1.628262 28 28 28 612 132
8.290469 -4.433983 1.607598 31 31 31 616 132
8.186578 -4.437487 1.587453 34 34 34 620 132
8.085258 -4.440904 1.567806 37 37 37 624 132
7.986413 -4.444236 1.548639 39 39 39 628 132
7.889958 -4.447489 1.529935 42 42 42 632 132
7.795805 -4.450665 1.511678 45 45 45 636 132
8.108863 4.673273 1.513877 36 36 36 0 136
8.218191 4.676985 1.534288 33 33 33 4 136
8.330508 4.680798 1.555257 30 30 30 8 136
8.275825 4.590360 1.545048 32 32 32 12 136
8.286996 4.536764 1.547134 31 31 31 16 136
8.298196 4.483022 1.549225 31 31 31 20 136
8.309427 4.429135 1.551321 31 31 31 24 136
8.320685 4.375100 1.553423 30 30 30 28 136
8.314503 4.311858 1.552269 31 31 31 32 136
8.323444 4.256440 1.553938 30 30 30 36 136
8.332406 4.200902 1.555611 30 30 30 40 136
8.341386 4.145245 1.557288 30 30 30 44 136
8.351020 4.089777 1.559086 30 30 30 48 136
8.381387 4.044176 1.564756 29 29 29 52 136
8.400365 3.992722 1.568299 28 28 28 56 136
8.411874 3.937499 1.570448 28 28 28 60 136
8.423417 3.882125 1.572603 28 28 28 64 136
7.626640 3.459884 1.423849 49 49 49 68 136
7.625093 3.404166 1.423560 49 49 49 72 136
7.623547 3.348470 1.423272 49 49 49 76 136
7.622009 3.292800 1.422984 49 49 49 80 136
7.625079 3.239109 1.423558 49 49 49 84 136
7.630938 3.186539 1.424651 49 49 49 88 136
7.636807 3.133889 1.425747 49 49 49 92 136
7.642682 3.081156 1.426844 49 49 49 96 136
8.528758 3.376841 1.592269 25 25 25 100 136
8.540631 3.319920 1.594486 25 25 25 104 136
8.552538 3.262840 1.596709 24 24 24 108 136
8.564476 3.205600 1.598938 24 24 24 112 136
8.576450 3.148200 1.601173 24 24 24 116 136
8.588457 3.090640 1.603415 23 23 23 120 136
8.600496 3.032918 1.605662 23 23 23 124 136
8.608964 2.973788 1.607243 23 23 23 128 136
8.621026 2.915752 1.609495 22 22 22 132 136
8.633122 2.857553 1.611753 22 22 22 136 136
8.642596 2.798331 1.613522 22 22 22 140 136
8.661192 2.741859 1.616994 21 21 21 144 136
8.673433 2.683154 1.619279 21 21 21 148 136
8.545954 2.582056 1.595479 24 24 24 152 136
8.548183 2.521053 1.595896 24 24 24 156 136
8.710362 2.506036 1.626173 20 20 20 160 136
8.722743 2.446661 1.628485 20 20 20 164 136
8.766967 2.395810 1.636741 18 18 18 168 136
8.929138 2.375702 1.667017 14 14 14 172 136
8.930730 2.311688 1.667315 14 14 14 176 136
8.932323 2.247652 1.667612 14 14 14 180 136
8.933916 2.183592 1.667910 14 14 14 184 136
8.935510 2.119510 1.668207 14 14 14 188 136
8.937105 2.055405 1.668505 14 14 14 192 136
8.938701 1.991277 1.668803 14 14 14 196 136
8.459685 1.823528 1.579374 27 27 27 200 136
8.913658 1.857070 1.664127 14 14 14 204 136
8.943488 1.798756 1.669697 14 14 14 208 136
8.945086 1.734536 1.669995 14 14 14 212 136
8.946684 1.670294 1.670293 14 14 14 216 136
5.911500 1.060990 1.103642 95 95 95 220 136
5.914749 1.018897 1.104249 95 95 95 224 136
5.863295 0.967728 1.094643 97 97 97 228 136
5.855037 0.924119 1.093101 97 97 97 232 136
5.853487 0.881640 1.092811 97 97 97 236 136
5.857744 0.840017 1.093606 97 97 97 240 136
5.858954 0.797917 1.093832 97 97 97 244 136
5.865612 0.756501 1.095075 97 97 97 248 136
5.880992 0.716052 1.097947 96 96 96 252 136
5.914640 0.677474 1.104229 95 95 95 256 136
5.978324 0.641633 1.116118 94 94 94 260 136
5.994882 0.600156 1.119209 93 93 93 264 136
8.967508 0.833047 1.674181 13 13 13 268 136
8.969114 0.768482 1.674481 13 13 13 272 136
8.970720 0.703894 1.674781 13 13 13 276 136
8.972327 0.639282 1.675081 13 13 13 280 136
8.973935 0.574648 1.675381 13 13 13 284 136
8.975543 0.509990 1.675681 13 13 13 288 136
8.977152 0.445309 1.675981 13 13 13 292 136
8.978762 0.380605 1.676282 13 13 13 296 136
8.980371 0.315878 1.676583 13 13 13 300 136
8.981981 0.251128 1.676883 13 13 13 304 136
8.983593 0.186354 1.677184 13 13 13 308 136
8.985205 0.121557 1.677485 13 13 13 312 136
8.986816 0.056737 1.677786 12 12 12 316 136
8.988429 -0.008106 1.678087 12 12 12 320 136
8.990043 -0.072973 1.678388 12 12 12 324 136
8.991656 -0.137863 1.678689 12 12 12 328 136
8.993272 -0.202776 1.678991 12 12 12 332 136
8.994887 -0.267713 1.679293 12 12 12 336 136
8.996503 -0.332673 1.679594 12 12 12 340 136
8.998118 -0.397656 1.679896 12 12 12 344 136
8.999736 -0.462663 1.680198 12 12 12 348 136
9.001353 -0.527693 1.680500 12 12 12 352 136
9.002972 -0.592746 1.680802 12 12 12 356 136
9.004589 -0.657823 1.681104 12 12 12 360 136
9.006209 -0.722923 1.681406 12 12 12 364 136
9.007829 -0.788047 1.681709 12 12 12 368 136
9.009449 -0.853194 1.682011 12 12 12 372 136
9.011070 -0.918364 1.682314 12 12 12 376 136
9.012691 -0.983558 1.682617 12 12 12 380 136
9.014314 -1.048775 1.682919 12 12 12 384 136
9.015936 -1.114016 1.683222 12 12 12 388 136
9.017560 -1.179281 1.683525 12 12 12 392 136
9.019183 -1.244569 1.683828 12 12 12 396 136
9.020808 -1.309880 1.684132 12 12 12 400 136
9.022433 -1.375215 1.684435 12 12 12 404 136
9.024059 -1.440573 1.684739 11 11 11 408 136
9.025684 -1.505955 1.685042 11 11 11 412 136
9.027311 -1.571361 1.685346 11 11 11 416 136
9.028939 -1.636790 1.685650 11 11 11 420 136
9.030567 -1.702243 1.685954 11 11 11 424 136
9.032195 -1.767719 1.686258 11 11 11 428 136
9.033825 -1.833219 1.686562 11 11 11 432 136
9.035454 -1.898743 1.686866 11 11 11 436 136
9.037085 -1.964290 1.687171 11 11 11 440 136
9.038716 -2.029861 1.687475 11 11 11 444 136
9.040347 -2.095456 1.687780 11 11 11 448 136
9.041979 -2.161074 1.688084 11 11 11 452 136
9.043612 -2.226716 1.688389 11 11 11 456 136
9.045246 -2.292381 1.688693 11 11 11 460 136
9.046880 -2.358070 1.688998 11 11 11 464 136
9.048513 -2.423783 1.689303 11 11 11 468 136
9.050149 -2.489521 1.689608 11 11 11 472 136
9.051785 -2.555281 1.689914 11 11 11 476 136
9.053420 -2.621065 1.690219 11 11 11 480 136
9.055058 -2.686874 1.690525 11 11 11 484 136
9.056695 -2.752706 1.690830 11 11 11 488 136
8.999864 -2.800368 1.680220 12 12 12 492 136
8.815520 -2.806615 1.645805 17 17 17 496 136
8.751273 -2.849303 1.633810 19 19 19 500 136
8.765423 -2.917154 1.636452 18 18 18 504 136
8.779614 -2.985224 1.639101 18 18 18 508 136
8.793851 -3.053514 1.641759 18 18 18 512 136
8.482326 -3.006545 1.583599 26 26 26 516 136
8.822464 -3.190762 1.647101 17 17 17 520 136
8.836841 -3.259722 1.649785 17 17 17 524 136
8.851263 -3.328905 1.652478 16 16 16 528 136
8.865735 -3.398316 1.655179 16 16 16 532 136
8.880251 -3.467954 1.657889 15 15 15 536 136
8.894817 -3.537821 1.660609 15 15 15 540 136
8.909431 -3.607916 1.663337 15 15 15 544 136
8.924092 -3.678243 1.666074 14 14 14 548 136
8.729604 -3.661067 1.629764 19 19 19 552 136
8.722592 -3.721062 1.628455 20 20 20 556 136
8.715632 -3.780978 1.627156 20 20 20 560 136
8.708703 -3.840807 1.625862 20 20 20 564 136
8.709576 -3.904033 1.626025 20 20 20 568 136
8.831136 -4.022241 1.648720 17 17 17 572 136
7.830297 -3.622895 1.461869 44 44 44 576 136
7.763091 -3.647813 1.449322 45 45 45 580 136
7.747216 -3.696252 1.446358 46 46 46 584 136
7.752948 -3.754926 1.447429 46 46 46 588 136
8.004412 -3.934469 1.494375 39 39 39 592 136
7.907062 -3.943669 1.476201 42 42 42 596 136
7.812051 -3.952648 1.458463 44 44 44 600 136
8.615061 -4.421105 1.608380 22 22 22 604 136
8.502929 -4.424911 1.587446 26 26 26 608 136
8.393680 -4.428620 1.567049 28 28 28 612 136
8.287201 -4.432235 1.547170 31 31 31 616 136
8.183390 -4.435759 1.527789 34 34 34 620 136
8.082148 -4.439196 1.508888 37 37 37 624 136
7.983380 -4.442548 1.490449 40 40 40 628 136
7.886997 -4.445820 1.472455 42 42 42 632 136
7.792914 -4.449014 1.454890 45 45 45 636 136
8.112218 4.675207 1.455972 36 36 36 0 140
8.026929 4.568137 1.440664 38 38 38 4 140
8.037436 4.516125 1.442550 38 38 38 8 140
8.047971 4.463976 1.444441 38 38 38 12 140
8.058535 4.411692 1.446337 37 37 37 16 140
8.069125 4.359269 1.448238 37 37 37 20 140
8.079745 4.306709 1.450144 37 37 37 24 140
8.090391 4.254009 1.452055 37 37 37 28 140
8.101066 4.201171 1.453970 36 36 36 32 140
8.111769 4.148193 1.455891 36 36 36 36 140
8.122500 4.095075 1.457817 36 36 36 40 140
8.133260 4.041817 1.459749 35 35 35 44 140
8.144048 3.988416 1.461685 35 35 35 48 140
8.154865 3.934875 1.463626 35 35 35 52 140
8.165710 3.881190 1.465573 35 35 35 56 140
8.176584 3.827363 1.467524 34 34 34 60 140
8.187486 3.773391 1.469481 34 34 34 64 140
7.656001 3.473204 1.374091 48 48 48 68 140
7.654442 3.417268 1.373811 48 48 48 72 140
7.652885 3.361356 1.373531 48 48 48 76 140
7.651338 3.305470 1.373254 48 48 48 80 140
7.653136 3.251028 1.373577 48 48 48 84 140
7.659039 3.198274 1.374636 48 48 48 88 140
7.664951 3.145438 1.375697 48 48 48 92 140
7.670867 3.092519 1.376759 48 48 48 96 140
8.283854 3.279875 1.486777 31 31 31 100 140
8.289957 3.222477 1.487872 31 31 31 104 140
8.306230 3.168872 1.490793 31 31 31 108 140
8.317477 3.113150 1.492812 31 31 31 112 140
8.331964 3.058456 1.495412 30 30 30 116 140
8.343292 3.002415 1.497445 30 30 30 120 140
8.354651 2.946222 1.499484 30 30 30 124 140
8.366041 2.889875 1.501528 29 29 29 128 140
8.377461 2.833375 1.503578 29 29 29 132 140
8.295284 2.745729 1.488829 31 31 31 136 140
8.320372 2.694000 1.493331 30 30 30 140 140
8.411914 2.662946 1.509761 28 28 28 144 140
8.423460 2.605824 1.511833 28 28 28 148 140
8.431507 2.547478 1.513278 27 27 27 152 140
8.446648 2.491108 1.515995 27 27 27 156 140
8.458290 2.433513 1.518085 27 27 27 160 140
8.518214 2.389292 1.528840 25 25 25 164 140
8.952336 2.446467 1.606755 13 13 13 168 140
8.953935 2.382299 1.607042 13 13 13 172 140
8.955537 2.318109 1.607330 13 13 13 176 140
8.957139 2.253896 1.607617 13 13 13 180 140
8.958741 2.189660 1.607905 13 13 13 184 140
8.960343 2.125401 1.608193 13 13 13 188 140
8.961947 2.061119 1.608481 13 13 13 192 140
8.963552 1.996813 1.608768 13 13 13 196 140
8.483226 1.828603 1.522560 26 26 26 200 140
8.938464 1.862238 1.604266 14 14 14 204 140
8.968367 1.803760 1.609633 13 13 13 208 140
8.969973 1.739362 1.609921 13 13 13 212 140
8.971579 1.674941 1.610209 13 13 13 216 140
5.930189 1.064344 1.064344 95 95 95 220 140
5.939018 1.023077 1.065928 95 95 95 224 140
5.887874 0.971785 1.056749 96 96 96 228 140
5.866626 0.925949 1.052936 97 97 97 232 140
5.863367 0.883129 1.052351 97 97 97 236 140
5.864916 0.841045 1.052629 97 97 97 240 140
5.867266 0.799049 1.053051 96 96 96 244 140
5.873529 0.757523 1.054175 96 96 96 248 140
5.888687 0.716989 1.056895 96 96 96 252 140
5.941477 0.680548 1.066370 94 94 94 256 140
5.993916 0.643307 1.075781 93 93 93 260 140
6.029673 0.603639 1.082199 92 92 92 264 140
8.992518 0.835370 1.613967 12 12 12 268 140
8.994134 0.770626 1.614257 12 12 12 272 140
8.995749 0.705858 1.614547 12 12 12 276 140
8.997365 0.641066 1.614837 12 12 12 280 140
8.998982 0.576252 1.615127 12 12 12 284 140
9.000601 0.511414 1.615418 12 12 12 288 140
9.002218 0.446553 1.615708 12 12 12 292 140
9.003836 0.381668 1.615999 12 12 12 296 140
9.005455 0.316761 1.616289 12 12 12 300 140
9.007074 0.251829 1.616580 12 12 12 304 140
9.008694 0.186875 1.616870 12 12 12 308 140
9.010316 0.121897 1.617162 12 12 12 312 140
9.011937 0.056896 1.617453 12 12 12 316 140
9.013558 -0.008129 1.617743 12 12 12 320 140
9.015181 -0.073177 1.618035 12 12 12 324 140
9.016804 -0.138249 1.618326 12 12 12 328 140
9.018428 -0.203344 1.618617 12 12 12 332 140
9.020052 -0.268462 1.618909 12 12 12 336 140
9.021677 -0.333604 1.619201 12 12 12 340 140
9.023302 -0.398769 1.619492 12 12 12 344 140
9.024928 -0.463958 1.619784 11 11 11 348 140
9.026554 -0.529170 1.620076 11 11 11 352 140
9.028182 -0.594406 1.620368 11 11 11 356 140
9.029808 -0.659665 1.620660 11 11 11 360 140
9.031438 -0.724948 1.620952 11 11 11 364 140
9.033067 -0.790255 1.621245 11 11 11 368 140
9.034696 -0.855585 1.621537 11 11 11 372 140
9.036325 -0.920938 1.621830 11 11 11 376 140
9.037956 -0.986315 1.622122 11 11 11 380 140
9.039587 -1.051716 1.622415 11 11 11 384 140
9.041219 -1.117140 1.622708 11 11 11 388 140
9.042852 -1.182588 1.623001 11 11 11 392 140
9.044486 -1.248060 1.623294 11 11 11 396 140
9.046119 -1.313555 1.623587 11 11 11 400 140
9.047752 -1.379074 1.623881 11 11 11 404 140
9.049387 -1.444617 1.624174 11 11 11 408 140
9.051023 -1.510183 1.624468 11 11 11 412 140
9.052658 -1.575773 1.624761 11 11 11 416 140
9.054296 -1.641387 1.625055 11 11 11 420 140
9.055933 -1.707024 1.625349 11 11 11 424 140
9.057570 -1.772685 1.625643 11 11 11 428 140
9.059209 -1.838370 1.625937 11 11 11 432 140
9.060848 -1.904079 1.626231 10 10 10 436 140
9.062488 -1.969812 1.626525 10 10 10 440 140
9.064127 -2.035568 1.626819 10 10 10 444 140
9.065768 -2.101348 1.627114 10 10 10 448 140
9.067410 -2.167152 1.627409 10 10 10 452 140
9.069051 -2.232979 1.627702 10 10 10 456 140
9.070693 -2.298830 1.627997 10 10 10 460 140
9.072336 -2.364706 1.628291 10 10 10 464 140
9.073979 -2.430605 1.628586 10 10 10 468 140
9.075624 -2.496528 1.628882 10 10 10 472 140
9.077270 -2.562475 1.629177 10 10 10 476 140
9.078915 -2.628446 1.629472 10 10 10 480 140
9.080561 -2.694441 1.629768 10 10 10 484 140
9.082208 -2.760460 1.630063 10 10 10 488 140
9.083855 -2.826503 1.630359 10 10 10 492 140
8.809952 -2.804842 1.581199 17 17 17 496 140
8.633251 -2.810876 1.549485 22 22 22 500 140
8.477603 -2.821367 1.521549 26 26 26 504 140
8.490884 -2.887051 1.523933 26 26 26 508 140
8.504203 -2.952939 1.526324 25 25 25 512 140
8.426111 -2.986619 1.512308 28 28 28 516 140
8.530957 -3.085335 1.531125 25 25 25 520 140
8.544398 -3.151846 1.533538 24 24 24 524 140
8.557882 -3.218567 1.535958 24 24 24 528 140
8.478821 -3.250009 1.521768 26 26 26 532 140
8.584979 -3.352643 1.540821 23 23 23 536 140
8.598590 -3.419999 1.543264 23 23 23 540 140
8.612246 -3.487570 1.545715 23 23 23 544 140
8.625948 -3.555357 1.548174 22 22 22 548 140
8.634487 -3.621176 1.549707 22 22 22 552 140
8.609746 -3.672921 1.545266 23 23 23 556 140
8.589911 -3.726438 1.541706 23 23 23 560 140
8.583177 -3.785446 1.540498 23 23 23 564 140
8.576433 -3.844353 1.539287 24 24 24 568 140
8.569690 -3.903162 1.538077 24 24 24 572 140
7.822678 -3.619370 1.404004 44 44 44 576 140
7.775429 -3.653610 1.395524 45 45 45 580 140
7.767128 -3.705751 1.394034 45 45 45 584 140
7.780716 -3.768374 1.396473 45 45 45 588 140
7.975469 -3.920242 1.431427 40 40 40 592 140
7.878818 -3.929582 1.414080 42 42 42 596 140
7.784481 -3.938699 1.397149 45 45 45 600 140
7.692377 -3.947599 1.380618 47 47 47 604 140
8.499490 -4.423121 1.525478 26 26 26 608 140
8.390328 -4.426852 1.505885 29 29 29 612 140
8.283934 -4.430488 1.486790 31 31 31 616 140
8.180204 -4.434032 1.468173 34 34 34 620 140
8.079041 -4.437489 1.450016 37 37 37 624 140
7.980348 -4.440861 1.432303 40 40 40 628 140
7.884038 -4.444152 1.415017 42 42 42 632 140
7.790026 -4.447365 1.398144 45 45 45 636 140
8.115577 4.677142 1.398019 36 36 36 0 144
8.225088 4.680910 1.416884 33 33 33 4 144
8.083957 4.542264 1.392572 37 37 37 8 144
8.085396 4.484735 1.392820 37 37 37 12 144
8.086835 4.427185 1.393068 37 37 37 16 144
8.088275 4.369614 1.393316 37 37 37 20 144
8.089716 4.312023 1.393564 37 37 37 24 144
8.091157 4.254412 1.393813 37 37 37 28 144
8.092599 4.196780 1.394061 37 37 37 32 144
8.094041 4.139127 1.394309 37 37 37 36 144
8.031944 4.049420 1.383612 38 38 38 40 144
8.030485 3.990742 1.383361 38 38 38 44 144
8.031346 3.933223 1.383509 38 38 38 48 144
8.032780 3.875966 1.383756 38 38 38 52 144
8.034213 3.818689 1.384003 38 38 38 56 144
8.035646 3.761391 1.384250 38 38 38 60 144
8.037078 3.704072 1.384497 38 38 38 64 144
7.685589 3.486627 1.323948 48 48 48 68 144
7.684018 3.430472 1.323677 48 48 48 72 144
7.682451 3.374342 1.323407 48 48 48 76 144
7.680893 3.318239 1.323139 48 48 48 80 144
7.681400 3.263035 1.323226 48 48 48 84 144
7.687347 3.210095 1.324251 47 47 47 88 144
7.693302 3.157072 1.325276 47 47 47 92 144
7.699261 3.103966 1.326303 47 47 47 96 144
8.058510 3.190653 1.388188 37 37 37 100 144
8.069104 3.136628 1.390014 37 37 37 104 144
8.079727 3.082460 1.391843 37 37 37 108 144
8.090378 3.028149 1.393678 37 37 37 112 144
8.101057 2.973695 1.395518 36 36 36 116 144
8.111765 2.919098 1.397362 36 36 36 120 144
8.122500 2.864355 1.399212 36 36 36 124 144
8.133264 2.809468 1.401066 35 35 35 128 144
8.144056 2.754434 1.402925 35 35 35 132 144
8.154878 2.699255 1.404789 35 35 35 136 144
8.165728 2.643929 1.406658 35 35 35 140 144
8.176607 2.588455 1.408532 34 34 34 144 144
8.187514 2.532833 1.410411 34 34 34 148 144
8.198451 2.477063 1.412295 34 34 34 152 144
8.209417 2.421143 1.414184 33 33 33 156 144
8.283121 2.383115 1.426881 31 31 31 160 144
8.805263 2.469807 1.516827 17 17 17 164 144
8.977262 2.453279 1.546456 13 13 13 168 144
8.978872 2.388934 1.546733 13 13 13 172 144
8.980482 2.324566 1.547011 13 13 13 176 144
8.982093 2.260175 1.547288 13 13 13 180 144
8.983705 2.195761 1.547566 13 13 13 184 144
8.985316 2.131324 1.547843 13 13 13 188 144
8.986927 2.066864 1.548121 12 12 12 192 144
8.988541 2.002380 1.548399 12 12 12 196 144
8.506898 1.833705 1.465429 25 25 25 200 144
8.690929 1.810667 1.497131 20 20 20 204 144
8.702765 1.750341 1.499170 20 20 20 208 144
8.714632 1.689849 1.501214 20 20 20 212 144
8.726532 1.629192 1.503264 19 19 19 216 144
5.953018 1.068441 1.025489 94 94 94 220 144
5.985744 1.031127 1.031126 93 93 93 224 144
5.921660 0.977361 1.020087 95 95 95 228 144
5.888618 0.929420 1.014395 96 96 96 232 144
5.878149 0.885355 1.012591 96 96 96 236 144
5.876438 0.842698 1.012297 96 96 96 240 144
5.881029 0.800923 1.013088 96 96 96 244 144
5.893131 0.760051 1.015172 96 96 96 248 144
5.916770 0.720409 1.019244 95 95 95 252 144
5.985986 0.685646 1.031168 93 93 93 256 144
6.028613 0.647031 1.038511 92 92 92 260 144
6.035816 0.604254 1.039752 92 92 92 264 144
9.017672 0.837707 1.553417 12 12 12 268 144
9.019295 0.772782 1.553697 12 12 12 272 144
9.020921 0.707833 1.553977 12 12 12 276 144
9.022544 0.642860 1.554257 12 12 12 280 144
9.024170 0.577865 1.554537 11 11 11 284 144
9.025797 0.512846 1.554817 11 11 11 288 144
9.027424 0.447803 1.555097 11 11 11 292 144
9.029051 0.382737 1.555377 11 11 11 296 144
9.030679 0.317648 1.555658 11 11 11 300 144
9.032309 0.252535 1.555938 11 11 11 304 144
9.033937 0.187398 1.556219 11 11 11 308 144
9.035567 0.122239 1.556500 11 11 11 312 144
9.037197 0.057055 1.556781 11 11 11 316 144
9.038828 -0.008152 1.557062 11 11 11 320 144
9.040460 -0.073382 1.557343 11 11 11 324 144
9.042092 -0.138636 1.557624 11 11 11 328 144
9.043725 -0.203914 1.557905 11 11 11 332 144
9.045357 -0.269215 1.558186 11 11 11 336 144
9.046991 -0.334540 1.558468 11 11 11 340 144
9.048627 -0.399888 1.558750 11 11 11 344 144
9.050261 -0.465260 1.559031 11 11 11 348 144
9.051896 -0.530656 1.559313 11 11 11 352 144
9.053534 -0.596075 1.559595 11 11 11 356 144
9.055170 -0.661518 1.559877 11 11 11 360 144
9.056807 -0.726985 1.560159 11 11 11 364 144
9.058446 -0.792475 1.560441 11 11 11 368 144
9.060085 -0.857989 1.560724 11 11 11 372 144
9.061723 -0.923526 1.561005 10 10 10 376 144
9.063363 -0.989088 1.561288 10 10 10 380 144
9.065004 -1.054673 1.561571 10 10 10 384 144
9.066645 -1.120282 1.561853 10 10 10 388 144
9.068287 -1.185915 1.562136 10 10 10 392 144
9.069929 -1.251571 1.562419 10 10 10 396 144
9.071571 -1.317251 1.562702 10 10 10 400 144
9.073215 -1.382955 1.562985 10 10 10 404 144
9.074860 -1.448683 1.563269 10 10 10 408 144
9.076505 -1.514435 1.563552 10 10 10 412 144
9.078149 -1.580210 1.563835 10 10 10 416 144
9.079795 -1.646009 1.564119 10 10 10 420 144
9.081441 -1.711832 1.564402 10 10 10 424 144
9.083087 -1.777679 1.564686 10 10 10 428 144
9.084736 -1.843550 1.564970 10 10 10 432 144
9.086384 -1.909445 1.565254 10 10 10 436 144
9.088032 -1.975364 1.565538 10 10 10 440 144
9.089681 -2.041306 1.565822 10 10 10 444 144
9.091331 -2.107272 1.566105 10 10 10 448 144
9.092983 -2.173263 1.566389 10 10 10 452 144
9.094633 -2.239278 1.566673 10 10 10 456 144
9.096285 -2.305316 1.566958 10 10 10 460 144
9.097938 -2.371379 1.567243 9 9 9 464 144
9.099590 -2.437465 1.567527 9 9 9 468 144
9.101243 -2.503575 1.567812 9 9 9 472 144
9.102898 -2.569710 1.568097 9 9 9 476 144
9.104552 -2.635869 1.568382 9 9 9 480 144
9.106208 -2.702051 1.568667 9 9 9 484 144
9.107864 -2.768258 1.568953 9 9 9 488 144
9.109521 -2.834489 1.569238 9 9 9 492 144
8.919363 -2.839675 1.536481 14 14 14 496 144
8.740582 -2.845822 1.505683 19 19 19 500 144
8.458367 -2.814965 1.457068 27 27 27 504 144
8.295430 -2.820593 1.429000 31 31 31 508 144
8.233229 -2.858848 1.418285 33 33 33 512 144
8.245727 -2.922683 1.420438 32 32 32 516 144
8.258274 -2.986715 1.422599 32 32 32 520 144
8.270814 -3.050926 1.424760 32 32 32 524 144
8.283383 -3.115329 1.426925 31 31 31 528 144
8.296000 -3.179932 1.429098 31 31 31 532 144
8.308762 -3.244773 1.431296 31 31 31 536 144
8.321518 -3.309797 1.433494 30 30 30 540 144
8.334314 -3.375021 1.435698 30 30 30 544 144
8.347150 -3.440444 1.437909 30 30 30 548 144
8.360025 -3.506071 1.440127 29 29 29 552 144
8.372939 -3.571900 1.442352 29 29 29 556 144
8.385895 -3.637933 1.444584 29 29 29 560 144
8.398890 -3.704170 1.446822 28 28 28 564 144
8.411925 -3.770613 1.449068 28 28 28 568 144
8.425000 -3.837262 1.451320 28 28 28 572 144
7.829604 -3.622575 1.348755 44 44 44 576 144
7.802125 -3.666155 1.344021 44 44 44 580 144
7.802754 -3.722749 1.344130 44 44 44 584 144
8.045067 -3.896405 1.385871 38 38 38 588 144
7.946736 -3.906119 1.368933 40 40 40 592 144
7.850775 -3.915596 1.352402 43 43 43 596 144
7.757104 -3.924847 1.336266 46 46 46 600 144
7.671450 -3.936859 1.321511 48 48 48 604 144
8.496055 -4.421334 1.463560 26 26 26 608 144
8.386979 -4.425085 1.444770 29 29 29 612 144
8.280670 -4.428742 1.426457 32 32 32 616 144
8.177021 -4.432307 1.408602 34 34 34 620 144
8.075935 -4.435784 1.391189 37 37 37 624 144
7.977320 -4.439176 1.374201 40 40 40 628 144
7.881082 -4.442486 1.357623 42 42 42 632 144
7.787139 -4.445717 1.341440 45 45 45 636 144
8.118937 4.679080 1.340018 36 36 36 0 148
8.228539 4.682874 1.358108 33 33 33 4 148
8.106368 4.554856 1.337943 36 36 36 8 148
8.456869 4.690780 1.395793 27 27 27 12 148
8.575852 4.694900 1.415431 24 24 24 16 148
8.698231 4.699137 1.435630 20 20 20 20 148
8.824154 4.703497 1.456413 17 17 17 24 148
8.705883 4.577641 1.436893 20 20 20 28 148
8.947647 4.640203 1.476795 14 14 14 32 148
8.949247 4.576462 1.477059 14 14 14 36 148
8.950847 4.512698 1.477323 13 13 13 40 148
8.952446 4.448911 1.477587 13 13 13 44 148
8.954046 4.385100 1.477852 13 13 13 48 148
8.955647 4.321267 1.478116 13 13 13 52 148
8.957249 4.257411 1.478380 13 13 13 56 148
8.958851 4.193533 1.478644 13 13 13 60 148
8.960454 4.129632 1.478909 13 13 13 64 148
7.855824 3.563856 1.296592 43 43 43 68 148
7.713823 3.443779 1.273154 47 47 47 72 148
7.712247 3.387429 1.272895 47 47 47 76 148
7.710678 3.331106 1.272635 47 47 47 80 148
7.709875 3.275130 1.272503 47 47 47 84 148
7.715866 3.222004 1.273492 47 47 47 88 148
7.721862 3.168792 1.274481 47 47 47 92 148
7.727866 3.115498 1.275472 46 46 46 96 148
7.738349 3.063890 1.277202 46 46 46 100 148
8.976514 3.489357 1.481560 13 13 13 104 148
7.955569 3.035093 1.313054 40 40 40 108 148
8.009781 2.997982 1.322002 39 39 39 112 148
8.145613 2.990050 1.344421 35 35 35 116 148
8.147073 2.931804 1.344662 35 35 35 120 148
8.148534 2.873536 1.344903 35 35 35 124 148
8.149996 2.815247 1.345144 35 35 35 128 148
8.151458 2.756938 1.345385 35 35 35 132 148
8.152921 2.698607 1.345627 35 35 35 136 148
8.154384 2.640255 1.345868 35 35 35 140 148
8.155848 2.581883 1.346110 35 35 35 144 148
8.092893 2.503562 1.335719 37 37 37 148 148
8.091411 2.444722 1.335475 37 37 37 152 148
8.092701 2.386721 1.335688 37 37 37 156 148
8.999094 2.589106 1.485286 12 12 12 160 148
8.829838 2.476701 1.457351 17 17 17 164 148
9.002329 2.460129 1.485820 12 12 12 168 148
9.003947 2.395606 1.486087 12 12 12 172 148
9.005567 2.331059 1.486355 12 12 12 176 148
9.007186 2.266490 1.486622 12 12 12 180 148
9.008806 2.201897 1.486889 12 12 12 184 148
9.010427 2.137280 1.487157 12 12 12 188 148
9.012048 2.072641 1.487424 12 12 12 192 148
9.013670 2.007978 1.487692 12 12 12 196 148
8.530702 1.838836 1.407979 25 25 25 200 148
8.538338 1.778876 1.409239 25 25 25 204 148
8.539464 1.717497 1.409425 25 25 25 208 148
8.540591 1.656101 1.409611 25 25 25 212 148
8.541718 1.594689 1.409797 24 24 24 216 148
5.966258 1.070818 0.984722 94 94 94 220 148
8.543973 1.471817 1.410169 24 24 24 224 148
5.960311 0.983740 0.983740 94 94 94 228 148
5.910820 0.932924 0.975572 95 95 95 232 148
5.892142 0.887463 0.972489 96 96 96 236 148
5.890481 0.844711 0.972215 96 96 96 240 148
5.897143 0.803117 0.973314 96 96 96 244 148
5.913518 0.762680 0.976017 95 95 95 248 148
5.945211 0.723872 0.981248 94 94 94 252 148
6.034535 0.691207 0.995990 92 92 92 256 148
6.046294 0.648928 0.997931 92 92 92 260 148
6.045225 0.605196 0.997755 92 92 92 264 148
9.042964 0.840057 1.492527 11 11 11 268 148
9.044597 0.774949 1.492796 11 11 11 272 148
9.046231 0.709819 1.493066 11 11 11 276 148
9.047866 0.644665 1.493336 11 11 11 280 148
9.049500 0.579487 1.493606 11 11 11 284 148
9.051135 0.514286 1.493876 11 11 11 288 148
9.052772 0.449061 1.494146 11 11 11 292 148
9.054408 0.383812 1.494416 11 11 11 296 148
9.056045 0.318540 1.494686 11 11 11 300 148
9.057683 0.253244 1.494956 11 11 11 304 148
9.059322 0.187925 1.495227 11 11 11 308 148
9.060960 0.122582 1.495497 10 10 10 312 148
9.062600 0.057216 1.495768 10 10 10 316 148
9.064241 -0.008175 1.496039 10 10 10 320 148
9.065881 -0.073589 1.496309 10 10 10 324 148
9.067522 -0.139026 1.496580 10 10 10 328 148
9.069164 -0.204488 1.496851 10 10 10 332 148
9.070807 -0.269973 1.497122 10 10 10 336 148
9.072450 -0.335481 1.497394 10 10 10 340 148
9.074094 -0.401014 1.497665 10 10 10 344 148
9.075739 -0.466570 1.497936 10 10 10 348 148
9.077382 -0.532150 1.498208 10 10 10 352 148
9.079028 -0.597754 1.498479 10 10 10 356 148
9.080674 -0.663381 1.498751 10 10 10 360 148
9.082321 -0.729033 1.499023 10 10 10 364 148
9.083968 -0.794708 1.499295 10 10 10 368 148
9.085616 -0.860407 1.499567 10 10 10 372 148
9.087264 -0.926130 1.499839 10 10 10 376 148
9.088913 -0.991876 1.500111 10 10 10 380 148
9.090564 -1.057647 1.500383 10 10 10 384 148
9.092214 -1.123441 1.500656 10 10 10 388 148
9.093864 -1.189260 1.500928 10 10 10 392 148
9.095515 -1.255102 1.501201 10 10 10 396 148
9.097169 -1.320968 1.501473 10 10 10 400 148
9.098820 -1.386858 1.501746 9 9 9 404 148
9.100473 -1.452772 1.502019 9 9 9 408 148
9.102128 -1.518710 1.502292 9 9 9 412 148
9.103782 -1.584672 1.502565 9 9 9 416 148
9.105436 -1.650658 1.502838 9 9 9 420 148
9.107093 -1.716668 1.503111 9 9 9 424 148
9.108750 -1.782702 1.503385 9 9 9 428 148
9.110406 -1.848760 1.503658 9 9 9 432 148
9.112063 -1.914842 1.503932 9 9 9 436 148
9.113722 -1.980948 1.504205 9 9 9 440 148
9.115380 -2.047077 1.504478 9 9 9 444 148
9.117040 -2.113231 1.504752 9 9 9 448 148
9.118699 -2.179410 1.505026 9 9 9 452 148
9.120359 -2.245612 1.505300 9 9 9 456 148
9.122021 -2.311838 1.505574 9 9 9 460 148
9.123683 -2.378089 1.505848 9 9 9 464 148
9.125345 -2.444364 1.506122 9 9 9 468 148
9.127008 -2.510663 1.506397 9 9 9 472 148
9.128672 -2.576986 1.506671 9 9 9 476 148
9.130337 -2.643333 1.506946 9 9 9 480 148
9.132001 -2.709705 1.507221 9 9 9 484 148
9.133665 -2.776100 1.507496 9 9 9 488 148
9.135332 -2.842520 1.507771 8 8 8 492 148
8.955324 -2.851124 1.478061 13 13 13 496 148
8.775978 -2.857346 1.448460 18 18 18 500 148
8.563638 -2.850000 1.413414 24 24 24 504 148
8.290462 -2.818903 1.368326 31 31 31 508 148
8.228147 -2.857083 1.358041 33 33 33 512 148
8.229644 -2.916982 1.358289 33 33 33 516 148
8.231149 -2.976905 1.358537 33 33 33 520 148
8.232654 -3.036850 1.358785 33 33 33 524 148
8.234159 -3.096816 1.359034 33 33 33 528 148
8.235664 -3.156805 1.359282 33 33 33 532 148
8.237171 -3.216815 1.359531 33 33 33 536 148
8.238678 -3.276848 1.359780 33 33 33 540 148
8.240186 -3.336902 1.360028 33 33 33 544 148
8.241694 -3.396979 1.360278 33 33 33 548 148
8.243203 -3.457077 1.360526 33 33 33 552 148
8.244714 -3.517199 1.360776 32 32 32 556 148
8.246225 -3.577342 1.361025 32 32 32 560 148
8.247736 -3.637507 1.361275 32 32 32 564 148
8.249249 -3.697694 1.361524 32 32 32 568 148
8.088746 -3.684112 1.335034 37 37 37 572 148
8.048704 -3.723947 1.328425 38 38 38 576 148
7.861054 -3.693846 1.297454 43 43 43 580 148
7.840391 -3.740706 1.294043 43 43 43 584 148
7.868058 -3.810676 1.298609 43 43 43 588 148
7.918208 -3.892096 1.306887 41 41 41 592 148
7.822931 -3.901709 1.291161 44 44 44 596 148
7.729920 -3.911093 1.275810 46 46 46 600 148
8.262883 -4.240374 1.363775 32 32 32 604 148
8.270743 -4.304082 1.365072 32 32 32 608 148
8.383635 -4.423320 1.383704 29 29 29 612 148
8.277409 -4.426998 1.366172 32 32 32 616 148
8.173841 -4.430583 1.349078 34 34 34 620 148
8.072835 -4.434080 1.332407 37 37 37 624 148
7.974292 -4.437491 1.316143 40 40 40 628 148
7.878128 -4.440821 1.300271 42 42 42 632 148
7.784255 -4.444071 1.284778 45 45 45 636 148
8.122304 4.681019 1.281969 36 36 36 0 152
8.231997 4.684842 1.299283 33 33 33 4 152
8.128903 4.567519 1.283011 36 36 36 8 152
8.460519 4.692804 1.335351 27 27 27 12 152
8.579605 4.696955 1.354147 23 23 23 16 152
8.462866 4.571983 1.335721 27 27 27 20 152
8.473212 4.516437 1.337354 26 26 26 24 152
8.483553 4.460738 1.338987 26 26 26 28 152
8.493856 4.404870 1.340613 26 26 26 32 152
8.504129 4.348838 1.342234 25 25 25 36 152
8.975764 4.525261 1.416674 13 13 13 40 152
8.977372 4.461298 1.416928 13 13 13 44 152
8.978982 4.397312 1.417182 13 13 13 48 152
8.980593 4.333303 1.417436 13 13 13 52 152
8.982204 4.269272 1.417690 13 13 13 56 152
8.983813 4.205217 1.417944 13 13 13 60 152
8.985426 4.141140 1.418199 13 13 13 64 152
8.987040 4.077040 1.418453 12 12 12 68 152
7.743861 3.457189 1.222238 46 46 46 72 152
7.742277 3.400619 1.221988 46 46 46 76 152
7.740694 3.344073 1.221739 46 46 46 80 152
7.739113 3.287551 1.221489 46 46 46 84 152
7.744596 3.234001 1.222354 46 46 46 88 152
7.750635 3.180600 1.223308 46 46 46 92 152
7.756683 3.127115 1.224262 46 46 46 96 152
7.762742 3.073548 1.225218 45 45 45 100 152
7.846670 3.050163 1.238465 43 43 43 104 152
7.847695 2.993938 1.238627 43 43 43 108 152
9.004812 3.370413 1.421258 12 12 12 112 152
9.006432 3.306036 1.421514 12 12 12 116 152
9.008052 3.241635 1.421770 12 12 12 120 152
9.009672 3.177212 1.422026 12 12 12 124 152
9.011292 3.112764 1.422281 12 12 12 128 152
9.012915 3.048294 1.422537 12 12 12 132 152
9.014538 2.983802 1.422794 12 12 12 136 152
9.016160 2.919285 1.423050 12 12 12 140 152
9.017783 2.854745 1.423306 12 12 12 144 152
9.019407 2.790182 1.423562 12 12 12 148 152
9.021031 2.725595 1.423818 12 12 12 152 152
9.022656 2.660986 1.424075 12 12 12 156 152
9.024283 2.596353 1.424332 11 11 11 160 152
8.849631 2.482252 1.396766 16 16 16 164 152
9.027535 2.467017 1.424845 11 11 11 168 152
9.029163 2.402315 1.425102 11 11 11 172 152
9.030791 2.337589 1.425359 11 11 11 176 152
9.032420 2.272839 1.425616 11 11 11 180 152
9.034049 2.208066 1.425873 11 11 11 184 152
9.035679 2.143270 1.426130 11 11 11 188 152
9.037310 2.078451 1.426388 11 11 11 192 152
9.038940 2.013608 1.426645 11 11 11 196 152
8.554641 1.843996 1.350206 24 24 24 200 152
9.013719 1.877917 1.422664 12 12 12 204 152
9.043836 1.818938 1.427418 11 11 11 208 152
9.045470 1.754002 1.427676 11 11 11 212 152
9.047105 1.689042 1.427934 11 11 11 216 152
5.982171 1.073674 0.944185 93 93 93 220 152
9.050373 1.559051 1.428449 11 11 11 224 152
5.999050 0.990134 0.946849 93 93 93 228 152
5.937778 0.937179 0.937178 95 95 95 232 152
5.912539 0.890535 0.933195 95 95 95 236 152
5.912663 0.847892 0.933215 95 95 95 240 152
5.918394 0.806012 0.934119 95 95 95 244 152
5.935198 0.765476 0.936771 95 95 95 248 152
5.971831 0.727113 0.942553 94 94 94 252 152
8.570509 0.981682 1.352711 24 24 24 256 152
6.065094 0.650946 0.957273 91 91 91 260 152
6.056100 0.606285 0.955854 91 91 91 264 152
9.068400 0.842420 1.431295 10 10 10 268 152
9.070042 0.777130 1.431554 10 10 10 272 152
9.071684 0.711816 1.431813 10 10 10 276 152
9.073328 0.646479 1.432072 10 10 10 280 152
9.074973 0.581118 1.432332 10 10 10 284 152
9.076616 0.515733 1.432591 10 10 10 288 152
9.078261 0.450325 1.432851 10 10 10 292 152
9.079908 0.384893 1.433111 10 10 10 296 152
9.081554 0.319437 1.433371 10 10 10 300 152
9.083200 0.253958 1.433631 10 10 10 304 152
9.084849 0.188455 1.433891 10 10 10 308 152
9.086496 0.122928 1.434151 10 10 10 312 152
9.088145 0.057377 1.434411 10 10 10 316 152
9.089795 -0.008198 1.434671 10 10 10 320 152
9.091446 -0.073796 1.434932 10 10 10 324 152
9.093095 -0.139418 1.435192 10 10 10 328 152
9.094747 -0.205064 1.435453 10 10 10 332 152
9.096399 -0.270734 1.435714 10 10 10 336 152
9.098051 -0.336428 1.435974 9 9 9 340 152
9.099704 -0.402145 1.436235 9 9 9 344 152
9.101357 -0.467887 1.436496 9 9 9 348 152
9.103012 -0.533652 1.436757 9 9 9 352 152
9.104666 -0.599442 1.437019 9 9 9 356 152
9.106321 -0.665255 1.437280 9 9 9 360 152
9.107978 -0.731092 1.437541 9 9 9 364 152
9.109633 -0.796953 1.437803 9 9 9 368 152
9.111291 -0.862838 1.438064 9 9 9 372 152
9.112950 -0.928747 1.438326 9 9 9 376 152
9.114608 -0.994680 1.438588 9 9 9 380 152
9.116266 -1.060637 1.438849 9 9 9 384 152
9.117927 -1.126618 1.439111 9 9 9 388 152
9.119587 -1.192623 1.439373 9 9 9 392 152
9.121247 -1.258652 1.439636 9 9 9 396 152
9.122909 -1.324706 1.439898 9 9 9 400 152
9.124572 -1.390783 1.440160 9 9 9 404 152
9.126234 -1.456884 1.440423 9 9 9 408 152
9.127897 -1.523010 1.440685 9 9 9 412 152
4.031297 -0.701718 0.636272 146 146 146 416 152
4.007702 -0.726527 0.632548 147 147 147 420 152
4.004219 -0.754787 0.631999 147 147 147 424 152
9.134556 -1.787753 1.441736 9 9 9 428 152
9.136223 -1.853999 1.441999 8 8 8 432 152
9.137889 -1.920269 1.442262 8 8 8 436 152
9.139557 -1.986562 1.442524 8 8 8 440 152
9.141226 -2.052881 1.442788 8 8 8 444 152
9.142894 -2.119224 1.443051 8 8 8 448 152
9.144563 -2.185591 1.443314 8 8 8 452 152
9.146234 -2.251983 1.443578 8 8 8 456 152
9.147903 -2.318398 1.443841 8 8 8 460 152
9.149575 -2.384838 1.444105 8 8 8 464 152
9.151247 -2.451302 1.444369 8 8 8 468 152
9.152919 -2.517790 1.444633 8 8 8 472 152
9.154592 -2.584303 1.444897 8 8 8 476 152
9.156265 -2.650840 1.445161 8 8 8 480 152
9.157940 -2.717402 1.445426 8 8 8 484 152
9.159615 -2.783987 1.445690 8 8 8 488 152
9.093792 -2.829595 1.435301 10 10 10 492 152
8.949651 -2.849318 1.412551 13 13 13 496 152
8.770529 -2.855572 1.384279 18 18 18 500 152
8.598438 -2.861581 1.357118 23 23 23 504 152
8.393717 -2.854012 1.324806 28 28 28 508 152
8.288747 -2.878126 1.308238 31 31 31 512 152
8.290258 -2.938467 1.308477 31 31 31 516 152
8.291777 -2.998832 1.308716 31 31 31 520 152
8.293297 -3.059220 1.308956 31 31 31 524 152
8.294817 -3.119629 1.309196 31 31 31 528 152
8.296337 -3.180061 1.309436 31 31 31 532 152
8.297858 -3.240515 1.309676 31 31 31 536 152
8.299379 -3.300991 1.309916 31 31 31 540 152
8.300903 -3.361490 1.310157 31 31 31 544 152
8.302427 -3.422011 1.310398 31 31 31 548 152
8.303952 -3.482555 1.310638 31 31 31 552 152
8.305478 -3.543121 1.310879 31 31 31 556 152
8.307006 -3.603709 1.311120 31 31 31 560 152
8.308531 -3.664319 1.311361 31 31 31 564 152
8.310059 -3.724952 1.311602 31 31 31 568 152
7.992541 -3.640294 1.261487 39 39 39 572 152
7.940681 -3.673967 1.253302 41 41 41 576 152
7.837127 -3.682602 1.236958 43 43 43 580 152
7.804617 -3.723638 1.231827 44 44 44 584 152
7.782329 -3.769155 1.228309 45 45 45 588 152
7.889884 -3.878174 1.245284 42 42 42 592 152
7.795285 -3.887920 1.230354 45 45 45 596 152
7.713854 -3.902964 1.217501 47 47 47 600 152
8.286471 -4.252479 1.307879 31 31 31 604 152
8.288013 -4.313069 1.308122 31 31 31 608 152
8.380291 -4.421556 1.322687 29 29 29 612 152
8.274150 -4.425255 1.305934 32 32 32 616 152
8.170664 -4.428861 1.289601 34 34 34 620 152
8.069734 -4.432377 1.273671 37 37 37 624 152
7.971268 -4.435808 1.258129 40 40 40 628 152
7.875175 -4.439157 1.242963 42 42 42 632 152
7.781372 -4.442425 1.228158 45 45 45 636 152
8.125672 4.682961 1.223873 36 36 36 0 156
8.235457 4.686810 1.240408 33 33 33 4 156
8.151563 4.580251 1.227772 35 35 35 8 156
8.233048 4.566633 1.240045 33 33 33 12 156
8.326171 4.558210 1.254071 30 30 30 16 156
8.705957 4.703311 1.311274 20 20 20 20 156
8.832106 4.707736 1.330274 17 17 17 24 156
8.961962 4.712290 1.349833 13 13 13 28 156
8.826788 4.577527 1.329473 17 17 17 32 156
8.999206 4.602010 1.355442 12 12 12 36 156
9.000823 4.537894 1.355686 12 12 12 40 156
9.002440 4.473755 1.355929 12 12 12 44 156
9.004059 4.409593 1.356173 12 12 12 48 156
9.005678 4.345407 1.356417 12 12 12 52 156
9.007298 4.281199 1.356661 12 12 12 56 156
9.008917 4.216968 1.356905 12 12 12 60 156
9.010538 4.152714 1.357149 12 12 12 64 156
8.507810 3.859634 1.281429 25 25 25 68 156
7.774136 3.470705 1.170925 45 45 45 72 156
7.772541 3.413912 1.170684 45 45 45 76 156
7.770947 3.357143 1.170444 45 45 45 80 156
7.769352 3.300396 1.170204 45 45 45 84 156
7.773540 3.246087 1.170835 45 45 45 88 156
7.779624 3.192496 1.171751 45 45 45 92 156
7.785717 3.138821 1.172669 45 45 45 96 156
7.791821 3.085062 1.173588 45 45 45 100 156
8.521605 3.312524 1.283507 25 25 25 104 156
7.929173 3.025023 1.194276 41 41 41 108 156
8.524675 3.190702 1.283969 25 25 25 112 156
8.526213 3.129759 1.284201 25 25 25 116 156
8.527749 3.068794 1.284432 25 25 25 120 156
8.529287 3.007806 1.284664 25 25 25 124 156
8.530825 2.946797 1.284896 25 25 25 128 156
8.535413 2.886796 1.285587 25 25 25 132 156
8.545780 2.828643 1.287148 24 24 24 136 156
8.556269 2.770379 1.288728 24 24 24 140 156
8.566854 2.711995 1.290322 24 24 24 144 156
9.044710 2.798009 1.362296 11 11 11 148 156
9.046344 2.733243 1.362542 11 11 11 152 156
9.047977 2.668454 1.362788 11 11 11 156 156
8.609216 2.476935 1.296703 23 23 23 160 156
8.749366 2.454129 1.317812 19 19 19 164 156
9.052884 2.473945 1.363527 11 11 11 168 156
9.054521 2.409061 1.363774 11 11 11 172 156
9.056158 2.344155 1.364020 11 11 11 176 156
9.057796 2.279224 1.364267 11 11 11 180 156
9.059434 2.214271 1.364514 11 11 11 184 156
9.061073 2.149294 1.364761 10 10 10 188 156
9.062714 2.084293 1.365008 10 10 10 192 156
9.064353 2.019269 1.365255 10 10 10 196 156
8.578712 1.849185 1.292108 23 23 23 200 156
9.039085 1.883202 1.361449 11 11 11 204 156
9.069277 1.824055 1.365996 10 10 10 208 156
3.922031 0.760519 0.590728 149 149 149 212 156
3.921380 0.732099 0.590630 149 149 149 216 156
3.922234 0.703958 0.590759 149 149 149 220 156
3.923099 0.675808 0.590889 149 149 149 224 156
3.923966 0.647645 0.591020 149 149 149 228 156
3.932634 0.620700 0.592325 149 149 149 232 156
3.949379 0.594848 0.594848 148 148 148 236 156
3.954385 0.567070 0.595601 148 148 148 240 156
3.950813 0.538051 0.595063 148 148 148 244 156
5.964856 0.769301 0.898414 94 94 94 248 156
5.994892 0.729921 0.902938 93 93 93 252 156
6.064233 0.694609 0.913382 91 91 91 256 156
6.080798 0.652631 0.915877 91 91 91 260 156
6.073840 0.608060 0.914829 91 91 91 264 156
9.093978 0.844796 1.369717 10 10 10 268 156
9.095631 0.779322 1.369965 10 10 10 272 156
9.097281 0.713824 1.370214 10 10 10 276 156
9.098934 0.648303 1.370463 9 9 9 280 156
9.100588 0.582758 1.370712 9 9 9 284 156
9.102242 0.517189 1.370961 9 9 9 288 156
9.103895 0.451597 1.371210 9 9 9 292 156
9.105551 0.385980 1.371460 9 9 9 296 156
9.107208 0.320340 1.371709 9 9 9 300 156
9.108862 0.254675 1.371958 9 9 9 304 156
9.110519 0.188987 1.372208 9 9 9 308 156
9.112178 0.123275 1.372458 9 9 9 312 156
9.113836 0.057539 1.372707 9 9 9 316 156
9.115494 -0.008221 1.372957 9 9 9 320 156
9.117154 -0.074005 1.373207 9 9 9 324 156
9.118814 -0.139813 1.373457 9 9 9 328 156
9.120474 -0.205644 1.373707 9 9 9 332 156
9.122135 -0.271500 1.373958 9 9 9 336 156
9.123797 -0.337380 1.374208 9 9 9 340 156
9.125460 -0.403284 1.374458 9 9 9 344 156
9.127122 -0.469212 1.374709 9 9 9 348 156
9.128787 -0.535163 1.374959 9 9 9 352 156
9.130450 -0.601139 1.375210 9 9 9 356 156
9.132114 -0.667139 1.375461 9 9 9 360 156
9.133780 -0.733163 1.375711 9 9 9 364 156
9.135447 -0.799211 1.375962 8 8 8 368 156
9.137113 -0.865283 1.376213 8 8 8 372 156
9.138781 -0.931380 1.376464 8 8 8 376 156
9.140449 -0.997500 1.376716 8 8 8 380 156
9.142117 -1.063645 1.376967 8 8 8 384 156
9.143786 -1.129814 1.377218 8 8 8 388 156
9.145456 -1.196007 1.377470 8 8 8 392 156
9.147126 -1.262223 1.377721 8 8 8 396 156
9.148796 -1.328465 1.377973 8 8 8 400 156
9.150469 -1.394730 1.378225 8 8 8 404 156
9.152141 -1.461020 1.378477 8 8 8 408 156
3.927333 -0.655284 0.591527 149 149 149 412 156
3.934350 -0.684842 0.592584 149 149 149 416 156
3.943506 -0.714889 0.593963 148 148 148 420 156
3.949464 -0.744466 0.594860 148 148 148 424 156
3.956818 -0.774401 0.595968 148 148 148 428 156
9.162187 -1.859267 1.379989 8 8 8 432 156
9.163862 -1.925726 1.380241 8 8 8 436 156
9.165539 -1.992210 1.380493 8 8 8 440 156
9.167216 -2.058718 1.380746 8 8 8 444 156
9.168895 -2.125251 1.380999 8 8 8 448 156
9.170573 -2.191808 1.381252 8 8 8 452 156
9.172253 -2.258389 1.381505 7 7 7 456 156
9.173934 -2.324995 1.381758 7 7 7 460 156
9.175614 -2.391625 1.382011 7 7 7 464 156
9.177295 -2.458279 1.382264 7 7 7 468 156
9.178977 -2.524959 1.382518 7 7 7 472 156
9.180660 -2.591662 1.382771 7 7 7 476 156
9.182343 -2.658390 1.383024 7 7 7 480 156
9.184028 -2.725142 1.383278 7 7 7 484 156
9.185712 -2.791919 1.383532 7 7 7 488 156
9.087892 -2.827759 1.368798 10 10 10 492 156
8.943984 -2.847514 1.347123 14 14 14 496 156
8.765086 -2.853800 1.320178 18 18 18 500 156
8.593205 -2.859840 1.294290 23 23 23 504 156
8.427938 -2.865648 1.269398 28 28 28 508 156
8.312387 -2.886334 1.251994 31 31 31 512 156
8.329811 -2.952486 1.254618 30 30 30 516 156
8.331343 -3.013141 1.254849 30 30 30 520 156
8.332875 -3.073820 1.255080 30 30 30 524 156
8.334408 -3.134519 1.255310 30 30 30 528 156
8.335940 -3.195241 1.255541 30 30 30 532 156
9.119908 -3.561546 1.373621 9 9 9 536 156
9.121587 -3.628016 1.373873 9 9 9 540 156
8.324622 -3.371095 1.253836 30 30 30 544 156
8.326155 -3.431791 1.254067 30 30 30 548 156
8.327686 -3.492509 1.254298 30 30 30 552 156
8.329220 -3.553249 1.254529 30 30 30 556 156
8.330752 -3.614011 1.254760 30 30 30 560 156
8.332287 -3.674796 1.254991 30 30 30 564 156
8.333820 -3.735603 1.255222 30 30 30 568 156
7.978849 -3.634058 1.201757 40 40 40 572 156
7.895076 -3.652867 1.189139 42 42 42 576 156
7.830988 -3.679717 1.179486 44 44 44 580 156
7.753758 -3.699373 1.167854 46 46 46 584 156
7.706544 -3.732451 1.160743 47 47 47 588 156
7.705511 -3.787548 1.160587 47 47 47 592 156
7.767832 -3.874228 1.169974 45 45 45 596 156
8.346125 -4.222872 1.257075 30 30 30 600 156
8.347674 -4.283886 1.257308 30 30 30 604 156
8.485758 -4.415976 1.278106 26 26 26 608 156
8.376945 -4.419791 1.261717 29 29 29 612 156
8.270888 -4.423511 1.245743 32 32 32 616 156
8.167488 -4.427139 1.230169 35 35 35 620 156
8.066637 -4.430676 1.214979 37 37 37 624 156
7.968246 -4.434126 1.200160 40 40 40 628 156
7.872225 -4.437493 1.185697 43 43 43 632 156
7.778492 -4.440781 1.171580 45 45 45 636 156
8.129045 4.684905 1.165727 36 36 36 0 160
8.238921 4.688782 1.181484 33 33 33 4 160
8.351809 4.692766 1.197672 30 30 30 8 160
8.467832 4.696860 1.214310 26 26 26 12 160
8.587123 4.701070 1.231417 23 23 23 16 160
8.709826 4.705401 1.249013 20 20 20 20 160
8.836085 4.709857 1.267119 17 17 17 24 160
8.966060 4.714445 1.285758 13 13 13 28 160
8.851490 4.590337 1.269328 16 16 16 32 160
9.024395 4.614891 1.294123 11 11 11 36 160
9.026020 4.550598 1.294356 11 11 11 40 160
9.027647 4.486282 1.294590 11 11 11 44 160
9.029276 4.421943 1.294823 11 11 11 48 160
9.030903 4.357579 1.295056 11 11 11 52 160
9.032532 4.293193 1.295290 11 11 11 56 160
9.034162 4.228785 1.295524 11 11 11 60 160
9.035791 4.164352 1.295757 11 11 11 64 160
9.037421 4.099896 1.295991 11 11 11 68 160
7.804648 3.484327 1.119208 44 44 44 72 160
7.803041 3.427309 1.118978 44 44 44 76 160
7.801435 3.370314 1.118747 44 44 44 80 160
7.799829 3.313343 1.118517 44 44 44 84 160
7.802701 3.258264 1.118929 44 44 44 88 160
7.808830 3.204481 1.119808 44 44 44 92 160
7.814969 3.150613 1.120688 44 44 44 96 160
7.821118 3.096661 1.121570 44 44 44 100 160
9.052122 3.518747 1.298099 11 11 11 104 160
7.936890 3.027967 1.138172 41 41 41 108 160
9.055396 3.389346 1.298569 11 11 11 112 160
9.057033 3.324610 1.298803 11 11 11 116 160
9.058671 3.259851 1.299038 11 11 11 120 160
9.060309 3.195069 1.299273 11 11 11 124 160
9.061950 3.130263 1.299509 10 10 10 128 160
9.063589 3.065433 1.299744 10 10 10 132 160
9.065229 3.000580 1.299979 10 10 10 136 160
9.066871 2.935704 1.300214 10 10 10 140 160
9.068513 2.870804 1.300450 10 10 10 144 160
9.070154 2.805881 1.300685 10 10 10 148 160
9.071798 2.740934 1.300921 10 10 10 152 160
8.381494 2.471893 1.201929 29 29 29 156 160
8.506969 2.447518 1.219923 25 25 25 160 160
9.076730 2.545952 1.301628 10 10 10 164 160
9.078376 2.480911 1.301864 10 10 10 168 160
9.080021 2.415846 1.302100 10 10 10 172 160
9.081667 2.350758 1.302336 10 10 10 176 160
9.083315 2.285646 1.302572 10 10 10 180 160
9.084962 2.220510 1.302809 10 10 10 184 160
9.086610 2.155351 1.303045 10 10 10 188 160
9.088259 2.090168 1.303281 10 10 10 192 160
9.089910 2.024962 1.303518 10 10 10 196 160
8.602920 1.854403 1.233682 23 23 23 200 160
8.973291 1.869494 1.286795 13 13 13 204 160
8.984259 1.806956 1.288367 13 13 13 208 160
3.920429 0.760208 0.562200 149 149 149 212 160
3.920084 0.731857 0.562151 149 149 149 216 160
3.919719 0.703507 0.562099 149 149 149 220 160
3.919352 0.675162 0.562046 149 149 149 224 160
3.919128 0.646846 0.562014 149 149 149 228 160
3.940625 0.621962 0.565096 148 148 148 232 160
3.937672 0.593084 0.564673 148 148 148 236 160
3.937224 0.564609 0.564609 148 148 148 240 160
3.936780 0.536140 0.564545 148 148 148 244 160
3.937681 0.507852 0.564674 148 148 148 248 160
3.944080 0.480220 0.565592 148 148 148 252 160
3.943635 0.451711 0.565528 148 148 148 256 160
3.946627 0.423578 0.565957 148 148 148 260 160
6.092056 0.609884 0.873618 90 90 90 264 160
9.119700 0.847185 1.307790 9 9 9 268 160
9.121362 0.781527 1.308028 9 9 9 272 160
9.123024 0.715844 1.308267 9 9 9 276 160
9.124685 0.650138 1.308505 9 9 9 280 160
9.126348 0.584408 1.308743 9 9 9 284 160
9.128013 0.518654 1.308982 9 9 9 288 160
9.129675 0.452875 1.309220 9 9 9 292 160
9.131340 0.387073 1.309459 9 9 9 296 160
9.133005 0.321247 1.309698 9 9 9 300 160
9.134670 0.255397 1.309937 9 9 9 304 160
9.136337 0.189523 1.310176 8 8 8 308 160
9.138004 0.123624 1.310415 8 8 8 312 160
9.139672 0.057702 1.310654 8 8 8 316 160
9.141339 -0.008244 1.310893 8 8 8 320 160
9.143008 -0.074215 1.311132 8 8 8 324 160
9.144678 -0.140209 1.311372 8 8 8 328 160
9.146348 -0.206228 1.311611 8 8 8 332 160
9.148018 -0.272271 1.311851 8 8 8 336 160
9.149690 -0.338337 1.312090 8 8 8 340 160
9.151361 -0.404428 1.312330 8 8 8 344 160
9.153034 -0.470544 1.312570 8 8 8 348 160
9.154707 -0.536683 1.312810 8 8 8 352 160
9.156381 -0.602847 1.313050 8 8 8 356 160
9.158055 -0.669034 1.313290 8 8 8 360 160
9.159730 -0.735246 1.313530 8 8 8 364 160
9.161406 -0.801482 1.313771 8 8 8 368 160
9.163081 -0.867743 1.314011 8 8 8 372 160
9.164759 -0.934027 1.314251 8 8 8 376 160
9.166435 -1.000336 1.314492 8 8 8 380 160
9.168114 -1.066669 1.314733 8 8 8 384 160
9.169792 -1.133027 1.314973 8 8 8 388 160
9.171472 -1.199409 1.315214 8 8 8 392 160
9.173151 -1.265815 1.315455 7 7 7 396 160
9.174831 -1.332245 1.315696 7 7 7 400 160
9.176512 -1.398700 1.315937 7 7 7 404 160
3.936255 -0.628372 0.564470 148 148 148 408 160
3.914426 -0.653130 0.561339 149 149 149 412 160
3.917766 -0.681955 0.561818 149 149 149 416 160
3.924675 -0.711476 0.562809 149 149 149 420 160
3.930053 -0.740807 0.563580 149 149 149 424 160
3.935687 -0.770265 0.564388 149 149 149 428 160
9.188297 -1.864565 1.317626 7 7 7 432 160
9.189984 -1.931216 1.317868 7 7 7 436 160
9.191670 -1.997890 1.318109 7 7 7 440 160
9.193357 -2.064589 1.318351 7 7 7 444 160
9.195045 -2.131312 1.318593 7 7 7 448 160
9.196733 -2.198060 1.318835 7 7 7 452 160
9.198422 -2.264832 1.319077 7 7 7 456 160
9.200111 -2.331629 1.319320 7 7 7 460 160
9.201802 -2.398451 1.319562 7 7 7 464 160
9.203492 -2.465297 1.319805 7 7 7 468 160
9.205185 -2.532168 1.320047 7 7 7 472 160
9.206877 -2.599063 1.320290 7 7 7 476 160
9.208570 -2.665983 1.320533 7 7 7 480 160
9.210263 -2.732927 1.320776 6 6 6 484 160
9.211957 -2.799896 1.321018 6 6 6 488 160
9.109857 -2.834594 1.306377 9 9 9 492 160
8.938323 -2.845712 1.281779 14 14 14 496 160
8.759651 -2.852031 1.256157 19 19 19 500 160
8.587982 -2.858102 1.231539 23 23 23 504 160
8.383682 -2.850600 1.202242 29 29 29 508 160
8.336164 -2.894591 1.195428 30 30 30 512 160
8.353636 -2.960931 1.197933 30 30 30 516 160
8.355178 -3.021762 1.198154 29 29 29 520 160
8.356715 -3.082614 1.198375 29 29 29 524 160
8.358256 -3.143488 1.198596 29 29 29 528 160
8.359802 -3.204388 1.198817 29 29 29 532 160
9.146023 -3.571744 1.311563 8 8 8 536 160
9.147710 -3.638406 1.311805 8 8 8 540 160
9.149399 -3.705093 1.312047 8 8 8 544 160
9.151088 -3.771804 1.312290 8 8 8 548 160
9.152778 -3.838540 1.312532 8 8 8 552 160
9.154469 -3.905300 1.312775 8 8 8 556 160
9.156158 -3.972085 1.313017 8 8 8 560 160
9.157850 -4.038895 1.313259 8 8 8 564 160
9.159543 -4.105730 1.313502 8 8 8 568 160
7.934032 -3.613645 1.137761 41 41 41 572 160
7.866609 -3.639696 1.128092 43 43 43 576 160
7.820423 -3.674753 1.121469 44 44 44 580 160
7.738795 -3.692234 1.109763 46 46 46 584 160
7.703238 -3.730850 1.104664 47 47 47 588 160
7.702227 -3.785934 1.104519 47 47 47 592 160
7.756730 -3.868690 1.112335 46 46 46 596 160
8.391033 -4.245595 1.203296 29 29 29 600 160
8.593921 -4.410256 1.232391 23 23 23 604 160
8.482334 -4.414193 1.216389 26 26 26 608 160
8.373609 -4.418030 1.200797 29 29 29 612 160
8.267634 -4.421770 1.185600 32 32 32 616 160
8.164309 -4.425416 1.170783 35 35 35 620 160
8.063535 -4.428972 1.156332 37 37 37 624 160
7.965226 -4.432446 1.142234 40 40 40 628 160
7.869278 -4.435833 1.128475 43 43 43 632 160
7.775615 -4.439138 1.115043 45 45 45 636 160
8.132420 4.686849 1.107534 35 35 35 0 164
8.242387 4.690755 1.122510 33 33 33 4 164
8.355370 4.694767 1.137897 29 29 29 8 164
8.217663 4.558099 1.119143 33 33 33 12 164
8.590889 4.703132 1.169972 23 23 23 16 164
8.713698 4.707493 1.186697 20 20 20 20 164
8.840071 4.711981 1.203907 16 16 16 24 164
8.970163 4.716602 1.221624 13 13 13 28 164
8.876331 4.603220 1.208846 15 15 15 32 164
9.049726 4.627845 1.232460 11 11 11 36 164
9.051361 4.563374 1.232682 11 11 11 40 164
9.052996 4.498879 1.232905 11 11 11 44 164
9.054634 4.434361 1.233128 11 11 11 48 164
9.056271 4.369820 1.233351 11 11 11 52 164
9.057908 4.305255 1.233574 11 11 11 56 164
9.059546 4.240667 1.233797 11 11 11 60 164
9.061187 4.176056 1.234021 10 10 10 64 164
9.062825 4.111421 1.234244 10 10 10 68 164
7.808413 3.486007 1.063408 44 44 44 72 164
7.808105 3.429533 1.063366 44 44 44 76 164
7.807797 3.373062 1.063324 44 44 44 80 164
7.807394 3.316556 1.063270 44 44 44 84 164
7.810768 3.261633 1.063729 44 44 44 88 164
7.817276 3.207947 1.064615 44 44 44 92 164
7.823795 3.154172 1.065503 44 44 44 96 164
7.830401 3.100337 1.066403 44 44 44 100 164
8.075553 3.139134 1.099790 37 37 37 104 164
7.944620 3.030916 1.081958 41 41 41 108 164
8.287117 3.101787 1.128602 31 31 31 112 164
9.082547 3.333976 1.236930 10 10 10 116 164
9.084194 3.269036 1.237154 10 10 10 120 164
9.085842 3.204072 1.237378 10 10 10 124 164
9.087492 3.139086 1.237603 10 10 10 128 164
9.089140 3.074075 1.237827 10 10 10 132 164
9.090791 3.009041 1.238052 10 10 10 136 164
9.092441 2.943983 1.238277 10 10 10 140 164
9.094091 2.878902 1.238502 10 10 10 144 164
9.095743 2.813797 1.238727 10 10 10 148 164
9.097396 2.748668 1.238952 10 10 10 152 164
8.277683 2.441276 1.127317 32 32 32 156 164
9.100701 2.618339 1.239402 9 9 9 160 164
9.102355 2.553139 1.239627 9 9 9 164 164
9.104010 2.487916 1.239852 9 9 9 168 164
9.105664 2.422669 1.240078 9 9 9 172 164
9.107320 2.357398 1.240303 9 9 9 176 164
9.108977 2.292103 1.240529 9 9 9 180 164
9.110635 2.226785 1.240755 9 9 9 184 164
9.112292 2.161443 1.240980 9 9 9 188 164
9.113950 2.096077 1.241206 9 9 9 192 164
9.115609 2.030687 1.241432 9 9 9 196 164
8.627266 1.859651 1.174926 22 22 22 200 164
8.749087 1.822784 1.191516 19 19 19 204 164
8.759512 1.761754 1.192936 19 19 19 208 164
8.769962 1.700578 1.194359 18 18 18 212 164
3.936270 0.734879 0.536071 148 148 148 216 164
3.932224 0.705751 0.535520 149 149 149 220 164
3.942975 0.679232 0.536984 148 148 148 224 164
3.940362 0.650351 0.536628 148 148 148 228 164
3.954942 0.624221 0.538614 148 148 148 232 164
3.952300 0.595288 0.538254 148 148 148 236 164
3.949910 0.566428 0.537928 148 148 148 240 164
3.947945 0.537661 0.537661 148 148 148 244 164
3.955651 0.510169 0.538710 148 148 148 248 164
3.955194 0.481573 0.538648 148 148 148 252 164
6.070105 0.695281 0.826672 91 91 91 256 164
6.118244 0.656650 0.833228 90 90 90 260 164
6.110070 0.611688 0.832115 90 90 90 264 164
9.145570 0.849588 1.245512 8 8 8 268 164
9.147240 0.783744 1.245740 8 8 8 272 164
9.148911 0.717876 1.245968 8 8 8 276 164
9.150583 0.651983 1.246195 8 8 8 280 164
9.152254 0.586067 1.246423 8 8 8 284 164
9.153928 0.520126 1.246651 8 8 8 288 164
9.155602 0.454161 1.246879 8 8 8 292 164
9.157275 0.388173 1.247107 8 8 8 296 164
9.158950 0.322160 1.247335 8 8 8 300 164
9.160625 0.256123 1.247563 8 8 8 304 164
9.162301 0.190061 1.247791 8 8 8 308 164
9.163977 0.123976 1.248019 8 8 8 312 164
9.165655 0.057866 1.248248 8 8 8 316 164
9.167332 -0.008268 1.248476 8 8 8 320 164
9.169010 -0.074426 1.248705 8 8 8 324 164
9.170690 -0.140608 1.248933 8 8 8 328 164
9.172370 -0.206815 1.249162 7 7 7 332 164
9.174049 -0.273045 1.249391 7 7 7 336 164
9.175730 -0.339300 1.249620 7 7 7 340 164
9.177412 -0.405580 1.249849 7 7 7 344 164
9.179093 -0.471883 1.250078 7 7 7 348 164
9.180776 -0.538211 1.250307 7 7 7 352 164
9.182460 -0.604563 1.250536 7 7 7 356 164
9.184143 -0.670940 1.250765 7 7 7 360 164
9.185827 -0.737341 1.250995 7 7 7 364 164
9.187512 -0.803766 1.251224 7 7 7 368 164
9.189198 -0.870216 1.251454 7 7 7 372 164
9.190885 -0.936690 1.251684 7 7 7 376 164
9.192571 -1.003188 1.251913 7 7 7 380 164
9.194259 -1.069711 1.252143 7 7 7 384 164
9.195947 -1.136259 1.252373 7 7 7 388 164
9.197636 -1.202830 1.252603 7 7 7 392 164
9.199325 -1.269426 1.252833 7 7 7 396 164
9.201015 -1.336047 1.253063 7 7 7 400 164
9.202704 -1.402692 1.253293 7 7 7 404 164
3.942393 -0.629352 0.536905 148 148 148 408 164
3.917656 -0.653669 0.533536 149 149 149 412 164
3.924170 -0.683070 0.534423 149 149 149 416 164
3.929357 -0.712324 0.535129 149 149 149 420 164
3.934557 -0.741655 0.535837 149 149 149 424 164
3.939989 -0.771107 0.536577 148 148 148 428 164
9.214557 -1.869894 1.254906 6 6 6 432 164
9.216253 -1.936736 1.255137 6 6 6 436 164
9.217950 -2.003602 1.255368 6 6 6 440 164
9.219646 -2.070493 1.255599 6 6 6 444 164
9.221344 -2.137408 1.255830 6 6 6 448 164
9.223042 -2.204348 1.256062 6 6 6 452 164
9.224741 -2.271313 1.256293 6 6 6 456 164
9.226440 -2.338302 1.256524 6 6 6 460 164
9.228140 -2.405316 1.256756 6 6 6 464 164
9.229840 -2.472354 1.256987 6 6 6 468 164
9.231541 -2.539418 1.257219 6 6 6 472 164
9.233244 -2.606506 1.257451 6 6 6 476 164
9.234947 -2.673619 1.257683 6 6 6 480 164
9.236649 -2.740757 1.257915 6 6 6 484 164
9.238353 -2.807919 1.258147 6 6 6 488 164
9.118547 -2.837298 1.241831 9 9 9 492 164
8.932671 -2.843912 1.216517 14 14 14 496 164
8.754223 -2.850263 1.192214 19 19 19 500 164
8.582752 -2.856361 1.168862 23 23 23 504 164
8.378626 -2.848881 1.141063 29 29 29 508 164
8.376049 -2.908440 1.140712 29 29 29 512 164
8.377599 -2.969424 1.140923 29 29 29 516 164
8.379150 -3.030432 1.141134 29 29 29 520 164
8.380700 -3.091461 1.141345 29 29 29 524 164
8.382252 -3.152513 1.141557 29 29 29 528 164
9.170589 -3.515170 1.248918 8 8 8 532 164
9.172287 -3.582001 1.249149 7 7 7 536 164
9.173985 -3.648856 1.249381 7 7 7 540 164
9.175683 -3.715737 1.249612 7 7 7 544 164
9.177382 -3.782641 1.249843 7 7 7 548 164
9.179081 -3.849571 1.250075 7 7 7 552 164
9.180780 -3.916525 1.250306 7 7 7 556 164
9.182481 -3.983505 1.250538 7 7 7 560 164
9.184184 -4.050509 1.250770 7 7 7 564 164
9.185886 -4.117538 1.251001 7 7 7 568 164
7.937147 -3.615064 1.080939 41 41 41 572 164
7.875791 -3.643944 1.072583 42 42 42 576 164
7.843201 -3.685456 1.068145 43 43 43 580 164
7.756120 -3.700500 1.056286 46 46 46 584 164
7.722491 -3.740174 1.051705 47 47 47 588 164
7.734821 -3.801955 1.053385 46 46 46 592 164
8.528337 -4.253531 1.161452 25 25 25 596 164
8.394201 -4.247197 1.143184 28 28 28 600 164
8.590408 -4.408453 1.169905 23 23 23 604 164
8.478912 -4.412413 1.154721 26 26 26 608 164
8.370274 -4.416271 1.139925 29 29 29 612 164
8.264383 -4.420031 1.125504 32 32 32 616 164
8.161139 -4.423698 1.111444 35 35 35 620 164
8.060443 -4.427274 1.097730 37 37 37 624 164
7.962200 -4.430762 1.084351 40 40 40 628 164
7.866325 -4.434167 1.071294 43 43 43 632 164
7.772738 -4.437496 1.058549 45 45 45 636 164
7.881910 4.542477 1.016548 42 42 42 0 168
7.883799 4.486681 1.016792 42 42 42 4 168
7.865363 4.419439 1.014414 43 43 43 8 168
8.221804 4.560396 1.060385 33 33 33 12 168
8.594658 4.705195 1.108473 23 23 23 16 168
8.717577 4.709589 1.124326 20 20 20 20 168
8.844062 4.714109 1.140639 16 16 16 24 168
8.974271 4.718762 1.157432 13 13 13 28 168
8.901315 4.616176 1.148023 15 15 15 32 168
9.075198 4.640871 1.170449 10 10 10 36 168
9.076843 4.576221 1.170661 10 10 10 40 168
9.078488 4.511547 1.170874 10 10 10 44 168
9.080134 4.446850 1.171086 10 10 10 48 168
9.081781 4.382129 1.171298 10 10 10 52 168
9.083428 4.317385 1.171511 10 10 10 56 168
9.085075 4.252617 1.171723 10 10 10 60 168
9.086724 4.187826 1.171936 10 10 10 64 168
9.088373 4.123011 1.172148 10 10 10 68 168
7.811894 3.487561 1.007518 44 44 44 72 168
7.811568 3.431054 1.007476 44 44 44 76 168
7.811125 3.374501 1.007419 44 44 44 80 168
7.810683 3.317953 1.007362 44 44 44 84 168
7.814070 3.263012 1.007799 44 44 44 88 168
7.820586 3.209305 1.008639 44 44 44 92 168
7.827240 3.155560 1.009497 44 44 44 96 168
7.833904 3.101724 1.010357 44 44 44 100 168
7.912814 3.075874 1.020534 41 41 41 104 168
7.952366 3.033871 1.025635 40 40 40 108 168
9.106549 3.408492 1.174492 9 9 9 112 168
9.108206 3.343394 1.174706 9 9 9 116 168
9.109862 3.278273 1.174920 9 9 9 120 168
9.111520 3.213128 1.175134 9 9 9 124 168
9.113177 3.147958 1.175347 9 9 9 128 168
9.114837 3.082766 1.175561 9 9 9 132 168
9.116495 3.017549 1.175775 9 9 9 136 168
9.118155 2.952309 1.175989 9 9 9 140 168
9.119816 2.887045 1.176203 9 9 9 144 168
9.121477 2.821757 1.176418 9 9 9 148 168
9.123137 2.756445 1.176632 9 9 9 152 168
8.284914 2.443409 1.068524 31 31 31 156 168
9.126463 2.625751 1.177061 9 9 9 160 168
9.128126 2.560368 1.177275 9 9 9 164 168
9.129790 2.494961 1.177490 9 9 9 168 168
9.131454 2.429531 1.177705 9 9 9 172 168
9.133120 2.364076 1.177919 9 9 9 176 168
9.134785 2.298597 1.178134 9 9 9 180 168
9.136452 2.233095 1.178349 8 8 8 184 168
9.138120 2.167569 1.178564 8 8 8 188 168
9.139786 2.102019 1.178779 8 8 8 192 168
9.141455 2.036445 1.178994 8 8 8 196 168
3.958205 0.853211 0.510499 148 148 148 200 168
3.957373 0.824478 0.510391 148 148 148 204 168
3.959878 0.796429 0.510715 148 148 148 208 168
3.961169 0.768108 0.510881 148 148 148 212 168
3.947943 0.737058 0.509175 148 148 148 216 168
3.943150 0.707712 0.508557 148 148 148 220 168
3.964780 0.682988 0.511347 148 148 148 224 168
6.040733 0.997014 0.779087 92 92 92 228 168
6.021840 0.950447 0.776650 92 92 92 232 168
6.006631 0.904707 0.774689 93 93 93 236 168
6.001599 0.860646 0.774040 93 93 93 240 168
6.006529 0.818014 0.774676 93 93 93 244 168
6.020605 0.776491 0.776491 92 92 92 248 168
6.037434 0.735100 0.778662 92 92 92 252 168
6.068985 0.695153 0.782731 91 91 91 256 168
9.168229 0.983995 1.182447 8 8 8 260 168
6.126239 0.613306 0.790115 90 90 90 264 168
9.171587 0.852005 1.182881 8 8 8 268 168
9.173266 0.785974 1.183097 7 7 7 272 168
9.174947 0.719919 1.183314 7 7 7 276 168
9.176629 0.653839 1.183531 7 7 7 280 168
9.178310 0.587735 1.183748 7 7 7 284 168
9.179992 0.521607 1.183964 7 7 7 288 168
9.181676 0.455455 1.184182 7 7 7 292 168
9.183358 0.389278 1.184399 7 7 7 296 168
9.185042 0.323077 1.184616 7 7 7 300 168
9.186728 0.256852 1.184833 7 7 7 304 168
9.188414 0.190603 1.185051 7 7 7 308 168
9.190100 0.124329 1.185268 7 7 7 312 168
9.191786 0.058031 1.185485 7 7 7 316 168
9.193474 -0.008291 1.185703 7 7 7 320 168
9.195161 -0.074638 1.185921 7 7 7 324 168
9.196849 -0.141009 1.186138 7 7 7 328 168
9.198538 -0.207405 1.186356 7 7 7 332 168
9.200228 -0.273824 1.186574 7 7 7 336 168
9.201918 -0.340269 1.186792 7 7 7 340 168
9.203609 -0.406737 1.187010 7 7 7 344 168
9.205301 -0.473231 1.187229 7 7 7 348 168
9.206993 -0.539748 1.187447 7 7 7 352 168
9.208686 -0.606290 1.187665 7 7 7 356 168
9.210380 -0.672857 1.187884 6 6 6 360 168
9.212073 -0.739448 1.188102 6 6 6 364 168
9.213768 -0.806063 1.188321 6 6 6 368 168
9.215464 -0.872703 1.188539 6 6 6 372 168
9.217159 -0.939368 1.188758 6 6 6 376 168
9.218856 -1.006057 1.188977 6 6 6 380 168
9.220553 -1.072770 1.189196 6 6 6 384 168
9.222251 -1.139509 1.189415 6 6 6 388 168
9.223949 -1.206272 1.189634 6 6 6 392 168
9.225648 -1.273059 1.189853 6 6 6 396 168
9.227348 -1.339871 1.190072 6 6 6 400 168
9.229049 -1.406708 1.190291 6 6 6 404 168
3.965291 -0.633007 0.511413 148 148 148 408 168
3.937360 -0.656957 0.507810 148 148 148 412 168
3.953440 -0.688165 0.509884 148 148 148 416 168
3.959406 -0.717771 0.510653 148 148 148 420 168
3.964246 -0.747252 0.511277 148 148 148 424 168
3.971747 -0.777323 0.512245 148 148 148 428 168
9.240969 -1.875254 1.191827 6 6 6 432 168
9.242674 -1.942288 1.192047 6 6 6 436 168
9.244381 -2.009347 1.192267 6 6 6 440 168
9.246086 -2.076430 1.192487 6 6 6 444 168
9.247793 -2.143538 1.192708 5 5 5 448 168
9.249502 -2.210672 1.192928 5 5 5 452 168
9.251211 -2.277830 1.193148 5 5 5 456 168
9.014831 -2.284673 1.162662 12 12 12 460 168
9.191585 -2.395788 1.185458 7 7 7 464 168
9.193418 -2.462598 1.185695 7 7 7 468 168
9.195249 -2.529434 1.185931 7 7 7 472 168
9.195927 -2.595972 1.186018 7 7 7 476 168
9.080921 -2.629027 1.171186 10 10 10 480 168
9.263186 -2.748631 1.194693 5 5 5 484 168
9.264900 -2.815988 1.194914 5 5 5 488 168
9.112664 -2.835467 1.175280 9 9 9 492 168
8.927025 -2.842115 1.151337 14 14 14 496 168
8.748799 -2.848497 1.128351 19 19 19 500 168
8.577516 -2.854618 1.106260 24 24 24 504 168
8.382577 -2.850224 1.081119 29 29 29 508 168
9.188477 -3.190542 1.185057 7 7 7 512 168
9.190179 -3.257442 1.185277 7 7 7 516 168
9.191883 -3.324367 1.185497 7 7 7 520 168
9.193586 -3.391318 1.185716 7 7 7 524 168
9.195291 -3.458292 1.185936 7 7 7 528 168
9.196997 -3.525292 1.186156 7 7 7 532 168
9.198703 -3.592317 1.186376 7 7 7 536 168
9.200411 -3.659367 1.186597 7 7 7 540 168
9.202117 -3.726441 1.186817 7 7 7 544 168
8.293143 -3.418185 1.069584 31 31 31 548 168
8.269708 -3.468193 1.066562 32 32 32 552 168
8.271239 -3.528514 1.066759 32 32 32 556 168
8.272771 -3.588858 1.066957 32 32 32 560 168
8.274303 -3.649224 1.067155 32 32 32 564 168
8.048286 -3.607613 1.038005 38 38 38 568 168
7.954800 -3.623104 1.025947 40 40 40 572 168
7.906221 -3.658024 1.019682 42 42 42 576 168
7.873996 -3.699926 1.015526 42 42 42 580 168
7.769053 -3.706670 1.001991 45 45 45 584 168
7.744689 -3.750925 0.998849 46 46 46 588 168
7.800086 -3.834035 1.005994 44 44 44 592 168
8.524754 -4.251744 1.099455 25 25 25 596 168
8.418454 -4.259468 1.085746 28 28 28 600 168
8.586899 -4.406652 1.107471 23 23 23 604 168
8.475494 -4.410634 1.093102 26 26 26 608 168
8.366941 -4.414513 1.079102 29 29 29 612 168
8.261135 -4.418294 1.065456 32 32 32 616 168
8.157972 -4.421981 1.052151 35 35 35 620 168
8.057353 -4.425577 1.039174 38 38 38 624 168
7.959185 -4.429084 1.026513 40 40 40 628 168
7.863382 -4.432508 1.014157 43 43 43 632 168
7.769857 -4.435851 1.002095 45 45 45 636 168
7.904360 4.555415 0.962412 42 42 42 0 172
7.717069 4.391795 0.939608 47 47 47 4 172
7.831317 4.400309 0.953518 44 44 44 8 172
8.244988 4.573256 1.003886 32 32 32 12 172
8.598430 4.707260 1.046920 23 23 23 16 172
8.721457 4.711685 1.061899 20 20 20 20 172
8.848056 4.716238 1.077313 16 16 16 24 172
8.978384 4.720925 1.093182 13 13 13 28 172
9.099162 4.718778 1.107887 9 9 9 32 172
9.100815 4.653971 1.108088 9 9 9 36 172
9.102469 4.589141 1.108290 9 9 9 40 172
9.104124 4.524287 1.108491 9 9 9 44 172
9.105779 4.459409 1.108693 9 9 9 48 172
9.107435 4.394507 1.108894 9 9 9 52 172
9.109093 4.329583 1.109096 9 9 9 56 172
9.110747 4.264634 1.109298 9 9 9 60 172
9.112405 4.199662 1.109500 9 9 9 64 172
9.114065 4.134666 1.109702 9 9 9 68 172
9.115723 4.069646 1.109904 9 9 9 72 172
7.868530 3.456073 0.958049 43 43 43 76 172
7.814418 3.375923 0.951461 44 44 44 80 172
7.813975 3.319352 0.951407 44 44 44 84 172
7.817431 3.264416 0.951828 44 44 44 88 172
7.824080 3.210739 0.952637 44 44 44 92 172
7.830739 3.156971 0.953448 44 44 44 96 172
7.837410 3.103112 0.954260 43 43 43 100 172
7.931321 3.083068 0.965694 41 41 41 104 172
9.130679 3.483404 1.111725 9 9 9 108 172
9.132344 3.418147 1.111927 9 9 9 112 172
9.134009 3.352866 1.112130 9 9 9 116 172
9.135676 3.287562 1.112333 8 8 8 120 172
9.137342 3.222234 1.112536 8 8 8 124 172
9.139009 3.156881 1.112739 8 8 8 128 172
9.140677 3.091506 1.112942 8 8 8 132 172
9.142347 3.026106 1.113145 8 8 8 136 172
9.144015 2.960682 1.113348 8 8 8 140 172
9.145685 2.895235 1.113552 8 8 8 144 172
9.147356 2.829763 1.113755 8 8 8 148 172
9.149027 2.764267 1.113958 8 8 8 152 172
8.299215 2.447627 1.010488 31 31 31 156 172
9.152370 2.633205 1.114366 8 8 8 160 172
9.154044 2.567638 1.114569 8 8 8 164 172
9.155716 2.502046 1.114773 8 8 8 168 172
9.157391 2.436431 1.114977 8 8 8 172 172
9.159066 2.370792 1.115181 8 8 8 176 172
9.160741 2.305129 1.115385 8 8 8 180 172
9.162416 2.239441 1.115589 8 8 8 184 172
9.164094 2.173730 1.115793 8 8 8 188 172
9.165770 2.107995 1.115997 8 8 8 192 172
9.167447 2.042235 1.116201 8 8 8 196 172
3.955475 0.852623 0.481607 148 148 148 200 172
3.955235 0.824033 0.481578 148 148 148 204 172
3.954921 0.795432 0.481540 148 148 148 208 172
3.954854 0.766883 0.481531 148 148 148 212 172
3.954620 0.738304 0.481503 148 148 148 216 172
3.954243 0.709703 0.481457 148 148 148 220 172
3.975143 0.684773 0.484002 147 147 147 224 172
6.055940 0.999524 0.737353 91 91 91 228 172
6.039628 0.953254 0.735367 92 92 92 232 172
6.030775 0.908343 0.734289 92 92 92 236 172
6.023781 0.863827 0.733438 92 92 92 240 172
6.028086 0.820950 0.733962 92 92 92 244 172
6.041397 0.779173 0.735583 92 92 92 248 172
6.053849 0.737099 0.737099 91 91 91 252 172
6.081814 0.696622 0.740504 91 91 91 256 172
9.194375 0.986801 1.119480 7 7 7 260 172
6.141254 0.614809 0.747741 89 89 89 264 172
9.197752 0.854436 1.119891 7 7 7 268 172
9.199441 0.788217 1.120097 7 7 7 272 172
9.201131 0.721973 1.120303 7 7 7 276 172
9.202822 0.655705 1.120508 7 7 7 280 172
9.204514 0.589413 1.120714 7 7 7 284 172
9.206205 0.523097 1.120920 7 7 7 288 172
9.207897 0.456756 1.121126 7 7 7 292 172
9.209591 0.390390 1.121333 6 6 6 296 172
9.211285 0.324000 1.121539 6 6 6 300 172
9.212979 0.257586 1.121745 6 6 6 304 172
9.214674 0.191148 1.121951 6 6 6 308 172
9.216370 0.124685 1.122158 6 6 6 312 172
9.218065 0.058197 1.122364 6 6 6 316 172
9.219763 -0.008315 1.122571 6 6 6 320 172
9.221461 -0.074851 1.122778 6 6 6 324 172
9.223159 -0.141412 1.122985 6 6 6 328 172
9.224857 -0.207998 1.123191 6 6 6 332 172
9.226557 -0.274608 1.123398 6 6 6 336 172
9.228257 -0.341243 1.123605 6 6 6 340 172
9.229958 -0.407902 1.123812 6 6 6 344 172
9.231659 -0.474586 1.124020 6 6 6 348 172
9.233360 -0.541294 1.124227 6 6 6 352 172
9.235064 -0.608027 1.124434 6 6 6 356 172
9.236767 -0.674784 1.124641 6 6 6 360 172
9.238471 -0.741567 1.124849 6 6 6 364 172
9.240174 -0.808373 1.125056 6 6 6 368 172
9.241880 -0.875205 1.125264 6 6 6 372 172
9.243586 -0.942061 1.125472 6 6 6 376 172
9.245292 -1.008942 1.125679 6 6 6 380 172
9.246998 -1.075847 1.125887 5 5 5 384 172
9.248706 -1.142778 1.126095 5 5 5 388 172
9.250415 -1.209733 1.126303 5 5 5 392 172
9.252123 -1.276712 1.126511 5 5 5 396 172
9.253833 -1.343717 1.126719 5 5 5 400 172
9.255544 -1.410746 1.126928 5 5 5 404 172
3.994551 -0.637678 0.486365 147 147 147 408 172
3.951194 -0.659265 0.481085 148 148 148 412 172
4.048263 -0.704670 0.492904 145 145 145 416 172
4.038951 -0.732192 0.491770 146 146 146 420 172
4.053071 -0.763995 0.493489 145 145 145 424 172
9.265817 -1.813441 1.128177 5 5 5 428 172
9.267531 -1.880644 1.128386 5 5 5 432 172
9.269246 -1.947872 1.128595 5 5 5 436 172
9.270962 -2.015125 1.128803 5 5 5 440 172
9.272678 -2.082402 1.129012 5 5 5 444 172
9.274396 -2.149705 1.129222 5 5 5 448 172
9.276113 -2.217032 1.129431 5 5 5 452 172
9.277832 -2.284385 1.129640 5 5 5 456 172
9.045091 -2.292341 1.101302 11 11 11 460 172
8.978564 -2.340264 1.093202 13 13 13 464 172
8.980109 -2.405460 1.093390 13 13 13 468 172
8.981655 -2.470679 1.093578 13 13 13 472 172
8.983201 -2.535920 1.093767 13 13 13 476 172
8.984747 -2.601184 1.093955 13 13 13 480 172
9.289878 -2.756551 1.131107 4 4 4 484 172
9.291602 -2.824104 1.131317 4 4 4 488 172
9.106789 -2.833639 1.108814 9 9 9 492 172
8.921389 -2.840320 1.086241 14 14 14 496 172
8.743358 -2.846725 1.064564 19 19 19 500 172
8.572283 -2.852877 1.043735 24 24 24 504 172
8.406757 -2.858446 1.023581 28 28 28 508 172
9.214986 -3.199746 1.121988 6 6 6 512 172
9.216699 -3.266842 1.122197 6 6 6 516 172
9.218412 -3.333962 1.122405 6 6 6 520 172
9.220125 -3.401107 1.122614 6 6 6 524 172
9.221842 -3.468278 1.122823 6 6 6 528 172
9.223556 -3.535472 1.123031 6 6 6 532 172
9.225271 -3.602693 1.123240 6 6 6 536 172
9.226989 -3.669938 1.123449 6 6 6 540 172
9.228705 -3.737208 1.123658 6 6 6 544 172
8.135767 -3.353319 0.990586 35 35 35 548 172
8.122679 -3.406532 0.988992 36 36 36 552 172
8.110775 -3.460060 0.987543 36 36 36 556 172
8.101523 -3.514568 0.986416 36 36 36 560 172
9.237304 -4.073937 1.124705 6 6 6 564 172
8.019517 -3.594718 0.976431 39 39 39 568 172
7.950567 -3.621176 0.968036 40 40 40 572 172
7.921359 -3.665027 0.964480 41 41 41 576 172
7.835273 -3.681731 0.953999 43 43 43 580 172
7.776405 -3.710178 0.946831 45 45 45 584 172
7.767289 -3.761871 0.945721 45 45 45 588 172
8.637721 -4.245764 1.051702 22 22 22 592 172
8.493649 -4.236231 1.034160 26 26 26 596 172
8.442847 -4.271811 1.027975 27 27 27 600 172
8.583392 -4.404853 1.045087 23 23 23 604 172
8.472077 -4.408856 1.031534 26 26 26 608 172
8.363612 -4.412756 1.018327 29 29 29 612 172
8.257891 -4.416559 1.005455 32 32 32 616 172
8.154807 -4.420266 0.992904 35 35 35 620 172
8.054265 -4.423881 0.980662 38 38 38 624 172
7.956173 -4.427408 0.968719 40 40 40 628 172
7.860441 -4.430851 0.957063 43 43 43 632 172
7.766985 -4.434211 0.945684 45 45 45 636 172
7.622663 4.393068 0.873114 49 49 49 0 176
7.733102 4.400919 0.885764 46 46 46 4 176
7.843631 4.407228 0.898424 43 43 43 8 176
8.268305 4.586189 0.947067 32 32 32 12 176
8.602206 4.709328 0.985313 23 23 23 16 176
8.725343 4.713784 0.999417 20 20 20 20 176
8.852055 4.718369 1.013931 16 16 16 24 176
8.982500 4.723089 1.028872 13 13 13 28 176
9.037326 4.686710 1.035152 11 11 11 32 176
8.977992 4.591162 1.028356 13 13 13 36 176
9.056456 4.565942 1.037343 11 11 11 40 176
9.066050 4.505365 1.038442 10 10 10 44 176
9.075665 4.444661 1.039543 10 10 10 48 176
9.085300 4.383827 1.040647 10 10 10 52 176
9.094956 4.322864 1.041753 10 10 10 56 176
9.104631 4.261771 1.042861 9 9 9 60 176
9.114329 4.200548 1.043972 9 9 9 64 176
9.124046 4.139194 1.045085 9 9 9 68 176
9.133786 4.077711 1.046201 9 9 9 72 176
9.143239 4.015960 1.047283 8 8 8 76 176
9.144908 3.950711 1.047475 8 8 8 80 176
9.146579 3.885437 1.047666 8 8 8 84 176
9.148249 3.820140 1.047857 8 8 8 88 176
8.061633 3.308223 0.923394 37 37 37 92 176
9.151592 3.689475 1.048240 8 8 8 96 176
9.153265 3.624106 1.048432 8 8 8 100 176
9.154937 3.558713 1.048623 8 8 8 104 176
9.156611 3.493297 1.048815 8 8 8 108 176
9.158286 3.427857 1.049007 8 8 8 112 176
9.159961 3.362392 1.049199 8 8 8 116 176
9.161636 3.296904 1.049391 8 8 8 120 176
9.163312 3.231392 1.049582 8 8 8 124 176
9.164989 3.165856 1.049775 8 8 8 128 176
9.166666 3.100295 1.049967 8 8 8 132 176
9.168344 3.034711 1.050159 8 8 8 136 176
9.170023 2.969103 1.050351 8 8 8 140 176
9.171701 2.903471 1.050543 8 8 8 144 176
9.173383 2.837815 1.050736 7 7 7 148 176
9.175063 2.772134 1.050928 7 7 7 152 176
8.322837 2.454593 0.953313 30 30 30 156 176
9.178426 2.640701 1.051314 7 7 7 160 176
9.180108 2.574949 1.051506 7 7 7 164 176
9.181791 2.509172 1.051699 7 7 7 168 176
9.183475 2.443371 1.051892 7 7 7 172 176
9.185159 2.377546 1.052085 7 7 7 176 176
9.186845 2.311697 1.052278 7 7 7 180 176
9.188529 2.245824 1.052471 7 7 7 184 176
9.190215 2.179926 1.052664 7 7 7 188 176
9.191902 2.114005 1.052857 7 7 7 192 176
9.193589 2.048059 1.053051 7 7 7 196 176
3.984227 0.858821 0.456361 147 147 147 200 176
3.968968 0.826894 0.454613 148 148 148 204 176
3.969056 0.798275 0.454623 148 148 148 208 176
3.975485 0.770884 0.455359 147 147 147 212 176
3.970850 0.741335 0.454828 148 148 148 216 176
3.965443 0.711714 0.454209 148 148 148 220 176
3.984466 0.686379 0.456388 147 147 147 224 176
6.074769 1.002631 0.695815 91 91 91 228 176
6.060268 0.956512 0.694154 91 91 91 232 176
6.053457 0.911760 0.693374 91 91 91 236 176
6.047166 0.867181 0.692653 92 92 92 240 176
6.048696 0.823757 0.692829 92 92 92 244 176
6.063406 0.782012 0.694514 91 91 91 248 176
6.076682 0.739879 0.696034 91 91 91 252 176
6.101106 0.698832 0.698832 90 90 90 256 176
9.220671 0.989623 1.056152 6 6 6 260 176
6.154679 0.616153 0.704968 89 89 89 264 176
9.224067 0.856880 1.056541 6 6 6 268 176
9.225766 0.790472 1.056736 6 6 6 272 176
9.227465 0.724039 1.056931 6 6 6 276 176
9.229165 0.657582 1.057125 6 6 6 280 176
9.230867 0.591101 1.057320 6 6 6 284 176
9.232569 0.524594 1.057515 6 6 6 288 176
9.234270 0.458064 1.057710 6 6 6 292 176
9.235974 0.391509 1.057905 6 6 6 296 176
9.237678 0.324929 1.058100 6 6 6 300 176
9.239381 0.258324 1.058295 6 6 6 304 176
9.241085 0.191696 1.058491 6 6 6 308 176
9.242792 0.125042 1.058686 6 6 6 312 176
9.244497 0.058364 1.058882 6 6 6 316 176
9.246203 -0.008339 1.059077 6 6 6 320 176
9.247911 -0.075066 1.059273 5 5 5 324 176
9.249619 -0.141818 1.059468 5 5 5 328 176
9.251327 -0.208595 1.059664 5 5 5 332 176
9.253036 -0.275396 1.059860 5 5 5 336 176
9.254747 -0.342222 1.060055 5 5 5 340 176
9.256457 -0.409073 1.060251 5 5 5 344 176
9.258168 -0.475948 1.060447 5 5 5 348 176
9.259880 -0.542849 1.060643 5 5 5 352 176
9.261592 -0.609774 1.060840 5 5 5 356 176
9.263305 -0.676723 1.061036 5 5 5 360 176
9.265018 -0.743698 1.061232 5 5 5 364 176
9.266733 -0.810697 1.061428 5 5 5 368 176
9.268448 -0.877721 1.061625 5 5 5 372 176
9.270163 -0.944770 1.061821 5 5 5 376 176
9.271880 -1.011843 1.062018 5 5 5 380 176
9.273597 -1.078942 1.062214 5 5 5 384 176
9.275313 -1.146065 1.062411 5 5 5 388 176
9.277032 -1.213213 1.062608 5 5 5 392 176
9.278750 -1.280387 1.062805 5 5 5 396 176
9.280469 -1.347584 1.063002 5 5 5 400 176
9.282190 -1.414808 1.063199 5 5 5 404 176
9.283911 -1.482055 1.063395 4 4 4 408 176
3.957762 -0.660361 0.453329 148 148 148 412 176
4.014961 -0.698874 0.459880 146 146 146 416 176
4.058626 -0.735758 0.464882 145 145 145 420 176
4.117731 -0.776183 0.471652 144 144 144 424 176
9.292522 -1.818668 1.064381 4 4 4 428 176
9.294248 -1.886066 1.064579 4 4 4 432 176
9.295973 -1.953488 1.064776 4 4 4 436 176
9.297697 -2.020936 1.064974 4 4 4 440 176
9.299424 -2.088409 1.065171 4 4 4 444 176
9.301151 -2.155906 1.065369 4 4 4 448 176
9.302877 -2.223429 1.065567 4 4 4 452 176
9.304607 -2.290977 1.065765 4 4 4 456 176
9.056026 -2.295113 1.037292 11 11 11 460 176
9.007776 -2.347878 1.031766 12 12 12 464 176
9.009332 -2.413288 1.031944 12 12 12 468 176
9.010887 -2.478720 1.032122 12 12 12 472 176
9.012443 -2.544175 1.032300 12 12 12 476 176
9.016231 -2.610298 1.032734 12 12 12 480 176
9.316723 -2.764517 1.067153 4 4 4 484 176
9.250657 -2.811659 1.059586 5 5 5 488 176
9.100922 -2.831813 1.042435 9 9 9 492 176
8.915740 -2.838522 1.021224 14 14 14 496 176
8.737923 -2.844956 1.000856 19 19 19 500 176
8.567058 -2.851138 0.981285 24 24 24 504 176
8.431079 -2.866716 0.965710 27 27 27 508 176
9.241650 -3.209005 1.058554 6 6 6 512 176
9.243372 -3.276296 1.058751 6 6 6 516 176
9.245095 -3.343612 1.058949 6 6 6 520 176
9.246820 -3.410954 1.059146 5 5 5 524 176
9.248544 -3.478320 1.059344 5 5 5 528 176
9.250270 -3.545712 1.059541 5 5 5 532 176
8.146511 -3.181410 0.933115 35 35 35 536 176
8.110263 -3.225772 0.928963 36 36 36 540 176
8.100974 -3.280528 0.927899 36 36 36 544 176
8.096274 -3.337041 0.927361 36 36 36 548 176
8.093675 -3.394368 0.927063 37 37 37 552 176
8.088897 -3.450727 0.926516 37 37 37 556 176
7.922902 -3.437079 0.907502 41 41 41 560 176
7.921782 -3.493751 0.907374 41 41 41 564 176
7.925315 -3.552492 0.907779 41 41 41 568 176
7.957311 -3.624248 0.911444 40 40 40 572 176
7.923031 -3.665801 0.907517 41 41 41 576 176
7.848724 -3.688051 0.899006 43 43 43 580 176
7.790196 -3.716758 0.892302 45 45 45 584 176
7.810308 -3.782706 0.894606 44 44 44 588 176
8.634045 -4.243957 0.988958 22 22 22 592 176
8.490108 -4.234465 0.972471 26 26 26 596 176
8.694075 -4.398923 0.995834 20 20 20 600 176
8.579888 -4.403055 0.982755 23 23 23 604 176
8.468663 -4.407079 0.970015 26 26 26 608 176
8.360286 -4.411001 0.957601 29 29 29 612 176
8.254646 -4.414824 0.945501 32 32 32 616 176
8.151644 -4.418551 0.933703 35 35 35 620 176
8.051180 -4.422186 0.922196 38 38 38 624 176
7.953163 -4.425733 0.910968 40 40 40 628 176
7.857502 -4.429194 0.900011 43 43 43 632 176
7.764117 -4.432574 0.889315 45 45 45 636 176
7.639848 4.402972 0.819959 49 49 49 0 180
7.742243 4.406122 0.830949 46 46 46 4 180
7.853050 4.412520 0.842841 43 43 43 8 180
8.291751 4.599194 0.889925 31 31 31 12 180
8.605984 4.711396 0.923651 23 23 23 16 180
8.729229 4.715884 0.936879 19 19 19 20 180
8.822993 4.702879 0.946942 17 17 17 24 180
8.832101 4.644008 0.947919 17 17 17 28 180
8.841226 4.585014 0.948899 16 16 16 32 180
8.850370 4.525899 0.949880 16 16 16 36 180
8.859534 4.466661 0.950864 16 16 16 40 180
8.868714 4.407300 0.951849 16 16 16 44 180
8.877915 4.347816 0.952837 15 15 15 48 180
8.887136 4.288209 0.953826 15 15 15 52 180
8.896375 4.228477 0.954818 15 15 15 56 180
8.905633 4.168622 0.955811 15 15 15 60 180
8.914910 4.108641 0.956807 14 14 14 64 180
8.924208 4.048536 0.957805 14 14 14 68 180
8.933523 3.988305 0.958805 14 14 14 72 180
8.942860 3.927948 0.959807 14 14 14 76 180
8.952215 3.867465 0.960811 13 13 13 80 180
8.961590 3.806855 0.961817 13 13 13 84 180
8.970984 3.746118 0.962825 13 13 13 88 180
8.086495 3.318426 0.867896 37 37 37 92 180
8.989832 3.624261 0.964848 12 12 12 96 180
8.999287 3.563140 0.965863 12 12 12 100 180
9.008759 3.501891 0.966879 12 12 12 104 180
9.018254 3.440513 0.967899 12 12 12 108 180
9.027768 3.379005 0.968920 11 11 11 112 180
9.037302 3.317367 0.969943 11 11 11 116 180
9.046856 3.255599 0.970968 11 11 11 120 180
9.056431 3.193701 0.971996 11 11 11 124 180
9.066025 3.131670 0.973026 10 10 10 128 180
9.075640 3.069509 0.974057 10 10 10 132 180
9.085275 3.007215 0.975092 10 10 10 136 180
9.094931 2.944789 0.976128 10 10 10 140 180
9.104607 2.882231 0.977166 9 9 9 144 180
9.114304 2.819538 0.978207 9 9 9 148 180
9.124022 2.756712 0.979250 9 9 9 152 180
8.346592 2.461599 0.895811 30 30 30 156 180
9.143519 2.630658 0.981343 8 8 8 160 180
9.153299 2.567429 0.982392 8 8 8 164 180
9.065603 2.477420 0.972980 10 10 10 168 180
9.172922 2.440563 0.984499 7 7 7 172 180
9.182767 2.376927 0.985555 7 7 7 176 180
9.192631 2.313153 0.986614 7 7 7 180 180
9.202516 2.249242 0.987675 7 7 7 184 180
9.212422 2.185194 0.988738 6 6 6 188 180
9.218183 2.120049 0.989356 6 6 6 192 180
9.219880 2.053916 0.989538 6 6 6 196 180
8.726039 1.880942 0.936536 20 20 20 200 180
3.980954 0.829391 0.427262 147 147 147 204 180
3.980133 0.800503 0.427174 147 147 147 208 180
4.009531 0.777486 0.430329 147 147 147 212 180
3.988316 0.744595 0.428052 147 147 147 216 180
3.977994 0.713966 0.426945 147 147 147 220 180
9.043020 1.557784 0.970557 11 11 11 224 180
6.101094 1.006976 0.654810 90 90 90 228 180
6.088853 0.961024 0.653496 91 91 91 232 180
6.093794 0.917835 0.654026 90 90 90 236 180
6.082574 0.872258 0.652822 91 91 91 240 180
6.089788 0.829353 0.653596 91 91 91 244 180
6.100560 0.786803 0.654752 90 90 90 248 180
6.107155 0.743589 0.655460 90 90 90 252 180
6.128966 0.702023 0.657801 89 89 89 256 180
6.153619 0.660447 0.660447 89 89 89 260 180
6.158484 0.616534 0.660969 89 89 89 264 180
9.250532 0.859339 0.992828 5 5 5 268 180
9.252241 0.792741 0.993011 5 5 5 272 180
9.253951 0.726118 0.993195 5 5 5 276 180
9.255660 0.659470 0.993378 5 5 5 280 180
9.257371 0.592798 0.993562 5 5 5 284 180
9.259083 0.526101 0.993746 5 5 5 288 180
9.260796 0.459380 0.993930 5 5 5 292 180
9.262507 0.392633 0.994113 5 5 5 296 180
9.264221 0.325862 0.994297 5 5 5 300 180
9.265935 0.259067 0.994481 5 5 5 304 180
9.267649 0.192247 0.994665 5 5 5 308 180
9.269365 0.125402 0.994849 5 5 5 312 180
9.271081 0.058532 0.995033 5 5 5 316 180
9.272797 -0.008363 0.995218 5 5 5 320 180
9.274513 -0.075282 0.995402 5 5 5 324 180
9.276232 -0.142226 0.995586 5 5 5 328 180
9.277950 -0.209195 0.995771 5 5 5 332 180
9.279669 -0.276189 0.995955 5 5 5 336 180
9.281389 -0.343207 0.996140 5 5 5 340 180
9.283110 -0.410251 0.996324 5 5 5 344 180
9.284829 -0.477319 0.996509 4 4 4 348 180
9.286551 -0.544412 0.996694 4 4 4 352 180
9.288275 -0.611530 0.996879 4 4 4 356 180
9.289997 -0.678673 0.997064 4 4 4 360 180
9.291720 -0.745841 0.997249 4 4 4 364 180
9.293445 -0.813034 0.997434 4 4 4 368 180
9.295169 -0.880251 0.997619 4 4 4 372 180
9.296894 -0.947494 0.997804 4 4 4 376 180
9.298620 -1.014762 0.997989 4 4 4 380 180
9.300347 -1.082054 0.998175 4 4 4 384 180
9.302074 -1.149372 0.998360 4 4 4 388 180
9.303802 -1.216715 0.998545 4 4 4 392 180
9.305532 -1.284082 0.998731 4 4 4 396 180
9.307261 -1.351474 0.998915 4 4 4 400 180
9.308990 -1.418892 0.999101 4 4 4 404 180
9.310720 -1.486335 0.999286 4 4 4 408 180
3.965712 -0.661687 0.425626 148 148 148 412 180
4.024108 -0.700466 0.431893 146 146 146 416 180
4.079007 -0.739453 0.437785 145 145 145 420 180
4.135221 -0.779480 0.443819 143 143 143 424 180
9.319383 -1.823925 1.000216 4 4 4 428 180
9.321117 -1.891518 1.000402 3 3 3 432 180
9.322853 -1.959137 1.000589 3 3 3 436 180
9.324588 -2.026781 1.000775 3 3 3 440 180
9.326324 -2.094450 1.000961 3 3 3 444 180
9.328061 -2.162144 1.001148 3 3 3 448 180
9.329799 -2.229863 1.001334 3 3 3 452 180
9.331537 -2.297608 1.001521 3 3 3 456 180
9.066985 -2.297890 0.973127 10 10 10 460 180
9.037178 -2.355542 0.969928 11 11 11 464 180
9.038744 -2.421166 0.970096 11 11 11 468 180
9.040309 -2.486814 0.970264 11 11 11 472 180
9.041876 -2.552484 0.970432 11 11 11 476 180
9.049083 -2.619809 0.971206 11 11 11 480 180
9.343723 -2.772528 1.002828 3 3 3 484 180
9.244600 -2.809818 0.992190 6 6 6 488 180
9.095057 -2.829988 0.976140 10 10 10 492 180
8.910089 -2.836722 0.956288 15 15 15 496 180
8.732494 -2.843189 0.937227 19 19 19 500 180
8.561839 -2.849401 0.918912 24 24 24 504 180
8.455540 -2.875033 0.907503 27 27 27 508 180
9.268468 -3.218317 0.994752 5 5 5 512 180
9.270200 -3.285805 0.994937 5 5 5 516 180
9.271935 -3.353319 0.995124 5 5 5 520 180
9.273668 -3.420858 0.995310 5 5 5 524 180
9.275403 -3.488422 0.995496 5 5 5 528 180
9.277139 -3.556011 0.995682 5 5 5 532 180
8.136512 -3.177505 0.873263 35 35 35 536 180
8.131050 -3.234040 0.872677 36 36 36 540 180
7.932693 -3.212382 0.851388 41 41 41 544 180
7.898674 -3.255596 0.847737 42 42 42 548 180
7.894519 -3.310844 0.847291 42 42 42 552 180
7.890562 -3.366117 0.846866 42 42 42 556 180
7.887248 -3.421612 0.846510 42 42 42 560 180
7.889262 -3.479409 0.846726 42 42 42 564 180
7.895062 -3.538931 0.847349 42 42 42 568 180
7.922301 -3.608302 0.850272 41 41 41 572 180
7.937089 -3.672306 0.851859 41 41 41 576 180
7.835786 -3.681972 0.840987 43 43 43 580 180
7.810863 -3.726618 0.838312 44 44 44 584 180
8.749949 -4.237795 0.939101 19 19 19 588 180
8.630373 -4.242152 0.926267 22 22 22 592 180
8.490448 -4.234634 0.911250 26 26 26 596 180
8.690480 -4.397105 0.932718 20 20 20 600 180
8.576387 -4.401258 0.920473 24 24 24 604 180
8.465253 -4.405304 0.908545 27 27 27 608 180
8.356963 -4.409248 0.896923 29 29 29 612 180
8.251407 -4.413091 0.885594 32 32 32 616 180
8.148484 -4.416838 0.874548 35 35 35 620 180
8.048098 -4.420493 0.863774 38 38 38 624 180
7.950154 -4.424059 0.853262 40 40 40 628 180
7.854566 -4.427539 0.843003 43 43 43 632 180
7.761250 -4.430937 0.832987 45 45 45 636 180
7.655015 4.411713 0.766354 48 48 48 0 184
7.751408 4.411337 0.776004 46 46 46 4 184
7.862489 4.417824 0.787125 43 43 43 8 184
8.489849 4.709073 0.849930 26 26 26 12 184
8.351818 4.572251 0.836112 30 30 30 16 184
8.627281 4.660807 0.863689 22 22 22 20 184
8.635989 4.603201 0.864561 22 22 22 24 184
8.644713 4.545477 0.865434 22 22 22 28 184
8.653455 4.487637 0.866309 21 21 21 32 184
8.662213 4.429679 0.867186 21 21 21 36 184
8.670992 4.371605 0.868065 21 21 21 40 184
8.679788 4.313413 0.868945 21 21 21 44 184
8.688601 4.255102 0.869828 21 21 21 48 184
8.697432 4.196673 0.870712 20 20 20 52 184
8.706280 4.138125 0.871598 20 20 20 56 184
8.715146 4.079457 0.872485 20 20 20 60 184
8.724031 4.020670 0.873375 20 20 20 64 184
8.732934 3.961763 0.874266 19 19 19 68 184
8.741855 3.902736 0.875159 19 19 19 72 184
8.750794 3.843588 0.876054 19 19 19 76 184
8.759752 3.784319 0.876951 19 19 19 80 184
8.768728 3.724928 0.877849 18 18 18 84 184
8.777722 3.665415 0.878750 18 18 18 88 184
8.113342 3.329443 0.812238 36 36 36 92 184
8.795767 3.546023 0.880556 18 18 18 96 184
8.448675 3.345134 0.845808 27 27 27 100 184
8.813885 3.426139 0.882370 17 17 17 104 184
8.822972 3.366012 0.883280 17 17 17 108 184
8.832078 3.305760 0.884191 17 17 17 112 184
8.841204 3.245384 0.885105 16 16 16 116 184
8.850347 3.184883 0.886020 16 16 16 120 184
8.859510 3.124258 0.886938 16 16 16 124 184
8.868691 3.063506 0.887857 16 16 16 128 184
8.877892 3.002628 0.888778 15 15 15 132 184
8.887112 2.941623 0.889701 15 15 15 136 184
8.896351 2.880492 0.890626 15 15 15 140 184
8.905609 2.819234 0.891553 15 15 15 144 184
8.914886 2.757848 0.892481 14 14 14 148 184
8.924184 2.696334 0.893412 14 14 14 152 184
8.370485 2.468646 0.837981 29 29 29 156 184
8.942836 2.572920 0.895279 14 14 14 160 184
8.952191 2.511019 0.896216 13 13 13 164 184
8.961566 2.448989 0.897155 13 13 13 168 184
8.970961 2.386829 0.898095 13 13 13 172 184
8.980374 2.324538 0.899037 13 13 13 176 184
8.989808 2.262117 0.899982 12 12 12 180 184
8.999262 2.199564 0.900928 12 12 12 184 184
9.008737 2.136879 0.901877 12 12 12 188 184
9.018230 2.074063 0.902827 12 12 12 192 184
9.027743 2.011113 0.903780 11 11 11 196 184
8.751087 1.886341 0.876083 19 19 19 200 184
3.992970 0.831895 0.399742 147 147 147 204 184
3.991229 0.802734 0.399567 147 147 147 208 184
4.018860 0.779295 0.402334 146 146 146 212 184
8.822384 1.647088 0.883221 17 17 17 216 184
6.109233 1.096479 0.611604 90 90 90 220 184
8.841146 1.523009 0.885099 16 16 16 224 184
6.115048 1.009279 0.612186 90 90 90 228 184
6.105143 0.963595 0.611194 90 90 90 232 184
6.119263 0.921671 0.612608 90 90 90 236 184
6.149685 0.881882 0.615653 89 89 89 240 184
6.145639 0.836959 0.615248 89 89 89 244 184
6.118836 0.789160 0.612565 90 90 90 248 184
6.119965 0.745149 0.612678 90 90 90 252 184
6.144161 0.703764 0.615100 89 89 89 256 184
6.145637 0.659590 0.615248 89 89 89 260 184
6.179434 0.618632 0.618632 88 88 88 264 184
9.202491 0.854876 0.921274 7 7 7 268 184
9.212397 0.789327 0.922265 6 6 6 272 184
9.222325 0.723636 0.923259 6 6 6 276 184
9.232275 0.657804 0.924255 6 6 6 280 184
9.242246 0.591829 0.925254 6 6 6 284 184
9.252238 0.525712 0.926254 5 5 5 288 184
9.262253 0.459452 0.927257 5 5 5 292 184
9.272288 0.393048 0.928261 5 5 5 296 184
9.282346 0.326500 0.929268 5 5 5 300 184
9.292426 0.259808 0.930277 4 4 4 304 184
9.294366 0.192801 0.930472 4 4 4 308 184
9.296090 0.125763 0.930644 4 4 4 312 184
9.297817 0.058701 0.930817 4 4 4 316 184
9.299543 -0.008387 0.930990 4 4 4 320 184
9.301270 -0.075499 0.931163 4 4 4 324 184
9.302998 -0.142637 0.931336 4 4 4 328 184
9.304727 -0.209799 0.931509 4 4 4 332 184
9.306455 -0.276986 0.931682 4 4 4 336 184
9.308184 -0.344198 0.931855 4 4 4 340 184
9.309916 -0.411435 0.932028 4 4 4 344 184
9.311646 -0.478698 0.932201 4 4 4 348 184
9.313377 -0.545985 0.932375 4 4 4 352 184
9.315109 -0.613297 0.932548 4 4 4 356 184
9.316842 -0.680634 0.932722 4 4 4 360 184
9.318576 -0.747997 0.932895 4 4 4 364 184
9.320310 -0.815384 0.933069 4 4 4 368 184
9.322045 -0.882797 0.933243 3 3 3 372 184
9.323780 -0.950234 0.933416 3 3 3 376 184
9.325516 -1.017697 0.933590 3 3 3 380 184
9.327253 -1.085185 0.933764 3 3 3 384 184
9.328990 -1.152698 0.933938 3 3 3 388 184
9.330728 -1.220236 0.934112 3 3 3 392 184
9.332467 -1.287798 0.934284 3 3 3 396 184
9.334207 -1.355387 0.934459 3 3 3 400 184
9.335945 -1.423000 0.934633 3 3 3 404 184
9.337687 -1.490639 0.934807 3 3 3 408 184
3.973820 -0.663040 0.397824 147 147 147 412 184
3.974119 -0.691764 0.397854 147 147 147 416 184
4.090415 -0.741521 0.409496 144 144 144 420 184
9.344656 -1.761447 0.935505 3 3 3 424 184
9.346399 -1.829212 0.935679 3 3 3 428 184
9.348144 -1.897003 0.935854 3 3 3 432 184
9.349890 -1.964818 0.936029 3 3 3 436 184
9.351635 -2.032660 0.936203 3 3 3 440 184
9.353380 -2.100526 0.936378 3 3 3 444 184
9.355128 -2.168418 0.936553 3 3 3 448 184
9.356876 -2.236335 0.936728 3 3 3 452 184
9.358624 -2.304277 0.936903 2 2 2 456 184
9.088629 -2.303376 0.909874 10 10 10 460 184
9.066774 -2.363256 0.907686 10 10 10 464 184
9.068350 -2.429097 0.907843 10 10 10 468 184
9.069925 -2.494961 0.908001 10 10 10 472 184
9.071501 -2.560847 0.908159 10 10 10 476 184
9.369129 -2.712466 0.937955 2 2 2 480 184
9.370881 -2.780587 0.938130 2 2 2 484 184
9.267051 -2.816641 0.927736 5 5 5 488 184
9.089175 -2.828158 0.909928 10 10 10 492 184
8.904444 -2.834925 0.891435 15 15 15 496 184
8.727072 -2.841423 0.873678 19 19 19 500 184
8.516829 -2.834422 0.852630 25 25 25 504 184
9.293700 -3.160022 0.930404 4 4 4 508 184
9.295442 -3.227684 0.930578 4 4 4 512 184
9.297187 -3.295371 0.930753 4 4 4 516 184
9.298929 -3.363082 0.930927 4 4 4 520 184
9.300673 -3.430820 0.931102 4 4 4 524 184
9.302418 -3.498582 0.931276 4 4 4 528 184
9.304163 -3.566370 0.931451 4 4 4 532 184
8.171967 -3.191352 0.818105 34 34 34 536 184
7.960914 -3.166370 0.796977 40 40 40 540 184
7.904156 -3.200826 0.791295 42 42 42 544 184
7.906561 -3.258847 0.791535 42 42 42 548 184
7.907598 -3.316330 0.791639 42 42 42 552 184
7.908638 -3.373829 0.791743 42 42 42 556 184
7.910342 -3.431630 0.791914 41 41 41 560 184
7.912526 -3.489668 0.792132 41 41 41 564 184
7.919580 -3.549921 0.792839 41 41 41 568 184
7.935312 -3.614228 0.794414 41 41 41 572 184
7.874942 -3.643551 0.788370 42 42 42 576 184
7.827119 -3.677900 0.783582 44 44 44 580 184
7.849117 -3.744869 0.785785 43 43 43 584 184
8.746177 -4.235968 0.875590 19 19 19 588 184
8.626703 -4.240348 0.863630 22 22 22 592 184
8.515260 -4.247009 0.852473 25 25 25 596 184
8.686888 -4.395288 0.869655 21 21 21 600 184
8.572889 -4.399463 0.858242 24 24 24 604 184
8.461845 -4.403531 0.847125 27 27 27 608 184
8.353641 -4.407495 0.836293 30 30 30 612 184
8.248168 -4.411359 0.825734 32 32 32 616 184
8.145326 -4.415126 0.815438 35 35 35 620 184
8.045017 -4.418801 0.805396 38 38 38 624 184
7.947148 -4.422386 0.795599 40 40 40 628 184
7.851632 -4.425885 0.786036 43 43 43 632 184
7.758385 -4.429301 0.776701 46 46 46 636 184
7.671842 4.421411 0.712685 48 48 48 0 188
7.760593 4.416565 0.720929 46 46 46 4 188
7.871950 4.423140 0.731274 43 43 43 8 188
8.431747 4.676846 0.783277 27 27 27 12 188
8.355463 4.574246 0.776190 29 29 29 16 188
8.448398 4.564167 0.784824 27 27 27 20 188
8.456746 4.507660 0.785599 27 27 27 24 188
8.465111 4.451041 0.786376 27 27 27 28 188
8.473494 4.394310 0.787155 26 26 26 32 188
8.481894 4.337467 0.787935 26 26 26 36 188
8.490309 4.280511 0.788717 26 26 26 40 188
8.498741 4.223442 0.789500 26 26 26 44 188
8.507190 4.166260 0.790285 25 25 25 48 188
8.515656 4.108963 0.791072 25 25 25 52 188
8.524138 4.051552 0.791860 25 25 25 56 188
8.532639 3.994028 0.792649 25 25 25 60 188
8.541155 3.936388 0.793440 24 24 24 64 188
8.549688 3.878632 0.794233 24 24 24 68 188
8.558239 3.820761 0.795027 24 24 24 72 188
8.224584 3.612461 0.764032 33 33 33 76 188
8.212214 3.547775 0.762883 33 33 33 80 188
8.206247 3.485988 0.762329 34 34 34 84 188
8.200275 3.424284 0.761774 34 34 34 88 188
8.601249 3.529663 0.799023 23 23 23 92 188
8.200226 3.305930 0.761769 34 34 34 96 188
8.375092 3.315999 0.778014 29 29 29 100 188
8.521588 3.312518 0.791623 25 25 25 104 188
8.635968 3.294669 0.802248 22 22 22 108 188
8.644692 3.235624 0.803059 22 22 22 112 188
8.653435 3.176459 0.803871 21 21 21 116 188
8.662193 3.117175 0.804684 21 21 21 120 188
8.670970 3.057770 0.805500 21 21 21 124 188
8.679765 2.998245 0.806317 21 21 21 128 188
8.688578 2.938599 0.807135 21 21 21 132 188
8.697409 2.878832 0.807956 20 20 20 136 188
8.706257 2.818943 0.808778 20 20 20 140 188
8.715123 2.758932 0.809601 20 20 20 144 188
8.724009 2.698799 0.810427 20 20 20 148 188
8.732911 2.638543 0.811254 19 19 19 152 188
8.394513 2.475732 0.779818 28 28 28 156 188
8.750772 2.517662 0.812913 19 19 19 160 188
8.759729 2.457036 0.813745 19 19 19 164 188
8.768704 2.396285 0.814579 18 18 18 168 188
8.777699 2.335410 0.815414 18 18 18 172 188
8.786712 2.274410 0.816252 18 18 18 176 188
8.795744 2.213284 0.817091 18 18 18 180 188
8.804793 2.152033 0.817931 17 17 17 184 188
8.813862 2.090655 0.818774 17 17 17 188 188
8.822949 2.029151 0.819618 17 17 17 192 188
8.832055 1.967520 0.820464 17 17 17 196 188
8.776279 1.891772 0.815282 18 18 18 200 188
4.005059 0.834414 0.372054 147 147 147 204 188
4.002386 0.804978 0.371806 147 147 147 208 188
4.028233 0.781112 0.374207 146 146 146 212 188
8.877869 1.657446 0.824720 15 15 15 216 188
8.887088 1.595045 0.825576 15 15 15 220 188
6.118130 1.053932 0.568351 90 90 90 224 188
6.133279 1.012288 0.569758 89 89 89 228 188
6.120153 0.965964 0.568538 90 90 90 232 188
6.137441 0.924409 0.570144 89 89 89 236 188
6.180885 0.886356 0.574180 88 88 88 240 188
6.170297 0.840318 0.573197 88 88 88 244 188
6.138653 0.791716 0.570257 89 89 89 248 188
6.136237 0.747130 0.570033 89 89 89 252 188
6.159514 0.705522 0.572195 89 89 89 256 188
6.162157 0.661363 0.572441 89 89 89 260 188
8.989784 0.899980 0.835116 12 12 12 264 188
8.999238 0.835995 0.835994 12 12 12 268 188
9.008712 0.771875 0.836874 12 12 12 272 188
9.018206 0.707620 0.837756 12 12 12 276 188
9.027719 0.643229 0.838640 11 11 11 280 188
9.037253 0.578703 0.839526 11 11 11 284 188
9.046806 0.514040 0.840413 11 11 11 288 188
9.056382 0.449240 0.841303 11 11 11 292 188
9.065975 0.384302 0.842194 10 10 10 296 188
9.075591 0.319228 0.843087 10 10 10 300 188
9.085226 0.254014 0.843982 10 10 10 304 188
9.094882 0.188663 0.844879 10 10 10 308 188
9.104557 0.123172 0.845778 9 9 9 312 188
9.114255 0.057542 0.846679 9 9 9 316 188
9.123972 -0.008229 0.847582 9 9 9 320 188
9.133710 -0.074139 0.848486 9 9 9 324 188
9.143470 -0.140191 0.849393 8 8 8 328 188
9.153250 -0.206383 0.850301 8 8 8 332 188
9.163051 -0.272718 0.851212 8 8 8 336 188
9.172873 -0.339195 0.852124 7 7 7 340 188
9.182715 -0.405814 0.853039 7 7 7 344 188
9.192579 -0.472577 0.853955 7 7 7 348 188
9.202465 -0.539483 0.854873 7 7 7 352 188
9.212372 -0.606533 0.855794 6 6 6 356 188
9.222300 -0.673728 0.856716 6 6 6 360 188
9.232249 -0.741067 0.857640 6 6 6 364 188
9.242220 -0.808552 0.858566 6 6 6 368 188
9.252213 -0.876183 0.859495 5 5 5 372 188
9.262227 -0.943961 0.860425 5 5 5 376 188
9.272263 -1.011885 0.861357 5 5 5 380 188
9.282321 -1.079957 0.862292 5 5 5 384 188
9.292399 -1.148176 0.863228 4 4 4 388 188
9.302501 -1.216543 0.864165 4 4 4 392 188
9.312625 -1.285060 0.865105 4 4 4 396 188
9.322769 -1.353726 0.866048 3 3 3 400 188
9.332937 -1.422542 0.866992 3 3 3 404 188
9.343127 -1.491508 0.867939 3 3 3 408 188
3.984910 -0.664891 0.370182 147 147 147 412 188
3.977878 -0.692419 0.369529 147 147 147 416 188
3.977684 -0.721085 0.369511 147 147 147 420 188
3.987473 -0.751630 0.370420 147 147 147 424 188
9.373573 -1.834530 0.870767 2 2 2 428 188
9.375327 -1.902519 0.870930 2 2 2 432 188
9.377082 -1.970533 0.871093 2 2 2 436 188
9.378839 -2.038573 0.871256 2 2 2 440 188
9.380595 -2.106637 0.871419 2 2 2 444 188
9.382352 -2.174728 0.871583 2 2 2 448 188
9.384110 -2.242844 0.871746 2 2 2 452 188
9.385869 -2.310985 0.871909 2 2 2 456 188
9.112873 -2.309520 0.846549 9 9 9 460 188
9.096562 -2.371020 0.845034 10 10 10 464 188
9.098148 -2.437079 0.845181 9 9 9 468 188
9.099735 -2.503160 0.845329 9 9 9 472 188
9.101321 -2.569265 0.845476 9 9 9 476 188
9.396435 -2.720372 0.872891 1 1 1 480 188
9.398198 -2.788692 0.873055 1 1 1 484 188
9.294064 -2.824852 0.863381 4 4 4 488 188
9.083301 -2.826330 0.843802 10 10 10 492 188
8.898807 -2.833131 0.826663 15 15 15 496 188
8.721656 -2.839660 0.810207 20 20 20 500 188
8.511721 -2.832721 0.790705 25 25 25 504 188
9.408791 -3.199155 0.874039 1 1 1 508 188
9.410559 -3.267656 0.874203 1 1 1 512 188
9.412327 -3.336182 0.874367 1 1 1 516 188
9.414097 -3.404734 0.874532 1 1 1 520 188
9.415866 -3.473311 0.874696 1 1 1 524 188
9.417637 -3.541915 0.874860 1 1 1 528 188
9.419408 -3.610544 0.875025 1 1 1 532 188
8.206985 -3.205027 0.762396 33 33 33 536 188
8.168748 -3.249034 0.758844 35 35 35 540 188
7.929279 -3.210999 0.736598 41 41 41 544 188
7.933475 -3.269940 0.736988 41 41 41 548 188
8.031934 -3.368474 0.746134 38 38 38 552 188
8.041061 -3.430321 0.746982 38 38 38 556 188
8.050209 -3.492307 0.747832 38 38 38 560 188
7.867418 -3.469774 0.730851 43 43 43 564 188
7.967773 -3.571524 0.740174 40 40 40 568 188
7.972423 -3.631131 0.740606 40 40 40 572 188
7.856330 -3.634940 0.729821 43 43 43 576 188
7.868246 -3.697225 0.730928 43 43 43 580 188
7.921895 -3.779592 0.735912 41 41 41 584 188
8.742407 -4.234142 0.812134 19 19 19 588 188
8.623035 -4.238546 0.801045 22 22 22 592 188
8.540217 -4.259457 0.793352 25 25 25 596 188
8.683299 -4.393471 0.806643 21 21 21 600 188
8.569394 -4.397669 0.796062 24 24 24 604 188
8.458441 -4.401759 0.785755 27 27 27 608 188
8.350322 -4.405744 0.775711 30 30 30 612 188
8.244933 -4.409629 0.765921 32 32 32 616 188
8.142171 -4.413416 0.756375 35 35 35 620 188
8.041939 -4.417110 0.747064 38 38 38 624 188
7.944145 -4.420715 0.737979 41 41 41 628 188
7.848701 -4.424233 0.729113 43 43 43 632 188
7.755522 -4.427667 0.720457 46 46 46 636 188
7.694484 4.434460 0.659270 47 47 47 0 192
7.769801 4.421805 0.665724 45 45 45 4 192
7.881432 4.428468 0.675288 42 42 42 8 192
8.260799 4.582026 0.707793 32 32 32 12 192
8.268781 4.526792 0.708477 32 32 32 16 192
8.276778 4.471451 0.709162 32 32 32 20 192
8.284793 4.416004 0.709849 31 31 31 24 192
8.292822 4.360449 0.710537 31 31 31 28 192
8.300865 4.304786 0.711226 31 31 31 32 192
8.308926 4.249015 0.711916 31 31 31 36 192
8.317001 4.193136 0.712608 31 31 31 40 192
8.325093 4.137148 0.713302 30 30 30 44 192
8.333200 4.081051 0.713996 30 30 30 48 192
8.341323 4.024844 0.714692 30 30 30 52 192
8.349463 3.968528 0.715389 30 30 30 56 192
8.357617 3.912102 0.716088 29 29 29 60 192
8.365788 3.855565 0.716788 29 29 29 64 192
8.373974 3.798918 0.717490 29 29 29 68 192
8.241605 3.679403 0.706148 33 33 33 72 192
8.268258 3.631644 0.708432 32 32 32 76 192
8.398629 3.628309 0.719602 28 28 28 80 192
8.035499 3.413454 0.688489 38 38 38 84 192
8.070097 3.369924 0.691453 37 37 37 88 192
8.127449 3.335232 0.696367 36 36 36 92 192
8.064639 3.251268 0.690986 37 37 37 96 192
8.440047 3.341717 0.723151 27 27 27 100 192
8.448379 3.284059 0.723865 27 27 27 104 192
8.456727 3.226287 0.724580 27 27 27 108 192
8.465092 3.168401 0.725297 27 27 27 112 192
8.473475 3.110400 0.726015 26 26 26 116 192
8.297309 2.985868 0.710921 31 31 31 120 192
8.490289 2.994054 0.727456 26 26 26 124 192
8.498720 2.935707 0.728178 26 26 26 128 192
8.507170 2.877244 0.728902 25 25 25 132 192
8.515635 2.818665 0.729627 25 25 25 136 192
8.524117 2.759969 0.730354 25 25 25 140 192
8.532616 2.701156 0.731082 25 25 25 144 192
8.541133 2.642226 0.731812 24 24 24 148 192
8.549665 2.583178 0.732543 24 24 24 152 192
8.418681 2.482860 0.721320 28 28 28 156 192
8.566784 2.464727 0.734010 24 24 24 160 192
8.575369 2.405324 0.734745 24 24 24 164 192
8.583971 2.345801 0.735482 23 23 23 168 192
8.592589 2.286159 0.736221 23 23 23 172 192
8.601226 2.226397 0.736961 23 23 23 176 192
8.609880 2.166515 0.737702 23 23 23 180 192
8.618551 2.106512 0.738445 22 22 22 184 192
8.627240 2.046388 0.739190 22 22 22 188 192
8.635947 1.986143 0.739936 22 22 22 192 192
8.644670 1.925776 0.740683 22 22 22 196 192
8.653412 1.865287 0.741432 21 21 21 200 192
4.017228 0.836949 0.344200 146 146 146 204 192
4.013605 0.807235 0.343889 146 146 146 208 192
4.037813 0.782970 0.345963 146 146 146 212 192
8.688556 1.622103 0.744443 21 21 21 216 192
8.697386 1.560998 0.745200 20 20 20 220 192
6.145535 1.058653 0.526555 89 89 89 224 192
6.152493 1.015460 0.527151 89 89 89 228 192
6.139886 0.969078 0.526071 89 89 89 232 192
6.158821 0.927629 0.527693 89 89 89 236 192
6.214973 0.891244 0.532504 87 87 87 240 192
6.205560 0.845120 0.531698 87 87 87 244 192
6.159487 0.794403 0.527750 89 89 89 248 192
6.156067 0.749545 0.527457 89 89 89 252 192
6.175817 0.707390 0.529150 88 88 88 256 192
8.786689 0.943046 0.752851 18 18 18 260 192
8.795720 0.880552 0.753625 18 18 18 264 192
8.804770 0.817929 0.754401 17 17 17 268 192
8.813839 0.755178 0.755178 17 17 17 272 192
8.822926 0.692297 0.755956 17 17 17 276 192
8.832031 0.629286 0.756736 17 17 17 280 192
8.841157 0.566145 0.757518 16 16 16 284 192
8.850300 0.502874 0.758302 16 16 16 288 192
8.859463 0.439472 0.759087 16 16 16 292 192
8.868644 0.375938 0.759873 16 16 16 296 192
8.877845 0.312272 0.760662 15 15 15 300 192
8.887065 0.248474 0.761452 15 15 15 304 192
8.896303 0.184543 0.762243 15 15 15 308 192
8.905561 0.120480 0.763036 15 15 15 312 192
8.914840 0.056283 0.763831 14 14 14 316 192
8.924136 -0.008048 0.764628 14 14 14 320 192
8.933452 -0.072514 0.765426 14 14 14 324 192
8.942788 -0.137114 0.766226 14 14 14 328 192
8.952143 -0.201849 0.767028 13 13 13 332 192
8.961517 -0.266720 0.767831 13 13 13 336 192
8.970912 -0.331727 0.768636 13 13 13 340 192
8.980326 -0.396870 0.769442 13 13 13 344 192
8.989759 -0.462150 0.770251 12 12 12 348 192
8.999213 -0.527567 0.771061 12 12 12 352 192
9.008688 -0.593123 0.771872 12 12 12 356 192
9.018181 -0.658816 0.772686 12 12 12 360 192
9.027695 -0.724648 0.773501 11 11 11 364 192
9.037229 -0.790619 0.774318 11 11 11 368 192
9.046783 -0.856729 0.775136 11 11 11 372 192
9.056357 -0.922980 0.775957 11 11 11 376 192
9.065951 -0.989370 0.776779 10 10 10 380 192
9.075566 -1.055901 0.777601 10 10 10 384 192
9.085201 -1.122574 0.778427 10 10 10 388 192
9.094857 -1.189389 0.779254 10 10 10 392 192
9.104532 -1.256345 0.780083 9 9 9 396 192
9.114230 -1.323445 0.780914 9 9 9 400 192
9.123947 -1.390687 0.781747 9 9 9 404 192
9.133685 -1.458073 0.782581 9 9 9 408 192
9.143444 -1.525603 0.783417 8 8 8 412 192
3.989445 -0.694432 0.341819 147 147 147 416 192
3.980889 -0.721666 0.341086 147 147 147 420 192
3.982512 -0.750695 0.341225 147 147 147 424 192
4.000360 -0.782923 0.342754 147 147 147 428 192
9.192554 -1.865429 0.787625 7 7 7 432 192
9.202439 -1.933833 0.788472 7 7 7 436 192
9.212346 -2.002384 0.789321 6 6 6 440 192
9.222275 -2.071083 0.790171 6 6 6 444 192
9.232224 -2.139930 0.791024 6 6 6 448 192
9.242195 -2.208925 0.791878 6 6 6 452 192
9.252188 -2.278070 0.792734 5 5 5 456 192
9.137335 -2.315720 0.782894 8 8 8 460 192
9.126549 -2.378836 0.781969 9 9 9 464 192
9.128144 -2.445114 0.782106 9 9 9 468 192
9.129742 -2.511415 0.782243 9 9 9 472 192
9.135767 -2.578989 0.782759 8 8 8 476 192
9.312599 -2.696100 0.797910 4 4 4 480 192
9.322743 -2.766303 0.798780 3 3 3 484 192
9.321238 -2.833111 0.798651 3 3 3 488 192
9.343101 -2.907169 0.800524 3 3 3 492 192
8.893176 -2.831338 0.761974 15 15 15 496 192
8.716248 -2.837899 0.746815 20 20 20 500 192
8.528179 -2.838199 0.730701 25 25 25 504 192
9.384084 -3.190754 0.804035 2 2 2 508 192
9.394384 -3.262039 0.804918 2 2 2 512 192
9.404710 -3.333482 0.805802 1 1 1 516 192
9.415056 -3.405081 0.806689 1 1 1 520 192
9.425426 -3.476838 0.807578 1 1 1 524 192
9.435819 -3.548753 0.808468 0 0 0 528 192
9.446235 -3.620827 0.809360 0 0 0 532 192
8.230581 -3.214242 0.705202 33 33 33 536 192
8.189555 -3.257310 0.701687 34 34 34 540 192
7.965207 -3.225548 0.682465 40 40 40 544 192
7.947592 -3.275759 0.680956 40 40 40 548 192
8.027773 -3.366729 0.687826 38 38 38 552 192
8.029285 -3.425297 0.687955 38 38 38 556 192
7.925616 -3.438257 0.679073 41 41 41 560 192
7.903278 -3.485590 0.677159 42 42 42 564 192
7.928613 -3.553970 0.679329 41 41 41 568 192
7.887619 -3.592505 0.675817 42 42 42 572 192
7.867988 -3.640334 0.674135 43 43 43 576 192
7.933115 -3.727706 0.679715 41 41 41 580 192
8.861259 -4.227769 0.759239 16 16 16 584 192
8.738643 -4.232319 0.748733 19 19 19 588 192
8.591557 -4.223073 0.736131 23 23 23 592 192
8.796589 -4.387323 0.753698 18 18 18 596 192
8.679713 -4.391657 0.743684 21 21 21 600 192
8.565903 -4.395877 0.733933 24 24 24 604 192
8.455038 -4.399989 0.724434 27 27 27 608 192
8.347006 -4.403995 0.715178 30 30 30 612 192
8.241700 -4.407899 0.706155 33 33 33 616 192
8.139018 -4.411707 0.697357 35 35 35 620 192
8.038864 -4.415421 0.688776 38 38 38 624 192
7.941144 -4.419045 0.680403 41 41 41 628 192
7.845771 -4.422582 0.672231 43 43 43 632 192
7.752662 -4.426034 0.664254 46 46 46 636 192
7.717258 4.447585 0.605540 47 47 47 0 196
7.779029 4.427057 0.610387 45 45 45 4 196
7.890936 4.433809 0.619168 42 42 42 8 196
8.096643 4.490973 0.635309 36 36 36 12 196
8.104312 4.436753 0.635910 36 36 36 16 196
8.111996 4.382429 0.636513 36 36 36 20 196
8.119693 4.328001 0.637117 36 36 36 24 196
8.127404 4.273471 0.637722 36 36 36 28 196
8.135131 4.218837 0.638329 35 35 35 32 196
8.142873 4.164099 0.638936 35 35 35 36 196
8.150628 4.109256 0.639545 35 35 35 40 196
8.158399 4.054309 0.640154 35 35 35 44 196
8.166184 3.999258 0.640765 35 35 35 48 196
8.173985 3.944101 0.641377 34 34 34 52 196
8.181801 3.888838 0.641991 34 34 34 56 196
8.189631 3.833470 0.642605 34 34 34 60 196
8.197476 3.777996 0.643221 34 34 34 64 196
8.205337 3.722415 0.643837 34 34 34 68 196
8.213211 3.666727 0.644455 33 33 33 72 196
7.922195 3.479644 0.621620 41 41 41 76 196
7.975649 3.445576 0.625815 40 40 40 80 196
8.236929 3.499021 0.646316 33 33 33 84 196
8.244864 3.442904 0.646939 32 32 32 88 196
8.252816 3.386678 0.647563 32 32 32 92 196
8.260783 3.330344 0.648188 32 32 32 96 196
7.956200 3.150145 0.624289 40 40 40 100 196
8.276762 3.217348 0.649442 32 32 32 104 196
8.284776 3.160687 0.650070 31 31 31 108 196
8.292803 3.103915 0.650700 31 31 31 112 196
8.300848 3.047034 0.651332 31 31 31 116 196
8.308907 2.990041 0.651964 31 31 31 120 196
8.316983 2.932939 0.652598 31 31 31 124 196
8.325073 2.875724 0.653233 30 30 30 128 196
8.333181 2.818399 0.653869 30 30 30 132 196
8.341303 2.760961 0.654506 30 30 30 136 196
8.349442 2.703412 0.655145 30 30 30 140 196
8.357595 2.645750 0.655784 29 29 29 144 196
8.365767 2.587976 0.656425 29 29 29 148 196
8.373952 2.530088 0.657068 29 29 29 152 196
8.382155 2.472088 0.657712 29 29 29 156 196
8.390373 2.413973 0.658356 29 29 29 160 196
8.398608 2.355744 0.659002 28 28 28 164 196
8.406858 2.297401 0.659650 28 28 28 168 196
8.415126 2.238943 0.660299 28 28 28 172 196
8.423409 2.180370 0.660948 28 28 28 176 196
8.431709 2.121681 0.661600 27 27 27 180 196
8.440024 2.062877 0.662252 27 27 27 184 196
8.448358 2.003957 0.662906 27 27 27 188 196
8.456706 1.944920 0.663561 27 27 27 192 196
8.465071 1.885767 0.664217 27 27 27 196 196
8.473453 1.826496 0.664875 26 26 26 200 196
4.029830 0.839574 0.316203 146 146 146 204 196
4.024886 0.809504 0.315815 146 146 146 208 196
4.048038 0.784953 0.317632 145 145 145 212 196
8.507147 1.588235 0.667519 25 25 25 216 196
8.515614 1.528373 0.668183 25 25 25 220 196
8.524095 1.468392 0.668849 25 25 25 224 196
6.177412 1.019572 0.484715 88 88 88 228 196
6.161565 0.972500 0.483471 89 89 89 232 196
6.178312 0.930565 0.484785 88 88 88 236 196
6.247613 0.895925 0.490223 86 86 86 240 196
8.566761 1.166686 0.672197 24 24 24 244 196
6.181459 0.797237 0.485032 88 88 88 248 196
6.175901 0.751960 0.484596 88 88 88 252 196
6.196631 0.709774 0.486223 88 88 88 256 196
8.601204 0.923138 0.674899 23 23 23 260 196
8.609858 0.861945 0.675578 23 23 23 264 196
8.618529 0.800628 0.676259 22 22 22 268 196
8.627217 0.739188 0.676940 22 22 22 272 196
8.635924 0.677624 0.677624 22 22 22 276 196
8.644647 0.615935 0.678308 22 22 22 280 196
8.653389 0.554122 0.678994 21 21 21 284 196
8.662148 0.492183 0.679681 21 21 21 288 196
8.670925 0.430119 0.680370 21 21 21 292 196
8.679720 0.367929 0.681060 21 21 21 296 196
8.688533 0.305613 0.681751 21 21 21 300 196
8.697363 0.243170 0.682444 20 20 20 304 196
8.706212 0.180600 0.683139 20 20 20 308 196
8.715077 0.117903 0.683834 20 20 20 312 196
8.723964 0.055078 0.684532 20 20 20 316 196
8.732864 -0.007876 0.685230 19 19 19 320 196
8.741787 -0.070958 0.685930 19 19 19 324 196
8.750725 -0.134169 0.686631 19 19 19 328 196
8.759683 -0.197509 0.687334 19 19 19 332 196
8.768658 -0.260980 0.688039 18 18 18 336 196
8.777654 -0.324580 0.688744 18 18 18 340 196
8.786665 -0.388311 0.689451 18 18 18 344 196
8.795697 -0.452173 0.690160 18 18 18 348 196
8.804747 -0.516167 0.690870 17 17 17 352 196
8.813815 -0.580292 0.691582 17 17 17 356 196
8.822902 -0.644550 0.692295 17 17 17 360 196
8.832009 -0.708940 0.693009 17 17 17 364 196
8.841132 -0.773463 0.693725 16 16 16 368 196
8.850277 -0.838120 0.694443 16 16 16 372 196
8.859439 -0.902911 0.695162 16 16 16 376 196
8.868621 -0.967835 0.695881 16 16 16 380 196
8.877821 -1.032894 0.696603 15 15 15 384 196
8.887041 -1.098089 0.697326 15 15 15 388 196
8.896279 -1.163419 0.698051 15 15 15 392 196
8.905539 -1.228886 0.698778 15 15 15 396 196
8.914815 -1.294488 0.699505 14 14 14 400 196
8.924111 -1.360228 0.700235 14 14 14 404 196
8.933427 -1.426105 0.700966 14 14 14 408 196
8.942764 -1.492119 0.701699 14 14 14 412 196
4.005457 -0.697219 0.314290 147 147 147 416 196
3.987599 -0.722882 0.312889 147 147 147 420 196
3.986082 -0.751368 0.312770 147 147 147 424 196
4.003574 -0.783552 0.314142 147 147 147 428 196
8.989735 -1.824271 0.705384 12 12 12 432 196
8.999189 -1.891121 0.706126 12 12 12 436 196
9.008662 -1.958111 0.706869 12 12 12 440 196
9.018157 -2.025243 0.707614 12 12 12 444 196
9.027670 -2.092516 0.708361 11 11 11 448 196
9.037204 -2.159932 0.709109 11 11 11 452 196
9.046758 -2.227489 0.709858 11 11 11 456 196
9.056332 -2.295191 0.710610 11 11 11 460 196
9.065927 -2.363035 0.711362 10 10 10 464 196
9.075541 -2.431023 0.712117 10 10 10 468 196
9.085176 -2.499156 0.712873 10 10 10 472 196
9.094831 -2.567433 0.713631 10 10 10 476 196
9.104507 -2.635855 0.714390 9 9 9 480 196
9.114205 -2.704424 0.715151 9 9 9 484 196
9.123921 -2.773139 0.715913 9 9 9 488 196
9.133660 -2.842000 0.716677 9 9 9 492 196
9.143418 -2.911008 0.717443 8 8 8 496 196
8.710845 -2.836140 0.683501 20 20 20 500 196
8.553207 -2.846528 0.671132 24 24 24 504 196
9.172822 -3.118922 0.719750 7 7 7 508 196
9.182664 -3.188523 0.720522 7 7 7 512 196
9.192529 -3.258275 0.721296 7 7 7 516 196
9.202413 -3.328176 0.722072 7 7 7 520 196
9.212320 -3.398228 0.722849 6 6 6 524 196
9.222248 -3.468430 0.723628 6 6 6 528 196
9.232198 -3.538785 0.724409 6 6 6 532 196
8.254148 -3.223445 0.647666 32 32 32 536 196
8.213355 -3.266776 0.644465 33 33 33 540 196
7.996662 -3.238286 0.627462 39 39 39 544 196
7.980570 -3.289351 0.626199 40 40 40 548 196
9.282269 -3.892846 0.728338 5 5 5 552 196
9.292348 -3.964120 0.729129 4 4 4 556 196
7.884984 -3.420630 0.618699 42 42 42 560 196
9.312572 -4.107132 0.730716 4 4 4 564 196
7.906887 -3.544231 0.620418 42 42 42 568 196
7.888551 -3.592930 0.618979 42 42 42 572 196
9.343074 -4.322822 0.733109 3 3 3 576 196
9.293249 -4.366822 0.729199 4 4 4 580 196
8.857389 -4.225923 0.695000 16 16 16 584 196
8.734879 -4.230496 0.685387 19 19 19 588 196
8.588926 -4.221780 0.673934 23 23 23 592 196
8.792910 -4.385488 0.689940 18 18 18 596 196
8.676130 -4.389844 0.680777 21 21 21 600 196
8.562413 -4.394086 0.671854 24 24 24 604 196
8.451638 -4.398220 0.663162 27 27 27 608 196
8.343693 -4.402246 0.654692 30 30 30 612 196
8.238470 -4.406172 0.646436 33 33 33 616 196
8.135867 -4.409999 0.638385 35 35 35 620 196
8.035790 -4.413733 0.630532 38 38 38 624 196
7.938144 -4.417376 0.622871 41 41 41 628 196
7.842843 -4.420931 0.615393 43 43 43 632 196
7.749804 -4.424402 0.608092 46 46 46 636 196
7.741570 4.461596 0.551590 46 46 46 0 200
7.788280 4.432322 0.554919 45 45 45 4 200
7.900463 4.439161 0.562912 42 42 42 8 200
7.938887 4.403471 0.565649 41 41 41 12 200
7.946259 4.350225 0.566175 41 41 41 16 200
7.953644 4.296881 0.566701 40 40 40 20 200
7.961043 4.243438 0.567228 40 40 40 24 200
7.968458 4.189895 0.567756 40 40 40 28 200
7.975884 4.136252 0.568285 40 40 40 32 200
7.983325 4.082510 0.568816 40 40 40 36 200
7.990780 4.028667 0.569347 39 39 39 40 200
7.998250 3.974723 0.569879 39 39 39 44 200
8.005732 3.920678 0.570412 39 39 39 48 200
8.013228 3.866532 0.570946 39 39 39 52 200
8.020741 3.812285 0.571481 39 39 39 56 200
8.028265 3.757936 0.572017 38 38 38 60 200
8.035805 3.703485 0.572555 38 38 38 64 200
8.043357 3.648931 0.573093 38 38 38 68 200
7.900266 3.527014 0.562897 42 42 42 72 200
7.936652 3.485994 0.565490 41 41 41 76 200
8.066102 3.484653 0.574713 37 37 37 80 200
8.073712 3.429688 0.575256 37 37 37 84 200
8.081337 3.374618 0.575799 37 37 37 88 200
8.088976 3.319443 0.576343 37 37 37 92 200
8.096629 3.264165 0.576888 36 36 36 96 200
8.104298 3.208782 0.577435 36 36 36 100 200
7.944865 3.088333 0.566075 41 41 41 104 200
8.119677 3.097701 0.578531 36 36 36 108 200
8.127387 3.042001 0.579080 36 36 36 112 200
8.135114 2.986197 0.579630 35 35 35 116 200
8.142854 2.930285 0.580182 35 35 35 120 200
8.150611 2.874268 0.580735 35 35 35 124 200
8.158381 2.818144 0.581288 35 35 35 128 200
8.166166 2.761912 0.581843 35 35 35 132 200
8.173966 2.705573 0.582399 34 34 34 136 200
8.181782 2.649127 0.582956 34 34 34 140 200
8.189611 2.592572 0.583513 34 34 34 144 200
8.197456 2.535909 0.584072 34 34 34 148 200
8.205317 2.479137 0.584632 34 34 34 152 200
8.213192 2.422256 0.585194 33 33 33 156 200
8.221082 2.365266 0.585756 33 33 33 160 200
8.228989 2.308167 0.586319 33 33 33 164 200
8.236908 2.250957 0.586883 33 33 33 168 200
8.244844 2.193638 0.587449 32 32 32 172 200
8.252795 2.136207 0.588015 32 32 32 176 200
8.260762 2.078666 0.588583 32 32 32 180 200
8.268744 2.021013 0.589152 32 32 32 184 200
8.276742 1.963250 0.589722 32 32 32 188 200
8.284754 1.905374 0.590292 31 31 31 192 200
8.292784 1.847386 0.590864 31 31 31 196 200
8.300827 1.789286 0.591438 31 31 31 200 200
4.042548 0.842224 0.288033 146 146 146 204 200
4.036353 0.811810 0.287592 146 146 146 208 200
4.058317 0.786946 0.289157 145 145 145 212 200
8.333159 1.555752 0.593741 30 30 30 216 200
8.341283 1.497085 0.594320 30 30 30 220 200
8.349421 1.438302 0.594900 30 30 30 224 200
6.206282 1.024337 0.442200 87 87 87 228 200
6.186836 0.976488 0.440815 88 88 88 232 200
6.204290 0.934478 0.442058 87 87 87 236 200
8.382133 1.202021 0.597231 29 29 29 240 200
8.390352 1.142661 0.597816 29 29 29 244 200
6.209002 0.800789 0.442394 87 87 87 248 200
6.197235 0.754557 0.441556 88 88 88 252 200
6.219293 0.712369 0.443127 87 87 87 256 200
8.423388 0.904054 0.600170 28 28 28 260 200
8.431686 0.844108 0.600761 27 27 27 264 200
8.440003 0.784044 0.601354 27 27 27 268 200
8.448336 0.723861 0.601948 27 27 27 272 200
8.456685 0.663560 0.602542 27 27 27 276 200
8.465050 0.603139 0.603138 27 27 27 280 200
8.473432 0.542598 0.603736 26 26 26 284 200
8.481830 0.481938 0.604334 26 26 26 288 200
8.490246 0.421157 0.604934 26 26 26 292 200
8.498676 0.360255 0.605534 26 26 26 296 200
8.507126 0.299232 0.606136 25 25 25 300 200
8.515591 0.238088 0.606739 25 25 25 304 200
8.524074 0.176822 0.607344 25 25 25 308 200
8.532573 0.115434 0.607949 25 25 25 312 200
8.541089 0.053923 0.608556 24 24 24 316 200
8.549622 -0.007711 0.609164 24 24 24 320 200
8.558173 -0.069467 0.609774 24 24 24 324 200
8.566740 -0.131348 0.610384 24 24 24 328 200
8.575325 -0.193353 0.610996 24 24 24 332 200
8.583925 -0.255482 0.611608 23 23 23 336 200
8.592546 -0.317735 0.612223 23 23 23 340 200
8.601181 -0.380114 0.612838 23 23 23 344 200
8.609836 -0.442619 0.613454 23 23 23 348 200
8.618506 -0.505249 0.614072 22 22 22 352 200
8.627195 -0.568006 0.614691 22 22 22 356 200
8.635901 -0.630889 0.615312 22 22 22 360 200
8.644626 -0.693899 0.615933 22 22 22 364 200
8.653366 -0.757037 0.616556 21 21 21 368 200
8.662126 -0.820302 0.617180 21 21 21 372 200
8.670901 -0.883695 0.617804 21 21 21 376 200
8.679697 -0.947218 0.618431 21 21 21 380 200
8.688509 -1.010869 0.619059 21 21 21 384 200
8.697341 -1.074650 0.619688 20 20 20 388 200
8.706189 -1.138560 0.620318 20 20 20 392 200
8.715055 -1.202601 0.620950 20 20 20 396 200
8.723939 -1.266772 0.621583 20 20 20 400 200
8.732843 -1.331074 0.622217 19 19 19 404 200
8.741763 -1.395508 0.622853 19 19 19 408 200
8.750703 -1.460073 0.623490 19 19 19 412 200
4.012509 -0.698447 0.285892 146 146 146 416 200
3.994532 -0.724139 0.284611 147 147 147 420 200
3.992967 -0.752666 0.284500 147 147 147 424 200
4.015131 -0.785814 0.286079 146 146 146 428 200
8.795673 -1.784891 0.626694 18 18 18 432 200
8.804724 -1.850255 0.627339 17 17 17 436 200
8.813791 -1.915755 0.627985 17 17 17 440 200
8.822880 -1.981389 0.628633 17 17 17 444 200
8.831985 -2.047159 0.629281 17 17 17 448 200
8.841109 -2.113064 0.629932 16 16 16 452 200
8.850252 -2.179106 0.630583 16 16 16 456 200
8.859416 -2.245285 0.631236 16 16 16 460 200
8.868597 -2.311601 0.631890 16 16 16 464 200
8.877798 -2.378054 0.632546 15 15 15 468 200
8.887016 -2.444646 0.633202 15 15 15 472 200
8.896256 -2.511376 0.633861 15 15 15 476 200
8.905514 -2.578244 0.634520 15 15 15 480 200
8.914791 -2.645253 0.635181 14 14 14 484 200
8.924088 -2.712401 0.635844 14 14 14 488 200
8.933404 -2.779689 0.636508 14 14 14 492 200
8.942739 -2.847117 0.637173 14 14 14 496 200
8.952095 -2.914688 0.637839 13 13 13 500 200
8.578381 -2.854906 0.611212 23 23 23 504 200
8.970864 -3.050252 0.639177 13 13 13 508 200
8.980277 -3.118248 0.639847 13 13 13 512 200
8.989712 -3.186386 0.640519 12 12 12 516 200
8.999166 -3.254668 0.641193 12 12 12 520 200
9.008638 -3.323094 0.641868 12 12 12 524 200
9.018131 -3.391663 0.642544 12 12 12 528 200
9.027646 -3.460378 0.643222 11 11 11 532 200
8.279873 -3.233492 0.589943 32 32 32 536 200
8.240184 -3.277447 0.587115 33 33 33 540 200
8.029871 -3.251734 0.572131 38 38 38 544 200
8.014276 -3.303244 0.571019 39 39 39 548 200
9.075516 -3.806137 0.646633 10 10 10 552 200
9.085152 -3.875730 0.647320 10 10 10 556 200
8.192949 -3.554230 0.583750 34 34 34 560 200
7.933981 -3.499130 0.565298 41 41 41 564 200
7.912534 -3.546763 0.563770 41 41 41 568 200
9.123898 -4.155583 0.650080 9 9 9 572 200
9.133635 -4.225919 0.650774 9 9 9 576 200
9.143394 -4.296406 0.651469 8 8 8 580 200
9.153173 -4.367043 0.652166 8 8 8 584 200
9.032274 -4.374532 0.643552 11 11 11 588 200
8.614319 -4.234261 0.613773 23 23 23 592 200
8.789233 -4.383654 0.626235 18 18 18 596 200
8.672550 -4.388033 0.617922 21 21 21 600 200
8.558926 -4.392297 0.609826 24 24 24 604 200
8.448240 -4.396451 0.601939 27 27 27 608 200
8.340382 -4.400500 0.594255 30 30 30 612 200
8.235241 -4.404445 0.586763 33 33 33 616 200
8.132720 -4.408293 0.579459 35 35 35 620 200
8.032720 -4.412046 0.572334 38 38 38 624 200
7.935147 -4.415708 0.565381 41 41 41 628 200
7.839919 -4.419282 0.558596 43 43 43 632 200
7.746947 -4.422771 0.551972 46 46 46 636 200
7.765957 4.475651 0.497295 45 45 45 0 204
7.773012 4.423633 0.497747 45 45 45 4 204
7.780080 4.371520 0.498199 45 45 45 8 204
7.787159 4.319311 0.498652 45 45 45 12 204
7.794251 4.267008 0.499107 45 45 45 16 204
7.801358 4.214610 0.499562 44 44 44 20 204
7.808476 4.162116 0.500018 44 44 44 24 204
7.815608 4.109525 0.500474 44 44 44 28 204
7.822753 4.056839 0.500932 44 44 44 32 204
7.829911 4.004057 0.501390 44 44 44 36 204
7.837082 3.951178 0.501849 43 43 43 40 204
7.844266 3.898201 0.502309 43 43 43 44 204
7.851463 3.845128 0.502770 43 43 43 48 204
7.858675 3.791957 0.503232 43 43 43 52 204
7.865898 3.738688 0.503694 43 43 43 56 204
7.873134 3.685322 0.504158 42 42 42 60 204
7.880386 3.631857 0.504622 42 42 42 64 204
7.887650 3.578294 0.505087 42 42 42 68 204
7.894927 3.524631 0.505553 42 42 42 72 204
7.902217 3.470869 0.506020 42 42 42 76 204
7.909521 3.417009 0.506488 41 41 41 80 204
7.916839 3.363048 0.506956 41 41 41 84 204
7.924170 3.308987 0.507426 41 41 41 88 204
7.931514 3.254827 0.507896 41 41 41 92 204
7.938872 3.200565 0.508367 41 41 41 96 204
7.946244 3.146203 0.508839 41 41 41 100 204
7.948871 3.089890 0.509008 40 40 40 104 204
7.961029 3.037176 0.509786 40 40 40 108 204
7.968442 2.982510 0.510261 40 40 40 112 204
7.975868 2.927742 0.510736 40 40 40 116 204
7.983309 2.872872 0.511213 40 40 40 120 204
7.990765 2.817899 0.511690 39 39 39 124 204
7.998232 2.762824 0.512169 39 39 39 128 204
8.005714 2.707645 0.512648 39 39 39 132 204
8.013211 2.652364 0.513128 39 39 39 136 204
8.020722 2.596978 0.513609 39 39 39 140 204
8.028247 2.541489 0.514090 38 38 38 144 204
8.035786 2.485895 0.514573 38 38 38 148 204
8.043338 2.430197 0.515057 38 38 38 152 204
8.050906 2.374395 0.515541 38 38 38 156 204
8.058487 2.318486 0.516027 37 37 37 160 204
8.066083 2.262473 0.516513 37 37 37 164 204
8.073692 2.206354 0.517001 37 37 37 168 204
8.081317 2.150129 0.517489 37 37 37 172 204
8.088956 2.093798 0.517978 37 37 37 176 204
8.096610 2.037360 0.518468 36 36 36 180 204
8.104278 1.980815 0.518959 36 36 36 184 204
8.111959 1.924163 0.519451 36 36 36 188 204
8.119657 1.867404 0.519944 36 36 36 192 204
8.127368 1.810536 0.520438 36 36 36 196 204
8.135094 1.753561 0.520932 35 35 35 200 204
4.055343 0.844890 0.259685 145 145 145 204 204
4.047969 0.814146 0.259213 145 145 145 208 204
4.068653 0.788950 0.260537 145 145 145 212 204
8.166147 1.524572 0.522921 35 35 35 216 204
8.173947 1.467051 0.523420 34 34 34 220 204
8.181762 1.409421 0.523921 34 34 34 224 204
6.238051 1.029581 0.399455 87 87 87 228 204
6.215598 0.981028 0.398017 87 87 87 232 204
6.233538 0.938883 0.399166 87 87 87 236 204
8.213171 1.177792 0.525932 33 33 33 240 204
8.221063 1.119606 0.526437 33 33 33 244 204
6.240213 0.804815 0.399593 86 86 86 248 204
6.222746 0.757663 0.398475 87 87 87 252 204
6.244400 0.715245 0.399861 86 86 86 256 204
8.252776 0.885742 0.528468 32 32 32 260 204
8.260741 0.826994 0.528978 32 32 32 264 204
8.268724 0.768133 0.529489 32 32 32 268 204
8.276721 0.709157 0.530002 32 32 32 272 204
8.284735 0.650067 0.530515 31 31 31 276 204
8.292762 0.590863 0.531029 31 31 31 280 204
8.300807 0.531544 0.531544 31 31 31 284 204
8.308866 0.472110 0.532060 31 31 31 288 204
8.316942 0.412560 0.532577 31 31 31 292 204
8.325032 0.352894 0.533095 30 30 30 296 204
8.333139 0.293112 0.533614 30 30 30 300 204
8.341261 0.233214 0.534134 30 30 30 304 204
8.349401 0.173199 0.534656 30 30 30 308 204
8.357554 0.113066 0.535178 29 29 29 312 204
8.365725 0.052816 0.535701 29 29 29 316 204
8.373910 -0.007552 0.536225 29 29 29 320 204
8.382113 -0.068038 0.536750 29 29 29 324 204
8.390331 -0.128643 0.537277 29 29 29 328 204
8.398566 -0.189367 0.537804 28 28 28 332 204
8.406816 -0.250210 0.538332 28 28 28 336 204
8.415084 -0.311173 0.538862 28 28 28 340 204
8.423367 -0.372256 0.539392 28 28 28 344 204
8.431667 -0.433459 0.539923 27 27 27 348 204
8.439982 -0.494783 0.540456 27 27 27 352 204
8.448315 -0.556228 0.540990 27 27 27 356 204
8.456662 -0.617795 0.541524 27 27 27 360 204
8.465029 -0.679483 0.542060 27 27 27 364 204
8.473410 -0.741293 0.542595 26 26 26 368 204
8.481809 -0.803226 0.543133 26 26 26 372 204
8.490223 -0.865281 0.543672 26 26 26 376 204
8.498656 -0.927461 0.544212 26 26 26 380 204
8.507104 -0.989763 0.544753 25 25 25 384 204
8.515570 -1.052190 0.545295 25 25 25 388 204
8.524051 -1.114741 0.545838 25 25 25 392 204
8.532551 -1.177417 0.546382 25 25 25 396 204
8.541066 -1.240218 0.546928 24 24 24 400 204
8.549601 -1.303144 0.547474 24 24 24 404 204
8.558150 -1.366197 0.548022 24 24 24 408 204
8.566718 -1.429375 0.548570 24 24 24 412 204
4.020178 -0.699782 0.257432 146 146 146 416 204
4.002762 -0.725631 0.256317 147 147 147 420 204
4.002503 -0.754463 0.256300 147 147 147 424 204
4.038681 -0.790422 0.258617 146 146 146 428 204
8.609813 -1.747175 0.551330 23 23 23 432 204
8.618484 -1.811118 0.551885 22 22 22 436 204
8.627172 -1.875191 0.552441 22 22 22 440 204
8.635880 -1.939394 0.552999 22 22 22 444 204
8.644602 -2.003725 0.553558 22 22 22 448 204
8.653345 -2.068188 0.554117 21 21 21 452 204
8.662103 -2.132780 0.554678 21 21 21 456 204
8.670880 -2.197504 0.555240 21 21 21 460 204
8.679675 -2.262358 0.555803 21 21 21 464 204
8.688488 -2.327345 0.556368 21 21 21 468 204
8.697317 -2.392463 0.556933 20 20 20 472 204
8.706166 -2.457714 0.557500 20 20 20 476 204
8.715032 -2.523098 0.558067 20 20 20 480 204
8.723918 -2.588616 0.558636 20 20 20 484 204
8.732820 -2.654266 0.559206 19 19 19 488 204
8.741741 -2.720052 0.559778 19 19 19 492 204
8.750679 -2.785971 0.560350 19 19 19 496 204
8.759638 -2.852026 0.560924 19 19 19 500 204
8.603698 -2.863332 0.550938 23 23 23 504 204
8.777607 -2.984541 0.562074 18 18 18 508 204
8.786619 -3.051003 0.562652 18 18 18 512 204
8.795651 -3.117602 0.563230 18 18 18 516 204
8.804700 -3.184337 0.563809 17 17 17 520 204
8.813768 -3.251210 0.564390 17 17 17 524 204
8.822855 -3.318221 0.564972 17 17 17 528 204
8.831962 -3.385371 0.565555 17 17 17 532 204
8.841085 -3.452659 0.566139 16 16 16 536 204
8.275685 -3.291567 0.529934 32 32 32 540 204
8.068810 -3.267503 0.516687 37 37 37 544 204
8.049856 -3.317909 0.515473 38 38 38 548 204
8.877773 -3.723207 0.568489 15 15 15 552 204
8.886993 -3.791196 0.569079 15 15 15 556 204
8.214187 -3.563443 0.525996 33 33 33 560 204
8.905490 -3.927596 0.570264 15 15 15 564 204
8.914767 -3.996010 0.570858 14 14 14 568 204
8.924065 -4.064567 0.571453 14 14 14 572 204
8.933380 -4.133266 0.572049 14 14 14 576 204
8.942717 -4.202109 0.572647 14 14 14 580 204
8.952070 -4.271096 0.573246 13 13 13 584 204
8.961446 -4.340228 0.573847 13 13 13 588 204
8.639865 -4.246818 0.553254 22 22 22 592 204
8.785558 -4.381821 0.562584 18 18 18 596 204
8.668974 -4.386223 0.555118 21 21 21 600 204
8.555443 -4.390510 0.547848 24 24 24 604 204
8.444848 -4.394686 0.540766 27 27 27 608 204
8.337073 -4.398754 0.533865 30 30 30 612 204
8.232017 -4.402720 0.527138 33 33 33 616 204
8.129575 -4.406589 0.520578 36 36 36 620 204
8.029651 -4.410361 0.514179 38 38 38 624 204
7.932153 -4.414042 0.507936 41 41 41 628 204
7.836995 -4.417634 0.501842 43 43 43 632 204
7.744093 -4.421142 0.495893 46 46 46 636 204
7.620708 4.391942 0.433009 49 49 49 0 208
7.627501 4.340822 0.433395 49 49 49 4 208
7.634305 4.289611 0.433781 49 49 49 8 208
7.641122 4.238309 0.434169 49 49 49 12 208
7.647952 4.186915 0.434557 49 49 49 16 208
7.654793 4.135430 0.434945 48 48 48 20 208
7.661646 4.083851 0.435335 48 48 48 24 208
7.668513 4.032181 0.435725 48 48 48 28 208
7.675391 3.980418 0.436116 48 48 48 32 208
7.682281 3.928562 0.436507 48 48 48 36 208
7.689184 3.876613 0.436899 47 47 47 40 208
7.696100 3.824570 0.437292 47 47 47 44 208
7.703028 3.772434 0.437686 47 47 47 48 208
7.709968 3.720203 0.438080 47 47 47 52 208
7.716921 3.667879 0.438475 47 47 47 56 208
7.723887 3.615461 0.438871 46 46 46 60 208
7.730865 3.562947 0.439268 46 46 46 64 208
7.737855 3.510338 0.439665 46 46 46 68 208
7.744859 3.457634 0.440063 46 46 46 72 208
7.751875 3.404835 0.440461 46 46 46 76 208
7.758903 3.351940 0.440861 46 46 46 80 208
7.765944 3.298949 0.441261 45 45 45 84 208
7.772999 3.245862 0.441662 45 45 45 88 208
7.780066 3.192677 0.442063 45 45 45 92 208
7.787146 3.139396 0.442466 45 45 45 96 208
7.794239 3.086019 0.442868 45 45 45 100 208
7.801344 3.032544 0.443272 44 44 44 104 208
7.808462 2.978971 0.443677 44 44 44 108 208
7.815594 2.925300 0.444082 44 44 44 112 208
7.822739 2.871531 0.444488 44 44 44 116 208
7.829896 2.817664 0.444895 44 44 44 120 208
7.837066 2.763699 0.445302 43 43 43 124 208
7.844251 2.709634 0.445710 43 43 43 128 208
7.851448 2.655470 0.446119 43 43 43 132 208
7.858657 2.601206 0.446529 43 43 43 136 208
7.865881 2.546843 0.446939 43 43 43 140 208
7.873118 2.492380 0.447350 42 42 42 144 208
7.880369 2.437817 0.447762 42 42 42 148 208
7.887632 2.383152 0.448175 42 42 42 152 208
7.894908 2.328387 0.448589 42 42 42 156 208
7.902199 2.273521 0.449003 42 42 42 160 208
7.909503 2.218554 0.449418 42 42 42 164 208
7.916820 2.163484 0.449834 41 41 41 168 208
7.924151 2.108313 0.450250 41 41 41 172 208
7.931496 2.053040 0.450667 41 41 41 176 208
7.938854 1.997664 0.451085 41 41 41 180 208
7.946226 1.942185 0.451504 41 41 41 184 208
7.953611 1.886603 0.451924 40 40 40 188 208
7.961010 1.830917 0.452344 40 40 40 192 208
7.968423 1.775128 0.452766 40 40 40 196 208
7.975850 1.719235 0.453188 40 40 40 200 208
4.068218 0.847572 0.231156 145 145 145 204 208
4.059650 0.816496 0.230669 145 145 145 208 208
4.079042 0.790965 0.231771 145 145 145 212 208
8.005696 1.494617 0.454883 39 39 39 216 208
8.013192 1.438199 0.455309 39 39 39 220 208
8.020703 1.381676 0.455736 39 39 39 224 208
6.270559 1.034946 0.356293 86 86 86 228 208
6.244431 0.985579 0.354808 86 86 86 232 208
6.259830 0.942843 0.355683 86 86 86 236 208
8.050886 1.154520 0.457451 38 38 38 240 208
8.058467 1.097463 0.457882 37 37 37 244 208
6.275357 0.809347 0.356566 86 86 86 248 208
6.251743 0.761194 0.355224 86 86 86 252 208
6.273752 0.718607 0.356474 86 86 86 256 208
8.088936 0.868158 0.459613 37 37 37 260 208
8.096590 0.810561 0.460048 36 36 36 264 208
8.104258 0.752854 0.460484 36 36 36 268 208
8.111940 0.695039 0.460920 36 36 36 272 208
8.119637 0.637113 0.461358 36 36 36 276 208
8.127349 0.579077 0.461796 36 36 36 280 208
8.135074 0.520931 0.462235 35 35 35 284 208
8.142815 0.462675 0.462674 35 35 35 288 208
8.150571 0.404307 0.463115 35 35 35 292 208
8.158341 0.345828 0.463557 35 35 35 296 208
8.166126 0.287238 0.463999 35 35 35 300 208
8.173926 0.228535 0.464442 34 34 34 304 208
8.181742 0.169721 0.464886 34 34 34 308 208
8.189571 0.110793 0.465331 34 34 34 312 208
8.197416 0.051753 0.465777 34 34 34 316 208
8.205276 -0.007400 0.466224 34 34 34 320 208
8.213151 -0.066667 0.466671 33 33 33 324 208
8.221041 -0.126048 0.467119 33 33 33 328 208
8.228947 -0.185543 0.467568 33 33 33 332 208
8.236867 -0.245152 0.468019 33 33 33 336 208
8.244804 -0.304877 0.468469 32 32 32 340 208
8.252754 -0.364716 0.468921 32 32 32 344 208
8.260721 -0.424671 0.469374 32 32 32 348 208
8.268703 -0.484742 0.469827 32 32 32 352 208
8.276701 -0.544929 0.470282 32 32 32 356 208
8.284714 -0.605233 0.470737 31 31 31 360 208
8.292742 -0.665653 0.471192 31 31 31 364 208
8.300785 -0.726191 0.471649 31 31 31 368 208
8.308845 -0.786846 0.472107 31 31 31 372 208
8.316920 -0.847619 0.472566 31 31 31 376 208
8.325011 -0.908511 0.473026 30 30 30 380 208
8.333118 -0.969521 0.473486 30 30 30 384 208
8.341240 -1.030650 0.473948 30 30 30 388 208
8.349379 -1.091898 0.474410 30 30 30 392 208
8.357533 -1.153266 0.474874 29 29 29 396 208
8.365703 -1.214754 0.475338 29 29 29 400 208
4.139585 -0.630962 0.235210 143 143 143 404 208
4.107100 -0.655645 0.233365 144 144 144 408 208
4.106843 -0.685235 0.233350 144 144 144 412 208
4.031185 -0.701698 0.229051 146 146 146 416 208
4.013599 -0.727596 0.228052 146 146 146 420 208
4.015302 -0.756876 0.228149 146 146 146 424 208
4.103827 -0.803173 0.233179 144 144 144 428 208
8.431644 -1.711019 0.479085 27 27 27 432 208
8.439960 -1.773603 0.479557 27 27 27 436 208
8.448293 -1.836310 0.480030 27 27 27 440 208
8.456641 -1.899142 0.480505 27 27 27 444 208
8.465007 -1.962097 0.480980 27 27 27 448 208
8.473389 -2.025177 0.481456 26 26 26 452 208
8.481787 -2.088383 0.481934 26 26 26 456 208
8.490202 -2.151713 0.482412 26 26 26 460 208
8.498633 -2.215170 0.482891 26 26 26 464 208
8.507082 -2.278753 0.483371 25 25 25 468 208
8.515547 -2.342462 0.483852 25 25 25 472 208
8.524030 -2.406298 0.484334 25 25 25 476 208
8.532529 -2.470262 0.484817 25 25 25 480 208
8.541045 -2.534353 0.485301 24 24 24 484 208
8.549578 -2.598572 0.485785 24 24 24 488 208
8.558127 -2.662919 0.486271 24 24 24 492 208
8.566695 -2.727396 0.486758 24 24 24 496 208
8.575279 -2.792001 0.487246 24 24 24 500 208
8.583881 -2.856737 0.487735 23 23 23 504 208
8.592501 -2.921602 0.488224 23 23 23 508 208
8.601137 -2.986598 0.488715 23 23 23 512 208
8.609791 -3.051724 0.489207 23 23 23 516 208
8.618462 -3.116982 0.489699 22 22 22 520 208
8.627151 -3.182371 0.490193 22 22 22 524 208
8.635857 -3.247892 0.490688 22 22 22 528 208
8.324807 -3.190974 0.473014 30 30 30 532 208
8.268151 -3.228914 0.469795 32 32 32 536 208
8.264187 -3.286994 0.469570 32 32 32 540 208
8.105933 -3.282536 0.460578 36 36 36 544 208
8.086309 -3.332934 0.459463 37 37 37 548 208
8.260654 -3.464396 0.469369 32 32 32 552 208
8.262405 -3.524746 0.469468 32 32 32 556 208
8.235535 -3.572704 0.467942 33 33 33 560 208
8.338628 -3.677592 0.473799 30 30 30 564 208
8.424603 -3.776296 0.478684 28 28 28 568 208
8.732797 -3.977451 0.496196 19 19 19 572 208
8.741718 -4.044589 0.496703 19 19 19 576 208
8.750656 -4.111862 0.497211 19 19 19 580 208
8.759613 -4.179273 0.497720 19 19 19 584 208
8.695474 -4.211411 0.494075 20 20 20 588 208
8.777583 -4.314511 0.498741 18 18 18 592 208
8.781882 -4.379988 0.498985 18 18 18 596 208
8.665396 -4.384413 0.492366 21 21 21 600 208
8.551961 -4.388722 0.485921 24 24 24 604 208
8.441455 -4.392920 0.479642 27 27 27 608 208
8.333767 -4.397010 0.473523 30 30 30 612 208
8.228793 -4.400997 0.467559 33 33 33 616 208
8.126431 -4.404885 0.461742 36 36 36 620 208
8.026585 -4.408677 0.456069 38 38 38 624 208
7.929161 -4.412376 0.450533 41 41 41 628 208
7.834073 -4.415987 0.445131 44 44 44 632 208
7.741241 -4.419513 0.439856 46 46 46 636 208
7.480792 4.311305 0.371083 53 53 53 0 212
7.487336 4.261054 0.371407 53 53 53 4 212
7.493894 4.210716 0.371733 53 53 53 8 212
7.500462 4.160288 0.372059 53 53 53 12 212
7.507042 4.109774 0.372385 52 52 52 16 212
7.513633 4.059169 0.372712 52 52 52 20 212
7.520236 4.008476 0.373039 52 52 52 24 212
7.526852 3.957694 0.373368 52 52 52 28 212
7.533478 3.906822 0.373696 52 52 52 32 212
7.540116 3.855861 0.374026 51 51 51 36 212
7.546766 3.804811 0.374355 51 51 51 40 212
7.553428 3.753670 0.374686 51 51 51 44 212
7.560101 3.702437 0.375017 51 51 51 48 212
7.566786 3.651115 0.375349 51 51 51 52 212
7.573483 3.599702 0.375681 51 51 51 56 212
7.580192 3.548198 0.376014 50 50 50 60 212
7.586913 3.496603 0.376347 50 50 50 64 212
7.593646 3.444916 0.376681 50 50 50 68 212
7.600389 3.393137 0.377015 50 50 50 72 212
7.607146 3.341266 0.377351 50 50 50 76 212
7.613915 3.289303 0.377686 49 49 49 80 212
7.620696 3.237247 0.378023 49 49 49 84 212
7.627488 3.185098 0.378360 49 49 49 88 212
7.634293 3.132857 0.378697 49 49 49 92 212
7.641110 3.080522 0.379035 49 49 49 96 212
7.647939 3.028094 0.379374 49 49 49 100 212
7.654780 2.975571 0.379713 48 48 48 104 212
7.661634 2.922955 0.380053 48 48 48 108 212
7.668500 2.870244 0.380394 48 48 48 112 212
7.675377 2.817439 0.380735 48 48 48 116 212
7.682268 2.764539 0.381077 48 48 48 120 212
7.689170 2.711544 0.381419 47 47 47 124 212
7.696085 2.658453 0.381762 47 47 47 128 212
7.703013 2.605267 0.382106 47 47 47 132 212
7.709953 2.551986 0.382450 47 47 47 136 212
7.716906 2.498607 0.382795 47 47 47 140 212
7.723871 2.445133 0.383141 46 46 46 144 212
7.730849 2.391562 0.383487 46 46 46 148 212
7.737839 2.337894 0.383834 46 46 46 152 212
7.744843 2.284130 0.384181 46 46 46 156 212
7.751857 2.230267 0.384529 46 46 46 160 212
7.758886 2.176307 0.384878 46 46 46 164 212
7.765927 2.122249 0.385227 45 45 45 168 212
7.772982 2.068093 0.385577 45 45 45 172 212
7.780048 2.013838 0.385927 45 45 45 176 212
7.787128 1.959485 0.386279 45 45 45 180 212
7.794220 1.905032 0.386630 45 45 45 184 212
7.801325 1.850481 0.386983 44 44 44 188 212
7.808444 1.795829 0.387336 44 44 44 192 212
7.815576 1.741078 0.387690 44 44 44 196 212
7.822720 1.686227 0.388044 44 44 44 200 212
4.081389 0.850316 0.202456 145 145 145 204 212
4.071399 0.818859 0.201961 145 145 145 208 212
4.089721 0.793035 0.202870 144 144 144 212 212
7.851429 1.465816 0.389468 43 43 43 216 212
7.858639 1.410460 0.389826 43 43 43 220 212
7.865862 1.355003 0.390184 43 43 43 224 212
6.293533 1.038738 0.312189 85 85 85 228 212
6.270738 0.989731 0.311058 86 86 86 232 212
6.290055 0.947396 0.312017 85 85 85 236 212
7.894890 1.132149 0.391624 42 42 42 240 212
7.902180 1.076179 0.391986 42 42 42 244 212
6.319638 0.815058 0.313484 84 84 84 248 212
6.277804 0.764367 0.311409 85 85 85 252 212
6.299694 0.721579 0.312495 85 85 85 256 212
7.931477 0.851259 0.393439 41 41 41 260 212
7.938835 0.794768 0.393804 41 41 41 264 212
7.946206 0.738172 0.394169 41 41 41 268 212
7.953592 0.681471 0.394536 40 40 40 272 212
7.960991 0.624665 0.394903 40 40 40 276 212
7.968404 0.567752 0.395271 40 40 40 280 212
7.975830 0.510734 0.395639 40 40 40 284 212
7.983271 0.453609 0.396008 40 40 40 288 212
7.990726 0.396378 0.396378 39 39 39 292 212
7.998195 0.339040 0.396748 39 39 39 296 212
8.005677 0.281594 0.397120 39 39 39 300 212
8.013173 0.224041 0.397491 39 39 39 304 212
8.020684 0.166380 0.397864 39 39 39 308 212
8.028209 0.108610 0.398237 38 38 38 312 212
8.035747 0.050733 0.398611 38 38 38 316 212
8.043300 -0.007254 0.398986 38 38 38 320 212
8.050867 -0.065350 0.399361 38 38 38 324 212
8.058448 -0.123555 0.399737 37 37 37 328 212
8.066044 -0.181870 0.400114 37 37 37 332 212
8.073653 -0.240294 0.400491 37 37 37 336 212
8.081278 -0.298830 0.400870 37 37 37 340 212
8.088917 -0.357476 0.401249 37 37 37 344 212
8.096570 -0.416232 0.401628 36 36 36 348 212
8.104239 -0.475101 0.402009 36 36 36 352 212
8.111919 -0.534080 0.402390 36 36 36 356 212
8.119617 -0.593171 0.402770 36 36 36 360 212
8.127328 -0.652375 0.403153 36 36 36 364 212
8.135055 -0.711692 0.403536 35 35 35 368 212
8.142796 -0.771121 0.403920 35 35 35 372 212
8.150551 -0.830664 0.404305 35 35 35 376 212
8.158321 -0.890320 0.404690 35 35 35 380 212
8.166107 -0.950090 0.405076 35 35 35 384 212
8.173906 -1.009974 0.405463 34 34 34 388 212
8.181722 -1.069973 0.405851 34 34 34 392 212
8.189551 -1.130086 0.406239 34 34 34 396 212
8.197395 -1.190315 0.406628 34 34 34 400 212
4.123369 -0.628491 0.204538 143 143 143 404 212
4.098680 -0.654300 0.203313 144 144 144 408 212
4.097303 -0.683644 0.203245 144 144 144 412 212
4.097059 -0.713164 0.203233 144 144 144 416 212
4.033795 -0.731257 0.200095 146 146 146 420 212
4.044788 -0.762434 0.200640 146 146 146 424 212
4.093410 -0.801134 0.203052 144 144 144 428 212
4.131013 -0.838299 0.204917 143 143 143 432 212
8.268682 -1.737610 0.410165 32 32 32 436 212
8.276680 -1.799009 0.410561 32 32 32 440 212
8.284693 -1.860526 0.410959 31 31 31 444 212
8.292721 -1.922163 0.411357 31 31 31 448 212
8.300765 -1.983920 0.411756 31 31 31 452 212
8.308825 -2.045796 0.412156 31 31 31 456 212
8.316900 -2.107793 0.412556 31 31 31 460 212
8.324990 -2.169910 0.412958 30 30 30 464 212
8.333097 -2.232148 0.413360 30 30 30 468 212
8.341220 -2.294508 0.413763 30 30 30 472 212
8.349359 -2.356989 0.414166 30 30 30 476 212
8.357512 -2.419592 0.414571 29 29 29 480 212
8.365683 -2.482318 0.414976 29 29 29 484 212
8.373868 -2.545166 0.415382 29 29 29 488 212
8.382071 -2.608138 0.415789 29 29 29 492 212
8.390289 -2.671233 0.416197 29 29 29 496 212
8.398523 -2.734452 0.416605 28 28 28 500 212
8.406775 -2.797795 0.417015 28 28 28 504 212
8.415041 -2.861263 0.417425 28 28 28 508 212
8.423325 -2.924855 0.417836 28 28 28 512 212
8.431623 -2.988573 0.418247 27 27 27 516 212
8.439939 -3.052417 0.418660 27 27 27 520 212
8.448272 -3.116386 0.419073 27 27 27 524 212
8.456620 -3.180482 0.419487 27 27 27 528 212
8.302912 -3.182581 0.411862 31 31 31 532 212
8.266309 -3.228194 0.410047 32 32 32 536 212
8.168849 -3.249074 0.405212 35 35 35 540 212
8.133363 -3.293644 0.403452 35 35 35 544 212
8.131571 -3.351589 0.403363 36 36 36 548 212
8.507060 -3.567735 0.421989 25 25 25 552 212
8.515526 -3.632727 0.422409 25 25 25 556 212
8.116304 -3.520980 0.402606 36 36 36 560 212
8.216360 -3.623668 0.407569 33 33 33 564 212
8.185836 -3.669269 0.406055 34 34 34 568 212
8.154903 -3.714244 0.404521 35 35 35 572 212
8.558106 -3.959635 0.424521 24 24 24 576 212
8.566673 -4.025410 0.424946 24 24 24 580 212
8.575258 -4.091316 0.425372 24 24 24 584 212
8.583859 -4.157354 0.425799 23 23 23 588 212
8.592479 -4.223526 0.426226 23 23 23 592 212
8.601115 -4.289830 0.426655 23 23 23 596 212
8.609768 -4.356267 0.427084 23 23 23 600 212
8.548478 -4.386936 0.424044 24 24 24 604 212
8.438063 -4.391155 0.418567 27 27 27 608 212
8.330462 -4.395266 0.413229 30 30 30 612 212
8.225573 -4.399274 0.408026 33 33 33 616 212
8.123290 -4.403182 0.402952 36 36 36 620 212
8.023520 -4.406994 0.398003 38 38 38 624 212
7.926171 -4.410713 0.393174 41 41 41 628 212
7.831156 -4.414343 0.388461 44 44 44 632 212
7.738391 -4.417887 0.383860 46 46 46 636 212
7.345920 4.233576 0.311390 57 57 57 0 216
7.352232 4.184165 0.311658 57 57 57 4 216
7.358554 4.134670 0.311926 56 56 56 8 216
7.364887 4.085089 0.312194 56 56 56 12 216
7.371231 4.035423 0.312463 56 56 56 16 216
7.377587 3.985672 0.312732 56 56 56 20 216
7.383953 3.935833 0.313002 56 56 56 24 216
7.390329 3.885910 0.313273 55 55 55 28 216
7.396718 3.835899 0.313543 55 55 55 32 216
7.403117 3.785803 0.313815 55 55 55 36 216
7.409527 3.735620 0.314086 55 55 55 40 216
7.415948 3.685349 0.314359 55 55 55 44 216
7.422380 3.634991 0.314631 55 55 55 48 216
7.428824 3.584547 0.314904 54 54 54 52 216
7.435279 3.534014 0.315178 54 54 54 56 216
7.441745 3.483393 0.315452 54 54 54 60 216
7.448222 3.432684 0.315727 54 54 54 64 216
7.454711 3.381888 0.316002 54 54 54 68 216
7.461211 3.331002 0.316277 54 54 54 72 216
7.467723 3.280028 0.316553 53 53 53 76 216
7.474246 3.228964 0.316830 53 53 53 80 216
7.480780 3.177812 0.317107 53 53 53 84 216
7.487324 3.126569 0.317384 53 53 53 88 216
7.493882 3.075237 0.317662 53 53 53 92 216
7.500450 3.023815 0.317941 53 53 53 96 216
7.507030 2.972302 0.318219 52 52 52 100 216
7.513622 2.920700 0.318499 52 52 52 104 216
7.520224 2.869006 0.318779 52 52 52 108 216
7.526839 2.817222 0.319059 52 52 52 112 216
7.533466 2.765347 0.319340 52 52 52 116 216
7.540103 2.713379 0.319621 51 51 51 120 216
7.546753 2.661321 0.319903 51 51 51 124 216
7.553414 2.609170 0.320186 51 51 51 128 216
7.560087 2.556928 0.320468 51 51 51 132 216
7.566772 2.504592 0.320752 51 51 51 136 216
7.573468 2.452165 0.321036 51 51 51 140 216
7.580177 2.399644 0.321320 50 50 50 144 216
7.586897 2.347030 0.321605 50 50 50 148 216
5.655449 1.708725 0.239732 102 102 102 152 216
5.660438 1.669391 0.239943 102 102 102 156 216
5.665453 1.629993 0.240156 102 102 102 160 216
5.670477 1.590525 0.240369 102 102 102 164 216
5.675511 1.550986 0.240582 102 102 102 168 216
7.627472 2.029378 0.323325 49 49 49 172 216
7.634276 1.976106 0.323613 49 49 49 176 216
7.641093 1.922738 0.323902 49 49 49 180 216
7.647922 1.869275 0.324192 49 49 49 184 216
7.654763 1.815716 0.324482 48 48 48 188 216
7.661616 1.762061 0.324772 48 48 48 192 216
7.668482 1.708310 0.325063 48 48 48 196 216
7.675360 1.654463 0.325355 48 48 48 200 216
4.091027 0.852324 0.173417 144 144 144 204 216
4.081055 0.820801 0.172994 145 145 145 208 216
4.096649 0.794379 0.173655 144 144 144 212 216
4.109524 0.767224 0.174201 144 144 144 216 216
4.111794 0.737981 0.174297 144 144 144 220 216
4.114330 0.708750 0.174404 144 144 144 224 216
4.117336 0.679560 0.174532 144 144 144 228 216
6.297176 0.993904 0.266934 85 85 85 232 216
6.331509 0.953639 0.268390 84 84 84 236 216
7.744824 1.110629 0.328299 46 46 46 240 216
7.751840 1.055704 0.328597 46 46 46 244 216
7.758868 1.000679 0.328895 46 46 46 248 216
6.304892 0.767665 0.267261 85 85 85 252 216
6.318864 0.723774 0.267854 84 84 84 256 216
6.410678 0.688036 0.271746 82 82 82 260 216
7.787110 0.779578 0.330092 45 45 45 264 216
7.794202 0.724051 0.330392 45 45 45 268 216
7.801307 0.668423 0.330694 44 44 44 272 216
7.808426 0.612694 0.330995 44 44 44 276 216
7.815557 0.556862 0.331298 44 44 44 280 216
7.822702 0.500929 0.331601 44 44 44 284 216
7.829859 0.444893 0.331904 44 44 44 288 216
7.837030 0.388754 0.332208 43 43 43 292 216
7.844213 0.332513 0.332512 43 43 43 296 216
7.851411 0.276168 0.332817 43 43 43 300 216
7.858621 0.219720 0.333123 43 43 43 304 216
7.865844 0.163168 0.333429 43 43 43 308 216
7.873081 0.106512 0.333736 42 42 42 312 216
7.880332 0.049751 0.334043 42 42 42 316 216
7.887595 -0.007114 0.334351 42 42 42 320 216
7.894871 -0.064083 0.334660 42 42 42 324 216
7.902162 -0.121159 0.334969 42 42 42 328 216
7.909465 -0.178339 0.335278 42 42 42 332 216
7.916782 -0.235626 0.335589 41 41 41 336 216
7.924114 -0.293018 0.335899 41 41 41 340 216
7.931458 -0.350517 0.336211 41 41 41 344 216
7.938816 -0.408123 0.336522 41 41 41 348 216
7.946187 -0.465835 0.336834 41 41 41 352 216
7.953574 -0.523654 0.337147 40 40 40 356 216
7.960972 -0.581582 0.337460 40 40 40 360 216
7.968385 -0.639617 0.337775 40 40 40 364 216
7.975812 -0.697761 0.338090 40 40 40 368 216
7.983252 -0.756012 0.338405 40 40 40 372 216
7.990707 -0.814373 0.338721 39 39 39 376 216
7.998176 -0.872843 0.339038 39 39 39 380 216
8.005658 -0.931422 0.339355 39 39 39 384 216
8.013154 -0.990111 0.339672 39 39 39 388 216
8.020664 -1.048910 0.339991 39 39 39 392 216
8.028190 -1.107819 0.340310 38 38 38 396 216
8.035728 -1.166839 0.340629 38 38 38 400 216
4.140761 -0.631142 0.175524 143 143 143 404 216
4.103191 -0.655021 0.173932 144 144 144 408 216
4.097343 -0.683650 0.173684 144 144 144 412 216
4.097520 -0.713244 0.173691 144 144 144 416 216
4.098142 -0.742922 0.173718 144 144 144 420 216
4.110457 -0.774812 0.174240 144 144 144 424 216
4.113667 -0.805098 0.174376 144 144 144 428 216
8.096551 -1.643019 0.343208 36 36 36 432 216
8.104218 -1.703049 0.343533 36 36 36 436 216
8.111900 -1.763192 0.343858 36 36 36 440 216
8.119597 -1.823450 0.344185 36 36 36 444 216
8.127309 -1.883822 0.344511 36 36 36 448 216
8.135035 -1.944309 0.344839 35 35 35 452 216
8.142775 -2.004911 0.345167 35 35 35 456 216
8.150531 -2.065629 0.345496 35 35 35 460 216
8.158301 -2.126462 0.345825 35 35 35 464 216
8.166086 -2.187412 0.346155 35 35 35 468 216
8.173886 -2.248478 0.346486 34 34 34 472 216
8.181702 -2.309660 0.346817 34 34 34 476 216
8.189531 -2.370960 0.347149 34 34 34 480 216
8.197376 -2.432377 0.347481 34 34 34 484 216
8.205236 -2.493912 0.347815 34 34 34 488 216
8.213111 -2.555565 0.348148 33 33 33 492 216
8.221002 -2.617336 0.348483 33 33 33 496 216
8.228906 -2.679226 0.348818 33 33 33 500 216
8.236827 -2.741236 0.349154 33 33 33 504 216
8.244763 -2.803365 0.349490 32 32 32 508 216
8.252713 -2.865614 0.349827 32 32 32 512 216
8.260680 -2.927983 0.350165 32 32 32 516 216
8.268661 -2.990472 0.350503 32 32 32 520 216
8.276660 -3.053082 0.350842 32 32 32 524 216
8.284672 -3.115814 0.351182 31 31 31 528 216
8.292700 -3.178667 0.351522 31 31 31 532 216
8.134198 -3.176602 0.344803 35 35 35 536 216
8.120153 -3.229706 0.344208 36 36 36 540 216
8.131460 -3.292873 0.344687 36 36 36 544 216
8.324969 -3.431303 0.352890 30 30 30 548 216
8.333076 -3.494769 0.353234 30 30 30 552 216
8.341199 -3.558359 0.353578 30 30 30 556 216
7.980462 -3.462049 0.338287 40 40 40 560 216
8.357491 -3.685912 0.354269 29 29 29 564 216
8.365662 -3.749875 0.354615 29 29 29 568 216
8.373848 -3.813964 0.354962 29 29 29 572 216
8.382050 -3.878178 0.355310 29 29 29 576 216
8.110233 -3.810933 0.343788 36 36 36 580 216
8.398502 -4.006985 0.356007 28 28 28 584 216
8.406753 -4.071578 0.356357 28 28 28 588 216
8.415019 -4.136298 0.356707 28 28 28 592 216
8.423303 -4.201146 0.357058 28 28 28 596 216
8.431602 -4.266121 0.357410 27 27 27 600 216
8.439918 -4.331224 0.357763 27 27 27 604 216
8.434673 -4.389391 0.357540 27 27 27 608 216
8.327160 -4.393523 0.352983 30 30 30 612 216
8.222352 -4.397552 0.348540 33 33 33 616 216
8.120151 -4.401480 0.344208 36 36 36 620 216
8.020458 -4.405312 0.339982 39 39 39 624 216
7.923183 -4.409050 0.335859 41 41 41 628 216
7.828238 -4.412699 0.331834 44 44 44 632 216
7.735543 -4.416261 0.327905 46 46 46 636 216
7.215825 4.158601 0.253812 60 60 60 0 220
7.221916 4.110003 0.254026 60 60 60 4 220
7.228015 4.061322 0.254240 60 60 60 8 220
7.234126 4.012560 0.254455 60 60 60 12 220
7.240247 3.963715 0.254671 60 60 60 16 220
7.246378 3.914787 0.254886 59 59 59 20 220
7.252520 3.865777 0.255102 59 59 59 24 220
7.258671 3.816683 0.255319 59 59 59 28 220
7.264834 3.767505 0.255535 59 59 59 32 220
7.271007 3.718245 0.255753 59 59 59 36 220
7.277190 3.668900 0.255970 59 59 59 40 220
7.283384 3.619472 0.256188 58 58 58 44 220
7.289588 3.569959 0.256406 58 58 58 48 220
7.295804 3.520361 0.256625 58 58 58 52 220
7.302030 3.470680 0.256844 58 58 58 56 220
7.308265 3.420913 0.257063 58 58 58 60 220
7.314512 3.371061 0.257283 58 58 58 64 220
7.320771 3.321124 0.257503 57 57 57 68 220
7.327038 3.271101 0.257723 57 57 57 72 220
7.333318 3.220993 0.257944 57 57 57 76 220
7.339608 3.170799 0.258166 57 57 57 80 220
7.345909 3.120519 0.258387 57 57 57 84 220
7.352220 3.070152 0.258609 57 57 57 88 220
7.358542 3.019698 0.258832 56 56 56 92 220
7.364876 2.969158 0.259054 56 56 56 96 220
7.371219 2.918530 0.259277 56 56 56 100 220
7.377575 2.867816 0.259501 56 56 56 104 220
7.383941 2.817014 0.259725 56 56 56 108 220
7.390318 2.766124 0.259949 55 55 55 112 220
7.396706 2.715146 0.260174 55 55 55 116 220
7.403105 2.664079 0.260399 55 55 55 120 220
7.409515 2.612925 0.260624 55 55 55 124 220
7.415936 2.561681 0.260850 55 55 55 128 220
7.422368 2.510349 0.261077 55 55 55 132 220
7.428812 2.458928 0.261303 54 54 54 136 220
7.435266 2.407417 0.261530 54 54 54 140 220
7.441732 2.355817 0.261758 54 54 54 144 220
5.547185 1.716039 0.195118 105 105 105 148 220
5.551964 1.677459 0.195286 105 105 105 152 220
5.556790 1.638823 0.195456 105 105 105 156 220
5.561624 1.600121 0.195626 105 105 105 160 220
5.566467 1.561350 0.195796 105 105 105 164 220
5.571317 1.522513 0.195967 104 104 104 168 220
5.576177 1.483607 0.196138 104 104 104 172 220
5.581045 1.444634 0.196309 104 104 104 176 220
5.585921 1.405592 0.196481 104 104 104 180 220
5.590806 1.366482 0.196653 104 104 104 184 220
5.595700 1.327304 0.196825 104 104 104 188 220
5.600602 1.288058 0.196997 104 104 104 192 220
5.605512 1.248742 0.197170 104 104 104 196 220
5.610432 1.209357 0.197343 103 103 103 200 220
4.106988 0.855649 0.144460 144 144 144 204 220
4.087595 0.822116 0.143778 144 144 144 208 220
4.086402 0.792392 0.143736 144 144 144 212 220
4.086655 0.762955 0.143745 144 144 144 216 220
4.087245 0.733574 0.143766 144 144 144 220 220
4.087843 0.704187 0.143787 144 144 144 224 220
4.088380 0.674781 0.143806 144 144 144 228 220
4.121735 0.650547 0.144979 144 144 144 232 220
5.655097 0.851759 0.198914 102 102 102 236 220
5.660104 0.811675 0.199090 102 102 102 240 220
5.665119 0.771519 0.199266 102 102 102 244 220
5.670144 0.731292 0.199443 102 102 102 248 220
5.675178 0.690993 0.199620 102 102 102 252 220
5.680220 0.650623 0.199798 102 102 102 256 220
5.685271 0.610181 0.199975 101 101 101 260 220
5.690330 0.569667 0.200153 101 101 101 264 220
5.695397 0.529081 0.200332 101 101 101 268 220
5.700474 0.488422 0.200510 101 101 101 272 220
5.705560 0.447691 0.200689 101 101 101 276 220
5.710654 0.406887 0.200868 101 101 101 280 220
5.715758 0.366010 0.201048 101 101 101 284 220
5.720872 0.325060 0.201228 100 100 100 288 220
5.725995 0.284037 0.201408 100 100 100 292 220
7.696050 0.326232 0.270703 47 47 47 296 220
7.702977 0.270947 0.270947 47 47 47 300 220
7.709917 0.215562 0.271191 47 47 47 304 220
7.716870 0.160077 0.271435 47 47 47 308 220
7.723835 0.104493 0.271680 47 47 47 312 220
7.730812 0.048807 0.271926 46 46 46 316 220
7.737803 -0.006978 0.272172 46 46 46 320 220
7.744806 -0.062865 0.272418 46 46 46 324 220
7.751822 -0.118853 0.272665 46 46 46 328 220
7.758849 -0.174943 0.272912 46 46 46 332 220
7.765892 -0.231135 0.273160 45 45 45 336 220
7.772945 -0.287428 0.273408 45 45 45 340 220
7.780012 -0.343824 0.273656 45 45 45 344 220
7.787091 -0.400322 0.273904 45 45 45 348 220
7.794184 -0.456924 0.274154 45 45 45 352 220
7.801289 -0.513628 0.274403 44 44 44 356 220
7.808408 -0.570436 0.274654 44 44 44 360 220
7.815539 -0.627348 0.274905 44 44 44 364 220
7.822683 -0.684364 0.275156 44 44 44 368 220
7.829840 -0.741484 0.275408 44 44 44 372 220
7.837011 -0.798709 0.275660 43 43 43 376 220
7.844195 -0.856039 0.275913 43 43 43 380 220
7.851392 -0.913474 0.276166 43 43 43 384 220
7.858602 -0.971015 0.276419 43 43 43 388 220
7.865826 -1.028661 0.276674 43 43 43 392 220
7.873062 -1.086413 0.276928 42 42 42 396 220
7.880312 -1.144272 0.277183 42 42 42 400 220
7.887576 -1.202237 0.277439 42 42 42 404 220
4.140900 -0.661040 0.145653 143 143 143 408 220
4.110083 -0.685776 0.144569 144 144 144 412 220
4.065458 -0.707663 0.142999 145 145 145 416 220
4.056686 -0.735406 0.142690 145 145 145 420 220
4.070508 -0.767282 0.143177 145 145 145 424 220
7.931439 -1.552286 0.278981 41 41 41 428 220
7.938797 -1.611006 0.279240 41 41 41 432 220
7.946168 -1.669836 0.279500 41 41 41 436 220
7.953554 -1.728774 0.279759 40 40 40 440 220
7.960953 -1.787823 0.280020 40 40 40 444 220
7.968366 -1.846981 0.280280 40 40 40 448 220
7.975792 -1.906250 0.280542 40 40 40 452 220
7.983233 -1.965629 0.280803 40 40 40 456 220
7.990687 -2.025119 0.281065 39 39 39 460 220
7.998156 -2.084720 0.281328 39 39 39 464 220
8.005637 -2.144433 0.281591 39 39 39 468 220
8.013135 -2.204258 0.281855 39 39 39 472 220
8.020645 -2.264194 0.282119 39 39 39 476 220
8.028171 -2.324244 0.282384 38 38 38 480 220
8.035707 -2.384406 0.282649 38 38 38 484 220
8.043261 -2.444681 0.282915 38 38 38 488 220
8.050827 -2.505069 0.283181 38 38 38 492 220
8.058410 -2.565572 0.283448 37 37 37 496 220
8.066005 -2.626188 0.283715 37 37 37 500 220
8.073615 -2.686919 0.283982 37 37 37 504 220
8.081238 -2.747764 0.284250 37 37 37 508 220
8.088878 -2.808725 0.284519 37 37 37 512 220
8.096530 -2.869800 0.284788 36 36 36 516 220
8.104198 -2.930992 0.285058 36 36 36 520 220
8.111880 -2.992299 0.285328 36 36 36 524 220
8.119577 -3.053723 0.285599 36 36 36 528 220
8.127288 -3.115263 0.285870 36 36 36 532 220
8.135015 -3.176921 0.286142 35 35 35 536 220
8.142756 -3.238696 0.286414 35 35 35 540 220
8.150511 -3.300588 0.286687 35 35 35 544 220
8.158280 -3.362598 0.286960 35 35 35 548 220
8.166067 -3.424728 0.287234 35 35 35 552 220
8.173865 -3.486975 0.287509 34 34 34 556 220
7.957856 -3.452243 0.279911 40 40 40 560 220
8.189510 -3.611827 0.288059 34 34 34 564 220
8.197356 -3.674433 0.288335 34 34 34 568 220
8.205215 -3.737159 0.288611 34 34 34 572 220
8.213091 -3.800005 0.288888 33 33 33 576 220
8.129879 -3.820164 0.285961 36 36 36 580 220
8.098127 -3.863674 0.284845 36 36 36 584 220
8.236806 -3.989269 0.289722 33 33 33 588 220
8.244742 -4.052600 0.290002 32 32 32 592 220
8.252692 -4.116053 0.290281 32 32 32 596 220
8.260660 -4.179630 0.290561 32 32 32 600 220
8.268641 -4.243328 0.290842 32 32 32 604 220
8.276639 -4.307150 0.291124 32 32 32 608 220
8.284651 -4.371095 0.291405 31 31 31 612 220
8.219133 -4.395830 0.289101 33 33 33 616 220
8.117011 -4.399778 0.285509 36 36 36 620 220
8.017396 -4.403630 0.282005 39 39 39 624 220
7.920196 -4.407388 0.278586 41 41 41 628 220
7.825323 -4.411055 0.275249 44 44 44 632 220
7.732698 -4.414637 0.271991 46 46 46 636 220
7.090259 4.086235 0.198237 64 64 64 0 224
7.096138 4.038423 0.198401 63 63 63 4 224
7.102028 3.990532 0.198566 63 63 63 8 224
7.107927 3.942561 0.198731 63 63 63 12 224
7.113836 3.894511 0.198896 63 63 63 16 224
7.119755 3.846380 0.199062 63 63 63 20 224
7.125684 3.798170 0.199227 63 63 63 24 224
7.131622 3.749879 0.199393 62 62 62 28 224
7.137571 3.701508 0.199560 62 62 62 32 224
7.143529 3.653055 0.199726 62 62 62 36 224
7.149498 3.604522 0.199893 62 62 62 40 224
7.155477 3.555908 0.200060 62 62 62 44 224
7.161465 3.507212 0.200228 62 62 62 48 224
7.167464 3.458435 0.200396 61 61 61 52 224
7.173471 3.409575 0.200564 61 61 61 56 224
7.179490 3.360635 0.200732 61 61 61 60 224
7.185518 3.311611 0.200900 61 61 61 64 224
7.191557 3.262506 0.201069 61 61 61 68 224
7.197606 3.213317 0.201238 61 61 61 72 224
7.203666 3.164047 0.201408 61 61 61 76 224
7.209735 3.114692 0.201577 60 60 60 80 224
7.215815 3.065255 0.201747 60 60 60 84 224
7.221904 3.015734 0.201918 60 60 60 88 224
7.228004 2.966130 0.202088 60 60 60 92 224
7.234115 2.916441 0.202259 60 60 60 96 224
7.240235 2.866669 0.202430 60 60 60 100 224
7.246367 2.816813 0.202602 59 59 59 104 224
7.252508 2.766871 0.202773 59 59 59 108 224
7.258660 2.716845 0.202945 59 59 59 112 224
7.264822 2.666734 0.203118 59 59 59 116 224
7.270996 2.616539 0.203290 59 59 59 120 224
7.277179 2.566257 0.203463 59 59 59 124 224
7.283372 2.515890 0.203636 58 58 58 128 224
7.289577 2.465437 0.203810 58 58 58 132 224
7.295792 2.414898 0.203983 58 58 58 136 224
7.302017 2.364273 0.204158 58 58 58 140 224
7.308253 2.313562 0.204332 58 58 58 144 224
5.447567 1.685222 0.152309 108 108 108 148 224
5.452212 1.647320 0.152439 108 108 108 152 224
5.456866 1.609353 0.152569 108 108 108 156 224
5.461528 1.571322 0.152699 107 107 107 160 224
5.466197 1.533226 0.152830 107 107 107 164 224
5.470875 1.495064 0.152961 107 107 107 168 224
5.475561 1.456837 0.153092 107 107 107 172 224
5.480255 1.418545 0.153223 107 107 107 176 224
5.484957 1.380187 0.153354 107 107 107 180 224
5.489666 1.341762 0.153486 107 107 107 184 224
5.494384 1.303272 0.153618 107 107 107 188 224
5.499111 1.264716 0.153750 106 106 106 192 224
5.503845 1.226093 0.153882 106 106 106 196 224
5.508587 1.187404 0.154015 106 106 106 200 224
5.513338 1.148648 0.154148 106 106 106 204 224
4.094701 0.823545 0.114484 144 144 144 208 224
4.085507 0.792218 0.114227 144 144 144 212 224
4.085088 0.762662 0.114215 144 144 144 216 224
4.084911 0.733156 0.114210 144 144 144 220 224
4.084739 0.703652 0.114205 144 144 144 224 224
4.084545 0.674148 0.114200 145 145 145 228 224
4.110794 0.648820 0.114934 144 144 144 232 224
5.551640 0.836177 0.155219 105 105 105 236 224
5.556465 0.796813 0.155353 105 105 105 240 224
5.561298 0.757380 0.155489 105 105 105 244 224
5.566140 0.717878 0.155624 105 105 105 248 224
5.570991 0.678308 0.155760 104 104 104 252 224
5.575849 0.638668 0.155895 104 104 104 256 224
5.580717 0.598959 0.156032 104 104 104 260 224
5.585592 0.559181 0.156168 104 104 104 264 224
5.590477 0.519334 0.156304 104 104 104 268 224
5.595369 0.479416 0.156441 104 104 104 272 224
5.600272 0.439429 0.156578 104 104 104 276 224
5.605181 0.399372 0.156716 104 104 104 280 224
5.610100 0.359244 0.156853 103 103 103 284 224
5.615027 0.319046 0.156991 103 103 103 288 224
5.619963 0.278777 0.157129 103 103 103 292 224
5.624907 0.238437 0.157267 103 103 103 296 224
5.629860 0.198026 0.157406 103 103 103 300 224
5.634826 0.157544 0.157544 103 103 103 304 224
5.640746 0.117011 0.157710 103 103 103 308 224
5.645664 0.076378 0.157847 102 102 102 312 224
5.650644 0.035675 0.157987 102 102 102 316 224
5.655634 -0.005101 0.158126 102 102 102 320 224
5.660631 -0.045948 0.158266 102 102 102 324 224
5.665638 -0.086867 0.158406 102 102 102 328 224
5.670655 -0.127859 0.158546 102 102 102 332 224
5.675679 -0.168924 0.158687 102 102 102 336 224
5.680713 -0.210062 0.158827 102 102 102 340 224
5.685757 -0.251272 0.158967 101 101 101 344 224
5.690808 -0.292555 0.159109 101 101 101 348 224
5.695868 -0.333913 0.159250 101 101 101 352 224
5.700938 -0.375343 0.159392 101 101 101 356 224
5.706016 -0.416848 0.159534 101 101 101 360 224
5.711104 -0.458427 0.159676 101 101 101 364 224
5.716200 -0.500079 0.159819 101 101 101 368 224
5.721307 -0.541807 0.159961 100 100 100 372 224
5.726421 -0.583608 0.160104 100 100 100 376 224
5.731546 -0.625485 0.160248 100 100 100 380 224
5.736680 -0.667437 0.160391 100 100 100 384 224
5.741825 -0.709464 0.160535 100 100 100 388 224
5.746977 -0.751566 0.160679 100 100 100 392 224
5.752141 -0.793745 0.160823 100 100 100 396 224
5.757312 -0.835999 0.160968 99 99 99 400 224
5.762493 -0.878329 0.161113 99 99 99 404 224
5.767687 -0.920736 0.161258 99 99 99 408 224
4.100695 -0.684210 0.114651 144 144 144 412 224
4.060146 -0.706739 0.113517 145 145 145 416 224
4.051010 -0.734378 0.113262 145 145 145 420 224
4.062115 -0.765700 0.113572 145 145 145 424 224
7.779993 -1.522646 0.217520 45 45 45 428 224
7.787074 -1.580217 0.217718 45 45 45 432 224
7.794165 -1.637893 0.217916 45 45 45 436 224
7.801271 -1.695674 0.218115 44 44 44 440 224
7.808389 -1.753561 0.218314 44 44 44 444 224
7.815521 -1.811553 0.218513 44 44 44 448 224
7.822665 -1.869652 0.218713 44 44 44 452 224
7.829823 -1.927856 0.218913 44 44 44 456 224
7.836993 -1.986167 0.219114 43 43 43 460 224
7.844177 -2.044586 0.219315 43 43 43 464 224
7.851373 -2.103111 0.219516 43 43 43 468 224
7.858584 -2.161744 0.219717 43 43 43 472 224
7.865807 -2.220484 0.219919 43 43 43 476 224
7.873044 -2.279333 0.220122 42 42 42 480 224
7.880293 -2.338290 0.220324 42 42 42 484 224
7.887558 -2.397356 0.220527 42 42 42 488 224
7.894834 -2.456531 0.220731 42 42 42 492 224
7.902124 -2.515815 0.220935 42 42 42 496 224
7.909427 -2.575208 0.221139 42 42 42 500 224
7.916745 -2.634712 0.221343 41 41 41 504 224
7.924075 -2.694326 0.221548 41 41 41 508 224
7.931420 -2.754050 0.221754 41 41 41 512 224
7.938777 -2.813885 0.221959 41 41 41 516 224
7.946150 -2.873831 0.222166 41 41 41 520 224
7.953535 -2.933889 0.222372 40 40 40 524 224
7.960934 -2.994058 0.222579 40 40 40 528 224
7.968347 -3.054339 0.222786 40 40 40 532 224
7.975773 -3.114733 0.222994 40 40 40 536 224
7.983213 -3.175240 0.223202 40 40 40 540 224
7.990668 -3.235859 0.223410 39 39 39 544 224
7.998136 -3.296592 0.223619 39 39 39 548 224
8.005619 -3.357438 0.223828 39 39 39 552 224
8.013115 -3.418398 0.224038 39 39 39 556 224
7.973375 -3.458975 0.222927 40 40 40 560 224
8.028150 -3.540662 0.224458 38 38 38 564 224
8.035689 -3.601967 0.224669 38 38 38 568 224
8.043242 -3.663386 0.224880 38 38 38 572 224
3.135996 -1.450952 0.087679 170 170 170 576 224
3.110586 -1.461639 0.086969 171 171 171 580 224
3.098378 -1.478258 0.086627 171 171 171 584 224
3.092631 -1.497830 0.086467 171 171 171 588 224
3.098237 -1.522900 0.086623 171 171 171 592 224
3.129893 -1.561043 0.087508 170 170 170 596 224
8.096512 -4.096576 0.226370 36 36 36 600 224
8.104177 -4.158928 0.226584 36 36 36 604 224
8.111861 -4.221400 0.226799 36 36 36 608 224
8.119557 -4.283989 0.227014 36 36 36 612 224
8.127270 -4.346699 0.227229 36 36 36 616 224
8.113875 -4.398078 0.226855 36 36 36 620 224
8.014336 -4.401949 0.224072 39 39 39 624 224
7.917209 -4.405725 0.221356 41 41 41 628 224
7.822409 -4.409412 0.218706 44 44 44 632 224
7.729851 -4.413011 0.216118 46 46 46 636 224
6.968987 4.016344 0.144564 67 67 67 0 228
6.974668 3.969294 0.144681 67 67 67 4 228
6.980357 3.922167 0.144799 67 67 67 8 228
6.986056 3.874963 0.144918 66 66 66 12 228
6.991764 3.827682 0.145036 66 66 66 16 228
6.997481 3.780323 0.145155 66 66 66 20 228
7.003209 3.732888 0.145273 66 66 66 24 228
7.008945 3.685374 0.145392 66 66 66 28 228
7.014690 3.637782 0.145512 66 66 66 32 228
7.020444 3.590112 0.145631 65 65 65 36 228
7.026209 3.542364 0.145751 65 65 65 40 228
7.031983 3.494538 0.145870 65 65 65 44 228
7.037766 3.446633 0.145990 65 65 65 48 228
7.043560 3.398649 0.146110 65 65 65 52 228
7.049362 3.350586 0.146231 65 65 65 56 228
7.055174 3.302444 0.146351 65 65 65 60 228
7.060995 3.254222 0.146472 64 64 64 64 228
7.066827 3.205921 0.146593 64 64 64 68 228
7.072668 3.157540 0.146714 64 64 64 72 228
7.078518 3.109078 0.146836 64 64 64 76 228
7.084379 3.060537 0.146957 64 64 64 80 228
7.090249 3.011915 0.147079 64 64 64 84 228
7.096128 2.963212 0.147201 63 63 63 88 228
7.102018 2.914429 0.147323 63 63 63 92 228
7.107916 2.865564 0.147445 63 63 63 96 228
7.113825 2.816618 0.147568 63 63 63 100 228
7.119745 2.767592 0.147691 63 63 63 104 228
7.125673 2.718483 0.147814 63 63 63 108 228
7.131612 2.669292 0.147937 62 62 62 112 228
7.137560 2.620019 0.148060 62 62 62 116 228
7.143518 2.570665 0.148184 62 62 62 120 228
7.149487 2.521227 0.148308 62 62 62 124 228
7.155465 2.471707 0.148432 62 62 62 128 228
7.161454 2.422104 0.148556 62 62 62 132 228
7.167452 2.372418 0.148680 61 61 61 136 228
7.173460 2.322649 0.148805 61 61 61 140 228
5.347042 1.692704 0.110918 111 111 111 144 228
5.351498 1.655503 0.111011 110 110 110 148 228
5.355981 1.618245 0.111104 110 110 110 152 228
5.360473 1.580925 0.111197 110 110 110 156 228
5.364971 1.543542 0.111290 110 110 110 160 228
5.369477 1.506096 0.111383 110 110 110 164 228
5.373990 1.468588 0.111477 110 110 110 168 228
5.378511 1.431016 0.111571 110 110 110 172 228
5.383040 1.393381 0.111665 110 110 110 176 228
5.387577 1.355683 0.111759 109 109 109 180 228
5.392120 1.317921 0.111853 109 109 109 184 228
5.396673 1.280095 0.111948 109 109 109 188 228
5.401232 1.242205 0.112042 109 109 109 192 228
5.405799 1.204252 0.112137 109 109 109 196 228
5.410374 1.166234 0.112232 109 109 109 200 228
5.414957 1.128151 0.112327 109 109 109 204 228
5.419547 1.090004 0.112422 109 109 109 208 228
4.102706 0.795553 0.085106 144 144 144 212 228
4.100756 0.765587 0.085065 144 144 144 216 228
4.098565 0.735606 0.085020 144 144 144 220 228
4.095225 0.705459 0.084951 144 144 144 224 228
4.097325 0.676257 0.084994 144 144 144 228 228
4.104389 0.647809 0.085141 144 144 144 232 228
5.451899 0.821154 0.113093 108 108 108 236 228
5.456552 0.782485 0.113190 108 108 108 240 228
5.461214 0.743749 0.113286 107 107 107 244 228
5.465882 0.704947 0.113383 107 107 107 248 228
5.470560 0.666079 0.113480 107 107 107 252 228
5.475245 0.627145 0.113577 107 107 107 256 228
5.479939 0.588143 0.113675 107 107 107 260 228
5.484639 0.549075 0.113772 107 107 107 264 228
5.489349 0.509939 0.113870 107 107 107 268 228
5.494066 0.470737 0.113968 107 107 107 272 228
5.498792 0.431466 0.114066 106 106 106 276 228
5.503525 0.392129 0.114164 106 106 106 280 228
5.508266 0.352723 0.114262 106 106 106 284 228
5.513016 0.313250 0.114361 106 106 106 288 228
5.517774 0.273708 0.114460 106 106 106 292 228
5.522541 0.234098 0.114559 106 106 106 296 228
5.527315 0.194419 0.114658 106 106 106 300 228
5.532100 0.154672 0.114757 106 106 106 304 228
5.537819 0.114876 0.114875 105 105 105 308 228
5.542567 0.074983 0.114974 105 105 105 312 228
5.547368 0.035023 0.115074 105 105 105 316 228
5.552176 -0.005007 0.115173 105 105 105 320 228
5.556993 -0.045107 0.115273 105 105 105 324 228
5.561818 -0.085276 0.115373 105 105 105 328 228
5.566652 -0.125514 0.115474 105 105 105 332 228
5.571494 -0.165823 0.115573 104 104 104 336 228
5.576344 -0.206202 0.115674 104 104 104 340 228
5.581203 -0.246651 0.115775 104 104 104 344 228
5.586071 -0.287171 0.115876 104 104 104 348 228
5.590947 -0.327762 0.115977 104 104 104 352 228
5.595831 -0.368423 0.116078 104 104 104 356 228
5.600724 -0.409156 0.116180 104 104 104 360 228
5.605625 -0.449960 0.116281 104 104 104 364 228
5.610537 -0.490835 0.116383 103 103 103 368 228
5.615454 -0.531782 0.116485 103 103 103 372 228
5.620382 -0.572801 0.116587 103 103 103 376 228
5.625318 -0.613892 0.116690 103 103 103 380 228
5.630263 -0.655056 0.116792 103 103 103 384 228
5.635216 -0.696291 0.116895 103 103 103 388 228
5.640178 -0.737600 0.116998 103 103 103 392 228
5.645150 -0.778981 0.117101 102 102 102 396 228
5.650128 -0.820435 0.117204 102 102 102 400 228
5.655117 -0.861962 0.117308 102 102 102 404 228
5.660114 -0.903563 0.117412 102 102 102 408 228
4.094252 -0.683135 0.084930 144 144 144 412 228
4.064740 -0.707539 0.084318 145 145 145 416 228
4.057459 -0.735547 0.084167 145 145 145 420 228
4.069515 -0.767095 0.084417 145 145 145 424 228
5.685234 -1.112674 0.117933 101 101 101 428 228
5.690285 -1.154720 0.118037 101 101 101 432 228
5.695345 -1.196840 0.118142 101 101 101 436 228
5.700413 -1.239035 0.118247 101 101 101 440 228
5.705491 -1.281305 0.118353 101 101 101 444 228
5.710577 -1.323650 0.118458 101 101 101 448 228
5.715673 -1.366071 0.118564 101 101 101 452 228
5.720778 -1.408568 0.118670 100 100 100 456 228
5.725945 -1.451154 0.118777 100 100 100 460 228
7.696015 -2.005967 0.159644 47 47 47 464 228
7.702941 -2.063351 0.159787 47 47 47 468 228
7.709882 -2.120839 0.159931 47 47 47 472 228
7.716835 -2.178430 0.160075 47 47 47 476 228
7.723800 -2.236125 0.160220 47 47 47 480 228
7.730776 -2.293924 0.160365 46 46 46 484 228
7.737767 -2.351829 0.160510 46 46 46 488 228
7.744770 -2.409837 0.160655 46 46 46 492 228
7.751786 -2.467951 0.160800 46 46 46 496 228
7.758814 -2.526170 0.160946 46 46 46 500 228
7.765855 -2.584495 0.161092 45 45 45 504 228
7.772908 -2.642926 0.161239 45 45 45 508 228
7.779976 -2.701464 0.161385 45 45 45 512 228
7.787055 -2.760107 0.161532 45 45 45 516 228
7.794147 -2.818858 0.161679 45 45 45 520 228
7.801252 -2.877715 0.161827 44 44 44 524 228
7.808371 -2.936680 0.161974 44 44 44 528 228
7.815502 -2.995753 0.162122 44 44 44 532 228
7.822647 -3.054934 0.162270 44 44 44 536 228
7.829803 -3.114223 0.162419 44 44 44 540 228
7.836975 -3.173620 0.162568 43 43 43 544 228
7.844158 -3.233126 0.162717 43 43 43 548 228
7.851356 -3.292742 0.162866 43 43 43 552 228
7.858565 -3.352468 0.163015 43 43 43 556 228
7.865789 -3.412303 0.163165 43 43 43 560 228
7.873025 -3.472247 0.163315 42 42 42 564 228
7.880276 -3.532303 0.163466 42 42 42 568 228
3.150499 -1.434931 0.065353 170 170 170 572 228
3.117449 -1.442371 0.064667 171 171 171 576 228
3.099441 -1.456402 0.064294 171 171 171 580 228
3.086987 -1.472823 0.064035 171 171 171 584 228
3.079821 -1.491626 0.063887 172 172 172 588 228
3.081384 -1.514616 0.063919 172 172 172 592 228
3.091867 -1.542077 0.064137 171 171 171 596 228
7.938759 -4.016758 0.164679 41 41 41 600 228
7.946131 -4.077821 0.164832 41 41 41 604 228
7.953516 -4.138997 0.164985 40 40 40 608 228
7.960915 -4.200288 0.165139 40 40 40 612 228
7.968328 -4.261692 0.165292 40 40 40 616 228
7.975754 -4.323211 0.165446 40 40 40 620 228
7.983195 -4.384845 0.165601 40 40 40 624 228
7.914225 -4.404065 0.164170 41 41 41 628 228
7.819495 -4.407770 0.162205 44 44 44 632 228
7.727006 -4.411387 0.160286 46 46 46 636 228
6.851795 3.948804 0.092695 70 70 70 0 232
6.857285 3.902491 0.092770 70 70 70 4 232
6.862785 3.856105 0.092844 70 70 70 8 232
6.868293 3.809643 0.092918 70 70 70 12 232
6.873811 3.763108 0.092993 69 69 69 16 232
6.879336 3.716496 0.093068 69 69 69 20 232
6.884872 3.669811 0.093143 69 69 69 24 232
6.890415 3.623050 0.093218 69 69 69 28 232
6.895968 3.576214 0.093293 69 69 69 32 232
6.901530 3.529302 0.093368 69 69 69 36 232
6.907100 3.482314 0.093443 68 68 68 40 232
6.912680 3.435251 0.093519 68 68 68 44 232
6.918269 3.388111 0.093595 68 68 68 48 232
6.923867 3.340895 0.093670 68 68 68 52 232
6.929473 3.293602 0.093746 68 68 68 56 232
6.935090 3.246234 0.093822 68 68 68 60 232
6.940715 3.198788 0.093898 68 68 68 64 232
6.946349 3.151265 0.093974 67 67 67 68 232
6.951993 3.103665 0.094051 67 67 67 72 232
6.957645 3.055987 0.094127 67 67 67 76 232
6.963306 3.008232 0.094204 67 67 67 80 232
6.968978 2.960400 0.094281 67 67 67 84 232
6.974658 2.912489 0.094357 67 67 67 88 232
6.980348 2.864500 0.094434 67 67 67 92 232
6.986046 2.816432 0.094511 66 66 66 96 232
6.991754 2.768286 0.094589 66 66 66 100 232
6.997472 2.720062 0.094666 66 66 66 104 232
7.003198 2.671758 0.094743 66 66 66 108 232
7.008934 2.623375 0.094821 66 66 66 112 232
7.014680 2.574913 0.094899 66 66 66 116 232
7.020434 2.526372 0.094977 65 65 65 120 232
7.026198 2.477750 0.095055 65 65 65 124 232
7.031973 2.429049 0.095133 65 65 65 128 232
7.037756 2.380268 0.095211 65 65 65 132 232
7.043549 2.331406 0.095289 65 65 65 136 232
5.250154 1.699914 0.071027 113 113 113 140 232
5.254437 1.663388 0.071085 113 113 113 144 232
5.258759 1.626814 0.071144 113 113 113 148 232
5.263089 1.590178 0.071202 113 113 113 152 232
5.267426 1.553483 0.071261 113 113 113 156 232
5.271769 1.516727 0.071320 113 113 113 160 232
5.276120 1.479910 0.071378 112 112 112 164 232
5.280477 1.443033 0.071437 112 112 112 168 232
5.284842 1.406094 0.071496 112 112 112 172 232
5.289215 1.369095 0.071556 112 112 112 176 232
5.293595 1.332034 0.071615 112 112 112 180 232
5.297981 1.294911 0.071674 112 112 112 184 232
5.302375 1.257728 0.071734 112 112 112 188 232
5.306777 1.220482 0.071793 112 112 112 192 232
5.311186 1.183175 0.071853 111 111 111 196 232
5.315601 1.145805 0.071913 111 111 111 200 232
5.320025 1.108373 0.071972 111 111 111 204 232
5.324456 1.070879 0.072032 111 111 111 208 232
5.328894 1.033323 0.072092 111 111 111 212 232
5.333339 0.995703 0.072153 111 111 111 216 232
4.114517 0.738469 0.055664 144 144 144 220 232
4.107442 0.707563 0.055568 144 144 144 224 232
4.117875 0.679649 0.055709 144 144 144 228 232
4.155059 0.655806 0.056212 143 143 143 232 232
5.355680 0.806662 0.072455 110 110 110 236 232
5.360169 0.768663 0.072516 110 110 110 240 232
5.364668 0.730601 0.072576 110 110 110 244 232
5.369173 0.692475 0.072637 110 110 110 248 232
5.373686 0.654284 0.072698 110 110 110 252 232
5.378206 0.616030 0.072760 110 110 110 256 232
5.382734 0.577711 0.072821 110 110 110 260 232
5.387270 0.539327 0.072882 109 109 109 264 232
5.391813 0.500879 0.072944 109 109 109 268 232
5.396364 0.462366 0.073005 109 109 109 272 232
5.400923 0.423787 0.073067 109 109 109 276 232
5.405489 0.385144 0.073129 109 109 109 280 232
5.410063 0.346435 0.073191 109 109 109 284 232
5.414645 0.307660 0.073252 109 109 109 288 232
5.419235 0.268820 0.073315 109 109 109 292 232
5.423832 0.229914 0.073377 108 108 108 296 232
5.428437 0.190941 0.073439 108 108 108 300 232
5.433053 0.151903 0.073502 108 108 108 304 232
5.438582 0.112817 0.073576 108 108 108 308 232
5.443168 0.073638 0.073638 108 108 108 312 232
5.447798 0.034394 0.073701 108 108 108 316 232
5.452435 -0.004917 0.073764 108 108 108 320 232
5.457080 -0.044296 0.073827 108 108 108 324 232
5.461733 -0.083741 0.073890 107 107 107 328 232
5.466395 -0.123253 0.073952 107 107 107 332 232
5.471064 -0.162834 0.074015 107 107 107 336 232
5.475741 -0.202482 0.074078 107 107 107 340 232
5.480426 -0.242198 0.074142 107 107 107 344 232
5.485119 -0.281981 0.074205 107 107 107 348 232
5.489820 -0.321833 0.074269 107 107 107 352 232
5.494530 -0.361754 0.074332 107 107 107 356 232
5.499247 -0.401743 0.074396 106 106 106 360 232
5.503973 -0.441800 0.074460 106 106 106 364 232
5.508707 -0.481927 0.074524 106 106 106 368 232
5.513448 -0.522122 0.074588 106 106 106 372 232
5.518198 -0.562387 0.074653 106 106 106 376 232
5.522956 -0.602722 0.074717 106 106 106 380 232
5.527722 -0.643126 0.074781 106 106 106 384 232
5.532497 -0.683599 0.074846 106 106 106 388 232
5.537280 -0.724143 0.074911 105 105 105 392 232
5.542071 -0.764757 0.074976 105 105 105 396 232
5.546870 -0.805441 0.075040 105 105 105 400 232
5.551678 -0.846196 0.075105 105 105 105 404 232
5.556495 -0.887022 0.075171 105 105 105 408 232
4.098090 -0.683775 0.055441 144 144 144 412 232
4.072319 -0.708858 0.055092 145 145 145 416 232
4.066589 -0.737202 0.055015 145 145 145 420 232
4.081034 -0.769266 0.055210 145 145 145 424 232
5.580699 -1.092216 0.075498 104 104 104 428 232
5.585567 -1.133469 0.075564 104 104 104 432 232
5.590443 -1.174795 0.075630 104 104 104 436 232
5.595325 -1.216193 0.075696 104 104 104 440 232
5.600218 -1.257663 0.075762 104 104 104 444 232
5.605119 -1.299206 0.075828 104 104 104 448 232
5.610028 -1.340822 0.075895 103 103 103 452 232
5.614946 -1.382510 0.075961 103 103 103 456 232
5.619873 -1.424272 0.076028 103 103 103 460 232
7.553346 -1.968780 0.102185 51 51 51 464 232
7.560019 -2.025067 0.102275 51 51 51 468 232
7.566703 -2.081453 0.102366 51 51 51 472 232
7.573400 -2.137939 0.102456 51 51 51 476 232
7.580108 -2.194525 0.102547 50 50 50 480 232
7.586829 -2.251211 0.102638 50 50 50 484 232
7.593561 -2.307998 0.102729 50 50 50 488 232
7.600305 -2.364886 0.102820 50 50 50 492 232
7.607061 -2.421875 0.102912 50 50 50 496 232
7.613828 -2.478965 0.103003 49 49 49 500 232
7.620610 -2.536157 0.103095 49 49 49 504 232
7.627401 -2.593451 0.103187 49 49 49 508 232
7.634207 -2.650848 0.103279 49 49 49 512 232
7.641023 -2.708346 0.103371 49 49 49 516 232
7.647851 -2.765948 0.103463 49 49 49 520 232
7.654692 -2.823652 0.103556 48 48 48 524 232
7.661546 -2.881460 0.103649 48 48 48 528 232
7.668411 -2.939371 0.103742 48 48 48 532 232
7.675290 -2.997387 0.103835 48 48 48 536 232
7.682178 -3.055506 0.103928 48 48 48 540 232
7.689082 -3.113730 0.104021 47 47 47 544 232
7.695996 -3.172059 0.104115 47 47 47 548 232
7.702924 -3.230492 0.104208 47 47 47 552 232
7.709864 -3.289031 0.104302 47 47 47 556 232
7.716816 -3.347676 0.104396 47 47 47 560 232
7.723781 -3.406426 0.104491 47 47 47 564 232
3.216203 -1.441650 0.043510 168 168 168 568 232
3.134413 -1.427604 0.042404 170 170 170 572 232
3.110165 -1.439001 0.042076 171 171 171 576 232
3.093960 -1.453827 0.041856 171 171 171 580 232
3.081182 -1.470054 0.041684 172 172 172 584 232
3.075843 -1.489699 0.041611 172 172 172 588 232
3.076633 -1.512281 0.041622 172 172 172 592 232
3.085334 -1.538819 0.041740 171 171 171 596 232
3.115091 -1.576136 0.042142 171 171 171 600 232
7.794128 -3.999816 0.105442 45 45 45 604 232
7.801235 -4.059751 0.105538 44 44 44 608 232
7.808352 -4.119793 0.105635 44 44 44 612 232
7.815484 -4.179947 0.105731 44 44 44 616 232
7.822628 -4.240210 0.105828 44 44 44 620 232
7.829787 -4.300584 0.105925 44 44 44 624 232
7.836956 -4.361067 0.106022 43 43 43 628 232
7.816585 -4.406129 0.105746 44 44 44 632 232
7.724164 -4.409765 0.104496 46 46 46 636 232
6.738479 3.883498 0.042543 73 73 73 0 236
6.743789 3.837900 0.042576 73 73 73 4 236
6.749108 3.792231 0.042610 73 73 73 8 236
6.754436 3.746490 0.042643 73 73 73 12 236
6.759771 3.700676 0.042677 72 72 72 16 236
6.765115 3.654789 0.042711 72 72 72 20 236
6.770468 3.608831 0.042744 72 72 72 24 236
6.775829 3.562799 0.042778 72 72 72 28 236
6.781199 3.516695 0.042812 72 72 72 32 236
6.786576 3.470517 0.042846 72 72 72 36 236
6.791963 3.424266 0.042880 72 72 72 40 236
6.797358 3.377941 0.042914 71 71 71 44 236
6.802763 3.331543 0.042948 71 71 71 48 236
6.808174 3.285071 0.042983 71 71 71 52 236
6.813595 3.238525 0.043017 71 71 71 56 236
6.819025 3.191905 0.043051 71 71 71 60 236
6.824463 3.145211 0.043085 71 71 71 64 236
6.829910 3.098441 0.043120 71 71 71 68 236
6.835365 3.051598 0.043154 70 70 70 72 236
6.840830 3.004679 0.043189 70 70 70 76 236
6.846303 2.957686 0.043223 70 70 70 80 236
6.851786 2.910617 0.043258 70 70 70 84 236
6.857275 2.863472 0.043293 70 70 70 88 236
6.862775 2.816252 0.043327 70 70 70 92 236
6.868284 2.768956 0.043362 70 70 70 96 236
6.873801 2.721584 0.043397 69 69 69 100 236
6.879327 2.674137 0.043432 69 69 69 104 236
6.884861 2.626612 0.043467 69 69 69 108 236
6.890406 2.579011 0.043502 69 69 69 112 236
6.895958 2.531333 0.043537 69 69 69 116 236
6.901520 2.483579 0.043572 69 69 69 120 236
6.907091 2.435748 0.043607 68 68 68 124 236
6.912671 2.387839 0.043642 68 68 68 128 236
6.918259 2.339852 0.043678 68 68 68 132 236
5.156717 1.706867 0.032556 116 116 116 136 236
5.160835 1.670994 0.032582 116 116 116 140 236
5.165004 1.635077 0.032609 115 115 115 144 236
5.169180 1.599102 0.032635 115 115 115 148 236
5.173363 1.563069 0.032661 115 115 115 152 236
5.177553 1.526978 0.032688 115 115 115 156 236
5.181749 1.490828 0.032714 115 115 115 160 236
5.185954 1.454619 0.032741 115 115 115 164 236
5.190163 1.418352 0.032767 115 115 115 168 236
5.194380 1.382026 0.032794 115 115 115 172 236
5.198604 1.345640 0.032821 115 115 115 176 236
5.202835 1.309196 0.032847 114 114 114 180 236
5.207072 1.272692 0.032874 114 114 114 184 236
5.211318 1.236129 0.032901 114 114 114 188 236
5.215568 1.199505 0.032928 114 114 114 192 236
5.219827 1.162823 0.032955 114 114 114 196 236
5.224092 1.126080 0.032982 114 114 114 200 236
5.228365 1.089277 0.033009 114 114 114 204 236
5.232644 1.052414 0.033036 114 114 114 208 236
5.236931 1.015490 0.033063 113 113 113 212 236
5.241224 0.978506 0.033090 113 113 113 216 236
4.138556 0.742784 0.026128 143 143 143 220 236
4.128175 0.711135 0.026063 143 143 143 224 236
4.138865 0.683113 0.026130 143 143 143 228 236
5.258468 0.829961 0.033199 113 113 113 232 236
5.262796 0.792672 0.033226 113 113 113 236 236
5.267132 0.755321 0.033253 113 113 113 240 236
5.271475 0.717909 0.033281 113 113 113 244 236
5.275825 0.680435 0.033308 112 112 112 248 236
5.280182 0.642900 0.033336 112 112 112 252 236
5.284547 0.605302 0.033363 112 112 112 256 236
5.288918 0.567642 0.033391 112 112 112 260 236
5.293297 0.529919 0.033418 112 112 112 264 236
5.297683 0.492134 0.033446 112 112 112 268 236
5.302077 0.454287 0.033474 112 112 112 272 236
5.306477 0.416376 0.033502 112 112 112 276 236
5.310884 0.378403 0.033530 111 111 111 280 236
5.315301 0.340367 0.033557 111 111 111 284 236
5.319723 0.302267 0.033585 111 111 111 288 236
5.324152 0.264103 0.033613 111 111 111 292 236
5.328590 0.225876 0.033641 111 111 111 296 236
5.333035 0.187586 0.033669 111 111 111 300 236
5.337490 0.149231 0.033697 111 111 111 304 236
5.342839 0.110831 0.033731 111 111 111 308 236
5.347271 0.072341 0.033759 110 110 110 312 236
5.351739 0.033788 0.033787 110 110 110 316 236
5.356214 -0.004831 0.033816 110 110 110 320 236
4.868269 -0.039516 0.030735 123 123 123 324 236
4.868980 -0.074652 0.030739 123 123 123 328 236
4.868849 -0.109780 0.030738 123 123 123 332 236
4.868719 -0.144906 0.030737 123 123 123 336 236
4.869781 -0.180075 0.030744 123 123 123 340 236
4.876472 -0.215507 0.030786 123 123 123 344 236
4.883180 -0.251037 0.030829 123 123 123 348 236
4.889909 -0.286664 0.030871 123 123 123 352 236
5.396832 -0.355321 0.034071 109 109 109 356 236
5.401382 -0.394593 0.034100 109 109 109 360 236
5.405941 -0.433931 0.034129 109 109 109 364 236
5.410508 -0.473336 0.034158 109 109 109 368 236
5.415081 -0.512807 0.034187 109 109 109 372 236
5.419663 -0.552345 0.034215 109 109 109 376 236
5.424253 -0.591950 0.034244 108 108 108 380 236
5.428850 -0.631622 0.034273 108 108 108 384 236
5.433455 -0.671362 0.034302 108 108 108 388 236
5.438069 -0.711169 0.034332 108 108 108 392 236
5.442689 -0.751043 0.034361 108 108 108 396 236
5.447318 -0.790986 0.034390 108 108 108 400 236
5.451955 -0.830996 0.034419 108 108 108 404 236
5.456599 -0.871075 0.034449 108 108 108 408 236
4.105147 -0.684953 0.025917 144 144 144 412 236
4.082448 -0.710621 0.025773 145 145 145 416 236
4.078431 -0.739348 0.025748 145 145 145 420 236
4.097223 -0.772318 0.025867 144 144 144 424 236
5.479942 -1.072496 0.034596 107 107 107 428 236
5.484634 -1.112987 0.034626 107 107 107 432 236
5.489335 -1.153548 0.034655 107 107 107 436 236
5.494043 -1.194178 0.034685 107 107 107 440 236
5.498760 -1.234878 0.034715 106 106 106 444 236
5.503484 -1.275648 0.034745 106 106 106 448 236
5.508217 -1.316488 0.034774 106 106 106 452 236
5.512959 -1.357399 0.034804 106 106 106 456 236
5.517707 -1.398380 0.034834 106 106 106 460 236
5.522482 -1.439435 0.034865 106 106 106 464 236
7.422301 -1.988177 0.046858 55 55 55 468 236
7.428745 -2.043504 0.046899 54 54 54 472 236
7.435199 -2.098926 0.046940 54 54 54 476 236
7.441665 -2.154444 0.046981 54 54 54 480 236
7.448142 -2.210059 0.047022 54 54 54 484 236
7.454630 -2.265772 0.047063 54 54 54 488 236
7.461130 -2.321581 0.047104 54 54 54 492 236
7.467641 -2.377488 0.047145 53 53 53 496 236
7.474163 -2.433492 0.047186 53 53 53 500 236
7.480697 -2.489594 0.047227 53 53 53 504 236
7.487242 -2.545794 0.047268 53 53 53 508 236
7.493798 -2.602093 0.047310 53 53 53 512 236
7.500366 -2.658491 0.047351 53 53 53 516 236
7.506946 -2.714987 0.047393 52 52 52 520 236
7.513536 -2.771583 0.047434 52 52 52 524 236
7.520140 -2.828278 0.047476 52 52 52 528 236
7.526754 -2.885073 0.047518 52 52 52 532 236
7.533381 -2.941968 0.047560 52 52 52 536 236
7.540018 -2.998963 0.047602 51 51 51 540 236
7.546667 -3.056058 0.047644 51 51 51 544 236
7.553328 -3.113255 0.047686 51 51 51 548 236
7.560001 -3.170553 0.047728 51 51 51 552 236
7.566686 -3.227952 0.047770 51 51 51 556 236
7.573382 -3.285452 0.047812 51 51 51 560 236
7.580091 -3.343054 0.047855 50 50 50 564 236
3.221174 -1.443879 0.020336 168 168 168 568 236
3.129143 -1.425204 0.019755 170 170 170 572 236
3.108000 -1.437999 0.019621 171 171 171 576 236
3.092088 -1.452947 0.019521 171 171 171 580 236
3.082078 -1.470481 0.019458 172 172 172 584 236
3.077661 -1.490580 0.019430 172 172 172 588 236
3.080529 -1.514196 0.019448 172 172 172 592 236
3.089645 -1.540969 0.019506 171 171 171 596 236
3.124181 -1.580736 0.019724 170 170 170 600 236
7.647834 -3.924740 0.048282 49 49 49 604 236
7.654675 -3.983481 0.048326 48 48 48 608 236
7.661528 -4.042327 0.048369 48 48 48 612 236
7.668394 -4.101279 0.048412 48 48 48 616 236
7.675271 -4.160336 0.048456 48 48 48 620 236
7.682161 -4.219499 0.048499 48 48 48 624 236
7.689064 -4.278769 0.048543 47 47 47 628 236
7.695978 -4.338145 0.048586 47 47 47 632 236
7.702906 -4.397628 0.048630 47 47 47 636 236
6.628849 3.820317 -0.005978 76 76 76 0 240
6.633989 3.775413 -0.005983 76 76 76 4 240
6.639135 3.730439 -0.005988 76 76 76 8 240
6.644290 3.685395 -0.005992 76 76 76 12 240
6.649454 3.640282 -0.005997 75 75 75 16 240
6.654624 3.595098 -0.006002 75 75 75 20 240
6.659804 3.549844 -0.006006 75 75 75 24 240
6.664991 3.504519 -0.006011 75 75 75 28 240
6.670186 3.459124 -0.006016 75 75 75 32 240
6.675390 3.413658 -0.006020 75 75 75 36 240
6.680600 3.368121 -0.006025 75 75 75 40 240
6.685821 3.322513 -0.006030 74 74 74 44 240
6.691048 3.276833 -0.006034 74 74 74 48 240
6.696285 3.231082 -0.006039 74 74 74 52 240
6.701529 3.185260 -0.006044 74 74 74 56 240
6.706781 3.139365 -0.006049 74 74 74 60 240
6.712041 3.093399 -0.006053 74 74 74 64 240
6.717311 3.047360 -0.006058 74 74 74 68 240
6.722588 3.001249 -0.006063 73 73 73 72 240
6.727874 2.955066 -0.006068 73 73 73 76 240
6.733167 2.908809 -0.006072 73 73 73 80 240
6.738469 2.862480 -0.006077 73 73 73 84 240
6.743780 2.816078 -0.006082 73 73 73 88 240
6.749099 2.769603 -0.006087 73 73 73 92 240
6.754426 2.723054 -0.006092 73 73 73 96 240
6.759761 2.676432 -0.006096 72 72 72 100 240
6.765106 2.629736 -0.006101 72 72 72 104 240
6.770458 2.582967 -0.006106 72 72 72 108 240
6.775819 2.536123 -0.006111 72 72 72 112 240
6.781189 2.489205 -0.006116 72 72 72 116 240
6.786567 2.442212 -0.006121 72 72 72 120 240
6.791954 2.395145 -0.006125 72 72 72 124 240
6.797348 2.348003 -0.006130 71 71 71 128 240
6.802752 2.300786 -0.006135 71 71 71 132 240
5.070515 1.678334 -0.004573 118 118 118 136 240
5.074534 1.643051 -0.004577 118 118 118 140 240
5.078565 1.607713 -0.004580 118 118 118 144 240
5.082602 1.572319 -0.004584 118 118 118 148 240
5.086646 1.536868 -0.004587 118 118 118 152 240
5.090697 1.501362 -0.004591 117 117 117 156 240
5.094753 1.465798 -0.004595 117 117 117 160 240
5.098817 1.430178 -0.004598 117 117 117 164 240
5.102886 1.394501 -0.004602 117 117 117 168 240
5.106963 1.358767 -0.004606 117 117 117 172 240
5.111045 1.322976 -0.004609 117 117 117 176 240
5.115135 1.287128 -0.004613 117 117 117 180 240
5.119231 1.251222 -0.004617 117 117 117 184 240
5.123333 1.215259 -0.004621 117 117 117 188 240
5.127442 1.179238 -0.004624 116 116 116 192 240
5.131559 1.143159 -0.004628 116 116 116 196 240
5.135681 1.107022 -0.004632 116 116 116 200 240
5.139810 1.070827 -0.004635 116 116 116 204 240
5.143945 1.034574 -0.004639 116 116 116 208 240
5.148087 0.998262 -0.004643 116 116 116 212 240
5.152236 0.961892 -0.004647 116 116 116 216 240
4.151783 0.745158 -0.003744 143 143 143 220 240
4.140490 0.713256 -0.003734 143 143 143 224 240
4.150840 0.685090 -0.003744 143 143 143 228 240
5.168898 0.815824 -0.004662 115 115 115 232 240
5.173080 0.779159 -0.004665 115 115 115 236 240
5.177269 0.742435 -0.004669 115 115 115 240 240
5.181465 0.705651 -0.004673 115 115 115 244 240
5.185668 0.668808 -0.004677 115 115 115 248 240
5.189877 0.631904 -0.004681 115 115 115 252 240
5.194093 0.594941 -0.004684 115 115 115 256 240
5.198317 0.557918 -0.004688 115 115 115 260 240
5.202547 0.520834 -0.004692 114 114 114 264 240
5.206783 0.483690 -0.004696 114 114 114 268 240
5.211028 0.446486 -0.004700 114 114 114 272 240
5.215278 0.409220 -0.004704 114 114 114 276 240
5.219535 0.371894 -0.004707 114 114 114 280 240
5.223800 0.334507 -0.004711 114 114 114 284 240
5.228072 0.297059 -0.004715 114 114 114 288 240
5.232350 0.259549 -0.004719 114 114 114 292 240
5.236636 0.221979 -0.004723 113 113 113 296 240
5.240929 0.184346 -0.004727 113 113 113 300 240
5.245231 0.146652 -0.004731 113 113 113 304 240
5.250408 0.108914 -0.004735 113 113 113 308 240
5.254695 0.071089 -0.004739 113 113 113 312 240
5.259009 0.033202 -0.004743 113 113 113 316 240
5.263331 -0.004746 -0.004748 113 113 113 320 240
4.847155 -0.039344 -0.004372 124 124 124 324 240
4.813646 -0.073804 -0.004342 125 125 125 328 240
4.847854 -0.109307 -0.004373 124 124 124 332 240
4.848202 -0.144296 -0.004373 124 124 124 336 240
4.849177 -0.179313 -0.004374 124 124 124 340 240
4.854399 -0.214531 -0.004379 124 124 124 344 240
4.859632 -0.249826 -0.004384 124 124 124 348 240
4.834883 -0.283439 -0.004361 124 124 124 352 240
4.870131 -0.320644 -0.004393 123 123 123 356 240
5.306940 -0.387694 -0.004787 112 112 112 360 240
5.311340 -0.426338 -0.004791 111 111 111 364 240
5.315748 -0.465046 -0.004795 111 111 111 368 240
5.320163 -0.503818 -0.004799 111 111 111 372 240
5.324585 -0.542655 -0.004803 111 111 111 376 240
5.329016 -0.581557 -0.004807 111 111 111 380 240
5.333453 -0.620523 -0.004811 111 111 111 384 240
5.337898 -0.659555 -0.004815 111 111 111 388 240
5.342350 -0.698651 -0.004819 111 111 111 392 240
5.346809 -0.737813 -0.004823 111 111 111 396 240
5.351277 -0.777040 -0.004827 110 110 110 400 240
5.355752 -0.816333 -0.004831 110 110 110 404 240
5.360233 -0.855691 -0.004835 110 110 110 408 240
4.111636 -0.686035 -0.003709 144 144 144 412 240
4.092946 -0.712448 -0.003692 144 144 144 416 240
4.091054 -0.741637 -0.003690 144 144 144 420 240
4.115814 -0.775822 -0.003713 144 144 144 424 240
5.382757 -1.053476 -0.004855 110 110 110 428 240
5.387284 -1.093232 -0.004859 109 109 109 432 240
5.391820 -1.133056 -0.004864 109 109 109 436 240
5.396362 -1.172946 -0.004868 109 109 109 440 240
5.400912 -1.212904 -0.004872 109 109 109 444 240
5.405470 -1.252930 -0.004876 109 109 109 448 240
5.410036 -1.293023 -0.004880 109 109 109 452 240
5.414610 -1.333183 -0.004884 109 109 109 456 240
5.419190 -1.373412 -0.004888 109 109 109 460 240
5.423779 -1.413709 -0.004892 108 108 108 464 240
5.428411 -1.454083 -0.004897 108 108 108 468 240
7.295727 -2.006913 -0.006581 58 58 58 472 240
7.301953 -2.061311 -0.006587 58 58 58 476 240
7.308189 -2.115801 -0.006592 58 58 58 480 240
7.314436 -2.170385 -0.006598 58 58 58 484 240
7.320693 -2.225062 -0.006603 57 57 57 488 240
7.326961 -2.279833 -0.006609 57 57 57 492 240
7.333239 -2.334698 -0.006615 57 57 57 496 240
7.339529 -2.389657 -0.006620 57 57 57 500 240
7.345829 -2.444710 -0.006626 57 57 57 504 240
7.352140 -2.499858 -0.006632 57 57 57 508 240
7.358462 -2.555100 -0.006638 56 56 56 512 240
7.364795 -2.610438 -0.006643 56 56 56 516 240
7.371139 -2.665871 -0.006649 56 56 56 520 240
7.377494 -2.721399 -0.006655 56 56 56 524 240
7.383859 -2.777024 -0.006660 56 56 56 528 240
7.390236 -2.832744 -0.006666 55 55 55 532 240
7.396624 -2.888561 -0.006672 55 55 55 536 240
7.403022 -2.944474 -0.006678 55 55 55 540 240
7.409432 -3.000485 -0.006684 55 55 55 544 240
7.415853 -3.056592 -0.006689 55 55 55 548 240
7.422285 -3.112797 -0.006695 55 55 55 552 240
7.428728 -3.169099 -0.006701 54 54 54 556 240
7.435183 -3.225499 -0.006707 54 54 54 560 240
7.441648 -3.281997 -0.006713 54 54 54 564 240
3.165720 -1.419022 -0.002856 169 169 169 568 240
3.128740 -1.425020 -0.002822 170 170 170 572 240
3.108928 -1.438428 -0.002804 171 171 171 576 240
3.094910 -1.454273 -0.002792 171 171 171 580 240
3.086903 -1.472783 -0.002784 171 171 171 584 240
3.086091 -1.494663 -0.002784 171 171 171 588 240
3.091842 -1.519756 -0.002789 171 171 171 592 240
3.106264 -1.549258 -0.002802 171 171 171 596 240
7.500350 -3.794937 -0.006766 53 53 53 600 240
7.506929 -3.852430 -0.006771 52 52 52 604 240
7.513520 -3.910024 -0.006777 52 52 52 608 240
7.520123 -3.967720 -0.006783 52 52 52 612 240
7.526738 -4.025517 -0.006789 52 52 52 616 240
7.533363 -4.083416 -0.006795 52 52 52 620 240
7.540001 -4.141416 -0.006801 51 51 51 624 240
7.546650 -4.199519 -0.006807 51 51 51 628 240
7.553311 -4.257725 -0.006813 51 51 51 632 240
7.559984 -4.316033 -0.006819 51 51 51 636 240
6.522730 3.759158 -0.052946 79 79 79 0 244
6.527706 3.714927 -0.052986 79 79 79 4 244
6.532689 3.670628 -0.053026 79 79 79 8 244
6.537681 3.626262 -0.053067 78 78 78 12 244
6.542679 3.581828 -0.053107 78 78 78 16 244
6.547685 3.537325 -0.053148 78 78 78 20 244
6.552699 3.492754 -0.053189 78 78 78 24 244
6.557721 3.448116 -0.053230 78 78 78 28 244
6.562750 3.403408 -0.053270 78 78 78 32 244
6.567788 3.358633 -0.053311 78 78 78 36 244
6.572832 3.313788 -0.053352 77 77 77 40 244
6.577885 3.268874 -0.053393 77 77 77 44 244
6.582944 3.223891 -0.053434 77 77 77 48 244
6.588013 3.178839 -0.053475 77 77 77 52 244
6.593089 3.133718 -0.053517 77 77 77 56 244
6.598173 3.088527 -0.053558 77 77 77 60 244
6.603263 3.043266 -0.053599 77 77 77 64 244
6.608364 2.997936 -0.053641 77 77 77 68 244
6.613471 2.952534 -0.053682 76 76 76 72 244
6.618586 2.907063 -0.053724 76 76 76 76 244
6.623709 2.861522 -0.053765 76 76 76 80 244
6.628840 2.815910 -0.053807 76 76 76 84 244
6.633979 2.770228 -0.053849 76 76 76 88 244
6.639126 2.724474 -0.053890 76 76 76 92 244
6.644282 2.678650 -0.053932 76 76 76 96 244
6.649444 2.632754 -0.053974 75 75 75 100 244
6.654615 2.586787 -0.054016 75 75 75 104 244
6.659794 2.540748 -0.054058 75 75 75 108 244
6.664981 2.494637 -0.054100 75 75 75 112 244
6.670177 2.448455 -0.054142 75 75 75 116 244
6.675381 2.402201 -0.054185 75 75 75 120 244
6.680592 2.355874 -0.054227 75 75 75 124 244
6.685812 2.309475 -0.054269 74 74 74 128 244
4.983312 1.685426 -0.040450 120 120 120 132 244
4.987177 1.650750 -0.040481 120 120 120 136 244
4.991071 1.616027 -0.040513 120 120 120 140 244
4.994970 1.581249 -0.040545 120 120 120 144 244
4.998876 1.546418 -0.040576 120 120 120 148 244
5.002788 1.511532 -0.040608 120 120 120 152 244
5.006706 1.476591 -0.040640 120 120 120 156 244
5.010630 1.441595 -0.040672 120 120 120 160 244
5.014560 1.406545 -0.040704 119 119 119 164 244
5.018497 1.371439 -0.040736 119 119 119 168 244
5.022439 1.336279 -0.040768 119 119 119 172 244
5.026388 1.301063 -0.040800 119 119 119 176 244
4.805384 1.209185 -0.039006 125 125 125 180 244
4.801821 1.173642 -0.038977 125 125 125 184 244
5.038271 1.195082 -0.040896 119 119 119 188 244
5.042245 1.159644 -0.040928 119 119 119 192 244
5.046225 1.124149 -0.040961 119 119 119 196 244
5.050211 1.088599 -0.040993 118 118 118 200 244
5.054204 1.052992 -0.041025 118 118 118 204 244
5.058202 1.017329 -0.041058 118 118 118 208 244
5.062206 0.981609 -0.041090 118 118 118 212 244
5.066218 0.945833 -0.041123 118 118 118 216 244
4.165094 0.747547 -0.033808 142 142 142 220 244
4.152882 0.715391 -0.033709 143 143 143 224 244
4.162916 0.687083 -0.033791 142 142 142 228 244
4.918898 0.776366 -0.039927 122 122 122 232 244
4.926170 0.741970 -0.039986 122 122 122 236 244
4.927110 0.706561 -0.039994 122 122 122 240 244
4.880882 0.664715 -0.039619 123 123 123 244 244
4.884223 0.629930 -0.039646 123 123 123 248 244
4.920596 0.599117 -0.039941 122 122 122 252 244
4.930865 0.564790 -0.040024 122 122 122 256 244
4.931798 0.529313 -0.040032 122 122 122 260 244
4.926401 0.493189 -0.039988 122 122 122 264 244
4.927336 0.457731 -0.039996 122 122 122 268 244
5.123052 0.438948 -0.041584 117 117 117 272 244
5.127161 0.402306 -0.041618 116 116 116 276 244
5.131275 0.365606 -0.041651 116 116 116 280 244
5.135396 0.328846 -0.041685 116 116 116 284 244
5.139525 0.292028 -0.041718 116 116 116 288 244
5.143660 0.255150 -0.041752 116 116 116 292 244
5.147801 0.218213 -0.041785 116 116 116 296 244
5.151950 0.181216 -0.041819 116 116 116 300 244
5.156107 0.144160 -0.041853 116 116 116 304 244
5.161121 0.107061 -0.041893 116 116 116 308 244
5.165270 0.069879 -0.041927 115 115 115 312 244
5.169438 0.032637 -0.041962 115 115 115 316 244
5.173614 -0.004666 -0.041996 115 115 115 320 244
4.841218 -0.039296 -0.039297 124 124 124 324 244
4.770849 -0.073148 -0.038726 126 126 126 328 244
4.841333 -0.109160 -0.039298 124 124 124 332 244
4.841390 -0.144093 -0.039299 124 124 124 336 244
4.842043 -0.179049 -0.039304 124 124 124 340 244
4.846931 -0.214201 -0.039344 124 124 124 344 244
4.851829 -0.249425 -0.039384 124 124 124 348 244
4.790025 -0.280809 -0.038882 126 126 126 352 244
4.861655 -0.320086 -0.039463 124 124 124 356 244
5.215743 -0.381031 -0.042338 114 114 114 360 244
5.219993 -0.419005 -0.042372 114 114 114 364 244
5.224251 -0.457041 -0.042407 114 114 114 368 244
5.228516 -0.495139 -0.042441 114 114 114 372 244
5.232787 -0.533300 -0.042476 114 114 114 376 244
5.237065 -0.571522 -0.042511 113 113 113 380 244
5.241351 -0.609808 -0.042545 113 113 113 384 244
5.095340 -0.629584 -0.041360 117 117 117 388 244
5.099517 -0.666894 -0.041394 117 117 117 392 244
5.103703 -0.704266 -0.041428 117 117 117 396 244
5.107865 -0.741695 -0.041462 117 117 117 400 244
5.262884 -0.802177 -0.042720 113 113 113 404 244
4.150388 -0.662555 -0.033690 143 143 143 408 244
4.116619 -0.686867 -0.033416 144 144 144 412 244
4.103280 -0.714247 -0.033307 144 144 144 416 244
4.104535 -0.744081 -0.033318 144 144 144 420 244
5.284595 -0.996135 -0.042896 112 112 112 424 244
5.288959 -1.035118 -0.042932 112 112 112 428 244
5.293330 -1.074166 -0.042967 112 112 112 432 244
5.297708 -1.113279 -0.043003 112 112 112 436 244
5.302094 -1.152456 -0.043038 112 112 112 440 244
5.306486 -1.191699 -0.043074 112 112 112 444 244
5.310886 -1.231006 -0.043110 111 111 111 448 244
5.315294 -1.270379 -0.043146 111 111 111 452 244
5.319708 -1.309817 -0.043181 111 111 111 456 244
5.324130 -1.349320 -0.043217 111 111 111 460 244
5.328559 -1.388890 -0.043253 111 111 111 464 244
5.332996 -1.428525 -0.043289 111 111 111 468 244
7.167390 -1.971610 -0.058180 61 61 61 472 244
7.173398 -2.025020 -0.058228 61 61 61 476 244
7.179417 -2.078521 -0.058277 61 61 61 480 244
7.185445 -2.132110 -0.058326 61 61 61 484 244
7.191483 -2.185790 -0.058375 61 61 61 488 244
7.197532 -2.239561 -0.058424 61 61 61 492 244
7.203590 -2.293421 -0.058473 61 61 61 496 244
7.209660 -2.347373 -0.058523 60 60 60 500 244
7.215739 -2.401415 -0.058572 60 60 60 504 244
7.221828 -2.455549 -0.058621 60 60 60 508 244
7.227928 -2.509774 -0.058671 60 60 60 512 244
7.234038 -2.564091 -0.058721 60 60 60 516 244
7.240158 -2.618500 -0.058770 60 60 60 520 244
7.246289 -2.673001 -0.058820 59 59 59 524 244
7.252430 -2.727594 -0.058870 59 59 59 528 244
7.258582 -2.782280 -0.058920 59 59 59 532 244
7.264744 -2.837059 -0.058970 59 59 59 536 244
7.270916 -2.891931 -0.059020 59 59 59 540 244
7.277100 -2.946896 -0.059070 59 59 59 544 244
7.283293 -3.001955 -0.059120 58 58 58 548 244
7.289497 -3.057107 -0.059171 58 58 58 552 244
7.295712 -3.112354 -0.059221 58 58 58 556 244
7.301937 -3.167695 -0.059272 58 58 58 560 244
7.308173 -3.223130 -0.059322 58 58 58 564 244
3.158446 -1.415761 -0.025638 169 169 169 568 244
3.131026 -1.426061 -0.025415 170 170 170 572 244
3.113241 -1.440424 -0.025271 171 171 171 576 244
3.103171 -1.458155 -0.025189 171 171 171 580 244
3.099363 -1.478728 -0.025158 171 171 171 584 244
3.100472 -1.501628 -0.025167 171 171 171 588 244
3.100505 -1.524014 -0.025168 171 171 171 592 244
3.134825 -1.563503 -0.025446 170 170 170 596 244
7.364779 -3.726343 -0.059782 56 56 56 600 244
7.371123 -3.782736 -0.059833 56 56 56 604 244
7.377477 -3.839228 -0.059885 56 56 56 608 244
7.383843 -3.895817 -0.059937 56 56 56 612 244
7.390220 -3.952503 -0.059988 55 55 55 616 244
7.396607 -4.009288 -0.060040 55 55 55 620 244
7.403006 -4.066170 -0.060092 55 55 55 624 244
7.409416 -4.123152 -0.060144 55 55 55 628 244
7.415837 -4.180232 -0.060196 55 55 55 632 244
6.020185 -3.436954 -0.048867 92 92 92 636 244
6.419955 3.699928 -0.098433 82 82 82 0 248
6.424776 3.656349 -0.098507 81 81 81 4 248
6.429603 3.612705 -0.098581 81 81 81 8 248
6.434437 3.568996 -0.098655 81 81 81 12 248
6.439280 3.525221 -0.098729 81 81 81 16 248
6.444129 3.481380 -0.098803 81 81 81 20 248
6.448986 3.437473 -0.098878 81 81 81 24 248
6.453849 3.393499 -0.098952 81 81 81 28 248
6.458720 3.349459 -0.099027 81 81 81 32 248
6.463599 3.305352 -0.099102 80 80 80 36 248
6.468484 3.261180 -0.099177 80 80 80 40 248
6.473378 3.216940 -0.099252 80 80 80 44 248
6.478279 3.172633 -0.099327 80 80 80 48 248
6.483187 3.128259 -0.099402 80 80 80 52 248
6.488102 3.083817 -0.099478 80 80 80 56 248
6.493026 3.039309 -0.099553 80 80 80 60 248
6.497956 2.994732 -0.099629 80 80 80 64 248
6.502894 2.950088 -0.099704 79 79 79 68 248
6.507839 2.905376 -0.099780 79 79 79 72 248
6.512793 2.860596 -0.099856 79 79 79 76 248
6.517754 2.815748 -0.099932 79 79 79 80 248
6.522722 2.770832 -0.100008 79 79 79 84 248
6.527697 2.725846 -0.100085 79 79 79 88 248
6.532681 2.680793 -0.100161 79 79 79 92 248
6.537672 2.635669 -0.100238 78 78 78 96 248
6.542671 2.590478 -0.100314 78 78 78 100 248
6.547676 2.545217 -0.100391 78 78 78 104 248
6.552690 2.499887 -0.100468 78 78 78 108 248
6.557712 2.454487 -0.100545 78 78 78 112 248
6.562741 2.409018 -0.100622 78 78 78 116 248
6.567779 2.363479 -0.100699 78 78 78 120 248
6.572823 2.317870 -0.100777 77 77 77 124 248
4.899057 1.692278 -0.075114 123 123 123 128 248
4.902779 1.658188 -0.075171 122 122 122 132 248
4.906540 1.624059 -0.075229 122 122 122 136 248
4.910309 1.589877 -0.075286 122 122 122 140 248
4.914083 1.555643 -0.075344 122 122 122 144 248
4.917864 1.521357 -0.075402 122 122 122 148 248
4.921649 1.487017 -0.075460 122 122 122 152 248
4.925442 1.452624 -0.075518 122 122 122 156 248
4.929239 1.418179 -0.075577 122 122 122 160 248
4.933043 1.383680 -0.075635 122 122 122 164 248
4.936852 1.349128 -0.075693 122 122 122 168 248
4.940667 1.314522 -0.075752 121 121 121 172 248
4.944488 1.279863 -0.075811 121 121 121 176 248
4.727041 1.189471 -0.072477 127 127 127 180 248
4.737011 1.157801 -0.072629 127 127 127 184 248
4.813164 1.141686 -0.073797 125 125 125 188 248
4.959832 1.140690 -0.076046 121 121 121 192 248
4.963682 1.105761 -0.076105 121 121 121 196 248
4.967538 1.070778 -0.076164 121 121 121 200 248
4.971401 1.035741 -0.076223 121 121 121 204 248
4.975270 1.000649 -0.076282 121 121 121 208 248
4.979145 0.965503 -0.076342 120 120 120 212 248
4.983025 0.930302 -0.076401 120 120 120 216 248
4.178490 0.749951 -0.064066 142 142 142 220 248
4.165446 0.717555 -0.063866 142 142 142 224 248
4.175062 0.689088 -0.064013 142 142 142 228 248
4.934464 0.778823 -0.075657 122 122 122 232 248
4.941758 0.744318 -0.075769 121 121 121 236 248
4.873472 0.698869 -0.074722 123 123 123 240 248
4.877207 0.664215 -0.074779 123 123 123 244 248
4.821328 0.621818 -0.073922 125 125 125 248 248
4.884641 0.594740 -0.074893 123 123 123 252 248
4.904852 0.561811 -0.075203 122 122 122 256 248
4.947419 0.530990 -0.075855 121 121 121 260 248
4.956481 0.496200 -0.075994 121 121 121 264 248
4.942944 0.459181 -0.075787 121 121 121 268 248
5.037997 0.431660 -0.077244 119 119 119 272 248
5.041971 0.395622 -0.077305 119 119 119 276 248
5.045950 0.359526 -0.077366 119 119 119 280 248
5.049936 0.323374 -0.077427 119 119 119 284 248
5.053928 0.287164 -0.077489 118 118 118 288 248
5.057927 0.250897 -0.077550 118 118 118 292 248
5.061931 0.214573 -0.077611 118 118 118 296 248
5.065941 0.178191 -0.077673 118 118 118 300 248
5.069961 0.141751 -0.077734 118 118 118 304 248
5.074820 0.105271 -0.077809 118 118 118 308 248
5.078837 0.068710 -0.077871 118 118 118 312 248
5.082868 0.032090 -0.077933 118 118 118 316 248
5.086905 -0.004587 -0.077995 118 118 118 320 248
4.842515 -0.039307 -0.074248 124 124 124 324 248
4.736689 -0.072624 -0.072625 127 127 127 328 248
4.850074 -0.109357 -0.074364 124 124 124 332 248
4.850133 -0.144353 -0.074365 124 124 124 336 248
4.851005 -0.179380 -0.074378 124 124 124 340 248
4.855910 -0.214598 -0.074453 124 124 124 344 248
4.860826 -0.249887 -0.074529 124 124 124 348 248
4.754832 -0.278746 -0.072903 126 126 126 352 248
4.757878 -0.313253 -0.072950 126 126 126 356 248
5.127628 -0.374594 -0.078619 116 116 116 360 248
5.131735 -0.411921 -0.078682 116 116 116 364 248
5.135850 -0.449308 -0.078745 116 116 116 368 248
5.139972 -0.486754 -0.078809 116 116 116 372 248
5.144100 -0.524261 -0.078872 116 116 116 376 248
5.148234 -0.561828 -0.078935 116 116 116 380 248
5.004789 -0.582285 -0.076736 120 120 120 384 248
5.008811 -0.618892 -0.076798 120 120 120 388 248
4.986547 -0.652120 -0.076456 120 120 120 392 248
5.021348 -0.692902 -0.076990 119 119 119 396 248
5.014981 -0.728207 -0.076892 119 119 119 400 248
4.167197 -0.635171 -0.063894 142 142 142 404 248
4.136836 -0.660392 -0.063428 143 143 143 408 248
4.118758 -0.687223 -0.063151 144 144 144 412 248
4.120359 -0.717220 -0.063175 144 144 144 416 248
5.189950 -0.940848 -0.079575 115 115 115 420 248
5.194159 -0.979087 -0.079639 115 115 115 424 248
5.198374 -1.017390 -0.079704 115 115 115 428 248
5.202597 -1.055754 -0.079769 114 114 114 432 248
5.206827 -1.094181 -0.079834 114 114 114 436 248
5.123626 -1.113665 -0.078558 117 117 117 440 248
5.127813 -1.151573 -0.078622 116 116 116 444 248
5.219555 -1.209837 -0.080029 114 114 114 448 248
5.223812 -1.248514 -0.080094 114 114 114 452 248
5.228076 -1.287255 -0.080159 114 114 114 456 248
5.232347 -1.326059 -0.080225 114 114 114 460 248
5.236625 -1.364927 -0.080290 113 113 113 464 248
5.240910 -1.403858 -0.080356 113 113 113 468 248
5.245211 -1.442856 -0.080422 113 113 113 472 248
7.049292 -1.989986 -0.108083 65 65 65 476 248
7.055103 -2.042531 -0.108172 65 65 65 480 248
7.060925 -2.095162 -0.108262 64 64 64 484 248
7.066755 -2.147880 -0.108351 64 64 64 488 248
7.072596 -2.200686 -0.108441 64 64 64 492 248
7.078446 -2.253579 -0.108530 64 64 64 496 248
7.084306 -2.306560 -0.108620 64 64 64 500 248
7.090176 -2.359628 -0.108710 64 64 64 504 248
7.096055 -2.412784 -0.108800 63 63 63 508 248
7.101943 -2.466028 -0.108890 63 63 63 512 248
7.107843 -2.519361 -0.108981 63 63 63 516 248
7.113751 -2.572783 -0.109072 63 63 63 520 248
7.119671 -2.626294 -0.109162 63 63 63 524 248
7.125598 -2.679893 -0.109253 63 63 63 528 248
7.131536 -2.733582 -0.109344 62 62 62 532 248
7.137485 -2.787361 -0.109435 62 62 62 536 248
7.143443 -2.841229 -0.109527 62 62 62 540 248
7.149410 -2.895188 -0.109618 62 62 62 544 248
7.155388 -2.949236 -0.109710 62 62 62 548 248
7.161376 -3.003376 -0.109802 62 62 62 552 248
7.167375 -3.057605 -0.109894 61 61 61 556 248
7.173382 -3.111926 -0.109986 61 61 61 560 248
7.179401 -3.166338 -0.110078 61 61 61 564 248
3.152020 -1.412881 -0.048328 170 170 170 568 248
3.131587 -1.426317 -0.048015 170 170 170 572 248
3.120424 -1.443747 -0.047844 170 170 170 576 248
3.114669 -1.463558 -0.047756 171 171 171 580 248
3.113333 -1.485393 -0.047735 171 171 171 584 248
3.115390 -1.508853 -0.047767 171 171 171 588 248
3.106798 -1.527108 -0.047635 171 171 171 592 248
7.227911 -3.604941 -0.110822 60 60 60 596 248
7.234022 -3.660184 -0.110916 60 60 60 600 248
7.240143 -3.715520 -0.111009 60 60 60 604 248
7.246274 -3.770950 -0.111103 59 59 59 608 248
7.252414 -3.826473 -0.111198 59 59 59 612 248
7.258566 -3.882091 -0.111292 59 59 59 616 248
7.264728 -3.937803 -0.111386 59 59 59 620 248
7.270901 -3.993610 -0.111481 59 59 59 624 248
7.277084 -4.049512 -0.111576 59 59 59 628 248
7.283277 -4.105509 -0.111671 58 58 58 632 248
6.011283 -3.431872 -0.092168 93 93 93 636 248
6.320369 3.642534 -0.142509 84 84 84 0 252
6.325040 3.599590 -0.142614 84 84 84 4 252
6.329720 3.556582 -0.142720 84 84 84 8 252
6.334404 3.513510 -0.142825 84 84 84 12 252
6.339097 3.470376 -0.142931 84 84 84 16 252
6.343796 3.427176 -0.143037 84 84 84 20 252
6.348503 3.383913 -0.143143 84 84 84 24 252
6.353217 3.340585 -0.143249 83 83 83 28 252
6.357936 3.297193 -0.143356 83 83 83 32 252
6.362665 3.253737 -0.143462 83 83 83 36 252
6.367399 3.210216 -0.143569 83 83 83 40 252
6.372140 3.166630 -0.143676 83 83 83 44 252
6.376889 3.122979 -0.143783 83 83 83 48 252
6.381644 3.079262 -0.143890 83 83 83 52 252
6.386407 3.035481 -0.143998 83 83 83 56 252
6.391178 2.991635 -0.144105 82 82 82 60 252
6.395954 2.947722 -0.144213 82 82 82 64 252
6.400739 2.903745 -0.144321 82 82 82 68 252
6.405529 2.859701 -0.144429 82 82 82 72 252
6.410328 2.815591 -0.144537 82 82 82 76 252
6.415134 2.771415 -0.144646 82 82 82 80 252
6.419948 2.727173 -0.144754 82 82 82 84 252
6.424767 2.682864 -0.144863 81 81 81 88 252
6.429594 2.638489 -0.144972 81 81 81 92 252
6.434429 2.594047 -0.145081 81 81 81 96 252
6.439271 2.549538 -0.145190 81 81 81 100 252
6.444120 2.504963 -0.145299 81 81 81 104 252
6.448977 2.460320 -0.145409 81 81 81 108 252
6.453841 2.415609 -0.145518 81 81 81 112 252
6.458711 2.370831 -0.145628 81 81 81 116 252
6.463590 2.325986 -0.145738 80 80 80 120 252
4.819812 1.699680 -0.108675 125 125 125 124 252
4.821187 1.665379 -0.108706 125 125 125 128 252
4.824827 1.631824 -0.108788 125 125 125 132 252
4.828470 1.598218 -0.108870 124 124 124 136 252
4.832120 1.564561 -0.108953 124 124 124 140 252
4.835775 1.530853 -0.109035 124 124 124 144 252
4.839435 1.497094 -0.109117 124 124 124 148 252
4.843102 1.463284 -0.109200 124 124 124 152 252
4.846773 1.429423 -0.109283 124 124 124 156 252
4.634336 1.333333 -0.104493 130 130 130 160 252
4.636839 1.300597 -0.104549 130 130 130 164 252
4.639384 1.267837 -0.104607 130 130 130 168 252
4.654354 1.238345 -0.104944 129 129 129 172 252
4.655499 1.205060 -0.104970 129 129 129 176 252
4.656388 1.171693 -0.104990 129 129 129 180 252
4.662113 1.139495 -0.105119 129 129 129 184 252
4.652143 1.103492 -0.104894 129 129 129 188 252
4.654709 1.070516 -0.104952 129 129 129 192 252
4.657266 1.037501 -0.105010 129 129 129 196 252
4.887529 1.053532 -0.110202 123 123 123 200 252
4.891269 1.019046 -0.110286 123 123 123 204 252
4.895014 0.984508 -0.110371 123 123 123 208 252
4.898765 0.949916 -0.110455 123 123 123 212 252
4.902521 0.915272 -0.110540 122 122 122 216 252
4.191972 0.752371 -0.094519 142 142 142 220 252
4.178085 0.719733 -0.094206 142 142 142 224 252
4.187279 0.691104 -0.094413 142 142 142 228 252
4.917604 0.776161 -0.110880 122 122 122 232 252
4.921390 0.741250 -0.110965 122 122 122 236 252
4.925181 0.706285 -0.111051 122 122 122 240 252
4.801540 0.653910 -0.108263 125 125 125 244 252
4.805143 0.619730 -0.108344 125 125 125 248 252
4.849894 0.590509 -0.109353 124 124 124 252 252
4.940404 0.565883 -0.111394 121 121 121 256 252
4.944224 0.530647 -0.111480 121 121 121 260 252
4.948051 0.495356 -0.111567 121 121 121 264 252
4.951884 0.460011 -0.111653 121 121 121 268 252
4.955722 0.424611 -0.111739 121 121 121 272 252
4.959566 0.389156 -0.111826 121 121 121 276 252
4.963417 0.353646 -0.111913 121 121 121 280 252
4.967273 0.318080 -0.112000 121 121 121 284 252
4.971135 0.282460 -0.112087 121 121 121 288 252
4.975003 0.246784 -0.112174 121 121 121 292 252
4.978878 0.211052 -0.112262 120 120 120 296 252
4.982758 0.175265 -0.112349 120 120 120 300 252
4.986647 0.139422 -0.112438 120 120 120 304 252
4.991358 0.103540 -0.112544 120 120 120 308 252
4.995250 0.067579 -0.112631 120 120 120 312 252
4.999149 0.031562 -0.112719 120 120 120 316 252
5.003054 -0.004512 -0.112807 120 120 120 320 252
4.835519 -0.039250 -0.109030 124 124 124 324 252
4.706611 -0.072163 -0.106123 128 128 128 328 252
4.878782 -0.110004 -0.110005 123 123 123 332 252
4.877566 -0.145170 -0.109978 123 123 123 336 252
4.878131 -0.180383 -0.109991 123 123 123 340 252
4.883594 -0.215822 -0.110114 123 123 123 344 252
4.889069 -0.251339 -0.110237 123 123 123 348 252
4.724171 -0.276948 -0.106519 127 127 127 352 252
4.727128 -0.311229 -0.106586 127 127 127 356 252
5.042439 -0.368371 -0.113696 119 119 119 360 252
5.046412 -0.405072 -0.113785 119 119 119 364 252
5.050392 -0.441831 -0.113875 118 118 118 368 252
5.054377 -0.478649 -0.113965 118 118 118 372 252
5.058369 -0.515524 -0.114055 118 118 118 376 252
5.062367 -0.552457 -0.114145 118 118 118 380 252
4.921268 -0.572567 -0.110963 122 122 122 384 252
4.925194 -0.608561 -0.111052 122 122 122 388 252
4.929059 -0.644602 -0.111139 122 122 122 392 252
4.906241 -0.677018 -0.110625 122 122 122 396 252
4.169546 -0.605445 -0.094014 142 142 142 400 252
4.144974 -0.631784 -0.093460 143 143 143 404 252
4.133299 -0.659827 -0.093196 143 143 143 408 252
4.124930 -0.688253 -0.093008 143 143 143 412 252
4.145987 -0.721681 -0.093483 143 143 143 416 252
4.148923 -0.752128 -0.093549 143 143 143 420 252
4.150923 -0.782440 -0.093594 143 143 143 424 252
4.157460 -0.813669 -0.093741 143 143 143 428 252
5.114922 -1.037962 -0.115330 117 117 117 432 252
5.119009 -1.075727 -0.115422 117 117 117 436 252
5.037128 -1.094864 -0.113576 119 119 119 440 252
5.053673 -1.134923 -0.113949 118 118 118 444 252
5.048233 -1.170126 -0.113826 119 119 119 448 252
5.135427 -1.227390 -0.115792 116 116 116 452 252
5.139547 -1.265458 -0.115885 116 116 116 456 252
5.143675 -1.303587 -0.115978 116 116 116 460 252
5.147809 -1.341777 -0.116071 116 116 116 464 252
5.151949 -1.380029 -0.116165 116 116 116 468 252
5.156097 -1.418342 -0.116258 116 116 116 472 252
5.160267 -1.456722 -0.116352 116 116 116 476 252
6.935021 -2.007766 -0.156369 68 68 68 480 252
6.940647 -2.059472 -0.156496 68 68 68 484 252
6.946280 -2.111263 -0.156623 67 67 67 488 252
6.951923 -2.163138 -0.156750 67 67 67 492 252
6.957575 -2.215097 -0.156877 67 67 67 496 252
6.963237 -2.267141 -0.157005 67 67 67 500 252
6.968908 -2.319269 -0.157133 67 67 67 504 252
6.974587 -2.371483 -0.157261 67 67 67 508 252
6.980276 -2.423781 -0.157389 67 67 67 512 252
6.985975 -2.476166 -0.157518 66 66 66 516 252
6.991683 -2.528636 -0.157647 66 66 66 520 252
6.997400 -2.581191 -0.157775 66 66 66 524 252
7.003127 -2.633833 -0.157905 66 66 66 528 252
7.008862 -2.686560 -0.158034 66 66 66 532 252
3.367979 -1.315278 -0.075940 164 164 164 536 252
3.349301 -1.332150 -0.075519 164 164 164 540 252
3.342097 -1.353398 -0.075357 164 164 164 544 252
3.326200 -1.370960 -0.074998 165 165 165 548 252
3.308157 -1.387392 -0.074591 165 165 165 552 252
7.043475 -3.004750 -0.158814 65 65 65 556 252
7.049277 -3.058087 -0.158945 65 65 65 560 252
3.181120 -1.402972 -0.071727 169 169 169 564 252
3.157296 -1.415246 -0.071190 169 169 169 568 252
3.137049 -1.428805 -0.070733 170 170 170 572 252
3.124910 -1.445823 -0.070460 170 170 170 576 252
3.122171 -1.467083 -0.070398 170 170 170 580 252
3.124852 -1.490889 -0.070458 170 170 170 584 252
3.141637 -1.521565 -0.070837 170 170 170 588 252
3.164798 -1.555617 -0.071359 169 169 169 592 252
7.101929 -3.542107 -0.160132 63 63 63 596 252
7.107828 -3.596334 -0.160265 63 63 63 600 252
7.113736 -3.650650 -0.160399 63 63 63 604 252
7.119655 -3.705057 -0.160532 63 63 63 608 252
7.125583 -3.759555 -0.160666 63 63 63 612 252
7.131522 -3.814144 -0.160800 62 62 62 616 252
7.137470 -3.868824 -0.160934 62 62 62 620 252
7.143427 -3.923594 -0.161068 62 62 62 624 252
7.149395 -3.978457 -0.161203 62 62 62 628 252
7.155373 -4.033411 -0.161337 62 62 62 632 252
6.008645 -3.430366 -0.135481 93 93 93 636 252
6.223825 3.586894 -0.185238 87 87 87 0 256
6.228354 3.544566 -0.185373 87 87 87 4 256
6.232892 3.502176 -0.185508 87 87 87 8 256
6.237434 3.459724 -0.185643 87 87 87 12 256
6.241984 3.417210 -0.185779 86 86 86 16 256
6.246541 3.374635 -0.185914 86 86 86 20 256
6.251104 3.331997 -0.186050 86 86 86 24 256
6.255673 3.289296 -0.186186 86 86 86 28 256
6.260251 3.246534 -0.186322 86 86 86 32 256
6.264834 3.203708 -0.186459 86 86 86 36 256
6.269423 3.160820 -0.186595 86 86 86 40 256
6.274021 3.117869 -0.186732 86 86 86 44 256
6.278624 3.074855 -0.186869 85 85 85 48 256
6.283234 3.031778 -0.187007 85 85 85 52 256
6.287850 2.988637 -0.187144 85 85 85 56 256
6.292474 2.945433 -0.187282 85 85 85 60 256
6.297105 2.902166 -0.187419 85 85 85 64 256
6.301742 2.858834 -0.187557 85 85 85 68 256
6.306386 2.815439 -0.187696 85 85 85 72 256
6.311038 2.771980 -0.187834 85 85 85 76 256
6.315696 2.728457 -0.187973 84 84 84 80 256
6.320361 2.684869 -0.188112 84 84 84 84 256
6.325032 2.641217 -0.188251 84 84 84 88 256
6.329711 2.597501 -0.188390 84 84 84 92 256
6.334396 2.553719 -0.188529 84 84 84 96 256
6.339088 2.509873 -0.188669 84 84 84 100 256
6.343788 2.465962 -0.188809 84 84 84 104 256
6.348495 2.421985 -0.188949 84 84 84 108 256
6.353208 2.377943 -0.189089 83 83 83 112 256
6.357928 2.333836 -0.189230 83 83 83 116 256
6.362656 2.289664 -0.189370 83 83 83 120 256
4.742270 1.672336 -0.141143 127 127 127 124 256
4.745795 1.639336 -0.141248 127 127 127 128 256
4.749319 1.606286 -0.141353 127 127 127 132 256
4.752848 1.573187 -0.141458 127 127 127 136 256
4.756382 1.540038 -0.141563 126 126 126 140 256
4.759922 1.506841 -0.141669 126 126 126 144 256
4.763468 1.473594 -0.141774 126 126 126 148 256
4.767020 1.440297 -0.141880 126 126 126 152 256
4.770577 1.406951 -0.141986 126 126 126 156 256
4.626272 1.331013 -0.137691 130 130 130 160 256
4.627457 1.297965 -0.137726 130 130 130 164 256
4.628642 1.264901 -0.137761 130 130 130 168 256
4.637813 1.233944 -0.138034 130 130 130 172 256
4.560429 1.180451 -0.135731 132 132 132 176 256
4.584249 1.153540 -0.136440 131 131 131 180 256
4.641301 1.134408 -0.138138 130 130 130 184 256
4.634579 1.099326 -0.137938 130 130 130 188 256
4.635769 1.066160 -0.137973 130 130 130 192 256
4.636960 1.032977 -0.138009 130 130 130 196 256
4.810057 1.036832 -0.143161 125 125 125 200 256
4.813678 1.002881 -0.143269 125 125 125 204 256
4.817306 0.968879 -0.143376 125 125 125 208 256
4.820939 0.934825 -0.143485 125 125 125 212 256
4.824576 0.900720 -0.143593 125 125 125 216 256
4.205666 0.754828 -0.125172 141 141 141 220 256
4.190802 0.721923 -0.124730 142 142 142 224 256
4.199568 0.693132 -0.124991 141 141 141 228 256
4.839182 0.763784 -0.144028 124 124 124 232 256
4.842849 0.729420 -0.144137 124 124 124 236 256
4.846520 0.695004 -0.144246 124 124 124 240 256
4.690299 0.638760 -0.139596 128 128 128 244 256
4.853878 0.626016 -0.144465 124 124 124 248 256
4.857567 0.591443 -0.144575 124 124 124 252 256
4.861260 0.556818 -0.144685 124 124 124 256 256
4.864959 0.522140 -0.144795 123 123 123 260 256
4.868664 0.487409 -0.144905 123 123 123 264 256
4.872375 0.452625 -0.145015 123 123 123 268 256
4.876090 0.417788 -0.145126 123 123 123 272 256
4.879812 0.382898 -0.145237 123 123 123 276 256
4.883539 0.347954 -0.145348 123 123 123 280 256
4.858502 0.311115 -0.144603 124 124 124 284 256
4.862222 0.276271 -0.144713 124 124 124 288 256
4.894755 0.242803 -0.145682 123 123 123 292 256
4.898506 0.207645 -0.145793 123 123 123 296 256
4.902262 0.172434 -0.145906 122 122 122 300 256
4.906027 0.137168 -0.146018 122 122 122 304 256
4.910597 0.101865 -0.146154 122 122 122 308 256
4.914370 0.066485 -0.146266 122 122 122 312 256
4.918143 0.031050 -0.146378 122 122 122 316 256
4.921922 -0.004439 -0.146491 122 122 122 320 256
4.925707 -0.039982 -0.146604 122 122 122 324 256
4.680088 -0.071756 -0.139293 128 128 128 328 256
4.933295 -0.111233 -0.146829 122 122 122 332 256
4.937097 -0.146941 -0.146943 122 122 122 336 256
4.940906 -0.182705 -0.147056 121 121 121 340 256
4.944720 -0.218523 -0.147169 121 121 121 344 256
4.948540 -0.254397 -0.147283 121 121 121 348 256
4.714430 -0.276377 -0.140315 128 128 128 352 256
4.700374 -0.309467 -0.139897 128 128 128 356 256
4.960037 -0.362351 -0.147625 121 121 121 360 256
4.963881 -0.398447 -0.147740 121 121 121 364 256
4.967731 -0.434600 -0.147854 121 121 121 368 256
4.971587 -0.470808 -0.147969 121 121 121 372 256
4.975449 -0.507073 -0.148084 121 121 121 376 256
4.979316 -0.543394 -0.148199 120 120 120 380 256
4.900588 -0.570161 -0.145856 123 123 123 384 256
4.863089 -0.600887 -0.144740 124 124 124 388 256
4.848050 -0.634008 -0.144292 124 124 124 392 256
4.851816 -0.669508 -0.144404 124 124 124 396 256
4.161889 -0.604333 -0.123870 142 142 142 400 256
4.142125 -0.631350 -0.123282 143 143 143 404 256
4.137653 -0.660522 -0.123149 143 143 143 408 256
4.137400 -0.690334 -0.123141 143 143 143 412 256
4.140773 -0.720773 -0.123242 143 143 143 416 256
4.142603 -0.750982 -0.123296 143 143 143 420 256
4.144266 -0.781185 -0.123346 143 143 143 424 256
4.149782 -0.812166 -0.123510 143 143 143 428 256
4.170295 -0.846271 -0.124120 142 142 142 432 256
5.034106 -1.057885 -0.149830 119 119 119 436 256
4.953542 -1.076696 -0.147432 121 121 121 440 256
5.042032 -1.132309 -0.150066 119 119 119 444 256
5.046004 -1.169609 -0.150184 119 119 119 448 256
5.026906 -1.201453 -0.149616 119 119 119 452 256
5.053967 -1.244386 -0.150421 118 118 118 456 256
5.057958 -1.281863 -0.150540 118 118 118 460 256
5.061955 -1.319399 -0.150659 118 118 118 464 256
5.065959 -1.356995 -0.150778 118 118 118 468 256
5.069969 -1.394650 -0.150897 118 118 118 472 256
5.073985 -1.432365 -0.151017 118 118 118 476 256
5.078014 -1.470141 -0.151137 118 118 118 480 256
6.824398 -2.024978 -0.203114 71 71 71 484 256
6.829844 -2.075873 -0.203276 71 71 71 488 256
6.835300 -2.126850 -0.203439 70 70 70 492 256
6.840763 -2.177907 -0.203601 70 70 70 496 256
6.846237 -2.229047 -0.203764 70 70 70 500 256
6.851718 -2.280269 -0.203927 70 70 70 504 256
6.857208 -2.331572 -0.204091 70 70 70 508 256
6.862708 -2.382958 -0.204254 70 70 70 512 256
6.868216 -2.434426 -0.204418 70 70 70 516 256
6.873732 -2.485977 -0.204583 69 69 69 520 256
6.879259 -2.537611 -0.204747 69 69 69 524 256
6.884793 -2.589328 -0.204912 69 69 69 528 256
3.380136 -1.295637 -0.100603 163 163 163 532 256
3.348752 -1.307769 -0.099669 164 164 164 536 256
3.322031 -1.321303 -0.098873 165 165 165 540 256
3.305967 -1.338767 -0.098395 165 165 165 544 256
3.291587 -1.356693 -0.097967 166 166 166 548 256
3.275931 -1.373877 -0.097501 166 166 166 552 256
3.262848 -1.391932 -0.097112 167 167 167 556 256
3.207023 -1.391257 -0.095450 168 168 168 560 256
3.174632 -1.400111 -0.094486 169 169 169 564 256
3.154794 -1.414124 -0.093896 170 170 170 568 256
3.138977 -1.429683 -0.093425 170 170 170 572 256
3.132474 -1.449322 -0.093232 170 170 170 576 256
3.131051 -1.471255 -0.093189 170 170 170 580 256
3.149632 -1.502712 -0.093742 170 170 170 584 256
6.968893 -3.375190 -0.207415 67 67 67 588 256
6.974573 -3.428264 -0.207584 67 67 67 592 256
6.980261 -3.481425 -0.207753 67 67 67 596 256
6.985960 -3.534672 -0.207923 66 66 66 600 256
6.991668 -3.588006 -0.208093 66 66 66 604 256
6.997385 -3.641428 -0.208263 66 66 66 608 256
7.003111 -3.694937 -0.208433 66 66 66 612 256
7.008847 -3.748534 -0.208604 66 66 66 616 256
7.014592 -3.802219 -0.208775 66 66 66 620 256
7.020347 -3.855991 -0.208946 65 65 65 624 256
7.026111 -3.909852 -0.209118 65 65 65 628 256
7.031884 -3.963802 -0.209290 65 65 65 632 256
6.006007 -3.428860 -0.178756 93 93 93 636 256
6.130185 3.532928 -0.226682 89 89 89 0 260
6.134580 3.491199 -0.226845 89 89 89 4 260
6.138981 3.449409 -0.227007 89 89 89 8 260
6.143389 3.407559 -0.227170 89 89 89 12 260
6.147802 3.365650 -0.227334 89 89 89 16 260
6.152222 3.323680 -0.227497 89 89 89 20 260
6.156649 3.281650 -0.227661 89 89 89 24 260
6.161081 3.239558 -0.227824 89 89 89 28 260
6.165521 3.197407 -0.227989 88 88 88 32 260
6.169965 3.155194 -0.228153 88 88 88 36 260
6.174418 3.112922 -0.228318 88 88 88 40 260
6.178876 3.070587 -0.228483 88 88 88 44 260
6.183342 3.028192 -0.228648 88 88 88 48 260
6.187812 2.985735 -0.228813 88 88 88 52 260
6.192290 2.943217 -0.228979 88 88 88 56 260
6.196775 2.900637 -0.229144 88 88 88 60 260
6.201265 2.857996 -0.229310 88 88 88 64 260
6.205762 2.815292 -0.229477 87 87 87 68 260
6.210266 2.772527 -0.229643 87 87 87 72 260
6.214777 2.729699 -0.229810 87 87 87 76 260
6.219293 2.686810 -0.229977 87 87 87 80 260
6.223816 2.643858 -0.230144 87 87 87 84 260
6.228346 2.600843 -0.230312 87 87 87 88 260
6.232883 2.557766 -0.230480 87 87 87 92 260
6.237426 2.514625 -0.230648 87 87 87 96 260
6.241977 2.471423 -0.230816 86 86 86 100 260
6.246533 2.428157 -0.230984 86 86 86 104 260
6.251096 2.384827 -0.231153 86 86 86 108 260
6.255666 2.341434 -0.231322 86 86 86 112 260
6.260242 2.297978 -0.231491 86 86 86 116 260
4.670196 1.680615 -0.172695 129 129 129 120 260
4.673530 1.648095 -0.172818 129 129 129 124 260
4.676850 1.615521 -0.172941 129 129 129 128 260
4.680176 1.582901 -0.173064 128 128 128 132 260
4.683506 1.550235 -0.173187 128 128 128 136 260
4.686841 1.517522 -0.173310 128 128 128 140 260
4.690181 1.484763 -0.173434 128 128 128 144 260
4.693525 1.451957 -0.173557 128 128 128 148 260
4.696876 1.419104 -0.173681 128 128 128 152 260
4.700232 1.386205 -0.173805 128 128 128 156 260
4.643019 1.335831 -0.171690 129 129 129 160 260
4.643574 1.302486 -0.171710 129 129 129 164 260
4.644130 1.269134 -0.171731 129 129 129 168 260
4.518861 1.202296 -0.167099 133 133 133 172 260
4.519744 1.169920 -0.167131 133 133 133 176 260
4.538041 1.141913 -0.167808 132 132 132 180 260
4.657295 1.138317 -0.172218 129 129 129 184 260
4.646893 1.102247 -0.171833 129 129 129 188 260
4.647443 1.068845 -0.171853 129 129 129 192 260
4.647996 1.035436 -0.171874 129 129 129 196 260
4.737440 1.021179 -0.175181 127 127 127 200 260
4.740851 0.987708 -0.175307 127 127 127 204 260
4.751522 0.955648 -0.175702 127 127 127 208 260
4.753281 0.921706 -0.175767 126 126 126 212 260
4.755042 0.887739 -0.175832 126 126 126 216 260
4.219625 0.757334 -0.156033 141 141 141 220 260
4.203597 0.724127 -0.155441 141 141 141 224 260
4.211929 0.695173 -0.155749 141 141 141 228 260
4.261724 0.672642 -0.157590 140 140 140 232 260
4.766782 0.717963 -0.176266 126 126 126 236 260
4.770339 0.684080 -0.176398 126 126 126 240 260
4.594001 0.625646 -0.169877 131 131 131 244 260
4.777467 0.616161 -0.176661 126 126 126 248 260
4.781039 0.582125 -0.176793 126 126 126 252 260
4.784617 0.548039 -0.176926 126 126 126 256 260
4.788199 0.513901 -0.177058 126 126 126 260 260
4.791788 0.479712 -0.177191 125 125 125 264 260
4.795381 0.445472 -0.177324 125 125 125 268 260
4.798980 0.411181 -0.177457 125 125 125 272 260
4.802584 0.376838 -0.177590 125 125 125 276 260
4.806193 0.342443 -0.177724 125 125 125 280 260
4.809808 0.307997 -0.177857 125 125 125 284 260
4.813429 0.273499 -0.177991 125 125 125 288 260
4.817056 0.238949 -0.178125 125 125 125 292 260
4.820688 0.204347 -0.178260 125 125 125 296 260
4.824326 0.169693 -0.178395 125 125 125 300 260
4.827972 0.134986 -0.178530 124 124 124 304 260
4.832414 0.100243 -0.178694 124 124 124 308 260
4.836066 0.065426 -0.178829 124 124 124 312 260
4.839721 0.030555 -0.178964 124 124 124 316 260
4.843380 -0.004368 -0.179099 124 124 124 320 260
4.847045 -0.039344 -0.179235 124 124 124 324 260
4.650341 -0.071300 -0.171961 129 129 129 328 260
4.854393 -0.109454 -0.179507 124 124 124 332 260
4.858075 -0.144590 -0.179643 124 124 124 336 260
4.861762 -0.179778 -0.179779 124 124 124 340 260
4.865455 -0.215020 -0.179916 123 123 123 344 260
4.869154 -0.250315 -0.180052 123 123 123 348 260
4.729207 -0.277243 -0.174877 127 127 127 352 260
4.668746 -0.307385 -0.172642 129 129 129 356 260
4.880284 -0.356525 -0.180464 123 123 123 360 260
4.884005 -0.392036 -0.180602 123 123 123 364 260
4.887733 -0.427601 -0.180739 123 123 123 368 260
4.891465 -0.463221 -0.180877 123 123 123 372 260
4.895203 -0.498895 -0.181016 123 123 123 376 260
4.898948 -0.534623 -0.181154 123 123 123 380 260
4.902697 -0.570407 -0.181293 122 122 122 384 260
4.874678 -0.602319 -0.180257 123 123 123 388 260
4.853309 -0.634696 -0.179467 124 124 124 392 260
4.840482 -0.667944 -0.178992 124 124 124 396 260
4.194914 -0.609128 -0.155120 142 142 142 400 260
4.157258 -0.633656 -0.153728 143 143 143 404 260
4.151123 -0.662672 -0.153501 143 143 143 408 260
4.152008 -0.692771 -0.153534 143 143 143 412 260
4.153298 -0.722954 -0.153581 143 143 143 416 260
4.153298 -0.752921 -0.153581 143 143 143 420 260
4.153679 -0.782959 -0.153596 143 143 143 424 260
4.162865 -0.814727 -0.153935 142 142 142 428 260
4.948148 -1.004119 -0.182974 121 121 121 432 260
4.951973 -1.040625 -0.183115 121 121 121 436 260
4.954416 -1.076886 -0.183205 121 121 121 440 260
4.896582 -1.099645 -0.181067 123 123 123 444 260
4.894896 -1.134584 -0.181004 123 123 123 448 260
4.883986 -1.167294 -0.180601 123 123 123 452 260
4.971190 -1.224005 -0.183826 121 121 121 456 260
4.975050 -1.260851 -0.183968 121 121 121 460 260
4.978919 -1.297756 -0.184111 120 120 120 464 260
4.982791 -1.334717 -0.184255 120 120 120 468 260
4.986671 -1.371737 -0.184398 120 120 120 472 260
4.990557 -1.408813 -0.184542 120 120 120 476 260
4.994450 -1.445948 -0.184686 120 120 120 480 260
6.711979 -1.991621 -0.248197 74 74 74 484 260
6.717247 -2.041650 -0.248392 74 74 74 488 260
6.722525 -2.091759 -0.248587 73 73 73 492 260
6.727809 -2.141946 -0.248782 73 73 73 496 260
6.733103 -2.192212 -0.248978 73 73 73 500 260
6.738404 -2.242557 -0.249174 73 73 73 504 260
6.743714 -2.292982 -0.249370 73 73 73 508 260
6.749032 -2.343486 -0.249567 73 73 73 512 260
6.754360 -2.394070 -0.249764 73 73 73 516 260
6.759696 -2.444734 -0.249961 72 72 72 520 260
6.765039 -2.495478 -0.250159 72 72 72 524 260
6.770391 -2.546302 -0.250357 72 72 72 528 260
3.370288 -1.291862 -0.124627 164 164 164 532 260
3.335867 -1.302737 -0.123354 165 165 165 536 260
3.309478 -1.316310 -0.122378 165 165 165 540 260
3.288506 -1.331696 -0.121603 166 166 166 544 260
3.266386 -1.346306 -0.120785 167 167 167 548 260
3.252511 -1.364055 -0.120272 167 167 167 552 260
3.234684 -1.379918 -0.119613 167 167 167 556 260
3.200137 -1.388270 -0.118335 168 168 168 560 260
3.179001 -1.402038 -0.117554 169 169 169 564 260
3.155538 -1.414458 -0.116686 170 170 170 568 260
3.138053 -1.429262 -0.116040 170 170 170 572 260
3.133964 -1.450012 -0.115888 170 170 170 576 260
3.140105 -1.475510 -0.116115 170 170 170 580 260
6.846222 -3.266381 -0.253161 70 70 70 584 260
6.851704 -3.318433 -0.253364 70 70 70 588 260
6.857194 -3.370568 -0.253567 70 70 70 592 260
6.862693 -3.422787 -0.253770 70 70 70 596 260
6.868201 -3.475090 -0.253974 70 70 70 600 260
6.873718 -3.527476 -0.254178 69 69 69 604 260
6.879243 -3.579947 -0.254382 69 69 69 608 260
6.884778 -3.632503 -0.254587 69 69 69 612 260
6.890321 -3.685143 -0.254792 69 69 69 616 260
6.895874 -3.737868 -0.254997 69 69 69 620 260
6.901435 -3.790678 -0.255203 69 69 69 624 260
6.907005 -3.843573 -0.255408 68 68 68 628 260
6.077342 -3.425736 -0.224729 91 91 91 632 260
6.003372 -3.427356 -0.221994 93 93 93 636 260
6.039323 3.480563 -0.266897 92 92 92 0 264
6.043588 3.439415 -0.267086 92 92 92 4 264
6.047859 3.398209 -0.267274 92 92 92 8 264
6.052136 3.356945 -0.267464 92 92 92 12 264
6.056420 3.315622 -0.267653 91 91 91 16 264
6.060709 3.274241 -0.267842 91 91 91 20 264
6.065005 3.232801 -0.268032 91 91 91 24 264
6.069306 3.191303 -0.268222 91 91 91 28 264
6.073615 3.149745 -0.268413 91 91 91 32 264
6.077929 3.108129 -0.268603 91 91 91 36 264
6.082249 3.066453 -0.268794 91 91 91 40 264
6.086575 3.024718 -0.268985 91 91 91 44 264
6.090908 2.982924 -0.269177 90 90 90 48 264
6.095246 2.941070 -0.269369 90 90 90 52 264
6.099590 2.899156 -0.269561 90 90 90 56 264
6.103941 2.857183 -0.269753 90 90 90 60 264
6.108298 2.815150 -0.269946 90 90 90 64 264
6.112662 2.773057 -0.270138 90 90 90 68 264
6.117031 2.730903 -0.270331 90 90 90 72 264
6.121407 2.688689 -0.270525 90 90 90 76 264
6.125790 2.646415 -0.270719 90 90 90 80 264
6.130178 2.604080 -0.270912 89 89 89 84 264
6.134573 2.561685 -0.271107 89 89 89 88 264
6.138973 2.519228 -0.271301 89 89 89 92 264
6.143381 2.476711 -0.271496 89 89 89 96 264
6.147795 2.434132 -0.271691 89 89 89 100 264
6.152215 2.391493 -0.271886 89 89 89 104 264
6.156641 2.348792 -0.272082 89 89 89 108 264
6.161074 2.306029 -0.272278 89 89 89 112 264
4.596183 1.687144 -0.203120 131 131 131 116 264
4.599420 1.655146 -0.203263 131 131 131 120 264
4.602636 1.623094 -0.203405 131 131 131 124 264
4.605857 1.590998 -0.203548 130 130 130 128 264
4.609082 1.558856 -0.203690 130 130 130 132 264
4.612312 1.526670 -0.203833 130 130 130 136 264
4.615546 1.494438 -0.203976 130 130 130 140 264
4.618785 1.462161 -0.204119 130 130 130 144 264
4.622028 1.429839 -0.204262 130 130 130 148 264
4.625276 1.397471 -0.204406 130 130 130 152 264
4.628530 1.365058 -0.204550 130 130 130 156 264
4.631786 1.332599 -0.204694 130 130 130 160 264
4.635048 1.300095 -0.204838 130 130 130 164 264
4.638314 1.267545 -0.204982 130 130 130 168 264
4.532600 1.205951 -0.200310 132 132 132 172 264
4.533493 1.173479 -0.200350 132 132 132 176 264
4.534386 1.140993 -0.200389 132 132 132 180 264
4.651425 1.136883 -0.205562 129 129 129 184 264
4.654715 1.104102 -0.205707 129 129 129 188 264
4.658009 1.071275 -0.205853 129 129 129 192 264
4.661308 1.038401 -0.205998 129 129 129 196 264
4.664611 1.005481 -0.206144 129 129 129 200 264
4.667919 0.972514 -0.206291 129 129 129 204 264
4.318305 0.868518 -0.190840 138 138 138 208 264
4.311612 0.836062 -0.190544 138 138 138 212 264
4.677872 0.873331 -0.206730 129 129 129 216 264
4.233672 0.759855 -0.187100 140 140 140 220 264
4.216468 0.726344 -0.186339 141 141 141 224 264
4.224364 0.697225 -0.186688 141 141 141 228 264
4.270389 0.674009 -0.188722 140 140 140 232 264
4.694554 0.707084 -0.207468 128 128 128 236 264
4.697905 0.673693 -0.207616 128 128 128 240 264
4.588428 0.624887 -0.202778 131 131 131 244 264
4.704621 0.606766 -0.207913 128 128 128 248 264
4.707986 0.573231 -0.208061 128 128 128 252 264
4.711356 0.539647 -0.208210 128 128 128 256 264
4.714731 0.506016 -0.208359 128 128 128 260 264
4.718110 0.472337 -0.208509 127 127 127 264 264
4.721495 0.438609 -0.208658 127 127 127 268 264
4.724884 0.404832 -0.208808 127 127 127 272 264
4.728278 0.371008 -0.208958 127 127 127 276 264
4.731678 0.337134 -0.209108 127 127 127 280 264
4.735081 0.303212 -0.209259 127 127 127 284 264
4.738490 0.269241 -0.209410 127 127 127 288 264
4.741904 0.235221 -0.209561 127 127 127 292 264
4.745324 0.201152 -0.209712 127 127 127 296 264
4.748749 0.167034 -0.209863 127 127 127 300 264
4.752172 0.132867 -0.210015 127 127 127 304 264
4.756041 0.098659 -0.210186 126 126 126 308 264
4.759631 0.064391 -0.210344 126 126 126 312 264
4.763180 0.030072 -0.210501 126 126 126 316 264
4.766736 -0.004299 -0.210658 126 126 126 320 264
4.770296 -0.038721 -0.210816 126 126 126 324 264
4.649898 -0.071293 -0.205495 129 129 129 328 264
4.777432 -0.107719 -0.211131 126 126 126 332 264
4.781010 -0.142296 -0.211289 126 126 126 336 264
4.784591 -0.176924 -0.211447 126 126 126 340 264
4.788178 -0.211605 -0.211606 126 126 126 344 264
4.800170 -0.246769 -0.212136 125 125 125 348 264
4.730892 -0.277342 -0.209074 127 127 127 352 264
4.666564 -0.307241 -0.206231 129 129 129 356 264
4.805544 -0.351065 -0.212373 125 125 125 360 264
4.807340 -0.385882 -0.212453 125 125 125 364 264
4.810266 -0.420824 -0.212582 125 125 125 368 264
4.813882 -0.455874 -0.212742 125 125 125 372 264
4.817502 -0.490976 -0.212902 125 125 125 376 264
4.821128 -0.526131 -0.213062 125 125 125 380 264
4.824760 -0.561339 -0.213223 125 125 125 384 264
4.828397 -0.596600 -0.213383 124 124 124 388 264
4.832041 -0.631915 -0.213544 124 124 124 392 264
4.835689 -0.667283 -0.213706 124 124 124 396 264
4.839343 -0.702704 -0.213867 124 124 124 400 264
4.843002 -0.738178 -0.214029 124 124 124 404 264
4.846667 -0.773707 -0.214191 124 124 124 408 264
4.850338 -0.809289 -0.214353 124 124 124 412 264
4.207338 -0.732360 -0.185937 141 141 141 416 264
4.169202 -0.755804 -0.184251 142 142 142 420 264
4.175014 -0.786981 -0.184508 142 142 142 424 264
4.865075 -0.952159 -0.215004 123 123 123 428 264
4.868773 -0.988012 -0.215168 123 123 123 432 264
4.872477 -1.023919 -0.215331 123 123 123 436 264
4.876186 -1.059882 -0.215495 123 123 123 440 264
4.879901 -1.095899 -0.215659 123 123 123 444 264
4.860900 -1.126704 -0.214820 124 124 124 448 264
4.860340 -1.161643 -0.214795 124 124 124 452 264
4.891081 -1.204280 -0.216154 123 123 123 456 264
4.894818 -1.240518 -0.216319 123 123 123 460 264
4.898562 -1.276811 -0.216484 123 123 123 464 264
4.902311 -1.313159 -0.216650 122 122 122 468 264
4.906066 -1.349564 -0.216816 122 122 122 472 264
4.909826 -1.386023 -0.216982 122 122 122 476 264
4.913594 -1.422540 -0.217148 122 122 122 480 264
4.917366 -1.459112 -0.217315 122 122 122 484 264
6.608302 -2.008537 -0.292043 77 77 77 488 264
6.613409 -2.057807 -0.292269 76 76 76 492 264
6.618525 -2.107153 -0.292495 76 76 76 496 264
6.623647 -2.156575 -0.292722 76 76 76 500 264
6.628778 -2.206074 -0.292948 76 76 76 504 264
6.633916 -2.255649 -0.293175 76 76 76 508 264
6.639063 -2.305301 -0.293403 76 76 76 512 264
6.644218 -2.355031 -0.293631 76 76 76 516 264
6.649381 -2.404837 -0.293859 75 75 75 520 264
6.654551 -2.454721 -0.294087 75 75 75 524 264
3.402796 -1.279770 -0.150381 163 163 163 528 264
3.377902 -1.294780 -0.149281 164 164 164 532 264
3.326934 -1.299249 -0.147029 165 165 165 536 264
3.299470 -1.312330 -0.145815 166 166 166 540 264
3.281342 -1.328795 -0.145014 166 166 166 544 264
3.260020 -1.343682 -0.144071 167 167 167 548 264
3.236758 -1.357448 -0.143043 167 167 167 552 264
3.218269 -1.372915 -0.142226 168 168 168 556 264
3.191705 -1.384612 -0.141052 169 169 169 560 264
3.178004 -1.401598 -0.140447 169 169 169 564 264
3.157948 -1.415538 -0.139561 169 169 169 568 264
3.142518 -1.431296 -0.138879 170 170 170 572 264
3.133544 -1.449817 -0.138482 170 170 170 576 264
3.146197 -1.478372 -0.139041 170 170 170 580 264
6.733089 -3.212404 -0.297558 73 73 73 584 264
6.738390 -3.263553 -0.297792 73 73 73 588 264
6.743701 -3.314782 -0.298027 73 73 73 592 264
6.749019 -3.366092 -0.298262 73 73 73 596 264
6.754346 -3.417483 -0.298498 73 73 73 600 264
6.759682 -3.468955 -0.298733 72 72 72 604 264
6.765026 -3.520509 -0.298970 72 72 72 608 264
6.770378 -3.572144 -0.299206 72 72 72 612 264
6.775738 -3.623861 -0.299443 72 72 72 616 264
6.781107 -3.675659 -0.299680 72 72 72 620 264
6.786485 -3.727540 -0.299918 72 72 72 624 264
6.791872 -3.779504 -0.300156 72 72 72 628 264
6.073863 -3.423775 -0.268425 91 91 91 632 264
6.000739 -3.425853 -0.265193 93 93 93 636 264
5.951114 3.429726 -0.305938 94 94 94 0 268
5.955255 3.389144 -0.306151 94 94 94 4 268
5.959403 3.348506 -0.306364 94 94 94 8 268
5.963555 3.307811 -0.306577 94 94 94 12 268
5.967715 3.267060 -0.306791 94 94 94 16 268
5.971879 3.226251 -0.307005 94 94 94 20 268
5.976049 3.185385 -0.307220 94 94 94 24 268
5.980226 3.144463 -0.307434 93 93 93 28 268
5.984408 3.103483 -0.307649 93 93 93 32 268
5.988596 3.062446 -0.307865 93 93 93 36 268
5.992791 3.021352 -0.308080 93 93 93 40 268
5.996990 2.980199 -0.308296 93 93 93 44 268
6.001196 2.938989 -0.308512 93 93 93 48 268
6.005408 2.897722 -0.308729 93 93 93 52 268
6.009625 2.856395 -0.308946 93 93 93 56 268
6.013849 2.815012 -0.309163 93 93 93 60 268
6.018078 2.773570 -0.309380 92 92 92 64 268
6.022314 2.732069 -0.309598 92 92 92 68 268
6.026554 2.690510 -0.309816 92 92 92 72 268
6.030802 2.648893 -0.310034 92 92 92 76 268
6.035055 2.607217 -0.310253 92 92 92 80 268
6.039315 2.565482 -0.310472 92 92 92 84 268
6.043580 2.523688 -0.310691 92 92 92 88 268
6.047852 2.481835 -0.310911 92 92 92 92 268
6.052128 2.439922 -0.311131 92 92 92 96 268
6.056413 2.397951 -0.311351 91 91 91 100 268
6.060702 2.355920 -0.311571 91 91 91 104 268
6.064998 2.313830 -0.311792 91 91 91 108 268
6.069299 2.271679 -0.312013 91 91 91 112 268
4.527624 1.661977 -0.232758 133 133 133 116 268
4.530740 1.630431 -0.232918 132 132 132 120 268
4.533861 1.598841 -0.233079 132 132 132 124 268
4.536987 1.567208 -0.233240 132 132 132 128 268
4.540116 1.535531 -0.233400 132 132 132 132 268
4.543250 1.503810 -0.233562 132 132 132 136 268
4.546388 1.472046 -0.233723 132 132 132 140 268
4.549531 1.440237 -0.233884 132 132 132 144 268
4.552677 1.408385 -0.234046 132 132 132 148 268
4.555828 1.376488 -0.234208 132 132 132 152 268
4.558984 1.344548 -0.234370 132 132 132 156 268
4.562144 1.312563 -0.234533 132 132 132 160 268
4.565308 1.280533 -0.234696 132 132 132 164 268
4.568478 1.248460 -0.234858 131 131 131 168 268
4.571650 1.216341 -0.235022 131 131 131 172 268
4.547316 1.177057 -0.233771 132 132 132 176 268
4.578010 1.151970 -0.235349 131 131 131 180 268
4.581196 1.119718 -0.235512 131 131 131 184 268
4.584387 1.087420 -0.235676 131 131 131 188 268
4.587582 1.055078 -0.235841 131 131 131 192 268
4.590782 1.022690 -0.236005 131 131 131 196 268
4.593986 0.990257 -0.236170 131 131 131 200 268
4.254822 0.886449 -0.218734 140 140 140 204 268
4.248312 0.854440 -0.218399 140 140 140 208 268
4.244475 0.823044 -0.218202 140 140 140 212 268
4.269302 0.797054 -0.219478 140 140 140 216 268
4.234988 0.760091 -0.217714 140 140 140 220 268
4.224728 0.727767 -0.217187 141 141 141 224 268
4.230634 0.698260 -0.217490 141 141 141 228 268
4.258616 0.672151 -0.218929 140 140 140 232 268
4.623026 0.696311 -0.237663 130 130 130 236 268
4.626276 0.663421 -0.237830 130 130 130 240 268
4.624514 0.629801 -0.237739 130 130 130 244 268
4.632788 0.597501 -0.238165 130 130 130 248 268
4.636052 0.564472 -0.238332 130 130 130 252 268
4.639319 0.531396 -0.238500 130 130 130 256 268
4.642591 0.498274 -0.238669 129 129 129 260 268
4.645868 0.465104 -0.238837 129 129 129 264 268
4.649150 0.431888 -0.239006 129 129 129 268 268
4.652436 0.398625 -0.239175 129 129 129 272 268
4.655727 0.365315 -0.239344 129 129 129 276 268
4.659023 0.331958 -0.239513 129 129 129 280 268
4.662323 0.298553 -0.239684 129 129 129 284 268
4.665627 0.265101 -0.239854 129 129 129 288 268
4.668938 0.231602 -0.240024 129 129 129 292 268
4.672253 0.198055 -0.240194 129 129 129 296 268
4.675572 0.164460 -0.240365 129 129 129 300 268
4.678898 0.130818 -0.240536 128 128 128 304 268
4.682647 0.097136 -0.240728 128 128 128 308 268
4.686134 0.063397 -0.240908 128 128 128 312 268
4.689578 0.029607 -0.241085 128 128 128 316 268
4.693027 -0.004232 -0.241262 128 128 128 320 268
4.696482 -0.038121 -0.241440 128 128 128 324 268
4.699941 -0.072061 -0.241618 128 128 128 328 268
4.703405 -0.106050 -0.241796 128 128 128 332 268
4.706875 -0.140089 -0.241974 128 128 128 336 268
4.710350 -0.174179 -0.242153 128 128 128 340 268
4.713830 -0.208319 -0.242332 128 128 128 344 268
4.717315 -0.242510 -0.242511 127 127 127 348 268
4.708059 -0.276004 -0.242035 128 128 128 352 268
4.708678 -0.310014 -0.242067 128 128 128 356 268
4.727800 -0.345385 -0.243050 127 127 127 360 268
4.731306 -0.379779 -0.243230 127 127 127 364 268
4.734817 -0.414223 -0.243410 127 127 127 368 268
4.738333 -0.448719 -0.243591 127 127 127 372 268
4.741854 -0.483266 -0.243772 127 127 127 376 268
4.745380 -0.517865 -0.243954 127 127 127 380 268
4.748912 -0.552515 -0.244135 127 127 127 384 268
4.752450 -0.587216 -0.244317 127 127 127 388 268
4.755992 -0.621969 -0.244499 126 126 126 392 268
4.759540 -0.656775 -0.244681 126 126 126 396 268
4.763092 -0.691632 -0.244864 126 126 126 400 268
4.766650 -0.726541 -0.245047 126 126 126 404 268
4.232093 -0.675598 -0.217566 141 141 141 408 268
4.207314 -0.701999 -0.216292 141 141 141 412 268
4.187503 -0.728908 -0.215274 142 142 142 416 268
4.179910 -0.757745 -0.214883 142 142 142 420 268
4.784521 -0.901872 -0.245966 126 126 126 424 268
4.788112 -0.937096 -0.246150 126 126 126 428 268
4.791706 -0.972373 -0.246335 125 125 125 432 268
4.795303 -1.007702 -0.246520 125 125 125 436 268
4.798906 -1.043084 -0.246705 125 125 125 440 268
4.802514 -1.078520 -0.246891 125 125 125 444 268
4.806128 -1.114008 -0.247076 125 125 125 448 268
4.809746 -1.149551 -0.247263 125 125 125 452 268
4.813371 -1.185146 -0.247449 125 125 125 456 268
4.817000 -1.220796 -0.247635 125 125 125 460 268
4.820636 -1.256499 -0.247822 125 125 125 464 268
4.824276 -1.292256 -0.248010 125 125 125 468 268
4.827922 -1.328068 -0.248197 124 124 124 472 268
4.831574 -1.363933 -0.248385 124 124 124 476 268
4.835232 -1.399853 -0.248573 124 124 124 480 268
4.847403 -1.438352 -0.249198 124 124 124 484 268
4.864296 -1.478462 -0.250067 124 124 124 488 268
6.507781 -2.024940 -0.334556 79 79 79 492 268
6.512733 -2.073472 -0.334811 79 79 79 496 268
6.517693 -2.122077 -0.335066 79 79 79 500 268
6.522662 -2.170758 -0.335321 79 79 79 504 268
6.527637 -2.219512 -0.335577 79 79 79 508 268
6.532620 -2.268341 -0.335833 79 79 79 512 268
6.537611 -2.317244 -0.336090 78 78 78 516 268
6.542609 -2.366222 -0.336347 78 78 78 520 268
6.547615 -2.415275 -0.336604 78 78 78 524 268
3.407269 -1.281453 -0.175163 163 163 163 528 268
3.387095 -1.298304 -0.174126 163 163 163 532 268
3.328103 -1.299705 -0.171093 165 165 165 536 268
3.294082 -1.310187 -0.169344 166 166 166 540 268
3.274209 -1.325906 -0.168323 166 166 166 544 268
3.252010 -1.340381 -0.167181 167 167 167 548 268
3.230734 -1.354922 -0.166088 167 167 167 552 268
3.213286 -1.370789 -0.165191 168 168 168 556 268
3.197398 -1.387081 -0.164374 168 168 168 560 268
3.181860 -1.403298 -0.163575 169 169 169 564 268
3.158039 -1.415579 -0.162350 169 169 169 568 268
3.138359 -1.429401 -0.161339 170 170 170 572 268
3.123110 -1.444990 -0.160555 170 170 170 576 268
3.121835 -1.466925 -0.160489 170 170 170 580 268
3.115057 -1.486215 -0.160141 171 171 171 584 268
3.123790 -1.512921 -0.160590 170 170 170 588 268
3.136986 -1.541946 -0.161268 170 170 170 592 268
6.639050 -3.311245 -0.341305 76 76 76 596 268
6.644205 -3.361755 -0.341570 76 76 76 600 268
6.649368 -3.412344 -0.341835 75 75 75 604 268
6.654538 -3.463011 -0.342101 75 75 75 608 268
6.659717 -3.513758 -0.342367 75 75 75 612 268
6.664904 -3.564583 -0.342634 75 75 75 616 268
6.670099 -3.615488 -0.342901 75 75 75 620 268
6.675302 -3.666472 -0.343168 75 75 75 624 268
6.680513 -3.717536 -0.343436 75 75 75 628 268
6.071168 -3.422256 -0.312111 91 91 91 632 268
5.998110 -3.424351 -0.308355 93 93 93 636 268
5.865444 3.380354 -0.343854 97 97 97 0 272
5.869467 3.340322 -0.344090 96 96 96 4 272
5.873497 3.300237 -0.344326 96 96 96 8 272
5.877531 3.260096 -0.344563 96 96 96 12 272
5.881570 3.219900 -0.344799 96 96 96 16 272
5.885615 3.179648 -0.345037 96 96 96 20 272
5.889667 3.139341 -0.345274 96 96 96 24 272
5.893723 3.098979 -0.345512 96 96 96 28 272
5.897785 3.058561 -0.345750 96 96 96 32 272
5.901853 3.018087 -0.345988 96 96 96 36 272
5.905926 2.977558 -0.346227 95 95 95 40 272
5.910005 2.936972 -0.346466 95 95 95 44 272
5.914090 2.896330 -0.346706 95 95 95 48 272
5.918180 2.855632 -0.346946 95 95 95 52 272
5.922276 2.814878 -0.347186 95 95 95 56 272
5.926377 2.774067 -0.347426 95 95 95 60 272
5.930484 2.733200 -0.347667 95 95 95 64 272
5.934598 2.692276 -0.347908 95 95 95 68 272
5.938716 2.651295 -0.348150 95 95 95 72 272
5.942840 2.610257 -0.348391 94 94 94 76 272
5.946970 2.569163 -0.348633 94 94 94 80 272
5.951107 2.528011 -0.348876 94 94 94 84 272
5.955247 2.486802 -0.349119 94 94 94 88 272
5.959395 2.445535 -0.349362 94 94 94 92 272
5.963548 2.404211 -0.349605 94 94 94 96 272
5.967707 2.362829 -0.349849 94 94 94 100 272
5.971872 2.321390 -0.350093 94 94 94 104 272
5.976043 2.279893 -0.350338 94 94 94 108 272
4.458031 1.668597 -0.261346 134 134 134 112 272
4.461056 1.637542 -0.261524 134 134 134 116 272
4.464082 1.606443 -0.261701 134 134 134 120 272
4.467112 1.575302 -0.261879 134 134 134 124 272
4.450689 1.537398 -0.260916 135 135 135 128 272
4.453822 1.506345 -0.261100 135 135 135 132 272
4.456920 1.475235 -0.261281 134 134 134 136 272
4.459100 1.443784 -0.261409 134 134 134 140 272
4.482322 1.418961 -0.262770 134 134 134 144 272
4.485376 1.387565 -0.262949 134 134 134 148 272
4.488436 1.356126 -0.263129 134 134 134 152 272
4.491498 1.324645 -0.263308 134 134 134 156 272
4.494565 1.293120 -0.263488 133 133 133 160 272
4.497636 1.261552 -0.263668 133 133 133 164 272
4.500712 1.229941 -0.263848 133 133 133 168 272
4.503791 1.198286 -0.264029 133 133 133 172 272
4.506876 1.166589 -0.264210 133 133 133 176 272
4.509964 1.134848 -0.264391 133 133 133 180 272
4.513056 1.103063 -0.264572 133 133 133 184 272
4.516152 1.071235 -0.264754 133 133 133 188 272
4.519253 1.039363 -0.264935 133 133 133 192 272
4.522358 1.007447 -0.265117 133 133 133 196 272
4.525468 0.975488 -0.265300 133 133 133 200 272
4.240273 0.883418 -0.248581 140 140 140 204 272
4.235086 0.851780 -0.248277 140 140 140 208 272
4.248038 0.823734 -0.249036 140 140 140 212 272
4.248987 0.793261 -0.249091 140 140 140 216 272
4.246679 0.762189 -0.248956 140 140 140 220 272
4.233520 0.729282 -0.248185 140 140 140 224 272
4.240452 0.699880 -0.248591 140 140 140 228 272
4.249721 0.670747 -0.249134 140 140 140 232 272
4.553646 0.685861 -0.266952 132 132 132 236 272
4.556798 0.653458 -0.267136 132 132 132 240 272
4.559955 0.621009 -0.267321 132 132 132 244 272
4.563116 0.588516 -0.267507 132 132 132 248 272
4.566282 0.555977 -0.267692 132 132 132 252 272
4.569452 0.523394 -0.267878 131 131 131 256 272
4.572627 0.490765 -0.268064 131 131 131 260 272
4.575805 0.458090 -0.268251 131 131 131 264 272
4.578989 0.425370 -0.268437 131 131 131 268 272
4.582176 0.392605 -0.268624 131 131 131 272 272
4.585369 0.359794 -0.268811 131 131 131 276 272
4.588567 0.326938 -0.269000 131 131 131 280 272
4.591768 0.294035 -0.269187 131 131 131 284 272
4.594974 0.261087 -0.269375 131 131 131 288 272
4.598185 0.228092 -0.269563 131 131 131 292 272
4.601400 0.195051 -0.269752 131 131 131 296 272
4.604620 0.161965 -0.269941 130 130 130 300 272
4.607846 0.128831 -0.270130 130 130 130 304 272
4.611482 0.095660 -0.270343 130 130 130 308 272
4.614861 0.062433 -0.270541 130 130 130 312 272
4.618201 0.029157 -0.270737 130 130 130 316 272
4.621546 -0.004168 -0.270933 130 130 130 320 272
4.624896 -0.037540 -0.271129 130 130 130 324 272
4.628251 -0.070962 -0.271326 130 130 130 328 272
4.631610 -0.104431 -0.271523 130 130 130 332 272
4.634974 -0.137949 -0.271720 130 130 130 336 272
4.638344 -0.171516 -0.271918 130 130 130 340 272
4.641718 -0.205132 -0.272115 130 130 130 344 272
4.645098 -0.238797 -0.272314 129 129 129 348 272
4.648481 -0.272511 -0.272512 129 129 129 352 272
4.651870 -0.306274 -0.272711 129 129 129 356 272
4.655264 -0.340086 -0.272910 129 129 129 360 272
4.658663 -0.373948 -0.273109 129 129 129 364 272
4.662067 -0.407859 -0.273308 129 129 129 368 272
4.665475 -0.441820 -0.273508 129 129 129 372 272
4.668890 -0.475830 -0.273708 129 129 129 376 272
4.672308 -0.509890 -0.273909 129 129 129 380 272
4.675732 -0.544000 -0.274110 129 129 129 384 272
4.679161 -0.578161 -0.274311 128 128 128 388 272
4.682595 -0.612371 -0.274512 128 128 128 392 272
4.686034 -0.646631 -0.274713 128 128 128 396 272
4.689477 -0.680942 -0.274915 128 128 128 400 272
4.692926 -0.715304 -0.275118 128 128 128 404 272
4.217186 -0.673218 -0.247228 141 141 141 408 272
4.193399 -0.699678 -0.245833 142 142 142 412 272
4.188694 -0.729115 -0.245557 142 142 142 416 272
4.206644 -0.762591 -0.246610 141 141 141 420 272
4.710248 -0.887871 -0.276133 128 128 128 424 272
4.713728 -0.922538 -0.276337 128 128 128 428 272
4.717213 -0.957256 -0.276541 127 127 127 432 272
4.720703 -0.992025 -0.276746 127 127 127 436 272
4.724198 -1.026846 -0.276951 127 127 127 440 272
4.727698 -1.061718 -0.277156 127 127 127 444 272
4.731204 -1.096642 -0.277361 127 127 127 448 272
4.734715 -1.131618 -0.277567 127 127 127 452 272
4.738230 -1.166645 -0.277773 127 127 127 456 272
4.741752 -1.201725 -0.277980 127 127 127 460 272
4.745278 -1.236857 -0.278187 127 127 127 464 272
4.748809 -1.272041 -0.278394 127 127 127 468 272
4.752346 -1.307278 -0.278601 127 127 127 472 272
4.755888 -1.342567 -0.278809 126 126 126 476 272
4.759436 -1.377909 -0.279017 126 126 126 480 272
4.762988 -1.413304 -0.279225 126 126 126 484 272
4.766545 -1.448751 -0.279433 126 126 126 488 272
6.405473 -1.993106 -0.375514 82 82 82 492 272
6.410271 -2.040851 -0.375795 82 82 82 496 272
6.415077 -2.088667 -0.376077 82 82 82 500 272
6.419889 -2.136555 -0.376359 82 82 82 504 272
6.424709 -2.184515 -0.376641 81 81 81 508 272
6.429536 -2.232547 -0.376924 81 81 81 512 272
6.434371 -2.280651 -0.377208 81 81 81 516 272
6.439212 -2.328827 -0.377492 81 81 81 520 272
6.444061 -2.377076 -0.377776 81 81 81 524 272
3.411313 -1.282974 -0.199984 163 163 163 528 272
3.387509 -1.298463 -0.198589 163 163 163 532 272
3.343626 -1.305767 -0.196016 164 164 164 536 272
3.292605 -1.309599 -0.193025 166 166 166 540 272
3.269086 -1.323832 -0.191646 166 166 166 544 272
3.246129 -1.337957 -0.190301 167 167 167 548 272
3.225078 -1.352550 -0.189067 168 168 168 552 272
3.208371 -1.368693 -0.188087 168 168 168 556 272
3.192505 -1.384959 -0.187157 169 169 169 560 272
3.176796 -1.401065 -0.186236 169 169 169 564 272
3.159902 -1.416414 -0.185246 169 169 169 568 272
3.142920 -1.431479 -0.184250 170 170 170 572 272
3.129127 -1.447774 -0.183442 170 170 170 576 272
3.112897 -1.462725 -0.182490 171 171 171 580 272
3.106158 -1.481970 -0.182095 171 171 171 584 272
3.104389 -1.503525 -0.181991 171 171 171 588 272
3.112130 -1.529729 -0.182445 171 171 171 592 272
3.155738 -1.573933 -0.185002 170 170 170 596 272
6.537598 -3.307815 -0.383259 78 78 78 600 272
6.542596 -3.357550 -0.383552 78 78 78 604 272
6.547603 -3.407362 -0.383846 78 78 78 608 272
6.552616 -3.457250 -0.384140 78 78 78 612 272
6.557637 -3.507214 -0.384434 78 78 78 616 272
6.562666 -3.557255 -0.384729 78 78 78 620 272
6.567702 -3.607372 -0.385024 78 78 78 624 272
6.148589 -3.421534 -0.360454 89 89 89 628 272
6.068477 -3.420739 -0.355758 91 91 91 632 272
5.995481 -3.422851 -0.351478 93 93 93 636 272
5.782207 3.332382 -0.380694 99 99 99 0 276
5.786117 3.292887 -0.380952 99 99 99 4 276
5.790031 3.253339 -0.381209 99 99 99 8 276
5.793952 3.213737 -0.381468 98 98 98 12 276
5.797877 3.174082 -0.381726 98 98 98 16 276
5.801808 3.134372 -0.381985 98 98 98 20 276
5.805745 3.094609 -0.382244 98 98 98 24 276
5.809687 3.054792 -0.382504 98 98 98 28 276
5.813633 3.014920 -0.382763 98 98 98 32 276
5.817586 2.974995 -0.383024 98 98 98 36 276
5.821543 2.935015 -0.383284 98 98 98 40 276
5.825506 2.894980 -0.383545 98 98 98 44 276
5.829475 2.854892 -0.383806 98 98 98 48 276
5.833448 2.814748 -0.384068 97 97 97 52 276
5.837429 2.774550 -0.384330 97 97 97 56 276
5.841413 2.734297 -0.384592 97 97 97 60 276
5.845404 2.693989 -0.384855 97 97 97 64 276
5.849400 2.653626 -0.385118 97 97 97 68 276
5.853401 2.613207 -0.385382 97 97 97 72 276
5.857408 2.572733 -0.385645 97 97 97 76 276
5.861419 2.532204 -0.385910 97 97 97 80 276
5.865437 2.491619 -0.386174 97 97 97 84 276
5.869460 2.450979 -0.386439 96 96 96 88 276
5.873489 2.410282 -0.386704 96 96 96 92 276
5.877523 2.369530 -0.386970 96 96 96 96 276
5.881564 2.328722 -0.387236 96 96 96 100 276
5.885608 2.287858 -0.387502 96 96 96 104 276
4.390542 1.675016 -0.289069 136 136 136 108 276
4.393483 1.644438 -0.289262 136 136 136 112 276
4.396418 1.613815 -0.289455 136 136 136 116 276
4.399356 1.583151 -0.289649 136 136 136 120 276
4.402299 1.552446 -0.289843 136 136 136 124 276
4.405245 1.521701 -0.290037 136 136 136 128 276
4.408195 1.490914 -0.290231 136 136 136 132 276
4.411150 1.460085 -0.290425 136 136 136 136 276
4.414108 1.429216 -0.290620 136 136 136 140 276
4.417070 1.398305 -0.290815 136 136 136 144 276
4.420037 1.367352 -0.291011 135 135 135 148 276
4.423007 1.336358 -0.291206 135 135 135 152 276
4.425981 1.305322 -0.291402 135 135 135 156 276
4.428959 1.274244 -0.291598 135 135 135 160 276
4.431942 1.243125 -0.291794 135 135 135 164 276
4.434928 1.211964 -0.291991 135 135 135 168 276
4.437918 1.180760 -0.292188 135 135 135 172 276
4.440912 1.149515 -0.292385 135 135 135 176 276
4.443911 1.118227 -0.292582 135 135 135 180 276
4.446913 1.086897 -0.292780 135 135 135 184 276
4.449919 1.055524 -0.292978 135 135 135 188 276
4.452930 1.024110 -0.293176 135 135 135 192 276
4.455945 0.992652 -0.293375 135 135 135 196 276
4.458963 0.961152 -0.293573 134 134 134 200 276
4.254001 0.886278 -0.280079 140 140 140 204 276
4.248734 0.854525 -0.279732 140 140 140 208 276
4.248663 0.823856 -0.279728 140 140 140 212 276
4.248425 0.793156 -0.279712 140 140 140 216 276
4.248058 0.762437 -0.279688 140 140 140 220 276
4.246522 0.731522 -0.279587 140 140 140 224 276
4.247637 0.701066 -0.279660 140 140 140 228 276
4.249011 0.670635 -0.279750 140 140 140 232 276
4.486317 0.675720 -0.295374 134 134 134 236 276
4.489376 0.643789 -0.295576 134 134 134 240 276
4.492441 0.611814 -0.295778 134 134 134 244 276
4.495509 0.579796 -0.295980 133 133 133 248 276
4.498581 0.547734 -0.296182 133 133 133 252 276
4.501658 0.515628 -0.296384 133 133 133 256 276
4.504740 0.483478 -0.296587 133 133 133 260 276
4.507826 0.451285 -0.296791 133 133 133 264 276
4.510915 0.419047 -0.296994 133 133 133 268 276
4.514010 0.386765 -0.297198 133 133 133 272 276
4.517108 0.354438 -0.297402 133 133 133 276 276
4.520211 0.322067 -0.297607 133 133 133 280 276
4.523318 0.289652 -0.297811 133 133 133 284 276
4.526429 0.257192 -0.298016 133 133 133 288 276
4.529545 0.224687 -0.298221 133 133 133 292 276
4.532664 0.192138 -0.298427 132 132 132 296 276
4.535789 0.159543 -0.298632 132 132 132 300 276
4.538919 0.126904 -0.298838 132 132 132 304 276
4.542447 0.094228 -0.299071 132 132 132 308 276
4.545724 0.061498 -0.299286 132 132 132 312 276
4.548965 0.028720 -0.299500 132 132 132 316 276
4.552210 -0.004105 -0.299713 132 132 132 320 276
4.555460 -0.036977 -0.299927 132 132 132 324 276
4.558715 -0.069895 -0.300142 132 132 132 328 276
4.561974 -0.102861 -0.300356 132 132 132 332 276
4.565238 -0.135874 -0.300571 132 132 132 336 276
4.568506 -0.168934 -0.300786 131 131 131 340 276
4.571780 -0.202042 -0.301002 131 131 131 344 276
4.575058 -0.235196 -0.301218 131 131 131 348 276
4.578341 -0.268399 -0.301434 131 131 131 352 276
4.581628 -0.301649 -0.301650 131 131 131 356 276
4.584920 -0.334947 -0.301867 131 131 131 360 276
4.588217 -0.368293 -0.302084 131 131 131 364 276
4.591519 -0.401687 -0.302301 131 131 131 368 276
4.594826 -0.435129 -0.302519 131 131 131 372 276
4.598136 -0.468619 -0.302737 131 131 131 376 276
4.601452 -0.502158 -0.302956 131 131 131 380 276
4.604773 -0.535745 -0.303174 130 130 130 384 276
4.608099 -0.569380 -0.303393 130 130 130 388 276
4.611429 -0.603064 -0.303612 130 130 130 392 276
4.614764 -0.636797 -0.303832 130 130 130 396 276
4.618104 -0.670578 -0.304052 130 130 130 400 276
4.621449 -0.704409 -0.304272 130 130 130 404 276
4.225614 -0.674564 -0.278211 141 141 141 408 276
4.203985 -0.701444 -0.276787 141 141 141 412 276
4.202144 -0.731456 -0.276665 141 141 141 416 276
4.231333 -0.767067 -0.278587 141 141 141 420 276
4.638246 -0.874299 -0.305378 130 130 130 424 276
4.641620 -0.908425 -0.305600 130 130 130 428 276
4.644999 -0.942602 -0.305823 129 129 129 432 276
4.648383 -0.976827 -0.306045 129 129 129 436 276
4.651772 -1.011103 -0.306268 129 129 129 440 276
4.655165 -1.045429 -0.306492 129 129 129 444 276
4.658564 -1.079805 -0.306716 129 129 129 448 276
4.661968 -1.114231 -0.306940 129 129 129 452 276
4.665376 -1.148707 -0.307164 129 129 129 456 276
4.668790 -1.183234 -0.307389 129 129 129 460 276
4.672209 -1.217812 -0.307614 129 129 129 464 276
4.675632 -1.252440 -0.307839 129 129 129 468 276
4.679060 -1.287119 -0.308065 128 128 128 472 276
4.682493 -1.321848 -0.308291 128 128 128 476 276
4.685931 -1.356629 -0.308518 128 128 128 480 276
4.689374 -1.391461 -0.308744 128 128 128 484 276
4.692822 -1.426344 -0.308971 128 128 128 488 276
4.696263 -1.461274 -0.309198 128 128 128 492 276
6.310984 -2.009240 -0.415510 85 85 85 496 276
6.315640 -2.056292 -0.415816 84 84 84 500 276
6.320305 -2.103413 -0.416123 84 84 84 504 276
6.324976 -2.150604 -0.416431 84 84 84 508 276
6.329654 -2.197864 -0.416739 84 84 84 512 276
6.334341 -2.245195 -0.417047 84 84 84 516 276
6.339032 -2.292596 -0.417356 84 84 84 520 276
6.343731 -2.340066 -0.417666 84 84 84 524 276
3.417721 -1.285384 -0.225020 162 162 162 528 276
3.390902 -1.299763 -0.223254 163 163 163 532 276
3.347289 -1.307198 -0.220383 164 164 164 536 276
3.291129 -1.309012 -0.216685 166 166 166 540 276
3.270564 -1.324430 -0.215331 166 166 166 544 276
3.244627 -1.337338 -0.213623 167 167 167 548 276
3.219445 -1.350188 -0.211965 168 168 168 552 276
3.204231 -1.366926 -0.210964 168 168 168 556 276
3.190360 -1.384028 -0.210050 169 169 169 560 276
3.172371 -1.399114 -0.208866 169 169 169 564 276
3.153926 -1.413735 -0.207652 170 170 170 568 276
3.136952 -1.428761 -0.206534 170 170 170 572 276
3.120160 -1.443625 -0.205429 170 170 170 576 276
3.108983 -1.460885 -0.204693 171 171 171 580 276
3.102786 -1.480361 -0.204285 171 171 171 584 276
3.097157 -1.500022 -0.203914 171 171 171 588 276
3.093397 -1.520521 -0.203667 171 171 171 592 276
3.091085 -1.541687 -0.203514 171 171 171 596 276
3.113785 -1.575475 -0.205009 171 171 171 600 276
6.439200 -3.304489 -0.423951 81 81 81 604 276
6.444049 -3.353473 -0.424270 81 81 81 608 276
6.448905 -3.402530 -0.424590 81 81 81 612 276
6.453769 -3.451662 -0.424910 81 81 81 616 276
6.458639 -3.500868 -0.425231 81 81 81 620 276
6.463517 -3.550148 -0.425552 80 80 80 624 276
6.140503 -3.417034 -0.404285 89 89 89 628 276
6.065791 -3.419225 -0.399366 91 91 91 632 276
5.992857 -3.421353 -0.394564 93 93 93 636 276
5.701298 3.285753 -0.416504 101 101 101 0 280
5.705098 3.246780 -0.416781 101 101 101 4 280
5.708905 3.207755 -0.417059 101 101 101 8 280
5.712716 3.168678 -0.417338 101 101 101 12 280
5.716533 3.129549 -0.417617 101 101 101 16 280
5.720355 3.090368 -0.417896 100 100 100 20 280
5.724181 3.051133 -0.418175 100 100 100 24 280
5.728012 3.011846 -0.418455 100 100 100 28 280
5.731850 2.972507 -0.418735 100 100 100 32 280
5.735691 2.933115 -0.419016 100 100 100 36 280
5.739538 2.893671 -0.419297 100 100 100 40 280
5.743390 2.854173 -0.419579 100 100 100 44 280
5.747248 2.814622 -0.419860 100 100 100 48 280
5.751111 2.775018 -0.420143 100 100 100 52 280
5.754979 2.735361 -0.420425 100 100 100 56 280
5.758851 2.695651 -0.420708 99 99 99 60 280
5.762729 2.655886 -0.420991 99 99 99 64 280
5.766613 2.616069 -0.421275 99 99 99 68 280
5.770502 2.576197 -0.421559 99 99 99 72 280
5.774396 2.536272 -0.421844 99 99 99 76 280
5.778295 2.496293 -0.422129 99 99 99 80 280
5.782199 2.456260 -0.422414 99 99 99 84 280
5.786109 2.416173 -0.422699 99 99 99 88 280
5.790024 2.376031 -0.422985 99 99 99 92 280
5.793944 2.335835 -0.423272 98 98 98 96 280
5.797870 2.295585 -0.423559 98 98 98 100 280
4.325066 1.681243 -0.315964 138 138 138 104 280
4.327927 1.651128 -0.316173 138 138 138 108 280
4.330774 1.620966 -0.316381 138 138 138 112 280
4.333625 1.590765 -0.316589 138 138 138 116 280
4.336481 1.560525 -0.316798 138 138 138 120 280
4.339340 1.530244 -0.317007 138 138 138 124 280
4.342202 1.499924 -0.317216 138 138 138 128 280
4.345069 1.469563 -0.317425 137 137 137 132 280
4.347939 1.439163 -0.317635 137 137 137 136 280
4.350813 1.408722 -0.317845 137 137 137 140 280
4.353691 1.378241 -0.318055 137 137 137 144 280
4.356573 1.347719 -0.318266 137 137 137 148 280
4.359458 1.317158 -0.318477 137 137 137 152 280
4.362348 1.286555 -0.318688 137 137 137 156 280
4.365241 1.255912 -0.318899 137 137 137 160 280
4.368138 1.225229 -0.319111 137 137 137 164 280
4.371039 1.194504 -0.319323 137 137 137 168 280
4.373943 1.163739 -0.319535 137 137 137 172 280
4.376852 1.132933 -0.319747 137 137 137 176 280
4.379765 1.102086 -0.319960 137 137 137 180 280
4.382681 1.071197 -0.320173 136 136 136 184 280
4.385601 1.040268 -0.320386 136 136 136 188 280
4.388525 1.009297 -0.320600 136 136 136 192 280
4.391453 0.978285 -0.320814 136 136 136 196 280
4.394385 0.947232 -0.321028 136 136 136 200 280
4.267757 0.889144 -0.311777 140 140 140 204 280
4.262567 0.857307 -0.311398 140 140 140 208 280
4.271573 0.828298 -0.312056 139 139 139 212 280
4.269727 0.797133 -0.311921 140 140 140 216 280
4.268044 0.766024 -0.311798 140 140 140 220 280
4.266139 0.734901 -0.311659 140 140 140 224 280
4.262129 0.703458 -0.311366 140 140 140 228 280
4.273150 0.674445 -0.312172 139 139 139 232 280
4.420949 0.665875 -0.322969 135 135 135 236 280
4.423921 0.634403 -0.323186 135 135 135 240 280
4.426897 0.602888 -0.323403 135 135 135 244 280
4.429877 0.571332 -0.323621 135 135 135 248 280
4.432861 0.539732 -0.323839 135 135 135 252 280
4.435849 0.508090 -0.324057 135 135 135 256 280
4.438841 0.476406 -0.324276 135 135 135 260 280
4.441837 0.444678 -0.324495 135 135 135 264 280
4.444837 0.412909 -0.324715 135 135 135 268 280
4.447842 0.381095 -0.324934 135 135 135 272 280
4.450850 0.349239 -0.325154 135 135 135 276 280
4.453862 0.317340 -0.325374 135 135 135 280 280
4.456878 0.285397 -0.325594 134 134 134 284 280
4.459899 0.253412 -0.325815 134 134 134 288 280
4.462923 0.221383 -0.326036 134 134 134 292 280
4.465952 0.189310 -0.326257 134 134 134 296 280
4.468985 0.157194 -0.326479 134 134 134 300 280
4.472023 0.125034 -0.326701 134 134 134 304 280
4.475448 0.092838 -0.326951 134 134 134 308 280
4.478628 0.060590 -0.327183 134 134 134 312 280
4.481774 0.028295 -0.327413 134 134 134 316 280
4.484924 -0.004044 -0.327643 134 134 134 320 280
4.488079 -0.036430 -0.327874 134 134 134 324 280
4.491238 -0.068861 -0.328104 134 134 134 328 280
4.494401 -0.101337 -0.328335 133 133 133 332 280
4.497569 -0.133860 -0.328567 133 133 133 336 280
4.500741 -0.166428 -0.328799 133 133 133 340 280
4.503918 -0.199042 -0.329031 133 133 133 344 280
4.507100 -0.231703 -0.329263 133 133 133 348 280
4.510285 -0.264409 -0.329496 133 133 133 352 280
4.513476 -0.297162 -0.329729 133 133 133 356 280
4.516671 -0.329961 -0.329962 133 133 133 360 280
4.519870 -0.362807 -0.330196 133 133 133 364 280
4.523074 -0.395699 -0.330430 133 133 133 368 280
4.526283 -0.428638 -0.330665 133 133 133 372 280
4.529496 -0.461624 -0.330899 133 133 133 376 280
4.532713 -0.494656 -0.331134 132 132 132 380 280
4.535936 -0.527736 -0.331370 132 132 132 384 280
4.539162 -0.560862 -0.331605 132 132 132 388 280
4.542394 -0.594036 -0.331842 132 132 132 392 280
4.545630 -0.627257 -0.332078 132 132 132 396 280
4.548870 -0.660525 -0.332315 132 132 132 400 280
4.552115 -0.693841 -0.332552 132 132 132 404 280
4.235031 -0.676067 -0.309387 140 140 140 408 280
4.215592 -0.703381 -0.307967 141 141 141 412 280
4.215940 -0.733858 -0.307993 141 141 141 416 280
4.565143 -0.827581 -0.333503 132 132 132 420 280
4.568411 -0.861135 -0.333742 131 131 131 424 280
4.571685 -0.894738 -0.333981 131 131 131 428 280
4.574963 -0.928389 -0.334221 131 131 131 432 280
4.578245 -0.962088 -0.334461 131 131 131 436 280
4.581532 -0.995836 -0.334701 131 131 131 440 280
4.584824 -1.029632 -0.334941 131 131 131 444 280
4.588121 -1.063477 -0.335182 131 131 131 448 280
4.591423 -1.097370 -0.335423 131 131 131 452 280
4.594728 -1.131312 -0.335665 131 131 131 456 280
4.598039 -1.165303 -0.335907 131 131 131 460 280
4.601354 -1.199343 -0.336149 131 131 131 464 280
4.604674 -1.233433 -0.336391 130 130 130 468 280
4.607999 -1.267571 -0.336634 130 130 130 472 280
4.611329 -1.301759 -0.336878 130 130 130 476 280
4.614663 -1.335996 -0.337121 130 130 130 480 280
4.618001 -1.370282 -0.337365 130 130 130 484 280
4.621346 -1.404619 -0.337609 130 130 130 488 280
4.624694 -1.439005 -0.337854 130 130 130 492 280
4.628020 -1.473432 -0.338097 130 130 130 496 280
6.219240 -2.024905 -0.454342 87 87 87 500 280
6.223763 -2.071283 -0.454673 87 87 87 504 280
6.228293 -2.117730 -0.455004 87 87 87 508 280
6.232830 -2.164243 -0.455335 87 87 87 512 280
6.237372 -2.210825 -0.455667 87 87 87 516 280
6.241922 -2.257475 -0.455999 86 86 86 520 280
6.246479 -2.304192 -0.456332 86 86 86 524 280
3.424517 -1.287940 -0.250176 162 162 162 528 280
3.401269 -1.303737 -0.248477 163 163 163 532 280
3.395626 -1.326074 -0.248065 163 163 163 536 280
3.300107 -1.312583 -0.241087 166 166 166 540 280
3.272468 -1.325202 -0.239068 166 166 166 544 280
3.247268 -1.338426 -0.237227 167 167 167 548 280
3.221624 -1.351101 -0.235354 168 168 168 552 280
3.204794 -1.367167 -0.234124 168 168 168 556 280
3.190815 -1.384225 -0.233103 169 169 169 560 280
3.167140 -1.396807 -0.231373 169 169 169 564 280
3.148040 -1.411097 -0.229978 170 170 170 568 280
3.131129 -1.426108 -0.228743 170 170 170 572 280
3.116126 -1.441759 -0.227646 171 171 171 576 280
3.102972 -1.458061 -0.226686 171 171 171 580 280
3.089865 -1.474196 -0.225728 171 171 171 584 280
3.084169 -1.493732 -0.225312 171 171 171 588 280
3.078494 -1.513195 -0.224897 172 172 172 592 280
3.074644 -1.533487 -0.224616 172 172 172 596 280
3.072531 -1.554602 -0.224462 172 172 172 600 280
3.070421 -1.575689 -0.224308 172 172 172 604 280
5.298002 -2.757072 -0.387042 112 112 112 608 280
5.305339 -2.799169 -0.387578 112 112 112 612 280
5.311354 -2.840666 -0.388017 111 111 111 616 280
5.460921 -2.960060 -0.398944 107 107 107 620 280
6.362586 -3.494710 -0.464814 83 83 83 624 280
6.137748 -3.415501 -0.448389 89 89 89 628 280
6.063108 -3.417712 -0.442936 91 91 91 632 280
5.990253 -3.419866 -0.437614 93 93 93 636 280
5.622622 3.240411 -0.451324 103 103 103 0 284
5.626319 3.201946 -0.451621 103 103 103 4 284
5.630021 3.163431 -0.451918 103 103 103 8 284
5.633728 3.124866 -0.452216 103 103 103 12 284
5.637440 3.086249 -0.452514 103 103 103 16 284
5.641156 3.047581 -0.452812 103 103 103 20 284
5.644877 3.008862 -0.453111 102 102 102 24 284
5.648603 2.970092 -0.453410 102 102 102 28 284
5.652334 2.931271 -0.453709 102 102 102 32 284
5.656070 2.892399 -0.454009 102 102 102 36 284
5.659811 2.853475 -0.454310 102 102 102 40 284
5.663558 2.814500 -0.454610 102 102 102 44 284
5.667308 2.775473 -0.454911 102 102 102 48 284
5.671064 2.736394 -0.455213 102 102 102 52 284
5.674825 2.697264 -0.455515 102 102 102 56 284
5.678590 2.658081 -0.455817 102 102 102 60 284
5.682362 2.618847 -0.456120 101 101 101 64 284
5.686138 2.579560 -0.456423 101 101 101 68 284
5.689919 2.540222 -0.456726 101 101 101 72 284
5.693705 2.500831 -0.457030 101 101 101 76 284
5.697495 2.461387 -0.457335 101 101 101 80 284
5.701292 2.421891 -0.457639 101 101 101 84 284
5.705092 2.382341 -0.457944 101 101 101 88 284
5.708899 2.342740 -0.458250 101 101 101 92 284
5.712710 2.303085 -0.458556 101 101 101 96 284
5.716527 2.263378 -0.458862 101 101 101 100 284
4.264297 1.657621 -0.342293 140 140 140 104 284
4.267063 1.627908 -0.342515 140 140 140 108 284
4.269830 1.598156 -0.342737 140 140 140 112 284
4.272602 1.568365 -0.342959 139 139 139 116 284
4.275377 1.538536 -0.343182 139 139 139 120 284
4.278156 1.508668 -0.343405 139 139 139 124 284
4.280939 1.478762 -0.343628 139 139 139 128 284
4.283725 1.448816 -0.343852 139 139 139 132 284
4.286515 1.418831 -0.344076 139 139 139 136 284
4.289308 1.388808 -0.344300 139 139 139 140 284
4.292105 1.358745 -0.344525 139 139 139 144 284
4.294906 1.328642 -0.344750 139 139 139 148 284
4.297710 1.298501 -0.344975 139 139 139 152 284
4.300518 1.268320 -0.345200 139 139 139 156 284
4.303330 1.238100 -0.345426 139 139 139 160 284
4.306146 1.207840 -0.345652 139 139 139 164 284
4.308965 1.177541 -0.345878 138 138 138 168 284
4.311787 1.147202 -0.346105 138 138 138 172 284
4.314614 1.116823 -0.346331 138 138 138 176 284
4.317444 1.086404 -0.346559 138 138 138 180 284
4.320277 1.055945 -0.346786 138 138 138 184 284
4.323115 1.025446 -0.347014 138 138 138 188 284
4.325957 0.994908 -0.347242 138 138 138 192 284
4.328802 0.964329 -0.347470 138 138 138 196 284
4.304714 0.927903 -0.345537 139 139 139 200 284
4.283050 0.892330 -0.343798 139 139 139 204 284
4.275648 0.859938 -0.343204 139 139 139 208 284
4.288882 0.831655 -0.344266 139 139 139 212 284
4.306845 0.804063 -0.345708 139 139 139 216 284
4.345951 0.780007 -0.348847 137 137 137 220 284
4.348823 0.749144 -0.349077 137 137 137 224 284
4.351699 0.718241 -0.349308 137 137 137 228 284
4.354578 0.687297 -0.349539 137 137 137 232 284
4.357461 0.656312 -0.349771 137 137 137 236 284
4.360349 0.625286 -0.350003 137 137 137 240 284
4.363240 0.594219 -0.350235 137 137 137 244 284
4.366135 0.563110 -0.350467 137 137 137 248 284
4.369033 0.531961 -0.350700 137 137 137 252 284
4.371936 0.500770 -0.350933 137 137 137 256 284
4.374842 0.469537 -0.351166 137 137 137 260 284
4.377752 0.438263 -0.351400 137 137 137 264 284
4.380667 0.406947 -0.351634 137 137 137 268 284
4.383584 0.375590 -0.351868 136 136 136 272 284
4.386507 0.344191 -0.352103 136 136 136 276 284
4.389432 0.312749 -0.352338 136 136 136 280 284
4.392362 0.281266 -0.352573 136 136 136 284 284
4.395296 0.249741 -0.352809 136 136 136 288 284
4.398233 0.218174 -0.353044 136 136 136 292 284
4.401175 0.186564 -0.353280 136 136 136 296 284
4.404120 0.154912 -0.353517 136 136 136 300 284
4.407071 0.123218 -0.353754 136 136 136 304 284
4.410398 0.091489 -0.354021 136 136 136 308 284
4.413484 0.059709 -0.354268 136 136 136 312 284
4.416539 0.027884 -0.354514 136 136 136 316 284
4.419598 -0.003986 -0.354759 135 135 135 320 284
4.422661 -0.035899 -0.355005 135 135 135 324 284
4.425729 -0.067856 -0.355251 135 135 135 328 284
4.428800 -0.099858 -0.355498 135 135 135 332 284
4.431877 -0.131905 -0.355745 135 135 135 336 284
4.434957 -0.163996 -0.355992 135 135 135 340 284
4.438042 -0.196131 -0.356240 135 135 135 344 284
4.441131 -0.228311 -0.356488 135 135 135 348 284
4.444224 -0.260537 -0.356736 135 135 135 352 284
4.447321 -0.292807 -0.356985 135 135 135 356 284
4.450423 -0.325122 -0.357234 135 135 135 360 284
4.453529 -0.357482 -0.357483 135 135 135 364 284
4.456640 -0.389887 -0.357733 134 134 134 368 284
4.459755 -0.422338 -0.357983 134 134 134 372 284
4.462874 -0.454834 -0.358233 134 134 134 376 284
4.465998 -0.487376 -0.358484 134 134 134 380 284
4.469126 -0.519963 -0.358735 134 134 134 384 284
4.472258 -0.552595 -0.358986 134 134 134 388 284
4.475395 -0.585274 -0.359238 134 134 134 392 284
4.478537 -0.617999 -0.359490 134 134 134 396 284
4.481682 -0.650769 -0.359743 134 134 134 400 284
4.281268 -0.652558 -0.343655 139 139 139 404 284
4.235380 -0.676123 -0.339972 140 140 140 408 284
4.223115 -0.704636 -0.338988 141 141 141 412 284
4.224977 -0.735431 -0.339137 141 141 141 416 284
4.284644 -0.776731 -0.343927 139 139 139 420 284
4.500648 -0.848362 -0.361265 133 133 133 424 284
4.503826 -0.881457 -0.361520 133 133 133 428 284
4.507007 -0.914599 -0.361775 133 133 133 432 284
4.510193 -0.947788 -0.362031 133 133 133 436 284
4.513383 -0.981023 -0.362287 133 133 133 440 284
4.516577 -1.014306 -0.362544 133 133 133 444 284
4.519776 -1.047635 -0.362800 133 133 133 448 284
4.522979 -1.081012 -0.363058 133 133 133 452 284
4.526187 -1.114436 -0.363315 133 133 133 456 284
4.529399 -1.147908 -0.363573 133 133 133 460 284
4.532616 -1.181427 -0.363831 132 132 132 464 284
4.535838 -1.214994 -0.364090 132 132 132 468 284
4.539063 -1.248608 -0.364349 132 132 132 472 284
4.542295 -1.282271 -0.364608 132 132 132 476 284
4.545530 -1.315981 -0.364868 132 132 132 480 284
4.548769 -1.349739 -0.365128 132 132 132 484 284
4.552014 -1.383546 -0.365388 132 132 132 488 284
4.555263 -1.417401 -0.365649 132 132 132 492 284
4.558517 -1.451304 -0.365910 132 132 132 496 284
4.561745 -1.485246 -0.366169 132 132 132 500 284
6.130126 -2.040121 -0.492063 89 89 89 504 284
6.134521 -2.085845 -0.492415 89 89 89 508 284
6.138921 -2.131635 -0.492769 89 89 89 512 284
6.143328 -2.177491 -0.493122 89 89 89 516 284
6.147742 -2.223413 -0.493477 89 89 89 520 284
3.458356 -1.275713 -0.277601 161 161 161 524 284
3.428856 -1.289571 -0.275233 162 162 162 528 284
3.412512 -1.308047 -0.273921 163 163 163 532 284
3.406861 -1.330462 -0.273467 163 163 163 536 284
3.310011 -1.316522 -0.265693 165 165 165 540 284
3.281713 -1.328945 -0.263422 166 166 166 544 284
3.251244 -1.340065 -0.260976 167 167 167 548 284
3.226336 -1.353078 -0.258977 168 168 168 552 284
3.205922 -1.367648 -0.257338 168 168 168 556 284
3.186938 -1.382544 -0.255814 169 169 169 560 284
3.161929 -1.394508 -0.253807 169 169 169 564 284
3.142604 -1.408660 -0.252255 170 170 170 568 284
3.128139 -1.424747 -0.251094 170 170 170 572 284
3.113808 -1.440686 -0.249944 171 171 171 576 284
3.100977 -1.457124 -0.248914 171 171 171 580 284
3.088213 -1.473408 -0.247890 171 171 171 584 284
3.073864 -1.488741 -0.246738 172 172 172 588 284
3.064882 -1.506505 -0.246017 172 172 172 592 284
3.059345 -1.525857 -0.245572 172 172 172 596 284
3.055753 -1.546113 -0.245284 172 172 172 600 284
3.060711 -1.570706 -0.245682 172 172 172 604 284
3.060045 -1.592443 -0.245628 172 172 172 608 284
5.120536 -2.701665 -0.411023 117 117 117 612 284
5.373077 -2.873677 -0.431295 110 110 110 616 284
5.151276 -2.792219 -0.413491 116 116 116 620 284
5.205646 -2.859250 -0.417855 114 114 114 624 284
5.185208 -2.885437 -0.416214 115 115 115 628 284
5.186871 -2.923786 -0.416348 115 115 115 632 284
5.193525 -2.965010 -0.416882 115 115 115 636 284
5.546089 3.196304 -0.485198 105 105 105 0 288
5.549686 3.158334 -0.485512 105 105 105 4 288
5.553288 3.120316 -0.485827 105 105 105 8 288
5.556894 3.082248 -0.486143 105 105 105 12 288
5.560505 3.044131 -0.486459 105 105 105 16 288
5.564120 3.005963 -0.486775 105 105 105 20 288
5.567740 2.967746 -0.487092 105 105 105 24 288
5.571366 2.929480 -0.487409 104 104 104 28 288
5.574996 2.891164 -0.487726 104 104 104 32 288
5.578630 2.852798 -0.488044 104 104 104 36 288
5.582269 2.814381 -0.488363 104 104 104 40 288
5.585913 2.775915 -0.488681 104 104 104 44 288
5.589562 2.737398 -0.489001 104 104 104 48 288
5.593215 2.698831 -0.489320 104 104 104 52 288
5.596873 2.660213 -0.489640 104 104 104 56 288
5.600536 2.621545 -0.489961 104 104 104 60 288
5.604205 2.582827 -0.490282 104 104 104 64 288
5.607877 2.544057 -0.490603 103 103 103 68 288
5.611555 2.505237 -0.490925 103 103 103 72 288
5.615237 2.466365 -0.491247 103 103 103 76 288
5.618924 2.427443 -0.491569 103 103 103 80 288
5.622615 2.388469 -0.491892 103 103 103 84 288
5.626313 2.349445 -0.492216 103 103 103 88 288
5.630014 2.310369 -0.492540 103 103 103 92 288
5.633721 2.271241 -0.492864 103 103 103 96 288
4.202512 1.663925 -0.367655 141 141 141 100 288
4.205197 1.634647 -0.367890 141 141 141 104 288
4.207886 1.605331 -0.368125 141 141 141 108 288
4.210578 1.575978 -0.368361 141 141 141 112 288
4.213273 1.546587 -0.368597 141 141 141 116 288
4.215972 1.517159 -0.368833 141 141 141 120 288
4.218675 1.487692 -0.369069 141 141 141 124 288
4.221380 1.458188 -0.369306 141 141 141 128 288
4.224089 1.428646 -0.369543 141 141 141 132 288
4.226801 1.399066 -0.369780 141 141 141 136 288
4.229517 1.369448 -0.370018 141 141 141 140 288
4.232237 1.339792 -0.370256 141 141 141 144 288
4.234960 1.310098 -0.370494 140 140 140 148 288
4.237687 1.280366 -0.370732 140 140 140 152 288
4.240417 1.250595 -0.370971 140 140 140 156 288
4.243151 1.220786 -0.371210 140 140 140 160 288
4.245888 1.190938 -0.371450 140 140 140 164 288
4.248629 1.161052 -0.371690 140 140 140 168 288
4.251373 1.131128 -0.371930 140 140 140 172 288
4.254121 1.101164 -0.372170 140 140 140 176 288
4.256872 1.071162 -0.372411 140 140 140 180 288
4.259626 1.041121 -0.372652 140 140 140 184 288
4.262385 1.011041 -0.372893 140 140 140 188 288
4.265147 0.980922 -0.373135 140 140 140 192 288
4.267912 0.950764 -0.373377 140 140 140 196 288
4.270682 0.920567 -0.373619 139 139 139 200 288
4.273455 0.890331 -0.373862 139 139 139 204 288
4.271666 0.859137 -0.373705 139 139 139 208 288
4.279012 0.829741 -0.374348 139 139 139 212 288
4.281796 0.799386 -0.374591 139 139 139 216 288
4.284584 0.768993 -0.374835 139 139 139 220 288
4.287375 0.738559 -0.375080 139 139 139 224 288
4.290171 0.708086 -0.375324 139 139 139 228 288
4.292969 0.677573 -0.375569 139 139 139 232 288
4.295772 0.647021 -0.375814 139 139 139 236 288
4.298578 0.616428 -0.376060 139 139 139 240 288
4.301387 0.585795 -0.376305 139 139 139 244 288
4.304201 0.555123 -0.376551 139 139 139 248 288
4.307017 0.524410 -0.376798 139 139 139 252 288
4.309838 0.493657 -0.377045 138 138 138 256 288
4.312663 0.462864 -0.377292 138 138 138 260 288
4.315491 0.432030 -0.377540 138 138 138 264 288
4.318323 0.401156 -0.377788 138 138 138 268 288
4.321158 0.370241 -0.378036 138 138 138 272 288
4.323997 0.339286 -0.378284 138 138 138 276 288
4.326840 0.308290 -0.378533 138 138 138 280 288
4.329687 0.277253 -0.378782 138 138 138 284 288
4.332538 0.246175 -0.379031 138 138 138 288 288
4.335392 0.215056 -0.379281 138 138 138 292 288
4.338250 0.183897 -0.379531 138 138 138 296 288
4.341112 0.152696 -0.379781 138 138 138 300 288
4.343979 0.121454 -0.380032 138 138 138 304 288
4.347210 0.090178 -0.380315 137 137 137 308 288
4.350207 0.058853 -0.380577 137 137 137 312 288
4.353175 0.027484 -0.380837 137 137 137 316 288
4.356147 -0.003928 -0.381097 137 137 137 320 288
4.359123 -0.035383 -0.381357 137 137 137 324 288
4.362103 -0.066881 -0.381618 137 137 137 328 288
4.365087 -0.098422 -0.381879 137 137 137 332 288
4.368075 -0.130006 -0.382140 137 137 137 336 288
4.371068 -0.161633 -0.382402 137 137 137 340 288
4.374064 -0.193304 -0.382664 137 137 137 344 288
4.377065 -0.225018 -0.382927 137 137 137 348 288
4.380070 -0.256776 -0.383189 137 137 137 352 288
4.383078 -0.288577 -0.383453 136 136 136 356 288
4.386091 -0.320422 -0.383716 136 136 136 360 288
4.389108 -0.352311 -0.383980 136 136 136 364 288
4.392129 -0.384244 -0.384245 136 136 136 368 288
4.395154 -0.416220 -0.384509 136 136 136 372 288
4.398184 -0.448241 -0.384774 136 136 136 376 288
4.401218 -0.480306 -0.385040 136 136 136 380 288
4.404256 -0.512415 -0.385305 136 136 136 384 288
4.407298 -0.544569 -0.385572 136 136 136 388 288
4.410344 -0.576767 -0.385838 136 136 136 392 288
4.413394 -0.609010 -0.386105 136 136 136 396 288
4.416449 -0.641297 -0.386372 136 136 136 400 288
4.271138 -0.651014 -0.373660 139 139 139 404 288
4.221690 -0.673937 -0.369334 141 141 141 408 288
4.210523 -0.702535 -0.368357 141 141 141 412 288
4.212066 -0.733183 -0.368492 141 141 141 416 288
4.235498 -0.767822 -0.370542 140 140 140 420 288
4.434867 -0.835963 -0.387983 135 135 135 424 288
4.437952 -0.868565 -0.388253 135 135 135 428 288
4.441040 -0.901212 -0.388523 135 135 135 432 288
4.444132 -0.933905 -0.388794 135 135 135 436 288
4.447229 -0.966644 -0.389065 135 135 135 440 288
4.450330 -0.999428 -0.389336 135 135 135 444 288
4.453436 -1.032258 -0.389608 135 135 135 448 288
4.456546 -1.065134 -0.389880 134 134 134 452 288
4.459660 -1.098056 -0.390152 134 134 134 456 288
4.462778 -1.131024 -0.390425 134 134 134 460 288
4.465902 -1.164038 -0.390698 134 134 134 464 288
4.469029 -1.197098 -0.390972 134 134 134 468 288
4.472160 -1.230204 -0.391246 134 134 134 472 288
4.475296 -1.263357 -0.391520 134 134 134 476 288
4.478437 -1.296557 -0.391795 134 134 134 480 288
4.481582 -1.329803 -0.392070 134 134 134 484 288
4.484731 -1.363096 -0.392346 134 134 134 488 288
4.487885 -1.396436 -0.392622 134 134 134 492 288
4.491043 -1.429822 -0.392898 134 134 134 496 288
4.494198 -1.463253 -0.393174 133 133 133 500 288
6.039265 -2.009882 -0.528344 92 92 92 504 288
6.043530 -2.054907 -0.528717 92 92 92 508 288
6.047801 -2.099996 -0.529091 92 92 92 512 288
6.052079 -2.145148 -0.529465 92 92 92 516 288
6.056361 -2.190364 -0.529840 91 91 91 520 288
3.463547 -1.277628 -0.303008 161 161 161 524 288
3.433089 -1.291164 -0.300343 162 162 162 528 288
3.423828 -1.312384 -0.299533 162 162 162 532 288
3.418170 -1.334878 -0.299038 162 162 162 536 288
3.321269 -1.321000 -0.290561 165 165 165 540 288
3.290171 -1.332370 -0.287840 166 166 166 544 288
3.258050 -1.342870 -0.285030 167 167 167 548 288
3.237211 -1.357638 -0.283207 167 167 167 552 288
3.210872 -1.369759 -0.280902 168 168 168 556 288
3.186142 -1.382198 -0.278739 169 169 169 560 288
3.163522 -1.395211 -0.276760 169 169 169 564 288
3.144317 -1.409428 -0.275080 170 170 170 568 288
3.126096 -1.423816 -0.273486 170 170 170 572 288
3.111494 -1.439615 -0.272208 171 171 171 576 288
3.098243 -1.455839 -0.271049 171 171 171 580 288
3.084515 -1.471644 -0.269848 171 171 171 584 288
3.070439 -1.487082 -0.268617 172 172 172 588 288
3.058012 -1.503128 -0.267530 172 172 172 592 288
3.047972 -1.520185 -0.266651 172 172 172 596 288
3.040505 -1.538398 -0.265998 173 173 173 600 288
3.036778 -1.558423 -0.265672 173 173 173 604 288
3.041674 -1.582883 -0.266100 173 173 173 608 288
3.057421 -1.613137 -0.267478 172 172 172 612 288
5.113950 -2.735089 -0.447393 117 117 117 616 288
5.132500 -2.782041 -0.449016 116 116 116 620 288
5.187971 -2.849542 -0.453869 115 115 115 624 288
5.190234 -2.888233 -0.454067 115 115 115 628 288
5.109051 -2.879920 -0.446964 117 117 117 632 288
5.095328 -2.908949 -0.445764 117 117 117 636 288
5.471611 3.153381 -0.518161 107 107 107 0 292
5.475112 3.115894 -0.518492 107 107 107 4 292
5.478617 3.078360 -0.518824 107 107 107 8 292
5.482127 3.040776 -0.519157 107 107 107 12 292
5.485641 3.003146 -0.519489 107 107 107 16 292
5.489161 2.965467 -0.519823 107 107 107 20 292
5.492684 2.927739 -0.520156 107 107 107 24 292
5.496212 2.889964 -0.520490 106 106 106 28 292
5.499744 2.852139 -0.520825 106 106 106 32 292
5.503281 2.814266 -0.521160 106 106 106 36 292
5.506823 2.776344 -0.521495 106 106 106 40 292
5.510369 2.738373 -0.521831 106 106 106 44 292
5.513919 2.700353 -0.522167 106 106 106 48 292
5.517475 2.662285 -0.522504 106 106 106 52 292
5.521035 2.624167 -0.522841 106 106 106 56 292
5.524600 2.586000 -0.523179 106 106 106 60 292
5.528168 2.547783 -0.523517 106 106 106 64 292
5.531742 2.509517 -0.523855 106 106 106 68 292
5.535319 2.471202 -0.524194 105 105 105 72 292
5.538903 2.432837 -0.524533 105 105 105 76 292
5.542490 2.394423 -0.524873 105 105 105 80 292
5.546082 2.355958 -0.525213 105 105 105 84 292
5.549679 2.317444 -0.525554 105 105 105 88 292
5.553282 2.278880 -0.525895 105 105 105 92 292
4.142489 1.670049 -0.392293 143 143 143 96 292
4.145101 1.641194 -0.392540 143 143 143 100 292
4.147713 1.612302 -0.392788 143 143 143 104 292
4.150329 1.583373 -0.393036 143 143 143 108 292
4.152947 1.554407 -0.393284 143 143 143 112 292
4.155570 1.525405 -0.393532 143 143 143 116 292
4.158194 1.496367 -0.393780 143 143 143 120 292
4.160823 1.467291 -0.394029 142 142 142 124 292
4.163455 1.438179 -0.394279 142 142 142 128 292
4.166090 1.409030 -0.394528 142 142 142 132 292
4.168729 1.379844 -0.394778 142 142 142 136 292
4.171371 1.350621 -0.395028 142 142 142 140 292
4.174016 1.321362 -0.395279 142 142 142 144 292
4.176665 1.292064 -0.395530 142 142 142 148 292
4.179317 1.262730 -0.395781 142 142 142 152 292
4.181973 1.233358 -0.396032 142 142 142 156 292
4.184631 1.203949 -0.396284 142 142 142 160 292
4.187294 1.174503 -0.396536 142 142 142 164 292
4.189959 1.145019 -0.396789 142 142 142 168 292
4.192628 1.115498 -0.397041 142 142 142 172 292
4.195300 1.085939 -0.397294 142 142 142 176 292
4.197976 1.056342 -0.397548 141 141 141 180 292
4.200655 1.026708 -0.397802 141 141 141 184 292
4.203338 0.997035 -0.398056 141 141 141 188 292
4.206024 0.967325 -0.398310 141 141 141 192 292
4.208714 0.937577 -0.398565 141 141 141 196 292
4.211407 0.907790 -0.398820 141 141 141 200 292
4.214105 0.877966 -0.399075 141 141 141 204 292
4.216805 0.848103 -0.399331 141 141 141 208 292
4.219509 0.818202 -0.399587 141 141 141 212 292
4.222216 0.788263 -0.399843 141 141 141 216 292
4.224926 0.758285 -0.400100 141 141 141 220 292
4.227641 0.728269 -0.400357 141 141 141 224 292
4.230359 0.698214 -0.400614 141 141 141 228 292
4.233079 0.668121 -0.400872 141 141 141 232 292
4.235804 0.637988 -0.401130 140 140 140 236 292
4.238533 0.607817 -0.401388 140 140 140 240 292
4.241264 0.577607 -0.401647 140 140 140 244 292
4.243999 0.547358 -0.401906 140 140 140 248 292
4.246738 0.517071 -0.402166 140 140 140 252 292
4.249480 0.486744 -0.402426 140 140 140 256 292
4.252226 0.456377 -0.402686 140 140 140 260 292
4.254976 0.425972 -0.402946 140 140 140 264 292
4.257728 0.395527 -0.403207 140 140 140 268 292
4.260485 0.365043 -0.403468 140 140 140 272 292
4.263245 0.334519 -0.403729 140 140 140 276 292
4.266008 0.303955 -0.403991 140 140 140 280 292
4.268775 0.273352 -0.404253 140 140 140 284 292
4.271547 0.242710 -0.404516 139 139 139 288 292
4.274321 0.212027 -0.404778 139 139 139 292 292
4.277099 0.181304 -0.405041 139 139 139 296 292
4.279881 0.150542 -0.405305 139 139 139 300 292
4.282668 0.119740 -0.405569 139 139 139 304 292
4.285809 0.088904 -0.405866 139 139 139 308 292
4.288719 0.058021 -0.406142 139 139 139 312 292
4.291604 0.027095 -0.406415 139 139 139 316 292
4.294493 -0.003873 -0.406689 139 139 139 320 292
4.297385 -0.034882 -0.406962 139 139 139 324 292
4.300281 -0.065933 -0.407237 139 139 139 328 292
4.303181 -0.097026 -0.407511 139 139 139 332 292
4.306085 -0.128161 -0.407786 139 139 139 336 292
4.308993 -0.159338 -0.408062 138 138 138 340 292
4.311905 -0.190557 -0.408338 138 138 138 344 292
4.314821 -0.221818 -0.408614 138 138 138 348 292
4.317741 -0.253122 -0.408890 138 138 138 352 292
4.320664 -0.284468 -0.409167 138 138 138 356 292
4.323592 -0.315856 -0.409444 138 138 138 360 292
4.326524 -0.347287 -0.409722 138 138 138 364 292
4.329459 -0.378761 -0.410000 138 138 138 368 292
4.332399 -0.410277 -0.410278 138 138 138 372 292
4.335343 -0.441837 -0.410557 138 138 138 376 292
4.338290 -0.473439 -0.410836 138 138 138 380 292
4.341242 -0.505084 -0.411116 138 138 138 384 292
4.344197 -0.536772 -0.411396 138 138 138 388 292
4.347157 -0.568504 -0.411676 137 137 137 392 292
4.350121 -0.600278 -0.411957 137 137 137 396 292
4.353088 -0.632096 -0.412238 137 137 137 400 292
4.274176 -0.651477 -0.404765 139 139 139 404 292
4.203681 -0.671062 -0.398089 141 141 141 408 292
4.194296 -0.699827 -0.397200 142 142 142 412 292
4.195191 -0.730246 -0.397285 142 142 142 416 292
4.208509 -0.762929 -0.398546 141 141 141 420 292
4.370979 -0.823920 -0.413932 137 137 137 424 292
4.373975 -0.856044 -0.414216 137 137 137 428 292
4.376975 -0.888212 -0.414500 137 137 137 432 292
4.379978 -0.920424 -0.414784 137 137 137 436 292
4.382987 -0.952680 -0.415069 136 136 136 440 292
4.385999 -0.984981 -0.415354 136 136 136 444 292
4.389015 -1.017326 -0.415640 136 136 136 448 292
4.392036 -1.049716 -0.415926 136 136 136 452 292
4.395060 -1.082150 -0.416212 136 136 136 456 292
4.398089 -1.114629 -0.416499 136 136 136 460 292
4.401122 -1.147153 -0.416786 136 136 136 464 292
4.404160 -1.179722 -0.417074 136 136 136 468 292
4.407201 -1.212335 -0.417362 136 136 136 472 292
4.410246 -1.244994 -0.417650 136 136 136 476 292
4.413297 -1.277698 -0.417939 136 136 136 480 292
4.416350 -1.310447 -0.418229 136 136 136 484 292
4.419409 -1.343242 -0.418518 135 135 135 488 292
4.422472 -1.376082 -0.418808 135 135 135 492 292
4.425538 -1.408967 -0.419099 135 135 135 496 292
4.428609 -1.441898 -0.419389 135 135 135 500 292
4.431663 -1.474868 -0.419679 135 135 135 504 292
5.955200 -2.024873 -0.563958 94 94 94 508 292
5.959347 -2.069281 -0.564350 94 94 94 512 292
5.963500 -2.113751 -0.564744 94 94 94 516 292
5.967659 -2.158283 -0.565137 94 94 94 520 292
3.468428 -1.279429 -0.328460 161 161 161 524 292
3.440397 -1.293912 -0.325806 162 162 162 528 292
3.434245 -1.316377 -0.325223 162 162 162 532 292
3.433423 -1.340835 -0.325145 162 162 162 536 292
3.346481 -1.331028 -0.316912 164 164 164 540 292
3.297099 -1.335176 -0.312235 166 166 166 544 292
3.267449 -1.346745 -0.309428 167 167 167 548 292
3.244818 -1.360829 -0.307284 167 167 167 552 292
3.225523 -1.376009 -0.305457 168 168 168 556 292
3.197879 -1.387290 -0.302839 168 168 168 560 292
3.169175 -1.397704 -0.300121 169 169 169 564 292
3.149356 -1.411687 -0.298244 170 170 170 568 292
3.130863 -1.425987 -0.296493 170 170 170 572 292
3.113111 -1.440364 -0.294812 171 171 171 576 292
3.095804 -1.454693 -0.293173 171 171 171 580 292
3.078785 -1.468910 -0.291561 172 172 172 584 292
3.068038 -1.485919 -0.290543 172 172 172 588 292
3.057456 -1.502854 -0.289541 172 172 172 592 292
3.045391 -1.518897 -0.288399 172 172 172 596 292
3.036782 -1.536515 -0.287583 173 173 173 600 292
3.029405 -1.554640 -0.286885 173 173 173 604 292
3.037363 -1.580639 -0.287638 173 173 173 608 292
3.052960 -1.610784 -0.289115 172 172 172 612 292
5.036385 -2.693604 -0.476946 119 119 119 616 292
5.138840 -2.785478 -0.486648 116 116 116 620 292
5.133304 -2.819515 -0.486124 116 116 116 624 292
5.089180 -2.832000 -0.481946 117 117 117 628 292
5.087549 -2.867800 -0.481791 117 117 117 632 292
5.080651 -2.900569 -0.481138 118 118 118 636 292
5.399107 3.111596 -0.550250 109 109 109 0 296
5.402516 3.074580 -0.550598 109 109 109 4 296
5.405928 3.037517 -0.550946 109 109 109 8 296
5.409346 3.000407 -0.551294 109 109 109 12 296
5.412767 2.963251 -0.551643 109 109 109 16 296
5.416193 2.926047 -0.551992 109 109 109 20 296
5.419624 2.888797 -0.552341 109 109 109 24 296
5.423058 2.851499 -0.552691 108 108 108 28 296
5.426497 2.814153 -0.553042 108 108 108 32 296
5.429940 2.776761 -0.553393 108 108 108 36 296
5.433388 2.739321 -0.553744 108 108 108 40 296
5.436841 2.701833 -0.554096 108 108 108 44 296
5.440297 2.664298 -0.554448 108 108 108 48 296
5.443758 2.626715 -0.554801 108 108 108 52 296
5.447224 2.589084 -0.555154 108 108 108 56 296
5.450693 2.551405 -0.555508 108 108 108 60 296
5.454167 2.513679 -0.555862 108 108 108 64 296
5.457645 2.475903 -0.556216 108 108 108 68 296
5.461129 2.438080 -0.556571 107 107 107 72 296
5.464617 2.400209 -0.556927 107 107 107 76 296
5.468109 2.362289 -0.557283 107 107 107 80 296
5.471605 2.324321 -0.557639 107 107 107 84 296
5.475106 2.286303 -0.557996 107 107 107 88 296
4.084153 1.675999 -0.416237 145 145 145 92 296
4.086699 1.647557 -0.416496 144 144 144 96 296
4.089238 1.619076 -0.416755 144 144 144 100 296
4.091779 1.590559 -0.417014 144 144 144 104 296
4.094325 1.562007 -0.417273 144 144 144 108 296
4.096873 1.533419 -0.417533 144 144 144 112 296
4.099425 1.504796 -0.417793 144 144 144 116 296
4.101980 1.476137 -0.418054 144 144 144 120 296
4.104538 1.447443 -0.418314 144 144 144 124 296
4.107099 1.418712 -0.418575 144 144 144 128 296
4.109663 1.389946 -0.418837 144 144 144 132 296
4.112231 1.361144 -0.419098 144 144 144 136 296
4.114802 1.332305 -0.419360 144 144 144 140 296
4.117376 1.303431 -0.419623 144 144 144 144 296
4.119953 1.274520 -0.419885 144 144 144 148 296
4.122533 1.245574 -0.420148 143 143 143 152 296
4.125117 1.216591 -0.420412 143 143 143 156 296
4.127704 1.187571 -0.420675 143 143 143 160 296
4.130294 1.158515 -0.420939 143 143 143 164 296
4.132888 1.129423 -0.421204 143 143 143 168 296
4.135485 1.100294 -0.421468 143 143 143 172 296
4.138085 1.071129 -0.421733 143 143 143 176 296
4.140688 1.041927 -0.421999 143 143 143 180 296
4.143296 1.012688 -0.422264 143 143 143 184 296
4.145906 0.983412 -0.422530 143 143 143 188 296
4.148520 0.954100 -0.422797 143 143 143 192 296
4.151136 0.924750 -0.423063 143 143 143 196 296
4.153756 0.895363 -0.423330 143 143 143 200 296
4.156380 0.865940 -0.423598 143 143 143 204 296
4.159007 0.836479 -0.423866 142 142 142 208 296
4.161637 0.806980 -0.424134 142 142 142 212 296
4.164270 0.777445 -0.424402 142 142 142 216 296
4.166907 0.747872 -0.424671 142 142 142 220 296
4.169547 0.718262 -0.424940 142 142 142 224 296
4.172191 0.688614 -0.425209 142 142 142 228 296
4.174837 0.658928 -0.425479 142 142 142 232 296
4.177488 0.629205 -0.425749 142 142 142 236 296
4.180141 0.599444 -0.426019 142 142 142 240 296
4.182798 0.569645 -0.426290 142 142 142 244 296
4.185458 0.539808 -0.426562 142 142 142 248 296
4.188122 0.509934 -0.426834 142 142 142 252 296
4.190789 0.480021 -0.427105 142 142 142 256 296
4.193460 0.450070 -0.427378 142 142 142 260 296
4.196134 0.420081 -0.427650 141 141 141 264 296
4.198811 0.390054 -0.427923 141 141 141 268 296
4.201492 0.359988 -0.428196 141 141 141 272 296
4.204176 0.329884 -0.428470 141 141 141 276 296
4.206863 0.299741 -0.428744 141 141 141 280 296
4.209554 0.269560 -0.429018 141 141 141 284 296
4.212249 0.239340 -0.429292 141 141 141 288 296
4.214946 0.209082 -0.429567 141 141 141 292 296
4.217648 0.178784 -0.429843 141 141 141 296 296
4.220353 0.148448 -0.430118 141 141 141 300 296
4.223063 0.118073 -0.430395 141 141 141 304 296
4.226470 0.087673 -0.430742 141 141 141 308 296
4.228945 0.057212 -0.430994 141 141 141 312 296
4.231750 0.026717 -0.431280 141 141 141 316 296
4.234559 -0.003819 -0.431566 140 140 140 320 296
4.237371 -0.034395 -0.431853 140 140 140 324 296
4.240187 -0.065012 -0.432140 140 140 140 328 296
4.243007 -0.095669 -0.432427 140 140 140 332 296
4.245830 -0.126367 -0.432715 140 140 140 336 296
4.248657 -0.157107 -0.433003 140 140 140 340 296
4.251488 -0.187887 -0.433291 140 140 140 344 296
4.254323 -0.218708 -0.433580 140 140 140 348 296
4.257161 -0.249570 -0.433870 140 140 140 352 296
4.260003 -0.280474 -0.434159 140 140 140 356 296
4.262849 -0.311419 -0.434449 140 140 140 360 296
4.265699 -0.342405 -0.434740 140 140 140 364 296
4.268552 -0.373432 -0.435031 140 140 140 368 296
4.271410 -0.404502 -0.435322 139 139 139 372 296
4.274271 -0.435612 -0.435613 139 139 139 376 296
4.277136 -0.466765 -0.435905 139 139 139 380 296
4.280005 -0.497959 -0.436198 139 139 139 384 296
4.282878 -0.529196 -0.436491 139 139 139 388 296
4.285755 -0.560474 -0.436784 139 139 139 392 296
4.288635 -0.591794 -0.437077 139 139 139 396 296
4.291520 -0.623156 -0.437371 139 139 139 400 296
4.269260 -0.650728 -0.435103 140 140 140 404 296
4.193312 -0.669407 -0.427362 142 142 142 408 296
4.184566 -0.698204 -0.426471 142 142 142 412 296
4.184660 -0.728413 -0.426481 142 142 142 416 296
4.193854 -0.760273 -0.427418 142 142 142 420 296
4.308905 -0.812219 -0.439143 138 138 138 424 296
4.311816 -0.843879 -0.439440 138 138 138 428 296
4.314732 -0.875581 -0.439737 138 138 138 432 296
4.317651 -0.907326 -0.440034 138 138 138 436 296
4.320574 -0.939114 -0.440332 138 138 138 440 296
4.323501 -0.970946 -0.440631 138 138 138 444 296
4.326432 -1.002820 -0.440929 138 138 138 448 296
4.329367 -1.034738 -0.441229 138 138 138 452 296
4.332306 -1.066699 -0.441528 138 138 138 456 296
4.335248 -1.098703 -0.441828 138 138 138 460 296
4.338195 -1.130751 -0.442128 138 138 138 464 296
4.341146 -1.162843 -0.442429 138 138 138 468 296
4.344102 -1.194978 -0.442730 138 138 138 472 296
4.347061 -1.227157 -0.443032 137 137 137 476 296
4.350023 -1.259380 -0.443334 137 137 137 480 296
4.352991 -1.291647 -0.443636 137 137 137 484 296
4.355962 -1.323958 -0.443939 137 137 137 488 296
4.358937 -1.356313 -0.444242 137 137 137 492 296
4.361916 -1.388712 -0.444546 137 137 137 496 296
4.364900 -1.421155 -0.444850 137 137 137 500 296
4.367887 -1.453643 -0.445154 137 137 137 504 296
4.370860 -1.486170 -0.445457 137 137 137 508 296
5.873442 -2.039452 -0.598593 96 96 96 512 296
5.877476 -2.083261 -0.599005 96 96 96 516 296
5.881516 -2.127129 -0.599416 96 96 96 520 296
3.472032 -1.280758 -0.353853 161 161 161 524 296
3.450838 -1.297839 -0.351693 162 162 162 528 296
3.444096 -1.320153 -0.351006 162 162 162 532 296
3.451019 -1.347707 -0.351711 162 162 162 536 296
3.364569 -1.338222 -0.342901 164 164 164 540 296
3.313077 -1.341646 -0.337653 165 165 165 544 296
3.280931 -1.352301 -0.334377 166 166 166 548 296
3.254438 -1.364863 -0.331677 167 167 167 552 296
3.236694 -1.380775 -0.329869 167 167 167 556 296
3.204016 -1.389952 -0.326538 168 168 168 560 296
3.177157 -1.401224 -0.323801 169 169 169 564 296
3.157220 -1.415212 -0.321769 169 169 169 568 296
3.135194 -1.427960 -0.319524 170 170 170 572 296
3.113011 -1.440318 -0.317263 171 171 171 576 296
3.099456 -1.456409 -0.315882 171 171 171 580 296
3.088998 -1.473783 -0.314816 171 171 171 584 296
3.067860 -1.485833 -0.312662 172 172 172 588 296
3.056659 -1.502463 -0.311520 172 172 172 592 296
3.045216 -1.518810 -0.310354 172 172 172 596 296
3.037195 -1.536723 -0.309537 173 173 173 600 296
3.030989 -1.555453 -0.308904 173 173 173 604 296
3.036495 -1.580187 -0.309465 173 173 173 608 296
3.051656 -1.610096 -0.311010 172 172 172 612 296
5.023918 -2.686936 -0.512014 119 119 119 616 296
5.007066 -2.714051 -0.510296 120 120 120 620 296
4.989027 -2.740269 -0.508458 120 120 120 624 296
4.989309 -2.776424 -0.508487 120 120 120 628 296
5.111802 -2.881471 -0.520971 117 117 117 632 296
5.154510 -2.942736 -0.525323 116 116 116 636 296
5.328499 3.070903 -0.581501 111 111 111 0 300
5.331819 3.034346 -0.581863 111 111 111 4 300
5.335143 2.997744 -0.582226 111 111 111 8 300
5.338472 2.961096 -0.582589 111 111 111 12 300
5.341805 2.924402 -0.582953 111 111 111 16 300
5.345140 2.887662 -0.583317 111 111 111 20 300
5.348482 2.850876 -0.583682 110 110 110 24 300
5.351827 2.814044 -0.584047 110 110 110 28 300
5.355176 2.777167 -0.584412 110 110 110 32 300
5.358530 2.740242 -0.584778 110 110 110 36 300
5.361887 2.703273 -0.585144 110 110 110 40 300
5.365250 2.666256 -0.585511 110 110 110 44 300
5.368615 2.629193 -0.585879 110 110 110 48 300
5.371985 2.592083 -0.586246 110 110 110 52 300
5.375360 2.554927 -0.586615 110 110 110 56 300
5.378738 2.517724 -0.586983 110 110 110 60 300
5.382122 2.480474 -0.587353 110 110 110 64 300
5.385509 2.443178 -0.587722 109 109 109 68 300
5.388900 2.405834 -0.588092 109 109 109 72 300
5.392297 2.368444 -0.588463 109 109 109 76 300
5.395696 2.331006 -0.588834 109 109 109 80 300
5.399101 2.293521 -0.589206 109 109 109 84 300
5.402509 2.255988 -0.589578 109 109 109 88 300
4.029917 1.653743 -0.439786 146 146 146 92 300
4.032387 1.625661 -0.440056 146 146 146 96 300
4.034860 1.597546 -0.440325 146 146 146 100 300
4.037334 1.569395 -0.440596 146 146 146 104 300
4.039812 1.541210 -0.440866 146 146 146 108 300
4.042293 1.512991 -0.441137 146 146 146 112 300
4.044777 1.484736 -0.441408 146 146 146 116 300
4.047264 1.456447 -0.441679 146 146 146 120 300
4.049754 1.428124 -0.441951 145 145 145 124 300
4.052248 1.399765 -0.442223 145 145 145 128 300
4.054744 1.371372 -0.442496 145 145 145 132 300
4.057243 1.342943 -0.442768 145 145 145 136 300
4.059746 1.314479 -0.443041 145 145 145 140 300
4.062252 1.285980 -0.443315 145 145 145 144 300
4.064760 1.257446 -0.443589 145 145 145 148 300
4.067272 1.228877 -0.443863 145 145 145 152 300
4.069787 1.200272 -0.444137 145 145 145 156 300
4.072306 1.171633 -0.444412 145 145 145 160 300
4.074827 1.142957 -0.444687 145 145 145 164 300
4.077352 1.114246 -0.444963 145 145 145 168 300
4.079880 1.085500 -0.445239 145 145 145 172 300
4.082411 1.056718 -0.445515 145 145 145 176 300
4.084945 1.027900 -0.445791 144 144 144 180 300
4.087482 0.999046 -0.446068 144 144 144 184 300
4.090022 0.970157 -0.446345 144 144 144 188 300
4.092566 0.941231 -0.446623 144 144 144 192 300
4.095112 0.912270 -0.446901 144 144 144 196 300
4.097662 0.883272 -0.447179 144 144 144 200 300
4.100215 0.854238 -0.447458 144 144 144 204 300
4.102772 0.825168 -0.447737 144 144 144 208 300
4.105331 0.796062 -0.448016 144 144 144 212 300
4.107894 0.766920 -0.448296 144 144 144 216 300
4.110460 0.737741 -0.448576 144 144 144 220 300
4.113029 0.708526 -0.448856 144 144 144 224 300
4.115601 0.679274 -0.449137 144 144 144 228 300
4.118176 0.649985 -0.449418 144 144 144 232 300
4.120755 0.620660 -0.449699 144 144 144 236 300
4.123337 0.591298 -0.449982 143 143 143 240 300
4.125923 0.561899 -0.450264 143 143 143 244 300
4.128511 0.532464 -0.450546 143 143 143 248 300
4.131103 0.502991 -0.450829 143 143 143 252 300
4.133698 0.473482 -0.451112 143 143 143 256 300
4.136296 0.443935 -0.451396 143 143 143 260 300
4.138897 0.414351 -0.451680 143 143 143 264 300
4.141502 0.384730 -0.451964 143 143 143 268 300
4.144110 0.355071 -0.452249 143 143 143 272 300
4.146721 0.325376 -0.452534 143 143 143 276 300
4.149336 0.295642 -0.452819 143 143 143 280 300
4.151953 0.265872 -0.453105 143 143 143 284 300
4.154575 0.236063 -0.453391 143 143 143 288 300
4.157199 0.206217 -0.453677 143 143 143 292 300
4.159827 0.176333 -0.453964 142 142 142 296 300
4.162458 0.146412 -0.454251 142 142 142 300 300
4.165095 0.116452 -0.454539 142 142 142 304 300
4.169080 0.086483 -0.454974 142 142 142 308 300
4.170815 0.056426 -0.455163 142 142 142 312 300
4.173544 0.026349 -0.455461 142 142 142 316 300
4.176275 -0.003766 -0.455759 142 142 142 320 300
4.179010 -0.033921 -0.456057 142 142 142 324 300
4.181749 -0.064116 -0.456356 142 142 142 328 300
4.184492 -0.094350 -0.456656 142 142 142 332 300
4.187237 -0.124624 -0.456955 142 142 142 336 300
4.189987 -0.154937 -0.457255 142 142 142 340 300
4.192740 -0.185291 -0.457556 142 142 142 344 300
4.195497 -0.215684 -0.457857 142 142 142 348 300
4.198258 -0.246117 -0.458158 141 141 141 352 300
4.201022 -0.276591 -0.458460 141 141 141 356 300
4.203790 -0.307104 -0.458762 141 141 141 360 300
4.206561 -0.337658 -0.459064 141 141 141 364 300
4.209336 -0.368252 -0.459367 141 141 141 368 300
4.212115 -0.398886 -0.459670 141 141 141 372 300
4.214897 -0.429561 -0.459974 141 141 141 376 300
4.217683 -0.460277 -0.460278 141 141 141 380 300
4.220473 -0.491033 -0.460582 141 141 141 384 300
4.223267 -0.521830 -0.460887 141 141 141 388 300
4.226063 -0.552667 -0.461192 141 141 141 392 300
4.228863 -0.583546 -0.461498 141 141 141 396 300
4.231667 -0.614465 -0.461804 141 141 141 400 300
4.213867 -0.642285 -0.459861 141 141 141 404 300
4.199201 -0.670347 -0.458261 141 141 141 408 300
4.190614 -0.699213 -0.457324 142 142 142 412 300
4.190979 -0.729513 -0.457364 142 142 142 416 300
4.203405 -0.762004 -0.458720 141 141 141 420 300
4.248570 -0.800846 -0.463648 140 140 140 424 300
4.251400 -0.832054 -0.463957 140 140 140 428 300
4.254234 -0.863304 -0.464267 140 140 140 432 300
4.257071 -0.894596 -0.464576 140 140 140 436 300
4.259913 -0.925929 -0.464886 140 140 140 440 300
4.262759 -0.957305 -0.465197 140 140 140 444 300
4.265608 -0.988722 -0.465508 140 140 140 448 300
4.268461 -1.020181 -0.465819 140 140 140 452 300
4.271317 -1.051682 -0.466131 139 139 139 456 300
4.274179 -1.083226 -0.466443 139 139 139 460 300
4.277043 -1.114812 -0.466756 139 139 139 464 300
4.279911 -1.146440 -0.467069 139 139 139 468 300
4.282783 -1.178110 -0.467382 139 139 139 472 300
4.285659 -1.209824 -0.467696 139 139 139 476 300
4.288539 -1.241580 -0.468010 139 139 139 480 300
4.291423 -1.273378 -0.468325 139 139 139 484 300
4.294311 -1.305219 -0.468640 139 139 139 488 300
4.297202 -1.337103 -0.468956 139 139 139 492 300
4.300098 -1.369031 -0.469272 139 139 139 496 300
4.302997 -1.401001 -0.469588 139 139 139 500 300
4.305900 -1.433014 -0.469905 139 139 139 504 300
4.308805 -1.465070 -0.470222 138 138 138 508 300
5.789979 -2.010471 -0.631863 99 99 99 512 300
5.793899 -2.053637 -0.632291 98 98 98 516 300
3.509339 -1.269199 -0.382976 160 160 160 520 300
3.474569 -1.281694 -0.379181 161 161 161 524 300
3.461342 -1.301789 -0.377738 161 161 161 528 300
3.454447 -1.324121 -0.376985 161 161 161 532 300
3.468796 -1.354649 -0.378551 161 161 161 536 300
3.383720 -1.345839 -0.369267 163 163 163 540 300
3.334915 -1.350489 -0.363941 165 165 165 544 300
3.299603 -1.359997 -0.360087 166 166 166 548 300
3.267014 -1.370137 -0.356531 167 167 167 552 300
3.243740 -1.383781 -0.353991 167 167 167 556 300
3.208336 -1.391826 -0.350127 168 168 168 560 300
3.188842 -1.406378 -0.348000 169 169 169 564 300
3.169240 -1.420600 -0.345861 169 169 169 568 300
3.148448 -1.433996 -0.343592 170 170 170 572 300
3.125962 -1.446310 -0.341138 170 170 170 576 300
3.111658 -1.462143 -0.339577 171 171 171 580 300
3.099279 -1.478688 -0.338226 171 171 171 584 300
3.078713 -1.491089 -0.335981 172 172 172 588 300
3.071264 -1.509641 -0.335168 172 172 172 592 300
3.048698 -1.520546 -0.332706 172 172 172 596 300
3.044130 -1.540232 -0.332207 173 173 173 600 300
3.038037 -1.559070 -0.331542 173 173 173 604 300
3.054815 -1.589721 -0.333373 172 172 172 608 300
5.058697 -2.669038 -0.552058 118 118 118 612 300
5.062184 -2.707402 -0.552439 118 118 118 616 300
5.065679 -2.745822 -0.552820 118 118 118 620 300
5.069175 -2.784292 -0.553202 118 118 118 624 300
4.980072 -2.771283 -0.543478 120 120 120 628 300
4.956960 -2.794188 -0.540955 121 121 121 632 300
4.936118 -2.818055 -0.538681 122 122 122 636 300
5.259714 3.031261 -0.611944 113 113 113 0 304
5.262949 2.995152 -0.612321 113 113 113 4 304
5.266188 2.958999 -0.612698 113 113 113 8 304
5.269431 2.922800 -0.613075 113 113 113 12 304
5.272677 2.886558 -0.613453 113 113 113 16 304
5.275928 2.850270 -0.613831 112 112 112 20 304
5.279183 2.813938 -0.614209 112 112 112 24 304
5.282442 2.777561 -0.614589 112 112 112 28 304
5.285705 2.741139 -0.614968 112 112 112 32 304
5.288972 2.704673 -0.615348 112 112 112 36 304
5.292243 2.668161 -0.615729 112 112 112 40 304
5.295518 2.631603 -0.616110 112 112 112 44 304
5.298797 2.595001 -0.616491 112 112 112 48 304
5.302080 2.558353 -0.616873 112 112 112 52 304
5.305367 2.521659 -0.617256 112 112 112 56 304
5.308659 2.484921 -0.617639 112 112 112 60 304
5.311954 2.448136 -0.618022 111 111 111 64 304
5.315254 2.411306 -0.618406 111 111 111 68 304
5.318557 2.374430 -0.618790 111 111 111 72 304
5.321866 2.337508 -0.619175 111 111 111 76 304
5.325177 2.300541 -0.619561 111 111 111 80 304
5.328493 2.263527 -0.619946 111 111 111 84 304
3.974693 1.659758 -0.462438 147 147 147 88 304
3.977096 1.632066 -0.462717 147 147 147 92 304
3.979501 1.604340 -0.462997 147 147 147 96 304
3.981908 1.576580 -0.463277 147 147 147 100 304
3.984318 1.548787 -0.463558 147 147 147 104 304
3.986732 1.520960 -0.463839 147 147 147 108 304
3.989148 1.493099 -0.464120 147 147 147 112 304
3.991567 1.465204 -0.464401 147 147 147 116 304
3.993989 1.437276 -0.464683 147 147 147 120 304
3.996414 1.409314 -0.464965 147 147 147 124 304
3.998842 1.381317 -0.465248 147 147 147 128 304
4.001273 1.353287 -0.465530 147 147 147 132 304
4.003707 1.325222 -0.465814 147 147 147 136 304
4.006145 1.297124 -0.466097 147 147 147 140 304
4.008585 1.268991 -0.466381 147 147 147 144 304
4.011028 1.240824 -0.466665 146 146 146 148 304
4.013474 1.212623 -0.466950 146 146 146 152 304
4.015924 1.184387 -0.467235 146 146 146 156 304
4.018376 1.156116 -0.467520 146 146 146 160 304
4.020831 1.127812 -0.467806 146 146 146 164 304
4.023289 1.099472 -0.468092 146 146 146 168 304
4.025750 1.071098 -0.468378 146 146 146 172 304
4.028215 1.042689 -0.468665 146 146 146 176 304
4.030682 1.014246 -0.468952 146 146 146 180 304
4.033152 0.985767 -0.469239 146 146 146 184 304
4.035625 0.957253 -0.469527 146 146 146 188 304
4.038102 0.928705 -0.469815 146 146 146 192 304
4.040581 0.900122 -0.470104 146 146 146 196 304
4.043063 0.871503 -0.470392 146 146 146 200 304
4.045549 0.842849 -0.470682 146 146 146 204 304
4.048038 0.814160 -0.470971 145 145 145 208 304
4.050529 0.785436 -0.471261 145 145 145 212 304
4.053024 0.756676 -0.471551 145 145 145 216 304
4.055521 0.727881 -0.471842 145 145 145 220 304
4.058022 0.699050 -0.472133 145 145 145 224 304
4.060526 0.670184 -0.472424 145 145 145 228 304
4.063033 0.641282 -0.472716 145 145 145 232 304
4.065543 0.612344 -0.473009 145 145 145 236 304
4.068056 0.583371 -0.473301 145 145 145 240 304
4.070573 0.554362 -0.473594 145 145 145 244 304
4.073092 0.525316 -0.473887 145 145 145 248 304
4.075615 0.496235 -0.474180 145 145 145 252 304
4.078140 0.467118 -0.474474 145 145 145 256 304
4.080669 0.437965 -0.474768 145 145 145 260 304
4.083201 0.408775 -0.475063 145 145 145 264 304
4.085736 0.379549 -0.475358 144 144 144 268 304
4.088274 0.350287 -0.475653 144 144 144 272 304
4.090816 0.320989 -0.475949 144 144 144 276 304
4.093360 0.291654 -0.476245 144 144 144 280 304
4.095908 0.262283 -0.476541 144 144 144 284 304
4.098459 0.232875 -0.476838 144 144 144 288 304
4.101013 0.203430 -0.477135 144 144 144 292 304
4.103570 0.173949 -0.477433 144 144 144 296 304
4.106130 0.144431 -0.477731 144 144 144 300 304
4.108696 0.114876 -0.478029 144 144 144 304 304
4.113227 0.085324 -0.478556 144 144 144 308 304
4.114261 0.055660 -0.478677 144 144 144 312 304
4.116916 0.025992 -0.478986 144 144 144 316 304
4.119574 -0.003715 -0.479295 144 144 144 320 304
4.122235 -0.033460 -0.479604 143 143 143 324 304
4.124900 -0.063244 -0.479914 143 143 143 328 304
4.127569 -0.093066 -0.480225 143 143 143 332 304
4.130240 -0.122927 -0.480536 143 143 143 336 304
4.132916 -0.152827 -0.480847 143 143 143 340 304
4.135594 -0.182765 -0.481159 143 143 143 344 304
4.138277 -0.212742 -0.481471 143 143 143 348 304
4.140962 -0.242758 -0.481783 143 143 143 352 304
4.143651 -0.272813 -0.482096 143 143 143 356 304
4.146344 -0.302907 -0.482409 143 143 143 360 304
4.149040 -0.333041 -0.482723 143 143 143 364 304
4.151740 -0.363213 -0.483037 143 143 143 368 304
4.154443 -0.393425 -0.483352 143 143 143 372 304
4.157149 -0.423676 -0.483667 143 143 143 376 304
4.159859 -0.453966 -0.483982 142 142 142 380 304
4.162572 -0.484297 -0.484297 142 142 142 384 304
4.165289 -0.514666 -0.484614 142 142 142 388 304
4.168009 -0.545075 -0.484930 142 142 142 392 304
4.170733 -0.575525 -0.485247 142 142 142 396 304
4.173461 -0.606013 -0.485564 142 142 142 400 304
4.176192 -0.636542 -0.485882 142 142 142 404 304
4.178926 -0.667111 -0.486200 142 142 142 408 304
4.181664 -0.697720 -0.486519 142 142 142 412 304
4.184407 -0.728369 -0.486838 142 142 142 416 304
4.187152 -0.759058 -0.487157 142 142 142 420 304
4.189900 -0.789787 -0.487477 142 142 142 424 304
4.192653 -0.820557 -0.487797 142 142 142 428 304
4.195410 -0.851367 -0.488118 142 142 142 432 304
4.198170 -0.882218 -0.488439 141 141 141 436 304
4.200933 -0.913109 -0.488761 141 141 141 440 304
4.203700 -0.944041 -0.489082 141 141 141 444 304
4.206470 -0.975014 -0.489405 141 141 141 448 304
4.209245 -1.006028 -0.489728 141 141 141 452 304
4.212023 -1.037083 -0.490051 141 141 141 456 304
4.214805 -1.068179 -0.490375 141 141 141 460 304
4.217590 -1.099315 -0.490699 141 141 141 464 304
4.220380 -1.130494 -0.491023 141 141 141 468 304
4.223173 -1.161713 -0.491348 141 141 141 472 304
4.225968 -1.192973 -0.491673 141 141 141 476 304
4.228769 -1.224275 -0.491999 141 141 141 480 304
4.231573 -1.255619 -0.492325 141 141 141 484 304
4.234380 -1.287004 -0.492652 140 140 140 488 304
4.237192 -1.318431 -0.492979 140 140 140 492 304
4.240007 -1.349899 -0.493307 140 140 140 496 304
4.242826 -1.381410 -0.493635 140 140 140 500 304
4.245648 -1.412962 -0.493963 140 140 140 504 304
4.248475 -1.444556 -0.494292 140 140 140 508 304
4.251289 -1.476187 -0.494619 140 140 140 512 304
5.712666 -2.024844 -0.664644 101 101 101 516 304
3.515163 -1.271306 -0.408974 160 160 160 520 304
3.479634 -1.283562 -0.404840 161 161 161 524 304
3.470931 -1.305396 -0.403828 161 161 161 528 304
3.471413 -1.330624 -0.403884 161 161 161 532 304
5.731798 -2.238406 -0.666870 100 100 100 536 304
3.396068 -1.350750 -0.395118 163 163 163 540 304
3.355736 -1.358921 -0.390425 164 164 164 544 304
3.320700 -1.368693 -0.386349 165 165 165 548 304
3.290932 -1.380168 -0.382886 166 166 166 552 304
3.257215 -1.389529 -0.378963 167 167 167 556 304
3.228877 -1.400737 -0.375666 168 168 168 560 304
3.201378 -1.411906 -0.372467 168 168 168 564 304
3.177420 -1.424266 -0.369679 169 169 169 568 304
3.157667 -1.438195 -0.367381 169 169 169 572 304
3.143055 -1.454218 -0.365681 170 170 170 576 304
3.134138 -1.472706 -0.364644 170 170 170 580 304
3.122891 -1.489953 -0.363335 170 170 170 584 304
3.097261 -1.500073 -0.360353 171 171 171 588 304
3.072262 -1.510132 -0.357445 172 172 172 592 304
3.061396 -1.526880 -0.356180 172 172 172 596 304
3.054763 -1.545612 -0.355409 172 172 172 600 304
3.057980 -1.569304 -0.355783 172 172 172 604 304
3.070412 -1.597838 -0.357229 172 172 172 608 304
4.986611 -2.631004 -0.580171 120 120 120 612 304
4.990003 -2.668798 -0.580565 120 120 120 616 304
4.993398 -2.706642 -0.580960 120 120 120 620 304
4.996796 -2.744537 -0.581356 120 120 120 624 304
5.000196 -2.782482 -0.581751 120 120 120 628 304
5.003603 -2.820480 -0.582148 120 120 120 632 304
5.007019 -2.858533 -0.582545 120 120 120 636 304
5.192682 2.992630 -0.641612 115 115 115 0 308
5.195836 2.956958 -0.642002 115 115 115 4 308
5.198992 2.921242 -0.642392 114 114 114 8 308
5.202152 2.885483 -0.642782 114 114 114 12 308
5.205317 2.849681 -0.643173 114 114 114 16 308
5.208486 2.813835 -0.643565 114 114 114 20 308
5.211658 2.777946 -0.643956 114 114 114 24 308
5.214834 2.742012 -0.644349 114 114 114 28 308
5.218014 2.706035 -0.644742 114 114 114 32 308
5.221198 2.670014 -0.645135 114 114 114 36 308
5.224385 2.633949 -0.645529 114 114 114 40 308
5.227577 2.597840 -0.645923 114 114 114 44 308
5.230772 2.561687 -0.646318 114 114 114 48 308
5.233972 2.525489 -0.646714 114 114 114 52 308
5.237175 2.489247 -0.647109 113 113 113 56 308
5.240383 2.452961 -0.647506 113 113 113 60 308
5.243594 2.416631 -0.647902 113 113 113 64 308
5.246809 2.380255 -0.648300 113 113 113 68 308
5.250027 2.343835 -0.648697 113 113 113 72 308
5.253250 2.307371 -0.649096 113 113 113 76 308
5.256477 2.270862 -0.649494 113 113 113 80 308
3.920961 1.665612 -0.484477 149 149 149 84 308
3.923301 1.638298 -0.484766 149 149 149 88 308
3.925641 1.610951 -0.485055 149 149 149 92 308
3.927983 1.583571 -0.485345 149 149 149 96 308
3.930329 1.556158 -0.485635 149 149 149 100 308
3.932677 1.528713 -0.485925 149 149 149 104 308
3.935028 1.501235 -0.486215 149 149 149 108 308
3.937382 1.473724 -0.486506 148 148 148 112 308
3.939739 1.446180 -0.486797 148 148 148 116 308
3.942099 1.418603 -0.487089 148 148 148 120 308
3.944462 1.390993 -0.487381 148 148 148 124 308
3.946827 1.363350 -0.487673 148 148 148 128 308
3.949196 1.335674 -0.487966 148 148 148 132 308
3.951567 1.307964 -0.488259 148 148 148 136 308
3.953942 1.280221 -0.488552 148 148 148 140 308
3.956318 1.252445 -0.488846 148 148 148 144 308
3.958698 1.224636 -0.489140 148 148 148 148 308
3.961081 1.196793 -0.489434 148 148 148 152 308
3.963467 1.168916 -0.489729 148 148 148 156 308
3.965855 1.141006 -0.490024 148 148 148 160 308
3.968247 1.113062 -0.490320 148 148 148 164 308
3.970641 1.085085 -0.490616 148 148 148 168 308
3.973038 1.057073 -0.490912 148 148 148 172 308
3.975438 1.029028 -0.491208 147 147 147 176 308
3.977841 1.000949 -0.491505 147 147 147 180 308
3.980247 0.972836 -0.491802 147 147 147 184 308
3.982656 0.944689 -0.492100 147 147 147 188 308
3.985068 0.916508 -0.492398 147 147 147 192 308
3.987482 0.888293 -0.492696 147 147 147 196 308
3.989900 0.860043 -0.492995 147 147 147 200 308
3.992321 0.831760 -0.493294 147 147 147 204 308
3.994744 0.803441 -0.493594 147 147 147 208 308
3.997170 0.775089 -0.493894 147 147 147 212 308
3.999600 0.746702 -0.494194 147 147 147 216 308
4.002032 0.718280 -0.494494 147 147 147 220 308
4.004467 0.689824 -0.494795 147 147 147 224 308
4.006906 0.661334 -0.495096 147 147 147 228 308
4.009347 0.632808 -0.495399 147 147 147 232 308
4.011791 0.604248 -0.495701 146 146 146 236 308
4.014238 0.575653 -0.496003 146 146 146 240 308
4.016688 0.547023 -0.496306 146 146 146 244 308
4.019141 0.518358 -0.496609 146 146 146 248 308
4.021597 0.489658 -0.496912 146 146 146 252 308
4.024056 0.460923 -0.497216 146 146 146 256 308
4.026519 0.432153 -0.497521 146 146 146 260 308
4.028984 0.403347 -0.497825 146 146 146 264 308
4.031452 0.374507 -0.498130 146 146 146 268 308
4.033924 0.345631 -0.498435 146 146 146 272 308
4.036397 0.316719 -0.498741 146 146 146 276 308
4.038875 0.287772 -0.499047 146 146 146 280 308
4.041355 0.258789 -0.499354 146 146 146 284 308
4.043839 0.229771 -0.499661 146 146 146 288 308
4.046325 0.200717 -0.499968 146 146 146 292 308
4.048814 0.171628 -0.500275 145 145 145 296 308
4.051307 0.142502 -0.500583 145 145 145 300 308
4.053804 0.113341 -0.500892 145 145 145 304 308
4.058850 0.084196 -0.501515 145 145 145 308 308
4.059219 0.054916 -0.501561 145 145 145 312 308
4.061805 0.025644 -0.501880 145 145 145 316 308
4.064392 -0.003665 -0.502200 145 145 145 320 308
4.066982 -0.033012 -0.502520 145 145 145 324 308
4.069576 -0.062396 -0.502841 145 145 145 328 308
4.072174 -0.091817 -0.503162 145 145 145 332 308
4.074774 -0.121276 -0.503483 145 145 145 336 308
4.077378 -0.150773 -0.503805 145 145 145 340 308
4.079985 -0.180308 -0.504127 145 145 145 344 308
4.082595 -0.209880 -0.504449 145 145 145 348 308
4.085209 -0.239490 -0.504772 144 144 144 352 308
4.087827 -0.269138 -0.505096 144 144 144 356 308
4.090447 -0.298824 -0.505420 144 144 144 360 308
4.093071 -0.328548 -0.505744 144 144 144 364 308
4.095697 -0.358310 -0.506068 144 144 144 368 308
4.098328 -0.388111 -0.506393 144 144 144 372 308
4.100962 -0.417950 -0.506719 144 144 144 376 308
4.103598 -0.447827 -0.507044 144 144 144 380 308
4.106238 -0.477742 -0.507371 144 144 144 384 308
4.108882 -0.507696 -0.507697 144 144 144 388 308
4.111530 -0.537689 -0.508025 144 144 144 392 308
4.114180 -0.567721 -0.508352 144 144 144 396 308
4.116834 -0.597791 -0.508680 144 144 144 400 308
4.119491 -0.627900 -0.509008 144 144 144 404 308
4.122152 -0.658047 -0.509337 143 143 143 408 308
4.124816 -0.688234 -0.509666 143 143 143 412 308
4.127484 -0.718460 -0.509996 143 143 143 416 308
4.130156 -0.748725 -0.510326 143 143 143 420 308
4.132830 -0.779029 -0.510656 143 143 143 424 308
4.135508 -0.809373 -0.510987 143 143 143 428 308
4.138190 -0.839756 -0.511319 143 143 143 432 308
4.140874 -0.870178 -0.511650 143 143 143 436 308
4.143563 -0.900640 -0.511983 143 143 143 440 308
4.146255 -0.931141 -0.512315 143 143 143 444 308
4.148951 -0.961682 -0.512648 143 143 143 448 308
4.151649 -0.992263 -0.512982 143 143 143 452 308
4.154352 -1.022883 -0.513316 143 143 143 456 308
4.157059 -1.053544 -0.513650 143 143 143 460 308
4.159768 -1.084244 -0.513985 142 142 142 464 308
4.162481 -1.114984 -0.514320 142 142 142 468 308
4.165197 -1.145765 -0.514656 142 142 142 472 308
4.167918 -1.176586 -0.514992 142 142 142 476 308
4.170642 -1.207447 -0.515328 142 142 142 480 308
4.173369 -1.238348 -0.515665 142 142 142 484 308
4.176100 -1.269290 -0.516003 142 142 142 488 308
4.178834 -1.300272 -0.516341 142 142 142 492 308
4.181572 -1.331295 -0.516679 142 142 142 496 308
4.184314 -1.362359 -0.517018 142 142 142 500 308
4.187059 -1.393463 -0.517357 142 142 142 504 308
4.189808 -1.424609 -0.517697 142 142 142 508 308
4.192561 -1.455795 -0.518037 142 142 142 512 308
4.195309 -1.487019 -0.518376 142 142 142 516 308
3.537915 -1.279534 -0.437148 159 159 159 520 308
3.491577 -1.287968 -0.431423 160 160 160 524 308
3.479263 -1.308529 -0.429901 161 161 161 528 308
3.483849 -1.335391 -0.430468 161 161 161 532 308
5.652284 -2.207354 -0.698402 102 102 102 536 308
3.409321 -1.356021 -0.421259 163 163 163 540 308
3.372804 -1.365833 -0.416747 164 164 164 544 308
3.336049 -1.375019 -0.412205 165 165 165 548 308
3.309870 -1.388111 -0.408971 165 165 165 552 308
3.286169 -1.401881 -0.406042 166 166 166 556 308
3.248977 -1.409457 -0.401447 167 167 167 560 308
3.218859 -1.419616 -0.397725 168 168 168 564 308
3.193243 -1.431359 -0.394560 169 169 169 568 308
3.171704 -1.444589 -0.391899 169 169 169 572 308
3.160163 -1.462133 -0.390473 169 169 169 576 308
3.150042 -1.480179 -0.389222 170 170 170 580 308
3.115531 -1.486442 -0.384958 171 171 171 584 308
3.094258 -1.498618 -0.382329 171 171 171 588 308
3.082740 -1.515283 -0.380906 171 171 171 592 308
3.073687 -1.533010 -0.379788 172 172 172 596 308
3.069755 -1.553198 -0.379302 172 172 172 600 308
3.082279 -1.581774 -0.380849 171 171 171 604 308
4.931290 -2.566236 -0.609315 122 122 122 608 308
4.916553 -2.594041 -0.607494 122 122 122 612 308
4.919851 -2.631279 -0.607901 122 122 122 616 308
4.923151 -2.668565 -0.608309 122 122 122 620 308
4.926454 -2.705901 -0.608717 122 122 122 624 308
4.929760 -2.743286 -0.609126 122 122 122 628 308
4.933069 -2.780721 -0.609535 122 122 122 632 308
4.936384 -2.818207 -0.609944 122 122 122 636 308
5.127337 2.954970 -0.670533 116 116 116 0 312
5.130412 2.919725 -0.670935 116 116 116 4 312
5.133490 2.884437 -0.671337 116 116 116 8 312
5.136571 2.849107 -0.671740 116 116 116 12 312
5.139656 2.813735 -0.672144 116 116 116 16 312
5.142745 2.778319 -0.672548 116 116 116 20 312
5.145838 2.742862 -0.672952 116 116 116 24 312
5.148934 2.707361 -0.673357 116 116 116 28 312
5.152034 2.671818 -0.673762 116 116 116 32 312
5.155137 2.636232 -0.674168 116 116 116 36 312
5.158245 2.600604 -0.674575 116 116 116 40 312
5.161356 2.564932 -0.674982 116 116 116 44 312
5.164472 2.529217 -0.675389 115 115 115 48 312
5.167591 2.493459 -0.675797 115 115 115 52 312
5.170713 2.457658 -0.676205 115 115 115 56 312
5.173839 2.421813 -0.676614 115 115 115 60 312
5.176970 2.385925 -0.677023 115 115 115 64 312
5.180103 2.349994 -0.677433 115 115 115 68 312
5.183241 2.314019 -0.677844 115 115 115 72 312
5.186382 2.278001 -0.678254 115 115 115 76 312
3.868662 1.671309 -0.505928 150 150 150 80 312
3.870941 1.644364 -0.506226 150 150 150 84 312
3.873219 1.617385 -0.506524 150 150 150 88 312
3.875499 1.590375 -0.506822 150 150 150 92 312
3.877783 1.563333 -0.507121 150 150 150 96 312
3.880069 1.536259 -0.507420 150 150 150 100 312
3.882357 1.509153 -0.507719 150 150 150 104 312
3.884650 1.482015 -0.508019 150 150 150 108 312
3.886944 1.454845 -0.508319 150 150 150 112 312
3.889241 1.427643 -0.508619 150 150 150 116 312
3.891541 1.400409 -0.508920 150 150 150 120 312
3.893844 1.373143 -0.509221 150 150 150 124 312
3.896149 1.345844 -0.509523 150 150 150 128 312
3.898457 1.318513 -0.509825 150 150 150 132 312
3.900767 1.291149 -0.510127 149 149 149 136 312
3.903081 1.263754 -0.510429 149 149 149 140 312
3.905397 1.236325 -0.510732 149 149 149 144 312
3.907717 1.208864 -0.511036 149 149 149 148 312
3.910038 1.181371 -0.511339 149 149 149 152 312
3.912363 1.153844 -0.511643 149 149 149 156 312
3.914690 1.126285 -0.511948 149 149 149 160 312
3.917020 1.098693 -0.512252 149 149 149 164 312
3.919353 1.071069 -0.512557 149 149 149 168 312
3.921689 1.043411 -0.512863 149 149 149 172 312
3.924027 1.015721 -0.513169 149 149 149 176 312
3.926368 0.987997 -0.513475 149 149 149 180 312
3.928712 0.960240 -0.513781 149 149 149 184 312
3.931059 0.932450 -0.514088 149 149 149 188 312
3.933409 0.904627 -0.514396 149 149 149 192 312
3.935761 0.876771 -0.514703 149 149 149 196 312
3.938117 0.848881 -0.515011 148 148 148 200 312
3.940475 0.820958 -0.515320 148 148 148 204 312
3.942836 0.793001 -0.515628 148 148 148 208 312
3.945199 0.765011 -0.515937 148 148 148 212 312
3.947566 0.736988 -0.516247 148 148 148 216 312
3.949935 0.708930 -0.516557 148 148 148 220 312
3.952308 0.680839 -0.516868 148 148 148 224 312
3.954683 0.652715 -0.517178 148 148 148 228 312
3.957061 0.624556 -0.517489 148 148 148 232 312
3.959442 0.596363 -0.517801 148 148 148 236 312
3.961825 0.568137 -0.518112 148 148 148 240 312
3.964212 0.539877 -0.518424 148 148 148 244 312
3.966601 0.511582 -0.518737 148 148 148 248 312
3.968994 0.483253 -0.519050 148 148 148 252 312
3.971389 0.454890 -0.519363 148 148 148 256 312
3.973787 0.426493 -0.519677 147 147 147 260 312
3.976188 0.398062 -0.519991 147 147 147 264 312
3.978592 0.369596 -0.520305 147 147 147 268 312
3.980999 0.341096 -0.520620 147 147 147 272 312
3.983408 0.312561 -0.520935 147 147 147 276 312
3.985821 0.283992 -0.521250 147 147 147 280 312
3.988237 0.255388 -0.521566 147 147 147 284 312
3.990655 0.226749 -0.521883 147 147 147 288 312
3.993077 0.198076 -0.522199 147 147 147 292 312
3.995501 0.169368 -0.522516 147 147 147 296 312
3.997928 0.140625 -0.522834 147 147 147 300 312
4.000360 0.111847 -0.523152 147 147 147 304 312
4.005893 0.083098 -0.523875 147 147 147 308 312
4.005631 0.054191 -0.523841 147 147 147 312 312
4.008150 0.025305 -0.524170 147 147 147 316 312
4.010669 -0.003617 -0.524500 146 146 146 320 312
4.013192 -0.032575 -0.524830 146 146 146 324 312
4.015717 -0.061570 -0.525160 146 146 146 328 312
4.018246 -0.090601 -0.525491 146 146 146 332 312
4.020778 -0.119669 -0.525822 146 146 146 336 312
4.023313 -0.148774 -0.526154 146 146 146 340 312
4.025852 -0.177915 -0.526486 146 146 146 344 312
4.028393 -0.207093 -0.526818 146 146 146 348 312
4.030938 -0.236308 -0.527151 146 146 146 352 312
4.033485 -0.265560 -0.527484 146 146 146 356 312
4.036036 -0.294849 -0.527817 146 146 146 360 312
4.038590 -0.324175 -0.528151 146 146 146 364 312
4.041147 -0.353538 -0.528486 146 146 146 368 312
4.043708 -0.382938 -0.528821 146 146 146 372 312
4.046272 -0.412376 -0.529156 146 146 146 376 312
4.048839 -0.441851 -0.529492 145 145 145 380 312
4.051409 -0.471363 -0.529828 145 145 145 384 312
4.053983 -0.500913 -0.530164 145 145 145 388 312
4.056560 -0.530500 -0.530501 145 145 145 392 312
4.059140 -0.560125 -0.530839 145 145 145 396 312
4.061723 -0.589788 -0.531177 145 145 145 400 312
4.064310 -0.619489 -0.531515 145 145 145 404 312
4.066900 -0.649227 -0.531854 145 145 145 408 312
4.069493 -0.679003 -0.532193 145 145 145 412 312
4.072090 -0.708818 -0.532532 145 145 145 416 312
4.074690 -0.738670 -0.532872 145 145 145 420 312
4.077293 -0.768561 -0.533213 145 145 145 424 312
4.079899 -0.798490 -0.533554 145 145 145 428 312
4.082509 -0.828456 -0.533895 145 145 145 432 312
4.085123 -0.858462 -0.534237 144 144 144 436 312
4.087739 -0.888506 -0.534579 144 144 144 440 312
4.090359 -0.918588 -0.534922 144 144 144 444 312
4.092982 -0.948709 -0.535265 144 144 144 448 312
4.095609 -0.978869 -0.535608 144 144 144 452 312
4.098239 -1.009067 -0.535952 144 144 144 456 312
4.100873 -1.039304 -0.536296 144 144 144 460 312
4.103509 -1.069580 -0.536641 144 144 144 464 312
4.106150 -1.099895 -0.536987 144 144 144 468 312
4.108794 -1.130249 -0.537332 144 144 144 472 312
4.111441 -1.160642 -0.537678 144 144 144 476 312
4.114090 -1.191075 -0.538025 144 144 144 480 312
4.116745 -1.221546 -0.538372 144 144 144 484 312
4.119402 -1.252057 -0.538720 144 144 144 488 312
4.122063 -1.282608 -0.539068 143 143 143 492 312
4.124727 -1.313197 -0.539416 143 143 143 496 312
4.127394 -1.343827 -0.539765 143 143 143 500 312
4.130065 -1.374496 -0.540114 143 143 143 504 312
4.132740 -1.405205 -0.540464 143 143 143 508 312
4.135418 -1.435953 -0.540814 143 143 143 512 312
4.138099 -1.466742 -0.541165 143 143 143 516 312
3.572068 -1.291886 -0.467141 158 158 158 520 312
3.518196 -1.297787 -0.460096 160 160 160 524 312
3.503411 -1.317611 -0.458163 160 160 160 528 312
3.509449 -1.345204 -0.458952 160 160 160 532 312
5.574946 -2.177152 -0.729070 104 104 104 536 312
3.404969 -1.354291 -0.445289 163 163 163 540 312
3.373349 -1.366054 -0.441154 164 164 164 544 312
3.344531 -1.378515 -0.437385 164 164 164 548 312
3.320166 -1.392429 -0.434199 165 165 165 552 312
3.306263 -1.410453 -0.432380 165 165 165 556 312
3.271924 -1.419412 -0.427890 166 166 166 560 312
3.242815 -1.430182 -0.424083 167 167 167 564 312
3.213604 -1.440485 -0.420263 168 168 168 568 312
3.191444 -1.453580 -0.417365 169 169 169 572 312
3.176708 -1.469788 -0.415438 169 169 169 576 312
3.149617 -1.479979 -0.411895 170 170 170 580 312
3.114771 -1.486079 -0.407338 171 171 171 584 312
3.104633 -1.503643 -0.406012 171 171 171 588 312
3.095788 -1.521696 -0.404855 171 171 171 592 312
3.087247 -1.539773 -0.403738 171 171 171 596 312
3.097595 -1.567284 -0.405092 171 171 171 600 312
5.637381 -2.893009 -0.737235 103 103 103 604 312
5.641096 -2.935618 -0.737721 103 103 103 608 312
5.644817 -2.978283 -0.738208 102 102 102 612 312
5.648543 -3.021004 -0.738695 102 102 102 616 312
4.886221 -2.648548 -0.639001 123 123 123 620 312
4.873810 -2.676986 -0.637378 123 123 123 624 312
4.861455 -2.705276 -0.635763 124 124 124 628 312
4.864500 -2.742069 -0.636161 124 124 124 632 312
4.867721 -2.779006 -0.636582 123 123 123 636 312
5.063617 2.918247 -0.698735 118 118 118 0 316
5.066616 2.883418 -0.699149 118 118 118 4 316
5.069617 2.848548 -0.699563 118 118 118 8 316
5.072623 2.813637 -0.699977 118 118 118 12 316
5.075631 2.778684 -0.700393 118 118 118 16 316
5.078643 2.743689 -0.700808 118 118 118 20 316
5.081660 2.708653 -0.701225 118 118 118 24 316
5.084679 2.673575 -0.701641 118 118 118 28 316
5.087702 2.638456 -0.702058 117 117 117 32 316
5.090729 2.603295 -0.702476 117 117 117 36 316
5.093760 2.568092 -0.702894 117 117 117 40 316
5.096794 2.532847 -0.703313 117 117 117 44 316
5.099831 2.497560 -0.703732 117 117 117 48 316
5.102872 2.462231 -0.704152 117 117 117 52 316
5.105917 2.426860 -0.704572 117 117 117 56 316
5.108964 2.391446 -0.704992 117 117 117 60 316
5.112017 2.355990 -0.705414 117 117 117 64 316
5.115073 2.320493 -0.705835 117 117 117 68 316
5.118132 2.284952 -0.706257 117 117 117 72 316
5.121195 2.249369 -0.706680 117 117 117 76 316
3.819960 1.650269 -0.527121 152 152 152 80 316
3.822179 1.623650 -0.527427 152 152 152 84 316
3.824400 1.596999 -0.527734 152 152 152 88 316
3.826624 1.570318 -0.528041 151 151 151 92 316
3.828850 1.543605 -0.528348 151 151 151 96 316
3.831079 1.516862 -0.528655 151 151 151 100 316
3.833311 1.490087 -0.528963 151 151 151 104 316
3.835546 1.463281 -0.529272 151 151 151 108 316
3.837782 1.436444 -0.529580 151 151 151 112 316
3.840021 1.409576 -0.529889 151 151 151 116 316
3.842263 1.382676 -0.530199 151 151 151 120 316
3.844508 1.355745 -0.530508 151 151 151 124 316
3.846755 1.328782 -0.530819 151 151 151 128 316
3.849005 1.301787 -0.531129 151 151 151 132 316
3.851258 1.274762 -0.531440 151 151 151 136 316
3.853513 1.247704 -0.531751 151 151 151 140 316
3.855771 1.220615 -0.532063 151 151 151 144 316
3.858031 1.193494 -0.532375 151 151 151 148 316
3.860294 1.166341 -0.532687 151 151 151 152 316
3.862560 1.139157 -0.533000 150 150 150 156 316
3.864829 1.111940 -0.533313 150 150 150 160 316
3.867100 1.084691 -0.533626 150 150 150 164 316
3.869373 1.057411 -0.533940 150 150 150 168 316
3.871650 1.030098 -0.534254 150 150 150 172 316
3.873929 1.002753 -0.534568 150 150 150 176 316
3.876211 0.975376 -0.534883 150 150 150 180 316
3.878495 0.947966 -0.535198 150 150 150 184 316
3.880782 0.920525 -0.535514 150 150 150 188 316
3.883072 0.893051 -0.535830 150 150 150 192 316
3.885365 0.865544 -0.536146 150 150 150 196 316
3.887661 0.838005 -0.536463 150 150 150 200 316
3.889958 0.810433 -0.536780 150 150 150 204 316
3.892259 0.782829 -0.537098 150 150 150 208 316
3.894562 0.755192 -0.537416 150 150 150 212 316
3.896869 0.727523 -0.537734 150 150 150 216 316
3.899178 0.699821 -0.538053 149 149 149 220 316
3.901489 0.672085 -0.538372 149 149 149 224 316
3.903804 0.644317 -0.538691 149 149 149 228 316
3.906121 0.616516 -0.539011 149 149 149 232 316
3.908441 0.588682 -0.539331 149 149 149 236 316
3.910764 0.560815 -0.539652 149 149 149 240 316
3.913089 0.532914 -0.539973 149 149 149 244 316
3.915417 0.504981 -0.540294 149 149 149 248 316
3.917748 0.477014 -0.540616 149 149 149 252 316
3.920081 0.449014 -0.540938 149 149 149 256 316
3.922418 0.420980 -0.541260 149 149 149 260 316
3.924757 0.392913 -0.541583 149 149 149 264 316
3.927099 0.364813 -0.541906 149 149 149 268 316
3.929445 0.336679 -0.542230 149 149 149 272 316
3.931792 0.308511 -0.542554 149 149 149 276 316
3.934143 0.280310 -0.542878 149 149 149 280 316
3.936496 0.252075 -0.543203 148 148 148 284 316
3.938852 0.223806 -0.543528 148 148 148 288 316
3.941211 0.195503 -0.543853 148 148 148 292 316
3.943573 0.167166 -0.544179 148 148 148 296 316
3.945937 0.138796 -0.544505 148 148 148 300 316
3.948306 0.110391 -0.544832 148 148 148 304 316
3.954300 0.082028 -0.545659 148 148 148 308 316
3.953440 0.053485 -0.545541 148 148 148 312 316
3.955893 0.024975 -0.545879 148 148 148 316 316
3.958347 -0.003570 -0.546218 148 148 148 320 316
3.960804 -0.032150 -0.546557 148 148 148 324 316
3.963264 -0.060766 -0.546896 148 148 148 328 316
3.965728 -0.089417 -0.547236 148 148 148 332 316
3.968194 -0.118104 -0.547577 148 148 148 336 316
3.970663 -0.146827 -0.547917 148 148 148 340 316
3.973135 -0.175585 -0.548258 148 148 148 344 316
3.975610 -0.204380 -0.548600 147 147 147 348 316
3.978088 -0.233210 -0.548942 147 147 147 352 316
3.980569 -0.262076 -0.549284 147 147 147 356 316
3.983053 -0.290978 -0.549627 147 147 147 360 316
3.985541 -0.319917 -0.549970 147 147 147 364 316
3.988032 -0.348891 -0.550314 147 147 147 368 316
3.990525 -0.377902 -0.550658 147 147 147 372 316
3.993022 -0.406949 -0.551003 147 147 147 376 316
3.995522 -0.436032 -0.551348 147 147 147 380 316
3.998025 -0.465152 -0.551693 147 147 147 384 316
4.000531 -0.494309 -0.552039 147 147 147 388 316
4.003040 -0.523501 -0.552385 147 147 147 392 316
4.005553 -0.552731 -0.552732 147 147 147 396 316
4.008068 -0.581997 -0.553079 147 147 147 400 316
4.010587 -0.611300 -0.553427 146 146 146 404 316
4.013110 -0.640640 -0.553775 146 146 146 408 316
4.015635 -0.670017 -0.554123 146 146 146 412 316
4.018163 -0.699431 -0.554472 146 146 146 416 316
4.020694 -0.728882 -0.554821 146 146 146 420 316
4.023229 -0.758370 -0.555171 146 146 146 424 316
4.025767 -0.787895 -0.555521 146 146 146 428 316
4.028307 -0.817457 -0.555872 146 146 146 432 316
4.030852 -0.847057 -0.556223 146 146 146 436 316
4.033399 -0.876695 -0.556574 146 146 146 440 316
4.035951 -0.906369 -0.556926 146 146 146 444 316
4.038504 -0.936082 -0.557279 146 146 146 448 316
4.041061 -0.965831 -0.557632 146 146 146 452 316
4.043622 -0.995619 -0.557985 146 146 146 456 316
4.046185 -1.025445 -0.558339 146 146 146 460 316
4.048753 -1.055308 -0.558693 145 145 145 464 316
4.051323 -1.085209 -0.559048 145 145 145 468 316
4.053896 -1.115148 -0.559403 145 145 145 472 316
4.056473 -1.145125 -0.559758 145 145 145 476 316
4.059053 -1.175141 -0.560114 145 145 145 480 316
4.061636 -1.205194 -0.560471 145 145 145 484 316
4.064223 -1.235286 -0.560828 145 145 145 488 316
4.066813 -1.265416 -0.561185 145 145 145 492 316
4.069406 -1.295585 -0.561543 145 145 145 496 316
4.072003 -1.325792 -0.561901 145 145 145 500 316
4.074602 -1.356037 -0.562260 145 145 145 504 316
4.077205 -1.386322 -0.562619 145 145 145 508 316
4.079812 -1.416645 -0.562979 145 145 145 512 316
4.082422 -1.447007 -0.563339 145 145 145 516 316
4.085029 -1.477405 -0.563699 144 144 144 520 316
3.551388 -1.310031 -0.490061 159 159 159 524 316
3.532670 -1.328615 -0.487478 159 159 159 528 316
3.545308 -1.358949 -0.489222 159 159 159 532 316
3.432989 -1.340666 -0.473723 162 162 162 536 316
3.402229 -1.353201 -0.469478 163 163 163 540 316
3.369405 -1.364456 -0.464949 164 164 164 544 316
3.345469 -1.378902 -0.461646 164 164 164 548 316
3.326562 -1.395111 -0.459037 165 165 165 552 316
3.309538 -1.411850 -0.456688 165 165 165 556 316
3.283371 -1.424378 -0.453077 166 166 166 560 316
3.259036 -1.437336 -0.449719 167 167 167 564 316
3.241204 -1.452857 -0.447258 167 167 167 568 316
3.214949 -1.464285 -0.443635 168 168 168 572 316
3.193969 -1.477775 -0.440740 168 168 168 576 316
3.149106 -1.479739 -0.434550 170 170 170 580 316
3.121671 -1.489371 -0.430764 170 170 170 584 316
3.112728 -1.507564 -0.429530 171 171 171 588 316
3.103622 -1.525547 -0.428273 171 171 171 592 316
3.104704 -1.548480 -0.428423 171 171 171 596 316
5.504059 -2.784877 -0.759513 106 106 106 600 316
5.560448 -2.853528 -0.767294 105 105 105 604 316
5.564063 -2.895530 -0.767793 105 105 105 608 316
5.567683 -2.937586 -0.768292 105 105 105 612 316
5.571308 -2.979697 -0.768793 104 104 104 616 316
5.574938 -3.021862 -0.769294 104 104 104 620 316
5.578571 -3.064083 -0.769795 104 104 104 624 316
5.582210 -3.106358 -0.770297 104 104 104 628 316
5.585855 -3.148690 -0.770800 104 104 104 632 316
4.883334 -2.787920 -0.673858 123 123 123 636 316
5.001461 2.882426 -0.726244 120 120 120 0 320
5.004386 2.848004 -0.726669 120 120 120 4 320
5.007315 2.813541 -0.727094 120 120 120 8 320
5.010247 2.779039 -0.727520 120 120 120 12 320
5.013182 2.744495 -0.727946 119 119 119 16 320
5.016120 2.709911 -0.728373 119 119 119 20 320
5.019062 2.675287 -0.728800 119 119 119 24 320
5.022007 2.640622 -0.729228 119 119 119 28 320
5.024957 2.605917 -0.729656 119 119 119 32 320
5.027909 2.571170 -0.730085 119 119 119 36 320
5.030866 2.536383 -0.730514 119 119 119 40 320
5.033825 2.501555 -0.730944 119 119 119 44 320
5.036788 2.466686 -0.731374 119 119 119 48 320
5.039754 2.431775 -0.731805 119 119 119 52 320
5.042724 2.396824 -0.732236 119 119 119 56 320
5.045697 2.361831 -0.732668 119 119 119 60 320
5.048675 2.326798 -0.733100 119 119 119 64 320
5.051655 2.291723 -0.733533 118 118 118 68 320
5.054639 2.256606 -0.733966 118 118 118 72 320
3.773296 1.657334 -0.547907 153 153 153 76 320
3.772485 1.629759 -0.547789 153 153 153 80 320
3.774648 1.603459 -0.548103 153 153 153 84 320
3.776814 1.577128 -0.548418 153 153 153 88 320
3.778982 1.550767 -0.548733 153 153 153 92 320
3.781152 1.524376 -0.549048 153 153 153 96 320
3.783325 1.497954 -0.549363 153 153 153 100 320
3.785501 1.471503 -0.549679 153 153 153 104 320
3.787679 1.445020 -0.549996 152 152 152 108 320
3.789860 1.418507 -0.550312 152 152 152 112 320
3.792043 1.391964 -0.550629 152 152 152 116 320
3.794228 1.365390 -0.550947 152 152 152 120 320
3.796417 1.338786 -0.551264 152 152 152 124 320
3.798607 1.312150 -0.551582 152 152 152 128 320
3.800801 1.285484 -0.551901 152 152 152 132 320
3.802996 1.258787 -0.552220 152 152 152 136 320
3.805194 1.232059 -0.552539 152 152 152 140 320
3.807395 1.205301 -0.552858 152 152 152 144 320
3.809598 1.178511 -0.553178 152 152 152 148 320
3.811804 1.151690 -0.553499 152 152 152 152 320
3.814013 1.124839 -0.553819 152 152 152 156 320
3.816224 1.097956 -0.554140 152 152 152 160 320
3.818437 1.071042 -0.554462 152 152 152 164 320
3.820654 1.044097 -0.554784 152 152 152 168 320
3.822872 1.017120 -0.555106 152 152 152 172 320
3.825094 0.990112 -0.555428 151 151 151 176 320
3.827318 0.963073 -0.555751 151 151 151 180 320
3.829545 0.936002 -0.556075 151 151 151 184 320
3.831775 0.908900 -0.556399 151 151 151 188 320
3.834008 0.881766 -0.556723 151 151 151 192 320
3.836243 0.854601 -0.557047 151 151 151 196 320
3.838480 0.827404 -0.557372 151 151 151 200 320
3.840720 0.800175 -0.557698 151 151 151 204 320
3.842964 0.772915 -0.558023 151 151 151 208 320
3.845209 0.745622 -0.558349 151 151 151 212 320
3.847457 0.718298 -0.558676 151 151 151 216 320
3.849708 0.690942 -0.559003 151 151 151 220 320
3.851961 0.663553 -0.559330 151 151 151 224 320
3.854217 0.636133 -0.559658 151 151 151 228 320
3.856476 0.608680 -0.559986 151 151 151 232 320
3.858737 0.581195 -0.560314 151 151 151 236 320
3.861001 0.553679 -0.560643 151 151 151 240 320
3.863268 0.526129 -0.560972 150 150 150 244 320
3.865537 0.498547 -0.561302 150 150 150 248 320
3.867809 0.470933 -0.561632 150 150 150 252 320
3.870084 0.443287 -0.561962 150 150 150 256 320
3.872361 0.415608 -0.562293 150 150 150 260 320
3.874641 0.387896 -0.562624 150 150 150 264 320
3.876923 0.360152 -0.562955 150 150 150 268 320
3.879209 0.332374 -0.563287 150 150 150 272 320
3.881497 0.304565 -0.563619 150 150 150 276 320
3.883787 0.276722 -0.563952 150 150 150 280 320
3.886081 0.248846 -0.564285 150 150 150 284 320
3.888377 0.220938 -0.564618 150 150 150 288 320
3.890676 0.192996 -0.564952 150 150 150 292 320
3.892977 0.165022 -0.565286 150 150 150 296 320
3.895282 0.137014 -0.565621 150 150 150 300 320
3.897590 0.108973 -0.565956 150 150 150 304 320
3.904019 0.080985 -0.566889 149 149 149 308 320
3.902591 0.052797 -0.566682 149 149 149 312 320
3.904982 0.024654 -0.567029 149 149 149 316 320
3.907373 -0.003524 -0.567376 149 149 149 320 320
3.909767 -0.031736 -0.567724 149 149 149 324 320
3.912164 -0.059982 -0.568072 149 149 149 328 320
3.914563 -0.088264 -0.568421 149 149 149 332 320
3.916966 -0.116580 -0.568769 149 149 149 336 320
3.919372 -0.144930 -0.569119 149 149 149 340 320
3.921780 -0.173316 -0.569468 149 149 149 344 320
3.924192 -0.201736 -0.569819 149 149 149 348 320
3.926606 -0.230192 -0.570169 149 149 149 352 320
3.929024 -0.258682 -0.570520 149 149 149 356 320
3.931444 -0.287208 -0.570872 149 149 149 360 320
3.933867 -0.315769 -0.571224 149 149 149 364 320
3.936293 -0.344365 -0.571576 148 148 148 368 320
3.938723 -0.372996 -0.571929 148 148 148 372 320
3.941155 -0.401663 -0.572282 148 148 148 376 320
3.943591 -0.430365 -0.572636 148 148 148 380 320
3.946029 -0.459103 -0.572990 148 148 148 384 320
3.948471 -0.487876 -0.573344 148 148 148 388 320
3.950915 -0.516685 -0.573699 148 148 148 392 320
3.953362 -0.545529 -0.574054 148 148 148 396 320
3.955813 -0.574409 -0.574410 148 148 148 400 320
3.958266 -0.603325 -0.574767 148 148 148 404 320
3.960723 -0.632277 -0.575123 148 148 148 408 320
3.963182 -0.661265 -0.575480 148 148 148 412 320
3.965645 -0.690289 -0.575838 148 148 148 416 320
3.968111 -0.719349 -0.576196 148 148 148 420 320
3.970580 -0.748446 -0.576555 148 148 148 424 320
3.973052 -0.777578 -0.576913 148 148 148 428 320
3.975526 -0.806747 -0.577273 147 147 147 432 320
3.978005 -0.835952 -0.577633 147 147 147 436 320
3.980486 -0.865193 -0.577993 147 147 147 440 320
3.982970 -0.894471 -0.578354 147 147 147 444 320
3.985457 -0.923786 -0.578715 147 147 147 448 320
3.987948 -0.953137 -0.579076 147 147 147 452 320
3.990441 -0.982525 -0.579439 147 147 147 456 320
3.992938 -1.011950 -0.579801 147 147 147 460 320
3.995438 -1.041411 -0.580164 147 147 147 464 320
3.997940 -1.070910 -0.580527 147 147 147 468 320
4.000447 -1.100445 -0.580891 147 147 147 472 320
4.002956 -1.130018 -0.581256 147 147 147 476 320
4.005468 -1.159627 -0.581621 147 147 147 480 320
4.007984 -1.189274 -0.581986 147 147 147 484 320
4.010503 -1.218958 -0.582352 146 146 146 488 320
4.013025 -1.248680 -0.582718 146 146 146 492 320
4.015550 -1.278438 -0.583084 146 146 146 496 320
4.018077 -1.308235 -0.583452 146 146 146 500 320
4.020609 -1.338068 -0.583819 146 146 146 504 320
4.023144 -1.367940 -0.584187 146 146 146 508 320
4.025681 -1.397849 -0.584556 146 146 146 512 320
4.028222 -1.427796 -0.584925 146 146 146 516 320
4.030766 -1.457780 -0.585294 146 146 146 520 320
3.593291 -1.325488 -0.521770 158 158 158 524 320
3.567927 -1.341875 -0.518087 158 158 158 528 320
3.589013 -1.375701 -0.521149 158 158 158 532 320
3.429350 -1.339244 -0.497964 162 162 162 536 320
3.397947 -1.351498 -0.493404 163 163 163 540 320
3.364496 -1.362469 -0.488547 164 164 164 544 320
3.344539 -1.378518 -0.485649 164 164 164 548 320
3.325923 -1.394843 -0.482946 165 165 165 552 320
3.307802 -1.411110 -0.480315 165 165 165 556 320
3.286624 -1.425789 -0.477240 166 166 166 560 320
3.267207 -1.440939 -0.474420 167 167 167 564 320
3.251117 -1.457301 -0.472084 167 167 167 568 320
3.237806 -1.474695 -0.470151 167 167 167 572 320
3.178959 -1.470830 -0.461606 169 169 169 576 320
3.148596 -1.479499 -0.457197 170 170 170 580 320
3.129855 -1.493276 -0.454476 170 170 170 584 320
3.120404 -1.511281 -0.453103 170 170 170 588 320
3.110735 -1.529043 -0.451699 171 171 171 592 320
3.119994 -1.556106 -0.453044 170 170 170 596 320
5.457641 -2.761392 -0.792486 108 108 108 600 320
5.433478 -2.788370 -0.788977 108 108 108 604 320
5.489105 -2.856522 -0.797054 107 107 107 608 320
5.492628 -2.897985 -0.797566 107 107 107 612 320
5.496156 -2.939503 -0.798078 106 106 106 616 320
5.499689 -2.981074 -0.798591 106 106 106 620 320
5.503225 -3.022698 -0.799105 106 106 106 624 320
5.506766 -3.064375 -0.799619 106 106 106 628 320
5.510312 -3.106107 -0.800134 106 106 106 632 320
4.894516 -2.794304 -0.710716 123 123 123 636 320
4.940813 2.847473 -0.753087 121 121 121 0 324
4.943667 2.813448 -0.753522 121 121 121 4 324
4.946525 2.779384 -0.753958 121 121 121 8 324
4.949386 2.745281 -0.754394 121 121 121 12 324
4.952250 2.711138 -0.754830 121 121 121 16 324
4.955118 2.676955 -0.755268 121 121 121 20 324
4.957989 2.642734 -0.755705 121 121 121 24 324
4.960863 2.608472 -0.756143 121 121 121 28 324
4.963741 2.574170 -0.756582 121 121 121 32 324
4.966621 2.539829 -0.757021 121 121 121 36 324
4.969506 2.505448 -0.757461 121 121 121 40 324
4.972394 2.471027 -0.757901 121 121 121 44 324
4.975284 2.436565 -0.758341 121 121 121 48 324
4.978179 2.402064 -0.758783 120 120 120 52 324
4.981077 2.367523 -0.759224 120 120 120 56 324
4.983978 2.332942 -0.759666 120 120 120 60 324
4.986883 2.298320 -0.760109 120 120 120 64 324
4.989790 2.263657 -0.760552 120 120 120 68 324
4.992702 2.228954 -0.760996 120 120 120 72 324
3.781106 1.660765 -0.576323 153 153 153 76 324
3.775336 1.630991 -0.575443 153 153 153 80 324
3.776122 1.604084 -0.575563 153 153 153 84 324
3.776906 1.577167 -0.575683 153 153 153 88 324
3.777692 1.550238 -0.575802 153 153 153 92 324
3.778478 1.523298 -0.575922 153 153 153 96 324
3.779264 1.496346 -0.576042 153 153 153 100 324
3.780051 1.469384 -0.576162 153 153 153 104 324
3.780837 1.442410 -0.576282 153 153 153 108 324
3.781625 1.415425 -0.576402 153 153 153 112 324
3.782413 1.388429 -0.576522 153 153 153 116 324
3.783200 1.361421 -0.576642 153 153 153 120 324
3.783988 1.334403 -0.576762 153 153 153 124 324
3.784777 1.307373 -0.576882 153 153 153 128 324
3.785565 1.280331 -0.577002 153 153 153 132 324
3.786355 1.253279 -0.577123 153 153 153 136 324
3.787145 1.226215 -0.577243 153 153 153 140 324
3.787934 1.199140 -0.577363 152 152 152 144 324
3.788724 1.172054 -0.577484 152 152 152 148 324
3.789515 1.144956 -0.577604 152 152 152 152 324
3.790306 1.117847 -0.577725 152 152 152 156 324
3.791097 1.090727 -0.577846 152 152 152 160 324
3.791888 1.063595 -0.577966 152 152 152 164 324
3.792680 1.036452 -0.578087 152 152 152 168 324
3.793472 1.009298 -0.578208 152 152 152 172 324
3.794265 0.982132 -0.578328 152 152 152 176 324
3.795057 0.954955 -0.578449 152 152 152 180 324
3.795851 0.927767 -0.578570 152 152 152 184 324
3.796644 0.900567 -0.578691 152 152 152 188 324
3.797438 0.873356 -0.578812 152 152 152 192 324
3.798586 0.846212 -0.578987 152 152 152 196 324
3.799911 0.819090 -0.579189 152 152 152 200 324
3.801235 0.791949 -0.579391 152 152 152 204 324
3.802562 0.764789 -0.579594 152 152 152 208 324
3.803889 0.737610 -0.579796 152 152 152 212 324
3.805218 0.710412 -0.579998 152 152 152 216 324
3.806549 0.683196 -0.580201 152 152 152 220 324
3.807881 0.655960 -0.580404 152 152 152 224 324
3.809214 0.628705 -0.580608 152 152 152 228 324
3.810548 0.601431 -0.580811 152 152 152 232 324
3.811883 0.574138 -0.581014 152 152 152 236 324
3.813218 0.546826 -0.581218 152 152 152 240 324
3.814694 0.519514 -0.581443 152 152 152 244 324
3.816906 0.492275 -0.581780 152 152 152 248 324
3.819121 0.465005 -0.582118 152 152 152 252 324
3.821339 0.437703 -0.582456 152 152 152 256 324
3.823560 0.410370 -0.582794 152 152 152 260 324
3.825782 0.383005 -0.583133 151 151 151 264 324
3.828008 0.355607 -0.583472 151 151 151 268 324
3.830235 0.328178 -0.583812 151 151 151 272 324
3.832466 0.300717 -0.584152 151 151 151 276 324
3.834699 0.273224 -0.584492 151 151 151 280 324
3.836935 0.245699 -0.584833 151 151 151 284 324
3.839174 0.218142 -0.585174 151 151 151 288 324
3.841414 0.190553 -0.585516 151 151 151 292 324
3.843658 0.162931 -0.585858 151 151 151 296 324
3.845904 0.135277 -0.586200 151 151 151 300 324
3.848155 0.107591 -0.586543 151 151 151 304 324
3.857434 0.080018 -0.587957 151 151 151 308 324
3.853027 0.052126 -0.587286 151 151 151 312 324
3.855363 0.024341 -0.587642 151 151 151 316 324
3.857694 -0.003479 -0.587997 151 151 151 320 324
3.860027 -0.031332 -0.588353 151 151 151 324 324
3.862363 -0.059219 -0.588709 150 150 150 328 324
3.864702 -0.087139 -0.589065 150 150 150 332 324
3.867044 -0.115094 -0.589422 150 150 150 336 324
3.869389 -0.143082 -0.589779 150 150 150 340 324
3.871736 -0.171104 -0.590137 150 150 150 344 324
3.874087 -0.199161 -0.590496 150 150 150 348 324
3.876439 -0.227251 -0.590854 150 150 150 352 324
3.878796 -0.255376 -0.591213 150 150 150 356 324
3.881155 -0.283534 -0.591573 150 150 150 360 324
3.883517 -0.311727 -0.591933 150 150 150 364 324
3.885881 -0.339955 -0.592293 150 150 150 368 324
3.888249 -0.368216 -0.592654 150 150 150 372 324
3.890619 -0.396513 -0.593015 150 150 150 376 324
3.892992 -0.424843 -0.593377 150 150 150 380 324
3.895368 -0.453209 -0.593739 150 150 150 384 324
3.897747 -0.481608 -0.594102 150 150 150 388 324
3.900129 -0.510043 -0.594465 149 149 149 392 324
3.902514 -0.538513 -0.594829 149 149 149 396 324
3.904902 -0.567017 -0.595193 149 149 149 400 324
3.907293 -0.595556 -0.595557 149 149 149 404 324
3.909687 -0.624130 -0.595922 149 149 149 408 324
3.912083 -0.652739 -0.596287 149 149 149 412 324
3.914483 -0.681384 -0.596653 149 149 149 416 324
3.916885 -0.710063 -0.597019 149 149 149 420 324
3.919291 -0.738778 -0.597386 149 149 149 424 324
3.921699 -0.767528 -0.597753 149 149 149 428 324
3.924110 -0.796313 -0.598120 149 149 149 432 324
3.926525 -0.825134 -0.598488 149 149 149 436 324
3.928942 -0.853990 -0.598857 149 149 149 440 324
3.931362 -0.882882 -0.599226 149 149 149 444 324
3.933786 -0.911809 -0.599595 149 149 149 448 324
3.936212 -0.940772 -0.599965 148 148 148 452 324
3.938641 -0.969771 -0.600335 148 148 148 456 324
3.941073 -0.998805 -0.600706 148 148 148 460 324
3.943509 -1.027876 -0.601077 148 148 148 464 324
3.945947 -1.056983 -0.601449 148 148 148 468 324
3.948388 -1.086125 -0.601821 148 148 148 472 324
3.950833 -1.115304 -0.602193 148 148 148 476 324
3.953280 -1.144518 -0.602566 148 148 148 480 324
3.955730 -1.173769 -0.602940 148 148 148 484 324
3.958183 -1.203056 -0.603314 148 148 148 488 324
3.960640 -1.232380 -0.603688 148 148 148 492 324
3.963100 -1.261740 -0.604063 148 148 148 496 324
3.965562 -1.291136 -0.604438 148 148 148 500 324
3.968028 -1.320569 -0.604814 148 148 148 504 324
3.970496 -1.350039 -0.605191 148 148 148 508 324
3.972968 -1.379545 -0.605567 148 148 148 512 324
3.975443 -1.409088 -0.605945 147 147 147 516 324
3.977921 -1.438668 -0.606322 147 147 147 520 324
3.625294 -1.337293 -0.552574 157 157 157 524 324
3.610811 -1.358004 -0.550367 157 157 157 528 324
3.638781 -1.394778 -0.554630 157 157 157 532 324
3.428305 -1.338836 -0.522549 162 162 162 536 324
3.391344 -1.348871 -0.516915 163 163 163 540 324
3.363129 -1.361915 -0.512614 164 164 164 544 324
3.343811 -1.378218 -0.509670 164 164 164 548 324
3.322998 -1.393616 -0.506498 165 165 165 552 324
3.304218 -1.409581 -0.503635 166 166 166 556 324
3.286147 -1.425582 -0.500881 166 166 166 560 324
3.267530 -1.441082 -0.498043 167 167 167 564 324
3.254654 -1.458886 -0.496080 167 167 167 568 324
3.242362 -1.476771 -0.494207 167 167 167 572 324
3.179857 -1.471246 -0.484680 169 169 169 576 324
3.148150 -1.479290 -0.479847 170 170 170 580 324
3.137367 -1.496860 -0.478203 170 170 170 584 324
3.127593 -1.514763 -0.476714 170 170 170 588 324
3.123306 -1.535222 -0.476060 170 170 170 592 324
3.137352 -1.564763 -0.478201 170 170 170 596 324
5.409293 -2.736929 -0.824495 109 109 109 600 324
5.384830 -2.763404 -0.820766 109 109 109 604 324
5.364688 -2.791775 -0.817696 110 110 110 608 324
5.419569 -2.859439 -0.826061 109 109 109 612 324
5.423004 -2.900379 -0.826584 108 108 108 616 324
5.426444 -2.941372 -0.827109 108 108 108 620 324
5.429886 -2.982416 -0.827633 108 108 108 624 324
5.433333 -3.023512 -0.828159 108 108 108 628 324
5.436786 -3.064661 -0.828685 108 108 108 632 324
4.910479 -2.803417 -0.748464 122 122 122 636 324
4.881617 2.813357 -0.779286 123 123 123 0 328
4.884404 2.779721 -0.779731 123 123 123 4 328
4.887193 2.746047 -0.780177 123 123 123 8 328
4.889986 2.712333 -0.780622 123 123 123 12 328
4.892782 2.678582 -0.781069 123 123 123 16 328
4.895581 2.644792 -0.781516 123 123 123 20 328
4.898384 2.610962 -0.781963 123 123 123 24 328
4.901189 2.577095 -0.782411 123 123 123 28 328
4.903998 2.543188 -0.782859 122 122 122 32 328
4.906809 2.509242 -0.783308 122 122 122 36 328
4.909625 2.475258 -0.783757 122 122 122 40 328
4.912444 2.441235 -0.784207 122 122 122 44 328
4.915266 2.407172 -0.784658 122 122 122 48 328
4.918090 2.373070 -0.785109 122 122 122 52 328
4.920918 2.338930 -0.785560 122 122 122 56 328
4.923750 2.304749 -0.786012 122 122 122 60 328
4.926585 2.270530 -0.786465 122 122 122 64 328
4.929422 2.236271 -0.786918 122 122 122 68 328
4.932264 2.201972 -0.787371 122 122 122 72 328
4.935108 2.167634 -0.787826 122 122 122 76 328
4.937957 2.133257 -0.788280 122 122 122 80 328
4.940807 2.098840 -0.788735 121 121 121 84 328
4.943662 2.064382 -0.789191 121 121 121 88 328
3.887007 1.595097 -0.620510 150 150 150 92 328
3.894268 1.569978 -0.621669 150 150 150 96 328
4.952245 1.960771 -0.790561 121 121 121 100 328
3.798291 1.476474 -0.606348 152 152 152 104 328
3.796811 1.448504 -0.606111 152 152 152 108 328
3.795335 1.420557 -0.605876 152 152 152 112 328
3.794455 1.392849 -0.605735 152 152 152 116 328
3.795248 1.365757 -0.605862 152 152 152 120 328
3.796041 1.338653 -0.605988 152 152 152 124 328
3.796834 1.311538 -0.606115 152 152 152 128 328
3.797628 1.284411 -0.606242 152 152 152 132 328
3.798423 1.257273 -0.606369 152 152 152 136 328
3.799217 1.230124 -0.606495 152 152 152 140 328
3.800012 1.202964 -0.606622 152 152 152 144 328
3.800807 1.175792 -0.606749 152 152 152 148 328
3.801603 1.148608 -0.606876 152 152 152 152 328
3.802399 1.121414 -0.607003 152 152 152 156 328
3.803195 1.094208 -0.607130 152 152 152 160 328
3.803992 1.066990 -0.607258 152 152 152 164 328
3.804788 1.039761 -0.607385 152 152 152 168 328
3.805586 1.012521 -0.607512 152 152 152 172 328
3.806383 0.985269 -0.607639 152 152 152 176 328
3.807181 0.958006 -0.607767 152 152 152 180 328
3.807980 0.930731 -0.607894 152 152 152 184 328
3.808778 0.903445 -0.608022 152 152 152 188 328
3.809577 0.876148 -0.608149 152 152 152 192 328
3.810376 0.848839 -0.608277 152 152 152 196 328
3.811176 0.821518 -0.608404 152 152 152 200 328
3.811976 0.794187 -0.608533 152 152 152 204 328
3.812776 0.766843 -0.608660 152 152 152 208 328
3.813576 0.739488 -0.608788 152 152 152 212 328
3.814377 0.712122 -0.608916 152 152 152 216 328
3.815179 0.684744 -0.609044 152 152 152 220 328
3.815980 0.657355 -0.609172 152 152 152 224 328
3.816782 0.629954 -0.609300 152 152 152 228 328
3.817584 0.602542 -0.609428 152 152 152 232 328
3.818387 0.575118 -0.609556 152 152 152 236 328
3.819190 0.547683 -0.609684 152 152 152 240 328
3.819993 0.520236 -0.609813 152 152 152 244 328
3.820796 0.492777 -0.609941 152 152 152 248 328
3.821601 0.465307 -0.610069 152 152 152 252 328
3.822405 0.437826 -0.610198 152 152 152 256 328
3.823209 0.410332 -0.610326 152 152 152 260 328
3.824014 0.382828 -0.610455 152 152 152 264 328
3.824820 0.355311 -0.610583 151 151 151 268 328
3.825625 0.327783 -0.610712 151 151 151 272 328
3.826431 0.300244 -0.610840 151 151 151 276 328
3.827238 0.272693 -0.610969 151 151 151 280 328
3.828044 0.245130 -0.611098 151 151 151 284 328
3.828851 0.217556 -0.611227 151 151 151 288 328
3.829658 0.189970 -0.611356 151 151 151 292 328
3.830467 0.162372 -0.611485 151 151 151 296 328
3.831274 0.134763 -0.611614 151 151 151 300 328
3.835983 0.107251 -0.612365 151 151 151 304 328
3.856165 0.079992 -0.615587 151 151 151 308 328
3.835551 0.051890 -0.612296 151 151 151 312 328
3.834892 0.024211 -0.612191 151 151 151 316 328
3.835678 -0.003459 -0.612317 151 151 151 320 328
3.836464 -0.031141 -0.612442 151 151 151 324 328
3.837251 -0.058834 -0.612568 151 151 151 328 328
3.838038 -0.086538 -0.612693 151 151 151 332 328
3.838826 -0.114254 -0.612819 151 151 151 336 328
3.839613 -0.141981 -0.612945 151 151 151 340 328
3.840401 -0.169720 -0.613071 151 151 151 344 328
3.841190 -0.197469 -0.613196 151 151 151 348 328
3.841979 -0.225231 -0.613322 151 151 151 352 328
3.842768 -0.253004 -0.613448 151 151 151 356 328
3.843558 -0.280788 -0.613574 151 151 151 360 328
3.844735 -0.308614 -0.613762 151 151 151 364 328
3.846103 -0.336475 -0.613981 151 151 151 368 328
3.847473 -0.364355 -0.614199 151 151 151 372 328
3.848843 -0.392255 -0.614418 151 151 151 376 328
3.850214 -0.420175 -0.614637 151 151 151 380 328
3.851587 -0.448115 -0.614856 151 151 151 384 328
3.852960 -0.476075 -0.615075 151 151 151 388 328
3.854335 -0.504054 -0.615295 151 151 151 392 328
3.855713 -0.532054 -0.615515 151 151 151 396 328
3.857092 -0.560075 -0.615735 151 151 151 400 328
3.858472 -0.588115 -0.615955 151 151 151 404 328
3.859946 -0.616190 -0.616191 151 151 151 408 328
3.862282 -0.644430 -0.616564 150 150 150 412 328
3.864621 -0.672704 -0.616937 150 150 150 416 328
3.866963 -0.701013 -0.617311 150 150 150 420 328
3.869308 -0.729356 -0.617685 150 150 150 424 328
3.871655 -0.757733 -0.618060 150 150 150 428 328
3.874005 -0.786145 -0.618435 150 150 150 432 328
3.876359 -0.814592 -0.618811 150 150 150 436 328
3.878715 -0.843072 -0.619187 150 150 150 440 328
3.881073 -0.871588 -0.619563 150 150 150 444 328
3.883435 -0.900138 -0.619940 150 150 150 448 328
3.885800 -0.928723 -0.620318 150 150 150 452 328
3.888167 -0.957343 -0.620696 150 150 150 456 328
3.890538 -0.985998 -0.621074 150 150 150 460 328
3.892911 -1.014688 -0.621453 150 150 150 464 328
3.895287 -1.043413 -0.621832 150 150 150 468 328
3.897667 -1.072172 -0.622212 150 150 150 472 328
3.900049 -1.100967 -0.622593 149 149 149 476 328
3.902433 -1.129797 -0.622973 149 149 149 480 328
3.904821 -1.158663 -0.623354 149 149 149 484 328
3.907212 -1.187564 -0.623736 149 149 149 488 328
3.909606 -1.216500 -0.624118 149 149 149 492 328
3.912002 -1.245472 -0.624501 149 149 149 496 328
3.914402 -1.274479 -0.624884 149 149 149 500 328
3.916804 -1.303522 -0.625267 149 149 149 504 328
3.919210 -1.332601 -0.625651 149 149 149 508 328
3.921618 -1.361715 -0.626036 149 149 149 512 328
3.924030 -1.390865 -0.626421 149 149 149 516 328
3.926444 -1.420051 -0.626806 149 149 149 520 328
3.674541 -1.355459 -0.586593 156 156 156 524 328
3.665421 -1.378542 -0.585137 156 156 156 528 328
3.659415 -1.402687 -0.584178 156 156 156 532 328
3.419094 -1.335239 -0.545814 162 162 162 536 328
3.382960 -1.345537 -0.540046 163 163 163 540 328
3.362675 -1.361731 -0.536808 164 164 164 544 328
3.342836 -1.377817 -0.533641 164 164 164 548 328
3.321394 -1.392944 -0.530218 165 165 165 552 328
3.304334 -1.409630 -0.527494 166 166 166 556 328
3.285876 -1.425464 -0.524548 166 166 166 560 328
3.267642 -1.441131 -0.521637 167 167 167 564 328
3.256963 -1.459921 -0.519932 167 167 167 568 328
3.245749 -1.478313 -0.518142 167 167 167 572 328
3.180757 -1.471662 -0.507767 169 169 169 576 328
3.154653 -1.482346 -0.503600 170 170 170 580 328
3.144716 -1.500366 -0.502013 170 170 170 584 328
3.134839 -1.518273 -0.500437 170 170 170 588 328
3.140708 -1.543776 -0.501374 170 170 170 592 328
5.300146 -2.643462 -0.846100 112 112 112 596 328
5.301262 -2.682269 -0.846278 112 112 112 600 328
5.302379 -2.721092 -0.846456 112 112 112 604 328
5.303497 -2.759932 -0.846635 112 112 112 608 328
5.297634 -2.795104 -0.845699 112 112 112 612 328
5.305718 -2.837651 -0.846989 112 112 112 616 328
5.306836 -2.876539 -0.847168 112 112 112 620 328
5.307955 -2.915444 -0.847347 112 112 112 624 328
5.310894 -2.955378 -0.847816 111 111 111 628 328
4.935838 -2.782282 -0.787943 122 122 122 632 328
4.926547 -2.812590 -0.786460 122 122 122 636 328
4.823823 2.780050 -0.804865 125 125 125 0 332
4.826544 2.746793 -0.805319 125 125 125 4 332
4.829268 2.713499 -0.805774 124 124 124 8 332
4.831995 2.680167 -0.806229 124 124 124 12 332
4.834725 2.646798 -0.806684 124 124 124 16 332
4.837459 2.613391 -0.807140 124 124 124 20 332
4.840194 2.579946 -0.807597 124 124 124 24 332
4.842933 2.546463 -0.808054 124 124 124 28 332
4.845676 2.512943 -0.808511 124 124 124 32 332
4.848422 2.479384 -0.808970 124 124 124 36 332
4.851170 2.445787 -0.809428 124 124 124 40 332
4.853922 2.412153 -0.809887 124 124 124 44 332
4.856678 2.378479 -0.810347 124 124 124 48 332
4.859435 2.344768 -0.810807 124 124 124 52 332
4.862196 2.311018 -0.811268 124 124 124 56 332
4.864960 2.277231 -0.811729 123 123 123 60 332
4.867728 2.243404 -0.812191 123 123 123 64 332
4.870498 2.209539 -0.812653 123 123 123 68 332
4.873272 2.175636 -0.813116 123 123 123 72 332
4.876049 2.141694 -0.813579 123 123 123 76 332
4.878829 2.107713 -0.814043 123 123 123 80 332
4.881612 2.073693 -0.814508 123 123 123 84 332
4.884398 2.039635 -0.814972 123 123 123 88 332
3.906742 1.603196 -0.651848 149 149 149 92 332
3.903744 1.573799 -0.651348 149 149 149 96 332
4.892777 1.937226 -0.816370 123 123 123 100 332
4.895576 1.903012 -0.816837 123 123 123 104 332
4.898379 1.868758 -0.817305 123 123 123 108 332
4.901184 1.834465 -0.817773 123 123 123 112 332
4.903993 1.800133 -0.818242 122 122 122 116 332
4.906805 1.765761 -0.818711 122 122 122 120 332
4.909620 1.731351 -0.819181 122 122 122 124 332
4.912438 1.696900 -0.819651 122 122 122 128 332
4.865203 1.645480 -0.811770 123 123 123 132 332
4.868929 1.611610 -0.812391 123 123 123 136 332
4.920914 1.593311 -0.821065 122 122 122 140 332
4.923745 1.558702 -0.821537 122 122 122 144 332
4.926579 1.524053 -0.822010 122 122 122 148 332
4.929417 1.489364 -0.822484 122 122 122 152 332
4.932259 1.454635 -0.822958 122 122 122 156 332
4.935103 1.419866 -0.823433 122 122 122 160 332
4.937952 1.385057 -0.823908 122 122 122 164 332
4.940803 1.350208 -0.824384 121 121 121 168 332
4.943656 1.315318 -0.824860 121 121 121 172 332
4.946515 1.280388 -0.825337 121 121 121 176 332
4.949375 1.245417 -0.825814 121 121 121 180 332
4.952240 1.210407 -0.826292 121 121 121 184 332
4.955107 1.175355 -0.826770 121 121 121 188 332
4.957979 1.140264 -0.827250 121 121 121 192 332
4.960853 1.105131 -0.827729 121 121 121 196 332
4.963731 1.069958 -0.828210 121 121 121 200 332
4.966611 1.034743 -0.828691 121 121 121 204 332
4.969495 0.999488 -0.829172 121 121 121 208 332
4.972383 0.964192 -0.829654 121 121 121 212 332
4.975275 0.928855 -0.830136 121 121 121 216 332
4.978169 0.893477 -0.830619 120 120 120 220 332
4.981067 0.858057 -0.831103 120 120 120 224 332
4.983968 0.822597 -0.831587 120 120 120 228 332
4.986872 0.787094 -0.832071 120 120 120 232 332
4.989780 0.751551 -0.832556 120 120 120 236 332
4.992691 0.715966 -0.833042 120 120 120 240 332
4.995606 0.680340 -0.833529 120 120 120 244 332
4.998524 0.644672 -0.834015 120 120 120 248 332
5.001446 0.608962 -0.834503 120 120 120 252 332
5.004371 0.573210 -0.834991 120 120 120 256 332
5.007299 0.537417 -0.835480 120 120 120 260 332
5.010231 0.501581 -0.835969 120 120 120 264 332
5.013166 0.465704 -0.836458 119 119 119 268 332
5.016104 0.429785 -0.836949 119 119 119 272 332
5.019046 0.393823 -0.837440 119 119 119 276 332
3.844902 0.273951 -0.641531 151 151 151 280 332
3.843370 0.246111 -0.641275 151 151 151 284 332
3.841840 0.218294 -0.641020 151 151 151 288 332
3.842004 0.190582 -0.641047 151 151 151 292 332
3.842817 0.162895 -0.641183 151 151 151 296 332
3.843630 0.135197 -0.641319 151 151 151 300 332
3.848682 0.107606 -0.642162 151 151 151 304 332
5.042708 0.104605 -0.841388 119 119 119 308 332
3.847539 0.052052 -0.641971 151 151 151 312 332
3.847265 0.024289 -0.641925 151 151 151 316 332
3.848057 -0.003470 -0.642057 151 151 151 320 332
3.848848 -0.031241 -0.642189 151 151 151 324 332
3.849640 -0.059024 -0.642321 151 151 151 328 332
3.850432 -0.086818 -0.642454 151 151 151 332 332
3.851224 -0.114623 -0.642586 151 151 151 336 332
3.852017 -0.142440 -0.642718 151 151 151 340 332
3.852811 -0.170268 -0.642850 151 151 151 344 332
3.853604 -0.198108 -0.642983 151 151 151 348 332
3.854398 -0.225959 -0.643115 151 151 151 352 332
3.855192 -0.253822 -0.643248 151 151 151 356 332
3.855987 -0.281696 -0.643380 151 151 151 360 332
3.856782 -0.309581 -0.643513 151 151 151 364 332
3.857577 -0.337478 -0.643646 151 151 151 368 332
3.858373 -0.365387 -0.643779 151 151 151 372 332
3.859168 -0.393307 -0.643911 151 151 151 376 332
3.859965 -0.421239 -0.644044 151 151 151 380 332
3.860761 -0.449182 -0.644177 151 151 151 384 332
3.861558 -0.477137 -0.644310 151 151 151 388 332
3.862355 -0.505103 -0.644443 150 150 150 392 332
3.863152 -0.533081 -0.644576 150 150 150 396 332
3.863950 -0.561070 -0.644709 150 150 150 400 332
3.864748 -0.589071 -0.644842 150 150 150 404 332
3.865547 -0.617084 -0.644976 150 150 150 408 332
3.866346 -0.645108 -0.645109 150 150 150 412 332
3.867145 -0.673144 -0.645242 150 150 150 416 332
3.867944 -0.701191 -0.645376 150 150 150 420 332
3.868744 -0.729250 -0.645509 150 150 150 424 332
3.869544 -0.757320 -0.645642 150 150 150 428 332
3.870344 -0.785402 -0.645776 150 150 150 432 332
3.871145 -0.813496 -0.645910 150 150 150 436 332
3.871947 -0.841601 -0.646043 150 150 150 440 332
3.872748 -0.869718 -0.646177 150 150 150 444 332
3.873550 -0.897847 -0.646311 150 150 150 448 332
3.874352 -0.925987 -0.646445 150 150 150 452 332
3.875154 -0.954139 -0.646579 150 150 150 456 332
3.875957 -0.982303 -0.646712 150 150 150 460 332
3.876760 -1.010478 -0.646846 150 150 150 464 332
3.877563 -1.038665 -0.646981 150 150 150 468 332
3.878367 -1.066864 -0.647115 150 150 150 472 332
3.879171 -1.095074 -0.647249 150 150 150 476 332
3.879976 -1.123296 -0.647383 150 150 150 480 332
3.880780 -1.151530 -0.647517 150 150 150 484 332
3.881586 -1.179775 -0.647652 150 150 150 488 332
3.882391 -1.208032 -0.647786 150 150 150 492 332
3.883197 -1.236301 -0.647921 150 150 150 496 332
3.884003 -1.264582 -0.648055 150 150 150 500 332
3.884810 -1.292874 -0.648190 150 150 150 504 332
3.885617 -1.321178 -0.648324 150 150 150 508 332
3.886424 -1.349494 -0.648459 150 150 150 512 332
3.887231 -1.377822 -0.648594 150 150 150 516 332
3.723290 -1.346578 -0.621240 154 154 154 520 332
3.709698 -1.368428 -0.618972 155 155 155 524 332
3.717276 -1.398044 -0.620236 154 154 154 528 332
3.463151 -1.327457 -0.577835 161 161 161 532 332
3.410671 -1.331950 -0.569078 163 163 163 536 332
3.376741 -1.343063 -0.563417 164 164 164 540 332
3.358665 -1.360108 -0.560401 164 164 164 544 332
3.340172 -1.376718 -0.557315 165 165 165 548 332
3.321099 -1.392820 -0.554133 165 165 165 552 332
3.304449 -1.409679 -0.551355 166 166 166 556 332
3.285762 -1.425415 -0.548237 166 166 166 560 332
3.268953 -1.441709 -0.545432 166 166 166 564 332
3.259938 -1.461255 -0.543928 167 167 167 568 332
3.209302 -1.461713 -0.535480 168 168 168 572 332
3.181656 -1.472078 -0.530867 169 169 169 576 332
3.162136 -1.485862 -0.527610 169 169 169 580 332
3.152151 -1.503913 -0.525944 170 170 170 584 332
3.148724 -1.524997 -0.525372 170 170 170 588 332
3.158029 -1.552290 -0.526925 169 169 169 592 332
5.266138 -2.626501 -0.878667 113 113 113 596 332
5.269381 -2.666138 -0.879209 113 113 113 600 332
5.272628 -2.705824 -0.879750 113 113 113 604 332
5.275878 -2.745559 -0.880293 112 112 112 608 332
5.244900 -2.767281 -0.875124 113 113 113 612 332
5.232223 -2.798344 -0.873009 114 114 114 616 332
5.285655 -2.865058 -0.881924 112 112 112 620 332
5.288921 -2.904989 -0.882469 112 112 112 624 332
5.292192 -2.944970 -0.883015 112 112 112 628 332
4.941679 -2.785574 -0.824531 121 121 121 632 332
5.298746 -3.025081 -0.884108 112 112 112 636 332
4.767382 2.747522 -0.829846 126 126 126 0 336
4.770040 2.714637 -0.830308 126 126 126 4 336
4.772700 2.681714 -0.830771 126 126 126 8 336
4.775363 2.648756 -0.831235 126 126 126 12 336
4.778029 2.615760 -0.831699 126 126 126 16 336
4.780699 2.582728 -0.832164 126 126 126 20 336
4.783371 2.549658 -0.832629 126 126 126 24 336
4.786047 2.516551 -0.833095 126 126 126 28 336
4.788725 2.483408 -0.833561 126 126 126 32 336
4.791407 2.450227 -0.834028 125 125 125 36 336
4.794091 2.417010 -0.834495 125 125 125 40 336
4.796778 2.383755 -0.834963 125 125 125 44 336
4.799469 2.350463 -0.835431 125 125 125 48 336
4.802162 2.317133 -0.835900 125 125 125 52 336
4.804858 2.283766 -0.836369 125 125 125 56 336
4.807558 2.250361 -0.836839 125 125 125 60 336
4.810260 2.216919 -0.837309 125 125 125 64 336
4.812966 2.183439 -0.837780 125 125 125 68 336
4.815675 2.149922 -0.838252 125 125 125 72 336
4.818386 2.116367 -0.838724 125 125 125 76 336
4.821101 2.082774 -0.839196 125 125 125 80 336
4.823818 2.049143 -0.839670 125 125 125 84 336
4.826540 2.015474 -0.840143 125 125 125 88 336
4.829263 1.981767 -0.840617 124 124 124 92 336
3.913266 1.577637 -0.681172 149 149 149 96 336
4.834721 1.914239 -0.841567 124 124 124 100 336
4.837453 1.880418 -0.842043 124 124 124 104 336
4.840189 1.846559 -0.842519 124 124 124 108 336
4.842928 1.812661 -0.842996 124 124 124 112 336
4.845671 1.778724 -0.843473 124 124 124 116 336
4.848417 1.744750 -0.843951 124 124 124 120 336
4.851165 1.710737 -0.844430 124 124 124 124 336
4.853918 1.676685 -0.844909 124 124 124 128 336
4.856672 1.642595 -0.845388 124 124 124 132 336
4.859430 1.608466 -0.845868 124 124 124 136 336
4.862191 1.574298 -0.846349 124 124 124 140 336
4.864955 1.540091 -0.846830 123 123 123 144 336
4.867723 1.505845 -0.847312 123 123 123 148 336
4.870493 1.471561 -0.847794 123 123 123 152 336
4.873267 1.437237 -0.848277 123 123 123 156 336
4.876044 1.402874 -0.848760 123 123 123 160 336
4.878824 1.368472 -0.849244 123 123 123 164 336
4.881607 1.334031 -0.849729 123 123 123 168 336
4.884393 1.299550 -0.850214 123 123 123 172 336
4.887183 1.265030 -0.850699 123 123 123 176 336
4.889976 1.230471 -0.851185 123 123 123 180 336
4.892772 1.195872 -0.851672 123 123 123 184 336
4.895571 1.161233 -0.852159 123 123 123 188 336
4.898374 1.126555 -0.852648 123 123 123 192 336
4.901179 1.091838 -0.853136 123 123 123 196 336
4.903988 1.057080 -0.853625 122 122 122 200 336
4.906800 1.022282 -0.854115 122 122 122 204 336
4.909615 0.987445 -0.854605 122 122 122 208 336
4.912433 0.952567 -0.855095 122 122 122 212 336
4.915255 0.917650 -0.855587 122 122 122 216 336
4.918080 0.882692 -0.856078 122 122 122 220 336
4.920908 0.847694 -0.856571 122 122 122 224 336
4.923740 0.812656 -0.857063 122 122 122 228 336
4.926574 0.777577 -0.857557 122 122 122 232 336
4.929412 0.742459 -0.858051 122 122 122 236 336
4.932253 0.707299 -0.858545 122 122 122 240 336
4.935099 0.672099 -0.859041 122 122 122 244 336
4.937946 0.636859 -0.859536 122 122 122 248 336
4.940798 0.601577 -0.860033 121 121 121 252 336
4.943652 0.566255 -0.860529 121 121 121 256 336
4.946509 0.530892 -0.861027 121 121 121 260 336
4.949370 0.495489 -0.861525 121 121 121 264 336
4.952235 0.460044 -0.862023 121 121 121 268 336
4.955103 0.424558 -0.862523 121 121 121 272 336
4.957973 0.389031 -0.863022 121 121 121 276 336
4.960848 0.353463 -0.863523 121 121 121 280 336
4.963725 0.317854 -0.864024 121 121 121 284 336
4.966607 0.282203 -0.864525 121 121 121 288 336
3.952491 0.196063 -0.688001 148 148 148 292 336
4.940145 0.209411 -0.859919 121 121 121 296 336
4.975269 0.175002 -0.866033 121 121 121 300 336
4.978164 0.139185 -0.866537 120 120 120 304 336
4.981061 0.103327 -0.867041 120 120 120 308 336
4.983963 0.067426 -0.867546 120 120 120 312 336
4.922391 0.031077 -0.856829 122 122 122 316 336
3.957769 -0.003569 -0.688919 148 148 148 320 336
4.992686 -0.040526 -0.869065 120 120 120 324 336
4.995601 -0.076594 -0.869572 120 120 120 328 336
4.998518 -0.112704 -0.870080 120 120 120 332 336
5.001440 -0.148856 -0.870588 120 120 120 336 336
5.004364 -0.185051 -0.871098 120 120 120 340 336
5.007293 -0.221288 -0.871607 120 120 120 344 336
5.010224 -0.257568 -0.872118 120 120 120 348 336
5.013159 -0.293890 -0.872628 119 119 119 352 336
5.016098 -0.330254 -0.873140 119 119 119 356 336
5.019040 -0.366661 -0.873652 119 119 119 360 336
5.021986 -0.403111 -0.874165 119 119 119 364 336
5.024934 -0.439604 -0.874678 119 119 119 368 336
5.027887 -0.476140 -0.875192 119 119 119 372 336
5.030843 -0.512718 -0.875707 119 119 119 376 336
5.033802 -0.549340 -0.876222 119 119 119 380 336
5.036764 -0.586005 -0.876737 119 119 119 384 336
5.039731 -0.622713 -0.877254 119 119 119 388 336
5.042701 -0.659464 -0.877771 119 119 119 392 336
5.045674 -0.696258 -0.878288 119 119 119 396 336
5.048650 -0.733096 -0.878806 119 119 119 400 336
5.051631 -0.769978 -0.879325 118 118 118 404 336
5.054615 -0.806903 -0.879845 118 118 118 408 336
5.057603 -0.843872 -0.880365 118 118 118 412 336
5.060593 -0.880884 -0.880885 118 118 118 416 336
5.063588 -0.917940 -0.881406 118 118 118 420 336
5.066586 -0.955040 -0.881928 118 118 118 424 336
5.069588 -0.992184 -0.882451 118 118 118 428 336
5.072592 -1.029372 -0.882974 118 118 118 432 336
5.075601 -1.066604 -0.883497 118 118 118 436 336
5.078613 -1.103881 -0.884022 118 118 118 440 336
3.891643 -0.873962 -0.677409 150 150 150 444 336
3.889884 -0.901633 -0.677103 150 150 150 448 336
3.888135 -0.929281 -0.676798 150 150 150 452 336
3.887789 -0.957250 -0.676738 150 150 150 456 336
3.888597 -0.985506 -0.676879 150 150 150 460 336
3.889405 -1.013774 -0.677019 150 150 150 464 336
3.890214 -1.042054 -0.677160 150 150 150 468 336
3.891023 -1.070345 -0.677301 150 150 150 472 336
3.891832 -1.098648 -0.677442 150 150 150 476 336
3.892642 -1.126963 -0.677583 150 150 150 480 336
3.893452 -1.155290 -0.677724 150 150 150 484 336
3.894262 -1.183628 -0.677865 150 150 150 488 336
3.895073 -1.211978 -0.678006 150 150 150 492 336
3.895884 -1.240340 -0.678147 150 150 150 496 336
3.896695 -1.268714 -0.678288 150 150 150 500 336
3.897507 -1.297100 -0.678430 150 150 150 504 336
3.898319 -1.325497 -0.678571 150 150 150 508 336
3.899132 -1.353907 -0.678712 149 149 149 512 336
3.899944 -1.382328 -0.678854 149 149 149 516 336
3.749023 -1.355884 -0.652583 154 154 154 520 336
3.757692 -1.386132 -0.654092 153 153 153 524 336
3.761127 -1.414536 -0.654690 153 153 153 528 336
3.456601 -1.324947 -0.601682 161 161 161 532 336
3.402289 -1.328676 -0.592228 163 163 163 536 336
3.374128 -1.342024 -0.587326 164 164 164 540 336
3.356616 -1.359277 -0.584278 164 164 164 544 336
3.342716 -1.377767 -0.581858 164 164 164 548 336
3.319968 -1.392346 -0.577899 165 165 165 552 336
3.301728 -1.408518 -0.574724 166 166 166 556 336
3.284883 -1.425034 -0.571792 166 166 166 560 336
3.270265 -1.442288 -0.569247 166 166 166 564 336
3.262012 -1.462184 -0.567810 167 167 167 568 336
3.210569 -1.462290 -0.558856 168 168 168 572 336
3.182556 -1.472494 -0.553980 169 169 169 576 336
3.169495 -1.489320 -0.551706 169 169 169 580 336
3.159000 -1.507181 -0.549879 169 169 169 584 336
3.165977 -1.533353 -0.551094 169 169 169 588 336
5.195787 -2.553924 -0.904418 115 115 115 592 336
5.198944 -2.592988 -0.904967 114 114 114 596 336
5.202105 -2.632098 -0.905518 114 114 114 600 336
5.205269 -2.671257 -0.906069 114 114 114 604 336
5.208437 -2.710462 -0.906620 114 114 114 608 336
5.211608 -2.749716 -0.907172 114 114 114 612 336
5.177632 -2.769148 -0.901258 115 115 115 616 336
5.168408 -2.801506 -0.899652 115 115 115 620 336
5.221148 -2.867764 -0.908832 114 114 114 624 336
5.224335 -2.907210 -0.909387 114 114 114 628 336
4.957951 -2.794747 -0.863019 121 121 121 632 336
5.230722 -2.986246 -0.910499 114 114 114 636 336
4.712246 2.715746 -0.854248 128 128 128 0 340
4.714843 2.683224 -0.854719 128 128 128 4 340
4.717442 2.650666 -0.855190 127 127 127 8 340
4.720044 2.618071 -0.855662 127 127 127 12 340
4.722649 2.585441 -0.856134 127 127 127 16 340
4.725256 2.552775 -0.856607 127 127 127 20 340
4.727868 2.520073 -0.857080 127 127 127 24 340
4.730481 2.487335 -0.857554 127 127 127 28 340
4.733098 2.454560 -0.858028 127 127 127 32 340
4.735717 2.421749 -0.858503 127 127 127 36 340
4.738339 2.388902 -0.858979 127 127 127 40 340
4.740964 2.356018 -0.859454 127 127 127 44 340
4.743592 2.323098 -0.859931 127 127 127 48 340
4.746223 2.290141 -0.860408 127 127 127 52 340
4.748857 2.257148 -0.860885 127 127 127 56 340
4.751494 2.224118 -0.861363 127 127 127 60 340
4.754134 2.191052 -0.861842 126 126 126 64 340
4.756777 2.157949 -0.862321 126 126 126 68 340
4.759423 2.124809 -0.862801 126 126 126 72 340
4.762071 2.091631 -0.863281 126 126 126 76 340
4.764722 2.058418 -0.863761 126 126 126 80 340
4.767377 2.025167 -0.864243 126 126 126 84 340
4.770035 1.991879 -0.864724 126 126 126 88 340
4.772696 1.958554 -0.865207 126 126 126 92 340
3.924422 1.582135 -0.711430 149 149 149 96 340
4.778025 1.891792 -0.866173 126 126 126 100 340
4.780694 1.858355 -0.866657 126 126 126 104 340
4.783366 1.824880 -0.867141 126 126 126 108 340
4.786042 1.791368 -0.867626 126 126 126 112 340
4.788721 1.757819 -0.868112 126 126 126 116 340
4.791402 1.724233 -0.868598 125 125 125 120 340
4.794086 1.690608 -0.869085 125 125 125 124 340
4.796773 1.656946 -0.869572 125 125 125 128 340
4.799464 1.623246 -0.870059 125 125 125 132 340
4.802157 1.589508 -0.870548 125 125 125 136 340
4.804853 1.555733 -0.871036 125 125 125 140 340
4.807553 1.521919 -0.871526 125 125 125 144 340
4.810256 1.488068 -0.872016 125 125 125 148 340
4.812961 1.454178 -0.872506 125 125 125 152 340
4.815670 1.420250 -0.872997 125 125 125 156 340
4.818381 1.386284 -0.873489 125 125 125 160 340
4.821095 1.352280 -0.873981 125 125 125 164 340
4.823813 1.318237 -0.874474 125 125 125 168 340
4.826534 1.284156 -0.874967 125 125 125 172 340
4.829258 1.250037 -0.875461 124 124 124 176 340
4.831985 1.215879 -0.875955 124 124 124 180 340
4.834716 1.181682 -0.876450 124 124 124 184 340
4.837449 1.147447 -0.876946 124 124 124 188 340
4.840184 1.113173 -0.877442 124 124 124 192 340
4.842924 1.078860 -0.877939 124 124 124 196 340
4.845666 1.044508 -0.878436 124 124 124 200 340
4.848412 1.010118 -0.878934 124 124 124 204 340
4.851161 0.975688 -0.879432 124 124 124 208 340
4.853912 0.941219 -0.879931 124 124 124 212 340
4.856667 0.906712 -0.880430 124 124 124 216 340
4.859425 0.872165 -0.880930 124 124 124 220 340
4.862186 0.837578 -0.881431 124 124 124 224 340
4.864950 0.802953 -0.881932 123 123 123 228 340
4.867718 0.768288 -0.882433 123 123 123 232 340
4.870489 0.733584 -0.882936 123 123 123 236 340
4.873262 0.698840 -0.883439 123 123 123 240 340
4.876039 0.664056 -0.883942 123 123 123 244 340
4.878819 0.629233 -0.884446 123 123 123 248 340
4.881603 0.594370 -0.884951 123 123 123 252 340
4.884388 0.559467 -0.885456 123 123 123 256 340
4.887178 0.524525 -0.885961 123 123 123 260 340
4.889971 0.489542 -0.886468 123 123 123 264 340
4.892767 0.454520 -0.886974 123 123 123 268 340
4.895566 0.419457 -0.887482 123 123 123 272 340
4.898368 0.384354 -0.887990 123 123 123 276 340
4.901174 0.349211 -0.888499 123 123 123 280 340
4.903983 0.314028 -0.889008 122 122 122 284 340
4.906795 0.278804 -0.889517 122 122 122 288 340
3.965073 0.196687 -0.718799 148 148 148 292 340
4.912428 0.208236 -0.890539 122 122 122 296 340
4.915251 0.172891 -0.891050 122 122 122 300 340
4.918076 0.137505 -0.891562 122 122 122 304 340
4.920903 0.102079 -0.892075 122 122 122 308 340
4.923735 0.066612 -0.892588 122 122 122 312 340
4.926569 0.031104 -0.893102 122 122 122 316 340
3.970171 -0.003580 -0.719724 148 148 148 320 340
4.932249 -0.040035 -0.894132 122 122 122 324 340
4.935093 -0.075666 -0.894647 122 122 122 328 340
4.937942 -0.111338 -0.895164 122 122 122 332 340
4.940792 -0.147051 -0.895681 121 121 121 336 340
4.943646 -0.182806 -0.896198 121 121 121 340 340
4.946504 -0.218602 -0.896716 121 121 121 344 340
4.949365 -0.254439 -0.897235 121 121 121 348 340
4.952229 -0.290318 -0.897754 121 121 121 352 340
4.955096 -0.326238 -0.898274 121 121 121 356 340
4.957967 -0.362200 -0.898794 121 121 121 360 340
4.960841 -0.398203 -0.899315 121 121 121 364 340
4.963718 -0.434249 -0.899837 121 121 121 368 340
4.966599 -0.470336 -0.900359 121 121 121 372 340
4.969484 -0.506465 -0.900882 121 121 121 376 340
4.972371 -0.542636 -0.901405 121 121 121 380 340
4.975262 -0.578849 -0.901929 121 121 121 384 340
4.978157 -0.615105 -0.902454 120 120 120 388 340
4.981054 -0.651402 -0.902979 120 120 120 392 340
4.983955 -0.687742 -0.903505 120 120 120 396 340
4.986859 -0.724124 -0.904032 120 120 120 400 340
4.989767 -0.760549 -0.904559 120 120 120 404 340
4.992678 -0.797016 -0.905087 120 120 120 408 340
4.995593 -0.833525 -0.905615 120 120 120 412 340
4.998511 -0.870077 -0.906144 120 120 120 416 340
5.001432 -0.906672 -0.906674 120 120 120 420 340
5.004357 -0.943310 -0.907204 120 120 120 424 340
5.007285 -0.979991 -0.907735 120 120 120 428 340
5.010217 -1.016715 -0.908266 120 120 120 432 340
5.013152 -1.053481 -0.908798 119 119 119 436 340
5.016091 -1.090291 -0.909331 119 119 119 440 340
5.019032 -1.127144 -0.909864 119 119 119 444 340
5.021978 -1.164040 -0.910398 119 119 119 448 340
5.024927 -1.200980 -0.910933 119 119 119 452 340
5.027880 -1.237963 -0.911468 119 119 119 456 340
5.030835 -1.274989 -0.912004 119 119 119 460 340
5.033794 -1.312059 -0.912540 119 119 119 464 340
4.995665 -1.338166 -0.905628 120 120 120 468 340
4.979741 -1.369830 -0.902741 120 120 120 472 340
5.042693 -1.423531 -0.914154 119 119 119 476 340
5.045666 -1.460776 -0.914692 119 119 119 480 340
5.048643 -1.498065 -0.915232 119 119 119 484 340
5.051624 -1.535398 -0.915772 118 118 118 488 340
5.054607 -1.572775 -0.916313 118 118 118 492 340
5.057594 -1.610196 -0.916855 118 118 118 496 340
5.060585 -1.647662 -0.917397 118 118 118 500 340
5.063580 -1.685172 -0.917940 118 118 118 504 340
5.066578 -1.722726 -0.918483 118 118 118 508 340
4.013979 -1.393786 -0.727665 146 146 146 512 340
5.072584 -1.797968 -0.919572 118 118 118 516 340
5.075593 -1.835656 -0.920118 118 118 118 520 340
3.793734 -1.399427 -0.687739 152 152 152 524 340
3.796089 -1.427685 -0.688166 152 152 152 528 340
3.459668 -1.326122 -0.627178 161 161 161 532 340
3.399941 -1.327760 -0.616351 163 163 163 536 340
3.377745 -1.343463 -0.612327 164 164 164 540 340
3.363663 -1.362131 -0.609774 164 164 164 544 340
3.349698 -1.380645 -0.607243 164 164 164 548 340
3.320178 -1.392433 -0.601891 165 165 165 552 340
3.299065 -1.407382 -0.598064 166 166 166 556 340
3.281053 -1.423372 -0.594798 166 166 166 560 340
3.271385 -1.442782 -0.593046 166 166 166 564 340
3.263473 -1.462839 -0.591612 167 167 167 568 340
3.213281 -1.463525 -0.582513 168 168 168 572 340
3.187553 -1.474806 -0.577849 169 169 169 576 340
3.176549 -1.492635 -0.575854 169 169 169 580 340
3.173966 -1.514321 -0.575385 169 169 169 584 340
5.127291 -2.483261 -0.929490 116 116 116 588 340
5.130365 -2.521767 -0.930047 116 116 116 592 340
5.133443 -2.560319 -0.930605 116 116 116 596 340
5.136524 -2.598917 -0.931163 116 116 116 600 340
5.139609 -2.637561 -0.931723 116 116 116 604 340
5.142697 -2.676252 -0.932283 116 116 116 608 340
5.145790 -2.714989 -0.932843 116 116 116 612 340
5.148886 -2.753773 -0.933405 116 116 116 616 340
5.112051 -2.770957 -0.926727 117 117 117 620 340
5.106132 -2.804591 -0.925654 117 117 117 624 340
4.989484 -2.776521 -0.904508 120 120 120 628 340
4.974333 -2.803981 -0.901761 121 121 121 632 340
5.164423 -2.948395 -0.936221 115 115 115 636 340
4.658371 2.684697 -0.878093 129 129 129 0 344
4.660909 2.652530 -0.878571 129 129 129 4 344
4.663448 2.620327 -0.879050 129 129 129 8 344
4.665991 2.588090 -0.879529 129 129 129 12 344
4.668537 2.555817 -0.880009 129 129 129 16 344
4.671085 2.523510 -0.880490 129 129 129 20 344
4.673636 2.491167 -0.880970 129 129 129 24 344
4.676191 2.458788 -0.881452 129 129 129 28 344
4.678748 2.426374 -0.881934 129 129 129 32 344
4.681306 2.393924 -0.882416 128 128 128 36 344
4.683869 2.361440 -0.882899 128 128 128 40 344
4.686434 2.328920 -0.883383 128 128 128 44 344
4.689003 2.296364 -0.883867 128 128 128 48 344
4.691573 2.263772 -0.884351 128 128 128 52 344
4.694147 2.231144 -0.884837 128 128 128 56 344
4.696723 2.198481 -0.885322 128 128 128 60 344
4.699302 2.165781 -0.885808 128 128 128 64 344
4.701884 2.133046 -0.886295 128 128 128 68 344
4.704470 2.100275 -0.886782 128 128 128 72 344
4.707057 2.067468 -0.887270 128 128 128 76 344
4.709648 2.034625 -0.887759 128 128 128 80 344
4.712242 2.001745 -0.888247 128 128 128 84 344
4.714838 1.968830 -0.888737 128 128 128 88 344
4.717437 1.935877 -0.889227 127 127 127 92 344
3.936034 1.586816 -0.741934 149 149 149 96 344
4.722644 1.869864 -0.890208 127 127 127 100 344
4.725252 1.836803 -0.890700 127 127 127 104 344
4.727862 1.803705 -0.891192 127 127 127 108 344
4.730476 1.770571 -0.891685 127 127 127 112 344
4.733093 1.737400 -0.892178 127 127 127 116 344
4.735712 1.704192 -0.892672 127 127 127 120 344
4.738335 1.670948 -0.893166 127 127 127 124 344
4.740959 1.637666 -0.893661 127 127 127 128 344
4.743587 1.604348 -0.894156 127 127 127 132 344
4.746219 1.570993 -0.894652 127 127 127 136 344
4.748853 1.537601 -0.895149 127 127 127 140 344
4.751490 1.504171 -0.895646 127 127 127 144 344
4.754129 1.470705 -0.896143 126 126 126 148 344
4.756772 1.437201 -0.896641 126 126 126 152 344
4.759418 1.403660 -0.897140 126 126 126 156 344
4.762066 1.370082 -0.897639 126 126 126 160 344
4.764718 1.336466 -0.898139 126 126 126 164 344
4.767373 1.302813 -0.898640 126 126 126 168 344
4.770030 1.269122 -0.899140 126 126 126 172 344
4.772691 1.235394 -0.899642 126 126 126 176 344
4.775354 1.201628 -0.900144 126 126 126 180 344
4.778020 1.167825 -0.900647 126 126 126 184 344
4.780689 1.133983 -0.901150 126 126 126 188 344
4.783362 1.100104 -0.901654 126 126 126 192 344
4.786037 1.066187 -0.902158 126 126 126 196 344
4.788716 1.032232 -0.902663 126 126 126 200 344
4.791397 0.998239 -0.903169 125 125 125 204 344
4.794082 0.964208 -0.903675 125 125 125 208 344
4.796769 0.930139 -0.904181 125 125 125 212 344
4.799459 0.896031 -0.904688 125 125 125 216 344
4.802152 0.861885 -0.905196 125 125 125 220 344
4.804849 0.827701 -0.905704 125 125 125 224 344
4.807549 0.793479 -0.906213 125 125 125 228 344
4.810251 0.759218 -0.906723 125 125 125 232 344
4.812956 0.724918 -0.907233 125 125 125 236 344
4.815665 0.690580 -0.907743 125 125 125 240 344
4.818377 0.656203 -0.908254 125 125 125 244 344
4.821091 0.621788 -0.908766 125 125 125 248 344
4.823809 0.587333 -0.909278 125 125 125 252 344
4.826530 0.552840 -0.909791 125 125 125 256 344
4.829254 0.518308 -0.910305 124 124 124 260 344
4.831981 0.483737 -0.910819 124 124 124 264 344
4.834711 0.449126 -0.911333 124 124 124 268 344
4.837443 0.414477 -0.911848 124 124 124 272 344
4.840179 0.379788 -0.912364 124 124 124 276 344
4.842918 0.345060 -0.912881 124 124 124 280 344
4.845662 0.310293 -0.913398 124 124 124 284 344
4.848407 0.275487 -0.913915 124 124 124 288 344
3.977734 0.197315 -0.749795 147 147 147 292 344
4.853908 0.205755 -0.914952 124 124 124 296 344
4.856662 0.170830 -0.915471 124 124 124 300 344
4.859420 0.135865 -0.915991 124 124 124 304 344
4.862181 0.100861 -0.916511 124 124 124 308 344
4.864945 0.065816 -0.917033 123 123 123 312 344
4.867713 0.030732 -0.917554 123 123 123 316 344
3.982651 -0.003592 -0.750722 147 147 147 320 344
4.873258 -0.039556 -0.918599 123 123 123 324 344
4.876034 -0.074761 -0.919123 123 123 123 328 344
4.878814 -0.110005 -0.919647 123 123 123 332 344
4.881598 -0.145290 -0.920171 123 123 123 336 344
4.884384 -0.180614 -0.920697 123 123 123 340 344
4.887173 -0.215980 -0.921222 123 123 123 344 344
4.889966 -0.251385 -0.921749 123 123 123 348 344
4.892761 -0.286831 -0.922276 123 123 123 352 344
4.895560 -0.322318 -0.922803 123 123 123 356 344
4.898363 -0.357846 -0.923332 123 123 123 360 344
4.901168 -0.393414 -0.923860 123 123 123 364 344
4.903976 -0.429022 -0.924390 122 122 122 368 344
4.906789 -0.464672 -0.924920 122 122 122 372 344
4.909604 -0.500362 -0.925451 122 122 122 376 344
4.912422 -0.536094 -0.925982 122 122 122 380 344
4.915243 -0.571866 -0.926514 122 122 122 384 344
4.918068 -0.607680 -0.927046 122 122 122 388 344
4.920897 -0.643535 -0.927579 122 122 122 392 344
4.923728 -0.679431 -0.928113 122 122 122 396 344
4.926562 -0.715368 -0.928647 122 122 122 400 344
4.929400 -0.751347 -0.929182 122 122 122 404 344
4.932242 -0.787368 -0.929718 122 122 122 408 344
4.935086 -0.823429 -0.930254 122 122 122 412 344
4.937933 -0.859533 -0.930791 122 122 122 416 344
4.940784 -0.895678 -0.931328 121 121 121 420 344
4.943639 -0.931865 -0.931866 121 121 121 424 344
4.946496 -0.968094 -0.932405 121 121 121 428 344
4.949357 -1.004364 -0.932944 121 121 121 432 344
4.952221 -1.040677 -0.933484 121 121 121 436 344
4.955089 -1.077032 -0.934025 121 121 121 440 344
4.957960 -1.113429 -0.934566 121 121 121 444 344
4.960834 -1.149868 -0.935107 121 121 121 448 344
4.963712 -1.186349 -0.935650 121 121 121 452 344
4.966593 -1.222873 -0.936193 121 121 121 456 344
4.969477 -1.259439 -0.936736 121 121 121 460 344
4.972363 -1.296047 -0.937281 121 121 121 464 344
4.975255 -1.332698 -0.937826 121 121 121 468 344
4.978149 -1.369392 -0.938371 120 120 120 472 344
4.981047 -1.406129 -0.938917 120 120 120 476 344
4.983947 -1.442908 -0.939464 120 120 120 480 344
4.986852 -1.479730 -0.940012 120 120 120 484 344
4.989760 -1.516595 -0.940560 120 120 120 488 344
4.992671 -1.553503 -0.941109 120 120 120 492 344
4.995585 -1.590454 -0.941658 120 120 120 496 344
4.998504 -1.627449 -0.942208 120 120 120 500 344
5.001425 -1.664486 -0.942759 120 120 120 504 344
5.004350 -1.701567 -0.943310 120 120 120 508 344
4.024391 -1.397401 -0.758590 146 146 146 512 344
5.010210 -1.775859 -0.944415 120 120 120 516 344
5.013145 -1.813071 -0.944968 119 119 119 520 344
5.016083 -1.850326 -0.945522 119 119 119 524 344
5.019025 -1.887624 -0.946076 119 119 119 528 344
3.489366 -1.337506 -0.657739 161 161 161 532 344
3.408919 -1.331266 -0.642574 163 163 163 536 344
3.391230 -1.348826 -0.639240 163 163 163 540 344
3.370842 -1.365039 -0.635397 164 164 164 544 344
3.356818 -1.383579 -0.632753 164 164 164 548 344
3.325461 -1.394649 -0.626843 165 165 165 552 344
3.296407 -1.406249 -0.621366 166 166 166 556 344
3.280236 -1.423018 -0.618318 166 166 166 560 344
3.272282 -1.443177 -0.616819 166 166 166 564 344
3.265354 -1.463682 -0.615513 167 167 167 568 344
3.222226 -1.467599 -0.607383 168 168 168 572 344
3.197411 -1.479367 -0.602706 168 168 168 576 344
3.186289 -1.497211 -0.600609 169 169 169 580 344
3.186836 -1.520462 -0.600712 169 169 169 584 344
3.221405 -1.560198 -0.607228 168 168 168 588 344
5.066570 -2.490409 -0.955038 118 118 118 592 344
5.069571 -2.528463 -0.955604 118 118 118 596 344
5.072577 -2.566561 -0.956171 118 118 118 600 344
5.075585 -2.604705 -0.956738 118 118 118 604 344
5.078597 -2.642894 -0.957305 118 118 118 608 344
5.081613 -2.681129 -0.957874 118 118 118 612 344
5.084633 -2.719409 -0.958443 118 118 118 616 344
5.087656 -2.757734 -0.959013 117 117 117 620 344
5.048112 -2.772723 -0.951559 119 119 119 624 344
4.989760 -2.776675 -0.940560 120 120 120 628 344
4.990824 -2.813277 -0.940760 120 120 120 632 344
5.099783 -2.911492 -0.961299 117 117 117 636 344
4.605714 2.654350 -0.901398 130 130 130 0 348
4.608194 2.622530 -0.901884 130 130 130 4 348
4.610677 2.590676 -0.902370 130 130 130 8 348
4.613163 2.558788 -0.902856 130 130 130 12 348
4.615651 2.526865 -0.903343 130 130 130 16 348
4.618142 2.494908 -0.903831 130 130 130 20 348
4.620636 2.462916 -0.904319 130 130 130 24 348
4.623132 2.430889 -0.904807 130 130 130 28 348
4.625631 2.398828 -0.905296 130 130 130 32 348
4.628133 2.366733 -0.905786 130 130 130 36 348
4.630637 2.334603 -0.906276 130 130 130 40 348
4.633145 2.302438 -0.906767 130 130 130 44 348
4.635655 2.270237 -0.907258 130 130 130 48 348
4.638167 2.238002 -0.907750 130 130 130 52 348
4.640682 2.205732 -0.908242 130 130 130 56 348
4.643200 2.173427 -0.908735 129 129 129 60 348
4.645721 2.141088 -0.909228 129 129 129 64 348
4.648245 2.108712 -0.909722 129 129 129 68 348
4.650772 2.076302 -0.910217 129 129 129 72 348
4.653300 2.043856 -0.910712 129 129 129 76 348
4.655832 2.011376 -0.911207 129 129 129 80 348
4.658367 1.978859 -0.911703 129 129 129 84 348
4.660903 1.946307 -0.912200 129 129 129 88 348
4.663444 1.913720 -0.912697 129 129 129 92 348
3.947715 1.591526 -0.772619 148 148 148 96 348
3.979655 1.575688 -0.778871 147 147 147 100 348
4.671081 1.815746 -0.914192 129 129 129 104 348
4.673632 1.783016 -0.914691 129 129 129 108 348
4.676186 1.750251 -0.915191 129 129 129 112 348
4.678743 1.717449 -0.915691 129 129 129 116 348
4.681302 1.684612 -0.916192 128 128 128 120 348
4.683865 1.651739 -0.916694 128 128 128 124 348
4.686430 1.618830 -0.917196 128 128 128 128 348
4.688998 1.585885 -0.917698 128 128 128 132 348
4.691569 1.552904 -0.918201 128 128 128 136 348
4.694142 1.519886 -0.918705 128 128 128 140 348
4.696719 1.486833 -0.919209 128 128 128 144 348
4.699298 1.453743 -0.919714 128 128 128 148 348
4.701880 1.420616 -0.920219 128 128 128 152 348
4.704465 1.387453 -0.920725 128 128 128 156 348
4.707053 1.354254 -0.921232 128 128 128 160 348
4.709644 1.321018 -0.921739 128 128 128 164 348
4.712237 1.287746 -0.922246 128 128 128 168 348
4.714833 1.254437 -0.922755 128 128 128 172 348
4.717433 1.221091 -0.923264 127 127 127 176 348
4.720035 1.187708 -0.923773 127 127 127 180 348
4.722640 1.154289 -0.924283 127 127 127 184 348
4.725247 1.120833 -0.924793 127 127 127 188 348
4.727858 1.087339 -0.925304 127 127 127 192 348
4.730472 1.053809 -0.925816 127 127 127 196 348
4.733088 1.020242 -0.926328 127 127 127 200 348
4.735708 0.986637 -0.926841 127 127 127 204 348
4.738330 0.952995 -0.927354 127 127 127 208 348
4.740955 0.919316 -0.927868 127 127 127 212 348
4.743583 0.885600 -0.928382 127 127 127 216 348
4.746214 0.851846 -0.928897 127 127 127 220 348
4.748848 0.818054 -0.929413 127 127 127 224 348
4.751485 0.784226 -0.929929 127 127 127 228 348
4.754125 0.750359 -0.930445 126 126 126 232 348
4.756767 0.716455 -0.930962 126 126 126 236 348
4.759413 0.682513 -0.931480 126 126 126 240 348
4.762061 0.648534 -0.931999 126 126 126 244 348
4.764713 0.614516 -0.932518 126 126 126 248 348
4.767368 0.580461 -0.933037 126 126 126 252 348
4.770026 0.546368 -0.933557 126 126 126 256 348
4.772686 0.512237 -0.934078 126 126 126 260 348
4.775349 0.478067 -0.934599 126 126 126 264 348
4.778015 0.443860 -0.935121 126 126 126 268 348
4.780685 0.409614 -0.935643 126 126 126 272 348
4.783357 0.375330 -0.936166 126 126 126 276 348
4.786033 0.341007 -0.936690 126 126 126 280 348
4.788711 0.306647 -0.937214 126 126 126 284 348
4.791392 0.272247 -0.937739 125 125 125 288 348
3.990477 0.197947 -0.780989 147 147 147 292 348
4.796764 0.203333 -0.938790 125 125 125 296 348
4.799454 0.168818 -0.939317 125 125 125 300 348
4.802147 0.134264 -0.939844 125 125 125 304 348
4.804844 0.099671 -0.940372 125 125 125 308 348
4.807544 0.065040 -0.940900 125 125 125 312 348
4.810246 0.030369 -0.941429 125 125 125 316 348
3.995434 -0.003603 -0.781959 147 147 147 320 348
4.815660 -0.039089 -0.942488 125 125 125 324 348
4.818372 -0.073876 -0.943019 125 125 125 328 348
4.821086 -0.108703 -0.943550 125 125 125 332 348
4.823804 -0.143569 -0.944082 125 125 125 336 348
4.826525 -0.178475 -0.944615 125 125 125 340 348
4.829249 -0.213420 -0.945148 124 124 124 344 348
4.831975 -0.248404 -0.945682 124 124 124 348 348
4.834705 -0.283428 -0.946216 124 124 124 352 348
4.837438 -0.318491 -0.946751 124 124 124 356 348
4.840175 -0.353595 -0.947286 124 124 124 360 348
4.842913 -0.388737 -0.947822 124 124 124 364 348
4.845655 -0.423920 -0.948359 124 124 124 368 348
4.848401 -0.459143 -0.948896 124 124 124 372 348
4.851150 -0.494405 -0.949434 124 124 124 376 348
4.853901 -0.529707 -0.949973 124 124 124 380 348
4.856656 -0.565050 -0.950512 124 124 124 384 348
4.859414 -0.600433 -0.951052 124 124 124 388 348
4.862175 -0.635856 -0.951592 124 124 124 392 348
4.864939 -0.671319 -0.952133 123 123 123 396 348
4.867706 -0.706822 -0.952675 123 123 123 400 348
4.870477 -0.742366 -0.953217 123 123 123 404 348
4.873250 -0.777951 -0.953760 123 123 123 408 348
4.876027 -0.813575 -0.954303 123 123 123 412 348
4.878807 -0.849241 -0.954847 123 123 123 416 348
4.881590 -0.884947 -0.955392 123 123 123 420 348
4.884377 -0.920694 -0.955937 123 123 123 424 348
4.887166 -0.956482 -0.956483 123 123 123 428 348
4.889958 -0.992311 -0.957030 123 123 123 432 348
4.892754 -1.028180 -0.957577 123 123 123 436 348
4.895554 -1.064091 -0.958125 123 123 123 440 348
4.898355 -1.100043 -0.958673 123 123 123 444 348
4.901161 -1.136036 -0.959222 123 123 123 448 348
4.903970 -1.172070 -0.959772 122 122 122 452 348
4.906782 -1.208146 -0.960322 122 122 122 456 348
4.909596 -1.244263 -0.960873 122 122 122 460 348
4.912415 -1.280421 -0.961425 122 122 122 464 348
4.915236 -1.316622 -0.961977 122 122 122 468 348
4.918061 -1.352863 -0.962530 122 122 122 472 348
4.920889 -1.389146 -0.963083 122 122 122 476 348
4.923720 -1.425471 -0.963637 122 122 122 480 348
4.926555 -1.461838 -0.964192 122 122 122 484 348
4.929393 -1.498247 -0.964748 122 122 122 488 348
4.932234 -1.534698 -0.965304 122 122 122 492 348
4.935078 -1.571191 -0.965860 122 122 122 496 348
4.937926 -1.607726 -0.966418 122 122 122 500 348
4.940778 -1.644303 -0.966976 121 121 121 504 348
4.068157 -1.383245 -0.796192 145 145 145 508 348
4.035954 -1.401416 -0.789890 146 146 146 512 348
4.949350 -1.754288 -0.968653 121 121 121 516 348
4.952215 -1.791034 -0.969214 121 121 121 520 348
4.955082 -1.827823 -0.969775 121 121 121 524 348
4.957952 -1.864655 -0.970337 121 121 121 528 348
3.533837 -1.354552 -0.691619 159 159 159 532 348
3.423246 -1.336861 -0.669975 162 162 162 536 348
3.405408 -1.354465 -0.666484 163 163 163 540 348
3.387129 -1.371634 -0.662906 163 163 163 544 348
3.365820 -1.387290 -0.658736 164 164 164 548 348
3.335941 -1.399044 -0.652888 165 165 165 552 348
3.299076 -1.407387 -0.645673 166 166 166 556 348
3.281679 -1.423644 -0.642268 166 166 166 560 348
3.275420 -1.444561 -0.641043 166 166 166 564 348
3.269184 -1.465399 -0.639823 166 166 166 568 348
3.233634 -1.472795 -0.632865 167 167 167 572 348
3.210624 -1.485481 -0.628362 168 168 168 576 348
3.198427 -1.502915 -0.625975 168 168 168 580 348
3.198395 -1.525977 -0.625968 168 168 168 584 348
3.225142 -1.562008 -0.631203 168 168 168 588 348
5.004342 -2.459822 -0.979416 120 120 120 592 348
5.007270 -2.497390 -0.979989 120 120 120 596 348
5.010202 -2.535002 -0.980563 120 120 120 600 348
5.013137 -2.572658 -0.981137 119 119 119 604 348
5.016075 -2.610358 -0.981712 119 119 119 608 348
5.019018 -2.648102 -0.982288 119 119 119 612 348
5.021964 -2.685891 -0.982865 119 119 119 616 348
5.024912 -2.723724 -0.983442 119 119 119 620 348
5.027864 -2.761601 -0.984020 119 119 119 624 348
5.006352 -2.785908 -0.979810 120 120 120 628 348
5.033779 -2.837490 -0.985177 119 119 119 632 348
5.036742 -2.875501 -0.985757 119 119 119 636 348
4.554234 2.624681 -0.924183 132 132 132 0 352
4.556659 2.593201 -0.924675 132 132 132 4 352
4.559087 2.561688 -0.925168 132 132 132 8 352
4.561517 2.530141 -0.925661 132 132 132 12 352
4.563950 2.498561 -0.926154 132 132 132 16 352
4.566386 2.466947 -0.926649 132 132 132 20 352
4.568824 2.435299 -0.927144 131 131 131 24 352
4.571265 2.403617 -0.927639 131 131 131 28 352
4.573707 2.371901 -0.928135 131 131 131 32 352
4.576153 2.340151 -0.928631 131 131 131 36 352
4.578602 2.308368 -0.929128 131 131 131 40 352
4.581053 2.276551 -0.929625 131 131 131 44 352
4.583507 2.244699 -0.930123 131 131 131 48 352
4.585963 2.212813 -0.930622 131 131 131 52 352
4.588422 2.180893 -0.931121 131 131 131 56 352
4.590884 2.148939 -0.931620 131 131 131 60 352
4.593348 2.116950 -0.932120 131 131 131 64 352
4.595816 2.084927 -0.932621 131 131 131 68 352
4.598285 2.052870 -0.933122 131 131 131 72 352
4.600757 2.020778 -0.933624 131 131 131 76 352
4.603232 1.988652 -0.934126 131 131 131 80 352
4.605709 1.956491 -0.934629 130 130 130 84 352
4.608190 1.924295 -0.935132 130 130 130 88 352
4.610673 1.892065 -0.935636 130 130 130 92 352
3.961435 1.597057 -0.803887 148 148 148 96 352
3.979679 1.575698 -0.807589 147 147 147 100 352
4.618138 1.795166 -0.937151 130 130 130 104 352
4.620631 1.762796 -0.937657 130 130 130 108 352
4.623127 1.730391 -0.938163 130 130 130 112 352
4.625627 1.697952 -0.938671 130 130 130 116 352
4.628129 1.665477 -0.939178 130 130 130 120 352
4.630633 1.632967 -0.939687 130 130 130 124 352
4.633141 1.600422 -0.940195 130 130 130 128 352
4.635650 1.567842 -0.940705 130 130 130 132 352
4.638163 1.535226 -0.941215 130 130 130 136 352
4.640678 1.502575 -0.941725 130 130 130 140 352
4.643196 1.469889 -0.942236 129 129 129 144 352
4.645717 1.437167 -0.942747 129 129 129 148 352
4.648240 1.404409 -0.943260 129 129 129 152 352
4.650767 1.371616 -0.943772 129 129 129 156 352
4.653296 1.338788 -0.944286 129 129 129 160 352
4.655827 1.305923 -0.944799 129 129 129 164 352
4.658362 1.273023 -0.945314 129 129 129 168 352
4.660899 1.240087 -0.945829 129 129 129 172 352
4.663439 1.207115 -0.946345 129 129 129 176 352
4.665982 1.174107 -0.946861 129 129 129 180 352
4.668528 1.141063 -0.947377 129 129 129 184 352
4.671076 1.107983 -0.947894 129 129 129 188 352
4.673628 1.074867 -0.948412 129 129 129 192 352
4.676181 1.041715 -0.948930 129 129 129 196 352
4.678738 1.008526 -0.949449 129 129 129 200 352
4.681297 0.975301 -0.949969 128 128 128 204 352
4.683860 0.942040 -0.950489 128 128 128 208 352
4.686425 0.908742 -0.951009 128 128 128 212 352
4.688993 0.875408 -0.951530 128 128 128 216 352
4.691564 0.842037 -0.952052 128 128 128 220 352
4.694138 0.808630 -0.952574 128 128 128 224 352
4.696714 0.775186 -0.953097 128 128 128 228 352
4.699293 0.741705 -0.953620 128 128 128 232 352
4.701875 0.708187 -0.954144 128 128 128 236 352
4.704461 0.674633 -0.954669 128 128 128 240 352
4.707048 0.641042 -0.955194 128 128 128 244 352
4.709639 0.607413 -0.955720 128 128 128 248 352
4.712233 0.573748 -0.956246 128 128 128 252 352
4.714828 0.540045 -0.956773 128 128 128 256 352
4.717428 0.506306 -0.957300 127 127 127 260 352
4.720029 0.472529 -0.957828 127 127 127 264 352
4.722635 0.438715 -0.958357 127 127 127 268 352
4.725243 0.404863 -0.958886 127 127 127 272 352
4.727854 0.370975 -0.959416 127 127 127 276 352
4.730467 0.337048 -0.959947 127 127 127 280 352
4.733084 0.303084 -0.960477 127 127 127 284 352
4.735703 0.269083 -0.961009 127 127 127 288 352
4.003302 0.198583 -0.812384 147 147 147 292 352
4.740951 0.200967 -0.962074 127 127 127 296 352
4.743578 0.166852 -0.962607 127 127 127 300 352
4.746210 0.132700 -0.963141 127 127 127 304 352
4.748843 0.098510 -0.963676 127 127 127 308 352
4.751481 0.064281 -0.964211 127 127 127 312 352
4.754120 0.030015 -0.964746 126 126 126 316 352
4.009033 -0.003615 -0.813547 147 147 147 320 352
4.759408 -0.038632 -0.965819 126 126 126 324 352
4.762057 -0.073013 -0.966357 126 126 126 328 352
4.764708 -0.107432 -0.966895 126 126 126 332 352
4.767363 -0.141890 -0.967434 126 126 126 336 352
4.770020 -0.176386 -0.967973 126 126 126 340 352
4.772681 -0.210920 -0.968513 126 126 126 344 352
4.775344 -0.245493 -0.969053 126 126 126 348 352
4.778010 -0.280104 -0.969594 126 126 126 352 352
4.780680 -0.314755 -0.970136 126 126 126 356 352
4.783352 -0.349444 -0.970678 126 126 126 360 352
4.786027 -0.384171 -0.971221 126 126 126 364 352
4.788705 -0.418938 -0.971765 126 126 126 368 352
4.791387 -0.453743 -0.972309 125 125 125 372 352
4.794071 -0.488588 -0.972854 125 125 125 376 352
4.796758 -0.523471 -0.973399 125 125 125 380 352
4.799448 -0.558394 -0.973945 125 125 125 384 352
4.802142 -0.593356 -0.974491 125 125 125 388 352
4.804838 -0.628357 -0.975039 125 125 125 392 352
4.807537 -0.663398 -0.975586 125 125 125 396 352
4.810239 -0.698478 -0.976134 125 125 125 400 352
4.812945 -0.733597 -0.976684 125 125 125 404 352
4.815654 -0.768756 -0.977233 125 125 125 408 352
4.818365 -0.803954 -0.977783 125 125 125 412 352
4.821079 -0.839192 -0.978334 125 125 125 416 352
4.823797 -0.874470 -0.978886 125 125 125 420 352
4.826519 -0.909788 -0.979438 125 125 125 424 352
4.829242 -0.945146 -0.979991 124 124 124 428 352
4.831968 -0.980543 -0.980544 124 124 124 432 352
4.834698 -1.015980 -0.981098 124 124 124 436 352
4.837431 -1.051458 -0.981653 124 124 124 440 352
4.840168 -1.086976 -0.982208 124 124 124 444 352
4.842906 -1.122533 -0.982764 124 124 124 448 352
4.845649 -1.158131 -0.983320 124 124 124 452 352
4.848394 -1.193770 -0.983877 124 124 124 456 352
4.851143 -1.229449 -0.984435 124 124 124 460 352
4.853894 -1.265168 -0.984993 124 124 124 464 352
4.856649 -1.300928 -0.985552 124 124 124 468 352
4.859407 -1.336728 -0.986112 124 124 124 472 352
4.862168 -1.372570 -0.986672 124 124 124 476 352
4.864932 -1.408451 -0.987233 123 123 123 480 352
4.867699 -1.444374 -0.987795 123 123 123 484 352
4.870470 -1.480338 -0.988357 123 123 123 488 352
4.873243 -1.516342 -0.988920 123 123 123 492 352
4.876019 -1.552388 -0.989483 123 123 123 496 352
4.878799 -1.588475 -0.990047 123 123 123 500 352
4.881583 -1.624603 -0.990612 123 123 123 504 352
4.064384 -1.381962 -0.824779 145 145 145 508 352
4.050968 -1.406629 -0.822057 145 145 145 512 352
4.889951 -1.733234 -0.992310 123 123 123 516 352
4.892747 -1.769527 -0.992878 123 123 123 520 352
4.895546 -1.805862 -0.993446 123 123 123 524 352
4.898348 -1.842238 -0.994014 123 123 123 528 352
3.557386 -1.363578 -0.721895 159 159 159 532 352
3.474510 -1.356881 -0.705077 161 161 161 536 352
3.435747 -1.366532 -0.697211 162 162 162 540 352
3.410442 -1.381074 -0.692076 163 163 163 544 352
3.409171 -1.405158 -0.691818 163 163 163 548 352
3.348301 -1.404228 -0.679466 164 164 164 552 352
3.311207 -1.412562 -0.671938 165 165 165 556 352
3.292051 -1.428143 -0.668051 166 166 166 560 352
3.283412 -1.448086 -0.666298 166 166 166 564 352
3.277394 -1.469079 -0.665076 166 166 166 568 352
3.251483 -1.480925 -0.659818 167 167 167 572 352
3.223239 -1.491318 -0.654087 168 168 168 576 352
3.210644 -1.508656 -0.651531 168 168 168 580 352
3.209923 -1.531477 -0.651385 168 168 168 584 352
3.394039 -1.643808 -0.688747 163 163 163 588 352
4.943624 -2.429977 -1.003202 121 121 121 592 352
4.946482 -2.467072 -1.003782 121 121 121 596 352
4.949343 -2.504209 -1.004363 121 121 121 600 352
4.952207 -2.541389 -1.004944 121 121 121 604 352
4.955074 -2.578613 -1.005526 121 121 121 608 352
4.957945 -2.615880 -1.006108 121 121 121 612 352
4.960820 -2.653190 -1.006692 121 121 121 616 352
4.963697 -2.690543 -1.007275 121 121 121 620 352
4.966577 -2.727939 -1.007860 121 121 121 624 352
4.969462 -2.765379 -1.008445 121 121 121 628 352
4.972350 -2.802863 -1.009031 121 121 121 632 352
4.975240 -2.840389 -1.009618 121 121 121 636 352
4.503892 2.595668 -0.946464 133 133 133 0 356
4.506264 2.564522 -0.946962 133 133 133 4 356
4.508638 2.533341 -0.947461 133 133 133 8 356
4.511015 2.502129 -0.947961 133 133 133 12 356
4.513394 2.470884 -0.948461 133 133 133 16 356
4.515776 2.439605 -0.948961 133 133 133 20 356
4.518160 2.408294 -0.949462 133 133 133 24 356
4.520547 2.376949 -0.949964 133 133 133 28 356
4.522937 2.345572 -0.950466 133 133 133 32 356
4.525329 2.314161 -0.950969 133 133 133 36 356
4.527723 2.282717 -0.951472 133 133 133 40 356
4.530120 2.251239 -0.951975 133 133 133 44 356
4.532519 2.219728 -0.952480 132 132 132 48 356
4.534922 2.188184 -0.952984 132 132 132 52 356
4.537326 2.156606 -0.953490 132 132 132 56 356
4.539733 2.124996 -0.953996 132 132 132 60 356
4.542143 2.093351 -0.954502 132 132 132 64 356
4.544555 2.061673 -0.955009 132 132 132 68 356
4.546970 2.029961 -0.955516 132 132 132 72 356
4.549387 1.998215 -0.956024 132 132 132 76 356
4.551807 1.966436 -0.956533 132 132 132 80 356
4.554229 1.934622 -0.957042 132 132 132 84 356
4.556655 1.902775 -0.957552 132 132 132 88 356
4.559083 1.870894 -0.958062 132 132 132 92 356
3.975653 1.602789 -0.835458 147 147 147 96 356
3.986263 1.578305 -0.837687 147 147 147 100 356
4.566381 1.775047 -0.959595 132 132 132 104 356
4.568820 1.743029 -0.960108 131 131 131 108 356
4.571259 1.710978 -0.960621 131 131 131 112 356
4.573703 1.678892 -0.961134 131 131 131 116 356
4.576149 1.646772 -0.961648 131 131 131 120 356
4.578598 1.614617 -0.962163 131 131 131 124 356
4.581048 1.582428 -0.962678 131 131 131 128 356
4.583503 1.550205 -0.963193 131 131 131 132 356
4.585958 1.517947 -0.963710 131 131 131 136 356
4.588418 1.485654 -0.964226 131 131 131 140 356
4.590879 1.453327 -0.964744 131 131 131 144 356
4.593344 1.420965 -0.965262 131 131 131 148 356
4.595811 1.388569 -0.965780 131 131 131 152 356
4.598281 1.356137 -0.966299 131 131 131 156 356
4.600752 1.323671 -0.966819 131 131 131 160 356
4.603227 1.291169 -0.967339 131 131 131 164 356
4.605705 1.258633 -0.967860 130 130 130 168 356
4.608185 1.226062 -0.968381 130 130 130 172 356
4.610668 1.193456 -0.968903 130 130 130 176 356
4.613154 1.160814 -0.969425 130 130 130 180 356
4.615643 1.128137 -0.969948 130 130 130 184 356
4.618133 1.095425 -0.970472 130 130 130 188 356
4.620627 1.062678 -0.970996 130 130 130 192 356
4.623123 1.029895 -0.971520 130 130 130 196 356
4.625622 0.997077 -0.972045 130 130 130 200 356
4.628124 0.964223 -0.972571 130 130 130 204 356
4.630629 0.931334 -0.973098 130 130 130 208 356
4.633136 0.898409 -0.973624 130 130 130 212 356
4.635645 0.865448 -0.974152 130 130 130 216 356
4.638158 0.832452 -0.974680 130 130 130 220 356
4.640673 0.799420 -0.975208 130 130 130 224 356
4.643191 0.766352 -0.975738 129 129 129 228 356
4.645712 0.733248 -0.976267 129 129 129 232 356
4.648236 0.700108 -0.976798 129 129 129 236 356
4.650762 0.666933 -0.977328 129 129 129 240 356
4.653291 0.633721 -0.977860 129 129 129 244 356
4.655823 0.600473 -0.978392 129 129 129 248 356
4.658358 0.567188 -0.978925 129 129 129 252 356
4.660894 0.533868 -0.979458 129 129 129 256 356
4.663435 0.500511 -0.979991 129 129 129 260 356
4.665977 0.467118 -0.980526 129 129 129 264 356
4.668523 0.433688 -0.981061 129 129 129 268 356
4.671072 0.400222 -0.981596 129 129 129 272 356
4.673623 0.366719 -0.982133 129 129 129 276 356
4.676177 0.333180 -0.982669 129 129 129 280 356
4.678733 0.299604 -0.983206 129 129 129 284 356
4.681293 0.265991 -0.983744 128 128 128 288 356
4.016208 0.199223 -0.843981 146 146 146 292 356
4.686421 0.198656 -0.984822 128 128 128 296 356
4.688989 0.164932 -0.985362 128 128 128 300 356
4.691560 0.131172 -0.985902 128 128 128 304 356
4.694133 0.097375 -0.986443 128 128 128 308 356
4.696709 0.063540 -0.986984 128 128 128 312 356
4.699289 0.029669 -0.987526 128 128 128 316 356
4.022724 -0.003628 -0.845350 146 146 146 320 356
4.704456 -0.038186 -0.988612 128 128 128 324 356
4.707044 -0.072170 -0.989156 128 128 128 328 356
4.709634 -0.106190 -0.989700 128 128 128 332 356
4.712228 -0.140249 -0.990245 128 128 128 336 356
4.714824 -0.174344 -0.990791 128 128 128 340 356
4.717423 -0.208478 -0.991337 127 127 127 344 356
4.720025 -0.242649 -0.991884 127 127 127 348 356
4.722630 -0.276858 -0.992431 127 127 127 352 356
4.725238 -0.311104 -0.992979 127 127 127 356 356
4.727849 -0.345389 -0.993528 127 127 127 360 356
4.730462 -0.379711 -0.994077 127 127 127 364 356
4.733078 -0.414071 -0.994627 127 127 127 368 356
4.735698 -0.448470 -0.995177 127 127 127 372 356
4.738320 -0.482906 -0.995728 127 127 127 376 356
4.740945 -0.517381 -0.996280 127 127 127 380 356
4.743573 -0.551893 -0.996832 127 127 127 384 356
4.746204 -0.586444 -0.997385 127 127 127 388 356
4.748838 -0.621034 -0.997938 127 127 127 392 356
4.751474 -0.655662 -0.998492 127 127 127 396 356
4.754114 -0.690328 -0.999047 126 126 126 400 356
4.756757 -0.725033 -0.999603 126 126 126 404 356
4.759403 -0.759776 -1.000159 126 126 126 408 356
4.762051 -0.794558 -1.000715 126 126 126 412 356
4.764702 -0.829379 -1.001272 126 126 126 416 356
4.767357 -0.864239 -1.001830 126 126 126 420 356
4.770014 -0.899137 -1.002388 126 126 126 424 356
4.772675 -0.934075 -1.002948 126 126 126 428 356
4.775337 -0.969051 -1.003507 126 126 126 432 356
4.778004 -1.004066 -1.004067 126 126 126 436 356
4.780674 -1.039121 -1.004628 126 126 126 440 356
4.783345 -1.074215 -1.005190 126 126 126 444 356
4.786020 -1.109348 -1.005752 126 126 126 448 356
4.788699 -1.144520 -1.006315 126 126 126 452 356
4.791380 -1.179732 -1.006878 125 125 125 456 356
4.794064 -1.214983 -1.007442 125 125 125 460 356
4.796751 -1.250274 -1.008007 125 125 125 464 356
4.799442 -1.285604 -1.008572 125 125 125 468 356
4.802135 -1.320974 -1.009139 125 125 125 472 356
4.804831 -1.356384 -1.009705 125 125 125 476 356
4.807530 -1.391833 -1.010272 125 125 125 480 356
4.810233 -1.427322 -1.010840 125 125 125 484 356
4.812938 -1.462852 -1.011409 125 125 125 488 356
4.815646 -1.498421 -1.011978 125 125 125 492 356
4.818358 -1.534030 -1.012548 125 125 125 496 356
4.821073 -1.569679 -1.013118 125 125 125 500 356
4.823790 -1.605369 -1.013689 125 125 125 504 356
4.070676 -1.384102 -0.855427 145 145 145 508 356
4.072010 -1.413936 -0.855707 145 145 145 512 356
4.831962 -1.712680 -1.015406 124 124 124 516 356
4.834692 -1.748531 -1.015980 124 124 124 520 356
4.837424 -1.784422 -1.016554 124 124 124 524 356
4.840160 -1.820354 -1.017129 124 124 124 528 356
3.570322 -1.368537 -0.750281 158 158 158 532 356
3.518220 -1.373950 -0.739332 160 160 160 536 356
3.492214 -1.388991 -0.733867 160 160 160 540 356
3.466308 -1.403698 -0.728423 161 161 161 544 356
3.439414 -1.417623 -0.722771 162 162 162 548 356
3.393374 -1.423131 -0.713096 163 163 163 552 356
3.323801 -1.417935 -0.698476 165 165 165 556 356
3.305509 -1.433981 -0.694632 165 165 165 560 356
3.296690 -1.453942 -0.692779 166 166 166 564 356
3.287919 -1.473797 -0.690935 166 166 166 568 356
3.273120 -1.490780 -0.687826 166 166 166 572 356
3.240069 -1.499104 -0.680880 167 167 167 576 356
3.226279 -1.516002 -0.677982 168 168 168 580 356
3.225356 -1.538840 -0.677788 168 168 168 584 356
4.881576 -2.364256 -1.025833 123 123 123 588 356
4.884362 -2.400847 -1.026418 123 123 123 592 356
4.887152 -2.437480 -1.027004 123 123 123 596 356
4.889945 -2.474155 -1.027591 123 123 123 600 356
4.892740 -2.510872 -1.028179 123 123 123 604 356
4.895539 -2.547631 -1.028767 123 123 123 608 356
4.898341 -2.584432 -1.029356 123 123 123 612 356
4.901147 -2.621275 -1.029945 123 123 123 616 356
4.903955 -2.658160 -1.030535 122 122 122 620 356
4.906767 -2.695088 -1.031126 122 122 122 624 356
4.909582 -2.732058 -1.031718 122 122 122 628 356
4.912400 -2.769070 -1.032310 122 122 122 632 356
4.915222 -2.806125 -1.032903 122 122 122 636 356
4.454651 2.567290 -0.968258 135 135 135 0 360
4.456971 2.536469 -0.968762 134 134 134 4 360
4.459294 2.505616 -0.969267 134 134 134 8 360
4.461619 2.474731 -0.969772 134 134 134 12 360
4.463946 2.443813 -0.970278 134 134 134 16 360
4.466276 2.412863 -0.970784 134 134 134 20 360
4.468609 2.381881 -0.971291 134 134 134 24 360
4.470943 2.350867 -0.971799 134 134 134 28 360
4.473280 2.319820 -0.972307 134 134 134 32 360
4.475620 2.288741 -0.972815 134 134 134 36 360
4.477962 2.257629 -0.973324 134 134 134 40 360
4.480307 2.226485 -0.973834 134 134 134 44 360
4.482654 2.195307 -0.974344 134 134 134 48 360
4.485003 2.164098 -0.974855 134 134 134 52 360
4.487355 2.132855 -0.975366 134 134 134 56 360
4.489709 2.101580 -0.975878 134 134 134 60 360
4.492066 2.070272 -0.976390 134 134 134 64 360
4.494426 2.038931 -0.976903 133 133 133 68 360
4.496788 2.007557 -0.977416 133 133 133 72 360
4.499152 1.976150 -0.977930 133 133 133 76 360
4.501518 1.944710 -0.978445 133 133 133 80 360
4.503888 1.913237 -0.978960 133 133 133 84 360
4.506260 1.881731 -0.979475 133 133 133 88 360
4.508634 1.850192 -0.979991 133 133 133 92 360
3.993098 1.609822 -0.867935 147 147 147 96 360
3.995884 1.582114 -0.868540 147 147 147 100 360
4.515772 1.755374 -0.981543 133 133 133 104 360
4.518156 1.723701 -0.982061 133 133 133 108 360
4.520543 1.691995 -0.982580 133 133 133 112 360
4.522933 1.660255 -0.983099 133 133 133 116 360
4.525324 1.628482 -0.983619 133 133 133 120 360
4.527719 1.596675 -0.984139 133 133 133 124 360
4.530116 1.564835 -0.984661 133 133 133 128 360
4.532516 1.532960 -0.985182 132 132 132 132 360
4.534917 1.501052 -0.985704 132 132 132 136 360
4.537322 1.469110 -0.986227 132 132 132 140 360
4.539729 1.437135 -0.986750 132 132 132 144 360
4.542139 1.405125 -0.987274 132 132 132 148 360
4.544550 1.373081 -0.987798 132 132 132 152 360
4.546966 1.341003 -0.988323 132 132 132 156 360
4.549383 1.308891 -0.988849 132 132 132 160 360
4.551803 1.276745 -0.989375 132 132 132 164 360
4.554225 1.244565 -0.989902 132 132 132 168 360
4.556651 1.212350 -0.990429 132 132 132 172 360
4.559078 1.180102 -0.990956 132 132 132 176 360
4.561508 1.147818 -0.991485 132 132 132 180 360
4.563941 1.115501 -0.992014 132 132 132 184 360
4.566377 1.083148 -0.992543 132 132 132 188 360
4.568815 1.050762 -0.993073 131 131 131 192 360
4.571255 1.018340 -0.993603 131 131 131 196 360
4.573699 0.985884 -0.994134 131 131 131 200 360
4.576145 0.953394 -0.994666 131 131 131 204 360
4.578593 0.920868 -0.995198 131 131 131 208 360
4.581044 0.888308 -0.995731 131 131 131 212 360
4.583498 0.855713 -0.996264 131 131 131 216 360
4.585954 0.823082 -0.996798 131 131 131 220 360
4.588413 0.790417 -0.997333 131 131 131 224 360
4.590875 0.757717 -0.997868 131 131 131 228 360
4.593339 0.724982 -0.998403 131 131 131 232 360
4.595807 0.692212 -0.998940 131 131 131 236 360
4.598276 0.659406 -0.999476 131 131 131 240 360
4.600748 0.626565 -1.000014 131 131 131 244 360
4.603223 0.593689 -1.000552 131 131 131 248 360
4.605700 0.560777 -1.001090 130 130 130 252 360
4.608181 0.527830 -1.001629 130 130 130 256 360
4.610664 0.494847 -1.002169 130 130 130 260 360
4.613150 0.461829 -1.002709 130 130 130 264 360
4.615638 0.428775 -1.003250 130 130 130 268 360
4.618129 0.395686 -1.003792 130 130 130 272 360
4.620622 0.362561 -1.004334 130 130 130 276 360
4.623119 0.329400 -1.004876 130 130 130 280 360
4.625618 0.296203 -1.005419 130 130 130 284 360
4.628119 0.262970 -1.005963 130 130 130 288 360
4.029198 0.199868 -0.875782 146 146 146 292 360
4.633131 0.196397 -1.007053 130 130 130 296 360
4.635641 0.163056 -1.007598 130 130 130 300 360
4.638154 0.129679 -1.008144 130 130 130 304 360
4.640668 0.096266 -1.008691 130 130 130 308 360
4.643187 0.062816 -1.009238 129 129 129 312 360
4.645708 0.029330 -1.009786 129 129 129 316 360
4.036509 -0.003640 -0.877371 146 146 146 320 360
4.650758 -0.037750 -1.010884 129 129 129 324 360
4.653287 -0.071345 -1.011434 129 129 129 328 360
4.655818 -0.104977 -1.011984 129 129 129 332 360
4.658353 -0.138645 -1.012535 129 129 129 336 360
4.660890 -0.172350 -1.013086 129 129 129 340 360
4.663430 -0.206092 -1.013638 129 129 129 344 360
4.665973 -0.239870 -1.014191 129 129 129 348 360
4.668519 -0.273686 -1.014744 129 129 129 352 360
4.671067 -0.307538 -1.015298 129 129 129 356 360
4.673618 -0.341427 -1.015853 129 129 129 360 360
4.676172 -0.375353 -1.016408 129 129 129 364 360
4.678729 -0.409317 -1.016964 129 129 129 368 360
4.681288 -0.443317 -1.017520 128 128 128 372 360
4.683851 -0.477355 -1.018077 128 128 128 376 360
4.686416 -0.511430 -1.018634 128 128 128 380 360
4.688983 -0.545542 -1.019192 128 128 128 384 360
4.691554 -0.579692 -1.019751 128 128 128 388 360
4.694128 -0.613879 -1.020311 128 128 128 392 360
4.696704 -0.648104 -1.020871 128 128 128 396 360
4.699283 -0.682366 -1.021431 128 128 128 400 360
4.701865 -0.716666 -1.021993 128 128 128 404 360
4.704450 -0.751004 -1.022554 128 128 128 408 360
4.707038 -0.785379 -1.023117 128 128 128 412 360
4.709628 -0.819792 -1.023680 128 128 128 416 360
4.712222 -0.854244 -1.024244 128 128 128 420 360
4.714818 -0.888733 -1.024808 128 128 128 424 360
4.717417 -0.923260 -1.025373 127 127 127 428 360
4.720018 -0.957825 -1.025938 127 127 127 432 360
4.722624 -0.992429 -1.026505 127 127 127 436 360
4.725232 -1.027070 -1.027071 127 127 127 440 360
4.727842 -1.061750 -1.027639 127 127 127 444 360
4.730455 -1.096468 -1.028207 127 127 127 448 360
4.733072 -1.131225 -1.028776 127 127 127 452 360
4.735692 -1.166020 -1.029345 127 127 127 456 360
4.738313 -1.200854 -1.029915 127 127 127 460 360
4.740938 -1.235726 -1.030485 127 127 127 464 360
4.743567 -1.270637 -1.031057 127 127 127 468 360
4.746198 -1.305587 -1.031628 127 127 127 472 360
4.748831 -1.340575 -1.032201 127 127 127 476 360
4.751467 -1.375602 -1.032774 127 127 127 480 360
4.754107 -1.410668 -1.033348 126 126 126 484 360
4.756750 -1.445774 -1.033922 126 126 126 488 360
4.759396 -1.480918 -1.034497 126 126 126 492 360
4.762043 -1.516101 -1.035073 126 126 126 496 360
4.764695 -1.551324 -1.035649 126 126 126 500 360
4.767350 -1.586586 -1.036226 126 126 126 504 360
4.079192 -1.386997 -0.886649 145 145 145 508 360
4.772667 -1.657227 -1.037382 126 126 126 512 360
4.775331 -1.692607 -1.037961 126 126 126 516 360
4.777997 -1.728026 -1.038540 126 126 126 520 360
4.780666 -1.763485 -1.039121 126 126 126 524 360
4.783338 -1.798984 -1.039701 126 126 126 528 360
3.584267 -1.373882 -0.779073 158 158 158 532 360
3.535681 -1.380769 -0.768512 159 159 159 536 360
3.520288 -1.400158 -0.765166 160 160 160 540 360
3.503750 -1.418860 -0.761571 160 160 160 544 360
3.481050 -1.434784 -0.756637 161 161 161 548 360
3.497190 -1.466670 -0.760146 160 160 160 552 360
3.373807 -1.439268 -0.733327 164 164 164 556 360
3.320742 -1.440590 -0.721793 165 165 165 560 360
3.314381 -1.461744 -0.720410 165 165 165 564 360
3.308044 -1.482818 -0.719033 165 165 165 568 360
3.300540 -1.503268 -0.717402 166 166 166 572 360
3.257075 -1.506972 -0.707954 167 167 167 576 360
3.242020 -1.523399 -0.704682 167 167 167 580 360
3.240812 -1.546214 -0.704419 167 167 167 584 360
4.823783 -2.336266 -1.048492 125 125 125 588 360
4.826504 -2.372408 -1.049084 125 125 125 592 360
4.829227 -2.408591 -1.049676 124 124 124 596 360
4.831954 -2.444814 -1.050269 124 124 124 600 360
4.834684 -2.481079 -1.050862 124 124 124 604 360
4.837417 -2.517384 -1.051456 124 124 124 608 360
4.840153 -2.553731 -1.052051 124 124 124 612 360
4.842893 -2.590119 -1.052646 124 124 124 616 360
4.845635 -2.626548 -1.053242 124 124 124 620 360
4.848380 -2.663018 -1.053839 124 124 124 624 360
4.851128 -2.699530 -1.054436 124 124 124 628 360
4.853880 -2.736083 -1.055034 124 124 124 632 360
4.856635 -2.772677 -1.055633 124 124 124 636 360
4.406475 2.539525 -0.989580 136 136 136 0 364
4.408745 2.509023 -0.990090 136 136 136 4 364
4.411018 2.478490 -0.990600 136 136 136 8 364
4.413293 2.447925 -0.991111 136 136 136 12 364
4.415570 2.417329 -0.991622 136 136 136 16 364
4.417850 2.386702 -0.992134 136 136 136 20 364
4.420132 2.356042 -0.992647 135 135 135 24 364
4.422416 2.325351 -0.993160 135 135 135 28 364
4.424703 2.294628 -0.993673 135 135 135 32 364
4.426992 2.263874 -0.994187 135 135 135 36 364
4.429283 2.233087 -0.994702 135 135 135 40 364
4.431578 2.202269 -0.995217 135 135 135 44 364
4.433874 2.171418 -0.995733 135 135 135 48 364
4.436172 2.140536 -0.996249 135 135 135 52 364
4.438473 2.109622 -0.996766 135 135 135 56 364
4.440777 2.078675 -0.997283 135 135 135 60 364
4.443082 2.047697 -0.997801 135 135 135 64 364
4.445390 2.016686 -0.998319 135 135 135 68 364
4.447701 1.985643 -0.998838 135 135 135 72 364
4.450014 1.954568 -0.999357 135 135 135 76 364
4.452329 1.923460 -0.999877 135 135 135 80 364
4.454647 1.892320 -1.000398 135 135 135 84 364
4.456967 1.861148 -1.000919 134 134 134 88 364
4.459290 1.829943 -1.001441 134 134 134 92 364
4.461615 1.798705 -1.001963 134 134 134 96 364
4.005866 1.586066 -0.899613 147 147 147 100 364
4.466272 1.736132 -1.003009 134 134 134 104 364
4.468605 1.704797 -1.003532 134 134 134 108 364
4.470939 1.673429 -1.004057 134 134 134 112 364
4.473276 1.642028 -1.004582 134 134 134 116 364
4.475616 1.610594 -1.005107 134 134 134 120 364
4.477958 1.579127 -1.005633 134 134 134 124 364
4.480302 1.547628 -1.006160 134 134 134 128 364
4.482649 1.516095 -1.006687 134 134 134 132 364
4.484999 1.484529 -1.007214 134 134 134 136 364
4.487351 1.452931 -1.007743 134 134 134 140 364
4.489705 1.421299 -1.008271 134 134 134 144 364
4.492062 1.389633 -1.008801 134 134 134 148 364
4.494421 1.357935 -1.009330 133 133 133 152 364
4.496784 1.326204 -1.009861 133 133 133 156 364
4.499147 1.294438 -1.010392 133 133 133 160 364
4.501514 1.262640 -1.010924 133 133 133 164 364
4.503884 1.230808 -1.011456 133 133 133 168 364
4.506256 1.198942 -1.011989 133 133 133 172 364
4.508630 1.167043 -1.012522 133 133 133 176 364
4.511007 1.135110 -1.013056 133 133 133 180 364
4.513386 1.103144 -1.013590 133 133 133 184 364
4.515767 1.071144 -1.014125 133 133 133 188 364
4.518152 1.039110 -1.014660 133 133 133 192 364
4.520539 1.007042 -1.015196 133 133 133 196 364
4.522928 0.974940 -1.015733 133 133 133 200 364
4.525320 0.942805 -1.016270 133 133 133 204 364
4.527714 0.910635 -1.016808 133 133 133 208 364
4.530111 0.878431 -1.017346 133 133 133 212 364
4.532511 0.846194 -1.017885 132 132 132 216 364
4.534913 0.813922 -1.018424 132 132 132 220 364
4.537318 0.781615 -1.018964 132 132 132 224 364
4.539724 0.749275 -1.019505 132 132 132 228 364
4.542135 0.716900 -1.020046 132 132 132 232 364
4.544547 0.684491 -1.020588 132 132 132 236 364
4.546961 0.652047 -1.021130 132 132 132 240 364
4.549379 0.619569 -1.021673 132 132 132 244 364
4.551799 0.587056 -1.022216 132 132 132 248 364
4.554221 0.554509 -1.022760 132 132 132 252 364
4.556646 0.521927 -1.023305 132 132 132 256 364
4.559074 0.489310 -1.023850 132 132 132 260 364
4.561504 0.456659 -1.024396 132 132 132 264 364
4.563937 0.423972 -1.024942 132 132 132 268 364
4.566372 0.391251 -1.025489 132 132 132 272 364
4.568811 0.358495 -1.026037 131 131 131 276 364
4.571251 0.325704 -1.026585 131 131 131 280 364
4.573694 0.292878 -1.027134 131 131 131 284 364
4.576140 0.260017 -1.027683 131 131 131 288 364
4.042271 0.200516 -0.907790 146 146 146 292 364
4.581040 0.194188 -1.028783 131 131 131 296 364
4.583493 0.161221 -1.029334 131 131 131 300 364
4.585950 0.128219 -1.029886 131 131 131 304 364
4.588409 0.095182 -1.030438 131 131 131 308 364
4.590871 0.062108 -1.030991 131 131 131 312 364
4.593335 0.029000 -1.031544 131 131 131 316 364
4.050388 -0.003653 -0.909613 145 145 145 320 364
4.598271 -0.037324 -1.032653 131 131 131 324 364
4.600744 -0.070540 -1.033208 131 131 131 328 364
4.603219 -0.103791 -1.033764 131 131 131 332 364
4.605696 -0.137078 -1.034320 130 130 130 336 364
4.608176 -0.170401 -1.034877 130 130 130 340 364
4.610660 -0.203760 -1.035435 130 130 130 344 364
4.613145 -0.237154 -1.035993 130 130 130 348 364
4.615633 -0.270585 -1.036552 130 130 130 352 364
4.618124 -0.304052 -1.037111 130 130 130 356 364
4.620617 -0.337555 -1.037671 130 130 130 360 364
4.623114 -0.371094 -1.038232 130 130 130 364 364
4.625614 -0.404670 -1.038793 130 130 130 368 364
4.628115 -0.438282 -1.039355 130 130 130 372 364
4.630620 -0.471930 -1.039917 130 130 130 376 364
4.633126 -0.505614 -1.040480 130 130 130 380 364
4.635636 -0.539335 -1.041044 130 130 130 384 364
4.638149 -0.573093 -1.041608 130 130 130 388 364
4.640664 -0.606887 -1.042173 130 130 130 392 364
4.643182 -0.640718 -1.042739 129 129 129 396 364
4.645702 -0.674586 -1.043305 129 129 129 400 364
4.648226 -0.708490 -1.043872 129 129 129 404 364
4.650752 -0.742432 -1.044439 129 129 129 408 364
4.653281 -0.776410 -1.045007 129 129 129 412 364
4.655813 -0.810425 -1.045575 129 129 129 416 364
4.658347 -0.844477 -1.046144 129 129 129 420 364
4.660884 -0.878566 -1.046714 129 129 129 424 364
4.663424 -0.912693 -1.047285 129 129 129 428 364
4.665967 -0.946856 -1.047856 129 129 129 432 364
4.668513 -0.981058 -1.048427 129 129 129 436 364
4.671061 -1.015296 -1.049000 129 129 129 440 364
4.673612 -1.049572 -1.049572 129 129 129 444 364
4.676166 -1.083885 -1.050146 129 129 129 448 364
4.678722 -1.118235 -1.050720 129 129 129 452 364
4.681282 -1.152624 -1.051295 128 128 128 456 364
4.683844 -1.187049 -1.051870 128 128 128 460 364
4.686409 -1.221513 -1.052446 128 128 128 464 364
4.688977 -1.256014 -1.053023 128 128 128 468 364
4.691547 -1.290554 -1.053600 128 128 128 472 364
4.694121 -1.325131 -1.054178 128 128 128 476 364
4.696697 -1.359746 -1.054757 128 128 128 480 364
4.699276 -1.394399 -1.055336 128 128 128 484 364
4.701859 -1.429090 -1.055916 128 128 128 488 364
4.704443 -1.463819 -1.056496 128 128 128 492 364
4.707031 -1.498587 -1.057078 128 128 128 496 364
4.709622 -1.533393 -1.057659 128 128 128 500 364
4.712215 -1.568237 -1.058242 128 128 128 504 364
4.090549 -1.390859 -0.918632 144 144 144 508 364
4.717410 -1.638040 -1.059408 127 127 127 512 364
4.720013 -1.673000 -1.059993 127 127 127 516 364
4.722617 -1.707997 -1.060578 127 127 127 520 364
4.725224 -1.743034 -1.061163 127 127 127 524 364
4.727835 -1.778110 -1.061750 127 127 127 528 364
3.599400 -1.379683 -0.808332 158 158 158 532 364
3.550077 -1.386391 -0.797256 159 159 159 536 364
3.536140 -1.406463 -0.794126 159 159 159 540 364
3.519634 -1.425292 -0.790419 160 160 160 544 364
3.503102 -1.443873 -0.786706 160 160 160 548 364
3.521298 -1.476780 -0.790793 160 160 160 552 364
3.450064 -1.471799 -0.774795 162 162 162 556 364
3.369028 -1.461537 -0.756597 164 164 164 560 364
3.349861 -1.477392 -0.752292 164 164 164 564 364
3.339028 -1.496707 -0.749860 165 165 165 568 364
3.328265 -1.515896 -0.747442 165 165 165 572 364
3.271991 -1.513874 -0.734805 166 166 166 576 364
3.257915 -1.530868 -0.731644 167 167 167 580 364
3.255080 -1.553022 -0.731007 167 167 167 584 364
4.767342 -2.308930 -1.070622 126 126 126 588 364
4.770000 -2.344634 -1.071219 126 126 126 592 364
4.772661 -2.380378 -1.071816 126 126 126 596 364
4.775324 -2.416161 -1.072414 126 126 126 600 364
4.777989 -2.451984 -1.073013 126 126 126 604 364
4.780659 -2.487848 -1.073613 126 126 126 608 364
4.783332 -2.523751 -1.074213 126 126 126 612 364
4.786007 -2.559695 -1.074813 126 126 126 616 364
4.788684 -2.595678 -1.075415 126 126 126 620 364
4.791366 -2.631703 -1.076017 125 125 125 624 364
4.794050 -2.667767 -1.076620 125 125 125 628 364
4.796737 -2.703872 -1.077223 125 125 125 632 364
4.799428 -2.740017 -1.077827 125 125 125 636 364
4.359330 2.512355 -1.010446 137 137 137 0 368
4.361552 2.482165 -1.010961 137 137 137 4 368
4.363776 2.451946 -1.011476 137 137 137 8 368
4.366003 2.421695 -1.011992 137 137 137 12 368
4.368231 2.391413 -1.012509 137 137 137 16 368
4.370462 2.361101 -1.013026 137 137 137 20 368
4.372695 2.330757 -1.013544 137 137 137 24 368
4.374931 2.300383 -1.014062 137 137 137 28 368
4.377169 2.269977 -1.014581 137 137 137 32 368
4.379409 2.239541 -1.015100 137 137 137 36 368
4.381651 2.209073 -1.015620 137 137 137 40 368
4.383896 2.178574 -1.016140 136 136 136 44 368
4.386143 2.148043 -1.016661 136 136 136 48 368
4.388393 2.117481 -1.017182 136 136 136 52 368
4.390645 2.086888 -1.017704 136 136 136 56 368
4.392899 2.056264 -1.018227 136 136 136 60 368
4.395154 2.025608 -1.018749 136 136 136 64 368
4.397413 1.994921 -1.019273 136 136 136 68 368
4.399674 1.964202 -1.019797 136 136 136 72 368
4.401937 1.933451 -1.020322 136 136 136 76 368
4.404203 1.902669 -1.020847 136 136 136 80 368
4.406471 1.871855 -1.021373 136 136 136 84 368
4.408741 1.841009 -1.021899 136 136 136 88 368
4.411014 1.810132 -1.022426 136 136 136 92 368
4.413289 1.779222 -1.022953 136 136 136 96 368
4.016223 1.590167 -0.930917 146 146 146 100 368
4.417846 1.717308 -1.024009 136 136 136 104 368
4.420128 1.686303 -1.024538 135 135 135 108 368
4.422412 1.655265 -1.025068 135 135 135 112 368
4.424699 1.624196 -1.025598 135 135 135 116 368
4.426988 1.593095 -1.026128 135 135 135 120 368
4.429279 1.561961 -1.026659 135 135 135 124 368
4.431573 1.530795 -1.027191 135 135 135 128 368
4.433869 1.499597 -1.027723 135 135 135 132 368
4.436168 1.468366 -1.028256 135 135 135 136 368
4.438469 1.437103 -1.028789 135 135 135 140 368
4.440773 1.405808 -1.029323 135 135 135 144 368
4.443078 1.374480 -1.029858 135 135 135 148 368
4.445386 1.343120 -1.030393 135 135 135 152 368
4.447697 1.311727 -1.030929 135 135 135 156 368
4.450010 1.280301 -1.031465 135 135 135 160 368
4.452325 1.248843 -1.032002 135 135 135 164 368
4.454643 1.217351 -1.032539 135 135 135 168 368
4.456963 1.185827 -1.033077 134 134 134 172 368
4.459286 1.154271 -1.033615 134 134 134 176 368
4.461611 1.122681 -1.034154 134 134 134 180 368
4.463938 1.091058 -1.034693 134 134 134 184 368
4.466268 1.059402 -1.035234 134 134 134 188 368
4.468600 1.027714 -1.035774 134 134 134 192 368
4.470935 0.995992 -1.036315 134 134 134 196 368
4.473272 0.964237 -1.036857 134 134 134 200 368
4.475612 0.932449 -1.037399 134 134 134 204 368
4.477954 0.900627 -1.037942 134 134 134 208 368
4.480299 0.868772 -1.038486 134 134 134 212 368
4.482646 0.836884 -1.039030 134 134 134 216 368
4.484995 0.804962 -1.039574 134 134 134 220 368
4.487347 0.773007 -1.040120 134 134 134 224 368
4.489701 0.741019 -1.040665 134 134 134 228 368
4.492058 0.708996 -1.041211 134 134 134 232 368
4.494417 0.676940 -1.041758 133 133 133 236 368
4.496778 0.644851 -1.042306 133 133 133 240 368
4.499143 0.612728 -1.042854 133 133 133 244 368
4.501510 0.580570 -1.043402 133 133 133 248 368
4.503880 0.548380 -1.043952 133 133 133 252 368
4.506251 0.516155 -1.044501 133 133 133 256 368
4.508626 0.483896 -1.045052 133 133 133 260 368
4.511003 0.451603 -1.045603 133 133 133 264 368
4.513382 0.419276 -1.046154 133 133 133 268 368
4.515763 0.386915 -1.046706 133 133 133 272 368
4.518147 0.354520 -1.047259 133 133 133 276 368
4.520535 0.322090 -1.047812 133 133 133 280 368
4.522924 0.289627 -1.048366 133 133 133 284 368
4.525316 0.257129 -1.048920 133 133 133 288 368
4.055429 0.201169 -0.940006 145 145 145 292 368
4.530107 0.192029 -1.050031 133 133 133 296 368
4.532507 0.159428 -1.050587 132 132 132 300 368
4.534909 0.126792 -1.051144 132 132 132 304 368
4.537313 0.094122 -1.051701 132 132 132 308 368
4.539721 0.061416 -1.052259 132 132 132 312 368
4.542130 0.028676 -1.052818 132 132 132 316 368
4.064363 -0.003665 -0.942076 145 145 145 320 368
4.546957 -0.036908 -1.053936 132 132 132 324 368
4.549375 -0.069752 -1.054497 132 132 132 328 368
4.551794 -0.102631 -1.055058 132 132 132 332 368
4.554217 -0.135546 -1.055619 132 132 132 336 368
4.556642 -0.168495 -1.056181 132 132 132 340 368
4.559070 -0.201480 -1.056744 132 132 132 344 368
4.561500 -0.234499 -1.057307 132 132 132 348 368
4.563933 -0.267554 -1.057871 132 132 132 352 368
4.566368 -0.300645 -1.058436 132 132 132 356 368
4.568806 -0.333770 -1.059001 131 131 131 360 368
4.571247 -0.366931 -1.059567 131 131 131 364 368
4.573690 -0.400127 -1.060133 131 131 131 368 368
4.576136 -0.433359 -1.060700 131 131 131 372 368
4.578584 -0.466627 -1.061267 131 131 131 376 368
4.581036 -0.499930 -1.061836 131 131 131 380 368
4.583489 -0.533268 -1.062404 131 131 131 384 368
4.585945 -0.566643 -1.062974 131 131 131 388 368
4.588404 -0.600053 -1.063544 131 131 131 392 368
4.590866 -0.633499 -1.064114 131 131 131 396 368
4.593330 -0.666981 -1.064685 131 131 131 400 368
4.595797 -0.700499 -1.065257 131 131 131 404 368
4.598266 -0.734053 -1.065829 131 131 131 408 368
4.600738 -0.767643 -1.066402 131 131 131 412 368
4.603213 -0.801269 -1.066976 131 131 131 416 368
4.605691 -0.834931 -1.067550 130 130 130 420 368
4.608171 -0.868630 -1.068125 130 130 130 424 368
4.610653 -0.902365 -1.068701 130 130 130 428 368
4.613139 -0.936136 -1.069277 130 130 130 432 368
4.615628 -0.969944 -1.069854 130 130 130 436 368
4.618118 -1.003788 -1.070431 130 130 130 440 368
4.620611 -1.037669 -1.071009 130 130 130 444 368
4.623108 -1.071586 -1.071587 130 130 130 448 368
4.625607 -1.105541 -1.072167 130 130 130 452 368
4.628109 -1.139531 -1.072747 130 130 130 456 368
4.630613 -1.173559 -1.073327 130 130 130 460 368
4.633120 -1.207623 -1.073908 130 130 130 464 368
4.635630 -1.241724 -1.074490 130 130 130 468 368
4.638142 -1.275863 -1.075072 130 130 130 472 368
4.640657 -1.310038 -1.075655 130 130 130 476 368
4.643176 -1.344251 -1.076239 129 129 129 480 368
4.645696 -1.378500 -1.076823 129 129 129 484 368
4.648220 -1.412787 -1.077408 129 129 129 488 368
4.650745 -1.447111 -1.077994 129 129 129 492 368
4.653275 -1.481472 -1.078580 129 129 129 496 368
4.655806 -1.515871 -1.079167 129 129 129 500 368
4.130451 -1.374624 -0.957395 143 143 143 504 368
4.102719 -1.394997 -0.950967 144 144 144 508 368
4.663418 -1.619292 -1.080931 129 129 129 512 368
4.665961 -1.653841 -1.081520 129 129 129 516 368
4.668506 -1.688427 -1.082110 129 129 129 520 368
4.671054 -1.723052 -1.082701 129 129 129 524 368
4.673605 -1.757714 -1.083292 129 129 129 528 368
3.618325 -1.386937 -0.838689 157 157 157 532 368
3.564591 -1.392060 -0.826235 159 159 159 536 368
3.550540 -1.412190 -0.822978 159 159 159 540 368
3.535663 -1.431784 -0.819529 159 159 159 544 368
3.521164 -1.451318 -0.816169 160 160 160 548 368
3.507705 -1.471080 -0.813049 160 160 160 552 368
3.462422 -1.477071 -0.802553 161 161 161 556 368
3.418293 -1.482909 -0.792324 162 162 162 560 368
3.388874 -1.494598 -0.785505 163 163 163 564 368
3.373546 -1.512179 -0.781952 164 164 164 568 368
3.358356 -1.529602 -0.778431 164 164 164 572 368
3.281389 -1.518222 -0.760591 166 166 166 576 368
3.266879 -1.535079 -0.757228 167 167 167 580 368
3.264074 -1.557313 -0.756578 167 167 167 584 368
4.712208 -2.282227 -1.092240 128 128 128 588 368
4.714804 -2.317503 -1.092842 128 128 128 592 368
4.717403 -2.352818 -1.093444 127 127 127 596 368
4.720005 -2.388171 -1.094047 127 127 127 600 368
4.722610 -2.423564 -1.094651 127 127 127 604 368
4.725218 -2.458996 -1.095255 127 127 127 608 368
4.727829 -2.494467 -1.095861 127 127 127 612 368
4.730442 -2.529977 -1.096466 127 127 127 616 368
4.733058 -2.565526 -1.097073 127 127 127 620 368
4.735678 -2.601115 -1.097680 127 127 127 624 368
4.738300 -2.636744 -1.098288 127 127 127 628 368
4.740925 -2.672411 -1.098896 127 127 127 632 368
4.743552 -2.708118 -1.099505 127 127 127 636 368
4.313183 2.485759 -1.030870 138 138 138 0 372
4.315358 2.455877 -1.031390 138 138 138 4 372
4.317535 2.425964 -1.031910 138 138 138 8 372
4.319715 2.396020 -1.032431 138 138 138 12 372
4.321897 2.366047 -1.032953 138 138 138 16 372
4.324080 2.336044 -1.033475 138 138 138 20 372
4.326266 2.306010 -1.033997 138 138 138 24 372
4.328455 2.275945 -1.034520 138 138 138 28 372
4.330645 2.245850 -1.035043 138 138 138 32 372
4.332838 2.215725 -1.035568 138 138 138 36 372
4.335033 2.185569 -1.036092 138 138 138 40 372
4.337231 2.155383 -1.036617 138 138 138 44 372
4.339430 2.125166 -1.037143 138 138 138 48 372
4.341632 2.094918 -1.037669 138 138 138 52 372
4.343836 2.064640 -1.038196 138 138 138 56 372
4.346042 2.034331 -1.038723 137 137 137 60 372
4.348250 2.003991 -1.039251 137 137 137 64 372
4.350461 1.973620 -1.039780 137 137 137 68 372
4.352674 1.943219 -1.040308 137 137 137 72 372
4.354888 1.912786 -1.040838 137 137 137 76 372
4.357106 1.882323 -1.041368 137 137 137 80 372
4.359326 1.851828 -1.041898 137 137 137 84 372
4.361548 1.821302 -1.042429 137 137 137 88 372
4.363772 1.790745 -1.042961 137 137 137 92 372
4.365999 1.760157 -1.043493 137 137 137 96 372
4.028386 1.594982 -0.962802 146 146 146 100 372
4.370458 1.698887 -1.044559 137 137 137 104 372
4.372692 1.668206 -1.045093 137 137 137 108 372
4.374927 1.637492 -1.045627 137 137 137 112 372
4.377165 1.606748 -1.046162 137 137 137 116 372
4.379405 1.575971 -1.046697 137 137 137 120 372
4.381648 1.545164 -1.047233 137 137 137 124 372
4.383892 1.514325 -1.047770 136 136 136 128 372
4.386139 1.483454 -1.048307 136 136 136 132 372
4.388389 1.452551 -1.048845 136 136 136 136 372
4.390641 1.421617 -1.049383 136 136 136 140 372
4.392894 1.390651 -1.049922 136 136 136 144 372
4.395151 1.359654 -1.050461 136 136 136 148 372
4.397409 1.328624 -1.051001 136 136 136 152 372
4.399670 1.297563 -1.051542 136 136 136 156 372
4.401934 1.266469 -1.052083 136 136 136 160 372
4.404199 1.235344 -1.052624 136 136 136 164 372
4.406467 1.204186 -1.053166 136 136 136 168 372
4.408738 1.172997 -1.053709 136 136 136 172 372
4.411009 1.141775 -1.054252 136 136 136 176 372
4.413285 1.110521 -1.054796 136 136 136 180 372
4.415562 1.079234 -1.055340 136 136 136 184 372
4.417841 1.047916 -1.055885 136 136 136 188 372
4.420124 1.016565 -1.056430 135 135 135 192 372
4.422408 0.985182 -1.056976 135 135 135 196 372
4.424695 0.953766 -1.057523 135 135 135 200 372
4.426984 0.922317 -1.058070 135 135 135 204 372
4.429275 0.890837 -1.058617 135 135 135 208 372
4.431569 0.859323 -1.059166 135 135 135 212 372
4.433866 0.827777 -1.059714 135 135 135 216 372
4.436164 0.796198 -1.060264 135 135 135 220 372
4.438465 0.764587 -1.060814 135 135 135 224 372
4.440768 0.732942 -1.061364 135 135 135 228 372
4.443074 0.701265 -1.061915 135 135 135 232 372
4.445382 0.669555 -1.062467 135 135 135 236 372
4.447692 0.637812 -1.063019 135 135 135 240 372
4.450006 0.606036 -1.063572 135 135 135 244 372
4.452321 0.574226 -1.064125 135 135 135 248 372
4.454638 0.542384 -1.064679 135 135 135 252 372
4.456959 0.510509 -1.065234 134 134 134 256 372
4.459281 0.478600 -1.065789 134 134 134 260 372
4.461607 0.446658 -1.066345 134 134 134 264 372
4.463934 0.414683 -1.066901 134 134 134 268 372
4.466264 0.382674 -1.067458 134 134 134 272 372
4.468596 0.350632 -1.068015 134 134 134 276 372
4.470931 0.318556 -1.068573 134 134 134 280 372
4.473268 0.286447 -1.069132 134 134 134 284 372
4.475608 0.254304 -1.069691 134 134 134 288 372
4.068793 0.201832 -0.972460 145 145 145 292 372
4.480294 0.189918 -1.070811 134 134 134 296 372
4.482641 0.157674 -1.071372 134 134 134 300 372
4.484991 0.125396 -1.071934 134 134 134 304 372
4.487342 0.093085 -1.072496 134 134 134 308 372
4.489697 0.060740 -1.073058 134 134 134 312 372
4.094980 0.025853 -0.978719 144 144 144 316 372
4.078434 -0.003678 -0.974765 145 145 145 320 372
4.496775 -0.036500 -1.074750 133 133 133 324 372
4.499139 -0.068982 -1.075315 133 133 133 328 372
4.501506 -0.101498 -1.075881 133 133 133 332 372
4.503875 -0.134048 -1.076447 133 133 133 336 372
4.506247 -0.166632 -1.077014 133 133 133 340 372
4.508621 -0.199250 -1.077581 133 133 133 344 372
4.510998 -0.231903 -1.078149 133 133 133 348 372
4.513378 -0.264591 -1.078718 133 133 133 352 372
4.515759 -0.297312 -1.079287 133 133 133 356 372
4.518143 -0.330069 -1.079857 133 133 133 360 372
4.520531 -0.362860 -1.080428 133 133 133 364 372
4.522920 -0.395686 -1.080999 133 133 133 368 372
4.525311 -0.428546 -1.081570 133 133 133 372 372
4.527706 -0.461441 -1.082143 133 133 133 376 372
4.530103 -0.494371 -1.082716 133 133 133 380 372
4.532502 -0.527336 -1.083289 132 132 132 384 372
4.534904 -0.560336 -1.083863 132 132 132 388 372
4.537309 -0.593371 -1.084438 132 132 132 392 372
4.539716 -0.626441 -1.085013 132 132 132 396 372
4.542125 -0.659546 -1.085589 132 132 132 400 372
4.544537 -0.692686 -1.086165 132 132 132 404 372
4.546952 -0.725861 -1.086743 132 132 132 408 372
4.549369 -0.759072 -1.087320 132 132 132 412 372
4.551789 -0.792318 -1.087899 132 132 132 416 372
4.554212 -0.825599 -1.088478 132 132 132 420 372
4.556636 -0.858916 -1.089057 132 132 132 424 372
4.559064 -0.892268 -1.089637 132 132 132 428 372
4.561494 -0.925656 -1.090218 132 132 132 432 372
4.563927 -0.959080 -1.090800 132 132 132 436 372
4.566362 -0.992539 -1.091382 132 132 132 440 372
4.568800 -1.026034 -1.091964 131 131 131 444 372
4.571240 -1.059564 -1.092548 131 131 131 448 372
4.573684 -1.093131 -1.093132 131 131 131 452 372
4.576130 -1.126733 -1.093716 131 131 131 456 372
4.578578 -1.160371 -1.094301 131 131 131 460 372
4.581029 -1.194046 -1.094887 131 131 131 464 372
4.583483 -1.227756 -1.095474 131 131 131 468 372
4.585939 -1.261503 -1.096061 131 131 131 472 372
4.588398 -1.295285 -1.096648 131 131 131 476 372
4.590859 -1.329104 -1.097237 131 131 131 480 372
4.593324 -1.362960 -1.097826 131 131 131 484 372
4.595790 -1.396851 -1.098415 131 131 131 488 372
4.598260 -1.430779 -1.099005 131 131 131 492 372
4.600732 -1.464744 -1.099596 131 131 131 496 372
4.603207 -1.498745 -1.100188 131 131 131 500 372
4.130470 -1.374630 -0.987201 143 143 143 504 372
4.118880 -1.400492 -0.984432 144 144 144 508 372
4.610647 -1.600968 -1.101966 130 130 130 512 372
4.613133 -1.635116 -1.102560 130 130 130 516 372
4.615621 -1.669301 -1.103155 130 130 130 520 372
4.618112 -1.703522 -1.103750 130 130 130 524 372
4.620605 -1.737781 -1.104346 130 130 130 528 372
3.639886 -1.395201 -0.869950 156 156 156 532 372
3.581178 -1.398537 -0.855918 158 158 158 536 372
3.565326 -1.418071 -0.852129 158 158 158 540 372
3.551004 -1.437996 -0.848706 159 159 159 544 372
3.548321 -1.462511 -0.848065 159 159 159 548 372
3.520481 -1.476437 -0.841411 160 160 160 552 372
3.474390 -1.482176 -0.830395 161 161 161 556 372
3.428893 -1.487508 -0.819521 162 162 162 560 372
3.409132 -1.503532 -0.814798 163 163 163 564 372
3.394491 -1.521568 -0.811299 163 163 163 568 372
3.379977 -1.539449 -0.807830 163 163 163 572 372
3.292232 -1.523238 -0.786859 166 166 166 576 372
3.278691 -1.540630 -0.783622 166 166 166 580 372
3.282651 -1.566176 -0.784569 166 166 166 584 372
4.658334 -2.256135 -1.113363 129 129 129 588 372
4.660872 -2.290993 -1.113970 129 129 129 592 372
4.663412 -2.325889 -1.114577 129 129 129 596 372
4.665954 -2.360823 -1.115185 129 129 129 600 372
4.668499 -2.395795 -1.115793 129 129 129 604 372
4.671048 -2.430806 -1.116402 129 129 129 608 372
4.673599 -2.465855 -1.117012 129 129 129 612 372
4.676153 -2.500942 -1.117622 129 129 129 616 372
4.678709 -2.536067 -1.118233 129 129 129 620 372
4.681268 -2.571230 -1.118845 128 128 128 624 372
4.683831 -2.606433 -1.119457 128 128 128 628 372
4.686396 -2.641674 -1.120070 128 128 128 632 372
4.688963 -2.676953 -1.120684 128 128 128 636 372
4.268002 2.459721 -1.050866 140 140 140 0 376
4.270132 2.430139 -1.051391 140 140 140 4 376
4.272264 2.400526 -1.051916 139 139 139 8 376
4.274398 2.370885 -1.052441 139 139 139 12 376
4.276535 2.341213 -1.052967 139 139 139 16 376
4.278673 2.311512 -1.053493 139 139 139 20 376
4.280813 2.281782 -1.054021 139 139 139 24 376
4.282956 2.252022 -1.054548 139 139 139 28 376
4.285100 2.222231 -1.055076 139 139 139 32 376
4.287247 2.192411 -1.055605 139 139 139 36 376
4.289397 2.162561 -1.056134 139 139 139 40 376
4.291548 2.132681 -1.056664 139 139 139 44 376
4.293701 2.102771 -1.057194 139 139 139 48 376
4.295857 2.072831 -1.057725 139 139 139 52 376
4.298015 2.042861 -1.058256 139 139 139 56 376
4.300175 2.012861 -1.058788 139 139 139 60 376
4.302336 1.982831 -1.059320 139 139 139 64 376
4.304501 1.952770 -1.059853 139 139 139 68 376
4.306667 1.922679 -1.060386 139 139 139 72 376
4.308835 1.892558 -1.060920 138 138 138 76 376
4.311006 1.862407 -1.061455 138 138 138 80 376
4.313179 1.832225 -1.061990 138 138 138 84 376
4.315354 1.802012 -1.062525 138 138 138 88 376
4.317531 1.771770 -1.063061 138 138 138 92 376
4.319711 1.741496 -1.063598 138 138 138 96 376
4.040623 1.599828 -0.994881 146 146 146 100 376
4.324077 1.680858 -1.064673 138 138 138 104 376
4.326263 1.650493 -1.065211 138 138 138 108 376
4.328451 1.620097 -1.065750 138 138 138 112 376
4.330642 1.589670 -1.066289 138 138 138 116 376
4.332834 1.559213 -1.066829 138 138 138 120 376
4.335029 1.528724 -1.067370 138 138 138 124 376
4.337227 1.498205 -1.067911 138 138 138 128 376
4.339426 1.467655 -1.068452 138 138 138 132 376
4.341628 1.437074 -1.068994 138 138 138 136 376
4.343832 1.406462 -1.069538 138 138 138 140 376
4.346038 1.375818 -1.070081 137 137 137 144 376
4.348247 1.345144 -1.070625 137 137 137 148 376
4.350457 1.314438 -1.071169 137 137 137 152 376
4.352670 1.283701 -1.071714 137 137 137 156 376
4.354885 1.252933 -1.072259 137 137 137 160 376
4.357103 1.222134 -1.072805 137 137 137 164 376
4.359322 1.191302 -1.073352 137 137 137 168 376
4.361544 1.160440 -1.073899 137 137 137 172 376
4.363768 1.129546 -1.074446 137 137 137 176 376
4.365994 1.098621 -1.074995 137 137 137 180 376
4.368223 1.067664 -1.075543 137 137 137 184 376
4.370454 1.036675 -1.076093 137 137 137 188 376
4.372687 1.005655 -1.076643 137 137 137 192 376
4.374923 0.974603 -1.077193 137 137 137 196 376
4.377161 0.943520 -1.077744 137 137 137 200 376
4.379401 0.912404 -1.078296 137 137 137 204 376
4.381644 0.881257 -1.078848 137 137 137 208 376
4.383888 0.850077 -1.079400 136 136 136 212 376
4.386135 0.818866 -1.079954 136 136 136 216 376
4.388385 0.787623 -1.080508 136 136 136 220 376
4.390636 0.756348 -1.081062 136 136 136 224 376
4.392890 0.725040 -1.081617 136 136 136 228 376
4.395146 0.693700 -1.082172 136 136 136 232 376
4.397405 0.662329 -1.082729 136 136 136 236 376
4.399666 0.630925 -1.083285 136 136 136 240 376
4.401929 0.599488 -1.083843 136 136 136 244 376
4.404195 0.568020 -1.084400 136 136 136 248 376
4.406463 0.536518 -1.084959 136 136 136 252 376
4.408733 0.504985 -1.085518 136 136 136 256 376
4.411006 0.473419 -1.086077 136 136 136 260 376
4.413280 0.441820 -1.086637 136 136 136 264 376
4.415558 0.410189 -1.087198 136 136 136 268 376
4.417837 0.378525 -1.087759 136 136 136 272 376
4.420119 0.346828 -1.088321 135 135 135 276 376
4.422404 0.315099 -1.088884 135 135 135 280 376
4.424691 0.283336 -1.089447 135 135 135 284 376
4.426980 0.251541 -1.090010 135 135 135 288 376
4.082664 0.202520 -1.005233 145 145 145 292 376
4.431565 0.187852 -1.091139 135 135 135 296 376
4.433861 0.155958 -1.091705 135 135 135 300 376
4.436160 0.124031 -1.092271 135 135 135 304 376
4.438460 0.092071 -1.092837 135 135 135 308 376
4.440764 0.060078 -1.093404 135 135 135 312 376
4.103076 0.025905 -1.010259 144 144 144 316 376
4.093940 -0.003692 -1.008009 144 144 144 320 376
4.447689 -0.036102 -1.095109 135 135 135 324 376
4.450002 -0.068229 -1.095679 135 135 135 328 376
4.452317 -0.100389 -1.096249 135 135 135 332 376
4.454635 -0.132582 -1.096820 135 135 135 336 376
4.456955 -0.164809 -1.097391 134 134 134 340 376
4.459278 -0.197070 -1.097963 134 134 134 344 376
4.461602 -0.229364 -1.098535 134 134 134 348 376
4.463930 -0.261692 -1.099108 134 134 134 352 376
4.466259 -0.294053 -1.099682 134 134 134 356 376
4.468592 -0.326449 -1.100256 134 134 134 360 376
4.470926 -0.358878 -1.100831 134 134 134 364 376
4.473264 -0.391342 -1.101406 134 134 134 368 376
4.475604 -0.423839 -1.101982 134 134 134 372 376
4.477945 -0.456370 -1.102559 134 134 134 376 376
4.480290 -0.488935 -1.103136 134 134 134 380 376
4.482637 -0.521535 -1.103714 134 134 134 384 376
4.484987 -0.554168 -1.104293 134 134 134 388 376
4.487338 -0.586836 -1.104872 134 134 134 392 376
4.489693 -0.619538 -1.105452 134 134 134 396 376
4.492050 -0.652274 -1.106032 134 134 134 400 376
4.494409 -0.685045 -1.106613 133 133 133 404 376
4.496770 -0.717850 -1.107194 133 133 133 408 376
4.499135 -0.750690 -1.107776 133 133 133 412 376
4.501501 -0.783564 -1.108359 133 133 133 416 376
4.503870 -0.816473 -1.108942 133 133 133 420 376
4.506242 -0.849417 -1.109526 133 133 133 424 376
4.508616 -0.882395 -1.110111 133 133 133 428 376
4.510993 -0.915408 -1.110696 133 133 133 432 376
4.513372 -0.948456 -1.111282 133 133 133 436 376
4.515754 -0.981538 -1.111868 133 133 133 440 376
4.518138 -1.014656 -1.112455 133 133 133 444 376
4.520525 -1.047809 -1.113043 133 133 133 448 376
4.522914 -1.080996 -1.113631 133 133 133 452 376
4.525305 -1.114219 -1.114220 133 133 133 456 376
4.527700 -1.147477 -1.114810 133 133 133 460 376
4.530097 -1.180770 -1.115400 133 133 133 464 376
4.532496 -1.214099 -1.115991 132 132 132 468 376
4.534898 -1.247462 -1.116582 132 132 132 472 376
4.537303 -1.280862 -1.117174 132 132 132 476 376
4.539710 -1.314296 -1.117767 132 132 132 480 376
4.542119 -1.347766 -1.118360 132 132 132 484 376
4.544531 -1.381272 -1.118954 132 132 132 488 376
4.546946 -1.414813 -1.119549 132 132 132 492 376
4.549363 -1.448390 -1.120144 132 132 132 496 376
4.551783 -1.482002 -1.120739 132 132 132 500 376
4.137764 -1.377058 -1.018800 143 143 143 504 376
4.556630 -1.549335 -1.121933 132 132 132 508 376
4.559058 -1.583055 -1.122531 132 132 132 512 376
4.561488 -1.616811 -1.123129 132 132 132 516 376
4.563920 -1.650603 -1.123728 132 132 132 520 376
4.566356 -1.684431 -1.124328 132 132 132 524 376
4.568794 -1.718295 -1.124928 131 131 131 528 376
3.662241 -1.403770 -0.901717 156 156 156 532 376
3.605094 -1.407877 -0.887646 157 157 157 536 376
3.585217 -1.425982 -0.882752 158 158 158 540 376
3.569329 -1.445417 -0.878840 158 158 158 544 376
3.573071 -1.472713 -0.879761 158 158 158 548 376
3.533073 -1.481719 -0.869913 159 159 159 552 376
3.484539 -1.486506 -0.857963 161 161 161 556 376
3.442801 -1.493541 -0.847686 162 162 162 560 376
3.427871 -1.511797 -0.844010 162 162 162 564 376
3.413966 -1.530297 -0.840586 163 163 163 568 376
3.400677 -1.548877 -0.837314 163 163 163 572 376
3.314541 -1.533560 -0.816106 165 165 165 576 376
3.295267 -1.548419 -0.811360 166 166 166 580 376
3.301604 -1.575219 -0.812921 166 166 166 584 376
4.605678 -2.230632 -1.134009 130 130 130 588 376
4.608158 -2.265083 -1.134620 130 130 130 592 376
4.610641 -2.299570 -1.135231 130 130 130 596 376
4.613127 -2.334094 -1.135843 130 130 130 600 376
4.615614 -2.368656 -1.136456 130 130 130 604 376
4.618105 -2.403255 -1.137069 130 130 130 608 376
4.620599 -2.437891 -1.137683 130 130 130 612 376
4.623095 -2.472565 -1.138298 130 130 130 616 376
4.625594 -2.507276 -1.138913 130 130 130 620 376
4.628096 -2.542025 -1.139529 130 130 130 624 376
4.630600 -2.576812 -1.140146 130 130 130 628 376
4.633107 -2.611635 -1.140763 130 130 130 632 376
4.635616 -2.646497 -1.141381 130 130 130 636 376
4.223759 2.434223 -1.070448 141 141 141 0 380
4.225845 2.404935 -1.070977 141 141 141 4 380
4.227932 2.375617 -1.071506 141 141 141 8 380
4.230022 2.346271 -1.072035 141 141 141 12 380
4.232115 2.316896 -1.072566 141 141 141 16 380
4.234209 2.287492 -1.073096 140 140 140 20 380
4.236305 2.258058 -1.073628 140 140 140 24 380
4.238403 2.228595 -1.074159 140 140 140 28 380
4.240504 2.199104 -1.074692 140 140 140 32 380
4.242606 2.169582 -1.075225 140 140 140 36 380
4.244711 2.140032 -1.075758 140 140 140 40 380
4.246817 2.110452 -1.076292 140 140 140 44 380
4.248926 2.080843 -1.076826 140 140 140 48 380
4.251037 2.051205 -1.077361 140 140 140 52 380
4.253149 2.021536 -1.077897 140 140 140 56 380
4.255265 1.991839 -1.078433 140 140 140 60 380
4.257382 1.962112 -1.078969 140 140 140 64 380
4.259501 1.932356 -1.079506 140 140 140 68 380
4.261622 1.902569 -1.080044 140 140 140 72 380
4.263746 1.872753 -1.080582 140 140 140 76 380
4.265871 1.842908 -1.081121 140 140 140 80 380
4.267999 1.813032 -1.081660 140 140 140 84 380
4.270129 1.783127 -1.082200 140 140 140 88 380
4.272261 1.753192 -1.082740 139 139 139 92 380
4.274395 1.723227 -1.083281 139 139 139 96 380
4.053579 1.604957 -1.027318 145 145 145 100 380
4.078745 1.585492 -1.033696 145 145 145 104 380
4.280809 1.633152 -1.084907 139 139 139 108 380
4.282952 1.603067 -1.085450 139 139 139 112 380
4.285097 1.572952 -1.085993 139 139 139 116 380
4.287243 1.542806 -1.086537 139 139 139 120 380
4.289393 1.512631 -1.087082 139 139 139 124 380
4.291543 1.482425 -1.087627 139 139 139 128 380
4.293697 1.452189 -1.088173 139 139 139 132 380
4.295853 1.421922 -1.088720 139 139 139 136 380
4.298010 1.391625 -1.089267 139 139 139 140 380
4.300170 1.361298 -1.089814 139 139 139 144 380
4.302332 1.330940 -1.090362 139 139 139 148 380
4.304497 1.300552 -1.090910 139 139 139 152 380
4.306663 1.270133 -1.091460 139 139 139 156 380
4.308831 1.239683 -1.092009 138 138 138 160 380
4.311002 1.209203 -1.092559 138 138 138 164 380
4.313175 1.178692 -1.093110 138 138 138 168 380
4.315350 1.148150 -1.093661 138 138 138 172 380
4.317528 1.117577 -1.094213 138 138 138 176 380
4.319707 1.086974 -1.094765 138 138 138 180 380
4.321889 1.056339 -1.095318 138 138 138 184 380
4.324073 1.025674 -1.095872 138 138 138 188 380
4.326259 0.994977 -1.096426 138 138 138 192 380
4.328447 0.964250 -1.096980 138 138 138 196 380
4.330638 0.933491 -1.097536 138 138 138 200 380
4.332830 0.902701 -1.098091 138 138 138 204 380
4.335025 0.871881 -1.098648 138 138 138 208 380
4.337223 0.841029 -1.099204 138 138 138 212 380
4.339422 0.810145 -1.099762 138 138 138 216 380
4.341624 0.779230 -1.100320 138 138 138 220 380
4.343828 0.748284 -1.100878 138 138 138 224 380
4.346034 0.717307 -1.101438 137 137 137 228 380
4.348243 0.686298 -1.101997 137 137 137 232 380
4.350453 0.655257 -1.102557 137 137 137 236 380
4.352666 0.624185 -1.103118 137 137 137 240 380
4.354881 0.593081 -1.103680 137 137 137 244 380
4.357098 0.561945 -1.104242 137 137 137 248 380
4.359318 0.530778 -1.104804 137 137 137 252 380
4.361540 0.499579 -1.105367 137 137 137 256 380
4.363764 0.468348 -1.105931 137 137 137 260 380
4.365991 0.437086 -1.106495 137 137 137 264 380
4.368219 0.405791 -1.107060 137 137 137 268 380
4.370450 0.374465 -1.107625 137 137 137 272 380
4.372684 0.343106 -1.108192 137 137 137 276 380
4.374919 0.311715 -1.108758 137 137 137 280 380
4.377157 0.280293 -1.109325 137 137 137 284 380
4.379397 0.248838 -1.109893 137 137 137 288 380
4.096630 0.203213 -1.038230 144 144 144 292 380
4.383884 0.185831 -1.111030 136 136 136 296 380
4.386131 0.154279 -1.111600 136 136 136 300 380
4.388381 0.122695 -1.112170 136 136 136 304 380
4.390633 0.091079 -1.112740 136 136 136 308 380
4.392886 0.059430 -1.113312 136 136 136 312 380
4.112985 0.025967 -1.042375 144 144 144 316 380
4.109731 -0.003706 -1.041550 144 144 144 320 380
4.399662 -0.035712 -1.115029 136 136 136 324 380
4.401926 -0.067491 -1.115602 136 136 136 328 380
4.404191 -0.099303 -1.116176 136 136 136 332 380
4.406459 -0.131148 -1.116751 136 136 136 336 380
4.408729 -0.163026 -1.117327 136 136 136 340 380
4.411002 -0.194936 -1.117903 136 136 136 344 380
4.413277 -0.226880 -1.118479 136 136 136 348 380
4.415554 -0.258856 -1.119056 136 136 136 352 380
4.417833 -0.290865 -1.119634 136 136 136 356 380
4.420116 -0.322908 -1.120212 135 135 135 360 380
4.422400 -0.354983 -1.120791 135 135 135 364 380
4.424686 -0.387092 -1.121371 135 135 135 368 380
4.426976 -0.419234 -1.121951 135 135 135 372 380
4.429267 -0.451409 -1.122532 135 135 135 376 380
4.431561 -0.483617 -1.123113 135 135 135 380 380
4.433857 -0.515859 -1.123695 135 135 135 384 380
4.436156 -0.548135 -1.124277 135 135 135 388 380
4.438457 -0.580443 -1.124861 135 135 135 392 380
4.440760 -0.612786 -1.125444 135 135 135 396 380
4.443066 -0.645162 -1.126029 135 135 135 400 380
4.445374 -0.677571 -1.126614 135 135 135 404 380
4.447684 -0.710014 -1.127199 135 135 135 408 380
4.449997 -0.742491 -1.127785 135 135 135 412 380
4.452312 -0.775002 -1.128372 135 135 135 416 380
4.454630 -0.807547 -1.128960 135 135 135 420 380
4.456950 -0.840125 -1.129547 134 134 134 424 380
4.459272 -0.872738 -1.130136 134 134 134 428 380
4.461597 -0.905384 -1.130725 134 134 134 432 380
4.463925 -0.938065 -1.131315 134 134 134 436 380
4.466254 -0.970779 -1.131906 134 134 134 440 380
4.468587 -1.003528 -1.132497 134 134 134 444 380
4.470922 -1.036311 -1.133088 134 134 134 448 380
4.473258 -1.069129 -1.133681 134 134 134 452 380
4.475598 -1.101980 -1.134274 134 134 134 456 380
4.477940 -1.134866 -1.134867 134 134 134 460 380
4.480284 -1.167787 -1.135461 134 134 134 464 380
4.482631 -1.200742 -1.136056 134 134 134 468 380
4.484981 -1.233731 -1.136652 134 134 134 472 380
4.487332 -1.266755 -1.137247 134 134 134 476 380
4.489686 -1.299814 -1.137844 134 134 134 480 380
4.492043 -1.332907 -1.138441 134 134 134 484 380
4.494402 -1.366035 -1.139039 133 133 133 488 380
4.496764 -1.399199 -1.139638 133 133 133 492 380
4.499128 -1.432396 -1.140237 133 133 133 496 380
4.501495 -1.465629 -1.140837 133 133 133 500 380
4.146643 -1.380013 -1.050905 143 143 143 504 380
4.506236 -1.532200 -1.142038 133 133 133 508 380
4.508610 -1.565538 -1.142640 133 133 133 512 380
4.510987 -1.598911 -1.143242 133 133 133 516 380
4.513366 -1.632319 -1.143845 133 133 133 520 380
4.515748 -1.665763 -1.144449 133 133 133 524 380
4.518132 -1.699241 -1.145053 133 133 133 528 380
3.666560 -1.405425 -0.929235 156 156 156 532 380
3.629771 -1.417514 -0.919911 157 157 157 536 380
3.605331 -1.433982 -0.913717 157 157 157 540 380
3.591339 -1.454330 -0.910171 158 158 158 544 380
3.602608 -1.484887 -0.913027 157 157 157 548 380
3.546378 -1.487298 -0.898777 159 159 159 552 380
3.496072 -1.491426 -0.886027 160 160 160 556 380
3.462358 -1.502025 -0.877483 161 161 161 560 380
3.448690 -1.520979 -0.874019 162 162 162 564 380
3.435130 -1.539784 -0.870582 162 162 162 568 380
3.431468 -1.562901 -0.869654 162 162 162 572 380
3.314413 -1.533501 -0.839989 165 165 165 576 380
3.300622 -1.550935 -0.836493 166 166 166 580 380
3.313121 -1.580713 -0.839661 165 165 165 584 380
4.554199 -2.205700 -1.154194 132 132 132 588 380
4.556624 -2.239752 -1.154808 132 132 132 592 380
4.559052 -2.273839 -1.155424 132 132 132 596 380
4.561481 -2.307964 -1.156039 132 132 132 600 380
4.563914 -2.342124 -1.156656 132 132 132 604 380
4.566350 -2.376321 -1.157273 132 132 132 608 380
4.568788 -2.410555 -1.157891 131 131 131 612 380
4.571228 -2.444825 -1.158510 131 131 131 616 380
4.573671 -2.479132 -1.159129 131 131 131 620 380
4.576117 -2.513475 -1.159749 131 131 131 624 380
4.578566 -2.547855 -1.160369 131 131 131 628 380
4.581017 -2.582273 -1.160990 131 131 131 632 380
4.583470 -2.616726 -1.161612 131 131 131 636 380
4.180423 2.409248 -1.089628 142 142 142 0 384
4.182467 2.380248 -1.090161 142 142 142 4 384
4.184512 2.351220 -1.090694 142 142 142 8 384
4.186559 2.322163 -1.091227 142 142 142 12 384
4.188608 2.293078 -1.091761 142 142 142 16 384
4.190660 2.263964 -1.092296 142 142 142 20 384
4.192713 2.234822 -1.092831 142 142 142 24 384
4.194768 2.205652 -1.093367 142 142 142 28 384
4.196826 2.176452 -1.093903 141 141 141 32 384
4.198885 2.147224 -1.094440 141 141 141 36 384
4.200946 2.117968 -1.094977 141 141 141 40 384
4.203010 2.088682 -1.095515 141 141 141 44 384
4.205075 2.059368 -1.096053 141 141 141 48 384
4.207142 2.030025 -1.096592 141 141 141 52 384
4.209212 2.000653 -1.097132 141 141 141 56 384
4.211284 1.971252 -1.097672 141 141 141 60 384
4.213357 1.941822 -1.098212 141 141 141 64 384
4.215433 1.912364 -1.098753 141 141 141 68 384
4.217510 1.882876 -1.099295 141 141 141 72 384
4.219590 1.853359 -1.099837 141 141 141 76 384
4.221672 1.823813 -1.100379 141 141 141 80 384
4.223755 1.794238 -1.100923 141 141 141 84 384
4.225842 1.764634 -1.101466 141 141 141 88 384
4.227929 1.735000 -1.102010 141 141 141 92 384
4.230019 1.705337 -1.102555 141 141 141 96 384
4.068471 1.610854 -1.060448 145 145 145 100 384
4.084859 1.587869 -1.064719 144 144 144 104 384
4.236301 1.616172 -1.104193 140 140 140 108 384
4.238400 1.586391 -1.104740 140 140 140 112 384
4.240500 1.556581 -1.105287 140 140 140 116 384
4.242603 1.526742 -1.105835 140 140 140 120 384
4.244707 1.496873 -1.106383 140 140 140 124 384
4.246814 1.466974 -1.106933 140 140 140 128 384
4.248922 1.437045 -1.107483 140 140 140 132 384
4.251033 1.407087 -1.108033 140 140 140 136 384
4.253146 1.377099 -1.108584 140 140 140 140 384
4.255261 1.347081 -1.109135 140 140 140 144 384
4.257378 1.317033 -1.109687 140 140 140 148 384
4.259497 1.286956 -1.110239 140 140 140 152 384
4.261618 1.256848 -1.110792 140 140 140 156 384
4.263741 1.226710 -1.111346 140 140 140 160 384
4.265868 1.196543 -1.111900 140 140 140 164 384
4.267995 1.166345 -1.112454 140 140 140 168 384
4.270125 1.136117 -1.113009 140 140 140 172 384
4.272257 1.105859 -1.113565 139 139 139 176 384
4.274391 1.075570 -1.114121 139 139 139 180 384
4.276527 1.045252 -1.114678 139 139 139 184 384
4.278665 1.014903 -1.115236 139 139 139 188 384
4.280806 0.984524 -1.115793 139 139 139 192 384
4.282948 0.954114 -1.116352 139 139 139 196 384
4.285092 0.923674 -1.116911 139 139 139 200 384
4.287240 0.893203 -1.117471 139 139 139 204 384
4.289389 0.862702 -1.118031 139 139 139 208 384
4.291540 0.832170 -1.118591 139 139 139 212 384
4.293694 0.801608 -1.119153 139 139 139 216 384
4.295849 0.771015 -1.119714 139 139 139 220 384
4.298007 0.740391 -1.120277 139 139 139 224 384
4.300167 0.709736 -1.120840 139 139 139 228 384
4.302328 0.679051 -1.121403 139 139 139 232 384
4.304492 0.648334 -1.121967 139 139 139 236 384
4.306659 0.617587 -1.122532 139 139 139 240 384
4.308827 0.586809 -1.123097 138 138 138 244 384
4.310998 0.556000 -1.123663 138 138 138 248 384
4.313171 0.525159 -1.124230 138 138 138 252 384
4.315346 0.494288 -1.124796 138 138 138 256 384
4.317523 0.463385 -1.125364 138 138 138 260 384
4.319703 0.432452 -1.125932 138 138 138 264 384
4.321885 0.401487 -1.126501 138 138 138 268 384
4.324069 0.370490 -1.127070 138 138 138 272 384
4.326255 0.339463 -1.127640 138 138 138 276 384
4.328443 0.308404 -1.128210 138 138 138 280 384
4.330634 0.277313 -1.128781 138 138 138 284 384
4.332827 0.246192 -1.129353 138 138 138 288 384
4.110692 0.203910 -1.071453 144 144 144 292 384
4.337219 0.183853 -1.130498 138 138 138 296 384
4.339418 0.152636 -1.131071 138 138 138 300 384
4.341620 0.121388 -1.131645 138 138 138 304 384
4.343824 0.090108 -1.132219 138 138 138 308 384
4.346030 0.058796 -1.132794 137 137 137 312 384
4.125113 0.026044 -1.075212 143 143 143 316 384
4.125642 -0.003720 -1.075350 143 143 143 320 384
4.352662 -0.035331 -1.134523 137 137 137 324 384
4.354877 -0.066770 -1.135100 137 137 137 328 384
4.357094 -0.098241 -1.135678 137 137 137 332 384
4.359314 -0.129745 -1.136257 137 137 137 336 384
4.361536 -0.161281 -1.136836 137 137 137 340 384
4.363760 -0.192848 -1.137416 137 137 137 344 384
4.365986 -0.224448 -1.137996 137 137 137 348 384
4.368216 -0.256081 -1.138577 137 137 137 352 384
4.370447 -0.287745 -1.139158 137 137 137 356 384
4.372680 -0.319442 -1.139740 137 137 137 360 384
4.374915 -0.351171 -1.140323 137 137 137 364 384
4.377153 -0.382933 -1.140906 137 137 137 368 384
4.379393 -0.414728 -1.141490 137 137 137 372 384
4.381636 -0.446554 -1.142075 137 137 137 376 384
4.383880 -0.478414 -1.142660 136 136 136 380 384
4.386127 -0.510306 -1.143246 136 136 136 384 384
4.388377 -0.542231 -1.143832 136 136 136 388 384
4.390628 -0.574189 -1.144419 136 136 136 392 384
4.392882 -0.606179 -1.145006 136 136 136 396 384
4.395139 -0.638202 -1.145594 136 136 136 400 384
4.397398 -0.670259 -1.146183 136 136 136 404 384
4.399658 -0.702348 -1.146772 136 136 136 408 384
4.401921 -0.734470 -1.147362 136 136 136 412 384
4.404187 -0.766625 -1.147953 136 136 136 416 384
4.406455 -0.798813 -1.148544 136 136 136 420 384
4.408725 -0.831035 -1.149136 136 136 136 424 384
4.410997 -0.863290 -1.149728 136 136 136 428 384
4.413272 -0.895578 -1.150321 136 136 136 432 384
4.415549 -0.927899 -1.150914 136 136 136 436 384
4.417829 -0.960254 -1.151509 136 136 136 440 384
4.420111 -0.992642 -1.152103 135 135 135 444 384
4.422395 -1.025063 -1.152699 135 135 135 448 384
4.424682 -1.057518 -1.153295 135 135 135 452 384
4.426970 -1.090007 -1.153891 135 135 135 456 384
4.429262 -1.122530 -1.154489 135 135 135 460 384
4.431556 -1.155085 -1.155086 135 135 135 464 384
4.433852 -1.187675 -1.155685 135 135 135 468 384
4.436150 -1.220299 -1.156284 135 135 135 472 384
4.438451 -1.252956 -1.156884 135 135 135 476 384
4.440754 -1.285647 -1.157484 135 135 135 480 384
4.443060 -1.318373 -1.158085 135 135 135 484 384
4.445368 -1.351132 -1.158687 135 135 135 488 384
4.447678 -1.383925 -1.159289 135 135 135 492 384
4.449991 -1.416752 -1.159892 135 135 135 496 384
4.452307 -1.449614 -1.160495 135 135 135 500 384
4.158921 -1.384099 -1.084024 143 143 143 504 384
4.456944 -1.515440 -1.161704 134 134 134 508 384
4.459267 -1.548404 -1.162309 134 134 134 512 384
4.461592 -1.581403 -1.162915 134 134 134 516 384
4.463919 -1.614436 -1.163522 134 134 134 520 384
4.466249 -1.647503 -1.164129 134 134 134 524 384
3.647977 -1.371982 -0.950847 156 156 156 528 384
3.634101 -1.392984 -0.947230 157 157 157 532 384
3.633672 -1.419037 -0.947118 157 157 157 536 384
3.630700 -1.444073 -0.946343 157 157 157 540 384
3.622913 -1.467116 -0.944313 157 157 157 544 384
3.632238 -1.497099 -0.946744 157 157 157 548 384
3.559783 -1.492921 -0.927859 159 159 159 552 384
3.510717 -1.497673 -0.915069 160 160 160 556 384
3.481887 -1.510497 -0.907555 161 161 161 560 384
3.468401 -1.529672 -0.904040 161 161 161 564 384
3.455115 -1.548742 -0.900577 161 161 161 568 384
3.486642 -1.588031 -0.908794 161 161 161 572 384
3.318703 -1.535486 -0.865021 165 165 165 576 384
3.307288 -1.554068 -0.862046 165 165 165 580 384
3.323466 -1.585649 -0.866262 165 165 165 584 384
4.503858 -2.181319 -1.173932 133 133 133 588 384
4.506229 -2.214981 -1.174550 133 133 133 592 384
4.508604 -2.248678 -1.175169 133 133 133 596 384
4.510981 -2.282412 -1.175789 133 133 133 600 384
4.513360 -2.316180 -1.176409 133 133 133 604 384
4.515741 -2.349985 -1.177029 133 133 133 608 384
4.518126 -2.383825 -1.177651 133 133 133 612 384
4.520512 -2.417701 -1.178273 133 133 133 616 384
4.522902 -2.451612 -1.178896 133 133 133 620 384
4.525293 -2.485560 -1.179519 133 133 133 624 384
4.527688 -2.519543 -1.180143 133 133 133 628 384
4.530085 -2.553563 -1.180768 133 133 133 632 384
4.532484 -2.587618 -1.181394 132 132 132 636 384
4.137968 2.384780 -1.108418 143 143 143 0 388
4.139970 2.356063 -1.108955 143 143 143 4 388
4.141974 2.327318 -1.109491 143 143 143 8 388
4.143980 2.298545 -1.110029 143 143 143 12 388
4.145988 2.269745 -1.110567 143 143 143 16 388
4.147997 2.240916 -1.111105 143 143 143 20 388
4.150009 2.212060 -1.111644 143 143 143 24 388
4.152022 2.183175 -1.112183 143 143 143 28 388
4.154038 2.154263 -1.112723 143 143 143 32 388
4.156055 2.125322 -1.113263 143 143 143 36 388
4.158075 2.096353 -1.113804 143 143 143 40 388
4.160096 2.067356 -1.114346 142 142 142 44 388
4.162120 2.038331 -1.114888 142 142 142 48 388
4.164145 2.009278 -1.115430 142 142 142 52 388
4.166173 1.980196 -1.115973 142 142 142 56 388
4.168202 1.951086 -1.116517 142 142 142 60 388
4.170234 1.921948 -1.117061 142 142 142 64 388
4.172266 1.892781 -1.117606 142 142 142 68 388
4.174302 1.863586 -1.118151 142 142 142 72 388
4.176340 1.834362 -1.118697 142 142 142 76 388
4.178379 1.805110 -1.119243 142 142 142 80 388
4.180420 1.775829 -1.119790 142 142 142 84 388
4.182463 1.746520 -1.120337 142 142 142 88 388
4.184508 1.717181 -1.120885 142 142 142 92 388
4.186555 1.687814 -1.121433 142 142 142 96 388
4.083473 1.616793 -1.093821 145 145 145 100 388
4.092469 1.590827 -1.096231 144 144 144 104 388
4.192709 1.599541 -1.123082 142 142 142 108 388
4.194765 1.570059 -1.123632 142 142 142 112 388
4.196822 1.540548 -1.124183 141 141 141 116 388
4.198881 1.511008 -1.124735 141 141 141 120 388
4.200943 1.481440 -1.125288 141 141 141 124 388
4.203006 1.451841 -1.125841 141 141 141 128 388
4.205071 1.422214 -1.126394 141 141 141 132 388
4.207139 1.392558 -1.126948 141 141 141 136 388
4.209208 1.362873 -1.127502 141 141 141 140 388
4.211279 1.333158 -1.128057 141 141 141 144 388
4.213353 1.303414 -1.128612 141 141 141 148 388
4.215429 1.273641 -1.129168 141 141 141 152 388
4.217507 1.243839 -1.129725 141 141 141 156 388
4.219586 1.214006 -1.130282 141 141 141 160 388
4.221668 1.184145 -1.130839 141 141 141 164 388
4.223752 1.154254 -1.131398 141 141 141 168 388
4.225837 1.124334 -1.131956 141 141 141 172 388
4.227925 1.094384 -1.132516 141 141 141 176 388
4.230015 1.064404 -1.133075 141 141 141 180 388
4.232107 1.034395 -1.133636 141 141 141 184 388
4.234201 1.004356 -1.134197 140 140 140 188 388
4.236298 0.974288 -1.134758 140 140 140 192 388
4.238396 0.944189 -1.135320 140 140 140 196 388
4.240496 0.914061 -1.135883 140 140 140 200 388
4.242599 0.883903 -1.136446 140 140 140 204 388
4.244703 0.853715 -1.137010 140 140 140 208 388
4.246810 0.823497 -1.137574 140 140 140 212 388
4.248919 0.793249 -1.138139 140 140 140 216 388
4.251029 0.762970 -1.138704 140 140 140 220 388
4.253142 0.732662 -1.139270 140 140 140 224 388
4.255257 0.702324 -1.139837 140 140 140 228 388
4.257375 0.671956 -1.140404 140 140 140 232 388
4.259493 0.641557 -1.140972 140 140 140 236 388
4.261615 0.611128 -1.141540 140 140 140 240 388
4.263738 0.580668 -1.142109 140 140 140 244 388
4.265863 0.550179 -1.142678 140 140 140 248 388
4.267991 0.519658 -1.143248 140 140 140 252 388
4.270121 0.489108 -1.143818 140 140 140 256 388
4.272253 0.458527 -1.144390 139 139 139 260 388
4.274387 0.427915 -1.144961 139 139 139 264 388
4.276523 0.397273 -1.145533 139 139 139 268 388
4.278661 0.366600 -1.146106 139 139 139 272 388
4.280802 0.335896 -1.146679 139 139 139 276 388
4.282944 0.305162 -1.147253 139 139 139 280 388
4.285089 0.274397 -1.147828 139 139 139 284 388
4.287236 0.243601 -1.148403 139 139 139 288 388
4.124851 0.204613 -1.104905 143 143 143 292 388
4.291536 0.181917 -1.149555 139 139 139 296 388
4.293690 0.151028 -1.150132 139 139 139 300 388
4.295845 0.120108 -1.150709 139 139 139 304 388
4.298003 0.089157 -1.151287 139 139 139 308 388
4.300163 0.058176 -1.151866 139 139 139 312 388
4.137315 0.026121 -1.108244 143 143 143 316 388
4.141678 -0.003735 -1.109413 143 143 143 320 388
4.306655 -0.034957 -1.153605 139 139 139 324 388
4.308824 -0.066064 -1.154186 138 138 138 328 388
4.310995 -0.097202 -1.154767 138 138 138 332 388
4.313168 -0.128372 -1.155349 138 138 138 336 388
4.315342 -0.159572 -1.155932 138 138 138 340 388
4.317520 -0.190805 -1.156515 138 138 138 344 388
4.319699 -0.222069 -1.157099 138 138 138 348 388
4.321881 -0.253364 -1.157683 138 138 138 352 388
4.324065 -0.284692 -1.158268 138 138 138 356 388
4.326251 -0.316050 -1.158854 138 138 138 360 388
4.328439 -0.347441 -1.159440 138 138 138 364 388
4.330630 -0.378863 -1.160027 138 138 138 368 388
4.332822 -0.410317 -1.160614 138 138 138 372 388
4.335018 -0.441803 -1.161202 138 138 138 376 388
4.337215 -0.473321 -1.161790 138 138 138 380 388
4.339414 -0.504871 -1.162380 138 138 138 384 388
4.341616 -0.536453 -1.162969 138 138 138 388 388
4.343820 -0.568067 -1.163560 138 138 138 392 388
4.346026 -0.599713 -1.164151 137 137 137 396 388
4.348234 -0.631392 -1.164742 137 137 137 400 388
4.350445 -0.663102 -1.165334 137 137 137 404 388
4.352658 -0.694845 -1.165927 137 137 137 408 388
4.354873 -0.726620 -1.166521 137 137 137 412 388
4.357090 -0.758427 -1.167114 137 137 137 416 388
4.359310 -0.790267 -1.167709 137 137 137 420 388
4.361532 -0.822139 -1.168304 137 137 137 424 388
4.363756 -0.854044 -1.168900 137 137 137 428 388
4.365982 -0.885981 -1.169496 137 137 137 432 388
4.368211 -0.917951 -1.170093 137 137 137 436 388
4.370441 -0.949954 -1.170691 137 137 137 440 388
4.372675 -0.981989 -1.171289 137 137 137 444 388
4.374910 -1.014057 -1.171888 137 137 137 448 388
4.377149 -1.046158 -1.172487 137 137 137 452 388
4.379388 -1.078292 -1.173087 137 137 137 456 388
4.381630 -1.110458 -1.173688 137 137 137 460 388
4.383875 -1.142658 -1.174289 136 136 136 464 388
4.386122 -1.174890 -1.174891 136 136 136 468 388
4.388371 -1.207156 -1.175494 136 136 136 472 388
4.390623 -1.239455 -1.176097 136 136 136 476 388
4.392877 -1.271786 -1.176700 136 136 136 480 388
4.395133 -1.304151 -1.177305 136 136 136 484 388
4.397391 -1.336550 -1.177910 136 136 136 488 388
4.399652 -1.368981 -1.178515 136 136 136 492 388
4.401916 -1.401447 -1.179122 136 136 136 496 388
4.195041 -1.365852 -1.123707 142 142 142 500 388
4.172390 -1.388582 -1.117640 142 142 142 504 388
4.408719 -1.499042 -1.180944 136 136 136 508 388
4.410991 -1.531641 -1.181553 136 136 136 512 388
4.413266 -1.564274 -1.182162 136 136 136 516 388
3.650069 -1.320096 -0.977728 156 156 156 520 388
3.629205 -1.338736 -0.972139 157 157 157 524 388
3.615371 -1.359719 -0.968433 157 157 157 528 388
3.614940 -1.385639 -0.968318 157 157 157 532 388
3.614516 -1.411556 -0.968204 157 157 157 536 388
3.621125 -1.440264 -0.969975 157 157 157 540 388
3.634541 -1.471824 -0.973568 157 157 157 544 388
3.644910 -1.502323 -0.976346 156 156 156 548 388
3.574580 -1.499126 -0.957507 158 158 158 552 388
3.528703 -1.505346 -0.945218 159 159 159 556 388
3.501236 -1.518891 -0.937861 160 160 160 560 388
3.488400 -1.538492 -0.934422 161 161 161 564 388
3.477571 -1.558808 -0.931521 161 161 161 568 388
3.557816 -1.620448 -0.953016 159 159 159 572 388
4.447672 -2.057834 -1.191378 135 135 135 576 388
3.317123 -1.558689 -0.888543 165 165 165 580 388
3.346930 -1.596844 -0.896527 164 164 164 584 388
4.454618 -2.157471 -1.193239 135 135 135 588 388
4.456938 -2.190752 -1.193860 134 134 134 592 388
4.459261 -2.224068 -1.194482 134 134 134 596 388
4.461586 -2.257419 -1.195105 134 134 134 600 388
4.463913 -2.290805 -1.195729 134 134 134 604 388
4.466242 -2.324226 -1.196353 134 134 134 608 388
4.468575 -2.357681 -1.196977 134 134 134 612 388
4.470909 -2.391171 -1.197603 134 134 134 616 388
4.473247 -2.424697 -1.198229 134 134 134 620 388
4.475586 -2.458258 -1.198855 134 134 134 624 388
4.477928 -2.491853 -1.199483 134 134 134 628 388
4.480272 -2.525484 -1.200111 134 134 134 632 388
4.482620 -2.559150 -1.200740 134 134 134 636 388
4.096366 2.360804 -1.126831 144 144 144 0 392
4.098328 2.332364 -1.127370 144 144 144 4 392
4.100292 2.303897 -1.127911 144 144 144 8 392
4.102257 2.275403 -1.128451 144 144 144 12 392
4.104225 2.246881 -1.128993 144 144 144 16 392
4.106194 2.218333 -1.129534 144 144 144 20 392
4.108166 2.189756 -1.130077 144 144 144 24 392
4.110139 2.161152 -1.130620 144 144 144 28 392
4.112114 2.132521 -1.131163 144 144 144 32 392
4.114091 2.103862 -1.131707 144 144 144 36 392
4.116070 2.075176 -1.132251 144 144 144 40 392
4.118051 2.046462 -1.132796 144 144 144 44 392
4.120033 2.017720 -1.133341 144 144 144 48 392
4.122018 1.988951 -1.133887 143 143 143 52 392
4.124005 1.960154 -1.134434 143 143 143 56 392
4.125993 1.931329 -1.134981 143 143 143 60 392
4.127984 1.902476 -1.135528 143 143 143 64 392
4.129976 1.873596 -1.136076 143 143 143 68 392
4.131970 1.844687 -1.136625 143 143 143 72 392
4.133966 1.815751 -1.137174 143 143 143 76 392
4.135964 1.786787 -1.137724 143 143 143 80 392
4.137964 1.757794 -1.138274 143 143 143 84 392
4.139966 1.728774 -1.138824 143 143 143 88 392
4.141970 1.699725 -1.139376 143 143 143 92 392
4.143976 1.670648 -1.139927 143 143 143 96 392
4.091736 1.620065 -1.125557 144 144 144 100 392
4.097077 1.592619 -1.127027 144 144 144 104 392
4.150005 1.583249 -1.141586 143 143 143 108 392
4.152019 1.554060 -1.142140 143 143 143 112 392
4.154035 1.524842 -1.142694 143 143 143 116 392
4.156052 1.495596 -1.143250 143 143 143 120 392
4.158072 1.466321 -1.143806 143 143 143 124 392
4.160093 1.437018 -1.144362 142 142 142 128 392
4.162117 1.407686 -1.144918 142 142 142 132 392
4.164141 1.378326 -1.145475 142 142 142 136 392
4.166169 1.348937 -1.146033 142 142 142 140 392
4.168199 1.319520 -1.146591 142 142 142 144 392
4.170230 1.290074 -1.147150 142 142 142 148 392
4.172263 1.260599 -1.147709 142 142 142 152 392
4.174298 1.231095 -1.148269 142 142 142 156 392
4.176336 1.201563 -1.148830 142 142 142 160 392
4.178375 1.172002 -1.149391 142 142 142 164 392
4.180416 1.142412 -1.149952 142 142 142 168 392
4.182459 1.112793 -1.150514 142 142 142 172 392
4.184505 1.083145 -1.151077 142 142 142 176 392
4.186552 1.053468 -1.151640 142 142 142 180 392
4.188601 1.023761 -1.152204 142 142 142 184 392
4.190652 0.994026 -1.152768 142 142 142 188 392
4.192706 0.964262 -1.153333 142 142 142 192 392
4.194761 0.934469 -1.153898 142 142 142 196 392
4.196818 0.904646 -1.154464 141 141 141 200 392
4.198878 0.874794 -1.155031 141 141 141 204 392
4.200939 0.844913 -1.155598 141 141 141 208 392
4.203002 0.815002 -1.156165 141 141 141 212 392
4.205068 0.785062 -1.156733 141 141 141 216 392
4.207135 0.755092 -1.157302 141 141 141 220 392
4.209205 0.725093 -1.157871 141 141 141 224 392
4.211276 0.695065 -1.158441 141 141 141 228 392
4.213350 0.665007 -1.159012 141 141 141 232 392
4.215425 0.634919 -1.159582 141 141 141 236 392
4.217503 0.604802 -1.160154 141 141 141 240 392
4.219583 0.574655 -1.160726 141 141 141 244 392
4.221664 0.544478 -1.161299 141 141 141 248 392
4.223748 0.514272 -1.161872 141 141 141 252 392
4.225833 0.484035 -1.162446 141 141 141 256 392
4.227921 0.453769 -1.163020 141 141 141 260 392
4.230011 0.423473 -1.163595 141 141 141 264 392
4.232104 0.393146 -1.164171 141 141 141 268 392
4.234198 0.362790 -1.164746 140 140 140 272 392
4.236294 0.332404 -1.165323 140 140 140 276 392
4.238392 0.301988 -1.165900 140 140 140 280 392
4.240492 0.271541 -1.166478 140 140 140 284 392
4.242595 0.241065 -1.167056 140 140 140 288 392
4.139108 0.205320 -1.138589 143 143 143 292 392
4.246806 0.180020 -1.168215 140 140 140 296 392
4.248915 0.149453 -1.168795 140 140 140 300 392
4.251026 0.118855 -1.169376 140 140 140 304 392
4.253139 0.088227 -1.169957 140 140 140 308 392
4.255253 0.057568 -1.170538 140 140 140 312 392
4.149589 0.026198 -1.141472 143 143 143 316 392
4.162403 -0.003754 -1.144997 142 142 142 320 392
4.261611 -0.034592 -1.172287 140 140 140 324 392
4.263734 -0.065373 -1.172871 140 140 140 328 392
4.265860 -0.096184 -1.173456 140 140 140 332 392
4.267987 -0.127027 -1.174041 140 140 140 336 392
4.270117 -0.157900 -1.174627 140 140 140 340 392
4.272249 -0.188804 -1.175214 139 139 139 344 392
4.274383 -0.219739 -1.175801 139 139 139 348 392
4.276519 -0.250705 -1.176388 139 139 139 352 392
4.278658 -0.281702 -1.176977 139 139 139 356 392
4.280798 -0.312730 -1.177565 139 139 139 360 392
4.282940 -0.343789 -1.178155 139 139 139 364 392
4.285085 -0.374879 -1.178745 139 139 139 368 392
4.287232 -0.406000 -1.179335 139 139 139 372 392
4.289381 -0.437152 -1.179926 139 139 139 376 392
4.291533 -0.468336 -1.180518 139 139 139 380 392
4.293686 -0.499551 -1.181111 139 139 139 384 392
4.295841 -0.530797 -1.181703 139 139 139 388 392
4.297999 -0.562075 -1.182297 139 139 139 392 392
4.300159 -0.593384 -1.182891 139 139 139 396 392
4.302321 -0.624725 -1.183486 139 139 139 400 392
4.304485 -0.656097 -1.184081 139 139 139 404 392
4.306652 -0.687500 -1.184677 139 139 139 408 392
4.308820 -0.718936 -1.185274 138 138 138 412 392
4.310991 -0.750403 -1.185871 138 138 138 416 392
4.313164 -0.781901 -1.186468 138 138 138 420 392
4.315339 -0.813432 -1.187067 138 138 138 424 392
4.317515 -0.844994 -1.187666 138 138 138 428 392
4.319695 -0.876588 -1.188265 138 138 138 432 392
4.321877 -0.908214 -1.188865 138 138 138 436 392
4.324060 -0.939872 -1.189466 138 138 138 440 392
4.326246 -0.971562 -1.190067 138 138 138 444 392
4.328435 -1.003284 -1.190669 138 138 138 448 392
4.330625 -1.035038 -1.191272 138 138 138 452 392
4.332818 -1.066825 -1.191875 138 138 138 456 392
4.335012 -1.098643 -1.192479 138 138 138 460 392
4.337210 -1.130494 -1.193083 138 138 138 464 392
4.339409 -1.162377 -1.193688 138 138 138 468 392
4.341611 -1.194293 -1.194294 138 138 138 472 392
4.343815 -1.226241 -1.194900 138 138 138 476 392
4.346021 -1.258221 -1.195507 137 137 137 480 392
4.348229 -1.290234 -1.196114 137 137 137 484 392
4.350440 -1.322279 -1.196722 137 137 137 488 392
4.352652 -1.354357 -1.197331 137 137 137 492 392
4.354867 -1.386468 -1.197940 137 137 137 496 392
4.198739 -1.367056 -1.154992 141 141 141 500 392
4.189110 -1.394146 -1.152344 142 142 142 504 392
4.361526 -1.482996 -1.199772 137 137 137 508 392
4.363750 -1.515238 -1.200384 137 137 137 512 392
4.365976 -1.547512 -1.200996 137 137 137 516 392
3.625600 -1.311247 -0.997333 157 157 157 520 392
3.602982 -1.329063 -0.991111 157 157 157 524 392
3.596406 -1.352586 -0.989302 158 158 158 528 392
3.595980 -1.378372 -0.989185 158 158 158 532 392
3.602644 -1.406920 -0.991018 157 157 157 536 392
3.619479 -1.439610 -0.995649 157 157 157 540 392
3.632883 -1.471153 -0.999336 157 157 157 544 392
4.383869 -1.806899 -1.205918 136 136 136 548 392
3.577276 -1.500257 -0.984040 158 158 158 552 392
3.545873 -1.512671 -0.975402 159 159 159 556 392
3.522331 -1.528042 -0.968926 160 160 160 560 392
3.510712 -1.548332 -0.965729 160 160 160 564 392
3.538340 -1.586047 -0.973329 159 159 159 568 392
4.397385 -2.002839 -1.209636 136 136 136 572 392
4.399646 -2.035613 -1.210258 136 136 136 576 392
3.343551 -1.571107 -0.919747 164 164 164 580 392
3.361228 -1.603665 -0.924609 164 164 164 584 392
4.406443 -2.134138 -1.212128 136 136 136 588 392
4.408713 -2.167048 -1.212752 136 136 136 592 392
4.410985 -2.199991 -1.213377 136 136 136 596 392
4.413260 -2.232968 -1.214003 136 136 136 600 392
4.415537 -2.265980 -1.214630 136 136 136 604 392
4.417817 -2.299025 -1.215257 136 136 136 608 392
4.420099 -2.332104 -1.215884 135 135 135 612 392
4.422383 -2.365218 -1.216513 135 135 135 616 392
4.424670 -2.398366 -1.217142 135 135 135 620 392
4.426959 -2.431549 -1.217771 135 135 135 624 392
4.429250 -2.464765 -1.218401 135 135 135 628 392
4.431544 -2.498016 -1.219033 135 135 135 632 392
4.433839 -2.531301 -1.219664 135 135 135 636 392
4.055593 2.337306 -1.144877 145 145 145 0 396
4.057516 2.309138 -1.145420 145 145 145 4 396
4.059440 2.280943 -1.145963 145 145 145 8 396
4.061367 2.252722 -1.146507 145 145 145 12 396
4.063296 2.224475 -1.147052 145 145 145 16 396
4.065226 2.196200 -1.147596 145 145 145 20 396
4.067158 2.167898 -1.148142 145 145 145 24 396
4.069092 2.139570 -1.148688 145 145 145 28 396
4.071028 2.111214 -1.149234 145 145 145 32 396
4.072966 2.082832 -1.149781 145 145 145 36 396
4.074905 2.054422 -1.150329 145 145 145 40 396
4.076846 2.025985 -1.150877 145 145 145 44 396
4.078790 1.997522 -1.151425 145 145 145 48 396
4.080735 1.969031 -1.151975 145 145 145 52 396
4.082682 1.940513 -1.152524 145 145 145 56 396
4.084631 1.911968 -1.153074 145 145 145 60 396
4.086581 1.883395 -1.153625 144 144 144 64 396
4.088534 1.854795 -1.154176 144 144 144 68 396
4.090488 1.826168 -1.154728 144 144 144 72 396
4.092444 1.797513 -1.155280 144 144 144 76 396
4.094403 1.768831 -1.155833 144 144 144 80 396
4.096363 1.740122 -1.156386 144 144 144 84 396
4.098324 1.711385 -1.156940 144 144 144 88 396
4.100288 1.682620 -1.157494 144 144 144 92 396
4.102254 1.653828 -1.158049 144 144 144 96 396
4.104221 1.625008 -1.158605 144 144 144 100 396
4.106191 1.596161 -1.159161 144 144 144 104 396
4.108162 1.567286 -1.159717 144 144 144 108 396
4.110136 1.538384 -1.160275 144 144 144 112 396
4.112111 1.509453 -1.160833 144 144 144 116 396
4.114088 1.480495 -1.161391 144 144 144 120 396
4.116066 1.451508 -1.161949 144 144 144 124 396
4.118047 1.422494 -1.162508 144 144 144 128 396
4.120030 1.393452 -1.163068 144 144 144 132 396
4.122015 1.364382 -1.163628 143 143 143 136 396
4.124002 1.335284 -1.164189 143 143 143 140 396
4.125989 1.306158 -1.164750 143 143 143 144 396
4.127980 1.277004 -1.165312 143 143 143 148 396
4.129972 1.247821 -1.165875 143 143 143 152 396
4.131967 1.218611 -1.166438 143 143 143 156 396
4.133963 1.189372 -1.167001 143 143 143 160 396
4.135961 1.160105 -1.167565 143 143 143 164 396
4.137961 1.130810 -1.168130 143 143 143 168 396
4.139963 1.101486 -1.168695 143 143 143 172 396
4.141966 1.072134 -1.169261 143 143 143 176 396
4.143972 1.042753 -1.169827 143 143 143 180 396
4.145980 1.013344 -1.170394 143 143 143 184 396
4.147990 0.983907 -1.170961 143 143 143 188 396
4.150002 0.954441 -1.171529 143 143 143 192 396
4.152015 0.924946 -1.172097 143 143 143 196 396
4.154031 0.895423 -1.172666 143 143 143 200 396
4.156048 0.865871 -1.173236 143 143 143 204 396
4.158067 0.836290 -1.173806 143 143 143 208 396
4.160089 0.806681 -1.174377 142 142 142 212 396
4.162113 0.777042 -1.174948 142 142 142 216 396
4.164138 0.747375 -1.175520 142 142 142 220 396
4.166165 0.717679 -1.176092 142 142 142 224 396
4.168195 0.687954 -1.176665 142 142 142 228 396
4.170226 0.658201 -1.177238 142 142 142 232 396
4.172259 0.628418 -1.177812 142 142 142 236 396
4.174295 0.598606 -1.178387 142 142 142 240 396
4.176332 0.568765 -1.178962 142 142 142 244 396
4.178371 0.538894 -1.179538 142 142 142 248 396
4.180412 0.508995 -1.180114 142 142 142 252 396
4.182456 0.479066 -1.180691 142 142 142 256 396
4.184501 0.449109 -1.181268 142 142 142 260 396
4.186548 0.419121 -1.181846 142 142 142 264 396
4.188598 0.389105 -1.182424 142 142 142 268 396
4.190649 0.359059 -1.183004 142 142 142 272 396
4.192702 0.328984 -1.183583 142 142 142 276 396
4.194757 0.298879 -1.184163 142 142 142 280 396
4.196815 0.268744 -1.184744 141 141 141 284 396
4.198874 0.238580 -1.185325 141 141 141 288 396
4.147316 0.205727 -1.170771 143 143 143 292 396
4.202999 0.178163 -1.186490 141 141 141 296 396
4.205064 0.147910 -1.187073 141 141 141 300 396
4.207132 0.117628 -1.187657 141 141 141 304 396
4.209201 0.087315 -1.188241 141 141 141 308 396
4.211272 0.056973 -1.188825 141 141 141 312 396
4.155107 0.026233 -1.172970 143 143 143 316 396
4.165140 -0.003756 -1.175802 142 142 142 320 396
4.217499 -0.034233 -1.190583 141 141 141 324 396
4.219579 -0.064696 -1.191170 141 141 141 328 396
4.221660 -0.095188 -1.191758 141 141 141 332 396
4.223744 -0.125710 -1.192346 141 141 141 336 396
4.225830 -0.156262 -1.192935 141 141 141 340 396
4.227918 -0.186845 -1.193524 141 141 141 344 396
4.230008 -0.217458 -1.194114 141 141 141 348 396
4.232100 -0.248101 -1.194705 141 141 141 352 396
4.234194 -0.278775 -1.195296 140 140 140 356 396
4.236290 -0.309478 -1.195888 140 140 140 360 396
4.238389 -0.340213 -1.196480 140 140 140 364 396
4.240489 -0.370977 -1.197073 140 140 140 368 396
4.242591 -0.401773 -1.197667 140 140 140 372 396
4.244696 -0.432598 -1.198261 140 140 140 376 396
4.246802 -0.463455 -1.198856 140 140 140 380 396
4.248911 -0.494342 -1.199451 140 140 140 384 396
4.251022 -0.525259 -1.200047 140 140 140 388 396
4.253135 -0.556208 -1.200643 140 140 140 392 396
4.255250 -0.587187 -1.201240 140 140 140 396 396
4.257366 -0.618197 -1.201838 140 140 140 400 396
4.259485 -0.649238 -1.202436 140 140 140 404 396
4.261607 -0.680310 -1.203035 140 140 140 408 396
4.263731 -0.711412 -1.203634 140 140 140 412 396
4.265856 -0.742546 -1.204234 140 140 140 416 396
4.267984 -0.773711 -1.204835 140 140 140 420 396
4.270113 -0.804907 -1.205436 140 140 140 424 396
4.272245 -0.836134 -1.206038 139 139 139 428 396
4.274379 -0.867392 -1.206640 139 139 139 432 396
4.276515 -0.898682 -1.207243 139 139 139 436 396
4.278654 -0.930003 -1.207847 139 139 139 440 396
4.280794 -0.961355 -1.208451 139 139 139 444 396
4.282937 -0.992738 -1.209056 139 139 139 448 396
4.285081 -1.024153 -1.209661 139 139 139 452 396
4.287228 -1.055600 -1.210267 139 139 139 456 396
4.289376 -1.087077 -1.210874 139 139 139 460 396
4.291528 -1.118587 -1.211481 139 139 139 464 396
4.293681 -1.150128 -1.212089 139 139 139 468 396
4.295836 -1.181701 -1.212698 139 139 139 472 396
4.297994 -1.213306 -1.213307 139 139 139 476 396
4.300154 -1.244942 -1.213916 139 139 139 480 396
4.302316 -1.276610 -1.214527 139 139 139 484 396
4.304480 -1.308310 -1.215138 139 139 139 488 396
4.306646 -1.340042 -1.215749 139 139 139 492 396
4.308815 -1.371806 -1.216361 138 138 138 496 396
4.207094 -1.369776 -1.187646 141 141 141 500 396
4.313158 -1.435429 -1.217587 138 138 138 504 396
4.315332 -1.467289 -1.218201 138 138 138 508 396
4.317510 -1.499182 -1.218816 138 138 138 512 396
3.627541 -1.285775 -1.024040 157 157 157 516 396
3.601460 -1.302516 -1.016678 158 158 158 520 396
3.594195 -1.325822 -1.014627 158 158 158 524 396
3.587021 -1.349056 -1.012602 158 158 158 528 396
3.585243 -1.374256 -1.012100 158 158 158 532 396
3.603418 -1.407222 -1.017231 157 157 157 536 396
4.332812 -1.723330 -1.223136 138 138 138 540 396
4.335007 -1.755482 -1.223755 138 138 138 544 396
3.594027 -1.481350 -1.014579 158 158 158 548 396
3.569425 -1.496964 -1.007635 158 158 158 552 396
3.545227 -1.512395 -1.000804 159 159 159 556 396
3.538348 -1.534991 -0.998861 159 159 159 560 396
3.533968 -1.558589 -0.997625 159 159 159 564 396
3.580072 -1.604754 -1.010640 158 158 158 568 396
4.350434 -1.981454 -1.228110 137 137 137 572 396
4.352647 -2.013868 -1.228735 137 137 137 576 396
3.357947 -1.577872 -0.947935 164 164 164 580 396
3.375191 -1.610327 -0.952803 164 164 164 584 396
4.359298 -2.111305 -1.230613 137 137 137 588 396
4.361520 -2.143851 -1.231240 137 137 137 592 396
4.363744 -2.176429 -1.231868 137 137 137 596 396
4.365971 -2.209041 -1.232496 137 137 137 600 396
4.368199 -2.241687 -1.233125 137 137 137 604 396
4.370430 -2.274365 -1.233755 137 137 137 608 396
4.372663 -2.307077 -1.234385 137 137 137 612 396
4.374899 -2.339822 -1.235017 137 137 137 616 396
4.377137 -2.372601 -1.235648 137 137 137 620 396
4.379377 -2.405414 -1.236281 137 137 137 624 396
4.381618 -2.438259 -1.236914 137 137 137 628 396
4.383863 -2.471139 -1.237547 136 136 136 632 396
4.386110 -2.504052 -1.238181 136 136 136 636 396
4.015623 2.314270 -1.162567 146 146 146 0 400
4.017508 2.286370 -1.163113 146 146 146 4 400
4.019395 2.258443 -1.163659 146 146 146 8 400
4.021284 2.230490 -1.164206 146 146 146 12 400
4.023174 2.202510 -1.164753 146 146 146 16 400
4.025067 2.174504 -1.165301 146 146 146 20 400
4.026961 2.146472 -1.165850 146 146 146 24 400
4.028857 2.118414 -1.166399 146 146 146 28 400
4.030755 2.090328 -1.166948 146 146 146 32 400
4.032654 2.062217 -1.167498 146 146 146 36 400
4.034555 2.034079 -1.168049 146 146 146 40 400
4.036459 2.005915 -1.168600 146 146 146 44 400
4.038363 1.977724 -1.169151 146 146 146 48 400
4.040270 1.949506 -1.169703 146 146 146 52 400
4.042179 1.921261 -1.170256 146 146 146 56 400
4.044089 1.892990 -1.170809 146 146 146 60 400
4.046001 1.864693 -1.171362 146 146 146 64 400
4.047915 1.836368 -1.171916 145 145 145 68 400
4.049831 1.808017 -1.172471 145 145 145 72 400
4.051748 1.779638 -1.173026 145 145 145 76 400
4.053668 1.751234 -1.173582 145 145 145 80 400
4.055589 1.722801 -1.174138 145 145 145 84 400
4.057512 1.694342 -1.174695 145 145 145 88 400
4.059437 1.665856 -1.175252 145 145 145 92 400
4.061364 1.637343 -1.175810 145 145 145 96 400
4.063292 1.608803 -1.176368 145 145 145 100 400
4.065223 1.580236 -1.176927 145 145 145 104 400
4.067154 1.551642 -1.177487 145 145 145 108 400
4.069088 1.523020 -1.178047 145 145 145 112 400
4.071024 1.494371 -1.178607 145 145 145 116 400
4.072962 1.465695 -1.179168 145 145 145 120 400
4.074902 1.436992 -1.179730 145 145 145 124 400
4.076843 1.408261 -1.180292 145 145 145 128 400
4.078786 1.379503 -1.180855 145 145 145 132 400
4.080731 1.350717 -1.181418 145 145 145 136 400
4.082678 1.321904 -1.181981 145 145 145 140 400
4.084627 1.293064 -1.182546 145 145 145 144 400
4.086578 1.264196 -1.183110 144 144 144 148 400
4.088530 1.235300 -1.183675 144 144 144 152 400
4.090485 1.206377 -1.184241 144 144 144 156 400
4.092441 1.177426 -1.184808 144 144 144 160 400
4.094399 1.148447 -1.185375 144 144 144 164 400
4.096359 1.119441 -1.185942 144 144 144 168 400
4.098321 1.090407 -1.186510 144 144 144 172 400
4.100285 1.061345 -1.187079 144 144 144 176 400
4.102251 1.032255 -1.187648 144 144 144 180 400
4.104218 1.003137 -1.188217 144 144 144 184 400
4.106187 0.973991 -1.188787 144 144 144 188 400
4.108159 0.944817 -1.189358 144 144 144 192 400
4.110132 0.915616 -1.189929 144 144 144 196 400
4.112107 0.886386 -1.190501 144 144 144 200 400
4.114084 0.857128 -1.191074 144 144 144 204 400
4.116063 0.827842 -1.191646 144 144 144 208 400
4.118044 0.798528 -1.192220 144 144 144 212 400
4.120026 0.769185 -1.192794 144 144 144 216 400
4.122011 0.739814 -1.193369 143 143 143 220 400
4.123998 0.710415 -1.193944 143 143 143 224 400
4.125986 0.680988 -1.194519 143 143 143 228 400
4.127976 0.651532 -1.195096 143 143 143 232 400
4.129969 0.622048 -1.195673 143 143 143 236 400
4.131963 0.592535 -1.196250 143 143 143 240 400
4.133959 0.562994 -1.196828 143 143 143 244 400
4.135958 0.533424 -1.197406 143 143 143 248 400
4.137957 0.503826 -1.197985 143 143 143 252 400
4.139959 0.474199 -1.198565 143 143 143 256 400
4.141963 0.444543 -1.199145 143 143 143 260 400
4.143969 0.414859 -1.199726 143 143 143 264 400
4.145977 0.385146 -1.200307 143 143 143 268 400
4.147986 0.355404 -1.200889 143 143 143 272 400
4.149998 0.325633 -1.201471 143 143 143 276 400
4.152011 0.295833 -1.202054 143 143 143 280 400
4.154027 0.266004 -1.202638 143 143 143 284 400
4.156044 0.236147 -1.203222 143 143 143 288 400
4.158064 0.206260 -1.203806 143 143 143 292 400
4.160086 0.176344 -1.204392 142 142 142 296 400
4.162109 0.146400 -1.204977 142 142 142 300 400
4.164135 0.116426 -1.205564 142 142 142 304 400
4.166162 0.086422 -1.206151 142 142 142 308 400
4.168191 0.056390 -1.206738 142 142 142 312 400
4.168800 0.026320 -1.206914 142 142 142 316 400
4.172256 -0.003762 -1.207915 142 142 142 320 400
4.174291 -0.033883 -1.208504 142 142 142 324 400
4.176328 -0.064032 -1.209094 142 142 142 328 400
4.178367 -0.094212 -1.209684 142 142 142 332 400
4.180408 -0.124420 -1.210275 142 142 142 336 400
4.182452 -0.154658 -1.210867 142 142 142 340 400
4.184498 -0.184926 -1.211459 142 142 142 344 400
4.186544 -0.215224 -1.212052 142 142 142 348 400
4.188593 -0.245551 -1.212645 142 142 142 352 400
4.190645 -0.275907 -1.213239 142 142 142 356 400
4.192698 -0.306294 -1.213833 142 142 142 360 400
4.194754 -0.336710 -1.214428 142 142 142 364 400
4.196811 -0.367156 -1.215024 141 141 141 368 400
4.198871 -0.397632 -1.215620 141 141 141 372 400
4.200932 -0.428138 -1.216217 141 141 141 376 400
4.202995 -0.458674 -1.216814 141 141 141 380 400
4.205060 -0.489240 -1.217412 141 141 141 384 400
4.207128 -0.519836 -1.218011 141 141 141 388 400
4.209197 -0.550462 -1.218610 141 141 141 392 400
4.211268 -0.581118 -1.219210 141 141 141 396 400
4.213342 -0.611804 -1.219810 141 141 141 400 400
4.215418 -0.642521 -1.220411 141 141 141 404 400
4.217495 -0.673268 -1.221012 141 141 141 408 400
4.219575 -0.704045 -1.221614 141 141 141 412 400
4.221657 -0.734853 -1.222217 141 141 141 416 400
4.223741 -0.765691 -1.222820 141 141 141 420 400
4.225826 -0.796559 -1.223424 141 141 141 424 400
4.227914 -0.827458 -1.224029 141 141 141 428 400
4.230004 -0.858387 -1.224634 141 141 141 432 400
4.232096 -0.889347 -1.225240 141 141 141 436 400
4.234190 -0.920338 -1.225846 140 140 140 440 400
4.236286 -0.951360 -1.226452 140 140 140 444 400
4.238384 -0.982412 -1.227060 140 140 140 448 400
4.240485 -1.013495 -1.227668 140 140 140 452 400
4.242587 -1.044608 -1.228277 140 140 140 456 400
4.244691 -1.075753 -1.228886 140 140 140 460 400
4.246798 -1.106928 -1.229496 140 140 140 464 400
4.248907 -1.138135 -1.230106 140 140 140 468 400
4.251017 -1.169372 -1.230717 140 140 140 472 400
4.253129 -1.200641 -1.231329 140 140 140 476 400
4.255245 -1.231940 -1.231941 140 140 140 480 400
4.257362 -1.263271 -1.232554 140 140 140 484 400
4.259481 -1.294633 -1.233168 140 140 140 488 400
4.261602 -1.326026 -1.233782 140 140 140 492 400
4.263726 -1.357451 -1.234397 140 140 140 496 400
4.211366 -1.371167 -1.219238 141 141 141 500 400
4.267979 -1.420394 -1.235628 140 140 140 504 400
4.270108 -1.451912 -1.236244 140 140 140 508 400
3.629572 -1.260307 -1.050802 157 157 157 512 400
3.603289 -1.277179 -1.043193 157 157 157 516 400
3.588646 -1.297882 -1.038953 158 158 158 520 400
3.584956 -1.322414 -1.037885 158 158 158 524 400
3.577819 -1.345595 -1.035819 158 158 158 528 400
3.591290 -1.376574 -1.039719 158 158 158 532 400
4.285076 -1.673426 -1.240578 139 139 139 536 400
4.287222 -1.705198 -1.241199 139 139 139 540 400
4.289371 -1.737001 -1.241821 139 139 139 544 400
3.586182 -1.478117 -1.038240 158 158 158 548 400
3.561849 -1.493787 -1.031195 159 159 159 552 400
3.546384 -1.512889 -1.026718 159 159 159 556 400
3.541813 -1.536494 -1.025395 159 159 159 560 400
3.551524 -1.566332 -1.028206 159 159 159 564 400
4.302310 -1.928494 -1.245567 139 139 139 568 400
4.304474 -1.960522 -1.246194 139 139 139 572 400
4.306641 -1.992582 -1.246821 139 139 139 576 400
4.308808 -2.024674 -1.247449 138 138 138 580 400
4.310979 -2.056799 -1.248077 138 138 138 584 400
4.313152 -2.088956 -1.248706 138 138 138 588 400
4.315328 -2.121145 -1.249336 138 138 138 592 400
4.317504 -2.153367 -1.249966 138 138 138 596 400
4.319684 -2.185622 -1.250597 138 138 138 600 400
4.321866 -2.217909 -1.251229 138 138 138 604 400
4.324050 -2.250229 -1.251861 138 138 138 608 400
4.326235 -2.282581 -1.252494 138 138 138 612 400
4.328424 -2.314966 -1.253127 138 138 138 616 400
4.330614 -2.347384 -1.253761 138 138 138 620 400
4.332807 -2.379835 -1.254396 138 138 138 624 400
4.335001 -2.412318 -1.255032 138 138 138 628 400
4.337199 -2.444835 -1.255668 138 138 138 632 400
4.339398 -2.477384 -1.256305 138 138 138 636 400
3.976433 2.291685 -1.179912 147 147 147 0 404
3.978282 2.264046 -1.180461 147 147 147 4 404
3.980132 2.236381 -1.181010 147 147 147 8 404
3.981984 2.208691 -1.181559 147 147 147 12 404
3.983838 2.180975 -1.182109 147 147 147 16 404
3.985693 2.153233 -1.182660 147 147 147 20 404
3.987550 2.125465 -1.183211 147 147 147 24 404
3.989410 2.097672 -1.183763 147 147 147 28 404
3.991271 2.069852 -1.184315 147 147 147 32 404
3.993133 2.042007 -1.184868 147 147 147 36 404
3.994997 2.014135 -1.185421 147 147 147 40 404
3.996863 1.986238 -1.185974 147 147 147 44 404
3.998731 1.958314 -1.186529 147 147 147 48 404
4.000601 1.930364 -1.187083 147 147 147 52 404
4.002471 1.902388 -1.187639 147 147 147 56 404
4.004344 1.874387 -1.188194 147 147 147 60 404
4.006219 1.846358 -1.188751 147 147 147 64 404
4.008096 1.818304 -1.189308 147 147 147 68 404
4.009974 1.790223 -1.189865 147 147 147 72 404
4.011854 1.762116 -1.190423 146 146 146 76 404
4.013736 1.733982 -1.190981 146 146 146 80 404
4.015619 1.705822 -1.191540 146 146 146 84 404
4.017504 1.677636 -1.192099 146 146 146 88 404
4.019392 1.649423 -1.192659 146 146 146 92 404
4.021281 1.621184 -1.193220 146 146 146 96 404
4.023171 1.592918 -1.193781 146 146 146 100 404
4.025064 1.564626 -1.194343 146 146 146 104 404
4.026958 1.536306 -1.194905 146 146 146 108 404
4.028854 1.507961 -1.195468 146 146 146 112 404
4.030751 1.479588 -1.196031 146 146 146 116 404
4.032651 1.451189 -1.196594 146 146 146 120 404
4.034552 1.422763 -1.197159 146 146 146 124 404
4.036455 1.394310 -1.197723 146 146 146 128 404
4.038360 1.365830 -1.198288 146 146 146 132 404
4.040267 1.337324 -1.198854 146 146 146 136 404
4.042175 1.308790 -1.199421 146 146 146 140 404
4.044086 1.280230 -1.199987 146 146 146 144 404
4.045998 1.251642 -1.200555 146 146 146 148 404
4.047912 1.223028 -1.201123 145 145 145 152 404
4.049828 1.194386 -1.201691 145 145 145 156 404
4.051745 1.165717 -1.202260 145 145 145 160 404
4.053665 1.137021 -1.202830 145 145 145 164 404
4.055585 1.108298 -1.203400 145 145 145 168 404
4.057509 1.079548 -1.203970 145 145 145 172 404
4.059433 1.050770 -1.204541 145 145 145 176 404
4.061360 1.021965 -1.205113 145 145 145 180 404
4.063289 0.993133 -1.205685 145 145 145 184 404
4.065219 0.964273 -1.206258 145 145 145 188 404
4.067151 0.935386 -1.206831 145 145 145 192 404
4.069085 0.906472 -1.207405 145 145 145 196 404
4.071021 0.877530 -1.207980 145 145 145 200 404
4.072958 0.848560 -1.208555 145 145 145 204 404
4.074898 0.819563 -1.209130 145 145 145 208 404
4.076840 0.790538 -1.209706 145 145 145 212 404
4.078783 0.761485 -1.210283 145 145 145 216 404
4.080728 0.732405 -1.210860 145 145 145 220 404
4.082675 0.703297 -1.211438 145 145 145 224 404
4.084624 0.674161 -1.212016 145 145 145 228 404
4.086575 0.644998 -1.212595 144 144 144 232 404
4.088527 0.615806 -1.213174 144 144 144 236 404
4.090481 0.586587 -1.213754 144 144 144 240 404
4.092438 0.557339 -1.214335 144 144 144 244 404
4.094396 0.528064 -1.214916 144 144 144 248 404
4.096355 0.498761 -1.215497 144 144 144 252 404
4.098317 0.469429 -1.216079 144 144 144 256 404
4.100281 0.440070 -1.216662 144 144 144 260 404
4.102247 0.410682 -1.217245 144 144 144 264 404
4.104215 0.381266 -1.217829 144 144 144 268 404
4.106184 0.351822 -1.218413 144 144 144 272 404
4.108155 0.322350 -1.218999 144 144 144 276 404
4.110128 0.292849 -1.219584 144 144 144 280 404
4.112103 0.263320 -1.220170 144 144 144 284 404
4.114081 0.233762 -1.220757 144 144 144 288 404
4.116059 0.204176 -1.221344 144 144 144 292 404
4.118040 0.174562 -1.221932 144 144 144 296 404
4.120023 0.144919 -1.222520 144 144 144 300 404
4.122008 0.115248 -1.223109 143 143 143 304 404
4.123994 0.085548 -1.223698 143 143 143 308 404
4.125982 0.055819 -1.224288 143 143 143 312 404
4.127973 0.026062 -1.224879 143 143 143 316 404
4.129965 -0.003724 -1.225470 143 143 143 320 404
4.131959 -0.033539 -1.226062 143 143 143 324 404
4.133955 -0.063383 -1.226654 143 143 143 328 404
4.135953 -0.093255 -1.227247 143 143 143 332 404
4.137954 -0.123157 -1.227840 143 143 143 336 404
4.139956 -0.153087 -1.228435 143 143 143 340 404
4.141960 -0.183046 -1.229029 143 143 143 344 404
4.143965 -0.213035 -1.229624 143 143 143 348 404
4.145973 -0.243052 -1.230220 143 143 143 352 404
4.147983 -0.273098 -1.230816 143 143 143 356 404
4.149995 -0.303174 -1.231413 143 143 143 360 404
4.152008 -0.333279 -1.232011 143 143 143 364 404
4.154024 -0.363413 -1.232609 143 143 143 368 404
4.156041 -0.393576 -1.233207 143 143 143 372 404
4.158061 -0.423769 -1.233807 143 143 143 376 404
4.160082 -0.453991 -1.234407 142 142 142 380 404
4.162106 -0.484242 -1.235007 142 142 142 384 404
4.164131 -0.514523 -1.235608 142 142 142 388 404
4.166158 -0.544833 -1.236210 142 142 142 392 404
4.168187 -0.575173 -1.236812 142 142 142 396 404
4.170218 -0.605542 -1.237414 142 142 142 400 404
4.172252 -0.635942 -1.238018 142 142 142 404 404
4.174287 -0.666370 -1.238622 142 142 142 408 404
4.176325 -0.696829 -1.239226 142 142 142 412 404
4.178364 -0.727317 -1.239831 142 142 142 416 404
4.180405 -0.757835 -1.240437 142 142 142 420 404
4.182448 -0.788382 -1.241043 142 142 142 424 404
4.184494 -0.818960 -1.241650 142 142 142 428 404
4.186541 -0.849567 -1.242257 142 142 142 432 404
4.188590 -0.880205 -1.242866 142 142 142 436 404
4.190641 -0.910872 -1.243474 142 142 142 440 404
4.192695 -0.941570 -1.244084 142 142 142 444 404
4.194750 -0.972298 -1.244693 142 142 142 448 404
4.196807 -1.003055 -1.245304 141 141 141 452 404
4.198866 -1.033843 -1.245915 141 141 141 456 404
4.200928 -1.064662 -1.246526 141 141 141 460 404
4.202991 -1.095510 -1.247139 141 141 141 464 404
4.205056 -1.126389 -1.247751 141 141 141 468 404
4.207124 -1.157298 -1.248365 141 141 141 472 404
4.209193 -1.188238 -1.248979 141 141 141 476 404
4.211264 -1.219208 -1.249594 141 141 141 480 404
4.213337 -1.250208 -1.250209 141 141 141 484 404
4.215413 -1.281239 -1.250825 141 141 141 488 404
4.217491 -1.312301 -1.251441 141 141 141 492 404
4.219571 -1.343393 -1.252058 141 141 141 496 404
4.221652 -1.374516 -1.252676 141 141 141 500 404
4.223735 -1.405669 -1.253294 141 141 141 504 404
4.225821 -1.436854 -1.253913 141 141 141 508 404
3.605289 -1.251875 -1.069785 157 157 157 512 404
3.582131 -1.269680 -1.062913 158 158 158 516 404
3.580911 -1.295084 -1.062551 158 158 158 520 404
3.575765 -1.319023 -1.061024 158 158 158 524 404
3.583768 -1.347833 -1.063399 158 158 158 528 404
3.597358 -1.378900 -1.067432 158 158 158 532 404
4.240479 -1.656010 -1.258263 140 140 140 536 404
4.242581 -1.687442 -1.258886 140 140 140 540 404
3.603197 -1.459132 -1.069164 157 157 157 544 404
3.579232 -1.475252 -1.062053 158 158 158 548 404
3.556571 -1.491573 -1.055329 159 159 159 552 404
3.551974 -1.515274 -1.053965 159 159 159 556 404
3.544499 -1.537659 -1.051747 159 159 159 560 404
3.567184 -1.573239 -1.058478 158 158 158 564 404
4.257357 -1.908344 -1.263270 140 140 140 568 404
4.259475 -1.940026 -1.263899 140 140 140 572 404
4.261597 -1.971741 -1.264529 140 140 140 576 404
4.263720 -2.003487 -1.265159 140 140 140 580 404
4.265845 -2.035265 -1.265789 140 140 140 584 404
4.267972 -2.067074 -1.266420 140 140 140 588 404
4.270103 -2.098916 -1.267053 140 140 140 592 404
4.272234 -2.130789 -1.267685 139 139 139 596 404
4.274368 -2.162694 -1.268318 139 139 139 600 404
4.276504 -2.194630 -1.268952 139 139 139 604 404
4.278642 -2.226599 -1.269587 139 139 139 608 404
4.280783 -2.258600 -1.270222 139 139 139 612 404
4.282925 -2.290632 -1.270857 139 139 139 616 404
4.285069 -2.322697 -1.271494 139 139 139 620 404
4.287217 -2.354794 -1.272131 139 139 139 624 404
4.289365 -2.386923 -1.272768 139 139 139 628 404
4.291517 -2.419084 -1.273407 139 139 139 632 404
4.293670 -2.451278 -1.274046 139 139 139 636 404
3.938001 2.269536 -1.196922 148 148 148 0 408
3.939814 2.242154 -1.197473 148 148 148 4 408
3.941628 2.214747 -1.198025 148 148 148 8 408
3.943445 2.187315 -1.198577 148 148 148 12 408
3.945263 2.159857 -1.199129 148 148 148 16 408
3.947083 2.132374 -1.199682 148 148 148 20 408
3.948904 2.104866 -1.200236 148 148 148 24 408
3.950728 2.077332 -1.200790 148 148 148 28 408
3.952552 2.049773 -1.201345 148 148 148 32 408
3.954379 2.022188 -1.201900 148 148 148 36 408
3.956207 1.994579 -1.202456 148 148 148 40 408
3.958037 1.966943 -1.203012 148 148 148 44 408
3.959868 1.939282 -1.203568 148 148 148 48 408
3.961702 1.911595 -1.204126 148 148 148 52 408
3.963537 1.883883 -1.204683 148 148 148 56 408
3.965374 1.856145 -1.205242 148 148 148 60 408
3.967212 1.828381 -1.205801 148 148 148 64 408
3.969052 1.800591 -1.206360 148 148 148 68 408
3.970894 1.772776 -1.206920 148 148 148 72 408
3.972738 1.744935 -1.207480 148 148 148 76 408
3.974583 1.717068 -1.208041 147 147 147 80 408
3.976429 1.689175 -1.208602 147 147 147 84 408
3.978278 1.661256 -1.209164 147 147 147 88 408
3.980128 1.633311 -1.209726 147 147 147 92 408
3.981981 1.605340 -1.210290 147 147 147 96 408
3.983835 1.577343 -1.210854 147 147 147 100 408
3.985690 1.549320 -1.211417 147 147 147 104 408
3.987547 1.521271 -1.211982 147 147 147 108 408
3.989406 1.493196 -1.212547 147 147 147 112 408
3.991267 1.465094 -1.213113 147 147 147 116 408
3.993130 1.436967 -1.213679 147 147 147 120 408
3.994993 1.408813 -1.214245 147 147 147 124 408
3.996860 1.380633 -1.214813 147 147 147 128 408
3.998728 1.352426 -1.215380 147 147 147 132 408
4.000597 1.324193 -1.215948 147 147 147 136 408
4.002468 1.295934 -1.216517 147 147 147 140 408
4.004341 1.267648 -1.217086 147 147 147 144 408
4.006216 1.239336 -1.217656 147 147 147 148 408
4.008092 1.210997 -1.218226 147 147 147 152 408
4.009971 1.182631 -1.218797 147 147 147 156 408
4.011851 1.154239 -1.219369 146 146 146 160 408
4.013733 1.125821 -1.219941 146 146 146 164 408
4.015616 1.097376 -1.220513 146 146 146 168 408
4.017501 1.068904 -1.221086 146 146 146 172 408
4.019388 1.040405 -1.221660 146 146 146 176 408
4.021277 1.011879 -1.222234 146 146 146 180 408
4.023168 0.983327 -1.222808 146 146 146 184 408
4.025060 0.954748 -1.223384 146 146 146 188 408
4.026954 0.926142 -1.223959 146 146 146 192 408
4.028851 0.897509 -1.224536 146 146 146 196 408
4.030747 0.868848 -1.225112 146 146 146 200 408
4.032648 0.840162 -1.225690 146 146 146 204 408
4.034549 0.811447 -1.226268 146 146 146 208 408
4.036452 0.782706 -1.226846 146 146 146 212 408
4.038357 0.753938 -1.227425 146 146 146 216 408
4.040263 0.725142 -1.228005 146 146 146 220 408
4.042172 0.696320 -1.228585 146 146 146 224 408
4.044082 0.667470 -1.229165 146 146 146 228 408
4.045995 0.638593 -1.229747 146 146 146 232 408
4.047908 0.609688 -1.230328 145 145 145 236 408
4.049824 0.580756 -1.230910 145 145 145 240 408
4.051742 0.551797 -1.231493 145 145 145 244 408
4.053661 0.522810 -1.232077 145 145 145 248 408
4.055582 0.493796 -1.232661 145 145 145 252 408
4.057506 0.464754 -1.233245 145 145 145 256 408
4.059430 0.435685 -1.233830 145 145 145 260 408
4.061357 0.406588 -1.234416 145 145 145 264 408
4.063285 0.377464 -1.235002 145 145 145 268 408
4.065216 0.348312 -1.235589 145 145 145 272 408
4.067148 0.319132 -1.236176 145 145 145 276 408
4.069082 0.289924 -1.236764 145 145 145 280 408
4.071018 0.260689 -1.237352 145 145 145 284 408
4.072955 0.231426 -1.237941 145 145 145 288 408
4.074895 0.202134 -1.238531 145 145 145 292 408
4.076837 0.172815 -1.239121 145 145 145 296 408
4.078780 0.143469 -1.239711 145 145 145 300 408
4.080724 0.114094 -1.240302 145 145 145 304 408
4.082672 0.084691 -1.240894 145 145 145 308 408
4.084620 0.055260 -1.241487 145 145 145 312 408
4.086571 0.025800 -1.242079 144 144 144 316 408
4.088523 -0.003687 -1.242673 144 144 144 320 408
4.090478 -0.033202 -1.243267 144 144 144 324 408
4.092434 -0.062746 -1.243861 144 144 144 328 408
4.094392 -0.092318 -1.244456 144 144 144 332 408
4.096352 -0.121919 -1.245052 144 144 144 336 408
4.098314 -0.151547 -1.245649 144 144 144 340 408
4.100278 -0.181204 -1.246246 144 144 144 344 408
4.102243 -0.210890 -1.246843 144 144 144 348 408
4.104211 -0.240604 -1.247441 144 144 144 352 408
4.106181 -0.270346 -1.248039 144 144 144 356 408
4.108152 -0.300117 -1.248639 144 144 144 360 408
4.110125 -0.329917 -1.249238 144 144 144 364 408
4.112100 -0.359745 -1.249839 144 144 144 368 408
4.114077 -0.389602 -1.250440 144 144 144 372 408
4.116056 -0.419488 -1.251041 144 144 144 376 408
4.118037 -0.449402 -1.251643 144 144 144 380 408
4.120019 -0.479346 -1.252246 144 144 144 384 408
4.122004 -0.509318 -1.252849 143 143 143 388 408
4.123990 -0.539319 -1.253453 143 143 143 392 408
4.125979 -0.569349 -1.254057 143 143 143 396 408
4.127970 -0.599408 -1.254662 143 143 143 400 408
4.129962 -0.629496 -1.255268 143 143 143 404 408
4.131956 -0.659612 -1.255874 143 143 143 408 408
4.133952 -0.689759 -1.256480 143 143 143 412 408
4.135950 -0.719934 -1.257088 143 143 143 416 408
4.137950 -0.750138 -1.257696 143 143 143 420 408
4.139952 -0.780372 -1.258304 143 143 143 424 408
4.141956 -0.810635 -1.258913 143 143 143 428 408
4.143962 -0.840927 -1.259523 143 143 143 432 408
4.145970 -0.871249 -1.260133 143 143 143 436 408
4.147979 -0.901599 -1.260744 143 143 143 440 408
4.149991 -0.931980 -1.261355 143 143 143 444 408
4.152005 -0.962390 -1.261967 143 143 143 448 408
4.154020 -0.992829 -1.262580 143 143 143 452 408
4.156037 -1.023298 -1.263193 143 143 143 456 408
4.158057 -1.053797 -1.263807 143 143 143 460 408
4.160078 -1.084325 -1.264421 142 142 142 464 408
4.162101 -1.114883 -1.265036 142 142 142 468 408
4.164127 -1.145470 -1.265652 142 142 142 472 408
4.166154 -1.176088 -1.266268 142 142 142 476 408
4.168183 -1.206735 -1.266885 142 142 142 480 408
4.170215 -1.237412 -1.267502 142 142 142 484 408
4.172248 -1.268119 -1.268120 142 142 142 488 408
4.174283 -1.298856 -1.268739 142 142 142 492 408
4.176320 -1.329623 -1.269358 142 142 142 496 408
4.178359 -1.360420 -1.269978 142 142 142 500 408
4.180400 -1.391248 -1.270598 142 142 142 504 408
3.607144 -1.226493 -1.096362 157 157 157 508 408
3.581262 -1.243532 -1.088495 158 158 158 512 408
3.574424 -1.266948 -1.086416 158 158 158 516 408
3.573208 -1.292298 -1.086047 158 158 158 520 408
3.576329 -1.319231 -1.086996 158 158 158 524 408
3.589796 -1.350100 -1.091089 158 158 158 528 408
4.194745 -1.607884 -1.274958 142 142 142 532 408
4.196802 -1.638953 -1.275583 141 141 141 536 408
4.198861 -1.670053 -1.276209 141 141 141 540 408
3.602546 -1.458868 -1.094964 157 157 157 544 408
3.572904 -1.472644 -1.085955 158 158 158 548 408
3.561021 -1.493440 -1.082343 159 159 159 552 408
3.553340 -1.515856 -1.080008 159 159 159 556 408
3.555419 -1.542396 -1.080640 159 159 159 560 408
4.211259 -1.857295 -1.279977 141 141 141 564 408
4.213332 -1.888610 -1.280607 141 141 141 568 408
4.215408 -1.919955 -1.281238 141 141 141 572 408
4.217485 -1.951332 -1.281870 141 141 141 576 408
4.219565 -1.982739 -1.282502 141 141 141 580 408
4.221646 -2.014177 -1.283134 141 141 141 584 408
4.223730 -2.045647 -1.283768 141 141 141 588 408
4.225816 -2.077147 -1.284402 141 141 141 592 408
4.227903 -2.108678 -1.285036 141 141 141 596 408
4.229994 -2.140241 -1.285671 141 141 141 600 408
4.232085 -2.171835 -1.286307 141 141 141 604 408
4.234179 -2.203460 -1.286944 140 140 140 608 408
4.236275 -2.235117 -1.287581 140 140 140 612 408
4.238374 -2.266805 -1.288219 140 140 140 616 408
4.240474 -2.298524 -1.288857 140 140 140 620 408
4.242577 -2.330275 -1.289496 140 140 140 624 408
4.244680 -2.362057 -1.290136 140 140 140 628 408
4.246788 -2.393871 -1.290776 140 140 140 632 408
4.248896 -2.425716 -1.291417 140 140 140 636 408
3.900304 2.247810 -1.213606 149 149 149 0 412
3.902082 2.220681 -1.214159 149 149 149 4 412
3.903863 2.193527 -1.214713 149 149 149 8 412
3.905644 2.166348 -1.215268 149 149 149 12 412
3.907428 2.139144 -1.215823 149 149 149 16 412
3.909213 2.111915 -1.216378 149 149 149 20 412
3.911000 2.084662 -1.216934 149 149 149 24 412
3.912788 2.057383 -1.217491 149 149 149 28 412
3.914578 2.030080 -1.218047 149 149 149 32 412
3.916370 2.002752 -1.218605 149 149 149 36 412
3.918163 1.975398 -1.219163 149 149 149 40 412
3.919958 1.948020 -1.219721 149 149 149 44 412
3.921754 1.920616 -1.220280 149 149 149 48 412
3.923553 1.893187 -1.220840 149 149 149 52 412
3.925352 1.865733 -1.221400 149 149 149 56 412
3.927154 1.838254 -1.221960 149 149 149 60 412
3.928957 1.810750 -1.222522 149 149 149 64 412
3.930762 1.783221 -1.223083 149 149 149 68 412
3.932568 1.755666 -1.223645 149 149 149 72 412
3.934376 1.728085 -1.224208 149 149 149 76 412
3.936186 1.700480 -1.224771 148 148 148 80 412
3.937997 1.672849 -1.225335 148 148 148 84 412
3.939811 1.645192 -1.225899 148 148 148 88 412
3.941625 1.617511 -1.226464 148 148 148 92 412
3.943442 1.589803 -1.227029 148 148 148 96 412
3.945260 1.562070 -1.227595 148 148 148 100 412
3.947080 1.534312 -1.228161 148 148 148 104 412
3.948901 1.506527 -1.228728 148 148 148 108 412
3.950724 1.478718 -1.229295 148 148 148 112 412
3.952549 1.450882 -1.229863 148 148 148 116 412
3.954376 1.423021 -1.230431 148 148 148 120 412
3.956204 1.395134 -1.231000 148 148 148 124 412
3.958034 1.367221 -1.231570 148 148 148 128 412
3.959865 1.339282 -1.232140 148 148 148 132 412
3.961699 1.311318 -1.232710 148 148 148 136 412
3.963534 1.283327 -1.233281 148 148 148 140 412
3.965370 1.255311 -1.233853 148 148 148 144 412
3.967209 1.227269 -1.234425 148 148 148 148 412
3.969049 1.199200 -1.234997 148 148 148 152 412
3.970891 1.171106 -1.235570 148 148 148 156 412
3.972734 1.142985 -1.236144 148 148 148 160 412
3.974579 1.114839 -1.236718 147 147 147 164 412
3.976427 1.086666 -1.237293 147 147 147 168 412
3.978275 1.058467 -1.237868 147 147 147 172 412
3.980125 1.030242 -1.238444 147 147 147 176 412
3.981977 1.001990 -1.239020 147 147 147 180 412
3.983831 0.973712 -1.239597 147 147 147 184 412
3.985687 0.945408 -1.240174 147 147 147 188 412
3.987544 0.917078 -1.240752 147 147 147 192 412
3.989403 0.888721 -1.241331 147 147 147 196 412
3.991264 0.860337 -1.241910 147 147 147 200 412
3.993126 0.831928 -1.242489 147 147 147 204 412
3.994991 0.803491 -1.243069 147 147 147 208 412
3.996857 0.775028 -1.243650 147 147 147 212 412
3.998724 0.746539 -1.244231 147 147 147 216 412
4.000594 0.718023 -1.244812 147 147 147 220 412
4.002465 0.689480 -1.245395 147 147 147 224 412
4.004338 0.660910 -1.245978 147 147 147 228 412
4.006213 0.632314 -1.246561 147 147 147 232 412
4.008089 0.603691 -1.247145 147 147 147 236 412
4.009967 0.575041 -1.247729 147 147 147 240 412
4.011847 0.546364 -1.248314 146 146 146 244 412
4.013729 0.517660 -1.248900 146 146 146 248 412
4.015613 0.488930 -1.249486 146 146 146 252 412
4.017498 0.460172 -1.250072 146 146 146 256 412
4.019385 0.431387 -1.250660 146 146 146 260 412
4.021274 0.402576 -1.251247 146 146 146 264 412
4.023164 0.373737 -1.251835 146 146 146 268 412
4.025057 0.344871 -1.252424 146 146 146 272 412
4.026951 0.315978 -1.253014 146 146 146 276 412
4.028847 0.287057 -1.253604 146 146 146 280 412
4.030745 0.258110 -1.254194 146 146 146 284 412
4.032644 0.229135 -1.254785 146 146 146 288 412
4.034546 0.200133 -1.255377 146 146 146 292 412
4.036448 0.171103 -1.255969 146 146 146 296 412
4.038353 0.142047 -1.256562 146 146 146 300 412
4.040260 0.112962 -1.257155 146 146 146 304 412
4.042169 0.083850 -1.257749 146 146 146 308 412
4.044079 0.054711 -1.258343 146 146 146 312 412
4.045991 0.025544 -1.258938 146 146 146 316 412
4.047905 -0.003650 -1.259534 145 145 145 320 412
4.049821 -0.032872 -1.260130 145 145 145 324 412
4.051738 -0.062122 -1.260726 145 145 145 328 412
4.053658 -0.091400 -1.261324 145 145 145 332 412
4.055579 -0.120705 -1.261922 145 145 145 336 412
4.057502 -0.150038 -1.262520 145 145 145 340 412
4.059427 -0.179399 -1.263119 145 145 145 344 412
4.061353 -0.208788 -1.263718 145 145 145 348 412
4.063282 -0.238204 -1.264318 145 145 145 352 412
4.065212 -0.267649 -1.264919 145 145 145 356 412
4.067144 -0.297122 -1.265520 145 145 145 360 412
4.069078 -0.326622 -1.266122 145 145 145 364 412
4.071014 -0.356151 -1.266724 145 145 145 368 412
4.072951 -0.385708 -1.267327 145 145 145 372 412
4.074892 -0.415293 -1.267931 145 145 145 376 412
4.076833 -0.444906 -1.268535 145 145 145 380 412
4.078776 -0.474547 -1.269140 145 145 145 384 412
4.080721 -0.504217 -1.269745 145 145 145 388 412
4.082668 -0.533915 -1.270350 145 145 145 392 412
4.084617 -0.563641 -1.270957 145 145 145 396 412
4.086567 -0.593396 -1.271564 144 144 144 400 412
4.088520 -0.623179 -1.272171 144 144 144 404 412
4.090475 -0.652991 -1.272780 144 144 144 408 412
4.092431 -0.682831 -1.273388 144 144 144 412 412
4.094388 -0.712699 -1.273997 144 144 144 416 412
4.096349 -0.742597 -1.274607 144 144 144 420 412
4.098310 -0.772523 -1.275218 144 144 144 424 412
4.100275 -0.802477 -1.275829 144 144 144 428 412
4.102240 -0.832460 -1.276440 144 144 144 432 412
4.104208 -0.862473 -1.277053 144 144 144 436 412
4.106177 -0.892513 -1.277665 144 144 144 440 412
4.108149 -0.922583 -1.278279 144 144 144 444 412
4.110121 -0.952682 -1.278893 144 144 144 448 412
4.112096 -0.982809 -1.279507 144 144 144 452 412
4.114074 -1.012966 -1.280123 144 144 144 456 412
4.116052 -1.043151 -1.280738 144 144 144 460 412
4.118033 -1.073366 -1.281355 144 144 144 464 412
4.120016 -1.103609 -1.281972 144 144 144 468 412
4.122000 -1.133882 -1.282589 143 143 143 472 412
4.123987 -1.164184 -1.283207 143 143 143 476 412
4.125975 -1.194515 -1.283826 143 143 143 480 412
4.127965 -1.224876 -1.284445 143 143 143 484 412
4.129958 -1.255265 -1.285065 143 143 143 488 412
4.131951 -1.285685 -1.285685 143 143 143 492 412
4.133948 -1.316133 -1.286307 143 143 143 496 412
4.135946 -1.346611 -1.286928 143 143 143 500 412
4.137946 -1.377118 -1.287551 143 143 143 504 412
3.582984 -1.218278 -1.114871 158 158 158 508 412
3.569330 -1.239389 -1.110622 158 158 158 512 412
3.567432 -1.264470 -1.110031 158 158 158 516 412
3.568931 -1.290751 -1.110498 158 158 158 520 412
3.582309 -1.321437 -1.114660 158 158 158 524 412
4.149986 -1.560784 -1.291297 143 143 143 528 412
4.151999 -1.591499 -1.291923 143 143 143 532 412
4.154015 -1.622244 -1.292551 143 143 143 536 412
4.156032 -1.653018 -1.293178 143 143 143 540 412
3.604556 -1.459682 -1.121583 157 157 157 544 412
3.574862 -1.473451 -1.112343 158 158 158 548 412
3.564226 -1.494784 -1.109034 159 159 159 552 412
3.554757 -1.516461 -1.106087 159 159 159 556 412
3.567996 -1.547852 -1.110207 158 158 158 560 412
4.168178 -1.838295 -1.296957 142 142 142 564 412
4.170209 -1.869280 -1.297590 142 142 142 568 412
4.172243 -1.900295 -1.298222 142 142 142 572 412
4.174278 -1.931341 -1.298856 142 142 142 576 412
4.176315 -1.962416 -1.299489 142 142 142 580 412
4.178354 -1.993522 -1.300124 142 142 142 584 412
4.180395 -2.024659 -1.300759 142 142 142 588 412
4.182438 -2.055825 -1.301395 142 142 142 592 412
4.184483 -2.087022 -1.302031 142 142 142 596 412
4.186531 -2.118251 -1.302668 142 142 142 600 412
4.188580 -2.149509 -1.303306 142 142 142 604 412
4.190631 -2.180798 -1.303944 142 142 142 608 412
4.192684 -2.212117 -1.304583 142 142 142 612 412
4.194739 -2.243468 -1.305222 142 142 142 616 412
4.196797 -2.274849 -1.305862 141 141 141 620 412
4.198856 -2.306261 -1.306503 141 141 141 624 412
4.200917 -2.337703 -1.307145 141 141 141 628 412
4.202981 -2.369177 -1.307787 141 141 141 632 412
4.205045 -2.400682 -1.308429 141 141 141 636 412
3.863323 2.226498 -1.229974 150 150 150 0 416
3.865068 2.199616 -1.230529 150 150 150 4 416
3.866814 2.172710 -1.231085 150 150 150 8 416
3.868562 2.145779 -1.231642 150 150 150 12 416
3.870312 2.118824 -1.232199 150 150 150 16 416
3.872063 2.091846 -1.232757 150 150 150 20 416
3.873816 2.064842 -1.233315 150 150 150 24 416
3.875571 2.037814 -1.233873 150 150 150 28 416
3.877326 2.010761 -1.234432 150 150 150 32 416
3.879084 1.983684 -1.234992 150 150 150 36 416
3.880844 1.956583 -1.235552 150 150 150 40 416
3.882604 1.929457 -1.236113 150 150 150 44 416
3.884367 1.902306 -1.236674 150 150 150 48 416
3.886131 1.875131 -1.237235 150 150 150 52 416
3.887897 1.847931 -1.237797 150 150 150 56 416
3.889664 1.820706 -1.238360 150 150 150 60 416
3.891433 1.793456 -1.238923 150 150 150 64 416
3.893203 1.766182 -1.239487 150 150 150 68 416
3.894975 1.738883 -1.240051 150 150 150 72 416
3.896749 1.711558 -1.240616 150 150 150 76 416
3.898524 1.684209 -1.241181 150 150 150 80 416
3.900301 1.656836 -1.241747 149 149 149 84 416
3.902080 1.629437 -1.242314 149 149 149 88 416
3.903859 1.602013 -1.242880 149 149 149 92 416
3.905641 1.574564 -1.243448 149 149 149 96 416
3.907425 1.547090 -1.244015 149 149 149 100 416
3.909210 1.519591 -1.244584 149 149 149 104 416
3.910996 1.492067 -1.245152 149 149 149 108 416
3.912785 1.464517 -1.245722 149 149 149 112 416
3.914575 1.436943 -1.246292 149 149 149 116 416
3.916367 1.409343 -1.246862 149 149 149 120 416
3.918159 1.381718 -1.247433 149 149 149 124 416
3.919955 1.354067 -1.248004 149 149 149 128 416
3.921751 1.326392 -1.248576 149 149 149 132 416
3.923550 1.298690 -1.249149 149 149 149 136 416
3.925349 1.270964 -1.249722 149 149 149 140 416
3.927151 1.243212 -1.250296 149 149 149 144 416
3.928954 1.215434 -1.250870 149 149 149 148 416
3.930758 1.187631 -1.251444 149 149 149 152 416
3.932565 1.159803 -1.252019 149 149 149 156 416
3.934373 1.131948 -1.252595 149 149 149 160 416
3.936183 1.104069 -1.253171 149 149 149 164 416
3.937994 1.076163 -1.253748 148 148 148 168 416
3.939807 1.048232 -1.254325 148 148 148 172 416
3.941622 1.020275 -1.254903 148 148 148 176 416
3.943438 0.992293 -1.255481 148 148 148 180 416
3.945256 0.964284 -1.256060 148 148 148 184 416
3.947076 0.936250 -1.256639 148 148 148 188 416
3.948898 0.908190 -1.257219 148 148 148 192 416
3.950721 0.880104 -1.257800 148 148 148 196 416
3.952546 0.851992 -1.258381 148 148 148 200 416
3.954372 0.823854 -1.258962 148 148 148 204 416
3.956201 0.795690 -1.259544 148 148 148 208 416
3.958030 0.767500 -1.260127 148 148 148 212 416
3.959862 0.739283 -1.260710 148 148 148 216 416
3.961695 0.711041 -1.261294 148 148 148 220 416
3.963531 0.682773 -1.261878 148 148 148 224 416
3.965367 0.654478 -1.262462 148 148 148 228 416
3.967206 0.626157 -1.263048 148 148 148 232 416
3.969045 0.597810 -1.263634 148 148 148 236 416
3.970888 0.569437 -1.264220 148 148 148 240 416
3.972731 0.541037 -1.264807 148 148 148 244 416
3.974576 0.512611 -1.265394 147 147 147 248 416
3.976423 0.484158 -1.265982 147 147 147 252 416
3.978272 0.455679 -1.266571 147 147 147 256 416
3.980122 0.427173 -1.267160 147 147 147 260 416
3.981974 0.398641 -1.267750 147 147 147 264 416
3.983828 0.370083 -1.268340 147 147 147 268 416
3.985683 0.341497 -1.268931 147 147 147 272 416
3.987540 0.312885 -1.269522 147 147 147 276 416
3.989400 0.284247 -1.270114 147 147 147 280 416
3.991261 0.255582 -1.270706 147 147 147 284 416
3.993123 0.226890 -1.271299 147 147 147 288 416
3.994987 0.198171 -1.271893 147 147 147 292 416
3.996853 0.169425 -1.272487 147 147 147 296 416
3.998721 0.140653 -1.273082 147 147 147 300 416
4.000590 0.111853 -1.273677 147 147 147 304 416
4.002462 0.083027 -1.274272 147 147 147 308 416
4.004334 0.054173 -1.274869 147 147 147 312 416
4.006209 0.025293 -1.275466 147 147 147 316 416
4.008086 -0.003614 -1.276063 147 147 147 320 416
4.009964 -0.032549 -1.276661 147 147 147 324 416
4.011844 -0.061511 -1.277259 146 146 146 328 416
4.013725 -0.090499 -1.277858 146 146 146 332 416
4.015609 -0.119515 -1.278458 146 146 146 336 416
4.017495 -0.148559 -1.279059 146 146 146 340 416
4.019382 -0.177629 -1.279659 146 146 146 344 416
4.021270 -0.206727 -1.280261 146 146 146 348 416
4.023160 -0.235852 -1.280862 146 146 146 352 416
4.025054 -0.265005 -1.281465 146 146 146 356 416
4.026947 -0.294185 -1.282068 146 146 146 360 416
4.028843 -0.323393 -1.282672 146 146 146 364 416
4.030741 -0.352628 -1.283276 146 146 146 368 416
4.032641 -0.381890 -1.283881 146 146 146 372 416
4.034542 -0.411180 -1.284486 146 146 146 376 416
4.036445 -0.440498 -1.285092 146 146 146 380 416
4.038350 -0.469844 -1.285698 146 146 146 384 416
4.040257 -0.499217 -1.286305 146 146 146 388 416
4.042165 -0.528618 -1.286913 146 146 146 392 416
4.044075 -0.558047 -1.287521 146 146 146 396 416
4.045988 -0.587503 -1.288130 146 146 146 400 416
4.047902 -0.616988 -1.288739 145 145 145 404 416
4.049817 -0.646500 -1.289349 145 145 145 408 416
4.051735 -0.676040 -1.289960 145 145 145 412 416
4.053654 -0.705609 -1.290571 145 145 145 416 416
4.055576 -0.735205 -1.291182 145 145 145 420 416
4.057498 -0.764830 -1.291795 145 145 145 424 416
4.059423 -0.794482 -1.292407 145 145 145 428 416
4.061350 -0.824163 -1.293021 145 145 145 432 416
4.063279 -0.853872 -1.293635 145 145 145 436 416
4.065208 -0.883609 -1.294249 145 145 145 440 416
4.067141 -0.913374 -1.294864 145 145 145 444 416
4.069075 -0.943167 -1.295480 145 145 145 448 416
4.071011 -0.972990 -1.296097 145 145 145 452 416
4.072948 -1.002840 -1.296713 145 145 145 456 416
4.074888 -1.032719 -1.297331 145 145 145 460 416
4.076829 -1.062626 -1.297949 145 145 145 464 416
4.078773 -1.092562 -1.298568 145 145 145 468 416
4.080718 -1.122526 -1.299187 145 145 145 472 416
4.082664 -1.152519 -1.299807 145 145 145 476 416
4.084613 -1.182541 -1.300427 145 145 145 480 416
4.086564 -1.212591 -1.301048 144 144 144 484 416
4.088516 -1.242670 -1.301670 144 144 144 488 416
4.090470 -1.272777 -1.302292 144 144 144 492 416
4.092427 -1.302914 -1.302915 144 144 144 496 416
4.094384 -1.333079 -1.303538 144 144 144 500 416
3.584709 -1.193000 -1.141272 158 158 158 504 416
3.567712 -1.213085 -1.135860 158 158 158 508 416
3.562596 -1.237051 -1.134231 159 159 159 512 416
3.563450 -1.263058 -1.134503 159 159 159 516 416
3.575327 -1.293065 -1.138285 158 158 158 520 416
4.106172 -1.514679 -1.307291 144 144 144 524 416
4.108143 -1.545047 -1.307919 144 144 144 528 416
4.110116 -1.575445 -1.308547 144 144 144 532 416
4.112092 -1.605871 -1.309175 144 144 144 536 416
3.639254 -1.447475 -1.158637 156 156 156 540 416
3.601691 -1.458522 -1.146678 158 158 158 544 416
3.583539 -1.477027 -1.140899 158 158 158 548 416
3.572835 -1.498394 -1.137491 158 158 158 552 416
3.575865 -1.525465 -1.138456 158 158 158 556 416
4.123982 -1.789048 -1.312961 143 143 143 560 416
4.125970 -1.819680 -1.313594 143 143 143 564 416
4.127960 -1.850342 -1.314228 143 143 143 568 416
4.129952 -1.881034 -1.314862 143 143 143 572 416
4.131947 -1.911755 -1.315497 143 143 143 576 416
4.133943 -1.942506 -1.316132 143 143 143 580 416
4.135941 -1.973286 -1.316768 143 143 143 584 416
4.137940 -2.004097 -1.317405 143 143 143 588 416
4.139943 -2.034937 -1.318043 143 143 143 592 416
4.141946 -2.065807 -1.318680 143 143 143 596 416
4.143952 -2.096707 -1.319319 143 143 143 600 416
4.145959 -2.127637 -1.319958 143 143 143 604 416
4.147969 -2.158597 -1.320598 143 143 143 608 416
4.149981 -2.189587 -1.321238 143 143 143 612 416
4.151994 -2.220607 -1.321880 143 143 143 616 416
4.154009 -2.251657 -1.322521 143 143 143 620 416
4.156027 -2.282737 -1.323163 143 143 143 624 416
4.158046 -2.313847 -1.323806 143 143 143 628 416
4.160068 -2.344988 -1.324450 142 142 142 632 416
4.162091 -2.376159 -1.325094 142 142 142 636 416
3.827036 2.205585 -1.246034 151 151 151 0 420
3.828748 2.178946 -1.246592 151 151 151 4 420
3.830462 2.152284 -1.247149 151 151 151 8 420
3.832177 2.125598 -1.247708 151 151 151 12 420
3.833894 2.098888 -1.248267 151 151 151 16 420
3.835613 2.072154 -1.248827 151 151 151 20 420
3.837333 2.045395 -1.249387 151 151 151 24 420
3.839055 2.018614 -1.249947 151 151 151 28 420
3.840778 1.991807 -1.250508 151 151 151 32 420
3.842502 1.964977 -1.251070 151 151 151 36 420
3.844228 1.938123 -1.251632 151 151 151 40 420
3.845956 1.911245 -1.252194 151 151 151 44 420
3.847686 1.884342 -1.252757 151 151 151 48 420
3.849416 1.857415 -1.253321 151 151 151 52 420
3.851149 1.830464 -1.253885 151 151 151 56 420
3.852883 1.803489 -1.254449 151 151 151 60 420
3.854618 1.776489 -1.255014 151 151 151 64 420
3.856355 1.749466 -1.255580 151 151 151 68 420
3.858094 1.722417 -1.256146 151 151 151 72 420
3.859834 1.695345 -1.256713 151 151 151 76 420
3.861576 1.668247 -1.257281 151 151 151 80 420
3.863319 1.641126 -1.257848 150 150 150 84 420
3.865064 1.613980 -1.258416 150 150 150 88 420
3.866811 1.586809 -1.258985 150 150 150 92 420
3.868559 1.559614 -1.259554 150 150 150 96 420
3.870309 1.532394 -1.260124 150 150 150 100 420
3.872060 1.505150 -1.260694 150 150 150 104 420
3.873813 1.477881 -1.261265 150 150 150 108 420
3.875567 1.450587 -1.261836 150 150 150 112 420
3.877323 1.423268 -1.262408 150 150 150 116 420
3.879081 1.395925 -1.262980 150 150 150 120 420
3.880841 1.368557 -1.263553 150 150 150 124 420
3.882601 1.341164 -1.264126 150 150 150 128 420
3.884364 1.313747 -1.264700 150 150 150 132 420
3.886128 1.286304 -1.265274 150 150 150 136 420
3.887893 1.258836 -1.265849 150 150 150 140 420
3.889661 1.231344 -1.266425 150 150 150 144 420
3.891429 1.203826 -1.267000 150 150 150 148 420
3.893200 1.176283 -1.267577 150 150 150 152 420
3.894972 1.148716 -1.268154 150 150 150 156 420
3.896745 1.121123 -1.268731 150 150 150 160 420
3.898521 1.093505 -1.269309 150 150 150 164 420
3.900298 1.065862 -1.269888 149 149 149 168 420
3.902076 1.038193 -1.270467 149 149 149 172 420
3.903857 1.010500 -1.271047 149 149 149 176 420
3.905638 0.982781 -1.271627 149 149 149 180 420
3.907422 0.955037 -1.272207 149 149 149 184 420
3.909207 0.927267 -1.272789 149 149 149 188 420
3.910993 0.899472 -1.273370 149 149 149 192 420
3.912782 0.871652 -1.273952 149 149 149 196 420
3.914572 0.843806 -1.274535 149 149 149 200 420
3.916364 0.815935 -1.275119 149 149 149 204 420
3.918156 0.788038 -1.275702 149 149 149 208 420
3.919952 0.760116 -1.276287 149 149 149 212 420
3.921748 0.732168 -1.276872 149 149 149 216 420
3.923546 0.704194 -1.277457 149 149 149 220 420
3.925346 0.676195 -1.278043 149 149 149 224 420
3.927147 0.648170 -1.278630 149 149 149 228 420
3.928951 0.620119 -1.279217 149 149 149 232 420
3.930755 0.592043 -1.279804 149 149 149 236 420
3.932561 0.563941 -1.280393 149 149 149 240 420
3.934370 0.535812 -1.280981 149 149 149 244 420
3.936179 0.507658 -1.281570 149 149 149 248 420
3.937991 0.479479 -1.282160 148 148 148 252 420
3.939804 0.451273 -1.282751 148 148 148 256 420
3.941619 0.423041 -1.283341 148 148 148 260 420
3.943435 0.394783 -1.283933 148 148 148 264 420
3.945253 0.366499 -1.284525 148 148 148 268 420
3.947073 0.338189 -1.285117 148 148 148 272 420
3.948895 0.309853 -1.285710 148 148 148 276 420
3.950717 0.281491 -1.286304 148 148 148 280 420
3.952543 0.253102 -1.286898 148 148 148 284 420
3.954369 0.224688 -1.287493 148 148 148 288 420
3.956197 0.196247 -1.288088 148 148 148 292 420
3.958027 0.167779 -1.288684 148 148 148 296 420
3.959859 0.139286 -1.289280 148 148 148 300 420
3.961692 0.110766 -1.289877 148 148 148 304 420
3.963527 0.082219 -1.290475 148 148 148 308 420
3.965364 0.053646 -1.291072 148 148 148 312 420
3.967202 0.025047 -1.291671 148 148 148 316 420
3.969042 -0.003579 -1.292270 148 148 148 320 420
3.970884 -0.032232 -1.292870 148 148 148 324 420
3.972727 -0.060911 -1.293470 148 148 148 328 420
3.974573 -0.089617 -1.294071 147 147 147 332 420
3.976420 -0.118349 -1.294672 147 147 147 336 420
3.978268 -0.147108 -1.295274 147 147 147 340 420
3.980119 -0.175894 -1.295877 147 147 147 344 420
3.981971 -0.204707 -1.296479 147 147 147 348 420
3.983824 -0.233546 -1.297083 147 147 147 352 420
3.985680 -0.262413 -1.297687 147 147 147 356 420
3.987537 -0.291306 -1.298292 147 147 147 360 420
3.989397 -0.320226 -1.298897 147 147 147 364 420
3.991257 -0.349173 -1.299503 147 147 147 368 420
3.993120 -0.378148 -1.300110 147 147 147 372 420
3.994984 -0.407149 -1.300717 147 147 147 376 420
3.996850 -0.436177 -1.301324 147 147 147 380 420
3.998718 -0.465233 -1.301932 147 147 147 384 420
4.000587 -0.494315 -1.302541 147 147 147 388 420
4.002458 -0.523425 -1.303150 147 147 147 392 420
4.004331 -0.552562 -1.303760 147 147 147 396 420
4.006206 -0.581727 -1.304370 147 147 147 400 420
4.008083 -0.610919 -1.304981 147 147 147 404 420
4.009961 -0.640138 -1.305593 147 147 147 408 420
4.011841 -0.669384 -1.306205 146 146 146 412 420
4.013722 -0.698658 -1.306817 146 146 146 416 420
4.015606 -0.727959 -1.307431 146 146 146 420 420
4.017491 -0.757288 -1.308045 146 146 146 424 420
4.019379 -0.786645 -1.308659 146 146 146 428 420
4.021267 -0.816029 -1.309274 146 146 146 432 420
4.023158 -0.845440 -1.309889 146 146 146 436 420
4.025050 -0.874880 -1.310506 146 146 146 440 420
4.026944 -0.904347 -1.311122 146 146 146 444 420
4.028840 -0.933841 -1.311740 146 146 146 448 420
4.030738 -0.963364 -1.312357 146 146 146 452 420
4.032638 -0.992914 -1.312976 146 146 146 456 420
4.034538 -1.022493 -1.313595 146 146 146 460 420
4.036441 -1.052099 -1.314215 146 146 146 464 420
4.038346 -1.081733 -1.314835 146 146 146 468 420
4.040254 -1.111395 -1.315456 146 146 146 472 420
4.042162 -1.141085 -1.316077 146 146 146 476 420
4.044072 -1.170803 -1.316699 146 146 146 480 420
4.045984 -1.200550 -1.317322 146 146 146 484 420
4.047898 -1.230324 -1.317945 145 145 145 488 420
4.049814 -1.260127 -1.318568 145 145 145 492 420
4.051731 -1.289958 -1.319193 145 145 145 496 420
3.595129 -1.170528 -1.170529 158 158 158 500 420
3.567987 -1.187435 -1.161692 158 158 158 504 420
3.557772 -1.209705 -1.158366 159 159 159 508 420
3.558683 -1.235692 -1.158662 159 159 159 512 420
3.568625 -1.264892 -1.161899 158 158 158 516 420
3.581746 -1.295386 -1.166171 158 158 158 520 420
4.065204 -1.499567 -1.323579 145 145 145 524 420
4.067136 -1.529625 -1.324208 145 145 145 528 420
4.069070 -1.559711 -1.324838 145 145 145 532 420
4.071005 -1.589826 -1.325468 145 145 145 536 420
3.636028 -1.446192 -1.183845 157 157 157 540 420
3.603061 -1.459077 -1.173111 157 157 157 544 420
3.592220 -1.480605 -1.169582 158 158 158 548 420
3.581880 -1.502187 -1.166215 158 158 158 552 420
3.598196 -1.534992 -1.171527 158 158 158 556 420
4.082659 -1.771122 -1.329262 145 145 145 560 420
4.084608 -1.801438 -1.329897 145 145 145 564 420
4.086558 -1.831784 -1.330532 144 144 144 568 420
4.088511 -1.862159 -1.331168 144 144 144 572 420
4.090465 -1.892562 -1.331804 144 144 144 576 420
4.092422 -1.922995 -1.332441 144 144 144 580 420
4.094379 -1.953457 -1.333078 144 144 144 584 420
4.096339 -1.983948 -1.333717 144 144 144 588 420
4.098301 -2.014469 -1.334355 144 144 144 592 420
4.100265 -2.045018 -1.334995 144 144 144 596 420
4.102230 -2.075597 -1.335634 144 144 144 600 420
4.104198 -2.106205 -1.336275 144 144 144 604 420
4.106167 -2.136843 -1.336916 144 144 144 608 420
4.108138 -2.167510 -1.337558 144 144 144 612 420
4.110111 -2.198206 -1.338201 144 144 144 616 420
4.112086 -2.228932 -1.338843 144 144 144 620 420
4.114063 -2.259688 -1.339487 144 144 144 624 420
4.116042 -2.290473 -1.340132 144 144 144 628 420
4.118022 -2.321287 -1.340776 144 144 144 632 420
4.120005 -2.352132 -1.341422 144 144 144 636 420
3.791424 2.185061 -1.261795 152 152 152 0 424
3.793104 2.158661 -1.262355 152 152 152 4 424
3.794787 2.132238 -1.262914 152 152 152 8 424
3.796471 2.105792 -1.263475 152 152 152 12 424
3.798156 2.079322 -1.264036 152 152 152 16 424
3.799842 2.052829 -1.264597 152 152 152 20 424
3.801530 2.026312 -1.265159 152 152 152 24 424
3.803220 1.999771 -1.265721 152 152 152 28 424
3.804911 1.973207 -1.266284 152 152 152 32 424
3.806604 1.946619 -1.266847 152 152 152 36 424
3.808298 1.920008 -1.267411 152 152 152 40 424
3.809994 1.893373 -1.267975 152 152 152 44 424
3.811690 1.866714 -1.268540 152 152 152 48 424
3.813389 1.840031 -1.269105 152 152 152 52 424
3.815089 1.813325 -1.269671 152 152 152 56 424
3.816791 1.786595 -1.270237 152 152 152 60 424
3.818494 1.759841 -1.270804 152 152 152 64 424
3.820199 1.733063 -1.271372 152 152 152 68 424
3.821905 1.706261 -1.271939 152 152 152 72 424
3.823613 1.679435 -1.272509 152 152 152 76 424
3.825321 1.652585 -1.273077 151 151 151 80 424
3.827033 1.625711 -1.273647 151 151 151 84 424
3.828745 1.598814 -1.274217 151 151 151 88 424
3.830459 1.571892 -1.274787 151 151 151 92 424
3.832174 1.544945 -1.275358 151 151 151 96 424
3.833891 1.517975 -1.275929 151 151 151 100 424
3.835610 1.490981 -1.276501 151 151 151 104 424
3.837330 1.463962 -1.277074 151 151 151 108 424
3.839051 1.436919 -1.277646 151 151 151 112 424
3.840774 1.409852 -1.278220 151 151 151 116 424
3.842499 1.382761 -1.278794 151 151 151 120 424
3.844225 1.355645 -1.279368 151 151 151 124 424
3.845953 1.328505 -1.279943 151 151 151 128 424
3.847682 1.301340 -1.280519 151 151 151 132 424
3.849413 1.274151 -1.281095 151 151 151 136 424
3.851146 1.246938 -1.281672 151 151 151 140 424
3.852880 1.219700 -1.282248 151 151 151 144 424
3.854615 1.192437 -1.282826 151 151 151 148 424
3.856352 1.165150 -1.283404 151 151 151 152 424
3.858091 1.137839 -1.283983 151 151 151 156 424
3.859831 1.110502 -1.284562 151 151 151 160 424
3.861573 1.083141 -1.285142 151 151 151 164 424
3.863317 1.055756 -1.285722 150 150 150 168 424
3.865062 1.028345 -1.286303 150 150 150 172 424
3.866808 1.000910 -1.286884 150 150 150 176 424
3.868556 0.973450 -1.287466 150 150 150 180 424
3.870306 0.945965 -1.288048 150 150 150 184 424
3.872057 0.918455 -1.288631 150 150 150 188 424
3.873810 0.890921 -1.289214 150 150 150 192 424
3.875564 0.863361 -1.289798 150 150 150 196 424
3.877320 0.835776 -1.290383 150 150 150 200 424
3.879078 0.808167 -1.290967 150 150 150 204 424
3.880837 0.780532 -1.291553 150 150 150 208 424
3.882598 0.752872 -1.292139 150 150 150 212 424
3.884361 0.725188 -1.292726 150 150 150 216 424
3.886125 0.697478 -1.293313 150 150 150 220 424
3.887890 0.669743 -1.293900 150 150 150 224 424
3.889657 0.641982 -1.294488 150 150 150 228 424
3.891426 0.614197 -1.295077 150 150 150 232 424
3.893197 0.586386 -1.295666 150 150 150 236 424
3.894969 0.558550 -1.296256 150 150 150 240 424
3.896742 0.530688 -1.296846 150 150 150 244 424
3.898518 0.502801 -1.297437 150 150 150 248 424
3.900295 0.474889 -1.298028 149 149 149 252 424
3.902073 0.446951 -1.298620 149 149 149 256 424
3.903853 0.418988 -1.299213 149 149 149 260 424
3.905635 0.390999 -1.299806 149 149 149 264 424
3.907419 0.362984 -1.300399 149 149 149 268 424
3.909204 0.334944 -1.300993 149 149 149 272 424
3.910990 0.306879 -1.301588 149 149 149 276 424
3.912779 0.278788 -1.302183 149 149 149 280 424
3.914569 0.250671 -1.302779 149 149 149 284 424
3.916360 0.222528 -1.303375 149 149 149 288 424
3.918154 0.194359 -1.303972 149 149 149 292 424
3.919948 0.166165 -1.304569 149 149 149 296 424
3.921745 0.137945 -1.305167 149 149 149 300 424
3.923543 0.109699 -1.305765 149 149 149 304 424
3.925343 0.081427 -1.306364 149 149 149 308 424
3.927145 0.053129 -1.306964 149 149 149 312 424
3.928947 0.024805 -1.307564 149 149 149 316 424
3.930752 -0.003545 -1.308165 149 149 149 320 424
3.932559 -0.031921 -1.308766 149 149 149 324 424
3.934366 -0.060323 -1.309368 149 149 149 328 424
3.936176 -0.088751 -1.309970 149 149 149 332 424
3.937988 -0.117205 -1.310573 148 148 148 336 424
3.939801 -0.145686 -1.311176 148 148 148 340 424
3.941616 -0.174192 -1.311780 148 148 148 344 424
3.943432 -0.202726 -1.312385 148 148 148 348 424
3.945250 -0.231285 -1.312990 148 148 148 352 424
3.947070 -0.259871 -1.313595 148 148 148 356 424
3.948891 -0.288483 -1.314202 148 148 148 360 424
3.950715 -0.317121 -1.314808 148 148 148 364 424
3.952539 -0.345786 -1.315416 148 148 148 368 424
3.954366 -0.374478 -1.316023 148 148 148 372 424
3.956194 -0.403196 -1.316632 148 148 148 376 424
3.958024 -0.431940 -1.317241 148 148 148 380 424
3.959855 -0.460711 -1.317850 148 148 148 384 424
3.961689 -0.489509 -1.318461 148 148 148 388 424
3.963524 -0.518334 -1.319071 148 148 148 392 424
3.965360 -0.547185 -1.319682 148 148 148 396 424
3.967199 -0.576063 -1.320294 148 148 148 400 424
3.969039 -0.604967 -1.320907 148 148 148 404 424
3.970881 -0.633899 -1.321520 148 148 148 408 424
3.972724 -0.662857 -1.322133 148 148 148 412 424
3.974570 -0.691843 -1.322747 147 147 147 416 424
3.976417 -0.720855 -1.323362 147 147 147 420 424
3.978265 -0.749894 -1.323977 147 147 147 424 424
3.980115 -0.778960 -1.324593 147 147 147 428 424
3.981968 -0.808054 -1.325209 147 147 147 432 424
3.983822 -0.837174 -1.325826 147 147 147 436 424
3.985677 -0.866322 -1.326444 147 147 147 440 424
3.987534 -0.895496 -1.327062 147 147 147 444 424
3.989393 -0.924698 -1.327681 147 147 147 448 424
3.991254 -0.953927 -1.328300 147 147 147 452 424
3.993116 -0.983184 -1.328920 147 147 147 456 424
3.994980 -1.012467 -1.329540 147 147 147 460 424
3.996847 -1.041779 -1.330161 147 147 147 464 424
3.998714 -1.071117 -1.330783 147 147 147 468 424
4.000584 -1.100483 -1.331405 147 147 147 472 424
4.002455 -1.129876 -1.332028 147 147 147 476 424
4.004328 -1.159297 -1.332651 147 147 147 480 424
4.006202 -1.188745 -1.333275 147 147 147 484 424
4.008079 -1.218221 -1.333899 147 147 147 488 424
4.009957 -1.247725 -1.334524 147 147 147 492 424
4.011837 -1.277256 -1.335150 146 146 146 496 424
3.585827 -1.167499 -1.193373 158 158 158 500 424
3.556776 -1.183704 -1.183705 159 159 159 504 424
3.553928 -1.208398 -1.182757 159 159 159 508 424
3.563224 -1.237268 -1.185850 159 159 159 512 424
3.575020 -1.267159 -1.189776 158 158 158 516 424
4.023153 -1.455027 -1.338916 146 146 146 520 424
4.025046 -1.484753 -1.339546 146 146 146 524 424
4.026940 -1.514507 -1.340176 146 146 146 528 424
4.028836 -1.544289 -1.340807 146 146 146 532 424
3.682272 -1.438017 -1.225470 155 155 155 536 424
3.629540 -1.443611 -1.207921 157 157 157 540 424
3.611816 -1.462622 -1.202022 157 157 157 544 424
3.600851 -1.484163 -1.198373 158 158 158 548 424
3.605764 -1.512204 -1.200008 157 157 157 552 424
4.040248 -1.723572 -1.344605 146 146 146 556 424
4.042157 -1.753551 -1.345240 146 146 146 560 424
4.044067 -1.783558 -1.345876 146 146 146 564 424
4.045979 -1.813594 -1.346513 146 146 146 568 424
4.047893 -1.843659 -1.347150 145 145 145 572 424
4.049809 -1.873751 -1.347787 145 145 145 576 424
4.051726 -1.903873 -1.348425 145 145 145 580 424
4.053645 -1.934023 -1.349064 145 145 145 584 424
4.055566 -1.964201 -1.349703 145 145 145 588 424
4.057489 -1.994408 -1.350343 145 145 145 592 424
4.059414 -2.024644 -1.350984 145 145 145 596 424
4.061340 -2.054908 -1.351625 145 145 145 600 424
4.063269 -2.085202 -1.352267 145 145 145 604 424
4.065199 -2.115523 -1.352909 145 145 145 608 424
4.067131 -2.145874 -1.353552 145 145 145 612 424
4.069065 -2.176254 -1.354196 145 145 145 616 424
4.071001 -2.206662 -1.354840 145 145 145 620 424
4.072938 -2.237100 -1.355485 145 145 145 624 424
4.074878 -2.267566 -1.356130 145 145 145 628 424
4.076819 -2.298062 -1.356776 145 145 145 632 424
4.078763 -2.328586 -1.357423 145 145 145 636 424
3.756469 2.164916 -1.277266 153 153 153 0 428
3.758119 2.138751 -1.277827 153 153 153 4 428
3.759770 2.112563 -1.278388 153 153 153 8 428
3.761422 2.086352 -1.278950 153 153 153 12 428
3.763077 2.060118 -1.279513 153 153 153 16 428
3.764733 2.033861 -1.280076 153 153 153 20 428
3.766390 2.007581 -1.280639 153 153 153 24 428
3.768048 1.981278 -1.281203 153 153 153 28 428
3.769708 1.954951 -1.281767 153 153 153 32 428
3.771370 1.928602 -1.282332 153 153 153 36 428
3.773032 1.902228 -1.282898 153 153 153 40 428
3.774696 1.875832 -1.283464 153 153 153 44 428
3.776363 1.849413 -1.284030 153 153 153 48 428
3.778030 1.822970 -1.284597 153 153 153 52 428
3.779698 1.796504 -1.285164 153 153 153 56 428
3.781369 1.770014 -1.285732 153 153 153 60 428
3.783041 1.743501 -1.286301 153 153 153 64 428
3.784714 1.716965 -1.286870 153 153 153 68 428
3.786388 1.690405 -1.287440 153 153 153 72 428
3.788064 1.663821 -1.288010 152 152 152 76 428
3.789742 1.637214 -1.288580 152 152 152 80 428
3.791421 1.610584 -1.289151 152 152 152 84 428
3.793102 1.583930 -1.289722 152 152 152 88 428
3.794784 1.557252 -1.290294 152 152 152 92 428
3.796467 1.530550 -1.290867 152 152 152 96 428
3.798153 1.503825 -1.291440 152 152 152 100 428
3.799839 1.477076 -1.292013 152 152 152 104 428
3.801527 1.450303 -1.292587 152 152 152 108 428
3.803217 1.423507 -1.293162 152 152 152 112 428
3.804908 1.396687 -1.293737 152 152 152 116 428
3.806600 1.369842 -1.294312 152 152 152 120 428
3.808295 1.342974 -1.294888 152 152 152 124 428
3.809990 1.316082 -1.295465 152 152 152 128 428
3.811687 1.289166 -1.296042 152 152 152 132 428
3.813386 1.262226 -1.296619 152 152 152 136 428
3.815086 1.235262 -1.297197 152 152 152 140 428
3.816787 1.208274 -1.297776 152 152 152 144 428
3.818491 1.181262 -1.298355 152 152 152 148 428
3.820195 1.154226 -1.298935 152 152 152 152 428
3.821902 1.127166 -1.299515 152 152 152 156 428
3.823609 1.100081 -1.300095 152 152 152 160 428
3.825319 1.072972 -1.300677 151 151 151 164 428
3.827030 1.045839 -1.301259 151 151 151 168 428
3.828742 1.018682 -1.301841 151 151 151 172 428
3.830456 0.991500 -1.302423 151 151 151 176 428
3.832171 0.964294 -1.303007 151 151 151 180 428
3.833888 0.937064 -1.303591 151 151 151 184 428
3.835607 0.909809 -1.304175 151 151 151 188 428
3.837327 0.882530 -1.304760 151 151 151 192 428
3.839048 0.855226 -1.305345 151 151 151 196 428
3.840771 0.827898 -1.305931 151 151 151 200 428
3.842496 0.800545 -1.306517 151 151 151 204 428
3.844222 0.773168 -1.307104 151 151 151 208 428
3.845950 0.745766 -1.307692 151 151 151 212 428
3.847679 0.718340 -1.308280 151 151 151 216 428
3.849410 0.690888 -1.308868 151 151 151 220 428
3.851142 0.663412 -1.309457 151 151 151 224 428
3.852877 0.635912 -1.310047 151 151 151 228 428
3.854612 0.608386 -1.310637 151 151 151 232 428
3.856349 0.580836 -1.311228 151 151 151 236 428
3.858088 0.553261 -1.311819 151 151 151 240 428
3.859828 0.525661 -1.312411 151 151 151 244 428
3.861570 0.498036 -1.313003 151 151 151 248 428
3.863313 0.470386 -1.313596 150 150 150 252 428
3.865058 0.442711 -1.314189 150 150 150 256 428
3.866805 0.415011 -1.314783 150 150 150 260 428
3.868553 0.387287 -1.315377 150 150 150 264 428
3.870303 0.359536 -1.315972 150 150 150 268 428
3.872054 0.331761 -1.316568 150 150 150 272 428
3.873807 0.303961 -1.317164 150 150 150 276 428
3.875561 0.276136 -1.317760 150 150 150 280 428
3.877317 0.248285 -1.318357 150 150 150 284 428
3.879075 0.220409 -1.318955 150 150 150 288 428
3.880834 0.192508 -1.319553 150 150 150 292 428
3.882595 0.164582 -1.320152 150 150 150 296 428
3.884357 0.136630 -1.320751 150 150 150 300 428
3.886121 0.108653 -1.321351 150 150 150 304 428
3.887887 0.080650 -1.321951 150 150 150 308 428
3.889654 0.052622 -1.322552 150 150 150 312 428
3.891423 0.024568 -1.323153 150 150 150 316 428
3.893193 -0.003511 -1.323755 150 150 150 320 428
3.894966 -0.031615 -1.324358 150 150 150 324 428
3.896739 -0.059746 -1.324961 150 150 150 328 428
3.898515 -0.087902 -1.325565 150 150 150 332 428
3.900291 -0.116083 -1.326169 149 149 149 336 428
3.902070 -0.144290 -1.326773 149 149 149 340 428
3.903850 -0.172524 -1.327379 149 149 149 344 428
3.905632 -0.200782 -1.327985 149 149 149 348 428
3.907416 -0.229067 -1.328591 149 149 149 352 428
3.909200 -0.257377 -1.329198 149 149 149 356 428
3.910987 -0.285714 -1.329805 149 149 149 360 428
3.912776 -0.314076 -1.330414 149 149 149 364 428
3.914566 -0.342464 -1.331022 149 149 149 368 428
3.916357 -0.370878 -1.331631 149 149 149 372 428
3.918150 -0.399318 -1.332241 149 149 149 376 428
3.919945 -0.427785 -1.332851 149 149 149 380 428
3.921741 -0.456277 -1.333462 149 149 149 384 428
3.923539 -0.484795 -1.334074 149 149 149 388 428
3.925339 -0.513340 -1.334686 149 149 149 392 428
3.927141 -0.541911 -1.335298 149 149 149 396 428
3.928944 -0.570508 -1.335911 149 149 149 400 428
3.930749 -0.599131 -1.336525 149 149 149 404 428
3.932555 -0.627781 -1.337139 149 149 149 408 428
3.934364 -0.656457 -1.337754 149 149 149 412 428
3.936173 -0.685159 -1.338369 149 149 149 416 428
3.937984 -0.713888 -1.338985 148 148 148 420 428
3.939798 -0.742643 -1.339602 148 148 148 424 428
3.941612 -0.771425 -1.340219 148 148 148 428 428
3.943429 -0.800233 -1.340836 148 148 148 432 428
3.945247 -0.829068 -1.341454 148 148 148 436 428
3.947067 -0.857929 -1.342073 148 148 148 440 428
3.948888 -0.886817 -1.342692 148 148 148 444 428
3.950711 -0.915732 -1.343312 148 148 148 448 428
3.952536 -0.944674 -1.343933 148 148 148 452 428
3.954363 -0.973642 -1.344554 148 148 148 456 428
3.956191 -1.002637 -1.345176 148 148 148 460 428
3.958020 -1.031659 -1.345798 148 148 148 464 428
3.959852 -1.060707 -1.346421 148 148 148 468 428
3.961685 -1.089783 -1.347044 148 148 148 472 428
3.963520 -1.118885 -1.347668 148 148 148 476 428
3.965358 -1.148015 -1.348292 148 148 148 480 428
3.967196 -1.177171 -1.348917 148 148 148 484 428
3.969036 -1.206355 -1.349543 148 148 148 488 428
3.970877 -1.235565 -1.350169 148 148 148 492 428
3.972721 -1.264803 -1.350796 148 148 148 496 428
3.567547 -1.161548 -1.213030 158 158 158 500 428
3.563463 -1.185929 -1.211641 159 159 159 504 428
3.558456 -1.209938 -1.209939 159 159 159 508 428
3.568320 -1.239038 -1.213293 158 158 158 512 428
3.981963 -1.411399 -1.353939 147 147 147 516 428
3.983817 -1.440801 -1.354569 147 147 147 520 428
3.985673 -1.470229 -1.355200 147 147 147 524 428
3.987530 -1.499685 -1.355831 147 147 147 528 428
3.989389 -1.529169 -1.356464 147 147 147 532 428
3.668350 -1.432580 -1.247305 156 156 156 536 428
3.631592 -1.444428 -1.234806 157 157 157 540 428
3.620528 -1.466150 -1.231044 157 157 157 544 428
3.610105 -1.487977 -1.227500 157 157 157 548 428
3.629969 -1.522355 -1.234254 157 157 157 552 428
4.000579 -1.706649 -1.360268 147 147 147 556 428
4.002450 -1.736325 -1.360904 147 147 147 560 428
4.004323 -1.766030 -1.361541 147 147 147 564 428
4.006197 -1.795763 -1.362179 147 147 147 568 428
4.008074 -1.825523 -1.362817 147 147 147 572 428
4.009952 -1.855311 -1.363455 147 147 147 576 428
4.011832 -1.885127 -1.364095 146 146 146 580 428
4.013714 -1.914971 -1.364734 146 146 146 584 428
4.015597 -1.944843 -1.365375 146 146 146 588 428
4.017482 -1.974743 -1.366016 146 146 146 592 428
4.019369 -2.004671 -1.366657 146 146 146 596 428
4.021258 -2.034628 -1.367300 146 146 146 600 428
4.023149 -2.064612 -1.367942 146 146 146 604 428
4.025041 -2.094625 -1.368586 146 146 146 608 428
4.026935 -2.124666 -1.369230 146 146 146 612 428
4.028831 -2.154735 -1.369874 146 146 146 616 428
4.030728 -2.184833 -1.370520 146 146 146 620 428
4.032628 -2.214958 -1.371165 146 146 146 624 428
4.034529 -2.245113 -1.371812 146 146 146 628 428
4.036432 -2.275296 -1.372459 146 146 146 632 428
4.038337 -2.305507 -1.373107 146 146 146 636 428
3.722153 2.145139 -1.292454 154 154 154 0 432
3.723773 2.119205 -1.293017 154 154 154 4 432
3.725394 2.093247 -1.293579 154 154 154 8 432
3.727016 2.067268 -1.294143 154 154 154 12 432
3.728641 2.041266 -1.294707 154 154 154 16 432
3.730266 2.015241 -1.295271 154 154 154 20 432
3.731893 1.989193 -1.295836 154 154 154 24 432
3.733521 1.963123 -1.296401 154 154 154 28 432
3.735151 1.937030 -1.296967 154 154 154 32 432
3.736781 1.910914 -1.297534 154 154 154 36 432
3.738414 1.884775 -1.298100 154 154 154 40 432
3.740048 1.858614 -1.298668 154 154 154 44 432
3.741683 1.832429 -1.299236 154 154 154 48 432
3.743320 1.806222 -1.299804 154 154 154 52 432
3.744958 1.779992 -1.300373 154 154 154 56 432
3.746598 1.753739 -1.300942 154 154 154 60 432
3.748239 1.727462 -1.301513 154 154 154 64 432
3.749882 1.701163 -1.302083 154 154 154 68 432
3.751526 1.674841 -1.302654 153 153 153 72 432
3.753171 1.648495 -1.303225 153 153 153 76 432
3.754818 1.622127 -1.303797 153 153 153 80 432
3.756466 1.595735 -1.304369 153 153 153 84 432
3.758116 1.569320 -1.304942 153 153 153 88 432
3.759767 1.542882 -1.305516 153 153 153 92 432
3.761420 1.516421 -1.306090 153 153 153 96 432
3.763074 1.489936 -1.306664 153 153 153 100 432
3.764729 1.463428 -1.307239 153 153 153 104 432
3.766387 1.436897 -1.307814 153 153 153 108 432
3.768045 1.410342 -1.308390 153 153 153 112 432
3.769705 1.383765 -1.308967 153 153 153 116 432
3.771366 1.357163 -1.309543 153 153 153 120 432
3.773029 1.330538 -1.310121 153 153 153 124 432
3.774694 1.303890 -1.310699 153 153 153 128 432
3.776360 1.277218 -1.311277 153 153 153 132 432
3.778027 1.250523 -1.311856 153 153 153 136 432
3.779696 1.223804 -1.312435 153 153 153 140 432
3.781366 1.197061 -1.313015 153 153 153 144 432
3.783038 1.170295 -1.313596 153 153 153 148 432
3.784710 1.143505 -1.314177 153 153 153 152 432
3.786385 1.116691 -1.314758 153 153 153 156 432
3.788062 1.089854 -1.315340 152 152 152 160 432
3.789739 1.062992 -1.315923 152 152 152 164 432
3.791418 1.036107 -1.316506 152 152 152 168 432
3.793099 1.009199 -1.317089 152 152 152 172 432
3.794781 0.982266 -1.317674 152 152 152 176 432
3.796464 0.955309 -1.318258 152 152 152 180 432
3.798149 0.928329 -1.318843 152 152 152 184 432
3.799836 0.901324 -1.319429 152 152 152 188 432
3.801524 0.874296 -1.320015 152 152 152 192 432
3.803214 0.847243 -1.320602 152 152 152 196 432
3.804905 0.820167 -1.321189 152 152 152 200 432
3.806597 0.793066 -1.321777 152 152 152 204 432
3.808292 0.765941 -1.322365 152 152 152 208 432
3.809988 0.738793 -1.322954 152 152 152 212 432
3.811684 0.711619 -1.323543 152 152 152 216 432
3.813383 0.684422 -1.324133 152 152 152 220 432
3.815083 0.657201 -1.324723 152 152 152 224 432
3.816785 0.629955 -1.325314 152 152 152 228 432
3.818488 0.602685 -1.325905 152 152 152 232 432
3.820193 0.575390 -1.326497 152 152 152 236 432
3.821899 0.548071 -1.327090 152 152 152 240 432
3.823606 0.520728 -1.327683 152 152 152 244 432
3.825316 0.493360 -1.328276 151 151 151 248 432
3.827027 0.465968 -1.328870 151 151 151 252 432
3.828739 0.438551 -1.329465 151 151 151 256 432
3.830453 0.411110 -1.330060 151 151 151 260 432
3.832169 0.383644 -1.330656 151 151 151 264 432
3.833885 0.356153 -1.331252 151 151 151 268 432
3.835603 0.328638 -1.331849 151 151 151 272 432
3.837324 0.301099 -1.332446 151 151 151 276 432
3.839045 0.273534 -1.333044 151 151 151 280 432
3.840768 0.245945 -1.333642 151 151 151 284 432
3.842493 0.218331 -1.334241 151 151 151 288 432
3.844219 0.190692 -1.334840 151 151 151 292 432
3.845947 0.163028 -1.335440 151 151 151 296 432
3.847676 0.135340 -1.336041 151 151 151 300 432
3.849407 0.107626 -1.336642 151 151 151 304 432
3.851140 0.079888 -1.337243 151 151 151 308 432
3.852873 0.052124 -1.337845 151 151 151 312 432
3.854609 0.024336 -1.338448 151 151 151 316 432
3.856346 -0.003478 -1.339051 151 151 151 320 432
3.858085 -0.031316 -1.339655 151 151 151 324 432
3.859825 -0.059180 -1.340259 151 151 151 328 432
3.861567 -0.087069 -1.340864 151 151 151 332 432
3.863310 -0.114983 -1.341469 150 150 150 336 432
3.865055 -0.142922 -1.342075 150 150 150 340 432
3.866802 -0.170886 -1.342682 150 150 150 344 432
3.868550 -0.198876 -1.343289 150 150 150 348 432
3.870300 -0.226891 -1.343896 150 150 150 352 432
3.872051 -0.254931 -1.344504 150 150 150 356 432
3.873804 -0.282997 -1.345113 150 150 150 360 432
3.875558 -0.311088 -1.345722 150 150 150 364 432
3.877314 -0.339205 -1.346332 150 150 150 368 432
3.879072 -0.367347 -1.346942 150 150 150 372 432
3.880831 -0.395515 -1.347553 150 150 150 376 432
3.882592 -0.423708 -1.348164 150 150 150 380 432
3.884354 -0.451927 -1.348776 150 150 150 384 432
3.886118 -0.480172 -1.349389 150 150 150 388 432
3.887884 -0.508442 -1.350002 150 150 150 392 432
3.889651 -0.536738 -1.350616 150 150 150 396 432
3.891420 -0.565059 -1.351230 150 150 150 400 432
3.893191 -0.593406 -1.351845 150 150 150 404 432
3.894963 -0.621780 -1.352460 150 150 150 408 432
3.896736 -0.650179 -1.353076 150 150 150 412 432
3.898512 -0.678603 -1.353692 150 150 150 416 432
3.900288 -0.707054 -1.354309 149 149 149 420 432
3.902067 -0.735531 -1.354927 149 149 149 424 432
3.903847 -0.764034 -1.355545 149 149 149 428 432
3.905629 -0.792562 -1.356164 149 149 149 432 432
3.907412 -0.821117 -1.356783 149 149 149 436 432
3.909197 -0.849698 -1.357403 149 149 149 440 432
3.910984 -0.878305 -1.358023 149 149 149 444 432
3.912773 -0.906938 -1.358644 149 149 149 448 432
3.914562 -0.935598 -1.359266 149 149 149 452 432
3.916354 -0.964283 -1.359888 149 149 149 456 432
3.918147 -0.992995 -1.360510 149 149 149 460 432
3.919942 -1.021733 -1.361134 149 149 149 464 432
3.921738 -1.050498 -1.361757 149 149 149 468 432
3.923537 -1.079289 -1.362382 149 149 149 472 432
3.925336 -1.108106 -1.363007 149 149 149 476 432
3.927138 -1.136950 -1.363632 149 149 149 480 432
3.928941 -1.165820 -1.364258 149 149 149 484 432
3.930745 -1.194717 -1.364885 149 149 149 488 432
3.932552 -1.223640 -1.365512 149 149 149 492 432
3.550649 -1.130427 -1.232903 159 159 159 496 432
3.551449 -1.156306 -1.233181 159 159 159 500 432
3.560831 -1.185053 -1.236438 159 159 159 504 432
3.615300 -1.229266 -1.255352 157 157 157 508 432
3.941609 -1.368656 -1.368657 148 148 148 512 432
3.943425 -1.397740 -1.369288 148 148 148 516 432
3.945243 -1.426850 -1.369919 148 148 148 520 432
3.947063 -1.455987 -1.370551 148 148 148 524 432
3.948884 -1.485151 -1.371183 148 148 148 528 432
3.950707 -1.514342 -1.371816 148 148 148 532 432
3.663418 -1.430654 -1.272060 156 156 156 536 432
3.640363 -1.447916 -1.264054 156 156 156 540 432
3.629246 -1.469680 -1.260194 157 157 157 544 432
3.638559 -1.499705 -1.263428 157 157 157 548 432
3.959848 -1.660702 -1.374990 148 148 148 552 432
3.961681 -1.690055 -1.375627 148 148 148 556 432
3.963516 -1.719435 -1.376264 148 148 148 560 432
3.965353 -1.748843 -1.376902 148 148 148 564 432
3.967191 -1.778278 -1.377540 148 148 148 568 432
3.969031 -1.807740 -1.378179 148 148 148 572 432
3.970872 -1.837230 -1.378818 148 148 148 576 432
3.972716 -1.866747 -1.379459 148 148 148 580 432
3.974561 -1.896291 -1.380099 147 147 147 584 432
3.976408 -1.925863 -1.380741 147 147 147 588 432
3.978256 -1.955462 -1.381382 147 147 147 592 432
3.980107 -1.985089 -1.382025 147 147 147 596 432
3.981959 -2.014744 -1.382668 147 147 147 600 432
3.983813 -2.044426 -1.383312 147 147 147 604 432
3.985668 -2.074135 -1.383956 147 147 147 608 432
3.987525 -2.103873 -1.384601 147 147 147 612 432
3.989384 -2.133638 -1.385246 147 147 147 616 432
3.991245 -2.163431 -1.385893 147 147 147 620 432
3.993107 -2.193252 -1.386539 147 147 147 624 432
3.994972 -2.223100 -1.387186 147 147 147 628 432
3.996837 -2.252977 -1.387834 147 147 147 632 432
3.998705 -2.282881 -1.388483 147 147 147 636 432
3.688458 2.125720 -1.307367 155 155 155 0 436
3.690049 2.100012 -1.307931 155 155 155 4 436
3.691641 2.074282 -1.308495 155 155 155 8 436
3.693234 2.048530 -1.309060 155 155 155 12 436
3.694828 2.022755 -1.309625 155 155 155 16 436
3.696424 1.996958 -1.310191 155 155 155 20 436
3.698022 1.971139 -1.310757 155 155 155 24 436
3.699620 1.945298 -1.311324 155 155 155 28 436
3.701221 1.919434 -1.311891 155 155 155 32 436
3.702822 1.893548 -1.312459 155 155 155 36 436
3.704425 1.867639 -1.313027 155 155 155 40 436
3.706029 1.841708 -1.313595 155 155 155 44 436
3.707636 1.815755 -1.314165 155 155 155 48 436
3.709243 1.789779 -1.314734 155 155 155 52 436
3.710851 1.763780 -1.315304 155 155 155 56 436
3.712461 1.737759 -1.315876 155 155 155 60 436
3.714073 1.711716 -1.316447 154 154 154 64 436
3.715685 1.685650 -1.317018 154 154 154 68 436
3.717299 1.659561 -1.317590 154 154 154 72 436
3.718915 1.633449 -1.318163 154 154 154 76 436
3.720532 1.607315 -1.318736 154 154 154 80 436
3.722150 1.581158 -1.319310 154 154 154 84 436
3.723770 1.554978 -1.319884 154 154 154 88 436
3.725391 1.528775 -1.320459 154 154 154 92 436
3.727014 1.502550 -1.321034 154 154 154 96 436
3.728638 1.476302 -1.321609 154 154 154 100 436
3.730263 1.450030 -1.322186 154 154 154 104 436
3.731890 1.423736 -1.322762 154 154 154 108 436
3.733518 1.397419 -1.323339 154 154 154 112 436
3.735147 1.371079 -1.323917 154 154 154 116 436
3.736779 1.344716 -1.324495 154 154 154 120 436
3.738411 1.318330 -1.325074 154 154 154 124 436
3.740045 1.291921 -1.325653 154 154 154 128 436
3.741680 1.265489 -1.326232 154 154 154 132 436
3.743317 1.239034 -1.326813 154 154 154 136 436
3.744956 1.212555 -1.327393 154 154 154 140 436
3.746595 1.186054 -1.327974 154 154 154 144 436
3.748236 1.159529 -1.328556 154 154 154 148 436
3.749879 1.132981 -1.329138 154 154 154 152 436
3.751523 1.106409 -1.329721 153 153 153 156 436
3.753168 1.079815 -1.330304 153 153 153 160 436
3.754815 1.053197 -1.330888 153 153 153 164 436
3.756464 1.026555 -1.331472 153 153 153 168 436
3.758113 0.999890 -1.332057 153 153 153 172 436
3.759764 0.973202 -1.332642 153 153 153 176 436
3.761417 0.946490 -1.333228 153 153 153 180 436
3.763071 0.919755 -1.333814 153 153 153 184 436
3.764727 0.892996 -1.334401 153 153 153 188 436
3.766384 0.866214 -1.334988 153 153 153 192 436
3.768042 0.839408 -1.335576 153 153 153 196 436
3.769702 0.812579 -1.336165 153 153 153 200 436
3.771364 0.785726 -1.336754 153 153 153 204 436
3.773026 0.758849 -1.337343 153 153 153 208 436
3.774691 0.731948 -1.337933 153 153 153 212 436
3.776356 0.705024 -1.338523 153 153 153 216 436
3.778023 0.678076 -1.339114 153 153 153 220 436
3.779692 0.651104 -1.339706 153 153 153 224 436
3.781363 0.624108 -1.340298 153 153 153 228 436
3.783035 0.597089 -1.340890 153 153 153 232 436
3.784708 0.570045 -1.341483 153 153 153 236 436
3.786382 0.542978 -1.342077 153 153 153 240 436
3.788058 0.515887 -1.342671 152 152 152 244 436
3.789736 0.488771 -1.343266 152 152 152 248 436
3.791415 0.461632 -1.343861 152 152 152 252 436
3.793096 0.434468 -1.344456 152 152 152 256 436
3.794778 0.407281 -1.345053 152 152 152 260 436
3.796462 0.380069 -1.345649 152 152 152 264 436
3.798146 0.352833 -1.346247 152 152 152 268 436
3.799833 0.325573 -1.346844 152 152 152 272 436
3.801521 0.298289 -1.347443 152 152 152 276 436
3.803211 0.270981 -1.348042 152 152 152 280 436
3.804902 0.243648 -1.348641 152 152 152 284 436
3.806595 0.216291 -1.349241 152 152 152 288 436
3.808289 0.188910 -1.349842 152 152 152 292 436
3.809984 0.161504 -1.350443 152 152 152 296 436
3.811681 0.134074 -1.351044 152 152 152 300 436
3.813380 0.106619 -1.351646 152 152 152 304 436
3.815080 0.079140 -1.352249 152 152 152 308 436
3.816782 0.051636 -1.352852 152 152 152 312 436
3.818485 0.024108 -1.353456 152 152 152 316 436
3.820189 -0.003445 -1.354060 152 152 152 320 436
3.821896 -0.031022 -1.354665 152 152 152 324 436
3.823603 -0.058624 -1.355270 152 152 152 328 436
3.825313 -0.086251 -1.355876 151 151 151 332 436
3.827024 -0.113903 -1.356482 151 151 151 336 436
3.828736 -0.141579 -1.357089 151 151 151 340 436
3.830450 -0.169280 -1.357697 151 151 151 344 436
3.832165 -0.197005 -1.358305 151 151 151 348 436
3.833882 -0.224756 -1.358913 151 151 151 352 436
3.835601 -0.252532 -1.359522 151 151 151 356 436
3.837320 -0.280332 -1.360132 151 151 151 360 436
3.839042 -0.308157 -1.360742 151 151 151 364 436
3.840765 -0.336008 -1.361353 151 151 151 368 436
3.842490 -0.363883 -1.361964 151 151 151 372 436
3.844216 -0.391783 -1.362576 151 151 151 376 436
3.845944 -0.419709 -1.363188 151 151 151 380 436
3.847673 -0.447659 -1.363801 151 151 151 384 436
3.849404 -0.475635 -1.364415 151 151 151 388 436
3.851136 -0.503636 -1.365029 151 151 151 392 436
3.852870 -0.531662 -1.365644 151 151 151 396 436
3.854605 -0.559713 -1.366259 151 151 151 400 436
3.856343 -0.587790 -1.366874 151 151 151 404 436
3.858082 -0.615892 -1.367491 151 151 151 408 436
3.859822 -0.644019 -1.368108 151 151 151 412 436
3.861564 -0.672172 -1.368725 151 151 151 416 436
3.863307 -0.700350 -1.369343 150 150 150 420 436
3.865052 -0.728554 -1.369961 150 150 150 424 436
3.866799 -0.756783 -1.370580 150 150 150 428 436
3.868547 -0.785037 -1.371200 150 150 150 432 436
3.870296 -0.813318 -1.371820 150 150 150 436 436
3.872048 -0.841623 -1.372441 150 150 150 440 436
3.873801 -0.869955 -1.373062 150 150 150 444 436
3.875555 -0.898312 -1.373684 150 150 150 448 436
3.877311 -0.926694 -1.374306 150 150 150 452 436
3.879069 -0.955103 -1.374929 150 150 150 456 436
3.880828 -0.983537 -1.375553 150 150 150 460 436
3.882589 -1.011997 -1.376177 150 150 150 464 436
3.884351 -1.040483 -1.376802 150 150 150 468 436
3.886115 -1.068995 -1.377427 150 150 150 472 436
3.887881 -1.097532 -1.378053 150 150 150 476 436
3.889648 -1.126096 -1.378679 150 150 150 480 436
3.891417 -1.154686 -1.379306 150 150 150 484 436
3.893187 -1.183301 -1.379934 150 150 150 488 436
3.548553 -1.104156 -1.257779 159 159 159 492 436
3.532220 -1.124560 -1.251989 159 159 159 496 436
3.545692 -1.154432 -1.256765 159 159 159 500 436
3.564166 -1.186163 -1.263313 159 159 159 504 436
3.902064 -1.326770 -1.383080 149 149 149 508 436
3.903844 -1.355543 -1.383711 149 149 149 512 436
3.905625 -1.384341 -1.384342 149 149 149 516 436
3.907408 -1.413166 -1.384974 149 149 149 520 436
3.909194 -1.442018 -1.385607 149 149 149 524 436
3.910980 -1.470895 -1.386240 149 149 149 528 436
3.912769 -1.499800 -1.386874 149 149 149 532 436
3.666486 -1.431852 -1.299580 156 156 156 536 436
3.649175 -1.451421 -1.293444 156 156 156 540 436
3.645439 -1.476238 -1.292120 156 156 156 544 436
3.919938 -1.615681 -1.389415 149 149 149 548 436
3.921734 -1.644717 -1.390052 149 149 149 552 436
3.923532 -1.673780 -1.390689 149 149 149 556 436
3.925332 -1.702870 -1.391327 149 149 149 560 436
3.927133 -1.731987 -1.391966 149 149 149 564 436
3.928936 -1.761131 -1.392605 149 149 149 568 436
3.930741 -1.790301 -1.393245 149 149 149 572 436
3.932547 -1.819497 -1.393885 149 149 149 576 436
3.934355 -1.848721 -1.394526 149 149 149 580 436
3.936165 -1.877972 -1.395167 149 149 149 584 436
3.937977 -1.907250 -1.395809 148 148 148 588 436
3.939789 -1.936554 -1.396452 148 148 148 592 436
3.941604 -1.965886 -1.397095 148 148 148 596 436
3.943420 -1.995244 -1.397739 148 148 148 600 436
3.945239 -2.024630 -1.398383 148 148 148 604 436
3.947058 -2.054043 -1.399028 148 148 148 608 436
3.948879 -2.083483 -1.399674 148 148 148 612 436
3.950702 -2.112950 -1.400320 148 148 148 616 436
3.952527 -2.142444 -1.400967 148 148 148 620 436
3.954353 -2.171966 -1.401614 148 148 148 624 436
3.956182 -2.201515 -1.402262 148 148 148 628 436
3.958012 -2.231091 -1.402911 148 148 148 632 436
3.959843 -2.260695 -1.403560 148 148 148 636 436
3.655368 2.106649 -1.322013 156 156 156 0 440
3.656930 2.081164 -1.322578 156 156 156 4 440
3.658493 2.055657 -1.323143 156 156 156 8 440
3.660058 2.030128 -1.323709 156 156 156 12 440
3.661624 2.004577 -1.324275 156 156 156 16 440
3.663192 1.979005 -1.324842 156 156 156 20 440
3.664761 1.953410 -1.325410 156 156 156 24 440
3.666331 1.927794 -1.325978 156 156 156 28 440
3.667902 1.902155 -1.326546 156 156 156 32 440
3.669475 1.876494 -1.327115 156 156 156 36 440
3.671049 1.850812 -1.327684 156 156 156 40 440
3.672625 1.825108 -1.328254 156 156 156 44 440
3.674201 1.799381 -1.328824 156 156 156 48 440
3.675780 1.773633 -1.329395 156 156 156 52 440
3.677360 1.747862 -1.329967 155 155 155 56 440
3.678941 1.722069 -1.330539 155 155 155 60 440
3.680523 1.696254 -1.331111 155 155 155 64 440
3.682107 1.670416 -1.331684 155 155 155 68 440
3.683692 1.644557 -1.332257 155 155 155 72 440
3.685278 1.618675 -1.332831 155 155 155 76 440
3.686866 1.592771 -1.333405 155 155 155 80 440
3.688455 1.566844 -1.333980 155 155 155 84 440
3.690046 1.540895 -1.334555 155 155 155 88 440
3.691638 1.514924 -1.335131 155 155 155 92 440
3.693231 1.488930 -1.335707 155 155 155 96 440
3.694826 1.462914 -1.336284 155 155 155 100 440
3.696422 1.436876 -1.336861 155 155 155 104 440
3.698019 1.410815 -1.337439 155 155 155 108 440
3.699618 1.384731 -1.338017 155 155 155 112 440
3.701218 1.358625 -1.338596 155 155 155 116 440
3.702820 1.332496 -1.339175 155 155 155 120 440
3.704422 1.306344 -1.339755 155 155 155 124 440
3.706027 1.280170 -1.340335 155 155 155 128 440
3.707633 1.253974 -1.340916 155 155 155 132 440
3.709240 1.227754 -1.341497 155 155 155 136 440
3.710848 1.201512 -1.342079 155 155 155 140 440
3.712458 1.175247 -1.342661 155 155 155 144 440
3.714070 1.148959 -1.343244 154 154 154 148 440
3.715682 1.122648 -1.343827 154 154 154 152 440
3.717297 1.096315 -1.344411 154 154 154 156 440
3.718912 1.069959 -1.344995 154 154 154 160 440
3.720529 1.043579 -1.345580 154 154 154 164 440
3.722147 1.017177 -1.346165 154 154 154 168 440
3.723767 0.990752 -1.346751 154 154 154 172 440
3.725388 0.964304 -1.347337 154 154 154 176 440
3.727011 0.937833 -1.347924 154 154 154 180 440
3.728635 0.911338 -1.348511 154 154 154 184 440
3.730260 0.884821 -1.349099 154 154 154 188 440
3.731887 0.858280 -1.349688 154 154 154 192 440
3.733515 0.831717 -1.350276 154 154 154 196 440
3.735145 0.805130 -1.350866 154 154 154 200 440
3.736776 0.778520 -1.351456 154 154 154 204 440
3.738408 0.751886 -1.352046 154 154 154 208 440
3.740042 0.725230 -1.352637 154 154 154 212 440
3.741677 0.698550 -1.353228 154 154 154 216 440
3.743314 0.671846 -1.353820 154 154 154 220 440
3.744952 0.645120 -1.354413 154 154 154 224 440
3.746592 0.618370 -1.355006 154 154 154 228 440
3.748233 0.591596 -1.355599 154 154 154 232 440
3.749876 0.564799 -1.356193 154 154 154 236 440
3.751520 0.537979 -1.356788 153 153 153 240 440
3.753165 0.511135 -1.357383 153 153 153 244 440
3.754812 0.484267 -1.357979 153 153 153 248 440
3.756460 0.457376 -1.358575 153 153 153 252 440
3.758111 0.430461 -1.359172 153 153 153 256 440
3.759761 0.403523 -1.359769 153 153 153 260 440
3.761414 0.376561 -1.360366 153 153 153 264 440
3.763068 0.349575 -1.360965 153 153 153 268 440
3.764724 0.322565 -1.361563 153 153 153 272 440
3.766381 0.295532 -1.362163 153 153 153 276 440
3.768039 0.268475 -1.362762 153 153 153 280 440
3.769699 0.241394 -1.363363 153 153 153 284 440
3.771360 0.214289 -1.363964 153 153 153 288 440
3.773023 0.187160 -1.364565 153 153 153 292 440
3.774688 0.160008 -1.365167 153 153 153 296 440
3.776354 0.132831 -1.365770 153 153 153 300 440
3.778021 0.105630 -1.366372 153 153 153 304 440
3.779690 0.078406 -1.366976 153 153 153 308 440
3.781360 0.051157 -1.367580 153 153 153 312 440
3.783031 0.023884 -1.368185 153 153 153 316 440
3.784705 -0.003413 -1.368790 153 153 153 320 440
3.786379 -0.030734 -1.369395 153 153 153 324 440
3.788056 -0.058079 -1.370002 152 152 152 328 440
3.789733 -0.085449 -1.370608 152 152 152 332 440
3.791412 -0.112843 -1.371216 152 152 152 336 440
3.793093 -0.140261 -1.371824 152 152 152 340 440
3.794775 -0.167703 -1.372432 152 152 152 344 440
3.796458 -0.195170 -1.373041 152 152 152 348 440
3.798143 -0.222661 -1.373650 152 152 152 352 440
3.799830 -0.250176 -1.374260 152 152 152 356 440
3.801518 -0.277716 -1.374871 152 152 152 360 440
3.803208 -0.305281 -1.375482 152 152 152 364 440
3.804899 -0.332870 -1.376093 152 152 152 368 440
3.806592 -0.360483 -1.376706 152 152 152 372 440
3.808286 -0.388122 -1.377318 152 152 152 376 440
3.809981 -0.415784 -1.377931 152 152 152 380 440
3.811678 -0.443472 -1.378545 152 152 152 384 440
3.813377 -0.471184 -1.379159 152 152 152 388 440
3.815077 -0.498920 -1.379774 152 152 152 392 440
3.816778 -0.526682 -1.380390 152 152 152 396 440
3.818482 -0.554468 -1.381006 152 152 152 400 440
3.820186 -0.582279 -1.381622 152 152 152 404 440
3.821892 -0.610115 -1.382239 152 152 152 408 440
3.823601 -0.637976 -1.382857 152 152 152 412 440
3.825310 -0.665861 -1.383475 151 151 151 416 440
3.827020 -0.693772 -1.384094 151 151 151 420 440
3.828733 -0.721708 -1.384713 151 151 151 424 440
3.830447 -0.749668 -1.385333 151 151 151 428 440
3.832162 -0.777654 -1.385953 151 151 151 432 440
3.833879 -0.805665 -1.386575 151 151 151 436 440
3.835598 -0.833701 -1.387196 151 151 151 440 440
3.837317 -0.861762 -1.387818 151 151 151 444 440
3.839039 -0.889848 -1.388440 151 151 151 448 440
3.840762 -0.917959 -1.389064 151 151 151 452 440
3.842486 -0.946096 -1.389687 151 151 151 456 440
3.844213 -0.974258 -1.390312 151 151 151 460 440
3.845941 -1.002445 -1.390937 151 151 151 464 440
3.847670 -1.030657 -1.391562 151 151 151 468 440
3.849401 -1.058895 -1.392188 151 151 151 472 440
3.851133 -1.087159 -1.392815 151 151 151 476 440
3.852867 -1.115448 -1.393442 151 151 151 480 440
3.854603 -1.143762 -1.394069 151 151 151 484 440
3.856340 -1.172102 -1.394698 151 151 151 488 440
3.564616 -1.109154 -1.289192 159 159 159 492 440
3.531239 -1.124247 -1.277120 159 159 159 496 440
3.549683 -1.155731 -1.283791 159 159 159 500 440
3.570698 -1.188337 -1.291391 158 158 158 504 440
3.865049 -1.314185 -1.397847 150 150 150 508 440
3.866796 -1.342679 -1.398479 150 150 150 512 440
3.868544 -1.371198 -1.399111 150 150 150 516 440
3.870293 -1.399743 -1.399744 150 150 150 520 440
3.872044 -1.428314 -1.400377 150 150 150 524 440
3.873797 -1.456911 -1.401011 150 150 150 528 440
3.730252 -1.429839 -1.349096 154 154 154 532 440
3.672488 -1.434196 -1.328205 156 156 156 536 440
3.662576 -1.456751 -1.324620 156 156 156 540 440
3.677025 -1.489029 -1.329846 155 155 155 544 440
3.882585 -1.600285 -1.404189 150 150 150 548 440
3.884347 -1.629038 -1.404827 150 150 150 552 440
3.886111 -1.657817 -1.405465 150 150 150 556 440
3.887877 -1.686622 -1.406103 150 150 150 560 440
3.889644 -1.715453 -1.406742 150 150 150 564 440
3.891412 -1.744311 -1.407382 150 150 150 568 440
3.893183 -1.773194 -1.408023 150 150 150 572 440
3.894955 -1.802104 -1.408663 150 150 150 576 440
3.896729 -1.831041 -1.409305 150 150 150 580 440
3.898504 -1.860004 -1.409947 150 150 150 584 440
3.900281 -1.888993 -1.410589 149 149 149 588 440
3.902059 -1.918008 -1.411233 149 149 149 592 440
3.903839 -1.947050 -1.411876 149 149 149 596 440
3.905621 -1.976119 -1.412521 149 149 149 600 440
3.907404 -2.005214 -1.413166 149 149 149 604 440
3.909189 -2.034336 -1.413811 149 149 149 608 440
3.910976 -2.063484 -1.414457 149 149 149 612 440
3.912764 -2.092659 -1.415104 149 149 149 616 440
3.914554 -2.121861 -1.415751 149 149 149 620 440
3.916345 -2.151089 -1.416399 149 149 149 624 440
3.918138 -2.180344 -1.417048 149 149 149 628 440
3.919933 -2.209626 -1.417697 149 149 149 632 440
3.921730 -2.238935 -1.418347 149 149 149 636 440
3.622865 2.087918 -1.336398 157 157 157 0 444
3.624400 2.062651 -1.336964 157 157 157 4 444
3.625936 2.037364 -1.337530 157 157 157 8 444
3.627473 2.012054 -1.338097 157 157 157 12 444
3.629011 1.986723 -1.338665 157 157 157 16 444
3.630551 1.961371 -1.339233 157 157 157 20 444
3.632092 1.935997 -1.339801 157 157 157 24 444
3.633634 1.910601 -1.340370 157 157 157 28 444
3.635178 1.885184 -1.340939 157 157 157 32 444
3.636723 1.859746 -1.341509 157 157 157 36 444
3.638269 1.834286 -1.342080 157 157 157 40 444
3.639816 1.808804 -1.342650 156 156 156 44 444
3.641366 1.783300 -1.343222 156 156 156 48 444
3.642916 1.757775 -1.343794 156 156 156 52 444
3.644467 1.732228 -1.344367 156 156 156 56 444
3.646020 1.706659 -1.344939 156 156 156 60 444
3.647574 1.681069 -1.345513 156 156 156 64 444
3.649130 1.655456 -1.346087 156 156 156 68 444
3.650686 1.629822 -1.346661 156 156 156 72 444
3.652245 1.604166 -1.347236 156 156 156 76 444
3.653804 1.578487 -1.347811 156 156 156 80 444
3.655365 1.552788 -1.348387 156 156 156 84 444
3.656927 1.527066 -1.348963 156 156 156 88 444
3.658490 1.501322 -1.349540 156 156 156 92 444
3.660055 1.475556 -1.350117 156 156 156 96 444
3.661621 1.449767 -1.350694 156 156 156 100 444
3.663189 1.423957 -1.351273 156 156 156 104 444
3.664758 1.398125 -1.351851 156 156 156 108 444
3.666328 1.372271 -1.352431 156 156 156 112 444
3.667899 1.346394 -1.353010 156 156 156 116 444
3.669472 1.320495 -1.353590 156 156 156 120 444
3.671046 1.294575 -1.354171 156 156 156 124 444
3.672622 1.268631 -1.354752 156 156 156 128 444
3.674199 1.242666 -1.355334 156 156 156 132 444
3.675777 1.216678 -1.355916 156 156 156 136 444
3.677357 1.190668 -1.356499 155 155 155 140 444
3.678938 1.164636 -1.357082 155 155 155 144 444
3.680520 1.138581 -1.357666 155 155 155 148 444
3.682104 1.112503 -1.358250 155 155 155 152 444
3.683689 1.086404 -1.358835 155 155 155 156 444
3.685275 1.060281 -1.359420 155 155 155 160 444
3.686863 1.034137 -1.360006 155 155 155 164 444
3.688452 1.007969 -1.360592 155 155 155 168 444
3.690043 0.981779 -1.361179 155 155 155 172 444
3.691635 0.955567 -1.361766 155 155 155 176 444
3.693228 0.929332 -1.362354 155 155 155 180 444
3.694823 0.903074 -1.362942 155 155 155 184 444
3.696419 0.876794 -1.363531 155 155 155 188 444
3.698016 0.850491 -1.364120 155 155 155 192 444
3.699615 0.824165 -1.364710 155 155 155 196 444
3.701215 0.797816 -1.365300 155 155 155 200 444
3.702817 0.771445 -1.365891 155 155 155 204 444
3.704420 0.745050 -1.366482 155 155 155 208 444
3.706024 0.718633 -1.367074 155 155 155 212 444
3.707630 0.692193 -1.367666 155 155 155 216 444
3.709237 0.665730 -1.368259 155 155 155 220 444
3.710845 0.639244 -1.368852 155 155 155 224 444
3.712456 0.612735 -1.369446 155 155 155 228 444
3.714067 0.586203 -1.370040 154 154 154 232 444
3.715679 0.559648 -1.370635 154 154 154 236 444
3.717294 0.533071 -1.371231 154 154 154 240 444
3.718909 0.506469 -1.371827 154 154 154 244 444
3.720526 0.479845 -1.372423 154 154 154 248 444
3.722144 0.453198 -1.373020 154 154 154 252 444
3.723764 0.426527 -1.373618 154 154 154 256 444
3.725385 0.399833 -1.374216 154 154 154 260 444
3.727008 0.373116 -1.374814 154 154 154 264 444
3.728632 0.346376 -1.375413 154 154 154 268 444
3.730257 0.319612 -1.376013 154 154 154 272 444
3.731884 0.292825 -1.376613 154 154 154 276 444
3.733512 0.266015 -1.377213 154 154 154 280 444
3.735142 0.239181 -1.377815 154 154 154 284 444
3.736773 0.212324 -1.378416 154 154 154 288 444
3.738405 0.185443 -1.379018 154 154 154 292 444
3.740039 0.158539 -1.379621 154 154 154 296 444
3.741675 0.131611 -1.380224 154 154 154 300 444
3.743311 0.104660 -1.380828 154 154 154 304 444
3.744950 0.077685 -1.381433 154 154 154 308 444
3.746589 0.050686 -1.382037 154 154 154 312 444
3.748230 0.023664 -1.382643 154 154 154 316 444
3.749873 -0.003382 -1.383249 154 154 154 320 444
3.751517 -0.030451 -1.383855 153 153 153 324 444
3.753162 -0.057544 -1.384462 153 153 153 328 444
3.754809 -0.084661 -1.385069 153 153 153 332 444
3.756458 -0.111802 -1.385677 153 153 153 336 444
3.758107 -0.138967 -1.386286 153 153 153 340 444
3.759758 -0.166156 -1.386895 153 153 153 344 444
3.761411 -0.193368 -1.387505 153 153 153 348 444
3.763065 -0.220605 -1.388115 153 153 153 352 444
3.764721 -0.247865 -1.388726 153 153 153 356 444
3.766378 -0.275149 -1.389337 153 153 153 360 444
3.768036 -0.302458 -1.389949 153 153 153 364 444
3.769696 -0.329790 -1.390561 153 153 153 368 444
3.771358 -0.357147 -1.391174 153 153 153 372 444
3.773021 -0.384527 -1.391787 153 153 153 376 444
3.774685 -0.411932 -1.392401 153 153 153 380 444
3.776351 -0.439361 -1.393016 153 153 153 384 444
3.778018 -0.466815 -1.393631 153 153 153 388 444
3.779687 -0.494292 -1.394246 153 153 153 392 444
3.781357 -0.521794 -1.394862 153 153 153 396 444
3.783028 -0.549320 -1.395479 153 153 153 400 444
3.784702 -0.576870 -1.396096 153 153 153 404 444
3.786376 -0.604445 -1.396714 153 153 153 408 444
3.788052 -0.632044 -1.397332 152 152 152 412 444
3.789730 -0.659668 -1.397951 152 152 152 416 444
3.791409 -0.687316 -1.398570 152 152 152 420 444
3.793090 -0.714989 -1.399190 152 152 152 424 444
3.794772 -0.742686 -1.399811 152 152 152 428 444
3.796456 -0.770408 -1.400432 152 152 152 432 444
3.798141 -0.798154 -1.401053 152 152 152 436 444
3.799827 -0.825926 -1.401676 152 152 152 440 444
3.801516 -0.853721 -1.402298 152 152 152 444 444
3.803205 -0.881542 -1.402921 152 152 152 448 444
3.804896 -0.909387 -1.403545 152 152 152 452 444
3.806589 -0.937257 -1.404170 152 152 152 456 444
3.808283 -0.965152 -1.404795 152 152 152 460 444
3.809978 -0.993071 -1.405420 152 152 152 464 444
3.811676 -1.021016 -1.406046 152 152 152 468 444
3.813374 -1.048985 -1.406673 152 152 152 472 444
3.815074 -1.076979 -1.407300 152 152 152 476 444
3.816776 -1.104999 -1.407928 152 152 152 480 444
3.818479 -1.133043 -1.408556 152 152 152 484 444
3.820184 -1.161112 -1.409185 152 152 152 488 444
3.627057 -1.128583 -1.337944 157 157 157 492 444
3.576847 -1.138768 -1.319423 158 158 158 496 444
3.568810 -1.161959 -1.316458 158 158 158 500 444
3.588921 -1.194402 -1.323877 158 158 158 504 444
3.828730 -1.301836 -1.412337 151 151 151 508 444
3.830444 -1.330056 -1.412969 151 151 151 512 444
3.832159 -1.358302 -1.413602 151 151 151 516 444
3.833876 -1.386572 -1.414236 151 151 151 520 444
3.835594 -1.414868 -1.414869 151 151 151 524 444
3.837314 -1.443190 -1.415504 151 151 151 528 444
3.710017 -1.422083 -1.368546 155 155 155 532 444
3.706738 -1.447571 -1.367337 155 155 155 536 444
3.712274 -1.476518 -1.369379 155 155 155 540 444
3.799639 -1.538682 -1.401606 152 152 152 544 444
3.839132 -1.582375 -1.416174 151 151 151 548 444
3.847666 -1.613654 -1.419322 151 151 151 552 444
3.849397 -1.642154 -1.419961 151 151 151 556 444
3.851129 -1.670680 -1.420600 151 151 151 560 444
3.852863 -1.699232 -1.421239 151 151 151 564 444
3.854599 -1.727809 -1.421880 151 151 151 568 444
3.856335 -1.756412 -1.422520 151 151 151 572 444
3.858074 -1.785040 -1.423162 151 151 151 576 444
3.859814 -1.813695 -1.423804 151 151 151 580 444
3.861556 -1.842376 -1.424446 151 151 151 584 444
3.863299 -1.871082 -1.425089 150 150 150 588 444
3.865045 -1.899814 -1.425733 150 150 150 592 444
3.866791 -1.928572 -1.426377 150 150 150 596 444
3.868539 -1.957357 -1.427022 150 150 150 600 444
3.870288 -1.986167 -1.427667 150 150 150 604 444
3.872040 -2.015004 -1.428313 150 150 150 608 444
3.873792 -2.043866 -1.428960 150 150 150 612 444
3.875547 -2.072754 -1.429607 150 150 150 616 444
3.877303 -2.101669 -1.430255 150 150 150 620 444
3.879060 -2.130610 -1.430903 150 150 150 624 444
3.880819 -2.159577 -1.431552 150 150 150 628 444
3.882581 -2.188571 -1.432202 150 150 150 632 444
3.884342 -2.217591 -1.432851 150 150 150 636 444
3.590937 2.069517 -1.350529 158 158 158 0 448
3.592444 2.044465 -1.351096 158 158 158 4 448
3.593953 2.019393 -1.351664 158 158 158 8 448
3.595463 1.994299 -1.352232 158 158 158 12 448
3.596974 1.969184 -1.352800 158 158 158 16 448
3.598487 1.944049 -1.353369 158 158 158 20 448
3.600001 1.918892 -1.353938 158 158 158 24 448
3.601516 1.893713 -1.354508 158 158 158 28 448
3.603032 1.868514 -1.355078 157 157 157 32 448
3.604550 1.843293 -1.355649 157 157 157 36 448
3.606069 1.818052 -1.356220 157 157 157 40 448
3.607589 1.792789 -1.356793 157 157 157 44 448
3.609111 1.767504 -1.357365 157 157 157 48 448
3.610634 1.742198 -1.357938 157 157 157 52 448
3.612158 1.716871 -1.358511 157 157 157 56 448
3.613684 1.691523 -1.359085 157 157 157 60 448
3.615210 1.666153 -1.359659 157 157 157 64 448
3.616738 1.640761 -1.360234 157 157 157 68 448
3.618267 1.615348 -1.360809 157 157 157 72 448
3.619798 1.589914 -1.361384 157 157 157 76 448
3.621330 1.564458 -1.361961 157 157 157 80 448
3.622863 1.538981 -1.362537 157 157 157 84 448
3.624397 1.513482 -1.363114 157 157 157 88 448
3.625933 1.487961 -1.363692 157 157 157 92 448
3.627470 1.462419 -1.364270 157 157 157 96 448
3.629009 1.436855 -1.364848 157 157 157 100 448
3.630549 1.411269 -1.365428 157 157 157 104 448
3.632089 1.385662 -1.366007 157 157 157 108 448
3.633631 1.360033 -1.366587 157 157 157 112 448
3.635175 1.334382 -1.367168 157 157 157 116 448
3.636720 1.308709 -1.367749 157 157 157 120 448
3.638266 1.283015 -1.368330 157 157 157 124 448
3.639814 1.257298 -1.368912 156 156 156 128 448
3.641363 1.231560 -1.369495 156 156 156 132 448
3.642913 1.205800 -1.370078 156 156 156 136 448
3.644464 1.180018 -1.370661 156 156 156 140 448
3.646017 1.154214 -1.371245 156 156 156 144 448
3.647571 1.128388 -1.371830 156 156 156 148 448
3.649127 1.102540 -1.372415 156 156 156 152 448
3.650684 1.076669 -1.373000 156 156 156 156 448
3.652242 1.050777 -1.373586 156 156 156 160 448
3.653802 1.024863 -1.374173 156 156 156 164 448
3.655362 0.998926 -1.374760 156 156 156 168 448
3.656924 0.972968 -1.375347 156 156 156 172 448
3.658488 0.946987 -1.375935 156 156 156 176 448
3.660053 0.920984 -1.376524 156 156 156 180 448
3.661618 0.894958 -1.377113 156 156 156 184 448
3.663186 0.868911 -1.377702 156 156 156 188 448
3.664755 0.842841 -1.378292 156 156 156 192 448
3.666325 0.816749 -1.378883 156 156 156 196 448
3.667897 0.790634 -1.379474 156 156 156 200 448
3.669469 0.764497 -1.380066 156 156 156 204 448
3.671044 0.738337 -1.380658 156 156 156 208 448
3.672619 0.712156 -1.381250 156 156 156 212 448
3.674196 0.685951 -1.381843 156 156 156 216 448
3.675774 0.659724 -1.382437 156 156 156 220 448
3.677354 0.633475 -1.383031 155 155 155 224 448
3.678935 0.607203 -1.383626 155 155 155 228 448
3.680517 0.580908 -1.384220 155 155 155 232 448
3.682101 0.554591 -1.384816 155 155 155 236 448
3.683686 0.528251 -1.385412 155 155 155 240 448
3.685272 0.501889 -1.386009 155 155 155 244 448
3.686860 0.475503 -1.386606 155 155 155 248 448
3.688449 0.449095 -1.387204 155 155 155 252 448
3.690040 0.422664 -1.387802 155 155 155 256 448
3.691632 0.396211 -1.388401 155 155 155 260 448
3.693225 0.369734 -1.389000 155 155 155 264 448
3.694820 0.343235 -1.389600 155 155 155 268 448
3.696416 0.316713 -1.390200 155 155 155 272 448
3.698014 0.290167 -1.390801 155 155 155 276 448
3.699612 0.263599 -1.391402 155 155 155 280 448
3.701213 0.237008 -1.392004 155 155 155 284 448
3.702814 0.210394 -1.392606 155 155 155 288 448
3.704417 0.183757 -1.393209 155 155 155 292 448
3.706021 0.157097 -1.393812 155 155 155 296 448
3.707627 0.130413 -1.394416 155 155 155 300 448
3.709234 0.103707 -1.395021 155 155 155 304 448
3.710843 0.076977 -1.395626 155 155 155 308 448
3.712453 0.050225 -1.396231 155 155 155 312 448
3.714064 0.023449 -1.396837 154 154 154 316 448
3.715677 -0.003351 -1.397444 154 154 154 320 448
3.717291 -0.030173 -1.398051 154 154 154 324 448
3.718906 -0.057019 -1.398659 154 154 154 328 448
3.720523 -0.083888 -1.399267 154 154 154 332 448
3.722142 -0.110781 -1.399875 154 154 154 336 448
3.723761 -0.137697 -1.400484 154 154 154 340 448
3.725383 -0.164636 -1.401094 154 154 154 344 448
3.727005 -0.191599 -1.401704 154 154 154 348 448
3.728629 -0.218586 -1.402315 154 154 154 352 448
3.730254 -0.245596 -1.402926 154 154 154 356 448
3.731881 -0.272629 -1.403538 154 154 154 360 448
3.733509 -0.299686 -1.404150 154 154 154 364 448
3.735139 -0.326767 -1.404763 154 154 154 368 448
3.736770 -0.353871 -1.405377 154 154 154 372 448
3.738403 -0.380999 -1.405991 154 154 154 376 448
3.740036 -0.408151 -1.406605 154 154 154 380 448
3.741672 -0.435327 -1.407220 154 154 154 384 448
3.743309 -0.462526 -1.407836 154 154 154 388 448
3.744947 -0.489749 -1.408452 154 154 154 392 448
3.746586 -0.516996 -1.409069 154 154 154 396 448
3.748228 -0.544267 -1.409686 154 154 154 400 448
3.749870 -0.571561 -1.410304 154 154 154 404 448
3.751514 -0.598880 -1.410922 153 153 153 408 448
3.753159 -0.626222 -1.411541 153 153 153 412 448
3.754806 -0.653589 -1.412160 153 153 153 416 448
3.756455 -0.680980 -1.412780 153 153 153 420 448
3.758104 -0.708394 -1.413401 153 153 153 424 448
3.759755 -0.735833 -1.414022 153 153 153 428 448
3.761408 -0.763296 -1.414643 153 153 153 432 448
3.763062 -0.790783 -1.415265 153 153 153 436 448
3.764717 -0.818294 -1.415888 153 153 153 440 448
3.766375 -0.845830 -1.416511 153 153 153 444 448
3.768033 -0.873389 -1.417135 153 153 153 448 448
3.769694 -0.900973 -1.417759 153 153 153 452 448
3.771355 -0.928582 -1.418384 153 153 153 456 448
3.773017 -0.956214 -1.419009 153 153 153 460 448
3.774682 -0.983871 -1.419635 153 153 153 464 448
3.776348 -1.011553 -1.420262 153 153 153 468 448
3.778015 -1.039259 -1.420889 153 153 153 472 448
3.779684 -1.066989 -1.421516 153 153 153 476 448
3.781354 -1.094744 -1.422145 153 153 153 480 448
3.783025 -1.122523 -1.422773 153 153 153 484 448
3.784699 -1.150327 -1.423403 153 153 153 488 448
3.786373 -1.178156 -1.424032 153 153 153 492 448
3.624118 -1.153817 -1.363009 157 157 157 496 448
3.597247 -1.171217 -1.352903 158 158 158 500 448
3.595191 -1.196488 -1.352130 158 158 158 504 448
3.793087 -1.289717 -1.426557 152 152 152 508 448
3.794769 -1.317669 -1.427190 152 152 152 512 448
3.796452 -1.345645 -1.427823 152 152 152 516 448
3.798137 -1.373647 -1.428457 152 152 152 520 448
3.799824 -1.401674 -1.429091 152 152 152 524 448
3.727179 -1.401769 -1.401770 154 154 154 528 448
3.711555 -1.422673 -1.395894 155 155 155 532 448
3.717356 -1.451718 -1.398075 154 154 154 536 448
3.744057 -1.489159 -1.408117 154 154 154 540 448
3.776967 -1.529500 -1.420495 153 153 153 544 448
3.809974 -1.570357 -1.432909 152 152 152 548 448
3.811671 -1.598559 -1.433547 152 152 152 552 448
3.813370 -1.626785 -1.434186 152 152 152 556 448
3.815070 -1.655037 -1.434825 152 152 152 560 448
3.816772 -1.683314 -1.435465 152 152 152 564 448
3.818475 -1.711617 -1.436106 152 152 152 568 448
3.820179 -1.739944 -1.436747 152 152 152 572 448
3.821886 -1.768297 -1.437388 152 152 152 576 448
3.823593 -1.796675 -1.438031 152 152 152 580 448
3.825302 -1.825079 -1.438673 151 151 151 584 448
3.827013 -1.853508 -1.439317 151 151 151 588 448
3.828725 -1.881962 -1.439961 151 151 151 592 448
3.830439 -1.910442 -1.440605 151 151 151 596 448
3.832155 -1.938947 -1.441250 151 151 151 600 448
3.833871 -1.967478 -1.441896 151 151 151 604 448
3.835590 -1.996035 -1.442542 151 151 151 608 448
3.837310 -2.024617 -1.443189 151 151 151 612 448
3.839031 -2.053225 -1.443837 151 151 151 616 448
3.840754 -2.081858 -1.444485 151 151 151 620 448
3.842479 -2.110517 -1.445133 151 151 151 624 448
3.844205 -2.139202 -1.445782 151 151 151 628 448
3.845932 -2.167913 -1.446432 151 151 151 632 448
3.847661 -2.196649 -1.447083 151 151 151 636 448
3.559566 2.051437 -1.364414 159 159 159 0 452
3.561047 2.026597 -1.364982 159 159 159 4 452
3.562530 2.001736 -1.365550 159 159 159 8 452
3.564013 1.976855 -1.366119 159 159 159 12 452
3.565498 1.951953 -1.366688 158 158 158 16 452
3.566984 1.927029 -1.367257 158 158 158 20 452
3.568472 1.902086 -1.367828 158 158 158 24 452
3.569960 1.877121 -1.368398 158 158 158 28 452
3.571450 1.852136 -1.368969 158 158 158 32 452
3.572942 1.827129 -1.369541 158 158 158 36 452
3.574434 1.802102 -1.370114 158 158 158 40 452
3.575928 1.777054 -1.370686 158 158 158 44 452
3.577423 1.751985 -1.371259 158 158 158 48 452
3.578919 1.726896 -1.371833 158 158 158 52 452
3.580416 1.701784 -1.372407 158 158 158 56 452
3.581915 1.676652 -1.372981 158 158 158 60 452
3.583415 1.651499 -1.373556 158 158 158 64 452
3.584917 1.626325 -1.374132 158 158 158 68 452
3.586419 1.601130 -1.374708 158 158 158 72 452
3.587923 1.575914 -1.375284 158 158 158 76 452
3.589428 1.550676 -1.375861 158 158 158 80 452
3.590934 1.525418 -1.376438 158 158 158 84 452
3.592442 1.500138 -1.377016 158 158 158 88 452
3.593950 1.474836 -1.377594 158 158 158 92 452
3.595460 1.449514 -1.378173 158 158 158 96 452
3.596972 1.424170 -1.378752 158 158 158 100 452
3.598484 1.398805 -1.379332 158 158 158 104 452
3.599998 1.373419 -1.379913 158 158 158 108 452
3.601513 1.348011 -1.380494 158 158 158 112 452
3.603030 1.322582 -1.381075 157 157 157 116 452
3.604548 1.297132 -1.381656 157 157 157 120 452
3.606066 1.271660 -1.382239 157 157 157 124 452
3.607587 1.246166 -1.382822 157 157 157 128 452
3.609108 1.220651 -1.383405 157 157 157 132 452
3.610631 1.195115 -1.383988 157 157 157 136 452
3.612155 1.169557 -1.384573 157 157 157 140 452
3.613681 1.143977 -1.385157 157 157 157 144 452
3.615207 1.118376 -1.385742 157 157 157 148 452
3.616735 1.092753 -1.386328 157 157 157 152 452
3.618265 1.067108 -1.386914 157 157 157 156 452
3.619795 1.041442 -1.387501 157 157 157 160 452
3.621327 1.015754 -1.388088 157 157 157 164 452
3.622860 0.990044 -1.388676 157 157 157 168 452
3.624395 0.964313 -1.389264 157 157 157 172 452
3.625931 0.938560 -1.389853 157 157 157 176 452
3.627468 0.912785 -1.390442 157 157 157 180 452
3.629006 0.886987 -1.391032 157 157 157 184 452
3.630546 0.861169 -1.391622 157 157 157 188 452
3.632087 0.835328 -1.392212 157 157 157 192 452
3.633629 0.809465 -1.392804 157 157 157 196 452
3.635173 0.783580 -1.393395 157 157 157 200 452
3.636718 0.757674 -1.393988 157 157 157 204 452
3.638263 0.731745 -1.394580 157 157 157 208 452
3.639811 0.705794 -1.395173 156 156 156 212 452
3.641360 0.679821 -1.395767 156 156 156 216 452
3.642910 0.653826 -1.396361 156 156 156 220 452
3.644462 0.627809 -1.396956 156 156 156 224 452
3.646014 0.601769 -1.397551 156 156 156 228 452
3.647569 0.575708 -1.398147 156 156 156 232 452
3.649124 0.549624 -1.398743 156 156 156 236 452
3.650681 0.523518 -1.399340 156 156 156 240 452
3.652239 0.497390 -1.399937 156 156 156 244 452
3.653799 0.471239 -1.400535 156 156 156 248 452
3.655360 0.445066 -1.401133 156 156 156 252 452
3.656921 0.418871 -1.401732 156 156 156 256 452
3.658485 0.392653 -1.402331 156 156 156 260 452
3.660050 0.366413 -1.402931 156 156 156 264 452
3.661616 0.340150 -1.403531 156 156 156 268 452
3.663183 0.313865 -1.404132 156 156 156 272 452
3.664752 0.287558 -1.404734 156 156 156 276 452
3.666322 0.261227 -1.405335 156 156 156 280 452
3.667894 0.234875 -1.405938 156 156 156 284 452
3.669466 0.208499 -1.406541 156 156 156 288 452
3.671041 0.182101 -1.407144 156 156 156 292 452
3.672616 0.155681 -1.407748 156 156 156 296 452
3.674193 0.129237 -1.408352 156 156 156 300 452
3.675771 0.102771 -1.408957 156 156 156 304 452
3.677351 0.076283 -1.409563 155 155 155 308 452
3.678932 0.049771 -1.410169 155 155 155 312 452
3.680515 0.023237 -1.410775 155 155 155 316 452
3.682098 -0.003320 -1.411382 155 155 155 320 452
3.683683 -0.029900 -1.411990 155 155 155 324 452
3.685270 -0.056503 -1.412598 155 155 155 328 452
3.686857 -0.083129 -1.413207 155 155 155 332 452
3.688447 -0.109778 -1.413816 155 155 155 336 452
3.690037 -0.136450 -1.414426 155 155 155 340 452
3.691629 -0.163145 -1.415036 155 155 155 344 452
3.693222 -0.189863 -1.415646 155 155 155 348 452
3.694817 -0.216604 -1.416258 155 155 155 352 452
3.696413 -0.243368 -1.416869 155 155 155 356 452
3.698010 -0.270155 -1.417482 155 155 155 360 452
3.699609 -0.296965 -1.418095 155 155 155 364 452
3.701210 -0.323799 -1.418708 155 155 155 368 452
3.702811 -0.350655 -1.419322 155 155 155 372 452
3.704414 -0.377535 -1.419936 155 155 155 376 452
3.706019 -0.404439 -1.420551 155 155 155 380 452
3.707624 -0.431365 -1.421167 155 155 155 384 452
3.709231 -0.458315 -1.421783 155 155 155 388 452
3.710840 -0.485289 -1.422399 155 155 155 392 452
3.712450 -0.512285 -1.423016 155 155 155 396 452
3.714061 -0.539306 -1.423634 154 154 154 400 452
3.715674 -0.566349 -1.424252 154 154 154 404 452
3.717288 -0.593416 -1.424871 154 154 154 408 452
3.718904 -0.620507 -1.425490 154 154 154 412 452
3.720520 -0.647621 -1.426110 154 154 154 416 452
3.722138 -0.674759 -1.426730 154 154 154 420 452
3.723758 -0.701920 -1.427351 154 154 154 424 452
3.725379 -0.729105 -1.427972 154 154 154 428 452
3.727002 -0.756314 -1.428594 154 154 154 432 452
3.728626 -0.783546 -1.429217 154 154 154 436 452
3.730252 -0.810803 -1.429840 154 154 154 440 452
3.731878 -0.838083 -1.430463 154 154 154 444 452
3.733506 -0.865386 -1.431088 154 154 154 448 452
3.735136 -0.892714 -1.431712 154 154 154 452 452
3.736767 -0.920066 -1.432338 154 154 154 456 452
3.738400 -0.947441 -1.432963 154 154 154 460 452
3.740033 -0.974840 -1.433589 154 154 154 464 452
3.741669 -1.002263 -1.434216 154 154 154 468 452
3.743305 -1.029711 -1.434844 154 154 154 472 452
3.744944 -1.057182 -1.435472 154 154 154 476 452
3.746583 -1.084677 -1.436100 154 154 154 480 452
3.748224 -1.112197 -1.436729 154 154 154 484 452
3.749867 -1.139740 -1.437359 154 154 154 488 452
3.751511 -1.167308 -1.437989 153 153 153 492 452
3.753156 -1.194900 -1.438620 153 153 153 496 452
3.611080 -1.175721 -1.384160 157 157 157 500 452
3.597536 -1.197268 -1.378969 158 158 158 504 452
3.758102 -1.277821 -1.440515 153 153 153 508 452
3.759753 -1.305510 -1.441148 153 153 153 512 452
3.761405 -1.333223 -1.441782 153 153 153 516 452
3.763059 -1.360961 -1.442415 153 153 153 520 452
3.764715 -1.388723 -1.443050 153 153 153 524 452
3.766372 -1.416509 -1.443685 153 153 153 528 452
3.720443 -1.426079 -1.426080 154 154 154 532 452
3.734410 -1.458378 -1.431434 154 154 154 536 452
3.771351 -1.500015 -1.445594 153 153 153 540 452
3.773014 -1.527900 -1.446231 153 153 153 544 452
3.774678 -1.555809 -1.446869 153 153 153 548 452
3.776345 -1.583743 -1.447508 153 153 153 552 452
3.778011 -1.611701 -1.448147 153 153 153 556 452
3.779680 -1.639684 -1.448786 153 153 153 560 452
3.781350 -1.667692 -1.449427 153 153 153 564 452
3.783022 -1.695725 -1.450067 153 153 153 568 452
3.784695 -1.723782 -1.450709 153 153 153 572 452
3.786370 -1.751865 -1.451351 153 153 153 576 452
3.788045 -1.779971 -1.451993 152 152 152 580 452
3.789723 -1.808104 -1.452636 152 152 152 584 452
3.791402 -1.836261 -1.453280 152 152 152 588 452
3.793083 -1.864443 -1.453924 152 152 152 592 452
3.794765 -1.892649 -1.454568 152 152 152 596 452
3.796448 -1.920881 -1.455214 152 152 152 600 452
3.798133 -1.949138 -1.455860 152 152 152 604 452
3.799820 -1.977420 -1.456506 152 152 152 608 452
3.801507 -2.005727 -1.457153 152 152 152 612 452
3.803197 -2.034060 -1.457801 152 152 152 616 452
3.804888 -2.062417 -1.458449 152 152 152 620 452
3.806581 -2.090800 -1.459098 152 152 152 624 452
3.808275 -2.119208 -1.459747 152 152 152 628 452
3.809970 -2.147641 -1.460397 152 152 152 632 452
3.811667 -2.176100 -1.461047 152 152 152 636 452
3.528738 2.033671 -1.378058 159 159 159 0 456
3.530193 2.009038 -1.378626 159 159 159 4 456
3.531650 1.984386 -1.379195 159 159 159 8 456
3.533109 1.959713 -1.379765 159 159 159 12 456
3.534568 1.935020 -1.380335 159 159 159 16 456
3.536028 1.910306 -1.380905 159 159 159 20 456
3.537490 1.885572 -1.381476 159 159 159 24 456
3.538953 1.860817 -1.382047 159 159 159 28 456
3.540417 1.836042 -1.382620 159 159 159 32 456
3.541883 1.811247 -1.383192 159 159 159 36 456
3.543349 1.786431 -1.383765 159 159 159 40 456
3.544817 1.761594 -1.384338 159 159 159 44 456
3.546286 1.736737 -1.384911 159 159 159 48 456
3.547756 1.711859 -1.385486 159 159 159 52 456
3.549228 1.686960 -1.386060 159 159 159 56 456
3.550701 1.662041 -1.386636 159 159 159 60 456
3.552174 1.637101 -1.387211 159 159 159 64 456
3.553650 1.612141 -1.387787 159 159 159 68 456
3.555126 1.587160 -1.388364 159 159 159 72 456
3.556604 1.562158 -1.388941 159 159 159 76 456
3.558082 1.537135 -1.389518 159 159 159 80 456
3.559563 1.512091 -1.390096 159 159 159 84 456
3.561044 1.487027 -1.390675 159 159 159 88 456
3.562527 1.461941 -1.391254 159 159 159 92 456
3.564010 1.436835 -1.391833 159 159 159 96 456
3.565495 1.411708 -1.392413 158 158 158 100 456
3.566982 1.386560 -1.392994 158 158 158 104 456
3.568469 1.361390 -1.393574 158 158 158 108 456
3.569958 1.336200 -1.394156 158 158 158 112 456
3.571448 1.310989 -1.394738 158 158 158 116 456
3.572939 1.285757 -1.395320 158 158 158 120 456
3.574431 1.260504 -1.395903 158 158 158 124 456
3.575925 1.235229 -1.396486 158 158 158 128 456
3.577420 1.209934 -1.397070 158 158 158 132 456
3.578916 1.184617 -1.397654 158 158 158 136 456
3.580414 1.159279 -1.398239 158 158 158 140 456
3.581913 1.133920 -1.398824 158 158 158 144 456
3.583413 1.108540 -1.399410 158 158 158 148 456
3.584914 1.083138 -1.399997 158 158 158 152 456
3.586416 1.057716 -1.400583 158 158 158 156 456
3.587920 1.032271 -1.401170 158 158 158 160 456
3.589425 1.006806 -1.401758 158 158 158 164 456
3.590931 0.981319 -1.402346 158 158 158 168 456
3.592438 0.955811 -1.402935 158 158 158 172 456
3.593948 0.930281 -1.403524 158 158 158 176 456
3.595458 0.904730 -1.404114 158 158 158 180 456
3.596969 0.879157 -1.404704 158 158 158 184 456
3.598481 0.853563 -1.405295 158 158 158 188 456
3.599996 0.827947 -1.405886 158 158 158 192 456
3.601511 0.802310 -1.406478 158 158 158 196 456
3.603027 0.776651 -1.407070 157 157 157 200 456
3.604544 0.750971 -1.407663 157 157 157 204 456
3.606064 0.725268 -1.408256 157 157 157 208 456
3.607584 0.699545 -1.408850 157 157 157 212 456
3.609106 0.673799 -1.409444 157 157 157 216 456
3.610629 0.648032 -1.410039 157 157 157 220 456
3.612153 0.622243 -1.410634 157 157 157 224 456
3.613678 0.596432 -1.411230 157 157 157 228 456
3.615204 0.570600 -1.411826 157 157 157 232 456
3.616733 0.544745 -1.412423 157 157 157 236 456
3.618262 0.518869 -1.413020 157 157 157 240 456
3.619792 0.492971 -1.413617 157 157 157 244 456
3.621324 0.467051 -1.414216 157 157 157 248 456
3.622858 0.441109 -1.414814 157 157 157 252 456
3.624392 0.415145 -1.415414 157 157 157 256 456
3.625928 0.389159 -1.416013 157 157 157 260 456
3.627465 0.363151 -1.416614 157 157 157 264 456
3.629004 0.337121 -1.417215 157 157 157 268 456
3.630543 0.311069 -1.417816 157 157 157 272 456
3.632083 0.284994 -1.418417 157 157 157 276 456
3.633626 0.258898 -1.419020 157 157 157 280 456
3.635170 0.232779 -1.419623 157 157 157 284 456
3.636714 0.206638 -1.420226 157 157 157 288 456
3.638261 0.180475 -1.420830 157 157 157 292 456
3.639808 0.154290 -1.421434 156 156 156 296 456
3.641357 0.128082 -1.422039 156 156 156 300 456
3.642907 0.101853 -1.422644 156 156 156 304 456
3.644459 0.075600 -1.423250 156 156 156 308 456
3.646012 0.049326 -1.423857 156 156 156 312 456
3.647566 0.023029 -1.424464 156 156 156 316 456
3.649121 -0.003291 -1.425071 156 156 156 320 456
3.650678 -0.029633 -1.425679 156 156 156 324 456
3.652236 -0.055997 -1.426288 156 156 156 328 456
3.653796 -0.082384 -1.426897 156 156 156 332 456
3.655356 -0.108793 -1.427506 156 156 156 336 456
3.656919 -0.135225 -1.428116 156 156 156 340 456
3.658482 -0.161680 -1.428727 156 156 156 344 456
3.660047 -0.188157 -1.429338 156 156 156 348 456
3.661613 -0.214657 -1.429949 156 156 156 352 456
3.663181 -0.241180 -1.430562 156 156 156 356 456
3.664749 -0.267725 -1.431174 156 156 156 360 456
3.666319 -0.294293 -1.431787 156 156 156 364 456
3.667891 -0.320884 -1.432401 156 156 156 368 456
3.669464 -0.347497 -1.433015 156 156 156 372 456
3.671038 -0.374134 -1.433630 156 156 156 376 456
3.672614 -0.400793 -1.434245 156 156 156 380 456
3.674190 -0.427475 -1.434861 156 156 156 384 456
3.675769 -0.454181 -1.435478 156 156 156 388 456
3.677348 -0.480909 -1.436095 155 155 155 392 456
3.678929 -0.507660 -1.436712 155 155 155 396 456
3.680512 -0.534434 -1.437330 155 155 155 400 456
3.682096 -0.561231 -1.437948 155 155 155 404 456
3.683680 -0.588051 -1.438567 155 155 155 408 456
3.685267 -0.614895 -1.439187 155 155 155 412 456
3.686855 -0.641761 -1.439807 155 155 155 416 456
3.688444 -0.668651 -1.440428 155 155 155 420 456
3.690034 -0.695563 -1.441049 155 155 155 424 456
3.691626 -0.722499 -1.441670 155 155 155 428 456
3.693220 -0.749459 -1.442293 155 155 155 432 456
3.694814 -0.776441 -1.442915 155 155 155 436 456
3.696410 -0.803447 -1.443539 155 155 155 440 456
3.698008 -0.830476 -1.444162 155 155 155 444 456
3.699606 -0.857529 -1.444787 155 155 155 448 456
3.701207 -0.884605 -1.445412 155 155 155 452 456
3.702808 -0.911704 -1.446037 155 155 155 456 456
3.704411 -0.938827 -1.446663 155 155 155 460 456
3.706015 -0.965973 -1.447290 155 155 155 464 456
3.707621 -0.993143 -1.447917 155 155 155 468 456
3.709228 -1.020337 -1.448544 155 155 155 472 456
3.710837 -1.047554 -1.449172 155 155 155 476 456
3.712447 -1.074794 -1.449801 155 155 155 480 456
3.714058 -1.102059 -1.450431 154 154 154 484 456
3.715671 -1.129346 -1.451060 154 154 154 488 456
3.717285 -1.156658 -1.451691 154 154 154 492 456
3.718900 -1.183994 -1.452322 154 154 154 496 456
3.720517 -1.211353 -1.452953 154 154 154 500 456
3.619325 -1.204520 -1.413435 157 157 157 504 456
3.723755 -1.266142 -1.454218 154 154 154 508 456
3.725377 -1.293573 -1.454851 154 154 154 512 456
3.726999 -1.321028 -1.455484 154 154 154 516 456
3.728623 -1.348506 -1.456118 154 154 154 520 456
3.730248 -1.376009 -1.456753 154 154 154 524 456
3.731876 -1.403535 -1.457389 154 154 154 528 456
3.733504 -1.431086 -1.458025 154 154 154 532 456
3.735133 -1.458660 -1.458661 154 154 154 536 456
3.736764 -1.486259 -1.459298 154 154 154 540 456
3.738397 -1.513881 -1.459935 154 154 154 544 456
3.740030 -1.541528 -1.460573 154 154 154 548 456
3.741666 -1.569199 -1.461212 154 154 154 552 456
3.743302 -1.596894 -1.461851 154 154 154 556 456
3.744941 -1.624614 -1.462491 154 154 154 560 456
3.746580 -1.652357 -1.463131 154 154 154 564 456
3.748221 -1.680125 -1.463772 154 154 154 568 456
3.749863 -1.707918 -1.464413 154 154 154 572 456
3.751507 -1.735735 -1.465055 153 153 153 576 456
3.753152 -1.763576 -1.465698 153 153 153 580 456
3.754800 -1.791441 -1.466341 153 153 153 584 456
3.756448 -1.819331 -1.466985 153 153 153 588 456
3.758098 -1.847246 -1.467629 153 153 153 592 456
3.759749 -1.875185 -1.468274 153 153 153 596 456
3.761401 -1.903149 -1.468919 153 153 153 600 456
3.763055 -1.931137 -1.469565 153 153 153 604 456
3.764711 -1.959149 -1.470212 153 153 153 608 456
3.766367 -1.987187 -1.470859 153 153 153 612 456
3.768026 -2.015249 -1.471506 153 153 153 616 456
3.769686 -2.043336 -1.472155 153 153 153 620 456
3.771347 -2.071448 -1.472803 153 153 153 624 456
3.773010 -2.099584 -1.473453 153 153 153 628 456
3.774674 -2.127745 -1.474103 153 153 153 632 456
3.776340 -2.155931 -1.474753 153 153 153 636 456
3.498439 2.016209 -1.391468 160 160 160 0 460
3.499870 1.991781 -1.392037 160 160 160 4 460
3.501302 1.967334 -1.392606 160 160 160 8 460
3.502735 1.942866 -1.393176 160 160 160 12 460
3.504170 1.918378 -1.393747 160 160 160 16 460
3.505605 1.893870 -1.394318 160 160 160 20 460
3.507042 1.869342 -1.394889 160 160 160 24 460
3.508480 1.844794 -1.395462 160 160 160 28 460
3.509919 1.820226 -1.396034 160 160 160 32 460
3.511359 1.795637 -1.396607 160 160 160 36 460
3.512800 1.771029 -1.397180 160 160 160 40 460
3.514243 1.746400 -1.397754 160 160 160 44 460
3.515687 1.721751 -1.398328 160 160 160 48 460
3.517132 1.697082 -1.398903 160 160 160 52 460
3.518578 1.672392 -1.399478 160 160 160 56 460
3.520026 1.647683 -1.400054 160 160 160 60 460
3.521474 1.622952 -1.400630 160 160 160 64 460
3.522924 1.598202 -1.401207 160 160 160 68 460
3.524375 1.573431 -1.401784 160 160 160 72 460
3.525827 1.548640 -1.402361 160 160 160 76 460
3.527281 1.523828 -1.402940 160 160 160 80 460
3.528735 1.498996 -1.403518 159 159 159 84 460
3.530190 1.474143 -1.404097 159 159 159 88 460
3.531648 1.449270 -1.404676 159 159 159 92 460
3.533106 1.424376 -1.405257 159 159 159 96 460
3.534565 1.399462 -1.405837 159 159 159 100 460
3.536026 1.374527 -1.406418 159 159 159 104 460
3.537488 1.349571 -1.406999 159 159 159 108 460
3.538950 1.324595 -1.407581 159 159 159 112 460
3.540415 1.299598 -1.408163 159 159 159 116 460
3.541880 1.274580 -1.408746 159 159 159 120 460
3.543347 1.249542 -1.409330 159 159 159 124 460
3.544815 1.224483 -1.409914 159 159 159 128 460
3.546284 1.199403 -1.410498 159 159 159 132 460
3.547754 1.174303 -1.411083 159 159 159 136 460
3.549225 1.149181 -1.411668 159 159 159 140 460
3.550699 1.124039 -1.412254 159 159 159 144 460
3.552172 1.098876 -1.412840 159 159 159 148 460
3.553647 1.073692 -1.413427 159 159 159 152 460
3.555124 1.048487 -1.414014 159 159 159 156 460
3.556601 1.023261 -1.414602 159 159 159 160 460
3.558080 0.998014 -1.415190 159 159 159 164 460
3.559560 0.972746 -1.415779 159 159 159 168 460
3.561042 0.947457 -1.416368 159 159 159 172 460
3.562524 0.922147 -1.416957 159 159 159 176 460
3.564008 0.896816 -1.417547 159 159 159 180 460
3.565493 0.871464 -1.418138 158 158 158 184 460
3.566979 0.846090 -1.418729 158 158 158 188 460
3.568467 0.820696 -1.419321 158 158 158 192 460
3.569955 0.795280 -1.419913 158 158 158 196 460
3.571445 0.769843 -1.420505 158 158 158 200 460
3.572937 0.744385 -1.421099 158 158 158 204 460
3.574429 0.718906 -1.421692 158 158 158 208 460
3.575922 0.693405 -1.422286 158 158 158 212 460
3.577418 0.667883 -1.422881 158 158 158 216 460
3.578914 0.642340 -1.423476 158 158 158 220 460
3.580411 0.616775 -1.424072 158 158 158 224 460
3.581910 0.591189 -1.424668 158 158 158 228 460
3.583410 0.565581 -1.425264 158 158 158 232 460
3.584911 0.539952 -1.425861 158 158 158 236 460
3.586413 0.514302 -1.426459 158 158 158 240 460
3.587918 0.488630 -1.427057 158 158 158 244 460
3.589422 0.462936 -1.427656 158 158 158 248 460
3.590928 0.437221 -1.428255 158 158 158 252 460
3.592436 0.411485 -1.428855 158 158 158 256 460
3.593945 0.385726 -1.429455 158 158 158 260 460
3.595455 0.359946 -1.430055 158 158 158 264 460
3.596966 0.334145 -1.430656 158 158 158 268 460
3.598479 0.308321 -1.431258 158 158 158 272 460
3.599993 0.282476 -1.431860 158 158 158 276 460
3.601508 0.256609 -1.432463 158 158 158 280 460
3.603024 0.230721 -1.433066 157 157 157 284 460
3.604542 0.204810 -1.433669 157 157 157 288 460
3.606061 0.178878 -1.434274 157 157 157 292 460
3.607581 0.152924 -1.434878 157 157 157 296 460
3.609102 0.126948 -1.435483 157 157 157 300 460
3.610626 0.100950 -1.436089 157 157 157 304 460
3.612150 0.074930 -1.436695 157 157 157 308 460
3.613675 0.048888 -1.437302 157 157 157 312 460
3.615202 0.022824 -1.437909 157 157 157 316 460
3.616730 -0.003261 -1.438517 157 157 157 320 460
3.618259 -0.029369 -1.439125 157 157 157 324 460
3.619790 -0.055499 -1.439734 157 157 157 328 460
3.621321 -0.081652 -1.440343 157 157 157 332 460
3.622855 -0.107826 -1.440953 157 157 157 336 460
3.624389 -0.134022 -1.441563 157 157 157 340 460
3.625925 -0.160241 -1.442174 157 157 157 344 460
3.627462 -0.186482 -1.442786 157 157 157 348 460
3.629001 -0.212745 -1.443398 157 157 157 352 460
3.630540 -0.239031 -1.444010 157 157 157 356 460
3.632081 -0.265338 -1.444623 157 157 157 360 460
3.633623 -0.291668 -1.445236 157 157 157 364 460
3.635167 -0.318021 -1.445850 157 157 157 368 460
3.636712 -0.344396 -1.446465 157 157 157 372 460
3.638258 -0.370793 -1.447080 157 157 157 376 460
3.639806 -0.397213 -1.447695 156 156 156 380 460
3.641354 -0.423655 -1.448311 156 156 156 384 460
3.642904 -0.450120 -1.448928 156 156 156 388 460
3.644456 -0.476607 -1.449545 156 156 156 392 460
3.646009 -0.503117 -1.450163 156 156 156 396 460
3.647563 -0.529649 -1.450781 156 156 156 400 460
3.649118 -0.556205 -1.451399 156 156 156 404 460
3.650676 -0.582782 -1.452019 156 156 156 408 460
3.652234 -0.609383 -1.452638 156 156 156 412 460
3.653793 -0.636006 -1.453258 156 156 156 416 460
3.655354 -0.662652 -1.453879 156 156 156 420 460
3.656916 -0.689321 -1.454501 156 156 156 424 460
3.658479 -0.716012 -1.455122 156 156 156 428 460
3.660044 -0.742726 -1.455745 156 156 156 432 460
3.661610 -0.769463 -1.456368 156 156 156 436 460
3.663178 -0.796224 -1.456991 156 156 156 440 460
3.664746 -0.823007 -1.457615 156 156 156 444 460
3.666317 -0.849813 -1.458240 156 156 156 448 460
3.667888 -0.876641 -1.458865 156 156 156 452 460
3.669461 -0.903493 -1.459490 156 156 156 456 460
3.671035 -0.930368 -1.460117 156 156 156 460 460
3.672611 -0.957266 -1.460743 156 156 156 464 460
3.674187 -0.984187 -1.461370 156 156 156 468 460
3.675766 -1.011132 -1.461998 156 156 156 472 460
3.677345 -1.038099 -1.462626 155 155 155 476 460
3.678926 -1.065090 -1.463255 155 155 155 480 460
3.680509 -1.092104 -1.463884 155 155 155 484 460
3.682093 -1.119141 -1.464514 155 155 155 488 460
3.683677 -1.146201 -1.465145 155 155 155 492 460
3.685264 -1.173285 -1.465776 155 155 155 496 460
3.686852 -1.200392 -1.466407 155 155 155 500 460
3.688441 -1.227522 -1.467040 155 155 155 504 460
3.690032 -1.254676 -1.467672 155 155 155 508 460
3.691623 -1.281853 -1.468305 155 155 155 512 460
3.693217 -1.309054 -1.468939 155 155 155 516 460
3.694812 -1.336278 -1.469573 155 155 155 520 460
3.696408 -1.363526 -1.470208 155 155 155 524 460
3.698005 -1.390797 -1.470843 155 155 155 528 460
3.699604 -1.418092 -1.471479 155 155 155 532 460
3.701204 -1.445410 -1.472116 155 155 155 536 460
3.702805 -1.472752 -1.472753 155 155 155 540 460
3.704408 -1.500118 -1.473390 155 155 155 544 460
3.706013 -1.527507 -1.474028 155 155 155 548 460
3.707618 -1.554920 -1.474667 155 155 155 552 460
3.709225 -1.582357 -1.475306 155 155 155 556 460
3.710834 -1.609818 -1.475946 155 155 155 560 460
3.712443 -1.637302 -1.476586 155 155 155 564 460
3.714055 -1.664811 -1.477227 154 154 154 568 460
3.715667 -1.692343 -1.477868 154 154 154 572 460
3.717282 -1.719899 -1.478510 154 154 154 576 460
3.718897 -1.747479 -1.479153 154 154 154 580 460
3.720514 -1.775083 -1.479796 154 154 154 584 460
3.722132 -1.802711 -1.480440 154 154 154 588 460
3.723752 -1.830364 -1.481084 154 154 154 592 460
3.725373 -1.858040 -1.481729 154 154 154 596 460
3.726995 -1.885740 -1.482374 154 154 154 600 460
3.728619 -1.913465 -1.483020 154 154 154 604 460
3.730245 -1.941213 -1.483666 154 154 154 608 460
3.731871 -1.968986 -1.484313 154 154 154 612 460
3.733500 -1.996783 -1.484961 154 154 154 616 460
3.735129 -2.024605 -1.485609 154 154 154 620 460
3.736760 -2.052450 -1.486258 154 154 154 624 460
3.738392 -2.080320 -1.486907 154 154 154 628 460
3.740026 -2.108214 -1.487557 154 154 154 632 460
3.741662 -2.136133 -1.488207 154 154 154 636 460
3.468657 1.999045 -1.404649 161 161 161 0 464
3.470063 1.974818 -1.405219 161 161 161 4 464
3.471471 1.950572 -1.405789 161 161 161 8 464
3.472880 1.926306 -1.406359 161 161 161 12 464
3.474290 1.902020 -1.406930 161 161 161 16 464
3.475701 1.877715 -1.407502 161 161 161 20 464
3.477113 1.853390 -1.408074 161 161 161 24 464
3.478527 1.829045 -1.408647 161 161 161 28 464
3.479942 1.804680 -1.409220 161 161 161 32 464
3.481357 1.780295 -1.409793 161 161 161 36 464
3.482774 1.755891 -1.410367 161 161 161 40 464
3.484192 1.731467 -1.410941 161 161 161 44 464
3.485611 1.707022 -1.411516 161 161 161 48 464
3.487032 1.682558 -1.412091 161 161 161 52 464
3.488453 1.658074 -1.412666 161 161 161 56 464
3.489876 1.633570 -1.413243 161 161 161 60 464
3.491300 1.609046 -1.413819 160 160 160 64 464
3.492725 1.584502 -1.414396 160 160 160 68 464
3.494151 1.559938 -1.414974 160 160 160 72 464
3.495579 1.535354 -1.415552 160 160 160 76 464
3.497007 1.510749 -1.416130 160 160 160 80 464
3.498437 1.486125 -1.416709 160 160 160 84 464
3.499867 1.461480 -1.417289 160 160 160 88 464
3.501300 1.436816 -1.417869 160 160 160 92 464
3.502733 1.412131 -1.418449 160 160 160 96 464
3.504167 1.387426 -1.419030 160 160 160 100 464
3.505603 1.362700 -1.419611 160 160 160 104 464
3.507039 1.337955 -1.420193 160 160 160 108 464
3.508477 1.313189 -1.420775 160 160 160 112 464
3.509916 1.288403 -1.421358 160 160 160 116 464
3.511357 1.263596 -1.421941 160 160 160 120 464
3.512798 1.238769 -1.422525 160 160 160 124 464
3.514241 1.213922 -1.423109 160 160 160 128 464
3.515684 1.189054 -1.423694 160 160 160 132 464
3.517129 1.164166 -1.424279 160 160 160 136 464
3.518575 1.139257 -1.424865 160 160 160 140 464
3.520023 1.114328 -1.425451 160 160 160 144 464
3.521472 1.089378 -1.426037 160 160 160 148 464
3.522922 1.064408 -1.426625 160 160 160 152 464
3.524373 1.039418 -1.427212 160 160 160 156 464
3.525824 1.014406 -1.427800 160 160 160 160 464
3.527278 0.989374 -1.428389 160 160 160 164 464
3.528732 0.964321 -1.428978 159 159 159 168 464
3.530188 0.939248 -1.429567 159 159 159 172 464
3.531645 0.914154 -1.430157 159 159 159 176 464
3.533103 0.889040 -1.430748 159 159 159 180 464
3.534563 0.863904 -1.431339 159 159 159 184 464
3.536023 0.838748 -1.431930 159 159 159 188 464
3.537485 0.813571 -1.432522 159 159 159 192 464
3.538948 0.788373 -1.433115 159 159 159 196 464
3.540412 0.763154 -1.433707 159 159 159 200 464
3.541878 0.737915 -1.434301 159 159 159 204 464
3.543344 0.712654 -1.434895 159 159 159 208 464
3.544812 0.687373 -1.435489 159 159 159 212 464
3.546281 0.662070 -1.436084 159 159 159 216 464
3.547751 0.636747 -1.436679 159 159 159 220 464
3.549223 0.611403 -1.437275 159 159 159 224 464
3.550695 0.586037 -1.437872 159 159 159 228 464
3.552170 0.560651 -1.438469 159 159 159 232 464
3.553644 0.535243 -1.439066 159 159 159 236 464
3.555121 0.509814 -1.439664 159 159 159 240 464
3.556598 0.484365 -1.440262 159 159 159 244 464
3.558078 0.458894 -1.440861 159 159 159 248 464
3.559558 0.433402 -1.441460 159 159 159 252 464
3.561039 0.407888 -1.442060 159 159 159 256 464
3.562521 0.382354 -1.442661 159 159 159 260 464
3.564005 0.356798 -1.443261 159 159 159 264 464
3.565490 0.331221 -1.443863 158 158 158 268 464
3.566977 0.305622 -1.444465 158 158 158 272 464
3.568464 0.280002 -1.445067 158 158 158 276 464
3.569953 0.254361 -1.445670 158 158 158 280 464
3.571443 0.228698 -1.446273 158 158 158 284 464
3.572934 0.203014 -1.446877 158 158 158 288 464
3.574426 0.177309 -1.447481 158 158 158 292 464
3.575920 0.151582 -1.448086 158 158 158 296 464
3.577415 0.125833 -1.448692 158 158 158 300 464
3.578911 0.100063 -1.449298 158 158 158 304 464
3.580408 0.074272 -1.449904 158 158 158 308 464
3.581908 0.048459 -1.450511 158 158 158 312 464
3.583407 0.022624 -1.451118 158 158 158 316 464
3.584908 -0.003233 -1.451726 158 158 158 320 464
3.586411 -0.029111 -1.452335 158 158 158 324 464
3.587914 -0.055011 -1.452944 158 158 158 328 464
3.589420 -0.080932 -1.453553 158 158 158 332 464
3.590926 -0.106876 -1.454163 158 158 158 336 464
3.592433 -0.132841 -1.454774 158 158 158 340 464
3.593942 -0.158828 -1.455385 158 158 158 344 464
3.595452 -0.184836 -1.455996 158 158 158 348 464
3.596964 -0.210867 -1.456608 158 158 158 352 464
3.598476 -0.236920 -1.457221 158 158 158 356 464
3.599990 -0.262994 -1.457834 158 158 158 360 464
3.601505 -0.289090 -1.458447 158 158 158 364 464
3.603022 -0.315209 -1.459062 157 157 157 368 464
3.604540 -0.341349 -1.459676 157 157 157 372 464
3.606058 -0.367511 -1.460291 157 157 157 376 464
3.607579 -0.393696 -1.460907 157 157 157 380 464
3.609100 -0.419902 -1.461523 157 157 157 384 464
3.610623 -0.446131 -1.462140 157 157 157 388 464
3.612147 -0.472382 -1.462757 157 157 157 392 464
3.613672 -0.498655 -1.463374 157 157 157 396 464
3.615199 -0.524950 -1.463993 157 157 157 400 464
3.616727 -0.551268 -1.464612 157 157 157 404 464
3.618257 -0.577607 -1.465231 157 157 157 408 464
3.619787 -0.603969 -1.465851 157 157 157 412 464
3.621319 -0.630353 -1.466471 157 157 157 416 464
3.622852 -0.656760 -1.467092 157 157 157 420 464
3.624387 -0.683189 -1.467713 157 157 157 424 464
3.625922 -0.709640 -1.468335 157 157 157 428 464
3.627460 -0.736114 -1.468958 157 157 157 432 464
3.628998 -0.762610 -1.469581 157 157 157 436 464
3.630537 -0.789129 -1.470204 157 157 157 440 464
3.632078 -0.815670 -1.470828 157 157 157 444 464
3.633620 -0.842234 -1.471452 157 157 157 448 464
3.635164 -0.868820 -1.472078 157 157 157 452 464
3.636709 -0.895429 -1.472703 157 157 157 456 464
3.638255 -0.922061 -1.473330 157 157 157 460 464
3.639803 -0.948715 -1.473956 156 156 156 464 464
3.641352 -0.975392 -1.474583 156 156 156 468 464
3.642902 -1.002092 -1.475211 156 156 156 472 464
3.644453 -1.028814 -1.475839 156 156 156 476 464
3.646006 -1.055559 -1.476468 156 156 156 480 464
3.647560 -1.082327 -1.477098 156 156 156 484 464
3.649115 -1.109118 -1.477727 156 156 156 488 464
3.650672 -1.135931 -1.478358 156 156 156 492 464
3.652231 -1.162768 -1.478989 156 156 156 496 464
3.653790 -1.189627 -1.479620 156 156 156 500 464
3.655351 -1.216510 -1.480252 156 156 156 504 464
3.656913 -1.243415 -1.480885 156 156 156 508 464
3.658477 -1.270343 -1.481518 156 156 156 512 464
3.660041 -1.297295 -1.482152 156 156 156 516 464
3.661607 -1.324269 -1.482786 156 156 156 520 464
3.663175 -1.351267 -1.483421 156 156 156 524 464
3.664744 -1.378287 -1.484056 156 156 156 528 464
3.666314 -1.405331 -1.484692 156 156 156 532 464
3.667885 -1.432398 -1.485328 156 156 156 536 464
3.669458 -1.459488 -1.485965 156 156 156 540 464
3.671032 -1.486602 -1.486603 156 156 156 544 464
3.672608 -1.513739 -1.487241 156 156 156 548 464
3.674185 -1.540899 -1.487879 156 156 156 552 464
3.675763 -1.568082 -1.488518 156 156 156 556 464
3.677342 -1.595289 -1.489158 155 155 155 560 464
3.678924 -1.622519 -1.489798 155 155 155 564 464
3.680506 -1.649773 -1.490439 155 155 155 568 464
3.682089 -1.677049 -1.491080 155 155 155 572 464
3.683674 -1.704350 -1.491722 155 155 155 576 464
3.685261 -1.731674 -1.492365 155 155 155 580 464
3.686849 -1.759022 -1.493008 155 155 155 584 464
3.688437 -1.786392 -1.493651 155 155 155 588 464
3.690028 -1.813787 -1.494295 155 155 155 592 464
3.691620 -1.841205 -1.494940 155 155 155 596 464
3.693213 -1.868648 -1.495585 155 155 155 600 464
3.694808 -1.896113 -1.496231 155 155 155 604 464
3.696404 -1.923603 -1.496877 155 155 155 608 464
3.698001 -1.951116 -1.497524 155 155 155 612 464
3.699600 -1.978653 -1.498171 155 155 155 616 464
3.701200 -2.006214 -1.498819 155 155 155 620 464
3.702801 -2.033798 -1.499468 155 155 155 624 464
3.704404 -2.061407 -1.500117 155 155 155 628 464
3.706008 -2.089039 -1.500767 155 155 155 632 464
3.707614 -2.116695 -1.501417 155 155 155 636 464
3.439377 1.982170 -1.417608 162 162 162 0 468
3.440760 1.958142 -1.418178 162 162 162 4 468
3.442144 1.934093 -1.418748 162 162 162 8 468
3.443529 1.910026 -1.419319 162 162 162 12 468
3.444916 1.885939 -1.419891 162 162 162 16 468
3.446303 1.861832 -1.420463 162 162 162 20 468
3.447691 1.837707 -1.421036 162 162 162 24 468
3.449081 1.813562 -1.421608 162 162 162 28 468
3.450472 1.789397 -1.422182 162 162 162 32 468
3.451864 1.765213 -1.422755 162 162 162 36 468
3.453257 1.741009 -1.423329 162 162 162 40 468
3.454651 1.716786 -1.423904 161 161 161 44 468
3.456046 1.692543 -1.424479 161 161 161 48 468
3.457442 1.668281 -1.425055 161 161 161 52 468
3.458840 1.643999 -1.425631 161 161 161 56 468
3.460239 1.619697 -1.426207 161 161 161 60 468
3.461638 1.595376 -1.426784 161 161 161 64 468
3.463039 1.571035 -1.427361 161 161 161 68 468
3.464441 1.546674 -1.427939 161 161 161 72 468
3.465844 1.522294 -1.428518 161 161 161 76 468
3.467249 1.497894 -1.429097 161 161 161 80 468
3.468654 1.473474 -1.429676 161 161 161 84 468
3.470061 1.449034 -1.430256 161 161 161 88 468
3.471468 1.424574 -1.430836 161 161 161 92 468
3.472877 1.400095 -1.431417 161 161 161 96 468
3.474288 1.375595 -1.431998 161 161 161 100 468
3.475698 1.351076 -1.432579 161 161 161 104 468
3.477111 1.326537 -1.433161 161 161 161 108 468
3.478524 1.301978 -1.433744 161 161 161 112 468
3.479939 1.277398 -1.434327 161 161 161 116 468
3.481354 1.252800 -1.434911 161 161 161 120 468
3.482771 1.228180 -1.435495 161 161 161 124 468
3.484190 1.203541 -1.436079 161 161 161 128 468
3.485609 1.178882 -1.436664 161 161 161 132 468
3.487029 1.154203 -1.437249 161 161 161 136 468
3.488451 1.129503 -1.437835 161 161 161 140 468
3.489874 1.104784 -1.438422 161 161 161 144 468
3.491297 1.080044 -1.439009 160 160 160 148 468
3.492722 1.055284 -1.439596 160 160 160 152 468
3.494148 1.030504 -1.440184 160 160 160 156 468
3.495576 1.005703 -1.440772 160 160 160 160 468
3.497005 0.980883 -1.441361 160 160 160 164 468
3.498434 0.956042 -1.441950 160 160 160 168 468
3.499865 0.931180 -1.442540 160 160 160 172 468
3.501297 0.906299 -1.443130 160 160 160 176 468
3.502730 0.881397 -1.443721 160 160 160 180 468
3.504165 0.856474 -1.444312 160 160 160 184 468
3.505600 0.831531 -1.444904 160 160 160 188 468
3.507037 0.806568 -1.445496 160 160 160 192 468
3.508475 0.781584 -1.446089 160 160 160 196 468
3.509914 0.756580 -1.446682 160 160 160 200 468
3.511354 0.731555 -1.447275 160 160 160 204 468
3.512795 0.706510 -1.447870 160 160 160 208 468
3.514238 0.681444 -1.448464 160 160 160 212 468
3.515682 0.656358 -1.449059 160 160 160 216 468
3.517127 0.631250 -1.449655 160 160 160 220 468
3.518573 0.606123 -1.450251 160 160 160 224 468
3.520020 0.580974 -1.450848 160 160 160 228 468
3.521469 0.555805 -1.451445 160 160 160 232 468
3.522919 0.530615 -1.452042 160 160 160 236 468
3.524370 0.505405 -1.452640 160 160 160 240 468
3.525822 0.480173 -1.453239 160 160 160 244 468
3.527275 0.454921 -1.453838 160 160 160 248 468
3.528730 0.429648 -1.454437 159 159 159 252 468
3.530186 0.404354 -1.455037 159 159 159 256 468
3.531643 0.379040 -1.455638 159 159 159 260 468
3.533101 0.353704 -1.456239 159 159 159 264 468
3.534560 0.328347 -1.456840 159 159 159 268 468
3.536021 0.302970 -1.457442 159 159 159 272 468
3.537482 0.277571 -1.458045 159 159 159 276 468
3.538945 0.252152 -1.458648 159 159 159 280 468
3.540409 0.226711 -1.459251 159 159 159 284 468
3.541875 0.201250 -1.459855 159 159 159 288 468
3.543342 0.175767 -1.460460 159 159 159 292 468
3.544809 0.150263 -1.461065 159 159 159 296 468
3.546278 0.124738 -1.461670 159 159 159 300 468
3.547749 0.099192 -1.462276 159 159 159 304 468
3.549220 0.073625 -1.462883 159 159 159 308 468
3.550693 0.048036 -1.463490 159 159 159 312 468
3.552167 0.022426 -1.464097 159 159 159 316 468
3.553642 -0.003205 -1.464705 159 159 159 320 468
3.555119 -0.028857 -1.465314 159 159 159 324 468
3.556596 -0.054531 -1.465923 159 159 159 328 468
3.558074 -0.080226 -1.466532 159 159 159 332 468
3.559555 -0.105942 -1.467142 159 159 159 336 468
3.561037 -0.131680 -1.467753 159 159 159 340 468
3.562519 -0.157439 -1.468364 159 159 159 344 468
3.564003 -0.183220 -1.468976 159 159 159 348 468
3.565488 -0.209022 -1.469588 158 158 158 352 468
3.566973 -0.234845 -1.470200 158 158 158 356 468
3.568461 -0.260691 -1.470813 158 158 158 360 468
3.569950 -0.286557 -1.471427 158 158 158 364 468
3.571440 -0.312446 -1.472041 158 158 158 368 468
3.572931 -0.338356 -1.472656 158 158 158 372 468
3.574424 -0.364287 -1.473271 158 158 158 376 468
3.575917 -0.390241 -1.473887 158 158 158 380 468
3.577412 -0.416216 -1.474503 158 158 158 384 468
3.578908 -0.442212 -1.475119 158 158 158 388 468
3.580406 -0.468231 -1.475736 158 158 158 392 468
3.581905 -0.494271 -1.476354 158 158 158 396 468
3.583405 -0.520333 -1.476973 158 158 158 400 468
3.584905 -0.546417 -1.477591 158 158 158 404 468
3.586408 -0.572523 -1.478211 158 158 158 408 468
3.587912 -0.598651 -1.478830 158 158 158 412 468
3.589417 -0.624800 -1.479451 158 158 158 416 468
3.590923 -0.650972 -1.480071 158 158 158 420 468
3.592431 -0.677165 -1.480693 158 158 158 424 468
3.593940 -0.703381 -1.481315 158 158 158 428 468
3.595450 -0.729618 -1.481937 158 158 158 432 468
3.596961 -0.755878 -1.482560 158 158 158 436 468
3.598474 -0.782160 -1.483184 158 158 158 440 468
3.599988 -0.808463 -1.483807 158 158 158 444 468
3.601502 -0.834789 -1.484432 158 158 158 448 468
3.603019 -0.861137 -1.485057 157 157 157 452 468
3.604537 -0.887508 -1.485682 157 157 157 456 468
3.606055 -0.913900 -1.486309 157 157 157 460 468
3.607576 -0.940315 -1.486935 157 157 157 464 468
3.609098 -0.966752 -1.487562 157 157 157 468 468
3.610620 -0.993211 -1.488190 157 157 157 472 468
3.612144 -1.019693 -1.488818 157 157 157 476 468
3.613670 -1.046197 -1.489447 157 157 157 480 468
3.615196 -1.072724 -1.490076 157 157 157 484 468
3.616724 -1.099273 -1.490706 157 157 157 488 468
3.618253 -1.125844 -1.491336 157 157 157 492 468
3.619784 -1.152438 -1.491967 157 157 157 496 468
3.621316 -1.179054 -1.492599 157 157 157 500 468
3.622849 -1.205693 -1.493230 157 157 157 504 468
3.624383 -1.232354 -1.493863 157 157 157 508 468
3.625919 -1.259038 -1.494496 157 157 157 512 468
3.627457 -1.285745 -1.495129 157 157 157 516 468
3.628995 -1.312474 -1.495764 157 157 157 520 468
3.630534 -1.339226 -1.496398 157 157 157 524 468
3.632076 -1.366001 -1.497033 157 157 157 528 468
3.633618 -1.392799 -1.497669 157 157 157 532 468
3.635161 -1.419619 -1.498305 157 157 157 536 468
3.636706 -1.446462 -1.498942 157 157 157 540 468
3.638252 -1.473328 -1.499579 157 157 157 544 468
3.639800 -1.500216 -1.500217 156 156 156 548 468
3.641349 -1.527128 -1.500855 156 156 156 552 468
3.642899 -1.554062 -1.501494 156 156 156 556 468
3.644451 -1.581020 -1.502134 156 156 156 560 468
3.646004 -1.608000 -1.502774 156 156 156 564 468
3.647557 -1.635003 -1.503414 156 156 156 568 468
3.649113 -1.662030 -1.504056 156 156 156 572 468
3.650669 -1.689079 -1.504697 156 156 156 576 468
3.652227 -1.716152 -1.505339 156 156 156 580 468
3.653786 -1.743247 -1.505982 156 156 156 584 468
3.655348 -1.770366 -1.506625 156 156 156 588 468
3.656910 -1.797508 -1.507269 156 156 156 592 468
3.658473 -1.824673 -1.507913 156 156 156 596 468
3.660038 -1.851862 -1.508559 156 156 156 600 468
3.661604 -1.879074 -1.509204 156 156 156 604 468
3.663171 -1.906308 -1.509850 156 156 156 608 468
3.664740 -1.933567 -1.510496 156 156 156 612 468
3.666310 -1.960848 -1.511144 156 156 156 616 468
3.667881 -1.988154 -1.511791 156 156 156 620 468
3.669454 -2.015482 -1.512439 156 156 156 624 468
3.671029 -2.042834 -1.513088 156 156 156 628 468
3.672603 -2.070209 -1.513738 156 156 156 632 468
3.674181 -2.097608 -1.514388 156 156 156 636 468
3.410588 1.965579 -1.430350 163 163 163 0 472
3.411947 1.941744 -1.430920 163 163 163 4 472
3.413308 1.917891 -1.431491 163 163 163 8 472
3.414670 1.894019 -1.432063 163 163 163 12 472
3.416034 1.870127 -1.432635 163 163 163 16 472
3.417397 1.846217 -1.433207 162 162 162 20 472
3.418763 1.822287 -1.433779 162 162 162 24 472
3.420129 1.798339 -1.434352 162 162 162 28 472
3.421497 1.774371 -1.434926 162 162 162 32 472
3.422866 1.750384 -1.435500 162 162 162 36 472
3.424235 1.726377 -1.436074 162 162 162 40 472
3.425606 1.702352 -1.436649 162 162 162 44 472
3.426978 1.678307 -1.437224 162 162 162 48 472
3.428351 1.654243 -1.437800 162 162 162 52 472
3.429725 1.630160 -1.438377 162 162 162 56 472
3.431100 1.606058 -1.438953 162 162 162 60 472
3.432477 1.581936 -1.439530 162 162 162 64 472
3.433854 1.557795 -1.440108 162 162 162 68 472
3.435232 1.533634 -1.440686 162 162 162 72 472
3.436612 1.509454 -1.441265 162 162 162 76 472
3.437993 1.485255 -1.441844 162 162 162 80 472
3.439374 1.461036 -1.442423 162 162 162 84 472
3.440758 1.436797 -1.443003 162 162 162 88 472
3.442142 1.412539 -1.443584 162 162 162 92 472
3.443527 1.388262 -1.444165 162 162 162 96 472
3.444913 1.363965 -1.444746 162 162 162 100 472
3.446301 1.339648 -1.445328 162 162 162 104 472
3.447689 1.315312 -1.445910 162 162 162 108 472
3.449078 1.290956 -1.446493 162 162 162 112 472
3.450469 1.266581 -1.447076 162 162 162 116 472
3.451861 1.242186 -1.447660 162 162 162 120 472
3.453254 1.217771 -1.448244 162 162 162 124 472
3.454648 1.193337 -1.448829 161 161 161 128 472
3.456044 1.168883 -1.449414 161 161 161 132 472
3.457440 1.144409 -1.450000 161 161 161 136 472
3.458837 1.119915 -1.450586 161 161 161 140 472
3.460236 1.095401 -1.451172 161 161 161 144 472
3.461636 1.070868 -1.451759 161 161 161 148 472
3.463037 1.046315 -1.452347 161 161 161 152 472
3.464438 1.021742 -1.452935 161 161 161 156 472
3.465842 0.997149 -1.453523 161 161 161 160 472
3.467246 0.972536 -1.454112 161 161 161 164 472
3.468652 0.947903 -1.454702 161 161 161 168 472
3.470058 0.923250 -1.455292 161 161 161 172 472
3.471466 0.898577 -1.455882 161 161 161 176 472
3.472875 0.873884 -1.456473 161 161 161 180 472
3.474285 0.849171 -1.457064 161 161 161 184 472
3.475696 0.824438 -1.457656 161 161 161 188 472
3.477108 0.799685 -1.458248 161 161 161 192 472
3.478522 0.774912 -1.458841 161 161 161 196 472
3.479936 0.750118 -1.459435 161 161 161 200 472
3.481352 0.725305 -1.460028 161 161 161 204 472
3.482769 0.700471 -1.460622 161 161 161 208 472
3.484187 0.675617 -1.461217 161 161 161 212 472
3.485606 0.650743 -1.461812 161 161 161 216 472
3.487027 0.625848 -1.462408 161 161 161 220 472
3.488448 0.600933 -1.463004 161 161 161 224 472
3.489871 0.575998 -1.463601 161 161 161 228 472
3.491295 0.551043 -1.464198 160 160 160 232 472
3.492720 0.526067 -1.464796 160 160 160 236 472
3.494146 0.501070 -1.465394 160 160 160 240 472
3.495573 0.476054 -1.465992 160 160 160 244 472
3.497002 0.451017 -1.466591 160 160 160 248 472
3.498432 0.425959 -1.467191 160 160 160 252 472
3.499863 0.400881 -1.467791 160 160 160 256 472
3.501294 0.375782 -1.468392 160 160 160 260 472
3.502728 0.350663 -1.468993 160 160 160 264 472
3.504162 0.325523 -1.469594 160 160 160 268 472
3.505598 0.300363 -1.470196 160 160 160 272 472
3.507034 0.275182 -1.470799 160 160 160 276 472
3.508472 0.249981 -1.471402 160 160 160 280 472
3.509912 0.224758 -1.472006 160 160 160 284 472
3.511352 0.199515 -1.472610 160 160 160 288 472
3.512793 0.174252 -1.473214 160 160 160 292 472
3.514235 0.148967 -1.473819 160 160 160 296 472
3.515679 0.123662 -1.474424 160 160 160 300 472
3.517124 0.098336 -1.475031 160 160 160 304 472
3.518571 0.072989 -1.475637 160 160 160 308 472
3.520018 0.047621 -1.476244 160 160 160 312 472
3.521467 0.022233 -1.476852 160 160 160 316 472
3.522916 -0.003177 -1.477460 160 160 160 320 472
3.524367 -0.028607 -1.478068 160 160 160 324 472
3.525819 -0.054059 -1.478677 160 160 160 328 472
3.527273 -0.079531 -1.479287 160 160 160 332 472
3.528727 -0.105024 -1.479897 159 159 159 336 472
3.530183 -0.130539 -1.480507 159 159 159 340 472
3.531640 -0.156074 -1.481118 159 159 159 344 472
3.533098 -0.181631 -1.481730 159 159 159 348 472
3.534557 -0.207209 -1.482342 159 159 159 352 472
3.536018 -0.232807 -1.482954 159 159 159 356 472
3.537480 -0.258427 -1.483567 159 159 159 360 472
3.538943 -0.284069 -1.484181 159 159 159 364 472
3.540407 -0.309731 -1.484795 159 159 159 368 472
3.541873 -0.335415 -1.485409 159 159 159 372 472
3.543339 -0.361119 -1.486025 159 159 159 376 472
3.544806 -0.386846 -1.486640 159 159 159 380 472
3.546276 -0.412593 -1.487256 159 159 159 384 472
3.547746 -0.438362 -1.487873 159 159 159 388 472
3.549218 -0.464152 -1.488490 159 159 159 392 472
3.550690 -0.489964 -1.489107 159 159 159 396 472
3.552164 -0.515797 -1.489726 159 159 159 400 472
3.553639 -0.541652 -1.490344 159 159 159 404 472
3.555116 -0.567528 -1.490964 159 159 159 408 472
3.556593 -0.593425 -1.491583 159 159 159 412 472
3.558072 -0.619344 -1.492203 159 159 159 416 472
3.559552 -0.645285 -1.492824 159 159 159 420 472
3.561033 -0.671247 -1.493445 159 159 159 424 472
3.562516 -0.697231 -1.494067 159 159 159 428 472
3.564000 -0.723236 -1.494689 159 159 159 432 472
3.565485 -0.749263 -1.495312 158 158 158 436 472
3.566971 -0.775312 -1.495936 158 158 158 440 472
3.568459 -0.801383 -1.496560 158 158 158 444 472
3.569947 -0.827475 -1.497184 158 158 158 448 472
3.571437 -0.853589 -1.497809 158 158 158 452 472
3.572928 -0.879725 -1.498434 158 158 158 456 472
3.574421 -0.905883 -1.499060 158 158 158 460 472
3.575915 -0.932062 -1.499686 158 158 158 464 472
3.577410 -0.958264 -1.500313 158 158 158 468 472
3.578906 -0.984487 -1.500941 158 158 158 472 472
3.580403 -1.010733 -1.501569 158 158 158 476 472
3.581902 -1.037000 -1.502197 158 158 158 480 472
3.583402 -1.063289 -1.502826 158 158 158 484 472
3.584903 -1.089601 -1.503456 158 158 158 488 472
3.586406 -1.115934 -1.504086 158 158 158 492 472
3.587910 -1.142290 -1.504717 158 158 158 496 472
3.589414 -1.168667 -1.505348 158 158 158 500 472
3.590920 -1.195067 -1.505980 158 158 158 504 472
3.592428 -1.221489 -1.506612 158 158 158 508 472
3.593937 -1.247933 -1.507245 158 158 158 512 472
3.595447 -1.274399 -1.507878 158 158 158 516 472
3.596958 -1.300888 -1.508512 158 158 158 520 472
3.598471 -1.327399 -1.509146 158 158 158 524 472
3.599985 -1.353932 -1.509781 158 158 158 528 472
3.601500 -1.380487 -1.510416 158 158 158 532 472
3.603016 -1.407065 -1.511052 157 157 157 536 472
3.604534 -1.433666 -1.511689 157 157 157 540 472
3.606053 -1.460288 -1.512326 157 157 157 544 472
3.607573 -1.486933 -1.512963 157 157 157 548 472
3.609095 -1.513601 -1.513602 157 157 157 552 472
3.610617 -1.540291 -1.514240 157 157 157 556 472
3.612142 -1.567003 -1.514879 157 157 157 560 472
3.613667 -1.593739 -1.515519 157 157 157 564 472
3.615194 -1.620497 -1.516160 157 157 157 568 472
3.616722 -1.647277 -1.516800 157 157 157 572 472
3.618251 -1.674080 -1.517441 157 157 157 576 472
3.619781 -1.700906 -1.518083 157 157 157 580 472
3.621313 -1.727754 -1.518726 157 157 157 584 472
3.622846 -1.754625 -1.519369 157 157 157 588 472
3.624381 -1.781519 -1.520012 157 157 157 592 472
3.625916 -1.808436 -1.520656 157 157 157 596 472
3.627453 -1.835375 -1.521301 157 157 157 600 472
3.628992 -1.862338 -1.521946 157 157 157 604 472
3.630531 -1.889323 -1.522592 157 157 157 608 472
3.632072 -1.916331 -1.523238 157 157 157 612 472
3.633614 -1.943362 -1.523885 157 157 157 616 472
3.635158 -1.970416 -1.524532 157 157 157 620 472
3.636702 -1.997493 -1.525180 157 157 157 624 472
3.638249 -2.024593 -1.525828 157 157 157 628 472
3.639796 -2.051716 -1.526477 156 156 156 632 472
3.641345 -2.078862 -1.527127 156 156 156 636 472
3.382276 1.949262 -1.442880 163 163 163 0 476
3.383613 1.925619 -1.443451 163 163 163 4 476
3.384952 1.901958 -1.444023 163 163 163 8 476
3.386291 1.878278 -1.444594 163 163 163 12 476
3.387632 1.854579 -1.445166 163 163 163 16 476
3.388973 1.830861 -1.445738 163 163 163 20 476
3.390316 1.807124 -1.446311 163 163 163 24 476
3.391659 1.783369 -1.446884 163 163 163 28 476
3.393005 1.759595 -1.447458 163 163 163 32 476
3.394351 1.735802 -1.448032 163 163 163 36 476
3.395697 1.711990 -1.448607 163 163 163 40 476
3.397045 1.688159 -1.449182 163 163 163 44 476
3.398395 1.664309 -1.449757 163 163 163 48 476
3.399745 1.640441 -1.450333 163 163 163 52 476
3.401096 1.616553 -1.450910 163 163 163 56 476
3.402448 1.592646 -1.451487 163 163 163 60 476
3.403802 1.568720 -1.452064 163 163 163 64 476
3.405156 1.544776 -1.452642 163 163 163 68 476
3.406512 1.520812 -1.453220 163 163 163 72 476
3.407869 1.496829 -1.453799 163 163 163 76 476
3.409226 1.472827 -1.454378 163 163 163 80 476
3.410585 1.448806 -1.454958 163 163 163 84 476
3.411945 1.424765 -1.455538 163 163 163 88 476
3.413306 1.400706 -1.456118 163 163 163 92 476
3.414668 1.376627 -1.456699 163 163 163 96 476
3.416031 1.352530 -1.457281 163 163 163 100 476
3.417395 1.328412 -1.457863 162 162 162 104 476
3.418761 1.304276 -1.458445 162 162 162 108 476
3.420127 1.280120 -1.459028 162 162 162 112 476
3.421494 1.255945 -1.459612 162 162 162 116 476
3.422863 1.231751 -1.460195 162 162 162 120 476
3.424233 1.207537 -1.460780 162 162 162 124 476
3.425604 1.183304 -1.461365 162 162 162 128 476
3.426975 1.159051 -1.461950 162 162 162 132 476
3.428349 1.134779 -1.462536 162 162 162 136 476
3.429723 1.110488 -1.463122 162 162 162 140 476
3.431098 1.086177 -1.463708 162 162 162 144 476
3.432474 1.061847 -1.464296 162 162 162 148 476
3.433851 1.037497 -1.464883 162 162 162 152 476
3.435230 1.013127 -1.465471 162 162 162 156 476
3.436610 0.988738 -1.466060 162 162 162 160 476
3.437990 0.964330 -1.466649 162 162 162 164 476
3.439372 0.939901 -1.467238 162 162 162 168 476
3.440755 0.915453 -1.467828 162 162 162 172 476
3.442139 0.890986 -1.468419 162 162 162 176 476
3.443524 0.866499 -1.469010 162 162 162 180 476
3.444911 0.841992 -1.469601 162 162 162 184 476
3.446298 0.817465 -1.470193 162 162 162 188 476
3.447686 0.792918 -1.470785 162 162 162 192 476
3.449076 0.768352 -1.471378 162 162 162 196 476
3.450467 0.743766 -1.471971 162 162 162 200 476
3.451859 0.719160 -1.472565 162 162 162 204 476
3.453252 0.694534 -1.473159 162 162 162 208 476
3.454646 0.669888 -1.473754 161 161 161 212 476
3.456041 0.645223 -1.474349 161 161 161 216 476
3.457437 0.620537 -1.474945 161 161 161 220 476
3.458835 0.595832 -1.475541 161 161 161 224 476
3.460233 0.571106 -1.476138 161 161 161 228 476
3.461633 0.546361 -1.476735 161 161 161 232 476
3.463034 0.521596 -1.477332 161 161 161 236 476
3.464436 0.496810 -1.477931 161 161 161 240 476
3.465839 0.472004 -1.478529 161 161 161 244 476
3.467244 0.447179 -1.479128 161 161 161 248 476
3.468649 0.422333 -1.479728 161 161 161 252 476
3.470056 0.397467 -1.480328 161 161 161 256 476
3.471463 0.372581 -1.480928 161 161 161 260 476
3.472872 0.347674 -1.481529 161 161 161 264 476
3.474282 0.322748 -1.482131 161 161 161 268 476
3.475693 0.297801 -1.482733 161 161 161 272 476
3.477106 0.272834 -1.483336 161 161 161 276 476
3.478519 0.247846 -1.483939 161 161 161 280 476
3.479934 0.222839 -1.484542 161 161 161 284 476
3.481350 0.197811 -1.485146 161 161 161 288 476
3.482766 0.172762 -1.485750 161 161 161 292 476
3.484185 0.147693 -1.486355 161 161 161 296 476
3.485604 0.122604 -1.486961 161 161 161 300 476
3.487024 0.097494 -1.487567 161 161 161 304 476
3.488446 0.072364 -1.488173 161 161 161 308 476
3.489868 0.047213 -1.488780 161 161 161 312 476
3.491292 0.022042 -1.489388 160 160 160 316 476
3.492717 -0.003150 -1.489995 160 160 160 320 476
3.494144 -0.028362 -1.490604 160 160 160 324 476
3.495571 -0.053595 -1.491213 160 160 160 328 476
3.496999 -0.078848 -1.491822 160 160 160 332 476
3.498429 -0.104123 -1.492432 160 160 160 336 476
3.499860 -0.129418 -1.493042 160 160 160 340 476
3.501292 -0.154733 -1.493653 160 160 160 344 476
3.502725 -0.180069 -1.494265 160 160 160 348 476
3.504160 -0.205427 -1.494877 160 160 160 352 476
3.505595 -0.230804 -1.495489 160 160 160 356 476
3.507032 -0.256203 -1.496102 160 160 160 360 476
3.508470 -0.281622 -1.496715 160 160 160 364 476
3.509909 -0.307063 -1.497329 160 160 160 368 476
3.511349 -0.332524 -1.497944 160 160 160 372 476
3.512790 -0.358006 -1.498558 160 160 160 376 476
3.514233 -0.383509 -1.499174 160 160 160 380 476
3.515677 -0.409033 -1.499790 160 160 160 384 476
3.517122 -0.434578 -1.500406 160 160 160 388 476
3.518568 -0.460144 -1.501023 160 160 160 392 476
3.520015 -0.485731 -1.501641 160 160 160 396 476
3.521464 -0.511339 -1.502259 160 160 160 400 476
3.522914 -0.536968 -1.502877 160 160 160 404 476
3.524365 -0.562619 -1.503496 160 160 160 408 476
3.525817 -0.588290 -1.504116 160 160 160 412 476
3.527270 -0.613982 -1.504736 160 160 160 416 476
3.528725 -0.639696 -1.505356 159 159 159 420 476
3.530180 -0.665431 -1.505977 159 159 159 424 476
3.531637 -0.691187 -1.506599 159 159 159 428 476
3.533095 -0.716965 -1.507221 159 159 159 432 476
3.534555 -0.742764 -1.507843 159 159 159 436 476
3.536016 -0.768584 -1.508466 159 159 159 440 476
3.537478 -0.794425 -1.509090 159 159 159 444 476
3.538940 -0.820288 -1.509714 159 159 159 448 476
3.540405 -0.846172 -1.510339 159 159 159 452 476
3.541870 -0.872078 -1.510964 159 159 159 456 476
3.543337 -0.898005 -1.511590 159 159 159 460 476
3.544804 -0.923954 -1.512216 159 159 159 464 476
3.546273 -0.949924 -1.512843 159 159 159 468 476
3.547744 -0.975915 -1.513470 159 159 159 472 476
3.549215 -1.001928 -1.514097 159 159 159 476 476
3.550688 -1.027963 -1.514726 159 159 159 480 476
3.552161 -1.054019 -1.515354 159 159 159 484 476
3.553637 -1.080098 -1.515984 159 159 159 488 476
3.555113 -1.106197 -1.516613 159 159 159 492 476
3.556591 -1.132319 -1.517244 159 159 159 496 476
3.558069 -1.158462 -1.517875 159 159 159 500 476
3.559550 -1.184627 -1.518506 159 159 159 504 476
3.561031 -1.210813 -1.519138 159 159 159 508 476
3.562513 -1.237022 -1.519770 159 159 159 512 476
3.563997 -1.263252 -1.520403 159 159 159 516 476
3.565482 -1.289504 -1.521037 158 158 158 520 476
3.566968 -1.315778 -1.521671 158 158 158 524 476
3.568456 -1.342074 -1.522305 158 158 158 528 476
3.569945 -1.368392 -1.522941 158 158 158 532 476
3.571435 -1.394732 -1.523576 158 158 158 536 476
3.572926 -1.421094 -1.524212 158 158 158 540 476
3.574418 -1.447477 -1.524849 158 158 158 544 476
3.575912 -1.473884 -1.525486 158 158 158 548 476
3.577406 -1.500311 -1.526124 158 158 158 552 476
3.578903 -1.526761 -1.526762 158 158 158 556 476
3.580400 -1.553234 -1.527401 158 158 158 560 476
3.581899 -1.579728 -1.528041 158 158 158 564 476
3.583399 -1.606245 -1.528680 158 158 158 568 476
3.584900 -1.632783 -1.529321 158 158 158 572 476
3.586403 -1.659345 -1.529962 158 158 158 576 476
3.587906 -1.685928 -1.530603 158 158 158 580 476
3.589411 -1.712533 -1.531245 158 158 158 584 476
3.590918 -1.739161 -1.531888 158 158 158 588 476
3.592425 -1.765811 -1.532531 158 158 158 592 476
3.593934 -1.792484 -1.533174 158 158 158 596 476
3.595444 -1.819179 -1.533818 158 158 158 600 476
3.596955 -1.845897 -1.534463 158 158 158 604 476
3.598467 -1.872637 -1.535108 158 158 158 608 476
3.599982 -1.899399 -1.535754 158 158 158 612 476
3.601496 -1.926184 -1.536400 158 158 158 616 476
3.603013 -1.952992 -1.537047 157 157 157 620 476
3.604530 -1.979822 -1.537695 157 157 157 624 476
3.606049 -2.006675 -1.538343 157 157 157 628 476
3.607569 -2.033550 -1.538991 157 157 157 632 476
3.609091 -2.060448 -1.539641 157 157 157 636 476
