ply
format ascii 1.0
element vertex 19200
property float x
property float y
property float z
property uchar red
property uchar green
property uchar blue
property int pixel_u
property int pixel_v
end_header
0.693719 0.399802 0.299695 235 235 235 0 0
0.693733 0.394804 0.299701 235 235 235 4 0
0.693747 0.389807 0.299707 235 235 235 8 0
0.693761 0.384809 0.299713 235 235 235 12 0
0.693774 0.379811 0.299719 235 235 235 16 0
0.693788 0.374812 0.299725 235 235 235 20 0
0.693802 0.369814 0.299731 235 235 235 24 0
0.693816 0.364815 0.299737 235 235 235 28 0
0.693830 0.359816 0.299743 235 235 235 32 0
0.693844 0.354817 0.299749 235 235 235 36 0
0.693857 0.349818 0.299755 235 235 235 40 0
0.693871 0.344819 0.299761 235 235 235 44 0
0.693885 0.339819 0.299767 235 235 235 48 0
0.693899 0.334819 0.299773 235 235 235 52 0
0.693913 0.329819 0.299779 235 235 235 56 0
0.693927 0.324819 0.299785 235 235 235 60 0
0.693940 0.319818 0.299791 235 235 235 64 0
0.693954 0.314818 0.299797 235 235 235 68 0
0.693968 0.309817 0.299803 235 235 235 72 0
0.693982 0.304816 0.299808 235 235 235 76 0
0.693996 0.299814 0.299814 235 235 235 80 0
0.694010 0.294813 0.299820 235 235 235 84 0
0.694023 0.289811 0.299826 235 235 235 88 0
0.694037 0.284809 0.299832 235 235 235 92 0
0.694051 0.279807 0.299838 235 235 235 96 0
0.694065 0.274805 0.299844 235 235 235 100 0
0.694079 0.269803 0.299850 235 235 235 104 0
0.694093 0.264800 0.299856 235 235 235 108 0
0.694107 0.259797 0.299862 235 235 235 112 0
0.694120 0.254794 0.299868 235 235 235 116 0
0.694134 0.249791 0.299874 235 235 235 120 0
0.694148 0.244787 0.299880 235 235 235 124 0
0.694162 0.239784 0.299886 235 235 235 128 0
0.694176 0.234780 0.299892 235 235 235 132 0
0.694190 0.229776 0.299898 235 235 235 136 0
0.694203 0.224772 0.299904 235 235 235 140 0
0.694217 0.219767 0.299910 235 235 235 144 0
0.694231 0.214763 0.299916 235 235 235 148 0
0.694245 0.209758 0.299922 235 235 235 152 0
0.694259 0.204753 0.299928 235 235 235 156 0
0.694273 0.199747 0.299934 235 235 235 160 0
0.694287 0.194742 0.299940 235 235 235 164 0
0.694300 0.189736 0.299946 235 235 235 168 0
0.694314 0.184730 0.299952 235 235 235 172 0
0.694328 0.179724 0.299958 235 235 235 176 0
0.694342 0.174718 0.299964 235 235 235 180 0
0.694356 0.169712 0.299970 235 235 235 184 0
0.694370 0.164705 0.299976 235 235 235 188 0
0.694384 0.159698 0.299982 235 235 235 192 0
0.694397 0.154691 0.299988 235 235 235 196 0
0.694411 0.149684 0.299994 235 235 235 200 0
0.694425 0.144676 0.300000 235 235 235 204 0
0.694439 0.139669 0.300006 235 235 235 208 0
0.694453 0.134661 0.300012 235 235 235 212 0
0.694467 0.129653 0.300018 235 235 235 216 0
0.694480 0.124645 0.300024 235 235 235 220 0
0.694494 0.119636 0.300030 235 235 235 224 0
0.694508 0.114627 0.300036 235 235 235 228 0
0.694522 0.109619 0.300042 235 235 235 232 0
0.694536 0.104610 0.300048 235 235 235 236 0
0.694550 0.099600 0.300054 235 235 235 240 0
0.694564 0.094591 0.300060 235 235 235 244 0
0.694578 0.089581 0.300066 235 235 235 248 0
0.694591 0.084571 0.300072 235 235 235 252 0
0.694605 0.079561 0.300078 235 235 235 256 0
0.694619 0.074551 0.300084 235 235 235 260 0
0.694633 0.069541 0.300090 235 235 235 264 0
0.694647 0.064530 0.300096 235 235 235 268 0
0.694661 0.059519 0.300102 235 235 235 272 0
0.694675 0.054508 0.300108 235 235 235 276 0
0.694689 0.049497 0.300114 235 235 235 280 0
0.694702 0.044485 0.300120 235 235 235 284 0
0.694716 0.039474 0.300126 235 235 235 288 0
0.694730 0.034462 0.300132 235 235 235 292 0
0.694744 0.029450 0.300138 235 235 235 296 0
0.694758 0.024438 0.300144 235 235 235 300 0
0.694772 0.019425 0.300150 235 235 235 304 0
0.694786 0.014412 0.300156 235 235 235 308 0
0.694799 0.009400 0.300162 235 235 235 312 0
0.694813 0.004387 0.300168 235 235 235 316 0
0.694827 -0.000627 0.300174 235 235 235 320 0
0.694841 -0.005640 0.300180 235 235 235 324 0
0.694855 -0.010654 0.300186 235 235 235 328 0
0.694869 -0.015668 0.300192 235 235 235 332 0
0.694883 -0.020682 0.300198 235 235 235 336 0
0.694897 -0.025696 0.300204 235 235 235 340 0
0.694910 -0.030710 0.300210 235 235 235 344 0
0.694924 -0.035725 0.300216 235 235 235 348 0
0.694938 -0.040740 0.300222 235 235 235 352 0
0.694952 -0.045755 0.300228 235 235 235 356 0
0.694966 -0.050770 0.300234 235 235 235 360 0
0.694980 -0.055786 0.300240 235 235 235 364 0
0.694994 -0.060801 0.300246 235 235 235 368 0
0.695008 -0.065817 0.300252 235 235 235 372 0
0.695021 -0.070833 0.300258 235 235 235 376 0
0.695035 -0.075849 0.300264 235 235 235 380 0
0.695049 -0.080866 0.300270 235 235 235 384 0
0.695063 -0.085883 0.300276 235 235 235 388 0
0.695077 -0.090899 0.300282 235 235 235 392 0
0.695091 -0.095917 0.300288 235 235 235 396 0
0.695105 -0.100934 0.300294 235 235 235 400 0
0.695119 -0.105951 0.300300 235 235 235 404 0
0.695132 -0.110969 0.300306 235 235 235 408 0
0.695147 -0.115987 0.300312 235 235 235 412 0
0.695160 -0.121005 0.300318 235 235 235 416 0
0.695174 -0.126023 0.300324 235 235 235 420 0
0.695188 -0.131042 0.300330 235 235 235 424 0
0.695202 -0.136060 0.300336 235 235 235 428 0
0.695216 -0.141079 0.300342 235 235 235 432 0
0.695230 -0.146098 0.300348 235 235 235 436 0
0.695244 -0.151117 0.300354 235 235 235 440 0
0.695258 -0.156137 0.300360 235 235 235 444 0
0.695271 -0.161156 0.300366 235 235 235 448 0
0.695285 -0.166176 0.300372 235 235 235 452 0
0.695299 -0.171196 0.300378 235 235 235 456 0
0.695313 -0.176217 0.300384 235 235 235 460 0
0.695327 -0.181237 0.300390 235 235 235 464 0
0.695341 -0.186258 0.300396 235 235 235 468 0
0.695355 -0.191279 0.300402 235 235 235 472 0
0.695369 -0.196300 0.300408 235 235 235 476 0
0.695383 -0.201321 0.300414 235 235 235 480 0
0.695397 -0.206343 0.300420 235 235 235 484 0
0.695410 -0.211364 0.300426 235 235 235 488 0
0.695424 -0.216386 0.300432 235 235 235 492 0
0.695438 -0.221408 0.300438 235 235 235 496 0
0.695452 -0.226430 0.300444 235 235 235 500 0
0.695466 -0.231453 0.300450 235 235 235 504 0
0.695480 -0.236476 0.300456 235 235 235 508 0
0.695494 -0.241498 0.300462 235 235 235 512 0
0.695508 -0.246521 0.300468 235 235 235 516 0
0.695522 -0.251545 0.300474 235 235 235 520 0
0.695535 -0.256568 0.300480 235 235 235 524 0
0.695549 -0.261592 0.300486 235 235 235 528 0
0.695563 -0.266616 0.300492 235 235 235 532 0
0.695577 -0.271640 0.300498 235 235 235 536 0
0.695591 -0.276664 0.300504 235 235 235 540 0
0.695605 -0.281689 0.300510 235 235 235 544 0
0.695619 -0.286713 0.300516 235 235 235 548 0
0.695633 -0.291738 0.300522 235 235 235 552 0
0.695647 -0.296763 0.300528 235 235 235 556 0
0.695661 -0.301789 0.300534 235 235 235 560 0
0.695675 -0.306814 0.300540 235 235 235 564 0
0.695688 -0.311840 0.300546 235 235 235 568 0
0.695702 -0.316866 0.300552 235 235 235 572 0
0.695716 -0.321892 0.300558 235 235 235 576 0
0.695730 -0.326918 0.300564 235 235 235 580 0
0.695744 -0.331945 0.300570 235 235 235 584 0
0.695758 -0.336971 0.300576 235 235 235 588 0
0.695772 -0.341998 0.300582 235 235 235 592 0
0.695786 -0.347025 0.300588 235 235 235 596 0
0.695800 -0.352052 0.300594 235 235 235 600 0
0.695814 -0.357080 0.300600 235 235 235 604 0
0.695828 -0.362108 0.300606 235 235 235 608 0
0.695841 -0.367136 0.300612 235 235 235 612 0
0.695855 -0.372164 0.300618 235 235 235 616 0
0.695869 -0.377192 0.300624 235 235 235 620 0
0.695883 -0.382220 0.300630 235 235 235 624 0
0.695897 -0.387249 0.300636 235 235 235 628 0
0.695911 -0.392278 0.300642 235 235 235 632 0
0.695925 -0.397307 0.300648 235 235 235 636 0
0.727760 0.419420 0.309150 234 234 234 0 4
0.727775 0.414178 0.309156 234 234 234 4 4
0.727790 0.408935 0.309163 234 234 234 8 4
0.727805 0.403692 0.309169 234 234 234 12 4
0.727820 0.398449 0.309176 234 234 234 16 4
0.727836 0.393206 0.309182 234 234 234 20 4
0.727851 0.387963 0.309189 234 234 234 24 4
0.727866 0.382719 0.309195 234 234 234 28 4
0.727881 0.377476 0.309202 234 234 234 32 4
0.727897 0.372231 0.309208 234 234 234 36 4
0.727912 0.366987 0.309215 234 234 234 40 4
0.727927 0.361743 0.309221 234 234 234 44 4
0.727942 0.356498 0.309227 234 234 234 48 4
0.727957 0.351253 0.309234 234 234 234 52 4
0.727973 0.346008 0.309240 234 234 234 56 4
0.727988 0.340763 0.309247 234 234 234 60 4
0.728003 0.335517 0.309253 234 234 234 64 4
0.728018 0.330271 0.309260 234 234 234 68 4
0.728034 0.325025 0.309266 234 234 234 72 4
0.728049 0.319779 0.309273 234 234 234 76 4
0.728064 0.314532 0.309279 234 234 234 80 4
0.728079 0.309286 0.309286 234 234 234 84 4
0.728095 0.304039 0.309292 234 234 234 88 4
0.728110 0.298792 0.309299 234 234 234 92 4
0.728125 0.293544 0.309305 234 234 234 96 4
0.728140 0.288297 0.309312 234 234 234 100 4
0.728156 0.283049 0.309318 234 234 234 104 4
0.728171 0.277801 0.309325 234 234 234 108 4
0.728186 0.272553 0.309331 234 234 234 112 4
0.728201 0.267304 0.309337 234 234 234 116 4
0.728216 0.262056 0.309344 234 234 234 120 4
0.728232 0.256807 0.309350 234 234 234 124 4
0.728247 0.251558 0.309357 234 234 234 128 4
0.728262 0.246308 0.309363 234 234 234 132 4
0.728278 0.241059 0.309370 234 234 234 136 4
0.728293 0.235809 0.309376 234 234 234 140 4
0.728308 0.230559 0.309383 234 234 234 144 4
0.728323 0.225309 0.309389 234 234 234 148 4
0.728338 0.220059 0.309396 234 234 234 152 4
0.728354 0.214808 0.309402 234 234 234 156 4
0.728369 0.209557 0.309409 234 234 234 160 4
0.728384 0.204306 0.309415 234 234 234 164 4
0.728400 0.199055 0.309422 234 234 234 168 4
0.728415 0.193803 0.309428 234 234 234 172 4
0.728430 0.188551 0.309435 234 234 234 176 4
0.728445 0.183300 0.309441 234 234 234 180 4
0.728460 0.178047 0.309448 234 234 234 184 4
0.728476 0.172795 0.309454 234 234 234 188 4
0.728491 0.167542 0.309461 234 234 234 192 4
0.728506 0.162290 0.309467 234 234 234 196 4
0.728521 0.157036 0.309474 234 234 234 200 4
0.728537 0.151783 0.309480 234 234 234 204 4
0.728552 0.146530 0.309486 234 234 234 208 4
0.728567 0.141276 0.309493 234 234 234 212 4
0.728582 0.136022 0.309499 234 234 234 216 4
0.728598 0.130768 0.309506 234 234 234 220 4
0.728613 0.125514 0.309512 234 234 234 224 4
0.728628 0.120259 0.309519 234 234 234 228 4
0.728643 0.115004 0.309525 234 234 234 232 4
0.728659 0.109749 0.309532 234 234 234 236 4
0.728674 0.104494 0.309538 234 234 234 240 4
0.728689 0.099238 0.309545 234 234 234 244 4
0.728704 0.093983 0.309551 234 234 234 248 4
0.728720 0.088727 0.309558 234 234 234 252 4
0.728735 0.083471 0.309564 234 234 234 256 4
0.728750 0.078214 0.309571 234 234 234 260 4
0.728765 0.072958 0.309577 234 234 234 264 4
0.728781 0.067701 0.309584 234 234 234 268 4
0.728796 0.062444 0.309590 234 234 234 272 4
0.728811 0.057187 0.309597 234 234 234 276 4
0.728827 0.051929 0.309603 234 234 234 280 4
0.728842 0.046672 0.309610 234 234 234 284 4
0.728857 0.041414 0.309616 234 234 234 288 4
0.728872 0.036155 0.309623 234 234 234 292 4
0.728888 0.030897 0.309629 234 234 234 296 4
0.728903 0.025639 0.309636 234 234 234 300 4
0.728918 0.020380 0.309642 234 234 234 304 4
0.728933 0.015121 0.309649 234 234 234 308 4
0.728949 0.009862 0.309655 234 234 234 312 4
0.728964 0.004602 0.309662 234 234 234 316 4
0.728979 -0.000657 0.309668 234 234 234 320 4
0.728995 -0.005917 0.309675 234 234 234 324 4
0.729010 -0.011177 0.309681 234 234 234 328 4
0.729025 -0.016438 0.309687 234 234 234 332 4
0.729040 -0.021698 0.309694 234 234 234 336 4
0.729056 -0.026959 0.309700 234 234 234 340 4
0.729071 -0.032220 0.309707 234 234 234 344 4
0.729086 -0.037481 0.309713 234 234 234 348 4
0.729102 -0.042743 0.309720 234 234 234 352 4
0.729117 -0.048004 0.309726 234 234 234 356 4
0.729132 -0.053266 0.309733 234 234 234 360 4
0.729147 -0.058528 0.309739 234 234 234 364 4
0.729163 -0.063791 0.309746 234 234 234 368 4
0.729178 -0.069053 0.309752 234 234 234 372 4
0.729193 -0.074316 0.309759 234 234 234 376 4
0.729208 -0.079579 0.309765 234 234 234 380 4
0.729224 -0.084842 0.309772 234 234 234 384 4
0.729239 -0.090105 0.309778 234 234 234 388 4
0.729254 -0.095369 0.309785 234 234 234 392 4
0.729270 -0.100633 0.309791 234 234 234 396 4
0.729285 -0.105897 0.309798 234 234 234 400 4
0.729300 -0.111161 0.309804 234 234 234 404 4
0.729315 -0.116426 0.309811 234 234 234 408 4
0.729331 -0.121690 0.309817 234 234 234 412 4
0.729346 -0.126955 0.309824 234 234 234 416 4
0.729361 -0.132221 0.309830 234 234 234 420 4
0.729376 -0.137486 0.309837 234 234 234 424 4
0.729392 -0.142752 0.309843 234 234 234 428 4
0.729407 -0.148017 0.309850 234 234 234 432 4
0.729422 -0.153283 0.309856 234 234 234 436 4
0.729438 -0.158550 0.309863 234 234 234 440 4
0.729453 -0.163816 0.309869 234 234 234 444 4
0.729468 -0.169083 0.309876 234 234 234 448 4
0.729484 -0.174350 0.309882 234 234 234 452 4
0.729499 -0.179617 0.309889 234 234 234 456 4
0.729514 -0.184884 0.309895 234 234 234 460 4
0.729529 -0.190152 0.309902 234 234 234 464 4
0.729545 -0.195420 0.309908 234 234 234 468 4
0.729560 -0.200688 0.309915 234 234 234 472 4
0.729575 -0.205956 0.309921 234 234 234 476 4
0.729591 -0.211225 0.309928 234 234 234 480 4
0.729606 -0.216493 0.309934 234 234 234 484 4
0.729621 -0.221762 0.309941 234 234 234 488 4
0.729637 -0.227031 0.309947 234 234 234 492 4
0.729652 -0.232301 0.309954 234 234 234 496 4
0.729667 -0.237570 0.309960 234 234 234 500 4
0.729682 -0.242840 0.309967 234 234 234 504 4
0.729698 -0.248110 0.309973 234 234 234 508 4
0.729713 -0.253380 0.309980 234 234 234 512 4
0.729728 -0.258651 0.309986 234 234 234 516 4
0.729744 -0.263922 0.309993 234 234 234 520 4
0.729759 -0.269193 0.309999 234 234 234 524 4
0.729774 -0.274464 0.310006 234 234 234 528 4
0.729789 -0.279735 0.310012 234 234 234 532 4
0.729805 -0.285007 0.310019 234 234 234 536 4
0.729820 -0.290278 0.310025 234 234 234 540 4
0.729835 -0.295550 0.310032 234 234 234 544 4
0.729851 -0.300823 0.310038 234 234 234 548 4
0.729866 -0.306095 0.310045 234 234 234 552 4
0.729881 -0.311368 0.310051 234 234 234 556 4
0.729897 -0.316641 0.310058 234 234 234 560 4
0.729912 -0.321914 0.310064 234 234 234 564 4
0.729927 -0.327187 0.310071 234 234 234 568 4
0.729943 -0.332461 0.310077 234 234 234 572 4
0.729958 -0.337735 0.310084 234 234 234 576 4
0.729973 -0.343009 0.310090 234 234 234 580 4
0.729989 -0.348283 0.310097 234 234 234 584 4
0.730004 -0.353557 0.310103 234 234 234 588 4
0.730019 -0.358832 0.310110 234 234 234 592 4
0.730035 -0.364107 0.310116 234 234 234 596 4
0.730050 -0.369382 0.310123 234 234 234 600 4
0.730065 -0.374657 0.310129 234 234 234 604 4
0.730080 -0.379933 0.310136 234 234 234 608 4
0.730096 -0.385209 0.310142 234 234 234 612 4
0.730111 -0.390485 0.310149 234 234 234 616 4
0.730126 -0.395761 0.310155 234 234 234 620 4
0.730142 -0.401037 0.310162 234 234 234 624 4
0.730157 -0.406314 0.310168 234 234 234 628 4
0.730172 -0.411591 0.310175 234 234 234 632 4
0.730188 -0.416868 0.310181 234 234 234 636 4
0.765313 0.441063 0.319581 233 233 233 0 8
0.765330 0.435550 0.319588 233 233 233 4 8
0.765347 0.430038 0.319595 233 233 233 8 8
0.765364 0.424525 0.319602 233 233 233 12 8
0.765381 0.419012 0.319609 233 233 233 16 8
0.765397 0.413499 0.319616 233 233 233 20 8
0.765414 0.407985 0.319623 233 233 233 24 8
0.765431 0.402471 0.319630 233 233 233 28 8
0.765448 0.396957 0.319637 233 233 233 32 8
0.765465 0.391443 0.319644 233 233 233 36 8
0.765482 0.385929 0.319651 233 233 233 40 8
0.765499 0.380414 0.319658 233 233 233 44 8
0.765515 0.374899 0.319665 233 233 233 48 8
0.765532 0.369384 0.319672 233 233 233 52 8
0.765549 0.363868 0.319679 233 233 233 56 8
0.765566 0.358352 0.319686 233 233 233 60 8
0.765583 0.352836 0.319693 233 233 233 64 8
0.765600 0.347320 0.319700 233 233 233 68 8
0.765616 0.341804 0.319707 233 233 233 72 8
0.765633 0.336287 0.319714 233 233 233 76 8
0.765650 0.330770 0.319721 233 233 233 80 8
0.765667 0.325253 0.319728 233 233 233 84 8
0.765684 0.319735 0.319735 233 233 233 88 8
0.765701 0.314218 0.319742 233 233 233 92 8
0.765718 0.308700 0.319749 233 233 233 96 8
0.765734 0.303182 0.319757 233 233 233 100 8
0.765751 0.297663 0.319764 233 233 233 104 8
0.765768 0.292145 0.319771 233 233 233 108 8
0.765785 0.286626 0.319778 233 233 233 112 8
0.765802 0.281107 0.319785 233 233 233 116 8
0.765819 0.275587 0.319792 233 233 233 120 8
0.765835 0.270068 0.319799 233 233 233 124 8
0.765852 0.264548 0.319806 233 233 233 128 8
0.765869 0.259028 0.319813 233 233 233 132 8
0.765886 0.253507 0.319820 233 233 233 136 8
0.765903 0.247987 0.319827 233 233 233 140 8
0.765920 0.242466 0.319834 233 233 233 144 8
0.765937 0.236945 0.319841 233 233 233 148 8
0.765953 0.231423 0.319848 233 233 233 152 8
0.765970 0.225902 0.319855 233 233 233 156 8
0.765987 0.220380 0.319862 233 233 233 160 8
0.766004 0.214858 0.319869 233 233 233 164 8
0.766021 0.209336 0.319876 233 233 233 168 8
0.766038 0.203813 0.319883 233 233 233 172 8
0.766055 0.198291 0.319890 233 233 233 176 8
0.766072 0.192768 0.319897 233 233 233 180 8
0.766088 0.187244 0.319904 233 233 233 184 8
0.766105 0.181721 0.319911 233 233 233 188 8
0.766122 0.176197 0.319918 233 233 233 192 8
0.766139 0.170673 0.319925 233 233 233 196 8
0.766156 0.165149 0.319932 233 233 233 200 8
0.766173 0.159624 0.319940 233 233 233 204 8
0.766190 0.154100 0.319947 233 233 233 208 8
0.766206 0.148575 0.319954 233 233 233 212 8
0.766223 0.143049 0.319961 233 233 233 216 8
0.766240 0.137524 0.319968 233 233 233 220 8
0.766257 0.131998 0.319975 233 233 233 224 8
0.766274 0.126472 0.319982 233 233 233 228 8
0.766291 0.120946 0.319989 233 233 233 232 8
0.766308 0.115420 0.319996 233 233 233 236 8
0.766325 0.109893 0.320003 233 233 233 240 8
0.766341 0.104366 0.320010 233 233 233 244 8
0.766358 0.098839 0.320017 233 233 233 248 8
0.766375 0.093312 0.320024 233 233 233 252 8
0.766392 0.087784 0.320031 233 233 233 256 8
0.766409 0.082256 0.320038 233 233 233 260 8
0.766426 0.076728 0.320045 233 233 233 264 8
0.766443 0.071200 0.320052 233 233 233 268 8
0.766460 0.065671 0.320059 233 233 233 272 8
0.766476 0.060142 0.320066 233 233 233 276 8
0.766493 0.054613 0.320073 233 233 233 280 8
0.766510 0.049084 0.320080 233 233 233 284 8
0.766527 0.043554 0.320088 233 233 233 288 8
0.766544 0.038024 0.320095 233 233 233 292 8
0.766561 0.032494 0.320102 233 233 233 296 8
0.766578 0.026964 0.320109 233 233 233 300 8
0.766595 0.021433 0.320116 233 233 233 304 8
0.766612 0.015902 0.320123 233 233 233 308 8
0.766628 0.010371 0.320130 233 233 233 312 8
0.766645 0.004840 0.320137 233 233 233 316 8
0.766662 -0.000691 0.320144 233 233 233 320 8
0.766679 -0.006223 0.320151 233 233 233 324 8
0.766696 -0.011755 0.320158 233 233 233 328 8
0.766713 -0.017288 0.320165 233 233 233 332 8
0.766730 -0.022820 0.320172 233 233 233 336 8
0.766747 -0.028353 0.320179 233 233 233 340 8
0.766764 -0.033886 0.320186 233 233 233 344 8
0.766780 -0.039419 0.320193 233 233 233 348 8
0.766797 -0.044953 0.320200 233 233 233 352 8
0.766814 -0.050486 0.320207 233 233 233 356 8
0.766831 -0.056020 0.320215 233 233 233 360 8
0.766848 -0.061554 0.320222 233 233 233 364 8
0.766865 -0.067089 0.320229 233 233 233 368 8
0.766882 -0.072624 0.320236 233 233 233 372 8
0.766899 -0.078159 0.320243 233 233 233 376 8
0.766916 -0.083694 0.320250 233 233 233 380 8
0.766933 -0.089229 0.320257 233 233 233 384 8
0.766949 -0.094765 0.320264 233 233 233 388 8
0.766966 -0.100301 0.320271 233 233 233 392 8
0.766983 -0.105837 0.320278 233 233 233 396 8
0.767000 -0.111373 0.320285 233 233 233 400 8
0.767017 -0.116910 0.320292 233 233 233 404 8
0.767034 -0.122447 0.320299 233 233 233 408 8
0.767051 -0.127984 0.320306 233 233 233 412 8
0.767068 -0.133522 0.320313 233 233 233 416 8
0.767085 -0.139059 0.320320 233 233 233 420 8
0.767102 -0.144597 0.320327 233 233 233 424 8
0.767118 -0.150135 0.320334 233 233 233 428 8
0.767135 -0.155674 0.320342 233 233 233 432 8
0.767152 -0.161212 0.320349 233 233 233 436 8
0.767169 -0.166751 0.320356 233 233 233 440 8
0.767186 -0.172290 0.320363 233 233 233 444 8
0.767203 -0.177829 0.320370 233 233 233 448 8
0.767220 -0.183369 0.320377 233 233 233 452 8
0.767237 -0.188909 0.320384 233 233 233 456 8
0.767254 -0.194449 0.320391 233 233 233 460 8
0.767271 -0.199989 0.320398 233 233 233 464 8
0.767288 -0.205530 0.320405 233 233 233 468 8
0.767305 -0.211071 0.320412 233 233 233 472 8
0.767322 -0.216612 0.320419 233 233 233 476 8
0.767338 -0.222153 0.320426 233 233 233 480 8
0.767355 -0.227695 0.320433 233 233 233 484 8
0.767372 -0.233236 0.320440 233 233 233 488 8
0.767389 -0.238778 0.320448 233 233 233 492 8
0.767406 -0.244321 0.320455 233 233 233 496 8
0.767423 -0.249863 0.320462 233 233 233 500 8
0.767440 -0.255406 0.320469 233 233 233 504 8
0.767457 -0.260949 0.320476 233 233 233 508 8
0.767474 -0.266492 0.320483 233 233 233 512 8
0.767491 -0.272036 0.320490 233 233 233 516 8
0.767508 -0.277580 0.320497 233 233 233 520 8
0.767525 -0.283123 0.320504 233 233 233 524 8
0.767542 -0.288668 0.320511 233 233 233 528 8
0.767558 -0.294212 0.320518 233 233 233 532 8
0.767575 -0.299757 0.320525 233 233 233 536 8
0.767592 -0.305302 0.320532 233 233 233 540 8
0.767609 -0.310847 0.320539 233 233 233 544 8
0.767626 -0.316393 0.320547 233 233 233 548 8
0.767643 -0.321938 0.320554 233 233 233 552 8
0.767660 -0.327484 0.320561 233 233 233 556 8
0.767677 -0.333030 0.320568 233 233 233 560 8
0.767694 -0.338577 0.320575 233 233 233 564 8
0.767711 -0.344124 0.320582 233 233 233 568 8
0.767728 -0.349670 0.320589 233 233 233 572 8
0.767745 -0.355218 0.320596 233 233 233 576 8
0.767762 -0.360765 0.320603 233 233 233 580 8
0.767779 -0.366313 0.320610 233 233 233 584 8
0.767796 -0.371861 0.320617 233 233 233 588 8
0.767813 -0.377409 0.320624 233 233 233 592 8
0.767830 -0.382957 0.320631 233 233 233 596 8
0.767846 -0.388506 0.320638 233 233 233 600 8
0.767863 -0.394055 0.320646 233 233 233 604 8
0.767880 -0.399604 0.320653 233 233 233 608 8
0.767897 -0.405153 0.320660 233 233 233 612 8
0.767914 -0.410703 0.320667 233 233 233 616 8
0.767931 -0.416253 0.320674 233 233 233 620 8
0.767948 -0.421803 0.320681 233 233 233 624 8
0.767965 -0.427353 0.320688 233 233 233 628 8
0.767982 -0.432904 0.320695 233 233 233 632 8
0.767999 -0.438455 0.320702 233 233 233 636 8
0.806954 0.465061 0.331147 232 232 232 0 12
0.806972 0.459249 0.331154 232 232 232 4 12
0.806991 0.453437 0.331162 232 232 232 8 12
0.807010 0.447625 0.331170 232 232 232 12 12
0.807028 0.441812 0.331177 232 232 232 16 12
0.807047 0.436000 0.331185 232 232 232 20 12
0.807066 0.430186 0.331193 232 232 232 24 12
0.807085 0.424373 0.331200 232 232 232 28 12
0.807103 0.418560 0.331208 232 232 232 32 12
0.807122 0.412746 0.331216 232 232 232 36 12
0.807141 0.406932 0.331223 232 232 232 40 12
0.807159 0.401117 0.331231 232 232 232 44 12
0.807178 0.395302 0.331239 232 232 232 48 12
0.807197 0.389488 0.331246 232 232 232 52 12
0.807216 0.383672 0.331254 232 232 232 56 12
0.807234 0.377857 0.331262 232 232 232 60 12
0.807253 0.372041 0.331269 232 232 232 64 12
0.807272 0.366225 0.331277 232 232 232 68 12
0.807291 0.360409 0.331285 232 232 232 72 12
0.807309 0.354592 0.331293 232 232 232 76 12
0.807328 0.348775 0.331300 232 232 232 80 12
0.807347 0.342958 0.331308 232 232 232 84 12
0.807365 0.337141 0.331316 232 232 232 88 12
0.807384 0.331323 0.331323 232 232 232 92 12
0.807403 0.325505 0.331331 232 232 232 96 12
0.807422 0.319687 0.331339 232 232 232 100 12
0.807440 0.313869 0.331346 232 232 232 104 12
0.807459 0.308050 0.331354 232 232 232 108 12
0.807478 0.302231 0.331362 232 232 232 112 12
0.807497 0.296412 0.331369 232 232 232 116 12
0.807515 0.290592 0.331377 232 232 232 120 12
0.807534 0.284772 0.331385 232 232 232 124 12
0.807553 0.278952 0.331392 232 232 232 128 12
0.807572 0.273132 0.331400 232 232 232 132 12
0.807590 0.267311 0.331408 232 232 232 136 12
0.807609 0.261490 0.331416 232 232 232 140 12
0.807628 0.255669 0.331423 232 232 232 144 12
0.807647 0.249848 0.331431 232 232 232 148 12
0.807665 0.244026 0.331439 232 232 232 152 12
0.807684 0.238204 0.331446 232 232 232 156 12
0.807703 0.232382 0.331454 232 232 232 160 12
0.807721 0.226560 0.331462 232 232 232 164 12
0.807740 0.220737 0.331469 232 232 232 168 12
0.807759 0.214914 0.331477 232 232 232 172 12
0.807778 0.209090 0.331485 232 232 232 176 12
0.807797 0.203267 0.331492 232 232 232 180 12
0.807815 0.197443 0.331500 232 232 232 184 12
0.807834 0.191619 0.331508 232 232 232 188 12
0.807853 0.185794 0.331516 232 232 232 192 12
0.807872 0.179970 0.331523 232 232 232 196 12
0.807890 0.174145 0.331531 232 232 232 200 12
0.807909 0.168320 0.331539 232 232 232 204 12
0.807928 0.162494 0.331546 232 232 232 208 12
0.807947 0.156668 0.331554 232 232 232 212 12
0.807965 0.150842 0.331562 232 232 232 216 12
0.807984 0.145016 0.331569 232 232 232 220 12
0.808003 0.139190 0.331577 232 232 232 224 12
0.808022 0.133363 0.331585 232 232 232 228 12
0.808040 0.127536 0.331593 232 232 232 232 12
0.808059 0.121708 0.331600 232 232 232 236 12
0.808078 0.115881 0.331608 232 232 232 240 12
0.808097 0.110053 0.331616 232 232 232 244 12
0.808115 0.104224 0.331623 232 232 232 248 12
0.808134 0.098396 0.331631 232 232 232 252 12
0.808153 0.092567 0.331639 232 232 232 256 12
0.808172 0.086738 0.331646 232 232 232 260 12
0.808191 0.080909 0.331654 232 232 232 264 12
0.808209 0.075079 0.331662 232 232 232 268 12
0.808228 0.069250 0.331670 232 232 232 272 12
0.808247 0.063420 0.331677 232 232 232 276 12
0.808266 0.057589 0.331685 232 232 232 280 12
0.808284 0.051759 0.331693 232 232 232 284 12
0.808303 0.045928 0.331700 232 232 232 288 12
0.808322 0.040097 0.331708 232 232 232 292 12
0.808341 0.034265 0.331716 232 232 232 296 12
0.808360 0.028433 0.331723 232 232 232 300 12
0.808378 0.022601 0.331731 232 232 232 304 12
0.808397 0.016769 0.331739 232 232 232 308 12
0.808416 0.010937 0.331747 232 232 232 312 12
0.808435 0.005104 0.331754 232 232 232 316 12
0.808453 -0.000729 0.331762 232 232 232 320 12
0.808472 -0.006562 0.331770 232 232 232 324 12
0.808491 -0.012396 0.331777 232 232 232 328 12
0.808510 -0.018230 0.331785 232 232 232 332 12
0.808528 -0.024064 0.331793 232 232 232 336 12
0.808547 -0.029899 0.331801 232 232 232 340 12
0.808566 -0.035733 0.331808 232 232 232 344 12
0.808585 -0.041568 0.331816 232 232 232 348 12
0.808604 -0.047403 0.331824 232 232 232 352 12
0.808622 -0.053239 0.331831 232 232 232 356 12
0.808641 -0.059075 0.331839 232 232 232 360 12
0.808660 -0.064911 0.331847 232 232 232 364 12
0.808679 -0.070747 0.331855 232 232 232 368 12
0.808698 -0.076584 0.331862 232 232 232 372 12
0.808717 -0.082420 0.331870 232 232 232 376 12
0.808735 -0.088258 0.331878 232 232 232 380 12
0.808754 -0.094095 0.331885 232 232 232 384 12
0.808773 -0.099933 0.331893 232 232 232 388 12
0.808792 -0.105771 0.331901 232 232 232 392 12
0.808810 -0.111609 0.331909 232 232 232 396 12
0.808829 -0.117447 0.331916 232 232 232 400 12
0.808848 -0.123286 0.331924 232 232 232 404 12
0.808867 -0.129125 0.331932 232 232 232 408 12
0.808886 -0.134964 0.331939 232 232 232 412 12
0.808904 -0.140804 0.331947 232 232 232 416 12
0.808923 -0.146644 0.331955 232 232 232 420 12
0.808942 -0.152484 0.331963 232 232 232 424 12
0.808961 -0.158324 0.331970 232 232 232 428 12
0.808980 -0.164165 0.331978 232 232 232 432 12
0.808998 -0.170006 0.331986 232 232 232 436 12
0.809017 -0.175847 0.331993 232 232 232 440 12
0.809036 -0.181689 0.332001 232 232 232 444 12
0.809055 -0.187530 0.332009 232 232 232 448 12
0.809074 -0.193372 0.332017 232 232 232 452 12
0.809093 -0.199215 0.332024 232 232 232 456 12
0.809111 -0.205057 0.332032 232 232 232 460 12
0.809130 -0.210900 0.332040 232 232 232 464 12
0.809149 -0.216743 0.332047 232 232 232 468 12
0.809168 -0.222586 0.332055 232 232 232 472 12
0.809187 -0.228430 0.332063 232 232 232 476 12
0.809205 -0.234274 0.332071 232 232 232 480 12
0.809224 -0.240118 0.332078 232 232 232 484 12
0.809243 -0.245963 0.332086 232 232 232 488 12
0.809262 -0.251807 0.332094 232 232 232 492 12
0.809281 -0.257652 0.332102 232 232 232 496 12
0.809300 -0.263498 0.332109 232 232 232 500 12
0.809318 -0.269343 0.332117 232 232 232 504 12
0.809337 -0.275189 0.332125 232 232 232 508 12
0.809356 -0.281035 0.332132 232 232 232 512 12
0.809375 -0.286881 0.332140 232 232 232 516 12
0.809394 -0.292728 0.332148 232 232 232 520 12
0.809412 -0.298575 0.332156 232 232 232 524 12
0.809431 -0.304422 0.332163 232 232 232 528 12
0.809450 -0.310270 0.332171 232 232 232 532 12
0.809469 -0.316117 0.332179 232 232 232 536 12
0.809488 -0.321965 0.332186 232 232 232 540 12
0.809507 -0.327814 0.332194 232 232 232 544 12
0.809525 -0.333662 0.332202 232 232 232 548 12
0.809544 -0.339511 0.332210 232 232 232 552 12
0.809563 -0.345360 0.332217 232 232 232 556 12
0.809582 -0.351209 0.332225 232 232 232 560 12
0.809601 -0.357059 0.332233 232 232 232 564 12
0.809620 -0.362909 0.332241 232 232 232 568 12
0.809638 -0.368759 0.332248 232 232 232 572 12
0.809657 -0.374610 0.332256 232 232 232 576 12
0.809676 -0.380460 0.332264 232 232 232 580 12
0.809695 -0.386311 0.332271 232 232 232 584 12
0.809714 -0.392163 0.332279 232 232 232 588 12
0.809733 -0.398014 0.332287 232 232 232 592 12
0.809751 -0.403866 0.332295 232 232 232 596 12
0.809770 -0.409718 0.332302 232 232 232 600 12
0.809789 -0.415570 0.332310 232 232 232 604 12
0.809808 -0.421423 0.332318 232 232 232 608 12
0.809827 -0.427276 0.332326 232 232 232 612 12
0.809846 -0.433129 0.332333 232 232 232 616 12
0.809865 -0.438982 0.332341 232 232 232 620 12
0.809883 -0.444836 0.332349 232 232 232 624 12
0.809902 -0.450690 0.332356 232 232 232 628 12
0.809921 -0.456544 0.332364 232 232 232 632 12
0.809940 -0.462399 0.332372 232 232 232 636 12
0.853386 0.491820 0.344043 231 231 231 0 16
0.853407 0.485675 0.344052 231 231 231 4 16
0.853428 0.479529 0.344060 231 231 231 8 16
0.853449 0.473383 0.344069 231 231 231 12 16
0.853470 0.467237 0.344077 231 231 231 16 16
0.853490 0.461090 0.344086 231 231 231 20 16
0.853511 0.454943 0.344094 231 231 231 24 16
0.853532 0.448796 0.344102 231 231 231 28 16
0.853553 0.442648 0.344111 231 231 231 32 16
0.853574 0.436500 0.344119 231 231 231 36 16
0.853595 0.430352 0.344128 231 231 231 40 16
0.853616 0.424204 0.344136 231 231 231 44 16
0.853637 0.418055 0.344145 231 231 231 48 16
0.853658 0.411906 0.344153 231 231 231 52 16
0.853679 0.405756 0.344162 231 231 231 56 16
0.853700 0.399607 0.344170 231 231 231 60 16
0.853721 0.393457 0.344178 231 231 231 64 16
0.853742 0.387306 0.344187 231 231 231 68 16
0.853763 0.381156 0.344195 231 231 231 72 16
0.853784 0.375005 0.344204 231 231 231 76 16
0.853805 0.368854 0.344212 231 231 231 80 16
0.853825 0.362702 0.344221 231 231 231 84 16
0.853847 0.356551 0.344229 231 231 231 88 16
0.853867 0.350398 0.344238 231 231 231 92 16
0.853888 0.344246 0.344246 231 231 231 96 16
0.853909 0.338093 0.344254 231 231 231 100 16
0.853930 0.331940 0.344263 231 231 231 104 16
0.853951 0.325787 0.344271 231 231 231 108 16
0.853972 0.319633 0.344280 231 231 231 112 16
0.853993 0.313479 0.344288 231 231 231 116 16
0.854014 0.307325 0.344297 231 231 231 120 16
0.854035 0.301171 0.344305 231 231 231 124 16
0.854056 0.295016 0.344314 231 231 231 128 16
0.854077 0.288861 0.344322 231 231 231 132 16
0.854098 0.282705 0.344330 231 231 231 136 16
0.854119 0.276550 0.344339 231 231 231 140 16
0.854140 0.270394 0.344347 231 231 231 144 16
0.854161 0.264237 0.344356 231 231 231 148 16
0.854182 0.258081 0.344364 231 231 231 152 16
0.854203 0.251924 0.344373 231 231 231 156 16
0.854224 0.245766 0.344381 231 231 231 160 16
0.854245 0.239609 0.344390 231 231 231 164 16
0.854266 0.233451 0.344398 231 231 231 168 16
0.854287 0.227293 0.344407 231 231 231 172 16
0.854308 0.221134 0.344415 231 231 231 176 16
0.854329 0.214976 0.344423 231 231 231 180 16
0.854350 0.208817 0.344432 231 231 231 184 16
0.854371 0.202657 0.344440 231 231 231 188 16
0.854392 0.196498 0.344449 231 231 231 192 16
0.854413 0.190338 0.344457 231 231 231 196 16
0.854434 0.184177 0.344466 231 231 231 200 16
0.854455 0.178017 0.344474 231 231 231 204 16
0.854475 0.171856 0.344483 231 231 231 208 16
0.854496 0.165695 0.344491 231 231 231 212 16
0.854517 0.159533 0.344500 231 231 231 216 16
0.854538 0.153372 0.344508 231 231 231 220 16
0.854559 0.147210 0.344517 231 231 231 224 16
0.854580 0.141047 0.344525 231 231 231 228 16
0.854601 0.134884 0.344533 231 231 231 232 16
0.854622 0.128721 0.344542 231 231 231 236 16
0.854643 0.122558 0.344550 231 231 231 240 16
0.854664 0.116395 0.344559 231 231 231 244 16
0.854685 0.110231 0.344567 231 231 231 248 16
0.854706 0.104066 0.344576 231 231 231 252 16
0.854727 0.097902 0.344584 231 231 231 256 16
0.854748 0.091737 0.344593 231 231 231 260 16
0.854769 0.085572 0.344601 231 231 231 264 16
0.854790 0.079407 0.344610 231 231 231 268 16
0.854811 0.073241 0.344618 231 231 231 272 16
0.854832 0.067075 0.344627 231 231 231 276 16
0.854853 0.060909 0.344635 231 231 231 280 16
0.854874 0.054742 0.344644 231 231 231 284 16
0.854895 0.048575 0.344652 231 231 231 288 16
0.854916 0.042408 0.344660 231 231 231 292 16
0.854937 0.036240 0.344669 231 231 231 296 16
0.854958 0.030073 0.344677 231 231 231 300 16
0.854979 0.023904 0.344686 231 231 231 304 16
0.855000 0.017736 0.344694 231 231 231 308 16
0.855021 0.011567 0.344703 231 231 231 312 16
0.855042 0.005398 0.344711 231 231 231 316 16
0.855063 -0.000771 0.344720 231 231 231 320 16
0.855084 -0.006941 0.344728 231 231 231 324 16
0.855105 -0.013111 0.344737 231 231 231 328 16
0.855126 -0.019281 0.344745 231 231 231 332 16
0.855147 -0.025452 0.344754 231 231 231 336 16
0.855168 -0.031622 0.344762 231 231 231 340 16
0.855189 -0.037794 0.344770 231 231 231 344 16
0.855210 -0.043965 0.344779 231 231 231 348 16
0.855232 -0.050137 0.344787 231 231 231 352 16
0.855253 -0.056309 0.344796 231 231 231 356 16
0.855274 -0.062481 0.344804 231 231 231 360 16
0.855294 -0.068654 0.344813 231 231 231 364 16
0.855316 -0.074827 0.344821 231 231 231 368 16
0.855336 -0.081000 0.344830 231 231 231 372 16
0.855358 -0.087174 0.344838 231 231 231 376 16
0.855379 -0.093348 0.344847 231 231 231 380 16
0.855400 -0.099522 0.344855 231 231 231 384 16
0.855421 -0.105697 0.344864 231 231 231 388 16
0.855442 -0.111871 0.344872 231 231 231 392 16
0.855463 -0.118046 0.344881 231 231 231 396 16
0.855484 -0.124222 0.344889 231 231 231 400 16
0.855505 -0.130398 0.344898 231 231 231 404 16
0.855526 -0.136574 0.344906 231 231 231 408 16
0.855547 -0.142750 0.344915 231 231 231 412 16
0.855568 -0.148927 0.344923 231 231 231 416 16
0.855589 -0.155103 0.344932 231 231 231 420 16
0.855610 -0.161281 0.344940 231 231 231 424 16
0.855631 -0.167458 0.344949 231 231 231 428 16
0.855652 -0.173636 0.344957 231 231 231 432 16
0.855673 -0.179814 0.344966 231 231 231 436 16
0.855694 -0.185993 0.344974 231 231 231 440 16
0.855715 -0.192171 0.344982 231 231 231 444 16
0.855736 -0.198351 0.344991 231 231 231 448 16
0.855757 -0.204530 0.344999 231 231 231 452 16
0.855778 -0.210710 0.345008 231 231 231 456 16
0.855799 -0.216890 0.345016 231 231 231 460 16
0.855820 -0.223070 0.345025 231 231 231 464 16
0.855842 -0.229250 0.345033 231 231 231 468 16
0.855862 -0.235431 0.345042 231 231 231 472 16
0.855884 -0.241612 0.345050 231 231 231 476 16
0.855905 -0.247794 0.345059 231 231 231 480 16
0.855926 -0.253976 0.345067 231 231 231 484 16
0.855947 -0.260158 0.345076 231 231 231 488 16
0.855968 -0.266340 0.345084 231 231 231 492 16
0.855989 -0.272523 0.345093 231 231 231 496 16
0.856010 -0.278706 0.345101 231 231 231 500 16
0.856031 -0.284889 0.345110 231 231 231 504 16
0.856052 -0.291073 0.345118 231 231 231 508 16
0.856073 -0.297257 0.345127 231 231 231 512 16
0.856094 -0.303441 0.345135 231 231 231 516 16
0.856115 -0.309626 0.345144 231 231 231 520 16
0.856136 -0.315810 0.345152 231 231 231 524 16
0.856157 -0.321996 0.345161 231 231 231 528 16
0.856178 -0.328181 0.345169 231 231 231 532 16
0.856199 -0.334367 0.345178 231 231 231 536 16
0.856220 -0.340553 0.345186 231 231 231 540 16
0.856242 -0.346739 0.345195 231 231 231 544 16
0.856263 -0.352926 0.345203 231 231 231 548 16
0.856284 -0.359113 0.345212 231 231 231 552 16
0.856305 -0.365300 0.345220 231 231 231 556 16
0.856326 -0.371488 0.345229 231 231 231 560 16
0.856347 -0.377676 0.345237 231 231 231 564 16
0.856368 -0.383864 0.345246 231 231 231 568 16
0.856389 -0.390052 0.345254 231 231 231 572 16
0.856410 -0.396241 0.345263 231 231 231 576 16
0.856431 -0.402430 0.345271 231 231 231 580 16
0.856452 -0.408620 0.345280 231 231 231 584 16
0.856473 -0.414809 0.345288 231 231 231 588 16
0.856494 -0.420999 0.345297 231 231 231 592 16
0.856516 -0.427190 0.345305 231 231 231 596 16
0.856537 -0.433380 0.345314 231 231 231 600 16
0.856558 -0.439571 0.345322 231 231 231 604 16
0.856579 -0.445762 0.345331 231 231 231 608 16
0.856600 -0.451954 0.345339 231 231 231 612 16
0.856621 -0.458146 0.345348 231 231 231 616 16
0.856642 -0.464338 0.345356 231 231 231 620 16
0.856663 -0.470530 0.345365 231 231 231 624 16
0.856684 -0.476723 0.345373 231 231 231 628 16
0.856705 -0.482916 0.345382 231 231 231 632 16
0.856726 -0.489110 0.345390 231 231 231 636 16
0.905488 0.521848 0.358515 229 229 229 0 20
0.905511 0.515328 0.358524 229 229 229 4 20
0.905535 0.508807 0.358534 229 229 229 8 20
0.905558 0.502287 0.358543 229 229 229 12 20
0.905582 0.495766 0.358552 229 229 229 16 20
0.905606 0.489245 0.358562 229 229 229 20 20
0.905629 0.482723 0.358571 229 229 229 24 20
0.905653 0.476201 0.358580 229 229 229 28 20
0.905676 0.469679 0.358590 229 229 229 32 20
0.905700 0.463156 0.358599 229 229 229 36 20
0.905723 0.456633 0.358608 229 229 229 40 20
0.905747 0.450110 0.358618 229 229 229 44 20
0.905771 0.443586 0.358627 229 229 229 48 20
0.905794 0.437063 0.358636 229 229 229 52 20
0.905818 0.430538 0.358646 229 229 229 56 20
0.905841 0.424014 0.358655 229 229 229 60 20
0.905865 0.417489 0.358664 229 229 229 64 20
0.905888 0.410963 0.358674 229 229 229 68 20
0.905912 0.404438 0.358683 229 229 229 72 20
0.905936 0.397912 0.358692 229 229 229 76 20
0.905959 0.391385 0.358702 229 229 229 80 20
0.905983 0.384859 0.358711 229 229 229 84 20
0.906006 0.378332 0.358720 229 229 229 88 20
0.906030 0.371804 0.358730 229 229 229 92 20
0.906054 0.365276 0.358739 229 229 229 96 20
0.906077 0.358748 0.358748 229 229 229 100 20
0.906101 0.352220 0.358758 229 229 229 104 20
0.906124 0.345691 0.358767 229 229 229 108 20
0.906148 0.339162 0.358776 229 229 229 112 20
0.906172 0.332633 0.358786 229 229 229 116 20
0.906195 0.326103 0.358795 229 229 229 120 20
0.906219 0.319573 0.358804 229 229 229 124 20
0.906242 0.313043 0.358814 229 229 229 128 20
0.906266 0.306512 0.358823 229 229 229 132 20
0.906289 0.299981 0.358832 229 229 229 136 20
0.906313 0.293449 0.358842 229 229 229 140 20
0.906337 0.286917 0.358851 229 229 229 144 20
0.906360 0.280385 0.358861 229 229 229 148 20
0.906384 0.273853 0.358870 229 229 229 152 20
0.906408 0.267320 0.358879 229 229 229 156 20
0.906431 0.260787 0.358889 229 229 229 160 20
0.906455 0.254253 0.358898 229 229 229 164 20
0.906478 0.247720 0.358907 229 229 229 168 20
0.906502 0.241185 0.358917 229 229 229 172 20
0.906526 0.234651 0.358926 229 229 229 176 20
0.906549 0.228116 0.358935 229 229 229 180 20
0.906573 0.221581 0.358945 229 229 229 184 20
0.906597 0.215045 0.358954 229 229 229 188 20
0.906620 0.208509 0.358963 229 229 229 192 20
0.906644 0.201973 0.358973 229 229 229 196 20
0.906667 0.195437 0.358982 229 229 229 200 20
0.906691 0.188900 0.358991 229 229 229 204 20
0.906715 0.182363 0.359001 229 229 229 208 20
0.906738 0.175825 0.359010 229 229 229 212 20
0.906762 0.169287 0.359019 229 229 229 216 20
0.906785 0.162749 0.359029 229 229 229 220 20
0.906809 0.156210 0.359038 229 229 229 224 20
0.906833 0.149671 0.359048 229 229 229 228 20
0.906856 0.143132 0.359057 229 229 229 232 20
0.906880 0.136592 0.359066 229 229 229 236 20
0.906904 0.130052 0.359076 229 229 229 240 20
0.906927 0.123512 0.359085 229 229 229 244 20
0.906951 0.116972 0.359094 229 229 229 248 20
0.906975 0.110431 0.359104 229 229 229 252 20
0.906998 0.103889 0.359113 229 229 229 256 20
0.907022 0.097348 0.359122 229 229 229 260 20
0.907045 0.090806 0.359132 229 229 229 264 20
0.907069 0.084263 0.359141 229 229 229 268 20
0.907093 0.077720 0.359150 229 229 229 272 20
0.907116 0.071177 0.359160 229 229 229 276 20
0.907140 0.064634 0.359169 229 229 229 280 20
0.907164 0.058090 0.359179 229 229 229 284 20
0.907187 0.051546 0.359188 229 229 229 288 20
0.907211 0.045002 0.359197 229 229 229 292 20
0.907235 0.038457 0.359207 229 229 229 296 20
0.907258 0.031912 0.359216 229 229 229 300 20
0.907282 0.025367 0.359225 229 229 229 304 20
0.907306 0.018821 0.359235 229 229 229 308 20
0.907329 0.012275 0.359244 229 229 229 312 20
0.907353 0.005728 0.359253 229 229 229 316 20
0.907377 -0.000818 0.359263 229 229 229 320 20
0.907400 -0.007366 0.359272 229 229 229 324 20
0.907424 -0.013913 0.359282 229 229 229 328 20
0.907448 -0.020461 0.359291 229 229 229 332 20
0.907471 -0.027009 0.359300 229 229 229 336 20
0.907495 -0.033557 0.359310 229 229 229 340 20
0.907519 -0.040106 0.359319 229 229 229 344 20
0.907542 -0.046655 0.359328 229 229 229 348 20
0.907566 -0.053205 0.359338 229 229 229 352 20
0.907590 -0.059755 0.359347 229 229 229 356 20
0.907613 -0.066305 0.359357 229 229 229 360 20
0.907637 -0.072856 0.359366 229 229 229 364 20
0.907661 -0.079406 0.359375 229 229 229 368 20
0.907684 -0.085958 0.359385 229 229 229 372 20
0.907708 -0.092509 0.359394 229 229 229 376 20
0.907732 -0.099061 0.359403 229 229 229 380 20
0.907755 -0.105613 0.359413 229 229 229 384 20
0.907779 -0.112166 0.359422 229 229 229 388 20
0.907803 -0.118719 0.359432 229 229 229 392 20
0.907826 -0.125272 0.359441 229 229 229 396 20
0.907850 -0.131826 0.359450 229 229 229 400 20
0.907874 -0.138380 0.359460 229 229 229 404 20
0.907897 -0.144934 0.359469 229 229 229 408 20
0.907921 -0.151489 0.359478 229 229 229 412 20
0.907945 -0.158044 0.359488 229 229 229 416 20
0.907969 -0.164599 0.359497 229 229 229 420 20
0.907992 -0.171155 0.359507 229 229 229 424 20
0.908016 -0.177711 0.359516 229 229 229 428 20
0.908040 -0.184267 0.359525 229 229 229 432 20
0.908063 -0.190824 0.359535 229 229 229 436 20
0.908087 -0.197381 0.359544 229 229 229 440 20
0.908111 -0.203938 0.359554 229 229 229 444 20
0.908134 -0.210496 0.359563 229 229 229 448 20
0.908158 -0.217054 0.359572 229 229 229 452 20
0.908182 -0.223612 0.359582 229 229 229 456 20
0.908205 -0.230171 0.359591 229 229 229 460 20
0.908229 -0.236730 0.359600 229 229 229 464 20
0.908253 -0.243290 0.359610 229 229 229 468 20
0.908276 -0.249849 0.359619 229 229 229 472 20
0.908300 -0.256409 0.359629 229 229 229 476 20
0.908324 -0.262970 0.359638 229 229 229 480 20
0.908348 -0.269531 0.359647 229 229 229 484 20
0.908371 -0.276092 0.359657 229 229 229 488 20
0.908395 -0.282653 0.359666 229 229 229 492 20
0.908419 -0.289215 0.359676 229 229 229 496 20
0.908443 -0.295777 0.359685 229 229 229 500 20
0.908466 -0.302340 0.359694 229 229 229 504 20
0.908490 -0.308903 0.359704 229 229 229 508 20
0.908514 -0.315466 0.359713 229 229 229 512 20
0.908537 -0.322030 0.359722 229 229 229 516 20
0.908561 -0.328593 0.359732 229 229 229 520 20
0.908585 -0.335158 0.359741 229 229 229 524 20
0.908609 -0.341722 0.359751 229 229 229 528 20
0.908632 -0.348287 0.359760 229 229 229 532 20
0.908656 -0.354852 0.359769 229 229 229 536 20
0.908680 -0.361418 0.359779 229 229 229 540 20
0.908704 -0.367984 0.359788 229 229 229 544 20
0.908727 -0.374550 0.359798 229 229 229 548 20
0.908751 -0.381117 0.359807 229 229 229 552 20
0.908775 -0.387684 0.359816 229 229 229 556 20
0.908798 -0.394251 0.359826 229 229 229 560 20
0.908822 -0.400819 0.359835 229 229 229 564 20
0.908846 -0.407387 0.359845 229 229 229 568 20
0.908870 -0.413955 0.359854 229 229 229 572 20
0.908893 -0.420524 0.359863 229 229 229 576 20
0.908917 -0.427093 0.359873 229 229 229 580 20
0.908941 -0.433662 0.359882 229 229 229 584 20
0.908965 -0.440232 0.359892 229 229 229 588 20
0.908988 -0.446802 0.359901 229 229 229 592 20
0.909012 -0.453372 0.359910 229 229 229 596 20
0.909036 -0.459943 0.359920 229 229 229 600 20
0.909060 -0.466514 0.359929 229 229 229 604 20
0.909083 -0.473086 0.359939 229 229 229 608 20
0.909107 -0.479657 0.359948 229 229 229 612 20
0.909131 -0.486230 0.359957 229 229 229 616 20
0.909155 -0.492802 0.359967 229 229 229 620 20
0.909178 -0.499375 0.359976 229 229 229 624 20
0.909202 -0.505948 0.359986 229 229 229 628 20
0.909226 -0.512521 0.359995 229 229 229 632 20
0.909250 -0.519095 0.360004 229 229 229 636 20
0.964365 0.555780 0.374869 228 228 228 0 24
0.964392 0.548837 0.374879 228 228 228 4 24
0.964419 0.541893 0.374889 228 228 228 8 24
0.964445 0.534950 0.374900 228 228 228 12 24
0.964472 0.528006 0.374910 228 228 228 16 24
0.964499 0.521061 0.374921 228 228 228 20 24
0.964526 0.514116 0.374931 228 228 228 24 24
0.964552 0.507171 0.374941 228 228 228 28 24
0.964579 0.500226 0.374952 228 228 228 32 24
0.964606 0.493280 0.374962 228 228 228 36 24
0.964633 0.486333 0.374973 228 228 228 40 24
0.964659 0.479387 0.374983 228 228 228 44 24
0.964686 0.472439 0.374993 228 228 228 48 24
0.964713 0.465492 0.375004 228 228 228 52 24
0.964740 0.458544 0.375014 228 228 228 56 24
0.964766 0.451596 0.375024 228 228 228 60 24
0.964793 0.444647 0.375035 228 228 228 64 24
0.964820 0.437698 0.375045 228 228 228 68 24
0.964846 0.430748 0.375056 228 228 228 72 24
0.964873 0.423799 0.375066 228 228 228 76 24
0.964900 0.416848 0.375076 228 228 228 80 24
0.964927 0.409898 0.375087 228 228 228 84 24
0.964954 0.402947 0.375097 228 228 228 88 24
0.964980 0.395995 0.375108 228 228 228 92 24
0.965007 0.389044 0.375118 228 228 228 96 24
0.965034 0.382091 0.375128 228 228 228 100 24
0.965061 0.375139 0.375139 228 228 228 104 24
0.965087 0.368186 0.375149 228 228 228 108 24
0.965114 0.361233 0.375160 228 228 228 112 24
0.965141 0.354279 0.375170 228 228 228 116 24
0.965168 0.347325 0.375181 228 228 228 120 24
0.965195 0.340370 0.375191 228 228 228 124 24
0.965221 0.333416 0.375201 228 228 228 128 24
0.965248 0.326460 0.375212 228 228 228 132 24
0.965275 0.319505 0.375222 228 228 228 136 24
0.965302 0.312549 0.375233 228 228 228 140 24
0.965328 0.305592 0.375243 228 228 228 144 24
0.965355 0.298636 0.375253 228 228 228 148 24
0.965382 0.291678 0.375264 228 228 228 152 24
0.965409 0.284721 0.375274 228 228 228 156 24
0.965436 0.277763 0.375285 228 228 228 160 24
0.965462 0.270805 0.375295 228 228 228 164 24
0.965489 0.263846 0.375305 228 228 228 168 24
0.965516 0.256887 0.375316 228 228 228 172 24
0.965543 0.249927 0.375326 228 228 228 176 24
0.965569 0.242967 0.375337 228 228 228 180 24
0.965596 0.236007 0.375347 228 228 228 184 24
0.965623 0.229046 0.375358 228 228 228 188 24
0.965650 0.222085 0.375368 228 228 228 192 24
0.965677 0.215124 0.375378 228 228 228 196 24
0.965703 0.208162 0.375389 228 228 228 200 24
0.965730 0.201200 0.375399 228 228 228 204 24
0.965757 0.194237 0.375410 228 228 228 208 24
0.965784 0.187274 0.375420 228 228 228 212 24
0.965811 0.180311 0.375430 228 228 228 216 24
0.965837 0.173347 0.375441 228 228 228 220 24
0.965864 0.166383 0.375451 228 228 228 224 24
0.965891 0.159419 0.375462 228 228 228 228 24
0.965918 0.152454 0.375472 228 228 228 232 24
0.965945 0.145489 0.375483 228 228 228 236 24
0.965971 0.138523 0.375493 228 228 228 240 24
0.965998 0.131557 0.375503 228 228 228 244 24
0.966025 0.124590 0.375514 228 228 228 248 24
0.966052 0.117624 0.375524 228 228 228 252 24
0.966079 0.110656 0.375535 228 228 228 256 24
0.966106 0.103689 0.375545 228 228 228 260 24
0.966132 0.096721 0.375556 228 228 228 264 24
0.966159 0.089752 0.375566 228 228 228 268 24
0.966186 0.082784 0.375576 228 228 228 272 24
0.966213 0.075815 0.375587 228 228 228 276 24
0.966240 0.068845 0.375597 228 228 228 280 24
0.966266 0.061875 0.375608 228 228 228 284 24
0.966293 0.054905 0.375618 228 228 228 288 24
0.966320 0.047934 0.375629 228 228 228 292 24
0.966347 0.040963 0.375639 228 228 228 296 24
0.966374 0.033991 0.375649 228 228 228 300 24
0.966401 0.027020 0.375660 228 228 228 304 24
0.966427 0.020047 0.375670 228 228 228 308 24
0.966454 0.013075 0.375681 228 228 228 312 24
0.966481 0.006102 0.375691 228 228 228 316 24
0.966508 -0.000872 0.375702 228 228 228 320 24
0.966535 -0.007846 0.375712 228 228 228 324 24
0.966562 -0.014820 0.375722 228 228 228 328 24
0.966589 -0.021794 0.375733 228 228 228 332 24
0.966615 -0.028769 0.375743 228 228 228 336 24
0.966642 -0.035745 0.375754 228 228 228 340 24
0.966669 -0.042720 0.375764 228 228 228 344 24
0.966696 -0.049696 0.375775 228 228 228 348 24
0.966723 -0.056673 0.375785 228 228 228 352 24
0.966750 -0.063650 0.375796 228 228 228 356 24
0.966776 -0.070627 0.375806 228 228 228 360 24
0.966803 -0.077605 0.375816 228 228 228 364 24
0.966830 -0.084583 0.375827 228 228 228 368 24
0.966857 -0.091561 0.375837 228 228 228 372 24
0.966884 -0.098540 0.375848 228 228 228 376 24
0.966911 -0.105519 0.375858 228 228 228 380 24
0.966938 -0.112499 0.375869 228 228 228 384 24
0.966965 -0.119479 0.375879 228 228 228 388 24
0.966991 -0.126459 0.375890 228 228 228 392 24
0.967018 -0.133440 0.375900 228 228 228 396 24
0.967045 -0.140421 0.375910 228 228 228 400 24
0.967072 -0.147403 0.375921 228 228 228 404 24
0.967099 -0.154385 0.375931 228 228 228 408 24
0.967126 -0.161367 0.375942 228 228 228 412 24
0.967153 -0.168350 0.375952 228 228 228 416 24
0.967180 -0.175333 0.375963 228 228 228 420 24
0.967206 -0.182316 0.375973 228 228 228 424 24
0.967233 -0.189300 0.375984 228 228 228 428 24
0.967260 -0.196285 0.375994 228 228 228 432 24
0.967287 -0.203269 0.376004 228 228 228 436 24
0.967314 -0.210254 0.376015 228 228 228 440 24
0.967341 -0.217240 0.376025 228 228 228 444 24
0.967368 -0.224226 0.376036 228 228 228 448 24
0.967395 -0.231212 0.376046 228 228 228 452 24
0.967422 -0.238198 0.376057 228 228 228 456 24
0.967449 -0.245185 0.376067 228 228 228 460 24
0.967475 -0.252173 0.376078 228 228 228 464 24
0.967502 -0.259160 0.376088 228 228 228 468 24
0.967529 -0.266149 0.376099 228 228 228 472 24
0.967556 -0.273137 0.376109 228 228 228 476 24
0.967583 -0.280126 0.376119 228 228 228 480 24
0.967610 -0.287115 0.376130 228 228 228 484 24
0.967637 -0.294105 0.376140 228 228 228 488 24
0.967664 -0.301095 0.376151 228 228 228 492 24
0.967691 -0.308086 0.376161 228 228 228 496 24
0.967718 -0.315077 0.376172 228 228 228 500 24
0.967744 -0.322068 0.376182 228 228 228 504 24
0.967771 -0.329060 0.376193 228 228 228 508 24
0.967798 -0.336052 0.376203 228 228 228 512 24
0.967825 -0.343044 0.376214 228 228 228 516 24
0.967852 -0.350037 0.376224 228 228 228 520 24
0.967879 -0.357030 0.376235 228 228 228 524 24
0.967906 -0.364024 0.376245 228 228 228 528 24
0.967933 -0.371018 0.376255 228 228 228 532 24
0.967960 -0.378012 0.376266 228 228 228 536 24
0.967987 -0.385007 0.376276 228 228 228 540 24
0.968014 -0.392002 0.376287 228 228 228 544 24
0.968041 -0.398997 0.376297 228 228 228 548 24
0.968068 -0.405993 0.376308 228 228 228 552 24
0.968094 -0.412990 0.376318 228 228 228 556 24
0.968121 -0.419986 0.376329 228 228 228 560 24
0.968148 -0.426983 0.376339 228 228 228 564 24
0.968175 -0.433981 0.376350 228 228 228 568 24
0.968202 -0.440979 0.376360 228 228 228 572 24
0.968229 -0.447977 0.376371 228 228 228 576 24
0.968256 -0.454976 0.376381 228 228 228 580 24
0.968283 -0.461975 0.376392 228 228 228 584 24
0.968310 -0.468974 0.376402 228 228 228 588 24
0.968337 -0.475974 0.376413 228 228 228 592 24
0.968364 -0.482974 0.376423 228 228 228 596 24
0.968391 -0.489975 0.376433 228 228 228 600 24
0.968418 -0.496976 0.376444 228 228 228 604 24
0.968445 -0.503977 0.376454 228 228 228 608 24
0.968472 -0.510979 0.376465 228 228 228 612 24
0.968499 -0.517981 0.376475 228 228 228 616 24
0.968526 -0.524984 0.376486 228 228 228 620 24
0.968552 -0.531987 0.376496 228 228 228 624 24
0.968579 -0.538990 0.376507 228 228 228 628 24
0.968606 -0.545994 0.376517 228 228 228 632 24
0.968633 -0.552998 0.376528 228 228 228 636 24
1.031432 0.594431 0.393497 226 226 226 0 28
1.031463 0.587007 0.393508 226 226 226 4 28
1.031493 0.579582 0.393520 226 226 226 8 28
1.031524 0.572156 0.393532 226 226 226 12 28
1.031554 0.564730 0.393543 226 226 226 16 28
1.031585 0.557304 0.393555 226 226 226 20 28
1.031615 0.549877 0.393567 226 226 226 24 28
1.031646 0.542450 0.393578 226 226 226 28 28
1.031677 0.535022 0.393590 226 226 226 32 28
1.031707 0.527594 0.393602 226 226 226 36 28
1.031738 0.520165 0.393613 226 226 226 40 28
1.031768 0.512736 0.393625 226 226 226 44 28
1.031799 0.505307 0.393637 226 226 226 48 28
1.031830 0.497877 0.393649 226 226 226 52 28
1.031860 0.490447 0.393660 226 226 226 56 28
1.031891 0.483016 0.393672 226 226 226 60 28
1.031921 0.475585 0.393684 226 226 226 64 28
1.031952 0.468153 0.393695 226 226 226 68 28
1.031983 0.460721 0.393707 226 226 226 72 28
1.032013 0.453288 0.393719 226 226 226 76 28
1.032044 0.445855 0.393730 226 226 226 80 28
1.032074 0.438422 0.393742 226 226 226 84 28
1.032105 0.430988 0.393754 226 226 226 88 28
1.032136 0.423554 0.393765 226 226 226 92 28
1.032166 0.416119 0.393777 226 226 226 96 28
1.032197 0.408684 0.393789 226 226 226 100 28
1.032228 0.401248 0.393800 226 226 226 104 28
1.032258 0.393812 0.393812 226 226 226 108 28
1.032289 0.386376 0.393824 226 226 226 112 28
1.032319 0.378939 0.393835 226 226 226 116 28
1.032350 0.371501 0.393847 226 226 226 120 28
1.032381 0.364063 0.393859 226 226 226 124 28
1.032411 0.356625 0.393870 226 226 226 128 28
1.032442 0.349186 0.393882 226 226 226 132 28
1.032473 0.341747 0.393894 226 226 226 136 28
1.032503 0.334307 0.393905 226 226 226 140 28
1.032534 0.326867 0.393917 226 226 226 144 28
1.032565 0.319427 0.393929 226 226 226 148 28
1.032595 0.311986 0.393941 226 226 226 152 28
1.032626 0.304545 0.393952 226 226 226 156 28
1.032656 0.297103 0.393964 226 226 226 160 28
1.032687 0.289661 0.393976 226 226 226 164 28
1.032718 0.282218 0.393987 226 226 226 168 28
1.032748 0.274775 0.393999 226 226 226 172 28
1.032779 0.267331 0.394011 226 226 226 176 28
1.032810 0.259887 0.394022 226 226 226 180 28
1.032840 0.252443 0.394034 226 226 226 184 28
1.032871 0.244998 0.394046 226 226 226 188 28
1.032902 0.237552 0.394057 226 226 226 192 28
1.032932 0.230107 0.394069 226 226 226 196 28
1.032963 0.222660 0.394081 226 226 226 200 28
1.032994 0.215214 0.394093 226 226 226 204 28
1.033024 0.207767 0.394104 226 226 226 208 28
1.033055 0.200319 0.394116 226 226 226 212 28
1.033086 0.192871 0.394128 226 226 226 216 28
1.033116 0.185423 0.394139 226 226 226 220 28
1.033147 0.177974 0.394151 226 226 226 224 28
1.033178 0.170524 0.394163 226 226 226 228 28
1.033208 0.163075 0.394175 226 226 226 232 28
1.033239 0.155624 0.394186 226 226 226 236 28
1.033270 0.148174 0.394198 226 226 226 240 28
1.033300 0.140723 0.394210 226 226 226 244 28
1.033331 0.133271 0.394221 226 226 226 248 28
1.033362 0.125819 0.394233 226 226 226 252 28
1.033392 0.118367 0.394245 226 226 226 256 28
1.033423 0.110914 0.394256 226 226 226 260 28
1.033454 0.103460 0.394268 226 226 226 264 28
1.033484 0.096007 0.394280 226 226 226 268 28
1.033515 0.088552 0.394292 226 226 226 272 28
1.033546 0.081098 0.394303 226 226 226 276 28
1.033576 0.073643 0.394315 226 226 226 280 28
1.033607 0.066187 0.394327 226 226 226 284 28
1.033638 0.058731 0.394338 226 226 226 288 28
1.033669 0.051275 0.394350 226 226 226 292 28
1.033699 0.043818 0.394362 226 226 226 296 28
1.033730 0.036361 0.394374 226 226 226 300 28
1.033761 0.028903 0.394385 226 226 226 304 28
1.033791 0.021445 0.394397 226 226 226 308 28
1.033822 0.013986 0.394409 226 226 226 312 28
1.033853 0.006527 0.394420 226 226 226 316 28
1.033884 -0.000932 0.394432 226 226 226 320 28
1.033914 -0.008392 0.394444 226 226 226 324 28
1.033945 -0.015853 0.394456 226 226 226 328 28
1.033976 -0.023314 0.394467 226 226 226 332 28
1.034006 -0.030775 0.394479 226 226 226 336 28
1.034037 -0.038237 0.394491 226 226 226 340 28
1.034068 -0.045699 0.394502 226 226 226 344 28
1.034099 -0.053162 0.394514 226 226 226 348 28
1.034129 -0.060625 0.394526 226 226 226 352 28
1.034160 -0.068088 0.394538 226 226 226 356 28
1.034191 -0.075552 0.394549 226 226 226 360 28
1.034222 -0.083016 0.394561 226 226 226 364 28
1.034252 -0.090481 0.394573 226 226 226 368 28
1.034283 -0.097947 0.394585 226 226 226 372 28
1.034314 -0.105412 0.394596 226 226 226 376 28
1.034345 -0.112878 0.394608 226 226 226 380 28
1.034375 -0.120345 0.394620 226 226 226 384 28
1.034406 -0.127812 0.394631 226 226 226 388 28
1.034437 -0.135280 0.394643 226 226 226 392 28
1.034468 -0.142748 0.394655 226 226 226 396 28
1.034498 -0.150216 0.394667 226 226 226 400 28
1.034529 -0.157685 0.394678 226 226 226 404 28
1.034560 -0.165154 0.394690 226 226 226 408 28
1.034591 -0.172624 0.394702 226 226 226 412 28
1.034621 -0.180094 0.394714 226 226 226 416 28
1.034652 -0.187565 0.394725 226 226 226 420 28
1.034683 -0.195036 0.394737 226 226 226 424 28
1.034714 -0.202507 0.394749 226 226 226 428 28
1.034744 -0.209979 0.394761 226 226 226 432 28
1.034775 -0.217451 0.394772 226 226 226 436 28
1.034806 -0.224924 0.394784 226 226 226 440 28
1.034837 -0.232398 0.394796 226 226 226 444 28
1.034868 -0.239871 0.394808 226 226 226 448 28
1.034898 -0.247345 0.394819 226 226 226 452 28
1.034929 -0.254820 0.394831 226 226 226 456 28
1.034960 -0.262295 0.394843 226 226 226 460 28
1.034991 -0.269771 0.394854 226 226 226 464 28
1.035021 -0.277247 0.394866 226 226 226 468 28
1.035052 -0.284723 0.394878 226 226 226 472 28
1.035083 -0.292200 0.394890 226 226 226 476 28
1.035114 -0.299677 0.394901 226 226 226 480 28
1.035145 -0.307155 0.394913 226 226 226 484 28
1.035175 -0.314633 0.394925 226 226 226 488 28
1.035206 -0.322112 0.394937 226 226 226 492 28
1.035237 -0.329591 0.394948 226 226 226 496 28
1.035268 -0.337070 0.394960 226 226 226 500 28
1.035298 -0.344550 0.394972 226 226 226 504 28
1.035329 -0.352030 0.394984 226 226 226 508 28
1.035360 -0.359511 0.394995 226 226 226 512 28
1.035391 -0.366993 0.395007 226 226 226 516 28
1.035422 -0.374474 0.395019 226 226 226 520 28
1.035453 -0.381956 0.395031 226 226 226 524 28
1.035483 -0.389439 0.395043 226 226 226 528 28
1.035514 -0.396922 0.395054 226 226 226 532 28
1.035545 -0.404406 0.395066 226 226 226 536 28
1.035576 -0.411890 0.395078 226 226 226 540 28
1.035607 -0.419374 0.395090 226 226 226 544 28
1.035637 -0.426859 0.395101 226 226 226 548 28
1.035668 -0.434344 0.395113 226 226 226 552 28
1.035699 -0.441830 0.395125 226 226 226 556 28
1.035730 -0.449316 0.395137 226 226 226 560 28
1.035761 -0.456803 0.395148 226 226 226 564 28
1.035792 -0.464290 0.395160 226 226 226 568 28
1.035823 -0.471777 0.395172 226 226 226 572 28
1.035853 -0.479265 0.395184 226 226 226 576 28
1.035884 -0.486754 0.395195 226 226 226 580 28
1.035915 -0.494242 0.395207 226 226 226 584 28
1.035946 -0.501732 0.395219 226 226 226 588 28
1.035977 -0.509222 0.395231 226 226 226 592 28
1.036007 -0.516712 0.395242 226 226 226 596 28
1.036038 -0.524202 0.395254 226 226 226 600 28
1.036069 -0.531693 0.395266 226 226 226 604 28
1.036100 -0.539185 0.395278 226 226 226 608 28
1.036131 -0.546677 0.395289 226 226 226 612 28
1.036162 -0.554169 0.395301 226 226 226 616 28
1.036193 -0.561662 0.395313 226 226 226 620 28
1.036223 -0.569156 0.395325 226 226 226 624 28
1.036254 -0.576649 0.395336 226 226 226 628 28
1.036285 -0.584144 0.395348 226 226 226 632 28
1.036316 -0.591638 0.395360 226 226 226 636 28
1.108524 0.638861 0.414910 224 224 224 0 32
1.108560 0.630883 0.414923 224 224 224 4 32
1.108595 0.622904 0.414936 224 224 224 8 32
1.108630 0.614925 0.414949 224 224 224 12 32
1.108666 0.606945 0.414963 224 224 224 16 32
1.108701 0.598965 0.414976 224 224 224 20 32
1.108736 0.590984 0.414989 224 224 224 24 32
1.108772 0.583003 0.415002 224 224 224 28 32
1.108807 0.575022 0.415015 224 224 224 32 32
1.108842 0.567039 0.415029 224 224 224 36 32
1.108878 0.559057 0.415042 224 224 224 40 32
1.108913 0.551073 0.415055 224 224 224 44 32
1.108948 0.543090 0.415068 224 224 224 48 32
1.108984 0.535105 0.415082 224 224 224 52 32
1.109019 0.527120 0.415095 224 224 224 56 32
1.109054 0.519135 0.415108 224 224 224 60 32
1.109090 0.511149 0.415121 224 224 224 64 32
1.109125 0.503163 0.415135 224 224 224 68 32
1.109160 0.495176 0.415148 224 224 224 72 32
1.109196 0.487189 0.415161 224 224 224 76 32
1.109231 0.479201 0.415174 224 224 224 80 32
1.109267 0.471213 0.415188 224 224 224 84 32
1.109302 0.463224 0.415201 224 224 224 88 32
1.109337 0.455235 0.415214 224 224 224 92 32
1.109373 0.447245 0.415227 224 224 224 96 32
1.109408 0.439254 0.415240 224 224 224 100 32
1.109443 0.431263 0.415254 224 224 224 104 32
1.109479 0.423272 0.415267 224 224 224 108 32
1.109514 0.415280 0.415280 224 224 224 112 32
1.109549 0.407288 0.415293 224 224 224 116 32
1.109585 0.399295 0.415307 224 224 224 120 32
1.109620 0.391301 0.415320 224 224 224 124 32
1.109655 0.383307 0.415333 224 224 224 128 32
1.109691 0.375313 0.415346 224 224 224 132 32
1.109726 0.367318 0.415360 224 224 224 136 32
1.109762 0.359323 0.415373 224 224 224 140 32
1.109797 0.351327 0.415386 224 224 224 144 32
1.109833 0.343330 0.415399 224 224 224 148 32
1.109868 0.335333 0.415413 224 224 224 152 32
1.109903 0.327336 0.415426 224 224 224 156 32
1.109939 0.319338 0.415439 224 224 224 160 32
1.109974 0.311339 0.415452 224 224 224 164 32
1.110010 0.303340 0.415466 224 224 224 168 32
1.110045 0.295340 0.415479 224 224 224 172 32
1.110080 0.287340 0.415492 224 224 224 176 32
1.110116 0.279340 0.415505 224 224 224 180 32
1.110151 0.271339 0.415519 224 224 224 184 32
1.110187 0.263337 0.415532 224 224 224 188 32
1.110222 0.255335 0.415545 224 224 224 192 32
1.110258 0.247332 0.415558 224 224 224 196 32
1.110293 0.239329 0.415572 224 224 224 200 32
1.110328 0.231326 0.415585 224 224 224 204 32
1.110364 0.223321 0.415598 224 224 224 208 32
1.110399 0.215317 0.415611 224 224 224 212 32
1.110435 0.207312 0.415625 224 224 224 216 32
1.110470 0.199306 0.415638 224 224 224 220 32
1.110505 0.191300 0.415651 224 224 224 224 32
1.110541 0.183293 0.415664 224 224 224 228 32
1.110576 0.175286 0.415678 224 224 224 232 32
1.110612 0.167278 0.415691 224 224 224 236 32
1.110647 0.159270 0.415704 224 224 224 240 32
1.110683 0.151261 0.415718 224 224 224 244 32
1.110718 0.143252 0.415731 224 224 224 248 32
1.110754 0.135242 0.415744 224 224 224 252 32
1.110789 0.127232 0.415757 224 224 224 256 32
1.110824 0.119221 0.415771 224 224 224 260 32
1.110860 0.111210 0.415784 224 224 224 264 32
1.110896 0.103198 0.415797 224 224 224 268 32
1.110931 0.095186 0.415810 224 224 224 272 32
1.110966 0.087173 0.415824 224 224 224 276 32
1.111002 0.079159 0.415837 224 224 224 280 32
1.111037 0.071145 0.415850 224 224 224 284 32
1.111073 0.063131 0.415864 224 224 224 288 32
1.111108 0.055116 0.415877 224 224 224 292 32
1.111144 0.047101 0.415890 224 224 224 296 32
1.111179 0.039085 0.415903 224 224 224 300 32
1.111215 0.031068 0.415917 224 224 224 304 32
1.111250 0.023052 0.415930 224 224 224 308 32
1.111286 0.015034 0.415943 224 224 224 312 32
1.111321 0.007016 0.415957 224 224 224 316 32
1.111357 -0.001002 0.415970 224 224 224 320 32
1.111392 -0.009021 0.415983 224 224 224 324 32
1.111428 -0.017041 0.415996 224 224 224 328 32
1.111463 -0.025061 0.416010 224 224 224 332 32
1.111499 -0.033081 0.416023 224 224 224 336 32
1.111534 -0.041102 0.416036 224 224 224 340 32
1.111570 -0.049124 0.416050 224 224 224 344 32
1.111605 -0.057146 0.416063 224 224 224 348 32
1.111641 -0.065169 0.416076 224 224 224 352 32
1.111676 -0.073192 0.416089 224 224 224 356 32
1.111712 -0.081215 0.416103 224 224 224 360 32
1.111747 -0.089239 0.416116 224 224 224 364 32
1.111783 -0.097264 0.416129 224 224 224 368 32
1.111818 -0.105289 0.416143 224 224 224 372 32
1.111854 -0.113315 0.416156 224 224 224 376 32
1.111889 -0.121341 0.416169 224 224 224 380 32
1.111925 -0.129368 0.416182 224 224 224 384 32
1.111960 -0.137395 0.416196 224 224 224 388 32
1.111996 -0.145422 0.416209 224 224 224 392 32
1.112031 -0.153451 0.416222 224 224 224 396 32
1.112067 -0.161479 0.416236 224 224 224 400 32
1.112103 -0.169509 0.416249 224 224 224 404 32
1.112138 -0.177538 0.416262 224 224 224 408 32
1.112174 -0.185569 0.416276 224 224 224 412 32
1.112209 -0.193599 0.416289 224 224 224 416 32
1.112245 -0.201631 0.416302 224 224 224 420 32
1.112280 -0.209663 0.416315 224 224 224 424 32
1.112316 -0.217695 0.416329 224 224 224 428 32
1.112351 -0.225728 0.416342 224 224 224 432 32
1.112387 -0.233761 0.416355 224 224 224 436 32
1.112422 -0.241795 0.416369 224 224 224 440 32
1.112458 -0.249829 0.416382 224 224 224 444 32
1.112494 -0.257864 0.416395 224 224 224 448 32
1.112529 -0.265900 0.416409 224 224 224 452 32
1.112565 -0.273935 0.416422 224 224 224 456 32
1.112600 -0.281972 0.416435 224 224 224 460 32
1.112636 -0.290009 0.416449 224 224 224 464 32
1.112671 -0.298046 0.416462 224 224 224 468 32
1.112707 -0.306084 0.416475 224 224 224 472 32
1.112743 -0.314123 0.416489 224 224 224 476 32
1.112778 -0.322162 0.416502 224 224 224 480 32
1.112814 -0.330201 0.416515 224 224 224 484 32
1.112849 -0.338241 0.416529 224 224 224 488 32
1.112885 -0.346282 0.416542 224 224 224 492 32
1.112921 -0.354323 0.416555 224 224 224 496 32
1.112956 -0.362364 0.416569 224 224 224 500 32
1.112992 -0.370407 0.416582 224 224 224 504 32
1.113027 -0.378449 0.416595 224 224 224 508 32
1.113063 -0.386492 0.416608 224 224 224 512 32
1.113099 -0.394536 0.416622 224 224 224 516 32
1.113134 -0.402580 0.416635 224 224 224 520 32
1.113170 -0.410625 0.416648 224 224 224 524 32
1.113205 -0.418670 0.416662 224 224 224 528 32
1.113241 -0.426715 0.416675 224 224 224 532 32
1.113277 -0.434762 0.416688 224 224 224 536 32
1.113312 -0.442808 0.416702 224 224 224 540 32
1.113348 -0.450856 0.416715 224 224 224 544 32
1.113383 -0.458903 0.416728 224 224 224 548 32
1.113419 -0.466952 0.416742 224 224 224 552 32
1.113455 -0.475000 0.416755 224 224 224 556 32
1.113490 -0.483050 0.416768 224 224 224 560 32
1.113526 -0.491100 0.416782 224 224 224 564 32
1.113562 -0.499150 0.416795 224 224 224 568 32
1.113597 -0.507201 0.416808 224 224 224 572 32
1.113633 -0.515252 0.416822 224 224 224 576 32
1.113669 -0.523304 0.416835 224 224 224 580 32
1.113704 -0.531356 0.416848 224 224 224 584 32
1.113740 -0.539409 0.416862 224 224 224 588 32
1.113775 -0.547463 0.416875 224 224 224 592 32
1.113811 -0.555516 0.416889 224 224 224 596 32
1.113847 -0.563571 0.416902 224 224 224 600 32
1.113882 -0.571626 0.416915 224 224 224 604 32
1.113918 -0.579681 0.416928 224 224 224 608 32
1.113954 -0.587737 0.416942 224 224 224 612 32
1.113989 -0.595794 0.416955 224 224 224 616 32
1.114025 -0.603851 0.416968 224 224 224 620 32
1.114061 -0.611908 0.416982 224 224 224 624 32
1.114096 -0.619967 0.416995 224 224 224 628 32
1.114132 -0.628025 0.417008 224 224 224 632 32
1.114168 -0.636084 0.417022 224 224 224 636 32
1.198072 0.690469 0.439782 221 221 221 0 36
1.198113 0.681848 0.439797 221 221 221 4 36
1.198154 0.673226 0.439812 221 221 221 8 36
1.198196 0.664604 0.439828 221 221 221 12 36
1.198237 0.655982 0.439843 221 221 221 16 36
1.198278 0.647358 0.439858 221 221 221 20 36
1.198320 0.638735 0.439873 221 221 221 24 36
1.198361 0.630110 0.439888 221 221 221 28 36
1.198402 0.621485 0.439903 221 221 221 32 36
1.198443 0.612859 0.439918 221 221 221 36 36
1.198485 0.604233 0.439934 221 221 221 40 36
1.198526 0.595606 0.439949 221 221 221 44 36
1.198567 0.586979 0.439964 221 221 221 48 36
1.198608 0.578351 0.439979 221 221 221 52 36
1.198650 0.569722 0.439994 221 221 221 56 36
1.198691 0.561093 0.440009 221 221 221 60 36
1.198732 0.552463 0.440025 221 221 221 64 36
1.198774 0.543833 0.440040 221 221 221 68 36
1.198815 0.535202 0.440055 221 221 221 72 36
1.198856 0.526570 0.440070 221 221 221 76 36
1.198897 0.517938 0.440085 221 221 221 80 36
1.198939 0.509305 0.440100 221 221 221 84 36
1.198980 0.500672 0.440115 221 221 221 88 36
1.199021 0.492038 0.440131 221 221 221 92 36
1.199063 0.483403 0.440146 221 221 221 96 36
1.199104 0.474768 0.440161 221 221 221 100 36
1.199145 0.466132 0.440176 221 221 221 104 36
1.199187 0.457496 0.440191 221 221 221 108 36
1.199228 0.448859 0.440207 221 221 221 112 36
1.199269 0.440222 0.440222 221 221 221 116 36
1.199311 0.431584 0.440237 221 221 221 120 36
1.199352 0.422945 0.440252 221 221 221 124 36
1.199393 0.414305 0.440267 221 221 221 128 36
1.199435 0.405666 0.440282 221 221 221 132 36
1.199476 0.397025 0.440298 221 221 221 136 36
1.199517 0.388384 0.440313 221 221 221 140 36
1.199559 0.379742 0.440328 221 221 221 144 36
1.199600 0.371100 0.440343 221 221 221 148 36
1.199641 0.362457 0.440358 221 221 221 152 36
1.199683 0.353814 0.440373 221 221 221 156 36
1.199724 0.345169 0.440389 221 221 221 160 36
1.199766 0.336525 0.440404 221 221 221 164 36
1.199807 0.327880 0.440419 221 221 221 168 36
1.199848 0.319234 0.440434 221 221 221 172 36
1.199890 0.310587 0.440449 221 221 221 176 36
1.199931 0.301940 0.440465 221 221 221 180 36
1.199973 0.293292 0.440480 221 221 221 184 36
1.200014 0.284644 0.440495 221 221 221 188 36
1.200055 0.275995 0.440510 221 221 221 192 36
1.200096 0.267346 0.440525 221 221 221 196 36
1.200138 0.258696 0.440541 221 221 221 200 36
1.200179 0.250045 0.440556 221 221 221 204 36
1.200221 0.241394 0.440571 221 221 221 208 36
1.200262 0.232742 0.440586 221 221 221 212 36
1.200304 0.224090 0.440601 221 221 221 216 36
1.200345 0.215437 0.440616 221 221 221 220 36
1.200386 0.206783 0.440632 221 221 221 224 36
1.200428 0.198129 0.440647 221 221 221 228 36
1.200469 0.189474 0.440662 221 221 221 232 36
1.200511 0.180818 0.440677 221 221 221 236 36
1.200552 0.172162 0.440693 221 221 221 240 36
1.200593 0.163506 0.440708 221 221 221 244 36
1.200635 0.154849 0.440723 221 221 221 248 36
1.200676 0.146191 0.440738 221 221 221 252 36
1.200718 0.137532 0.440753 221 221 221 256 36
1.200759 0.128873 0.440768 221 221 221 260 36
1.200801 0.120214 0.440784 221 221 221 264 36
1.200842 0.111554 0.440799 221 221 221 268 36
1.200883 0.102893 0.440814 221 221 221 272 36
1.200925 0.094231 0.440829 221 221 221 276 36
1.200966 0.085569 0.440845 221 221 221 280 36
1.201008 0.076907 0.440860 221 221 221 284 36
1.201049 0.068244 0.440875 221 221 221 288 36
1.201091 0.059580 0.440890 221 221 221 292 36
1.201132 0.050915 0.440905 221 221 221 296 36
1.201174 0.042250 0.440921 221 221 221 300 36
1.201215 0.033585 0.440936 221 221 221 304 36
1.201257 0.024919 0.440951 221 221 221 308 36
1.201298 0.016252 0.440966 221 221 221 312 36
1.201339 0.007584 0.440982 221 221 221 316 36
1.201381 -0.001084 0.440997 221 221 221 320 36
1.201422 -0.009752 0.441012 221 221 221 324 36
1.201464 -0.018421 0.441027 221 221 221 328 36
1.201505 -0.027091 0.441042 221 221 221 332 36
1.201547 -0.035761 0.441058 221 221 221 336 36
1.201588 -0.044432 0.441073 221 221 221 340 36
1.201630 -0.053104 0.441088 221 221 221 344 36
1.201671 -0.061776 0.441103 221 221 221 348 36
1.201713 -0.070449 0.441119 221 221 221 352 36
1.201754 -0.079122 0.441134 221 221 221 356 36
1.201796 -0.087796 0.441149 221 221 221 360 36
1.201837 -0.096471 0.441164 221 221 221 364 36
1.201879 -0.105146 0.441180 221 221 221 368 36
1.201920 -0.113822 0.441195 221 221 221 372 36
1.201962 -0.122498 0.441210 221 221 221 376 36
1.202003 -0.131175 0.441225 221 221 221 380 36
1.202045 -0.139853 0.441241 221 221 221 384 36
1.202086 -0.148531 0.441256 221 221 221 388 36
1.202128 -0.157210 0.441271 221 221 221 392 36
1.202169 -0.165889 0.441286 221 221 221 396 36
1.202211 -0.174569 0.441301 221 221 221 400 36
1.202253 -0.183249 0.441317 221 221 221 404 36
1.202294 -0.191931 0.441332 221 221 221 408 36
1.202336 -0.200612 0.441347 221 221 221 412 36
1.202377 -0.209295 0.441363 221 221 221 416 36
1.202419 -0.217978 0.441378 221 221 221 420 36
1.202460 -0.226661 0.441393 221 221 221 424 36
1.202502 -0.235345 0.441408 221 221 221 428 36
1.202543 -0.244030 0.441423 221 221 221 432 36
1.202585 -0.252716 0.441439 221 221 221 436 36
1.202626 -0.261402 0.441454 221 221 221 440 36
1.202668 -0.270088 0.441469 221 221 221 444 36
1.202710 -0.278775 0.441484 221 221 221 448 36
1.202751 -0.287463 0.441500 221 221 221 452 36
1.202793 -0.296151 0.441515 221 221 221 456 36
1.202834 -0.304840 0.441530 221 221 221 460 36
1.202876 -0.313530 0.441546 221 221 221 464 36
1.202917 -0.322220 0.441561 221 221 221 468 36
1.202959 -0.330911 0.441576 221 221 221 472 36
1.203001 -0.339602 0.441591 221 221 221 476 36
1.203042 -0.348294 0.441607 221 221 221 480 36
1.203084 -0.356987 0.441622 221 221 221 484 36
1.203125 -0.365680 0.441637 221 221 221 488 36
1.203167 -0.374374 0.441652 221 221 221 492 36
1.203209 -0.383068 0.441668 221 221 221 496 36
1.203250 -0.391763 0.441683 221 221 221 500 36
1.203292 -0.400459 0.441698 221 221 221 504 36
1.203333 -0.409155 0.441714 221 221 221 508 36
1.203375 -0.417852 0.441729 221 221 221 512 36
1.203417 -0.426549 0.441744 221 221 221 516 36
1.203458 -0.435247 0.441759 221 221 221 520 36
1.203500 -0.443946 0.441775 221 221 221 524 36
1.203542 -0.452645 0.441790 221 221 221 528 36
1.203583 -0.461344 0.441805 221 221 221 532 36
1.203625 -0.470045 0.441820 221 221 221 536 36
1.203666 -0.478746 0.441836 221 221 221 540 36
1.203708 -0.487447 0.441851 221 221 221 544 36
1.203750 -0.496150 0.441866 221 221 221 548 36
1.203791 -0.504852 0.441882 221 221 221 552 36
1.203833 -0.513556 0.441897 221 221 221 556 36
1.203875 -0.522260 0.441912 221 221 221 560 36
1.203916 -0.530964 0.441927 221 221 221 564 36
1.203958 -0.539670 0.441943 221 221 221 568 36
1.204000 -0.548375 0.441958 221 221 221 572 36
1.204041 -0.557082 0.441973 221 221 221 576 36
1.204083 -0.565789 0.441989 221 221 221 580 36
1.204125 -0.574496 0.442004 221 221 221 584 36
1.204166 -0.583205 0.442019 221 221 221 588 36
1.204208 -0.591914 0.442034 221 221 221 592 36
1.204250 -0.600623 0.442050 221 221 221 596 36
1.204291 -0.609333 0.442065 221 221 221 600 36
1.204333 -0.618044 0.442080 221 221 221 604 36
1.204375 -0.626755 0.442096 221 221 221 608 36
1.204416 -0.635467 0.442111 221 221 221 612 36
1.204458 -0.644179 0.442126 221 221 221 616 36
1.204500 -0.652892 0.442141 221 221 221 620 36
1.204541 -0.661606 0.442157 221 221 221 624 36
1.204583 -0.670320 0.442172 221 221 221 628 36
1.204625 -0.679035 0.442187 221 221 221 632 36
1.204667 -0.687750 0.442203 221 221 221 636 36
1.303358 0.751147 0.469026 218 218 218 0 40
1.303407 0.741771 0.469044 218 218 218 4 40
1.303456 0.732394 0.469061 218 218 218 8 40
1.303505 0.723016 0.469079 218 218 218 12 40
1.303554 0.713638 0.469096 218 218 218 16 40
1.303602 0.704259 0.469114 218 218 218 20 40
1.303651 0.694879 0.469131 218 218 218 24 40
1.303700 0.685499 0.469149 218 218 218 28 40
1.303749 0.676117 0.469167 218 218 218 32 40
1.303798 0.666736 0.469184 218 218 218 36 40
1.303847 0.657353 0.469202 218 218 218 40 40
1.303895 0.647970 0.469219 218 218 218 44 40
1.303944 0.638586 0.469237 218 218 218 48 40
1.303993 0.629201 0.469255 218 218 218 52 40
1.304042 0.619816 0.469272 218 218 218 56 40
1.304091 0.610429 0.469290 218 218 218 60 40
1.304140 0.601043 0.469307 218 218 218 64 40
1.304189 0.591655 0.469325 218 218 218 68 40
1.304238 0.582267 0.469342 218 218 218 72 40
1.304287 0.572878 0.469360 218 218 218 76 40
1.304335 0.563488 0.469378 218 218 218 80 40
1.304384 0.554098 0.469395 218 218 218 84 40
1.304433 0.544707 0.469413 218 218 218 88 40
1.304482 0.535316 0.469430 218 218 218 92 40
1.304531 0.525923 0.469448 218 218 218 96 40
1.304580 0.516530 0.469466 218 218 218 100 40
1.304629 0.507136 0.469483 218 218 218 104 40
1.304678 0.497741 0.469501 218 218 218 108 40
1.304727 0.488346 0.469518 218 218 218 112 40
1.304776 0.478950 0.469536 218 218 218 116 40
1.304825 0.469554 0.469554 218 218 218 120 40
1.304873 0.460156 0.469571 218 218 218 124 40
1.304922 0.450758 0.469589 218 218 218 128 40
1.304971 0.441359 0.469607 218 218 218 132 40
1.305020 0.431960 0.469624 218 218 218 136 40
1.305069 0.422560 0.469642 218 218 218 140 40
1.305118 0.413159 0.469659 218 218 218 144 40
1.305167 0.403757 0.469677 218 218 218 148 40
1.305216 0.394355 0.469695 218 218 218 152 40
1.305265 0.384952 0.469712 218 218 218 156 40
1.305314 0.375548 0.469730 218 218 218 160 40
1.305363 0.366144 0.469747 218 218 218 164 40
1.305412 0.356739 0.469765 218 218 218 168 40
1.305461 0.347333 0.469783 218 218 218 172 40
1.305510 0.337927 0.469800 218 218 218 176 40
1.305559 0.328519 0.469818 218 218 218 180 40
1.305608 0.319111 0.469836 218 218 218 184 40
1.305657 0.309703 0.469853 218 218 218 188 40
1.305706 0.300293 0.469871 218 218 218 192 40
1.305755 0.290883 0.469888 218 218 218 196 40
1.305804 0.281473 0.469906 218 218 218 200 40
1.305853 0.272061 0.469924 218 218 218 204 40
1.305902 0.262649 0.469941 218 218 218 208 40
1.305951 0.253236 0.469959 218 218 218 212 40
1.306000 0.243822 0.469977 218 218 218 216 40
1.306049 0.234408 0.469994 218 218 218 220 40
1.306098 0.224993 0.470012 218 218 218 224 40
1.306147 0.215577 0.470030 218 218 218 228 40
1.306196 0.206161 0.470047 218 218 218 232 40
1.306245 0.196744 0.470065 218 218 218 236 40
1.306294 0.187326 0.470083 218 218 218 240 40
1.306343 0.177908 0.470100 218 218 218 244 40
1.306392 0.168488 0.470118 218 218 218 248 40
1.306441 0.159068 0.470135 218 218 218 252 40
1.306490 0.149648 0.470153 218 218 218 256 40
1.306539 0.140226 0.470171 218 218 218 260 40
1.306588 0.130804 0.470188 218 218 218 264 40
1.306637 0.121381 0.470206 218 218 218 268 40
1.306686 0.111958 0.470224 218 218 218 272 40
1.306735 0.102534 0.470241 218 218 218 276 40
1.306785 0.093109 0.470259 218 218 218 280 40
1.306834 0.083683 0.470277 218 218 218 284 40
1.306883 0.074257 0.470294 218 218 218 288 40
1.306932 0.064830 0.470312 218 218 218 292 40
1.306981 0.055402 0.470330 218 218 218 296 40
1.307030 0.045974 0.470347 218 218 218 300 40
1.307079 0.036545 0.470365 218 218 218 304 40
1.307128 0.027115 0.470383 218 218 218 308 40
1.307177 0.017684 0.470400 218 218 218 312 40
1.307226 0.008253 0.470418 218 218 218 316 40
1.307275 -0.001179 0.470436 218 218 218 320 40
1.307324 -0.010612 0.470453 218 218 218 324 40
1.307374 -0.020045 0.470471 218 218 218 328 40
1.307423 -0.029479 0.470489 218 218 218 332 40
1.307472 -0.038914 0.470506 218 218 218 336 40
1.307521 -0.048350 0.470524 218 218 218 340 40
1.307570 -0.057786 0.470542 218 218 218 344 40
1.307619 -0.067223 0.470559 218 218 218 348 40
1.307668 -0.076660 0.470577 218 218 218 352 40
1.307718 -0.086099 0.470595 218 218 218 356 40
1.307767 -0.095538 0.470612 218 218 218 360 40
1.307816 -0.104978 0.470630 218 218 218 364 40
1.307865 -0.114418 0.470648 218 218 218 368 40
1.307914 -0.123859 0.470666 218 218 218 372 40
1.307963 -0.133301 0.470683 218 218 218 376 40
1.308012 -0.142744 0.470701 218 218 218 380 40
1.308062 -0.152187 0.470719 218 218 218 384 40
1.308111 -0.161631 0.470736 218 218 218 388 40
1.308160 -0.171076 0.470754 218 218 218 392 40
1.308209 -0.180522 0.470772 218 218 218 396 40
1.308258 -0.189968 0.470789 218 218 218 400 40
1.308308 -0.199415 0.470807 218 218 218 404 40
1.308357 -0.208862 0.470825 218 218 218 408 40
1.308406 -0.218310 0.470843 218 218 218 412 40
1.308455 -0.227759 0.470860 218 218 218 416 40
1.308504 -0.237209 0.470878 218 218 218 420 40
1.308554 -0.246660 0.470896 218 218 218 424 40
1.308603 -0.256111 0.470913 218 218 218 428 40
1.308652 -0.265563 0.470931 218 218 218 432 40
1.308701 -0.275015 0.470949 218 218 218 436 40
1.308750 -0.284469 0.470966 218 218 218 440 40
1.308800 -0.293922 0.470984 218 218 218 444 40
1.308849 -0.303377 0.471002 218 218 218 448 40
1.308898 -0.312833 0.471020 218 218 218 452 40
1.308947 -0.322289 0.471037 218 218 218 456 40
1.308997 -0.331746 0.471055 218 218 218 460 40
1.309046 -0.341203 0.471073 218 218 218 464 40
1.309095 -0.350661 0.471091 218 218 218 468 40
1.309144 -0.360120 0.471108 218 218 218 472 40
1.309194 -0.369580 0.471126 218 218 218 476 40
1.309243 -0.379040 0.471144 218 218 218 480 40
1.309292 -0.388502 0.471161 218 218 218 484 40
1.309341 -0.397963 0.471179 218 218 218 488 40
1.309391 -0.407426 0.471197 218 218 218 492 40
1.309440 -0.416889 0.471215 218 218 218 496 40
1.309489 -0.426353 0.471232 218 218 218 500 40
1.309538 -0.435818 0.471250 218 218 218 504 40
1.309588 -0.445283 0.471268 218 218 218 508 40
1.309637 -0.454749 0.471286 218 218 218 512 40
1.309686 -0.464216 0.471303 218 218 218 516 40
1.309736 -0.473684 0.471321 218 218 218 520 40
1.309785 -0.483152 0.471339 218 218 218 524 40
1.309834 -0.492621 0.471357 218 218 218 528 40
1.309884 -0.502090 0.471374 218 218 218 532 40
1.309933 -0.511561 0.471392 218 218 218 536 40
1.309982 -0.521032 0.471410 218 218 218 540 40
1.310032 -0.530504 0.471428 218 218 218 544 40
1.310081 -0.539976 0.471445 218 218 218 548 40
1.310130 -0.549449 0.471463 218 218 218 552 40
1.310179 -0.558923 0.471481 218 218 218 556 40
1.310229 -0.568398 0.471499 218 218 218 560 40
1.310278 -0.577873 0.471516 218 218 218 564 40
1.310327 -0.587349 0.471534 218 218 218 568 40
1.310377 -0.596826 0.471552 218 218 218 572 40
1.310426 -0.606304 0.471570 218 218 218 576 40
1.310475 -0.615782 0.471587 218 218 218 580 40
1.310525 -0.625261 0.471605 218 218 218 584 40
1.310574 -0.634740 0.471623 218 218 218 588 40
1.310623 -0.644221 0.471640 218 218 218 592 40
1.310673 -0.653702 0.471658 218 218 218 596 40
1.310722 -0.663184 0.471676 218 218 218 600 40
1.310772 -0.672666 0.471694 218 218 218 604 40
1.310821 -0.682149 0.471711 218 218 218 608 40
1.310870 -0.691633 0.471729 218 218 218 612 40
1.310920 -0.701118 0.471747 218 218 218 616 40
1.310969 -0.710603 0.471765 218 218 218 620 40
1.311019 -0.720089 0.471783 218 218 218 624 40
1.311068 -0.729576 0.471800 218 218 218 628 40
1.311117 -0.739064 0.471818 218 218 218 632 40
1.311167 -0.748552 0.471836 218 218 218 636 40
1.428933 0.823518 0.503905 215 215 215 0 44
1.428991 0.813241 0.503926 215 215 215 4 44
1.429050 0.802963 0.503947 215 215 215 8 44
1.429109 0.792685 0.503967 215 215 215 12 44
1.429167 0.782406 0.503988 215 215 215 16 44
1.429226 0.772126 0.504009 215 215 215 20 44
1.429285 0.761845 0.504029 215 215 215 24 44
1.429344 0.751563 0.504050 215 215 215 28 44
1.429402 0.741280 0.504071 215 215 215 32 44
1.429461 0.730997 0.504092 215 215 215 36 44
1.429520 0.720713 0.504112 215 215 215 40 44
1.429579 0.710428 0.504133 215 215 215 44 44
1.429637 0.700142 0.504154 215 215 215 48 44
1.429696 0.689855 0.504174 215 215 215 52 44
1.429755 0.679567 0.504195 215 215 215 56 44
1.429813 0.669279 0.504216 215 215 215 60 44
1.429872 0.658989 0.504236 215 215 215 64 44
1.429931 0.648699 0.504257 215 215 215 68 44
1.429990 0.638408 0.504278 215 215 215 72 44
1.430048 0.628116 0.504299 215 215 215 76 44
1.430107 0.617823 0.504319 215 215 215 80 44
1.430166 0.607530 0.504340 215 215 215 84 44
1.430225 0.597235 0.504361 215 215 215 88 44
1.430283 0.586940 0.504382 215 215 215 92 44
1.430342 0.576644 0.504402 215 215 215 96 44
1.430401 0.566347 0.504423 215 215 215 100 44
1.430460 0.556049 0.504444 215 215 215 104 44
1.430519 0.545751 0.504465 215 215 215 108 44
1.430578 0.535451 0.504485 215 215 215 112 44
1.430636 0.525151 0.504506 215 215 215 116 44
1.430695 0.514849 0.504527 215 215 215 120 44
1.430754 0.504547 0.504547 215 215 215 124 44
1.430813 0.494245 0.504568 215 215 215 128 44
1.430872 0.483941 0.504589 215 215 215 132 44
1.430930 0.473636 0.504610 215 215 215 136 44
1.430989 0.463331 0.504630 215 215 215 140 44
1.431048 0.453024 0.504651 215 215 215 144 44
1.431107 0.442717 0.504672 215 215 215 148 44
1.431166 0.432409 0.504693 215 215 215 152 44
1.431225 0.422100 0.504713 215 215 215 156 44
1.431284 0.411791 0.504734 215 215 215 160 44
1.431342 0.401480 0.504755 215 215 215 164 44
1.431401 0.391169 0.504776 215 215 215 168 44
1.431460 0.380857 0.504797 215 215 215 172 44
1.431519 0.370544 0.504817 215 215 215 176 44
1.431578 0.360230 0.504838 215 215 215 180 44
1.431637 0.349915 0.504859 215 215 215 184 44
1.431696 0.339599 0.504880 215 215 215 188 44
1.431755 0.329283 0.504900 215 215 215 192 44
1.431814 0.318966 0.504921 215 215 215 196 44
1.431873 0.308647 0.504942 215 215 215 200 44
1.431931 0.298328 0.504963 215 215 215 204 44
1.431990 0.288008 0.504983 215 215 215 208 44
1.432049 0.277688 0.505004 215 215 215 212 44
1.432108 0.267366 0.505025 215 215 215 216 44
1.432167 0.257044 0.505046 215 215 215 220 44
1.432226 0.246720 0.505067 215 215 215 224 44
1.432285 0.236396 0.505087 215 215 215 228 44
1.432344 0.226071 0.505108 215 215 215 232 44
1.432403 0.215746 0.505129 215 215 215 236 44
1.432462 0.205419 0.505150 215 215 215 240 44
1.432521 0.195091 0.505171 215 215 215 244 44
1.432580 0.184763 0.505191 215 215 215 248 44
1.432639 0.174434 0.505212 215 215 215 252 44
1.432698 0.164104 0.505233 215 215 215 256 44
1.432757 0.153773 0.505254 215 215 215 260 44
1.432816 0.143441 0.505275 215 215 215 264 44
1.432875 0.133108 0.505295 215 215 215 268 44
1.432934 0.122775 0.505316 215 215 215 272 44
1.432993 0.112441 0.505337 215 215 215 276 44
1.433052 0.102106 0.505358 215 215 215 280 44
1.433111 0.091770 0.505379 215 215 215 284 44
1.433170 0.081433 0.505399 215 215 215 288 44
1.433229 0.071095 0.505420 215 215 215 292 44
1.433288 0.060756 0.505441 215 215 215 296 44
1.433347 0.050417 0.505462 215 215 215 300 44
1.433406 0.040077 0.505483 215 215 215 304 44
1.433465 0.029735 0.505503 215 215 215 308 44
1.433524 0.019393 0.505524 215 215 215 312 44
1.433583 0.009051 0.505545 215 215 215 316 44
1.433642 -0.001293 0.505566 215 215 215 320 44
1.433701 -0.011638 0.505587 215 215 215 324 44
1.433761 -0.021983 0.505608 215 215 215 328 44
1.433820 -0.032329 0.505629 215 215 215 332 44
1.433879 -0.042676 0.505649 215 215 215 336 44
1.433938 -0.053024 0.505670 215 215 215 340 44
1.433997 -0.063373 0.505691 215 215 215 344 44
1.434056 -0.073723 0.505712 215 215 215 348 44
1.434115 -0.084073 0.505733 215 215 215 352 44
1.434174 -0.094425 0.505754 215 215 215 356 44
1.434233 -0.104777 0.505774 215 215 215 360 44
1.434292 -0.115130 0.505795 215 215 215 364 44
1.434351 -0.125484 0.505816 215 215 215 368 44
1.434411 -0.135839 0.505837 215 215 215 372 44
1.434470 -0.146194 0.505858 215 215 215 376 44
1.434529 -0.156551 0.505879 215 215 215 380 44
1.434588 -0.166908 0.505899 215 215 215 384 44
1.434647 -0.177266 0.505920 215 215 215 388 44
1.434706 -0.187625 0.505941 215 215 215 392 44
1.434765 -0.197985 0.505962 215 215 215 396 44
1.434825 -0.208346 0.505983 215 215 215 400 44
1.434884 -0.218708 0.506004 215 215 215 404 44
1.434943 -0.229070 0.506025 215 215 215 408 44
1.435002 -0.239433 0.506046 215 215 215 412 44
1.435061 -0.249798 0.506066 215 215 215 416 44
1.435120 -0.260163 0.506087 215 215 215 420 44
1.435180 -0.270528 0.506108 215 215 215 424 44
1.435239 -0.280895 0.506129 215 215 215 428 44
1.435298 -0.291263 0.506150 215 215 215 432 44
1.435357 -0.301631 0.506171 215 215 215 436 44
1.435416 -0.312000 0.506192 215 215 215 440 44
1.435476 -0.322371 0.506213 215 215 215 444 44
1.435535 -0.332742 0.506233 215 215 215 448 44
1.435594 -0.343113 0.506254 215 215 215 452 44
1.435653 -0.353486 0.506275 215 215 215 456 44
1.435713 -0.363860 0.506296 215 215 215 460 44
1.435772 -0.374234 0.506317 215 215 215 464 44
1.435831 -0.384610 0.506338 215 215 215 468 44
1.435890 -0.394986 0.506359 215 215 215 472 44
1.435949 -0.405363 0.506380 215 215 215 476 44
1.436009 -0.415741 0.506400 215 215 215 480 44
1.436068 -0.426119 0.506421 215 215 215 484 44
1.436127 -0.436499 0.506442 215 215 215 488 44
1.436186 -0.446879 0.506463 215 215 215 492 44
1.436246 -0.457261 0.506484 215 215 215 496 44
1.436305 -0.467643 0.506505 215 215 215 500 44
1.436365 -0.478026 0.506526 215 215 215 504 44
1.436424 -0.488410 0.506547 215 215 215 508 44
1.436483 -0.498794 0.506568 215 215 215 512 44
1.436542 -0.509180 0.506589 215 215 215 516 44
1.436602 -0.519566 0.506610 215 215 215 520 44
1.436661 -0.529954 0.506630 215 215 215 524 44
1.436720 -0.540342 0.506651 215 215 215 528 44
1.436779 -0.550731 0.506672 215 215 215 532 44
1.436839 -0.561121 0.506693 215 215 215 536 44
1.436898 -0.571511 0.506714 215 215 215 540 44
1.436958 -0.581903 0.506735 215 215 215 544 44
1.437017 -0.592295 0.506756 215 215 215 548 44
1.437076 -0.602689 0.506777 215 215 215 552 44
1.437136 -0.613083 0.506798 215 215 215 556 44
1.437195 -0.623478 0.506819 215 215 215 560 44
1.437254 -0.633874 0.506840 215 215 215 564 44
1.437314 -0.644270 0.506861 215 215 215 568 44
1.437373 -0.654668 0.506882 215 215 215 572 44
1.437432 -0.665066 0.506903 215 215 215 576 44
1.437492 -0.675466 0.506923 215 215 215 580 44
1.437551 -0.685866 0.506944 215 215 215 584 44
1.437611 -0.696267 0.506965 215 215 215 588 44
1.437670 -0.706669 0.506986 215 215 215 592 44
1.437729 -0.717072 0.507007 215 215 215 596 44
1.437789 -0.727475 0.507028 215 215 215 600 44
1.437848 -0.737880 0.507049 215 215 215 604 44
1.437907 -0.748285 0.507070 215 215 215 608 44
1.437967 -0.758691 0.507091 215 215 215 612 44
1.438027 -0.769098 0.507112 215 215 215 616 44
1.438086 -0.779506 0.507133 215 215 215 620 44
1.438145 -0.789915 0.507154 215 215 215 624 44
1.438205 -0.800324 0.507175 215 215 215 628 44
1.438264 -0.810735 0.507196 215 215 215 632 44
1.438324 -0.821146 0.507217 215 215 215 636 44
1.581284 0.911320 0.546222 211 211 211 0 48
1.581356 0.899952 0.546247 211 211 211 4 48
1.581428 0.888583 0.546271 211 211 211 8 48
1.581500 0.877212 0.546296 211 211 211 12 48
1.581572 0.865840 0.546321 211 211 211 16 48
1.581644 0.854468 0.546346 211 211 211 20 48
1.581716 0.843094 0.546371 211 211 211 24 48
1.581788 0.831720 0.546396 211 211 211 28 48
1.581860 0.820344 0.546420 211 211 211 32 48
1.581931 0.808967 0.546445 211 211 211 36 48
1.582003 0.797590 0.546470 211 211 211 40 48
1.582075 0.786211 0.546495 211 211 211 44 48
1.582147 0.774831 0.546520 211 211 211 48 48
1.582219 0.763450 0.546545 211 211 211 52 48
1.582291 0.752068 0.546570 211 211 211 56 48
1.582363 0.740685 0.546594 211 211 211 60 48
1.582435 0.729301 0.546619 211 211 211 64 48
1.582507 0.717916 0.546644 211 211 211 68 48
1.582579 0.706530 0.546669 211 211 211 72 48
1.582651 0.695143 0.546694 211 211 211 76 48
1.582723 0.683755 0.546719 211 211 211 80 48
1.582795 0.672366 0.546744 211 211 211 84 48
1.582867 0.660976 0.546768 211 211 211 88 48
1.582939 0.649585 0.546793 211 211 211 92 48
1.583011 0.638192 0.546818 211 211 211 96 48
1.583083 0.626799 0.546843 211 211 211 100 48
1.583155 0.615405 0.546868 211 211 211 104 48
1.583227 0.604010 0.546893 211 211 211 108 48
1.583299 0.592613 0.546918 211 211 211 112 48
1.583371 0.581216 0.546943 211 211 211 116 48
1.583443 0.569817 0.546967 211 211 211 120 48
1.583515 0.558418 0.546992 211 211 211 124 48
1.583587 0.547017 0.547017 211 211 211 128 48
1.583659 0.535616 0.547042 211 211 211 132 48
1.583731 0.524213 0.547067 211 211 211 136 48
1.583803 0.512809 0.547092 211 211 211 140 48
1.583876 0.501405 0.547117 211 211 211 144 48
1.583948 0.489999 0.547142 211 211 211 148 48
1.584020 0.478592 0.547167 211 211 211 152 48
1.584092 0.467184 0.547192 211 211 211 156 48
1.584164 0.455776 0.547216 211 211 211 160 48
1.584236 0.444366 0.547241 211 211 211 164 48
1.584308 0.432955 0.547266 211 211 211 168 48
1.584380 0.421543 0.547291 211 211 211 172 48
1.584452 0.410130 0.547316 211 211 211 176 48
1.584524 0.398716 0.547341 211 211 211 180 48
1.584597 0.387301 0.547366 211 211 211 184 48
1.584669 0.375885 0.547391 211 211 211 188 48
1.584741 0.364467 0.547416 211 211 211 192 48
1.584813 0.353049 0.547441 211 211 211 196 48
1.584885 0.341630 0.547466 211 211 211 200 48
1.584958 0.330210 0.547491 211 211 211 204 48
1.585030 0.318788 0.547516 211 211 211 208 48
1.585102 0.307366 0.547540 211 211 211 212 48
1.585174 0.295943 0.547565 211 211 211 216 48
1.585246 0.284518 0.547590 211 211 211 220 48
1.585319 0.273093 0.547615 211 211 211 224 48
1.585391 0.261666 0.547640 211 211 211 228 48
1.585463 0.250239 0.547665 211 211 211 232 48
1.585535 0.238810 0.547690 211 211 211 236 48
1.585608 0.227380 0.547715 211 211 211 240 48
1.585680 0.215950 0.547740 211 211 211 244 48
1.585752 0.204518 0.547765 211 211 211 248 48
1.585824 0.193085 0.547790 211 211 211 252 48
1.585896 0.181651 0.547815 211 211 211 256 48
1.585969 0.170217 0.547840 211 211 211 260 48
1.586041 0.158781 0.547865 211 211 211 264 48
1.586113 0.147344 0.547890 211 211 211 268 48
1.586186 0.135906 0.547915 211 211 211 272 48
1.586258 0.124467 0.547940 211 211 211 276 48
1.586330 0.113027 0.547965 211 211 211 280 48
1.586403 0.101586 0.547990 211 211 211 284 48
1.586475 0.090143 0.548015 211 211 211 288 48
1.586547 0.078700 0.548040 211 211 211 292 48
1.586620 0.067256 0.548065 211 211 211 296 48
1.586692 0.055811 0.548090 211 211 211 300 48
1.586764 0.044364 0.548115 211 211 211 304 48
1.586837 0.032917 0.548140 211 211 211 308 48
1.586909 0.021469 0.548165 211 211 211 312 48
1.586981 0.010019 0.548190 211 211 211 316 48
1.587054 -0.001431 0.548215 211 211 211 320 48
1.587126 -0.012883 0.548240 211 211 211 324 48
1.587199 -0.024336 0.548265 211 211 211 328 48
1.587271 -0.035789 0.548290 211 211 211 332 48
1.587343 -0.047244 0.548315 211 211 211 336 48
1.587416 -0.058700 0.548340 211 211 211 340 48
1.587488 -0.070156 0.548365 211 211 211 344 48
1.587561 -0.081614 0.548390 211 211 211 348 48
1.587633 -0.093073 0.548415 211 211 211 352 48
1.587705 -0.104533 0.548440 211 211 211 356 48
1.587778 -0.115994 0.548465 211 211 211 360 48
1.587850 -0.127456 0.548490 211 211 211 364 48
1.587923 -0.138919 0.548515 211 211 211 368 48
1.587995 -0.150383 0.548540 210 210 210 372 48
1.588068 -0.161848 0.548565 210 210 210 376 48
1.588140 -0.173314 0.548590 210 210 210 380 48
1.588213 -0.184782 0.548615 210 210 210 384 48
1.588285 -0.196250 0.548640 210 210 210 388 48
1.588358 -0.207719 0.548665 210 210 210 392 48
1.588430 -0.219190 0.548690 210 210 210 396 48
1.588503 -0.230661 0.548715 210 210 210 400 48
1.588575 -0.242133 0.548740 210 210 210 404 48
1.588648 -0.253607 0.548765 210 210 210 408 48
1.588720 -0.265082 0.548790 210 210 210 412 48
1.588793 -0.276557 0.548815 210 210 210 416 48
1.588866 -0.288034 0.548841 210 210 210 420 48
1.588938 -0.299511 0.548866 210 210 210 424 48
1.589010 -0.310990 0.548891 210 210 210 428 48
1.589083 -0.322470 0.548916 210 210 210 432 48
1.589156 -0.333951 0.548941 210 210 210 436 48
1.589228 -0.345433 0.548966 210 210 210 440 48
1.589301 -0.356916 0.548991 210 210 210 444 48
1.589373 -0.368400 0.549016 210 210 210 448 48
1.589446 -0.379885 0.549041 210 210 210 452 48
1.589519 -0.391371 0.549066 210 210 210 456 48
1.589591 -0.402858 0.549091 210 210 210 460 48
1.589664 -0.414346 0.549116 210 210 210 464 48
1.589736 -0.425835 0.549141 210 210 210 468 48
1.589809 -0.437326 0.549167 210 210 210 472 48
1.589882 -0.448817 0.549192 210 210 210 476 48
1.589954 -0.460310 0.549217 210 210 210 480 48
1.590027 -0.471803 0.549242 210 210 210 484 48
1.590100 -0.483297 0.549267 210 210 210 488 48
1.590172 -0.494793 0.549292 210 210 210 492 48
1.590245 -0.506290 0.549317 210 210 210 496 48
1.590318 -0.517787 0.549342 210 210 210 500 48
1.590390 -0.529286 0.549367 210 210 210 504 48
1.590463 -0.540786 0.549392 210 210 210 508 48
1.590536 -0.552287 0.549418 210 210 210 512 48
1.590608 -0.563788 0.549443 210 210 210 516 48
1.590681 -0.575291 0.549468 210 210 210 520 48
1.590754 -0.586795 0.549493 210 210 210 524 48
1.590827 -0.598300 0.549518 210 210 210 528 48
1.590899 -0.609806 0.549543 210 210 210 532 48
1.590972 -0.621313 0.549568 210 210 210 536 48
1.591045 -0.632822 0.549593 210 210 210 540 48
1.591118 -0.644331 0.549619 210 210 210 544 48
1.591190 -0.655841 0.549644 210 210 210 548 48
1.591263 -0.667352 0.549669 210 210 210 552 48
1.591336 -0.678865 0.549694 210 210 210 556 48
1.591409 -0.690378 0.549719 210 210 210 560 48
1.591481 -0.701893 0.549744 210 210 210 564 48
1.591554 -0.713408 0.549769 210 210 210 568 48
1.591627 -0.724925 0.549794 210 210 210 572 48
1.591700 -0.736443 0.549819 210 210 210 576 48
1.591773 -0.747961 0.549845 210 210 210 580 48
1.591845 -0.759481 0.549870 210 210 210 584 48
1.591918 -0.771002 0.549895 210 210 210 588 48
1.591991 -0.782524 0.549920 210 210 210 592 48
1.592064 -0.794047 0.549945 210 210 210 596 48
1.592137 -0.805570 0.549970 210 210 210 600 48
1.592209 -0.817095 0.549995 210 210 210 604 48
1.592282 -0.828621 0.550021 210 210 210 608 48
1.592355 -0.840149 0.550046 210 210 210 612 48
1.592428 -0.851677 0.550071 210 210 210 616 48
1.592501 -0.863206 0.550096 210 210 210 620 48
1.592574 -0.874736 0.550121 210 210 210 624 48
1.592647 -0.886268 0.550147 210 210 210 628 48
1.592720 -0.897800 0.550172 210 210 210 632 48
1.592793 -0.909334 0.550197 210 210 210 636 48
1.770000 1.020081 0.598639 205 205 205 0 52
1.770091 1.007361 0.598669 205 205 205 4 52
1.770181 0.994640 0.598700 205 205 205 8 52
1.770271 0.981918 0.598730 205 205 205 12 52
1.770361 0.969194 0.598761 205 205 205 16 52
1.770451 0.956469 0.598791 205 205 205 20 52
1.770541 0.943743 0.598822 205 205 205 24 52
1.770631 0.931015 0.598852 205 205 205 28 52
1.770721 0.918287 0.598883 205 205 205 32 52
1.770811 0.905556 0.598913 205 205 205 36 52
1.770901 0.892825 0.598944 205 205 205 40 52
1.770991 0.880093 0.598974 205 205 205 44 52
1.771082 0.867359 0.599005 205 205 205 48 52
1.771172 0.854623 0.599035 205 205 205 52 52
1.771262 0.841887 0.599065 205 205 205 56 52
1.771352 0.829149 0.599096 205 205 205 60 52
1.771442 0.816410 0.599126 205 205 205 64 52
1.771532 0.803669 0.599157 205 205 205 68 52
1.771622 0.790927 0.599187 205 205 205 72 52
1.771713 0.778184 0.599218 205 205 205 76 52
1.771803 0.765440 0.599249 205 205 205 80 52
1.771893 0.752694 0.599279 205 205 205 84 52
1.771983 0.739947 0.599310 205 205 205 88 52
1.772074 0.727199 0.599340 205 205 205 92 52
1.772164 0.714450 0.599371 205 205 205 96 52
1.772254 0.701699 0.599401 205 205 205 100 52
1.772344 0.688947 0.599432 205 205 205 104 52
1.772435 0.676193 0.599462 205 205 205 108 52
1.772525 0.663439 0.599493 205 205 205 112 52
1.772615 0.650683 0.599523 205 205 205 116 52
1.772705 0.637925 0.599554 205 205 205 120 52
1.772796 0.625167 0.599584 205 205 205 124 52
1.772886 0.612407 0.599615 205 205 205 128 52
1.772977 0.599645 0.599645 205 205 205 132 52
1.773067 0.586883 0.599676 205 205 205 136 52
1.773157 0.574119 0.599707 205 205 205 140 52
1.773248 0.561354 0.599737 205 205 205 144 52
1.773338 0.548587 0.599768 205 205 205 148 52
1.773428 0.535820 0.599798 205 205 205 152 52
1.773519 0.523051 0.599829 205 205 205 156 52
1.773609 0.510280 0.599859 205 205 205 160 52
1.773699 0.497509 0.599890 205 205 205 164 52
1.773790 0.484736 0.599921 205 205 205 168 52
1.773880 0.471961 0.599951 205 205 205 172 52
1.773971 0.459186 0.599982 205 205 205 176 52
1.774061 0.446409 0.600012 205 205 205 180 52
1.774152 0.433631 0.600043 205 205 205 184 52
1.774242 0.420851 0.600073 205 205 205 188 52
1.774333 0.408071 0.600104 205 205 205 192 52
1.774423 0.395289 0.600135 205 205 205 196 52
1.774513 0.382505 0.600165 205 205 205 200 52
1.774604 0.369721 0.600196 205 205 205 204 52
1.774695 0.356935 0.600227 205 205 205 208 52
1.774785 0.344147 0.600257 205 205 205 212 52
1.774876 0.331359 0.600288 205 205 205 216 52
1.774966 0.318569 0.600318 205 205 205 220 52
1.775057 0.305778 0.600349 205 205 205 224 52
1.775147 0.292985 0.600380 205 205 205 228 52
1.775238 0.280191 0.600410 205 205 205 232 52
1.775328 0.267396 0.600441 205 205 205 236 52
1.775419 0.254600 0.600471 205 205 205 240 52
1.775509 0.241802 0.600502 205 205 205 244 52
1.775600 0.229003 0.600533 205 205 205 248 52
1.775691 0.216203 0.600563 205 205 205 252 52
1.775781 0.203401 0.600594 205 205 205 256 52
1.775872 0.190598 0.600625 205 205 205 260 52
1.775963 0.177794 0.600655 205 205 205 264 52
1.776053 0.164988 0.600686 205 205 205 268 52
1.776144 0.152182 0.600717 205 205 205 272 52
1.776234 0.139373 0.600747 205 205 205 276 52
1.776325 0.126564 0.600778 205 205 205 280 52
1.776416 0.113753 0.600809 205 205 205 284 52
1.776506 0.100941 0.600839 205 205 205 288 52
1.776597 0.088128 0.600870 205 205 205 292 52
1.776688 0.075313 0.600901 205 205 205 296 52
1.776779 0.062497 0.600931 205 205 205 300 52
1.776869 0.049680 0.600962 205 205 205 304 52
1.776960 0.036861 0.600993 205 205 205 308 52
1.777051 0.024041 0.601023 205 205 205 312 52
1.777142 0.011220 0.601054 205 205 205 316 52
1.777232 -0.001603 0.601085 205 205 205 320 52
1.777323 -0.014427 0.601116 205 205 205 324 52
1.777414 -0.027252 0.601146 205 205 205 328 52
1.777505 -0.040078 0.601177 205 205 205 332 52
1.777596 -0.052906 0.601208 205 205 205 336 52
1.777686 -0.065735 0.601238 205 205 205 340 52
1.777777 -0.078566 0.601269 205 205 205 344 52
1.777868 -0.091398 0.601300 205 205 205 348 52
1.777959 -0.104231 0.601331 205 205 205 352 52
1.778050 -0.117065 0.601361 205 205 205 356 52
1.778141 -0.129901 0.601392 205 205 205 360 52
1.778231 -0.142738 0.601423 205 205 205 364 52
1.778322 -0.155576 0.601453 205 205 205 368 52
1.778413 -0.168416 0.601484 205 205 205 372 52
1.778504 -0.181257 0.601515 205 205 205 376 52
1.778595 -0.194099 0.601546 205 205 205 380 52
1.778686 -0.206942 0.601576 205 205 205 384 52
1.778777 -0.219787 0.601607 205 205 205 388 52
1.778867 -0.232633 0.601638 205 205 205 392 52
1.778958 -0.245481 0.601669 205 205 205 396 52
1.779050 -0.258330 0.601699 205 205 205 400 52
1.779141 -0.271180 0.601730 205 205 205 404 52
1.779232 -0.284031 0.601761 205 205 205 408 52
1.779322 -0.296884 0.601792 205 205 205 412 52
1.779413 -0.309738 0.601823 205 205 205 416 52
1.779504 -0.322593 0.601853 205 205 205 420 52
1.779595 -0.335450 0.601884 205 205 205 424 52
1.779686 -0.348308 0.601915 205 205 205 428 52
1.779777 -0.361167 0.601946 205 205 205 432 52
1.779869 -0.374028 0.601977 205 205 205 436 52
1.779960 -0.386890 0.602007 205 205 205 440 52
1.780051 -0.399753 0.602038 205 205 205 444 52
1.780142 -0.412618 0.602069 205 205 205 448 52
1.780233 -0.425484 0.602100 205 205 205 452 52
1.780324 -0.438351 0.602130 205 205 205 456 52
1.780415 -0.451219 0.602161 205 205 205 460 52
1.780506 -0.464089 0.602192 205 205 205 464 52
1.780597 -0.476960 0.602223 205 205 205 468 52
1.780688 -0.489833 0.602254 205 205 205 472 52
1.780779 -0.502707 0.602284 205 205 205 476 52
1.780871 -0.515582 0.602315 205 205 205 480 52
1.780962 -0.528458 0.602346 205 205 205 484 52
1.781053 -0.541336 0.602377 205 205 205 488 52
1.781144 -0.554215 0.602408 205 205 205 492 52
1.781235 -0.567096 0.602439 205 205 205 496 52
1.781326 -0.579977 0.602470 205 205 205 500 52
1.781417 -0.592860 0.602500 205 205 205 504 52
1.781509 -0.605745 0.602531 205 205 205 508 52
1.781600 -0.618630 0.602562 205 205 205 512 52
1.781691 -0.631517 0.602593 205 205 205 516 52
1.781782 -0.644406 0.602624 205 205 205 520 52
1.781874 -0.657295 0.602655 205 205 205 524 52
1.781965 -0.670186 0.602685 205 205 205 528 52
1.782056 -0.683078 0.602716 205 205 205 532 52
1.782147 -0.695972 0.602747 205 205 205 536 52
1.782238 -0.708867 0.602778 205 205 205 540 52
1.782330 -0.721763 0.602809 205 205 205 544 52
1.782421 -0.734661 0.602840 205 205 205 548 52
1.782513 -0.747560 0.602871 205 205 205 552 52
1.782604 -0.760460 0.602902 205 205 205 556 52
1.782695 -0.773361 0.602932 205 205 205 560 52
1.782786 -0.786264 0.602963 205 205 205 564 52
1.782878 -0.799168 0.602994 205 205 205 568 52
1.782969 -0.812074 0.603025 205 205 205 572 52
1.783061 -0.824981 0.603056 205 205 205 576 52
1.783152 -0.837889 0.603087 205 205 205 580 52
1.783243 -0.850798 0.603118 205 205 205 584 52
1.783335 -0.863709 0.603149 205 205 205 588 52
1.783426 -0.876621 0.603179 205 205 205 592 52
1.783517 -0.889535 0.603210 205 205 205 596 52
1.783609 -0.902449 0.603241 205 205 205 600 52
1.783700 -0.915365 0.603272 205 205 205 604 52
1.783792 -0.928283 0.603303 205 205 205 608 52
1.783883 -0.941201 0.603334 205 205 205 612 52
1.783975 -0.954121 0.603365 205 205 205 616 52
1.784066 -0.967043 0.603396 205 205 205 620 52
1.784158 -0.979966 0.603427 205 205 205 624 52
1.784249 -0.992889 0.603458 205 205 205 628 52
1.784341 -1.005815 0.603489 205 205 205 632 52
1.784432 -1.018741 0.603520 205 205 205 636 52
2.009865 1.158319 0.665263 199 199 199 0 56
2.009981 1.143883 0.665301 199 199 199 4 56
2.010097 1.129446 0.665340 199 199 199 8 56
2.010213 1.115007 0.665378 199 199 199 12 56
2.010329 1.100566 0.665416 199 199 199 16 56
2.010446 1.086124 0.665455 199 199 199 20 56
2.010562 1.071680 0.665493 199 199 199 24 56
2.010678 1.057235 0.665532 199 199 199 28 56
2.010794 1.042787 0.665570 199 199 199 32 56
2.010910 1.028338 0.665609 199 199 199 36 56
2.011026 1.013888 0.665647 199 199 199 40 56
2.011142 0.999435 0.665686 199 199 199 44 56
2.011259 0.984982 0.665724 199 199 199 48 56
2.011375 0.970526 0.665763 199 199 199 52 56
2.011492 0.956069 0.665801 199 199 199 56 56
2.011608 0.941610 0.665840 199 199 199 60 56
2.011724 0.927149 0.665878 199 199 199 64 56
2.011840 0.912687 0.665917 199 199 199 68 56
2.011956 0.898223 0.665955 199 199 199 72 56
2.012073 0.883757 0.665994 199 199 199 76 56
2.012189 0.869290 0.666032 199 199 199 80 56
2.012306 0.854821 0.666071 199 199 199 84 56
2.012422 0.840350 0.666109 199 199 199 88 56
2.012538 0.825878 0.666148 199 199 199 92 56
2.012655 0.811404 0.666186 199 199 199 96 56
2.012771 0.796928 0.666225 199 199 199 100 56
2.012887 0.782451 0.666263 199 199 199 104 56
2.013004 0.767972 0.666302 199 199 199 108 56
2.013120 0.753491 0.666340 199 199 199 112 56
2.013237 0.739009 0.666379 199 199 199 116 56
2.013354 0.724525 0.666417 199 199 199 120 56
2.013470 0.710039 0.666456 199 199 199 124 56
2.013587 0.695552 0.666495 199 199 199 128 56
2.013703 0.681062 0.666533 199 199 199 132 56
2.013819 0.666572 0.666572 199 199 199 136 56
2.013936 0.652079 0.666610 199 199 199 140 56
2.014052 0.637585 0.666649 199 199 199 144 56
2.014169 0.623089 0.666687 199 199 199 148 56
2.014286 0.608592 0.666726 199 199 199 152 56
2.014402 0.594093 0.666765 199 199 199 156 56
2.014519 0.579592 0.666803 199 199 199 160 56
2.014636 0.565089 0.666842 199 199 199 164 56
2.014752 0.550585 0.666880 199 199 199 168 56
2.014869 0.536079 0.666919 199 199 199 172 56
2.014986 0.521572 0.666958 199 199 199 176 56
2.015102 0.507063 0.666996 199 199 199 180 56
2.015219 0.492552 0.667035 199 199 199 184 56
2.015336 0.478039 0.667074 199 199 199 188 56
2.015452 0.463525 0.667112 199 199 199 192 56
2.015569 0.449009 0.667151 199 199 199 196 56
2.015686 0.434491 0.667189 199 199 199 200 56
2.015803 0.419972 0.667228 199 199 199 204 56
2.015919 0.405451 0.667267 199 199 199 208 56
2.016036 0.390928 0.667305 199 199 199 212 56
2.016153 0.376404 0.667344 199 199 199 216 56
2.016270 0.361878 0.667383 199 199 199 220 56
2.016387 0.347350 0.667421 199 199 199 224 56
2.016504 0.332821 0.667460 199 199 199 228 56
2.016620 0.318290 0.667499 199 199 199 232 56
2.016737 0.303757 0.667537 199 199 199 236 56
2.016854 0.289222 0.667576 199 199 199 240 56
2.016971 0.274686 0.667615 199 199 199 244 56
2.017088 0.260148 0.667654 199 199 199 248 56
2.017205 0.245609 0.667692 199 199 199 252 56
2.017322 0.231068 0.667731 199 199 199 256 56
2.017439 0.216525 0.667770 199 199 199 260 56
2.017556 0.201980 0.667808 199 199 199 264 56
2.017673 0.187434 0.667847 199 199 199 268 56
2.017790 0.172886 0.667886 199 199 199 272 56
2.017907 0.158336 0.667925 199 199 199 276 56
2.018024 0.143785 0.667963 199 199 199 280 56
2.018141 0.129232 0.668002 199 199 199 284 56
2.018258 0.114677 0.668041 199 199 199 288 56
2.018375 0.100121 0.668079 199 199 199 292 56
2.018492 0.085563 0.668118 199 199 199 296 56
2.018609 0.071003 0.668157 199 199 199 300 56
2.018726 0.056442 0.668196 199 199 199 304 56
2.018843 0.041878 0.668235 199 199 199 308 56
2.018960 0.027314 0.668273 199 199 199 312 56
2.019078 0.012747 0.668312 199 199 199 316 56
2.019195 -0.001821 0.668351 199 199 199 320 56
2.019312 -0.016391 0.668390 199 199 199 324 56
2.019429 -0.030963 0.668428 199 199 199 328 56
2.019546 -0.045536 0.668467 199 199 199 332 56
2.019664 -0.060111 0.668506 199 199 199 336 56
2.019781 -0.074688 0.668545 199 199 199 340 56
2.019898 -0.089266 0.668584 199 199 199 344 56
2.020015 -0.103846 0.668622 199 199 199 348 56
2.020132 -0.118428 0.668661 199 199 199 352 56
2.020250 -0.133011 0.668700 199 199 199 356 56
2.020367 -0.147596 0.668739 199 199 199 360 56
2.020484 -0.162183 0.668778 199 199 199 364 56
2.020602 -0.176772 0.668817 199 199 199 368 56
2.020719 -0.191362 0.668856 199 199 199 372 56
2.020836 -0.205954 0.668894 199 199 199 376 56
2.020954 -0.220547 0.668933 199 199 199 380 56
2.021071 -0.235143 0.668972 198 198 198 384 56
2.021188 -0.249740 0.669011 198 198 198 388 56
2.021306 -0.264338 0.669050 198 198 198 392 56
2.021423 -0.278939 0.669089 198 198 198 396 56
2.021541 -0.293541 0.669127 198 198 198 400 56
2.021658 -0.308145 0.669166 198 198 198 404 56
2.021776 -0.322750 0.669205 198 198 198 408 56
2.021893 -0.337357 0.669244 198 198 198 412 56
2.022011 -0.351966 0.669283 198 198 198 416 56
2.022128 -0.366577 0.669322 198 198 198 420 56
2.022245 -0.381189 0.669361 198 198 198 424 56
2.022363 -0.395803 0.669400 198 198 198 428 56
2.022480 -0.410419 0.669439 198 198 198 432 56
2.022598 -0.425036 0.669477 198 198 198 436 56
2.022716 -0.439655 0.669516 198 198 198 440 56
2.022833 -0.454276 0.669555 198 198 198 444 56
2.022951 -0.468898 0.669594 198 198 198 448 56
2.023069 -0.483523 0.669633 198 198 198 452 56
2.023186 -0.498148 0.669672 198 198 198 456 56
2.023304 -0.512776 0.669711 198 198 198 460 56
2.023421 -0.527405 0.669750 198 198 198 464 56
2.023539 -0.542036 0.669789 198 198 198 468 56
2.023657 -0.556669 0.669828 198 198 198 472 56
2.023775 -0.571303 0.669867 198 198 198 476 56
2.023892 -0.585939 0.669906 198 198 198 480 56
2.024010 -0.600577 0.669945 198 198 198 484 56
2.024128 -0.615217 0.669984 198 198 198 488 56
2.024246 -0.629858 0.670023 198 198 198 492 56
2.024363 -0.644501 0.670062 198 198 198 496 56
2.024481 -0.659145 0.670101 198 198 198 500 56
2.024599 -0.673792 0.670140 198 198 198 504 56
2.024716 -0.688440 0.670179 198 198 198 508 56
2.024834 -0.703089 0.670218 198 198 198 512 56
2.024952 -0.717741 0.670257 198 198 198 516 56
2.025070 -0.732394 0.670296 198 198 198 520 56
2.025188 -0.747049 0.670335 198 198 198 524 56
2.025306 -0.761705 0.670374 198 198 198 528 56
2.025424 -0.776363 0.670413 198 198 198 532 56
2.025542 -0.791023 0.670452 198 198 198 536 56
2.025659 -0.805685 0.670491 198 198 198 540 56
2.025777 -0.820348 0.670530 198 198 198 544 56
2.025896 -0.835014 0.670569 198 198 198 548 56
2.026013 -0.849680 0.670608 198 198 198 552 56
2.026131 -0.864349 0.670647 198 198 198 556 56
2.026249 -0.879019 0.670686 198 198 198 560 56
2.026367 -0.893691 0.670725 198 198 198 564 56
2.026485 -0.908364 0.670764 198 198 198 568 56
2.026603 -0.923040 0.670803 198 198 198 572 56
2.026721 -0.937717 0.670842 198 198 198 576 56
2.026839 -0.952395 0.670881 198 198 198 580 56
2.026957 -0.967076 0.670920 198 198 198 584 56
2.027076 -0.981758 0.670959 198 198 198 588 56
2.027194 -0.996442 0.670998 198 198 198 592 56
2.027312 -1.011127 0.671037 198 198 198 596 56
2.027430 -1.025815 0.671077 198 198 198 600 56
2.027548 -1.040504 0.671116 198 198 198 604 56
2.027666 -1.055194 0.671155 198 198 198 608 56
2.027784 -1.069887 0.671194 198 198 198 612 56
2.027902 -1.084581 0.671233 198 198 198 616 56
2.028020 -1.099277 0.671272 198 198 198 620 56
2.028139 -1.113975 0.671311 198 198 198 624 56
2.028257 -1.128674 0.671350 198 198 198 628 56
2.028375 -1.143375 0.671389 198 198 198 632 56
2.028493 -1.158077 0.671429 198 198 198 636 56
2.324932 1.339897 0.752774 190 190 190 0 60
2.325087 1.323210 0.752825 190 190 190 4 60
2.325242 1.306521 0.752875 190 190 190 8 60
2.325397 1.289830 0.752925 190 190 190 12 60
2.325553 1.273137 0.752976 190 190 190 16 60
2.325709 1.256442 0.753026 190 190 190 20 60
2.325864 1.239744 0.753076 190 190 190 24 60
2.326020 1.223044 0.753127 190 190 190 28 60
2.326175 1.206342 0.753177 190 190 190 32 60
2.326330 1.189638 0.753227 190 190 190 36 60
2.326486 1.172931 0.753278 190 190 190 40 60
2.326641 1.156222 0.753328 190 190 190 44 60
2.326797 1.139511 0.753379 190 190 190 48 60
2.326953 1.122798 0.753429 190 190 190 52 60
2.327108 1.106082 0.753479 190 190 190 56 60
2.327264 1.089365 0.753530 190 190 190 60 60
2.327420 1.072645 0.753580 190 190 190 64 60
2.327575 1.055922 0.753631 190 190 190 68 60
2.327731 1.039198 0.753681 190 190 190 72 60
2.327887 1.022471 0.753731 190 190 190 76 60
2.328042 1.005742 0.753782 190 190 190 80 60
2.328198 0.989011 0.753832 190 190 190 84 60
2.328354 0.972278 0.753883 190 190 190 88 60
2.328510 0.955542 0.753933 190 190 190 92 60
2.328666 0.938804 0.753984 190 190 190 96 60
2.328821 0.922064 0.754034 190 190 190 100 60
2.328977 0.905321 0.754084 190 190 190 104 60
2.329133 0.888577 0.754135 190 190 190 108 60
2.329289 0.871830 0.754185 190 190 190 112 60
2.329445 0.855081 0.754236 190 190 190 116 60
2.329601 0.838329 0.754286 190 190 190 120 60
2.329757 0.821576 0.754337 190 190 190 124 60
2.329913 0.804820 0.754387 190 190 190 128 60
2.330069 0.788062 0.754438 190 190 190 132 60
2.330225 0.771302 0.754488 190 190 190 136 60
2.330381 0.754539 0.754539 190 190 190 140 60
2.330537 0.737774 0.754589 190 190 190 144 60
2.330693 0.721007 0.754640 190 190 190 148 60
2.330849 0.704238 0.754691 190 190 190 152 60
2.331005 0.687466 0.754741 190 190 190 156 60
2.331161 0.670692 0.754792 190 190 190 160 60
2.331318 0.653916 0.754842 190 190 190 164 60
2.331474 0.637138 0.754893 190 190 190 168 60
2.331630 0.620357 0.754943 190 190 190 172 60
2.331786 0.603575 0.754994 190 190 190 176 60
2.331943 0.586789 0.755045 190 190 190 180 60
2.332099 0.570002 0.755095 190 190 190 184 60
2.332255 0.553213 0.755146 190 190 190 188 60
2.332412 0.536421 0.755196 190 190 190 192 60
2.332568 0.519627 0.755247 190 190 190 196 60
2.332724 0.502830 0.755298 190 190 190 200 60
2.332880 0.486032 0.755348 190 190 190 204 60
2.333037 0.469231 0.755399 190 190 190 208 60
2.333194 0.452428 0.755450 190 190 190 212 60
2.333350 0.435623 0.755500 190 190 190 216 60
2.333506 0.418815 0.755551 190 190 190 220 60
2.333663 0.402005 0.755602 190 190 190 224 60
2.333819 0.385193 0.755652 190 190 190 228 60
2.333976 0.368379 0.755703 190 190 190 232 60
2.334132 0.351562 0.755754 190 190 190 236 60
2.334289 0.334743 0.755804 190 190 190 240 60
2.334445 0.317922 0.755855 190 190 190 244 60
2.334602 0.301099 0.755906 190 190 190 248 60
2.334759 0.284273 0.755956 190 190 190 252 60
2.334916 0.267445 0.756007 190 190 190 256 60
2.335072 0.250615 0.756058 190 190 190 260 60
2.335229 0.233783 0.756109 190 190 190 264 60
2.335386 0.216948 0.756159 190 190 190 268 60
2.335542 0.200111 0.756210 190 190 190 272 60
2.335699 0.183272 0.756261 190 190 190 276 60
2.335856 0.166431 0.756312 190 190 190 280 60
2.336013 0.149587 0.756362 190 190 190 284 60
2.336169 0.132741 0.756413 190 190 190 288 60
2.336326 0.115893 0.756464 190 190 190 292 60
2.336483 0.099042 0.756515 190 190 190 296 60
2.336640 0.082190 0.756566 190 190 190 300 60
2.336797 0.065335 0.756616 190 190 190 304 60
2.336954 0.048477 0.756667 190 190 190 308 60
2.337111 0.031618 0.756718 190 190 190 312 60
2.337268 0.014756 0.756769 190 190 190 316 60
2.337425 -0.002108 0.756820 190 190 190 320 60
2.337582 -0.018974 0.756871 190 190 190 324 60
2.337739 -0.035843 0.756921 190 190 190 328 60
2.337896 -0.052714 0.756972 190 190 190 332 60
2.338053 -0.069587 0.757023 190 190 190 336 60
2.338210 -0.086463 0.757074 190 190 190 340 60
2.338367 -0.103340 0.757125 190 190 190 344 60
2.338525 -0.120220 0.757176 190 190 190 348 60
2.338682 -0.137102 0.757227 190 190 190 352 60
2.338839 -0.153987 0.757277 190 190 190 356 60
2.338996 -0.170874 0.757328 190 190 190 360 60
2.339153 -0.187763 0.757379 190 190 190 364 60
2.339310 -0.204654 0.757430 190 190 190 368 60
2.339468 -0.221547 0.757481 190 190 190 372 60
2.339625 -0.238443 0.757532 190 190 190 376 60
2.339782 -0.255341 0.757583 190 190 190 380 60
2.339940 -0.272242 0.757634 190 190 190 384 60
2.340097 -0.289144 0.757685 190 190 190 388 60
2.340254 -0.306049 0.757736 190 190 190 392 60
2.340412 -0.322956 0.757787 190 190 190 396 60
2.340569 -0.339866 0.757838 190 190 190 400 60
2.340727 -0.356778 0.757889 190 190 190 404 60
2.340884 -0.373692 0.757940 190 190 190 408 60
2.341042 -0.390608 0.757991 190 190 190 412 60
2.341199 -0.407527 0.758042 190 190 190 416 60
2.341357 -0.424447 0.758093 190 190 190 420 60
2.341514 -0.441371 0.758144 190 190 190 424 60
2.341672 -0.458296 0.758195 190 190 190 428 60
2.341829 -0.475224 0.758246 190 190 190 432 60
2.341987 -0.492154 0.758297 190 190 190 436 60
2.342144 -0.509086 0.758348 190 190 190 440 60
2.342302 -0.526020 0.758399 190 190 190 444 60
2.342460 -0.542957 0.758450 190 190 190 448 60
2.342618 -0.559896 0.758501 190 190 190 452 60
2.342776 -0.576838 0.758552 190 190 190 456 60
2.342933 -0.593781 0.758603 190 190 190 460 60
2.343091 -0.610727 0.758654 190 190 190 464 60
2.343249 -0.627675 0.758705 190 190 190 468 60
2.343406 -0.644626 0.758756 190 190 190 472 60
2.343564 -0.661579 0.758808 190 190 190 476 60
2.343722 -0.678534 0.758859 190 190 190 480 60
2.343880 -0.695491 0.758910 190 190 190 484 60
2.344038 -0.712451 0.758961 190 190 190 488 60
2.344196 -0.729413 0.759012 190 190 190 492 60
2.344354 -0.746377 0.759063 190 190 190 496 60
2.344512 -0.763343 0.759114 190 190 190 500 60
2.344670 -0.780312 0.759165 190 190 190 504 60
2.344827 -0.797283 0.759217 190 190 190 508 60
2.344985 -0.814256 0.759268 190 190 190 512 60
2.345144 -0.831232 0.759319 190 190 190 516 60
2.345302 -0.848210 0.759370 190 190 190 520 60
2.345460 -0.865190 0.759421 190 190 190 524 60
2.345618 -0.882173 0.759472 190 190 190 528 60
2.345776 -0.899157 0.759524 190 190 190 532 60
2.345934 -0.916144 0.759575 189 189 189 536 60
2.346092 -0.933134 0.759626 189 189 189 540 60
2.346250 -0.950125 0.759677 189 189 189 544 60
2.346409 -0.967120 0.759728 189 189 189 548 60
2.346567 -0.984116 0.759780 189 189 189 552 60
2.346725 -1.001114 0.759831 189 189 189 556 60
2.346884 -1.018115 0.759882 189 189 189 560 60
2.347042 -1.035118 0.759933 189 189 189 564 60
2.347200 -1.052124 0.759984 189 189 189 568 60
2.347358 -1.069131 0.760036 189 189 189 572 60
2.347517 -1.086141 0.760087 189 189 189 576 60
2.347675 -1.103154 0.760138 189 189 189 580 60
2.347833 -1.120168 0.760189 189 189 189 584 60
2.347992 -1.137185 0.760241 189 189 189 588 60
2.348150 -1.154204 0.760292 189 189 189 592 60
2.348309 -1.171226 0.760343 189 189 189 596 60
2.348467 -1.188250 0.760395 189 189 189 600 60
2.348626 -1.205276 0.760446 189 189 189 604 60
2.348784 -1.222304 0.760497 189 189 189 608 60
2.348943 -1.239335 0.760549 189 189 189 612 60
2.349101 -1.256368 0.760600 189 189 189 616 60
2.349260 -1.273403 0.760651 189 189 189 620 60
2.349419 -1.290441 0.760703 189 189 189 624 60
2.349577 -1.307480 0.760754 189 189 189 628 60
2.349736 -1.324522 0.760805 189 189 189 632 60
2.349895 -1.341567 0.760857 189 189 189 636 60
2.757141 1.588986 0.872823 178 178 178 0 64
2.757360 1.569217 0.872893 178 178 178 4 64
2.757579 1.549445 0.872962 178 178 178 8 64
2.757797 1.529670 0.873031 178 178 178 12 64
2.758016 1.509891 0.873100 178 178 178 16 64
2.758234 1.490110 0.873169 178 178 178 20 64
2.758453 1.470325 0.873239 178 178 178 24 64
2.758671 1.450537 0.873308 178 178 178 28 64
2.758891 1.430746 0.873377 178 178 178 32 64
2.759109 1.410952 0.873446 178 178 178 36 64
2.759328 1.391155 0.873516 178 178 178 40 64
2.759547 1.371354 0.873585 178 178 178 44 64
2.759766 1.351551 0.873654 178 178 178 48 64
2.759984 1.331744 0.873723 178 178 178 52 64
2.760203 1.311934 0.873793 178 178 178 56 64
2.760422 1.292121 0.873862 178 178 178 60 64
2.760641 1.272305 0.873931 178 178 178 64 64
2.760860 1.252485 0.874001 178 178 178 68 64
2.761079 1.232663 0.874070 178 178 178 72 64
2.761298 1.212837 0.874139 178 178 178 76 64
2.761518 1.193009 0.874209 178 178 178 80 64
2.761737 1.173177 0.874278 178 178 178 84 64
2.761956 1.153342 0.874348 178 178 178 88 64
2.762175 1.133504 0.874417 178 178 178 92 64
2.762394 1.113662 0.874486 178 178 178 96 64
2.762613 1.093817 0.874556 178 178 178 100 64
2.762833 1.073970 0.874625 178 178 178 104 64
2.763052 1.054119 0.874695 178 178 178 108 64
2.763272 1.034265 0.874764 178 178 178 112 64
2.763491 1.014408 0.874834 178 178 178 116 64
2.763710 0.994548 0.874903 178 178 178 120 64
2.763930 0.974685 0.874973 178 178 178 124 64
2.764149 0.954818 0.875042 178 178 178 128 64
2.764369 0.934948 0.875112 178 178 178 132 64
2.764589 0.915075 0.875181 178 178 178 136 64
2.764809 0.895199 0.875251 178 178 178 140 64
2.765028 0.875320 0.875320 178 178 178 144 64
2.765248 0.855438 0.875390 178 178 178 148 64
2.765468 0.835552 0.875459 178 178 178 152 64
2.765688 0.815664 0.875529 178 178 178 156 64
2.765907 0.795772 0.875599 178 178 178 160 64
2.766127 0.775877 0.875668 178 178 178 164 64
2.766347 0.755979 0.875738 178 178 178 168 64
2.766567 0.736077 0.875807 178 178 178 172 64
2.766787 0.716173 0.875877 178 178 178 176 64
2.767007 0.696265 0.875947 178 178 178 180 64
2.767227 0.676354 0.876016 178 178 178 184 64
2.767447 0.656440 0.876086 178 178 178 188 64
2.767667 0.636523 0.876156 178 178 178 192 64
2.767887 0.616603 0.876225 178 178 178 196 64
2.768107 0.596679 0.876295 178 178 178 200 64
2.768328 0.576753 0.876365 178 178 178 204 64
2.768548 0.556823 0.876434 178 178 178 208 64
2.768769 0.536890 0.876504 178 178 178 212 64
2.768988 0.516954 0.876574 178 178 178 216 64
2.769209 0.497014 0.876644 178 178 178 220 64
2.769429 0.477072 0.876713 178 178 178 224 64
2.769650 0.457126 0.876783 178 178 178 228 64
2.769870 0.437177 0.876853 178 178 178 232 64
2.770091 0.417225 0.876923 178 178 178 236 64
2.770311 0.397270 0.876993 178 178 178 240 64
2.770532 0.377312 0.877062 178 178 178 244 64
2.770753 0.357350 0.877132 178 178 178 248 64
2.770973 0.337385 0.877202 178 178 178 252 64
2.771194 0.317418 0.877272 178 178 178 256 64
2.771415 0.297446 0.877342 178 178 178 260 64
2.771635 0.277472 0.877412 178 178 178 264 64
2.771856 0.257495 0.877482 178 178 178 268 64
2.772077 0.237514 0.877552 178 178 178 272 64
2.772298 0.217530 0.877622 178 178 178 276 64
2.772518 0.197543 0.877691 178 178 178 280 64
2.772740 0.177553 0.877761 178 178 178 284 64
2.772960 0.157559 0.877831 178 178 178 288 64
2.773181 0.137563 0.877901 178 178 178 292 64
2.773402 0.117563 0.877971 178 178 178 296 64
2.773623 0.097560 0.878041 178 178 178 300 64
2.773844 0.077554 0.878111 178 178 178 304 64
2.774065 0.057545 0.878181 178 178 178 308 64
2.774287 0.037532 0.878251 178 178 178 312 64
2.774508 0.017516 0.878321 178 178 178 316 64
2.774729 -0.002503 0.878391 178 178 178 320 64
2.774950 -0.022525 0.878461 178 178 178 324 64
2.775172 -0.042550 0.878532 178 178 178 328 64
2.775393 -0.062578 0.878602 178 178 178 332 64
2.775615 -0.082610 0.878672 178 178 178 336 64
2.775836 -0.102645 0.878742 178 178 178 340 64
2.776057 -0.122683 0.878812 178 178 178 344 64
2.776279 -0.142724 0.878882 178 178 178 348 64
2.776500 -0.162769 0.878952 178 178 178 352 64
2.776722 -0.182817 0.879022 178 178 178 356 64
2.776943 -0.202867 0.879092 178 178 178 360 64
2.777165 -0.222922 0.879162 178 178 178 364 64
2.777387 -0.242979 0.879233 178 178 178 368 64
2.777608 -0.263039 0.879303 178 178 178 372 64
2.777830 -0.283103 0.879373 178 178 178 376 64
2.778052 -0.303170 0.879443 178 178 178 380 64
2.778274 -0.323240 0.879513 178 178 178 384 64
2.778496 -0.343313 0.879584 178 178 178 388 64
2.778718 -0.363390 0.879654 178 178 178 392 64
2.778939 -0.383469 0.879724 177 177 177 396 64
2.779161 -0.403552 0.879794 177 177 177 400 64
2.779383 -0.423639 0.879865 177 177 177 404 64
2.779605 -0.443728 0.879935 177 177 177 408 64
2.779827 -0.463820 0.880005 177 177 177 412 64
2.780049 -0.483916 0.880076 177 177 177 416 64
2.780272 -0.504015 0.880146 177 177 177 420 64
2.780493 -0.524117 0.880216 177 177 177 424 64
2.780716 -0.544223 0.880287 177 177 177 428 64
2.780938 -0.564331 0.880357 177 177 177 432 64
2.781160 -0.584443 0.880427 177 177 177 436 64
2.781383 -0.604558 0.880498 177 177 177 440 64
2.781605 -0.624676 0.880568 177 177 177 444 64
2.781827 -0.644798 0.880638 177 177 177 448 64
2.782049 -0.664922 0.880709 177 177 177 452 64
2.782272 -0.685050 0.880779 177 177 177 456 64
2.782494 -0.705181 0.880849 177 177 177 460 64
2.782717 -0.725316 0.880920 177 177 177 464 64
2.782939 -0.745453 0.880990 177 177 177 468 64
2.783162 -0.765594 0.881061 177 177 177 472 64
2.783385 -0.785738 0.881131 177 177 177 476 64
2.783608 -0.805885 0.881202 177 177 177 480 64
2.783830 -0.826036 0.881272 177 177 177 484 64
2.784053 -0.846190 0.881343 177 177 177 488 64
2.784276 -0.866347 0.881413 177 177 177 492 64
2.784498 -0.886507 0.881484 177 177 177 496 64
2.784721 -0.906670 0.881554 177 177 177 500 64
2.784944 -0.926836 0.881625 177 177 177 504 64
2.785167 -0.947006 0.881696 177 177 177 508 64
2.785390 -0.967179 0.881766 177 177 177 512 64
2.785613 -0.987356 0.881837 177 177 177 516 64
2.785836 -1.007535 0.881907 177 177 177 520 64
2.786059 -1.027718 0.881978 177 177 177 524 64
2.786282 -1.047904 0.882049 177 177 177 528 64
2.786505 -1.068093 0.882119 177 177 177 532 64
2.786728 -1.088285 0.882190 177 177 177 536 64
2.786949 -1.108480 0.882260 177 177 177 540 64
2.787172 -1.128679 0.882330 177 177 177 544 64
2.787396 -1.148881 0.882401 177 177 177 548 64
2.787619 -1.169087 0.882472 177 177 177 552 64
2.787843 -1.189295 0.882542 177 177 177 556 64
2.788066 -1.209507 0.882613 177 177 177 560 64
2.788290 -1.229722 0.882684 177 177 177 564 64
2.788513 -1.249941 0.882754 177 177 177 568 64
2.788736 -1.270162 0.882825 177 177 177 572 64
2.788960 -1.290387 0.882896 177 177 177 576 64
2.789184 -1.310615 0.882967 177 177 177 580 64
2.789407 -1.330846 0.883038 177 177 177 584 64
2.789631 -1.351081 0.883108 177 177 177 588 64
2.789855 -1.371319 0.883179 177 177 177 592 64
2.790079 -1.391560 0.883250 177 177 177 596 64
2.790303 -1.411804 0.883321 177 177 177 600 64
2.790526 -1.432052 0.883392 177 177 177 604 64
2.790750 -1.452302 0.883463 177 177 177 608 64
2.790974 -1.472556 0.883533 177 177 177 612 64
2.791198 -1.492814 0.883604 177 177 177 616 64
2.791422 -1.513074 0.883675 177 177 177 620 64
2.791646 -1.533338 0.883746 177 177 177 624 64
2.791870 -1.553605 0.883817 177 177 177 628 64
2.792094 -1.573875 0.883888 177 177 177 632 64
2.792318 -1.594149 0.883959 177 177 177 636 64
3.386745 1.951837 1.047700 161 161 161 0 68
3.387074 1.927589 1.047802 161 161 161 4 68
3.387404 1.903335 1.047904 161 161 161 8 68
3.387734 1.879077 1.048006 161 161 161 12 68
3.388064 1.854815 1.048108 161 161 161 16 68
3.388393 1.830547 1.048210 161 161 161 20 68
3.388723 1.806275 1.048312 161 161 161 24 68
3.389054 1.781998 1.048414 161 161 161 28 68
3.389384 1.757717 1.048516 161 161 161 32 68
3.389714 1.733430 1.048618 161 161 161 36 68
3.390044 1.709139 1.048720 161 161 161 40 68
3.390374 1.684843 1.048823 161 161 161 44 68
3.390705 1.660543 1.048925 161 161 161 48 68
3.391035 1.636238 1.049027 161 161 161 52 68
3.391366 1.611928 1.049129 161 161 161 56 68
3.391696 1.587613 1.049232 161 161 161 60 68
3.392027 1.563293 1.049334 161 161 161 64 68
3.392358 1.538969 1.049436 161 161 161 68 68
3.392688 1.514640 1.049538 160 160 160 72 68
3.393019 1.490306 1.049641 160 160 160 76 68
3.393350 1.465968 1.049743 160 160 160 80 68
3.393681 1.441625 1.049846 160 160 160 84 68
3.394012 1.417277 1.049948 160 160 160 88 68
3.394343 1.392924 1.050050 160 160 160 92 68
3.394674 1.368566 1.050153 160 160 160 96 68
3.395005 1.344204 1.050255 160 160 160 100 68
3.395336 1.319837 1.050358 160 160 160 104 68
3.395668 1.295465 1.050460 160 160 160 108 68
3.395999 1.271089 1.050563 160 160 160 112 68
3.396330 1.246708 1.050665 160 160 160 116 68
3.396662 1.222322 1.050768 160 160 160 120 68
3.396993 1.197931 1.050870 160 160 160 124 68
3.397325 1.173535 1.050973 160 160 160 128 68
3.397657 1.149135 1.051075 160 160 160 132 68
3.397989 1.124730 1.051178 160 160 160 136 68
3.398321 1.100320 1.051281 160 160 160 140 68
3.398652 1.075905 1.051383 160 160 160 144 68
3.398984 1.051486 1.051486 160 160 160 148 68
3.399317 1.027062 1.051589 160 160 160 152 68
3.399649 1.002633 1.051692 160 160 160 156 68
3.399981 0.978199 1.051794 160 160 160 160 68
3.400313 0.953761 1.051897 160 160 160 164 68
3.400645 0.929318 1.052000 160 160 160 168 68
3.400978 0.904870 1.052103 160 160 160 172 68
3.401310 0.880417 1.052206 160 160 160 176 68
3.401643 0.855959 1.052309 160 160 160 180 68
3.401975 0.831497 1.052411 160 160 160 184 68
3.402308 0.807030 1.052514 160 160 160 188 68
3.402641 0.782558 1.052617 160 160 160 192 68
3.402973 0.758081 1.052720 160 160 160 196 68
3.403306 0.733600 1.052823 160 160 160 200 68
3.403639 0.709113 1.052926 160 160 160 204 68
3.403972 0.684622 1.053029 160 160 160 208 68
3.404305 0.660127 1.053132 160 160 160 212 68
3.404638 0.635626 1.053235 160 160 160 216 68
3.404971 0.611120 1.053338 160 160 160 220 68
3.405304 0.586610 1.053441 160 160 160 224 68
3.405638 0.562095 1.053544 160 160 160 228 68
3.405971 0.537575 1.053648 160 160 160 232 68
3.406304 0.513051 1.053751 160 160 160 236 68
3.406638 0.488521 1.053854 160 160 160 240 68
3.406971 0.463987 1.053957 160 160 160 244 68
3.407305 0.439448 1.054060 160 160 160 248 68
3.407639 0.414904 1.054163 160 160 160 252 68
3.407972 0.390355 1.054267 160 160 160 256 68
3.408306 0.365802 1.054370 160 160 160 260 68
3.408640 0.341243 1.054473 160 160 160 264 68
3.408974 0.316680 1.054577 160 160 160 268 68
3.409308 0.292112 1.054680 160 160 160 272 68
3.409642 0.267540 1.054783 160 160 160 276 68
3.409976 0.242962 1.054887 160 160 160 280 68
3.410310 0.218380 1.054990 160 160 160 284 68
3.410645 0.193793 1.055093 160 160 160 288 68
3.410979 0.169201 1.055197 160 160 160 292 68
3.411313 0.144604 1.055300 160 160 160 296 68
3.411647 0.120002 1.055404 160 160 160 300 68
3.411982 0.095396 1.055507 160 160 160 304 68
3.412317 0.070784 1.055611 160 160 160 308 68
3.412651 0.046168 1.055714 160 160 160 312 68
3.412986 0.021547 1.055818 160 160 160 316 68
3.413321 -0.003079 1.055921 160 160 160 320 68
3.413656 -0.027709 1.056025 160 160 160 324 68
3.413990 -0.052345 1.056128 160 160 160 328 68
3.414326 -0.076985 1.056232 160 160 160 332 68
3.414660 -0.101630 1.056336 160 160 160 336 68
3.414995 -0.126280 1.056439 160 160 160 340 68
3.415330 -0.150935 1.056543 160 160 160 344 68
3.415666 -0.175594 1.056647 160 160 160 348 68
3.416002 -0.200259 1.056751 160 160 160 352 68
3.416337 -0.224928 1.056854 160 160 160 356 68
3.416672 -0.249602 1.056958 160 160 160 360 68
3.417007 -0.274281 1.057062 160 160 160 364 68
3.417343 -0.298965 1.057166 160 160 160 368 68
3.417679 -0.323654 1.057269 160 160 160 372 68
3.418014 -0.348347 1.057373 160 160 160 376 68
3.418350 -0.373046 1.057477 160 160 160 380 68
3.418686 -0.397749 1.057581 160 160 160 384 68
3.419022 -0.422457 1.057685 160 160 160 388 68
3.419355 -0.447170 1.057788 160 160 160 392 68
3.419692 -0.471888 1.057892 160 160 160 396 68
3.420027 -0.496610 1.057996 160 160 160 400 68
3.420364 -0.521338 1.058100 160 160 160 404 68
3.420700 -0.546070 1.058204 160 160 160 408 68
3.421036 -0.570808 1.058308 160 160 160 412 68
3.421373 -0.595550 1.058412 160 160 160 416 68
3.421710 -0.620297 1.058516 160 160 160 420 68
3.422046 -0.645049 1.058620 160 160 160 424 68
3.422383 -0.669805 1.058725 160 160 160 428 68
3.422720 -0.694567 1.058829 160 160 160 432 68
3.423056 -0.719333 1.058933 160 160 160 436 68
3.423394 -0.744105 1.059037 160 160 160 440 68
3.423730 -0.768881 1.059142 160 160 160 444 68
3.424067 -0.793662 1.059246 160 160 160 448 68
3.424404 -0.818448 1.059350 160 160 160 452 68
3.424742 -0.843239 1.059454 160 160 160 456 68
3.425079 -0.868035 1.059559 160 160 160 460 68
3.425416 -0.892835 1.059663 160 160 160 464 68
3.425754 -0.917641 1.059767 160 160 160 468 68
3.426091 -0.942452 1.059872 160 160 160 472 68
3.426429 -0.967267 1.059976 160 160 160 476 68
3.426766 -0.992087 1.060080 160 160 160 480 68
3.427104 -1.016912 1.060185 160 160 160 484 68
3.427441 -1.041742 1.060289 160 160 160 488 68
3.427779 -1.066577 1.060394 160 160 160 492 68
3.428117 -1.091417 1.060498 160 160 160 496 68
3.428455 -1.116261 1.060603 160 160 160 500 68
3.428793 -1.141111 1.060708 159 159 159 504 68
3.429131 -1.165965 1.060812 159 159 159 508 68
3.429469 -1.190825 1.060917 159 159 159 512 68
3.429806 -1.215689 1.061021 159 159 159 516 68
3.430145 -1.240558 1.061126 159 159 159 520 68
3.430483 -1.265432 1.061230 159 159 159 524 68
3.430821 -1.290311 1.061335 159 159 159 528 68
3.431160 -1.315195 1.061440 159 159 159 532 68
3.431499 -1.340084 1.061545 159 159 159 536 68
3.431837 -1.364977 1.061649 159 159 159 540 68
3.432176 -1.389876 1.061754 159 159 159 544 68
3.432514 -1.414780 1.061859 159 159 159 548 68
3.432853 -1.439688 1.061963 159 159 159 552 68
3.433192 -1.464602 1.062068 159 159 159 556 68
3.433531 -1.489520 1.062173 159 159 159 560 68
3.433870 -1.514443 1.062278 159 159 159 564 68
3.434209 -1.539371 1.062383 159 159 159 568 68
3.434548 -1.564304 1.062487 159 159 159 572 68
3.434887 -1.589242 1.062592 159 159 159 576 68
3.435226 -1.614185 1.062697 159 159 159 580 68
3.435565 -1.639133 1.062802 159 159 159 584 68
3.435905 -1.664086 1.062907 159 159 159 588 68
3.436244 -1.689043 1.063012 159 159 159 592 68
3.436584 -1.714006 1.063117 159 159 159 596 68
3.436923 -1.738974 1.063222 159 159 159 600 68
3.437263 -1.763946 1.063327 159 159 159 604 68
3.437602 -1.788923 1.063432 159 159 159 608 68
3.437942 -1.813906 1.063538 159 159 159 612 68
3.438282 -1.838893 1.063643 159 159 159 616 68
3.438622 -1.863885 1.063748 159 159 159 620 68
3.438962 -1.888883 1.063853 159 159 159 624 68
3.439302 -1.913885 1.063958 159 159 159 628 68
3.439642 -1.938892 1.064063 159 159 159 632 68
3.439982 -1.963904 1.064169 159 159 159 636 68
4.388986 2.529445 1.326078 133 133 133 0 72
4.389539 2.498093 1.326246 133 133 133 4 72
4.390093 2.466732 1.326413 133 133 133 8 72
4.390647 2.435364 1.326580 133 133 133 12 72
4.391201 2.403988 1.326748 133 133 133 16 72
4.391755 2.372604 1.326915 133 133 133 20 72
4.392310 2.341212 1.327083 133 133 133 24 72
4.392864 2.309812 1.327250 133 133 133 28 72
4.393419 2.278404 1.327418 133 133 133 32 72
4.393974 2.246988 1.327586 133 133 133 36 72
4.394528 2.215564 1.327753 133 133 133 40 72
4.395083 2.184133 1.327921 133 133 133 44 72
4.395638 2.152693 1.328089 133 133 133 48 72
4.396194 2.121245 1.328256 133 133 133 52 72
4.396749 2.089790 1.328424 133 133 133 56 72
4.397305 2.058326 1.328592 133 133 133 60 72
4.397861 2.026855 1.328760 133 133 133 64 72
4.398416 1.995375 1.328928 133 133 133 68 72
4.398973 1.963888 1.329096 133 133 133 72 72
4.399529 1.932393 1.329264 133 133 133 76 72
4.400085 1.900889 1.329432 133 133 133 80 72
4.400641 1.869378 1.329600 133 133 133 84 72
4.401198 1.837859 1.329768 133 133 133 88 72
4.401755 1.806332 1.329937 133 133 133 92 72
4.402312 1.774796 1.330105 133 133 133 96 72
4.402868 1.743253 1.330273 133 133 133 100 72
4.403426 1.711702 1.330441 132 132 132 104 72
4.403983 1.680143 1.330610 132 132 132 108 72
4.404540 1.648576 1.330778 132 132 132 112 72
4.405098 1.617001 1.330947 132 132 132 116 72
4.405655 1.585418 1.331115 132 132 132 120 72
4.406214 1.553827 1.331284 132 132 132 124 72
4.406771 1.522228 1.331452 132 132 132 128 72
4.407330 1.490620 1.331621 132 132 132 132 72
4.407887 1.459005 1.331790 132 132 132 136 72
4.408446 1.427382 1.331958 132 132 132 140 72
4.409005 1.395751 1.332127 132 132 132 144 72
4.409564 1.364112 1.332296 132 132 132 148 72
4.410122 1.332465 1.332465 132 132 132 152 72
4.410681 1.300809 1.332634 132 132 132 156 72
4.411241 1.269146 1.332803 132 132 132 160 72
4.411800 1.237475 1.332972 132 132 132 164 72
4.412359 1.205796 1.333141 132 132 132 168 72
4.412919 1.174109 1.333310 132 132 132 172 72
4.413479 1.142413 1.333479 132 132 132 176 72
4.414038 1.110710 1.333648 132 132 132 180 72
4.414598 1.078998 1.333817 132 132 132 184 72
4.415158 1.047279 1.333986 132 132 132 188 72
4.415719 1.015551 1.334156 132 132 132 192 72
4.416279 0.983816 1.334325 132 132 132 196 72
4.416840 0.952072 1.334494 132 132 132 200 72
4.417400 0.920320 1.334664 132 132 132 204 72
4.417961 0.888560 1.334833 132 132 132 208 72
4.418522 0.856793 1.335003 132 132 132 212 72
4.419083 0.825017 1.335172 132 132 132 216 72
4.419644 0.793233 1.335342 132 132 132 220 72
4.420206 0.761441 1.335511 132 132 132 224 72
4.420767 0.729641 1.335681 132 132 132 228 72
4.421329 0.697832 1.335851 132 132 132 232 72
4.421891 0.666016 1.336021 132 132 132 236 72
4.422452 0.634192 1.336190 132 132 132 240 72
4.423015 0.602359 1.336360 132 132 132 244 72
4.423574 0.570518 1.336529 132 132 132 248 72
4.424137 0.538670 1.336699 132 132 132 252 72
4.424699 0.506813 1.336869 132 132 132 256 72
4.425263 0.474948 1.337039 132 132 132 260 72
4.425826 0.443075 1.337209 132 132 132 264 72
4.426389 0.411194 1.337380 132 132 132 268 72
4.426952 0.379305 1.337550 132 132 132 272 72
4.427516 0.347408 1.337720 132 132 132 276 72
4.428079 0.315502 1.337890 132 132 132 280 72
4.428643 0.283589 1.338061 132 132 132 284 72
4.429207 0.251667 1.338231 132 132 132 288 72
4.429771 0.219737 1.338401 132 132 132 292 72
4.430336 0.187800 1.338572 132 132 132 296 72
4.430900 0.155854 1.338742 132 132 132 300 72
4.431464 0.123899 1.338913 132 132 132 304 72
4.432029 0.091937 1.339084 132 132 132 308 72
4.432593 0.059967 1.339254 132 132 132 312 72
4.433158 0.027988 1.339425 132 132 132 316 72
4.433723 -0.003999 1.339595 132 132 132 320 72
4.434289 -0.035994 1.339766 132 132 132 324 72
4.434854 -0.067997 1.339937 132 132 132 328 72
4.435420 -0.100008 1.340108 132 132 132 332 72
4.435985 -0.132028 1.340279 132 132 132 336 72
4.436550 -0.164055 1.340450 132 132 132 340 72
4.437117 -0.196091 1.340621 132 132 132 344 72
4.437683 -0.228135 1.340792 132 132 132 348 72
4.438249 -0.260187 1.340963 132 132 132 352 72
4.438815 -0.292247 1.341134 132 132 132 356 72
4.439382 -0.324316 1.341305 131 131 131 360 72
4.439948 -0.356392 1.341476 131 131 131 364 72
4.440515 -0.388477 1.341648 131 131 131 368 72
4.441082 -0.420570 1.341819 131 131 131 372 72
4.441649 -0.452671 1.341990 131 131 131 376 72
4.442216 -0.484781 1.342162 131 131 131 380 72
4.442784 -0.516898 1.342333 131 131 131 384 72
4.443351 -0.549024 1.342505 131 131 131 388 72
4.443919 -0.581158 1.342676 131 131 131 392 72
4.444486 -0.613301 1.342848 131 131 131 396 72
4.445055 -0.645451 1.343019 131 131 131 400 72
4.445622 -0.677610 1.343191 131 131 131 404 72
4.446191 -0.709777 1.343363 131 131 131 408 72
4.446759 -0.741952 1.343534 131 131 131 412 72
4.447328 -0.774135 1.343706 131 131 131 416 72
4.447896 -0.806327 1.343878 131 131 131 420 72
4.448465 -0.838527 1.344050 131 131 131 424 72
4.449034 -0.870734 1.344222 131 131 131 428 72
4.449603 -0.902951 1.344393 131 131 131 432 72
4.450172 -0.935175 1.344566 131 131 131 436 72
4.450742 -0.967408 1.344738 131 131 131 440 72
4.451312 -0.999649 1.344910 131 131 131 444 72
4.451881 -1.031898 1.345082 131 131 131 448 72
4.452451 -1.064156 1.345254 131 131 131 452 72
4.453022 -1.096422 1.345426 131 131 131 456 72
4.453591 -1.128696 1.345598 131 131 131 460 72
4.454161 -1.160978 1.345771 131 131 131 464 72
4.454731 -1.193269 1.345943 131 131 131 468 72
4.455303 -1.225568 1.346116 131 131 131 472 72
4.455873 -1.257875 1.346288 131 131 131 476 72
4.456444 -1.290190 1.346460 131 131 131 480 72
4.457015 -1.322514 1.346633 131 131 131 484 72
4.457586 -1.354846 1.346806 131 131 131 488 72
4.458158 -1.387186 1.346978 131 131 131 492 72
4.458728 -1.419535 1.347151 131 131 131 496 72
4.459301 -1.451892 1.347323 131 131 131 500 72
4.459872 -1.484257 1.347496 131 131 131 504 72
4.460444 -1.516630 1.347669 131 131 131 508 72
4.461016 -1.549012 1.347842 131 131 131 512 72
4.461588 -1.581402 1.348015 131 131 131 516 72
4.462160 -1.613800 1.348187 131 131 131 520 72
4.462732 -1.646207 1.348360 131 131 131 524 72
4.463305 -1.678622 1.348534 131 131 131 528 72
4.463878 -1.711045 1.348707 131 131 131 532 72
4.464451 -1.743477 1.348880 131 131 131 536 72
4.465024 -1.775917 1.349053 131 131 131 540 72
4.465597 -1.808365 1.349225 131 131 131 544 72
4.466171 -1.840822 1.349399 131 131 131 548 72
4.466744 -1.873287 1.349572 131 131 131 552 72
4.467318 -1.905760 1.349745 131 131 131 556 72
4.467892 -1.938242 1.349918 131 131 131 560 72
4.468465 -1.970732 1.350092 131 131 131 564 72
4.469039 -2.003230 1.350265 131 131 131 568 72
4.469614 -2.035737 1.350439 131 131 131 572 72
4.470188 -2.068252 1.350613 131 131 131 576 72
4.470763 -2.100775 1.350786 131 131 131 580 72
4.471337 -2.133307 1.350960 131 131 131 584 72
4.471912 -2.165847 1.351133 131 131 131 588 72
4.472487 -2.198396 1.351307 131 131 131 592 72
4.473063 -2.230953 1.351481 131 131 131 596 72
4.473638 -2.263518 1.351655 131 131 131 600 72
4.474213 -2.296092 1.351828 131 131 131 604 72
4.474789 -2.328674 1.352002 131 131 131 608 72
4.475365 -2.361264 1.352176 130 130 130 612 72
4.475940 -2.393863 1.352350 130 130 130 616 72
4.476516 -2.426470 1.352524 130 130 130 620 72
4.477093 -2.459086 1.352699 130 130 130 624 72
4.477669 -2.491709 1.352873 130 130 130 628 72
4.478245 -2.524342 1.353047 130 130 130 632 72
4.478822 -2.556983 1.353221 130 130 130 636 72
6.233738 3.592607 1.838470 82 82 82 0 76
6.234856 3.548265 1.838800 82 82 82 4 76
5.822425 3.271540 1.717165 93 93 93 8 76
5.822142 3.229373 1.717081 93 93 93 12 76
5.821858 3.187209 1.716998 93 93 93 16 76
5.821576 3.145051 1.716914 93 93 93 20 76
5.821293 3.102896 1.716831 93 93 93 24 76
5.821011 3.060745 1.716748 93 93 93 28 76
5.820728 3.018599 1.716664 93 93 93 32 76
5.820445 2.976456 1.716581 93 93 93 36 76
5.820161 2.934317 1.716497 93 93 93 40 76
5.819880 2.892184 1.716414 93 93 93 44 76
5.819597 2.850054 1.716331 93 93 93 48 76
5.819314 2.807927 1.716247 93 93 93 52 76
5.819032 2.765805 1.716164 93 93 93 56 76
5.818749 2.723687 1.716081 93 93 93 60 76
5.818467 2.681574 1.715997 93 93 93 64 76
5.818183 2.639464 1.715914 93 93 93 68 76
5.817902 2.597358 1.715831 93 93 93 72 76
5.817619 2.555256 1.715747 93 93 93 76 76
5.817337 2.513159 1.715664 93 93 93 80 76
5.817054 2.471066 1.715581 93 93 93 84 76
5.816772 2.428976 1.715497 93 93 93 88 76
5.816490 2.386891 1.715414 93 93 93 92 76
5.816208 2.344810 1.715331 93 93 93 96 76
5.815925 2.302733 1.715248 93 93 93 100 76
5.815642 2.260660 1.715164 93 93 93 104 76
5.815360 2.218591 1.715081 93 93 93 108 76
5.815078 2.176526 1.714998 93 93 93 112 76
5.814796 2.134466 1.714915 93 93 93 116 76
5.814514 2.092409 1.714831 93 93 93 120 76
5.893120 2.078176 1.738014 91 91 91 124 76
6.013709 2.077311 1.773579 88 88 88 128 76
6.139336 2.076409 1.810629 84 84 84 132 76
6.271941 2.076005 1.849737 81 81 81 136 76
6.273072 2.031117 1.850071 81 81 81 140 76
6.274203 1.986214 1.850404 81 81 81 144 76
6.275335 1.941294 1.850738 81 81 81 148 76
6.276468 1.896358 1.851072 81 81 81 152 76
6.277600 1.851406 1.851406 81 81 81 156 76
6.278733 1.806438 1.851740 81 81 81 160 76
6.279867 1.761453 1.852075 80 80 80 164 76
6.281000 1.716452 1.852409 80 80 80 168 76
6.282135 1.671435 1.852744 80 80 80 172 76
6.283270 1.626402 1.853078 80 80 80 176 76
6.284404 1.581352 1.853413 80 80 80 180 76
6.285540 1.536286 1.853748 80 80 80 184 76
6.286676 1.491204 1.854083 80 80 80 188 76
6.287813 1.446106 1.854418 80 80 80 192 76
6.288949 1.400991 1.854753 80 80 80 196 76
6.290087 1.355860 1.855089 80 80 80 200 76
6.291224 1.310712 1.855424 80 80 80 204 76
6.292362 1.265549 1.855760 80 80 80 208 76
6.293500 1.220368 1.856095 80 80 80 212 76
6.294639 1.175172 1.856431 80 80 80 216 76
6.295779 1.129959 1.856767 80 80 80 220 76
6.296919 1.084730 1.857104 80 80 80 224 76
6.298059 1.039485 1.857440 80 80 80 228 76
6.299199 0.994223 1.857776 80 80 80 232 76
6.300339 0.948944 1.858113 80 80 80 236 76
6.301482 0.903650 1.858449 80 80 80 240 76
6.302623 0.858338 1.858786 80 80 80 244 76
6.303766 0.813011 1.859123 80 80 80 248 76
6.304907 0.767667 1.859460 80 80 80 252 76
6.306051 0.722306 1.859797 80 80 80 256 76
6.307194 0.676929 1.860134 80 80 80 260 76
6.308338 0.631536 1.860472 80 80 80 264 76
6.309482 0.586126 1.860809 80 80 80 268 76
6.310627 0.540700 1.861147 80 80 80 272 76
6.311772 0.495257 1.861484 80 80 80 276 76
6.312917 0.449798 1.861822 80 80 80 280 76
6.314064 0.404322 1.862160 80 80 80 284 76
6.315209 0.358830 1.862498 80 80 80 288 76
6.316356 0.313321 1.862836 79 79 79 292 76
6.317503 0.267796 1.863174 79 79 79 296 76
6.318651 0.222254 1.863513 79 79 79 300 76
6.319799 0.176695 1.863852 79 79 79 304 76
6.320947 0.131120 1.864190 79 79 79 308 76
6.322096 0.085529 1.864529 79 79 79 312 76
6.323245 0.039921 1.864868 79 79 79 316 76
6.324395 -0.005704 1.865207 79 79 79 320 76
6.325545 -0.051345 1.865546 79 79 79 324 76
6.326695 -0.097003 1.865885 79 79 79 328 76
6.327847 -0.142678 1.866225 79 79 79 332 76
6.328998 -0.188369 1.866565 79 79 79 336 76
6.330149 -0.234077 1.866904 79 79 79 340 76
6.331302 -0.279801 1.867244 79 79 79 344 76
6.332455 -0.325542 1.867584 79 79 79 348 76
6.333607 -0.371300 1.867924 79 79 79 352 76
6.334761 -0.417074 1.868264 79 79 79 356 76
6.335915 -0.462865 1.868604 79 79 79 360 76
6.337069 -0.508673 1.868945 79 79 79 364 76
6.338223 -0.554497 1.869285 79 79 79 368 76
6.339378 -0.600339 1.869626 79 79 79 372 76
6.340533 -0.646196 1.869967 79 79 79 376 76
6.341690 -0.692071 1.870308 79 79 79 380 76
6.342846 -0.737962 1.870649 79 79 79 384 76
6.344003 -0.783870 1.870990 79 79 79 388 76
6.345160 -0.829795 1.871331 79 79 79 392 76
6.346318 -0.875737 1.871673 79 79 79 396 76
6.347476 -0.921695 1.872014 79 79 79 400 76
6.348634 -0.967670 1.872356 79 79 79 404 76
6.349793 -1.013662 1.872698 79 79 79 408 76
6.350952 -1.059671 1.873039 79 79 79 412 76
6.352112 -1.105696 1.873381 78 78 78 416 76
6.353272 -1.151738 1.873724 78 78 78 420 76
6.354433 -1.197797 1.874066 78 78 78 424 76
6.355595 -1.243873 1.874408 78 78 78 428 76
6.356756 -1.289966 1.874751 78 78 78 432 76
6.357917 -1.336076 1.875093 78 78 78 436 76
6.359079 -1.382202 1.875436 78 78 78 440 76
6.360242 -1.428345 1.875779 78 78 78 444 76
6.361405 -1.474506 1.876122 78 78 78 448 76
6.362568 -1.520683 1.876465 78 78 78 452 76
6.363733 -1.566877 1.876809 78 78 78 456 76
6.364897 -1.613088 1.877152 78 78 78 460 76
6.366062 -1.659316 1.877496 78 78 78 464 76
6.367228 -1.705560 1.877839 78 78 78 468 76
6.368393 -1.751822 1.878183 78 78 78 472 76
6.105090 -1.723442 1.800529 85 85 85 476 76
5.949015 -1.722306 1.754499 90 90 90 480 76
5.800722 -1.721227 1.710764 94 94 94 484 76
5.788671 -1.759418 1.707210 94 94 94 488 76
5.788392 -1.801098 1.707128 94 94 94 492 76
5.788113 -1.842774 1.707045 94 94 94 496 76
5.787833 -1.884445 1.706963 94 94 94 500 76
5.787554 -1.926113 1.706881 94 94 94 504 76
5.787275 -1.967776 1.706798 94 94 94 508 76
5.786995 -2.009436 1.706716 94 94 94 512 76
5.786717 -2.051092 1.706634 94 94 94 516 76
5.786438 -2.092743 1.706551 94 94 94 520 76
5.786158 -2.134391 1.706469 94 94 94 524 76
5.785879 -2.176034 1.706386 94 94 94 528 76
5.785600 -2.217674 1.706304 94 94 94 532 76
5.785321 -2.259309 1.706222 94 94 94 536 76
5.785042 -2.300941 1.706139 94 94 94 540 76
5.784763 -2.342568 1.706057 94 94 94 544 76
5.784484 -2.384192 1.705974 94 94 94 548 76
5.784205 -2.425811 1.705892 94 94 94 552 76
5.783926 -2.467426 1.705810 94 94 94 556 76
5.783647 -2.509037 1.705727 94 94 94 560 76
5.783368 -2.550645 1.705645 94 94 94 564 76
5.783090 -2.592248 1.705563 94 94 94 568 76
5.782810 -2.633847 1.705481 94 94 94 572 76
5.782532 -2.675443 1.705399 94 94 94 576 76
5.782253 -2.717034 1.705316 94 94 94 580 76
5.781974 -2.758621 1.705234 94 94 94 584 76
5.781696 -2.800205 1.705152 94 94 94 588 76
5.781416 -2.841784 1.705070 94 94 94 592 76
5.781138 -2.883359 1.704988 94 94 94 596 76
6.405921 -3.241192 1.889250 77 77 77 600 76
6.407102 -3.288018 1.889598 77 77 77 604 76
6.408282 -3.334861 1.889946 77 77 77 608 76
6.409463 -3.381721 1.890295 77 77 77 612 76
6.410644 -3.428599 1.890643 77 77 77 616 76
6.411826 -3.475493 1.890992 77 77 77 620 76
6.413008 -3.522406 1.891340 77 77 77 624 76
6.414190 -3.569335 1.891689 77 77 77 628 76
6.415373 -3.616281 1.892038 77 77 77 632 76
6.416557 -3.663246 1.892387 77 77 77 636 76
8.175618 4.711745 2.352185 28 28 28 0 80
8.277965 4.711001 2.381631 25 25 25 4 80
5.833279 3.277638 1.678277 93 93 93 8 80
5.832994 3.235392 1.678195 93 93 93 12 80
5.832710 3.193150 1.678114 93 93 93 16 80
5.832426 3.150913 1.678032 93 93 93 20 80
5.832143 3.108679 1.677950 93 93 93 24 80
5.831858 3.066449 1.677868 93 93 93 28 80
5.831574 3.024224 1.677787 93 93 93 32 80
5.831291 2.982003 1.677705 93 93 93 36 80
5.831007 2.939785 1.677624 93 93 93 40 80
5.830723 2.897573 1.677542 93 93 93 44 80
5.830440 2.855363 1.677460 93 93 93 48 80
5.830156 2.813159 1.677379 93 93 93 52 80
5.829872 2.770958 1.677297 93 93 93 56 80
5.829589 2.728761 1.677216 93 93 93 60 80
5.829305 2.686569 1.677134 93 93 93 64 80
5.829021 2.644380 1.677052 93 93 93 68 80
5.828738 2.602196 1.676971 93 93 93 72 80
5.828455 2.560016 1.676889 93 93 93 76 80
5.828171 2.517839 1.676808 93 93 93 80 80
5.827887 2.475667 1.676726 93 93 93 84 80
5.827604 2.433500 1.676644 93 93 93 88 80
5.827321 2.391336 1.676563 93 93 93 92 80
5.827037 2.349176 1.676481 93 93 93 96 80
5.826754 2.307021 1.676400 93 93 93 100 80
5.826469 2.264868 1.676318 93 93 93 104 80
5.826186 2.222721 1.676237 93 93 93 108 80
5.825904 2.180578 1.676155 93 93 93 112 80
5.825621 2.138439 1.676074 93 93 93 116 80
5.825337 2.096304 1.675992 93 93 93 120 80
5.893291 2.078236 1.695543 91 91 91 124 80
6.013835 2.077354 1.730225 88 88 88 128 80
6.139464 2.076452 1.766369 84 84 84 132 80
8.448979 2.796602 2.430834 20 20 20 136 80
8.448569 2.735507 2.430716 20 20 20 140 80
8.448159 2.674419 2.430598 20 20 20 144 80
8.447748 2.613337 2.430479 20 20 20 148 80
8.447338 2.552260 2.430361 20 20 20 152 80
8.446927 2.491189 2.430243 20 20 20 156 80
8.446517 2.430125 2.430125 20 20 20 160 80
8.446107 2.369066 2.430007 20 20 20 164 80
8.445697 2.308014 2.429889 20 20 20 168 80
8.445287 2.246967 2.429771 20 20 20 172 80
8.444876 2.185926 2.429653 21 21 21 176 80
8.444466 2.124891 2.429535 21 21 21 180 80
8.444056 2.063862 2.429417 21 21 21 184 80
8.443645 2.002839 2.429299 21 21 21 188 80
8.443234 1.941822 2.429181 21 21 21 192 80
8.442825 1.880810 2.429063 21 21 21 196 80
8.442415 1.819805 2.428945 21 21 21 200 80
8.442005 1.758806 2.428827 21 21 21 204 80
8.441596 1.697812 2.428709 21 21 21 208 80
8.441186 1.636825 2.428591 21 21 21 212 80
8.440776 1.575843 2.428473 21 21 21 216 80
8.440367 1.514867 2.428356 21 21 21 220 80
8.439958 1.453898 2.428238 21 21 21 224 80
8.439547 1.392934 2.428120 21 21 21 228 80
8.439137 1.331976 2.428002 21 21 21 232 80
8.438727 1.271024 2.427884 21 21 21 236 80
8.438317 1.210078 2.427766 21 21 21 240 80
8.437908 1.149137 2.427648 21 21 21 244 80
8.437499 1.088203 2.427531 21 21 21 248 80
8.437089 1.027275 2.427413 21 21 21 252 80
8.436680 0.966352 2.427295 21 21 21 256 80
8.436271 0.905436 2.427177 21 21 21 260 80
8.435861 0.844525 2.427059 21 21 21 264 80
8.435452 0.783621 2.426942 21 21 21 268 80
8.435042 0.722722 2.426824 21 21 21 272 80
8.434633 0.661829 2.426706 21 21 21 276 80
8.434223 0.600942 2.426588 21 21 21 280 80
8.433814 0.540061 2.426471 21 21 21 284 80
8.433406 0.479186 2.426353 21 21 21 288 80
8.432996 0.418316 2.426235 21 21 21 292 80
8.432587 0.357453 2.426117 21 21 21 296 80
8.432178 0.296595 2.426000 21 21 21 300 80
8.431768 0.235744 2.425882 21 21 21 304 80
8.431360 0.174898 2.425765 21 21 21 308 80
8.430951 0.114059 2.425647 21 21 21 312 80
8.430543 0.053225 2.425529 21 21 21 316 80
8.430135 -0.007603 2.425412 21 21 21 320 80
8.429726 -0.068425 2.425294 21 21 21 324 80
8.429317 -0.129241 2.425176 21 21 21 328 80
8.428907 -0.190052 2.425059 21 21 21 332 80
8.428499 -0.250856 2.424941 21 21 21 336 80
8.428091 -0.311655 2.424824 21 21 21 340 80
8.427681 -0.372447 2.424706 21 21 21 344 80
8.427273 -0.433234 2.424588 21 21 21 348 80
8.426865 -0.494015 2.424471 21 21 21 352 80
8.426456 -0.554789 2.424354 21 21 21 356 80
8.426047 -0.615558 2.424236 21 21 21 360 80
8.425640 -0.676322 2.424119 21 21 21 364 80
8.425231 -0.737079 2.424001 21 21 21 368 80
8.424824 -0.797830 2.423884 21 21 21 372 80
8.424415 -0.858576 2.423766 21 21 21 376 80
8.424006 -0.919315 2.423649 21 21 21 380 80
8.423598 -0.980049 2.423531 21 21 21 384 80
8.423190 -1.040776 2.423414 21 21 21 388 80
8.422783 -1.101498 2.423297 21 21 21 392 80
8.422374 -1.162214 2.423179 21 21 21 396 80
8.421966 -1.222925 2.423062 21 21 21 400 80
8.421557 -1.283629 2.422944 21 21 21 404 80
8.421150 -1.344327 2.422827 21 21 21 408 80
8.420742 -1.405020 2.422709 21 21 21 412 80
8.420334 -1.465706 2.422592 21 21 21 416 80
8.419927 -1.526387 2.422475 21 21 21 420 80
8.419519 -1.587062 2.422358 21 21 21 424 80
8.419111 -1.647731 2.422240 21 21 21 428 80
8.418703 -1.708394 2.422123 21 21 21 432 80
8.418295 -1.769051 2.422006 21 21 21 436 80
8.417888 -1.829702 2.421889 21 21 21 440 80
8.417480 -1.890348 2.421771 21 21 21 444 80
8.417072 -1.950987 2.421654 21 21 21 448 80
8.416665 -2.011621 2.421537 21 21 21 452 80
8.416258 -2.072249 2.421419 21 21 21 456 80
8.415851 -2.132871 2.421302 21 21 21 460 80
8.415443 -2.193487 2.421185 21 21 21 464 80
8.415035 -2.254097 2.421068 21 21 21 468 80
8.414629 -2.314702 2.420951 21 21 21 472 80
6.104894 -1.723387 1.756423 85 85 85 476 80
5.948791 -1.722242 1.711511 90 90 90 480 80
5.800505 -1.721163 1.668848 94 94 94 484 80
5.799400 -1.762679 1.668530 94 94 94 488 80
5.799119 -1.804436 1.668449 94 94 94 492 80
5.798839 -1.846189 1.668369 94 94 94 496 80
5.798558 -1.887937 1.668288 94 94 94 500 80
5.798278 -1.929682 1.668208 94 94 94 504 80
5.797998 -1.971422 1.668127 94 94 94 508 80
5.797719 -2.013159 1.668046 94 94 94 512 80
5.797438 -2.054892 1.667966 94 94 94 516 80
5.797158 -2.096620 1.667885 94 94 94 520 80
5.796877 -2.138345 1.667804 94 94 94 524 80
5.796598 -2.180066 1.667724 94 94 94 528 80
5.796318 -2.221781 1.667643 94 94 94 532 80
5.796038 -2.263494 1.667562 94 94 94 536 80
5.795757 -2.305202 1.667482 94 94 94 540 80
5.795477 -2.346907 1.667401 94 94 94 544 80
5.795197 -2.388607 1.667320 94 94 94 548 80
5.794917 -2.430303 1.667240 94 94 94 552 80
5.794637 -2.471995 1.667159 94 94 94 556 80
5.794357 -2.513684 1.667079 94 94 94 560 80
5.794077 -2.555368 1.666998 94 94 94 564 80
5.793797 -2.597048 1.666917 94 94 94 568 80
5.793518 -2.638724 1.666837 94 94 94 572 80
5.793238 -2.680396 1.666757 94 94 94 576 80
5.792958 -2.722064 1.666676 94 94 94 580 80
5.792678 -2.763729 1.666596 94 94 94 584 80
5.792398 -2.805388 1.666515 94 94 94 588 80
5.792120 -2.847045 1.666435 94 94 94 592 80
5.791839 -2.888697 1.666354 94 94 94 596 80
8.401615 -4.250949 2.417206 22 22 22 600 80
8.401209 -4.311360 2.417089 22 22 22 604 80
8.400804 -4.371766 2.416972 22 22 22 608 80
8.319617 -4.389545 2.393614 24 24 24 612 80
8.205832 -4.388718 2.360878 27 27 27 616 80
8.095119 -4.387913 2.329025 30 30 30 620 80
7.987352 -4.387129 2.298019 33 33 33 624 80
7.882419 -4.386367 2.267829 36 36 36 628 80
7.780205 -4.385623 2.238421 39 39 39 632 80
7.680609 -4.384900 2.209767 42 42 42 636 80
8.175768 4.711831 2.293239 28 28 28 0 84
8.278117 4.711088 2.321947 25 25 25 4 84
8.383062 4.710327 2.351383 22 22 22 8 84
8.477533 4.702241 2.377881 20 20 20 12 84
8.477120 4.640847 2.377765 20 20 20 16 84
5.896472 3.185512 1.653914 91 91 91 20 84
5.896183 3.142815 1.653833 91 91 91 24 84
5.895896 3.100121 1.653753 91 91 91 28 84
5.895608 3.057432 1.653672 91 91 91 32 84
5.895321 3.014746 1.653591 91 91 91 36 84
5.895033 2.972065 1.653511 91 91 91 40 84
5.894746 2.929389 1.653430 91 91 91 44 84
5.894459 2.886716 1.653349 91 91 91 48 84
5.894171 2.844047 1.653269 91 91 91 52 84
5.893884 2.801383 1.653188 91 91 91 56 84
5.893597 2.758723 1.653108 91 91 91 60 84
5.893309 2.716067 1.653027 91 91 91 64 84
5.893022 2.673415 1.652946 91 91 91 68 84
5.892735 2.630767 1.652866 91 91 91 72 84
5.892447 2.588123 1.652785 91 91 91 76 84
5.892160 2.545484 1.652704 91 91 91 80 84
5.891873 2.502848 1.652624 91 91 91 84 84
5.891586 2.460217 1.652544 91 91 91 88 84
5.891299 2.417590 1.652463 91 91 91 92 84
5.891011 2.374967 1.652382 91 91 91 96 84
5.890725 2.332349 1.652302 91 91 91 100 84
5.890438 2.289734 1.652221 91 91 91 104 84
5.890151 2.247124 1.652141 91 91 91 108 84
5.889864 2.204518 1.652060 91 91 91 112 84
5.889576 2.161916 1.651980 91 91 91 116 84
5.941101 2.137963 1.666432 90 90 90 120 84
6.060234 2.137108 1.699848 87 87 87 124 84
8.465562 2.924252 2.374523 20 20 20 128 84
8.465149 2.863032 2.374408 20 20 20 132 84
8.464738 2.801817 2.374292 20 20 20 136 84
8.464326 2.740609 2.374177 20 20 20 140 84
8.463914 2.679406 2.374061 20 20 20 144 84
8.463502 2.618210 2.373946 20 20 20 148 84
8.463089 2.557019 2.373830 20 20 20 152 84
8.462677 2.495834 2.373714 20 20 20 156 84
8.462265 2.434656 2.373599 20 20 20 160 84
8.461853 2.373483 2.373483 20 20 20 164 84
8.461441 2.312316 2.373368 20 20 20 168 84
8.461029 2.251155 2.373252 20 20 20 172 84
8.460617 2.190001 2.373137 20 20 20 176 84
8.460206 2.128852 2.373021 20 20 20 180 84
8.459795 2.067709 2.372906 20 20 20 184 84
8.459383 2.006572 2.372790 20 20 20 188 84
8.458972 1.945441 2.372675 20 20 20 192 84
8.458560 1.884316 2.372560 20 20 20 196 84
8.458148 1.823196 2.372444 20 20 20 200 84
8.457737 1.762083 2.372329 20 20 20 204 84
8.457326 1.700976 2.372213 20 20 20 208 84
8.456914 1.639874 2.372098 20 20 20 212 84
8.456502 1.578779 2.371982 20 20 20 216 84
8.456091 1.517690 2.371867 20 20 20 220 84
8.455680 1.456606 2.371752 20 20 20 224 84
8.455269 1.395529 2.371636 20 20 20 228 84
8.454857 1.334457 2.371521 20 20 20 232 84
8.454447 1.273391 2.371406 20 20 20 236 84
8.454036 1.212332 2.371290 20 20 20 240 84
8.453625 1.151278 2.371175 20 20 20 244 84
8.453214 1.090230 2.371060 20 20 20 248 84
8.452802 1.029188 2.370944 20 20 20 252 84
8.452391 0.968152 2.370829 20 20 20 256 84
8.451980 0.907122 2.370714 20 20 20 260 84
8.451569 0.846098 2.370599 20 20 20 264 84
8.451159 0.785080 2.370483 20 20 20 268 84
8.450747 0.724067 2.370368 20 20 20 272 84
8.450336 0.663061 2.370253 20 20 20 276 84
8.449925 0.602061 2.370138 20 20 20 280 84
8.449515 0.541066 2.370023 20 20 20 284 84
8.449105 0.480078 2.369907 20 20 20 288 84
8.448694 0.419095 2.369792 20 20 20 292 84
8.448284 0.358118 2.369677 20 20 20 296 84
8.447874 0.297148 2.369562 20 20 20 300 84
8.447462 0.236183 2.369447 20 20 20 304 84
8.447051 0.175224 2.369332 20 20 20 308 84
8.446642 0.114271 2.369217 20 20 20 312 84
8.446231 0.053324 2.369101 20 20 20 316 84
8.445820 -0.007617 2.368986 20 20 20 320 84
8.445411 -0.068553 2.368871 20 20 20 324 84
8.445000 -0.129482 2.368756 21 21 21 328 84
8.444591 -0.190405 2.368641 21 21 21 332 84
8.444180 -0.251323 2.368526 21 21 21 336 84
8.443769 -0.312234 2.368411 21 21 21 340 84
8.443360 -0.373140 2.368296 21 21 21 344 84
8.442950 -0.434040 2.368181 21 21 21 348 84
8.442540 -0.494933 2.368066 21 21 21 352 84
8.442129 -0.555821 2.367951 21 21 21 356 84
8.441720 -0.616703 2.367836 21 21 21 360 84
8.441310 -0.677579 2.367721 21 21 21 364 84
8.440900 -0.738450 2.367606 21 21 21 368 84
8.440491 -0.799314 2.367491 21 21 21 372 84
8.440080 -0.860172 2.367376 21 21 21 376 84
8.439671 -0.921024 2.367261 21 21 21 380 84
8.439261 -0.981871 2.367146 21 21 21 384 84
8.438851 -1.042712 2.367032 21 21 21 388 84
8.438441 -1.103546 2.366917 21 21 21 392 84
8.438032 -1.164375 2.366802 21 21 21 396 84
8.437623 -1.225198 2.366687 21 21 21 400 84
8.437213 -1.286015 2.366572 21 21 21 404 84
8.436804 -1.346826 2.366457 21 21 21 408 84
8.436394 -1.407631 2.366342 21 21 21 412 84
8.435986 -1.468431 2.366228 21 21 21 416 84
8.435575 -1.529224 2.366112 21 21 21 420 84
8.435165 -1.590011 2.365998 21 21 21 424 84
8.434756 -1.650793 2.365883 21 21 21 428 84
8.434347 -1.711569 2.365768 21 21 21 432 84
8.433938 -1.772338 2.365654 21 21 21 436 84
8.433529 -1.833102 2.365539 21 21 21 440 84
8.433120 -1.893860 2.365424 21 21 21 444 84
8.432712 -1.954612 2.365309 21 21 21 448 84
8.432302 -2.015359 2.365195 21 21 21 452 84
8.431894 -2.076099 2.365080 21 21 21 456 84
8.431484 -2.136833 2.364965 21 21 21 460 84
8.431075 -2.197562 2.364851 21 21 21 464 84
8.430667 -2.258285 2.364736 21 21 21 468 84
8.430257 -2.319001 2.364621 21 21 21 472 84
8.429849 -2.379712 2.364506 21 21 21 476 84
8.429440 -2.440417 2.364392 21 21 21 480 84
6.007598 -1.782613 1.685084 88 88 88 484 84
5.863020 -1.782016 1.644531 92 92 92 488 84
5.862736 -1.824230 1.644451 92 92 92 492 84
5.862452 -1.866441 1.644372 92 92 92 496 84
5.862168 -1.908648 1.644292 92 92 92 500 84
5.861884 -1.950850 1.644212 92 92 92 504 84
5.861600 -1.993048 1.644133 92 92 92 508 84
5.861317 -2.035243 1.644053 92 92 92 512 84
5.861033 -2.077433 1.643974 92 92 92 516 84
5.860748 -2.119619 1.643894 92 92 92 520 84
5.860465 -2.161801 1.643814 92 92 92 524 84
5.860181 -2.203979 1.643734 92 92 92 528 84
5.859898 -2.246153 1.643655 92 92 92 532 84
5.859614 -2.288322 1.643575 92 92 92 536 84
5.859329 -2.330487 1.643495 92 92 92 540 84
5.859046 -2.372649 1.643416 92 92 92 544 84
5.858763 -2.414807 1.643336 92 92 92 548 84
5.858479 -2.456960 1.643257 92 92 92 552 84
5.858195 -2.499109 1.643177 92 92 92 556 84
5.857912 -2.541255 1.643098 92 92 92 560 84
5.857629 -2.583396 1.643018 92 92 92 564 84
5.857345 -2.625533 1.642938 92 92 92 568 84
5.857062 -2.667666 1.642859 92 92 92 572 84
5.856778 -2.709795 1.642779 92 92 92 576 84
5.856494 -2.751920 1.642700 92 92 92 580 84
5.856211 -2.794040 1.642621 92 92 92 584 84
5.855928 -2.836157 1.642541 92 92 92 588 84
8.418012 -4.137770 2.361185 21 21 21 592 84
8.417604 -4.198305 2.361071 21 21 21 596 84
8.417195 -4.258833 2.360956 21 21 21 600 84
8.416788 -4.319355 2.360842 21 21 21 604 84
8.416380 -4.379872 2.360728 21 21 21 608 84
8.319446 -4.389454 2.333538 24 24 24 612 84
8.205667 -4.388629 2.301624 27 27 27 616 84
8.094957 -4.387825 2.270571 30 30 30 620 84
7.987195 -4.387043 2.240345 33 33 33 624 84
7.882265 -4.386281 2.210913 36 36 36 628 84
7.780056 -4.385540 2.182244 39 39 39 632 84
7.680463 -4.384817 2.154309 42 42 42 636 84
8.175918 4.711917 2.234289 28 28 28 0 88
8.278271 4.711175 2.262260 25 25 25 4 88
8.383219 4.710414 2.290940 22 22 22 8 88
8.490863 4.709634 2.320357 19 19 19 12 88
8.492983 4.649531 2.320936 19 19 19 16 88
8.492569 4.588029 2.320823 19 19 19 20 88
8.492153 4.526532 2.320709 19 19 19 24 88
8.491738 4.465041 2.320596 19 19 19 28 88
8.491323 4.403556 2.320482 19 19 19 32 88
8.490909 4.342077 2.320369 19 19 19 36 88
8.490494 4.280603 2.320256 19 19 19 40 88
8.490079 4.219137 2.320143 19 19 19 44 88
8.489665 4.157676 2.320029 19 19 19 48 88
8.489250 4.096221 2.319916 19 19 19 52 88
8.488836 4.034772 2.319803 19 19 19 56 88
8.488421 3.973329 2.319690 19 19 19 60 88
8.488008 3.911893 2.319576 19 19 19 64 88
8.487593 3.850462 2.319463 19 19 19 68 88
8.487179 3.789037 2.319350 19 19 19 72 88
8.486764 3.727617 2.319236 19 19 19 76 88
8.486350 3.666205 2.319123 19 19 19 80 88
8.485935 3.604798 2.319010 19 19 19 84 88
8.485520 3.543396 2.318897 19 19 19 88 88
8.485106 3.482002 2.318784 19 19 19 92 88
8.484693 3.420613 2.318670 19 19 19 96 88
8.484279 3.359230 2.318557 19 19 19 100 88
8.483864 3.297853 2.318444 19 19 19 104 88
8.483451 3.236482 2.318331 19 19 19 108 88
8.483037 3.175117 2.318218 19 19 19 112 88
8.482623 3.113758 2.318105 19 19 19 116 88
8.482209 3.052405 2.317992 19 19 19 120 88
8.481795 2.991058 2.317879 19 19 19 124 88
8.481380 2.929717 2.317765 19 19 19 128 88
8.480968 2.868382 2.317652 20 20 20 132 88
8.480555 2.807053 2.317540 20 20 20 136 88
8.480140 2.745729 2.317426 20 20 20 140 88
8.479727 2.684412 2.317313 20 20 20 144 88
8.479313 2.623101 2.317200 20 20 20 148 88
8.478900 2.561796 2.317087 20 20 20 152 88
8.478486 2.500497 2.316974 20 20 20 156 88
8.478072 2.439204 2.316861 20 20 20 160 88
8.477659 2.377917 2.316749 20 20 20 164 88
8.477246 2.316635 2.316636 20 20 20 168 88
8.476832 2.255360 2.316523 20 20 20 172 88
8.476418 2.194091 2.316410 20 20 20 176 88
8.476006 2.132828 2.316297 20 20 20 180 88
8.475592 2.071570 2.316184 20 20 20 184 88
8.475179 2.010319 2.316071 20 20 20 188 88
8.474765 1.949073 2.315958 20 20 20 192 88
8.474353 1.887834 2.315845 20 20 20 196 88
8.473940 1.826600 2.315732 20 20 20 200 88
8.473527 1.765373 2.315619 20 20 20 204 88
8.473114 1.704151 2.315506 20 20 20 208 88
8.472701 1.642936 2.315394 20 20 20 212 88
8.472288 1.581726 2.315281 20 20 20 216 88
8.471875 1.520523 2.315168 20 20 20 220 88
8.471462 1.459325 2.315055 20 20 20 224 88
8.471049 1.398133 2.314942 20 20 20 228 88
8.470636 1.336947 2.314829 20 20 20 232 88
8.470224 1.275768 2.314717 20 20 20 236 88
8.469811 1.214594 2.314604 20 20 20 240 88
8.469398 1.153426 2.314491 20 20 20 244 88
8.468986 1.092264 2.314378 20 20 20 248 88
8.468574 1.031108 2.314265 20 20 20 252 88
8.468161 0.969958 2.314153 20 20 20 256 88
8.467749 0.908814 2.314040 20 20 20 260 88
8.467337 0.847676 2.313928 20 20 20 264 88
8.466925 0.786544 2.313815 20 20 20 268 88
8.466512 0.725418 2.313702 20 20 20 272 88
8.466100 0.664298 2.313590 20 20 20 276 88
8.465687 0.603184 2.313477 20 20 20 280 88
8.465275 0.542075 2.313364 20 20 20 284 88
8.464863 0.480973 2.313251 20 20 20 288 88
8.464451 0.419877 2.313139 20 20 20 292 88
8.464037 0.358786 2.313026 20 20 20 296 88
8.463626 0.297702 2.312913 20 20 20 300 88
8.463213 0.236623 2.312801 20 20 20 304 88
8.462802 0.175551 2.312688 20 20 20 308 88
8.462390 0.114484 2.312576 20 20 20 312 88
8.461978 0.053423 2.312463 20 20 20 316 88
8.461566 -0.007632 2.312351 20 20 20 320 88
8.461155 -0.068680 2.312238 20 20 20 324 88
8.460743 -0.129723 2.312126 20 20 20 328 88
8.460331 -0.190760 2.312013 20 20 20 332 88
8.459919 -0.251791 2.311901 20 20 20 336 88
8.459508 -0.312816 2.311788 20 20 20 340 88
8.459095 -0.373835 2.311675 20 20 20 344 88
8.458684 -0.434849 2.311563 20 20 20 348 88
8.458273 -0.495856 2.311451 20 20 20 352 88
8.457861 -0.556857 2.311338 20 20 20 356 88
8.457449 -0.617852 2.311226 20 20 20 360 88
8.457038 -0.678842 2.311113 20 20 20 364 88
8.456627 -0.739825 2.311001 20 20 20 368 88
8.456216 -0.800803 2.310889 20 20 20 372 88
8.455805 -0.861775 2.310776 20 20 20 376 88
8.455393 -0.922740 2.310664 20 20 20 380 88
8.454982 -0.983700 2.310551 20 20 20 384 88
8.454571 -1.044654 2.310439 20 20 20 388 88
8.454160 -1.105602 2.310327 20 20 20 392 88
8.453748 -1.166544 2.310214 20 20 20 396 88
8.453337 -1.227480 2.310102 20 20 20 400 88
8.452926 -1.288410 2.309989 20 20 20 404 88
8.452515 -1.349334 2.309877 20 20 20 408 88
8.452105 -1.410253 2.309765 20 20 20 412 88
8.451694 -1.471165 2.309653 20 20 20 416 88
8.451283 -1.532071 2.309541 20 20 20 420 88
8.450871 -1.592972 2.309428 20 20 20 424 88
8.450461 -1.653867 2.309316 20 20 20 428 88
8.450051 -1.714755 2.309204 20 20 20 432 88
8.449640 -1.775638 2.309092 20 20 20 436 88
8.449229 -1.836515 2.308979 20 20 20 440 88
8.448819 -1.897386 2.308867 20 20 20 444 88
8.448407 -1.958251 2.308755 20 20 20 448 88
8.447997 -2.019110 2.308642 20 20 20 452 88
8.447586 -2.079963 2.308530 20 20 20 456 88
8.447177 -2.140810 2.308418 20 20 20 460 88
8.446766 -2.201652 2.308306 20 20 20 464 88
8.446355 -2.262487 2.308194 20 20 20 468 88
8.445946 -2.323317 2.308082 20 20 20 472 88
8.445536 -2.384140 2.307970 20 20 20 476 88
8.445126 -2.444958 2.307858 20 20 20 480 88
8.444715 -2.505770 2.307746 21 21 21 484 88
8.444304 -2.566576 2.307634 21 21 21 488 88
8.443893 -2.627376 2.307521 21 21 21 492 88
8.443484 -2.688170 2.307410 21 21 21 496 88
8.443073 -2.748958 2.307297 21 21 21 500 88
8.442663 -2.809740 2.307185 21 21 21 504 88
8.442253 -2.870516 2.307073 21 21 21 508 88
8.441844 -2.931287 2.306961 21 21 21 512 88
8.441434 -2.992052 2.306849 21 21 21 516 88
8.441025 -3.052810 2.306737 21 21 21 520 88
8.440615 -3.113563 2.306624 21 21 21 524 88
8.440205 -3.174310 2.306512 21 21 21 528 88
8.439795 -3.235051 2.306400 21 21 21 532 88
8.439384 -3.295786 2.306288 21 21 21 536 88
8.438975 -3.356515 2.306176 21 21 21 540 88
8.438565 -3.417238 2.306064 21 21 21 544 88
8.438155 -3.477956 2.305952 21 21 21 548 88
8.437746 -3.538667 2.305840 21 21 21 552 88
8.437337 -3.599373 2.305729 21 21 21 556 88
8.436928 -3.660072 2.305617 21 21 21 560 88
8.436518 -3.720766 2.305505 21 21 21 564 88
8.436109 -3.781454 2.305393 21 21 21 568 88
8.435699 -3.842136 2.305281 21 21 21 572 88
8.435288 -3.902812 2.305169 21 21 21 576 88
8.434880 -3.963482 2.305057 21 21 21 580 88
8.434471 -4.024147 2.304945 21 21 21 584 88
8.434062 -4.084805 2.304833 21 21 21 588 88
8.433653 -4.145458 2.304722 21 21 21 592 88
8.433244 -4.206105 2.304610 21 21 21 596 88
8.432835 -4.266746 2.304498 21 21 21 600 88
8.432425 -4.327380 2.304386 21 21 21 604 88
8.432016 -4.388009 2.304274 21 21 21 608 88
8.319275 -4.389364 2.273465 24 24 24 612 88
8.205501 -4.388540 2.242373 27 27 27 616 88
8.094795 -4.387738 2.212120 30 30 30 620 88
7.987039 -4.386957 2.182673 33 33 33 624 88
7.882113 -4.386197 2.153999 36 36 36 628 88
7.779908 -4.385456 2.126068 39 39 39 632 88
7.680318 -4.384734 2.098853 42 42 42 636 88
8.176065 4.712002 2.175338 28 28 28 0 92
8.278422 4.711262 2.202571 25 25 25 4 92
8.383374 4.710502 2.230494 22 22 22 8 92
8.491023 4.709723 2.259136 19 19 19 12 92
8.508904 4.658248 2.263893 19 19 19 16 92
8.508488 4.596630 2.263782 19 19 19 20 92
8.508072 4.535017 2.263672 19 19 19 24 92
8.507656 4.473410 2.263561 19 19 19 28 92
8.507239 4.411809 2.263450 19 19 19 32 92
8.506824 4.350215 2.263340 19 19 19 36 92
8.506407 4.288626 2.263229 19 19 19 40 92
8.505991 4.227045 2.263118 19 19 19 44 92
8.505575 4.165468 2.263007 19 19 19 48 92
8.505158 4.103897 2.262897 19 19 19 52 92
8.504743 4.042333 2.262786 19 19 19 56 92
8.504327 3.980774 2.262675 19 19 19 60 92
8.503910 3.919222 2.262565 19 19 19 64 92
8.503494 3.857675 2.262454 19 19 19 68 92
8.503078 3.796135 2.262343 19 19 19 72 92
8.502663 3.734601 2.262233 19 19 19 76 92
8.502247 3.673072 2.262122 19 19 19 80 92
8.501831 3.611550 2.262011 19 19 19 84 92
8.501415 3.550034 2.261901 19 19 19 88 92
8.500999 3.488524 2.261790 19 19 19 92 92
8.500585 3.427020 2.261680 19 19 19 96 92
8.500169 3.365521 2.261569 19 19 19 100 92
8.499753 3.304029 2.261458 19 19 19 104 92
8.499337 3.242543 2.261348 19 19 19 108 92
8.498921 3.181062 2.261237 19 19 19 112 92
8.498506 3.119588 2.261127 19 19 19 116 92
8.498090 3.058120 2.261016 19 19 19 120 92
8.497675 2.996658 2.260906 19 19 19 124 92
8.497260 2.935202 2.260795 19 19 19 128 92
8.496845 2.873751 2.260685 19 19 19 132 92
8.496429 2.812307 2.260574 19 19 19 136 92
8.496015 2.750869 2.260464 19 19 19 140 92
8.495599 2.689437 2.260353 19 19 19 144 92
8.495184 2.628011 2.260243 19 19 19 148 92
8.494768 2.566591 2.260132 19 19 19 152 92
8.494354 2.505177 2.260022 19 19 19 156 92
8.493939 2.443769 2.259912 19 19 19 160 92
8.493524 2.382366 2.259801 19 19 19 164 92
8.493109 2.320970 2.259691 19 19 19 168 92
8.492694 2.259580 2.259580 19 19 19 172 92
8.492279 2.198196 2.259470 19 19 19 176 92
8.491864 2.136818 2.259360 19 19 19 180 92
8.491448 2.075446 2.259249 19 19 19 184 92
8.491035 2.014080 2.259139 19 19 19 188 92
8.490620 1.952719 2.259029 19 19 19 192 92
8.490205 1.891365 2.258918 19 19 19 196 92
8.489791 1.830017 2.258808 19 19 19 200 92
8.489376 1.768675 2.258698 19 19 19 204 92
8.488961 1.707339 2.258587 19 19 19 208 92
8.488547 1.646008 2.258477 19 19 19 212 92
8.488132 1.584684 2.258367 19 19 19 216 92
8.487718 1.523366 2.258256 19 19 19 220 92
8.487303 1.462054 2.258146 19 19 19 224 92
8.486889 1.400748 2.258036 19 19 19 228 92
8.486475 1.339447 2.257926 19 19 19 232 92
8.486061 1.278153 2.257816 19 19 19 236 92
8.485646 1.216865 2.257705 19 19 19 240 92
8.485232 1.155583 2.257595 19 19 19 244 92
8.484818 1.094306 2.257485 19 19 19 248 92
8.484406 1.033036 2.257375 19 19 19 252 92
8.483990 0.971771 2.257265 19 19 19 256 92
8.483577 0.910513 2.257154 19 19 19 260 92
8.483163 0.849261 2.257045 19 19 19 264 92
8.482748 0.788014 2.256934 19 19 19 268 92
8.482334 0.726774 2.256824 19 19 19 272 92
8.481920 0.665539 2.256714 19 19 19 276 92
8.481506 0.604311 2.256604 19 19 19 280 92
8.481092 0.543088 2.256494 20 20 20 284 92
8.480680 0.481872 2.256384 20 20 20 288 92
8.480266 0.420661 2.256274 20 20 20 292 92
8.479853 0.359456 2.256164 20 20 20 296 92
8.479439 0.298258 2.256054 20 20 20 300 92
8.479025 0.237065 2.255944 20 20 20 304 92
8.478611 0.175878 2.255833 20 20 20 308 92
8.478197 0.114698 2.255723 20 20 20 312 92
8.477784 0.053523 2.255613 20 20 20 316 92
8.477370 -0.007646 2.255503 20 20 20 320 92
8.476957 -0.068809 2.255393 20 20 20 324 92
8.476543 -0.129966 2.255283 20 20 20 328 92
8.476130 -0.191116 2.255173 20 20 20 332 92
8.475718 -0.252261 2.255064 20 20 20 336 92
8.475305 -0.313400 2.254954 20 20 20 340 92
8.474892 -0.374533 2.254844 20 20 20 344 92
8.474479 -0.435661 2.254734 20 20 20 348 92
8.474066 -0.496782 2.254624 20 20 20 352 92
8.473653 -0.557897 2.254514 20 20 20 356 92
8.473239 -0.619006 2.254404 20 20 20 360 92
8.472826 -0.680109 2.254294 20 20 20 364 92
8.472413 -0.741206 2.254185 20 20 20 368 92
8.471999 -0.802298 2.254075 20 20 20 372 92
8.471587 -0.863383 2.253965 20 20 20 376 92
8.471174 -0.924462 2.253855 20 20 20 380 92
8.470761 -0.985536 2.253745 20 20 20 384 92
8.470348 -1.046603 2.253635 20 20 20 388 92
8.469936 -1.107665 2.253525 20 20 20 392 92
8.469523 -1.168721 2.253416 20 20 20 396 92
8.469111 -1.229770 2.253306 20 20 20 400 92
8.468699 -1.290814 2.253196 20 20 20 404 92
8.468287 -1.351852 2.253087 20 20 20 408 92
8.467874 -1.412884 2.252977 20 20 20 412 92
8.467462 -1.473910 2.252867 20 20 20 416 92
8.467049 -1.534930 2.252757 20 20 20 420 92
8.466636 -1.595943 2.252647 20 20 20 424 92
8.466224 -1.656951 2.252538 20 20 20 428 92
8.465812 -1.717954 2.252428 20 20 20 432 92
8.465399 -1.778950 2.252318 20 20 20 436 92
8.464988 -1.839940 2.252209 20 20 20 440 92
8.464575 -1.900924 2.252099 20 20 20 444 92
8.464163 -1.961902 2.251989 20 20 20 448 92
8.463752 -2.022875 2.251880 20 20 20 452 92
8.463339 -2.083842 2.251770 20 20 20 456 92
8.462927 -2.144802 2.251661 20 20 20 460 92
8.462515 -2.205757 2.251551 20 20 20 464 92
8.462103 -2.266705 2.251441 20 20 20 468 92
8.461691 -2.327648 2.251332 20 20 20 472 92
8.461279 -2.388585 2.251222 20 20 20 476 92
8.460867 -2.449516 2.251113 20 20 20 480 92
8.460456 -2.510441 2.251003 20 20 20 484 92
8.460044 -2.571360 2.250894 20 20 20 488 92
8.459632 -2.632273 2.250784 20 20 20 492 92
8.459221 -2.693180 2.250675 20 20 20 496 92
8.458809 -2.754081 2.250565 20 20 20 500 92
8.458397 -2.814976 2.250455 20 20 20 504 92
8.457986 -2.875866 2.250346 20 20 20 508 92
8.457573 -2.936749 2.250236 20 20 20 512 92
8.457162 -2.997627 2.250127 20 20 20 516 92
8.456751 -3.058498 2.250016 20 20 20 520 92
8.456340 -3.119364 2.249907 20 20 20 524 92
8.455928 -3.180223 2.249798 20 20 20 528 92
8.455518 -3.241078 2.249688 20 20 20 532 92
8.455106 -3.301925 2.249579 20 20 20 536 92
8.454695 -3.362767 2.249469 20 20 20 540 92
8.454284 -3.423603 2.249360 20 20 20 544 92
8.453872 -3.484433 2.249250 20 20 20 548 92
8.453461 -3.545258 2.249141 20 20 20 552 92
8.453050 -3.606076 2.249032 20 20 20 556 92
8.452639 -3.666888 2.248922 20 20 20 560 92
8.452229 -3.727695 2.248813 20 20 20 564 92
8.451818 -3.788496 2.248704 20 20 20 568 92
8.451406 -3.849290 2.248594 20 20 20 572 92
8.450995 -3.910079 2.248485 20 20 20 576 92
8.450584 -3.970862 2.248376 20 20 20 580 92
8.450173 -4.031638 2.248266 20 20 20 584 92
8.449762 -4.092410 2.248157 20 20 20 588 92
8.449351 -4.153174 2.248048 20 20 20 592 92
8.448941 -4.213934 2.247939 20 20 20 596 92
8.448531 -4.274688 2.247829 20 20 20 600 92
8.448120 -4.335434 2.247720 20 20 20 604 92
8.436072 -4.390120 2.244514 21 21 21 608 92
8.319103 -4.389274 2.213394 24 24 24 612 92
8.205334 -4.388451 2.183124 27 27 27 616 92
8.094634 -4.387650 2.153671 30 30 30 620 92
7.986881 -4.386871 2.125002 33 33 33 624 92
7.881959 -4.386111 2.097086 36 36 36 628 92
7.779758 -4.385371 2.069895 39 39 39 632 92
7.680174 -4.384651 2.043399 42 42 42 636 92
8.176214 4.712088 2.116384 28 28 28 0 96
8.278575 4.711349 2.142880 25 25 25 4 96
8.383532 4.710590 2.170047 22 22 22 8 96
8.491182 4.709812 2.197912 19 19 19 12 96
8.524887 4.666997 2.206637 18 18 18 16 96
8.524468 4.605263 2.206528 18 18 18 20 96
8.524051 4.543534 2.206420 18 18 18 24 96
8.523633 4.481811 2.206312 18 18 18 28 96
8.523215 4.420094 2.206204 18 18 18 32 96
8.522797 4.358384 2.206095 18 18 18 36 96
8.522379 4.296679 2.205987 18 18 18 40 96
8.521961 4.234981 2.205879 18 18 18 44 96
8.521544 4.173288 2.205771 18 18 18 48 96
8.521126 4.111601 2.205663 18 18 18 52 96
8.520709 4.049922 2.205555 18 18 18 56 96
8.520291 3.988247 2.205447 18 18 18 60 96
8.519874 3.926579 2.205339 18 18 18 64 96
8.519456 3.864917 2.205231 18 18 18 68 96
8.519038 3.803260 2.205123 18 18 18 72 96
8.518620 3.741610 2.205014 18 18 18 76 96
8.518204 3.679966 2.204906 18 18 18 80 96
8.517786 3.618328 2.204799 18 18 18 84 96
8.517368 3.556695 2.204690 18 18 18 88 96
8.516951 3.495070 2.204582 19 19 19 92 96
8.516534 3.433450 2.204474 19 19 19 96 96
8.516117 3.371836 2.204366 19 19 19 100 96
8.515700 3.310228 2.204259 19 19 19 104 96
8.515283 3.248626 2.204150 19 19 19 108 96
8.514866 3.187030 2.204043 19 19 19 112 96
8.514449 3.125440 2.203935 19 19 19 116 96
8.514032 3.063857 2.203827 19 19 19 120 96
8.513616 3.002279 2.203719 19 19 19 124 96
8.513198 2.940707 2.203611 19 19 19 128 96
8.512781 2.879141 2.203503 19 19 19 132 96
8.512364 2.817582 2.203395 19 19 19 136 96
8.511948 2.756028 2.203287 19 19 19 140 96
8.511531 2.694480 2.203179 19 19 19 144 96
8.511113 2.632939 2.203071 19 19 19 148 96
8.510696 2.571403 2.202964 19 19 19 152 96
8.510281 2.509874 2.202856 19 19 19 156 96
8.509864 2.448350 2.202748 19 19 19 160 96
8.509448 2.386833 2.202640 19 19 19 164 96
8.509031 2.325321 2.202533 19 19 19 168 96
8.508615 2.263816 2.202425 19 19 19 172 96
8.508198 2.202317 2.202317 19 19 19 176 96
8.507782 2.140823 2.202209 19 19 19 180 96
8.507365 2.079336 2.202101 19 19 19 184 96
8.506949 2.017854 2.201993 19 19 19 188 96
8.506533 1.956379 2.201886 19 19 19 192 96
8.506117 1.894910 2.201778 19 19 19 196 96
8.505701 1.833447 2.201670 19 19 19 200 96
8.505283 1.771989 2.201562 19 19 19 204 96
8.504869 1.710538 2.201455 19 19 19 208 96
8.504453 1.649093 2.201347 19 19 19 212 96
8.504037 1.587654 2.201240 19 19 19 216 96
8.503620 1.526220 2.201132 19 19 19 220 96
8.503204 1.464793 2.201024 19 19 19 224 96
8.502789 1.403372 2.200917 19 19 19 228 96
8.502373 1.341956 2.200809 19 19 19 232 96
8.501956 1.280547 2.200701 19 19 19 236 96
8.501541 1.219144 2.200594 19 19 19 240 96
8.501125 1.157747 2.200486 19 19 19 244 96
8.500710 1.096356 2.200378 19 19 19 248 96
8.500294 1.034970 2.200271 19 19 19 252 96
8.499879 0.973591 2.200163 19 19 19 256 96
8.499463 0.912218 2.200056 19 19 19 260 96
8.499048 0.850851 2.199948 19 19 19 264 96
8.498632 0.789490 2.199841 19 19 19 268 96
8.498218 0.728135 2.199733 19 19 19 272 96
8.497802 0.666785 2.199626 19 19 19 276 96
8.497386 0.605442 2.199518 19 19 19 280 96
8.496970 0.544105 2.199411 19 19 19 284 96
8.496555 0.482774 2.199303 19 19 19 288 96
8.496140 0.421448 2.199196 19 19 19 292 96
8.495725 0.360129 2.199088 19 19 19 296 96
8.495309 0.298816 2.198981 19 19 19 300 96
8.494894 0.237509 2.198873 19 19 19 304 96
8.494479 0.176208 2.198766 19 19 19 308 96
8.494064 0.114912 2.198658 19 19 19 312 96
8.493649 0.053623 2.198551 19 19 19 316 96
8.493235 -0.007660 2.198444 19 19 19 320 96
8.492820 -0.068937 2.198336 19 19 19 324 96
8.492405 -0.130209 2.198229 19 19 19 328 96
8.491990 -0.191474 2.198122 19 19 19 332 96
8.491574 -0.252733 2.198014 19 19 19 336 96
8.491160 -0.313987 2.197907 19 19 19 340 96
8.490746 -0.375234 2.197799 19 19 19 344 96
8.490331 -0.436475 2.197692 19 19 19 348 96
8.489916 -0.497711 2.197585 19 19 19 352 96
8.489502 -0.558940 2.197477 19 19 19 356 96
8.489087 -0.620164 2.197370 19 19 19 360 96
8.488673 -0.681381 2.197263 19 19 19 364 96
8.488258 -0.742593 2.197156 19 19 19 368 96
8.487844 -0.803798 2.197048 19 19 19 372 96
8.487430 -0.864998 2.196941 19 19 19 376 96
8.487016 -0.926191 2.196834 19 19 19 380 96
8.486600 -0.987379 2.196726 19 19 19 384 96
8.486187 -1.048560 2.196619 19 19 19 388 96
8.485772 -1.109736 2.196512 19 19 19 392 96
8.485358 -1.170906 2.196405 19 19 19 396 96
8.484943 -1.232069 2.196298 19 19 19 400 96
8.484529 -1.293227 2.196190 19 19 19 404 96
8.484116 -1.354379 2.196083 19 19 19 408 96
8.483702 -1.415525 2.195976 19 19 19 412 96
8.483288 -1.476664 2.195869 19 19 19 416 96
8.482874 -1.537798 2.195762 19 19 19 420 96
8.482460 -1.598926 2.195655 19 19 19 424 96
8.482046 -1.660048 2.195548 19 19 19 428 96
8.481632 -1.721164 2.195441 19 19 19 432 96
8.481218 -1.782274 2.195333 19 19 19 436 96
8.480804 -1.843378 2.195226 20 20 20 440 96
8.480391 -1.904476 2.195119 20 20 20 444 96
8.479977 -1.965568 2.195012 20 20 20 448 96
8.479563 -2.026654 2.194905 20 20 20 452 96
8.479150 -2.087734 2.194798 20 20 20 456 96
8.478737 -2.148809 2.194691 20 20 20 460 96
8.478323 -2.209877 2.194584 20 20 20 464 96
8.477910 -2.270939 2.194477 20 20 20 468 96
8.477496 -2.331995 2.194370 20 20 20 472 96
8.477082 -2.393046 2.194263 20 20 20 476 96
8.476669 -2.454091 2.194156 20 20 20 480 96
8.476254 -2.515129 2.194048 20 20 20 484 96
8.475842 -2.576161 2.193942 20 20 20 488 96
8.475429 -2.637188 2.193835 20 20 20 492 96
8.475016 -2.698208 2.193728 20 20 20 496 96
8.474603 -2.759223 2.193621 20 20 20 500 96
8.474190 -2.820232 2.193514 20 20 20 504 96
8.473776 -2.881234 2.193407 20 20 20 508 96
8.473363 -2.942232 2.193299 20 20 20 512 96
8.472950 -3.003222 2.193192 20 20 20 516 96
8.472537 -3.064207 2.193085 20 20 20 520 96
8.472124 -3.125186 2.192978 20 20 20 524 96
8.471711 -3.186159 2.192871 20 20 20 528 96
8.471298 -3.247126 2.192764 20 20 20 532 96
8.470885 -3.308088 2.192658 20 20 20 536 96
8.470472 -3.369043 2.192551 20 20 20 540 96
8.470059 -3.429992 2.192444 20 20 20 544 96
8.469647 -3.490936 2.192337 20 20 20 548 96
8.469234 -3.551873 2.192230 20 20 20 552 96
8.468822 -3.612804 2.192123 20 20 20 556 96
8.468410 -3.673730 2.192017 20 20 20 560 96
8.467997 -3.734649 2.191910 20 20 20 564 96
8.467585 -3.795563 2.191803 20 20 20 568 96
8.467172 -3.856471 2.191696 20 20 20 572 96
8.466761 -3.917373 2.191590 20 20 20 576 96
8.466348 -3.978268 2.191483 20 20 20 580 96
8.465935 -4.039158 2.191376 20 20 20 584 96
8.465522 -4.100042 2.191269 20 20 20 588 96
8.465110 -4.160920 2.191163 20 20 20 592 96
8.464698 -4.221793 2.191056 20 20 20 596 96
8.464286 -4.282659 2.190949 20 20 20 600 96
8.463874 -4.343519 2.190843 20 20 20 604 96
8.435896 -4.390028 2.183601 21 21 21 608 96
8.318932 -4.389184 2.153325 24 24 24 612 96
8.205166 -4.388361 2.123877 27 27 27 616 96
8.094472 -4.387562 2.095224 30 30 30 620 96
7.986724 -4.386784 2.067334 33 33 33 624 96
7.881807 -4.386026 2.040177 36 36 36 628 96
7.779609 -4.385288 2.013723 39 39 39 632 96
7.680027 -4.384568 1.987947 42 42 42 636 96
8.176363 4.712174 2.057428 28 28 28 0 100
8.278728 4.711435 2.083186 25 25 25 4 100
8.383687 4.710677 2.109597 22 22 22 8 100
8.491343 4.709901 2.136687 19 19 19 12 100
8.540928 4.675779 2.149164 18 18 18 16 100
8.540508 4.613928 2.149058 18 18 18 20 100
8.540090 4.552083 2.148953 18 18 18 24 100
8.539670 4.490244 2.148847 18 18 18 28 100
8.539250 4.428411 2.148742 18 18 18 32 100
8.538832 4.366583 2.148636 18 18 18 36 100
8.538412 4.304762 2.148531 18 18 18 40 100
8.537992 4.242948 2.148425 18 18 18 44 100
8.537574 4.181139 2.148320 18 18 18 48 100
8.537153 4.119335 2.148214 18 18 18 52 100
8.536735 4.057539 2.148109 18 18 18 56 100
8.536316 3.995748 2.148003 18 18 18 60 100
8.535895 3.933963 2.147897 18 18 18 64 100
8.535477 3.872185 2.147792 18 18 18 68 100
8.535058 3.810412 2.147687 18 18 18 72 100
8.534638 3.748645 2.147581 18 18 18 76 100
8.534221 3.686885 2.147476 18 18 18 80 100
8.533802 3.625131 2.147371 18 18 18 84 100
8.533382 3.563383 2.147265 18 18 18 88 100
8.532964 3.501641 2.147160 18 18 18 92 100
8.532546 3.439905 2.147055 18 18 18 96 100
8.532126 3.378174 2.146949 18 18 18 100 100
8.531707 3.316450 2.146844 18 18 18 104 100
8.531289 3.254732 2.146739 18 18 18 108 100
8.530869 3.193020 2.146633 18 18 18 112 100
8.530451 3.131314 2.146528 18 18 18 116 100
8.530032 3.069615 2.146422 18 18 18 120 100
8.529613 3.007921 2.146317 18 18 18 124 100
8.529196 2.946233 2.146212 18 18 18 128 100
8.528778 2.884552 2.146107 18 18 18 132 100
8.528358 2.822876 2.146001 18 18 18 136 100
8.527941 2.761206 2.145896 18 18 18 140 100
8.527523 2.699543 2.145791 18 18 18 144 100
8.527104 2.637886 2.145686 18 18 18 148 100
8.526686 2.576234 2.145580 18 18 18 152 100
8.526267 2.514589 2.145475 18 18 18 156 100
8.525849 2.452950 2.145370 18 18 18 160 100
8.525432 2.391316 2.145265 18 18 18 164 100
8.525013 2.329689 2.145159 18 18 18 168 100
8.524594 2.268068 2.145054 18 18 18 172 100
8.524177 2.206453 2.144949 18 18 18 176 100
8.523759 2.144844 2.144844 18 18 18 180 100
8.523341 2.083241 2.144739 18 18 18 184 100
8.522924 2.021644 2.144634 18 18 18 188 100
8.522507 1.960053 2.144529 18 18 18 192 100
8.522088 1.898468 2.144423 18 18 18 196 100
8.521670 1.836889 2.144318 18 18 18 200 100
8.521254 1.775316 2.144213 18 18 18 204 100
8.520835 1.713749 2.144108 18 18 18 208 100
8.520417 1.652188 2.144003 18 18 18 212 100
8.520000 1.590634 2.143898 18 18 18 216 100
8.519582 1.529085 2.143793 18 18 18 220 100
8.519164 1.467542 2.143688 18 18 18 224 100
8.518747 1.406006 2.143583 18 18 18 228 100
8.518330 1.344475 2.143478 18 18 18 232 100
8.517912 1.282950 2.143373 18 18 18 236 100
8.517495 1.221432 2.143268 18 18 18 240 100
8.517078 1.159920 2.143163 19 19 19 244 100
8.516661 1.098413 2.143058 19 19 19 248 100
8.516244 1.036912 2.142953 19 19 19 252 100
8.515826 0.975418 2.142848 19 19 19 256 100
8.515409 0.913929 2.142743 19 19 19 260 100
8.514993 0.852447 2.142638 19 19 19 264 100
8.514575 0.790971 2.142533 19 19 19 268 100
8.514157 0.729500 2.142428 19 19 19 272 100
8.513741 0.668036 2.142323 19 19 19 276 100
8.513324 0.606578 2.142218 19 19 19 280 100
8.512908 0.545125 2.142113 19 19 19 284 100
8.512490 0.483679 2.142008 19 19 19 288 100
8.512074 0.422239 2.141903 19 19 19 292 100
8.511658 0.360805 2.141799 19 19 19 296 100
8.511241 0.299376 2.141694 19 19 19 300 100
8.510824 0.237954 2.141589 19 19 19 304 100
8.510407 0.176538 2.141484 19 19 19 308 100
8.509990 0.115128 2.141379 19 19 19 312 100
8.509574 0.053724 2.141274 19 19 19 316 100
8.509157 -0.007675 2.141170 19 19 19 320 100
8.508740 -0.069067 2.141065 19 19 19 324 100
8.508324 -0.130453 2.140960 19 19 19 328 100
8.507908 -0.191833 2.140855 19 19 19 332 100
8.507492 -0.253207 2.140751 19 19 19 336 100
8.507075 -0.314575 2.140646 19 19 19 340 100
8.506660 -0.375937 2.140541 19 19 19 344 100
8.506243 -0.437293 2.140436 19 19 19 348 100
8.505827 -0.498644 2.140332 19 19 19 352 100
8.505411 -0.559988 2.140227 19 19 19 356 100
8.504994 -0.621326 2.140122 19 19 19 360 100
8.504579 -0.682658 2.140018 19 19 19 364 100
8.504162 -0.743984 2.139913 19 19 19 368 100
8.503746 -0.805304 2.139808 19 19 19 372 100
8.503330 -0.866618 2.139703 19 19 19 376 100
8.502914 -0.927926 2.139599 19 19 19 380 100
8.502499 -0.989228 2.139494 19 19 19 384 100
8.502083 -1.050525 2.139390 19 19 19 388 100
8.501667 -1.111815 2.139285 19 19 19 392 100
8.501251 -1.173099 2.139180 19 19 19 396 100
8.500836 -1.234377 2.139076 19 19 19 400 100
8.500421 -1.295649 2.138971 19 19 19 404 100
8.500004 -1.356915 2.138866 19 19 19 408 100
8.499589 -1.418175 2.138762 19 19 19 412 100
8.499172 -1.479429 2.138657 19 19 19 416 100
8.498757 -1.540678 2.138553 19 19 19 420 100
8.498342 -1.601920 2.138448 19 19 19 424 100
8.497927 -1.663156 2.138344 19 19 19 428 100
8.497512 -1.724386 2.138239 19 19 19 432 100
8.497096 -1.785610 2.138135 19 19 19 436 100
8.496681 -1.846829 2.138030 19 19 19 440 100
8.496265 -1.908041 2.137926 19 19 19 444 100
8.495851 -1.969247 2.137821 19 19 19 448 100
8.495435 -2.030447 2.137717 19 19 19 452 100
8.495020 -2.091642 2.137612 19 19 19 456 100
8.494604 -2.152830 2.137508 19 19 19 460 100
8.494189 -2.214012 2.137403 19 19 19 464 100
8.493773 -2.275189 2.137299 19 19 19 468 100
8.493360 -2.336359 2.137195 19 19 19 472 100
8.492945 -2.397524 2.137090 19 19 19 476 100
8.492529 -2.458682 2.136986 19 19 19 480 100
8.492114 -2.519835 2.136881 19 19 19 484 100
8.491698 -2.580981 2.136777 19 19 19 488 100
8.491284 -2.642122 2.136672 19 19 19 492 100
8.490870 -2.703256 2.136568 19 19 19 496 100
8.490455 -2.764385 2.136464 19 19 19 500 100
8.490041 -2.825507 2.136359 19 19 19 504 100
8.489626 -2.886624 2.136254 19 19 19 508 100
8.489212 -2.947735 2.136150 19 19 19 512 100
8.488797 -3.008839 2.136045 19 19 19 516 100
8.488382 -3.069938 2.135941 19 19 19 520 100
8.487967 -3.131031 2.135837 19 19 19 524 100
8.487553 -3.192117 2.135732 19 19 19 528 100
8.487139 -3.253198 2.135628 19 19 19 532 100
8.486724 -3.314273 2.135524 19 19 19 536 100
8.486311 -3.375342 2.135420 19 19 19 540 100
8.485896 -3.436405 2.135315 19 19 19 544 100
8.485482 -3.497462 2.135211 19 19 19 548 100
8.485067 -3.558513 2.135107 19 19 19 552 100
8.484653 -3.619558 2.135003 19 19 19 556 100
8.484239 -3.680597 2.134898 19 19 19 560 100
8.483825 -3.741630 2.134794 19 19 19 564 100
8.483411 -3.802657 2.134690 19 19 19 568 100
8.482997 -3.863678 2.134586 19 19 19 572 100
8.482583 -3.924694 2.134482 19 19 19 576 100
8.482169 -3.985703 2.134378 19 19 19 580 100
8.481754 -4.046706 2.134273 19 19 19 584 100
8.481340 -4.107703 2.134169 19 19 19 588 100
8.480927 -4.168695 2.134065 20 20 20 592 100
8.480514 -4.229681 2.133961 20 20 20 596 100
8.480101 -4.290660 2.133857 20 20 20 600 100
8.479687 -4.351634 2.133753 20 20 20 604 100
8.435719 -4.389936 2.122689 21 21 21 608 100
8.318760 -4.389093 2.093259 24 24 24 612 100
8.205000 -4.388272 2.064633 27 27 27 616 100
8.094310 -4.387475 2.036780 30 30 30 620 100
7.986566 -4.386697 2.009668 33 33 33 624 100
7.881652 -4.385940 1.983269 36 36 36 628 100
7.779459 -4.385203 1.957554 39 39 39 632 100
7.679883 -4.384485 1.932497 42 42 42 636 100
8.176512 4.712260 1.998470 28 28 28 0 104
8.278880 4.711522 2.023491 25 25 25 4 104
8.383843 4.710765 2.049145 22 22 22 8 104
8.491504 4.709990 2.075459 19 19 19 12 104
8.557032 4.684596 2.091475 17 17 17 16 104
8.556611 4.622627 2.091372 17 17 17 20 104
8.556190 4.560665 2.091269 17 17 17 24 104
8.555768 4.498708 2.091166 17 17 17 28 104
8.555346 4.436758 2.091063 17 17 17 32 104
8.554926 4.374814 2.090961 17 17 17 36 104
8.554504 4.312875 2.090858 17 17 17 40 104
8.554084 4.250944 2.090755 17 17 17 44 104
8.553663 4.189018 2.090652 17 17 17 48 104
8.553242 4.127098 2.090549 18 18 18 52 104
8.552821 4.065185 2.090446 18 18 18 56 104
8.552401 4.003277 2.090343 18 18 18 60 104
8.551980 3.941376 2.090240 18 18 18 64 104
8.551559 3.879481 2.090138 18 18 18 68 104
8.551139 3.817591 2.090035 18 18 18 72 104
8.550718 3.755708 2.089932 18 18 18 76 104
8.550298 3.693831 2.089829 18 18 18 80 104
8.549877 3.631960 2.089727 18 18 18 84 104
8.549457 3.570095 2.089624 18 18 18 88 104
8.549035 3.508236 2.089521 18 18 18 92 104
8.548615 3.446383 2.089418 18 18 18 96 104
8.548195 3.384536 2.089315 18 18 18 100 104
8.547775 3.322696 2.089213 18 18 18 104 104
8.547355 3.260861 2.089110 18 18 18 108 104
8.546935 3.199033 2.089007 18 18 18 112 104
8.546515 3.137211 2.088905 18 18 18 116 104
8.546095 3.075395 2.088802 18 18 18 120 104
8.545675 3.013585 2.088700 18 18 18 124 104
8.545254 2.951780 2.088597 18 18 18 128 104
8.544834 2.889982 2.088494 18 18 18 132 104
8.544414 2.828190 2.088391 18 18 18 136 104
8.543994 2.766404 2.088289 18 18 18 140 104
8.543574 2.704624 2.088186 18 18 18 144 104
8.543154 2.642851 2.088083 18 18 18 148 104
8.542734 2.581083 2.087981 18 18 18 152 104
8.542315 2.519321 2.087878 18 18 18 156 104
8.541895 2.457566 2.087776 18 18 18 160 104
8.541475 2.395817 2.087673 18 18 18 164 104
8.541056 2.334073 2.087571 18 18 18 168 104
8.540636 2.272336 2.087468 18 18 18 172 104
8.540217 2.210605 2.087366 18 18 18 176 104
8.539798 2.148880 2.087263 18 18 18 180 104
8.539377 2.087160 2.087160 18 18 18 184 104
8.538958 2.025447 2.087058 18 18 18 188 104
8.538539 1.963740 2.086955 18 18 18 192 104
8.538119 1.902039 2.086853 18 18 18 196 104
8.537700 1.840344 2.086750 18 18 18 200 104
8.537281 1.778655 2.086648 18 18 18 204 104
8.536861 1.716973 2.086545 18 18 18 208 104
8.536442 1.655296 2.086443 18 18 18 212 104
8.536024 1.593625 2.086341 18 18 18 216 104
8.535604 1.531961 2.086238 18 18 18 220 104
8.535186 1.470302 2.086136 18 18 18 224 104
8.534767 1.408650 2.086033 18 18 18 228 104
8.534347 1.347003 2.085931 18 18 18 232 104
8.533928 1.285363 2.085828 18 18 18 236 104
8.533509 1.223728 2.085726 18 18 18 240 104
8.533091 1.162100 2.085624 18 18 18 244 104
8.532671 1.100478 2.085521 18 18 18 248 104
8.532252 1.038862 2.085419 18 18 18 252 104
8.531834 0.977252 2.085316 18 18 18 256 104
8.531415 0.915647 2.085214 18 18 18 260 104
8.530997 0.854049 2.085112 18 18 18 264 104
8.530579 0.792457 2.085010 18 18 18 268 104
8.530160 0.730871 2.084907 18 18 18 272 104
8.529741 0.669292 2.084805 18 18 18 276 104
8.529324 0.607718 2.084703 18 18 18 280 104
8.528904 0.546150 2.084600 18 18 18 284 104
8.528486 0.484588 2.084498 18 18 18 288 104
8.528068 0.423032 2.084396 18 18 18 292 104
8.527648 0.361483 2.084294 18 18 18 296 104
8.527230 0.299939 2.084192 18 18 18 300 104
8.526812 0.238401 2.084089 18 18 18 304 104
8.526394 0.176870 2.083987 18 18 18 308 104
8.525976 0.115344 2.083885 18 18 18 312 104
8.525558 0.053825 2.083783 18 18 18 316 104
8.525140 -0.007689 2.083681 18 18 18 320 104
8.524722 -0.069196 2.083578 18 18 18 324 104
8.524304 -0.130698 2.083476 18 18 18 328 104
8.523887 -0.192193 2.083374 18 18 18 332 104
8.523468 -0.253683 2.083272 18 18 18 336 104
8.523050 -0.315166 2.083170 18 18 18 340 104
8.522633 -0.376643 2.083068 18 18 18 344 104
8.522214 -0.438115 2.082965 18 18 18 348 104
8.521797 -0.499580 2.082864 18 18 18 352 104
8.521379 -0.561039 2.082761 18 18 18 356 104
8.520961 -0.622492 2.082659 18 18 18 360 104
8.520544 -0.683939 2.082557 18 18 18 364 104
8.520126 -0.745381 2.082455 18 18 18 368 104
8.519709 -0.806816 2.082353 18 18 18 372 104
8.519291 -0.868245 2.082251 18 18 18 376 104
8.518873 -0.929668 2.082149 18 18 18 380 104
8.518456 -0.991085 2.082047 18 18 18 384 104
8.518038 -1.052496 2.081945 18 18 18 388 104
8.517620 -1.113901 2.081843 18 18 18 392 104
8.517203 -1.175300 2.081741 18 18 18 396 104
8.516787 -1.236693 2.081639 19 19 19 400 104
8.516370 -1.298080 2.081537 19 19 19 404 104
8.515952 -1.359461 2.081435 19 19 19 408 104
8.515535 -1.420836 2.081333 19 19 19 412 104
8.515118 -1.482205 2.081231 19 19 19 416 104
8.514701 -1.543568 2.081129 19 19 19 420 104
8.514283 -1.604925 2.081027 19 19 19 424 104
8.513866 -1.666276 2.080925 19 19 19 428 104
8.513450 -1.727621 2.080823 19 19 19 432 104
8.513033 -1.788960 2.080721 19 19 19 436 104
8.512616 -1.850292 2.080620 19 19 19 440 104
8.512199 -1.911619 2.080518 19 19 19 444 104
8.511782 -1.972940 2.080416 19 19 19 448 104
8.511365 -2.034255 2.080314 19 19 19 452 104
8.510948 -2.095564 2.080212 19 19 19 456 104
8.510531 -2.156867 2.080110 19 19 19 460 104
8.510116 -2.218163 2.080008 19 19 19 464 104
8.509699 -2.279455 2.079906 19 19 19 468 104
8.509282 -2.340739 2.079805 19 19 19 472 104
8.508865 -2.402018 2.079703 19 19 19 476 104
8.508450 -2.463291 2.079601 19 19 19 480 104
8.508032 -2.524558 2.079499 19 19 19 484 104
8.507616 -2.585819 2.079397 19 19 19 488 104
8.507200 -2.647074 2.079296 19 19 19 492 104
8.506783 -2.708322 2.079194 19 19 19 496 104
8.506367 -2.769565 2.079092 19 19 19 500 104
8.505951 -2.830802 2.078989 19 19 19 504 104
8.505535 -2.892033 2.078888 19 19 19 508 104
8.505118 -2.953258 2.078786 19 19 19 512 104
8.504703 -3.014477 2.078684 19 19 19 516 104
8.504287 -3.075690 2.078583 19 19 19 520 104
8.503871 -3.136897 2.078481 19 19 19 524 104
8.503453 -3.198097 2.078379 19 19 19 528 104
8.503037 -3.259292 2.078277 19 19 19 532 104
8.502622 -3.320481 2.078176 19 19 19 536 104
8.502206 -3.381664 2.078074 19 19 19 540 104
8.501791 -3.442842 2.077973 19 19 19 544 104
8.501375 -3.504013 2.077871 19 19 19 548 104
8.500959 -3.565178 2.077770 19 19 19 552 104
8.500544 -3.626337 2.077668 19 19 19 556 104
8.500129 -3.687490 2.077566 19 19 19 560 104
8.499712 -3.748637 2.077465 19 19 19 564 104
8.499295 -3.809777 2.077363 19 19 19 568 104
8.498880 -3.870913 2.077261 19 19 19 572 104
8.498465 -3.932042 2.077160 19 19 19 576 104
8.498050 -3.993165 2.077058 19 19 19 580 104
8.497635 -4.054283 2.076957 19 19 19 584 104
8.497219 -4.115394 2.076855 19 19 19 588 104
8.496803 -4.176499 2.076754 19 19 19 592 104
8.496388 -4.237598 2.076652 19 19 19 596 104
8.495973 -4.298692 2.076550 19 19 19 600 104
8.495558 -4.359779 2.076449 19 19 19 604 104
8.435542 -4.389844 2.061780 21 21 21 608 104
8.318589 -4.389002 2.033195 24 24 24 612 104
8.204834 -4.388183 2.005392 27 27 27 616 104
8.094147 -4.387386 1.978338 30 30 30 620 104
7.986408 -4.386611 1.952005 33 33 33 624 104
7.881498 -4.385854 1.926363 36 36 36 628 104
7.779310 -4.385119 1.901387 39 39 39 632 104
7.679737 -4.384402 1.877050 42 42 42 636 104
8.176661 4.712345 1.939510 28 28 28 0 108
8.279033 4.711608 1.963793 25 25 25 4 108
8.384000 4.710853 1.988691 22 22 22 8 108
8.491664 4.710079 2.014229 19 19 19 12 108
8.573194 4.693443 2.033568 17 17 17 16 108
8.572771 4.631358 2.033468 17 17 17 20 108
8.572349 4.569278 2.033367 17 17 17 24 108
8.571926 4.507204 2.033267 17 17 17 28 108
8.571504 4.445137 2.033167 17 17 17 32 108
8.571081 4.383075 2.033067 17 17 17 36 108
8.570659 4.321020 2.032967 17 17 17 40 108
8.570236 4.258971 2.032866 17 17 17 44 108
8.569814 4.196928 2.032766 17 17 17 48 108
8.569392 4.134891 2.032666 17 17 17 52 108
8.568969 4.072859 2.032566 17 17 17 56 108
8.568547 4.010835 2.032466 17 17 17 60 108
8.568124 3.948816 2.032365 17 17 17 64 108
8.567701 3.886803 2.032265 17 17 17 68 108
8.567280 3.824797 2.032165 17 17 17 72 108
8.566856 3.762796 2.032065 17 17 17 76 108
8.566435 3.700802 2.031965 17 17 17 80 108
8.566012 3.638814 2.031865 17 17 17 84 108
8.565591 3.576833 2.031765 17 17 17 88 108
8.565169 3.514857 2.031664 17 17 17 92 108
8.564748 3.452887 2.031564 17 17 17 96 108
8.564325 3.390923 2.031464 17 17 17 100 108
8.563904 3.328965 2.031364 17 17 17 104 108
8.563481 3.267014 2.031264 17 17 17 108 108
8.563060 3.205069 2.031164 17 17 17 112 108
8.562638 3.143129 2.031064 17 17 17 116 108
8.562216 3.081196 2.030964 17 17 17 120 108
8.561794 3.019269 2.030864 17 17 17 124 108
8.561373 2.957348 2.030764 17 17 17 128 108
8.560950 2.895433 2.030664 17 17 17 132 108
8.560530 2.833524 2.030564 17 17 17 136 108
8.560108 2.771622 2.030464 17 17 17 140 108
8.559687 2.709725 2.030364 17 17 17 144 108
8.559265 2.647835 2.030264 17 17 17 148 108
8.558845 2.585950 2.030164 17 17 17 152 108
8.558422 2.524072 2.030064 17 17 17 156 108
8.558002 2.462200 2.029964 17 17 17 160 108
8.557580 2.400334 2.029864 17 17 17 164 108
8.557159 2.338474 2.029765 17 17 17 168 108
8.556737 2.276620 2.029665 17 17 17 172 108
8.556316 2.214772 2.029565 17 17 17 176 108
8.555895 2.152930 2.029465 17 17 17 180 108
8.555474 2.091094 2.029365 17 17 17 184 108
8.555053 2.029265 2.029265 17 17 17 188 108
8.554632 1.967441 2.029165 17 17 17 192 108
8.554212 1.905624 2.029066 17 17 17 196 108
8.553791 1.843813 2.028966 17 17 17 200 108
8.553370 1.782007 2.028866 17 17 17 204 108
8.552949 1.720208 2.028766 18 18 18 208 108
8.552528 1.658415 2.028666 18 18 18 212 108
8.552108 1.596628 2.028566 18 18 18 216 108
8.551686 1.534847 2.028466 18 18 18 220 108
8.551266 1.473072 2.028367 18 18 18 224 108
8.550845 1.411304 2.028267 18 18 18 228 108
8.550425 1.349541 2.028167 18 18 18 232 108
8.550004 1.287784 2.028068 18 18 18 236 108
8.549584 1.226034 2.027968 18 18 18 240 108
8.549164 1.164289 2.027868 18 18 18 244 108
8.548743 1.102551 2.027768 18 18 18 248 108
8.548324 1.040818 2.027669 18 18 18 252 108
8.547902 0.979092 2.027569 18 18 18 256 108
8.547482 0.917372 2.027469 18 18 18 260 108
8.547063 0.855658 2.027370 18 18 18 264 108
8.546641 0.793950 2.027270 18 18 18 268 108
8.546222 0.732248 2.027170 18 18 18 272 108
8.545801 0.670552 2.027071 18 18 18 276 108
8.545382 0.608862 2.026971 18 18 18 280 108
8.544961 0.547178 2.026871 18 18 18 284 108
8.544541 0.485500 2.026772 18 18 18 288 108
8.544122 0.423829 2.026672 18 18 18 292 108
8.543701 0.362163 2.026572 18 18 18 296 108
8.543282 0.300503 2.026473 18 18 18 300 108
8.542862 0.238850 2.026373 18 18 18 304 108
8.542442 0.177203 2.026274 18 18 18 308 108
8.542023 0.115561 2.026174 18 18 18 312 108
8.541603 0.053926 2.026075 18 18 18 316 108
8.541183 -0.007703 2.025975 18 18 18 320 108
8.540763 -0.069327 2.025876 18 18 18 324 108
8.540343 -0.130944 2.025776 18 18 18 328 108
8.539925 -0.192555 2.025676 18 18 18 332 108
8.539505 -0.254160 2.025577 18 18 18 336 108
8.539085 -0.315759 2.025477 18 18 18 340 108
8.538666 -0.377352 2.025378 18 18 18 344 108
8.538246 -0.438939 2.025278 18 18 18 348 108
8.537827 -0.500520 2.025179 18 18 18 352 108
8.537407 -0.562094 2.025079 18 18 18 356 108
8.536987 -0.623663 2.024980 18 18 18 360 108
8.536569 -0.685226 2.024881 18 18 18 364 108
8.536149 -0.746782 2.024781 18 18 18 368 108
8.535731 -0.808333 2.024682 18 18 18 372 108
8.535312 -0.869878 2.024582 18 18 18 376 108
8.534892 -0.931416 2.024483 18 18 18 380 108
8.534473 -0.992949 2.024384 18 18 18 384 108
8.534054 -1.054475 2.024284 18 18 18 388 108
8.533635 -1.115995 2.024185 18 18 18 392 108
8.533216 -1.177510 2.024086 18 18 18 396 108
8.532797 -1.239018 2.023986 18 18 18 400 108
8.532378 -1.300520 2.023887 18 18 18 404 108
8.531960 -1.362017 2.023787 18 18 18 408 108
8.531542 -1.423507 2.023688 18 18 18 412 108
8.531123 -1.484991 2.023589 18 18 18 416 108
8.530704 -1.546469 2.023489 18 18 18 420 108
8.530286 -1.607941 2.023390 18 18 18 424 108
8.529866 -1.669407 2.023291 18 18 18 428 108
8.529448 -1.730867 2.023191 18 18 18 432 108
8.529030 -1.792321 2.023092 18 18 18 436 108
8.528610 -1.853769 2.022993 18 18 18 440 108
8.528193 -1.915211 2.022894 18 18 18 444 108
8.527775 -1.976647 2.022794 18 18 18 448 108
8.527356 -2.038077 2.022695 18 18 18 452 108
8.526937 -2.099501 2.022596 18 18 18 456 108
8.526520 -2.160918 2.022497 18 18 18 460 108
8.526101 -2.222330 2.022398 18 18 18 464 108
8.525682 -2.283736 2.022298 18 18 18 468 108
8.525265 -2.345136 2.022199 18 18 18 472 108
8.524846 -2.406529 2.022100 18 18 18 476 108
8.524428 -2.467917 2.022001 18 18 18 480 108
8.524011 -2.529299 2.021902 18 18 18 484 108
8.523593 -2.590675 2.021803 18 18 18 488 108
8.523174 -2.652044 2.021704 18 18 18 492 108
8.522757 -2.713408 2.021603 18 18 18 496 108
8.522339 -2.774765 2.021504 18 18 18 500 108
8.521921 -2.836117 2.021405 18 18 18 504 108
8.521503 -2.897463 2.021306 18 18 18 508 108
8.521085 -2.958802 2.021207 18 18 18 512 108
8.520668 -3.020136 2.021108 18 18 18 516 108
8.520250 -3.081463 2.021009 18 18 18 520 108
8.519834 -3.142785 2.020910 18 18 18 524 108
8.519414 -3.204100 2.020810 18 18 18 528 108
8.518997 -3.265410 2.020711 18 18 18 532 108
8.518579 -3.326713 2.020612 18 18 18 536 108
8.518163 -3.388011 2.020514 18 18 18 540 108
8.517744 -3.449302 2.020414 18 18 18 544 108
8.517327 -3.510588 2.020316 18 18 18 548 108
8.516911 -3.571867 2.020217 19 19 19 552 108
8.516494 -3.633141 2.020118 19 19 19 556 108
8.516076 -3.694408 2.020019 19 19 19 560 108
8.515658 -3.755669 2.019920 19 19 19 564 108
8.515242 -3.816925 2.019821 19 19 19 568 108
8.514824 -3.878175 2.019722 19 19 19 572 108
8.514407 -3.939418 2.019623 19 19 19 576 108
8.513990 -4.000656 2.019524 19 19 19 580 108
8.513573 -4.061887 2.019425 19 19 19 584 108
8.513157 -4.123113 2.019326 19 19 19 588 108
8.512740 -4.184332 2.019228 19 19 19 592 108
8.512322 -4.245546 2.019129 19 19 19 596 108
8.511906 -4.306753 2.019030 19 19 19 600 108
8.511490 -4.367955 2.018931 19 19 19 604 108
8.435367 -4.389753 2.000875 21 21 21 608 108
8.318418 -4.388912 1.973134 24 24 24 612 108
8.204666 -4.388094 1.946152 27 27 27 616 108
8.093985 -4.387298 1.919898 30 30 30 620 108
7.986249 -4.386524 1.894343 33 33 33 624 108
7.881344 -4.385769 1.869460 36 36 36 628 108
7.779160 -4.385035 1.845222 39 39 39 632 108
7.679590 -4.384318 1.821604 42 42 42 636 108
8.176809 4.712431 1.880548 28 28 28 0 112
8.279183 4.711695 1.904092 25 25 25 4 112
8.384156 4.710941 1.928234 22 22 22 8 112
8.491823 4.710167 1.952996 19 19 19 12 112
8.589419 4.702326 1.975442 16 16 16 16 112
8.588995 4.640122 1.975344 17 17 17 20 112
8.588572 4.577925 1.975247 17 17 17 24 112
8.588147 4.515733 1.975149 17 17 17 28 112
8.587722 4.453547 1.975052 17 17 17 32 112
8.587297 4.391368 1.974954 17 17 17 36 112
8.586874 4.329195 1.974857 17 17 17 40 112
8.586449 4.267028 1.974759 17 17 17 44 112
8.586025 4.204867 1.974661 17 17 17 48 112
8.585601 4.142712 1.974564 17 17 17 52 112
8.585177 4.080564 1.974467 17 17 17 56 112
8.584753 4.018421 1.974369 17 17 17 60 112
8.584330 3.956285 1.974272 17 17 17 64 112
8.583906 3.894155 1.974174 17 17 17 68 112
8.583482 3.832031 1.974077 17 17 17 72 112
8.583058 3.769913 1.973979 17 17 17 76 112
8.582634 3.707800 1.973881 17 17 17 80 112
8.582211 3.645695 1.973784 17 17 17 84 112
8.581787 3.583596 1.973687 17 17 17 88 112
8.581364 3.521502 1.973589 17 17 17 92 112
8.580939 3.459415 1.973492 17 17 17 96 112
8.580516 3.397333 1.973394 17 17 17 100 112
8.580092 3.335258 1.973297 17 17 17 104 112
8.579669 3.273190 1.973200 17 17 17 108 112
8.579246 3.211127 1.973102 17 17 17 112 112
8.578822 3.149070 1.973005 17 17 17 116 112
8.578400 3.087020 1.972908 17 17 17 120 112
8.577976 3.024976 1.972810 17 17 17 124 112
8.577553 2.962937 1.972713 17 17 17 128 112
8.577129 2.900905 1.972616 17 17 17 132 112
8.576707 2.838879 1.972518 17 17 17 136 112
8.576283 2.776859 1.972421 17 17 17 140 112
8.575860 2.714845 1.972324 17 17 17 144 112
8.575437 2.652837 1.972226 17 17 17 148 112
8.575013 2.590836 1.972129 17 17 17 152 112
8.574592 2.528841 1.972032 17 17 17 156 112
8.574168 2.466851 1.971934 17 17 17 160 112
8.573746 2.404868 1.971837 17 17 17 164 112
8.573322 2.342891 1.971740 17 17 17 168 112
8.572900 2.280920 1.971643 17 17 17 172 112
8.572477 2.218955 1.971546 17 17 17 176 112
8.572055 2.156996 1.971448 17 17 17 180 112
8.571631 2.095043 1.971351 17 17 17 184 112
8.571210 2.033097 1.971254 17 17 17 188 112
8.570786 1.971157 1.971157 17 17 17 192 112
8.570364 1.909222 1.971060 17 17 17 196 112
8.569942 1.847294 1.970962 17 17 17 200 112
8.569518 1.785372 1.970865 17 17 17 204 112
8.569097 1.723456 1.970768 17 17 17 208 112
8.568674 1.661546 1.970671 17 17 17 212 112
8.568253 1.599642 1.970574 17 17 17 216 112
8.567829 1.537744 1.970477 17 17 17 220 112
8.567408 1.475853 1.970380 17 17 17 224 112
8.566986 1.413967 1.970283 17 17 17 228 112
8.566564 1.352088 1.970186 17 17 17 232 112
8.566141 1.290215 1.970088 17 17 17 236 112
8.565719 1.228347 1.969991 17 17 17 240 112
8.565297 1.166486 1.969894 17 17 17 244 112
8.564875 1.104631 1.969797 17 17 17 248 112
8.564452 1.042782 1.969700 17 17 17 252 112
8.564031 0.980939 1.969603 17 17 17 256 112
8.563609 0.919103 1.969506 17 17 17 260 112
8.563188 0.857272 1.969409 17 17 17 264 112
8.562765 0.795447 1.969312 17 17 17 268 112
8.562345 0.733629 1.969215 17 17 17 272 112
8.561922 0.671817 1.969118 17 17 17 276 112
8.561502 0.610010 1.969021 17 17 17 280 112
8.561079 0.548210 1.968924 17 17 17 284 112
8.560657 0.486416 1.968827 17 17 17 288 112
8.560235 0.424628 1.968730 17 17 17 292 112
8.559813 0.362846 1.968633 17 17 17 296 112
8.559393 0.301070 1.968536 17 17 17 300 112
8.558971 0.239300 1.968439 17 17 17 304 112
8.558550 0.177537 1.968343 17 17 17 308 112
8.558128 0.115779 1.968246 17 17 17 312 112
8.557708 0.054028 1.968149 17 17 17 316 112
8.557285 -0.007718 1.968052 17 17 17 320 112
8.556865 -0.069457 1.967955 17 17 17 324 112
8.556443 -0.131191 1.967858 17 17 17 328 112
8.556022 -0.192918 1.967761 17 17 17 332 112
8.555601 -0.254639 1.967664 17 17 17 336 112
8.555181 -0.316354 1.967568 17 17 17 340 112
8.554759 -0.378063 1.967471 17 17 17 344 112
8.554338 -0.439766 1.967374 17 17 17 348 112
8.553917 -0.501463 1.967277 17 17 17 352 112
8.553496 -0.563154 1.967180 17 17 17 356 112
8.553076 -0.624838 1.967084 18 18 18 360 112
8.552654 -0.686517 1.966987 18 18 18 364 112
8.552233 -0.748189 1.966890 18 18 18 368 112
8.551813 -0.809856 1.966793 18 18 18 372 112
8.551392 -0.871516 1.966697 18 18 18 376 112
8.550971 -0.933171 1.966600 18 18 18 380 112
8.550551 -0.994819 1.966503 18 18 18 384 112
8.550131 -1.056461 1.966406 18 18 18 388 112
8.549710 -1.118098 1.966310 18 18 18 392 112
8.549289 -1.179728 1.966213 18 18 18 396 112
8.548869 -1.241352 1.966116 18 18 18 400 112
8.548448 -1.302970 1.966019 18 18 18 404 112
8.548028 -1.364582 1.965923 18 18 18 408 112
8.547607 -1.426187 1.965826 18 18 18 412 112
8.547188 -1.487787 1.965730 18 18 18 416 112
8.546768 -1.549381 1.965633 18 18 18 420 112
8.546347 -1.610969 1.965536 18 18 18 424 112
8.545927 -1.672550 1.965440 18 18 18 428 112
8.545506 -1.734126 1.965343 18 18 18 432 112
8.545086 -1.795695 1.965246 18 18 18 436 112
8.544666 -1.857259 1.965150 18 18 18 440 112
8.544247 -1.918816 1.965053 18 18 18 444 112
8.543827 -1.980368 1.964957 18 18 18 448 112
8.543406 -2.041913 1.964860 18 18 18 452 112
8.542988 -2.103453 1.964764 18 18 18 456 112
8.542566 -2.164985 1.964667 18 18 18 460 112
8.542147 -2.226513 1.964570 18 18 18 464 112
8.541728 -2.288034 1.964474 18 18 18 468 112
8.541307 -2.349549 1.964377 18 18 18 472 112
8.540888 -2.411058 1.964281 18 18 18 476 112
8.540468 -2.472561 1.964184 18 18 18 480 112
8.540049 -2.534058 1.964088 18 18 18 484 112
8.539630 -2.595549 1.963991 18 18 18 488 112
8.539209 -2.657034 1.963894 18 18 18 492 112
8.538790 -2.718513 1.963797 18 18 18 496 112
8.538370 -2.779985 1.963701 18 18 18 500 112
8.537951 -2.841452 1.963604 18 18 18 504 112
8.537532 -2.902913 1.963508 18 18 18 508 112
8.537112 -2.964367 1.963411 18 18 18 512 112
8.536694 -3.025816 1.963315 18 18 18 516 112
8.536274 -3.087259 1.963219 18 18 18 520 112
8.535855 -3.148695 1.963122 18 18 18 524 112
8.535437 -3.210126 1.963026 18 18 18 528 112
8.535016 -3.271550 1.962929 18 18 18 532 112
8.534598 -3.332969 1.962833 18 18 18 536 112
8.534179 -3.394381 1.962736 18 18 18 540 112
8.533759 -3.455787 1.962640 18 18 18 544 112
8.533340 -3.517188 1.962544 18 18 18 548 112
8.532922 -3.578583 1.962448 18 18 18 552 112
8.532503 -3.639971 1.962351 18 18 18 556 112
8.532084 -3.701353 1.962255 18 18 18 560 112
8.531666 -3.762729 1.962159 18 18 18 564 112
8.531246 -3.824099 1.962062 18 18 18 568 112
8.530828 -3.885464 1.961966 18 18 18 572 112
8.530409 -3.946822 1.961870 18 18 18 576 112
8.529990 -4.008174 1.961773 18 18 18 580 112
8.529572 -4.069520 1.961677 18 18 18 584 112
8.529154 -4.130860 1.961581 18 18 18 588 112
8.528736 -4.192195 1.961485 18 18 18 592 112
8.528316 -4.253523 1.961388 18 18 18 596 112
8.527899 -4.314845 1.961292 18 18 18 600 112
8.527480 -4.376161 1.961196 18 18 18 604 112
8.435191 -4.389661 1.939971 21 21 21 608 112
8.318246 -4.388821 1.913075 24 24 24 612 112
8.204499 -4.388004 1.886915 27 27 27 616 112
8.093822 -4.387210 1.861461 30 30 30 620 112
7.986091 -4.386437 1.836684 33 33 33 624 112
7.881191 -4.385684 1.812559 36 36 36 628 112
7.779010 -4.384950 1.789059 39 39 39 632 112
7.679445 -4.384235 1.766160 42 42 42 636 112
8.176957 4.712516 1.821583 28 28 28 0 116
8.279337 4.711782 1.844390 25 25 25 4 116
8.384313 4.711029 1.867776 22 22 22 8 116
8.491984 4.710257 1.891762 19 19 19 12 116
8.602457 4.709464 1.916372 16 16 16 16 116
8.605278 4.648920 1.917000 16 16 16 20 116
8.604854 4.586604 1.916906 16 16 16 24 116
8.604427 4.524294 1.916811 16 16 16 28 116
8.604002 4.461990 1.916716 16 16 16 32 116
8.603576 4.399692 1.916621 16 16 16 36 116
8.603150 4.337401 1.916526 16 16 16 40 116
8.602725 4.275116 1.916431 16 16 16 44 116
8.602299 4.212837 1.916336 16 16 16 48 116
8.601873 4.150564 1.916242 16 16 16 52 116
8.601447 4.088297 1.916147 16 16 16 56 116
8.601022 4.026036 1.916052 16 16 16 60 116
8.600596 3.963782 1.915957 16 16 16 64 116
8.600170 3.901533 1.915862 16 16 16 68 116
8.599745 3.839291 1.915768 16 16 16 72 116
8.599319 3.777055 1.915673 16 16 16 76 116
8.598894 3.714825 1.915578 16 16 16 80 116
8.598470 3.652602 1.915483 16 16 16 84 116
8.598044 3.590384 1.915389 16 16 16 88 116
8.597619 3.528173 1.915294 16 16 16 92 116
8.597195 3.465968 1.915199 16 16 16 96 116
8.596769 3.403769 1.915105 16 16 16 100 116
8.596344 3.341576 1.915010 16 16 16 104 116
8.595919 3.279389 1.914915 16 16 16 108 116
8.595493 3.217208 1.914821 16 16 16 112 116
8.595069 3.155034 1.914726 16 16 16 116 116
8.594643 3.092865 1.914631 16 16 16 120 116
8.594218 3.030703 1.914536 16 16 16 124 116
8.593793 2.968547 1.914442 16 16 16 128 116
8.593369 2.906397 1.914347 16 16 16 132 116
8.592944 2.844254 1.914253 16 16 16 136 116
8.592520 2.782116 1.914158 16 16 16 140 116
8.592095 2.719985 1.914063 16 16 16 144 116
8.591670 2.657859 1.913969 16 16 16 148 116
8.591247 2.595740 1.913874 16 16 16 152 116
8.590822 2.533627 1.913780 16 16 16 156 116
8.590397 2.471520 1.913685 16 16 16 160 116
8.589972 2.409420 1.913591 16 16 16 164 116
8.589548 2.347325 1.913496 16 16 16 168 116
8.589123 2.285236 1.913401 17 17 17 172 116
8.588698 2.223154 1.913307 17 17 17 176 116
8.588274 2.161078 1.913212 17 17 17 180 116
8.587851 2.099008 1.913118 17 17 17 184 116
8.587426 2.036944 1.913023 17 17 17 188 116
8.587002 1.974886 1.912929 17 17 17 192 116
8.586578 1.912834 1.912834 17 17 17 196 116
8.586154 1.850789 1.912740 17 17 17 200 116
8.585731 1.788749 1.912646 17 17 17 204 116
8.585306 1.726716 1.912551 17 17 17 208 116
8.584882 1.664689 1.912457 17 17 17 212 116
8.584458 1.602668 1.912362 17 17 17 216 116
8.584034 1.540653 1.912268 17 17 17 220 116
8.583610 1.478644 1.912173 17 17 17 224 116
8.583186 1.416641 1.912079 17 17 17 228 116
8.582763 1.354645 1.911985 17 17 17 232 116
8.582338 1.292654 1.911890 17 17 17 236 116
8.581916 1.230670 1.911796 17 17 17 240 116
8.581492 1.168692 1.911702 17 17 17 244 116
8.581068 1.106720 1.911607 17 17 17 248 116
8.580645 1.044754 1.911513 17 17 17 252 116
8.580221 0.982794 1.911418 17 17 17 256 116
8.579797 0.920840 1.911324 17 17 17 260 116
8.579373 0.858892 1.911230 17 17 17 264 116
8.578950 0.796951 1.911135 17 17 17 268 116
8.578526 0.735016 1.911041 17 17 17 272 116
8.578104 0.673086 1.910947 17 17 17 276 116
8.577681 0.611163 1.910853 17 17 17 280 116
8.577257 0.549246 1.910758 17 17 17 284 116
8.576834 0.487335 1.910664 17 17 17 288 116
8.576410 0.425430 1.910570 17 17 17 292 116
8.575987 0.363532 1.910475 17 17 17 296 116
8.575564 0.301639 1.910381 17 17 17 300 116
8.575141 0.239752 1.910287 17 17 17 304 116
8.574718 0.177872 1.910192 17 17 17 308 116
8.574296 0.115998 1.910098 17 17 17 312 116
8.573873 0.054130 1.910004 17 17 17 316 116
8.573450 -0.007733 1.909910 17 17 17 320 116
8.573027 -0.069589 1.909816 17 17 17 324 116
8.572604 -0.131438 1.909722 17 17 17 328 116
8.572182 -0.193282 1.909628 17 17 17 332 116
8.571758 -0.255120 1.909533 17 17 17 336 116
8.571336 -0.316951 1.909439 17 17 17 340 116
8.570913 -0.378777 1.909345 17 17 17 344 116
8.570491 -0.440596 1.909251 17 17 17 348 116
8.570068 -0.502410 1.909157 17 17 17 352 116
8.569646 -0.564217 1.909063 17 17 17 356 116
8.569222 -0.626018 1.908968 17 17 17 360 116
8.568801 -0.687813 1.908874 17 17 17 364 116
8.568377 -0.749602 1.908780 17 17 17 368 116
8.567955 -0.811385 1.908686 17 17 17 372 116
8.567533 -0.873161 1.908592 17 17 17 376 116
8.567111 -0.934932 1.908498 17 17 17 380 116
8.566689 -0.996697 1.908404 17 17 17 384 116
8.566267 -1.058455 1.908310 17 17 17 388 116
8.565845 -1.120208 1.908216 17 17 17 392 116
8.565423 -1.181954 1.908122 17 17 17 396 116
8.565001 -1.243694 1.908028 17 17 17 400 116
8.564578 -1.305428 1.907934 17 17 17 404 116
8.564156 -1.367156 1.907840 17 17 17 408 116
8.563735 -1.428878 1.907746 17 17 17 412 116
8.563313 -1.490594 1.907652 17 17 17 416 116
8.562891 -1.552304 1.907558 17 17 17 420 116
8.562469 -1.614008 1.907464 17 17 17 424 116
8.562048 -1.675705 1.907370 17 17 17 428 116
8.561625 -1.737397 1.907276 17 17 17 432 116
8.561204 -1.799082 1.907182 17 17 17 436 116
8.560782 -1.860762 1.907088 17 17 17 440 116
8.560360 -1.922435 1.906994 17 17 17 444 116
8.559939 -1.984102 1.906900 17 17 17 448 116
8.559518 -2.045764 1.906806 17 17 17 452 116
8.559097 -2.107419 1.906713 17 17 17 456 116
8.558675 -2.169068 1.906619 17 17 17 460 116
8.558254 -2.230711 1.906525 17 17 17 464 116
8.557832 -2.292348 1.906431 17 17 17 468 116
8.557411 -2.353979 1.906337 17 17 17 472 116
8.556989 -2.415603 1.906243 17 17 17 476 116
8.556569 -2.477222 1.906149 17 17 17 480 116
8.556148 -2.538835 1.906055 17 17 17 484 116
8.555726 -2.600441 1.905961 17 17 17 488 116
8.555305 -2.662042 1.905867 17 17 17 492 116
8.554884 -2.723637 1.905773 17 17 17 496 116
8.554463 -2.785225 1.905679 17 17 17 500 116
8.554043 -2.846807 1.905586 17 17 17 504 116
8.553621 -2.908383 1.905492 17 17 17 508 116
8.553200 -2.969954 1.905398 18 18 18 512 116
8.552779 -3.031518 1.905304 18 18 18 516 116
8.552359 -3.093076 1.905210 18 18 18 520 116
8.551938 -3.154628 1.905117 18 18 18 524 116
8.551517 -3.216174 1.905023 18 18 18 528 116
8.551097 -3.277714 1.904929 18 18 18 532 116
8.550675 -3.339247 1.904836 18 18 18 536 116
8.550255 -3.400775 1.904742 18 18 18 540 116
8.549834 -3.462297 1.904648 18 18 18 544 116
8.549414 -3.523813 1.904554 18 18 18 548 116
8.548993 -3.585323 1.904461 18 18 18 552 116
8.548573 -3.646826 1.904367 18 18 18 556 116
8.548153 -3.708324 1.904274 18 18 18 560 116
8.547733 -3.769815 1.904180 18 18 18 564 116
8.547313 -3.831301 1.904086 18 18 18 568 116
8.546892 -3.892780 1.903993 18 18 18 572 116
8.546472 -3.954254 1.903899 18 18 18 576 116
8.546051 -4.015721 1.903805 18 18 18 580 116
8.545630 -4.077182 1.903712 18 18 18 584 116
8.545211 -4.138637 1.903618 18 18 18 588 116
8.544791 -4.200087 1.903525 18 18 18 592 116
8.544371 -4.261530 1.903431 18 18 18 596 116
8.543951 -4.322967 1.903338 18 18 18 600 116
8.543531 -4.384398 1.903244 18 18 18 604 116
8.435015 -4.389569 1.879070 21 21 21 608 116
8.318073 -4.388731 1.853019 24 24 24 612 116
8.204332 -4.387916 1.827681 27 27 27 616 116
8.093660 -4.387122 1.803026 30 30 30 620 116
7.985933 -4.386350 1.779028 33 33 33 624 116
7.881036 -4.385598 1.755660 36 36 36 628 116
7.778860 -4.384865 1.732898 39 39 39 632 116
7.679298 -4.384151 1.710719 42 42 42 636 116
8.177105 4.712602 1.762616 28 28 28 0 120
8.279490 4.711869 1.784686 25 25 25 4 120
8.384469 4.711117 1.807315 22 22 22 8 120
8.492146 4.710346 1.830525 19 19 19 12 120
8.602622 4.709554 1.854339 16 16 16 16 120
8.621626 4.657751 1.858435 16 16 16 20 120
8.621199 4.595316 1.858343 16 16 16 24 120
8.620770 4.532887 1.858251 16 16 16 28 120
8.620342 4.470464 1.858158 16 16 16 32 120
8.619915 4.408048 1.858066 16 16 16 36 120
8.619488 4.345638 1.857974 16 16 16 40 120
8.619061 4.283234 1.857882 16 16 16 44 120
8.618632 4.220836 1.857790 16 16 16 48 120
8.618206 4.158444 1.857698 16 16 16 52 120
8.617779 4.096059 1.857606 16 16 16 56 120
8.617352 4.033680 1.857514 16 16 16 60 120
8.616924 3.971307 1.857421 16 16 16 64 120
8.616498 3.908940 1.857330 16 16 16 68 120
8.616071 3.846580 1.857238 16 16 16 72 120
8.615644 3.784225 1.857146 16 16 16 76 120
8.615217 3.721877 1.857054 16 16 16 80 120
8.614790 3.659534 1.856962 16 16 16 84 120
8.614363 3.597199 1.856870 16 16 16 88 120
8.613936 3.534869 1.856778 16 16 16 92 120
8.613509 3.472545 1.856685 16 16 16 96 120
8.613082 3.410228 1.856593 16 16 16 100 120
8.612655 3.347916 1.856501 16 16 16 104 120
8.612229 3.285611 1.856410 16 16 16 108 120
8.611802 3.223313 1.856318 16 16 16 112 120
8.611375 3.161020 1.856226 16 16 16 116 120
8.610950 3.098733 1.856134 16 16 16 120 120
8.610523 3.036453 1.856042 16 16 16 124 120
8.610097 2.974179 1.855950 16 16 16 128 120
8.609671 2.911911 1.855858 16 16 16 132 120
8.609243 2.849649 1.855766 16 16 16 136 120
8.608818 2.787393 1.855674 16 16 16 140 120
8.608391 2.725143 1.855582 16 16 16 144 120
8.607964 2.662900 1.855490 16 16 16 148 120
8.607538 2.600662 1.855398 16 16 16 152 120
8.607112 2.538431 1.855307 16 16 16 156 120
8.606687 2.476207 1.855215 16 16 16 160 120
8.606260 2.413988 1.855123 16 16 16 164 120
8.605834 2.351775 1.855031 16 16 16 168 120
8.605409 2.289569 1.854939 16 16 16 172 120
8.604982 2.227369 1.854848 16 16 16 176 120
8.604556 2.165175 1.854756 16 16 16 180 120
8.604132 2.102987 1.854664 16 16 16 184 120
8.603704 2.040805 1.854572 16 16 16 188 120
8.603279 1.978629 1.854480 16 16 16 192 120
8.602854 1.916460 1.854389 16 16 16 196 120
8.602427 1.854296 1.854297 16 16 16 200 120
8.602001 1.792139 1.854205 16 16 16 204 120
8.601576 1.729988 1.854113 16 16 16 208 120
8.601151 1.667843 1.854022 16 16 16 212 120
8.600725 1.605705 1.853930 16 16 16 216 120
8.600300 1.543572 1.853838 16 16 16 220 120
8.599874 1.481446 1.853746 16 16 16 224 120
8.599448 1.419325 1.853655 16 16 16 228 120
8.599022 1.357211 1.853563 16 16 16 232 120
8.598598 1.295103 1.853471 16 16 16 236 120
8.598172 1.233001 1.853380 16 16 16 240 120
8.597747 1.170906 1.853288 16 16 16 244 120
8.597322 1.108816 1.853196 16 16 16 248 120
8.596896 1.046733 1.853105 16 16 16 252 120
8.596473 0.984655 1.853013 16 16 16 256 120
8.596046 0.922584 1.852921 16 16 16 260 120
8.595621 0.860519 1.852830 16 16 16 264 120
8.595196 0.798460 1.852738 16 16 16 268 120
8.594771 0.736407 1.852646 16 16 16 272 120
8.594347 0.674361 1.852555 16 16 16 276 120
8.593922 0.612320 1.852463 16 16 16 280 120
8.593497 0.550286 1.852372 16 16 16 284 120
8.593072 0.488258 1.852280 16 16 16 288 120
8.592648 0.426236 1.852189 16 16 16 292 120
8.592222 0.364220 1.852097 16 16 16 296 120
8.591798 0.302210 1.852005 16 16 16 300 120
8.591372 0.240206 1.851914 16 16 16 304 120
8.590948 0.178209 1.851822 16 16 16 308 120
8.590524 0.116217 1.851731 16 16 16 312 120
8.590099 0.054232 1.851639 16 16 16 316 120
8.589675 -0.007747 1.851548 16 16 16 320 120
8.589251 -0.069720 1.851456 17 17 17 324 120
8.588827 -0.131687 1.851365 17 17 17 328 120
8.588401 -0.193648 1.851273 17 17 17 332 120
8.587977 -0.255603 1.851182 17 17 17 336 120
8.587552 -0.317551 1.851090 17 17 17 340 120
8.587129 -0.379494 1.850999 17 17 17 344 120
8.586704 -0.441430 1.850908 17 17 17 348 120
8.586280 -0.503360 1.850816 17 17 17 352 120
8.585856 -0.565284 1.850725 17 17 17 356 120
8.585432 -0.627202 1.850634 17 17 17 360 120
8.585009 -0.689114 1.850542 17 17 17 364 120
8.584584 -0.751020 1.850451 17 17 17 368 120
8.584161 -0.812919 1.850359 17 17 17 372 120
8.583735 -0.874813 1.850268 17 17 17 376 120
8.583312 -0.936700 1.850176 17 17 17 380 120
8.582888 -0.998581 1.850085 17 17 17 384 120
8.582465 -1.060457 1.849994 17 17 17 388 120
8.582042 -1.122326 1.849903 17 17 17 392 120
8.581617 -1.184189 1.849811 17 17 17 396 120
8.581194 -1.246045 1.849720 17 17 17 400 120
8.580770 -1.307896 1.849629 17 17 17 404 120
8.580347 -1.369741 1.849537 17 17 17 408 120
8.579923 -1.431579 1.849446 17 17 17 412 120
8.579499 -1.493412 1.849355 17 17 17 416 120
8.579076 -1.555238 1.849263 17 17 17 420 120
8.578653 -1.617058 1.849172 17 17 17 424 120
8.578230 -1.678872 1.849081 17 17 17 428 120
8.577806 -1.740680 1.848990 17 17 17 432 120
8.577383 -1.802482 1.848899 17 17 17 436 120
8.576960 -1.864278 1.848807 17 17 17 440 120
8.576536 -1.926068 1.848716 17 17 17 444 120
8.576113 -1.987851 1.848625 17 17 17 448 120
8.575689 -2.049629 1.848534 17 17 17 452 120
8.575267 -2.111400 1.848442 17 17 17 456 120
8.574844 -2.173166 1.848351 17 17 17 460 120
8.574421 -2.234925 1.848260 17 17 17 464 120
8.573997 -2.296678 1.848169 17 17 17 468 120
8.573575 -2.358425 1.848078 17 17 17 472 120
8.573153 -2.420166 1.847987 17 17 17 476 120
8.572729 -2.481901 1.847894 17 17 17 480 120
8.572307 -2.543630 1.847803 17 17 17 484 120
8.571883 -2.605352 1.847712 17 17 17 488 120
8.571462 -2.667069 1.847621 17 17 17 492 120
8.571039 -2.728780 1.847530 17 17 17 496 120
8.570616 -2.790484 1.847439 17 17 17 500 120
8.570194 -2.852183 1.847348 17 17 17 504 120
8.569770 -2.913874 1.847256 17 17 17 508 120
8.569348 -2.975561 1.847166 17 17 17 512 120
8.568925 -3.037241 1.847074 17 17 17 516 120
8.568503 -3.098915 1.846983 17 17 17 520 120
8.568081 -3.160583 1.846892 17 17 17 524 120
8.567658 -3.222245 1.846801 17 17 17 528 120
8.567237 -3.283900 1.846710 17 17 17 532 120
8.566814 -3.345550 1.846619 17 17 17 536 120
8.566393 -3.407194 1.846529 17 17 17 540 120
8.565970 -3.468831 1.846437 17 17 17 544 120
8.565548 -3.530463 1.846346 17 17 17 548 120
8.565125 -3.592088 1.846255 17 17 17 552 120
8.564703 -3.653707 1.846164 17 17 17 556 120
8.564281 -3.715321 1.846073 17 17 17 560 120
8.563860 -3.776928 1.845982 17 17 17 564 120
8.563438 -3.838529 1.845892 17 17 17 568 120
8.563017 -3.900124 1.845801 17 17 17 572 120
8.562594 -3.961714 1.845710 17 17 17 576 120
8.562173 -4.023296 1.845619 17 17 17 580 120
8.561751 -4.084873 1.845528 17 17 17 584 120
8.561329 -4.146443 1.845437 17 17 17 588 120
8.560907 -4.208008 1.845346 17 17 17 592 120
8.560486 -4.269567 1.845255 17 17 17 596 120
8.560064 -4.331120 1.845164 17 17 17 600 120
8.555107 -4.390338 1.844096 17 17 17 604 120
8.434837 -4.389477 1.818171 21 21 21 608 120
8.317903 -4.388640 1.792965 24 24 24 612 120
8.204166 -4.387826 1.768449 27 27 27 616 120
8.093497 -4.387034 1.744594 30 30 30 620 120
7.985775 -4.386262 1.721373 33 33 33 624 120
7.880882 -4.385512 1.698763 36 36 36 628 120
7.778710 -4.384781 1.676740 39 39 39 632 120
7.679153 -4.384068 1.655279 42 42 42 636 120
8.177255 4.712688 1.703648 28 28 28 0 124
8.279642 4.711956 1.724979 25 25 25 4 124
8.384625 4.711205 1.746851 22 22 22 8 124
8.492306 4.710435 1.769285 19 19 19 12 124
8.602786 4.709644 1.792303 16 16 16 16 124
8.638034 4.666615 1.799646 15 15 15 20 124
8.637604 4.604061 1.799557 15 15 15 24 124
8.637176 4.541513 1.799468 15 15 15 28 124
8.636746 4.478971 1.799378 15 15 15 32 124
8.636317 4.416436 1.799289 15 15 15 36 124
8.635889 4.353907 1.799200 15 15 15 40 124
8.635460 4.291384 1.799110 15 15 15 44 124
8.635031 4.228867 1.799021 15 15 15 48 124
8.634603 4.166356 1.798932 15 15 15 52 124
8.634173 4.103852 1.798842 15 15 15 56 124
8.633744 4.041353 1.798753 15 15 15 60 124
8.633315 3.978861 1.798663 15 15 15 64 124
8.632887 3.916376 1.798574 15 15 15 68 124
8.632457 3.853895 1.798485 15 15 15 72 124
8.632029 3.791422 1.798395 15 15 15 76 124
8.631600 3.728955 1.798306 15 15 15 80 124
8.631172 3.666494 1.798217 15 15 15 84 124
8.630743 3.604039 1.798128 15 15 15 88 124
8.630315 3.541590 1.798038 15 15 15 92 124
8.629887 3.479148 1.797949 15 15 15 96 124
8.629458 3.416712 1.797860 15 15 15 100 124
8.629030 3.354282 1.797771 15 15 15 104 124
8.628602 3.291857 1.797681 15 15 15 108 124
8.628174 3.229440 1.797592 15 15 15 112 124
8.627746 3.167029 1.797503 15 15 15 116 124
8.627317 3.104624 1.797414 15 15 15 120 124
8.626888 3.042224 1.797324 15 15 15 124 124
8.626460 2.979831 1.797235 15 15 15 128 124
8.626033 2.917445 1.797146 15 15 15 132 124
8.625605 2.855064 1.797057 15 15 15 136 124
8.625177 2.792690 1.796968 16 16 16 140 124
8.624749 2.730322 1.796879 16 16 16 144 124
8.624322 2.667960 1.796790 16 16 16 148 124
8.623894 2.605604 1.796700 16 16 16 152 124
8.623466 2.543255 1.796611 16 16 16 156 124
8.623038 2.480911 1.796522 16 16 16 160 124
8.622610 2.418574 1.796433 16 16 16 164 124
8.622182 2.356243 1.796344 16 16 16 168 124
8.621755 2.293918 1.796255 16 16 16 172 124
8.621326 2.231600 1.796166 16 16 16 176 124
8.620899 2.169287 1.796077 16 16 16 180 124
8.620473 2.106981 1.795988 16 16 16 184 124
8.620045 2.044681 1.795899 16 16 16 188 124
8.619617 1.982387 1.795810 16 16 16 192 124
8.619189 1.920099 1.795720 16 16 16 196 124
8.618763 1.857818 1.795632 16 16 16 200 124
8.618335 1.795542 1.795542 16 16 16 204 124
8.617908 1.733273 1.795453 16 16 16 208 124
8.617480 1.671010 1.795364 16 16 16 212 124
8.617053 1.608753 1.795275 16 16 16 216 124
8.616627 1.546502 1.795186 16 16 16 220 124
8.616199 1.484258 1.795097 16 16 16 224 124
8.615772 1.422019 1.795008 16 16 16 228 124
8.615345 1.359787 1.794919 16 16 16 232 124
8.614918 1.297561 1.794830 16 16 16 236 124
8.614491 1.235341 1.794741 16 16 16 240 124
8.614064 1.173128 1.794653 16 16 16 244 124
8.613637 1.110920 1.794564 16 16 16 248 124
8.613211 1.048719 1.794475 16 16 16 252 124
8.612784 0.986524 1.794386 16 16 16 256 124
8.612357 0.924335 1.794297 16 16 16 260 124
8.611930 0.862152 1.794208 16 16 16 264 124
8.611504 0.799975 1.794119 16 16 16 268 124
8.611077 0.737804 1.794030 16 16 16 272 124
8.610650 0.675640 1.793941 16 16 16 276 124
8.610224 0.613482 1.793853 16 16 16 280 124
8.609797 0.551330 1.793764 16 16 16 284 124
8.609371 0.489184 1.793675 16 16 16 288 124
8.608946 0.427044 1.793586 16 16 16 292 124
8.608519 0.364911 1.793497 16 16 16 296 124
8.608091 0.302783 1.793409 16 16 16 300 124
8.607666 0.240662 1.793320 16 16 16 304 124
8.607240 0.178547 1.793231 16 16 16 308 124
8.606812 0.116438 1.793142 16 16 16 312 124
8.606387 0.054335 1.793053 16 16 16 316 124
8.605961 -0.007762 1.792965 16 16 16 320 124
8.605536 -0.069852 1.792876 16 16 16 324 124
8.605110 -0.131937 1.792787 16 16 16 328 124
8.604684 -0.194015 1.792699 16 16 16 332 124
8.604257 -0.256087 1.792610 16 16 16 336 124
8.603831 -0.318153 1.792521 16 16 16 340 124
8.603405 -0.380213 1.792432 16 16 16 344 124
8.602979 -0.442267 1.792343 16 16 16 348 124
8.602554 -0.504314 1.792255 16 16 16 352 124
8.602129 -0.566356 1.792166 16 16 16 356 124
8.601703 -0.628391 1.792077 16 16 16 360 124
8.601277 -0.690420 1.791989 16 16 16 364 124
8.600851 -0.752443 1.791900 16 16 16 368 124
8.600426 -0.814460 1.791811 16 16 16 372 124
8.599999 -0.876470 1.791723 16 16 16 376 124
8.599574 -0.938475 1.791634 16 16 16 380 124
8.599150 -1.000473 1.791546 16 16 16 384 124
8.598723 -1.062466 1.791457 16 16 16 388 124
8.598298 -1.124452 1.791368 16 16 16 392 124
8.597874 -1.186432 1.791280 16 16 16 396 124
8.597448 -1.248406 1.791191 16 16 16 400 124
8.597024 -1.310374 1.791103 16 16 16 404 124
8.596598 -1.372335 1.791014 16 16 16 408 124
8.596172 -1.434291 1.790925 16 16 16 412 124
8.595747 -1.496240 1.790837 16 16 16 416 124
8.595323 -1.558183 1.790748 16 16 16 420 124
8.594897 -1.620120 1.790660 16 16 16 424 124
8.594473 -1.682051 1.790571 16 16 16 428 124
8.594048 -1.743976 1.790483 16 16 16 432 124
8.593623 -1.805895 1.790394 16 16 16 436 124
8.593199 -1.867808 1.790306 16 16 16 440 124
8.592773 -1.929714 1.790217 16 16 16 444 124
8.592348 -1.991614 1.790128 16 16 16 448 124
8.591923 -2.053509 1.790040 16 16 16 452 124
8.591499 -2.115397 1.789952 16 16 16 456 124
8.591074 -2.177279 1.789863 16 16 16 460 124
8.590650 -2.239155 1.789775 16 16 16 464 124
8.590225 -2.301025 1.789686 16 16 16 468 124
8.589801 -2.362889 1.789598 16 16 16 472 124
8.589376 -2.424746 1.789508 16 16 16 476 124
8.588952 -2.486598 1.789420 17 17 17 480 124
8.588527 -2.548443 1.789331 17 17 17 484 124
8.588103 -2.610282 1.789243 17 17 17 488 124
8.587679 -2.672115 1.789155 17 17 17 492 124
8.587255 -2.733942 1.789066 17 17 17 496 124
8.586830 -2.795763 1.788978 17 17 17 500 124
8.586407 -2.857578 1.788890 17 17 17 504 124
8.585982 -2.919387 1.788801 17 17 17 508 124
8.585558 -2.981189 1.788713 17 17 17 512 124
8.585134 -3.042986 1.788624 17 17 17 516 124
8.584710 -3.104776 1.788536 17 17 17 520 124
8.584286 -3.166560 1.788448 17 17 17 524 124
8.583861 -3.228338 1.788359 17 17 17 528 124
8.583439 -3.290111 1.788271 17 17 17 532 124
8.583014 -3.351876 1.788183 17 17 17 536 124
8.582591 -3.413637 1.788095 17 17 17 540 124
8.582168 -3.475390 1.788006 17 17 17 544 124
8.581743 -3.537138 1.787918 17 17 17 548 124
8.581320 -3.598880 1.787830 17 17 17 552 124
8.580896 -3.660615 1.787741 17 17 17 556 124
8.580472 -3.722344 1.787653 17 17 17 560 124
8.580049 -3.784068 1.787565 17 17 17 564 124
8.579625 -3.845785 1.787477 17 17 17 568 124
8.579202 -3.907496 1.787388 17 17 17 572 124
8.578778 -3.969201 1.787300 17 17 17 576 124
8.578356 -4.030900 1.787212 17 17 17 580 124
8.577931 -4.092593 1.787124 17 17 17 584 124
8.577508 -4.154280 1.787036 17 17 17 588 124
8.577085 -4.215960 1.786947 17 17 17 592 124
8.576662 -4.277635 1.786859 17 17 17 596 124
8.576239 -4.339303 1.786771 17 17 17 600 124
8.554925 -4.390245 1.782331 17 17 17 604 124
8.434662 -4.389386 1.757275 21 21 21 608 124
8.317732 -4.388550 1.732914 24 24 24 612 124
8.203999 -4.387737 1.709219 27 27 27 616 124
8.093335 -4.386946 1.686163 30 30 30 620 124
7.985617 -4.386176 1.663721 33 33 33 624 124
7.880728 -4.385426 1.641869 36 36 36 628 124
7.778561 -4.384696 1.620583 39 39 39 632 124
7.679006 -4.383985 1.599842 42 42 42 636 124
8.177403 4.712774 1.644677 28 28 28 0 128
8.279794 4.712042 1.665270 25 25 25 4 128
8.384782 4.711293 1.686386 22 22 22 8 128
8.492466 4.710524 1.708044 19 19 19 12 128
8.602951 4.709734 1.730265 16 16 16 16 128
8.654506 4.675514 1.740634 15 15 15 20 128
8.654075 4.612840 1.740547 15 15 15 24 128
8.653644 4.550172 1.740461 15 15 15 28 128
8.653214 4.487511 1.740374 15 15 15 32 128
8.652782 4.424856 1.740287 15 15 15 36 128
8.652352 4.362207 1.740201 15 15 15 40 128
8.651920 4.299564 1.740114 15 15 15 44 128
8.651490 4.236928 1.740027 15 15 15 48 128
8.651060 4.174297 1.739941 15 15 15 52 128
8.650629 4.111673 1.739854 15 15 15 56 128
8.650199 4.049055 1.739768 15 15 15 60 128
8.649768 3.986444 1.739681 15 15 15 64 128
8.649338 3.923839 1.739595 15 15 15 68 128
8.648908 3.861240 1.739508 15 15 15 72 128
8.648478 3.798647 1.739421 15 15 15 76 128
8.648047 3.736060 1.739335 15 15 15 80 128
8.647617 3.673480 1.739249 15 15 15 84 128
8.647187 3.610905 1.739162 15 15 15 88 128
8.646757 3.548337 1.739075 15 15 15 92 128
8.646327 3.485776 1.738989 15 15 15 96 128
8.645897 3.423220 1.738902 15 15 15 100 128
8.645467 3.360671 1.738816 15 15 15 104 128
8.645037 3.298127 1.738729 15 15 15 108 128
8.644607 3.235591 1.738643 15 15 15 112 128
8.644177 3.173060 1.738557 15 15 15 116 128
8.643747 3.110536 1.738470 15 15 15 120 128
8.643318 3.048018 1.738384 15 15 15 124 128
8.642888 2.985506 1.738297 15 15 15 128 128
8.642458 2.923000 1.738211 15 15 15 132 128
8.642028 2.860501 1.738124 15 15 15 136 128
8.641598 2.798007 1.738038 15 15 15 140 128
8.641169 2.735520 1.737952 15 15 15 144 128
8.640740 2.673039 1.737865 15 15 15 148 128
8.640310 2.610564 1.737779 15 15 15 152 128
8.639881 2.548096 1.737693 15 15 15 156 128
8.639452 2.485634 1.737606 15 15 15 160 128
8.639022 2.423177 1.737520 15 15 15 164 128
8.638593 2.360728 1.737434 15 15 15 168 128
8.638164 2.298284 1.737347 15 15 15 172 128
8.637733 2.235847 1.737261 15 15 15 176 128
8.637304 2.173415 1.737174 15 15 15 180 128
8.636875 2.110990 1.737088 15 15 15 184 128
8.636447 2.048571 1.737002 15 15 15 188 128
8.636018 1.986159 1.736916 15 15 15 192 128
8.635590 1.923752 1.736830 15 15 15 196 128
8.635159 1.861352 1.736743 15 15 15 200 128
8.634730 1.798958 1.736657 15 15 15 204 128
8.634301 1.736570 1.736570 15 15 15 208 128
8.633872 1.674188 1.736484 15 15 15 212 128
8.633443 1.611813 1.736398 15 15 15 216 128
8.633015 1.549444 1.736312 15 15 15 220 128
8.632586 1.487081 1.736225 15 15 15 224 128
8.632158 1.424724 1.736139 15 15 15 228 128
8.631729 1.362373 1.736053 15 15 15 232 128
8.631301 1.300029 1.735967 15 15 15 236 128
8.630872 1.237690 1.735881 15 15 15 240 128
8.630443 1.175358 1.735794 15 15 15 244 128
8.630014 1.113032 1.735708 15 15 15 248 128
8.629586 1.050713 1.735622 15 15 15 252 128
8.629159 0.988399 1.735536 15 15 15 256 128
8.628730 0.926092 1.735450 15 15 15 260 128
8.628302 0.863791 1.735364 15 15 15 264 128
8.627874 0.801496 1.735278 15 15 15 268 128
8.627444 0.739207 1.735191 15 15 15 272 128
8.627016 0.676924 1.735105 15 15 15 276 128
8.626588 0.614648 1.735019 15 15 15 280 128
8.626160 0.552378 1.734933 15 15 15 284 128
8.625732 0.490114 1.734847 15 15 15 288 128
8.625304 0.427856 1.734761 16 16 16 292 128
8.624876 0.365604 1.734675 16 16 16 296 128
8.624449 0.303358 1.734589 16 16 16 300 128
8.624021 0.241119 1.734503 16 16 16 304 128
8.623592 0.178886 1.734417 16 16 16 308 128
8.623164 0.116659 1.734331 16 16 16 312 128
8.622736 0.054438 1.734244 16 16 16 316 128
8.622309 -0.007777 1.734159 16 16 16 320 128
8.621881 -0.069985 1.734073 16 16 16 324 128
8.621454 -0.132187 1.733986 16 16 16 328 128
8.621026 -0.194384 1.733901 16 16 16 332 128
8.620599 -0.256573 1.733815 16 16 16 336 128
8.620172 -0.318757 1.733729 16 16 16 340 128
8.619743 -0.380935 1.733642 16 16 16 344 128
8.619316 -0.443106 1.733557 16 16 16 348 128
8.618889 -0.505272 1.733471 16 16 16 352 128
8.618461 -0.567431 1.733385 16 16 16 356 128
8.618034 -0.629584 1.733299 16 16 16 360 128
8.617608 -0.691731 1.733213 16 16 16 364 128
8.617181 -0.753871 1.733127 16 16 16 368 128
8.616754 -0.816006 1.733041 16 16 16 372 128
8.616325 -0.878134 1.732955 16 16 16 376 128
8.615899 -0.940256 1.732869 16 16 16 380 128
8.615472 -1.002372 1.732783 16 16 16 384 128
8.615045 -1.064482 1.732697 16 16 16 388 128
8.614617 -1.126586 1.732612 16 16 16 392 128
8.614191 -1.188683 1.732526 16 16 16 396 128
8.613764 -1.250775 1.732440 16 16 16 400 128
8.613337 -1.312860 1.732354 16 16 16 404 128
8.612911 -1.374939 1.732268 16 16 16 408 128
8.612483 -1.437012 1.732182 16 16 16 412 128
8.612057 -1.499079 1.732096 16 16 16 416 128
8.611631 -1.561140 1.732011 16 16 16 420 128
8.611203 -1.623194 1.731925 16 16 16 424 128
8.610777 -1.685242 1.731839 16 16 16 428 128
8.610351 -1.747285 1.731753 16 16 16 432 128
8.609924 -1.809321 1.731668 16 16 16 436 128
8.609498 -1.871351 1.731582 16 16 16 440 128
8.609072 -1.933374 1.731496 16 16 16 444 128
8.608644 -1.995392 1.731410 16 16 16 448 128
8.608218 -2.057403 1.731325 16 16 16 452 128
8.607792 -2.119409 1.731239 16 16 16 456 128
8.607366 -2.181408 1.731153 16 16 16 460 128
8.606940 -2.243401 1.731068 16 16 16 464 128
8.606514 -2.305388 1.730982 16 16 16 468 128
8.606088 -2.367369 1.730895 16 16 16 472 128
8.605662 -2.429343 1.730809 16 16 16 476 128
8.605236 -2.491312 1.730724 16 16 16 480 128
8.604810 -2.553274 1.730638 16 16 16 484 128
8.604383 -2.615230 1.730552 16 16 16 488 128
8.603956 -2.677180 1.730466 16 16 16 492 128
8.603532 -2.739124 1.730381 16 16 16 496 128
8.603106 -2.801062 1.730295 16 16 16 500 128
8.602680 -2.862994 1.730210 16 16 16 504 128
8.602255 -2.924920 1.730124 16 16 16 508 128
8.601829 -2.986839 1.730038 16 16 16 512 128
8.601404 -3.048753 1.729953 16 16 16 516 128
8.600978 -3.110660 1.729867 16 16 16 520 128
8.600553 -3.172561 1.729782 16 16 16 524 128
8.600126 -3.234456 1.729696 16 16 16 528 128
8.599701 -3.296344 1.729610 16 16 16 532 128
8.599276 -3.358227 1.729525 16 16 16 536 128
8.598849 -3.420103 1.729439 16 16 16 540 128
8.598426 -3.481974 1.729354 16 16 16 544 128
8.598000 -3.543839 1.729268 16 16 16 548 128
8.597575 -3.605697 1.729183 16 16 16 552 128
8.597149 -3.667548 1.729097 16 16 16 556 128
8.596724 -3.729394 1.729012 16 16 16 560 128
8.596298 -3.791234 1.728926 16 16 16 564 128
8.595874 -3.853068 1.728841 16 16 16 568 128
8.595448 -3.914896 1.728755 16 16 16 572 128
8.595023 -3.976717 1.728670 16 16 16 576 128
8.594599 -4.038533 1.728584 16 16 16 580 128
8.594174 -4.100342 1.728499 16 16 16 584 128
8.593749 -4.162146 1.728414 16 16 16 588 128
8.593324 -4.223942 1.728328 16 16 16 592 128
8.592899 -4.285733 1.728243 16 16 16 596 128
8.592474 -4.347518 1.728157 16 16 16 600 128
8.554744 -4.390152 1.720569 17 17 17 604 128
8.434485 -4.389294 1.696382 21 21 21 608 128
8.317559 -4.388459 1.672865 24 24 24 612 128
8.203832 -4.387648 1.649992 27 27 27 616 128
8.093173 -4.386858 1.627735 30 30 30 620 128
7.985459 -4.386089 1.606071 33 33 33 624 128
7.880575 -4.385341 1.584977 36 36 36 628 128
7.778410 -4.384612 1.564429 39 39 39 632 128
7.678860 -4.383901 1.544407 42 42 42 636 128
8.177552 4.712859 1.585704 28 28 28 0 132
8.279947 4.712129 1.605559 25 25 25 4 132
8.384937 4.711380 1.625918 22 22 22 8 132
8.492626 4.710613 1.646800 19 19 19 12 132
8.603115 4.709824 1.668225 16 16 16 16 132
8.671039 4.684446 1.681396 14 14 14 20 132
8.670607 4.621652 1.681312 14 14 14 24 132
8.670174 4.558864 1.681228 14 14 14 28 132
8.669742 4.496082 1.681144 14 14 14 32 132
8.669310 4.433307 1.681060 14 14 14 36 132
8.668878 4.370538 1.680977 14 14 14 40 132
8.668445 4.307775 1.680893 14 14 14 44 132
8.668013 4.245019 1.680809 14 14 14 48 132
8.667581 4.182269 1.680725 14 14 14 52 132
8.667149 4.119524 1.680641 14 14 14 56 132
8.666717 4.056787 1.680557 14 14 14 60 132
8.666285 3.994056 1.680474 14 14 14 64 132
8.665852 3.931330 1.680390 14 14 14 68 132
8.665420 3.868611 1.680306 14 14 14 72 132
8.664988 3.805898 1.680222 14 14 14 76 132
8.664557 3.743192 1.680139 14 14 14 80 132
8.664124 3.680492 1.680055 14 14 14 84 132
8.663693 3.617798 1.679971 14 14 14 88 132
8.663261 3.555110 1.679888 14 14 14 92 132
8.662829 3.492429 1.679804 14 14 14 96 132
8.662397 3.429753 1.679720 14 14 14 100 132
8.661966 3.367084 1.679636 14 14 14 104 132
8.661533 3.304421 1.679552 15 15 15 108 132
8.661102 3.241765 1.679469 15 15 15 112 132
8.660671 3.179115 1.679385 15 15 15 116 132
8.660239 3.116471 1.679302 15 15 15 120 132
8.659808 3.053833 1.679218 15 15 15 124 132
8.659377 2.991202 1.679134 15 15 15 128 132
8.658946 2.928576 1.679051 15 15 15 132 132
8.658515 2.865957 1.678967 15 15 15 136 132
8.658083 2.803344 1.678883 15 15 15 140 132
8.657651 2.740738 1.678800 15 15 15 144 132
8.657221 2.678138 1.678716 15 15 15 148 132
8.656790 2.615543 1.678633 15 15 15 152 132
8.656358 2.552955 1.678549 15 15 15 156 132
8.655928 2.490374 1.678465 15 15 15 160 132
8.655497 2.427799 1.678382 15 15 15 164 132
8.655066 2.365229 1.678298 15 15 15 168 132
8.654634 2.302666 1.678215 15 15 15 172 132
8.654203 2.240110 1.678131 15 15 15 176 132
8.653772 2.177559 1.678048 15 15 15 180 132
8.653341 2.115015 1.677964 15 15 15 184 132
8.652911 2.052477 1.677881 15 15 15 188 132
8.652480 1.989945 1.677797 15 15 15 192 132
8.652050 1.927419 1.677714 15 15 15 196 132
8.651620 1.864900 1.677630 15 15 15 200 132
8.651189 1.802387 1.677547 15 15 15 204 132
8.650758 1.739880 1.677463 15 15 15 208 132
8.650328 1.677379 1.677379 15 15 15 212 132
8.649897 1.614885 1.677296 15 15 15 216 132
8.649467 1.552397 1.677213 15 15 15 220 132
8.649036 1.489915 1.677129 15 15 15 224 132
8.648605 1.427439 1.677046 15 15 15 228 132
8.648175 1.364969 1.676962 15 15 15 232 132
8.647745 1.302506 1.676879 15 15 15 236 132
8.647315 1.240048 1.676795 15 15 15 240 132
8.646885 1.177598 1.676712 15 15 15 244 132
8.646455 1.115153 1.676629 15 15 15 248 132
8.646025 1.052714 1.676545 15 15 15 252 132
8.645595 0.990282 1.676462 15 15 15 256 132
8.645164 0.927856 1.676378 15 15 15 260 132
8.644734 0.865436 1.676295 15 15 15 264 132
8.644305 0.803022 1.676212 15 15 15 268 132
8.643876 0.740615 1.676129 15 15 15 272 132
8.643445 0.678213 1.676045 15 15 15 276 132
8.643015 0.615818 1.675962 15 15 15 280 132
8.642586 0.553429 1.675878 15 15 15 284 132
8.642156 0.491047 1.675795 15 15 15 288 132
8.641726 0.428670 1.675712 15 15 15 292 132
8.641297 0.366300 1.675629 15 15 15 296 132
8.640868 0.303936 1.675545 15 15 15 300 132
8.640438 0.241578 1.675462 15 15 15 304 132
8.640008 0.179226 1.675379 15 15 15 308 132
8.639579 0.116881 1.675295 15 15 15 312 132
8.639150 0.054542 1.675212 15 15 15 316 132
8.638720 -0.007791 1.675129 15 15 15 320 132
8.638290 -0.070118 1.675045 15 15 15 324 132
8.637861 -0.132439 1.674962 15 15 15 328 132
8.637433 -0.194753 1.674879 15 15 15 332 132
8.637003 -0.257062 1.674796 15 15 15 336 132
8.636574 -0.319364 1.674713 15 15 15 340 132
8.636146 -0.381660 1.674630 15 15 15 344 132
8.635715 -0.443949 1.674546 15 15 15 348 132
8.635287 -0.506233 1.674463 15 15 15 352 132
8.634857 -0.568510 1.674380 15 15 15 356 132
8.634429 -0.630782 1.674297 15 15 15 360 132
8.634000 -0.693047 1.674214 15 15 15 364 132
8.633571 -0.755305 1.674130 15 15 15 368 132
8.633142 -0.817558 1.674047 15 15 15 372 132
8.632714 -0.879804 1.673964 15 15 15 376 132
8.632286 -0.942045 1.673881 15 15 15 380 132
8.631856 -1.004279 1.673798 15 15 15 384 132
8.631428 -1.066507 1.673715 15 15 15 388 132
8.630999 -1.128728 1.673632 15 15 15 392 132
8.630570 -1.190944 1.673549 15 15 15 396 132
8.630142 -1.253153 1.673466 15 15 15 400 132
8.629713 -1.315356 1.673382 15 15 15 404 132
8.629285 -1.377553 1.673299 15 15 15 408 132
8.628857 -1.439744 1.673216 15 15 15 412 132
8.628428 -1.501929 1.673133 15 15 15 416 132
8.628000 -1.564107 1.673050 15 15 15 420 132
8.627572 -1.626279 1.672967 15 15 15 424 132
8.627143 -1.688445 1.672884 15 15 15 428 132
8.626716 -1.750606 1.672801 15 15 15 432 132
8.626287 -1.812759 1.672718 15 15 15 436 132
8.625859 -1.874907 1.672635 15 15 15 440 132
8.625432 -1.937049 1.672552 16 16 16 444 132
8.625004 -1.999184 1.672469 16 16 16 448 132
8.624577 -2.061313 1.672386 16 16 16 452 132
8.624147 -2.123436 1.672303 16 16 16 456 132
8.623720 -2.185553 1.672220 16 16 16 460 132
8.623292 -2.247663 1.672136 16 16 16 464 132
8.622864 -2.309767 1.672053 16 16 16 468 132
8.622437 -2.371866 1.671970 16 16 16 472 132
8.622008 -2.433958 1.671887 16 16 16 476 132
8.621581 -2.496044 1.671804 16 16 16 480 132
8.621154 -2.558124 1.671722 16 16 16 484 132
8.620726 -2.620198 1.671638 16 16 16 488 132
8.620298 -2.682265 1.671556 16 16 16 492 132
8.619871 -2.744326 1.671473 16 16 16 496 132
8.619443 -2.806381 1.671390 16 16 16 500 132
8.619016 -2.868431 1.671307 16 16 16 504 132
8.618588 -2.930474 1.671224 16 16 16 508 132
8.618161 -2.992510 1.671141 16 16 16 512 132
8.617735 -3.054541 1.671059 16 16 16 516 132
8.617307 -3.116565 1.670976 16 16 16 520 132
8.616879 -3.178583 1.670893 16 16 16 524 132
8.616452 -3.240596 1.670810 16 16 16 528 132
8.616026 -3.302602 1.670727 16 16 16 532 132
8.615598 -3.364601 1.670644 16 16 16 536 132
8.615170 -3.426595 1.670561 16 16 16 540 132
8.614744 -3.488583 1.670479 16 16 16 544 132
8.614317 -3.550564 1.670396 16 16 16 548 132
8.613891 -3.612540 1.670313 16 16 16 552 132
8.613464 -3.674509 1.670231 16 16 16 556 132
8.613037 -3.736472 1.670148 16 16 16 560 132
8.612611 -3.798429 1.670065 16 16 16 564 132
8.612183 -3.860379 1.669982 16 16 16 568 132
8.611757 -3.922324 1.669899 16 16 16 572 132
8.611330 -3.984262 1.669817 16 16 16 576 132
8.610904 -4.046195 1.669734 16 16 16 580 132
8.610477 -4.108120 1.669651 16 16 16 584 132
8.610051 -4.170041 1.669569 16 16 16 588 132
8.609625 -4.231955 1.669486 16 16 16 592 132
8.609198 -4.293862 1.669403 16 16 16 596 132
8.608771 -4.355764 1.669321 16 16 16 600 132
8.554564 -4.390059 1.658809 17 17 17 604 132
8.434309 -4.389202 1.635491 21 21 21 608 132
8.317388 -4.388369 1.612818 24 24 24 612 132
8.203665 -4.387558 1.590767 27 27 27 616 132
8.093011 -4.386770 1.569310 30 30 30 620 132
7.985301 -4.386003 1.548424 33 33 33 624 132
7.880420 -4.385254 1.528086 36 36 36 628 132
7.778260 -4.384527 1.508277 39 39 39 632 132
7.678714 -4.383818 1.488974 42 42 42 636 132
8.177701 4.712945 1.526729 28 28 28 0 136
8.280099 4.712216 1.545846 25 25 25 4 136
8.385095 4.711468 1.565448 22 22 22 8 136
8.492785 4.710701 1.585553 19 19 19 12 136
8.603280 4.709914 1.606182 16 16 16 16 136
8.687636 4.693413 1.621931 14 14 14 20 136
8.687202 4.630498 1.621850 14 14 14 24 136
8.686769 4.567590 1.621769 14 14 14 28 136
8.686336 4.504688 1.621688 14 14 14 32 136
8.685900 4.441791 1.621606 14 14 14 36 136
8.685467 4.378902 1.621526 14 14 14 40 136
8.685032 4.316019 1.621444 14 14 14 44 136
8.684598 4.253141 1.621364 14 14 14 48 136
8.684164 4.190271 1.621282 14 14 14 52 136
8.683731 4.127407 1.621202 14 14 14 56 136
8.683297 4.064548 1.621121 14 14 14 60 136
8.682863 4.001697 1.621040 14 14 14 64 136
8.682430 3.938851 1.620959 14 14 14 68 136
8.681995 3.876011 1.620878 14 14 14 72 136
8.681562 3.813179 1.620797 14 14 14 76 136
8.681129 3.750351 1.620716 14 14 14 80 136
8.680695 3.687531 1.620635 14 14 14 84 136
8.680262 3.624717 1.620554 14 14 14 88 136
8.679828 3.561909 1.620473 14 14 14 92 136
8.679395 3.499107 1.620392 14 14 14 96 136
8.678962 3.436312 1.620311 14 14 14 100 136
8.678528 3.373522 1.620230 14 14 14 104 136
8.678094 3.310739 1.620149 14 14 14 108 136
8.677662 3.247963 1.620068 14 14 14 112 136
8.677228 3.185192 1.619987 14 14 14 116 136
8.676795 3.122428 1.619907 14 14 14 120 136
8.676362 3.059671 1.619826 14 14 14 124 136
8.675929 2.996919 1.619745 14 14 14 128 136
8.675496 2.934174 1.619664 14 14 14 132 136
8.675064 2.871435 1.619583 14 14 14 136 136
8.674630 2.808702 1.619502 14 14 14 140 136
8.674197 2.745975 1.619422 14 14 14 144 136
8.673764 2.683255 1.619341 14 14 14 148 136
8.673331 2.620541 1.619260 14 14 14 152 136
8.672899 2.557834 1.619179 14 14 14 156 136
8.672465 2.495132 1.619098 14 14 14 160 136
8.672033 2.432437 1.619018 14 14 14 164 136
8.671601 2.369748 1.618937 14 14 14 168 136
8.671168 2.307065 1.618856 14 14 14 172 136
8.670736 2.244389 1.618775 14 14 14 176 136
8.670302 2.181719 1.618695 14 14 14 180 136
8.669869 2.119055 1.618614 14 14 14 184 136
8.669437 2.056397 1.618533 14 14 14 188 136
8.669005 1.993746 1.618452 14 14 14 192 136
8.668573 1.931100 1.618372 14 14 14 196 136
8.668141 1.868461 1.618291 14 14 14 200 136
8.667708 1.805829 1.618211 14 14 14 204 136
8.667277 1.743202 1.618130 14 14 14 208 136
8.666844 1.680582 1.618049 14 14 14 212 136
8.666412 1.617968 1.617969 14 14 14 216 136
8.665980 1.555360 1.617888 14 14 14 220 136
8.665548 1.492759 1.617807 14 14 14 224 136
8.665116 1.430164 1.617727 14 14 14 228 136
8.664684 1.367575 1.617646 14 14 14 232 136
8.664253 1.304992 1.617565 14 14 14 236 136
8.663821 1.242416 1.617485 14 14 14 240 136
8.663389 1.179845 1.617404 14 14 14 244 136
8.662957 1.117281 1.617324 14 14 14 248 136
8.662526 1.054723 1.617243 14 14 14 252 136
8.662093 0.992172 1.617162 14 14 14 256 136
8.661662 0.929626 1.617082 14 14 14 260 136
8.661231 0.867087 1.617001 15 15 15 264 136
8.660799 0.804554 1.616920 15 15 15 268 136
8.660368 0.742028 1.616840 15 15 15 272 136
8.659937 0.679507 1.616760 15 15 15 276 136
8.659505 0.616993 1.616679 15 15 15 280 136
8.659073 0.554485 1.616598 15 15 15 284 136
8.658643 0.491984 1.616518 15 15 15 288 136
8.658211 0.429488 1.616437 15 15 15 292 136
8.657780 0.366999 1.616357 15 15 15 296 136
8.657349 0.304516 1.616276 15 15 15 300 136
8.656918 0.242039 1.616196 15 15 15 304 136
8.656487 0.179568 1.616115 15 15 15 308 136
8.656056 0.117104 1.616035 15 15 15 312 136
8.655624 0.054646 1.615955 15 15 15 316 136
8.655193 -0.007806 1.615874 15 15 15 320 136
8.654762 -0.070252 1.615793 15 15 15 324 136
8.654331 -0.132691 1.615713 15 15 15 328 136
8.653900 -0.195125 1.615633 15 15 15 332 136
8.653469 -0.257552 1.615552 15 15 15 336 136
8.653039 -0.319973 1.615472 15 15 15 340 136
8.652609 -0.382387 1.615391 15 15 15 344 136
8.652179 -0.444796 1.615311 15 15 15 348 136
8.651747 -0.507198 1.615230 15 15 15 352 136
8.651317 -0.569594 1.615150 15 15 15 356 136
8.650887 -0.631984 1.615070 15 15 15 360 136
8.650455 -0.694367 1.614989 15 15 15 364 136
8.650024 -0.756745 1.614909 15 15 15 368 136
8.649594 -0.819116 1.614829 15 15 15 372 136
8.649164 -0.881481 1.614748 15 15 15 376 136
8.648734 -0.943840 1.614668 15 15 15 380 136
8.648304 -1.006192 1.614588 15 15 15 384 136
8.647874 -1.068539 1.614507 15 15 15 388 136
8.647443 -1.130879 1.614427 15 15 15 392 136
8.647013 -1.193213 1.614347 15 15 15 396 136
8.646583 -1.255540 1.614266 15 15 15 400 136
8.646152 -1.317862 1.614186 15 15 15 404 136
8.645723 -1.380177 1.614106 15 15 15 408 136
8.645293 -1.442487 1.614026 15 15 15 412 136
8.644863 -1.504789 1.613945 15 15 15 416 136
8.644433 -1.567086 1.613865 15 15 15 420 136
8.644003 -1.629377 1.613785 15 15 15 424 136
8.643573 -1.691661 1.613705 15 15 15 428 136
8.643143 -1.753939 1.613624 15 15 15 432 136
8.642714 -1.816211 1.613544 15 15 15 436 136
8.642283 -1.878477 1.613464 15 15 15 440 136
8.641854 -1.940737 1.613384 15 15 15 444 136
8.641424 -2.002990 1.613303 15 15 15 448 136
8.640995 -2.065237 1.613223 15 15 15 452 136
8.640566 -2.127478 1.613143 15 15 15 456 136
8.640136 -2.189713 1.613062 15 15 15 460 136
8.639707 -2.251942 1.612982 15 15 15 464 136
8.639276 -2.314164 1.612901 15 15 15 468 136
8.638847 -2.376380 1.612821 15 15 15 472 136
8.638417 -2.438590 1.612741 15 15 15 476 136
8.637989 -2.500794 1.612661 15 15 15 480 136
8.637560 -2.562992 1.612581 15 15 15 484 136
8.637131 -2.625184 1.612501 15 15 15 488 136
8.636702 -2.687369 1.612421 15 15 15 492 136
8.636272 -2.749548 1.612340 15 15 15 496 136
8.635843 -2.811721 1.612260 15 15 15 500 136
8.635414 -2.873888 1.612180 15 15 15 504 136
8.634985 -2.936048 1.612100 15 15 15 508 136
8.634556 -2.998203 1.612020 15 15 15 512 136
8.634127 -3.060351 1.611940 15 15 15 516 136
8.633698 -3.122494 1.611860 15 15 15 520 136
8.633270 -3.184630 1.611780 15 15 15 524 136
8.632841 -3.246759 1.611700 15 15 15 528 136
8.632412 -3.308882 1.611620 15 15 15 532 136
8.631984 -3.371000 1.611540 15 15 15 536 136
8.631555 -3.433111 1.611460 15 15 15 540 136
8.631126 -3.495217 1.611380 15 15 15 544 136
8.630698 -3.557316 1.611300 15 15 15 548 136
8.630269 -3.619409 1.611220 15 15 15 552 136
8.629841 -3.681495 1.611140 15 15 15 556 136
8.629413 -3.743576 1.611060 15 15 15 560 136
8.628984 -3.805650 1.610980 15 15 15 564 136
8.628556 -3.867718 1.610900 15 15 15 568 136
8.628128 -3.929780 1.610820 15 15 15 572 136
8.627698 -3.991835 1.610740 15 15 15 576 136
8.627271 -4.053885 1.610660 15 15 15 580 136
8.626842 -4.115928 1.610580 15 15 15 584 136
8.626414 -4.177966 1.610500 15 15 15 588 136
8.625986 -4.239997 1.610420 15 15 15 592 136
8.625558 -4.302022 1.610340 15 15 15 596 136
8.625131 -4.364041 1.610260 16 16 16 600 136
8.554381 -4.389966 1.597052 17 17 17 604 136
8.434132 -4.389110 1.574602 21 21 21 608 136
8.317217 -4.388278 1.552775 24 24 24 612 136
8.203499 -4.387470 1.531544 27 27 27 616 136
8.092849 -4.386682 1.510887 30 30 30 620 136
7.985143 -4.385915 1.490779 33 33 33 624 136
7.880267 -4.385169 1.471199 36 36 36 628 136
7.778110 -4.384443 1.452127 39 39 39 632 136
7.678568 -4.383734 1.433543 42 42 42 636 136
8.177850 4.713030 1.467752 28 28 28 0 140
8.280252 4.712303 1.486130 25 25 25 4 140
8.385250 4.711555 1.504975 22 22 22 8 140
8.492946 4.710790 1.524305 19 19 19 12 140
8.603444 4.710004 1.544137 16 16 16 16 140
8.704297 4.702413 1.562238 13 13 13 20 140
8.703861 4.639378 1.562160 13 13 13 24 140
8.703425 4.576348 1.562081 13 13 13 28 140
8.702989 4.513324 1.562003 13 13 13 32 140
8.702553 4.450307 1.561925 13 13 13 36 140
8.702117 4.387297 1.561846 13 13 13 40 140
8.701682 4.324293 1.561768 13 13 13 44 140
8.701246 4.261295 1.561690 13 13 13 48 140
8.700810 4.198303 1.561612 13 13 13 52 140
8.700376 4.135317 1.561534 13 13 13 56 140
8.699939 4.072338 1.561455 13 13 13 60 140
8.699504 4.009366 1.561377 13 13 13 64 140
8.699069 3.946399 1.561299 13 13 13 68 140
8.698634 3.883439 1.561221 13 13 13 72 140
8.698198 3.820485 1.561143 13 13 13 76 140
8.697763 3.757538 1.561065 13 13 13 80 140
8.697327 3.694596 1.560987 14 14 14 84 140
8.696892 3.631661 1.560909 14 14 14 88 140
8.696457 3.568733 1.560831 14 14 14 92 140
8.696022 3.505810 1.560753 14 14 14 96 140
8.695586 3.442894 1.560674 14 14 14 100 140
8.695150 3.379984 1.560596 14 14 14 104 140
8.694716 3.317081 1.560518 14 14 14 108 140
8.694281 3.254184 1.560440 14 14 14 112 140
8.693847 3.191293 1.560362 14 14 14 116 140
8.693412 3.128408 1.560284 14 14 14 120 140
8.692976 3.065530 1.560206 14 14 14 124 140
8.692542 3.002658 1.560128 14 14 14 128 140
8.692106 2.939792 1.560050 14 14 14 132 140
8.691672 2.876933 1.559972 14 14 14 136 140
8.691237 2.814079 1.559894 14 14 14 140 140
8.690803 2.751232 1.559816 14 14 14 144 140
8.690368 2.688392 1.559738 14 14 14 148 140
8.689934 2.625557 1.559660 14 14 14 152 140
8.689499 2.562729 1.559582 14 14 14 156 140
8.689065 2.499908 1.559504 14 14 14 160 140
8.688631 2.437092 1.559426 14 14 14 164 140
8.688196 2.374283 1.559348 14 14 14 168 140
8.687762 2.311480 1.559270 14 14 14 172 140
8.687327 2.248683 1.559192 14 14 14 176 140
8.686893 2.185893 1.559114 14 14 14 180 140
8.686460 2.123109 1.559036 14 14 14 184 140
8.686026 2.060332 1.558958 14 14 14 188 140
8.754905 2.013501 1.571321 12 12 12 192 140
8.754469 1.950235 1.571242 12 12 12 196 140
8.754030 1.886975 1.571164 12 12 12 200 140
8.753593 1.823722 1.571085 12 12 12 204 140
8.753155 1.760474 1.571007 12 12 12 208 140
8.752717 1.697234 1.570928 12 12 12 212 140
8.752280 1.633999 1.570850 12 12 12 216 140
8.751842 1.570771 1.570771 12 12 12 220 140
8.751406 1.507549 1.570693 12 12 12 224 140
8.750968 1.444333 1.570614 12 12 12 228 140
8.750530 1.381124 1.570536 12 12 12 232 140
8.750093 1.317921 1.570457 12 12 12 236 140
8.749658 1.254725 1.570379 12 12 12 240 140
8.749222 1.191535 1.570301 12 12 12 244 140
8.748784 1.128350 1.570222 12 12 12 248 140
8.748347 1.065173 1.570144 12 12 12 252 140
8.747912 1.002002 1.570066 12 12 12 256 140
8.747475 0.938836 1.569987 12 12 12 260 140
8.747040 0.875678 1.569909 12 12 12 264 140
8.746603 0.812525 1.569831 12 12 12 268 140
8.746166 0.749379 1.569753 12 12 12 272 140
8.745731 0.686239 1.569674 12 12 12 276 140
8.745294 0.623106 1.569596 12 12 12 280 140
8.675632 0.555545 1.557093 14 14 14 284 140
8.675199 0.492924 1.557015 14 14 14 288 140
8.674766 0.430309 1.556938 14 14 14 292 140
8.674333 0.367700 1.556860 14 14 14 296 140
8.673901 0.305098 1.556782 14 14 14 300 140
8.673467 0.242502 1.556705 14 14 14 304 140
8.673034 0.179912 1.556627 14 14 14 308 140
8.672602 0.117328 1.556549 14 14 14 312 140
8.672169 0.054750 1.556471 14 14 14 316 140
8.671736 -0.007821 1.556394 14 14 14 320 140
8.671303 -0.070386 1.556316 14 14 14 324 140
8.670871 -0.132945 1.556239 14 14 14 328 140
8.670439 -0.195498 1.556161 14 14 14 332 140
8.739184 -0.260103 1.568499 12 12 12 336 140
8.738748 -0.323142 1.568421 12 12 12 340 140
8.738314 -0.386175 1.568343 12 12 12 344 140
8.737877 -0.449201 1.568265 12 12 12 348 140
8.737443 -0.512222 1.568187 12 12 12 352 140
8.737007 -0.575236 1.568109 12 12 12 356 140
8.736572 -0.638244 1.568030 12 12 12 360 140
8.736136 -0.701245 1.567952 12 12 12 364 140
8.735702 -0.764240 1.567874 12 12 12 368 140
8.735266 -0.827229 1.567796 12 12 12 372 140
8.734831 -0.890212 1.567718 12 12 12 376 140
8.734396 -0.953188 1.567640 12 12 12 380 140
8.733960 -1.016158 1.567562 12 12 12 384 140
8.733527 -1.079122 1.567484 13 13 13 388 140
8.733091 -1.142079 1.567406 13 13 13 392 140
8.732657 -1.205031 1.567328 13 13 13 396 140
8.732222 -1.267976 1.567250 13 13 13 400 140
8.731788 -1.330915 1.567172 13 13 13 404 140
8.731353 -1.393847 1.567094 13 13 13 408 140
8.730918 -1.456773 1.567016 13 13 13 412 140
8.730483 -1.519693 1.566938 13 13 13 416 140
8.730049 -1.582607 1.566860 13 13 13 420 140
8.729614 -1.645514 1.566782 13 13 13 424 140
8.729178 -1.708415 1.566704 13 13 13 428 140
8.659636 -1.757286 1.554222 15 15 15 432 140
8.659204 -1.819676 1.554145 15 15 15 436 140
8.658773 -1.882061 1.554067 15 15 15 440 140
8.658342 -1.944439 1.553990 15 15 15 444 140
8.657910 -2.006811 1.553913 15 15 15 448 140
8.657478 -2.069177 1.553835 15 15 15 452 140
8.657047 -2.131536 1.553756 15 15 15 456 140
8.656616 -2.193890 1.553679 15 15 15 460 140
8.656185 -2.256237 1.553602 15 15 15 464 140
8.655754 -2.318578 1.553524 15 15 15 468 140
8.655324 -2.380913 1.553447 15 15 15 472 140
8.654892 -2.443241 1.553370 15 15 15 476 140
8.654462 -2.505563 1.553292 15 15 15 480 140
8.654030 -2.567879 1.553215 15 15 15 484 140
8.653599 -2.630189 1.553138 15 15 15 488 140
8.653169 -2.692493 1.553060 15 15 15 492 140
8.652738 -2.754790 1.552983 15 15 15 496 140
8.652308 -2.817082 1.552906 15 15 15 500 140
8.651876 -2.879367 1.552828 15 15 15 504 140
8.651445 -2.941645 1.552751 15 15 15 508 140
8.651015 -3.003918 1.552674 15 15 15 512 140
8.650584 -3.066185 1.552596 15 15 15 516 140
8.650154 -3.128445 1.552519 15 15 15 520 140
8.649724 -3.190699 1.552442 15 15 15 524 140
8.649294 -3.252947 1.552365 15 15 15 528 140
8.648863 -3.315188 1.552288 15 15 15 532 140
8.648432 -3.377424 1.552210 15 15 15 536 140
8.648002 -3.439653 1.552133 15 15 15 540 140
8.647572 -3.501876 1.552056 15 15 15 544 140
8.647141 -3.564093 1.551979 15 15 15 548 140
8.646711 -3.626304 1.551901 15 15 15 552 140
8.646281 -3.688508 1.551824 15 15 15 556 140
8.645851 -3.750707 1.551747 15 15 15 560 140
8.645421 -3.812899 1.551670 15 15 15 564 140
8.644991 -3.875085 1.551593 15 15 15 568 140
8.644561 -3.937265 1.551515 15 15 15 572 140
8.644132 -3.999439 1.551438 15 15 15 576 140
8.643701 -4.061605 1.551361 15 15 15 580 140
8.643270 -4.123766 1.551284 15 15 15 584 140
8.642841 -4.185922 1.551207 15 15 15 588 140
8.642411 -4.248071 1.551130 15 15 15 592 140
8.641982 -4.310214 1.551053 15 15 15 596 140
8.641552 -4.372350 1.550976 15 15 15 600 140
8.554199 -4.389873 1.535298 17 17 17 604 140
8.433956 -4.389019 1.513716 21 21 21 608 140
8.317045 -4.388188 1.492733 24 24 24 612 140
8.203331 -4.387380 1.472324 27 27 27 616 140
8.092686 -4.386594 1.452466 30 30 30 620 140
7.984984 -4.385828 1.433136 33 33 33 624 140
7.880113 -4.385083 1.414313 36 36 36 628 140
7.777960 -4.384358 1.395979 39 39 39 632 140
7.678422 -4.383651 1.378114 42 42 42 636 140
8.177999 4.713116 1.408772 28 28 28 0 144
8.280404 4.712389 1.426413 25 25 25 4 144
8.385406 4.711644 1.444501 22 22 22 8 144
8.493106 4.710879 1.463054 19 19 19 12 144
8.603609 4.710094 1.482089 16 16 16 16 144
8.717025 4.709290 1.501627 13 13 13 20 144
8.720584 4.648291 1.502240 13 13 13 24 144
8.720146 4.585140 1.502164 13 13 13 28 144
8.719709 4.521996 1.502089 13 13 13 32 144
8.719271 4.458856 1.502014 13 13 13 36 144
8.718834 4.395724 1.501938 13 13 13 40 144
8.718396 4.332599 1.501863 13 13 13 44 144
8.717958 4.269479 1.501788 13 13 13 48 144
8.717522 4.206367 1.501712 13 13 13 52 144
8.717085 4.143260 1.501637 13 13 13 56 144
8.716647 4.080159 1.501562 13 13 13 60 144
8.716209 4.017065 1.501486 13 13 13 64 144
8.715773 3.953977 1.501411 13 13 13 68 144
8.715336 3.890896 1.501336 13 13 13 72 144
8.714899 3.827821 1.501260 13 13 13 76 144
8.714462 3.764752 1.501185 13 13 13 80 144
8.714025 3.701689 1.501110 13 13 13 84 144
8.713588 3.638633 1.501035 13 13 13 88 144
8.713151 3.575583 1.500959 13 13 13 92 144
8.712714 3.512540 1.500884 13 13 13 96 144
8.712277 3.449502 1.500809 13 13 13 100 144
8.711842 3.386472 1.500734 13 13 13 104 144
8.711404 3.323447 1.500659 13 13 13 108 144
8.710967 3.260429 1.500583 13 13 13 112 144
8.710530 3.197417 1.500508 13 13 13 116 144
8.710094 3.134411 1.500433 13 13 13 120 144
8.709658 3.071413 1.500358 13 13 13 124 144
8.709222 3.008419 1.500283 13 13 13 128 144
8.708785 2.945432 1.500207 13 13 13 132 144
8.708348 2.882452 1.500132 13 13 13 136 144
8.707912 2.819478 1.500057 13 13 13 140 144
8.707476 2.756510 1.499982 13 13 13 144 144
8.707040 2.693549 1.499907 13 13 13 148 144
8.706603 2.630594 1.499832 13 13 13 152 144
8.706167 2.567645 1.499756 13 13 13 156 144
8.705730 2.504703 1.499681 13 13 13 160 144
8.705295 2.441767 1.499606 13 13 13 164 144
8.704859 2.378837 1.499531 13 13 13 168 144
8.704423 2.315913 1.499456 13 13 13 172 144
8.703987 2.252996 1.499381 13 13 13 176 144
8.703550 2.190085 1.499306 13 13 13 180 144
8.703115 2.127180 1.499231 13 13 13 184 144
8.702680 2.064282 1.499156 13 13 13 188 144
8.771691 2.017362 1.511044 11 11 11 192 144
8.786132 1.957289 1.513531 11 11 11 196 144
8.785692 1.893800 1.513456 11 11 11 200 144
8.785252 1.830318 1.513380 11 11 11 204 144
8.784813 1.766842 1.513304 11 11 11 208 144
8.784372 1.703372 1.513228 11 11 11 212 144
8.783934 1.639909 1.513153 11 11 11 216 144
8.783494 1.576452 1.513077 11 11 11 220 144
8.783054 1.513001 1.513001 11 11 11 224 144
8.782615 1.449557 1.512926 11 11 11 228 144
8.782175 1.386119 1.512850 11 11 11 232 144
8.771828 1.321195 1.511067 11 11 11 236 144
8.781296 1.259262 1.512698 11 11 11 240 144
8.780857 1.195843 1.512623 11 11 11 244 144
8.780417 1.132430 1.512547 11 11 11 248 144
8.779979 1.069024 1.512471 11 11 11 252 144
8.779539 1.005624 1.512396 11 11 11 256 144
8.779100 0.942231 1.512320 11 11 11 260 144
8.778661 0.878843 1.512245 11 11 11 264 144
8.778221 0.815463 1.512169 11 11 11 268 144
8.777782 0.752088 1.512093 11 11 11 272 144
8.777343 0.688720 1.512017 11 11 11 276 144
8.776903 0.625358 1.511942 11 11 11 280 144
8.692245 0.556609 1.497358 14 14 14 284 144
8.691811 0.493868 1.497283 14 14 14 288 144
8.691377 0.431133 1.497209 14 14 14 292 144
8.690942 0.368404 1.497134 14 14 14 296 144
8.690508 0.305682 1.497059 14 14 14 300 144
8.690073 0.242966 1.496984 14 14 14 304 144
8.689640 0.180256 1.496909 14 14 14 308 144
8.689204 0.117552 1.496834 14 14 14 312 144
8.688770 0.054855 1.496760 14 14 14 316 144
8.688335 -0.007836 1.496685 14 14 14 320 144
8.687901 -0.070521 1.496610 14 14 14 324 144
8.687467 -0.133200 1.496535 14 14 14 328 144
8.687034 -0.195872 1.496460 14 14 14 332 144
8.755912 -0.260601 1.508326 12 12 12 336 144
8.770334 -0.324310 1.510810 11 11 11 340 144
8.769897 -0.387571 1.510735 11 11 11 344 144
8.769459 -0.450825 1.510659 12 12 12 348 144
8.769021 -0.514073 1.510584 12 12 12 352 144
8.768582 -0.577315 1.510508 12 12 12 356 144
8.768144 -0.640550 1.510433 12 12 12 360 144
8.767706 -0.703779 1.510357 12 12 12 364 144
8.767269 -0.767002 1.510282 12 12 12 368 144
8.766830 -0.830218 1.510207 12 12 12 372 144
8.766392 -0.893428 1.510131 12 12 12 376 144
8.765954 -0.956632 1.510056 12 12 12 380 144
8.765517 -1.019829 1.509980 12 12 12 384 144
8.765079 -1.083021 1.509905 12 12 12 388 144
8.764641 -1.146205 1.509829 12 12 12 392 144
8.764203 -1.209384 1.509754 12 12 12 396 144
8.763765 -1.272556 1.509679 12 12 12 400 144
8.763328 -1.335722 1.509603 12 12 12 404 144
8.762890 -1.398881 1.509528 12 12 12 408 144
8.762453 -1.462035 1.509453 12 12 12 412 144
8.762015 -1.525182 1.509377 12 12 12 416 144
8.761577 -1.588322 1.509302 12 12 12 420 144
8.761140 -1.651457 1.509226 12 12 12 424 144
8.745865 -1.711681 1.506595 12 12 12 428 144
8.676189 -1.760645 1.494592 14 14 14 432 144
8.675755 -1.823154 1.494518 14 14 14 436 144
8.675323 -1.885658 1.494443 14 14 14 440 144
8.674891 -1.948156 1.494369 14 14 14 444 144
8.674457 -2.010647 1.494293 14 14 14 448 144
8.674024 -2.073131 1.494218 14 14 14 452 144
8.673591 -2.135610 1.494144 14 14 14 456 144
8.673158 -2.198082 1.494069 14 14 14 460 144
8.672726 -2.260548 1.493995 14 14 14 464 144
8.672293 -2.323008 1.493920 14 14 14 468 144
8.671860 -2.385461 1.493845 14 14 14 472 144
8.671428 -2.447909 1.493771 14 14 14 476 144
8.670995 -2.510350 1.493696 14 14 14 480 144
8.670562 -2.572785 1.493622 14 14 14 484 144
8.670130 -2.635213 1.493547 14 14 14 488 144
8.669697 -2.697636 1.493473 14 14 14 492 144
8.669265 -2.760052 1.493398 14 14 14 496 144
8.668832 -2.822462 1.493324 14 14 14 500 144
8.668400 -2.884866 1.493249 14 14 14 504 144
8.667969 -2.947263 1.493175 14 14 14 508 144
8.667535 -3.009655 1.493101 14 14 14 512 144
8.667103 -3.072039 1.493026 14 14 14 516 144
8.666671 -3.134418 1.492952 14 14 14 520 144
8.666238 -3.196791 1.492877 14 14 14 524 144
8.665807 -3.259158 1.492803 14 14 14 528 144
8.665375 -3.321517 1.492728 14 14 14 532 144
8.664942 -3.383871 1.492654 14 14 14 536 144
8.664511 -3.446219 1.492580 14 14 14 540 144
8.664079 -3.508561 1.492505 14 14 14 544 144
8.663647 -3.570896 1.492431 14 14 14 548 144
8.663215 -3.633225 1.492356 14 14 14 552 144
8.662784 -3.695548 1.492282 14 14 14 556 144
8.662353 -3.757865 1.492208 14 14 14 560 144
8.661920 -3.820175 1.492133 14 14 14 564 144
8.661488 -3.882480 1.492059 15 15 15 568 144
8.661056 -3.944777 1.491984 15 15 15 572 144
8.660625 -4.007070 1.491910 15 15 15 576 144
8.660193 -4.069355 1.491836 15 15 15 580 144
8.659762 -4.131635 1.491762 15 15 15 584 144
8.659331 -4.193908 1.491687 15 15 15 588 144
8.658899 -4.256175 1.491613 15 15 15 592 144
8.658466 -4.318435 1.491538 15 15 15 596 144
8.658036 -4.380690 1.491464 15 15 15 600 144
8.554019 -4.389780 1.473546 17 17 17 604 144
8.433781 -4.388927 1.452833 21 21 21 608 144
8.316874 -4.388097 1.432695 24 24 24 612 144
8.203165 -4.387291 1.413107 27 27 27 616 144
8.092524 -4.386506 1.394047 30 30 30 620 144
7.984827 -4.385742 1.375495 33 33 33 624 144
7.879959 -4.384998 1.357430 36 36 36 628 144
7.777810 -4.384274 1.339833 39 39 39 632 144
7.678275 -4.383567 1.322687 42 42 42 636 144
8.178146 4.713202 1.349790 28 28 28 0 148
8.280556 4.712476 1.366693 25 25 25 4 148
8.385563 4.711731 1.384024 22 22 22 8 148
8.493267 4.710968 1.401801 19 19 19 12 148
8.603774 4.710185 1.420040 16 16 16 16 148
8.717194 4.709381 1.438759 13 13 13 20 148
8.737370 4.657239 1.442089 12 12 12 24 148
8.736931 4.593966 1.442017 12 12 12 28 148
8.736493 4.530699 1.441945 12 12 12 32 148
8.736053 4.467439 1.441872 12 12 12 36 148
8.735615 4.404185 1.441800 12 12 12 40 148
8.735175 4.340937 1.441727 12 12 12 44 148
8.734735 4.277695 1.441654 12 12 12 48 148
8.734297 4.214460 1.441582 12 12 12 52 148
8.733859 4.151232 1.441510 12 12 12 56 148
8.733420 4.088010 1.441437 13 13 13 60 148
8.732980 4.024794 1.441365 13 13 13 64 148
8.732542 3.961585 1.441292 13 13 13 68 148
8.732102 3.898381 1.441220 13 13 13 72 148
8.731664 3.835184 1.441147 13 13 13 76 148
8.731226 3.771994 1.441075 13 13 13 80 148
8.730787 3.708810 1.441003 13 13 13 84 148
8.730349 3.645632 1.440930 13 13 13 88 148
8.729910 3.582461 1.440858 13 13 13 92 148
8.729470 3.519295 1.440786 13 13 13 96 148
8.729033 3.456136 1.440713 13 13 13 100 148
8.728595 3.392984 1.440641 13 13 13 104 148
8.728157 3.329838 1.440569 13 13 13 108 148
8.727717 3.266698 1.440496 13 13 13 112 148
8.727280 3.203565 1.440424 13 13 13 116 148
8.726841 3.140438 1.440351 13 13 13 120 148
8.726402 3.077317 1.440279 13 13 13 124 148
8.725965 3.014203 1.440207 13 13 13 128 148
8.725527 2.951095 1.440135 13 13 13 132 148
8.725089 2.887993 1.440062 13 13 13 136 148
8.724650 2.824898 1.439990 13 13 13 140 148
8.724213 2.761809 1.439918 13 13 13 144 148
8.723774 2.698726 1.439845 13 13 13 148 148
8.723337 2.635650 1.439773 13 13 13 152 148
8.722899 2.572580 1.439701 13 13 13 156 148
8.722461 2.509516 1.439629 13 13 13 160 148
8.722022 2.446458 1.439556 13 13 13 164 148
8.721585 2.383408 1.439484 13 13 13 168 148
8.721148 2.320363 1.439412 13 13 13 172 148
8.720710 2.257324 1.439340 13 13 13 176 148
8.720272 2.194292 1.439267 13 13 13 180 148
8.719834 2.131267 1.439195 13 13 13 184 148
8.719398 2.068247 1.439123 13 13 13 188 148
8.788542 2.021237 1.450535 11 11 11 192 148
8.803010 1.961049 1.452923 11 11 11 196 148
8.802567 1.897438 1.452850 11 11 11 200 148
8.802127 1.833833 1.452777 11 11 11 204 148
8.801685 1.770235 1.452705 11 11 11 208 148
8.801244 1.706643 1.452632 11 11 11 212 148
8.800803 1.643058 1.452559 11 11 11 216 148
8.800360 1.579479 1.452486 11 11 11 220 148
8.799919 1.515906 1.452413 11 11 11 224 148
8.799478 1.452340 1.452340 11 11 11 228 148
8.799037 1.388780 1.452268 11 11 11 232 148
8.788669 1.323731 1.450556 11 11 11 236 148
8.798155 1.261679 1.452122 11 11 11 240 148
8.797714 1.198139 1.452049 11 11 11 244 148
8.797273 1.134604 1.451976 11 11 11 248 148
8.796831 1.071076 1.451903 11 11 11 252 148
8.796391 1.007554 1.451831 11 11 11 256 148
8.795950 0.944039 1.451758 11 11 11 260 148
8.795509 0.880530 1.451685 11 11 11 264 148
8.795069 0.817028 1.451612 11 11 11 268 148
8.794627 0.753531 1.451540 11 11 11 272 148
8.794187 0.690041 1.451467 11 11 11 276 148
8.793745 0.626558 1.451394 11 11 11 280 148
8.708923 0.557677 1.437394 13 13 13 284 148
8.708488 0.494816 1.437322 13 13 13 288 148
8.708051 0.431960 1.437250 13 13 13 292 148
8.707614 0.369111 1.437178 13 13 13 296 148
8.707179 0.306268 1.437106 13 13 13 300 148
8.706743 0.243432 1.437035 13 13 13 304 148
8.706307 0.180602 1.436963 13 13 13 308 148
8.705871 0.117778 1.436891 13 13 13 312 148
8.705435 0.054960 1.436819 13 13 13 316 148
8.705000 -0.007851 1.436747 13 13 13 320 148
8.704563 -0.070656 1.436675 13 13 13 324 148
8.704127 -0.133455 1.436603 13 13 13 328 148
8.703691 -0.196247 1.436531 13 13 13 332 148
8.772702 -0.261101 1.447921 11 11 11 336 148
8.787152 -0.324932 1.450306 11 11 11 340 148
8.786711 -0.388314 1.450233 11 11 11 344 148
8.786271 -0.451689 1.450161 11 11 11 348 148
8.785830 -0.515058 1.450088 11 11 11 352 148
8.785392 -0.578421 1.450015 11 11 11 356 148
8.784952 -0.641778 1.449943 11 11 11 360 148
8.784513 -0.705128 1.449870 11 11 11 364 148
8.784072 -0.768472 1.449798 11 11 11 368 148
8.783633 -0.831809 1.449725 11 11 11 372 148
8.783193 -0.895140 1.449652 11 11 11 376 148
8.782753 -0.958465 1.449580 11 11 11 380 148
8.782313 -1.021784 1.449507 11 11 11 384 148
8.781874 -1.085096 1.449435 11 11 11 388 148
8.781435 -1.148402 1.449362 11 11 11 392 148
8.780995 -1.211701 1.449290 11 11 11 396 148
8.780557 -1.274994 1.449217 11 11 11 400 148
8.780117 -1.338281 1.449145 11 11 11 404 148
8.779677 -1.401561 1.449072 11 11 11 408 148
8.779239 -1.464836 1.449000 11 11 11 412 148
8.778799 -1.528103 1.448927 11 11 11 416 148
8.778359 -1.591365 1.448855 11 11 11 420 148
8.777920 -1.654620 1.448782 11 11 11 424 148
8.762616 -1.714959 1.446256 12 12 12 428 148
8.692806 -1.764017 1.434734 14 14 14 432 148
8.692370 -1.826646 1.434662 14 14 14 436 148
8.691936 -1.889269 1.434591 14 14 14 440 148
8.691501 -1.951886 1.434518 14 14 14 444 148
8.691067 -2.014496 1.434446 14 14 14 448 148
8.690633 -2.077101 1.434374 14 14 14 452 148
8.690198 -2.139699 1.434303 14 14 14 456 148
8.689764 -2.202290 1.434231 14 14 14 460 148
8.689329 -2.264876 1.434159 14 14 14 464 148
8.688894 -2.327455 1.434088 14 14 14 468 148
8.688460 -2.390028 1.434016 14 14 14 472 148
8.688025 -2.452594 1.433944 14 14 14 476 148
8.687593 -2.515155 1.433873 14 14 14 480 148
8.687158 -2.577709 1.433801 14 14 14 484 148
8.686724 -2.640257 1.433729 14 14 14 488 148
8.686289 -2.702798 1.433658 14 14 14 492 148
8.685855 -2.765334 1.433586 14 14 14 496 148
8.685421 -2.827863 1.433514 14 14 14 500 148
8.684986 -2.890386 1.433443 14 14 14 504 148
8.684552 -2.952902 1.433371 14 14 14 508 148
8.684119 -3.015413 1.433299 14 14 14 512 148
8.683685 -3.077917 1.433228 14 14 14 516 148
8.683251 -3.140415 1.433156 14 14 14 520 148
8.682817 -3.202906 1.433084 14 14 14 524 148
8.682383 -3.265392 1.433013 14 14 14 528 148
8.681951 -3.327871 1.432941 14 14 14 532 148
8.681517 -3.390344 1.432870 14 14 14 536 148
8.681083 -3.452811 1.432798 14 14 14 540 148
8.680649 -3.515271 1.432727 14 14 14 544 148
8.680216 -3.577725 1.432655 14 14 14 548 148
8.679781 -3.640173 1.432584 14 14 14 552 148
8.679348 -3.702615 1.432512 14 14 14 556 148
8.678915 -3.765050 1.432441 14 14 14 560 148
8.678482 -3.827480 1.432369 14 14 14 564 148
8.678049 -3.889903 1.432298 14 14 14 568 148
8.677615 -3.952320 1.432226 14 14 14 572 148
8.677182 -4.014730 1.432155 14 14 14 576 148
8.676748 -4.077134 1.432083 14 14 14 580 148
8.676315 -4.139533 1.432011 14 14 14 584 148
8.675883 -4.201925 1.431940 14 14 14 588 148
8.675449 -4.264310 1.431869 14 14 14 592 148
8.675016 -4.326690 1.431797 14 14 14 596 148
8.674583 -4.389062 1.431726 14 14 14 600 148
8.553838 -4.389687 1.411797 17 17 17 604 148
8.433603 -4.388835 1.391952 21 21 21 608 148
8.316702 -4.388007 1.372658 24 24 24 612 148
8.202998 -4.387201 1.353891 27 27 27 616 148
8.092361 -4.386418 1.335631 30 30 30 620 148
7.984669 -4.385655 1.317856 33 33 33 624 148
7.879804 -4.384912 1.300549 36 36 36 628 148
7.777660 -4.384189 1.283690 39 39 39 632 148
7.678129 -4.383484 1.267263 42 42 42 636 148
8.178295 4.713287 1.290807 28 28 28 0 152
8.280709 4.712563 1.306971 25 25 25 4 152
8.385720 4.711820 1.323545 22 22 22 8 152
8.493428 4.711058 1.340545 19 19 19 12 152
8.603939 4.710275 1.357987 16 16 16 16 152
8.717363 4.709472 1.375889 13 13 13 20 152
8.754224 4.666222 1.381707 12 12 12 24 152
8.753782 4.602826 1.381638 12 12 12 28 152
8.753341 4.539436 1.381568 12 12 12 32 152
8.752900 4.476054 1.381498 12 12 12 36 152
8.752460 4.412677 1.381429 12 12 12 40 152
8.752019 4.349308 1.381359 12 12 12 44 152
8.751577 4.285944 1.381290 12 12 12 48 152
8.751138 4.222587 1.381220 12 12 12 52 152
8.750696 4.159235 1.381151 12 12 12 56 152
8.750256 4.095891 1.381081 12 12 12 60 152
8.749816 4.032553 1.381012 12 12 12 64 152
8.749375 3.969221 1.380942 12 12 12 68 152
8.748934 3.905895 1.380872 12 12 12 72 152
8.748493 3.842576 1.380803 12 12 12 76 152
8.748054 3.779264 1.380733 12 12 12 80 152
8.747614 3.715958 1.380664 12 12 12 84 152
8.747173 3.652658 1.380595 12 12 12 88 152
8.746734 3.589365 1.380525 12 12 12 92 152
8.746293 3.526077 1.380456 12 12 12 96 152
8.745852 3.462796 1.380386 12 12 12 100 152
8.745413 3.399522 1.380317 12 12 12 104 152
8.744973 3.336254 1.380247 12 12 12 108 152
8.744533 3.272992 1.380178 12 12 12 112 152
8.744093 3.209737 1.380108 12 12 12 116 152
8.743652 3.146488 1.380039 12 12 12 120 152
8.743213 3.083245 1.379969 12 12 12 124 152
8.742772 3.020009 1.379900 12 12 12 128 152
8.742333 2.956779 1.379831 12 12 12 132 152
8.741894 2.893556 1.379761 12 12 12 136 152
8.741454 2.830338 1.379692 12 12 12 140 152
8.741014 2.767128 1.379622 12 12 12 144 152
8.740574 2.703923 1.379553 12 12 12 148 152
8.740134 2.640725 1.379484 12 12 12 152 152
8.739696 2.577533 1.379414 12 12 12 156 152
8.739255 2.514348 1.379345 12 12 12 160 152
8.738815 2.451169 1.379275 12 12 12 164 152
8.738377 2.387996 1.379206 12 12 12 168 152
8.737938 2.324830 1.379137 12 12 12 172 152
8.737497 2.261670 1.379067 12 12 12 176 152
8.737058 2.198516 1.378998 12 12 12 180 152
8.736618 2.135369 1.378929 12 12 12 184 152
8.736179 2.072228 1.378859 12 12 12 188 152
8.805457 2.025127 1.389794 11 11 11 192 152
8.819952 1.964823 1.392081 10 10 10 196 152
8.819510 1.901089 1.392012 10 10 10 200 152
8.819065 1.837362 1.391942 10 10 10 204 152
8.818622 1.773641 1.391872 10 10 10 208 152
8.818179 1.709927 1.391802 10 10 10 212 152
8.817736 1.646219 1.391732 10 10 10 216 152
8.817293 1.582518 1.391662 10 10 10 220 152
8.816851 1.518823 1.391592 10 10 10 224 152
8.816407 1.455134 1.391522 10 10 10 228 152
8.815964 1.391452 1.391452 10 10 10 232 152
8.805573 1.326277 1.389812 11 11 11 236 152
8.815079 1.264106 1.391312 10 10 10 240 152
8.814635 1.200443 1.391242 10 10 10 244 152
8.814193 1.136786 1.391173 10 10 10 248 152
8.813750 1.073136 1.391103 10 10 10 252 152
8.813308 1.009492 1.391033 10 10 10 256 152
8.812865 0.945854 1.390963 10 10 10 260 152
8.812422 0.882223 1.390893 10 10 10 264 152
8.811979 0.818599 1.390823 10 10 10 268 152
8.811537 0.754980 1.390753 10 10 10 272 152
8.811094 0.691368 1.390683 10 10 10 276 152
8.810652 0.627762 1.390614 10 10 10 280 152
8.725667 0.558750 1.377200 13 13 13 284 152
8.725227 0.495767 1.377131 13 13 13 288 152
8.724791 0.432791 1.377062 13 13 13 292 152
8.724353 0.369821 1.376993 13 13 13 296 152
8.723914 0.306857 1.376924 13 13 13 300 152
8.723476 0.243900 1.376854 13 13 13 304 152
8.723039 0.180949 1.376785 13 13 13 308 152
8.722602 0.118004 1.376716 13 13 13 312 152
8.722164 0.055066 1.376647 13 13 13 316 152
8.721726 -0.007866 1.376578 13 13 13 320 152
8.721289 -0.070792 1.376509 13 13 13 324 152
8.720851 -0.133711 1.376440 13 13 13 328 152
8.720412 -0.196624 1.376371 13 13 13 332 152
8.789557 -0.261602 1.387284 11 11 11 336 152
8.804031 -0.325556 1.389569 11 11 11 340 152
8.803591 -0.389060 1.389499 11 11 11 344 152
8.803148 -0.452557 1.389429 11 11 11 348 152
8.802708 -0.516048 1.389360 11 11 11 352 152
8.802265 -0.579532 1.389290 11 11 11 356 152
8.801825 -0.643010 1.389220 11 11 11 360 152
8.801382 -0.706482 1.389151 11 11 11 364 152
8.800941 -0.769948 1.389081 11 11 11 368 152
8.800500 -0.833407 1.389011 11 11 11 372 152
8.800059 -0.896859 1.388942 11 11 11 376 152
8.799618 -0.960306 1.388872 11 11 11 380 152
8.799177 -1.023746 1.388803 11 11 11 384 152
8.798735 -1.087179 1.388733 11 11 11 388 152
8.798294 -1.150606 1.388663 11 11 11 392 152
8.797853 -1.214027 1.388594 11 11 11 396 152
8.797412 -1.277442 1.388524 11 11 11 400 152
8.796969 -1.340850 1.388454 11 11 11 404 152
8.796530 -1.404252 1.388385 11 11 11 408 152
8.796088 -1.467647 1.388315 11 11 11 412 152
8.795648 -1.531036 1.388245 11 11 11 416 152
8.795206 -1.594419 1.388176 11 11 11 420 152
8.794765 -1.657795 1.388106 11 11 11 424 152
8.779430 -1.718250 1.385686 11 11 11 428 152
8.709486 -1.767402 1.374646 13 13 13 432 152
8.709050 -1.830151 1.374578 13 13 13 436 152
8.708613 -1.892894 1.374507 13 13 13 440 152
8.708177 -1.955631 1.374438 13 13 13 444 152
8.707741 -2.018361 1.374370 13 13 13 448 152
8.707304 -2.081085 1.374301 13 13 13 452 152
8.706868 -2.143803 1.374232 13 13 13 456 152
8.706432 -2.206515 1.374163 13 13 13 460 152
8.705997 -2.269220 1.374094 13 13 13 464 152
8.705561 -2.331919 1.374026 13 13 13 468 152
8.705124 -2.394612 1.373957 13 13 13 472 152
8.704688 -2.457298 1.373888 13 13 13 476 152
8.704251 -2.519978 1.373819 13 13 13 480 152
8.703815 -2.582652 1.373750 13 13 13 484 152
8.703381 -2.645320 1.373682 13 13 13 488 152
8.702945 -2.707981 1.373613 13 13 13 492 152
8.702510 -2.770636 1.373544 13 13 13 496 152
8.702073 -2.833285 1.373475 13 13 13 500 152
8.701637 -2.895927 1.373406 13 13 13 504 152
8.701201 -2.958563 1.373338 13 13 13 508 152
8.700767 -3.021193 1.373269 13 13 13 512 152
8.700331 -3.083817 1.373200 13 13 13 516 152
8.699896 -3.146435 1.373132 13 13 13 520 152
8.699459 -3.209045 1.373063 13 13 13 524 152
8.699024 -3.271650 1.372994 13 13 13 528 152
8.698588 -3.334249 1.372925 13 13 13 532 152
8.698153 -3.396841 1.372857 13 13 13 536 152
8.697718 -3.459427 1.372788 13 13 13 540 152
8.697284 -3.522007 1.372719 14 14 14 544 152
8.696848 -3.584581 1.372651 14 14 14 548 152
8.384056 -3.516150 1.323282 22 22 22 552 152
8.275569 -3.530362 1.306159 25 25 25 556 152
8.275370 -3.589986 1.306127 25 25 25 560 152
8.275170 -3.649607 1.306096 25 25 25 564 152
8.274946 -3.709214 1.306061 25 25 25 568 152
8.274713 -3.768813 1.306024 25 25 25 572 152
8.274479 -3.828408 1.305987 25 25 25 576 152
8.274247 -3.888002 1.305950 25 25 25 580 152
8.274013 -3.947591 1.305913 25 25 25 584 152
8.273779 -4.007177 1.305876 25 25 25 588 152
8.273547 -4.066760 1.305840 25 25 25 592 152
8.691629 -4.334975 1.371827 14 14 14 596 152
8.677363 -4.390469 1.369575 14 14 14 600 152
8.553657 -4.389594 1.350050 17 17 17 604 152
8.433427 -4.388743 1.331074 21 21 21 608 152
8.316531 -4.387917 1.312624 24 24 24 612 152
8.202832 -4.387113 1.294679 27 27 27 616 152
8.092198 -4.386330 1.277217 30 30 30 620 152
7.984510 -4.385568 1.260220 33 33 33 624 152
7.879651 -4.384827 1.243670 36 36 36 628 152
7.777510 -4.384105 1.227549 39 39 39 632 152
7.677982 -4.383400 1.211840 42 42 42 636 152
8.178445 4.713374 1.231821 28 28 28 0 156
8.280862 4.712650 1.247247 25 25 25 4 156
8.385876 4.711907 1.263064 22 22 22 8 156
8.493588 4.711146 1.279287 19 19 19 12 156
8.604103 4.710365 1.295933 16 16 16 16 156
8.717531 4.709563 1.313017 13 13 13 20 156
8.771140 4.675239 1.321091 11 11 11 24 156
8.770698 4.611721 1.321025 11 11 11 28 156
8.770255 4.548208 1.320958 11 11 11 32 156
8.769813 4.484703 1.320891 12 12 12 36 156
8.769369 4.421203 1.320825 12 12 12 40 156
8.768928 4.357710 1.320758 12 12 12 44 156
8.768486 4.294224 1.320692 12 12 12 48 156
8.768044 4.230744 1.320625 12 12 12 52 156
8.767601 4.167270 1.320558 12 12 12 56 156
8.767158 4.103802 1.320492 12 12 12 60 156
8.766715 4.040342 1.320425 12 12 12 64 156
8.766273 3.976887 1.320359 12 12 12 68 156
8.765832 3.913439 1.320292 12 12 12 72 156
8.765389 3.849998 1.320225 12 12 12 76 156
8.764947 3.786562 1.320159 12 12 12 80 156
8.764504 3.723133 1.320092 12 12 12 84 156
8.764063 3.659711 1.320025 12 12 12 88 156
8.763621 3.596295 1.319959 12 12 12 92 156
8.763180 3.532885 1.319892 12 12 12 96 156
8.762737 3.469481 1.319826 12 12 12 100 156
8.762296 3.406085 1.319759 12 12 12 104 156
8.761854 3.342694 1.319693 12 12 12 108 156
8.761413 3.279310 1.319626 12 12 12 112 156
8.760971 3.215932 1.319560 12 12 12 116 156
8.760530 3.152561 1.319493 12 12 12 120 156
8.760087 3.089196 1.319427 12 12 12 124 156
8.759646 3.025838 1.319360 12 12 12 128 156
8.759204 2.962485 1.319294 12 12 12 132 156
8.758763 2.899140 1.319227 12 12 12 136 156
8.758322 2.835800 1.319161 12 12 12 140 156
8.757880 2.772467 1.319094 12 12 12 144 156
8.757440 2.709141 1.319028 12 12 12 148 156
8.756997 2.645820 1.318961 12 12 12 152 156
8.756556 2.582506 1.318895 12 12 12 156 156
8.756114 2.519198 1.318828 12 12 12 160 156
8.755672 2.455897 1.318762 12 12 12 164 156
8.755232 2.392602 1.318695 12 12 12 168 156
8.754790 2.329314 1.318629 12 12 12 172 156
8.754349 2.266032 1.318563 12 12 12 176 156
8.753908 2.202756 1.318496 12 12 12 180 156
8.753468 2.139487 1.318430 12 12 12 184 156
8.753026 2.076224 1.318363 12 12 12 188 156
8.822438 2.029033 1.328818 10 10 10 192 156
8.836960 1.968612 1.331005 10 10 10 196 156
8.836514 1.904755 1.330938 10 10 10 200 156
8.836069 1.840905 1.330871 10 10 10 204 156
8.835625 1.777061 1.330804 10 10 10 208 156
8.835180 1.713224 1.330737 10 10 10 212 156
8.834735 1.649393 1.330670 10 10 10 216 156
8.834291 1.585568 1.330603 10 10 10 220 156
8.833845 1.521750 1.330536 10 10 10 224 156
8.833401 1.457939 1.330469 10 10 10 228 156
8.832957 1.394134 1.330402 10 10 10 232 156
8.822545 1.328834 1.328834 10 10 10 236 156
8.832068 1.266543 1.330268 10 10 10 240 156
8.831623 1.202757 1.330201 10 10 10 244 156
8.831179 1.138977 1.330135 10 10 10 248 156
8.830733 1.075204 1.330067 10 10 10 252 156
8.830290 1.011437 1.330001 10 10 10 256 156
8.829844 0.947677 1.329934 10 10 10 260 156
8.829402 0.883923 1.329867 10 10 10 264 156
8.828956 0.820176 1.329800 10 10 10 268 156
8.828511 0.756434 1.329733 10 10 10 272 156
8.828068 0.692700 1.329666 10 10 10 276 156
8.827623 0.628972 1.329599 10 10 10 280 156
8.812230 0.564293 1.327280 10 10 10 284 156
8.742033 0.496722 1.316708 12 12 12 288 156
8.741594 0.433624 1.316641 12 12 12 292 156
8.741155 0.370533 1.316575 12 12 12 296 156
8.740714 0.307448 1.316509 12 12 12 300 156
8.740275 0.244369 1.316443 12 12 12 304 156
8.739837 0.181297 1.316377 12 12 12 308 156
8.739396 0.118231 1.316310 12 12 12 312 156
8.738957 0.055172 1.316244 12 12 12 316 156
8.738518 -0.007881 1.316178 12 12 12 320 156
8.738078 -0.070928 1.316112 12 12 12 324 156
8.737638 -0.133969 1.316046 12 12 12 328 156
8.737199 -0.197003 1.315979 12 12 12 332 156
8.806476 -0.262106 1.326414 10 10 10 336 156
8.820977 -0.326183 1.328598 10 10 10 340 156
8.820534 -0.389809 1.328531 10 10 10 344 156
8.820090 -0.453428 1.328464 10 10 10 348 156
8.819648 -0.517041 1.328398 10 10 10 352 156
8.819204 -0.580648 1.328331 10 10 10 356 156
8.818761 -0.644248 1.328264 10 10 10 360 156
8.818317 -0.707842 1.328197 10 10 10 364 156
8.817875 -0.771429 1.328131 10 10 10 368 156
8.817431 -0.835010 1.328064 10 10 10 372 156
8.816988 -0.898585 1.327997 10 10 10 376 156
8.816545 -0.962153 1.327931 10 10 10 380 156
8.816102 -1.025715 1.327864 10 10 10 384 156
8.815660 -1.089270 1.327797 10 10 10 388 156
8.815216 -1.152819 1.327730 10 10 10 392 156
8.814774 -1.216362 1.327664 10 10 10 396 156
8.814331 -1.279899 1.327597 10 10 10 400 156
8.813889 -1.343428 1.327530 10 10 10 404 156
8.813446 -1.406952 1.327464 10 10 10 408 156
8.813004 -1.470469 1.327397 10 10 10 412 156
8.812560 -1.533980 1.327330 10 10 10 416 156
8.812118 -1.597484 1.327264 10 10 10 420 156
8.811675 -1.660982 1.327197 10 10 10 424 156
8.796310 -1.721554 1.324883 11 11 11 428 156
8.726231 -1.770800 1.314326 13 13 13 432 156
8.725792 -1.833670 1.314260 13 13 13 436 156
8.725354 -1.896533 1.314194 13 13 13 440 156
8.724917 -1.959390 1.314128 13 13 13 444 156
8.724479 -2.022241 1.314062 13 13 13 448 156
8.724040 -2.085085 1.313996 13 13 13 452 156
8.723602 -2.147923 1.313930 13 13 13 456 156
8.723165 -2.210755 1.313864 13 13 13 460 156
8.722727 -2.273581 1.313799 13 13 13 464 156
8.722289 -2.336400 1.313733 13 13 13 468 156
8.721852 -2.399213 1.313667 13 13 13 472 156
8.721415 -2.462020 1.313601 13 13 13 476 156
8.720977 -2.524820 1.313535 13 13 13 480 156
8.720538 -2.587614 1.313469 13 13 13 484 156
8.720100 -2.650402 1.313403 13 13 13 488 156
8.719664 -2.713183 1.313337 13 13 13 492 156
8.719227 -2.775959 1.313271 13 13 13 496 156
8.718789 -2.838727 1.313206 13 13 13 500 156
7.809757 -2.599107 1.176289 38 38 38 504 156
7.809565 -2.655391 1.176260 38 38 38 508 156
7.809371 -2.711672 1.176231 38 38 38 512 156
7.809177 -2.767949 1.176202 38 38 38 516 156
7.808984 -2.824224 1.176173 38 38 38 520 156
7.808790 -2.880497 1.176143 38 38 38 524 156
7.808598 -2.936767 1.176114 38 38 38 528 156
7.808404 -2.993033 1.176085 38 38 38 532 156
7.808210 -3.049297 1.176056 38 38 38 536 156
7.808017 -3.105558 1.176027 38 38 38 540 156
7.807824 -3.161816 1.175998 38 38 38 544 156
7.807630 -3.218072 1.175969 38 38 38 548 156
7.807437 -3.274325 1.175940 38 38 38 552 156
7.807247 -3.330576 1.175911 38 38 38 556 156
7.807055 -3.386824 1.175882 38 38 38 560 156
7.806864 -3.443069 1.175853 38 38 38 564 156
7.835664 -3.512307 1.180191 37 37 37 568 156
7.806708 -3.555655 1.175830 38 38 38 572 156
7.806531 -3.611900 1.175803 38 38 38 576 156
7.806353 -3.668142 1.175776 38 38 38 580 156
7.806175 -3.724382 1.175750 38 38 38 584 156
7.805998 -3.780620 1.175723 38 38 38 588 156
7.805821 -3.836855 1.175696 38 38 38 592 156
7.805644 -3.893087 1.175670 38 38 38 596 156
7.805465 -3.949317 1.175643 38 38 38 600 156
7.805275 -4.005537 1.175614 38 38 38 604 156
7.805068 -4.061746 1.175583 38 38 38 608 156
8.316360 -4.387826 1.252593 24 24 24 612 156
8.202664 -4.387023 1.235468 27 27 27 616 156
8.092036 -4.386242 1.218805 30 30 30 620 156
7.984353 -4.385481 1.202586 33 33 33 624 156
7.879498 -4.384741 1.186793 36 36 36 628 156
7.777360 -4.384020 1.171410 39 39 39 632 156
7.677836 -4.383317 1.156420 42 42 42 636 156
8.178594 4.713459 1.172833 28 28 28 0 160
8.281013 4.712736 1.187520 25 25 25 4 160
8.386033 4.711996 1.202580 22 22 22 8 160
8.493749 4.711235 1.218027 19 19 19 12 160
8.604268 4.710455 1.233876 16 16 16 16 160
8.717700 4.709654 1.250142 13 13 13 20 160
8.788123 4.684291 1.260241 11 11 11 24 160
8.787680 4.620649 1.260177 11 11 11 28 160
8.787234 4.557014 1.260114 11 11 11 32 160
8.786791 4.493385 1.260050 11 11 11 36 160
8.636348 4.354138 1.238476 15 15 15 40 160
8.696557 4.321746 1.247110 14 14 14 44 160
8.785458 4.302536 1.259859 11 11 11 48 160
8.785013 4.238932 1.259795 11 11 11 52 160
8.784570 4.175335 1.259731 11 11 11 56 160
8.784125 4.111745 1.259668 11 11 11 60 160
8.783682 4.048161 1.259604 11 11 11 64 160
8.783237 3.984583 1.259540 11 11 11 68 160
8.782793 3.921012 1.259477 11 11 11 72 160
8.782351 3.857447 1.259413 11 11 11 76 160
8.781906 3.793889 1.259350 11 11 11 80 160
8.781463 3.730336 1.259286 11 11 11 84 160
8.781018 3.666791 1.259222 11 11 11 88 160
8.780575 3.603252 1.259159 11 11 11 92 160
8.780131 3.539719 1.259095 11 11 11 96 160
8.779688 3.476193 1.259032 11 11 11 100 160
8.779245 3.412673 1.258968 11 11 11 104 160
8.778800 3.349159 1.258904 11 11 11 108 160
8.778357 3.285652 1.258841 11 11 11 112 160
8.777913 3.222152 1.258777 11 11 11 116 160
8.777471 3.158658 1.258713 11 11 11 120 160
8.777027 3.095170 1.258650 11 11 11 124 160
8.776585 3.031688 1.258586 11 11 11 128 160
8.776140 2.968213 1.258523 11 11 11 132 160
8.775697 2.904744 1.258459 11 11 11 136 160
8.775254 2.841282 1.258396 11 11 11 140 160
8.774812 2.777827 1.258332 11 11 11 144 160
8.774368 2.714377 1.258269 11 11 11 148 160
8.773924 2.650934 1.258205 11 11 11 152 160
8.773481 2.587498 1.258142 11 11 11 156 160
8.773039 2.524068 1.258078 11 11 11 160 160
8.772594 2.460644 1.258014 11 11 11 164 160
8.772152 2.397226 1.257951 11 11 11 168 160
8.771709 2.333816 1.257887 11 11 11 172 160
8.771266 2.270411 1.257824 11 11 11 176 160
8.770823 2.207013 1.257760 11 11 11 180 160
8.770381 2.143621 1.257697 11 11 11 184 160
8.769939 2.080236 1.257633 11 11 11 188 160
8.839485 2.032953 1.267606 10 10 10 192 160
8.854033 1.972415 1.269693 9 9 9 196 160
8.853586 1.908435 1.269629 9 9 9 200 160
8.853140 1.844461 1.269565 9 9 9 204 160
8.852693 1.780494 1.269501 9 9 9 208 160
8.852246 1.716533 1.269437 9 9 9 212 160
8.851799 1.652579 1.269372 9 9 9 216 160
8.851354 1.588631 1.269309 9 9 9 220 160
8.850907 1.524689 1.269245 9 9 9 224 160
8.850461 1.460755 1.269181 9 9 9 228 160
8.850014 1.396826 1.269117 9 9 9 232 160
8.839581 1.331400 1.267620 10 10 10 236 160
8.849122 1.268988 1.268989 9 9 9 240 160
8.848675 1.205079 1.268924 9 9 9 244 160
8.848230 1.141176 1.268861 9 9 9 248 160
8.847783 1.077280 1.268797 9 9 9 252 160
8.847337 1.013390 1.268733 9 9 9 256 160
8.846891 0.949506 1.268669 9 9 9 260 160
8.846444 0.885629 1.268605 9 9 9 264 160
8.845998 0.821759 1.268541 9 9 9 268 160
8.845552 0.757895 1.268477 9 9 9 272 160
8.845105 0.694037 1.268413 9 9 9 276 160
8.844660 0.630186 1.268349 9 9 9 280 160
8.829236 0.565382 1.266137 10 10 10 284 160
8.758904 0.497680 1.256051 12 12 12 288 160
8.758462 0.434461 1.255988 12 12 12 292 160
8.758020 0.371248 1.255924 12 12 12 296 160
8.757580 0.308041 1.255861 12 12 12 300 160
8.757139 0.244841 1.255798 12 12 12 304 160
8.756699 0.181647 1.255735 12 12 12 308 160
8.756256 0.118459 1.255671 12 12 12 312 160
8.755816 0.055278 1.255608 12 12 12 316 160
8.755374 -0.007897 1.255545 12 12 12 320 160
8.754933 -0.071065 1.255482 12 12 12 324 160
8.754492 -0.134227 1.255418 12 12 12 328 160
8.754051 -0.197383 1.255355 12 12 12 332 160
8.823460 -0.262611 1.265309 10 10 10 336 160
8.837989 -0.326812 1.267392 10 10 10 340 160
8.837543 -0.390560 1.267328 10 10 10 344 160
8.837098 -0.454302 1.267264 10 10 10 348 160
8.836653 -0.518038 1.267200 10 10 10 352 160
8.836208 -0.581767 1.267137 10 10 10 356 160
8.835762 -0.645490 1.267073 10 10 10 360 160
8.835319 -0.709206 1.267009 10 10 10 364 160
8.834873 -0.772916 1.266945 10 10 10 368 160
8.834429 -0.836620 1.266882 10 10 10 372 160
8.833984 -0.900317 1.266818 10 10 10 376 160
8.833539 -0.964008 1.266754 10 10 10 380 160
8.833095 -1.027692 1.266690 10 10 10 384 160
8.832650 -1.091370 1.266627 10 10 10 388 160
8.832205 -1.155041 1.266563 10 10 10 392 160
8.831760 -1.218706 1.266499 10 10 10 396 160
8.831316 -1.282365 1.266435 10 10 10 400 160
8.830873 -1.346017 1.266372 10 10 10 404 160
8.830426 -1.409663 1.266308 10 10 10 408 160
8.829983 -1.473302 1.266244 10 10 10 412 160
8.829538 -1.536935 1.266180 10 10 10 416 160
8.829093 -1.600562 1.266116 10 10 10 420 160
8.828649 -1.664182 1.266053 10 10 10 424 160
8.813255 -1.724870 1.263844 10 10 10 428 160
8.743039 -1.774211 1.253775 12 12 12 432 160
8.742600 -1.837202 1.253712 12 12 12 436 160
8.742160 -1.900186 1.253649 12 12 12 440 160
8.741721 -1.963164 1.253586 12 12 12 444 160
8.741281 -2.026135 1.253523 12 12 12 448 160
8.740842 -2.089101 1.253460 12 12 12 452 160
8.740402 -2.152060 1.253397 12 12 12 456 160
8.739963 -2.215012 1.253334 12 12 12 460 160
8.739523 -2.277959 1.253271 12 12 12 464 160
8.739082 -2.340899 1.253207 12 12 12 468 160
8.738644 -2.403832 1.253145 12 12 12 472 160
8.738205 -2.466760 1.253082 12 12 12 476 160
8.737766 -2.529681 1.253019 12 12 12 480 160
8.737327 -2.592595 1.252956 12 12 12 484 160
8.736887 -2.655504 1.252893 12 12 12 488 160
8.736446 -2.718405 1.252830 12 12 12 492 160
8.736008 -2.781301 1.252767 12 12 12 496 160
7.968480 -2.594436 1.142701 34 34 34 500 160
7.796012 -2.594533 1.117969 38 38 38 504 160
7.630852 -2.594625 1.094284 43 43 43 508 160
7.472544 -2.594714 1.071583 47 47 47 512 160
7.396397 -2.621640 1.060663 50 50 50 516 160
7.396039 -2.674877 1.060612 50 50 50 520 160
7.395681 -2.728109 1.060560 50 50 50 524 160
7.395322 -2.781336 1.060509 50 50 50 528 160
7.394964 -2.834558 1.060457 50 50 50 532 160
7.394607 -2.887774 1.060406 50 50 50 536 160
7.394249 -2.940986 1.060355 50 50 50 540 160
7.393891 -2.994192 1.060304 50 50 50 544 160
7.393532 -3.047393 1.060252 50 50 50 548 160
7.393176 -3.100590 1.060201 50 50 50 552 160
7.392817 -3.153780 1.060150 50 50 50 556 160
7.392459 -3.206966 1.060098 50 50 50 560 160
7.392101 -3.260146 1.060047 50 50 50 564 160
7.391744 -3.313322 1.059996 50 50 50 568 160
7.391386 -3.366492 1.059944 50 50 50 572 160
7.391029 -3.419657 1.059893 50 50 50 576 160
7.388484 -3.471789 1.059528 50 50 50 580 160
7.388319 -3.525020 1.059505 50 50 50 584 160
7.388156 -3.578250 1.059481 50 50 50 588 160
7.387997 -3.631479 1.059458 50 50 50 592 160
7.387838 -3.684705 1.059436 50 50 50 596 160
7.387679 -3.737930 1.059413 50 50 50 600 160
7.387520 -3.791152 1.059390 50 50 50 604 160
7.387361 -3.844372 1.059367 50 50 50 608 160
7.387201 -3.897589 1.059344 50 50 50 612 160
7.387042 -3.950804 1.059321 50 50 50 616 160
7.386882 -4.004017 1.059299 50 50 50 620 160
7.984195 -4.385395 1.144955 33 33 33 624 160
7.879344 -4.384655 1.129919 36 36 36 628 160
7.777210 -4.383935 1.115273 39 39 39 632 160
7.677691 -4.383234 1.101001 42 42 42 636 160
8.178742 4.713545 1.113843 28 28 28 0 164
8.281167 4.712823 1.127792 25 25 25 4 164
8.182523 4.597646 1.114357 28 28 28 8 164
8.236529 4.568563 1.121713 26 26 26 12 164
8.300332 4.544064 1.130402 25 25 25 16 164
8.355851 4.514169 1.137963 23 23 23 20 164
8.412118 4.483871 1.145625 21 21 21 24 164
8.469147 4.453162 1.153392 20 20 20 28 164
8.526955 4.422034 1.161265 18 18 18 32 164
8.585557 4.390478 1.169246 17 17 17 36 164
8.644970 4.358485 1.177337 15 15 15 40 164
8.705210 4.326046 1.185541 13 13 13 44 164
8.756682 4.288444 1.192551 12 12 12 48 164
8.802050 4.247153 1.198729 11 11 11 52 164
8.801604 4.183432 1.198669 11 11 11 56 164
8.801159 4.119718 1.198608 11 11 11 60 164
8.800714 4.056011 1.198547 11 11 11 64 164
8.800267 3.992309 1.198487 11 11 11 68 164
8.799821 3.928614 1.198426 11 11 11 72 164
8.799376 3.864925 1.198365 11 11 11 76 164
8.798930 3.801243 1.198305 11 11 11 80 164
8.798486 3.737568 1.198244 11 11 11 84 164
8.798040 3.673899 1.198183 11 11 11 88 164
8.797594 3.610236 1.198123 11 11 11 92 164
8.797148 3.546579 1.198062 11 11 11 96 164
8.796703 3.482930 1.198001 11 11 11 100 164
8.796258 3.419286 1.197941 11 11 11 104 164
8.795814 3.355650 1.197880 11 11 11 108 164
8.795368 3.292019 1.197819 11 11 11 112 164
8.794923 3.228395 1.197759 11 11 11 116 164
8.794477 3.164778 1.197698 11 11 11 120 164
8.794032 3.101167 1.197638 11 11 11 124 164
8.793588 3.037562 1.197577 11 11 11 128 164
8.793142 2.973963 1.197516 11 11 11 132 164
8.792697 2.910372 1.197456 11 11 11 136 164
8.792253 2.846786 1.197395 11 11 11 140 164
8.791808 2.783207 1.197335 11 11 11 144 164
8.791363 2.719635 1.197274 11 11 11 148 164
8.790917 2.656069 1.197213 11 11 11 152 164
8.790474 2.592509 1.197153 11 11 11 156 164
8.790029 2.528956 1.197092 11 11 11 160 164
8.789584 2.465409 1.197032 11 11 11 164 164
8.789139 2.401868 1.196971 11 11 11 168 164
8.788694 2.338335 1.196911 11 11 11 172 164
8.788250 2.274807 1.196850 11 11 11 176 164
8.787806 2.211286 1.196790 11 11 11 180 164
8.787360 2.147771 1.196729 11 11 11 184 164
8.786917 2.084263 1.196669 11 11 11 188 164
8.856597 2.036889 1.206158 9 9 9 192 164
8.861158 1.974002 1.206779 9 9 9 196 164
8.860709 1.909970 1.206718 9 9 9 200 164
8.860262 1.845945 1.206657 9 9 9 204 164
8.859814 1.781926 1.206596 9 9 9 208 164
8.859365 1.717914 1.206535 9 9 9 212 164
8.858918 1.653908 1.206474 9 9 9 216 164
8.858471 1.589908 1.206413 9 9 9 220 164
8.858023 1.525915 1.206352 9 9 9 224 164
8.857575 1.461929 1.206291 9 9 9 228 164
8.857128 1.397949 1.206230 9 9 9 232 164
8.856679 1.333975 1.206169 9 9 9 236 164
8.856232 1.270008 1.206108 9 9 9 240 164
8.855783 1.206047 1.206047 9 9 9 244 164
8.855336 1.142093 1.205986 9 9 9 248 164
8.854889 1.078145 1.205925 9 9 9 252 164
8.854442 1.014204 1.205865 9 9 9 256 164
8.853993 0.950269 1.205804 9 9 9 260 164
8.853547 0.886340 1.205743 9 9 9 264 164
8.853100 0.822418 1.205682 9 9 9 268 164
8.852653 0.758503 1.205621 9 9 9 272 164
8.852204 0.694594 1.205560 9 9 9 276 164
8.851757 0.630691 1.205499 9 9 9 280 164
8.846308 0.566475 1.204757 9 9 9 284 164
8.775838 0.498643 1.195160 11 11 11 288 164
8.775395 0.435301 1.195100 11 11 11 292 164
8.774953 0.371966 1.195039 11 11 11 296 164
8.774509 0.308637 1.194979 11 11 11 300 164
8.774067 0.245314 1.194919 11 11 11 304 164
8.773624 0.181998 1.194858 11 11 11 308 164
8.773182 0.118688 1.194798 11 11 11 312 164
8.772738 0.055385 1.194738 11 11 11 316 164
8.772295 -0.007912 1.194677 11 11 11 320 164
8.771852 -0.071202 1.194617 11 11 11 324 164
8.771411 -0.134487 1.194557 11 11 11 328 164
8.770967 -0.197764 1.194496 11 11 11 332 164
8.840511 -0.263119 1.203967 10 10 10 336 164
8.845059 -0.327073 1.204587 9 9 9 340 164
8.844612 -0.390873 1.204526 9 9 9 344 164
8.844166 -0.454666 1.204465 9 9 9 348 164
8.843721 -0.518452 1.204405 9 9 9 352 164
8.843274 -0.582232 1.204344 9 9 9 356 164
8.842828 -0.646006 1.204283 9 9 9 360 164
8.842382 -0.709773 1.204222 9 9 9 364 164
8.841936 -0.773534 1.204162 10 10 10 368 164
8.841492 -0.837289 1.204101 10 10 10 372 164
8.841046 -0.901037 1.204040 10 10 10 376 164
8.840601 -0.964778 1.203980 10 10 10 380 164
8.840157 -1.028513 1.203919 10 10 10 384 164
8.839710 -1.092242 1.203858 10 10 10 388 164
8.839265 -1.155964 1.203798 10 10 10 392 164
8.838820 -1.219680 1.203737 10 10 10 396 164
8.838375 -1.283390 1.203677 10 10 10 400 164
8.837931 -1.347093 1.203616 10 10 10 404 164
8.837484 -1.410789 1.203555 10 10 10 408 164
8.837041 -1.474480 1.203495 10 10 10 412 164
8.836596 -1.538164 1.203434 10 10 10 416 164
8.836150 -1.601841 1.203374 10 10 10 420 164
8.835707 -1.665512 1.203312 10 10 10 424 164
8.830264 -1.728199 1.202571 10 10 10 428 164
8.759914 -1.777635 1.192990 12 12 12 432 164
8.759473 -1.840747 1.192930 12 12 12 436 164
8.759031 -1.903853 1.192870 12 12 12 440 164
8.758590 -1.966952 1.192810 12 12 12 444 164
8.758148 -2.030045 1.192750 12 12 12 448 164
8.757707 -2.093132 1.192689 12 12 12 452 164
8.757266 -2.156212 1.192629 12 12 12 456 164
8.756824 -2.219286 1.192569 12 12 12 460 164
8.756384 -2.282354 1.192509 12 12 12 464 164
8.755942 -2.345415 1.192449 12 12 12 468 164
8.755501 -2.408469 1.192389 12 12 12 472 164
8.755060 -2.471518 1.192329 12 12 12 476 164
8.754620 -2.534560 1.192269 12 12 12 480 164
8.754178 -2.597596 1.192209 12 12 12 484 164
8.753737 -2.660625 1.192149 12 12 12 488 164
8.753297 -2.723649 1.192089 12 12 12 492 164
8.752855 -2.786665 1.192029 12 12 12 496 164
7.968574 -2.594467 1.085220 34 34 34 500 164
7.796101 -2.594563 1.061731 38 38 38 504 164
7.630938 -2.594655 1.039238 43 43 43 508 164
7.472631 -2.594744 1.017678 47 47 47 512 164
7.410658 -2.626695 1.009238 49 49 49 516 164
7.410300 -2.680035 1.009190 49 49 49 520 164
7.409940 -2.733369 1.009141 49 49 49 524 164
7.409581 -2.786699 1.009092 49 49 49 528 164
7.409221 -2.840022 1.009043 49 49 49 532 164
7.408861 -2.893341 1.008994 49 49 49 536 164
7.408502 -2.946655 1.008945 49 49 49 540 164
7.408143 -2.999964 1.008896 49 49 49 544 164
7.407784 -3.053267 1.008847 49 49 49 548 164
7.407424 -3.106565 1.008798 49 49 49 552 164
7.407065 -3.159858 1.008749 49 49 49 556 164
7.406706 -3.213146 1.008700 49 49 49 560 164
7.406347 -3.266429 1.008651 49 49 49 564 164
7.405988 -3.319706 1.008602 49 49 49 568 164
7.405628 -3.372979 1.008553 49 49 49 572 164
7.405268 -3.426245 1.008504 49 49 49 576 164
7.358244 -3.457580 1.002100 51 51 51 580 164
7.245362 -3.456814 0.986727 54 54 54 584 164
7.135891 -3.456072 0.971819 57 57 57 588 164
7.029678 -3.455351 0.957354 60 60 60 592 164
7.012447 -3.497478 0.955007 60 60 60 596 164
7.012299 -3.548000 0.954987 60 60 60 600 164
7.012152 -3.598519 0.954967 60 60 60 604 164
7.012003 -3.649037 0.954947 60 60 60 608 164
7.011855 -3.699552 0.954927 60 60 60 612 164
7.011707 -3.750065 0.954906 60 60 60 616 164
7.011559 -3.800575 0.954886 60 60 60 620 164
7.011415 -3.851086 0.954867 60 60 60 624 164
7.011272 -3.901596 0.954847 60 60 60 628 164
7.011128 -3.952103 0.954828 60 60 60 632 164
7.010984 -4.002608 0.954808 60 60 60 636 164
8.084884 4.659452 1.042726 30 30 30 0 168
8.137353 4.630979 1.049493 29 29 29 4 168
8.190706 4.602244 1.056374 28 28 28 8 168
8.244764 4.573131 1.063346 26 26 26 12 168
8.299540 4.543630 1.070411 25 25 25 16 168
8.355046 4.513734 1.077569 23 23 23 20 168
8.411302 4.483436 1.084825 21 21 21 24 168
8.468320 4.452727 1.092179 20 20 20 28 168
8.526117 4.421599 1.099633 18 18 18 32 168
8.584708 4.390044 1.107189 17 17 17 36 168
8.644107 4.358050 1.114850 15 15 15 40 168
8.704330 4.325609 1.122617 13 13 13 44 168
8.765400 4.292713 1.130494 12 12 12 48 168
8.819153 4.255405 1.137426 10 10 10 52 168
8.818705 4.191560 1.137369 10 10 10 56 168
8.818257 4.127721 1.137311 10 10 10 60 168
8.817811 4.063890 1.137253 10 10 10 64 168
8.817363 4.000064 1.137196 10 10 10 68 168
8.816916 3.936246 1.137138 10 10 10 72 168
8.816468 3.872433 1.137080 10 10 10 76 168
8.816021 3.808626 1.137022 10 10 10 80 168
8.815574 3.744827 1.136965 10 10 10 84 168
8.815126 3.681034 1.136907 10 10 10 88 168
8.814679 3.617247 1.136849 10 10 10 92 168
8.814233 3.553467 1.136792 10 10 10 96 168
8.813786 3.489693 1.136734 10 10 10 100 168
8.813338 3.425926 1.136676 10 10 10 104 168
8.812892 3.362165 1.136619 10 10 10 108 168
8.812445 3.298411 1.136561 10 10 10 112 168
8.811998 3.234663 1.136504 10 10 10 116 168
8.811550 3.170921 1.136446 10 10 10 120 168
8.811104 3.107187 1.136388 10 10 10 124 168
8.810658 3.043458 1.136331 10 10 10 128 168
8.810210 2.979736 1.136273 10 10 10 132 168
8.809764 2.916021 1.136215 10 10 10 136 168
8.809317 2.852311 1.136158 10 10 10 140 168
8.808870 2.788609 1.136100 10 10 10 144 168
8.808423 2.724913 1.136043 10 10 10 148 168
8.807977 2.661223 1.135985 10 10 10 152 168
8.807531 2.597540 1.135928 10 10 10 156 168
8.807084 2.533863 1.135870 10 10 10 160 168
8.806638 2.470192 1.135812 10 10 10 164 168
8.806190 2.406528 1.135755 10 10 10 168 168
8.805745 2.342871 1.135697 11 11 11 172 168
8.805299 2.279220 1.135640 11 11 11 176 168
8.804852 2.215575 1.135582 11 11 11 180 168
8.804406 2.151937 1.135525 11 11 11 184 168
8.803960 2.088305 1.135467 11 11 11 188 168
8.873775 2.040840 1.144471 9 9 9 192 168
8.888377 1.980066 1.146355 8 8 8 196 168
8.887928 1.915838 1.146297 8 8 8 200 168
8.887478 1.851615 1.146238 8 8 8 204 168
8.887028 1.787400 1.146181 8 8 8 208 168
8.886579 1.723190 1.146122 8 8 8 212 168
8.886127 1.658988 1.146064 8 8 8 216 168
8.885677 1.594791 1.146006 8 8 8 220 168
8.885228 1.530602 1.145948 8 8 8 224 168
8.884779 1.466419 1.145890 8 8 8 228 168
8.884328 1.402242 1.145832 8 8 8 232 168
8.883879 1.338072 1.145774 8 8 8 236 168
8.883429 1.273908 1.145716 8 8 8 240 168
8.882979 1.209751 1.145658 8 8 8 244 168
8.882529 1.145600 1.145600 8 8 8 248 168
8.882078 1.081455 1.145542 8 8 8 252 168
8.881629 1.017318 1.145484 8 8 8 256 168
8.881180 0.953186 1.145426 8 8 8 260 168
8.880730 0.889062 1.145368 8 8 8 264 168
8.880280 0.824943 1.145310 8 8 8 268 168
8.879830 0.760832 1.145252 8 8 8 272 168
8.879380 0.696726 1.145194 8 8 8 276 168
8.878932 0.632627 1.145136 8 8 8 280 168
8.863445 0.567572 1.143139 9 9 9 284 168
8.792840 0.499609 1.134033 11 11 11 288 168
8.792395 0.436144 1.133976 11 11 11 292 168
8.791951 0.372686 1.133918 11 11 11 296 168
8.791506 0.309235 1.133861 11 11 11 300 168
8.791061 0.245789 1.133803 11 11 11 304 168
8.790617 0.182351 1.133746 11 11 11 308 168
8.790172 0.118918 1.133689 11 11 11 312 168
8.789728 0.055492 1.133632 11 11 11 316 168
8.789283 -0.007927 1.133574 11 11 11 320 168
8.788837 -0.071340 1.133517 11 11 11 324 168
8.788393 -0.134747 1.133459 11 11 11 328 168
8.787949 -0.198147 1.133402 11 11 11 332 168
8.857627 -0.263628 1.142389 9 9 9 336 168
8.872208 -0.328077 1.144269 9 9 9 340 168
8.871758 -0.392072 1.144211 9 9 9 344 168
8.871309 -0.456061 1.144153 9 9 9 348 168
8.870862 -0.520043 1.144096 9 9 9 352 168
8.870413 -0.584019 1.144038 9 9 9 356 168
8.869965 -0.647988 1.143980 9 9 9 360 168
8.869516 -0.711951 1.143922 9 9 9 364 168
8.869068 -0.775908 1.143864 9 9 9 368 168
8.868620 -0.839858 1.143806 9 9 9 372 168
8.868172 -0.903801 1.143749 9 9 9 376 168
8.857708 -0.966645 1.142399 9 9 9 380 168
8.867275 -1.031669 1.143633 9 9 9 384 168
8.866827 -1.095593 1.143575 9 9 9 388 168
8.866380 -1.159510 1.143517 9 9 9 392 168
8.865931 -1.223421 1.143460 9 9 9 396 168
8.865484 -1.287326 1.143402 9 9 9 400 168
8.865035 -1.351224 1.143344 9 9 9 404 168
8.864587 -1.415116 1.143286 9 9 9 408 168
8.864140 -1.479002 1.143229 9 9 9 412 168
8.863690 -1.542880 1.143170 9 9 9 416 168
8.863244 -1.606753 1.143112 9 9 9 420 168
8.862795 -1.670618 1.143054 9 9 9 424 168
8.847341 -1.731541 1.141061 9 9 9 428 168
8.776854 -1.781073 1.131970 11 11 11 432 168
8.776410 -1.844306 1.131913 11 11 11 436 168
8.775967 -1.907534 1.131855 11 11 11 440 168
8.775523 -1.970755 1.131798 11 11 11 444 168
8.775081 -2.033970 1.131741 11 11 11 448 168
8.774637 -2.097178 1.131684 11 11 11 452 168
8.774194 -2.160380 1.131627 11 11 11 456 168
8.773751 -2.223576 1.131570 11 11 11 460 168
8.773309 -2.286765 1.131513 11 11 11 464 168
8.772865 -2.349948 1.131456 11 11 11 468 168
8.772424 -2.413124 1.131399 11 11 11 472 168
8.771980 -2.476295 1.131341 11 11 11 476 168
8.771537 -2.539458 1.131284 11 11 11 480 168
8.771094 -2.602615 1.131227 11 11 11 484 168
8.770652 -2.665766 1.131170 11 11 11 488 168
8.770210 -2.728911 1.131113 11 11 11 492 168
8.769768 -2.792049 1.131056 12 12 12 496 168
7.968667 -2.594497 1.027736 34 34 34 500 168
7.796191 -2.594592 1.005492 38 38 38 504 168
7.631023 -2.594683 0.984190 43 43 43 508 168
7.472724 -2.594777 0.963774 47 47 47 512 168
7.424975 -2.631770 0.957615 49 49 49 516 168
7.424614 -2.685212 0.957569 49 49 49 520 168
7.424254 -2.738649 0.957522 49 49 49 524 168
7.423893 -2.792081 0.957476 49 49 49 528 168
7.423532 -2.845508 0.957429 49 49 49 532 168
7.423172 -2.898930 0.957383 49 49 49 536 168
7.422811 -2.952346 0.957336 49 49 49 540 168
7.422450 -3.005757 0.957290 49 49 49 544 168
7.422091 -3.059164 0.957243 49 49 49 548 168
7.421729 -3.112564 0.957197 49 49 49 552 168
7.421369 -3.165960 0.957150 49 49 49 556 168
7.421009 -3.219351 0.957104 49 49 49 560 168
7.420647 -3.272736 0.957057 49 49 49 564 168
7.420286 -3.326116 0.957011 49 49 49 568 168
7.419925 -3.379490 0.956964 49 49 49 572 168
7.419563 -3.432859 0.956917 49 49 49 576 168
7.358084 -3.457504 0.948988 51 51 51 580 168
7.245205 -3.456740 0.934430 54 54 54 584 168
7.135739 -3.455998 0.920312 57 57 57 588 168
7.029531 -3.455279 0.906614 60 60 60 592 168
6.926438 -3.454581 0.893318 63 63 63 596 168
6.826325 -3.453903 0.880406 65 65 65 600 168
6.729065 -3.453244 0.867862 68 68 68 604 168
6.685862 -3.479313 0.862290 69 69 69 608 168
6.685893 -3.527569 0.862294 69 69 69 612 168
6.685924 -3.575826 0.862298 69 69 69 616 168
6.685955 -3.624084 0.862302 69 69 69 620 168
6.685986 -3.672341 0.862306 69 69 69 624 168
6.686017 -3.720599 0.862310 69 69 69 628 168
6.686048 -3.768858 0.862314 69 69 69 632 168
6.686079 -3.817117 0.862318 69 69 69 636 168
8.107284 4.672362 0.987119 30 30 30 0 172
8.136591 4.630545 0.990687 29 29 29 4 172
8.189933 4.601810 0.997182 28 28 28 8 172
8.243980 4.572696 1.003763 26 26 26 12 172
8.298746 4.543195 1.010431 25 25 25 16 172
8.354242 4.513300 1.017188 23 23 23 20 172
8.410487 4.483002 1.024036 21 21 21 24 172
8.467495 4.452293 1.030977 20 20 20 28 172
8.525279 4.421165 1.038013 18 18 18 32 172
8.583856 4.389608 1.045145 17 17 17 36 172
8.643239 4.357612 1.052375 15 15 15 40 172
8.703452 4.325172 1.059707 13 13 13 44 172
8.764508 4.292276 1.067141 12 12 12 48 172
8.836323 4.263690 1.075885 10 10 10 52 172
8.835873 4.199720 1.075830 10 10 10 56 172
8.835423 4.135757 1.075775 10 10 10 60 172
8.834974 4.071800 1.075720 10 10 10 64 172
8.834525 4.007850 1.075666 10 10 10 68 172
8.834076 3.943907 1.075611 10 10 10 72 172
8.833628 3.879970 1.075557 10 10 10 76 172
8.833179 3.816039 1.075502 10 10 10 80 172
8.832729 3.752114 1.075447 10 10 10 84 172
8.832280 3.688197 1.075392 10 10 10 88 172
8.831831 3.624286 1.075338 10 10 10 92 172
8.831383 3.560381 1.075283 10 10 10 96 172
8.830934 3.496483 1.075229 10 10 10 100 172
8.830484 3.432591 1.075174 10 10 10 104 172
8.830036 3.368706 1.075119 10 10 10 108 172
8.829587 3.304827 1.075065 10 10 10 112 172
8.829139 3.240955 1.075010 10 10 10 116 172
8.828690 3.177089 1.074955 10 10 10 120 172
8.828241 3.113230 1.074901 10 10 10 124 172
8.827793 3.049377 1.074846 10 10 10 128 172
8.827344 2.985531 1.074792 10 10 10 132 172
8.826895 2.921691 1.074737 10 10 10 136 172
8.826447 2.857858 1.074682 10 10 10 140 172
8.825999 2.794031 1.074628 10 10 10 144 172
8.825551 2.730211 1.074573 10 10 10 148 172
8.825102 2.666397 1.074518 10 10 10 152 172
8.824654 2.602590 1.074464 10 10 10 156 172
8.824206 2.538789 1.074409 10 10 10 160 172
8.823757 2.474994 1.074355 10 10 10 164 172
8.823309 2.411206 1.074300 10 10 10 168 172
8.822862 2.347425 1.074246 10 10 10 172 172
8.822413 2.283650 1.074191 10 10 10 176 172
8.821965 2.219882 1.074137 10 10 10 180 172
8.821517 2.156120 1.074082 10 10 10 184 172
8.821070 2.092364 1.074028 10 10 10 188 172
8.891022 2.044806 1.082545 8 8 8 192 172
8.905650 1.983914 1.084326 8 8 8 196 172
8.905200 1.919561 1.084271 8 8 8 200 172
8.904747 1.855213 1.084216 8 8 8 204 172
8.904296 1.790873 1.084161 8 8 8 208 172
8.903843 1.726538 1.084106 8 8 8 212 172
8.903392 1.662211 1.084051 8 8 8 216 172
8.902941 1.597890 1.083996 8 8 8 220 172
8.902489 1.533575 1.083941 8 8 8 224 172
8.902038 1.469267 1.083886 8 8 8 228 172
8.901586 1.404966 1.083831 8 8 8 232 172
8.901134 1.340670 1.083776 8 8 8 236 172
8.900682 1.276382 1.083721 8 8 8 240 172
8.900230 1.212100 1.083666 8 8 8 244 172
8.899778 1.147824 1.083611 8 8 8 248 172
8.899327 1.083556 1.083556 8 8 8 252 172
8.898875 1.019293 1.083501 8 8 8 256 172
8.898424 0.955037 1.083446 8 8 8 260 172
8.897973 0.890788 1.083391 8 8 8 264 172
8.897520 0.826545 1.083336 8 8 8 268 172
8.897069 0.762309 1.083281 8 8 8 272 172
8.896619 0.698079 1.083226 8 8 8 276 172
8.896167 0.633855 1.083171 8 8 8 280 172
8.880651 0.568674 1.081282 8 8 8 284 172
8.809907 0.500578 1.072669 10 10 10 288 172
8.809461 0.436991 1.072614 10 10 10 292 172
8.809014 0.373410 1.072560 10 10 10 296 172
8.808568 0.309835 1.072505 10 10 10 300 172
8.808122 0.246266 1.072451 10 10 10 304 172
8.807675 0.182704 1.072397 10 10 10 308 172
8.807228 0.119149 1.072342 10 10 10 312 172
8.806783 0.055600 1.072288 10 10 10 316 172
8.806335 -0.007943 1.072234 10 10 10 320 172
8.805888 -0.071479 1.072179 11 11 11 324 172
8.805443 -0.135008 1.072125 11 11 11 328 172
8.804996 -0.198532 1.072071 11 11 11 332 172
8.874808 -0.264140 1.080571 9 9 9 336 172
8.889417 -0.328713 1.082349 8 8 8 340 172
8.888967 -0.392833 1.082295 8 8 8 344 172
8.888516 -0.456946 1.082240 8 8 8 348 172
8.888066 -0.521052 1.082185 8 8 8 352 172
8.887615 -0.585152 1.082130 8 8 8 356 172
8.887166 -0.649245 1.082075 8 8 8 360 172
8.886715 -0.713332 1.082021 8 8 8 364 172
8.886265 -0.777412 1.081966 8 8 8 368 172
8.885816 -0.841486 1.081911 8 8 8 372 172
8.885365 -0.905553 1.081856 8 8 8 376 172
8.874882 -0.968519 1.080580 9 9 9 380 172
8.884464 -1.033669 1.081746 8 8 8 384 172
8.884016 -1.097717 1.081692 8 8 8 388 172
8.883565 -1.161758 1.081637 8 8 8 392 172
8.883116 -1.225793 1.081582 8 8 8 396 172
8.882666 -1.289821 1.081527 8 8 8 400 172
8.882215 -1.353843 1.081473 8 8 8 404 172
8.881766 -1.417859 1.081418 8 8 8 408 172
8.881316 -1.481867 1.081362 8 8 8 412 172
8.880866 -1.545870 1.081307 8 8 8 416 172
8.880417 -1.609866 1.081252 8 8 8 420 172
8.879967 -1.673855 1.081198 8 8 8 424 172
8.864482 -1.734896 1.079312 9 9 9 428 172
8.793859 -1.784523 1.070713 11 11 11 432 172
8.793412 -1.847879 1.070659 11 11 11 436 172
8.792968 -1.911229 1.070605 11 11 11 440 172
8.792523 -1.974573 1.070551 11 11 11 444 172
8.792079 -2.037910 1.070497 11 11 11 448 172
8.791635 -2.101241 1.070443 11 11 11 452 172
8.791189 -2.164565 1.070388 11 11 11 456 172
8.790745 -2.227883 1.070334 11 11 11 460 172
8.790299 -2.291194 1.070280 11 11 11 464 172
8.789855 -2.354499 1.070226 11 11 11 468 172
8.789411 -2.417797 1.070172 11 11 11 472 172
8.788967 -2.481090 1.070118 11 11 11 476 172
8.788523 -2.544375 1.070064 11 11 11 480 172
8.788077 -2.607655 1.070009 11 11 11 484 172
8.787633 -2.670928 1.069955 11 11 11 488 172
8.787189 -2.734194 1.069901 11 11 11 492 172
8.786745 -2.797454 1.069847 11 11 11 496 172
7.968762 -2.594528 0.970252 34 34 34 500 172
7.796280 -2.594622 0.949251 38 38 38 504 172
7.631120 -2.594717 0.929142 43 43 43 508 172
7.472817 -2.594809 0.909867 47 47 47 512 172
7.439348 -2.636864 0.905792 48 48 48 516 172
7.438986 -2.690409 0.905748 48 48 48 520 172
7.438624 -2.743950 0.905704 48 48 48 524 172
7.438262 -2.797485 0.905660 48 48 48 528 172
7.437900 -2.851015 0.905616 48 48 48 532 172
7.437538 -2.904540 0.905572 48 48 48 536 172
7.437176 -2.958060 0.905528 48 48 48 540 172
7.436814 -3.011574 0.905484 48 48 48 544 172
7.436452 -3.065083 0.905440 48 48 48 548 172
7.436089 -3.118587 0.905396 48 48 48 552 172
7.435727 -3.172085 0.905352 48 48 48 556 172
7.435363 -3.225578 0.905307 48 48 48 560 172
7.435001 -3.279066 0.905263 48 48 48 564 172
7.434638 -3.332549 0.905219 48 48 48 568 172
7.434275 -3.386026 0.905175 49 49 49 572 172
7.433912 -3.439498 0.905131 49 49 49 576 172
7.357923 -3.457428 0.895878 51 51 51 580 172
7.245049 -3.456665 0.882135 54 54 54 584 172
7.135588 -3.455925 0.868807 57 57 57 588 172
7.029384 -3.455207 0.855877 60 60 60 592 172
6.926295 -3.454509 0.843325 63 63 63 596 172
6.826187 -3.453833 0.831136 65 65 65 600 172
6.728928 -3.453173 0.819294 68 68 68 604 172
6.698837 -3.486065 0.815630 69 69 69 608 172
6.698868 -3.534415 0.815634 69 69 69 612 172
6.698899 -3.582766 0.815638 69 69 69 616 172
6.698931 -3.631117 0.815641 69 69 69 620 172
6.698962 -3.679468 0.815645 69 69 69 624 172
6.698993 -3.727820 0.815649 69 69 69 628 172
6.699023 -3.776172 0.815653 69 69 69 632 172
6.699055 -3.824526 0.815657 69 69 69 636 172
8.179188 4.713802 0.936859 28 28 28 0 176
8.135828 4.630111 0.931893 29 29 29 4 176
8.189159 4.601375 0.938001 28 28 28 8 176
8.243196 4.572261 0.944191 26 26 26 12 176
8.297952 4.542760 0.950463 25 25 25 16 176
8.353439 4.512866 0.956818 23 23 23 20 176
8.409672 4.482567 0.963259 21 21 21 24 176
8.466668 4.451859 0.969788 20 20 20 28 176
8.524438 4.420729 0.976405 18 18 18 32 176
8.583001 4.389171 0.983113 17 17 17 36 176
8.642372 4.357175 0.989913 15 15 15 40 176
8.702573 4.324736 0.996809 13 13 13 44 176
8.763617 4.291840 1.003801 12 12 12 48 176
8.853559 4.272007 1.014103 9 9 9 52 176
8.853108 4.207912 1.014051 9 9 9 56 176
8.852657 4.143824 1.014000 9 9 9 60 176
8.852206 4.079742 1.013948 9 9 9 64 176
8.851755 4.015666 1.013896 9 9 9 68 176
8.851304 3.951597 1.013845 9 9 9 72 176
8.850853 3.887535 1.013793 9 9 9 76 176
8.850404 3.823480 1.013741 9 9 9 80 176
8.849953 3.759431 1.013690 9 9 9 84 176
8.849502 3.695388 1.013638 9 9 9 88 176
8.849051 3.631352 1.013586 9 9 9 92 176
8.848599 3.567322 1.013535 9 9 9 96 176
8.848149 3.503299 1.013483 9 9 9 100 176
8.847698 3.439282 1.013432 9 9 9 104 176
8.847248 3.375272 1.013380 9 9 9 108 176
8.846797 3.311269 1.013328 9 9 9 112 176
8.846346 3.247272 1.013277 9 9 9 116 176
8.845896 3.183281 1.013225 9 9 9 120 176
8.845446 3.119297 1.013174 9 9 9 124 176
8.844995 3.055320 1.013122 9 9 9 128 176
8.844545 2.991349 1.013070 9 9 9 132 176
8.844094 2.927384 1.013019 9 9 9 136 176
8.843645 2.863426 1.012967 9 9 9 140 176
8.843195 2.799475 1.012916 9 9 9 144 176
8.842745 2.735530 1.012864 9 9 9 148 176
8.842295 2.671591 1.012813 9 9 9 152 176
8.841845 2.607660 1.012761 10 10 10 156 176
8.841395 2.543734 1.012710 10 10 10 160 176
8.840945 2.479815 1.012658 10 10 10 164 176
8.840494 2.415902 1.012606 10 10 10 168 176
8.840045 2.351997 1.012555 10 10 10 172 176
8.839596 2.288098 1.012504 10 10 10 176 176
8.839146 2.224205 1.012452 10 10 10 180 176
8.838696 2.160318 1.012401 10 10 10 184 176
8.838246 2.096438 1.012349 10 10 10 188 176
8.908334 2.048788 1.020377 8 8 8 192 176
8.922991 1.987777 1.022056 7 7 7 196 176
8.922537 1.923298 1.022004 7 7 7 200 176
8.922084 1.858825 1.021952 7 7 7 204 176
8.921631 1.794359 1.021900 7 7 7 208 176
8.921176 1.729899 1.021848 7 7 7 212 176
8.920724 1.665447 1.021796 7 7 7 216 176
8.920270 1.601000 1.021744 7 7 7 220 176
8.919817 1.536560 1.021692 7 7 7 224 176
8.919363 1.472127 1.021640 7 7 7 228 176
8.918910 1.407700 1.021588 7 7 7 232 176
8.918455 1.343279 1.021536 7 7 7 236 176
8.918002 1.278866 1.021484 7 7 7 240 176
8.917549 1.214459 1.021433 7 7 7 244 176
8.917095 1.150058 1.021381 7 7 7 248 176
8.916642 1.085664 1.021329 7 7 7 252 176
8.916189 1.021276 1.021277 7 7 7 256 176
8.915735 0.956895 1.021225 7 7 7 260 176
8.915282 0.892521 1.021173 7 7 7 264 176
8.914829 0.828153 1.021121 7 7 7 268 176
8.914375 0.763791 1.021069 7 7 7 272 176
8.913923 0.699437 1.021017 8 8 8 276 176
8.913470 0.635088 1.020965 8 8 8 280 176
8.897922 0.569780 1.019184 8 8 8 284 176
8.827040 0.501552 1.011065 10 10 10 288 176
8.826591 0.437840 1.011014 10 10 10 292 176
8.826143 0.374136 1.010963 10 10 10 296 176
8.825696 0.310437 1.010911 10 10 10 300 176
8.825248 0.246745 1.010860 10 10 10 304 176
8.824799 0.183060 1.010809 10 10 10 308 176
8.824351 0.119381 1.010757 10 10 10 312 176
8.823903 0.055708 1.010706 10 10 10 316 176
8.823455 -0.007958 1.010655 10 10 10 320 176
8.823006 -0.071618 1.010603 10 10 10 324 176
8.822558 -0.135271 1.010552 10 10 10 328 176
8.822111 -0.198918 1.010501 10 10 10 332 176
8.892057 -0.264653 1.018513 8 8 8 336 176
8.906693 -0.329352 1.020189 8 8 8 340 176
8.906240 -0.393596 1.020137 8 8 8 344 176
8.905788 -0.457834 1.020086 8 8 8 348 176
8.905337 -0.522064 1.020034 8 8 8 352 176
8.904884 -0.586289 1.019982 8 8 8 356 176
8.904433 -0.650506 1.019930 8 8 8 360 176
8.903980 -0.714718 1.019878 8 8 8 364 176
8.903529 -0.778923 1.019827 8 8 8 368 176
8.903077 -0.843121 1.019775 8 8 8 372 176
8.902626 -0.907313 1.019723 8 8 8 376 176
8.892122 -0.970401 1.018520 8 8 8 380 176
8.901722 -1.035676 1.019620 8 8 8 384 176
8.901271 -1.099849 1.019568 8 8 8 388 176
8.900819 -1.164014 1.019516 8 8 8 392 176
8.900368 -1.228173 1.019465 8 8 8 396 176
8.899915 -1.292326 1.019413 8 8 8 400 176
8.899463 -1.356472 1.019361 8 8 8 404 176
8.899013 -1.420612 1.019308 8 8 8 408 176
8.898561 -1.484745 1.019256 8 8 8 412 176
8.898108 -1.548871 1.019205 8 8 8 416 176
8.897657 -1.612991 1.019153 8 8 8 420 176
8.897207 -1.677105 1.019101 8 8 8 424 176
8.881690 -1.738263 1.017324 8 8 8 428 176
8.810929 -1.787988 1.009219 10 10 10 432 176
8.810482 -1.851467 1.009168 10 10 10 436 176
8.810036 -1.914939 1.009117 10 10 10 440 176
8.809588 -1.978405 1.009065 10 10 10 444 176
8.809143 -2.041865 1.009014 10 10 10 448 176
8.808696 -2.105319 1.008963 10 10 10 452 176
8.808249 -2.168765 1.008912 10 10 10 456 176
8.807804 -2.232206 1.008861 10 10 10 460 176
8.807357 -2.295640 1.008810 10 10 10 464 176
8.806911 -2.359067 1.008759 10 10 10 468 176
8.806464 -2.422488 1.008708 10 10 10 472 176
8.806018 -2.485903 1.008656 10 10 10 476 176
8.805572 -2.549311 1.008605 11 11 11 480 176
8.805127 -2.612714 1.008554 11 11 11 484 176
8.804680 -2.676109 1.008503 11 11 11 488 176
8.804234 -2.739498 1.008452 11 11 11 492 176
8.803788 -2.802880 1.008401 11 11 11 496 176
7.968853 -2.594558 0.912766 34 34 34 500 176
7.796374 -2.594653 0.893010 38 38 38 504 176
7.631217 -2.594749 0.874093 43 43 43 508 176
7.472910 -2.594841 0.855960 47 47 47 512 176
7.453777 -2.641978 0.853768 48 48 48 516 176
7.453413 -2.695627 0.853727 48 48 48 520 176
7.453050 -2.749271 0.853685 48 48 48 524 176
7.452686 -2.802910 0.853643 48 48 48 528 176
7.452322 -2.856544 0.853602 48 48 48 532 176
7.451959 -2.910172 0.853560 48 48 48 536 176
7.451595 -2.963795 0.853519 48 48 48 540 176
7.451231 -3.017412 0.853477 48 48 48 544 176
7.450868 -3.071025 0.853435 48 48 48 548 176
7.450503 -3.124631 0.853393 48 48 48 552 176
7.450139 -3.178233 0.853352 48 48 48 556 176
7.449774 -3.231830 0.853310 48 48 48 560 176
7.449410 -3.285421 0.853268 48 48 48 564 176
7.449046 -3.339007 0.853227 48 48 48 568 176
7.448681 -3.392588 0.853185 48 48 48 572 176
7.448317 -3.446163 0.853143 48 48 48 576 176
7.357761 -3.457353 0.842771 51 51 51 580 176
7.244894 -3.456591 0.829843 54 54 54 584 176
7.135437 -3.455852 0.817305 57 57 57 588 176
7.029237 -3.455135 0.805141 60 60 60 592 176
6.926150 -3.454437 0.793333 63 63 63 596 176
6.826044 -3.453760 0.781867 65 65 65 600 176
6.728789 -3.453102 0.770727 68 68 68 604 176
6.711864 -3.492844 0.768789 69 69 69 608 176
6.711894 -3.541288 0.768792 69 69 69 612 176
6.711926 -3.589733 0.768796 69 69 69 616 176
6.711957 -3.638178 0.768799 69 69 69 620 176
6.711988 -3.686623 0.768803 69 69 69 624 176
6.712019 -3.735069 0.768806 69 69 69 628 176
6.712051 -3.783516 0.768810 69 69 69 632 176
6.712082 -3.831962 0.768813 69 69 69 636 176
8.179336 4.713887 0.877860 28 28 28 0 180
8.126179 4.624619 0.872155 29 29 29 4 180
8.188387 4.600941 0.878832 28 28 28 8 180
8.242414 4.571827 0.884630 26 26 26 12 180
8.297158 4.542326 0.890506 25 25 25 16 180
8.352634 4.512431 0.896460 23 23 23 20 180
8.408856 4.482132 0.902494 22 22 22 24 180
8.465839 4.451423 0.908610 20 20 20 28 180
8.523596 4.420292 0.914809 18 18 18 32 180
8.582147 4.388734 0.921093 17 17 17 36 180
8.641506 4.356739 0.927463 15 15 15 40 180
8.701694 4.324299 0.933923 13 13 13 44 180
8.762725 4.291403 0.940473 12 12 12 48 180
8.870862 4.280355 0.952079 9 9 9 52 180
8.870409 4.216135 0.952031 9 9 9 56 180
8.869956 4.151921 0.951982 9 9 9 60 180
8.869504 4.087714 0.951934 9 9 9 64 180
8.869051 4.023513 0.951885 9 9 9 68 180
8.868599 3.959319 0.951837 9 9 9 72 180
8.868146 3.895131 0.951788 9 9 9 76 180
8.867694 3.830950 0.951739 9 9 9 80 180
8.867241 3.766775 0.951691 9 9 9 84 180
8.866788 3.702607 0.951642 9 9 9 88 180
8.866335 3.638445 0.951594 9 9 9 92 180
8.865884 3.574290 0.951545 9 9 9 96 180
8.865432 3.510142 0.951497 9 9 9 100 180
8.864979 3.446000 0.951448 9 9 9 104 180
8.864526 3.381864 0.951400 9 9 9 108 180
8.864075 3.317736 0.951351 9 9 9 112 180
8.863622 3.253613 0.951302 9 9 9 116 180
8.863171 3.189497 0.951254 9 9 9 120 180
8.862718 3.125388 0.951205 9 9 9 124 180
8.862267 3.061285 0.951157 9 9 9 128 180
8.861814 2.997189 0.951108 9 9 9 132 180
8.861362 2.933100 0.951060 9 9 9 136 180
8.860909 2.869016 0.951011 9 9 9 140 180
8.860457 2.804940 0.950963 9 9 9 144 180
8.860006 2.740870 0.950914 9 9 9 148 180
8.859553 2.676806 0.950866 9 9 9 152 180
8.859102 2.612749 0.950817 9 9 9 156 180
8.858650 2.548699 0.950769 9 9 9 160 180
8.858199 2.484655 0.950720 9 9 9 164 180
8.857747 2.420617 0.950672 9 9 9 168 180
8.857296 2.356587 0.950624 9 9 9 172 180
8.856845 2.292562 0.950575 9 9 9 176 180
8.856393 2.228545 0.950527 9 9 9 180 180
8.855941 2.164533 0.950478 9 9 9 184 180
8.855490 2.100528 0.950430 9 9 9 188 180
8.925714 2.052785 0.957967 7 7 7 192 180
8.940399 1.991655 0.959543 7 7 7 196 180
8.939943 1.927050 0.959494 7 7 7 200 180
8.939487 1.862451 0.959445 7 7 7 204 180
8.939033 1.797859 0.959396 7 7 7 208 180
8.938577 1.733273 0.959347 7 7 7 212 180
8.938123 1.668695 0.959298 7 7 7 216 180
8.937667 1.604122 0.959250 7 7 7 220 180
8.937211 1.539557 0.959201 7 7 7 224 180
8.936756 1.474997 0.959152 7 7 7 228 180
8.936300 1.410445 0.959103 7 7 7 232 180
8.935846 1.345899 0.959054 7 7 7 236 180
8.935390 1.281359 0.959005 7 7 7 240 180
8.934935 1.216826 0.958956 7 7 7 244 180
8.934480 1.152300 0.958908 7 7 7 248 180
8.934025 1.087780 0.958859 7 7 7 252 180
8.933569 1.023267 0.958810 7 7 7 256 180
8.933115 0.958760 0.958761 7 7 7 260 180
8.932659 0.894260 0.958712 7 7 7 264 180
8.932203 0.829767 0.958663 7 7 7 268 180
8.931750 0.765280 0.958615 7 7 7 272 180
8.931293 0.700800 0.958566 7 7 7 276 180
8.930840 0.636326 0.958517 7 7 7 280 180
8.915259 0.570890 0.956845 7 7 7 284 180
8.844240 0.502529 0.949222 9 9 9 288 180
8.843790 0.438694 0.949174 9 9 9 292 180
8.843340 0.374865 0.949126 9 9 9 296 180
8.842891 0.311042 0.949078 9 9 9 300 180
8.842441 0.247226 0.949029 9 9 9 304 180
8.841990 0.183416 0.948981 10 10 10 308 180
8.841540 0.119613 0.948933 10 10 10 312 180
8.841090 0.055817 0.948884 10 10 10 316 180
8.840640 -0.007974 0.948836 10 10 10 320 180
8.840190 -0.071757 0.948788 10 10 10 324 180
8.839741 -0.135534 0.948739 10 10 10 328 180
8.839291 -0.199305 0.948691 10 10 10 332 180
8.909374 -0.265168 0.956213 8 8 8 336 180
8.924036 -0.329994 0.957787 7 7 7 340 180
8.923582 -0.394363 0.957738 7 7 7 344 180
8.923129 -0.458725 0.957689 7 7 7 348 180
8.922674 -0.523081 0.957640 7 7 7 352 180
8.922221 -0.587430 0.957592 7 7 7 356 180
8.921767 -0.651773 0.957543 7 7 7 360 180
8.921314 -0.716109 0.957494 7 7 7 364 180
8.920859 -0.780439 0.957446 7 7 7 368 180
8.920406 -0.844762 0.957397 7 7 7 372 180
8.919953 -0.909078 0.957348 7 7 7 376 180
8.909430 -0.972290 0.956219 8 8 8 380 180
8.919045 -1.037692 0.957251 7 7 7 384 180
8.918591 -1.101989 0.957202 7 7 7 388 180
8.918139 -1.166279 0.957154 7 7 7 392 180
8.917686 -1.230563 0.957105 7 7 7 396 180
8.917232 -1.294840 0.957055 7 7 7 400 180
8.916779 -1.359111 0.957006 7 7 7 404 180
8.916326 -1.423375 0.956958 7 7 7 408 180
8.915873 -1.487633 0.956909 7 7 7 412 180
8.915419 -1.551884 0.956861 7 7 7 416 180
8.914966 -1.616129 0.956812 7 7 7 420 180
8.914513 -1.680367 0.956763 7 7 7 424 180
8.897210 -1.741301 0.954906 8 8 8 428 180
8.828067 -1.791465 0.947485 10 10 10 432 180
8.827619 -1.855068 0.947437 10 10 10 436 180
8.827170 -1.918664 0.947389 10 10 10 440 180
8.826721 -1.982253 0.947341 10 10 10 444 180
8.826274 -2.045836 0.947293 10 10 10 448 180
8.825825 -2.109412 0.947245 10 10 10 452 180
8.825376 -2.172982 0.947197 10 10 10 456 180
8.824928 -2.236546 0.947149 10 10 10 460 180
8.824480 -2.300103 0.947100 10 10 10 464 180
8.824033 -2.363654 0.947052 10 10 10 468 180
8.823584 -2.427198 0.947004 10 10 10 472 180
8.823136 -2.490736 0.946956 10 10 10 476 180
8.822688 -2.554267 0.946908 10 10 10 480 180
8.761622 -2.599805 0.940354 12 12 12 484 180
8.553970 -2.599908 0.918068 17 17 17 488 180
8.468030 -2.634886 0.908844 20 20 20 492 180
8.467897 -2.695942 0.908830 20 20 20 496 180
7.968947 -2.594588 0.855279 34 34 34 500 180
7.796476 -2.594687 0.836769 38 38 38 504 180
7.631314 -2.594782 0.819042 43 43 43 508 180
7.473003 -2.594873 0.802051 47 47 47 512 180
7.468261 -2.647112 0.801542 48 48 48 516 180
7.467896 -2.700865 0.801503 48 48 48 520 180
7.467532 -2.754613 0.801464 48 48 48 524 180
7.467165 -2.808356 0.801425 48 48 48 528 180
7.466801 -2.862093 0.801386 48 48 48 532 180
7.466436 -2.915825 0.801346 48 48 48 536 180
7.466069 -2.969552 0.801307 48 48 48 540 180
7.465704 -3.023273 0.801268 48 48 48 544 180
7.465338 -3.076989 0.801229 48 48 48 548 180
7.464972 -3.130700 0.801189 48 48 48 552 180
7.464607 -3.184405 0.801150 48 48 48 556 180
7.464241 -3.238106 0.801111 48 48 48 560 180
7.463875 -3.291800 0.801072 48 48 48 564 180
7.463509 -3.345490 0.801032 48 48 48 568 180
7.463143 -3.399174 0.800993 48 48 48 572 180
7.462778 -3.452853 0.800954 48 48 48 576 180
7.357600 -3.457277 0.789666 51 51 51 580 180
7.244737 -3.456516 0.777552 54 54 54 584 180
7.135283 -3.455778 0.765805 57 57 57 588 180
7.029086 -3.455060 0.754407 60 60 60 592 180
6.926004 -3.454364 0.743344 63 63 63 596 180
6.825902 -3.453688 0.732600 65 65 65 600 180
6.728652 -3.453032 0.722163 68 68 68 604 180
6.724940 -3.499649 0.721764 68 68 68 608 180
6.724973 -3.548188 0.721768 68 68 68 612 180
6.725003 -3.596727 0.721771 68 68 68 616 180
6.725034 -3.645266 0.721774 68 68 68 620 180
6.725066 -3.693806 0.721778 68 68 68 624 180
6.725097 -3.742347 0.721781 68 68 68 628 180
6.725128 -3.790887 0.721785 68 68 68 632 180
6.725160 -3.839429 0.721788 68 68 68 636 180
8.179484 4.713973 0.818859 28 28 28 0 184
8.131419 4.627602 0.814048 29 29 29 4 184
8.187614 4.600507 0.819673 28 28 28 8 184
8.241630 4.571392 0.825081 26 26 26 12 184
8.296364 4.541891 0.830560 25 25 25 16 184
8.351830 4.511996 0.836113 23 23 23 20 184
8.408039 4.481697 0.841740 22 22 22 24 184
8.465008 4.450985 0.847444 20 20 20 28 184
8.522753 4.419855 0.853224 18 18 18 32 184
8.581291 4.388297 0.859085 17 17 17 36 184
8.640641 4.356303 0.865026 15 15 15 40 184
8.700816 4.323863 0.871051 13 13 13 44 184
8.761835 4.290967 0.877159 12 12 12 48 184
8.814102 4.252968 0.882392 10 10 10 52 184
8.887779 4.224391 0.889768 8 8 8 56 184
8.887323 4.160050 0.889722 8 8 8 60 184
8.886870 4.095718 0.889677 8 8 8 64 184
8.886415 4.031391 0.889631 8 8 8 68 184
8.885961 3.967070 0.889586 8 8 8 72 184
8.885506 3.902756 0.889540 8 8 8 76 184
8.885052 3.838449 0.889495 8 8 8 80 184
8.884598 3.774148 0.889449 8 8 8 84 184
8.884143 3.709854 0.889404 8 8 8 88 184
8.883688 3.645566 0.889358 8 8 8 92 184
8.883234 3.581285 0.889313 8 8 8 96 184
8.882781 3.517011 0.889268 8 8 8 100 184
8.882327 3.452743 0.889222 8 8 8 104 184
8.881873 3.388482 0.889177 8 8 8 108 184
8.881419 3.324228 0.889131 8 8 8 112 184
8.880965 3.259979 0.889086 8 8 8 116 184
8.880511 3.195738 0.889040 8 8 8 120 184
8.880056 3.131503 0.888995 8 8 8 124 184
8.879602 3.067274 0.888949 8 8 8 128 184
8.879149 3.003052 0.888904 8 8 8 132 184
8.878695 2.938837 0.888858 8 8 8 136 184
8.878241 2.874628 0.888813 8 8 8 140 184
8.877788 2.810426 0.888768 9 9 9 144 184
8.877335 2.746231 0.888722 9 9 9 148 184
8.876881 2.682041 0.888677 9 9 9 152 184
8.876427 2.617859 0.888631 9 9 9 156 184
8.875974 2.553683 0.888586 9 9 9 160 184
8.875520 2.489513 0.888541 9 9 9 164 184
8.875066 2.425350 0.888495 9 9 9 168 184
8.874614 2.361194 0.888450 9 9 9 172 184
8.874160 2.297045 0.888404 9 9 9 176 184
8.873707 2.232901 0.888359 9 9 9 180 184
8.873253 2.168765 0.888314 9 9 9 184 184
8.872801 2.104635 0.888268 9 9 9 188 184
8.943162 2.056798 0.895312 7 7 7 192 184
8.957875 1.995548 0.896785 6 6 6 196 184
8.957417 1.930816 0.896739 6 6 6 200 184
8.956961 1.866091 0.896694 6 6 6 204 184
8.956503 1.801373 0.896648 6 6 6 208 184
8.956046 1.736661 0.896602 6 6 6 212 184
8.955589 1.671956 0.896556 6 6 6 216 184
8.955132 1.607257 0.896511 6 6 6 220 184
8.954674 1.542565 0.896465 6 6 6 224 184
8.954217 1.477879 0.896419 6 6 6 228 184
8.953760 1.413200 0.896373 6 6 6 232 184
8.953302 1.348528 0.896327 6 6 6 236 184
8.950066 1.283464 0.896003 7 7 7 240 184
8.952389 1.219203 0.896236 6 6 6 244 184
8.951931 1.154551 0.896190 6 6 6 248 184
8.951475 1.089905 0.896145 6 6 6 252 184
8.951018 1.025266 0.896099 6 6 6 256 184
8.950561 0.960633 0.896053 6 6 6 260 184
8.950105 0.896007 0.896007 7 7 7 264 184
8.949647 0.831387 0.895962 7 7 7 268 184
8.949190 0.766774 0.895916 7 7 7 272 184
8.948734 0.702168 0.895870 7 7 7 276 184
8.948277 0.637568 0.895824 7 7 7 280 184
8.932667 0.572005 0.894262 7 7 7 284 184
8.861507 0.503510 0.887138 9 9 9 288 184
8.861055 0.439550 0.887093 9 9 9 292 184
8.860604 0.375596 0.887047 9 9 9 296 184
8.860152 0.311649 0.887002 9 9 9 300 184
8.859700 0.247708 0.886957 9 9 9 304 184
8.859248 0.183774 0.886912 9 9 9 308 184
8.858796 0.119847 0.886866 9 9 9 312 184
8.858345 0.055926 0.886821 9 9 9 316 184
8.857894 -0.007989 0.886776 9 9 9 320 184
8.857441 -0.071897 0.886731 9 9 9 324 184
8.856990 -0.135799 0.886686 9 9 9 328 184
8.856539 -0.199694 0.886640 9 9 9 332 184
8.926758 -0.265686 0.893670 7 7 7 336 184
8.941447 -0.330637 0.895141 7 7 7 340 184
8.940991 -0.395132 0.895095 7 7 7 344 184
8.940536 -0.459620 0.895049 7 7 7 348 184
8.940080 -0.524101 0.895004 7 7 7 352 184
8.939625 -0.588576 0.894958 7 7 7 356 184
8.939170 -0.653044 0.894913 7 7 7 360 184
8.938714 -0.717506 0.894867 7 7 7 364 184
8.938257 -0.781961 0.894821 7 7 7 368 184
8.937803 -0.846409 0.894776 7 7 7 372 184
8.937346 -0.910851 0.894730 7 7 7 376 184
8.926805 -0.974186 0.893675 7 7 7 380 184
8.936437 -1.039715 0.894639 7 7 7 384 184
8.935981 -1.104137 0.894593 7 7 7 388 184
8.935526 -1.168553 0.894548 7 7 7 392 184
8.935071 -1.232962 0.894501 7 7 7 396 184
8.934616 -1.297365 0.894456 7 7 7 400 184
8.934161 -1.361761 0.894410 7 7 7 404 184
8.933705 -1.426150 0.894364 7 7 7 408 184
8.933250 -1.490533 0.894319 7 7 7 412 184
8.932796 -1.554909 0.894273 7 7 7 416 184
8.932340 -1.619279 0.894228 7 7 7 420 184
8.919743 -1.681353 0.892967 7 7 7 424 184
8.896717 -1.741205 0.890661 8 8 8 428 184
8.845270 -1.794957 0.885511 9 9 9 432 184
8.844820 -1.858682 0.885466 9 9 9 436 184
8.844370 -1.922402 0.885421 9 9 9 440 184
8.843921 -1.986116 0.885376 9 9 9 444 184
8.843471 -2.049822 0.885331 9 9 9 448 184
8.843020 -2.113522 0.885286 9 9 9 452 184
8.842569 -2.177216 0.885241 9 9 9 456 184
8.842120 -2.240903 0.885196 9 9 9 460 184
8.841670 -2.304584 0.885151 10 10 10 464 184
8.841221 -2.368258 0.885106 10 10 10 468 184
8.840772 -2.431926 0.885061 10 10 10 472 184
8.840321 -2.495587 0.885016 10 10 10 476 184
8.839871 -2.559242 0.884971 10 10 10 480 184
8.761722 -2.599834 0.877147 12 12 12 484 184
8.554066 -2.599937 0.856358 17 17 17 488 184
8.356024 -2.600034 0.836532 23 23 23 492 184
8.153049 -2.595703 0.816212 29 29 29 496 184
7.969051 -2.594622 0.797792 34 34 34 500 184
7.796578 -2.594721 0.780525 38 38 38 504 184
7.631412 -2.594816 0.763990 43 43 43 508 184
7.483168 -2.598403 0.749149 47 47 47 512 184
7.482802 -2.652266 0.749113 47 47 47 516 184
7.482436 -2.706124 0.749076 47 47 47 520 184
7.482069 -2.759976 0.749039 47 47 47 524 184
7.481702 -2.813823 0.749003 47 47 47 528 184
7.481334 -2.867664 0.748966 47 47 47 532 184
7.480967 -2.921500 0.748929 47 47 47 536 184
7.480599 -2.975331 0.748892 47 47 47 540 184
7.480233 -3.029157 0.748856 47 47 47 544 184
7.479865 -3.082977 0.748819 47 47 47 548 184
7.479498 -3.136791 0.748782 47 47 47 552 184
7.479131 -3.190601 0.748745 47 47 47 556 184
7.478764 -3.244406 0.748708 47 47 47 560 184
7.478396 -3.298205 0.748672 47 47 47 564 184
7.478029 -3.351999 0.748635 47 47 47 568 184
7.477663 -3.405787 0.748598 47 47 47 572 184
7.473870 -3.457985 0.748219 47 47 47 576 184
7.357439 -3.457201 0.736562 51 51 51 580 184
7.244579 -3.456440 0.725264 54 54 54 584 184
7.135128 -3.455703 0.714307 57 57 57 588 184
7.028936 -3.454987 0.703676 60 60 60 592 184
6.925858 -3.454292 0.693357 63 63 63 596 184
6.825759 -3.453616 0.683335 65 65 65 600 184
6.738038 -3.457849 0.674554 68 68 68 604 184
6.738069 -3.506481 0.674557 68 68 68 608 184
6.738100 -3.555115 0.674560 68 68 68 612 184
6.738132 -3.603749 0.674563 68 68 68 616 184
6.738162 -3.652382 0.674566 68 68 68 620 184
6.738194 -3.701017 0.674569 68 68 68 624 184
6.738225 -3.749652 0.674572 68 68 68 628 184
6.738256 -3.798288 0.674576 68 68 68 632 184
6.738289 -3.846924 0.674579 68 68 68 636 184
8.179634 4.714059 0.759856 28 28 28 0 188
8.154075 4.640495 0.757482 29 29 29 4 188
8.186842 4.600073 0.760526 28 28 28 8 188
8.240848 4.570959 0.765543 26 26 26 12 188
8.295571 4.541457 0.770627 25 25 25 16 188
8.351023 4.511560 0.775778 23 23 23 20 188
8.407219 4.481260 0.780998 22 22 22 24 188
8.464176 4.450548 0.786289 20 20 20 28 188
8.521911 4.419418 0.791653 18 18 18 32 188
8.580438 4.387860 0.797090 17 17 17 36 188
8.639775 4.355865 0.802602 15 15 15 40 188
8.699938 4.323426 0.808191 13 13 13 44 188
8.760945 4.290532 0.813858 12 12 12 48 188
8.822814 4.257172 0.819605 10 10 10 52 188
8.905217 4.232679 0.827260 8 8 8 56 188
8.904760 4.168212 0.827218 8 8 8 60 188
8.904305 4.103753 0.827175 8 8 8 64 188
8.903848 4.039299 0.827133 8 8 8 68 188
8.903391 3.974852 0.827091 8 8 8 72 188
8.389472 3.684884 0.779350 22 22 22 76 188
8.108920 3.503150 0.753287 30 30 30 80 188
8.083433 3.433816 0.750920 31 31 31 84 188
8.126607 3.393521 0.754930 29 29 29 88 188
8.387810 3.442075 0.779195 22 22 22 92 188
8.387396 3.381387 0.779157 22 22 22 96 188
8.386979 3.320705 0.779118 22 22 22 100 188
8.393917 3.262888 0.779762 22 22 22 104 188
8.899286 3.395125 0.826709 8 8 8 108 188
8.898831 3.330745 0.826667 8 8 8 112 188
8.898376 3.266370 0.826625 8 8 8 116 188
8.897920 3.202002 0.826582 8 8 8 120 188
8.897464 3.137641 0.826540 8 8 8 124 188
8.897008 3.073287 0.826498 8 8 8 128 188
8.896553 3.008939 0.826456 8 8 8 132 188
8.896098 2.944597 0.826413 8 8 8 136 188
8.895641 2.880262 0.826371 8 8 8 140 188
8.895185 2.815933 0.826329 8 8 8 144 188
8.894731 2.751612 0.826286 8 8 8 148 188
8.894275 2.687297 0.826244 8 8 8 152 188
8.893819 2.622988 0.826202 8 8 8 156 188
8.893365 2.558686 0.826159 8 8 8 160 188
8.892910 2.494391 0.826117 8 8 8 164 188
8.892454 2.430102 0.826075 8 8 8 168 188
8.891999 2.365820 0.826033 8 8 8 172 188
8.891544 2.301544 0.825990 8 8 8 176 188
8.891089 2.237276 0.825948 8 8 8 180 188
8.890634 2.173013 0.825906 8 8 8 184 188
8.890179 2.108757 0.825863 8 8 8 188 188
8.950856 2.058567 0.831500 6 6 6 192 188
8.970846 1.998438 0.833357 6 6 6 196 188
8.974959 1.934598 0.833739 6 6 6 200 188
8.974502 1.869746 0.833697 6 6 6 204 188
8.974042 1.804900 0.833654 6 6 6 208 188
8.973583 1.740062 0.833611 6 6 6 212 188
8.973125 1.675229 0.833569 6 6 6 216 188
8.972665 1.610404 0.833526 6 6 6 220 188
8.972206 1.545585 0.833483 6 6 6 224 188
8.971746 1.480772 0.833441 6 6 6 228 188
8.971288 1.415967 0.833398 6 6 6 232 188
8.970830 1.351168 0.833356 6 6 6 236 188
8.960244 1.284923 0.832372 6 6 6 240 188
8.969911 1.221590 0.833270 6 6 6 244 188
8.969453 1.156811 0.833228 6 6 6 248 188
8.968994 1.092038 0.833185 6 6 6 252 188
8.968534 1.027272 0.833142 6 6 6 256 188
8.968077 0.962513 0.833100 6 6 6 260 188
8.967617 0.897760 0.833057 6 6 6 264 188
8.967159 0.833014 0.833015 6 6 6 268 188
8.966701 0.768275 0.832972 6 6 6 272 188
8.966242 0.703542 0.832929 6 6 6 276 188
8.965784 0.638816 0.832887 6 6 6 280 188
8.950141 0.573124 0.831434 7 7 7 284 188
8.878842 0.504495 0.824810 8 8 8 288 188
8.878389 0.440410 0.824768 8 8 8 292 188
8.877934 0.376331 0.824726 9 9 9 296 188
8.877481 0.312259 0.824684 9 9 9 300 188
8.877028 0.248193 0.824642 9 9 9 304 188
8.876575 0.184134 0.824600 9 9 9 308 188
8.876120 0.120081 0.824557 9 9 9 312 188
8.875667 0.056035 0.824515 9 9 9 316 188
8.875214 -0.008005 0.824473 9 9 9 320 188
8.874761 -0.072038 0.824431 9 9 9 324 188
8.874307 -0.136064 0.824389 9 9 9 328 188
8.873854 -0.200084 0.824347 9 9 9 332 188
8.944210 -0.266205 0.830883 7 7 7 336 188
8.958925 -0.331284 0.832250 6 6 6 340 188
8.958468 -0.395904 0.832207 6 6 6 344 188
4.997629 -0.256921 0.464261 116 116 116 348 188
8.957555 -0.525126 0.832122 6 6 6 352 188
8.957096 -0.589726 0.832080 6 6 6 356 188
8.956639 -0.654320 0.832037 6 6 6 360 188
8.956182 -0.718908 0.831995 6 6 6 364 188
8.955725 -0.783489 0.831952 6 6 6 368 188
8.955268 -0.848063 0.831910 6 6 6 372 188
8.954810 -0.912631 0.831867 6 6 6 376 188
8.944246 -0.976089 0.830886 7 7 7 380 188
8.953896 -1.041746 0.831783 6 6 6 384 188
8.953439 -1.106295 0.831740 6 6 6 388 188
8.952982 -1.170836 0.831696 6 6 6 392 188
8.952524 -1.235371 0.831654 6 6 6 396 188
8.952067 -1.299899 0.831611 6 6 6 400 188
8.951612 -1.364420 0.831569 6 6 6 404 188
8.951154 -1.428935 0.831527 6 6 6 408 188
8.950698 -1.493444 0.831484 6 6 6 412 188
8.950241 -1.557946 0.831442 7 7 7 416 188
8.949783 -1.622441 0.831399 7 7 7 420 188
8.934173 -1.684073 0.829949 7 7 7 424 188
8.896222 -1.741108 0.826424 8 8 8 428 188
8.862542 -1.798461 0.823295 9 9 9 432 188
8.862090 -1.862312 0.823253 9 9 9 436 188
8.861638 -1.926155 0.823211 9 9 9 440 188
8.861186 -1.989993 0.823169 9 9 9 444 188
8.860735 -2.053823 0.823127 9 9 9 448 188
5.700518 -1.362450 0.529555 97 97 97 452 188
8.859832 -2.181466 0.823043 9 9 9 456 188
8.859379 -2.245277 0.823001 9 9 9 460 188
8.858928 -2.309082 0.822959 9 9 9 464 188
8.858476 -2.372880 0.822917 9 9 9 468 188
8.858026 -2.436672 0.822875 9 9 9 472 188
8.857574 -2.500457 0.822833 9 9 9 476 188
8.857122 -2.564236 0.822792 9 9 9 480 188
8.761823 -2.599864 0.813938 12 12 12 484 188
8.554161 -2.599966 0.794648 17 17 17 488 188
8.356127 -2.600066 0.776251 23 23 23 492 188
8.153139 -2.595732 0.757394 29 29 29 496 188
7.972752 -2.595827 0.740637 34 34 34 500 188
7.808095 -2.598554 0.725341 38 38 38 504 188
7.631509 -2.594849 0.708937 43 43 43 508 188
7.497767 -2.603472 0.696513 47 47 47 512 188
7.497400 -2.657440 0.696479 47 47 47 516 188
7.497031 -2.711402 0.696444 47 47 47 520 188
7.496663 -2.765359 0.696410 47 47 47 524 188
7.496293 -2.819310 0.696376 47 47 47 528 188
7.495924 -2.873256 0.696342 47 47 47 532 188
7.495556 -2.927197 0.696307 47 47 47 536 188
7.495187 -2.981133 0.696273 47 47 47 540 188
7.494818 -3.035063 0.696239 47 47 47 544 188
7.494449 -3.088988 0.696205 47 47 47 548 188
7.494081 -3.142907 0.696170 47 47 47 552 188
7.493711 -3.196821 0.696136 47 47 47 556 188
7.493344 -3.250731 0.696102 47 47 47 560 188
7.492975 -3.304634 0.696068 47 47 47 564 188
7.492606 -3.358533 0.696033 47 47 47 568 188
7.492238 -3.412426 0.695999 47 47 47 572 188
7.473701 -3.457907 0.694277 47 47 47 576 188
7.357274 -3.457124 0.683462 51 51 51 580 188
7.244419 -3.456364 0.672978 54 54 54 584 188
7.134973 -3.455627 0.662811 57 57 57 588 188
7.028785 -3.454912 0.652946 60 60 60 592 188
6.925712 -3.454219 0.643371 63 63 63 596 188
6.825617 -3.453544 0.634073 65 65 65 600 188
6.751217 -3.464612 0.627161 67 67 67 604 188
6.751248 -3.513340 0.627164 67 67 67 608 188
6.751279 -3.562068 0.627167 67 67 67 612 188
6.751311 -3.610797 0.627170 67 67 67 616 188
6.751343 -3.659527 0.627173 67 67 67 620 188
6.751374 -3.708256 0.627176 67 67 67 624 188
6.751405 -3.756986 0.627179 67 67 67 628 188
6.751437 -3.805717 0.627182 67 67 67 632 188
6.751469 -3.854449 0.627185 67 67 67 636 188
8.179783 4.714145 0.700851 28 28 28 0 192
8.282234 4.713430 0.709629 25 25 25 4 192
7.687252 4.319360 0.658651 41 41 41 8 192
7.757478 4.302847 0.664668 40 40 40 12 192
8.294776 4.541022 0.710704 25 25 25 16 192
8.350214 4.511124 0.715454 23 23 23 20 192
8.406399 4.480823 0.720268 22 22 22 24 192
8.463345 4.450111 0.725147 20 20 20 28 192
8.521068 4.418981 0.730093 18 18 18 32 192
7.750324 3.963357 0.664055 40 40 40 36 192
8.629492 4.350681 0.739383 15 15 15 40 192
8.924098 4.434822 0.764625 7 7 7 44 192
8.923639 4.370208 0.764585 7 7 7 48 192
8.923182 4.305601 0.764546 7 7 7 52 192
8.922723 4.241000 0.764507 7 7 7 56 192
8.922264 4.176406 0.764468 7 7 7 60 192
8.921806 4.111819 0.764429 7 7 7 64 192
8.921349 4.047238 0.764389 7 7 7 68 192
8.920890 3.982664 0.764350 7 7 7 72 192
8.389280 3.684800 0.718801 22 22 22 76 192
8.083904 3.492343 0.692636 31 31 31 80 192
8.078204 3.431594 0.692148 31 31 31 84 192
8.124656 3.392706 0.696128 29 29 29 88 192
8.387619 3.441996 0.718659 22 22 22 92 192
8.387202 3.381309 0.718623 22 22 22 96 192
8.386787 3.320629 0.718588 22 22 22 100 192
8.394148 3.262978 0.719218 22 22 22 104 192
8.916769 3.401795 0.763997 7 7 7 108 192
8.916312 3.337288 0.763958 7 7 7 112 192
8.915855 3.272787 0.763919 7 7 7 116 192
8.915397 3.208292 0.763879 7 7 7 120 192
8.914939 3.143804 0.763840 7 7 7 124 192
8.914482 3.079322 0.763801 7 7 7 128 192
8.914025 3.014848 0.763762 8 8 8 132 192
8.913567 2.950379 0.763723 8 8 8 136 192
8.913109 2.885918 0.763683 8 8 8 140 192
8.912653 2.821463 0.763644 8 8 8 144 192
8.912196 2.757015 0.763605 8 8 8 148 192
8.911739 2.692573 0.763566 8 8 8 152 192
8.911281 2.628138 0.763527 8 8 8 156 192
8.910824 2.563710 0.763488 8 8 8 160 192
8.910368 2.499288 0.763449 8 8 8 164 192
8.909910 2.434872 0.763409 8 8 8 168 192
8.909453 2.370464 0.763370 8 8 8 172 192
8.908997 2.306062 0.763331 8 8 8 176 192
8.908540 2.241667 0.763292 8 8 8 180 192
8.908083 2.177278 0.763253 8 8 8 184 192
8.907626 2.112895 0.763214 8 8 8 188 192
8.951257 2.058659 0.766952 6 6 6 192 192
8.977798 1.999986 0.769226 6 6 6 196 192
8.992571 1.938394 0.770492 5 5 5 200 192
8.992110 1.873414 0.770452 5 5 5 204 192
8.991649 1.808442 0.770413 5 5 5 208 192
8.991188 1.743475 0.770373 5 5 5 212 192
8.990726 1.678516 0.770334 5 5 5 216 192
8.990266 1.613563 0.770294 5 5 5 220 192
8.989804 1.548617 0.770255 5 5 5 224 192
8.989346 1.483677 0.770215 5 5 5 228 192
8.988884 1.418744 0.770176 5 5 5 232 192
8.988422 1.353818 0.770136 5 5 5 236 192
8.977817 1.287443 0.769228 6 6 6 240 192
8.987501 1.223985 0.770057 5 5 5 244 192
8.987041 1.159079 0.770018 5 5 5 248 192
8.986581 1.094179 0.769979 5 5 5 252 192
8.986120 1.029286 0.769939 6 6 6 256 192
8.985659 0.964400 0.769900 6 6 6 260 192
8.985200 0.899520 0.769860 6 6 6 264 192
8.984738 0.834647 0.769821 6 6 6 268 192
8.984279 0.769781 0.769781 6 6 6 272 192
8.983819 0.704921 0.769742 6 6 6 276 192
8.983357 0.640068 0.769702 6 6 6 280 192
8.967685 0.574247 0.768360 6 6 6 284 192
8.896245 0.505484 0.762239 8 8 8 288 192
8.895790 0.441273 0.762200 8 8 8 292 192
8.895334 0.377069 0.762160 8 8 8 296 192
8.894877 0.312871 0.762121 8 8 8 300 192
8.894423 0.248679 0.762082 8 8 8 304 192
8.893969 0.184495 0.762043 8 8 8 308 192
8.893513 0.120316 0.762004 8 8 8 312 192
8.893057 0.056145 0.761965 8 8 8 316 192
8.892602 -0.008020 0.761926 8 8 8 320 192
8.892147 -0.072179 0.761887 8 8 8 324 192
8.891691 -0.136331 0.761848 8 8 8 328 192
8.891236 -0.200476 0.761809 8 8 8 332 192
8.961730 -0.266727 0.767849 6 6 6 336 192
8.976474 -0.331933 0.769113 6 6 6 340 192
4.973148 -0.219780 0.426104 117 117 117 344 192
4.968365 -0.255416 0.425694 117 117 117 348 192
4.997681 -0.292983 0.428206 116 116 116 352 192
4.934996 -0.324915 0.422835 118 118 118 356 192
4.918108 -0.359289 0.421388 118 118 118 360 192
8.973718 -0.720315 0.768876 6 6 6 364 192
8.973259 -0.785023 0.768837 6 6 6 368 192
8.972799 -0.849723 0.768798 6 6 6 372 192
8.972342 -0.914418 0.768759 6 6 6 376 192
8.961757 -0.978000 0.767852 6 6 6 380 192
8.971423 -1.043786 0.768679 6 6 6 384 192
8.970964 -1.108460 0.768639 6 6 6 388 192
8.970506 -1.173128 0.768600 6 6 6 392 192
8.970046 -1.237788 0.768561 6 6 6 396 192
8.969588 -1.302443 0.768521 6 6 6 400 192
8.969130 -1.367091 0.768482 6 6 6 404 192
8.968671 -1.431732 0.768443 6 6 6 408 192
8.968212 -1.496366 0.768404 6 6 6 412 192
8.967753 -1.560994 0.768364 6 6 6 416 192
8.967297 -1.625616 0.768325 6 6 6 420 192
8.951652 -1.687368 0.766985 6 6 6 424 192
8.895728 -1.741011 0.762193 8 8 8 428 192
8.879881 -1.801980 0.760835 8 8 8 432 192
8.879428 -1.865955 0.760796 8 8 8 436 192
8.878973 -1.929923 0.760758 8 8 8 440 192
5.746714 -1.290563 0.492383 95 95 95 444 192
5.670538 -1.314370 0.485856 97 97 97 448 192
5.645830 -1.349379 0.483739 98 98 98 452 192
5.649592 -1.391041 0.484062 98 98 98 456 192
8.876706 -2.249668 0.760563 9 9 9 460 192
8.876253 -2.313597 0.760525 9 9 9 464 192
8.875799 -2.377520 0.760486 9 9 9 468 192
8.875345 -2.441436 0.760447 9 9 9 472 192
8.874892 -2.505346 0.760408 9 9 9 476 192
8.874439 -2.569249 0.760369 9 9 9 480 192
8.761923 -2.599894 0.750729 12 12 12 484 192
8.554257 -2.599995 0.732936 17 17 17 488 192
8.356247 -2.600104 0.715970 23 23 23 492 192
8.153227 -2.595760 0.698575 29 29 29 496 192
7.972836 -2.595854 0.683119 34 34 34 500 192
7.800255 -2.595945 0.668332 38 38 38 504 192
7.668546 -2.607442 0.657047 42 42 42 508 192
7.557943 -2.624367 0.647571 45 45 45 512 192
7.514925 -2.663652 0.643885 46 46 46 516 192
7.514791 -2.717826 0.643873 46 46 46 520 192
7.514683 -2.772007 0.643864 46 46 46 524 192
7.514576 -2.826186 0.643855 46 46 46 528 192
7.514468 -2.880364 0.643846 46 46 46 532 192
7.514361 -2.934541 0.643836 46 46 46 536 192
7.514253 -2.988716 0.643827 46 46 46 540 192
7.514146 -3.042890 0.643818 46 46 46 544 192
7.514039 -3.097062 0.643809 46 46 46 548 192
7.513932 -3.151233 0.643800 46 46 46 552 192
7.513879 -3.205425 0.643795 46 46 46 556 192
7.513779 -3.259596 0.643787 46 46 46 560 192
7.513660 -3.313757 0.643776 46 46 46 564 192
7.513525 -3.367910 0.643765 46 46 46 568 192
7.513391 -3.422060 0.643753 46 46 46 572 192
7.513258 -3.476209 0.643742 46 46 46 576 192
7.357109 -3.457046 0.630363 51 51 51 580 192
7.244258 -3.456288 0.620694 54 54 54 584 192
7.134818 -3.455552 0.611317 57 57 57 588 192
7.028635 -3.454839 0.602219 60 60 60 592 192
6.925566 -3.454146 0.593388 63 63 63 596 192
6.825474 -3.453472 0.584812 65 65 65 600 192
6.764449 -3.471402 0.579584 67 67 67 604 192
6.764480 -3.520226 0.579586 67 67 67 608 192
6.764511 -3.569049 0.579589 67 67 67 612 192
6.764543 -3.617874 0.579592 67 67 67 616 192
6.764575 -3.666699 0.579594 67 67 67 620 192
6.764606 -3.715524 0.579597 67 67 67 624 192
6.764637 -3.764350 0.579600 67 67 67 628 192
6.764668 -3.813176 0.579602 67 67 67 632 192
6.764700 -3.862002 0.579605 67 67 67 636 192
8.179932 4.714231 0.641844 28 28 28 0 196
8.282387 4.713518 0.649883 25 25 25 4 196
8.176355 4.594181 0.641563 28 28 28 8 196
7.555814 4.190990 0.592872 45 45 45 12 196
7.555718 4.136421 0.592865 45 45 45 16 196
7.559865 4.084145 0.593190 45 45 45 20 196
7.438836 3.965087 0.583693 48 48 48 24 196
8.528854 4.484557 0.669222 18 18 18 28 196
8.943059 4.637823 0.701723 7 7 7 32 196
8.942598 4.573061 0.701687 7 7 7 36 196
8.942139 4.508307 0.701651 7 7 7 40 196
8.579954 4.263801 0.673232 17 17 17 44 196
8.598529 4.210990 0.674689 16 16 16 48 196
8.629135 4.163718 0.677091 15 15 15 52 196
8.659988 4.116122 0.679512 15 15 15 56 196
8.939838 4.184632 0.701470 7 7 7 60 196
8.939377 4.119917 0.701434 7 7 7 64 196
8.938918 4.055209 0.701398 7 7 7 68 196
8.938458 3.990507 0.701362 7 7 7 72 196
8.389088 3.684715 0.658255 22 22 22 76 196
8.120486 3.508147 0.637180 29 29 29 80 196
8.095078 3.438762 0.635186 30 30 30 84 196
8.140976 3.399521 0.638787 29 29 29 88 196
8.387425 3.441917 0.658125 22 22 22 92 196
8.387011 3.381232 0.658093 22 22 22 96 196
8.386595 3.320553 0.658060 22 22 22 100 196
8.394379 3.263067 0.658671 22 22 22 104 196
8.934320 3.408491 0.701038 7 7 7 108 196
8.933862 3.343856 0.701002 7 7 7 112 196
8.933402 3.279228 0.700966 7 7 7 116 196
8.932942 3.214606 0.700930 7 7 7 120 196
8.932483 3.149991 0.700893 7 7 7 124 196
8.932024 3.085382 0.700857 7 7 7 128 196
8.931566 3.020780 0.700821 7 7 7 132 196
8.931106 2.956185 0.700785 7 7 7 136 196
8.930647 2.891596 0.700749 7 7 7 140 196
8.930188 2.827014 0.700713 7 7 7 144 196
8.929729 2.762439 0.700677 7 7 7 148 196
8.929270 2.697870 0.700641 7 7 7 152 196
8.928811 2.633308 0.700605 7 7 7 156 196
8.928351 2.568753 0.700569 7 7 7 160 196
8.927894 2.504204 0.700533 7 7 7 164 196
8.927435 2.439661 0.700497 7 7 7 168 196
8.926975 2.375126 0.700461 7 7 7 172 196
8.926517 2.310597 0.700425 7 7 7 176 196
8.926059 2.246075 0.700389 7 7 7 180 196
8.925601 2.181559 0.700353 7 7 7 184 196
8.925141 2.117050 0.700317 7 7 7 188 196
8.951655 2.058751 0.702398 6 6 6 192 196
8.995451 2.003919 0.705834 5 5 5 196 196
9.010252 1.942205 0.706996 5 5 5 200 196
9.009789 1.877097 0.706959 5 5 5 204 196
9.009326 1.811997 0.706923 5 5 5 208 196
9.008863 1.746903 0.706887 5 5 5 212 196
9.008400 1.681815 0.706850 5 5 5 216 196
9.007937 1.616734 0.706814 5 5 5 220 196
9.007475 1.551660 0.706778 5 5 5 224 196
9.007011 1.486593 0.706741 5 5 5 228 196
9.006550 1.421532 0.706705 5 5 5 232 196
9.006087 1.356478 0.706669 5 5 5 236 196
8.995459 1.289973 0.705835 5 5 5 240 196
9.005162 1.226390 0.706596 5 5 5 244 196
9.004699 1.161356 0.706560 5 5 5 248 196
9.004237 1.096329 0.706524 5 5 5 252 196
9.003775 1.031309 0.706487 5 5 5 256 196
9.003313 0.966295 0.706451 5 5 5 260 196
9.002851 0.901287 0.706415 5 5 5 264 196
9.002389 0.836287 0.706379 5 5 5 268 196
9.001926 0.771293 0.706342 5 5 5 272 196
9.001464 0.706306 0.706306 5 5 5 276 196
9.001002 0.641325 0.706270 5 5 5 280 196
8.985296 0.575375 0.705038 6 6 6 284 196
8.913715 0.506477 0.699421 8 8 8 288 196
8.913258 0.442140 0.699385 8 8 8 292 196
8.912802 0.377809 0.699349 8 8 8 296 196
8.912344 0.313485 0.699313 8 8 8 300 196
8.911887 0.249168 0.699277 8 8 8 304 196
8.911430 0.184857 0.699242 8 8 8 308 196
8.910973 0.120553 0.699206 8 8 8 312 196
8.910515 0.056255 0.699170 8 8 8 316 196
8.910058 -0.008036 0.699134 8 8 8 320 196
8.909601 -0.072321 0.699098 8 8 8 324 196
8.909143 -0.136598 0.699062 8 8 8 328 196
8.908688 -0.200870 0.699026 8 8 8 332 196
8.979319 -0.267250 0.704569 6 6 6 336 196
8.994089 -0.332584 0.705728 5 5 5 340 196
4.981115 -0.220132 0.390847 116 116 116 344 196
4.973397 -0.255675 0.390241 117 117 117 348 196
4.990211 -0.292545 0.391560 116 116 116 352 196
4.903551 -0.322845 0.384761 119 119 119 356 196
4.900709 -0.358018 0.384538 119 119 119 360 196
4.927593 -0.395535 0.386647 118 118 118 364 196
8.990862 -0.786563 0.705474 5 5 5 368 196
8.990401 -0.851390 0.705438 5 5 5 372 196
8.989941 -0.916211 0.705402 5 5 5 376 196
8.979335 -0.979918 0.704569 6 6 6 380 196
8.989019 -1.045833 0.705328 5 5 5 384 196
8.988559 -1.110634 0.705292 5 5 5 388 196
8.988098 -1.175428 0.705256 5 5 5 392 196
8.987638 -1.240216 0.705220 5 5 5 396 196
8.987178 -1.304997 0.705184 5 5 5 400 196
8.986716 -1.369771 0.705148 5 5 5 404 196
8.986257 -1.434539 0.705112 6 6 6 408 196
8.985795 -1.499300 0.705076 6 6 6 412 196
8.985335 -1.564055 0.705039 6 6 6 416 196
8.984876 -1.628803 0.705003 6 6 6 420 196
8.969201 -1.690676 0.703773 6 6 6 424 196
8.897742 -1.741405 0.698166 8 8 8 428 196
8.897287 -1.805512 0.698131 8 8 8 432 196
8.896832 -1.869612 0.698095 8 8 8 436 196
8.896377 -1.933706 0.698059 8 8 8 440 196
5.725691 -1.285842 0.449270 96 96 96 444 196
5.667260 -1.313610 0.444685 97 97 97 448 196
5.639837 -1.347947 0.442533 98 98 98 452 196
5.640678 -1.388847 0.442599 98 98 98 456 196
8.894100 -2.254076 0.697881 8 8 8 460 196
8.893645 -2.318131 0.697845 8 8 8 464 196
8.893190 -2.382179 0.697809 8 8 8 468 196
8.892735 -2.446220 0.697774 8 8 8 472 196
8.892280 -2.510254 0.697738 8 8 8 476 196
8.891825 -2.574283 0.697702 8 8 8 480 196
8.762022 -2.599923 0.687517 12 12 12 484 196
8.554378 -2.600032 0.671224 17 17 17 488 196
8.356366 -2.600141 0.655687 23 23 23 492 196
8.153316 -2.595788 0.639755 29 29 29 496 196
7.972922 -2.595882 0.625600 34 34 34 500 196
7.800343 -2.595974 0.612058 38 38 38 504 196
7.683564 -2.612548 0.602895 42 42 42 508 196
7.557730 -2.624294 0.593022 45 45 45 512 196
7.400911 -2.623240 0.580717 49 49 49 516 196
7.250468 -2.622229 0.568912 54 54 54 520 196
7.243193 -2.671860 0.568341 54 54 54 524 196
7.243069 -2.724074 0.568332 54 54 54 528 196
7.242945 -2.776287 0.568322 54 54 54 532 196
7.242820 -2.828498 0.568312 54 54 54 536 196
7.242696 -2.880708 0.568302 54 54 54 540 196
7.242587 -2.932921 0.568294 54 54 54 544 196
7.242486 -2.985136 0.568286 54 54 54 548 196
7.242387 -3.037351 0.568278 54 54 54 552 196
7.242287 -3.089564 0.568270 54 54 54 556 196
7.242188 -3.141775 0.568262 54 54 54 560 196
7.242088 -3.193985 0.568255 54 54 54 564 196
7.242049 -3.246222 0.568252 54 54 54 568 196
7.241947 -3.298428 0.568244 54 54 54 572 196
7.241844 -3.350632 0.568236 54 54 54 576 196
7.241742 -3.402836 0.568228 54 54 54 580 196
7.241640 -3.455039 0.568220 54 54 54 584 196
7.134662 -3.455477 0.559825 57 57 57 588 196
7.028482 -3.454764 0.551494 60 60 60 592 196
6.925419 -3.454073 0.543407 63 63 63 596 196
6.825332 -3.453400 0.535554 65 65 65 600 196
6.777731 -3.478219 0.531819 67 67 67 604 196
6.777762 -3.527138 0.531821 67 67 67 608 196
6.777794 -3.576058 0.531824 67 67 67 612 196
6.777826 -3.624978 0.531826 67 67 67 616 196
6.777858 -3.673899 0.531829 67 67 67 620 196
6.777889 -3.722820 0.531831 67 67 67 624 196
6.777921 -3.771742 0.531834 67 67 67 628 196
6.777953 -3.820664 0.531836 67 67 67 632 196
6.777985 -3.869587 0.531839 67 67 67 636 196
8.180081 4.714317 0.582834 28 28 28 0 200
8.282538 4.713604 0.590135 25 25 25 4 200
8.387596 4.712874 0.597620 22 22 22 8 200
8.495352 4.712124 0.605298 19 19 19 12 200
7.559232 4.138344 0.538599 45 45 45 16 200
7.614486 4.113653 0.542536 44 44 44 20 200
8.280893 4.413925 0.590017 25 25 25 24 200
8.302683 4.365633 0.591570 24 24 24 28 200
8.331291 4.320564 0.593608 24 24 24 32 200
8.360075 4.275171 0.595659 23 23 23 36 200
8.389058 4.229464 0.597724 22 22 22 40 200
8.418245 4.183439 0.599804 21 21 21 44 200
8.447638 4.137094 0.601898 20 20 20 48 200
8.477143 4.090379 0.604000 20 20 20 52 200
8.530522 4.054586 0.607804 18 18 18 56 200
8.556819 4.005345 0.609677 17 17 17 60 200
8.556696 3.943549 0.609668 17 17 17 64 200
8.556462 3.881705 0.609652 17 17 17 68 200
8.556355 3.819920 0.609644 17 17 17 72 200
8.388896 3.684631 0.597713 22 22 22 76 200
8.225266 3.553414 0.586054 27 27 27 80 200
8.114239 3.446902 0.578143 30 30 30 84 200
8.205400 3.426423 0.584638 27 27 27 88 200
8.244724 3.383357 0.587440 26 26 26 92 200
8.386819 3.381155 0.597565 22 22 22 96 200
8.386404 3.320477 0.597535 22 22 22 100 200
8.394609 3.263157 0.598120 22 22 22 104 200
8.951941 3.415213 0.637830 6 6 6 108 200
8.951480 3.350451 0.637797 6 6 6 112 200
8.951019 3.285695 0.637764 6 6 6 116 200
8.950559 3.220945 0.637731 6 6 6 120 200
8.950096 3.156202 0.637698 7 7 7 124 200
8.949636 3.091466 0.637666 7 7 7 128 200
8.949175 3.026736 0.637633 7 7 7 132 200
8.948714 2.962013 0.637600 7 7 7 136 200
8.948253 2.897297 0.637567 7 7 7 140 200
8.947793 2.832587 0.637534 7 7 7 144 200
8.947331 2.767884 0.637501 7 7 7 148 200
8.946871 2.703188 0.637469 7 7 7 152 200
8.946410 2.638498 0.637436 7 7 7 156 200
8.945950 2.573815 0.637403 7 7 7 160 200
8.945489 2.509139 0.637370 7 7 7 164 200
8.945028 2.444469 0.637337 7 7 7 168 200
8.944568 2.379806 0.637305 7 7 7 172 200
8.944107 2.315150 0.637272 7 7 7 176 200
8.943647 2.250501 0.637239 7 7 7 180 200
8.943187 2.185858 0.637206 7 7 7 184 200
8.942726 2.121221 0.637173 7 7 7 188 200
8.952054 2.058842 0.637838 6 6 6 192 200
9.013173 2.007867 0.642193 5 5 5 196 200
9.012711 1.942735 0.642160 5 5 5 200 200
9.012247 1.877610 0.642127 5 5 5 204 200
9.011783 1.812491 0.642094 5 5 5 208 200
9.011320 1.747379 0.642061 5 5 5 212 200
9.010855 1.682274 0.642028 5 5 5 216 200
9.010391 1.617175 0.641995 5 5 5 220 200
9.009928 1.552083 0.641962 5 5 5 224 200
9.009463 1.486998 0.641928 5 5 5 228 200
9.009000 1.421919 0.641895 5 5 5 232 200
9.008537 1.356847 0.641862 5 5 5 236 200
9.008074 1.291782 0.641829 5 5 5 240 200
9.007609 1.226724 0.641796 5 5 5 244 200
9.007147 1.161672 0.641763 5 5 5 248 200
9.006682 1.096627 0.641730 5 5 5 252 200
9.006219 1.031588 0.641697 5 5 5 256 200
9.005756 0.966557 0.641664 5 5 5 260 200
9.005293 0.901532 0.641631 5 5 5 264 200
9.004829 0.836514 0.641598 5 5 5 268 200
9.004368 0.771502 0.641565 5 5 5 272 200
9.003903 0.706497 0.641532 5 5 5 276 200
9.003440 0.641499 0.641499 5 5 5 280 200
9.002977 0.576507 0.641466 5 5 5 284 200
8.931255 0.507473 0.636356 7 7 7 288 200
8.930796 0.443009 0.636323 7 7 7 292 200
8.930338 0.378552 0.636291 7 7 7 296 200
8.929878 0.314102 0.636258 7 7 7 300 200
8.929419 0.249658 0.636225 7 7 7 304 200
8.928960 0.185220 0.636193 7 7 7 308 200
8.928501 0.120790 0.636160 7 7 7 312 200
8.928041 0.056366 0.636127 7 7 7 316 200
8.927584 -0.008052 0.636095 7 7 7 320 200
8.927125 -0.072463 0.636062 7 7 7 324 200
8.926664 -0.136867 0.636029 7 7 7 328 200
8.926208 -0.201265 0.635996 7 7 7 332 200
8.996977 -0.267776 0.641039 5 5 5 336 200
8.996515 -0.332674 0.641006 5 5 5 340 200
4.998437 -0.220897 0.356141 116 116 116 344 200
4.984951 -0.256269 0.355180 116 116 116 348 200
5.013363 -0.293902 0.357204 116 116 116 352 200
4.913999 -0.323533 0.350125 118 118 118 356 200
4.912405 -0.358872 0.350011 118 118 118 360 200
8.993743 -0.721923 0.640808 5 5 5 364 200
8.993281 -0.786774 0.640776 5 5 5 368 200
8.992820 -0.851619 0.640743 5 5 5 372 200
8.992357 -0.916457 0.640708 5 5 5 376 200
8.991897 -0.981289 0.640676 5 5 5 380 200
8.991434 -1.046114 0.640643 5 5 5 384 200
8.990973 -1.110932 0.640610 5 5 5 388 200
8.990511 -1.175744 0.640577 5 5 5 392 200
8.990050 -1.240549 0.640544 5 5 5 396 200
8.989588 -1.305347 0.640511 5 5 5 400 200
8.989126 -1.370139 0.640478 5 5 5 404 200
8.988665 -1.434924 0.640445 5 5 5 408 200
8.988202 -1.499702 0.640412 5 5 5 412 200
8.987741 -1.564473 0.640380 5 5 5 416 200
8.987280 -1.629238 0.640347 5 5 5 420 200
8.986818 -1.693997 0.640314 5 5 5 424 200
8.915219 -1.744826 0.635212 7 7 7 428 200
8.914762 -1.809059 0.635180 7 7 7 432 200
8.914305 -1.873284 0.635147 7 7 7 436 200
8.913849 -1.937504 0.635115 8 8 8 440 200
5.725364 -1.285769 0.407934 96 96 96 444 200
5.672727 -1.314878 0.404184 97 97 97 448 200
5.647628 -1.349809 0.402395 98 98 98 452 200
5.643607 -1.389568 0.402109 98 98 98 456 200
8.911562 -2.258502 0.634952 8 8 8 460 200
8.911105 -2.322682 0.634919 8 8 8 464 200
8.910649 -2.386855 0.634887 8 8 8 468 200
8.910192 -2.451022 0.634854 8 8 8 472 200
8.909737 -2.515182 0.634822 8 8 8 476 200
8.909279 -2.579336 0.634789 8 8 8 480 200
8.762133 -2.599956 0.624305 12 12 12 484 200
8.554502 -2.600070 0.609511 17 17 17 488 200
8.356487 -2.600178 0.595403 23 23 23 492 200
8.153405 -2.595817 0.580933 29 29 29 496 200
7.973006 -2.595910 0.568079 34 34 34 500 200
7.800436 -2.596005 0.555784 38 38 38 504 200
7.698640 -2.617675 0.548531 41 41 41 508 200
7.557517 -2.624219 0.538476 45 45 45 512 200
7.400706 -2.623167 0.527303 49 49 49 516 200
7.250271 -2.622158 0.516584 54 54 54 520 200
7.105829 -2.621189 0.506293 58 58 58 524 200
6.990542 -2.629100 0.498079 61 61 61 528 200
6.990426 -2.679494 0.498070 61 61 61 532 200
6.990311 -2.729887 0.498062 61 61 61 536 200
6.990195 -2.780277 0.498054 61 61 61 540 200
6.990080 -2.830667 0.498046 61 61 61 544 200
6.989964 -2.881054 0.498037 61 61 61 548 200
6.989848 -2.931439 0.498029 61 61 61 552 200
6.989733 -2.981824 0.498021 61 61 61 556 200
6.989617 -3.032206 0.498013 61 61 61 560 200
6.989506 -3.082589 0.498005 61 61 61 564 200
6.989413 -3.132978 0.497998 61 61 61 568 200
6.989321 -3.183367 0.497992 61 61 61 572 200
6.989287 -3.233780 0.497989 61 61 61 576 200
6.989192 -3.284165 0.497982 61 61 61 580 200
6.989096 -3.334548 0.497976 61 61 61 584 200
6.989001 -3.384930 0.497969 61 61 61 588 200
6.988906 -3.435311 0.497962 61 61 61 592 200
6.988811 -3.485689 0.497955 61 61 61 596 200
6.825190 -3.453328 0.486297 65 65 65 600 200
6.791067 -3.485062 0.483866 66 66 66 604 200
6.791098 -3.534078 0.483868 66 66 66 608 200
6.791130 -3.583094 0.483870 66 66 66 612 200
6.791162 -3.632111 0.483873 66 66 66 616 200
6.791193 -3.681127 0.483875 66 66 66 620 200
6.791225 -3.730145 0.483877 66 66 66 624 200
6.791257 -3.779163 0.483880 66 66 66 628 200
6.791288 -3.828181 0.483882 66 66 66 632 200
6.791320 -3.877200 0.483884 66 66 66 636 200
8.180229 4.714402 0.523823 28 28 28 0 204
8.282692 4.713691 0.530384 25 25 25 4 204
8.269518 4.646528 0.529540 25 25 25 8 204
8.269400 4.586795 0.529533 25 25 25 12 204
7.562755 4.140273 0.484283 45 45 45 16 204
8.243665 4.453561 0.527885 26 26 26 20 204
8.200049 4.370833 0.525092 27 27 27 24 204
8.161888 4.291603 0.522648 28 28 28 28 204
8.189505 4.247034 0.524417 28 28 28 32 204
8.236634 4.212046 0.527435 26 26 26 36 204
8.268583 4.168724 0.529481 25 25 25 40 204
8.268468 4.109007 0.529473 25 25 25 44 204
8.268353 4.049292 0.529466 25 25 25 48 204
8.268238 3.989578 0.529458 25 25 25 52 204
8.268123 3.929867 0.529451 25 25 25 56 204
8.267920 3.870115 0.529438 25 25 25 60 204
8.285448 3.818538 0.530560 25 25 25 64 204
8.415257 3.817646 0.538873 21 21 21 68 204
8.207424 3.664142 0.525564 27 27 27 72 204
8.211226 3.606594 0.525808 27 27 27 76 204
8.184070 3.535616 0.524069 28 28 28 80 204
8.203614 3.484869 0.525320 27 27 27 84 204
8.216413 3.431022 0.526140 27 27 27 88 204
8.207458 3.368064 0.525566 27 27 27 92 204
8.220563 3.314128 0.526406 27 27 27 96 204
8.233817 3.260063 0.527254 26 26 26 100 204
8.394840 3.263247 0.537566 22 22 22 104 204
8.969638 3.421964 0.574373 6 6 6 108 204
8.969174 3.357074 0.574343 6 6 6 112 204
8.968711 3.292189 0.574313 6 6 6 116 204
8.968249 3.227311 0.574284 6 6 6 120 204
8.967786 3.162440 0.574254 6 6 6 124 204
8.967324 3.097576 0.574225 6 6 6 128 204
8.966862 3.032718 0.574195 6 6 6 132 204
8.966398 2.967867 0.574165 6 6 6 136 204
8.965937 2.903022 0.574136 6 6 6 140 204
8.965473 2.838184 0.574106 6 6 6 144 204
8.965012 2.773354 0.574077 6 6 6 148 204
8.964548 2.708529 0.574047 6 6 6 152 204
8.964087 2.643711 0.574017 6 6 6 156 204
8.963625 2.578901 0.573988 6 6 6 160 204
8.963162 2.514096 0.573958 6 6 6 164 204
8.962701 2.449299 0.573929 6 6 6 168 204
8.962238 2.384508 0.573899 6 6 6 172 204
8.961777 2.319724 0.573869 6 6 6 176 204
8.961314 2.254946 0.573840 6 6 6 180 204
8.960851 2.190175 0.573810 6 6 6 184 204
8.960389 2.125411 0.573781 6 6 6 188 204
8.959928 2.060653 0.573751 6 6 6 192 204
8.959466 1.995903 0.573722 6 6 6 196 204
8.959004 1.931158 0.573692 6 6 6 200 204
8.958543 1.866421 0.573662 6 6 6 204 204
8.958081 1.801690 0.573633 6 6 6 208 204
8.957620 1.736966 0.573603 6 6 6 212 204
8.957158 1.672249 0.573574 6 6 6 216 204
8.956697 1.607538 0.573544 6 6 6 220 204
8.956235 1.542834 0.573515 6 6 6 224 204
8.955773 1.478136 0.573485 6 6 6 228 204
8.955312 1.413445 0.573456 6 6 6 232 204
8.954851 1.348761 0.573426 6 6 6 236 204
8.954390 1.284084 0.573396 6 6 6 240 204
8.953929 1.219413 0.573367 6 6 6 244 204
8.953467 1.154749 0.573337 6 6 6 248 204
8.953007 1.090091 0.573308 6 6 6 252 204
8.646808 0.990421 0.553700 15 15 15 256 204
8.638205 0.927109 0.553149 15 15 15 260 204
8.636724 0.864634 0.553055 15 15 15 264 204
8.635233 0.802179 0.552959 15 15 15 268 204
8.633738 0.739746 0.552863 15 15 15 272 204
8.632243 0.677334 0.552768 15 15 15 276 204
8.628173 0.614761 0.552507 15 15 15 280 204
8.622755 0.552160 0.552160 16 16 16 284 204
8.617346 0.489637 0.551814 16 16 16 288 204
8.611941 0.427193 0.551468 16 16 16 292 204
8.617549 0.365293 0.551827 16 16 16 296 204
8.620673 0.303226 0.552027 16 16 16 300 204
8.606611 0.240632 0.551126 16 16 16 304 204
8.606004 0.178521 0.551087 16 16 16 308 204
8.605397 0.116419 0.551049 16 16 16 312 204
8.604791 0.054325 0.551010 16 16 16 316 204
8.604042 -0.007760 0.550962 16 16 16 320 204
8.603189 -0.069833 0.550907 16 16 16 324 204
8.602676 -0.131899 0.550874 16 16 16 328 204
8.602489 -0.193966 0.550862 16 16 16 332 204
8.602363 -0.256031 0.550854 16 16 16 336 204
8.602429 -0.318101 0.550859 16 16 16 340 204
5.012958 -0.221539 0.321006 116 116 116 344 204
4.992190 -0.256641 0.319676 116 116 116 348 204
5.008955 -0.293644 0.320750 116 116 116 352 204
4.952855 -0.326091 0.317157 117 117 117 356 204
4.934746 -0.360504 0.315998 118 118 118 360 204
8.940112 -0.717618 0.572482 7 7 7 364 204
8.939652 -0.782083 0.572452 7 7 7 368 204
8.939193 -0.846541 0.572422 7 7 7 372 204
8.938733 -0.910992 0.572393 7 7 7 376 204
8.938274 -0.975437 0.572363 7 7 7 380 204
8.937815 -1.039876 0.572334 7 7 7 384 204
8.937355 -1.104307 0.572304 7 7 7 388 204
8.936895 -1.168732 0.572275 7 7 7 392 204
8.936436 -1.233150 0.572246 7 7 7 396 204
8.935976 -1.297562 0.572216 7 7 7 400 204
8.935516 -1.361967 0.572187 7 7 7 404 204
8.935058 -1.426366 0.572157 7 7 7 408 204
8.934599 -1.490758 0.572128 7 7 7 412 204
8.934139 -1.555143 0.572098 7 7 7 416 204
8.933681 -1.619522 0.572069 7 7 7 420 204
8.933222 -1.683894 0.572040 7 7 7 424 204
8.932762 -1.748259 0.572010 7 7 7 428 204
8.932302 -1.812618 0.571981 7 7 7 432 204
8.931844 -1.876970 0.571952 7 7 7 436 204
8.931384 -1.941315 0.571922 7 7 7 440 204
5.737049 -1.288392 0.367373 96 96 96 444 204
5.681336 -1.316873 0.363805 97 97 97 448 204
5.653690 -1.351258 0.362035 98 98 98 452 204
5.649137 -1.390929 0.361743 98 98 98 456 204
8.929092 -2.262944 0.571775 7 7 7 460 204
8.928632 -2.327250 0.571746 7 7 7 464 204
8.928174 -2.391550 0.571717 7 7 7 468 204
8.927715 -2.455842 0.571687 7 7 7 472 204
8.927257 -2.520128 0.571658 7 7 7 476 204
8.926798 -2.584408 0.571629 7 7 7 480 204
8.762263 -2.599995 0.561093 12 12 12 484 204
8.554630 -2.600108 0.547797 17 17 17 488 204
8.356607 -2.600216 0.535116 23 23 23 492 204
8.153493 -2.595845 0.522110 29 29 29 496 204
7.973105 -2.595942 0.510559 34 34 34 500 204
7.800529 -2.596036 0.499508 38 38 38 504 204
7.713776 -2.622821 0.493953 41 41 41 508 204
7.557304 -2.624146 0.483933 45 45 45 512 204
7.400502 -2.623095 0.473892 49 49 49 516 204
7.250075 -2.622087 0.464259 54 54 54 520 204
7.105641 -2.621120 0.455011 58 58 58 524 204
6.966850 -2.620190 0.446123 61 61 61 528 204
6.833376 -2.619296 0.437576 65 65 65 532 204
6.810400 -2.659627 0.436105 66 66 66 536 204
6.810433 -2.708779 0.436107 66 66 66 540 204
6.810467 -2.757932 0.436109 66 66 66 544 204
6.810499 -2.807084 0.436111 66 66 66 548 204
6.810533 -2.856237 0.436113 66 66 66 552 204
6.810566 -2.905391 0.436115 66 66 66 556 204
6.810599 -2.954545 0.436118 66 66 66 560 204
6.810632 -3.003700 0.436120 66 66 66 564 204
6.810666 -3.052855 0.436122 66 66 66 568 204
6.810698 -3.102011 0.436124 66 66 66 572 204
6.810732 -3.151167 0.436126 66 66 66 576 204
6.806283 -3.198217 0.435841 66 66 66 580 204
6.806314 -3.247341 0.435843 66 66 66 584 204
6.806347 -3.296466 0.435845 66 66 66 588 204
6.806378 -3.345591 0.435847 66 66 66 592 204
6.806410 -3.394717 0.435849 66 66 66 596 204
6.806442 -3.443843 0.435851 66 66 66 600 204
6.806474 -3.492969 0.435853 66 66 66 604 204
6.806507 -3.542096 0.435856 66 66 66 608 204
6.806538 -3.591223 0.435858 66 66 66 612 204
6.806570 -3.640351 0.435860 66 66 66 616 204
6.806602 -3.689480 0.435862 66 66 66 620 204
6.806634 -3.738608 0.435864 66 66 66 624 204
6.802101 -3.785197 0.435573 66 66 66 628 204
6.802134 -3.834295 0.435576 66 66 66 632 204
6.802167 -3.883393 0.435578 66 66 66 636 204
7.999689 4.610353 0.454542 33 33 33 0 208
7.999578 4.552571 0.454536 33 33 33 4 208
7.999468 4.494791 0.454530 33 33 33 8 208
7.999358 4.437011 0.454523 33 33 33 12 208
7.999248 4.379234 0.454517 33 33 33 16 208
7.999138 4.321458 0.454511 33 33 33 20 208
7.776038 4.144824 0.441834 39 39 39 24 208
7.998917 4.205911 0.454498 33 33 33 28 208
7.998809 4.148140 0.454492 33 33 33 32 208
7.998702 4.090372 0.454486 33 33 33 36 208
7.998594 4.032605 0.454480 33 33 33 40 208
7.998486 3.974840 0.454474 33 33 33 44 208
7.998378 3.917076 0.454468 33 33 33 48 208
7.998241 3.859300 0.454460 33 33 33 52 208
8.037703 3.820347 0.456702 32 32 32 56 208
8.159806 3.819508 0.463640 28 28 28 60 208
8.285652 3.818633 0.470791 25 25 25 64 208
8.494191 3.853455 0.482640 19 19 19 68 208
8.216353 3.668129 0.466853 27 27 27 72 208
8.191174 3.597786 0.465422 28 28 28 76 208
8.186543 3.536685 0.465159 28 28 28 80 208
8.191232 3.479608 0.465426 28 28 28 84 208
8.191304 3.420537 0.465430 28 28 28 88 208
8.198730 3.364482 0.465852 27 27 27 92 208
8.218246 3.313194 0.466961 27 27 27 96 208
8.220799 3.254909 0.467106 27 27 27 100 208
8.266440 3.213336 0.469699 25 25 25 104 208
8.987396 3.428740 0.510664 5 5 5 108 208
8.986933 3.363720 0.510637 5 5 5 112 208
8.986468 3.298707 0.510611 5 5 5 116 208
8.986004 3.233700 0.510585 6 6 6 120 208
8.985539 3.168700 0.510558 6 6 6 124 208
8.985076 3.103707 0.510532 6 6 6 128 208
8.984610 3.038720 0.510505 6 6 6 132 208
8.984146 2.973741 0.510479 6 6 6 136 208
8.983681 2.908767 0.510453 6 6 6 140 208
8.983216 2.843801 0.510426 6 6 6 144 208
8.982753 2.778842 0.510400 6 6 6 148 208
8.982288 2.713889 0.510374 6 6 6 152 208
8.981825 2.648943 0.510347 6 6 6 156 208
8.981361 2.584004 0.510321 6 6 6 160 208
8.980897 2.519071 0.510295 6 6 6 164 208
8.980433 2.454144 0.510268 6 6 6 168 208
8.979969 2.389225 0.510242 6 6 6 172 208
8.979505 2.324312 0.510215 6 6 6 176 208
8.979040 2.259407 0.510189 6 6 6 180 208
8.978577 2.194507 0.510163 6 6 6 184 208
8.978113 2.129615 0.510136 6 6 6 188 208
8.977650 2.064729 0.510110 6 6 6 192 208
8.977186 1.999850 0.510084 6 6 6 196 208
8.976723 1.934978 0.510057 6 6 6 200 208
8.976259 1.870112 0.510031 6 6 6 204 208
8.975796 1.805253 0.510005 6 6 6 208 208
8.975331 1.740400 0.509978 6 6 6 212 208
8.974869 1.675555 0.509952 6 6 6 216 208
8.974404 1.610716 0.509926 6 6 6 220 208
8.973942 1.545884 0.509899 6 6 6 224 208
8.973478 1.481058 0.509873 6 6 6 228 208
8.973016 1.416240 0.509847 6 6 6 232 208
8.972553 1.351428 0.509821 6 6 6 236 208
8.972089 1.286622 0.509794 6 6 6 240 208
8.971627 1.221823 0.509768 6 6 6 244 208
8.971163 1.157031 0.509741 6 6 6 248 208
8.970699 1.092246 0.509715 6 6 6 252 208
8.658905 0.991807 0.491999 15 15 15 256 208
8.649678 0.928340 0.491475 15 15 15 260 208
8.649455 0.865908 0.491462 15 15 15 264 208
8.647006 0.803273 0.491323 15 15 15 268 208
8.644560 0.740673 0.491184 15 15 15 272 208
8.642113 0.678109 0.491045 15 15 15 276 208
8.637482 0.615424 0.490782 15 15 15 280 208
8.632207 0.552765 0.490482 15 15 15 284 208
8.627226 0.490198 0.490199 15 15 15 288 208
8.622252 0.427704 0.489916 16 16 16 292 208
8.627064 0.365697 0.490190 15 15 15 296 208
8.631044 0.303590 0.490416 15 15 15 300 208
8.616463 0.240908 0.489588 16 16 16 304 208
8.615964 0.178728 0.489559 16 16 16 308 208
8.615463 0.116555 0.489531 16 16 16 312 208
8.614963 0.054389 0.489502 16 16 16 316 208
8.614463 -0.007770 0.489474 16 16 16 320 208
8.613123 -0.069914 0.489398 16 16 16 324 208
8.612597 -0.132052 0.489368 16 16 16 328 208
8.612590 -0.194193 0.489367 16 16 16 332 208
8.612581 -0.256335 0.489367 16 16 16 336 208
5.068639 -0.187429 0.288000 114 114 114 340 208
5.030801 -0.222328 0.285850 115 115 115 344 208
5.003000 -0.257197 0.284271 116 116 116 348 208
5.012928 -0.293877 0.284835 116 116 116 352 208
4.991857 -0.328659 0.283637 116 116 116 356 208
4.951423 -0.361722 0.281340 117 117 117 360 208
8.957756 -0.719034 0.508978 6 6 6 364 208
8.957294 -0.783626 0.508952 6 6 6 368 208
8.956833 -0.848211 0.508926 6 6 6 372 208
8.956371 -0.912790 0.508900 6 6 6 376 208
8.955910 -0.977362 0.508874 6 6 6 380 208
8.955448 -1.041927 0.508847 6 6 6 384 208
8.954988 -1.106486 0.508821 6 6 6 388 208
8.954525 -1.171038 0.508795 6 6 6 392 208
8.954064 -1.235583 0.508769 6 6 6 396 208
8.953603 -1.300122 0.508743 6 6 6 400 208
8.953143 -1.364654 0.508716 6 6 6 404 208
8.952682 -1.429179 0.508690 6 6 6 408 208
8.952221 -1.493698 0.508664 6 6 6 412 208
8.951758 -1.558210 0.508638 6 6 6 416 208
8.951299 -1.622715 0.508612 6 6 6 420 208
8.950837 -1.687214 0.508585 6 6 6 424 208
8.950376 -1.751706 0.508559 6 6 6 428 208
8.949915 -1.816192 0.508533 7 7 7 432 208
8.949454 -1.880671 0.508507 7 7 7 436 208
8.948995 -1.945143 0.508481 7 7 7 440 208
5.794157 -1.301218 0.329223 94 94 94 444 208
5.692445 -1.319448 0.323444 97 97 97 448 208
5.656379 -1.351900 0.321395 98 98 98 452 208
5.657574 -1.393007 0.321463 98 98 98 456 208
8.946690 -2.267404 0.508350 7 7 7 460 208
8.946230 -2.331837 0.508324 7 7 7 464 208
8.945769 -2.396263 0.508298 7 7 7 468 208
8.945310 -2.460682 0.508271 7 7 7 472 208
8.944850 -2.525095 0.508245 7 7 7 476 208
8.944389 -2.589500 0.508219 7 7 7 480 208
8.762381 -2.600030 0.497877 12 12 12 484 208
8.582541 -2.608591 0.487659 17 17 17 488 208
8.356728 -2.600253 0.474828 23 23 23 492 208
8.153590 -2.595876 0.463286 29 29 29 496 208
7.973203 -2.595974 0.453036 34 34 34 500 208
7.800624 -2.596067 0.443231 38 38 38 504 208
7.728971 -2.627988 0.439159 40 40 40 508 208
7.557090 -2.624071 0.429393 45 45 45 512 208
7.400297 -2.623022 0.420484 49 49 49 516 208
7.249878 -2.622016 0.411937 54 54 54 520 208
7.105452 -2.621050 0.403731 58 58 58 524 208
6.966665 -2.620120 0.395845 61 61 61 528 208
6.833192 -2.619225 0.388261 65 65 65 532 208
6.823851 -2.664880 0.387730 65 65 65 536 208
6.823884 -2.714129 0.387732 65 65 65 540 208
6.823917 -2.763378 0.387734 65 65 65 544 208
6.823950 -2.812628 0.387736 65 65 65 548 208
6.823984 -2.861879 0.387738 65 65 65 552 208
6.824017 -2.911129 0.387740 65 65 65 556 208
6.824050 -2.960381 0.387742 65 65 65 560 208
6.824083 -3.009633 0.387744 65 65 65 564 208
6.824117 -3.058885 0.387746 65 65 65 568 208
6.824150 -3.108138 0.387747 65 65 65 572 208
6.824183 -3.157391 0.387749 65 65 65 576 208
6.819727 -3.204535 0.387496 66 66 66 580 208
6.819759 -3.253756 0.387498 66 66 66 584 208
6.819791 -3.302978 0.387500 66 66 66 588 208
6.819823 -3.352200 0.387502 66 66 66 592 208
6.819855 -3.401423 0.387503 66 66 66 596 208
6.819887 -3.450645 0.387505 66 66 66 600 208
6.819919 -3.499869 0.387507 66 66 66 604 208
6.819951 -3.549093 0.387509 66 66 66 608 208
6.819983 -3.598318 0.387511 66 66 66 612 208
6.820016 -3.647542 0.387513 66 66 66 616 208
6.820048 -3.696768 0.387514 66 66 66 620 208
6.820080 -3.745994 0.387516 66 66 66 624 208
6.815537 -3.792674 0.387258 66 66 66 628 208
6.815571 -3.841869 0.387260 66 66 66 632 208
6.815604 -3.891064 0.387262 66 66 66 636 208
7.746705 4.464555 0.384273 40 40 40 0 212
7.746602 4.408602 0.384268 40 40 40 4 212
7.746498 4.352650 0.384263 40 40 40 8 212
7.746396 4.296700 0.384258 40 40 40 12 212
7.551880 4.134319 0.374609 45 45 45 16 212
7.746189 4.184804 0.384248 40 40 40 20 212
7.746086 4.128859 0.384243 40 40 40 24 212
7.745983 4.072915 0.384238 40 40 40 28 212
7.745881 4.016973 0.384233 40 40 40 32 212
7.745780 3.961033 0.384228 40 40 40 36 212
7.745653 3.905081 0.384221 40 40 40 40 212
7.745572 3.849155 0.384217 40 40 40 44 212
7.804341 3.822050 0.387132 38 38 38 48 212
7.919387 3.821251 0.392839 35 35 35 52 212
8.037860 3.820421 0.398716 32 32 32 56 212
8.236305 3.855317 0.408560 26 26 26 60 212
8.363338 3.854436 0.414861 23 23 23 64 212
8.494373 3.853538 0.421361 19 19 19 68 212
8.251246 3.683707 0.409301 26 26 26 72 212
8.190369 3.597433 0.406281 28 28 28 76 212
8.176553 3.532368 0.405596 28 28 28 80 212
8.179299 3.474540 0.405732 28 28 28 84 212
8.181958 3.416635 0.405864 28 28 28 88 212
8.197494 3.363975 0.406635 27 27 27 92 212
8.237847 3.321097 0.408636 26 26 26 96 212
8.251766 3.267170 0.409327 26 26 26 100 212
8.275328 3.216790 0.410496 25 25 25 104 212
9.005228 3.435542 0.446702 5 5 5 108 212
9.004762 3.370393 0.446679 5 5 5 112 212
9.004295 3.305251 0.446656 5 5 5 116 212
9.003829 3.240115 0.446633 5 5 5 120 212
9.003362 3.174985 0.446610 5 5 5 124 212
9.002896 3.109863 0.446587 5 5 5 128 212
9.002429 3.044747 0.446563 5 5 5 132 212
9.001963 2.979638 0.446540 5 5 5 136 212
9.001497 2.914536 0.446517 5 5 5 140 212
9.001031 2.849441 0.446494 5 5 5 144 212
9.000566 2.784352 0.446471 5 5 5 148 212
9.000099 2.719270 0.446448 5 5 5 152 212
8.999634 2.654195 0.446425 5 5 5 156 212
8.999167 2.589127 0.446402 5 5 5 160 212
8.998701 2.524065 0.446378 5 5 5 164 212
8.998235 2.459009 0.446355 5 5 5 168 212
8.997769 2.393961 0.446332 5 5 5 172 212
8.997303 2.328920 0.446309 5 5 5 176 212
8.996838 2.263885 0.446286 5 5 5 180 212
8.996373 2.198857 0.446263 5 5 5 184 212
8.995908 2.133836 0.446240 5 5 5 188 212
8.995442 2.068821 0.446217 5 5 5 192 212
8.994976 2.003813 0.446194 5 5 5 196 212
8.994511 1.938812 0.446171 5 5 5 200 212
8.994044 1.873817 0.446147 5 5 5 204 212
8.993579 1.808830 0.446124 5 5 5 208 212
8.993114 1.743849 0.446101 5 5 5 212 212
8.992649 1.678875 0.446078 5 5 5 216 212
8.992184 1.613907 0.446055 5 5 5 220 212
8.991720 1.548946 0.446032 5 5 5 224 212
8.991254 1.483992 0.446009 5 5 5 228 212
8.990788 1.419045 0.445986 5 5 5 232 212
8.990324 1.354104 0.445963 5 5 5 236 212
8.989858 1.289170 0.445940 5 5 5 240 212
8.989393 1.224243 0.445917 5 5 5 244 212
8.988929 1.159322 0.445894 5 5 5 248 212
8.988464 1.094409 0.445871 5 5 5 252 212
8.673596 0.993489 0.430252 14 14 14 256 212
8.664456 0.929926 0.429798 14 14 14 260 212
8.665141 0.867479 0.429832 14 14 14 264 212
8.665825 0.805021 0.429866 14 14 14 268 212
8.664056 0.742344 0.429779 14 14 14 272 212
8.661600 0.679638 0.429657 14 14 14 276 212
8.657710 0.616865 0.429464 15 15 15 280 212
8.651231 0.553983 0.429142 15 15 15 284 212
8.645117 0.491215 0.428839 15 15 15 288 212
8.640123 0.428591 0.428591 15 15 15 292 212
8.640078 0.366248 0.428589 15 15 15 296 212
8.644356 0.304059 0.428801 15 15 15 300 212
8.633697 0.241390 0.428273 15 15 15 304 212
8.633195 0.179085 0.428248 15 15 15 308 212
8.632692 0.116788 0.428223 15 15 15 312 212
8.631387 0.054493 0.428158 15 15 15 316 212
8.629946 -0.007783 0.428087 15 15 15 320 212
8.628504 -0.070039 0.428015 15 15 15 324 212
8.628198 -0.132291 0.428000 15 15 15 328 212
8.628189 -0.194545 0.427999 15 15 15 332 212
8.629243 -0.256831 0.428052 15 15 15 336 212
5.095578 -0.188425 0.252765 113 113 113 340 212
5.072767 -0.224182 0.251633 114 114 114 344 212
5.044480 -0.259329 0.250230 115 115 115 348 212
5.016505 -0.294086 0.248843 115 115 115 352 212
4.988260 -0.328422 0.247442 116 116 116 356 212
4.968081 -0.362939 0.246440 117 117 117 360 212
8.975469 -0.720456 0.445225 6 6 6 364 212
8.975005 -0.785176 0.445202 6 6 6 368 212
8.974542 -0.849888 0.445179 6 6 6 372 212
8.974079 -0.914595 0.445156 6 6 6 376 212
8.973615 -0.979294 0.445133 6 6 6 380 212
8.973152 -1.043987 0.445110 6 6 6 384 212
8.972689 -1.108673 0.445087 6 6 6 388 212
8.972226 -1.173353 0.445064 6 6 6 392 212
8.971764 -1.238025 0.445041 6 6 6 396 212
8.971300 -1.302691 0.445018 6 6 6 400 212
8.970838 -1.367351 0.444995 6 6 6 404 212
8.970374 -1.432004 0.444972 6 6 6 408 212
8.969911 -1.496650 0.444949 6 6 6 412 212
8.969448 -1.561289 0.444926 6 6 6 416 212
8.968986 -1.625922 0.444903 6 6 6 420 212
8.968522 -1.690548 0.444880 6 6 6 424 212
8.968060 -1.755167 0.444857 6 6 6 428 212
8.967597 -1.819780 0.444834 6 6 6 432 212
8.967135 -1.884386 0.444812 6 6 6 436 212
8.966673 -1.948986 0.444789 6 6 6 440 212
5.692142 -1.278308 0.282357 97 97 97 444 212
5.665615 -1.313229 0.281041 98 98 98 448 212
5.652930 -1.351076 0.280412 98 98 98 452 212
5.662553 -1.394233 0.280889 98 98 98 456 212
5.702586 -1.445235 0.282875 96 96 96 460 212
8.963898 -2.336442 0.444651 6 6 6 464 212
8.963436 -2.400995 0.444628 6 6 6 468 212
8.962974 -2.465541 0.444605 6 6 6 472 212
8.962512 -2.530081 0.444582 6 6 6 476 212
8.962049 -2.594613 0.444559 6 6 6 480 212
8.762498 -2.600064 0.434661 12 12 12 484 212
8.554900 -2.600190 0.424363 17 17 17 488 212
8.356912 -2.600310 0.414542 23 23 23 492 212
8.153693 -2.595908 0.404461 29 29 29 496 212
7.973301 -2.596006 0.395513 34 34 34 500 212
7.800718 -2.596099 0.386952 38 38 38 504 212
7.744226 -2.633174 0.384150 40 40 40 508 212
7.556877 -2.623997 0.374856 45 45 45 512 212
7.400093 -2.622950 0.367079 49 49 49 516 212
7.249681 -2.621945 0.359618 54 54 54 520 212
7.105256 -2.620978 0.352454 58 58 58 524 212
6.966473 -2.620048 0.345569 61 61 61 528 212
6.837322 -2.620808 0.339163 65 65 65 532 212
6.837355 -2.670154 0.339165 65 65 65 536 212
6.837389 -2.719500 0.339166 65 65 65 540 212
6.837421 -2.768847 0.339168 65 65 65 544 212
6.837455 -2.818194 0.339170 65 65 65 548 212
6.837488 -2.867542 0.339171 65 65 65 552 212
6.837522 -2.916890 0.339173 65 65 65 556 212
6.837555 -2.966239 0.339175 65 65 65 560 212
6.837589 -3.015589 0.339176 65 65 65 564 212
6.837622 -3.064939 0.339178 65 65 65 568 212
6.837656 -3.114289 0.339180 65 65 65 572 212
6.837689 -3.163639 0.339181 65 65 65 576 212
6.833224 -3.210877 0.338960 65 65 65 580 212
6.833257 -3.260196 0.338961 65 65 65 584 212
6.833288 -3.309515 0.338963 65 65 65 588 212
6.833320 -3.358834 0.338965 65 65 65 592 212
6.833352 -3.408154 0.338966 65 65 65 596 212
6.833385 -3.457474 0.338968 65 65 65 600 212
6.833417 -3.506796 0.338969 65 65 65 604 212
6.833449 -3.556117 0.338971 65 65 65 608 212
6.833481 -3.605439 0.338973 65 65 65 612 212
6.833514 -3.654762 0.338974 65 65 65 616 212
6.833546 -3.704084 0.338976 65 65 65 620 212
6.833578 -3.753407 0.338977 65 65 65 624 212
6.829027 -3.800181 0.338752 65 65 65 628 212
6.829061 -3.849473 0.338753 65 65 65 632 212
6.829094 -3.898765 0.338755 65 65 65 636 212
7.509232 4.327695 0.318313 46 46 46 0 216
7.509136 4.273459 0.318309 46 46 46 4 216
7.509039 4.219225 0.318305 46 46 46 8 216
7.508941 4.164991 0.318300 46 46 46 12 216
7.508844 4.110759 0.318296 46 46 46 16 216
7.508748 4.056530 0.318292 46 46 46 20 216
7.508651 4.002300 0.318288 46 46 46 24 216
7.508553 3.948072 0.318284 46 46 46 28 216
7.508470 3.893853 0.318281 46 46 46 32 216
3.517360 1.798706 0.149099 157 157 157 36 216
3.507059 1.768134 0.148663 157 157 157 40 216
3.498297 1.738475 0.148291 158 158 158 44 216
3.501527 1.714816 0.148428 157 157 157 48 216
3.512628 1.694908 0.148899 157 157 157 52 216
3.543947 1.684450 0.150226 156 156 156 56 216
8.867231 4.150646 0.375878 9 9 9 60 216
8.866774 4.086456 0.375858 9 9 9 64 216
8.866316 4.022272 0.375839 9 9 9 68 216
8.277715 3.695523 0.350888 25 25 25 72 216
8.243519 3.620778 0.349439 26 26 26 76 216
8.183856 3.535524 0.346910 28 28 28 80 216
8.186710 3.477688 0.347031 28 28 28 84 216
8.188807 3.419494 0.347120 28 28 28 88 216
8.213058 3.370362 0.348148 27 27 27 92 216
8.272737 3.335162 0.350677 25 25 25 96 216
8.266541 3.273019 0.350415 25 25 25 100 216
8.285990 3.220935 0.351239 25 25 25 104 216
9.023129 3.442372 0.382486 4 4 4 108 216
9.022660 3.377093 0.382466 4 4 4 112 216
9.022193 3.311820 0.382447 5 5 5 116 216
9.021725 3.246555 0.382427 5 5 5 120 216
9.021255 3.181296 0.382407 5 5 5 124 216
9.020787 3.116043 0.382387 5 5 5 128 216
9.020320 3.050798 0.382367 5 5 5 132 216
9.019852 2.985560 0.382347 5 5 5 136 216
9.019383 2.920328 0.382327 5 5 5 140 216
9.018916 2.855103 0.382308 5 5 5 144 216
9.018448 2.789884 0.382288 5 5 5 148 216
9.017980 2.724673 0.382268 5 5 5 152 216
9.017512 2.659468 0.382248 5 5 5 156 216
9.017044 2.594270 0.382228 5 5 5 160 216
9.016576 2.529078 0.382209 5 5 5 164 216
9.016109 2.463894 0.382189 5 5 5 168 216
9.015641 2.398716 0.382169 5 5 5 172 216
9.015174 2.333545 0.382149 5 5 5 176 216
9.014707 2.268381 0.382129 5 5 5 180 216
9.014239 2.203224 0.382109 5 5 5 184 216
9.013771 2.138073 0.382090 5 5 5 188 216
9.013304 2.072929 0.382070 5 5 5 192 216
9.012836 2.007792 0.382050 5 5 5 196 216
9.012369 1.942661 0.382030 5 5 5 200 216
9.011902 1.877538 0.382010 5 5 5 204 216
9.011435 1.812421 0.381991 5 5 5 208 216
9.010968 1.747311 0.381971 5 5 5 212 216
9.010501 1.682207 0.381951 5 5 5 216 216
9.010033 1.617110 0.381931 5 5 5 220 216
9.009566 1.552021 0.381911 5 5 5 224 216
9.009099 1.486938 0.381892 5 5 5 228 216
9.008633 1.421861 0.381872 5 5 5 232 216
9.008165 1.356791 0.381852 5 5 5 236 216
9.007699 1.291728 0.381832 5 5 5 240 216
9.007233 1.226672 0.381813 5 5 5 244 216
9.006765 1.161623 0.381793 5 5 5 248 216
9.006300 1.096580 0.381773 5 5 5 252 216
8.688335 0.995178 0.368295 14 14 14 256 216
8.679288 0.931518 0.367911 14 14 14 260 216
8.679975 0.868964 0.367940 14 14 14 264 216
8.680660 0.806399 0.367969 14 14 14 268 216
8.681345 0.743825 0.367998 14 14 14 272 216
8.681176 0.681174 0.367991 14 14 14 276 216
8.678035 0.618313 0.367858 14 14 14 280 216
8.671523 0.555282 0.367582 14 14 14 284 216
8.665023 0.492346 0.367306 14 14 14 288 216
8.658532 0.429504 0.367031 15 15 15 292 216
8.653131 0.366802 0.366802 15 15 15 296 216
8.660610 0.304630 0.367119 15 15 15 300 216
8.650998 0.241873 0.366712 15 15 15 304 216
8.649730 0.179428 0.366658 15 15 15 308 216
8.648282 0.116999 0.366597 15 15 15 312 216
8.646834 0.054590 0.366535 15 15 15 316 216
8.645387 -0.007797 0.366474 15 15 15 320 216
8.643940 -0.070164 0.366413 15 15 15 324 216
8.643855 -0.132531 0.366409 15 15 15 328 216
8.645061 -0.194925 0.366460 15 15 15 332 216
8.646308 -0.257339 0.366513 15 15 15 336 216
8.647555 -0.319770 0.366566 15 15 15 340 216
8.995579 -0.397544 0.381319 5 5 5 344 216
5.068616 -0.260570 0.214856 114 114 114 348 216
5.041732 -0.295565 0.213716 115 115 115 352 216
5.004468 -0.329489 0.212136 116 116 116 356 216
4.986524 -0.364287 0.211376 116 116 116 360 216
5.000477 -0.401386 0.211967 116 116 116 364 216
8.992786 -0.786731 0.381199 5 5 5 368 216
8.992321 -0.851572 0.381179 5 5 5 372 216
8.991857 -0.916406 0.381159 5 5 5 376 216
8.991391 -0.981234 0.381140 5 5 5 380 216
8.990926 -1.046055 0.381120 5 5 5 384 216
8.990461 -1.110869 0.381100 5 5 5 388 216
8.989997 -1.175677 0.381081 5 5 5 392 216
8.989532 -1.240477 0.381061 5 5 5 396 216
8.989066 -1.305271 0.381041 5 5 5 400 216
8.988602 -1.370059 0.381022 5 5 5 404 216
8.988136 -1.434839 0.381002 5 5 5 408 216
8.987672 -1.499613 0.380982 5 5 5 412 216
8.987207 -1.564380 0.380962 5 5 5 416 216
8.986742 -1.629141 0.380943 5 5 5 420 216
8.986279 -1.693895 0.380923 6 6 6 424 216
8.985814 -1.758642 0.380903 6 6 6 428 216
5.680315 -1.152697 0.240785 97 97 97 432 216
5.618961 -1.180789 0.238184 99 99 99 436 216
5.615639 -1.220609 0.238044 99 99 99 440 216
5.623550 -1.262904 0.238379 99 99 99 444 216
5.634171 -1.305941 0.238829 98 98 98 448 216
5.643137 -1.348736 0.239209 98 98 98 452 216
5.670417 -1.396169 0.240366 97 97 97 456 216
5.697165 -1.443861 0.241500 97 97 97 460 216
5.730920 -1.493766 0.242930 96 96 96 464 216
5.789146 -1.550712 0.245399 94 94 94 468 216
8.980707 -2.470419 0.380687 6 6 6 472 216
8.980244 -2.535086 0.380667 6 6 6 476 216
8.979780 -2.599746 0.380648 6 6 6 480 216
8.762614 -2.600099 0.371442 12 12 12 484 216
8.555011 -2.600224 0.362642 17 17 17 488 216
8.342657 -2.595875 0.353640 23 23 23 492 216
8.153891 -2.595971 0.345639 29 29 29 496 216
7.973399 -2.596038 0.337988 34 34 34 500 216
7.800811 -2.596130 0.330672 38 38 38 504 216
7.720225 -2.625014 0.327256 41 41 41 508 216
7.556664 -2.623923 0.320323 45 45 45 512 216
7.399883 -2.622876 0.313677 49 49 49 516 216
7.249474 -2.621870 0.307301 54 54 54 520 216
7.105057 -2.620904 0.301179 58 58 58 524 216
6.966282 -2.619976 0.295297 61 61 61 528 216
6.850880 -2.626005 0.290405 65 65 65 532 216
6.850913 -2.675449 0.290406 65 65 65 536 216
6.850947 -2.724893 0.290408 65 65 65 540 216
6.850979 -2.774338 0.290409 65 65 65 544 216
6.851013 -2.823783 0.290411 65 65 65 548 216
6.851047 -2.873228 0.290412 65 65 65 552 216
6.851080 -2.922675 0.290413 65 65 65 556 216
6.851113 -2.972121 0.290415 65 65 65 560 216
6.851147 -3.021569 0.290416 65 65 65 564 216
6.851181 -3.071016 0.290418 65 65 65 568 216
6.851214 -3.120464 0.290419 65 65 65 572 216
6.851247 -3.169912 0.290421 65 65 65 576 216
6.846776 -3.217245 0.290231 65 65 65 580 216
6.846808 -3.266661 0.290232 65 65 65 584 216
6.846840 -3.316078 0.290234 65 65 65 588 216
6.846872 -3.365495 0.290235 65 65 65 592 216
6.846903 -3.414912 0.290236 65 65 65 596 216
6.846936 -3.464331 0.290238 65 65 65 600 216
6.846968 -3.513750 0.290239 65 65 65 604 216
6.847001 -3.563169 0.290241 65 65 65 608 216
6.847033 -3.612589 0.290242 65 65 65 612 216
6.847066 -3.662010 0.290243 65 65 65 616 216
6.847098 -3.711430 0.290245 65 65 65 620 216
6.847130 -3.760851 0.290246 65 65 65 624 216
6.842571 -3.807718 0.290053 65 65 65 628 216
6.842604 -3.857107 0.290054 65 65 65 632 216
6.842638 -3.906497 0.290056 65 65 65 636 216
7.396541 4.262749 0.260168 50 50 50 0 220
7.396157 4.209163 0.260155 50 50 50 4 220
7.395772 4.155582 0.260141 50 50 50 8 220
7.395388 4.102006 0.260128 50 50 50 12 220
7.395003 4.048437 0.260114 50 50 50 16 220
7.394620 3.994873 0.260101 50 50 50 20 220
7.394236 3.941314 0.260087 50 50 50 24 220
3.502182 1.841482 0.123187 157 157 157 28 220
3.481200 1.805332 0.122449 158 158 158 32 220
3.470767 1.774879 0.122082 158 158 158 36 220
3.474294 1.751615 0.122206 158 158 158 40 220
3.477765 1.728272 0.122328 158 158 158 44 220
3.486988 1.707696 0.122652 158 158 158 48 220
3.488821 1.683421 0.122717 158 158 158 52 220
3.505489 1.666171 0.123303 157 157 157 56 220
3.540231 1.657140 0.124525 156 156 156 60 220
8.884445 4.094600 0.312504 8 8 8 64 220
8.883986 4.030289 0.312488 8 8 8 68 220
8.303249 3.706923 0.292061 24 24 24 72 220
8.290340 3.641343 0.291607 25 25 25 76 220
8.213099 3.548157 0.288890 27 27 27 80 220
8.201083 3.483793 0.288467 27 27 27 84 220
8.211186 3.428840 0.288823 27 27 27 88 220
8.238166 3.380665 0.289772 26 26 26 92 220
8.294628 3.343988 0.291758 25 25 25 96 220
8.271733 3.275075 0.290952 25 25 25 100 220
8.294695 3.224319 0.291760 25 25 25 104 220
9.041102 3.449229 0.318014 4 4 4 108 220
9.040630 3.383819 0.317998 4 4 4 112 220
9.040161 3.318416 0.317981 4 4 4 116 220
9.039691 3.253020 0.317965 4 4 4 120 220
9.039221 3.187631 0.317948 4 4 4 124 220
9.038752 3.122249 0.317932 4 4 4 128 220
9.038281 3.056873 0.317915 4 4 4 132 220
9.037811 2.991504 0.317899 4 4 4 136 220
9.037341 2.926142 0.317882 4 4 4 140 220
9.036871 2.860787 0.317866 4 4 4 144 220
9.036401 2.795438 0.317849 4 4 4 148 220
9.035932 2.730097 0.317833 4 4 4 152 220
9.035462 2.664762 0.317816 4 4 4 156 220
9.034993 2.599434 0.317800 4 4 4 160 220
9.034523 2.534112 0.317783 4 4 4 164 220
9.034054 2.468798 0.317767 4 4 4 168 220
9.033585 2.403490 0.317750 4 4 4 172 220
9.033114 2.338189 0.317734 4 4 4 176 220
9.032645 2.272895 0.317717 4 4 4 180 220
9.032175 2.207608 0.317701 4 4 4 184 220
9.031706 2.142327 0.317684 4 4 4 188 220
9.031238 2.077054 0.317668 4 4 4 192 220
9.030768 2.011787 0.317651 4 4 4 196 220
9.030299 1.946526 0.317635 4 4 4 200 220
9.029830 1.881273 0.317618 4 4 4 204 220
9.029361 1.816026 0.317602 4 4 4 208 220
9.028892 1.750786 0.317585 4 4 4 212 220
9.028422 1.685553 0.317569 4 4 4 216 220
9.027953 1.620327 0.317552 4 4 4 220 220
9.027485 1.555107 0.317536 4 4 4 224 220
9.027017 1.489895 0.317519 4 4 4 228 220
9.026547 1.424689 0.317503 4 4 4 232 220
9.026079 1.359489 0.317486 4 4 4 236 220
9.025611 1.294297 0.317470 4 4 4 240 220
8.671892 1.181003 0.305028 14 14 14 244 220
8.671821 1.118424 0.305025 14 14 14 248 220
8.671739 1.055845 0.305022 14 14 14 252 220
8.701813 0.996721 0.306080 13 13 13 256 220
8.694170 0.933115 0.305811 14 14 14 260 220
8.694858 0.870454 0.305836 14 14 14 264 220
8.695546 0.807782 0.305860 14 14 14 268 220
8.696235 0.745101 0.305884 14 14 14 272 220
8.696826 0.682402 0.305905 14 14 14 276 220
8.697354 0.619690 0.305924 14 14 14 280 220
8.691907 0.556588 0.305732 14 14 14 284 220
8.685374 0.493502 0.305502 14 14 14 288 220
8.678852 0.430512 0.305273 14 14 14 292 220
8.672338 0.367616 0.305044 14 14 14 296 220
8.680056 0.305314 0.305315 14 14 14 300 220
8.668537 0.242364 0.304910 14 14 14 304 220
8.666697 0.179780 0.304845 14 14 14 308 220
8.664855 0.117223 0.304780 14 14 14 312 220
8.663014 0.054692 0.304716 14 14 14 316 220
8.661176 -0.007812 0.304651 15 15 15 320 220
8.659688 -0.070292 0.304599 15 15 15 324 220
8.660938 -0.132793 0.304643 15 15 15 328 220
8.662190 -0.195312 0.304687 14 14 14 332 220
8.663442 -0.257849 0.304731 14 14 14 336 220
8.664694 -0.320404 0.304775 14 14 14 340 220
8.756478 -0.386978 0.308003 12 12 12 344 220
8.669026 -0.445662 0.304926 14 14 14 348 220
5.063448 -0.296838 0.178103 114 114 114 352 220
5.041498 -0.331927 0.177331 115 115 115 356 220
5.020714 -0.366784 0.176599 115 115 115 360 220
5.040338 -0.404585 0.177290 115 115 115 364 220
9.010638 -0.788293 0.316942 5 5 5 368 220
9.010172 -0.853263 0.316925 5 5 5 372 220
9.009705 -0.918225 0.316909 5 5 5 376 220
9.009237 -0.983182 0.316893 5 5 5 380 220
9.008771 -1.048131 0.316876 5 5 5 384 220
9.008305 -1.113074 0.316860 5 5 5 388 220
9.007837 -1.178010 0.316843 5 5 5 392 220
9.007370 -1.242939 0.316827 5 5 5 396 220
9.006903 -1.307861 0.316810 5 5 5 400 220
9.006436 -1.372777 0.316794 5 5 5 404 220
9.005970 -1.437686 0.316778 5 5 5 408 220
9.005504 -1.502588 0.316761 5 5 5 412 220
9.005037 -1.567484 0.316745 5 5 5 416 220
9.004571 -1.632373 0.316728 5 5 5 420 220
9.004105 -1.697255 0.316712 5 5 5 424 220
9.003638 -1.762130 0.316696 5 5 5 428 220
5.630491 -1.142587 0.198048 98 98 98 432 220
5.596047 -1.175974 0.196836 99 99 99 436 220
5.591421 -1.215345 0.196674 100 100 100 440 220
5.601095 -1.257861 0.197014 99 99 99 444 220
5.617317 -1.302034 0.197585 99 99 99 448 220
5.632984 -1.346309 0.198136 98 98 98 452 220
5.657785 -1.393059 0.199008 98 98 98 456 220
5.685477 -1.440899 0.199982 97 97 97 460 220
5.712092 -1.488858 0.200918 96 96 96 464 220
5.753848 -1.541257 0.202387 95 95 95 468 220
5.806424 -1.597235 0.204236 94 94 94 472 220
8.998047 -2.540112 0.316499 5 5 5 476 220
8.997581 -2.604900 0.316483 5 5 5 480 220
8.762730 -2.600133 0.308222 12 12 12 484 220
8.555119 -2.600257 0.300919 17 17 17 488 220
8.342759 -2.595907 0.293450 23 23 23 492 220
8.153988 -2.596002 0.286810 29 29 29 496 220
7.973570 -2.596093 0.280464 34 34 34 500 220
7.817451 -2.601667 0.274973 38 38 38 504 220
7.720002 -2.624938 0.271545 41 41 41 508 220
7.556442 -2.623846 0.265792 45 45 45 512 220
7.399668 -2.622799 0.260277 49 49 49 516 220
7.249267 -2.621795 0.254987 54 54 54 520 220
7.104858 -2.620831 0.249908 58 58 58 524 220
6.966091 -2.619905 0.245027 61 61 61 528 220
6.864492 -2.631222 0.241453 64 64 64 532 220
6.864525 -2.680765 0.241454 64 64 64 536 220
6.864559 -2.730307 0.241455 64 64 64 540 220
6.864592 -2.779850 0.241457 64 64 64 544 220
6.864625 -2.829394 0.241458 64 64 64 548 220
6.864659 -2.878937 0.241459 64 64 64 552 220
6.864692 -2.928481 0.241460 64 64 64 556 220
6.864726 -2.978026 0.241461 64 64 64 560 220
6.864759 -3.027572 0.241462 64 64 64 564 220
6.864793 -3.077118 0.241464 64 64 64 568 220
6.864826 -3.126664 0.241465 64 64 64 572 220
6.864861 -3.176211 0.241466 64 64 64 576 220
6.860382 -3.223638 0.241308 64 64 64 580 220
6.860413 -3.273152 0.241310 64 64 64 584 220
6.860446 -3.322668 0.241311 64 64 64 588 220
6.860478 -3.372183 0.241312 64 64 64 592 220
6.860509 -3.421699 0.241313 64 64 64 596 220
6.860542 -3.471215 0.241314 64 64 64 600 220
6.860574 -3.520732 0.241315 64 64 64 604 220
6.860607 -3.570250 0.241316 64 64 64 608 220
6.860639 -3.619768 0.241318 64 64 64 612 220
6.860672 -3.669286 0.241319 64 64 64 616 220
6.860705 -3.718806 0.241320 64 64 64 620 220
6.860737 -3.768325 0.241321 64 64 64 624 220
6.856169 -3.815285 0.241160 65 65 65 628 220
6.856202 -3.864772 0.241161 65 65 65 632 220
6.856236 -3.914261 0.241163 65 65 65 636 220
7.453232 4.295421 0.208385 48 48 48 0 224
7.452843 4.241423 0.208375 48 48 48 4 224
7.452455 4.187431 0.208364 48 48 48 8 224
7.452066 4.133444 0.208353 48 48 48 12 224
7.451679 4.079463 0.208342 48 48 48 16 224
7.451291 4.025488 0.208331 48 48 48 20 224
7.450903 3.971519 0.208320 48 48 48 24 224
3.472954 1.826114 0.097101 158 158 158 28 224
3.464183 1.796507 0.096855 159 159 159 32 224
3.463974 1.771405 0.096849 159 159 159 36 224
3.465286 1.747073 0.096886 158 158 158 40 224
3.472064 1.725439 0.097076 158 158 158 44 224
3.477620 1.703108 0.097231 158 158 158 48 224
3.492685 1.685285 0.097652 158 158 158 52 224
3.505485 1.666169 0.098010 157 157 157 56 224
3.543887 1.658851 0.099084 156 156 156 60 224
8.902188 4.102777 0.248897 8 8 8 64 224
8.901727 4.038337 0.248884 8 8 8 68 224
8.336104 3.721591 0.233070 24 24 24 72 224
8.321175 3.654886 0.232652 24 24 24 76 224
8.217945 3.550251 0.229766 27 27 27 80 224
8.211918 3.488396 0.229598 27 27 27 84 224
8.214334 3.430154 0.229665 27 27 27 88 224
8.236809 3.380108 0.230294 26 26 26 92 224
8.293366 3.343479 0.231875 25 25 25 96 224
8.297009 3.285083 0.231977 25 25 25 100 224
8.308313 3.229612 0.232293 24 24 24 104 224
9.059146 3.456112 0.253285 3 3 3 108 224
9.058674 3.390572 0.253272 3 3 3 112 224
9.058202 3.325039 0.253259 4 4 4 116 224
9.057730 3.259512 0.253246 4 4 4 120 224
9.057259 3.193992 0.253233 4 4 4 124 224
9.056787 3.128479 0.253219 4 4 4 128 224
9.056314 3.062972 0.253206 4 4 4 132 224
9.055842 2.997473 0.253193 4 4 4 136 224
9.055370 2.931980 0.253180 4 4 4 140 224
9.054899 2.866494 0.253167 4 4 4 144 224
9.054427 2.801014 0.253153 4 4 4 148 224
9.053956 2.735543 0.253140 4 4 4 152 224
9.053485 2.670077 0.253127 4 4 4 156 224
9.053014 2.604619 0.253114 4 4 4 160 224
9.052542 2.539167 0.253101 4 4 4 164 224
9.052070 2.473721 0.253088 4 4 4 168 224
9.051600 2.408283 0.253074 4 4 4 172 224
9.051126 2.342852 0.253061 4 4 4 176 224
9.050655 2.277427 0.253048 4 4 4 180 224
9.050185 2.212010 0.253035 4 4 4 184 224
9.049713 2.146599 0.253022 4 4 4 188 224
9.049242 2.081194 0.253008 4 4 4 192 224
9.048771 2.015797 0.252995 4 4 4 196 224
9.048302 1.950407 0.252982 4 4 4 200 224
9.047830 1.885023 0.252969 4 4 4 204 224
9.047359 1.819646 0.252956 4 4 4 208 224
9.046887 1.754276 0.252943 4 4 4 212 224
9.046416 1.688913 0.252929 4 4 4 216 224
9.045946 1.623556 0.252916 4 4 4 220 224
9.045475 1.558207 0.252903 4 4 4 224 224
9.045005 1.492864 0.252890 4 4 4 228 224
9.044534 1.427527 0.252877 4 4 4 232 224
9.044064 1.362198 0.252864 4 4 4 236 224
8.491735 1.217738 0.237421 19 19 19 240 224
8.421643 1.146922 0.235461 21 21 21 244 224
8.421546 1.086146 0.235459 21 21 21 248 224
8.524628 1.037933 0.238341 18 18 18 252 224
8.718472 0.998629 0.243761 13 13 13 256 224
8.708563 0.934660 0.243483 13 13 13 260 224
8.708630 0.871832 0.243485 13 13 13 264 224
8.709170 0.809048 0.243500 13 13 13 268 224
8.709711 0.746256 0.243516 13 13 13 272 224
8.710254 0.683456 0.243531 13 13 13 276 224
8.710736 0.620643 0.243544 13 13 13 280 224
8.710906 0.557804 0.243549 13 13 13 284 224
8.705807 0.494663 0.243406 13 13 13 288 224
8.699253 0.431524 0.243223 13 13 13 292 224
8.692710 0.368479 0.243040 14 14 14 296 224
8.702217 0.306094 0.243306 13 13 13 300 224
8.688521 0.242922 0.242923 14 14 14 304 224
8.686671 0.180194 0.242871 14 14 14 308 224
8.684821 0.117493 0.242820 14 14 14 312 224
8.682972 0.054818 0.242768 14 14 14 316 224
8.680685 -0.007829 0.242704 14 14 14 320 224
8.679263 -0.070451 0.242664 14 14 14 324 224
8.680237 -0.133089 0.242692 14 14 14 328 224
8.681210 -0.195741 0.242719 14 14 14 332 224
8.682184 -0.258406 0.242746 14 14 14 336 224
8.682091 -0.321047 0.242743 14 14 14 340 224
8.538723 -0.377354 0.238734 18 18 18 344 224
8.418897 -0.432803 0.235383 21 21 21 348 224
8.418863 -0.493545 0.235383 21 21 21 352 224
5.062587 -0.333316 0.141545 114 114 114 356 224
5.044809 -0.368545 0.141048 115 115 115 360 224
5.055095 -0.405770 0.141335 114 114 114 364 224
9.028561 -0.789861 0.252429 4 4 4 368 224
9.028092 -0.854960 0.252416 4 4 4 372 224
9.027624 -0.920052 0.252403 4 4 4 376 224
9.027155 -0.985137 0.252390 4 4 4 380 224
9.026687 -1.050215 0.252377 4 4 4 384 224
9.026218 -1.115287 0.252364 4 4 4 388 224
9.025749 -1.180352 0.252350 4 4 4 392 224
9.025281 -1.245410 0.252337 4 4 4 396 224
9.024814 -1.310462 0.252324 4 4 4 400 224
9.024344 -1.375507 0.252311 4 4 4 404 224
9.023876 -1.440545 0.252298 4 4 4 408 224
9.023408 -1.505576 0.252285 4 4 4 412 224
9.022940 -1.570600 0.252272 4 4 4 416 224
9.022471 -1.635618 0.252259 4 4 4 420 224
9.022003 -1.700629 0.252246 5 5 5 424 224
9.021535 -1.765633 0.252233 5 5 5 428 224
5.623147 -1.141096 0.157217 99 99 99 432 224
5.593348 -1.175406 0.156384 100 100 100 436 224
5.602826 -1.217824 0.156649 99 99 99 440 224
5.594664 -1.256417 0.156421 99 99 99 444 224
5.609515 -1.300226 0.156836 99 99 99 448 224
5.628692 -1.345283 0.157372 99 99 99 452 224
5.647631 -1.390558 0.157902 98 98 98 456 224
5.681733 -1.439950 0.158855 97 97 97 460 224
5.705629 -1.487174 0.159523 96 96 96 464 224
5.744745 -1.538819 0.160617 95 95 95 468 224
5.826439 -1.602741 0.162901 93 93 93 472 224
9.015922 -2.545158 0.252076 5 5 5 476 224
8.980787 -2.600038 0.251094 6 6 6 480 224
8.762844 -2.600167 0.245000 12 12 12 484 224
8.555224 -2.600289 0.239195 17 17 17 488 224
8.342859 -2.595938 0.233258 23 23 23 492 224
8.154084 -2.596033 0.227980 29 29 29 496 224
7.973663 -2.596124 0.222935 34 34 34 500 224
7.801045 -2.596208 0.218109 38 38 38 504 224
7.719685 -2.624830 0.215834 41 41 41 508 224
7.591866 -2.636146 0.212261 44 44 44 512 224
7.399453 -2.622723 0.206881 49 49 49 516 224
7.249060 -2.621720 0.202676 54 54 54 520 224
7.104660 -2.620758 0.198639 58 58 58 524 224
6.965900 -2.619833 0.194759 61 61 61 528 224
6.878158 -2.636461 0.192306 64 64 64 532 224
6.878191 -2.686102 0.192307 64 64 64 536 224
6.878224 -2.735743 0.192308 64 64 64 540 224
6.878259 -2.785384 0.192309 64 64 64 544 224
6.878291 -2.835026 0.192310 64 64 64 548 224
6.878325 -2.884669 0.192311 64 64 64 552 224
6.878358 -2.934311 0.192312 64 64 64 556 224
6.878392 -2.983955 0.192313 64 64 64 560 224
6.878426 -3.033599 0.192314 64 64 64 564 224
6.878460 -3.083244 0.192315 64 64 64 568 224
6.878494 -3.132889 0.192316 64 64 64 572 224
6.878528 -3.182535 0.192317 64 64 64 576 224
6.874041 -3.230056 0.192191 64 64 64 580 224
6.874073 -3.279670 0.192192 64 64 64 584 224
6.874105 -3.329283 0.192193 64 64 64 588 224
6.874138 -3.378898 0.192194 64 64 64 592 224
6.874170 -3.428512 0.192195 64 64 64 596 224
6.874203 -3.478127 0.192196 64 64 64 600 224
6.874235 -3.527743 0.192197 64 64 64 604 224
6.874267 -3.577359 0.192197 64 64 64 608 224
6.874300 -3.626976 0.192198 64 64 64 612 224
6.874332 -3.676592 0.192199 64 64 64 616 224
6.874365 -3.726210 0.192200 64 64 64 620 224
6.881597 -3.779782 0.192402 64 64 64 624 224
6.869820 -3.822881 0.192073 64 64 64 628 224
6.869853 -3.872468 0.192074 64 64 64 632 224
6.869887 -3.922054 0.192075 64 64 64 636 224
7.468153 4.304021 0.154918 48 48 48 0 228
7.467764 4.249915 0.154910 48 48 48 4 228
7.467376 4.195815 0.154902 48 48 48 8 228
7.466987 4.141720 0.154894 48 48 48 12 228
7.466599 4.087632 0.154886 48 48 48 16 228
7.466210 4.033549 0.154878 48 48 48 20 228
7.465822 3.979471 0.154870 48 48 48 24 228
3.463586 1.821188 0.071848 159 159 159 28 228
3.456610 1.792580 0.071703 159 159 159 32 228
3.462663 1.770735 0.071829 159 159 159 36 228
3.467680 1.748280 0.071933 158 158 158 40 228
3.472526 1.725669 0.072034 158 158 158 44 228
3.477754 1.703174 0.072142 158 158 158 48 228
3.496403 1.687080 0.072529 158 158 158 52 228
3.511484 1.669020 0.072842 157 157 157 56 228
3.539023 1.656575 0.073413 156 156 156 60 228
8.097307 3.731830 0.167969 30 30 30 64 228
8.919538 4.046417 0.185025 7 7 7 68 228
8.338986 3.722877 0.172983 23 23 23 72 228
8.127429 3.569788 0.168594 29 29 29 76 228
8.234662 3.557472 0.170819 26 26 26 80 228
8.197936 3.482456 0.170057 27 27 27 84 228
8.220655 3.432794 0.170528 27 27 27 88 228
8.170394 3.352854 0.169485 28 28 28 92 228
8.096537 3.264127 0.167953 30 30 30 96 228
8.328041 3.297369 0.172756 24 24 24 100 228
8.307856 3.229434 0.172337 24 24 24 104 228
9.077263 3.463024 0.188297 3 3 3 108 228
9.076789 3.397353 0.188288 3 3 3 112 228
9.076316 3.331688 0.188278 3 3 3 116 228
9.075842 3.266029 0.188268 3 3 3 120 228
9.075367 3.200378 0.188258 3 3 3 124 228
9.074894 3.134733 0.188248 3 3 3 128 228
9.074420 3.069095 0.188238 3 3 3 132 228
9.073946 3.003465 0.188229 3 3 3 136 228
9.073472 2.937841 0.188219 3 3 3 140 228
9.072999 2.872223 0.188209 3 3 3 144 228
9.072526 2.806613 0.188199 3 3 3 148 228
9.072052 2.741010 0.188189 3 3 3 152 228
9.071578 2.675413 0.188179 3 3 3 156 228
9.071105 2.609823 0.188170 3 3 3 160 228
9.070631 2.544240 0.188160 3 3 3 164 228
9.070158 2.478664 0.188150 3 3 3 168 228
9.069685 2.413095 0.188140 3 3 3 172 228
9.069212 2.347533 0.188130 3 3 3 176 228
9.068739 2.281978 0.188121 3 3 3 180 228
9.068267 2.216429 0.188111 3 3 3 184 228
9.067793 2.150887 0.188101 3 3 3 188 228
9.067320 2.085352 0.188091 3 3 3 192 228
9.066846 2.019824 0.188081 3 3 3 196 228
9.066374 1.954302 0.188072 3 3 3 200 228
9.065901 1.888788 0.188062 3 3 3 204 228
9.065428 1.823280 0.188052 3 3 3 208 228
9.064956 1.757779 0.188042 3 3 3 212 228
9.064482 1.692285 0.188032 3 3 3 216 228
9.064010 1.626798 0.188022 3 3 3 220 228
9.063538 1.561318 0.188013 3 3 3 224 228
9.063065 1.495844 0.188003 3 3 3 228 228
9.062593 1.430378 0.187993 3 3 3 232 228
9.062119 1.364918 0.187983 3 3 3 236 228
8.185488 1.173821 0.169799 28 28 28 240 228
8.185394 1.114748 0.169797 28 28 28 244 228
8.214793 1.059480 0.170406 27 27 27 248 228
8.448261 1.028635 0.175250 20 20 20 252 228
8.737358 1.000793 0.181246 12 12 12 256 228
8.725981 0.936529 0.181010 13 13 13 260 228
8.723892 0.873360 0.180967 13 13 13 264 228
8.722635 0.810299 0.180941 13 13 13 268 228
8.723179 0.747409 0.180952 13 13 13 272 228
8.723722 0.684512 0.180964 13 13 13 276 228
8.724158 0.621600 0.180973 13 13 13 280 228
8.724328 0.558664 0.180976 13 13 13 284 228
8.724498 0.495725 0.180980 13 13 13 288 228
8.719751 0.432541 0.180881 13 13 13 292 228
8.713177 0.369347 0.180745 13 13 13 296 228
8.722486 0.306807 0.180938 13 13 13 300 228
8.708598 0.243484 0.180650 13 13 13 304 228
8.706738 0.180611 0.180611 13 13 13 308 228
8.704881 0.117764 0.180573 13 13 13 312 228
8.702210 0.054940 0.180517 13 13 13 316 228
8.699501 -0.007846 0.180461 13 13 13 320 228
8.698986 -0.070611 0.180451 13 13 13 324 228
8.699965 -0.133391 0.180471 13 13 13 328 228
8.700649 -0.196179 0.180485 13 13 13 332 228
8.700043 -0.258938 0.180471 13 13 13 336 228
8.699436 -0.321688 0.180459 13 13 13 340 228
8.357995 -0.369367 0.173376 23 23 23 344 228
8.182790 -0.420665 0.169741 28 28 28 348 228
8.182777 -0.479705 0.169741 28 28 28 352 228
5.081779 -0.334579 0.105415 114 114 114 356 228
5.057375 -0.369463 0.104909 114 114 114 360 228
5.064976 -0.406563 0.105066 114 114 114 364 228
9.046558 -0.791435 0.187659 4 4 4 368 228
9.046087 -0.856664 0.187649 4 4 4 372 228
9.045616 -0.921885 0.187640 4 4 4 376 228
9.045146 -0.987100 0.187630 4 4 4 380 228
9.044676 -1.052308 0.187620 4 4 4 384 228
9.044205 -1.117509 0.187610 4 4 4 388 228
9.043734 -1.182704 0.187601 4 4 4 392 228
9.043263 -1.247892 0.187591 4 4 4 396 228
9.042793 -1.313073 0.187581 4 4 4 400 228
9.042323 -1.378247 0.187571 4 4 4 404 228
9.041853 -1.443414 0.187562 4 4 4 408 228
9.041383 -1.508575 0.187552 4 4 4 412 228
9.040912 -1.573729 0.187542 4 4 4 416 228
9.040442 -1.638876 0.187532 4 4 4 420 228
9.039972 -1.704016 0.187523 4 4 4 424 228
9.039502 -1.769150 0.187513 4 4 4 428 228
5.626034 -1.141682 0.116705 99 99 99 432 228
5.600686 -1.176948 0.116179 99 99 99 436 228
5.636976 -1.225247 0.116932 98 98 98 440 228
5.620539 -1.262227 0.116591 99 99 99 444 228
5.619114 -1.302451 0.116561 99 99 99 448 228
5.637222 -1.347322 0.116937 98 98 98 452 228
5.660843 -1.393812 0.117427 98 98 98 456 228
5.688897 -1.441766 0.118009 97 97 97 460 228
5.720303 -1.490998 0.118660 96 96 96 464 228
5.787146 -1.550177 0.120047 94 94 94 468 228
9.034335 -2.485171 0.187406 4 4 4 472 228
9.033866 -2.550224 0.187396 4 4 4 476 228
8.980908 -2.600073 0.186298 6 6 6 480 228
8.762955 -2.600200 0.181776 12 12 12 484 228
8.555329 -2.600321 0.177469 17 17 17 488 228
8.342961 -2.595969 0.173064 23 23 23 492 228
8.154181 -2.596064 0.169148 29 29 29 496 228
7.973754 -2.596153 0.165405 34 34 34 500 228
7.806261 -2.597943 0.161931 38 38 38 504 228
7.719464 -2.624755 0.160131 41 41 41 508 228
7.555936 -2.623671 0.156738 45 45 45 512 228
7.399192 -2.622631 0.153487 49 49 49 516 228
7.248854 -2.621646 0.150368 54 54 54 520 228
7.104462 -2.620685 0.147373 58 58 58 524 228
6.965709 -2.619761 0.144495 61 61 61 528 228
6.891879 -2.641720 0.142963 64 64 64 532 228
6.891912 -2.691460 0.142964 64 64 64 536 228
6.891946 -2.741200 0.142965 64 64 64 540 228
6.891979 -2.790941 0.142965 64 64 64 544 228
6.892014 -2.840682 0.142966 64 64 64 548 228
6.892046 -2.890423 0.142967 64 64 64 552 228
6.892080 -2.940165 0.142968 64 64 64 556 228
6.892114 -2.989908 0.142968 64 64 64 560 228
6.892147 -3.039651 0.142969 64 64 64 564 228
6.892180 -3.089394 0.142970 64 64 64 568 228
6.892215 -3.139139 0.142970 64 64 64 572 228
6.892249 -3.188883 0.142971 64 64 64 576 228
6.887755 -3.236501 0.142878 64 64 64 580 228
6.887787 -3.286213 0.142879 64 64 64 584 228
6.887819 -3.335925 0.142879 64 64 64 588 228
6.887852 -3.385639 0.142880 64 64 64 592 228
6.887885 -3.435352 0.142881 64 64 64 596 228
6.887916 -3.485066 0.142881 64 64 64 600 228
6.887949 -3.534781 0.142882 64 64 64 604 228
6.887982 -3.584496 0.142883 64 64 64 608 228
6.888015 -3.634212 0.142883 64 64 64 612 228
6.888047 -3.683928 0.142884 64 64 64 616 228
6.888080 -3.733644 0.142885 64 64 64 620 228
6.883492 -3.780824 0.142789 64 64 64 624 228
6.883526 -3.830508 0.142790 64 64 64 628 228
6.883560 -3.880193 0.142791 64 64 64 632 228
6.883594 -3.929879 0.142792 64 64 64 636 228
7.498400 4.321453 0.101443 47 47 47 0 232
7.498010 4.267128 0.101438 47 47 47 4 232
7.497617 4.212807 0.101432 47 47 47 8 232
7.497227 4.158494 0.101427 47 47 47 12 232
7.496836 4.104185 0.101422 47 47 47 16 232
7.496444 4.049882 0.101416 47 47 47 20 232
7.496053 3.995585 0.101411 47 47 47 24 232
3.463796 1.821299 0.046860 159 159 159 28 232
3.462317 1.795539 0.046840 159 159 159 32 232
3.465276 1.772071 0.046880 158 158 158 36 232
3.469834 1.749367 0.046942 158 158 158 40 232
3.475840 1.727315 0.047023 158 158 158 44 232
3.482560 1.705527 0.047114 158 158 158 48 232
3.497224 1.687475 0.047313 158 158 158 52 232
3.510713 1.668654 0.047495 157 157 157 56 232
3.531793 1.653190 0.047780 157 157 157 60 232
8.937885 4.119229 0.120917 7 7 7 64 232
8.937422 4.054530 0.120911 7 7 7 68 232
8.004920 3.573736 0.108295 33 33 33 72 232
8.038136 3.530568 0.108745 32 32 32 76 232
8.124416 3.509845 0.109912 29 29 29 80 232
8.051092 3.420077 0.108920 31 31 31 84 232
8.010184 3.344905 0.108367 33 33 33 88 232
8.075502 3.313914 0.109250 31 31 31 92 232
8.056396 3.247945 0.108992 31 31 31 96 232
8.310560 3.290448 0.112430 24 24 24 100 232
8.295226 3.224525 0.112223 25 25 25 104 232
9.095452 3.469964 0.123049 2 2 2 108 232
9.094976 3.404160 0.123042 2 2 2 112 232
9.094501 3.338363 0.123036 3 3 3 116 232
9.094024 3.272572 0.123030 3 3 3 120 232
9.093549 3.206789 0.123023 3 3 3 124 232
9.093072 3.141013 0.123017 3 3 3 128 232
9.092598 3.075243 0.123010 3 3 3 132 232
9.092122 3.009481 0.123004 3 3 3 136 232
9.091646 2.943725 0.122997 3 3 3 140 232
9.091171 2.877976 0.122991 3 3 3 144 232
9.090695 2.812234 0.122985 3 3 3 148 232
9.090220 2.746499 0.122978 3 3 3 152 232
9.089744 2.680770 0.122972 3 3 3 156 232
9.089269 2.615049 0.122965 3 3 3 160 232
9.088794 2.549335 0.122959 3 3 3 164 232
9.088319 2.483627 0.122952 3 3 3 168 232
9.087844 2.417927 0.122946 3 3 3 172 232
9.087369 2.352233 0.122940 3 3 3 176 232
9.086894 2.286546 0.122933 3 3 3 180 232
9.086418 2.220865 0.122927 3 3 3 184 232
9.085943 2.155192 0.122920 3 3 3 188 232
9.085468 2.089526 0.122914 3 3 3 192 232
9.084993 2.023866 0.122907 3 3 3 196 232
9.084518 1.958214 0.122901 3 3 3 200 232
9.084044 1.892568 0.122895 3 3 3 204 232
9.083570 1.826929 0.122888 3 3 3 208 232
9.083096 1.761297 0.122882 3 3 3 212 232
9.082621 1.695672 0.122875 3 3 3 216 232
9.082146 1.630053 0.122869 3 3 3 220 232
9.081672 1.564442 0.122863 3 3 3 224 232
9.081197 1.498837 0.122856 3 3 3 228 232
9.080722 1.433239 0.122850 3 3 3 232 232
8.032946 1.209906 0.108675 32 32 32 236 232
8.032001 1.151811 0.108662 32 32 32 240 232
8.031060 1.093730 0.108649 32 32 32 244 232
8.098000 1.044417 0.109555 30 30 30 248 232
8.450447 1.028901 0.114323 20 20 20 252 232
8.756326 1.002965 0.118461 12 12 12 256 232
8.743468 0.938406 0.118287 12 12 12 260 232
8.741372 0.875110 0.118259 12 12 12 264 232
8.739275 0.811845 0.118230 12 12 12 268 232
8.737181 0.748609 0.118202 12 12 12 272 232
8.737231 0.685572 0.118203 12 12 12 276 232
8.737621 0.622559 0.118208 12 12 12 280 232
8.737793 0.559526 0.118210 12 12 12 284 232
8.737963 0.496490 0.118213 12 12 12 288 232
8.738132 0.433452 0.118215 12 12 12 292 232
8.733741 0.370219 0.118156 12 12 12 296 232
8.741966 0.307492 0.118267 12 12 12 300 232
8.728766 0.244048 0.118088 13 13 13 304 232
8.726567 0.181022 0.118058 13 13 13 308 232
8.723843 0.118021 0.118022 13 13 13 312 232
8.721120 0.055059 0.117985 13 13 13 316 232
8.718397 -0.007863 0.117948 13 13 13 320 232
8.718800 -0.070772 0.117953 13 13 13 324 232
8.718678 -0.133678 0.117952 13 13 13 328 232
8.718068 -0.196572 0.117942 13 13 13 332 232
8.717459 -0.259456 0.117934 13 13 13 336 232
8.717090 -0.322341 0.117929 13 13 13 340 232
8.184554 -0.361702 0.110725 28 28 28 344 232
5.187258 -0.266669 0.070176 111 111 111 348 232
5.100935 -0.299036 0.069008 113 113 113 352 232
5.102378 -0.335935 0.069027 113 113 113 356 232
5.074961 -0.370747 0.068657 114 114 114 360 232
3.800591 -0.305071 0.051416 149 149 149 364 232
9.064625 -0.793016 0.122631 3 3 3 368 232
9.064153 -0.858374 0.122624 3 3 3 372 232
9.063680 -0.923726 0.122618 3 3 3 376 232
9.063208 -0.989071 0.122611 3 3 3 380 232
9.062736 -1.054410 0.122605 3 3 3 384 232
9.062263 -1.119741 0.122599 3 3 3 388 232
9.061790 -1.185065 0.122592 3 3 3 392 232
9.061318 -1.250383 0.122586 3 3 3 396 232
9.060845 -1.315694 0.122580 3 3 3 400 232
9.060374 -1.380998 0.122573 3 3 3 404 232
9.059902 -1.446296 0.122567 3 3 3 408 232
9.059430 -1.511586 0.122560 3 3 3 412 232
9.058958 -1.576870 0.122554 3 3 3 416 232
9.058486 -1.642147 0.122548 4 4 4 420 232
9.058014 -1.707417 0.122541 4 4 4 424 232
9.057542 -1.772680 0.122535 4 4 4 428 232
5.636692 -1.143845 0.076256 98 98 98 432 232
5.614317 -1.179813 0.075953 99 99 99 436 232
5.631064 -1.223962 0.076180 98 98 98 440 232
5.646643 -1.268090 0.076391 98 98 98 444 232
5.640586 -1.307428 0.076309 98 98 98 448 232
5.657876 -1.352258 0.076543 98 98 98 452 232
5.684270 -1.399580 0.076900 97 97 97 456 232
5.711500 -1.447494 0.077268 96 96 96 460 232
5.750318 -1.498822 0.077793 95 95 95 464 232
5.796780 -1.552757 0.078422 94 94 94 468 232
9.052355 -2.490128 0.122465 4 4 4 472 232
9.051883 -2.555310 0.122458 4 4 4 476 232
8.981109 -2.600131 0.121501 6 6 6 480 232
8.763065 -2.600233 0.118551 12 12 12 484 232
8.555434 -2.600353 0.115742 17 17 17 488 232
8.343063 -2.596001 0.112869 23 23 23 492 232
8.154278 -2.596094 0.110315 29 29 29 496 232
7.973845 -2.596183 0.107874 34 34 34 500 232
7.821825 -2.603123 0.105818 38 38 38 504 232
7.719243 -2.624680 0.104430 41 41 41 508 232
7.555725 -2.623597 0.102218 45 45 45 512 232
7.398988 -2.622558 0.100097 49 49 49 516 232
7.248624 -2.621563 0.098063 54 54 54 520 232
7.104263 -2.620611 0.096110 58 58 58 524 232
6.965518 -2.619689 0.094233 61 61 61 528 232
6.905653 -2.647000 0.093423 63 63 63 532 232
6.905688 -2.696840 0.093424 63 63 63 536 232
6.905721 -2.746679 0.093424 63 63 63 540 232
6.905755 -2.796519 0.093425 63 63 63 544 232
6.905789 -2.846360 0.093425 63 63 63 548 232
6.905823 -2.896201 0.093425 63 63 63 552 232
6.905856 -2.946042 0.093426 63 63 63 556 232
6.905890 -2.995884 0.093426 63 63 63 560 232
6.905924 -3.045727 0.093427 63 63 63 564 232
6.905957 -3.095570 0.093427 63 63 63 568 232
6.905991 -3.145413 0.093428 63 63 63 572 232
6.903336 -3.194013 0.093392 63 63 63 576 232
6.901523 -3.242970 0.093367 63 63 63 580 232
6.901556 -3.292782 0.093368 63 63 63 584 232
6.901588 -3.342594 0.093368 63 63 63 588 232
6.901621 -3.392407 0.093369 63 63 63 592 232
6.901654 -3.442220 0.093369 63 63 63 596 232
6.901686 -3.492033 0.093370 63 63 63 600 232
6.901719 -3.541847 0.093370 63 63 63 604 232
6.901751 -3.591661 0.093370 63 63 63 608 232
6.901784 -3.641477 0.093371 63 63 63 612 232
6.901816 -3.691292 0.093371 63 63 63 616 232
6.901850 -3.741108 0.093372 63 63 63 620 232
6.897254 -3.788382 0.093310 63 63 63 624 232
6.897286 -3.838166 0.093310 63 63 63 628 232
6.897321 -3.887951 0.093311 63 63 63 632 232
6.897355 -3.937736 0.093311 63 63 63 636 232
7.513478 4.330142 0.047435 46 46 46 0 236
7.513085 4.275707 0.047433 46 46 46 4 236
7.512692 4.221278 0.047430 46 46 46 8 236
7.512300 4.166854 0.047428 46 46 46 12 236
7.511907 4.112436 0.047426 46 46 46 16 236
7.511514 4.058024 0.047423 46 46 46 20 236
7.511120 4.003617 0.047421 46 46 46 24 236
3.478013 1.828774 0.021958 158 158 158 28 236
3.468110 1.798544 0.021895 158 158 158 32 236
3.470057 1.774516 0.021908 158 158 158 36 236
3.474163 1.751549 0.021934 158 158 158 40 236
3.482170 1.730461 0.021984 158 158 158 44 236
3.490028 1.709185 0.022034 158 158 158 48 236
3.500866 1.689233 0.022102 157 157 157 52 236
3.517322 1.671795 0.022206 157 157 157 56 236
3.557892 1.665407 0.022462 156 156 156 60 236
3.575871 1.648022 0.022576 155 155 155 64 236
7.900015 3.583903 0.049876 36 36 36 68 236
7.928214 3.539491 0.050054 35 35 35 72 236
8.007451 3.517090 0.050554 33 33 33 76 236
8.105944 3.501865 0.051176 30 30 30 80 236
7.926326 3.367077 0.050042 35 35 35 84 236
7.936703 3.314220 0.050107 35 35 35 88 236
8.030393 3.295403 0.050699 32 32 32 92 236
8.098970 3.265108 0.051132 30 30 30 96 236
8.424316 3.335488 0.053186 21 21 21 100 236
8.283776 3.220074 0.052299 25 25 25 104 236
9.113714 3.476931 0.057538 2 2 2 108 236
9.113235 3.410994 0.057535 2 2 2 112 236
9.112759 3.345065 0.057532 2 2 2 116 236
9.112280 3.279142 0.057529 2 2 2 120 236
9.111803 3.213227 0.057526 2 2 2 124 236
9.111326 3.147318 0.057523 2 2 2 128 236
9.110848 3.081416 0.057520 2 2 2 132 236
9.110371 3.015521 0.057517 2 2 2 136 236
9.109893 2.949633 0.057514 2 2 2 140 236
9.109416 2.883752 0.057511 2 2 2 144 236
9.108938 2.817878 0.057508 2 2 2 148 236
9.108460 2.752010 0.057505 2 2 2 152 236
9.107984 2.686150 0.057502 2 2 2 156 236
9.107507 2.620296 0.057499 2 2 2 160 236
9.107029 2.554450 0.057496 2 2 2 164 236
9.106552 2.488610 0.057493 2 2 2 168 236
9.106076 2.422778 0.057490 2 2 2 172 236
9.105597 2.356951 0.057487 2 2 2 176 236
9.105122 2.291132 0.057484 2 2 2 180 236
9.104644 2.225320 0.057481 2 2 2 184 236
9.104167 2.159515 0.057478 2 2 2 188 236
9.103690 2.093717 0.057475 2 2 2 192 236
9.103214 2.027925 0.057472 2 2 2 196 236
9.102737 1.962141 0.057469 2 2 2 200 236
9.102261 1.896363 0.057466 2 2 2 204 236
9.101785 1.830593 0.057463 2 2 2 208 236
9.101307 1.764828 0.057460 2 2 2 212 236
9.100831 1.699071 0.057457 2 2 2 216 236
9.100354 1.633321 0.057454 2 2 2 220 236
9.099877 1.567578 0.057451 2 2 2 224 236
9.099402 1.501842 0.057448 2 2 2 228 236
9.098926 1.436112 0.057445 2 2 2 232 236
8.021287 1.208150 0.050642 32 32 32 236 236
8.020044 1.150096 0.050634 32 32 32 240 236
8.018803 1.092061 0.050626 32 32 32 244 236
8.060205 1.039543 0.050887 31 31 31 248 236
8.452636 1.029168 0.053365 20 20 20 252 236
8.905509 1.020053 0.056224 8 8 8 256 236
8.766904 0.940922 0.055349 12 12 12 260 236
8.765251 0.877501 0.055338 12 12 12 264 236
8.763597 0.814104 0.055328 12 12 12 268 236
8.761944 0.750731 0.055318 12 12 12 272 236
8.760241 0.687378 0.055307 12 12 12 276 236
8.753203 0.623669 0.055262 12 12 12 280 236
8.761018 0.561013 0.055312 12 12 12 284 236
8.765248 0.498041 0.055338 12 12 12 288 236
8.789021 0.435977 0.055489 11 11 11 292 236
8.804719 0.373227 0.055588 11 11 11 296 236
8.904572 0.313212 0.056218 8 8 8 300 236
8.755775 0.244803 0.055279 12 12 12 304 236
8.752332 0.181556 0.055257 12 12 12 308 236
8.748911 0.118360 0.055235 12 12 12 312 236
8.745491 0.055213 0.055214 12 12 12 316 236
8.742201 -0.007885 0.055193 12 12 12 320 236
8.740639 -0.070949 0.055183 12 12 12 324 236
8.739078 -0.133991 0.055172 12 12 12 328 236
8.737516 -0.197010 0.055162 12 12 12 332 236
8.735955 -0.260007 0.055152 12 12 12 336 236
8.735781 -0.323032 0.055151 12 12 12 340 236
8.082561 -0.357195 0.051027 31 31 31 344 236
5.092396 -0.261793 0.032150 113 113 113 348 236
5.029939 -0.294874 0.031755 115 115 115 352 236
5.031571 -0.331274 0.031766 115 115 115 356 236
9.083714 -0.663604 0.057348 3 3 3 360 236
3.686199 -0.295889 0.023272 152 152 152 364 236
3.688535 -0.322690 0.023287 152 152 152 368 236
9.082292 -0.860092 0.057339 3 3 3 372 236
9.081817 -0.925575 0.057336 3 3 3 376 236
9.081342 -0.991050 0.057333 3 3 3 380 236
9.080868 -1.056519 0.057330 3 3 3 384 236
9.080394 -1.121981 0.057327 3 3 3 388 236
9.079919 -1.187436 0.057324 3 3 3 392 236
9.079445 -1.252885 0.057321 3 3 3 396 236
9.078971 -1.318326 0.057318 3 3 3 400 236
9.078497 -1.383760 0.057315 3 3 3 404 236
9.078022 -1.449188 0.057312 3 3 3 408 236
9.077549 -1.514609 0.057309 3 3 3 412 236
9.077074 -1.580023 0.057306 3 3 3 416 236
9.076600 -1.645431 0.057303 3 3 3 420 236
9.076127 -1.710831 0.057300 3 3 3 424 236
9.075653 -1.776225 0.057297 3 3 3 428 236
5.644200 -1.145368 0.035633 98 98 98 432 236
5.623632 -1.181770 0.035503 99 99 99 436 236
5.707683 -1.240615 0.036034 96 96 96 440 236
5.669579 -1.273240 0.035794 97 97 97 444 236
5.663826 -1.312814 0.035757 98 98 98 448 236
5.680645 -1.357700 0.035863 97 97 97 452 236
5.711975 -1.406401 0.036061 96 96 96 456 236
5.746476 -1.456358 0.036279 95 95 95 460 236
5.806905 -1.513571 0.036661 94 94 94 464 236
5.805267 -1.555031 0.036650 94 94 94 468 236
9.070447 -2.495105 0.057264 3 3 3 472 236
9.069972 -2.560416 0.057261 3 3 3 476 236
8.981220 -2.600163 0.056701 6 6 6 480 236
8.763193 -2.600271 0.055324 12 12 12 484 236
8.555539 -2.600385 0.054013 17 17 17 488 236
8.343164 -2.596033 0.052673 23 23 23 492 236
8.154372 -2.596124 0.051481 29 29 29 496 236
7.973935 -2.596212 0.050342 34 34 34 500 236
7.837450 -2.608323 0.049480 37 37 37 504 236
7.719022 -2.624605 0.048732 41 41 41 508 236
7.555513 -2.623523 0.047700 45 45 45 512 236
7.398785 -2.622486 0.046711 49 49 49 516 236
7.248429 -2.621492 0.045761 54 54 54 520 236
7.104062 -2.620537 0.044850 58 58 58 524 236
6.987041 -2.627784 0.044111 61 61 61 528 236
6.919485 -2.652302 0.043685 63 63 63 532 236
6.919518 -2.702241 0.043685 63 63 63 536 236
6.919552 -2.752180 0.043685 63 63 63 540 236
6.919586 -2.802120 0.043685 63 63 63 544 236
6.919620 -2.852060 0.043685 63 63 63 548 236
6.919654 -2.902001 0.043686 63 63 63 552 236
6.919688 -2.951943 0.043686 63 63 63 556 236
6.919722 -3.001885 0.043686 63 63 63 560 236
6.919755 -3.051827 0.043686 63 63 63 564 236
6.919789 -3.101770 0.043687 63 63 63 568 236
6.919824 -3.151713 0.043687 63 63 63 572 236
6.915315 -3.199555 0.043658 63 63 63 576 236
6.915348 -3.249466 0.043659 63 63 63 580 236
6.915380 -3.299377 0.043659 63 63 63 584 236
6.915413 -3.349290 0.043659 63 63 63 588 236
6.915446 -3.399202 0.043659 63 63 63 592 236
6.915478 -3.449114 0.043659 63 63 63 596 236
6.915511 -3.499028 0.043660 63 63 63 600 236
6.915544 -3.548942 0.043660 63 63 63 604 236
6.915576 -3.598856 0.043660 63 63 63 608 236
6.915609 -3.648771 0.043660 63 63 63 612 236
6.915641 -3.698686 0.043660 63 63 63 616 236
6.915674 -3.748601 0.043661 63 63 63 620 236
6.911068 -3.795970 0.043632 63 63 63 624 236
6.911103 -3.845854 0.043632 63 63 63 628 236
6.911136 -3.895738 0.043632 63 63 63 632 236
6.911171 -3.945623 0.043632 63 63 63 636 236
7.528617 4.338867 -0.006790 46 46 46 0 240
7.528223 4.284322 -0.006789 46 46 46 4 240
7.527828 4.229782 -0.006789 46 46 46 8 240
7.527434 4.175249 -0.006789 46 46 46 12 240
7.527039 4.120720 -0.006788 46 46 46 16 240
7.526645 4.066198 -0.006788 46 46 46 20 240
7.526250 4.011681 -0.006788 46 46 46 24 240
3.517120 1.849337 -0.003172 157 157 157 28 240
3.481928 1.805709 -0.003140 158 158 158 32 240
3.479471 1.779330 -0.003138 158 158 158 36 240
3.481903 1.755451 -0.003140 158 158 158 40 240
3.490834 1.734766 -0.003148 158 158 158 44 240
3.499228 1.713690 -0.003156 158 158 158 48 240
3.508027 1.692688 -0.003164 157 157 157 52 240
3.522368 1.674193 -0.003177 157 157 157 56 240
3.550482 1.661938 -0.003202 156 156 156 60 240
3.572171 1.646317 -0.003222 156 156 156 64 240
7.847108 3.559901 -0.007077 37 37 37 68 240
7.888229 3.521640 -0.007114 36 36 36 72 240
8.003161 3.515206 -0.007218 33 33 33 76 240
8.195751 3.540662 -0.007391 27 27 27 80 240
7.857359 3.337780 -0.007086 37 37 37 84 240
7.888757 3.294199 -0.007114 36 36 36 88 240
8.043521 3.300790 -0.007254 32 32 32 92 240
8.279927 3.338061 -0.007467 25 25 25 96 240
8.279861 3.278293 -0.007467 25 25 25 100 240
8.275370 3.216806 -0.007463 25 25 25 104 240
9.132050 3.483926 -0.008236 1 1 1 108 240
9.131570 3.417857 -0.008235 1 1 1 112 240
9.131090 3.351794 -0.008235 1 1 1 116 240
9.130611 3.285738 -0.008234 2 2 2 120 240
9.130132 3.219690 -0.008234 2 2 2 124 240
9.129652 3.153648 -0.008234 2 2 2 128 240
9.129172 3.087614 -0.008233 2 2 2 132 240
9.128694 3.021586 -0.008233 2 2 2 136 240
9.128213 2.955565 -0.008232 2 2 2 140 240
9.127734 2.889551 -0.008232 2 2 2 144 240
9.127254 2.823544 -0.008231 2 2 2 148 240
9.126776 2.757544 -0.008231 2 2 2 152 240
9.126296 2.691551 -0.008230 2 2 2 156 240
9.125818 2.625565 -0.008230 2 2 2 160 240
9.125339 2.559585 -0.008230 2 2 2 164 240
9.124859 2.493613 -0.008229 2 2 2 168 240
9.124380 2.427648 -0.008229 2 2 2 172 240
9.123900 2.361689 -0.008228 2 2 2 176 240
9.123422 2.295738 -0.008228 2 2 2 180 240
9.122944 2.229793 -0.008227 2 2 2 184 240
9.122465 2.163855 -0.008227 2 2 2 188 240
9.121986 2.097925 -0.008227 2 2 2 192 240
9.121508 2.032001 -0.008226 2 2 2 196 240
9.121029 1.966084 -0.008226 2 2 2 200 240
9.120551 1.900174 -0.008225 2 2 2 204 240
9.120072 1.834271 -0.008225 2 2 2 208 240
9.119595 1.768374 -0.008224 2 2 2 212 240
9.119116 1.702485 -0.008224 2 2 2 216 240
9.118637 1.636603 -0.008224 2 2 2 220 240
9.118160 1.570727 -0.008223 2 2 2 224 240
9.117682 1.504859 -0.008223 2 2 2 228 240
9.117204 1.438997 -0.008222 2 2 2 232 240
8.037433 1.210582 -0.007248 32 32 32 236 240
8.036185 1.152411 -0.007247 32 32 32 240 240
8.034939 1.094258 -0.007246 32 32 32 244 240
8.070821 1.040912 -0.007279 31 31 31 248 240
8.454823 1.029434 -0.007625 20 20 20 252 240
8.595443 0.984537 -0.007752 16 16 16 256 240
8.550775 0.917725 -0.007711 18 18 18 260 240
8.540067 0.854957 -0.007702 18 18 18 264 240
8.529386 0.792347 -0.007692 18 18 18 268 240
8.518730 0.729892 -0.007682 18 18 18 272 240
8.506815 0.667493 -0.007672 19 19 19 276 240
8.503339 0.605866 -0.007669 19 19 19 280 240
8.501076 0.544368 -0.007667 19 19 19 284 240
8.498814 0.482902 -0.007665 19 19 19 288 240
8.514879 0.422378 -0.007679 19 19 19 292 240
8.561963 0.362937 -0.007721 17 17 17 296 240
8.565385 0.301281 -0.007725 17 17 17 300 240
8.513462 0.238028 -0.007678 19 19 19 304 240
8.499094 0.176303 -0.007665 19 19 19 308 240
8.501405 0.115012 -0.007667 19 19 19 312 240
8.503716 0.053687 -0.007669 19 19 19 316 240
8.507778 -0.007673 -0.007674 19 19 19 320 240
8.519914 -0.069157 -0.007685 18 18 18 324 240
8.530441 -0.130792 -0.007694 18 18 18 328 240
8.540998 -0.192579 -0.007704 18 18 18 332 240
8.551579 -0.254519 -0.007713 18 18 18 336 240
8.590177 -0.317648 -0.007748 16 16 16 340 240
8.070271 -0.356652 -0.007279 31 31 31 344 240
5.069188 -0.260599 -0.004572 114 114 114 348 240
5.028903 -0.294813 -0.004536 115 115 115 352 240
5.030004 -0.331170 -0.004537 115 115 115 356 240
5.068538 -0.370278 -0.004572 114 114 114 360 240
3.594979 -0.288567 -0.003243 155 155 155 364 240
3.588066 -0.313901 -0.003236 155 155 155 368 240
9.100501 -0.861817 -0.008208 2 2 2 372 240
9.100024 -0.927430 -0.008208 2 2 2 376 240
9.099548 -0.993037 -0.008208 2 2 2 380 240
9.099072 -1.058637 -0.008207 2 2 2 384 240
9.098596 -1.124230 -0.008207 2 2 2 388 240
9.098121 -1.189816 -0.008206 2 2 2 392 240
9.097644 -1.255396 -0.008206 2 2 2 396 240
9.097168 -1.320968 -0.008205 2 2 2 400 240
9.096692 -1.386534 -0.008205 2 2 2 404 240
9.096216 -1.452093 -0.008204 2 2 2 408 240
9.095741 -1.517645 -0.008204 2 2 2 412 240
9.095264 -1.583190 -0.008204 2 2 2 416 240
9.094790 -1.648728 -0.008203 2 2 2 420 240
9.094314 -1.714259 -0.008203 3 3 3 424 240
9.093837 -1.779783 -0.008202 3 3 3 428 240
5.651728 -1.146896 -0.005098 98 98 98 432 240
5.639553 -1.185116 -0.005087 98 98 98 436 240
5.730290 -1.245529 -0.005169 96 96 96 440 240
5.689859 -1.277795 -0.005132 97 97 97 444 240
5.693333 -1.319654 -0.005135 97 97 97 448 240
5.716690 -1.366315 -0.005156 96 96 96 452 240
5.756622 -1.417394 -0.005192 95 95 95 456 240
5.799757 -1.469861 -0.005231 94 94 94 460 240
5.811585 -1.514791 -0.005242 93 93 93 464 240
5.813367 -1.557200 -0.005243 93 93 93 468 240
9.088608 -2.500101 -0.008198 3 3 3 472 240
9.088134 -2.565543 -0.008197 3 3 3 476 240
8.981333 -2.600196 -0.008101 6 6 6 480 240
8.763300 -2.600302 -0.007904 12 12 12 484 240
8.555602 -2.600404 -0.007717 17 17 17 488 240
8.343264 -2.596064 -0.007525 23 23 23 492 240
8.154467 -2.596154 -0.007355 29 29 29 496 240
7.974025 -2.596241 -0.007192 34 34 34 500 240
7.853137 -2.613544 -0.007083 37 37 37 504 240
7.718802 -2.624530 -0.006962 41 41 41 508 240
7.555301 -2.623450 -0.006815 45 45 45 512 240
7.398583 -2.622415 -0.006673 49 49 49 516 240
7.248234 -2.621422 -0.006538 54 54 54 520 240
7.103875 -2.620468 -0.006407 58 58 58 524 240
6.965144 -2.619548 -0.006282 62 62 62 528 240
6.933374 -2.657626 -0.006254 62 62 62 532 240
6.933408 -2.707665 -0.006254 62 62 62 536 240
6.933442 -2.757705 -0.006254 62 62 62 540 240
6.933476 -2.807745 -0.006254 62 62 62 544 240
6.933510 -2.857786 -0.006254 62 62 62 548 240
6.933544 -2.907826 -0.006254 62 62 62 552 240
6.933578 -2.957868 -0.006254 62 62 62 556 240
6.933613 -3.007911 -0.006254 62 62 62 560 240
6.933647 -3.057953 -0.006254 62 62 62 564 240
6.933681 -3.107996 -0.006254 62 62 62 568 240
6.933715 -3.158040 -0.006254 62 62 62 572 240
6.929187 -3.205973 -0.006250 63 63 63 576 240
6.929220 -3.255985 -0.006250 63 63 63 580 240
6.929255 -3.305997 -0.006250 62 62 62 584 240
6.929288 -3.356009 -0.006250 62 62 62 588 240
6.929323 -3.406023 -0.006250 62 62 62 592 240
6.929356 -3.456036 -0.006250 62 62 62 596 240
6.929390 -3.506050 -0.006250 62 62 62 600 240
6.929424 -3.556065 -0.006250 62 62 62 604 240
6.929458 -3.606080 -0.006250 62 62 62 608 240
6.929491 -3.656095 -0.006250 62 62 62 612 240
6.929525 -3.706111 -0.006250 62 62 62 616 240
6.929559 -3.756128 -0.006250 62 62 62 620 240
6.924948 -3.803593 -0.006246 63 63 63 624 240
6.924982 -3.853577 -0.006246 63 63 63 628 240
6.925014 -3.903561 -0.006246 63 63 63 632 240
6.925047 -3.953545 -0.006246 63 63 63 636 240
7.543817 4.347627 -0.061234 45 45 45 0 244
7.543421 4.292971 -0.061231 45 45 45 4 244
7.543025 4.238321 -0.061227 45 45 45 8 244
7.542628 4.183677 -0.061224 46 46 46 12 244
7.542233 4.129038 -0.061221 46 46 46 16 244
7.541836 4.074405 -0.061218 46 46 46 20 244
7.541439 4.019777 -0.061214 46 46 46 24 244
7.541043 3.965156 -0.061211 46 46 46 28 244
3.504847 1.817595 -0.028449 157 157 157 32 244
3.493969 1.786744 -0.028361 158 158 158 36 244
3.486037 1.757535 -0.028296 158 158 158 40 244
3.502175 1.740402 -0.028427 157 157 157 44 244
3.511016 1.719463 -0.028499 157 157 157 48 244
3.520648 1.698778 -0.028577 157 157 157 52 244
3.532842 1.679172 -0.028676 157 157 157 56 244
3.554019 1.663594 -0.028848 156 156 156 60 244
3.580393 1.650106 -0.029062 155 155 155 64 244
7.849937 3.561184 -0.063719 37 37 37 68 244
7.901817 3.527706 -0.064140 36 36 36 72 244
8.071351 3.545157 -0.065516 31 31 31 76 244
8.071287 3.486893 -0.065515 31 31 31 80 244
7.843561 3.331919 -0.063667 37 37 37 84 244
7.892376 3.295710 -0.064063 36 36 36 88 244
8.071097 3.312106 -0.065514 31 31 31 92 244
8.101536 3.266143 -0.065761 30 30 30 96 244
8.246000 3.264887 -0.066933 26 26 26 100 244
8.265482 3.212963 -0.067092 25 25 25 104 244
9.150459 3.490949 -0.074275 1 1 1 108 244
9.149979 3.424747 -0.074271 1 1 1 112 244
9.149496 3.358550 -0.074267 1 1 1 116 244
9.149014 3.292361 -0.074263 1 1 1 120 244
9.148533 3.226179 -0.074259 1 1 1 124 244
9.148052 3.160004 -0.074255 1 1 1 128 244
9.147570 3.093836 -0.074252 1 1 1 132 244
9.147089 3.027675 -0.074248 1 1 1 136 244
9.146607 2.961521 -0.074244 1 1 1 140 244
9.146127 2.895373 -0.074240 1 1 1 144 244
9.145646 2.829233 -0.074236 1 1 1 148 244
9.145164 2.763100 -0.074232 1 1 1 152 244
9.144683 2.696973 -0.074228 1 1 1 156 244
9.144202 2.630854 -0.074224 1 1 1 160 244
9.143723 2.564742 -0.074220 1 1 1 164 244
9.143241 2.498636 -0.074216 1 1 1 168 244
9.142760 2.432538 -0.074212 1 1 1 172 244
9.142280 2.366446 -0.074209 1 1 1 176 244
9.141799 2.300362 -0.074205 1 1 1 180 244
9.141318 2.234284 -0.074201 1 1 1 184 244
9.140838 2.168213 -0.074197 1 1 1 188 244
9.140357 2.102149 -0.074193 1 1 1 192 244
9.139876 2.036093 -0.074189 1 1 1 196 244
9.139396 1.970043 -0.074185 1 1 1 200 244
9.138915 1.904000 -0.074181 1 1 1 204 244
9.138435 1.837964 -0.074177 1 1 1 208 244
9.137955 1.771935 -0.074173 1 1 1 212 244
9.137474 1.705913 -0.074169 1 1 1 216 244
9.136993 1.639897 -0.074166 1 1 1 220 244
9.136514 1.573889 -0.074162 1 1 1 224 244
9.136034 1.507888 -0.074158 1 1 1 228 244
9.135554 1.441893 -0.074154 1 1 1 232 244
8.054028 1.213081 -0.065375 31 31 31 236 244
8.052391 1.154735 -0.065362 31 31 31 240 244
8.051139 1.096464 -0.065352 31 31 31 244 244
8.081464 1.042285 -0.065598 31 31 31 248 244
8.457011 1.029701 -0.068646 20 20 20 252 244
8.349335 0.956348 -0.067772 23 23 23 256 244
8.334705 0.894535 -0.067653 24 24 24 260 244
8.324503 0.833377 -0.067571 24 24 24 264 244
8.315976 0.772522 -0.067501 24 24 24 268 244
8.307467 0.711791 -0.067432 24 24 24 272 244
8.301872 0.651412 -0.067387 24 24 24 276 244
8.306089 0.591812 -0.067421 24 24 24 280 244
8.305158 0.531822 -0.067413 24 24 24 284 244
8.303177 0.471786 -0.067397 24 24 24 288 244
8.325256 0.412972 -0.067577 24 24 24 292 244
8.376057 0.355057 -0.067989 22 22 22 296 244
8.346261 0.293573 -0.067747 23 23 23 300 244
8.307959 0.232282 -0.067436 24 24 24 304 244
8.302835 0.172232 -0.067395 24 24 24 308 244
8.304353 0.112346 -0.067407 24 24 24 312 244
8.302476 0.052416 -0.067393 24 24 24 316 244
8.300848 -0.007487 -0.067380 24 24 24 320 244
8.308819 -0.067444 -0.067444 24 24 24 324 244
8.316804 -0.127516 -0.067509 24 24 24 328 244
8.324805 -0.187704 -0.067574 24 24 24 332 244
8.334791 -0.248067 -0.067655 24 24 24 336 244
8.360769 -0.309165 -0.067866 23 23 23 340 244
8.071854 -0.356722 -0.065521 31 31 31 344 244
8.018626 -0.412226 -0.065089 32 32 32 348 244
5.054186 -0.296295 -0.041026 114 114 114 352 244
5.054781 -0.332802 -0.041031 114 114 114 356 244
5.102929 -0.372791 -0.041422 113 113 113 360 244
3.569442 -0.286517 -0.028974 156 156 156 364 244
3.568075 -0.312152 -0.028963 156 156 156 368 244
3.600142 -0.340933 -0.029223 155 155 155 372 244
9.118307 -0.929294 -0.074015 2 2 2 376 244
9.117828 -0.995032 -0.074011 2 2 2 380 244
9.117350 -1.060764 -0.074007 2 2 2 384 244
9.116872 -1.126488 -0.074003 2 2 2 388 244
9.116395 -1.192206 -0.074000 2 2 2 392 244
9.115916 -1.257917 -0.073996 2 2 2 396 244
9.115438 -1.323621 -0.073992 2 2 2 400 244
9.114960 -1.389318 -0.073988 2 2 2 404 244
9.114482 -1.455009 -0.073984 2 2 2 408 244
9.114005 -1.520692 -0.073980 2 2 2 412 244
9.113526 -1.586368 -0.073976 2 2 2 416 244
9.113049 -1.652038 -0.073972 2 2 2 420 244
9.112572 -1.717701 -0.073969 2 2 2 424 244
9.112094 -1.783357 -0.073965 2 2 2 428 244
5.659149 -1.148402 -0.045936 98 98 98 432 244
5.653501 -1.188047 -0.045891 98 98 98 436 244
5.746057 -1.248956 -0.046642 95 95 95 440 244
5.717390 -1.283977 -0.046409 96 96 96 444 244
5.728835 -1.327883 -0.046502 96 96 96 448 244
5.753520 -1.375117 -0.046702 95 95 95 452 244
5.789508 -1.425491 -0.046995 94 94 94 456 244
5.845611 -1.481483 -0.047450 93 93 93 460 244
5.816613 -1.516102 -0.047215 93 93 93 464 244
5.822240 -1.559577 -0.047260 93 93 93 468 244
9.106845 -2.505117 -0.073922 2 2 2 472 244
9.106368 -2.570691 -0.073918 2 2 2 476 244
8.981443 -2.600228 -0.072904 6 6 6 480 244
8.763407 -2.600334 -0.071134 12 12 12 484 244
8.555721 -2.600440 -0.069448 17 17 17 488 244
8.343337 -2.596086 -0.067724 23 23 23 492 244
8.154561 -2.596184 -0.066192 29 29 29 496 244
7.974115 -2.596271 -0.064727 34 34 34 500 244
7.868888 -2.618786 -0.063873 36 36 36 504 244
7.718580 -2.624455 -0.062653 41 41 41 508 244
7.555089 -2.623376 -0.061326 45 45 45 512 244
7.398380 -2.622343 -0.060054 50 50 50 516 244
7.248030 -2.621348 -0.058834 54 54 54 520 244
7.103669 -2.620392 -0.057662 58 58 58 524 244
6.964946 -2.619474 -0.056536 62 62 62 528 244
6.947318 -2.662971 -0.056393 62 62 62 532 244
6.947351 -2.713110 -0.056393 62 62 62 536 244
6.947384 -2.763250 -0.056393 62 62 62 540 244
6.947418 -2.813391 -0.056393 62 62 62 544 244
6.947452 -2.863532 -0.056394 62 62 62 548 244
6.947486 -2.913674 -0.056394 62 62 62 552 244
6.947521 -2.963816 -0.056394 62 62 62 556 244
6.947555 -3.013959 -0.056395 62 62 62 560 244
6.947589 -3.064102 -0.056395 62 62 62 564 244
6.947624 -3.114246 -0.056395 62 62 62 568 244
6.947657 -3.164390 -0.056395 62 62 62 572 244
6.943121 -3.212420 -0.056359 62 62 62 576 244
6.943155 -3.262532 -0.056359 62 62 62 580 244
6.943189 -3.312645 -0.056359 62 62 62 584 244
6.943223 -3.362758 -0.056359 62 62 62 588 244
6.943257 -3.412872 -0.056360 62 62 62 592 244
6.943291 -3.462986 -0.056360 62 62 62 596 244
6.943325 -3.513101 -0.056360 62 62 62 600 244
6.943359 -3.563216 -0.056360 62 62 62 604 244
6.943393 -3.613332 -0.056361 62 62 62 608 244
6.943427 -3.663448 -0.056361 62 62 62 612 244
6.943461 -3.713565 -0.056361 62 62 62 616 244
6.943495 -3.763682 -0.056362 62 62 62 620 244
6.938874 -3.811242 -0.056324 62 62 62 624 244
6.938908 -3.861327 -0.056324 62 62 62 628 244
6.938941 -3.911411 -0.056325 62 62 62 632 244
6.938974 -3.961497 -0.056325 62 62 62 636 244
7.559078 4.356422 -0.115898 45 45 45 0 248
7.558680 4.301655 -0.115892 45 45 45 4 248
7.558282 4.246894 -0.115886 45 45 45 8 248
7.557885 4.192139 -0.115880 45 45 45 12 248
7.557487 4.137389 -0.115874 45 45 45 16 248
7.557089 4.082645 -0.115868 45 45 45 20 248
7.556690 4.027906 -0.115862 45 45 45 24 248
7.556292 3.973174 -0.115855 45 45 45 28 248
7.540521 3.910474 -0.115614 46 46 46 32 248
3.517366 1.798709 -0.053929 157 157 157 36 248
3.512369 1.770811 -0.053853 157 157 157 40 248
3.522319 1.750413 -0.054005 157 157 157 44 248
3.524780 1.726204 -0.054043 157 157 157 48 248
3.533633 1.705044 -0.054179 157 157 157 52 248
3.546905 1.685856 -0.054382 156 156 156 56 248
3.565948 1.669178 -0.054674 156 156 156 60 248
3.597531 1.658005 -0.055158 155 155 155 64 248
7.886051 3.577567 -0.120911 36 36 36 68 248
7.924268 3.537730 -0.121497 35 35 35 72 248
7.939690 3.487328 -0.121734 35 35 35 76 248
7.939272 3.429860 -0.121727 35 35 35 80 248
7.884294 3.349222 -0.120884 36 36 36 84 248
7.916178 3.305650 -0.121373 35 35 35 88 248
8.110269 3.328181 -0.124349 30 30 30 92 248
8.088878 3.261039 -0.124021 30 30 30 96 248
8.097326 3.206022 -0.124151 30 30 30 100 248
8.250119 3.206991 -0.126493 26 26 26 104 248
9.168944 3.498001 -0.140581 0 0 0 108 248
9.168461 3.431664 -0.140574 0 0 0 112 248
9.167977 3.365334 -0.140566 0 0 0 116 248
9.167494 3.299011 -0.140559 0 0 0 120 248
9.167011 3.232695 -0.140551 0 0 0 124 248
9.166528 3.166386 -0.140544 1 1 1 128 248
9.166044 3.100084 -0.140537 1 1 1 132 248
9.165561 3.033789 -0.140529 1 1 1 136 248
9.165078 2.967501 -0.140522 1 1 1 140 248
9.164594 2.901220 -0.140514 1 1 1 144 248
9.164111 2.834946 -0.140507 1 1 1 148 248
9.163629 2.768678 -0.140500 1 1 1 152 248
9.163146 2.702418 -0.140492 1 1 1 156 248
9.162663 2.636165 -0.140485 1 1 1 160 248
9.162180 2.569919 -0.140477 1 1 1 164 248
9.161696 2.503680 -0.140470 1 1 1 168 248
9.161214 2.437448 -0.140462 1 1 1 172 248
9.160731 2.371222 -0.140455 1 1 1 176 248
9.160249 2.305004 -0.140448 1 1 1 180 248
9.159766 2.238793 -0.140440 1 1 1 184 248
9.159284 2.172589 -0.140433 1 1 1 188 248
9.158801 2.106391 -0.140425 1 1 1 192 248
9.158319 2.040201 -0.140418 1 1 1 196 248
9.157836 1.974018 -0.140411 1 1 1 200 248
9.157354 1.907841 -0.140403 1 1 1 204 248
9.156873 1.841672 -0.140396 1 1 1 208 248
9.156389 1.775509 -0.140388 1 1 1 212 248
9.155908 1.709354 -0.140381 1 1 1 216 248
9.155425 1.643205 -0.140374 1 1 1 220 248
9.154943 1.577064 -0.140366 1 1 1 224 248
9.154462 1.510929 -0.140359 1 1 1 228 248
9.153979 1.444802 -0.140352 1 1 1 232 248
8.070770 1.215603 -0.123743 31 31 31 236 248
8.068664 1.157068 -0.123711 31 31 31 240 248
8.067405 1.098680 -0.123692 31 31 31 244 248
8.092137 1.043661 -0.124071 30 30 30 248 248
8.185143 0.996599 -0.125497 28 28 28 252 248
8.157177 0.934338 -0.125068 28 28 28 256 248
8.146958 0.874385 -0.124912 29 29 29 260 248
8.136765 0.814582 -0.124755 29 29 29 264 248
8.126599 0.754929 -0.124599 29 29 29 268 248
8.116758 0.695451 -0.124449 30 30 30 272 248
8.115379 0.636778 -0.124427 30 30 30 276 248
8.119410 0.578511 -0.124489 30 30 30 280 248
8.123441 0.520186 -0.124551 29 29 29 284 248
8.124961 0.461660 -0.124574 29 29 29 288 248
7.651193 0.379535 -0.117310 42 42 42 292 248
8.225327 0.348667 -0.126113 27 27 27 296 248
7.660056 0.269437 -0.117446 42 42 42 300 248
7.647205 0.213808 -0.117249 43 43 43 304 248
8.123063 0.168503 -0.124545 29 29 29 308 248
8.118613 0.109833 -0.124478 30 30 30 312 248
8.114169 0.051227 -0.124410 30 30 30 316 248
8.113482 -0.007318 -0.124399 30 30 30 320 248
8.122140 -0.065929 -0.124532 29 29 29 324 248
8.131714 -0.124678 -0.124679 29 29 29 328 248
8.141312 -0.183567 -0.124826 29 29 29 332 248
8.150931 -0.242595 -0.124974 29 29 29 336 248
8.171325 -0.302160 -0.125286 28 28 28 340 248
8.085389 -0.357320 -0.123969 30 30 30 344 248
8.034763 -0.413055 -0.123192 32 32 32 348 248
8.033510 -0.470955 -0.123173 32 32 32 352 248
5.156627 -0.339507 -0.079064 112 112 112 356 248
5.112627 -0.373499 -0.078389 113 113 113 360 248
3.576495 -0.287083 -0.054836 155 155 155 364 248
3.575232 -0.312778 -0.054817 155 155 155 368 248
9.137142 -0.865287 -0.140095 1 1 1 372 248
9.136662 -0.931164 -0.140087 1 1 1 376 248
9.136182 -0.997035 -0.140080 1 1 1 380 248
9.135701 -1.062899 -0.140073 1 1 1 384 248
9.135221 -1.128756 -0.140065 1 1 1 388 248
9.134742 -1.194606 -0.140058 1 1 1 392 248
9.134262 -1.260449 -0.140050 1 1 1 396 248
9.133782 -1.326285 -0.140043 1 1 1 400 248
9.133303 -1.392114 -0.140036 1 1 1 404 248
9.132823 -1.457937 -0.140028 1 1 1 408 248
9.132343 -1.523752 -0.140021 1 1 1 412 248
9.131864 -1.589560 -0.140014 1 1 1 416 248
9.131384 -1.655362 -0.140006 1 1 1 420 248
9.130905 -1.721156 -0.139999 1 1 1 424 248
9.130425 -1.786944 -0.139992 2 2 2 428 248
5.666216 -1.149836 -0.086877 97 97 97 432 248
5.665730 -1.190617 -0.086869 98 98 98 436 248
5.759315 -1.251838 -0.088304 95 95 95 440 248
5.735636 -1.288075 -0.087941 96 96 96 444 248
5.744906 -1.331608 -0.088083 95 95 95 448 248
5.764605 -1.377767 -0.088385 95 95 95 452 248
5.797189 -1.427382 -0.088885 94 94 94 456 248
5.845026 -1.481334 -0.089618 93 93 93 460 248
5.822507 -1.517638 -0.089273 93 93 93 464 248
5.833662 -1.562636 -0.089444 93 93 93 468 248
9.125154 -2.510154 -0.139911 2 2 2 472 248
9.124675 -2.575859 -0.139903 2 2 2 476 248
8.981555 -2.600260 -0.137709 6 6 6 480 248
8.763525 -2.600369 -0.134366 12 12 12 484 248
8.555852 -2.600480 -0.131182 17 17 17 488 248
8.343444 -2.596120 -0.127925 23 23 23 492 248
8.154689 -2.596225 -0.125031 29 29 29 496 248
8.007158 -2.607029 -0.122769 33 33 33 500 248
7.884702 -2.624049 -0.120892 36 36 36 504 248
7.718360 -2.624380 -0.118341 41 41 41 508 248
7.554868 -2.623300 -0.115834 45 45 45 512 248
7.398157 -2.622264 -0.113432 50 50 50 516 248
7.247816 -2.621270 -0.111127 54 54 54 520 248
7.103463 -2.620316 -0.108913 58 58 58 524 248
6.964749 -2.619400 -0.106786 62 62 62 528 248
6.961318 -2.668337 -0.106734 62 62 62 532 248
6.961350 -2.718577 -0.106734 62 62 62 536 248
6.961383 -2.768818 -0.106735 62 62 62 540 248
6.961416 -2.819059 -0.106735 62 62 62 544 248
6.961451 -2.869302 -0.106736 62 62 62 548 248
6.961485 -2.919545 -0.106736 62 62 62 552 248
6.961519 -2.969788 -0.106737 62 62 62 556 248
6.961554 -3.020032 -0.106737 62 62 62 560 248
6.961588 -3.070276 -0.106738 62 62 62 564 248
6.961622 -3.120521 -0.106738 62 62 62 568 248
6.961656 -3.170766 -0.106739 62 62 62 572 248
6.957112 -3.218894 -0.106669 62 62 62 576 248
6.957147 -3.269107 -0.106670 62 62 62 580 248
6.957181 -3.319321 -0.106670 62 62 62 584 248
6.957214 -3.369535 -0.106671 62 62 62 588 248
6.957248 -3.419749 -0.106671 62 62 62 592 248
6.957282 -3.469964 -0.106672 62 62 62 596 248
6.957316 -3.520180 -0.106672 62 62 62 600 248
6.957350 -3.570396 -0.106673 62 62 62 604 248
6.957385 -3.620613 -0.106673 62 62 62 608 248
6.957418 -3.670830 -0.106674 62 62 62 612 248
6.957453 -3.721048 -0.106674 62 62 62 616 248
6.973533 -3.779963 -0.106921 61 61 61 620 248
6.952856 -3.818922 -0.106604 62 62 62 624 248
6.952890 -3.869107 -0.106604 62 62 62 628 248
6.952923 -3.919293 -0.106605 62 62 62 632 248
6.952958 -3.969480 -0.106606 62 62 62 636 248
7.574401 4.365253 -0.170784 45 45 45 0 252
7.574001 4.310375 -0.170775 45 45 45 4 252
7.573602 4.255502 -0.170766 45 45 45 8 252
7.573202 4.200635 -0.170757 45 45 45 12 252
7.572802 4.145773 -0.170748 45 45 45 16 252
7.572403 4.090919 -0.170739 45 45 45 20 252
7.572003 4.036068 -0.170730 45 45 45 24 252
7.571603 3.981225 -0.170721 45 45 45 28 252
7.571204 3.926386 -0.170712 45 45 45 32 252
3.539055 1.809800 -0.079797 156 156 156 36 252
3.530420 1.779912 -0.079602 157 157 157 40 252
3.535930 1.757177 -0.079727 157 157 157 44 252
3.547051 1.737111 -0.079977 156 156 156 48 252
3.555388 1.715541 -0.080165 156 156 156 52 252
3.567567 1.695676 -0.080440 156 156 156 56 252
3.585336 1.678253 -0.080841 155 155 155 60 252
9.192848 4.236735 -0.207276 0 0 0 64 252
7.919570 3.592774 -0.178567 35 35 35 68 252
7.943141 3.546155 -0.179098 34 34 34 72 252
8.041467 3.532031 -0.181315 32 32 32 76 252
9.011104 3.892905 -0.203178 5 5 5 80 252
7.944300 3.374713 -0.179124 34 34 34 84 252
7.948355 3.319086 -0.179216 34 34 34 88 252
9.189447 3.771039 -0.207199 0 0 0 92 252
9.188962 3.704540 -0.207188 0 0 0 96 252
9.188476 3.638047 -0.207177 0 0 0 100 252
8.241291 3.203559 -0.185821 26 26 26 104 252
9.187505 3.505082 -0.207156 0 0 0 108 252
9.187019 3.438611 -0.207145 0 0 0 112 252
9.186534 3.372146 -0.207134 0 0 0 116 252
9.186049 3.305688 -0.207123 0 0 0 120 252
9.185562 3.239238 -0.207112 0 0 0 124 252
9.185077 3.172794 -0.207101 0 0 0 128 252
9.184592 3.106357 -0.207090 0 0 0 132 252
9.184107 3.039928 -0.207079 0 0 0 136 252
9.183622 2.973505 -0.207068 0 0 0 140 252
9.183137 2.907089 -0.207057 0 0 0 144 252
9.182652 2.840681 -0.207046 0 0 0 148 252
9.182167 2.774280 -0.207035 0 0 0 152 252
9.181682 2.707885 -0.207024 0 0 0 156 252
9.181197 2.641498 -0.207013 0 0 0 160 252
9.180713 2.575117 -0.207002 0 0 0 164 252
9.180228 2.508744 -0.206991 0 0 0 168 252
9.179744 2.442378 -0.206981 0 0 0 172 252
9.179259 2.376018 -0.206970 0 0 0 176 252
9.178775 2.309666 -0.206959 0 0 0 180 252
9.178290 2.243320 -0.206948 0 0 0 184 252
9.177806 2.176982 -0.206937 0 0 0 188 252
9.177320 2.110651 -0.206926 0 0 0 192 252
9.176836 2.044326 -0.206915 0 0 0 196 252
9.176352 1.978009 -0.206904 0 0 0 200 252
9.175867 1.911698 -0.206893 0 0 0 204 252
9.175384 1.845395 -0.206882 0 0 0 208 252
9.174899 1.779099 -0.206871 0 0 0 212 252
9.174415 1.712809 -0.206860 0 0 0 216 252
9.173930 1.646527 -0.206849 0 0 0 220 252
9.173446 1.580251 -0.206839 0 0 0 224 252
9.172962 1.513983 -0.206828 0 0 0 228 252
9.172479 1.447721 -0.206817 0 0 0 232 252
8.087584 1.218135 -0.182355 30 30 30 236 252
8.085002 1.159411 -0.182297 30 30 30 240 252
8.083738 1.100904 -0.182268 31 31 31 244 252
8.102838 1.045041 -0.182699 30 30 30 248 252
8.048502 0.979962 -0.181474 31 31 31 252 252
8.042285 0.921178 -0.181334 32 32 32 256 252
8.039720 0.862875 -0.181276 32 32 32 260 252
8.037157 0.804610 -0.181218 32 32 32 264 252
8.034595 0.746383 -0.181160 32 32 32 268 252
8.032015 0.688190 -0.181102 32 32 32 272 252
8.030882 0.630148 -0.181076 32 32 32 276 252
8.030361 0.572166 -0.181065 32 32 32 280 252
8.029840 0.514192 -0.181053 32 32 32 284 252
8.029369 0.456228 -0.181042 32 32 32 288 252
7.639735 0.378967 -0.172257 43 43 43 292 252
8.071590 0.342150 -0.181994 31 31 31 296 252
7.674076 0.269930 -0.173031 42 42 42 300 252
7.663832 0.214273 -0.172802 42 42 42 304 252
8.023385 0.166435 -0.180909 32 32 32 308 252
8.021764 0.108523 -0.180872 32 32 32 312 252
8.020147 0.050634 -0.180836 32 32 32 316 252
8.019254 -0.007233 -0.180815 32 32 32 320 252
8.019695 -0.065097 -0.180825 32 32 32 324 252
8.020137 -0.122968 -0.180835 32 32 32 328 252
8.020561 -0.180844 -0.180845 32 32 32 332 252
8.020977 -0.238727 -0.180854 32 32 32 336 252
8.025088 -0.296752 -0.180947 32 32 32 340 252
8.098970 -0.357920 -0.182613 30 30 30 344 252
8.050963 -0.413888 -0.181530 31 31 31 348 252
8.049706 -0.471904 -0.181502 31 31 31 352 252
5.164286 -0.340011 -0.116443 111 111 111 356 252
5.121570 -0.374152 -0.115479 113 113 113 360 252
3.607125 -0.289542 -0.081332 155 155 155 364 252
3.605009 -0.315383 -0.081285 155 155 155 368 252
9.155574 -0.867032 -0.206437 1 1 1 372 252
9.155091 -0.933043 -0.206426 1 1 1 376 252
9.154610 -0.999046 -0.206415 1 1 1 380 252
9.154128 -1.065043 -0.206404 1 1 1 384 252
9.153646 -1.131032 -0.206393 1 1 1 388 252
9.153164 -1.197015 -0.206382 1 1 1 392 252
9.152682 -1.262991 -0.206372 1 1 1 396 252
9.152201 -1.328959 -0.206361 1 1 1 400 252
9.151718 -1.394921 -0.206350 1 1 1 404 252
9.151237 -1.460876 -0.206339 1 1 1 408 252
9.150755 -1.526824 -0.206328 1 1 1 412 252
9.150273 -1.592765 -0.206317 1 1 1 416 252
9.149792 -1.658699 -0.206306 1 1 1 420 252
9.149310 -1.724626 -0.206296 1 1 1 424 252
5.709829 -1.117489 -0.128743 96 96 96 428 252
5.675056 -1.151630 -0.127959 97 97 97 432 252
5.678576 -1.193316 -0.128039 97 97 97 436 252
5.760643 -1.252127 -0.129889 95 95 95 440 252
5.737686 -1.288535 -0.129371 96 96 96 444 252
5.747903 -1.332302 -0.129602 95 95 95 448 252
5.762969 -1.377376 -0.129941 95 95 95 452 252
5.794105 -1.426623 -0.130643 94 94 94 456 252
5.833557 -1.478428 -0.131533 93 93 93 460 252
5.829062 -1.519347 -0.131432 93 93 93 464 252
5.858021 -1.569161 -0.132085 92 92 92 468 252
9.143538 -2.515211 -0.206165 1 1 1 472 252
9.143057 -2.581048 -0.206154 1 1 1 476 252
8.981672 -2.600294 -0.202516 6 6 6 480 252
8.763660 -2.600409 -0.197600 12 12 12 484 252
8.555982 -2.600519 -0.192917 17 17 17 488 252
8.343552 -2.596153 -0.188127 23 23 23 492 252
8.154791 -2.596258 -0.183871 29 29 29 496 252
7.974380 -2.596357 -0.179804 34 34 34 500 252
7.900575 -2.629332 -0.178139 36 36 36 504 252
7.718118 -2.624297 -0.174025 41 41 41 508 252
7.554635 -2.623219 -0.170339 45 45 45 512 252
7.397935 -2.622185 -0.166806 50 50 50 516 252
7.247602 -2.621193 -0.163416 54 54 54 520 252
7.103258 -2.620241 -0.160162 58 58 58 524 252
6.975341 -2.623384 -0.157278 61 61 61 528 252
6.975374 -2.673725 -0.157278 61 61 61 532 252
6.975407 -2.724067 -0.157279 61 61 61 536 252
6.975440 -2.774409 -0.157280 61 61 61 540 252
6.975472 -2.824752 -0.157280 61 61 61 544 252
6.975505 -2.875095 -0.157281 61 61 61 548 252
6.975540 -2.925439 -0.157282 61 61 61 552 252
6.975575 -2.975784 -0.157283 61 61 61 556 252
6.975609 -3.026129 -0.157284 61 61 61 560 252
6.975643 -3.076475 -0.157284 61 61 61 564 252
6.975678 -3.126822 -0.157285 61 61 61 568 252
6.975713 -3.177168 -0.157286 61 61 61 572 252
6.971160 -3.225393 -0.157183 61 61 61 576 252
6.971194 -3.275708 -0.157184 61 61 61 580 252
6.971228 -3.326023 -0.157185 61 61 61 584 252
6.971262 -3.376338 -0.157185 61 61 61 588 252
6.971295 -3.426654 -0.157186 61 61 61 592 252
6.971330 -3.476971 -0.157187 61 61 61 596 252
6.971364 -3.527288 -0.157188 61 61 61 600 252
6.971398 -3.577605 -0.157189 61 61 61 604 252
6.971433 -3.627924 -0.157189 61 61 61 608 252
6.971467 -3.678242 -0.157190 61 61 61 612 252
6.971501 -3.728561 -0.157191 61 61 61 616 252
6.973401 -3.779892 -0.157234 61 61 61 620 252
6.966895 -3.826633 -0.157087 61 61 61 624 252
6.966929 -3.876920 -0.157088 61 61 61 628 252
6.966963 -3.927207 -0.157089 61 61 61 632 252
6.966997 -3.977495 -0.157089 61 61 61 636 252
7.589786 4.374119 -0.225893 44 44 44 0 256
7.589385 4.319129 -0.225881 44 44 44 4 256
7.588983 4.264144 -0.225869 44 44 44 8 256
7.588583 4.209166 -0.225857 44 44 44 12 256
7.588181 4.154193 -0.225845 44 44 44 16 256
7.587780 4.099226 -0.225833 44 44 44 20 256
7.587378 4.044264 -0.225821 44 44 44 24 256
7.586977 3.989308 -0.225809 44 44 44 28 256
7.586575 3.934358 -0.225797 44 44 44 32 256
3.536668 1.808579 -0.105261 157 157 157 36 256
3.535567 1.782507 -0.105228 157 157 157 40 256
3.544139 1.761257 -0.105483 156 156 156 44 256
3.559249 1.743085 -0.105933 156 156 156 48 256
3.581026 1.727911 -0.106581 155 155 155 52 256
3.726430 1.771185 -0.110909 151 151 151 56 256
3.791416 1.774717 -0.112843 149 149 149 60 256
9.097633 4.192853 -0.270771 2 2 2 64 256
9.097542 4.127170 -0.270768 2 2 2 68 256
7.965595 3.556180 -0.237078 34 34 34 72 256
8.016187 3.520927 -0.238584 32 32 32 76 256
9.029383 3.900801 -0.268739 4 4 4 80 256
7.983865 3.391520 -0.237622 33 33 33 84 256
7.973860 3.329737 -0.237324 34 34 34 88 256
9.096995 3.733100 -0.270752 2 2 2 92 256
9.096906 3.667427 -0.270749 2 2 2 96 256
9.096814 3.601754 -0.270746 2 2 2 100 256
9.096723 3.536083 -0.270744 2 2 2 104 256
9.096632 3.470413 -0.270741 2 2 2 108 256
9.096541 3.404746 -0.270738 2 2 2 112 256
9.096450 3.339078 -0.270736 2 2 2 116 256
9.096360 3.273413 -0.270733 2 2 2 120 256
9.096268 3.207748 -0.270730 2 2 2 124 256
9.096177 3.142085 -0.270727 2 2 2 128 256
9.096087 3.076423 -0.270725 2 2 2 132 256
9.095995 3.010763 -0.270722 2 2 2 136 256
9.095904 2.945104 -0.270719 2 2 2 140 256
9.095813 2.879446 -0.270716 2 2 2 144 256
9.095722 2.813789 -0.270714 2 2 2 148 256
9.095630 2.748134 -0.270711 2 2 2 152 256
9.095540 2.682480 -0.270708 2 2 2 156 256
9.095449 2.616827 -0.270706 2 2 2 160 256
9.095358 2.551176 -0.270703 2 2 2 164 256
9.095266 2.485526 -0.270700 2 2 2 168 256
9.095176 2.419878 -0.270698 2 2 2 172 256
9.095084 2.354230 -0.270695 2 2 2 176 256
9.094995 2.288584 -0.270692 2 2 2 180 256
9.094902 2.222939 -0.270689 2 2 2 184 256
9.094811 2.157296 -0.270687 2 2 2 188 256
9.094721 2.091654 -0.270684 2 2 2 192 256
9.094630 2.026013 -0.270681 2 2 2 196 256
9.094539 1.960373 -0.270679 3 3 3 200 256
9.094448 1.894735 -0.270676 3 3 3 204 256
9.094357 1.829098 -0.270673 3 3 3 208 256
9.094266 1.763463 -0.270670 3 3 3 212 256
9.094175 1.697829 -0.270668 3 3 3 216 256
9.094084 1.632196 -0.270665 3 3 3 220 256
9.093993 1.566564 -0.270662 3 3 3 224 256
9.093902 1.500934 -0.270660 3 3 3 228 256
9.093811 1.435305 -0.270657 3 3 3 232 256
8.104466 1.220678 -0.241211 30 30 30 236 256
8.101405 1.161764 -0.241120 30 30 30 240 256
8.100138 1.103137 -0.241082 30 30 30 244 256
8.113564 1.046425 -0.241482 30 30 30 248 256
8.059426 0.981292 -0.239871 31 31 31 252 256
8.051368 0.922218 -0.239631 31 31 31 256 256
8.050104 0.863990 -0.239593 31 31 31 260 256
8.048841 0.805780 -0.239556 31 31 31 264 256
8.047580 0.747589 -0.239518 32 32 32 268 256
8.046319 0.689416 -0.239481 32 32 32 272 256
8.045058 0.631261 -0.239443 32 32 32 276 256
8.043799 0.573124 -0.239406 32 32 32 280 256
8.042539 0.515005 -0.239368 32 32 32 284 256
8.041280 0.456905 -0.239331 32 32 32 288 256
7.496522 0.371863 -0.223117 47 47 47 292 256
8.086991 0.342803 -0.240691 30 30 30 296 256
7.490877 0.263486 -0.222950 47 47 47 300 256
7.533119 0.210619 -0.224207 46 46 46 304 256
8.034991 0.166676 -0.239145 32 32 32 308 256
8.033733 0.108685 -0.239107 32 32 32 312 256
8.032475 0.050712 -0.239070 32 32 32 316 256
8.031218 -0.007243 -0.239032 32 32 32 320 256
8.029961 -0.065180 -0.238995 32 32 32 324 256
8.028704 -0.123099 -0.238957 32 32 32 328 256
8.027449 -0.181000 -0.238920 32 32 32 332 256
8.026195 -0.238882 -0.238883 32 32 32 336 256
8.031632 -0.296994 -0.239045 32 32 32 340 256
8.073725 -0.356804 -0.240297 31 31 31 344 256
8.067229 -0.414724 -0.240104 31 31 31 348 256
8.065967 -0.472857 -0.240067 31 31 31 352 256
5.173086 -0.340591 -0.153966 111 111 111 356 256
5.130818 -0.374828 -0.152708 112 112 112 360 256
3.575787 -0.287026 -0.106426 155 155 155 364 256
3.570918 -0.312401 -0.106281 156 156 156 368 256
9.090628 -0.860882 -0.270563 3 3 3 372 256
9.090536 -0.926463 -0.270561 3 3 3 376 256
9.090446 -0.992044 -0.270558 3 3 3 380 256
9.090355 -1.057623 -0.270555 3 3 3 384 256
9.090263 -1.123201 -0.270553 3 3 3 388 256
9.090173 -1.188777 -0.270550 3 3 3 392 256
9.090082 -1.254352 -0.270547 3 3 3 396 256
9.089991 -1.319926 -0.270544 3 3 3 400 256
9.089901 -1.385499 -0.270542 3 3 3 404 256
9.089808 -1.451070 -0.270539 3 3 3 408 256
9.089718 -1.516640 -0.270536 3 3 3 412 256
9.089627 -1.582208 -0.270534 3 3 3 416 256
9.089537 -1.647776 -0.270531 3 3 3 420 256
9.089446 -1.713342 -0.270528 3 3 3 424 256
5.719231 -1.119329 -0.170221 96 96 96 428 256
5.700037 -1.156699 -0.169650 97 97 97 432 256
5.821448 -1.223340 -0.173263 93 93 93 436 256
5.777658 -1.255825 -0.171960 94 94 94 440 256
5.741943 -1.289492 -0.170897 95 95 95 444 256
5.749207 -1.332605 -0.171113 95 95 95 448 256
5.761238 -1.376962 -0.171471 95 95 95 452 256
5.790289 -1.425683 -0.172336 94 94 94 456 256
5.823122 -1.475783 -0.173313 93 93 93 460 256
5.852716 -1.525512 -0.174194 92 92 92 464 256
9.088446 -2.434481 -0.270498 3 3 3 468 256
9.088354 -2.500031 -0.270496 3 3 3 472 256
9.088264 -2.565580 -0.270493 3 3 3 476 256
8.981815 -2.600336 -0.267325 6 6 6 480 256
8.763795 -2.600449 -0.260836 12 12 12 484 256
8.556110 -2.600558 -0.254654 17 17 17 488 256
8.343658 -2.596187 -0.248331 23 23 23 492 256
8.154893 -2.596290 -0.242713 29 29 29 496 256
7.974464 -2.596385 -0.237343 34 34 34 500 256
7.888537 -2.625325 -0.234786 36 36 36 504 256
7.717847 -2.624205 -0.229705 41 41 41 508 256
7.554402 -2.623138 -0.224841 45 45 45 512 256
7.397711 -2.622106 -0.220177 50 50 50 516 256
7.247388 -2.621116 -0.215703 54 54 54 520 256
7.103053 -2.620165 -0.211407 58 58 58 524 256
6.989454 -2.628691 -0.208026 61 61 61 528 256
6.989487 -2.679134 -0.208027 61 61 61 532 256
6.989520 -2.729578 -0.208028 61 61 61 536 256
6.989552 -2.780022 -0.208029 61 61 61 540 256
6.989586 -2.830467 -0.208030 61 61 61 544 256
6.989619 -2.880912 -0.208031 61 61 61 548 256
6.989652 -2.931358 -0.208032 61 61 61 552 256
6.989686 -2.981804 -0.208033 61 61 61 556 256
6.989720 -3.032251 -0.208034 61 61 61 560 256
6.989755 -3.082699 -0.208035 61 61 61 564 256
6.989790 -3.133147 -0.208036 61 61 61 568 256
6.989824 -3.183595 -0.208037 61 61 61 572 256
6.985263 -3.231919 -0.207901 61 61 61 576 256
6.985298 -3.282335 -0.207902 61 61 61 580 256
6.985332 -3.332752 -0.207903 61 61 61 584 256
6.985366 -3.383169 -0.207904 61 61 61 588 256
6.985401 -3.433587 -0.207906 61 61 61 592 256
6.985435 -3.484005 -0.207907 61 61 61 596 256
6.985469 -3.534424 -0.207908 61 61 61 600 256
6.985503 -3.584844 -0.207909 61 61 61 604 256
6.985538 -3.635264 -0.207910 61 61 61 608 256
6.985571 -3.685684 -0.207911 61 61 61 612 256
6.985606 -3.736105 -0.207912 61 61 61 616 256
6.980956 -3.783987 -0.207773 61 61 61 620 256
6.980990 -3.834375 -0.207774 61 61 61 624 256
6.981024 -3.884763 -0.207775 61 61 61 628 256
6.981059 -3.935153 -0.207776 61 61 61 632 256
6.981093 -3.985542 -0.207777 61 61 61 636 256
7.605233 4.383022 -0.281226 44 44 44 0 260
7.604831 4.327919 -0.281211 44 44 44 4 260
7.604428 4.272822 -0.281197 44 44 44 8 260
7.604025 4.217731 -0.281182 44 44 44 12 260
7.603621 4.162645 -0.281167 44 44 44 16 260
7.603218 4.107566 -0.281152 44 44 44 20 260
7.602815 4.052492 -0.281137 44 44 44 24 260
7.602412 3.997424 -0.281122 44 44 44 28 260
7.602009 3.942362 -0.281107 44 44 44 32 260
3.527381 1.803831 -0.130436 157 157 157 36 260
3.532402 1.780911 -0.130621 157 157 157 40 260
3.545938 1.762151 -0.131122 156 156 156 44 260
3.563195 1.745017 -0.131760 156 156 156 48 260
3.590523 1.732494 -0.132770 155 155 155 52 260
3.659440 1.739344 -0.135319 153 153 153 56 260
3.727693 1.744889 -0.137843 151 151 151 60 260
8.889105 4.096747 -0.328701 8 8 8 64 260
8.889017 4.032571 -0.328698 8 8 8 68 260
7.989463 3.566835 -0.295434 33 33 33 72 260
8.033095 3.528354 -0.297048 32 32 32 76 260
8.888756 3.840049 -0.328688 8 8 8 80 260
8.456030 3.592094 -0.312687 20 20 20 84 260
8.007223 3.343669 -0.296091 33 33 33 88 260
8.091853 3.320624 -0.299221 30 30 30 92 260
8.455184 3.408716 -0.312656 20 20 20 96 260
8.499961 3.365439 -0.314312 19 19 19 100 260
8.558352 3.326807 -0.316471 17 17 17 104 260
8.615545 3.286876 -0.318586 16 16 16 108 260
8.888062 3.326714 -0.328663 8 8 8 112 260
8.887974 3.262552 -0.328659 8 8 8 116 260
8.887888 3.198392 -0.328656 8 8 8 120 260
8.887800 3.134233 -0.328653 8 8 8 124 260
8.887713 3.070076 -0.328650 8 8 8 128 260
8.887627 3.005919 -0.328647 8 8 8 132 260
8.887539 2.941764 -0.328643 8 8 8 136 260
8.887453 2.877611 -0.328640 8 8 8 140 260
8.887365 2.813458 -0.328637 8 8 8 144 260
8.887279 2.749307 -0.328634 8 8 8 148 260
8.887193 2.685157 -0.328631 8 8 8 152 260
8.887105 2.621008 -0.328627 8 8 8 156 260
8.887017 2.556860 -0.328624 8 8 8 160 260
8.886931 2.492714 -0.328621 8 8 8 164 260
8.886844 2.428569 -0.328618 8 8 8 168 260
8.886758 2.364425 -0.328614 8 8 8 172 260
8.886670 2.300283 -0.328611 8 8 8 176 260
8.886583 2.236142 -0.328608 8 8 8 180 260
8.886497 2.172002 -0.328605 8 8 8 184 260
8.886409 2.107863 -0.328602 8 8 8 188 260
8.886323 2.043725 -0.328598 8 8 8 192 260
8.886236 1.979589 -0.328595 8 8 8 196 260
8.886148 1.915454 -0.328592 8 8 8 200 260
8.886063 1.851321 -0.328589 8 8 8 204 260
8.885975 1.787188 -0.328586 8 8 8 208 260
8.885888 1.723057 -0.328582 8 8 8 212 260
8.885802 1.658927 -0.328579 8 8 8 216 260
8.885715 1.594798 -0.328576 8 8 8 220 260
8.885629 1.530671 -0.328573 8 8 8 224 260
8.885541 1.466544 -0.328569 8 8 8 228 260
8.885454 1.402419 -0.328566 8 8 8 232 260
8.121420 1.223232 -0.300314 29 29 29 236 260
8.117875 1.164125 -0.300183 30 30 30 240 260
8.116603 1.105380 -0.300136 30 30 30 244 260
8.124322 1.047812 -0.300421 29 29 29 248 260
8.076133 0.983326 -0.298639 31 31 31 252 260
8.067729 0.924092 -0.298328 31 31 31 256 260
8.066462 0.865746 -0.298281 31 31 31 260 260
8.065194 0.807417 -0.298235 31 31 31 264 260
8.063928 0.749107 -0.298188 31 31 31 268 260
8.062661 0.690816 -0.298141 31 31 31 272 260
7.623264 0.598164 -0.281893 43 43 43 276 260
7.623182 0.543155 -0.281890 43 43 43 280 260
7.379033 0.472518 -0.272862 50 50 50 284 260
7.623038 0.433141 -0.281885 43 43 43 288 260
7.308428 0.362532 -0.270251 52 52 52 292 260
7.285317 0.308821 -0.269397 53 53 53 296 260
7.317997 0.257405 -0.270606 52 52 52 300 260
7.622725 0.213124 -0.281874 43 43 43 304 260
7.622638 0.158122 -0.281871 43 43 43 308 260
7.403186 0.100154 -0.273756 49 49 49 312 260
7.622478 0.048123 -0.281865 43 43 43 316 260
7.622402 -0.006875 -0.281862 43 43 43 320 260
8.046233 -0.065312 -0.297535 32 32 32 324 260
8.044971 -0.123348 -0.297488 32 32 32 328 260
8.043710 -0.181366 -0.297441 32 32 32 332 260
8.042450 -0.239366 -0.297395 32 32 32 336 260
8.047867 -0.297595 -0.297595 32 32 32 340 260
8.126267 -0.359127 -0.300494 29 29 29 344 260
8.083562 -0.415564 -0.298915 31 31 31 348 260
8.082294 -0.473814 -0.298868 31 31 31 352 260
5.175660 -0.340760 -0.191386 111 111 111 356 260
5.136452 -0.375240 -0.189936 112 112 112 360 260
3.508599 -0.281633 -0.129741 157 157 157 364 260
3.504973 -0.306631 -0.129607 157 157 157 368 260
8.882415 -0.841164 -0.328455 8 8 8 372 260
8.882328 -0.905244 -0.328452 8 8 8 376 260
8.882241 -0.969322 -0.328449 8 8 8 380 260
8.882155 -1.033400 -0.328445 8 8 8 384 260
8.882068 -1.097476 -0.328442 8 8 8 388 260
8.881982 -1.161551 -0.328439 8 8 8 392 260
8.881895 -1.225624 -0.328436 8 8 8 396 260
8.881807 -1.289696 -0.328433 8 8 8 400 260
8.881721 -1.353768 -0.328429 8 8 8 404 260
8.881634 -1.417837 -0.328426 8 8 8 408 260
8.881547 -1.481906 -0.328423 8 8 8 412 260
8.881461 -1.545973 -0.328420 8 8 8 416 260
8.881373 -1.610039 -0.328416 8 8 8 420 260
5.777009 -1.088954 -0.213623 94 94 94 424 260
5.744030 -1.124182 -0.212403 95 95 95 428 260
5.759675 -1.168802 -0.212982 95 95 95 432 260
5.818728 -1.222769 -0.215166 93 93 93 436 260
5.778205 -1.255944 -0.213667 94 94 94 440 260
5.750945 -1.291513 -0.212659 95 95 95 444 260
5.748002 -1.332325 -0.212550 95 95 95 448 260
5.749298 -1.374108 -0.212598 95 95 95 452 260
5.799989 -1.428072 -0.214473 94 94 94 456 260
5.819571 -1.474883 -0.215197 93 93 93 460 260
5.882382 -1.533244 -0.217519 92 92 92 464 260
8.880333 -2.378734 -0.328378 8 8 8 468 260
8.880246 -2.442784 -0.328375 8 8 8 472 260
8.880158 -2.506833 -0.328371 8 8 8 476 260
8.880073 -2.570880 -0.328368 8 8 8 480 260
8.763931 -2.600490 -0.324074 12 12 12 484 260
8.556240 -2.600598 -0.316394 17 17 17 488 260
8.343766 -2.596220 -0.308537 23 23 23 492 260
8.154981 -2.596318 -0.301556 29 29 29 496 260
7.974548 -2.596412 -0.294884 34 34 34 500 260
7.888285 -2.625241 -0.291694 36 36 36 504 260
7.717604 -2.624123 -0.285382 41 41 41 508 260
7.554154 -2.623052 -0.279338 45 45 45 512 260
7.397488 -2.622027 -0.273545 50 50 50 516 260
7.247174 -2.621038 -0.267987 54 54 54 520 260
7.102847 -2.620089 -0.262650 58 58 58 524 260
7.003624 -2.634021 -0.258981 60 60 60 528 260
7.003657 -2.684566 -0.258982 60 60 60 532 260
7.003691 -2.735112 -0.258983 60 60 60 536 260
7.003724 -2.785659 -0.258984 60 60 60 540 260
7.003757 -2.836205 -0.258986 60 60 60 544 260
7.003790 -2.886753 -0.258987 60 60 60 548 260
7.003824 -2.937301 -0.258988 60 60 60 552 260
7.003856 -2.987849 -0.258989 60 60 60 556 260
7.003891 -3.038398 -0.258991 60 60 60 560 260
7.003924 -3.088948 -0.258992 60 60 60 564 260
7.003959 -3.139499 -0.258993 60 60 60 568 260
7.003994 -3.190049 -0.258994 60 60 60 572 260
6.999425 -3.238471 -0.258825 61 61 61 576 260
6.999459 -3.288989 -0.258827 61 61 61 580 260
6.999494 -3.339509 -0.258828 61 61 61 584 260
6.999528 -3.390028 -0.258829 61 61 61 588 260
6.999563 -3.440549 -0.258830 61 61 61 592 260
6.999597 -3.491069 -0.258832 61 61 61 596 260
6.999631 -3.541590 -0.258833 61 61 61 600 260
6.999665 -3.592112 -0.258834 61 61 61 604 260
6.999700 -3.642634 -0.258836 61 61 61 608 260
6.999735 -3.693157 -0.258837 61 61 61 612 260
6.999768 -3.743680 -0.258838 61 61 61 616 260
6.995109 -3.791658 -0.258666 61 61 61 620 260
6.995143 -3.842149 -0.258667 61 61 61 624 260
6.995178 -3.892639 -0.258668 61 61 61 628 260
6.995211 -3.943130 -0.258670 61 61 61 632 260
6.995246 -3.993622 -0.258671 61 61 61 636 260
7.620745 4.391962 -0.336785 43 43 43 0 264
7.620339 4.336745 -0.336767 43 43 43 4 264
7.619935 4.281536 -0.336750 43 43 43 8 264
7.619531 4.226332 -0.336732 43 43 43 12 264
7.619125 4.171133 -0.336714 43 43 43 16 264
7.618720 4.115941 -0.336696 43 43 43 20 264
7.618316 4.060755 -0.336678 43 43 43 24 264
3.529094 1.855633 -0.155962 157 157 157 28 264
3.503696 1.816998 -0.154840 157 157 157 32 264
3.503000 1.791363 -0.154809 157 157 157 36 264
3.512321 1.770787 -0.155221 157 157 157 40 264
3.528594 1.753532 -0.155940 157 157 157 44 264
3.549449 1.738285 -0.156862 156 156 156 48 264
3.578145 1.726521 -0.158130 155 155 155 52 264
3.626104 1.723500 -0.160249 154 154 154 56 264
3.682191 1.723590 -0.162728 152 152 152 60 264
3.738654 1.723045 -0.165223 151 151 151 64 264
8.288007 3.759918 -0.366274 25 25 25 68 264
8.035466 3.587373 -0.355113 32 32 32 72 264
8.048382 3.535068 -0.355684 31 31 31 76 264
8.307436 3.588912 -0.367132 24 24 24 80 264
8.259324 3.508534 -0.365006 26 26 26 84 264
8.051408 3.362119 -0.355818 31 31 31 88 264
8.123312 3.333533 -0.358995 29 29 29 92 264
8.285119 3.340154 -0.366146 25 25 25 96 264
8.280931 3.278717 -0.365961 25 25 25 100 264
8.689090 3.377628 -0.383999 14 14 14 104 264
8.639166 3.295888 -0.381793 15 15 15 108 264
8.688923 3.252178 -0.383992 14 14 14 112 264
8.688839 3.189455 -0.383988 14 14 14 116 264
8.688757 3.126733 -0.383984 14 14 14 120 264
8.688674 3.064013 -0.383981 14 14 14 124 264
8.688590 3.001293 -0.383977 14 14 14 128 264
8.688508 2.938575 -0.383973 14 14 14 132 264
8.688425 2.875858 -0.383969 14 14 14 136 264
8.688341 2.813142 -0.383966 14 14 14 140 264
8.688259 2.750427 -0.383962 14 14 14 144 264
8.688175 2.687713 -0.383958 14 14 14 148 264
8.688092 2.625001 -0.383955 14 14 14 152 264
8.688009 2.562290 -0.383951 14 14 14 156 264
8.687926 2.499580 -0.383947 14 14 14 160 264
8.687844 2.436872 -0.383944 14 14 14 164 264
8.687760 2.374164 -0.383940 14 14 14 168 264
8.687677 2.311458 -0.383936 14 14 14 172 264
8.687594 2.248753 -0.383933 14 14 14 176 264
8.687510 2.186049 -0.383929 14 14 14 180 264
8.687428 2.123346 -0.383925 14 14 14 184 264
8.687345 2.060644 -0.383922 14 14 14 188 264
8.687262 1.997944 -0.383918 14 14 14 192 264
8.687180 1.935245 -0.383914 14 14 14 196 264
8.687096 1.872547 -0.383911 14 14 14 200 264
8.687013 1.809850 -0.383907 14 14 14 204 264
8.686930 1.747155 -0.383903 14 14 14 208 264
8.686847 1.684461 -0.383900 14 14 14 212 264
8.686764 1.621768 -0.383896 14 14 14 216 264
8.686682 1.559076 -0.383892 14 14 14 220 264
8.686598 1.496385 -0.383889 14 14 14 224 264
8.686515 1.433695 -0.383885 14 14 14 228 264
8.686432 1.371007 -0.383881 14 14 14 232 264
8.138799 1.225849 -0.359680 29 29 29 236 264
8.134412 1.166497 -0.359486 29 29 29 240 264
8.133134 1.107631 -0.359429 29 29 29 244 264
8.131856 1.048784 -0.359373 29 29 29 248 264
8.130566 0.989953 -0.359316 29 29 29 252 264
8.129286 0.931143 -0.359259 29 29 29 256 264
8.128007 0.872351 -0.359203 29 29 29 260 264
8.126729 0.813578 -0.359146 29 29 29 264 264
8.125453 0.754823 -0.359090 29 29 29 268 264
7.452672 0.638551 -0.329358 48 48 48 272 264
7.452594 0.584773 -0.329354 48 48 48 276 264
7.452515 0.530995 -0.329351 48 48 48 280 264
7.452436 0.477218 -0.329347 48 48 48 284 264
7.252730 0.412100 -0.320523 54 54 54 288 264
7.181321 0.356227 -0.317367 56 56 56 292 264
7.163394 0.303653 -0.316574 56 56 56 296 264
7.190197 0.252910 -0.317759 55 55 55 300 264
7.252705 0.202779 -0.320521 54 54 54 304 264
7.326263 0.151974 -0.323772 51 51 51 308 264
7.451887 0.100813 -0.329324 48 48 48 312 264
7.451809 0.047046 -0.329320 48 48 48 316 264
7.451730 -0.006721 -0.329317 48 48 48 320 264
8.107594 -0.065810 -0.358302 30 30 30 324 264
8.106320 -0.124289 -0.358246 30 30 30 328 264
8.105049 -0.182749 -0.358189 30 30 30 332 264
8.103776 -0.241191 -0.358133 30 30 30 336 264
8.102505 -0.299615 -0.358077 30 30 30 340 264
8.101222 -0.358020 -0.358020 30 30 30 344 264
8.099961 -0.416407 -0.357964 30 30 30 348 264
8.098687 -0.474775 -0.357908 30 30 30 352 264
5.300623 -0.348988 -0.234252 108 108 108 356 264
3.664604 -0.267715 -0.161951 153 153 153 360 264
3.507985 -0.281584 -0.155030 157 157 157 364 264
3.506736 -0.306786 -0.154974 157 157 157 368 264
3.510929 -0.332485 -0.155160 157 157 157 372 264
8.683444 -0.884974 -0.383751 14 14 14 376 264
8.683360 -0.947618 -0.383747 14 14 14 380 264
8.683279 -1.010261 -0.383743 14 14 14 384 264
8.683195 -1.072903 -0.383740 14 14 14 388 264
8.683112 -1.135543 -0.383736 14 14 14 392 264
8.683029 -1.198182 -0.383732 14 14 14 396 264
8.682946 -1.260821 -0.383728 14 14 14 400 264
8.682863 -1.323457 -0.383725 14 14 14 404 264
8.682781 -1.386093 -0.383721 14 14 14 408 264
8.682697 -1.448727 -0.383717 14 14 14 412 264
8.682614 -1.511361 -0.383714 14 14 14 416 264
8.682531 -1.573993 -0.383710 14 14 14 420 264
5.786485 -1.090740 -0.255724 94 94 94 424 264
5.782856 -1.131781 -0.255564 94 94 94 428 264
5.891074 -1.195466 -0.260346 91 91 91 432 264
5.821236 -1.223296 -0.257260 93 93 93 436 264
5.779412 -1.256206 -0.255412 94 94 94 440 264
5.755264 -1.292483 -0.254344 95 95 95 444 264
5.752237 -1.333307 -0.254211 95 95 95 448 264
5.751611 -1.374661 -0.254183 95 95 95 452 264
5.821527 -1.433375 -0.257273 93 93 93 456 264
5.841301 -1.480390 -0.258147 93 93 93 460 264
5.915194 -1.541797 -0.261412 91 91 91 464 264
8.681537 -2.325484 -0.383666 14 14 14 468 264
8.681454 -2.388100 -0.383662 14 14 14 472 264
8.681370 -2.450716 -0.383659 14 14 14 476 264
8.681288 -2.513330 -0.383655 14 14 14 480 264
8.681205 -2.575943 -0.383651 14 14 14 484 264
8.541595 -2.596146 -0.377482 18 18 18 488 264
8.343860 -2.596249 -0.368743 23 23 23 492 264
8.155068 -2.596346 -0.360400 29 29 29 496 264
7.974631 -2.596439 -0.352426 34 34 34 500 264
7.888031 -2.625157 -0.348598 36 36 36 504 264
7.717362 -2.624040 -0.341056 41 41 41 508 264
7.553922 -2.622971 -0.333833 45 45 45 512 264
7.397261 -2.621946 -0.326910 50 50 50 516 264
7.289828 -2.636465 -0.322162 53 53 53 520 264
7.102642 -2.620013 -0.313889 58 58 58 524 264
7.017851 -2.639371 -0.310142 60 60 60 528 264
7.017885 -2.690019 -0.310144 60 60 60 532 264
7.017919 -2.740669 -0.310145 60 60 60 536 264
7.017951 -2.791317 -0.310147 60 60 60 540 264
7.017985 -2.841967 -0.310148 60 60 60 544 264
7.018019 -2.892617 -0.310150 60 60 60 548 264
7.018051 -2.943268 -0.310151 60 60 60 552 264
7.018085 -2.993919 -0.310153 60 60 60 556 264
7.018119 -3.044571 -0.310154 60 60 60 560 264
7.018151 -3.095222 -0.310155 60 60 60 564 264
7.018186 -3.145876 -0.310157 60 60 60 568 264
7.013610 -3.194429 -0.309955 60 60 60 572 264
7.013644 -3.245050 -0.309956 60 60 60 576 264
7.013679 -3.295671 -0.309958 60 60 60 580 264
7.013713 -3.346293 -0.309959 60 60 60 584 264
7.013748 -3.396915 -0.309961 60 60 60 588 264
7.013783 -3.447538 -0.309962 60 60 60 592 264
7.013816 -3.498161 -0.309964 60 60 60 596 264
7.013851 -3.548785 -0.309965 60 60 60 600 264
7.013885 -3.599409 -0.309967 60 60 60 604 264
7.013920 -3.650034 -0.309968 60 60 60 608 264
7.013954 -3.700659 -0.309970 60 60 60 612 264
7.013989 -3.751285 -0.309971 60 60 60 616 264
7.009319 -3.799361 -0.309765 60 60 60 620 264
7.009353 -3.849954 -0.309767 60 60 60 624 264
7.009387 -3.900547 -0.309768 60 60 60 628 264
7.009421 -3.951141 -0.309770 60 60 60 632 264
7.009456 -4.001735 -0.309771 60 60 60 636 264
7.636319 4.400937 -0.392571 43 43 43 0 268
7.635911 4.345608 -0.392550 43 43 43 4 268
7.635506 4.290285 -0.392530 43 43 43 8 268
7.635098 4.234967 -0.392509 43 43 43 12 268
7.634692 4.179655 -0.392488 43 43 43 16 268
7.634286 4.124350 -0.392467 43 43 43 20 268
7.633879 4.069050 -0.392446 43 43 43 24 268
3.481923 1.830830 -0.179000 158 158 158 28 268
3.472784 1.800968 -0.178530 158 158 158 32 268
3.474497 1.776787 -0.178619 158 158 158 36 268
3.485657 1.757344 -0.179192 158 158 158 40 268
3.505688 1.742149 -0.180222 157 157 157 44 268
3.533656 1.730551 -0.181660 157 157 157 48 268
3.565976 1.720650 -0.183321 156 156 156 52 268
3.604306 1.713139 -0.185292 155 155 155 56 268
3.644415 1.705907 -0.187354 154 154 154 60 268
3.687810 1.699612 -0.189585 152 152 152 64 268
3.757771 1.704741 -0.193181 150 150 150 68 268
8.499309 3.794452 -0.436936 19 19 19 72 268
8.069221 3.544222 -0.414826 31 31 31 76 268
8.104392 3.501194 -0.416634 30 30 30 80 268
8.191608 3.479768 -0.421118 28 28 28 84 268
8.093973 3.379894 -0.416099 30 30 30 88 268
8.498911 3.487666 -0.436916 19 19 19 92 268
8.498830 3.426312 -0.436912 19 19 19 96 268
8.498752 3.364960 -0.436908 19 19 19 100 268
8.498672 3.303608 -0.436904 19 19 19 104 268
8.250951 3.147782 -0.424169 26 26 26 108 268
8.498513 3.180909 -0.436895 19 19 19 112 268
8.498433 3.119561 -0.436891 19 19 19 116 268
8.498354 3.058214 -0.436887 19 19 19 120 268
8.498275 2.996869 -0.436883 19 19 19 124 268
8.498194 2.935524 -0.436879 19 19 19 128 268
8.498116 2.874181 -0.436875 19 19 19 132 268
8.498036 2.812839 -0.436871 19 19 19 136 268
8.497956 2.751498 -0.436867 19 19 19 140 268
8.497877 2.690158 -0.436863 19 19 19 144 268
8.497798 2.628819 -0.436859 19 19 19 148 268
8.497718 2.567482 -0.436855 19 19 19 152 268
8.497640 2.506146 -0.436850 19 19 19 156 268
8.497560 2.444810 -0.436846 19 19 19 160 268
8.497480 2.383476 -0.436842 19 19 19 164 268
8.497401 2.322143 -0.436838 19 19 19 168 268
8.497321 2.260811 -0.436834 19 19 19 172 268
8.497242 2.199481 -0.436830 19 19 19 176 268
8.497162 2.138151 -0.436826 19 19 19 180 268
8.497083 2.076823 -0.436822 19 19 19 184 268
8.497005 2.015496 -0.436818 19 19 19 188 268
8.496923 1.954169 -0.436814 19 19 19 192 268
8.496845 1.892844 -0.436810 19 19 19 196 268
8.496765 1.831520 -0.436806 19 19 19 200 268
8.496686 1.770198 -0.436801 19 19 19 204 268
8.496606 1.708876 -0.436797 19 19 19 208 268
8.496527 1.647556 -0.436793 19 19 19 212 268
8.496447 1.586237 -0.436789 19 19 19 216 268
8.496368 1.524919 -0.436785 19 19 19 220 268
8.496287 1.463601 -0.436781 19 19 19 224 268
8.496209 1.402286 -0.436777 19 19 19 228 268
8.496130 1.340971 -0.436773 19 19 19 232 268
8.156395 1.228499 -0.419308 28 28 28 236 268
8.151015 1.168878 -0.419031 29 29 29 240 268
8.149734 1.109892 -0.418965 29 29 29 244 268
8.148451 1.050924 -0.418899 29 29 29 248 268
8.147161 0.991974 -0.418833 29 29 29 252 268
8.145876 0.933043 -0.418767 29 29 29 256 268
8.144591 0.874131 -0.418701 29 29 29 260 268
8.143308 0.815237 -0.418635 29 29 29 264 268
8.142025 0.756362 -0.418569 29 29 29 268 268
7.291261 0.624722 -0.374832 52 52 52 272 268
7.289303 0.571960 -0.374732 53 53 53 276 268
7.289224 0.519360 -0.374728 53 53 53 280 268
7.289146 0.466762 -0.374725 53 53 53 284 268
7.289092 0.414166 -0.374722 53 53 53 288 268
7.176405 0.355984 -0.368929 56 56 56 292 268
7.159677 0.303495 -0.368069 56 56 56 296 268
7.185408 0.252741 -0.369392 55 55 55 300 268
7.288859 0.203789 -0.374710 53 53 53 304 268
7.288764 0.151197 -0.374705 53 53 53 308 268
7.288667 0.098605 -0.374700 53 53 53 312 268
7.288569 0.046015 -0.374695 53 53 53 316 268
7.288487 -0.006574 -0.374691 53 53 53 320 268
8.124090 -0.065944 -0.417648 29 29 29 324 268
8.122811 -0.124542 -0.417582 29 29 29 328 268
8.121535 -0.183121 -0.417517 29 29 29 332 268
8.120257 -0.241682 -0.417451 29 29 29 336 268
8.118979 -0.300224 -0.417385 30 30 30 340 268
8.117698 -0.358748 -0.417319 30 30 30 344 268
8.116425 -0.417253 -0.417254 30 30 30 348 268
8.115149 -0.475740 -0.417188 30 30 30 352 268
5.204662 -0.342670 -0.267564 110 110 110 356 268
5.113617 -0.373571 -0.262884 113 113 113 360 268
3.515099 -0.282155 -0.180706 157 157 157 364 268
3.513841 -0.307407 -0.180642 157 157 157 368 268
8.493351 -0.804320 -0.436631 19 19 19 372 268
8.493272 -0.865593 -0.436627 19 19 19 376 268
8.493193 -0.926865 -0.436623 19 19 19 380 268
8.493113 -0.988136 -0.436619 19 19 19 384 268
8.493034 -1.049406 -0.436615 19 19 19 388 268
8.492953 -1.110675 -0.436611 19 19 19 392 268
8.492875 -1.171943 -0.436607 19 19 19 396 268
8.492795 -1.233209 -0.436603 19 19 19 400 268
8.492716 -1.294475 -0.436598 19 19 19 404 268
8.492637 -1.355739 -0.436594 19 19 19 408 268
8.492557 -1.417002 -0.436590 19 19 19 412 268
8.492477 -1.478264 -0.436586 19 19 19 416 268
5.838418 -1.058404 -0.300145 93 93 93 420 268
5.866852 -1.105889 -0.301607 92 92 92 424 268
8.492240 -1.662043 -0.436574 19 19 19 428 268
5.885747 -1.194385 -0.302578 91 91 91 432 268
5.825130 -1.224114 -0.299462 93 93 93 436 268
5.785260 -1.257477 -0.297412 94 94 94 440 268
5.766952 -1.295108 -0.296471 95 95 95 444 268
5.763322 -1.335876 -0.296284 95 95 95 448 268
5.776096 -1.380513 -0.296941 94 94 94 452 268
5.855132 -1.441649 -0.301004 92 92 92 456 268
5.958958 -1.510209 -0.306342 89 89 89 460 268
5.938295 -1.547818 -0.305279 90 90 90 464 268
8.491446 -2.274565 -0.436533 19 19 19 468 268
8.491367 -2.335811 -0.436529 19 19 19 472 268
8.491287 -2.397056 -0.436525 19 19 19 476 268
8.491208 -2.458299 -0.436521 19 19 19 480 268
8.491130 -2.519542 -0.436517 19 19 19 484 268
8.491050 -2.580783 -0.436513 19 19 19 488 268
8.343951 -2.596277 -0.428951 23 23 23 492 268
8.155156 -2.596374 -0.419245 29 29 29 496 268
7.974714 -2.596466 -0.409969 34 34 34 500 268
7.887778 -2.625073 -0.405499 36 36 36 504 268
7.717120 -2.623958 -0.396726 41 41 41 508 268
7.553690 -2.622890 -0.388324 45 45 45 512 268
7.397039 -2.621868 -0.380271 50 50 50 516 268
7.246753 -2.620886 -0.372545 54 54 54 520 268
7.130183 -2.630172 -0.366552 57 57 57 524 268
7.032137 -2.644744 -0.361512 60 60 60 528 268
7.032171 -2.695495 -0.361514 60 60 60 532 268
7.032204 -2.746247 -0.361515 60 60 60 536 268
7.032238 -2.797000 -0.361517 60 60 60 540 268
7.032272 -2.847753 -0.361519 60 60 60 544 268
7.032304 -2.898505 -0.361521 60 60 60 548 268
7.032339 -2.949260 -0.361522 60 60 60 552 268
7.032372 -3.000013 -0.361524 60 60 60 556 268
7.032405 -3.050768 -0.361526 60 60 60 560 268
7.032438 -3.101523 -0.361528 60 60 60 564 268
7.032472 -3.152279 -0.361529 60 60 60 568 268
7.027886 -3.200931 -0.361293 60 60 60 572 268
7.027920 -3.251655 -0.361295 60 60 60 576 268
7.027956 -3.302380 -0.361297 60 60 60 580 268
7.027989 -3.353104 -0.361299 60 60 60 584 268
7.028024 -3.403830 -0.361301 60 60 60 588 268
7.028059 -3.454556 -0.361302 60 60 60 592 268
7.028093 -3.505281 -0.361304 60 60 60 596 268
7.028129 -3.556009 -0.361306 60 60 60 600 268
7.028162 -3.606736 -0.361308 60 60 60 604 268
7.028197 -3.657464 -0.361309 60 60 60 608 268
7.028232 -3.708192 -0.361311 60 60 60 612 268
7.028267 -3.758921 -0.361313 60 60 60 616 268
7.023586 -3.807095 -0.361072 60 60 60 620 268
7.023621 -3.857790 -0.361074 60 60 60 624 268
7.023656 -3.908487 -0.361076 60 60 60 628 268
7.023691 -3.959184 -0.361078 60 60 60 632 268
7.023725 -4.009881 -0.361079 60 60 60 636 268
7.651955 4.409949 -0.448586 42 42 42 0 272
7.651548 4.354506 -0.448562 42 42 42 4 272
7.651139 4.299069 -0.448538 42 42 42 8 272
7.650731 4.243638 -0.448514 43 43 43 12 272
7.650322 4.188212 -0.448490 43 43 43 16 272
7.649915 4.132794 -0.448466 43 43 43 20 272
3.475882 1.852732 -0.203769 158 158 158 24 272
3.446411 1.812157 -0.202041 159 159 159 28 272
3.440203 1.784071 -0.201677 159 159 159 32 272
3.441193 1.759755 -0.201735 159 159 159 36 272
3.453667 1.741215 -0.202467 159 159 159 40 272
3.479177 1.728974 -0.203962 158 158 158 44 272
3.508403 1.718184 -0.205676 157 157 157 48 272
3.541469 1.708825 -0.207614 156 156 156 52 272
3.578159 1.700711 -0.209765 155 155 155 56 272
3.613974 1.691658 -0.211864 154 154 154 60 272
3.655905 1.684908 -0.214323 153 153 153 64 272
3.702346 1.679598 -0.217045 152 152 152 68 272
8.016001 3.578683 -0.469928 32 32 32 72 272
8.066968 3.543232 -0.472915 31 31 31 76 272
8.064809 3.484094 -0.472789 31 31 31 80 272
8.316802 3.532950 -0.487562 24 24 24 84 272
8.050167 3.361601 -0.471931 31 31 31 88 272
8.316649 3.412873 -0.487553 24 24 24 92 272
8.316573 3.352835 -0.487548 24 24 24 96 272
8.316496 3.292799 -0.487544 24 24 24 100 272
8.316422 3.232764 -0.487539 24 24 24 104 272
8.247725 3.146551 -0.483512 26 26 26 108 272
8.316269 3.112697 -0.487530 24 24 24 112 272
8.316193 3.052665 -0.487526 24 24 24 116 272
8.316116 2.992635 -0.487521 24 24 24 120 272
8.316041 2.932606 -0.487517 24 24 24 124 272
8.315965 2.872577 -0.487512 24 24 24 128 272
8.315888 2.812550 -0.487508 24 24 24 132 272
8.315812 2.752523 -0.487504 24 24 24 136 272
8.315735 2.692498 -0.487499 24 24 24 140 272
8.315660 2.632474 -0.487495 24 24 24 144 272
8.315583 2.572451 -0.487490 24 24 24 148 272
8.315508 2.512429 -0.487486 24 24 24 152 272
8.315433 2.452409 -0.487481 24 24 24 156 272
8.315355 2.392389 -0.487477 24 24 24 160 272
8.315279 2.332370 -0.487472 24 24 24 164 272
8.315204 2.272353 -0.487468 24 24 24 168 272
8.315127 2.212337 -0.487463 24 24 24 172 272
8.315051 2.152321 -0.487459 24 24 24 176 272
8.314976 2.092307 -0.487455 24 24 24 180 272
8.314899 2.032294 -0.487450 24 24 24 184 272
8.314824 1.972282 -0.487446 24 24 24 188 272
8.314748 1.912271 -0.487441 24 24 24 192 272
8.314671 1.852261 -0.487437 24 24 24 196 272
8.314595 1.792253 -0.487432 24 24 24 200 272
8.314518 1.732245 -0.487428 24 24 24 204 272
8.314444 1.672239 -0.487423 24 24 24 208 272
8.314366 1.612233 -0.487419 24 24 24 212 272
8.314291 1.552229 -0.487414 24 24 24 216 272
8.314216 1.492226 -0.487410 24 24 24 220 272
8.314139 1.432224 -0.487405 24 24 24 224 272
8.314062 1.372223 -0.487401 24 24 24 228 272
8.313987 1.312223 -0.487396 24 24 24 232 272
8.313910 1.252224 -0.487392 24 24 24 236 272
8.169315 1.171502 -0.478915 28 28 28 240 272
8.167908 1.112367 -0.478833 28 28 28 244 272
8.166500 1.053252 -0.478750 28 28 28 248 272
8.165085 0.994156 -0.478667 28 28 28 252 272
8.163667 0.935081 -0.478584 28 28 28 256 272
8.162251 0.876026 -0.478501 28 28 28 260 272
8.160836 0.816992 -0.478418 28 28 28 264 272
8.159423 0.757979 -0.478335 28 28 28 268 272
7.457442 0.638960 -0.437183 48 48 48 272 272
8.156596 0.640013 -0.478170 28 28 28 276 272
7.166811 0.510638 -0.420146 56 56 56 280 272
7.133383 0.456787 -0.418186 57 57 57 284 272
7.132896 0.405291 -0.418158 57 57 57 288 272
7.132836 0.353822 -0.418154 57 57 57 292 272
7.132769 0.302354 -0.418150 57 57 57 296 272
7.132699 0.250887 -0.418146 57 57 57 300 272
7.132637 0.199422 -0.418142 57 57 57 304 272
7.132693 0.147959 -0.418146 57 57 57 308 272
7.164062 0.096919 -0.419985 56 56 56 312 272
8.143220 0.051411 -0.477387 29 29 29 316 272
8.141935 -0.007343 -0.477311 29 29 29 320 272
8.140653 -0.066079 -0.477236 29 29 29 324 272
8.139369 -0.124796 -0.477161 29 29 29 328 272
8.138086 -0.183494 -0.477086 29 29 29 332 272
8.136805 -0.242174 -0.477011 29 29 29 336 272
8.135522 -0.300836 -0.476935 29 29 29 340 272
8.134240 -0.359479 -0.476860 29 29 29 344 272
8.132958 -0.418103 -0.476785 29 29 29 348 272
8.131677 -0.476709 -0.476710 29 29 29 352 272
5.253255 -0.345869 -0.307966 109 109 109 356 272
5.099728 -0.372557 -0.298966 113 113 113 360 272
3.546251 -0.284656 -0.207895 156 156 156 364 272
3.543495 -0.310002 -0.207733 156 156 156 368 272
8.311326 -0.787082 -0.487242 24 24 24 372 272
8.311250 -0.847042 -0.487237 24 24 24 376 272
8.311173 -0.907001 -0.487233 24 24 24 380 272
8.311097 -0.966960 -0.487228 24 24 24 384 272
8.311022 -1.026917 -0.487224 24 24 24 388 272
8.310946 -1.086873 -0.487219 24 24 24 392 272
8.310869 -1.146828 -0.487215 24 24 24 396 272
8.310794 -1.206782 -0.487210 24 24 24 400 272
8.310718 -1.266734 -0.487206 24 24 24 404 272
8.310642 -1.326686 -0.487201 24 24 24 408 272
8.310566 -1.386636 -0.487197 24 24 24 412 272
5.941763 -1.034268 -0.348329 90 90 90 416 272
5.841121 -1.058894 -0.342429 93 93 93 420 272
8.310338 -1.566481 -0.487184 24 24 24 424 272
8.310262 -1.626428 -0.487179 24 24 24 428 272
5.884237 -1.194079 -0.344956 91 91 91 432 272
5.832875 -1.225741 -0.341945 93 93 93 436 272
5.794080 -1.259395 -0.339671 94 94 94 440 272
5.790280 -1.300347 -0.339448 94 94 94 444 272
5.787954 -1.341586 -0.339312 94 94 94 448 272
5.931562 -1.417670 -0.347731 90 90 90 452 272
8.309730 -2.046020 -0.487148 24 24 24 456 272
5.988511 -1.517698 -0.351069 89 89 89 460 272
5.973085 -1.556886 -0.350165 89 89 89 464 272
8.309502 -2.225828 -0.487135 24 24 24 468 272
8.309427 -2.285763 -0.487130 24 24 24 472 272
8.309350 -2.345696 -0.487126 24 24 24 476 272
8.309275 -2.405627 -0.487121 24 24 24 480 272
8.309198 -2.465559 -0.487117 24 24 24 484 272
8.309123 -2.525488 -0.487112 24 24 24 488 272
8.309046 -2.585417 -0.487108 24 24 24 492 272
8.155243 -2.596402 -0.478091 29 29 29 496 272
7.981348 -2.598626 -0.467897 33 33 33 500 272
7.887525 -2.624989 -0.462397 36 36 36 504 272
7.716877 -2.623876 -0.452393 41 41 41 508 272
7.553458 -2.622810 -0.442812 45 45 45 512 272
7.396816 -2.621789 -0.433629 50 50 50 516 272
7.246539 -2.620809 -0.424820 54 54 54 520 272
7.102247 -2.619868 -0.416361 58 58 58 524 272
7.046473 -2.650136 -0.413091 59 59 59 528 272
7.046507 -2.700991 -0.413093 59 59 59 532 272
7.046542 -2.751847 -0.413095 59 59 59 536 272
7.046577 -2.802703 -0.413097 59 59 59 540 272
7.046611 -2.853560 -0.413099 59 59 59 544 272
7.046647 -2.904417 -0.413101 59 59 59 548 272
7.046681 -2.955275 -0.413103 59 59 59 552 272
7.046716 -3.006133 -0.413105 59 59 59 556 272
7.046751 -3.056992 -0.413107 59 59 59 560 272
7.046786 -3.107851 -0.413109 59 59 59 564 272
7.046821 -3.158711 -0.413111 59 59 59 568 272
7.042228 -3.207463 -0.412842 59 59 59 572 272
7.042263 -3.258291 -0.412844 59 59 59 576 272
7.042298 -3.309119 -0.412846 59 59 59 580 272
7.042332 -3.359947 -0.412848 59 59 59 584 272
7.042367 -3.410776 -0.412850 59 59 59 588 272
7.042401 -3.461606 -0.412852 59 59 59 592 272
7.042436 -3.512435 -0.412854 59 59 59 596 272
7.042471 -3.563266 -0.412856 59 59 59 600 272
7.042506 -3.614097 -0.412858 59 59 59 604 272
7.042541 -3.664928 -0.412860 59 59 59 608 272
7.042575 -3.715760 -0.412862 59 59 59 612 272
7.042611 -3.766593 -0.412864 59 59 59 616 272
7.037921 -3.814865 -0.412590 59 59 59 620 272
7.037956 -3.865664 -0.412592 59 59 59 624 272
7.037992 -3.916464 -0.412594 59 59 59 628 272
7.038026 -3.967264 -0.412596 59 59 59 632 272
7.038060 -4.018065 -0.412598 59 59 59 636 272
7.667657 4.418998 -0.504830 42 42 42 0 276
7.667247 4.363441 -0.504803 42 42 42 4 276
7.666838 4.307890 -0.504776 42 42 42 8 276
7.666428 4.252345 -0.504749 42 42 42 12 276
7.666018 4.196805 -0.504722 42 42 42 16 276
7.665608 4.141272 -0.504695 42 42 42 20 276
3.439464 1.833321 -0.226451 159 159 159 24 276
3.420925 1.798756 -0.225230 160 160 160 28 276
3.416635 1.771849 -0.224948 160 160 160 32 276
3.418812 1.748310 -0.225091 160 160 160 36 276
3.430800 1.729687 -0.225880 159 159 159 40 276
3.454083 1.716503 -0.227413 159 159 159 44 276
3.481320 1.704920 -0.229206 158 158 158 48 276
3.518470 1.697727 -0.231652 157 157 157 52 276
3.554382 1.689410 -0.234017 156 156 156 56 276
3.588691 1.679824 -0.236276 155 155 155 60 276
3.628998 1.672507 -0.238929 154 154 154 64 276
3.676650 1.667940 -0.242067 153 153 153 68 276
3.735829 1.667832 -0.245963 151 151 151 72 276
8.007781 3.517235 -0.527224 33 33 33 76 276
8.043965 3.475089 -0.529606 32 32 32 80 276
8.142187 3.458775 -0.536073 29 29 29 84 276
8.142115 3.399997 -0.536068 29 29 29 88 276
8.142042 3.341219 -0.536063 29 29 29 92 276
8.141969 3.282443 -0.536058 29 29 29 96 276
8.141895 3.223668 -0.536054 29 29 29 100 276
8.141823 3.164894 -0.536049 29 29 29 104 276
8.141750 3.106121 -0.536044 29 29 29 108 276
8.141677 3.047349 -0.536039 29 29 29 112 276
8.141604 2.988579 -0.536034 29 29 29 116 276
8.141531 2.929809 -0.536030 29 29 29 120 276
8.141459 2.871040 -0.536025 29 29 29 124 276
8.141385 2.812272 -0.536020 29 29 29 128 276
8.141312 2.753505 -0.536015 29 29 29 132 276
8.141240 2.694740 -0.536010 29 29 29 136 276
8.141167 2.635975 -0.536006 29 29 29 140 276
8.141094 2.577212 -0.536001 29 29 29 144 276
8.141021 2.518450 -0.535996 29 29 29 148 276
8.140947 2.459688 -0.535991 29 29 29 152 276
8.140875 2.400928 -0.535986 29 29 29 156 276
8.140802 2.342169 -0.535982 29 29 29 160 276
8.140729 2.283410 -0.535977 29 29 29 164 276
8.140656 2.224653 -0.535972 29 29 29 168 276
8.140583 2.165897 -0.535967 29 29 29 172 276
8.140511 2.107142 -0.535962 29 29 29 176 276
8.140438 2.048388 -0.535958 29 29 29 180 276
8.140364 1.989635 -0.535953 29 29 29 184 276
8.140292 1.930883 -0.535948 29 29 29 188 276
8.140219 1.872132 -0.535943 29 29 29 192 276
8.140145 1.813382 -0.535938 29 29 29 196 276
8.140073 1.754634 -0.535934 29 29 29 200 276
8.140000 1.695886 -0.535929 29 29 29 204 276
8.139927 1.637139 -0.535924 29 29 29 208 276
8.139854 1.578394 -0.535919 29 29 29 212 276
6.048644 1.129246 -0.398236 87 87 87 216 276
6.048596 1.085595 -0.398233 87 87 87 220 276
6.048550 1.041945 -0.398230 87 87 87 224 276
6.048502 0.998296 -0.398227 87 87 87 228 276
6.048456 0.954647 -0.398224 87 87 87 232 276
6.048409 0.910999 -0.398221 87 87 87 236 276
6.048363 0.867352 -0.398218 87 87 87 240 276
6.048316 0.823705 -0.398214 87 87 87 244 276
6.048269 0.780059 -0.398211 87 87 87 248 276
6.048222 0.736413 -0.398208 87 87 87 252 276
6.048175 0.692769 -0.398205 87 87 87 256 276
6.048129 0.649125 -0.398202 87 87 87 260 276
6.048082 0.605482 -0.398199 87 87 87 264 276
6.048035 0.561839 -0.398196 87 87 87 268 276
6.047988 0.518197 -0.398194 87 87 87 272 276
6.047941 0.474556 -0.398191 87 87 87 276 276
6.047895 0.430915 -0.398188 87 87 87 280 276
6.047848 0.387275 -0.398185 87 87 87 284 276
6.047802 0.343636 -0.398182 87 87 87 288 276
6.047756 0.299997 -0.398179 87 87 87 292 276
6.047711 0.256359 -0.398176 87 87 87 296 276
6.047667 0.212722 -0.398173 87 87 87 300 276
6.047621 0.169086 -0.398170 87 87 87 304 276
8.138104 0.168815 -0.535805 29 29 29 308 276
6.047423 0.081813 -0.398157 87 87 87 312 276
6.047369 0.038179 -0.398153 87 87 87 316 276
6.047315 -0.005454 -0.398149 87 87 87 320 276
6.047260 -0.049086 -0.398146 87 87 87 324 276
6.047205 -0.092718 -0.398142 87 87 87 328 276
6.047151 -0.136349 -0.398139 87 87 87 332 276
6.047097 -0.179979 -0.398135 87 87 87 336 276
6.047042 -0.223608 -0.398131 87 87 87 340 276
6.046988 -0.267236 -0.398128 87 87 87 344 276
6.046934 -0.310864 -0.398124 87 87 87 348 276
6.046879 -0.354491 -0.398121 87 87 87 352 276
5.258077 -0.346186 -0.346187 109 109 109 356 276
5.114250 -0.373618 -0.336717 113 113 113 360 276
3.553206 -0.285214 -0.233940 156 156 156 364 276
3.550961 -0.310655 -0.233792 156 156 156 368 276
6.046599 -0.572612 -0.398102 87 87 87 372 276
6.046539 -0.616234 -0.398098 87 87 87 376 276
6.046480 -0.659855 -0.398094 87 87 87 380 276
6.046420 -0.703474 -0.398091 87 87 87 384 276
6.046361 -0.747093 -0.398087 87 87 87 388 276
6.046301 -0.790711 -0.398083 87 87 87 392 276
6.046242 -0.834329 -0.398079 87 87 87 396 276
6.046183 -0.877945 -0.398075 87 87 87 400 276
8.136356 -1.240158 -0.535690 29 29 29 404 276
8.136284 -1.298852 -0.535685 29 29 29 408 276
8.136211 -1.357545 -0.535680 29 29 29 412 276
5.896002 -1.026302 -0.388187 91 91 91 416 276
8.136065 -1.474928 -0.535671 29 29 29 420 276
8.135992 -1.533618 -0.535666 29 29 29 424 276
8.135920 -1.592306 -0.535661 29 29 29 428 276
5.898615 -1.196996 -0.388359 91 91 91 432 276
5.843543 -1.227983 -0.384733 93 93 93 436 276
5.814003 -1.263725 -0.382788 93 93 93 440 276
5.819325 -1.306870 -0.383139 93 93 93 444 276
5.869534 -1.360495 -0.386444 92 92 92 448 276
5.982434 -1.429829 -0.393878 89 89 89 452 276
6.044439 -1.488261 -0.397960 87 87 87 456 276
6.029653 -1.528125 -0.396986 87 87 87 460 276
5.982477 -1.559334 -0.393880 89 89 89 464 276
8.135192 -2.179137 -0.535613 29 29 29 468 276
8.135118 -2.237814 -0.535608 29 29 29 472 276
8.135046 -2.296490 -0.535604 29 29 29 476 276
8.134973 -2.355165 -0.535599 29 29 29 480 276
8.134900 -2.413840 -0.535594 29 29 29 484 276
8.134827 -2.472513 -0.535589 29 29 29 488 276
8.134754 -2.531184 -0.535584 29 29 29 492 276
8.134682 -2.589856 -0.535580 29 29 29 496 276
7.997618 -2.603923 -0.526555 33 33 33 500 276
7.887272 -2.624904 -0.519290 36 36 36 504 276
7.716636 -2.623793 -0.508056 41 41 41 508 276
7.553227 -2.622730 -0.497297 45 45 45 512 276
7.396596 -2.621711 -0.486985 50 50 50 516 276
7.246329 -2.620733 -0.477091 54 54 54 520 276
7.102046 -2.619793 -0.467592 58 58 58 524 276
7.060874 -2.655552 -0.464881 59 59 59 528 276
7.060908 -2.706511 -0.464883 59 59 59 532 276
7.060943 -2.757470 -0.464886 59 59 59 536 276
7.060978 -2.808431 -0.464888 59 59 59 540 276
7.061013 -2.859392 -0.464890 59 59 59 544 276
7.061048 -2.910352 -0.464892 59 59 59 548 276
7.061083 -2.961314 -0.464895 59 59 59 552 276
7.061118 -3.012277 -0.464897 59 59 59 556 276
7.061152 -3.063239 -0.464899 59 59 59 560 276
7.061188 -3.114203 -0.464902 59 59 59 564 276
7.061223 -3.165167 -0.464904 59 59 59 568 276
7.056621 -3.214019 -0.464601 59 59 59 572 276
7.056657 -3.264951 -0.464603 59 59 59 576 276
7.056691 -3.315882 -0.464606 59 59 59 580 276
7.056726 -3.366814 -0.464608 59 59 59 584 276
7.056761 -3.417747 -0.464610 59 59 59 588 276
7.056796 -3.468681 -0.464612 59 59 59 592 276
7.056830 -3.519614 -0.464615 59 59 59 596 276
7.056865 -3.570549 -0.464617 59 59 59 600 276
7.056901 -3.621484 -0.464619 59 59 59 604 276
7.056935 -3.672419 -0.464622 59 59 59 608 276
7.056970 -3.723355 -0.464624 59 59 59 612 276
7.067865 -3.780099 -0.465341 59 59 59 616 276
7.052307 -3.822662 -0.464317 59 59 59 620 276
7.052342 -3.873566 -0.464319 59 59 59 624 276
7.052377 -3.924469 -0.464321 59 59 59 628 276
7.052411 -3.975374 -0.464324 59 59 59 632 276
7.052446 -4.026278 -0.464326 59 59 59 636 276
7.976225 4.596831 -0.582696 33 33 33 0 280
7.976155 4.539241 -0.582691 33 33 33 4 280
7.976084 4.481651 -0.582686 33 33 33 8 280
7.976015 4.424063 -0.582681 33 33 33 12 280
7.975945 4.366476 -0.582676 33 33 33 16 280
7.975875 4.308890 -0.582671 33 33 33 20 280
3.415924 1.820774 -0.249547 160 160 160 24 280
3.402928 1.789294 -0.248598 160 160 160 28 280
3.400043 1.763245 -0.248387 160 160 160 32 280
3.403856 1.740662 -0.248666 160 160 160 36 280
3.415698 1.722073 -0.249531 160 160 160 40 280
3.435924 1.707479 -0.251009 159 159 159 44 280
3.465771 1.697305 -0.253189 158 158 158 48 280
3.500159 1.688892 -0.255701 158 158 158 52 280
3.535061 1.680226 -0.258251 157 157 157 56 280
3.568256 1.670258 -0.260676 156 156 156 60 280
3.608095 1.662873 -0.263586 155 155 155 64 280
3.660234 1.660493 -0.267395 153 153 153 68 280
3.707733 1.655290 -0.270865 152 152 152 72 280
7.974895 3.502791 -0.582599 34 34 34 76 280
7.974824 3.445220 -0.582594 34 34 34 80 280
7.974755 3.387650 -0.582589 34 34 34 84 280
7.974685 3.330081 -0.582584 34 34 34 88 280
7.974615 3.272513 -0.582579 34 34 34 92 280
7.974545 3.214946 -0.582574 34 34 34 96 280
7.974475 3.157380 -0.582568 34 34 34 100 280
7.974405 3.099815 -0.582563 34 34 34 104 280
7.974336 3.042252 -0.582558 34 34 34 108 280
7.974265 2.984689 -0.582553 34 34 34 112 280
7.974195 2.927127 -0.582548 34 34 34 116 280
7.974126 2.869566 -0.582543 34 34 34 120 280
7.974055 2.812006 -0.582538 34 34 34 124 280
7.973985 2.754447 -0.582533 34 34 34 128 280
7.973915 2.696889 -0.582528 34 34 34 132 280
7.973845 2.639333 -0.582522 34 34 34 136 280
7.973776 2.581777 -0.582517 34 34 34 140 280
7.973705 2.524222 -0.582512 34 34 34 144 280
7.973636 2.466669 -0.582507 34 34 34 148 280
7.973566 2.409116 -0.582502 34 34 34 152 280
7.973495 2.351564 -0.582497 34 34 34 156 280
7.973426 2.294013 -0.582492 34 34 34 160 280
7.973355 2.236463 -0.582487 34 34 34 164 280
7.973286 2.178915 -0.582482 34 34 34 168 280
7.973216 2.121367 -0.582476 34 34 34 172 280
7.973145 2.063820 -0.582471 34 34 34 176 280
7.973076 2.006275 -0.582466 34 34 34 180 280
7.973006 1.948730 -0.582461 34 34 34 184 280
7.972936 1.891186 -0.582456 34 34 34 188 280
7.972867 1.833644 -0.582451 34 34 34 192 280
7.972795 1.776102 -0.582446 34 34 34 196 280
7.972726 1.718561 -0.582441 34 34 34 200 280
7.972656 1.661022 -0.582436 34 34 34 204 280
7.972586 1.603483 -0.582430 34 34 34 208 280
5.924457 1.148808 -0.432806 90 90 90 212 280
5.924382 1.106047 -0.432801 90 90 90 216 280
5.924335 1.063293 -0.432797 90 90 90 220 280
5.924291 1.020540 -0.432794 90 90 90 224 280
5.924245 0.977787 -0.432791 90 90 90 228 280
5.924201 0.935036 -0.432787 90 90 90 232 280
5.924157 0.892284 -0.432784 90 90 90 236 280
5.924112 0.849534 -0.432781 90 90 90 240 280
5.924068 0.806784 -0.432778 90 90 90 244 280
5.924023 0.764035 -0.432774 90 90 90 248 280
5.923978 0.721286 -0.432771 90 90 90 252 280
5.923934 0.678538 -0.432768 90 90 90 256 280
5.923889 0.635791 -0.432765 90 90 90 260 280
5.923844 0.593044 -0.432761 90 90 90 264 280
5.923800 0.550298 -0.432759 90 90 90 268 280
5.923755 0.507553 -0.432756 90 90 90 272 280
5.923710 0.464808 -0.432752 90 90 90 276 280
5.923666 0.422064 -0.432749 90 90 90 280 280
5.923621 0.379320 -0.432746 90 90 90 284 280
5.923576 0.336577 -0.432743 90 90 90 288 280
5.923532 0.293835 -0.432739 90 90 90 292 280
5.923488 0.251094 -0.432736 90 90 90 296 280
5.923442 0.208353 -0.432733 90 90 90 300 280
5.923401 0.165613 -0.432730 90 90 90 304 280
5.923249 0.122871 -0.432719 90 90 90 308 280
5.923148 0.080132 -0.432711 90 90 90 312 280
5.923092 0.037394 -0.432707 90 90 90 316 280
5.923038 -0.005342 -0.432703 90 90 90 320 280
5.922985 -0.048078 -0.432699 90 90 90 324 280
5.922933 -0.090813 -0.432696 90 90 90 328 280
5.922880 -0.133547 -0.432692 90 90 90 332 280
5.922828 -0.176280 -0.432688 90 90 90 336 280
5.922775 -0.219013 -0.432684 90 90 90 340 280
5.922723 -0.261745 -0.432680 90 90 90 344 280
5.922670 -0.304476 -0.432676 90 90 90 348 280
5.922619 -0.347206 -0.432673 90 90 90 352 280
5.242863 -0.345185 -0.383014 109 109 109 356 280
5.219763 -0.381326 -0.381326 110 110 110 360 280
3.560188 -0.285774 -0.260087 156 156 156 364 280
3.558458 -0.311311 -0.259961 156 156 156 368 280
5.922357 -0.560847 -0.432653 90 90 90 372 280
5.922304 -0.603572 -0.432650 90 90 90 376 280
5.922252 -0.646298 -0.432646 90 90 90 380 280
5.922199 -0.689022 -0.432642 90 90 90 384 280
5.922147 -0.731745 -0.432638 90 90 90 388 280
5.922094 -0.774468 -0.432634 90 90 90 392 280
5.922042 -0.817190 -0.432630 90 90 90 396 280
5.921990 -0.859912 -0.432627 90 90 90 400 280
7.969162 -1.214674 -0.582181 34 34 34 404 280
7.969091 -1.272162 -0.582176 34 34 34 408 280
7.969021 -1.329649 -0.582171 34 34 34 412 280
7.968952 -1.387135 -0.582166 34 34 34 416 280
7.968882 -1.444620 -0.582161 34 34 34 420 280
7.968812 -1.502105 -0.582156 34 34 34 424 280
7.968742 -1.559588 -0.582151 34 34 34 428 280
5.917243 -1.200777 -0.432280 91 91 91 432 280
5.861141 -1.231681 -0.428181 92 92 92 436 280
5.831166 -1.267456 -0.425992 93 93 93 440 280
5.837541 -1.310960 -0.426457 93 93 93 444 280
5.904275 -1.368548 -0.431332 91 91 91 448 280
7.968323 -1.904465 -0.582120 34 34 34 452 280
7.968254 -1.961942 -0.582115 34 34 34 456 280
6.061030 -1.536077 -0.442784 87 87 87 460 280
6.004824 -1.565159 -0.438678 88 88 88 464 280
7.968043 -2.134364 -0.582099 34 34 34 468 280
7.967974 -2.191836 -0.582094 34 34 34 472 280
7.967904 -2.249307 -0.582089 34 34 34 476 280
7.967834 -2.306777 -0.582084 34 34 34 480 280
7.967764 -2.364246 -0.582079 34 34 34 484 280
7.967695 -2.421714 -0.582074 34 34 34 488 280
7.967624 -2.479181 -0.582069 34 34 34 492 280
7.967555 -2.536647 -0.582064 34 34 34 496 280
7.967484 -2.594112 -0.582059 34 34 34 500 280
7.887021 -2.624821 -0.576180 36 36 36 504 280
7.716398 -2.623713 -0.563716 41 41 41 508 280
7.552999 -2.622651 -0.551779 45 45 45 512 280
7.396378 -2.621633 -0.540337 50 50 50 516 280
7.246120 -2.620657 -0.529360 54 54 54 520 280
7.101845 -2.619719 -0.518820 58 58 58 524 280
7.075334 -2.660990 -0.516883 58 58 58 528 280
7.075368 -2.712054 -0.516886 58 58 58 532 280
7.075404 -2.763118 -0.516888 58 58 58 536 280
7.075439 -2.814183 -0.516891 58 58 58 540 280
7.075474 -2.865248 -0.516893 58 58 58 544 280
7.075509 -2.916313 -0.516896 58 58 58 548 280
7.075545 -2.967380 -0.516899 58 58 58 552 280
7.075579 -3.018446 -0.516901 58 58 58 556 280
7.075614 -3.069513 -0.516904 58 58 58 560 280
7.075649 -3.120581 -0.516906 58 58 58 564 280
7.075684 -3.171649 -0.516909 58 58 58 568 280
7.071074 -3.220602 -0.516572 59 59 59 572 280
7.071109 -3.271637 -0.516575 59 59 59 576 280
7.071143 -3.322673 -0.516577 59 59 59 580 280
7.071178 -3.373710 -0.516580 59 59 59 584 280
7.071213 -3.424747 -0.516582 59 59 59 588 280
7.071248 -3.475785 -0.516585 59 59 59 592 280
7.071283 -3.526823 -0.516587 59 59 59 596 280
7.071319 -3.577862 -0.516590 59 59 59 600 280
7.071354 -3.628901 -0.516592 59 59 59 604 280
7.071388 -3.679940 -0.516595 59 59 59 608 280
7.071423 -3.730981 -0.516597 59 59 59 612 280
7.067727 -3.780026 -0.516327 59 59 59 616 280
7.066752 -3.830492 -0.516256 59 59 59 620 280
7.066787 -3.881500 -0.516259 59 59 59 624 280
7.066821 -3.932507 -0.516261 59 59 59 628 280
7.066856 -3.983516 -0.516264 59 59 59 632 280
7.066891 -4.034524 -0.516266 59 59 59 636 280
7.815481 4.504191 -0.627344 38 38 38 0 284
7.815414 4.447763 -0.627338 38 38 38 4 284
7.815347 4.391335 -0.627333 38 38 38 8 284
7.815280 4.334908 -0.627328 38 38 38 12 284
7.815212 4.278482 -0.627322 38 38 38 16 284
7.815144 4.222057 -0.627317 38 38 38 20 284
3.406510 1.815756 -0.273438 160 160 160 24 284
3.393276 1.784218 -0.272376 160 160 160 28 284
3.394424 1.760330 -0.272468 160 160 160 32 284
3.399476 1.738422 -0.272874 160 160 160 36 284
3.409542 1.718969 -0.273682 160 160 160 40 284
3.426077 1.702586 -0.275009 160 160 160 44 284
3.455776 1.692410 -0.277393 159 159 159 48 284
3.490187 1.684080 -0.280155 158 158 158 52 284
3.519250 1.672711 -0.282488 157 157 157 56 284
3.553815 1.663498 -0.285262 156 156 156 60 284
3.592648 1.655754 -0.288380 155 155 155 64 284
3.643714 1.652999 -0.292479 154 154 154 68 284
3.694911 1.649565 -0.296588 152 152 152 72 284
7.814205 3.432211 -0.627241 38 38 38 76 284
7.814137 3.375801 -0.627236 38 38 38 80 284
7.814069 3.319391 -0.627231 38 38 38 84 284
7.814003 3.262983 -0.627225 38 38 38 88 284
7.813935 3.206575 -0.627220 38 38 38 92 284
7.813868 3.150169 -0.627214 38 38 38 96 284
7.813801 3.093764 -0.627209 38 38 38 100 284
7.813734 3.037359 -0.627204 38 38 38 104 284
7.813667 2.980956 -0.627198 38 38 38 108 284
7.813600 2.924553 -0.627193 38 38 38 112 284
7.813532 2.868152 -0.627187 38 38 38 116 284
7.813466 2.811751 -0.627182 38 38 38 120 284
7.813398 2.755351 -0.627177 38 38 38 124 284
7.813331 2.698953 -0.627171 38 38 38 128 284
7.813263 2.642555 -0.627166 38 38 38 132 284
7.813197 2.586158 -0.627160 38 38 38 136 284
7.813130 2.529763 -0.627155 38 38 38 140 284
7.813062 2.473367 -0.627150 38 38 38 144 284
7.812995 2.416974 -0.627144 38 38 38 148 284
7.812929 2.360581 -0.627139 38 38 38 152 284
7.812860 2.304189 -0.627133 38 38 38 156 284
7.812794 2.247798 -0.627128 38 38 38 160 284
7.812726 2.191408 -0.627123 38 38 38 164 284
7.812658 2.135019 -0.627117 38 38 38 168 284
7.812593 2.078631 -0.627112 38 38 38 172 284
7.812525 2.022244 -0.627106 38 38 38 176 284
7.812457 1.965858 -0.627101 38 38 38 180 284
7.812391 1.909473 -0.627096 38 38 38 184 284
7.812323 1.853088 -0.627090 38 38 38 188 284
7.812256 1.796706 -0.627085 38 38 38 192 284
7.812189 1.740323 -0.627079 38 38 38 196 284
7.812121 1.683942 -0.627074 38 38 38 200 284
7.812055 1.627562 -0.627069 38 38 38 204 284
7.811987 1.571182 -0.627063 38 38 38 208 284
5.805167 1.125676 -0.465977 94 94 94 212 284
5.805122 1.083782 -0.465973 94 94 94 216 284
5.805078 1.041889 -0.465970 94 94 94 220 284
5.805033 0.999996 -0.465966 94 94 94 224 284
5.804988 0.958104 -0.465963 94 94 94 228 284
5.804946 0.916213 -0.465959 94 94 94 232 284
5.804904 0.874323 -0.465956 94 94 94 236 284
5.804861 0.832433 -0.465952 94 94 94 240 284
5.804818 0.790544 -0.465949 94 94 94 244 284
5.804775 0.748655 -0.465946 94 94 94 248 284
5.804732 0.706767 -0.465942 94 94 94 252 284
5.804689 0.664880 -0.465939 94 94 94 256 284
5.804646 0.622993 -0.465935 94 94 94 260 284
5.804604 0.581107 -0.465933 94 94 94 264 284
5.804560 0.539221 -0.465929 94 94 94 268 284
5.804518 0.497336 -0.465926 94 94 94 272 284
5.706235 0.447743 -0.458037 96 96 96 276 284
5.706227 0.406571 -0.458036 96 96 96 280 284
5.786688 0.370552 -0.464495 94 94 94 284 284
5.804346 0.329803 -0.465912 94 94 94 288 284
5.804303 0.287921 -0.465909 94 94 94 292 284
5.706088 0.241878 -0.458025 96 96 96 296 284
5.706013 0.200705 -0.458019 96 96 96 300 284
5.804179 0.162279 -0.465899 94 94 94 304 284
5.803977 0.120396 -0.465882 94 94 94 308 284
5.803884 0.078518 -0.465875 94 94 94 312 284
5.803830 0.036641 -0.465871 94 94 94 316 284
5.803776 -0.005234 -0.465866 94 94 94 320 284
5.803722 -0.047110 -0.465862 94 94 94 324 284
5.803671 -0.088984 -0.465858 94 94 94 328 284
5.803621 -0.130858 -0.465854 94 94 94 332 284
5.803570 -0.172731 -0.465850 94 94 94 336 284
5.803520 -0.214603 -0.465846 94 94 94 340 284
5.803470 -0.256474 -0.465842 94 94 94 344 284
5.803420 -0.298345 -0.465838 94 94 94 348 284
5.803369 -0.340215 -0.465834 94 94 94 352 284
5.241467 -0.345093 -0.420730 109 109 109 356 284
5.206076 -0.380326 -0.417889 110 110 110 360 284
3.567198 -0.286337 -0.286337 156 156 156 364 284
3.565987 -0.311969 -0.286240 156 156 156 368 284
5.803117 -0.549555 -0.465813 94 94 94 372 284
5.803067 -0.591420 -0.465809 94 94 94 376 284
5.803017 -0.633285 -0.465805 94 94 94 380 284
5.802967 -0.675150 -0.465801 94 94 94 384 284
5.802916 -0.717013 -0.465797 94 94 94 388 284
5.802866 -0.758876 -0.465793 94 94 94 392 284
5.802815 -0.800738 -0.465789 94 94 94 396 284
5.802765 -0.842599 -0.465785 94 94 94 400 284
5.802699 -0.884458 -0.465780 94 94 94 404 284
7.808632 -1.246547 -0.626795 38 38 38 408 284
7.808565 -1.302876 -0.626790 38 38 38 412 284
7.808498 -1.359205 -0.626784 38 38 38 416 284
7.808430 -1.415533 -0.626779 38 38 38 420 284
7.808364 -1.471860 -0.626773 38 38 38 424 284
7.808296 -1.528186 -0.626768 38 38 38 428 284
5.935427 -1.204467 -0.476434 90 90 90 432 284
5.878411 -1.235311 -0.471857 92 92 92 436 284
5.848493 -1.271222 -0.469456 92 92 92 440 284
5.853547 -1.314555 -0.469861 92 92 92 444 284
6.033066 -1.398400 -0.484271 87 87 87 448 284
7.807894 -1.866122 -0.626736 38 38 38 452 284
7.807827 -1.922441 -0.626730 38 38 38 456 284
6.086957 -1.542648 -0.488597 86 86 86 460 284
7.807693 -2.035077 -0.626720 38 38 38 464 284
7.807626 -2.091393 -0.626714 38 38 38 468 284
7.807558 -2.147709 -0.626709 38 38 38 472 284
7.807492 -2.204023 -0.626703 38 38 38 476 284
7.807425 -2.260336 -0.626698 38 38 38 480 284
7.807357 -2.316649 -0.626693 38 38 38 484 284
7.807291 -2.372961 -0.626687 38 38 38 488 284
7.807224 -2.429271 -0.626682 38 38 38 492 284
7.807156 -2.485581 -0.626676 38 38 38 496 284
7.807090 -2.541889 -0.626671 38 38 38 500 284
7.807022 -2.598197 -0.626666 38 38 38 504 284
7.716160 -2.623632 -0.619372 41 41 41 508 284
7.552773 -2.622572 -0.606257 45 45 45 512 284
7.396161 -2.621556 -0.593686 50 50 50 516 284
7.245911 -2.620581 -0.581626 54 54 54 520 284
7.101645 -2.619645 -0.570045 58 58 58 524 284
7.089854 -2.666451 -0.569099 58 58 58 528 284
7.089889 -2.717619 -0.569102 58 58 58 532 284
7.089923 -2.768788 -0.569104 58 58 58 536 284
7.089959 -2.819957 -0.569107 58 58 58 540 284
7.089993 -2.871127 -0.569110 58 58 58 544 284
7.090029 -2.922297 -0.569113 58 58 58 548 284
7.090064 -2.973469 -0.569116 58 58 58 552 284
7.090099 -3.024640 -0.569119 58 58 58 556 284
7.090134 -3.075812 -0.569121 58 58 58 560 284
7.090169 -3.126985 -0.569124 58 58 58 564 284
7.090204 -3.178158 -0.569127 58 58 58 568 284
7.085586 -3.227211 -0.568756 58 58 58 572 284
7.085621 -3.278352 -0.568759 58 58 58 576 284
7.085656 -3.329493 -0.568762 58 58 58 580 284
7.085691 -3.380634 -0.568765 58 58 58 584 284
7.085726 -3.431776 -0.568767 58 58 58 588 284
7.085760 -3.482918 -0.568770 58 58 58 592 284
7.085795 -3.534060 -0.568773 58 58 58 596 284
7.085831 -3.585204 -0.568776 58 58 58 600 284
7.085866 -3.636348 -0.568779 58 58 58 604 284
7.085901 -3.687493 -0.568782 58 58 58 608 284
7.085936 -3.738638 -0.568784 58 58 58 612 284
7.081221 -3.787242 -0.568406 58 58 58 616 284
7.081256 -3.838354 -0.568409 58 58 58 620 284
7.081290 -3.889466 -0.568411 58 58 58 624 284
7.081326 -3.940579 -0.568414 58 58 58 628 284
7.081360 -3.991692 -0.568417 58 58 58 632 284
7.081395 -4.042805 -0.568420 58 58 58 636 284
7.661088 4.415212 -0.670227 42 42 42 0 288
7.661024 4.359900 -0.670222 42 42 42 4 288
7.660959 4.304587 -0.670216 42 42 42 8 288
7.660894 4.249275 -0.670210 42 42 42 12 288
7.660830 4.193964 -0.670205 42 42 42 16 288
7.660764 4.138655 -0.670199 42 42 42 20 288
3.406916 1.815972 -0.298053 160 160 160 24 288
3.394329 1.784772 -0.296952 160 160 160 28 288
3.393618 1.759913 -0.296889 160 160 160 32 288
3.399212 1.738287 -0.297379 160 160 160 36 288
3.410490 1.719447 -0.298365 160 160 160 40 288
3.428409 1.703745 -0.299933 160 160 160 44 288
3.456357 1.692695 -0.302378 159 159 159 48 288
3.484837 1.681499 -0.304870 158 158 158 52 288
3.512507 1.669506 -0.307290 157 157 157 56 288
3.543181 1.658521 -0.309974 156 156 156 60 288
3.582860 1.651243 -0.313445 155 155 155 64 288
3.634288 1.648723 -0.317944 154 154 154 68 288
3.683360 1.644408 -0.322237 152 152 152 72 288
7.659862 3.364419 -0.670120 42 42 42 76 288
7.659797 3.309124 -0.670114 42 42 42 80 288
7.659732 3.253829 -0.670109 42 42 42 84 288
7.659667 3.198536 -0.670103 42 42 42 88 288
7.659603 3.143243 -0.670097 42 42 42 92 288
7.659538 3.087951 -0.670092 42 42 42 96 288
7.659474 3.032660 -0.670086 42 42 42 100 288
7.659410 2.977370 -0.670080 42 42 42 104 288
7.659345 2.922081 -0.670075 42 42 42 108 288
7.659280 2.866793 -0.670069 42 42 42 112 288
7.659215 2.811506 -0.670063 42 42 42 116 288
7.659152 2.756220 -0.670058 42 42 42 120 288
7.659087 2.700934 -0.670052 42 42 42 124 288
7.659022 2.645650 -0.670047 42 42 42 128 288
7.658958 2.590367 -0.670041 42 42 42 132 288
7.658893 2.535084 -0.670035 42 42 42 136 288
7.658828 2.479802 -0.670030 42 42 42 140 288
7.658764 2.424522 -0.670024 42 42 42 144 288
7.658699 2.369242 -0.670018 42 42 42 148 288
7.658635 2.313963 -0.670013 42 42 42 152 288
7.658571 2.258685 -0.670007 42 42 42 156 288
7.658506 2.203408 -0.670001 42 42 42 160 288
7.658442 2.148132 -0.669996 42 42 42 164 288
7.658377 2.092857 -0.669990 42 42 42 168 288
7.658312 2.037583 -0.669984 42 42 42 172 288
7.658247 1.982310 -0.669979 42 42 42 176 288
7.658183 1.927038 -0.669973 42 42 42 180 288
7.658119 1.871766 -0.669967 42 42 42 184 288
7.658054 1.816496 -0.669962 42 42 42 188 288
7.657990 1.761227 -0.669956 42 42 42 192 288
7.657926 1.705958 -0.669951 42 42 42 196 288
7.657861 1.650690 -0.669945 42 42 42 200 288
7.657796 1.595424 -0.669939 42 42 42 204 288
5.690674 1.144534 -0.497846 97 97 97 208 288
5.690613 1.103463 -0.497841 97 97 97 212 288
5.690569 1.062396 -0.497837 97 97 97 216 288
5.690527 1.021329 -0.497833 97 97 97 220 288
5.690484 0.980264 -0.497830 97 97 97 224 288
5.690442 0.939198 -0.497826 97 97 97 228 288
5.690398 0.898134 -0.497822 97 97 97 232 288
5.690358 0.857070 -0.497819 97 97 97 236 288
5.690316 0.816007 -0.497815 97 97 97 240 288
5.690274 0.774944 -0.497811 97 97 97 244 288
5.690233 0.733882 -0.497808 97 97 97 248 288
5.690192 0.692821 -0.497804 97 97 97 252 288
5.690151 0.651760 -0.497801 97 97 97 256 288
5.690110 0.610700 -0.497798 97 97 97 260 288
5.690069 0.569640 -0.497794 97 97 97 264 288
5.690028 0.528581 -0.497791 97 97 97 268 288
5.689987 0.487523 -0.497787 97 97 97 272 288
5.689945 0.446465 -0.497783 97 97 97 276 288
5.689904 0.405408 -0.497780 97 97 97 280 288
5.682186 0.363860 -0.497105 97 97 97 284 288
5.672814 0.322329 -0.496285 97 97 97 288 288
5.679933 0.281751 -0.496907 97 97 97 292 288
5.689739 0.241185 -0.497765 97 97 97 296 288
5.689698 0.200131 -0.497762 97 97 97 300 288
5.689662 0.159077 -0.497759 97 97 97 304 288
5.689414 0.118020 -0.497737 97 97 97 308 288
5.689328 0.076968 -0.497729 97 97 97 312 288
5.689277 0.035918 -0.497725 97 97 97 316 288
5.689224 -0.005131 -0.497720 97 97 97 320 288
5.689173 -0.046180 -0.497716 97 97 97 324 288
5.689122 -0.087228 -0.497711 97 97 97 328 288
5.689070 -0.128275 -0.497707 97 97 97 332 288
5.689020 -0.169321 -0.497702 97 97 97 336 288
5.688972 -0.210367 -0.497698 97 97 97 340 288
5.688924 -0.251412 -0.497694 97 97 97 344 288
5.688875 -0.292457 -0.497690 97 97 97 348 288
5.688827 -0.333500 -0.497685 97 97 97 352 288
5.251579 -0.345759 -0.459433 109 109 109 356 288
3.608140 -0.263590 -0.315657 155 155 155 360 288
3.574235 -0.286902 -0.312691 155 155 155 364 288
3.573548 -0.312631 -0.312631 155 155 155 368 288
5.688585 -0.538709 -0.497664 97 97 97 372 288
5.688538 -0.579748 -0.497660 97 97 97 376 288
5.688488 -0.620787 -0.497656 97 97 97 380 288
5.688440 -0.661825 -0.497652 97 97 97 384 288
5.688392 -0.702863 -0.497647 97 97 97 388 288
5.688344 -0.743899 -0.497643 97 97 97 392 288
5.688295 -0.784935 -0.497639 97 97 97 396 288
5.688246 -0.825971 -0.497635 97 97 97 400 288
5.688200 -0.867005 -0.497631 97 97 97 404 288
7.654507 -1.221942 -0.669652 42 42 42 408 288
7.654442 -1.277161 -0.669647 42 42 42 412 288
7.654378 -1.332378 -0.669641 42 42 42 416 288
7.654314 -1.387595 -0.669636 42 42 42 420 288
7.654249 -1.442810 -0.669630 42 42 42 424 288
7.654185 -1.498025 -0.669624 42 42 42 428 288
5.954576 -1.208352 -0.520934 90 90 90 432 288
5.897059 -1.239229 -0.515903 91 91 91 436 288
5.866478 -1.275131 -0.513227 92 92 92 440 288
5.870873 -1.318446 -0.513612 92 92 92 444 288
7.653862 -1.774083 -0.669596 42 42 42 448 288
7.653798 -1.829293 -0.669590 42 42 42 452 288
7.653733 -1.884500 -0.669585 42 42 42 456 288
7.653669 -1.939708 -0.669579 42 42 42 460 288
7.653605 -1.994914 -0.669573 42 42 42 464 288
7.653541 -2.050119 -0.669568 42 42 42 468 288
7.653476 -2.105323 -0.669562 42 42 42 472 288
7.653410 -2.160527 -0.669556 42 42 42 476 288
7.653347 -2.215729 -0.669551 42 42 42 480 288
7.653283 -2.270931 -0.669545 42 42 42 484 288
7.653218 -2.326131 -0.669540 42 42 42 488 288
7.653154 -2.381331 -0.669534 42 42 42 492 288
7.653089 -2.436530 -0.669528 42 42 42 496 288
7.653025 -2.491728 -0.669523 42 42 42 500 288
7.652960 -2.546925 -0.669517 42 42 42 504 288
7.652896 -2.602121 -0.669511 42 42 42 508 288
7.552545 -2.622493 -0.660732 45 45 45 512 288
7.395942 -2.621479 -0.647032 50 50 50 516 288
7.245702 -2.620506 -0.633888 54 54 54 520 288
7.104398 -2.620661 -0.621526 58 58 58 524 288
7.104433 -2.671934 -0.621529 58 58 58 528 288
7.104468 -2.723208 -0.621532 58 58 58 532 288
7.104503 -2.774482 -0.621535 58 58 58 536 288
7.104538 -2.825756 -0.621539 58 58 58 540 288
7.104573 -2.877031 -0.621542 58 58 58 544 288
7.104609 -2.928307 -0.621545 58 58 58 548 288
7.104644 -2.979583 -0.621548 58 58 58 552 288
7.104679 -3.030860 -0.621551 58 58 58 556 288
7.104714 -3.082137 -0.621554 58 58 58 560 288
7.104750 -3.133415 -0.621557 58 58 58 564 288
7.104785 -3.184694 -0.621560 58 58 58 568 288
7.100157 -3.233848 -0.621155 58 58 58 572 288
7.100192 -3.285093 -0.621158 58 58 58 576 288
7.100227 -3.336339 -0.621161 58 58 58 580 288
7.100263 -3.387586 -0.621164 58 58 58 584 288
7.100297 -3.438833 -0.621167 58 58 58 588 288
7.100333 -3.490081 -0.621171 58 58 58 592 288
7.100368 -3.541329 -0.621174 58 58 58 596 288
7.100403 -3.592577 -0.621177 58 58 58 600 288
7.100439 -3.643827 -0.621180 58 58 58 604 288
7.100474 -3.695076 -0.621183 58 58 58 608 288
7.100509 -3.746327 -0.621186 58 58 58 612 288
7.095785 -3.795031 -0.620773 58 58 58 616 288
7.095819 -3.846248 -0.620776 58 58 58 620 288
7.095854 -3.897465 -0.620779 58 58 58 624 288
7.095889 -3.948683 -0.620782 58 58 58 628 288
7.095924 -3.999901 -0.620785 58 58 58 632 288
7.095959 -4.051120 -0.620788 58 58 58 636 288
7.512677 4.329680 -0.711449 46 46 46 0 292
7.512614 4.275439 -0.711443 46 46 46 4 292
7.512552 4.221199 -0.711437 46 46 46 8 292
7.512491 4.166960 -0.711432 46 46 46 12 292
7.512428 4.112721 -0.711426 46 46 46 16 292
7.512366 4.058484 -0.711420 46 46 46 20 292
3.417421 1.821572 -0.323629 160 160 160 24 292
3.398238 1.786827 -0.321813 160 160 160 28 292
3.394892 1.760573 -0.321496 160 160 160 32 292
3.401411 1.739412 -0.322113 160 160 160 36 292
3.413992 1.721213 -0.323304 160 160 160 40 292
3.434517 1.706780 -0.325248 159 159 159 44 292
3.475122 1.701885 -0.329094 158 158 158 48 292
3.495108 1.686455 -0.330986 158 158 158 52 292
3.515687 1.671018 -0.332935 157 157 157 56 292
3.542004 1.657970 -0.335427 156 156 156 60 292
3.578314 1.649148 -0.338866 155 155 155 64 292
3.624831 1.644432 -0.343271 154 154 154 68 292
3.676133 1.641182 -0.348129 153 153 153 72 292
7.511497 3.299254 -0.711338 46 46 46 76 292
7.511435 3.245030 -0.711332 46 46 46 80 292
7.511373 3.190807 -0.711326 46 46 46 84 292
7.511311 3.136585 -0.711320 46 46 46 88 292
7.511249 3.082363 -0.711314 46 46 46 92 292
7.511187 3.028143 -0.711308 46 46 46 96 292
7.511125 2.973923 -0.711302 46 46 46 100 292
7.511062 2.919704 -0.711296 46 46 46 104 292
7.511001 2.865487 -0.711290 46 46 46 108 292
7.510939 2.811270 -0.711285 46 46 46 112 292
7.510876 2.757054 -0.711279 46 46 46 116 292
7.510814 2.702839 -0.711273 46 46 46 120 292
7.510752 2.648625 -0.711267 46 46 46 124 292
7.510690 2.594412 -0.711261 46 46 46 128 292
7.510627 2.540199 -0.711255 46 46 46 132 292
7.510566 2.485988 -0.711249 46 46 46 136 292
7.510504 2.431777 -0.711243 46 46 46 140 292
7.510443 2.377568 -0.711238 46 46 46 144 292
7.510380 2.323359 -0.711232 46 46 46 148 292
7.510317 2.269151 -0.711226 46 46 46 152 292
7.510256 2.214944 -0.711220 46 46 46 156 292
7.510194 2.160738 -0.711214 46 46 46 160 292
7.510131 2.106533 -0.711208 46 46 46 164 292
7.510069 2.052328 -0.711202 46 46 46 168 292
7.510007 1.998125 -0.711196 46 46 46 172 292
7.509945 1.943923 -0.711191 46 46 46 176 292
7.509883 1.889721 -0.711185 46 46 46 180 292
7.509821 1.835520 -0.711179 46 46 46 184 292
7.509759 1.781320 -0.711173 46 46 46 188 292
7.509698 1.727122 -0.711167 46 46 46 192 292
7.509635 1.672923 -0.711161 46 46 46 196 292
7.509573 1.618726 -0.711155 46 46 46 200 292
5.580617 1.162665 -0.528484 100 100 100 204 292
5.580533 1.122382 -0.528476 100 100 100 208 292
5.580492 1.082109 -0.528472 100 100 100 212 292
5.580451 1.041837 -0.528468 100 100 100 216 292
5.580409 1.001565 -0.528464 100 100 100 220 292
5.580368 0.961294 -0.528460 100 100 100 224 292
5.580326 0.921024 -0.528456 100 100 100 228 292
5.580285 0.880754 -0.528452 100 100 100 232 292
5.580245 0.840485 -0.528448 100 100 100 236 292
5.580204 0.800216 -0.528444 100 100 100 240 292
5.580164 0.759949 -0.528441 100 100 100 244 292
5.580124 0.719681 -0.528437 100 100 100 248 292
5.580085 0.679415 -0.528434 100 100 100 252 292
5.580045 0.639148 -0.528430 100 100 100 256 292
5.580006 0.598883 -0.528426 100 100 100 260 292
5.579967 0.558618 -0.528423 100 100 100 264 292
5.579927 0.518353 -0.528419 100 100 100 268 292
5.579888 0.478090 -0.528415 100 100 100 272 292
5.418710 0.425183 -0.513152 104 104 104 276 292
5.418702 0.386085 -0.513151 104 104 104 280 292
5.418662 0.346985 -0.513147 104 104 104 284 292
5.418607 0.307885 -0.513142 104 104 104 288 292
5.418587 0.268787 -0.513140 104 104 104 292 292
5.418580 0.229691 -0.513139 104 104 104 296 292
5.579610 0.196259 -0.528389 100 100 100 300 292
5.579576 0.155999 -0.528386 100 100 100 304 292
5.579285 0.115736 -0.528358 100 100 100 308 292
5.579207 0.075479 -0.528351 100 100 100 312 292
5.579156 0.035223 -0.528346 100 100 100 316 292
5.579107 -0.005032 -0.528341 100 100 100 320 292
5.579058 -0.045286 -0.528337 100 100 100 324 292
5.579009 -0.085539 -0.528332 100 100 100 328 292
5.578959 -0.125792 -0.528327 100 100 100 332 292
5.578908 -0.166044 -0.528322 100 100 100 336 292
5.578859 -0.206295 -0.528318 100 100 100 340 292
5.578812 -0.246546 -0.528313 100 100 100 344 292
5.578766 -0.286796 -0.528309 100 100 100 348 292
5.578719 -0.327045 -0.528305 100 100 100 352 292
5.260833 -0.346368 -0.498201 109 109 109 356 292
3.612767 -0.263928 -0.342129 154 154 154 360 292
3.581323 -0.287471 -0.339151 155 155 155 364 292
3.581141 -0.313295 -0.339134 155 155 155 368 292
5.578486 -0.528282 -0.528282 100 100 100 372 292
5.578440 -0.568528 -0.528278 100 100 100 376 292
5.578393 -0.608772 -0.528274 100 100 100 380 292
5.578348 -0.649016 -0.528269 100 100 100 384 292
5.578300 -0.689259 -0.528265 100 100 100 388 292
5.578254 -0.729502 -0.528260 100 100 100 392 292
5.578208 -0.769744 -0.528256 100 100 100 396 292
5.578161 -0.809985 -0.528252 100 100 100 400 292
5.578115 -0.850226 -0.528247 100 100 100 404 292
5.578054 -0.890464 -0.528241 100 100 100 408 292
7.506287 -1.252441 -0.710845 47 47 47 412 292
7.506224 -1.306589 -0.710839 47 47 47 416 292
7.506162 -1.360737 -0.710833 47 47 47 420 292
7.506100 -1.414884 -0.710827 47 47 47 424 292
7.506038 -1.469030 -0.710822 47 47 47 428 292
5.971869 -1.211862 -0.565536 89 89 89 432 292
5.916841 -1.243386 -0.560324 91 91 91 436 292
5.886300 -1.279439 -0.557432 91 91 91 440 292
5.891001 -1.322966 -0.557878 91 91 91 444 292
7.505728 -1.739748 -0.710792 47 47 47 448 292
7.505666 -1.793888 -0.710786 47 47 47 452 292
7.505605 -1.848028 -0.710780 47 47 47 456 292
7.505542 -1.902167 -0.710774 47 47 47 460 292
7.505480 -1.956305 -0.710769 47 47 47 464 292
7.505418 -2.010442 -0.710763 47 47 47 468 292
7.505357 -2.064579 -0.710757 47 47 47 472 292
7.505295 -2.118714 -0.710751 47 47 47 476 292
7.505233 -2.172849 -0.710745 47 47 47 480 292
7.505170 -2.226982 -0.710739 47 47 47 484 292
7.505109 -2.281115 -0.710733 47 47 47 488 292
7.505046 -2.335247 -0.710728 47 47 47 492 292
7.504984 -2.389378 -0.710722 47 47 47 496 292
7.504923 -2.443508 -0.710716 47 47 47 500 292
7.504861 -2.497637 -0.710710 47 47 47 504 292
7.504799 -2.551765 -0.710704 47 47 47 508 292
7.504737 -2.605892 -0.710698 47 47 47 512 292
7.395724 -2.621401 -0.700375 50 50 50 516 292
7.245492 -2.620430 -0.686148 54 54 54 520 292
7.119037 -2.626061 -0.674172 57 57 57 524 292
7.119072 -2.677440 -0.674176 57 57 57 528 292
7.119107 -2.728819 -0.674179 57 57 57 532 292
7.119143 -2.780199 -0.674182 57 57 57 536 292
7.119178 -2.831579 -0.674186 57 57 57 540 292
7.119214 -2.882960 -0.674189 57 57 57 544 292
7.119249 -2.934341 -0.674192 57 57 57 548 292
7.119285 -2.985723 -0.674196 57 57 57 552 292
7.119319 -3.037106 -0.674199 57 57 57 556 292
7.119355 -3.088488 -0.674202 57 57 57 560 292
7.119390 -3.139872 -0.674206 57 57 57 564 292
7.119425 -3.191256 -0.674209 57 57 57 568 292
7.114788 -3.240512 -0.673770 57 57 57 572 292
7.114824 -3.291863 -0.673773 57 57 57 576 292
7.114860 -3.343215 -0.673777 57 57 57 580 292
7.114894 -3.394567 -0.673780 57 57 57 584 292
7.114930 -3.445920 -0.673783 57 57 57 588 292
7.114964 -3.497273 -0.673787 57 57 57 592 292
7.115000 -3.548626 -0.673790 57 57 57 596 292
7.115035 -3.599981 -0.673793 57 57 57 600 292
7.115070 -3.651336 -0.673797 57 57 57 604 292
7.115106 -3.702691 -0.673800 57 57 57 608 292
7.115142 -3.754047 -0.673803 57 57 57 612 292
7.110407 -3.802852 -0.673355 57 57 57 616 292
7.110442 -3.854174 -0.673358 57 57 57 620 292
7.110478 -3.905497 -0.673362 57 57 57 624 292
7.110512 -3.956820 -0.673365 57 57 57 628 292
7.110548 -4.008144 -0.673368 57 57 57 632 292
7.110583 -4.059469 -0.673372 57 57 57 636 292
7.369906 4.247399 -0.751105 50 50 50 0 296
7.369847 4.194190 -0.751099 50 50 50 4 296
7.369787 4.140981 -0.751092 50 50 50 8 296
7.369728 4.087773 -0.751086 50 50 50 12 296
7.369667 4.034566 -0.751080 50 50 50 16 296
7.369608 3.981360 -0.751074 50 50 50 20 296
3.428180 1.827306 -0.349383 160 160 160 24 296
3.404857 1.790308 -0.347006 160 160 160 28 296
3.401335 1.763914 -0.346647 160 160 160 32 296
3.406328 1.741926 -0.347156 160 160 160 36 296
3.420042 1.724263 -0.348554 160 160 160 40 296
3.442370 1.710683 -0.350829 159 159 159 44 296
3.490741 1.709534 -0.355759 158 158 158 48 296
3.505325 1.691385 -0.357245 157 157 157 52 296
3.522875 1.674434 -0.359034 157 157 157 56 296
3.544646 1.659207 -0.361253 156 156 156 60 296
3.580903 1.650341 -0.364948 155 155 155 64 296
3.622286 1.643278 -0.369166 154 154 154 68 296
3.671146 1.638955 -0.374145 153 153 153 72 296
7.368772 3.236565 -0.750989 50 50 50 76 296
7.368712 3.183372 -0.750983 50 50 50 80 296
7.368651 3.130179 -0.750977 50 50 50 84 296
7.368592 3.076988 -0.750971 50 50 50 88 296
7.368532 3.023797 -0.750964 50 50 50 92 296
7.368473 2.970607 -0.750958 50 50 50 96 296
7.368412 2.917418 -0.750952 50 50 50 100 296
7.368353 2.864230 -0.750946 50 50 50 104 296
7.368293 2.811043 -0.750940 50 50 50 108 296
7.368234 2.757857 -0.750934 50 50 50 112 296
7.368174 2.704671 -0.750928 50 50 50 116 296
7.368114 2.651487 -0.750922 50 50 50 120 296
7.368054 2.598303 -0.750916 50 50 50 124 296
7.367994 2.545120 -0.750910 50 50 50 128 296
7.367934 2.491938 -0.750903 50 50 50 132 296
7.367875 2.438757 -0.750897 50 50 50 136 296
7.367815 2.385577 -0.750891 50 50 50 140 296
7.367756 2.332398 -0.750885 50 50 50 144 296
7.367696 2.279219 -0.750879 50 50 50 148 296
7.367637 2.226042 -0.750873 50 50 50 152 296
7.367577 2.172865 -0.750867 50 50 50 156 296
7.367517 2.119689 -0.750861 50 50 50 160 296
7.367457 2.066514 -0.750855 50 50 50 164 296
7.367397 2.013339 -0.750849 50 50 50 168 296
7.367338 1.960166 -0.750843 50 50 50 172 296
7.367278 1.906994 -0.750837 50 50 50 176 296
7.367218 1.853822 -0.750830 50 50 50 180 296
7.367158 1.800651 -0.750824 50 50 50 184 296
7.367099 1.747481 -0.750818 50 50 50 188 296
7.367039 1.694312 -0.750812 50 50 50 192 296
7.366980 1.641144 -0.750806 50 50 50 196 296
7.366920 1.587977 -0.750800 50 50 50 200 296
5.474642 1.140586 -0.557948 103 103 103 204 296
5.474592 1.101075 -0.557943 103 103 103 208 296
5.474552 1.061567 -0.557939 103 103 103 212 296
5.474513 1.022059 -0.557935 103 103 103 216 296
5.474472 0.982552 -0.557931 103 103 103 220 296
5.474432 0.943046 -0.557927 103 103 103 224 296
5.474393 0.903540 -0.557923 103 103 103 228 296
5.474353 0.864034 -0.557919 103 103 103 232 296
5.474313 0.824530 -0.557915 103 103 103 236 296
5.474273 0.785026 -0.557911 103 103 103 240 296
5.474235 0.745522 -0.557907 103 103 103 244 296
5.474196 0.706020 -0.557904 103 103 103 248 296
5.474158 0.666517 -0.557900 103 103 103 252 296
5.474120 0.627016 -0.557896 103 103 103 256 296
5.474082 0.587514 -0.557892 103 103 103 260 296
5.474043 0.548014 -0.557888 103 103 103 264 296
5.474006 0.508514 -0.557884 103 103 103 268 296
5.315895 0.455471 -0.541771 107 107 107 272 296
5.315856 0.417112 -0.541766 107 107 107 276 296
5.328788 0.379678 -0.543084 107 107 107 280 296
5.363608 0.343460 -0.546633 106 106 106 284 296
5.359544 0.304529 -0.546219 106 106 106 288 296
5.282146 0.262019 -0.538331 108 108 108 292 296
5.315711 0.225330 -0.541752 107 107 107 296 296
5.315686 0.186975 -0.541749 107 107 107 300 296
5.473669 0.153038 -0.557850 103 103 103 304 296
5.473340 0.113538 -0.557816 103 103 103 308 296
5.473268 0.074045 -0.557809 103 103 103 312 296
5.473220 0.034554 -0.557804 103 103 103 316 296
5.473172 -0.004936 -0.557799 103 103 103 320 296
5.473124 -0.044426 -0.557795 103 103 103 324 296
5.473076 -0.083915 -0.557790 103 103 103 328 296
5.473028 -0.123404 -0.557785 103 103 103 332 296
5.472980 -0.162891 -0.557780 103 103 103 336 296
5.472932 -0.202378 -0.557775 103 103 103 340 296
5.472885 -0.241865 -0.557770 103 103 103 344 296
5.472837 -0.281350 -0.557765 103 103 103 348 296
5.472793 -0.320836 -0.557761 103 103 103 352 296
5.266261 -0.346725 -0.536712 109 109 109 356 296
3.617419 -0.264268 -0.368670 154 154 154 360 296
3.588548 -0.288051 -0.365728 155 155 155 364 296
3.588766 -0.313962 -0.365750 155 155 155 368 296
5.260230 -0.498143 -0.536097 109 109 109 372 296
5.472524 -0.557733 -0.557733 103 103 103 376 296
5.472479 -0.597214 -0.557729 103 103 103 380 296
5.472434 -0.636694 -0.557724 103 103 103 384 296
5.472390 -0.676173 -0.557720 103 103 103 388 296
5.472345 -0.715652 -0.557715 103 103 103 392 296
5.472300 -0.755130 -0.557710 103 103 103 396 296
5.472255 -0.794607 -0.557706 103 103 103 400 296
5.472211 -0.834084 -0.557701 103 103 103 404 296
5.472175 -0.873562 -0.557698 103 103 103 408 296
7.363756 -1.228659 -0.750479 50 50 50 412 296
7.363698 -1.281780 -0.750473 50 50 50 416 296
7.363637 -1.334900 -0.750466 50 50 50 420 296
7.363578 -1.388019 -0.750460 50 50 50 424 296
7.363518 -1.441137 -0.750454 50 50 50 428 296
6.005065 -1.218598 -0.612007 88 88 88 432 296
5.933492 -1.246885 -0.604713 90 90 90 436 296
5.906549 -1.283841 -0.601967 91 91 91 440 296
5.929268 -1.331560 -0.604282 90 90 90 444 296
7.363219 -1.706716 -0.750424 50 50 50 448 296
7.363160 -1.759829 -0.750418 50 50 50 452 296
7.363100 -1.812941 -0.750412 50 50 50 456 296
7.363040 -1.866052 -0.750406 50 50 50 460 296
7.362981 -1.919163 -0.750399 50 50 50 464 296
7.362921 -1.972272 -0.750393 50 50 50 468 296
7.362862 -2.025381 -0.750387 50 50 50 472 296
7.362803 -2.078489 -0.750381 50 50 50 476 296
7.362742 -2.131596 -0.750375 50 50 50 480 296
7.362683 -2.184702 -0.750369 50 50 50 484 296
7.362623 -2.237808 -0.750363 50 50 50 488 296
7.362564 -2.290912 -0.750357 50 50 50 492 296
7.362504 -2.344016 -0.750351 50 50 50 496 296
7.362444 -2.397119 -0.750345 50 50 50 500 296
7.362384 -2.450220 -0.750339 50 50 50 504 296
7.362325 -2.503321 -0.750333 50 50 50 508 296
7.362265 -2.556421 -0.750327 51 51 51 512 296
7.362206 -2.609521 -0.750320 51 51 51 516 296
7.245284 -2.620354 -0.738404 54 54 54 520 296
7.133737 -2.631484 -0.727036 57 57 57 524 296
7.133772 -2.682968 -0.727040 57 57 57 528 296
7.133808 -2.734454 -0.727043 57 57 57 532 296
7.133843 -2.785940 -0.727047 57 57 57 536 296
7.133878 -2.837426 -0.727050 57 57 57 540 296
7.133914 -2.888913 -0.727054 57 57 57 544 296
7.133949 -2.940400 -0.727058 57 57 57 548 296
7.133985 -2.991889 -0.727061 57 57 57 552 296
7.134020 -3.043377 -0.727065 57 57 57 556 296
7.134055 -3.094866 -0.727068 57 57 57 560 296
7.134091 -3.146355 -0.727072 57 57 57 564 296
7.129446 -3.195747 -0.726599 57 57 57 568 296
7.129480 -3.247204 -0.726602 57 57 57 572 296
7.129517 -3.298661 -0.726606 57 57 57 576 296
7.129552 -3.350119 -0.726609 57 57 57 580 296
7.129587 -3.401577 -0.726613 57 57 57 584 296
7.129622 -3.453036 -0.726617 57 57 57 588 296
7.129657 -3.504495 -0.726620 57 57 57 592 296
7.129693 -3.555955 -0.726624 57 57 57 596 296
7.129728 -3.607415 -0.726627 57 57 57 600 296
7.129763 -3.658875 -0.726631 57 57 57 604 296
7.129799 -3.710337 -0.726635 57 57 57 608 296
7.129835 -3.761800 -0.726638 57 57 57 612 296
7.125092 -3.810706 -0.726155 57 57 57 616 296
7.125127 -3.862134 -0.726158 57 57 57 620 296
7.125162 -3.913563 -0.726162 57 57 57 624 296
7.125197 -3.964992 -0.726166 57 57 57 628 296
7.125233 -4.016422 -0.726169 57 57 57 632 296
7.125268 -4.067852 -0.726173 57 57 57 636 296
7.232461 4.168188 -0.789281 54 54 54 0 300
7.232403 4.115971 -0.789274 54 54 54 4 300
7.232346 4.063755 -0.789268 54 54 54 8 300
7.232288 4.011540 -0.789262 54 54 54 12 300
7.232231 3.959326 -0.789255 54 54 54 16 300
7.232173 3.907113 -0.789249 54 54 54 20 300
3.435104 1.830997 -0.374874 159 159 159 24 300
3.410773 1.793418 -0.372219 160 160 160 28 300
3.404975 1.765802 -0.371586 160 160 160 32 300
3.410701 1.744163 -0.372211 160 160 160 36 300
3.426038 1.727286 -0.373885 160 160 160 40 300
3.449076 1.714015 -0.376399 159 159 159 44 300
3.503297 1.715683 -0.382316 157 157 157 48 300
3.518169 1.697582 -0.383939 157 157 157 52 300
3.532444 1.678983 -0.385497 157 157 157 56 300
3.555651 1.664358 -0.388029 156 156 156 60 300
3.587197 1.653242 -0.391472 155 155 155 64 300
3.623130 1.643661 -0.395393 154 154 154 68 300
3.669502 1.638221 -0.400454 153 153 153 72 300
7.231368 3.176214 -0.789161 54 54 54 76 300
7.231309 3.124012 -0.789155 54 54 54 80 300
7.231253 3.071812 -0.789149 54 54 54 84 300
7.231195 3.019614 -0.789142 54 54 54 88 300
7.231138 2.967415 -0.789136 54 54 54 92 300
7.231080 2.915217 -0.789130 54 54 54 96 300
7.231023 2.863021 -0.789124 54 54 54 100 300
7.230966 2.810825 -0.789117 54 54 54 104 300
7.230907 2.758630 -0.789111 54 54 54 108 300
7.230850 2.706436 -0.789105 54 54 54 112 300
7.230793 2.654243 -0.789099 54 54 54 116 300
7.230735 2.602050 -0.789092 54 54 54 120 300
7.230678 2.549858 -0.789086 54 54 54 124 300
7.230620 2.497667 -0.789080 54 54 54 128 300
7.230563 2.445477 -0.789073 54 54 54 132 300
7.230505 2.393288 -0.789067 54 54 54 136 300
7.230447 2.341100 -0.789061 54 54 54 140 300
7.230390 2.288912 -0.789055 54 54 54 144 300
7.230332 2.236725 -0.789048 54 54 54 148 300
7.230275 2.184539 -0.789042 54 54 54 152 300
7.230217 2.132354 -0.789036 54 54 54 156 300
7.230160 2.080170 -0.789029 54 54 54 160 300
7.230102 2.027987 -0.789023 54 54 54 164 300
7.230045 1.975804 -0.789017 54 54 54 168 300
7.229988 1.923622 -0.789011 54 54 54 172 300
7.229929 1.871441 -0.789004 54 54 54 176 300
7.229872 1.819261 -0.788998 54 54 54 180 300
7.229815 1.767082 -0.788992 54 54 54 184 300
7.229757 1.714904 -0.788985 54 54 54 188 300
7.229699 1.662726 -0.788979 54 54 54 192 300
7.229642 1.610549 -0.788973 54 54 54 196 300
5.372708 1.158114 -0.586325 106 106 106 200 300
5.372636 1.119334 -0.586317 106 106 106 204 300
5.372598 1.080561 -0.586313 106 106 106 208 300
5.372559 1.041789 -0.586309 106 106 106 212 300
5.372521 1.003018 -0.586305 106 106 106 216 300
5.372483 0.964247 -0.586301 106 106 106 220 300
5.372444 0.925477 -0.586296 106 106 106 224 300
5.372406 0.886707 -0.586292 106 106 106 228 300
5.372367 0.847938 -0.586288 106 106 106 232 300
5.372329 0.809169 -0.586284 106 106 106 236 300
5.372292 0.770401 -0.586281 106 106 106 240 300
5.372252 0.731634 -0.586276 106 106 106 244 300
5.372215 0.692867 -0.586272 106 106 106 248 300
5.372179 0.654100 -0.586268 106 106 106 252 300
5.372142 0.615335 -0.586264 106 106 106 256 300
5.372105 0.576569 -0.586260 106 106 106 260 300
5.372068 0.537805 -0.586256 106 106 106 264 300
5.372031 0.499041 -0.586252 106 106 106 268 300
5.216887 0.446987 -0.569321 110 110 110 272 300
4.865902 0.381806 -0.531018 120 120 120 276 300
4.848290 0.345443 -0.529096 120 120 120 280 300
4.873299 0.312063 -0.531825 119 119 119 284 300
4.888326 0.277754 -0.533465 119 119 119 288 300
5.216722 0.258774 -0.569303 110 110 110 292 300
5.216711 0.221134 -0.569302 110 110 110 296 300
5.254051 0.184807 -0.573377 109 109 109 300 300
5.371707 0.150188 -0.586217 106 106 106 304 300
5.371341 0.111422 -0.586177 106 106 106 308 300
5.371276 0.072666 -0.586170 106 106 106 312 300
5.371230 0.033910 -0.586165 106 106 106 316 300
5.371184 -0.004844 -0.586160 106 106 106 320 300
5.371138 -0.043598 -0.586155 106 106 106 324 300
5.371093 -0.082352 -0.586150 106 106 106 328 300
5.371046 -0.121104 -0.586145 106 106 106 332 300
5.370999 -0.159856 -0.586139 106 106 106 336 300
5.370953 -0.198607 -0.586134 106 106 106 340 300
5.370907 -0.237358 -0.586129 106 106 106 344 300
5.370862 -0.276108 -0.586124 106 106 106 348 300
5.370815 -0.314857 -0.586119 106 106 106 352 300
5.267845 -0.346830 -0.574882 109 109 109 356 300
3.623454 -0.264709 -0.395429 154 154 154 360 300
3.595802 -0.288633 -0.392411 155 155 155 364 300
3.596424 -0.314632 -0.392479 155 155 155 368 300
5.249132 -0.497092 -0.572840 109 109 109 372 300
5.337627 -0.543985 -0.582497 107 107 107 376 300
5.370512 -0.586086 -0.586086 106 106 106 380 300
5.370468 -0.624830 -0.586081 106 106 106 384 300
5.370425 -0.663574 -0.586077 106 106 106 388 300
5.370382 -0.702318 -0.586072 106 106 106 392 300
5.370339 -0.741060 -0.586067 106 106 106 396 300
5.370296 -0.779802 -0.586063 106 106 106 400 300
5.370253 -0.818543 -0.586058 106 106 106 404 300
5.370210 -0.857284 -0.586053 106 106 106 408 300
5.376119 -0.897017 -0.586698 106 106 106 412 300
7.226481 -1.257895 -0.788629 54 54 54 416 300
7.226423 -1.310025 -0.788623 54 54 54 420 300
7.226366 -1.362155 -0.788616 54 54 54 424 300
7.226308 -1.414284 -0.788610 54 54 54 428 300
7.226251 -1.466411 -0.788604 54 54 54 432 300
5.949880 -1.250329 -0.649313 90 90 90 436 300
5.898616 -1.282116 -0.643718 91 91 91 440 300
5.885927 -1.321826 -0.642334 91 91 91 444 300
5.917183 -1.371540 -0.645745 91 91 91 448 300
7.225964 -1.727038 -0.788572 54 54 54 452 300
7.225906 -1.779161 -0.788566 54 54 54 456 300
7.225849 -1.831283 -0.788560 54 54 54 460 300
7.225791 -1.883404 -0.788554 54 54 54 464 300
7.225734 -1.935525 -0.788547 54 54 54 468 300
7.225676 -1.987644 -0.788541 54 54 54 472 300
7.225619 -2.039763 -0.788535 54 54 54 476 300
7.225562 -2.091881 -0.788528 54 54 54 480 300
7.225504 -2.143998 -0.788522 54 54 54 484 300
7.225447 -2.196114 -0.788516 54 54 54 488 300
7.225389 -2.248229 -0.788510 54 54 54 492 300
7.225332 -2.300344 -0.788503 54 54 54 496 300
7.225275 -2.352458 -0.788497 54 54 54 500 300
7.225217 -2.404571 -0.788491 54 54 54 504 300
7.225159 -2.456683 -0.788485 54 54 54 508 300
7.225102 -2.508794 -0.788478 54 54 54 512 300
7.225045 -2.560905 -0.788472 54 54 54 516 300
7.224988 -2.613014 -0.788466 54 54 54 520 300
7.148498 -2.636928 -0.780118 56 56 56 524 300
7.148532 -2.688519 -0.780122 56 56 56 528 300
7.148569 -2.740112 -0.780126 56 56 56 532 300
7.148604 -2.791704 -0.780130 56 56 56 536 300
7.148639 -2.843297 -0.780134 56 56 56 540 300
7.148674 -2.894891 -0.780138 56 56 56 544 300
7.148711 -2.946485 -0.780142 56 56 56 548 300
7.148746 -2.998079 -0.780145 56 56 56 552 300
7.148781 -3.049674 -0.780149 56 56 56 556 300
7.148818 -3.101270 -0.780153 56 56 56 560 300
7.148853 -3.152866 -0.780157 56 56 56 564 300
7.144197 -3.202360 -0.779649 57 57 57 568 300
7.144233 -3.253923 -0.779653 57 57 57 572 300
7.144268 -3.305486 -0.779657 57 57 57 576 300
7.144304 -3.357051 -0.779661 57 57 57 580 300
7.144340 -3.408616 -0.779665 57 57 57 584 300
7.144375 -3.460181 -0.779668 57 57 57 588 300
7.144410 -3.511746 -0.779672 57 57 57 592 300
7.144446 -3.563313 -0.779676 57 57 57 596 300
7.144481 -3.614879 -0.779680 57 57 57 600 300
7.144517 -3.666447 -0.779684 57 57 57 604 300
7.144553 -3.718015 -0.779688 57 57 57 608 300
7.164877 -3.780288 -0.781906 56 56 56 612 300
7.139836 -3.818591 -0.779173 57 57 57 616 300
7.139872 -3.870126 -0.779177 57 57 57 620 300
7.139906 -3.921661 -0.779181 57 57 57 624 300
7.139942 -3.973197 -0.779185 57 57 57 628 300
7.139977 -4.024733 -0.779188 57 57 57 632 300
7.140013 -4.076271 -0.779192 57 57 57 636 300
7.100049 4.091876 -0.826059 58 58 58 0 304
7.099994 4.040616 -0.826053 58 58 58 4 304
7.099937 3.989356 -0.826046 58 58 58 8 304
7.099883 3.938098 -0.826040 58 58 58 12 304
7.099827 3.886840 -0.826033 58 58 58 16 304
7.099771 3.835584 -0.826027 58 58 58 20 304
7.099716 3.784328 -0.826020 58 58 58 24 304
3.413296 1.794745 -0.397122 160 160 160 28 304
3.408313 1.767533 -0.396542 160 160 160 32 304
3.413292 1.745487 -0.397121 160 160 160 36 304
3.428625 1.728590 -0.398905 159 159 159 40 304
3.453383 1.716156 -0.401786 159 159 159 44 304
3.517915 1.722842 -0.409294 157 157 157 48 304
3.529674 1.703133 -0.410662 157 157 157 52 304
3.543348 1.684165 -0.412253 156 156 156 56 304
3.568124 1.670197 -0.415135 156 156 156 60 304
3.595257 1.656957 -0.418292 155 155 155 64 304
3.624982 1.644501 -0.421750 154 154 154 68 304
3.670438 1.638639 -0.427039 153 153 153 72 304
7.098995 3.118072 -0.825936 58 58 58 76 304
7.098940 3.066827 -0.825930 58 58 58 80 304
7.098885 3.015583 -0.825923 58 58 58 84 304
7.098828 2.964339 -0.825917 58 58 58 88 304
7.098773 2.913097 -0.825910 58 58 58 92 304
7.098718 2.861856 -0.825904 58 58 58 96 304
7.098662 2.810615 -0.825898 58 58 58 100 304
7.098607 2.759375 -0.825891 58 58 58 104 304
7.098551 2.708135 -0.825885 58 58 58 108 304
7.098495 2.656897 -0.825878 58 58 58 112 304
7.098441 2.605659 -0.825872 58 58 58 116 304
7.098385 2.554422 -0.825865 58 58 58 120 304
7.098330 2.503186 -0.825859 58 58 58 124 304
7.098275 2.451951 -0.825853 58 58 58 128 304
7.098219 2.400717 -0.825846 58 58 58 132 304
7.098164 2.349483 -0.825840 58 58 58 136 304
7.098107 2.298250 -0.825833 58 58 58 140 304
7.098053 2.247018 -0.825827 58 58 58 144 304
7.097997 2.195787 -0.825820 58 58 58 148 304
7.097942 2.144557 -0.825814 58 58 58 152 304
7.097887 2.093327 -0.825807 58 58 58 156 304
7.097832 2.042098 -0.825801 58 58 58 160 304
7.097776 1.990870 -0.825794 58 58 58 164 304
7.097720 1.939643 -0.825788 58 58 58 168 304
7.097664 1.888416 -0.825781 58 58 58 172 304
7.097609 1.837191 -0.825775 58 58 58 176 304
7.097554 1.785966 -0.825769 58 58 58 180 304
7.097498 1.734742 -0.825762 58 58 58 184 304
7.097443 1.683519 -0.825756 58 58 58 188 304
7.097388 1.632296 -0.825749 58 58 58 192 304
7.097332 1.581074 -0.825743 58 58 58 196 304
5.274412 1.136926 -0.613654 108 108 108 200 304
5.274372 1.098862 -0.613649 108 108 108 204 304
5.274334 1.060798 -0.613645 108 108 108 208 304
5.274298 1.022736 -0.613641 108 108 108 212 304
5.274261 0.984673 -0.613637 108 108 108 216 304
5.274224 0.946612 -0.613632 108 108 108 220 304
5.274187 0.908551 -0.613628 108 108 108 224 304
5.274150 0.870490 -0.613624 108 108 108 228 304
5.274113 0.832430 -0.613619 108 108 108 232 304
5.274076 0.794371 -0.613616 108 108 108 236 304
5.274039 0.756312 -0.613612 108 108 108 240 304
5.274002 0.718253 -0.613607 108 108 108 244 304
5.273965 0.680195 -0.613603 108 108 108 248 304
5.273929 0.642138 -0.613599 108 108 108 252 304
5.273893 0.604081 -0.613595 108 108 108 256 304
5.273858 0.566025 -0.613590 108 108 108 260 304
5.273822 0.527969 -0.613586 108 108 108 264 304
5.273787 0.489914 -0.613582 108 108 108 268 304
4.835204 0.414285 -0.562555 121 121 121 272 304
4.754943 0.373100 -0.553217 123 123 123 276 304
4.742299 0.337891 -0.551746 123 123 123 280 304
4.767586 0.305293 -0.554688 122 122 122 284 304
4.842213 0.275134 -0.563371 120 120 120 288 304
4.856526 0.240907 -0.565036 120 120 120 292 304
4.857657 0.205914 -0.565167 120 120 120 296 304
4.871470 0.171350 -0.566774 120 120 120 300 304
5.273475 0.147441 -0.613546 108 108 108 304 304
5.273077 0.109384 -0.613500 108 108 108 308 304
5.273017 0.071336 -0.613493 108 108 108 312 304
5.272973 0.033290 -0.613487 108 108 108 316 304
5.272928 -0.004756 -0.613482 108 108 108 320 304
5.272884 -0.042801 -0.613477 108 108 108 324 304
5.272840 -0.080845 -0.613472 108 108 108 328 304
5.272795 -0.118889 -0.613467 108 108 108 332 304
5.272750 -0.156932 -0.613462 108 108 108 336 304
5.272706 -0.194974 -0.613456 108 108 108 340 304
5.272662 -0.233016 -0.613451 108 108 108 344 304
5.272617 -0.271057 -0.613446 108 108 108 348 304
5.272573 -0.309098 -0.613441 108 108 108 352 304
5.264613 -0.346617 -0.612515 109 109 109 356 304
3.629551 -0.265154 -0.422282 154 154 154 360 304
3.603086 -0.289218 -0.419203 155 155 155 364 304
3.604114 -0.315305 -0.419323 155 155 155 368 304
5.242623 -0.496476 -0.609956 109 109 109 372 304
5.247922 -0.534843 -0.610573 109 109 109 376 304
5.272275 -0.575365 -0.613406 108 108 108 380 304
5.272233 -0.613401 -0.613401 108 108 108 384 304
5.272192 -0.651436 -0.613397 108 108 108 388 304
5.272150 -0.689471 -0.613392 108 108 108 392 304
5.272109 -0.727505 -0.613387 108 108 108 396 304
5.272067 -0.765539 -0.613382 108 108 108 400 304
5.272026 -0.803571 -0.613377 108 108 108 404 304
5.271983 -0.841604 -0.613372 108 108 108 408 304
5.271957 -0.879638 -0.613369 108 108 108 412 304
7.094286 -1.234884 -0.825389 58 58 58 416 304
7.094229 -1.286061 -0.825383 58 58 58 420 304
7.094175 -1.337237 -0.825376 58 58 58 424 304
7.094119 -1.388412 -0.825370 58 58 58 428 304
7.094064 -1.439587 -0.825363 58 58 58 432 304
5.988409 -1.258426 -0.696725 89 89 89 436 304
5.892275 -1.280738 -0.685541 91 91 91 440 304
5.854444 -1.314756 -0.681139 92 92 92 444 304
5.844602 -1.354716 -0.679994 93 93 93 448 304
7.093787 -1.695447 -0.825331 58 58 58 452 304
7.093732 -1.746617 -0.825325 58 58 58 456 304
7.093677 -1.797786 -0.825318 58 58 58 460 304
7.093621 -1.848954 -0.825312 58 58 58 464 304
7.093566 -1.900121 -0.825305 58 58 58 468 304
7.093511 -1.951288 -0.825299 58 58 58 472 304
7.093455 -2.002453 -0.825293 58 58 58 476 304
7.093400 -2.053618 -0.825286 58 58 58 480 304
7.093344 -2.104783 -0.825280 58 58 58 484 304
7.093288 -2.155946 -0.825273 58 58 58 488 304
7.093234 -2.207108 -0.825267 58 58 58 492 304
7.093178 -2.258270 -0.825260 58 58 58 496 304
7.093122 -2.309431 -0.825254 58 58 58 500 304
7.093068 -2.360591 -0.825247 58 58 58 504 304
7.093012 -2.411750 -0.825241 58 58 58 508 304
7.092957 -2.462909 -0.825235 58 58 58 512 304
7.092902 -2.514066 -0.825228 58 58 58 516 304
7.092846 -2.565224 -0.825222 58 58 58 520 304
7.092792 -2.616379 -0.825215 58 58 58 524 304
7.092736 -2.667535 -0.825209 58 58 58 528 304
7.092680 -2.718689 -0.825202 58 58 58 532 304
7.092625 -2.769843 -0.825196 58 58 58 536 304
7.092570 -2.820996 -0.825190 58 58 58 540 304
7.092514 -2.872148 -0.825183 58 58 58 544 304
7.092460 -2.923300 -0.825177 58 58 58 548 304
7.092404 -2.974450 -0.825170 58 58 58 552 304
7.092350 -3.025600 -0.825164 58 58 58 556 304
7.092294 -3.076749 -0.825157 58 58 58 560 304
7.092238 -3.127897 -0.825151 58 58 58 564 304
7.092183 -3.179044 -0.825144 58 58 58 568 304
7.092127 -3.230191 -0.825138 58 58 58 572 304
7.092072 -3.281337 -0.825132 58 58 58 576 304
7.092017 -3.332482 -0.825125 58 58 58 580 304
7.091962 -3.383626 -0.825119 58 58 58 584 304
7.091907 -3.434770 -0.825112 58 58 58 588 304
7.091851 -3.485912 -0.825106 58 58 58 592 304
7.091795 -3.537053 -0.825099 58 58 58 596 304
7.091741 -3.588195 -0.825093 58 58 58 600 304
7.091685 -3.639335 -0.825087 58 58 58 604 304
7.091631 -3.690475 -0.825080 58 58 58 608 304
7.091575 -3.741613 -0.825074 58 58 58 612 304
7.091520 -3.792751 -0.825067 58 58 58 616 304
7.091465 -3.843888 -0.825061 58 58 58 620 304
7.091409 -3.895024 -0.825054 58 58 58 624 304
7.091354 -3.946159 -0.825048 58 58 58 628 304
7.091299 -3.997294 -0.825042 58 58 58 632 304
7.091244 -4.048428 -0.825035 58 58 58 636 304
6.972398 4.018309 -0.861515 61 61 61 0 308
6.972344 3.967970 -0.861508 61 61 61 4 308
6.972291 3.917634 -0.861502 61 61 61 8 308
6.972238 3.867297 -0.861495 61 61 61 12 308
6.972184 3.816962 -0.861488 61 61 61 16 308
6.972130 3.766627 -0.861482 61 61 61 20 308
6.972077 3.716293 -0.861475 61 61 61 24 308
3.417141 1.796767 -0.422225 160 160 160 28 308
3.409183 1.767984 -0.421241 160 160 160 32 308
3.414542 1.746127 -0.421903 160 160 160 36 308
3.429258 1.728909 -0.423722 159 159 159 40 308
3.453889 1.716407 -0.426765 159 159 159 44 308
3.527941 1.727752 -0.435915 157 157 157 48 308
3.541300 1.708743 -0.437566 156 156 156 52 308
3.556683 1.690503 -0.439466 156 156 156 56 308
3.577578 1.674622 -0.442048 155 155 155 60 308
3.600902 1.659558 -0.444930 155 155 155 64 308
3.629914 1.646738 -0.448515 154 154 154 68 308
3.677979 1.642006 -0.454454 153 153 153 72 308
6.971382 3.062021 -0.861389 61 61 61 76 308
6.971328 3.011697 -0.861383 61 61 61 80 308
6.971274 2.961375 -0.861376 61 61 61 84 308
6.971220 2.911053 -0.861369 61 61 61 88 308
6.971168 2.860732 -0.861363 61 61 61 92 308
6.971115 2.810412 -0.861356 61 61 61 96 308
6.971061 2.760092 -0.861350 61 61 61 100 308
6.971007 2.709774 -0.861343 61 61 61 104 308
6.970954 2.659456 -0.861336 61 61 61 108 308
6.970901 2.609139 -0.861330 61 61 61 112 308
6.970847 2.558823 -0.861323 61 61 61 116 308
6.970793 2.508507 -0.861316 61 61 61 120 308
6.970740 2.458193 -0.861310 61 61 61 124 308
6.970686 2.407879 -0.861303 61 61 61 128 308
6.970633 2.357565 -0.861297 61 61 61 132 308
6.970580 2.307253 -0.861290 61 61 61 136 308
6.970526 2.256941 -0.861283 61 61 61 140 308
6.970473 2.206630 -0.861277 61 61 61 144 308
6.970419 2.156321 -0.861270 61 61 61 148 308
6.970366 2.106011 -0.861264 61 61 61 152 308
6.970313 2.055702 -0.861257 61 61 61 156 308
6.970259 2.005395 -0.861250 61 61 61 160 308
6.970205 1.955088 -0.861244 61 61 61 164 308
6.970152 1.904781 -0.861237 61 61 61 168 308
6.970099 1.854476 -0.861231 61 61 61 172 308
6.970045 1.804171 -0.861224 61 61 61 176 308
6.969991 1.753867 -0.861217 61 61 61 180 308
6.969938 1.703564 -0.861211 61 61 61 184 308
6.969885 1.653262 -0.861204 61 61 61 188 308
6.969831 1.602960 -0.861198 61 61 61 192 308
5.179733 1.153890 -0.640012 111 111 111 196 308
5.179673 1.116504 -0.640004 111 111 111 200 308
5.179637 1.079125 -0.640000 111 111 111 204 308
5.179601 1.041745 -0.639995 111 111 111 208 308
5.179566 1.004366 -0.639991 111 111 111 212 308
5.179530 0.966988 -0.639987 111 111 111 216 308
5.179494 0.929610 -0.639982 111 111 111 220 308
5.179459 0.892232 -0.639978 111 111 111 224 308
5.179423 0.854856 -0.639973 111 111 111 228 308
5.179388 0.817479 -0.639970 111 111 111 232 308
5.179352 0.780103 -0.639965 111 111 111 236 308
5.179317 0.742728 -0.639961 111 111 111 240 308
5.179281 0.705353 -0.639957 111 111 111 244 308
5.179245 0.667979 -0.639952 111 111 111 248 308
5.179210 0.630605 -0.639948 111 111 111 252 308
5.179173 0.593232 -0.639943 111 111 111 256 308
5.179139 0.555859 -0.639939 111 111 111 260 308
5.179105 0.518487 -0.639935 111 111 111 264 308
5.179071 0.481116 -0.639931 111 111 111 268 308
4.725751 0.404907 -0.583918 124 124 124 272 308
4.680712 0.367275 -0.578353 125 125 125 276 308
4.669356 0.332694 -0.576950 125 125 125 280 308
4.693976 0.300580 -0.579992 124 124 124 284 308
4.745885 0.269661 -0.586406 123 123 123 288 308
4.866609 0.241407 -0.601323 120 120 120 292 308
4.867743 0.206341 -0.601463 120 120 120 296 308
4.868880 0.171259 -0.601603 120 120 120 300 308
4.870013 0.136161 -0.601743 120 120 120 304 308
4.871148 0.101046 -0.601883 120 120 120 308 308
5.178288 0.070055 -0.639834 111 111 111 312 308
5.178245 0.032692 -0.639829 111 111 111 316 308
5.178202 -0.004670 -0.639823 111 111 111 320 308
5.178159 -0.042032 -0.639818 111 111 111 324 308
5.178117 -0.079393 -0.639813 111 111 111 328 308
5.178074 -0.116753 -0.639807 111 111 111 332 308
5.178030 -0.154113 -0.639802 111 111 111 336 308
5.177988 -0.191472 -0.639797 111 111 111 340 308
5.177945 -0.228830 -0.639791 111 111 111 344 308
5.177902 -0.266188 -0.639786 111 111 111 348 308
5.177859 -0.303546 -0.639781 111 111 111 352 308
3.809654 -0.250824 -0.470724 149 149 149 356 308
3.635668 -0.265601 -0.449226 154 154 154 360 308
3.610399 -0.289805 -0.446104 154 154 154 364 308
3.611838 -0.315980 -0.446282 154 154 154 368 308
3.771814 -0.357190 -0.466049 150 150 150 372 308
5.177607 -0.527677 -0.639750 111 111 111 376 308
5.177567 -0.565030 -0.639745 111 111 111 380 308
5.177526 -0.602382 -0.639740 111 111 111 384 308
5.177487 -0.639735 -0.639735 111 111 111 388 308
5.177447 -0.677086 -0.639730 111 111 111 392 308
5.177406 -0.714437 -0.639725 111 111 111 396 308
5.177366 -0.751787 -0.639720 111 111 111 400 308
5.177327 -0.789137 -0.639715 111 111 111 404 308
5.177286 -0.826486 -0.639710 111 111 111 408 308
5.177248 -0.863835 -0.639705 111 111 111 412 308
6.966839 -1.212700 -0.860829 61 61 61 416 308
6.966786 -1.262958 -0.860822 61 61 61 420 308
6.966733 -1.313215 -0.860816 61 61 61 424 308
6.966679 -1.363471 -0.860809 61 61 61 428 308
6.966626 -1.413726 -0.860802 61 61 61 432 308
6.133948 -1.289010 -0.757916 85 85 85 436 308
5.911434 -1.284903 -0.730422 91 91 91 440 308
5.847617 -1.313223 -0.722537 92 92 92 444 308
5.826133 -1.350435 -0.719882 93 93 93 448 308
5.826725 -1.392614 -0.719955 93 93 93 452 308
6.966305 -1.715242 -0.860763 61 61 61 456 308
6.966252 -1.765492 -0.860756 61 61 61 460 308
6.966198 -1.815741 -0.860750 61 61 61 464 308
6.966146 -1.865990 -0.860743 61 61 61 468 308
6.966092 -1.916237 -0.860736 61 61 61 472 308
6.966038 -1.966484 -0.860730 61 61 61 476 308
6.965985 -2.016730 -0.860723 61 61 61 480 308
6.965931 -2.066976 -0.860717 61 61 61 484 308
6.965878 -2.117220 -0.860710 61 61 61 488 308
6.965825 -2.167464 -0.860703 61 61 61 492 308
6.965772 -2.217707 -0.860697 61 61 61 496 308
6.965718 -2.267950 -0.860690 61 61 61 500 308
6.965665 -2.318191 -0.860684 61 61 61 504 308
6.965611 -2.368432 -0.860677 61 61 61 508 308
6.965559 -2.418672 -0.860670 61 61 61 512 308
6.965505 -2.468911 -0.860664 61 61 61 516 308
6.965452 -2.519150 -0.860657 61 61 61 520 308
6.965398 -2.569387 -0.860651 61 61 61 524 308
6.965345 -2.619624 -0.860644 61 61 61 528 308
6.965292 -2.669860 -0.860637 62 62 62 532 308
6.965239 -2.720096 -0.860631 62 62 62 536 308
6.965186 -2.770330 -0.860624 62 62 62 540 308
6.965132 -2.820564 -0.860618 62 62 62 544 308
6.965078 -2.870797 -0.860611 62 62 62 548 308
6.965025 -2.921029 -0.860605 62 62 62 552 308
6.964972 -2.971261 -0.860598 62 62 62 556 308
6.964919 -3.021492 -0.860591 62 62 62 560 308
6.964866 -3.071722 -0.860585 62 62 62 564 308
6.964812 -3.121951 -0.860578 62 62 62 568 308
6.964758 -3.172179 -0.860572 62 62 62 572 308
6.964705 -3.222407 -0.860565 62 62 62 576 308
6.964652 -3.272634 -0.860558 62 62 62 580 308
6.964599 -3.322860 -0.860552 62 62 62 584 308
6.964546 -3.373086 -0.860545 62 62 62 588 308
6.964493 -3.423310 -0.860539 62 62 62 592 308
6.964439 -3.473534 -0.860532 62 62 62 596 308
6.964386 -3.523757 -0.860525 62 62 62 600 308
6.964333 -3.573980 -0.860519 62 62 62 604 308
6.964279 -3.624201 -0.860512 62 62 62 608 308
6.964226 -3.674422 -0.860506 62 62 62 612 308
6.964173 -3.724642 -0.860499 62 62 62 616 308
6.964119 -3.774861 -0.860493 62 62 62 620 308
6.964066 -3.825079 -0.860486 62 62 62 624 308
6.964013 -3.875297 -0.860479 62 62 62 628 308
6.963959 -3.925514 -0.860473 62 62 62 632 308
6.963906 -3.975730 -0.860466 62 62 62 636 308
6.849255 3.947340 -0.895718 65 65 65 0 312
6.849204 3.897891 -0.895711 65 65 65 4 312
6.849152 3.848444 -0.895705 65 65 65 8 312
6.849101 3.798997 -0.895698 65 65 65 12 312
6.849049 3.749550 -0.895691 65 65 65 16 312
6.848998 3.700105 -0.895684 65 65 65 20 312
6.848946 3.650661 -0.895678 65 65 65 24 312
3.441632 1.809644 -0.450083 159 159 159 28 312
3.410829 1.768838 -0.446055 160 160 160 32 312
3.429570 1.753812 -0.448505 159 159 159 36 312
3.442297 1.735483 -0.450170 159 159 159 40 312
3.464538 1.721699 -0.453078 159 159 159 44 312
3.538628 1.732986 -0.462768 156 156 156 48 312
3.551030 1.713438 -0.464389 156 156 156 52 312
3.567076 1.695443 -0.466488 156 156 156 56 312
3.586198 1.678656 -0.468989 155 155 155 60 312
3.609510 1.663525 -0.472037 154 154 154 64 312
3.639679 1.651168 -0.475983 154 154 154 68 312
3.694063 1.649187 -0.483095 152 152 152 72 312
6.848275 3.007949 -0.895590 65 65 65 76 312
6.848223 2.958514 -0.895583 65 65 65 80 312
6.848171 2.909081 -0.895576 65 65 65 84 312
6.848120 2.859648 -0.895570 65 65 65 88 312
6.848068 2.810216 -0.895563 65 65 65 92 312
6.848017 2.760785 -0.895556 65 65 65 96 312
6.847965 2.711355 -0.895549 65 65 65 100 312
6.847914 2.661925 -0.895543 65 65 65 104 312
6.847862 2.612496 -0.895536 65 65 65 108 312
6.847810 2.563068 -0.895529 65 65 65 112 312
6.847759 2.513640 -0.895522 65 65 65 116 312
6.847708 2.464214 -0.895516 65 65 65 120 312
6.847656 2.414788 -0.895509 65 65 65 124 312
6.847604 2.365362 -0.895502 65 65 65 128 312
6.847552 2.315938 -0.895495 65 65 65 132 312
6.847501 2.266514 -0.895489 65 65 65 136 312
6.847449 2.217091 -0.895482 65 65 65 140 312
6.847398 2.167669 -0.895475 65 65 65 144 312
6.847346 2.118248 -0.895468 65 65 65 148 312
6.847295 2.068827 -0.895462 65 65 65 152 312
6.847243 2.019407 -0.895455 65 65 65 156 312
6.847191 1.969987 -0.895448 65 65 65 160 312
6.847139 1.920569 -0.895441 65 65 65 164 312
6.847088 1.871151 -0.895435 65 65 65 168 312
6.847036 1.821734 -0.895428 65 65 65 172 312
6.846985 1.772318 -0.895421 65 65 65 176 312
6.846933 1.722902 -0.895414 65 65 65 180 312
6.846882 1.673487 -0.895408 65 65 65 184 312
6.846830 1.624073 -0.895401 65 65 65 188 312
6.846779 1.574660 -0.895394 65 65 65 192 312
5.088314 1.133525 -0.665429 114 114 114 196 312
5.088280 1.096804 -0.665425 114 114 114 200 312
5.088245 1.060084 -0.665420 114 114 114 204 312
5.088211 1.023364 -0.665416 114 114 114 208 312
5.088176 0.986645 -0.665411 114 114 114 212 312
5.088142 0.949926 -0.665407 114 114 114 216 312
5.088108 0.913208 -0.665402 114 114 114 220 312
5.088074 0.876490 -0.665399 114 114 114 224 312
5.088039 0.839773 -0.665394 114 114 114 228 312
5.088005 0.803056 -0.665390 114 114 114 232 312
5.087971 0.766340 -0.665385 114 114 114 236 312
5.087936 0.729624 -0.665381 114 114 114 240 312
5.087902 0.692909 -0.665376 114 114 114 244 312
5.087867 0.656194 -0.665372 114 114 114 248 312
5.087833 0.619479 -0.665367 114 114 114 252 312
5.087799 0.582766 -0.665363 114 114 114 256 312
5.087764 0.546052 -0.665358 114 114 114 260 312
5.087730 0.509339 -0.665354 114 114 114 264 312
5.087698 0.472627 -0.665349 114 114 114 268 312
4.651099 0.398510 -0.608253 126 126 126 272 312
4.611191 0.361820 -0.603034 127 127 127 276 312
4.612265 0.328626 -0.603174 127 127 127 280 312
4.626315 0.296247 -0.605011 126 126 126 284 312
4.632085 0.263195 -0.605766 126 126 126 288 312
4.644742 0.230401 -0.607421 126 126 126 292 312
4.670993 0.198001 -0.610854 125 125 125 296 312
4.879013 0.171616 -0.638058 119 119 119 300 312
4.880149 0.136444 -0.638207 119 119 119 304 312
4.881290 0.101256 -0.638356 119 119 119 308 312
4.882435 0.066052 -0.638506 119 119 119 312 312
4.883574 0.030832 -0.638655 119 119 119 316 312
5.086819 -0.004588 -0.665235 114 114 114 320 312
5.086778 -0.041290 -0.665229 114 114 114 324 312
5.086737 -0.077992 -0.665224 114 114 114 328 312
5.086696 -0.114693 -0.665218 114 114 114 332 312
5.086654 -0.151393 -0.665213 114 114 114 336 312
5.086612 -0.188093 -0.665207 114 114 114 340 312
5.086571 -0.224792 -0.665202 114 114 114 344 312
5.086531 -0.261491 -0.665197 114 114 114 348 312
5.086489 -0.298189 -0.665191 114 114 114 352 312
3.764900 -0.247877 -0.492359 150 150 150 356 312
3.636608 -0.265670 -0.475582 154 154 154 360 312
3.615413 -0.290207 -0.472810 154 154 154 364 312
3.617208 -0.316450 -0.473044 154 154 154 368 312
3.691439 -0.349579 -0.482752 152 152 152 372 312
5.086240 -0.518365 -0.665159 114 114 114 376 312
5.086202 -0.555059 -0.665154 114 114 114 380 312
5.086163 -0.591753 -0.665149 114 114 114 384 312
5.086124 -0.628446 -0.665143 114 114 114 388 312
5.086086 -0.665138 -0.665139 114 114 114 392 312
5.086047 -0.701830 -0.665133 114 114 114 396 312
5.086008 -0.738522 -0.665128 114 114 114 400 312
5.085969 -0.775212 -0.665123 114 114 114 404 312
5.085931 -0.811903 -0.665118 114 114 114 408 312
5.085893 -0.848593 -0.665113 114 114 114 412 312
5.085867 -0.885284 -0.665110 114 114 114 416 312
6.843840 -1.240670 -0.895011 65 65 65 420 312
6.843788 -1.290040 -0.895004 65 65 65 424 312
6.843737 -1.339409 -0.894997 65 65 65 428 312
6.843686 -1.388778 -0.894991 65 65 65 432 312
6.135594 -1.289356 -0.802389 84 84 84 436 312
6.106729 -1.327351 -0.798614 85 85 85 440 312
5.856072 -1.315122 -0.765834 92 92 92 444 312
5.817421 -1.348416 -0.760780 93 93 93 448 312
5.804800 -1.387373 -0.759129 94 94 94 452 312
6.843377 -1.684975 -0.894950 65 65 65 456 312
6.843325 -1.734338 -0.894943 65 65 65 460 312
6.843274 -1.783701 -0.894937 65 65 65 464 312
6.843222 -1.833063 -0.894930 65 65 65 468 312
6.843170 -1.882424 -0.894923 65 65 65 472 312
6.843118 -1.931784 -0.894916 65 65 65 476 312
6.843066 -1.981144 -0.894910 65 65 65 480 312
6.843016 -2.030504 -0.894903 65 65 65 484 312
6.842964 -2.079862 -0.894896 65 65 65 488 312
6.842913 -2.129219 -0.894889 65 65 65 492 312
6.842861 -2.178576 -0.894883 65 65 65 496 312
6.842809 -2.227932 -0.894876 65 65 65 500 312
6.842758 -2.277287 -0.894869 65 65 65 504 312
6.842707 -2.326642 -0.894863 65 65 65 508 312
6.842655 -2.375996 -0.894856 65 65 65 512 312
6.842604 -2.425349 -0.894849 65 65 65 516 312
6.842552 -2.474701 -0.894842 65 65 65 520 312
6.842501 -2.524053 -0.894836 65 65 65 524 312
6.842450 -2.573404 -0.894829 65 65 65 528 312
6.842398 -2.622754 -0.894822 65 65 65 532 312
6.842347 -2.672103 -0.894815 65 65 65 536 312
6.842295 -2.721452 -0.894809 65 65 65 540 312
6.842244 -2.770800 -0.894802 65 65 65 544 312
6.842193 -2.820147 -0.894795 65 65 65 548 312
6.842141 -2.869493 -0.894788 65 65 65 552 312
6.842090 -2.918839 -0.894782 65 65 65 556 312
6.842038 -2.968184 -0.894775 65 65 65 560 312
6.841987 -3.017528 -0.894768 65 65 65 564 312
6.841936 -3.066872 -0.894762 65 65 65 568 312
6.841884 -3.116214 -0.894755 65 65 65 572 312
6.841833 -3.165556 -0.894748 65 65 65 576 312
6.841781 -3.214898 -0.894741 65 65 65 580 312
6.841730 -3.264238 -0.894735 65 65 65 584 312
6.841679 -3.313578 -0.894728 65 65 65 588 312
6.841627 -3.362917 -0.894721 65 65 65 592 312
6.841576 -3.412255 -0.894714 65 65 65 596 312
6.841524 -3.461593 -0.894708 65 65 65 600 312
6.841473 -3.510930 -0.894701 65 65 65 604 312
6.841421 -3.560266 -0.894694 65 65 65 608 312
6.841370 -3.609601 -0.894688 65 65 65 612 312
6.841319 -3.658936 -0.894681 65 65 65 616 312
6.841267 -3.708270 -0.894674 65 65 65 620 312
6.841216 -3.757602 -0.894667 65 65 65 624 312
6.841165 -3.806935 -0.894661 65 65 65 628 312
6.841113 -3.856266 -0.894654 65 65 65 632 312
6.841061 -3.905597 -0.894647 65 65 65 636 312
6.730388 3.878834 -0.928734 68 68 68 0 316
6.730338 3.830245 -0.928728 68 68 68 4 316
6.730288 3.781656 -0.928721 68 68 68 8 316
6.730237 3.733067 -0.928714 68 68 68 12 316
6.730188 3.684480 -0.928707 68 68 68 16 316
6.730138 3.635893 -0.928700 68 68 68 20 316
6.730088 3.587306 -0.928693 68 68 68 24 316
6.730039 3.538722 -0.928686 68 68 68 28 316
3.431626 1.779623 -0.473534 159 159 159 32 316
3.432542 1.755332 -0.473661 159 159 159 36 316
3.442353 1.735512 -0.475015 159 159 159 40 316
3.463785 1.721325 -0.477972 159 159 159 44 316
3.549402 1.738262 -0.489786 156 156 156 48 316
3.562013 1.718737 -0.491527 156 156 156 52 316
3.576894 1.700110 -0.493580 155 155 155 56 316
3.595824 1.683163 -0.496192 155 155 155 60 316
3.621010 1.668825 -0.499668 154 154 154 64 316
3.653283 1.657340 -0.504121 153 153 153 68 316
3.707911 1.655369 -0.511659 152 152 152 72 316
6.729441 2.955753 -0.928604 68 68 68 76 316
6.729391 2.907177 -0.928597 68 68 68 80 316
6.729341 2.858602 -0.928590 68 68 68 84 316
6.729291 2.810028 -0.928583 68 68 68 88 316
6.729241 2.761454 -0.928576 68 68 68 92 316
6.729192 2.712881 -0.928569 68 68 68 96 316
6.729141 2.664308 -0.928562 68 68 68 100 316
6.729092 2.615736 -0.928556 68 68 68 104 316
6.729042 2.567165 -0.928549 68 68 68 108 316
6.728992 2.518595 -0.928542 68 68 68 112 316
6.728942 2.470026 -0.928535 68 68 68 116 316
6.728893 2.421457 -0.928528 68 68 68 120 316
6.728843 2.372889 -0.928521 68 68 68 124 316
6.728792 2.324321 -0.928514 68 68 68 128 316
6.728743 2.275755 -0.928507 68 68 68 132 316
6.728693 2.227189 -0.928501 68 68 68 136 316
6.728643 2.178624 -0.928494 68 68 68 140 316
6.728593 2.130059 -0.928487 68 68 68 144 316
6.728544 2.081496 -0.928480 68 68 68 148 316
6.728494 2.032933 -0.928473 68 68 68 152 316
6.728444 1.984370 -0.928466 68 68 68 156 316
6.728395 1.935809 -0.928459 68 68 68 160 316
6.728345 1.887248 -0.928452 68 68 68 164 316
6.728295 1.838687 -0.928446 68 68 68 168 316
6.728245 1.790128 -0.928439 68 68 68 172 316
6.728195 1.741569 -0.928432 68 68 68 176 316
6.728146 1.693011 -0.928425 68 68 68 180 316
6.728096 1.644454 -0.928418 68 68 68 184 316
6.728045 1.595897 -0.928411 68 68 68 188 316
5.000140 1.149960 -0.689975 116 116 116 192 316
5.000089 1.113871 -0.689968 116 116 116 196 316
5.000056 1.077787 -0.689964 116 116 116 200 316
5.000023 1.041704 -0.689959 116 116 116 204 316
4.999990 1.005621 -0.689955 116 116 116 208 316
4.999956 0.969538 -0.689950 116 116 116 212 316
4.999923 0.933456 -0.689945 116 116 116 216 316
4.999890 0.897375 -0.689942 116 116 116 220 316
4.999857 0.861294 -0.689937 116 116 116 224 316
4.999824 0.825213 -0.689933 116 116 116 228 316
4.999791 0.789133 -0.689928 116 116 116 232 316
4.999757 0.753053 -0.689923 116 116 116 236 316
4.999724 0.716974 -0.689919 116 116 116 240 316
4.999691 0.680895 -0.689914 116 116 116 244 316
4.999658 0.644817 -0.689910 116 116 116 248 316
4.999625 0.608739 -0.689905 116 116 116 252 316
4.999592 0.572662 -0.689900 116 116 116 256 316
4.999558 0.536585 -0.689896 116 116 116 260 316
4.999525 0.500509 -0.689891 116 116 116 264 316
4.712562 0.437779 -0.650293 124 124 124 268 316
4.619709 0.395821 -0.637480 126 126 126 272 316
4.661545 0.365771 -0.643253 125 125 125 276 316
4.685490 0.333843 -0.646557 125 125 125 280 316
4.644688 0.297423 -0.640927 126 126 126 284 316
4.625066 0.262796 -0.638219 126 126 126 288 316
4.641027 0.230217 -0.640422 126 126 126 292 316
4.642113 0.196777 -0.640571 126 126 126 296 316
4.643201 0.163321 -0.640722 126 126 126 300 316
4.657774 0.130227 -0.642733 125 125 125 304 316
4.891479 0.101468 -0.674982 119 119 119 308 316
4.998687 0.067625 -0.689776 116 116 116 312 316
4.893771 0.030896 -0.675298 119 119 119 316 316
4.998606 -0.004508 -0.689764 116 116 116 320 316
4.998567 -0.040574 -0.689759 116 116 116 324 316
4.998527 -0.076639 -0.689753 116 116 116 328 316
4.998487 -0.112704 -0.689748 116 116 116 332 316
4.998446 -0.148768 -0.689742 116 116 116 336 316
4.998406 -0.184831 -0.689737 116 116 116 340 316
4.998367 -0.220894 -0.689731 116 116 116 344 316
4.998327 -0.256957 -0.689726 116 116 116 348 316
4.998287 -0.293018 -0.689720 116 116 116 352 316
3.784438 -0.249164 -0.522220 150 150 150 356 316
3.643541 -0.266176 -0.502777 154 154 154 360 316
3.624050 -0.290900 -0.500088 154 154 154 364 316
3.626441 -0.317258 -0.500417 154 154 154 368 316
3.662378 -0.346827 -0.505376 153 153 153 372 316
4.998047 -0.509377 -0.689687 116 116 116 376 316
4.998007 -0.545434 -0.689682 116 116 116 380 316
4.997968 -0.581492 -0.689676 116 116 116 384 316
4.997930 -0.617548 -0.689671 116 116 116 388 316
4.997892 -0.653605 -0.689666 116 116 116 392 316
4.997856 -0.689661 -0.689661 116 116 116 396 316
4.997818 -0.725716 -0.689656 116 116 116 400 316
4.997781 -0.761771 -0.689650 116 116 116 404 316
4.997743 -0.797825 -0.689645 116 116 116 408 316
4.997706 -0.833878 -0.689640 116 116 116 412 316
4.997677 -0.869933 -0.689636 116 116 116 416 316
6.725158 -1.219155 -0.928014 68 68 68 420 316
6.725109 -1.267669 -0.928007 68 68 68 424 316
6.725059 -1.316182 -0.928000 68 68 68 428 316
6.725009 -1.364695 -0.927993 68 68 68 432 316
6.144636 -1.291256 -0.847907 84 84 84 436 316
6.116225 -1.329416 -0.843986 85 85 85 440 316
6.114135 -1.373076 -0.843698 85 85 85 444 316
5.817362 -1.348402 -0.802746 93 93 93 448 316
5.786788 -1.383068 -0.798527 94 94 94 452 316
5.783549 -1.424024 -0.798080 94 94 94 456 316
6.724661 -1.704265 -0.927945 68 68 68 460 316
6.724612 -1.752772 -0.927938 68 68 68 464 316
6.724561 -1.801278 -0.927931 68 68 68 468 316
6.724512 -1.849783 -0.927924 68 68 68 472 316
6.724462 -1.898288 -0.927917 68 68 68 476 316
6.724412 -1.946792 -0.927911 68 68 68 480 316
6.724363 -1.995296 -0.927904 68 68 68 484 316
6.724313 -2.043798 -0.927897 68 68 68 488 316
6.724264 -2.092301 -0.927890 68 68 68 492 316
6.724213 -2.140802 -0.927883 68 68 68 496 316
6.724164 -2.189302 -0.927876 68 68 68 500 316
6.724113 -2.237802 -0.927869 68 68 68 504 316
6.724065 -2.286302 -0.927863 68 68 68 508 316
6.724015 -2.334800 -0.927856 68 68 68 512 316
6.723965 -2.383297 -0.927849 68 68 68 516 316
6.723915 -2.431794 -0.927842 68 68 68 520 316
6.723866 -2.480291 -0.927835 68 68 68 524 316
6.723816 -2.528786 -0.927828 68 68 68 528 316
6.723766 -2.577281 -0.927821 68 68 68 532 316
6.723717 -2.625776 -0.927815 68 68 68 536 316
6.723667 -2.674269 -0.927808 68 68 68 540 316
6.723617 -2.722762 -0.927801 68 68 68 544 316
6.723567 -2.771253 -0.927794 68 68 68 548 316
6.723518 -2.819745 -0.927787 68 68 68 552 316
6.723468 -2.868235 -0.927780 68 68 68 556 316
6.723419 -2.916725 -0.927773 68 68 68 560 316
6.723370 -2.965214 -0.927767 68 68 68 564 316
6.723320 -3.013703 -0.927760 68 68 68 568 316
6.723270 -3.062190 -0.927753 68 68 68 572 316
6.723220 -3.110677 -0.927746 68 68 68 576 316
6.723170 -3.159163 -0.927739 68 68 68 580 316
6.723121 -3.207649 -0.927732 68 68 68 584 316
6.723071 -3.256134 -0.927725 68 68 68 588 316
6.723022 -3.304618 -0.927719 68 68 68 592 316
6.722972 -3.353101 -0.927712 68 68 68 596 316
6.722922 -3.401584 -0.927705 68 68 68 600 316
6.722873 -3.450066 -0.927698 68 68 68 604 316
6.722823 -3.498547 -0.927691 68 68 68 608 316
6.722774 -3.547028 -0.927684 68 68 68 612 316
6.722723 -3.595507 -0.927677 68 68 68 616 316
6.722674 -3.643987 -0.927671 68 68 68 620 316
6.722625 -3.692465 -0.927664 68 68 68 624 316
6.722574 -3.740943 -0.927657 68 68 68 628 316
6.722524 -3.789419 -0.927650 68 68 68 632 316
6.722475 -3.837896 -0.927643 68 68 68 636 316
6.615574 3.812665 -0.960624 71 71 71 0 320
6.615527 3.764905 -0.960617 71 71 71 4 320
6.615479 3.717146 -0.960610 71 71 71 8 320
6.615430 3.669387 -0.960603 71 71 71 12 320
6.615382 3.621629 -0.960596 71 71 71 16 320
6.615334 3.573871 -0.960589 71 71 71 20 320
6.615286 3.526114 -0.960582 71 71 71 24 320
6.615238 3.478358 -0.960575 71 71 71 28 320
3.435686 1.781729 -0.498884 159 159 159 32 320
3.435483 1.756835 -0.498854 159 159 159 36 320
3.443876 1.736279 -0.500073 159 159 159 40 320
3.463064 1.720966 -0.502859 159 159 159 44 320
3.558630 1.742782 -0.516736 156 156 156 48 320
3.571163 1.723153 -0.518556 156 156 156 52 320
3.586978 1.704903 -0.520852 155 155 155 56 320
3.605242 1.687571 -0.523504 155 155 155 60 320
3.631270 1.673554 -0.527284 154 154 154 64 320
3.663185 1.661832 -0.531918 153 153 153 68 320
3.718664 1.660169 -0.539974 151 151 151 72 320
6.614661 2.905339 -0.960491 71 71 71 76 320
6.614612 2.857591 -0.960484 71 71 71 80 320
6.614564 2.809845 -0.960477 71 71 71 84 320
6.614516 2.762100 -0.960470 71 71 71 88 320
6.614467 2.714354 -0.960463 71 71 71 92 320
6.614419 2.666610 -0.960456 71 71 71 96 320
6.614371 2.618866 -0.960449 71 71 71 100 320
6.614323 2.571123 -0.960442 71 71 71 104 320
6.614275 2.523381 -0.960435 71 71 71 108 320
6.614226 2.475640 -0.960428 71 71 71 112 320
6.614179 2.427899 -0.960421 71 71 71 116 320
6.614130 2.380159 -0.960414 71 71 71 120 320
6.614083 2.332420 -0.960407 71 71 71 124 320
6.614034 2.284681 -0.960400 71 71 71 128 320
6.613986 2.236942 -0.960393 71 71 71 132 320
6.613938 2.189205 -0.960386 71 71 71 136 320
6.613890 2.141469 -0.960379 71 71 71 140 320
6.613842 2.093733 -0.960373 71 71 71 144 320
6.613794 2.045997 -0.960365 71 71 71 148 320
6.613745 1.998262 -0.960358 71 71 71 152 320
6.613698 1.950529 -0.960352 71 71 71 156 320
6.613649 1.902796 -0.960344 71 71 71 160 320
6.613602 1.855063 -0.960338 71 71 71 164 320
6.613553 1.807331 -0.960330 71 71 71 168 320
6.613504 1.759600 -0.960323 71 71 71 172 320
6.613457 1.711870 -0.960316 71 71 71 176 320
6.613408 1.664140 -0.960309 71 71 71 180 320
6.613361 1.616411 -0.960303 71 71 71 184 320
4.914973 1.165835 -0.713686 118 118 118 188 320
4.914904 1.130357 -0.713676 118 118 118 192 320
4.914872 1.094887 -0.713671 118 118 118 196 320
4.914840 1.059418 -0.713666 118 118 118 200 320
4.914808 1.023950 -0.713662 118 118 118 204 320
4.914775 0.988482 -0.713657 118 118 118 208 320
4.914743 0.953015 -0.713652 118 118 118 212 320
4.914711 0.917548 -0.713648 118 118 118 216 320
4.914680 0.882081 -0.713644 118 118 118 220 320
4.914647 0.846615 -0.713639 118 118 118 224 320
4.914615 0.811149 -0.713634 118 118 118 228 320
4.914583 0.775684 -0.713630 118 118 118 232 320
4.914551 0.740220 -0.713625 118 118 118 236 320
4.914519 0.704755 -0.713621 118 118 118 240 320
4.914487 0.669292 -0.713616 118 118 118 244 320
4.914455 0.633828 -0.713611 118 118 118 248 320
4.914423 0.598366 -0.713607 118 118 118 252 320
4.914391 0.562903 -0.713602 118 118 118 256 320
4.914359 0.527441 -0.713597 118 118 118 260 320
4.914327 0.491980 -0.713593 118 118 118 264 320
4.638411 0.430890 -0.673528 126 126 126 268 320
4.650768 0.398482 -0.675322 126 126 126 272 320
4.688733 0.367904 -0.680835 125 125 125 276 320
4.705168 0.335245 -0.683221 124 124 124 280 320
4.677948 0.299553 -0.679269 125 125 125 284 320
4.633691 0.263286 -0.672842 126 126 126 288 320
4.650721 0.230698 -0.675315 126 126 126 292 320
4.651812 0.197188 -0.675474 126 126 126 296 320
4.652905 0.163662 -0.675632 126 126 126 300 320
4.653997 0.130121 -0.675791 126 126 126 304 320
4.655088 0.096564 -0.675949 126 126 126 308 320
4.663946 0.063096 -0.677236 125 125 125 312 320
4.693131 0.029629 -0.681474 124 124 124 316 320
4.913401 -0.004431 -0.713458 118 118 118 320 320
4.913362 -0.039882 -0.713453 118 118 118 324 320
4.913324 -0.075333 -0.713447 118 118 118 328 320
4.913285 -0.110783 -0.713441 118 118 118 332 320
4.913247 -0.146232 -0.713436 118 118 118 336 320
4.913208 -0.181681 -0.713430 118 118 118 340 320
4.913169 -0.217129 -0.713425 118 118 118 344 320
4.913131 -0.252577 -0.713419 118 118 118 348 320
4.913092 -0.288024 -0.713413 118 118 118 352 320
3.789889 -0.249522 -0.550317 149 149 149 356 320
3.658457 -0.267266 -0.531232 153 153 153 360 320
3.639859 -0.292169 -0.528531 154 154 154 364 320
3.642905 -0.318698 -0.528974 154 154 154 368 320
3.677446 -0.348254 -0.533989 153 153 153 372 320
4.912860 -0.500695 -0.713380 118 118 118 376 320
4.912822 -0.536138 -0.713374 118 118 118 380 320
4.912783 -0.571581 -0.713368 118 118 118 384 320
4.912745 -0.607023 -0.713363 118 118 118 388 320
4.912706 -0.642464 -0.713357 118 118 118 392 320
4.912670 -0.677906 -0.713352 118 118 118 396 320
4.912634 -0.713347 -0.713347 118 118 118 400 320
4.912599 -0.748787 -0.713342 118 118 118 404 320
4.912562 -0.784227 -0.713336 118 118 118 408 320
4.912526 -0.819666 -0.713331 118 118 118 412 320
4.912490 -0.855105 -0.713326 118 118 118 416 320
4.912467 -0.890545 -0.713323 118 118 118 420 320
6.610475 -1.246061 -0.959884 71 71 71 424 320
6.610426 -1.293747 -0.959877 71 71 71 428 320
6.610378 -1.341433 -0.959870 71 71 71 432 320
6.153705 -1.293162 -0.893558 84 84 84 436 320
6.128570 -1.332099 -0.889909 85 85 85 440 320
6.131882 -1.377062 -0.890390 85 85 85 444 320
5.853057 -1.356676 -0.849902 92 92 92 448 320
5.787244 -1.383178 -0.840346 94 94 94 452 320
5.765471 -1.419573 -0.837184 95 95 95 456 320
5.786653 -1.466540 -0.840260 94 94 94 460 320
6.609994 -1.722896 -0.959814 71 71 71 464 320
6.609946 -1.770576 -0.959807 71 71 71 468 320
6.609899 -1.818256 -0.959801 71 71 71 472 320
6.609850 -1.865934 -0.959794 71 71 71 476 320
6.609801 -1.913611 -0.959787 71 71 71 480 320
6.609754 -1.961289 -0.959780 71 71 71 484 320
6.609706 -2.008965 -0.959773 71 71 71 488 320
6.609658 -2.056640 -0.959766 71 71 71 492 320
6.609610 -2.104315 -0.959759 71 71 71 496 320
6.609561 -2.151989 -0.959752 71 71 71 500 320
6.609514 -2.199663 -0.959745 71 71 71 504 320
6.609466 -2.247336 -0.959738 71 71 71 508 320
6.609418 -2.295008 -0.959731 71 71 71 512 320
6.609370 -2.342680 -0.959724 71 71 71 516 320
6.609322 -2.390350 -0.959717 71 71 71 520 320
6.609274 -2.438020 -0.959710 71 71 71 524 320
6.609226 -2.485690 -0.959703 71 71 71 528 320
6.609178 -2.533358 -0.959696 71 71 71 532 320
6.609130 -2.581027 -0.959689 71 71 71 536 320
6.609082 -2.628694 -0.959682 71 71 71 540 320
6.609035 -2.676361 -0.959675 71 71 71 544 320
6.608986 -2.724026 -0.959668 71 71 71 548 320
6.608938 -2.771692 -0.959661 71 71 71 552 320
6.608890 -2.819356 -0.959654 71 71 71 556 320
6.608842 -2.867020 -0.959647 71 71 71 560 320
6.608794 -2.914683 -0.959640 71 71 71 564 320
6.608746 -2.962345 -0.959633 71 71 71 568 320
6.608698 -3.010007 -0.959626 71 71 71 572 320
6.608650 -3.057668 -0.959619 71 71 71 576 320
6.608603 -3.105329 -0.959612 71 71 71 580 320
6.608554 -3.152988 -0.959605 71 71 71 584 320
6.608506 -3.200648 -0.959598 71 71 71 588 320
6.608458 -3.248306 -0.959591 71 71 71 592 320
6.608410 -3.295964 -0.959584 71 71 71 596 320
6.608362 -3.343621 -0.959578 71 71 71 600 320
6.608314 -3.391277 -0.959570 71 71 71 604 320
6.608267 -3.438932 -0.959564 71 71 71 608 320
6.608218 -3.486587 -0.959557 71 71 71 612 320
6.608170 -3.534241 -0.959549 71 71 71 616 320
6.608122 -3.581895 -0.959543 71 71 71 620 320
6.608074 -3.629547 -0.959536 71 71 71 624 320
6.608027 -3.677200 -0.959529 71 71 71 628 320
6.607978 -3.724851 -0.959522 71 71 71 632 320
6.607930 -3.772501 -0.959515 71 71 71 636 320
6.504614 3.748717 -0.991444 74 74 74 0 324
6.504568 3.701758 -0.991437 74 74 74 4 324
6.504521 3.654800 -0.991430 74 74 74 8 324
6.504474 3.607842 -0.991423 74 74 74 12 324
6.504428 3.560886 -0.991416 74 74 74 16 324
6.504382 3.513930 -0.991409 74 74 74 20 324
6.504335 3.466974 -0.991402 74 74 74 24 324
6.504288 3.420020 -0.991395 74 74 74 28 324
3.440674 1.784316 -0.524433 159 159 159 32 324
3.436422 1.757316 -0.523785 159 159 159 36 324
3.443832 1.736257 -0.524915 159 159 159 40 324
3.459560 1.719225 -0.527312 159 159 159 44 324
3.565381 1.746088 -0.543441 156 156 156 48 324
3.577365 1.726145 -0.545268 155 155 155 52 324
3.594210 1.708340 -0.547835 155 155 155 56 324
3.611914 1.690694 -0.550534 154 154 154 60 324
3.638892 1.677067 -0.554646 154 154 154 64 324
3.671626 1.665661 -0.559635 153 153 153 68 324
3.721171 1.661289 -0.567187 151 151 151 72 324
6.503730 2.856615 -0.991309 74 74 74 76 324
6.503683 2.809669 -0.991302 74 74 74 80 324
6.503636 2.762723 -0.991295 74 74 74 84 324
6.503590 2.715779 -0.991288 74 74 74 88 324
6.503543 2.668835 -0.991281 74 74 74 92 324
6.503497 2.621891 -0.991274 74 74 74 96 324
6.503450 2.574949 -0.991267 74 74 74 100 324
6.503404 2.528007 -0.991260 74 74 74 104 324
6.503357 2.481066 -0.991253 74 74 74 108 324
6.503311 2.434125 -0.991246 74 74 74 112 324
6.503264 2.387185 -0.991238 74 74 74 116 324
6.503218 2.340246 -0.991231 74 74 74 120 324
6.503171 2.293307 -0.991224 74 74 74 124 324
6.503125 2.246369 -0.991217 74 74 74 128 324
6.503078 2.199432 -0.991210 74 74 74 132 324
6.503032 2.152495 -0.991203 74 74 74 136 324
6.502985 2.105559 -0.991196 74 74 74 140 324
6.502939 2.058624 -0.991189 74 74 74 144 324
6.502892 2.011689 -0.991182 74 74 74 148 324
6.502846 1.964756 -0.991175 74 74 74 152 324
6.502799 1.917822 -0.991168 74 74 74 156 324
6.502753 1.870890 -0.991160 74 74 74 160 324
6.502706 1.823958 -0.991153 74 74 74 164 324
6.502660 1.777026 -0.991146 74 74 74 168 324
6.502613 1.730096 -0.991139 74 74 74 172 324
6.502566 1.683166 -0.991132 74 74 74 176 324
6.502520 1.636237 -0.991125 74 74 74 180 324
6.502473 1.589308 -0.991118 74 74 74 184 324
4.832583 1.146292 -0.736590 121 121 121 188 324
4.832542 1.111415 -0.736584 121 121 121 192 324
4.832510 1.076540 -0.736579 121 121 121 196 324
4.832479 1.041665 -0.736575 121 121 121 200 324
4.832448 1.006791 -0.736570 121 121 121 204 324
4.832417 0.971918 -0.736566 121 121 121 208 324
4.832386 0.937045 -0.736561 121 121 121 212 324
4.832355 0.902172 -0.736556 121 121 121 216 324
4.832324 0.867300 -0.736552 121 121 121 220 324
4.832293 0.832428 -0.736547 121 121 121 224 324
4.832263 0.797557 -0.736542 121 121 121 228 324
4.832232 0.762687 -0.736538 121 121 121 232 324
4.832201 0.727816 -0.736533 121 121 121 236 324
4.832170 0.692946 -0.736528 121 121 121 240 324
4.832139 0.658077 -0.736523 121 121 121 244 324
4.832108 0.623208 -0.736519 121 121 121 248 324
4.832077 0.588339 -0.736514 121 121 121 252 324
4.832046 0.553471 -0.736509 121 121 121 256 324
4.832015 0.518604 -0.736504 121 121 121 260 324
4.831984 0.483736 -0.736500 121 121 121 264 324
4.831953 0.448870 -0.736495 121 121 121 268 324
4.652908 0.398665 -0.709205 126 126 126 272 324
4.677843 0.367050 -0.713005 125 125 125 276 324
4.684464 0.333770 -0.714015 125 125 125 280 324
4.671044 0.299111 -0.711969 125 125 125 284 324
4.643386 0.263837 -0.707753 126 126 126 288 324
4.660455 0.231181 -0.710355 125 125 125 292 324
4.661552 0.197601 -0.710522 125 125 125 296 324
4.662650 0.164005 -0.710690 125 125 125 300 324
4.663743 0.130394 -0.710856 125 125 125 304 324
4.664839 0.096766 -0.711023 125 125 125 308 324
4.831126 0.065358 -0.736369 121 121 121 312 324
4.667037 0.029465 -0.711358 125 125 125 316 324
4.831051 -0.004357 -0.736358 121 121 121 320 324
4.831014 -0.039214 -0.736352 121 121 121 324 324
4.830977 -0.074070 -0.736346 121 121 121 328 324
4.830939 -0.108926 -0.736341 121 121 121 332 324
4.830902 -0.143781 -0.736335 121 121 121 336 324
4.830864 -0.178636 -0.736329 121 121 121 340 324
4.830827 -0.213490 -0.736323 121 121 121 344 324
4.830791 -0.248344 -0.736318 121 121 121 348 324
4.830753 -0.283197 -0.736312 121 121 121 352 324
4.830715 -0.318049 -0.736306 121 121 121 356 324
3.757797 -0.274523 -0.572770 150 150 150 360 324
3.672537 -0.294792 -0.559775 153 153 153 364 324
3.681504 -0.322075 -0.561142 152 152 152 368 324
4.830566 -0.457454 -0.736284 121 121 121 372 324
4.830529 -0.492304 -0.736278 121 121 121 376 324
4.830492 -0.527153 -0.736272 121 121 121 380 324
4.830454 -0.562002 -0.736267 121 121 121 384 324
4.830417 -0.596850 -0.736261 121 121 121 388 324
4.830379 -0.631698 -0.736255 121 121 121 392 324
4.830343 -0.666545 -0.736250 121 121 121 396 324
4.830306 -0.701392 -0.736244 121 121 121 400 324
4.830271 -0.736238 -0.736239 121 121 121 404 324
4.830236 -0.771084 -0.736233 121 121 121 408 324
4.830202 -0.805930 -0.736228 121 121 121 412 324
4.830166 -0.840775 -0.736223 121 121 121 416 324
4.830147 -0.875622 -0.736220 121 121 121 420 324
6.499683 -1.225177 -0.990693 74 74 74 424 324
6.499637 -1.272064 -0.990686 74 74 74 428 324
6.499590 -1.318951 -0.990679 74 74 74 432 324
6.162801 -1.295073 -0.939345 84 84 84 436 324
6.140965 -1.334793 -0.936017 84 84 84 440 324
6.499451 -1.459608 -0.990658 74 74 74 444 324
6.499404 -1.506492 -0.990651 74 74 74 448 324
5.801244 -1.386524 -0.884236 94 94 94 452 324
5.758965 -1.417971 -0.877792 95 95 95 456 324
5.745243 -1.456046 -0.875700 95 95 95 460 324
6.499218 -1.694023 -0.990623 74 74 74 464 324
6.499172 -1.740904 -0.990615 74 74 74 468 324
6.499125 -1.787784 -0.990608 74 74 74 472 324
6.499080 -1.834664 -0.990601 74 74 74 476 324
6.499032 -1.881542 -0.990594 74 74 74 480 324
6.498987 -1.928421 -0.990587 74 74 74 484 324
6.498941 -1.975299 -0.990580 74 74 74 488 324
6.498894 -2.022175 -0.990573 74 74 74 492 324
6.498847 -2.069052 -0.990566 74 74 74 496 324
6.498801 -2.115927 -0.990559 74 74 74 500 324
6.498755 -2.162802 -0.990552 74 74 74 504 324
6.498708 -2.209676 -0.990545 74 74 74 508 324
6.498662 -2.256550 -0.990538 74 74 74 512 324
6.498615 -2.303423 -0.990530 74 74 74 516 324
6.498569 -2.350295 -0.990524 74 74 74 520 324
6.498522 -2.397166 -0.990516 74 74 74 524 324
6.498477 -2.444037 -0.990509 74 74 74 528 324
6.498429 -2.490907 -0.990502 74 74 74 532 324
6.498384 -2.537777 -0.990495 74 74 74 536 324
6.498337 -2.584646 -0.990488 74 74 74 540 324
6.498291 -2.631514 -0.990481 74 74 74 544 324
6.498244 -2.678382 -0.990474 74 74 74 548 324
6.498198 -2.725249 -0.990467 74 74 74 552 324
6.498151 -2.772115 -0.990460 74 74 74 556 324
6.498106 -2.818981 -0.990453 74 74 74 560 324
6.498059 -2.865846 -0.990446 74 74 74 564 324
6.498012 -2.912709 -0.990438 74 74 74 568 324
6.497966 -2.959573 -0.990432 74 74 74 572 324
6.497919 -3.006436 -0.990424 74 74 74 576 324
6.497873 -3.053298 -0.990417 74 74 74 580 324
6.497827 -3.100160 -0.990410 74 74 74 584 324
6.497780 -3.147021 -0.990403 74 74 74 588 324
6.497734 -3.193881 -0.990396 74 74 74 592 324
6.497688 -3.240740 -0.990389 74 74 74 596 324
6.497641 -3.287599 -0.990382 74 74 74 600 324
6.497595 -3.334457 -0.990375 74 74 74 604 324
6.497548 -3.381315 -0.990368 74 74 74 608 324
6.497502 -3.428172 -0.990361 74 74 74 612 324
6.497455 -3.475027 -0.990354 74 74 74 616 324
6.497409 -3.521883 -0.990347 74 74 74 620 324
6.497363 -3.568738 -0.990340 74 74 74 624 324
6.497316 -3.615592 -0.990332 74 74 74 628 324
6.497271 -3.662446 -0.990326 74 74 74 632 324
6.497223 -3.709299 -0.990318 74 74 74 636 324
6.397314 3.686878 -1.021247 77 77 77 0 328
6.397268 3.640694 -1.021240 77 77 77 4 328
6.397223 3.594511 -1.021233 77 77 77 8 328
6.397179 3.548329 -1.021226 77 77 77 12 328
6.397134 3.502147 -1.021219 77 77 77 16 328
6.397089 3.455966 -1.021212 77 77 77 20 328
6.397043 3.409786 -1.021204 77 77 77 24 328
6.396998 3.363605 -1.021197 77 77 77 28 328
3.450758 1.789545 -0.550868 159 159 159 32 328
3.438513 1.758385 -0.548914 159 159 159 36 328
3.444247 1.736466 -0.549829 159 159 159 40 328
3.459708 1.719299 -0.552297 159 159 159 44 328
3.569160 1.747938 -0.569770 156 156 156 48 328
3.581417 1.728100 -0.571726 155 155 155 52 328
3.598355 1.710310 -0.574430 155 155 155 56 328
3.618383 1.693722 -0.577627 154 154 154 60 328
3.644746 1.679765 -0.581836 154 154 154 64 328
3.675237 1.667299 -0.586703 153 153 153 68 328
3.722059 1.661685 -0.594178 151 151 151 72 328
3.847349 1.689860 -0.614179 148 148 148 76 328
6.396413 2.763327 -1.021104 77 77 77 80 328
6.396369 2.717156 -1.021096 77 77 77 84 328
6.396323 2.670986 -1.021089 77 77 77 88 328
6.396278 2.624817 -1.021082 77 77 77 92 328
6.396233 2.578648 -1.021075 77 77 77 96 328
6.396188 2.532480 -1.021068 77 77 77 100 328
6.396143 2.486312 -1.021060 77 77 77 104 328
6.396099 2.440146 -1.021053 77 77 77 108 328
6.396053 2.393979 -1.021046 77 77 77 112 328
6.396008 2.347814 -1.021039 77 77 77 116 328
6.395963 2.301649 -1.021032 77 77 77 120 328
6.395918 2.255485 -1.021025 77 77 77 124 328
6.395873 2.209321 -1.021017 77 77 77 128 328
6.395828 2.163158 -1.021010 77 77 77 132 328
6.395783 2.116996 -1.021003 77 77 77 136 328
6.395738 2.070834 -1.020996 77 77 77 140 328
6.395693 2.024673 -1.020989 77 77 77 144 328
6.395648 1.978513 -1.020981 77 77 77 148 328
6.395604 1.932354 -1.020974 77 77 77 152 328
6.395558 1.886194 -1.020967 77 77 77 156 328
6.395513 1.840036 -1.020960 77 77 77 160 328
6.395468 1.793878 -1.020953 77 77 77 164 328
6.395423 1.747721 -1.020946 77 77 77 168 328
6.395378 1.701565 -1.020938 77 77 77 172 328
6.395333 1.655409 -1.020931 77 77 77 176 328
6.395288 1.609254 -1.020924 77 77 77 180 328
4.752984 1.161705 -0.758752 123 123 123 184 328
4.752923 1.127397 -0.758742 123 123 123 188 328
4.752893 1.093097 -0.758737 123 123 123 192 328
4.752864 1.058797 -0.758732 123 123 123 196 328
4.752834 1.024497 -0.758728 123 123 123 200 328
4.752804 0.990198 -0.758724 123 123 123 204 328
4.752774 0.955900 -0.758719 123 123 123 208 328
4.752743 0.921601 -0.758714 123 123 123 212 328
4.752714 0.887304 -0.758709 123 123 123 216 328
4.752684 0.853006 -0.758704 123 123 123 220 328
4.752654 0.818710 -0.758700 123 123 123 224 328
4.752624 0.784413 -0.758695 123 123 123 228 328
4.752594 0.750117 -0.758690 123 123 123 232 328
4.752564 0.715822 -0.758685 123 123 123 236 328
4.752534 0.681526 -0.758681 123 123 123 240 328
4.752504 0.647232 -0.758676 123 123 123 244 328
4.752474 0.612937 -0.758671 123 123 123 248 328
4.752444 0.578644 -0.758666 123 123 123 252 328
4.752414 0.544350 -0.758661 123 123 123 256 328
4.752384 0.510057 -0.758657 123 123 123 260 328
4.752354 0.475765 -0.758652 123 123 123 264 328
4.752325 0.441472 -0.758647 123 123 123 268 328
4.648746 0.398309 -0.742112 126 126 126 272 328
4.658822 0.365557 -0.743721 125 125 125 276 328
4.663942 0.332308 -0.744538 125 125 125 280 328
4.654926 0.298079 -0.743099 126 126 126 284 328
4.669127 0.265300 -0.745366 125 125 125 288 328
4.752147 0.235729 -0.758619 123 123 123 292 328
4.752118 0.201440 -0.758614 123 123 123 296 328
4.752099 0.167152 -0.758611 123 123 123 300 328
4.751540 0.132848 -0.758522 123 123 123 304 328
4.674633 0.096970 -0.746245 125 125 125 308 328
4.694075 0.063504 -0.749348 124 124 124 312 328
4.676844 0.029526 -0.746598 125 125 125 316 328
4.751416 -0.004285 -0.758502 123 123 123 320 328
4.751380 -0.038568 -0.758496 123 123 123 324 328
4.751345 -0.072849 -0.758491 123 123 123 328 328
4.751308 -0.107131 -0.758485 123 123 123 332 328
4.751272 -0.141411 -0.758479 123 123 123 336 328
4.751235 -0.175691 -0.758473 123 123 123 340 328
4.751200 -0.209971 -0.758467 123 123 123 344 328
4.751164 -0.244250 -0.758462 123 123 123 348 328
4.751128 -0.278529 -0.758456 123 123 123 352 328
4.751091 -0.312807 -0.758450 123 123 123 356 328
3.774130 -0.275716 -0.602491 150 150 150 360 328
3.762681 -0.302028 -0.600663 150 150 150 364 328
3.768665 -0.329700 -0.601618 150 150 150 368 328
4.750947 -0.449914 -0.758427 123 123 123 372 328
4.750911 -0.484190 -0.758421 123 123 123 376 328
4.750875 -0.518465 -0.758416 123 123 123 380 328
4.750839 -0.552739 -0.758410 123 123 123 384 328
4.750803 -0.587013 -0.758404 123 123 123 388 328
4.750767 -0.621287 -0.758398 123 123 123 392 328
4.750731 -0.655560 -0.758393 123 123 123 396 328
4.750694 -0.689832 -0.758387 123 123 123 400 328
4.750659 -0.724104 -0.758381 123 123 123 404 328
4.750623 -0.758375 -0.758375 123 123 123 408 328
4.750590 -0.792646 -0.758370 123 123 123 412 328
4.750556 -0.826917 -0.758365 123 123 123 416 328
4.750525 -0.861188 -0.758360 123 123 123 420 328
6.392544 -1.204981 -1.020487 77 77 77 424 328
6.392499 -1.251096 -1.020480 77 77 77 428 328
6.234934 -1.265245 -0.995326 82 82 82 432 328
6.179812 -1.298648 -0.986527 83 83 83 436 328
6.156207 -1.338106 -0.982759 84 84 84 440 328
6.392320 -1.435549 -1.020451 77 77 77 444 328
6.392275 -1.481661 -1.020444 77 77 77 448 328
6.392230 -1.527772 -1.020437 77 77 77 452 328
5.762333 -1.418800 -0.919882 95 95 95 456 328
5.755579 -1.458665 -0.918804 95 95 95 460 328
6.392095 -1.666101 -1.020415 77 77 77 464 328
6.392050 -1.712209 -1.020408 77 77 77 468 328
6.392004 -1.758317 -1.020401 77 77 77 472 328
6.391960 -1.804424 -1.020393 77 77 77 476 328
6.391915 -1.850531 -1.020386 77 77 77 480 328
6.391870 -1.896637 -1.020379 77 77 77 484 328
6.391826 -1.942742 -1.020372 77 77 77 488 328
6.391781 -1.988847 -1.020365 77 77 77 492 328
6.391735 -2.034950 -1.020357 77 77 77 496 328
6.391691 -2.081053 -1.020350 77 77 77 500 328
6.391646 -2.127156 -1.020343 77 77 77 504 328
6.391601 -2.173258 -1.020336 77 77 77 508 328
6.391556 -2.219359 -1.020329 77 77 77 512 328
6.391511 -2.265460 -1.020322 77 77 77 516 328
6.391467 -2.311560 -1.020315 77 77 77 520 328
6.391422 -2.357659 -1.020308 77 77 77 524 328
6.391376 -2.403758 -1.020300 77 77 77 528 328
6.391332 -2.449856 -1.020293 77 77 77 532 328
6.391287 -2.495954 -1.020286 77 77 77 536 328
6.391242 -2.542050 -1.020279 77 77 77 540 328
6.391198 -2.588146 -1.020272 77 77 77 544 328
6.391152 -2.634242 -1.020265 77 77 77 548 328
6.391107 -2.680336 -1.020257 77 77 77 552 328
6.391063 -2.726431 -1.020250 77 77 77 556 328
6.391018 -2.772525 -1.020243 77 77 77 560 328
6.390973 -2.818617 -1.020236 77 77 77 564 328
6.390928 -2.864709 -1.020229 77 77 77 568 328
6.390882 -2.910800 -1.020221 77 77 77 572 328
6.390838 -2.956892 -1.020214 77 77 77 576 328
6.390793 -3.002982 -1.020207 77 77 77 580 328
6.390749 -3.049072 -1.020200 77 77 77 584 328
6.390703 -3.095161 -1.020193 77 77 77 588 328
6.390659 -3.141249 -1.020186 77 77 77 592 328
6.390614 -3.187337 -1.020178 77 77 77 596 328
6.390569 -3.233424 -1.020171 77 77 77 600 328
6.390524 -3.279510 -1.020164 77 77 77 604 328
6.390479 -3.325596 -1.020157 77 77 77 608 328
6.390434 -3.371681 -1.020150 77 77 77 612 328
6.390390 -3.417766 -1.020143 77 77 77 616 328
6.390345 -3.463850 -1.020135 77 77 77 620 328
6.390299 -3.509933 -1.020128 77 77 77 624 328
6.390255 -3.556015 -1.020121 77 77 77 628 328
6.390210 -3.602097 -1.020114 77 77 77 632 328
6.390165 -3.648178 -1.020107 77 77 77 636 328
6.293497 3.627047 -1.050083 80 80 80 0 332
6.293452 3.581612 -1.050076 80 80 80 4 332
6.293408 3.536179 -1.050069 80 80 80 8 332
6.293365 3.490746 -1.050061 80 80 80 12 332
6.293322 3.445315 -1.050054 80 80 80 16 332
6.293278 3.399884 -1.050047 80 80 80 20 332
6.293234 3.354453 -1.050040 80 80 80 24 332
6.293191 3.309023 -1.050032 80 80 80 28 332
3.581568 1.857383 -0.597592 155 155 155 32 332
3.443154 1.760758 -0.574498 159 159 159 36 332
3.447187 1.737948 -0.575171 159 159 159 40 332
3.463120 1.720994 -0.577829 159 159 159 44 332
3.572265 1.749459 -0.596040 156 156 156 48 332
3.584376 1.729528 -0.598061 155 155 155 52 332
3.601131 1.711630 -0.600857 155 155 155 56 332
3.620660 1.694788 -0.604115 154 154 154 60 332
3.648349 1.681425 -0.608735 153 153 153 64 332
3.678224 1.668655 -0.613720 153 153 153 68 332
3.726608 1.663716 -0.621793 151 151 151 72 332
3.836194 1.684960 -0.640077 148 148 148 76 332
6.292624 2.718489 -1.049938 80 80 80 80 332
6.292581 2.673068 -1.049931 80 80 80 84 332
6.292537 2.627647 -1.049923 80 80 80 88 332
6.292495 2.582228 -1.049916 80 80 80 92 332
6.292450 2.536808 -1.049909 80 80 80 96 332
6.292407 2.491389 -1.049901 80 80 80 100 332
6.292364 2.445971 -1.049894 80 80 80 104 332
6.292319 2.400553 -1.049887 80 80 80 108 332
6.292276 2.355137 -1.049880 80 80 80 112 332
6.292233 2.309721 -1.049872 80 80 80 116 332
6.292189 2.264305 -1.049865 80 80 80 120 332
6.292146 2.218890 -1.049858 80 80 80 124 332
6.292102 2.173476 -1.049851 80 80 80 128 332
6.292058 2.128062 -1.049843 80 80 80 132 332
6.292015 2.082649 -1.049836 80 80 80 136 332
6.291971 2.037236 -1.049829 80 80 80 140 332
6.291927 1.991825 -1.049821 80 80 80 144 332
6.291884 1.946414 -1.049814 80 80 80 148 332
6.291841 1.901003 -1.049807 80 80 80 152 332
6.291796 1.855593 -1.049800 80 80 80 156 332
6.291754 1.810184 -1.049793 80 80 80 160 332
6.291710 1.764775 -1.049785 80 80 80 164 332
6.291667 1.719367 -1.049778 80 80 80 168 332
6.291623 1.673959 -1.049771 80 80 80 172 332
6.291579 1.628553 -1.049763 80 80 80 176 332
6.291536 1.583147 -1.049756 80 80 80 180 332
4.675892 1.142863 -0.780183 125 125 125 184 332
4.675858 1.109117 -0.780177 125 125 125 188 332
4.675829 1.075373 -0.780172 125 125 125 192 332
4.675800 1.041629 -0.780167 125 125 125 196 332
4.675771 1.007886 -0.780163 125 125 125 200 332
4.675742 0.974143 -0.780158 125 125 125 204 332
4.675713 0.940401 -0.780153 125 125 125 208 332
4.675684 0.906659 -0.780149 125 125 125 212 332
4.675655 0.872917 -0.780144 125 125 125 216 332
4.675626 0.839176 -0.780139 125 125 125 220 332
4.675597 0.805435 -0.780134 125 125 125 224 332
4.675568 0.771695 -0.780129 125 125 125 228 332
4.675539 0.737955 -0.780124 125 125 125 232 332
4.675510 0.704216 -0.780120 125 125 125 236 332
4.675481 0.670477 -0.780115 125 125 125 240 332
4.675452 0.636738 -0.780110 125 125 125 244 332
4.675423 0.603000 -0.780105 125 125 125 248 332
4.675394 0.569262 -0.780100 125 125 125 252 332
4.675365 0.535525 -0.780095 125 125 125 256 332
4.675336 0.501788 -0.780091 125 125 125 260 332
4.675307 0.468051 -0.780086 125 125 125 264 332
4.675278 0.434315 -0.780081 125 125 125 268 332
4.675249 0.400579 -0.780076 125 125 125 272 332
4.675220 0.366844 -0.780071 125 125 125 276 332
4.675191 0.333109 -0.780066 125 125 125 280 332
4.675162 0.299375 -0.780061 125 125 125 284 332
4.675133 0.265641 -0.780057 125 125 125 288 332
4.675105 0.231907 -0.780052 125 125 125 292 332
4.675077 0.198174 -0.780047 125 125 125 296 332
4.675063 0.164442 -0.780045 125 125 125 300 332
4.674482 0.130694 -0.779948 125 125 125 304 332
4.674469 0.096966 -0.779946 125 125 125 308 332
4.674435 0.063238 -0.779940 125 125 125 312 332
4.674399 0.029511 -0.779934 125 125 125 316 332
4.674364 -0.004216 -0.779928 125 125 125 320 332
4.674330 -0.037942 -0.779923 125 125 125 324 332
4.674295 -0.071668 -0.779917 125 125 125 328 332
4.674260 -0.105393 -0.779911 125 125 125 332 332
4.674224 -0.139118 -0.779905 125 125 125 336 332
4.674190 -0.172842 -0.779899 125 125 125 340 332
4.674155 -0.206566 -0.779893 125 125 125 344 332
4.674120 -0.240290 -0.779888 125 125 125 348 332
4.674085 -0.274012 -0.779882 125 125 125 352 332
4.674050 -0.307735 -0.779876 125 125 125 356 332
3.781626 -0.276264 -0.630973 150 150 150 360 332
3.770535 -0.302659 -0.629122 150 150 150 364 332
3.777001 -0.330430 -0.630201 150 150 150 368 332
4.673910 -0.442619 -0.779853 125 125 125 372 332
4.673875 -0.476339 -0.779847 125 125 125 376 332
4.673841 -0.510058 -0.779841 125 125 125 380 332
4.673806 -0.543777 -0.779835 125 125 125 384 332
4.673771 -0.577495 -0.779829 125 125 125 388 332
4.673736 -0.611213 -0.779823 125 125 125 392 332
4.673701 -0.644930 -0.779818 125 125 125 396 332
4.673666 -0.678647 -0.779812 125 125 125 400 332
4.673631 -0.712363 -0.779806 125 125 125 404 332
4.673596 -0.746079 -0.779800 125 125 125 408 332
4.673561 -0.779794 -0.779794 125 125 125 412 332
4.673528 -0.813509 -0.779789 125 125 125 416 332
4.673495 -0.847224 -0.779783 125 125 125 420 332
4.673483 -0.880942 -0.779781 125 125 125 424 332
6.264153 -1.225977 -1.045188 81 81 81 428 332
6.261739 -1.270684 -1.044785 81 81 81 432 332
6.186602 -1.300075 -1.032248 83 83 83 436 332
6.151228 -1.337024 -1.026346 84 84 84 440 332
6.288663 -1.412271 -1.049278 80 80 80 444 332
6.288619 -1.457635 -1.049270 80 80 80 448 332
6.288575 -1.502998 -1.049263 80 80 80 452 332
6.288532 -1.548361 -1.049256 80 80 80 456 332
5.744499 -1.455857 -0.958483 95 95 95 460 332
5.706385 -1.487370 -0.952123 96 96 96 464 332
6.288401 -1.684446 -1.049234 80 80 80 468 332
6.288358 -1.729806 -1.049227 80 80 80 472 332
6.288315 -1.775166 -1.049219 80 80 80 476 332
6.288271 -1.820525 -1.049212 80 80 80 480 332
6.288228 -1.865883 -1.049205 80 80 80 484 332
6.288184 -1.911241 -1.049198 80 80 80 488 332
6.288141 -1.956598 -1.049191 80 80 80 492 332
6.288098 -2.001955 -1.049183 80 80 80 496 332
6.288054 -2.047311 -1.049176 80 80 80 500 332
6.288011 -2.092666 -1.049169 80 80 80 504 332
6.287967 -2.138021 -1.049161 80 80 80 508 332
6.287924 -2.183375 -1.049154 80 80 80 512 332
6.287880 -2.228728 -1.049147 80 80 80 516 332
6.287837 -2.274081 -1.049140 80 80 80 520 332
6.287794 -2.319433 -1.049132 80 80 80 524 332
6.287750 -2.364785 -1.049125 80 80 80 528 332
6.287706 -2.410136 -1.049118 80 80 80 532 332
6.287663 -2.455486 -1.049111 80 80 80 536 332
6.287620 -2.500836 -1.049103 80 80 80 540 332
6.287577 -2.546185 -1.049096 80 80 80 544 332
6.287533 -2.591533 -1.049089 80 80 80 548 332
6.287489 -2.636881 -1.049082 80 80 80 552 332
6.287446 -2.682228 -1.049075 80 80 80 556 332
6.287403 -2.727575 -1.049067 80 80 80 560 332
6.287359 -2.772920 -1.049060 80 80 80 564 332
6.287315 -2.818265 -1.049053 80 80 80 568 332
6.287272 -2.863610 -1.049045 80 80 80 572 332
6.287229 -2.908954 -1.049038 80 80 80 576 332
6.287185 -2.954298 -1.049031 80 80 80 580 332
6.287142 -2.999640 -1.049024 80 80 80 584 332
6.287098 -3.044983 -1.049016 80 80 80 588 332
6.287055 -3.090324 -1.049009 80 80 80 592 332
6.287011 -3.135665 -1.049002 80 80 80 596 332
6.286968 -3.181005 -1.048995 80 80 80 600 332
6.286925 -3.226345 -1.048987 80 80 80 604 332
6.286881 -3.271684 -1.048980 80 80 80 608 332
6.286838 -3.317022 -1.048973 80 80 80 612 332
6.286794 -3.362360 -1.048966 80 80 80 616 332
6.286751 -3.407697 -1.048958 80 80 80 620 332
6.286708 -3.453034 -1.048951 80 80 80 624 332
6.286664 -3.498369 -1.048944 80 80 80 628 332
6.286621 -3.543705 -1.048937 80 80 80 632 332
6.286577 -3.589040 -1.048929 80 80 80 636 332
6.192994 3.569125 -1.077998 83 83 83 0 336
6.192952 3.524417 -1.077991 83 83 83 4 336
6.192910 3.479710 -1.077983 83 83 83 8 336
6.192868 3.435004 -1.077976 83 83 83 12 336
6.192825 3.390297 -1.077969 83 83 83 16 336
6.192783 3.345592 -1.077961 83 83 83 20 336
6.192741 3.300887 -1.077954 83 83 83 24 336
6.192699 3.256183 -1.077947 83 83 83 28 336
3.590498 1.862013 -0.624989 155 155 155 32 336
3.448615 1.763551 -0.600291 159 159 159 36 336
3.452612 1.740683 -0.600987 159 159 159 40 336
3.469284 1.724057 -0.603889 158 158 158 44 336
3.574167 1.750390 -0.622146 155 155 155 48 336
3.586208 1.730412 -0.624242 155 155 155 52 336
3.602630 1.712342 -0.627100 155 155 155 56 336
3.622809 1.695794 -0.630613 154 154 154 60 336
3.651608 1.682927 -0.635626 153 153 153 64 336
3.685421 1.671919 -0.641511 152 152 152 68 336
3.733023 1.666580 -0.649797 151 151 151 72 336
3.849928 1.690993 -0.670147 148 148 148 76 336
6.192150 2.675083 -1.077851 83 83 83 80 336
6.192108 2.630387 -1.077844 83 83 83 84 336
6.192066 2.585692 -1.077837 83 83 83 88 336
6.192024 2.540998 -1.077829 83 83 83 92 336
6.191982 2.496304 -1.077822 83 83 83 96 336
6.191939 2.451611 -1.077815 83 83 83 100 336
6.191898 2.406918 -1.077807 83 83 83 104 336
6.191855 2.362226 -1.077800 83 83 83 108 336
6.191813 2.317534 -1.077793 83 83 83 112 336
6.191771 2.272844 -1.077785 83 83 83 116 336
6.191729 2.228153 -1.077778 83 83 83 120 336
6.191687 2.183464 -1.077771 83 83 83 124 336
6.191644 2.138775 -1.077763 83 83 83 128 336
6.191602 2.094086 -1.077756 83 83 83 132 336
6.191560 2.049398 -1.077748 83 83 83 136 336
6.191518 2.004711 -1.077741 83 83 83 140 336
6.191476 1.960025 -1.077734 83 83 83 144 336
6.191433 1.915339 -1.077726 83 83 83 148 336
6.191391 1.870653 -1.077719 83 83 83 152 336
6.191349 1.825969 -1.077712 83 83 83 156 336
6.191307 1.781284 -1.077704 83 83 83 160 336
6.191265 1.736601 -1.077697 83 83 83 164 336
6.191222 1.691918 -1.077690 83 83 83 168 336
6.191181 1.647236 -1.077682 83 83 83 172 336
6.191138 1.602554 -1.077675 83 83 83 176 336
4.601331 1.157838 -0.800941 127 127 127 180 336
4.601280 1.124626 -0.800933 127 127 127 184 336
4.601252 1.091420 -0.800928 127 127 127 188 336
4.601224 1.058215 -0.800924 127 127 127 192 336
4.601195 1.025010 -0.800919 127 127 127 196 336
4.601167 0.991805 -0.800914 127 127 127 200 336
4.601140 0.958600 -0.800909 127 127 127 204 336
4.601111 0.925397 -0.800904 127 127 127 208 336
4.601083 0.892193 -0.800899 127 127 127 212 336
4.601055 0.858990 -0.800894 127 127 127 216 336
4.601027 0.825787 -0.800889 127 127 127 220 336
4.600999 0.792585 -0.800884 127 127 127 224 336
4.600971 0.759383 -0.800880 127 127 127 228 336
4.600943 0.726182 -0.800875 127 127 127 232 336
4.600915 0.692980 -0.800870 127 127 127 236 336
4.600886 0.659780 -0.800865 127 127 127 240 336
4.600859 0.626579 -0.800860 127 127 127 244 336
4.600831 0.593380 -0.800855 127 127 127 248 336
4.600802 0.560180 -0.800850 127 127 127 252 336
4.600775 0.526981 -0.800845 127 127 127 256 336
4.600746 0.493782 -0.800840 127 127 127 260 336
4.600718 0.460584 -0.800836 127 127 127 264 336
4.600690 0.427386 -0.800831 127 127 127 268 336
4.600662 0.394189 -0.800826 127 127 127 272 336
4.600634 0.360992 -0.800821 127 127 127 276 336
4.600605 0.327795 -0.800816 127 127 127 280 336
4.600577 0.294599 -0.800811 127 127 127 284 336
4.600550 0.261403 -0.800806 127 127 127 288 336
4.600522 0.228208 -0.800801 127 127 127 292 336
4.600493 0.195013 -0.800796 127 127 127 296 336
4.600483 0.161819 -0.800795 127 127 127 300 336
4.599885 0.128608 -0.800690 127 127 127 304 336
4.599873 0.095419 -0.800688 127 127 127 308 336
4.599840 0.062229 -0.800683 127 127 127 312 336
4.599805 0.029040 -0.800677 127 127 127 316 336
4.599772 -0.004149 -0.800671 127 127 127 320 336
4.599738 -0.037337 -0.800665 127 127 127 324 336
4.599704 -0.070524 -0.800659 127 127 127 328 336
4.599670 -0.103711 -0.800653 127 127 127 332 336
4.599636 -0.136898 -0.800647 127 127 127 336 336
4.599602 -0.170084 -0.800641 127 127 127 340 336
4.599568 -0.203270 -0.800635 127 127 127 344 336
4.599535 -0.236455 -0.800630 127 127 127 348 336
4.599501 -0.269640 -0.800624 127 127 127 352 336
4.599467 -0.302824 -0.800618 127 127 127 356 336
3.789152 -0.276814 -0.659568 150 150 150 360 336
3.778467 -0.303295 -0.657708 150 150 150 364 336
3.785373 -0.331162 -0.658910 150 150 150 368 336
4.599332 -0.435556 -0.800594 127 127 127 372 336
4.599298 -0.468738 -0.800588 127 127 127 376 336
4.599265 -0.501919 -0.800582 127 127 127 380 336
4.599231 -0.535100 -0.800577 127 127 127 384 336
4.599197 -0.568281 -0.800571 127 127 127 388 336
4.599163 -0.601460 -0.800565 127 127 127 392 336
4.599129 -0.634640 -0.800559 127 127 127 396 336
4.599095 -0.667819 -0.800553 127 127 127 400 336
4.599061 -0.700997 -0.800547 127 127 127 404 336
4.599028 -0.734175 -0.800541 127 127 127 408 336
4.598993 -0.767352 -0.800535 127 127 127 412 336
4.598960 -0.800529 -0.800529 127 127 127 416 336
4.598927 -0.833706 -0.800524 127 127 127 420 336
4.598902 -0.866883 -0.800519 127 127 127 424 336
6.188483 -1.211167 -1.077214 83 83 83 428 336
6.188440 -1.255810 -1.077206 83 83 83 432 336
6.188398 -1.300452 -1.077199 83 83 83 436 336
6.188356 -1.345094 -1.077192 83 83 83 440 336
6.188314 -1.389735 -1.077184 83 83 83 444 336
6.188272 -1.434375 -1.077177 83 83 83 448 336
6.188230 -1.479015 -1.077170 83 83 83 452 336
6.188188 -1.523654 -1.077162 83 83 83 456 336
5.750647 -1.457415 -1.001001 95 95 95 460 336
5.699731 -1.485636 -0.992138 97 97 97 464 336
6.188062 -1.657568 -1.077140 83 83 83 468 336
6.188020 -1.702205 -1.077133 83 83 83 472 336
6.187977 -1.746841 -1.077126 83 83 83 476 336
6.187935 -1.791476 -1.077118 83 83 83 480 336
6.187893 -1.836111 -1.077111 83 83 83 484 336
6.187851 -1.880746 -1.077104 83 83 83 488 336
6.187809 -1.925379 -1.077096 83 83 83 492 336
6.187768 -1.970012 -1.077089 83 83 83 496 336
6.187725 -2.014645 -1.077082 83 83 83 500 336
6.187683 -2.059277 -1.077074 83 83 83 504 336
6.187641 -2.103908 -1.077067 83 83 83 508 336
6.187599 -2.148539 -1.077060 83 83 83 512 336
6.187557 -2.193169 -1.077052 83 83 83 516 336
6.187515 -2.237798 -1.077045 83 83 83 520 336
6.187473 -2.282427 -1.077038 83 83 83 524 336
6.187430 -2.327055 -1.077030 83 83 83 528 336
6.187388 -2.371683 -1.077023 83 83 83 532 336
6.187346 -2.416310 -1.077016 83 83 83 536 336
6.187304 -2.460936 -1.077008 83 83 83 540 336
6.187263 -2.505562 -1.077001 83 83 83 544 336
6.187221 -2.550187 -1.076994 83 83 83 548 336
6.187179 -2.594812 -1.076987 83 83 83 552 336
6.187136 -2.639436 -1.076979 83 83 83 556 336
6.187094 -2.684059 -1.076972 83 83 83 560 336
6.187052 -2.728682 -1.076964 83 83 83 564 336
6.187010 -2.773304 -1.076957 83 83 83 568 336
6.186967 -2.817925 -1.076950 83 83 83 572 336
6.186926 -2.862547 -1.076943 83 83 83 576 336
6.186884 -2.907167 -1.076935 83 83 83 580 336
6.186841 -2.951787 -1.076928 83 83 83 584 336
6.186800 -2.996406 -1.076921 83 83 83 588 336
6.186758 -3.041024 -1.076913 83 83 83 592 336
6.186716 -3.085642 -1.076906 83 83 83 596 336
6.186674 -3.130260 -1.076899 83 83 83 600 336
6.186632 -3.174876 -1.076891 83 83 83 604 336
6.186590 -3.219492 -1.076884 83 83 83 608 336
6.186547 -3.264108 -1.076877 83 83 83 612 336
6.186505 -3.308722 -1.076869 83 83 83 616 336
6.186463 -3.353337 -1.076862 83 83 83 620 336
6.186421 -3.397951 -1.076855 83 83 83 624 336
6.186379 -3.442564 -1.076847 83 83 83 628 336
6.186337 -3.487176 -1.076840 83 83 83 632 336
6.186296 -3.531788 -1.076833 83 83 83 636 336
6.095652 3.513025 -1.105036 86 86 86 0 340
6.095611 3.469021 -1.105028 86 86 86 4 340
6.095570 3.425016 -1.105021 86 86 86 8 340
6.095529 3.381012 -1.105013 86 86 86 12 340
6.095489 3.337010 -1.105006 86 86 86 16 340
6.095448 3.293008 -1.104999 86 86 86 20 340
6.095407 3.249005 -1.104991 86 86 86 24 340
6.095366 3.205004 -1.104984 86 86 86 28 340
3.590254 1.861887 -0.650851 155 155 155 32 340
3.456500 1.767583 -0.626603 159 159 159 36 340
3.459369 1.744090 -0.627123 159 159 159 40 340
3.474645 1.726722 -0.629893 158 158 158 44 340
3.575516 1.751051 -0.648179 155 155 155 48 340
3.587353 1.730964 -0.650325 155 155 155 52 340
3.602392 1.712229 -0.653051 155 155 155 56 340
3.624953 1.696797 -0.657141 154 154 154 60 340
3.656097 1.684996 -0.662787 153 153 153 64 340
3.693763 1.675704 -0.669615 152 152 152 68 340
3.740571 1.669950 -0.678101 151 151 151 72 340
3.864612 1.697443 -0.700587 147 147 147 76 340
6.094834 2.633041 -1.104887 86 86 86 80 340
6.094793 2.589048 -1.104880 86 86 86 84 340
6.094753 2.545056 -1.104873 86 86 86 88 340
6.094711 2.501064 -1.104865 86 86 86 92 340
6.094671 2.457073 -1.104858 86 86 86 96 340
6.094630 2.413082 -1.104850 86 86 86 100 340
6.094590 2.369092 -1.104843 86 86 86 104 340
6.094548 2.325102 -1.104835 86 86 86 108 340
6.094507 2.281114 -1.104828 86 86 86 112 340
6.094466 2.237126 -1.104821 86 86 86 116 340
6.094426 2.193138 -1.104813 86 86 86 120 340
6.094384 2.149151 -1.104806 86 86 86 124 340
6.094344 2.105164 -1.104798 86 86 86 128 340
6.094303 2.061178 -1.104791 86 86 86 132 340
6.094262 2.017193 -1.104784 86 86 86 136 340
6.094221 1.973208 -1.104776 86 86 86 140 340
6.094181 1.929224 -1.104769 86 86 86 144 340
6.094139 1.885240 -1.104761 86 86 86 148 340
6.094099 1.841258 -1.104754 86 86 86 152 340
6.094058 1.797275 -1.104747 86 86 86 156 340
6.094017 1.753294 -1.104739 86 86 86 160 340
6.093976 1.709312 -1.104732 86 86 86 164 340
6.093936 1.665332 -1.104725 86 86 86 168 340
6.093894 1.621352 -1.104717 86 86 86 172 340
6.093854 1.577372 -1.104710 86 86 86 176 340
4.528320 1.139467 -0.820906 129 129 129 180 340
4.528291 1.106786 -0.820900 129 129 129 184 340
4.528262 1.074107 -0.820896 129 129 129 188 340
4.528233 1.041428 -0.820891 129 129 129 192 340
4.528204 1.008749 -0.820885 129 129 129 196 340
4.528175 0.976071 -0.820880 129 129 129 200 340
4.528146 0.943393 -0.820875 129 129 129 204 340
4.528118 0.910716 -0.820870 129 129 129 208 340
4.528089 0.878039 -0.820864 129 129 129 212 340
4.528059 0.845362 -0.820859 129 129 129 216 340
4.528033 0.812686 -0.820854 129 129 129 220 340
4.528007 0.780011 -0.820849 129 129 129 224 340
4.527980 0.747336 -0.820845 129 129 129 228 340
4.527954 0.714661 -0.820840 129 129 129 232 340
4.527927 0.681987 -0.820835 129 129 129 236 340
4.527901 0.649313 -0.820830 129 129 129 240 340
4.527874 0.616640 -0.820826 129 129 129 244 340
4.527848 0.583967 -0.820821 129 129 129 248 340
4.527822 0.551294 -0.820816 129 129 129 252 340
4.527795 0.518622 -0.820811 129 129 129 256 340
4.527769 0.485950 -0.820806 129 129 129 260 340
4.527742 0.453278 -0.820802 129 129 129 264 340
4.527715 0.420607 -0.820797 129 129 129 268 340
4.527689 0.387936 -0.820792 129 129 129 272 340
4.527663 0.355266 -0.820787 129 129 129 276 340
4.527637 0.322596 -0.820782 129 129 129 280 340
4.527610 0.289926 -0.820778 129 129 129 284 340
4.527584 0.257257 -0.820773 129 129 129 288 340
4.527557 0.224588 -0.820768 129 129 129 292 340
4.527531 0.191920 -0.820763 129 129 129 296 340
4.544811 0.159860 -0.823896 129 129 129 300 340
4.549337 0.127195 -0.824716 128 128 128 304 340
4.527216 0.093912 -0.820706 129 129 129 308 340
4.527185 0.061246 -0.820701 129 129 129 312 340
4.527155 0.028581 -0.820695 129 129 129 316 340
4.527125 -0.004083 -0.820689 129 129 129 320 340
4.527095 -0.036747 -0.820684 129 129 129 324 340
4.527067 -0.069411 -0.820679 129 129 129 328 340
4.527039 -0.102074 -0.820674 129 129 129 332 340
4.527011 -0.134737 -0.820669 129 129 129 336 340
4.526983 -0.167399 -0.820664 129 129 129 340 340
4.526955 -0.200061 -0.820659 129 129 129 344 340
4.526926 -0.232723 -0.820653 129 129 129 348 340
4.526898 -0.265384 -0.820648 129 129 129 352 340
4.526870 -0.298044 -0.820643 129 129 129 356 340
3.796708 -0.277366 -0.688278 149 149 149 360 340
3.786432 -0.303935 -0.686415 150 150 150 364 340
3.793780 -0.331898 -0.687747 149 149 149 368 340
4.526757 -0.428683 -0.820623 129 129 129 372 340
4.526728 -0.461342 -0.820618 129 129 129 376 340
4.526700 -0.494000 -0.820612 129 129 129 380 340
4.526671 -0.526658 -0.820607 129 129 129 384 340
4.526643 -0.559316 -0.820602 129 129 129 388 340
4.526615 -0.591973 -0.820597 129 129 129 392 340
4.526587 -0.624630 -0.820592 129 129 129 396 340
4.526558 -0.657286 -0.820587 129 129 129 400 340
4.535228 -0.691267 -0.822159 129 129 129 404 340
4.535045 -0.723961 -0.822125 129 129 129 408 340
4.534861 -0.756652 -0.822092 129 129 129 412 340
4.534678 -0.789340 -0.822059 129 129 129 416 340
4.534494 -0.822025 -0.822025 129 129 129 420 340
4.534311 -0.854708 -0.821992 129 129 129 424 340
6.091280 -1.192144 -1.104244 86 86 86 428 340
6.091240 -1.236085 -1.104236 86 86 86 432 340
6.091199 -1.280027 -1.104229 86 86 86 436 340
6.091158 -1.323967 -1.104222 86 86 86 440 340
6.091118 -1.367907 -1.104214 86 86 86 444 340
6.091077 -1.411847 -1.104207 86 86 86 448 340
6.091036 -1.455785 -1.104200 86 86 86 452 340
6.090995 -1.499723 -1.104192 86 86 86 456 340
5.756774 -1.458968 -1.043604 95 95 95 460 340
5.746179 -1.497743 -1.041683 95 95 95 464 340
6.090873 -1.631535 -1.104170 86 86 86 468 340
6.090833 -1.675470 -1.104163 86 86 86 472 340
6.090792 -1.719406 -1.104155 86 86 86 476 340
6.090751 -1.763340 -1.104148 86 86 86 480 340
6.090710 -1.807274 -1.104140 86 86 86 484 340
6.090669 -1.851208 -1.104133 86 86 86 488 340
6.090628 -1.895141 -1.104126 86 86 86 492 340
6.090588 -1.939073 -1.104118 86 86 86 496 340
6.090547 -1.983005 -1.104111 86 86 86 500 340
6.090506 -2.026936 -1.104103 86 86 86 504 340
6.090466 -2.070867 -1.104096 86 86 86 508 340
6.090425 -2.114796 -1.104089 86 86 86 512 340
6.090384 -2.158726 -1.104081 86 86 86 516 340
6.090343 -2.202655 -1.104074 86 86 86 520 340
6.090302 -2.246583 -1.104066 86 86 86 524 340
6.090261 -2.290510 -1.104059 86 86 86 528 340
6.090221 -2.334437 -1.104052 86 86 86 532 340
6.090180 -2.378364 -1.104044 86 86 86 536 340
6.090139 -2.422290 -1.104037 86 86 86 540 340
6.090099 -2.466215 -1.104030 86 86 86 544 340
6.090058 -2.510140 -1.104022 86 86 86 548 340
6.090018 -2.554064 -1.104015 86 86 86 552 340
6.089976 -2.597987 -1.104007 86 86 86 556 340
6.089935 -2.641910 -1.104000 86 86 86 560 340
6.089894 -2.685833 -1.103992 86 86 86 564 340
6.089854 -2.729754 -1.103985 86 86 86 568 340
6.089813 -2.773675 -1.103978 86 86 86 572 340
6.089772 -2.817596 -1.103970 86 86 86 576 340
6.089732 -2.861516 -1.103963 86 86 86 580 340
6.089691 -2.905435 -1.103956 86 86 86 584 340
6.089650 -2.949354 -1.103948 86 86 86 588 340
6.089610 -2.993272 -1.103941 86 86 86 592 340
6.089569 -3.037190 -1.103933 86 86 86 596 340
6.089529 -3.081107 -1.103926 86 86 86 600 340
6.089487 -3.125023 -1.103919 86 86 86 604 340
6.089447 -3.168939 -1.103911 86 86 86 608 340
6.089406 -3.212855 -1.103904 86 86 86 612 340
6.089365 -3.256769 -1.103897 86 86 86 616 340
6.089324 -3.300683 -1.103889 86 86 86 620 340
6.089284 -3.344597 -1.103882 86 86 86 624 340
6.089243 -3.388510 -1.103874 86 86 86 628 340
6.089203 -3.432422 -1.103867 86 86 86 632 340
6.089161 -3.476334 -1.103860 86 86 86 636 340
6.001322 3.458662 -1.131236 88 88 88 0 344
6.001283 3.415338 -1.131229 88 88 88 4 344
6.001243 3.372015 -1.131221 88 88 88 8 344
6.001203 3.328693 -1.131214 88 88 88 12 344
6.001164 3.285371 -1.131206 88 88 88 16 344
6.001124 3.242050 -1.131199 88 88 88 20 344
6.001084 3.198729 -1.131191 88 88 88 24 344
6.001044 3.155409 -1.131184 88 88 88 28 344
3.583899 1.858591 -0.675557 155 155 155 32 344
3.467397 1.773156 -0.653597 158 158 158 36 344
3.466840 1.747857 -0.653492 158 158 158 40 344
3.480737 1.729749 -0.656111 158 158 158 44 344
3.575619 1.751102 -0.673997 155 155 155 48 344
3.587330 1.730953 -0.676204 155 155 155 52 344
3.600969 1.711553 -0.678775 155 155 155 56 344
3.627404 1.697945 -0.683758 154 154 154 60 344
3.659205 1.686428 -0.689752 153 153 153 64 344
3.701915 1.679402 -0.697803 152 152 152 68 344
3.749138 1.673774 -0.706704 151 151 151 72 344
3.829735 1.682124 -0.721897 148 148 148 76 344
6.000530 2.592301 -1.131087 88 88 88 80 344
6.000491 2.548989 -1.131079 88 88 88 84 344
6.000451 2.505677 -1.131072 88 88 88 88 344
6.000411 2.462366 -1.131064 88 88 88 92 344
6.000371 2.419056 -1.131057 88 88 88 96 344
6.000332 2.375746 -1.131050 88 88 88 100 344
6.000292 2.332437 -1.131042 88 88 88 104 344
6.000252 2.289128 -1.131035 88 88 88 108 344
6.000213 2.245821 -1.131027 88 88 88 112 344
6.000173 2.202513 -1.131020 88 88 88 116 344
6.000133 2.159206 -1.131012 88 88 88 120 344
6.000094 2.115900 -1.131005 88 88 88 124 344
6.000054 2.072594 -1.130997 88 88 88 128 344
6.000014 2.029289 -1.130990 88 88 88 132 344
5.999975 1.985984 -1.130982 88 88 88 136 344
5.999935 1.942680 -1.130975 88 88 88 140 344
5.999896 1.899377 -1.130967 88 88 88 144 344
5.999856 1.856074 -1.130960 88 88 88 148 344
5.999816 1.812771 -1.130952 88 88 88 152 344
5.999776 1.769469 -1.130945 88 88 88 156 344
5.999737 1.726168 -1.130937 88 88 88 160 344
5.999698 1.682868 -1.130930 88 88 88 164 344
5.999658 1.639568 -1.130922 88 88 88 168 344
5.999619 1.596268 -1.130915 88 88 88 172 344
4.458306 1.154017 -0.840381 131 131 131 176 344
4.458294 1.121846 -0.840379 131 131 131 180 344
4.458267 1.089672 -0.840374 131 131 131 184 344
4.458239 1.057498 -0.840369 131 131 131 188 344
4.458211 1.025324 -0.840364 131 131 131 192 344
4.458183 0.993151 -0.840358 131 131 131 196 344
4.458155 0.960978 -0.840353 131 131 131 200 344
4.458127 0.928805 -0.840348 131 131 131 204 344
4.458099 0.896633 -0.840343 131 131 131 208 344
4.458071 0.864462 -0.840337 131 131 131 212 344
4.458043 0.832290 -0.840332 131 131 131 216 344
4.458015 0.800120 -0.840327 131 131 131 220 344
4.457987 0.767949 -0.840321 131 131 131 224 344
4.457959 0.735779 -0.840316 131 131 131 228 344
4.457931 0.703610 -0.840311 131 131 131 232 344
4.457903 0.671440 -0.840306 131 131 131 236 344
4.457875 0.639271 -0.840300 131 131 131 240 344
4.457847 0.607103 -0.840295 131 131 131 244 344
4.457819 0.574935 -0.840290 131 131 131 248 344
4.457791 0.542767 -0.840284 131 131 131 252 344
4.457763 0.510600 -0.840279 131 131 131 256 344
4.457736 0.478433 -0.840274 131 131 131 260 344
4.457707 0.446267 -0.840269 131 131 131 264 344
4.457679 0.414101 -0.840263 131 131 131 268 344
4.457651 0.381935 -0.840258 131 131 131 272 344
4.457623 0.349770 -0.840253 131 131 131 276 344
4.457595 0.317605 -0.840248 131 131 131 280 344
4.457568 0.285441 -0.840242 131 131 131 284 344
4.457540 0.253277 -0.840237 131 131 131 288 344
4.457511 0.221114 -0.840232 131 131 131 292 344
4.457483 0.188950 -0.840227 131 131 131 296 344
4.457477 0.156788 -0.840225 131 131 131 300 344
4.457456 0.124626 -0.840221 131 131 131 304 344
4.457453 0.092464 -0.840221 131 131 131 308 344
4.457423 0.060303 -0.840215 131 131 131 312 344
4.457394 0.028141 -0.840210 131 131 131 316 344
4.457365 -0.004020 -0.840204 131 131 131 320 344
4.457335 -0.036181 -0.840199 131 131 131 324 344
4.457306 -0.068341 -0.840193 131 131 131 328 344
4.457276 -0.100501 -0.840188 131 131 131 332 344
4.457248 -0.132660 -0.840182 131 131 131 336 344
4.457218 -0.164819 -0.840176 131 131 131 340 344
4.457189 -0.196978 -0.840171 131 131 131 344 344
4.457160 -0.229136 -0.840166 131 131 131 348 344
4.457130 -0.261294 -0.840160 131 131 131 352 344
4.457101 -0.293451 -0.840154 131 131 131 356 344
3.804292 -0.277920 -0.717101 149 149 149 360 344
3.794431 -0.304577 -0.715243 149 149 149 364 344
3.802236 -0.332637 -0.716714 149 149 149 368 344
4.456984 -0.422076 -0.840132 131 131 131 372 344
4.456954 -0.454231 -0.840127 131 131 131 376 344
4.456925 -0.486386 -0.840121 131 131 131 380 344
4.456896 -0.518540 -0.840116 131 131 131 384 344
4.456866 -0.550694 -0.840110 131 131 131 388 344
4.456837 -0.582848 -0.840105 131 131 131 392 344
4.456808 -0.615001 -0.840099 131 131 131 396 344
4.456779 -0.647153 -0.840094 131 131 131 400 344
4.456749 -0.679305 -0.840088 131 131 131 404 344
4.456720 -0.711457 -0.840083 131 131 131 408 344
4.456690 -0.743609 -0.840077 131 131 131 412 344
4.456661 -0.775760 -0.840071 131 131 131 416 344
4.456632 -0.807910 -0.840066 131 131 131 420 344
4.456603 -0.840060 -0.840060 131 131 131 424 344
4.456561 -0.872208 -0.840053 131 131 131 428 344
5.997046 -1.216971 -1.130431 88 88 88 432 344
5.997006 -1.260233 -1.130423 88 88 88 436 344
5.996966 -1.303494 -1.130416 88 88 88 440 344
5.996927 -1.346754 -1.130408 88 88 88 444 344
5.996888 -1.390014 -1.130401 88 88 88 448 344
5.996848 -1.433274 -1.130393 88 88 88 452 344
5.996809 -1.476533 -1.130386 88 88 88 456 344
5.766397 -1.461407 -1.086954 95 95 95 460 344
5.796302 -1.510808 -1.092591 94 94 94 464 344
5.996690 -1.606306 -1.130364 88 88 88 468 344
5.996650 -1.649563 -1.130356 88 88 88 472 344
5.996610 -1.692819 -1.130349 88 88 88 476 344
5.996571 -1.736074 -1.130341 88 88 88 480 344
5.996532 -1.779329 -1.130334 88 88 88 484 344
5.996493 -1.822584 -1.130327 88 88 88 488 344
5.996453 -1.865837 -1.130319 88 88 88 492 344
5.996414 -1.909091 -1.130312 88 88 88 496 344
5.996374 -1.952343 -1.130304 88 88 88 500 344
5.996334 -1.995595 -1.130297 88 88 88 504 344
5.996295 -2.038847 -1.130289 88 88 88 508 344
5.996255 -2.082098 -1.130282 88 88 88 512 344
5.996216 -2.125348 -1.130274 88 88 88 516 344
5.996176 -2.168598 -1.130267 88 88 88 520 344
5.996137 -2.211847 -1.130260 88 88 88 524 344
5.996097 -2.255095 -1.130252 88 88 88 528 344
5.996058 -2.298344 -1.130244 88 88 88 532 344
5.996018 -2.341591 -1.130237 88 88 88 536 344
5.995979 -2.384839 -1.130230 88 88 88 540 344
5.995939 -2.428084 -1.130222 88 88 88 544 344
5.995900 -2.471330 -1.130215 88 88 88 548 344
5.995860 -2.514576 -1.130207 88 88 88 552 344
5.995820 -2.557820 -1.130200 88 88 88 556 344
5.995781 -2.601064 -1.130192 88 88 88 560 344
5.995741 -2.644308 -1.130185 88 88 88 564 344
5.995702 -2.687551 -1.130177 88 88 88 568 344
5.995663 -2.730793 -1.130170 88 88 88 572 344
5.995624 -2.774035 -1.130163 88 88 88 576 344
5.995584 -2.817276 -1.130155 88 88 88 580 344
5.995544 -2.860517 -1.130148 88 88 88 584 344
5.995505 -2.903757 -1.130140 88 88 88 588 344
5.995465 -2.946996 -1.130133 88 88 88 592 344
5.995426 -2.990236 -1.130125 88 88 88 596 344
5.995386 -3.033474 -1.130118 88 88 88 600 344
5.995347 -3.076712 -1.130110 88 88 88 604 344
5.995307 -3.119950 -1.130103 88 88 88 608 344
5.995267 -3.163186 -1.130095 88 88 88 612 344
5.995228 -3.206422 -1.130088 88 88 88 616 344
5.995189 -3.249658 -1.130081 88 88 88 620 344
5.995150 -3.292893 -1.130073 88 88 88 624 344
5.995110 -3.336127 -1.130066 88 88 88 628 344
5.995070 -3.379361 -1.130058 88 88 88 632 344
5.995031 -3.422594 -1.130051 88 88 88 636 344
5.909868 3.405955 -1.156638 91 91 91 0 348
5.909829 3.363292 -1.156631 91 91 91 4 348
5.909791 3.320629 -1.156623 91 91 91 8 348
5.909752 3.277968 -1.156616 91 91 91 12 348
5.909714 3.235306 -1.156608 91 91 91 16 348
5.909675 3.192646 -1.156601 91 91 91 20 348
5.909636 3.149985 -1.156593 91 91 91 24 348
3.622365 1.904676 -0.708944 154 154 154 28 348
3.580326 1.856738 -0.700717 155 155 155 32 348
3.481714 1.780477 -0.681417 158 158 158 36 348
3.474818 1.751879 -0.680067 158 158 158 40 348
3.487330 1.733026 -0.682516 158 158 158 44 348
3.576771 1.751665 -0.700021 155 155 155 48 348
3.588312 1.731427 -0.702280 155 155 155 52 348
3.602626 1.712340 -0.705081 155 155 155 56 348
3.629965 1.699144 -0.710432 154 154 154 60 348
3.663883 1.688585 -0.717070 153 153 153 64 348
3.709944 1.683044 -0.726084 152 152 152 68 348
3.756149 1.676904 -0.735127 150 150 150 72 348
3.890076 1.708627 -0.761339 147 147 147 76 348
3.990052 1.723750 -0.780905 144 144 144 80 348
5.909060 2.510149 -1.156480 91 91 91 84 348
5.909021 2.467498 -1.156473 91 91 91 88 348
5.908984 2.424848 -1.156465 91 91 91 92 348
5.908945 2.382197 -1.156458 91 91 91 96 348
5.908906 2.339548 -1.156450 91 91 91 100 348
5.908868 2.296899 -1.156443 91 91 91 104 348
5.908830 2.254250 -1.156435 91 91 91 108 348
5.908791 2.211602 -1.156428 91 91 91 112 348
5.908753 2.168955 -1.156420 91 91 91 116 348
5.908714 2.126308 -1.156412 91 91 91 120 348
5.908676 2.083662 -1.156405 91 91 91 124 348
5.908638 2.041016 -1.156398 91 91 91 128 348
5.908600 1.998371 -1.156390 91 91 91 132 348
5.908561 1.955726 -1.156382 91 91 91 136 348
5.908523 1.913082 -1.156375 91 91 91 140 348
5.908484 1.870439 -1.156367 91 91 91 144 348
5.908445 1.827796 -1.156360 91 91 91 148 348
5.908407 1.785153 -1.156352 91 91 91 152 348
5.908370 1.742512 -1.156345 91 91 91 156 348
5.908331 1.699870 -1.156337 91 91 91 160 348
5.908292 1.657229 -1.156330 91 91 91 164 348
5.908254 1.614589 -1.156322 91 91 91 168 348
4.390422 1.168123 -0.859263 133 133 133 172 348
4.390424 1.136446 -0.859264 133 133 133 176 348
4.390398 1.104761 -0.859259 133 133 133 180 348
4.390372 1.073077 -0.859254 133 133 133 184 348
4.390345 1.041393 -0.859249 133 133 133 188 348
4.390318 1.009710 -0.859243 133 133 133 192 348
4.390291 0.978026 -0.859238 133 133 133 196 348
4.390264 0.946344 -0.859233 133 133 133 200 348
4.390237 0.914661 -0.859227 133 133 133 204 348
4.390210 0.882979 -0.859222 133 133 133 208 348
4.390182 0.851297 -0.859217 133 133 133 212 348
4.390155 0.819616 -0.859211 133 133 133 216 348
4.390128 0.787935 -0.859206 133 133 133 220 348
4.390101 0.756255 -0.859201 133 133 133 224 348
4.390074 0.724575 -0.859195 133 133 133 228 348
4.390047 0.692895 -0.859190 133 133 133 232 348
4.390020 0.661216 -0.859185 133 133 133 236 348
4.389993 0.629537 -0.859179 133 133 133 240 348
4.389966 0.597858 -0.859174 133 133 133 244 348
4.389938 0.566180 -0.859169 133 133 133 248 348
4.389911 0.534503 -0.859164 133 133 133 252 348
4.389884 0.502825 -0.859158 133 133 133 256 348
4.389857 0.471148 -0.859153 133 133 133 260 348
4.389830 0.439472 -0.859148 133 133 133 264 348
4.389803 0.407796 -0.859142 133 133 133 268 348
4.389776 0.376120 -0.859137 133 133 133 272 348
4.389749 0.344444 -0.859132 133 133 133 276 348
4.389721 0.312769 -0.859126 133 133 133 280 348
4.389694 0.281095 -0.859121 133 133 133 284 348
4.363621 0.247941 -0.854018 134 134 134 288 348
4.363607 0.216456 -0.854015 134 134 134 292 348
4.389613 0.186073 -0.859105 133 133 133 296 348
4.389608 0.154401 -0.859104 133 133 133 300 348
4.389779 0.122734 -0.859138 133 133 133 304 348
4.389773 0.091061 -0.859137 133 133 133 308 348
4.389745 0.059387 -0.859131 133 133 133 312 348
4.389717 0.027714 -0.859125 133 133 133 316 348
4.389688 -0.003959 -0.859120 133 133 133 320 348
4.389659 -0.035631 -0.859114 133 133 133 324 348
4.389631 -0.067303 -0.859109 133 133 133 328 348
4.389603 -0.098975 -0.859103 133 133 133 332 348
4.389574 -0.130646 -0.859097 133 133 133 336 348
4.389545 -0.162317 -0.859092 133 133 133 340 348
4.389518 -0.193987 -0.859086 133 133 133 344 348
4.389489 -0.225657 -0.859081 133 133 133 348 348
4.389460 -0.257327 -0.859075 133 133 133 352 348
4.389432 -0.288996 -0.859070 133 133 133 356 348
3.811908 -0.278476 -0.746041 149 149 149 360 348
3.802465 -0.305222 -0.744192 149 149 149 364 348
3.810868 -0.333393 -0.745837 149 149 149 368 348
4.389318 -0.415668 -0.859047 133 133 133 372 348
4.389290 -0.447335 -0.859042 133 133 133 376 348
4.389262 -0.479002 -0.859036 133 133 133 380 348
4.389233 -0.510668 -0.859031 133 133 133 384 348
4.389205 -0.542334 -0.859025 133 133 133 388 348
4.389176 -0.573999 -0.859020 133 133 133 392 348
4.389148 -0.605664 -0.859014 133 133 133 396 348
4.389119 -0.637329 -0.859008 133 133 133 400 348
4.389091 -0.668993 -0.859003 133 133 133 404 348
4.389062 -0.700657 -0.858997 133 133 133 408 348
4.389034 -0.732320 -0.858992 133 133 133 412 348
4.389006 -0.763983 -0.858986 133 133 133 416 348
4.388977 -0.795646 -0.858981 133 133 133 420 348
4.388949 -0.827308 -0.858975 133 133 133 424 348
4.388922 -0.858970 -0.858970 133 133 133 428 348
4.399601 -0.892804 -0.861060 133 133 133 432 348
5.905682 -1.241041 -1.155820 91 91 91 436 348
5.905643 -1.283644 -1.155812 91 91 91 440 348
5.905605 -1.326246 -1.155805 91 91 91 444 348
5.905567 -1.368847 -1.155797 91 91 91 448 348
5.905529 -1.411448 -1.155790 91 91 91 452 348
5.905490 -1.454048 -1.155782 91 91 91 456 348
5.905452 -1.496648 -1.155775 91 91 91 460 348
5.905414 -1.539247 -1.155767 91 91 91 464 348
5.905376 -1.581846 -1.155760 91 91 91 468 348
5.905337 -1.624444 -1.155752 91 91 91 472 348
5.905298 -1.667042 -1.155745 91 91 91 476 348
5.905261 -1.709639 -1.155737 91 91 91 480 348
5.905222 -1.752235 -1.155730 91 91 91 484 348
5.905184 -1.794831 -1.155722 91 91 91 488 348
5.905145 -1.837426 -1.155715 91 91 91 492 348
5.905107 -1.880021 -1.155707 91 91 91 496 348
5.905069 -1.922616 -1.155700 91 91 91 500 348
5.905031 -1.965209 -1.155692 91 91 91 504 348
5.904992 -2.007802 -1.155685 91 91 91 508 348
5.904953 -2.050395 -1.155677 91 91 91 512 348
5.904915 -2.092987 -1.155670 91 91 91 516 348
5.904877 -2.135578 -1.155662 91 91 91 520 348
5.904839 -2.178169 -1.155655 91 91 91 524 348
5.904801 -2.220760 -1.155647 91 91 91 528 348
5.904762 -2.263349 -1.155640 91 91 91 532 348
5.904724 -2.305939 -1.155632 91 91 91 536 348
5.904685 -2.348527 -1.155625 91 91 91 540 348
5.904647 -2.391115 -1.155617 91 91 91 544 348
5.904609 -2.433703 -1.155610 91 91 91 548 348
5.904572 -2.476290 -1.155602 91 91 91 552 348
5.904532 -2.518877 -1.155595 91 91 91 556 348
5.904495 -2.561463 -1.155587 91 91 91 560 348
5.904456 -2.604048 -1.155580 91 91 91 564 348
5.904418 -2.646633 -1.155572 91 91 91 568 348
5.904379 -2.689217 -1.155565 91 91 91 572 348
5.904341 -2.731801 -1.155557 91 91 91 576 348
5.904303 -2.774384 -1.155550 91 91 91 580 348
5.904264 -2.816967 -1.155542 91 91 91 584 348
5.904226 -2.859549 -1.155535 91 91 91 588 348
5.904188 -2.902130 -1.155527 91 91 91 592 348
5.904149 -2.944711 -1.155520 91 91 91 596 348
5.904111 -2.987292 -1.155512 91 91 91 600 348
5.904072 -3.029871 -1.155505 91 91 91 604 348
5.904034 -3.072451 -1.155497 91 91 91 608 348
5.903996 -3.115030 -1.155490 91 91 91 612 348
5.903958 -3.157608 -1.155482 91 91 91 616 348
5.903920 -3.200186 -1.155475 91 91 91 620 348
5.903882 -3.242763 -1.155467 91 91 91 624 348
5.903843 -3.285339 -1.155460 91 91 91 628 348
5.903805 -3.327916 -1.155452 91 91 91 632 348
5.903766 -3.370491 -1.155445 91 91 91 636 348
5.821158 3.354830 -1.181278 93 93 93 0 352
5.821121 3.312808 -1.181270 93 93 93 4 352
5.821084 3.270786 -1.181262 93 93 93 8 352
5.821047 3.228765 -1.181255 93 93 93 12 352
5.821009 3.186744 -1.181247 93 93 93 16 352
5.820972 3.144725 -1.181240 93 93 93 20 352
5.820934 3.102705 -1.181232 93 93 93 24 352
3.617668 1.902206 -0.734127 154 154 154 28 352
3.585503 1.859423 -0.727600 155 155 155 32 352
3.574074 1.827708 -0.725281 155 155 155 36 352
3.483913 1.756464 -0.706984 158 158 158 40 352
3.493847 1.736264 -0.709000 158 158 158 44 352
3.523928 1.725787 -0.715105 157 157 157 48 352
3.591454 1.732943 -0.728808 155 155 155 52 352
3.607301 1.714562 -0.732023 155 155 155 56 352
3.632743 1.700444 -0.737186 154 154 154 60 352
3.668564 1.690742 -0.744455 153 153 153 64 352
3.736666 1.695167 -0.758275 151 151 151 68 352
3.841761 1.715125 -0.779602 148 148 148 72 352
3.882600 1.705343 -0.787889 147 147 147 76 352
3.987663 1.722718 -0.809210 144 144 144 80 352
5.820375 2.472476 -1.181119 93 93 93 84 352
5.820339 2.430466 -1.181111 93 93 93 88 352
5.820301 2.388455 -1.181104 93 93 93 92 352
5.820263 2.346445 -1.181096 93 93 93 96 352
5.820226 2.304436 -1.181089 93 93 93 100 352
5.820189 2.262427 -1.181081 93 93 93 104 352
5.820152 2.220419 -1.181073 93 93 93 108 352
5.820114 2.178411 -1.181066 93 93 93 112 352
5.820077 2.136404 -1.181058 93 93 93 116 352
5.820040 2.094397 -1.181051 93 93 93 120 352
5.820002 2.052391 -1.181043 93 93 93 124 352
5.819965 2.010386 -1.181036 93 93 93 128 352
5.819928 1.968381 -1.181028 93 93 93 132 352
5.819890 1.926376 -1.181020 93 93 93 136 352
5.819853 1.884372 -1.181013 93 93 93 140 352
5.819817 1.842369 -1.181005 93 93 93 144 352
5.819778 1.800366 -1.180998 93 93 93 148 352
5.819742 1.758364 -1.180990 93 93 93 152 352
5.819705 1.716362 -1.180983 93 93 93 156 352
5.819666 1.674361 -1.180975 93 93 93 160 352
5.819630 1.632360 -1.180967 93 93 93 164 352
5.819593 1.590360 -1.180960 93 93 93 168 352
4.324580 1.150605 -0.877580 135 135 135 172 352
4.324564 1.119398 -0.877577 135 135 135 176 352
4.324539 1.088189 -0.877572 135 135 135 180 352
4.324514 1.056980 -0.877567 135 135 135 184 352
4.324489 1.025772 -0.877562 135 135 135 188 352
4.324462 0.994564 -0.877556 135 135 135 192 352
4.324436 0.963356 -0.877551 135 135 135 196 352
4.324410 0.932148 -0.877546 135 135 135 200 352
4.324384 0.900941 -0.877540 135 135 135 204 352
4.324358 0.869735 -0.877535 135 135 135 208 352
4.324331 0.838528 -0.877530 135 135 135 212 352
4.324305 0.807322 -0.877524 135 135 135 216 352
4.324278 0.776117 -0.877519 135 135 135 220 352
4.324252 0.744911 -0.877514 135 135 135 224 352
4.324225 0.713707 -0.877508 135 135 135 228 352
4.324199 0.682502 -0.877503 135 135 135 232 352
4.324173 0.651298 -0.877498 135 135 135 236 352
4.324147 0.620094 -0.877492 135 135 135 240 352
4.324121 0.588891 -0.877487 135 135 135 244 352
4.324094 0.557688 -0.877482 135 135 135 248 352
4.324068 0.526486 -0.877476 135 135 135 252 352
4.324041 0.495283 -0.877471 135 135 135 256 352
4.324015 0.464082 -0.877466 135 135 135 260 352
4.323988 0.432880 -0.877460 135 135 135 264 352
4.323962 0.401679 -0.877455 135 135 135 268 352
4.140379 0.354751 -0.840201 140 140 140 272 352
4.323909 0.339278 -0.877444 135 135 135 276 352
4.323883 0.308078 -0.877439 135 135 135 280 352
4.323857 0.276879 -0.877433 135 135 135 284 352
4.323831 0.245680 -0.877428 135 135 135 288 352
4.323804 0.214481 -0.877423 135 135 135 292 352
4.323778 0.183283 -0.877417 135 135 135 296 352
4.323776 0.152086 -0.877417 135 135 135 300 352
4.324127 0.120898 -0.877488 135 135 135 304 352
4.324119 0.089699 -0.877487 135 135 135 308 352
4.324091 0.058499 -0.877481 135 135 135 312 352
4.324064 0.027299 -0.877475 135 135 135 316 352
4.324035 -0.003900 -0.877470 135 135 135 320 352
4.324008 -0.035099 -0.877464 135 135 135 324 352
4.323980 -0.066297 -0.877458 135 135 135 328 352
4.323953 -0.097495 -0.877453 135 135 135 332 352
4.323925 -0.128692 -0.877447 135 135 135 336 352
4.323898 -0.159889 -0.877442 135 135 135 340 352
4.323870 -0.191086 -0.877436 135 135 135 344 352
4.323843 -0.222282 -0.877430 135 135 135 348 352
4.323814 -0.253478 -0.877425 135 135 135 352 352
4.323787 -0.284674 -0.877419 135 135 135 356 352
3.819581 -0.279036 -0.775101 149 149 149 360 352
3.810532 -0.305869 -0.773265 149 149 149 364 352
3.819530 -0.334150 -0.775091 149 149 149 368 352
4.323677 -0.409452 -0.877397 135 135 135 372 352
4.323649 -0.440645 -0.877391 135 135 135 376 352
4.323622 -0.471838 -0.877386 135 135 135 380 352
4.323594 -0.503031 -0.877380 135 135 135 384 352
4.323566 -0.534223 -0.877375 135 135 135 388 352
4.323539 -0.565415 -0.877369 135 135 135 392 352
4.323512 -0.596607 -0.877363 135 135 135 396 352
4.323483 -0.627798 -0.877358 135 135 135 400 352
4.323456 -0.658989 -0.877352 135 135 135 404 352
4.323429 -0.690179 -0.877347 135 135 135 408 352
4.323401 -0.721369 -0.877341 135 135 135 412 352
4.323373 -0.752559 -0.877335 135 135 135 416 352
4.323346 -0.783748 -0.877330 135 135 135 420 352
4.323318 -0.814937 -0.877324 135 135 135 424 352
4.323290 -0.846125 -0.877318 135 135 135 428 352
4.323251 -0.877310 -0.877310 135 135 135 432 352
5.817098 -1.222426 -1.180454 93 93 93 436 352
5.817060 -1.264389 -1.180447 93 93 93 440 352
5.817023 -1.306352 -1.180439 93 93 93 444 352
5.816986 -1.348315 -1.180432 93 93 93 448 352
5.816949 -1.390277 -1.180424 93 93 93 452 352
5.816911 -1.432239 -1.180416 93 93 93 456 352
5.816875 -1.474200 -1.180409 93 93 93 460 352
5.816837 -1.516160 -1.180401 93 93 93 464 352
5.816800 -1.558120 -1.180394 93 93 93 468 352
5.816762 -1.600079 -1.180386 93 93 93 472 352
5.816725 -1.642038 -1.180379 93 93 93 476 352
5.816689 -1.683996 -1.180371 93 93 93 480 352
5.816651 -1.725954 -1.180364 93 93 93 484 352
5.816615 -1.767911 -1.180356 93 93 93 488 352
5.816577 -1.809868 -1.180349 93 93 93 492 352
5.816539 -1.851824 -1.180341 93 93 93 496 352
5.816503 -1.893780 -1.180334 93 93 93 500 352
5.816465 -1.935735 -1.180326 93 93 93 504 352
5.816428 -1.977689 -1.180318 93 93 93 508 352
5.816391 -2.019643 -1.180311 93 93 93 512 352
5.816354 -2.061596 -1.180303 93 93 93 516 352
5.816317 -2.103549 -1.180296 93 93 93 520 352
5.816279 -2.145501 -1.180288 93 93 93 524 352
5.816242 -2.187453 -1.180281 93 93 93 528 352
5.816206 -2.229405 -1.180273 93 93 93 532 352
5.816168 -2.271355 -1.180266 93 93 93 536 352
5.816131 -2.313306 -1.180258 93 93 93 540 352
5.816094 -2.355255 -1.180251 93 93 93 544 352
5.816056 -2.397204 -1.180243 93 93 93 548 352
5.816020 -2.439153 -1.180236 93 93 93 552 352
5.815982 -2.481101 -1.180228 93 93 93 556 352
5.815945 -2.523049 -1.180220 93 93 93 560 352
5.815907 -2.564996 -1.180213 93 93 93 564 352
5.815870 -2.606942 -1.180205 93 93 93 568 352
5.815834 -2.648888 -1.180198 93 93 93 572 352
5.815796 -2.690833 -1.180190 93 93 93 576 352
5.815759 -2.732778 -1.180183 93 93 93 580 352
5.815722 -2.774723 -1.180175 93 93 93 584 352
5.815685 -2.816667 -1.180168 93 93 93 588 352
5.815648 -2.858610 -1.180160 93 93 93 592 352
5.815610 -2.900553 -1.180152 93 93 93 596 352
5.815573 -2.942494 -1.180145 93 93 93 600 352
5.815536 -2.984436 -1.180137 93 93 93 604 352
5.815499 -3.026377 -1.180130 93 93 93 608 352
5.815462 -3.068318 -1.180122 93 93 93 612 352
5.815425 -3.110258 -1.180115 93 93 93 616 352
5.815387 -3.152197 -1.180107 93 93 93 620 352
5.815351 -3.194137 -1.180100 93 93 93 624 352
5.815314 -3.236075 -1.180092 93 93 93 628 352
5.815276 -3.278013 -1.180085 93 93 93 632 352
5.815239 -3.319950 -1.180077 93 93 93 636 352
5.735073 3.305218 -1.205188 96 96 96 0 356
5.735037 3.263817 -1.205181 96 96 96 4 356
5.735000 3.222417 -1.205173 96 96 96 8 356
5.734963 3.181017 -1.205166 96 96 96 12 356
5.734928 3.139619 -1.205158 96 96 96 16 356
5.734891 3.098220 -1.205150 96 96 96 20 356
5.734855 3.056823 -1.205143 96 96 96 24 356
3.624456 1.905775 -0.761656 154 154 154 28 356
3.592066 1.862826 -0.754849 155 155 155 32 356
3.576355 1.828875 -0.751548 155 155 155 36 356
3.494276 1.761689 -0.734299 158 158 158 40 356
3.500883 1.739760 -0.735688 157 157 157 44 356
3.524065 1.725854 -0.740560 157 157 157 48 356
3.597031 1.735634 -0.755893 155 155 155 52 356
3.613853 1.717676 -0.759428 154 154 154 56 356
3.638025 1.702916 -0.764507 154 154 154 60 356
3.686359 1.698943 -0.774664 152 152 152 64 356
3.759448 1.705503 -0.790024 150 150 150 68 356
3.844719 1.716446 -0.807943 148 148 148 72 356
3.881439 1.704834 -0.815659 147 147 147 76 356
4.024082 1.738452 -0.845635 143 143 143 80 356
5.734313 2.435917 -1.205029 96 96 96 84 356
5.734276 2.394528 -1.205021 96 96 96 88 356
5.734241 2.353139 -1.205014 96 96 96 92 356
5.734205 2.311751 -1.205006 96 96 96 96 356
5.734168 2.270362 -1.204998 96 96 96 100 356
5.734132 2.228975 -1.204991 96 96 96 104 356
5.734096 2.187588 -1.204983 96 96 96 108 356
5.734059 2.146202 -1.204975 96 96 96 112 356
5.734024 2.104816 -1.204968 96 96 96 116 356
5.733987 2.063431 -1.204960 96 96 96 120 356
5.733951 2.022046 -1.204953 96 96 96 124 356
5.733914 1.980662 -1.204945 96 96 96 128 356
5.733879 1.939278 -1.204937 96 96 96 132 356
5.733842 1.897895 -1.204930 96 96 96 136 356
5.733806 1.856512 -1.204922 96 96 96 140 356
5.733769 1.815130 -1.204914 96 96 96 144 356
5.733734 1.773748 -1.204907 96 96 96 148 356
5.733697 1.732367 -1.204899 96 96 96 152 356
5.733662 1.690986 -1.204892 96 96 96 156 356
5.733626 1.649606 -1.204884 96 96 96 160 356
5.733589 1.608227 -1.204877 96 96 96 164 356
4.260677 1.164345 -0.895354 136 136 136 168 356
4.260675 1.133602 -0.895354 136 136 136 172 356
4.260651 1.102854 -0.895349 136 136 136 176 356
4.260626 1.072106 -0.895344 136 136 136 180 356
4.260602 1.041359 -0.895338 136 136 136 184 356
4.260578 1.010612 -0.895333 136 136 136 188 356
4.260553 0.979865 -0.895328 136 136 136 192 356
4.260528 0.949119 -0.895323 136 136 136 196 356
4.260502 0.918373 -0.895317 136 136 136 200 356
4.260476 0.887627 -0.895312 136 136 136 204 356
4.260451 0.856881 -0.895307 136 136 136 208 356
4.260426 0.826136 -0.895301 136 136 136 212 356
4.260400 0.795392 -0.895296 136 136 136 216 356
4.260374 0.764647 -0.895291 136 136 136 220 356
4.260348 0.733903 -0.895285 136 136 136 224 356
4.260323 0.703160 -0.895280 136 136 136 228 356
4.260298 0.672416 -0.895275 136 136 136 232 356
4.260272 0.641674 -0.895269 136 136 136 236 356
4.260246 0.610931 -0.895264 136 136 136 240 356
4.260221 0.580189 -0.895258 136 136 136 244 356
4.260195 0.549447 -0.895253 136 136 136 248 356
4.260170 0.518706 -0.895248 136 136 136 252 356
4.260145 0.487965 -0.895242 136 136 136 256 356
4.260119 0.457224 -0.895237 136 136 136 260 356
4.260093 0.426484 -0.895232 136 136 136 264 356
4.260067 0.395744 -0.895226 136 136 136 268 356
4.124904 0.353425 -0.866822 140 140 140 272 356
4.260016 0.334265 -0.895215 136 136 136 276 356
4.259991 0.303526 -0.895210 136 136 136 280 356
4.259965 0.272788 -0.895205 136 136 136 284 356
4.259940 0.242050 -0.895199 136 136 136 288 356
4.259914 0.211312 -0.895194 136 136 136 292 356
4.259889 0.180575 -0.895189 136 136 136 296 356
4.259889 0.149838 -0.895189 136 136 136 300 356
4.260409 0.119117 -0.895298 136 136 136 304 356
4.260399 0.088377 -0.895296 136 136 136 308 356
4.260372 0.057637 -0.895290 136 136 136 312 356
4.260345 0.026897 -0.895284 136 136 136 316 356
4.260318 -0.003842 -0.895279 136 136 136 320 356
4.260292 -0.034581 -0.895273 136 136 136 324 356
4.260264 -0.065320 -0.895268 136 136 136 328 356
4.260238 -0.096058 -0.895262 136 136 136 332 356
4.260211 -0.126796 -0.895256 136 136 136 336 356
4.260184 -0.157533 -0.895251 136 136 136 340 356
4.260158 -0.188270 -0.895245 136 136 136 344 356
4.260131 -0.219007 -0.895239 136 136 136 348 356
4.260104 -0.249743 -0.895234 136 136 136 352 356
4.260077 -0.280479 -0.895228 136 136 136 356 356
3.827364 -0.279605 -0.804296 148 148 148 360 356
3.818634 -0.306520 -0.802462 149 149 149 364 356
3.828240 -0.334912 -0.804480 148 148 148 368 356
4.259970 -0.403419 -0.895206 136 136 136 372 356
4.259943 -0.434153 -0.895200 136 136 136 376 356
4.259916 -0.464886 -0.895194 136 136 136 380 356
4.259890 -0.495619 -0.895189 136 136 136 384 356
4.259863 -0.526352 -0.895183 136 136 136 388 356
4.259836 -0.557085 -0.895177 136 136 136 392 356
4.259809 -0.587817 -0.895172 136 136 136 396 356
4.259782 -0.618548 -0.895166 136 136 136 400 356
4.259756 -0.649279 -0.895161 136 136 136 404 356
4.259729 -0.680010 -0.895155 136 136 136 408 356
4.259702 -0.710741 -0.895149 136 136 136 412 356
4.259676 -0.741471 -0.895144 136 136 136 416 356
4.259648 -0.772201 -0.895138 136 136 136 420 356
4.259622 -0.802930 -0.895132 136 136 136 424 356
4.259595 -0.833659 -0.895127 136 136 136 428 356
4.259568 -0.864387 -0.895121 136 136 136 432 356
5.731131 -1.204361 -1.204361 96 96 96 436 356
5.731095 -1.245704 -1.204353 96 96 96 440 356
5.731059 -1.287047 -1.204346 96 96 96 444 356
5.731023 -1.328390 -1.204338 96 96 96 448 356
5.730987 -1.369732 -1.204330 96 96 96 452 356
5.730951 -1.411073 -1.204323 96 96 96 456 356
5.730914 -1.452414 -1.204315 96 96 96 460 356
5.730879 -1.493755 -1.204308 96 96 96 464 356
5.730842 -1.535095 -1.204300 96 96 96 468 356
5.730807 -1.576434 -1.204293 96 96 96 472 356
5.730771 -1.617773 -1.204285 96 96 96 476 356
5.730734 -1.659111 -1.204277 96 96 96 480 356
5.730699 -1.700450 -1.204270 96 96 96 484 356
5.730662 -1.741787 -1.204262 96 96 96 488 356
5.730627 -1.783124 -1.204255 96 96 96 492 356
5.730590 -1.824460 -1.204247 96 96 96 496 356
5.730554 -1.865795 -1.204239 96 96 96 500 356
5.730518 -1.907131 -1.204232 96 96 96 504 356
5.730482 -1.948466 -1.204224 96 96 96 508 356
5.730445 -1.989800 -1.204217 96 96 96 512 356
5.730410 -2.031134 -1.204209 96 96 96 516 356
5.730374 -2.072467 -1.204201 96 96 96 520 356
5.730337 -2.113799 -1.204194 96 96 96 524 356
5.730302 -2.155132 -1.204186 96 96 96 528 356
5.730266 -2.196463 -1.204179 96 96 96 532 356
5.730229 -2.237794 -1.204171 96 96 96 536 356
5.730193 -2.279125 -1.204163 96 96 96 540 356
5.730157 -2.320455 -1.204156 96 96 96 544 356
5.730121 -2.361784 -1.204148 96 96 96 548 356
5.730085 -2.403113 -1.204141 96 96 96 552 356
5.730049 -2.444442 -1.204133 96 96 96 556 356
5.730012 -2.485770 -1.204125 96 96 96 560 356
5.729977 -2.527097 -1.204118 96 96 96 564 356
5.729940 -2.568424 -1.204110 96 96 96 568 356
5.729904 -2.609751 -1.204103 96 96 96 572 356
5.729869 -2.651077 -1.204095 96 96 96 576 356
5.729833 -2.692402 -1.204088 96 96 96 580 356
5.729796 -2.733727 -1.204080 96 96 96 584 356
5.729761 -2.775052 -1.204073 96 96 96 588 356
5.729724 -2.816375 -1.204065 96 96 96 592 356
5.729688 -2.857698 -1.204057 96 96 96 596 356
5.729652 -2.899021 -1.204050 96 96 96 600 356
5.729616 -2.940343 -1.204042 96 96 96 604 356
5.729580 -2.981665 -1.204035 96 96 96 608 356
5.729544 -3.022986 -1.204027 96 96 96 612 356
5.729508 -3.064307 -1.204020 96 96 96 616 356
5.729472 -3.105627 -1.204012 96 96 96 620 356
5.729436 -3.146947 -1.204004 96 96 96 624 356
5.729400 -3.188266 -1.203997 96 96 96 628 356
5.729363 -3.229585 -1.203989 96 96 96 632 356
5.729328 -3.270903 -1.203982 96 96 96 636 356
5.651496 3.257051 -1.228402 98 98 98 0 360
5.651461 3.216254 -1.228394 98 98 98 4 360
5.651426 3.175458 -1.228387 98 98 98 8 360
5.651391 3.134662 -1.228379 98 98 98 12 360
5.651356 3.093867 -1.228372 98 98 98 16 360
5.651320 3.053072 -1.228364 98 98 98 20 360
5.651286 3.012278 -1.228356 98 98 98 24 360
5.651250 2.971484 -1.228349 98 98 98 28 360
3.606805 1.870470 -0.783971 155 155 155 32 360
3.584631 1.833107 -0.779151 155 155 155 36 360
3.507072 1.768140 -0.762293 157 157 157 40 360
3.509754 1.744169 -0.762876 157 157 157 44 360
3.527011 1.727297 -0.766627 157 157 157 48 360
3.603463 1.738738 -0.783244 155 155 155 52 360
3.623515 1.722269 -0.787603 154 154 154 56 360
3.651175 1.709072 -0.793615 153 153 153 60 360
3.693866 1.702403 -0.802894 152 152 152 64 360
3.827751 1.736489 -0.831995 148 148 148 68 360
3.852394 1.719872 -0.837351 148 148 148 72 360
3.887758 1.707609 -0.845038 147 147 147 76 360
5.650793 2.441210 -1.228249 98 98 98 80 360
5.650758 2.400424 -1.228242 98 98 98 84 360
5.650723 2.359638 -1.228234 98 98 98 88 360
5.650688 2.318852 -1.228226 98 98 98 92 360
5.650653 2.278067 -1.228219 98 98 98 96 360
5.650618 2.237282 -1.228211 98 98 98 100 360
5.650583 2.196498 -1.228204 98 98 98 104 360
5.650548 2.155714 -1.228196 98 98 98 108 360
5.650513 2.114931 -1.228188 98 98 98 112 360
5.650477 2.074148 -1.228181 98 98 98 116 360
5.650442 2.033366 -1.228173 98 98 98 120 360
5.650407 1.992585 -1.228166 98 98 98 124 360
5.650372 1.951803 -1.228158 98 98 98 128 360
5.650336 1.911023 -1.228150 98 98 98 132 360
5.650301 1.870243 -1.228142 98 98 98 136 360
5.650267 1.829463 -1.228135 98 98 98 140 360
5.650231 1.788684 -1.228127 98 98 98 144 360
5.650197 1.747905 -1.228120 98 98 98 148 360
5.650162 1.707127 -1.228112 98 98 98 152 360
5.650126 1.666350 -1.228104 98 98 98 156 360
5.650092 1.625573 -1.228098 98 98 98 160 360
5.650056 1.584796 -1.228090 98 98 98 164 360
4.198641 1.147392 -0.912612 138 138 138 168 360
4.198623 1.117093 -0.912608 138 138 138 172 360
4.198599 1.086792 -0.912603 138 138 138 176 360
4.198575 1.056493 -0.912598 138 138 138 180 360
4.198552 1.026193 -0.912593 138 138 138 184 360
4.198528 0.995894 -0.912587 138 138 138 188 360
4.198504 0.965595 -0.912582 138 138 138 192 360
4.198481 0.935297 -0.912577 138 138 138 196 360
4.198456 0.904998 -0.912572 138 138 138 200 360
4.198431 0.874700 -0.912566 138 138 138 204 360
4.198406 0.844403 -0.912561 138 138 138 208 360
4.198381 0.814105 -0.912556 138 138 138 212 360
4.198357 0.783808 -0.912550 138 138 138 216 360
4.198331 0.753512 -0.912545 138 138 138 220 360
4.198307 0.723216 -0.912539 138 138 138 224 360
4.198282 0.692920 -0.912534 138 138 138 228 360
4.198257 0.662624 -0.912529 138 138 138 232 360
4.198232 0.632329 -0.912523 138 138 138 236 360
4.198208 0.602035 -0.912518 138 138 138 240 360
4.198183 0.571740 -0.912512 138 138 138 244 360
4.198158 0.541446 -0.912507 138 138 138 248 360
4.198133 0.511152 -0.912502 138 138 138 252 360
4.198108 0.480859 -0.912496 138 138 138 256 360
4.198083 0.450566 -0.912491 138 138 138 260 360
4.198059 0.420273 -0.912485 138 138 138 264 360
3.998418 0.371437 -0.869092 144 144 144 268 360
4.013916 0.343916 -0.872460 143 143 143 272 360
4.019601 0.315401 -0.873696 143 143 143 276 360
4.025606 0.286826 -0.875001 143 143 143 280 360
4.197935 0.268816 -0.912458 138 138 138 284 360
4.197910 0.238525 -0.912453 138 138 138 288 360
4.197885 0.208235 -0.912448 138 138 138 292 360
4.197861 0.177945 -0.912442 138 138 138 296 360
4.200640 0.147754 -0.913046 138 138 138 300 360
4.198543 0.117387 -0.912590 138 138 138 304 360
4.198530 0.087093 -0.912588 138 138 138 308 360
4.198504 0.056800 -0.912582 138 138 138 312 360
4.198478 0.026506 -0.912576 138 138 138 316 360
4.198452 -0.003787 -0.912571 138 138 138 320 360
4.198425 -0.034079 -0.912565 138 138 138 324 360
4.198399 -0.064371 -0.912559 138 138 138 328 360
4.198373 -0.094663 -0.912554 138 138 138 332 360
4.198347 -0.124955 -0.912548 138 138 138 336 360
4.198321 -0.155246 -0.912542 138 138 138 340 360
4.198295 -0.185536 -0.912537 138 138 138 344 360
4.198269 -0.215827 -0.912531 138 138 138 348 360
4.198243 -0.246117 -0.912525 138 138 138 352 360
3.857959 -0.254004 -0.838562 148 148 148 356 360
3.834609 -0.280134 -0.833486 148 148 148 360 360
3.826771 -0.307173 -0.831783 148 148 148 364 360
3.835697 -0.335565 -0.833723 148 148 148 368 360
4.198113 -0.397561 -0.912497 138 138 138 372 360
4.198087 -0.427849 -0.912492 138 138 138 376 360
4.198061 -0.458136 -0.912486 138 138 138 380 360
4.198035 -0.488423 -0.912480 138 138 138 384 360
4.198009 -0.518709 -0.912475 138 138 138 388 360
4.197983 -0.548996 -0.912469 138 138 138 392 360
4.197957 -0.579282 -0.912463 138 138 138 396 360
4.197931 -0.609567 -0.912457 138 138 138 400 360
4.197905 -0.639852 -0.912452 138 138 138 404 360
4.197879 -0.670137 -0.912446 138 138 138 408 360
4.197854 -0.700421 -0.912441 138 138 138 412 360
4.197827 -0.730705 -0.912435 138 138 138 416 360
4.197801 -0.760989 -0.912429 138 138 138 420 360
4.197775 -0.791272 -0.912424 138 138 138 424 360
4.197749 -0.821555 -0.912418 138 138 138 428 360
4.197723 -0.851837 -0.912412 138 138 138 432 360
4.197684 -0.882116 -0.912404 138 138 138 436 360
5.647634 -1.227563 -1.227563 98 98 98 440 360
5.647599 -1.268304 -1.227556 98 98 98 444 360
5.647563 -1.309045 -1.227548 98 98 98 448 360
5.647529 -1.349785 -1.227540 98 98 98 452 360
5.647494 -1.390525 -1.227533 98 98 98 456 360
5.647459 -1.431264 -1.227525 98 98 98 460 360
5.647424 -1.472002 -1.227517 98 98 98 464 360
5.647389 -1.512740 -1.227510 98 98 98 468 360
5.647354 -1.553478 -1.227502 98 98 98 472 360
5.647319 -1.594215 -1.227495 98 98 98 476 360
5.647284 -1.634951 -1.227487 98 98 98 480 360
5.647248 -1.675688 -1.227479 98 98 98 484 360
5.647214 -1.716423 -1.227472 98 98 98 488 360
5.647179 -1.757158 -1.227464 98 98 98 492 360
5.647143 -1.797893 -1.227457 98 98 98 496 360
5.647108 -1.838627 -1.227449 98 98 98 500 360
5.647073 -1.879360 -1.227441 98 98 98 504 360
5.647038 -1.920093 -1.227434 98 98 98 508 360
5.647003 -1.960826 -1.227426 98 98 98 512 360
5.646968 -2.001558 -1.227418 98 98 98 516 360
5.646933 -2.042289 -1.227411 98 98 98 520 360
5.646898 -2.083020 -1.227403 98 98 98 524 360
5.646863 -2.123751 -1.227396 98 98 98 528 360
5.646828 -2.164481 -1.227388 98 98 98 532 360
5.646793 -2.205210 -1.227380 98 98 98 536 360
5.646758 -2.245939 -1.227373 98 98 98 540 360
5.646723 -2.286668 -1.227365 98 98 98 544 360
5.646688 -2.327396 -1.227358 98 98 98 548 360
5.646653 -2.368123 -1.227350 98 98 98 552 360
5.646618 -2.408850 -1.227342 98 98 98 556 360
5.646583 -2.449577 -1.227335 98 98 98 560 360
5.646547 -2.490302 -1.227327 98 98 98 564 360
5.646513 -2.531028 -1.227319 98 98 98 568 360
5.646478 -2.571753 -1.227312 98 98 98 572 360
5.646442 -2.612477 -1.227304 98 98 98 576 360
5.646408 -2.653202 -1.227297 98 98 98 580 360
5.646373 -2.693925 -1.227289 98 98 98 584 360
5.646337 -2.734648 -1.227281 98 98 98 588 360
5.646303 -2.775370 -1.227274 98 98 98 592 360
5.646267 -2.816092 -1.227266 98 98 98 596 360
5.646232 -2.856813 -1.227258 98 98 98 600 360
5.646198 -2.897534 -1.227251 98 98 98 604 360
5.646162 -2.938255 -1.227243 98 98 98 608 360
5.646127 -2.978975 -1.227236 98 98 98 612 360
5.646093 -3.019694 -1.227228 98 98 98 616 360
5.646057 -3.060413 -1.227220 98 98 98 620 360
5.646022 -3.101131 -1.227213 98 98 98 624 360
5.645988 -3.141850 -1.227205 98 98 98 628 360
5.645952 -3.182566 -1.227197 98 98 98 632 360
5.645917 -3.223283 -1.227190 98 98 98 636 360
5.570321 3.210268 -1.250949 100 100 100 0 364
5.570287 3.170058 -1.250942 100 100 100 4 364
5.570252 3.129848 -1.250934 100 100 100 8 364
5.570218 3.089638 -1.250926 100 100 100 12 364
5.570185 3.049429 -1.250919 100 100 100 16 364
5.570150 3.009220 -1.250911 100 100 100 20 364
5.570116 2.969012 -1.250903 100 100 100 24 364
5.570082 2.928805 -1.250896 100 100 100 28 364
3.624586 1.879691 -0.813988 154 154 154 32 364
3.596237 1.839042 -0.807621 155 155 155 36 364
3.590799 1.810353 -0.806400 155 155 155 40 364
3.519413 1.748969 -0.790369 157 157 157 44 364
3.532041 1.729760 -0.793204 157 157 157 48 364
3.611521 1.742626 -0.811054 154 154 154 52 364
3.628650 1.724710 -0.814900 154 154 154 56 364
3.652958 1.709906 -0.820359 153 153 153 60 364
3.692571 1.701806 -0.829255 152 152 152 64 364
3.836571 1.740490 -0.861594 148 148 148 68 364
3.859941 1.723242 -0.866842 148 148 148 72 364
3.893740 1.710237 -0.874433 147 147 147 76 364
5.569639 2.406150 -1.250796 100 100 100 80 364
5.569604 2.365949 -1.250788 100 100 100 84 364
5.569570 2.325749 -1.250780 100 100 100 88 364
5.569536 2.285550 -1.250773 100 100 100 92 364
5.569501 2.245350 -1.250765 100 100 100 96 364
5.569468 2.205152 -1.250757 100 100 100 100 364
5.569434 2.164953 -1.250750 100 100 100 104 364
5.569399 2.124755 -1.250742 100 100 100 108 364
5.569365 2.084558 -1.250734 100 100 100 112 364
5.569331 2.044362 -1.250727 100 100 100 116 364
5.569297 2.004165 -1.250719 100 100 100 120 364
5.569262 1.963969 -1.250711 100 100 100 124 364
5.569229 1.923774 -1.250704 100 100 100 128 364
5.569195 1.883579 -1.250696 100 100 100 132 364
5.569160 1.843385 -1.250689 100 100 100 136 364
5.569127 1.803191 -1.250681 100 100 100 140 364
5.569092 1.762998 -1.250673 100 100 100 144 364
5.569057 1.722805 -1.250665 100 100 100 148 364
5.569024 1.682613 -1.250658 100 100 100 152 364
5.568990 1.642421 -1.250651 100 100 100 156 364
5.568955 1.602229 -1.250643 100 100 100 160 364
4.138381 1.160783 -0.929373 140 140 140 164 364
4.138375 1.130922 -0.929372 140 140 140 168 364
4.138352 1.101057 -0.929367 140 140 140 172 364
4.138329 1.071192 -0.929362 140 140 140 176 364
4.138306 1.041327 -0.929357 140 140 140 180 364
4.138283 1.011462 -0.929351 140 140 140 184 364
4.138260 0.981598 -0.929346 140 140 140 188 364
4.138237 0.951734 -0.929341 140 140 140 192 364
4.138214 0.921871 -0.929336 140 140 140 196 364
4.138191 0.892008 -0.929331 140 140 140 200 364
4.138166 0.862145 -0.929325 140 140 140 204 364
4.138142 0.832282 -0.929320 140 140 140 208 364
4.138118 0.802420 -0.929314 140 140 140 212 364
4.138094 0.772558 -0.929309 140 140 140 216 364
4.138070 0.742696 -0.929303 140 140 140 220 364
4.138046 0.712835 -0.929298 140 140 140 224 364
4.138022 0.682974 -0.929293 140 140 140 228 364
4.137998 0.653113 -0.929287 140 140 140 232 364
4.137973 0.623253 -0.929282 140 140 140 236 364
4.137950 0.593393 -0.929276 140 140 140 240 364
4.137926 0.563534 -0.929271 140 140 140 244 364
4.137901 0.533675 -0.929265 140 140 140 248 364
4.137877 0.503816 -0.929260 140 140 140 252 364
4.137853 0.473957 -0.929255 140 140 140 256 364
4.137829 0.444099 -0.929249 140 140 140 260 364
4.137805 0.414241 -0.929244 140 140 140 264 364
3.952603 0.367181 -0.887652 145 145 145 268 364
3.972835 0.340396 -0.892196 144 144 144 272 364
3.981951 0.312446 -0.894243 144 144 144 276 364
3.988232 0.284163 -0.895654 144 144 144 280 364
3.993863 0.255748 -0.896918 144 144 144 284 364
3.997180 0.227120 -0.897663 144 144 144 288 364
3.999510 0.198395 -0.898186 144 144 144 292 364
4.000068 0.169561 -0.898312 144 144 144 296 364
4.000033 0.140698 -0.898304 144 144 144 300 364
3.999999 0.111836 -0.898296 144 144 144 304 364
4.002109 0.083019 -0.898770 144 144 144 308 364
4.003599 0.054163 -0.899105 144 144 144 312 364
3.997175 0.025236 -0.897662 144 144 144 316 364
3.996955 -0.003605 -0.897613 144 144 144 320 364
4.138331 -0.033591 -0.929362 140 140 140 324 364
4.138305 -0.063450 -0.929356 140 140 140 328 364
4.138279 -0.093308 -0.929350 140 140 140 332 364
4.138254 -0.123166 -0.929345 140 140 140 336 364
4.138229 -0.153024 -0.929339 140 140 140 340 364
4.138204 -0.182881 -0.929333 140 140 140 344 364
4.138178 -0.212738 -0.929328 140 140 140 348 364
4.138154 -0.242594 -0.929322 140 140 140 352 364
3.863350 -0.254359 -0.867608 147 147 147 356 364
3.833524 -0.280055 -0.860910 148 148 148 360 364
3.826143 -0.307122 -0.859253 148 148 148 364 364
3.834855 -0.335491 -0.861209 148 148 148 368 364
4.138027 -0.391871 -0.929294 140 140 140 372 364
4.138001 -0.421725 -0.929288 140 140 140 376 364
4.137976 -0.451579 -0.929282 140 140 140 380 364
4.137951 -0.481432 -0.929277 140 140 140 384 364
4.137926 -0.511285 -0.929271 140 140 140 388 364
4.137901 -0.541138 -0.929265 140 140 140 392 364
4.137875 -0.570991 -0.929260 140 140 140 396 364
4.137850 -0.600843 -0.929254 140 140 140 400 364
4.137825 -0.630694 -0.929248 140 140 140 404 364
4.137799 -0.660546 -0.929243 140 140 140 408 364
4.137774 -0.690397 -0.929237 140 140 140 412 364
4.137749 -0.720247 -0.929231 140 140 140 416 364
4.137723 -0.750098 -0.929226 140 140 140 420 364
4.137698 -0.779948 -0.929220 140 140 140 424 364
4.137673 -0.809797 -0.929214 140 140 140 428 364
4.137648 -0.839646 -0.929209 140 140 140 432 364
4.137621 -0.869495 -0.929202 140 140 140 436 364
5.566569 -1.209943 -1.250107 100 100 100 440 364
5.566535 -1.250099 -1.250099 100 100 100 444 364
5.566501 -1.290255 -1.250092 100 100 100 448 364
5.566466 -1.330411 -1.250084 100 100 100 452 364
5.566432 -1.370566 -1.250077 100 100 100 456 364
5.566398 -1.410720 -1.250069 100 100 100 460 364
5.566364 -1.450874 -1.250061 100 100 100 464 364
5.566330 -1.491028 -1.250054 100 100 100 468 364
5.566297 -1.531181 -1.250046 100 100 100 472 364
5.566262 -1.571333 -1.250038 100 100 100 476 364
5.566228 -1.611485 -1.250031 100 100 100 480 364
5.566195 -1.651637 -1.250023 100 100 100 484 364
5.566160 -1.691787 -1.250015 100 100 100 488 364
5.566126 -1.731938 -1.250008 100 100 100 492 364
5.566092 -1.772088 -1.250000 100 100 100 496 364
5.566057 -1.812238 -1.249992 100 100 100 500 364
5.566024 -1.852387 -1.249985 100 100 100 504 364
5.565990 -1.892535 -1.249977 100 100 100 508 364
5.565956 -1.932683 -1.249969 100 100 100 512 364
5.565922 -1.972831 -1.249962 100 100 100 516 364
5.565887 -2.012978 -1.249954 100 100 100 520 364
5.565854 -2.053125 -1.249947 100 100 100 524 364
5.565820 -2.093271 -1.249939 100 100 100 528 364
5.565785 -2.133416 -1.249931 100 100 100 532 364
5.565752 -2.173562 -1.249924 100 100 100 536 364
5.565718 -2.213706 -1.249916 100 100 100 540 364
5.565683 -2.253850 -1.249908 100 100 100 544 364
5.565650 -2.293994 -1.249901 100 100 100 548 364
5.565616 -2.334137 -1.249893 100 100 100 552 364
5.565581 -2.374280 -1.249885 100 100 100 556 364
5.565547 -2.414422 -1.249878 100 100 100 560 364
5.565513 -2.454564 -1.249870 100 100 100 564 364
5.565479 -2.494705 -1.249862 100 100 100 568 364
5.565445 -2.534846 -1.249855 100 100 100 572 364
5.565412 -2.574986 -1.249847 100 100 100 576 364
5.565377 -2.615126 -1.249839 100 100 100 580 364
5.565343 -2.655265 -1.249832 100 100 100 584 364
5.565309 -2.695404 -1.249824 100 100 100 588 364
5.565275 -2.735542 -1.249816 100 100 100 592 364
5.565242 -2.775680 -1.249809 100 100 100 596 364
5.565207 -2.815817 -1.249801 100 100 100 600 364
5.565173 -2.855954 -1.249794 100 100 100 604 364
5.565139 -2.896091 -1.249786 100 100 100 608 364
5.565104 -2.936226 -1.249778 100 100 100 612 364
5.565071 -2.976361 -1.249771 100 100 100 616 364
5.565037 -3.016496 -1.249763 100 100 100 620 364
5.565003 -3.056631 -1.249755 100 100 100 624 364
5.564969 -3.096765 -1.249748 100 100 100 628 364
5.564936 -3.136898 -1.249740 100 100 100 632 364
5.564901 -3.177031 -1.249732 100 100 100 636 364
5.491444 3.164810 -1.272858 102 102 102 0 368
5.491411 3.125170 -1.272850 102 102 102 4 368
5.491378 3.085529 -1.272842 102 102 102 8 368
5.491344 3.045889 -1.272834 102 102 102 12 368
5.491312 3.006249 -1.272827 102 102 102 16 368
5.491278 2.966611 -1.272819 102 102 102 20 368
5.491245 2.926972 -1.272811 102 102 102 24 368
5.491211 2.887334 -1.272803 102 102 102 28 368
3.648745 1.892220 -0.845740 153 153 153 32 368
3.605297 1.843675 -0.835669 155 155 155 36 368
3.599319 1.814648 -0.834283 155 155 155 40 368
3.530921 1.754688 -0.818429 157 157 157 44 368
3.536627 1.732006 -0.819752 157 157 157 48 368
3.554687 1.715202 -0.823938 156 156 156 52 368
3.631951 1.726278 -0.841847 154 154 154 56 368
3.654324 1.710545 -0.847033 153 153 153 60 368
3.685271 1.698441 -0.854206 152 152 152 64 368
3.843603 1.743680 -0.890906 148 148 148 68 368
3.867857 1.726775 -0.896527 147 147 147 72 368
3.899749 1.712876 -0.903920 146 146 146 76 368
5.490780 2.372083 -1.272704 102 102 102 80 368
5.490747 2.332452 -1.272696 102 102 102 84 368
5.490714 2.292821 -1.272688 102 102 102 88 368
5.490681 2.253190 -1.272681 102 102 102 92 368
5.490648 2.213560 -1.272673 102 102 102 96 368
5.490615 2.173931 -1.272665 102 102 102 100 368
5.490581 2.134302 -1.272657 102 102 102 104 368
5.490548 2.094673 -1.272650 102 102 102 108 368
5.490515 2.055046 -1.272642 102 102 102 112 368
5.490482 2.015418 -1.272634 102 102 102 116 368
5.490448 1.975791 -1.272627 102 102 102 120 368
5.490416 1.936165 -1.272619 102 102 102 124 368
5.490382 1.896538 -1.272611 102 102 102 128 368
5.490349 1.856913 -1.272604 102 102 102 132 368
5.490317 1.817288 -1.272596 102 102 102 136 368
5.490283 1.777663 -1.272588 102 102 102 140 368
5.490250 1.738039 -1.272581 102 102 102 144 368
5.490217 1.698415 -1.272573 102 102 102 148 368
5.490184 1.658792 -1.272566 102 102 102 152 368
5.490150 1.619169 -1.272558 102 102 102 156 368
4.079832 1.173798 -0.945662 141 141 141 160 368
4.079830 1.144360 -0.945661 141 141 141 164 368
4.079810 1.114918 -0.945656 141 141 141 168 368
4.079787 1.085475 -0.945651 141 141 141 172 368
4.079765 1.056033 -0.945646 141 141 141 176 368
4.079742 1.026590 -0.945641 141 141 141 180 368
4.079720 0.997149 -0.945636 141 141 141 184 368
4.079698 0.967707 -0.945630 141 141 141 188 368
4.079675 0.938266 -0.945625 141 141 141 192 368
4.079653 0.908825 -0.945620 141 141 141 196 368
4.079630 0.879385 -0.945615 141 141 141 200 368
4.079607 0.849945 -0.945610 141 141 141 204 368
4.079585 0.820505 -0.945604 141 141 141 208 368
4.079561 0.791065 -0.945599 141 141 141 212 368
4.079538 0.761626 -0.945593 141 141 141 216 368
4.079514 0.732187 -0.945588 141 141 141 220 368
4.079491 0.702748 -0.945583 141 141 141 224 368
4.079467 0.673310 -0.945577 141 141 141 228 368
4.079444 0.643872 -0.945572 141 141 141 232 368
4.079420 0.614434 -0.945566 141 141 141 236 368
4.079397 0.584997 -0.945561 141 141 141 240 368
4.079373 0.555560 -0.945555 141 141 141 244 368
4.079350 0.526123 -0.945550 141 141 141 248 368
4.079327 0.496687 -0.945544 141 141 141 252 368
4.079303 0.467251 -0.945539 141 141 141 256 368
4.079279 0.437815 -0.945534 141 141 141 260 368
4.079257 0.408380 -0.945528 141 141 141 264 368
3.923930 0.364518 -0.909525 146 146 146 268 368
3.968268 0.340005 -0.919802 145 145 145 272 368
3.969272 0.311451 -0.920035 145 145 145 276 368
3.970278 0.282884 -0.920268 144 144 144 280 368
3.971285 0.254302 -0.920502 144 144 144 284 368
3.981267 0.226215 -0.922815 144 144 144 288 368
3.991838 0.198014 -0.925266 144 144 144 292 368
4.000446 0.169577 -0.927261 144 144 144 296 368
4.008617 0.141000 -0.929155 143 143 143 300 368
4.008583 0.112076 -0.929147 143 143 143 304 368
4.008549 0.083153 -0.929139 143 143 143 308 368
4.005963 0.054195 -0.928539 144 144 144 312 368
4.079981 0.025758 -0.945696 141 141 141 316 368
4.005530 -0.003613 -0.928439 144 144 144 320 368
4.079932 -0.033117 -0.945685 141 141 141 324 368
4.079907 -0.062555 -0.945679 141 141 141 328 368
4.079882 -0.091992 -0.945673 141 141 141 332 368
4.079858 -0.121428 -0.945668 141 141 141 336 368
4.079833 -0.150864 -0.945662 141 141 141 340 368
4.079808 -0.180300 -0.945656 141 141 141 344 368
4.079783 -0.209736 -0.945650 141 141 141 348 368
4.079759 -0.239171 -0.945645 141 141 141 352 368
3.773561 -0.248447 -0.874671 150 150 150 356 368
3.764125 -0.274985 -0.872484 150 150 150 360 368
3.763835 -0.302121 -0.872417 150 150 150 364 368
3.763539 -0.329252 -0.872348 150 150 150 368 368
4.079636 -0.386341 -0.945616 141 141 141 372 368
4.079612 -0.415774 -0.945611 141 141 141 376 368
4.079587 -0.445207 -0.945605 141 141 141 380 368
4.079562 -0.474639 -0.945599 141 141 141 384 368
4.079538 -0.504071 -0.945593 141 141 141 388 368
4.079514 -0.533503 -0.945588 141 141 141 392 368
4.079489 -0.562934 -0.945582 141 141 141 396 368
4.079464 -0.592365 -0.945576 141 141 141 400 368
4.079440 -0.621795 -0.945571 141 141 141 404 368
4.079415 -0.651226 -0.945565 141 141 141 408 368
4.079391 -0.680655 -0.945559 141 141 141 412 368
4.079366 -0.710085 -0.945554 141 141 141 416 368
4.079341 -0.739514 -0.945548 141 141 141 420 368
4.079317 -0.768943 -0.945542 141 141 141 424 368
4.079292 -0.798371 -0.945536 141 141 141 428 368
4.079268 -0.827799 -0.945531 141 141 141 432 368
4.079245 -0.857227 -0.945525 141 141 141 436 368
4.082473 -0.887362 -0.946274 141 141 141 440 368
5.487764 -1.232410 -1.272005 102 102 102 444 368
5.487731 -1.271997 -1.271998 102 102 102 448 368
5.487699 -1.311585 -1.271990 102 102 102 452 368
5.487665 -1.351172 -1.271982 102 102 102 456 368
5.487632 -1.390758 -1.271975 102 102 102 460 368
5.487599 -1.430344 -1.271967 102 102 102 464 368
5.487566 -1.469929 -1.271959 102 102 102 468 368
5.487533 -1.509514 -1.271952 102 102 102 472 368
5.487500 -1.549099 -1.271944 102 102 102 476 368
5.487466 -1.588683 -1.271936 102 102 102 480 368
5.487433 -1.628266 -1.271928 102 102 102 484 368
5.487401 -1.667849 -1.271921 102 102 102 488 368
5.487367 -1.707432 -1.271913 102 102 102 492 368
5.487335 -1.747014 -1.271906 102 102 102 496 368
5.487301 -1.786596 -1.271898 102 102 102 500 368
5.487267 -1.826177 -1.271890 102 102 102 504 368
5.487236 -1.865758 -1.271883 102 102 102 508 368
5.487202 -1.905338 -1.271875 102 102 102 512 368
5.487168 -1.944917 -1.271867 102 102 102 516 368
5.487136 -1.984497 -1.271860 102 102 102 520 368
5.487103 -2.024075 -1.271852 102 102 102 524 368
5.487070 -2.063653 -1.271844 102 102 102 528 368
5.487037 -2.103231 -1.271837 102 102 102 532 368
5.487003 -2.142809 -1.271829 102 102 102 536 368
5.486970 -2.182386 -1.271821 102 102 102 540 368
5.486938 -2.221962 -1.271814 102 102 102 544 368
5.486904 -2.261538 -1.271806 102 102 102 548 368
5.486871 -2.301113 -1.271798 102 102 102 552 368
5.486838 -2.340688 -1.271791 102 102 102 556 368
5.486805 -2.380263 -1.271783 102 102 102 560 368
5.486772 -2.419837 -1.271775 102 102 102 564 368
5.486739 -2.459410 -1.271767 102 102 102 568 368
5.486705 -2.498983 -1.271760 102 102 102 572 368
5.486672 -2.538555 -1.271752 102 102 102 576 368
5.486639 -2.578128 -1.271744 102 102 102 580 368
5.486606 -2.617699 -1.271737 102 102 102 584 368
5.486573 -2.657270 -1.271729 102 102 102 588 368
5.486541 -2.696841 -1.271721 102 102 102 592 368
5.486507 -2.736411 -1.271714 102 102 102 596 368
5.486475 -2.775981 -1.271706 102 102 102 600 368
5.486441 -2.815550 -1.271698 102 102 102 604 368
5.486408 -2.855119 -1.271691 102 102 102 608 368
5.486375 -2.894687 -1.271683 102 102 102 612 368
5.486342 -2.934255 -1.271675 102 102 102 616 368
5.486309 -2.973822 -1.271668 102 102 102 620 368
5.486276 -3.013389 -1.271660 102 102 102 624 368
5.486243 -3.052955 -1.271652 102 102 102 628 368
5.486210 -3.092521 -1.271645 102 102 102 632 368
5.486176 -3.132087 -1.271637 102 102 102 636 368
5.414770 3.120622 -1.294154 104 104 104 0 372
5.414738 3.081535 -1.294146 104 104 104 4 372
5.414705 3.042448 -1.294139 104 104 104 8 372
5.414674 3.003362 -1.294131 104 104 104 12 372
5.414641 2.964276 -1.294123 104 104 104 16 372
5.414608 2.925190 -1.294115 104 104 104 20 372
5.414577 2.886106 -1.294108 104 104 104 24 372
5.414544 2.847021 -1.294100 104 104 104 28 372
5.414512 2.807937 -1.294092 104 104 104 32 372
3.620545 1.851472 -0.865326 154 154 154 36 372
3.608596 1.819325 -0.862471 155 155 155 40 372
3.541350 1.759871 -0.846398 156 156 156 44 372
3.542125 1.734699 -0.846584 156 156 156 48 372
3.553442 1.714602 -0.849289 156 156 156 52 372
3.572810 1.698169 -0.853918 156 156 156 56 372
3.658253 1.712385 -0.874339 153 153 153 60 372
3.682872 1.697336 -0.880223 152 152 152 64 372
3.858061 1.750239 -0.922094 148 148 148 68 372
3.877853 1.731238 -0.926824 147 147 147 72 372
3.906641 1.715903 -0.933705 146 146 146 76 372
3.972471 1.716155 -0.949438 144 144 144 80 372
5.414093 2.299889 -1.293992 104 104 104 84 372
5.414060 2.260812 -1.293984 104 104 104 88 372
5.414028 2.221735 -1.293977 104 104 104 92 372
5.413995 2.182658 -1.293969 104 104 104 96 372
5.413964 2.143582 -1.293961 104 104 104 100 372
5.413932 2.104507 -1.293954 104 104 104 104 372
5.413899 2.065431 -1.293946 104 104 104 108 372
5.413867 2.026357 -1.293938 104 104 104 112 372
5.413835 1.987283 -1.293931 104 104 104 116 372
5.413803 1.948209 -1.293923 104 104 104 120 372
5.413770 1.909136 -1.293915 104 104 104 124 372
5.413738 1.870063 -1.293908 104 104 104 128 372
5.413706 1.830991 -1.293900 104 104 104 132 372
5.413673 1.791919 -1.293892 104 104 104 136 372
5.413641 1.752848 -1.293884 104 104 104 140 372
5.413609 1.713777 -1.293877 104 104 104 144 372
5.413577 1.674706 -1.293870 104 104 104 148 372
5.413544 1.635637 -1.293862 104 104 104 152 372
5.413513 1.596567 -1.293854 104 104 104 156 372
4.022909 1.157421 -0.961494 143 143 143 160 372
4.022900 1.128392 -0.961492 143 143 143 164 372
4.022879 1.099360 -0.961486 143 143 143 168 372
4.022857 1.070328 -0.961481 143 143 143 172 372
4.022835 1.041296 -0.961476 143 143 143 176 372
4.022813 1.012265 -0.961471 143 143 143 180 372
4.022791 0.983234 -0.961466 143 143 143 184 372
4.022769 0.954204 -0.961460 143 143 143 188 372
4.022748 0.925174 -0.961455 143 143 143 192 372
4.022726 0.896144 -0.961450 143 143 143 196 372
4.022704 0.867114 -0.961445 143 143 143 200 372
4.022683 0.838085 -0.961440 143 143 143 204 372
4.022660 0.809056 -0.961434 143 143 143 208 372
4.022637 0.780027 -0.961429 143 143 143 212 372
4.022615 0.750999 -0.961424 143 143 143 216 372
4.022592 0.721970 -0.961418 143 143 143 220 372
4.022569 0.692943 -0.961413 143 143 143 224 372
4.022546 0.663915 -0.961407 143 143 143 228 372
4.022523 0.634888 -0.961402 143 143 143 232 372
4.022501 0.605861 -0.961396 143 143 143 236 372
4.022478 0.576834 -0.961391 143 143 143 240 372
4.022455 0.547808 -0.961385 143 143 143 244 372
4.022432 0.518782 -0.961380 143 143 143 248 372
4.022410 0.489757 -0.961374 143 143 143 252 372
4.022387 0.460731 -0.961369 143 143 143 256 372
4.022364 0.431707 -0.961363 143 143 143 260 372
4.022341 0.402682 -0.961358 143 143 143 264 372
3.847672 0.357434 -0.919611 148 148 148 268 372
3.934286 0.337093 -0.940312 145 145 145 272 372
3.950286 0.309962 -0.944136 145 145 145 276 372
4.005367 0.285384 -0.957301 144 144 144 280 372
4.022227 0.257564 -0.961331 143 143 143 284 372
4.022205 0.228541 -0.961325 143 143 143 288 372
4.022182 0.199519 -0.961320 143 143 143 292 372
4.022162 0.170497 -0.961315 143 143 143 296 372
4.029770 0.141744 -0.963134 143 143 143 300 372
4.023272 0.112487 -0.961580 143 143 143 304 372
4.023254 0.083458 -0.961576 143 143 143 308 372
4.023230 0.054429 -0.961570 143 143 143 312 372
4.014358 0.025344 -0.959450 143 143 143 316 372
4.014141 -0.003620 -0.959398 143 143 143 320 372
4.023158 -0.032656 -0.961553 143 143 143 324 372
4.023134 -0.061684 -0.961547 143 143 143 328 372
4.023110 -0.090711 -0.961542 143 143 143 332 372
4.023086 -0.119738 -0.961536 143 143 143 336 372
4.023062 -0.148765 -0.961530 143 143 143 340 372
4.023038 -0.177791 -0.961524 143 143 143 344 372
4.023014 -0.206817 -0.961519 143 143 143 348 372
4.022990 -0.235843 -0.961513 143 143 143 352 372
3.737649 -0.246083 -0.893315 151 151 151 356 372
3.723259 -0.272000 -0.889876 151 151 151 360 372
3.722974 -0.298841 -0.889808 151 151 151 364 372
3.722680 -0.325677 -0.889738 151 151 151 368 372
3.735512 -0.353753 -0.892805 151 151 151 372 372
4.022847 -0.409989 -0.961479 143 143 143 376 372
4.022823 -0.439012 -0.961473 143 143 143 380 372
4.022799 -0.468035 -0.961467 143 143 143 384 372
4.022775 -0.497057 -0.961462 143 143 143 388 372
4.022751 -0.526080 -0.961456 143 143 143 392 372
4.022727 -0.555101 -0.961450 143 143 143 396 372
4.022704 -0.584123 -0.961445 143 143 143 400 372
4.022679 -0.613144 -0.961439 143 143 143 404 372
4.022656 -0.642165 -0.961433 143 143 143 408 372
4.022632 -0.671185 -0.961427 143 143 143 412 372
4.022608 -0.700205 -0.961422 143 143 143 416 372
4.022584 -0.729225 -0.961416 143 143 143 420 372
4.022560 -0.758244 -0.961410 143 143 143 424 372
4.022536 -0.787263 -0.961404 143 143 143 428 372
4.022512 -0.816282 -0.961399 143 143 143 432 372
4.022489 -0.845300 -0.961393 143 143 143 436 372
4.022462 -0.874318 -0.961387 143 143 143 440 372
5.411193 -1.215214 -1.293300 105 105 105 444 372
5.411160 -1.254249 -1.293292 105 105 105 448 372
5.411128 -1.293284 -1.293284 105 105 105 452 372
5.411096 -1.332319 -1.293277 105 105 105 456 372
5.411064 -1.371353 -1.293269 105 105 105 460 372
5.411032 -1.410387 -1.293261 105 105 105 464 372
5.410999 -1.449420 -1.293253 105 105 105 468 372
5.410967 -1.488452 -1.293246 105 105 105 472 372
5.410935 -1.527485 -1.293238 105 105 105 476 372
5.410903 -1.566517 -1.293230 105 105 105 480 372
5.410871 -1.605548 -1.293223 105 105 105 484 372
5.410839 -1.644579 -1.293215 105 105 105 488 372
5.410806 -1.683609 -1.293207 105 105 105 492 372
5.410774 -1.722639 -1.293200 105 105 105 496 372
5.410742 -1.761669 -1.293192 105 105 105 500 372
5.410710 -1.800698 -1.293184 105 105 105 504 372
5.410677 -1.839726 -1.293177 105 105 105 508 372
5.410646 -1.878755 -1.293169 105 105 105 512 372
5.410613 -1.917782 -1.293161 105 105 105 516 372
5.410581 -1.956810 -1.293154 105 105 105 520 372
5.410550 -1.995836 -1.293146 105 105 105 524 372
5.410517 -2.034863 -1.293138 105 105 105 528 372
5.410485 -2.073888 -1.293131 105 105 105 532 372
5.410453 -2.112914 -1.293123 105 105 105 536 372
5.410420 -2.151939 -1.293115 105 105 105 540 372
5.410388 -2.190963 -1.293107 105 105 105 544 372
5.410356 -2.229987 -1.293100 105 105 105 548 372
5.410324 -2.269010 -1.293092 105 105 105 552 372
5.410292 -2.308033 -1.293084 105 105 105 556 372
5.410260 -2.347056 -1.293077 105 105 105 560 372
5.410227 -2.386078 -1.293069 105 105 105 564 372
5.410195 -2.425100 -1.293061 105 105 105 568 372
5.410163 -2.464121 -1.293054 105 105 105 572 372
5.410131 -2.503141 -1.293046 105 105 105 576 372
5.410099 -2.542162 -1.293038 105 105 105 580 372
5.410067 -2.581182 -1.293031 105 105 105 584 372
5.410034 -2.620201 -1.293023 105 105 105 588 372
5.410002 -2.659220 -1.293015 105 105 105 592 372
5.409970 -2.698238 -1.293007 105 105 105 596 372
5.409937 -2.737256 -1.293000 105 105 105 600 372
5.409906 -2.776273 -1.292992 105 105 105 604 372
5.409874 -2.815291 -1.292984 105 105 105 608 372
5.409841 -2.854307 -1.292976 105 105 105 612 372
5.409810 -2.893323 -1.292969 105 105 105 616 372
5.409777 -2.932339 -1.292961 105 105 105 620 372
5.409745 -2.971354 -1.292953 105 105 105 624 372
5.409713 -3.010369 -1.292946 105 105 105 628 372
5.409681 -3.049383 -1.292938 105 105 105 632 372
5.409648 -3.088396 -1.292930 105 105 105 636 372
5.340207 3.077650 -1.314864 107 107 107 0 376
5.340176 3.039102 -1.314856 107 107 107 4 376
5.340145 3.000554 -1.314849 107 107 107 8 376
5.340113 2.962005 -1.314841 107 107 107 12 376
5.340082 2.923458 -1.314833 107 107 107 16 376
5.340051 2.884912 -1.314826 107 107 107 20 376
5.340019 2.846365 -1.314818 107 107 107 24 376
5.339988 2.807819 -1.314810 107 107 107 28 376
5.339957 2.769274 -1.314803 107 107 107 32 376
3.641533 1.862206 -0.896617 154 154 154 36 376
3.621980 1.826073 -0.891803 154 154 154 40 376
3.555231 1.766769 -0.875368 156 156 156 44 376
3.552503 1.739781 -0.874696 156 156 156 48 376
3.561478 1.718480 -0.876906 156 156 156 52 376
3.585644 1.704268 -0.882856 155 155 155 56 376
3.662694 1.714463 -0.901827 153 153 153 60 376
3.685523 1.698558 -0.907448 152 152 152 64 376
3.871228 1.756212 -0.953173 147 147 147 68 376
3.889221 1.736313 -0.957603 147 147 147 72 376
3.917217 1.720548 -0.964496 146 146 146 76 376
3.977919 1.718509 -0.979442 144 144 144 80 376
5.339549 2.268223 -1.314702 107 107 107 84 376
5.339518 2.229684 -1.314694 107 107 107 88 376
5.339486 2.191145 -1.314686 107 107 107 92 376
5.339455 2.152607 -1.314679 107 107 107 96 376
5.339423 2.114069 -1.314671 107 107 107 100 376
5.339392 2.075531 -1.314663 107 107 107 104 376
5.339361 2.036994 -1.314656 107 107 107 108 376
5.339329 1.998458 -1.314648 107 107 107 112 376
5.339297 1.959922 -1.314640 107 107 107 116 376
5.339267 1.921387 -1.314632 107 107 107 120 376
5.339235 1.882852 -1.314625 107 107 107 124 376
5.339204 1.844317 -1.314617 107 107 107 128 376
5.339172 1.805783 -1.314609 107 107 107 132 376
5.339141 1.767249 -1.314602 107 107 107 136 376
5.339109 1.728716 -1.314595 107 107 107 140 376
5.339078 1.690183 -1.314587 107 107 107 144 376
5.339047 1.651651 -1.314579 107 107 107 148 376
5.339015 1.613119 -1.314571 107 107 107 152 376
3.967559 1.170123 -0.976892 145 145 145 156 376
3.967557 1.141495 -0.976891 145 145 145 160 376
3.967535 1.112862 -0.976886 145 145 145 164 376
3.967514 1.084230 -0.976881 145 145 145 168 376
3.967493 1.055598 -0.976875 145 145 145 172 376
3.967472 1.026966 -0.976870 145 145 145 176 376
3.967451 0.998334 -0.976865 145 145 145 180 376
3.967430 0.969703 -0.976860 145 145 145 184 376
3.967408 0.941072 -0.976855 145 145 145 188 376
3.967387 0.912442 -0.976849 145 145 145 192 376
3.967366 0.883811 -0.976844 145 145 145 196 376
3.967345 0.855181 -0.976839 145 145 145 200 376
3.967324 0.826551 -0.976834 145 145 145 204 376
3.967303 0.797922 -0.976829 145 145 145 208 376
3.967281 0.769293 -0.976823 145 145 145 212 376
3.967258 0.740664 -0.976818 145 145 145 216 376
3.967237 0.712035 -0.976812 145 145 145 220 376
3.967214 0.683407 -0.976807 145 145 145 224 376
3.967192 0.654779 -0.976801 145 145 145 228 376
3.967170 0.626151 -0.976796 145 145 145 232 376
3.967148 0.597524 -0.976790 145 145 145 236 376
3.967125 0.568897 -0.976785 145 145 145 240 376
3.967103 0.540270 -0.976779 145 145 145 244 376
3.967081 0.511643 -0.976774 145 145 145 248 376
3.967059 0.483017 -0.976769 145 145 145 252 376
3.967037 0.454392 -0.976763 145 145 145 256 376
3.967015 0.425766 -0.976758 145 145 145 260 376
3.966993 0.397141 -0.976752 145 145 145 264 376
3.827665 0.355575 -0.942447 148 148 148 268 376
3.966949 0.339892 -0.976741 145 145 145 272 376
3.966927 0.311267 -0.976736 145 145 145 276 376
3.966904 0.282644 -0.976730 145 145 145 280 376
3.966882 0.254020 -0.976725 145 145 145 284 376
3.966860 0.225397 -0.976719 145 145 145 288 376
3.966838 0.196774 -0.976714 145 145 145 292 376
3.966820 0.168152 -0.976710 145 145 145 296 376
3.969479 0.139623 -0.977364 145 145 145 300 376
3.968056 0.110943 -0.977014 145 145 145 304 376
3.968036 0.082312 -0.977009 145 145 145 308 376
3.968013 0.053682 -0.977003 145 145 145 312 376
3.967989 0.025051 -0.976998 145 145 145 316 376
3.967966 -0.003579 -0.976992 145 145 145 320 376
3.967943 -0.032208 -0.976986 145 145 145 324 376
3.967919 -0.060838 -0.976980 145 145 145 328 376
3.967896 -0.089466 -0.976975 145 145 145 332 376
3.967873 -0.118095 -0.976969 145 145 145 336 376
3.967849 -0.146723 -0.976963 145 145 145 340 376
3.967826 -0.175351 -0.976957 145 145 145 344 376
3.967803 -0.203979 -0.976952 145 145 145 348 376
3.967779 -0.232606 -0.976946 145 145 145 352 376
3.737286 -0.246059 -0.920194 151 151 151 356 376
3.708688 -0.270935 -0.913152 152 152 152 360 376
3.701005 -0.297078 -0.911261 152 152 152 364 376
3.705688 -0.324191 -0.912414 152 152 152 368 376
3.735198 -0.353723 -0.919680 151 151 151 372 376
3.967640 -0.404363 -0.976911 145 145 145 376 376
3.967617 -0.432987 -0.976906 145 145 145 380 376
3.967593 -0.461612 -0.976900 145 145 145 384 376
3.967570 -0.490236 -0.976894 145 145 145 388 376
3.967547 -0.518860 -0.976889 145 145 145 392 376
3.967524 -0.547484 -0.976883 145 145 145 396 376
3.967500 -0.576107 -0.976877 145 145 145 400 376
3.967478 -0.604730 -0.976871 145 145 145 404 376
3.967454 -0.633352 -0.976866 145 145 145 408 376
3.967431 -0.661975 -0.976860 145 145 145 412 376
3.967407 -0.690596 -0.976854 145 145 145 416 376
3.967384 -0.719218 -0.976849 145 145 145 420 376
3.967361 -0.747839 -0.976843 145 145 145 424 376
3.967338 -0.776460 -0.976837 145 145 145 428 376
3.967315 -0.805081 -0.976831 145 145 145 432 376
3.967291 -0.833701 -0.976826 145 145 145 436 376
3.967273 -0.862322 -0.976821 145 145 145 440 376
5.336728 -1.198491 -1.314008 107 107 107 444 376
5.336697 -1.236989 -1.314000 107 107 107 448 376
5.336665 -1.275487 -1.313993 107 107 107 452 376
5.336634 -1.313985 -1.313985 107 107 107 456 376
5.336603 -1.352482 -1.313977 107 107 107 460 376
5.336571 -1.390978 -1.313969 107 107 107 464 376
5.336540 -1.429475 -1.313962 107 107 107 468 376
5.336509 -1.467971 -1.313954 107 107 107 472 376
5.336477 -1.506466 -1.313946 107 107 107 476 376
5.336446 -1.544961 -1.313939 107 107 107 480 376
5.336415 -1.583455 -1.313931 107 107 107 484 376
5.336383 -1.621949 -1.313923 107 107 107 488 376
5.336352 -1.660443 -1.313915 107 107 107 492 376
5.336321 -1.698936 -1.313908 107 107 107 496 376
5.336289 -1.737428 -1.313900 107 107 107 500 376
5.336258 -1.775920 -1.313892 107 107 107 504 376
5.336227 -1.814412 -1.313885 107 107 107 508 376
5.336195 -1.852903 -1.313877 107 107 107 512 376
5.336165 -1.891394 -1.313869 107 107 107 516 376
5.336133 -1.929885 -1.313862 107 107 107 520 376
5.336102 -1.968374 -1.313854 107 107 107 524 376
5.336071 -2.006864 -1.313846 107 107 107 528 376
5.336040 -2.045353 -1.313838 107 107 107 532 376
5.336009 -2.083842 -1.313831 107 107 107 536 376
5.335977 -2.122330 -1.313823 107 107 107 540 376
5.335946 -2.160817 -1.313815 107 107 107 544 376
5.335915 -2.199304 -1.313808 107 107 107 548 376
5.335884 -2.237791 -1.313800 107 107 107 552 376
5.335852 -2.276277 -1.313792 107 107 107 556 376
5.335821 -2.314763 -1.313785 107 107 107 560 376
5.335789 -2.353249 -1.313777 107 107 107 564 376
5.335758 -2.391733 -1.313769 107 107 107 568 376
5.335727 -2.430218 -1.313761 107 107 107 572 376
5.335696 -2.468702 -1.313754 107 107 107 576 376
5.335664 -2.507185 -1.313746 107 107 107 580 376
5.335633 -2.545669 -1.313738 107 107 107 584 376
5.335602 -2.584152 -1.313731 107 107 107 588 376
5.335570 -2.622633 -1.313723 107 107 107 592 376
5.335539 -2.661115 -1.313715 107 107 107 596 376
5.335508 -2.699597 -1.313707 107 107 107 600 376
5.335476 -2.738077 -1.313700 107 107 107 604 376
5.335445 -2.776558 -1.313692 107 107 107 608 376
5.335414 -2.815038 -1.313684 107 107 107 612 376
5.335382 -2.853517 -1.313677 107 107 107 616 376
5.335352 -2.891997 -1.313669 107 107 107 620 376
5.335320 -2.930475 -1.313661 107 107 107 624 376
5.335289 -2.968953 -1.313653 107 107 107 628 376
5.335258 -3.007431 -1.313646 107 107 107 632 376
5.335226 -3.045908 -1.313638 107 107 107 636 376
5.267671 3.035846 -1.335012 109 109 109 0 380
5.267640 2.997821 -1.335004 109 109 109 4 380
5.267610 2.959797 -1.334996 109 109 109 8 380
5.267580 2.921773 -1.334988 109 109 109 12 380
5.267549 2.883749 -1.334981 109 109 109 16 380
5.267519 2.845726 -1.334973 109 109 109 20 380
5.267488 2.807704 -1.334965 109 109 109 24 380
5.267457 2.769681 -1.334957 109 109 109 28 380
5.267426 2.731660 -1.334950 109 109 109 32 380
3.657424 1.870332 -0.926919 153 153 153 36 380
3.632734 1.831495 -0.920662 154 154 154 40 380
3.576250 1.777214 -0.906346 155 155 155 44 380
3.569671 1.748189 -0.904679 156 156 156 48 380
3.572826 1.723955 -0.905479 156 156 156 52 380
3.588245 1.705505 -0.909386 155 155 155 56 380
3.667170 1.716559 -0.929389 153 153 153 60 380
3.691518 1.701321 -0.935559 152 152 152 64 380
3.884210 1.762102 -0.984394 147 147 147 68 380
3.900736 1.741454 -0.988583 146 146 146 72 380
3.927851 1.725219 -0.995454 146 146 146 76 380
5.267060 2.275433 -1.334857 109 109 109 80 380
5.267030 2.237417 -1.334849 109 109 109 84 380
5.267000 2.199402 -1.334841 109 109 109 88 380
5.266969 2.161386 -1.334834 109 109 109 92 380
5.266938 2.123371 -1.334826 109 109 109 96 380
5.266908 2.085358 -1.334818 109 109 109 100 380
5.266877 2.047343 -1.334810 109 109 109 104 380
5.266847 2.009330 -1.334803 109 109 109 108 380
5.266816 1.971317 -1.334795 109 109 109 112 380
5.266786 1.933305 -1.334787 109 109 109 116 380
5.266755 1.895293 -1.334780 109 109 109 120 380
5.266725 1.857281 -1.334772 109 109 109 124 380
5.266695 1.819270 -1.334764 109 109 109 128 380
5.266664 1.781259 -1.334756 109 109 109 132 380
5.266633 1.743249 -1.334749 109 109 109 136 380
5.266603 1.705239 -1.334742 109 109 109 140 380
5.266572 1.667230 -1.334734 109 109 109 144 380
5.266541 1.629221 -1.334726 109 109 109 148 380
5.266511 1.591212 -1.334719 109 109 109 152 380
3.913706 1.154240 -0.991870 146 146 146 156 380
3.913694 1.125999 -0.991867 146 146 146 160 380
3.913674 1.097755 -0.991862 146 146 146 164 380
3.913653 1.069511 -0.991857 146 146 146 168 380
3.913633 1.041268 -0.991852 146 146 146 172 380
3.913612 1.013025 -0.991847 146 146 146 176 380
3.913592 0.984782 -0.991841 146 146 146 180 380
3.913571 0.956539 -0.991836 146 146 146 184 380
3.913551 0.928297 -0.991831 146 146 146 188 380
3.913530 0.900055 -0.991826 146 146 146 192 380
3.913510 0.871814 -0.991821 146 146 146 196 380
3.913489 0.843572 -0.991815 146 146 146 200 380
3.913468 0.815331 -0.991810 146 146 146 204 380
3.913447 0.787090 -0.991805 146 146 146 208 380
3.913427 0.758850 -0.991800 146 146 146 212 380
3.913405 0.730610 -0.991794 146 146 146 216 380
3.913384 0.702370 -0.991789 146 146 146 220 380
3.913363 0.674130 -0.991783 146 146 146 224 380
3.913341 0.645891 -0.991778 146 146 146 228 380
3.913319 0.617652 -0.991772 146 146 146 232 380
3.913298 0.589413 -0.991767 146 146 146 236 380
3.913276 0.561175 -0.991761 146 146 146 240 380
3.913255 0.532936 -0.991756 146 146 146 244 380
3.913233 0.504699 -0.991750 146 146 146 248 380
3.913211 0.476461 -0.991745 146 146 146 252 380
3.913190 0.448224 -0.991740 146 146 146 256 380
3.913169 0.419987 -0.991734 146 146 146 260 380
3.913147 0.391750 -0.991729 146 146 146 264 380
3.826676 0.355483 -0.969814 148 148 148 268 380
3.913104 0.335278 -0.991718 146 146 146 272 380
3.913082 0.307043 -0.991712 146 146 146 276 380
3.913061 0.278807 -0.991707 146 146 146 280 380
3.913039 0.250572 -0.991701 146 146 146 284 380
3.913018 0.222337 -0.991696 146 146 146 288 380
3.912996 0.194103 -0.991690 146 146 146 292 380
3.912981 0.165869 -0.991686 146 146 146 296 380
3.914332 0.137684 -0.992029 146 146 146 300 380
3.914335 0.109441 -0.992030 146 146 146 304 380
3.914313 0.081198 -0.992024 146 146 146 308 380
3.914291 0.052955 -0.992018 146 146 146 312 380
3.914268 0.024712 -0.992013 146 146 146 316 380
3.914246 -0.003530 -0.992007 146 146 146 320 380
3.914223 -0.031772 -0.992001 146 146 146 324 380
3.914200 -0.060014 -0.991995 146 146 146 328 380
3.914177 -0.088255 -0.991990 146 146 146 332 380
3.914155 -0.116496 -0.991984 146 146 146 336 380
3.914132 -0.144737 -0.991978 146 146 146 340 380
3.914109 -0.172977 -0.991972 146 146 146 344 380
3.914086 -0.201217 -0.991967 146 146 146 348 380
3.914064 -0.229457 -0.991961 146 146 146 352 380
3.747908 -0.246758 -0.949851 151 151 151 356 380
3.714458 -0.271357 -0.941374 152 152 152 360 380
3.707738 -0.297618 -0.939671 152 152 152 364 380
3.711852 -0.324730 -0.940713 152 152 152 368 380
3.751630 -0.355279 -0.950794 151 151 151 372 380
3.913928 -0.398888 -0.991926 146 146 146 376 380
3.913905 -0.427126 -0.991921 146 146 146 380 380
3.913882 -0.455363 -0.991915 146 146 146 384 380
3.913860 -0.483600 -0.991909 146 146 146 388 380
3.913837 -0.511836 -0.991903 146 146 146 392 380
3.913815 -0.540072 -0.991898 146 146 146 396 380
3.913792 -0.568308 -0.991892 146 146 146 400 380
3.913769 -0.596544 -0.991886 146 146 146 404 380
3.913747 -0.624779 -0.991880 146 146 146 408 380
3.913724 -0.653014 -0.991875 146 146 146 412 380
3.913701 -0.681248 -0.991869 146 146 146 416 380
3.913679 -0.709482 -0.991863 146 146 146 420 380
3.913656 -0.737716 -0.991858 146 146 146 424 380
3.913634 -0.765949 -0.991852 146 146 146 428 380
3.913611 -0.794183 -0.991846 146 146 146 432 380
3.913588 -0.822416 -0.991840 146 146 146 436 380
3.913566 -0.850648 -0.991835 146 146 146 440 380
3.913540 -0.878880 -0.991828 146 146 146 444 380
5.264255 -1.220198 -1.334146 109 109 109 448 380
5.264225 -1.258174 -1.334139 109 109 109 452 380
5.264194 -1.296149 -1.334131 109 109 109 456 380
5.264163 -1.334123 -1.334123 109 109 109 460 380
5.264133 -1.372097 -1.334116 109 109 109 464 380
5.264102 -1.410071 -1.334108 109 109 109 468 380
5.264072 -1.448045 -1.334100 109 109 109 472 380
5.264042 -1.486017 -1.334092 109 109 109 476 380
5.264011 -1.523990 -1.334085 109 109 109 480 380
5.263981 -1.561962 -1.334077 109 109 109 484 380
5.263951 -1.599934 -1.334069 109 109 109 488 380
5.263919 -1.637905 -1.334062 109 109 109 492 380
5.263889 -1.675875 -1.334054 109 109 109 496 380
5.263859 -1.713846 -1.334046 109 109 109 500 380
5.263828 -1.751815 -1.334038 109 109 109 504 380
5.263798 -1.789785 -1.334031 109 109 109 508 380
5.263768 -1.827754 -1.334023 109 109 109 512 380
5.263737 -1.865722 -1.334015 109 109 109 516 380
5.263706 -1.903690 -1.334008 109 109 109 520 380
5.263677 -1.941658 -1.334000 109 109 109 524 380
5.263646 -1.979625 -1.333992 109 109 109 528 380
5.263616 -2.017592 -1.333984 109 109 109 532 380
5.263585 -2.055558 -1.333977 109 109 109 536 380
5.263554 -2.093524 -1.333969 109 109 109 540 380
5.263525 -2.131490 -1.333961 109 109 109 544 380
5.263494 -2.169455 -1.333953 109 109 109 548 380
5.263463 -2.207419 -1.333946 109 109 109 552 380
5.263433 -2.245384 -1.333938 109 109 109 556 380
5.263402 -2.283347 -1.333930 109 109 109 560 380
5.263372 -2.321310 -1.333923 109 109 109 564 380
5.263341 -2.359273 -1.333915 109 109 109 568 380
5.263311 -2.397235 -1.333907 109 109 109 572 380
5.263280 -2.435197 -1.333899 109 109 109 576 380
5.263250 -2.473159 -1.333892 109 109 109 580 380
5.263220 -2.511120 -1.333884 109 109 109 584 380
5.263189 -2.549080 -1.333876 109 109 109 588 380
5.263159 -2.587041 -1.333869 109 109 109 592 380
5.263128 -2.625000 -1.333861 109 109 109 596 380
5.263098 -2.662960 -1.333853 109 109 109 600 380
5.263068 -2.700918 -1.333845 109 109 109 604 380
5.263037 -2.738877 -1.333838 109 109 109 608 380
5.263007 -2.776835 -1.333830 109 109 109 612 380
5.262976 -2.814792 -1.333822 109 109 109 616 380
5.262946 -2.852749 -1.333815 109 109 109 620 380
5.262916 -2.890706 -1.333807 109 109 109 624 380
5.262885 -2.928663 -1.333799 109 109 109 628 380
5.262855 -2.966618 -1.333791 109 109 109 632 380
5.262824 -3.004574 -1.333784 109 109 109 636 380
5.197079 2.995163 -1.354619 110 110 110 0 384
5.197049 2.957648 -1.354612 110 110 110 4 384
5.197019 2.920133 -1.354604 110 110 110 8 384
5.196990 2.882619 -1.354596 110 110 110 12 384
5.196960 2.845105 -1.354588 110 110 110 16 384
5.196930 2.807592 -1.354581 110 110 110 20 384
5.196899 2.770078 -1.354573 111 111 111 24 384
5.196871 2.732566 -1.354565 111 111 111 28 384
5.196840 2.695054 -1.354557 111 111 111 32 384
3.690810 1.887404 -0.962010 152 152 152 36 384
3.643286 1.836815 -0.949623 154 154 154 40 384
3.630080 1.803965 -0.946181 154 154 154 44 384
3.585619 1.755999 -0.934592 155 155 155 48 384
3.588923 1.731722 -0.935453 155 155 155 52 384
3.596058 1.709218 -0.937313 155 155 155 56 384
3.672791 1.719190 -0.957314 153 153 153 60 384
3.698943 1.704743 -0.964130 152 152 152 64 384
3.896751 1.767791 -1.015689 147 147 147 68 384
3.912911 1.746890 -1.019901 146 146 146 72 384
3.940197 1.730642 -1.027013 145 145 145 76 384
5.196485 2.244943 -1.354464 111 111 111 80 384
5.196455 2.207437 -1.354457 111 111 111 84 384
5.196424 2.169931 -1.354449 111 111 111 88 384
5.196395 2.132425 -1.354441 111 111 111 92 384
5.196365 2.094920 -1.354433 111 111 111 96 384
5.196335 2.057415 -1.354426 111 111 111 100 384
5.196306 2.019911 -1.354418 111 111 111 104 384
5.196276 1.982407 -1.354410 111 111 111 108 384
5.196247 1.944904 -1.354402 111 111 111 112 384
5.196217 1.907401 -1.354395 111 111 111 116 384
5.196187 1.869898 -1.354387 111 111 111 120 384
5.196157 1.832396 -1.354379 111 111 111 124 384
5.196128 1.794894 -1.354372 111 111 111 128 384
5.196098 1.757393 -1.354364 111 111 111 132 384
5.196068 1.719892 -1.354357 111 111 111 136 384
5.196038 1.682392 -1.354349 111 111 111 140 384
5.196009 1.644892 -1.354341 111 111 111 144 384
5.195979 1.607392 -1.354334 111 111 111 148 384
3.861300 1.166645 -1.006449 148 148 148 152 384
3.861295 1.138783 -1.006448 148 148 148 156 384
3.861275 1.110917 -1.006443 148 148 148 160 384
3.861255 1.083052 -1.006437 148 148 148 164 384
3.861236 1.055186 -1.006432 148 148 148 168 384
3.861216 1.027321 -1.006427 148 148 148 172 384
3.861195 0.999457 -1.006422 148 148 148 176 384
3.861175 0.971592 -1.006416 148 148 148 180 384
3.861155 0.943728 -1.006411 148 148 148 184 384
3.861135 0.915864 -1.006406 148 148 148 188 384
3.861115 0.888000 -1.006401 148 148 148 192 384
3.861095 0.860137 -1.006395 148 148 148 196 384
3.861075 0.832274 -1.006390 148 148 148 200 384
3.861055 0.804411 -1.006385 148 148 148 204 384
3.861035 0.776549 -1.006380 148 148 148 208 384
3.861015 0.748687 -1.006375 148 148 148 212 384
3.860995 0.720825 -1.006369 148 148 148 216 384
3.860974 0.692963 -1.006364 148 148 148 220 384
3.860953 0.665102 -1.006358 148 148 148 224 384
3.860932 0.637241 -1.006353 148 148 148 228 384
3.860911 0.609380 -1.006347 148 148 148 232 384
3.860890 0.581519 -1.006342 148 148 148 236 384
3.860869 0.553659 -1.006336 148 148 148 240 384
3.860848 0.525799 -1.006331 148 148 148 244 384
3.860827 0.497940 -1.006326 148 148 148 248 384
3.860806 0.470080 -1.006320 148 148 148 252 384
3.860785 0.442221 -1.006315 148 148 148 256 384
3.860764 0.414363 -1.006309 148 148 148 260 384
3.860743 0.386504 -1.006304 148 148 148 264 384
3.860722 0.358646 -1.006298 148 148 148 268 384
3.860701 0.330788 -1.006293 148 148 148 272 384
3.860680 0.302931 -1.006287 148 148 148 276 384
3.860659 0.275074 -1.006282 148 148 148 280 384
3.860638 0.247217 -1.006276 148 148 148 284 384
3.860617 0.219360 -1.006271 148 148 148 288 384
3.860596 0.191504 -1.006265 148 148 148 292 384
3.860583 0.163648 -1.006262 148 148 148 296 384
3.862045 0.135845 -1.006643 147 147 147 300 384
3.862048 0.107979 -1.006644 147 147 147 304 384
3.862026 0.080113 -1.006638 147 147 147 308 384
3.862004 0.052247 -1.006632 147 147 147 312 384
3.861982 0.024382 -1.006627 147 147 147 316 384
3.861960 -0.003483 -1.006621 147 147 147 320 384
3.861938 -0.031348 -1.006615 147 147 147 324 384
3.861916 -0.059212 -1.006609 147 147 147 328 384
3.861894 -0.087076 -1.006604 147 147 147 332 384
3.861871 -0.114940 -1.006598 147 147 147 336 384
3.861849 -0.142804 -1.006592 147 147 147 340 384
3.861827 -0.170667 -1.006586 147 147 147 344 384
3.861805 -0.198530 -1.006580 147 147 147 348 384
3.861783 -0.226392 -1.006575 147 147 147 352 384
3.754898 -0.247219 -0.978715 150 150 150 356 384
3.724023 -0.272056 -0.970668 151 151 151 360 384
3.715926 -0.298275 -0.968557 152 152 152 364 384
3.722203 -0.325636 -0.970193 151 151 151 368 384
3.764915 -0.356537 -0.981326 150 150 150 372 384
3.861650 -0.393561 -1.006540 147 147 147 376 384
3.861629 -0.421421 -1.006534 147 147 147 380 384
3.861607 -0.449281 -1.006529 148 148 148 384 384
3.861584 -0.477141 -1.006523 148 148 148 388 384
3.861562 -0.505000 -1.006517 148 148 148 392 384
3.861540 -0.532859 -1.006511 148 148 148 396 384
3.861518 -0.560718 -1.006506 148 148 148 400 384
3.861496 -0.588576 -1.006500 148 148 148 404 384
3.861474 -0.616434 -1.006494 148 148 148 408 384
3.861453 -0.644292 -1.006489 148 148 148 412 384
3.861430 -0.672149 -1.006483 148 148 148 416 384
3.861409 -0.700006 -1.006477 148 148 148 420 384
3.861386 -0.727863 -1.006471 148 148 148 424 384
3.861364 -0.755720 -1.006465 148 148 148 428 384
3.861342 -0.783576 -1.006460 148 148 148 432 384
3.861320 -0.811432 -1.006454 148 148 148 436 384
3.861298 -0.839287 -1.006448 148 148 148 440 384
3.861283 -0.867144 -1.006444 148 148 148 444 384
5.193753 -1.203856 -1.353753 111 111 111 448 384
5.193724 -1.241323 -1.353745 111 111 111 452 384
5.193695 -1.278790 -1.353738 111 111 111 456 384
5.193664 -1.316256 -1.353730 111 111 111 460 384
5.193635 -1.353722 -1.353722 111 111 111 464 384
5.193605 -1.391187 -1.353714 111 111 111 468 384
5.193575 -1.428652 -1.353707 111 111 111 472 384
5.193545 -1.466117 -1.353699 111 111 111 476 384
5.193516 -1.503581 -1.353691 111 111 111 480 384
5.193487 -1.541044 -1.353683 111 111 111 484 384
5.193457 -1.578508 -1.353676 111 111 111 488 384
5.193428 -1.615971 -1.353668 111 111 111 492 384
5.193398 -1.653433 -1.353660 111 111 111 496 384
5.193368 -1.690895 -1.353653 111 111 111 500 384
5.193338 -1.728356 -1.353645 111 111 111 504 384
5.193308 -1.765817 -1.353637 111 111 111 508 384
5.193279 -1.803278 -1.353629 111 111 111 512 384
5.193250 -1.840738 -1.353622 111 111 111 516 384
5.193220 -1.878198 -1.353614 111 111 111 520 384
5.193190 -1.915657 -1.353606 111 111 111 524 384
5.193161 -1.953116 -1.353599 111 111 111 528 384
5.193130 -1.990574 -1.353591 111 111 111 532 384
5.193102 -2.028033 -1.353583 111 111 111 536 384
5.193072 -2.065490 -1.353575 111 111 111 540 384
5.193042 -2.102947 -1.353567 111 111 111 544 384
5.193013 -2.140404 -1.353560 111 111 111 548 384
5.192983 -2.177861 -1.353552 111 111 111 552 384
5.192953 -2.215317 -1.353544 111 111 111 556 384
5.192924 -2.252772 -1.353537 111 111 111 560 384
5.192894 -2.290227 -1.353529 111 111 111 564 384
5.192864 -2.327682 -1.353521 111 111 111 568 384
5.192835 -2.365136 -1.353514 111 111 111 572 384
5.192805 -2.402590 -1.353506 111 111 111 576 384
5.192775 -2.440043 -1.353498 111 111 111 580 384
5.192746 -2.477496 -1.353490 111 111 111 584 384
5.192716 -2.514948 -1.353482 111 111 111 588 384
5.192686 -2.552401 -1.353475 111 111 111 592 384
5.192657 -2.589853 -1.353467 111 111 111 596 384
5.192627 -2.627304 -1.353459 111 111 111 600 384
5.192597 -2.664754 -1.353452 111 111 111 604 384
5.192568 -2.702205 -1.353444 111 111 111 608 384
5.192538 -2.739655 -1.353436 111 111 111 612 384
5.192508 -2.777104 -1.353428 111 111 111 616 384
5.192479 -2.814553 -1.353421 111 111 111 620 384
5.192449 -2.852002 -1.353413 111 111 111 624 384
5.192420 -2.889450 -1.353405 111 111 111 628 384
5.192390 -2.926898 -1.353398 111 111 111 632 384
5.192360 -2.964345 -1.353390 111 111 111 636 384
5.128353 2.955555 -1.373708 112 112 112 0 388
5.128324 2.918536 -1.373700 112 112 112 4 388
5.128295 2.881518 -1.373693 112 112 112 8 388
5.128266 2.844500 -1.373685 112 112 112 12 388
5.128237 2.807482 -1.373677 112 112 112 16 388
5.128208 2.770465 -1.373669 112 112 112 20 388
5.128180 2.733449 -1.373662 112 112 112 24 388
5.128150 2.696433 -1.373654 112 112 112 28 388
5.128121 2.659417 -1.373646 112 112 112 32 388
5.128092 2.622401 -1.373638 112 112 112 36 388
3.655571 1.843009 -0.979201 153 153 153 40 388
3.640668 1.809227 -0.975209 154 154 154 44 388
3.640218 1.782738 -0.975088 154 154 154 48 388
3.646059 1.759291 -0.976653 153 153 153 52 388
3.660635 1.739912 -0.980557 153 153 153 56 388
3.631743 1.699976 -0.972818 154 154 154 60 388
3.707315 1.708601 -0.993061 152 152 152 64 388
3.909857 1.773737 -1.047315 146 146 146 68 388
3.925768 1.752629 -1.051577 146 146 146 72 388
3.951780 1.735729 -1.058545 145 145 145 76 388
5.127774 2.215260 -1.373553 112 112 112 80 388
5.127745 2.178249 -1.373545 112 112 112 84 388
5.127717 2.141240 -1.373538 112 112 112 88 388
5.127687 2.104230 -1.373530 112 112 112 92 388
5.127658 2.067221 -1.373522 112 112 112 96 388
5.127630 2.030212 -1.373514 112 112 112 100 388
5.127601 1.993204 -1.373507 112 112 112 104 388
5.127572 1.956196 -1.373499 112 112 112 108 388
5.127543 1.919189 -1.373491 112 112 112 112 388
5.127514 1.882182 -1.373483 112 112 112 116 388
5.127484 1.845175 -1.373475 112 112 112 120 388
5.127456 1.808169 -1.373469 112 112 112 124 388
5.127427 1.771163 -1.373461 112 112 112 128 388
5.127398 1.734158 -1.373453 112 112 112 132 388
5.127369 1.697153 -1.373445 112 112 112 136 388
5.127340 1.660148 -1.373438 112 112 112 140 388
5.127311 1.623144 -1.373430 112 112 112 144 388
5.127283 1.586141 -1.373422 112 112 112 148 388
3.810275 1.151228 -1.020641 149 149 149 152 388
3.810261 1.123732 -1.020638 149 149 149 156 388
3.810242 1.096235 -1.020632 149 149 149 160 388
3.810222 1.068737 -1.020627 149 149 149 164 388
3.810203 1.041240 -1.020622 149 149 149 168 388
3.810183 1.013744 -1.020617 149 149 149 172 388
3.810164 0.986247 -1.020612 149 149 149 176 388
3.810145 0.958751 -1.020606 149 149 149 180 388
3.810125 0.931255 -1.020601 149 149 149 184 388
3.810106 0.903760 -1.020596 149 149 149 188 388
3.810086 0.876265 -1.020591 149 149 149 192 388
3.810066 0.848770 -1.020585 149 149 149 196 388
3.810047 0.821275 -1.020580 149 149 149 200 388
3.810027 0.793780 -1.020575 149 149 149 204 388
3.810008 0.766286 -1.020570 149 149 149 208 388
3.809988 0.738792 -1.020564 149 149 149 212 388
3.809968 0.711299 -1.020559 149 149 149 216 388
3.809949 0.683805 -1.020554 149 149 149 220 388
3.809928 0.656312 -1.020548 149 149 149 224 388
3.809908 0.628819 -1.020543 149 149 149 228 388
3.809888 0.601327 -1.020537 149 149 149 232 388
3.809867 0.573834 -1.020532 149 149 149 236 388
3.809847 0.546342 -1.020527 149 149 149 240 388
3.809827 0.518851 -1.020521 149 149 149 244 388
3.809806 0.491359 -1.020516 149 149 149 248 388
3.809786 0.463868 -1.020510 149 149 149 252 388
3.809765 0.436377 -1.020505 149 149 149 256 388
3.809745 0.408887 -1.020499 149 149 149 260 388
3.809724 0.381397 -1.020494 149 149 149 264 388
3.809704 0.353907 -1.020488 149 149 149 268 388
3.809684 0.326417 -1.020483 149 149 149 272 388
3.809663 0.298928 -1.020477 149 149 149 276 388
3.809642 0.271439 -1.020472 149 149 149 280 388
3.809622 0.243950 -1.020466 149 149 149 284 388
3.809602 0.216461 -1.020461 149 149 149 288 388
3.809581 0.188973 -1.020455 149 149 149 292 388
3.809570 0.161486 -1.020452 149 149 149 296 388
3.811137 0.134054 -1.020872 149 149 149 300 388
3.811139 0.106556 -1.020873 149 149 149 304 388
3.811117 0.079057 -1.020867 149 149 149 308 388
3.811096 0.051559 -1.020861 149 149 149 312 388
3.811074 0.024061 -1.020855 149 149 149 316 388
3.811053 -0.003437 -1.020849 149 149 149 320 388
3.811031 -0.030935 -1.020844 149 149 149 324 388
3.811010 -0.058432 -1.020838 149 149 149 328 388
3.810988 -0.085929 -1.020832 149 149 149 332 388
3.810966 -0.113425 -1.020826 149 149 149 336 388
3.810945 -0.140921 -1.020821 149 149 149 340 388
3.810923 -0.168417 -1.020815 149 149 149 344 388
3.810902 -0.195913 -1.020809 149 149 149 348 388
3.810880 -0.223408 -1.020803 149 149 149 352 388
3.765348 -0.247907 -1.008607 150 150 150 356 388
3.731775 -0.272622 -0.999614 151 151 151 360 388
3.723916 -0.298917 -0.997509 151 151 151 364 388
3.730772 -0.326385 -0.999345 151 151 151 368 388
3.778579 -0.357831 -1.012151 150 150 150 372 388
3.810751 -0.388373 -1.020769 149 149 149 376 388
3.810730 -0.415866 -1.020763 149 149 149 380 388
3.810709 -0.443359 -1.020757 149 149 149 384 388
3.810687 -0.470852 -1.020751 149 149 149 388 388
3.810665 -0.498344 -1.020746 149 149 149 392 388
3.810644 -0.525836 -1.020740 149 149 149 396 388
3.810623 -0.553327 -1.020734 149 149 149 400 388
3.810601 -0.580819 -1.020729 149 149 149 404 388
3.810580 -0.608310 -1.020723 149 149 149 408 388
3.810558 -0.635800 -1.020717 149 149 149 412 388
3.810537 -0.663290 -1.020711 149 149 149 416 388
3.810516 -0.690780 -1.020706 149 149 149 420 388
3.810494 -0.718270 -1.020700 149 149 149 424 388
3.810473 -0.745760 -1.020694 149 149 149 428 388
3.810451 -0.773249 -1.020688 149 149 149 432 388
3.810430 -0.800738 -1.020683 149 149 149 436 388
3.810408 -0.828226 -1.020677 149 149 149 440 388
3.810389 -0.855714 -1.020671 149 149 149 444 388
3.810362 -0.883201 -1.020664 149 149 149 448 388
5.125086 -1.224919 -1.372834 112 112 112 452 388
5.125057 -1.261890 -1.372826 112 112 112 456 388
5.125029 -1.298862 -1.372818 112 112 112 460 388
5.124999 -1.335832 -1.372810 112 112 112 464 388
5.124970 -1.372803 -1.372803 112 112 112 468 388
5.124942 -1.409773 -1.372795 112 112 112 472 388
5.124913 -1.446742 -1.372787 112 112 112 476 388
5.124884 -1.483711 -1.372779 112 112 112 480 388
5.124856 -1.520680 -1.372772 112 112 112 484 388
5.124826 -1.557648 -1.372764 112 112 112 488 388
5.124797 -1.594616 -1.372756 112 112 112 492 388
5.124769 -1.631583 -1.372748 112 112 112 496 388
5.124740 -1.668550 -1.372741 113 113 113 500 388
5.124711 -1.705517 -1.372733 113 113 113 504 388
5.124682 -1.742483 -1.372725 113 113 113 508 388
5.124653 -1.779449 -1.372717 113 113 113 512 388
5.124624 -1.816414 -1.372710 113 113 113 516 388
5.124596 -1.853379 -1.372702 113 113 113 520 388
5.124567 -1.890343 -1.372694 113 113 113 524 388
5.124537 -1.927307 -1.372687 113 113 113 528 388
5.124509 -1.964271 -1.372679 113 113 113 532 388
5.124480 -2.001235 -1.372671 113 113 113 536 388
5.124451 -2.038197 -1.372663 113 113 113 540 388
5.124422 -2.075160 -1.372656 113 113 113 544 388
5.124393 -2.112122 -1.372648 113 113 113 548 388
5.124365 -2.149083 -1.372640 113 113 113 552 388
5.124336 -2.186044 -1.372633 113 113 113 556 388
5.124307 -2.223005 -1.372625 113 113 113 560 388
5.124279 -2.259966 -1.372617 113 113 113 564 388
5.124249 -2.296925 -1.372609 113 113 113 568 388
5.124220 -2.333885 -1.372602 113 113 113 572 388
5.124192 -2.370844 -1.372594 113 113 113 576 388
5.124163 -2.407803 -1.372586 113 113 113 580 388
5.124134 -2.444761 -1.372579 113 113 113 584 388
5.124105 -2.481719 -1.372571 113 113 113 588 388
5.124076 -2.518676 -1.372563 113 113 113 592 388
5.124047 -2.555633 -1.372555 113 113 113 596 388
5.124019 -2.592590 -1.372548 113 113 113 600 388
5.123990 -2.629546 -1.372540 113 113 113 604 388
5.123960 -2.666502 -1.372532 113 113 113 608 388
5.123932 -2.703457 -1.372524 113 113 113 612 388
5.123903 -2.740412 -1.372517 113 113 113 616 388
5.123874 -2.777366 -1.372509 113 113 113 620 388
5.123846 -2.814321 -1.372501 113 113 113 624 388
5.123816 -2.851274 -1.372493 113 113 113 628 388
5.123787 -2.888228 -1.372486 113 113 113 632 388
5.123759 -2.925180 -1.372478 113 113 113 636 388
5.061421 2.916981 -1.392299 114 114 114 0 392
5.061393 2.880445 -1.392291 114 114 114 4 392
5.061365 2.843911 -1.392283 114 114 114 8 392
5.061337 2.807376 -1.392275 114 114 114 12 392
5.061308 2.770842 -1.392268 114 114 114 16 392
5.061280 2.734308 -1.392260 114 114 114 20 392
5.061252 2.697775 -1.392252 114 114 114 24 392
5.061224 2.661242 -1.392244 114 114 114 28 392
5.061195 2.624709 -1.392237 114 114 114 32 392
5.061168 2.588177 -1.392229 114 114 114 36 392
3.667322 1.848933 -1.008809 153 153 153 40 392
3.650147 1.813937 -1.004084 153 153 153 44 392
3.648065 1.786581 -1.003512 153 153 153 48 392
3.653588 1.762924 -1.005031 153 153 153 52 392
3.668629 1.743712 -1.009169 153 153 153 56 392
3.689013 1.726783 -1.014776 152 152 152 60 392
3.716425 1.712800 -1.022316 152 152 152 64 392
3.922954 1.779678 -1.079129 146 146 146 68 392
3.938210 1.758184 -1.083325 145 145 145 72 392
3.962101 1.740263 -1.089897 145 145 145 76 392
5.060857 2.186351 -1.392144 114 114 114 80 392
5.060829 2.149824 -1.392136 114 114 114 84 392
5.060801 2.113297 -1.392128 114 114 114 88 392
5.060773 2.076771 -1.392120 114 114 114 92 392
5.060745 2.040245 -1.392113 114 114 114 96 392
5.060716 2.003719 -1.392105 114 114 114 100 392
5.060688 1.967194 -1.392097 114 114 114 104 392
5.060660 1.930669 -1.392089 114 114 114 108 392
5.060632 1.894145 -1.392082 114 114 114 112 392
5.060604 1.857621 -1.392074 114 114 114 116 392
5.060576 1.821097 -1.392067 114 114 114 120 392
5.060547 1.784574 -1.392059 114 114 114 124 392
5.060520 1.748051 -1.392051 114 114 114 128 392
5.060492 1.711529 -1.392044 114 114 114 132 392
5.060463 1.675007 -1.392036 114 114 114 136 392
5.060435 1.638485 -1.392028 114 114 114 140 392
5.060407 1.601964 -1.392021 114 114 114 144 392
3.760583 1.163348 -1.034464 150 150 150 148 392
3.760578 1.136213 -1.034462 150 150 150 152 392
3.760559 1.109074 -1.034457 150 150 150 156 392
3.760540 1.081935 -1.034452 150 150 150 160 392
3.760521 1.054796 -1.034447 150 150 150 164 392
3.760502 1.027658 -1.034442 150 150 150 168 392
3.760483 1.000520 -1.034436 150 150 150 172 392
3.760463 0.973383 -1.034431 150 150 150 176 392
3.760445 0.946245 -1.034426 150 150 150 180 392
3.760426 0.919108 -1.034421 150 150 150 184 392
3.760406 0.891971 -1.034415 150 150 150 188 392
3.760388 0.864835 -1.034410 150 150 150 192 392
3.760369 0.837698 -1.034405 150 150 150 196 392
3.760350 0.810562 -1.034400 150 150 150 200 392
3.760330 0.783427 -1.034395 150 150 150 204 392
3.760311 0.756291 -1.034389 150 150 150 208 392
3.760293 0.729156 -1.034384 150 150 150 212 392
3.760273 0.702021 -1.034379 150 150 150 216 392
3.760254 0.674886 -1.034374 150 150 150 220 392
3.760235 0.647752 -1.034368 150 150 150 224 392
3.760215 0.620618 -1.034363 150 150 150 228 392
3.760196 0.593484 -1.034357 150 150 150 232 392
3.760175 0.566350 -1.034352 150 150 150 236 392
3.760156 0.539217 -1.034346 150 150 150 240 392
3.760136 0.512083 -1.034341 150 150 150 244 392
3.760116 0.484951 -1.034335 150 150 150 248 392
3.760096 0.457818 -1.034330 150 150 150 252 392
3.760076 0.430686 -1.034324 150 150 150 256 392
3.760056 0.403554 -1.034319 150 150 150 260 392
3.760036 0.376422 -1.034313 150 150 150 264 392
3.760016 0.349291 -1.034308 150 150 150 268 392
3.759996 0.322160 -1.034302 150 150 150 272 392
3.759976 0.295029 -1.034297 150 150 150 276 392
3.759956 0.267898 -1.034292 150 150 150 280 392
3.759937 0.240768 -1.034286 150 150 150 284 392
3.759917 0.213638 -1.034281 150 150 150 288 392
3.759897 0.186509 -1.034275 150 150 150 292 392
3.759887 0.159380 -1.034273 150 150 150 296 392
3.591070 0.126313 -0.987834 155 155 155 300 392
3.579687 0.100085 -0.984703 155 155 155 304 392
3.596822 0.074612 -0.989416 155 155 155 308 392
3.761512 0.050888 -1.034719 150 150 150 312 392
3.761491 0.023748 -1.034714 150 150 150 316 392
3.761470 -0.003392 -1.034708 150 150 150 320 392
3.761449 -0.030532 -1.034702 150 150 150 324 392
3.761428 -0.057672 -1.034696 150 150 150 328 392
3.761407 -0.084811 -1.034691 150 150 150 332 392
3.761386 -0.111949 -1.034685 150 150 150 336 392
3.761365 -0.139088 -1.034679 150 150 150 340 392
3.761344 -0.166226 -1.034673 150 150 150 344 392
3.761323 -0.193364 -1.034667 150 150 150 348 392
3.761302 -0.220502 -1.034662 150 150 150 352 392
3.741088 -0.246309 -1.029101 151 151 151 356 392
3.729363 -0.272446 -1.025876 151 151 151 360 392
3.729329 -0.299351 -1.025867 151 151 151 364 392
3.729328 -0.326259 -1.025866 151 151 151 368 392
3.741018 -0.354274 -1.029082 151 151 151 372 392
3.761176 -0.383321 -1.034627 150 150 150 376 392
3.761155 -0.410456 -1.034621 150 150 150 380 392
3.761134 -0.437591 -1.034616 150 150 150 384 392
3.761114 -0.464726 -1.034610 150 150 150 388 392
3.761093 -0.491861 -1.034604 150 150 150 392 392
3.761072 -0.518995 -1.034598 150 150 150 396 392
3.761051 -0.546129 -1.034593 150 150 150 400 392
3.761030 -0.573263 -1.034587 150 150 150 404 392
3.761009 -0.600396 -1.034581 150 150 150 408 392
3.760988 -0.627529 -1.034575 150 150 150 412 392
3.760967 -0.654662 -1.034570 150 150 150 416 392
3.760947 -0.681795 -1.034564 150 150 150 420 392
3.760926 -0.708927 -1.034558 150 150 150 424 392
3.760905 -0.736059 -1.034552 150 150 150 428 392
3.760884 -0.763190 -1.034547 150 150 150 432 392
3.760863 -0.790321 -1.034541 150 150 150 436 392
3.760843 -0.817452 -1.034535 150 150 150 440 392
3.760821 -0.844583 -1.034529 150 150 150 444 392
3.760806 -0.871714 -1.034525 150 150 150 448 392
5.058240 -1.208942 -1.391424 114 114 114 452 392
5.058211 -1.245432 -1.391416 114 114 114 456 392
5.058182 -1.281920 -1.391408 114 114 114 460 392
5.058155 -1.318409 -1.391401 114 114 114 464 392
5.058126 -1.354897 -1.391393 114 114 114 468 392
5.058099 -1.391385 -1.391385 114 114 114 472 392
5.058071 -1.427873 -1.391378 114 114 114 476 392
5.058043 -1.464360 -1.391370 114 114 114 480 392
5.058014 -1.500846 -1.391362 114 114 114 484 392
5.057986 -1.537333 -1.391354 114 114 114 488 392
5.057958 -1.573818 -1.391347 114 114 114 492 392
5.057930 -1.610304 -1.391339 114 114 114 496 392
5.057902 -1.646789 -1.391331 114 114 114 500 392
5.057874 -1.683273 -1.391323 114 114 114 504 392
5.057846 -1.719757 -1.391316 114 114 114 508 392
5.057818 -1.756241 -1.391308 114 114 114 512 392
5.057789 -1.792724 -1.391300 114 114 114 516 392
5.057761 -1.829207 -1.391292 114 114 114 520 392
5.057733 -1.865690 -1.391285 114 114 114 524 392
5.057705 -1.902172 -1.391277 114 114 114 528 392
5.057677 -1.938654 -1.391269 114 114 114 532 392
5.057649 -1.975135 -1.391262 114 114 114 536 392
5.057621 -2.011616 -1.391254 114 114 114 540 392
5.057593 -2.048097 -1.391246 114 114 114 544 392
5.057565 -2.084577 -1.391238 114 114 114 548 392
5.057536 -2.121056 -1.391231 114 114 114 552 392
5.057509 -2.157536 -1.391223 114 114 114 556 392
5.057480 -2.194015 -1.391215 114 114 114 560 392
5.057452 -2.230493 -1.391207 114 114 114 564 392
5.057425 -2.266971 -1.391200 114 114 114 568 392
5.057395 -2.303449 -1.391192 114 114 114 572 392
5.057368 -2.339926 -1.391184 114 114 114 576 392
5.057340 -2.376403 -1.391176 114 114 114 580 392
5.057312 -2.412880 -1.391169 114 114 114 584 392
5.057284 -2.449356 -1.391161 114 114 114 588 392
5.057256 -2.485831 -1.391153 114 114 114 592 392
5.057227 -2.522306 -1.391145 114 114 114 596 392
5.057199 -2.558781 -1.391138 114 114 114 600 392
5.057171 -2.595256 -1.391130 114 114 114 604 392
5.057143 -2.631730 -1.391122 114 114 114 608 392
5.057115 -2.668203 -1.391115 114 114 114 612 392
5.057087 -2.704677 -1.391107 114 114 114 616 392
5.057059 -2.741149 -1.391099 114 114 114 620 392
5.057031 -2.777622 -1.391091 114 114 114 624 392
5.057003 -2.814094 -1.391084 114 114 114 628 392
5.056974 -2.850565 -1.391076 114 114 114 632 392
5.056946 -2.887037 -1.391068 114 114 114 636 392
4.996213 2.879401 -1.410410 116 116 116 0 396
4.996186 2.843337 -1.410403 116 116 116 4 396
4.996159 2.807272 -1.410395 116 116 116 8 396
4.996131 2.771209 -1.410387 116 116 116 12 396
4.996104 2.735145 -1.410379 116 116 116 16 396
4.996077 2.699083 -1.410372 116 116 116 20 396
4.996049 2.663020 -1.410364 116 116 116 24 396
4.996021 2.626958 -1.410356 116 116 116 28 396
4.995995 2.590897 -1.410348 116 116 116 32 396
4.995967 2.554835 -1.410341 116 116 116 36 396
3.681832 1.856248 -1.039366 152 152 152 40 396
3.660474 1.819069 -1.033337 153 153 153 44 396
3.656829 1.790873 -1.032308 153 153 153 48 396
3.662099 1.767031 -1.033795 153 153 153 52 396
3.678272 1.748295 -1.038361 153 153 153 56 396
3.698765 1.731348 -1.044146 152 152 152 60 396
3.725652 1.717052 -1.051736 151 151 151 64 396
3.936147 1.785663 -1.111158 145 145 145 68 396
3.949460 1.763206 -1.114916 145 145 145 72 396
3.975694 1.746233 -1.122322 144 144 144 76 396
4.995665 2.158187 -1.410255 116 116 116 80 396
4.995637 2.122130 -1.410248 116 116 116 84 396
4.995610 2.086074 -1.410240 116 116 116 88 396
4.995582 2.050019 -1.410232 116 116 116 92 396
4.995555 2.013963 -1.410224 116 116 116 96 396
4.995528 1.977908 -1.410217 116 116 116 100 396
4.995500 1.941853 -1.410209 116 116 116 104 396
4.995472 1.905799 -1.410201 116 116 116 108 396
4.995445 1.869746 -1.410194 116 116 116 112 396
4.995417 1.833692 -1.410186 116 116 116 116 396
4.995390 1.797639 -1.410179 116 116 116 120 396
4.995363 1.761587 -1.410171 116 116 116 124 396
4.995335 1.725535 -1.410163 116 116 116 128 396
4.995308 1.689483 -1.410155 116 116 116 132 396
4.995281 1.653432 -1.410148 116 116 116 136 396
4.995253 1.617380 -1.410140 116 116 116 140 396
3.712177 1.175158 -1.047933 152 152 152 144 396
3.712170 1.148371 -1.047931 152 152 152 148 396
3.712155 1.121582 -1.047926 152 152 152 152 396
3.712136 1.094793 -1.047921 152 152 152 156 396
3.712117 1.068004 -1.047916 152 152 152 160 396
3.712099 1.041214 -1.047910 152 152 152 164 396
3.712080 1.014426 -1.047905 152 152 152 168 396
3.712062 0.987637 -1.047900 152 152 152 172 396
3.712043 0.960849 -1.047895 152 152 152 176 396
3.712025 0.934061 -1.047890 152 152 152 180 396
3.712006 0.907274 -1.047884 152 152 152 184 396
3.711988 0.880486 -1.047879 152 152 152 188 396
3.711969 0.853699 -1.047874 152 152 152 192 396
3.711951 0.826912 -1.047869 152 152 152 196 396
3.711932 0.800126 -1.047863 152 152 152 200 396
3.711914 0.773339 -1.047858 152 152 152 204 396
3.711895 0.746553 -1.047853 152 152 152 208 396
3.711877 0.719768 -1.047848 152 152 152 212 396
3.711858 0.692982 -1.047843 152 152 152 216 396
3.711839 0.666197 -1.047837 152 152 152 220 396
3.711821 0.639412 -1.047832 152 152 152 224 396
3.711802 0.612627 -1.047827 152 152 152 228 396
3.711783 0.585843 -1.047821 152 152 152 232 396
3.711763 0.559058 -1.047816 152 152 152 236 396
3.711744 0.532274 -1.047810 152 152 152 240 396
3.711725 0.505491 -1.047805 152 152 152 244 396
3.711705 0.478707 -1.047799 152 152 152 248 396
3.711686 0.451924 -1.047794 152 152 152 252 396
3.711666 0.425141 -1.047788 152 152 152 256 396
3.711647 0.398358 -1.047783 152 152 152 260 396
3.711628 0.371576 -1.047778 152 152 152 264 396
3.711608 0.344794 -1.047772 152 152 152 268 396
3.711589 0.318012 -1.047767 152 152 152 272 396
3.711569 0.291231 -1.047761 152 152 152 276 396
3.711550 0.264450 -1.047756 152 152 152 280 396
3.711531 0.237669 -1.047750 152 152 152 284 396
3.711511 0.210888 -1.047745 152 152 152 288 396
3.711492 0.184108 -1.047739 152 152 152 292 396
3.711484 0.157328 -1.047737 152 152 152 296 396
3.545212 0.124700 -1.000799 156 156 156 300 396
3.540960 0.099002 -0.999599 156 156 156 304 396
3.552809 0.073699 -1.002944 156 156 156 308 396
3.713202 0.050234 -1.048222 152 152 152 312 396
3.713181 0.023443 -1.048216 152 152 152 316 396
3.713161 -0.003349 -1.048210 152 152 152 320 396
3.713141 -0.030140 -1.048205 152 152 152 324 396
3.713120 -0.056931 -1.048199 152 152 152 328 396
3.713100 -0.083721 -1.048193 152 152 152 332 396
3.713079 -0.110512 -1.048187 152 152 152 336 396
3.713059 -0.137302 -1.048181 152 152 152 340 396
3.713038 -0.164091 -1.048176 152 152 152 344 396
3.713018 -0.190881 -1.048170 152 152 152 348 396
3.712997 -0.217670 -1.048164 152 152 152 352 396
3.712977 -0.244459 -1.048158 152 152 152 356 396
3.712956 -0.271247 -1.048153 152 152 152 360 396
3.687658 -0.296006 -1.041011 152 152 152 364 396
3.712916 -0.324823 -1.048141 152 152 152 368 396
3.712895 -0.351611 -1.048135 152 152 152 372 396
3.712875 -0.378398 -1.048129 152 152 152 376 396
3.712854 -0.405185 -1.048124 152 152 152 380 396
3.712834 -0.431972 -1.048118 152 152 152 384 396
3.712814 -0.458758 -1.048112 152 152 152 388 396
3.712793 -0.485544 -1.048106 152 152 152 392 396
3.712773 -0.512330 -1.048101 152 152 152 396 396
3.712753 -0.539116 -1.048095 152 152 152 400 396
3.712732 -0.565901 -1.048089 152 152 152 404 396
3.712712 -0.592686 -1.048084 152 152 152 408 396
3.712692 -0.619471 -1.048078 152 152 152 412 396
3.712671 -0.646255 -1.048072 152 152 152 416 396
3.712651 -0.673039 -1.048066 152 152 152 420 396
3.712631 -0.699823 -1.048061 152 152 152 424 396
3.712610 -0.726607 -1.048055 152 152 152 428 396
3.712590 -0.753390 -1.048049 152 152 152 432 396
3.712569 -0.780173 -1.048043 152 152 152 436 396
3.712549 -0.806955 -1.048038 152 152 152 440 396
3.712528 -0.833738 -1.048032 152 152 152 444 396
3.712513 -0.860521 -1.048027 152 152 152 448 396
4.993113 -1.193377 -1.409536 116 116 116 452 396
4.993086 -1.229397 -1.409528 116 116 116 456 396
4.993059 -1.265416 -1.409520 116 116 116 460 396
4.993031 -1.301435 -1.409512 116 116 116 464 396
4.993004 -1.337453 -1.409505 116 116 116 468 396
4.992977 -1.373471 -1.409497 116 116 116 472 396
4.992949 -1.409489 -1.409489 116 116 116 476 396
4.992922 -1.445507 -1.409482 116 116 116 480 396
4.992894 -1.481523 -1.409474 116 116 116 484 396
4.992867 -1.517540 -1.409466 116 116 116 488 396
4.992839 -1.553556 -1.409458 116 116 116 492 396
4.992812 -1.589572 -1.409451 116 116 116 496 396
4.992785 -1.625587 -1.409443 116 116 116 500 396
4.992758 -1.661602 -1.409435 116 116 116 504 396
4.992730 -1.697617 -1.409427 116 116 116 508 396
4.992702 -1.733631 -1.409420 116 116 116 512 396
4.992675 -1.769645 -1.409412 116 116 116 516 396
4.992648 -1.805658 -1.409404 116 116 116 520 396
4.992620 -1.841671 -1.409396 116 116 116 524 396
4.992593 -1.877684 -1.409389 116 116 116 528 396
4.992566 -1.913696 -1.409381 116 116 116 532 396
4.992538 -1.949708 -1.409373 116 116 116 536 396
4.992511 -1.985720 -1.409366 116 116 116 540 396
4.992483 -2.021730 -1.409358 116 116 116 544 396
4.992456 -2.057741 -1.409350 116 116 116 548 396
4.992429 -2.093751 -1.409342 116 116 116 552 396
4.992401 -2.129761 -1.409335 116 116 116 556 396
4.992374 -2.165771 -1.409327 116 116 116 560 396
4.992347 -2.201780 -1.409319 116 116 116 564 396
4.992319 -2.237788 -1.409311 116 116 116 568 396
4.992292 -2.273797 -1.409304 116 116 116 572 396
4.992264 -2.309804 -1.409296 116 116 116 576 396
4.992237 -2.345812 -1.409288 116 116 116 580 396
4.992210 -2.381819 -1.409280 116 116 116 584 396
4.992182 -2.417825 -1.409273 116 116 116 588 396
4.992155 -2.453832 -1.409265 116 116 116 592 396
4.992128 -2.489838 -1.409257 116 116 116 596 396
4.992100 -2.525843 -1.409249 116 116 116 600 396
4.992073 -2.561849 -1.409242 116 116 116 604 396
4.992046 -2.597854 -1.409234 116 116 116 608 396
4.992018 -2.633857 -1.409226 116 116 116 612 396
4.991991 -2.669861 -1.409219 116 116 116 616 396
4.991963 -2.705865 -1.409211 116 116 116 620 396
4.991936 -2.741868 -1.409203 116 116 116 624 396
4.991909 -2.777871 -1.409195 116 116 116 628 396
4.991881 -2.813873 -1.409188 116 116 116 632 396
4.991853 -2.849875 -1.409180 116 116 116 636 396
4.932666 2.842777 -1.428061 118 118 118 0 400
4.932639 2.807171 -1.428053 118 118 118 4 400
4.932612 2.771566 -1.428046 118 118 118 8 400
4.932586 2.735962 -1.428038 118 118 118 12 400
4.932559 2.700357 -1.428030 118 118 118 16 400
4.932531 2.664753 -1.428022 118 118 118 20 400
4.932505 2.629149 -1.428015 118 118 118 24 400
4.932478 2.593546 -1.428007 118 118 118 28 400
4.932451 2.557943 -1.427999 118 118 118 32 400
4.932425 2.522341 -1.427991 118 118 118 36 400
3.695748 1.863264 -1.069960 152 152 152 40 400
3.670442 1.824023 -1.062634 153 153 153 44 400
3.666439 1.795579 -1.061475 153 153 153 48 400
3.671752 1.771688 -1.063013 153 153 153 52 400
3.688482 1.753148 -1.067856 152 152 152 56 400
3.709245 1.736253 -1.073867 152 152 152 60 400
3.738524 1.722984 -1.082344 151 151 151 64 400
3.950855 1.792336 -1.143816 145 145 145 68 400
3.964624 1.769976 -1.147802 145 145 145 72 400
3.990797 1.752867 -1.155380 144 144 144 76 400
4.932130 2.130739 -1.427906 118 118 118 80 400
4.932103 2.095141 -1.427898 118 118 118 84 400
4.932077 2.059544 -1.427891 118 118 118 88 400
4.932050 2.023947 -1.427883 118 118 118 92 400
4.932023 1.988350 -1.427875 118 118 118 96 400
4.931996 1.952754 -1.427867 118 118 118 100 400
4.931970 1.917158 -1.427860 118 118 118 104 400
4.931942 1.881563 -1.427853 118 118 118 108 400
4.931916 1.845968 -1.427845 118 118 118 112 400
4.931890 1.810373 -1.427837 118 118 118 116 400
4.931863 1.774778 -1.427830 118 118 118 120 400
4.931836 1.739185 -1.427822 118 118 118 124 400
4.931809 1.703591 -1.427814 118 118 118 128 400
4.931782 1.667998 -1.427806 118 118 118 132 400
4.931755 1.632405 -1.427798 118 118 118 136 400
4.931729 1.596813 -1.427791 118 118 118 140 400
3.664988 1.160219 -1.061055 153 153 153 144 400
3.664981 1.133773 -1.061053 153 153 153 148 400
3.664962 1.107324 -1.061048 153 153 153 152 400
3.664945 1.080875 -1.061043 153 153 153 156 400
3.664926 1.054426 -1.061037 153 153 153 160 400
3.664908 1.027978 -1.061032 153 153 153 164 400
3.664890 1.001530 -1.061027 153 153 153 168 400
3.664872 0.975082 -1.061022 153 153 153 172 400
3.664854 0.948634 -1.061016 153 153 153 176 400
3.664836 0.922187 -1.061011 153 153 153 180 400
3.664818 0.895740 -1.061006 153 153 153 184 400
3.664800 0.869293 -1.061001 153 153 153 188 400
3.664782 0.842847 -1.060995 153 153 153 192 400
3.664764 0.816401 -1.060990 153 153 153 196 400
3.664746 0.789954 -1.060985 153 153 153 200 400
3.664728 0.763509 -1.060980 153 153 153 204 400
3.664710 0.737063 -1.060974 153 153 153 208 400
3.664692 0.710618 -1.060969 153 153 153 212 400
3.664674 0.684173 -1.060964 153 153 153 216 400
3.664655 0.657728 -1.060959 153 153 153 220 400
3.664638 0.631284 -1.060954 153 153 153 224 400
3.664619 0.604840 -1.060948 153 153 153 228 400
3.664601 0.578396 -1.060943 153 153 153 232 400
3.664582 0.551952 -1.060938 153 153 153 236 400
3.664563 0.525508 -1.060932 153 153 153 240 400
3.664544 0.499065 -1.060927 153 153 153 244 400
3.664526 0.472622 -1.060921 153 153 153 248 400
3.664506 0.446179 -1.060916 153 153 153 252 400
3.664487 0.419737 -1.060910 153 153 153 256 400
3.664468 0.393295 -1.060905 153 153 153 260 400
3.664449 0.366853 -1.060899 153 153 153 264 400
3.664431 0.340411 -1.060894 153 153 153 268 400
3.664412 0.313970 -1.060888 153 153 153 272 400
3.664393 0.287529 -1.060883 153 153 153 276 400
3.664374 0.261088 -1.060877 153 153 153 280 400
3.664355 0.234648 -1.060872 153 153 153 284 400
3.664336 0.208207 -1.060866 153 153 153 288 400
3.664318 0.181767 -1.060861 153 153 153 292 400
3.664311 0.155328 -1.060859 153 153 153 296 400
3.512616 0.123554 -1.016942 157 157 157 300 400
3.505118 0.098000 -1.014771 157 157 157 304 400
3.529489 0.073215 -1.021827 157 157 157 308 400
3.666117 0.049597 -1.061382 153 153 153 312 400
3.666097 0.023145 -1.061376 153 153 153 316 400
3.666077 -0.003306 -1.061370 153 153 153 320 400
3.666057 -0.029758 -1.061365 153 153 153 324 400
3.666037 -0.056209 -1.061359 153 153 153 328 400
3.666017 -0.082660 -1.061353 153 153 153 332 400
3.665997 -0.109110 -1.061347 153 153 153 336 400
3.665978 -0.135561 -1.061342 153 153 153 340 400
3.665958 -0.162011 -1.061336 153 153 153 344 400
3.665938 -0.188460 -1.061330 153 153 153 348 400
3.665918 -0.214910 -1.061324 153 153 153 352 400
3.665898 -0.241359 -1.061318 153 153 153 356 400
3.665878 -0.267808 -1.061313 153 153 153 360 400
3.665858 -0.294256 -1.061307 153 153 153 364 400
3.665838 -0.320705 -1.061301 153 153 153 368 400
3.665818 -0.347153 -1.061295 153 153 153 372 400
3.665798 -0.373600 -1.061290 153 153 153 376 400
3.665778 -0.400048 -1.061284 153 153 153 380 400
3.665758 -0.426495 -1.061278 153 153 153 384 400
3.665738 -0.452942 -1.061272 153 153 153 388 400
3.665718 -0.479388 -1.061266 153 153 153 392 400
3.665698 -0.505834 -1.061261 153 153 153 396 400
3.665679 -0.532280 -1.061255 153 153 153 400 400
3.665659 -0.558726 -1.061249 153 153 153 404 400
3.665640 -0.585172 -1.061244 153 153 153 408 400
3.665620 -0.611617 -1.061238 153 153 153 412 400
3.665600 -0.638062 -1.061232 153 153 153 416 400
3.665580 -0.664506 -1.061226 153 153 153 420 400
3.665560 -0.690950 -1.061221 153 153 153 424 400
3.665540 -0.717394 -1.061215 153 153 153 428 400
3.665520 -0.743838 -1.061209 153 153 153 432 400
3.665500 -0.770281 -1.061203 153 153 153 436 400
3.665481 -0.796725 -1.061198 153 153 153 440 400
3.665461 -0.823167 -1.061192 153 153 153 444 400
3.665441 -0.849610 -1.061186 153 153 153 448 400
3.665425 -0.876053 -1.061182 153 153 153 452 400
4.929617 -1.213769 -1.427179 118 118 118 456 400
4.929591 -1.249331 -1.427171 118 118 118 460 400
4.929564 -1.284892 -1.427164 118 118 118 464 400
4.929536 -1.320453 -1.427156 118 118 118 468 400
4.929511 -1.356013 -1.427148 118 118 118 472 400
4.929483 -1.391573 -1.427140 118 118 118 476 400
4.929456 -1.427133 -1.427133 118 118 118 480 400
4.929430 -1.462692 -1.427125 118 118 118 484 400
4.929403 -1.498251 -1.427117 118 118 118 488 400
4.929377 -1.533809 -1.427110 118 118 118 492 400
4.929350 -1.569367 -1.427102 118 118 118 496 400
4.929323 -1.604925 -1.427094 118 118 118 500 400
4.929296 -1.640482 -1.427086 118 118 118 504 400
4.929270 -1.676039 -1.427079 118 118 118 508 400
4.929243 -1.711596 -1.427071 118 118 118 512 400
4.929216 -1.747152 -1.427063 118 118 118 516 400
4.929190 -1.782708 -1.427055 118 118 118 520 400
4.929163 -1.818263 -1.427048 118 118 118 524 400
4.929136 -1.853818 -1.427040 118 118 118 528 400
4.929110 -1.889373 -1.427032 118 118 118 532 400
4.929083 -1.924927 -1.427024 118 118 118 536 400
4.929056 -1.960481 -1.427017 118 118 118 540 400
4.929029 -1.996034 -1.427009 118 118 118 544 400
4.929002 -2.031587 -1.427001 118 118 118 548 400
4.928976 -2.067140 -1.426993 118 118 118 552 400
4.928950 -2.102693 -1.426986 118 118 118 556 400
4.928923 -2.138244 -1.426978 118 118 118 560 400
4.928896 -2.173796 -1.426970 118 118 118 564 400
4.928869 -2.209347 -1.426963 118 118 118 568 400
4.928843 -2.244898 -1.426955 118 118 118 572 400
4.928816 -2.280448 -1.426947 118 118 118 576 400
4.928789 -2.315998 -1.426939 118 118 118 580 400
4.928762 -2.351548 -1.426932 118 118 118 584 400
4.928736 -2.387097 -1.426924 118 118 118 588 400
4.928709 -2.422646 -1.426916 118 118 118 592 400
4.928682 -2.458194 -1.426909 118 118 118 596 400
4.928656 -2.493743 -1.426901 118 118 118 600 400
4.928629 -2.529290 -1.426893 118 118 118 604 400
4.928603 -2.564838 -1.426885 118 118 118 608 400
4.928576 -2.600384 -1.426878 118 118 118 612 400
4.928549 -2.635931 -1.426870 118 118 118 616 400
4.928523 -2.671477 -1.426862 118 118 118 620 400
4.928496 -2.707023 -1.426854 118 118 118 624 400
4.928469 -2.742568 -1.426847 118 118 118 628 400
4.928442 -2.778113 -1.426839 118 118 118 632 400
4.928416 -2.813658 -1.426831 118 118 118 636 400
4.870713 2.807073 -1.445269 120 120 120 0 404
4.870688 2.771915 -1.445261 120 120 120 4 404
4.870662 2.736757 -1.445253 120 120 120 8 404
4.870635 2.701600 -1.445246 120 120 120 12 404
4.870609 2.666442 -1.445238 120 120 120 16 404
4.870583 2.631286 -1.445230 120 120 120 20 404
4.870557 2.596130 -1.445222 120 120 120 24 404
4.870531 2.560974 -1.445215 120 120 120 28 404
4.870505 2.525818 -1.445207 120 120 120 32 404
4.870478 2.490663 -1.445199 120 120 120 36 404
3.735707 1.883410 -1.108482 151 151 151 40 404
3.678946 1.828249 -1.091640 153 153 153 44 404
3.676004 1.800264 -1.090767 153 153 153 48 404
3.683001 1.777117 -1.092843 152 152 152 52 404
3.699125 1.758206 -1.097628 152 152 152 56 404
3.720845 1.741683 -1.104072 151 151 151 60 404
3.752234 1.729303 -1.113386 151 151 151 64 404
3.964951 1.798731 -1.176505 145 145 145 68 404
3.978917 1.776357 -1.180649 144 144 144 72 404
4.005752 1.759435 -1.188612 144 144 144 76 404
4.870192 2.103981 -1.445114 120 120 120 80 404
4.870166 2.068830 -1.445106 120 120 120 84 404
4.870139 2.033680 -1.445098 120 120 120 88 404
4.870113 1.998530 -1.445091 120 120 120 92 404
4.870088 1.963381 -1.445083 120 120 120 96 404
4.870061 1.928231 -1.445075 120 120 120 100 404
4.870035 1.893083 -1.445068 120 120 120 104 404
4.870009 1.857935 -1.445060 120 120 120 108 404
4.869983 1.822786 -1.445053 120 120 120 112 404
4.869956 1.787639 -1.445045 120 120 120 116 404
4.869931 1.752492 -1.445037 120 120 120 120 404
4.869905 1.717345 -1.445029 120 120 120 124 404
4.869878 1.682198 -1.445022 120 120 120 128 404
4.869853 1.647052 -1.445014 120 120 120 132 404
4.869826 1.611906 -1.445006 120 120 120 136 404
3.618996 1.171771 -1.073852 154 154 154 140 404
3.618990 1.145658 -1.073850 154 154 154 144 404
3.618973 1.119540 -1.073845 154 154 154 148 404
3.618955 1.093423 -1.073840 154 154 154 152 404
3.618938 1.067307 -1.073835 154 154 154 156 404
3.618920 1.041190 -1.073829 154 154 154 160 404
3.618902 1.015074 -1.073824 154 154 154 164 404
3.618885 0.988958 -1.073819 154 154 154 168 404
3.618867 0.962842 -1.073814 154 154 154 172 404
3.618850 0.936726 -1.073808 154 154 154 176 404
3.618832 0.910611 -1.073803 154 154 154 180 404
3.618814 0.884496 -1.073798 154 154 154 184 404
3.618797 0.858381 -1.073793 154 154 154 188 404
3.618779 0.832267 -1.073787 154 154 154 192 404
3.618762 0.806153 -1.073782 154 154 154 196 404
3.618744 0.780039 -1.073777 154 154 154 200 404
3.618726 0.753925 -1.073772 154 154 154 204 404
3.618709 0.727811 -1.073766 154 154 154 208 404
3.618691 0.701698 -1.073761 154 154 154 212 404
3.618673 0.675585 -1.073756 154 154 154 216 404
3.618656 0.649472 -1.073751 154 154 154 220 404
3.618639 0.623360 -1.073746 154 154 154 224 404
3.618621 0.597248 -1.073740 154 154 154 228 404
3.618603 0.571136 -1.073735 154 154 154 232 404
3.618585 0.545024 -1.073730 154 154 154 236 404
3.618567 0.518912 -1.073724 154 154 154 240 404
3.618548 0.492801 -1.073719 154 154 154 244 404
3.618530 0.466690 -1.073713 154 154 154 248 404
3.618511 0.440579 -1.073708 154 154 154 252 404
3.618493 0.414469 -1.073702 154 154 154 256 404
3.618474 0.388358 -1.073697 154 154 154 260 404
3.618456 0.362249 -1.073691 154 154 154 264 404
3.618438 0.336139 -1.073686 154 154 154 268 404
3.618419 0.310029 -1.073681 154 154 154 272 404
3.618401 0.283920 -1.073675 154 154 154 276 404
3.453814 0.246086 -1.024838 159 159 159 280 404
3.453748 0.221161 -1.024818 159 159 159 284 404
3.453683 0.196238 -1.024799 159 159 159 288 404
3.460885 0.171676 -1.026936 159 159 159 292 404
3.463856 0.146831 -1.027818 159 159 159 296 404
3.461437 0.121754 -1.027100 159 159 159 300 404
3.459077 0.096712 -1.026400 159 159 159 304 404
3.463661 0.071849 -1.027760 159 159 159 308 404
3.463690 0.046859 -1.027768 159 159 159 312 404
3.453214 0.021801 -1.024660 159 159 159 316 404
3.453149 -0.003114 -1.024641 159 159 159 320 404
3.453084 -0.028029 -1.024621 159 159 159 324 404
3.453019 -0.052943 -1.024602 159 159 159 328 404
3.620114 -0.081625 -1.074184 154 154 154 332 404
3.620095 -0.107744 -1.074178 154 154 154 336 404
3.620075 -0.133863 -1.074172 154 154 154 340 404
3.620056 -0.159982 -1.074166 154 154 154 344 404
3.620036 -0.186101 -1.074160 154 154 154 348 404
3.620017 -0.212219 -1.074155 154 154 154 352 404
3.619998 -0.238337 -1.074149 154 154 154 356 404
3.619978 -0.264455 -1.074143 154 154 154 360 404
3.619958 -0.290572 -1.074137 154 154 154 364 404
3.619939 -0.316689 -1.074131 154 154 154 368 404
3.619920 -0.342806 -1.074126 154 154 154 372 404
3.619900 -0.368923 -1.074120 154 154 154 376 404
3.619881 -0.395039 -1.074114 154 154 154 380 404
3.619861 -0.421155 -1.074108 154 154 154 384 404
3.619842 -0.447271 -1.074103 154 154 154 388 404
3.619823 -0.473386 -1.074097 154 154 154 392 404
3.619803 -0.499501 -1.074091 154 154 154 396 404
3.619784 -0.525616 -1.074085 154 154 154 400 404
3.619764 -0.551731 -1.074080 154 154 154 404 404
3.619745 -0.577845 -1.074074 154 154 154 408 404
3.619726 -0.603959 -1.074068 154 154 154 412 404
3.619707 -0.630073 -1.074063 154 154 154 416 404
3.619687 -0.656187 -1.074057 154 154 154 420 404
3.619668 -0.682300 -1.074051 154 154 154 424 404
3.619649 -0.708413 -1.074045 154 154 154 428 404
3.619629 -0.734526 -1.074040 154 154 154 432 404
3.619610 -0.760638 -1.074034 154 154 154 436 404
3.619591 -0.786750 -1.074028 154 154 154 440 404
3.619571 -0.812862 -1.074022 154 154 154 444 404
3.619552 -0.838973 -1.074017 154 154 154 448 404
3.619540 -0.865086 -1.074013 154 154 154 452 404
4.867741 -1.198534 -1.444387 120 120 120 456 404
4.867715 -1.233649 -1.444379 120 120 120 460 404
4.867689 -1.268764 -1.444372 120 120 120 464 404
4.867663 -1.303879 -1.444364 120 120 120 468 404
4.867636 -1.338993 -1.444356 120 120 120 472 404
4.867611 -1.374107 -1.444349 120 120 120 476 404
4.867585 -1.409220 -1.444341 120 120 120 480 404
4.867558 -1.444333 -1.444333 120 120 120 484 404
4.867533 -1.479446 -1.444326 120 120 120 488 404
4.867507 -1.514558 -1.444318 120 120 120 492 404
4.867480 -1.549670 -1.444310 120 120 120 496 404
4.867455 -1.584782 -1.444302 120 120 120 500 404
4.867429 -1.619893 -1.444295 120 120 120 504 404
4.867403 -1.655003 -1.444287 120 120 120 508 404
4.867377 -1.690114 -1.444279 120 120 120 512 404
4.867350 -1.725224 -1.444271 120 120 120 516 404
4.867324 -1.760333 -1.444264 120 120 120 520 404
4.867299 -1.795443 -1.444256 120 120 120 524 404
4.867272 -1.830552 -1.444248 120 120 120 528 404
4.867247 -1.865660 -1.444241 120 120 120 532 404
4.867220 -1.900768 -1.444233 120 120 120 536 404
4.867194 -1.935876 -1.444225 120 120 120 540 404
4.867168 -1.970983 -1.444217 120 120 120 544 404
4.867142 -2.006090 -1.444209 120 120 120 548 404
4.867116 -2.041197 -1.444202 120 120 120 552 404
4.867090 -2.076303 -1.444194 120 120 120 556 404
4.867064 -2.111409 -1.444186 120 120 120 560 404
4.867038 -2.146515 -1.444179 120 120 120 564 404
4.867012 -2.181620 -1.444171 120 120 120 568 404
4.866986 -2.216725 -1.444163 120 120 120 572 404
4.866960 -2.251829 -1.444155 120 120 120 576 404
4.866934 -2.286933 -1.444148 120 120 120 580 404
4.866908 -2.322037 -1.444140 120 120 120 584 404
4.866882 -2.357140 -1.444132 120 120 120 588 404
4.866856 -2.392243 -1.444125 120 120 120 592 404
4.866830 -2.427345 -1.444117 120 120 120 596 404
4.866804 -2.462447 -1.444109 120 120 120 600 404
4.866778 -2.497550 -1.444101 120 120 120 604 404
4.866752 -2.532651 -1.444094 120 120 120 608 404
4.866726 -2.567752 -1.444086 120 120 120 612 404
4.866700 -2.602852 -1.444078 120 120 120 616 404
4.866673 -2.637952 -1.444070 120 120 120 620 404
4.866648 -2.673052 -1.444063 120 120 120 624 404
4.866622 -2.708152 -1.444055 120 120 120 628 404
4.866596 -2.743251 -1.444047 120 120 120 632 404
4.866570 -2.778350 -1.444040 120 120 120 636 404
4.810298 2.772255 -1.462049 121 121 121 0 408
4.810273 2.737533 -1.462041 121 121 121 4 408
4.810247 2.702811 -1.462034 121 121 121 8 408
4.810222 2.668090 -1.462026 121 121 121 12 408
4.810196 2.633369 -1.462018 121 121 121 16 408
4.810171 2.598649 -1.462011 121 121 121 20 408
4.810146 2.563929 -1.462003 121 121 121 24 408
4.810120 2.529209 -1.461995 121 121 121 28 408
4.810094 2.494490 -1.461987 121 121 121 32 408
4.810070 2.459771 -1.461980 121 121 121 36 408
4.810044 2.425052 -1.461972 121 121 121 40 408
3.687746 1.832622 -1.120859 152 152 152 44 408
3.685576 1.804951 -1.120199 152 152 152 48 408
3.693689 1.782274 -1.122665 152 152 152 52 408
3.709288 1.763037 -1.127407 152 152 152 56 408
3.730532 1.746218 -1.133864 151 151 151 60 408
3.763698 1.734586 -1.143944 150 150 150 64 408
3.976485 1.803963 -1.208619 144 144 144 68 408
3.990698 1.781617 -1.212939 144 144 144 72 408
4.019474 1.765462 -1.221685 143 143 143 76 408
4.809789 2.077887 -1.461895 121 121 121 80 408
4.809764 2.043172 -1.461887 121 121 121 84 408
4.809739 2.008458 -1.461879 121 121 121 88 408
4.809712 1.973744 -1.461871 121 121 121 92 408
4.809687 1.939030 -1.461864 121 121 121 96 408
4.809662 1.904318 -1.461857 121 121 121 100 408
4.809637 1.869605 -1.461849 121 121 121 104 408
4.809611 1.834892 -1.461841 121 121 121 108 408
4.809586 1.800180 -1.461833 121 121 121 112 408
4.809560 1.765469 -1.461826 121 121 121 116 408
4.809535 1.730758 -1.461818 121 121 121 120 408
4.809509 1.696047 -1.461810 121 121 121 124 408
4.809484 1.661336 -1.461803 121 121 121 128 408
4.809458 1.626626 -1.461795 121 121 121 132 408
4.809433 1.591916 -1.461787 121 121 121 136 408
3.574131 1.157245 -1.086327 155 155 155 140 408
3.574123 1.131454 -1.086325 155 155 155 144 408
3.574106 1.105661 -1.086320 155 155 155 148 408
3.574089 1.079867 -1.086314 155 155 155 152 408
3.574072 1.054075 -1.086309 155 155 155 156 408
3.574055 1.028282 -1.086304 155 155 155 160 408
3.574037 1.002489 -1.086299 155 155 155 164 408
3.574020 0.976697 -1.086294 155 155 155 168 408
3.574003 0.950905 -1.086288 155 155 155 172 408
3.573986 0.925113 -1.086283 155 155 155 176 408
3.573969 0.899322 -1.086278 155 155 155 180 408
3.573951 0.873531 -1.086273 155 155 155 184 408
3.573934 0.847740 -1.086268 155 155 155 188 408
3.573917 0.821949 -1.086262 155 155 155 192 408
3.573900 0.796159 -1.086257 155 155 155 196 408
3.573883 0.770369 -1.086252 155 155 155 200 408
3.573866 0.744579 -1.086247 155 155 155 204 408
3.573848 0.718789 -1.086241 155 155 155 208 408
3.573831 0.692999 -1.086236 155 155 155 212 408
3.573814 0.667210 -1.086231 155 155 155 216 408
3.573797 0.641421 -1.086226 155 155 155 220 408
3.573780 0.615632 -1.086221 155 155 155 224 408
3.573763 0.589844 -1.086215 155 155 155 228 408
3.573746 0.564056 -1.086210 155 155 155 232 408
3.573728 0.538268 -1.086205 155 155 155 236 408
3.573710 0.512480 -1.086200 155 155 155 240 408
3.573693 0.486692 -1.086194 155 155 155 244 408
3.573674 0.460905 -1.086189 155 155 155 248 408
3.573656 0.435118 -1.086183 155 155 155 252 408
3.573638 0.409331 -1.086178 155 155 155 256 408
3.573621 0.383544 -1.086172 155 155 155 260 408
3.573603 0.357758 -1.086167 155 155 155 264 408
3.573585 0.331972 -1.086161 155 155 155 268 408
3.573567 0.306186 -1.086156 155 155 155 272 408
3.573549 0.280401 -1.086150 155 155 155 276 408
3.439793 0.245087 -1.045496 159 159 159 280 408
3.439671 0.220260 -1.045459 159 159 159 284 408
3.439548 0.195435 -1.045422 159 159 159 288 408
3.445538 0.170915 -1.047243 159 159 159 292 408
3.446544 0.146097 -1.047548 159 159 159 296 408
3.424107 0.120440 -1.040729 160 160 160 300 408
3.419607 0.095609 -1.039361 160 160 160 304 408
3.440867 0.071377 -1.045823 159 159 159 308 408
3.446655 0.046628 -1.047582 159 159 159 312 408
3.438699 0.021710 -1.045164 159 159 159 316 408
3.438577 -0.003101 -1.045127 159 159 159 320 408
3.438455 -0.027910 -1.045090 159 159 159 324 408
3.438332 -0.052718 -1.045052 159 159 159 328 408
3.575346 -0.080615 -1.086697 155 155 155 332 408
3.575327 -0.106412 -1.086691 155 155 155 336 408
3.575308 -0.132208 -1.086685 155 155 155 340 408
3.575289 -0.158004 -1.086679 155 155 155 344 408
3.575271 -0.183799 -1.086674 155 155 155 348 408
3.575252 -0.209595 -1.086668 155 155 155 352 408
3.575233 -0.235390 -1.086662 155 155 155 356 408
3.575214 -0.261184 -1.086656 155 155 155 360 408
3.575195 -0.286979 -1.086650 155 155 155 364 408
3.575176 -0.312773 -1.086645 155 155 155 368 408
3.575157 -0.338567 -1.086639 155 155 155 372 408
3.575138 -0.364361 -1.086633 155 155 155 376 408
3.575119 -0.390154 -1.086627 155 155 155 380 408
3.575099 -0.415947 -1.086622 155 155 155 384 408
3.575080 -0.441740 -1.086616 155 155 155 388 408
3.575062 -0.467532 -1.086610 155 155 155 392 408
3.575043 -0.493325 -1.086604 155 155 155 396 408
3.575024 -0.519117 -1.086599 155 155 155 400 408
3.575005 -0.544909 -1.086593 155 155 155 404 408
3.574986 -0.570700 -1.086587 155 155 155 408 408
3.574967 -0.596491 -1.086581 155 155 155 412 408
3.574948 -0.622282 -1.086576 155 155 155 416 408
3.574930 -0.648073 -1.086570 155 155 155 420 408
3.574911 -0.673863 -1.086564 155 155 155 424 408
3.574892 -0.699653 -1.086558 155 155 155 428 408
3.574873 -0.725443 -1.086553 155 155 155 432 408
3.574854 -0.751233 -1.086547 155 155 155 436 408
3.574836 -0.777022 -1.086541 155 155 155 440 408
3.574817 -0.802811 -1.086536 155 155 155 444 408
3.574798 -0.828600 -1.086530 155 155 155 448 408
3.574780 -0.854389 -1.086524 155 155 155 452 408
3.574764 -0.880177 -1.086519 155 155 155 456 408
4.807374 -1.218357 -1.461161 121 121 121 460 408
4.807348 -1.253036 -1.461153 121 121 121 464 408
4.807323 -1.287716 -1.461146 121 121 121 468 408
4.807298 -1.322395 -1.461138 121 121 121 472 408
4.807272 -1.357073 -1.461130 121 121 121 476 408
4.807247 -1.391752 -1.461122 121 121 121 480 408
4.807221 -1.426429 -1.461115 121 121 121 484 408
4.807196 -1.461107 -1.461107 121 121 121 488 408
4.807171 -1.495784 -1.461099 121 121 121 492 408
4.807145 -1.530461 -1.461091 121 121 121 496 408
4.807119 -1.565137 -1.461084 121 121 121 500 408
4.807095 -1.599813 -1.461076 121 121 121 504 408
4.807069 -1.634489 -1.461068 121 121 121 508 408
4.807044 -1.669164 -1.461061 121 121 121 512 408
4.807018 -1.703839 -1.461053 121 121 121 516 408
4.806993 -1.738514 -1.461045 121 121 121 520 408
4.806968 -1.773188 -1.461038 121 121 121 524 408
4.806942 -1.807862 -1.461030 121 121 121 528 408
4.806917 -1.842535 -1.461022 121 121 121 532 408
4.806891 -1.877208 -1.461014 121 121 121 536 408
4.806866 -1.911881 -1.461007 121 121 121 540 408
4.806840 -1.946553 -1.460999 121 121 121 544 408
4.806815 -1.981225 -1.460991 121 121 121 548 408
4.806790 -2.015897 -1.460984 121 121 121 552 408
4.806764 -2.050568 -1.460976 121 121 121 556 408
4.806739 -2.085239 -1.460968 121 121 121 560 408
4.806714 -2.119910 -1.460960 121 121 121 564 408
4.806688 -2.154580 -1.460953 121 121 121 568 408
4.806663 -2.189250 -1.460945 121 121 121 572 408
4.806638 -2.223919 -1.460937 121 121 121 576 408
4.806612 -2.258588 -1.460929 121 121 121 580 408
4.806587 -2.293257 -1.460922 121 121 121 584 408
4.806561 -2.327925 -1.460914 121 121 121 588 408
4.806536 -2.362593 -1.460906 121 121 121 592 408
4.806511 -2.397261 -1.460899 121 121 121 596 408
4.806485 -2.431928 -1.460891 121 121 121 600 408
4.806459 -2.466595 -1.460883 121 121 121 604 408
4.806435 -2.501262 -1.460876 121 121 121 608 408
4.806409 -2.535928 -1.460868 121 121 121 612 408
4.806384 -2.570593 -1.460860 121 121 121 616 408
4.806358 -2.605259 -1.460852 121 121 121 620 408
4.806333 -2.639924 -1.460845 121 121 121 624 408
4.806307 -2.674589 -1.460837 121 121 121 628 408
4.806282 -2.709253 -1.460829 121 121 121 632 408
4.806257 -2.743917 -1.460821 121 121 121 636 408
4.751364 2.738290 -1.478419 123 123 123 0 412
4.751339 2.703994 -1.478411 123 123 123 4 412
4.751314 2.669697 -1.478403 123 123 123 8 412
4.751289 2.635402 -1.478396 123 123 123 12 412
4.751265 2.601107 -1.478388 123 123 123 16 412
4.751239 2.566812 -1.478380 123 123 123 20 412
4.751214 2.532517 -1.478372 123 123 123 24 412
4.751190 2.498223 -1.478365 123 123 123 28 412
4.751165 2.463929 -1.478357 123 123 123 32 412
4.751140 2.429636 -1.478349 123 123 123 36 412
4.751115 2.395342 -1.478341 123 123 123 40 412
3.694195 1.835827 -1.149474 152 152 152 44 412
3.693347 1.808757 -1.149210 152 152 152 48 412
3.702608 1.786577 -1.152091 152 152 152 52 412
3.718448 1.767391 -1.157020 151 151 151 56 412
3.741075 1.751153 -1.164061 151 151 151 60 412
3.774040 1.739353 -1.174318 150 150 150 64 412
3.984082 1.807409 -1.239674 144 144 144 68 412
4.000009 1.785774 -1.244630 144 144 144 72 412
4.029245 1.769754 -1.253727 143 143 143 76 412
4.750867 2.052431 -1.478264 123 123 123 80 412
4.750842 2.018142 -1.478257 123 123 123 84 412
4.750817 1.983853 -1.478249 123 123 123 88 412
4.750792 1.949565 -1.478242 123 123 123 92 412
4.750768 1.915277 -1.478234 123 123 123 96 412
4.750742 1.880989 -1.478226 123 123 123 100 412
4.750718 1.846702 -1.478219 123 123 123 104 412
4.750693 1.812415 -1.478211 123 123 123 108 412
4.750668 1.778128 -1.478203 123 123 123 112 412
4.750643 1.743842 -1.478195 123 123 123 116 412
4.750619 1.709556 -1.478188 123 123 123 120 412
4.750594 1.675271 -1.478180 123 123 123 124 412
4.750569 1.640985 -1.478172 123 123 123 128 412
4.750545 1.606701 -1.478165 123 123 123 132 412
3.530379 1.168551 -1.098502 157 157 157 136 412
3.530372 1.143076 -1.098500 157 157 157 140 412
3.530355 1.117598 -1.098494 157 157 157 144 412
3.530338 1.092121 -1.098489 157 157 157 148 412
3.530322 1.066644 -1.098484 157 157 157 152 412
3.530305 1.041167 -1.098479 157 157 157 156 412
3.530288 1.015690 -1.098473 157 157 157 160 412
3.530271 0.990213 -1.098468 157 157 157 164 412
3.530255 0.964737 -1.098463 157 157 157 168 412
3.530238 0.939261 -1.098458 157 157 157 172 412
3.530221 0.913785 -1.098453 157 157 157 176 412
3.530204 0.888310 -1.098447 157 157 157 180 412
3.530187 0.862834 -1.098442 157 157 157 184 412
3.530171 0.837359 -1.098437 157 157 157 188 412
3.530154 0.811884 -1.098432 157 157 157 192 412
3.530137 0.786410 -1.098426 157 157 157 196 412
3.530121 0.760935 -1.098421 157 157 157 200 412
3.530103 0.735461 -1.098416 157 157 157 204 412
3.530087 0.709987 -1.098411 157 157 157 208 412
3.530070 0.684514 -1.098406 157 157 157 212 412
3.530053 0.659040 -1.098400 157 157 157 216 412
3.530037 0.633567 -1.098395 157 157 157 220 412
3.530020 0.608094 -1.098390 157 157 157 224 412
3.530003 0.582621 -1.098385 157 157 157 228 412
3.529986 0.557149 -1.098379 157 157 157 232 412
3.529969 0.531677 -1.098374 157 157 157 236 412
3.529953 0.506205 -1.098369 157 157 157 240 412
3.529935 0.480733 -1.098364 157 157 157 244 412
3.529918 0.455262 -1.098358 157 157 157 248 412
3.529900 0.429790 -1.098353 157 157 157 252 412
3.529882 0.404319 -1.098347 157 157 157 256 412
3.529865 0.378848 -1.098342 157 157 157 260 412
3.529848 0.353378 -1.098336 157 157 157 264 412
3.529830 0.327907 -1.098331 157 157 157 268 412
3.529813 0.302437 -1.098325 157 157 157 272 412
3.529795 0.276968 -1.098320 157 157 157 276 412
3.438205 0.244974 -1.069821 159 159 159 280 412
3.438039 0.220155 -1.069770 159 159 159 284 412
3.437874 0.195340 -1.069718 159 159 159 288 412
3.444060 0.170842 -1.071643 159 159 159 292 412
3.400262 0.144135 -1.058015 160 160 160 296 412
3.366647 0.118419 -1.047555 161 161 161 300 412
3.364151 0.094058 -1.046779 161 161 161 304 412
3.386978 0.070259 -1.053882 161 161 161 308 412
3.445127 0.046608 -1.071975 159 159 159 312 412
3.436715 0.021697 -1.069358 159 159 159 316 412
3.436549 -0.003099 -1.069306 159 159 159 320 412
3.436384 -0.027894 -1.069255 159 159 159 324 412
3.436219 -0.052685 -1.069203 159 159 159 328 412
3.531672 -0.079631 -1.098904 157 157 157 332 412
3.531653 -0.105112 -1.098898 157 157 157 336 412
3.531635 -0.130593 -1.098892 157 157 157 340 412
3.531617 -0.156074 -1.098887 157 157 157 344 412
3.531598 -0.181554 -1.098881 157 157 157 348 412
3.531580 -0.207034 -1.098875 157 157 157 352 412
3.531561 -0.232514 -1.098869 157 157 157 356 412
3.531543 -0.257994 -1.098864 157 157 157 360 412
3.531524 -0.283473 -1.098858 157 157 157 364 412
3.531506 -0.308953 -1.098852 157 157 157 368 412
3.531487 -0.334431 -1.098846 157 157 157 372 412
3.531469 -0.359910 -1.098841 157 157 157 376 412
3.531450 -0.385388 -1.098835 157 157 157 380 412
3.531431 -0.410866 -1.098829 157 157 157 384 412
3.531413 -0.436344 -1.098823 157 157 157 388 412
3.531394 -0.461822 -1.098818 157 157 157 392 412
3.531376 -0.487299 -1.098812 157 157 157 396 412
3.531358 -0.512776 -1.098806 157 157 157 400 412
3.531339 -0.538253 -1.098800 157 157 157 404 412
3.531321 -0.563729 -1.098795 157 157 157 408 412
3.531302 -0.589206 -1.098789 157 157 157 412 412
3.531284 -0.614682 -1.098783 157 157 157 416 412
3.531266 -0.640157 -1.098778 157 157 157 420 412
3.531247 -0.665633 -1.098772 157 157 157 424 412
3.531229 -0.691108 -1.098766 157 157 157 428 412
3.531210 -0.716583 -1.098760 157 157 157 432 412
3.531192 -0.742057 -1.098755 157 157 157 436 412
3.531173 -0.767532 -1.098749 157 157 157 440 412
3.531155 -0.793006 -1.098743 157 157 157 444 412
3.531137 -0.818480 -1.098737 157 157 157 448 412
3.531118 -0.843953 -1.098732 157 157 157 452 412
3.531109 -0.869429 -1.098729 157 157 157 456 412
4.748510 -1.203439 -1.477531 123 123 123 460 412
4.748486 -1.237694 -1.477524 123 123 123 464 412
4.748460 -1.271949 -1.477516 123 123 123 468 412
4.748436 -1.306203 -1.477508 123 123 123 472 412
4.748411 -1.340457 -1.477501 123 123 123 476 412
4.748386 -1.374711 -1.477493 123 123 123 480 412
4.748362 -1.408964 -1.477485 123 123 123 484 412
4.748337 -1.443217 -1.477478 123 123 123 488 412
4.748312 -1.477470 -1.477470 123 123 123 492 412
4.748288 -1.511722 -1.477462 123 123 123 496 412
4.748263 -1.545974 -1.477454 123 123 123 500 412
4.748238 -1.580225 -1.477447 123 123 123 504 412
4.748213 -1.614477 -1.477439 123 123 123 508 412
4.748188 -1.648728 -1.477431 123 123 123 512 412
4.748163 -1.682978 -1.477423 123 123 123 516 412
4.748139 -1.717228 -1.477416 123 123 123 520 412
4.748114 -1.751478 -1.477408 123 123 123 524 412
4.748089 -1.785728 -1.477401 123 123 123 528 412
4.748065 -1.819977 -1.477393 123 123 123 532 412
4.748039 -1.854225 -1.477385 123 123 123 536 412
4.748015 -1.888474 -1.477377 123 123 123 540 412
4.747990 -1.922722 -1.477370 123 123 123 544 412
4.747965 -1.956969 -1.477362 123 123 123 548 412
4.747941 -1.991216 -1.477354 123 123 123 552 412
4.747916 -2.025464 -1.477347 123 123 123 556 412
4.747890 -2.059710 -1.477339 123 123 123 560 412
4.747866 -2.093956 -1.477331 123 123 123 564 412
4.747841 -2.128202 -1.477323 123 123 123 568 412
4.747817 -2.162447 -1.477316 123 123 123 572 412
4.747792 -2.196692 -1.477308 123 123 123 576 412
4.747767 -2.230938 -1.477300 123 123 123 580 412
4.747742 -2.265182 -1.477292 123 123 123 584 412
4.747717 -2.299426 -1.477285 123 123 123 588 412
4.747693 -2.333670 -1.477277 123 123 123 592 412
4.747668 -2.367913 -1.477269 123 123 123 596 412
4.747643 -2.402156 -1.477262 123 123 123 600 412
4.747619 -2.436399 -1.477254 123 123 123 604 412
4.747593 -2.470641 -1.477246 123 123 123 608 412
4.747569 -2.504883 -1.477239 123 123 123 612 412
4.747544 -2.539124 -1.477231 123 123 123 616 412
4.747519 -2.573365 -1.477223 123 123 123 620 412
4.747495 -2.607607 -1.477216 123 123 123 624 412
4.747469 -2.641847 -1.477208 123 123 123 628 412
4.747446 -2.676087 -1.477200 123 123 123 632 412
4.747420 -2.710327 -1.477192 123 123 123 636 412
4.693855 2.705147 -1.494392 124 124 124 0 416
4.693831 2.671266 -1.494384 124 124 124 4 416
4.693807 2.637385 -1.494377 124 124 124 8 416
4.693783 2.603505 -1.494369 124 124 124 12 416
4.693758 2.569625 -1.494361 124 124 124 16 416
4.693734 2.535745 -1.494353 124 124 124 20 416
4.693710 2.501866 -1.494346 124 124 124 24 416
4.693686 2.467987 -1.494338 124 124 124 28 416
4.693661 2.434108 -1.494330 124 124 124 32 416
4.693637 2.400230 -1.494323 124 124 124 36 416
3.723667 1.877340 -1.185511 151 151 151 40 416
3.700423 1.838922 -1.178111 152 152 152 44 416
3.700135 1.812081 -1.178019 152 152 152 48 416
3.709724 1.790011 -1.181072 152 152 152 52 416
3.723941 1.770001 -1.185598 151 151 151 56 416
3.746642 1.753759 -1.192826 151 151 151 60 416
3.782696 1.743342 -1.204304 150 150 150 64 416
3.992394 1.811180 -1.271066 144 144 144 68 416
4.008430 1.789533 -1.276172 143 143 143 72 416
4.037037 1.773177 -1.285280 143 143 143 76 416
4.096081 1.769556 -1.304077 141 141 141 80 416
4.693347 1.993718 -1.494230 124 124 124 84 416
4.693322 1.959845 -1.494223 124 124 124 88 416
4.693298 1.925971 -1.494215 124 124 124 92 416
4.693274 1.892098 -1.494208 124 124 124 96 416
4.693250 1.858226 -1.494200 124 124 124 100 416
4.693225 1.824353 -1.494192 124 124 124 104 416
4.693201 1.790481 -1.494184 124 124 124 108 416
4.693177 1.756610 -1.494177 124 124 124 112 416
4.693152 1.722739 -1.494169 124 124 124 116 416
4.693128 1.688867 -1.494161 124 124 124 120 416
4.693104 1.654997 -1.494154 124 124 124 124 416
4.693080 1.621127 -1.494146 124 124 124 128 416
3.494630 1.181933 -1.112593 158 158 158 132 416
3.487672 1.154415 -1.110378 158 158 158 136 416
3.487662 1.129248 -1.110374 158 158 158 140 416
3.487645 1.104078 -1.110369 158 158 158 144 416
3.487629 1.078909 -1.110364 158 158 158 148 416
3.487613 1.053740 -1.110359 158 158 158 152 416
3.487597 1.028571 -1.110354 158 158 158 156 416
3.487580 1.003403 -1.110348 158 158 158 160 416
3.487564 0.978234 -1.110343 158 158 158 164 416
3.487547 0.953066 -1.110338 158 158 158 168 416
3.487531 0.927898 -1.110333 158 158 158 172 416
3.487515 0.902731 -1.110327 158 158 158 176 416
3.487498 0.877563 -1.110322 158 158 158 180 416
3.487482 0.852396 -1.110317 158 158 158 184 416
3.487466 0.827229 -1.110312 158 158 158 188 416
3.487449 0.802063 -1.110307 158 158 158 192 416
3.487433 0.776896 -1.110301 158 158 158 196 416
3.487417 0.751730 -1.110296 158 158 158 200 416
3.487401 0.726564 -1.110291 158 158 158 204 416
3.487384 0.701399 -1.110286 158 158 158 208 416
3.487367 0.676233 -1.110281 158 158 158 212 416
3.487351 0.651068 -1.110275 158 158 158 216 416
3.487335 0.625903 -1.110270 158 158 158 220 416
3.487319 0.600738 -1.110265 158 158 158 224 416
3.487302 0.575574 -1.110260 158 158 158 228 416
3.487286 0.550409 -1.110254 158 158 158 232 416
3.487269 0.525245 -1.110249 158 158 158 236 416
3.487253 0.500082 -1.110244 158 158 158 240 416
3.487237 0.474918 -1.110239 158 158 158 244 416
3.487220 0.449755 -1.110234 158 158 158 248 416
3.487203 0.424591 -1.110228 158 158 158 252 416
3.487185 0.399429 -1.110223 158 158 158 256 416
3.487168 0.374266 -1.110217 158 158 158 260 416
3.487151 0.349103 -1.110212 158 158 158 264 416
3.487134 0.323941 -1.110206 158 158 158 268 416
3.487117 0.298779 -1.110201 158 158 158 272 416
3.487100 0.273618 -1.110195 158 158 158 276 416
3.465160 0.246894 -1.103210 158 158 158 280 416
3.464631 0.221858 -1.103042 158 158 158 284 416
3.464102 0.196830 -1.102873 159 159 159 288 416
3.487034 0.172973 -1.110174 158 158 158 292 416
3.355266 0.142228 -1.068223 162 162 162 296 416
3.325108 0.116958 -1.058622 162 162 162 300 416
3.324124 0.092939 -1.058308 162 162 162 304 416
3.347924 0.069449 -1.065886 162 162 162 308 416
3.489142 0.047203 -1.110846 158 158 158 312 416
3.460334 0.021846 -1.101674 159 159 159 316 416
3.459806 -0.003120 -1.101506 159 159 159 320 416
3.459279 -0.028079 -1.101338 159 159 159 324 416
3.458753 -0.053031 -1.101170 159 159 159 328 416
3.489052 -0.078670 -1.110817 158 158 158 332 416
3.489034 -0.103843 -1.110811 158 158 158 336 416
3.489016 -0.129017 -1.110805 158 158 158 340 416
3.488998 -0.154190 -1.110800 158 158 158 344 416
3.488980 -0.179363 -1.110794 158 158 158 348 416
3.488962 -0.204536 -1.110788 158 158 158 352 416
3.488943 -0.229708 -1.110782 158 158 158 356 416
3.488926 -0.254881 -1.110777 158 158 158 360 416
3.488908 -0.280053 -1.110771 158 158 158 364 416
3.488889 -0.305224 -1.110765 158 158 158 368 416
3.488872 -0.330396 -1.110759 158 158 158 372 416
3.488853 -0.355567 -1.110754 158 158 158 376 416
3.488835 -0.380738 -1.110748 158 158 158 380 416
3.488817 -0.405909 -1.110742 158 158 158 384 416
3.488799 -0.431079 -1.110736 158 158 158 388 416
3.488781 -0.456249 -1.110731 158 158 158 392 416
3.488763 -0.481419 -1.110725 158 158 158 396 416
3.488745 -0.506589 -1.110719 158 158 158 400 416
3.488727 -0.531758 -1.110713 158 158 158 404 416
3.488709 -0.556927 -1.110708 158 158 158 408 416
3.488691 -0.582096 -1.110702 158 158 158 412 416
3.488673 -0.607264 -1.110696 158 158 158 416 416
3.488655 -0.632433 -1.110690 158 158 158 420 416
3.488637 -0.657601 -1.110685 158 158 158 424 416
3.488619 -0.682769 -1.110679 158 158 158 428 416
3.488601 -0.707936 -1.110673 158 158 158 432 416
3.488583 -0.733103 -1.110668 158 158 158 436 416
3.488565 -0.758271 -1.110662 158 158 158 440 416
3.488547 -0.783437 -1.110656 158 158 158 444 416
3.488530 -0.808604 -1.110650 158 158 158 448 416
3.488512 -0.833770 -1.110645 158 158 158 452 416
3.488498 -0.858937 -1.110640 158 158 158 456 416
3.495629 -0.885915 -1.112911 158 158 158 460 416
4.691047 -1.222722 -1.493498 125 125 125 464 416
4.691022 -1.256563 -1.493491 125 125 125 468 416
4.690998 -1.290403 -1.493483 125 125 125 472 416
4.690974 -1.324243 -1.493475 125 125 125 476 416
4.690950 -1.358082 -1.493468 125 125 125 480 416
4.690926 -1.391921 -1.493460 125 125 125 484 416
4.690901 -1.425760 -1.493452 125 125 125 488 416
4.690877 -1.459599 -1.493444 125 125 125 492 416
4.690853 -1.493437 -1.493437 125 125 125 496 416
4.690829 -1.527274 -1.493429 125 125 125 500 416
4.690805 -1.561112 -1.493421 125 125 125 504 416
4.690781 -1.594949 -1.493413 125 125 125 508 416
4.690757 -1.628786 -1.493406 125 125 125 512 416
4.690732 -1.662622 -1.493398 125 125 125 516 416
4.690708 -1.696458 -1.493390 125 125 125 520 416
4.690684 -1.730294 -1.493383 125 125 125 524 416
4.690660 -1.764129 -1.493375 125 125 125 528 416
4.690636 -1.797964 -1.493367 125 125 125 532 416
4.690611 -1.831798 -1.493360 125 125 125 536 416
4.690587 -1.865632 -1.493352 125 125 125 540 416
4.690563 -1.899466 -1.493344 125 125 125 544 416
4.690539 -1.933300 -1.493337 125 125 125 548 416
4.690515 -1.967133 -1.493329 125 125 125 552 416
4.690491 -2.000966 -1.493321 125 125 125 556 416
4.690466 -2.034798 -1.493313 125 125 125 560 416
4.690442 -2.068630 -1.493306 125 125 125 564 416
4.690418 -2.102462 -1.493298 125 125 125 568 416
4.690394 -2.136294 -1.493290 125 125 125 572 416
4.690370 -2.170125 -1.493283 125 125 125 576 416
4.690345 -2.203955 -1.493275 125 125 125 580 416
4.690321 -2.237786 -1.493267 125 125 125 584 416
4.690297 -2.271616 -1.493260 125 125 125 588 416
4.690273 -2.305446 -1.493252 125 125 125 592 416
4.690249 -2.339275 -1.493244 125 125 125 596 416
4.690225 -2.373104 -1.493236 125 125 125 600 416
4.690200 -2.406933 -1.493229 125 125 125 604 416
4.690176 -2.440761 -1.493221 125 125 125 608 416
4.690152 -2.474589 -1.493213 125 125 125 612 416
4.690128 -2.508417 -1.493206 125 125 125 616 416
4.690104 -2.542244 -1.493198 125 125 125 620 416
4.690079 -2.576071 -1.493190 125 125 125 624 416
4.690056 -2.609898 -1.493183 125 125 125 628 416
4.690032 -2.643723 -1.493175 125 125 125 632 416
4.690007 -2.677549 -1.493167 125 125 125 636 416
4.637722 2.672796 -1.509983 126 126 126 0 420
4.637699 2.639321 -1.509976 126 126 126 4 420
4.637675 2.605845 -1.509968 126 126 126 8 420
4.637652 2.572371 -1.509960 126 126 126 12 420
4.637628 2.538896 -1.509952 126 126 126 16 420
4.637605 2.505422 -1.509945 126 126 126 20 420
4.637581 2.471948 -1.509937 126 126 126 24 420
4.637558 2.438474 -1.509929 126 126 126 28 420
4.637533 2.405000 -1.509922 126 126 126 32 420
4.637510 2.371527 -1.509914 126 126 126 36 420
3.721181 1.876086 -1.211569 151 151 151 40 420
3.705247 1.841319 -1.206381 152 152 152 44 420
3.706058 1.814982 -1.206645 152 152 152 48 420
3.713777 1.791966 -1.209158 152 152 152 52 420
3.726632 1.771281 -1.213344 151 151 151 56 420
3.750547 1.755586 -1.221130 151 151 151 60 420
3.790079 1.746745 -1.234001 149 149 149 64 420
4.002256 1.815654 -1.303084 144 144 144 68 420
4.017680 1.793663 -1.308105 143 143 143 72 420
4.044552 1.776477 -1.316854 142 142 142 76 420
4.096399 1.769694 -1.333736 141 141 141 80 420
4.637226 1.969879 -1.509822 126 126 126 84 420
4.637202 1.936410 -1.509815 126 126 126 88 420
4.637179 1.902942 -1.509807 126 126 126 92 420
4.637155 1.869474 -1.509799 126 126 126 96 420
4.637131 1.836007 -1.509791 126 126 126 100 420
4.637108 1.802539 -1.509784 126 126 126 104 420
4.637084 1.769072 -1.509776 126 126 126 108 420
4.637060 1.735606 -1.509768 126 126 126 112 420
4.637037 1.702140 -1.509760 126 126 126 116 420
4.637013 1.668674 -1.509753 126 126 126 120 420
4.636989 1.635208 -1.509745 126 126 126 124 420
4.636966 1.601743 -1.509737 126 126 126 128 420
3.445997 1.165484 -1.121973 159 159 159 132 420
3.445989 1.140618 -1.121970 159 159 159 136 420
3.445973 1.115749 -1.121965 159 159 159 140 420
3.445957 1.090881 -1.121960 159 159 159 144 420
3.445941 1.066013 -1.121955 159 159 159 148 420
3.445925 1.041144 -1.121950 159 159 159 152 420
3.445909 1.016277 -1.121945 159 159 159 156 420
3.445894 0.991409 -1.121939 159 159 159 160 420
3.445877 0.966541 -1.121934 159 159 159 164 420
3.445862 0.941674 -1.121929 159 159 159 168 420
3.445845 0.916807 -1.121924 159 159 159 172 420
3.445829 0.891941 -1.121918 159 159 159 176 420
3.445814 0.867074 -1.121913 159 159 159 180 420
3.445798 0.842208 -1.121908 159 159 159 184 420
3.445781 0.817342 -1.121903 159 159 159 188 420
3.445766 0.792476 -1.121898 159 159 159 192 420
3.445750 0.767611 -1.121893 159 159 159 196 420
3.445734 0.742745 -1.121887 159 159 159 200 420
3.445718 0.717880 -1.121882 159 159 159 204 420
3.445702 0.693015 -1.121877 159 159 159 208 420
3.445686 0.668151 -1.121872 159 159 159 212 420
3.445670 0.643286 -1.121866 159 159 159 216 420
3.445654 0.618422 -1.121861 159 159 159 220 420
3.445638 0.593558 -1.121856 159 159 159 224 420
3.445622 0.568694 -1.121851 159 159 159 228 420
3.445606 0.543831 -1.121846 159 159 159 232 420
3.445590 0.518968 -1.121840 159 159 159 236 420
3.445574 0.494105 -1.121835 159 159 159 240 420
3.445558 0.469242 -1.121830 159 159 159 244 420
3.445542 0.444379 -1.121825 159 159 159 248 420
3.445525 0.419517 -1.121819 159 159 159 252 420
3.445508 0.394655 -1.121814 159 159 159 256 420
3.445492 0.369793 -1.121809 159 159 159 260 420
3.445475 0.344931 -1.121803 159 159 159 264 420
3.445458 0.320070 -1.121798 159 159 159 268 420
3.445441 0.295208 -1.121792 159 159 159 272 420
3.445425 0.270348 -1.121787 159 159 159 276 420
3.445408 0.245487 -1.121781 159 159 159 280 420
3.445392 0.220626 -1.121776 159 159 159 284 420
3.445375 0.195766 -1.121770 159 159 159 288 420
3.445361 0.170906 -1.121766 159 159 159 292 420
3.326121 0.140993 -1.082943 162 162 162 296 420
3.325933 0.116987 -1.082882 162 162 162 300 420
3.325745 0.092985 -1.082821 162 162 162 304 420
3.325556 0.068985 -1.082759 162 162 162 308 420
3.447537 0.046640 -1.122474 159 159 159 312 420
3.447519 0.021765 -1.122468 159 159 159 316 420
3.447501 -0.003109 -1.122463 159 159 159 320 420
3.447484 -0.027984 -1.122457 159 159 159 324 420
3.447466 -0.052858 -1.122451 159 159 159 328 420
3.447448 -0.077732 -1.122446 159 159 159 332 420
3.447431 -0.102605 -1.122440 159 159 159 336 420
3.447413 -0.127479 -1.122434 159 159 159 340 420
3.447396 -0.152352 -1.122428 159 159 159 344 420
3.447378 -0.177225 -1.122423 159 159 159 348 420
3.447360 -0.202097 -1.122417 159 159 159 352 420
3.447343 -0.226970 -1.122411 159 159 159 356 420
3.447325 -0.251842 -1.122405 159 159 159 360 420
3.447307 -0.276713 -1.122400 159 159 159 364 420
3.447290 -0.301585 -1.122394 159 159 159 368 420
3.447272 -0.326456 -1.122388 159 159 159 372 420
3.447255 -0.351327 -1.122383 159 159 159 376 420
3.447237 -0.376198 -1.122377 159 159 159 380 420
3.447219 -0.401069 -1.122371 159 159 159 384 420
3.447202 -0.425939 -1.122365 159 159 159 388 420
3.447184 -0.450809 -1.122359 159 159 159 392 420
3.447166 -0.475679 -1.122354 159 159 159 396 420
3.447149 -0.500548 -1.122348 159 159 159 400 420
3.447131 -0.525418 -1.122342 159 159 159 404 420
3.447113 -0.550287 -1.122336 159 159 159 408 420
3.447096 -0.575156 -1.122331 159 159 159 412 420
3.447078 -0.600024 -1.122325 159 159 159 416 420
3.447061 -0.624892 -1.122319 159 159 159 420 420
3.447043 -0.649760 -1.122314 159 159 159 424 420
3.447026 -0.674628 -1.122308 159 159 159 428 420
3.447008 -0.699496 -1.122302 159 159 159 432 420
3.446991 -0.724363 -1.122296 159 159 159 436 420
3.446973 -0.749230 -1.122291 159 159 159 440 420
3.446955 -0.774097 -1.122285 159 159 159 444 420
3.446938 -0.798963 -1.122279 159 159 159 448 420
3.446921 -0.823830 -1.122274 159 159 159 452 420
3.446903 -0.848696 -1.122268 159 159 159 456 420
3.446895 -0.873564 -1.122265 159 159 159 460 420
4.634981 -1.208109 -1.509091 126 126 126 464 420
4.634957 -1.241545 -1.509083 126 126 126 468 420
4.634933 -1.274981 -1.509076 126 126 126 472 420
4.634910 -1.308416 -1.509068 126 126 126 476 420
4.634886 -1.341851 -1.509060 126 126 126 480 420
4.634862 -1.375286 -1.509052 126 126 126 484 420
4.634839 -1.408720 -1.509045 126 126 126 488 420
4.634815 -1.442155 -1.509037 126 126 126 492 420
4.634792 -1.475588 -1.509030 126 126 126 496 420
4.634768 -1.509022 -1.509022 126 126 126 500 420
4.634745 -1.542455 -1.509014 126 126 126 504 420
4.634721 -1.575887 -1.509006 126 126 126 508 420
4.634697 -1.609320 -1.508999 126 126 126 512 420
4.634674 -1.642752 -1.508991 126 126 126 516 420
4.634650 -1.676184 -1.508983 126 126 126 520 420
4.634626 -1.709615 -1.508976 126 126 126 524 420
4.634604 -1.743046 -1.508968 126 126 126 528 420
4.634579 -1.776477 -1.508960 126 126 126 532 420
4.634555 -1.809907 -1.508952 126 126 126 536 420
4.634532 -1.843337 -1.508945 126 126 126 540 420
4.634509 -1.876767 -1.508937 126 126 126 544 420
4.634485 -1.910196 -1.508930 126 126 126 548 420
4.634461 -1.943625 -1.508922 126 126 126 552 420
4.634438 -1.977054 -1.508914 126 126 126 556 420
4.634414 -2.010482 -1.508906 126 126 126 560 420
4.634391 -2.043910 -1.508899 126 126 126 564 420
4.634367 -2.077338 -1.508891 126 126 126 568 420
4.634344 -2.110765 -1.508883 126 126 126 572 420
4.634320 -2.144192 -1.508876 126 126 126 576 420
4.634296 -2.177619 -1.508868 126 126 126 580 420
4.634273 -2.211045 -1.508860 126 126 126 584 420
4.634249 -2.244471 -1.508853 126 126 126 588 420
4.634225 -2.277896 -1.508845 126 126 126 592 420
4.634202 -2.311321 -1.508837 126 126 126 596 420
4.634178 -2.344746 -1.508830 126 126 126 600 420
4.634154 -2.378171 -1.508822 126 126 126 604 420
4.634131 -2.411595 -1.508814 126 126 126 608 420
4.634108 -2.445019 -1.508806 126 126 126 612 420
4.634084 -2.478442 -1.508799 126 126 126 616 420
4.634060 -2.511866 -1.508791 126 126 126 620 420
4.634037 -2.545289 -1.508783 126 126 126 624 420
4.634013 -2.578711 -1.508776 126 126 126 628 420
4.633990 -2.612134 -1.508768 126 126 126 632 420
4.633966 -2.645555 -1.508760 126 126 126 636 420
4.582917 2.641211 -1.525206 128 128 128 0 424
4.582893 2.608131 -1.525198 128 128 128 4 424
4.582871 2.575052 -1.525191 128 128 128 8 424
4.582848 2.541972 -1.525183 128 128 128 12 424
4.582824 2.508893 -1.525175 128 128 128 16 424
4.582801 2.475815 -1.525168 128 128 128 20 424
4.582778 2.442736 -1.525160 128 128 128 24 424
4.582755 2.409658 -1.525152 128 128 128 28 424
4.582732 2.376581 -1.525144 128 128 128 32 424
4.582709 2.343503 -1.525137 128 128 128 36 424
3.721060 1.876025 -1.238378 151 151 151 40 424
3.708469 1.842920 -1.234188 152 152 152 44 424
3.710760 1.817284 -1.234950 152 152 152 48 424
3.718776 1.794379 -1.237618 151 151 151 52 424
3.732394 1.774019 -1.242150 151 151 151 56 424
3.756889 1.758555 -1.250302 150 150 150 60 424
3.806435 1.754283 -1.266791 149 149 149 64 424
4.013668 1.820831 -1.335758 143 143 143 68 424
4.026529 1.797613 -1.340039 143 143 143 72 424
4.050350 1.779024 -1.347967 142 142 142 76 424
4.094979 1.769080 -1.362820 141 141 141 80 424
4.582431 1.946602 -1.525045 128 128 128 84 424
4.582408 1.913529 -1.525037 128 128 128 88 424
4.582385 1.880456 -1.525030 128 128 128 92 424
4.582363 1.847384 -1.525022 128 128 128 96 424
4.582339 1.814312 -1.525014 128 128 128 100 424
4.582316 1.781241 -1.525007 128 128 128 104 424
4.582293 1.748169 -1.524999 128 128 128 108 424
4.582270 1.715098 -1.524991 128 128 128 112 424
4.582247 1.682028 -1.524984 128 128 128 116 424
4.582223 1.648957 -1.524976 128 128 128 120 424
4.582201 1.615888 -1.524968 128 128 128 124 424
3.405307 1.176293 -1.133295 160 160 160 128 424
3.405297 1.151719 -1.133292 160 160 160 132 424
3.405285 1.127145 -1.133288 160 160 160 136 424
3.405269 1.102570 -1.133282 160 160 160 140 424
3.405254 1.077995 -1.133277 160 160 160 144 424
3.405238 1.053421 -1.133272 160 160 160 148 424
3.405223 1.028847 -1.133267 160 160 160 152 424
3.405207 1.004272 -1.133262 160 160 160 156 424
3.405191 0.979699 -1.133257 160 160 160 160 424
3.405176 0.955125 -1.133251 160 160 160 164 424
3.405160 0.930552 -1.133246 160 160 160 168 424
3.405144 0.905978 -1.133241 160 160 160 172 424
3.405129 0.881405 -1.133236 160 160 160 176 424
3.405113 0.856833 -1.133231 160 160 160 180 424
3.405098 0.832260 -1.133225 160 160 160 184 424
3.405082 0.807688 -1.133220 160 160 160 188 424
3.405066 0.783116 -1.133215 160 160 160 192 424
3.405051 0.758544 -1.133210 160 160 160 196 424
3.405035 0.733973 -1.133205 160 160 160 200 424
3.405020 0.709401 -1.133199 160 160 160 204 424
3.405005 0.684830 -1.133194 160 160 160 208 424
3.404989 0.660259 -1.133189 160 160 160 212 424
3.404973 0.635688 -1.133184 160 160 160 216 424
3.404958 0.611118 -1.133179 160 160 160 220 424
3.404942 0.586548 -1.133173 160 160 160 224 424
3.404927 0.561978 -1.133168 160 160 160 228 424
3.404911 0.537408 -1.133163 160 160 160 232 424
3.404895 0.512838 -1.133158 160 160 160 236 424
3.404880 0.488269 -1.133153 160 160 160 240 424
3.404864 0.463700 -1.133148 160 160 160 244 424
3.404849 0.439131 -1.133142 160 160 160 248 424
3.404832 0.414562 -1.133137 160 160 160 252 424
3.404816 0.389994 -1.133132 160 160 160 256 424
3.404800 0.365426 -1.133126 160 160 160 260 424
3.404784 0.340857 -1.133121 160 160 160 264 424
3.404767 0.316290 -1.133115 160 160 160 268 424
3.404751 0.291722 -1.133110 160 160 160 272 424
3.404734 0.267155 -1.133104 160 160 160 276 424
3.404718 0.242588 -1.133099 160 160 160 280 424
3.404702 0.218021 -1.133094 160 160 160 284 424
3.404686 0.193454 -1.133088 160 160 160 288 424
3.404672 0.168888 -1.133084 160 160 160 292 424
3.333482 0.141305 -1.109391 162 162 162 296 424
3.333293 0.117246 -1.109329 162 162 162 300 424
3.333107 0.093190 -1.109266 162 162 162 304 424
3.332918 0.069137 -1.109204 162 162 162 308 424
3.406912 0.046091 -1.133829 160 160 160 312 424
3.406894 0.021509 -1.133823 160 160 160 316 424
3.406877 -0.003073 -1.133817 160 160 160 320 424
3.406860 -0.027654 -1.133812 160 160 160 324 424
3.406843 -0.052235 -1.133806 160 160 160 328 424
3.406825 -0.076816 -1.133800 160 160 160 332 424
3.406808 -0.101396 -1.133794 160 160 160 336 424
3.406791 -0.125976 -1.133789 160 160 160 340 424
3.406774 -0.150557 -1.133783 160 160 160 344 424
3.406756 -0.175136 -1.133777 160 160 160 348 424
3.406739 -0.199716 -1.133772 160 160 160 352 424
3.406722 -0.224295 -1.133766 160 160 160 356 424
3.406705 -0.248874 -1.133760 160 160 160 360 424
3.406687 -0.273453 -1.133754 160 160 160 364 424
3.406670 -0.298031 -1.133749 160 160 160 368 424
3.406653 -0.322610 -1.133743 160 160 160 372 424
3.406636 -0.347188 -1.133737 160 160 160 376 424
3.406618 -0.371765 -1.133731 160 160 160 380 424
3.406601 -0.396343 -1.133726 160 160 160 384 424
3.406584 -0.420920 -1.133720 160 160 160 388 424
3.406567 -0.445497 -1.133714 160 160 160 392 424
3.406550 -0.470074 -1.133708 160 160 160 396 424
3.406533 -0.494651 -1.133703 160 160 160 400 424
3.406516 -0.519227 -1.133697 160 160 160 404 424
3.406498 -0.543803 -1.133691 160 160 160 408 424
3.406481 -0.568379 -1.133685 160 160 160 412 424
3.406464 -0.592954 -1.133680 160 160 160 416 424
3.406446 -0.617530 -1.133674 160 160 160 420 424
3.406429 -0.642105 -1.133668 160 160 160 424 424
3.406412 -0.666680 -1.133663 160 160 160 428 424
3.406395 -0.691254 -1.133657 160 160 160 432 424
3.406378 -0.715829 -1.133651 160 160 160 436 424
3.406361 -0.740403 -1.133646 160 160 160 440 424
3.406344 -0.764977 -1.133640 160 160 160 444 424
3.406327 -0.789550 -1.133634 160 160 160 448 424
3.406310 -0.814123 -1.133628 160 160 160 452 424
3.406293 -0.838697 -1.133623 160 160 160 456 424
3.406282 -0.863271 -1.133619 160 160 160 460 424
4.580239 -1.193840 -1.524315 128 128 128 464 424
4.580216 -1.226882 -1.524308 128 128 128 468 424
4.580193 -1.259923 -1.524300 128 128 128 472 424
4.580170 -1.292963 -1.524292 128 128 128 476 424
4.580146 -1.326004 -1.524284 128 128 128 480 424
4.580124 -1.359044 -1.524277 128 128 128 484 424
4.580101 -1.392083 -1.524269 128 128 128 488 424
4.580077 -1.425122 -1.524261 128 128 128 492 424
4.580055 -1.458161 -1.524254 128 128 128 496 424
4.580032 -1.491200 -1.524246 128 128 128 500 424
4.580009 -1.524238 -1.524238 128 128 128 504 424
4.579985 -1.557276 -1.524231 128 128 128 508 424
4.579963 -1.590314 -1.524223 128 128 128 512 424
4.579939 -1.623351 -1.524215 128 128 128 516 424
4.579916 -1.656389 -1.524208 128 128 128 520 424
4.579894 -1.689425 -1.524200 128 128 128 524 424
4.579870 -1.722461 -1.524192 128 128 128 528 424
4.579847 -1.755497 -1.524185 128 128 128 532 424
4.579824 -1.788533 -1.524177 128 128 128 536 424
4.579801 -1.821568 -1.524169 128 128 128 540 424
4.579778 -1.854603 -1.524162 128 128 128 544 424
4.579755 -1.887638 -1.524154 128 128 128 548 424
4.579732 -1.920672 -1.524146 128 128 128 552 424
4.579709 -1.953707 -1.524139 128 128 128 556 424
4.579686 -1.986740 -1.524131 128 128 128 560 424
4.579663 -2.019773 -1.524123 128 128 128 564 424
4.579640 -2.052806 -1.524116 128 128 128 568 424
4.579617 -2.085839 -1.524108 128 128 128 572 424
4.579594 -2.118871 -1.524100 128 128 128 576 424
4.579571 -2.151903 -1.524093 128 128 128 580 424
4.579548 -2.184935 -1.524085 128 128 128 584 424
4.579525 -2.217966 -1.524077 128 128 128 588 424
4.579502 -2.250997 -1.524070 128 128 128 592 424
4.579479 -2.284028 -1.524062 128 128 128 596 424
4.579455 -2.317058 -1.524054 128 128 128 600 424
4.579432 -2.350088 -1.524047 128 128 128 604 424
4.579410 -2.383118 -1.524039 128 128 128 608 424
4.579386 -2.416147 -1.524031 128 128 128 612 424
4.579363 -2.449176 -1.524024 128 128 128 616 424
4.579340 -2.482205 -1.524016 128 128 128 620 424
4.579318 -2.515234 -1.524008 128 128 128 624 424
4.579294 -2.548261 -1.524001 128 128 128 628 424
4.579271 -2.581289 -1.523993 128 128 128 632 424
4.579248 -2.614316 -1.523985 128 128 128 636 424
4.529391 2.610363 -1.540073 129 129 129 0 428
4.529368 2.577670 -1.540065 129 129 129 4 428
4.529346 2.544977 -1.540058 129 129 129 8 428
4.529324 2.512284 -1.540050 129 129 129 12 428
4.529301 2.479591 -1.540042 129 129 129 16 428
4.529278 2.446899 -1.540035 129 129 129 20 428
4.529255 2.414207 -1.540027 129 129 129 24 428
4.529233 2.381516 -1.540019 129 129 129 28 428
4.529211 2.348825 -1.540012 129 129 129 32 428
4.529188 2.316134 -1.540004 129 129 129 36 428
3.721823 1.876410 -1.265485 151 151 151 40 428
3.710175 1.843768 -1.261525 152 152 152 44 428
3.713641 1.818696 -1.262704 152 152 152 48 428
3.723456 1.796637 -1.266041 151 151 151 52 428
3.739177 1.777243 -1.271386 151 151 151 56 428
3.763537 1.761667 -1.279669 150 150 150 60 428
4.022346 1.853790 -1.367669 143 143 143 64 428
4.023499 1.825292 -1.368061 143 143 143 68 428
4.034876 1.801340 -1.371930 143 143 143 72 428
4.055504 1.781288 -1.378944 142 142 142 76 428
4.092571 1.768040 -1.391547 141 141 141 80 428
4.528917 1.923869 -1.539913 129 129 129 84 428
4.528894 1.891183 -1.539905 129 129 129 88 428
4.528872 1.858496 -1.539897 129 129 129 92 428
4.528850 1.825810 -1.539890 129 129 129 96 428
4.528827 1.793125 -1.539882 129 129 129 100 428
4.528804 1.760440 -1.539874 129 129 129 104 428
4.528782 1.727755 -1.539867 129 129 129 108 428
4.528759 1.695070 -1.539859 129 129 129 112 428
4.528737 1.662385 -1.539851 129 129 129 116 428
4.528714 1.629701 -1.539843 129 129 129 120 428
4.528691 1.597018 -1.539836 129 129 129 124 428
3.365555 1.162561 -1.144349 161 161 161 128 428
3.365546 1.138275 -1.144346 161 161 161 132 428
3.365531 1.113987 -1.144341 161 161 161 136 428
3.365516 1.089699 -1.144335 161 161 161 140 428
3.365501 1.065411 -1.144330 161 161 161 144 428
3.365485 1.041123 -1.144325 161 161 161 148 428
3.365470 1.016836 -1.144320 161 161 161 152 428
3.365455 0.992549 -1.144315 161 161 161 156 428
3.365439 0.968262 -1.144309 161 161 161 160 428
3.365424 0.943975 -1.144304 161 161 161 164 428
3.365409 0.919689 -1.144299 161 161 161 168 428
3.365394 0.895402 -1.144294 161 161 161 172 428
3.365379 0.871116 -1.144289 161 161 161 176 428
3.365364 0.846831 -1.144284 161 161 161 180 428
3.365349 0.822545 -1.144278 161 161 161 184 428
3.365333 0.798260 -1.144273 161 161 161 188 428
3.365318 0.773974 -1.144268 161 161 161 192 428
3.365303 0.749689 -1.144263 161 161 161 196 428
3.365288 0.725405 -1.144258 161 161 161 200 428
3.365272 0.701120 -1.144252 161 161 161 204 428
3.365257 0.676836 -1.144247 161 161 161 208 428
3.365242 0.652552 -1.144242 161 161 161 212 428
3.365227 0.628268 -1.144237 161 161 161 216 428
3.365211 0.603984 -1.144232 161 161 161 220 428
3.365196 0.579701 -1.144227 161 161 161 224 428
3.365181 0.555418 -1.144221 161 161 161 228 428
3.365165 0.531135 -1.144216 161 161 161 232 428
3.365150 0.506852 -1.144211 161 161 161 236 428
3.365135 0.482570 -1.144206 161 161 161 240 428
3.365120 0.458287 -1.144201 161 161 161 244 428
3.365105 0.434005 -1.144196 161 161 161 248 428
3.365089 0.409723 -1.144190 161 161 161 252 428
3.365074 0.385442 -1.144185 161 161 161 256 428
3.365058 0.361160 -1.144180 161 161 161 260 428
3.365042 0.336879 -1.144174 161 161 161 264 428
3.365026 0.312598 -1.144169 161 161 161 268 428
3.365010 0.288317 -1.144163 161 161 161 272 428
3.364994 0.264036 -1.144158 161 161 161 276 428
3.364978 0.239756 -1.144153 161 161 161 280 428
3.364962 0.215476 -1.144147 161 161 161 284 428
3.364947 0.191196 -1.144142 161 161 161 288 428
3.364934 0.166917 -1.144138 161 161 161 292 428
3.367281 0.142737 -1.144936 161 161 161 296 428
3.340685 0.117506 -1.135892 162 162 162 300 428
3.340499 0.093397 -1.135829 162 162 162 304 428
3.367249 0.069850 -1.144925 161 161 161 308 428
3.367232 0.045554 -1.144919 161 161 161 312 428
3.367215 0.021258 -1.144913 161 161 161 316 428
3.367199 -0.003037 -1.144907 161 161 161 320 428
3.367182 -0.027332 -1.144902 161 161 161 324 428
3.367165 -0.051627 -1.144896 161 161 161 328 428
3.367148 -0.075921 -1.144890 161 161 161 332 428
3.367131 -0.100215 -1.144885 161 161 161 336 428
3.367115 -0.124509 -1.144879 161 161 161 340 428
3.367098 -0.148803 -1.144873 161 161 161 344 428
3.367081 -0.173097 -1.144867 161 161 161 348 428
3.367064 -0.197390 -1.144862 161 161 161 352 428
3.367047 -0.221683 -1.144856 161 161 161 356 428
3.367030 -0.245976 -1.144850 161 161 161 360 428
3.367014 -0.270268 -1.144845 161 161 161 364 428
3.366997 -0.294561 -1.144839 161 161 161 368 428
3.366980 -0.318853 -1.144833 161 161 161 372 428
3.366963 -0.343144 -1.144827 161 161 161 376 428
3.366946 -0.367436 -1.144822 161 161 161 380 428
3.366930 -0.391727 -1.144816 161 161 161 384 428
3.366913 -0.416019 -1.144810 161 161 161 388 428
3.366896 -0.440309 -1.144804 161 161 161 392 428
3.366879 -0.464600 -1.144799 161 161 161 396 428
3.366862 -0.488890 -1.144793 161 161 161 400 428
3.366846 -0.513181 -1.144787 161 161 161 404 428
3.366829 -0.537470 -1.144782 161 161 161 408 428
3.366812 -0.561760 -1.144776 161 161 161 412 428
3.366795 -0.586049 -1.144770 161 161 161 416 428
3.366778 -0.610339 -1.144764 161 161 161 420 428
3.366761 -0.634627 -1.144759 161 161 161 424 428
3.366745 -0.658916 -1.144753 161 161 161 428 428
3.366728 -0.683205 -1.144747 161 161 161 432 428
3.366712 -0.707493 -1.144742 161 161 161 436 428
3.366694 -0.731781 -1.144736 161 161 161 440 428
3.366678 -0.756069 -1.144730 161 161 161 444 428
3.366661 -0.780356 -1.144725 161 161 161 448 428
3.366644 -0.804643 -1.144719 161 161 161 452 428
3.366628 -0.828930 -1.144713 161 161 161 456 428
3.366613 -0.853217 -1.144708 161 161 161 460 428
3.366603 -0.877506 -1.144705 161 161 161 464 428
4.526753 -1.212561 -1.539176 129 129 129 468 428
4.526731 -1.245216 -1.539169 129 129 129 472 428
4.526708 -1.277871 -1.539161 129 129 129 476 428
4.526686 -1.310526 -1.539154 129 129 129 480 428
4.526663 -1.343180 -1.539146 129 129 129 484 428
4.526641 -1.375834 -1.539138 129 129 129 488 428
4.526618 -1.408488 -1.539131 129 129 129 492 428
4.526596 -1.441142 -1.539123 129 129 129 496 428
4.526573 -1.473795 -1.539115 129 129 129 500 428
4.526551 -1.506448 -1.539108 129 129 129 504 428
4.526528 -1.539100 -1.539100 129 129 129 508 428
4.526505 -1.571752 -1.539092 129 129 129 512 428
4.526483 -1.604404 -1.539085 129 129 129 516 428
4.526461 -1.637056 -1.539077 129 129 129 520 428
4.526438 -1.669706 -1.539069 129 129 129 524 428
4.526415 -1.702357 -1.539062 129 129 129 528 428
4.526393 -1.735008 -1.539054 129 129 129 532 428
4.526371 -1.767658 -1.539046 129 129 129 536 428
4.526348 -1.800308 -1.539039 129 129 129 540 428
4.526325 -1.832957 -1.539031 129 129 129 544 428
4.526303 -1.865607 -1.539024 129 129 129 548 428
4.526280 -1.898256 -1.539016 129 129 129 552 428
4.526258 -1.930904 -1.539008 129 129 129 556 428
4.526236 -1.963552 -1.539001 129 129 129 560 428
4.526213 -1.996200 -1.538993 129 129 129 564 428
4.526190 -2.028848 -1.538985 129 129 129 568 428
4.526168 -2.061495 -1.538978 129 129 129 572 428
4.526146 -2.094142 -1.538970 129 129 129 576 428
4.526123 -2.126789 -1.538962 129 129 129 580 428
4.526101 -2.159435 -1.538955 129 129 129 584 428
4.526078 -2.192081 -1.538947 129 129 129 588 428
4.526055 -2.224726 -1.538939 129 129 129 592 428
4.526033 -2.257372 -1.538932 129 129 129 596 428
4.526011 -2.290017 -1.538924 129 129 129 600 428
4.525988 -2.322661 -1.538916 129 129 129 604 428
4.525966 -2.355306 -1.538909 129 129 129 608 428
4.525943 -2.387950 -1.538901 129 129 129 612 428
4.525920 -2.420594 -1.538893 129 129 129 616 428
4.525898 -2.453237 -1.538886 129 129 129 620 428
4.525875 -2.485880 -1.538878 129 129 129 624 428
4.525853 -2.518523 -1.538870 129 129 129 628 428
4.525830 -2.551165 -1.538863 129 129 129 632 428
4.525808 -2.583807 -1.538855 129 129 129 636 428
4.477101 2.580228 -1.554597 130 130 130 0 432
4.477079 2.547912 -1.554589 130 130 130 4 432
4.477057 2.515596 -1.554582 130 130 130 8 432
4.477035 2.483281 -1.554574 130 130 130 12 432
4.477013 2.450966 -1.554566 130 130 130 16 432
4.476991 2.418652 -1.554559 130 130 130 20 432
4.476969 2.386337 -1.554551 130 130 130 24 432
4.476947 2.354023 -1.554543 130 130 130 28 432
4.476925 2.321710 -1.554536 130 130 130 32 432
4.476903 2.289396 -1.554528 130 130 130 36 432
3.723443 1.877227 -1.292902 151 151 151 40 432
3.713925 1.845631 -1.289597 152 152 152 44 432
3.717027 1.820354 -1.290674 152 152 152 48 432
3.727878 1.798770 -1.294442 151 151 151 52 432
3.743805 1.779443 -1.299972 151 151 151 56 432
3.769414 1.764418 -1.308865 150 150 150 60 432
4.033272 1.858826 -1.400486 143 143 143 64 432
4.032101 1.829194 -1.400079 143 143 143 68 432
4.041723 1.804397 -1.403420 143 143 143 72 432
4.059472 1.783031 -1.409583 142 142 142 76 432
4.095192 1.769172 -1.421986 141 141 141 80 432
4.476638 1.901661 -1.554437 130 130 130 84 432
4.476616 1.869352 -1.554429 130 130 130 88 432
4.476594 1.837043 -1.554421 130 130 130 92 432
4.476572 1.804735 -1.554414 130 130 130 96 432
4.476550 1.772426 -1.554406 130 130 130 100 432
4.476528 1.740119 -1.554398 130 130 130 104 432
4.476506 1.707811 -1.554391 130 130 130 108 432
4.476484 1.675504 -1.554383 130 130 130 112 432
4.476461 1.643197 -1.554375 130 130 130 116 432
4.476440 1.610890 -1.554368 130 130 130 120 432
3.326732 1.173154 -1.155151 162 162 162 124 432
3.326723 1.149147 -1.155148 162 162 162 128 432
3.326709 1.125140 -1.155143 162 162 162 132 432
3.326694 1.101132 -1.155138 162 162 162 136 432
3.326680 1.077124 -1.155133 162 162 162 140 432
3.326665 1.053117 -1.155128 162 162 162 144 432
3.326650 1.029109 -1.155123 162 162 162 148 432
3.326635 1.005102 -1.155118 162 162 162 152 432
3.326620 0.981095 -1.155113 162 162 162 156 432
3.326605 0.957089 -1.155107 162 162 162 160 432
3.326590 0.933082 -1.155102 162 162 162 164 432
3.326576 0.909076 -1.155097 162 162 162 168 432
3.326561 0.885070 -1.155092 162 162 162 172 432
3.326546 0.861065 -1.155087 162 162 162 176 432
3.326531 0.837059 -1.155081 162 162 162 180 432
3.326516 0.813054 -1.155076 162 162 162 184 432
3.326501 0.789049 -1.155071 162 162 162 188 432
3.326486 0.765044 -1.155066 162 162 162 192 432
3.326471 0.741039 -1.155061 162 162 162 196 432
3.326456 0.717034 -1.155056 162 162 162 200 432
3.326442 0.693030 -1.155050 162 162 162 204 432
3.326427 0.669026 -1.155045 162 162 162 208 432
3.326412 0.645022 -1.155040 162 162 162 212 432
3.326397 0.621019 -1.155035 162 162 162 216 432
3.326382 0.597015 -1.155030 162 162 162 220 432
3.326367 0.573012 -1.155025 162 162 162 224 432
3.326352 0.549009 -1.155019 162 162 162 228 432
3.326337 0.525006 -1.155014 162 162 162 232 432
3.326323 0.501004 -1.155009 162 162 162 236 432
3.326308 0.477002 -1.155004 162 162 162 240 432
3.326293 0.453000 -1.154999 162 162 162 244 432
3.326278 0.428998 -1.154994 162 162 162 248 432
3.326263 0.404996 -1.154988 162 162 162 252 432
3.326248 0.380994 -1.154983 162 162 162 256 432
3.326233 0.356993 -1.154978 162 162 162 260 432
3.326217 0.332992 -1.154972 162 162 162 264 432
3.326201 0.308991 -1.154967 162 162 162 268 432
3.326186 0.284991 -1.154962 162 162 162 272 432
3.326170 0.260990 -1.154956 162 162 162 276 432
3.326155 0.236990 -1.154951 162 162 162 280 432
3.326140 0.212990 -1.154945 162 162 162 284 432
3.326123 0.188990 -1.154940 162 162 162 288 432
3.326112 0.164991 -1.154936 162 162 162 292 432
3.328516 0.141094 -1.155771 162 162 162 296 432
3.328511 0.117078 -1.155769 162 162 162 300 432
3.328500 0.093062 -1.155765 162 162 162 304 432
3.328483 0.069045 -1.155759 162 162 162 308 432
3.328467 0.045029 -1.155754 162 162 162 312 432
3.328451 0.021014 -1.155748 162 162 162 316 432
3.328434 -0.003002 -1.155742 162 162 162 320 432
3.328418 -0.027017 -1.155737 162 162 162 324 432
3.328401 -0.051032 -1.155731 162 162 162 328 432
3.328385 -0.075047 -1.155725 162 162 162 332 432
3.328368 -0.099062 -1.155719 162 162 162 336 432
3.328352 -0.123076 -1.155714 162 162 162 340 432
3.328335 -0.147090 -1.155708 162 162 162 344 432
3.328319 -0.171104 -1.155702 162 162 162 348 432
3.328302 -0.195118 -1.155697 162 162 162 352 432
3.328286 -0.219131 -1.155691 162 162 162 356 432
3.328270 -0.243144 -1.155685 162 162 162 360 432
3.328253 -0.267157 -1.155679 162 162 162 364 432
3.328237 -0.291170 -1.155674 162 162 162 368 432
3.328220 -0.315182 -1.155668 162 162 162 372 432
3.328204 -0.339194 -1.155662 162 162 162 376 432
3.328187 -0.363206 -1.155657 162 162 162 380 432
3.328171 -0.387218 -1.155651 162 162 162 384 432
3.328155 -0.411230 -1.155645 162 162 162 388 432
3.328138 -0.435241 -1.155640 162 162 162 392 432
3.328122 -0.459252 -1.155634 162 162 162 396 432
3.328105 -0.483263 -1.155628 162 162 162 400 432
3.328089 -0.507273 -1.155622 162 162 162 404 432
3.328073 -0.531283 -1.155617 162 162 162 408 432
3.328056 -0.555294 -1.155611 162 162 162 412 432
3.328040 -0.579303 -1.155605 162 162 162 416 432
3.328023 -0.603313 -1.155599 162 162 162 420 432
3.328007 -0.627322 -1.155594 162 162 162 424 432
3.327991 -0.651331 -1.155588 162 162 162 428 432
3.327974 -0.675340 -1.155582 162 162 162 432 432
3.327958 -0.699349 -1.155577 162 162 162 436 432
3.327941 -0.723357 -1.155571 162 162 162 440 432
3.327925 -0.747366 -1.155566 162 162 162 444 432
3.327909 -0.771374 -1.155560 162 162 162 448 432
3.327892 -0.795381 -1.155554 162 162 162 452 432
3.327876 -0.819389 -1.155548 162 162 162 456 432
3.327860 -0.843396 -1.155543 162 162 162 460 432
3.327852 -0.867405 -1.155540 162 162 162 464 432
4.474524 -1.198570 -1.553702 131 131 131 468 432
4.474502 -1.230849 -1.553695 131 131 131 472 432
4.474480 -1.263127 -1.553687 131 131 131 476 432
4.474458 -1.295406 -1.553679 131 131 131 480 432
4.474436 -1.327683 -1.553672 131 131 131 484 432
4.474414 -1.359961 -1.553664 131 131 131 488 432
4.474392 -1.392238 -1.553657 131 131 131 492 432
4.474370 -1.424514 -1.553649 131 131 131 496 432
4.474348 -1.456791 -1.553641 131 131 131 500 432
4.474326 -1.489067 -1.553634 131 131 131 504 432
4.474304 -1.521343 -1.553626 131 131 131 508 432
4.474282 -1.553618 -1.553618 131 131 131 512 432
4.474259 -1.585893 -1.553611 131 131 131 516 432
4.474238 -1.618168 -1.553603 131 131 131 520 432
4.474216 -1.650443 -1.553595 131 131 131 524 432
4.474194 -1.682717 -1.553588 131 131 131 528 432
4.474172 -1.714991 -1.553580 131 131 131 532 432
4.474150 -1.747265 -1.553573 131 131 131 536 432
4.474128 -1.779538 -1.553565 131 131 131 540 432
4.474106 -1.811811 -1.553557 131 131 131 544 432
4.474084 -1.844084 -1.553550 131 131 131 548 432
4.474062 -1.876356 -1.553542 131 131 131 552 432
4.474040 -1.908628 -1.553534 131 131 131 556 432
4.474018 -1.940900 -1.553527 131 131 131 560 432
4.473996 -1.973171 -1.553519 131 131 131 564 432
4.473974 -2.005442 -1.553511 131 131 131 568 432
4.473952 -2.037713 -1.553504 131 131 131 572 432
4.473930 -2.069983 -1.553496 131 131 131 576 432
4.473908 -2.102253 -1.553488 131 131 131 580 432
4.473886 -2.134523 -1.553481 131 131 131 584 432
4.473864 -2.166792 -1.553473 131 131 131 588 432
4.473842 -2.199062 -1.553466 131 131 131 592 432
4.473820 -2.231330 -1.553458 131 131 131 596 432
4.473798 -2.263599 -1.553450 131 131 131 600 432
4.473776 -2.295867 -1.553443 131 131 131 604 432
4.473753 -2.328135 -1.553435 131 131 131 608 432
4.473732 -2.360403 -1.553427 131 131 131 612 432
4.473710 -2.392670 -1.553420 131 131 131 616 432
4.473688 -2.424937 -1.553412 131 131 131 620 432
4.473666 -2.457203 -1.553404 131 131 131 624 432
4.473644 -2.489470 -1.553397 131 131 131 628 432
4.473622 -2.521736 -1.553389 131 131 131 632 432
4.473600 -2.554001 -1.553381 131 131 131 636 432
4.426005 2.550780 -1.568789 132 132 132 0 436
4.425983 2.518833 -1.568782 132 132 132 4 436
4.425961 2.486887 -1.568774 132 132 132 8 436
4.425941 2.454940 -1.568766 132 132 132 12 436
4.425919 2.422994 -1.568759 132 132 132 16 436
4.425897 2.391049 -1.568751 132 132 132 20 436
4.425875 2.359103 -1.568743 132 132 132 24 436
4.425854 2.327158 -1.568736 132 132 132 28 436
4.425832 2.295213 -1.568728 132 132 132 32 436
4.425811 2.263269 -1.568720 132 132 132 36 436
3.729168 1.880113 -1.321797 151 151 151 40 436
3.720496 1.848897 -1.318723 151 151 151 44 436
3.723330 1.823440 -1.319727 151 151 151 48 436
3.732989 1.801237 -1.323151 151 151 151 52 436
3.749913 1.782346 -1.329149 151 151 151 56 436
3.777448 1.768179 -1.338910 150 150 150 60 436
4.043992 1.863766 -1.433386 142 142 142 64 436
4.038908 1.832281 -1.431584 143 143 143 68 436
4.047292 1.806883 -1.434556 142 142 142 72 436
4.062483 1.784353 -1.439940 142 142 142 76 436
4.095646 1.769368 -1.451695 141 141 141 80 436
4.425552 1.879960 -1.568629 132 132 132 84 436
4.425531 1.848020 -1.568622 132 132 132 88 436
4.425509 1.816080 -1.568614 132 132 132 92 436
4.425488 1.784140 -1.568606 132 132 132 96 436
4.425466 1.752201 -1.568599 132 132 132 100 436
4.425444 1.720261 -1.568591 132 132 132 104 436
4.425423 1.688323 -1.568584 132 132 132 108 436
4.425401 1.656384 -1.568576 132 132 132 112 436
4.425380 1.624446 -1.568568 132 132 132 116 436
4.425358 1.592508 -1.568561 132 132 132 120 436
3.288783 1.159771 -1.165704 163 163 163 124 436
3.288774 1.136039 -1.165700 163 163 163 128 436
3.288759 1.112304 -1.165695 163 163 163 132 436
3.288744 1.088570 -1.165690 163 163 163 136 436
3.288730 1.064837 -1.165685 163 163 163 140 436
3.288715 1.041103 -1.165680 163 163 163 144 436
3.288701 1.017370 -1.165674 163 163 163 148 436
3.288686 0.993636 -1.165669 163 163 163 152 436
3.288671 0.969904 -1.165664 163 163 163 156 436
3.288657 0.946171 -1.165659 163 163 163 160 436
3.288643 0.922438 -1.165654 163 163 163 164 436
3.288628 0.898706 -1.165648 163 163 163 168 436
3.288613 0.874974 -1.165643 163 163 163 172 436
3.288599 0.851242 -1.165638 163 163 163 176 436
3.288584 0.827510 -1.165633 163 163 163 180 436
3.288569 0.803779 -1.165628 163 163 163 184 436
3.288555 0.780048 -1.165623 163 163 163 188 436
3.288541 0.756317 -1.165617 163 163 163 192 436
3.288526 0.732586 -1.165612 163 163 163 196 436
3.288512 0.708855 -1.165607 163 163 163 200 436
3.288497 0.685125 -1.165602 163 163 163 204 436
3.288483 0.661395 -1.165597 163 163 163 208 436
3.288468 0.637665 -1.165592 163 163 163 212 436
3.288454 0.613935 -1.165587 163 163 163 216 436
3.288439 0.590205 -1.165581 163 163 163 220 436
3.288424 0.566476 -1.165576 163 163 163 224 436
3.288410 0.542747 -1.165571 163 163 163 228 436
3.288395 0.519018 -1.165566 163 163 163 232 436
3.288381 0.495289 -1.165561 163 163 163 236 436
3.288366 0.471561 -1.165556 163 163 163 240 436
3.288352 0.447832 -1.165550 163 163 163 244 436
3.288337 0.424104 -1.165545 163 163 163 248 436
3.288323 0.400376 -1.165540 163 163 163 252 436
3.288308 0.376649 -1.165535 163 163 163 256 436
3.288293 0.352921 -1.165530 163 163 163 260 436
3.288278 0.329194 -1.165524 163 163 163 264 436
3.288263 0.305467 -1.165519 163 163 163 268 436
3.288248 0.281740 -1.165514 163 163 163 272 436
3.288233 0.258013 -1.165508 163 163 163 276 436
3.288217 0.234287 -1.165503 163 163 163 280 436
3.288202 0.210561 -1.165498 163 163 163 284 436
3.288187 0.186835 -1.165492 163 163 163 288 436
3.288176 0.163109 -1.165488 163 163 163 292 436
3.290633 0.139488 -1.166359 163 163 163 296 436
3.290628 0.115745 -1.166358 163 163 163 300 436
3.290616 0.092002 -1.166353 163 163 163 304 436
3.290600 0.068260 -1.166348 163 163 163 308 436
3.290584 0.044517 -1.166342 163 163 163 312 436
3.290568 0.020774 -1.166336 163 163 163 316 436
3.290552 -0.002968 -1.166330 163 163 163 320 436
3.290535 -0.026710 -1.166324 163 163 163 324 436
3.290520 -0.050451 -1.166319 163 163 163 328 436
3.290504 -0.074193 -1.166313 163 163 163 332 436
3.290488 -0.097934 -1.166308 163 163 163 336 436
3.290472 -0.121675 -1.166302 163 163 163 340 436
3.290455 -0.145416 -1.166296 163 163 163 344 436
3.290439 -0.169157 -1.166291 163 163 163 348 436
3.290423 -0.192897 -1.166285 163 163 163 352 436
3.290407 -0.216637 -1.166279 163 163 163 356 436
3.290391 -0.240377 -1.166273 163 163 163 360 436
3.290375 -0.264117 -1.166268 163 163 163 364 436
3.290359 -0.287856 -1.166262 163 163 163 368 436
3.290343 -0.311595 -1.166256 163 163 163 372 436
3.290327 -0.335334 -1.166251 163 163 163 376 436
3.290311 -0.359073 -1.166245 163 163 163 380 436
3.290295 -0.382811 -1.166239 163 163 163 384 436
3.290279 -0.406550 -1.166234 163 163 163 388 436
3.290263 -0.430288 -1.166228 163 163 163 392 436
3.290247 -0.454025 -1.166222 163 163 163 396 436
3.290231 -0.477763 -1.166217 163 163 163 400 436
3.290215 -0.501500 -1.166211 163 163 163 404 436
3.290199 -0.525237 -1.166205 163 163 163 408 436
3.290182 -0.548974 -1.166199 163 163 163 412 436
3.290166 -0.572711 -1.166194 163 163 163 416 436
3.290151 -0.596447 -1.166188 163 163 163 420 436
3.290134 -0.620183 -1.166182 163 163 163 424 436
3.290118 -0.643919 -1.166177 163 163 163 428 436
3.290102 -0.667655 -1.166171 163 163 163 432 436
3.290086 -0.691391 -1.166165 163 163 163 436 436
3.290070 -0.715126 -1.166160 163 163 163 440 436
3.290054 -0.738861 -1.166154 163 163 163 444 436
3.290038 -0.762596 -1.166148 163 163 163 448 436
3.290022 -0.786330 -1.166143 163 163 163 452 436
3.290006 -0.810065 -1.166137 163 163 163 456 436
3.289991 -0.833799 -1.166131 163 163 163 460 436
3.289979 -0.857534 -1.166127 163 163 163 464 436
3.292419 -0.881925 -1.166992 163 163 163 468 436
4.423465 -1.216810 -1.567889 132 132 132 472 436
4.423443 -1.248720 -1.567882 132 132 132 476 436
4.423421 -1.280630 -1.567874 132 132 132 480 436
4.423400 -1.312539 -1.567866 132 132 132 484 436
4.423378 -1.344449 -1.567859 132 132 132 488 436
4.423357 -1.376358 -1.567851 132 132 132 492 436
4.423336 -1.408266 -1.567843 132 132 132 496 436
4.423314 -1.440175 -1.567836 132 132 132 500 436
4.423293 -1.472083 -1.567828 132 132 132 504 436
4.423271 -1.503991 -1.567821 132 132 132 508 436
4.423250 -1.535898 -1.567813 132 132 132 512 436
4.423228 -1.567805 -1.567805 132 132 132 516 436
4.423206 -1.599712 -1.567798 132 132 132 520 436
4.423185 -1.631619 -1.567790 132 132 132 524 436
4.423163 -1.663525 -1.567783 132 132 132 528 436
4.423141 -1.695431 -1.567775 132 132 132 532 436
4.423120 -1.727336 -1.567767 132 132 132 536 436
4.423099 -1.759242 -1.567760 132 132 132 540 436
4.423078 -1.791147 -1.567752 132 132 132 544 436
4.423056 -1.823051 -1.567744 132 132 132 548 436
4.423035 -1.854956 -1.567737 132 132 132 552 436
4.423013 -1.886860 -1.567729 132 132 132 556 436
4.422991 -1.918764 -1.567721 132 132 132 560 436
4.422970 -1.950667 -1.567714 132 132 132 564 436
4.422949 -1.982570 -1.567706 132 132 132 568 436
4.422927 -2.014473 -1.567699 132 132 132 572 436
4.422905 -2.046375 -1.567691 132 132 132 576 436
4.422884 -2.078278 -1.567683 132 132 132 580 436
4.422863 -2.110179 -1.567676 132 132 132 584 436
4.422841 -2.142081 -1.567668 132 132 132 588 436
4.422820 -2.173982 -1.567661 132 132 132 592 436
4.422798 -2.205883 -1.567653 132 132 132 596 436
4.422777 -2.237784 -1.567645 132 132 132 600 436
4.422755 -2.269684 -1.567638 132 132 132 604 436
4.422734 -2.301584 -1.567630 132 132 132 608 436
4.422712 -2.333484 -1.567622 132 132 132 612 436
4.422690 -2.365383 -1.567615 132 132 132 616 436
4.422669 -2.397282 -1.567607 132 132 132 620 436
4.422647 -2.429181 -1.567599 132 132 132 624 436
4.422626 -2.461080 -1.567592 132 132 132 628 436
4.422605 -2.492978 -1.567584 132 132 132 632 436
4.422583 -2.524875 -1.567577 132 132 132 636 436
4.376061 2.521997 -1.582661 133 133 133 0 440
4.376040 2.490411 -1.582654 133 133 133 4 440
4.376019 2.458825 -1.582646 133 133 133 8 440
4.375998 2.427239 -1.582638 133 133 133 12 440
4.375978 2.395653 -1.582631 133 133 133 16 440
4.375956 2.364069 -1.582623 133 133 133 20 440
4.375935 2.332484 -1.582615 133 133 133 24 440
4.375914 2.300899 -1.582608 133 133 133 28 440
4.375893 2.269315 -1.582600 133 133 133 32 440
4.375872 2.237731 -1.582592 133 133 133 36 440
3.737049 1.884086 -1.351554 151 151 151 40 440
3.730404 1.853821 -1.349150 151 151 151 44 440
3.731700 1.827540 -1.349619 151 151 151 48 440
3.740507 1.804864 -1.352804 151 151 151 52 440
3.757873 1.786130 -1.359086 150 150 150 56 440
3.783029 1.770791 -1.368183 150 150 150 60 440
3.836331 1.768061 -1.387461 148 148 148 64 440
4.047497 1.836178 -1.463832 142 142 142 68 440
4.054121 1.809932 -1.466228 142 142 142 72 440
4.068424 1.786963 -1.471401 142 142 142 76 440
4.095235 1.769191 -1.481097 141 141 141 80 440
4.375619 1.858749 -1.582502 133 133 133 84 440
4.375598 1.827169 -1.582494 133 133 133 88 440
4.375577 1.795589 -1.582487 133 133 133 92 440
4.375556 1.764010 -1.582479 133 133 133 96 440
4.375535 1.732431 -1.582471 133 133 133 100 440
4.375514 1.700852 -1.582464 133 133 133 104 440
4.375493 1.669274 -1.582456 133 133 133 108 440
4.375472 1.637696 -1.582448 133 133 133 112 440
4.375450 1.606118 -1.582441 133 133 133 116 440
3.251701 1.170156 -1.176022 164 164 164 120 440
3.251693 1.146691 -1.176019 164 164 164 124 440
3.251679 1.123225 -1.176013 164 164 164 128 440
3.251664 1.099759 -1.176008 164 164 164 132 440
3.251650 1.076292 -1.176003 164 164 164 136 440
3.251636 1.052826 -1.175998 164 164 164 140 440
3.251621 1.029360 -1.175993 164 164 164 144 440
3.251607 1.005895 -1.175988 164 164 164 148 440
3.251593 0.982429 -1.175983 164 164 164 152 440
3.251579 0.958964 -1.175977 164 164 164 156 440
3.251565 0.935499 -1.175972 164 164 164 160 440
3.251551 0.912034 -1.175967 164 164 164 164 440
3.251537 0.888570 -1.175962 164 164 164 168 440
3.251522 0.865105 -1.175957 164 164 164 172 440
3.251508 0.841641 -1.175952 164 164 164 176 440
3.251494 0.818177 -1.175947 164 164 164 180 440
3.251480 0.794714 -1.175941 164 164 164 184 440
3.251466 0.771250 -1.175936 164 164 164 188 440
3.251451 0.747787 -1.175931 164 164 164 192 440
3.251437 0.724324 -1.175926 164 164 164 196 440
3.251423 0.700861 -1.175921 164 164 164 200 440
3.251409 0.677398 -1.175916 164 164 164 204 440
3.251394 0.653935 -1.175911 164 164 164 208 440
3.251380 0.630473 -1.175905 164 164 164 212 440
3.251366 0.607011 -1.175900 164 164 164 216 440
3.251352 0.583549 -1.175895 164 164 164 220 440
3.251337 0.560087 -1.175890 164 164 164 224 440
3.251323 0.536626 -1.175885 164 164 164 228 440
3.251309 0.513165 -1.175880 164 164 164 232 440
3.251295 0.489703 -1.175875 164 164 164 236 440
3.251280 0.466242 -1.175869 164 164 164 240 440
3.251266 0.442782 -1.175864 164 164 164 244 440
3.251252 0.419321 -1.175859 164 164 164 248 440
3.251238 0.395861 -1.175854 164 164 164 252 440
3.251224 0.372401 -1.175849 164 164 164 256 440
3.251209 0.348941 -1.175844 164 164 164 260 440
3.251195 0.325482 -1.175839 164 164 164 264 440
3.251180 0.302022 -1.175833 164 164 164 268 440
3.251165 0.278563 -1.175828 164 164 164 272 440
3.251150 0.255104 -1.175822 164 164 164 276 440
3.251136 0.231645 -1.175817 164 164 164 280 440
3.251121 0.208186 -1.175812 164 164 164 284 440
3.251106 0.184728 -1.175806 164 164 164 288 440
3.251096 0.161270 -1.175803 164 164 164 292 440
3.253603 0.137919 -1.176709 164 164 164 296 440
3.253599 0.114443 -1.176708 164 164 164 300 440
3.253585 0.090967 -1.176703 164 164 164 304 440
3.253570 0.067491 -1.176697 164 164 164 308 440
3.253554 0.044016 -1.176692 164 164 164 312 440
3.253538 0.020541 -1.176686 164 164 164 316 440
3.253522 -0.002934 -1.176680 164 164 164 320 440
3.253507 -0.026409 -1.176674 164 164 164 324 440
3.253491 -0.049884 -1.176669 164 164 164 328 440
3.253475 -0.073358 -1.176663 164 164 164 332 440
3.253459 -0.096832 -1.176657 164 164 164 336 440
3.253444 -0.120306 -1.176652 164 164 164 340 440
3.238685 -0.143128 -1.171314 165 165 165 344 440
3.253412 -0.167253 -1.176641 164 164 164 348 440
3.253397 -0.190726 -1.176635 164 164 164 352 440
3.253381 -0.214199 -1.176629 164 164 164 356 440
3.253365 -0.237672 -1.176623 164 164 164 360 440
3.253350 -0.261145 -1.176618 164 164 164 364 440
3.253334 -0.284617 -1.176612 164 164 164 368 440
3.253318 -0.308089 -1.176606 164 164 164 372 440
3.253303 -0.331561 -1.176601 164 164 164 376 440
3.253287 -0.355032 -1.176595 164 164 164 380 440
3.253271 -0.378504 -1.176589 164 164 164 384 440
3.253256 -0.401975 -1.176584 164 164 164 388 440
3.253240 -0.425446 -1.176578 164 164 164 392 440
3.253224 -0.448917 -1.176572 164 164 164 396 440
3.253209 -0.472387 -1.176567 164 164 164 400 440
3.253192 -0.495857 -1.176561 164 164 164 404 440
3.253177 -0.519327 -1.176555 164 164 164 408 440
3.253161 -0.542797 -1.176550 164 164 164 412 440
3.253146 -0.566267 -1.176544 164 164 164 416 440
3.253130 -0.589736 -1.176538 164 164 164 420 440
3.253114 -0.613205 -1.176533 164 164 164 424 440
3.253098 -0.636674 -1.176527 164 164 164 428 440
3.253083 -0.660143 -1.176521 164 164 164 432 440
3.253067 -0.683611 -1.176516 164 164 164 436 440
3.253051 -0.707079 -1.176510 164 164 164 440 440
3.253036 -0.730547 -1.176504 164 164 164 444 440
3.253020 -0.754015 -1.176499 164 164 164 448 440
3.253005 -0.777483 -1.176493 164 164 164 452 440
3.252989 -0.800950 -1.176487 164 164 164 456 440
3.252974 -0.824417 -1.176482 164 164 164 460 440
3.252958 -0.847884 -1.176476 164 164 164 464 440
3.252952 -0.871354 -1.176474 164 164 164 468 440
4.373578 -1.203087 -1.581763 133 133 133 472 440
4.373557 -1.234637 -1.581756 133 133 133 476 440
4.373537 -1.266188 -1.581748 133 133 133 480 440
4.373515 -1.297737 -1.581741 133 133 133 484 440
4.373494 -1.329287 -1.581733 133 133 133 488 440
4.373474 -1.360836 -1.581726 133 133 133 492 440
4.373452 -1.392385 -1.581718 133 133 133 496 440
4.373431 -1.423934 -1.581710 133 133 133 500 440
4.373410 -1.455482 -1.581703 133 133 133 504 440
4.373389 -1.487030 -1.581695 133 133 133 508 440
4.373368 -1.518578 -1.581687 133 133 133 512 440
4.373347 -1.550125 -1.581680 133 133 133 516 440
4.373326 -1.581672 -1.581672 133 133 133 520 440
4.373305 -1.613219 -1.581664 133 133 133 524 440
4.373284 -1.644765 -1.581657 133 133 133 528 440
4.373263 -1.676312 -1.581649 133 133 133 532 440
4.373242 -1.707858 -1.581642 133 133 133 536 440
4.373221 -1.739403 -1.581634 133 133 133 540 440
4.373200 -1.770949 -1.581627 133 133 133 544 440
4.373179 -1.802494 -1.581619 133 133 133 548 440
4.373158 -1.834038 -1.581611 133 133 133 552 440
4.373137 -1.865583 -1.581604 133 133 133 556 440
4.373116 -1.897127 -1.581596 133 133 133 560 440
4.373095 -1.928670 -1.581589 133 133 133 564 440
4.373074 -1.960214 -1.581581 133 133 133 568 440
4.373053 -1.991757 -1.581574 133 133 133 572 440
4.373032 -2.023300 -1.581566 133 133 133 576 440
4.373011 -2.054842 -1.581558 133 133 133 580 440
4.372990 -2.086385 -1.581551 133 133 133 584 440
4.372969 -2.117927 -1.581543 133 133 133 588 440
4.372948 -2.149468 -1.581535 133 133 133 592 440
4.372927 -2.181010 -1.581528 133 133 133 596 440
4.372906 -2.212551 -1.581520 133 133 133 600 440
4.372885 -2.244092 -1.581513 133 133 133 604 440
4.372864 -2.275632 -1.581505 133 133 133 608 440
4.372843 -2.307172 -1.581497 133 133 133 612 440
4.372822 -2.338712 -1.581490 133 133 133 616 440
4.372801 -2.370251 -1.581482 133 133 133 620 440
4.372780 -2.401791 -1.581475 133 133 133 624 440
4.372759 -2.433330 -1.581467 133 133 133 628 440
4.372738 -2.464868 -1.581459 133 133 133 632 440
4.372716 -2.496406 -1.581452 133 133 133 636 440
4.327233 2.493856 -1.596223 135 135 135 0 444
4.327212 2.462622 -1.596216 135 135 135 4 444
4.327192 2.431389 -1.596208 135 135 135 8 444
4.327171 2.400156 -1.596201 135 135 135 12 444
4.327150 2.368923 -1.596193 135 135 135 16 444
4.327129 2.337690 -1.596185 135 135 135 20 444
4.327109 2.306458 -1.596178 135 135 135 24 444
4.327089 2.275226 -1.596170 135 135 135 28 444
4.327068 2.243994 -1.596163 135 135 135 32 444
4.327047 2.212763 -1.596155 135 135 135 36 444
3.776541 1.903997 -1.393085 150 150 150 40 444
3.742400 1.859782 -1.380491 151 151 151 44 444
3.742269 1.832716 -1.380443 151 151 151 48 444
3.750647 1.809757 -1.383534 151 151 151 52 444
3.765827 1.789910 -1.389133 150 150 150 56 444
3.788332 1.773273 -1.397435 150 150 150 60 444
3.829888 1.765092 -1.412764 148 148 148 64 444
4.057377 1.840660 -1.496680 142 142 142 68 444
4.061244 1.813111 -1.498106 142 142 142 72 444
4.073073 1.789005 -1.502470 142 142 142 76 444
4.094797 1.769001 -1.510484 141 141 141 80 444
4.326800 1.838011 -1.596064 135 135 135 84 444
4.326780 1.806783 -1.596057 135 135 135 88 444
4.326759 1.775556 -1.596049 135 135 135 92 444
4.326738 1.744329 -1.596042 135 135 135 96 444
4.326718 1.713103 -1.596034 135 135 135 100 444
4.326698 1.681877 -1.596027 135 135 135 104 444
4.326676 1.650650 -1.596019 135 135 135 108 444
4.326656 1.619425 -1.596011 135 135 135 112 444
3.217123 1.180925 -1.186728 165 165 165 116 444
3.215436 1.157106 -1.186106 165 165 165 120 444
3.215425 1.133902 -1.186102 165 165 165 124 444
3.215411 1.110697 -1.186097 165 165 165 128 444
3.215397 1.087492 -1.186092 165 165 165 132 444
3.215383 1.064288 -1.186087 165 165 165 136 444
3.215369 1.041084 -1.186081 165 165 165 140 444
3.215356 1.017880 -1.186076 165 165 165 144 444
3.215342 0.994676 -1.186071 165 165 165 148 444
3.215328 0.971472 -1.186066 165 165 165 152 444
3.215314 0.948269 -1.186061 165 165 165 156 444
3.215299 0.925065 -1.186056 165 165 165 160 444
3.215286 0.901862 -1.186051 165 165 165 164 444
3.215272 0.878660 -1.186045 165 165 165 168 444
3.215258 0.855457 -1.186040 165 165 165 172 444
3.215244 0.832254 -1.186035 165 165 165 176 444
3.215230 0.809052 -1.186030 165 165 165 180 444
3.215217 0.785850 -1.186025 165 165 165 184 444
3.215203 0.762648 -1.186020 165 165 165 188 444
3.215189 0.739447 -1.186015 165 165 165 192 444
3.215175 0.716245 -1.186010 165 165 165 196 444
3.215161 0.693044 -1.186004 165 165 165 200 444
3.215147 0.669843 -1.185999 165 165 165 204 444
3.215133 0.646642 -1.185994 165 165 165 208 444
3.215119 0.623442 -1.185989 165 165 165 212 444
3.215105 0.600241 -1.185984 165 165 165 216 444
3.215091 0.577041 -1.185979 165 165 165 220 444
3.215078 0.553841 -1.185974 165 165 165 224 444
3.215064 0.530641 -1.185969 165 165 165 228 444
3.215050 0.507442 -1.185963 165 165 165 232 444
3.215036 0.484242 -1.185958 165 165 165 236 444
3.215022 0.461043 -1.185953 165 165 165 240 444
3.215008 0.437844 -1.185948 165 165 165 244 444
3.214994 0.414645 -1.185943 165 165 165 248 444
3.214980 0.391446 -1.185938 165 165 165 252 444
3.214966 0.368248 -1.185933 165 165 165 256 444
3.214952 0.345050 -1.185928 165 165 165 260 444
3.214938 0.321852 -1.185922 165 165 165 264 444
3.214924 0.298654 -1.185917 165 165 165 268 444
3.214910 0.275456 -1.185912 165 165 165 272 444
3.214895 0.252259 -1.185906 165 165 165 276 444
3.214881 0.229062 -1.185901 165 165 165 280 444
3.214866 0.205865 -1.185896 165 165 165 284 444
3.214852 0.182668 -1.185891 165 165 165 288 444
3.214842 0.159471 -1.185887 165 165 165 292 444
3.217396 0.136384 -1.186829 165 165 165 296 444
3.217393 0.113169 -1.186828 165 165 165 300 444
3.217378 0.089955 -1.186822 165 165 165 304 444
3.217363 0.066740 -1.186817 165 165 165 308 444
3.217347 0.043526 -1.186811 165 165 165 312 444
3.217332 0.020312 -1.186805 165 165 165 316 444
3.217317 -0.002902 -1.186800 165 165 165 320 444
3.217302 -0.026115 -1.186794 165 165 165 324 444
3.217286 -0.049329 -1.186789 165 165 165 328 444
3.217271 -0.072542 -1.186783 165 165 165 332 444
3.217256 -0.095755 -1.186777 165 165 165 336 444
3.217240 -0.118967 -1.186772 165 165 165 340 444
3.203264 -0.141563 -1.181616 166 166 166 344 444
3.217209 -0.165392 -1.186760 165 165 165 348 444
3.217194 -0.188604 -1.186754 165 165 165 352 444
3.217179 -0.211816 -1.186749 165 165 165 356 444
3.217163 -0.235027 -1.186743 165 165 165 360 444
3.217148 -0.258239 -1.186737 165 165 165 364 444
3.217133 -0.281450 -1.186732 165 165 165 368 444
3.217117 -0.304661 -1.186726 165 165 165 372 444
3.217102 -0.327871 -1.186720 165 165 165 376 444
3.217087 -0.351082 -1.186715 165 165 165 380 444
3.217071 -0.374292 -1.186709 165 165 165 384 444
3.217056 -0.397502 -1.186703 165 165 165 388 444
3.217041 -0.420712 -1.186698 165 165 165 392 444
3.217025 -0.443921 -1.186692 165 165 165 396 444
3.217010 -0.467131 -1.186686 165 165 165 400 444
3.216994 -0.490340 -1.186681 165 165 165 404 444
3.216979 -0.513549 -1.186675 165 165 165 408 444
3.216964 -0.536757 -1.186669 165 165 165 412 444
3.216949 -0.559966 -1.186664 165 165 165 416 444
3.216933 -0.583174 -1.186658 165 165 165 420 444
3.216918 -0.606382 -1.186652 165 165 165 424 444
3.216902 -0.629590 -1.186647 165 165 165 428 444
3.216887 -0.652798 -1.186641 165 165 165 432 444
3.216872 -0.676005 -1.186635 165 165 165 436 444
3.216856 -0.699212 -1.186630 165 165 165 440 444
3.216841 -0.722419 -1.186624 165 165 165 444 444
3.216826 -0.745626 -1.186618 165 165 165 448 444
3.216810 -0.768832 -1.186613 165 165 165 452 444
3.216795 -0.792039 -1.186607 165 165 165 456 444
3.216780 -0.815245 -1.186602 165 165 165 460 444
3.216765 -0.838450 -1.186596 165 165 165 464 444
3.216755 -0.861658 -1.186592 165 165 165 468 444
4.324805 -1.189670 -1.595328 135 135 135 472 444
4.324784 -1.220869 -1.595321 135 135 135 476 444
4.324763 -1.252067 -1.595313 135 135 135 480 444
4.324743 -1.283265 -1.595306 135 135 135 484 444
4.324722 -1.314463 -1.595298 135 135 135 488 444
4.324702 -1.345661 -1.595290 135 135 135 492 444
4.324682 -1.376858 -1.595283 135 135 135 496 444
4.324661 -1.408055 -1.595275 135 135 135 500 444
4.324640 -1.439251 -1.595268 135 135 135 504 444
4.324620 -1.470448 -1.595260 135 135 135 508 444
4.324600 -1.501644 -1.595253 135 135 135 512 444
4.324579 -1.532839 -1.595245 135 135 135 516 444
4.324558 -1.564035 -1.595237 135 135 135 520 444
4.324538 -1.595230 -1.595230 135 135 135 524 444
4.324517 -1.626424 -1.595222 135 135 135 528 444
4.324496 -1.657619 -1.595214 135 135 135 532 444
4.324476 -1.688813 -1.595207 135 135 135 536 444
4.324455 -1.720007 -1.595199 135 135 135 540 444
4.324435 -1.751201 -1.595192 135 135 135 544 444
4.324414 -1.782394 -1.595184 135 135 135 548 444
4.324394 -1.813587 -1.595177 135 135 135 552 444
4.324373 -1.844780 -1.595169 135 135 135 556 444
4.324353 -1.875973 -1.595162 135 135 135 560 444
4.324332 -1.907164 -1.595154 135 135 135 564 444
4.324311 -1.938356 -1.595146 135 135 135 568 444
4.324291 -1.969548 -1.595139 135 135 135 572 444
4.324271 -2.000739 -1.595131 135 135 135 576 444
4.324250 -2.031930 -1.595124 135 135 135 580 444
4.324229 -2.063121 -1.595116 135 135 135 584 444
4.324209 -2.094311 -1.595108 135 135 135 588 444
4.324188 -2.125501 -1.595101 135 135 135 592 444
4.324168 -2.156691 -1.595093 135 135 135 596 444
4.324147 -2.187881 -1.595086 135 135 135 600 444
4.324127 -2.219070 -1.595078 135 135 135 604 444
4.324106 -2.250259 -1.595071 135 135 135 608 444
4.324086 -2.281447 -1.595063 135 135 135 612 444
4.324065 -2.312635 -1.595055 135 135 135 616 444
4.324045 -2.343823 -1.595048 135 135 135 620 444
4.324024 -2.375011 -1.595040 135 135 135 624 444
4.324004 -2.406199 -1.595033 135 135 135 628 444
4.323983 -2.437385 -1.595025 135 135 135 632 444
4.323962 -2.468572 -1.595018 135 135 135 636 444
4.279482 2.466336 -1.609487 136 136 136 0 448
4.279461 2.435447 -1.609479 136 136 136 4 448
4.279442 2.404559 -1.609471 136 136 136 8 448
4.279421 2.373670 -1.609464 136 136 136 12 448
4.279401 2.342782 -1.609456 136 136 136 16 448
4.279381 2.311895 -1.609449 136 136 136 20 448
4.279361 2.281007 -1.609441 136 136 136 24 448
4.279341 2.250120 -1.609433 136 136 136 28 448
4.279321 2.219233 -1.609426 136 136 136 32 448
4.279300 2.188346 -1.609418 136 136 136 36 448
4.279280 2.157460 -1.609411 136 136 136 40 448
3.754228 1.865660 -1.411943 150 150 150 44 448
3.753271 1.838104 -1.411583 151 151 151 48 448
3.760491 1.814507 -1.414298 150 150 150 52 448
3.771883 1.792789 -1.418582 150 150 150 56 448
3.791580 1.774794 -1.425990 149 149 149 60 448
3.828466 1.764436 -1.439863 148 148 148 64 448
4.071695 1.847156 -1.531340 142 142 142 68 448
4.070525 1.817255 -1.530900 142 142 142 72 448
4.080446 1.792243 -1.534631 141 141 141 76 448
4.098675 1.770677 -1.541487 141 141 141 80 448
4.147329 1.761772 -1.559786 140 140 140 84 448
4.279039 1.786847 -1.609321 136 136 136 88 448
4.279019 1.755965 -1.609313 136 136 136 92 448
4.278998 1.725083 -1.609305 136 136 136 96 448
4.278978 1.694201 -1.609298 136 136 136 100 448
4.278958 1.663319 -1.609290 136 136 136 104 448
4.278937 1.632438 -1.609282 136 136 136 108 448
4.278917 1.601557 -1.609275 136 136 136 112 448
3.179980 1.167291 -1.195971 166 166 166 116 448
3.179971 1.144343 -1.195968 166 166 166 120 448
3.179957 1.121394 -1.195963 166 166 166 124 448
3.179944 1.098446 -1.195958 166 166 166 128 448
3.179930 1.075497 -1.195953 166 166 166 132 448
3.179917 1.052548 -1.195947 166 166 166 136 448
3.179903 1.029600 -1.195942 166 166 166 140 448
3.179889 1.006652 -1.195937 166 166 166 144 448
3.179876 0.983704 -1.195932 166 166 166 148 448
3.179862 0.960757 -1.195927 166 166 166 152 448
3.179849 0.937809 -1.195922 166 166 166 156 448
3.179835 0.914862 -1.195917 166 166 166 160 448
3.179821 0.891915 -1.195912 166 166 166 164 448
3.179808 0.868968 -1.195907 166 166 166 168 448
3.179794 0.846021 -1.195901 166 166 166 172 448
3.179780 0.823075 -1.195896 166 166 166 176 448
3.179767 0.800129 -1.195891 166 166 166 180 448
3.179753 0.777182 -1.195886 166 166 166 184 448
3.179739 0.754237 -1.195881 166 166 166 188 448
3.179726 0.731291 -1.195876 166 166 166 192 448
3.179712 0.708345 -1.195871 166 166 166 196 448
3.179699 0.685400 -1.195866 166 166 166 200 448
3.179685 0.662455 -1.195860 166 166 166 204 448
3.179672 0.639510 -1.195855 166 166 166 208 448
3.179658 0.616565 -1.195850 166 166 166 212 448
3.179645 0.593621 -1.195845 166 166 166 216 448
3.179631 0.570677 -1.195840 166 166 166 220 448
3.179617 0.547733 -1.195835 166 166 166 224 448
3.179604 0.524789 -1.195830 166 166 166 228 448
3.179590 0.501845 -1.195825 166 166 166 232 448
3.179577 0.478901 -1.195820 166 166 166 236 448
3.179563 0.455958 -1.195814 166 166 166 240 448
3.179549 0.433015 -1.195809 166 166 166 244 448
3.179536 0.410072 -1.195804 166 166 166 248 448
3.179522 0.387129 -1.195799 166 166 166 252 448
3.179509 0.364187 -1.195794 166 166 166 256 448
3.179495 0.341244 -1.195789 166 166 166 260 448
3.179482 0.318302 -1.195784 166 166 166 264 448
3.179468 0.295360 -1.195779 166 166 166 268 448
3.179454 0.272418 -1.195773 166 166 166 272 448
3.179440 0.249477 -1.195768 166 166 166 276 448
3.179425 0.226535 -1.195763 166 166 166 280 448
3.179411 0.203594 -1.195757 166 166 166 284 448
3.179398 0.180653 -1.195752 166 166 166 288 448
3.179389 0.157713 -1.195749 166 166 166 292 448
3.181988 0.134883 -1.196726 166 166 166 296 448
3.181983 0.111924 -1.196725 166 166 166 300 448
3.181968 0.088965 -1.196719 166 166 166 304 448
3.181953 0.066006 -1.196713 166 166 166 308 448
3.181938 0.043047 -1.196708 166 166 166 312 448
3.181923 0.020089 -1.196702 166 166 166 316 448
3.181908 -0.002870 -1.196696 166 166 166 320 448
3.181893 -0.025828 -1.196691 166 166 166 324 448
3.181878 -0.048786 -1.196685 166 166 166 328 448
3.181863 -0.071743 -1.196679 166 166 166 332 448
3.181848 -0.094701 -1.196674 166 166 166 336 448
3.181834 -0.117658 -1.196668 166 166 166 340 448
3.167943 -0.140002 -1.191444 167 167 167 344 448
3.181803 -0.163572 -1.196657 166 166 166 348 448
3.181788 -0.186528 -1.196651 166 166 166 352 448
3.181773 -0.209485 -1.196645 166 166 166 356 448
3.181758 -0.232441 -1.196640 166 166 166 360 448
3.181743 -0.255397 -1.196634 166 166 166 364 448
3.181728 -0.278352 -1.196629 166 166 166 368 448
3.181713 -0.301308 -1.196623 166 166 166 372 448
3.181698 -0.324263 -1.196617 166 166 166 376 448
3.181683 -0.347218 -1.196612 166 166 166 380 448
3.181668 -0.370173 -1.196606 166 166 166 384 448
3.181653 -0.393128 -1.196600 166 166 166 388 448
3.181638 -0.416082 -1.196595 166 166 166 392 448
3.181623 -0.439036 -1.196589 166 166 166 396 448
3.181608 -0.461990 -1.196584 166 166 166 400 448
3.181593 -0.484944 -1.196578 166 166 166 404 448
3.181578 -0.507897 -1.196572 166 166 166 408 448
3.181563 -0.530851 -1.196566 166 166 166 412 448
3.181548 -0.553804 -1.196561 166 166 166 416 448
3.181533 -0.576757 -1.196555 166 166 166 420 448
3.181518 -0.599709 -1.196549 166 166 166 424 448
3.181503 -0.622662 -1.196544 166 166 166 428 448
3.181488 -0.645614 -1.196538 166 166 166 432 448
3.181473 -0.668566 -1.196533 166 166 166 436 448
3.181458 -0.691518 -1.196527 166 166 166 440 448
3.181443 -0.714469 -1.196521 166 166 166 444 448
3.181428 -0.737421 -1.196516 166 166 166 448 448
3.181413 -0.760372 -1.196510 166 166 166 452 448
3.181398 -0.783323 -1.196504 166 166 166 456 448
3.181383 -0.806274 -1.196499 166 166 166 460 448
3.181368 -0.829224 -1.196493 166 166 166 464 448
3.181355 -0.852175 -1.196488 166 166 166 468 448
3.181350 -0.875128 -1.196486 166 166 166 472 448
4.277087 -1.207404 -1.608586 136 136 136 476 448
4.277067 -1.238258 -1.608579 136 136 136 480 448
4.277047 -1.269113 -1.608571 136 136 136 484 448
4.277027 -1.299966 -1.608564 136 136 136 488 448
4.277006 -1.330820 -1.608556 136 136 136 492 448
4.276986 -1.361673 -1.608549 136 136 136 496 448
4.276966 -1.392526 -1.608541 136 136 136 500 448
4.276946 -1.423378 -1.608533 136 136 136 504 448
4.276926 -1.454231 -1.608526 136 136 136 508 448
4.276906 -1.485083 -1.608518 136 136 136 512 448
4.276886 -1.515934 -1.608511 136 136 136 516 448
4.276865 -1.546786 -1.608503 136 136 136 520 448
4.276845 -1.577637 -1.608496 136 136 136 524 448
4.276825 -1.608488 -1.608488 136 136 136 528 448
4.276805 -1.639339 -1.608480 136 136 136 532 448
4.276785 -1.670189 -1.608473 136 136 136 536 448
4.276765 -1.701039 -1.608465 136 136 136 540 448
4.276745 -1.731889 -1.608458 136 136 136 544 448
4.276725 -1.762738 -1.608450 136 136 136 548 448
4.276705 -1.793587 -1.608443 136 136 136 552 448
4.276685 -1.824436 -1.608435 136 136 136 556 448
4.276665 -1.855285 -1.608428 136 136 136 560 448
4.276645 -1.886133 -1.608420 136 136 136 564 448
4.276625 -1.916981 -1.608413 136 136 136 568 448
4.276604 -1.947828 -1.608405 136 136 136 572 448
4.276584 -1.978676 -1.608397 136 136 136 576 448
4.276564 -2.009523 -1.608390 136 136 136 580 448
4.276544 -2.040370 -1.608382 136 136 136 584 448
4.276524 -2.071216 -1.608375 136 136 136 588 448
4.276504 -2.102062 -1.608367 136 136 136 592 448
4.276484 -2.132908 -1.608359 136 136 136 596 448
4.276464 -2.163754 -1.608352 136 136 136 600 448
4.276443 -2.194600 -1.608344 136 136 136 604 448
4.276423 -2.225444 -1.608337 136 136 136 608 448
4.276403 -2.256289 -1.608329 136 136 136 612 448
4.276383 -2.287134 -1.608322 136 136 136 616 448
4.276363 -2.317978 -1.608314 136 136 136 620 448
4.276343 -2.348822 -1.608307 136 136 136 624 448
4.276323 -2.379666 -1.608299 136 136 136 628 448
4.276303 -2.410509 -1.608292 136 136 136 632 448
4.276283 -2.441352 -1.608284 136 136 136 636 448
4.232773 2.439417 -1.622460 137 137 137 0 452
4.232753 2.408866 -1.622453 137 137 137 4 452
4.232734 2.378314 -1.622445 137 137 137 8 452
4.232714 2.347763 -1.622437 137 137 137 12 452
4.232694 2.317212 -1.622430 137 137 137 16 452
4.232674 2.286662 -1.622422 137 137 137 20 452
4.232655 2.256112 -1.622415 137 137 137 24 452
4.232635 2.225562 -1.622407 137 137 137 28 452
4.232615 2.195012 -1.622400 137 137 137 32 452
4.232595 2.164463 -1.622392 137 137 137 36 452
4.232576 2.133914 -1.622385 137 137 137 40 452
3.766775 1.871895 -1.443840 150 150 150 44 452
3.762607 1.842676 -1.442242 150 150 150 48 452
3.768497 1.818370 -1.444499 150 150 150 52 452
3.779150 1.796243 -1.448583 150 150 150 56 452
3.796438 1.777068 -1.455210 149 149 149 60 452
3.828683 1.764536 -1.467569 148 148 148 64 452
4.084213 1.852835 -1.565516 141 141 141 68 452
4.081275 1.822054 -1.564390 141 141 141 72 452
4.088775 1.795902 -1.567265 141 141 141 76 452
4.102253 1.772223 -1.572432 141 141 141 80 452
4.127456 1.753330 -1.582092 140 140 140 84 452
4.151911 1.733761 -1.591466 139 139 139 88 452
4.232320 1.736801 -1.622287 137 137 137 92 452
4.232300 1.706256 -1.622280 137 137 137 96 452
4.232280 1.675712 -1.622272 137 137 137 100 452
4.232261 1.645167 -1.622264 137 137 137 104 452
4.232241 1.614622 -1.622257 137 137 137 108 452
3.145298 1.177254 -1.205622 167 167 167 112 452
3.145288 1.154556 -1.205618 167 167 167 116 452
3.145277 1.131858 -1.205613 167 167 167 120 452
3.145263 1.109160 -1.205608 167 167 167 124 452
3.145250 1.086461 -1.205603 167 167 167 128 452
3.145237 1.063763 -1.205598 167 167 167 132 452
3.145223 1.041065 -1.205593 167 167 167 136 452
3.145210 1.018367 -1.205588 167 167 167 140 452
3.145197 0.995670 -1.205583 167 167 167 144 452
3.145184 0.972972 -1.205578 167 167 167 148 452
3.145170 0.950275 -1.205573 167 167 167 152 452
3.145157 0.927578 -1.205568 167 167 167 156 452
3.145144 0.904881 -1.205563 167 167 167 160 452
3.145131 0.882184 -1.205558 167 167 167 164 452
3.145118 0.859488 -1.205552 167 167 167 168 452
3.145104 0.836792 -1.205547 167 167 167 172 452
3.145091 0.814095 -1.205542 167 167 167 176 452
3.145078 0.791400 -1.205537 167 167 167 180 452
3.145064 0.768704 -1.205532 167 167 167 184 452
3.145051 0.746008 -1.205527 167 167 167 188 452
3.145038 0.723313 -1.205522 167 167 167 192 452
3.145024 0.700618 -1.205517 167 167 167 196 452
3.145011 0.677923 -1.205512 167 167 167 200 452
3.144998 0.655228 -1.205507 167 167 167 204 452
3.144984 0.632534 -1.205501 167 167 167 208 452
3.144971 0.609839 -1.205496 167 167 167 212 452
3.144958 0.587145 -1.205491 167 167 167 216 452
3.144944 0.564451 -1.205486 167 167 167 220 452
3.144931 0.541757 -1.205481 167 167 167 224 452
3.144918 0.519064 -1.205476 167 167 167 228 452
3.144905 0.496370 -1.205471 167 167 167 232 452
3.144892 0.473677 -1.205466 167 167 167 236 452
3.144878 0.450984 -1.205461 167 167 167 240 452
3.144865 0.428291 -1.205455 167 167 167 244 452
3.144851 0.405599 -1.205450 167 167 167 248 452
3.144838 0.382906 -1.205445 167 167 167 252 452
3.144825 0.360214 -1.205440 167 167 167 256 452
3.144811 0.337522 -1.205435 167 167 167 260 452
3.144798 0.314830 -1.205430 167 167 167 264 452
3.144785 0.292138 -1.205425 167 167 167 268 452
3.144771 0.269447 -1.205420 167 167 167 272 452
3.144758 0.246755 -1.205415 167 167 167 276 452
3.144744 0.224064 -1.205409 167 167 167 280 452
3.144730 0.201373 -1.205404 167 167 167 284 452
3.144718 0.178683 -1.205399 167 167 167 288 452
3.145461 0.156030 -1.205684 167 167 167 292 452
3.147349 0.133415 -1.206408 167 167 167 296 452
3.147344 0.110706 -1.206406 167 167 167 300 452
3.147329 0.087996 -1.206400 167 167 167 304 452
3.147315 0.065287 -1.206395 167 167 167 308 452
3.147300 0.042578 -1.206389 167 167 167 312 452
3.147285 0.019870 -1.206383 167 167 167 316 452
3.147271 -0.002838 -1.206378 167 167 167 320 452
3.147256 -0.025547 -1.206372 167 167 167 324 452
3.147241 -0.048255 -1.206366 167 167 167 328 452
3.147227 -0.070962 -1.206361 167 167 167 332 452
3.147212 -0.093670 -1.206355 167 167 167 336 452
3.133391 -0.115867 -1.201058 168 168 168 340 452
3.147182 -0.139084 -1.206344 167 167 167 344 452
3.133379 -0.161082 -1.201053 168 168 168 348 452
3.147153 -0.184498 -1.206333 167 167 167 352 452
3.147139 -0.207204 -1.206327 167 167 167 356 452
3.147124 -0.229911 -1.206321 167 167 167 360 452
3.147109 -0.252617 -1.206316 167 167 167 364 452
3.147094 -0.275322 -1.206310 167 167 167 368 452
3.147080 -0.298028 -1.206304 167 167 167 372 452
3.147065 -0.320734 -1.206299 167 167 167 376 452
3.147050 -0.343439 -1.206293 167 167 167 380 452
3.147036 -0.366144 -1.206288 167 167 167 384 452
3.147021 -0.388848 -1.206282 167 167 167 388 452
3.147006 -0.411553 -1.206276 167 167 167 392 452
3.146991 -0.434257 -1.206271 167 167 167 396 452
3.146977 -0.456962 -1.206265 167 167 167 400 452
3.146962 -0.479666 -1.206259 167 167 167 404 452
3.146947 -0.502369 -1.206254 167 167 167 408 452
3.146933 -0.525073 -1.206248 167 167 167 412 452
3.146918 -0.547776 -1.206242 167 167 167 416 452
3.146903 -0.570479 -1.206237 167 167 167 420 452
3.146889 -0.593182 -1.206231 167 167 167 424 452
3.146874 -0.615885 -1.206226 167 167 167 428 452
3.146859 -0.638587 -1.206220 167 167 167 432 452
3.146845 -0.661289 -1.206214 167 167 167 436 452
3.146830 -0.683991 -1.206209 167 167 167 440 452
3.146815 -0.706693 -1.206203 167 167 167 444 452
3.146801 -0.729395 -1.206198 167 167 167 448 452
3.146786 -0.752096 -1.206192 167 167 167 452 452
3.146771 -0.774797 -1.206186 167 167 167 456 452
3.146757 -0.797498 -1.206181 167 167 167 460 452
3.146742 -0.820199 -1.206175 167 167 167 464 452
3.146727 -0.842900 -1.206169 167 167 167 468 452
3.146720 -0.865602 -1.206167 167 167 167 472 452
4.230430 -1.194233 -1.621563 137 137 137 476 452
4.230411 -1.224751 -1.621555 137 137 137 480 452
4.230391 -1.255268 -1.621547 137 137 137 484 452
4.230371 -1.285786 -1.621540 137 137 137 488 452
4.230352 -1.316303 -1.621533 137 137 137 492 452
4.230332 -1.346820 -1.621525 137 137 137 496 452
4.230312 -1.377336 -1.621517 137 137 137 500 452
4.230293 -1.407852 -1.621510 137 137 137 504 452
4.230273 -1.438368 -1.621502 137 137 137 508 452
4.230253 -1.468884 -1.621495 137 137 137 512 452
4.230234 -1.499399 -1.621487 137 137 137 516 452
4.230214 -1.529914 -1.621480 137 137 137 520 452
4.230194 -1.560428 -1.621472 137 137 137 524 452
4.230175 -1.590943 -1.621465 137 137 137 528 452
4.230155 -1.621457 -1.621457 137 137 137 532 452
4.230135 -1.651971 -1.621449 137 137 137 536 452
4.230116 -1.682485 -1.621442 137 137 137 540 452
4.230096 -1.712998 -1.621435 137 137 137 544 452
4.230076 -1.743511 -1.621427 137 137 137 548 452
4.230056 -1.774024 -1.621419 137 137 137 552 452
4.230037 -1.804536 -1.621412 137 137 137 556 452
4.230017 -1.835048 -1.621404 137 137 137 560 452
4.229998 -1.865560 -1.621397 137 137 137 564 452
4.229978 -1.896072 -1.621389 137 137 137 568 452
4.229959 -1.926583 -1.621382 137 137 137 572 452
4.229939 -1.957094 -1.621374 137 137 137 576 452
4.229919 -1.987605 -1.621367 137 137 137 580 452
4.229899 -2.018116 -1.621359 137 137 137 584 452
4.229880 -2.048625 -1.621351 137 137 137 588 452
4.229860 -2.079135 -1.621344 137 137 137 592 452
4.229840 -2.109645 -1.621336 137 137 137 596 452
4.229821 -2.140154 -1.621329 137 137 137 600 452
4.229801 -2.170663 -1.621321 137 137 137 604 452
4.229781 -2.201172 -1.621314 137 137 137 608 452
4.229762 -2.231680 -1.621306 137 137 137 612 452
4.229742 -2.262189 -1.621299 137 137 137 616 452
4.229722 -2.292697 -1.621291 137 137 137 620 452
4.229702 -2.323204 -1.621283 137 137 137 624 452
4.229683 -2.353712 -1.621276 137 137 137 628 452
4.229663 -2.384219 -1.621269 137 137 137 632 452
4.229644 -2.414725 -1.621261 137 137 137 636 452
4.187073 2.413080 -1.635154 138 138 138 0 456
4.187054 2.382858 -1.635146 138 138 138 4 456
4.187034 2.352636 -1.635138 138 138 138 8 456
4.187015 2.322415 -1.635131 138 138 138 12 456
4.186996 2.292194 -1.635123 138 138 138 16 456
4.186976 2.261974 -1.635116 138 138 138 20 456
4.186957 2.231754 -1.635108 138 138 138 24 456
4.186938 2.201534 -1.635101 138 138 138 28 456
4.186919 2.171314 -1.635094 138 138 138 32 456
4.186899 2.141094 -1.635086 138 138 138 36 456
4.186880 2.110875 -1.635079 138 138 138 40 456
3.779181 1.878060 -1.475862 150 150 150 44 456
3.773741 1.848129 -1.473738 150 150 150 48 456
3.778940 1.823409 -1.475769 150 150 150 52 456
3.787982 1.800441 -1.479300 150 150 150 56 456
3.805768 1.781435 -1.486245 149 149 149 60 456
3.833077 1.766561 -1.496910 148 148 148 64 456
3.884042 1.762026 -1.516814 147 147 147 68 456
4.115759 1.837450 -1.607305 140 140 140 72 456
4.113986 1.806975 -1.606612 141 141 141 76 456
4.113210 1.776956 -1.606309 141 141 141 80 456
4.113110 1.747236 -1.606270 141 141 141 84 456
4.116482 1.718967 -1.607587 140 140 140 88 456
4.128771 1.694309 -1.612386 140 140 140 92 456
4.147703 1.672151 -1.619779 140 140 140 96 456
4.163885 1.648631 -1.626099 139 139 139 100 456
4.186572 1.627407 -1.634959 138 138 138 104 456
4.186552 1.597192 -1.634951 138 138 138 108 456
3.111355 1.164549 -1.215060 168 168 168 112 456
3.111345 1.142097 -1.215056 168 168 168 116 456
3.111332 1.119643 -1.215051 168 168 168 120 456
3.111318 1.097189 -1.215046 168 168 168 124 456
3.111306 1.074736 -1.215041 168 168 168 128 456
3.111293 1.052283 -1.215036 168 168 168 132 456
3.111280 1.029830 -1.215031 168 168 168 136 456
3.111266 1.007377 -1.215026 168 168 168 140 456
3.111253 0.984924 -1.215021 168 168 168 144 456
3.111240 0.962472 -1.215015 168 168 168 148 456
3.111227 0.940019 -1.215010 168 168 168 152 456
3.111215 0.917568 -1.215005 168 168 168 156 456
3.111202 0.895116 -1.215000 168 168 168 160 456
3.111189 0.872664 -1.214995 168 168 168 164 456
3.111176 0.850212 -1.214990 168 168 168 168 456
3.111163 0.827761 -1.214985 168 168 168 172 456
3.111150 0.805310 -1.214980 168 168 168 176 456
3.111136 0.782859 -1.214975 168 168 168 180 456
3.111123 0.760408 -1.214970 168 168 168 184 456
3.111111 0.737958 -1.214965 168 168 168 188 456
3.111098 0.715507 -1.214960 168 168 168 192 456
3.111084 0.693057 -1.214954 168 168 168 196 456
3.111071 0.670607 -1.214949 168 168 168 200 456
3.111058 0.648157 -1.214944 168 168 168 204 456
3.111045 0.625708 -1.214939 168 168 168 208 456
3.111032 0.603258 -1.214934 168 168 168 212 456
3.111019 0.580809 -1.214929 168 168 168 216 456
3.111006 0.558360 -1.214924 168 168 168 220 456
3.110993 0.535911 -1.214919 168 168 168 224 456
3.110980 0.513462 -1.214914 168 168 168 228 456
3.110967 0.491014 -1.214908 168 168 168 232 456
3.110955 0.468566 -1.214904 168 168 168 236 456
3.110941 0.446118 -1.214899 168 168 168 240 456
3.110928 0.423670 -1.214893 168 168 168 244 456
3.110915 0.401222 -1.214888 168 168 168 248 456
3.110903 0.378774 -1.214883 168 168 168 252 456
3.110889 0.356327 -1.214878 168 168 168 256 456
3.110876 0.333880 -1.214873 168 168 168 260 456
3.110863 0.311433 -1.214868 168 168 168 264 456
3.110850 0.288986 -1.214863 168 168 168 268 456
3.110837 0.266539 -1.214858 168 168 168 272 456
3.110824 0.244093 -1.214853 168 168 168 276 456
3.110811 0.221647 -1.214847 168 168 168 280 456
3.110797 0.199200 -1.214842 168 168 168 284 456
3.110785 0.176755 -1.214838 168 168 168 288 456
3.114271 0.154483 -1.216199 168 168 168 292 456
3.113456 0.131978 -1.215881 168 168 168 296 456
3.113451 0.109513 -1.215879 168 168 168 300 456
3.113436 0.087049 -1.215873 168 168 168 304 456
3.113422 0.064584 -1.215867 168 168 168 308 456
3.113408 0.042120 -1.215862 168 168 168 312 456
3.113393 0.019656 -1.215856 168 168 168 316 456
3.113379 -0.002808 -1.215850 168 168 168 320 456
3.113365 -0.025272 -1.215845 168 168 168 324 456
3.113350 -0.047735 -1.215839 168 168 168 328 456
3.113336 -0.070198 -1.215834 168 168 168 332 456
3.113322 -0.092661 -1.215828 168 168 168 336 456
3.113307 -0.115124 -1.215822 168 168 168 340 456
3.105035 -0.137222 -1.212592 168 168 168 344 456
3.113278 -0.160049 -1.215811 168 168 168 348 456
3.113264 -0.182511 -1.215806 168 168 168 352 456
3.113250 -0.204973 -1.215800 168 168 168 356 456
3.113235 -0.227435 -1.215794 168 168 168 360 456
3.113221 -0.249896 -1.215789 168 168 168 364 456
3.113206 -0.272358 -1.215783 168 168 168 368 456
3.113192 -0.294819 -1.215778 168 168 168 372 456
3.113178 -0.317280 -1.215772 168 168 168 376 456
3.113163 -0.339741 -1.215766 168 168 168 380 456
3.113149 -0.362201 -1.215761 168 168 168 384 456
3.113135 -0.384661 -1.215755 168 168 168 388 456
3.113121 -0.407122 -1.215750 168 168 168 392 456
3.113106 -0.429581 -1.215744 168 168 168 396 456
3.113091 -0.452041 -1.215738 168 168 168 400 456
3.113077 -0.474501 -1.215733 168 168 168 404 456
3.113063 -0.496960 -1.215727 168 168 168 408 456
3.113048 -0.519419 -1.215721 168 168 168 412 456
3.113034 -0.541878 -1.215716 168 168 168 416 456
3.113020 -0.564337 -1.215710 168 168 168 420 456
3.113005 -0.586795 -1.215704 168 168 168 424 456
3.112991 -0.609253 -1.215699 168 168 168 428 456
3.112977 -0.631711 -1.215693 168 168 168 432 456
3.112962 -0.654169 -1.215688 168 168 168 436 456
3.112948 -0.676627 -1.215682 168 168 168 440 456
3.112934 -0.699084 -1.215677 168 168 168 444 456
3.112919 -0.721541 -1.215671 168 168 168 448 456
3.112905 -0.743998 -1.215665 168 168 168 452 456
3.112890 -0.766455 -1.215659 168 168 168 456 456
3.112876 -0.788912 -1.215654 168 168 168 460 456
3.112862 -0.811368 -1.215649 168 168 168 464 456
3.112847 -0.833824 -1.215643 168 168 168 468 456
3.112837 -0.856281 -1.215639 168 168 168 472 456
3.112831 -0.878739 -1.215636 168 168 168 476 456
4.184762 -1.211535 -1.634251 139 139 139 480 456
4.184741 -1.241723 -1.634244 139 139 139 484 456
4.184722 -1.271911 -1.634236 139 139 139 488 456
4.184703 -1.302099 -1.634229 139 139 139 492 456
4.184684 -1.332287 -1.634221 139 139 139 496 456
4.184665 -1.362474 -1.634213 139 139 139 500 456
4.184646 -1.392661 -1.634206 139 139 139 504 456
4.184627 -1.422847 -1.634199 139 139 139 508 456
4.184607 -1.453034 -1.634191 139 139 139 512 456
4.184588 -1.483220 -1.634184 139 139 139 516 456
4.184569 -1.513406 -1.634176 139 139 139 520 456
4.184549 -1.543591 -1.634168 139 139 139 524 456
4.184530 -1.573776 -1.634161 139 139 139 528 456
4.184511 -1.603961 -1.634153 139 139 139 532 456
4.184492 -1.634146 -1.634146 139 139 139 536 456
4.184473 -1.664330 -1.634138 139 139 139 540 456
4.184453 -1.694515 -1.634131 139 139 139 544 456
4.184434 -1.724699 -1.634123 139 139 139 548 456
4.184415 -1.754882 -1.634116 139 139 139 552 456
4.184395 -1.785065 -1.634108 139 139 139 556 456
4.184376 -1.815249 -1.634101 139 139 139 560 456
4.184357 -1.845431 -1.634093 139 139 139 564 456
4.184338 -1.875614 -1.634086 139 139 139 568 456
4.184319 -1.905796 -1.634078 139 139 139 572 456
4.184299 -1.935978 -1.634071 139 139 139 576 456
4.184280 -1.966159 -1.634063 139 139 139 580 456
4.184261 -1.996341 -1.634056 139 139 139 584 456
4.184241 -2.026522 -1.634048 139 139 139 588 456
4.184222 -2.056703 -1.634041 139 139 139 592 456
4.184203 -2.086883 -1.634033 139 139 139 596 456
4.184185 -2.117064 -1.634026 139 139 139 600 456
4.184165 -2.147243 -1.634018 139 139 139 604 456
4.184145 -2.177423 -1.634011 139 139 139 608 456
4.184126 -2.207603 -1.634003 139 139 139 612 456
4.184107 -2.237782 -1.633996 139 139 139 616 456
4.184088 -2.267961 -1.633988 139 139 139 620 456
4.184069 -2.298139 -1.633981 139 139 139 624 456
4.184049 -2.328317 -1.633973 139 139 139 628 456
4.184030 -2.358496 -1.633966 139 139 139 632 456
4.184011 -2.388673 -1.633958 139 139 139 636 456
4.142349 2.387305 -1.647576 140 140 140 0 460
4.142331 2.357406 -1.647568 140 140 140 4 460
4.142311 2.327507 -1.647561 140 140 140 8 460
4.142292 2.297609 -1.647553 140 140 140 12 460
4.142273 2.267711 -1.647546 140 140 140 16 460
4.142255 2.237814 -1.647538 140 140 140 20 460
4.142236 2.207916 -1.647531 140 140 140 24 460
4.142217 2.178019 -1.647524 140 140 140 28 460
4.142198 2.148122 -1.647516 140 140 140 32 460
4.142179 2.118226 -1.647509 140 140 140 36 460
4.142160 2.088329 -1.647502 140 140 140 40 460
3.791260 1.884063 -1.507935 149 149 149 44 460
3.785874 1.854070 -1.505792 150 150 150 48 460
3.789696 1.828599 -1.507312 149 149 149 52 460
3.795680 1.804100 -1.509693 149 149 149 56 460
3.812352 1.784517 -1.516324 149 149 149 60 460
3.836081 1.767946 -1.525762 148 148 148 64 460
3.871967 1.756547 -1.540035 147 147 147 68 460
4.125694 1.841885 -1.640952 140 140 140 72 460
4.141991 1.819275 -1.647434 140 140 140 76 460
4.141971 1.789381 -1.647426 140 140 140 80 460
4.141953 1.759488 -1.647419 140 140 140 84 460
4.107023 1.715017 -1.633526 141 141 141 88 460
4.107452 1.685560 -1.633696 141 141 141 92 460
4.114203 1.658645 -1.636382 141 141 141 96 460
4.120742 1.631550 -1.638983 140 140 140 100 460
4.141858 1.610026 -1.647381 140 140 140 104 460
3.078146 1.174329 -1.224301 169 169 169 108 460
3.078136 1.152116 -1.224297 169 169 169 112 460
3.078124 1.129902 -1.224292 169 169 169 116 460
3.078111 1.107688 -1.224287 169 169 169 120 460
3.078099 1.085474 -1.224282 169 169 169 124 460
3.078086 1.063261 -1.224277 169 169 169 128 460
3.078073 1.041047 -1.224272 169 169 169 132 460
3.078060 1.018834 -1.224267 169 169 169 136 460
3.078048 0.996621 -1.224262 169 169 169 140 460
3.078035 0.974408 -1.224257 169 169 169 144 460
3.078022 0.952196 -1.224251 169 169 169 148 460
3.078010 0.929983 -1.224247 169 169 169 152 460
3.077997 0.907771 -1.224241 169 169 169 156 460
3.077984 0.885559 -1.224236 169 169 169 160 460
3.077971 0.863347 -1.224231 169 169 169 164 460
3.077959 0.841135 -1.224226 169 169 169 168 460
3.077946 0.818923 -1.224221 169 169 169 172 460
3.077933 0.796712 -1.224216 169 169 169 176 460
3.077920 0.774501 -1.224211 169 169 169 180 460
3.077908 0.752290 -1.224206 169 169 169 184 460
3.077895 0.730079 -1.224201 169 169 169 188 460
3.077882 0.707868 -1.224196 169 169 169 192 460
3.077869 0.685658 -1.224191 169 169 169 196 460
3.077857 0.663447 -1.224186 169 169 169 200 460
3.077844 0.641237 -1.224180 169 169 169 204 460
3.077831 0.619027 -1.224175 169 169 169 208 460
3.077819 0.596818 -1.224170 169 169 169 212 460
3.077806 0.574608 -1.224165 169 169 169 216 460
3.077793 0.552399 -1.224160 169 169 169 220 460
3.077780 0.530190 -1.224155 169 169 169 224 460
3.077768 0.507981 -1.224150 169 169 169 228 460
3.077755 0.485772 -1.224145 169 169 169 232 460
3.077742 0.463563 -1.224140 169 169 169 236 460
3.077729 0.441355 -1.224135 169 169 169 240 460
3.077717 0.419147 -1.224130 169 169 169 244 460
3.077704 0.396938 -1.224125 169 169 169 248 460
3.077691 0.374731 -1.224120 169 169 169 252 460
3.077678 0.352523 -1.224115 169 169 169 256 460
3.077666 0.330315 -1.224110 169 169 169 260 460
3.077653 0.308108 -1.224105 169 169 169 264 460
3.077640 0.285901 -1.224099 169 169 169 268 460
3.077627 0.263694 -1.224094 169 169 169 272 460
3.077615 0.241487 -1.224089 169 169 169 276 460
3.077602 0.219280 -1.224084 169 169 169 280 460
3.077589 0.197074 -1.224079 169 169 169 284 460
3.077578 0.174868 -1.224075 169 169 169 288 460
3.083694 0.152966 -1.226507 169 169 169 292 460
3.080287 0.130572 -1.225152 169 169 169 296 460
3.080280 0.108347 -1.225149 169 169 169 300 460
3.080266 0.086121 -1.225144 169 169 169 304 460
3.080252 0.063896 -1.225138 169 169 169 308 460
3.080238 0.041671 -1.225133 169 169 169 312 460
3.080224 0.019447 -1.225127 169 169 169 316 460
3.080210 -0.002778 -1.225121 169 169 169 320 460
3.080196 -0.025002 -1.225116 169 169 169 324 460
3.080182 -0.047226 -1.225110 169 169 169 328 460
3.080168 -0.069450 -1.225105 169 169 169 332 460
3.080154 -0.091674 -1.225099 169 169 169 336 460
3.080139 -0.113898 -1.225093 169 169 169 340 460
3.080125 -0.136121 -1.225088 169 169 169 344 460
3.080111 -0.158344 -1.225082 169 169 169 348 460
3.080097 -0.180567 -1.225077 169 169 169 352 460
3.080083 -0.202789 -1.225071 169 169 169 356 460
3.080069 -0.225012 -1.225065 169 169 169 360 460
3.080055 -0.247234 -1.225060 169 169 169 364 460
3.080041 -0.269456 -1.225054 169 169 169 368 460
3.080027 -0.291678 -1.225049 169 169 169 372 460
3.080012 -0.313900 -1.225043 169 169 169 376 460
3.079998 -0.336121 -1.225037 169 169 169 380 460
3.079984 -0.358343 -1.225032 169 169 169 384 460
3.079970 -0.380564 -1.225026 169 169 169 388 460
3.079956 -0.402785 -1.225021 169 169 169 392 460
3.079942 -0.425005 -1.225015 169 169 169 396 460
3.079928 -0.447226 -1.225010 169 169 169 400 460
3.079914 -0.469446 -1.225004 169 169 169 404 460
3.079900 -0.491666 -1.224998 169 169 169 408 460
3.079886 -0.513886 -1.224993 169 169 169 412 460
3.079872 -0.536105 -1.224987 169 169 169 416 460
3.079858 -0.558325 -1.224981 169 169 169 420 460
3.079844 -0.580544 -1.224976 169 169 169 424 460
3.079830 -0.602763 -1.224970 169 169 169 428 460
3.079816 -0.624982 -1.224965 169 169 169 432 460
3.079802 -0.647201 -1.224959 169 169 169 436 460
3.079787 -0.669419 -1.224953 169 169 169 440 460
3.079773 -0.691637 -1.224948 169 169 169 444 460
3.079760 -0.713855 -1.224942 169 169 169 448 460
3.079745 -0.736073 -1.224937 169 169 169 452 460
3.079731 -0.758291 -1.224931 169 169 169 456 460
3.079717 -0.780508 -1.224925 169 169 169 460 460
3.079703 -0.802725 -1.224920 169 169 169 464 460
3.079689 -0.824942 -1.224914 169 169 169 468 460
3.079675 -0.847159 -1.224909 169 169 169 472 460
3.079670 -0.869378 -1.224907 169 169 169 476 460
4.140087 -1.198601 -1.646676 140 140 140 480 460
4.140068 -1.228467 -1.646669 140 140 140 484 460
4.140049 -1.258333 -1.646661 140 140 140 488 460
4.140030 -1.288199 -1.646654 140 140 140 492 460
4.140011 -1.318064 -1.646646 140 140 140 496 460
4.139992 -1.347929 -1.646639 140 140 140 500 460
4.139974 -1.377794 -1.646631 140 140 140 504 460
4.139955 -1.407658 -1.646624 140 140 140 508 460
4.139936 -1.437522 -1.646616 140 140 140 512 460
4.139917 -1.467386 -1.646609 140 140 140 516 460
4.139898 -1.497250 -1.646602 140 140 140 520 460
4.139879 -1.527113 -1.646594 140 140 140 524 460
4.139860 -1.556976 -1.646586 140 140 140 528 460
4.139842 -1.586839 -1.646579 140 140 140 532 460
4.139823 -1.616702 -1.646572 140 140 140 536 460
4.139804 -1.646564 -1.646564 140 140 140 540 460
4.139785 -1.676426 -1.646556 140 140 140 544 460
4.139766 -1.706288 -1.646549 140 140 140 548 460
4.139748 -1.736149 -1.646542 140 140 140 552 460
4.139729 -1.766011 -1.646534 140 140 140 556 460
4.139710 -1.795871 -1.646527 140 140 140 560 460
4.139691 -1.825732 -1.646519 140 140 140 564 460
4.139672 -1.855592 -1.646512 140 140 140 568 460
4.139653 -1.885453 -1.646504 140 140 140 572 460
4.139635 -1.915313 -1.646497 140 140 140 576 460
4.139616 -1.945172 -1.646489 140 140 140 580 460
4.139597 -1.975031 -1.646482 140 140 140 584 460
4.139578 -2.004890 -1.646474 140 140 140 588 460
4.139559 -2.034749 -1.646466 140 140 140 592 460
4.139541 -2.064608 -1.646459 140 140 140 596 460
4.139522 -2.094466 -1.646452 140 140 140 600 460
4.139503 -2.124324 -1.646444 140 140 140 604 460
4.139484 -2.154181 -1.646437 140 140 140 608 460
4.139465 -2.184039 -1.646429 140 140 140 612 460
4.139447 -2.213896 -1.646422 140 140 140 616 460
4.139428 -2.243753 -1.646414 140 140 140 620 460
4.139409 -2.273609 -1.646407 140 140 140 624 460
4.139390 -2.303466 -1.646399 140 140 140 628 460
4.139371 -2.333322 -1.646392 140 140 140 632 460
4.139352 -2.363178 -1.646384 140 140 140 636 460
4.098570 2.362074 -1.659736 141 141 141 0 464
4.098552 2.332492 -1.659728 141 141 141 4 464
4.098534 2.302909 -1.659721 141 141 141 8 464
4.098516 2.273327 -1.659713 141 141 141 12 464
4.098497 2.243745 -1.659706 141 141 141 16 464
4.098478 2.214164 -1.659698 141 141 141 20 464
4.098460 2.184582 -1.659691 141 141 141 24 464
4.098441 2.155001 -1.659684 141 141 141 28 464
4.098423 2.125421 -1.659676 141 141 141 32 464
4.098404 2.095840 -1.659669 141 141 141 36 464
4.098386 2.066260 -1.659661 141 141 141 40 464
3.806599 1.891686 -1.541501 149 149 149 44 464
3.798161 1.860088 -1.538084 149 149 149 48 464
3.799698 1.833425 -1.538706 149 149 149 52 464
3.802955 1.807558 -1.540025 149 149 149 56 464
3.818225 1.787266 -1.546209 149 149 149 60 464
3.839387 1.769469 -1.554778 148 148 148 64 464
3.869357 1.755363 -1.566915 147 147 147 68 464
4.098238 1.829627 -1.659601 141 141 141 72 464
4.098219 1.800050 -1.659594 141 141 141 76 464
4.098201 1.770472 -1.659587 141 141 141 80 464
4.098183 1.740895 -1.659579 141 141 141 84 464
4.098164 1.711318 -1.659571 141 141 141 88 464
4.098145 1.681741 -1.659564 141 141 141 92 464
4.098127 1.652164 -1.659557 141 141 141 96 464
4.098109 1.622588 -1.659549 141 141 141 100 464
4.098090 1.593012 -1.659542 141 141 141 104 464
3.045629 1.161924 -1.233342 170 170 170 108 464
3.045618 1.139945 -1.233338 170 170 170 112 464
3.045605 1.117965 -1.233333 170 170 170 116 464
3.045593 1.095986 -1.233328 170 170 170 120 464
3.045581 1.074007 -1.233323 170 170 170 124 464
3.045568 1.052028 -1.233318 170 170 170 128 464
3.045555 1.030049 -1.233312 170 170 170 132 464
3.045543 1.008071 -1.233308 170 170 170 136 464
3.045531 0.986093 -1.233302 170 170 170 140 464
3.045518 0.964115 -1.233297 170 170 170 144 464
3.045506 0.942137 -1.233292 170 170 170 148 464
3.045493 0.920159 -1.233287 170 170 170 152 464
3.045481 0.898181 -1.233282 170 170 170 156 464
3.045468 0.876204 -1.233277 170 170 170 160 464
3.045456 0.854227 -1.233272 170 170 170 164 464
3.045444 0.832249 -1.233267 170 170 170 168 464
3.045431 0.810273 -1.233262 170 170 170 172 464
3.045419 0.788296 -1.233257 170 170 170 176 464
3.045406 0.766319 -1.233252 170 170 170 180 464
3.045393 0.744343 -1.233247 170 170 170 184 464
3.045381 0.722367 -1.233242 170 170 170 188 464
3.045368 0.700391 -1.233237 170 170 170 192 464
3.045356 0.678415 -1.233232 170 170 170 196 464
3.045344 0.656439 -1.233227 170 170 170 200 464
3.045331 0.634464 -1.233222 170 170 170 204 464
3.045319 0.612488 -1.233217 170 170 170 208 464
3.045306 0.590513 -1.233212 170 170 170 212 464
3.045294 0.568538 -1.233207 170 170 170 216 464
3.045281 0.546564 -1.233202 170 170 170 220 464
3.045269 0.524589 -1.233197 170 170 170 224 464
3.045257 0.502615 -1.233191 170 170 170 228 464
3.045244 0.480641 -1.233186 170 170 170 232 464
3.045231 0.458667 -1.233181 170 170 170 236 464
3.045219 0.436693 -1.233176 170 170 170 240 464
3.045207 0.414719 -1.233171 170 170 170 244 464
3.045194 0.392746 -1.233166 170 170 170 248 464
3.045181 0.370772 -1.233161 170 170 170 252 464
3.045169 0.348799 -1.233156 170 170 170 256 464
3.045157 0.326826 -1.233151 170 170 170 260 464
3.045144 0.304854 -1.233146 170 170 170 264 464
3.045132 0.282881 -1.233141 170 170 170 268 464
3.045119 0.260909 -1.233136 170 170 170 272 464
3.045106 0.238936 -1.233131 170 170 170 276 464
3.045094 0.216964 -1.233126 170 170 170 280 464
3.045082 0.194992 -1.233121 170 170 170 284 464
3.045071 0.173021 -1.233117 170 170 170 288 464
3.053712 0.151479 -1.236615 170 170 170 292 464
3.047816 0.129195 -1.234228 170 170 170 296 464
3.047808 0.107204 -1.234225 170 170 170 300 464
3.047794 0.085213 -1.234219 170 170 170 304 464
3.047781 0.063223 -1.234214 170 170 170 308 464
3.047767 0.041232 -1.234208 170 170 170 312 464
3.047753 0.019242 -1.234203 170 170 170 316 464
3.047739 -0.002749 -1.234197 170 170 170 320 464
3.047725 -0.024739 -1.234191 170 170 170 324 464
3.047712 -0.046729 -1.234186 170 170 170 328 464
3.047698 -0.068718 -1.234180 170 170 170 332 464
3.047684 -0.090708 -1.234175 170 170 170 336 464
3.047670 -0.112697 -1.234169 170 170 170 340 464
3.047657 -0.134686 -1.234163 170 170 170 344 464
3.047643 -0.156675 -1.234158 170 170 170 348 464
3.047629 -0.178663 -1.234152 170 170 170 352 464
3.047616 -0.200652 -1.234147 170 170 170 356 464
3.047602 -0.222640 -1.234141 170 170 170 360 464
3.047588 -0.244628 -1.234135 170 170 170 364 464
3.047574 -0.266616 -1.234130 170 170 170 368 464
3.047560 -0.288604 -1.234124 170 170 170 372 464
3.047547 -0.310591 -1.234119 170 170 170 376 464
3.047533 -0.332578 -1.234113 170 170 170 380 464
3.047519 -0.354565 -1.234107 170 170 170 384 464
3.047505 -0.376552 -1.234102 170 170 170 388 464
3.047492 -0.398539 -1.234096 170 170 170 392 464
3.047478 -0.420525 -1.234091 170 170 170 396 464
3.047464 -0.442512 -1.234085 170 170 170 400 464
3.047450 -0.464498 -1.234080 170 170 170 404 464
3.047436 -0.486484 -1.234074 170 170 170 408 464
3.047423 -0.508469 -1.234069 170 170 170 412 464
3.047409 -0.530455 -1.234063 170 170 170 416 464
3.047395 -0.552440 -1.234057 170 170 170 420 464
3.047381 -0.574425 -1.234052 170 170 170 424 464
3.047367 -0.596410 -1.234046 170 170 170 428 464
3.047354 -0.618394 -1.234040 170 170 170 432 464
3.047340 -0.640379 -1.234035 170 170 170 436 464
3.047326 -0.662363 -1.234029 170 170 170 440 464
3.047312 -0.684347 -1.234024 170 170 170 444 464
3.047298 -0.706331 -1.234018 170 170 170 448 464
3.047285 -0.728315 -1.234013 170 170 170 452 464
3.047271 -0.750298 -1.234007 170 170 170 456 464
3.047257 -0.772282 -1.234002 170 170 170 460 464
3.047244 -0.794265 -1.233996 170 170 170 464 464
3.047230 -0.816248 -1.233990 170 170 170 468 464
3.047216 -0.838230 -1.233985 170 170 170 472 464
3.047208 -0.860214 -1.233982 170 170 170 476 464
4.096355 -1.185941 -1.658839 141 141 141 480 464
4.096337 -1.215491 -1.658832 141 141 141 484 464
4.096319 -1.245042 -1.658824 141 141 141 488 464
4.096301 -1.274592 -1.658817 141 141 141 492 464
4.096282 -1.304142 -1.658809 141 141 141 496 464
4.096263 -1.333691 -1.658802 141 141 141 500 464
4.096245 -1.363241 -1.658794 141 141 141 504 464
4.096226 -1.392790 -1.658787 141 141 141 508 464
4.096209 -1.422339 -1.658779 141 141 141 512 464
4.096189 -1.451887 -1.658772 141 141 141 516 464
4.096171 -1.481435 -1.658764 141 141 141 520 464
4.096153 -1.510983 -1.658757 141 141 141 524 464
4.096135 -1.540531 -1.658750 141 141 141 528 464
4.096116 -1.570079 -1.658742 141 141 141 532 464
4.096097 -1.599626 -1.658735 141 141 141 536 464
4.096079 -1.629173 -1.658727 141 141 141 540 464
4.096061 -1.658720 -1.658720 141 141 141 544 464
4.096042 -1.688266 -1.658712 141 141 141 548 464
4.096024 -1.717812 -1.658705 141 141 141 552 464
4.096005 -1.747358 -1.658697 141 141 141 556 464
4.095987 -1.776904 -1.658690 141 141 141 560 464
4.095968 -1.806449 -1.658682 141 141 141 564 464
4.095950 -1.835994 -1.658675 141 141 141 568 464
4.095932 -1.865539 -1.658667 141 141 141 572 464
4.095913 -1.895084 -1.658660 141 141 141 576 464
4.095895 -1.924628 -1.658652 141 141 141 580 464
4.095876 -1.954172 -1.658645 141 141 141 584 464
4.095858 -1.983716 -1.658638 141 141 141 588 464
4.095840 -2.013259 -1.658630 141 141 141 592 464
4.095821 -2.042802 -1.658623 141 141 141 596 464
4.095803 -2.072345 -1.658615 141 141 141 600 464
4.095784 -2.101888 -1.658608 141 141 141 604 464
4.095766 -2.131431 -1.658600 141 141 141 608 464
4.095747 -2.160973 -1.658593 141 141 141 612 464
4.095729 -2.190515 -1.658585 141 141 141 616 464
4.095710 -2.220056 -1.658578 141 141 141 620 464
4.095692 -2.249598 -1.658570 141 141 141 624 464
4.095674 -2.279139 -1.658563 141 141 141 628 464
4.095655 -2.308680 -1.658555 141 141 141 632 464
4.095637 -2.338220 -1.658548 141 141 141 636 464
4.055708 2.337372 -1.671641 142 142 142 0 468
4.055690 2.308099 -1.671633 142 142 142 4 468
4.055672 2.278826 -1.671626 142 142 142 8 468
4.055654 2.249553 -1.671618 142 142 142 12 468
4.055636 2.220281 -1.671612 142 142 142 16 468
4.055617 2.191009 -1.671604 142 142 142 20 468
4.055599 2.161737 -1.671597 142 142 142 24 468
4.055581 2.132465 -1.671589 142 142 142 28 468
4.055563 2.103194 -1.671582 142 142 142 32 468
4.055545 2.073923 -1.671574 142 142 142 36 468
4.055527 2.044652 -1.671567 142 142 142 40 468
3.826351 1.901502 -1.577108 148 148 148 44 468
3.809918 1.865846 -1.570334 149 149 149 48 468
3.808386 1.837617 -1.569703 149 149 149 52 468
3.811806 1.811764 -1.571113 149 149 149 56 468
3.825785 1.790805 -1.576874 148 148 148 60 468
3.845704 1.772381 -1.585084 148 148 148 64 468
3.873423 1.757208 -1.596509 147 147 147 68 468
4.055382 1.810495 -1.671507 142 142 142 72 468
4.055364 1.781226 -1.671500 142 142 142 76 468
4.055346 1.751958 -1.671492 142 142 142 80 468
4.055328 1.722690 -1.671485 142 142 142 84 468
4.055310 1.693422 -1.671478 142 142 142 88 468
4.055292 1.664155 -1.671470 142 142 142 92 468
4.055274 1.634888 -1.671463 142 142 142 96 468
4.055255 1.605621 -1.671455 142 142 142 100 468
3.020256 1.174036 -1.244859 171 171 171 104 468
3.013770 1.149770 -1.242186 171 171 171 108 468
3.013758 1.128020 -1.242181 171 171 171 112 468
3.013747 1.106271 -1.242176 171 171 171 116 468
3.013735 1.084522 -1.242171 171 171 171 120 468
3.013722 1.062773 -1.242166 171 171 171 124 468
3.013710 1.041024 -1.242161 171 171 171 128 468
3.013698 1.019275 -1.242156 171 171 171 132 468
3.013686 0.997526 -1.242151 171 171 171 136 468
3.013674 0.975778 -1.242146 171 171 171 140 468
3.013663 0.954030 -1.242142 171 171 171 144 468
3.013650 0.932282 -1.242136 171 171 171 148 468
3.013638 0.910534 -1.242132 171 171 171 152 468
3.013626 0.888787 -1.242127 171 171 171 156 468
3.013614 0.867039 -1.242122 171 171 171 160 468
3.013602 0.845292 -1.242117 171 171 171 164 468
3.013590 0.823545 -1.242112 171 171 171 168 468
3.013578 0.801798 -1.242107 171 171 171 172 468
3.013566 0.780051 -1.242102 171 171 171 176 468
3.013554 0.758304 -1.242097 171 171 171 180 468
3.013542 0.736558 -1.242092 171 171 171 184 468
3.013530 0.714811 -1.242087 171 171 171 188 468
3.013518 0.693065 -1.242082 171 171 171 192 468
3.013506 0.671320 -1.242077 171 171 171 196 468
3.013494 0.649574 -1.242072 171 171 171 200 468
3.013482 0.627828 -1.242067 171 171 171 204 468
3.013470 0.606083 -1.242062 171 171 171 208 468
3.013458 0.584338 -1.242057 171 171 171 212 468
3.013446 0.562593 -1.242052 171 171 171 216 468
3.013434 0.540848 -1.242047 171 171 171 220 468
3.013422 0.519103 -1.242042 171 171 171 224 468
3.013409 0.497359 -1.242037 171 171 171 228 468
3.013397 0.475614 -1.242032 171 171 171 232 468
3.013386 0.453870 -1.242028 171 171 171 236 468
3.013373 0.432126 -1.242022 171 171 171 240 468
3.013361 0.410382 -1.242018 171 171 171 244 468
3.013349 0.388639 -1.242013 171 171 171 248 468
3.013337 0.366895 -1.242008 171 171 171 252 468
3.013325 0.345152 -1.242003 171 171 171 256 468
3.013313 0.323409 -1.241998 171 171 171 260 468
3.013301 0.301666 -1.241993 171 171 171 264 468
3.013289 0.279923 -1.241988 171 171 171 268 468
3.013277 0.258180 -1.241983 171 171 171 272 468
3.013264 0.236438 -1.241977 171 171 171 276 468
3.013253 0.214696 -1.241973 171 171 171 280 468
3.013240 0.192953 -1.241967 171 171 171 284 468
3.013228 0.171212 -1.241963 171 171 171 288 468
3.038443 0.150721 -1.252355 170 170 170 292 468
3.016015 0.127847 -1.243111 171 171 171 296 468
3.016004 0.106086 -1.243107 171 171 171 300 468
3.015991 0.084324 -1.243101 171 171 171 304 468
3.015977 0.062563 -1.243096 171 171 171 308 468
3.015964 0.040802 -1.243090 171 171 171 312 468
3.015951 0.019041 -1.243085 171 171 171 316 468
3.015938 -0.002720 -1.243079 171 171 171 320 468
3.015924 -0.024481 -1.243074 171 171 171 324 468
3.015911 -0.046241 -1.243068 171 171 171 328 468
3.015898 -0.068001 -1.243063 171 171 171 332 468
3.015884 -0.089761 -1.243057 171 171 171 336 468
3.015871 -0.111521 -1.243052 171 171 171 340 468
3.015858 -0.133281 -1.243046 171 171 171 344 468
3.015845 -0.155040 -1.243041 171 171 171 348 468
3.015831 -0.176799 -1.243035 171 171 171 352 468
3.015819 -0.198558 -1.243030 171 171 171 356 468
3.015805 -0.220317 -1.243025 171 171 171 360 468
3.015791 -0.242076 -1.243019 171 171 171 364 468
3.015779 -0.263834 -1.243014 171 171 171 368 468
3.015765 -0.285593 -1.243008 171 171 171 372 468
3.015752 -0.307351 -1.243003 171 171 171 376 468
3.015739 -0.329109 -1.242997 171 171 171 380 468
3.015725 -0.350866 -1.242992 171 171 171 384 468
3.015712 -0.372624 -1.242986 171 171 171 388 468
3.015699 -0.394381 -1.242981 171 171 171 392 468
3.015686 -0.416138 -1.242975 171 171 171 396 468
3.015672 -0.437895 -1.242970 171 171 171 400 468
3.015659 -0.459652 -1.242964 171 171 171 404 468
3.015646 -0.481409 -1.242959 171 171 171 408 468
3.015632 -0.503165 -1.242953 171 171 171 412 468
3.015619 -0.524921 -1.242948 171 171 171 416 468
3.015605 -0.546677 -1.242942 171 171 171 420 468
3.015592 -0.568433 -1.242937 171 171 171 424 468
3.015578 -0.590188 -1.242931 171 171 171 428 468
3.015564 -0.611944 -1.242925 171 171 171 432 468
3.015551 -0.633699 -1.242920 171 171 171 436 468
3.015538 -0.655454 -1.242915 171 171 171 440 468
3.015525 -0.677209 -1.242909 171 171 171 444 468
3.015510 -0.698963 -1.242903 171 171 171 448 468
3.015497 -0.720717 -1.242898 171 171 171 452 468
3.015484 -0.742472 -1.242892 171 171 171 456 468
3.015471 -0.764226 -1.242887 171 171 171 460 468
3.015457 -0.785979 -1.242881 171 171 171 464 468
3.015443 -0.807733 -1.242875 171 171 171 468 468
3.015430 -0.829487 -1.242870 171 171 171 472 468
3.015418 -0.851240 -1.242865 171 171 171 476 468
3.015408 -0.872994 -1.242861 171 171 171 480 468
4.053521 -1.202786 -1.670740 142 142 142 484 468
4.053503 -1.232028 -1.670733 142 142 142 488 468
4.053485 -1.261270 -1.670725 142 142 142 492 468
4.053466 -1.290511 -1.670718 142 142 142 496 468
4.053449 -1.319752 -1.670710 142 142 142 500 468
4.053431 -1.348992 -1.670703 142 142 142 504 468
4.053412 -1.378232 -1.670695 142 142 142 508 468
4.053395 -1.407472 -1.670688 142 142 142 512 468
4.053377 -1.436712 -1.670681 142 142 142 516 468
4.053359 -1.465952 -1.670673 142 142 142 520 468
4.053340 -1.495191 -1.670666 142 142 142 524 468
4.053323 -1.524430 -1.670658 142 142 142 528 468
4.053305 -1.553669 -1.670651 142 142 142 532 468
4.053286 -1.582907 -1.670643 142 142 142 536 468
4.053268 -1.612145 -1.670636 142 142 142 540 468
4.053250 -1.641383 -1.670629 142 142 142 544 468
4.053232 -1.670621 -1.670621 142 142 142 548 468
4.053214 -1.699858 -1.670613 142 142 142 552 468
4.053196 -1.729096 -1.670606 142 142 142 556 468
4.053178 -1.758332 -1.670599 142 142 142 560 468
4.053160 -1.787569 -1.670591 142 142 142 564 468
4.053142 -1.816806 -1.670584 142 142 142 568 468
4.053123 -1.846042 -1.670576 142 142 142 572 468
4.053105 -1.875278 -1.670569 142 142 142 576 468
4.053088 -1.904513 -1.670562 142 142 142 580 468
4.053070 -1.933749 -1.670554 142 142 142 584 468
4.053051 -1.962983 -1.670547 142 142 142 588 468
4.053034 -1.992219 -1.670539 142 142 142 592 468
4.053016 -2.021453 -1.670532 142 142 142 596 468
4.052998 -2.050687 -1.670524 142 142 142 600 468
4.052979 -2.079921 -1.670517 142 142 142 604 468
4.052962 -2.109155 -1.670509 142 142 142 608 468
4.052943 -2.138389 -1.670502 142 142 142 612 468
4.052925 -2.167622 -1.670495 142 142 142 616 468
4.052907 -2.196855 -1.670487 142 142 142 620 468
4.052889 -2.226088 -1.670480 142 142 142 624 468
4.052871 -2.255320 -1.670472 142 142 142 628 468
4.052853 -2.284552 -1.670465 142 142 142 632 468
4.052835 -2.313785 -1.670457 142 142 142 636 468
4.013732 2.313181 -1.683300 143 143 143 0 472
4.013715 2.284210 -1.683293 143 143 143 4 472
4.013697 2.255241 -1.683285 143 143 143 8 472
4.013680 2.226271 -1.683278 143 143 143 12 472
4.013661 2.197302 -1.683271 143 143 143 16 472
4.013644 2.168333 -1.683264 143 143 143 20 472
4.013626 2.139364 -1.683256 143 143 143 24 472
4.013608 2.110396 -1.683249 143 143 143 28 472
4.013591 2.081427 -1.683241 143 143 143 32 472
4.013573 2.052459 -1.683234 143 143 143 36 472
4.013555 2.023491 -1.683226 143 143 143 40 472
3.843689 1.910118 -1.611987 148 148 148 44 472
3.822065 1.871794 -1.602918 149 149 149 48 472
3.818249 1.842376 -1.601318 149 149 149 52 472
3.822062 1.816639 -1.602917 149 149 149 56 472
3.834810 1.795029 -1.608263 148 148 148 60 472
3.851766 1.775175 -1.615374 148 148 148 64 472
3.876881 1.758777 -1.625907 147 147 147 68 472
3.919771 1.749952 -1.643895 146 146 146 72 472
4.013395 1.762793 -1.683159 143 143 143 76 472
4.013378 1.733827 -1.683152 143 143 143 80 472
4.013360 1.704862 -1.683144 143 143 143 84 472
4.013342 1.675898 -1.683137 143 143 143 88 472
4.013325 1.646933 -1.683130 143 143 143 92 472
4.013307 1.617969 -1.683122 143 143 143 96 472
4.013289 1.589005 -1.683115 143 143 143 100 472
3.028517 1.177247 -1.270116 171 171 171 104 472
3.012831 1.149411 -1.263537 171 171 171 108 472
3.012656 1.127608 -1.263464 171 171 171 112 472
3.012482 1.105807 -1.263391 171 171 171 116 472
3.012308 1.084008 -1.263318 171 171 171 120 472
3.012134 1.062212 -1.263245 171 171 171 124 472
3.011959 1.040419 -1.263172 171 171 171 128 472
3.011785 1.018628 -1.263098 171 171 171 132 472
3.011611 0.996839 -1.263025 171 171 171 136 472
3.011436 0.975054 -1.262952 171 171 171 140 472
3.011262 0.953270 -1.262879 171 171 171 144 472
3.011088 0.931489 -1.262806 171 171 171 148 472
3.010914 0.909711 -1.262733 171 171 171 152 472
3.010740 0.887935 -1.262660 171 171 171 156 472
3.010566 0.866162 -1.262587 171 171 171 160 472
3.010391 0.844391 -1.262514 171 171 171 164 472
3.010217 0.822623 -1.262441 171 171 171 168 472
3.010042 0.800857 -1.262368 171 171 171 172 472
3.009868 0.779094 -1.262295 171 171 171 176 472
3.009694 0.757333 -1.262222 171 171 171 180 472
3.009520 0.735575 -1.262148 171 171 171 184 472
3.009346 0.713819 -1.262076 171 171 171 188 472
3.009171 0.692066 -1.262002 171 171 171 192 472
3.008997 0.670315 -1.261930 171 171 171 196 472
3.008823 0.648567 -1.261856 171 171 171 200 472
3.008649 0.626821 -1.261783 171 171 171 204 472
3.008475 0.605078 -1.261711 171 171 171 208 472
3.008301 0.583338 -1.261637 171 171 171 212 472
3.008127 0.561600 -1.261564 171 171 171 216 472
3.007953 0.539864 -1.261491 171 171 171 220 472
3.007779 0.518131 -1.261418 171 171 171 224 472
3.007605 0.496401 -1.261346 171 171 171 228 472
3.007431 0.474672 -1.261272 171 171 171 232 472
3.007257 0.452947 -1.261199 171 171 171 236 472
3.007083 0.431224 -1.261127 171 171 171 240 472
3.006910 0.409504 -1.261054 171 171 171 244 472
3.006736 0.387786 -1.260981 171 171 171 248 472
3.006562 0.366070 -1.260908 171 171 171 252 472
3.006388 0.344357 -1.260835 171 171 171 256 472
3.006214 0.322647 -1.260762 171 171 171 260 472
3.006040 0.300939 -1.260689 171 171 171 264 472
3.005867 0.279233 -1.260616 171 171 171 268 472
3.005693 0.257530 -1.260543 171 171 171 272 472
3.005519 0.235830 -1.260471 171 171 171 276 472
3.005345 0.214132 -1.260398 171 171 171 280 472
3.005172 0.192437 -1.260325 171 171 171 284 472
3.010327 0.171047 -1.262487 171 171 171 288 472
3.053283 0.151457 -1.280502 170 170 170 292 472
3.007715 0.127496 -1.261392 171 171 171 296 472
3.003598 0.105649 -1.259665 171 171 171 300 472
3.003432 0.083973 -1.259595 171 171 171 304 472
3.003267 0.062299 -1.259526 171 171 171 308 472
3.003100 0.040628 -1.259456 171 171 171 312 472
3.002934 0.018959 -1.259386 171 171 171 316 472
3.002768 -0.002708 -1.259317 171 171 171 320 472
3.002602 -0.024372 -1.259247 171 171 171 324 472
3.002436 -0.046034 -1.259177 171 171 171 328 472
3.002270 -0.067694 -1.259108 171 171 171 332 472
3.002104 -0.089351 -1.259038 171 171 171 336 472
3.001938 -0.111006 -1.258969 171 171 171 340 472
3.001773 -0.132658 -1.258899 171 171 171 344 472
3.001607 -0.154308 -1.258830 171 171 171 348 472
3.001441 -0.175956 -1.258760 171 171 171 352 472
3.001275 -0.197601 -1.258691 171 171 171 356 472
3.001109 -0.219244 -1.258621 171 171 171 360 472
3.000943 -0.240884 -1.258552 171 171 171 364 472
3.000778 -0.262522 -1.258482 171 171 171 368 472
3.000612 -0.284158 -1.258413 171 171 171 372 472
3.000447 -0.305791 -1.258343 171 171 171 376 472
3.000281 -0.327422 -1.258274 171 171 171 380 472
3.000115 -0.349050 -1.258204 171 171 171 384 472
2.999949 -0.370676 -1.258135 171 171 171 388 472
2.999784 -0.392300 -1.258065 171 171 171 392 472
2.999618 -0.413921 -1.257996 171 171 171 396 472
2.999453 -0.435540 -1.257926 171 171 171 400 472
2.999287 -0.457157 -1.257857 171 171 171 404 472
2.999121 -0.478771 -1.257787 171 171 171 408 472
2.998956 -0.500382 -1.257718 171 171 171 412 472
2.998790 -0.521992 -1.257649 171 171 171 416 472
2.998625 -0.543599 -1.257579 171 171 171 420 472
2.998459 -0.565203 -1.257510 171 171 171 424 472
2.998294 -0.586806 -1.257440 171 171 171 428 472
2.998128 -0.608405 -1.257371 171 171 171 432 472
2.997963 -0.630003 -1.257302 171 171 171 436 472
2.997797 -0.651598 -1.257232 171 171 171 440 472
2.997632 -0.673190 -1.257163 171 171 171 444 472
2.997467 -0.694781 -1.257094 171 171 171 448 472
2.997301 -0.716369 -1.257024 171 171 171 452 472
2.997136 -0.737954 -1.256955 171 171 171 456 472
2.996971 -0.759537 -1.256886 171 171 171 460 472
2.996806 -0.781118 -1.256816 171 171 171 464 472
2.996640 -0.802696 -1.256747 171 171 171 468 472
2.996475 -0.824272 -1.256678 171 171 171 472 472
2.996310 -0.845846 -1.256608 171 171 171 476 472
3.007078 -0.870583 -1.261124 171 171 171 480 472
4.011590 -1.190345 -1.682402 143 143 143 484 472
4.011573 -1.219284 -1.682395 143 143 143 488 472
4.011555 -1.248223 -1.682387 143 143 143 492 472
4.011538 -1.277162 -1.682380 143 143 143 496 472
4.011520 -1.306100 -1.682373 143 143 143 500 472
4.011502 -1.335038 -1.682365 143 143 143 504 472
4.011485 -1.363976 -1.682358 143 143 143 508 472
4.011467 -1.392914 -1.682350 143 143 143 512 472
4.011449 -1.421851 -1.682343 143 143 143 516 472
4.011432 -1.450788 -1.682335 143 143 143 520 472
4.011414 -1.479725 -1.682328 143 143 143 524 472
4.011396 -1.508662 -1.682321 143 143 143 528 472
4.011379 -1.537598 -1.682313 143 143 143 532 472
4.011361 -1.566534 -1.682306 143 143 143 536 472
4.011343 -1.595470 -1.682298 143 143 143 540 472
4.011325 -1.624406 -1.682291 143 143 143 544 472
4.011308 -1.653341 -1.682284 143 143 143 548 472
4.011290 -1.682276 -1.682276 143 143 143 552 472
4.011272 -1.711211 -1.682269 143 143 143 556 472
4.011255 -1.740146 -1.682261 143 143 143 560 472
4.011237 -1.769080 -1.682254 143 143 143 564 472
4.011220 -1.798014 -1.682246 143 143 143 568 472
4.011201 -1.826948 -1.682239 143 143 143 572 472
4.011184 -1.855881 -1.682232 143 143 143 576 472
4.011166 -1.884815 -1.682224 143 143 143 580 472
4.011148 -1.913748 -1.682217 143 143 143 584 472
4.011131 -1.942681 -1.682209 143 143 143 588 472
4.011113 -1.971613 -1.682202 143 143 143 592 472
4.011096 -2.000545 -1.682194 143 143 143 596 472
4.011078 -2.029478 -1.682187 143 143 143 600 472
4.011060 -2.058409 -1.682179 143 143 143 604 472
4.011042 -2.087341 -1.682172 143 143 143 608 472
4.011025 -2.116272 -1.682165 143 143 143 612 472
4.011007 -2.145203 -1.682157 143 143 143 616 472
4.010989 -2.174134 -1.682150 143 143 143 620 472
4.010972 -2.203064 -1.682142 143 143 143 624 472
4.010954 -2.231994 -1.682135 143 143 143 628 472
4.010936 -2.260924 -1.682127 143 143 143 632 472
4.010919 -2.289854 -1.682120 143 143 143 636 472
3.972617 2.289485 -1.694720 144 144 144 0 476
3.972600 2.260812 -1.694713 144 144 144 4 476
3.972582 2.232139 -1.694706 144 144 144 8 476
3.972565 2.203466 -1.694698 144 144 144 12 476
3.972547 2.174794 -1.694691 144 144 144 16 476
3.972530 2.146122 -1.694684 144 144 144 20 476
3.972513 2.117450 -1.694676 144 144 144 24 476
3.972495 2.088778 -1.694669 144 144 144 28 476
3.972478 2.060107 -1.694661 144 144 144 32 476
3.972461 2.031435 -1.694654 144 144 144 36 476
3.972443 2.002764 -1.694647 144 144 144 40 476
3.972426 1.974093 -1.694639 144 144 144 44 476
3.834349 1.877810 -1.635736 148 148 148 48 476
3.828481 1.847314 -1.633232 148 148 148 52 476
3.831943 1.821336 -1.634709 148 148 148 56 476
3.840629 1.797753 -1.638415 148 148 148 60 476
3.857391 1.777767 -1.645565 148 148 148 64 476
3.885913 1.762874 -1.657733 147 147 147 68 476
3.897879 1.740179 -1.662837 146 146 146 72 476
3.911254 1.717929 -1.668543 146 146 146 76 476
3.925551 1.695885 -1.674642 146 146 146 80 476
3.943758 1.675295 -1.682409 145 145 145 84 476
3.947700 1.648486 -1.684091 145 145 145 88 476
3.972218 1.630064 -1.694550 144 144 144 92 476
3.972200 1.601397 -1.694543 144 144 144 96 476
3.972183 1.572730 -1.694535 144 144 144 100 476
3.972165 1.544063 -1.694528 144 144 144 104 476
3.020117 1.152191 -1.288384 171 171 171 108 476
3.019535 1.130182 -1.288136 171 171 171 112 476
3.019360 1.108331 -1.288061 171 171 171 116 476
3.019185 1.086483 -1.287986 171 171 171 120 476
3.019010 1.064637 -1.287911 171 171 171 124 476
3.018835 1.042794 -1.287837 171 171 171 128 476
3.018660 1.020953 -1.287762 171 171 171 132 476
3.018484 0.999115 -1.287687 171 171 171 136 476
3.018309 0.977279 -1.287613 171 171 171 140 476
3.018134 0.955446 -1.287538 171 171 171 144 476
3.017959 0.933615 -1.287463 171 171 171 148 476
3.017785 0.911787 -1.287389 171 171 171 152 476
3.017609 0.889961 -1.287314 171 171 171 156 476
3.017434 0.868138 -1.287239 171 171 171 160 476
3.017259 0.846318 -1.287165 171 171 171 164 476
3.017085 0.824500 -1.287090 171 171 171 168 476
3.016910 0.802684 -1.287015 171 171 171 172 476
3.016735 0.780871 -1.286941 171 171 171 176 476
3.016560 0.759061 -1.286866 171 171 171 180 476
3.016385 0.737253 -1.286792 171 171 171 184 476
3.016210 0.715447 -1.286717 171 171 171 188 476
3.016036 0.693645 -1.286642 171 171 171 192 476
3.015861 0.671844 -1.286568 171 171 171 196 476
3.015686 0.650046 -1.286493 171 171 171 200 476
3.015512 0.628251 -1.286419 171 171 171 204 476
3.015337 0.606458 -1.286344 171 171 171 208 476
3.015162 0.584668 -1.286270 171 171 171 212 476
3.014987 0.562880 -1.286195 171 171 171 216 476
3.014813 0.541095 -1.286121 171 171 171 220 476
3.014638 0.519313 -1.286046 171 171 171 224 476
3.014464 0.497533 -1.285972 171 171 171 228 476
3.014289 0.475755 -1.285897 171 171 171 232 476
3.014115 0.453980 -1.285823 171 171 171 236 476
3.013939 0.432207 -1.285748 171 171 171 240 476
3.013765 0.410437 -1.285674 171 171 171 244 476
3.013591 0.388670 -1.285599 171 171 171 248 476
3.013416 0.366905 -1.285525 171 171 171 252 476
3.013242 0.345142 -1.285450 171 171 171 256 476
3.013067 0.323382 -1.285376 171 171 171 260 476
3.012892 0.301625 -1.285302 171 171 171 264 476
3.012718 0.279870 -1.285227 171 171 171 268 476
3.012543 0.258117 -1.285153 171 171 171 272 476
3.012368 0.236367 -1.285078 171 171 171 276 476
3.012194 0.214620 -1.285004 171 171 171 280 476
3.012020 0.192875 -1.284929 171 171 171 284 476
3.017061 0.171429 -1.287080 171 171 171 288 476
3.971350 0.196998 -1.694180 144 144 144 292 476
3.014700 0.127792 -1.286073 171 171 171 296 476
3.010480 0.105891 -1.284272 171 171 171 300 476
3.010313 0.084165 -1.284201 171 171 171 304 476
3.010146 0.062442 -1.284130 171 171 171 308 476
3.009979 0.040721 -1.284059 171 171 171 312 476
3.009813 0.019002 -1.283988 171 171 171 316 476
3.009645 -0.002714 -1.283916 171 171 171 320 476
3.009478 -0.024428 -1.283845 171 171 171 324 476
3.009312 -0.046140 -1.283774 171 171 171 328 476
3.009145 -0.067849 -1.283703 171 171 171 332 476
3.008978 -0.089556 -1.283632 171 171 171 336 476
3.008811 -0.111260 -1.283560 171 171 171 340 476
3.008644 -0.132962 -1.283489 171 171 171 344 476
3.008478 -0.154661 -1.283418 171 171 171 348 476
3.008311 -0.176358 -1.283347 171 171 171 352 476
3.008144 -0.198053 -1.283276 171 171 171 356 476
3.007977 -0.219745 -1.283205 171 171 171 360 476
3.007811 -0.241435 -1.283134 171 171 171 364 476
3.007645 -0.263123 -1.283063 171 171 171 368 476
3.007478 -0.284808 -1.282992 171 171 171 372 476
3.007311 -0.306490 -1.282921 171 171 171 376 476
3.007144 -0.328171 -1.282849 171 171 171 380 476
3.006978 -0.349849 -1.282778 171 171 171 384 476
3.006811 -0.371524 -1.282707 171 171 171 388 476
3.006645 -0.393197 -1.282636 171 171 171 392 476
3.006478 -0.414868 -1.282565 171 171 171 396 476
3.006312 -0.436536 -1.282494 171 171 171 400 476
3.006145 -0.458202 -1.282423 171 171 171 404 476
3.005979 -0.479865 -1.282352 171 171 171 408 476
3.005812 -0.501526 -1.282281 171 171 171 412 476
3.005646 -0.523185 -1.282210 171 171 171 416 476
3.005480 -0.544841 -1.282139 171 171 171 420 476
3.005313 -0.566495 -1.282068 171 171 171 424 476
3.005147 -0.588147 -1.281997 171 171 171 428 476
3.004981 -0.609796 -1.281927 171 171 171 432 476
3.004815 -0.631443 -1.281856 171 171 171 436 476
3.004649 -0.653087 -1.281785 171 171 171 440 476
3.004483 -0.674729 -1.281714 171 171 171 444 476
3.004317 -0.696368 -1.281643 171 171 171 448 476
3.004150 -0.718006 -1.281572 171 171 171 452 476
3.003984 -0.739640 -1.281501 171 171 171 456 476
3.003818 -0.761273 -1.281430 171 171 171 460 476
3.003652 -0.782903 -1.281360 171 171 171 464 476
3.003486 -0.804530 -1.281289 171 171 171 468 476
3.003320 -0.826155 -1.281218 171 171 171 472 476
3.003154 -0.847778 -1.281147 171 171 171 476 476
3.017435 -0.873581 -1.287239 171 171 171 480 476
3.970519 -1.178158 -1.693825 144 144 144 484 476
3.970501 -1.206801 -1.693818 144 144 144 488 476
3.970484 -1.235443 -1.693810 144 144 144 492 476
3.970467 -1.264086 -1.693803 144 144 144 496 476
3.970449 -1.292728 -1.693796 144 144 144 500 476
3.970432 -1.321370 -1.693788 144 144 144 504 476
3.970415 -1.350011 -1.693781 144 144 144 508 476
3.970397 -1.378653 -1.693774 144 144 144 512 476
3.970380 -1.407294 -1.693766 144 144 144 516 476
3.970363 -1.435935 -1.693759 144 144 144 520 476
3.970346 -1.464576 -1.693751 144 144 144 524 476
3.970328 -1.493216 -1.693744 144 144 144 528 476
3.970311 -1.521857 -1.693737 144 144 144 532 476
3.970294 -1.550496 -1.693729 144 144 144 536 476
3.970276 -1.579136 -1.693722 144 144 144 540 476
3.970259 -1.607775 -1.693714 144 144 144 544 476
3.970242 -1.636415 -1.693707 144 144 144 548 476
3.970224 -1.665054 -1.693700 144 144 144 552 476
3.970207 -1.693692 -1.693692 144 144 144 556 476
3.970189 -1.722331 -1.693685 144 144 144 560 476
3.970172 -1.750969 -1.693678 144 144 144 564 476
3.970155 -1.779607 -1.693670 144 144 144 568 476
3.970138 -1.808245 -1.693663 144 144 144 572 476
3.970120 -1.836882 -1.693655 144 144 144 576 476
3.970103 -1.865519 -1.693648 144 144 144 580 476
3.970086 -1.894156 -1.693641 144 144 144 584 476
3.970068 -1.922793 -1.693633 144 144 144 588 476
3.970051 -1.951430 -1.693626 144 144 144 592 476
3.970034 -1.980066 -1.693618 144 144 144 596 476
3.970016 -2.008702 -1.693611 144 144 144 600 476
3.969999 -2.037337 -1.693604 144 144 144 604 476
3.969981 -2.065973 -1.693596 144 144 144 608 476
3.969965 -2.094608 -1.693589 144 144 144 612 476
3.969947 -2.123243 -1.693581 144 144 144 616 476
3.969930 -2.151878 -1.693574 144 144 144 620 476
3.969912 -2.180512 -1.693567 144 144 144 624 476
3.969895 -2.209146 -1.693559 144 144 144 628 476
3.969878 -2.237780 -1.693552 144 144 144 632 476
3.969861 -2.266414 -1.693545 145 145 145 636 476
