index_version,experiment_name,source_experiment,selected_frame_id,selected_frame_idx,source_frame_id,source_frame_index,source_sample_index,camera_id,camera_width,camera_height,camera_fov,camera_near,camera_far,camera_pose_x,camera_pose_y,camera_pose_z,camera_roll,camera_pitch,camera_yaw,panoptic_labels_rgb_path,semantic_decoded_path,gazebo_instance_count_path,colored_map_path,metadata_path,has_panoptic_labels_rgb,has_semantic_decoded,has_gazebo_instance_count,has_colored_map,has_metadata,labeled_pcl_path,has_labeled_pcl,labeled_pcl_validation_status,labeled_pcl_point_count,labeled_pcl_zero_label_point_count,labeled_pcl_unknown_label_point_count,labeled_pcl_unique_class_label_count,labeled_pcl_unique_instance_id_count,labeled_pcl_status,labeled_pcl_notes,rt_row_count,rt_rx_ids,rt_frame_key_used,rt_rows_json,label_row_count,label_targets_json,label_frame_key_used,instance_registry_path,semantic_label_map_path,validation_status,validation_notes
0.1,perception_rt_small_v0,rt_out/experiments/semantic_ablation_actor_200f,0,0,0,0,0,cam_corner_nw,640,480,1.047,0.1,20.0,-4.368888,4.38902,2.76265,-0.018875,0.447306,-0.787697,rt_out/experiments/perception_rt_small_v0/perception_raw/native/panoptic/cam_corner_nw/labels_maps_rgb/000000.ppm,rt_out/experiments/perception_rt_small_v0/perception_raw/native/panoptic/cam_corner_nw/semantic_decoded/000000.pgm,rt_out/experiments/perception_rt_small_v0/perception_raw/native/panoptic/cam_corner_nw/gazebo_instance_count/000000.pgm,rt_out/experiments/perception_rt_small_v0/perception_raw/native/panoptic/cam_corner_nw/colored_maps/000000.ppm,rt_out/experiments/perception_rt_small_v0/perception_raw/native/panoptic/cam_corner_nw/metadata/000000.json,true,true,true,true,true,rt_out/experiments/perception_rt_small_v0/reconstruction/labeled_colorized_pcl_sync/frame_000/cam_corner_nw_labeled_colorized.ply,true,ok,19191,0,0,8,28,ok,,6,"rx_panda_base,rx_ur5_base,rx_cerberus_base,rx_nao_chest,rx_human_chest,rx_x500_body",frame_id,"[{""frame_id"":""0"",""source_sample_index"":""0"",""rx_id"":""rx_panda_base"",""num_paths"":""22"",""tau_min"":""1.0643356418427175e-08"",""tau_max"":""6.284866316264015e-08"",""delay_spread"":""5.2205306744212976e-08"",""path_gain_sum"":""1.9107138093943377e-09"",""path_gain_db"":""-87.18804357585817"",""rx_power_dbm"":""-57.188043575858174"",""sanity_ok"":""True"",""xml_path"":""rt_out/experiments/semantic_ablation_actor_200f/sionna_xml/frame_000_sionna.xml""},{""frame_id"":""0"",""source_sample_index"":""0"",""rx_id"":""rx_ur5_base"",""num_paths"":""19"",""tau_min"":""5.708055805797585e-09"",""tau_max"":""5.930293767164585e-08"",""delay_spread"":""5.3594881865848265e-08"",""path_gain_sum"":""6.884288836772612e-07"",""path_gain_db"":""-61.62140916731317"",""rx_power_dbm"":""-31.621409167313168"",""sanity_ok"":""True"",""xml_path"":""rt_out/experiments/semantic_ablation_actor_200f/sionna_xml/frame_000_sionna.xml""},{""frame_id"":""0"",""source_sample_index"":""0"",""rx_id"":""rx_cerberus_base"",""num_paths"":""17"",""tau_min"":""1.574846919538686e-08"",""tau_max"":""5.723669715962387e-08"",""delay_spread"":""4.148822796423701e-08"",""path_gain_sum"":""3.615688370928183e-08"",""path_gain_db"":""-74.41809007571236"",""rx_power_dbm"":""-44.41809007571236"",""sanity_ok"":""True"",""xml_path"":""rt_out/experiments/semantic_ablation_actor_200f/sionna_xml/frame_000_sionna.xml""},{""frame_id"":""0"",""source_sample_index"":""0"",""rx_id"":""rx_nao_chest"",""num_paths"":""20"",""tau_min"":""1.0787783999433032e-08"",""tau_max"":""6.209720737615498e-08"",""delay_spread"":""5.130942337672195e-08"",""path_gain_sum"":""7.232826959580052e-08"",""path_gain_db"":""-71.4069192497595"",""rx_power_dbm"":""-41.4069192497595"",""sanity_ok"":""True"",""xml_path"":""rt_out/experiments/semantic_ablation_actor_200f/sionna_xml/frame_000_sionna.xml""},{""frame_id"":""0"",""source_sample_index"":""0"",""rx_id"":""rx_human_chest"",""num_paths"":""21"",""tau_min"":""6.163341392806387e-09"",""tau_max"":""6.431429255826515e-08"",""delay_spread"":""5.8150951165458764e-08"",""path_gain_sum"":""2.240194589830935e-07"",""path_gain_db"":""-66.49714255942916"",""rx_power_dbm"":""-36.497142559429165"",""sanity_ok"":""True"",""xml_path"":""rt_out/experiments/semantic_ablation_actor_200f/sionna_xml/frame_000_sionna.xml""},{""frame_id"":""0"",""source_sample_index"":""0"",""rx_id"":""rx_x500_body"",""num_paths"":""23"",""tau_min"":""1.7234324189985273e-08"",""tau_max"":""7.465505547088469e-08"",""delay_spread"":""5.742073128089942e-08"",""path_gain_sum"":""3.372388945876992e-08"",""path_gain_db"":""-74.72062342912375"",""rx_power_dbm"":""-44.72062342912375"",""sanity_ok"":""True"",""xml_path"":""rt_out/experiments/semantic_ablation_actor_200f/sionna_xml/frame_000_sionna.xml""}]",0,[],,rt_out/experiments/perception_rt_small_v0/frames/instance_registry.json,rt_out/experiments/perception_rt_small_v0/configs/semantic_label_map.json,warning,no transition label rows linked
0.1,perception_rt_small_v0,rt_out/experiments/semantic_ablation_actor_200f,0,0,0,0,0,cam_corner_ne,640,480,1.047,0.1,20.0,4.38989,4.38902,2.76265,-0.018875,0.447306,-2.356294,rt_out/experiments/perception_rt_small_v0/perception_raw/native/panoptic/cam_corner_ne/labels_maps_rgb/000000.ppm,rt_out/experiments/perception_rt_small_v0/perception_raw/native/panoptic/cam_corner_ne/semantic_decoded/000000.pgm,rt_out/experiments/perception_rt_small_v0/perception_raw/native/panoptic/cam_corner_ne/gazebo_instance_count/000000.pgm,rt_out/experiments/perception_rt_small_v0/perception_raw/native/panoptic/cam_corner_ne/colored_maps/000000.ppm,rt_out/experiments/perception_rt_small_v0/perception_raw/native/panoptic/cam_corner_ne/metadata/000000.json,true,true,true,true,true,rt_out/experiments/perception_rt_small_v0/reconstruction/labeled_colorized_pcl_sync/frame_000/cam_corner_ne_labeled_colorized.ply,true,ok,19190,0,0,8,26,ok,,6,"rx_panda_base,rx_ur5_base,rx_cerberus_base,rx_nao_chest,rx_human_chest,rx_x500_body",frame_id,"[{""frame_id"":""0"",""source_sample_index"":""0"",""rx_id"":""rx_panda_base"",""num_paths"":""22"",""tau_min"":""1.0643356418427175e-08"",""tau_max"":""6.284866316264015e-08"",""delay_spread"":""5.2205306744212976e-08"",""path_gain_sum"":""1.9107138093943377e-09"",""path_gain_db"":""-87.18804357585817"",""rx_power_dbm"":""-57.188043575858174"",""sanity_ok"":""True"",""xml_path"":""rt_out/experiments/semantic_ablation_actor_200f/sionna_xml/frame_000_sionna.xml""},{""frame_id"":""0"",""source_sample_index"":""0"",""rx_id"":""rx_ur5_base"",""num_paths"":""19"",""tau_min"":""5.708055805797585e-09"",""tau_max"":""5.930293767164585e-08"",""delay_spread"":""5.3594881865848265e-08"",""path_gain_sum"":""6.884288836772612e-07"",""path_gain_db"":""-61.62140916731317"",""rx_power_dbm"":""-31.621409167313168"",""sanity_ok"":""True"",""xml_path"":""rt_out/experiments/semantic_ablation_actor_200f/sionna_xml/frame_000_sionna.xml""},{""frame_id"":""0"",""source_sample_index"":""0"",""rx_id"":""rx_cerberus_base"",""num_paths"":""17"",""tau_min"":""1.574846919538686e-08"",""tau_max"":""5.723669715962387e-08"",""delay_spread"":""4.148822796423701e-08"",""path_gain_sum"":""3.615688370928183e-08"",""path_gain_db"":""-74.41809007571236"",""rx_power_dbm"":""-44.41809007571236"",""sanity_ok"":""True"",""xml_path"":""rt_out/experiments/semantic_ablation_actor_200f/sionna_xml/frame_000_sionna.xml""},{""frame_id"":""0"",""source_sample_index"":""0"",""rx_id"":""rx_nao_chest"",""num_paths"":""20"",""tau_min"":""1.0787783999433032e-08"",""tau_max"":""6.209720737615498e-08"",""delay_spread"":""5.130942337672195e-08"",""path_gain_sum"":""7.232826959580052e-08"",""path_gain_db"":""-71.4069192497595"",""rx_power_dbm"":""-41.4069192497595"",""sanity_ok"":""True"",""xml_path"":""rt_out/experiments/semantic_ablation_actor_200f/sionna_xml/frame_000_sionna.xml""},{""frame_id"":""0"",""source_sample_index"":""0"",""rx_id"":""rx_human_chest"",""num_paths"":""21"",""tau_min"":""6.163341392806387e-09"",""tau_max"":""6.431429255826515e-08"",""delay_spread"":""5.8150951165458764e-08"",""path_gain_sum"":""2.240194589830935e-07"",""path_gain_db"":""-66.49714255942916"",""rx_power_dbm"":""-36.497142559429165"",""sanity_ok"":""True"",""xml_path"":""rt_out/experiments/semantic_ablation_actor_200f/sionna_xml/frame_000_sionna.xml""},{""frame_id"":""0"",""source_sample_index"":""0"",""rx_id"":""rx_x500_body"",""num_paths"":""23"",""tau_min"":""1.7234324189985273e-08"",""tau_max"":""7.465505547088469e-08"",""delay_spread"":""5.742073128089942e-08"",""path_gain_sum"":""3.372388945876992e-08"",""path_gain_db"":""-74.72062342912375"",""rx_power_dbm"":""-44.72062342912375"",""sanity_ok"":""True"",""xml_path"":""rt_out/experiments/semantic_ablation_actor_200f/sionna_xml/frame_000_sionna.xml""}]",0,[],,rt_out/experiments/perception_rt_small_v0/frames/instance_registry.json,rt_out/experiments/perception_rt_small_v0/configs/semantic_label_map.json,warning,no transition label rows linked
0.1,perception_rt_small_v0,rt_out/experiments/semantic_ablation_actor_200f,0,0,0,0,0,cam_corner_sw,640,480,1.047,0.1,20.0,-4.2766,-4.27322,2.72007,-0.014193,0.518246,0.774445,rt_out/experiments/perception_rt_small_v0/perception_raw/native/panoptic/cam_corner_sw/labels_maps_rgb/000000.ppm,rt_out/experiments/perception_rt_small_v0/perception_raw/native/panoptic/cam_corner_sw/semantic_decoded/000000.pgm,rt_out/experiments/perception_rt_small_v0/perception_raw/native/panoptic/cam_corner_sw/gazebo_instance_count/000000.pgm,rt_out/experiments/perception_rt_small_v0/perception_raw/native/panoptic/cam_corner_sw/colored_maps/000000.ppm,rt_out/experiments/perception_rt_small_v0/perception_raw/native/panoptic/cam_corner_sw/metadata/000000.json,true,true,true,true,true,rt_out/experiments/perception_rt_small_v0/reconstruction/labeled_colorized_pcl_sync/frame_000/cam_corner_sw_labeled_colorized.ply,true,ok,19200,0,0,8,27,ok,,6,"rx_panda_base,rx_ur5_base,rx_cerberus_base,rx_nao_chest,rx_human_chest,rx_x500_body",frame_id,"[{""frame_id"":""0"",""source_sample_index"":""0"",""rx_id"":""rx_panda_base"",""num_paths"":""22"",""tau_min"":""1.0643356418427175e-08"",""tau_max"":""6.284866316264015e-08"",""delay_spread"":""5.2205306744212976e-08"",""path_gain_sum"":""1.9107138093943377e-09"",""path_gain_db"":""-87.18804357585817"",""rx_power_dbm"":""-57.188043575858174"",""sanity_ok"":""True"",""xml_path"":""rt_out/experiments/semantic_ablation_actor_200f/sionna_xml/frame_000_sionna.xml""},{""frame_id"":""0"",""source_sample_index"":""0"",""rx_id"":""rx_ur5_base"",""num_paths"":""19"",""tau_min"":""5.708055805797585e-09"",""tau_max"":""5.930293767164585e-08"",""delay_spread"":""5.3594881865848265e-08"",""path_gain_sum"":""6.884288836772612e-07"",""path_gain_db"":""-61.62140916731317"",""rx_power_dbm"":""-31.621409167313168"",""sanity_ok"":""True"",""xml_path"":""rt_out/experiments/semantic_ablation_actor_200f/sionna_xml/frame_000_sionna.xml""},{""frame_id"":""0"",""source_sample_index"":""0"",""rx_id"":""rx_cerberus_base"",""num_paths"":""17"",""tau_min"":""1.574846919538686e-08"",""tau_max"":""5.723669715962387e-08"",""delay_spread"":""4.148822796423701e-08"",""path_gain_sum"":""3.615688370928183e-08"",""path_gain_db"":""-74.41809007571236"",""rx_power_dbm"":""-44.41809007571236"",""sanity_ok"":""True"",""xml_path"":""rt_out/experiments/semantic_ablation_actor_200f/sionna_xml/frame_000_sionna.xml""},{""frame_id"":""0"",""source_sample_index"":""0"",""rx_id"":""rx_nao_chest"",""num_paths"":""20"",""tau_min"":""1.0787783999433032e-08"",""tau_max"":""6.209720737615498e-08"",""delay_spread"":""5.130942337672195e-08"",""path_gain_sum"":""7.232826959580052e-08"",""path_gain_db"":""-71.4069192497595"",""rx_power_dbm"":""-41.4069192497595"",""sanity_ok"":""True"",""xml_path"":""rt_out/experiments/semantic_ablation_actor_200f/sionna_xml/frame_000_sionna.xml""},{""frame_id"":""0"",""source_sample_index"":""0"",""rx_id"":""rx_human_chest"",""num_paths"":""21"",""tau_min"":""6.163341392806387e-09"",""tau_max"":""6.431429255826515e-08"",""delay_spread"":""5.8150951165458764e-08"",""path_gain_sum"":""2.240194589830935e-07"",""path_gain_db"":""-66.49714255942916"",""rx_power_dbm"":""-36.497142559429165"",""sanity_ok"":""True"",""xml_path"":""rt_out/experiments/semantic_ablation_actor_200f/sionna_xml/frame_000_sionna.xml""},{""frame_id"":""0"",""source_sample_index"":""0"",""rx_id"":""rx_x500_body"",""num_paths"":""23"",""tau_min"":""1.7234324189985273e-08"",""tau_max"":""7.465505547088469e-08"",""delay_spread"":""5.742073128089942e-08"",""path_gain_sum"":""3.372388945876992e-08"",""path_gain_db"":""-74.72062342912375"",""rx_power_dbm"":""-44.72062342912375"",""sanity_ok"":""True"",""xml_path"":""rt_out/experiments/semantic_ablation_actor_200f/sionna_xml/frame_000_sionna.xml""}]",0,[],,rt_out/experiments/perception_rt_small_v0/frames/instance_registry.json,rt_out/experiments/perception_rt_small_v0/configs/semantic_label_map.json,warning,no transition label rows linked
0.1,perception_rt_small_v0,rt_out/experiments/semantic_ablation_actor_200f,0,0,0,0,0,cam_corner_se,640,480,1.047,0.1,20.0,4.44776,-4.40805,2.80523,-0.023556,0.376367,2.408296,rt_out/experiments/perception_rt_small_v0/perception_raw/native/panoptic/cam_corner_se/labels_maps_rgb/000000.ppm,rt_out/experiments/perception_rt_small_v0/perception_raw/native/panoptic/cam_corner_se/semantic_decoded/000000.pgm,rt_out/experiments/perception_rt_small_v0/perception_raw/native/panoptic/cam_corner_se/gazebo_instance_count/000000.pgm,rt_out/experiments/perception_rt_small_v0/perception_raw/native/panoptic/cam_corner_se/colored_maps/000000.ppm,rt_out/experiments/perception_rt_small_v0/perception_raw/native/panoptic/cam_corner_se/metadata/000000.json,true,true,true,true,true,rt_out/experiments/perception_rt_small_v0/reconstruction/labeled_colorized_pcl_sync/frame_000/cam_corner_se_labeled_colorized.ply,true,ok,19200,0,0,9,39,ok,,6,"rx_panda_base,rx_ur5_base,rx_cerberus_base,rx_nao_chest,rx_human_chest,rx_x500_body",frame_id,"[{""frame_id"":""0"",""source_sample_index"":""0"",""rx_id"":""rx_panda_base"",""num_paths"":""22"",""tau_min"":""1.0643356418427175e-08"",""tau_max"":""6.284866316264015e-08"",""delay_spread"":""5.2205306744212976e-08"",""path_gain_sum"":""1.9107138093943377e-09"",""path_gain_db"":""-87.18804357585817"",""rx_power_dbm"":""-57.188043575858174"",""sanity_ok"":""True"",""xml_path"":""rt_out/experiments/semantic_ablation_actor_200f/sionna_xml/frame_000_sionna.xml""},{""frame_id"":""0"",""source_sample_index"":""0"",""rx_id"":""rx_ur5_base"",""num_paths"":""19"",""tau_min"":""5.708055805797585e-09"",""tau_max"":""5.930293767164585e-08"",""delay_spread"":""5.3594881865848265e-08"",""path_gain_sum"":""6.884288836772612e-07"",""path_gain_db"":""-61.62140916731317"",""rx_power_dbm"":""-31.621409167313168"",""sanity_ok"":""True"",""xml_path"":""rt_out/experiments/semantic_ablation_actor_200f/sionna_xml/frame_000_sionna.xml""},{""frame_id"":""0"",""source_sample_index"":""0"",""rx_id"":""rx_cerberus_base"",""num_paths"":""17"",""tau_min"":""1.574846919538686e-08"",""tau_max"":""5.723669715962387e-08"",""delay_spread"":""4.148822796423701e-08"",""path_gain_sum"":""3.615688370928183e-08"",""path_gain_db"":""-74.41809007571236"",""rx_power_dbm"":""-44.41809007571236"",""sanity_ok"":""True"",""xml_path"":""rt_out/experiments/semantic_ablation_actor_200f/sionna_xml/frame_000_sionna.xml""},{""frame_id"":""0"",""source_sample_index"":""0"",""rx_id"":""rx_nao_chest"",""num_paths"":""20"",""tau_min"":""1.0787783999433032e-08"",""tau_max"":""6.209720737615498e-08"",""delay_spread"":""5.130942337672195e-08"",""path_gain_sum"":""7.232826959580052e-08"",""path_gain_db"":""-71.4069192497595"",""rx_power_dbm"":""-41.4069192497595"",""sanity_ok"":""True"",""xml_path"":""rt_out/experiments/semantic_ablation_actor_200f/sionna_xml/frame_000_sionna.xml""},{""frame_id"":""0"",""source_sample_index"":""0"",""rx_id"":""rx_human_chest"",""num_paths"":""21"",""tau_min"":""6.163341392806387e-09"",""tau_max"":""6.431429255826515e-08"",""delay_spread"":""5.8150951165458764e-08"",""path_gain_sum"":""2.240194589830935e-07"",""path_gain_db"":""-66.49714255942916"",""rx_power_dbm"":""-36.497142559429165"",""sanity_ok"":""True"",""xml_path"":""rt_out/experiments/semantic_ablation_actor_200f/sionna_xml/frame_000_sionna.xml""},{""frame_id"":""0"",""source_sample_index"":""0"",""rx_id"":""rx_x500_body"",""num_paths"":""23"",""tau_min"":""1.7234324189985273e-08"",""tau_max"":""7.465505547088469e-08"",""delay_spread"":""5.742073128089942e-08"",""path_gain_sum"":""3.372388945876992e-08"",""path_gain_db"":""-74.72062342912375"",""rx_power_dbm"":""-44.72062342912375"",""sanity_ok"":""True"",""xml_path"":""rt_out/experiments/semantic_ablation_actor_200f/sionna_xml/frame_000_sionna.xml""}]",0,[],,rt_out/experiments/perception_rt_small_v0/frames/instance_registry.json,rt_out/experiments/perception_rt_small_v0/configs/semantic_label_map.json,warning,no transition label rows linked
0.1,perception_rt_small_v0,rt_out/experiments/semantic_ablation_actor_200f,0,0,0,0,0,cam_wall_north,640,480,1.047,0.1,20.0,0.221087,4.38902,2.71504,-0.0,0.562591,-1.5708,rt_out/experiments/perception_rt_small_v0/perception_raw/native/panoptic/cam_wall_north/labels_maps_rgb/000000.ppm,rt_out/experiments/perception_rt_small_v0/perception_raw/native/panoptic/cam_wall_north/semantic_decoded/000000.pgm,rt_out/experiments/perception_rt_small_v0/perception_raw/native/panoptic/cam_wall_north/gazebo_instance_count/000000.pgm,rt_out/experiments/perception_rt_small_v0/perception_raw/native/panoptic/cam_wall_north/colored_maps/000000.ppm,rt_out/experiments/perception_rt_small_v0/perception_raw/native/panoptic/cam_wall_north/metadata/000000.json,true,true,true,true,true,rt_out/experiments/perception_rt_small_v0/reconstruction/labeled_colorized_pcl_sync/frame_000/cam_wall_north_labeled_colorized.ply,true,ok,19190,0,0,8,28,ok,,6,"rx_panda_base,rx_ur5_base,rx_cerberus_base,rx_nao_chest,rx_human_chest,rx_x500_body",frame_id,"[{""frame_id"":""0"",""source_sample_index"":""0"",""rx_id"":""rx_panda_base"",""num_paths"":""22"",""tau_min"":""1.0643356418427175e-08"",""tau_max"":""6.284866316264015e-08"",""delay_spread"":""5.2205306744212976e-08"",""path_gain_sum"":""1.9107138093943377e-09"",""path_gain_db"":""-87.18804357585817"",""rx_power_dbm"":""-57.188043575858174"",""sanity_ok"":""True"",""xml_path"":""rt_out/experiments/semantic_ablation_actor_200f/sionna_xml/frame_000_sionna.xml""},{""frame_id"":""0"",""source_sample_index"":""0"",""rx_id"":""rx_ur5_base"",""num_paths"":""19"",""tau_min"":""5.708055805797585e-09"",""tau_max"":""5.930293767164585e-08"",""delay_spread"":""5.3594881865848265e-08"",""path_gain_sum"":""6.884288836772612e-07"",""path_gain_db"":""-61.62140916731317"",""rx_power_dbm"":""-31.621409167313168"",""sanity_ok"":""True"",""xml_path"":""rt_out/experiments/semantic_ablation_actor_200f/sionna_xml/frame_000_sionna.xml""},{""frame_id"":""0"",""source_sample_index"":""0"",""rx_id"":""rx_cerberus_base"",""num_paths"":""17"",""tau_min"":""1.574846919538686e-08"",""tau_max"":""5.723669715962387e-08"",""delay_spread"":""4.148822796423701e-08"",""path_gain_sum"":""3.615688370928183e-08"",""path_gain_db"":""-74.41809007571236"",""rx_power_dbm"":""-44.41809007571236"",""sanity_ok"":""True"",""xml_path"":""rt_out/experiments/semantic_ablation_actor_200f/sionna_xml/frame_000_sionna.xml""},{""frame_id"":""0"",""source_sample_index"":""0"",""rx_id"":""rx_nao_chest"",""num_paths"":""20"",""tau_min"":""1.0787783999433032e-08"",""tau_max"":""6.209720737615498e-08"",""delay_spread"":""5.130942337672195e-08"",""path_gain_sum"":""7.232826959580052e-08"",""path_gain_db"":""-71.4069192497595"",""rx_power_dbm"":""-41.4069192497595"",""sanity_ok"":""True"",""xml_path"":""rt_out/experiments/semantic_ablation_actor_200f/sionna_xml/frame_000_sionna.xml""},{""frame_id"":""0"",""source_sample_index"":""0"",""rx_id"":""rx_human_chest"",""num_paths"":""21"",""tau_min"":""6.163341392806387e-09"",""tau_max"":""6.431429255826515e-08"",""delay_spread"":""5.8150951165458764e-08"",""path_gain_sum"":""2.240194589830935e-07"",""path_gain_db"":""-66.49714255942916"",""rx_power_dbm"":""-36.497142559429165"",""sanity_ok"":""True"",""xml_path"":""rt_out/experiments/semantic_ablation_actor_200f/sionna_xml/frame_000_sionna.xml""},{""frame_id"":""0"",""source_sample_index"":""0"",""rx_id"":""rx_x500_body"",""num_paths"":""23"",""tau_min"":""1.7234324189985273e-08"",""tau_max"":""7.465505547088469e-08"",""delay_spread"":""5.742073128089942e-08"",""path_gain_sum"":""3.372388945876992e-08"",""path_gain_db"":""-74.72062342912375"",""rx_power_dbm"":""-44.72062342912375"",""sanity_ok"":""True"",""xml_path"":""rt_out/experiments/semantic_ablation_actor_200f/sionna_xml/frame_000_sionna.xml""}]",0,[],,rt_out/experiments/perception_rt_small_v0/frames/instance_registry.json,rt_out/experiments/perception_rt_small_v0/configs/semantic_label_map.json,warning,no transition label rows linked
0.1,perception_rt_small_v0,rt_out/experiments/semantic_ablation_actor_200f,0,0,0,0,0,cam_wall_south,640,480,1.047,0.1,20.0,0.221056,-4.22159,2.7964,0.000426,0.271157,1.577903,rt_out/experiments/perception_rt_small_v0/perception_raw/native/panoptic/cam_wall_south/labels_maps_rgb/000000.ppm,rt_out/experiments/perception_rt_small_v0/perception_raw/native/panoptic/cam_wall_south/semantic_decoded/000000.pgm,rt_out/experiments/perception_rt_small_v0/perception_raw/native/panoptic/cam_wall_south/gazebo_instance_count/000000.pgm,rt_out/experiments/perception_rt_small_v0/perception_raw/native/panoptic/cam_wall_south/colored_maps/000000.ppm,rt_out/experiments/perception_rt_small_v0/perception_raw/native/panoptic/cam_wall_south/metadata/000000.json,true,true,true,true,true,rt_out/experiments/perception_rt_small_v0/reconstruction/labeled_colorized_pcl_sync/frame_000/cam_wall_south_labeled_colorized.ply,true,ok,19200,0,0,9,33,ok,,6,"rx_panda_base,rx_ur5_base,rx_cerberus_base,rx_nao_chest,rx_human_chest,rx_x500_body",frame_id,"[{""frame_id"":""0"",""source_sample_index"":""0"",""rx_id"":""rx_panda_base"",""num_paths"":""22"",""tau_min"":""1.0643356418427175e-08"",""tau_max"":""6.284866316264015e-08"",""delay_spread"":""5.2205306744212976e-08"",""path_gain_sum"":""1.9107138093943377e-09"",""path_gain_db"":""-87.18804357585817"",""rx_power_dbm"":""-57.188043575858174"",""sanity_ok"":""True"",""xml_path"":""rt_out/experiments/semantic_ablation_actor_200f/sionna_xml/frame_000_sionna.xml""},{""frame_id"":""0"",""source_sample_index"":""0"",""rx_id"":""rx_ur5_base"",""num_paths"":""19"",""tau_min"":""5.708055805797585e-09"",""tau_max"":""5.930293767164585e-08"",""delay_spread"":""5.3594881865848265e-08"",""path_gain_sum"":""6.884288836772612e-07"",""path_gain_db"":""-61.62140916731317"",""rx_power_dbm"":""-31.621409167313168"",""sanity_ok"":""True"",""xml_path"":""rt_out/experiments/semantic_ablation_actor_200f/sionna_xml/frame_000_sionna.xml""},{""frame_id"":""0"",""source_sample_index"":""0"",""rx_id"":""rx_cerberus_base"",""num_paths"":""17"",""tau_min"":""1.574846919538686e-08"",""tau_max"":""5.723669715962387e-08"",""delay_spread"":""4.148822796423701e-08"",""path_gain_sum"":""3.615688370928183e-08"",""path_gain_db"":""-74.41809007571236"",""rx_power_dbm"":""-44.41809007571236"",""sanity_ok"":""True"",""xml_path"":""rt_out/experiments/semantic_ablation_actor_200f/sionna_xml/frame_000_sionna.xml""},{""frame_id"":""0"",""source_sample_index"":""0"",""rx_id"":""rx_nao_chest"",""num_paths"":""20"",""tau_min"":""1.0787783999433032e-08"",""tau_max"":""6.209720737615498e-08"",""delay_spread"":""5.130942337672195e-08"",""path_gain_sum"":""7.232826959580052e-08"",""path_gain_db"":""-71.4069192497595"",""rx_power_dbm"":""-41.4069192497595"",""sanity_ok"":""True"",""xml_path"":""rt_out/experiments/semantic_ablation_actor_200f/sionna_xml/frame_000_sionna.xml""},{""frame_id"":""0"",""source_sample_index"":""0"",""rx_id"":""rx_human_chest"",""num_paths"":""21"",""tau_min"":""6.163341392806387e-09"",""tau_max"":""6.431429255826515e-08"",""delay_spread"":""5.8150951165458764e-08"",""path_gain_sum"":""2.240194589830935e-07"",""path_gain_db"":""-66.49714255942916"",""rx_power_dbm"":""-36.497142559429165"",""sanity_ok"":""True"",""xml_path"":""rt_out/experiments/semantic_ablation_actor_200f/sionna_xml/frame_000_sionna.xml""},{""frame_id"":""0"",""source_sample_index"":""0"",""rx_id"":""rx_x500_body"",""num_paths"":""23"",""tau_min"":""1.7234324189985273e-08"",""tau_max"":""7.465505547088469e-08"",""delay_spread"":""5.742073128089942e-08"",""path_gain_sum"":""3.372388945876992e-08"",""path_gain_db"":""-74.72062342912375"",""rx_power_dbm"":""-44.72062342912375"",""sanity_ok"":""True"",""xml_path"":""rt_out/experiments/semantic_ablation_actor_200f/sionna_xml/frame_000_sionna.xml""}]",0,[],,rt_out/experiments/perception_rt_small_v0/frames/instance_registry.json,rt_out/experiments/perception_rt_small_v0/configs/semantic_label_map.json,warning,no transition label rows linked
0.1,perception_rt_small_v0,rt_out/experiments/semantic_ablation_actor_200f,0,0,0,0,0,cam_wall_east,640,480,1.047,0.1,20.0,4.38989,-0.157588,2.81304,-0.047579,0.393096,3.098594,rt_out/experiments/perception_rt_small_v0/perception_raw/native/panoptic/cam_wall_east/labels_maps_rgb/000000.ppm,rt_out/experiments/perception_rt_small_v0/perception_raw/native/panoptic/cam_wall_east/semantic_decoded/000000.pgm,rt_out/experiments/perception_rt_small_v0/perception_raw/native/panoptic/cam_wall_east/gazebo_instance_count/000000.pgm,rt_out/experiments/perception_rt_small_v0/perception_raw/native/panoptic/cam_wall_east/colored_maps/000000.ppm,rt_out/experiments/perception_rt_small_v0/perception_raw/native/panoptic/cam_wall_east/metadata/000000.json,true,true,true,true,true,rt_out/experiments/perception_rt_small_v0/reconstruction/labeled_colorized_pcl_sync/frame_000/cam_wall_east_labeled_colorized.ply,true,ok,19200,0,0,8,35,ok,,6,"rx_panda_base,rx_ur5_base,rx_cerberus_base,rx_nao_chest,rx_human_chest,rx_x500_body",frame_id,"[{""frame_id"":""0"",""source_sample_index"":""0"",""rx_id"":""rx_panda_base"",""num_paths"":""22"",""tau_min"":""1.0643356418427175e-08"",""tau_max"":""6.284866316264015e-08"",""delay_spread"":""5.2205306744212976e-08"",""path_gain_sum"":""1.9107138093943377e-09"",""path_gain_db"":""-87.18804357585817"",""rx_power_dbm"":""-57.188043575858174"",""sanity_ok"":""True"",""xml_path"":""rt_out/experiments/semantic_ablation_actor_200f/sionna_xml/frame_000_sionna.xml""},{""frame_id"":""0"",""source_sample_index"":""0"",""rx_id"":""rx_ur5_base"",""num_paths"":""19"",""tau_min"":""5.708055805797585e-09"",""tau_max"":""5.930293767164585e-08"",""delay_spread"":""5.3594881865848265e-08"",""path_gain_sum"":""6.884288836772612e-07"",""path_gain_db"":""-61.62140916731317"",""rx_power_dbm"":""-31.621409167313168"",""sanity_ok"":""True"",""xml_path"":""rt_out/experiments/semantic_ablation_actor_200f/sionna_xml/frame_000_sionna.xml""},{""frame_id"":""0"",""source_sample_index"":""0"",""rx_id"":""rx_cerberus_base"",""num_paths"":""17"",""tau_min"":""1.574846919538686e-08"",""tau_max"":""5.723669715962387e-08"",""delay_spread"":""4.148822796423701e-08"",""path_gain_sum"":""3.615688370928183e-08"",""path_gain_db"":""-74.41809007571236"",""rx_power_dbm"":""-44.41809007571236"",""sanity_ok"":""True"",""xml_path"":""rt_out/experiments/semantic_ablation_actor_200f/sionna_xml/frame_000_sionna.xml""},{""frame_id"":""0"",""source_sample_index"":""0"",""rx_id"":""rx_nao_chest"",""num_paths"":""20"",""tau_min"":""1.0787783999433032e-08"",""tau_max"":""6.209720737615498e-08"",""delay_spread"":""5.130942337672195e-08"",""path_gain_sum"":""7.232826959580052e-08"",""path_gain_db"":""-71.4069192497595"",""rx_power_dbm"":""-41.4069192497595"",""sanity_ok"":""True"",""xml_path"":""rt_out/experiments/semantic_ablation_actor_200f/sionna_xml/frame_000_sionna.xml""},{""frame_id"":""0"",""source_sample_index"":""0"",""rx_id"":""rx_human_chest"",""num_paths"":""21"",""tau_min"":""6.163341392806387e-09"",""tau_max"":""6.431429255826515e-08"",""delay_spread"":""5.8150951165458764e-08"",""path_gain_sum"":""2.240194589830935e-07"",""path_gain_db"":""-66.49714255942916"",""rx_power_dbm"":""-36.497142559429165"",""sanity_ok"":""True"",""xml_path"":""rt_out/experiments/semantic_ablation_actor_200f/sionna_xml/frame_000_sionna.xml""},{""frame_id"":""0"",""source_sample_index"":""0"",""rx_id"":""rx_x500_body"",""num_paths"":""23"",""tau_min"":""1.7234324189985273e-08"",""tau_max"":""7.465505547088469e-08"",""delay_spread"":""5.742073128089942e-08"",""path_gain_sum"":""3.372388945876992e-08"",""path_gain_db"":""-74.72062342912375"",""rx_power_dbm"":""-44.72062342912375"",""sanity_ok"":""True"",""xml_path"":""rt_out/experiments/semantic_ablation_actor_200f/sionna_xml/frame_000_sionna.xml""}]",0,[],,rt_out/experiments/perception_rt_small_v0/frames/instance_registry.json,rt_out/experiments/perception_rt_small_v0/configs/semantic_label_map.json,warning,no transition label rows linked
0.1,perception_rt_small_v0,rt_out/experiments/semantic_ablation_actor_200f,0,0,0,0,0,cam_wall_west,640,480,1.047,0.1,20.0,-4.368888,-0.03657,2.817008,0.035211,0.406352,0.030119,rt_out/experiments/perception_rt_small_v0/perception_raw/native/panoptic/cam_wall_west/labels_maps_rgb/000000.ppm,rt_out/experiments/perception_rt_small_v0/perception_raw/native/panoptic/cam_wall_west/semantic_decoded/000000.pgm,rt_out/experiments/perception_rt_small_v0/perception_raw/native/panoptic/cam_wall_west/gazebo_instance_count/000000.pgm,rt_out/experiments/perception_rt_small_v0/perception_raw/native/panoptic/cam_wall_west/colored_maps/000000.ppm,rt_out/experiments/perception_rt_small_v0/perception_raw/native/panoptic/cam_wall_west/metadata/000000.json,true,true,true,true,true,rt_out/experiments/perception_rt_small_v0/reconstruction/labeled_colorized_pcl_sync/frame_000/cam_wall_west_labeled_colorized.ply,true,ok,19200,0,0,8,26,ok,,6,"rx_panda_base,rx_ur5_base,rx_cerberus_base,rx_nao_chest,rx_human_chest,rx_x500_body",frame_id,"[{""frame_id"":""0"",""source_sample_index"":""0"",""rx_id"":""rx_panda_base"",""num_paths"":""22"",""tau_min"":""1.0643356418427175e-08"",""tau_max"":""6.284866316264015e-08"",""delay_spread"":""5.2205306744212976e-08"",""path_gain_sum"":""1.9107138093943377e-09"",""path_gain_db"":""-87.18804357585817"",""rx_power_dbm"":""-57.188043575858174"",""sanity_ok"":""True"",""xml_path"":""rt_out/experiments/semantic_ablation_actor_200f/sionna_xml/frame_000_sionna.xml""},{""frame_id"":""0"",""source_sample_index"":""0"",""rx_id"":""rx_ur5_base"",""num_paths"":""19"",""tau_min"":""5.708055805797585e-09"",""tau_max"":""5.930293767164585e-08"",""delay_spread"":""5.3594881865848265e-08"",""path_gain_sum"":""6.884288836772612e-07"",""path_gain_db"":""-61.62140916731317"",""rx_power_dbm"":""-31.621409167313168"",""sanity_ok"":""True"",""xml_path"":""rt_out/experiments/semantic_ablation_actor_200f/sionna_xml/frame_000_sionna.xml""},{""frame_id"":""0"",""source_sample_index"":""0"",""rx_id"":""rx_cerberus_base"",""num_paths"":""17"",""tau_min"":""1.574846919538686e-08"",""tau_max"":""5.723669715962387e-08"",""delay_spread"":""4.148822796423701e-08"",""path_gain_sum"":""3.615688370928183e-08"",""path_gain_db"":""-74.41809007571236"",""rx_power_dbm"":""-44.41809007571236"",""sanity_ok"":""True"",""xml_path"":""rt_out/experiments/semantic_ablation_actor_200f/sionna_xml/frame_000_sionna.xml""},{""frame_id"":""0"",""source_sample_index"":""0"",""rx_id"":""rx_nao_chest"",""num_paths"":""20"",""tau_min"":""1.0787783999433032e-08"",""tau_max"":""6.209720737615498e-08"",""delay_spread"":""5.130942337672195e-08"",""path_gain_sum"":""7.232826959580052e-08"",""path_gain_db"":""-71.4069192497595"",""rx_power_dbm"":""-41.4069192497595"",""sanity_ok"":""True"",""xml_path"":""rt_out/experiments/semantic_ablation_actor_200f/sionna_xml/frame_000_sionna.xml""},{""frame_id"":""0"",""source_sample_index"":""0"",""rx_id"":""rx_human_chest"",""num_paths"":""21"",""tau_min"":""6.163341392806387e-09"",""tau_max"":""6.431429255826515e-08"",""delay_spread"":""5.8150951165458764e-08"",""path_gain_sum"":""2.240194589830935e-07"",""path_gain_db"":""-66.49714255942916"",""rx_power_dbm"":""-36.497142559429165"",""sanity_ok"":""True"",""xml_path"":""rt_out/experiments/semantic_ablation_actor_200f/sionna_xml/frame_000_sionna.xml""},{""frame_id"":""0"",""source_sample_index"":""0"",""rx_id"":""rx_x500_body"",""num_paths"":""23"",""tau_min"":""1.7234324189985273e-08"",""tau_max"":""7.465505547088469e-08"",""delay_spread"":""5.742073128089942e-08"",""path_gain_sum"":""3.372388945876992e-08"",""path_gain_db"":""-74.72062342912375"",""rx_power_dbm"":""-44.72062342912375"",""sanity_ok"":""True"",""xml_path"":""rt_out/experiments/semantic_ablation_actor_200f/sionna_xml/frame_000_sionna.xml""}]",0,[],,rt_out/experiments/perception_rt_small_v0/frames/instance_registry.json,rt_out/experiments/perception_rt_small_v0/configs/semantic_label_map.json,warning,no transition label rows linked
0.1,perception_rt_small_v0,rt_out/experiments/semantic_ablation_actor_200f,1,1,10,10,2570,cam_corner_nw,640,480,1.047,0.1,20.0,-4.368888,4.38902,2.76265,-0.018875,0.447306,-0.787697,rt_out/experiments/perception_rt_small_v0/perception_raw/native/panoptic/cam_corner_nw/labels_maps_rgb/000001.ppm,rt_out/experiments/perception_rt_small_v0/perception_raw/native/panoptic/cam_corner_nw/semantic_decoded/000001.pgm,rt_out/experiments/perception_rt_small_v0/perception_raw/native/panoptic/cam_corner_nw/gazebo_instance_count/000001.pgm,rt_out/experiments/perception_rt_small_v0/perception_raw/native/panoptic/cam_corner_nw/colored_maps/000001.ppm,rt_out/experiments/perception_rt_small_v0/perception_raw/native/panoptic/cam_corner_nw/metadata/000001.json,true,true,true,true,true,rt_out/experiments/perception_rt_small_v0/reconstruction/labeled_colorized_pcl_sync/frame_001/cam_corner_nw_labeled_colorized.ply,true,ok,19191,0,0,8,28,ok,,6,"rx_panda_base,rx_ur5_base,rx_cerberus_base,rx_nao_chest,rx_human_chest,rx_x500_body",frame_id,"[{""frame_id"":""10"",""source_sample_index"":""2570"",""rx_id"":""rx_panda_base"",""num_paths"":""26"",""tau_min"":""7.579527228074312e-09"",""tau_max"":""6.284866316264015e-08"",""delay_spread"":""5.526913593456584e-08"",""path_gain_sum"":""2.3566471440972236e-08"",""path_gain_db"":""-76.27705438622607"",""rx_power_dbm"":""-46.27705438622607"",""sanity_ok"":""True"",""xml_path"":""rt_out/experiments/semantic_ablation_actor_200f/sionna_xml/frame_010_sionna.xml""},{""frame_id"":""10"",""source_sample_index"":""2570"",""rx_id"":""rx_ur5_base"",""num_paths"":""19"",""tau_min"":""5.708055805797585e-09"",""tau_max"":""5.930293767164585e-08"",""delay_spread"":""5.3594881865848265e-08"",""path_gain_sum"":""2.496733202406176e-07"",""path_gain_db"":""-66.02627863300775"",""rx_power_dbm"":""-36.02627863300775"",""sanity_ok"":""True"",""xml_path"":""rt_out/experiments/semantic_ablation_actor_200f/sionna_xml/frame_010_sionna.xml""},{""frame_id"":""10"",""source_sample_index"":""2570"",""rx_id"":""rx_cerberus_base"",""num_paths"":""18"",""tau_min"":""1.574846919538686e-08"",""tau_max"":""5.723669715962387e-08"",""delay_spread"":""4.148822796423701e-08"",""path_gain_sum"":""3.621421384991663e-08"",""path_gain_db"":""-74.41120938168608"",""rx_power_dbm"":""-44.41120938168608"",""sanity_ok"":""True"",""xml_path"":""rt_out/experiments/semantic_ablation_actor_200f/sionna_xml/frame_010_sionna.xml""},{""frame_id"":""10"",""source_sample_index"":""2570"",""rx_id"":""rx_nao_chest"",""num_paths"":""24"",""tau_min"":""1.0787783999433032e-08"",""tau_max"":""6.209720737615498e-08"",""delay_spread"":""5.130942337672195e-08"",""path_gain_sum"":""7.249248312746204e-08"",""path_gain_db"":""-71.39707023849851"",""rx_power_dbm"":""-41.397070238498515"",""sanity_ok"":""True"",""xml_path"":""rt_out/experiments/semantic_ablation_actor_200f/sionna_xml/frame_010_sionna.xml""},{""frame_id"":""10"",""source_sample_index"":""2570"",""rx_id"":""rx_human_chest"",""num_paths"":""22"",""tau_min"":""6.163341392806387e-09"",""tau_max"":""6.431429255826515e-08"",""delay_spread"":""5.8150951165458764e-08"",""path_gain_sum"":""2.2438423741277802e-07"",""path_gain_db"":""-66.49007654746941"",""rx_power_dbm"":""-36.490076547469414"",""sanity_ok"":""True"",""xml_path"":""rt_out/experiments/semantic_ablation_actor_200f/sionna_xml/frame_010_sionna.xml""},{""frame_id"":""10"",""source_sample_index"":""2570"",""rx_id"":""rx_x500_body"",""num_paths"":""23"",""tau_min"":""1.7234324189985273e-08"",""tau_max"":""7.465505547088469e-08"",""delay_spread"":""5.742073128089942e-08"",""path_gain_sum"":""3.372388945876992e-08"",""path_gain_db"":""-74.72062342912375"",""rx_power_dbm"":""-44.72062342912375"",""sanity_ok"":""True"",""xml_path"":""rt_out/experiments/semantic_ablation_actor_200f/sionna_xml/frame_010_sionna.xml""}]",6,"[{""frame_id"":""10"",""source_sample_index"":""2570"",""rx_id"":""rx_cerberus_base"",""delta_num_paths"":""0"",""delta_delay_spread"":""0.0"",""delta_rx_power_db"":""0.0"",""y_path_change"":""0"",""y_path_drop"":""0"",""y_rx_power_drop_0p5db"":""0"",""y_rx_power_drop_1db"":""0"",""y_rx_power_drop_2db"":""0"",""y_delay_spread_increase"":""0"",""y_adaptation_trigger_1db"":""0"",""y_adaptation_trigger_2db"":""0""},{""frame_id"":""10"",""source_sample_index"":""2570"",""rx_id"":""rx_human_chest"",""delta_num_paths"":""0"",""delta_delay_spread"":""0.0"",""delta_rx_power_db"":""-0.0010244416324098893"",""y_path_change"":""0"",""y_path_drop"":""0"",""y_rx_power_drop_0p5db"":""0"",""y_rx_power_drop_1db"":""0"",""y_rx_power_drop_2db"":""0"",""y_delay_spread_increase"":""0"",""y_adaptation_trigger_1db"":""0"",""y_adaptation_trigger_2db"":""0""},{""frame_id"":""10"",""source_sample_index"":""2570"",""rx_id"":""rx_nao_chest"",""delta_num_paths"":""0"",""delta_delay_spread"":""0.0"",""delta_rx_power_db"":""0.0"",""y_path_change"":""0"",""y_path_drop"":""0"",""y_rx_power_drop_0p5db"":""0"",""y_rx_power_drop_1db"":""0"",""y_rx_power_drop_2db"":""0"",""y_delay_spread_increase"":""0"",""y_adaptation_trigger_1db"":""0"",""y_adaptation_trigger_2db"":""0""},{""frame_id"":""10"",""source_sample_index"":""2570"",""rx_id"":""rx_panda_base"",""delta_num_paths"":""-1"",""delta_delay_spread"":""0.0"",""delta_rx_power_db"":""-0.000520464441109425"",""y_path_change"":""1"",""y_path_drop"":""1"",""y_rx_power_drop_0p5db"":""0"",""y_rx_power_drop_1db"":""0"",""y_rx_power_drop_2db"":""0"",""y_delay_spread_increase"":""0"",""y_adaptation_trigger_1db"":""0"",""y_adaptation_trigger_2db"":""0""},{""frame_id"":""10"",""source_sample_index"":""2570"",""rx_id"":""rx_ur5_base"",""delta_num_paths"":""5"",""delta_delay_spread"":""2.2877396421705498e-08"",""delta_rx_power_db"":""22.485576469406922"",""y_path_change"":""1"",""y_path_drop"":""0"",""y_rx_power_drop_0p5db"":""0"",""y_rx_power_drop_1db"":""0"",""y_rx_power_drop_2db"":""0"",""y_delay_spread_increase"":""1"",""y_adaptation_trigger_1db"":""1"",""y_adaptation_trigger_2db"":""1""},{""frame_id"":""10"",""source_sample_index"":""2570"",""rx_id"":""rx_x500_body"",""delta_num_paths"":""0"",""delta_delay_spread"":""0.0"",""delta_rx_power_db"":""0.0"",""y_path_change"":""0"",""y_path_drop"":""0"",""y_rx_power_drop_0p5db"":""0"",""y_rx_power_drop_1db"":""0"",""y_rx_power_drop_2db"":""0"",""y_delay_spread_increase"":""0"",""y_adaptation_trigger_1db"":""0"",""y_adaptation_trigger_2db"":""0""}]",frame_id,rt_out/experiments/perception_rt_small_v0/frames/instance_registry.json,rt_out/experiments/perception_rt_small_v0/configs/semantic_label_map.json,ok,
0.1,perception_rt_small_v0,rt_out/experiments/semantic_ablation_actor_200f,1,1,10,10,2570,cam_corner_ne,640,480,1.047,0.1,20.0,4.38989,4.38902,2.76265,-0.018875,0.447306,-2.356294,rt_out/experiments/perception_rt_small_v0/perception_raw/native/panoptic/cam_corner_ne/labels_maps_rgb/000001.ppm,rt_out/experiments/perception_rt_small_v0/perception_raw/native/panoptic/cam_corner_ne/semantic_decoded/000001.pgm,rt_out/experiments/perception_rt_small_v0/perception_raw/native/panoptic/cam_corner_ne/gazebo_instance_count/000001.pgm,rt_out/experiments/perception_rt_small_v0/perception_raw/native/panoptic/cam_corner_ne/colored_maps/000001.ppm,rt_out/experiments/perception_rt_small_v0/perception_raw/native/panoptic/cam_corner_ne/metadata/000001.json,true,true,true,true,true,rt_out/experiments/perception_rt_small_v0/reconstruction/labeled_colorized_pcl_sync/frame_001/cam_corner_ne_labeled_colorized.ply,true,ok,19190,0,0,8,26,ok,,6,"rx_panda_base,rx_ur5_base,rx_cerberus_base,rx_nao_chest,rx_human_chest,rx_x500_body",frame_id,"[{""frame_id"":""10"",""source_sample_index"":""2570"",""rx_id"":""rx_panda_base"",""num_paths"":""26"",""tau_min"":""7.579527228074312e-09"",""tau_max"":""6.284866316264015e-08"",""delay_spread"":""5.526913593456584e-08"",""path_gain_sum"":""2.3566471440972236e-08"",""path_gain_db"":""-76.27705438622607"",""rx_power_dbm"":""-46.27705438622607"",""sanity_ok"":""True"",""xml_path"":""rt_out/experiments/semantic_ablation_actor_200f/sionna_xml/frame_010_sionna.xml""},{""frame_id"":""10"",""source_sample_index"":""2570"",""rx_id"":""rx_ur5_base"",""num_paths"":""19"",""tau_min"":""5.708055805797585e-09"",""tau_max"":""5.930293767164585e-08"",""delay_spread"":""5.3594881865848265e-08"",""path_gain_sum"":""2.496733202406176e-07"",""path_gain_db"":""-66.02627863300775"",""rx_power_dbm"":""-36.02627863300775"",""sanity_ok"":""True"",""xml_path"":""rt_out/experiments/semantic_ablation_actor_200f/sionna_xml/frame_010_sionna.xml""},{""frame_id"":""10"",""source_sample_index"":""2570"",""rx_id"":""rx_cerberus_base"",""num_paths"":""18"",""tau_min"":""1.574846919538686e-08"",""tau_max"":""5.723669715962387e-08"",""delay_spread"":""4.148822796423701e-08"",""path_gain_sum"":""3.621421384991663e-08"",""path_gain_db"":""-74.41120938168608"",""rx_power_dbm"":""-44.41120938168608"",""sanity_ok"":""True"",""xml_path"":""rt_out/experiments/semantic_ablation_actor_200f/sionna_xml/frame_010_sionna.xml""},{""frame_id"":""10"",""source_sample_index"":""2570"",""rx_id"":""rx_nao_chest"",""num_paths"":""24"",""tau_min"":""1.0787783999433032e-08"",""tau_max"":""6.209720737615498e-08"",""delay_spread"":""5.130942337672195e-08"",""path_gain_sum"":""7.249248312746204e-08"",""path_gain_db"":""-71.39707023849851"",""rx_power_dbm"":""-41.397070238498515"",""sanity_ok"":""True"",""xml_path"":""rt_out/experiments/semantic_ablation_actor_200f/sionna_xml/frame_010_sionna.xml""},{""frame_id"":""10"",""source_sample_index"":""2570"",""rx_id"":""rx_human_chest"",""num_paths"":""22"",""tau_min"":""6.163341392806387e-09"",""tau_max"":""6.431429255826515e-08"",""delay_spread"":""5.8150951165458764e-08"",""path_gain_sum"":""2.2438423741277802e-07"",""path_gain_db"":""-66.49007654746941"",""rx_power_dbm"":""-36.490076547469414"",""sanity_ok"":""True"",""xml_path"":""rt_out/experiments/semantic_ablation_actor_200f/sionna_xml/frame_010_sionna.xml""},{""frame_id"":""10"",""source_sample_index"":""2570"",""rx_id"":""rx_x500_body"",""num_paths"":""23"",""tau_min"":""1.7234324189985273e-08"",""tau_max"":""7.465505547088469e-08"",""delay_spread"":""5.742073128089942e-08"",""path_gain_sum"":""3.372388945876992e-08"",""path_gain_db"":""-74.72062342912375"",""rx_power_dbm"":""-44.72062342912375"",""sanity_ok"":""True"",""xml_path"":""rt_out/experiments/semantic_ablation_actor_200f/sionna_xml/frame_010_sionna.xml""}]",6,"[{""frame_id"":""10"",""source_sample_index"":""2570"",""rx_id"":""rx_cerberus_base"",""delta_num_paths"":""0"",""delta_delay_spread"":""0.0"",""delta_rx_power_db"":""0.0"",""y_path_change"":""0"",""y_path_drop"":""0"",""y_rx_power_drop_0p5db"":""0"",""y_rx_power_drop_1db"":""0"",""y_rx_power_drop_2db"":""0"",""y_delay_spread_increase"":""0"",""y_adaptation_trigger_1db"":""0"",""y_adaptation_trigger_2db"":""0""},{""frame_id"":""10"",""source_sample_index"":""2570"",""rx_id"":""rx_human_chest"",""delta_num_paths"":""0"",""delta_delay_spread"":""0.0"",""delta_rx_power_db"":""-0.0010244416324098893"",""y_path_change"":""0"",""y_path_drop"":""0"",""y_rx_power_drop_0p5db"":""0"",""y_rx_power_drop_1db"":""0"",""y_rx_power_drop_2db"":""0"",""y_delay_spread_increase"":""0"",""y_adaptation_trigger_1db"":""0"",""y_adaptation_trigger_2db"":""0""},{""frame_id"":""10"",""source_sample_index"":""2570"",""rx_id"":""rx_nao_chest"",""delta_num_paths"":""0"",""delta_delay_spread"":""0.0"",""delta_rx_power_db"":""0.0"",""y_path_change"":""0"",""y_path_drop"":""0"",""y_rx_power_drop_0p5db"":""0"",""y_rx_power_drop_1db"":""0"",""y_rx_power_drop_2db"":""0"",""y_delay_spread_increase"":""0"",""y_adaptation_trigger_1db"":""0"",""y_adaptation_trigger_2db"":""0""},{""frame_id"":""10"",""source_sample_index"":""2570"",""rx_id"":""rx_panda_base"",""delta_num_paths"":""-1"",""delta_delay_spread"":""0.0"",""delta_rx_power_db"":""-0.000520464441109425"",""y_path_change"":""1"",""y_path_drop"":""1"",""y_rx_power_drop_0p5db"":""0"",""y_rx_power_drop_1db"":""0"",""y_rx_power_drop_2db"":""0"",""y_delay_spread_increase"":""0"",""y_adaptation_trigger_1db"":""0"",""y_adaptation_trigger_2db"":""0""},{""frame_id"":""10"",""source_sample_index"":""2570"",""rx_id"":""rx_ur5_base"",""delta_num_paths"":""5"",""delta_delay_spread"":""2.2877396421705498e-08"",""delta_rx_power_db"":""22.485576469406922"",""y_path_change"":""1"",""y_path_drop"":""0"",""y_rx_power_drop_0p5db"":""0"",""y_rx_power_drop_1db"":""0"",""y_rx_power_drop_2db"":""0"",""y_delay_spread_increase"":""1"",""y_adaptation_trigger_1db"":""1"",""y_adaptation_trigger_2db"":""1""},{""frame_id"":""10"",""source_sample_index"":""2570"",""rx_id"":""rx_x500_body"",""delta_num_paths"":""0"",""delta_delay_spread"":""0.0"",""delta_rx_power_db"":""0.0"",""y_path_change"":""0"",""y_path_drop"":""0"",""y_rx_power_drop_0p5db"":""0"",""y_rx_power_drop_1db"":""0"",""y_rx_power_drop_2db"":""0"",""y_delay_spread_increase"":""0"",""y_adaptation_trigger_1db"":""0"",""y_adaptation_trigger_2db"":""0""}]",frame_id,rt_out/experiments/perception_rt_small_v0/frames/instance_registry.json,rt_out/experiments/perception_rt_small_v0/configs/semantic_label_map.json,ok,
0.1,perception_rt_small_v0,rt_out/experiments/semantic_ablation_actor_200f,1,1,10,10,2570,cam_corner_sw,640,480,1.047,0.1,20.0,-4.2766,-4.27322,2.72007,-0.014193,0.518246,0.774445,rt_out/experiments/perception_rt_small_v0/perception_raw/native/panoptic/cam_corner_sw/labels_maps_rgb/000001.ppm,rt_out/experiments/perception_rt_small_v0/perception_raw/native/panoptic/cam_corner_sw/semantic_decoded/000001.pgm,rt_out/experiments/perception_rt_small_v0/perception_raw/native/panoptic/cam_corner_sw/gazebo_instance_count/000001.pgm,rt_out/experiments/perception_rt_small_v0/perception_raw/native/panoptic/cam_corner_sw/colored_maps/000001.ppm,rt_out/experiments/perception_rt_small_v0/perception_raw/native/panoptic/cam_corner_sw/metadata/000001.json,true,true,true,true,true,rt_out/experiments/perception_rt_small_v0/reconstruction/labeled_colorized_pcl_sync/frame_001/cam_corner_sw_labeled_colorized.ply,true,ok,19200,0,0,8,27,ok,,6,"rx_panda_base,rx_ur5_base,rx_cerberus_base,rx_nao_chest,rx_human_chest,rx_x500_body",frame_id,"[{""frame_id"":""10"",""source_sample_index"":""2570"",""rx_id"":""rx_panda_base"",""num_paths"":""26"",""tau_min"":""7.579527228074312e-09"",""tau_max"":""6.284866316264015e-08"",""delay_spread"":""5.526913593456584e-08"",""path_gain_sum"":""2.3566471440972236e-08"",""path_gain_db"":""-76.27705438622607"",""rx_power_dbm"":""-46.27705438622607"",""sanity_ok"":""True"",""xml_path"":""rt_out/experiments/semantic_ablation_actor_200f/sionna_xml/frame_010_sionna.xml""},{""frame_id"":""10"",""source_sample_index"":""2570"",""rx_id"":""rx_ur5_base"",""num_paths"":""19"",""tau_min"":""5.708055805797585e-09"",""tau_max"":""5.930293767164585e-08"",""delay_spread"":""5.3594881865848265e-08"",""path_gain_sum"":""2.496733202406176e-07"",""path_gain_db"":""-66.02627863300775"",""rx_power_dbm"":""-36.02627863300775"",""sanity_ok"":""True"",""xml_path"":""rt_out/experiments/semantic_ablation_actor_200f/sionna_xml/frame_010_sionna.xml""},{""frame_id"":""10"",""source_sample_index"":""2570"",""rx_id"":""rx_cerberus_base"",""num_paths"":""18"",""tau_min"":""1.574846919538686e-08"",""tau_max"":""5.723669715962387e-08"",""delay_spread"":""4.148822796423701e-08"",""path_gain_sum"":""3.621421384991663e-08"",""path_gain_db"":""-74.41120938168608"",""rx_power_dbm"":""-44.41120938168608"",""sanity_ok"":""True"",""xml_path"":""rt_out/experiments/semantic_ablation_actor_200f/sionna_xml/frame_010_sionna.xml""},{""frame_id"":""10"",""source_sample_index"":""2570"",""rx_id"":""rx_nao_chest"",""num_paths"":""24"",""tau_min"":""1.0787783999433032e-08"",""tau_max"":""6.209720737615498e-08"",""delay_spread"":""5.130942337672195e-08"",""path_gain_sum"":""7.249248312746204e-08"",""path_gain_db"":""-71.39707023849851"",""rx_power_dbm"":""-41.397070238498515"",""sanity_ok"":""True"",""xml_path"":""rt_out/experiments/semantic_ablation_actor_200f/sionna_xml/frame_010_sionna.xml""},{""frame_id"":""10"",""source_sample_index"":""2570"",""rx_id"":""rx_human_chest"",""num_paths"":""22"",""tau_min"":""6.163341392806387e-09"",""tau_max"":""6.431429255826515e-08"",""delay_spread"":""5.8150951165458764e-08"",""path_gain_sum"":""2.2438423741277802e-07"",""path_gain_db"":""-66.49007654746941"",""rx_power_dbm"":""-36.490076547469414"",""sanity_ok"":""True"",""xml_path"":""rt_out/experiments/semantic_ablation_actor_200f/sionna_xml/frame_010_sionna.xml""},{""frame_id"":""10"",""source_sample_index"":""2570"",""rx_id"":""rx_x500_body"",""num_paths"":""23"",""tau_min"":""1.7234324189985273e-08"",""tau_max"":""7.465505547088469e-08"",""delay_spread"":""5.742073128089942e-08"",""path_gain_sum"":""3.372388945876992e-08"",""path_gain_db"":""-74.72062342912375"",""rx_power_dbm"":""-44.72062342912375"",""sanity_ok"":""True"",""xml_path"":""rt_out/experiments/semantic_ablation_actor_200f/sionna_xml/frame_010_sionna.xml""}]",6,"[{""frame_id"":""10"",""source_sample_index"":""2570"",""rx_id"":""rx_cerberus_base"",""delta_num_paths"":""0"",""delta_delay_spread"":""0.0"",""delta_rx_power_db"":""0.0"",""y_path_change"":""0"",""y_path_drop"":""0"",""y_rx_power_drop_0p5db"":""0"",""y_rx_power_drop_1db"":""0"",""y_rx_power_drop_2db"":""0"",""y_delay_spread_increase"":""0"",""y_adaptation_trigger_1db"":""0"",""y_adaptation_trigger_2db"":""0""},{""frame_id"":""10"",""source_sample_index"":""2570"",""rx_id"":""rx_human_chest"",""delta_num_paths"":""0"",""delta_delay_spread"":""0.0"",""delta_rx_power_db"":""-0.0010244416324098893"",""y_path_change"":""0"",""y_path_drop"":""0"",""y_rx_power_drop_0p5db"":""0"",""y_rx_power_drop_1db"":""0"",""y_rx_power_drop_2db"":""0"",""y_delay_spread_increase"":""0"",""y_adaptation_trigger_1db"":""0"",""y_adaptation_trigger_2db"":""0""},{""frame_id"":""10"",""source_sample_index"":""2570"",""rx_id"":""rx_nao_chest"",""delta_num_paths"":""0"",""delta_delay_spread"":""0.0"",""delta_rx_power_db"":""0.0"",""y_path_change"":""0"",""y_path_drop"":""0"",""y_rx_power_drop_0p5db"":""0"",""y_rx_power_drop_1db"":""0"",""y_rx_power_drop_2db"":""0"",""y_delay_spread_increase"":""0"",""y_adaptation_trigger_1db"":""0"",""y_adaptation_trigger_2db"":""0""},{""frame_id"":""10"",""source_sample_index"":""2570"",""rx_id"":""rx_panda_base"",""delta_num_paths"":""-1"",""delta_delay_spread"":""0.0"",""delta_rx_power_db"":""-0.000520464441109425"",""y_path_change"":""1"",""y_path_drop"":""1"",""y_rx_power_drop_0p5db"":""0"",""y_rx_power_drop_1db"":""0"",""y_rx_power_drop_2db"":""0"",""y_delay_spread_increase"":""0"",""y_adaptation_trigger_1db"":""0"",""y_adaptation_trigger_2db"":""0""},{""frame_id"":""10"",""source_sample_index"":""2570"",""rx_id"":""rx_ur5_base"",""delta_num_paths"":""5"",""delta_delay_spread"":""2.2877396421705498e-08"",""delta_rx_power_db"":""22.485576469406922"",""y_path_change"":""1"",""y_path_drop"":""0"",""y_rx_power_drop_0p5db"":""0"",""y_rx_power_drop_1db"":""0"",""y_rx_power_drop_2db"":""0"",""y_delay_spread_increase"":""1"",""y_adaptation_trigger_1db"":""1"",""y_adaptation_trigger_2db"":""1""},{""frame_id"":""10"",""source_sample_index"":""2570"",""rx_id"":""rx_x500_body"",""delta_num_paths"":""0"",""delta_delay_spread"":""0.0"",""delta_rx_power_db"":""0.0"",""y_path_change"":""0"",""y_path_drop"":""0"",""y_rx_power_drop_0p5db"":""0"",""y_rx_power_drop_1db"":""0"",""y_rx_power_drop_2db"":""0"",""y_delay_spread_increase"":""0"",""y_adaptation_trigger_1db"":""0"",""y_adaptation_trigger_2db"":""0""}]",frame_id,rt_out/experiments/perception_rt_small_v0/frames/instance_registry.json,rt_out/experiments/perception_rt_small_v0/configs/semantic_label_map.json,ok,
0.1,perception_rt_small_v0,rt_out/experiments/semantic_ablation_actor_200f,1,1,10,10,2570,cam_corner_se,640,480,1.047,0.1,20.0,4.44776,-4.40805,2.80523,-0.023556,0.376367,2.408296,rt_out/experiments/perception_rt_small_v0/perception_raw/native/panoptic/cam_corner_se/labels_maps_rgb/000001.ppm,rt_out/experiments/perception_rt_small_v0/perception_raw/native/panoptic/cam_corner_se/semantic_decoded/000001.pgm,rt_out/experiments/perception_rt_small_v0/perception_raw/native/panoptic/cam_corner_se/gazebo_instance_count/000001.pgm,rt_out/experiments/perception_rt_small_v0/perception_raw/native/panoptic/cam_corner_se/colored_maps/000001.ppm,rt_out/experiments/perception_rt_small_v0/perception_raw/native/panoptic/cam_corner_se/metadata/000001.json,true,true,true,true,true,rt_out/experiments/perception_rt_small_v0/reconstruction/labeled_colorized_pcl_sync/frame_001/cam_corner_se_labeled_colorized.ply,true,ok,19200,0,0,9,39,ok,,6,"rx_panda_base,rx_ur5_base,rx_cerberus_base,rx_nao_chest,rx_human_chest,rx_x500_body",frame_id,"[{""frame_id"":""10"",""source_sample_index"":""2570"",""rx_id"":""rx_panda_base"",""num_paths"":""26"",""tau_min"":""7.579527228074312e-09"",""tau_max"":""6.284866316264015e-08"",""delay_spread"":""5.526913593456584e-08"",""path_gain_sum"":""2.3566471440972236e-08"",""path_gain_db"":""-76.27705438622607"",""rx_power_dbm"":""-46.27705438622607"",""sanity_ok"":""True"",""xml_path"":""rt_out/experiments/semantic_ablation_actor_200f/sionna_xml/frame_010_sionna.xml""},{""frame_id"":""10"",""source_sample_index"":""2570"",""rx_id"":""rx_ur5_base"",""num_paths"":""19"",""tau_min"":""5.708055805797585e-09"",""tau_max"":""5.930293767164585e-08"",""delay_spread"":""5.3594881865848265e-08"",""path_gain_sum"":""2.496733202406176e-07"",""path_gain_db"":""-66.02627863300775"",""rx_power_dbm"":""-36.02627863300775"",""sanity_ok"":""True"",""xml_path"":""rt_out/experiments/semantic_ablation_actor_200f/sionna_xml/frame_010_sionna.xml""},{""frame_id"":""10"",""source_sample_index"":""2570"",""rx_id"":""rx_cerberus_base"",""num_paths"":""18"",""tau_min"":""1.574846919538686e-08"",""tau_max"":""5.723669715962387e-08"",""delay_spread"":""4.148822796423701e-08"",""path_gain_sum"":""3.621421384991663e-08"",""path_gain_db"":""-74.41120938168608"",""rx_power_dbm"":""-44.41120938168608"",""sanity_ok"":""True"",""xml_path"":""rt_out/experiments/semantic_ablation_actor_200f/sionna_xml/frame_010_sionna.xml""},{""frame_id"":""10"",""source_sample_index"":""2570"",""rx_id"":""rx_nao_chest"",""num_paths"":""24"",""tau_min"":""1.0787783999433032e-08"",""tau_max"":""6.209720737615498e-08"",""delay_spread"":""5.130942337672195e-08"",""path_gain_sum"":""7.249248312746204e-08"",""path_gain_db"":""-71.39707023849851"",""rx_power_dbm"":""-41.397070238498515"",""sanity_ok"":""True"",""xml_path"":""rt_out/experiments/semantic_ablation_actor_200f/sionna_xml/frame_010_sionna.xml""},{""frame_id"":""10"",""source_sample_index"":""2570"",""rx_id"":""rx_human_chest"",""num_paths"":""22"",""tau_min"":""6.163341392806387e-09"",""tau_max"":""6.431429255826515e-08"",""delay_spread"":""5.8150951165458764e-08"",""path_gain_sum"":""2.2438423741277802e-07"",""path_gain_db"":""-66.49007654746941"",""rx_power_dbm"":""-36.490076547469414"",""sanity_ok"":""True"",""xml_path"":""rt_out/experiments/semantic_ablation_actor_200f/sionna_xml/frame_010_sionna.xml""},{""frame_id"":""10"",""source_sample_index"":""2570"",""rx_id"":""rx_x500_body"",""num_paths"":""23"",""tau_min"":""1.7234324189985273e-08"",""tau_max"":""7.465505547088469e-08"",""delay_spread"":""5.742073128089942e-08"",""path_gain_sum"":""3.372388945876992e-08"",""path_gain_db"":""-74.72062342912375"",""rx_power_dbm"":""-44.72062342912375"",""sanity_ok"":""True"",""xml_path"":""rt_out/experiments/semantic_ablation_actor_200f/sionna_xml/frame_010_sionna.xml""}]",6,"[{""frame_id"":""10"",""source_sample_index"":""2570"",""rx_id"":""rx_cerberus_base"",""delta_num_paths"":""0"",""delta_delay_spread"":""0.0"",""delta_rx_power_db"":""0.0"",""y_path_change"":""0"",""y_path_drop"":""0"",""y_rx_power_drop_0p5db"":""0"",""y_rx_power_drop_1db"":""0"",""y_rx_power_drop_2db"":""0"",""y_delay_spread_increase"":""0"",""y_adaptation_trigger_1db"":""0"",""y_adaptation_trigger_2db"":""0""},{""frame_id"":""10"",""source_sample_index"":""2570"",""rx_id"":""rx_human_chest"",""delta_num_paths"":""0"",""delta_delay_spread"":""0.0"",""delta_rx_power_db"":""-0.0010244416324098893"",""y_path_change"":""0"",""y_path_drop"":""0"",""y_rx_power_drop_0p5db"":""0"",""y_rx_power_drop_1db"":""0"",""y_rx_power_drop_2db"":""0"",""y_delay_spread_increase"":""0"",""y_adaptation_trigger_1db"":""0"",""y_adaptation_trigger_2db"":""0""},{""frame_id"":""10"",""source_sample_index"":""2570"",""rx_id"":""rx_nao_chest"",""delta_num_paths"":""0"",""delta_delay_spread"":""0.0"",""delta_rx_power_db"":""0.0"",""y_path_change"":""0"",""y_path_drop"":""0"",""y_rx_power_drop_0p5db"":""0"",""y_rx_power_drop_1db"":""0"",""y_rx_power_drop_2db"":""0"",""y_delay_spread_increase"":""0"",""y_adaptation_trigger_1db"":""0"",""y_adaptation_trigger_2db"":""0""},{""frame_id"":""10"",""source_sample_index"":""2570"",""rx_id"":""rx_panda_base"",""delta_num_paths"":""-1"",""delta_delay_spread"":""0.0"",""delta_rx_power_db"":""-0.000520464441109425"",""y_path_change"":""1"",""y_path_drop"":""1"",""y_rx_power_drop_0p5db"":""0"",""y_rx_power_drop_1db"":""0"",""y_rx_power_drop_2db"":""0"",""y_delay_spread_increase"":""0"",""y_adaptation_trigger_1db"":""0"",""y_adaptation_trigger_2db"":""0""},{""frame_id"":""10"",""source_sample_index"":""2570"",""rx_id"":""rx_ur5_base"",""delta_num_paths"":""5"",""delta_delay_spread"":""2.2877396421705498e-08"",""delta_rx_power_db"":""22.485576469406922"",""y_path_change"":""1"",""y_path_drop"":""0"",""y_rx_power_drop_0p5db"":""0"",""y_rx_power_drop_1db"":""0"",""y_rx_power_drop_2db"":""0"",""y_delay_spread_increase"":""1"",""y_adaptation_trigger_1db"":""1"",""y_adaptation_trigger_2db"":""1""},{""frame_id"":""10"",""source_sample_index"":""2570"",""rx_id"":""rx_x500_body"",""delta_num_paths"":""0"",""delta_delay_spread"":""0.0"",""delta_rx_power_db"":""0.0"",""y_path_change"":""0"",""y_path_drop"":""0"",""y_rx_power_drop_0p5db"":""0"",""y_rx_power_drop_1db"":""0"",""y_rx_power_drop_2db"":""0"",""y_delay_spread_increase"":""0"",""y_adaptation_trigger_1db"":""0"",""y_adaptation_trigger_2db"":""0""}]",frame_id,rt_out/experiments/perception_rt_small_v0/frames/instance_registry.json,rt_out/experiments/perception_rt_small_v0/configs/semantic_label_map.json,ok,
0.1,perception_rt_small_v0,rt_out/experiments/semantic_ablation_actor_200f,1,1,10,10,2570,cam_wall_north,640,480,1.047,0.1,20.0,0.221087,4.38902,2.71504,-0.0,0.562591,-1.5708,rt_out/experiments/perception_rt_small_v0/perception_raw/native/panoptic/cam_wall_north/labels_maps_rgb/000001.ppm,rt_out/experiments/perception_rt_small_v0/perception_raw/native/panoptic/cam_wall_north/semantic_decoded/000001.pgm,rt_out/experiments/perception_rt_small_v0/perception_raw/native/panoptic/cam_wall_north/gazebo_instance_count/000001.pgm,rt_out/experiments/perception_rt_small_v0/perception_raw/native/panoptic/cam_wall_north/colored_maps/000001.ppm,rt_out/experiments/perception_rt_small_v0/perception_raw/native/panoptic/cam_wall_north/metadata/000001.json,true,true,true,true,true,rt_out/experiments/perception_rt_small_v0/reconstruction/labeled_colorized_pcl_sync/frame_001/cam_wall_north_labeled_colorized.ply,true,ok,19190,0,0,8,28,ok,,6,"rx_panda_base,rx_ur5_base,rx_cerberus_base,rx_nao_chest,rx_human_chest,rx_x500_body",frame_id,"[{""frame_id"":""10"",""source_sample_index"":""2570"",""rx_id"":""rx_panda_base"",""num_paths"":""26"",""tau_min"":""7.579527228074312e-09"",""tau_max"":""6.284866316264015e-08"",""delay_spread"":""5.526913593456584e-08"",""path_gain_sum"":""2.3566471440972236e-08"",""path_gain_db"":""-76.27705438622607"",""rx_power_dbm"":""-46.27705438622607"",""sanity_ok"":""True"",""xml_path"":""rt_out/experiments/semantic_ablation_actor_200f/sionna_xml/frame_010_sionna.xml""},{""frame_id"":""10"",""source_sample_index"":""2570"",""rx_id"":""rx_ur5_base"",""num_paths"":""19"",""tau_min"":""5.708055805797585e-09"",""tau_max"":""5.930293767164585e-08"",""delay_spread"":""5.3594881865848265e-08"",""path_gain_sum"":""2.496733202406176e-07"",""path_gain_db"":""-66.02627863300775"",""rx_power_dbm"":""-36.02627863300775"",""sanity_ok"":""True"",""xml_path"":""rt_out/experiments/semantic_ablation_actor_200f/sionna_xml/frame_010_sionna.xml""},{""frame_id"":""10"",""source_sample_index"":""2570"",""rx_id"":""rx_cerberus_base"",""num_paths"":""18"",""tau_min"":""1.574846919538686e-08"",""tau_max"":""5.723669715962387e-08"",""delay_spread"":""4.148822796423701e-08"",""path_gain_sum"":""3.621421384991663e-08"",""path_gain_db"":""-74.41120938168608"",""rx_power_dbm"":""-44.41120938168608"",""sanity_ok"":""True"",""xml_path"":""rt_out/experiments/semantic_ablation_actor_200f/sionna_xml/frame_010_sionna.xml""},{""frame_id"":""10"",""source_sample_index"":""2570"",""rx_id"":""rx_nao_chest"",""num_paths"":""24"",""tau_min"":""1.0787783999433032e-08"",""tau_max"":""6.209720737615498e-08"",""delay_spread"":""5.130942337672195e-08"",""path_gain_sum"":""7.249248312746204e-08"",""path_gain_db"":""-71.39707023849851"",""rx_power_dbm"":""-41.397070238498515"",""sanity_ok"":""True"",""xml_path"":""rt_out/experiments/semantic_ablation_actor_200f/sionna_xml/frame_010_sionna.xml""},{""frame_id"":""10"",""source_sample_index"":""2570"",""rx_id"":""rx_human_chest"",""num_paths"":""22"",""tau_min"":""6.163341392806387e-09"",""tau_max"":""6.431429255826515e-08"",""delay_spread"":""5.8150951165458764e-08"",""path_gain_sum"":""2.2438423741277802e-07"",""path_gain_db"":""-66.49007654746941"",""rx_power_dbm"":""-36.490076547469414"",""sanity_ok"":""True"",""xml_path"":""rt_out/experiments/semantic_ablation_actor_200f/sionna_xml/frame_010_sionna.xml""},{""frame_id"":""10"",""source_sample_index"":""2570"",""rx_id"":""rx_x500_body"",""num_paths"":""23"",""tau_min"":""1.7234324189985273e-08"",""tau_max"":""7.465505547088469e-08"",""delay_spread"":""5.742073128089942e-08"",""path_gain_sum"":""3.372388945876992e-08"",""path_gain_db"":""-74.72062342912375"",""rx_power_dbm"":""-44.72062342912375"",""sanity_ok"":""True"",""xml_path"":""rt_out/experiments/semantic_ablation_actor_200f/sionna_xml/frame_010_sionna.xml""}]",6,"[{""frame_id"":""10"",""source_sample_index"":""2570"",""rx_id"":""rx_cerberus_base"",""delta_num_paths"":""0"",""delta_delay_spread"":""0.0"",""delta_rx_power_db"":""0.0"",""y_path_change"":""0"",""y_path_drop"":""0"",""y_rx_power_drop_0p5db"":""0"",""y_rx_power_drop_1db"":""0"",""y_rx_power_drop_2db"":""0"",""y_delay_spread_increase"":""0"",""y_adaptation_trigger_1db"":""0"",""y_adaptation_trigger_2db"":""0""},{""frame_id"":""10"",""source_sample_index"":""2570"",""rx_id"":""rx_human_chest"",""delta_num_paths"":""0"",""delta_delay_spread"":""0.0"",""delta_rx_power_db"":""-0.0010244416324098893"",""y_path_change"":""0"",""y_path_drop"":""0"",""y_rx_power_drop_0p5db"":""0"",""y_rx_power_drop_1db"":""0"",""y_rx_power_drop_2db"":""0"",""y_delay_spread_increase"":""0"",""y_adaptation_trigger_1db"":""0"",""y_adaptation_trigger_2db"":""0""},{""frame_id"":""10"",""source_sample_index"":""2570"",""rx_id"":""rx_nao_chest"",""delta_num_paths"":""0"",""delta_delay_spread"":""0.0"",""delta_rx_power_db"":""0.0"",""y_path_change"":""0"",""y_path_drop"":""0"",""y_rx_power_drop_0p5db"":""0"",""y_rx_power_drop_1db"":""0"",""y_rx_power_drop_2db"":""0"",""y_delay_spread_increase"":""0"",""y_adaptation_trigger_1db"":""0"",""y_adaptation_trigger_2db"":""0""},{""frame_id"":""10"",""source_sample_index"":""2570"",""rx_id"":""rx_panda_base"",""delta_num_paths"":""-1"",""delta_delay_spread"":""0.0"",""delta_rx_power_db"":""-0.000520464441109425"",""y_path_change"":""1"",""y_path_drop"":""1"",""y_rx_power_drop_0p5db"":""0"",""y_rx_power_drop_1db"":""0"",""y_rx_power_drop_2db"":""0"",""y_delay_spread_increase"":""0"",""y_adaptation_trigger_1db"":""0"",""y_adaptation_trigger_2db"":""0""},{""frame_id"":""10"",""source_sample_index"":""2570"",""rx_id"":""rx_ur5_base"",""delta_num_paths"":""5"",""delta_delay_spread"":""2.2877396421705498e-08"",""delta_rx_power_db"":""22.485576469406922"",""y_path_change"":""1"",""y_path_drop"":""0"",""y_rx_power_drop_0p5db"":""0"",""y_rx_power_drop_1db"":""0"",""y_rx_power_drop_2db"":""0"",""y_delay_spread_increase"":""1"",""y_adaptation_trigger_1db"":""1"",""y_adaptation_trigger_2db"":""1""},{""frame_id"":""10"",""source_sample_index"":""2570"",""rx_id"":""rx_x500_body"",""delta_num_paths"":""0"",""delta_delay_spread"":""0.0"",""delta_rx_power_db"":""0.0"",""y_path_change"":""0"",""y_path_drop"":""0"",""y_rx_power_drop_0p5db"":""0"",""y_rx_power_drop_1db"":""0"",""y_rx_power_drop_2db"":""0"",""y_delay_spread_increase"":""0"",""y_adaptation_trigger_1db"":""0"",""y_adaptation_trigger_2db"":""0""}]",frame_id,rt_out/experiments/perception_rt_small_v0/frames/instance_registry.json,rt_out/experiments/perception_rt_small_v0/configs/semantic_label_map.json,ok,
0.1,perception_rt_small_v0,rt_out/experiments/semantic_ablation_actor_200f,1,1,10,10,2570,cam_wall_south,640,480,1.047,0.1,20.0,0.221056,-4.22159,2.7964,0.000426,0.271157,1.577903,rt_out/experiments/perception_rt_small_v0/perception_raw/native/panoptic/cam_wall_south/labels_maps_rgb/000001.ppm,rt_out/experiments/perception_rt_small_v0/perception_raw/native/panoptic/cam_wall_south/semantic_decoded/000001.pgm,rt_out/experiments/perception_rt_small_v0/perception_raw/native/panoptic/cam_wall_south/gazebo_instance_count/000001.pgm,rt_out/experiments/perception_rt_small_v0/perception_raw/native/panoptic/cam_wall_south/colored_maps/000001.ppm,rt_out/experiments/perception_rt_small_v0/perception_raw/native/panoptic/cam_wall_south/metadata/000001.json,true,true,true,true,true,rt_out/experiments/perception_rt_small_v0/reconstruction/labeled_colorized_pcl_sync/frame_001/cam_wall_south_labeled_colorized.ply,true,ok,19200,0,0,9,33,ok,,6,"rx_panda_base,rx_ur5_base,rx_cerberus_base,rx_nao_chest,rx_human_chest,rx_x500_body",frame_id,"[{""frame_id"":""10"",""source_sample_index"":""2570"",""rx_id"":""rx_panda_base"",""num_paths"":""26"",""tau_min"":""7.579527228074312e-09"",""tau_max"":""6.284866316264015e-08"",""delay_spread"":""5.526913593456584e-08"",""path_gain_sum"":""2.3566471440972236e-08"",""path_gain_db"":""-76.27705438622607"",""rx_power_dbm"":""-46.27705438622607"",""sanity_ok"":""True"",""xml_path"":""rt_out/experiments/semantic_ablation_actor_200f/sionna_xml/frame_010_sionna.xml""},{""frame_id"":""10"",""source_sample_index"":""2570"",""rx_id"":""rx_ur5_base"",""num_paths"":""19"",""tau_min"":""5.708055805797585e-09"",""tau_max"":""5.930293767164585e-08"",""delay_spread"":""5.3594881865848265e-08"",""path_gain_sum"":""2.496733202406176e-07"",""path_gain_db"":""-66.02627863300775"",""rx_power_dbm"":""-36.02627863300775"",""sanity_ok"":""True"",""xml_path"":""rt_out/experiments/semantic_ablation_actor_200f/sionna_xml/frame_010_sionna.xml""},{""frame_id"":""10"",""source_sample_index"":""2570"",""rx_id"":""rx_cerberus_base"",""num_paths"":""18"",""tau_min"":""1.574846919538686e-08"",""tau_max"":""5.723669715962387e-08"",""delay_spread"":""4.148822796423701e-08"",""path_gain_sum"":""3.621421384991663e-08"",""path_gain_db"":""-74.41120938168608"",""rx_power_dbm"":""-44.41120938168608"",""sanity_ok"":""True"",""xml_path"":""rt_out/experiments/semantic_ablation_actor_200f/sionna_xml/frame_010_sionna.xml""},{""frame_id"":""10"",""source_sample_index"":""2570"",""rx_id"":""rx_nao_chest"",""num_paths"":""24"",""tau_min"":""1.0787783999433032e-08"",""tau_max"":""6.209720737615498e-08"",""delay_spread"":""5.130942337672195e-08"",""path_gain_sum"":""7.249248312746204e-08"",""path_gain_db"":""-71.39707023849851"",""rx_power_dbm"":""-41.397070238498515"",""sanity_ok"":""True"",""xml_path"":""rt_out/experiments/semantic_ablation_actor_200f/sionna_xml/frame_010_sionna.xml""},{""frame_id"":""10"",""source_sample_index"":""2570"",""rx_id"":""rx_human_chest"",""num_paths"":""22"",""tau_min"":""6.163341392806387e-09"",""tau_max"":""6.431429255826515e-08"",""delay_spread"":""5.8150951165458764e-08"",""path_gain_sum"":""2.2438423741277802e-07"",""path_gain_db"":""-66.49007654746941"",""rx_power_dbm"":""-36.490076547469414"",""sanity_ok"":""True"",""xml_path"":""rt_out/experiments/semantic_ablation_actor_200f/sionna_xml/frame_010_sionna.xml""},{""frame_id"":""10"",""source_sample_index"":""2570"",""rx_id"":""rx_x500_body"",""num_paths"":""23"",""tau_min"":""1.7234324189985273e-08"",""tau_max"":""7.465505547088469e-08"",""delay_spread"":""5.742073128089942e-08"",""path_gain_sum"":""3.372388945876992e-08"",""path_gain_db"":""-74.72062342912375"",""rx_power_dbm"":""-44.72062342912375"",""sanity_ok"":""True"",""xml_path"":""rt_out/experiments/semantic_ablation_actor_200f/sionna_xml/frame_010_sionna.xml""}]",6,"[{""frame_id"":""10"",""source_sample_index"":""2570"",""rx_id"":""rx_cerberus_base"",""delta_num_paths"":""0"",""delta_delay_spread"":""0.0"",""delta_rx_power_db"":""0.0"",""y_path_change"":""0"",""y_path_drop"":""0"",""y_rx_power_drop_0p5db"":""0"",""y_rx_power_drop_1db"":""0"",""y_rx_power_drop_2db"":""0"",""y_delay_spread_increase"":""0"",""y_adaptation_trigger_1db"":""0"",""y_adaptation_trigger_2db"":""0""},{""frame_id"":""10"",""source_sample_index"":""2570"",""rx_id"":""rx_human_chest"",""delta_num_paths"":""0"",""delta_delay_spread"":""0.0"",""delta_rx_power_db"":""-0.0010244416324098893"",""y_path_change"":""0"",""y_path_drop"":""0"",""y_rx_power_drop_0p5db"":""0"",""y_rx_power_drop_1db"":""0"",""y_rx_power_drop_2db"":""0"",""y_delay_spread_increase"":""0"",""y_adaptation_trigger_1db"":""0"",""y_adaptation_trigger_2db"":""0""},{""frame_id"":""10"",""source_sample_index"":""2570"",""rx_id"":""rx_nao_chest"",""delta_num_paths"":""0"",""delta_delay_spread"":""0.0"",""delta_rx_power_db"":""0.0"",""y_path_change"":""0"",""y_path_drop"":""0"",""y_rx_power_drop_0p5db"":""0"",""y_rx_power_drop_1db"":""0"",""y_rx_power_drop_2db"":""0"",""y_delay_spread_increase"":""0"",""y_adaptation_trigger_1db"":""0"",""y_adaptation_trigger_2db"":""0""},{""frame_id"":""10"",""source_sample_index"":""2570"",""rx_id"":""rx_panda_base"",""delta_num_paths"":""-1"",""delta_delay_spread"":""0.0"",""delta_rx_power_db"":""-0.000520464441109425"",""y_path_change"":""1"",""y_path_drop"":""1"",""y_rx_power_drop_0p5db"":""0"",""y_rx_power_drop_1db"":""0"",""y_rx_power_drop_2db"":""0"",""y_delay_spread_increase"":""0"",""y_adaptation_trigger_1db"":""0"",""y_adaptation_trigger_2db"":""0""},{""frame_id"":""10"",""source_sample_index"":""2570"",""rx_id"":""rx_ur5_base"",""delta_num_paths"":""5"",""delta_delay_spread"":""2.2877396421705498e-08"",""delta_rx_power_db"":""22.485576469406922"",""y_path_change"":""1"",""y_path_drop"":""0"",""y_rx_power_drop_0p5db"":""0"",""y_rx_power_drop_1db"":""0"",""y_rx_power_drop_2db"":""0"",""y_delay_spread_increase"":""1"",""y_adaptation_trigger_1db"":""1"",""y_adaptation_trigger_2db"":""1""},{""frame_id"":""10"",""source_sample_index"":""2570"",""rx_id"":""rx_x500_body"",""delta_num_paths"":""0"",""delta_delay_spread"":""0.0"",""delta_rx_power_db"":""0.0"",""y_path_change"":""0"",""y_path_drop"":""0"",""y_rx_power_drop_0p5db"":""0"",""y_rx_power_drop_1db"":""0"",""y_rx_power_drop_2db"":""0"",""y_delay_spread_increase"":""0"",""y_adaptation_trigger_1db"":""0"",""y_adaptation_trigger_2db"":""0""}]",frame_id,rt_out/experiments/perception_rt_small_v0/frames/instance_registry.json,rt_out/experiments/perception_rt_small_v0/configs/semantic_label_map.json,ok,
0.1,perception_rt_small_v0,rt_out/experiments/semantic_ablation_actor_200f,1,1,10,10,2570,cam_wall_east,640,480,1.047,0.1,20.0,4.38989,-0.157588,2.81304,-0.047579,0.393096,3.098594,rt_out/experiments/perception_rt_small_v0/perception_raw/native/panoptic/cam_wall_east/labels_maps_rgb/000001.ppm,rt_out/experiments/perception_rt_small_v0/perception_raw/native/panoptic/cam_wall_east/semantic_decoded/000001.pgm,rt_out/experiments/perception_rt_small_v0/perception_raw/native/panoptic/cam_wall_east/gazebo_instance_count/000001.pgm,rt_out/experiments/perception_rt_small_v0/perception_raw/native/panoptic/cam_wall_east/colored_maps/000001.ppm,rt_out/experiments/perception_rt_small_v0/perception_raw/native/panoptic/cam_wall_east/metadata/000001.json,true,true,true,true,true,rt_out/experiments/perception_rt_small_v0/reconstruction/labeled_colorized_pcl_sync/frame_001/cam_wall_east_labeled_colorized.ply,true,ok,19200,0,0,8,35,ok,,6,"rx_panda_base,rx_ur5_base,rx_cerberus_base,rx_nao_chest,rx_human_chest,rx_x500_body",frame_id,"[{""frame_id"":""10"",""source_sample_index"":""2570"",""rx_id"":""rx_panda_base"",""num_paths"":""26"",""tau_min"":""7.579527228074312e-09"",""tau_max"":""6.284866316264015e-08"",""delay_spread"":""5.526913593456584e-08"",""path_gain_sum"":""2.3566471440972236e-08"",""path_gain_db"":""-76.27705438622607"",""rx_power_dbm"":""-46.27705438622607"",""sanity_ok"":""True"",""xml_path"":""rt_out/experiments/semantic_ablation_actor_200f/sionna_xml/frame_010_sionna.xml""},{""frame_id"":""10"",""source_sample_index"":""2570"",""rx_id"":""rx_ur5_base"",""num_paths"":""19"",""tau_min"":""5.708055805797585e-09"",""tau_max"":""5.930293767164585e-08"",""delay_spread"":""5.3594881865848265e-08"",""path_gain_sum"":""2.496733202406176e-07"",""path_gain_db"":""-66.02627863300775"",""rx_power_dbm"":""-36.02627863300775"",""sanity_ok"":""True"",""xml_path"":""rt_out/experiments/semantic_ablation_actor_200f/sionna_xml/frame_010_sionna.xml""},{""frame_id"":""10"",""source_sample_index"":""2570"",""rx_id"":""rx_cerberus_base"",""num_paths"":""18"",""tau_min"":""1.574846919538686e-08"",""tau_max"":""5.723669715962387e-08"",""delay_spread"":""4.148822796423701e-08"",""path_gain_sum"":""3.621421384991663e-08"",""path_gain_db"":""-74.41120938168608"",""rx_power_dbm"":""-44.41120938168608"",""sanity_ok"":""True"",""xml_path"":""rt_out/experiments/semantic_ablation_actor_200f/sionna_xml/frame_010_sionna.xml""},{""frame_id"":""10"",""source_sample_index"":""2570"",""rx_id"":""rx_nao_chest"",""num_paths"":""24"",""tau_min"":""1.0787783999433032e-08"",""tau_max"":""6.209720737615498e-08"",""delay_spread"":""5.130942337672195e-08"",""path_gain_sum"":""7.249248312746204e-08"",""path_gain_db"":""-71.39707023849851"",""rx_power_dbm"":""-41.397070238498515"",""sanity_ok"":""True"",""xml_path"":""rt_out/experiments/semantic_ablation_actor_200f/sionna_xml/frame_010_sionna.xml""},{""frame_id"":""10"",""source_sample_index"":""2570"",""rx_id"":""rx_human_chest"",""num_paths"":""22"",""tau_min"":""6.163341392806387e-09"",""tau_max"":""6.431429255826515e-08"",""delay_spread"":""5.8150951165458764e-08"",""path_gain_sum"":""2.2438423741277802e-07"",""path_gain_db"":""-66.49007654746941"",""rx_power_dbm"":""-36.490076547469414"",""sanity_ok"":""True"",""xml_path"":""rt_out/experiments/semantic_ablation_actor_200f/sionna_xml/frame_010_sionna.xml""},{""frame_id"":""10"",""source_sample_index"":""2570"",""rx_id"":""rx_x500_body"",""num_paths"":""23"",""tau_min"":""1.7234324189985273e-08"",""tau_max"":""7.465505547088469e-08"",""delay_spread"":""5.742073128089942e-08"",""path_gain_sum"":""3.372388945876992e-08"",""path_gain_db"":""-74.72062342912375"",""rx_power_dbm"":""-44.72062342912375"",""sanity_ok"":""True"",""xml_path"":""rt_out/experiments/semantic_ablation_actor_200f/sionna_xml/frame_010_sionna.xml""}]",6,"[{""frame_id"":""10"",""source_sample_index"":""2570"",""rx_id"":""rx_cerberus_base"",""delta_num_paths"":""0"",""delta_delay_spread"":""0.0"",""delta_rx_power_db"":""0.0"",""y_path_change"":""0"",""y_path_drop"":""0"",""y_rx_power_drop_0p5db"":""0"",""y_rx_power_drop_1db"":""0"",""y_rx_power_drop_2db"":""0"",""y_delay_spread_increase"":""0"",""y_adaptation_trigger_1db"":""0"",""y_adaptation_trigger_2db"":""0""},{""frame_id"":""10"",""source_sample_index"":""2570"",""rx_id"":""rx_human_chest"",""delta_num_paths"":""0"",""delta_delay_spread"":""0.0"",""delta_rx_power_db"":""-0.0010244416324098893"",""y_path_change"":""0"",""y_path_drop"":""0"",""y_rx_power_drop_0p5db"":""0"",""y_rx_power_drop_1db"":""0"",""y_rx_power_drop_2db"":""0"",""y_delay_spread_increase"":""0"",""y_adaptation_trigger_1db"":""0"",""y_adaptation_trigger_2db"":""0""},{""frame_id"":""10"",""source_sample_index"":""2570"",""rx_id"":""rx_nao_chest"",""delta_num_paths"":""0"",""delta_delay_spread"":""0.0"",""delta_rx_power_db"":""0.0"",""y_path_change"":""0"",""y_path_drop"":""0"",""y_rx_power_drop_0p5db"":""0"",""y_rx_power_drop_1db"":""0"",""y_rx_power_drop_2db"":""0"",""y_delay_spread_increase"":""0"",""y_adaptation_trigger_1db"":""0"",""y_adaptation_trigger_2db"":""0""},{""frame_id"":""10"",""source_sample_index"":""2570"",""rx_id"":""rx_panda_base"",""delta_num_paths"":""-1"",""delta_delay_spread"":""0.0"",""delta_rx_power_db"":""-0.000520464441109425"",""y_path_change"":""1"",""y_path_drop"":""1"",""y_rx_power_drop_0p5db"":""0"",""y_rx_power_drop_1db"":""0"",""y_rx_power_drop_2db"":""0"",""y_delay_spread_increase"":""0"",""y_adaptation_trigger_1db"":""0"",""y_adaptation_trigger_2db"":""0""},{""frame_id"":""10"",""source_sample_index"":""2570"",""rx_id"":""rx_ur5_base"",""delta_num_paths"":""5"",""delta_delay_spread"":""2.2877396421705498e-08"",""delta_rx_power_db"":""22.485576469406922"",""y_path_change"":""1"",""y_path_drop"":""0"",""y_rx_power_drop_0p5db"":""0"",""y_rx_power_drop_1db"":""0"",""y_rx_power_drop_2db"":""0"",""y_delay_spread_increase"":""1"",""y_adaptation_trigger_1db"":""1"",""y_adaptation_trigger_2db"":""1""},{""frame_id"":""10"",""source_sample_index"":""2570"",""rx_id"":""rx_x500_body"",""delta_num_paths"":""0"",""delta_delay_spread"":""0.0"",""delta_rx_power_db"":""0.0"",""y_path_change"":""0"",""y_path_drop"":""0"",""y_rx_power_drop_0p5db"":""0"",""y_rx_power_drop_1db"":""0"",""y_rx_power_drop_2db"":""0"",""y_delay_spread_increase"":""0"",""y_adaptation_trigger_1db"":""0"",""y_adaptation_trigger_2db"":""0""}]",frame_id,rt_out/experiments/perception_rt_small_v0/frames/instance_registry.json,rt_out/experiments/perception_rt_small_v0/configs/semantic_label_map.json,ok,
0.1,perception_rt_small_v0,rt_out/experiments/semantic_ablation_actor_200f,1,1,10,10,2570,cam_wall_west,640,480,1.047,0.1,20.0,-4.368888,-0.03657,2.817008,0.035211,0.406352,0.030119,rt_out/experiments/perception_rt_small_v0/perception_raw/native/panoptic/cam_wall_west/labels_maps_rgb/000001.ppm,rt_out/experiments/perception_rt_small_v0/perception_raw/native/panoptic/cam_wall_west/semantic_decoded/000001.pgm,rt_out/experiments/perception_rt_small_v0/perception_raw/native/panoptic/cam_wall_west/gazebo_instance_count/000001.pgm,rt_out/experiments/perception_rt_small_v0/perception_raw/native/panoptic/cam_wall_west/colored_maps/000001.ppm,rt_out/experiments/perception_rt_small_v0/perception_raw/native/panoptic/cam_wall_west/metadata/000001.json,true,true,true,true,true,rt_out/experiments/perception_rt_small_v0/reconstruction/labeled_colorized_pcl_sync/frame_001/cam_wall_west_labeled_colorized.ply,true,ok,19200,0,0,8,26,ok,,6,"rx_panda_base,rx_ur5_base,rx_cerberus_base,rx_nao_chest,rx_human_chest,rx_x500_body",frame_id,"[{""frame_id"":""10"",""source_sample_index"":""2570"",""rx_id"":""rx_panda_base"",""num_paths"":""26"",""tau_min"":""7.579527228074312e-09"",""tau_max"":""6.284866316264015e-08"",""delay_spread"":""5.526913593456584e-08"",""path_gain_sum"":""2.3566471440972236e-08"",""path_gain_db"":""-76.27705438622607"",""rx_power_dbm"":""-46.27705438622607"",""sanity_ok"":""True"",""xml_path"":""rt_out/experiments/semantic_ablation_actor_200f/sionna_xml/frame_010_sionna.xml""},{""frame_id"":""10"",""source_sample_index"":""2570"",""rx_id"":""rx_ur5_base"",""num_paths"":""19"",""tau_min"":""5.708055805797585e-09"",""tau_max"":""5.930293767164585e-08"",""delay_spread"":""5.3594881865848265e-08"",""path_gain_sum"":""2.496733202406176e-07"",""path_gain_db"":""-66.02627863300775"",""rx_power_dbm"":""-36.02627863300775"",""sanity_ok"":""True"",""xml_path"":""rt_out/experiments/semantic_ablation_actor_200f/sionna_xml/frame_010_sionna.xml""},{""frame_id"":""10"",""source_sample_index"":""2570"",""rx_id"":""rx_cerberus_base"",""num_paths"":""18"",""tau_min"":""1.574846919538686e-08"",""tau_max"":""5.723669715962387e-08"",""delay_spread"":""4.148822796423701e-08"",""path_gain_sum"":""3.621421384991663e-08"",""path_gain_db"":""-74.41120938168608"",""rx_power_dbm"":""-44.41120938168608"",""sanity_ok"":""True"",""xml_path"":""rt_out/experiments/semantic_ablation_actor_200f/sionna_xml/frame_010_sionna.xml""},{""frame_id"":""10"",""source_sample_index"":""2570"",""rx_id"":""rx_nao_chest"",""num_paths"":""24"",""tau_min"":""1.0787783999433032e-08"",""tau_max"":""6.209720737615498e-08"",""delay_spread"":""5.130942337672195e-08"",""path_gain_sum"":""7.249248312746204e-08"",""path_gain_db"":""-71.39707023849851"",""rx_power_dbm"":""-41.397070238498515"",""sanity_ok"":""True"",""xml_path"":""rt_out/experiments/semantic_ablation_actor_200f/sionna_xml/frame_010_sionna.xml""},{""frame_id"":""10"",""source_sample_index"":""2570"",""rx_id"":""rx_human_chest"",""num_paths"":""22"",""tau_min"":""6.163341392806387e-09"",""tau_max"":""6.431429255826515e-08"",""delay_spread"":""5.8150951165458764e-08"",""path_gain_sum"":""2.2438423741277802e-07"",""path_gain_db"":""-66.49007654746941"",""rx_power_dbm"":""-36.490076547469414"",""sanity_ok"":""True"",""xml_path"":""rt_out/experiments/semantic_ablation_actor_200f/sionna_xml/frame_010_sionna.xml""},{""frame_id"":""10"",""source_sample_index"":""2570"",""rx_id"":""rx_x500_body"",""num_paths"":""23"",""tau_min"":""1.7234324189985273e-08"",""tau_max"":""7.465505547088469e-08"",""delay_spread"":""5.742073128089942e-08"",""path_gain_sum"":""3.372388945876992e-08"",""path_gain_db"":""-74.72062342912375"",""rx_power_dbm"":""-44.72062342912375"",""sanity_ok"":""True"",""xml_path"":""rt_out/experiments/semantic_ablation_actor_200f/sionna_xml/frame_010_sionna.xml""}]",6,"[{""frame_id"":""10"",""source_sample_index"":""2570"",""rx_id"":""rx_cerberus_base"",""delta_num_paths"":""0"",""delta_delay_spread"":""0.0"",""delta_rx_power_db"":""0.0"",""y_path_change"":""0"",""y_path_drop"":""0"",""y_rx_power_drop_0p5db"":""0"",""y_rx_power_drop_1db"":""0"",""y_rx_power_drop_2db"":""0"",""y_delay_spread_increase"":""0"",""y_adaptation_trigger_1db"":""0"",""y_adaptation_trigger_2db"":""0""},{""frame_id"":""10"",""source_sample_index"":""2570"",""rx_id"":""rx_human_chest"",""delta_num_paths"":""0"",""delta_delay_spread"":""0.0"",""delta_rx_power_db"":""-0.0010244416324098893"",""y_path_change"":""0"",""y_path_drop"":""0"",""y_rx_power_drop_0p5db"":""0"",""y_rx_power_drop_1db"":""0"",""y_rx_power_drop_2db"":""0"",""y_delay_spread_increase"":""0"",""y_adaptation_trigger_1db"":""0"",""y_adaptation_trigger_2db"":""0""},{""frame_id"":""10"",""source_sample_index"":""2570"",""rx_id"":""rx_nao_chest"",""delta_num_paths"":""0"",""delta_delay_spread"":""0.0"",""delta_rx_power_db"":""0.0"",""y_path_change"":""0"",""y_path_drop"":""0"",""y_rx_power_drop_0p5db"":""0"",""y_rx_power_drop_1db"":""0"",""y_rx_power_drop_2db"":""0"",""y_delay_spread_increase"":""0"",""y_adaptation_trigger_1db"":""0"",""y_adaptation_trigger_2db"":""0""},{""frame_id"":""10"",""source_sample_index"":""2570"",""rx_id"":""rx_panda_base"",""delta_num_paths"":""-1"",""delta_delay_spread"":""0.0"",""delta_rx_power_db"":""-0.000520464441109425"",""y_path_change"":""1"",""y_path_drop"":""1"",""y_rx_power_drop_0p5db"":""0"",""y_rx_power_drop_1db"":""0"",""y_rx_power_drop_2db"":""0"",""y_delay_spread_increase"":""0"",""y_adaptation_trigger_1db"":""0"",""y_adaptation_trigger_2db"":""0""},{""frame_id"":""10"",""source_sample_index"":""2570"",""rx_id"":""rx_ur5_base"",""delta_num_paths"":""5"",""delta_delay_spread"":""2.2877396421705498e-08"",""delta_rx_power_db"":""22.485576469406922"",""y_path_change"":""1"",""y_path_drop"":""0"",""y_rx_power_drop_0p5db"":""0"",""y_rx_power_drop_1db"":""0"",""y_rx_power_drop_2db"":""0"",""y_delay_spread_increase"":""1"",""y_adaptation_trigger_1db"":""1"",""y_adaptation_trigger_2db"":""1""},{""frame_id"":""10"",""source_sample_index"":""2570"",""rx_id"":""rx_x500_body"",""delta_num_paths"":""0"",""delta_delay_spread"":""0.0"",""delta_rx_power_db"":""0.0"",""y_path_change"":""0"",""y_path_drop"":""0"",""y_rx_power_drop_0p5db"":""0"",""y_rx_power_drop_1db"":""0"",""y_rx_power_drop_2db"":""0"",""y_delay_spread_increase"":""0"",""y_adaptation_trigger_1db"":""0"",""y_adaptation_trigger_2db"":""0""}]",frame_id,rt_out/experiments/perception_rt_small_v0/frames/instance_registry.json,rt_out/experiments/perception_rt_small_v0/configs/semantic_label_map.json,ok,
0.1,perception_rt_small_v0,rt_out/experiments/semantic_ablation_actor_200f,2,2,20,20,5140,cam_corner_nw,640,480,1.047,0.1,20.0,-4.368888,4.38902,2.76265,-0.018875,0.447306,-0.787697,rt_out/experiments/perception_rt_small_v0/perception_raw/native/panoptic/cam_corner_nw/labels_maps_rgb/000002.ppm,rt_out/experiments/perception_rt_small_v0/perception_raw/native/panoptic/cam_corner_nw/semantic_decoded/000002.pgm,rt_out/experiments/perception_rt_small_v0/perception_raw/native/panoptic/cam_corner_nw/gazebo_instance_count/000002.pgm,rt_out/experiments/perception_rt_small_v0/perception_raw/native/panoptic/cam_corner_nw/colored_maps/000002.ppm,rt_out/experiments/perception_rt_small_v0/perception_raw/native/panoptic/cam_corner_nw/metadata/000002.json,true,true,true,true,true,rt_out/experiments/perception_rt_small_v0/reconstruction/labeled_colorized_pcl_sync/frame_002/cam_corner_nw_labeled_colorized.ply,true,ok,19191,0,0,8,28,ok,,6,"rx_panda_base,rx_ur5_base,rx_cerberus_base,rx_nao_chest,rx_human_chest,rx_x500_body",frame_id,"[{""frame_id"":""20"",""source_sample_index"":""5140"",""rx_id"":""rx_panda_base"",""num_paths"":""24"",""tau_min"":""5.357098764591228e-09"",""tau_max"":""6.284866316264015e-08"",""delay_spread"":""5.749156439804892e-08"",""path_gain_sum"":""2.841406399056723e-07"",""path_gain_db"":""-65.46466645810595"",""rx_power_dbm"":""-35.46466645810595"",""sanity_ok"":""True"",""xml_path"":""rt_out/experiments/semantic_ablation_actor_200f/sionna_xml/frame_020_sionna.xml""},{""frame_id"":""20"",""source_sample_index"":""5140"",""rx_id"":""rx_ur5_base"",""num_paths"":""24"",""tau_min"":""5.708055805797585e-09"",""tau_max"":""6.370818539380707e-08"",""delay_spread"":""5.8000129588009486e-08"",""path_gain_sum"":""7.19402237336908e-07"",""path_gain_db"":""-61.43028215862014"",""rx_power_dbm"":""-31.430282158620138"",""sanity_ok"":""True"",""xml_path"":""rt_out/experiments/semantic_ablation_actor_200f/sionna_xml/frame_020_sionna.xml""},{""frame_id"":""20"",""source_sample_index"":""5140"",""rx_id"":""rx_cerberus_base"",""num_paths"":""18"",""tau_min"":""1.574846919538686e-08"",""tau_max"":""5.723669715962387e-08"",""delay_spread"":""4.148822796423701e-08"",""path_gain_sum"":""3.621421740263031e-08"",""path_gain_db"":""-74.4112089556313"",""rx_power_dbm"":""-44.411208955631295"",""sanity_ok"":""True"",""xml_path"":""rt_out/experiments/semantic_ablation_actor_200f/sionna_xml/frame_020_sionna.xml""},{""frame_id"":""20"",""source_sample_index"":""5140"",""rx_id"":""rx_nao_chest"",""num_paths"":""22"",""tau_min"":""1.0787783999433032e-08"",""tau_max"":""6.209720737615498e-08"",""delay_spread"":""5.130942337672195e-08"",""path_gain_sum"":""7.231477638924844e-08"",""path_gain_db"":""-71.40772952378627"",""rx_power_dbm"":""-41.40772952378627"",""sanity_ok"":""True"",""xml_path"":""rt_out/experiments/semantic_ablation_actor_200f/sionna_xml/frame_020_sionna.xml""},{""frame_id"":""20"",""source_sample_index"":""5140"",""rx_id"":""rx_human_chest"",""num_paths"":""23"",""tau_min"":""6.163341392806387e-09"",""tau_max"":""6.568895827285814e-08"",""delay_spread"":""5.952561688005176e-08"",""path_gain_sum"":""2.2439073177338287e-07"",""path_gain_db"":""-66.48995085128901"",""rx_power_dbm"":""-36.48995085128901"",""sanity_ok"":""True"",""xml_path"":""rt_out/experiments/semantic_ablation_actor_200f/sionna_xml/frame_020_sionna.xml""},{""frame_id"":""20"",""source_sample_index"":""5140"",""rx_id"":""rx_x500_body"",""num_paths"":""23"",""tau_min"":""1.7234324189985273e-08"",""tau_max"":""7.465505547088469e-08"",""delay_spread"":""5.742073128089942e-08"",""path_gain_sum"":""3.372388945876992e-08"",""path_gain_db"":""-74.72062342912375"",""rx_power_dbm"":""-44.72062342912375"",""sanity_ok"":""True"",""xml_path"":""rt_out/experiments/semantic_ablation_actor_200f/sionna_xml/frame_020_sionna.xml""}]",6,"[{""frame_id"":""20"",""source_sample_index"":""5140"",""rx_id"":""rx_cerberus_base"",""delta_num_paths"":""0"",""delta_delay_spread"":""0.0"",""delta_rx_power_db"":""4.2605478256518836e-07"",""y_path_change"":""0"",""y_path_drop"":""0"",""y_rx_power_drop_0p5db"":""0"",""y_rx_power_drop_1db"":""0"",""y_rx_power_drop_2db"":""0"",""y_delay_spread_increase"":""0"",""y_adaptation_trigger_1db"":""0"",""y_adaptation_trigger_2db"":""0""},{""frame_id"":""20"",""source_sample_index"":""5140"",""rx_id"":""rx_human_chest"",""delta_num_paths"":""0"",""delta_delay_spread"":""0.0"",""delta_rx_power_db"":""5.500847777284434e-07"",""y_path_change"":""0"",""y_path_drop"":""0"",""y_rx_power_drop_0p5db"":""0"",""y_rx_power_drop_1db"":""0"",""y_rx_power_drop_2db"":""0"",""y_delay_spread_increase"":""0"",""y_adaptation_trigger_1db"":""0"",""y_adaptation_trigger_2db"":""0""},{""frame_id"":""20"",""source_sample_index"":""5140"",""rx_id"":""rx_nao_chest"",""delta_num_paths"":""-2"",""delta_delay_spread"":""0.0"",""delta_rx_power_db"":""-0.010659710966066882"",""y_path_change"":""1"",""y_path_drop"":""1"",""y_rx_power_drop_0p5db"":""0"",""y_rx_power_drop_1db"":""0"",""y_rx_power_drop_2db"":""0"",""y_delay_spread_increase"":""0"",""y_adaptation_trigger_1db"":""0"",""y_adaptation_trigger_2db"":""0""},{""frame_id"":""20"",""source_sample_index"":""5140"",""rx_id"":""rx_panda_base"",""delta_num_paths"":""-5"",""delta_delay_spread"":""0.0"",""delta_rx_power_db"":""-0.15984164260970601"",""y_path_change"":""1"",""y_path_drop"":""1"",""y_rx_power_drop_0p5db"":""0"",""y_rx_power_drop_1db"":""0"",""y_rx_power_drop_2db"":""0"",""y_delay_spread_increase"":""0"",""y_adaptation_trigger_1db"":""0"",""y_adaptation_trigger_2db"":""0""},{""frame_id"":""20"",""source_sample_index"":""5140"",""rx_id"":""rx_ur5_base"",""delta_num_paths"":""-4"",""delta_delay_spread"":""0.0"",""delta_rx_power_db"":""-0.0006104331974583488"",""y_path_change"":""1"",""y_path_drop"":""1"",""y_rx_power_drop_0p5db"":""0"",""y_rx_power_drop_1db"":""0"",""y_rx_power_drop_2db"":""0"",""y_delay_spread_increase"":""0"",""y_adaptation_trigger_1db"":""0"",""y_adaptation_trigger_2db"":""0""},{""frame_id"":""20"",""source_sample_index"":""5140"",""rx_id"":""rx_x500_body"",""delta_num_paths"":""0"",""delta_delay_spread"":""0.0"",""delta_rx_power_db"":""0.0"",""y_path_change"":""0"",""y_path_drop"":""0"",""y_rx_power_drop_0p5db"":""0"",""y_rx_power_drop_1db"":""0"",""y_rx_power_drop_2db"":""0"",""y_delay_spread_increase"":""0"",""y_adaptation_trigger_1db"":""0"",""y_adaptation_trigger_2db"":""0""}]",frame_id,rt_out/experiments/perception_rt_small_v0/frames/instance_registry.json,rt_out/experiments/perception_rt_small_v0/configs/semantic_label_map.json,ok,
0.1,perception_rt_small_v0,rt_out/experiments/semantic_ablation_actor_200f,2,2,20,20,5140,cam_corner_ne,640,480,1.047,0.1,20.0,4.38989,4.38902,2.76265,-0.018875,0.447306,-2.356294,rt_out/experiments/perception_rt_small_v0/perception_raw/native/panoptic/cam_corner_ne/labels_maps_rgb/000002.ppm,rt_out/experiments/perception_rt_small_v0/perception_raw/native/panoptic/cam_corner_ne/semantic_decoded/000002.pgm,rt_out/experiments/perception_rt_small_v0/perception_raw/native/panoptic/cam_corner_ne/gazebo_instance_count/000002.pgm,rt_out/experiments/perception_rt_small_v0/perception_raw/native/panoptic/cam_corner_ne/colored_maps/000002.ppm,rt_out/experiments/perception_rt_small_v0/perception_raw/native/panoptic/cam_corner_ne/metadata/000002.json,true,true,true,true,true,rt_out/experiments/perception_rt_small_v0/reconstruction/labeled_colorized_pcl_sync/frame_002/cam_corner_ne_labeled_colorized.ply,true,ok,19190,0,0,8,26,ok,,6,"rx_panda_base,rx_ur5_base,rx_cerberus_base,rx_nao_chest,rx_human_chest,rx_x500_body",frame_id,"[{""frame_id"":""20"",""source_sample_index"":""5140"",""rx_id"":""rx_panda_base"",""num_paths"":""24"",""tau_min"":""5.357098764591228e-09"",""tau_max"":""6.284866316264015e-08"",""delay_spread"":""5.749156439804892e-08"",""path_gain_sum"":""2.841406399056723e-07"",""path_gain_db"":""-65.46466645810595"",""rx_power_dbm"":""-35.46466645810595"",""sanity_ok"":""True"",""xml_path"":""rt_out/experiments/semantic_ablation_actor_200f/sionna_xml/frame_020_sionna.xml""},{""frame_id"":""20"",""source_sample_index"":""5140"",""rx_id"":""rx_ur5_base"",""num_paths"":""24"",""tau_min"":""5.708055805797585e-09"",""tau_max"":""6.370818539380707e-08"",""delay_spread"":""5.8000129588009486e-08"",""path_gain_sum"":""7.19402237336908e-07"",""path_gain_db"":""-61.43028215862014"",""rx_power_dbm"":""-31.430282158620138"",""sanity_ok"":""True"",""xml_path"":""rt_out/experiments/semantic_ablation_actor_200f/sionna_xml/frame_020_sionna.xml""},{""frame_id"":""20"",""source_sample_index"":""5140"",""rx_id"":""rx_cerberus_base"",""num_paths"":""18"",""tau_min"":""1.574846919538686e-08"",""tau_max"":""5.723669715962387e-08"",""delay_spread"":""4.148822796423701e-08"",""path_gain_sum"":""3.621421740263031e-08"",""path_gain_db"":""-74.4112089556313"",""rx_power_dbm"":""-44.411208955631295"",""sanity_ok"":""True"",""xml_path"":""rt_out/experiments/semantic_ablation_actor_200f/sionna_xml/frame_020_sionna.xml""},{""frame_id"":""20"",""source_sample_index"":""5140"",""rx_id"":""rx_nao_chest"",""num_paths"":""22"",""tau_min"":""1.0787783999433032e-08"",""tau_max"":""6.209720737615498e-08"",""delay_spread"":""5.130942337672195e-08"",""path_gain_sum"":""7.231477638924844e-08"",""path_gain_db"":""-71.40772952378627"",""rx_power_dbm"":""-41.40772952378627"",""sanity_ok"":""True"",""xml_path"":""rt_out/experiments/semantic_ablation_actor_200f/sionna_xml/frame_020_sionna.xml""},{""frame_id"":""20"",""source_sample_index"":""5140"",""rx_id"":""rx_human_chest"",""num_paths"":""23"",""tau_min"":""6.163341392806387e-09"",""tau_max"":""6.568895827285814e-08"",""delay_spread"":""5.952561688005176e-08"",""path_gain_sum"":""2.2439073177338287e-07"",""path_gain_db"":""-66.48995085128901"",""rx_power_dbm"":""-36.48995085128901"",""sanity_ok"":""True"",""xml_path"":""rt_out/experiments/semantic_ablation_actor_200f/sionna_xml/frame_020_sionna.xml""},{""frame_id"":""20"",""source_sample_index"":""5140"",""rx_id"":""rx_x500_body"",""num_paths"":""23"",""tau_min"":""1.7234324189985273e-08"",""tau_max"":""7.465505547088469e-08"",""delay_spread"":""5.742073128089942e-08"",""path_gain_sum"":""3.372388945876992e-08"",""path_gain_db"":""-74.72062342912375"",""rx_power_dbm"":""-44.72062342912375"",""sanity_ok"":""True"",""xml_path"":""rt_out/experiments/semantic_ablation_actor_200f/sionna_xml/frame_020_sionna.xml""}]",6,"[{""frame_id"":""20"",""source_sample_index"":""5140"",""rx_id"":""rx_cerberus_base"",""delta_num_paths"":""0"",""delta_delay_spread"":""0.0"",""delta_rx_power_db"":""4.2605478256518836e-07"",""y_path_change"":""0"",""y_path_drop"":""0"",""y_rx_power_drop_0p5db"":""0"",""y_rx_power_drop_1db"":""0"",""y_rx_power_drop_2db"":""0"",""y_delay_spread_increase"":""0"",""y_adaptation_trigger_1db"":""0"",""y_adaptation_trigger_2db"":""0""},{""frame_id"":""20"",""source_sample_index"":""5140"",""rx_id"":""rx_human_chest"",""delta_num_paths"":""0"",""delta_delay_spread"":""0.0"",""delta_rx_power_db"":""5.500847777284434e-07"",""y_path_change"":""0"",""y_path_drop"":""0"",""y_rx_power_drop_0p5db"":""0"",""y_rx_power_drop_1db"":""0"",""y_rx_power_drop_2db"":""0"",""y_delay_spread_increase"":""0"",""y_adaptation_trigger_1db"":""0"",""y_adaptation_trigger_2db"":""0""},{""frame_id"":""20"",""source_sample_index"":""5140"",""rx_id"":""rx_nao_chest"",""delta_num_paths"":""-2"",""delta_delay_spread"":""0.0"",""delta_rx_power_db"":""-0.010659710966066882"",""y_path_change"":""1"",""y_path_drop"":""1"",""y_rx_power_drop_0p5db"":""0"",""y_rx_power_drop_1db"":""0"",""y_rx_power_drop_2db"":""0"",""y_delay_spread_increase"":""0"",""y_adaptation_trigger_1db"":""0"",""y_adaptation_trigger_2db"":""0""},{""frame_id"":""20"",""source_sample_index"":""5140"",""rx_id"":""rx_panda_base"",""delta_num_paths"":""-5"",""delta_delay_spread"":""0.0"",""delta_rx_power_db"":""-0.15984164260970601"",""y_path_change"":""1"",""y_path_drop"":""1"",""y_rx_power_drop_0p5db"":""0"",""y_rx_power_drop_1db"":""0"",""y_rx_power_drop_2db"":""0"",""y_delay_spread_increase"":""0"",""y_adaptation_trigger_1db"":""0"",""y_adaptation_trigger_2db"":""0""},{""frame_id"":""20"",""source_sample_index"":""5140"",""rx_id"":""rx_ur5_base"",""delta_num_paths"":""-4"",""delta_delay_spread"":""0.0"",""delta_rx_power_db"":""-0.0006104331974583488"",""y_path_change"":""1"",""y_path_drop"":""1"",""y_rx_power_drop_0p5db"":""0"",""y_rx_power_drop_1db"":""0"",""y_rx_power_drop_2db"":""0"",""y_delay_spread_increase"":""0"",""y_adaptation_trigger_1db"":""0"",""y_adaptation_trigger_2db"":""0""},{""frame_id"":""20"",""source_sample_index"":""5140"",""rx_id"":""rx_x500_body"",""delta_num_paths"":""0"",""delta_delay_spread"":""0.0"",""delta_rx_power_db"":""0.0"",""y_path_change"":""0"",""y_path_drop"":""0"",""y_rx_power_drop_0p5db"":""0"",""y_rx_power_drop_1db"":""0"",""y_rx_power_drop_2db"":""0"",""y_delay_spread_increase"":""0"",""y_adaptation_trigger_1db"":""0"",""y_adaptation_trigger_2db"":""0""}]",frame_id,rt_out/experiments/perception_rt_small_v0/frames/instance_registry.json,rt_out/experiments/perception_rt_small_v0/configs/semantic_label_map.json,ok,
0.1,perception_rt_small_v0,rt_out/experiments/semantic_ablation_actor_200f,2,2,20,20,5140,cam_corner_sw,640,480,1.047,0.1,20.0,-4.2766,-4.27322,2.72007,-0.014193,0.518246,0.774445,rt_out/experiments/perception_rt_small_v0/perception_raw/native/panoptic/cam_corner_sw/labels_maps_rgb/000002.ppm,rt_out/experiments/perception_rt_small_v0/perception_raw/native/panoptic/cam_corner_sw/semantic_decoded/000002.pgm,rt_out/experiments/perception_rt_small_v0/perception_raw/native/panoptic/cam_corner_sw/gazebo_instance_count/000002.pgm,rt_out/experiments/perception_rt_small_v0/perception_raw/native/panoptic/cam_corner_sw/colored_maps/000002.ppm,rt_out/experiments/perception_rt_small_v0/perception_raw/native/panoptic/cam_corner_sw/metadata/000002.json,true,true,true,true,true,rt_out/experiments/perception_rt_small_v0/reconstruction/labeled_colorized_pcl_sync/frame_002/cam_corner_sw_labeled_colorized.ply,true,ok,19200,0,0,8,27,ok,,6,"rx_panda_base,rx_ur5_base,rx_cerberus_base,rx_nao_chest,rx_human_chest,rx_x500_body",frame_id,"[{""frame_id"":""20"",""source_sample_index"":""5140"",""rx_id"":""rx_panda_base"",""num_paths"":""24"",""tau_min"":""5.357098764591228e-09"",""tau_max"":""6.284866316264015e-08"",""delay_spread"":""5.749156439804892e-08"",""path_gain_sum"":""2.841406399056723e-07"",""path_gain_db"":""-65.46466645810595"",""rx_power_dbm"":""-35.46466645810595"",""sanity_ok"":""True"",""xml_path"":""rt_out/experiments/semantic_ablation_actor_200f/sionna_xml/frame_020_sionna.xml""},{""frame_id"":""20"",""source_sample_index"":""5140"",""rx_id"":""rx_ur5_base"",""num_paths"":""24"",""tau_min"":""5.708055805797585e-09"",""tau_max"":""6.370818539380707e-08"",""delay_spread"":""5.8000129588009486e-08"",""path_gain_sum"":""7.19402237336908e-07"",""path_gain_db"":""-61.43028215862014"",""rx_power_dbm"":""-31.430282158620138"",""sanity_ok"":""True"",""xml_path"":""rt_out/experiments/semantic_ablation_actor_200f/sionna_xml/frame_020_sionna.xml""},{""frame_id"":""20"",""source_sample_index"":""5140"",""rx_id"":""rx_cerberus_base"",""num_paths"":""18"",""tau_min"":""1.574846919538686e-08"",""tau_max"":""5.723669715962387e-08"",""delay_spread"":""4.148822796423701e-08"",""path_gain_sum"":""3.621421740263031e-08"",""path_gain_db"":""-74.4112089556313"",""rx_power_dbm"":""-44.411208955631295"",""sanity_ok"":""True"",""xml_path"":""rt_out/experiments/semantic_ablation_actor_200f/sionna_xml/frame_020_sionna.xml""},{""frame_id"":""20"",""source_sample_index"":""5140"",""rx_id"":""rx_nao_chest"",""num_paths"":""22"",""tau_min"":""1.0787783999433032e-08"",""tau_max"":""6.209720737615498e-08"",""delay_spread"":""5.130942337672195e-08"",""path_gain_sum"":""7.231477638924844e-08"",""path_gain_db"":""-71.40772952378627"",""rx_power_dbm"":""-41.40772952378627"",""sanity_ok"":""True"",""xml_path"":""rt_out/experiments/semantic_ablation_actor_200f/sionna_xml/frame_020_sionna.xml""},{""frame_id"":""20"",""source_sample_index"":""5140"",""rx_id"":""rx_human_chest"",""num_paths"":""23"",""tau_min"":""6.163341392806387e-09"",""tau_max"":""6.568895827285814e-08"",""delay_spread"":""5.952561688005176e-08"",""path_gain_sum"":""2.2439073177338287e-07"",""path_gain_db"":""-66.48995085128901"",""rx_power_dbm"":""-36.48995085128901"",""sanity_ok"":""True"",""xml_path"":""rt_out/experiments/semantic_ablation_actor_200f/sionna_xml/frame_020_sionna.xml""},{""frame_id"":""20"",""source_sample_index"":""5140"",""rx_id"":""rx_x500_body"",""num_paths"":""23"",""tau_min"":""1.7234324189985273e-08"",""tau_max"":""7.465505547088469e-08"",""delay_spread"":""5.742073128089942e-08"",""path_gain_sum"":""3.372388945876992e-08"",""path_gain_db"":""-74.72062342912375"",""rx_power_dbm"":""-44.72062342912375"",""sanity_ok"":""True"",""xml_path"":""rt_out/experiments/semantic_ablation_actor_200f/sionna_xml/frame_020_sionna.xml""}]",6,"[{""frame_id"":""20"",""source_sample_index"":""5140"",""rx_id"":""rx_cerberus_base"",""delta_num_paths"":""0"",""delta_delay_spread"":""0.0"",""delta_rx_power_db"":""4.2605478256518836e-07"",""y_path_change"":""0"",""y_path_drop"":""0"",""y_rx_power_drop_0p5db"":""0"",""y_rx_power_drop_1db"":""0"",""y_rx_power_drop_2db"":""0"",""y_delay_spread_increase"":""0"",""y_adaptation_trigger_1db"":""0"",""y_adaptation_trigger_2db"":""0""},{""frame_id"":""20"",""source_sample_index"":""5140"",""rx_id"":""rx_human_chest"",""delta_num_paths"":""0"",""delta_delay_spread"":""0.0"",""delta_rx_power_db"":""5.500847777284434e-07"",""y_path_change"":""0"",""y_path_drop"":""0"",""y_rx_power_drop_0p5db"":""0"",""y_rx_power_drop_1db"":""0"",""y_rx_power_drop_2db"":""0"",""y_delay_spread_increase"":""0"",""y_adaptation_trigger_1db"":""0"",""y_adaptation_trigger_2db"":""0""},{""frame_id"":""20"",""source_sample_index"":""5140"",""rx_id"":""rx_nao_chest"",""delta_num_paths"":""-2"",""delta_delay_spread"":""0.0"",""delta_rx_power_db"":""-0.010659710966066882"",""y_path_change"":""1"",""y_path_drop"":""1"",""y_rx_power_drop_0p5db"":""0"",""y_rx_power_drop_1db"":""0"",""y_rx_power_drop_2db"":""0"",""y_delay_spread_increase"":""0"",""y_adaptation_trigger_1db"":""0"",""y_adaptation_trigger_2db"":""0""},{""frame_id"":""20"",""source_sample_index"":""5140"",""rx_id"":""rx_panda_base"",""delta_num_paths"":""-5"",""delta_delay_spread"":""0.0"",""delta_rx_power_db"":""-0.15984164260970601"",""y_path_change"":""1"",""y_path_drop"":""1"",""y_rx_power_drop_0p5db"":""0"",""y_rx_power_drop_1db"":""0"",""y_rx_power_drop_2db"":""0"",""y_delay_spread_increase"":""0"",""y_adaptation_trigger_1db"":""0"",""y_adaptation_trigger_2db"":""0""},{""frame_id"":""20"",""source_sample_index"":""5140"",""rx_id"":""rx_ur5_base"",""delta_num_paths"":""-4"",""delta_delay_spread"":""0.0"",""delta_rx_power_db"":""-0.0006104331974583488"",""y_path_change"":""1"",""y_path_drop"":""1"",""y_rx_power_drop_0p5db"":""0"",""y_rx_power_drop_1db"":""0"",""y_rx_power_drop_2db"":""0"",""y_delay_spread_increase"":""0"",""y_adaptation_trigger_1db"":""0"",""y_adaptation_trigger_2db"":""0""},{""frame_id"":""20"",""source_sample_index"":""5140"",""rx_id"":""rx_x500_body"",""delta_num_paths"":""0"",""delta_delay_spread"":""0.0"",""delta_rx_power_db"":""0.0"",""y_path_change"":""0"",""y_path_drop"":""0"",""y_rx_power_drop_0p5db"":""0"",""y_rx_power_drop_1db"":""0"",""y_rx_power_drop_2db"":""0"",""y_delay_spread_increase"":""0"",""y_adaptation_trigger_1db"":""0"",""y_adaptation_trigger_2db"":""0""}]",frame_id,rt_out/experiments/perception_rt_small_v0/frames/instance_registry.json,rt_out/experiments/perception_rt_small_v0/configs/semantic_label_map.json,ok,
0.1,perception_rt_small_v0,rt_out/experiments/semantic_ablation_actor_200f,2,2,20,20,5140,cam_corner_se,640,480,1.047,0.1,20.0,4.44776,-4.40805,2.80523,-0.023556,0.376367,2.408296,rt_out/experiments/perception_rt_small_v0/perception_raw/native/panoptic/cam_corner_se/labels_maps_rgb/000002.ppm,rt_out/experiments/perception_rt_small_v0/perception_raw/native/panoptic/cam_corner_se/semantic_decoded/000002.pgm,rt_out/experiments/perception_rt_small_v0/perception_raw/native/panoptic/cam_corner_se/gazebo_instance_count/000002.pgm,rt_out/experiments/perception_rt_small_v0/perception_raw/native/panoptic/cam_corner_se/colored_maps/000002.ppm,rt_out/experiments/perception_rt_small_v0/perception_raw/native/panoptic/cam_corner_se/metadata/000002.json,true,true,true,true,true,rt_out/experiments/perception_rt_small_v0/reconstruction/labeled_colorized_pcl_sync/frame_002/cam_corner_se_labeled_colorized.ply,true,ok,19200,0,0,9,39,ok,,6,"rx_panda_base,rx_ur5_base,rx_cerberus_base,rx_nao_chest,rx_human_chest,rx_x500_body",frame_id,"[{""frame_id"":""20"",""source_sample_index"":""5140"",""rx_id"":""rx_panda_base"",""num_paths"":""24"",""tau_min"":""5.357098764591228e-09"",""tau_max"":""6.284866316264015e-08"",""delay_spread"":""5.749156439804892e-08"",""path_gain_sum"":""2.841406399056723e-07"",""path_gain_db"":""-65.46466645810595"",""rx_power_dbm"":""-35.46466645810595"",""sanity_ok"":""True"",""xml_path"":""rt_out/experiments/semantic_ablation_actor_200f/sionna_xml/frame_020_sionna.xml""},{""frame_id"":""20"",""source_sample_index"":""5140"",""rx_id"":""rx_ur5_base"",""num_paths"":""24"",""tau_min"":""5.708055805797585e-09"",""tau_max"":""6.370818539380707e-08"",""delay_spread"":""5.8000129588009486e-08"",""path_gain_sum"":""7.19402237336908e-07"",""path_gain_db"":""-61.43028215862014"",""rx_power_dbm"":""-31.430282158620138"",""sanity_ok"":""True"",""xml_path"":""rt_out/experiments/semantic_ablation_actor_200f/sionna_xml/frame_020_sionna.xml""},{""frame_id"":""20"",""source_sample_index"":""5140"",""rx_id"":""rx_cerberus_base"",""num_paths"":""18"",""tau_min"":""1.574846919538686e-08"",""tau_max"":""5.723669715962387e-08"",""delay_spread"":""4.148822796423701e-08"",""path_gain_sum"":""3.621421740263031e-08"",""path_gain_db"":""-74.4112089556313"",""rx_power_dbm"":""-44.411208955631295"",""sanity_ok"":""True"",""xml_path"":""rt_out/experiments/semantic_ablation_actor_200f/sionna_xml/frame_020_sionna.xml""},{""frame_id"":""20"",""source_sample_index"":""5140"",""rx_id"":""rx_nao_chest"",""num_paths"":""22"",""tau_min"":""1.0787783999433032e-08"",""tau_max"":""6.209720737615498e-08"",""delay_spread"":""5.130942337672195e-08"",""path_gain_sum"":""7.231477638924844e-08"",""path_gain_db"":""-71.40772952378627"",""rx_power_dbm"":""-41.40772952378627"",""sanity_ok"":""True"",""xml_path"":""rt_out/experiments/semantic_ablation_actor_200f/sionna_xml/frame_020_sionna.xml""},{""frame_id"":""20"",""source_sample_index"":""5140"",""rx_id"":""rx_human_chest"",""num_paths"":""23"",""tau_min"":""6.163341392806387e-09"",""tau_max"":""6.568895827285814e-08"",""delay_spread"":""5.952561688005176e-08"",""path_gain_sum"":""2.2439073177338287e-07"",""path_gain_db"":""-66.48995085128901"",""rx_power_dbm"":""-36.48995085128901"",""sanity_ok"":""True"",""xml_path"":""rt_out/experiments/semantic_ablation_actor_200f/sionna_xml/frame_020_sionna.xml""},{""frame_id"":""20"",""source_sample_index"":""5140"",""rx_id"":""rx_x500_body"",""num_paths"":""23"",""tau_min"":""1.7234324189985273e-08"",""tau_max"":""7.465505547088469e-08"",""delay_spread"":""5.742073128089942e-08"",""path_gain_sum"":""3.372388945876992e-08"",""path_gain_db"":""-74.72062342912375"",""rx_power_dbm"":""-44.72062342912375"",""sanity_ok"":""True"",""xml_path"":""rt_out/experiments/semantic_ablation_actor_200f/sionna_xml/frame_020_sionna.xml""}]",6,"[{""frame_id"":""20"",""source_sample_index"":""5140"",""rx_id"":""rx_cerberus_base"",""delta_num_paths"":""0"",""delta_delay_spread"":""0.0"",""delta_rx_power_db"":""4.2605478256518836e-07"",""y_path_change"":""0"",""y_path_drop"":""0"",""y_rx_power_drop_0p5db"":""0"",""y_rx_power_drop_1db"":""0"",""y_rx_power_drop_2db"":""0"",""y_delay_spread_increase"":""0"",""y_adaptation_trigger_1db"":""0"",""y_adaptation_trigger_2db"":""0""},{""frame_id"":""20"",""source_sample_index"":""5140"",""rx_id"":""rx_human_chest"",""delta_num_paths"":""0"",""delta_delay_spread"":""0.0"",""delta_rx_power_db"":""5.500847777284434e-07"",""y_path_change"":""0"",""y_path_drop"":""0"",""y_rx_power_drop_0p5db"":""0"",""y_rx_power_drop_1db"":""0"",""y_rx_power_drop_2db"":""0"",""y_delay_spread_increase"":""0"",""y_adaptation_trigger_1db"":""0"",""y_adaptation_trigger_2db"":""0""},{""frame_id"":""20"",""source_sample_index"":""5140"",""rx_id"":""rx_nao_chest"",""delta_num_paths"":""-2"",""delta_delay_spread"":""0.0"",""delta_rx_power_db"":""-0.010659710966066882"",""y_path_change"":""1"",""y_path_drop"":""1"",""y_rx_power_drop_0p5db"":""0"",""y_rx_power_drop_1db"":""0"",""y_rx_power_drop_2db"":""0"",""y_delay_spread_increase"":""0"",""y_adaptation_trigger_1db"":""0"",""y_adaptation_trigger_2db"":""0""},{""frame_id"":""20"",""source_sample_index"":""5140"",""rx_id"":""rx_panda_base"",""delta_num_paths"":""-5"",""delta_delay_spread"":""0.0"",""delta_rx_power_db"":""-0.15984164260970601"",""y_path_change"":""1"",""y_path_drop"":""1"",""y_rx_power_drop_0p5db"":""0"",""y_rx_power_drop_1db"":""0"",""y_rx_power_drop_2db"":""0"",""y_delay_spread_increase"":""0"",""y_adaptation_trigger_1db"":""0"",""y_adaptation_trigger_2db"":""0""},{""frame_id"":""20"",""source_sample_index"":""5140"",""rx_id"":""rx_ur5_base"",""delta_num_paths"":""-4"",""delta_delay_spread"":""0.0"",""delta_rx_power_db"":""-0.0006104331974583488"",""y_path_change"":""1"",""y_path_drop"":""1"",""y_rx_power_drop_0p5db"":""0"",""y_rx_power_drop_1db"":""0"",""y_rx_power_drop_2db"":""0"",""y_delay_spread_increase"":""0"",""y_adaptation_trigger_1db"":""0"",""y_adaptation_trigger_2db"":""0""},{""frame_id"":""20"",""source_sample_index"":""5140"",""rx_id"":""rx_x500_body"",""delta_num_paths"":""0"",""delta_delay_spread"":""0.0"",""delta_rx_power_db"":""0.0"",""y_path_change"":""0"",""y_path_drop"":""0"",""y_rx_power_drop_0p5db"":""0"",""y_rx_power_drop_1db"":""0"",""y_rx_power_drop_2db"":""0"",""y_delay_spread_increase"":""0"",""y_adaptation_trigger_1db"":""0"",""y_adaptation_trigger_2db"":""0""}]",frame_id,rt_out/experiments/perception_rt_small_v0/frames/instance_registry.json,rt_out/experiments/perception_rt_small_v0/configs/semantic_label_map.json,ok,
0.1,perception_rt_small_v0,rt_out/experiments/semantic_ablation_actor_200f,2,2,20,20,5140,cam_wall_north,640,480,1.047,0.1,20.0,0.221087,4.38902,2.71504,-0.0,0.562591,-1.5708,rt_out/experiments/perception_rt_small_v0/perception_raw/native/panoptic/cam_wall_north/labels_maps_rgb/000002.ppm,rt_out/experiments/perception_rt_small_v0/perception_raw/native/panoptic/cam_wall_north/semantic_decoded/000002.pgm,rt_out/experiments/perception_rt_small_v0/perception_raw/native/panoptic/cam_wall_north/gazebo_instance_count/000002.pgm,rt_out/experiments/perception_rt_small_v0/perception_raw/native/panoptic/cam_wall_north/colored_maps/000002.ppm,rt_out/experiments/perception_rt_small_v0/perception_raw/native/panoptic/cam_wall_north/metadata/000002.json,true,true,true,true,true,rt_out/experiments/perception_rt_small_v0/reconstruction/labeled_colorized_pcl_sync/frame_002/cam_wall_north_labeled_colorized.ply,true,ok,19190,0,0,8,28,ok,,6,"rx_panda_base,rx_ur5_base,rx_cerberus_base,rx_nao_chest,rx_human_chest,rx_x500_body",frame_id,"[{""frame_id"":""20"",""source_sample_index"":""5140"",""rx_id"":""rx_panda_base"",""num_paths"":""24"",""tau_min"":""5.357098764591228e-09"",""tau_max"":""6.284866316264015e-08"",""delay_spread"":""5.749156439804892e-08"",""path_gain_sum"":""2.841406399056723e-07"",""path_gain_db"":""-65.46466645810595"",""rx_power_dbm"":""-35.46466645810595"",""sanity_ok"":""True"",""xml_path"":""rt_out/experiments/semantic_ablation_actor_200f/sionna_xml/frame_020_sionna.xml""},{""frame_id"":""20"",""source_sample_index"":""5140"",""rx_id"":""rx_ur5_base"",""num_paths"":""24"",""tau_min"":""5.708055805797585e-09"",""tau_max"":""6.370818539380707e-08"",""delay_spread"":""5.8000129588009486e-08"",""path_gain_sum"":""7.19402237336908e-07"",""path_gain_db"":""-61.43028215862014"",""rx_power_dbm"":""-31.430282158620138"",""sanity_ok"":""True"",""xml_path"":""rt_out/experiments/semantic_ablation_actor_200f/sionna_xml/frame_020_sionna.xml""},{""frame_id"":""20"",""source_sample_index"":""5140"",""rx_id"":""rx_cerberus_base"",""num_paths"":""18"",""tau_min"":""1.574846919538686e-08"",""tau_max"":""5.723669715962387e-08"",""delay_spread"":""4.148822796423701e-08"",""path_gain_sum"":""3.621421740263031e-08"",""path_gain_db"":""-74.4112089556313"",""rx_power_dbm"":""-44.411208955631295"",""sanity_ok"":""True"",""xml_path"":""rt_out/experiments/semantic_ablation_actor_200f/sionna_xml/frame_020_sionna.xml""},{""frame_id"":""20"",""source_sample_index"":""5140"",""rx_id"":""rx_nao_chest"",""num_paths"":""22"",""tau_min"":""1.0787783999433032e-08"",""tau_max"":""6.209720737615498e-08"",""delay_spread"":""5.130942337672195e-08"",""path_gain_sum"":""7.231477638924844e-08"",""path_gain_db"":""-71.40772952378627"",""rx_power_dbm"":""-41.40772952378627"",""sanity_ok"":""True"",""xml_path"":""rt_out/experiments/semantic_ablation_actor_200f/sionna_xml/frame_020_sionna.xml""},{""frame_id"":""20"",""source_sample_index"":""5140"",""rx_id"":""rx_human_chest"",""num_paths"":""23"",""tau_min"":""6.163341392806387e-09"",""tau_max"":""6.568895827285814e-08"",""delay_spread"":""5.952561688005176e-08"",""path_gain_sum"":""2.2439073177338287e-07"",""path_gain_db"":""-66.48995085128901"",""rx_power_dbm"":""-36.48995085128901"",""sanity_ok"":""True"",""xml_path"":""rt_out/experiments/semantic_ablation_actor_200f/sionna_xml/frame_020_sionna.xml""},{""frame_id"":""20"",""source_sample_index"":""5140"",""rx_id"":""rx_x500_body"",""num_paths"":""23"",""tau_min"":""1.7234324189985273e-08"",""tau_max"":""7.465505547088469e-08"",""delay_spread"":""5.742073128089942e-08"",""path_gain_sum"":""3.372388945876992e-08"",""path_gain_db"":""-74.72062342912375"",""rx_power_dbm"":""-44.72062342912375"",""sanity_ok"":""True"",""xml_path"":""rt_out/experiments/semantic_ablation_actor_200f/sionna_xml/frame_020_sionna.xml""}]",6,"[{""frame_id"":""20"",""source_sample_index"":""5140"",""rx_id"":""rx_cerberus_base"",""delta_num_paths"":""0"",""delta_delay_spread"":""0.0"",""delta_rx_power_db"":""4.2605478256518836e-07"",""y_path_change"":""0"",""y_path_drop"":""0"",""y_rx_power_drop_0p5db"":""0"",""y_rx_power_drop_1db"":""0"",""y_rx_power_drop_2db"":""0"",""y_delay_spread_increase"":""0"",""y_adaptation_trigger_1db"":""0"",""y_adaptation_trigger_2db"":""0""},{""frame_id"":""20"",""source_sample_index"":""5140"",""rx_id"":""rx_human_chest"",""delta_num_paths"":""0"",""delta_delay_spread"":""0.0"",""delta_rx_power_db"":""5.500847777284434e-07"",""y_path_change"":""0"",""y_path_drop"":""0"",""y_rx_power_drop_0p5db"":""0"",""y_rx_power_drop_1db"":""0"",""y_rx_power_drop_2db"":""0"",""y_delay_spread_increase"":""0"",""y_adaptation_trigger_1db"":""0"",""y_adaptation_trigger_2db"":""0""},{""frame_id"":""20"",""source_sample_index"":""5140"",""rx_id"":""rx_nao_chest"",""delta_num_paths"":""-2"",""delta_delay_spread"":""0.0"",""delta_rx_power_db"":""-0.010659710966066882"",""y_path_change"":""1"",""y_path_drop"":""1"",""y_rx_power_drop_0p5db"":""0"",""y_rx_power_drop_1db"":""0"",""y_rx_power_drop_2db"":""0"",""y_delay_spread_increase"":""0"",""y_adaptation_trigger_1db"":""0"",""y_adaptation_trigger_2db"":""0""},{""frame_id"":""20"",""source_sample_index"":""5140"",""rx_id"":""rx_panda_base"",""delta_num_paths"":""-5"",""delta_delay_spread"":""0.0"",""delta_rx_power_db"":""-0.15984164260970601"",""y_path_change"":""1"",""y_path_drop"":""1"",""y_rx_power_drop_0p5db"":""0"",""y_rx_power_drop_1db"":""0"",""y_rx_power_drop_2db"":""0"",""y_delay_spread_increase"":""0"",""y_adaptation_trigger_1db"":""0"",""y_adaptation_trigger_2db"":""0""},{""frame_id"":""20"",""source_sample_index"":""5140"",""rx_id"":""rx_ur5_base"",""delta_num_paths"":""-4"",""delta_delay_spread"":""0.0"",""delta_rx_power_db"":""-0.0006104331974583488"",""y_path_change"":""1"",""y_path_drop"":""1"",""y_rx_power_drop_0p5db"":""0"",""y_rx_power_drop_1db"":""0"",""y_rx_power_drop_2db"":""0"",""y_delay_spread_increase"":""0"",""y_adaptation_trigger_1db"":""0"",""y_adaptation_trigger_2db"":""0""},{""frame_id"":""20"",""source_sample_index"":""5140"",""rx_id"":""rx_x500_body"",""delta_num_paths"":""0"",""delta_delay_spread"":""0.0"",""delta_rx_power_db"":""0.0"",""y_path_change"":""0"",""y_path_drop"":""0"",""y_rx_power_drop_0p5db"":""0"",""y_rx_power_drop_1db"":""0"",""y_rx_power_drop_2db"":""0"",""y_delay_spread_increase"":""0"",""y_adaptation_trigger_1db"":""0"",""y_adaptation_trigger_2db"":""0""}]",frame_id,rt_out/experiments/perception_rt_small_v0/frames/instance_registry.json,rt_out/experiments/perception_rt_small_v0/configs/semantic_label_map.json,ok,
0.1,perception_rt_small_v0,rt_out/experiments/semantic_ablation_actor_200f,2,2,20,20,5140,cam_wall_south,640,480,1.047,0.1,20.0,0.221056,-4.22159,2.7964,0.000426,0.271157,1.577903,rt_out/experiments/perception_rt_small_v0/perception_raw/native/panoptic/cam_wall_south/labels_maps_rgb/000002.ppm,rt_out/experiments/perception_rt_small_v0/perception_raw/native/panoptic/cam_wall_south/semantic_decoded/000002.pgm,rt_out/experiments/perception_rt_small_v0/perception_raw/native/panoptic/cam_wall_south/gazebo_instance_count/000002.pgm,rt_out/experiments/perception_rt_small_v0/perception_raw/native/panoptic/cam_wall_south/colored_maps/000002.ppm,rt_out/experiments/perception_rt_small_v0/perception_raw/native/panoptic/cam_wall_south/metadata/000002.json,true,true,true,true,true,rt_out/experiments/perception_rt_small_v0/reconstruction/labeled_colorized_pcl_sync/frame_002/cam_wall_south_labeled_colorized.ply,true,ok,19200,0,0,9,33,ok,,6,"rx_panda_base,rx_ur5_base,rx_cerberus_base,rx_nao_chest,rx_human_chest,rx_x500_body",frame_id,"[{""frame_id"":""20"",""source_sample_index"":""5140"",""rx_id"":""rx_panda_base"",""num_paths"":""24"",""tau_min"":""5.357098764591228e-09"",""tau_max"":""6.284866316264015e-08"",""delay_spread"":""5.749156439804892e-08"",""path_gain_sum"":""2.841406399056723e-07"",""path_gain_db"":""-65.46466645810595"",""rx_power_dbm"":""-35.46466645810595"",""sanity_ok"":""True"",""xml_path"":""rt_out/experiments/semantic_ablation_actor_200f/sionna_xml/frame_020_sionna.xml""},{""frame_id"":""20"",""source_sample_index"":""5140"",""rx_id"":""rx_ur5_base"",""num_paths"":""24"",""tau_min"":""5.708055805797585e-09"",""tau_max"":""6.370818539380707e-08"",""delay_spread"":""5.8000129588009486e-08"",""path_gain_sum"":""7.19402237336908e-07"",""path_gain_db"":""-61.43028215862014"",""rx_power_dbm"":""-31.430282158620138"",""sanity_ok"":""True"",""xml_path"":""rt_out/experiments/semantic_ablation_actor_200f/sionna_xml/frame_020_sionna.xml""},{""frame_id"":""20"",""source_sample_index"":""5140"",""rx_id"":""rx_cerberus_base"",""num_paths"":""18"",""tau_min"":""1.574846919538686e-08"",""tau_max"":""5.723669715962387e-08"",""delay_spread"":""4.148822796423701e-08"",""path_gain_sum"":""3.621421740263031e-08"",""path_gain_db"":""-74.4112089556313"",""rx_power_dbm"":""-44.411208955631295"",""sanity_ok"":""True"",""xml_path"":""rt_out/experiments/semantic_ablation_actor_200f/sionna_xml/frame_020_sionna.xml""},{""frame_id"":""20"",""source_sample_index"":""5140"",""rx_id"":""rx_nao_chest"",""num_paths"":""22"",""tau_min"":""1.0787783999433032e-08"",""tau_max"":""6.209720737615498e-08"",""delay_spread"":""5.130942337672195e-08"",""path_gain_sum"":""7.231477638924844e-08"",""path_gain_db"":""-71.40772952378627"",""rx_power_dbm"":""-41.40772952378627"",""sanity_ok"":""True"",""xml_path"":""rt_out/experiments/semantic_ablation_actor_200f/sionna_xml/frame_020_sionna.xml""},{""frame_id"":""20"",""source_sample_index"":""5140"",""rx_id"":""rx_human_chest"",""num_paths"":""23"",""tau_min"":""6.163341392806387e-09"",""tau_max"":""6.568895827285814e-08"",""delay_spread"":""5.952561688005176e-08"",""path_gain_sum"":""2.2439073177338287e-07"",""path_gain_db"":""-66.48995085128901"",""rx_power_dbm"":""-36.48995085128901"",""sanity_ok"":""True"",""xml_path"":""rt_out/experiments/semantic_ablation_actor_200f/sionna_xml/frame_020_sionna.xml""},{""frame_id"":""20"",""source_sample_index"":""5140"",""rx_id"":""rx_x500_body"",""num_paths"":""23"",""tau_min"":""1.7234324189985273e-08"",""tau_max"":""7.465505547088469e-08"",""delay_spread"":""5.742073128089942e-08"",""path_gain_sum"":""3.372388945876992e-08"",""path_gain_db"":""-74.72062342912375"",""rx_power_dbm"":""-44.72062342912375"",""sanity_ok"":""True"",""xml_path"":""rt_out/experiments/semantic_ablation_actor_200f/sionna_xml/frame_020_sionna.xml""}]",6,"[{""frame_id"":""20"",""source_sample_index"":""5140"",""rx_id"":""rx_cerberus_base"",""delta_num_paths"":""0"",""delta_delay_spread"":""0.0"",""delta_rx_power_db"":""4.2605478256518836e-07"",""y_path_change"":""0"",""y_path_drop"":""0"",""y_rx_power_drop_0p5db"":""0"",""y_rx_power_drop_1db"":""0"",""y_rx_power_drop_2db"":""0"",""y_delay_spread_increase"":""0"",""y_adaptation_trigger_1db"":""0"",""y_adaptation_trigger_2db"":""0""},{""frame_id"":""20"",""source_sample_index"":""5140"",""rx_id"":""rx_human_chest"",""delta_num_paths"":""0"",""delta_delay_spread"":""0.0"",""delta_rx_power_db"":""5.500847777284434e-07"",""y_path_change"":""0"",""y_path_drop"":""0"",""y_rx_power_drop_0p5db"":""0"",""y_rx_power_drop_1db"":""0"",""y_rx_power_drop_2db"":""0"",""y_delay_spread_increase"":""0"",""y_adaptation_trigger_1db"":""0"",""y_adaptation_trigger_2db"":""0""},{""frame_id"":""20"",""source_sample_index"":""5140"",""rx_id"":""rx_nao_chest"",""delta_num_paths"":""-2"",""delta_delay_spread"":""0.0"",""delta_rx_power_db"":""-0.010659710966066882"",""y_path_change"":""1"",""y_path_drop"":""1"",""y_rx_power_drop_0p5db"":""0"",""y_rx_power_drop_1db"":""0"",""y_rx_power_drop_2db"":""0"",""y_delay_spread_increase"":""0"",""y_adaptation_trigger_1db"":""0"",""y_adaptation_trigger_2db"":""0""},{""frame_id"":""20"",""source_sample_index"":""5140"",""rx_id"":""rx_panda_base"",""delta_num_paths"":""-5"",""delta_delay_spread"":""0.0"",""delta_rx_power_db"":""-0.15984164260970601"",""y_path_change"":""1"",""y_path_drop"":""1"",""y_rx_power_drop_0p5db"":""0"",""y_rx_power_drop_1db"":""0"",""y_rx_power_drop_2db"":""0"",""y_delay_spread_increase"":""0"",""y_adaptation_trigger_1db"":""0"",""y_adaptation_trigger_2db"":""0""},{""frame_id"":""20"",""source_sample_index"":""5140"",""rx_id"":""rx_ur5_base"",""delta_num_paths"":""-4"",""delta_delay_spread"":""0.0"",""delta_rx_power_db"":""-0.0006104331974583488"",""y_path_change"":""1"",""y_path_drop"":""1"",""y_rx_power_drop_0p5db"":""0"",""y_rx_power_drop_1db"":""0"",""y_rx_power_drop_2db"":""0"",""y_delay_spread_increase"":""0"",""y_adaptation_trigger_1db"":""0"",""y_adaptation_trigger_2db"":""0""},{""frame_id"":""20"",""source_sample_index"":""5140"",""rx_id"":""rx_x500_body"",""delta_num_paths"":""0"",""delta_delay_spread"":""0.0"",""delta_rx_power_db"":""0.0"",""y_path_change"":""0"",""y_path_drop"":""0"",""y_rx_power_drop_0p5db"":""0"",""y_rx_power_drop_1db"":""0"",""y_rx_power_drop_2db"":""0"",""y_delay_spread_increase"":""0"",""y_adaptation_trigger_1db"":""0"",""y_adaptation_trigger_2db"":""0""}]",frame_id,rt_out/experiments/perception_rt_small_v0/frames/instance_registry.json,rt_out/experiments/perception_rt_small_v0/configs/semantic_label_map.json,ok,
0.1,perception_rt_small_v0,rt_out/experiments/semantic_ablation_actor_200f,2,2,20,20,5140,cam_wall_east,640,480,1.047,0.1,20.0,4.38989,-0.157588,2.81304,-0.047579,0.393096,3.098594,rt_out/experiments/perception_rt_small_v0/perception_raw/native/panoptic/cam_wall_east/labels_maps_rgb/000002.ppm,rt_out/experiments/perception_rt_small_v0/perception_raw/native/panoptic/cam_wall_east/semantic_decoded/000002.pgm,rt_out/experiments/perception_rt_small_v0/perception_raw/native/panoptic/cam_wall_east/gazebo_instance_count/000002.pgm,rt_out/experiments/perception_rt_small_v0/perception_raw/native/panoptic/cam_wall_east/colored_maps/000002.ppm,rt_out/experiments/perception_rt_small_v0/perception_raw/native/panoptic/cam_wall_east/metadata/000002.json,true,true,true,true,true,rt_out/experiments/perception_rt_small_v0/reconstruction/labeled_colorized_pcl_sync/frame_002/cam_wall_east_labeled_colorized.ply,true,ok,19200,0,0,8,35,ok,,6,"rx_panda_base,rx_ur5_base,rx_cerberus_base,rx_nao_chest,rx_human_chest,rx_x500_body",frame_id,"[{""frame_id"":""20"",""source_sample_index"":""5140"",""rx_id"":""rx_panda_base"",""num_paths"":""24"",""tau_min"":""5.357098764591228e-09"",""tau_max"":""6.284866316264015e-08"",""delay_spread"":""5.749156439804892e-08"",""path_gain_sum"":""2.841406399056723e-07"",""path_gain_db"":""-65.46466645810595"",""rx_power_dbm"":""-35.46466645810595"",""sanity_ok"":""True"",""xml_path"":""rt_out/experiments/semantic_ablation_actor_200f/sionna_xml/frame_020_sionna.xml""},{""frame_id"":""20"",""source_sample_index"":""5140"",""rx_id"":""rx_ur5_base"",""num_paths"":""24"",""tau_min"":""5.708055805797585e-09"",""tau_max"":""6.370818539380707e-08"",""delay_spread"":""5.8000129588009486e-08"",""path_gain_sum"":""7.19402237336908e-07"",""path_gain_db"":""-61.43028215862014"",""rx_power_dbm"":""-31.430282158620138"",""sanity_ok"":""True"",""xml_path"":""rt_out/experiments/semantic_ablation_actor_200f/sionna_xml/frame_020_sionna.xml""},{""frame_id"":""20"",""source_sample_index"":""5140"",""rx_id"":""rx_cerberus_base"",""num_paths"":""18"",""tau_min"":""1.574846919538686e-08"",""tau_max"":""5.723669715962387e-08"",""delay_spread"":""4.148822796423701e-08"",""path_gain_sum"":""3.621421740263031e-08"",""path_gain_db"":""-74.4112089556313"",""rx_power_dbm"":""-44.411208955631295"",""sanity_ok"":""True"",""xml_path"":""rt_out/experiments/semantic_ablation_actor_200f/sionna_xml/frame_020_sionna.xml""},{""frame_id"":""20"",""source_sample_index"":""5140"",""rx_id"":""rx_nao_chest"",""num_paths"":""22"",""tau_min"":""1.0787783999433032e-08"",""tau_max"":""6.209720737615498e-08"",""delay_spread"":""5.130942337672195e-08"",""path_gain_sum"":""7.231477638924844e-08"",""path_gain_db"":""-71.40772952378627"",""rx_power_dbm"":""-41.40772952378627"",""sanity_ok"":""True"",""xml_path"":""rt_out/experiments/semantic_ablation_actor_200f/sionna_xml/frame_020_sionna.xml""},{""frame_id"":""20"",""source_sample_index"":""5140"",""rx_id"":""rx_human_chest"",""num_paths"":""23"",""tau_min"":""6.163341392806387e-09"",""tau_max"":""6.568895827285814e-08"",""delay_spread"":""5.952561688005176e-08"",""path_gain_sum"":""2.2439073177338287e-07"",""path_gain_db"":""-66.48995085128901"",""rx_power_dbm"":""-36.48995085128901"",""sanity_ok"":""True"",""xml_path"":""rt_out/experiments/semantic_ablation_actor_200f/sionna_xml/frame_020_sionna.xml""},{""frame_id"":""20"",""source_sample_index"":""5140"",""rx_id"":""rx_x500_body"",""num_paths"":""23"",""tau_min"":""1.7234324189985273e-08"",""tau_max"":""7.465505547088469e-08"",""delay_spread"":""5.742073128089942e-08"",""path_gain_sum"":""3.372388945876992e-08"",""path_gain_db"":""-74.72062342912375"",""rx_power_dbm"":""-44.72062342912375"",""sanity_ok"":""True"",""xml_path"":""rt_out/experiments/semantic_ablation_actor_200f/sionna_xml/frame_020_sionna.xml""}]",6,"[{""frame_id"":""20"",""source_sample_index"":""5140"",""rx_id"":""rx_cerberus_base"",""delta_num_paths"":""0"",""delta_delay_spread"":""0.0"",""delta_rx_power_db"":""4.2605478256518836e-07"",""y_path_change"":""0"",""y_path_drop"":""0"",""y_rx_power_drop_0p5db"":""0"",""y_rx_power_drop_1db"":""0"",""y_rx_power_drop_2db"":""0"",""y_delay_spread_increase"":""0"",""y_adaptation_trigger_1db"":""0"",""y_adaptation_trigger_2db"":""0""},{""frame_id"":""20"",""source_sample_index"":""5140"",""rx_id"":""rx_human_chest"",""delta_num_paths"":""0"",""delta_delay_spread"":""0.0"",""delta_rx_power_db"":""5.500847777284434e-07"",""y_path_change"":""0"",""y_path_drop"":""0"",""y_rx_power_drop_0p5db"":""0"",""y_rx_power_drop_1db"":""0"",""y_rx_power_drop_2db"":""0"",""y_delay_spread_increase"":""0"",""y_adaptation_trigger_1db"":""0"",""y_adaptation_trigger_2db"":""0""},{""frame_id"":""20"",""source_sample_index"":""5140"",""rx_id"":""rx_nao_chest"",""delta_num_paths"":""-2"",""delta_delay_spread"":""0.0"",""delta_rx_power_db"":""-0.010659710966066882"",""y_path_change"":""1"",""y_path_drop"":""1"",""y_rx_power_drop_0p5db"":""0"",""y_rx_power_drop_1db"":""0"",""y_rx_power_drop_2db"":""0"",""y_delay_spread_increase"":""0"",""y_adaptation_trigger_1db"":""0"",""y_adaptation_trigger_2db"":""0""},{""frame_id"":""20"",""source_sample_index"":""5140"",""rx_id"":""rx_panda_base"",""delta_num_paths"":""-5"",""delta_delay_spread"":""0.0"",""delta_rx_power_db"":""-0.15984164260970601"",""y_path_change"":""1"",""y_path_drop"":""1"",""y_rx_power_drop_0p5db"":""0"",""y_rx_power_drop_1db"":""0"",""y_rx_power_drop_2db"":""0"",""y_delay_spread_increase"":""0"",""y_adaptation_trigger_1db"":""0"",""y_adaptation_trigger_2db"":""0""},{""frame_id"":""20"",""source_sample_index"":""5140"",""rx_id"":""rx_ur5_base"",""delta_num_paths"":""-4"",""delta_delay_spread"":""0.0"",""delta_rx_power_db"":""-0.0006104331974583488"",""y_path_change"":""1"",""y_path_drop"":""1"",""y_rx_power_drop_0p5db"":""0"",""y_rx_power_drop_1db"":""0"",""y_rx_power_drop_2db"":""0"",""y_delay_spread_increase"":""0"",""y_adaptation_trigger_1db"":""0"",""y_adaptation_trigger_2db"":""0""},{""frame_id"":""20"",""source_sample_index"":""5140"",""rx_id"":""rx_x500_body"",""delta_num_paths"":""0"",""delta_delay_spread"":""0.0"",""delta_rx_power_db"":""0.0"",""y_path_change"":""0"",""y_path_drop"":""0"",""y_rx_power_drop_0p5db"":""0"",""y_rx_power_drop_1db"":""0"",""y_rx_power_drop_2db"":""0"",""y_delay_spread_increase"":""0"",""y_adaptation_trigger_1db"":""0"",""y_adaptation_trigger_2db"":""0""}]",frame_id,rt_out/experiments/perception_rt_small_v0/frames/instance_registry.json,rt_out/experiments/perception_rt_small_v0/configs/semantic_label_map.json,ok,
0.1,perception_rt_small_v0,rt_out/experiments/semantic_ablation_actor_200f,2,2,20,20,5140,cam_wall_west,640,480,1.047,0.1,20.0,-4.368888,-0.03657,2.817008,0.035211,0.406352,0.030119,rt_out/experiments/perception_rt_small_v0/perception_raw/native/panoptic/cam_wall_west/labels_maps_rgb/000002.ppm,rt_out/experiments/perception_rt_small_v0/perception_raw/native/panoptic/cam_wall_west/semantic_decoded/000002.pgm,rt_out/experiments/perception_rt_small_v0/perception_raw/native/panoptic/cam_wall_west/gazebo_instance_count/000002.pgm,rt_out/experiments/perception_rt_small_v0/perception_raw/native/panoptic/cam_wall_west/colored_maps/000002.ppm,rt_out/experiments/perception_rt_small_v0/perception_raw/native/panoptic/cam_wall_west/metadata/000002.json,true,true,true,true,true,rt_out/experiments/perception_rt_small_v0/reconstruction/labeled_colorized_pcl_sync/frame_002/cam_wall_west_labeled_colorized.ply,true,ok,19200,0,0,8,26,ok,,6,"rx_panda_base,rx_ur5_base,rx_cerberus_base,rx_nao_chest,rx_human_chest,rx_x500_body",frame_id,"[{""frame_id"":""20"",""source_sample_index"":""5140"",""rx_id"":""rx_panda_base"",""num_paths"":""24"",""tau_min"":""5.357098764591228e-09"",""tau_max"":""6.284866316264015e-08"",""delay_spread"":""5.749156439804892e-08"",""path_gain_sum"":""2.841406399056723e-07"",""path_gain_db"":""-65.46466645810595"",""rx_power_dbm"":""-35.46466645810595"",""sanity_ok"":""True"",""xml_path"":""rt_out/experiments/semantic_ablation_actor_200f/sionna_xml/frame_020_sionna.xml""},{""frame_id"":""20"",""source_sample_index"":""5140"",""rx_id"":""rx_ur5_base"",""num_paths"":""24"",""tau_min"":""5.708055805797585e-09"",""tau_max"":""6.370818539380707e-08"",""delay_spread"":""5.8000129588009486e-08"",""path_gain_sum"":""7.19402237336908e-07"",""path_gain_db"":""-61.43028215862014"",""rx_power_dbm"":""-31.430282158620138"",""sanity_ok"":""True"",""xml_path"":""rt_out/experiments/semantic_ablation_actor_200f/sionna_xml/frame_020_sionna.xml""},{""frame_id"":""20"",""source_sample_index"":""5140"",""rx_id"":""rx_cerberus_base"",""num_paths"":""18"",""tau_min"":""1.574846919538686e-08"",""tau_max"":""5.723669715962387e-08"",""delay_spread"":""4.148822796423701e-08"",""path_gain_sum"":""3.621421740263031e-08"",""path_gain_db"":""-74.4112089556313"",""rx_power_dbm"":""-44.411208955631295"",""sanity_ok"":""True"",""xml_path"":""rt_out/experiments/semantic_ablation_actor_200f/sionna_xml/frame_020_sionna.xml""},{""frame_id"":""20"",""source_sample_index"":""5140"",""rx_id"":""rx_nao_chest"",""num_paths"":""22"",""tau_min"":""1.0787783999433032e-08"",""tau_max"":""6.209720737615498e-08"",""delay_spread"":""5.130942337672195e-08"",""path_gain_sum"":""7.231477638924844e-08"",""path_gain_db"":""-71.40772952378627"",""rx_power_dbm"":""-41.40772952378627"",""sanity_ok"":""True"",""xml_path"":""rt_out/experiments/semantic_ablation_actor_200f/sionna_xml/frame_020_sionna.xml""},{""frame_id"":""20"",""source_sample_index"":""5140"",""rx_id"":""rx_human_chest"",""num_paths"":""23"",""tau_min"":""6.163341392806387e-09"",""tau_max"":""6.568895827285814e-08"",""delay_spread"":""5.952561688005176e-08"",""path_gain_sum"":""2.2439073177338287e-07"",""path_gain_db"":""-66.48995085128901"",""rx_power_dbm"":""-36.48995085128901"",""sanity_ok"":""True"",""xml_path"":""rt_out/experiments/semantic_ablation_actor_200f/sionna_xml/frame_020_sionna.xml""},{""frame_id"":""20"",""source_sample_index"":""5140"",""rx_id"":""rx_x500_body"",""num_paths"":""23"",""tau_min"":""1.7234324189985273e-08"",""tau_max"":""7.465505547088469e-08"",""delay_spread"":""5.742073128089942e-08"",""path_gain_sum"":""3.372388945876992e-08"",""path_gain_db"":""-74.72062342912375"",""rx_power_dbm"":""-44.72062342912375"",""sanity_ok"":""True"",""xml_path"":""rt_out/experiments/semantic_ablation_actor_200f/sionna_xml/frame_020_sionna.xml""}]",6,"[{""frame_id"":""20"",""source_sample_index"":""5140"",""rx_id"":""rx_cerberus_base"",""delta_num_paths"":""0"",""delta_delay_spread"":""0.0"",""delta_rx_power_db"":""4.2605478256518836e-07"",""y_path_change"":""0"",""y_path_drop"":""0"",""y_rx_power_drop_0p5db"":""0"",""y_rx_power_drop_1db"":""0"",""y_rx_power_drop_2db"":""0"",""y_delay_spread_increase"":""0"",""y_adaptation_trigger_1db"":""0"",""y_adaptation_trigger_2db"":""0""},{""frame_id"":""20"",""source_sample_index"":""5140"",""rx_id"":""rx_human_chest"",""delta_num_paths"":""0"",""delta_delay_spread"":""0.0"",""delta_rx_power_db"":""5.500847777284434e-07"",""y_path_change"":""0"",""y_path_drop"":""0"",""y_rx_power_drop_0p5db"":""0"",""y_rx_power_drop_1db"":""0"",""y_rx_power_drop_2db"":""0"",""y_delay_spread_increase"":""0"",""y_adaptation_trigger_1db"":""0"",""y_adaptation_trigger_2db"":""0""},{""frame_id"":""20"",""source_sample_index"":""5140"",""rx_id"":""rx_nao_chest"",""delta_num_paths"":""-2"",""delta_delay_spread"":""0.0"",""delta_rx_power_db"":""-0.010659710966066882"",""y_path_change"":""1"",""y_path_drop"":""1"",""y_rx_power_drop_0p5db"":""0"",""y_rx_power_drop_1db"":""0"",""y_rx_power_drop_2db"":""0"",""y_delay_spread_increase"":""0"",""y_adaptation_trigger_1db"":""0"",""y_adaptation_trigger_2db"":""0""},{""frame_id"":""20"",""source_sample_index"":""5140"",""rx_id"":""rx_panda_base"",""delta_num_paths"":""-5"",""delta_delay_spread"":""0.0"",""delta_rx_power_db"":""-0.15984164260970601"",""y_path_change"":""1"",""y_path_drop"":""1"",""y_rx_power_drop_0p5db"":""0"",""y_rx_power_drop_1db"":""0"",""y_rx_power_drop_2db"":""0"",""y_delay_spread_increase"":""0"",""y_adaptation_trigger_1db"":""0"",""y_adaptation_trigger_2db"":""0""},{""frame_id"":""20"",""source_sample_index"":""5140"",""rx_id"":""rx_ur5_base"",""delta_num_paths"":""-4"",""delta_delay_spread"":""0.0"",""delta_rx_power_db"":""-0.0006104331974583488"",""y_path_change"":""1"",""y_path_drop"":""1"",""y_rx_power_drop_0p5db"":""0"",""y_rx_power_drop_1db"":""0"",""y_rx_power_drop_2db"":""0"",""y_delay_spread_increase"":""0"",""y_adaptation_trigger_1db"":""0"",""y_adaptation_trigger_2db"":""0""},{""frame_id"":""20"",""source_sample_index"":""5140"",""rx_id"":""rx_x500_body"",""delta_num_paths"":""0"",""delta_delay_spread"":""0.0"",""delta_rx_power_db"":""0.0"",""y_path_change"":""0"",""y_path_drop"":""0"",""y_rx_power_drop_0p5db"":""0"",""y_rx_power_drop_1db"":""0"",""y_rx_power_drop_2db"":""0"",""y_delay_spread_increase"":""0"",""y_adaptation_trigger_1db"":""0"",""y_adaptation_trigger_2db"":""0""}]",frame_id,rt_out/experiments/perception_rt_small_v0/frames/instance_registry.json,rt_out/experiments/perception_rt_small_v0/configs/semantic_label_map.json,ok,
0.1,perception_rt_small_v0,rt_out/experiments/semantic_ablation_actor_200f,3,3,30,30,7710,cam_corner_nw,640,480,1.047,0.1,20.0,-4.368888,4.38902,2.76265,-0.018875,0.447306,-0.787697,,,,,,false,false,false,false,false,,false,missing,,,,,,,,6,"rx_panda_base,rx_ur5_base,rx_cerberus_base,rx_nao_chest,rx_human_chest,rx_x500_body",frame_id,"[{""frame_id"":""30"",""source_sample_index"":""7710"",""rx_id"":""rx_panda_base"",""num_paths"":""31"",""tau_min"":""5.357098764591228e-09"",""tau_max"":""6.284866316264015e-08"",""delay_spread"":""5.749156439804892e-08"",""path_gain_sum"":""3.004476809564949e-07"",""path_gain_db"":""-65.22231143794808"",""rx_power_dbm"":""-35.22231143794808"",""sanity_ok"":""True"",""xml_path"":""rt_out/experiments/semantic_ablation_actor_200f/sionna_xml/frame_030_sionna.xml""},{""frame_id"":""30"",""source_sample_index"":""7710"",""rx_id"":""rx_ur5_base"",""num_paths"":""29"",""tau_min"":""5.708055805797585e-09"",""tau_max"":""6.370818539380707e-08"",""delay_spread"":""5.8000129588009486e-08"",""path_gain_sum"":""8.172424941221834e-07"",""path_gain_db"":""-60.876490594613124"",""rx_power_dbm"":""-30.876490594613124"",""sanity_ok"":""True"",""xml_path"":""rt_out/experiments/semantic_ablation_actor_200f/sionna_xml/frame_030_sionna.xml""},{""frame_id"":""30"",""source_sample_index"":""7710"",""rx_id"":""rx_cerberus_base"",""num_paths"":""17"",""tau_min"":""1.574846919538686e-08"",""tau_max"":""5.723669715962387e-08"",""delay_spread"":""4.148822796423701e-08"",""path_gain_sum"":""3.615688370928183e-08"",""path_gain_db"":""-74.41809007571236"",""rx_power_dbm"":""-44.41809007571236"",""sanity_ok"":""True"",""xml_path"":""rt_out/experiments/semantic_ablation_actor_200f/sionna_xml/frame_030_sionna.xml""},{""frame_id"":""30"",""source_sample_index"":""7710"",""rx_id"":""rx_nao_chest"",""num_paths"":""24"",""tau_min"":""1.0787783999433032e-08"",""tau_max"":""6.209720737615498e-08"",""delay_spread"":""5.130942337672195e-08"",""path_gain_sum"":""7.24924902328894e-08"",""path_gain_db"":""-71.3970698128202"",""rx_power_dbm"":""-41.397069812820206"",""sanity_ok"":""True"",""xml_path"":""rt_out/experiments/semantic_ablation_actor_200f/sionna_xml/frame_030_sionna.xml""},{""frame_id"":""30"",""source_sample_index"":""7710"",""rx_id"":""rx_human_chest"",""num_paths"":""23"",""tau_min"":""6.163341392806387e-09"",""tau_max"":""6.568895827285814e-08"",""delay_spread"":""5.952561688005176e-08"",""path_gain_sum"":""2.2439070335167344e-07"",""path_gain_db"":""-66.48995140137379"",""rx_power_dbm"":""-36.48995140137379"",""sanity_ok"":""True"",""xml_path"":""rt_out/experiments/semantic_ablation_actor_200f/sionna_xml/frame_030_sionna.xml""},{""frame_id"":""30"",""source_sample_index"":""7710"",""rx_id"":""rx_x500_body"",""num_paths"":""23"",""tau_min"":""1.7234324189985273e-08"",""tau_max"":""7.465505547088469e-08"",""delay_spread"":""5.742073128089942e-08"",""path_gain_sum"":""3.372388945876992e-08"",""path_gain_db"":""-74.72062342912375"",""rx_power_dbm"":""-44.72062342912375"",""sanity_ok"":""True"",""xml_path"":""rt_out/experiments/semantic_ablation_actor_200f/sionna_xml/frame_030_sionna.xml""}]",6,"[{""frame_id"":""30"",""source_sample_index"":""7710"",""rx_id"":""rx_cerberus_base"",""delta_num_paths"":""-1"",""delta_delay_spread"":""0.0"",""delta_rx_power_db"":""-0.006881120081061454"",""y_path_change"":""1"",""y_path_drop"":""1"",""y_rx_power_drop_0p5db"":""0"",""y_rx_power_drop_1db"":""0"",""y_rx_power_drop_2db"":""0"",""y_delay_spread_increase"":""0"",""y_adaptation_trigger_1db"":""0"",""y_adaptation_trigger_2db"":""0""},{""frame_id"":""30"",""source_sample_index"":""7710"",""rx_id"":""rx_human_chest"",""delta_num_paths"":""0"",""delta_delay_spread"":""0.0"",""delta_rx_power_db"":""0.0"",""y_path_change"":""0"",""y_path_drop"":""0"",""y_rx_power_drop_0p5db"":""0"",""y_rx_power_drop_1db"":""0"",""y_rx_power_drop_2db"":""0"",""y_delay_spread_increase"":""0"",""y_adaptation_trigger_1db"":""0"",""y_adaptation_trigger_2db"":""0""},{""frame_id"":""30"",""source_sample_index"":""7710"",""rx_id"":""rx_nao_chest"",""delta_num_paths"":""0"",""delta_delay_spread"":""0.0"",""delta_rx_power_db"":""0.0"",""y_path_change"":""0"",""y_path_drop"":""0"",""y_rx_power_drop_0p5db"":""0"",""y_rx_power_drop_1db"":""0"",""y_rx_power_drop_2db"":""0"",""y_delay_spread_increase"":""0"",""y_adaptation_trigger_1db"":""0"",""y_adaptation_trigger_2db"":""0""},{""frame_id"":""30"",""source_sample_index"":""7710"",""rx_id"":""rx_panda_base"",""delta_num_paths"":""0"",""delta_delay_spread"":""0.0"",""delta_rx_power_db"":""4.1083332291691477e-07"",""y_path_change"":""0"",""y_path_drop"":""0"",""y_rx_power_drop_0p5db"":""0"",""y_rx_power_drop_1db"":""0"",""y_rx_power_drop_2db"":""0"",""y_delay_spread_increase"":""0"",""y_adaptation_trigger_1db"":""0"",""y_adaptation_trigger_2db"":""0""},{""frame_id"":""30"",""source_sample_index"":""7710"",""rx_id"":""rx_ur5_base"",""delta_num_paths"":""1"",""delta_delay_spread"":""0.0"",""delta_rx_power_db"":""0.000309939136819537"",""y_path_change"":""1"",""y_path_drop"":""0"",""y_rx_power_drop_0p5db"":""0"",""y_rx_power_drop_1db"":""0"",""y_rx_power_drop_2db"":""0"",""y_delay_spread_increase"":""0"",""y_adaptation_trigger_1db"":""0"",""y_adaptation_trigger_2db"":""0""},{""frame_id"":""30"",""source_sample_index"":""7710"",""rx_id"":""rx_x500_body"",""delta_num_paths"":""0"",""delta_delay_spread"":""0.0"",""delta_rx_power_db"":""0.0"",""y_path_change"":""0"",""y_path_drop"":""0"",""y_rx_power_drop_0p5db"":""0"",""y_rx_power_drop_1db"":""0"",""y_rx_power_drop_2db"":""0"",""y_delay_spread_increase"":""0"",""y_adaptation_trigger_1db"":""0"",""y_adaptation_trigger_2db"":""0""}]",frame_id,rt_out/experiments/perception_rt_small_v0/frames/instance_registry.json,rt_out/experiments/perception_rt_small_v0/configs/semantic_label_map.json,error,missing required panoptic file: panoptic_labels_rgb_path; missing required panoptic file: semantic_decoded_path; missing required panoptic file: gazebo_instance_count_path; missing optional panoptic file: colored_map_path; missing optional panoptic file: metadata_path
0.1,perception_rt_small_v0,rt_out/experiments/semantic_ablation_actor_200f,3,3,30,30,7710,cam_corner_ne,640,480,1.047,0.1,20.0,4.38989,4.38902,2.76265,-0.018875,0.447306,-2.356294,,,,,,false,false,false,false,false,,false,missing,,,,,,,,6,"rx_panda_base,rx_ur5_base,rx_cerberus_base,rx_nao_chest,rx_human_chest,rx_x500_body",frame_id,"[{""frame_id"":""30"",""source_sample_index"":""7710"",""rx_id"":""rx_panda_base"",""num_paths"":""31"",""tau_min"":""5.357098764591228e-09"",""tau_max"":""6.284866316264015e-08"",""delay_spread"":""5.749156439804892e-08"",""path_gain_sum"":""3.004476809564949e-07"",""path_gain_db"":""-65.22231143794808"",""rx_power_dbm"":""-35.22231143794808"",""sanity_ok"":""True"",""xml_path"":""rt_out/experiments/semantic_ablation_actor_200f/sionna_xml/frame_030_sionna.xml""},{""frame_id"":""30"",""source_sample_index"":""7710"",""rx_id"":""rx_ur5_base"",""num_paths"":""29"",""tau_min"":""5.708055805797585e-09"",""tau_max"":""6.370818539380707e-08"",""delay_spread"":""5.8000129588009486e-08"",""path_gain_sum"":""8.172424941221834e-07"",""path_gain_db"":""-60.876490594613124"",""rx_power_dbm"":""-30.876490594613124"",""sanity_ok"":""True"",""xml_path"":""rt_out/experiments/semantic_ablation_actor_200f/sionna_xml/frame_030_sionna.xml""},{""frame_id"":""30"",""source_sample_index"":""7710"",""rx_id"":""rx_cerberus_base"",""num_paths"":""17"",""tau_min"":""1.574846919538686e-08"",""tau_max"":""5.723669715962387e-08"",""delay_spread"":""4.148822796423701e-08"",""path_gain_sum"":""3.615688370928183e-08"",""path_gain_db"":""-74.41809007571236"",""rx_power_dbm"":""-44.41809007571236"",""sanity_ok"":""True"",""xml_path"":""rt_out/experiments/semantic_ablation_actor_200f/sionna_xml/frame_030_sionna.xml""},{""frame_id"":""30"",""source_sample_index"":""7710"",""rx_id"":""rx_nao_chest"",""num_paths"":""24"",""tau_min"":""1.0787783999433032e-08"",""tau_max"":""6.209720737615498e-08"",""delay_spread"":""5.130942337672195e-08"",""path_gain_sum"":""7.24924902328894e-08"",""path_gain_db"":""-71.3970698128202"",""rx_power_dbm"":""-41.397069812820206"",""sanity_ok"":""True"",""xml_path"":""rt_out/experiments/semantic_ablation_actor_200f/sionna_xml/frame_030_sionna.xml""},{""frame_id"":""30"",""source_sample_index"":""7710"",""rx_id"":""rx_human_chest"",""num_paths"":""23"",""tau_min"":""6.163341392806387e-09"",""tau_max"":""6.568895827285814e-08"",""delay_spread"":""5.952561688005176e-08"",""path_gain_sum"":""2.2439070335167344e-07"",""path_gain_db"":""-66.48995140137379"",""rx_power_dbm"":""-36.48995140137379"",""sanity_ok"":""True"",""xml_path"":""rt_out/experiments/semantic_ablation_actor_200f/sionna_xml/frame_030_sionna.xml""},{""frame_id"":""30"",""source_sample_index"":""7710"",""rx_id"":""rx_x500_body"",""num_paths"":""23"",""tau_min"":""1.7234324189985273e-08"",""tau_max"":""7.465505547088469e-08"",""delay_spread"":""5.742073128089942e-08"",""path_gain_sum"":""3.372388945876992e-08"",""path_gain_db"":""-74.72062342912375"",""rx_power_dbm"":""-44.72062342912375"",""sanity_ok"":""True"",""xml_path"":""rt_out/experiments/semantic_ablation_actor_200f/sionna_xml/frame_030_sionna.xml""}]",6,"[{""frame_id"":""30"",""source_sample_index"":""7710"",""rx_id"":""rx_cerberus_base"",""delta_num_paths"":""-1"",""delta_delay_spread"":""0.0"",""delta_rx_power_db"":""-0.006881120081061454"",""y_path_change"":""1"",""y_path_drop"":""1"",""y_rx_power_drop_0p5db"":""0"",""y_rx_power_drop_1db"":""0"",""y_rx_power_drop_2db"":""0"",""y_delay_spread_increase"":""0"",""y_adaptation_trigger_1db"":""0"",""y_adaptation_trigger_2db"":""0""},{""frame_id"":""30"",""source_sample_index"":""7710"",""rx_id"":""rx_human_chest"",""delta_num_paths"":""0"",""delta_delay_spread"":""0.0"",""delta_rx_power_db"":""0.0"",""y_path_change"":""0"",""y_path_drop"":""0"",""y_rx_power_drop_0p5db"":""0"",""y_rx_power_drop_1db"":""0"",""y_rx_power_drop_2db"":""0"",""y_delay_spread_increase"":""0"",""y_adaptation_trigger_1db"":""0"",""y_adaptation_trigger_2db"":""0""},{""frame_id"":""30"",""source_sample_index"":""7710"",""rx_id"":""rx_nao_chest"",""delta_num_paths"":""0"",""delta_delay_spread"":""0.0"",""delta_rx_power_db"":""0.0"",""y_path_change"":""0"",""y_path_drop"":""0"",""y_rx_power_drop_0p5db"":""0"",""y_rx_power_drop_1db"":""0"",""y_rx_power_drop_2db"":""0"",""y_delay_spread_increase"":""0"",""y_adaptation_trigger_1db"":""0"",""y_adaptation_trigger_2db"":""0""},{""frame_id"":""30"",""source_sample_index"":""7710"",""rx_id"":""rx_panda_base"",""delta_num_paths"":""0"",""delta_delay_spread"":""0.0"",""delta_rx_power_db"":""4.1083332291691477e-07"",""y_path_change"":""0"",""y_path_drop"":""0"",""y_rx_power_drop_0p5db"":""0"",""y_rx_power_drop_1db"":""0"",""y_rx_power_drop_2db"":""0"",""y_delay_spread_increase"":""0"",""y_adaptation_trigger_1db"":""0"",""y_adaptation_trigger_2db"":""0""},{""frame_id"":""30"",""source_sample_index"":""7710"",""rx_id"":""rx_ur5_base"",""delta_num_paths"":""1"",""delta_delay_spread"":""0.0"",""delta_rx_power_db"":""0.000309939136819537"",""y_path_change"":""1"",""y_path_drop"":""0"",""y_rx_power_drop_0p5db"":""0"",""y_rx_power_drop_1db"":""0"",""y_rx_power_drop_2db"":""0"",""y_delay_spread_increase"":""0"",""y_adaptation_trigger_1db"":""0"",""y_adaptation_trigger_2db"":""0""},{""frame_id"":""30"",""source_sample_index"":""7710"",""rx_id"":""rx_x500_body"",""delta_num_paths"":""0"",""delta_delay_spread"":""0.0"",""delta_rx_power_db"":""0.0"",""y_path_change"":""0"",""y_path_drop"":""0"",""y_rx_power_drop_0p5db"":""0"",""y_rx_power_drop_1db"":""0"",""y_rx_power_drop_2db"":""0"",""y_delay_spread_increase"":""0"",""y_adaptation_trigger_1db"":""0"",""y_adaptation_trigger_2db"":""0""}]",frame_id,rt_out/experiments/perception_rt_small_v0/frames/instance_registry.json,rt_out/experiments/perception_rt_small_v0/configs/semantic_label_map.json,error,missing required panoptic file: panoptic_labels_rgb_path; missing required panoptic file: semantic_decoded_path; missing required panoptic file: gazebo_instance_count_path; missing optional panoptic file: colored_map_path; missing optional panoptic file: metadata_path
0.1,perception_rt_small_v0,rt_out/experiments/semantic_ablation_actor_200f,3,3,30,30,7710,cam_corner_sw,640,480,1.047,0.1,20.0,-4.2766,-4.27322,2.72007,-0.014193,0.518246,0.774445,,,,,,false,false,false,false,false,,false,missing,,,,,,,,6,"rx_panda_base,rx_ur5_base,rx_cerberus_base,rx_nao_chest,rx_human_chest,rx_x500_body",frame_id,"[{""frame_id"":""30"",""source_sample_index"":""7710"",""rx_id"":""rx_panda_base"",""num_paths"":""31"",""tau_min"":""5.357098764591228e-09"",""tau_max"":""6.284866316264015e-08"",""delay_spread"":""5.749156439804892e-08"",""path_gain_sum"":""3.004476809564949e-07"",""path_gain_db"":""-65.22231143794808"",""rx_power_dbm"":""-35.22231143794808"",""sanity_ok"":""True"",""xml_path"":""rt_out/experiments/semantic_ablation_actor_200f/sionna_xml/frame_030_sionna.xml""},{""frame_id"":""30"",""source_sample_index"":""7710"",""rx_id"":""rx_ur5_base"",""num_paths"":""29"",""tau_min"":""5.708055805797585e-09"",""tau_max"":""6.370818539380707e-08"",""delay_spread"":""5.8000129588009486e-08"",""path_gain_sum"":""8.172424941221834e-07"",""path_gain_db"":""-60.876490594613124"",""rx_power_dbm"":""-30.876490594613124"",""sanity_ok"":""True"",""xml_path"":""rt_out/experiments/semantic_ablation_actor_200f/sionna_xml/frame_030_sionna.xml""},{""frame_id"":""30"",""source_sample_index"":""7710"",""rx_id"":""rx_cerberus_base"",""num_paths"":""17"",""tau_min"":""1.574846919538686e-08"",""tau_max"":""5.723669715962387e-08"",""delay_spread"":""4.148822796423701e-08"",""path_gain_sum"":""3.615688370928183e-08"",""path_gain_db"":""-74.41809007571236"",""rx_power_dbm"":""-44.41809007571236"",""sanity_ok"":""True"",""xml_path"":""rt_out/experiments/semantic_ablation_actor_200f/sionna_xml/frame_030_sionna.xml""},{""frame_id"":""30"",""source_sample_index"":""7710"",""rx_id"":""rx_nao_chest"",""num_paths"":""24"",""tau_min"":""1.0787783999433032e-08"",""tau_max"":""6.209720737615498e-08"",""delay_spread"":""5.130942337672195e-08"",""path_gain_sum"":""7.24924902328894e-08"",""path_gain_db"":""-71.3970698128202"",""rx_power_dbm"":""-41.397069812820206"",""sanity_ok"":""True"",""xml_path"":""rt_out/experiments/semantic_ablation_actor_200f/sionna_xml/frame_030_sionna.xml""},{""frame_id"":""30"",""source_sample_index"":""7710"",""rx_id"":""rx_human_chest"",""num_paths"":""23"",""tau_min"":""6.163341392806387e-09"",""tau_max"":""6.568895827285814e-08"",""delay_spread"":""5.952561688005176e-08"",""path_gain_sum"":""2.2439070335167344e-07"",""path_gain_db"":""-66.48995140137379"",""rx_power_dbm"":""-36.48995140137379"",""sanity_ok"":""True"",""xml_path"":""rt_out/experiments/semantic_ablation_actor_200f/sionna_xml/frame_030_sionna.xml""},{""frame_id"":""30"",""source_sample_index"":""7710"",""rx_id"":""rx_x500_body"",""num_paths"":""23"",""tau_min"":""1.7234324189985273e-08"",""tau_max"":""7.465505547088469e-08"",""delay_spread"":""5.742073128089942e-08"",""path_gain_sum"":""3.372388945876992e-08"",""path_gain_db"":""-74.72062342912375"",""rx_power_dbm"":""-44.72062342912375"",""sanity_ok"":""True"",""xml_path"":""rt_out/experiments/semantic_ablation_actor_200f/sionna_xml/frame_030_sionna.xml""}]",6,"[{""frame_id"":""30"",""source_sample_index"":""7710"",""rx_id"":""rx_cerberus_base"",""delta_num_paths"":""-1"",""delta_delay_spread"":""0.0"",""delta_rx_power_db"":""-0.006881120081061454"",""y_path_change"":""1"",""y_path_drop"":""1"",""y_rx_power_drop_0p5db"":""0"",""y_rx_power_drop_1db"":""0"",""y_rx_power_drop_2db"":""0"",""y_delay_spread_increase"":""0"",""y_adaptation_trigger_1db"":""0"",""y_adaptation_trigger_2db"":""0""},{""frame_id"":""30"",""source_sample_index"":""7710"",""rx_id"":""rx_human_chest"",""delta_num_paths"":""0"",""delta_delay_spread"":""0.0"",""delta_rx_power_db"":""0.0"",""y_path_change"":""0"",""y_path_drop"":""0"",""y_rx_power_drop_0p5db"":""0"",""y_rx_power_drop_1db"":""0"",""y_rx_power_drop_2db"":""0"",""y_delay_spread_increase"":""0"",""y_adaptation_trigger_1db"":""0"",""y_adaptation_trigger_2db"":""0""},{""frame_id"":""30"",""source_sample_index"":""7710"",""rx_id"":""rx_nao_chest"",""delta_num_paths"":""0"",""delta_delay_spread"":""0.0"",""delta_rx_power_db"":""0.0"",""y_path_change"":""0"",""y_path_drop"":""0"",""y_rx_power_drop_0p5db"":""0"",""y_rx_power_drop_1db"":""0"",""y_rx_power_drop_2db"":""0"",""y_delay_spread_increase"":""0"",""y_adaptation_trigger_1db"":""0"",""y_adaptation_trigger_2db"":""0""},{""frame_id"":""30"",""source_sample_index"":""7710"",""rx_id"":""rx_panda_base"",""delta_num_paths"":""0"",""delta_delay_spread"":""0.0"",""delta_rx_power_db"":""4.1083332291691477e-07"",""y_path_change"":""0"",""y_path_drop"":""0"",""y_rx_power_drop_0p5db"":""0"",""y_rx_power_drop_1db"":""0"",""y_rx_power_drop_2db"":""0"",""y_delay_spread_increase"":""0"",""y_adaptation_trigger_1db"":""0"",""y_adaptation_trigger_2db"":""0""},{""frame_id"":""30"",""source_sample_index"":""7710"",""rx_id"":""rx_ur5_base"",""delta_num_paths"":""1"",""delta_delay_spread"":""0.0"",""delta_rx_power_db"":""0.000309939136819537"",""y_path_change"":""1"",""y_path_drop"":""0"",""y_rx_power_drop_0p5db"":""0"",""y_rx_power_drop_1db"":""0"",""y_rx_power_drop_2db"":""0"",""y_delay_spread_increase"":""0"",""y_adaptation_trigger_1db"":""0"",""y_adaptation_trigger_2db"":""0""},{""frame_id"":""30"",""source_sample_index"":""7710"",""rx_id"":""rx_x500_body"",""delta_num_paths"":""0"",""delta_delay_spread"":""0.0"",""delta_rx_power_db"":""0.0"",""y_path_change"":""0"",""y_path_drop"":""0"",""y_rx_power_drop_0p5db"":""0"",""y_rx_power_drop_1db"":""0"",""y_rx_power_drop_2db"":""0"",""y_delay_spread_increase"":""0"",""y_adaptation_trigger_1db"":""0"",""y_adaptation_trigger_2db"":""0""}]",frame_id,rt_out/experiments/perception_rt_small_v0/frames/instance_registry.json,rt_out/experiments/perception_rt_small_v0/configs/semantic_label_map.json,error,missing required panoptic file: panoptic_labels_rgb_path; missing required panoptic file: semantic_decoded_path; missing required panoptic file: gazebo_instance_count_path; missing optional panoptic file: colored_map_path; missing optional panoptic file: metadata_path
0.1,perception_rt_small_v0,rt_out/experiments/semantic_ablation_actor_200f,3,3,30,30,7710,cam_corner_se,640,480,1.047,0.1,20.0,4.44776,-4.40805,2.80523,-0.023556,0.376367,2.408296,,,,,,false,false,false,false,false,,false,missing,,,,,,,,6,"rx_panda_base,rx_ur5_base,rx_cerberus_base,rx_nao_chest,rx_human_chest,rx_x500_body",frame_id,"[{""frame_id"":""30"",""source_sample_index"":""7710"",""rx_id"":""rx_panda_base"",""num_paths"":""31"",""tau_min"":""5.357098764591228e-09"",""tau_max"":""6.284866316264015e-08"",""delay_spread"":""5.749156439804892e-08"",""path_gain_sum"":""3.004476809564949e-07"",""path_gain_db"":""-65.22231143794808"",""rx_power_dbm"":""-35.22231143794808"",""sanity_ok"":""True"",""xml_path"":""rt_out/experiments/semantic_ablation_actor_200f/sionna_xml/frame_030_sionna.xml""},{""frame_id"":""30"",""source_sample_index"":""7710"",""rx_id"":""rx_ur5_base"",""num_paths"":""29"",""tau_min"":""5.708055805797585e-09"",""tau_max"":""6.370818539380707e-08"",""delay_spread"":""5.8000129588009486e-08"",""path_gain_sum"":""8.172424941221834e-07"",""path_gain_db"":""-60.876490594613124"",""rx_power_dbm"":""-30.876490594613124"",""sanity_ok"":""True"",""xml_path"":""rt_out/experiments/semantic_ablation_actor_200f/sionna_xml/frame_030_sionna.xml""},{""frame_id"":""30"",""source_sample_index"":""7710"",""rx_id"":""rx_cerberus_base"",""num_paths"":""17"",""tau_min"":""1.574846919538686e-08"",""tau_max"":""5.723669715962387e-08"",""delay_spread"":""4.148822796423701e-08"",""path_gain_sum"":""3.615688370928183e-08"",""path_gain_db"":""-74.41809007571236"",""rx_power_dbm"":""-44.41809007571236"",""sanity_ok"":""True"",""xml_path"":""rt_out/experiments/semantic_ablation_actor_200f/sionna_xml/frame_030_sionna.xml""},{""frame_id"":""30"",""source_sample_index"":""7710"",""rx_id"":""rx_nao_chest"",""num_paths"":""24"",""tau_min"":""1.0787783999433032e-08"",""tau_max"":""6.209720737615498e-08"",""delay_spread"":""5.130942337672195e-08"",""path_gain_sum"":""7.24924902328894e-08"",""path_gain_db"":""-71.3970698128202"",""rx_power_dbm"":""-41.397069812820206"",""sanity_ok"":""True"",""xml_path"":""rt_out/experiments/semantic_ablation_actor_200f/sionna_xml/frame_030_sionna.xml""},{""frame_id"":""30"",""source_sample_index"":""7710"",""rx_id"":""rx_human_chest"",""num_paths"":""23"",""tau_min"":""6.163341392806387e-09"",""tau_max"":""6.568895827285814e-08"",""delay_spread"":""5.952561688005176e-08"",""path_gain_sum"":""2.2439070335167344e-07"",""path_gain_db"":""-66.48995140137379"",""rx_power_dbm"":""-36.48995140137379"",""sanity_ok"":""True"",""xml_path"":""rt_out/experiments/semantic_ablation_actor_200f/sionna_xml/frame_030_sionna.xml""},{""frame_id"":""30"",""source_sample_index"":""7710"",""rx_id"":""rx_x500_body"",""num_paths"":""23"",""tau_min"":""1.7234324189985273e-08"",""tau_max"":""7.465505547088469e-08"",""delay_spread"":""5.742073128089942e-08"",""path_gain_sum"":""3.372388945876992e-08"",""path_gain_db"":""-74.72062342912375"",""rx_power_dbm"":""-44.72062342912375"",""sanity_ok"":""True"",""xml_path"":""rt_out/experiments/semantic_ablation_actor_200f/sionna_xml/frame_030_sionna.xml""}]",6,"[{""frame_id"":""30"",""source_sample_index"":""7710"",""rx_id"":""rx_cerberus_base"",""delta_num_paths"":""-1"",""delta_delay_spread"":""0.0"",""delta_rx_power_db"":""-0.006881120081061454"",""y_path_change"":""1"",""y_path_drop"":""1"",""y_rx_power_drop_0p5db"":""0"",""y_rx_power_drop_1db"":""0"",""y_rx_power_drop_2db"":""0"",""y_delay_spread_increase"":""0"",""y_adaptation_trigger_1db"":""0"",""y_adaptation_trigger_2db"":""0""},{""frame_id"":""30"",""source_sample_index"":""7710"",""rx_id"":""rx_human_chest"",""delta_num_paths"":""0"",""delta_delay_spread"":""0.0"",""delta_rx_power_db"":""0.0"",""y_path_change"":""0"",""y_path_drop"":""0"",""y_rx_power_drop_0p5db"":""0"",""y_rx_power_drop_1db"":""0"",""y_rx_power_drop_2db"":""0"",""y_delay_spread_increase"":""0"",""y_adaptation_trigger_1db"":""0"",""y_adaptation_trigger_2db"":""0""},{""frame_id"":""30"",""source_sample_index"":""7710"",""rx_id"":""rx_nao_chest"",""delta_num_paths"":""0"",""delta_delay_spread"":""0.0"",""delta_rx_power_db"":""0.0"",""y_path_change"":""0"",""y_path_drop"":""0"",""y_rx_power_drop_0p5db"":""0"",""y_rx_power_drop_1db"":""0"",""y_rx_power_drop_2db"":""0"",""y_delay_spread_increase"":""0"",""y_adaptation_trigger_1db"":""0"",""y_adaptation_trigger_2db"":""0""},{""frame_id"":""30"",""source_sample_index"":""7710"",""rx_id"":""rx_panda_base"",""delta_num_paths"":""0"",""delta_delay_spread"":""0.0"",""delta_rx_power_db"":""4.1083332291691477e-07"",""y_path_change"":""0"",""y_path_drop"":""0"",""y_rx_power_drop_0p5db"":""0"",""y_rx_power_drop_1db"":""0"",""y_rx_power_drop_2db"":""0"",""y_delay_spread_increase"":""0"",""y_adaptation_trigger_1db"":""0"",""y_adaptation_trigger_2db"":""0""},{""frame_id"":""30"",""source_sample_index"":""7710"",""rx_id"":""rx_ur5_base"",""delta_num_paths"":""1"",""delta_delay_spread"":""0.0"",""delta_rx_power_db"":""0.000309939136819537"",""y_path_change"":""1"",""y_path_drop"":""0"",""y_rx_power_drop_0p5db"":""0"",""y_rx_power_drop_1db"":""0"",""y_rx_power_drop_2db"":""0"",""y_delay_spread_increase"":""0"",""y_adaptation_trigger_1db"":""0"",""y_adaptation_trigger_2db"":""0""},{""frame_id"":""30"",""source_sample_index"":""7710"",""rx_id"":""rx_x500_body"",""delta_num_paths"":""0"",""delta_delay_spread"":""0.0"",""delta_rx_power_db"":""0.0"",""y_path_change"":""0"",""y_path_drop"":""0"",""y_rx_power_drop_0p5db"":""0"",""y_rx_power_drop_1db"":""0"",""y_rx_power_drop_2db"":""0"",""y_delay_spread_increase"":""0"",""y_adaptation_trigger_1db"":""0"",""y_adaptation_trigger_2db"":""0""}]",frame_id,rt_out/experiments/perception_rt_small_v0/frames/instance_registry.json,rt_out/experiments/perception_rt_small_v0/configs/semantic_label_map.json,error,missing required panoptic file: panoptic_labels_rgb_path; missing required panoptic file: semantic_decoded_path; missing required panoptic file: gazebo_instance_count_path; missing optional panoptic file: colored_map_path; missing optional panoptic file: metadata_path
0.1,perception_rt_small_v0,rt_out/experiments/semantic_ablation_actor_200f,3,3,30,30,7710,cam_wall_north,640,480,1.047,0.1,20.0,0.221087,4.38902,2.71504,-0.0,0.562591,-1.5708,,,,,,false,false,false,false,false,,false,missing,,,,,,,,6,"rx_panda_base,rx_ur5_base,rx_cerberus_base,rx_nao_chest,rx_human_chest,rx_x500_body",frame_id,"[{""frame_id"":""30"",""source_sample_index"":""7710"",""rx_id"":""rx_panda_base"",""num_paths"":""31"",""tau_min"":""5.357098764591228e-09"",""tau_max"":""6.284866316264015e-08"",""delay_spread"":""5.749156439804892e-08"",""path_gain_sum"":""3.004476809564949e-07"",""path_gain_db"":""-65.22231143794808"",""rx_power_dbm"":""-35.22231143794808"",""sanity_ok"":""True"",""xml_path"":""rt_out/experiments/semantic_ablation_actor_200f/sionna_xml/frame_030_sionna.xml""},{""frame_id"":""30"",""source_sample_index"":""7710"",""rx_id"":""rx_ur5_base"",""num_paths"":""29"",""tau_min"":""5.708055805797585e-09"",""tau_max"":""6.370818539380707e-08"",""delay_spread"":""5.8000129588009486e-08"",""path_gain_sum"":""8.172424941221834e-07"",""path_gain_db"":""-60.876490594613124"",""rx_power_dbm"":""-30.876490594613124"",""sanity_ok"":""True"",""xml_path"":""rt_out/experiments/semantic_ablation_actor_200f/sionna_xml/frame_030_sionna.xml""},{""frame_id"":""30"",""source_sample_index"":""7710"",""rx_id"":""rx_cerberus_base"",""num_paths"":""17"",""tau_min"":""1.574846919538686e-08"",""tau_max"":""5.723669715962387e-08"",""delay_spread"":""4.148822796423701e-08"",""path_gain_sum"":""3.615688370928183e-08"",""path_gain_db"":""-74.41809007571236"",""rx_power_dbm"":""-44.41809007571236"",""sanity_ok"":""True"",""xml_path"":""rt_out/experiments/semantic_ablation_actor_200f/sionna_xml/frame_030_sionna.xml""},{""frame_id"":""30"",""source_sample_index"":""7710"",""rx_id"":""rx_nao_chest"",""num_paths"":""24"",""tau_min"":""1.0787783999433032e-08"",""tau_max"":""6.209720737615498e-08"",""delay_spread"":""5.130942337672195e-08"",""path_gain_sum"":""7.24924902328894e-08"",""path_gain_db"":""-71.3970698128202"",""rx_power_dbm"":""-41.397069812820206"",""sanity_ok"":""True"",""xml_path"":""rt_out/experiments/semantic_ablation_actor_200f/sionna_xml/frame_030_sionna.xml""},{""frame_id"":""30"",""source_sample_index"":""7710"",""rx_id"":""rx_human_chest"",""num_paths"":""23"",""tau_min"":""6.163341392806387e-09"",""tau_max"":""6.568895827285814e-08"",""delay_spread"":""5.952561688005176e-08"",""path_gain_sum"":""2.2439070335167344e-07"",""path_gain_db"":""-66.48995140137379"",""rx_power_dbm"":""-36.48995140137379"",""sanity_ok"":""True"",""xml_path"":""rt_out/experiments/semantic_ablation_actor_200f/sionna_xml/frame_030_sionna.xml""},{""frame_id"":""30"",""source_sample_index"":""7710"",""rx_id"":""rx_x500_body"",""num_paths"":""23"",""tau_min"":""1.7234324189985273e-08"",""tau_max"":""7.465505547088469e-08"",""delay_spread"":""5.742073128089942e-08"",""path_gain_sum"":""3.372388945876992e-08"",""path_gain_db"":""-74.72062342912375"",""rx_power_dbm"":""-44.72062342912375"",""sanity_ok"":""True"",""xml_path"":""rt_out/experiments/semantic_ablation_actor_200f/sionna_xml/frame_030_sionna.xml""}]",6,"[{""frame_id"":""30"",""source_sample_index"":""7710"",""rx_id"":""rx_cerberus_base"",""delta_num_paths"":""-1"",""delta_delay_spread"":""0.0"",""delta_rx_power_db"":""-0.006881120081061454"",""y_path_change"":""1"",""y_path_drop"":""1"",""y_rx_power_drop_0p5db"":""0"",""y_rx_power_drop_1db"":""0"",""y_rx_power_drop_2db"":""0"",""y_delay_spread_increase"":""0"",""y_adaptation_trigger_1db"":""0"",""y_adaptation_trigger_2db"":""0""},{""frame_id"":""30"",""source_sample_index"":""7710"",""rx_id"":""rx_human_chest"",""delta_num_paths"":""0"",""delta_delay_spread"":""0.0"",""delta_rx_power_db"":""0.0"",""y_path_change"":""0"",""y_path_drop"":""0"",""y_rx_power_drop_0p5db"":""0"",""y_rx_power_drop_1db"":""0"",""y_rx_power_drop_2db"":""0"",""y_delay_spread_increase"":""0"",""y_adaptation_trigger_1db"":""0"",""y_adaptation_trigger_2db"":""0""},{""frame_id"":""30"",""source_sample_index"":""7710"",""rx_id"":""rx_nao_chest"",""delta_num_paths"":""0"",""delta_delay_spread"":""0.0"",""delta_rx_power_db"":""0.0"",""y_path_change"":""0"",""y_path_drop"":""0"",""y_rx_power_drop_0p5db"":""0"",""y_rx_power_drop_1db"":""0"",""y_rx_power_drop_2db"":""0"",""y_delay_spread_increase"":""0"",""y_adaptation_trigger_1db"":""0"",""y_adaptation_trigger_2db"":""0""},{""frame_id"":""30"",""source_sample_index"":""7710"",""rx_id"":""rx_panda_base"",""delta_num_paths"":""0"",""delta_delay_spread"":""0.0"",""delta_rx_power_db"":""4.1083332291691477e-07"",""y_path_change"":""0"",""y_path_drop"":""0"",""y_rx_power_drop_0p5db"":""0"",""y_rx_power_drop_1db"":""0"",""y_rx_power_drop_2db"":""0"",""y_delay_spread_increase"":""0"",""y_adaptation_trigger_1db"":""0"",""y_adaptation_trigger_2db"":""0""},{""frame_id"":""30"",""source_sample_index"":""7710"",""rx_id"":""rx_ur5_base"",""delta_num_paths"":""1"",""delta_delay_spread"":""0.0"",""delta_rx_power_db"":""0.000309939136819537"",""y_path_change"":""1"",""y_path_drop"":""0"",""y_rx_power_drop_0p5db"":""0"",""y_rx_power_drop_1db"":""0"",""y_rx_power_drop_2db"":""0"",""y_delay_spread_increase"":""0"",""y_adaptation_trigger_1db"":""0"",""y_adaptation_trigger_2db"":""0""},{""frame_id"":""30"",""source_sample_index"":""7710"",""rx_id"":""rx_x500_body"",""delta_num_paths"":""0"",""delta_delay_spread"":""0.0"",""delta_rx_power_db"":""0.0"",""y_path_change"":""0"",""y_path_drop"":""0"",""y_rx_power_drop_0p5db"":""0"",""y_rx_power_drop_1db"":""0"",""y_rx_power_drop_2db"":""0"",""y_delay_spread_increase"":""0"",""y_adaptation_trigger_1db"":""0"",""y_adaptation_trigger_2db"":""0""}]",frame_id,rt_out/experiments/perception_rt_small_v0/frames/instance_registry.json,rt_out/experiments/perception_rt_small_v0/configs/semantic_label_map.json,error,missing required panoptic file: panoptic_labels_rgb_path; missing required panoptic file: semantic_decoded_path; missing required panoptic file: gazebo_instance_count_path; missing optional panoptic file: colored_map_path; missing optional panoptic file: metadata_path
0.1,perception_rt_small_v0,rt_out/experiments/semantic_ablation_actor_200f,3,3,30,30,7710,cam_wall_south,640,480,1.047,0.1,20.0,0.221056,-4.22159,2.7964,0.000426,0.271157,1.577903,,,,,,false,false,false,false,false,,false,missing,,,,,,,,6,"rx_panda_base,rx_ur5_base,rx_cerberus_base,rx_nao_chest,rx_human_chest,rx_x500_body",frame_id,"[{""frame_id"":""30"",""source_sample_index"":""7710"",""rx_id"":""rx_panda_base"",""num_paths"":""31"",""tau_min"":""5.357098764591228e-09"",""tau_max"":""6.284866316264015e-08"",""delay_spread"":""5.749156439804892e-08"",""path_gain_sum"":""3.004476809564949e-07"",""path_gain_db"":""-65.22231143794808"",""rx_power_dbm"":""-35.22231143794808"",""sanity_ok"":""True"",""xml_path"":""rt_out/experiments/semantic_ablation_actor_200f/sionna_xml/frame_030_sionna.xml""},{""frame_id"":""30"",""source_sample_index"":""7710"",""rx_id"":""rx_ur5_base"",""num_paths"":""29"",""tau_min"":""5.708055805797585e-09"",""tau_max"":""6.370818539380707e-08"",""delay_spread"":""5.8000129588009486e-08"",""path_gain_sum"":""8.172424941221834e-07"",""path_gain_db"":""-60.876490594613124"",""rx_power_dbm"":""-30.876490594613124"",""sanity_ok"":""True"",""xml_path"":""rt_out/experiments/semantic_ablation_actor_200f/sionna_xml/frame_030_sionna.xml""},{""frame_id"":""30"",""source_sample_index"":""7710"",""rx_id"":""rx_cerberus_base"",""num_paths"":""17"",""tau_min"":""1.574846919538686e-08"",""tau_max"":""5.723669715962387e-08"",""delay_spread"":""4.148822796423701e-08"",""path_gain_sum"":""3.615688370928183e-08"",""path_gain_db"":""-74.41809007571236"",""rx_power_dbm"":""-44.41809007571236"",""sanity_ok"":""True"",""xml_path"":""rt_out/experiments/semantic_ablation_actor_200f/sionna_xml/frame_030_sionna.xml""},{""frame_id"":""30"",""source_sample_index"":""7710"",""rx_id"":""rx_nao_chest"",""num_paths"":""24"",""tau_min"":""1.0787783999433032e-08"",""tau_max"":""6.209720737615498e-08"",""delay_spread"":""5.130942337672195e-08"",""path_gain_sum"":""7.24924902328894e-08"",""path_gain_db"":""-71.3970698128202"",""rx_power_dbm"":""-41.397069812820206"",""sanity_ok"":""True"",""xml_path"":""rt_out/experiments/semantic_ablation_actor_200f/sionna_xml/frame_030_sionna.xml""},{""frame_id"":""30"",""source_sample_index"":""7710"",""rx_id"":""rx_human_chest"",""num_paths"":""23"",""tau_min"":""6.163341392806387e-09"",""tau_max"":""6.568895827285814e-08"",""delay_spread"":""5.952561688005176e-08"",""path_gain_sum"":""2.2439070335167344e-07"",""path_gain_db"":""-66.48995140137379"",""rx_power_dbm"":""-36.48995140137379"",""sanity_ok"":""True"",""xml_path"":""rt_out/experiments/semantic_ablation_actor_200f/sionna_xml/frame_030_sionna.xml""},{""frame_id"":""30"",""source_sample_index"":""7710"",""rx_id"":""rx_x500_body"",""num_paths"":""23"",""tau_min"":""1.7234324189985273e-08"",""tau_max"":""7.465505547088469e-08"",""delay_spread"":""5.742073128089942e-08"",""path_gain_sum"":""3.372388945876992e-08"",""path_gain_db"":""-74.72062342912375"",""rx_power_dbm"":""-44.72062342912375"",""sanity_ok"":""True"",""xml_path"":""rt_out/experiments/semantic_ablation_actor_200f/sionna_xml/frame_030_sionna.xml""}]",6,"[{""frame_id"":""30"",""source_sample_index"":""7710"",""rx_id"":""rx_cerberus_base"",""delta_num_paths"":""-1"",""delta_delay_spread"":""0.0"",""delta_rx_power_db"":""-0.006881120081061454"",""y_path_change"":""1"",""y_path_drop"":""1"",""y_rx_power_drop_0p5db"":""0"",""y_rx_power_drop_1db"":""0"",""y_rx_power_drop_2db"":""0"",""y_delay_spread_increase"":""0"",""y_adaptation_trigger_1db"":""0"",""y_adaptation_trigger_2db"":""0""},{""frame_id"":""30"",""source_sample_index"":""7710"",""rx_id"":""rx_human_chest"",""delta_num_paths"":""0"",""delta_delay_spread"":""0.0"",""delta_rx_power_db"":""0.0"",""y_path_change"":""0"",""y_path_drop"":""0"",""y_rx_power_drop_0p5db"":""0"",""y_rx_power_drop_1db"":""0"",""y_rx_power_drop_2db"":""0"",""y_delay_spread_increase"":""0"",""y_adaptation_trigger_1db"":""0"",""y_adaptation_trigger_2db"":""0""},{""frame_id"":""30"",""source_sample_index"":""7710"",""rx_id"":""rx_nao_chest"",""delta_num_paths"":""0"",""delta_delay_spread"":""0.0"",""delta_rx_power_db"":""0.0"",""y_path_change"":""0"",""y_path_drop"":""0"",""y_rx_power_drop_0p5db"":""0"",""y_rx_power_drop_1db"":""0"",""y_rx_power_drop_2db"":""0"",""y_delay_spread_increase"":""0"",""y_adaptation_trigger_1db"":""0"",""y_adaptation_trigger_2db"":""0""},{""frame_id"":""30"",""source_sample_index"":""7710"",""rx_id"":""rx_panda_base"",""delta_num_paths"":""0"",""delta_delay_spread"":""0.0"",""delta_rx_power_db"":""4.1083332291691477e-07"",""y_path_change"":""0"",""y_path_drop"":""0"",""y_rx_power_drop_0p5db"":""0"",""y_rx_power_drop_1db"":""0"",""y_rx_power_drop_2db"":""0"",""y_delay_spread_increase"":""0"",""y_adaptation_trigger_1db"":""0"",""y_adaptation_trigger_2db"":""0""},{""frame_id"":""30"",""source_sample_index"":""7710"",""rx_id"":""rx_ur5_base"",""delta_num_paths"":""1"",""delta_delay_spread"":""0.0"",""delta_rx_power_db"":""0.000309939136819537"",""y_path_change"":""1"",""y_path_drop"":""0"",""y_rx_power_drop_0p5db"":""0"",""y_rx_power_drop_1db"":""0"",""y_rx_power_drop_2db"":""0"",""y_delay_spread_increase"":""0"",""y_adaptation_trigger_1db"":""0"",""y_adaptation_trigger_2db"":""0""},{""frame_id"":""30"",""source_sample_index"":""7710"",""rx_id"":""rx_x500_body"",""delta_num_paths"":""0"",""delta_delay_spread"":""0.0"",""delta_rx_power_db"":""0.0"",""y_path_change"":""0"",""y_path_drop"":""0"",""y_rx_power_drop_0p5db"":""0"",""y_rx_power_drop_1db"":""0"",""y_rx_power_drop_2db"":""0"",""y_delay_spread_increase"":""0"",""y_adaptation_trigger_1db"":""0"",""y_adaptation_trigger_2db"":""0""}]",frame_id,rt_out/experiments/perception_rt_small_v0/frames/instance_registry.json,rt_out/experiments/perception_rt_small_v0/configs/semantic_label_map.json,error,missing required panoptic file: panoptic_labels_rgb_path; missing required panoptic file: semantic_decoded_path; missing required panoptic file: gazebo_instance_count_path; missing optional panoptic file: colored_map_path; missing optional panoptic file: metadata_path
0.1,perception_rt_small_v0,rt_out/experiments/semantic_ablation_actor_200f,3,3,30,30,7710,cam_wall_east,640,480,1.047,0.1,20.0,4.38989,-0.157588,2.81304,-0.047579,0.393096,3.098594,,,,,,false,false,false,false,false,,false,missing,,,,,,,,6,"rx_panda_base,rx_ur5_base,rx_cerberus_base,rx_nao_chest,rx_human_chest,rx_x500_body",frame_id,"[{""frame_id"":""30"",""source_sample_index"":""7710"",""rx_id"":""rx_panda_base"",""num_paths"":""31"",""tau_min"":""5.357098764591228e-09"",""tau_max"":""6.284866316264015e-08"",""delay_spread"":""5.749156439804892e-08"",""path_gain_sum"":""3.004476809564949e-07"",""path_gain_db"":""-65.22231143794808"",""rx_power_dbm"":""-35.22231143794808"",""sanity_ok"":""True"",""xml_path"":""rt_out/experiments/semantic_ablation_actor_200f/sionna_xml/frame_030_sionna.xml""},{""frame_id"":""30"",""source_sample_index"":""7710"",""rx_id"":""rx_ur5_base"",""num_paths"":""29"",""tau_min"":""5.708055805797585e-09"",""tau_max"":""6.370818539380707e-08"",""delay_spread"":""5.8000129588009486e-08"",""path_gain_sum"":""8.172424941221834e-07"",""path_gain_db"":""-60.876490594613124"",""rx_power_dbm"":""-30.876490594613124"",""sanity_ok"":""True"",""xml_path"":""rt_out/experiments/semantic_ablation_actor_200f/sionna_xml/frame_030_sionna.xml""},{""frame_id"":""30"",""source_sample_index"":""7710"",""rx_id"":""rx_cerberus_base"",""num_paths"":""17"",""tau_min"":""1.574846919538686e-08"",""tau_max"":""5.723669715962387e-08"",""delay_spread"":""4.148822796423701e-08"",""path_gain_sum"":""3.615688370928183e-08"",""path_gain_db"":""-74.41809007571236"",""rx_power_dbm"":""-44.41809007571236"",""sanity_ok"":""True"",""xml_path"":""rt_out/experiments/semantic_ablation_actor_200f/sionna_xml/frame_030_sionna.xml""},{""frame_id"":""30"",""source_sample_index"":""7710"",""rx_id"":""rx_nao_chest"",""num_paths"":""24"",""tau_min"":""1.0787783999433032e-08"",""tau_max"":""6.209720737615498e-08"",""delay_spread"":""5.130942337672195e-08"",""path_gain_sum"":""7.24924902328894e-08"",""path_gain_db"":""-71.3970698128202"",""rx_power_dbm"":""-41.397069812820206"",""sanity_ok"":""True"",""xml_path"":""rt_out/experiments/semantic_ablation_actor_200f/sionna_xml/frame_030_sionna.xml""},{""frame_id"":""30"",""source_sample_index"":""7710"",""rx_id"":""rx_human_chest"",""num_paths"":""23"",""tau_min"":""6.163341392806387e-09"",""tau_max"":""6.568895827285814e-08"",""delay_spread"":""5.952561688005176e-08"",""path_gain_sum"":""2.2439070335167344e-07"",""path_gain_db"":""-66.48995140137379"",""rx_power_dbm"":""-36.48995140137379"",""sanity_ok"":""True"",""xml_path"":""rt_out/experiments/semantic_ablation_actor_200f/sionna_xml/frame_030_sionna.xml""},{""frame_id"":""30"",""source_sample_index"":""7710"",""rx_id"":""rx_x500_body"",""num_paths"":""23"",""tau_min"":""1.7234324189985273e-08"",""tau_max"":""7.465505547088469e-08"",""delay_spread"":""5.742073128089942e-08"",""path_gain_sum"":""3.372388945876992e-08"",""path_gain_db"":""-74.72062342912375"",""rx_power_dbm"":""-44.72062342912375"",""sanity_ok"":""True"",""xml_path"":""rt_out/experiments/semantic_ablation_actor_200f/sionna_xml/frame_030_sionna.xml""}]",6,"[{""frame_id"":""30"",""source_sample_index"":""7710"",""rx_id"":""rx_cerberus_base"",""delta_num_paths"":""-1"",""delta_delay_spread"":""0.0"",""delta_rx_power_db"":""-0.006881120081061454"",""y_path_change"":""1"",""y_path_drop"":""1"",""y_rx_power_drop_0p5db"":""0"",""y_rx_power_drop_1db"":""0"",""y_rx_power_drop_2db"":""0"",""y_delay_spread_increase"":""0"",""y_adaptation_trigger_1db"":""0"",""y_adaptation_trigger_2db"":""0""},{""frame_id"":""30"",""source_sample_index"":""7710"",""rx_id"":""rx_human_chest"",""delta_num_paths"":""0"",""delta_delay_spread"":""0.0"",""delta_rx_power_db"":""0.0"",""y_path_change"":""0"",""y_path_drop"":""0"",""y_rx_power_drop_0p5db"":""0"",""y_rx_power_drop_1db"":""0"",""y_rx_power_drop_2db"":""0"",""y_delay_spread_increase"":""0"",""y_adaptation_trigger_1db"":""0"",""y_adaptation_trigger_2db"":""0""},{""frame_id"":""30"",""source_sample_index"":""7710"",""rx_id"":""rx_nao_chest"",""delta_num_paths"":""0"",""delta_delay_spread"":""0.0"",""delta_rx_power_db"":""0.0"",""y_path_change"":""0"",""y_path_drop"":""0"",""y_rx_power_drop_0p5db"":""0"",""y_rx_power_drop_1db"":""0"",""y_rx_power_drop_2db"":""0"",""y_delay_spread_increase"":""0"",""y_adaptation_trigger_1db"":""0"",""y_adaptation_trigger_2db"":""0""},{""frame_id"":""30"",""source_sample_index"":""7710"",""rx_id"":""rx_panda_base"",""delta_num_paths"":""0"",""delta_delay_spread"":""0.0"",""delta_rx_power_db"":""4.1083332291691477e-07"",""y_path_change"":""0"",""y_path_drop"":""0"",""y_rx_power_drop_0p5db"":""0"",""y_rx_power_drop_1db"":""0"",""y_rx_power_drop_2db"":""0"",""y_delay_spread_increase"":""0"",""y_adaptation_trigger_1db"":""0"",""y_adaptation_trigger_2db"":""0""},{""frame_id"":""30"",""source_sample_index"":""7710"",""rx_id"":""rx_ur5_base"",""delta_num_paths"":""1"",""delta_delay_spread"":""0.0"",""delta_rx_power_db"":""0.000309939136819537"",""y_path_change"":""1"",""y_path_drop"":""0"",""y_rx_power_drop_0p5db"":""0"",""y_rx_power_drop_1db"":""0"",""y_rx_power_drop_2db"":""0"",""y_delay_spread_increase"":""0"",""y_adaptation_trigger_1db"":""0"",""y_adaptation_trigger_2db"":""0""},{""frame_id"":""30"",""source_sample_index"":""7710"",""rx_id"":""rx_x500_body"",""delta_num_paths"":""0"",""delta_delay_spread"":""0.0"",""delta_rx_power_db"":""0.0"",""y_path_change"":""0"",""y_path_drop"":""0"",""y_rx_power_drop_0p5db"":""0"",""y_rx_power_drop_1db"":""0"",""y_rx_power_drop_2db"":""0"",""y_delay_spread_increase"":""0"",""y_adaptation_trigger_1db"":""0"",""y_adaptation_trigger_2db"":""0""}]",frame_id,rt_out/experiments/perception_rt_small_v0/frames/instance_registry.json,rt_out/experiments/perception_rt_small_v0/configs/semantic_label_map.json,error,missing required panoptic file: panoptic_labels_rgb_path; missing required panoptic file: semantic_decoded_path; missing required panoptic file: gazebo_instance_count_path; missing optional panoptic file: colored_map_path; missing optional panoptic file: metadata_path
0.1,perception_rt_small_v0,rt_out/experiments/semantic_ablation_actor_200f,3,3,30,30,7710,cam_wall_west,640,480,1.047,0.1,20.0,-4.368888,-0.03657,2.817008,0.035211,0.406352,0.030119,,,,,,false,false,false,false,false,,false,missing,,,,,,,,6,"rx_panda_base,rx_ur5_base,rx_cerberus_base,rx_nao_chest,rx_human_chest,rx_x500_body",frame_id,"[{""frame_id"":""30"",""source_sample_index"":""7710"",""rx_id"":""rx_panda_base"",""num_paths"":""31"",""tau_min"":""5.357098764591228e-09"",""tau_max"":""6.284866316264015e-08"",""delay_spread"":""5.749156439804892e-08"",""path_gain_sum"":""3.004476809564949e-07"",""path_gain_db"":""-65.22231143794808"",""rx_power_dbm"":""-35.22231143794808"",""sanity_ok"":""True"",""xml_path"":""rt_out/experiments/semantic_ablation_actor_200f/sionna_xml/frame_030_sionna.xml""},{""frame_id"":""30"",""source_sample_index"":""7710"",""rx_id"":""rx_ur5_base"",""num_paths"":""29"",""tau_min"":""5.708055805797585e-09"",""tau_max"":""6.370818539380707e-08"",""delay_spread"":""5.8000129588009486e-08"",""path_gain_sum"":""8.172424941221834e-07"",""path_gain_db"":""-60.876490594613124"",""rx_power_dbm"":""-30.876490594613124"",""sanity_ok"":""True"",""xml_path"":""rt_out/experiments/semantic_ablation_actor_200f/sionna_xml/frame_030_sionna.xml""},{""frame_id"":""30"",""source_sample_index"":""7710"",""rx_id"":""rx_cerberus_base"",""num_paths"":""17"",""tau_min"":""1.574846919538686e-08"",""tau_max"":""5.723669715962387e-08"",""delay_spread"":""4.148822796423701e-08"",""path_gain_sum"":""3.615688370928183e-08"",""path_gain_db"":""-74.41809007571236"",""rx_power_dbm"":""-44.41809007571236"",""sanity_ok"":""True"",""xml_path"":""rt_out/experiments/semantic_ablation_actor_200f/sionna_xml/frame_030_sionna.xml""},{""frame_id"":""30"",""source_sample_index"":""7710"",""rx_id"":""rx_nao_chest"",""num_paths"":""24"",""tau_min"":""1.0787783999433032e-08"",""tau_max"":""6.209720737615498e-08"",""delay_spread"":""5.130942337672195e-08"",""path_gain_sum"":""7.24924902328894e-08"",""path_gain_db"":""-71.3970698128202"",""rx_power_dbm"":""-41.397069812820206"",""sanity_ok"":""True"",""xml_path"":""rt_out/experiments/semantic_ablation_actor_200f/sionna_xml/frame_030_sionna.xml""},{""frame_id"":""30"",""source_sample_index"":""7710"",""rx_id"":""rx_human_chest"",""num_paths"":""23"",""tau_min"":""6.163341392806387e-09"",""tau_max"":""6.568895827285814e-08"",""delay_spread"":""5.952561688005176e-08"",""path_gain_sum"":""2.2439070335167344e-07"",""path_gain_db"":""-66.48995140137379"",""rx_power_dbm"":""-36.48995140137379"",""sanity_ok"":""True"",""xml_path"":""rt_out/experiments/semantic_ablation_actor_200f/sionna_xml/frame_030_sionna.xml""},{""frame_id"":""30"",""source_sample_index"":""7710"",""rx_id"":""rx_x500_body"",""num_paths"":""23"",""tau_min"":""1.7234324189985273e-08"",""tau_max"":""7.465505547088469e-08"",""delay_spread"":""5.742073128089942e-08"",""path_gain_sum"":""3.372388945876992e-08"",""path_gain_db"":""-74.72062342912375"",""rx_power_dbm"":""-44.72062342912375"",""sanity_ok"":""True"",""xml_path"":""rt_out/experiments/semantic_ablation_actor_200f/sionna_xml/frame_030_sionna.xml""}]",6,"[{""frame_id"":""30"",""source_sample_index"":""7710"",""rx_id"":""rx_cerberus_base"",""delta_num_paths"":""-1"",""delta_delay_spread"":""0.0"",""delta_rx_power_db"":""-0.006881120081061454"",""y_path_change"":""1"",""y_path_drop"":""1"",""y_rx_power_drop_0p5db"":""0"",""y_rx_power_drop_1db"":""0"",""y_rx_power_drop_2db"":""0"",""y_delay_spread_increase"":""0"",""y_adaptation_trigger_1db"":""0"",""y_adaptation_trigger_2db"":""0""},{""frame_id"":""30"",""source_sample_index"":""7710"",""rx_id"":""rx_human_chest"",""delta_num_paths"":""0"",""delta_delay_spread"":""0.0"",""delta_rx_power_db"":""0.0"",""y_path_change"":""0"",""y_path_drop"":""0"",""y_rx_power_drop_0p5db"":""0"",""y_rx_power_drop_1db"":""0"",""y_rx_power_drop_2db"":""0"",""y_delay_spread_increase"":""0"",""y_adaptation_trigger_1db"":""0"",""y_adaptation_trigger_2db"":""0""},{""frame_id"":""30"",""source_sample_index"":""7710"",""rx_id"":""rx_nao_chest"",""delta_num_paths"":""0"",""delta_delay_spread"":""0.0"",""delta_rx_power_db"":""0.0"",""y_path_change"":""0"",""y_path_drop"":""0"",""y_rx_power_drop_0p5db"":""0"",""y_rx_power_drop_1db"":""0"",""y_rx_power_drop_2db"":""0"",""y_delay_spread_increase"":""0"",""y_adaptation_trigger_1db"":""0"",""y_adaptation_trigger_2db"":""0""},{""frame_id"":""30"",""source_sample_index"":""7710"",""rx_id"":""rx_panda_base"",""delta_num_paths"":""0"",""delta_delay_spread"":""0.0"",""delta_rx_power_db"":""4.1083332291691477e-07"",""y_path_change"":""0"",""y_path_drop"":""0"",""y_rx_power_drop_0p5db"":""0"",""y_rx_power_drop_1db"":""0"",""y_rx_power_drop_2db"":""0"",""y_delay_spread_increase"":""0"",""y_adaptation_trigger_1db"":""0"",""y_adaptation_trigger_2db"":""0""},{""frame_id"":""30"",""source_sample_index"":""7710"",""rx_id"":""rx_ur5_base"",""delta_num_paths"":""1"",""delta_delay_spread"":""0.0"",""delta_rx_power_db"":""0.000309939136819537"",""y_path_change"":""1"",""y_path_drop"":""0"",""y_rx_power_drop_0p5db"":""0"",""y_rx_power_drop_1db"":""0"",""y_rx_power_drop_2db"":""0"",""y_delay_spread_increase"":""0"",""y_adaptation_trigger_1db"":""0"",""y_adaptation_trigger_2db"":""0""},{""frame_id"":""30"",""source_sample_index"":""7710"",""rx_id"":""rx_x500_body"",""delta_num_paths"":""0"",""delta_delay_spread"":""0.0"",""delta_rx_power_db"":""0.0"",""y_path_change"":""0"",""y_path_drop"":""0"",""y_rx_power_drop_0p5db"":""0"",""y_rx_power_drop_1db"":""0"",""y_rx_power_drop_2db"":""0"",""y_delay_spread_increase"":""0"",""y_adaptation_trigger_1db"":""0"",""y_adaptation_trigger_2db"":""0""}]",frame_id,rt_out/experiments/perception_rt_small_v0/frames/instance_registry.json,rt_out/experiments/perception_rt_small_v0/configs/semantic_label_map.json,error,missing required panoptic file: panoptic_labels_rgb_path; missing required panoptic file: semantic_decoded_path; missing required panoptic file: gazebo_instance_count_path; missing optional panoptic file: colored_map_path; missing optional panoptic file: metadata_path
0.1,perception_rt_small_v0,rt_out/experiments/semantic_ablation_actor_200f,4,4,40,40,10279,cam_corner_nw,640,480,1.047,0.1,20.0,-4.368888,4.38902,2.76265,-0.018875,0.447306,-0.787697,,,,,,false,false,false,false,false,,false,missing,,,,,,,,6,"rx_panda_base,rx_ur5_base,rx_cerberus_base,rx_nao_chest,rx_human_chest,rx_x500_body",frame_id,"[{""frame_id"":""40"",""source_sample_index"":""10279"",""rx_id"":""rx_panda_base"",""num_paths"":""34"",""tau_min"":""5.357098764591228e-09"",""tau_max"":""6.284866316264015e-08"",""delay_spread"":""5.749156439804892e-08"",""path_gain_sum"":""3.0076100188125565e-07"",""path_gain_db"":""-65.21778477142139"",""rx_power_dbm"":""-35.21778477142139"",""sanity_ok"":""True"",""xml_path"":""rt_out/experiments/semantic_ablation_actor_200f/sionna_xml/frame_040_sionna.xml""},{""frame_id"":""40"",""source_sample_index"":""10279"",""rx_id"":""rx_ur5_base"",""num_paths"":""26"",""tau_min"":""5.708055805797585e-09"",""tau_max"":""5.930293767164585e-08"",""delay_spread"":""5.3594881865848265e-08"",""path_gain_sum"":""7.806144708411011e-07"",""path_gain_db"":""-61.075634021347255"",""rx_power_dbm"":""-31.075634021347255"",""sanity_ok"":""True"",""xml_path"":""rt_out/experiments/semantic_ablation_actor_200f/sionna_xml/frame_040_sionna.xml""},{""frame_id"":""40"",""source_sample_index"":""10279"",""rx_id"":""rx_cerberus_base"",""num_paths"":""17"",""tau_min"":""1.574846919538686e-08"",""tau_max"":""5.723669715962387e-08"",""delay_spread"":""4.148822796423701e-08"",""path_gain_sum"":""3.619599553417174e-08"",""path_gain_db"":""-74.41339474041706"",""rx_power_dbm"":""-44.41339474041706"",""sanity_ok"":""True"",""xml_path"":""rt_out/experiments/semantic_ablation_actor_200f/sionna_xml/frame_040_sionna.xml""},{""frame_id"":""40"",""source_sample_index"":""10279"",""rx_id"":""rx_nao_chest"",""num_paths"":""24"",""tau_min"":""1.0787783999433032e-08"",""tau_max"":""6.209720737615498e-08"",""delay_spread"":""5.130942337672195e-08"",""path_gain_sum"":""7.249248312746204e-08"",""path_gain_db"":""-71.39707023849851"",""rx_power_dbm"":""-41.397070238498515"",""sanity_ok"":""True"",""xml_path"":""rt_out/experiments/semantic_ablation_actor_200f/sionna_xml/frame_040_sionna.xml""},{""frame_id"":""40"",""source_sample_index"":""10279"",""rx_id"":""rx_human_chest"",""num_paths"":""23"",""tau_min"":""6.163341392806387e-09"",""tau_max"":""6.568895827285814e-08"",""delay_spread"":""5.952561688005176e-08"",""path_gain_sum"":""2.2439071756252815e-07"",""path_gain_db"":""-66.48995112633139"",""rx_power_dbm"":""-36.48995112633139"",""sanity_ok"":""True"",""xml_path"":""rt_out/experiments/semantic_ablation_actor_200f/sionna_xml/frame_040_sionna.xml""},{""frame_id"":""40"",""source_sample_index"":""10279"",""rx_id"":""rx_x500_body"",""num_paths"":""23"",""tau_min"":""1.7234324189985273e-08"",""tau_max"":""7.465505547088469e-08"",""delay_spread"":""5.742073128089942e-08"",""path_gain_sum"":""3.372388945876992e-08"",""path_gain_db"":""-74.72062342912375"",""rx_power_dbm"":""-44.72062342912375"",""sanity_ok"":""True"",""xml_path"":""rt_out/experiments/semantic_ablation_actor_200f/sionna_xml/frame_040_sionna.xml""}]",6,"[{""frame_id"":""40"",""source_sample_index"":""10279"",""rx_id"":""rx_cerberus_base"",""delta_num_paths"":""0"",""delta_delay_spread"":""0.0"",""delta_rx_power_db"":""0.0"",""y_path_change"":""0"",""y_path_drop"":""0"",""y_rx_power_drop_0p5db"":""0"",""y_rx_power_drop_1db"":""0"",""y_rx_power_drop_2db"":""0"",""y_delay_spread_increase"":""0"",""y_adaptation_trigger_1db"":""0"",""y_adaptation_trigger_2db"":""0""},{""frame_id"":""40"",""source_sample_index"":""10279"",""rx_id"":""rx_human_chest"",""delta_num_paths"":""0"",""delta_delay_spread"":""0.0"",""delta_rx_power_db"":""0.0"",""y_path_change"":""0"",""y_path_drop"":""0"",""y_rx_power_drop_0p5db"":""0"",""y_rx_power_drop_1db"":""0"",""y_rx_power_drop_2db"":""0"",""y_delay_spread_increase"":""0"",""y_adaptation_trigger_1db"":""0"",""y_adaptation_trigger_2db"":""0""},{""frame_id"":""40"",""source_sample_index"":""10279"",""rx_id"":""rx_nao_chest"",""delta_num_paths"":""0"",""delta_delay_spread"":""0.0"",""delta_rx_power_db"":""0.0"",""y_path_change"":""0"",""y_path_drop"":""0"",""y_rx_power_drop_0p5db"":""0"",""y_rx_power_drop_1db"":""0"",""y_rx_power_drop_2db"":""0"",""y_delay_spread_increase"":""0"",""y_adaptation_trigger_1db"":""0"",""y_adaptation_trigger_2db"":""0""},{""frame_id"":""40"",""source_sample_index"":""10279"",""rx_id"":""rx_panda_base"",""delta_num_paths"":""0"",""delta_delay_spread"":""0.0"",""delta_rx_power_db"":""-4.104052919728929e-07"",""y_path_change"":""0"",""y_path_drop"":""0"",""y_rx_power_drop_0p5db"":""0"",""y_rx_power_drop_1db"":""0"",""y_rx_power_drop_2db"":""0"",""y_delay_spread_increase"":""0"",""y_adaptation_trigger_1db"":""0"",""y_adaptation_trigger_2db"":""0""},{""frame_id"":""40"",""source_sample_index"":""10279"",""rx_id"":""rx_ur5_base"",""delta_num_paths"":""-3"",""delta_delay_spread"":""0.0"",""delta_rx_power_db"":""-0.0002934683072055577"",""y_path_change"":""1"",""y_path_drop"":""1"",""y_rx_power_drop_0p5db"":""0"",""y_rx_power_drop_1db"":""0"",""y_rx_power_drop_2db"":""0"",""y_delay_spread_increase"":""0"",""y_adaptation_trigger_1db"":""0"",""y_adaptation_trigger_2db"":""0""},{""frame_id"":""40"",""source_sample_index"":""10279"",""rx_id"":""rx_x500_body"",""delta_num_paths"":""0"",""delta_delay_spread"":""0.0"",""delta_rx_power_db"":""-4.575165917231061e-07"",""y_path_change"":""0"",""y_path_drop"":""0"",""y_rx_power_drop_0p5db"":""0"",""y_rx_power_drop_1db"":""0"",""y_rx_power_drop_2db"":""0"",""y_delay_spread_increase"":""0"",""y_adaptation_trigger_1db"":""0"",""y_adaptation_trigger_2db"":""0""}]",frame_id,rt_out/experiments/perception_rt_small_v0/frames/instance_registry.json,rt_out/experiments/perception_rt_small_v0/configs/semantic_label_map.json,error,missing required panoptic file: panoptic_labels_rgb_path; missing required panoptic file: semantic_decoded_path; missing required panoptic file: gazebo_instance_count_path; missing optional panoptic file: colored_map_path; missing optional panoptic file: metadata_path
0.1,perception_rt_small_v0,rt_out/experiments/semantic_ablation_actor_200f,4,4,40,40,10279,cam_corner_ne,640,480,1.047,0.1,20.0,4.38989,4.38902,2.76265,-0.018875,0.447306,-2.356294,,,,,,false,false,false,false,false,,false,missing,,,,,,,,6,"rx_panda_base,rx_ur5_base,rx_cerberus_base,rx_nao_chest,rx_human_chest,rx_x500_body",frame_id,"[{""frame_id"":""40"",""source_sample_index"":""10279"",""rx_id"":""rx_panda_base"",""num_paths"":""34"",""tau_min"":""5.357098764591228e-09"",""tau_max"":""6.284866316264015e-08"",""delay_spread"":""5.749156439804892e-08"",""path_gain_sum"":""3.0076100188125565e-07"",""path_gain_db"":""-65.21778477142139"",""rx_power_dbm"":""-35.21778477142139"",""sanity_ok"":""True"",""xml_path"":""rt_out/experiments/semantic_ablation_actor_200f/sionna_xml/frame_040_sionna.xml""},{""frame_id"":""40"",""source_sample_index"":""10279"",""rx_id"":""rx_ur5_base"",""num_paths"":""26"",""tau_min"":""5.708055805797585e-09"",""tau_max"":""5.930293767164585e-08"",""delay_spread"":""5.3594881865848265e-08"",""path_gain_sum"":""7.806144708411011e-07"",""path_gain_db"":""-61.075634021347255"",""rx_power_dbm"":""-31.075634021347255"",""sanity_ok"":""True"",""xml_path"":""rt_out/experiments/semantic_ablation_actor_200f/sionna_xml/frame_040_sionna.xml""},{""frame_id"":""40"",""source_sample_index"":""10279"",""rx_id"":""rx_cerberus_base"",""num_paths"":""17"",""tau_min"":""1.574846919538686e-08"",""tau_max"":""5.723669715962387e-08"",""delay_spread"":""4.148822796423701e-08"",""path_gain_sum"":""3.619599553417174e-08"",""path_gain_db"":""-74.41339474041706"",""rx_power_dbm"":""-44.41339474041706"",""sanity_ok"":""True"",""xml_path"":""rt_out/experiments/semantic_ablation_actor_200f/sionna_xml/frame_040_sionna.xml""},{""frame_id"":""40"",""source_sample_index"":""10279"",""rx_id"":""rx_nao_chest"",""num_paths"":""24"",""tau_min"":""1.0787783999433032e-08"",""tau_max"":""6.209720737615498e-08"",""delay_spread"":""5.130942337672195e-08"",""path_gain_sum"":""7.249248312746204e-08"",""path_gain_db"":""-71.39707023849851"",""rx_power_dbm"":""-41.397070238498515"",""sanity_ok"":""True"",""xml_path"":""rt_out/experiments/semantic_ablation_actor_200f/sionna_xml/frame_040_sionna.xml""},{""frame_id"":""40"",""source_sample_index"":""10279"",""rx_id"":""rx_human_chest"",""num_paths"":""23"",""tau_min"":""6.163341392806387e-09"",""tau_max"":""6.568895827285814e-08"",""delay_spread"":""5.952561688005176e-08"",""path_gain_sum"":""2.2439071756252815e-07"",""path_gain_db"":""-66.48995112633139"",""rx_power_dbm"":""-36.48995112633139"",""sanity_ok"":""True"",""xml_path"":""rt_out/experiments/semantic_ablation_actor_200f/sionna_xml/frame_040_sionna.xml""},{""frame_id"":""40"",""source_sample_index"":""10279"",""rx_id"":""rx_x500_body"",""num_paths"":""23"",""tau_min"":""1.7234324189985273e-08"",""tau_max"":""7.465505547088469e-08"",""delay_spread"":""5.742073128089942e-08"",""path_gain_sum"":""3.372388945876992e-08"",""path_gain_db"":""-74.72062342912375"",""rx_power_dbm"":""-44.72062342912375"",""sanity_ok"":""True"",""xml_path"":""rt_out/experiments/semantic_ablation_actor_200f/sionna_xml/frame_040_sionna.xml""}]",6,"[{""frame_id"":""40"",""source_sample_index"":""10279"",""rx_id"":""rx_cerberus_base"",""delta_num_paths"":""0"",""delta_delay_spread"":""0.0"",""delta_rx_power_db"":""0.0"",""y_path_change"":""0"",""y_path_drop"":""0"",""y_rx_power_drop_0p5db"":""0"",""y_rx_power_drop_1db"":""0"",""y_rx_power_drop_2db"":""0"",""y_delay_spread_increase"":""0"",""y_adaptation_trigger_1db"":""0"",""y_adaptation_trigger_2db"":""0""},{""frame_id"":""40"",""source_sample_index"":""10279"",""rx_id"":""rx_human_chest"",""delta_num_paths"":""0"",""delta_delay_spread"":""0.0"",""delta_rx_power_db"":""0.0"",""y_path_change"":""0"",""y_path_drop"":""0"",""y_rx_power_drop_0p5db"":""0"",""y_rx_power_drop_1db"":""0"",""y_rx_power_drop_2db"":""0"",""y_delay_spread_increase"":""0"",""y_adaptation_trigger_1db"":""0"",""y_adaptation_trigger_2db"":""0""},{""frame_id"":""40"",""source_sample_index"":""10279"",""rx_id"":""rx_nao_chest"",""delta_num_paths"":""0"",""delta_delay_spread"":""0.0"",""delta_rx_power_db"":""0.0"",""y_path_change"":""0"",""y_path_drop"":""0"",""y_rx_power_drop_0p5db"":""0"",""y_rx_power_drop_1db"":""0"",""y_rx_power_drop_2db"":""0"",""y_delay_spread_increase"":""0"",""y_adaptation_trigger_1db"":""0"",""y_adaptation_trigger_2db"":""0""},{""frame_id"":""40"",""source_sample_index"":""10279"",""rx_id"":""rx_panda_base"",""delta_num_paths"":""0"",""delta_delay_spread"":""0.0"",""delta_rx_power_db"":""-4.104052919728929e-07"",""y_path_change"":""0"",""y_path_drop"":""0"",""y_rx_power_drop_0p5db"":""0"",""y_rx_power_drop_1db"":""0"",""y_rx_power_drop_2db"":""0"",""y_delay_spread_increase"":""0"",""y_adaptation_trigger_1db"":""0"",""y_adaptation_trigger_2db"":""0""},{""frame_id"":""40"",""source_sample_index"":""10279"",""rx_id"":""rx_ur5_base"",""delta_num_paths"":""-3"",""delta_delay_spread"":""0.0"",""delta_rx_power_db"":""-0.0002934683072055577"",""y_path_change"":""1"",""y_path_drop"":""1"",""y_rx_power_drop_0p5db"":""0"",""y_rx_power_drop_1db"":""0"",""y_rx_power_drop_2db"":""0"",""y_delay_spread_increase"":""0"",""y_adaptation_trigger_1db"":""0"",""y_adaptation_trigger_2db"":""0""},{""frame_id"":""40"",""source_sample_index"":""10279"",""rx_id"":""rx_x500_body"",""delta_num_paths"":""0"",""delta_delay_spread"":""0.0"",""delta_rx_power_db"":""-4.575165917231061e-07"",""y_path_change"":""0"",""y_path_drop"":""0"",""y_rx_power_drop_0p5db"":""0"",""y_rx_power_drop_1db"":""0"",""y_rx_power_drop_2db"":""0"",""y_delay_spread_increase"":""0"",""y_adaptation_trigger_1db"":""0"",""y_adaptation_trigger_2db"":""0""}]",frame_id,rt_out/experiments/perception_rt_small_v0/frames/instance_registry.json,rt_out/experiments/perception_rt_small_v0/configs/semantic_label_map.json,error,missing required panoptic file: panoptic_labels_rgb_path; missing required panoptic file: semantic_decoded_path; missing required panoptic file: gazebo_instance_count_path; missing optional panoptic file: colored_map_path; missing optional panoptic file: metadata_path
0.1,perception_rt_small_v0,rt_out/experiments/semantic_ablation_actor_200f,4,4,40,40,10279,cam_corner_sw,640,480,1.047,0.1,20.0,-4.2766,-4.27322,2.72007,-0.014193,0.518246,0.774445,,,,,,false,false,false,false,false,,false,missing,,,,,,,,6,"rx_panda_base,rx_ur5_base,rx_cerberus_base,rx_nao_chest,rx_human_chest,rx_x500_body",frame_id,"[{""frame_id"":""40"",""source_sample_index"":""10279"",""rx_id"":""rx_panda_base"",""num_paths"":""34"",""tau_min"":""5.357098764591228e-09"",""tau_max"":""6.284866316264015e-08"",""delay_spread"":""5.749156439804892e-08"",""path_gain_sum"":""3.0076100188125565e-07"",""path_gain_db"":""-65.21778477142139"",""rx_power_dbm"":""-35.21778477142139"",""sanity_ok"":""True"",""xml_path"":""rt_out/experiments/semantic_ablation_actor_200f/sionna_xml/frame_040_sionna.xml""},{""frame_id"":""40"",""source_sample_index"":""10279"",""rx_id"":""rx_ur5_base"",""num_paths"":""26"",""tau_min"":""5.708055805797585e-09"",""tau_max"":""5.930293767164585e-08"",""delay_spread"":""5.3594881865848265e-08"",""path_gain_sum"":""7.806144708411011e-07"",""path_gain_db"":""-61.075634021347255"",""rx_power_dbm"":""-31.075634021347255"",""sanity_ok"":""True"",""xml_path"":""rt_out/experiments/semantic_ablation_actor_200f/sionna_xml/frame_040_sionna.xml""},{""frame_id"":""40"",""source_sample_index"":""10279"",""rx_id"":""rx_cerberus_base"",""num_paths"":""17"",""tau_min"":""1.574846919538686e-08"",""tau_max"":""5.723669715962387e-08"",""delay_spread"":""4.148822796423701e-08"",""path_gain_sum"":""3.619599553417174e-08"",""path_gain_db"":""-74.41339474041706"",""rx_power_dbm"":""-44.41339474041706"",""sanity_ok"":""True"",""xml_path"":""rt_out/experiments/semantic_ablation_actor_200f/sionna_xml/frame_040_sionna.xml""},{""frame_id"":""40"",""source_sample_index"":""10279"",""rx_id"":""rx_nao_chest"",""num_paths"":""24"",""tau_min"":""1.0787783999433032e-08"",""tau_max"":""6.209720737615498e-08"",""delay_spread"":""5.130942337672195e-08"",""path_gain_sum"":""7.249248312746204e-08"",""path_gain_db"":""-71.39707023849851"",""rx_power_dbm"":""-41.397070238498515"",""sanity_ok"":""True"",""xml_path"":""rt_out/experiments/semantic_ablation_actor_200f/sionna_xml/frame_040_sionna.xml""},{""frame_id"":""40"",""source_sample_index"":""10279"",""rx_id"":""rx_human_chest"",""num_paths"":""23"",""tau_min"":""6.163341392806387e-09"",""tau_max"":""6.568895827285814e-08"",""delay_spread"":""5.952561688005176e-08"",""path_gain_sum"":""2.2439071756252815e-07"",""path_gain_db"":""-66.48995112633139"",""rx_power_dbm"":""-36.48995112633139"",""sanity_ok"":""True"",""xml_path"":""rt_out/experiments/semantic_ablation_actor_200f/sionna_xml/frame_040_sionna.xml""},{""frame_id"":""40"",""source_sample_index"":""10279"",""rx_id"":""rx_x500_body"",""num_paths"":""23"",""tau_min"":""1.7234324189985273e-08"",""tau_max"":""7.465505547088469e-08"",""delay_spread"":""5.742073128089942e-08"",""path_gain_sum"":""3.372388945876992e-08"",""path_gain_db"":""-74.72062342912375"",""rx_power_dbm"":""-44.72062342912375"",""sanity_ok"":""True"",""xml_path"":""rt_out/experiments/semantic_ablation_actor_200f/sionna_xml/frame_040_sionna.xml""}]",6,"[{""frame_id"":""40"",""source_sample_index"":""10279"",""rx_id"":""rx_cerberus_base"",""delta_num_paths"":""0"",""delta_delay_spread"":""0.0"",""delta_rx_power_db"":""0.0"",""y_path_change"":""0"",""y_path_drop"":""0"",""y_rx_power_drop_0p5db"":""0"",""y_rx_power_drop_1db"":""0"",""y_rx_power_drop_2db"":""0"",""y_delay_spread_increase"":""0"",""y_adaptation_trigger_1db"":""0"",""y_adaptation_trigger_2db"":""0""},{""frame_id"":""40"",""source_sample_index"":""10279"",""rx_id"":""rx_human_chest"",""delta_num_paths"":""0"",""delta_delay_spread"":""0.0"",""delta_rx_power_db"":""0.0"",""y_path_change"":""0"",""y_path_drop"":""0"",""y_rx_power_drop_0p5db"":""0"",""y_rx_power_drop_1db"":""0"",""y_rx_power_drop_2db"":""0"",""y_delay_spread_increase"":""0"",""y_adaptation_trigger_1db"":""0"",""y_adaptation_trigger_2db"":""0""},{""frame_id"":""40"",""source_sample_index"":""10279"",""rx_id"":""rx_nao_chest"",""delta_num_paths"":""0"",""delta_delay_spread"":""0.0"",""delta_rx_power_db"":""0.0"",""y_path_change"":""0"",""y_path_drop"":""0"",""y_rx_power_drop_0p5db"":""0"",""y_rx_power_drop_1db"":""0"",""y_rx_power_drop_2db"":""0"",""y_delay_spread_increase"":""0"",""y_adaptation_trigger_1db"":""0"",""y_adaptation_trigger_2db"":""0""},{""frame_id"":""40"",""source_sample_index"":""10279"",""rx_id"":""rx_panda_base"",""delta_num_paths"":""0"",""delta_delay_spread"":""0.0"",""delta_rx_power_db"":""-4.104052919728929e-07"",""y_path_change"":""0"",""y_path_drop"":""0"",""y_rx_power_drop_0p5db"":""0"",""y_rx_power_drop_1db"":""0"",""y_rx_power_drop_2db"":""0"",""y_delay_spread_increase"":""0"",""y_adaptation_trigger_1db"":""0"",""y_adaptation_trigger_2db"":""0""},{""frame_id"":""40"",""source_sample_index"":""10279"",""rx_id"":""rx_ur5_base"",""delta_num_paths"":""-3"",""delta_delay_spread"":""0.0"",""delta_rx_power_db"":""-0.0002934683072055577"",""y_path_change"":""1"",""y_path_drop"":""1"",""y_rx_power_drop_0p5db"":""0"",""y_rx_power_drop_1db"":""0"",""y_rx_power_drop_2db"":""0"",""y_delay_spread_increase"":""0"",""y_adaptation_trigger_1db"":""0"",""y_adaptation_trigger_2db"":""0""},{""frame_id"":""40"",""source_sample_index"":""10279"",""rx_id"":""rx_x500_body"",""delta_num_paths"":""0"",""delta_delay_spread"":""0.0"",""delta_rx_power_db"":""-4.575165917231061e-07"",""y_path_change"":""0"",""y_path_drop"":""0"",""y_rx_power_drop_0p5db"":""0"",""y_rx_power_drop_1db"":""0"",""y_rx_power_drop_2db"":""0"",""y_delay_spread_increase"":""0"",""y_adaptation_trigger_1db"":""0"",""y_adaptation_trigger_2db"":""0""}]",frame_id,rt_out/experiments/perception_rt_small_v0/frames/instance_registry.json,rt_out/experiments/perception_rt_small_v0/configs/semantic_label_map.json,error,missing required panoptic file: panoptic_labels_rgb_path; missing required panoptic file: semantic_decoded_path; missing required panoptic file: gazebo_instance_count_path; missing optional panoptic file: colored_map_path; missing optional panoptic file: metadata_path
0.1,perception_rt_small_v0,rt_out/experiments/semantic_ablation_actor_200f,4,4,40,40,10279,cam_corner_se,640,480,1.047,0.1,20.0,4.44776,-4.40805,2.80523,-0.023556,0.376367,2.408296,,,,,,false,false,false,false,false,,false,missing,,,,,,,,6,"rx_panda_base,rx_ur5_base,rx_cerberus_base,rx_nao_chest,rx_human_chest,rx_x500_body",frame_id,"[{""frame_id"":""40"",""source_sample_index"":""10279"",""rx_id"":""rx_panda_base"",""num_paths"":""34"",""tau_min"":""5.357098764591228e-09"",""tau_max"":""6.284866316264015e-08"",""delay_spread"":""5.749156439804892e-08"",""path_gain_sum"":""3.0076100188125565e-07"",""path_gain_db"":""-65.21778477142139"",""rx_power_dbm"":""-35.21778477142139"",""sanity_ok"":""True"",""xml_path"":""rt_out/experiments/semantic_ablation_actor_200f/sionna_xml/frame_040_sionna.xml""},{""frame_id"":""40"",""source_sample_index"":""10279"",""rx_id"":""rx_ur5_base"",""num_paths"":""26"",""tau_min"":""5.708055805797585e-09"",""tau_max"":""5.930293767164585e-08"",""delay_spread"":""5.3594881865848265e-08"",""path_gain_sum"":""7.806144708411011e-07"",""path_gain_db"":""-61.075634021347255"",""rx_power_dbm"":""-31.075634021347255"",""sanity_ok"":""True"",""xml_path"":""rt_out/experiments/semantic_ablation_actor_200f/sionna_xml/frame_040_sionna.xml""},{""frame_id"":""40"",""source_sample_index"":""10279"",""rx_id"":""rx_cerberus_base"",""num_paths"":""17"",""tau_min"":""1.574846919538686e-08"",""tau_max"":""5.723669715962387e-08"",""delay_spread"":""4.148822796423701e-08"",""path_gain_sum"":""3.619599553417174e-08"",""path_gain_db"":""-74.41339474041706"",""rx_power_dbm"":""-44.41339474041706"",""sanity_ok"":""True"",""xml_path"":""rt_out/experiments/semantic_ablation_actor_200f/sionna_xml/frame_040_sionna.xml""},{""frame_id"":""40"",""source_sample_index"":""10279"",""rx_id"":""rx_nao_chest"",""num_paths"":""24"",""tau_min"":""1.0787783999433032e-08"",""tau_max"":""6.209720737615498e-08"",""delay_spread"":""5.130942337672195e-08"",""path_gain_sum"":""7.249248312746204e-08"",""path_gain_db"":""-71.39707023849851"",""rx_power_dbm"":""-41.397070238498515"",""sanity_ok"":""True"",""xml_path"":""rt_out/experiments/semantic_ablation_actor_200f/sionna_xml/frame_040_sionna.xml""},{""frame_id"":""40"",""source_sample_index"":""10279"",""rx_id"":""rx_human_chest"",""num_paths"":""23"",""tau_min"":""6.163341392806387e-09"",""tau_max"":""6.568895827285814e-08"",""delay_spread"":""5.952561688005176e-08"",""path_gain_sum"":""2.2439071756252815e-07"",""path_gain_db"":""-66.48995112633139"",""rx_power_dbm"":""-36.48995112633139"",""sanity_ok"":""True"",""xml_path"":""rt_out/experiments/semantic_ablation_actor_200f/sionna_xml/frame_040_sionna.xml""},{""frame_id"":""40"",""source_sample_index"":""10279"",""rx_id"":""rx_x500_body"",""num_paths"":""23"",""tau_min"":""1.7234324189985273e-08"",""tau_max"":""7.465505547088469e-08"",""delay_spread"":""5.742073128089942e-08"",""path_gain_sum"":""3.372388945876992e-08"",""path_gain_db"":""-74.72062342912375"",""rx_power_dbm"":""-44.72062342912375"",""sanity_ok"":""True"",""xml_path"":""rt_out/experiments/semantic_ablation_actor_200f/sionna_xml/frame_040_sionna.xml""}]",6,"[{""frame_id"":""40"",""source_sample_index"":""10279"",""rx_id"":""rx_cerberus_base"",""delta_num_paths"":""0"",""delta_delay_spread"":""0.0"",""delta_rx_power_db"":""0.0"",""y_path_change"":""0"",""y_path_drop"":""0"",""y_rx_power_drop_0p5db"":""0"",""y_rx_power_drop_1db"":""0"",""y_rx_power_drop_2db"":""0"",""y_delay_spread_increase"":""0"",""y_adaptation_trigger_1db"":""0"",""y_adaptation_trigger_2db"":""0""},{""frame_id"":""40"",""source_sample_index"":""10279"",""rx_id"":""rx_human_chest"",""delta_num_paths"":""0"",""delta_delay_spread"":""0.0"",""delta_rx_power_db"":""0.0"",""y_path_change"":""0"",""y_path_drop"":""0"",""y_rx_power_drop_0p5db"":""0"",""y_rx_power_drop_1db"":""0"",""y_rx_power_drop_2db"":""0"",""y_delay_spread_increase"":""0"",""y_adaptation_trigger_1db"":""0"",""y_adaptation_trigger_2db"":""0""},{""frame_id"":""40"",""source_sample_index"":""10279"",""rx_id"":""rx_nao_chest"",""delta_num_paths"":""0"",""delta_delay_spread"":""0.0"",""delta_rx_power_db"":""0.0"",""y_path_change"":""0"",""y_path_drop"":""0"",""y_rx_power_drop_0p5db"":""0"",""y_rx_power_drop_1db"":""0"",""y_rx_power_drop_2db"":""0"",""y_delay_spread_increase"":""0"",""y_adaptation_trigger_1db"":""0"",""y_adaptation_trigger_2db"":""0""},{""frame_id"":""40"",""source_sample_index"":""10279"",""rx_id"":""rx_panda_base"",""delta_num_paths"":""0"",""delta_delay_spread"":""0.0"",""delta_rx_power_db"":""-4.104052919728929e-07"",""y_path_change"":""0"",""y_path_drop"":""0"",""y_rx_power_drop_0p5db"":""0"",""y_rx_power_drop_1db"":""0"",""y_rx_power_drop_2db"":""0"",""y_delay_spread_increase"":""0"",""y_adaptation_trigger_1db"":""0"",""y_adaptation_trigger_2db"":""0""},{""frame_id"":""40"",""source_sample_index"":""10279"",""rx_id"":""rx_ur5_base"",""delta_num_paths"":""-3"",""delta_delay_spread"":""0.0"",""delta_rx_power_db"":""-0.0002934683072055577"",""y_path_change"":""1"",""y_path_drop"":""1"",""y_rx_power_drop_0p5db"":""0"",""y_rx_power_drop_1db"":""0"",""y_rx_power_drop_2db"":""0"",""y_delay_spread_increase"":""0"",""y_adaptation_trigger_1db"":""0"",""y_adaptation_trigger_2db"":""0""},{""frame_id"":""40"",""source_sample_index"":""10279"",""rx_id"":""rx_x500_body"",""delta_num_paths"":""0"",""delta_delay_spread"":""0.0"",""delta_rx_power_db"":""-4.575165917231061e-07"",""y_path_change"":""0"",""y_path_drop"":""0"",""y_rx_power_drop_0p5db"":""0"",""y_rx_power_drop_1db"":""0"",""y_rx_power_drop_2db"":""0"",""y_delay_spread_increase"":""0"",""y_adaptation_trigger_1db"":""0"",""y_adaptation_trigger_2db"":""0""}]",frame_id,rt_out/experiments/perception_rt_small_v0/frames/instance_registry.json,rt_out/experiments/perception_rt_small_v0/configs/semantic_label_map.json,error,missing required panoptic file: panoptic_labels_rgb_path; missing required panoptic file: semantic_decoded_path; missing required panoptic file: gazebo_instance_count_path; missing optional panoptic file: colored_map_path; missing optional panoptic file: metadata_path
0.1,perception_rt_small_v0,rt_out/experiments/semantic_ablation_actor_200f,4,4,40,40,10279,cam_wall_north,640,480,1.047,0.1,20.0,0.221087,4.38902,2.71504,-0.0,0.562591,-1.5708,,,,,,false,false,false,false,false,,false,missing,,,,,,,,6,"rx_panda_base,rx_ur5_base,rx_cerberus_base,rx_nao_chest,rx_human_chest,rx_x500_body",frame_id,"[{""frame_id"":""40"",""source_sample_index"":""10279"",""rx_id"":""rx_panda_base"",""num_paths"":""34"",""tau_min"":""5.357098764591228e-09"",""tau_max"":""6.284866316264015e-08"",""delay_spread"":""5.749156439804892e-08"",""path_gain_sum"":""3.0076100188125565e-07"",""path_gain_db"":""-65.21778477142139"",""rx_power_dbm"":""-35.21778477142139"",""sanity_ok"":""True"",""xml_path"":""rt_out/experiments/semantic_ablation_actor_200f/sionna_xml/frame_040_sionna.xml""},{""frame_id"":""40"",""source_sample_index"":""10279"",""rx_id"":""rx_ur5_base"",""num_paths"":""26"",""tau_min"":""5.708055805797585e-09"",""tau_max"":""5.930293767164585e-08"",""delay_spread"":""5.3594881865848265e-08"",""path_gain_sum"":""7.806144708411011e-07"",""path_gain_db"":""-61.075634021347255"",""rx_power_dbm"":""-31.075634021347255"",""sanity_ok"":""True"",""xml_path"":""rt_out/experiments/semantic_ablation_actor_200f/sionna_xml/frame_040_sionna.xml""},{""frame_id"":""40"",""source_sample_index"":""10279"",""rx_id"":""rx_cerberus_base"",""num_paths"":""17"",""tau_min"":""1.574846919538686e-08"",""tau_max"":""5.723669715962387e-08"",""delay_spread"":""4.148822796423701e-08"",""path_gain_sum"":""3.619599553417174e-08"",""path_gain_db"":""-74.41339474041706"",""rx_power_dbm"":""-44.41339474041706"",""sanity_ok"":""True"",""xml_path"":""rt_out/experiments/semantic_ablation_actor_200f/sionna_xml/frame_040_sionna.xml""},{""frame_id"":""40"",""source_sample_index"":""10279"",""rx_id"":""rx_nao_chest"",""num_paths"":""24"",""tau_min"":""1.0787783999433032e-08"",""tau_max"":""6.209720737615498e-08"",""delay_spread"":""5.130942337672195e-08"",""path_gain_sum"":""7.249248312746204e-08"",""path_gain_db"":""-71.39707023849851"",""rx_power_dbm"":""-41.397070238498515"",""sanity_ok"":""True"",""xml_path"":""rt_out/experiments/semantic_ablation_actor_200f/sionna_xml/frame_040_sionna.xml""},{""frame_id"":""40"",""source_sample_index"":""10279"",""rx_id"":""rx_human_chest"",""num_paths"":""23"",""tau_min"":""6.163341392806387e-09"",""tau_max"":""6.568895827285814e-08"",""delay_spread"":""5.952561688005176e-08"",""path_gain_sum"":""2.2439071756252815e-07"",""path_gain_db"":""-66.48995112633139"",""rx_power_dbm"":""-36.48995112633139"",""sanity_ok"":""True"",""xml_path"":""rt_out/experiments/semantic_ablation_actor_200f/sionna_xml/frame_040_sionna.xml""},{""frame_id"":""40"",""source_sample_index"":""10279"",""rx_id"":""rx_x500_body"",""num_paths"":""23"",""tau_min"":""1.7234324189985273e-08"",""tau_max"":""7.465505547088469e-08"",""delay_spread"":""5.742073128089942e-08"",""path_gain_sum"":""3.372388945876992e-08"",""path_gain_db"":""-74.72062342912375"",""rx_power_dbm"":""-44.72062342912375"",""sanity_ok"":""True"",""xml_path"":""rt_out/experiments/semantic_ablation_actor_200f/sionna_xml/frame_040_sionna.xml""}]",6,"[{""frame_id"":""40"",""source_sample_index"":""10279"",""rx_id"":""rx_cerberus_base"",""delta_num_paths"":""0"",""delta_delay_spread"":""0.0"",""delta_rx_power_db"":""0.0"",""y_path_change"":""0"",""y_path_drop"":""0"",""y_rx_power_drop_0p5db"":""0"",""y_rx_power_drop_1db"":""0"",""y_rx_power_drop_2db"":""0"",""y_delay_spread_increase"":""0"",""y_adaptation_trigger_1db"":""0"",""y_adaptation_trigger_2db"":""0""},{""frame_id"":""40"",""source_sample_index"":""10279"",""rx_id"":""rx_human_chest"",""delta_num_paths"":""0"",""delta_delay_spread"":""0.0"",""delta_rx_power_db"":""0.0"",""y_path_change"":""0"",""y_path_drop"":""0"",""y_rx_power_drop_0p5db"":""0"",""y_rx_power_drop_1db"":""0"",""y_rx_power_drop_2db"":""0"",""y_delay_spread_increase"":""0"",""y_adaptation_trigger_1db"":""0"",""y_adaptation_trigger_2db"":""0""},{""frame_id"":""40"",""source_sample_index"":""10279"",""rx_id"":""rx_nao_chest"",""delta_num_paths"":""0"",""delta_delay_spread"":""0.0"",""delta_rx_power_db"":""0.0"",""y_path_change"":""0"",""y_path_drop"":""0"",""y_rx_power_drop_0p5db"":""0"",""y_rx_power_drop_1db"":""0"",""y_rx_power_drop_2db"":""0"",""y_delay_spread_increase"":""0"",""y_adaptation_trigger_1db"":""0"",""y_adaptation_trigger_2db"":""0""},{""frame_id"":""40"",""source_sample_index"":""10279"",""rx_id"":""rx_panda_base"",""delta_num_paths"":""0"",""delta_delay_spread"":""0.0"",""delta_rx_power_db"":""-4.104052919728929e-07"",""y_path_change"":""0"",""y_path_drop"":""0"",""y_rx_power_drop_0p5db"":""0"",""y_rx_power_drop_1db"":""0"",""y_rx_power_drop_2db"":""0"",""y_delay_spread_increase"":""0"",""y_adaptation_trigger_1db"":""0"",""y_adaptation_trigger_2db"":""0""},{""frame_id"":""40"",""source_sample_index"":""10279"",""rx_id"":""rx_ur5_base"",""delta_num_paths"":""-3"",""delta_delay_spread"":""0.0"",""delta_rx_power_db"":""-0.0002934683072055577"",""y_path_change"":""1"",""y_path_drop"":""1"",""y_rx_power_drop_0p5db"":""0"",""y_rx_power_drop_1db"":""0"",""y_rx_power_drop_2db"":""0"",""y_delay_spread_increase"":""0"",""y_adaptation_trigger_1db"":""0"",""y_adaptation_trigger_2db"":""0""},{""frame_id"":""40"",""source_sample_index"":""10279"",""rx_id"":""rx_x500_body"",""delta_num_paths"":""0"",""delta_delay_spread"":""0.0"",""delta_rx_power_db"":""-4.575165917231061e-07"",""y_path_change"":""0"",""y_path_drop"":""0"",""y_rx_power_drop_0p5db"":""0"",""y_rx_power_drop_1db"":""0"",""y_rx_power_drop_2db"":""0"",""y_delay_spread_increase"":""0"",""y_adaptation_trigger_1db"":""0"",""y_adaptation_trigger_2db"":""0""}]",frame_id,rt_out/experiments/perception_rt_small_v0/frames/instance_registry.json,rt_out/experiments/perception_rt_small_v0/configs/semantic_label_map.json,error,missing required panoptic file: panoptic_labels_rgb_path; missing required panoptic file: semantic_decoded_path; missing required panoptic file: gazebo_instance_count_path; missing optional panoptic file: colored_map_path; missing optional panoptic file: metadata_path
0.1,perception_rt_small_v0,rt_out/experiments/semantic_ablation_actor_200f,4,4,40,40,10279,cam_wall_south,640,480,1.047,0.1,20.0,0.221056,-4.22159,2.7964,0.000426,0.271157,1.577903,,,,,,false,false,false,false,false,,false,missing,,,,,,,,6,"rx_panda_base,rx_ur5_base,rx_cerberus_base,rx_nao_chest,rx_human_chest,rx_x500_body",frame_id,"[{""frame_id"":""40"",""source_sample_index"":""10279"",""rx_id"":""rx_panda_base"",""num_paths"":""34"",""tau_min"":""5.357098764591228e-09"",""tau_max"":""6.284866316264015e-08"",""delay_spread"":""5.749156439804892e-08"",""path_gain_sum"":""3.0076100188125565e-07"",""path_gain_db"":""-65.21778477142139"",""rx_power_dbm"":""-35.21778477142139"",""sanity_ok"":""True"",""xml_path"":""rt_out/experiments/semantic_ablation_actor_200f/sionna_xml/frame_040_sionna.xml""},{""frame_id"":""40"",""source_sample_index"":""10279"",""rx_id"":""rx_ur5_base"",""num_paths"":""26"",""tau_min"":""5.708055805797585e-09"",""tau_max"":""5.930293767164585e-08"",""delay_spread"":""5.3594881865848265e-08"",""path_gain_sum"":""7.806144708411011e-07"",""path_gain_db"":""-61.075634021347255"",""rx_power_dbm"":""-31.075634021347255"",""sanity_ok"":""True"",""xml_path"":""rt_out/experiments/semantic_ablation_actor_200f/sionna_xml/frame_040_sionna.xml""},{""frame_id"":""40"",""source_sample_index"":""10279"",""rx_id"":""rx_cerberus_base"",""num_paths"":""17"",""tau_min"":""1.574846919538686e-08"",""tau_max"":""5.723669715962387e-08"",""delay_spread"":""4.148822796423701e-08"",""path_gain_sum"":""3.619599553417174e-08"",""path_gain_db"":""-74.41339474041706"",""rx_power_dbm"":""-44.41339474041706"",""sanity_ok"":""True"",""xml_path"":""rt_out/experiments/semantic_ablation_actor_200f/sionna_xml/frame_040_sionna.xml""},{""frame_id"":""40"",""source_sample_index"":""10279"",""rx_id"":""rx_nao_chest"",""num_paths"":""24"",""tau_min"":""1.0787783999433032e-08"",""tau_max"":""6.209720737615498e-08"",""delay_spread"":""5.130942337672195e-08"",""path_gain_sum"":""7.249248312746204e-08"",""path_gain_db"":""-71.39707023849851"",""rx_power_dbm"":""-41.397070238498515"",""sanity_ok"":""True"",""xml_path"":""rt_out/experiments/semantic_ablation_actor_200f/sionna_xml/frame_040_sionna.xml""},{""frame_id"":""40"",""source_sample_index"":""10279"",""rx_id"":""rx_human_chest"",""num_paths"":""23"",""tau_min"":""6.163341392806387e-09"",""tau_max"":""6.568895827285814e-08"",""delay_spread"":""5.952561688005176e-08"",""path_gain_sum"":""2.2439071756252815e-07"",""path_gain_db"":""-66.48995112633139"",""rx_power_dbm"":""-36.48995112633139"",""sanity_ok"":""True"",""xml_path"":""rt_out/experiments/semantic_ablation_actor_200f/sionna_xml/frame_040_sionna.xml""},{""frame_id"":""40"",""source_sample_index"":""10279"",""rx_id"":""rx_x500_body"",""num_paths"":""23"",""tau_min"":""1.7234324189985273e-08"",""tau_max"":""7.465505547088469e-08"",""delay_spread"":""5.742073128089942e-08"",""path_gain_sum"":""3.372388945876992e-08"",""path_gain_db"":""-74.72062342912375"",""rx_power_dbm"":""-44.72062342912375"",""sanity_ok"":""True"",""xml_path"":""rt_out/experiments/semantic_ablation_actor_200f/sionna_xml/frame_040_sionna.xml""}]",6,"[{""frame_id"":""40"",""source_sample_index"":""10279"",""rx_id"":""rx_cerberus_base"",""delta_num_paths"":""0"",""delta_delay_spread"":""0.0"",""delta_rx_power_db"":""0.0"",""y_path_change"":""0"",""y_path_drop"":""0"",""y_rx_power_drop_0p5db"":""0"",""y_rx_power_drop_1db"":""0"",""y_rx_power_drop_2db"":""0"",""y_delay_spread_increase"":""0"",""y_adaptation_trigger_1db"":""0"",""y_adaptation_trigger_2db"":""0""},{""frame_id"":""40"",""source_sample_index"":""10279"",""rx_id"":""rx_human_chest"",""delta_num_paths"":""0"",""delta_delay_spread"":""0.0"",""delta_rx_power_db"":""0.0"",""y_path_change"":""0"",""y_path_drop"":""0"",""y_rx_power_drop_0p5db"":""0"",""y_rx_power_drop_1db"":""0"",""y_rx_power_drop_2db"":""0"",""y_delay_spread_increase"":""0"",""y_adaptation_trigger_1db"":""0"",""y_adaptation_trigger_2db"":""0""},{""frame_id"":""40"",""source_sample_index"":""10279"",""rx_id"":""rx_nao_chest"",""delta_num_paths"":""0"",""delta_delay_spread"":""0.0"",""delta_rx_power_db"":""0.0"",""y_path_change"":""0"",""y_path_drop"":""0"",""y_rx_power_drop_0p5db"":""0"",""y_rx_power_drop_1db"":""0"",""y_rx_power_drop_2db"":""0"",""y_delay_spread_increase"":""0"",""y_adaptation_trigger_1db"":""0"",""y_adaptation_trigger_2db"":""0""},{""frame_id"":""40"",""source_sample_index"":""10279"",""rx_id"":""rx_panda_base"",""delta_num_paths"":""0"",""delta_delay_spread"":""0.0"",""delta_rx_power_db"":""-4.104052919728929e-07"",""y_path_change"":""0"",""y_path_drop"":""0"",""y_rx_power_drop_0p5db"":""0"",""y_rx_power_drop_1db"":""0"",""y_rx_power_drop_2db"":""0"",""y_delay_spread_increase"":""0"",""y_adaptation_trigger_1db"":""0"",""y_adaptation_trigger_2db"":""0""},{""frame_id"":""40"",""source_sample_index"":""10279"",""rx_id"":""rx_ur5_base"",""delta_num_paths"":""-3"",""delta_delay_spread"":""0.0"",""delta_rx_power_db"":""-0.0002934683072055577"",""y_path_change"":""1"",""y_path_drop"":""1"",""y_rx_power_drop_0p5db"":""0"",""y_rx_power_drop_1db"":""0"",""y_rx_power_drop_2db"":""0"",""y_delay_spread_increase"":""0"",""y_adaptation_trigger_1db"":""0"",""y_adaptation_trigger_2db"":""0""},{""frame_id"":""40"",""source_sample_index"":""10279"",""rx_id"":""rx_x500_body"",""delta_num_paths"":""0"",""delta_delay_spread"":""0.0"",""delta_rx_power_db"":""-4.575165917231061e-07"",""y_path_change"":""0"",""y_path_drop"":""0"",""y_rx_power_drop_0p5db"":""0"",""y_rx_power_drop_1db"":""0"",""y_rx_power_drop_2db"":""0"",""y_delay_spread_increase"":""0"",""y_adaptation_trigger_1db"":""0"",""y_adaptation_trigger_2db"":""0""}]",frame_id,rt_out/experiments/perception_rt_small_v0/frames/instance_registry.json,rt_out/experiments/perception_rt_small_v0/configs/semantic_label_map.json,error,missing required panoptic file: panoptic_labels_rgb_path; missing required panoptic file: semantic_decoded_path; missing required panoptic file: gazebo_instance_count_path; missing optional panoptic file: colored_map_path; missing optional panoptic file: metadata_path
0.1,perception_rt_small_v0,rt_out/experiments/semantic_ablation_actor_200f,4,4,40,40,10279,cam_wall_east,640,480,1.047,0.1,20.0,4.38989,-0.157588,2.81304,-0.047579,0.393096,3.098594,,,,,,false,false,false,false,false,,false,missing,,,,,,,,6,"rx_panda_base,rx_ur5_base,rx_cerberus_base,rx_nao_chest,rx_human_chest,rx_x500_body",frame_id,"[{""frame_id"":""40"",""source_sample_index"":""10279"",""rx_id"":""rx_panda_base"",""num_paths"":""34"",""tau_min"":""5.357098764591228e-09"",""tau_max"":""6.284866316264015e-08"",""delay_spread"":""5.749156439804892e-08"",""path_gain_sum"":""3.0076100188125565e-07"",""path_gain_db"":""-65.21778477142139"",""rx_power_dbm"":""-35.21778477142139"",""sanity_ok"":""True"",""xml_path"":""rt_out/experiments/semantic_ablation_actor_200f/sionna_xml/frame_040_sionna.xml""},{""frame_id"":""40"",""source_sample_index"":""10279"",""rx_id"":""rx_ur5_base"",""num_paths"":""26"",""tau_min"":""5.708055805797585e-09"",""tau_max"":""5.930293767164585e-08"",""delay_spread"":""5.3594881865848265e-08"",""path_gain_sum"":""7.806144708411011e-07"",""path_gain_db"":""-61.075634021347255"",""rx_power_dbm"":""-31.075634021347255"",""sanity_ok"":""True"",""xml_path"":""rt_out/experiments/semantic_ablation_actor_200f/sionna_xml/frame_040_sionna.xml""},{""frame_id"":""40"",""source_sample_index"":""10279"",""rx_id"":""rx_cerberus_base"",""num_paths"":""17"",""tau_min"":""1.574846919538686e-08"",""tau_max"":""5.723669715962387e-08"",""delay_spread"":""4.148822796423701e-08"",""path_gain_sum"":""3.619599553417174e-08"",""path_gain_db"":""-74.41339474041706"",""rx_power_dbm"":""-44.41339474041706"",""sanity_ok"":""True"",""xml_path"":""rt_out/experiments/semantic_ablation_actor_200f/sionna_xml/frame_040_sionna.xml""},{""frame_id"":""40"",""source_sample_index"":""10279"",""rx_id"":""rx_nao_chest"",""num_paths"":""24"",""tau_min"":""1.0787783999433032e-08"",""tau_max"":""6.209720737615498e-08"",""delay_spread"":""5.130942337672195e-08"",""path_gain_sum"":""7.249248312746204e-08"",""path_gain_db"":""-71.39707023849851"",""rx_power_dbm"":""-41.397070238498515"",""sanity_ok"":""True"",""xml_path"":""rt_out/experiments/semantic_ablation_actor_200f/sionna_xml/frame_040_sionna.xml""},{""frame_id"":""40"",""source_sample_index"":""10279"",""rx_id"":""rx_human_chest"",""num_paths"":""23"",""tau_min"":""6.163341392806387e-09"",""tau_max"":""6.568895827285814e-08"",""delay_spread"":""5.952561688005176e-08"",""path_gain_sum"":""2.2439071756252815e-07"",""path_gain_db"":""-66.48995112633139"",""rx_power_dbm"":""-36.48995112633139"",""sanity_ok"":""True"",""xml_path"":""rt_out/experiments/semantic_ablation_actor_200f/sionna_xml/frame_040_sionna.xml""},{""frame_id"":""40"",""source_sample_index"":""10279"",""rx_id"":""rx_x500_body"",""num_paths"":""23"",""tau_min"":""1.7234324189985273e-08"",""tau_max"":""7.465505547088469e-08"",""delay_spread"":""5.742073128089942e-08"",""path_gain_sum"":""3.372388945876992e-08"",""path_gain_db"":""-74.72062342912375"",""rx_power_dbm"":""-44.72062342912375"",""sanity_ok"":""True"",""xml_path"":""rt_out/experiments/semantic_ablation_actor_200f/sionna_xml/frame_040_sionna.xml""}]",6,"[{""frame_id"":""40"",""source_sample_index"":""10279"",""rx_id"":""rx_cerberus_base"",""delta_num_paths"":""0"",""delta_delay_spread"":""0.0"",""delta_rx_power_db"":""0.0"",""y_path_change"":""0"",""y_path_drop"":""0"",""y_rx_power_drop_0p5db"":""0"",""y_rx_power_drop_1db"":""0"",""y_rx_power_drop_2db"":""0"",""y_delay_spread_increase"":""0"",""y_adaptation_trigger_1db"":""0"",""y_adaptation_trigger_2db"":""0""},{""frame_id"":""40"",""source_sample_index"":""10279"",""rx_id"":""rx_human_chest"",""delta_num_paths"":""0"",""delta_delay_spread"":""0.0"",""delta_rx_power_db"":""0.0"",""y_path_change"":""0"",""y_path_drop"":""0"",""y_rx_power_drop_0p5db"":""0"",""y_rx_power_drop_1db"":""0"",""y_rx_power_drop_2db"":""0"",""y_delay_spread_increase"":""0"",""y_adaptation_trigger_1db"":""0"",""y_adaptation_trigger_2db"":""0""},{""frame_id"":""40"",""source_sample_index"":""10279"",""rx_id"":""rx_nao_chest"",""delta_num_paths"":""0"",""delta_delay_spread"":""0.0"",""delta_rx_power_db"":""0.0"",""y_path_change"":""0"",""y_path_drop"":""0"",""y_rx_power_drop_0p5db"":""0"",""y_rx_power_drop_1db"":""0"",""y_rx_power_drop_2db"":""0"",""y_delay_spread_increase"":""0"",""y_adaptation_trigger_1db"":""0"",""y_adaptation_trigger_2db"":""0""},{""frame_id"":""40"",""source_sample_index"":""10279"",""rx_id"":""rx_panda_base"",""delta_num_paths"":""0"",""delta_delay_spread"":""0.0"",""delta_rx_power_db"":""-4.104052919728929e-07"",""y_path_change"":""0"",""y_path_drop"":""0"",""y_rx_power_drop_0p5db"":""0"",""y_rx_power_drop_1db"":""0"",""y_rx_power_drop_2db"":""0"",""y_delay_spread_increase"":""0"",""y_adaptation_trigger_1db"":""0"",""y_adaptation_trigger_2db"":""0""},{""frame_id"":""40"",""source_sample_index"":""10279"",""rx_id"":""rx_ur5_base"",""delta_num_paths"":""-3"",""delta_delay_spread"":""0.0"",""delta_rx_power_db"":""-0.0002934683072055577"",""y_path_change"":""1"",""y_path_drop"":""1"",""y_rx_power_drop_0p5db"":""0"",""y_rx_power_drop_1db"":""0"",""y_rx_power_drop_2db"":""0"",""y_delay_spread_increase"":""0"",""y_adaptation_trigger_1db"":""0"",""y_adaptation_trigger_2db"":""0""},{""frame_id"":""40"",""source_sample_index"":""10279"",""rx_id"":""rx_x500_body"",""delta_num_paths"":""0"",""delta_delay_spread"":""0.0"",""delta_rx_power_db"":""-4.575165917231061e-07"",""y_path_change"":""0"",""y_path_drop"":""0"",""y_rx_power_drop_0p5db"":""0"",""y_rx_power_drop_1db"":""0"",""y_rx_power_drop_2db"":""0"",""y_delay_spread_increase"":""0"",""y_adaptation_trigger_1db"":""0"",""y_adaptation_trigger_2db"":""0""}]",frame_id,rt_out/experiments/perception_rt_small_v0/frames/instance_registry.json,rt_out/experiments/perception_rt_small_v0/configs/semantic_label_map.json,error,missing required panoptic file: panoptic_labels_rgb_path; missing required panoptic file: semantic_decoded_path; missing required panoptic file: gazebo_instance_count_path; missing optional panoptic file: colored_map_path; missing optional panoptic file: metadata_path
0.1,perception_rt_small_v0,rt_out/experiments/semantic_ablation_actor_200f,4,4,40,40,10279,cam_wall_west,640,480,1.047,0.1,20.0,-4.368888,-0.03657,2.817008,0.035211,0.406352,0.030119,,,,,,false,false,false,false,false,,false,missing,,,,,,,,6,"rx_panda_base,rx_ur5_base,rx_cerberus_base,rx_nao_chest,rx_human_chest,rx_x500_body",frame_id,"[{""frame_id"":""40"",""source_sample_index"":""10279"",""rx_id"":""rx_panda_base"",""num_paths"":""34"",""tau_min"":""5.357098764591228e-09"",""tau_max"":""6.284866316264015e-08"",""delay_spread"":""5.749156439804892e-08"",""path_gain_sum"":""3.0076100188125565e-07"",""path_gain_db"":""-65.21778477142139"",""rx_power_dbm"":""-35.21778477142139"",""sanity_ok"":""True"",""xml_path"":""rt_out/experiments/semantic_ablation_actor_200f/sionna_xml/frame_040_sionna.xml""},{""frame_id"":""40"",""source_sample_index"":""10279"",""rx_id"":""rx_ur5_base"",""num_paths"":""26"",""tau_min"":""5.708055805797585e-09"",""tau_max"":""5.930293767164585e-08"",""delay_spread"":""5.3594881865848265e-08"",""path_gain_sum"":""7.806144708411011e-07"",""path_gain_db"":""-61.075634021347255"",""rx_power_dbm"":""-31.075634021347255"",""sanity_ok"":""True"",""xml_path"":""rt_out/experiments/semantic_ablation_actor_200f/sionna_xml/frame_040_sionna.xml""},{""frame_id"":""40"",""source_sample_index"":""10279"",""rx_id"":""rx_cerberus_base"",""num_paths"":""17"",""tau_min"":""1.574846919538686e-08"",""tau_max"":""5.723669715962387e-08"",""delay_spread"":""4.148822796423701e-08"",""path_gain_sum"":""3.619599553417174e-08"",""path_gain_db"":""-74.41339474041706"",""rx_power_dbm"":""-44.41339474041706"",""sanity_ok"":""True"",""xml_path"":""rt_out/experiments/semantic_ablation_actor_200f/sionna_xml/frame_040_sionna.xml""},{""frame_id"":""40"",""source_sample_index"":""10279"",""rx_id"":""rx_nao_chest"",""num_paths"":""24"",""tau_min"":""1.0787783999433032e-08"",""tau_max"":""6.209720737615498e-08"",""delay_spread"":""5.130942337672195e-08"",""path_gain_sum"":""7.249248312746204e-08"",""path_gain_db"":""-71.39707023849851"",""rx_power_dbm"":""-41.397070238498515"",""sanity_ok"":""True"",""xml_path"":""rt_out/experiments/semantic_ablation_actor_200f/sionna_xml/frame_040_sionna.xml""},{""frame_id"":""40"",""source_sample_index"":""10279"",""rx_id"":""rx_human_chest"",""num_paths"":""23"",""tau_min"":""6.163341392806387e-09"",""tau_max"":""6.568895827285814e-08"",""delay_spread"":""5.952561688005176e-08"",""path_gain_sum"":""2.2439071756252815e-07"",""path_gain_db"":""-66.48995112633139"",""rx_power_dbm"":""-36.48995112633139"",""sanity_ok"":""True"",""xml_path"":""rt_out/experiments/semantic_ablation_actor_200f/sionna_xml/frame_040_sionna.xml""},{""frame_id"":""40"",""source_sample_index"":""10279"",""rx_id"":""rx_x500_body"",""num_paths"":""23"",""tau_min"":""1.7234324189985273e-08"",""tau_max"":""7.465505547088469e-08"",""delay_spread"":""5.742073128089942e-08"",""path_gain_sum"":""3.372388945876992e-08"",""path_gain_db"":""-74.72062342912375"",""rx_power_dbm"":""-44.72062342912375"",""sanity_ok"":""True"",""xml_path"":""rt_out/experiments/semantic_ablation_actor_200f/sionna_xml/frame_040_sionna.xml""}]",6,"[{""frame_id"":""40"",""source_sample_index"":""10279"",""rx_id"":""rx_cerberus_base"",""delta_num_paths"":""0"",""delta_delay_spread"":""0.0"",""delta_rx_power_db"":""0.0"",""y_path_change"":""0"",""y_path_drop"":""0"",""y_rx_power_drop_0p5db"":""0"",""y_rx_power_drop_1db"":""0"",""y_rx_power_drop_2db"":""0"",""y_delay_spread_increase"":""0"",""y_adaptation_trigger_1db"":""0"",""y_adaptation_trigger_2db"":""0""},{""frame_id"":""40"",""source_sample_index"":""10279"",""rx_id"":""rx_human_chest"",""delta_num_paths"":""0"",""delta_delay_spread"":""0.0"",""delta_rx_power_db"":""0.0"",""y_path_change"":""0"",""y_path_drop"":""0"",""y_rx_power_drop_0p5db"":""0"",""y_rx_power_drop_1db"":""0"",""y_rx_power_drop_2db"":""0"",""y_delay_spread_increase"":""0"",""y_adaptation_trigger_1db"":""0"",""y_adaptation_trigger_2db"":""0""},{""frame_id"":""40"",""source_sample_index"":""10279"",""rx_id"":""rx_nao_chest"",""delta_num_paths"":""0"",""delta_delay_spread"":""0.0"",""delta_rx_power_db"":""0.0"",""y_path_change"":""0"",""y_path_drop"":""0"",""y_rx_power_drop_0p5db"":""0"",""y_rx_power_drop_1db"":""0"",""y_rx_power_drop_2db"":""0"",""y_delay_spread_increase"":""0"",""y_adaptation_trigger_1db"":""0"",""y_adaptation_trigger_2db"":""0""},{""frame_id"":""40"",""source_sample_index"":""10279"",""rx_id"":""rx_panda_base"",""delta_num_paths"":""0"",""delta_delay_spread"":""0.0"",""delta_rx_power_db"":""-4.104052919728929e-07"",""y_path_change"":""0"",""y_path_drop"":""0"",""y_rx_power_drop_0p5db"":""0"",""y_rx_power_drop_1db"":""0"",""y_rx_power_drop_2db"":""0"",""y_delay_spread_increase"":""0"",""y_adaptation_trigger_1db"":""0"",""y_adaptation_trigger_2db"":""0""},{""frame_id"":""40"",""source_sample_index"":""10279"",""rx_id"":""rx_ur5_base"",""delta_num_paths"":""-3"",""delta_delay_spread"":""0.0"",""delta_rx_power_db"":""-0.0002934683072055577"",""y_path_change"":""1"",""y_path_drop"":""1"",""y_rx_power_drop_0p5db"":""0"",""y_rx_power_drop_1db"":""0"",""y_rx_power_drop_2db"":""0"",""y_delay_spread_increase"":""0"",""y_adaptation_trigger_1db"":""0"",""y_adaptation_trigger_2db"":""0""},{""frame_id"":""40"",""source_sample_index"":""10279"",""rx_id"":""rx_x500_body"",""delta_num_paths"":""0"",""delta_delay_spread"":""0.0"",""delta_rx_power_db"":""-4.575165917231061e-07"",""y_path_change"":""0"",""y_path_drop"":""0"",""y_rx_power_drop_0p5db"":""0"",""y_rx_power_drop_1db"":""0"",""y_rx_power_drop_2db"":""0"",""y_delay_spread_increase"":""0"",""y_adaptation_trigger_1db"":""0"",""y_adaptation_trigger_2db"":""0""}]",frame_id,rt_out/experiments/perception_rt_small_v0/frames/instance_registry.json,rt_out/experiments/perception_rt_small_v0/configs/semantic_label_map.json,error,missing required panoptic file: panoptic_labels_rgb_path; missing required panoptic file: semantic_decoded_path; missing required panoptic file: gazebo_instance_count_path; missing optional panoptic file: colored_map_path; missing optional panoptic file: metadata_path
0.1,perception_rt_small_v0,rt_out/experiments/semantic_ablation_actor_200f,5,5,50,50,12849,cam_corner_nw,640,480,1.047,0.1,20.0,-4.368888,4.38902,2.76265,-0.018875,0.447306,-0.787697,,,,,,false,false,false,false,false,,false,missing,,,,,,,,6,"rx_panda_base,rx_ur5_base,rx_cerberus_base,rx_nao_chest,rx_human_chest,rx_x500_body",frame_id,"[{""frame_id"":""50"",""source_sample_index"":""12849"",""rx_id"":""rx_panda_base"",""num_paths"":""20"",""tau_min"":""5.357098764591228e-09"",""tau_max"":""6.284866316264015e-08"",""delay_spread"":""5.749156439804892e-08"",""path_gain_sum"":""2.840686477156851e-07"",""path_gain_db"":""-65.46576696144865"",""rx_power_dbm"":""-35.46576696144865"",""sanity_ok"":""True"",""xml_path"":""rt_out/experiments/semantic_ablation_actor_200f/sionna_xml/frame_050_sionna.xml""},{""frame_id"":""50"",""source_sample_index"":""12849"",""rx_id"":""rx_ur5_base"",""num_paths"":""29"",""tau_min"":""5.708055805797585e-09"",""tau_max"":""6.370818539380707e-08"",""delay_spread"":""5.8000129588009486e-08"",""path_gain_sum"":""9.239101359526103e-07"",""path_gain_db"":""-60.34370268344659"",""rx_power_dbm"":""-30.343702683446587"",""sanity_ok"":""True"",""xml_path"":""rt_out/experiments/semantic_ablation_actor_200f/sionna_xml/frame_050_sionna.xml""},{""frame_id"":""50"",""source_sample_index"":""12849"",""rx_id"":""rx_cerberus_base"",""num_paths"":""16"",""tau_min"":""1.574846919538686e-08"",""tau_max"":""5.723669715962387e-08"",""delay_spread"":""4.148822796423701e-08"",""path_gain_sum"":""3.6160923144734625e-08"",""path_gain_db"":""-74.41760491041067"",""rx_power_dbm"":""-44.417604910410674"",""sanity_ok"":""True"",""xml_path"":""rt_out/experiments/semantic_ablation_actor_200f/sionna_xml/frame_050_sionna.xml""},{""frame_id"":""50"",""source_sample_index"":""12849"",""rx_id"":""rx_nao_chest"",""num_paths"":""23"",""tau_min"":""1.0787783999433032e-08"",""tau_max"":""6.209720737615498e-08"",""delay_spread"":""5.130942337672195e-08"",""path_gain_sum"":""7.244494071301233e-08"",""path_gain_db"":""-71.39991938655777"",""rx_power_dbm"":""-41.39991938655777"",""sanity_ok"":""True"",""xml_path"":""rt_out/experiments/semantic_ablation_actor_200f/sionna_xml/frame_050_sionna.xml""},{""frame_id"":""50"",""source_sample_index"":""12849"",""rx_id"":""rx_human_chest"",""num_paths"":""23"",""tau_min"":""6.163341392806387e-09"",""tau_max"":""6.568895827285814e-08"",""delay_spread"":""5.952561688005176e-08"",""path_gain_sum"":""2.2439071756252815e-07"",""path_gain_db"":""-66.48995112633139"",""rx_power_dbm"":""-36.48995112633139"",""sanity_ok"":""True"",""xml_path"":""rt_out/experiments/semantic_ablation_actor_200f/sionna_xml/frame_050_sionna.xml""},{""frame_id"":""50"",""source_sample_index"":""12849"",""rx_id"":""rx_x500_body"",""num_paths"":""23"",""tau_min"":""1.7234324189985273e-08"",""tau_max"":""7.465505547088469e-08"",""delay_spread"":""5.742073128089942e-08"",""path_gain_sum"":""3.3723893011483597e-08"",""path_gain_db"":""-74.72062297160716"",""rx_power_dbm"":""-44.720622971607156"",""sanity_ok"":""True"",""xml_path"":""rt_out/experiments/semantic_ablation_actor_200f/sionna_xml/frame_050_sionna.xml""}]",6,"[{""frame_id"":""50"",""source_sample_index"":""12849"",""rx_id"":""rx_cerberus_base"",""delta_num_paths"":""0"",""delta_delay_spread"":""0.0"",""delta_rx_power_db"":""0.0021710773545180473"",""y_path_change"":""0"",""y_path_drop"":""0"",""y_rx_power_drop_0p5db"":""0"",""y_rx_power_drop_1db"":""0"",""y_rx_power_drop_2db"":""0"",""y_delay_spread_increase"":""0"",""y_adaptation_trigger_1db"":""0"",""y_adaptation_trigger_2db"":""0""},{""frame_id"":""50"",""source_sample_index"":""12849"",""rx_id"":""rx_human_chest"",""delta_num_paths"":""0"",""delta_delay_spread"":""0.0"",""delta_rx_power_db"":""0.0"",""y_path_change"":""0"",""y_path_drop"":""0"",""y_rx_power_drop_0p5db"":""0"",""y_rx_power_drop_1db"":""0"",""y_rx_power_drop_2db"":""0"",""y_delay_spread_increase"":""0"",""y_adaptation_trigger_1db"":""0"",""y_adaptation_trigger_2db"":""0""},{""frame_id"":""50"",""source_sample_index"":""12849"",""rx_id"":""rx_nao_chest"",""delta_num_paths"":""-1"",""delta_delay_spread"":""0.0"",""delta_rx_power_db"":""-0.002849148059254958"",""y_path_change"":""1"",""y_path_drop"":""1"",""y_rx_power_drop_0p5db"":""0"",""y_rx_power_drop_1db"":""0"",""y_rx_power_drop_2db"":""0"",""y_delay_spread_increase"":""0"",""y_adaptation_trigger_1db"":""0"",""y_adaptation_trigger_2db"":""0""},{""frame_id"":""50"",""source_sample_index"":""12849"",""rx_id"":""rx_panda_base"",""delta_num_paths"":""-11"",""delta_delay_spread"":""0.0"",""delta_rx_power_db"":""-0.24345552350057176"",""y_path_change"":""1"",""y_path_drop"":""1"",""y_rx_power_drop_0p5db"":""0"",""y_rx_power_drop_1db"":""0"",""y_rx_power_drop_2db"":""0"",""y_delay_spread_increase"":""0"",""y_adaptation_trigger_1db"":""0"",""y_adaptation_trigger_2db"":""0""},{""frame_id"":""50"",""source_sample_index"":""12849"",""rx_id"":""rx_ur5_base"",""delta_num_paths"":""0"",""delta_delay_spread"":""0.0"",""delta_rx_power_db"":""0.0380237881838994"",""y_path_change"":""0"",""y_path_drop"":""0"",""y_rx_power_drop_0p5db"":""0"",""y_rx_power_drop_1db"":""0"",""y_rx_power_drop_2db"":""0"",""y_delay_spread_increase"":""0"",""y_adaptation_trigger_1db"":""0"",""y_adaptation_trigger_2db"":""0""},{""frame_id"":""50"",""source_sample_index"":""12849"",""rx_id"":""rx_x500_body"",""delta_num_paths"":""0"",""delta_delay_spread"":""0.0"",""delta_rx_power_db"":""4.575165917231061e-07"",""y_path_change"":""0"",""y_path_drop"":""0"",""y_rx_power_drop_0p5db"":""0"",""y_rx_power_drop_1db"":""0"",""y_rx_power_drop_2db"":""0"",""y_delay_spread_increase"":""0"",""y_adaptation_trigger_1db"":""0"",""y_adaptation_trigger_2db"":""0""}]",frame_id,rt_out/experiments/perception_rt_small_v0/frames/instance_registry.json,rt_out/experiments/perception_rt_small_v0/configs/semantic_label_map.json,error,missing required panoptic file: panoptic_labels_rgb_path; missing required panoptic file: semantic_decoded_path; missing required panoptic file: gazebo_instance_count_path; missing optional panoptic file: colored_map_path; missing optional panoptic file: metadata_path
0.1,perception_rt_small_v0,rt_out/experiments/semantic_ablation_actor_200f,5,5,50,50,12849,cam_corner_ne,640,480,1.047,0.1,20.0,4.38989,4.38902,2.76265,-0.018875,0.447306,-2.356294,,,,,,false,false,false,false,false,,false,missing,,,,,,,,6,"rx_panda_base,rx_ur5_base,rx_cerberus_base,rx_nao_chest,rx_human_chest,rx_x500_body",frame_id,"[{""frame_id"":""50"",""source_sample_index"":""12849"",""rx_id"":""rx_panda_base"",""num_paths"":""20"",""tau_min"":""5.357098764591228e-09"",""tau_max"":""6.284866316264015e-08"",""delay_spread"":""5.749156439804892e-08"",""path_gain_sum"":""2.840686477156851e-07"",""path_gain_db"":""-65.46576696144865"",""rx_power_dbm"":""-35.46576696144865"",""sanity_ok"":""True"",""xml_path"":""rt_out/experiments/semantic_ablation_actor_200f/sionna_xml/frame_050_sionna.xml""},{""frame_id"":""50"",""source_sample_index"":""12849"",""rx_id"":""rx_ur5_base"",""num_paths"":""29"",""tau_min"":""5.708055805797585e-09"",""tau_max"":""6.370818539380707e-08"",""delay_spread"":""5.8000129588009486e-08"",""path_gain_sum"":""9.239101359526103e-07"",""path_gain_db"":""-60.34370268344659"",""rx_power_dbm"":""-30.343702683446587"",""sanity_ok"":""True"",""xml_path"":""rt_out/experiments/semantic_ablation_actor_200f/sionna_xml/frame_050_sionna.xml""},{""frame_id"":""50"",""source_sample_index"":""12849"",""rx_id"":""rx_cerberus_base"",""num_paths"":""16"",""tau_min"":""1.574846919538686e-08"",""tau_max"":""5.723669715962387e-08"",""delay_spread"":""4.148822796423701e-08"",""path_gain_sum"":""3.6160923144734625e-08"",""path_gain_db"":""-74.41760491041067"",""rx_power_dbm"":""-44.417604910410674"",""sanity_ok"":""True"",""xml_path"":""rt_out/experiments/semantic_ablation_actor_200f/sionna_xml/frame_050_sionna.xml""},{""frame_id"":""50"",""source_sample_index"":""12849"",""rx_id"":""rx_nao_chest"",""num_paths"":""23"",""tau_min"":""1.0787783999433032e-08"",""tau_max"":""6.209720737615498e-08"",""delay_spread"":""5.130942337672195e-08"",""path_gain_sum"":""7.244494071301233e-08"",""path_gain_db"":""-71.39991938655777"",""rx_power_dbm"":""-41.39991938655777"",""sanity_ok"":""True"",""xml_path"":""rt_out/experiments/semantic_ablation_actor_200f/sionna_xml/frame_050_sionna.xml""},{""frame_id"":""50"",""source_sample_index"":""12849"",""rx_id"":""rx_human_chest"",""num_paths"":""23"",""tau_min"":""6.163341392806387e-09"",""tau_max"":""6.568895827285814e-08"",""delay_spread"":""5.952561688005176e-08"",""path_gain_sum"":""2.2439071756252815e-07"",""path_gain_db"":""-66.48995112633139"",""rx_power_dbm"":""-36.48995112633139"",""sanity_ok"":""True"",""xml_path"":""rt_out/experiments/semantic_ablation_actor_200f/sionna_xml/frame_050_sionna.xml""},{""frame_id"":""50"",""source_sample_index"":""12849"",""rx_id"":""rx_x500_body"",""num_paths"":""23"",""tau_min"":""1.7234324189985273e-08"",""tau_max"":""7.465505547088469e-08"",""delay_spread"":""5.742073128089942e-08"",""path_gain_sum"":""3.3723893011483597e-08"",""path_gain_db"":""-74.72062297160716"",""rx_power_dbm"":""-44.720622971607156"",""sanity_ok"":""True"",""xml_path"":""rt_out/experiments/semantic_ablation_actor_200f/sionna_xml/frame_050_sionna.xml""}]",6,"[{""frame_id"":""50"",""source_sample_index"":""12849"",""rx_id"":""rx_cerberus_base"",""delta_num_paths"":""0"",""delta_delay_spread"":""0.0"",""delta_rx_power_db"":""0.0021710773545180473"",""y_path_change"":""0"",""y_path_drop"":""0"",""y_rx_power_drop_0p5db"":""0"",""y_rx_power_drop_1db"":""0"",""y_rx_power_drop_2db"":""0"",""y_delay_spread_increase"":""0"",""y_adaptation_trigger_1db"":""0"",""y_adaptation_trigger_2db"":""0""},{""frame_id"":""50"",""source_sample_index"":""12849"",""rx_id"":""rx_human_chest"",""delta_num_paths"":""0"",""delta_delay_spread"":""0.0"",""delta_rx_power_db"":""0.0"",""y_path_change"":""0"",""y_path_drop"":""0"",""y_rx_power_drop_0p5db"":""0"",""y_rx_power_drop_1db"":""0"",""y_rx_power_drop_2db"":""0"",""y_delay_spread_increase"":""0"",""y_adaptation_trigger_1db"":""0"",""y_adaptation_trigger_2db"":""0""},{""frame_id"":""50"",""source_sample_index"":""12849"",""rx_id"":""rx_nao_chest"",""delta_num_paths"":""-1"",""delta_delay_spread"":""0.0"",""delta_rx_power_db"":""-0.002849148059254958"",""y_path_change"":""1"",""y_path_drop"":""1"",""y_rx_power_drop_0p5db"":""0"",""y_rx_power_drop_1db"":""0"",""y_rx_power_drop_2db"":""0"",""y_delay_spread_increase"":""0"",""y_adaptation_trigger_1db"":""0"",""y_adaptation_trigger_2db"":""0""},{""frame_id"":""50"",""source_sample_index"":""12849"",""rx_id"":""rx_panda_base"",""delta_num_paths"":""-11"",""delta_delay_spread"":""0.0"",""delta_rx_power_db"":""-0.24345552350057176"",""y_path_change"":""1"",""y_path_drop"":""1"",""y_rx_power_drop_0p5db"":""0"",""y_rx_power_drop_1db"":""0"",""y_rx_power_drop_2db"":""0"",""y_delay_spread_increase"":""0"",""y_adaptation_trigger_1db"":""0"",""y_adaptation_trigger_2db"":""0""},{""frame_id"":""50"",""source_sample_index"":""12849"",""rx_id"":""rx_ur5_base"",""delta_num_paths"":""0"",""delta_delay_spread"":""0.0"",""delta_rx_power_db"":""0.0380237881838994"",""y_path_change"":""0"",""y_path_drop"":""0"",""y_rx_power_drop_0p5db"":""0"",""y_rx_power_drop_1db"":""0"",""y_rx_power_drop_2db"":""0"",""y_delay_spread_increase"":""0"",""y_adaptation_trigger_1db"":""0"",""y_adaptation_trigger_2db"":""0""},{""frame_id"":""50"",""source_sample_index"":""12849"",""rx_id"":""rx_x500_body"",""delta_num_paths"":""0"",""delta_delay_spread"":""0.0"",""delta_rx_power_db"":""4.575165917231061e-07"",""y_path_change"":""0"",""y_path_drop"":""0"",""y_rx_power_drop_0p5db"":""0"",""y_rx_power_drop_1db"":""0"",""y_rx_power_drop_2db"":""0"",""y_delay_spread_increase"":""0"",""y_adaptation_trigger_1db"":""0"",""y_adaptation_trigger_2db"":""0""}]",frame_id,rt_out/experiments/perception_rt_small_v0/frames/instance_registry.json,rt_out/experiments/perception_rt_small_v0/configs/semantic_label_map.json,error,missing required panoptic file: panoptic_labels_rgb_path; missing required panoptic file: semantic_decoded_path; missing required panoptic file: gazebo_instance_count_path; missing optional panoptic file: colored_map_path; missing optional panoptic file: metadata_path
0.1,perception_rt_small_v0,rt_out/experiments/semantic_ablation_actor_200f,5,5,50,50,12849,cam_corner_sw,640,480,1.047,0.1,20.0,-4.2766,-4.27322,2.72007,-0.014193,0.518246,0.774445,,,,,,false,false,false,false,false,,false,missing,,,,,,,,6,"rx_panda_base,rx_ur5_base,rx_cerberus_base,rx_nao_chest,rx_human_chest,rx_x500_body",frame_id,"[{""frame_id"":""50"",""source_sample_index"":""12849"",""rx_id"":""rx_panda_base"",""num_paths"":""20"",""tau_min"":""5.357098764591228e-09"",""tau_max"":""6.284866316264015e-08"",""delay_spread"":""5.749156439804892e-08"",""path_gain_sum"":""2.840686477156851e-07"",""path_gain_db"":""-65.46576696144865"",""rx_power_dbm"":""-35.46576696144865"",""sanity_ok"":""True"",""xml_path"":""rt_out/experiments/semantic_ablation_actor_200f/sionna_xml/frame_050_sionna.xml""},{""frame_id"":""50"",""source_sample_index"":""12849"",""rx_id"":""rx_ur5_base"",""num_paths"":""29"",""tau_min"":""5.708055805797585e-09"",""tau_max"":""6.370818539380707e-08"",""delay_spread"":""5.8000129588009486e-08"",""path_gain_sum"":""9.239101359526103e-07"",""path_gain_db"":""-60.34370268344659"",""rx_power_dbm"":""-30.343702683446587"",""sanity_ok"":""True"",""xml_path"":""rt_out/experiments/semantic_ablation_actor_200f/sionna_xml/frame_050_sionna.xml""},{""frame_id"":""50"",""source_sample_index"":""12849"",""rx_id"":""rx_cerberus_base"",""num_paths"":""16"",""tau_min"":""1.574846919538686e-08"",""tau_max"":""5.723669715962387e-08"",""delay_spread"":""4.148822796423701e-08"",""path_gain_sum"":""3.6160923144734625e-08"",""path_gain_db"":""-74.41760491041067"",""rx_power_dbm"":""-44.417604910410674"",""sanity_ok"":""True"",""xml_path"":""rt_out/experiments/semantic_ablation_actor_200f/sionna_xml/frame_050_sionna.xml""},{""frame_id"":""50"",""source_sample_index"":""12849"",""rx_id"":""rx_nao_chest"",""num_paths"":""23"",""tau_min"":""1.0787783999433032e-08"",""tau_max"":""6.209720737615498e-08"",""delay_spread"":""5.130942337672195e-08"",""path_gain_sum"":""7.244494071301233e-08"",""path_gain_db"":""-71.39991938655777"",""rx_power_dbm"":""-41.39991938655777"",""sanity_ok"":""True"",""xml_path"":""rt_out/experiments/semantic_ablation_actor_200f/sionna_xml/frame_050_sionna.xml""},{""frame_id"":""50"",""source_sample_index"":""12849"",""rx_id"":""rx_human_chest"",""num_paths"":""23"",""tau_min"":""6.163341392806387e-09"",""tau_max"":""6.568895827285814e-08"",""delay_spread"":""5.952561688005176e-08"",""path_gain_sum"":""2.2439071756252815e-07"",""path_gain_db"":""-66.48995112633139"",""rx_power_dbm"":""-36.48995112633139"",""sanity_ok"":""True"",""xml_path"":""rt_out/experiments/semantic_ablation_actor_200f/sionna_xml/frame_050_sionna.xml""},{""frame_id"":""50"",""source_sample_index"":""12849"",""rx_id"":""rx_x500_body"",""num_paths"":""23"",""tau_min"":""1.7234324189985273e-08"",""tau_max"":""7.465505547088469e-08"",""delay_spread"":""5.742073128089942e-08"",""path_gain_sum"":""3.3723893011483597e-08"",""path_gain_db"":""-74.72062297160716"",""rx_power_dbm"":""-44.720622971607156"",""sanity_ok"":""True"",""xml_path"":""rt_out/experiments/semantic_ablation_actor_200f/sionna_xml/frame_050_sionna.xml""}]",6,"[{""frame_id"":""50"",""source_sample_index"":""12849"",""rx_id"":""rx_cerberus_base"",""delta_num_paths"":""0"",""delta_delay_spread"":""0.0"",""delta_rx_power_db"":""0.0021710773545180473"",""y_path_change"":""0"",""y_path_drop"":""0"",""y_rx_power_drop_0p5db"":""0"",""y_rx_power_drop_1db"":""0"",""y_rx_power_drop_2db"":""0"",""y_delay_spread_increase"":""0"",""y_adaptation_trigger_1db"":""0"",""y_adaptation_trigger_2db"":""0""},{""frame_id"":""50"",""source_sample_index"":""12849"",""rx_id"":""rx_human_chest"",""delta_num_paths"":""0"",""delta_delay_spread"":""0.0"",""delta_rx_power_db"":""0.0"",""y_path_change"":""0"",""y_path_drop"":""0"",""y_rx_power_drop_0p5db"":""0"",""y_rx_power_drop_1db"":""0"",""y_rx_power_drop_2db"":""0"",""y_delay_spread_increase"":""0"",""y_adaptation_trigger_1db"":""0"",""y_adaptation_trigger_2db"":""0""},{""frame_id"":""50"",""source_sample_index"":""12849"",""rx_id"":""rx_nao_chest"",""delta_num_paths"":""-1"",""delta_delay_spread"":""0.0"",""delta_rx_power_db"":""-0.002849148059254958"",""y_path_change"":""1"",""y_path_drop"":""1"",""y_rx_power_drop_0p5db"":""0"",""y_rx_power_drop_1db"":""0"",""y_rx_power_drop_2db"":""0"",""y_delay_spread_increase"":""0"",""y_adaptation_trigger_1db"":""0"",""y_adaptation_trigger_2db"":""0""},{""frame_id"":""50"",""source_sample_index"":""12849"",""rx_id"":""rx_panda_base"",""delta_num_paths"":""-11"",""delta_delay_spread"":""0.0"",""delta_rx_power_db"":""-0.24345552350057176"",""y_path_change"":""1"",""y_path_drop"":""1"",""y_rx_power_drop_0p5db"":""0"",""y_rx_power_drop_1db"":""0"",""y_rx_power_drop_2db"":""0"",""y_delay_spread_increase"":""0"",""y_adaptation_trigger_1db"":""0"",""y_adaptation_trigger_2db"":""0""},{""frame_id"":""50"",""source_sample_index"":""12849"",""rx_id"":""rx_ur5_base"",""delta_num_paths"":""0"",""delta_delay_spread"":""0.0"",""delta_rx_power_db"":""0.0380237881838994"",""y_path_change"":""0"",""y_path_drop"":""0"",""y_rx_power_drop_0p5db"":""0"",""y_rx_power_drop_1db"":""0"",""y_rx_power_drop_2db"":""0"",""y_delay_spread_increase"":""0"",""y_adaptation_trigger_1db"":""0"",""y_adaptation_trigger_2db"":""0""},{""frame_id"":""50"",""source_sample_index"":""12849"",""rx_id"":""rx_x500_body"",""delta_num_paths"":""0"",""delta_delay_spread"":""0.0"",""delta_rx_power_db"":""4.575165917231061e-07"",""y_path_change"":""0"",""y_path_drop"":""0"",""y_rx_power_drop_0p5db"":""0"",""y_rx_power_drop_1db"":""0"",""y_rx_power_drop_2db"":""0"",""y_delay_spread_increase"":""0"",""y_adaptation_trigger_1db"":""0"",""y_adaptation_trigger_2db"":""0""}]",frame_id,rt_out/experiments/perception_rt_small_v0/frames/instance_registry.json,rt_out/experiments/perception_rt_small_v0/configs/semantic_label_map.json,error,missing required panoptic file: panoptic_labels_rgb_path; missing required panoptic file: semantic_decoded_path; missing required panoptic file: gazebo_instance_count_path; missing optional panoptic file: colored_map_path; missing optional panoptic file: metadata_path
0.1,perception_rt_small_v0,rt_out/experiments/semantic_ablation_actor_200f,5,5,50,50,12849,cam_corner_se,640,480,1.047,0.1,20.0,4.44776,-4.40805,2.80523,-0.023556,0.376367,2.408296,,,,,,false,false,false,false,false,,false,missing,,,,,,,,6,"rx_panda_base,rx_ur5_base,rx_cerberus_base,rx_nao_chest,rx_human_chest,rx_x500_body",frame_id,"[{""frame_id"":""50"",""source_sample_index"":""12849"",""rx_id"":""rx_panda_base"",""num_paths"":""20"",""tau_min"":""5.357098764591228e-09"",""tau_max"":""6.284866316264015e-08"",""delay_spread"":""5.749156439804892e-08"",""path_gain_sum"":""2.840686477156851e-07"",""path_gain_db"":""-65.46576696144865"",""rx_power_dbm"":""-35.46576696144865"",""sanity_ok"":""True"",""xml_path"":""rt_out/experiments/semantic_ablation_actor_200f/sionna_xml/frame_050_sionna.xml""},{""frame_id"":""50"",""source_sample_index"":""12849"",""rx_id"":""rx_ur5_base"",""num_paths"":""29"",""tau_min"":""5.708055805797585e-09"",""tau_max"":""6.370818539380707e-08"",""delay_spread"":""5.8000129588009486e-08"",""path_gain_sum"":""9.239101359526103e-07"",""path_gain_db"":""-60.34370268344659"",""rx_power_dbm"":""-30.343702683446587"",""sanity_ok"":""True"",""xml_path"":""rt_out/experiments/semantic_ablation_actor_200f/sionna_xml/frame_050_sionna.xml""},{""frame_id"":""50"",""source_sample_index"":""12849"",""rx_id"":""rx_cerberus_base"",""num_paths"":""16"",""tau_min"":""1.574846919538686e-08"",""tau_max"":""5.723669715962387e-08"",""delay_spread"":""4.148822796423701e-08"",""path_gain_sum"":""3.6160923144734625e-08"",""path_gain_db"":""-74.41760491041067"",""rx_power_dbm"":""-44.417604910410674"",""sanity_ok"":""True"",""xml_path"":""rt_out/experiments/semantic_ablation_actor_200f/sionna_xml/frame_050_sionna.xml""},{""frame_id"":""50"",""source_sample_index"":""12849"",""rx_id"":""rx_nao_chest"",""num_paths"":""23"",""tau_min"":""1.0787783999433032e-08"",""tau_max"":""6.209720737615498e-08"",""delay_spread"":""5.130942337672195e-08"",""path_gain_sum"":""7.244494071301233e-08"",""path_gain_db"":""-71.39991938655777"",""rx_power_dbm"":""-41.39991938655777"",""sanity_ok"":""True"",""xml_path"":""rt_out/experiments/semantic_ablation_actor_200f/sionna_xml/frame_050_sionna.xml""},{""frame_id"":""50"",""source_sample_index"":""12849"",""rx_id"":""rx_human_chest"",""num_paths"":""23"",""tau_min"":""6.163341392806387e-09"",""tau_max"":""6.568895827285814e-08"",""delay_spread"":""5.952561688005176e-08"",""path_gain_sum"":""2.2439071756252815e-07"",""path_gain_db"":""-66.48995112633139"",""rx_power_dbm"":""-36.48995112633139"",""sanity_ok"":""True"",""xml_path"":""rt_out/experiments/semantic_ablation_actor_200f/sionna_xml/frame_050_sionna.xml""},{""frame_id"":""50"",""source_sample_index"":""12849"",""rx_id"":""rx_x500_body"",""num_paths"":""23"",""tau_min"":""1.7234324189985273e-08"",""tau_max"":""7.465505547088469e-08"",""delay_spread"":""5.742073128089942e-08"",""path_gain_sum"":""3.3723893011483597e-08"",""path_gain_db"":""-74.72062297160716"",""rx_power_dbm"":""-44.720622971607156"",""sanity_ok"":""True"",""xml_path"":""rt_out/experiments/semantic_ablation_actor_200f/sionna_xml/frame_050_sionna.xml""}]",6,"[{""frame_id"":""50"",""source_sample_index"":""12849"",""rx_id"":""rx_cerberus_base"",""delta_num_paths"":""0"",""delta_delay_spread"":""0.0"",""delta_rx_power_db"":""0.0021710773545180473"",""y_path_change"":""0"",""y_path_drop"":""0"",""y_rx_power_drop_0p5db"":""0"",""y_rx_power_drop_1db"":""0"",""y_rx_power_drop_2db"":""0"",""y_delay_spread_increase"":""0"",""y_adaptation_trigger_1db"":""0"",""y_adaptation_trigger_2db"":""0""},{""frame_id"":""50"",""source_sample_index"":""12849"",""rx_id"":""rx_human_chest"",""delta_num_paths"":""0"",""delta_delay_spread"":""0.0"",""delta_rx_power_db"":""0.0"",""y_path_change"":""0"",""y_path_drop"":""0"",""y_rx_power_drop_0p5db"":""0"",""y_rx_power_drop_1db"":""0"",""y_rx_power_drop_2db"":""0"",""y_delay_spread_increase"":""0"",""y_adaptation_trigger_1db"":""0"",""y_adaptation_trigger_2db"":""0""},{""frame_id"":""50"",""source_sample_index"":""12849"",""rx_id"":""rx_nao_chest"",""delta_num_paths"":""-1"",""delta_delay_spread"":""0.0"",""delta_rx_power_db"":""-0.002849148059254958"",""y_path_change"":""1"",""y_path_drop"":""1"",""y_rx_power_drop_0p5db"":""0"",""y_rx_power_drop_1db"":""0"",""y_rx_power_drop_2db"":""0"",""y_delay_spread_increase"":""0"",""y_adaptation_trigger_1db"":""0"",""y_adaptation_trigger_2db"":""0""},{""frame_id"":""50"",""source_sample_index"":""12849"",""rx_id"":""rx_panda_base"",""delta_num_paths"":""-11"",""delta_delay_spread"":""0.0"",""delta_rx_power_db"":""-0.24345552350057176"",""y_path_change"":""1"",""y_path_drop"":""1"",""y_rx_power_drop_0p5db"":""0"",""y_rx_power_drop_1db"":""0"",""y_rx_power_drop_2db"":""0"",""y_delay_spread_increase"":""0"",""y_adaptation_trigger_1db"":""0"",""y_adaptation_trigger_2db"":""0""},{""frame_id"":""50"",""source_sample_index"":""12849"",""rx_id"":""rx_ur5_base"",""delta_num_paths"":""0"",""delta_delay_spread"":""0.0"",""delta_rx_power_db"":""0.0380237881838994"",""y_path_change"":""0"",""y_path_drop"":""0"",""y_rx_power_drop_0p5db"":""0"",""y_rx_power_drop_1db"":""0"",""y_rx_power_drop_2db"":""0"",""y_delay_spread_increase"":""0"",""y_adaptation_trigger_1db"":""0"",""y_adaptation_trigger_2db"":""0""},{""frame_id"":""50"",""source_sample_index"":""12849"",""rx_id"":""rx_x500_body"",""delta_num_paths"":""0"",""delta_delay_spread"":""0.0"",""delta_rx_power_db"":""4.575165917231061e-07"",""y_path_change"":""0"",""y_path_drop"":""0"",""y_rx_power_drop_0p5db"":""0"",""y_rx_power_drop_1db"":""0"",""y_rx_power_drop_2db"":""0"",""y_delay_spread_increase"":""0"",""y_adaptation_trigger_1db"":""0"",""y_adaptation_trigger_2db"":""0""}]",frame_id,rt_out/experiments/perception_rt_small_v0/frames/instance_registry.json,rt_out/experiments/perception_rt_small_v0/configs/semantic_label_map.json,error,missing required panoptic file: panoptic_labels_rgb_path; missing required panoptic file: semantic_decoded_path; missing required panoptic file: gazebo_instance_count_path; missing optional panoptic file: colored_map_path; missing optional panoptic file: metadata_path
0.1,perception_rt_small_v0,rt_out/experiments/semantic_ablation_actor_200f,5,5,50,50,12849,cam_wall_north,640,480,1.047,0.1,20.0,0.221087,4.38902,2.71504,-0.0,0.562591,-1.5708,,,,,,false,false,false,false,false,,false,missing,,,,,,,,6,"rx_panda_base,rx_ur5_base,rx_cerberus_base,rx_nao_chest,rx_human_chest,rx_x500_body",frame_id,"[{""frame_id"":""50"",""source_sample_index"":""12849"",""rx_id"":""rx_panda_base"",""num_paths"":""20"",""tau_min"":""5.357098764591228e-09"",""tau_max"":""6.284866316264015e-08"",""delay_spread"":""5.749156439804892e-08"",""path_gain_sum"":""2.840686477156851e-07"",""path_gain_db"":""-65.46576696144865"",""rx_power_dbm"":""-35.46576696144865"",""sanity_ok"":""True"",""xml_path"":""rt_out/experiments/semantic_ablation_actor_200f/sionna_xml/frame_050_sionna.xml""},{""frame_id"":""50"",""source_sample_index"":""12849"",""rx_id"":""rx_ur5_base"",""num_paths"":""29"",""tau_min"":""5.708055805797585e-09"",""tau_max"":""6.370818539380707e-08"",""delay_spread"":""5.8000129588009486e-08"",""path_gain_sum"":""9.239101359526103e-07"",""path_gain_db"":""-60.34370268344659"",""rx_power_dbm"":""-30.343702683446587"",""sanity_ok"":""True"",""xml_path"":""rt_out/experiments/semantic_ablation_actor_200f/sionna_xml/frame_050_sionna.xml""},{""frame_id"":""50"",""source_sample_index"":""12849"",""rx_id"":""rx_cerberus_base"",""num_paths"":""16"",""tau_min"":""1.574846919538686e-08"",""tau_max"":""5.723669715962387e-08"",""delay_spread"":""4.148822796423701e-08"",""path_gain_sum"":""3.6160923144734625e-08"",""path_gain_db"":""-74.41760491041067"",""rx_power_dbm"":""-44.417604910410674"",""sanity_ok"":""True"",""xml_path"":""rt_out/experiments/semantic_ablation_actor_200f/sionna_xml/frame_050_sionna.xml""},{""frame_id"":""50"",""source_sample_index"":""12849"",""rx_id"":""rx_nao_chest"",""num_paths"":""23"",""tau_min"":""1.0787783999433032e-08"",""tau_max"":""6.209720737615498e-08"",""delay_spread"":""5.130942337672195e-08"",""path_gain_sum"":""7.244494071301233e-08"",""path_gain_db"":""-71.39991938655777"",""rx_power_dbm"":""-41.39991938655777"",""sanity_ok"":""True"",""xml_path"":""rt_out/experiments/semantic_ablation_actor_200f/sionna_xml/frame_050_sionna.xml""},{""frame_id"":""50"",""source_sample_index"":""12849"",""rx_id"":""rx_human_chest"",""num_paths"":""23"",""tau_min"":""6.163341392806387e-09"",""tau_max"":""6.568895827285814e-08"",""delay_spread"":""5.952561688005176e-08"",""path_gain_sum"":""2.2439071756252815e-07"",""path_gain_db"":""-66.48995112633139"",""rx_power_dbm"":""-36.48995112633139"",""sanity_ok"":""True"",""xml_path"":""rt_out/experiments/semantic_ablation_actor_200f/sionna_xml/frame_050_sionna.xml""},{""frame_id"":""50"",""source_sample_index"":""12849"",""rx_id"":""rx_x500_body"",""num_paths"":""23"",""tau_min"":""1.7234324189985273e-08"",""tau_max"":""7.465505547088469e-08"",""delay_spread"":""5.742073128089942e-08"",""path_gain_sum"":""3.3723893011483597e-08"",""path_gain_db"":""-74.72062297160716"",""rx_power_dbm"":""-44.720622971607156"",""sanity_ok"":""True"",""xml_path"":""rt_out/experiments/semantic_ablation_actor_200f/sionna_xml/frame_050_sionna.xml""}]",6,"[{""frame_id"":""50"",""source_sample_index"":""12849"",""rx_id"":""rx_cerberus_base"",""delta_num_paths"":""0"",""delta_delay_spread"":""0.0"",""delta_rx_power_db"":""0.0021710773545180473"",""y_path_change"":""0"",""y_path_drop"":""0"",""y_rx_power_drop_0p5db"":""0"",""y_rx_power_drop_1db"":""0"",""y_rx_power_drop_2db"":""0"",""y_delay_spread_increase"":""0"",""y_adaptation_trigger_1db"":""0"",""y_adaptation_trigger_2db"":""0""},{""frame_id"":""50"",""source_sample_index"":""12849"",""rx_id"":""rx_human_chest"",""delta_num_paths"":""0"",""delta_delay_spread"":""0.0"",""delta_rx_power_db"":""0.0"",""y_path_change"":""0"",""y_path_drop"":""0"",""y_rx_power_drop_0p5db"":""0"",""y_rx_power_drop_1db"":""0"",""y_rx_power_drop_2db"":""0"",""y_delay_spread_increase"":""0"",""y_adaptation_trigger_1db"":""0"",""y_adaptation_trigger_2db"":""0""},{""frame_id"":""50"",""source_sample_index"":""12849"",""rx_id"":""rx_nao_chest"",""delta_num_paths"":""-1"",""delta_delay_spread"":""0.0"",""delta_rx_power_db"":""-0.002849148059254958"",""y_path_change"":""1"",""y_path_drop"":""1"",""y_rx_power_drop_0p5db"":""0"",""y_rx_power_drop_1db"":""0"",""y_rx_power_drop_2db"":""0"",""y_delay_spread_increase"":""0"",""y_adaptation_trigger_1db"":""0"",""y_adaptation_trigger_2db"":""0""},{""frame_id"":""50"",""source_sample_index"":""12849"",""rx_id"":""rx_panda_base"",""delta_num_paths"":""-11"",""delta_delay_spread"":""0.0"",""delta_rx_power_db"":""-0.24345552350057176"",""y_path_change"":""1"",""y_path_drop"":""1"",""y_rx_power_drop_0p5db"":""0"",""y_rx_power_drop_1db"":""0"",""y_rx_power_drop_2db"":""0"",""y_delay_spread_increase"":""0"",""y_adaptation_trigger_1db"":""0"",""y_adaptation_trigger_2db"":""0""},{""frame_id"":""50"",""source_sample_index"":""12849"",""rx_id"":""rx_ur5_base"",""delta_num_paths"":""0"",""delta_delay_spread"":""0.0"",""delta_rx_power_db"":""0.0380237881838994"",""y_path_change"":""0"",""y_path_drop"":""0"",""y_rx_power_drop_0p5db"":""0"",""y_rx_power_drop_1db"":""0"",""y_rx_power_drop_2db"":""0"",""y_delay_spread_increase"":""0"",""y_adaptation_trigger_1db"":""0"",""y_adaptation_trigger_2db"":""0""},{""frame_id"":""50"",""source_sample_index"":""12849"",""rx_id"":""rx_x500_body"",""delta_num_paths"":""0"",""delta_delay_spread"":""0.0"",""delta_rx_power_db"":""4.575165917231061e-07"",""y_path_change"":""0"",""y_path_drop"":""0"",""y_rx_power_drop_0p5db"":""0"",""y_rx_power_drop_1db"":""0"",""y_rx_power_drop_2db"":""0"",""y_delay_spread_increase"":""0"",""y_adaptation_trigger_1db"":""0"",""y_adaptation_trigger_2db"":""0""}]",frame_id,rt_out/experiments/perception_rt_small_v0/frames/instance_registry.json,rt_out/experiments/perception_rt_small_v0/configs/semantic_label_map.json,error,missing required panoptic file: panoptic_labels_rgb_path; missing required panoptic file: semantic_decoded_path; missing required panoptic file: gazebo_instance_count_path; missing optional panoptic file: colored_map_path; missing optional panoptic file: metadata_path
0.1,perception_rt_small_v0,rt_out/experiments/semantic_ablation_actor_200f,5,5,50,50,12849,cam_wall_south,640,480,1.047,0.1,20.0,0.221056,-4.22159,2.7964,0.000426,0.271157,1.577903,,,,,,false,false,false,false,false,,false,missing,,,,,,,,6,"rx_panda_base,rx_ur5_base,rx_cerberus_base,rx_nao_chest,rx_human_chest,rx_x500_body",frame_id,"[{""frame_id"":""50"",""source_sample_index"":""12849"",""rx_id"":""rx_panda_base"",""num_paths"":""20"",""tau_min"":""5.357098764591228e-09"",""tau_max"":""6.284866316264015e-08"",""delay_spread"":""5.749156439804892e-08"",""path_gain_sum"":""2.840686477156851e-07"",""path_gain_db"":""-65.46576696144865"",""rx_power_dbm"":""-35.46576696144865"",""sanity_ok"":""True"",""xml_path"":""rt_out/experiments/semantic_ablation_actor_200f/sionna_xml/frame_050_sionna.xml""},{""frame_id"":""50"",""source_sample_index"":""12849"",""rx_id"":""rx_ur5_base"",""num_paths"":""29"",""tau_min"":""5.708055805797585e-09"",""tau_max"":""6.370818539380707e-08"",""delay_spread"":""5.8000129588009486e-08"",""path_gain_sum"":""9.239101359526103e-07"",""path_gain_db"":""-60.34370268344659"",""rx_power_dbm"":""-30.343702683446587"",""sanity_ok"":""True"",""xml_path"":""rt_out/experiments/semantic_ablation_actor_200f/sionna_xml/frame_050_sionna.xml""},{""frame_id"":""50"",""source_sample_index"":""12849"",""rx_id"":""rx_cerberus_base"",""num_paths"":""16"",""tau_min"":""1.574846919538686e-08"",""tau_max"":""5.723669715962387e-08"",""delay_spread"":""4.148822796423701e-08"",""path_gain_sum"":""3.6160923144734625e-08"",""path_gain_db"":""-74.41760491041067"",""rx_power_dbm"":""-44.417604910410674"",""sanity_ok"":""True"",""xml_path"":""rt_out/experiments/semantic_ablation_actor_200f/sionna_xml/frame_050_sionna.xml""},{""frame_id"":""50"",""source_sample_index"":""12849"",""rx_id"":""rx_nao_chest"",""num_paths"":""23"",""tau_min"":""1.0787783999433032e-08"",""tau_max"":""6.209720737615498e-08"",""delay_spread"":""5.130942337672195e-08"",""path_gain_sum"":""7.244494071301233e-08"",""path_gain_db"":""-71.39991938655777"",""rx_power_dbm"":""-41.39991938655777"",""sanity_ok"":""True"",""xml_path"":""rt_out/experiments/semantic_ablation_actor_200f/sionna_xml/frame_050_sionna.xml""},{""frame_id"":""50"",""source_sample_index"":""12849"",""rx_id"":""rx_human_chest"",""num_paths"":""23"",""tau_min"":""6.163341392806387e-09"",""tau_max"":""6.568895827285814e-08"",""delay_spread"":""5.952561688005176e-08"",""path_gain_sum"":""2.2439071756252815e-07"",""path_gain_db"":""-66.48995112633139"",""rx_power_dbm"":""-36.48995112633139"",""sanity_ok"":""True"",""xml_path"":""rt_out/experiments/semantic_ablation_actor_200f/sionna_xml/frame_050_sionna.xml""},{""frame_id"":""50"",""source_sample_index"":""12849"",""rx_id"":""rx_x500_body"",""num_paths"":""23"",""tau_min"":""1.7234324189985273e-08"",""tau_max"":""7.465505547088469e-08"",""delay_spread"":""5.742073128089942e-08"",""path_gain_sum"":""3.3723893011483597e-08"",""path_gain_db"":""-74.72062297160716"",""rx_power_dbm"":""-44.720622971607156"",""sanity_ok"":""True"",""xml_path"":""rt_out/experiments/semantic_ablation_actor_200f/sionna_xml/frame_050_sionna.xml""}]",6,"[{""frame_id"":""50"",""source_sample_index"":""12849"",""rx_id"":""rx_cerberus_base"",""delta_num_paths"":""0"",""delta_delay_spread"":""0.0"",""delta_rx_power_db"":""0.0021710773545180473"",""y_path_change"":""0"",""y_path_drop"":""0"",""y_rx_power_drop_0p5db"":""0"",""y_rx_power_drop_1db"":""0"",""y_rx_power_drop_2db"":""0"",""y_delay_spread_increase"":""0"",""y_adaptation_trigger_1db"":""0"",""y_adaptation_trigger_2db"":""0""},{""frame_id"":""50"",""source_sample_index"":""12849"",""rx_id"":""rx_human_chest"",""delta_num_paths"":""0"",""delta_delay_spread"":""0.0"",""delta_rx_power_db"":""0.0"",""y_path_change"":""0"",""y_path_drop"":""0"",""y_rx_power_drop_0p5db"":""0"",""y_rx_power_drop_1db"":""0"",""y_rx_power_drop_2db"":""0"",""y_delay_spread_increase"":""0"",""y_adaptation_trigger_1db"":""0"",""y_adaptation_trigger_2db"":""0""},{""frame_id"":""50"",""source_sample_index"":""12849"",""rx_id"":""rx_nao_chest"",""delta_num_paths"":""-1"",""delta_delay_spread"":""0.0"",""delta_rx_power_db"":""-0.002849148059254958"",""y_path_change"":""1"",""y_path_drop"":""1"",""y_rx_power_drop_0p5db"":""0"",""y_rx_power_drop_1db"":""0"",""y_rx_power_drop_2db"":""0"",""y_delay_spread_increase"":""0"",""y_adaptation_trigger_1db"":""0"",""y_adaptation_trigger_2db"":""0""},{""frame_id"":""50"",""source_sample_index"":""12849"",""rx_id"":""rx_panda_base"",""delta_num_paths"":""-11"",""delta_delay_spread"":""0.0"",""delta_rx_power_db"":""-0.24345552350057176"",""y_path_change"":""1"",""y_path_drop"":""1"",""y_rx_power_drop_0p5db"":""0"",""y_rx_power_drop_1db"":""0"",""y_rx_power_drop_2db"":""0"",""y_delay_spread_increase"":""0"",""y_adaptation_trigger_1db"":""0"",""y_adaptation_trigger_2db"":""0""},{""frame_id"":""50"",""source_sample_index"":""12849"",""rx_id"":""rx_ur5_base"",""delta_num_paths"":""0"",""delta_delay_spread"":""0.0"",""delta_rx_power_db"":""0.0380237881838994"",""y_path_change"":""0"",""y_path_drop"":""0"",""y_rx_power_drop_0p5db"":""0"",""y_rx_power_drop_1db"":""0"",""y_rx_power_drop_2db"":""0"",""y_delay_spread_increase"":""0"",""y_adaptation_trigger_1db"":""0"",""y_adaptation_trigger_2db"":""0""},{""frame_id"":""50"",""source_sample_index"":""12849"",""rx_id"":""rx_x500_body"",""delta_num_paths"":""0"",""delta_delay_spread"":""0.0"",""delta_rx_power_db"":""4.575165917231061e-07"",""y_path_change"":""0"",""y_path_drop"":""0"",""y_rx_power_drop_0p5db"":""0"",""y_rx_power_drop_1db"":""0"",""y_rx_power_drop_2db"":""0"",""y_delay_spread_increase"":""0"",""y_adaptation_trigger_1db"":""0"",""y_adaptation_trigger_2db"":""0""}]",frame_id,rt_out/experiments/perception_rt_small_v0/frames/instance_registry.json,rt_out/experiments/perception_rt_small_v0/configs/semantic_label_map.json,error,missing required panoptic file: panoptic_labels_rgb_path; missing required panoptic file: semantic_decoded_path; missing required panoptic file: gazebo_instance_count_path; missing optional panoptic file: colored_map_path; missing optional panoptic file: metadata_path
0.1,perception_rt_small_v0,rt_out/experiments/semantic_ablation_actor_200f,5,5,50,50,12849,cam_wall_east,640,480,1.047,0.1,20.0,4.38989,-0.157588,2.81304,-0.047579,0.393096,3.098594,,,,,,false,false,false,false,false,,false,missing,,,,,,,,6,"rx_panda_base,rx_ur5_base,rx_cerberus_base,rx_nao_chest,rx_human_chest,rx_x500_body",frame_id,"[{""frame_id"":""50"",""source_sample_index"":""12849"",""rx_id"":""rx_panda_base"",""num_paths"":""20"",""tau_min"":""5.357098764591228e-09"",""tau_max"":""6.284866316264015e-08"",""delay_spread"":""5.749156439804892e-08"",""path_gain_sum"":""2.840686477156851e-07"",""path_gain_db"":""-65.46576696144865"",""rx_power_dbm"":""-35.46576696144865"",""sanity_ok"":""True"",""xml_path"":""rt_out/experiments/semantic_ablation_actor_200f/sionna_xml/frame_050_sionna.xml""},{""frame_id"":""50"",""source_sample_index"":""12849"",""rx_id"":""rx_ur5_base"",""num_paths"":""29"",""tau_min"":""5.708055805797585e-09"",""tau_max"":""6.370818539380707e-08"",""delay_spread"":""5.8000129588009486e-08"",""path_gain_sum"":""9.239101359526103e-07"",""path_gain_db"":""-60.34370268344659"",""rx_power_dbm"":""-30.343702683446587"",""sanity_ok"":""True"",""xml_path"":""rt_out/experiments/semantic_ablation_actor_200f/sionna_xml/frame_050_sionna.xml""},{""frame_id"":""50"",""source_sample_index"":""12849"",""rx_id"":""rx_cerberus_base"",""num_paths"":""16"",""tau_min"":""1.574846919538686e-08"",""tau_max"":""5.723669715962387e-08"",""delay_spread"":""4.148822796423701e-08"",""path_gain_sum"":""3.6160923144734625e-08"",""path_gain_db"":""-74.41760491041067"",""rx_power_dbm"":""-44.417604910410674"",""sanity_ok"":""True"",""xml_path"":""rt_out/experiments/semantic_ablation_actor_200f/sionna_xml/frame_050_sionna.xml""},{""frame_id"":""50"",""source_sample_index"":""12849"",""rx_id"":""rx_nao_chest"",""num_paths"":""23"",""tau_min"":""1.0787783999433032e-08"",""tau_max"":""6.209720737615498e-08"",""delay_spread"":""5.130942337672195e-08"",""path_gain_sum"":""7.244494071301233e-08"",""path_gain_db"":""-71.39991938655777"",""rx_power_dbm"":""-41.39991938655777"",""sanity_ok"":""True"",""xml_path"":""rt_out/experiments/semantic_ablation_actor_200f/sionna_xml/frame_050_sionna.xml""},{""frame_id"":""50"",""source_sample_index"":""12849"",""rx_id"":""rx_human_chest"",""num_paths"":""23"",""tau_min"":""6.163341392806387e-09"",""tau_max"":""6.568895827285814e-08"",""delay_spread"":""5.952561688005176e-08"",""path_gain_sum"":""2.2439071756252815e-07"",""path_gain_db"":""-66.48995112633139"",""rx_power_dbm"":""-36.48995112633139"",""sanity_ok"":""True"",""xml_path"":""rt_out/experiments/semantic_ablation_actor_200f/sionna_xml/frame_050_sionna.xml""},{""frame_id"":""50"",""source_sample_index"":""12849"",""rx_id"":""rx_x500_body"",""num_paths"":""23"",""tau_min"":""1.7234324189985273e-08"",""tau_max"":""7.465505547088469e-08"",""delay_spread"":""5.742073128089942e-08"",""path_gain_sum"":""3.3723893011483597e-08"",""path_gain_db"":""-74.72062297160716"",""rx_power_dbm"":""-44.720622971607156"",""sanity_ok"":""True"",""xml_path"":""rt_out/experiments/semantic_ablation_actor_200f/sionna_xml/frame_050_sionna.xml""}]",6,"[{""frame_id"":""50"",""source_sample_index"":""12849"",""rx_id"":""rx_cerberus_base"",""delta_num_paths"":""0"",""delta_delay_spread"":""0.0"",""delta_rx_power_db"":""0.0021710773545180473"",""y_path_change"":""0"",""y_path_drop"":""0"",""y_rx_power_drop_0p5db"":""0"",""y_rx_power_drop_1db"":""0"",""y_rx_power_drop_2db"":""0"",""y_delay_spread_increase"":""0"",""y_adaptation_trigger_1db"":""0"",""y_adaptation_trigger_2db"":""0""},{""frame_id"":""50"",""source_sample_index"":""12849"",""rx_id"":""rx_human_chest"",""delta_num_paths"":""0"",""delta_delay_spread"":""0.0"",""delta_rx_power_db"":""0.0"",""y_path_change"":""0"",""y_path_drop"":""0"",""y_rx_power_drop_0p5db"":""0"",""y_rx_power_drop_1db"":""0"",""y_rx_power_drop_2db"":""0"",""y_delay_spread_increase"":""0"",""y_adaptation_trigger_1db"":""0"",""y_adaptation_trigger_2db"":""0""},{""frame_id"":""50"",""source_sample_index"":""12849"",""rx_id"":""rx_nao_chest"",""delta_num_paths"":""-1"",""delta_delay_spread"":""0.0"",""delta_rx_power_db"":""-0.002849148059254958"",""y_path_change"":""1"",""y_path_drop"":""1"",""y_rx_power_drop_0p5db"":""0"",""y_rx_power_drop_1db"":""0"",""y_rx_power_drop_2db"":""0"",""y_delay_spread_increase"":""0"",""y_adaptation_trigger_1db"":""0"",""y_adaptation_trigger_2db"":""0""},{""frame_id"":""50"",""source_sample_index"":""12849"",""rx_id"":""rx_panda_base"",""delta_num_paths"":""-11"",""delta_delay_spread"":""0.0"",""delta_rx_power_db"":""-0.24345552350057176"",""y_path_change"":""1"",""y_path_drop"":""1"",""y_rx_power_drop_0p5db"":""0"",""y_rx_power_drop_1db"":""0"",""y_rx_power_drop_2db"":""0"",""y_delay_spread_increase"":""0"",""y_adaptation_trigger_1db"":""0"",""y_adaptation_trigger_2db"":""0""},{""frame_id"":""50"",""source_sample_index"":""12849"",""rx_id"":""rx_ur5_base"",""delta_num_paths"":""0"",""delta_delay_spread"":""0.0"",""delta_rx_power_db"":""0.0380237881838994"",""y_path_change"":""0"",""y_path_drop"":""0"",""y_rx_power_drop_0p5db"":""0"",""y_rx_power_drop_1db"":""0"",""y_rx_power_drop_2db"":""0"",""y_delay_spread_increase"":""0"",""y_adaptation_trigger_1db"":""0"",""y_adaptation_trigger_2db"":""0""},{""frame_id"":""50"",""source_sample_index"":""12849"",""rx_id"":""rx_x500_body"",""delta_num_paths"":""0"",""delta_delay_spread"":""0.0"",""delta_rx_power_db"":""4.575165917231061e-07"",""y_path_change"":""0"",""y_path_drop"":""0"",""y_rx_power_drop_0p5db"":""0"",""y_rx_power_drop_1db"":""0"",""y_rx_power_drop_2db"":""0"",""y_delay_spread_increase"":""0"",""y_adaptation_trigger_1db"":""0"",""y_adaptation_trigger_2db"":""0""}]",frame_id,rt_out/experiments/perception_rt_small_v0/frames/instance_registry.json,rt_out/experiments/perception_rt_small_v0/configs/semantic_label_map.json,error,missing required panoptic file: panoptic_labels_rgb_path; missing required panoptic file: semantic_decoded_path; missing required panoptic file: gazebo_instance_count_path; missing optional panoptic file: colored_map_path; missing optional panoptic file: metadata_path
0.1,perception_rt_small_v0,rt_out/experiments/semantic_ablation_actor_200f,5,5,50,50,12849,cam_wall_west,640,480,1.047,0.1,20.0,-4.368888,-0.03657,2.817008,0.035211,0.406352,0.030119,,,,,,false,false,false,false,false,,false,missing,,,,,,,,6,"rx_panda_base,rx_ur5_base,rx_cerberus_base,rx_nao_chest,rx_human_chest,rx_x500_body",frame_id,"[{""frame_id"":""50"",""source_sample_index"":""12849"",""rx_id"":""rx_panda_base"",""num_paths"":""20"",""tau_min"":""5.357098764591228e-09"",""tau_max"":""6.284866316264015e-08"",""delay_spread"":""5.749156439804892e-08"",""path_gain_sum"":""2.840686477156851e-07"",""path_gain_db"":""-65.46576696144865"",""rx_power_dbm"":""-35.46576696144865"",""sanity_ok"":""True"",""xml_path"":""rt_out/experiments/semantic_ablation_actor_200f/sionna_xml/frame_050_sionna.xml""},{""frame_id"":""50"",""source_sample_index"":""12849"",""rx_id"":""rx_ur5_base"",""num_paths"":""29"",""tau_min"":""5.708055805797585e-09"",""tau_max"":""6.370818539380707e-08"",""delay_spread"":""5.8000129588009486e-08"",""path_gain_sum"":""9.239101359526103e-07"",""path_gain_db"":""-60.34370268344659"",""rx_power_dbm"":""-30.343702683446587"",""sanity_ok"":""True"",""xml_path"":""rt_out/experiments/semantic_ablation_actor_200f/sionna_xml/frame_050_sionna.xml""},{""frame_id"":""50"",""source_sample_index"":""12849"",""rx_id"":""rx_cerberus_base"",""num_paths"":""16"",""tau_min"":""1.574846919538686e-08"",""tau_max"":""5.723669715962387e-08"",""delay_spread"":""4.148822796423701e-08"",""path_gain_sum"":""3.6160923144734625e-08"",""path_gain_db"":""-74.41760491041067"",""rx_power_dbm"":""-44.417604910410674"",""sanity_ok"":""True"",""xml_path"":""rt_out/experiments/semantic_ablation_actor_200f/sionna_xml/frame_050_sionna.xml""},{""frame_id"":""50"",""source_sample_index"":""12849"",""rx_id"":""rx_nao_chest"",""num_paths"":""23"",""tau_min"":""1.0787783999433032e-08"",""tau_max"":""6.209720737615498e-08"",""delay_spread"":""5.130942337672195e-08"",""path_gain_sum"":""7.244494071301233e-08"",""path_gain_db"":""-71.39991938655777"",""rx_power_dbm"":""-41.39991938655777"",""sanity_ok"":""True"",""xml_path"":""rt_out/experiments/semantic_ablation_actor_200f/sionna_xml/frame_050_sionna.xml""},{""frame_id"":""50"",""source_sample_index"":""12849"",""rx_id"":""rx_human_chest"",""num_paths"":""23"",""tau_min"":""6.163341392806387e-09"",""tau_max"":""6.568895827285814e-08"",""delay_spread"":""5.952561688005176e-08"",""path_gain_sum"":""2.2439071756252815e-07"",""path_gain_db"":""-66.48995112633139"",""rx_power_dbm"":""-36.48995112633139"",""sanity_ok"":""True"",""xml_path"":""rt_out/experiments/semantic_ablation_actor_200f/sionna_xml/frame_050_sionna.xml""},{""frame_id"":""50"",""source_sample_index"":""12849"",""rx_id"":""rx_x500_body"",""num_paths"":""23"",""tau_min"":""1.7234324189985273e-08"",""tau_max"":""7.465505547088469e-08"",""delay_spread"":""5.742073128089942e-08"",""path_gain_sum"":""3.3723893011483597e-08"",""path_gain_db"":""-74.72062297160716"",""rx_power_dbm"":""-44.720622971607156"",""sanity_ok"":""True"",""xml_path"":""rt_out/experiments/semantic_ablation_actor_200f/sionna_xml/frame_050_sionna.xml""}]",6,"[{""frame_id"":""50"",""source_sample_index"":""12849"",""rx_id"":""rx_cerberus_base"",""delta_num_paths"":""0"",""delta_delay_spread"":""0.0"",""delta_rx_power_db"":""0.0021710773545180473"",""y_path_change"":""0"",""y_path_drop"":""0"",""y_rx_power_drop_0p5db"":""0"",""y_rx_power_drop_1db"":""0"",""y_rx_power_drop_2db"":""0"",""y_delay_spread_increase"":""0"",""y_adaptation_trigger_1db"":""0"",""y_adaptation_trigger_2db"":""0""},{""frame_id"":""50"",""source_sample_index"":""12849"",""rx_id"":""rx_human_chest"",""delta_num_paths"":""0"",""delta_delay_spread"":""0.0"",""delta_rx_power_db"":""0.0"",""y_path_change"":""0"",""y_path_drop"":""0"",""y_rx_power_drop_0p5db"":""0"",""y_rx_power_drop_1db"":""0"",""y_rx_power_drop_2db"":""0"",""y_delay_spread_increase"":""0"",""y_adaptation_trigger_1db"":""0"",""y_adaptation_trigger_2db"":""0""},{""frame_id"":""50"",""source_sample_index"":""12849"",""rx_id"":""rx_nao_chest"",""delta_num_paths"":""-1"",""delta_delay_spread"":""0.0"",""delta_rx_power_db"":""-0.002849148059254958"",""y_path_change"":""1"",""y_path_drop"":""1"",""y_rx_power_drop_0p5db"":""0"",""y_rx_power_drop_1db"":""0"",""y_rx_power_drop_2db"":""0"",""y_delay_spread_increase"":""0"",""y_adaptation_trigger_1db"":""0"",""y_adaptation_trigger_2db"":""0""},{""frame_id"":""50"",""source_sample_index"":""12849"",""rx_id"":""rx_panda_base"",""delta_num_paths"":""-11"",""delta_delay_spread"":""0.0"",""delta_rx_power_db"":""-0.24345552350057176"",""y_path_change"":""1"",""y_path_drop"":""1"",""y_rx_power_drop_0p5db"":""0"",""y_rx_power_drop_1db"":""0"",""y_rx_power_drop_2db"":""0"",""y_delay_spread_increase"":""0"",""y_adaptation_trigger_1db"":""0"",""y_adaptation_trigger_2db"":""0""},{""frame_id"":""50"",""source_sample_index"":""12849"",""rx_id"":""rx_ur5_base"",""delta_num_paths"":""0"",""delta_delay_spread"":""0.0"",""delta_rx_power_db"":""0.0380237881838994"",""y_path_change"":""0"",""y_path_drop"":""0"",""y_rx_power_drop_0p5db"":""0"",""y_rx_power_drop_1db"":""0"",""y_rx_power_drop_2db"":""0"",""y_delay_spread_increase"":""0"",""y_adaptation_trigger_1db"":""0"",""y_adaptation_trigger_2db"":""0""},{""frame_id"":""50"",""source_sample_index"":""12849"",""rx_id"":""rx_x500_body"",""delta_num_paths"":""0"",""delta_delay_spread"":""0.0"",""delta_rx_power_db"":""4.575165917231061e-07"",""y_path_change"":""0"",""y_path_drop"":""0"",""y_rx_power_drop_0p5db"":""0"",""y_rx_power_drop_1db"":""0"",""y_rx_power_drop_2db"":""0"",""y_delay_spread_increase"":""0"",""y_adaptation_trigger_1db"":""0"",""y_adaptation_trigger_2db"":""0""}]",frame_id,rt_out/experiments/perception_rt_small_v0/frames/instance_registry.json,rt_out/experiments/perception_rt_small_v0/configs/semantic_label_map.json,error,missing required panoptic file: panoptic_labels_rgb_path; missing required panoptic file: semantic_decoded_path; missing required panoptic file: gazebo_instance_count_path; missing optional panoptic file: colored_map_path; missing optional panoptic file: metadata_path
0.1,perception_rt_small_v0,rt_out/experiments/semantic_ablation_actor_200f,6,6,60,60,15419,cam_corner_nw,640,480,1.047,0.1,20.0,-4.368888,4.38902,2.76265,-0.018875,0.447306,-0.787697,,,,,,false,false,false,false,false,,false,missing,,,,,,,,6,"rx_panda_base,rx_ur5_base,rx_cerberus_base,rx_nao_chest,rx_human_chest,rx_x500_body",frame_id,"[{""frame_id"":""60"",""source_sample_index"":""15419"",""rx_id"":""rx_panda_base"",""num_paths"":""29"",""tau_min"":""5.357098764591228e-09"",""tau_max"":""6.284866316264015e-08"",""delay_spread"":""5.749156439804892e-08"",""path_gain_sum"":""2.8423502840269066e-07"",""path_gain_db"":""-65.46322401761904"",""rx_power_dbm"":""-35.46322401761904"",""sanity_ok"":""True"",""xml_path"":""rt_out/experiments/semantic_ablation_actor_200f/sionna_xml/frame_060_sionna.xml""},{""frame_id"":""60"",""source_sample_index"":""15419"",""rx_id"":""rx_ur5_base"",""num_paths"":""26"",""tau_min"":""5.708055805797585e-09"",""tau_max"":""6.370818539380707e-08"",""delay_spread"":""5.8000129588009486e-08"",""path_gain_sum"":""1.0111518804478692e-06"",""path_gain_db"":""-59.95183606143584"",""rx_power_dbm"":""-29.95183606143584"",""sanity_ok"":""True"",""xml_path"":""rt_out/experiments/semantic_ablation_actor_200f/sionna_xml/frame_060_sionna.xml""},{""frame_id"":""60"",""source_sample_index"":""15419"",""rx_id"":""rx_cerberus_base"",""num_paths"":""18"",""tau_min"":""1.574846919538686e-08"",""tau_max"":""5.723669715962387e-08"",""delay_spread"":""4.148822796423701e-08"",""path_gain_sum"":""3.621421384991663e-08"",""path_gain_db"":""-74.41120938168608"",""rx_power_dbm"":""-44.41120938168608"",""sanity_ok"":""True"",""xml_path"":""rt_out/experiments/semantic_ablation_actor_200f/sionna_xml/frame_060_sionna.xml""},{""frame_id"":""60"",""source_sample_index"":""15419"",""rx_id"":""rx_nao_chest"",""num_paths"":""22"",""tau_min"":""1.0787783999433032e-08"",""tau_max"":""6.209720737615498e-08"",""delay_spread"":""5.130942337672195e-08"",""path_gain_sum"":""7.231477638924844e-08"",""path_gain_db"":""-71.40772952378627"",""rx_power_dbm"":""-41.40772952378627"",""sanity_ok"":""True"",""xml_path"":""rt_out/experiments/semantic_ablation_actor_200f/sionna_xml/frame_060_sionna.xml""},{""frame_id"":""60"",""source_sample_index"":""15419"",""rx_id"":""rx_human_chest"",""num_paths"":""23"",""tau_min"":""6.163341392806387e-09"",""tau_max"":""6.568895827285814e-08"",""delay_spread"":""5.952561688005176e-08"",""path_gain_sum"":""2.2439070335167344e-07"",""path_gain_db"":""-66.48995140137379"",""rx_power_dbm"":""-36.48995140137379"",""sanity_ok"":""True"",""xml_path"":""rt_out/experiments/semantic_ablation_actor_200f/sionna_xml/frame_060_sionna.xml""},{""frame_id"":""60"",""source_sample_index"":""15419"",""rx_id"":""rx_x500_body"",""num_paths"":""23"",""tau_min"":""1.7234324189985273e-08"",""tau_max"":""7.465505547088469e-08"",""delay_spread"":""5.742073128089942e-08"",""path_gain_sum"":""3.372388945876992e-08"",""path_gain_db"":""-74.72062342912375"",""rx_power_dbm"":""-44.72062342912375"",""sanity_ok"":""True"",""xml_path"":""rt_out/experiments/semantic_ablation_actor_200f/sionna_xml/frame_060_sionna.xml""}]",6,"[{""frame_id"":""60"",""source_sample_index"":""15419"",""rx_id"":""rx_cerberus_base"",""delta_num_paths"":""0"",""delta_delay_spread"":""0.0"",""delta_rx_power_db"":""0.0"",""y_path_change"":""0"",""y_path_drop"":""0"",""y_rx_power_drop_0p5db"":""0"",""y_rx_power_drop_1db"":""0"",""y_rx_power_drop_2db"":""0"",""y_delay_spread_increase"":""0"",""y_adaptation_trigger_1db"":""0"",""y_adaptation_trigger_2db"":""0""},{""frame_id"":""60"",""source_sample_index"":""15419"",""rx_id"":""rx_human_chest"",""delta_num_paths"":""0"",""delta_delay_spread"":""0.0"",""delta_rx_power_db"":""-2.750423959696491e-07"",""y_path_change"":""0"",""y_path_drop"":""0"",""y_rx_power_drop_0p5db"":""0"",""y_rx_power_drop_1db"":""0"",""y_rx_power_drop_2db"":""0"",""y_delay_spread_increase"":""0"",""y_adaptation_trigger_1db"":""0"",""y_adaptation_trigger_2db"":""0""},{""frame_id"":""60"",""source_sample_index"":""15419"",""rx_id"":""rx_nao_chest"",""delta_num_paths"":""0"",""delta_delay_spread"":""0.0"",""delta_rx_power_db"":""4.267244122502234e-07"",""y_path_change"":""0"",""y_path_drop"":""0"",""y_rx_power_drop_0p5db"":""0"",""y_rx_power_drop_1db"":""0"",""y_rx_power_drop_2db"":""0"",""y_delay_spread_increase"":""0"",""y_adaptation_trigger_1db"":""0"",""y_adaptation_trigger_2db"":""0""},{""frame_id"":""60"",""source_sample_index"":""15419"",""rx_id"":""rx_panda_base"",""delta_num_paths"":""1"",""delta_delay_spread"":""0.0"",""delta_rx_power_db"":""8.68535028075712e-06"",""y_path_change"":""1"",""y_path_drop"":""0"",""y_rx_power_drop_0p5db"":""0"",""y_rx_power_drop_1db"":""0"",""y_rx_power_drop_2db"":""0"",""y_delay_spread_increase"":""0"",""y_adaptation_trigger_1db"":""0"",""y_adaptation_trigger_2db"":""0""},{""frame_id"":""60"",""source_sample_index"":""15419"",""rx_id"":""rx_ur5_base"",""delta_num_paths"":""0"",""delta_delay_spread"":""0.0"",""delta_rx_power_db"":""0.0"",""y_path_change"":""0"",""y_path_drop"":""0"",""y_rx_power_drop_0p5db"":""0"",""y_rx_power_drop_1db"":""0"",""y_rx_power_drop_2db"":""0"",""y_delay_spread_increase"":""0"",""y_adaptation_trigger_1db"":""0"",""y_adaptation_trigger_2db"":""0""},{""frame_id"":""60"",""source_sample_index"":""15419"",""rx_id"":""rx_x500_body"",""delta_num_paths"":""0"",""delta_delay_spread"":""0.0"",""delta_rx_power_db"":""4.5751662014481553e-07"",""y_path_change"":""0"",""y_path_drop"":""0"",""y_rx_power_drop_0p5db"":""0"",""y_rx_power_drop_1db"":""0"",""y_rx_power_drop_2db"":""0"",""y_delay_spread_increase"":""0"",""y_adaptation_trigger_1db"":""0"",""y_adaptation_trigger_2db"":""0""}]",frame_id,rt_out/experiments/perception_rt_small_v0/frames/instance_registry.json,rt_out/experiments/perception_rt_small_v0/configs/semantic_label_map.json,error,missing required panoptic file: panoptic_labels_rgb_path; missing required panoptic file: semantic_decoded_path; missing required panoptic file: gazebo_instance_count_path; missing optional panoptic file: colored_map_path; missing optional panoptic file: metadata_path
0.1,perception_rt_small_v0,rt_out/experiments/semantic_ablation_actor_200f,6,6,60,60,15419,cam_corner_ne,640,480,1.047,0.1,20.0,4.38989,4.38902,2.76265,-0.018875,0.447306,-2.356294,,,,,,false,false,false,false,false,,false,missing,,,,,,,,6,"rx_panda_base,rx_ur5_base,rx_cerberus_base,rx_nao_chest,rx_human_chest,rx_x500_body",frame_id,"[{""frame_id"":""60"",""source_sample_index"":""15419"",""rx_id"":""rx_panda_base"",""num_paths"":""29"",""tau_min"":""5.357098764591228e-09"",""tau_max"":""6.284866316264015e-08"",""delay_spread"":""5.749156439804892e-08"",""path_gain_sum"":""2.8423502840269066e-07"",""path_gain_db"":""-65.46322401761904"",""rx_power_dbm"":""-35.46322401761904"",""sanity_ok"":""True"",""xml_path"":""rt_out/experiments/semantic_ablation_actor_200f/sionna_xml/frame_060_sionna.xml""},{""frame_id"":""60"",""source_sample_index"":""15419"",""rx_id"":""rx_ur5_base"",""num_paths"":""26"",""tau_min"":""5.708055805797585e-09"",""tau_max"":""6.370818539380707e-08"",""delay_spread"":""5.8000129588009486e-08"",""path_gain_sum"":""1.0111518804478692e-06"",""path_gain_db"":""-59.95183606143584"",""rx_power_dbm"":""-29.95183606143584"",""sanity_ok"":""True"",""xml_path"":""rt_out/experiments/semantic_ablation_actor_200f/sionna_xml/frame_060_sionna.xml""},{""frame_id"":""60"",""source_sample_index"":""15419"",""rx_id"":""rx_cerberus_base"",""num_paths"":""18"",""tau_min"":""1.574846919538686e-08"",""tau_max"":""5.723669715962387e-08"",""delay_spread"":""4.148822796423701e-08"",""path_gain_sum"":""3.621421384991663e-08"",""path_gain_db"":""-74.41120938168608"",""rx_power_dbm"":""-44.41120938168608"",""sanity_ok"":""True"",""xml_path"":""rt_out/experiments/semantic_ablation_actor_200f/sionna_xml/frame_060_sionna.xml""},{""frame_id"":""60"",""source_sample_index"":""15419"",""rx_id"":""rx_nao_chest"",""num_paths"":""22"",""tau_min"":""1.0787783999433032e-08"",""tau_max"":""6.209720737615498e-08"",""delay_spread"":""5.130942337672195e-08"",""path_gain_sum"":""7.231477638924844e-08"",""path_gain_db"":""-71.40772952378627"",""rx_power_dbm"":""-41.40772952378627"",""sanity_ok"":""True"",""xml_path"":""rt_out/experiments/semantic_ablation_actor_200f/sionna_xml/frame_060_sionna.xml""},{""frame_id"":""60"",""source_sample_index"":""15419"",""rx_id"":""rx_human_chest"",""num_paths"":""23"",""tau_min"":""6.163341392806387e-09"",""tau_max"":""6.568895827285814e-08"",""delay_spread"":""5.952561688005176e-08"",""path_gain_sum"":""2.2439070335167344e-07"",""path_gain_db"":""-66.48995140137379"",""rx_power_dbm"":""-36.48995140137379"",""sanity_ok"":""True"",""xml_path"":""rt_out/experiments/semantic_ablation_actor_200f/sionna_xml/frame_060_sionna.xml""},{""frame_id"":""60"",""source_sample_index"":""15419"",""rx_id"":""rx_x500_body"",""num_paths"":""23"",""tau_min"":""1.7234324189985273e-08"",""tau_max"":""7.465505547088469e-08"",""delay_spread"":""5.742073128089942e-08"",""path_gain_sum"":""3.372388945876992e-08"",""path_gain_db"":""-74.72062342912375"",""rx_power_dbm"":""-44.72062342912375"",""sanity_ok"":""True"",""xml_path"":""rt_out/experiments/semantic_ablation_actor_200f/sionna_xml/frame_060_sionna.xml""}]",6,"[{""frame_id"":""60"",""source_sample_index"":""15419"",""rx_id"":""rx_cerberus_base"",""delta_num_paths"":""0"",""delta_delay_spread"":""0.0"",""delta_rx_power_db"":""0.0"",""y_path_change"":""0"",""y_path_drop"":""0"",""y_rx_power_drop_0p5db"":""0"",""y_rx_power_drop_1db"":""0"",""y_rx_power_drop_2db"":""0"",""y_delay_spread_increase"":""0"",""y_adaptation_trigger_1db"":""0"",""y_adaptation_trigger_2db"":""0""},{""frame_id"":""60"",""source_sample_index"":""15419"",""rx_id"":""rx_human_chest"",""delta_num_paths"":""0"",""delta_delay_spread"":""0.0"",""delta_rx_power_db"":""-2.750423959696491e-07"",""y_path_change"":""0"",""y_path_drop"":""0"",""y_rx_power_drop_0p5db"":""0"",""y_rx_power_drop_1db"":""0"",""y_rx_power_drop_2db"":""0"",""y_delay_spread_increase"":""0"",""y_adaptation_trigger_1db"":""0"",""y_adaptation_trigger_2db"":""0""},{""frame_id"":""60"",""source_sample_index"":""15419"",""rx_id"":""rx_nao_chest"",""delta_num_paths"":""0"",""delta_delay_spread"":""0.0"",""delta_rx_power_db"":""4.267244122502234e-07"",""y_path_change"":""0"",""y_path_drop"":""0"",""y_rx_power_drop_0p5db"":""0"",""y_rx_power_drop_1db"":""0"",""y_rx_power_drop_2db"":""0"",""y_delay_spread_increase"":""0"",""y_adaptation_trigger_1db"":""0"",""y_adaptation_trigger_2db"":""0""},{""frame_id"":""60"",""source_sample_index"":""15419"",""rx_id"":""rx_panda_base"",""delta_num_paths"":""1"",""delta_delay_spread"":""0.0"",""delta_rx_power_db"":""8.68535028075712e-06"",""y_path_change"":""1"",""y_path_drop"":""0"",""y_rx_power_drop_0p5db"":""0"",""y_rx_power_drop_1db"":""0"",""y_rx_power_drop_2db"":""0"",""y_delay_spread_increase"":""0"",""y_adaptation_trigger_1db"":""0"",""y_adaptation_trigger_2db"":""0""},{""frame_id"":""60"",""source_sample_index"":""15419"",""rx_id"":""rx_ur5_base"",""delta_num_paths"":""0"",""delta_delay_spread"":""0.0"",""delta_rx_power_db"":""0.0"",""y_path_change"":""0"",""y_path_drop"":""0"",""y_rx_power_drop_0p5db"":""0"",""y_rx_power_drop_1db"":""0"",""y_rx_power_drop_2db"":""0"",""y_delay_spread_increase"":""0"",""y_adaptation_trigger_1db"":""0"",""y_adaptation_trigger_2db"":""0""},{""frame_id"":""60"",""source_sample_index"":""15419"",""rx_id"":""rx_x500_body"",""delta_num_paths"":""0"",""delta_delay_spread"":""0.0"",""delta_rx_power_db"":""4.5751662014481553e-07"",""y_path_change"":""0"",""y_path_drop"":""0"",""y_rx_power_drop_0p5db"":""0"",""y_rx_power_drop_1db"":""0"",""y_rx_power_drop_2db"":""0"",""y_delay_spread_increase"":""0"",""y_adaptation_trigger_1db"":""0"",""y_adaptation_trigger_2db"":""0""}]",frame_id,rt_out/experiments/perception_rt_small_v0/frames/instance_registry.json,rt_out/experiments/perception_rt_small_v0/configs/semantic_label_map.json,error,missing required panoptic file: panoptic_labels_rgb_path; missing required panoptic file: semantic_decoded_path; missing required panoptic file: gazebo_instance_count_path; missing optional panoptic file: colored_map_path; missing optional panoptic file: metadata_path
0.1,perception_rt_small_v0,rt_out/experiments/semantic_ablation_actor_200f,6,6,60,60,15419,cam_corner_sw,640,480,1.047,0.1,20.0,-4.2766,-4.27322,2.72007,-0.014193,0.518246,0.774445,,,,,,false,false,false,false,false,,false,missing,,,,,,,,6,"rx_panda_base,rx_ur5_base,rx_cerberus_base,rx_nao_chest,rx_human_chest,rx_x500_body",frame_id,"[{""frame_id"":""60"",""source_sample_index"":""15419"",""rx_id"":""rx_panda_base"",""num_paths"":""29"",""tau_min"":""5.357098764591228e-09"",""tau_max"":""6.284866316264015e-08"",""delay_spread"":""5.749156439804892e-08"",""path_gain_sum"":""2.8423502840269066e-07"",""path_gain_db"":""-65.46322401761904"",""rx_power_dbm"":""-35.46322401761904"",""sanity_ok"":""True"",""xml_path"":""rt_out/experiments/semantic_ablation_actor_200f/sionna_xml/frame_060_sionna.xml""},{""frame_id"":""60"",""source_sample_index"":""15419"",""rx_id"":""rx_ur5_base"",""num_paths"":""26"",""tau_min"":""5.708055805797585e-09"",""tau_max"":""6.370818539380707e-08"",""delay_spread"":""5.8000129588009486e-08"",""path_gain_sum"":""1.0111518804478692e-06"",""path_gain_db"":""-59.95183606143584"",""rx_power_dbm"":""-29.95183606143584"",""sanity_ok"":""True"",""xml_path"":""rt_out/experiments/semantic_ablation_actor_200f/sionna_xml/frame_060_sionna.xml""},{""frame_id"":""60"",""source_sample_index"":""15419"",""rx_id"":""rx_cerberus_base"",""num_paths"":""18"",""tau_min"":""1.574846919538686e-08"",""tau_max"":""5.723669715962387e-08"",""delay_spread"":""4.148822796423701e-08"",""path_gain_sum"":""3.621421384991663e-08"",""path_gain_db"":""-74.41120938168608"",""rx_power_dbm"":""-44.41120938168608"",""sanity_ok"":""True"",""xml_path"":""rt_out/experiments/semantic_ablation_actor_200f/sionna_xml/frame_060_sionna.xml""},{""frame_id"":""60"",""source_sample_index"":""15419"",""rx_id"":""rx_nao_chest"",""num_paths"":""22"",""tau_min"":""1.0787783999433032e-08"",""tau_max"":""6.209720737615498e-08"",""delay_spread"":""5.130942337672195e-08"",""path_gain_sum"":""7.231477638924844e-08"",""path_gain_db"":""-71.40772952378627"",""rx_power_dbm"":""-41.40772952378627"",""sanity_ok"":""True"",""xml_path"":""rt_out/experiments/semantic_ablation_actor_200f/sionna_xml/frame_060_sionna.xml""},{""frame_id"":""60"",""source_sample_index"":""15419"",""rx_id"":""rx_human_chest"",""num_paths"":""23"",""tau_min"":""6.163341392806387e-09"",""tau_max"":""6.568895827285814e-08"",""delay_spread"":""5.952561688005176e-08"",""path_gain_sum"":""2.2439070335167344e-07"",""path_gain_db"":""-66.48995140137379"",""rx_power_dbm"":""-36.48995140137379"",""sanity_ok"":""True"",""xml_path"":""rt_out/experiments/semantic_ablation_actor_200f/sionna_xml/frame_060_sionna.xml""},{""frame_id"":""60"",""source_sample_index"":""15419"",""rx_id"":""rx_x500_body"",""num_paths"":""23"",""tau_min"":""1.7234324189985273e-08"",""tau_max"":""7.465505547088469e-08"",""delay_spread"":""5.742073128089942e-08"",""path_gain_sum"":""3.372388945876992e-08"",""path_gain_db"":""-74.72062342912375"",""rx_power_dbm"":""-44.72062342912375"",""sanity_ok"":""True"",""xml_path"":""rt_out/experiments/semantic_ablation_actor_200f/sionna_xml/frame_060_sionna.xml""}]",6,"[{""frame_id"":""60"",""source_sample_index"":""15419"",""rx_id"":""rx_cerberus_base"",""delta_num_paths"":""0"",""delta_delay_spread"":""0.0"",""delta_rx_power_db"":""0.0"",""y_path_change"":""0"",""y_path_drop"":""0"",""y_rx_power_drop_0p5db"":""0"",""y_rx_power_drop_1db"":""0"",""y_rx_power_drop_2db"":""0"",""y_delay_spread_increase"":""0"",""y_adaptation_trigger_1db"":""0"",""y_adaptation_trigger_2db"":""0""},{""frame_id"":""60"",""source_sample_index"":""15419"",""rx_id"":""rx_human_chest"",""delta_num_paths"":""0"",""delta_delay_spread"":""0.0"",""delta_rx_power_db"":""-2.750423959696491e-07"",""y_path_change"":""0"",""y_path_drop"":""0"",""y_rx_power_drop_0p5db"":""0"",""y_rx_power_drop_1db"":""0"",""y_rx_power_drop_2db"":""0"",""y_delay_spread_increase"":""0"",""y_adaptation_trigger_1db"":""0"",""y_adaptation_trigger_2db"":""0""},{""frame_id"":""60"",""source_sample_index"":""15419"",""rx_id"":""rx_nao_chest"",""delta_num_paths"":""0"",""delta_delay_spread"":""0.0"",""delta_rx_power_db"":""4.267244122502234e-07"",""y_path_change"":""0"",""y_path_drop"":""0"",""y_rx_power_drop_0p5db"":""0"",""y_rx_power_drop_1db"":""0"",""y_rx_power_drop_2db"":""0"",""y_delay_spread_increase"":""0"",""y_adaptation_trigger_1db"":""0"",""y_adaptation_trigger_2db"":""0""},{""frame_id"":""60"",""source_sample_index"":""15419"",""rx_id"":""rx_panda_base"",""delta_num_paths"":""1"",""delta_delay_spread"":""0.0"",""delta_rx_power_db"":""8.68535028075712e-06"",""y_path_change"":""1"",""y_path_drop"":""0"",""y_rx_power_drop_0p5db"":""0"",""y_rx_power_drop_1db"":""0"",""y_rx_power_drop_2db"":""0"",""y_delay_spread_increase"":""0"",""y_adaptation_trigger_1db"":""0"",""y_adaptation_trigger_2db"":""0""},{""frame_id"":""60"",""source_sample_index"":""15419"",""rx_id"":""rx_ur5_base"",""delta_num_paths"":""0"",""delta_delay_spread"":""0.0"",""delta_rx_power_db"":""0.0"",""y_path_change"":""0"",""y_path_drop"":""0"",""y_rx_power_drop_0p5db"":""0"",""y_rx_power_drop_1db"":""0"",""y_rx_power_drop_2db"":""0"",""y_delay_spread_increase"":""0"",""y_adaptation_trigger_1db"":""0"",""y_adaptation_trigger_2db"":""0""},{""frame_id"":""60"",""source_sample_index"":""15419"",""rx_id"":""rx_x500_body"",""delta_num_paths"":""0"",""delta_delay_spread"":""0.0"",""delta_rx_power_db"":""4.5751662014481553e-07"",""y_path_change"":""0"",""y_path_drop"":""0"",""y_rx_power_drop_0p5db"":""0"",""y_rx_power_drop_1db"":""0"",""y_rx_power_drop_2db"":""0"",""y_delay_spread_increase"":""0"",""y_adaptation_trigger_1db"":""0"",""y_adaptation_trigger_2db"":""0""}]",frame_id,rt_out/experiments/perception_rt_small_v0/frames/instance_registry.json,rt_out/experiments/perception_rt_small_v0/configs/semantic_label_map.json,error,missing required panoptic file: panoptic_labels_rgb_path; missing required panoptic file: semantic_decoded_path; missing required panoptic file: gazebo_instance_count_path; missing optional panoptic file: colored_map_path; missing optional panoptic file: metadata_path
0.1,perception_rt_small_v0,rt_out/experiments/semantic_ablation_actor_200f,6,6,60,60,15419,cam_corner_se,640,480,1.047,0.1,20.0,4.44776,-4.40805,2.80523,-0.023556,0.376367,2.408296,,,,,,false,false,false,false,false,,false,missing,,,,,,,,6,"rx_panda_base,rx_ur5_base,rx_cerberus_base,rx_nao_chest,rx_human_chest,rx_x500_body",frame_id,"[{""frame_id"":""60"",""source_sample_index"":""15419"",""rx_id"":""rx_panda_base"",""num_paths"":""29"",""tau_min"":""5.357098764591228e-09"",""tau_max"":""6.284866316264015e-08"",""delay_spread"":""5.749156439804892e-08"",""path_gain_sum"":""2.8423502840269066e-07"",""path_gain_db"":""-65.46322401761904"",""rx_power_dbm"":""-35.46322401761904"",""sanity_ok"":""True"",""xml_path"":""rt_out/experiments/semantic_ablation_actor_200f/sionna_xml/frame_060_sionna.xml""},{""frame_id"":""60"",""source_sample_index"":""15419"",""rx_id"":""rx_ur5_base"",""num_paths"":""26"",""tau_min"":""5.708055805797585e-09"",""tau_max"":""6.370818539380707e-08"",""delay_spread"":""5.8000129588009486e-08"",""path_gain_sum"":""1.0111518804478692e-06"",""path_gain_db"":""-59.95183606143584"",""rx_power_dbm"":""-29.95183606143584"",""sanity_ok"":""True"",""xml_path"":""rt_out/experiments/semantic_ablation_actor_200f/sionna_xml/frame_060_sionna.xml""},{""frame_id"":""60"",""source_sample_index"":""15419"",""rx_id"":""rx_cerberus_base"",""num_paths"":""18"",""tau_min"":""1.574846919538686e-08"",""tau_max"":""5.723669715962387e-08"",""delay_spread"":""4.148822796423701e-08"",""path_gain_sum"":""3.621421384991663e-08"",""path_gain_db"":""-74.41120938168608"",""rx_power_dbm"":""-44.41120938168608"",""sanity_ok"":""True"",""xml_path"":""rt_out/experiments/semantic_ablation_actor_200f/sionna_xml/frame_060_sionna.xml""},{""frame_id"":""60"",""source_sample_index"":""15419"",""rx_id"":""rx_nao_chest"",""num_paths"":""22"",""tau_min"":""1.0787783999433032e-08"",""tau_max"":""6.209720737615498e-08"",""delay_spread"":""5.130942337672195e-08"",""path_gain_sum"":""7.231477638924844e-08"",""path_gain_db"":""-71.40772952378627"",""rx_power_dbm"":""-41.40772952378627"",""sanity_ok"":""True"",""xml_path"":""rt_out/experiments/semantic_ablation_actor_200f/sionna_xml/frame_060_sionna.xml""},{""frame_id"":""60"",""source_sample_index"":""15419"",""rx_id"":""rx_human_chest"",""num_paths"":""23"",""tau_min"":""6.163341392806387e-09"",""tau_max"":""6.568895827285814e-08"",""delay_spread"":""5.952561688005176e-08"",""path_gain_sum"":""2.2439070335167344e-07"",""path_gain_db"":""-66.48995140137379"",""rx_power_dbm"":""-36.48995140137379"",""sanity_ok"":""True"",""xml_path"":""rt_out/experiments/semantic_ablation_actor_200f/sionna_xml/frame_060_sionna.xml""},{""frame_id"":""60"",""source_sample_index"":""15419"",""rx_id"":""rx_x500_body"",""num_paths"":""23"",""tau_min"":""1.7234324189985273e-08"",""tau_max"":""7.465505547088469e-08"",""delay_spread"":""5.742073128089942e-08"",""path_gain_sum"":""3.372388945876992e-08"",""path_gain_db"":""-74.72062342912375"",""rx_power_dbm"":""-44.72062342912375"",""sanity_ok"":""True"",""xml_path"":""rt_out/experiments/semantic_ablation_actor_200f/sionna_xml/frame_060_sionna.xml""}]",6,"[{""frame_id"":""60"",""source_sample_index"":""15419"",""rx_id"":""rx_cerberus_base"",""delta_num_paths"":""0"",""delta_delay_spread"":""0.0"",""delta_rx_power_db"":""0.0"",""y_path_change"":""0"",""y_path_drop"":""0"",""y_rx_power_drop_0p5db"":""0"",""y_rx_power_drop_1db"":""0"",""y_rx_power_drop_2db"":""0"",""y_delay_spread_increase"":""0"",""y_adaptation_trigger_1db"":""0"",""y_adaptation_trigger_2db"":""0""},{""frame_id"":""60"",""source_sample_index"":""15419"",""rx_id"":""rx_human_chest"",""delta_num_paths"":""0"",""delta_delay_spread"":""0.0"",""delta_rx_power_db"":""-2.750423959696491e-07"",""y_path_change"":""0"",""y_path_drop"":""0"",""y_rx_power_drop_0p5db"":""0"",""y_rx_power_drop_1db"":""0"",""y_rx_power_drop_2db"":""0"",""y_delay_spread_increase"":""0"",""y_adaptation_trigger_1db"":""0"",""y_adaptation_trigger_2db"":""0""},{""frame_id"":""60"",""source_sample_index"":""15419"",""rx_id"":""rx_nao_chest"",""delta_num_paths"":""0"",""delta_delay_spread"":""0.0"",""delta_rx_power_db"":""4.267244122502234e-07"",""y_path_change"":""0"",""y_path_drop"":""0"",""y_rx_power_drop_0p5db"":""0"",""y_rx_power_drop_1db"":""0"",""y_rx_power_drop_2db"":""0"",""y_delay_spread_increase"":""0"",""y_adaptation_trigger_1db"":""0"",""y_adaptation_trigger_2db"":""0""},{""frame_id"":""60"",""source_sample_index"":""15419"",""rx_id"":""rx_panda_base"",""delta_num_paths"":""1"",""delta_delay_spread"":""0.0"",""delta_rx_power_db"":""8.68535028075712e-06"",""y_path_change"":""1"",""y_path_drop"":""0"",""y_rx_power_drop_0p5db"":""0"",""y_rx_power_drop_1db"":""0"",""y_rx_power_drop_2db"":""0"",""y_delay_spread_increase"":""0"",""y_adaptation_trigger_1db"":""0"",""y_adaptation_trigger_2db"":""0""},{""frame_id"":""60"",""source_sample_index"":""15419"",""rx_id"":""rx_ur5_base"",""delta_num_paths"":""0"",""delta_delay_spread"":""0.0"",""delta_rx_power_db"":""0.0"",""y_path_change"":""0"",""y_path_drop"":""0"",""y_rx_power_drop_0p5db"":""0"",""y_rx_power_drop_1db"":""0"",""y_rx_power_drop_2db"":""0"",""y_delay_spread_increase"":""0"",""y_adaptation_trigger_1db"":""0"",""y_adaptation_trigger_2db"":""0""},{""frame_id"":""60"",""source_sample_index"":""15419"",""rx_id"":""rx_x500_body"",""delta_num_paths"":""0"",""delta_delay_spread"":""0.0"",""delta_rx_power_db"":""4.5751662014481553e-07"",""y_path_change"":""0"",""y_path_drop"":""0"",""y_rx_power_drop_0p5db"":""0"",""y_rx_power_drop_1db"":""0"",""y_rx_power_drop_2db"":""0"",""y_delay_spread_increase"":""0"",""y_adaptation_trigger_1db"":""0"",""y_adaptation_trigger_2db"":""0""}]",frame_id,rt_out/experiments/perception_rt_small_v0/frames/instance_registry.json,rt_out/experiments/perception_rt_small_v0/configs/semantic_label_map.json,error,missing required panoptic file: panoptic_labels_rgb_path; missing required panoptic file: semantic_decoded_path; missing required panoptic file: gazebo_instance_count_path; missing optional panoptic file: colored_map_path; missing optional panoptic file: metadata_path
0.1,perception_rt_small_v0,rt_out/experiments/semantic_ablation_actor_200f,6,6,60,60,15419,cam_wall_north,640,480,1.047,0.1,20.0,0.221087,4.38902,2.71504,-0.0,0.562591,-1.5708,,,,,,false,false,false,false,false,,false,missing,,,,,,,,6,"rx_panda_base,rx_ur5_base,rx_cerberus_base,rx_nao_chest,rx_human_chest,rx_x500_body",frame_id,"[{""frame_id"":""60"",""source_sample_index"":""15419"",""rx_id"":""rx_panda_base"",""num_paths"":""29"",""tau_min"":""5.357098764591228e-09"",""tau_max"":""6.284866316264015e-08"",""delay_spread"":""5.749156439804892e-08"",""path_gain_sum"":""2.8423502840269066e-07"",""path_gain_db"":""-65.46322401761904"",""rx_power_dbm"":""-35.46322401761904"",""sanity_ok"":""True"",""xml_path"":""rt_out/experiments/semantic_ablation_actor_200f/sionna_xml/frame_060_sionna.xml""},{""frame_id"":""60"",""source_sample_index"":""15419"",""rx_id"":""rx_ur5_base"",""num_paths"":""26"",""tau_min"":""5.708055805797585e-09"",""tau_max"":""6.370818539380707e-08"",""delay_spread"":""5.8000129588009486e-08"",""path_gain_sum"":""1.0111518804478692e-06"",""path_gain_db"":""-59.95183606143584"",""rx_power_dbm"":""-29.95183606143584"",""sanity_ok"":""True"",""xml_path"":""rt_out/experiments/semantic_ablation_actor_200f/sionna_xml/frame_060_sionna.xml""},{""frame_id"":""60"",""source_sample_index"":""15419"",""rx_id"":""rx_cerberus_base"",""num_paths"":""18"",""tau_min"":""1.574846919538686e-08"",""tau_max"":""5.723669715962387e-08"",""delay_spread"":""4.148822796423701e-08"",""path_gain_sum"":""3.621421384991663e-08"",""path_gain_db"":""-74.41120938168608"",""rx_power_dbm"":""-44.41120938168608"",""sanity_ok"":""True"",""xml_path"":""rt_out/experiments/semantic_ablation_actor_200f/sionna_xml/frame_060_sionna.xml""},{""frame_id"":""60"",""source_sample_index"":""15419"",""rx_id"":""rx_nao_chest"",""num_paths"":""22"",""tau_min"":""1.0787783999433032e-08"",""tau_max"":""6.209720737615498e-08"",""delay_spread"":""5.130942337672195e-08"",""path_gain_sum"":""7.231477638924844e-08"",""path_gain_db"":""-71.40772952378627"",""rx_power_dbm"":""-41.40772952378627"",""sanity_ok"":""True"",""xml_path"":""rt_out/experiments/semantic_ablation_actor_200f/sionna_xml/frame_060_sionna.xml""},{""frame_id"":""60"",""source_sample_index"":""15419"",""rx_id"":""rx_human_chest"",""num_paths"":""23"",""tau_min"":""6.163341392806387e-09"",""tau_max"":""6.568895827285814e-08"",""delay_spread"":""5.952561688005176e-08"",""path_gain_sum"":""2.2439070335167344e-07"",""path_gain_db"":""-66.48995140137379"",""rx_power_dbm"":""-36.48995140137379"",""sanity_ok"":""True"",""xml_path"":""rt_out/experiments/semantic_ablation_actor_200f/sionna_xml/frame_060_sionna.xml""},{""frame_id"":""60"",""source_sample_index"":""15419"",""rx_id"":""rx_x500_body"",""num_paths"":""23"",""tau_min"":""1.7234324189985273e-08"",""tau_max"":""7.465505547088469e-08"",""delay_spread"":""5.742073128089942e-08"",""path_gain_sum"":""3.372388945876992e-08"",""path_gain_db"":""-74.72062342912375"",""rx_power_dbm"":""-44.72062342912375"",""sanity_ok"":""True"",""xml_path"":""rt_out/experiments/semantic_ablation_actor_200f/sionna_xml/frame_060_sionna.xml""}]",6,"[{""frame_id"":""60"",""source_sample_index"":""15419"",""rx_id"":""rx_cerberus_base"",""delta_num_paths"":""0"",""delta_delay_spread"":""0.0"",""delta_rx_power_db"":""0.0"",""y_path_change"":""0"",""y_path_drop"":""0"",""y_rx_power_drop_0p5db"":""0"",""y_rx_power_drop_1db"":""0"",""y_rx_power_drop_2db"":""0"",""y_delay_spread_increase"":""0"",""y_adaptation_trigger_1db"":""0"",""y_adaptation_trigger_2db"":""0""},{""frame_id"":""60"",""source_sample_index"":""15419"",""rx_id"":""rx_human_chest"",""delta_num_paths"":""0"",""delta_delay_spread"":""0.0"",""delta_rx_power_db"":""-2.750423959696491e-07"",""y_path_change"":""0"",""y_path_drop"":""0"",""y_rx_power_drop_0p5db"":""0"",""y_rx_power_drop_1db"":""0"",""y_rx_power_drop_2db"":""0"",""y_delay_spread_increase"":""0"",""y_adaptation_trigger_1db"":""0"",""y_adaptation_trigger_2db"":""0""},{""frame_id"":""60"",""source_sample_index"":""15419"",""rx_id"":""rx_nao_chest"",""delta_num_paths"":""0"",""delta_delay_spread"":""0.0"",""delta_rx_power_db"":""4.267244122502234e-07"",""y_path_change"":""0"",""y_path_drop"":""0"",""y_rx_power_drop_0p5db"":""0"",""y_rx_power_drop_1db"":""0"",""y_rx_power_drop_2db"":""0"",""y_delay_spread_increase"":""0"",""y_adaptation_trigger_1db"":""0"",""y_adaptation_trigger_2db"":""0""},{""frame_id"":""60"",""source_sample_index"":""15419"",""rx_id"":""rx_panda_base"",""delta_num_paths"":""1"",""delta_delay_spread"":""0.0"",""delta_rx_power_db"":""8.68535028075712e-06"",""y_path_change"":""1"",""y_path_drop"":""0"",""y_rx_power_drop_0p5db"":""0"",""y_rx_power_drop_1db"":""0"",""y_rx_power_drop_2db"":""0"",""y_delay_spread_increase"":""0"",""y_adaptation_trigger_1db"":""0"",""y_adaptation_trigger_2db"":""0""},{""frame_id"":""60"",""source_sample_index"":""15419"",""rx_id"":""rx_ur5_base"",""delta_num_paths"":""0"",""delta_delay_spread"":""0.0"",""delta_rx_power_db"":""0.0"",""y_path_change"":""0"",""y_path_drop"":""0"",""y_rx_power_drop_0p5db"":""0"",""y_rx_power_drop_1db"":""0"",""y_rx_power_drop_2db"":""0"",""y_delay_spread_increase"":""0"",""y_adaptation_trigger_1db"":""0"",""y_adaptation_trigger_2db"":""0""},{""frame_id"":""60"",""source_sample_index"":""15419"",""rx_id"":""rx_x500_body"",""delta_num_paths"":""0"",""delta_delay_spread"":""0.0"",""delta_rx_power_db"":""4.5751662014481553e-07"",""y_path_change"":""0"",""y_path_drop"":""0"",""y_rx_power_drop_0p5db"":""0"",""y_rx_power_drop_1db"":""0"",""y_rx_power_drop_2db"":""0"",""y_delay_spread_increase"":""0"",""y_adaptation_trigger_1db"":""0"",""y_adaptation_trigger_2db"":""0""}]",frame_id,rt_out/experiments/perception_rt_small_v0/frames/instance_registry.json,rt_out/experiments/perception_rt_small_v0/configs/semantic_label_map.json,error,missing required panoptic file: panoptic_labels_rgb_path; missing required panoptic file: semantic_decoded_path; missing required panoptic file: gazebo_instance_count_path; missing optional panoptic file: colored_map_path; missing optional panoptic file: metadata_path
0.1,perception_rt_small_v0,rt_out/experiments/semantic_ablation_actor_200f,6,6,60,60,15419,cam_wall_south,640,480,1.047,0.1,20.0,0.221056,-4.22159,2.7964,0.000426,0.271157,1.577903,,,,,,false,false,false,false,false,,false,missing,,,,,,,,6,"rx_panda_base,rx_ur5_base,rx_cerberus_base,rx_nao_chest,rx_human_chest,rx_x500_body",frame_id,"[{""frame_id"":""60"",""source_sample_index"":""15419"",""rx_id"":""rx_panda_base"",""num_paths"":""29"",""tau_min"":""5.357098764591228e-09"",""tau_max"":""6.284866316264015e-08"",""delay_spread"":""5.749156439804892e-08"",""path_gain_sum"":""2.8423502840269066e-07"",""path_gain_db"":""-65.46322401761904"",""rx_power_dbm"":""-35.46322401761904"",""sanity_ok"":""True"",""xml_path"":""rt_out/experiments/semantic_ablation_actor_200f/sionna_xml/frame_060_sionna.xml""},{""frame_id"":""60"",""source_sample_index"":""15419"",""rx_id"":""rx_ur5_base"",""num_paths"":""26"",""tau_min"":""5.708055805797585e-09"",""tau_max"":""6.370818539380707e-08"",""delay_spread"":""5.8000129588009486e-08"",""path_gain_sum"":""1.0111518804478692e-06"",""path_gain_db"":""-59.95183606143584"",""rx_power_dbm"":""-29.95183606143584"",""sanity_ok"":""True"",""xml_path"":""rt_out/experiments/semantic_ablation_actor_200f/sionna_xml/frame_060_sionna.xml""},{""frame_id"":""60"",""source_sample_index"":""15419"",""rx_id"":""rx_cerberus_base"",""num_paths"":""18"",""tau_min"":""1.574846919538686e-08"",""tau_max"":""5.723669715962387e-08"",""delay_spread"":""4.148822796423701e-08"",""path_gain_sum"":""3.621421384991663e-08"",""path_gain_db"":""-74.41120938168608"",""rx_power_dbm"":""-44.41120938168608"",""sanity_ok"":""True"",""xml_path"":""rt_out/experiments/semantic_ablation_actor_200f/sionna_xml/frame_060_sionna.xml""},{""frame_id"":""60"",""source_sample_index"":""15419"",""rx_id"":""rx_nao_chest"",""num_paths"":""22"",""tau_min"":""1.0787783999433032e-08"",""tau_max"":""6.209720737615498e-08"",""delay_spread"":""5.130942337672195e-08"",""path_gain_sum"":""7.231477638924844e-08"",""path_gain_db"":""-71.40772952378627"",""rx_power_dbm"":""-41.40772952378627"",""sanity_ok"":""True"",""xml_path"":""rt_out/experiments/semantic_ablation_actor_200f/sionna_xml/frame_060_sionna.xml""},{""frame_id"":""60"",""source_sample_index"":""15419"",""rx_id"":""rx_human_chest"",""num_paths"":""23"",""tau_min"":""6.163341392806387e-09"",""tau_max"":""6.568895827285814e-08"",""delay_spread"":""5.952561688005176e-08"",""path_gain_sum"":""2.2439070335167344e-07"",""path_gain_db"":""-66.48995140137379"",""rx_power_dbm"":""-36.48995140137379"",""sanity_ok"":""True"",""xml_path"":""rt_out/experiments/semantic_ablation_actor_200f/sionna_xml/frame_060_sionna.xml""},{""frame_id"":""60"",""source_sample_index"":""15419"",""rx_id"":""rx_x500_body"",""num_paths"":""23"",""tau_min"":""1.7234324189985273e-08"",""tau_max"":""7.465505547088469e-08"",""delay_spread"":""5.742073128089942e-08"",""path_gain_sum"":""3.372388945876992e-08"",""path_gain_db"":""-74.72062342912375"",""rx_power_dbm"":""-44.72062342912375"",""sanity_ok"":""True"",""xml_path"":""rt_out/experiments/semantic_ablation_actor_200f/sionna_xml/frame_060_sionna.xml""}]",6,"[{""frame_id"":""60"",""source_sample_index"":""15419"",""rx_id"":""rx_cerberus_base"",""delta_num_paths"":""0"",""delta_delay_spread"":""0.0"",""delta_rx_power_db"":""0.0"",""y_path_change"":""0"",""y_path_drop"":""0"",""y_rx_power_drop_0p5db"":""0"",""y_rx_power_drop_1db"":""0"",""y_rx_power_drop_2db"":""0"",""y_delay_spread_increase"":""0"",""y_adaptation_trigger_1db"":""0"",""y_adaptation_trigger_2db"":""0""},{""frame_id"":""60"",""source_sample_index"":""15419"",""rx_id"":""rx_human_chest"",""delta_num_paths"":""0"",""delta_delay_spread"":""0.0"",""delta_rx_power_db"":""-2.750423959696491e-07"",""y_path_change"":""0"",""y_path_drop"":""0"",""y_rx_power_drop_0p5db"":""0"",""y_rx_power_drop_1db"":""0"",""y_rx_power_drop_2db"":""0"",""y_delay_spread_increase"":""0"",""y_adaptation_trigger_1db"":""0"",""y_adaptation_trigger_2db"":""0""},{""frame_id"":""60"",""source_sample_index"":""15419"",""rx_id"":""rx_nao_chest"",""delta_num_paths"":""0"",""delta_delay_spread"":""0.0"",""delta_rx_power_db"":""4.267244122502234e-07"",""y_path_change"":""0"",""y_path_drop"":""0"",""y_rx_power_drop_0p5db"":""0"",""y_rx_power_drop_1db"":""0"",""y_rx_power_drop_2db"":""0"",""y_delay_spread_increase"":""0"",""y_adaptation_trigger_1db"":""0"",""y_adaptation_trigger_2db"":""0""},{""frame_id"":""60"",""source_sample_index"":""15419"",""rx_id"":""rx_panda_base"",""delta_num_paths"":""1"",""delta_delay_spread"":""0.0"",""delta_rx_power_db"":""8.68535028075712e-06"",""y_path_change"":""1"",""y_path_drop"":""0"",""y_rx_power_drop_0p5db"":""0"",""y_rx_power_drop_1db"":""0"",""y_rx_power_drop_2db"":""0"",""y_delay_spread_increase"":""0"",""y_adaptation_trigger_1db"":""0"",""y_adaptation_trigger_2db"":""0""},{""frame_id"":""60"",""source_sample_index"":""15419"",""rx_id"":""rx_ur5_base"",""delta_num_paths"":""0"",""delta_delay_spread"":""0.0"",""delta_rx_power_db"":""0.0"",""y_path_change"":""0"",""y_path_drop"":""0"",""y_rx_power_drop_0p5db"":""0"",""y_rx_power_drop_1db"":""0"",""y_rx_power_drop_2db"":""0"",""y_delay_spread_increase"":""0"",""y_adaptation_trigger_1db"":""0"",""y_adaptation_trigger_2db"":""0""},{""frame_id"":""60"",""source_sample_index"":""15419"",""rx_id"":""rx_x500_body"",""delta_num_paths"":""0"",""delta_delay_spread"":""0.0"",""delta_rx_power_db"":""4.5751662014481553e-07"",""y_path_change"":""0"",""y_path_drop"":""0"",""y_rx_power_drop_0p5db"":""0"",""y_rx_power_drop_1db"":""0"",""y_rx_power_drop_2db"":""0"",""y_delay_spread_increase"":""0"",""y_adaptation_trigger_1db"":""0"",""y_adaptation_trigger_2db"":""0""}]",frame_id,rt_out/experiments/perception_rt_small_v0/frames/instance_registry.json,rt_out/experiments/perception_rt_small_v0/configs/semantic_label_map.json,error,missing required panoptic file: panoptic_labels_rgb_path; missing required panoptic file: semantic_decoded_path; missing required panoptic file: gazebo_instance_count_path; missing optional panoptic file: colored_map_path; missing optional panoptic file: metadata_path
0.1,perception_rt_small_v0,rt_out/experiments/semantic_ablation_actor_200f,6,6,60,60,15419,cam_wall_east,640,480,1.047,0.1,20.0,4.38989,-0.157588,2.81304,-0.047579,0.393096,3.098594,,,,,,false,false,false,false,false,,false,missing,,,,,,,,6,"rx_panda_base,rx_ur5_base,rx_cerberus_base,rx_nao_chest,rx_human_chest,rx_x500_body",frame_id,"[{""frame_id"":""60"",""source_sample_index"":""15419"",""rx_id"":""rx_panda_base"",""num_paths"":""29"",""tau_min"":""5.357098764591228e-09"",""tau_max"":""6.284866316264015e-08"",""delay_spread"":""5.749156439804892e-08"",""path_gain_sum"":""2.8423502840269066e-07"",""path_gain_db"":""-65.46322401761904"",""rx_power_dbm"":""-35.46322401761904"",""sanity_ok"":""True"",""xml_path"":""rt_out/experiments/semantic_ablation_actor_200f/sionna_xml/frame_060_sionna.xml""},{""frame_id"":""60"",""source_sample_index"":""15419"",""rx_id"":""rx_ur5_base"",""num_paths"":""26"",""tau_min"":""5.708055805797585e-09"",""tau_max"":""6.370818539380707e-08"",""delay_spread"":""5.8000129588009486e-08"",""path_gain_sum"":""1.0111518804478692e-06"",""path_gain_db"":""-59.95183606143584"",""rx_power_dbm"":""-29.95183606143584"",""sanity_ok"":""True"",""xml_path"":""rt_out/experiments/semantic_ablation_actor_200f/sionna_xml/frame_060_sionna.xml""},{""frame_id"":""60"",""source_sample_index"":""15419"",""rx_id"":""rx_cerberus_base"",""num_paths"":""18"",""tau_min"":""1.574846919538686e-08"",""tau_max"":""5.723669715962387e-08"",""delay_spread"":""4.148822796423701e-08"",""path_gain_sum"":""3.621421384991663e-08"",""path_gain_db"":""-74.41120938168608"",""rx_power_dbm"":""-44.41120938168608"",""sanity_ok"":""True"",""xml_path"":""rt_out/experiments/semantic_ablation_actor_200f/sionna_xml/frame_060_sionna.xml""},{""frame_id"":""60"",""source_sample_index"":""15419"",""rx_id"":""rx_nao_chest"",""num_paths"":""22"",""tau_min"":""1.0787783999433032e-08"",""tau_max"":""6.209720737615498e-08"",""delay_spread"":""5.130942337672195e-08"",""path_gain_sum"":""7.231477638924844e-08"",""path_gain_db"":""-71.40772952378627"",""rx_power_dbm"":""-41.40772952378627"",""sanity_ok"":""True"",""xml_path"":""rt_out/experiments/semantic_ablation_actor_200f/sionna_xml/frame_060_sionna.xml""},{""frame_id"":""60"",""source_sample_index"":""15419"",""rx_id"":""rx_human_chest"",""num_paths"":""23"",""tau_min"":""6.163341392806387e-09"",""tau_max"":""6.568895827285814e-08"",""delay_spread"":""5.952561688005176e-08"",""path_gain_sum"":""2.2439070335167344e-07"",""path_gain_db"":""-66.48995140137379"",""rx_power_dbm"":""-36.48995140137379"",""sanity_ok"":""True"",""xml_path"":""rt_out/experiments/semantic_ablation_actor_200f/sionna_xml/frame_060_sionna.xml""},{""frame_id"":""60"",""source_sample_index"":""15419"",""rx_id"":""rx_x500_body"",""num_paths"":""23"",""tau_min"":""1.7234324189985273e-08"",""tau_max"":""7.465505547088469e-08"",""delay_spread"":""5.742073128089942e-08"",""path_gain_sum"":""3.372388945876992e-08"",""path_gain_db"":""-74.72062342912375"",""rx_power_dbm"":""-44.72062342912375"",""sanity_ok"":""True"",""xml_path"":""rt_out/experiments/semantic_ablation_actor_200f/sionna_xml/frame_060_sionna.xml""}]",6,"[{""frame_id"":""60"",""source_sample_index"":""15419"",""rx_id"":""rx_cerberus_base"",""delta_num_paths"":""0"",""delta_delay_spread"":""0.0"",""delta_rx_power_db"":""0.0"",""y_path_change"":""0"",""y_path_drop"":""0"",""y_rx_power_drop_0p5db"":""0"",""y_rx_power_drop_1db"":""0"",""y_rx_power_drop_2db"":""0"",""y_delay_spread_increase"":""0"",""y_adaptation_trigger_1db"":""0"",""y_adaptation_trigger_2db"":""0""},{""frame_id"":""60"",""source_sample_index"":""15419"",""rx_id"":""rx_human_chest"",""delta_num_paths"":""0"",""delta_delay_spread"":""0.0"",""delta_rx_power_db"":""-2.750423959696491e-07"",""y_path_change"":""0"",""y_path_drop"":""0"",""y_rx_power_drop_0p5db"":""0"",""y_rx_power_drop_1db"":""0"",""y_rx_power_drop_2db"":""0"",""y_delay_spread_increase"":""0"",""y_adaptation_trigger_1db"":""0"",""y_adaptation_trigger_2db"":""0""},{""frame_id"":""60"",""source_sample_index"":""15419"",""rx_id"":""rx_nao_chest"",""delta_num_paths"":""0"",""delta_delay_spread"":""0.0"",""delta_rx_power_db"":""4.267244122502234e-07"",""y_path_change"":""0"",""y_path_drop"":""0"",""y_rx_power_drop_0p5db"":""0"",""y_rx_power_drop_1db"":""0"",""y_rx_power_drop_2db"":""0"",""y_delay_spread_increase"":""0"",""y_adaptation_trigger_1db"":""0"",""y_adaptation_trigger_2db"":""0""},{""frame_id"":""60"",""source_sample_index"":""15419"",""rx_id"":""rx_panda_base"",""delta_num_paths"":""1"",""delta_delay_spread"":""0.0"",""delta_rx_power_db"":""8.68535028075712e-06"",""y_path_change"":""1"",""y_path_drop"":""0"",""y_rx_power_drop_0p5db"":""0"",""y_rx_power_drop_1db"":""0"",""y_rx_power_drop_2db"":""0"",""y_delay_spread_increase"":""0"",""y_adaptation_trigger_1db"":""0"",""y_adaptation_trigger_2db"":""0""},{""frame_id"":""60"",""source_sample_index"":""15419"",""rx_id"":""rx_ur5_base"",""delta_num_paths"":""0"",""delta_delay_spread"":""0.0"",""delta_rx_power_db"":""0.0"",""y_path_change"":""0"",""y_path_drop"":""0"",""y_rx_power_drop_0p5db"":""0"",""y_rx_power_drop_1db"":""0"",""y_rx_power_drop_2db"":""0"",""y_delay_spread_increase"":""0"",""y_adaptation_trigger_1db"":""0"",""y_adaptation_trigger_2db"":""0""},{""frame_id"":""60"",""source_sample_index"":""15419"",""rx_id"":""rx_x500_body"",""delta_num_paths"":""0"",""delta_delay_spread"":""0.0"",""delta_rx_power_db"":""4.5751662014481553e-07"",""y_path_change"":""0"",""y_path_drop"":""0"",""y_rx_power_drop_0p5db"":""0"",""y_rx_power_drop_1db"":""0"",""y_rx_power_drop_2db"":""0"",""y_delay_spread_increase"":""0"",""y_adaptation_trigger_1db"":""0"",""y_adaptation_trigger_2db"":""0""}]",frame_id,rt_out/experiments/perception_rt_small_v0/frames/instance_registry.json,rt_out/experiments/perception_rt_small_v0/configs/semantic_label_map.json,error,missing required panoptic file: panoptic_labels_rgb_path; missing required panoptic file: semantic_decoded_path; missing required panoptic file: gazebo_instance_count_path; missing optional panoptic file: colored_map_path; missing optional panoptic file: metadata_path
0.1,perception_rt_small_v0,rt_out/experiments/semantic_ablation_actor_200f,6,6,60,60,15419,cam_wall_west,640,480,1.047,0.1,20.0,-4.368888,-0.03657,2.817008,0.035211,0.406352,0.030119,,,,,,false,false,false,false,false,,false,missing,,,,,,,,6,"rx_panda_base,rx_ur5_base,rx_cerberus_base,rx_nao_chest,rx_human_chest,rx_x500_body",frame_id,"[{""frame_id"":""60"",""source_sample_index"":""15419"",""rx_id"":""rx_panda_base"",""num_paths"":""29"",""tau_min"":""5.357098764591228e-09"",""tau_max"":""6.284866316264015e-08"",""delay_spread"":""5.749156439804892e-08"",""path_gain_sum"":""2.8423502840269066e-07"",""path_gain_db"":""-65.46322401761904"",""rx_power_dbm"":""-35.46322401761904"",""sanity_ok"":""True"",""xml_path"":""rt_out/experiments/semantic_ablation_actor_200f/sionna_xml/frame_060_sionna.xml""},{""frame_id"":""60"",""source_sample_index"":""15419"",""rx_id"":""rx_ur5_base"",""num_paths"":""26"",""tau_min"":""5.708055805797585e-09"",""tau_max"":""6.370818539380707e-08"",""delay_spread"":""5.8000129588009486e-08"",""path_gain_sum"":""1.0111518804478692e-06"",""path_gain_db"":""-59.95183606143584"",""rx_power_dbm"":""-29.95183606143584"",""sanity_ok"":""True"",""xml_path"":""rt_out/experiments/semantic_ablation_actor_200f/sionna_xml/frame_060_sionna.xml""},{""frame_id"":""60"",""source_sample_index"":""15419"",""rx_id"":""rx_cerberus_base"",""num_paths"":""18"",""tau_min"":""1.574846919538686e-08"",""tau_max"":""5.723669715962387e-08"",""delay_spread"":""4.148822796423701e-08"",""path_gain_sum"":""3.621421384991663e-08"",""path_gain_db"":""-74.41120938168608"",""rx_power_dbm"":""-44.41120938168608"",""sanity_ok"":""True"",""xml_path"":""rt_out/experiments/semantic_ablation_actor_200f/sionna_xml/frame_060_sionna.xml""},{""frame_id"":""60"",""source_sample_index"":""15419"",""rx_id"":""rx_nao_chest"",""num_paths"":""22"",""tau_min"":""1.0787783999433032e-08"",""tau_max"":""6.209720737615498e-08"",""delay_spread"":""5.130942337672195e-08"",""path_gain_sum"":""7.231477638924844e-08"",""path_gain_db"":""-71.40772952378627"",""rx_power_dbm"":""-41.40772952378627"",""sanity_ok"":""True"",""xml_path"":""rt_out/experiments/semantic_ablation_actor_200f/sionna_xml/frame_060_sionna.xml""},{""frame_id"":""60"",""source_sample_index"":""15419"",""rx_id"":""rx_human_chest"",""num_paths"":""23"",""tau_min"":""6.163341392806387e-09"",""tau_max"":""6.568895827285814e-08"",""delay_spread"":""5.952561688005176e-08"",""path_gain_sum"":""2.2439070335167344e-07"",""path_gain_db"":""-66.48995140137379"",""rx_power_dbm"":""-36.48995140137379"",""sanity_ok"":""True"",""xml_path"":""rt_out/experiments/semantic_ablation_actor_200f/sionna_xml/frame_060_sionna.xml""},{""frame_id"":""60"",""source_sample_index"":""15419"",""rx_id"":""rx_x500_body"",""num_paths"":""23"",""tau_min"":""1.7234324189985273e-08"",""tau_max"":""7.465505547088469e-08"",""delay_spread"":""5.742073128089942e-08"",""path_gain_sum"":""3.372388945876992e-08"",""path_gain_db"":""-74.72062342912375"",""rx_power_dbm"":""-44.72062342912375"",""sanity_ok"":""True"",""xml_path"":""rt_out/experiments/semantic_ablation_actor_200f/sionna_xml/frame_060_sionna.xml""}]",6,"[{""frame_id"":""60"",""source_sample_index"":""15419"",""rx_id"":""rx_cerberus_base"",""delta_num_paths"":""0"",""delta_delay_spread"":""0.0"",""delta_rx_power_db"":""0.0"",""y_path_change"":""0"",""y_path_drop"":""0"",""y_rx_power_drop_0p5db"":""0"",""y_rx_power_drop_1db"":""0"",""y_rx_power_drop_2db"":""0"",""y_delay_spread_increase"":""0"",""y_adaptation_trigger_1db"":""0"",""y_adaptation_trigger_2db"":""0""},{""frame_id"":""60"",""source_sample_index"":""15419"",""rx_id"":""rx_human_chest"",""delta_num_paths"":""0"",""delta_delay_spread"":""0.0"",""delta_rx_power_db"":""-2.750423959696491e-07"",""y_path_change"":""0"",""y_path_drop"":""0"",""y_rx_power_drop_0p5db"":""0"",""y_rx_power_drop_1db"":""0"",""y_rx_power_drop_2db"":""0"",""y_delay_spread_increase"":""0"",""y_adaptation_trigger_1db"":""0"",""y_adaptation_trigger_2db"":""0""},{""frame_id"":""60"",""source_sample_index"":""15419"",""rx_id"":""rx_nao_chest"",""delta_num_paths"":""0"",""delta_delay_spread"":""0.0"",""delta_rx_power_db"":""4.267244122502234e-07"",""y_path_change"":""0"",""y_path_drop"":""0"",""y_rx_power_drop_0p5db"":""0"",""y_rx_power_drop_1db"":""0"",""y_rx_power_drop_2db"":""0"",""y_delay_spread_increase"":""0"",""y_adaptation_trigger_1db"":""0"",""y_adaptation_trigger_2db"":""0""},{""frame_id"":""60"",""source_sample_index"":""15419"",""rx_id"":""rx_panda_base"",""delta_num_paths"":""1"",""delta_delay_spread"":""0.0"",""delta_rx_power_db"":""8.68535028075712e-06"",""y_path_change"":""1"",""y_path_drop"":""0"",""y_rx_power_drop_0p5db"":""0"",""y_rx_power_drop_1db"":""0"",""y_rx_power_drop_2db"":""0"",""y_delay_spread_increase"":""0"",""y_adaptation_trigger_1db"":""0"",""y_adaptation_trigger_2db"":""0""},{""frame_id"":""60"",""source_sample_index"":""15419"",""rx_id"":""rx_ur5_base"",""delta_num_paths"":""0"",""delta_delay_spread"":""0.0"",""delta_rx_power_db"":""0.0"",""y_path_change"":""0"",""y_path_drop"":""0"",""y_rx_power_drop_0p5db"":""0"",""y_rx_power_drop_1db"":""0"",""y_rx_power_drop_2db"":""0"",""y_delay_spread_increase"":""0"",""y_adaptation_trigger_1db"":""0"",""y_adaptation_trigger_2db"":""0""},{""frame_id"":""60"",""source_sample_index"":""15419"",""rx_id"":""rx_x500_body"",""delta_num_paths"":""0"",""delta_delay_spread"":""0.0"",""delta_rx_power_db"":""4.5751662014481553e-07"",""y_path_change"":""0"",""y_path_drop"":""0"",""y_rx_power_drop_0p5db"":""0"",""y_rx_power_drop_1db"":""0"",""y_rx_power_drop_2db"":""0"",""y_delay_spread_increase"":""0"",""y_adaptation_trigger_1db"":""0"",""y_adaptation_trigger_2db"":""0""}]",frame_id,rt_out/experiments/perception_rt_small_v0/frames/instance_registry.json,rt_out/experiments/perception_rt_small_v0/configs/semantic_label_map.json,error,missing required panoptic file: panoptic_labels_rgb_path; missing required panoptic file: semantic_decoded_path; missing required panoptic file: gazebo_instance_count_path; missing optional panoptic file: colored_map_path; missing optional panoptic file: metadata_path
0.1,perception_rt_small_v0,rt_out/experiments/semantic_ablation_actor_200f,7,7,70,70,17989,cam_corner_nw,640,480,1.047,0.1,20.0,-4.368888,4.38902,2.76265,-0.018875,0.447306,-0.787697,,,,,,false,false,false,false,false,,false,missing,,,,,,,,6,"rx_panda_base,rx_ur5_base,rx_cerberus_base,rx_nao_chest,rx_human_chest,rx_x500_body",frame_id,"[{""frame_id"":""70"",""source_sample_index"":""17989"",""rx_id"":""rx_panda_base"",""num_paths"":""25"",""tau_min"":""5.357098764591228e-09"",""tau_max"":""5.897902966012225e-08"",""delay_spread"":""5.362193089553102e-08"",""path_gain_sum"":""2.8393773732204863e-07"",""path_gain_db"":""-65.46776882847284"",""rx_power_dbm"":""-35.46776882847284"",""sanity_ok"":""True"",""xml_path"":""rt_out/experiments/semantic_ablation_actor_200f/sionna_xml/frame_070_sionna.xml""},{""frame_id"":""70"",""source_sample_index"":""17989"",""rx_id"":""rx_ur5_base"",""num_paths"":""13"",""tau_min"":""2.8585452227503083e-08"",""tau_max"":""5.930293767164585e-08"",""delay_spread"":""3.071748544414277e-08"",""path_gain_sum"":""1.3809295928979282e-09"",""path_gain_db"":""-88.59828463489002"",""rx_power_dbm"":""-58.59828463489002"",""sanity_ok"":""True"",""xml_path"":""rt_out/experiments/semantic_ablation_actor_200f/sionna_xml/frame_070_sionna.xml""},{""frame_id"":""70"",""source_sample_index"":""17989"",""rx_id"":""rx_cerberus_base"",""num_paths"":""18"",""tau_min"":""1.574846919538686e-08"",""tau_max"":""5.723669715962387e-08"",""delay_spread"":""4.148822796423701e-08"",""path_gain_sum"":""3.621421384991663e-08"",""path_gain_db"":""-74.41120938168608"",""rx_power_dbm"":""-44.41120938168608"",""sanity_ok"":""True"",""xml_path"":""rt_out/experiments/semantic_ablation_actor_200f/sionna_xml/frame_070_sionna.xml""},{""frame_id"":""70"",""source_sample_index"":""17989"",""rx_id"":""rx_nao_chest"",""num_paths"":""24"",""tau_min"":""1.0787783999433032e-08"",""tau_max"":""6.209720737615498e-08"",""delay_spread"":""5.130942337672195e-08"",""path_gain_sum"":""7.249248312746204e-08"",""path_gain_db"":""-71.39707023849851"",""rx_power_dbm"":""-41.397070238498515"",""sanity_ok"":""True"",""xml_path"":""rt_out/experiments/semantic_ablation_actor_200f/sionna_xml/frame_070_sionna.xml""},{""frame_id"":""70"",""source_sample_index"":""17989"",""rx_id"":""rx_human_chest"",""num_paths"":""21"",""tau_min"":""6.163341392806387e-09"",""tau_max"":""6.431429255826515e-08"",""delay_spread"":""5.8150951165458764e-08"",""path_gain_sum"":""2.2401944477223878e-07"",""path_gain_db"":""-66.49714283492739"",""rx_power_dbm"":""-36.49714283492739"",""sanity_ok"":""True"",""xml_path"":""rt_out/experiments/semantic_ablation_actor_200f/sionna_xml/frame_070_sionna.xml""},{""frame_id"":""70"",""source_sample_index"":""17989"",""rx_id"":""rx_x500_body"",""num_paths"":""23"",""tau_min"":""1.7234324189985273e-08"",""tau_max"":""7.465505547088469e-08"",""delay_spread"":""5.742073128089942e-08"",""path_gain_sum"":""3.372388945876992e-08"",""path_gain_db"":""-74.72062342912375"",""rx_power_dbm"":""-44.72062342912375"",""sanity_ok"":""True"",""xml_path"":""rt_out/experiments/semantic_ablation_actor_200f/sionna_xml/frame_070_sionna.xml""}]",6,"[{""frame_id"":""70"",""source_sample_index"":""17989"",""rx_id"":""rx_cerberus_base"",""delta_num_paths"":""0"",""delta_delay_spread"":""0.0"",""delta_rx_power_db"":""0.0"",""y_path_change"":""0"",""y_path_drop"":""0"",""y_rx_power_drop_0p5db"":""0"",""y_rx_power_drop_1db"":""0"",""y_rx_power_drop_2db"":""0"",""y_delay_spread_increase"":""0"",""y_adaptation_trigger_1db"":""0"",""y_adaptation_trigger_2db"":""0""},{""frame_id"":""70"",""source_sample_index"":""17989"",""rx_id"":""rx_human_chest"",""delta_num_paths"":""0"",""delta_delay_spread"":""0.0"",""delta_rx_power_db"":""-2.754982233454939e-07"",""y_path_change"":""0"",""y_path_drop"":""0"",""y_rx_power_drop_0p5db"":""0"",""y_rx_power_drop_1db"":""0"",""y_rx_power_drop_2db"":""0"",""y_delay_spread_increase"":""0"",""y_adaptation_trigger_1db"":""0"",""y_adaptation_trigger_2db"":""0""},{""frame_id"":""70"",""source_sample_index"":""17989"",""rx_id"":""rx_nao_chest"",""delta_num_paths"":""0"",""delta_delay_spread"":""0.0"",""delta_rx_power_db"":""-4.2567830860207323e-07"",""y_path_change"":""0"",""y_path_drop"":""0"",""y_rx_power_drop_0p5db"":""0"",""y_rx_power_drop_1db"":""0"",""y_rx_power_drop_2db"":""0"",""y_delay_spread_increase"":""0"",""y_adaptation_trigger_1db"":""0"",""y_adaptation_trigger_2db"":""0""},{""frame_id"":""70"",""source_sample_index"":""17989"",""rx_id"":""rx_panda_base"",""delta_num_paths"":""0"",""delta_delay_spread"":""0.0"",""delta_rx_power_db"":""4.3472179811487877e-07"",""y_path_change"":""0"",""y_path_drop"":""0"",""y_rx_power_drop_0p5db"":""0"",""y_rx_power_drop_1db"":""0"",""y_rx_power_drop_2db"":""0"",""y_delay_spread_increase"":""0"",""y_adaptation_trigger_1db"":""0"",""y_adaptation_trigger_2db"":""0""},{""frame_id"":""70"",""source_sample_index"":""17989"",""rx_id"":""rx_ur5_base"",""delta_num_paths"":""0"",""delta_delay_spread"":""0.0"",""delta_rx_power_db"":""-1.3966349996508143e-06"",""y_path_change"":""0"",""y_path_drop"":""0"",""y_rx_power_drop_0p5db"":""0"",""y_rx_power_drop_1db"":""0"",""y_rx_power_drop_2db"":""0"",""y_delay_spread_increase"":""0"",""y_adaptation_trigger_1db"":""0"",""y_adaptation_trigger_2db"":""0""},{""frame_id"":""70"",""source_sample_index"":""17989"",""rx_id"":""rx_x500_body"",""delta_num_paths"":""0"",""delta_delay_spread"":""0.0"",""delta_rx_power_db"":""-4.575165917231061e-07"",""y_path_change"":""0"",""y_path_drop"":""0"",""y_rx_power_drop_0p5db"":""0"",""y_rx_power_drop_1db"":""0"",""y_rx_power_drop_2db"":""0"",""y_delay_spread_increase"":""0"",""y_adaptation_trigger_1db"":""0"",""y_adaptation_trigger_2db"":""0""}]",frame_id,rt_out/experiments/perception_rt_small_v0/frames/instance_registry.json,rt_out/experiments/perception_rt_small_v0/configs/semantic_label_map.json,error,missing required panoptic file: panoptic_labels_rgb_path; missing required panoptic file: semantic_decoded_path; missing required panoptic file: gazebo_instance_count_path; missing optional panoptic file: colored_map_path; missing optional panoptic file: metadata_path
0.1,perception_rt_small_v0,rt_out/experiments/semantic_ablation_actor_200f,7,7,70,70,17989,cam_corner_ne,640,480,1.047,0.1,20.0,4.38989,4.38902,2.76265,-0.018875,0.447306,-2.356294,,,,,,false,false,false,false,false,,false,missing,,,,,,,,6,"rx_panda_base,rx_ur5_base,rx_cerberus_base,rx_nao_chest,rx_human_chest,rx_x500_body",frame_id,"[{""frame_id"":""70"",""source_sample_index"":""17989"",""rx_id"":""rx_panda_base"",""num_paths"":""25"",""tau_min"":""5.357098764591228e-09"",""tau_max"":""5.897902966012225e-08"",""delay_spread"":""5.362193089553102e-08"",""path_gain_sum"":""2.8393773732204863e-07"",""path_gain_db"":""-65.46776882847284"",""rx_power_dbm"":""-35.46776882847284"",""sanity_ok"":""True"",""xml_path"":""rt_out/experiments/semantic_ablation_actor_200f/sionna_xml/frame_070_sionna.xml""},{""frame_id"":""70"",""source_sample_index"":""17989"",""rx_id"":""rx_ur5_base"",""num_paths"":""13"",""tau_min"":""2.8585452227503083e-08"",""tau_max"":""5.930293767164585e-08"",""delay_spread"":""3.071748544414277e-08"",""path_gain_sum"":""1.3809295928979282e-09"",""path_gain_db"":""-88.59828463489002"",""rx_power_dbm"":""-58.59828463489002"",""sanity_ok"":""True"",""xml_path"":""rt_out/experiments/semantic_ablation_actor_200f/sionna_xml/frame_070_sionna.xml""},{""frame_id"":""70"",""source_sample_index"":""17989"",""rx_id"":""rx_cerberus_base"",""num_paths"":""18"",""tau_min"":""1.574846919538686e-08"",""tau_max"":""5.723669715962387e-08"",""delay_spread"":""4.148822796423701e-08"",""path_gain_sum"":""3.621421384991663e-08"",""path_gain_db"":""-74.41120938168608"",""rx_power_dbm"":""-44.41120938168608"",""sanity_ok"":""True"",""xml_path"":""rt_out/experiments/semantic_ablation_actor_200f/sionna_xml/frame_070_sionna.xml""},{""frame_id"":""70"",""source_sample_index"":""17989"",""rx_id"":""rx_nao_chest"",""num_paths"":""24"",""tau_min"":""1.0787783999433032e-08"",""tau_max"":""6.209720737615498e-08"",""delay_spread"":""5.130942337672195e-08"",""path_gain_sum"":""7.249248312746204e-08"",""path_gain_db"":""-71.39707023849851"",""rx_power_dbm"":""-41.397070238498515"",""sanity_ok"":""True"",""xml_path"":""rt_out/experiments/semantic_ablation_actor_200f/sionna_xml/frame_070_sionna.xml""},{""frame_id"":""70"",""source_sample_index"":""17989"",""rx_id"":""rx_human_chest"",""num_paths"":""21"",""tau_min"":""6.163341392806387e-09"",""tau_max"":""6.431429255826515e-08"",""delay_spread"":""5.8150951165458764e-08"",""path_gain_sum"":""2.2401944477223878e-07"",""path_gain_db"":""-66.49714283492739"",""rx_power_dbm"":""-36.49714283492739"",""sanity_ok"":""True"",""xml_path"":""rt_out/experiments/semantic_ablation_actor_200f/sionna_xml/frame_070_sionna.xml""},{""frame_id"":""70"",""source_sample_index"":""17989"",""rx_id"":""rx_x500_body"",""num_paths"":""23"",""tau_min"":""1.7234324189985273e-08"",""tau_max"":""7.465505547088469e-08"",""delay_spread"":""5.742073128089942e-08"",""path_gain_sum"":""3.372388945876992e-08"",""path_gain_db"":""-74.72062342912375"",""rx_power_dbm"":""-44.72062342912375"",""sanity_ok"":""True"",""xml_path"":""rt_out/experiments/semantic_ablation_actor_200f/sionna_xml/frame_070_sionna.xml""}]",6,"[{""frame_id"":""70"",""source_sample_index"":""17989"",""rx_id"":""rx_cerberus_base"",""delta_num_paths"":""0"",""delta_delay_spread"":""0.0"",""delta_rx_power_db"":""0.0"",""y_path_change"":""0"",""y_path_drop"":""0"",""y_rx_power_drop_0p5db"":""0"",""y_rx_power_drop_1db"":""0"",""y_rx_power_drop_2db"":""0"",""y_delay_spread_increase"":""0"",""y_adaptation_trigger_1db"":""0"",""y_adaptation_trigger_2db"":""0""},{""frame_id"":""70"",""source_sample_index"":""17989"",""rx_id"":""rx_human_chest"",""delta_num_paths"":""0"",""delta_delay_spread"":""0.0"",""delta_rx_power_db"":""-2.754982233454939e-07"",""y_path_change"":""0"",""y_path_drop"":""0"",""y_rx_power_drop_0p5db"":""0"",""y_rx_power_drop_1db"":""0"",""y_rx_power_drop_2db"":""0"",""y_delay_spread_increase"":""0"",""y_adaptation_trigger_1db"":""0"",""y_adaptation_trigger_2db"":""0""},{""frame_id"":""70"",""source_sample_index"":""17989"",""rx_id"":""rx_nao_chest"",""delta_num_paths"":""0"",""delta_delay_spread"":""0.0"",""delta_rx_power_db"":""-4.2567830860207323e-07"",""y_path_change"":""0"",""y_path_drop"":""0"",""y_rx_power_drop_0p5db"":""0"",""y_rx_power_drop_1db"":""0"",""y_rx_power_drop_2db"":""0"",""y_delay_spread_increase"":""0"",""y_adaptation_trigger_1db"":""0"",""y_adaptation_trigger_2db"":""0""},{""frame_id"":""70"",""source_sample_index"":""17989"",""rx_id"":""rx_panda_base"",""delta_num_paths"":""0"",""delta_delay_spread"":""0.0"",""delta_rx_power_db"":""4.3472179811487877e-07"",""y_path_change"":""0"",""y_path_drop"":""0"",""y_rx_power_drop_0p5db"":""0"",""y_rx_power_drop_1db"":""0"",""y_rx_power_drop_2db"":""0"",""y_delay_spread_increase"":""0"",""y_adaptation_trigger_1db"":""0"",""y_adaptation_trigger_2db"":""0""},{""frame_id"":""70"",""source_sample_index"":""17989"",""rx_id"":""rx_ur5_base"",""delta_num_paths"":""0"",""delta_delay_spread"":""0.0"",""delta_rx_power_db"":""-1.3966349996508143e-06"",""y_path_change"":""0"",""y_path_drop"":""0"",""y_rx_power_drop_0p5db"":""0"",""y_rx_power_drop_1db"":""0"",""y_rx_power_drop_2db"":""0"",""y_delay_spread_increase"":""0"",""y_adaptation_trigger_1db"":""0"",""y_adaptation_trigger_2db"":""0""},{""frame_id"":""70"",""source_sample_index"":""17989"",""rx_id"":""rx_x500_body"",""delta_num_paths"":""0"",""delta_delay_spread"":""0.0"",""delta_rx_power_db"":""-4.575165917231061e-07"",""y_path_change"":""0"",""y_path_drop"":""0"",""y_rx_power_drop_0p5db"":""0"",""y_rx_power_drop_1db"":""0"",""y_rx_power_drop_2db"":""0"",""y_delay_spread_increase"":""0"",""y_adaptation_trigger_1db"":""0"",""y_adaptation_trigger_2db"":""0""}]",frame_id,rt_out/experiments/perception_rt_small_v0/frames/instance_registry.json,rt_out/experiments/perception_rt_small_v0/configs/semantic_label_map.json,error,missing required panoptic file: panoptic_labels_rgb_path; missing required panoptic file: semantic_decoded_path; missing required panoptic file: gazebo_instance_count_path; missing optional panoptic file: colored_map_path; missing optional panoptic file: metadata_path
0.1,perception_rt_small_v0,rt_out/experiments/semantic_ablation_actor_200f,7,7,70,70,17989,cam_corner_sw,640,480,1.047,0.1,20.0,-4.2766,-4.27322,2.72007,-0.014193,0.518246,0.774445,,,,,,false,false,false,false,false,,false,missing,,,,,,,,6,"rx_panda_base,rx_ur5_base,rx_cerberus_base,rx_nao_chest,rx_human_chest,rx_x500_body",frame_id,"[{""frame_id"":""70"",""source_sample_index"":""17989"",""rx_id"":""rx_panda_base"",""num_paths"":""25"",""tau_min"":""5.357098764591228e-09"",""tau_max"":""5.897902966012225e-08"",""delay_spread"":""5.362193089553102e-08"",""path_gain_sum"":""2.8393773732204863e-07"",""path_gain_db"":""-65.46776882847284"",""rx_power_dbm"":""-35.46776882847284"",""sanity_ok"":""True"",""xml_path"":""rt_out/experiments/semantic_ablation_actor_200f/sionna_xml/frame_070_sionna.xml""},{""frame_id"":""70"",""source_sample_index"":""17989"",""rx_id"":""rx_ur5_base"",""num_paths"":""13"",""tau_min"":""2.8585452227503083e-08"",""tau_max"":""5.930293767164585e-08"",""delay_spread"":""3.071748544414277e-08"",""path_gain_sum"":""1.3809295928979282e-09"",""path_gain_db"":""-88.59828463489002"",""rx_power_dbm"":""-58.59828463489002"",""sanity_ok"":""True"",""xml_path"":""rt_out/experiments/semantic_ablation_actor_200f/sionna_xml/frame_070_sionna.xml""},{""frame_id"":""70"",""source_sample_index"":""17989"",""rx_id"":""rx_cerberus_base"",""num_paths"":""18"",""tau_min"":""1.574846919538686e-08"",""tau_max"":""5.723669715962387e-08"",""delay_spread"":""4.148822796423701e-08"",""path_gain_sum"":""3.621421384991663e-08"",""path_gain_db"":""-74.41120938168608"",""rx_power_dbm"":""-44.41120938168608"",""sanity_ok"":""True"",""xml_path"":""rt_out/experiments/semantic_ablation_actor_200f/sionna_xml/frame_070_sionna.xml""},{""frame_id"":""70"",""source_sample_index"":""17989"",""rx_id"":""rx_nao_chest"",""num_paths"":""24"",""tau_min"":""1.0787783999433032e-08"",""tau_max"":""6.209720737615498e-08"",""delay_spread"":""5.130942337672195e-08"",""path_gain_sum"":""7.249248312746204e-08"",""path_gain_db"":""-71.39707023849851"",""rx_power_dbm"":""-41.397070238498515"",""sanity_ok"":""True"",""xml_path"":""rt_out/experiments/semantic_ablation_actor_200f/sionna_xml/frame_070_sionna.xml""},{""frame_id"":""70"",""source_sample_index"":""17989"",""rx_id"":""rx_human_chest"",""num_paths"":""21"",""tau_min"":""6.163341392806387e-09"",""tau_max"":""6.431429255826515e-08"",""delay_spread"":""5.8150951165458764e-08"",""path_gain_sum"":""2.2401944477223878e-07"",""path_gain_db"":""-66.49714283492739"",""rx_power_dbm"":""-36.49714283492739"",""sanity_ok"":""True"",""xml_path"":""rt_out/experiments/semantic_ablation_actor_200f/sionna_xml/frame_070_sionna.xml""},{""frame_id"":""70"",""source_sample_index"":""17989"",""rx_id"":""rx_x500_body"",""num_paths"":""23"",""tau_min"":""1.7234324189985273e-08"",""tau_max"":""7.465505547088469e-08"",""delay_spread"":""5.742073128089942e-08"",""path_gain_sum"":""3.372388945876992e-08"",""path_gain_db"":""-74.72062342912375"",""rx_power_dbm"":""-44.72062342912375"",""sanity_ok"":""True"",""xml_path"":""rt_out/experiments/semantic_ablation_actor_200f/sionna_xml/frame_070_sionna.xml""}]",6,"[{""frame_id"":""70"",""source_sample_index"":""17989"",""rx_id"":""rx_cerberus_base"",""delta_num_paths"":""0"",""delta_delay_spread"":""0.0"",""delta_rx_power_db"":""0.0"",""y_path_change"":""0"",""y_path_drop"":""0"",""y_rx_power_drop_0p5db"":""0"",""y_rx_power_drop_1db"":""0"",""y_rx_power_drop_2db"":""0"",""y_delay_spread_increase"":""0"",""y_adaptation_trigger_1db"":""0"",""y_adaptation_trigger_2db"":""0""},{""frame_id"":""70"",""source_sample_index"":""17989"",""rx_id"":""rx_human_chest"",""delta_num_paths"":""0"",""delta_delay_spread"":""0.0"",""delta_rx_power_db"":""-2.754982233454939e-07"",""y_path_change"":""0"",""y_path_drop"":""0"",""y_rx_power_drop_0p5db"":""0"",""y_rx_power_drop_1db"":""0"",""y_rx_power_drop_2db"":""0"",""y_delay_spread_increase"":""0"",""y_adaptation_trigger_1db"":""0"",""y_adaptation_trigger_2db"":""0""},{""frame_id"":""70"",""source_sample_index"":""17989"",""rx_id"":""rx_nao_chest"",""delta_num_paths"":""0"",""delta_delay_spread"":""0.0"",""delta_rx_power_db"":""-4.2567830860207323e-07"",""y_path_change"":""0"",""y_path_drop"":""0"",""y_rx_power_drop_0p5db"":""0"",""y_rx_power_drop_1db"":""0"",""y_rx_power_drop_2db"":""0"",""y_delay_spread_increase"":""0"",""y_adaptation_trigger_1db"":""0"",""y_adaptation_trigger_2db"":""0""},{""frame_id"":""70"",""source_sample_index"":""17989"",""rx_id"":""rx_panda_base"",""delta_num_paths"":""0"",""delta_delay_spread"":""0.0"",""delta_rx_power_db"":""4.3472179811487877e-07"",""y_path_change"":""0"",""y_path_drop"":""0"",""y_rx_power_drop_0p5db"":""0"",""y_rx_power_drop_1db"":""0"",""y_rx_power_drop_2db"":""0"",""y_delay_spread_increase"":""0"",""y_adaptation_trigger_1db"":""0"",""y_adaptation_trigger_2db"":""0""},{""frame_id"":""70"",""source_sample_index"":""17989"",""rx_id"":""rx_ur5_base"",""delta_num_paths"":""0"",""delta_delay_spread"":""0.0"",""delta_rx_power_db"":""-1.3966349996508143e-06"",""y_path_change"":""0"",""y_path_drop"":""0"",""y_rx_power_drop_0p5db"":""0"",""y_rx_power_drop_1db"":""0"",""y_rx_power_drop_2db"":""0"",""y_delay_spread_increase"":""0"",""y_adaptation_trigger_1db"":""0"",""y_adaptation_trigger_2db"":""0""},{""frame_id"":""70"",""source_sample_index"":""17989"",""rx_id"":""rx_x500_body"",""delta_num_paths"":""0"",""delta_delay_spread"":""0.0"",""delta_rx_power_db"":""-4.575165917231061e-07"",""y_path_change"":""0"",""y_path_drop"":""0"",""y_rx_power_drop_0p5db"":""0"",""y_rx_power_drop_1db"":""0"",""y_rx_power_drop_2db"":""0"",""y_delay_spread_increase"":""0"",""y_adaptation_trigger_1db"":""0"",""y_adaptation_trigger_2db"":""0""}]",frame_id,rt_out/experiments/perception_rt_small_v0/frames/instance_registry.json,rt_out/experiments/perception_rt_small_v0/configs/semantic_label_map.json,error,missing required panoptic file: panoptic_labels_rgb_path; missing required panoptic file: semantic_decoded_path; missing required panoptic file: gazebo_instance_count_path; missing optional panoptic file: colored_map_path; missing optional panoptic file: metadata_path
0.1,perception_rt_small_v0,rt_out/experiments/semantic_ablation_actor_200f,7,7,70,70,17989,cam_corner_se,640,480,1.047,0.1,20.0,4.44776,-4.40805,2.80523,-0.023556,0.376367,2.408296,,,,,,false,false,false,false,false,,false,missing,,,,,,,,6,"rx_panda_base,rx_ur5_base,rx_cerberus_base,rx_nao_chest,rx_human_chest,rx_x500_body",frame_id,"[{""frame_id"":""70"",""source_sample_index"":""17989"",""rx_id"":""rx_panda_base"",""num_paths"":""25"",""tau_min"":""5.357098764591228e-09"",""tau_max"":""5.897902966012225e-08"",""delay_spread"":""5.362193089553102e-08"",""path_gain_sum"":""2.8393773732204863e-07"",""path_gain_db"":""-65.46776882847284"",""rx_power_dbm"":""-35.46776882847284"",""sanity_ok"":""True"",""xml_path"":""rt_out/experiments/semantic_ablation_actor_200f/sionna_xml/frame_070_sionna.xml""},{""frame_id"":""70"",""source_sample_index"":""17989"",""rx_id"":""rx_ur5_base"",""num_paths"":""13"",""tau_min"":""2.8585452227503083e-08"",""tau_max"":""5.930293767164585e-08"",""delay_spread"":""3.071748544414277e-08"",""path_gain_sum"":""1.3809295928979282e-09"",""path_gain_db"":""-88.59828463489002"",""rx_power_dbm"":""-58.59828463489002"",""sanity_ok"":""True"",""xml_path"":""rt_out/experiments/semantic_ablation_actor_200f/sionna_xml/frame_070_sionna.xml""},{""frame_id"":""70"",""source_sample_index"":""17989"",""rx_id"":""rx_cerberus_base"",""num_paths"":""18"",""tau_min"":""1.574846919538686e-08"",""tau_max"":""5.723669715962387e-08"",""delay_spread"":""4.148822796423701e-08"",""path_gain_sum"":""3.621421384991663e-08"",""path_gain_db"":""-74.41120938168608"",""rx_power_dbm"":""-44.41120938168608"",""sanity_ok"":""True"",""xml_path"":""rt_out/experiments/semantic_ablation_actor_200f/sionna_xml/frame_070_sionna.xml""},{""frame_id"":""70"",""source_sample_index"":""17989"",""rx_id"":""rx_nao_chest"",""num_paths"":""24"",""tau_min"":""1.0787783999433032e-08"",""tau_max"":""6.209720737615498e-08"",""delay_spread"":""5.130942337672195e-08"",""path_gain_sum"":""7.249248312746204e-08"",""path_gain_db"":""-71.39707023849851"",""rx_power_dbm"":""-41.397070238498515"",""sanity_ok"":""True"",""xml_path"":""rt_out/experiments/semantic_ablation_actor_200f/sionna_xml/frame_070_sionna.xml""},{""frame_id"":""70"",""source_sample_index"":""17989"",""rx_id"":""rx_human_chest"",""num_paths"":""21"",""tau_min"":""6.163341392806387e-09"",""tau_max"":""6.431429255826515e-08"",""delay_spread"":""5.8150951165458764e-08"",""path_gain_sum"":""2.2401944477223878e-07"",""path_gain_db"":""-66.49714283492739"",""rx_power_dbm"":""-36.49714283492739"",""sanity_ok"":""True"",""xml_path"":""rt_out/experiments/semantic_ablation_actor_200f/sionna_xml/frame_070_sionna.xml""},{""frame_id"":""70"",""source_sample_index"":""17989"",""rx_id"":""rx_x500_body"",""num_paths"":""23"",""tau_min"":""1.7234324189985273e-08"",""tau_max"":""7.465505547088469e-08"",""delay_spread"":""5.742073128089942e-08"",""path_gain_sum"":""3.372388945876992e-08"",""path_gain_db"":""-74.72062342912375"",""rx_power_dbm"":""-44.72062342912375"",""sanity_ok"":""True"",""xml_path"":""rt_out/experiments/semantic_ablation_actor_200f/sionna_xml/frame_070_sionna.xml""}]",6,"[{""frame_id"":""70"",""source_sample_index"":""17989"",""rx_id"":""rx_cerberus_base"",""delta_num_paths"":""0"",""delta_delay_spread"":""0.0"",""delta_rx_power_db"":""0.0"",""y_path_change"":""0"",""y_path_drop"":""0"",""y_rx_power_drop_0p5db"":""0"",""y_rx_power_drop_1db"":""0"",""y_rx_power_drop_2db"":""0"",""y_delay_spread_increase"":""0"",""y_adaptation_trigger_1db"":""0"",""y_adaptation_trigger_2db"":""0""},{""frame_id"":""70"",""source_sample_index"":""17989"",""rx_id"":""rx_human_chest"",""delta_num_paths"":""0"",""delta_delay_spread"":""0.0"",""delta_rx_power_db"":""-2.754982233454939e-07"",""y_path_change"":""0"",""y_path_drop"":""0"",""y_rx_power_drop_0p5db"":""0"",""y_rx_power_drop_1db"":""0"",""y_rx_power_drop_2db"":""0"",""y_delay_spread_increase"":""0"",""y_adaptation_trigger_1db"":""0"",""y_adaptation_trigger_2db"":""0""},{""frame_id"":""70"",""source_sample_index"":""17989"",""rx_id"":""rx_nao_chest"",""delta_num_paths"":""0"",""delta_delay_spread"":""0.0"",""delta_rx_power_db"":""-4.2567830860207323e-07"",""y_path_change"":""0"",""y_path_drop"":""0"",""y_rx_power_drop_0p5db"":""0"",""y_rx_power_drop_1db"":""0"",""y_rx_power_drop_2db"":""0"",""y_delay_spread_increase"":""0"",""y_adaptation_trigger_1db"":""0"",""y_adaptation_trigger_2db"":""0""},{""frame_id"":""70"",""source_sample_index"":""17989"",""rx_id"":""rx_panda_base"",""delta_num_paths"":""0"",""delta_delay_spread"":""0.0"",""delta_rx_power_db"":""4.3472179811487877e-07"",""y_path_change"":""0"",""y_path_drop"":""0"",""y_rx_power_drop_0p5db"":""0"",""y_rx_power_drop_1db"":""0"",""y_rx_power_drop_2db"":""0"",""y_delay_spread_increase"":""0"",""y_adaptation_trigger_1db"":""0"",""y_adaptation_trigger_2db"":""0""},{""frame_id"":""70"",""source_sample_index"":""17989"",""rx_id"":""rx_ur5_base"",""delta_num_paths"":""0"",""delta_delay_spread"":""0.0"",""delta_rx_power_db"":""-1.3966349996508143e-06"",""y_path_change"":""0"",""y_path_drop"":""0"",""y_rx_power_drop_0p5db"":""0"",""y_rx_power_drop_1db"":""0"",""y_rx_power_drop_2db"":""0"",""y_delay_spread_increase"":""0"",""y_adaptation_trigger_1db"":""0"",""y_adaptation_trigger_2db"":""0""},{""frame_id"":""70"",""source_sample_index"":""17989"",""rx_id"":""rx_x500_body"",""delta_num_paths"":""0"",""delta_delay_spread"":""0.0"",""delta_rx_power_db"":""-4.575165917231061e-07"",""y_path_change"":""0"",""y_path_drop"":""0"",""y_rx_power_drop_0p5db"":""0"",""y_rx_power_drop_1db"":""0"",""y_rx_power_drop_2db"":""0"",""y_delay_spread_increase"":""0"",""y_adaptation_trigger_1db"":""0"",""y_adaptation_trigger_2db"":""0""}]",frame_id,rt_out/experiments/perception_rt_small_v0/frames/instance_registry.json,rt_out/experiments/perception_rt_small_v0/configs/semantic_label_map.json,error,missing required panoptic file: panoptic_labels_rgb_path; missing required panoptic file: semantic_decoded_path; missing required panoptic file: gazebo_instance_count_path; missing optional panoptic file: colored_map_path; missing optional panoptic file: metadata_path
0.1,perception_rt_small_v0,rt_out/experiments/semantic_ablation_actor_200f,7,7,70,70,17989,cam_wall_north,640,480,1.047,0.1,20.0,0.221087,4.38902,2.71504,-0.0,0.562591,-1.5708,,,,,,false,false,false,false,false,,false,missing,,,,,,,,6,"rx_panda_base,rx_ur5_base,rx_cerberus_base,rx_nao_chest,rx_human_chest,rx_x500_body",frame_id,"[{""frame_id"":""70"",""source_sample_index"":""17989"",""rx_id"":""rx_panda_base"",""num_paths"":""25"",""tau_min"":""5.357098764591228e-09"",""tau_max"":""5.897902966012225e-08"",""delay_spread"":""5.362193089553102e-08"",""path_gain_sum"":""2.8393773732204863e-07"",""path_gain_db"":""-65.46776882847284"",""rx_power_dbm"":""-35.46776882847284"",""sanity_ok"":""True"",""xml_path"":""rt_out/experiments/semantic_ablation_actor_200f/sionna_xml/frame_070_sionna.xml""},{""frame_id"":""70"",""source_sample_index"":""17989"",""rx_id"":""rx_ur5_base"",""num_paths"":""13"",""tau_min"":""2.8585452227503083e-08"",""tau_max"":""5.930293767164585e-08"",""delay_spread"":""3.071748544414277e-08"",""path_gain_sum"":""1.3809295928979282e-09"",""path_gain_db"":""-88.59828463489002"",""rx_power_dbm"":""-58.59828463489002"",""sanity_ok"":""True"",""xml_path"":""rt_out/experiments/semantic_ablation_actor_200f/sionna_xml/frame_070_sionna.xml""},{""frame_id"":""70"",""source_sample_index"":""17989"",""rx_id"":""rx_cerberus_base"",""num_paths"":""18"",""tau_min"":""1.574846919538686e-08"",""tau_max"":""5.723669715962387e-08"",""delay_spread"":""4.148822796423701e-08"",""path_gain_sum"":""3.621421384991663e-08"",""path_gain_db"":""-74.41120938168608"",""rx_power_dbm"":""-44.41120938168608"",""sanity_ok"":""True"",""xml_path"":""rt_out/experiments/semantic_ablation_actor_200f/sionna_xml/frame_070_sionna.xml""},{""frame_id"":""70"",""source_sample_index"":""17989"",""rx_id"":""rx_nao_chest"",""num_paths"":""24"",""tau_min"":""1.0787783999433032e-08"",""tau_max"":""6.209720737615498e-08"",""delay_spread"":""5.130942337672195e-08"",""path_gain_sum"":""7.249248312746204e-08"",""path_gain_db"":""-71.39707023849851"",""rx_power_dbm"":""-41.397070238498515"",""sanity_ok"":""True"",""xml_path"":""rt_out/experiments/semantic_ablation_actor_200f/sionna_xml/frame_070_sionna.xml""},{""frame_id"":""70"",""source_sample_index"":""17989"",""rx_id"":""rx_human_chest"",""num_paths"":""21"",""tau_min"":""6.163341392806387e-09"",""tau_max"":""6.431429255826515e-08"",""delay_spread"":""5.8150951165458764e-08"",""path_gain_sum"":""2.2401944477223878e-07"",""path_gain_db"":""-66.49714283492739"",""rx_power_dbm"":""-36.49714283492739"",""sanity_ok"":""True"",""xml_path"":""rt_out/experiments/semantic_ablation_actor_200f/sionna_xml/frame_070_sionna.xml""},{""frame_id"":""70"",""source_sample_index"":""17989"",""rx_id"":""rx_x500_body"",""num_paths"":""23"",""tau_min"":""1.7234324189985273e-08"",""tau_max"":""7.465505547088469e-08"",""delay_spread"":""5.742073128089942e-08"",""path_gain_sum"":""3.372388945876992e-08"",""path_gain_db"":""-74.72062342912375"",""rx_power_dbm"":""-44.72062342912375"",""sanity_ok"":""True"",""xml_path"":""rt_out/experiments/semantic_ablation_actor_200f/sionna_xml/frame_070_sionna.xml""}]",6,"[{""frame_id"":""70"",""source_sample_index"":""17989"",""rx_id"":""rx_cerberus_base"",""delta_num_paths"":""0"",""delta_delay_spread"":""0.0"",""delta_rx_power_db"":""0.0"",""y_path_change"":""0"",""y_path_drop"":""0"",""y_rx_power_drop_0p5db"":""0"",""y_rx_power_drop_1db"":""0"",""y_rx_power_drop_2db"":""0"",""y_delay_spread_increase"":""0"",""y_adaptation_trigger_1db"":""0"",""y_adaptation_trigger_2db"":""0""},{""frame_id"":""70"",""source_sample_index"":""17989"",""rx_id"":""rx_human_chest"",""delta_num_paths"":""0"",""delta_delay_spread"":""0.0"",""delta_rx_power_db"":""-2.754982233454939e-07"",""y_path_change"":""0"",""y_path_drop"":""0"",""y_rx_power_drop_0p5db"":""0"",""y_rx_power_drop_1db"":""0"",""y_rx_power_drop_2db"":""0"",""y_delay_spread_increase"":""0"",""y_adaptation_trigger_1db"":""0"",""y_adaptation_trigger_2db"":""0""},{""frame_id"":""70"",""source_sample_index"":""17989"",""rx_id"":""rx_nao_chest"",""delta_num_paths"":""0"",""delta_delay_spread"":""0.0"",""delta_rx_power_db"":""-4.2567830860207323e-07"",""y_path_change"":""0"",""y_path_drop"":""0"",""y_rx_power_drop_0p5db"":""0"",""y_rx_power_drop_1db"":""0"",""y_rx_power_drop_2db"":""0"",""y_delay_spread_increase"":""0"",""y_adaptation_trigger_1db"":""0"",""y_adaptation_trigger_2db"":""0""},{""frame_id"":""70"",""source_sample_index"":""17989"",""rx_id"":""rx_panda_base"",""delta_num_paths"":""0"",""delta_delay_spread"":""0.0"",""delta_rx_power_db"":""4.3472179811487877e-07"",""y_path_change"":""0"",""y_path_drop"":""0"",""y_rx_power_drop_0p5db"":""0"",""y_rx_power_drop_1db"":""0"",""y_rx_power_drop_2db"":""0"",""y_delay_spread_increase"":""0"",""y_adaptation_trigger_1db"":""0"",""y_adaptation_trigger_2db"":""0""},{""frame_id"":""70"",""source_sample_index"":""17989"",""rx_id"":""rx_ur5_base"",""delta_num_paths"":""0"",""delta_delay_spread"":""0.0"",""delta_rx_power_db"":""-1.3966349996508143e-06"",""y_path_change"":""0"",""y_path_drop"":""0"",""y_rx_power_drop_0p5db"":""0"",""y_rx_power_drop_1db"":""0"",""y_rx_power_drop_2db"":""0"",""y_delay_spread_increase"":""0"",""y_adaptation_trigger_1db"":""0"",""y_adaptation_trigger_2db"":""0""},{""frame_id"":""70"",""source_sample_index"":""17989"",""rx_id"":""rx_x500_body"",""delta_num_paths"":""0"",""delta_delay_spread"":""0.0"",""delta_rx_power_db"":""-4.575165917231061e-07"",""y_path_change"":""0"",""y_path_drop"":""0"",""y_rx_power_drop_0p5db"":""0"",""y_rx_power_drop_1db"":""0"",""y_rx_power_drop_2db"":""0"",""y_delay_spread_increase"":""0"",""y_adaptation_trigger_1db"":""0"",""y_adaptation_trigger_2db"":""0""}]",frame_id,rt_out/experiments/perception_rt_small_v0/frames/instance_registry.json,rt_out/experiments/perception_rt_small_v0/configs/semantic_label_map.json,error,missing required panoptic file: panoptic_labels_rgb_path; missing required panoptic file: semantic_decoded_path; missing required panoptic file: gazebo_instance_count_path; missing optional panoptic file: colored_map_path; missing optional panoptic file: metadata_path
0.1,perception_rt_small_v0,rt_out/experiments/semantic_ablation_actor_200f,7,7,70,70,17989,cam_wall_south,640,480,1.047,0.1,20.0,0.221056,-4.22159,2.7964,0.000426,0.271157,1.577903,,,,,,false,false,false,false,false,,false,missing,,,,,,,,6,"rx_panda_base,rx_ur5_base,rx_cerberus_base,rx_nao_chest,rx_human_chest,rx_x500_body",frame_id,"[{""frame_id"":""70"",""source_sample_index"":""17989"",""rx_id"":""rx_panda_base"",""num_paths"":""25"",""tau_min"":""5.357098764591228e-09"",""tau_max"":""5.897902966012225e-08"",""delay_spread"":""5.362193089553102e-08"",""path_gain_sum"":""2.8393773732204863e-07"",""path_gain_db"":""-65.46776882847284"",""rx_power_dbm"":""-35.46776882847284"",""sanity_ok"":""True"",""xml_path"":""rt_out/experiments/semantic_ablation_actor_200f/sionna_xml/frame_070_sionna.xml""},{""frame_id"":""70"",""source_sample_index"":""17989"",""rx_id"":""rx_ur5_base"",""num_paths"":""13"",""tau_min"":""2.8585452227503083e-08"",""tau_max"":""5.930293767164585e-08"",""delay_spread"":""3.071748544414277e-08"",""path_gain_sum"":""1.3809295928979282e-09"",""path_gain_db"":""-88.59828463489002"",""rx_power_dbm"":""-58.59828463489002"",""sanity_ok"":""True"",""xml_path"":""rt_out/experiments/semantic_ablation_actor_200f/sionna_xml/frame_070_sionna.xml""},{""frame_id"":""70"",""source_sample_index"":""17989"",""rx_id"":""rx_cerberus_base"",""num_paths"":""18"",""tau_min"":""1.574846919538686e-08"",""tau_max"":""5.723669715962387e-08"",""delay_spread"":""4.148822796423701e-08"",""path_gain_sum"":""3.621421384991663e-08"",""path_gain_db"":""-74.41120938168608"",""rx_power_dbm"":""-44.41120938168608"",""sanity_ok"":""True"",""xml_path"":""rt_out/experiments/semantic_ablation_actor_200f/sionna_xml/frame_070_sionna.xml""},{""frame_id"":""70"",""source_sample_index"":""17989"",""rx_id"":""rx_nao_chest"",""num_paths"":""24"",""tau_min"":""1.0787783999433032e-08"",""tau_max"":""6.209720737615498e-08"",""delay_spread"":""5.130942337672195e-08"",""path_gain_sum"":""7.249248312746204e-08"",""path_gain_db"":""-71.39707023849851"",""rx_power_dbm"":""-41.397070238498515"",""sanity_ok"":""True"",""xml_path"":""rt_out/experiments/semantic_ablation_actor_200f/sionna_xml/frame_070_sionna.xml""},{""frame_id"":""70"",""source_sample_index"":""17989"",""rx_id"":""rx_human_chest"",""num_paths"":""21"",""tau_min"":""6.163341392806387e-09"",""tau_max"":""6.431429255826515e-08"",""delay_spread"":""5.8150951165458764e-08"",""path_gain_sum"":""2.2401944477223878e-07"",""path_gain_db"":""-66.49714283492739"",""rx_power_dbm"":""-36.49714283492739"",""sanity_ok"":""True"",""xml_path"":""rt_out/experiments/semantic_ablation_actor_200f/sionna_xml/frame_070_sionna.xml""},{""frame_id"":""70"",""source_sample_index"":""17989"",""rx_id"":""rx_x500_body"",""num_paths"":""23"",""tau_min"":""1.7234324189985273e-08"",""tau_max"":""7.465505547088469e-08"",""delay_spread"":""5.742073128089942e-08"",""path_gain_sum"":""3.372388945876992e-08"",""path_gain_db"":""-74.72062342912375"",""rx_power_dbm"":""-44.72062342912375"",""sanity_ok"":""True"",""xml_path"":""rt_out/experiments/semantic_ablation_actor_200f/sionna_xml/frame_070_sionna.xml""}]",6,"[{""frame_id"":""70"",""source_sample_index"":""17989"",""rx_id"":""rx_cerberus_base"",""delta_num_paths"":""0"",""delta_delay_spread"":""0.0"",""delta_rx_power_db"":""0.0"",""y_path_change"":""0"",""y_path_drop"":""0"",""y_rx_power_drop_0p5db"":""0"",""y_rx_power_drop_1db"":""0"",""y_rx_power_drop_2db"":""0"",""y_delay_spread_increase"":""0"",""y_adaptation_trigger_1db"":""0"",""y_adaptation_trigger_2db"":""0""},{""frame_id"":""70"",""source_sample_index"":""17989"",""rx_id"":""rx_human_chest"",""delta_num_paths"":""0"",""delta_delay_spread"":""0.0"",""delta_rx_power_db"":""-2.754982233454939e-07"",""y_path_change"":""0"",""y_path_drop"":""0"",""y_rx_power_drop_0p5db"":""0"",""y_rx_power_drop_1db"":""0"",""y_rx_power_drop_2db"":""0"",""y_delay_spread_increase"":""0"",""y_adaptation_trigger_1db"":""0"",""y_adaptation_trigger_2db"":""0""},{""frame_id"":""70"",""source_sample_index"":""17989"",""rx_id"":""rx_nao_chest"",""delta_num_paths"":""0"",""delta_delay_spread"":""0.0"",""delta_rx_power_db"":""-4.2567830860207323e-07"",""y_path_change"":""0"",""y_path_drop"":""0"",""y_rx_power_drop_0p5db"":""0"",""y_rx_power_drop_1db"":""0"",""y_rx_power_drop_2db"":""0"",""y_delay_spread_increase"":""0"",""y_adaptation_trigger_1db"":""0"",""y_adaptation_trigger_2db"":""0""},{""frame_id"":""70"",""source_sample_index"":""17989"",""rx_id"":""rx_panda_base"",""delta_num_paths"":""0"",""delta_delay_spread"":""0.0"",""delta_rx_power_db"":""4.3472179811487877e-07"",""y_path_change"":""0"",""y_path_drop"":""0"",""y_rx_power_drop_0p5db"":""0"",""y_rx_power_drop_1db"":""0"",""y_rx_power_drop_2db"":""0"",""y_delay_spread_increase"":""0"",""y_adaptation_trigger_1db"":""0"",""y_adaptation_trigger_2db"":""0""},{""frame_id"":""70"",""source_sample_index"":""17989"",""rx_id"":""rx_ur5_base"",""delta_num_paths"":""0"",""delta_delay_spread"":""0.0"",""delta_rx_power_db"":""-1.3966349996508143e-06"",""y_path_change"":""0"",""y_path_drop"":""0"",""y_rx_power_drop_0p5db"":""0"",""y_rx_power_drop_1db"":""0"",""y_rx_power_drop_2db"":""0"",""y_delay_spread_increase"":""0"",""y_adaptation_trigger_1db"":""0"",""y_adaptation_trigger_2db"":""0""},{""frame_id"":""70"",""source_sample_index"":""17989"",""rx_id"":""rx_x500_body"",""delta_num_paths"":""0"",""delta_delay_spread"":""0.0"",""delta_rx_power_db"":""-4.575165917231061e-07"",""y_path_change"":""0"",""y_path_drop"":""0"",""y_rx_power_drop_0p5db"":""0"",""y_rx_power_drop_1db"":""0"",""y_rx_power_drop_2db"":""0"",""y_delay_spread_increase"":""0"",""y_adaptation_trigger_1db"":""0"",""y_adaptation_trigger_2db"":""0""}]",frame_id,rt_out/experiments/perception_rt_small_v0/frames/instance_registry.json,rt_out/experiments/perception_rt_small_v0/configs/semantic_label_map.json,error,missing required panoptic file: panoptic_labels_rgb_path; missing required panoptic file: semantic_decoded_path; missing required panoptic file: gazebo_instance_count_path; missing optional panoptic file: colored_map_path; missing optional panoptic file: metadata_path
0.1,perception_rt_small_v0,rt_out/experiments/semantic_ablation_actor_200f,7,7,70,70,17989,cam_wall_east,640,480,1.047,0.1,20.0,4.38989,-0.157588,2.81304,-0.047579,0.393096,3.098594,,,,,,false,false,false,false,false,,false,missing,,,,,,,,6,"rx_panda_base,rx_ur5_base,rx_cerberus_base,rx_nao_chest,rx_human_chest,rx_x500_body",frame_id,"[{""frame_id"":""70"",""source_sample_index"":""17989"",""rx_id"":""rx_panda_base"",""num_paths"":""25"",""tau_min"":""5.357098764591228e-09"",""tau_max"":""5.897902966012225e-08"",""delay_spread"":""5.362193089553102e-08"",""path_gain_sum"":""2.8393773732204863e-07"",""path_gain_db"":""-65.46776882847284"",""rx_power_dbm"":""-35.46776882847284"",""sanity_ok"":""True"",""xml_path"":""rt_out/experiments/semantic_ablation_actor_200f/sionna_xml/frame_070_sionna.xml""},{""frame_id"":""70"",""source_sample_index"":""17989"",""rx_id"":""rx_ur5_base"",""num_paths"":""13"",""tau_min"":""2.8585452227503083e-08"",""tau_max"":""5.930293767164585e-08"",""delay_spread"":""3.071748544414277e-08"",""path_gain_sum"":""1.3809295928979282e-09"",""path_gain_db"":""-88.59828463489002"",""rx_power_dbm"":""-58.59828463489002"",""sanity_ok"":""True"",""xml_path"":""rt_out/experiments/semantic_ablation_actor_200f/sionna_xml/frame_070_sionna.xml""},{""frame_id"":""70"",""source_sample_index"":""17989"",""rx_id"":""rx_cerberus_base"",""num_paths"":""18"",""tau_min"":""1.574846919538686e-08"",""tau_max"":""5.723669715962387e-08"",""delay_spread"":""4.148822796423701e-08"",""path_gain_sum"":""3.621421384991663e-08"",""path_gain_db"":""-74.41120938168608"",""rx_power_dbm"":""-44.41120938168608"",""sanity_ok"":""True"",""xml_path"":""rt_out/experiments/semantic_ablation_actor_200f/sionna_xml/frame_070_sionna.xml""},{""frame_id"":""70"",""source_sample_index"":""17989"",""rx_id"":""rx_nao_chest"",""num_paths"":""24"",""tau_min"":""1.0787783999433032e-08"",""tau_max"":""6.209720737615498e-08"",""delay_spread"":""5.130942337672195e-08"",""path_gain_sum"":""7.249248312746204e-08"",""path_gain_db"":""-71.39707023849851"",""rx_power_dbm"":""-41.397070238498515"",""sanity_ok"":""True"",""xml_path"":""rt_out/experiments/semantic_ablation_actor_200f/sionna_xml/frame_070_sionna.xml""},{""frame_id"":""70"",""source_sample_index"":""17989"",""rx_id"":""rx_human_chest"",""num_paths"":""21"",""tau_min"":""6.163341392806387e-09"",""tau_max"":""6.431429255826515e-08"",""delay_spread"":""5.8150951165458764e-08"",""path_gain_sum"":""2.2401944477223878e-07"",""path_gain_db"":""-66.49714283492739"",""rx_power_dbm"":""-36.49714283492739"",""sanity_ok"":""True"",""xml_path"":""rt_out/experiments/semantic_ablation_actor_200f/sionna_xml/frame_070_sionna.xml""},{""frame_id"":""70"",""source_sample_index"":""17989"",""rx_id"":""rx_x500_body"",""num_paths"":""23"",""tau_min"":""1.7234324189985273e-08"",""tau_max"":""7.465505547088469e-08"",""delay_spread"":""5.742073128089942e-08"",""path_gain_sum"":""3.372388945876992e-08"",""path_gain_db"":""-74.72062342912375"",""rx_power_dbm"":""-44.72062342912375"",""sanity_ok"":""True"",""xml_path"":""rt_out/experiments/semantic_ablation_actor_200f/sionna_xml/frame_070_sionna.xml""}]",6,"[{""frame_id"":""70"",""source_sample_index"":""17989"",""rx_id"":""rx_cerberus_base"",""delta_num_paths"":""0"",""delta_delay_spread"":""0.0"",""delta_rx_power_db"":""0.0"",""y_path_change"":""0"",""y_path_drop"":""0"",""y_rx_power_drop_0p5db"":""0"",""y_rx_power_drop_1db"":""0"",""y_rx_power_drop_2db"":""0"",""y_delay_spread_increase"":""0"",""y_adaptation_trigger_1db"":""0"",""y_adaptation_trigger_2db"":""0""},{""frame_id"":""70"",""source_sample_index"":""17989"",""rx_id"":""rx_human_chest"",""delta_num_paths"":""0"",""delta_delay_spread"":""0.0"",""delta_rx_power_db"":""-2.754982233454939e-07"",""y_path_change"":""0"",""y_path_drop"":""0"",""y_rx_power_drop_0p5db"":""0"",""y_rx_power_drop_1db"":""0"",""y_rx_power_drop_2db"":""0"",""y_delay_spread_increase"":""0"",""y_adaptation_trigger_1db"":""0"",""y_adaptation_trigger_2db"":""0""},{""frame_id"":""70"",""source_sample_index"":""17989"",""rx_id"":""rx_nao_chest"",""delta_num_paths"":""0"",""delta_delay_spread"":""0.0"",""delta_rx_power_db"":""-4.2567830860207323e-07"",""y_path_change"":""0"",""y_path_drop"":""0"",""y_rx_power_drop_0p5db"":""0"",""y_rx_power_drop_1db"":""0"",""y_rx_power_drop_2db"":""0"",""y_delay_spread_increase"":""0"",""y_adaptation_trigger_1db"":""0"",""y_adaptation_trigger_2db"":""0""},{""frame_id"":""70"",""source_sample_index"":""17989"",""rx_id"":""rx_panda_base"",""delta_num_paths"":""0"",""delta_delay_spread"":""0.0"",""delta_rx_power_db"":""4.3472179811487877e-07"",""y_path_change"":""0"",""y_path_drop"":""0"",""y_rx_power_drop_0p5db"":""0"",""y_rx_power_drop_1db"":""0"",""y_rx_power_drop_2db"":""0"",""y_delay_spread_increase"":""0"",""y_adaptation_trigger_1db"":""0"",""y_adaptation_trigger_2db"":""0""},{""frame_id"":""70"",""source_sample_index"":""17989"",""rx_id"":""rx_ur5_base"",""delta_num_paths"":""0"",""delta_delay_spread"":""0.0"",""delta_rx_power_db"":""-1.3966349996508143e-06"",""y_path_change"":""0"",""y_path_drop"":""0"",""y_rx_power_drop_0p5db"":""0"",""y_rx_power_drop_1db"":""0"",""y_rx_power_drop_2db"":""0"",""y_delay_spread_increase"":""0"",""y_adaptation_trigger_1db"":""0"",""y_adaptation_trigger_2db"":""0""},{""frame_id"":""70"",""source_sample_index"":""17989"",""rx_id"":""rx_x500_body"",""delta_num_paths"":""0"",""delta_delay_spread"":""0.0"",""delta_rx_power_db"":""-4.575165917231061e-07"",""y_path_change"":""0"",""y_path_drop"":""0"",""y_rx_power_drop_0p5db"":""0"",""y_rx_power_drop_1db"":""0"",""y_rx_power_drop_2db"":""0"",""y_delay_spread_increase"":""0"",""y_adaptation_trigger_1db"":""0"",""y_adaptation_trigger_2db"":""0""}]",frame_id,rt_out/experiments/perception_rt_small_v0/frames/instance_registry.json,rt_out/experiments/perception_rt_small_v0/configs/semantic_label_map.json,error,missing required panoptic file: panoptic_labels_rgb_path; missing required panoptic file: semantic_decoded_path; missing required panoptic file: gazebo_instance_count_path; missing optional panoptic file: colored_map_path; missing optional panoptic file: metadata_path
0.1,perception_rt_small_v0,rt_out/experiments/semantic_ablation_actor_200f,7,7,70,70,17989,cam_wall_west,640,480,1.047,0.1,20.0,-4.368888,-0.03657,2.817008,0.035211,0.406352,0.030119,,,,,,false,false,false,false,false,,false,missing,,,,,,,,6,"rx_panda_base,rx_ur5_base,rx_cerberus_base,rx_nao_chest,rx_human_chest,rx_x500_body",frame_id,"[{""frame_id"":""70"",""source_sample_index"":""17989"",""rx_id"":""rx_panda_base"",""num_paths"":""25"",""tau_min"":""5.357098764591228e-09"",""tau_max"":""5.897902966012225e-08"",""delay_spread"":""5.362193089553102e-08"",""path_gain_sum"":""2.8393773732204863e-07"",""path_gain_db"":""-65.46776882847284"",""rx_power_dbm"":""-35.46776882847284"",""sanity_ok"":""True"",""xml_path"":""rt_out/experiments/semantic_ablation_actor_200f/sionna_xml/frame_070_sionna.xml""},{""frame_id"":""70"",""source_sample_index"":""17989"",""rx_id"":""rx_ur5_base"",""num_paths"":""13"",""tau_min"":""2.8585452227503083e-08"",""tau_max"":""5.930293767164585e-08"",""delay_spread"":""3.071748544414277e-08"",""path_gain_sum"":""1.3809295928979282e-09"",""path_gain_db"":""-88.59828463489002"",""rx_power_dbm"":""-58.59828463489002"",""sanity_ok"":""True"",""xml_path"":""rt_out/experiments/semantic_ablation_actor_200f/sionna_xml/frame_070_sionna.xml""},{""frame_id"":""70"",""source_sample_index"":""17989"",""rx_id"":""rx_cerberus_base"",""num_paths"":""18"",""tau_min"":""1.574846919538686e-08"",""tau_max"":""5.723669715962387e-08"",""delay_spread"":""4.148822796423701e-08"",""path_gain_sum"":""3.621421384991663e-08"",""path_gain_db"":""-74.41120938168608"",""rx_power_dbm"":""-44.41120938168608"",""sanity_ok"":""True"",""xml_path"":""rt_out/experiments/semantic_ablation_actor_200f/sionna_xml/frame_070_sionna.xml""},{""frame_id"":""70"",""source_sample_index"":""17989"",""rx_id"":""rx_nao_chest"",""num_paths"":""24"",""tau_min"":""1.0787783999433032e-08"",""tau_max"":""6.209720737615498e-08"",""delay_spread"":""5.130942337672195e-08"",""path_gain_sum"":""7.249248312746204e-08"",""path_gain_db"":""-71.39707023849851"",""rx_power_dbm"":""-41.397070238498515"",""sanity_ok"":""True"",""xml_path"":""rt_out/experiments/semantic_ablation_actor_200f/sionna_xml/frame_070_sionna.xml""},{""frame_id"":""70"",""source_sample_index"":""17989"",""rx_id"":""rx_human_chest"",""num_paths"":""21"",""tau_min"":""6.163341392806387e-09"",""tau_max"":""6.431429255826515e-08"",""delay_spread"":""5.8150951165458764e-08"",""path_gain_sum"":""2.2401944477223878e-07"",""path_gain_db"":""-66.49714283492739"",""rx_power_dbm"":""-36.49714283492739"",""sanity_ok"":""True"",""xml_path"":""rt_out/experiments/semantic_ablation_actor_200f/sionna_xml/frame_070_sionna.xml""},{""frame_id"":""70"",""source_sample_index"":""17989"",""rx_id"":""rx_x500_body"",""num_paths"":""23"",""tau_min"":""1.7234324189985273e-08"",""tau_max"":""7.465505547088469e-08"",""delay_spread"":""5.742073128089942e-08"",""path_gain_sum"":""3.372388945876992e-08"",""path_gain_db"":""-74.72062342912375"",""rx_power_dbm"":""-44.72062342912375"",""sanity_ok"":""True"",""xml_path"":""rt_out/experiments/semantic_ablation_actor_200f/sionna_xml/frame_070_sionna.xml""}]",6,"[{""frame_id"":""70"",""source_sample_index"":""17989"",""rx_id"":""rx_cerberus_base"",""delta_num_paths"":""0"",""delta_delay_spread"":""0.0"",""delta_rx_power_db"":""0.0"",""y_path_change"":""0"",""y_path_drop"":""0"",""y_rx_power_drop_0p5db"":""0"",""y_rx_power_drop_1db"":""0"",""y_rx_power_drop_2db"":""0"",""y_delay_spread_increase"":""0"",""y_adaptation_trigger_1db"":""0"",""y_adaptation_trigger_2db"":""0""},{""frame_id"":""70"",""source_sample_index"":""17989"",""rx_id"":""rx_human_chest"",""delta_num_paths"":""0"",""delta_delay_spread"":""0.0"",""delta_rx_power_db"":""-2.754982233454939e-07"",""y_path_change"":""0"",""y_path_drop"":""0"",""y_rx_power_drop_0p5db"":""0"",""y_rx_power_drop_1db"":""0"",""y_rx_power_drop_2db"":""0"",""y_delay_spread_increase"":""0"",""y_adaptation_trigger_1db"":""0"",""y_adaptation_trigger_2db"":""0""},{""frame_id"":""70"",""source_sample_index"":""17989"",""rx_id"":""rx_nao_chest"",""delta_num_paths"":""0"",""delta_delay_spread"":""0.0"",""delta_rx_power_db"":""-4.2567830860207323e-07"",""y_path_change"":""0"",""y_path_drop"":""0"",""y_rx_power_drop_0p5db"":""0"",""y_rx_power_drop_1db"":""0"",""y_rx_power_drop_2db"":""0"",""y_delay_spread_increase"":""0"",""y_adaptation_trigger_1db"":""0"",""y_adaptation_trigger_2db"":""0""},{""frame_id"":""70"",""source_sample_index"":""17989"",""rx_id"":""rx_panda_base"",""delta_num_paths"":""0"",""delta_delay_spread"":""0.0"",""delta_rx_power_db"":""4.3472179811487877e-07"",""y_path_change"":""0"",""y_path_drop"":""0"",""y_rx_power_drop_0p5db"":""0"",""y_rx_power_drop_1db"":""0"",""y_rx_power_drop_2db"":""0"",""y_delay_spread_increase"":""0"",""y_adaptation_trigger_1db"":""0"",""y_adaptation_trigger_2db"":""0""},{""frame_id"":""70"",""source_sample_index"":""17989"",""rx_id"":""rx_ur5_base"",""delta_num_paths"":""0"",""delta_delay_spread"":""0.0"",""delta_rx_power_db"":""-1.3966349996508143e-06"",""y_path_change"":""0"",""y_path_drop"":""0"",""y_rx_power_drop_0p5db"":""0"",""y_rx_power_drop_1db"":""0"",""y_rx_power_drop_2db"":""0"",""y_delay_spread_increase"":""0"",""y_adaptation_trigger_1db"":""0"",""y_adaptation_trigger_2db"":""0""},{""frame_id"":""70"",""source_sample_index"":""17989"",""rx_id"":""rx_x500_body"",""delta_num_paths"":""0"",""delta_delay_spread"":""0.0"",""delta_rx_power_db"":""-4.575165917231061e-07"",""y_path_change"":""0"",""y_path_drop"":""0"",""y_rx_power_drop_0p5db"":""0"",""y_rx_power_drop_1db"":""0"",""y_rx_power_drop_2db"":""0"",""y_delay_spread_increase"":""0"",""y_adaptation_trigger_1db"":""0"",""y_adaptation_trigger_2db"":""0""}]",frame_id,rt_out/experiments/perception_rt_small_v0/frames/instance_registry.json,rt_out/experiments/perception_rt_small_v0/configs/semantic_label_map.json,error,missing required panoptic file: panoptic_labels_rgb_path; missing required panoptic file: semantic_decoded_path; missing required panoptic file: gazebo_instance_count_path; missing optional panoptic file: colored_map_path; missing optional panoptic file: metadata_path
0.1,perception_rt_small_v0,rt_out/experiments/semantic_ablation_actor_200f,8,8,80,80,20559,cam_corner_nw,640,480,1.047,0.1,20.0,-4.368888,4.38902,2.76265,-0.018875,0.447306,-0.787697,,,,,,false,false,false,false,false,,false,missing,,,,,,,,6,"rx_panda_base,rx_ur5_base,rx_cerberus_base,rx_nao_chest,rx_human_chest,rx_x500_body",frame_id,"[{""frame_id"":""80"",""source_sample_index"":""20559"",""rx_id"":""rx_panda_base"",""num_paths"":""33"",""tau_min"":""7.579527228074312e-09"",""tau_max"":""6.382698813922616e-08"",""delay_spread"":""5.624746091115185e-08"",""path_gain_sum"":""1.925690895632215e-08"",""path_gain_db"":""-77.15413422868136"",""rx_power_dbm"":""-47.15413422868136"",""sanity_ok"":""True"",""xml_path"":""rt_out/experiments/semantic_ablation_actor_200f/sionna_xml/frame_080_sionna.xml""},{""frame_id"":""80"",""source_sample_index"":""20559"",""rx_id"":""rx_ur5_base"",""num_paths"":""23"",""tau_min"":""1.9024808395329273e-08"",""tau_max"":""6.370818539380707e-08"",""delay_spread"":""4.46833769984778e-08"",""path_gain_sum"":""1.842872077162383e-09"",""path_gain_db"":""-87.34504810256053"",""rx_power_dbm"":""-57.345048102560526"",""sanity_ok"":""True"",""xml_path"":""rt_out/experiments/semantic_ablation_actor_200f/sionna_xml/frame_080_sionna.xml""},{""frame_id"":""80"",""source_sample_index"":""20559"",""rx_id"":""rx_cerberus_base"",""num_paths"":""18"",""tau_min"":""1.574846919538686e-08"",""tau_max"":""5.723669715962387e-08"",""delay_spread"":""4.148822796423701e-08"",""path_gain_sum"":""3.621422095534399e-08"",""path_gain_db"":""-74.41120852957657"",""rx_power_dbm"":""-44.41120852957657"",""sanity_ok"":""True"",""xml_path"":""rt_out/experiments/semantic_ablation_actor_200f/sionna_xml/frame_080_sionna.xml""},{""frame_id"":""80"",""source_sample_index"":""20559"",""rx_id"":""rx_nao_chest"",""num_paths"":""18"",""tau_min"":""1.0787783999433032e-08"",""tau_max"":""6.121905471445643e-08"",""delay_spread"":""5.04312707150234e-08"",""path_gain_sum"":""7.188052819628865e-08"",""path_gain_db"":""-71.4338874024572"",""rx_power_dbm"":""-41.4338874024572"",""sanity_ok"":""True"",""xml_path"":""rt_out/experiments/semantic_ablation_actor_200f/sionna_xml/frame_080_sionna.xml""},{""frame_id"":""80"",""source_sample_index"":""20559"",""rx_id"":""rx_human_chest"",""num_paths"":""23"",""tau_min"":""6.163341392806387e-09"",""tau_max"":""6.568895827285814e-08"",""delay_spread"":""5.952561688005176e-08"",""path_gain_sum"":""2.2439071756252815e-07"",""path_gain_db"":""-66.48995112633139"",""rx_power_dbm"":""-36.48995112633139"",""sanity_ok"":""True"",""xml_path"":""rt_out/experiments/semantic_ablation_actor_200f/sionna_xml/frame_080_sionna.xml""},{""frame_id"":""80"",""source_sample_index"":""20559"",""rx_id"":""rx_x500_body"",""num_paths"":""23"",""tau_min"":""1.7234324189985273e-08"",""tau_max"":""7.465505547088469e-08"",""delay_spread"":""5.742073128089942e-08"",""path_gain_sum"":""3.372388945876992e-08"",""path_gain_db"":""-74.72062342912375"",""rx_power_dbm"":""-44.72062342912375"",""sanity_ok"":""True"",""xml_path"":""rt_out/experiments/semantic_ablation_actor_200f/sionna_xml/frame_080_sionna.xml""}]",6,"[{""frame_id"":""80"",""source_sample_index"":""20559"",""rx_id"":""rx_cerberus_base"",""delta_num_paths"":""0"",""delta_delay_spread"":""0.0"",""delta_rx_power_db"":""1.2781643192738557e-06"",""y_path_change"":""0"",""y_path_drop"":""0"",""y_rx_power_drop_0p5db"":""0"",""y_rx_power_drop_1db"":""0"",""y_rx_power_drop_2db"":""0"",""y_delay_spread_increase"":""0"",""y_adaptation_trigger_1db"":""0"",""y_adaptation_trigger_2db"":""0""},{""frame_id"":""80"",""source_sample_index"":""20559"",""rx_id"":""rx_human_chest"",""delta_num_paths"":""0"",""delta_delay_spread"":""0.0"",""delta_rx_power_db"":""0.0"",""y_path_change"":""0"",""y_path_drop"":""0"",""y_rx_power_drop_0p5db"":""0"",""y_rx_power_drop_1db"":""0"",""y_rx_power_drop_2db"":""0"",""y_delay_spread_increase"":""0"",""y_adaptation_trigger_1db"":""0"",""y_adaptation_trigger_2db"":""0""},{""frame_id"":""80"",""source_sample_index"":""20559"",""rx_id"":""rx_nao_chest"",""delta_num_paths"":""-2"",""delta_delay_spread"":""-8.781526616985502e-10"",""delta_rx_power_db"":""-0.008168376542954547"",""y_path_change"":""1"",""y_path_drop"":""1"",""y_rx_power_drop_0p5db"":""0"",""y_rx_power_drop_1db"":""0"",""y_rx_power_drop_2db"":""0"",""y_delay_spread_increase"":""0"",""y_adaptation_trigger_1db"":""0"",""y_adaptation_trigger_2db"":""0""},{""frame_id"":""80"",""source_sample_index"":""20559"",""rx_id"":""rx_panda_base"",""delta_num_paths"":""2"",""delta_delay_spread"":""2.625530015620825e-09"",""delta_rx_power_db"":""-12.006431807580455"",""y_path_change"":""1"",""y_path_drop"":""0"",""y_rx_power_drop_0p5db"":""1"",""y_rx_power_drop_1db"":""1"",""y_rx_power_drop_2db"":""1"",""y_delay_spread_increase"":""1"",""y_adaptation_trigger_1db"":""1"",""y_adaptation_trigger_2db"":""1""},{""frame_id"":""80"",""source_sample_index"":""20559"",""rx_id"":""rx_ur5_base"",""delta_num_paths"":""0"",""delta_delay_spread"":""0.0"",""delta_rx_power_db"":""-1.046548348426768e-06"",""y_path_change"":""0"",""y_path_drop"":""0"",""y_rx_power_drop_0p5db"":""0"",""y_rx_power_drop_1db"":""0"",""y_rx_power_drop_2db"":""0"",""y_delay_spread_increase"":""0"",""y_adaptation_trigger_1db"":""0"",""y_adaptation_trigger_2db"":""0""},{""frame_id"":""80"",""source_sample_index"":""20559"",""rx_id"":""rx_x500_body"",""delta_num_paths"":""0"",""delta_delay_spread"":""0.0"",""delta_rx_power_db"":""0.0"",""y_path_change"":""0"",""y_path_drop"":""0"",""y_rx_power_drop_0p5db"":""0"",""y_rx_power_drop_1db"":""0"",""y_rx_power_drop_2db"":""0"",""y_delay_spread_increase"":""0"",""y_adaptation_trigger_1db"":""0"",""y_adaptation_trigger_2db"":""0""}]",frame_id,rt_out/experiments/perception_rt_small_v0/frames/instance_registry.json,rt_out/experiments/perception_rt_small_v0/configs/semantic_label_map.json,error,missing required panoptic file: panoptic_labels_rgb_path; missing required panoptic file: semantic_decoded_path; missing required panoptic file: gazebo_instance_count_path; missing optional panoptic file: colored_map_path; missing optional panoptic file: metadata_path
0.1,perception_rt_small_v0,rt_out/experiments/semantic_ablation_actor_200f,8,8,80,80,20559,cam_corner_ne,640,480,1.047,0.1,20.0,4.38989,4.38902,2.76265,-0.018875,0.447306,-2.356294,,,,,,false,false,false,false,false,,false,missing,,,,,,,,6,"rx_panda_base,rx_ur5_base,rx_cerberus_base,rx_nao_chest,rx_human_chest,rx_x500_body",frame_id,"[{""frame_id"":""80"",""source_sample_index"":""20559"",""rx_id"":""rx_panda_base"",""num_paths"":""33"",""tau_min"":""7.579527228074312e-09"",""tau_max"":""6.382698813922616e-08"",""delay_spread"":""5.624746091115185e-08"",""path_gain_sum"":""1.925690895632215e-08"",""path_gain_db"":""-77.15413422868136"",""rx_power_dbm"":""-47.15413422868136"",""sanity_ok"":""True"",""xml_path"":""rt_out/experiments/semantic_ablation_actor_200f/sionna_xml/frame_080_sionna.xml""},{""frame_id"":""80"",""source_sample_index"":""20559"",""rx_id"":""rx_ur5_base"",""num_paths"":""23"",""tau_min"":""1.9024808395329273e-08"",""tau_max"":""6.370818539380707e-08"",""delay_spread"":""4.46833769984778e-08"",""path_gain_sum"":""1.842872077162383e-09"",""path_gain_db"":""-87.34504810256053"",""rx_power_dbm"":""-57.345048102560526"",""sanity_ok"":""True"",""xml_path"":""rt_out/experiments/semantic_ablation_actor_200f/sionna_xml/frame_080_sionna.xml""},{""frame_id"":""80"",""source_sample_index"":""20559"",""rx_id"":""rx_cerberus_base"",""num_paths"":""18"",""tau_min"":""1.574846919538686e-08"",""tau_max"":""5.723669715962387e-08"",""delay_spread"":""4.148822796423701e-08"",""path_gain_sum"":""3.621422095534399e-08"",""path_gain_db"":""-74.41120852957657"",""rx_power_dbm"":""-44.41120852957657"",""sanity_ok"":""True"",""xml_path"":""rt_out/experiments/semantic_ablation_actor_200f/sionna_xml/frame_080_sionna.xml""},{""frame_id"":""80"",""source_sample_index"":""20559"",""rx_id"":""rx_nao_chest"",""num_paths"":""18"",""tau_min"":""1.0787783999433032e-08"",""tau_max"":""6.121905471445643e-08"",""delay_spread"":""5.04312707150234e-08"",""path_gain_sum"":""7.188052819628865e-08"",""path_gain_db"":""-71.4338874024572"",""rx_power_dbm"":""-41.4338874024572"",""sanity_ok"":""True"",""xml_path"":""rt_out/experiments/semantic_ablation_actor_200f/sionna_xml/frame_080_sionna.xml""},{""frame_id"":""80"",""source_sample_index"":""20559"",""rx_id"":""rx_human_chest"",""num_paths"":""23"",""tau_min"":""6.163341392806387e-09"",""tau_max"":""6.568895827285814e-08"",""delay_spread"":""5.952561688005176e-08"",""path_gain_sum"":""2.2439071756252815e-07"",""path_gain_db"":""-66.48995112633139"",""rx_power_dbm"":""-36.48995112633139"",""sanity_ok"":""True"",""xml_path"":""rt_out/experiments/semantic_ablation_actor_200f/sionna_xml/frame_080_sionna.xml""},{""frame_id"":""80"",""source_sample_index"":""20559"",""rx_id"":""rx_x500_body"",""num_paths"":""23"",""tau_min"":""1.7234324189985273e-08"",""tau_max"":""7.465505547088469e-08"",""delay_spread"":""5.742073128089942e-08"",""path_gain_sum"":""3.372388945876992e-08"",""path_gain_db"":""-74.72062342912375"",""rx_power_dbm"":""-44.72062342912375"",""sanity_ok"":""True"",""xml_path"":""rt_out/experiments/semantic_ablation_actor_200f/sionna_xml/frame_080_sionna.xml""}]",6,"[{""frame_id"":""80"",""source_sample_index"":""20559"",""rx_id"":""rx_cerberus_base"",""delta_num_paths"":""0"",""delta_delay_spread"":""0.0"",""delta_rx_power_db"":""1.2781643192738557e-06"",""y_path_change"":""0"",""y_path_drop"":""0"",""y_rx_power_drop_0p5db"":""0"",""y_rx_power_drop_1db"":""0"",""y_rx_power_drop_2db"":""0"",""y_delay_spread_increase"":""0"",""y_adaptation_trigger_1db"":""0"",""y_adaptation_trigger_2db"":""0""},{""frame_id"":""80"",""source_sample_index"":""20559"",""rx_id"":""rx_human_chest"",""delta_num_paths"":""0"",""delta_delay_spread"":""0.0"",""delta_rx_power_db"":""0.0"",""y_path_change"":""0"",""y_path_drop"":""0"",""y_rx_power_drop_0p5db"":""0"",""y_rx_power_drop_1db"":""0"",""y_rx_power_drop_2db"":""0"",""y_delay_spread_increase"":""0"",""y_adaptation_trigger_1db"":""0"",""y_adaptation_trigger_2db"":""0""},{""frame_id"":""80"",""source_sample_index"":""20559"",""rx_id"":""rx_nao_chest"",""delta_num_paths"":""-2"",""delta_delay_spread"":""-8.781526616985502e-10"",""delta_rx_power_db"":""-0.008168376542954547"",""y_path_change"":""1"",""y_path_drop"":""1"",""y_rx_power_drop_0p5db"":""0"",""y_rx_power_drop_1db"":""0"",""y_rx_power_drop_2db"":""0"",""y_delay_spread_increase"":""0"",""y_adaptation_trigger_1db"":""0"",""y_adaptation_trigger_2db"":""0""},{""frame_id"":""80"",""source_sample_index"":""20559"",""rx_id"":""rx_panda_base"",""delta_num_paths"":""2"",""delta_delay_spread"":""2.625530015620825e-09"",""delta_rx_power_db"":""-12.006431807580455"",""y_path_change"":""1"",""y_path_drop"":""0"",""y_rx_power_drop_0p5db"":""1"",""y_rx_power_drop_1db"":""1"",""y_rx_power_drop_2db"":""1"",""y_delay_spread_increase"":""1"",""y_adaptation_trigger_1db"":""1"",""y_adaptation_trigger_2db"":""1""},{""frame_id"":""80"",""source_sample_index"":""20559"",""rx_id"":""rx_ur5_base"",""delta_num_paths"":""0"",""delta_delay_spread"":""0.0"",""delta_rx_power_db"":""-1.046548348426768e-06"",""y_path_change"":""0"",""y_path_drop"":""0"",""y_rx_power_drop_0p5db"":""0"",""y_rx_power_drop_1db"":""0"",""y_rx_power_drop_2db"":""0"",""y_delay_spread_increase"":""0"",""y_adaptation_trigger_1db"":""0"",""y_adaptation_trigger_2db"":""0""},{""frame_id"":""80"",""source_sample_index"":""20559"",""rx_id"":""rx_x500_body"",""delta_num_paths"":""0"",""delta_delay_spread"":""0.0"",""delta_rx_power_db"":""0.0"",""y_path_change"":""0"",""y_path_drop"":""0"",""y_rx_power_drop_0p5db"":""0"",""y_rx_power_drop_1db"":""0"",""y_rx_power_drop_2db"":""0"",""y_delay_spread_increase"":""0"",""y_adaptation_trigger_1db"":""0"",""y_adaptation_trigger_2db"":""0""}]",frame_id,rt_out/experiments/perception_rt_small_v0/frames/instance_registry.json,rt_out/experiments/perception_rt_small_v0/configs/semantic_label_map.json,error,missing required panoptic file: panoptic_labels_rgb_path; missing required panoptic file: semantic_decoded_path; missing required panoptic file: gazebo_instance_count_path; missing optional panoptic file: colored_map_path; missing optional panoptic file: metadata_path
0.1,perception_rt_small_v0,rt_out/experiments/semantic_ablation_actor_200f,8,8,80,80,20559,cam_corner_sw,640,480,1.047,0.1,20.0,-4.2766,-4.27322,2.72007,-0.014193,0.518246,0.774445,,,,,,false,false,false,false,false,,false,missing,,,,,,,,6,"rx_panda_base,rx_ur5_base,rx_cerberus_base,rx_nao_chest,rx_human_chest,rx_x500_body",frame_id,"[{""frame_id"":""80"",""source_sample_index"":""20559"",""rx_id"":""rx_panda_base"",""num_paths"":""33"",""tau_min"":""7.579527228074312e-09"",""tau_max"":""6.382698813922616e-08"",""delay_spread"":""5.624746091115185e-08"",""path_gain_sum"":""1.925690895632215e-08"",""path_gain_db"":""-77.15413422868136"",""rx_power_dbm"":""-47.15413422868136"",""sanity_ok"":""True"",""xml_path"":""rt_out/experiments/semantic_ablation_actor_200f/sionna_xml/frame_080_sionna.xml""},{""frame_id"":""80"",""source_sample_index"":""20559"",""rx_id"":""rx_ur5_base"",""num_paths"":""23"",""tau_min"":""1.9024808395329273e-08"",""tau_max"":""6.370818539380707e-08"",""delay_spread"":""4.46833769984778e-08"",""path_gain_sum"":""1.842872077162383e-09"",""path_gain_db"":""-87.34504810256053"",""rx_power_dbm"":""-57.345048102560526"",""sanity_ok"":""True"",""xml_path"":""rt_out/experiments/semantic_ablation_actor_200f/sionna_xml/frame_080_sionna.xml""},{""frame_id"":""80"",""source_sample_index"":""20559"",""rx_id"":""rx_cerberus_base"",""num_paths"":""18"",""tau_min"":""1.574846919538686e-08"",""tau_max"":""5.723669715962387e-08"",""delay_spread"":""4.148822796423701e-08"",""path_gain_sum"":""3.621422095534399e-08"",""path_gain_db"":""-74.41120852957657"",""rx_power_dbm"":""-44.41120852957657"",""sanity_ok"":""True"",""xml_path"":""rt_out/experiments/semantic_ablation_actor_200f/sionna_xml/frame_080_sionna.xml""},{""frame_id"":""80"",""source_sample_index"":""20559"",""rx_id"":""rx_nao_chest"",""num_paths"":""18"",""tau_min"":""1.0787783999433032e-08"",""tau_max"":""6.121905471445643e-08"",""delay_spread"":""5.04312707150234e-08"",""path_gain_sum"":""7.188052819628865e-08"",""path_gain_db"":""-71.4338874024572"",""rx_power_dbm"":""-41.4338874024572"",""sanity_ok"":""True"",""xml_path"":""rt_out/experiments/semantic_ablation_actor_200f/sionna_xml/frame_080_sionna.xml""},{""frame_id"":""80"",""source_sample_index"":""20559"",""rx_id"":""rx_human_chest"",""num_paths"":""23"",""tau_min"":""6.163341392806387e-09"",""tau_max"":""6.568895827285814e-08"",""delay_spread"":""5.952561688005176e-08"",""path_gain_sum"":""2.2439071756252815e-07"",""path_gain_db"":""-66.48995112633139"",""rx_power_dbm"":""-36.48995112633139"",""sanity_ok"":""True"",""xml_path"":""rt_out/experiments/semantic_ablation_actor_200f/sionna_xml/frame_080_sionna.xml""},{""frame_id"":""80"",""source_sample_index"":""20559"",""rx_id"":""rx_x500_body"",""num_paths"":""23"",""tau_min"":""1.7234324189985273e-08"",""tau_max"":""7.465505547088469e-08"",""delay_spread"":""5.742073128089942e-08"",""path_gain_sum"":""3.372388945876992e-08"",""path_gain_db"":""-74.72062342912375"",""rx_power_dbm"":""-44.72062342912375"",""sanity_ok"":""True"",""xml_path"":""rt_out/experiments/semantic_ablation_actor_200f/sionna_xml/frame_080_sionna.xml""}]",6,"[{""frame_id"":""80"",""source_sample_index"":""20559"",""rx_id"":""rx_cerberus_base"",""delta_num_paths"":""0"",""delta_delay_spread"":""0.0"",""delta_rx_power_db"":""1.2781643192738557e-06"",""y_path_change"":""0"",""y_path_drop"":""0"",""y_rx_power_drop_0p5db"":""0"",""y_rx_power_drop_1db"":""0"",""y_rx_power_drop_2db"":""0"",""y_delay_spread_increase"":""0"",""y_adaptation_trigger_1db"":""0"",""y_adaptation_trigger_2db"":""0""},{""frame_id"":""80"",""source_sample_index"":""20559"",""rx_id"":""rx_human_chest"",""delta_num_paths"":""0"",""delta_delay_spread"":""0.0"",""delta_rx_power_db"":""0.0"",""y_path_change"":""0"",""y_path_drop"":""0"",""y_rx_power_drop_0p5db"":""0"",""y_rx_power_drop_1db"":""0"",""y_rx_power_drop_2db"":""0"",""y_delay_spread_increase"":""0"",""y_adaptation_trigger_1db"":""0"",""y_adaptation_trigger_2db"":""0""},{""frame_id"":""80"",""source_sample_index"":""20559"",""rx_id"":""rx_nao_chest"",""delta_num_paths"":""-2"",""delta_delay_spread"":""-8.781526616985502e-10"",""delta_rx_power_db"":""-0.008168376542954547"",""y_path_change"":""1"",""y_path_drop"":""1"",""y_rx_power_drop_0p5db"":""0"",""y_rx_power_drop_1db"":""0"",""y_rx_power_drop_2db"":""0"",""y_delay_spread_increase"":""0"",""y_adaptation_trigger_1db"":""0"",""y_adaptation_trigger_2db"":""0""},{""frame_id"":""80"",""source_sample_index"":""20559"",""rx_id"":""rx_panda_base"",""delta_num_paths"":""2"",""delta_delay_spread"":""2.625530015620825e-09"",""delta_rx_power_db"":""-12.006431807580455"",""y_path_change"":""1"",""y_path_drop"":""0"",""y_rx_power_drop_0p5db"":""1"",""y_rx_power_drop_1db"":""1"",""y_rx_power_drop_2db"":""1"",""y_delay_spread_increase"":""1"",""y_adaptation_trigger_1db"":""1"",""y_adaptation_trigger_2db"":""1""},{""frame_id"":""80"",""source_sample_index"":""20559"",""rx_id"":""rx_ur5_base"",""delta_num_paths"":""0"",""delta_delay_spread"":""0.0"",""delta_rx_power_db"":""-1.046548348426768e-06"",""y_path_change"":""0"",""y_path_drop"":""0"",""y_rx_power_drop_0p5db"":""0"",""y_rx_power_drop_1db"":""0"",""y_rx_power_drop_2db"":""0"",""y_delay_spread_increase"":""0"",""y_adaptation_trigger_1db"":""0"",""y_adaptation_trigger_2db"":""0""},{""frame_id"":""80"",""source_sample_index"":""20559"",""rx_id"":""rx_x500_body"",""delta_num_paths"":""0"",""delta_delay_spread"":""0.0"",""delta_rx_power_db"":""0.0"",""y_path_change"":""0"",""y_path_drop"":""0"",""y_rx_power_drop_0p5db"":""0"",""y_rx_power_drop_1db"":""0"",""y_rx_power_drop_2db"":""0"",""y_delay_spread_increase"":""0"",""y_adaptation_trigger_1db"":""0"",""y_adaptation_trigger_2db"":""0""}]",frame_id,rt_out/experiments/perception_rt_small_v0/frames/instance_registry.json,rt_out/experiments/perception_rt_small_v0/configs/semantic_label_map.json,error,missing required panoptic file: panoptic_labels_rgb_path; missing required panoptic file: semantic_decoded_path; missing required panoptic file: gazebo_instance_count_path; missing optional panoptic file: colored_map_path; missing optional panoptic file: metadata_path
0.1,perception_rt_small_v0,rt_out/experiments/semantic_ablation_actor_200f,8,8,80,80,20559,cam_corner_se,640,480,1.047,0.1,20.0,4.44776,-4.40805,2.80523,-0.023556,0.376367,2.408296,,,,,,false,false,false,false,false,,false,missing,,,,,,,,6,"rx_panda_base,rx_ur5_base,rx_cerberus_base,rx_nao_chest,rx_human_chest,rx_x500_body",frame_id,"[{""frame_id"":""80"",""source_sample_index"":""20559"",""rx_id"":""rx_panda_base"",""num_paths"":""33"",""tau_min"":""7.579527228074312e-09"",""tau_max"":""6.382698813922616e-08"",""delay_spread"":""5.624746091115185e-08"",""path_gain_sum"":""1.925690895632215e-08"",""path_gain_db"":""-77.15413422868136"",""rx_power_dbm"":""-47.15413422868136"",""sanity_ok"":""True"",""xml_path"":""rt_out/experiments/semantic_ablation_actor_200f/sionna_xml/frame_080_sionna.xml""},{""frame_id"":""80"",""source_sample_index"":""20559"",""rx_id"":""rx_ur5_base"",""num_paths"":""23"",""tau_min"":""1.9024808395329273e-08"",""tau_max"":""6.370818539380707e-08"",""delay_spread"":""4.46833769984778e-08"",""path_gain_sum"":""1.842872077162383e-09"",""path_gain_db"":""-87.34504810256053"",""rx_power_dbm"":""-57.345048102560526"",""sanity_ok"":""True"",""xml_path"":""rt_out/experiments/semantic_ablation_actor_200f/sionna_xml/frame_080_sionna.xml""},{""frame_id"":""80"",""source_sample_index"":""20559"",""rx_id"":""rx_cerberus_base"",""num_paths"":""18"",""tau_min"":""1.574846919538686e-08"",""tau_max"":""5.723669715962387e-08"",""delay_spread"":""4.148822796423701e-08"",""path_gain_sum"":""3.621422095534399e-08"",""path_gain_db"":""-74.41120852957657"",""rx_power_dbm"":""-44.41120852957657"",""sanity_ok"":""True"",""xml_path"":""rt_out/experiments/semantic_ablation_actor_200f/sionna_xml/frame_080_sionna.xml""},{""frame_id"":""80"",""source_sample_index"":""20559"",""rx_id"":""rx_nao_chest"",""num_paths"":""18"",""tau_min"":""1.0787783999433032e-08"",""tau_max"":""6.121905471445643e-08"",""delay_spread"":""5.04312707150234e-08"",""path_gain_sum"":""7.188052819628865e-08"",""path_gain_db"":""-71.4338874024572"",""rx_power_dbm"":""-41.4338874024572"",""sanity_ok"":""True"",""xml_path"":""rt_out/experiments/semantic_ablation_actor_200f/sionna_xml/frame_080_sionna.xml""},{""frame_id"":""80"",""source_sample_index"":""20559"",""rx_id"":""rx_human_chest"",""num_paths"":""23"",""tau_min"":""6.163341392806387e-09"",""tau_max"":""6.568895827285814e-08"",""delay_spread"":""5.952561688005176e-08"",""path_gain_sum"":""2.2439071756252815e-07"",""path_gain_db"":""-66.48995112633139"",""rx_power_dbm"":""-36.48995112633139"",""sanity_ok"":""True"",""xml_path"":""rt_out/experiments/semantic_ablation_actor_200f/sionna_xml/frame_080_sionna.xml""},{""frame_id"":""80"",""source_sample_index"":""20559"",""rx_id"":""rx_x500_body"",""num_paths"":""23"",""tau_min"":""1.7234324189985273e-08"",""tau_max"":""7.465505547088469e-08"",""delay_spread"":""5.742073128089942e-08"",""path_gain_sum"":""3.372388945876992e-08"",""path_gain_db"":""-74.72062342912375"",""rx_power_dbm"":""-44.72062342912375"",""sanity_ok"":""True"",""xml_path"":""rt_out/experiments/semantic_ablation_actor_200f/sionna_xml/frame_080_sionna.xml""}]",6,"[{""frame_id"":""80"",""source_sample_index"":""20559"",""rx_id"":""rx_cerberus_base"",""delta_num_paths"":""0"",""delta_delay_spread"":""0.0"",""delta_rx_power_db"":""1.2781643192738557e-06"",""y_path_change"":""0"",""y_path_drop"":""0"",""y_rx_power_drop_0p5db"":""0"",""y_rx_power_drop_1db"":""0"",""y_rx_power_drop_2db"":""0"",""y_delay_spread_increase"":""0"",""y_adaptation_trigger_1db"":""0"",""y_adaptation_trigger_2db"":""0""},{""frame_id"":""80"",""source_sample_index"":""20559"",""rx_id"":""rx_human_chest"",""delta_num_paths"":""0"",""delta_delay_spread"":""0.0"",""delta_rx_power_db"":""0.0"",""y_path_change"":""0"",""y_path_drop"":""0"",""y_rx_power_drop_0p5db"":""0"",""y_rx_power_drop_1db"":""0"",""y_rx_power_drop_2db"":""0"",""y_delay_spread_increase"":""0"",""y_adaptation_trigger_1db"":""0"",""y_adaptation_trigger_2db"":""0""},{""frame_id"":""80"",""source_sample_index"":""20559"",""rx_id"":""rx_nao_chest"",""delta_num_paths"":""-2"",""delta_delay_spread"":""-8.781526616985502e-10"",""delta_rx_power_db"":""-0.008168376542954547"",""y_path_change"":""1"",""y_path_drop"":""1"",""y_rx_power_drop_0p5db"":""0"",""y_rx_power_drop_1db"":""0"",""y_rx_power_drop_2db"":""0"",""y_delay_spread_increase"":""0"",""y_adaptation_trigger_1db"":""0"",""y_adaptation_trigger_2db"":""0""},{""frame_id"":""80"",""source_sample_index"":""20559"",""rx_id"":""rx_panda_base"",""delta_num_paths"":""2"",""delta_delay_spread"":""2.625530015620825e-09"",""delta_rx_power_db"":""-12.006431807580455"",""y_path_change"":""1"",""y_path_drop"":""0"",""y_rx_power_drop_0p5db"":""1"",""y_rx_power_drop_1db"":""1"",""y_rx_power_drop_2db"":""1"",""y_delay_spread_increase"":""1"",""y_adaptation_trigger_1db"":""1"",""y_adaptation_trigger_2db"":""1""},{""frame_id"":""80"",""source_sample_index"":""20559"",""rx_id"":""rx_ur5_base"",""delta_num_paths"":""0"",""delta_delay_spread"":""0.0"",""delta_rx_power_db"":""-1.046548348426768e-06"",""y_path_change"":""0"",""y_path_drop"":""0"",""y_rx_power_drop_0p5db"":""0"",""y_rx_power_drop_1db"":""0"",""y_rx_power_drop_2db"":""0"",""y_delay_spread_increase"":""0"",""y_adaptation_trigger_1db"":""0"",""y_adaptation_trigger_2db"":""0""},{""frame_id"":""80"",""source_sample_index"":""20559"",""rx_id"":""rx_x500_body"",""delta_num_paths"":""0"",""delta_delay_spread"":""0.0"",""delta_rx_power_db"":""0.0"",""y_path_change"":""0"",""y_path_drop"":""0"",""y_rx_power_drop_0p5db"":""0"",""y_rx_power_drop_1db"":""0"",""y_rx_power_drop_2db"":""0"",""y_delay_spread_increase"":""0"",""y_adaptation_trigger_1db"":""0"",""y_adaptation_trigger_2db"":""0""}]",frame_id,rt_out/experiments/perception_rt_small_v0/frames/instance_registry.json,rt_out/experiments/perception_rt_small_v0/configs/semantic_label_map.json,error,missing required panoptic file: panoptic_labels_rgb_path; missing required panoptic file: semantic_decoded_path; missing required panoptic file: gazebo_instance_count_path; missing optional panoptic file: colored_map_path; missing optional panoptic file: metadata_path
0.1,perception_rt_small_v0,rt_out/experiments/semantic_ablation_actor_200f,8,8,80,80,20559,cam_wall_north,640,480,1.047,0.1,20.0,0.221087,4.38902,2.71504,-0.0,0.562591,-1.5708,,,,,,false,false,false,false,false,,false,missing,,,,,,,,6,"rx_panda_base,rx_ur5_base,rx_cerberus_base,rx_nao_chest,rx_human_chest,rx_x500_body",frame_id,"[{""frame_id"":""80"",""source_sample_index"":""20559"",""rx_id"":""rx_panda_base"",""num_paths"":""33"",""tau_min"":""7.579527228074312e-09"",""tau_max"":""6.382698813922616e-08"",""delay_spread"":""5.624746091115185e-08"",""path_gain_sum"":""1.925690895632215e-08"",""path_gain_db"":""-77.15413422868136"",""rx_power_dbm"":""-47.15413422868136"",""sanity_ok"":""True"",""xml_path"":""rt_out/experiments/semantic_ablation_actor_200f/sionna_xml/frame_080_sionna.xml""},{""frame_id"":""80"",""source_sample_index"":""20559"",""rx_id"":""rx_ur5_base"",""num_paths"":""23"",""tau_min"":""1.9024808395329273e-08"",""tau_max"":""6.370818539380707e-08"",""delay_spread"":""4.46833769984778e-08"",""path_gain_sum"":""1.842872077162383e-09"",""path_gain_db"":""-87.34504810256053"",""rx_power_dbm"":""-57.345048102560526"",""sanity_ok"":""True"",""xml_path"":""rt_out/experiments/semantic_ablation_actor_200f/sionna_xml/frame_080_sionna.xml""},{""frame_id"":""80"",""source_sample_index"":""20559"",""rx_id"":""rx_cerberus_base"",""num_paths"":""18"",""tau_min"":""1.574846919538686e-08"",""tau_max"":""5.723669715962387e-08"",""delay_spread"":""4.148822796423701e-08"",""path_gain_sum"":""3.621422095534399e-08"",""path_gain_db"":""-74.41120852957657"",""rx_power_dbm"":""-44.41120852957657"",""sanity_ok"":""True"",""xml_path"":""rt_out/experiments/semantic_ablation_actor_200f/sionna_xml/frame_080_sionna.xml""},{""frame_id"":""80"",""source_sample_index"":""20559"",""rx_id"":""rx_nao_chest"",""num_paths"":""18"",""tau_min"":""1.0787783999433032e-08"",""tau_max"":""6.121905471445643e-08"",""delay_spread"":""5.04312707150234e-08"",""path_gain_sum"":""7.188052819628865e-08"",""path_gain_db"":""-71.4338874024572"",""rx_power_dbm"":""-41.4338874024572"",""sanity_ok"":""True"",""xml_path"":""rt_out/experiments/semantic_ablation_actor_200f/sionna_xml/frame_080_sionna.xml""},{""frame_id"":""80"",""source_sample_index"":""20559"",""rx_id"":""rx_human_chest"",""num_paths"":""23"",""tau_min"":""6.163341392806387e-09"",""tau_max"":""6.568895827285814e-08"",""delay_spread"":""5.952561688005176e-08"",""path_gain_sum"":""2.2439071756252815e-07"",""path_gain_db"":""-66.48995112633139"",""rx_power_dbm"":""-36.48995112633139"",""sanity_ok"":""True"",""xml_path"":""rt_out/experiments/semantic_ablation_actor_200f/sionna_xml/frame_080_sionna.xml""},{""frame_id"":""80"",""source_sample_index"":""20559"",""rx_id"":""rx_x500_body"",""num_paths"":""23"",""tau_min"":""1.7234324189985273e-08"",""tau_max"":""7.465505547088469e-08"",""delay_spread"":""5.742073128089942e-08"",""path_gain_sum"":""3.372388945876992e-08"",""path_gain_db"":""-74.72062342912375"",""rx_power_dbm"":""-44.72062342912375"",""sanity_ok"":""True"",""xml_path"":""rt_out/experiments/semantic_ablation_actor_200f/sionna_xml/frame_080_sionna.xml""}]",6,"[{""frame_id"":""80"",""source_sample_index"":""20559"",""rx_id"":""rx_cerberus_base"",""delta_num_paths"":""0"",""delta_delay_spread"":""0.0"",""delta_rx_power_db"":""1.2781643192738557e-06"",""y_path_change"":""0"",""y_path_drop"":""0"",""y_rx_power_drop_0p5db"":""0"",""y_rx_power_drop_1db"":""0"",""y_rx_power_drop_2db"":""0"",""y_delay_spread_increase"":""0"",""y_adaptation_trigger_1db"":""0"",""y_adaptation_trigger_2db"":""0""},{""frame_id"":""80"",""source_sample_index"":""20559"",""rx_id"":""rx_human_chest"",""delta_num_paths"":""0"",""delta_delay_spread"":""0.0"",""delta_rx_power_db"":""0.0"",""y_path_change"":""0"",""y_path_drop"":""0"",""y_rx_power_drop_0p5db"":""0"",""y_rx_power_drop_1db"":""0"",""y_rx_power_drop_2db"":""0"",""y_delay_spread_increase"":""0"",""y_adaptation_trigger_1db"":""0"",""y_adaptation_trigger_2db"":""0""},{""frame_id"":""80"",""source_sample_index"":""20559"",""rx_id"":""rx_nao_chest"",""delta_num_paths"":""-2"",""delta_delay_spread"":""-8.781526616985502e-10"",""delta_rx_power_db"":""-0.008168376542954547"",""y_path_change"":""1"",""y_path_drop"":""1"",""y_rx_power_drop_0p5db"":""0"",""y_rx_power_drop_1db"":""0"",""y_rx_power_drop_2db"":""0"",""y_delay_spread_increase"":""0"",""y_adaptation_trigger_1db"":""0"",""y_adaptation_trigger_2db"":""0""},{""frame_id"":""80"",""source_sample_index"":""20559"",""rx_id"":""rx_panda_base"",""delta_num_paths"":""2"",""delta_delay_spread"":""2.625530015620825e-09"",""delta_rx_power_db"":""-12.006431807580455"",""y_path_change"":""1"",""y_path_drop"":""0"",""y_rx_power_drop_0p5db"":""1"",""y_rx_power_drop_1db"":""1"",""y_rx_power_drop_2db"":""1"",""y_delay_spread_increase"":""1"",""y_adaptation_trigger_1db"":""1"",""y_adaptation_trigger_2db"":""1""},{""frame_id"":""80"",""source_sample_index"":""20559"",""rx_id"":""rx_ur5_base"",""delta_num_paths"":""0"",""delta_delay_spread"":""0.0"",""delta_rx_power_db"":""-1.046548348426768e-06"",""y_path_change"":""0"",""y_path_drop"":""0"",""y_rx_power_drop_0p5db"":""0"",""y_rx_power_drop_1db"":""0"",""y_rx_power_drop_2db"":""0"",""y_delay_spread_increase"":""0"",""y_adaptation_trigger_1db"":""0"",""y_adaptation_trigger_2db"":""0""},{""frame_id"":""80"",""source_sample_index"":""20559"",""rx_id"":""rx_x500_body"",""delta_num_paths"":""0"",""delta_delay_spread"":""0.0"",""delta_rx_power_db"":""0.0"",""y_path_change"":""0"",""y_path_drop"":""0"",""y_rx_power_drop_0p5db"":""0"",""y_rx_power_drop_1db"":""0"",""y_rx_power_drop_2db"":""0"",""y_delay_spread_increase"":""0"",""y_adaptation_trigger_1db"":""0"",""y_adaptation_trigger_2db"":""0""}]",frame_id,rt_out/experiments/perception_rt_small_v0/frames/instance_registry.json,rt_out/experiments/perception_rt_small_v0/configs/semantic_label_map.json,error,missing required panoptic file: panoptic_labels_rgb_path; missing required panoptic file: semantic_decoded_path; missing required panoptic file: gazebo_instance_count_path; missing optional panoptic file: colored_map_path; missing optional panoptic file: metadata_path
0.1,perception_rt_small_v0,rt_out/experiments/semantic_ablation_actor_200f,8,8,80,80,20559,cam_wall_south,640,480,1.047,0.1,20.0,0.221056,-4.22159,2.7964,0.000426,0.271157,1.577903,,,,,,false,false,false,false,false,,false,missing,,,,,,,,6,"rx_panda_base,rx_ur5_base,rx_cerberus_base,rx_nao_chest,rx_human_chest,rx_x500_body",frame_id,"[{""frame_id"":""80"",""source_sample_index"":""20559"",""rx_id"":""rx_panda_base"",""num_paths"":""33"",""tau_min"":""7.579527228074312e-09"",""tau_max"":""6.382698813922616e-08"",""delay_spread"":""5.624746091115185e-08"",""path_gain_sum"":""1.925690895632215e-08"",""path_gain_db"":""-77.15413422868136"",""rx_power_dbm"":""-47.15413422868136"",""sanity_ok"":""True"",""xml_path"":""rt_out/experiments/semantic_ablation_actor_200f/sionna_xml/frame_080_sionna.xml""},{""frame_id"":""80"",""source_sample_index"":""20559"",""rx_id"":""rx_ur5_base"",""num_paths"":""23"",""tau_min"":""1.9024808395329273e-08"",""tau_max"":""6.370818539380707e-08"",""delay_spread"":""4.46833769984778e-08"",""path_gain_sum"":""1.842872077162383e-09"",""path_gain_db"":""-87.34504810256053"",""rx_power_dbm"":""-57.345048102560526"",""sanity_ok"":""True"",""xml_path"":""rt_out/experiments/semantic_ablation_actor_200f/sionna_xml/frame_080_sionna.xml""},{""frame_id"":""80"",""source_sample_index"":""20559"",""rx_id"":""rx_cerberus_base"",""num_paths"":""18"",""tau_min"":""1.574846919538686e-08"",""tau_max"":""5.723669715962387e-08"",""delay_spread"":""4.148822796423701e-08"",""path_gain_sum"":""3.621422095534399e-08"",""path_gain_db"":""-74.41120852957657"",""rx_power_dbm"":""-44.41120852957657"",""sanity_ok"":""True"",""xml_path"":""rt_out/experiments/semantic_ablation_actor_200f/sionna_xml/frame_080_sionna.xml""},{""frame_id"":""80"",""source_sample_index"":""20559"",""rx_id"":""rx_nao_chest"",""num_paths"":""18"",""tau_min"":""1.0787783999433032e-08"",""tau_max"":""6.121905471445643e-08"",""delay_spread"":""5.04312707150234e-08"",""path_gain_sum"":""7.188052819628865e-08"",""path_gain_db"":""-71.4338874024572"",""rx_power_dbm"":""-41.4338874024572"",""sanity_ok"":""True"",""xml_path"":""rt_out/experiments/semantic_ablation_actor_200f/sionna_xml/frame_080_sionna.xml""},{""frame_id"":""80"",""source_sample_index"":""20559"",""rx_id"":""rx_human_chest"",""num_paths"":""23"",""tau_min"":""6.163341392806387e-09"",""tau_max"":""6.568895827285814e-08"",""delay_spread"":""5.952561688005176e-08"",""path_gain_sum"":""2.2439071756252815e-07"",""path_gain_db"":""-66.48995112633139"",""rx_power_dbm"":""-36.48995112633139"",""sanity_ok"":""True"",""xml_path"":""rt_out/experiments/semantic_ablation_actor_200f/sionna_xml/frame_080_sionna.xml""},{""frame_id"":""80"",""source_sample_index"":""20559"",""rx_id"":""rx_x500_body"",""num_paths"":""23"",""tau_min"":""1.7234324189985273e-08"",""tau_max"":""7.465505547088469e-08"",""delay_spread"":""5.742073128089942e-08"",""path_gain_sum"":""3.372388945876992e-08"",""path_gain_db"":""-74.72062342912375"",""rx_power_dbm"":""-44.72062342912375"",""sanity_ok"":""True"",""xml_path"":""rt_out/experiments/semantic_ablation_actor_200f/sionna_xml/frame_080_sionna.xml""}]",6,"[{""frame_id"":""80"",""source_sample_index"":""20559"",""rx_id"":""rx_cerberus_base"",""delta_num_paths"":""0"",""delta_delay_spread"":""0.0"",""delta_rx_power_db"":""1.2781643192738557e-06"",""y_path_change"":""0"",""y_path_drop"":""0"",""y_rx_power_drop_0p5db"":""0"",""y_rx_power_drop_1db"":""0"",""y_rx_power_drop_2db"":""0"",""y_delay_spread_increase"":""0"",""y_adaptation_trigger_1db"":""0"",""y_adaptation_trigger_2db"":""0""},{""frame_id"":""80"",""source_sample_index"":""20559"",""rx_id"":""rx_human_chest"",""delta_num_paths"":""0"",""delta_delay_spread"":""0.0"",""delta_rx_power_db"":""0.0"",""y_path_change"":""0"",""y_path_drop"":""0"",""y_rx_power_drop_0p5db"":""0"",""y_rx_power_drop_1db"":""0"",""y_rx_power_drop_2db"":""0"",""y_delay_spread_increase"":""0"",""y_adaptation_trigger_1db"":""0"",""y_adaptation_trigger_2db"":""0""},{""frame_id"":""80"",""source_sample_index"":""20559"",""rx_id"":""rx_nao_chest"",""delta_num_paths"":""-2"",""delta_delay_spread"":""-8.781526616985502e-10"",""delta_rx_power_db"":""-0.008168376542954547"",""y_path_change"":""1"",""y_path_drop"":""1"",""y_rx_power_drop_0p5db"":""0"",""y_rx_power_drop_1db"":""0"",""y_rx_power_drop_2db"":""0"",""y_delay_spread_increase"":""0"",""y_adaptation_trigger_1db"":""0"",""y_adaptation_trigger_2db"":""0""},{""frame_id"":""80"",""source_sample_index"":""20559"",""rx_id"":""rx_panda_base"",""delta_num_paths"":""2"",""delta_delay_spread"":""2.625530015620825e-09"",""delta_rx_power_db"":""-12.006431807580455"",""y_path_change"":""1"",""y_path_drop"":""0"",""y_rx_power_drop_0p5db"":""1"",""y_rx_power_drop_1db"":""1"",""y_rx_power_drop_2db"":""1"",""y_delay_spread_increase"":""1"",""y_adaptation_trigger_1db"":""1"",""y_adaptation_trigger_2db"":""1""},{""frame_id"":""80"",""source_sample_index"":""20559"",""rx_id"":""rx_ur5_base"",""delta_num_paths"":""0"",""delta_delay_spread"":""0.0"",""delta_rx_power_db"":""-1.046548348426768e-06"",""y_path_change"":""0"",""y_path_drop"":""0"",""y_rx_power_drop_0p5db"":""0"",""y_rx_power_drop_1db"":""0"",""y_rx_power_drop_2db"":""0"",""y_delay_spread_increase"":""0"",""y_adaptation_trigger_1db"":""0"",""y_adaptation_trigger_2db"":""0""},{""frame_id"":""80"",""source_sample_index"":""20559"",""rx_id"":""rx_x500_body"",""delta_num_paths"":""0"",""delta_delay_spread"":""0.0"",""delta_rx_power_db"":""0.0"",""y_path_change"":""0"",""y_path_drop"":""0"",""y_rx_power_drop_0p5db"":""0"",""y_rx_power_drop_1db"":""0"",""y_rx_power_drop_2db"":""0"",""y_delay_spread_increase"":""0"",""y_adaptation_trigger_1db"":""0"",""y_adaptation_trigger_2db"":""0""}]",frame_id,rt_out/experiments/perception_rt_small_v0/frames/instance_registry.json,rt_out/experiments/perception_rt_small_v0/configs/semantic_label_map.json,error,missing required panoptic file: panoptic_labels_rgb_path; missing required panoptic file: semantic_decoded_path; missing required panoptic file: gazebo_instance_count_path; missing optional panoptic file: colored_map_path; missing optional panoptic file: metadata_path
0.1,perception_rt_small_v0,rt_out/experiments/semantic_ablation_actor_200f,8,8,80,80,20559,cam_wall_east,640,480,1.047,0.1,20.0,4.38989,-0.157588,2.81304,-0.047579,0.393096,3.098594,,,,,,false,false,false,false,false,,false,missing,,,,,,,,6,"rx_panda_base,rx_ur5_base,rx_cerberus_base,rx_nao_chest,rx_human_chest,rx_x500_body",frame_id,"[{""frame_id"":""80"",""source_sample_index"":""20559"",""rx_id"":""rx_panda_base"",""num_paths"":""33"",""tau_min"":""7.579527228074312e-09"",""tau_max"":""6.382698813922616e-08"",""delay_spread"":""5.624746091115185e-08"",""path_gain_sum"":""1.925690895632215e-08"",""path_gain_db"":""-77.15413422868136"",""rx_power_dbm"":""-47.15413422868136"",""sanity_ok"":""True"",""xml_path"":""rt_out/experiments/semantic_ablation_actor_200f/sionna_xml/frame_080_sionna.xml""},{""frame_id"":""80"",""source_sample_index"":""20559"",""rx_id"":""rx_ur5_base"",""num_paths"":""23"",""tau_min"":""1.9024808395329273e-08"",""tau_max"":""6.370818539380707e-08"",""delay_spread"":""4.46833769984778e-08"",""path_gain_sum"":""1.842872077162383e-09"",""path_gain_db"":""-87.34504810256053"",""rx_power_dbm"":""-57.345048102560526"",""sanity_ok"":""True"",""xml_path"":""rt_out/experiments/semantic_ablation_actor_200f/sionna_xml/frame_080_sionna.xml""},{""frame_id"":""80"",""source_sample_index"":""20559"",""rx_id"":""rx_cerberus_base"",""num_paths"":""18"",""tau_min"":""1.574846919538686e-08"",""tau_max"":""5.723669715962387e-08"",""delay_spread"":""4.148822796423701e-08"",""path_gain_sum"":""3.621422095534399e-08"",""path_gain_db"":""-74.41120852957657"",""rx_power_dbm"":""-44.41120852957657"",""sanity_ok"":""True"",""xml_path"":""rt_out/experiments/semantic_ablation_actor_200f/sionna_xml/frame_080_sionna.xml""},{""frame_id"":""80"",""source_sample_index"":""20559"",""rx_id"":""rx_nao_chest"",""num_paths"":""18"",""tau_min"":""1.0787783999433032e-08"",""tau_max"":""6.121905471445643e-08"",""delay_spread"":""5.04312707150234e-08"",""path_gain_sum"":""7.188052819628865e-08"",""path_gain_db"":""-71.4338874024572"",""rx_power_dbm"":""-41.4338874024572"",""sanity_ok"":""True"",""xml_path"":""rt_out/experiments/semantic_ablation_actor_200f/sionna_xml/frame_080_sionna.xml""},{""frame_id"":""80"",""source_sample_index"":""20559"",""rx_id"":""rx_human_chest"",""num_paths"":""23"",""tau_min"":""6.163341392806387e-09"",""tau_max"":""6.568895827285814e-08"",""delay_spread"":""5.952561688005176e-08"",""path_gain_sum"":""2.2439071756252815e-07"",""path_gain_db"":""-66.48995112633139"",""rx_power_dbm"":""-36.48995112633139"",""sanity_ok"":""True"",""xml_path"":""rt_out/experiments/semantic_ablation_actor_200f/sionna_xml/frame_080_sionna.xml""},{""frame_id"":""80"",""source_sample_index"":""20559"",""rx_id"":""rx_x500_body"",""num_paths"":""23"",""tau_min"":""1.7234324189985273e-08"",""tau_max"":""7.465505547088469e-08"",""delay_spread"":""5.742073128089942e-08"",""path_gain_sum"":""3.372388945876992e-08"",""path_gain_db"":""-74.72062342912375"",""rx_power_dbm"":""-44.72062342912375"",""sanity_ok"":""True"",""xml_path"":""rt_out/experiments/semantic_ablation_actor_200f/sionna_xml/frame_080_sionna.xml""}]",6,"[{""frame_id"":""80"",""source_sample_index"":""20559"",""rx_id"":""rx_cerberus_base"",""delta_num_paths"":""0"",""delta_delay_spread"":""0.0"",""delta_rx_power_db"":""1.2781643192738557e-06"",""y_path_change"":""0"",""y_path_drop"":""0"",""y_rx_power_drop_0p5db"":""0"",""y_rx_power_drop_1db"":""0"",""y_rx_power_drop_2db"":""0"",""y_delay_spread_increase"":""0"",""y_adaptation_trigger_1db"":""0"",""y_adaptation_trigger_2db"":""0""},{""frame_id"":""80"",""source_sample_index"":""20559"",""rx_id"":""rx_human_chest"",""delta_num_paths"":""0"",""delta_delay_spread"":""0.0"",""delta_rx_power_db"":""0.0"",""y_path_change"":""0"",""y_path_drop"":""0"",""y_rx_power_drop_0p5db"":""0"",""y_rx_power_drop_1db"":""0"",""y_rx_power_drop_2db"":""0"",""y_delay_spread_increase"":""0"",""y_adaptation_trigger_1db"":""0"",""y_adaptation_trigger_2db"":""0""},{""frame_id"":""80"",""source_sample_index"":""20559"",""rx_id"":""rx_nao_chest"",""delta_num_paths"":""-2"",""delta_delay_spread"":""-8.781526616985502e-10"",""delta_rx_power_db"":""-0.008168376542954547"",""y_path_change"":""1"",""y_path_drop"":""1"",""y_rx_power_drop_0p5db"":""0"",""y_rx_power_drop_1db"":""0"",""y_rx_power_drop_2db"":""0"",""y_delay_spread_increase"":""0"",""y_adaptation_trigger_1db"":""0"",""y_adaptation_trigger_2db"":""0""},{""frame_id"":""80"",""source_sample_index"":""20559"",""rx_id"":""rx_panda_base"",""delta_num_paths"":""2"",""delta_delay_spread"":""2.625530015620825e-09"",""delta_rx_power_db"":""-12.006431807580455"",""y_path_change"":""1"",""y_path_drop"":""0"",""y_rx_power_drop_0p5db"":""1"",""y_rx_power_drop_1db"":""1"",""y_rx_power_drop_2db"":""1"",""y_delay_spread_increase"":""1"",""y_adaptation_trigger_1db"":""1"",""y_adaptation_trigger_2db"":""1""},{""frame_id"":""80"",""source_sample_index"":""20559"",""rx_id"":""rx_ur5_base"",""delta_num_paths"":""0"",""delta_delay_spread"":""0.0"",""delta_rx_power_db"":""-1.046548348426768e-06"",""y_path_change"":""0"",""y_path_drop"":""0"",""y_rx_power_drop_0p5db"":""0"",""y_rx_power_drop_1db"":""0"",""y_rx_power_drop_2db"":""0"",""y_delay_spread_increase"":""0"",""y_adaptation_trigger_1db"":""0"",""y_adaptation_trigger_2db"":""0""},{""frame_id"":""80"",""source_sample_index"":""20559"",""rx_id"":""rx_x500_body"",""delta_num_paths"":""0"",""delta_delay_spread"":""0.0"",""delta_rx_power_db"":""0.0"",""y_path_change"":""0"",""y_path_drop"":""0"",""y_rx_power_drop_0p5db"":""0"",""y_rx_power_drop_1db"":""0"",""y_rx_power_drop_2db"":""0"",""y_delay_spread_increase"":""0"",""y_adaptation_trigger_1db"":""0"",""y_adaptation_trigger_2db"":""0""}]",frame_id,rt_out/experiments/perception_rt_small_v0/frames/instance_registry.json,rt_out/experiments/perception_rt_small_v0/configs/semantic_label_map.json,error,missing required panoptic file: panoptic_labels_rgb_path; missing required panoptic file: semantic_decoded_path; missing required panoptic file: gazebo_instance_count_path; missing optional panoptic file: colored_map_path; missing optional panoptic file: metadata_path
0.1,perception_rt_small_v0,rt_out/experiments/semantic_ablation_actor_200f,8,8,80,80,20559,cam_wall_west,640,480,1.047,0.1,20.0,-4.368888,-0.03657,2.817008,0.035211,0.406352,0.030119,,,,,,false,false,false,false,false,,false,missing,,,,,,,,6,"rx_panda_base,rx_ur5_base,rx_cerberus_base,rx_nao_chest,rx_human_chest,rx_x500_body",frame_id,"[{""frame_id"":""80"",""source_sample_index"":""20559"",""rx_id"":""rx_panda_base"",""num_paths"":""33"",""tau_min"":""7.579527228074312e-09"",""tau_max"":""6.382698813922616e-08"",""delay_spread"":""5.624746091115185e-08"",""path_gain_sum"":""1.925690895632215e-08"",""path_gain_db"":""-77.15413422868136"",""rx_power_dbm"":""-47.15413422868136"",""sanity_ok"":""True"",""xml_path"":""rt_out/experiments/semantic_ablation_actor_200f/sionna_xml/frame_080_sionna.xml""},{""frame_id"":""80"",""source_sample_index"":""20559"",""rx_id"":""rx_ur5_base"",""num_paths"":""23"",""tau_min"":""1.9024808395329273e-08"",""tau_max"":""6.370818539380707e-08"",""delay_spread"":""4.46833769984778e-08"",""path_gain_sum"":""1.842872077162383e-09"",""path_gain_db"":""-87.34504810256053"",""rx_power_dbm"":""-57.345048102560526"",""sanity_ok"":""True"",""xml_path"":""rt_out/experiments/semantic_ablation_actor_200f/sionna_xml/frame_080_sionna.xml""},{""frame_id"":""80"",""source_sample_index"":""20559"",""rx_id"":""rx_cerberus_base"",""num_paths"":""18"",""tau_min"":""1.574846919538686e-08"",""tau_max"":""5.723669715962387e-08"",""delay_spread"":""4.148822796423701e-08"",""path_gain_sum"":""3.621422095534399e-08"",""path_gain_db"":""-74.41120852957657"",""rx_power_dbm"":""-44.41120852957657"",""sanity_ok"":""True"",""xml_path"":""rt_out/experiments/semantic_ablation_actor_200f/sionna_xml/frame_080_sionna.xml""},{""frame_id"":""80"",""source_sample_index"":""20559"",""rx_id"":""rx_nao_chest"",""num_paths"":""18"",""tau_min"":""1.0787783999433032e-08"",""tau_max"":""6.121905471445643e-08"",""delay_spread"":""5.04312707150234e-08"",""path_gain_sum"":""7.188052819628865e-08"",""path_gain_db"":""-71.4338874024572"",""rx_power_dbm"":""-41.4338874024572"",""sanity_ok"":""True"",""xml_path"":""rt_out/experiments/semantic_ablation_actor_200f/sionna_xml/frame_080_sionna.xml""},{""frame_id"":""80"",""source_sample_index"":""20559"",""rx_id"":""rx_human_chest"",""num_paths"":""23"",""tau_min"":""6.163341392806387e-09"",""tau_max"":""6.568895827285814e-08"",""delay_spread"":""5.952561688005176e-08"",""path_gain_sum"":""2.2439071756252815e-07"",""path_gain_db"":""-66.48995112633139"",""rx_power_dbm"":""-36.48995112633139"",""sanity_ok"":""True"",""xml_path"":""rt_out/experiments/semantic_ablation_actor_200f/sionna_xml/frame_080_sionna.xml""},{""frame_id"":""80"",""source_sample_index"":""20559"",""rx_id"":""rx_x500_body"",""num_paths"":""23"",""tau_min"":""1.7234324189985273e-08"",""tau_max"":""7.465505547088469e-08"",""delay_spread"":""5.742073128089942e-08"",""path_gain_sum"":""3.372388945876992e-08"",""path_gain_db"":""-74.72062342912375"",""rx_power_dbm"":""-44.72062342912375"",""sanity_ok"":""True"",""xml_path"":""rt_out/experiments/semantic_ablation_actor_200f/sionna_xml/frame_080_sionna.xml""}]",6,"[{""frame_id"":""80"",""source_sample_index"":""20559"",""rx_id"":""rx_cerberus_base"",""delta_num_paths"":""0"",""delta_delay_spread"":""0.0"",""delta_rx_power_db"":""1.2781643192738557e-06"",""y_path_change"":""0"",""y_path_drop"":""0"",""y_rx_power_drop_0p5db"":""0"",""y_rx_power_drop_1db"":""0"",""y_rx_power_drop_2db"":""0"",""y_delay_spread_increase"":""0"",""y_adaptation_trigger_1db"":""0"",""y_adaptation_trigger_2db"":""0""},{""frame_id"":""80"",""source_sample_index"":""20559"",""rx_id"":""rx_human_chest"",""delta_num_paths"":""0"",""delta_delay_spread"":""0.0"",""delta_rx_power_db"":""0.0"",""y_path_change"":""0"",""y_path_drop"":""0"",""y_rx_power_drop_0p5db"":""0"",""y_rx_power_drop_1db"":""0"",""y_rx_power_drop_2db"":""0"",""y_delay_spread_increase"":""0"",""y_adaptation_trigger_1db"":""0"",""y_adaptation_trigger_2db"":""0""},{""frame_id"":""80"",""source_sample_index"":""20559"",""rx_id"":""rx_nao_chest"",""delta_num_paths"":""-2"",""delta_delay_spread"":""-8.781526616985502e-10"",""delta_rx_power_db"":""-0.008168376542954547"",""y_path_change"":""1"",""y_path_drop"":""1"",""y_rx_power_drop_0p5db"":""0"",""y_rx_power_drop_1db"":""0"",""y_rx_power_drop_2db"":""0"",""y_delay_spread_increase"":""0"",""y_adaptation_trigger_1db"":""0"",""y_adaptation_trigger_2db"":""0""},{""frame_id"":""80"",""source_sample_index"":""20559"",""rx_id"":""rx_panda_base"",""delta_num_paths"":""2"",""delta_delay_spread"":""2.625530015620825e-09"",""delta_rx_power_db"":""-12.006431807580455"",""y_path_change"":""1"",""y_path_drop"":""0"",""y_rx_power_drop_0p5db"":""1"",""y_rx_power_drop_1db"":""1"",""y_rx_power_drop_2db"":""1"",""y_delay_spread_increase"":""1"",""y_adaptation_trigger_1db"":""1"",""y_adaptation_trigger_2db"":""1""},{""frame_id"":""80"",""source_sample_index"":""20559"",""rx_id"":""rx_ur5_base"",""delta_num_paths"":""0"",""delta_delay_spread"":""0.0"",""delta_rx_power_db"":""-1.046548348426768e-06"",""y_path_change"":""0"",""y_path_drop"":""0"",""y_rx_power_drop_0p5db"":""0"",""y_rx_power_drop_1db"":""0"",""y_rx_power_drop_2db"":""0"",""y_delay_spread_increase"":""0"",""y_adaptation_trigger_1db"":""0"",""y_adaptation_trigger_2db"":""0""},{""frame_id"":""80"",""source_sample_index"":""20559"",""rx_id"":""rx_x500_body"",""delta_num_paths"":""0"",""delta_delay_spread"":""0.0"",""delta_rx_power_db"":""0.0"",""y_path_change"":""0"",""y_path_drop"":""0"",""y_rx_power_drop_0p5db"":""0"",""y_rx_power_drop_1db"":""0"",""y_rx_power_drop_2db"":""0"",""y_delay_spread_increase"":""0"",""y_adaptation_trigger_1db"":""0"",""y_adaptation_trigger_2db"":""0""}]",frame_id,rt_out/experiments/perception_rt_small_v0/frames/instance_registry.json,rt_out/experiments/perception_rt_small_v0/configs/semantic_label_map.json,error,missing required panoptic file: panoptic_labels_rgb_path; missing required panoptic file: semantic_decoded_path; missing required panoptic file: gazebo_instance_count_path; missing optional panoptic file: colored_map_path; missing optional panoptic file: metadata_path
0.1,perception_rt_small_v0,rt_out/experiments/semantic_ablation_actor_200f,9,9,90,90,23129,cam_corner_nw,640,480,1.047,0.1,20.0,-4.368888,4.38902,2.76265,-0.018875,0.447306,-0.787697,,,,,,false,false,false,false,false,,false,missing,,,,,,,,6,"rx_panda_base,rx_ur5_base,rx_cerberus_base,rx_nao_chest,rx_human_chest,rx_x500_body",frame_id,"[{""frame_id"":""90"",""source_sample_index"":""23129"",""rx_id"":""rx_panda_base"",""num_paths"":""24"",""tau_min"":""7.579527228074312e-09"",""tau_max"":""6.382698813922616e-08"",""delay_spread"":""5.624746091115185e-08"",""path_gain_sum"":""1.8093551545916853e-08"",""path_gain_db"":""-77.42476178004469"",""rx_power_dbm"":""-47.42476178004469"",""sanity_ok"":""True"",""xml_path"":""rt_out/experiments/semantic_ablation_actor_200f/sionna_xml/frame_090_sionna.xml""},{""frame_id"":""90"",""source_sample_index"":""23129"",""rx_id"":""rx_ur5_base"",""num_paths"":""28"",""tau_min"":""5.708055805797585e-09"",""tau_max"":""6.370818539380707e-08"",""delay_spread"":""5.8000129588009486e-08"",""path_gain_sum"":""9.248057608601812e-07"",""path_gain_db"":""-60.33949473579693"",""rx_power_dbm"":""-30.339494735796933"",""sanity_ok"":""True"",""xml_path"":""rt_out/experiments/semantic_ablation_actor_200f/sionna_xml/frame_090_sionna.xml""},{""frame_id"":""90"",""source_sample_index"":""23129"",""rx_id"":""rx_cerberus_base"",""num_paths"":""18"",""tau_min"":""1.574846919538686e-08"",""tau_max"":""5.723669715962387e-08"",""delay_spread"":""4.148822796423701e-08"",""path_gain_sum"":""3.621421740263031e-08"",""path_gain_db"":""-74.4112089556313"",""rx_power_dbm"":""-44.411208955631295"",""sanity_ok"":""True"",""xml_path"":""rt_out/experiments/semantic_ablation_actor_200f/sionna_xml/frame_090_sionna.xml""},{""frame_id"":""90"",""source_sample_index"":""23129"",""rx_id"":""rx_nao_chest"",""num_paths"":""21"",""tau_min"":""1.0787783999433032e-08"",""tau_max"":""6.121906892531115e-08"",""delay_spread"":""5.043128492587812e-08"",""path_gain_sum"":""7.195562545803114e-08"",""path_gain_db"":""-71.42935247455269"",""rx_power_dbm"":""-41.42935247455269"",""sanity_ok"":""True"",""xml_path"":""rt_out/experiments/semantic_ablation_actor_200f/sionna_xml/frame_090_sionna.xml""},{""frame_id"":""90"",""source_sample_index"":""23129"",""rx_id"":""rx_human_chest"",""num_paths"":""23"",""tau_min"":""6.163341392806387e-09"",""tau_max"":""6.568895827285814e-08"",""delay_spread"":""5.952561688005176e-08"",""path_gain_sum"":""2.2439071756252815e-07"",""path_gain_db"":""-66.48995112633139"",""rx_power_dbm"":""-36.48995112633139"",""sanity_ok"":""True"",""xml_path"":""rt_out/experiments/semantic_ablation_actor_200f/sionna_xml/frame_090_sionna.xml""},{""frame_id"":""90"",""source_sample_index"":""23129"",""rx_id"":""rx_x500_body"",""num_paths"":""23"",""tau_min"":""1.7234324189985273e-08"",""tau_max"":""7.465505547088469e-08"",""delay_spread"":""5.742073128089942e-08"",""path_gain_sum"":""3.3723893011483597e-08"",""path_gain_db"":""-74.72062297160716"",""rx_power_dbm"":""-44.720622971607156"",""sanity_ok"":""True"",""xml_path"":""rt_out/experiments/semantic_ablation_actor_200f/sionna_xml/frame_090_sionna.xml""}]",6,"[{""frame_id"":""90"",""source_sample_index"":""23129"",""rx_id"":""rx_cerberus_base"",""delta_num_paths"":""0"",""delta_delay_spread"":""0.0"",""delta_rx_power_db"":""0.0"",""y_path_change"":""0"",""y_path_drop"":""0"",""y_rx_power_drop_0p5db"":""0"",""y_rx_power_drop_1db"":""0"",""y_rx_power_drop_2db"":""0"",""y_delay_spread_increase"":""0"",""y_adaptation_trigger_1db"":""0"",""y_adaptation_trigger_2db"":""0""},{""frame_id"":""90"",""source_sample_index"":""23129"",""rx_id"":""rx_human_chest"",""delta_num_paths"":""0"",""delta_delay_spread"":""0.0"",""delta_rx_power_db"":""0.0"",""y_path_change"":""0"",""y_path_drop"":""0"",""y_rx_power_drop_0p5db"":""0"",""y_rx_power_drop_1db"":""0"",""y_rx_power_drop_2db"":""0"",""y_delay_spread_increase"":""0"",""y_adaptation_trigger_1db"":""0"",""y_adaptation_trigger_2db"":""0""},{""frame_id"":""90"",""source_sample_index"":""23129"",""rx_id"":""rx_nao_chest"",""delta_num_paths"":""0"",""delta_delay_spread"":""0.0"",""delta_rx_power_db"":""-4.28854278311519e-07"",""y_path_change"":""0"",""y_path_drop"":""0"",""y_rx_power_drop_0p5db"":""0"",""y_rx_power_drop_1db"":""0"",""y_rx_power_drop_2db"":""0"",""y_delay_spread_increase"":""0"",""y_adaptation_trigger_1db"":""0"",""y_adaptation_trigger_2db"":""0""},{""frame_id"":""90"",""source_sample_index"":""23129"",""rx_id"":""rx_panda_base"",""delta_num_paths"":""0"",""delta_delay_spread"":""0.0"",""delta_rx_power_db"":""8.527480730435855e-07"",""y_path_change"":""0"",""y_path_drop"":""0"",""y_rx_power_drop_0p5db"":""0"",""y_rx_power_drop_1db"":""0"",""y_rx_power_drop_2db"":""0"",""y_delay_spread_increase"":""0"",""y_adaptation_trigger_1db"":""0"",""y_adaptation_trigger_2db"":""0""},{""frame_id"":""90"",""source_sample_index"":""23129"",""rx_id"":""rx_ur5_base"",""delta_num_paths"":""0"",""delta_delay_spread"":""0.0"",""delta_rx_power_db"":""-2.669401908406144e-07"",""y_path_change"":""0"",""y_path_drop"":""0"",""y_rx_power_drop_0p5db"":""0"",""y_rx_power_drop_1db"":""0"",""y_rx_power_drop_2db"":""0"",""y_delay_spread_increase"":""0"",""y_adaptation_trigger_1db"":""0"",""y_adaptation_trigger_2db"":""0""},{""frame_id"":""90"",""source_sample_index"":""23129"",""rx_id"":""rx_x500_body"",""delta_num_paths"":""0"",""delta_delay_spread"":""0.0"",""delta_rx_power_db"":""0.0"",""y_path_change"":""0"",""y_path_drop"":""0"",""y_rx_power_drop_0p5db"":""0"",""y_rx_power_drop_1db"":""0"",""y_rx_power_drop_2db"":""0"",""y_delay_spread_increase"":""0"",""y_adaptation_trigger_1db"":""0"",""y_adaptation_trigger_2db"":""0""}]",frame_id,rt_out/experiments/perception_rt_small_v0/frames/instance_registry.json,rt_out/experiments/perception_rt_small_v0/configs/semantic_label_map.json,error,missing required panoptic file: panoptic_labels_rgb_path; missing required panoptic file: semantic_decoded_path; missing required panoptic file: gazebo_instance_count_path; missing optional panoptic file: colored_map_path; missing optional panoptic file: metadata_path
0.1,perception_rt_small_v0,rt_out/experiments/semantic_ablation_actor_200f,9,9,90,90,23129,cam_corner_ne,640,480,1.047,0.1,20.0,4.38989,4.38902,2.76265,-0.018875,0.447306,-2.356294,,,,,,false,false,false,false,false,,false,missing,,,,,,,,6,"rx_panda_base,rx_ur5_base,rx_cerberus_base,rx_nao_chest,rx_human_chest,rx_x500_body",frame_id,"[{""frame_id"":""90"",""source_sample_index"":""23129"",""rx_id"":""rx_panda_base"",""num_paths"":""24"",""tau_min"":""7.579527228074312e-09"",""tau_max"":""6.382698813922616e-08"",""delay_spread"":""5.624746091115185e-08"",""path_gain_sum"":""1.8093551545916853e-08"",""path_gain_db"":""-77.42476178004469"",""rx_power_dbm"":""-47.42476178004469"",""sanity_ok"":""True"",""xml_path"":""rt_out/experiments/semantic_ablation_actor_200f/sionna_xml/frame_090_sionna.xml""},{""frame_id"":""90"",""source_sample_index"":""23129"",""rx_id"":""rx_ur5_base"",""num_paths"":""28"",""tau_min"":""5.708055805797585e-09"",""tau_max"":""6.370818539380707e-08"",""delay_spread"":""5.8000129588009486e-08"",""path_gain_sum"":""9.248057608601812e-07"",""path_gain_db"":""-60.33949473579693"",""rx_power_dbm"":""-30.339494735796933"",""sanity_ok"":""True"",""xml_path"":""rt_out/experiments/semantic_ablation_actor_200f/sionna_xml/frame_090_sionna.xml""},{""frame_id"":""90"",""source_sample_index"":""23129"",""rx_id"":""rx_cerberus_base"",""num_paths"":""18"",""tau_min"":""1.574846919538686e-08"",""tau_max"":""5.723669715962387e-08"",""delay_spread"":""4.148822796423701e-08"",""path_gain_sum"":""3.621421740263031e-08"",""path_gain_db"":""-74.4112089556313"",""rx_power_dbm"":""-44.411208955631295"",""sanity_ok"":""True"",""xml_path"":""rt_out/experiments/semantic_ablation_actor_200f/sionna_xml/frame_090_sionna.xml""},{""frame_id"":""90"",""source_sample_index"":""23129"",""rx_id"":""rx_nao_chest"",""num_paths"":""21"",""tau_min"":""1.0787783999433032e-08"",""tau_max"":""6.121906892531115e-08"",""delay_spread"":""5.043128492587812e-08"",""path_gain_sum"":""7.195562545803114e-08"",""path_gain_db"":""-71.42935247455269"",""rx_power_dbm"":""-41.42935247455269"",""sanity_ok"":""True"",""xml_path"":""rt_out/experiments/semantic_ablation_actor_200f/sionna_xml/frame_090_sionna.xml""},{""frame_id"":""90"",""source_sample_index"":""23129"",""rx_id"":""rx_human_chest"",""num_paths"":""23"",""tau_min"":""6.163341392806387e-09"",""tau_max"":""6.568895827285814e-08"",""delay_spread"":""5.952561688005176e-08"",""path_gain_sum"":""2.2439071756252815e-07"",""path_gain_db"":""-66.48995112633139"",""rx_power_dbm"":""-36.48995112633139"",""sanity_ok"":""True"",""xml_path"":""rt_out/experiments/semantic_ablation_actor_200f/sionna_xml/frame_090_sionna.xml""},{""frame_id"":""90"",""source_sample_index"":""23129"",""rx_id"":""rx_x500_body"",""num_paths"":""23"",""tau_min"":""1.7234324189985273e-08"",""tau_max"":""7.465505547088469e-08"",""delay_spread"":""5.742073128089942e-08"",""path_gain_sum"":""3.3723893011483597e-08"",""path_gain_db"":""-74.72062297160716"",""rx_power_dbm"":""-44.720622971607156"",""sanity_ok"":""True"",""xml_path"":""rt_out/experiments/semantic_ablation_actor_200f/sionna_xml/frame_090_sionna.xml""}]",6,"[{""frame_id"":""90"",""source_sample_index"":""23129"",""rx_id"":""rx_cerberus_base"",""delta_num_paths"":""0"",""delta_delay_spread"":""0.0"",""delta_rx_power_db"":""0.0"",""y_path_change"":""0"",""y_path_drop"":""0"",""y_rx_power_drop_0p5db"":""0"",""y_rx_power_drop_1db"":""0"",""y_rx_power_drop_2db"":""0"",""y_delay_spread_increase"":""0"",""y_adaptation_trigger_1db"":""0"",""y_adaptation_trigger_2db"":""0""},{""frame_id"":""90"",""source_sample_index"":""23129"",""rx_id"":""rx_human_chest"",""delta_num_paths"":""0"",""delta_delay_spread"":""0.0"",""delta_rx_power_db"":""0.0"",""y_path_change"":""0"",""y_path_drop"":""0"",""y_rx_power_drop_0p5db"":""0"",""y_rx_power_drop_1db"":""0"",""y_rx_power_drop_2db"":""0"",""y_delay_spread_increase"":""0"",""y_adaptation_trigger_1db"":""0"",""y_adaptation_trigger_2db"":""0""},{""frame_id"":""90"",""source_sample_index"":""23129"",""rx_id"":""rx_nao_chest"",""delta_num_paths"":""0"",""delta_delay_spread"":""0.0"",""delta_rx_power_db"":""-4.28854278311519e-07"",""y_path_change"":""0"",""y_path_drop"":""0"",""y_rx_power_drop_0p5db"":""0"",""y_rx_power_drop_1db"":""0"",""y_rx_power_drop_2db"":""0"",""y_delay_spread_increase"":""0"",""y_adaptation_trigger_1db"":""0"",""y_adaptation_trigger_2db"":""0""},{""frame_id"":""90"",""source_sample_index"":""23129"",""rx_id"":""rx_panda_base"",""delta_num_paths"":""0"",""delta_delay_spread"":""0.0"",""delta_rx_power_db"":""8.527480730435855e-07"",""y_path_change"":""0"",""y_path_drop"":""0"",""y_rx_power_drop_0p5db"":""0"",""y_rx_power_drop_1db"":""0"",""y_rx_power_drop_2db"":""0"",""y_delay_spread_increase"":""0"",""y_adaptation_trigger_1db"":""0"",""y_adaptation_trigger_2db"":""0""},{""frame_id"":""90"",""source_sample_index"":""23129"",""rx_id"":""rx_ur5_base"",""delta_num_paths"":""0"",""delta_delay_spread"":""0.0"",""delta_rx_power_db"":""-2.669401908406144e-07"",""y_path_change"":""0"",""y_path_drop"":""0"",""y_rx_power_drop_0p5db"":""0"",""y_rx_power_drop_1db"":""0"",""y_rx_power_drop_2db"":""0"",""y_delay_spread_increase"":""0"",""y_adaptation_trigger_1db"":""0"",""y_adaptation_trigger_2db"":""0""},{""frame_id"":""90"",""source_sample_index"":""23129"",""rx_id"":""rx_x500_body"",""delta_num_paths"":""0"",""delta_delay_spread"":""0.0"",""delta_rx_power_db"":""0.0"",""y_path_change"":""0"",""y_path_drop"":""0"",""y_rx_power_drop_0p5db"":""0"",""y_rx_power_drop_1db"":""0"",""y_rx_power_drop_2db"":""0"",""y_delay_spread_increase"":""0"",""y_adaptation_trigger_1db"":""0"",""y_adaptation_trigger_2db"":""0""}]",frame_id,rt_out/experiments/perception_rt_small_v0/frames/instance_registry.json,rt_out/experiments/perception_rt_small_v0/configs/semantic_label_map.json,error,missing required panoptic file: panoptic_labels_rgb_path; missing required panoptic file: semantic_decoded_path; missing required panoptic file: gazebo_instance_count_path; missing optional panoptic file: colored_map_path; missing optional panoptic file: metadata_path
0.1,perception_rt_small_v0,rt_out/experiments/semantic_ablation_actor_200f,9,9,90,90,23129,cam_corner_sw,640,480,1.047,0.1,20.0,-4.2766,-4.27322,2.72007,-0.014193,0.518246,0.774445,,,,,,false,false,false,false,false,,false,missing,,,,,,,,6,"rx_panda_base,rx_ur5_base,rx_cerberus_base,rx_nao_chest,rx_human_chest,rx_x500_body",frame_id,"[{""frame_id"":""90"",""source_sample_index"":""23129"",""rx_id"":""rx_panda_base"",""num_paths"":""24"",""tau_min"":""7.579527228074312e-09"",""tau_max"":""6.382698813922616e-08"",""delay_spread"":""5.624746091115185e-08"",""path_gain_sum"":""1.8093551545916853e-08"",""path_gain_db"":""-77.42476178004469"",""rx_power_dbm"":""-47.42476178004469"",""sanity_ok"":""True"",""xml_path"":""rt_out/experiments/semantic_ablation_actor_200f/sionna_xml/frame_090_sionna.xml""},{""frame_id"":""90"",""source_sample_index"":""23129"",""rx_id"":""rx_ur5_base"",""num_paths"":""28"",""tau_min"":""5.708055805797585e-09"",""tau_max"":""6.370818539380707e-08"",""delay_spread"":""5.8000129588009486e-08"",""path_gain_sum"":""9.248057608601812e-07"",""path_gain_db"":""-60.33949473579693"",""rx_power_dbm"":""-30.339494735796933"",""sanity_ok"":""True"",""xml_path"":""rt_out/experiments/semantic_ablation_actor_200f/sionna_xml/frame_090_sionna.xml""},{""frame_id"":""90"",""source_sample_index"":""23129"",""rx_id"":""rx_cerberus_base"",""num_paths"":""18"",""tau_min"":""1.574846919538686e-08"",""tau_max"":""5.723669715962387e-08"",""delay_spread"":""4.148822796423701e-08"",""path_gain_sum"":""3.621421740263031e-08"",""path_gain_db"":""-74.4112089556313"",""rx_power_dbm"":""-44.411208955631295"",""sanity_ok"":""True"",""xml_path"":""rt_out/experiments/semantic_ablation_actor_200f/sionna_xml/frame_090_sionna.xml""},{""frame_id"":""90"",""source_sample_index"":""23129"",""rx_id"":""rx_nao_chest"",""num_paths"":""21"",""tau_min"":""1.0787783999433032e-08"",""tau_max"":""6.121906892531115e-08"",""delay_spread"":""5.043128492587812e-08"",""path_gain_sum"":""7.195562545803114e-08"",""path_gain_db"":""-71.42935247455269"",""rx_power_dbm"":""-41.42935247455269"",""sanity_ok"":""True"",""xml_path"":""rt_out/experiments/semantic_ablation_actor_200f/sionna_xml/frame_090_sionna.xml""},{""frame_id"":""90"",""source_sample_index"":""23129"",""rx_id"":""rx_human_chest"",""num_paths"":""23"",""tau_min"":""6.163341392806387e-09"",""tau_max"":""6.568895827285814e-08"",""delay_spread"":""5.952561688005176e-08"",""path_gain_sum"":""2.2439071756252815e-07"",""path_gain_db"":""-66.48995112633139"",""rx_power_dbm"":""-36.48995112633139"",""sanity_ok"":""True"",""xml_path"":""rt_out/experiments/semantic_ablation_actor_200f/sionna_xml/frame_090_sionna.xml""},{""frame_id"":""90"",""source_sample_index"":""23129"",""rx_id"":""rx_x500_body"",""num_paths"":""23"",""tau_min"":""1.7234324189985273e-08"",""tau_max"":""7.465505547088469e-08"",""delay_spread"":""5.742073128089942e-08"",""path_gain_sum"":""3.3723893011483597e-08"",""path_gain_db"":""-74.72062297160716"",""rx_power_dbm"":""-44.720622971607156"",""sanity_ok"":""True"",""xml_path"":""rt_out/experiments/semantic_ablation_actor_200f/sionna_xml/frame_090_sionna.xml""}]",6,"[{""frame_id"":""90"",""source_sample_index"":""23129"",""rx_id"":""rx_cerberus_base"",""delta_num_paths"":""0"",""delta_delay_spread"":""0.0"",""delta_rx_power_db"":""0.0"",""y_path_change"":""0"",""y_path_drop"":""0"",""y_rx_power_drop_0p5db"":""0"",""y_rx_power_drop_1db"":""0"",""y_rx_power_drop_2db"":""0"",""y_delay_spread_increase"":""0"",""y_adaptation_trigger_1db"":""0"",""y_adaptation_trigger_2db"":""0""},{""frame_id"":""90"",""source_sample_index"":""23129"",""rx_id"":""rx_human_chest"",""delta_num_paths"":""0"",""delta_delay_spread"":""0.0"",""delta_rx_power_db"":""0.0"",""y_path_change"":""0"",""y_path_drop"":""0"",""y_rx_power_drop_0p5db"":""0"",""y_rx_power_drop_1db"":""0"",""y_rx_power_drop_2db"":""0"",""y_delay_spread_increase"":""0"",""y_adaptation_trigger_1db"":""0"",""y_adaptation_trigger_2db"":""0""},{""frame_id"":""90"",""source_sample_index"":""23129"",""rx_id"":""rx_nao_chest"",""delta_num_paths"":""0"",""delta_delay_spread"":""0.0"",""delta_rx_power_db"":""-4.28854278311519e-07"",""y_path_change"":""0"",""y_path_drop"":""0"",""y_rx_power_drop_0p5db"":""0"",""y_rx_power_drop_1db"":""0"",""y_rx_power_drop_2db"":""0"",""y_delay_spread_increase"":""0"",""y_adaptation_trigger_1db"":""0"",""y_adaptation_trigger_2db"":""0""},{""frame_id"":""90"",""source_sample_index"":""23129"",""rx_id"":""rx_panda_base"",""delta_num_paths"":""0"",""delta_delay_spread"":""0.0"",""delta_rx_power_db"":""8.527480730435855e-07"",""y_path_change"":""0"",""y_path_drop"":""0"",""y_rx_power_drop_0p5db"":""0"",""y_rx_power_drop_1db"":""0"",""y_rx_power_drop_2db"":""0"",""y_delay_spread_increase"":""0"",""y_adaptation_trigger_1db"":""0"",""y_adaptation_trigger_2db"":""0""},{""frame_id"":""90"",""source_sample_index"":""23129"",""rx_id"":""rx_ur5_base"",""delta_num_paths"":""0"",""delta_delay_spread"":""0.0"",""delta_rx_power_db"":""-2.669401908406144e-07"",""y_path_change"":""0"",""y_path_drop"":""0"",""y_rx_power_drop_0p5db"":""0"",""y_rx_power_drop_1db"":""0"",""y_rx_power_drop_2db"":""0"",""y_delay_spread_increase"":""0"",""y_adaptation_trigger_1db"":""0"",""y_adaptation_trigger_2db"":""0""},{""frame_id"":""90"",""source_sample_index"":""23129"",""rx_id"":""rx_x500_body"",""delta_num_paths"":""0"",""delta_delay_spread"":""0.0"",""delta_rx_power_db"":""0.0"",""y_path_change"":""0"",""y_path_drop"":""0"",""y_rx_power_drop_0p5db"":""0"",""y_rx_power_drop_1db"":""0"",""y_rx_power_drop_2db"":""0"",""y_delay_spread_increase"":""0"",""y_adaptation_trigger_1db"":""0"",""y_adaptation_trigger_2db"":""0""}]",frame_id,rt_out/experiments/perception_rt_small_v0/frames/instance_registry.json,rt_out/experiments/perception_rt_small_v0/configs/semantic_label_map.json,error,missing required panoptic file: panoptic_labels_rgb_path; missing required panoptic file: semantic_decoded_path; missing required panoptic file: gazebo_instance_count_path; missing optional panoptic file: colored_map_path; missing optional panoptic file: metadata_path
0.1,perception_rt_small_v0,rt_out/experiments/semantic_ablation_actor_200f,9,9,90,90,23129,cam_corner_se,640,480,1.047,0.1,20.0,4.44776,-4.40805,2.80523,-0.023556,0.376367,2.408296,,,,,,false,false,false,false,false,,false,missing,,,,,,,,6,"rx_panda_base,rx_ur5_base,rx_cerberus_base,rx_nao_chest,rx_human_chest,rx_x500_body",frame_id,"[{""frame_id"":""90"",""source_sample_index"":""23129"",""rx_id"":""rx_panda_base"",""num_paths"":""24"",""tau_min"":""7.579527228074312e-09"",""tau_max"":""6.382698813922616e-08"",""delay_spread"":""5.624746091115185e-08"",""path_gain_sum"":""1.8093551545916853e-08"",""path_gain_db"":""-77.42476178004469"",""rx_power_dbm"":""-47.42476178004469"",""sanity_ok"":""True"",""xml_path"":""rt_out/experiments/semantic_ablation_actor_200f/sionna_xml/frame_090_sionna.xml""},{""frame_id"":""90"",""source_sample_index"":""23129"",""rx_id"":""rx_ur5_base"",""num_paths"":""28"",""tau_min"":""5.708055805797585e-09"",""tau_max"":""6.370818539380707e-08"",""delay_spread"":""5.8000129588009486e-08"",""path_gain_sum"":""9.248057608601812e-07"",""path_gain_db"":""-60.33949473579693"",""rx_power_dbm"":""-30.339494735796933"",""sanity_ok"":""True"",""xml_path"":""rt_out/experiments/semantic_ablation_actor_200f/sionna_xml/frame_090_sionna.xml""},{""frame_id"":""90"",""source_sample_index"":""23129"",""rx_id"":""rx_cerberus_base"",""num_paths"":""18"",""tau_min"":""1.574846919538686e-08"",""tau_max"":""5.723669715962387e-08"",""delay_spread"":""4.148822796423701e-08"",""path_gain_sum"":""3.621421740263031e-08"",""path_gain_db"":""-74.4112089556313"",""rx_power_dbm"":""-44.411208955631295"",""sanity_ok"":""True"",""xml_path"":""rt_out/experiments/semantic_ablation_actor_200f/sionna_xml/frame_090_sionna.xml""},{""frame_id"":""90"",""source_sample_index"":""23129"",""rx_id"":""rx_nao_chest"",""num_paths"":""21"",""tau_min"":""1.0787783999433032e-08"",""tau_max"":""6.121906892531115e-08"",""delay_spread"":""5.043128492587812e-08"",""path_gain_sum"":""7.195562545803114e-08"",""path_gain_db"":""-71.42935247455269"",""rx_power_dbm"":""-41.42935247455269"",""sanity_ok"":""True"",""xml_path"":""rt_out/experiments/semantic_ablation_actor_200f/sionna_xml/frame_090_sionna.xml""},{""frame_id"":""90"",""source_sample_index"":""23129"",""rx_id"":""rx_human_chest"",""num_paths"":""23"",""tau_min"":""6.163341392806387e-09"",""tau_max"":""6.568895827285814e-08"",""delay_spread"":""5.952561688005176e-08"",""path_gain_sum"":""2.2439071756252815e-07"",""path_gain_db"":""-66.48995112633139"",""rx_power_dbm"":""-36.48995112633139"",""sanity_ok"":""True"",""xml_path"":""rt_out/experiments/semantic_ablation_actor_200f/sionna_xml/frame_090_sionna.xml""},{""frame_id"":""90"",""source_sample_index"":""23129"",""rx_id"":""rx_x500_body"",""num_paths"":""23"",""tau_min"":""1.7234324189985273e-08"",""tau_max"":""7.465505547088469e-08"",""delay_spread"":""5.742073128089942e-08"",""path_gain_sum"":""3.3723893011483597e-08"",""path_gain_db"":""-74.72062297160716"",""rx_power_dbm"":""-44.720622971607156"",""sanity_ok"":""True"",""xml_path"":""rt_out/experiments/semantic_ablation_actor_200f/sionna_xml/frame_090_sionna.xml""}]",6,"[{""frame_id"":""90"",""source_sample_index"":""23129"",""rx_id"":""rx_cerberus_base"",""delta_num_paths"":""0"",""delta_delay_spread"":""0.0"",""delta_rx_power_db"":""0.0"",""y_path_change"":""0"",""y_path_drop"":""0"",""y_rx_power_drop_0p5db"":""0"",""y_rx_power_drop_1db"":""0"",""y_rx_power_drop_2db"":""0"",""y_delay_spread_increase"":""0"",""y_adaptation_trigger_1db"":""0"",""y_adaptation_trigger_2db"":""0""},{""frame_id"":""90"",""source_sample_index"":""23129"",""rx_id"":""rx_human_chest"",""delta_num_paths"":""0"",""delta_delay_spread"":""0.0"",""delta_rx_power_db"":""0.0"",""y_path_change"":""0"",""y_path_drop"":""0"",""y_rx_power_drop_0p5db"":""0"",""y_rx_power_drop_1db"":""0"",""y_rx_power_drop_2db"":""0"",""y_delay_spread_increase"":""0"",""y_adaptation_trigger_1db"":""0"",""y_adaptation_trigger_2db"":""0""},{""frame_id"":""90"",""source_sample_index"":""23129"",""rx_id"":""rx_nao_chest"",""delta_num_paths"":""0"",""delta_delay_spread"":""0.0"",""delta_rx_power_db"":""-4.28854278311519e-07"",""y_path_change"":""0"",""y_path_drop"":""0"",""y_rx_power_drop_0p5db"":""0"",""y_rx_power_drop_1db"":""0"",""y_rx_power_drop_2db"":""0"",""y_delay_spread_increase"":""0"",""y_adaptation_trigger_1db"":""0"",""y_adaptation_trigger_2db"":""0""},{""frame_id"":""90"",""source_sample_index"":""23129"",""rx_id"":""rx_panda_base"",""delta_num_paths"":""0"",""delta_delay_spread"":""0.0"",""delta_rx_power_db"":""8.527480730435855e-07"",""y_path_change"":""0"",""y_path_drop"":""0"",""y_rx_power_drop_0p5db"":""0"",""y_rx_power_drop_1db"":""0"",""y_rx_power_drop_2db"":""0"",""y_delay_spread_increase"":""0"",""y_adaptation_trigger_1db"":""0"",""y_adaptation_trigger_2db"":""0""},{""frame_id"":""90"",""source_sample_index"":""23129"",""rx_id"":""rx_ur5_base"",""delta_num_paths"":""0"",""delta_delay_spread"":""0.0"",""delta_rx_power_db"":""-2.669401908406144e-07"",""y_path_change"":""0"",""y_path_drop"":""0"",""y_rx_power_drop_0p5db"":""0"",""y_rx_power_drop_1db"":""0"",""y_rx_power_drop_2db"":""0"",""y_delay_spread_increase"":""0"",""y_adaptation_trigger_1db"":""0"",""y_adaptation_trigger_2db"":""0""},{""frame_id"":""90"",""source_sample_index"":""23129"",""rx_id"":""rx_x500_body"",""delta_num_paths"":""0"",""delta_delay_spread"":""0.0"",""delta_rx_power_db"":""0.0"",""y_path_change"":""0"",""y_path_drop"":""0"",""y_rx_power_drop_0p5db"":""0"",""y_rx_power_drop_1db"":""0"",""y_rx_power_drop_2db"":""0"",""y_delay_spread_increase"":""0"",""y_adaptation_trigger_1db"":""0"",""y_adaptation_trigger_2db"":""0""}]",frame_id,rt_out/experiments/perception_rt_small_v0/frames/instance_registry.json,rt_out/experiments/perception_rt_small_v0/configs/semantic_label_map.json,error,missing required panoptic file: panoptic_labels_rgb_path; missing required panoptic file: semantic_decoded_path; missing required panoptic file: gazebo_instance_count_path; missing optional panoptic file: colored_map_path; missing optional panoptic file: metadata_path
0.1,perception_rt_small_v0,rt_out/experiments/semantic_ablation_actor_200f,9,9,90,90,23129,cam_wall_north,640,480,1.047,0.1,20.0,0.221087,4.38902,2.71504,-0.0,0.562591,-1.5708,,,,,,false,false,false,false,false,,false,missing,,,,,,,,6,"rx_panda_base,rx_ur5_base,rx_cerberus_base,rx_nao_chest,rx_human_chest,rx_x500_body",frame_id,"[{""frame_id"":""90"",""source_sample_index"":""23129"",""rx_id"":""rx_panda_base"",""num_paths"":""24"",""tau_min"":""7.579527228074312e-09"",""tau_max"":""6.382698813922616e-08"",""delay_spread"":""5.624746091115185e-08"",""path_gain_sum"":""1.8093551545916853e-08"",""path_gain_db"":""-77.42476178004469"",""rx_power_dbm"":""-47.42476178004469"",""sanity_ok"":""True"",""xml_path"":""rt_out/experiments/semantic_ablation_actor_200f/sionna_xml/frame_090_sionna.xml""},{""frame_id"":""90"",""source_sample_index"":""23129"",""rx_id"":""rx_ur5_base"",""num_paths"":""28"",""tau_min"":""5.708055805797585e-09"",""tau_max"":""6.370818539380707e-08"",""delay_spread"":""5.8000129588009486e-08"",""path_gain_sum"":""9.248057608601812e-07"",""path_gain_db"":""-60.33949473579693"",""rx_power_dbm"":""-30.339494735796933"",""sanity_ok"":""True"",""xml_path"":""rt_out/experiments/semantic_ablation_actor_200f/sionna_xml/frame_090_sionna.xml""},{""frame_id"":""90"",""source_sample_index"":""23129"",""rx_id"":""rx_cerberus_base"",""num_paths"":""18"",""tau_min"":""1.574846919538686e-08"",""tau_max"":""5.723669715962387e-08"",""delay_spread"":""4.148822796423701e-08"",""path_gain_sum"":""3.621421740263031e-08"",""path_gain_db"":""-74.4112089556313"",""rx_power_dbm"":""-44.411208955631295"",""sanity_ok"":""True"",""xml_path"":""rt_out/experiments/semantic_ablation_actor_200f/sionna_xml/frame_090_sionna.xml""},{""frame_id"":""90"",""source_sample_index"":""23129"",""rx_id"":""rx_nao_chest"",""num_paths"":""21"",""tau_min"":""1.0787783999433032e-08"",""tau_max"":""6.121906892531115e-08"",""delay_spread"":""5.043128492587812e-08"",""path_gain_sum"":""7.195562545803114e-08"",""path_gain_db"":""-71.42935247455269"",""rx_power_dbm"":""-41.42935247455269"",""sanity_ok"":""True"",""xml_path"":""rt_out/experiments/semantic_ablation_actor_200f/sionna_xml/frame_090_sionna.xml""},{""frame_id"":""90"",""source_sample_index"":""23129"",""rx_id"":""rx_human_chest"",""num_paths"":""23"",""tau_min"":""6.163341392806387e-09"",""tau_max"":""6.568895827285814e-08"",""delay_spread"":""5.952561688005176e-08"",""path_gain_sum"":""2.2439071756252815e-07"",""path_gain_db"":""-66.48995112633139"",""rx_power_dbm"":""-36.48995112633139"",""sanity_ok"":""True"",""xml_path"":""rt_out/experiments/semantic_ablation_actor_200f/sionna_xml/frame_090_sionna.xml""},{""frame_id"":""90"",""source_sample_index"":""23129"",""rx_id"":""rx_x500_body"",""num_paths"":""23"",""tau_min"":""1.7234324189985273e-08"",""tau_max"":""7.465505547088469e-08"",""delay_spread"":""5.742073128089942e-08"",""path_gain_sum"":""3.3723893011483597e-08"",""path_gain_db"":""-74.72062297160716"",""rx_power_dbm"":""-44.720622971607156"",""sanity_ok"":""True"",""xml_path"":""rt_out/experiments/semantic_ablation_actor_200f/sionna_xml/frame_090_sionna.xml""}]",6,"[{""frame_id"":""90"",""source_sample_index"":""23129"",""rx_id"":""rx_cerberus_base"",""delta_num_paths"":""0"",""delta_delay_spread"":""0.0"",""delta_rx_power_db"":""0.0"",""y_path_change"":""0"",""y_path_drop"":""0"",""y_rx_power_drop_0p5db"":""0"",""y_rx_power_drop_1db"":""0"",""y_rx_power_drop_2db"":""0"",""y_delay_spread_increase"":""0"",""y_adaptation_trigger_1db"":""0"",""y_adaptation_trigger_2db"":""0""},{""frame_id"":""90"",""source_sample_index"":""23129"",""rx_id"":""rx_human_chest"",""delta_num_paths"":""0"",""delta_delay_spread"":""0.0"",""delta_rx_power_db"":""0.0"",""y_path_change"":""0"",""y_path_drop"":""0"",""y_rx_power_drop_0p5db"":""0"",""y_rx_power_drop_1db"":""0"",""y_rx_power_drop_2db"":""0"",""y_delay_spread_increase"":""0"",""y_adaptation_trigger_1db"":""0"",""y_adaptation_trigger_2db"":""0""},{""frame_id"":""90"",""source_sample_index"":""23129"",""rx_id"":""rx_nao_chest"",""delta_num_paths"":""0"",""delta_delay_spread"":""0.0"",""delta_rx_power_db"":""-4.28854278311519e-07"",""y_path_change"":""0"",""y_path_drop"":""0"",""y_rx_power_drop_0p5db"":""0"",""y_rx_power_drop_1db"":""0"",""y_rx_power_drop_2db"":""0"",""y_delay_spread_increase"":""0"",""y_adaptation_trigger_1db"":""0"",""y_adaptation_trigger_2db"":""0""},{""frame_id"":""90"",""source_sample_index"":""23129"",""rx_id"":""rx_panda_base"",""delta_num_paths"":""0"",""delta_delay_spread"":""0.0"",""delta_rx_power_db"":""8.527480730435855e-07"",""y_path_change"":""0"",""y_path_drop"":""0"",""y_rx_power_drop_0p5db"":""0"",""y_rx_power_drop_1db"":""0"",""y_rx_power_drop_2db"":""0"",""y_delay_spread_increase"":""0"",""y_adaptation_trigger_1db"":""0"",""y_adaptation_trigger_2db"":""0""},{""frame_id"":""90"",""source_sample_index"":""23129"",""rx_id"":""rx_ur5_base"",""delta_num_paths"":""0"",""delta_delay_spread"":""0.0"",""delta_rx_power_db"":""-2.669401908406144e-07"",""y_path_change"":""0"",""y_path_drop"":""0"",""y_rx_power_drop_0p5db"":""0"",""y_rx_power_drop_1db"":""0"",""y_rx_power_drop_2db"":""0"",""y_delay_spread_increase"":""0"",""y_adaptation_trigger_1db"":""0"",""y_adaptation_trigger_2db"":""0""},{""frame_id"":""90"",""source_sample_index"":""23129"",""rx_id"":""rx_x500_body"",""delta_num_paths"":""0"",""delta_delay_spread"":""0.0"",""delta_rx_power_db"":""0.0"",""y_path_change"":""0"",""y_path_drop"":""0"",""y_rx_power_drop_0p5db"":""0"",""y_rx_power_drop_1db"":""0"",""y_rx_power_drop_2db"":""0"",""y_delay_spread_increase"":""0"",""y_adaptation_trigger_1db"":""0"",""y_adaptation_trigger_2db"":""0""}]",frame_id,rt_out/experiments/perception_rt_small_v0/frames/instance_registry.json,rt_out/experiments/perception_rt_small_v0/configs/semantic_label_map.json,error,missing required panoptic file: panoptic_labels_rgb_path; missing required panoptic file: semantic_decoded_path; missing required panoptic file: gazebo_instance_count_path; missing optional panoptic file: colored_map_path; missing optional panoptic file: metadata_path
0.1,perception_rt_small_v0,rt_out/experiments/semantic_ablation_actor_200f,9,9,90,90,23129,cam_wall_south,640,480,1.047,0.1,20.0,0.221056,-4.22159,2.7964,0.000426,0.271157,1.577903,,,,,,false,false,false,false,false,,false,missing,,,,,,,,6,"rx_panda_base,rx_ur5_base,rx_cerberus_base,rx_nao_chest,rx_human_chest,rx_x500_body",frame_id,"[{""frame_id"":""90"",""source_sample_index"":""23129"",""rx_id"":""rx_panda_base"",""num_paths"":""24"",""tau_min"":""7.579527228074312e-09"",""tau_max"":""6.382698813922616e-08"",""delay_spread"":""5.624746091115185e-08"",""path_gain_sum"":""1.8093551545916853e-08"",""path_gain_db"":""-77.42476178004469"",""rx_power_dbm"":""-47.42476178004469"",""sanity_ok"":""True"",""xml_path"":""rt_out/experiments/semantic_ablation_actor_200f/sionna_xml/frame_090_sionna.xml""},{""frame_id"":""90"",""source_sample_index"":""23129"",""rx_id"":""rx_ur5_base"",""num_paths"":""28"",""tau_min"":""5.708055805797585e-09"",""tau_max"":""6.370818539380707e-08"",""delay_spread"":""5.8000129588009486e-08"",""path_gain_sum"":""9.248057608601812e-07"",""path_gain_db"":""-60.33949473579693"",""rx_power_dbm"":""-30.339494735796933"",""sanity_ok"":""True"",""xml_path"":""rt_out/experiments/semantic_ablation_actor_200f/sionna_xml/frame_090_sionna.xml""},{""frame_id"":""90"",""source_sample_index"":""23129"",""rx_id"":""rx_cerberus_base"",""num_paths"":""18"",""tau_min"":""1.574846919538686e-08"",""tau_max"":""5.723669715962387e-08"",""delay_spread"":""4.148822796423701e-08"",""path_gain_sum"":""3.621421740263031e-08"",""path_gain_db"":""-74.4112089556313"",""rx_power_dbm"":""-44.411208955631295"",""sanity_ok"":""True"",""xml_path"":""rt_out/experiments/semantic_ablation_actor_200f/sionna_xml/frame_090_sionna.xml""},{""frame_id"":""90"",""source_sample_index"":""23129"",""rx_id"":""rx_nao_chest"",""num_paths"":""21"",""tau_min"":""1.0787783999433032e-08"",""tau_max"":""6.121906892531115e-08"",""delay_spread"":""5.043128492587812e-08"",""path_gain_sum"":""7.195562545803114e-08"",""path_gain_db"":""-71.42935247455269"",""rx_power_dbm"":""-41.42935247455269"",""sanity_ok"":""True"",""xml_path"":""rt_out/experiments/semantic_ablation_actor_200f/sionna_xml/frame_090_sionna.xml""},{""frame_id"":""90"",""source_sample_index"":""23129"",""rx_id"":""rx_human_chest"",""num_paths"":""23"",""tau_min"":""6.163341392806387e-09"",""tau_max"":""6.568895827285814e-08"",""delay_spread"":""5.952561688005176e-08"",""path_gain_sum"":""2.2439071756252815e-07"",""path_gain_db"":""-66.48995112633139"",""rx_power_dbm"":""-36.48995112633139"",""sanity_ok"":""True"",""xml_path"":""rt_out/experiments/semantic_ablation_actor_200f/sionna_xml/frame_090_sionna.xml""},{""frame_id"":""90"",""source_sample_index"":""23129"",""rx_id"":""rx_x500_body"",""num_paths"":""23"",""tau_min"":""1.7234324189985273e-08"",""tau_max"":""7.465505547088469e-08"",""delay_spread"":""5.742073128089942e-08"",""path_gain_sum"":""3.3723893011483597e-08"",""path_gain_db"":""-74.72062297160716"",""rx_power_dbm"":""-44.720622971607156"",""sanity_ok"":""True"",""xml_path"":""rt_out/experiments/semantic_ablation_actor_200f/sionna_xml/frame_090_sionna.xml""}]",6,"[{""frame_id"":""90"",""source_sample_index"":""23129"",""rx_id"":""rx_cerberus_base"",""delta_num_paths"":""0"",""delta_delay_spread"":""0.0"",""delta_rx_power_db"":""0.0"",""y_path_change"":""0"",""y_path_drop"":""0"",""y_rx_power_drop_0p5db"":""0"",""y_rx_power_drop_1db"":""0"",""y_rx_power_drop_2db"":""0"",""y_delay_spread_increase"":""0"",""y_adaptation_trigger_1db"":""0"",""y_adaptation_trigger_2db"":""0""},{""frame_id"":""90"",""source_sample_index"":""23129"",""rx_id"":""rx_human_chest"",""delta_num_paths"":""0"",""delta_delay_spread"":""0.0"",""delta_rx_power_db"":""0.0"",""y_path_change"":""0"",""y_path_drop"":""0"",""y_rx_power_drop_0p5db"":""0"",""y_rx_power_drop_1db"":""0"",""y_rx_power_drop_2db"":""0"",""y_delay_spread_increase"":""0"",""y_adaptation_trigger_1db"":""0"",""y_adaptation_trigger_2db"":""0""},{""frame_id"":""90"",""source_sample_index"":""23129"",""rx_id"":""rx_nao_chest"",""delta_num_paths"":""0"",""delta_delay_spread"":""0.0"",""delta_rx_power_db"":""-4.28854278311519e-07"",""y_path_change"":""0"",""y_path_drop"":""0"",""y_rx_power_drop_0p5db"":""0"",""y_rx_power_drop_1db"":""0"",""y_rx_power_drop_2db"":""0"",""y_delay_spread_increase"":""0"",""y_adaptation_trigger_1db"":""0"",""y_adaptation_trigger_2db"":""0""},{""frame_id"":""90"",""source_sample_index"":""23129"",""rx_id"":""rx_panda_base"",""delta_num_paths"":""0"",""delta_delay_spread"":""0.0"",""delta_rx_power_db"":""8.527480730435855e-07"",""y_path_change"":""0"",""y_path_drop"":""0"",""y_rx_power_drop_0p5db"":""0"",""y_rx_power_drop_1db"":""0"",""y_rx_power_drop_2db"":""0"",""y_delay_spread_increase"":""0"",""y_adaptation_trigger_1db"":""0"",""y_adaptation_trigger_2db"":""0""},{""frame_id"":""90"",""source_sample_index"":""23129"",""rx_id"":""rx_ur5_base"",""delta_num_paths"":""0"",""delta_delay_spread"":""0.0"",""delta_rx_power_db"":""-2.669401908406144e-07"",""y_path_change"":""0"",""y_path_drop"":""0"",""y_rx_power_drop_0p5db"":""0"",""y_rx_power_drop_1db"":""0"",""y_rx_power_drop_2db"":""0"",""y_delay_spread_increase"":""0"",""y_adaptation_trigger_1db"":""0"",""y_adaptation_trigger_2db"":""0""},{""frame_id"":""90"",""source_sample_index"":""23129"",""rx_id"":""rx_x500_body"",""delta_num_paths"":""0"",""delta_delay_spread"":""0.0"",""delta_rx_power_db"":""0.0"",""y_path_change"":""0"",""y_path_drop"":""0"",""y_rx_power_drop_0p5db"":""0"",""y_rx_power_drop_1db"":""0"",""y_rx_power_drop_2db"":""0"",""y_delay_spread_increase"":""0"",""y_adaptation_trigger_1db"":""0"",""y_adaptation_trigger_2db"":""0""}]",frame_id,rt_out/experiments/perception_rt_small_v0/frames/instance_registry.json,rt_out/experiments/perception_rt_small_v0/configs/semantic_label_map.json,error,missing required panoptic file: panoptic_labels_rgb_path; missing required panoptic file: semantic_decoded_path; missing required panoptic file: gazebo_instance_count_path; missing optional panoptic file: colored_map_path; missing optional panoptic file: metadata_path
0.1,perception_rt_small_v0,rt_out/experiments/semantic_ablation_actor_200f,9,9,90,90,23129,cam_wall_east,640,480,1.047,0.1,20.0,4.38989,-0.157588,2.81304,-0.047579,0.393096,3.098594,,,,,,false,false,false,false,false,,false,missing,,,,,,,,6,"rx_panda_base,rx_ur5_base,rx_cerberus_base,rx_nao_chest,rx_human_chest,rx_x500_body",frame_id,"[{""frame_id"":""90"",""source_sample_index"":""23129"",""rx_id"":""rx_panda_base"",""num_paths"":""24"",""tau_min"":""7.579527228074312e-09"",""tau_max"":""6.382698813922616e-08"",""delay_spread"":""5.624746091115185e-08"",""path_gain_sum"":""1.8093551545916853e-08"",""path_gain_db"":""-77.42476178004469"",""rx_power_dbm"":""-47.42476178004469"",""sanity_ok"":""True"",""xml_path"":""rt_out/experiments/semantic_ablation_actor_200f/sionna_xml/frame_090_sionna.xml""},{""frame_id"":""90"",""source_sample_index"":""23129"",""rx_id"":""rx_ur5_base"",""num_paths"":""28"",""tau_min"":""5.708055805797585e-09"",""tau_max"":""6.370818539380707e-08"",""delay_spread"":""5.8000129588009486e-08"",""path_gain_sum"":""9.248057608601812e-07"",""path_gain_db"":""-60.33949473579693"",""rx_power_dbm"":""-30.339494735796933"",""sanity_ok"":""True"",""xml_path"":""rt_out/experiments/semantic_ablation_actor_200f/sionna_xml/frame_090_sionna.xml""},{""frame_id"":""90"",""source_sample_index"":""23129"",""rx_id"":""rx_cerberus_base"",""num_paths"":""18"",""tau_min"":""1.574846919538686e-08"",""tau_max"":""5.723669715962387e-08"",""delay_spread"":""4.148822796423701e-08"",""path_gain_sum"":""3.621421740263031e-08"",""path_gain_db"":""-74.4112089556313"",""rx_power_dbm"":""-44.411208955631295"",""sanity_ok"":""True"",""xml_path"":""rt_out/experiments/semantic_ablation_actor_200f/sionna_xml/frame_090_sionna.xml""},{""frame_id"":""90"",""source_sample_index"":""23129"",""rx_id"":""rx_nao_chest"",""num_paths"":""21"",""tau_min"":""1.0787783999433032e-08"",""tau_max"":""6.121906892531115e-08"",""delay_spread"":""5.043128492587812e-08"",""path_gain_sum"":""7.195562545803114e-08"",""path_gain_db"":""-71.42935247455269"",""rx_power_dbm"":""-41.42935247455269"",""sanity_ok"":""True"",""xml_path"":""rt_out/experiments/semantic_ablation_actor_200f/sionna_xml/frame_090_sionna.xml""},{""frame_id"":""90"",""source_sample_index"":""23129"",""rx_id"":""rx_human_chest"",""num_paths"":""23"",""tau_min"":""6.163341392806387e-09"",""tau_max"":""6.568895827285814e-08"",""delay_spread"":""5.952561688005176e-08"",""path_gain_sum"":""2.2439071756252815e-07"",""path_gain_db"":""-66.48995112633139"",""rx_power_dbm"":""-36.48995112633139"",""sanity_ok"":""True"",""xml_path"":""rt_out/experiments/semantic_ablation_actor_200f/sionna_xml/frame_090_sionna.xml""},{""frame_id"":""90"",""source_sample_index"":""23129"",""rx_id"":""rx_x500_body"",""num_paths"":""23"",""tau_min"":""1.7234324189985273e-08"",""tau_max"":""7.465505547088469e-08"",""delay_spread"":""5.742073128089942e-08"",""path_gain_sum"":""3.3723893011483597e-08"",""path_gain_db"":""-74.72062297160716"",""rx_power_dbm"":""-44.720622971607156"",""sanity_ok"":""True"",""xml_path"":""rt_out/experiments/semantic_ablation_actor_200f/sionna_xml/frame_090_sionna.xml""}]",6,"[{""frame_id"":""90"",""source_sample_index"":""23129"",""rx_id"":""rx_cerberus_base"",""delta_num_paths"":""0"",""delta_delay_spread"":""0.0"",""delta_rx_power_db"":""0.0"",""y_path_change"":""0"",""y_path_drop"":""0"",""y_rx_power_drop_0p5db"":""0"",""y_rx_power_drop_1db"":""0"",""y_rx_power_drop_2db"":""0"",""y_delay_spread_increase"":""0"",""y_adaptation_trigger_1db"":""0"",""y_adaptation_trigger_2db"":""0""},{""frame_id"":""90"",""source_sample_index"":""23129"",""rx_id"":""rx_human_chest"",""delta_num_paths"":""0"",""delta_delay_spread"":""0.0"",""delta_rx_power_db"":""0.0"",""y_path_change"":""0"",""y_path_drop"":""0"",""y_rx_power_drop_0p5db"":""0"",""y_rx_power_drop_1db"":""0"",""y_rx_power_drop_2db"":""0"",""y_delay_spread_increase"":""0"",""y_adaptation_trigger_1db"":""0"",""y_adaptation_trigger_2db"":""0""},{""frame_id"":""90"",""source_sample_index"":""23129"",""rx_id"":""rx_nao_chest"",""delta_num_paths"":""0"",""delta_delay_spread"":""0.0"",""delta_rx_power_db"":""-4.28854278311519e-07"",""y_path_change"":""0"",""y_path_drop"":""0"",""y_rx_power_drop_0p5db"":""0"",""y_rx_power_drop_1db"":""0"",""y_rx_power_drop_2db"":""0"",""y_delay_spread_increase"":""0"",""y_adaptation_trigger_1db"":""0"",""y_adaptation_trigger_2db"":""0""},{""frame_id"":""90"",""source_sample_index"":""23129"",""rx_id"":""rx_panda_base"",""delta_num_paths"":""0"",""delta_delay_spread"":""0.0"",""delta_rx_power_db"":""8.527480730435855e-07"",""y_path_change"":""0"",""y_path_drop"":""0"",""y_rx_power_drop_0p5db"":""0"",""y_rx_power_drop_1db"":""0"",""y_rx_power_drop_2db"":""0"",""y_delay_spread_increase"":""0"",""y_adaptation_trigger_1db"":""0"",""y_adaptation_trigger_2db"":""0""},{""frame_id"":""90"",""source_sample_index"":""23129"",""rx_id"":""rx_ur5_base"",""delta_num_paths"":""0"",""delta_delay_spread"":""0.0"",""delta_rx_power_db"":""-2.669401908406144e-07"",""y_path_change"":""0"",""y_path_drop"":""0"",""y_rx_power_drop_0p5db"":""0"",""y_rx_power_drop_1db"":""0"",""y_rx_power_drop_2db"":""0"",""y_delay_spread_increase"":""0"",""y_adaptation_trigger_1db"":""0"",""y_adaptation_trigger_2db"":""0""},{""frame_id"":""90"",""source_sample_index"":""23129"",""rx_id"":""rx_x500_body"",""delta_num_paths"":""0"",""delta_delay_spread"":""0.0"",""delta_rx_power_db"":""0.0"",""y_path_change"":""0"",""y_path_drop"":""0"",""y_rx_power_drop_0p5db"":""0"",""y_rx_power_drop_1db"":""0"",""y_rx_power_drop_2db"":""0"",""y_delay_spread_increase"":""0"",""y_adaptation_trigger_1db"":""0"",""y_adaptation_trigger_2db"":""0""}]",frame_id,rt_out/experiments/perception_rt_small_v0/frames/instance_registry.json,rt_out/experiments/perception_rt_small_v0/configs/semantic_label_map.json,error,missing required panoptic file: panoptic_labels_rgb_path; missing required panoptic file: semantic_decoded_path; missing required panoptic file: gazebo_instance_count_path; missing optional panoptic file: colored_map_path; missing optional panoptic file: metadata_path
0.1,perception_rt_small_v0,rt_out/experiments/semantic_ablation_actor_200f,9,9,90,90,23129,cam_wall_west,640,480,1.047,0.1,20.0,-4.368888,-0.03657,2.817008,0.035211,0.406352,0.030119,,,,,,false,false,false,false,false,,false,missing,,,,,,,,6,"rx_panda_base,rx_ur5_base,rx_cerberus_base,rx_nao_chest,rx_human_chest,rx_x500_body",frame_id,"[{""frame_id"":""90"",""source_sample_index"":""23129"",""rx_id"":""rx_panda_base"",""num_paths"":""24"",""tau_min"":""7.579527228074312e-09"",""tau_max"":""6.382698813922616e-08"",""delay_spread"":""5.624746091115185e-08"",""path_gain_sum"":""1.8093551545916853e-08"",""path_gain_db"":""-77.42476178004469"",""rx_power_dbm"":""-47.42476178004469"",""sanity_ok"":""True"",""xml_path"":""rt_out/experiments/semantic_ablation_actor_200f/sionna_xml/frame_090_sionna.xml""},{""frame_id"":""90"",""source_sample_index"":""23129"",""rx_id"":""rx_ur5_base"",""num_paths"":""28"",""tau_min"":""5.708055805797585e-09"",""tau_max"":""6.370818539380707e-08"",""delay_spread"":""5.8000129588009486e-08"",""path_gain_sum"":""9.248057608601812e-07"",""path_gain_db"":""-60.33949473579693"",""rx_power_dbm"":""-30.339494735796933"",""sanity_ok"":""True"",""xml_path"":""rt_out/experiments/semantic_ablation_actor_200f/sionna_xml/frame_090_sionna.xml""},{""frame_id"":""90"",""source_sample_index"":""23129"",""rx_id"":""rx_cerberus_base"",""num_paths"":""18"",""tau_min"":""1.574846919538686e-08"",""tau_max"":""5.723669715962387e-08"",""delay_spread"":""4.148822796423701e-08"",""path_gain_sum"":""3.621421740263031e-08"",""path_gain_db"":""-74.4112089556313"",""rx_power_dbm"":""-44.411208955631295"",""sanity_ok"":""True"",""xml_path"":""rt_out/experiments/semantic_ablation_actor_200f/sionna_xml/frame_090_sionna.xml""},{""frame_id"":""90"",""source_sample_index"":""23129"",""rx_id"":""rx_nao_chest"",""num_paths"":""21"",""tau_min"":""1.0787783999433032e-08"",""tau_max"":""6.121906892531115e-08"",""delay_spread"":""5.043128492587812e-08"",""path_gain_sum"":""7.195562545803114e-08"",""path_gain_db"":""-71.42935247455269"",""rx_power_dbm"":""-41.42935247455269"",""sanity_ok"":""True"",""xml_path"":""rt_out/experiments/semantic_ablation_actor_200f/sionna_xml/frame_090_sionna.xml""},{""frame_id"":""90"",""source_sample_index"":""23129"",""rx_id"":""rx_human_chest"",""num_paths"":""23"",""tau_min"":""6.163341392806387e-09"",""tau_max"":""6.568895827285814e-08"",""delay_spread"":""5.952561688005176e-08"",""path_gain_sum"":""2.2439071756252815e-07"",""path_gain_db"":""-66.48995112633139"",""rx_power_dbm"":""-36.48995112633139"",""sanity_ok"":""True"",""xml_path"":""rt_out/experiments/semantic_ablation_actor_200f/sionna_xml/frame_090_sionna.xml""},{""frame_id"":""90"",""source_sample_index"":""23129"",""rx_id"":""rx_x500_body"",""num_paths"":""23"",""tau_min"":""1.7234324189985273e-08"",""tau_max"":""7.465505547088469e-08"",""delay_spread"":""5.742073128089942e-08"",""path_gain_sum"":""3.3723893011483597e-08"",""path_gain_db"":""-74.72062297160716"",""rx_power_dbm"":""-44.720622971607156"",""sanity_ok"":""True"",""xml_path"":""rt_out/experiments/semantic_ablation_actor_200f/sionna_xml/frame_090_sionna.xml""}]",6,"[{""frame_id"":""90"",""source_sample_index"":""23129"",""rx_id"":""rx_cerberus_base"",""delta_num_paths"":""0"",""delta_delay_spread"":""0.0"",""delta_rx_power_db"":""0.0"",""y_path_change"":""0"",""y_path_drop"":""0"",""y_rx_power_drop_0p5db"":""0"",""y_rx_power_drop_1db"":""0"",""y_rx_power_drop_2db"":""0"",""y_delay_spread_increase"":""0"",""y_adaptation_trigger_1db"":""0"",""y_adaptation_trigger_2db"":""0""},{""frame_id"":""90"",""source_sample_index"":""23129"",""rx_id"":""rx_human_chest"",""delta_num_paths"":""0"",""delta_delay_spread"":""0.0"",""delta_rx_power_db"":""0.0"",""y_path_change"":""0"",""y_path_drop"":""0"",""y_rx_power_drop_0p5db"":""0"",""y_rx_power_drop_1db"":""0"",""y_rx_power_drop_2db"":""0"",""y_delay_spread_increase"":""0"",""y_adaptation_trigger_1db"":""0"",""y_adaptation_trigger_2db"":""0""},{""frame_id"":""90"",""source_sample_index"":""23129"",""rx_id"":""rx_nao_chest"",""delta_num_paths"":""0"",""delta_delay_spread"":""0.0"",""delta_rx_power_db"":""-4.28854278311519e-07"",""y_path_change"":""0"",""y_path_drop"":""0"",""y_rx_power_drop_0p5db"":""0"",""y_rx_power_drop_1db"":""0"",""y_rx_power_drop_2db"":""0"",""y_delay_spread_increase"":""0"",""y_adaptation_trigger_1db"":""0"",""y_adaptation_trigger_2db"":""0""},{""frame_id"":""90"",""source_sample_index"":""23129"",""rx_id"":""rx_panda_base"",""delta_num_paths"":""0"",""delta_delay_spread"":""0.0"",""delta_rx_power_db"":""8.527480730435855e-07"",""y_path_change"":""0"",""y_path_drop"":""0"",""y_rx_power_drop_0p5db"":""0"",""y_rx_power_drop_1db"":""0"",""y_rx_power_drop_2db"":""0"",""y_delay_spread_increase"":""0"",""y_adaptation_trigger_1db"":""0"",""y_adaptation_trigger_2db"":""0""},{""frame_id"":""90"",""source_sample_index"":""23129"",""rx_id"":""rx_ur5_base"",""delta_num_paths"":""0"",""delta_delay_spread"":""0.0"",""delta_rx_power_db"":""-2.669401908406144e-07"",""y_path_change"":""0"",""y_path_drop"":""0"",""y_rx_power_drop_0p5db"":""0"",""y_rx_power_drop_1db"":""0"",""y_rx_power_drop_2db"":""0"",""y_delay_spread_increase"":""0"",""y_adaptation_trigger_1db"":""0"",""y_adaptation_trigger_2db"":""0""},{""frame_id"":""90"",""source_sample_index"":""23129"",""rx_id"":""rx_x500_body"",""delta_num_paths"":""0"",""delta_delay_spread"":""0.0"",""delta_rx_power_db"":""0.0"",""y_path_change"":""0"",""y_path_drop"":""0"",""y_rx_power_drop_0p5db"":""0"",""y_rx_power_drop_1db"":""0"",""y_rx_power_drop_2db"":""0"",""y_delay_spread_increase"":""0"",""y_adaptation_trigger_1db"":""0"",""y_adaptation_trigger_2db"":""0""}]",frame_id,rt_out/experiments/perception_rt_small_v0/frames/instance_registry.json,rt_out/experiments/perception_rt_small_v0/configs/semantic_label_map.json,error,missing required panoptic file: panoptic_labels_rgb_path; missing required panoptic file: semantic_decoded_path; missing required panoptic file: gazebo_instance_count_path; missing optional panoptic file: colored_map_path; missing optional panoptic file: metadata_path
0.1,perception_rt_small_v0,rt_out/experiments/semantic_ablation_actor_200f,10,10,100,100,25698,cam_corner_nw,640,480,1.047,0.1,20.0,-4.368888,4.38902,2.76265,-0.018875,0.447306,-0.787697,,,,,,false,false,false,false,false,,false,missing,,,,,,,,6,"rx_panda_base,rx_ur5_base,rx_cerberus_base,rx_nao_chest,rx_human_chest,rx_x500_body",frame_id,"[{""frame_id"":""100"",""source_sample_index"":""25698"",""rx_id"":""rx_panda_base"",""num_paths"":""23"",""tau_min"":""7.579527228074312e-09"",""tau_max"":""6.284866316264015e-08"",""delay_spread"":""5.526913593456584e-08"",""path_gain_sum"":""1.808245286838428e-08"",""path_gain_db"":""-77.42742658210788"",""rx_power_dbm"":""-47.427426582107884"",""sanity_ok"":""True"",""xml_path"":""rt_out/experiments/semantic_ablation_actor_200f/sionna_xml/frame_100_sionna.xml""},{""frame_id"":""100"",""source_sample_index"":""25698"",""rx_id"":""rx_ur5_base"",""num_paths"":""17"",""tau_min"":""2.8585452227503083e-08"",""tau_max"":""5.930293767164585e-08"",""delay_spread"":""3.071748544414277e-08"",""path_gain_sum"":""1.5416482535002274e-09"",""path_gain_db"":""-88.12014704747963"",""rx_power_dbm"":""-58.120147047479634"",""sanity_ok"":""True"",""xml_path"":""rt_out/experiments/semantic_ablation_actor_200f/sionna_xml/frame_100_sionna.xml""},{""frame_id"":""100"",""source_sample_index"":""25698"",""rx_id"":""rx_cerberus_base"",""num_paths"":""18"",""tau_min"":""1.574846919538686e-08"",""tau_max"":""5.723669715962387e-08"",""delay_spread"":""4.148822796423701e-08"",""path_gain_sum"":""3.621421384991663e-08"",""path_gain_db"":""-74.41120938168608"",""rx_power_dbm"":""-44.41120938168608"",""sanity_ok"":""True"",""xml_path"":""rt_out/experiments/semantic_ablation_actor_200f/sionna_xml/frame_100_sionna.xml""},{""frame_id"":""100"",""source_sample_index"":""25698"",""rx_id"":""rx_nao_chest"",""num_paths"":""24"",""tau_min"":""1.0787783999433032e-08"",""tau_max"":""6.209720737615498e-08"",""delay_spread"":""5.130942337672195e-08"",""path_gain_sum"":""7.266184809395781e-08"",""path_gain_db"":""-71.38693560412185"",""rx_power_dbm"":""-41.386935604121845"",""sanity_ok"":""True"",""xml_path"":""rt_out/experiments/semantic_ablation_actor_200f/sionna_xml/frame_100_sionna.xml""},{""frame_id"":""100"",""source_sample_index"":""25698"",""rx_id"":""rx_human_chest"",""num_paths"":""23"",""tau_min"":""6.163341392806387e-09"",""tau_max"":""6.568895827285814e-08"",""delay_spread"":""5.952561688005176e-08"",""path_gain_sum"":""2.2439070335167344e-07"",""path_gain_db"":""-66.48995140137379"",""rx_power_dbm"":""-36.48995140137379"",""sanity_ok"":""True"",""xml_path"":""rt_out/experiments/semantic_ablation_actor_200f/sionna_xml/frame_100_sionna.xml""},{""frame_id"":""100"",""source_sample_index"":""25698"",""rx_id"":""rx_x500_body"",""num_paths"":""22"",""tau_min"":""1.7234324189985273e-08"",""tau_max"":""7.465505547088469e-08"",""delay_spread"":""5.742073128089942e-08"",""path_gain_sum"":""3.371401646745653e-08"",""path_gain_db"":""-74.7218950539226"",""rx_power_dbm"":""-44.721895053922594"",""sanity_ok"":""True"",""xml_path"":""rt_out/experiments/semantic_ablation_actor_200f/sionna_xml/frame_100_sionna.xml""}]",6,"[{""frame_id"":""100"",""source_sample_index"":""25698"",""rx_id"":""rx_cerberus_base"",""delta_num_paths"":""0"",""delta_delay_spread"":""0.0"",""delta_rx_power_db"":""0.0"",""y_path_change"":""0"",""y_path_drop"":""0"",""y_rx_power_drop_0p5db"":""0"",""y_rx_power_drop_1db"":""0"",""y_rx_power_drop_2db"":""0"",""y_delay_spread_increase"":""0"",""y_adaptation_trigger_1db"":""0"",""y_adaptation_trigger_2db"":""0""},{""frame_id"":""100"",""source_sample_index"":""25698"",""rx_id"":""rx_human_chest"",""delta_num_paths"":""0"",""delta_delay_spread"":""0.0"",""delta_rx_power_db"":""-2.750423959696491e-07"",""y_path_change"":""0"",""y_path_drop"":""0"",""y_rx_power_drop_0p5db"":""0"",""y_rx_power_drop_1db"":""0"",""y_rx_power_drop_2db"":""0"",""y_delay_spread_increase"":""0"",""y_adaptation_trigger_1db"":""0"",""y_adaptation_trigger_2db"":""0""},{""frame_id"":""100"",""source_sample_index"":""25698"",""rx_id"":""rx_nao_chest"",""delta_num_paths"":""1"",""delta_delay_spread"":""0.0"",""delta_rx_power_db"":""0.018508132012129863"",""y_path_change"":""1"",""y_path_drop"":""0"",""y_rx_power_drop_0p5db"":""0"",""y_rx_power_drop_1db"":""0"",""y_rx_power_drop_2db"":""0"",""y_delay_spread_increase"":""0"",""y_adaptation_trigger_1db"":""0"",""y_adaptation_trigger_2db"":""0""},{""frame_id"":""100"",""source_sample_index"":""25698"",""rx_id"":""rx_panda_base"",""delta_num_paths"":""0"",""delta_delay_spread"":""0.0"",""delta_rx_power_db"":""-4.2663566546252696e-07"",""y_path_change"":""0"",""y_path_drop"":""0"",""y_rx_power_drop_0p5db"":""0"",""y_rx_power_drop_1db"":""0"",""y_rx_power_drop_2db"":""0"",""y_delay_spread_increase"":""0"",""y_adaptation_trigger_1db"":""0"",""y_adaptation_trigger_2db"":""0""},{""frame_id"":""100"",""source_sample_index"":""25698"",""rx_id"":""rx_ur5_base"",""delta_num_paths"":""-9"",""delta_delay_spread"":""-2.2877396421705498e-08"",""delta_rx_power_db"":""-27.77843320486042"",""y_path_change"":""1"",""y_path_drop"":""1"",""y_rx_power_drop_0p5db"":""1"",""y_rx_power_drop_1db"":""1"",""y_rx_power_drop_2db"":""1"",""y_delay_spread_increase"":""0"",""y_adaptation_trigger_1db"":""1"",""y_adaptation_trigger_2db"":""1""},{""frame_id"":""100"",""source_sample_index"":""25698"",""rx_id"":""rx_x500_body"",""delta_num_paths"":""-1"",""delta_delay_spread"":""0.0"",""delta_rx_power_db"":""-0.0012711672822263154"",""y_path_change"":""1"",""y_path_drop"":""1"",""y_rx_power_drop_0p5db"":""0"",""y_rx_power_drop_1db"":""0"",""y_rx_power_drop_2db"":""0"",""y_delay_spread_increase"":""0"",""y_adaptation_trigger_1db"":""0"",""y_adaptation_trigger_2db"":""0""}]",frame_id,rt_out/experiments/perception_rt_small_v0/frames/instance_registry.json,rt_out/experiments/perception_rt_small_v0/configs/semantic_label_map.json,error,missing required panoptic file: panoptic_labels_rgb_path; missing required panoptic file: semantic_decoded_path; missing required panoptic file: gazebo_instance_count_path; missing optional panoptic file: colored_map_path; missing optional panoptic file: metadata_path
0.1,perception_rt_small_v0,rt_out/experiments/semantic_ablation_actor_200f,10,10,100,100,25698,cam_corner_ne,640,480,1.047,0.1,20.0,4.38989,4.38902,2.76265,-0.018875,0.447306,-2.356294,,,,,,false,false,false,false,false,,false,missing,,,,,,,,6,"rx_panda_base,rx_ur5_base,rx_cerberus_base,rx_nao_chest,rx_human_chest,rx_x500_body",frame_id,"[{""frame_id"":""100"",""source_sample_index"":""25698"",""rx_id"":""rx_panda_base"",""num_paths"":""23"",""tau_min"":""7.579527228074312e-09"",""tau_max"":""6.284866316264015e-08"",""delay_spread"":""5.526913593456584e-08"",""path_gain_sum"":""1.808245286838428e-08"",""path_gain_db"":""-77.42742658210788"",""rx_power_dbm"":""-47.427426582107884"",""sanity_ok"":""True"",""xml_path"":""rt_out/experiments/semantic_ablation_actor_200f/sionna_xml/frame_100_sionna.xml""},{""frame_id"":""100"",""source_sample_index"":""25698"",""rx_id"":""rx_ur5_base"",""num_paths"":""17"",""tau_min"":""2.8585452227503083e-08"",""tau_max"":""5.930293767164585e-08"",""delay_spread"":""3.071748544414277e-08"",""path_gain_sum"":""1.5416482535002274e-09"",""path_gain_db"":""-88.12014704747963"",""rx_power_dbm"":""-58.120147047479634"",""sanity_ok"":""True"",""xml_path"":""rt_out/experiments/semantic_ablation_actor_200f/sionna_xml/frame_100_sionna.xml""},{""frame_id"":""100"",""source_sample_index"":""25698"",""rx_id"":""rx_cerberus_base"",""num_paths"":""18"",""tau_min"":""1.574846919538686e-08"",""tau_max"":""5.723669715962387e-08"",""delay_spread"":""4.148822796423701e-08"",""path_gain_sum"":""3.621421384991663e-08"",""path_gain_db"":""-74.41120938168608"",""rx_power_dbm"":""-44.41120938168608"",""sanity_ok"":""True"",""xml_path"":""rt_out/experiments/semantic_ablation_actor_200f/sionna_xml/frame_100_sionna.xml""},{""frame_id"":""100"",""source_sample_index"":""25698"",""rx_id"":""rx_nao_chest"",""num_paths"":""24"",""tau_min"":""1.0787783999433032e-08"",""tau_max"":""6.209720737615498e-08"",""delay_spread"":""5.130942337672195e-08"",""path_gain_sum"":""7.266184809395781e-08"",""path_gain_db"":""-71.38693560412185"",""rx_power_dbm"":""-41.386935604121845"",""sanity_ok"":""True"",""xml_path"":""rt_out/experiments/semantic_ablation_actor_200f/sionna_xml/frame_100_sionna.xml""},{""frame_id"":""100"",""source_sample_index"":""25698"",""rx_id"":""rx_human_chest"",""num_paths"":""23"",""tau_min"":""6.163341392806387e-09"",""tau_max"":""6.568895827285814e-08"",""delay_spread"":""5.952561688005176e-08"",""path_gain_sum"":""2.2439070335167344e-07"",""path_gain_db"":""-66.48995140137379"",""rx_power_dbm"":""-36.48995140137379"",""sanity_ok"":""True"",""xml_path"":""rt_out/experiments/semantic_ablation_actor_200f/sionna_xml/frame_100_sionna.xml""},{""frame_id"":""100"",""source_sample_index"":""25698"",""rx_id"":""rx_x500_body"",""num_paths"":""22"",""tau_min"":""1.7234324189985273e-08"",""tau_max"":""7.465505547088469e-08"",""delay_spread"":""5.742073128089942e-08"",""path_gain_sum"":""3.371401646745653e-08"",""path_gain_db"":""-74.7218950539226"",""rx_power_dbm"":""-44.721895053922594"",""sanity_ok"":""True"",""xml_path"":""rt_out/experiments/semantic_ablation_actor_200f/sionna_xml/frame_100_sionna.xml""}]",6,"[{""frame_id"":""100"",""source_sample_index"":""25698"",""rx_id"":""rx_cerberus_base"",""delta_num_paths"":""0"",""delta_delay_spread"":""0.0"",""delta_rx_power_db"":""0.0"",""y_path_change"":""0"",""y_path_drop"":""0"",""y_rx_power_drop_0p5db"":""0"",""y_rx_power_drop_1db"":""0"",""y_rx_power_drop_2db"":""0"",""y_delay_spread_increase"":""0"",""y_adaptation_trigger_1db"":""0"",""y_adaptation_trigger_2db"":""0""},{""frame_id"":""100"",""source_sample_index"":""25698"",""rx_id"":""rx_human_chest"",""delta_num_paths"":""0"",""delta_delay_spread"":""0.0"",""delta_rx_power_db"":""-2.750423959696491e-07"",""y_path_change"":""0"",""y_path_drop"":""0"",""y_rx_power_drop_0p5db"":""0"",""y_rx_power_drop_1db"":""0"",""y_rx_power_drop_2db"":""0"",""y_delay_spread_increase"":""0"",""y_adaptation_trigger_1db"":""0"",""y_adaptation_trigger_2db"":""0""},{""frame_id"":""100"",""source_sample_index"":""25698"",""rx_id"":""rx_nao_chest"",""delta_num_paths"":""1"",""delta_delay_spread"":""0.0"",""delta_rx_power_db"":""0.018508132012129863"",""y_path_change"":""1"",""y_path_drop"":""0"",""y_rx_power_drop_0p5db"":""0"",""y_rx_power_drop_1db"":""0"",""y_rx_power_drop_2db"":""0"",""y_delay_spread_increase"":""0"",""y_adaptation_trigger_1db"":""0"",""y_adaptation_trigger_2db"":""0""},{""frame_id"":""100"",""source_sample_index"":""25698"",""rx_id"":""rx_panda_base"",""delta_num_paths"":""0"",""delta_delay_spread"":""0.0"",""delta_rx_power_db"":""-4.2663566546252696e-07"",""y_path_change"":""0"",""y_path_drop"":""0"",""y_rx_power_drop_0p5db"":""0"",""y_rx_power_drop_1db"":""0"",""y_rx_power_drop_2db"":""0"",""y_delay_spread_increase"":""0"",""y_adaptation_trigger_1db"":""0"",""y_adaptation_trigger_2db"":""0""},{""frame_id"":""100"",""source_sample_index"":""25698"",""rx_id"":""rx_ur5_base"",""delta_num_paths"":""-9"",""delta_delay_spread"":""-2.2877396421705498e-08"",""delta_rx_power_db"":""-27.77843320486042"",""y_path_change"":""1"",""y_path_drop"":""1"",""y_rx_power_drop_0p5db"":""1"",""y_rx_power_drop_1db"":""1"",""y_rx_power_drop_2db"":""1"",""y_delay_spread_increase"":""0"",""y_adaptation_trigger_1db"":""1"",""y_adaptation_trigger_2db"":""1""},{""frame_id"":""100"",""source_sample_index"":""25698"",""rx_id"":""rx_x500_body"",""delta_num_paths"":""-1"",""delta_delay_spread"":""0.0"",""delta_rx_power_db"":""-0.0012711672822263154"",""y_path_change"":""1"",""y_path_drop"":""1"",""y_rx_power_drop_0p5db"":""0"",""y_rx_power_drop_1db"":""0"",""y_rx_power_drop_2db"":""0"",""y_delay_spread_increase"":""0"",""y_adaptation_trigger_1db"":""0"",""y_adaptation_trigger_2db"":""0""}]",frame_id,rt_out/experiments/perception_rt_small_v0/frames/instance_registry.json,rt_out/experiments/perception_rt_small_v0/configs/semantic_label_map.json,error,missing required panoptic file: panoptic_labels_rgb_path; missing required panoptic file: semantic_decoded_path; missing required panoptic file: gazebo_instance_count_path; missing optional panoptic file: colored_map_path; missing optional panoptic file: metadata_path
0.1,perception_rt_small_v0,rt_out/experiments/semantic_ablation_actor_200f,10,10,100,100,25698,cam_corner_sw,640,480,1.047,0.1,20.0,-4.2766,-4.27322,2.72007,-0.014193,0.518246,0.774445,,,,,,false,false,false,false,false,,false,missing,,,,,,,,6,"rx_panda_base,rx_ur5_base,rx_cerberus_base,rx_nao_chest,rx_human_chest,rx_x500_body",frame_id,"[{""frame_id"":""100"",""source_sample_index"":""25698"",""rx_id"":""rx_panda_base"",""num_paths"":""23"",""tau_min"":""7.579527228074312e-09"",""tau_max"":""6.284866316264015e-08"",""delay_spread"":""5.526913593456584e-08"",""path_gain_sum"":""1.808245286838428e-08"",""path_gain_db"":""-77.42742658210788"",""rx_power_dbm"":""-47.427426582107884"",""sanity_ok"":""True"",""xml_path"":""rt_out/experiments/semantic_ablation_actor_200f/sionna_xml/frame_100_sionna.xml""},{""frame_id"":""100"",""source_sample_index"":""25698"",""rx_id"":""rx_ur5_base"",""num_paths"":""17"",""tau_min"":""2.8585452227503083e-08"",""tau_max"":""5.930293767164585e-08"",""delay_spread"":""3.071748544414277e-08"",""path_gain_sum"":""1.5416482535002274e-09"",""path_gain_db"":""-88.12014704747963"",""rx_power_dbm"":""-58.120147047479634"",""sanity_ok"":""True"",""xml_path"":""rt_out/experiments/semantic_ablation_actor_200f/sionna_xml/frame_100_sionna.xml""},{""frame_id"":""100"",""source_sample_index"":""25698"",""rx_id"":""rx_cerberus_base"",""num_paths"":""18"",""tau_min"":""1.574846919538686e-08"",""tau_max"":""5.723669715962387e-08"",""delay_spread"":""4.148822796423701e-08"",""path_gain_sum"":""3.621421384991663e-08"",""path_gain_db"":""-74.41120938168608"",""rx_power_dbm"":""-44.41120938168608"",""sanity_ok"":""True"",""xml_path"":""rt_out/experiments/semantic_ablation_actor_200f/sionna_xml/frame_100_sionna.xml""},{""frame_id"":""100"",""source_sample_index"":""25698"",""rx_id"":""rx_nao_chest"",""num_paths"":""24"",""tau_min"":""1.0787783999433032e-08"",""tau_max"":""6.209720737615498e-08"",""delay_spread"":""5.130942337672195e-08"",""path_gain_sum"":""7.266184809395781e-08"",""path_gain_db"":""-71.38693560412185"",""rx_power_dbm"":""-41.386935604121845"",""sanity_ok"":""True"",""xml_path"":""rt_out/experiments/semantic_ablation_actor_200f/sionna_xml/frame_100_sionna.xml""},{""frame_id"":""100"",""source_sample_index"":""25698"",""rx_id"":""rx_human_chest"",""num_paths"":""23"",""tau_min"":""6.163341392806387e-09"",""tau_max"":""6.568895827285814e-08"",""delay_spread"":""5.952561688005176e-08"",""path_gain_sum"":""2.2439070335167344e-07"",""path_gain_db"":""-66.48995140137379"",""rx_power_dbm"":""-36.48995140137379"",""sanity_ok"":""True"",""xml_path"":""rt_out/experiments/semantic_ablation_actor_200f/sionna_xml/frame_100_sionna.xml""},{""frame_id"":""100"",""source_sample_index"":""25698"",""rx_id"":""rx_x500_body"",""num_paths"":""22"",""tau_min"":""1.7234324189985273e-08"",""tau_max"":""7.465505547088469e-08"",""delay_spread"":""5.742073128089942e-08"",""path_gain_sum"":""3.371401646745653e-08"",""path_gain_db"":""-74.7218950539226"",""rx_power_dbm"":""-44.721895053922594"",""sanity_ok"":""True"",""xml_path"":""rt_out/experiments/semantic_ablation_actor_200f/sionna_xml/frame_100_sionna.xml""}]",6,"[{""frame_id"":""100"",""source_sample_index"":""25698"",""rx_id"":""rx_cerberus_base"",""delta_num_paths"":""0"",""delta_delay_spread"":""0.0"",""delta_rx_power_db"":""0.0"",""y_path_change"":""0"",""y_path_drop"":""0"",""y_rx_power_drop_0p5db"":""0"",""y_rx_power_drop_1db"":""0"",""y_rx_power_drop_2db"":""0"",""y_delay_spread_increase"":""0"",""y_adaptation_trigger_1db"":""0"",""y_adaptation_trigger_2db"":""0""},{""frame_id"":""100"",""source_sample_index"":""25698"",""rx_id"":""rx_human_chest"",""delta_num_paths"":""0"",""delta_delay_spread"":""0.0"",""delta_rx_power_db"":""-2.750423959696491e-07"",""y_path_change"":""0"",""y_path_drop"":""0"",""y_rx_power_drop_0p5db"":""0"",""y_rx_power_drop_1db"":""0"",""y_rx_power_drop_2db"":""0"",""y_delay_spread_increase"":""0"",""y_adaptation_trigger_1db"":""0"",""y_adaptation_trigger_2db"":""0""},{""frame_id"":""100"",""source_sample_index"":""25698"",""rx_id"":""rx_nao_chest"",""delta_num_paths"":""1"",""delta_delay_spread"":""0.0"",""delta_rx_power_db"":""0.018508132012129863"",""y_path_change"":""1"",""y_path_drop"":""0"",""y_rx_power_drop_0p5db"":""0"",""y_rx_power_drop_1db"":""0"",""y_rx_power_drop_2db"":""0"",""y_delay_spread_increase"":""0"",""y_adaptation_trigger_1db"":""0"",""y_adaptation_trigger_2db"":""0""},{""frame_id"":""100"",""source_sample_index"":""25698"",""rx_id"":""rx_panda_base"",""delta_num_paths"":""0"",""delta_delay_spread"":""0.0"",""delta_rx_power_db"":""-4.2663566546252696e-07"",""y_path_change"":""0"",""y_path_drop"":""0"",""y_rx_power_drop_0p5db"":""0"",""y_rx_power_drop_1db"":""0"",""y_rx_power_drop_2db"":""0"",""y_delay_spread_increase"":""0"",""y_adaptation_trigger_1db"":""0"",""y_adaptation_trigger_2db"":""0""},{""frame_id"":""100"",""source_sample_index"":""25698"",""rx_id"":""rx_ur5_base"",""delta_num_paths"":""-9"",""delta_delay_spread"":""-2.2877396421705498e-08"",""delta_rx_power_db"":""-27.77843320486042"",""y_path_change"":""1"",""y_path_drop"":""1"",""y_rx_power_drop_0p5db"":""1"",""y_rx_power_drop_1db"":""1"",""y_rx_power_drop_2db"":""1"",""y_delay_spread_increase"":""0"",""y_adaptation_trigger_1db"":""1"",""y_adaptation_trigger_2db"":""1""},{""frame_id"":""100"",""source_sample_index"":""25698"",""rx_id"":""rx_x500_body"",""delta_num_paths"":""-1"",""delta_delay_spread"":""0.0"",""delta_rx_power_db"":""-0.0012711672822263154"",""y_path_change"":""1"",""y_path_drop"":""1"",""y_rx_power_drop_0p5db"":""0"",""y_rx_power_drop_1db"":""0"",""y_rx_power_drop_2db"":""0"",""y_delay_spread_increase"":""0"",""y_adaptation_trigger_1db"":""0"",""y_adaptation_trigger_2db"":""0""}]",frame_id,rt_out/experiments/perception_rt_small_v0/frames/instance_registry.json,rt_out/experiments/perception_rt_small_v0/configs/semantic_label_map.json,error,missing required panoptic file: panoptic_labels_rgb_path; missing required panoptic file: semantic_decoded_path; missing required panoptic file: gazebo_instance_count_path; missing optional panoptic file: colored_map_path; missing optional panoptic file: metadata_path
0.1,perception_rt_small_v0,rt_out/experiments/semantic_ablation_actor_200f,10,10,100,100,25698,cam_corner_se,640,480,1.047,0.1,20.0,4.44776,-4.40805,2.80523,-0.023556,0.376367,2.408296,,,,,,false,false,false,false,false,,false,missing,,,,,,,,6,"rx_panda_base,rx_ur5_base,rx_cerberus_base,rx_nao_chest,rx_human_chest,rx_x500_body",frame_id,"[{""frame_id"":""100"",""source_sample_index"":""25698"",""rx_id"":""rx_panda_base"",""num_paths"":""23"",""tau_min"":""7.579527228074312e-09"",""tau_max"":""6.284866316264015e-08"",""delay_spread"":""5.526913593456584e-08"",""path_gain_sum"":""1.808245286838428e-08"",""path_gain_db"":""-77.42742658210788"",""rx_power_dbm"":""-47.427426582107884"",""sanity_ok"":""True"",""xml_path"":""rt_out/experiments/semantic_ablation_actor_200f/sionna_xml/frame_100_sionna.xml""},{""frame_id"":""100"",""source_sample_index"":""25698"",""rx_id"":""rx_ur5_base"",""num_paths"":""17"",""tau_min"":""2.8585452227503083e-08"",""tau_max"":""5.930293767164585e-08"",""delay_spread"":""3.071748544414277e-08"",""path_gain_sum"":""1.5416482535002274e-09"",""path_gain_db"":""-88.12014704747963"",""rx_power_dbm"":""-58.120147047479634"",""sanity_ok"":""True"",""xml_path"":""rt_out/experiments/semantic_ablation_actor_200f/sionna_xml/frame_100_sionna.xml""},{""frame_id"":""100"",""source_sample_index"":""25698"",""rx_id"":""rx_cerberus_base"",""num_paths"":""18"",""tau_min"":""1.574846919538686e-08"",""tau_max"":""5.723669715962387e-08"",""delay_spread"":""4.148822796423701e-08"",""path_gain_sum"":""3.621421384991663e-08"",""path_gain_db"":""-74.41120938168608"",""rx_power_dbm"":""-44.41120938168608"",""sanity_ok"":""True"",""xml_path"":""rt_out/experiments/semantic_ablation_actor_200f/sionna_xml/frame_100_sionna.xml""},{""frame_id"":""100"",""source_sample_index"":""25698"",""rx_id"":""rx_nao_chest"",""num_paths"":""24"",""tau_min"":""1.0787783999433032e-08"",""tau_max"":""6.209720737615498e-08"",""delay_spread"":""5.130942337672195e-08"",""path_gain_sum"":""7.266184809395781e-08"",""path_gain_db"":""-71.38693560412185"",""rx_power_dbm"":""-41.386935604121845"",""sanity_ok"":""True"",""xml_path"":""rt_out/experiments/semantic_ablation_actor_200f/sionna_xml/frame_100_sionna.xml""},{""frame_id"":""100"",""source_sample_index"":""25698"",""rx_id"":""rx_human_chest"",""num_paths"":""23"",""tau_min"":""6.163341392806387e-09"",""tau_max"":""6.568895827285814e-08"",""delay_spread"":""5.952561688005176e-08"",""path_gain_sum"":""2.2439070335167344e-07"",""path_gain_db"":""-66.48995140137379"",""rx_power_dbm"":""-36.48995140137379"",""sanity_ok"":""True"",""xml_path"":""rt_out/experiments/semantic_ablation_actor_200f/sionna_xml/frame_100_sionna.xml""},{""frame_id"":""100"",""source_sample_index"":""25698"",""rx_id"":""rx_x500_body"",""num_paths"":""22"",""tau_min"":""1.7234324189985273e-08"",""tau_max"":""7.465505547088469e-08"",""delay_spread"":""5.742073128089942e-08"",""path_gain_sum"":""3.371401646745653e-08"",""path_gain_db"":""-74.7218950539226"",""rx_power_dbm"":""-44.721895053922594"",""sanity_ok"":""True"",""xml_path"":""rt_out/experiments/semantic_ablation_actor_200f/sionna_xml/frame_100_sionna.xml""}]",6,"[{""frame_id"":""100"",""source_sample_index"":""25698"",""rx_id"":""rx_cerberus_base"",""delta_num_paths"":""0"",""delta_delay_spread"":""0.0"",""delta_rx_power_db"":""0.0"",""y_path_change"":""0"",""y_path_drop"":""0"",""y_rx_power_drop_0p5db"":""0"",""y_rx_power_drop_1db"":""0"",""y_rx_power_drop_2db"":""0"",""y_delay_spread_increase"":""0"",""y_adaptation_trigger_1db"":""0"",""y_adaptation_trigger_2db"":""0""},{""frame_id"":""100"",""source_sample_index"":""25698"",""rx_id"":""rx_human_chest"",""delta_num_paths"":""0"",""delta_delay_spread"":""0.0"",""delta_rx_power_db"":""-2.750423959696491e-07"",""y_path_change"":""0"",""y_path_drop"":""0"",""y_rx_power_drop_0p5db"":""0"",""y_rx_power_drop_1db"":""0"",""y_rx_power_drop_2db"":""0"",""y_delay_spread_increase"":""0"",""y_adaptation_trigger_1db"":""0"",""y_adaptation_trigger_2db"":""0""},{""frame_id"":""100"",""source_sample_index"":""25698"",""rx_id"":""rx_nao_chest"",""delta_num_paths"":""1"",""delta_delay_spread"":""0.0"",""delta_rx_power_db"":""0.018508132012129863"",""y_path_change"":""1"",""y_path_drop"":""0"",""y_rx_power_drop_0p5db"":""0"",""y_rx_power_drop_1db"":""0"",""y_rx_power_drop_2db"":""0"",""y_delay_spread_increase"":""0"",""y_adaptation_trigger_1db"":""0"",""y_adaptation_trigger_2db"":""0""},{""frame_id"":""100"",""source_sample_index"":""25698"",""rx_id"":""rx_panda_base"",""delta_num_paths"":""0"",""delta_delay_spread"":""0.0"",""delta_rx_power_db"":""-4.2663566546252696e-07"",""y_path_change"":""0"",""y_path_drop"":""0"",""y_rx_power_drop_0p5db"":""0"",""y_rx_power_drop_1db"":""0"",""y_rx_power_drop_2db"":""0"",""y_delay_spread_increase"":""0"",""y_adaptation_trigger_1db"":""0"",""y_adaptation_trigger_2db"":""0""},{""frame_id"":""100"",""source_sample_index"":""25698"",""rx_id"":""rx_ur5_base"",""delta_num_paths"":""-9"",""delta_delay_spread"":""-2.2877396421705498e-08"",""delta_rx_power_db"":""-27.77843320486042"",""y_path_change"":""1"",""y_path_drop"":""1"",""y_rx_power_drop_0p5db"":""1"",""y_rx_power_drop_1db"":""1"",""y_rx_power_drop_2db"":""1"",""y_delay_spread_increase"":""0"",""y_adaptation_trigger_1db"":""1"",""y_adaptation_trigger_2db"":""1""},{""frame_id"":""100"",""source_sample_index"":""25698"",""rx_id"":""rx_x500_body"",""delta_num_paths"":""-1"",""delta_delay_spread"":""0.0"",""delta_rx_power_db"":""-0.0012711672822263154"",""y_path_change"":""1"",""y_path_drop"":""1"",""y_rx_power_drop_0p5db"":""0"",""y_rx_power_drop_1db"":""0"",""y_rx_power_drop_2db"":""0"",""y_delay_spread_increase"":""0"",""y_adaptation_trigger_1db"":""0"",""y_adaptation_trigger_2db"":""0""}]",frame_id,rt_out/experiments/perception_rt_small_v0/frames/instance_registry.json,rt_out/experiments/perception_rt_small_v0/configs/semantic_label_map.json,error,missing required panoptic file: panoptic_labels_rgb_path; missing required panoptic file: semantic_decoded_path; missing required panoptic file: gazebo_instance_count_path; missing optional panoptic file: colored_map_path; missing optional panoptic file: metadata_path
0.1,perception_rt_small_v0,rt_out/experiments/semantic_ablation_actor_200f,10,10,100,100,25698,cam_wall_north,640,480,1.047,0.1,20.0,0.221087,4.38902,2.71504,-0.0,0.562591,-1.5708,,,,,,false,false,false,false,false,,false,missing,,,,,,,,6,"rx_panda_base,rx_ur5_base,rx_cerberus_base,rx_nao_chest,rx_human_chest,rx_x500_body",frame_id,"[{""frame_id"":""100"",""source_sample_index"":""25698"",""rx_id"":""rx_panda_base"",""num_paths"":""23"",""tau_min"":""7.579527228074312e-09"",""tau_max"":""6.284866316264015e-08"",""delay_spread"":""5.526913593456584e-08"",""path_gain_sum"":""1.808245286838428e-08"",""path_gain_db"":""-77.42742658210788"",""rx_power_dbm"":""-47.427426582107884"",""sanity_ok"":""True"",""xml_path"":""rt_out/experiments/semantic_ablation_actor_200f/sionna_xml/frame_100_sionna.xml""},{""frame_id"":""100"",""source_sample_index"":""25698"",""rx_id"":""rx_ur5_base"",""num_paths"":""17"",""tau_min"":""2.8585452227503083e-08"",""tau_max"":""5.930293767164585e-08"",""delay_spread"":""3.071748544414277e-08"",""path_gain_sum"":""1.5416482535002274e-09"",""path_gain_db"":""-88.12014704747963"",""rx_power_dbm"":""-58.120147047479634"",""sanity_ok"":""True"",""xml_path"":""rt_out/experiments/semantic_ablation_actor_200f/sionna_xml/frame_100_sionna.xml""},{""frame_id"":""100"",""source_sample_index"":""25698"",""rx_id"":""rx_cerberus_base"",""num_paths"":""18"",""tau_min"":""1.574846919538686e-08"",""tau_max"":""5.723669715962387e-08"",""delay_spread"":""4.148822796423701e-08"",""path_gain_sum"":""3.621421384991663e-08"",""path_gain_db"":""-74.41120938168608"",""rx_power_dbm"":""-44.41120938168608"",""sanity_ok"":""True"",""xml_path"":""rt_out/experiments/semantic_ablation_actor_200f/sionna_xml/frame_100_sionna.xml""},{""frame_id"":""100"",""source_sample_index"":""25698"",""rx_id"":""rx_nao_chest"",""num_paths"":""24"",""tau_min"":""1.0787783999433032e-08"",""tau_max"":""6.209720737615498e-08"",""delay_spread"":""5.130942337672195e-08"",""path_gain_sum"":""7.266184809395781e-08"",""path_gain_db"":""-71.38693560412185"",""rx_power_dbm"":""-41.386935604121845"",""sanity_ok"":""True"",""xml_path"":""rt_out/experiments/semantic_ablation_actor_200f/sionna_xml/frame_100_sionna.xml""},{""frame_id"":""100"",""source_sample_index"":""25698"",""rx_id"":""rx_human_chest"",""num_paths"":""23"",""tau_min"":""6.163341392806387e-09"",""tau_max"":""6.568895827285814e-08"",""delay_spread"":""5.952561688005176e-08"",""path_gain_sum"":""2.2439070335167344e-07"",""path_gain_db"":""-66.48995140137379"",""rx_power_dbm"":""-36.48995140137379"",""sanity_ok"":""True"",""xml_path"":""rt_out/experiments/semantic_ablation_actor_200f/sionna_xml/frame_100_sionna.xml""},{""frame_id"":""100"",""source_sample_index"":""25698"",""rx_id"":""rx_x500_body"",""num_paths"":""22"",""tau_min"":""1.7234324189985273e-08"",""tau_max"":""7.465505547088469e-08"",""delay_spread"":""5.742073128089942e-08"",""path_gain_sum"":""3.371401646745653e-08"",""path_gain_db"":""-74.7218950539226"",""rx_power_dbm"":""-44.721895053922594"",""sanity_ok"":""True"",""xml_path"":""rt_out/experiments/semantic_ablation_actor_200f/sionna_xml/frame_100_sionna.xml""}]",6,"[{""frame_id"":""100"",""source_sample_index"":""25698"",""rx_id"":""rx_cerberus_base"",""delta_num_paths"":""0"",""delta_delay_spread"":""0.0"",""delta_rx_power_db"":""0.0"",""y_path_change"":""0"",""y_path_drop"":""0"",""y_rx_power_drop_0p5db"":""0"",""y_rx_power_drop_1db"":""0"",""y_rx_power_drop_2db"":""0"",""y_delay_spread_increase"":""0"",""y_adaptation_trigger_1db"":""0"",""y_adaptation_trigger_2db"":""0""},{""frame_id"":""100"",""source_sample_index"":""25698"",""rx_id"":""rx_human_chest"",""delta_num_paths"":""0"",""delta_delay_spread"":""0.0"",""delta_rx_power_db"":""-2.750423959696491e-07"",""y_path_change"":""0"",""y_path_drop"":""0"",""y_rx_power_drop_0p5db"":""0"",""y_rx_power_drop_1db"":""0"",""y_rx_power_drop_2db"":""0"",""y_delay_spread_increase"":""0"",""y_adaptation_trigger_1db"":""0"",""y_adaptation_trigger_2db"":""0""},{""frame_id"":""100"",""source_sample_index"":""25698"",""rx_id"":""rx_nao_chest"",""delta_num_paths"":""1"",""delta_delay_spread"":""0.0"",""delta_rx_power_db"":""0.018508132012129863"",""y_path_change"":""1"",""y_path_drop"":""0"",""y_rx_power_drop_0p5db"":""0"",""y_rx_power_drop_1db"":""0"",""y_rx_power_drop_2db"":""0"",""y_delay_spread_increase"":""0"",""y_adaptation_trigger_1db"":""0"",""y_adaptation_trigger_2db"":""0""},{""frame_id"":""100"",""source_sample_index"":""25698"",""rx_id"":""rx_panda_base"",""delta_num_paths"":""0"",""delta_delay_spread"":""0.0"",""delta_rx_power_db"":""-4.2663566546252696e-07"",""y_path_change"":""0"",""y_path_drop"":""0"",""y_rx_power_drop_0p5db"":""0"",""y_rx_power_drop_1db"":""0"",""y_rx_power_drop_2db"":""0"",""y_delay_spread_increase"":""0"",""y_adaptation_trigger_1db"":""0"",""y_adaptation_trigger_2db"":""0""},{""frame_id"":""100"",""source_sample_index"":""25698"",""rx_id"":""rx_ur5_base"",""delta_num_paths"":""-9"",""delta_delay_spread"":""-2.2877396421705498e-08"",""delta_rx_power_db"":""-27.77843320486042"",""y_path_change"":""1"",""y_path_drop"":""1"",""y_rx_power_drop_0p5db"":""1"",""y_rx_power_drop_1db"":""1"",""y_rx_power_drop_2db"":""1"",""y_delay_spread_increase"":""0"",""y_adaptation_trigger_1db"":""1"",""y_adaptation_trigger_2db"":""1""},{""frame_id"":""100"",""source_sample_index"":""25698"",""rx_id"":""rx_x500_body"",""delta_num_paths"":""-1"",""delta_delay_spread"":""0.0"",""delta_rx_power_db"":""-0.0012711672822263154"",""y_path_change"":""1"",""y_path_drop"":""1"",""y_rx_power_drop_0p5db"":""0"",""y_rx_power_drop_1db"":""0"",""y_rx_power_drop_2db"":""0"",""y_delay_spread_increase"":""0"",""y_adaptation_trigger_1db"":""0"",""y_adaptation_trigger_2db"":""0""}]",frame_id,rt_out/experiments/perception_rt_small_v0/frames/instance_registry.json,rt_out/experiments/perception_rt_small_v0/configs/semantic_label_map.json,error,missing required panoptic file: panoptic_labels_rgb_path; missing required panoptic file: semantic_decoded_path; missing required panoptic file: gazebo_instance_count_path; missing optional panoptic file: colored_map_path; missing optional panoptic file: metadata_path
0.1,perception_rt_small_v0,rt_out/experiments/semantic_ablation_actor_200f,10,10,100,100,25698,cam_wall_south,640,480,1.047,0.1,20.0,0.221056,-4.22159,2.7964,0.000426,0.271157,1.577903,,,,,,false,false,false,false,false,,false,missing,,,,,,,,6,"rx_panda_base,rx_ur5_base,rx_cerberus_base,rx_nao_chest,rx_human_chest,rx_x500_body",frame_id,"[{""frame_id"":""100"",""source_sample_index"":""25698"",""rx_id"":""rx_panda_base"",""num_paths"":""23"",""tau_min"":""7.579527228074312e-09"",""tau_max"":""6.284866316264015e-08"",""delay_spread"":""5.526913593456584e-08"",""path_gain_sum"":""1.808245286838428e-08"",""path_gain_db"":""-77.42742658210788"",""rx_power_dbm"":""-47.427426582107884"",""sanity_ok"":""True"",""xml_path"":""rt_out/experiments/semantic_ablation_actor_200f/sionna_xml/frame_100_sionna.xml""},{""frame_id"":""100"",""source_sample_index"":""25698"",""rx_id"":""rx_ur5_base"",""num_paths"":""17"",""tau_min"":""2.8585452227503083e-08"",""tau_max"":""5.930293767164585e-08"",""delay_spread"":""3.071748544414277e-08"",""path_gain_sum"":""1.5416482535002274e-09"",""path_gain_db"":""-88.12014704747963"",""rx_power_dbm"":""-58.120147047479634"",""sanity_ok"":""True"",""xml_path"":""rt_out/experiments/semantic_ablation_actor_200f/sionna_xml/frame_100_sionna.xml""},{""frame_id"":""100"",""source_sample_index"":""25698"",""rx_id"":""rx_cerberus_base"",""num_paths"":""18"",""tau_min"":""1.574846919538686e-08"",""tau_max"":""5.723669715962387e-08"",""delay_spread"":""4.148822796423701e-08"",""path_gain_sum"":""3.621421384991663e-08"",""path_gain_db"":""-74.41120938168608"",""rx_power_dbm"":""-44.41120938168608"",""sanity_ok"":""True"",""xml_path"":""rt_out/experiments/semantic_ablation_actor_200f/sionna_xml/frame_100_sionna.xml""},{""frame_id"":""100"",""source_sample_index"":""25698"",""rx_id"":""rx_nao_chest"",""num_paths"":""24"",""tau_min"":""1.0787783999433032e-08"",""tau_max"":""6.209720737615498e-08"",""delay_spread"":""5.130942337672195e-08"",""path_gain_sum"":""7.266184809395781e-08"",""path_gain_db"":""-71.38693560412185"",""rx_power_dbm"":""-41.386935604121845"",""sanity_ok"":""True"",""xml_path"":""rt_out/experiments/semantic_ablation_actor_200f/sionna_xml/frame_100_sionna.xml""},{""frame_id"":""100"",""source_sample_index"":""25698"",""rx_id"":""rx_human_chest"",""num_paths"":""23"",""tau_min"":""6.163341392806387e-09"",""tau_max"":""6.568895827285814e-08"",""delay_spread"":""5.952561688005176e-08"",""path_gain_sum"":""2.2439070335167344e-07"",""path_gain_db"":""-66.48995140137379"",""rx_power_dbm"":""-36.48995140137379"",""sanity_ok"":""True"",""xml_path"":""rt_out/experiments/semantic_ablation_actor_200f/sionna_xml/frame_100_sionna.xml""},{""frame_id"":""100"",""source_sample_index"":""25698"",""rx_id"":""rx_x500_body"",""num_paths"":""22"",""tau_min"":""1.7234324189985273e-08"",""tau_max"":""7.465505547088469e-08"",""delay_spread"":""5.742073128089942e-08"",""path_gain_sum"":""3.371401646745653e-08"",""path_gain_db"":""-74.7218950539226"",""rx_power_dbm"":""-44.721895053922594"",""sanity_ok"":""True"",""xml_path"":""rt_out/experiments/semantic_ablation_actor_200f/sionna_xml/frame_100_sionna.xml""}]",6,"[{""frame_id"":""100"",""source_sample_index"":""25698"",""rx_id"":""rx_cerberus_base"",""delta_num_paths"":""0"",""delta_delay_spread"":""0.0"",""delta_rx_power_db"":""0.0"",""y_path_change"":""0"",""y_path_drop"":""0"",""y_rx_power_drop_0p5db"":""0"",""y_rx_power_drop_1db"":""0"",""y_rx_power_drop_2db"":""0"",""y_delay_spread_increase"":""0"",""y_adaptation_trigger_1db"":""0"",""y_adaptation_trigger_2db"":""0""},{""frame_id"":""100"",""source_sample_index"":""25698"",""rx_id"":""rx_human_chest"",""delta_num_paths"":""0"",""delta_delay_spread"":""0.0"",""delta_rx_power_db"":""-2.750423959696491e-07"",""y_path_change"":""0"",""y_path_drop"":""0"",""y_rx_power_drop_0p5db"":""0"",""y_rx_power_drop_1db"":""0"",""y_rx_power_drop_2db"":""0"",""y_delay_spread_increase"":""0"",""y_adaptation_trigger_1db"":""0"",""y_adaptation_trigger_2db"":""0""},{""frame_id"":""100"",""source_sample_index"":""25698"",""rx_id"":""rx_nao_chest"",""delta_num_paths"":""1"",""delta_delay_spread"":""0.0"",""delta_rx_power_db"":""0.018508132012129863"",""y_path_change"":""1"",""y_path_drop"":""0"",""y_rx_power_drop_0p5db"":""0"",""y_rx_power_drop_1db"":""0"",""y_rx_power_drop_2db"":""0"",""y_delay_spread_increase"":""0"",""y_adaptation_trigger_1db"":""0"",""y_adaptation_trigger_2db"":""0""},{""frame_id"":""100"",""source_sample_index"":""25698"",""rx_id"":""rx_panda_base"",""delta_num_paths"":""0"",""delta_delay_spread"":""0.0"",""delta_rx_power_db"":""-4.2663566546252696e-07"",""y_path_change"":""0"",""y_path_drop"":""0"",""y_rx_power_drop_0p5db"":""0"",""y_rx_power_drop_1db"":""0"",""y_rx_power_drop_2db"":""0"",""y_delay_spread_increase"":""0"",""y_adaptation_trigger_1db"":""0"",""y_adaptation_trigger_2db"":""0""},{""frame_id"":""100"",""source_sample_index"":""25698"",""rx_id"":""rx_ur5_base"",""delta_num_paths"":""-9"",""delta_delay_spread"":""-2.2877396421705498e-08"",""delta_rx_power_db"":""-27.77843320486042"",""y_path_change"":""1"",""y_path_drop"":""1"",""y_rx_power_drop_0p5db"":""1"",""y_rx_power_drop_1db"":""1"",""y_rx_power_drop_2db"":""1"",""y_delay_spread_increase"":""0"",""y_adaptation_trigger_1db"":""1"",""y_adaptation_trigger_2db"":""1""},{""frame_id"":""100"",""source_sample_index"":""25698"",""rx_id"":""rx_x500_body"",""delta_num_paths"":""-1"",""delta_delay_spread"":""0.0"",""delta_rx_power_db"":""-0.0012711672822263154"",""y_path_change"":""1"",""y_path_drop"":""1"",""y_rx_power_drop_0p5db"":""0"",""y_rx_power_drop_1db"":""0"",""y_rx_power_drop_2db"":""0"",""y_delay_spread_increase"":""0"",""y_adaptation_trigger_1db"":""0"",""y_adaptation_trigger_2db"":""0""}]",frame_id,rt_out/experiments/perception_rt_small_v0/frames/instance_registry.json,rt_out/experiments/perception_rt_small_v0/configs/semantic_label_map.json,error,missing required panoptic file: panoptic_labels_rgb_path; missing required panoptic file: semantic_decoded_path; missing required panoptic file: gazebo_instance_count_path; missing optional panoptic file: colored_map_path; missing optional panoptic file: metadata_path
0.1,perception_rt_small_v0,rt_out/experiments/semantic_ablation_actor_200f,10,10,100,100,25698,cam_wall_east,640,480,1.047,0.1,20.0,4.38989,-0.157588,2.81304,-0.047579,0.393096,3.098594,,,,,,false,false,false,false,false,,false,missing,,,,,,,,6,"rx_panda_base,rx_ur5_base,rx_cerberus_base,rx_nao_chest,rx_human_chest,rx_x500_body",frame_id,"[{""frame_id"":""100"",""source_sample_index"":""25698"",""rx_id"":""rx_panda_base"",""num_paths"":""23"",""tau_min"":""7.579527228074312e-09"",""tau_max"":""6.284866316264015e-08"",""delay_spread"":""5.526913593456584e-08"",""path_gain_sum"":""1.808245286838428e-08"",""path_gain_db"":""-77.42742658210788"",""rx_power_dbm"":""-47.427426582107884"",""sanity_ok"":""True"",""xml_path"":""rt_out/experiments/semantic_ablation_actor_200f/sionna_xml/frame_100_sionna.xml""},{""frame_id"":""100"",""source_sample_index"":""25698"",""rx_id"":""rx_ur5_base"",""num_paths"":""17"",""tau_min"":""2.8585452227503083e-08"",""tau_max"":""5.930293767164585e-08"",""delay_spread"":""3.071748544414277e-08"",""path_gain_sum"":""1.5416482535002274e-09"",""path_gain_db"":""-88.12014704747963"",""rx_power_dbm"":""-58.120147047479634"",""sanity_ok"":""True"",""xml_path"":""rt_out/experiments/semantic_ablation_actor_200f/sionna_xml/frame_100_sionna.xml""},{""frame_id"":""100"",""source_sample_index"":""25698"",""rx_id"":""rx_cerberus_base"",""num_paths"":""18"",""tau_min"":""1.574846919538686e-08"",""tau_max"":""5.723669715962387e-08"",""delay_spread"":""4.148822796423701e-08"",""path_gain_sum"":""3.621421384991663e-08"",""path_gain_db"":""-74.41120938168608"",""rx_power_dbm"":""-44.41120938168608"",""sanity_ok"":""True"",""xml_path"":""rt_out/experiments/semantic_ablation_actor_200f/sionna_xml/frame_100_sionna.xml""},{""frame_id"":""100"",""source_sample_index"":""25698"",""rx_id"":""rx_nao_chest"",""num_paths"":""24"",""tau_min"":""1.0787783999433032e-08"",""tau_max"":""6.209720737615498e-08"",""delay_spread"":""5.130942337672195e-08"",""path_gain_sum"":""7.266184809395781e-08"",""path_gain_db"":""-71.38693560412185"",""rx_power_dbm"":""-41.386935604121845"",""sanity_ok"":""True"",""xml_path"":""rt_out/experiments/semantic_ablation_actor_200f/sionna_xml/frame_100_sionna.xml""},{""frame_id"":""100"",""source_sample_index"":""25698"",""rx_id"":""rx_human_chest"",""num_paths"":""23"",""tau_min"":""6.163341392806387e-09"",""tau_max"":""6.568895827285814e-08"",""delay_spread"":""5.952561688005176e-08"",""path_gain_sum"":""2.2439070335167344e-07"",""path_gain_db"":""-66.48995140137379"",""rx_power_dbm"":""-36.48995140137379"",""sanity_ok"":""True"",""xml_path"":""rt_out/experiments/semantic_ablation_actor_200f/sionna_xml/frame_100_sionna.xml""},{""frame_id"":""100"",""source_sample_index"":""25698"",""rx_id"":""rx_x500_body"",""num_paths"":""22"",""tau_min"":""1.7234324189985273e-08"",""tau_max"":""7.465505547088469e-08"",""delay_spread"":""5.742073128089942e-08"",""path_gain_sum"":""3.371401646745653e-08"",""path_gain_db"":""-74.7218950539226"",""rx_power_dbm"":""-44.721895053922594"",""sanity_ok"":""True"",""xml_path"":""rt_out/experiments/semantic_ablation_actor_200f/sionna_xml/frame_100_sionna.xml""}]",6,"[{""frame_id"":""100"",""source_sample_index"":""25698"",""rx_id"":""rx_cerberus_base"",""delta_num_paths"":""0"",""delta_delay_spread"":""0.0"",""delta_rx_power_db"":""0.0"",""y_path_change"":""0"",""y_path_drop"":""0"",""y_rx_power_drop_0p5db"":""0"",""y_rx_power_drop_1db"":""0"",""y_rx_power_drop_2db"":""0"",""y_delay_spread_increase"":""0"",""y_adaptation_trigger_1db"":""0"",""y_adaptation_trigger_2db"":""0""},{""frame_id"":""100"",""source_sample_index"":""25698"",""rx_id"":""rx_human_chest"",""delta_num_paths"":""0"",""delta_delay_spread"":""0.0"",""delta_rx_power_db"":""-2.750423959696491e-07"",""y_path_change"":""0"",""y_path_drop"":""0"",""y_rx_power_drop_0p5db"":""0"",""y_rx_power_drop_1db"":""0"",""y_rx_power_drop_2db"":""0"",""y_delay_spread_increase"":""0"",""y_adaptation_trigger_1db"":""0"",""y_adaptation_trigger_2db"":""0""},{""frame_id"":""100"",""source_sample_index"":""25698"",""rx_id"":""rx_nao_chest"",""delta_num_paths"":""1"",""delta_delay_spread"":""0.0"",""delta_rx_power_db"":""0.018508132012129863"",""y_path_change"":""1"",""y_path_drop"":""0"",""y_rx_power_drop_0p5db"":""0"",""y_rx_power_drop_1db"":""0"",""y_rx_power_drop_2db"":""0"",""y_delay_spread_increase"":""0"",""y_adaptation_trigger_1db"":""0"",""y_adaptation_trigger_2db"":""0""},{""frame_id"":""100"",""source_sample_index"":""25698"",""rx_id"":""rx_panda_base"",""delta_num_paths"":""0"",""delta_delay_spread"":""0.0"",""delta_rx_power_db"":""-4.2663566546252696e-07"",""y_path_change"":""0"",""y_path_drop"":""0"",""y_rx_power_drop_0p5db"":""0"",""y_rx_power_drop_1db"":""0"",""y_rx_power_drop_2db"":""0"",""y_delay_spread_increase"":""0"",""y_adaptation_trigger_1db"":""0"",""y_adaptation_trigger_2db"":""0""},{""frame_id"":""100"",""source_sample_index"":""25698"",""rx_id"":""rx_ur5_base"",""delta_num_paths"":""-9"",""delta_delay_spread"":""-2.2877396421705498e-08"",""delta_rx_power_db"":""-27.77843320486042"",""y_path_change"":""1"",""y_path_drop"":""1"",""y_rx_power_drop_0p5db"":""1"",""y_rx_power_drop_1db"":""1"",""y_rx_power_drop_2db"":""1"",""y_delay_spread_increase"":""0"",""y_adaptation_trigger_1db"":""1"",""y_adaptation_trigger_2db"":""1""},{""frame_id"":""100"",""source_sample_index"":""25698"",""rx_id"":""rx_x500_body"",""delta_num_paths"":""-1"",""delta_delay_spread"":""0.0"",""delta_rx_power_db"":""-0.0012711672822263154"",""y_path_change"":""1"",""y_path_drop"":""1"",""y_rx_power_drop_0p5db"":""0"",""y_rx_power_drop_1db"":""0"",""y_rx_power_drop_2db"":""0"",""y_delay_spread_increase"":""0"",""y_adaptation_trigger_1db"":""0"",""y_adaptation_trigger_2db"":""0""}]",frame_id,rt_out/experiments/perception_rt_small_v0/frames/instance_registry.json,rt_out/experiments/perception_rt_small_v0/configs/semantic_label_map.json,error,missing required panoptic file: panoptic_labels_rgb_path; missing required panoptic file: semantic_decoded_path; missing required panoptic file: gazebo_instance_count_path; missing optional panoptic file: colored_map_path; missing optional panoptic file: metadata_path
0.1,perception_rt_small_v0,rt_out/experiments/semantic_ablation_actor_200f,10,10,100,100,25698,cam_wall_west,640,480,1.047,0.1,20.0,-4.368888,-0.03657,2.817008,0.035211,0.406352,0.030119,,,,,,false,false,false,false,false,,false,missing,,,,,,,,6,"rx_panda_base,rx_ur5_base,rx_cerberus_base,rx_nao_chest,rx_human_chest,rx_x500_body",frame_id,"[{""frame_id"":""100"",""source_sample_index"":""25698"",""rx_id"":""rx_panda_base"",""num_paths"":""23"",""tau_min"":""7.579527228074312e-09"",""tau_max"":""6.284866316264015e-08"",""delay_spread"":""5.526913593456584e-08"",""path_gain_sum"":""1.808245286838428e-08"",""path_gain_db"":""-77.42742658210788"",""rx_power_dbm"":""-47.427426582107884"",""sanity_ok"":""True"",""xml_path"":""rt_out/experiments/semantic_ablation_actor_200f/sionna_xml/frame_100_sionna.xml""},{""frame_id"":""100"",""source_sample_index"":""25698"",""rx_id"":""rx_ur5_base"",""num_paths"":""17"",""tau_min"":""2.8585452227503083e-08"",""tau_max"":""5.930293767164585e-08"",""delay_spread"":""3.071748544414277e-08"",""path_gain_sum"":""1.5416482535002274e-09"",""path_gain_db"":""-88.12014704747963"",""rx_power_dbm"":""-58.120147047479634"",""sanity_ok"":""True"",""xml_path"":""rt_out/experiments/semantic_ablation_actor_200f/sionna_xml/frame_100_sionna.xml""},{""frame_id"":""100"",""source_sample_index"":""25698"",""rx_id"":""rx_cerberus_base"",""num_paths"":""18"",""tau_min"":""1.574846919538686e-08"",""tau_max"":""5.723669715962387e-08"",""delay_spread"":""4.148822796423701e-08"",""path_gain_sum"":""3.621421384991663e-08"",""path_gain_db"":""-74.41120938168608"",""rx_power_dbm"":""-44.41120938168608"",""sanity_ok"":""True"",""xml_path"":""rt_out/experiments/semantic_ablation_actor_200f/sionna_xml/frame_100_sionna.xml""},{""frame_id"":""100"",""source_sample_index"":""25698"",""rx_id"":""rx_nao_chest"",""num_paths"":""24"",""tau_min"":""1.0787783999433032e-08"",""tau_max"":""6.209720737615498e-08"",""delay_spread"":""5.130942337672195e-08"",""path_gain_sum"":""7.266184809395781e-08"",""path_gain_db"":""-71.38693560412185"",""rx_power_dbm"":""-41.386935604121845"",""sanity_ok"":""True"",""xml_path"":""rt_out/experiments/semantic_ablation_actor_200f/sionna_xml/frame_100_sionna.xml""},{""frame_id"":""100"",""source_sample_index"":""25698"",""rx_id"":""rx_human_chest"",""num_paths"":""23"",""tau_min"":""6.163341392806387e-09"",""tau_max"":""6.568895827285814e-08"",""delay_spread"":""5.952561688005176e-08"",""path_gain_sum"":""2.2439070335167344e-07"",""path_gain_db"":""-66.48995140137379"",""rx_power_dbm"":""-36.48995140137379"",""sanity_ok"":""True"",""xml_path"":""rt_out/experiments/semantic_ablation_actor_200f/sionna_xml/frame_100_sionna.xml""},{""frame_id"":""100"",""source_sample_index"":""25698"",""rx_id"":""rx_x500_body"",""num_paths"":""22"",""tau_min"":""1.7234324189985273e-08"",""tau_max"":""7.465505547088469e-08"",""delay_spread"":""5.742073128089942e-08"",""path_gain_sum"":""3.371401646745653e-08"",""path_gain_db"":""-74.7218950539226"",""rx_power_dbm"":""-44.721895053922594"",""sanity_ok"":""True"",""xml_path"":""rt_out/experiments/semantic_ablation_actor_200f/sionna_xml/frame_100_sionna.xml""}]",6,"[{""frame_id"":""100"",""source_sample_index"":""25698"",""rx_id"":""rx_cerberus_base"",""delta_num_paths"":""0"",""delta_delay_spread"":""0.0"",""delta_rx_power_db"":""0.0"",""y_path_change"":""0"",""y_path_drop"":""0"",""y_rx_power_drop_0p5db"":""0"",""y_rx_power_drop_1db"":""0"",""y_rx_power_drop_2db"":""0"",""y_delay_spread_increase"":""0"",""y_adaptation_trigger_1db"":""0"",""y_adaptation_trigger_2db"":""0""},{""frame_id"":""100"",""source_sample_index"":""25698"",""rx_id"":""rx_human_chest"",""delta_num_paths"":""0"",""delta_delay_spread"":""0.0"",""delta_rx_power_db"":""-2.750423959696491e-07"",""y_path_change"":""0"",""y_path_drop"":""0"",""y_rx_power_drop_0p5db"":""0"",""y_rx_power_drop_1db"":""0"",""y_rx_power_drop_2db"":""0"",""y_delay_spread_increase"":""0"",""y_adaptation_trigger_1db"":""0"",""y_adaptation_trigger_2db"":""0""},{""frame_id"":""100"",""source_sample_index"":""25698"",""rx_id"":""rx_nao_chest"",""delta_num_paths"":""1"",""delta_delay_spread"":""0.0"",""delta_rx_power_db"":""0.018508132012129863"",""y_path_change"":""1"",""y_path_drop"":""0"",""y_rx_power_drop_0p5db"":""0"",""y_rx_power_drop_1db"":""0"",""y_rx_power_drop_2db"":""0"",""y_delay_spread_increase"":""0"",""y_adaptation_trigger_1db"":""0"",""y_adaptation_trigger_2db"":""0""},{""frame_id"":""100"",""source_sample_index"":""25698"",""rx_id"":""rx_panda_base"",""delta_num_paths"":""0"",""delta_delay_spread"":""0.0"",""delta_rx_power_db"":""-4.2663566546252696e-07"",""y_path_change"":""0"",""y_path_drop"":""0"",""y_rx_power_drop_0p5db"":""0"",""y_rx_power_drop_1db"":""0"",""y_rx_power_drop_2db"":""0"",""y_delay_spread_increase"":""0"",""y_adaptation_trigger_1db"":""0"",""y_adaptation_trigger_2db"":""0""},{""frame_id"":""100"",""source_sample_index"":""25698"",""rx_id"":""rx_ur5_base"",""delta_num_paths"":""-9"",""delta_delay_spread"":""-2.2877396421705498e-08"",""delta_rx_power_db"":""-27.77843320486042"",""y_path_change"":""1"",""y_path_drop"":""1"",""y_rx_power_drop_0p5db"":""1"",""y_rx_power_drop_1db"":""1"",""y_rx_power_drop_2db"":""1"",""y_delay_spread_increase"":""0"",""y_adaptation_trigger_1db"":""1"",""y_adaptation_trigger_2db"":""1""},{""frame_id"":""100"",""source_sample_index"":""25698"",""rx_id"":""rx_x500_body"",""delta_num_paths"":""-1"",""delta_delay_spread"":""0.0"",""delta_rx_power_db"":""-0.0012711672822263154"",""y_path_change"":""1"",""y_path_drop"":""1"",""y_rx_power_drop_0p5db"":""0"",""y_rx_power_drop_1db"":""0"",""y_rx_power_drop_2db"":""0"",""y_delay_spread_increase"":""0"",""y_adaptation_trigger_1db"":""0"",""y_adaptation_trigger_2db"":""0""}]",frame_id,rt_out/experiments/perception_rt_small_v0/frames/instance_registry.json,rt_out/experiments/perception_rt_small_v0/configs/semantic_label_map.json,error,missing required panoptic file: panoptic_labels_rgb_path; missing required panoptic file: semantic_decoded_path; missing required panoptic file: gazebo_instance_count_path; missing optional panoptic file: colored_map_path; missing optional panoptic file: metadata_path
0.1,perception_rt_small_v0,rt_out/experiments/semantic_ablation_actor_200f,11,11,110,110,28268,cam_corner_nw,640,480,1.047,0.1,20.0,-4.368888,4.38902,2.76265,-0.018875,0.447306,-0.787697,,,,,,false,false,false,false,false,,false,missing,,,,,,,,6,"rx_panda_base,rx_ur5_base,rx_cerberus_base,rx_nao_chest,rx_human_chest,rx_x500_body",frame_id,"[{""frame_id"":""110"",""source_sample_index"":""28268"",""rx_id"":""rx_panda_base"",""num_paths"":""25"",""tau_min"":""7.579527228074312e-09"",""tau_max"":""6.284866316264015e-08"",""delay_spread"":""5.526913593456584e-08"",""path_gain_sum"":""1.814251504583808e-08"",""path_gain_db"":""-77.41302508079865"",""rx_power_dbm"":""-47.41302508079865"",""sanity_ok"":""True"",""xml_path"":""rt_out/experiments/semantic_ablation_actor_200f/sionna_xml/frame_110_sionna.xml""},{""frame_id"":""110"",""source_sample_index"":""28268"",""rx_id"":""rx_ur5_base"",""num_paths"":""18"",""tau_min"":""5.708055805797585e-09"",""tau_max"":""5.930293767164585e-08"",""delay_spread"":""5.3594881865848265e-08"",""path_gain_sum"":""6.898487754369853e-07"",""path_gain_db"":""-61.61246102293572"",""rx_power_dbm"":""-31.61246102293572"",""sanity_ok"":""True"",""xml_path"":""rt_out/experiments/semantic_ablation_actor_200f/sionna_xml/frame_110_sionna.xml""},{""frame_id"":""110"",""source_sample_index"":""28268"",""rx_id"":""rx_cerberus_base"",""num_paths"":""17"",""tau_min"":""1.574846919538686e-08"",""tau_max"":""5.478522524526852e-08"",""delay_spread"":""3.903675604988166e-08"",""path_gain_sum"":""3.6172945527823686e-08"",""path_gain_db"":""-74.41616125620585"",""rx_power_dbm"":""-44.416161256205854"",""sanity_ok"":""True"",""xml_path"":""rt_out/experiments/semantic_ablation_actor_200f/sionna_xml/frame_110_sionna.xml""},{""frame_id"":""110"",""source_sample_index"":""28268"",""rx_id"":""rx_nao_chest"",""num_paths"":""24"",""tau_min"":""1.0787783999433032e-08"",""tau_max"":""6.209720737615498e-08"",""delay_spread"":""5.130942337672195e-08"",""path_gain_sum"":""7.249248312746204e-08"",""path_gain_db"":""-71.39707023849851"",""rx_power_dbm"":""-41.397070238498515"",""sanity_ok"":""True"",""xml_path"":""rt_out/experiments/semantic_ablation_actor_200f/sionna_xml/frame_110_sionna.xml""},{""frame_id"":""110"",""source_sample_index"":""28268"",""rx_id"":""rx_human_chest"",""num_paths"":""21"",""tau_min"":""6.163341392806387e-09"",""tau_max"":""6.431429255826515e-08"",""delay_spread"":""5.8150951165458764e-08"",""path_gain_sum"":""2.2401947319394822e-07"",""path_gain_db"":""-66.49714228393097"",""rx_power_dbm"":""-36.49714228393097"",""sanity_ok"":""True"",""xml_path"":""rt_out/experiments/semantic_ablation_actor_200f/sionna_xml/frame_110_sionna.xml""},{""frame_id"":""110"",""source_sample_index"":""28268"",""rx_id"":""rx_x500_body"",""num_paths"":""22"",""tau_min"":""1.7234324189985273e-08"",""tau_max"":""7.465505547088469e-08"",""delay_spread"":""5.742073128089942e-08"",""path_gain_sum"":""3.3714009362029174e-08"",""path_gain_db"":""-74.72189596922387"",""rx_power_dbm"":""-44.721895969223866"",""sanity_ok"":""True"",""xml_path"":""rt_out/experiments/semantic_ablation_actor_200f/sionna_xml/frame_110_sionna.xml""}]",6,"[{""frame_id"":""110"",""source_sample_index"":""28268"",""rx_id"":""rx_cerberus_base"",""delta_num_paths"":""-1"",""delta_delay_spread"":""-2.451471914355352e-09"",""delta_rx_power_db"":""-0.004952300574558421"",""y_path_change"":""1"",""y_path_drop"":""1"",""y_rx_power_drop_0p5db"":""0"",""y_rx_power_drop_1db"":""0"",""y_rx_power_drop_2db"":""0"",""y_delay_spread_increase"":""0"",""y_adaptation_trigger_1db"":""0"",""y_adaptation_trigger_2db"":""0""},{""frame_id"":""110"",""source_sample_index"":""28268"",""rx_id"":""rx_human_chest"",""delta_num_paths"":""0"",""delta_delay_spread"":""0.0"",""delta_rx_power_db"":""0.0"",""y_path_change"":""0"",""y_path_drop"":""0"",""y_rx_power_drop_0p5db"":""0"",""y_rx_power_drop_1db"":""0"",""y_rx_power_drop_2db"":""0"",""y_delay_spread_increase"":""0"",""y_adaptation_trigger_1db"":""0"",""y_adaptation_trigger_2db"":""0""},{""frame_id"":""110"",""source_sample_index"":""28268"",""rx_id"":""rx_nao_chest"",""delta_num_paths"":""0"",""delta_delay_spread"":""0.0"",""delta_rx_power_db"":""0.0"",""y_path_change"":""0"",""y_path_drop"":""0"",""y_rx_power_drop_0p5db"":""0"",""y_rx_power_drop_1db"":""0"",""y_rx_power_drop_2db"":""0"",""y_delay_spread_increase"":""0"",""y_adaptation_trigger_1db"":""0"",""y_adaptation_trigger_2db"":""0""},{""frame_id"":""110"",""source_sample_index"":""28268"",""rx_id"":""rx_panda_base"",""delta_num_paths"":""1"",""delta_delay_spread"":""0.0"",""delta_rx_power_db"":""0.004508004721216707"",""y_path_change"":""1"",""y_path_drop"":""0"",""y_rx_power_drop_0p5db"":""0"",""y_rx_power_drop_1db"":""0"",""y_rx_power_drop_2db"":""0"",""y_delay_spread_increase"":""0"",""y_adaptation_trigger_1db"":""0"",""y_adaptation_trigger_2db"":""0""},{""frame_id"":""110"",""source_sample_index"":""28268"",""rx_id"":""rx_ur5_base"",""delta_num_paths"":""1"",""delta_delay_spread"":""0.0"",""delta_rx_power_db"":""1.6702904601596487"",""y_path_change"":""1"",""y_path_drop"":""0"",""y_rx_power_drop_0p5db"":""0"",""y_rx_power_drop_1db"":""0"",""y_rx_power_drop_2db"":""0"",""y_delay_spread_increase"":""0"",""y_adaptation_trigger_1db"":""0"",""y_adaptation_trigger_2db"":""0""},{""frame_id"":""110"",""source_sample_index"":""28268"",""rx_id"":""rx_x500_body"",""delta_num_paths"":""0"",""delta_delay_spread"":""0.0"",""delta_rx_power_db"":""-9.153012712204145e-07"",""y_path_change"":""0"",""y_path_drop"":""0"",""y_rx_power_drop_0p5db"":""0"",""y_rx_power_drop_1db"":""0"",""y_rx_power_drop_2db"":""0"",""y_delay_spread_increase"":""0"",""y_adaptation_trigger_1db"":""0"",""y_adaptation_trigger_2db"":""0""}]",frame_id,rt_out/experiments/perception_rt_small_v0/frames/instance_registry.json,rt_out/experiments/perception_rt_small_v0/configs/semantic_label_map.json,error,missing required panoptic file: panoptic_labels_rgb_path; missing required panoptic file: semantic_decoded_path; missing required panoptic file: gazebo_instance_count_path; missing optional panoptic file: colored_map_path; missing optional panoptic file: metadata_path
0.1,perception_rt_small_v0,rt_out/experiments/semantic_ablation_actor_200f,11,11,110,110,28268,cam_corner_ne,640,480,1.047,0.1,20.0,4.38989,4.38902,2.76265,-0.018875,0.447306,-2.356294,,,,,,false,false,false,false,false,,false,missing,,,,,,,,6,"rx_panda_base,rx_ur5_base,rx_cerberus_base,rx_nao_chest,rx_human_chest,rx_x500_body",frame_id,"[{""frame_id"":""110"",""source_sample_index"":""28268"",""rx_id"":""rx_panda_base"",""num_paths"":""25"",""tau_min"":""7.579527228074312e-09"",""tau_max"":""6.284866316264015e-08"",""delay_spread"":""5.526913593456584e-08"",""path_gain_sum"":""1.814251504583808e-08"",""path_gain_db"":""-77.41302508079865"",""rx_power_dbm"":""-47.41302508079865"",""sanity_ok"":""True"",""xml_path"":""rt_out/experiments/semantic_ablation_actor_200f/sionna_xml/frame_110_sionna.xml""},{""frame_id"":""110"",""source_sample_index"":""28268"",""rx_id"":""rx_ur5_base"",""num_paths"":""18"",""tau_min"":""5.708055805797585e-09"",""tau_max"":""5.930293767164585e-08"",""delay_spread"":""5.3594881865848265e-08"",""path_gain_sum"":""6.898487754369853e-07"",""path_gain_db"":""-61.61246102293572"",""rx_power_dbm"":""-31.61246102293572"",""sanity_ok"":""True"",""xml_path"":""rt_out/experiments/semantic_ablation_actor_200f/sionna_xml/frame_110_sionna.xml""},{""frame_id"":""110"",""source_sample_index"":""28268"",""rx_id"":""rx_cerberus_base"",""num_paths"":""17"",""tau_min"":""1.574846919538686e-08"",""tau_max"":""5.478522524526852e-08"",""delay_spread"":""3.903675604988166e-08"",""path_gain_sum"":""3.6172945527823686e-08"",""path_gain_db"":""-74.41616125620585"",""rx_power_dbm"":""-44.416161256205854"",""sanity_ok"":""True"",""xml_path"":""rt_out/experiments/semantic_ablation_actor_200f/sionna_xml/frame_110_sionna.xml""},{""frame_id"":""110"",""source_sample_index"":""28268"",""rx_id"":""rx_nao_chest"",""num_paths"":""24"",""tau_min"":""1.0787783999433032e-08"",""tau_max"":""6.209720737615498e-08"",""delay_spread"":""5.130942337672195e-08"",""path_gain_sum"":""7.249248312746204e-08"",""path_gain_db"":""-71.39707023849851"",""rx_power_dbm"":""-41.397070238498515"",""sanity_ok"":""True"",""xml_path"":""rt_out/experiments/semantic_ablation_actor_200f/sionna_xml/frame_110_sionna.xml""},{""frame_id"":""110"",""source_sample_index"":""28268"",""rx_id"":""rx_human_chest"",""num_paths"":""21"",""tau_min"":""6.163341392806387e-09"",""tau_max"":""6.431429255826515e-08"",""delay_spread"":""5.8150951165458764e-08"",""path_gain_sum"":""2.2401947319394822e-07"",""path_gain_db"":""-66.49714228393097"",""rx_power_dbm"":""-36.49714228393097"",""sanity_ok"":""True"",""xml_path"":""rt_out/experiments/semantic_ablation_actor_200f/sionna_xml/frame_110_sionna.xml""},{""frame_id"":""110"",""source_sample_index"":""28268"",""rx_id"":""rx_x500_body"",""num_paths"":""22"",""tau_min"":""1.7234324189985273e-08"",""tau_max"":""7.465505547088469e-08"",""delay_spread"":""5.742073128089942e-08"",""path_gain_sum"":""3.3714009362029174e-08"",""path_gain_db"":""-74.72189596922387"",""rx_power_dbm"":""-44.721895969223866"",""sanity_ok"":""True"",""xml_path"":""rt_out/experiments/semantic_ablation_actor_200f/sionna_xml/frame_110_sionna.xml""}]",6,"[{""frame_id"":""110"",""source_sample_index"":""28268"",""rx_id"":""rx_cerberus_base"",""delta_num_paths"":""-1"",""delta_delay_spread"":""-2.451471914355352e-09"",""delta_rx_power_db"":""-0.004952300574558421"",""y_path_change"":""1"",""y_path_drop"":""1"",""y_rx_power_drop_0p5db"":""0"",""y_rx_power_drop_1db"":""0"",""y_rx_power_drop_2db"":""0"",""y_delay_spread_increase"":""0"",""y_adaptation_trigger_1db"":""0"",""y_adaptation_trigger_2db"":""0""},{""frame_id"":""110"",""source_sample_index"":""28268"",""rx_id"":""rx_human_chest"",""delta_num_paths"":""0"",""delta_delay_spread"":""0.0"",""delta_rx_power_db"":""0.0"",""y_path_change"":""0"",""y_path_drop"":""0"",""y_rx_power_drop_0p5db"":""0"",""y_rx_power_drop_1db"":""0"",""y_rx_power_drop_2db"":""0"",""y_delay_spread_increase"":""0"",""y_adaptation_trigger_1db"":""0"",""y_adaptation_trigger_2db"":""0""},{""frame_id"":""110"",""source_sample_index"":""28268"",""rx_id"":""rx_nao_chest"",""delta_num_paths"":""0"",""delta_delay_spread"":""0.0"",""delta_rx_power_db"":""0.0"",""y_path_change"":""0"",""y_path_drop"":""0"",""y_rx_power_drop_0p5db"":""0"",""y_rx_power_drop_1db"":""0"",""y_rx_power_drop_2db"":""0"",""y_delay_spread_increase"":""0"",""y_adaptation_trigger_1db"":""0"",""y_adaptation_trigger_2db"":""0""},{""frame_id"":""110"",""source_sample_index"":""28268"",""rx_id"":""rx_panda_base"",""delta_num_paths"":""1"",""delta_delay_spread"":""0.0"",""delta_rx_power_db"":""0.004508004721216707"",""y_path_change"":""1"",""y_path_drop"":""0"",""y_rx_power_drop_0p5db"":""0"",""y_rx_power_drop_1db"":""0"",""y_rx_power_drop_2db"":""0"",""y_delay_spread_increase"":""0"",""y_adaptation_trigger_1db"":""0"",""y_adaptation_trigger_2db"":""0""},{""frame_id"":""110"",""source_sample_index"":""28268"",""rx_id"":""rx_ur5_base"",""delta_num_paths"":""1"",""delta_delay_spread"":""0.0"",""delta_rx_power_db"":""1.6702904601596487"",""y_path_change"":""1"",""y_path_drop"":""0"",""y_rx_power_drop_0p5db"":""0"",""y_rx_power_drop_1db"":""0"",""y_rx_power_drop_2db"":""0"",""y_delay_spread_increase"":""0"",""y_adaptation_trigger_1db"":""0"",""y_adaptation_trigger_2db"":""0""},{""frame_id"":""110"",""source_sample_index"":""28268"",""rx_id"":""rx_x500_body"",""delta_num_paths"":""0"",""delta_delay_spread"":""0.0"",""delta_rx_power_db"":""-9.153012712204145e-07"",""y_path_change"":""0"",""y_path_drop"":""0"",""y_rx_power_drop_0p5db"":""0"",""y_rx_power_drop_1db"":""0"",""y_rx_power_drop_2db"":""0"",""y_delay_spread_increase"":""0"",""y_adaptation_trigger_1db"":""0"",""y_adaptation_trigger_2db"":""0""}]",frame_id,rt_out/experiments/perception_rt_small_v0/frames/instance_registry.json,rt_out/experiments/perception_rt_small_v0/configs/semantic_label_map.json,error,missing required panoptic file: panoptic_labels_rgb_path; missing required panoptic file: semantic_decoded_path; missing required panoptic file: gazebo_instance_count_path; missing optional panoptic file: colored_map_path; missing optional panoptic file: metadata_path
0.1,perception_rt_small_v0,rt_out/experiments/semantic_ablation_actor_200f,11,11,110,110,28268,cam_corner_sw,640,480,1.047,0.1,20.0,-4.2766,-4.27322,2.72007,-0.014193,0.518246,0.774445,,,,,,false,false,false,false,false,,false,missing,,,,,,,,6,"rx_panda_base,rx_ur5_base,rx_cerberus_base,rx_nao_chest,rx_human_chest,rx_x500_body",frame_id,"[{""frame_id"":""110"",""source_sample_index"":""28268"",""rx_id"":""rx_panda_base"",""num_paths"":""25"",""tau_min"":""7.579527228074312e-09"",""tau_max"":""6.284866316264015e-08"",""delay_spread"":""5.526913593456584e-08"",""path_gain_sum"":""1.814251504583808e-08"",""path_gain_db"":""-77.41302508079865"",""rx_power_dbm"":""-47.41302508079865"",""sanity_ok"":""True"",""xml_path"":""rt_out/experiments/semantic_ablation_actor_200f/sionna_xml/frame_110_sionna.xml""},{""frame_id"":""110"",""source_sample_index"":""28268"",""rx_id"":""rx_ur5_base"",""num_paths"":""18"",""tau_min"":""5.708055805797585e-09"",""tau_max"":""5.930293767164585e-08"",""delay_spread"":""5.3594881865848265e-08"",""path_gain_sum"":""6.898487754369853e-07"",""path_gain_db"":""-61.61246102293572"",""rx_power_dbm"":""-31.61246102293572"",""sanity_ok"":""True"",""xml_path"":""rt_out/experiments/semantic_ablation_actor_200f/sionna_xml/frame_110_sionna.xml""},{""frame_id"":""110"",""source_sample_index"":""28268"",""rx_id"":""rx_cerberus_base"",""num_paths"":""17"",""tau_min"":""1.574846919538686e-08"",""tau_max"":""5.478522524526852e-08"",""delay_spread"":""3.903675604988166e-08"",""path_gain_sum"":""3.6172945527823686e-08"",""path_gain_db"":""-74.41616125620585"",""rx_power_dbm"":""-44.416161256205854"",""sanity_ok"":""True"",""xml_path"":""rt_out/experiments/semantic_ablation_actor_200f/sionna_xml/frame_110_sionna.xml""},{""frame_id"":""110"",""source_sample_index"":""28268"",""rx_id"":""rx_nao_chest"",""num_paths"":""24"",""tau_min"":""1.0787783999433032e-08"",""tau_max"":""6.209720737615498e-08"",""delay_spread"":""5.130942337672195e-08"",""path_gain_sum"":""7.249248312746204e-08"",""path_gain_db"":""-71.39707023849851"",""rx_power_dbm"":""-41.397070238498515"",""sanity_ok"":""True"",""xml_path"":""rt_out/experiments/semantic_ablation_actor_200f/sionna_xml/frame_110_sionna.xml""},{""frame_id"":""110"",""source_sample_index"":""28268"",""rx_id"":""rx_human_chest"",""num_paths"":""21"",""tau_min"":""6.163341392806387e-09"",""tau_max"":""6.431429255826515e-08"",""delay_spread"":""5.8150951165458764e-08"",""path_gain_sum"":""2.2401947319394822e-07"",""path_gain_db"":""-66.49714228393097"",""rx_power_dbm"":""-36.49714228393097"",""sanity_ok"":""True"",""xml_path"":""rt_out/experiments/semantic_ablation_actor_200f/sionna_xml/frame_110_sionna.xml""},{""frame_id"":""110"",""source_sample_index"":""28268"",""rx_id"":""rx_x500_body"",""num_paths"":""22"",""tau_min"":""1.7234324189985273e-08"",""tau_max"":""7.465505547088469e-08"",""delay_spread"":""5.742073128089942e-08"",""path_gain_sum"":""3.3714009362029174e-08"",""path_gain_db"":""-74.72189596922387"",""rx_power_dbm"":""-44.721895969223866"",""sanity_ok"":""True"",""xml_path"":""rt_out/experiments/semantic_ablation_actor_200f/sionna_xml/frame_110_sionna.xml""}]",6,"[{""frame_id"":""110"",""source_sample_index"":""28268"",""rx_id"":""rx_cerberus_base"",""delta_num_paths"":""-1"",""delta_delay_spread"":""-2.451471914355352e-09"",""delta_rx_power_db"":""-0.004952300574558421"",""y_path_change"":""1"",""y_path_drop"":""1"",""y_rx_power_drop_0p5db"":""0"",""y_rx_power_drop_1db"":""0"",""y_rx_power_drop_2db"":""0"",""y_delay_spread_increase"":""0"",""y_adaptation_trigger_1db"":""0"",""y_adaptation_trigger_2db"":""0""},{""frame_id"":""110"",""source_sample_index"":""28268"",""rx_id"":""rx_human_chest"",""delta_num_paths"":""0"",""delta_delay_spread"":""0.0"",""delta_rx_power_db"":""0.0"",""y_path_change"":""0"",""y_path_drop"":""0"",""y_rx_power_drop_0p5db"":""0"",""y_rx_power_drop_1db"":""0"",""y_rx_power_drop_2db"":""0"",""y_delay_spread_increase"":""0"",""y_adaptation_trigger_1db"":""0"",""y_adaptation_trigger_2db"":""0""},{""frame_id"":""110"",""source_sample_index"":""28268"",""rx_id"":""rx_nao_chest"",""delta_num_paths"":""0"",""delta_delay_spread"":""0.0"",""delta_rx_power_db"":""0.0"",""y_path_change"":""0"",""y_path_drop"":""0"",""y_rx_power_drop_0p5db"":""0"",""y_rx_power_drop_1db"":""0"",""y_rx_power_drop_2db"":""0"",""y_delay_spread_increase"":""0"",""y_adaptation_trigger_1db"":""0"",""y_adaptation_trigger_2db"":""0""},{""frame_id"":""110"",""source_sample_index"":""28268"",""rx_id"":""rx_panda_base"",""delta_num_paths"":""1"",""delta_delay_spread"":""0.0"",""delta_rx_power_db"":""0.004508004721216707"",""y_path_change"":""1"",""y_path_drop"":""0"",""y_rx_power_drop_0p5db"":""0"",""y_rx_power_drop_1db"":""0"",""y_rx_power_drop_2db"":""0"",""y_delay_spread_increase"":""0"",""y_adaptation_trigger_1db"":""0"",""y_adaptation_trigger_2db"":""0""},{""frame_id"":""110"",""source_sample_index"":""28268"",""rx_id"":""rx_ur5_base"",""delta_num_paths"":""1"",""delta_delay_spread"":""0.0"",""delta_rx_power_db"":""1.6702904601596487"",""y_path_change"":""1"",""y_path_drop"":""0"",""y_rx_power_drop_0p5db"":""0"",""y_rx_power_drop_1db"":""0"",""y_rx_power_drop_2db"":""0"",""y_delay_spread_increase"":""0"",""y_adaptation_trigger_1db"":""0"",""y_adaptation_trigger_2db"":""0""},{""frame_id"":""110"",""source_sample_index"":""28268"",""rx_id"":""rx_x500_body"",""delta_num_paths"":""0"",""delta_delay_spread"":""0.0"",""delta_rx_power_db"":""-9.153012712204145e-07"",""y_path_change"":""0"",""y_path_drop"":""0"",""y_rx_power_drop_0p5db"":""0"",""y_rx_power_drop_1db"":""0"",""y_rx_power_drop_2db"":""0"",""y_delay_spread_increase"":""0"",""y_adaptation_trigger_1db"":""0"",""y_adaptation_trigger_2db"":""0""}]",frame_id,rt_out/experiments/perception_rt_small_v0/frames/instance_registry.json,rt_out/experiments/perception_rt_small_v0/configs/semantic_label_map.json,error,missing required panoptic file: panoptic_labels_rgb_path; missing required panoptic file: semantic_decoded_path; missing required panoptic file: gazebo_instance_count_path; missing optional panoptic file: colored_map_path; missing optional panoptic file: metadata_path
0.1,perception_rt_small_v0,rt_out/experiments/semantic_ablation_actor_200f,11,11,110,110,28268,cam_corner_se,640,480,1.047,0.1,20.0,4.44776,-4.40805,2.80523,-0.023556,0.376367,2.408296,,,,,,false,false,false,false,false,,false,missing,,,,,,,,6,"rx_panda_base,rx_ur5_base,rx_cerberus_base,rx_nao_chest,rx_human_chest,rx_x500_body",frame_id,"[{""frame_id"":""110"",""source_sample_index"":""28268"",""rx_id"":""rx_panda_base"",""num_paths"":""25"",""tau_min"":""7.579527228074312e-09"",""tau_max"":""6.284866316264015e-08"",""delay_spread"":""5.526913593456584e-08"",""path_gain_sum"":""1.814251504583808e-08"",""path_gain_db"":""-77.41302508079865"",""rx_power_dbm"":""-47.41302508079865"",""sanity_ok"":""True"",""xml_path"":""rt_out/experiments/semantic_ablation_actor_200f/sionna_xml/frame_110_sionna.xml""},{""frame_id"":""110"",""source_sample_index"":""28268"",""rx_id"":""rx_ur5_base"",""num_paths"":""18"",""tau_min"":""5.708055805797585e-09"",""tau_max"":""5.930293767164585e-08"",""delay_spread"":""5.3594881865848265e-08"",""path_gain_sum"":""6.898487754369853e-07"",""path_gain_db"":""-61.61246102293572"",""rx_power_dbm"":""-31.61246102293572"",""sanity_ok"":""True"",""xml_path"":""rt_out/experiments/semantic_ablation_actor_200f/sionna_xml/frame_110_sionna.xml""},{""frame_id"":""110"",""source_sample_index"":""28268"",""rx_id"":""rx_cerberus_base"",""num_paths"":""17"",""tau_min"":""1.574846919538686e-08"",""tau_max"":""5.478522524526852e-08"",""delay_spread"":""3.903675604988166e-08"",""path_gain_sum"":""3.6172945527823686e-08"",""path_gain_db"":""-74.41616125620585"",""rx_power_dbm"":""-44.416161256205854"",""sanity_ok"":""True"",""xml_path"":""rt_out/experiments/semantic_ablation_actor_200f/sionna_xml/frame_110_sionna.xml""},{""frame_id"":""110"",""source_sample_index"":""28268"",""rx_id"":""rx_nao_chest"",""num_paths"":""24"",""tau_min"":""1.0787783999433032e-08"",""tau_max"":""6.209720737615498e-08"",""delay_spread"":""5.130942337672195e-08"",""path_gain_sum"":""7.249248312746204e-08"",""path_gain_db"":""-71.39707023849851"",""rx_power_dbm"":""-41.397070238498515"",""sanity_ok"":""True"",""xml_path"":""rt_out/experiments/semantic_ablation_actor_200f/sionna_xml/frame_110_sionna.xml""},{""frame_id"":""110"",""source_sample_index"":""28268"",""rx_id"":""rx_human_chest"",""num_paths"":""21"",""tau_min"":""6.163341392806387e-09"",""tau_max"":""6.431429255826515e-08"",""delay_spread"":""5.8150951165458764e-08"",""path_gain_sum"":""2.2401947319394822e-07"",""path_gain_db"":""-66.49714228393097"",""rx_power_dbm"":""-36.49714228393097"",""sanity_ok"":""True"",""xml_path"":""rt_out/experiments/semantic_ablation_actor_200f/sionna_xml/frame_110_sionna.xml""},{""frame_id"":""110"",""source_sample_index"":""28268"",""rx_id"":""rx_x500_body"",""num_paths"":""22"",""tau_min"":""1.7234324189985273e-08"",""tau_max"":""7.465505547088469e-08"",""delay_spread"":""5.742073128089942e-08"",""path_gain_sum"":""3.3714009362029174e-08"",""path_gain_db"":""-74.72189596922387"",""rx_power_dbm"":""-44.721895969223866"",""sanity_ok"":""True"",""xml_path"":""rt_out/experiments/semantic_ablation_actor_200f/sionna_xml/frame_110_sionna.xml""}]",6,"[{""frame_id"":""110"",""source_sample_index"":""28268"",""rx_id"":""rx_cerberus_base"",""delta_num_paths"":""-1"",""delta_delay_spread"":""-2.451471914355352e-09"",""delta_rx_power_db"":""-0.004952300574558421"",""y_path_change"":""1"",""y_path_drop"":""1"",""y_rx_power_drop_0p5db"":""0"",""y_rx_power_drop_1db"":""0"",""y_rx_power_drop_2db"":""0"",""y_delay_spread_increase"":""0"",""y_adaptation_trigger_1db"":""0"",""y_adaptation_trigger_2db"":""0""},{""frame_id"":""110"",""source_sample_index"":""28268"",""rx_id"":""rx_human_chest"",""delta_num_paths"":""0"",""delta_delay_spread"":""0.0"",""delta_rx_power_db"":""0.0"",""y_path_change"":""0"",""y_path_drop"":""0"",""y_rx_power_drop_0p5db"":""0"",""y_rx_power_drop_1db"":""0"",""y_rx_power_drop_2db"":""0"",""y_delay_spread_increase"":""0"",""y_adaptation_trigger_1db"":""0"",""y_adaptation_trigger_2db"":""0""},{""frame_id"":""110"",""source_sample_index"":""28268"",""rx_id"":""rx_nao_chest"",""delta_num_paths"":""0"",""delta_delay_spread"":""0.0"",""delta_rx_power_db"":""0.0"",""y_path_change"":""0"",""y_path_drop"":""0"",""y_rx_power_drop_0p5db"":""0"",""y_rx_power_drop_1db"":""0"",""y_rx_power_drop_2db"":""0"",""y_delay_spread_increase"":""0"",""y_adaptation_trigger_1db"":""0"",""y_adaptation_trigger_2db"":""0""},{""frame_id"":""110"",""source_sample_index"":""28268"",""rx_id"":""rx_panda_base"",""delta_num_paths"":""1"",""delta_delay_spread"":""0.0"",""delta_rx_power_db"":""0.004508004721216707"",""y_path_change"":""1"",""y_path_drop"":""0"",""y_rx_power_drop_0p5db"":""0"",""y_rx_power_drop_1db"":""0"",""y_rx_power_drop_2db"":""0"",""y_delay_spread_increase"":""0"",""y_adaptation_trigger_1db"":""0"",""y_adaptation_trigger_2db"":""0""},{""frame_id"":""110"",""source_sample_index"":""28268"",""rx_id"":""rx_ur5_base"",""delta_num_paths"":""1"",""delta_delay_spread"":""0.0"",""delta_rx_power_db"":""1.6702904601596487"",""y_path_change"":""1"",""y_path_drop"":""0"",""y_rx_power_drop_0p5db"":""0"",""y_rx_power_drop_1db"":""0"",""y_rx_power_drop_2db"":""0"",""y_delay_spread_increase"":""0"",""y_adaptation_trigger_1db"":""0"",""y_adaptation_trigger_2db"":""0""},{""frame_id"":""110"",""source_sample_index"":""28268"",""rx_id"":""rx_x500_body"",""delta_num_paths"":""0"",""delta_delay_spread"":""0.0"",""delta_rx_power_db"":""-9.153012712204145e-07"",""y_path_change"":""0"",""y_path_drop"":""0"",""y_rx_power_drop_0p5db"":""0"",""y_rx_power_drop_1db"":""0"",""y_rx_power_drop_2db"":""0"",""y_delay_spread_increase"":""0"",""y_adaptation_trigger_1db"":""0"",""y_adaptation_trigger_2db"":""0""}]",frame_id,rt_out/experiments/perception_rt_small_v0/frames/instance_registry.json,rt_out/experiments/perception_rt_small_v0/configs/semantic_label_map.json,error,missing required panoptic file: panoptic_labels_rgb_path; missing required panoptic file: semantic_decoded_path; missing required panoptic file: gazebo_instance_count_path; missing optional panoptic file: colored_map_path; missing optional panoptic file: metadata_path
0.1,perception_rt_small_v0,rt_out/experiments/semantic_ablation_actor_200f,11,11,110,110,28268,cam_wall_north,640,480,1.047,0.1,20.0,0.221087,4.38902,2.71504,-0.0,0.562591,-1.5708,,,,,,false,false,false,false,false,,false,missing,,,,,,,,6,"rx_panda_base,rx_ur5_base,rx_cerberus_base,rx_nao_chest,rx_human_chest,rx_x500_body",frame_id,"[{""frame_id"":""110"",""source_sample_index"":""28268"",""rx_id"":""rx_panda_base"",""num_paths"":""25"",""tau_min"":""7.579527228074312e-09"",""tau_max"":""6.284866316264015e-08"",""delay_spread"":""5.526913593456584e-08"",""path_gain_sum"":""1.814251504583808e-08"",""path_gain_db"":""-77.41302508079865"",""rx_power_dbm"":""-47.41302508079865"",""sanity_ok"":""True"",""xml_path"":""rt_out/experiments/semantic_ablation_actor_200f/sionna_xml/frame_110_sionna.xml""},{""frame_id"":""110"",""source_sample_index"":""28268"",""rx_id"":""rx_ur5_base"",""num_paths"":""18"",""tau_min"":""5.708055805797585e-09"",""tau_max"":""5.930293767164585e-08"",""delay_spread"":""5.3594881865848265e-08"",""path_gain_sum"":""6.898487754369853e-07"",""path_gain_db"":""-61.61246102293572"",""rx_power_dbm"":""-31.61246102293572"",""sanity_ok"":""True"",""xml_path"":""rt_out/experiments/semantic_ablation_actor_200f/sionna_xml/frame_110_sionna.xml""},{""frame_id"":""110"",""source_sample_index"":""28268"",""rx_id"":""rx_cerberus_base"",""num_paths"":""17"",""tau_min"":""1.574846919538686e-08"",""tau_max"":""5.478522524526852e-08"",""delay_spread"":""3.903675604988166e-08"",""path_gain_sum"":""3.6172945527823686e-08"",""path_gain_db"":""-74.41616125620585"",""rx_power_dbm"":""-44.416161256205854"",""sanity_ok"":""True"",""xml_path"":""rt_out/experiments/semantic_ablation_actor_200f/sionna_xml/frame_110_sionna.xml""},{""frame_id"":""110"",""source_sample_index"":""28268"",""rx_id"":""rx_nao_chest"",""num_paths"":""24"",""tau_min"":""1.0787783999433032e-08"",""tau_max"":""6.209720737615498e-08"",""delay_spread"":""5.130942337672195e-08"",""path_gain_sum"":""7.249248312746204e-08"",""path_gain_db"":""-71.39707023849851"",""rx_power_dbm"":""-41.397070238498515"",""sanity_ok"":""True"",""xml_path"":""rt_out/experiments/semantic_ablation_actor_200f/sionna_xml/frame_110_sionna.xml""},{""frame_id"":""110"",""source_sample_index"":""28268"",""rx_id"":""rx_human_chest"",""num_paths"":""21"",""tau_min"":""6.163341392806387e-09"",""tau_max"":""6.431429255826515e-08"",""delay_spread"":""5.8150951165458764e-08"",""path_gain_sum"":""2.2401947319394822e-07"",""path_gain_db"":""-66.49714228393097"",""rx_power_dbm"":""-36.49714228393097"",""sanity_ok"":""True"",""xml_path"":""rt_out/experiments/semantic_ablation_actor_200f/sionna_xml/frame_110_sionna.xml""},{""frame_id"":""110"",""source_sample_index"":""28268"",""rx_id"":""rx_x500_body"",""num_paths"":""22"",""tau_min"":""1.7234324189985273e-08"",""tau_max"":""7.465505547088469e-08"",""delay_spread"":""5.742073128089942e-08"",""path_gain_sum"":""3.3714009362029174e-08"",""path_gain_db"":""-74.72189596922387"",""rx_power_dbm"":""-44.721895969223866"",""sanity_ok"":""True"",""xml_path"":""rt_out/experiments/semantic_ablation_actor_200f/sionna_xml/frame_110_sionna.xml""}]",6,"[{""frame_id"":""110"",""source_sample_index"":""28268"",""rx_id"":""rx_cerberus_base"",""delta_num_paths"":""-1"",""delta_delay_spread"":""-2.451471914355352e-09"",""delta_rx_power_db"":""-0.004952300574558421"",""y_path_change"":""1"",""y_path_drop"":""1"",""y_rx_power_drop_0p5db"":""0"",""y_rx_power_drop_1db"":""0"",""y_rx_power_drop_2db"":""0"",""y_delay_spread_increase"":""0"",""y_adaptation_trigger_1db"":""0"",""y_adaptation_trigger_2db"":""0""},{""frame_id"":""110"",""source_sample_index"":""28268"",""rx_id"":""rx_human_chest"",""delta_num_paths"":""0"",""delta_delay_spread"":""0.0"",""delta_rx_power_db"":""0.0"",""y_path_change"":""0"",""y_path_drop"":""0"",""y_rx_power_drop_0p5db"":""0"",""y_rx_power_drop_1db"":""0"",""y_rx_power_drop_2db"":""0"",""y_delay_spread_increase"":""0"",""y_adaptation_trigger_1db"":""0"",""y_adaptation_trigger_2db"":""0""},{""frame_id"":""110"",""source_sample_index"":""28268"",""rx_id"":""rx_nao_chest"",""delta_num_paths"":""0"",""delta_delay_spread"":""0.0"",""delta_rx_power_db"":""0.0"",""y_path_change"":""0"",""y_path_drop"":""0"",""y_rx_power_drop_0p5db"":""0"",""y_rx_power_drop_1db"":""0"",""y_rx_power_drop_2db"":""0"",""y_delay_spread_increase"":""0"",""y_adaptation_trigger_1db"":""0"",""y_adaptation_trigger_2db"":""0""},{""frame_id"":""110"",""source_sample_index"":""28268"",""rx_id"":""rx_panda_base"",""delta_num_paths"":""1"",""delta_delay_spread"":""0.0"",""delta_rx_power_db"":""0.004508004721216707"",""y_path_change"":""1"",""y_path_drop"":""0"",""y_rx_power_drop_0p5db"":""0"",""y_rx_power_drop_1db"":""0"",""y_rx_power_drop_2db"":""0"",""y_delay_spread_increase"":""0"",""y_adaptation_trigger_1db"":""0"",""y_adaptation_trigger_2db"":""0""},{""frame_id"":""110"",""source_sample_index"":""28268"",""rx_id"":""rx_ur5_base"",""delta_num_paths"":""1"",""delta_delay_spread"":""0.0"",""delta_rx_power_db"":""1.6702904601596487"",""y_path_change"":""1"",""y_path_drop"":""0"",""y_rx_power_drop_0p5db"":""0"",""y_rx_power_drop_1db"":""0"",""y_rx_power_drop_2db"":""0"",""y_delay_spread_increase"":""0"",""y_adaptation_trigger_1db"":""0"",""y_adaptation_trigger_2db"":""0""},{""frame_id"":""110"",""source_sample_index"":""28268"",""rx_id"":""rx_x500_body"",""delta_num_paths"":""0"",""delta_delay_spread"":""0.0"",""delta_rx_power_db"":""-9.153012712204145e-07"",""y_path_change"":""0"",""y_path_drop"":""0"",""y_rx_power_drop_0p5db"":""0"",""y_rx_power_drop_1db"":""0"",""y_rx_power_drop_2db"":""0"",""y_delay_spread_increase"":""0"",""y_adaptation_trigger_1db"":""0"",""y_adaptation_trigger_2db"":""0""}]",frame_id,rt_out/experiments/perception_rt_small_v0/frames/instance_registry.json,rt_out/experiments/perception_rt_small_v0/configs/semantic_label_map.json,error,missing required panoptic file: panoptic_labels_rgb_path; missing required panoptic file: semantic_decoded_path; missing required panoptic file: gazebo_instance_count_path; missing optional panoptic file: colored_map_path; missing optional panoptic file: metadata_path
0.1,perception_rt_small_v0,rt_out/experiments/semantic_ablation_actor_200f,11,11,110,110,28268,cam_wall_south,640,480,1.047,0.1,20.0,0.221056,-4.22159,2.7964,0.000426,0.271157,1.577903,,,,,,false,false,false,false,false,,false,missing,,,,,,,,6,"rx_panda_base,rx_ur5_base,rx_cerberus_base,rx_nao_chest,rx_human_chest,rx_x500_body",frame_id,"[{""frame_id"":""110"",""source_sample_index"":""28268"",""rx_id"":""rx_panda_base"",""num_paths"":""25"",""tau_min"":""7.579527228074312e-09"",""tau_max"":""6.284866316264015e-08"",""delay_spread"":""5.526913593456584e-08"",""path_gain_sum"":""1.814251504583808e-08"",""path_gain_db"":""-77.41302508079865"",""rx_power_dbm"":""-47.41302508079865"",""sanity_ok"":""True"",""xml_path"":""rt_out/experiments/semantic_ablation_actor_200f/sionna_xml/frame_110_sionna.xml""},{""frame_id"":""110"",""source_sample_index"":""28268"",""rx_id"":""rx_ur5_base"",""num_paths"":""18"",""tau_min"":""5.708055805797585e-09"",""tau_max"":""5.930293767164585e-08"",""delay_spread"":""5.3594881865848265e-08"",""path_gain_sum"":""6.898487754369853e-07"",""path_gain_db"":""-61.61246102293572"",""rx_power_dbm"":""-31.61246102293572"",""sanity_ok"":""True"",""xml_path"":""rt_out/experiments/semantic_ablation_actor_200f/sionna_xml/frame_110_sionna.xml""},{""frame_id"":""110"",""source_sample_index"":""28268"",""rx_id"":""rx_cerberus_base"",""num_paths"":""17"",""tau_min"":""1.574846919538686e-08"",""tau_max"":""5.478522524526852e-08"",""delay_spread"":""3.903675604988166e-08"",""path_gain_sum"":""3.6172945527823686e-08"",""path_gain_db"":""-74.41616125620585"",""rx_power_dbm"":""-44.416161256205854"",""sanity_ok"":""True"",""xml_path"":""rt_out/experiments/semantic_ablation_actor_200f/sionna_xml/frame_110_sionna.xml""},{""frame_id"":""110"",""source_sample_index"":""28268"",""rx_id"":""rx_nao_chest"",""num_paths"":""24"",""tau_min"":""1.0787783999433032e-08"",""tau_max"":""6.209720737615498e-08"",""delay_spread"":""5.130942337672195e-08"",""path_gain_sum"":""7.249248312746204e-08"",""path_gain_db"":""-71.39707023849851"",""rx_power_dbm"":""-41.397070238498515"",""sanity_ok"":""True"",""xml_path"":""rt_out/experiments/semantic_ablation_actor_200f/sionna_xml/frame_110_sionna.xml""},{""frame_id"":""110"",""source_sample_index"":""28268"",""rx_id"":""rx_human_chest"",""num_paths"":""21"",""tau_min"":""6.163341392806387e-09"",""tau_max"":""6.431429255826515e-08"",""delay_spread"":""5.8150951165458764e-08"",""path_gain_sum"":""2.2401947319394822e-07"",""path_gain_db"":""-66.49714228393097"",""rx_power_dbm"":""-36.49714228393097"",""sanity_ok"":""True"",""xml_path"":""rt_out/experiments/semantic_ablation_actor_200f/sionna_xml/frame_110_sionna.xml""},{""frame_id"":""110"",""source_sample_index"":""28268"",""rx_id"":""rx_x500_body"",""num_paths"":""22"",""tau_min"":""1.7234324189985273e-08"",""tau_max"":""7.465505547088469e-08"",""delay_spread"":""5.742073128089942e-08"",""path_gain_sum"":""3.3714009362029174e-08"",""path_gain_db"":""-74.72189596922387"",""rx_power_dbm"":""-44.721895969223866"",""sanity_ok"":""True"",""xml_path"":""rt_out/experiments/semantic_ablation_actor_200f/sionna_xml/frame_110_sionna.xml""}]",6,"[{""frame_id"":""110"",""source_sample_index"":""28268"",""rx_id"":""rx_cerberus_base"",""delta_num_paths"":""-1"",""delta_delay_spread"":""-2.451471914355352e-09"",""delta_rx_power_db"":""-0.004952300574558421"",""y_path_change"":""1"",""y_path_drop"":""1"",""y_rx_power_drop_0p5db"":""0"",""y_rx_power_drop_1db"":""0"",""y_rx_power_drop_2db"":""0"",""y_delay_spread_increase"":""0"",""y_adaptation_trigger_1db"":""0"",""y_adaptation_trigger_2db"":""0""},{""frame_id"":""110"",""source_sample_index"":""28268"",""rx_id"":""rx_human_chest"",""delta_num_paths"":""0"",""delta_delay_spread"":""0.0"",""delta_rx_power_db"":""0.0"",""y_path_change"":""0"",""y_path_drop"":""0"",""y_rx_power_drop_0p5db"":""0"",""y_rx_power_drop_1db"":""0"",""y_rx_power_drop_2db"":""0"",""y_delay_spread_increase"":""0"",""y_adaptation_trigger_1db"":""0"",""y_adaptation_trigger_2db"":""0""},{""frame_id"":""110"",""source_sample_index"":""28268"",""rx_id"":""rx_nao_chest"",""delta_num_paths"":""0"",""delta_delay_spread"":""0.0"",""delta_rx_power_db"":""0.0"",""y_path_change"":""0"",""y_path_drop"":""0"",""y_rx_power_drop_0p5db"":""0"",""y_rx_power_drop_1db"":""0"",""y_rx_power_drop_2db"":""0"",""y_delay_spread_increase"":""0"",""y_adaptation_trigger_1db"":""0"",""y_adaptation_trigger_2db"":""0""},{""frame_id"":""110"",""source_sample_index"":""28268"",""rx_id"":""rx_panda_base"",""delta_num_paths"":""1"",""delta_delay_spread"":""0.0"",""delta_rx_power_db"":""0.004508004721216707"",""y_path_change"":""1"",""y_path_drop"":""0"",""y_rx_power_drop_0p5db"":""0"",""y_rx_power_drop_1db"":""0"",""y_rx_power_drop_2db"":""0"",""y_delay_spread_increase"":""0"",""y_adaptation_trigger_1db"":""0"",""y_adaptation_trigger_2db"":""0""},{""frame_id"":""110"",""source_sample_index"":""28268"",""rx_id"":""rx_ur5_base"",""delta_num_paths"":""1"",""delta_delay_spread"":""0.0"",""delta_rx_power_db"":""1.6702904601596487"",""y_path_change"":""1"",""y_path_drop"":""0"",""y_rx_power_drop_0p5db"":""0"",""y_rx_power_drop_1db"":""0"",""y_rx_power_drop_2db"":""0"",""y_delay_spread_increase"":""0"",""y_adaptation_trigger_1db"":""0"",""y_adaptation_trigger_2db"":""0""},{""frame_id"":""110"",""source_sample_index"":""28268"",""rx_id"":""rx_x500_body"",""delta_num_paths"":""0"",""delta_delay_spread"":""0.0"",""delta_rx_power_db"":""-9.153012712204145e-07"",""y_path_change"":""0"",""y_path_drop"":""0"",""y_rx_power_drop_0p5db"":""0"",""y_rx_power_drop_1db"":""0"",""y_rx_power_drop_2db"":""0"",""y_delay_spread_increase"":""0"",""y_adaptation_trigger_1db"":""0"",""y_adaptation_trigger_2db"":""0""}]",frame_id,rt_out/experiments/perception_rt_small_v0/frames/instance_registry.json,rt_out/experiments/perception_rt_small_v0/configs/semantic_label_map.json,error,missing required panoptic file: panoptic_labels_rgb_path; missing required panoptic file: semantic_decoded_path; missing required panoptic file: gazebo_instance_count_path; missing optional panoptic file: colored_map_path; missing optional panoptic file: metadata_path
0.1,perception_rt_small_v0,rt_out/experiments/semantic_ablation_actor_200f,11,11,110,110,28268,cam_wall_east,640,480,1.047,0.1,20.0,4.38989,-0.157588,2.81304,-0.047579,0.393096,3.098594,,,,,,false,false,false,false,false,,false,missing,,,,,,,,6,"rx_panda_base,rx_ur5_base,rx_cerberus_base,rx_nao_chest,rx_human_chest,rx_x500_body",frame_id,"[{""frame_id"":""110"",""source_sample_index"":""28268"",""rx_id"":""rx_panda_base"",""num_paths"":""25"",""tau_min"":""7.579527228074312e-09"",""tau_max"":""6.284866316264015e-08"",""delay_spread"":""5.526913593456584e-08"",""path_gain_sum"":""1.814251504583808e-08"",""path_gain_db"":""-77.41302508079865"",""rx_power_dbm"":""-47.41302508079865"",""sanity_ok"":""True"",""xml_path"":""rt_out/experiments/semantic_ablation_actor_200f/sionna_xml/frame_110_sionna.xml""},{""frame_id"":""110"",""source_sample_index"":""28268"",""rx_id"":""rx_ur5_base"",""num_paths"":""18"",""tau_min"":""5.708055805797585e-09"",""tau_max"":""5.930293767164585e-08"",""delay_spread"":""5.3594881865848265e-08"",""path_gain_sum"":""6.898487754369853e-07"",""path_gain_db"":""-61.61246102293572"",""rx_power_dbm"":""-31.61246102293572"",""sanity_ok"":""True"",""xml_path"":""rt_out/experiments/semantic_ablation_actor_200f/sionna_xml/frame_110_sionna.xml""},{""frame_id"":""110"",""source_sample_index"":""28268"",""rx_id"":""rx_cerberus_base"",""num_paths"":""17"",""tau_min"":""1.574846919538686e-08"",""tau_max"":""5.478522524526852e-08"",""delay_spread"":""3.903675604988166e-08"",""path_gain_sum"":""3.6172945527823686e-08"",""path_gain_db"":""-74.41616125620585"",""rx_power_dbm"":""-44.416161256205854"",""sanity_ok"":""True"",""xml_path"":""rt_out/experiments/semantic_ablation_actor_200f/sionna_xml/frame_110_sionna.xml""},{""frame_id"":""110"",""source_sample_index"":""28268"",""rx_id"":""rx_nao_chest"",""num_paths"":""24"",""tau_min"":""1.0787783999433032e-08"",""tau_max"":""6.209720737615498e-08"",""delay_spread"":""5.130942337672195e-08"",""path_gain_sum"":""7.249248312746204e-08"",""path_gain_db"":""-71.39707023849851"",""rx_power_dbm"":""-41.397070238498515"",""sanity_ok"":""True"",""xml_path"":""rt_out/experiments/semantic_ablation_actor_200f/sionna_xml/frame_110_sionna.xml""},{""frame_id"":""110"",""source_sample_index"":""28268"",""rx_id"":""rx_human_chest"",""num_paths"":""21"",""tau_min"":""6.163341392806387e-09"",""tau_max"":""6.431429255826515e-08"",""delay_spread"":""5.8150951165458764e-08"",""path_gain_sum"":""2.2401947319394822e-07"",""path_gain_db"":""-66.49714228393097"",""rx_power_dbm"":""-36.49714228393097"",""sanity_ok"":""True"",""xml_path"":""rt_out/experiments/semantic_ablation_actor_200f/sionna_xml/frame_110_sionna.xml""},{""frame_id"":""110"",""source_sample_index"":""28268"",""rx_id"":""rx_x500_body"",""num_paths"":""22"",""tau_min"":""1.7234324189985273e-08"",""tau_max"":""7.465505547088469e-08"",""delay_spread"":""5.742073128089942e-08"",""path_gain_sum"":""3.3714009362029174e-08"",""path_gain_db"":""-74.72189596922387"",""rx_power_dbm"":""-44.721895969223866"",""sanity_ok"":""True"",""xml_path"":""rt_out/experiments/semantic_ablation_actor_200f/sionna_xml/frame_110_sionna.xml""}]",6,"[{""frame_id"":""110"",""source_sample_index"":""28268"",""rx_id"":""rx_cerberus_base"",""delta_num_paths"":""-1"",""delta_delay_spread"":""-2.451471914355352e-09"",""delta_rx_power_db"":""-0.004952300574558421"",""y_path_change"":""1"",""y_path_drop"":""1"",""y_rx_power_drop_0p5db"":""0"",""y_rx_power_drop_1db"":""0"",""y_rx_power_drop_2db"":""0"",""y_delay_spread_increase"":""0"",""y_adaptation_trigger_1db"":""0"",""y_adaptation_trigger_2db"":""0""},{""frame_id"":""110"",""source_sample_index"":""28268"",""rx_id"":""rx_human_chest"",""delta_num_paths"":""0"",""delta_delay_spread"":""0.0"",""delta_rx_power_db"":""0.0"",""y_path_change"":""0"",""y_path_drop"":""0"",""y_rx_power_drop_0p5db"":""0"",""y_rx_power_drop_1db"":""0"",""y_rx_power_drop_2db"":""0"",""y_delay_spread_increase"":""0"",""y_adaptation_trigger_1db"":""0"",""y_adaptation_trigger_2db"":""0""},{""frame_id"":""110"",""source_sample_index"":""28268"",""rx_id"":""rx_nao_chest"",""delta_num_paths"":""0"",""delta_delay_spread"":""0.0"",""delta_rx_power_db"":""0.0"",""y_path_change"":""0"",""y_path_drop"":""0"",""y_rx_power_drop_0p5db"":""0"",""y_rx_power_drop_1db"":""0"",""y_rx_power_drop_2db"":""0"",""y_delay_spread_increase"":""0"",""y_adaptation_trigger_1db"":""0"",""y_adaptation_trigger_2db"":""0""},{""frame_id"":""110"",""source_sample_index"":""28268"",""rx_id"":""rx_panda_base"",""delta_num_paths"":""1"",""delta_delay_spread"":""0.0"",""delta_rx_power_db"":""0.004508004721216707"",""y_path_change"":""1"",""y_path_drop"":""0"",""y_rx_power_drop_0p5db"":""0"",""y_rx_power_drop_1db"":""0"",""y_rx_power_drop_2db"":""0"",""y_delay_spread_increase"":""0"",""y_adaptation_trigger_1db"":""0"",""y_adaptation_trigger_2db"":""0""},{""frame_id"":""110"",""source_sample_index"":""28268"",""rx_id"":""rx_ur5_base"",""delta_num_paths"":""1"",""delta_delay_spread"":""0.0"",""delta_rx_power_db"":""1.6702904601596487"",""y_path_change"":""1"",""y_path_drop"":""0"",""y_rx_power_drop_0p5db"":""0"",""y_rx_power_drop_1db"":""0"",""y_rx_power_drop_2db"":""0"",""y_delay_spread_increase"":""0"",""y_adaptation_trigger_1db"":""0"",""y_adaptation_trigger_2db"":""0""},{""frame_id"":""110"",""source_sample_index"":""28268"",""rx_id"":""rx_x500_body"",""delta_num_paths"":""0"",""delta_delay_spread"":""0.0"",""delta_rx_power_db"":""-9.153012712204145e-07"",""y_path_change"":""0"",""y_path_drop"":""0"",""y_rx_power_drop_0p5db"":""0"",""y_rx_power_drop_1db"":""0"",""y_rx_power_drop_2db"":""0"",""y_delay_spread_increase"":""0"",""y_adaptation_trigger_1db"":""0"",""y_adaptation_trigger_2db"":""0""}]",frame_id,rt_out/experiments/perception_rt_small_v0/frames/instance_registry.json,rt_out/experiments/perception_rt_small_v0/configs/semantic_label_map.json,error,missing required panoptic file: panoptic_labels_rgb_path; missing required panoptic file: semantic_decoded_path; missing required panoptic file: gazebo_instance_count_path; missing optional panoptic file: colored_map_path; missing optional panoptic file: metadata_path
0.1,perception_rt_small_v0,rt_out/experiments/semantic_ablation_actor_200f,11,11,110,110,28268,cam_wall_west,640,480,1.047,0.1,20.0,-4.368888,-0.03657,2.817008,0.035211,0.406352,0.030119,,,,,,false,false,false,false,false,,false,missing,,,,,,,,6,"rx_panda_base,rx_ur5_base,rx_cerberus_base,rx_nao_chest,rx_human_chest,rx_x500_body",frame_id,"[{""frame_id"":""110"",""source_sample_index"":""28268"",""rx_id"":""rx_panda_base"",""num_paths"":""25"",""tau_min"":""7.579527228074312e-09"",""tau_max"":""6.284866316264015e-08"",""delay_spread"":""5.526913593456584e-08"",""path_gain_sum"":""1.814251504583808e-08"",""path_gain_db"":""-77.41302508079865"",""rx_power_dbm"":""-47.41302508079865"",""sanity_ok"":""True"",""xml_path"":""rt_out/experiments/semantic_ablation_actor_200f/sionna_xml/frame_110_sionna.xml""},{""frame_id"":""110"",""source_sample_index"":""28268"",""rx_id"":""rx_ur5_base"",""num_paths"":""18"",""tau_min"":""5.708055805797585e-09"",""tau_max"":""5.930293767164585e-08"",""delay_spread"":""5.3594881865848265e-08"",""path_gain_sum"":""6.898487754369853e-07"",""path_gain_db"":""-61.61246102293572"",""rx_power_dbm"":""-31.61246102293572"",""sanity_ok"":""True"",""xml_path"":""rt_out/experiments/semantic_ablation_actor_200f/sionna_xml/frame_110_sionna.xml""},{""frame_id"":""110"",""source_sample_index"":""28268"",""rx_id"":""rx_cerberus_base"",""num_paths"":""17"",""tau_min"":""1.574846919538686e-08"",""tau_max"":""5.478522524526852e-08"",""delay_spread"":""3.903675604988166e-08"",""path_gain_sum"":""3.6172945527823686e-08"",""path_gain_db"":""-74.41616125620585"",""rx_power_dbm"":""-44.416161256205854"",""sanity_ok"":""True"",""xml_path"":""rt_out/experiments/semantic_ablation_actor_200f/sionna_xml/frame_110_sionna.xml""},{""frame_id"":""110"",""source_sample_index"":""28268"",""rx_id"":""rx_nao_chest"",""num_paths"":""24"",""tau_min"":""1.0787783999433032e-08"",""tau_max"":""6.209720737615498e-08"",""delay_spread"":""5.130942337672195e-08"",""path_gain_sum"":""7.249248312746204e-08"",""path_gain_db"":""-71.39707023849851"",""rx_power_dbm"":""-41.397070238498515"",""sanity_ok"":""True"",""xml_path"":""rt_out/experiments/semantic_ablation_actor_200f/sionna_xml/frame_110_sionna.xml""},{""frame_id"":""110"",""source_sample_index"":""28268"",""rx_id"":""rx_human_chest"",""num_paths"":""21"",""tau_min"":""6.163341392806387e-09"",""tau_max"":""6.431429255826515e-08"",""delay_spread"":""5.8150951165458764e-08"",""path_gain_sum"":""2.2401947319394822e-07"",""path_gain_db"":""-66.49714228393097"",""rx_power_dbm"":""-36.49714228393097"",""sanity_ok"":""True"",""xml_path"":""rt_out/experiments/semantic_ablation_actor_200f/sionna_xml/frame_110_sionna.xml""},{""frame_id"":""110"",""source_sample_index"":""28268"",""rx_id"":""rx_x500_body"",""num_paths"":""22"",""tau_min"":""1.7234324189985273e-08"",""tau_max"":""7.465505547088469e-08"",""delay_spread"":""5.742073128089942e-08"",""path_gain_sum"":""3.3714009362029174e-08"",""path_gain_db"":""-74.72189596922387"",""rx_power_dbm"":""-44.721895969223866"",""sanity_ok"":""True"",""xml_path"":""rt_out/experiments/semantic_ablation_actor_200f/sionna_xml/frame_110_sionna.xml""}]",6,"[{""frame_id"":""110"",""source_sample_index"":""28268"",""rx_id"":""rx_cerberus_base"",""delta_num_paths"":""-1"",""delta_delay_spread"":""-2.451471914355352e-09"",""delta_rx_power_db"":""-0.004952300574558421"",""y_path_change"":""1"",""y_path_drop"":""1"",""y_rx_power_drop_0p5db"":""0"",""y_rx_power_drop_1db"":""0"",""y_rx_power_drop_2db"":""0"",""y_delay_spread_increase"":""0"",""y_adaptation_trigger_1db"":""0"",""y_adaptation_trigger_2db"":""0""},{""frame_id"":""110"",""source_sample_index"":""28268"",""rx_id"":""rx_human_chest"",""delta_num_paths"":""0"",""delta_delay_spread"":""0.0"",""delta_rx_power_db"":""0.0"",""y_path_change"":""0"",""y_path_drop"":""0"",""y_rx_power_drop_0p5db"":""0"",""y_rx_power_drop_1db"":""0"",""y_rx_power_drop_2db"":""0"",""y_delay_spread_increase"":""0"",""y_adaptation_trigger_1db"":""0"",""y_adaptation_trigger_2db"":""0""},{""frame_id"":""110"",""source_sample_index"":""28268"",""rx_id"":""rx_nao_chest"",""delta_num_paths"":""0"",""delta_delay_spread"":""0.0"",""delta_rx_power_db"":""0.0"",""y_path_change"":""0"",""y_path_drop"":""0"",""y_rx_power_drop_0p5db"":""0"",""y_rx_power_drop_1db"":""0"",""y_rx_power_drop_2db"":""0"",""y_delay_spread_increase"":""0"",""y_adaptation_trigger_1db"":""0"",""y_adaptation_trigger_2db"":""0""},{""frame_id"":""110"",""source_sample_index"":""28268"",""rx_id"":""rx_panda_base"",""delta_num_paths"":""1"",""delta_delay_spread"":""0.0"",""delta_rx_power_db"":""0.004508004721216707"",""y_path_change"":""1"",""y_path_drop"":""0"",""y_rx_power_drop_0p5db"":""0"",""y_rx_power_drop_1db"":""0"",""y_rx_power_drop_2db"":""0"",""y_delay_spread_increase"":""0"",""y_adaptation_trigger_1db"":""0"",""y_adaptation_trigger_2db"":""0""},{""frame_id"":""110"",""source_sample_index"":""28268"",""rx_id"":""rx_ur5_base"",""delta_num_paths"":""1"",""delta_delay_spread"":""0.0"",""delta_rx_power_db"":""1.6702904601596487"",""y_path_change"":""1"",""y_path_drop"":""0"",""y_rx_power_drop_0p5db"":""0"",""y_rx_power_drop_1db"":""0"",""y_rx_power_drop_2db"":""0"",""y_delay_spread_increase"":""0"",""y_adaptation_trigger_1db"":""0"",""y_adaptation_trigger_2db"":""0""},{""frame_id"":""110"",""source_sample_index"":""28268"",""rx_id"":""rx_x500_body"",""delta_num_paths"":""0"",""delta_delay_spread"":""0.0"",""delta_rx_power_db"":""-9.153012712204145e-07"",""y_path_change"":""0"",""y_path_drop"":""0"",""y_rx_power_drop_0p5db"":""0"",""y_rx_power_drop_1db"":""0"",""y_rx_power_drop_2db"":""0"",""y_delay_spread_increase"":""0"",""y_adaptation_trigger_1db"":""0"",""y_adaptation_trigger_2db"":""0""}]",frame_id,rt_out/experiments/perception_rt_small_v0/frames/instance_registry.json,rt_out/experiments/perception_rt_small_v0/configs/semantic_label_map.json,error,missing required panoptic file: panoptic_labels_rgb_path; missing required panoptic file: semantic_decoded_path; missing required panoptic file: gazebo_instance_count_path; missing optional panoptic file: colored_map_path; missing optional panoptic file: metadata_path
0.1,perception_rt_small_v0,rt_out/experiments/semantic_ablation_actor_200f,12,12,120,120,30838,cam_corner_nw,640,480,1.047,0.1,20.0,-4.368888,4.38902,2.76265,-0.018875,0.447306,-0.787697,,,,,,false,false,false,false,false,,false,missing,,,,,,,,6,"rx_panda_base,rx_ur5_base,rx_cerberus_base,rx_nao_chest,rx_human_chest,rx_x500_body",frame_id,"[{""frame_id"":""120"",""source_sample_index"":""30838"",""rx_id"":""rx_panda_base"",""num_paths"":""30"",""tau_min"":""7.579527228074312e-09"",""tau_max"":""6.284866316264015e-08"",""delay_spread"":""5.526913593456584e-08"",""path_gain_sum"":""2.416249600400988e-08"",""path_gain_db"":""-76.16858204786944"",""rx_power_dbm"":""-46.168582047869435"",""sanity_ok"":""True"",""xml_path"":""rt_out/experiments/semantic_ablation_actor_200f/sionna_xml/frame_120_sionna.xml""},{""frame_id"":""120"",""source_sample_index"":""30838"",""rx_id"":""rx_ur5_base"",""num_paths"":""20"",""tau_min"":""8.658745720424577e-09"",""tau_max"":""5.930293767164585e-08"",""delay_spread"":""5.0644191951221273e-08"",""path_gain_sum"":""2.6935935704130998e-09"",""path_gain_db"":""-85.6966793327628"",""rx_power_dbm"":""-55.6966793327628"",""sanity_ok"":""True"",""xml_path"":""rt_out/experiments/semantic_ablation_actor_200f/sionna_xml/frame_120_sionna.xml""},{""frame_id"":""120"",""source_sample_index"":""30838"",""rx_id"":""rx_cerberus_base"",""num_paths"":""18"",""tau_min"":""1.574846919538686e-08"",""tau_max"":""5.723669715962387e-08"",""delay_spread"":""4.148822796423701e-08"",""path_gain_sum"":""3.6214210297202953e-08"",""path_gain_db"":""-74.41120980774089"",""rx_power_dbm"":""-44.41120980774089"",""sanity_ok"":""True"",""xml_path"":""rt_out/experiments/semantic_ablation_actor_200f/sionna_xml/frame_120_sionna.xml""},{""frame_id"":""120"",""source_sample_index"":""30838"",""rx_id"":""rx_nao_chest"",""num_paths"":""20"",""tau_min"":""1.0787783999433032e-08"",""tau_max"":""6.209720737615498e-08"",""delay_spread"":""5.130942337672195e-08"",""path_gain_sum"":""7.193393969373574e-08"",""path_gain_db"":""-71.43066153512711"",""rx_power_dbm"":""-41.430661535127115"",""sanity_ok"":""True"",""xml_path"":""rt_out/experiments/semantic_ablation_actor_200f/sionna_xml/frame_120_sionna.xml""},{""frame_id"":""120"",""source_sample_index"":""30838"",""rx_id"":""rx_human_chest"",""num_paths"":""23"",""tau_min"":""6.163341392806387e-09"",""tau_max"":""6.568895827285814e-08"",""delay_spread"":""5.952561688005176e-08"",""path_gain_sum"":""2.2439071756252815e-07"",""path_gain_db"":""-66.48995112633139"",""rx_power_dbm"":""-36.48995112633139"",""sanity_ok"":""True"",""xml_path"":""rt_out/experiments/semantic_ablation_actor_200f/sionna_xml/frame_120_sionna.xml""},{""frame_id"":""120"",""source_sample_index"":""30838"",""rx_id"":""rx_x500_body"",""num_paths"":""23"",""tau_min"":""1.7234324189985273e-08"",""tau_max"":""7.465505547088469e-08"",""delay_spread"":""5.742073128089942e-08"",""path_gain_sum"":""3.372388590605624e-08"",""path_gain_db"":""-74.72062388664037"",""rx_power_dbm"":""-44.72062388664037"",""sanity_ok"":""True"",""xml_path"":""rt_out/experiments/semantic_ablation_actor_200f/sionna_xml/frame_120_sionna.xml""}]",6,"[{""frame_id"":""120"",""source_sample_index"":""30838"",""rx_id"":""rx_cerberus_base"",""delta_num_paths"":""0"",""delta_delay_spread"":""0.0"",""delta_rx_power_db"":""-4.260548109868978e-07"",""y_path_change"":""0"",""y_path_drop"":""0"",""y_rx_power_drop_0p5db"":""0"",""y_rx_power_drop_1db"":""0"",""y_rx_power_drop_2db"":""0"",""y_delay_spread_increase"":""0"",""y_adaptation_trigger_1db"":""0"",""y_adaptation_trigger_2db"":""0""},{""frame_id"":""120"",""source_sample_index"":""30838"",""rx_id"":""rx_human_chest"",""delta_num_paths"":""0"",""delta_delay_spread"":""0.0"",""delta_rx_power_db"":""2.750423959696491e-07"",""y_path_change"":""0"",""y_path_drop"":""0"",""y_rx_power_drop_0p5db"":""0"",""y_rx_power_drop_1db"":""0"",""y_rx_power_drop_2db"":""0"",""y_delay_spread_increase"":""0"",""y_adaptation_trigger_1db"":""0"",""y_adaptation_trigger_2db"":""0""},{""frame_id"":""120"",""source_sample_index"":""30838"",""rx_id"":""rx_nao_chest"",""delta_num_paths"":""-4"",""delta_delay_spread"":""0.0"",""delta_rx_power_db"":""-0.03359172230690888"",""y_path_change"":""1"",""y_path_drop"":""1"",""y_rx_power_drop_0p5db"":""0"",""y_rx_power_drop_1db"":""0"",""y_rx_power_drop_2db"":""0"",""y_delay_spread_increase"":""0"",""y_adaptation_trigger_1db"":""0"",""y_adaptation_trigger_2db"":""0""},{""frame_id"":""120"",""source_sample_index"":""30838"",""rx_id"":""rx_panda_base"",""delta_num_paths"":""1"",""delta_delay_spread"":""0.0"",""delta_rx_power_db"":""1.2272483451146314"",""y_path_change"":""1"",""y_path_drop"":""0"",""y_rx_power_drop_0p5db"":""0"",""y_rx_power_drop_1db"":""0"",""y_rx_power_drop_2db"":""0"",""y_delay_spread_increase"":""0"",""y_adaptation_trigger_1db"":""0"",""y_adaptation_trigger_2db"":""0""},{""frame_id"":""120"",""source_sample_index"":""30838"",""rx_id"":""rx_ur5_base"",""delta_num_paths"":""-5"",""delta_delay_spread"":""-2.9506899146269916e-09"",""delta_rx_power_db"":""-25.21795970529326"",""y_path_change"":""1"",""y_path_drop"":""1"",""y_rx_power_drop_0p5db"":""1"",""y_rx_power_drop_1db"":""1"",""y_rx_power_drop_2db"":""1"",""y_delay_spread_increase"":""0"",""y_adaptation_trigger_1db"":""1"",""y_adaptation_trigger_2db"":""1""},{""frame_id"":""120"",""source_sample_index"":""30838"",""rx_id"":""rx_x500_body"",""delta_num_paths"":""0"",""delta_delay_spread"":""0.0"",""delta_rx_power_db"":""-9.150332118679216e-07"",""y_path_change"":""0"",""y_path_drop"":""0"",""y_rx_power_drop_0p5db"":""0"",""y_rx_power_drop_1db"":""0"",""y_rx_power_drop_2db"":""0"",""y_delay_spread_increase"":""0"",""y_adaptation_trigger_1db"":""0"",""y_adaptation_trigger_2db"":""0""}]",frame_id,rt_out/experiments/perception_rt_small_v0/frames/instance_registry.json,rt_out/experiments/perception_rt_small_v0/configs/semantic_label_map.json,error,missing required panoptic file: panoptic_labels_rgb_path; missing required panoptic file: semantic_decoded_path; missing required panoptic file: gazebo_instance_count_path; missing optional panoptic file: colored_map_path; missing optional panoptic file: metadata_path
0.1,perception_rt_small_v0,rt_out/experiments/semantic_ablation_actor_200f,12,12,120,120,30838,cam_corner_ne,640,480,1.047,0.1,20.0,4.38989,4.38902,2.76265,-0.018875,0.447306,-2.356294,,,,,,false,false,false,false,false,,false,missing,,,,,,,,6,"rx_panda_base,rx_ur5_base,rx_cerberus_base,rx_nao_chest,rx_human_chest,rx_x500_body",frame_id,"[{""frame_id"":""120"",""source_sample_index"":""30838"",""rx_id"":""rx_panda_base"",""num_paths"":""30"",""tau_min"":""7.579527228074312e-09"",""tau_max"":""6.284866316264015e-08"",""delay_spread"":""5.526913593456584e-08"",""path_gain_sum"":""2.416249600400988e-08"",""path_gain_db"":""-76.16858204786944"",""rx_power_dbm"":""-46.168582047869435"",""sanity_ok"":""True"",""xml_path"":""rt_out/experiments/semantic_ablation_actor_200f/sionna_xml/frame_120_sionna.xml""},{""frame_id"":""120"",""source_sample_index"":""30838"",""rx_id"":""rx_ur5_base"",""num_paths"":""20"",""tau_min"":""8.658745720424577e-09"",""tau_max"":""5.930293767164585e-08"",""delay_spread"":""5.0644191951221273e-08"",""path_gain_sum"":""2.6935935704130998e-09"",""path_gain_db"":""-85.6966793327628"",""rx_power_dbm"":""-55.6966793327628"",""sanity_ok"":""True"",""xml_path"":""rt_out/experiments/semantic_ablation_actor_200f/sionna_xml/frame_120_sionna.xml""},{""frame_id"":""120"",""source_sample_index"":""30838"",""rx_id"":""rx_cerberus_base"",""num_paths"":""18"",""tau_min"":""1.574846919538686e-08"",""tau_max"":""5.723669715962387e-08"",""delay_spread"":""4.148822796423701e-08"",""path_gain_sum"":""3.6214210297202953e-08"",""path_gain_db"":""-74.41120980774089"",""rx_power_dbm"":""-44.41120980774089"",""sanity_ok"":""True"",""xml_path"":""rt_out/experiments/semantic_ablation_actor_200f/sionna_xml/frame_120_sionna.xml""},{""frame_id"":""120"",""source_sample_index"":""30838"",""rx_id"":""rx_nao_chest"",""num_paths"":""20"",""tau_min"":""1.0787783999433032e-08"",""tau_max"":""6.209720737615498e-08"",""delay_spread"":""5.130942337672195e-08"",""path_gain_sum"":""7.193393969373574e-08"",""path_gain_db"":""-71.43066153512711"",""rx_power_dbm"":""-41.430661535127115"",""sanity_ok"":""True"",""xml_path"":""rt_out/experiments/semantic_ablation_actor_200f/sionna_xml/frame_120_sionna.xml""},{""frame_id"":""120"",""source_sample_index"":""30838"",""rx_id"":""rx_human_chest"",""num_paths"":""23"",""tau_min"":""6.163341392806387e-09"",""tau_max"":""6.568895827285814e-08"",""delay_spread"":""5.952561688005176e-08"",""path_gain_sum"":""2.2439071756252815e-07"",""path_gain_db"":""-66.48995112633139"",""rx_power_dbm"":""-36.48995112633139"",""sanity_ok"":""True"",""xml_path"":""rt_out/experiments/semantic_ablation_actor_200f/sionna_xml/frame_120_sionna.xml""},{""frame_id"":""120"",""source_sample_index"":""30838"",""rx_id"":""rx_x500_body"",""num_paths"":""23"",""tau_min"":""1.7234324189985273e-08"",""tau_max"":""7.465505547088469e-08"",""delay_spread"":""5.742073128089942e-08"",""path_gain_sum"":""3.372388590605624e-08"",""path_gain_db"":""-74.72062388664037"",""rx_power_dbm"":""-44.72062388664037"",""sanity_ok"":""True"",""xml_path"":""rt_out/experiments/semantic_ablation_actor_200f/sionna_xml/frame_120_sionna.xml""}]",6,"[{""frame_id"":""120"",""source_sample_index"":""30838"",""rx_id"":""rx_cerberus_base"",""delta_num_paths"":""0"",""delta_delay_spread"":""0.0"",""delta_rx_power_db"":""-4.260548109868978e-07"",""y_path_change"":""0"",""y_path_drop"":""0"",""y_rx_power_drop_0p5db"":""0"",""y_rx_power_drop_1db"":""0"",""y_rx_power_drop_2db"":""0"",""y_delay_spread_increase"":""0"",""y_adaptation_trigger_1db"":""0"",""y_adaptation_trigger_2db"":""0""},{""frame_id"":""120"",""source_sample_index"":""30838"",""rx_id"":""rx_human_chest"",""delta_num_paths"":""0"",""delta_delay_spread"":""0.0"",""delta_rx_power_db"":""2.750423959696491e-07"",""y_path_change"":""0"",""y_path_drop"":""0"",""y_rx_power_drop_0p5db"":""0"",""y_rx_power_drop_1db"":""0"",""y_rx_power_drop_2db"":""0"",""y_delay_spread_increase"":""0"",""y_adaptation_trigger_1db"":""0"",""y_adaptation_trigger_2db"":""0""},{""frame_id"":""120"",""source_sample_index"":""30838"",""rx_id"":""rx_nao_chest"",""delta_num_paths"":""-4"",""delta_delay_spread"":""0.0"",""delta_rx_power_db"":""-0.03359172230690888"",""y_path_change"":""1"",""y_path_drop"":""1"",""y_rx_power_drop_0p5db"":""0"",""y_rx_power_drop_1db"":""0"",""y_rx_power_drop_2db"":""0"",""y_delay_spread_increase"":""0"",""y_adaptation_trigger_1db"":""0"",""y_adaptation_trigger_2db"":""0""},{""frame_id"":""120"",""source_sample_index"":""30838"",""rx_id"":""rx_panda_base"",""delta_num_paths"":""1"",""delta_delay_spread"":""0.0"",""delta_rx_power_db"":""1.2272483451146314"",""y_path_change"":""1"",""y_path_drop"":""0"",""y_rx_power_drop_0p5db"":""0"",""y_rx_power_drop_1db"":""0"",""y_rx_power_drop_2db"":""0"",""y_delay_spread_increase"":""0"",""y_adaptation_trigger_1db"":""0"",""y_adaptation_trigger_2db"":""0""},{""frame_id"":""120"",""source_sample_index"":""30838"",""rx_id"":""rx_ur5_base"",""delta_num_paths"":""-5"",""delta_delay_spread"":""-2.9506899146269916e-09"",""delta_rx_power_db"":""-25.21795970529326"",""y_path_change"":""1"",""y_path_drop"":""1"",""y_rx_power_drop_0p5db"":""1"",""y_rx_power_drop_1db"":""1"",""y_rx_power_drop_2db"":""1"",""y_delay_spread_increase"":""0"",""y_adaptation_trigger_1db"":""1"",""y_adaptation_trigger_2db"":""1""},{""frame_id"":""120"",""source_sample_index"":""30838"",""rx_id"":""rx_x500_body"",""delta_num_paths"":""0"",""delta_delay_spread"":""0.0"",""delta_rx_power_db"":""-9.150332118679216e-07"",""y_path_change"":""0"",""y_path_drop"":""0"",""y_rx_power_drop_0p5db"":""0"",""y_rx_power_drop_1db"":""0"",""y_rx_power_drop_2db"":""0"",""y_delay_spread_increase"":""0"",""y_adaptation_trigger_1db"":""0"",""y_adaptation_trigger_2db"":""0""}]",frame_id,rt_out/experiments/perception_rt_small_v0/frames/instance_registry.json,rt_out/experiments/perception_rt_small_v0/configs/semantic_label_map.json,error,missing required panoptic file: panoptic_labels_rgb_path; missing required panoptic file: semantic_decoded_path; missing required panoptic file: gazebo_instance_count_path; missing optional panoptic file: colored_map_path; missing optional panoptic file: metadata_path
0.1,perception_rt_small_v0,rt_out/experiments/semantic_ablation_actor_200f,12,12,120,120,30838,cam_corner_sw,640,480,1.047,0.1,20.0,-4.2766,-4.27322,2.72007,-0.014193,0.518246,0.774445,,,,,,false,false,false,false,false,,false,missing,,,,,,,,6,"rx_panda_base,rx_ur5_base,rx_cerberus_base,rx_nao_chest,rx_human_chest,rx_x500_body",frame_id,"[{""frame_id"":""120"",""source_sample_index"":""30838"",""rx_id"":""rx_panda_base"",""num_paths"":""30"",""tau_min"":""7.579527228074312e-09"",""tau_max"":""6.284866316264015e-08"",""delay_spread"":""5.526913593456584e-08"",""path_gain_sum"":""2.416249600400988e-08"",""path_gain_db"":""-76.16858204786944"",""rx_power_dbm"":""-46.168582047869435"",""sanity_ok"":""True"",""xml_path"":""rt_out/experiments/semantic_ablation_actor_200f/sionna_xml/frame_120_sionna.xml""},{""frame_id"":""120"",""source_sample_index"":""30838"",""rx_id"":""rx_ur5_base"",""num_paths"":""20"",""tau_min"":""8.658745720424577e-09"",""tau_max"":""5.930293767164585e-08"",""delay_spread"":""5.0644191951221273e-08"",""path_gain_sum"":""2.6935935704130998e-09"",""path_gain_db"":""-85.6966793327628"",""rx_power_dbm"":""-55.6966793327628"",""sanity_ok"":""True"",""xml_path"":""rt_out/experiments/semantic_ablation_actor_200f/sionna_xml/frame_120_sionna.xml""},{""frame_id"":""120"",""source_sample_index"":""30838"",""rx_id"":""rx_cerberus_base"",""num_paths"":""18"",""tau_min"":""1.574846919538686e-08"",""tau_max"":""5.723669715962387e-08"",""delay_spread"":""4.148822796423701e-08"",""path_gain_sum"":""3.6214210297202953e-08"",""path_gain_db"":""-74.41120980774089"",""rx_power_dbm"":""-44.41120980774089"",""sanity_ok"":""True"",""xml_path"":""rt_out/experiments/semantic_ablation_actor_200f/sionna_xml/frame_120_sionna.xml""},{""frame_id"":""120"",""source_sample_index"":""30838"",""rx_id"":""rx_nao_chest"",""num_paths"":""20"",""tau_min"":""1.0787783999433032e-08"",""tau_max"":""6.209720737615498e-08"",""delay_spread"":""5.130942337672195e-08"",""path_gain_sum"":""7.193393969373574e-08"",""path_gain_db"":""-71.43066153512711"",""rx_power_dbm"":""-41.430661535127115"",""sanity_ok"":""True"",""xml_path"":""rt_out/experiments/semantic_ablation_actor_200f/sionna_xml/frame_120_sionna.xml""},{""frame_id"":""120"",""source_sample_index"":""30838"",""rx_id"":""rx_human_chest"",""num_paths"":""23"",""tau_min"":""6.163341392806387e-09"",""tau_max"":""6.568895827285814e-08"",""delay_spread"":""5.952561688005176e-08"",""path_gain_sum"":""2.2439071756252815e-07"",""path_gain_db"":""-66.48995112633139"",""rx_power_dbm"":""-36.48995112633139"",""sanity_ok"":""True"",""xml_path"":""rt_out/experiments/semantic_ablation_actor_200f/sionna_xml/frame_120_sionna.xml""},{""frame_id"":""120"",""source_sample_index"":""30838"",""rx_id"":""rx_x500_body"",""num_paths"":""23"",""tau_min"":""1.7234324189985273e-08"",""tau_max"":""7.465505547088469e-08"",""delay_spread"":""5.742073128089942e-08"",""path_gain_sum"":""3.372388590605624e-08"",""path_gain_db"":""-74.72062388664037"",""rx_power_dbm"":""-44.72062388664037"",""sanity_ok"":""True"",""xml_path"":""rt_out/experiments/semantic_ablation_actor_200f/sionna_xml/frame_120_sionna.xml""}]",6,"[{""frame_id"":""120"",""source_sample_index"":""30838"",""rx_id"":""rx_cerberus_base"",""delta_num_paths"":""0"",""delta_delay_spread"":""0.0"",""delta_rx_power_db"":""-4.260548109868978e-07"",""y_path_change"":""0"",""y_path_drop"":""0"",""y_rx_power_drop_0p5db"":""0"",""y_rx_power_drop_1db"":""0"",""y_rx_power_drop_2db"":""0"",""y_delay_spread_increase"":""0"",""y_adaptation_trigger_1db"":""0"",""y_adaptation_trigger_2db"":""0""},{""frame_id"":""120"",""source_sample_index"":""30838"",""rx_id"":""rx_human_chest"",""delta_num_paths"":""0"",""delta_delay_spread"":""0.0"",""delta_rx_power_db"":""2.750423959696491e-07"",""y_path_change"":""0"",""y_path_drop"":""0"",""y_rx_power_drop_0p5db"":""0"",""y_rx_power_drop_1db"":""0"",""y_rx_power_drop_2db"":""0"",""y_delay_spread_increase"":""0"",""y_adaptation_trigger_1db"":""0"",""y_adaptation_trigger_2db"":""0""},{""frame_id"":""120"",""source_sample_index"":""30838"",""rx_id"":""rx_nao_chest"",""delta_num_paths"":""-4"",""delta_delay_spread"":""0.0"",""delta_rx_power_db"":""-0.03359172230690888"",""y_path_change"":""1"",""y_path_drop"":""1"",""y_rx_power_drop_0p5db"":""0"",""y_rx_power_drop_1db"":""0"",""y_rx_power_drop_2db"":""0"",""y_delay_spread_increase"":""0"",""y_adaptation_trigger_1db"":""0"",""y_adaptation_trigger_2db"":""0""},{""frame_id"":""120"",""source_sample_index"":""30838"",""rx_id"":""rx_panda_base"",""delta_num_paths"":""1"",""delta_delay_spread"":""0.0"",""delta_rx_power_db"":""1.2272483451146314"",""y_path_change"":""1"",""y_path_drop"":""0"",""y_rx_power_drop_0p5db"":""0"",""y_rx_power_drop_1db"":""0"",""y_rx_power_drop_2db"":""0"",""y_delay_spread_increase"":""0"",""y_adaptation_trigger_1db"":""0"",""y_adaptation_trigger_2db"":""0""},{""frame_id"":""120"",""source_sample_index"":""30838"",""rx_id"":""rx_ur5_base"",""delta_num_paths"":""-5"",""delta_delay_spread"":""-2.9506899146269916e-09"",""delta_rx_power_db"":""-25.21795970529326"",""y_path_change"":""1"",""y_path_drop"":""1"",""y_rx_power_drop_0p5db"":""1"",""y_rx_power_drop_1db"":""1"",""y_rx_power_drop_2db"":""1"",""y_delay_spread_increase"":""0"",""y_adaptation_trigger_1db"":""1"",""y_adaptation_trigger_2db"":""1""},{""frame_id"":""120"",""source_sample_index"":""30838"",""rx_id"":""rx_x500_body"",""delta_num_paths"":""0"",""delta_delay_spread"":""0.0"",""delta_rx_power_db"":""-9.150332118679216e-07"",""y_path_change"":""0"",""y_path_drop"":""0"",""y_rx_power_drop_0p5db"":""0"",""y_rx_power_drop_1db"":""0"",""y_rx_power_drop_2db"":""0"",""y_delay_spread_increase"":""0"",""y_adaptation_trigger_1db"":""0"",""y_adaptation_trigger_2db"":""0""}]",frame_id,rt_out/experiments/perception_rt_small_v0/frames/instance_registry.json,rt_out/experiments/perception_rt_small_v0/configs/semantic_label_map.json,error,missing required panoptic file: panoptic_labels_rgb_path; missing required panoptic file: semantic_decoded_path; missing required panoptic file: gazebo_instance_count_path; missing optional panoptic file: colored_map_path; missing optional panoptic file: metadata_path
0.1,perception_rt_small_v0,rt_out/experiments/semantic_ablation_actor_200f,12,12,120,120,30838,cam_corner_se,640,480,1.047,0.1,20.0,4.44776,-4.40805,2.80523,-0.023556,0.376367,2.408296,,,,,,false,false,false,false,false,,false,missing,,,,,,,,6,"rx_panda_base,rx_ur5_base,rx_cerberus_base,rx_nao_chest,rx_human_chest,rx_x500_body",frame_id,"[{""frame_id"":""120"",""source_sample_index"":""30838"",""rx_id"":""rx_panda_base"",""num_paths"":""30"",""tau_min"":""7.579527228074312e-09"",""tau_max"":""6.284866316264015e-08"",""delay_spread"":""5.526913593456584e-08"",""path_gain_sum"":""2.416249600400988e-08"",""path_gain_db"":""-76.16858204786944"",""rx_power_dbm"":""-46.168582047869435"",""sanity_ok"":""True"",""xml_path"":""rt_out/experiments/semantic_ablation_actor_200f/sionna_xml/frame_120_sionna.xml""},{""frame_id"":""120"",""source_sample_index"":""30838"",""rx_id"":""rx_ur5_base"",""num_paths"":""20"",""tau_min"":""8.658745720424577e-09"",""tau_max"":""5.930293767164585e-08"",""delay_spread"":""5.0644191951221273e-08"",""path_gain_sum"":""2.6935935704130998e-09"",""path_gain_db"":""-85.6966793327628"",""rx_power_dbm"":""-55.6966793327628"",""sanity_ok"":""True"",""xml_path"":""rt_out/experiments/semantic_ablation_actor_200f/sionna_xml/frame_120_sionna.xml""},{""frame_id"":""120"",""source_sample_index"":""30838"",""rx_id"":""rx_cerberus_base"",""num_paths"":""18"",""tau_min"":""1.574846919538686e-08"",""tau_max"":""5.723669715962387e-08"",""delay_spread"":""4.148822796423701e-08"",""path_gain_sum"":""3.6214210297202953e-08"",""path_gain_db"":""-74.41120980774089"",""rx_power_dbm"":""-44.41120980774089"",""sanity_ok"":""True"",""xml_path"":""rt_out/experiments/semantic_ablation_actor_200f/sionna_xml/frame_120_sionna.xml""},{""frame_id"":""120"",""source_sample_index"":""30838"",""rx_id"":""rx_nao_chest"",""num_paths"":""20"",""tau_min"":""1.0787783999433032e-08"",""tau_max"":""6.209720737615498e-08"",""delay_spread"":""5.130942337672195e-08"",""path_gain_sum"":""7.193393969373574e-08"",""path_gain_db"":""-71.43066153512711"",""rx_power_dbm"":""-41.430661535127115"",""sanity_ok"":""True"",""xml_path"":""rt_out/experiments/semantic_ablation_actor_200f/sionna_xml/frame_120_sionna.xml""},{""frame_id"":""120"",""source_sample_index"":""30838"",""rx_id"":""rx_human_chest"",""num_paths"":""23"",""tau_min"":""6.163341392806387e-09"",""tau_max"":""6.568895827285814e-08"",""delay_spread"":""5.952561688005176e-08"",""path_gain_sum"":""2.2439071756252815e-07"",""path_gain_db"":""-66.48995112633139"",""rx_power_dbm"":""-36.48995112633139"",""sanity_ok"":""True"",""xml_path"":""rt_out/experiments/semantic_ablation_actor_200f/sionna_xml/frame_120_sionna.xml""},{""frame_id"":""120"",""source_sample_index"":""30838"",""rx_id"":""rx_x500_body"",""num_paths"":""23"",""tau_min"":""1.7234324189985273e-08"",""tau_max"":""7.465505547088469e-08"",""delay_spread"":""5.742073128089942e-08"",""path_gain_sum"":""3.372388590605624e-08"",""path_gain_db"":""-74.72062388664037"",""rx_power_dbm"":""-44.72062388664037"",""sanity_ok"":""True"",""xml_path"":""rt_out/experiments/semantic_ablation_actor_200f/sionna_xml/frame_120_sionna.xml""}]",6,"[{""frame_id"":""120"",""source_sample_index"":""30838"",""rx_id"":""rx_cerberus_base"",""delta_num_paths"":""0"",""delta_delay_spread"":""0.0"",""delta_rx_power_db"":""-4.260548109868978e-07"",""y_path_change"":""0"",""y_path_drop"":""0"",""y_rx_power_drop_0p5db"":""0"",""y_rx_power_drop_1db"":""0"",""y_rx_power_drop_2db"":""0"",""y_delay_spread_increase"":""0"",""y_adaptation_trigger_1db"":""0"",""y_adaptation_trigger_2db"":""0""},{""frame_id"":""120"",""source_sample_index"":""30838"",""rx_id"":""rx_human_chest"",""delta_num_paths"":""0"",""delta_delay_spread"":""0.0"",""delta_rx_power_db"":""2.750423959696491e-07"",""y_path_change"":""0"",""y_path_drop"":""0"",""y_rx_power_drop_0p5db"":""0"",""y_rx_power_drop_1db"":""0"",""y_rx_power_drop_2db"":""0"",""y_delay_spread_increase"":""0"",""y_adaptation_trigger_1db"":""0"",""y_adaptation_trigger_2db"":""0""},{""frame_id"":""120"",""source_sample_index"":""30838"",""rx_id"":""rx_nao_chest"",""delta_num_paths"":""-4"",""delta_delay_spread"":""0.0"",""delta_rx_power_db"":""-0.03359172230690888"",""y_path_change"":""1"",""y_path_drop"":""1"",""y_rx_power_drop_0p5db"":""0"",""y_rx_power_drop_1db"":""0"",""y_rx_power_drop_2db"":""0"",""y_delay_spread_increase"":""0"",""y_adaptation_trigger_1db"":""0"",""y_adaptation_trigger_2db"":""0""},{""frame_id"":""120"",""source_sample_index"":""30838"",""rx_id"":""rx_panda_base"",""delta_num_paths"":""1"",""delta_delay_spread"":""0.0"",""delta_rx_power_db"":""1.2272483451146314"",""y_path_change"":""1"",""y_path_drop"":""0"",""y_rx_power_drop_0p5db"":""0"",""y_rx_power_drop_1db"":""0"",""y_rx_power_drop_2db"":""0"",""y_delay_spread_increase"":""0"",""y_adaptation_trigger_1db"":""0"",""y_adaptation_trigger_2db"":""0""},{""frame_id"":""120"",""source_sample_index"":""30838"",""rx_id"":""rx_ur5_base"",""delta_num_paths"":""-5"",""delta_delay_spread"":""-2.9506899146269916e-09"",""delta_rx_power_db"":""-25.21795970529326"",""y_path_change"":""1"",""y_path_drop"":""1"",""y_rx_power_drop_0p5db"":""1"",""y_rx_power_drop_1db"":""1"",""y_rx_power_drop_2db"":""1"",""y_delay_spread_increase"":""0"",""y_adaptation_trigger_1db"":""1"",""y_adaptation_trigger_2db"":""1""},{""frame_id"":""120"",""source_sample_index"":""30838"",""rx_id"":""rx_x500_body"",""delta_num_paths"":""0"",""delta_delay_spread"":""0.0"",""delta_rx_power_db"":""-9.150332118679216e-07"",""y_path_change"":""0"",""y_path_drop"":""0"",""y_rx_power_drop_0p5db"":""0"",""y_rx_power_drop_1db"":""0"",""y_rx_power_drop_2db"":""0"",""y_delay_spread_increase"":""0"",""y_adaptation_trigger_1db"":""0"",""y_adaptation_trigger_2db"":""0""}]",frame_id,rt_out/experiments/perception_rt_small_v0/frames/instance_registry.json,rt_out/experiments/perception_rt_small_v0/configs/semantic_label_map.json,error,missing required panoptic file: panoptic_labels_rgb_path; missing required panoptic file: semantic_decoded_path; missing required panoptic file: gazebo_instance_count_path; missing optional panoptic file: colored_map_path; missing optional panoptic file: metadata_path
0.1,perception_rt_small_v0,rt_out/experiments/semantic_ablation_actor_200f,12,12,120,120,30838,cam_wall_north,640,480,1.047,0.1,20.0,0.221087,4.38902,2.71504,-0.0,0.562591,-1.5708,,,,,,false,false,false,false,false,,false,missing,,,,,,,,6,"rx_panda_base,rx_ur5_base,rx_cerberus_base,rx_nao_chest,rx_human_chest,rx_x500_body",frame_id,"[{""frame_id"":""120"",""source_sample_index"":""30838"",""rx_id"":""rx_panda_base"",""num_paths"":""30"",""tau_min"":""7.579527228074312e-09"",""tau_max"":""6.284866316264015e-08"",""delay_spread"":""5.526913593456584e-08"",""path_gain_sum"":""2.416249600400988e-08"",""path_gain_db"":""-76.16858204786944"",""rx_power_dbm"":""-46.168582047869435"",""sanity_ok"":""True"",""xml_path"":""rt_out/experiments/semantic_ablation_actor_200f/sionna_xml/frame_120_sionna.xml""},{""frame_id"":""120"",""source_sample_index"":""30838"",""rx_id"":""rx_ur5_base"",""num_paths"":""20"",""tau_min"":""8.658745720424577e-09"",""tau_max"":""5.930293767164585e-08"",""delay_spread"":""5.0644191951221273e-08"",""path_gain_sum"":""2.6935935704130998e-09"",""path_gain_db"":""-85.6966793327628"",""rx_power_dbm"":""-55.6966793327628"",""sanity_ok"":""True"",""xml_path"":""rt_out/experiments/semantic_ablation_actor_200f/sionna_xml/frame_120_sionna.xml""},{""frame_id"":""120"",""source_sample_index"":""30838"",""rx_id"":""rx_cerberus_base"",""num_paths"":""18"",""tau_min"":""1.574846919538686e-08"",""tau_max"":""5.723669715962387e-08"",""delay_spread"":""4.148822796423701e-08"",""path_gain_sum"":""3.6214210297202953e-08"",""path_gain_db"":""-74.41120980774089"",""rx_power_dbm"":""-44.41120980774089"",""sanity_ok"":""True"",""xml_path"":""rt_out/experiments/semantic_ablation_actor_200f/sionna_xml/frame_120_sionna.xml""},{""frame_id"":""120"",""source_sample_index"":""30838"",""rx_id"":""rx_nao_chest"",""num_paths"":""20"",""tau_min"":""1.0787783999433032e-08"",""tau_max"":""6.209720737615498e-08"",""delay_spread"":""5.130942337672195e-08"",""path_gain_sum"":""7.193393969373574e-08"",""path_gain_db"":""-71.43066153512711"",""rx_power_dbm"":""-41.430661535127115"",""sanity_ok"":""True"",""xml_path"":""rt_out/experiments/semantic_ablation_actor_200f/sionna_xml/frame_120_sionna.xml""},{""frame_id"":""120"",""source_sample_index"":""30838"",""rx_id"":""rx_human_chest"",""num_paths"":""23"",""tau_min"":""6.163341392806387e-09"",""tau_max"":""6.568895827285814e-08"",""delay_spread"":""5.952561688005176e-08"",""path_gain_sum"":""2.2439071756252815e-07"",""path_gain_db"":""-66.48995112633139"",""rx_power_dbm"":""-36.48995112633139"",""sanity_ok"":""True"",""xml_path"":""rt_out/experiments/semantic_ablation_actor_200f/sionna_xml/frame_120_sionna.xml""},{""frame_id"":""120"",""source_sample_index"":""30838"",""rx_id"":""rx_x500_body"",""num_paths"":""23"",""tau_min"":""1.7234324189985273e-08"",""tau_max"":""7.465505547088469e-08"",""delay_spread"":""5.742073128089942e-08"",""path_gain_sum"":""3.372388590605624e-08"",""path_gain_db"":""-74.72062388664037"",""rx_power_dbm"":""-44.72062388664037"",""sanity_ok"":""True"",""xml_path"":""rt_out/experiments/semantic_ablation_actor_200f/sionna_xml/frame_120_sionna.xml""}]",6,"[{""frame_id"":""120"",""source_sample_index"":""30838"",""rx_id"":""rx_cerberus_base"",""delta_num_paths"":""0"",""delta_delay_spread"":""0.0"",""delta_rx_power_db"":""-4.260548109868978e-07"",""y_path_change"":""0"",""y_path_drop"":""0"",""y_rx_power_drop_0p5db"":""0"",""y_rx_power_drop_1db"":""0"",""y_rx_power_drop_2db"":""0"",""y_delay_spread_increase"":""0"",""y_adaptation_trigger_1db"":""0"",""y_adaptation_trigger_2db"":""0""},{""frame_id"":""120"",""source_sample_index"":""30838"",""rx_id"":""rx_human_chest"",""delta_num_paths"":""0"",""delta_delay_spread"":""0.0"",""delta_rx_power_db"":""2.750423959696491e-07"",""y_path_change"":""0"",""y_path_drop"":""0"",""y_rx_power_drop_0p5db"":""0"",""y_rx_power_drop_1db"":""0"",""y_rx_power_drop_2db"":""0"",""y_delay_spread_increase"":""0"",""y_adaptation_trigger_1db"":""0"",""y_adaptation_trigger_2db"":""0""},{""frame_id"":""120"",""source_sample_index"":""30838"",""rx_id"":""rx_nao_chest"",""delta_num_paths"":""-4"",""delta_delay_spread"":""0.0"",""delta_rx_power_db"":""-0.03359172230690888"",""y_path_change"":""1"",""y_path_drop"":""1"",""y_rx_power_drop_0p5db"":""0"",""y_rx_power_drop_1db"":""0"",""y_rx_power_drop_2db"":""0"",""y_delay_spread_increase"":""0"",""y_adaptation_trigger_1db"":""0"",""y_adaptation_trigger_2db"":""0""},{""frame_id"":""120"",""source_sample_index"":""30838"",""rx_id"":""rx_panda_base"",""delta_num_paths"":""1"",""delta_delay_spread"":""0.0"",""delta_rx_power_db"":""1.2272483451146314"",""y_path_change"":""1"",""y_path_drop"":""0"",""y_rx_power_drop_0p5db"":""0"",""y_rx_power_drop_1db"":""0"",""y_rx_power_drop_2db"":""0"",""y_delay_spread_increase"":""0"",""y_adaptation_trigger_1db"":""0"",""y_adaptation_trigger_2db"":""0""},{""frame_id"":""120"",""source_sample_index"":""30838"",""rx_id"":""rx_ur5_base"",""delta_num_paths"":""-5"",""delta_delay_spread"":""-2.9506899146269916e-09"",""delta_rx_power_db"":""-25.21795970529326"",""y_path_change"":""1"",""y_path_drop"":""1"",""y_rx_power_drop_0p5db"":""1"",""y_rx_power_drop_1db"":""1"",""y_rx_power_drop_2db"":""1"",""y_delay_spread_increase"":""0"",""y_adaptation_trigger_1db"":""1"",""y_adaptation_trigger_2db"":""1""},{""frame_id"":""120"",""source_sample_index"":""30838"",""rx_id"":""rx_x500_body"",""delta_num_paths"":""0"",""delta_delay_spread"":""0.0"",""delta_rx_power_db"":""-9.150332118679216e-07"",""y_path_change"":""0"",""y_path_drop"":""0"",""y_rx_power_drop_0p5db"":""0"",""y_rx_power_drop_1db"":""0"",""y_rx_power_drop_2db"":""0"",""y_delay_spread_increase"":""0"",""y_adaptation_trigger_1db"":""0"",""y_adaptation_trigger_2db"":""0""}]",frame_id,rt_out/experiments/perception_rt_small_v0/frames/instance_registry.json,rt_out/experiments/perception_rt_small_v0/configs/semantic_label_map.json,error,missing required panoptic file: panoptic_labels_rgb_path; missing required panoptic file: semantic_decoded_path; missing required panoptic file: gazebo_instance_count_path; missing optional panoptic file: colored_map_path; missing optional panoptic file: metadata_path
0.1,perception_rt_small_v0,rt_out/experiments/semantic_ablation_actor_200f,12,12,120,120,30838,cam_wall_south,640,480,1.047,0.1,20.0,0.221056,-4.22159,2.7964,0.000426,0.271157,1.577903,,,,,,false,false,false,false,false,,false,missing,,,,,,,,6,"rx_panda_base,rx_ur5_base,rx_cerberus_base,rx_nao_chest,rx_human_chest,rx_x500_body",frame_id,"[{""frame_id"":""120"",""source_sample_index"":""30838"",""rx_id"":""rx_panda_base"",""num_paths"":""30"",""tau_min"":""7.579527228074312e-09"",""tau_max"":""6.284866316264015e-08"",""delay_spread"":""5.526913593456584e-08"",""path_gain_sum"":""2.416249600400988e-08"",""path_gain_db"":""-76.16858204786944"",""rx_power_dbm"":""-46.168582047869435"",""sanity_ok"":""True"",""xml_path"":""rt_out/experiments/semantic_ablation_actor_200f/sionna_xml/frame_120_sionna.xml""},{""frame_id"":""120"",""source_sample_index"":""30838"",""rx_id"":""rx_ur5_base"",""num_paths"":""20"",""tau_min"":""8.658745720424577e-09"",""tau_max"":""5.930293767164585e-08"",""delay_spread"":""5.0644191951221273e-08"",""path_gain_sum"":""2.6935935704130998e-09"",""path_gain_db"":""-85.6966793327628"",""rx_power_dbm"":""-55.6966793327628"",""sanity_ok"":""True"",""xml_path"":""rt_out/experiments/semantic_ablation_actor_200f/sionna_xml/frame_120_sionna.xml""},{""frame_id"":""120"",""source_sample_index"":""30838"",""rx_id"":""rx_cerberus_base"",""num_paths"":""18"",""tau_min"":""1.574846919538686e-08"",""tau_max"":""5.723669715962387e-08"",""delay_spread"":""4.148822796423701e-08"",""path_gain_sum"":""3.6214210297202953e-08"",""path_gain_db"":""-74.41120980774089"",""rx_power_dbm"":""-44.41120980774089"",""sanity_ok"":""True"",""xml_path"":""rt_out/experiments/semantic_ablation_actor_200f/sionna_xml/frame_120_sionna.xml""},{""frame_id"":""120"",""source_sample_index"":""30838"",""rx_id"":""rx_nao_chest"",""num_paths"":""20"",""tau_min"":""1.0787783999433032e-08"",""tau_max"":""6.209720737615498e-08"",""delay_spread"":""5.130942337672195e-08"",""path_gain_sum"":""7.193393969373574e-08"",""path_gain_db"":""-71.43066153512711"",""rx_power_dbm"":""-41.430661535127115"",""sanity_ok"":""True"",""xml_path"":""rt_out/experiments/semantic_ablation_actor_200f/sionna_xml/frame_120_sionna.xml""},{""frame_id"":""120"",""source_sample_index"":""30838"",""rx_id"":""rx_human_chest"",""num_paths"":""23"",""tau_min"":""6.163341392806387e-09"",""tau_max"":""6.568895827285814e-08"",""delay_spread"":""5.952561688005176e-08"",""path_gain_sum"":""2.2439071756252815e-07"",""path_gain_db"":""-66.48995112633139"",""rx_power_dbm"":""-36.48995112633139"",""sanity_ok"":""True"",""xml_path"":""rt_out/experiments/semantic_ablation_actor_200f/sionna_xml/frame_120_sionna.xml""},{""frame_id"":""120"",""source_sample_index"":""30838"",""rx_id"":""rx_x500_body"",""num_paths"":""23"",""tau_min"":""1.7234324189985273e-08"",""tau_max"":""7.465505547088469e-08"",""delay_spread"":""5.742073128089942e-08"",""path_gain_sum"":""3.372388590605624e-08"",""path_gain_db"":""-74.72062388664037"",""rx_power_dbm"":""-44.72062388664037"",""sanity_ok"":""True"",""xml_path"":""rt_out/experiments/semantic_ablation_actor_200f/sionna_xml/frame_120_sionna.xml""}]",6,"[{""frame_id"":""120"",""source_sample_index"":""30838"",""rx_id"":""rx_cerberus_base"",""delta_num_paths"":""0"",""delta_delay_spread"":""0.0"",""delta_rx_power_db"":""-4.260548109868978e-07"",""y_path_change"":""0"",""y_path_drop"":""0"",""y_rx_power_drop_0p5db"":""0"",""y_rx_power_drop_1db"":""0"",""y_rx_power_drop_2db"":""0"",""y_delay_spread_increase"":""0"",""y_adaptation_trigger_1db"":""0"",""y_adaptation_trigger_2db"":""0""},{""frame_id"":""120"",""source_sample_index"":""30838"",""rx_id"":""rx_human_chest"",""delta_num_paths"":""0"",""delta_delay_spread"":""0.0"",""delta_rx_power_db"":""2.750423959696491e-07"",""y_path_change"":""0"",""y_path_drop"":""0"",""y_rx_power_drop_0p5db"":""0"",""y_rx_power_drop_1db"":""0"",""y_rx_power_drop_2db"":""0"",""y_delay_spread_increase"":""0"",""y_adaptation_trigger_1db"":""0"",""y_adaptation_trigger_2db"":""0""},{""frame_id"":""120"",""source_sample_index"":""30838"",""rx_id"":""rx_nao_chest"",""delta_num_paths"":""-4"",""delta_delay_spread"":""0.0"",""delta_rx_power_db"":""-0.03359172230690888"",""y_path_change"":""1"",""y_path_drop"":""1"",""y_rx_power_drop_0p5db"":""0"",""y_rx_power_drop_1db"":""0"",""y_rx_power_drop_2db"":""0"",""y_delay_spread_increase"":""0"",""y_adaptation_trigger_1db"":""0"",""y_adaptation_trigger_2db"":""0""},{""frame_id"":""120"",""source_sample_index"":""30838"",""rx_id"":""rx_panda_base"",""delta_num_paths"":""1"",""delta_delay_spread"":""0.0"",""delta_rx_power_db"":""1.2272483451146314"",""y_path_change"":""1"",""y_path_drop"":""0"",""y_rx_power_drop_0p5db"":""0"",""y_rx_power_drop_1db"":""0"",""y_rx_power_drop_2db"":""0"",""y_delay_spread_increase"":""0"",""y_adaptation_trigger_1db"":""0"",""y_adaptation_trigger_2db"":""0""},{""frame_id"":""120"",""source_sample_index"":""30838"",""rx_id"":""rx_ur5_base"",""delta_num_paths"":""-5"",""delta_delay_spread"":""-2.9506899146269916e-09"",""delta_rx_power_db"":""-25.21795970529326"",""y_path_change"":""1"",""y_path_drop"":""1"",""y_rx_power_drop_0p5db"":""1"",""y_rx_power_drop_1db"":""1"",""y_rx_power_drop_2db"":""1"",""y_delay_spread_increase"":""0"",""y_adaptation_trigger_1db"":""1"",""y_adaptation_trigger_2db"":""1""},{""frame_id"":""120"",""source_sample_index"":""30838"",""rx_id"":""rx_x500_body"",""delta_num_paths"":""0"",""delta_delay_spread"":""0.0"",""delta_rx_power_db"":""-9.150332118679216e-07"",""y_path_change"":""0"",""y_path_drop"":""0"",""y_rx_power_drop_0p5db"":""0"",""y_rx_power_drop_1db"":""0"",""y_rx_power_drop_2db"":""0"",""y_delay_spread_increase"":""0"",""y_adaptation_trigger_1db"":""0"",""y_adaptation_trigger_2db"":""0""}]",frame_id,rt_out/experiments/perception_rt_small_v0/frames/instance_registry.json,rt_out/experiments/perception_rt_small_v0/configs/semantic_label_map.json,error,missing required panoptic file: panoptic_labels_rgb_path; missing required panoptic file: semantic_decoded_path; missing required panoptic file: gazebo_instance_count_path; missing optional panoptic file: colored_map_path; missing optional panoptic file: metadata_path
0.1,perception_rt_small_v0,rt_out/experiments/semantic_ablation_actor_200f,12,12,120,120,30838,cam_wall_east,640,480,1.047,0.1,20.0,4.38989,-0.157588,2.81304,-0.047579,0.393096,3.098594,,,,,,false,false,false,false,false,,false,missing,,,,,,,,6,"rx_panda_base,rx_ur5_base,rx_cerberus_base,rx_nao_chest,rx_human_chest,rx_x500_body",frame_id,"[{""frame_id"":""120"",""source_sample_index"":""30838"",""rx_id"":""rx_panda_base"",""num_paths"":""30"",""tau_min"":""7.579527228074312e-09"",""tau_max"":""6.284866316264015e-08"",""delay_spread"":""5.526913593456584e-08"",""path_gain_sum"":""2.416249600400988e-08"",""path_gain_db"":""-76.16858204786944"",""rx_power_dbm"":""-46.168582047869435"",""sanity_ok"":""True"",""xml_path"":""rt_out/experiments/semantic_ablation_actor_200f/sionna_xml/frame_120_sionna.xml""},{""frame_id"":""120"",""source_sample_index"":""30838"",""rx_id"":""rx_ur5_base"",""num_paths"":""20"",""tau_min"":""8.658745720424577e-09"",""tau_max"":""5.930293767164585e-08"",""delay_spread"":""5.0644191951221273e-08"",""path_gain_sum"":""2.6935935704130998e-09"",""path_gain_db"":""-85.6966793327628"",""rx_power_dbm"":""-55.6966793327628"",""sanity_ok"":""True"",""xml_path"":""rt_out/experiments/semantic_ablation_actor_200f/sionna_xml/frame_120_sionna.xml""},{""frame_id"":""120"",""source_sample_index"":""30838"",""rx_id"":""rx_cerberus_base"",""num_paths"":""18"",""tau_min"":""1.574846919538686e-08"",""tau_max"":""5.723669715962387e-08"",""delay_spread"":""4.148822796423701e-08"",""path_gain_sum"":""3.6214210297202953e-08"",""path_gain_db"":""-74.41120980774089"",""rx_power_dbm"":""-44.41120980774089"",""sanity_ok"":""True"",""xml_path"":""rt_out/experiments/semantic_ablation_actor_200f/sionna_xml/frame_120_sionna.xml""},{""frame_id"":""120"",""source_sample_index"":""30838"",""rx_id"":""rx_nao_chest"",""num_paths"":""20"",""tau_min"":""1.0787783999433032e-08"",""tau_max"":""6.209720737615498e-08"",""delay_spread"":""5.130942337672195e-08"",""path_gain_sum"":""7.193393969373574e-08"",""path_gain_db"":""-71.43066153512711"",""rx_power_dbm"":""-41.430661535127115"",""sanity_ok"":""True"",""xml_path"":""rt_out/experiments/semantic_ablation_actor_200f/sionna_xml/frame_120_sionna.xml""},{""frame_id"":""120"",""source_sample_index"":""30838"",""rx_id"":""rx_human_chest"",""num_paths"":""23"",""tau_min"":""6.163341392806387e-09"",""tau_max"":""6.568895827285814e-08"",""delay_spread"":""5.952561688005176e-08"",""path_gain_sum"":""2.2439071756252815e-07"",""path_gain_db"":""-66.48995112633139"",""rx_power_dbm"":""-36.48995112633139"",""sanity_ok"":""True"",""xml_path"":""rt_out/experiments/semantic_ablation_actor_200f/sionna_xml/frame_120_sionna.xml""},{""frame_id"":""120"",""source_sample_index"":""30838"",""rx_id"":""rx_x500_body"",""num_paths"":""23"",""tau_min"":""1.7234324189985273e-08"",""tau_max"":""7.465505547088469e-08"",""delay_spread"":""5.742073128089942e-08"",""path_gain_sum"":""3.372388590605624e-08"",""path_gain_db"":""-74.72062388664037"",""rx_power_dbm"":""-44.72062388664037"",""sanity_ok"":""True"",""xml_path"":""rt_out/experiments/semantic_ablation_actor_200f/sionna_xml/frame_120_sionna.xml""}]",6,"[{""frame_id"":""120"",""source_sample_index"":""30838"",""rx_id"":""rx_cerberus_base"",""delta_num_paths"":""0"",""delta_delay_spread"":""0.0"",""delta_rx_power_db"":""-4.260548109868978e-07"",""y_path_change"":""0"",""y_path_drop"":""0"",""y_rx_power_drop_0p5db"":""0"",""y_rx_power_drop_1db"":""0"",""y_rx_power_drop_2db"":""0"",""y_delay_spread_increase"":""0"",""y_adaptation_trigger_1db"":""0"",""y_adaptation_trigger_2db"":""0""},{""frame_id"":""120"",""source_sample_index"":""30838"",""rx_id"":""rx_human_chest"",""delta_num_paths"":""0"",""delta_delay_spread"":""0.0"",""delta_rx_power_db"":""2.750423959696491e-07"",""y_path_change"":""0"",""y_path_drop"":""0"",""y_rx_power_drop_0p5db"":""0"",""y_rx_power_drop_1db"":""0"",""y_rx_power_drop_2db"":""0"",""y_delay_spread_increase"":""0"",""y_adaptation_trigger_1db"":""0"",""y_adaptation_trigger_2db"":""0""},{""frame_id"":""120"",""source_sample_index"":""30838"",""rx_id"":""rx_nao_chest"",""delta_num_paths"":""-4"",""delta_delay_spread"":""0.0"",""delta_rx_power_db"":""-0.03359172230690888"",""y_path_change"":""1"",""y_path_drop"":""1"",""y_rx_power_drop_0p5db"":""0"",""y_rx_power_drop_1db"":""0"",""y_rx_power_drop_2db"":""0"",""y_delay_spread_increase"":""0"",""y_adaptation_trigger_1db"":""0"",""y_adaptation_trigger_2db"":""0""},{""frame_id"":""120"",""source_sample_index"":""30838"",""rx_id"":""rx_panda_base"",""delta_num_paths"":""1"",""delta_delay_spread"":""0.0"",""delta_rx_power_db"":""1.2272483451146314"",""y_path_change"":""1"",""y_path_drop"":""0"",""y_rx_power_drop_0p5db"":""0"",""y_rx_power_drop_1db"":""0"",""y_rx_power_drop_2db"":""0"",""y_delay_spread_increase"":""0"",""y_adaptation_trigger_1db"":""0"",""y_adaptation_trigger_2db"":""0""},{""frame_id"":""120"",""source_sample_index"":""30838"",""rx_id"":""rx_ur5_base"",""delta_num_paths"":""-5"",""delta_delay_spread"":""-2.9506899146269916e-09"",""delta_rx_power_db"":""-25.21795970529326"",""y_path_change"":""1"",""y_path_drop"":""1"",""y_rx_power_drop_0p5db"":""1"",""y_rx_power_drop_1db"":""1"",""y_rx_power_drop_2db"":""1"",""y_delay_spread_increase"":""0"",""y_adaptation_trigger_1db"":""1"",""y_adaptation_trigger_2db"":""1""},{""frame_id"":""120"",""source_sample_index"":""30838"",""rx_id"":""rx_x500_body"",""delta_num_paths"":""0"",""delta_delay_spread"":""0.0"",""delta_rx_power_db"":""-9.150332118679216e-07"",""y_path_change"":""0"",""y_path_drop"":""0"",""y_rx_power_drop_0p5db"":""0"",""y_rx_power_drop_1db"":""0"",""y_rx_power_drop_2db"":""0"",""y_delay_spread_increase"":""0"",""y_adaptation_trigger_1db"":""0"",""y_adaptation_trigger_2db"":""0""}]",frame_id,rt_out/experiments/perception_rt_small_v0/frames/instance_registry.json,rt_out/experiments/perception_rt_small_v0/configs/semantic_label_map.json,error,missing required panoptic file: panoptic_labels_rgb_path; missing required panoptic file: semantic_decoded_path; missing required panoptic file: gazebo_instance_count_path; missing optional panoptic file: colored_map_path; missing optional panoptic file: metadata_path
0.1,perception_rt_small_v0,rt_out/experiments/semantic_ablation_actor_200f,12,12,120,120,30838,cam_wall_west,640,480,1.047,0.1,20.0,-4.368888,-0.03657,2.817008,0.035211,0.406352,0.030119,,,,,,false,false,false,false,false,,false,missing,,,,,,,,6,"rx_panda_base,rx_ur5_base,rx_cerberus_base,rx_nao_chest,rx_human_chest,rx_x500_body",frame_id,"[{""frame_id"":""120"",""source_sample_index"":""30838"",""rx_id"":""rx_panda_base"",""num_paths"":""30"",""tau_min"":""7.579527228074312e-09"",""tau_max"":""6.284866316264015e-08"",""delay_spread"":""5.526913593456584e-08"",""path_gain_sum"":""2.416249600400988e-08"",""path_gain_db"":""-76.16858204786944"",""rx_power_dbm"":""-46.168582047869435"",""sanity_ok"":""True"",""xml_path"":""rt_out/experiments/semantic_ablation_actor_200f/sionna_xml/frame_120_sionna.xml""},{""frame_id"":""120"",""source_sample_index"":""30838"",""rx_id"":""rx_ur5_base"",""num_paths"":""20"",""tau_min"":""8.658745720424577e-09"",""tau_max"":""5.930293767164585e-08"",""delay_spread"":""5.0644191951221273e-08"",""path_gain_sum"":""2.6935935704130998e-09"",""path_gain_db"":""-85.6966793327628"",""rx_power_dbm"":""-55.6966793327628"",""sanity_ok"":""True"",""xml_path"":""rt_out/experiments/semantic_ablation_actor_200f/sionna_xml/frame_120_sionna.xml""},{""frame_id"":""120"",""source_sample_index"":""30838"",""rx_id"":""rx_cerberus_base"",""num_paths"":""18"",""tau_min"":""1.574846919538686e-08"",""tau_max"":""5.723669715962387e-08"",""delay_spread"":""4.148822796423701e-08"",""path_gain_sum"":""3.6214210297202953e-08"",""path_gain_db"":""-74.41120980774089"",""rx_power_dbm"":""-44.41120980774089"",""sanity_ok"":""True"",""xml_path"":""rt_out/experiments/semantic_ablation_actor_200f/sionna_xml/frame_120_sionna.xml""},{""frame_id"":""120"",""source_sample_index"":""30838"",""rx_id"":""rx_nao_chest"",""num_paths"":""20"",""tau_min"":""1.0787783999433032e-08"",""tau_max"":""6.209720737615498e-08"",""delay_spread"":""5.130942337672195e-08"",""path_gain_sum"":""7.193393969373574e-08"",""path_gain_db"":""-71.43066153512711"",""rx_power_dbm"":""-41.430661535127115"",""sanity_ok"":""True"",""xml_path"":""rt_out/experiments/semantic_ablation_actor_200f/sionna_xml/frame_120_sionna.xml""},{""frame_id"":""120"",""source_sample_index"":""30838"",""rx_id"":""rx_human_chest"",""num_paths"":""23"",""tau_min"":""6.163341392806387e-09"",""tau_max"":""6.568895827285814e-08"",""delay_spread"":""5.952561688005176e-08"",""path_gain_sum"":""2.2439071756252815e-07"",""path_gain_db"":""-66.48995112633139"",""rx_power_dbm"":""-36.48995112633139"",""sanity_ok"":""True"",""xml_path"":""rt_out/experiments/semantic_ablation_actor_200f/sionna_xml/frame_120_sionna.xml""},{""frame_id"":""120"",""source_sample_index"":""30838"",""rx_id"":""rx_x500_body"",""num_paths"":""23"",""tau_min"":""1.7234324189985273e-08"",""tau_max"":""7.465505547088469e-08"",""delay_spread"":""5.742073128089942e-08"",""path_gain_sum"":""3.372388590605624e-08"",""path_gain_db"":""-74.72062388664037"",""rx_power_dbm"":""-44.72062388664037"",""sanity_ok"":""True"",""xml_path"":""rt_out/experiments/semantic_ablation_actor_200f/sionna_xml/frame_120_sionna.xml""}]",6,"[{""frame_id"":""120"",""source_sample_index"":""30838"",""rx_id"":""rx_cerberus_base"",""delta_num_paths"":""0"",""delta_delay_spread"":""0.0"",""delta_rx_power_db"":""-4.260548109868978e-07"",""y_path_change"":""0"",""y_path_drop"":""0"",""y_rx_power_drop_0p5db"":""0"",""y_rx_power_drop_1db"":""0"",""y_rx_power_drop_2db"":""0"",""y_delay_spread_increase"":""0"",""y_adaptation_trigger_1db"":""0"",""y_adaptation_trigger_2db"":""0""},{""frame_id"":""120"",""source_sample_index"":""30838"",""rx_id"":""rx_human_chest"",""delta_num_paths"":""0"",""delta_delay_spread"":""0.0"",""delta_rx_power_db"":""2.750423959696491e-07"",""y_path_change"":""0"",""y_path_drop"":""0"",""y_rx_power_drop_0p5db"":""0"",""y_rx_power_drop_1db"":""0"",""y_rx_power_drop_2db"":""0"",""y_delay_spread_increase"":""0"",""y_adaptation_trigger_1db"":""0"",""y_adaptation_trigger_2db"":""0""},{""frame_id"":""120"",""source_sample_index"":""30838"",""rx_id"":""rx_nao_chest"",""delta_num_paths"":""-4"",""delta_delay_spread"":""0.0"",""delta_rx_power_db"":""-0.03359172230690888"",""y_path_change"":""1"",""y_path_drop"":""1"",""y_rx_power_drop_0p5db"":""0"",""y_rx_power_drop_1db"":""0"",""y_rx_power_drop_2db"":""0"",""y_delay_spread_increase"":""0"",""y_adaptation_trigger_1db"":""0"",""y_adaptation_trigger_2db"":""0""},{""frame_id"":""120"",""source_sample_index"":""30838"",""rx_id"":""rx_panda_base"",""delta_num_paths"":""1"",""delta_delay_spread"":""0.0"",""delta_rx_power_db"":""1.2272483451146314"",""y_path_change"":""1"",""y_path_drop"":""0"",""y_rx_power_drop_0p5db"":""0"",""y_rx_power_drop_1db"":""0"",""y_rx_power_drop_2db"":""0"",""y_delay_spread_increase"":""0"",""y_adaptation_trigger_1db"":""0"",""y_adaptation_trigger_2db"":""0""},{""frame_id"":""120"",""source_sample_index"":""30838"",""rx_id"":""rx_ur5_base"",""delta_num_paths"":""-5"",""delta_delay_spread"":""-2.9506899146269916e-09"",""delta_rx_power_db"":""-25.21795970529326"",""y_path_change"":""1"",""y_path_drop"":""1"",""y_rx_power_drop_0p5db"":""1"",""y_rx_power_drop_1db"":""1"",""y_rx_power_drop_2db"":""1"",""y_delay_spread_increase"":""0"",""y_adaptation_trigger_1db"":""1"",""y_adaptation_trigger_2db"":""1""},{""frame_id"":""120"",""source_sample_index"":""30838"",""rx_id"":""rx_x500_body"",""delta_num_paths"":""0"",""delta_delay_spread"":""0.0"",""delta_rx_power_db"":""-9.150332118679216e-07"",""y_path_change"":""0"",""y_path_drop"":""0"",""y_rx_power_drop_0p5db"":""0"",""y_rx_power_drop_1db"":""0"",""y_rx_power_drop_2db"":""0"",""y_delay_spread_increase"":""0"",""y_adaptation_trigger_1db"":""0"",""y_adaptation_trigger_2db"":""0""}]",frame_id,rt_out/experiments/perception_rt_small_v0/frames/instance_registry.json,rt_out/experiments/perception_rt_small_v0/configs/semantic_label_map.json,error,missing required panoptic file: panoptic_labels_rgb_path; missing required panoptic file: semantic_decoded_path; missing required panoptic file: gazebo_instance_count_path; missing optional panoptic file: colored_map_path; missing optional panoptic file: metadata_path
0.1,perception_rt_small_v0,rt_out/experiments/semantic_ablation_actor_200f,13,13,130,130,33408,cam_corner_nw,640,480,1.047,0.1,20.0,-4.368888,4.38902,2.76265,-0.018875,0.447306,-0.787697,,,,,,false,false,false,false,false,,false,missing,,,,,,,,6,"rx_panda_base,rx_ur5_base,rx_cerberus_base,rx_nao_chest,rx_human_chest,rx_x500_body",frame_id,"[{""frame_id"":""130"",""source_sample_index"":""33408"",""rx_id"":""rx_panda_base"",""num_paths"":""23"",""tau_min"":""8.163323350629526e-09"",""tau_max"":""6.284866316264015e-08"",""delay_spread"":""5.4685339812010625e-08"",""path_gain_sum"":""2.68836553019014e-09"",""path_gain_db"":""-85.70511681692693"",""rx_power_dbm"":""-55.70511681692693"",""sanity_ok"":""True"",""xml_path"":""rt_out/experiments/semantic_ablation_actor_200f/sionna_xml/frame_130_sionna.xml""},{""frame_id"":""130"",""source_sample_index"":""33408"",""rx_id"":""rx_ur5_base"",""num_paths"":""17"",""tau_min"":""5.708055805797585e-09"",""tau_max"":""5.930293767164585e-08"",""delay_spread"":""5.3594881865848265e-08"",""path_gain_sum"":""6.883827836645651e-07"",""path_gain_db"":""-61.62169999839213"",""rx_power_dbm"":""-31.62169999839213"",""sanity_ok"":""True"",""xml_path"":""rt_out/experiments/semantic_ablation_actor_200f/sionna_xml/frame_130_sionna.xml""},{""frame_id"":""130"",""source_sample_index"":""33408"",""rx_id"":""rx_cerberus_base"",""num_paths"":""18"",""tau_min"":""1.574846919538686e-08"",""tau_max"":""5.723669715962387e-08"",""delay_spread"":""4.148822796423701e-08"",""path_gain_sum"":""3.621421740263031e-08"",""path_gain_db"":""-74.4112089556313"",""rx_power_dbm"":""-44.411208955631295"",""sanity_ok"":""True"",""xml_path"":""rt_out/experiments/semantic_ablation_actor_200f/sionna_xml/frame_130_sionna.xml""},{""frame_id"":""130"",""source_sample_index"":""33408"",""rx_id"":""rx_nao_chest"",""num_paths"":""21"",""tau_min"":""1.0787783999433032e-08"",""tau_max"":""6.209720737615498e-08"",""delay_spread"":""5.130942337672195e-08"",""path_gain_sum"":""7.203615126627483e-08"",""path_gain_db"":""-71.42449498635267"",""rx_power_dbm"":""-41.42449498635267"",""sanity_ok"":""True"",""xml_path"":""rt_out/experiments/semantic_ablation_actor_200f/sionna_xml/frame_130_sionna.xml""},{""frame_id"":""130"",""source_sample_index"":""33408"",""rx_id"":""rx_human_chest"",""num_paths"":""21"",""tau_min"":""6.163341392806387e-09"",""tau_max"":""6.431429255826515e-08"",""delay_spread"":""5.8150951165458764e-08"",""path_gain_sum"":""2.240194589830935e-07"",""path_gain_db"":""-66.49714255942916"",""rx_power_dbm"":""-36.497142559429165"",""sanity_ok"":""True"",""xml_path"":""rt_out/experiments/semantic_ablation_actor_200f/sionna_xml/frame_130_sionna.xml""},{""frame_id"":""130"",""source_sample_index"":""33408"",""rx_id"":""rx_x500_body"",""num_paths"":""22"",""tau_min"":""1.7234324189985273e-08"",""tau_max"":""7.465505547088469e-08"",""delay_spread"":""5.742073128089942e-08"",""path_gain_sum"":""3.315524210734111e-08"",""path_gain_db"":""-74.79447796420398"",""rx_power_dbm"":""-44.79447796420398"",""sanity_ok"":""True"",""xml_path"":""rt_out/experiments/semantic_ablation_actor_200f/sionna_xml/frame_130_sionna.xml""}]",6,"[{""frame_id"":""130"",""source_sample_index"":""33408"",""rx_id"":""rx_cerberus_base"",""delta_num_paths"":""0"",""delta_delay_spread"":""0.0"",""delta_rx_power_db"":""0.0"",""y_path_change"":""0"",""y_path_drop"":""0"",""y_rx_power_drop_0p5db"":""0"",""y_rx_power_drop_1db"":""0"",""y_rx_power_drop_2db"":""0"",""y_delay_spread_increase"":""0"",""y_adaptation_trigger_1db"":""0"",""y_adaptation_trigger_2db"":""0""},{""frame_id"":""130"",""source_sample_index"":""33408"",""rx_id"":""rx_human_chest"",""delta_num_paths"":""0"",""delta_delay_spread"":""0.0"",""delta_rx_power_db"":""-2.7549819492378447e-07"",""y_path_change"":""0"",""y_path_drop"":""0"",""y_rx_power_drop_0p5db"":""0"",""y_rx_power_drop_1db"":""0"",""y_rx_power_drop_2db"":""0"",""y_delay_spread_increase"":""0"",""y_adaptation_trigger_1db"":""0"",""y_adaptation_trigger_2db"":""0""},{""frame_id"":""130"",""source_sample_index"":""33408"",""rx_id"":""rx_nao_chest"",""delta_num_paths"":""-1"",""delta_delay_spread"":""0.0"",""delta_rx_power_db"":""-0.0005041679892912043"",""y_path_change"":""1"",""y_path_drop"":""1"",""y_rx_power_drop_0p5db"":""0"",""y_rx_power_drop_1db"":""0"",""y_rx_power_drop_2db"":""0"",""y_delay_spread_increase"":""0"",""y_adaptation_trigger_1db"":""0"",""y_adaptation_trigger_2db"":""0""},{""frame_id"":""130"",""source_sample_index"":""33408"",""rx_id"":""rx_panda_base"",""delta_num_paths"":""0"",""delta_delay_spread"":""0.0"",""delta_rx_power_db"":""7.174080565164331e-07"",""y_path_change"":""0"",""y_path_drop"":""0"",""y_rx_power_drop_0p5db"":""0"",""y_rx_power_drop_1db"":""0"",""y_rx_power_drop_2db"":""0"",""y_delay_spread_increase"":""0"",""y_adaptation_trigger_1db"":""0"",""y_adaptation_trigger_2db"":""0""},{""frame_id"":""130"",""source_sample_index"":""33408"",""rx_id"":""rx_ur5_base"",""delta_num_paths"":""0"",""delta_delay_spread"":""0.0"",""delta_rx_power_db"":""0.0"",""y_path_change"":""0"",""y_path_drop"":""0"",""y_rx_power_drop_0p5db"":""0"",""y_rx_power_drop_1db"":""0"",""y_rx_power_drop_2db"":""0"",""y_delay_spread_increase"":""0"",""y_adaptation_trigger_1db"":""0"",""y_adaptation_trigger_2db"":""0""},{""frame_id"":""130"",""source_sample_index"":""33408"",""rx_id"":""rx_x500_body"",""delta_num_paths"":""-1"",""delta_delay_spread"":""0.0"",""delta_rx_power_db"":""-0.07385499259682149"",""y_path_change"":""1"",""y_path_drop"":""1"",""y_rx_power_drop_0p5db"":""0"",""y_rx_power_drop_1db"":""0"",""y_rx_power_drop_2db"":""0"",""y_delay_spread_increase"":""0"",""y_adaptation_trigger_1db"":""0"",""y_adaptation_trigger_2db"":""0""}]",frame_id,rt_out/experiments/perception_rt_small_v0/frames/instance_registry.json,rt_out/experiments/perception_rt_small_v0/configs/semantic_label_map.json,error,missing required panoptic file: panoptic_labels_rgb_path; missing required panoptic file: semantic_decoded_path; missing required panoptic file: gazebo_instance_count_path; missing optional panoptic file: colored_map_path; missing optional panoptic file: metadata_path
0.1,perception_rt_small_v0,rt_out/experiments/semantic_ablation_actor_200f,13,13,130,130,33408,cam_corner_ne,640,480,1.047,0.1,20.0,4.38989,4.38902,2.76265,-0.018875,0.447306,-2.356294,,,,,,false,false,false,false,false,,false,missing,,,,,,,,6,"rx_panda_base,rx_ur5_base,rx_cerberus_base,rx_nao_chest,rx_human_chest,rx_x500_body",frame_id,"[{""frame_id"":""130"",""source_sample_index"":""33408"",""rx_id"":""rx_panda_base"",""num_paths"":""23"",""tau_min"":""8.163323350629526e-09"",""tau_max"":""6.284866316264015e-08"",""delay_spread"":""5.4685339812010625e-08"",""path_gain_sum"":""2.68836553019014e-09"",""path_gain_db"":""-85.70511681692693"",""rx_power_dbm"":""-55.70511681692693"",""sanity_ok"":""True"",""xml_path"":""rt_out/experiments/semantic_ablation_actor_200f/sionna_xml/frame_130_sionna.xml""},{""frame_id"":""130"",""source_sample_index"":""33408"",""rx_id"":""rx_ur5_base"",""num_paths"":""17"",""tau_min"":""5.708055805797585e-09"",""tau_max"":""5.930293767164585e-08"",""delay_spread"":""5.3594881865848265e-08"",""path_gain_sum"":""6.883827836645651e-07"",""path_gain_db"":""-61.62169999839213"",""rx_power_dbm"":""-31.62169999839213"",""sanity_ok"":""True"",""xml_path"":""rt_out/experiments/semantic_ablation_actor_200f/sionna_xml/frame_130_sionna.xml""},{""frame_id"":""130"",""source_sample_index"":""33408"",""rx_id"":""rx_cerberus_base"",""num_paths"":""18"",""tau_min"":""1.574846919538686e-08"",""tau_max"":""5.723669715962387e-08"",""delay_spread"":""4.148822796423701e-08"",""path_gain_sum"":""3.621421740263031e-08"",""path_gain_db"":""-74.4112089556313"",""rx_power_dbm"":""-44.411208955631295"",""sanity_ok"":""True"",""xml_path"":""rt_out/experiments/semantic_ablation_actor_200f/sionna_xml/frame_130_sionna.xml""},{""frame_id"":""130"",""source_sample_index"":""33408"",""rx_id"":""rx_nao_chest"",""num_paths"":""21"",""tau_min"":""1.0787783999433032e-08"",""tau_max"":""6.209720737615498e-08"",""delay_spread"":""5.130942337672195e-08"",""path_gain_sum"":""7.203615126627483e-08"",""path_gain_db"":""-71.42449498635267"",""rx_power_dbm"":""-41.42449498635267"",""sanity_ok"":""True"",""xml_path"":""rt_out/experiments/semantic_ablation_actor_200f/sionna_xml/frame_130_sionna.xml""},{""frame_id"":""130"",""source_sample_index"":""33408"",""rx_id"":""rx_human_chest"",""num_paths"":""21"",""tau_min"":""6.163341392806387e-09"",""tau_max"":""6.431429255826515e-08"",""delay_spread"":""5.8150951165458764e-08"",""path_gain_sum"":""2.240194589830935e-07"",""path_gain_db"":""-66.49714255942916"",""rx_power_dbm"":""-36.497142559429165"",""sanity_ok"":""True"",""xml_path"":""rt_out/experiments/semantic_ablation_actor_200f/sionna_xml/frame_130_sionna.xml""},{""frame_id"":""130"",""source_sample_index"":""33408"",""rx_id"":""rx_x500_body"",""num_paths"":""22"",""tau_min"":""1.7234324189985273e-08"",""tau_max"":""7.465505547088469e-08"",""delay_spread"":""5.742073128089942e-08"",""path_gain_sum"":""3.315524210734111e-08"",""path_gain_db"":""-74.79447796420398"",""rx_power_dbm"":""-44.79447796420398"",""sanity_ok"":""True"",""xml_path"":""rt_out/experiments/semantic_ablation_actor_200f/sionna_xml/frame_130_sionna.xml""}]",6,"[{""frame_id"":""130"",""source_sample_index"":""33408"",""rx_id"":""rx_cerberus_base"",""delta_num_paths"":""0"",""delta_delay_spread"":""0.0"",""delta_rx_power_db"":""0.0"",""y_path_change"":""0"",""y_path_drop"":""0"",""y_rx_power_drop_0p5db"":""0"",""y_rx_power_drop_1db"":""0"",""y_rx_power_drop_2db"":""0"",""y_delay_spread_increase"":""0"",""y_adaptation_trigger_1db"":""0"",""y_adaptation_trigger_2db"":""0""},{""frame_id"":""130"",""source_sample_index"":""33408"",""rx_id"":""rx_human_chest"",""delta_num_paths"":""0"",""delta_delay_spread"":""0.0"",""delta_rx_power_db"":""-2.7549819492378447e-07"",""y_path_change"":""0"",""y_path_drop"":""0"",""y_rx_power_drop_0p5db"":""0"",""y_rx_power_drop_1db"":""0"",""y_rx_power_drop_2db"":""0"",""y_delay_spread_increase"":""0"",""y_adaptation_trigger_1db"":""0"",""y_adaptation_trigger_2db"":""0""},{""frame_id"":""130"",""source_sample_index"":""33408"",""rx_id"":""rx_nao_chest"",""delta_num_paths"":""-1"",""delta_delay_spread"":""0.0"",""delta_rx_power_db"":""-0.0005041679892912043"",""y_path_change"":""1"",""y_path_drop"":""1"",""y_rx_power_drop_0p5db"":""0"",""y_rx_power_drop_1db"":""0"",""y_rx_power_drop_2db"":""0"",""y_delay_spread_increase"":""0"",""y_adaptation_trigger_1db"":""0"",""y_adaptation_trigger_2db"":""0""},{""frame_id"":""130"",""source_sample_index"":""33408"",""rx_id"":""rx_panda_base"",""delta_num_paths"":""0"",""delta_delay_spread"":""0.0"",""delta_rx_power_db"":""7.174080565164331e-07"",""y_path_change"":""0"",""y_path_drop"":""0"",""y_rx_power_drop_0p5db"":""0"",""y_rx_power_drop_1db"":""0"",""y_rx_power_drop_2db"":""0"",""y_delay_spread_increase"":""0"",""y_adaptation_trigger_1db"":""0"",""y_adaptation_trigger_2db"":""0""},{""frame_id"":""130"",""source_sample_index"":""33408"",""rx_id"":""rx_ur5_base"",""delta_num_paths"":""0"",""delta_delay_spread"":""0.0"",""delta_rx_power_db"":""0.0"",""y_path_change"":""0"",""y_path_drop"":""0"",""y_rx_power_drop_0p5db"":""0"",""y_rx_power_drop_1db"":""0"",""y_rx_power_drop_2db"":""0"",""y_delay_spread_increase"":""0"",""y_adaptation_trigger_1db"":""0"",""y_adaptation_trigger_2db"":""0""},{""frame_id"":""130"",""source_sample_index"":""33408"",""rx_id"":""rx_x500_body"",""delta_num_paths"":""-1"",""delta_delay_spread"":""0.0"",""delta_rx_power_db"":""-0.07385499259682149"",""y_path_change"":""1"",""y_path_drop"":""1"",""y_rx_power_drop_0p5db"":""0"",""y_rx_power_drop_1db"":""0"",""y_rx_power_drop_2db"":""0"",""y_delay_spread_increase"":""0"",""y_adaptation_trigger_1db"":""0"",""y_adaptation_trigger_2db"":""0""}]",frame_id,rt_out/experiments/perception_rt_small_v0/frames/instance_registry.json,rt_out/experiments/perception_rt_small_v0/configs/semantic_label_map.json,error,missing required panoptic file: panoptic_labels_rgb_path; missing required panoptic file: semantic_decoded_path; missing required panoptic file: gazebo_instance_count_path; missing optional panoptic file: colored_map_path; missing optional panoptic file: metadata_path
0.1,perception_rt_small_v0,rt_out/experiments/semantic_ablation_actor_200f,13,13,130,130,33408,cam_corner_sw,640,480,1.047,0.1,20.0,-4.2766,-4.27322,2.72007,-0.014193,0.518246,0.774445,,,,,,false,false,false,false,false,,false,missing,,,,,,,,6,"rx_panda_base,rx_ur5_base,rx_cerberus_base,rx_nao_chest,rx_human_chest,rx_x500_body",frame_id,"[{""frame_id"":""130"",""source_sample_index"":""33408"",""rx_id"":""rx_panda_base"",""num_paths"":""23"",""tau_min"":""8.163323350629526e-09"",""tau_max"":""6.284866316264015e-08"",""delay_spread"":""5.4685339812010625e-08"",""path_gain_sum"":""2.68836553019014e-09"",""path_gain_db"":""-85.70511681692693"",""rx_power_dbm"":""-55.70511681692693"",""sanity_ok"":""True"",""xml_path"":""rt_out/experiments/semantic_ablation_actor_200f/sionna_xml/frame_130_sionna.xml""},{""frame_id"":""130"",""source_sample_index"":""33408"",""rx_id"":""rx_ur5_base"",""num_paths"":""17"",""tau_min"":""5.708055805797585e-09"",""tau_max"":""5.930293767164585e-08"",""delay_spread"":""5.3594881865848265e-08"",""path_gain_sum"":""6.883827836645651e-07"",""path_gain_db"":""-61.62169999839213"",""rx_power_dbm"":""-31.62169999839213"",""sanity_ok"":""True"",""xml_path"":""rt_out/experiments/semantic_ablation_actor_200f/sionna_xml/frame_130_sionna.xml""},{""frame_id"":""130"",""source_sample_index"":""33408"",""rx_id"":""rx_cerberus_base"",""num_paths"":""18"",""tau_min"":""1.574846919538686e-08"",""tau_max"":""5.723669715962387e-08"",""delay_spread"":""4.148822796423701e-08"",""path_gain_sum"":""3.621421740263031e-08"",""path_gain_db"":""-74.4112089556313"",""rx_power_dbm"":""-44.411208955631295"",""sanity_ok"":""True"",""xml_path"":""rt_out/experiments/semantic_ablation_actor_200f/sionna_xml/frame_130_sionna.xml""},{""frame_id"":""130"",""source_sample_index"":""33408"",""rx_id"":""rx_nao_chest"",""num_paths"":""21"",""tau_min"":""1.0787783999433032e-08"",""tau_max"":""6.209720737615498e-08"",""delay_spread"":""5.130942337672195e-08"",""path_gain_sum"":""7.203615126627483e-08"",""path_gain_db"":""-71.42449498635267"",""rx_power_dbm"":""-41.42449498635267"",""sanity_ok"":""True"",""xml_path"":""rt_out/experiments/semantic_ablation_actor_200f/sionna_xml/frame_130_sionna.xml""},{""frame_id"":""130"",""source_sample_index"":""33408"",""rx_id"":""rx_human_chest"",""num_paths"":""21"",""tau_min"":""6.163341392806387e-09"",""tau_max"":""6.431429255826515e-08"",""delay_spread"":""5.8150951165458764e-08"",""path_gain_sum"":""2.240194589830935e-07"",""path_gain_db"":""-66.49714255942916"",""rx_power_dbm"":""-36.497142559429165"",""sanity_ok"":""True"",""xml_path"":""rt_out/experiments/semantic_ablation_actor_200f/sionna_xml/frame_130_sionna.xml""},{""frame_id"":""130"",""source_sample_index"":""33408"",""rx_id"":""rx_x500_body"",""num_paths"":""22"",""tau_min"":""1.7234324189985273e-08"",""tau_max"":""7.465505547088469e-08"",""delay_spread"":""5.742073128089942e-08"",""path_gain_sum"":""3.315524210734111e-08"",""path_gain_db"":""-74.79447796420398"",""rx_power_dbm"":""-44.79447796420398"",""sanity_ok"":""True"",""xml_path"":""rt_out/experiments/semantic_ablation_actor_200f/sionna_xml/frame_130_sionna.xml""}]",6,"[{""frame_id"":""130"",""source_sample_index"":""33408"",""rx_id"":""rx_cerberus_base"",""delta_num_paths"":""0"",""delta_delay_spread"":""0.0"",""delta_rx_power_db"":""0.0"",""y_path_change"":""0"",""y_path_drop"":""0"",""y_rx_power_drop_0p5db"":""0"",""y_rx_power_drop_1db"":""0"",""y_rx_power_drop_2db"":""0"",""y_delay_spread_increase"":""0"",""y_adaptation_trigger_1db"":""0"",""y_adaptation_trigger_2db"":""0""},{""frame_id"":""130"",""source_sample_index"":""33408"",""rx_id"":""rx_human_chest"",""delta_num_paths"":""0"",""delta_delay_spread"":""0.0"",""delta_rx_power_db"":""-2.7549819492378447e-07"",""y_path_change"":""0"",""y_path_drop"":""0"",""y_rx_power_drop_0p5db"":""0"",""y_rx_power_drop_1db"":""0"",""y_rx_power_drop_2db"":""0"",""y_delay_spread_increase"":""0"",""y_adaptation_trigger_1db"":""0"",""y_adaptation_trigger_2db"":""0""},{""frame_id"":""130"",""source_sample_index"":""33408"",""rx_id"":""rx_nao_chest"",""delta_num_paths"":""-1"",""delta_delay_spread"":""0.0"",""delta_rx_power_db"":""-0.0005041679892912043"",""y_path_change"":""1"",""y_path_drop"":""1"",""y_rx_power_drop_0p5db"":""0"",""y_rx_power_drop_1db"":""0"",""y_rx_power_drop_2db"":""0"",""y_delay_spread_increase"":""0"",""y_adaptation_trigger_1db"":""0"",""y_adaptation_trigger_2db"":""0""},{""frame_id"":""130"",""source_sample_index"":""33408"",""rx_id"":""rx_panda_base"",""delta_num_paths"":""0"",""delta_delay_spread"":""0.0"",""delta_rx_power_db"":""7.174080565164331e-07"",""y_path_change"":""0"",""y_path_drop"":""0"",""y_rx_power_drop_0p5db"":""0"",""y_rx_power_drop_1db"":""0"",""y_rx_power_drop_2db"":""0"",""y_delay_spread_increase"":""0"",""y_adaptation_trigger_1db"":""0"",""y_adaptation_trigger_2db"":""0""},{""frame_id"":""130"",""source_sample_index"":""33408"",""rx_id"":""rx_ur5_base"",""delta_num_paths"":""0"",""delta_delay_spread"":""0.0"",""delta_rx_power_db"":""0.0"",""y_path_change"":""0"",""y_path_drop"":""0"",""y_rx_power_drop_0p5db"":""0"",""y_rx_power_drop_1db"":""0"",""y_rx_power_drop_2db"":""0"",""y_delay_spread_increase"":""0"",""y_adaptation_trigger_1db"":""0"",""y_adaptation_trigger_2db"":""0""},{""frame_id"":""130"",""source_sample_index"":""33408"",""rx_id"":""rx_x500_body"",""delta_num_paths"":""-1"",""delta_delay_spread"":""0.0"",""delta_rx_power_db"":""-0.07385499259682149"",""y_path_change"":""1"",""y_path_drop"":""1"",""y_rx_power_drop_0p5db"":""0"",""y_rx_power_drop_1db"":""0"",""y_rx_power_drop_2db"":""0"",""y_delay_spread_increase"":""0"",""y_adaptation_trigger_1db"":""0"",""y_adaptation_trigger_2db"":""0""}]",frame_id,rt_out/experiments/perception_rt_small_v0/frames/instance_registry.json,rt_out/experiments/perception_rt_small_v0/configs/semantic_label_map.json,error,missing required panoptic file: panoptic_labels_rgb_path; missing required panoptic file: semantic_decoded_path; missing required panoptic file: gazebo_instance_count_path; missing optional panoptic file: colored_map_path; missing optional panoptic file: metadata_path
0.1,perception_rt_small_v0,rt_out/experiments/semantic_ablation_actor_200f,13,13,130,130,33408,cam_corner_se,640,480,1.047,0.1,20.0,4.44776,-4.40805,2.80523,-0.023556,0.376367,2.408296,,,,,,false,false,false,false,false,,false,missing,,,,,,,,6,"rx_panda_base,rx_ur5_base,rx_cerberus_base,rx_nao_chest,rx_human_chest,rx_x500_body",frame_id,"[{""frame_id"":""130"",""source_sample_index"":""33408"",""rx_id"":""rx_panda_base"",""num_paths"":""23"",""tau_min"":""8.163323350629526e-09"",""tau_max"":""6.284866316264015e-08"",""delay_spread"":""5.4685339812010625e-08"",""path_gain_sum"":""2.68836553019014e-09"",""path_gain_db"":""-85.70511681692693"",""rx_power_dbm"":""-55.70511681692693"",""sanity_ok"":""True"",""xml_path"":""rt_out/experiments/semantic_ablation_actor_200f/sionna_xml/frame_130_sionna.xml""},{""frame_id"":""130"",""source_sample_index"":""33408"",""rx_id"":""rx_ur5_base"",""num_paths"":""17"",""tau_min"":""5.708055805797585e-09"",""tau_max"":""5.930293767164585e-08"",""delay_spread"":""5.3594881865848265e-08"",""path_gain_sum"":""6.883827836645651e-07"",""path_gain_db"":""-61.62169999839213"",""rx_power_dbm"":""-31.62169999839213"",""sanity_ok"":""True"",""xml_path"":""rt_out/experiments/semantic_ablation_actor_200f/sionna_xml/frame_130_sionna.xml""},{""frame_id"":""130"",""source_sample_index"":""33408"",""rx_id"":""rx_cerberus_base"",""num_paths"":""18"",""tau_min"":""1.574846919538686e-08"",""tau_max"":""5.723669715962387e-08"",""delay_spread"":""4.148822796423701e-08"",""path_gain_sum"":""3.621421740263031e-08"",""path_gain_db"":""-74.4112089556313"",""rx_power_dbm"":""-44.411208955631295"",""sanity_ok"":""True"",""xml_path"":""rt_out/experiments/semantic_ablation_actor_200f/sionna_xml/frame_130_sionna.xml""},{""frame_id"":""130"",""source_sample_index"":""33408"",""rx_id"":""rx_nao_chest"",""num_paths"":""21"",""tau_min"":""1.0787783999433032e-08"",""tau_max"":""6.209720737615498e-08"",""delay_spread"":""5.130942337672195e-08"",""path_gain_sum"":""7.203615126627483e-08"",""path_gain_db"":""-71.42449498635267"",""rx_power_dbm"":""-41.42449498635267"",""sanity_ok"":""True"",""xml_path"":""rt_out/experiments/semantic_ablation_actor_200f/sionna_xml/frame_130_sionna.xml""},{""frame_id"":""130"",""source_sample_index"":""33408"",""rx_id"":""rx_human_chest"",""num_paths"":""21"",""tau_min"":""6.163341392806387e-09"",""tau_max"":""6.431429255826515e-08"",""delay_spread"":""5.8150951165458764e-08"",""path_gain_sum"":""2.240194589830935e-07"",""path_gain_db"":""-66.49714255942916"",""rx_power_dbm"":""-36.497142559429165"",""sanity_ok"":""True"",""xml_path"":""rt_out/experiments/semantic_ablation_actor_200f/sionna_xml/frame_130_sionna.xml""},{""frame_id"":""130"",""source_sample_index"":""33408"",""rx_id"":""rx_x500_body"",""num_paths"":""22"",""tau_min"":""1.7234324189985273e-08"",""tau_max"":""7.465505547088469e-08"",""delay_spread"":""5.742073128089942e-08"",""path_gain_sum"":""3.315524210734111e-08"",""path_gain_db"":""-74.79447796420398"",""rx_power_dbm"":""-44.79447796420398"",""sanity_ok"":""True"",""xml_path"":""rt_out/experiments/semantic_ablation_actor_200f/sionna_xml/frame_130_sionna.xml""}]",6,"[{""frame_id"":""130"",""source_sample_index"":""33408"",""rx_id"":""rx_cerberus_base"",""delta_num_paths"":""0"",""delta_delay_spread"":""0.0"",""delta_rx_power_db"":""0.0"",""y_path_change"":""0"",""y_path_drop"":""0"",""y_rx_power_drop_0p5db"":""0"",""y_rx_power_drop_1db"":""0"",""y_rx_power_drop_2db"":""0"",""y_delay_spread_increase"":""0"",""y_adaptation_trigger_1db"":""0"",""y_adaptation_trigger_2db"":""0""},{""frame_id"":""130"",""source_sample_index"":""33408"",""rx_id"":""rx_human_chest"",""delta_num_paths"":""0"",""delta_delay_spread"":""0.0"",""delta_rx_power_db"":""-2.7549819492378447e-07"",""y_path_change"":""0"",""y_path_drop"":""0"",""y_rx_power_drop_0p5db"":""0"",""y_rx_power_drop_1db"":""0"",""y_rx_power_drop_2db"":""0"",""y_delay_spread_increase"":""0"",""y_adaptation_trigger_1db"":""0"",""y_adaptation_trigger_2db"":""0""},{""frame_id"":""130"",""source_sample_index"":""33408"",""rx_id"":""rx_nao_chest"",""delta_num_paths"":""-1"",""delta_delay_spread"":""0.0"",""delta_rx_power_db"":""-0.0005041679892912043"",""y_path_change"":""1"",""y_path_drop"":""1"",""y_rx_power_drop_0p5db"":""0"",""y_rx_power_drop_1db"":""0"",""y_rx_power_drop_2db"":""0"",""y_delay_spread_increase"":""0"",""y_adaptation_trigger_1db"":""0"",""y_adaptation_trigger_2db"":""0""},{""frame_id"":""130"",""source_sample_index"":""33408"",""rx_id"":""rx_panda_base"",""delta_num_paths"":""0"",""delta_delay_spread"":""0.0"",""delta_rx_power_db"":""7.174080565164331e-07"",""y_path_change"":""0"",""y_path_drop"":""0"",""y_rx_power_drop_0p5db"":""0"",""y_rx_power_drop_1db"":""0"",""y_rx_power_drop_2db"":""0"",""y_delay_spread_increase"":""0"",""y_adaptation_trigger_1db"":""0"",""y_adaptation_trigger_2db"":""0""},{""frame_id"":""130"",""source_sample_index"":""33408"",""rx_id"":""rx_ur5_base"",""delta_num_paths"":""0"",""delta_delay_spread"":""0.0"",""delta_rx_power_db"":""0.0"",""y_path_change"":""0"",""y_path_drop"":""0"",""y_rx_power_drop_0p5db"":""0"",""y_rx_power_drop_1db"":""0"",""y_rx_power_drop_2db"":""0"",""y_delay_spread_increase"":""0"",""y_adaptation_trigger_1db"":""0"",""y_adaptation_trigger_2db"":""0""},{""frame_id"":""130"",""source_sample_index"":""33408"",""rx_id"":""rx_x500_body"",""delta_num_paths"":""-1"",""delta_delay_spread"":""0.0"",""delta_rx_power_db"":""-0.07385499259682149"",""y_path_change"":""1"",""y_path_drop"":""1"",""y_rx_power_drop_0p5db"":""0"",""y_rx_power_drop_1db"":""0"",""y_rx_power_drop_2db"":""0"",""y_delay_spread_increase"":""0"",""y_adaptation_trigger_1db"":""0"",""y_adaptation_trigger_2db"":""0""}]",frame_id,rt_out/experiments/perception_rt_small_v0/frames/instance_registry.json,rt_out/experiments/perception_rt_small_v0/configs/semantic_label_map.json,error,missing required panoptic file: panoptic_labels_rgb_path; missing required panoptic file: semantic_decoded_path; missing required panoptic file: gazebo_instance_count_path; missing optional panoptic file: colored_map_path; missing optional panoptic file: metadata_path
0.1,perception_rt_small_v0,rt_out/experiments/semantic_ablation_actor_200f,13,13,130,130,33408,cam_wall_north,640,480,1.047,0.1,20.0,0.221087,4.38902,2.71504,-0.0,0.562591,-1.5708,,,,,,false,false,false,false,false,,false,missing,,,,,,,,6,"rx_panda_base,rx_ur5_base,rx_cerberus_base,rx_nao_chest,rx_human_chest,rx_x500_body",frame_id,"[{""frame_id"":""130"",""source_sample_index"":""33408"",""rx_id"":""rx_panda_base"",""num_paths"":""23"",""tau_min"":""8.163323350629526e-09"",""tau_max"":""6.284866316264015e-08"",""delay_spread"":""5.4685339812010625e-08"",""path_gain_sum"":""2.68836553019014e-09"",""path_gain_db"":""-85.70511681692693"",""rx_power_dbm"":""-55.70511681692693"",""sanity_ok"":""True"",""xml_path"":""rt_out/experiments/semantic_ablation_actor_200f/sionna_xml/frame_130_sionna.xml""},{""frame_id"":""130"",""source_sample_index"":""33408"",""rx_id"":""rx_ur5_base"",""num_paths"":""17"",""tau_min"":""5.708055805797585e-09"",""tau_max"":""5.930293767164585e-08"",""delay_spread"":""5.3594881865848265e-08"",""path_gain_sum"":""6.883827836645651e-07"",""path_gain_db"":""-61.62169999839213"",""rx_power_dbm"":""-31.62169999839213"",""sanity_ok"":""True"",""xml_path"":""rt_out/experiments/semantic_ablation_actor_200f/sionna_xml/frame_130_sionna.xml""},{""frame_id"":""130"",""source_sample_index"":""33408"",""rx_id"":""rx_cerberus_base"",""num_paths"":""18"",""tau_min"":""1.574846919538686e-08"",""tau_max"":""5.723669715962387e-08"",""delay_spread"":""4.148822796423701e-08"",""path_gain_sum"":""3.621421740263031e-08"",""path_gain_db"":""-74.4112089556313"",""rx_power_dbm"":""-44.411208955631295"",""sanity_ok"":""True"",""xml_path"":""rt_out/experiments/semantic_ablation_actor_200f/sionna_xml/frame_130_sionna.xml""},{""frame_id"":""130"",""source_sample_index"":""33408"",""rx_id"":""rx_nao_chest"",""num_paths"":""21"",""tau_min"":""1.0787783999433032e-08"",""tau_max"":""6.209720737615498e-08"",""delay_spread"":""5.130942337672195e-08"",""path_gain_sum"":""7.203615126627483e-08"",""path_gain_db"":""-71.42449498635267"",""rx_power_dbm"":""-41.42449498635267"",""sanity_ok"":""True"",""xml_path"":""rt_out/experiments/semantic_ablation_actor_200f/sionna_xml/frame_130_sionna.xml""},{""frame_id"":""130"",""source_sample_index"":""33408"",""rx_id"":""rx_human_chest"",""num_paths"":""21"",""tau_min"":""6.163341392806387e-09"",""tau_max"":""6.431429255826515e-08"",""delay_spread"":""5.8150951165458764e-08"",""path_gain_sum"":""2.240194589830935e-07"",""path_gain_db"":""-66.49714255942916"",""rx_power_dbm"":""-36.497142559429165"",""sanity_ok"":""True"",""xml_path"":""rt_out/experiments/semantic_ablation_actor_200f/sionna_xml/frame_130_sionna.xml""},{""frame_id"":""130"",""source_sample_index"":""33408"",""rx_id"":""rx_x500_body"",""num_paths"":""22"",""tau_min"":""1.7234324189985273e-08"",""tau_max"":""7.465505547088469e-08"",""delay_spread"":""5.742073128089942e-08"",""path_gain_sum"":""3.315524210734111e-08"",""path_gain_db"":""-74.79447796420398"",""rx_power_dbm"":""-44.79447796420398"",""sanity_ok"":""True"",""xml_path"":""rt_out/experiments/semantic_ablation_actor_200f/sionna_xml/frame_130_sionna.xml""}]",6,"[{""frame_id"":""130"",""source_sample_index"":""33408"",""rx_id"":""rx_cerberus_base"",""delta_num_paths"":""0"",""delta_delay_spread"":""0.0"",""delta_rx_power_db"":""0.0"",""y_path_change"":""0"",""y_path_drop"":""0"",""y_rx_power_drop_0p5db"":""0"",""y_rx_power_drop_1db"":""0"",""y_rx_power_drop_2db"":""0"",""y_delay_spread_increase"":""0"",""y_adaptation_trigger_1db"":""0"",""y_adaptation_trigger_2db"":""0""},{""frame_id"":""130"",""source_sample_index"":""33408"",""rx_id"":""rx_human_chest"",""delta_num_paths"":""0"",""delta_delay_spread"":""0.0"",""delta_rx_power_db"":""-2.7549819492378447e-07"",""y_path_change"":""0"",""y_path_drop"":""0"",""y_rx_power_drop_0p5db"":""0"",""y_rx_power_drop_1db"":""0"",""y_rx_power_drop_2db"":""0"",""y_delay_spread_increase"":""0"",""y_adaptation_trigger_1db"":""0"",""y_adaptation_trigger_2db"":""0""},{""frame_id"":""130"",""source_sample_index"":""33408"",""rx_id"":""rx_nao_chest"",""delta_num_paths"":""-1"",""delta_delay_spread"":""0.0"",""delta_rx_power_db"":""-0.0005041679892912043"",""y_path_change"":""1"",""y_path_drop"":""1"",""y_rx_power_drop_0p5db"":""0"",""y_rx_power_drop_1db"":""0"",""y_rx_power_drop_2db"":""0"",""y_delay_spread_increase"":""0"",""y_adaptation_trigger_1db"":""0"",""y_adaptation_trigger_2db"":""0""},{""frame_id"":""130"",""source_sample_index"":""33408"",""rx_id"":""rx_panda_base"",""delta_num_paths"":""0"",""delta_delay_spread"":""0.0"",""delta_rx_power_db"":""7.174080565164331e-07"",""y_path_change"":""0"",""y_path_drop"":""0"",""y_rx_power_drop_0p5db"":""0"",""y_rx_power_drop_1db"":""0"",""y_rx_power_drop_2db"":""0"",""y_delay_spread_increase"":""0"",""y_adaptation_trigger_1db"":""0"",""y_adaptation_trigger_2db"":""0""},{""frame_id"":""130"",""source_sample_index"":""33408"",""rx_id"":""rx_ur5_base"",""delta_num_paths"":""0"",""delta_delay_spread"":""0.0"",""delta_rx_power_db"":""0.0"",""y_path_change"":""0"",""y_path_drop"":""0"",""y_rx_power_drop_0p5db"":""0"",""y_rx_power_drop_1db"":""0"",""y_rx_power_drop_2db"":""0"",""y_delay_spread_increase"":""0"",""y_adaptation_trigger_1db"":""0"",""y_adaptation_trigger_2db"":""0""},{""frame_id"":""130"",""source_sample_index"":""33408"",""rx_id"":""rx_x500_body"",""delta_num_paths"":""-1"",""delta_delay_spread"":""0.0"",""delta_rx_power_db"":""-0.07385499259682149"",""y_path_change"":""1"",""y_path_drop"":""1"",""y_rx_power_drop_0p5db"":""0"",""y_rx_power_drop_1db"":""0"",""y_rx_power_drop_2db"":""0"",""y_delay_spread_increase"":""0"",""y_adaptation_trigger_1db"":""0"",""y_adaptation_trigger_2db"":""0""}]",frame_id,rt_out/experiments/perception_rt_small_v0/frames/instance_registry.json,rt_out/experiments/perception_rt_small_v0/configs/semantic_label_map.json,error,missing required panoptic file: panoptic_labels_rgb_path; missing required panoptic file: semantic_decoded_path; missing required panoptic file: gazebo_instance_count_path; missing optional panoptic file: colored_map_path; missing optional panoptic file: metadata_path
0.1,perception_rt_small_v0,rt_out/experiments/semantic_ablation_actor_200f,13,13,130,130,33408,cam_wall_south,640,480,1.047,0.1,20.0,0.221056,-4.22159,2.7964,0.000426,0.271157,1.577903,,,,,,false,false,false,false,false,,false,missing,,,,,,,,6,"rx_panda_base,rx_ur5_base,rx_cerberus_base,rx_nao_chest,rx_human_chest,rx_x500_body",frame_id,"[{""frame_id"":""130"",""source_sample_index"":""33408"",""rx_id"":""rx_panda_base"",""num_paths"":""23"",""tau_min"":""8.163323350629526e-09"",""tau_max"":""6.284866316264015e-08"",""delay_spread"":""5.4685339812010625e-08"",""path_gain_sum"":""2.68836553019014e-09"",""path_gain_db"":""-85.70511681692693"",""rx_power_dbm"":""-55.70511681692693"",""sanity_ok"":""True"",""xml_path"":""rt_out/experiments/semantic_ablation_actor_200f/sionna_xml/frame_130_sionna.xml""},{""frame_id"":""130"",""source_sample_index"":""33408"",""rx_id"":""rx_ur5_base"",""num_paths"":""17"",""tau_min"":""5.708055805797585e-09"",""tau_max"":""5.930293767164585e-08"",""delay_spread"":""5.3594881865848265e-08"",""path_gain_sum"":""6.883827836645651e-07"",""path_gain_db"":""-61.62169999839213"",""rx_power_dbm"":""-31.62169999839213"",""sanity_ok"":""True"",""xml_path"":""rt_out/experiments/semantic_ablation_actor_200f/sionna_xml/frame_130_sionna.xml""},{""frame_id"":""130"",""source_sample_index"":""33408"",""rx_id"":""rx_cerberus_base"",""num_paths"":""18"",""tau_min"":""1.574846919538686e-08"",""tau_max"":""5.723669715962387e-08"",""delay_spread"":""4.148822796423701e-08"",""path_gain_sum"":""3.621421740263031e-08"",""path_gain_db"":""-74.4112089556313"",""rx_power_dbm"":""-44.411208955631295"",""sanity_ok"":""True"",""xml_path"":""rt_out/experiments/semantic_ablation_actor_200f/sionna_xml/frame_130_sionna.xml""},{""frame_id"":""130"",""source_sample_index"":""33408"",""rx_id"":""rx_nao_chest"",""num_paths"":""21"",""tau_min"":""1.0787783999433032e-08"",""tau_max"":""6.209720737615498e-08"",""delay_spread"":""5.130942337672195e-08"",""path_gain_sum"":""7.203615126627483e-08"",""path_gain_db"":""-71.42449498635267"",""rx_power_dbm"":""-41.42449498635267"",""sanity_ok"":""True"",""xml_path"":""rt_out/experiments/semantic_ablation_actor_200f/sionna_xml/frame_130_sionna.xml""},{""frame_id"":""130"",""source_sample_index"":""33408"",""rx_id"":""rx_human_chest"",""num_paths"":""21"",""tau_min"":""6.163341392806387e-09"",""tau_max"":""6.431429255826515e-08"",""delay_spread"":""5.8150951165458764e-08"",""path_gain_sum"":""2.240194589830935e-07"",""path_gain_db"":""-66.49714255942916"",""rx_power_dbm"":""-36.497142559429165"",""sanity_ok"":""True"",""xml_path"":""rt_out/experiments/semantic_ablation_actor_200f/sionna_xml/frame_130_sionna.xml""},{""frame_id"":""130"",""source_sample_index"":""33408"",""rx_id"":""rx_x500_body"",""num_paths"":""22"",""tau_min"":""1.7234324189985273e-08"",""tau_max"":""7.465505547088469e-08"",""delay_spread"":""5.742073128089942e-08"",""path_gain_sum"":""3.315524210734111e-08"",""path_gain_db"":""-74.79447796420398"",""rx_power_dbm"":""-44.79447796420398"",""sanity_ok"":""True"",""xml_path"":""rt_out/experiments/semantic_ablation_actor_200f/sionna_xml/frame_130_sionna.xml""}]",6,"[{""frame_id"":""130"",""source_sample_index"":""33408"",""rx_id"":""rx_cerberus_base"",""delta_num_paths"":""0"",""delta_delay_spread"":""0.0"",""delta_rx_power_db"":""0.0"",""y_path_change"":""0"",""y_path_drop"":""0"",""y_rx_power_drop_0p5db"":""0"",""y_rx_power_drop_1db"":""0"",""y_rx_power_drop_2db"":""0"",""y_delay_spread_increase"":""0"",""y_adaptation_trigger_1db"":""0"",""y_adaptation_trigger_2db"":""0""},{""frame_id"":""130"",""source_sample_index"":""33408"",""rx_id"":""rx_human_chest"",""delta_num_paths"":""0"",""delta_delay_spread"":""0.0"",""delta_rx_power_db"":""-2.7549819492378447e-07"",""y_path_change"":""0"",""y_path_drop"":""0"",""y_rx_power_drop_0p5db"":""0"",""y_rx_power_drop_1db"":""0"",""y_rx_power_drop_2db"":""0"",""y_delay_spread_increase"":""0"",""y_adaptation_trigger_1db"":""0"",""y_adaptation_trigger_2db"":""0""},{""frame_id"":""130"",""source_sample_index"":""33408"",""rx_id"":""rx_nao_chest"",""delta_num_paths"":""-1"",""delta_delay_spread"":""0.0"",""delta_rx_power_db"":""-0.0005041679892912043"",""y_path_change"":""1"",""y_path_drop"":""1"",""y_rx_power_drop_0p5db"":""0"",""y_rx_power_drop_1db"":""0"",""y_rx_power_drop_2db"":""0"",""y_delay_spread_increase"":""0"",""y_adaptation_trigger_1db"":""0"",""y_adaptation_trigger_2db"":""0""},{""frame_id"":""130"",""source_sample_index"":""33408"",""rx_id"":""rx_panda_base"",""delta_num_paths"":""0"",""delta_delay_spread"":""0.0"",""delta_rx_power_db"":""7.174080565164331e-07"",""y_path_change"":""0"",""y_path_drop"":""0"",""y_rx_power_drop_0p5db"":""0"",""y_rx_power_drop_1db"":""0"",""y_rx_power_drop_2db"":""0"",""y_delay_spread_increase"":""0"",""y_adaptation_trigger_1db"":""0"",""y_adaptation_trigger_2db"":""0""},{""frame_id"":""130"",""source_sample_index"":""33408"",""rx_id"":""rx_ur5_base"",""delta_num_paths"":""0"",""delta_delay_spread"":""0.0"",""delta_rx_power_db"":""0.0"",""y_path_change"":""0"",""y_path_drop"":""0"",""y_rx_power_drop_0p5db"":""0"",""y_rx_power_drop_1db"":""0"",""y_rx_power_drop_2db"":""0"",""y_delay_spread_increase"":""0"",""y_adaptation_trigger_1db"":""0"",""y_adaptation_trigger_2db"":""0""},{""frame_id"":""130"",""source_sample_index"":""33408"",""rx_id"":""rx_x500_body"",""delta_num_paths"":""-1"",""delta_delay_spread"":""0.0"",""delta_rx_power_db"":""-0.07385499259682149"",""y_path_change"":""1"",""y_path_drop"":""1"",""y_rx_power_drop_0p5db"":""0"",""y_rx_power_drop_1db"":""0"",""y_rx_power_drop_2db"":""0"",""y_delay_spread_increase"":""0"",""y_adaptation_trigger_1db"":""0"",""y_adaptation_trigger_2db"":""0""}]",frame_id,rt_out/experiments/perception_rt_small_v0/frames/instance_registry.json,rt_out/experiments/perception_rt_small_v0/configs/semantic_label_map.json,error,missing required panoptic file: panoptic_labels_rgb_path; missing required panoptic file: semantic_decoded_path; missing required panoptic file: gazebo_instance_count_path; missing optional panoptic file: colored_map_path; missing optional panoptic file: metadata_path
0.1,perception_rt_small_v0,rt_out/experiments/semantic_ablation_actor_200f,13,13,130,130,33408,cam_wall_east,640,480,1.047,0.1,20.0,4.38989,-0.157588,2.81304,-0.047579,0.393096,3.098594,,,,,,false,false,false,false,false,,false,missing,,,,,,,,6,"rx_panda_base,rx_ur5_base,rx_cerberus_base,rx_nao_chest,rx_human_chest,rx_x500_body",frame_id,"[{""frame_id"":""130"",""source_sample_index"":""33408"",""rx_id"":""rx_panda_base"",""num_paths"":""23"",""tau_min"":""8.163323350629526e-09"",""tau_max"":""6.284866316264015e-08"",""delay_spread"":""5.4685339812010625e-08"",""path_gain_sum"":""2.68836553019014e-09"",""path_gain_db"":""-85.70511681692693"",""rx_power_dbm"":""-55.70511681692693"",""sanity_ok"":""True"",""xml_path"":""rt_out/experiments/semantic_ablation_actor_200f/sionna_xml/frame_130_sionna.xml""},{""frame_id"":""130"",""source_sample_index"":""33408"",""rx_id"":""rx_ur5_base"",""num_paths"":""17"",""tau_min"":""5.708055805797585e-09"",""tau_max"":""5.930293767164585e-08"",""delay_spread"":""5.3594881865848265e-08"",""path_gain_sum"":""6.883827836645651e-07"",""path_gain_db"":""-61.62169999839213"",""rx_power_dbm"":""-31.62169999839213"",""sanity_ok"":""True"",""xml_path"":""rt_out/experiments/semantic_ablation_actor_200f/sionna_xml/frame_130_sionna.xml""},{""frame_id"":""130"",""source_sample_index"":""33408"",""rx_id"":""rx_cerberus_base"",""num_paths"":""18"",""tau_min"":""1.574846919538686e-08"",""tau_max"":""5.723669715962387e-08"",""delay_spread"":""4.148822796423701e-08"",""path_gain_sum"":""3.621421740263031e-08"",""path_gain_db"":""-74.4112089556313"",""rx_power_dbm"":""-44.411208955631295"",""sanity_ok"":""True"",""xml_path"":""rt_out/experiments/semantic_ablation_actor_200f/sionna_xml/frame_130_sionna.xml""},{""frame_id"":""130"",""source_sample_index"":""33408"",""rx_id"":""rx_nao_chest"",""num_paths"":""21"",""tau_min"":""1.0787783999433032e-08"",""tau_max"":""6.209720737615498e-08"",""delay_spread"":""5.130942337672195e-08"",""path_gain_sum"":""7.203615126627483e-08"",""path_gain_db"":""-71.42449498635267"",""rx_power_dbm"":""-41.42449498635267"",""sanity_ok"":""True"",""xml_path"":""rt_out/experiments/semantic_ablation_actor_200f/sionna_xml/frame_130_sionna.xml""},{""frame_id"":""130"",""source_sample_index"":""33408"",""rx_id"":""rx_human_chest"",""num_paths"":""21"",""tau_min"":""6.163341392806387e-09"",""tau_max"":""6.431429255826515e-08"",""delay_spread"":""5.8150951165458764e-08"",""path_gain_sum"":""2.240194589830935e-07"",""path_gain_db"":""-66.49714255942916"",""rx_power_dbm"":""-36.497142559429165"",""sanity_ok"":""True"",""xml_path"":""rt_out/experiments/semantic_ablation_actor_200f/sionna_xml/frame_130_sionna.xml""},{""frame_id"":""130"",""source_sample_index"":""33408"",""rx_id"":""rx_x500_body"",""num_paths"":""22"",""tau_min"":""1.7234324189985273e-08"",""tau_max"":""7.465505547088469e-08"",""delay_spread"":""5.742073128089942e-08"",""path_gain_sum"":""3.315524210734111e-08"",""path_gain_db"":""-74.79447796420398"",""rx_power_dbm"":""-44.79447796420398"",""sanity_ok"":""True"",""xml_path"":""rt_out/experiments/semantic_ablation_actor_200f/sionna_xml/frame_130_sionna.xml""}]",6,"[{""frame_id"":""130"",""source_sample_index"":""33408"",""rx_id"":""rx_cerberus_base"",""delta_num_paths"":""0"",""delta_delay_spread"":""0.0"",""delta_rx_power_db"":""0.0"",""y_path_change"":""0"",""y_path_drop"":""0"",""y_rx_power_drop_0p5db"":""0"",""y_rx_power_drop_1db"":""0"",""y_rx_power_drop_2db"":""0"",""y_delay_spread_increase"":""0"",""y_adaptation_trigger_1db"":""0"",""y_adaptation_trigger_2db"":""0""},{""frame_id"":""130"",""source_sample_index"":""33408"",""rx_id"":""rx_human_chest"",""delta_num_paths"":""0"",""delta_delay_spread"":""0.0"",""delta_rx_power_db"":""-2.7549819492378447e-07"",""y_path_change"":""0"",""y_path_drop"":""0"",""y_rx_power_drop_0p5db"":""0"",""y_rx_power_drop_1db"":""0"",""y_rx_power_drop_2db"":""0"",""y_delay_spread_increase"":""0"",""y_adaptation_trigger_1db"":""0"",""y_adaptation_trigger_2db"":""0""},{""frame_id"":""130"",""source_sample_index"":""33408"",""rx_id"":""rx_nao_chest"",""delta_num_paths"":""-1"",""delta_delay_spread"":""0.0"",""delta_rx_power_db"":""-0.0005041679892912043"",""y_path_change"":""1"",""y_path_drop"":""1"",""y_rx_power_drop_0p5db"":""0"",""y_rx_power_drop_1db"":""0"",""y_rx_power_drop_2db"":""0"",""y_delay_spread_increase"":""0"",""y_adaptation_trigger_1db"":""0"",""y_adaptation_trigger_2db"":""0""},{""frame_id"":""130"",""source_sample_index"":""33408"",""rx_id"":""rx_panda_base"",""delta_num_paths"":""0"",""delta_delay_spread"":""0.0"",""delta_rx_power_db"":""7.174080565164331e-07"",""y_path_change"":""0"",""y_path_drop"":""0"",""y_rx_power_drop_0p5db"":""0"",""y_rx_power_drop_1db"":""0"",""y_rx_power_drop_2db"":""0"",""y_delay_spread_increase"":""0"",""y_adaptation_trigger_1db"":""0"",""y_adaptation_trigger_2db"":""0""},{""frame_id"":""130"",""source_sample_index"":""33408"",""rx_id"":""rx_ur5_base"",""delta_num_paths"":""0"",""delta_delay_spread"":""0.0"",""delta_rx_power_db"":""0.0"",""y_path_change"":""0"",""y_path_drop"":""0"",""y_rx_power_drop_0p5db"":""0"",""y_rx_power_drop_1db"":""0"",""y_rx_power_drop_2db"":""0"",""y_delay_spread_increase"":""0"",""y_adaptation_trigger_1db"":""0"",""y_adaptation_trigger_2db"":""0""},{""frame_id"":""130"",""source_sample_index"":""33408"",""rx_id"":""rx_x500_body"",""delta_num_paths"":""-1"",""delta_delay_spread"":""0.0"",""delta_rx_power_db"":""-0.07385499259682149"",""y_path_change"":""1"",""y_path_drop"":""1"",""y_rx_power_drop_0p5db"":""0"",""y_rx_power_drop_1db"":""0"",""y_rx_power_drop_2db"":""0"",""y_delay_spread_increase"":""0"",""y_adaptation_trigger_1db"":""0"",""y_adaptation_trigger_2db"":""0""}]",frame_id,rt_out/experiments/perception_rt_small_v0/frames/instance_registry.json,rt_out/experiments/perception_rt_small_v0/configs/semantic_label_map.json,error,missing required panoptic file: panoptic_labels_rgb_path; missing required panoptic file: semantic_decoded_path; missing required panoptic file: gazebo_instance_count_path; missing optional panoptic file: colored_map_path; missing optional panoptic file: metadata_path
0.1,perception_rt_small_v0,rt_out/experiments/semantic_ablation_actor_200f,13,13,130,130,33408,cam_wall_west,640,480,1.047,0.1,20.0,-4.368888,-0.03657,2.817008,0.035211,0.406352,0.030119,,,,,,false,false,false,false,false,,false,missing,,,,,,,,6,"rx_panda_base,rx_ur5_base,rx_cerberus_base,rx_nao_chest,rx_human_chest,rx_x500_body",frame_id,"[{""frame_id"":""130"",""source_sample_index"":""33408"",""rx_id"":""rx_panda_base"",""num_paths"":""23"",""tau_min"":""8.163323350629526e-09"",""tau_max"":""6.284866316264015e-08"",""delay_spread"":""5.4685339812010625e-08"",""path_gain_sum"":""2.68836553019014e-09"",""path_gain_db"":""-85.70511681692693"",""rx_power_dbm"":""-55.70511681692693"",""sanity_ok"":""True"",""xml_path"":""rt_out/experiments/semantic_ablation_actor_200f/sionna_xml/frame_130_sionna.xml""},{""frame_id"":""130"",""source_sample_index"":""33408"",""rx_id"":""rx_ur5_base"",""num_paths"":""17"",""tau_min"":""5.708055805797585e-09"",""tau_max"":""5.930293767164585e-08"",""delay_spread"":""5.3594881865848265e-08"",""path_gain_sum"":""6.883827836645651e-07"",""path_gain_db"":""-61.62169999839213"",""rx_power_dbm"":""-31.62169999839213"",""sanity_ok"":""True"",""xml_path"":""rt_out/experiments/semantic_ablation_actor_200f/sionna_xml/frame_130_sionna.xml""},{""frame_id"":""130"",""source_sample_index"":""33408"",""rx_id"":""rx_cerberus_base"",""num_paths"":""18"",""tau_min"":""1.574846919538686e-08"",""tau_max"":""5.723669715962387e-08"",""delay_spread"":""4.148822796423701e-08"",""path_gain_sum"":""3.621421740263031e-08"",""path_gain_db"":""-74.4112089556313"",""rx_power_dbm"":""-44.411208955631295"",""sanity_ok"":""True"",""xml_path"":""rt_out/experiments/semantic_ablation_actor_200f/sionna_xml/frame_130_sionna.xml""},{""frame_id"":""130"",""source_sample_index"":""33408"",""rx_id"":""rx_nao_chest"",""num_paths"":""21"",""tau_min"":""1.0787783999433032e-08"",""tau_max"":""6.209720737615498e-08"",""delay_spread"":""5.130942337672195e-08"",""path_gain_sum"":""7.203615126627483e-08"",""path_gain_db"":""-71.42449498635267"",""rx_power_dbm"":""-41.42449498635267"",""sanity_ok"":""True"",""xml_path"":""rt_out/experiments/semantic_ablation_actor_200f/sionna_xml/frame_130_sionna.xml""},{""frame_id"":""130"",""source_sample_index"":""33408"",""rx_id"":""rx_human_chest"",""num_paths"":""21"",""tau_min"":""6.163341392806387e-09"",""tau_max"":""6.431429255826515e-08"",""delay_spread"":""5.8150951165458764e-08"",""path_gain_sum"":""2.240194589830935e-07"",""path_gain_db"":""-66.49714255942916"",""rx_power_dbm"":""-36.497142559429165"",""sanity_ok"":""True"",""xml_path"":""rt_out/experiments/semantic_ablation_actor_200f/sionna_xml/frame_130_sionna.xml""},{""frame_id"":""130"",""source_sample_index"":""33408"",""rx_id"":""rx_x500_body"",""num_paths"":""22"",""tau_min"":""1.7234324189985273e-08"",""tau_max"":""7.465505547088469e-08"",""delay_spread"":""5.742073128089942e-08"",""path_gain_sum"":""3.315524210734111e-08"",""path_gain_db"":""-74.79447796420398"",""rx_power_dbm"":""-44.79447796420398"",""sanity_ok"":""True"",""xml_path"":""rt_out/experiments/semantic_ablation_actor_200f/sionna_xml/frame_130_sionna.xml""}]",6,"[{""frame_id"":""130"",""source_sample_index"":""33408"",""rx_id"":""rx_cerberus_base"",""delta_num_paths"":""0"",""delta_delay_spread"":""0.0"",""delta_rx_power_db"":""0.0"",""y_path_change"":""0"",""y_path_drop"":""0"",""y_rx_power_drop_0p5db"":""0"",""y_rx_power_drop_1db"":""0"",""y_rx_power_drop_2db"":""0"",""y_delay_spread_increase"":""0"",""y_adaptation_trigger_1db"":""0"",""y_adaptation_trigger_2db"":""0""},{""frame_id"":""130"",""source_sample_index"":""33408"",""rx_id"":""rx_human_chest"",""delta_num_paths"":""0"",""delta_delay_spread"":""0.0"",""delta_rx_power_db"":""-2.7549819492378447e-07"",""y_path_change"":""0"",""y_path_drop"":""0"",""y_rx_power_drop_0p5db"":""0"",""y_rx_power_drop_1db"":""0"",""y_rx_power_drop_2db"":""0"",""y_delay_spread_increase"":""0"",""y_adaptation_trigger_1db"":""0"",""y_adaptation_trigger_2db"":""0""},{""frame_id"":""130"",""source_sample_index"":""33408"",""rx_id"":""rx_nao_chest"",""delta_num_paths"":""-1"",""delta_delay_spread"":""0.0"",""delta_rx_power_db"":""-0.0005041679892912043"",""y_path_change"":""1"",""y_path_drop"":""1"",""y_rx_power_drop_0p5db"":""0"",""y_rx_power_drop_1db"":""0"",""y_rx_power_drop_2db"":""0"",""y_delay_spread_increase"":""0"",""y_adaptation_trigger_1db"":""0"",""y_adaptation_trigger_2db"":""0""},{""frame_id"":""130"",""source_sample_index"":""33408"",""rx_id"":""rx_panda_base"",""delta_num_paths"":""0"",""delta_delay_spread"":""0.0"",""delta_rx_power_db"":""7.174080565164331e-07"",""y_path_change"":""0"",""y_path_drop"":""0"",""y_rx_power_drop_0p5db"":""0"",""y_rx_power_drop_1db"":""0"",""y_rx_power_drop_2db"":""0"",""y_delay_spread_increase"":""0"",""y_adaptation_trigger_1db"":""0"",""y_adaptation_trigger_2db"":""0""},{""frame_id"":""130"",""source_sample_index"":""33408"",""rx_id"":""rx_ur5_base"",""delta_num_paths"":""0"",""delta_delay_spread"":""0.0"",""delta_rx_power_db"":""0.0"",""y_path_change"":""0"",""y_path_drop"":""0"",""y_rx_power_drop_0p5db"":""0"",""y_rx_power_drop_1db"":""0"",""y_rx_power_drop_2db"":""0"",""y_delay_spread_increase"":""0"",""y_adaptation_trigger_1db"":""0"",""y_adaptation_trigger_2db"":""0""},{""frame_id"":""130"",""source_sample_index"":""33408"",""rx_id"":""rx_x500_body"",""delta_num_paths"":""-1"",""delta_delay_spread"":""0.0"",""delta_rx_power_db"":""-0.07385499259682149"",""y_path_change"":""1"",""y_path_drop"":""1"",""y_rx_power_drop_0p5db"":""0"",""y_rx_power_drop_1db"":""0"",""y_rx_power_drop_2db"":""0"",""y_delay_spread_increase"":""0"",""y_adaptation_trigger_1db"":""0"",""y_adaptation_trigger_2db"":""0""}]",frame_id,rt_out/experiments/perception_rt_small_v0/frames/instance_registry.json,rt_out/experiments/perception_rt_small_v0/configs/semantic_label_map.json,error,missing required panoptic file: panoptic_labels_rgb_path; missing required panoptic file: semantic_decoded_path; missing required panoptic file: gazebo_instance_count_path; missing optional panoptic file: colored_map_path; missing optional panoptic file: metadata_path
0.1,perception_rt_small_v0,rt_out/experiments/semantic_ablation_actor_200f,14,14,140,140,35978,cam_corner_nw,640,480,1.047,0.1,20.0,-4.368888,4.38902,2.76265,-0.018875,0.447306,-0.787697,,,,,,false,false,false,false,false,,false,missing,,,,,,,,6,"rx_panda_base,rx_ur5_base,rx_cerberus_base,rx_nao_chest,rx_human_chest,rx_x500_body",frame_id,"[{""frame_id"":""140"",""source_sample_index"":""35978"",""rx_id"":""rx_panda_base"",""num_paths"":""25"",""tau_min"":""5.357098764591228e-09"",""tau_max"":""6.284866316264015e-08"",""delay_spread"":""5.749156439804892e-08"",""path_gain_sum"":""2.84268793393494e-07"",""path_gain_db"":""-65.46270813896908"",""rx_power_dbm"":""-35.46270813896908"",""sanity_ok"":""True"",""xml_path"":""rt_out/experiments/semantic_ablation_actor_200f/sionna_xml/frame_140_sionna.xml""},{""frame_id"":""140"",""source_sample_index"":""35978"",""rx_id"":""rx_ur5_base"",""num_paths"":""25"",""tau_min"":""5.708055805797585e-09"",""tau_max"":""6.370818539380707e-08"",""delay_spread"":""5.8000129588009486e-08"",""path_gain_sum"":""1.0728124379966175e-06"",""path_gain_db"":""-59.69476199994281"",""rx_power_dbm"":""-29.694761999942813"",""sanity_ok"":""True"",""xml_path"":""rt_out/experiments/semantic_ablation_actor_200f/sionna_xml/frame_140_sionna.xml""},{""frame_id"":""140"",""source_sample_index"":""35978"",""rx_id"":""rx_cerberus_base"",""num_paths"":""18"",""tau_min"":""1.574846919538686e-08"",""tau_max"":""5.723669715962387e-08"",""delay_spread"":""4.148822796423701e-08"",""path_gain_sum"":""3.621421740263031e-08"",""path_gain_db"":""-74.4112089556313"",""rx_power_dbm"":""-44.411208955631295"",""sanity_ok"":""True"",""xml_path"":""rt_out/experiments/semantic_ablation_actor_200f/sionna_xml/frame_140_sionna.xml""},{""frame_id"":""140"",""source_sample_index"":""35978"",""rx_id"":""rx_nao_chest"",""num_paths"":""19"",""tau_min"":""1.0787783999433032e-08"",""tau_max"":""6.209720737615498e-08"",""delay_spread"":""5.130942337672195e-08"",""path_gain_sum"":""7.188535988689182e-08"",""path_gain_db"":""-71.43359548667718"",""rx_power_dbm"":""-41.43359548667718"",""sanity_ok"":""True"",""xml_path"":""rt_out/experiments/semantic_ablation_actor_200f/sionna_xml/frame_140_sionna.xml""},{""frame_id"":""140"",""source_sample_index"":""35978"",""rx_id"":""rx_human_chest"",""num_paths"":""23"",""tau_min"":""6.163341392806387e-09"",""tau_max"":""6.568895827285814e-08"",""delay_spread"":""5.952561688005176e-08"",""path_gain_sum"":""2.2439070335167344e-07"",""path_gain_db"":""-66.48995140137379"",""rx_power_dbm"":""-36.48995140137379"",""sanity_ok"":""True"",""xml_path"":""rt_out/experiments/semantic_ablation_actor_200f/sionna_xml/frame_140_sionna.xml""},{""frame_id"":""140"",""source_sample_index"":""35978"",""rx_id"":""rx_x500_body"",""num_paths"":""22"",""tau_min"":""1.7234324189985273e-08"",""tau_max"":""7.465505547088469e-08"",""delay_spread"":""5.742073128089942e-08"",""path_gain_sum"":""3.3709120828007144e-08"",""path_gain_db"":""-74.72252574222553"",""rx_power_dbm"":""-44.72252574222553"",""sanity_ok"":""True"",""xml_path"":""rt_out/experiments/semantic_ablation_actor_200f/sionna_xml/frame_140_sionna.xml""}]",6,"[{""frame_id"":""140"",""source_sample_index"":""35978"",""rx_id"":""rx_cerberus_base"",""delta_num_paths"":""0"",""delta_delay_spread"":""0.0"",""delta_rx_power_db"":""4.2605478256518836e-07"",""y_path_change"":""0"",""y_path_drop"":""0"",""y_rx_power_drop_0p5db"":""0"",""y_rx_power_drop_1db"":""0"",""y_rx_power_drop_2db"":""0"",""y_delay_spread_increase"":""0"",""y_adaptation_trigger_1db"":""0"",""y_adaptation_trigger_2db"":""0""},{""frame_id"":""140"",""source_sample_index"":""35978"",""rx_id"":""rx_human_chest"",""delta_num_paths"":""0"",""delta_delay_spread"":""0.0"",""delta_rx_power_db"":""-2.750423959696491e-07"",""y_path_change"":""0"",""y_path_drop"":""0"",""y_rx_power_drop_0p5db"":""0"",""y_rx_power_drop_1db"":""0"",""y_rx_power_drop_2db"":""0"",""y_delay_spread_increase"":""0"",""y_adaptation_trigger_1db"":""0"",""y_adaptation_trigger_2db"":""0""},{""frame_id"":""140"",""source_sample_index"":""35978"",""rx_id"":""rx_nao_chest"",""delta_num_paths"":""0"",""delta_delay_spread"":""0.0"",""delta_rx_power_db"":""0.0"",""y_path_change"":""0"",""y_path_drop"":""0"",""y_rx_power_drop_0p5db"":""0"",""y_rx_power_drop_1db"":""0"",""y_rx_power_drop_2db"":""0"",""y_delay_spread_increase"":""0"",""y_adaptation_trigger_1db"":""0"",""y_adaptation_trigger_2db"":""0""},{""frame_id"":""140"",""source_sample_index"":""35978"",""rx_id"":""rx_panda_base"",""delta_num_paths"":""2"",""delta_delay_spread"":""0.0"",""delta_rx_power_db"":""0.002834180708973122"",""y_path_change"":""1"",""y_path_drop"":""0"",""y_rx_power_drop_0p5db"":""0"",""y_rx_power_drop_1db"":""0"",""y_rx_power_drop_2db"":""0"",""y_delay_spread_increase"":""0"",""y_adaptation_trigger_1db"":""0"",""y_adaptation_trigger_2db"":""0""},{""frame_id"":""140"",""source_sample_index"":""35978"",""rx_id"":""rx_ur5_base"",""delta_num_paths"":""-2"",""delta_delay_spread"":""0.0"",""delta_rx_power_db"":""1.3762275563901696"",""y_path_change"":""1"",""y_path_drop"":""1"",""y_rx_power_drop_0p5db"":""0"",""y_rx_power_drop_1db"":""0"",""y_rx_power_drop_2db"":""0"",""y_delay_spread_increase"":""0"",""y_adaptation_trigger_1db"":""0"",""y_adaptation_trigger_2db"":""0""},{""frame_id"":""140"",""source_sample_index"":""35978"",""rx_id"":""rx_x500_body"",""delta_num_paths"":""1"",""delta_delay_spread"":""0.0"",""delta_rx_power_db"":""0.07388810016632874"",""y_path_change"":""1"",""y_path_drop"":""0"",""y_rx_power_drop_0p5db"":""0"",""y_rx_power_drop_1db"":""0"",""y_rx_power_drop_2db"":""0"",""y_delay_spread_increase"":""0"",""y_adaptation_trigger_1db"":""0"",""y_adaptation_trigger_2db"":""0""}]",frame_id,rt_out/experiments/perception_rt_small_v0/frames/instance_registry.json,rt_out/experiments/perception_rt_small_v0/configs/semantic_label_map.json,error,missing required panoptic file: panoptic_labels_rgb_path; missing required panoptic file: semantic_decoded_path; missing required panoptic file: gazebo_instance_count_path; missing optional panoptic file: colored_map_path; missing optional panoptic file: metadata_path
0.1,perception_rt_small_v0,rt_out/experiments/semantic_ablation_actor_200f,14,14,140,140,35978,cam_corner_ne,640,480,1.047,0.1,20.0,4.38989,4.38902,2.76265,-0.018875,0.447306,-2.356294,,,,,,false,false,false,false,false,,false,missing,,,,,,,,6,"rx_panda_base,rx_ur5_base,rx_cerberus_base,rx_nao_chest,rx_human_chest,rx_x500_body",frame_id,"[{""frame_id"":""140"",""source_sample_index"":""35978"",""rx_id"":""rx_panda_base"",""num_paths"":""25"",""tau_min"":""5.357098764591228e-09"",""tau_max"":""6.284866316264015e-08"",""delay_spread"":""5.749156439804892e-08"",""path_gain_sum"":""2.84268793393494e-07"",""path_gain_db"":""-65.46270813896908"",""rx_power_dbm"":""-35.46270813896908"",""sanity_ok"":""True"",""xml_path"":""rt_out/experiments/semantic_ablation_actor_200f/sionna_xml/frame_140_sionna.xml""},{""frame_id"":""140"",""source_sample_index"":""35978"",""rx_id"":""rx_ur5_base"",""num_paths"":""25"",""tau_min"":""5.708055805797585e-09"",""tau_max"":""6.370818539380707e-08"",""delay_spread"":""5.8000129588009486e-08"",""path_gain_sum"":""1.0728124379966175e-06"",""path_gain_db"":""-59.69476199994281"",""rx_power_dbm"":""-29.694761999942813"",""sanity_ok"":""True"",""xml_path"":""rt_out/experiments/semantic_ablation_actor_200f/sionna_xml/frame_140_sionna.xml""},{""frame_id"":""140"",""source_sample_index"":""35978"",""rx_id"":""rx_cerberus_base"",""num_paths"":""18"",""tau_min"":""1.574846919538686e-08"",""tau_max"":""5.723669715962387e-08"",""delay_spread"":""4.148822796423701e-08"",""path_gain_sum"":""3.621421740263031e-08"",""path_gain_db"":""-74.4112089556313"",""rx_power_dbm"":""-44.411208955631295"",""sanity_ok"":""True"",""xml_path"":""rt_out/experiments/semantic_ablation_actor_200f/sionna_xml/frame_140_sionna.xml""},{""frame_id"":""140"",""source_sample_index"":""35978"",""rx_id"":""rx_nao_chest"",""num_paths"":""19"",""tau_min"":""1.0787783999433032e-08"",""tau_max"":""6.209720737615498e-08"",""delay_spread"":""5.130942337672195e-08"",""path_gain_sum"":""7.188535988689182e-08"",""path_gain_db"":""-71.43359548667718"",""rx_power_dbm"":""-41.43359548667718"",""sanity_ok"":""True"",""xml_path"":""rt_out/experiments/semantic_ablation_actor_200f/sionna_xml/frame_140_sionna.xml""},{""frame_id"":""140"",""source_sample_index"":""35978"",""rx_id"":""rx_human_chest"",""num_paths"":""23"",""tau_min"":""6.163341392806387e-09"",""tau_max"":""6.568895827285814e-08"",""delay_spread"":""5.952561688005176e-08"",""path_gain_sum"":""2.2439070335167344e-07"",""path_gain_db"":""-66.48995140137379"",""rx_power_dbm"":""-36.48995140137379"",""sanity_ok"":""True"",""xml_path"":""rt_out/experiments/semantic_ablation_actor_200f/sionna_xml/frame_140_sionna.xml""},{""frame_id"":""140"",""source_sample_index"":""35978"",""rx_id"":""rx_x500_body"",""num_paths"":""22"",""tau_min"":""1.7234324189985273e-08"",""tau_max"":""7.465505547088469e-08"",""delay_spread"":""5.742073128089942e-08"",""path_gain_sum"":""3.3709120828007144e-08"",""path_gain_db"":""-74.72252574222553"",""rx_power_dbm"":""-44.72252574222553"",""sanity_ok"":""True"",""xml_path"":""rt_out/experiments/semantic_ablation_actor_200f/sionna_xml/frame_140_sionna.xml""}]",6,"[{""frame_id"":""140"",""source_sample_index"":""35978"",""rx_id"":""rx_cerberus_base"",""delta_num_paths"":""0"",""delta_delay_spread"":""0.0"",""delta_rx_power_db"":""4.2605478256518836e-07"",""y_path_change"":""0"",""y_path_drop"":""0"",""y_rx_power_drop_0p5db"":""0"",""y_rx_power_drop_1db"":""0"",""y_rx_power_drop_2db"":""0"",""y_delay_spread_increase"":""0"",""y_adaptation_trigger_1db"":""0"",""y_adaptation_trigger_2db"":""0""},{""frame_id"":""140"",""source_sample_index"":""35978"",""rx_id"":""rx_human_chest"",""delta_num_paths"":""0"",""delta_delay_spread"":""0.0"",""delta_rx_power_db"":""-2.750423959696491e-07"",""y_path_change"":""0"",""y_path_drop"":""0"",""y_rx_power_drop_0p5db"":""0"",""y_rx_power_drop_1db"":""0"",""y_rx_power_drop_2db"":""0"",""y_delay_spread_increase"":""0"",""y_adaptation_trigger_1db"":""0"",""y_adaptation_trigger_2db"":""0""},{""frame_id"":""140"",""source_sample_index"":""35978"",""rx_id"":""rx_nao_chest"",""delta_num_paths"":""0"",""delta_delay_spread"":""0.0"",""delta_rx_power_db"":""0.0"",""y_path_change"":""0"",""y_path_drop"":""0"",""y_rx_power_drop_0p5db"":""0"",""y_rx_power_drop_1db"":""0"",""y_rx_power_drop_2db"":""0"",""y_delay_spread_increase"":""0"",""y_adaptation_trigger_1db"":""0"",""y_adaptation_trigger_2db"":""0""},{""frame_id"":""140"",""source_sample_index"":""35978"",""rx_id"":""rx_panda_base"",""delta_num_paths"":""2"",""delta_delay_spread"":""0.0"",""delta_rx_power_db"":""0.002834180708973122"",""y_path_change"":""1"",""y_path_drop"":""0"",""y_rx_power_drop_0p5db"":""0"",""y_rx_power_drop_1db"":""0"",""y_rx_power_drop_2db"":""0"",""y_delay_spread_increase"":""0"",""y_adaptation_trigger_1db"":""0"",""y_adaptation_trigger_2db"":""0""},{""frame_id"":""140"",""source_sample_index"":""35978"",""rx_id"":""rx_ur5_base"",""delta_num_paths"":""-2"",""delta_delay_spread"":""0.0"",""delta_rx_power_db"":""1.3762275563901696"",""y_path_change"":""1"",""y_path_drop"":""1"",""y_rx_power_drop_0p5db"":""0"",""y_rx_power_drop_1db"":""0"",""y_rx_power_drop_2db"":""0"",""y_delay_spread_increase"":""0"",""y_adaptation_trigger_1db"":""0"",""y_adaptation_trigger_2db"":""0""},{""frame_id"":""140"",""source_sample_index"":""35978"",""rx_id"":""rx_x500_body"",""delta_num_paths"":""1"",""delta_delay_spread"":""0.0"",""delta_rx_power_db"":""0.07388810016632874"",""y_path_change"":""1"",""y_path_drop"":""0"",""y_rx_power_drop_0p5db"":""0"",""y_rx_power_drop_1db"":""0"",""y_rx_power_drop_2db"":""0"",""y_delay_spread_increase"":""0"",""y_adaptation_trigger_1db"":""0"",""y_adaptation_trigger_2db"":""0""}]",frame_id,rt_out/experiments/perception_rt_small_v0/frames/instance_registry.json,rt_out/experiments/perception_rt_small_v0/configs/semantic_label_map.json,error,missing required panoptic file: panoptic_labels_rgb_path; missing required panoptic file: semantic_decoded_path; missing required panoptic file: gazebo_instance_count_path; missing optional panoptic file: colored_map_path; missing optional panoptic file: metadata_path
0.1,perception_rt_small_v0,rt_out/experiments/semantic_ablation_actor_200f,14,14,140,140,35978,cam_corner_sw,640,480,1.047,0.1,20.0,-4.2766,-4.27322,2.72007,-0.014193,0.518246,0.774445,,,,,,false,false,false,false,false,,false,missing,,,,,,,,6,"rx_panda_base,rx_ur5_base,rx_cerberus_base,rx_nao_chest,rx_human_chest,rx_x500_body",frame_id,"[{""frame_id"":""140"",""source_sample_index"":""35978"",""rx_id"":""rx_panda_base"",""num_paths"":""25"",""tau_min"":""5.357098764591228e-09"",""tau_max"":""6.284866316264015e-08"",""delay_spread"":""5.749156439804892e-08"",""path_gain_sum"":""2.84268793393494e-07"",""path_gain_db"":""-65.46270813896908"",""rx_power_dbm"":""-35.46270813896908"",""sanity_ok"":""True"",""xml_path"":""rt_out/experiments/semantic_ablation_actor_200f/sionna_xml/frame_140_sionna.xml""},{""frame_id"":""140"",""source_sample_index"":""35978"",""rx_id"":""rx_ur5_base"",""num_paths"":""25"",""tau_min"":""5.708055805797585e-09"",""tau_max"":""6.370818539380707e-08"",""delay_spread"":""5.8000129588009486e-08"",""path_gain_sum"":""1.0728124379966175e-06"",""path_gain_db"":""-59.69476199994281"",""rx_power_dbm"":""-29.694761999942813"",""sanity_ok"":""True"",""xml_path"":""rt_out/experiments/semantic_ablation_actor_200f/sionna_xml/frame_140_sionna.xml""},{""frame_id"":""140"",""source_sample_index"":""35978"",""rx_id"":""rx_cerberus_base"",""num_paths"":""18"",""tau_min"":""1.574846919538686e-08"",""tau_max"":""5.723669715962387e-08"",""delay_spread"":""4.148822796423701e-08"",""path_gain_sum"":""3.621421740263031e-08"",""path_gain_db"":""-74.4112089556313"",""rx_power_dbm"":""-44.411208955631295"",""sanity_ok"":""True"",""xml_path"":""rt_out/experiments/semantic_ablation_actor_200f/sionna_xml/frame_140_sionna.xml""},{""frame_id"":""140"",""source_sample_index"":""35978"",""rx_id"":""rx_nao_chest"",""num_paths"":""19"",""tau_min"":""1.0787783999433032e-08"",""tau_max"":""6.209720737615498e-08"",""delay_spread"":""5.130942337672195e-08"",""path_gain_sum"":""7.188535988689182e-08"",""path_gain_db"":""-71.43359548667718"",""rx_power_dbm"":""-41.43359548667718"",""sanity_ok"":""True"",""xml_path"":""rt_out/experiments/semantic_ablation_actor_200f/sionna_xml/frame_140_sionna.xml""},{""frame_id"":""140"",""source_sample_index"":""35978"",""rx_id"":""rx_human_chest"",""num_paths"":""23"",""tau_min"":""6.163341392806387e-09"",""tau_max"":""6.568895827285814e-08"",""delay_spread"":""5.952561688005176e-08"",""path_gain_sum"":""2.2439070335167344e-07"",""path_gain_db"":""-66.48995140137379"",""rx_power_dbm"":""-36.48995140137379"",""sanity_ok"":""True"",""xml_path"":""rt_out/experiments/semantic_ablation_actor_200f/sionna_xml/frame_140_sionna.xml""},{""frame_id"":""140"",""source_sample_index"":""35978"",""rx_id"":""rx_x500_body"",""num_paths"":""22"",""tau_min"":""1.7234324189985273e-08"",""tau_max"":""7.465505547088469e-08"",""delay_spread"":""5.742073128089942e-08"",""path_gain_sum"":""3.3709120828007144e-08"",""path_gain_db"":""-74.72252574222553"",""rx_power_dbm"":""-44.72252574222553"",""sanity_ok"":""True"",""xml_path"":""rt_out/experiments/semantic_ablation_actor_200f/sionna_xml/frame_140_sionna.xml""}]",6,"[{""frame_id"":""140"",""source_sample_index"":""35978"",""rx_id"":""rx_cerberus_base"",""delta_num_paths"":""0"",""delta_delay_spread"":""0.0"",""delta_rx_power_db"":""4.2605478256518836e-07"",""y_path_change"":""0"",""y_path_drop"":""0"",""y_rx_power_drop_0p5db"":""0"",""y_rx_power_drop_1db"":""0"",""y_rx_power_drop_2db"":""0"",""y_delay_spread_increase"":""0"",""y_adaptation_trigger_1db"":""0"",""y_adaptation_trigger_2db"":""0""},{""frame_id"":""140"",""source_sample_index"":""35978"",""rx_id"":""rx_human_chest"",""delta_num_paths"":""0"",""delta_delay_spread"":""0.0"",""delta_rx_power_db"":""-2.750423959696491e-07"",""y_path_change"":""0"",""y_path_drop"":""0"",""y_rx_power_drop_0p5db"":""0"",""y_rx_power_drop_1db"":""0"",""y_rx_power_drop_2db"":""0"",""y_delay_spread_increase"":""0"",""y_adaptation_trigger_1db"":""0"",""y_adaptation_trigger_2db"":""0""},{""frame_id"":""140"",""source_sample_index"":""35978"",""rx_id"":""rx_nao_chest"",""delta_num_paths"":""0"",""delta_delay_spread"":""0.0"",""delta_rx_power_db"":""0.0"",""y_path_change"":""0"",""y_path_drop"":""0"",""y_rx_power_drop_0p5db"":""0"",""y_rx_power_drop_1db"":""0"",""y_rx_power_drop_2db"":""0"",""y_delay_spread_increase"":""0"",""y_adaptation_trigger_1db"":""0"",""y_adaptation_trigger_2db"":""0""},{""frame_id"":""140"",""source_sample_index"":""35978"",""rx_id"":""rx_panda_base"",""delta_num_paths"":""2"",""delta_delay_spread"":""0.0"",""delta_rx_power_db"":""0.002834180708973122"",""y_path_change"":""1"",""y_path_drop"":""0"",""y_rx_power_drop_0p5db"":""0"",""y_rx_power_drop_1db"":""0"",""y_rx_power_drop_2db"":""0"",""y_delay_spread_increase"":""0"",""y_adaptation_trigger_1db"":""0"",""y_adaptation_trigger_2db"":""0""},{""frame_id"":""140"",""source_sample_index"":""35978"",""rx_id"":""rx_ur5_base"",""delta_num_paths"":""-2"",""delta_delay_spread"":""0.0"",""delta_rx_power_db"":""1.3762275563901696"",""y_path_change"":""1"",""y_path_drop"":""1"",""y_rx_power_drop_0p5db"":""0"",""y_rx_power_drop_1db"":""0"",""y_rx_power_drop_2db"":""0"",""y_delay_spread_increase"":""0"",""y_adaptation_trigger_1db"":""0"",""y_adaptation_trigger_2db"":""0""},{""frame_id"":""140"",""source_sample_index"":""35978"",""rx_id"":""rx_x500_body"",""delta_num_paths"":""1"",""delta_delay_spread"":""0.0"",""delta_rx_power_db"":""0.07388810016632874"",""y_path_change"":""1"",""y_path_drop"":""0"",""y_rx_power_drop_0p5db"":""0"",""y_rx_power_drop_1db"":""0"",""y_rx_power_drop_2db"":""0"",""y_delay_spread_increase"":""0"",""y_adaptation_trigger_1db"":""0"",""y_adaptation_trigger_2db"":""0""}]",frame_id,rt_out/experiments/perception_rt_small_v0/frames/instance_registry.json,rt_out/experiments/perception_rt_small_v0/configs/semantic_label_map.json,error,missing required panoptic file: panoptic_labels_rgb_path; missing required panoptic file: semantic_decoded_path; missing required panoptic file: gazebo_instance_count_path; missing optional panoptic file: colored_map_path; missing optional panoptic file: metadata_path
0.1,perception_rt_small_v0,rt_out/experiments/semantic_ablation_actor_200f,14,14,140,140,35978,cam_corner_se,640,480,1.047,0.1,20.0,4.44776,-4.40805,2.80523,-0.023556,0.376367,2.408296,,,,,,false,false,false,false,false,,false,missing,,,,,,,,6,"rx_panda_base,rx_ur5_base,rx_cerberus_base,rx_nao_chest,rx_human_chest,rx_x500_body",frame_id,"[{""frame_id"":""140"",""source_sample_index"":""35978"",""rx_id"":""rx_panda_base"",""num_paths"":""25"",""tau_min"":""5.357098764591228e-09"",""tau_max"":""6.284866316264015e-08"",""delay_spread"":""5.749156439804892e-08"",""path_gain_sum"":""2.84268793393494e-07"",""path_gain_db"":""-65.46270813896908"",""rx_power_dbm"":""-35.46270813896908"",""sanity_ok"":""True"",""xml_path"":""rt_out/experiments/semantic_ablation_actor_200f/sionna_xml/frame_140_sionna.xml""},{""frame_id"":""140"",""source_sample_index"":""35978"",""rx_id"":""rx_ur5_base"",""num_paths"":""25"",""tau_min"":""5.708055805797585e-09"",""tau_max"":""6.370818539380707e-08"",""delay_spread"":""5.8000129588009486e-08"",""path_gain_sum"":""1.0728124379966175e-06"",""path_gain_db"":""-59.69476199994281"",""rx_power_dbm"":""-29.694761999942813"",""sanity_ok"":""True"",""xml_path"":""rt_out/experiments/semantic_ablation_actor_200f/sionna_xml/frame_140_sionna.xml""},{""frame_id"":""140"",""source_sample_index"":""35978"",""rx_id"":""rx_cerberus_base"",""num_paths"":""18"",""tau_min"":""1.574846919538686e-08"",""tau_max"":""5.723669715962387e-08"",""delay_spread"":""4.148822796423701e-08"",""path_gain_sum"":""3.621421740263031e-08"",""path_gain_db"":""-74.4112089556313"",""rx_power_dbm"":""-44.411208955631295"",""sanity_ok"":""True"",""xml_path"":""rt_out/experiments/semantic_ablation_actor_200f/sionna_xml/frame_140_sionna.xml""},{""frame_id"":""140"",""source_sample_index"":""35978"",""rx_id"":""rx_nao_chest"",""num_paths"":""19"",""tau_min"":""1.0787783999433032e-08"",""tau_max"":""6.209720737615498e-08"",""delay_spread"":""5.130942337672195e-08"",""path_gain_sum"":""7.188535988689182e-08"",""path_gain_db"":""-71.43359548667718"",""rx_power_dbm"":""-41.43359548667718"",""sanity_ok"":""True"",""xml_path"":""rt_out/experiments/semantic_ablation_actor_200f/sionna_xml/frame_140_sionna.xml""},{""frame_id"":""140"",""source_sample_index"":""35978"",""rx_id"":""rx_human_chest"",""num_paths"":""23"",""tau_min"":""6.163341392806387e-09"",""tau_max"":""6.568895827285814e-08"",""delay_spread"":""5.952561688005176e-08"",""path_gain_sum"":""2.2439070335167344e-07"",""path_gain_db"":""-66.48995140137379"",""rx_power_dbm"":""-36.48995140137379"",""sanity_ok"":""True"",""xml_path"":""rt_out/experiments/semantic_ablation_actor_200f/sionna_xml/frame_140_sionna.xml""},{""frame_id"":""140"",""source_sample_index"":""35978"",""rx_id"":""rx_x500_body"",""num_paths"":""22"",""tau_min"":""1.7234324189985273e-08"",""tau_max"":""7.465505547088469e-08"",""delay_spread"":""5.742073128089942e-08"",""path_gain_sum"":""3.3709120828007144e-08"",""path_gain_db"":""-74.72252574222553"",""rx_power_dbm"":""-44.72252574222553"",""sanity_ok"":""True"",""xml_path"":""rt_out/experiments/semantic_ablation_actor_200f/sionna_xml/frame_140_sionna.xml""}]",6,"[{""frame_id"":""140"",""source_sample_index"":""35978"",""rx_id"":""rx_cerberus_base"",""delta_num_paths"":""0"",""delta_delay_spread"":""0.0"",""delta_rx_power_db"":""4.2605478256518836e-07"",""y_path_change"":""0"",""y_path_drop"":""0"",""y_rx_power_drop_0p5db"":""0"",""y_rx_power_drop_1db"":""0"",""y_rx_power_drop_2db"":""0"",""y_delay_spread_increase"":""0"",""y_adaptation_trigger_1db"":""0"",""y_adaptation_trigger_2db"":""0""},{""frame_id"":""140"",""source_sample_index"":""35978"",""rx_id"":""rx_human_chest"",""delta_num_paths"":""0"",""delta_delay_spread"":""0.0"",""delta_rx_power_db"":""-2.750423959696491e-07"",""y_path_change"":""0"",""y_path_drop"":""0"",""y_rx_power_drop_0p5db"":""0"",""y_rx_power_drop_1db"":""0"",""y_rx_power_drop_2db"":""0"",""y_delay_spread_increase"":""0"",""y_adaptation_trigger_1db"":""0"",""y_adaptation_trigger_2db"":""0""},{""frame_id"":""140"",""source_sample_index"":""35978"",""rx_id"":""rx_nao_chest"",""delta_num_paths"":""0"",""delta_delay_spread"":""0.0"",""delta_rx_power_db"":""0.0"",""y_path_change"":""0"",""y_path_drop"":""0"",""y_rx_power_drop_0p5db"":""0"",""y_rx_power_drop_1db"":""0"",""y_rx_power_drop_2db"":""0"",""y_delay_spread_increase"":""0"",""y_adaptation_trigger_1db"":""0"",""y_adaptation_trigger_2db"":""0""},{""frame_id"":""140"",""source_sample_index"":""35978"",""rx_id"":""rx_panda_base"",""delta_num_paths"":""2"",""delta_delay_spread"":""0.0"",""delta_rx_power_db"":""0.002834180708973122"",""y_path_change"":""1"",""y_path_drop"":""0"",""y_rx_power_drop_0p5db"":""0"",""y_rx_power_drop_1db"":""0"",""y_rx_power_drop_2db"":""0"",""y_delay_spread_increase"":""0"",""y_adaptation_trigger_1db"":""0"",""y_adaptation_trigger_2db"":""0""},{""frame_id"":""140"",""source_sample_index"":""35978"",""rx_id"":""rx_ur5_base"",""delta_num_paths"":""-2"",""delta_delay_spread"":""0.0"",""delta_rx_power_db"":""1.3762275563901696"",""y_path_change"":""1"",""y_path_drop"":""1"",""y_rx_power_drop_0p5db"":""0"",""y_rx_power_drop_1db"":""0"",""y_rx_power_drop_2db"":""0"",""y_delay_spread_increase"":""0"",""y_adaptation_trigger_1db"":""0"",""y_adaptation_trigger_2db"":""0""},{""frame_id"":""140"",""source_sample_index"":""35978"",""rx_id"":""rx_x500_body"",""delta_num_paths"":""1"",""delta_delay_spread"":""0.0"",""delta_rx_power_db"":""0.07388810016632874"",""y_path_change"":""1"",""y_path_drop"":""0"",""y_rx_power_drop_0p5db"":""0"",""y_rx_power_drop_1db"":""0"",""y_rx_power_drop_2db"":""0"",""y_delay_spread_increase"":""0"",""y_adaptation_trigger_1db"":""0"",""y_adaptation_trigger_2db"":""0""}]",frame_id,rt_out/experiments/perception_rt_small_v0/frames/instance_registry.json,rt_out/experiments/perception_rt_small_v0/configs/semantic_label_map.json,error,missing required panoptic file: panoptic_labels_rgb_path; missing required panoptic file: semantic_decoded_path; missing required panoptic file: gazebo_instance_count_path; missing optional panoptic file: colored_map_path; missing optional panoptic file: metadata_path
0.1,perception_rt_small_v0,rt_out/experiments/semantic_ablation_actor_200f,14,14,140,140,35978,cam_wall_north,640,480,1.047,0.1,20.0,0.221087,4.38902,2.71504,-0.0,0.562591,-1.5708,,,,,,false,false,false,false,false,,false,missing,,,,,,,,6,"rx_panda_base,rx_ur5_base,rx_cerberus_base,rx_nao_chest,rx_human_chest,rx_x500_body",frame_id,"[{""frame_id"":""140"",""source_sample_index"":""35978"",""rx_id"":""rx_panda_base"",""num_paths"":""25"",""tau_min"":""5.357098764591228e-09"",""tau_max"":""6.284866316264015e-08"",""delay_spread"":""5.749156439804892e-08"",""path_gain_sum"":""2.84268793393494e-07"",""path_gain_db"":""-65.46270813896908"",""rx_power_dbm"":""-35.46270813896908"",""sanity_ok"":""True"",""xml_path"":""rt_out/experiments/semantic_ablation_actor_200f/sionna_xml/frame_140_sionna.xml""},{""frame_id"":""140"",""source_sample_index"":""35978"",""rx_id"":""rx_ur5_base"",""num_paths"":""25"",""tau_min"":""5.708055805797585e-09"",""tau_max"":""6.370818539380707e-08"",""delay_spread"":""5.8000129588009486e-08"",""path_gain_sum"":""1.0728124379966175e-06"",""path_gain_db"":""-59.69476199994281"",""rx_power_dbm"":""-29.694761999942813"",""sanity_ok"":""True"",""xml_path"":""rt_out/experiments/semantic_ablation_actor_200f/sionna_xml/frame_140_sionna.xml""},{""frame_id"":""140"",""source_sample_index"":""35978"",""rx_id"":""rx_cerberus_base"",""num_paths"":""18"",""tau_min"":""1.574846919538686e-08"",""tau_max"":""5.723669715962387e-08"",""delay_spread"":""4.148822796423701e-08"",""path_gain_sum"":""3.621421740263031e-08"",""path_gain_db"":""-74.4112089556313"",""rx_power_dbm"":""-44.411208955631295"",""sanity_ok"":""True"",""xml_path"":""rt_out/experiments/semantic_ablation_actor_200f/sionna_xml/frame_140_sionna.xml""},{""frame_id"":""140"",""source_sample_index"":""35978"",""rx_id"":""rx_nao_chest"",""num_paths"":""19"",""tau_min"":""1.0787783999433032e-08"",""tau_max"":""6.209720737615498e-08"",""delay_spread"":""5.130942337672195e-08"",""path_gain_sum"":""7.188535988689182e-08"",""path_gain_db"":""-71.43359548667718"",""rx_power_dbm"":""-41.43359548667718"",""sanity_ok"":""True"",""xml_path"":""rt_out/experiments/semantic_ablation_actor_200f/sionna_xml/frame_140_sionna.xml""},{""frame_id"":""140"",""source_sample_index"":""35978"",""rx_id"":""rx_human_chest"",""num_paths"":""23"",""tau_min"":""6.163341392806387e-09"",""tau_max"":""6.568895827285814e-08"",""delay_spread"":""5.952561688005176e-08"",""path_gain_sum"":""2.2439070335167344e-07"",""path_gain_db"":""-66.48995140137379"",""rx_power_dbm"":""-36.48995140137379"",""sanity_ok"":""True"",""xml_path"":""rt_out/experiments/semantic_ablation_actor_200f/sionna_xml/frame_140_sionna.xml""},{""frame_id"":""140"",""source_sample_index"":""35978"",""rx_id"":""rx_x500_body"",""num_paths"":""22"",""tau_min"":""1.7234324189985273e-08"",""tau_max"":""7.465505547088469e-08"",""delay_spread"":""5.742073128089942e-08"",""path_gain_sum"":""3.3709120828007144e-08"",""path_gain_db"":""-74.72252574222553"",""rx_power_dbm"":""-44.72252574222553"",""sanity_ok"":""True"",""xml_path"":""rt_out/experiments/semantic_ablation_actor_200f/sionna_xml/frame_140_sionna.xml""}]",6,"[{""frame_id"":""140"",""source_sample_index"":""35978"",""rx_id"":""rx_cerberus_base"",""delta_num_paths"":""0"",""delta_delay_spread"":""0.0"",""delta_rx_power_db"":""4.2605478256518836e-07"",""y_path_change"":""0"",""y_path_drop"":""0"",""y_rx_power_drop_0p5db"":""0"",""y_rx_power_drop_1db"":""0"",""y_rx_power_drop_2db"":""0"",""y_delay_spread_increase"":""0"",""y_adaptation_trigger_1db"":""0"",""y_adaptation_trigger_2db"":""0""},{""frame_id"":""140"",""source_sample_index"":""35978"",""rx_id"":""rx_human_chest"",""delta_num_paths"":""0"",""delta_delay_spread"":""0.0"",""delta_rx_power_db"":""-2.750423959696491e-07"",""y_path_change"":""0"",""y_path_drop"":""0"",""y_rx_power_drop_0p5db"":""0"",""y_rx_power_drop_1db"":""0"",""y_rx_power_drop_2db"":""0"",""y_delay_spread_increase"":""0"",""y_adaptation_trigger_1db"":""0"",""y_adaptation_trigger_2db"":""0""},{""frame_id"":""140"",""source_sample_index"":""35978"",""rx_id"":""rx_nao_chest"",""delta_num_paths"":""0"",""delta_delay_spread"":""0.0"",""delta_rx_power_db"":""0.0"",""y_path_change"":""0"",""y_path_drop"":""0"",""y_rx_power_drop_0p5db"":""0"",""y_rx_power_drop_1db"":""0"",""y_rx_power_drop_2db"":""0"",""y_delay_spread_increase"":""0"",""y_adaptation_trigger_1db"":""0"",""y_adaptation_trigger_2db"":""0""},{""frame_id"":""140"",""source_sample_index"":""35978"",""rx_id"":""rx_panda_base"",""delta_num_paths"":""2"",""delta_delay_spread"":""0.0"",""delta_rx_power_db"":""0.002834180708973122"",""y_path_change"":""1"",""y_path_drop"":""0"",""y_rx_power_drop_0p5db"":""0"",""y_rx_power_drop_1db"":""0"",""y_rx_power_drop_2db"":""0"",""y_delay_spread_increase"":""0"",""y_adaptation_trigger_1db"":""0"",""y_adaptation_trigger_2db"":""0""},{""frame_id"":""140"",""source_sample_index"":""35978"",""rx_id"":""rx_ur5_base"",""delta_num_paths"":""-2"",""delta_delay_spread"":""0.0"",""delta_rx_power_db"":""1.3762275563901696"",""y_path_change"":""1"",""y_path_drop"":""1"",""y_rx_power_drop_0p5db"":""0"",""y_rx_power_drop_1db"":""0"",""y_rx_power_drop_2db"":""0"",""y_delay_spread_increase"":""0"",""y_adaptation_trigger_1db"":""0"",""y_adaptation_trigger_2db"":""0""},{""frame_id"":""140"",""source_sample_index"":""35978"",""rx_id"":""rx_x500_body"",""delta_num_paths"":""1"",""delta_delay_spread"":""0.0"",""delta_rx_power_db"":""0.07388810016632874"",""y_path_change"":""1"",""y_path_drop"":""0"",""y_rx_power_drop_0p5db"":""0"",""y_rx_power_drop_1db"":""0"",""y_rx_power_drop_2db"":""0"",""y_delay_spread_increase"":""0"",""y_adaptation_trigger_1db"":""0"",""y_adaptation_trigger_2db"":""0""}]",frame_id,rt_out/experiments/perception_rt_small_v0/frames/instance_registry.json,rt_out/experiments/perception_rt_small_v0/configs/semantic_label_map.json,error,missing required panoptic file: panoptic_labels_rgb_path; missing required panoptic file: semantic_decoded_path; missing required panoptic file: gazebo_instance_count_path; missing optional panoptic file: colored_map_path; missing optional panoptic file: metadata_path
0.1,perception_rt_small_v0,rt_out/experiments/semantic_ablation_actor_200f,14,14,140,140,35978,cam_wall_south,640,480,1.047,0.1,20.0,0.221056,-4.22159,2.7964,0.000426,0.271157,1.577903,,,,,,false,false,false,false,false,,false,missing,,,,,,,,6,"rx_panda_base,rx_ur5_base,rx_cerberus_base,rx_nao_chest,rx_human_chest,rx_x500_body",frame_id,"[{""frame_id"":""140"",""source_sample_index"":""35978"",""rx_id"":""rx_panda_base"",""num_paths"":""25"",""tau_min"":""5.357098764591228e-09"",""tau_max"":""6.284866316264015e-08"",""delay_spread"":""5.749156439804892e-08"",""path_gain_sum"":""2.84268793393494e-07"",""path_gain_db"":""-65.46270813896908"",""rx_power_dbm"":""-35.46270813896908"",""sanity_ok"":""True"",""xml_path"":""rt_out/experiments/semantic_ablation_actor_200f/sionna_xml/frame_140_sionna.xml""},{""frame_id"":""140"",""source_sample_index"":""35978"",""rx_id"":""rx_ur5_base"",""num_paths"":""25"",""tau_min"":""5.708055805797585e-09"",""tau_max"":""6.370818539380707e-08"",""delay_spread"":""5.8000129588009486e-08"",""path_gain_sum"":""1.0728124379966175e-06"",""path_gain_db"":""-59.69476199994281"",""rx_power_dbm"":""-29.694761999942813"",""sanity_ok"":""True"",""xml_path"":""rt_out/experiments/semantic_ablation_actor_200f/sionna_xml/frame_140_sionna.xml""},{""frame_id"":""140"",""source_sample_index"":""35978"",""rx_id"":""rx_cerberus_base"",""num_paths"":""18"",""tau_min"":""1.574846919538686e-08"",""tau_max"":""5.723669715962387e-08"",""delay_spread"":""4.148822796423701e-08"",""path_gain_sum"":""3.621421740263031e-08"",""path_gain_db"":""-74.4112089556313"",""rx_power_dbm"":""-44.411208955631295"",""sanity_ok"":""True"",""xml_path"":""rt_out/experiments/semantic_ablation_actor_200f/sionna_xml/frame_140_sionna.xml""},{""frame_id"":""140"",""source_sample_index"":""35978"",""rx_id"":""rx_nao_chest"",""num_paths"":""19"",""tau_min"":""1.0787783999433032e-08"",""tau_max"":""6.209720737615498e-08"",""delay_spread"":""5.130942337672195e-08"",""path_gain_sum"":""7.188535988689182e-08"",""path_gain_db"":""-71.43359548667718"",""rx_power_dbm"":""-41.43359548667718"",""sanity_ok"":""True"",""xml_path"":""rt_out/experiments/semantic_ablation_actor_200f/sionna_xml/frame_140_sionna.xml""},{""frame_id"":""140"",""source_sample_index"":""35978"",""rx_id"":""rx_human_chest"",""num_paths"":""23"",""tau_min"":""6.163341392806387e-09"",""tau_max"":""6.568895827285814e-08"",""delay_spread"":""5.952561688005176e-08"",""path_gain_sum"":""2.2439070335167344e-07"",""path_gain_db"":""-66.48995140137379"",""rx_power_dbm"":""-36.48995140137379"",""sanity_ok"":""True"",""xml_path"":""rt_out/experiments/semantic_ablation_actor_200f/sionna_xml/frame_140_sionna.xml""},{""frame_id"":""140"",""source_sample_index"":""35978"",""rx_id"":""rx_x500_body"",""num_paths"":""22"",""tau_min"":""1.7234324189985273e-08"",""tau_max"":""7.465505547088469e-08"",""delay_spread"":""5.742073128089942e-08"",""path_gain_sum"":""3.3709120828007144e-08"",""path_gain_db"":""-74.72252574222553"",""rx_power_dbm"":""-44.72252574222553"",""sanity_ok"":""True"",""xml_path"":""rt_out/experiments/semantic_ablation_actor_200f/sionna_xml/frame_140_sionna.xml""}]",6,"[{""frame_id"":""140"",""source_sample_index"":""35978"",""rx_id"":""rx_cerberus_base"",""delta_num_paths"":""0"",""delta_delay_spread"":""0.0"",""delta_rx_power_db"":""4.2605478256518836e-07"",""y_path_change"":""0"",""y_path_drop"":""0"",""y_rx_power_drop_0p5db"":""0"",""y_rx_power_drop_1db"":""0"",""y_rx_power_drop_2db"":""0"",""y_delay_spread_increase"":""0"",""y_adaptation_trigger_1db"":""0"",""y_adaptation_trigger_2db"":""0""},{""frame_id"":""140"",""source_sample_index"":""35978"",""rx_id"":""rx_human_chest"",""delta_num_paths"":""0"",""delta_delay_spread"":""0.0"",""delta_rx_power_db"":""-2.750423959696491e-07"",""y_path_change"":""0"",""y_path_drop"":""0"",""y_rx_power_drop_0p5db"":""0"",""y_rx_power_drop_1db"":""0"",""y_rx_power_drop_2db"":""0"",""y_delay_spread_increase"":""0"",""y_adaptation_trigger_1db"":""0"",""y_adaptation_trigger_2db"":""0""},{""frame_id"":""140"",""source_sample_index"":""35978"",""rx_id"":""rx_nao_chest"",""delta_num_paths"":""0"",""delta_delay_spread"":""0.0"",""delta_rx_power_db"":""0.0"",""y_path_change"":""0"",""y_path_drop"":""0"",""y_rx_power_drop_0p5db"":""0"",""y_rx_power_drop_1db"":""0"",""y_rx_power_drop_2db"":""0"",""y_delay_spread_increase"":""0"",""y_adaptation_trigger_1db"":""0"",""y_adaptation_trigger_2db"":""0""},{""frame_id"":""140"",""source_sample_index"":""35978"",""rx_id"":""rx_panda_base"",""delta_num_paths"":""2"",""delta_delay_spread"":""0.0"",""delta_rx_power_db"":""0.002834180708973122"",""y_path_change"":""1"",""y_path_drop"":""0"",""y_rx_power_drop_0p5db"":""0"",""y_rx_power_drop_1db"":""0"",""y_rx_power_drop_2db"":""0"",""y_delay_spread_increase"":""0"",""y_adaptation_trigger_1db"":""0"",""y_adaptation_trigger_2db"":""0""},{""frame_id"":""140"",""source_sample_index"":""35978"",""rx_id"":""rx_ur5_base"",""delta_num_paths"":""-2"",""delta_delay_spread"":""0.0"",""delta_rx_power_db"":""1.3762275563901696"",""y_path_change"":""1"",""y_path_drop"":""1"",""y_rx_power_drop_0p5db"":""0"",""y_rx_power_drop_1db"":""0"",""y_rx_power_drop_2db"":""0"",""y_delay_spread_increase"":""0"",""y_adaptation_trigger_1db"":""0"",""y_adaptation_trigger_2db"":""0""},{""frame_id"":""140"",""source_sample_index"":""35978"",""rx_id"":""rx_x500_body"",""delta_num_paths"":""1"",""delta_delay_spread"":""0.0"",""delta_rx_power_db"":""0.07388810016632874"",""y_path_change"":""1"",""y_path_drop"":""0"",""y_rx_power_drop_0p5db"":""0"",""y_rx_power_drop_1db"":""0"",""y_rx_power_drop_2db"":""0"",""y_delay_spread_increase"":""0"",""y_adaptation_trigger_1db"":""0"",""y_adaptation_trigger_2db"":""0""}]",frame_id,rt_out/experiments/perception_rt_small_v0/frames/instance_registry.json,rt_out/experiments/perception_rt_small_v0/configs/semantic_label_map.json,error,missing required panoptic file: panoptic_labels_rgb_path; missing required panoptic file: semantic_decoded_path; missing required panoptic file: gazebo_instance_count_path; missing optional panoptic file: colored_map_path; missing optional panoptic file: metadata_path
0.1,perception_rt_small_v0,rt_out/experiments/semantic_ablation_actor_200f,14,14,140,140,35978,cam_wall_east,640,480,1.047,0.1,20.0,4.38989,-0.157588,2.81304,-0.047579,0.393096,3.098594,,,,,,false,false,false,false,false,,false,missing,,,,,,,,6,"rx_panda_base,rx_ur5_base,rx_cerberus_base,rx_nao_chest,rx_human_chest,rx_x500_body",frame_id,"[{""frame_id"":""140"",""source_sample_index"":""35978"",""rx_id"":""rx_panda_base"",""num_paths"":""25"",""tau_min"":""5.357098764591228e-09"",""tau_max"":""6.284866316264015e-08"",""delay_spread"":""5.749156439804892e-08"",""path_gain_sum"":""2.84268793393494e-07"",""path_gain_db"":""-65.46270813896908"",""rx_power_dbm"":""-35.46270813896908"",""sanity_ok"":""True"",""xml_path"":""rt_out/experiments/semantic_ablation_actor_200f/sionna_xml/frame_140_sionna.xml""},{""frame_id"":""140"",""source_sample_index"":""35978"",""rx_id"":""rx_ur5_base"",""num_paths"":""25"",""tau_min"":""5.708055805797585e-09"",""tau_max"":""6.370818539380707e-08"",""delay_spread"":""5.8000129588009486e-08"",""path_gain_sum"":""1.0728124379966175e-06"",""path_gain_db"":""-59.69476199994281"",""rx_power_dbm"":""-29.694761999942813"",""sanity_ok"":""True"",""xml_path"":""rt_out/experiments/semantic_ablation_actor_200f/sionna_xml/frame_140_sionna.xml""},{""frame_id"":""140"",""source_sample_index"":""35978"",""rx_id"":""rx_cerberus_base"",""num_paths"":""18"",""tau_min"":""1.574846919538686e-08"",""tau_max"":""5.723669715962387e-08"",""delay_spread"":""4.148822796423701e-08"",""path_gain_sum"":""3.621421740263031e-08"",""path_gain_db"":""-74.4112089556313"",""rx_power_dbm"":""-44.411208955631295"",""sanity_ok"":""True"",""xml_path"":""rt_out/experiments/semantic_ablation_actor_200f/sionna_xml/frame_140_sionna.xml""},{""frame_id"":""140"",""source_sample_index"":""35978"",""rx_id"":""rx_nao_chest"",""num_paths"":""19"",""tau_min"":""1.0787783999433032e-08"",""tau_max"":""6.209720737615498e-08"",""delay_spread"":""5.130942337672195e-08"",""path_gain_sum"":""7.188535988689182e-08"",""path_gain_db"":""-71.43359548667718"",""rx_power_dbm"":""-41.43359548667718"",""sanity_ok"":""True"",""xml_path"":""rt_out/experiments/semantic_ablation_actor_200f/sionna_xml/frame_140_sionna.xml""},{""frame_id"":""140"",""source_sample_index"":""35978"",""rx_id"":""rx_human_chest"",""num_paths"":""23"",""tau_min"":""6.163341392806387e-09"",""tau_max"":""6.568895827285814e-08"",""delay_spread"":""5.952561688005176e-08"",""path_gain_sum"":""2.2439070335167344e-07"",""path_gain_db"":""-66.48995140137379"",""rx_power_dbm"":""-36.48995140137379"",""sanity_ok"":""True"",""xml_path"":""rt_out/experiments/semantic_ablation_actor_200f/sionna_xml/frame_140_sionna.xml""},{""frame_id"":""140"",""source_sample_index"":""35978"",""rx_id"":""rx_x500_body"",""num_paths"":""22"",""tau_min"":""1.7234324189985273e-08"",""tau_max"":""7.465505547088469e-08"",""delay_spread"":""5.742073128089942e-08"",""path_gain_sum"":""3.3709120828007144e-08"",""path_gain_db"":""-74.72252574222553"",""rx_power_dbm"":""-44.72252574222553"",""sanity_ok"":""True"",""xml_path"":""rt_out/experiments/semantic_ablation_actor_200f/sionna_xml/frame_140_sionna.xml""}]",6,"[{""frame_id"":""140"",""source_sample_index"":""35978"",""rx_id"":""rx_cerberus_base"",""delta_num_paths"":""0"",""delta_delay_spread"":""0.0"",""delta_rx_power_db"":""4.2605478256518836e-07"",""y_path_change"":""0"",""y_path_drop"":""0"",""y_rx_power_drop_0p5db"":""0"",""y_rx_power_drop_1db"":""0"",""y_rx_power_drop_2db"":""0"",""y_delay_spread_increase"":""0"",""y_adaptation_trigger_1db"":""0"",""y_adaptation_trigger_2db"":""0""},{""frame_id"":""140"",""source_sample_index"":""35978"",""rx_id"":""rx_human_chest"",""delta_num_paths"":""0"",""delta_delay_spread"":""0.0"",""delta_rx_power_db"":""-2.750423959696491e-07"",""y_path_change"":""0"",""y_path_drop"":""0"",""y_rx_power_drop_0p5db"":""0"",""y_rx_power_drop_1db"":""0"",""y_rx_power_drop_2db"":""0"",""y_delay_spread_increase"":""0"",""y_adaptation_trigger_1db"":""0"",""y_adaptation_trigger_2db"":""0""},{""frame_id"":""140"",""source_sample_index"":""35978"",""rx_id"":""rx_nao_chest"",""delta_num_paths"":""0"",""delta_delay_spread"":""0.0"",""delta_rx_power_db"":""0.0"",""y_path_change"":""0"",""y_path_drop"":""0"",""y_rx_power_drop_0p5db"":""0"",""y_rx_power_drop_1db"":""0"",""y_rx_power_drop_2db"":""0"",""y_delay_spread_increase"":""0"",""y_adaptation_trigger_1db"":""0"",""y_adaptation_trigger_2db"":""0""},{""frame_id"":""140"",""source_sample_index"":""35978"",""rx_id"":""rx_panda_base"",""delta_num_paths"":""2"",""delta_delay_spread"":""0.0"",""delta_rx_power_db"":""0.002834180708973122"",""y_path_change"":""1"",""y_path_drop"":""0"",""y_rx_power_drop_0p5db"":""0"",""y_rx_power_drop_1db"":""0"",""y_rx_power_drop_2db"":""0"",""y_delay_spread_increase"":""0"",""y_adaptation_trigger_1db"":""0"",""y_adaptation_trigger_2db"":""0""},{""frame_id"":""140"",""source_sample_index"":""35978"",""rx_id"":""rx_ur5_base"",""delta_num_paths"":""-2"",""delta_delay_spread"":""0.0"",""delta_rx_power_db"":""1.3762275563901696"",""y_path_change"":""1"",""y_path_drop"":""1"",""y_rx_power_drop_0p5db"":""0"",""y_rx_power_drop_1db"":""0"",""y_rx_power_drop_2db"":""0"",""y_delay_spread_increase"":""0"",""y_adaptation_trigger_1db"":""0"",""y_adaptation_trigger_2db"":""0""},{""frame_id"":""140"",""source_sample_index"":""35978"",""rx_id"":""rx_x500_body"",""delta_num_paths"":""1"",""delta_delay_spread"":""0.0"",""delta_rx_power_db"":""0.07388810016632874"",""y_path_change"":""1"",""y_path_drop"":""0"",""y_rx_power_drop_0p5db"":""0"",""y_rx_power_drop_1db"":""0"",""y_rx_power_drop_2db"":""0"",""y_delay_spread_increase"":""0"",""y_adaptation_trigger_1db"":""0"",""y_adaptation_trigger_2db"":""0""}]",frame_id,rt_out/experiments/perception_rt_small_v0/frames/instance_registry.json,rt_out/experiments/perception_rt_small_v0/configs/semantic_label_map.json,error,missing required panoptic file: panoptic_labels_rgb_path; missing required panoptic file: semantic_decoded_path; missing required panoptic file: gazebo_instance_count_path; missing optional panoptic file: colored_map_path; missing optional panoptic file: metadata_path
0.1,perception_rt_small_v0,rt_out/experiments/semantic_ablation_actor_200f,14,14,140,140,35978,cam_wall_west,640,480,1.047,0.1,20.0,-4.368888,-0.03657,2.817008,0.035211,0.406352,0.030119,,,,,,false,false,false,false,false,,false,missing,,,,,,,,6,"rx_panda_base,rx_ur5_base,rx_cerberus_base,rx_nao_chest,rx_human_chest,rx_x500_body",frame_id,"[{""frame_id"":""140"",""source_sample_index"":""35978"",""rx_id"":""rx_panda_base"",""num_paths"":""25"",""tau_min"":""5.357098764591228e-09"",""tau_max"":""6.284866316264015e-08"",""delay_spread"":""5.749156439804892e-08"",""path_gain_sum"":""2.84268793393494e-07"",""path_gain_db"":""-65.46270813896908"",""rx_power_dbm"":""-35.46270813896908"",""sanity_ok"":""True"",""xml_path"":""rt_out/experiments/semantic_ablation_actor_200f/sionna_xml/frame_140_sionna.xml""},{""frame_id"":""140"",""source_sample_index"":""35978"",""rx_id"":""rx_ur5_base"",""num_paths"":""25"",""tau_min"":""5.708055805797585e-09"",""tau_max"":""6.370818539380707e-08"",""delay_spread"":""5.8000129588009486e-08"",""path_gain_sum"":""1.0728124379966175e-06"",""path_gain_db"":""-59.69476199994281"",""rx_power_dbm"":""-29.694761999942813"",""sanity_ok"":""True"",""xml_path"":""rt_out/experiments/semantic_ablation_actor_200f/sionna_xml/frame_140_sionna.xml""},{""frame_id"":""140"",""source_sample_index"":""35978"",""rx_id"":""rx_cerberus_base"",""num_paths"":""18"",""tau_min"":""1.574846919538686e-08"",""tau_max"":""5.723669715962387e-08"",""delay_spread"":""4.148822796423701e-08"",""path_gain_sum"":""3.621421740263031e-08"",""path_gain_db"":""-74.4112089556313"",""rx_power_dbm"":""-44.411208955631295"",""sanity_ok"":""True"",""xml_path"":""rt_out/experiments/semantic_ablation_actor_200f/sionna_xml/frame_140_sionna.xml""},{""frame_id"":""140"",""source_sample_index"":""35978"",""rx_id"":""rx_nao_chest"",""num_paths"":""19"",""tau_min"":""1.0787783999433032e-08"",""tau_max"":""6.209720737615498e-08"",""delay_spread"":""5.130942337672195e-08"",""path_gain_sum"":""7.188535988689182e-08"",""path_gain_db"":""-71.43359548667718"",""rx_power_dbm"":""-41.43359548667718"",""sanity_ok"":""True"",""xml_path"":""rt_out/experiments/semantic_ablation_actor_200f/sionna_xml/frame_140_sionna.xml""},{""frame_id"":""140"",""source_sample_index"":""35978"",""rx_id"":""rx_human_chest"",""num_paths"":""23"",""tau_min"":""6.163341392806387e-09"",""tau_max"":""6.568895827285814e-08"",""delay_spread"":""5.952561688005176e-08"",""path_gain_sum"":""2.2439070335167344e-07"",""path_gain_db"":""-66.48995140137379"",""rx_power_dbm"":""-36.48995140137379"",""sanity_ok"":""True"",""xml_path"":""rt_out/experiments/semantic_ablation_actor_200f/sionna_xml/frame_140_sionna.xml""},{""frame_id"":""140"",""source_sample_index"":""35978"",""rx_id"":""rx_x500_body"",""num_paths"":""22"",""tau_min"":""1.7234324189985273e-08"",""tau_max"":""7.465505547088469e-08"",""delay_spread"":""5.742073128089942e-08"",""path_gain_sum"":""3.3709120828007144e-08"",""path_gain_db"":""-74.72252574222553"",""rx_power_dbm"":""-44.72252574222553"",""sanity_ok"":""True"",""xml_path"":""rt_out/experiments/semantic_ablation_actor_200f/sionna_xml/frame_140_sionna.xml""}]",6,"[{""frame_id"":""140"",""source_sample_index"":""35978"",""rx_id"":""rx_cerberus_base"",""delta_num_paths"":""0"",""delta_delay_spread"":""0.0"",""delta_rx_power_db"":""4.2605478256518836e-07"",""y_path_change"":""0"",""y_path_drop"":""0"",""y_rx_power_drop_0p5db"":""0"",""y_rx_power_drop_1db"":""0"",""y_rx_power_drop_2db"":""0"",""y_delay_spread_increase"":""0"",""y_adaptation_trigger_1db"":""0"",""y_adaptation_trigger_2db"":""0""},{""frame_id"":""140"",""source_sample_index"":""35978"",""rx_id"":""rx_human_chest"",""delta_num_paths"":""0"",""delta_delay_spread"":""0.0"",""delta_rx_power_db"":""-2.750423959696491e-07"",""y_path_change"":""0"",""y_path_drop"":""0"",""y_rx_power_drop_0p5db"":""0"",""y_rx_power_drop_1db"":""0"",""y_rx_power_drop_2db"":""0"",""y_delay_spread_increase"":""0"",""y_adaptation_trigger_1db"":""0"",""y_adaptation_trigger_2db"":""0""},{""frame_id"":""140"",""source_sample_index"":""35978"",""rx_id"":""rx_nao_chest"",""delta_num_paths"":""0"",""delta_delay_spread"":""0.0"",""delta_rx_power_db"":""0.0"",""y_path_change"":""0"",""y_path_drop"":""0"",""y_rx_power_drop_0p5db"":""0"",""y_rx_power_drop_1db"":""0"",""y_rx_power_drop_2db"":""0"",""y_delay_spread_increase"":""0"",""y_adaptation_trigger_1db"":""0"",""y_adaptation_trigger_2db"":""0""},{""frame_id"":""140"",""source_sample_index"":""35978"",""rx_id"":""rx_panda_base"",""delta_num_paths"":""2"",""delta_delay_spread"":""0.0"",""delta_rx_power_db"":""0.002834180708973122"",""y_path_change"":""1"",""y_path_drop"":""0"",""y_rx_power_drop_0p5db"":""0"",""y_rx_power_drop_1db"":""0"",""y_rx_power_drop_2db"":""0"",""y_delay_spread_increase"":""0"",""y_adaptation_trigger_1db"":""0"",""y_adaptation_trigger_2db"":""0""},{""frame_id"":""140"",""source_sample_index"":""35978"",""rx_id"":""rx_ur5_base"",""delta_num_paths"":""-2"",""delta_delay_spread"":""0.0"",""delta_rx_power_db"":""1.3762275563901696"",""y_path_change"":""1"",""y_path_drop"":""1"",""y_rx_power_drop_0p5db"":""0"",""y_rx_power_drop_1db"":""0"",""y_rx_power_drop_2db"":""0"",""y_delay_spread_increase"":""0"",""y_adaptation_trigger_1db"":""0"",""y_adaptation_trigger_2db"":""0""},{""frame_id"":""140"",""source_sample_index"":""35978"",""rx_id"":""rx_x500_body"",""delta_num_paths"":""1"",""delta_delay_spread"":""0.0"",""delta_rx_power_db"":""0.07388810016632874"",""y_path_change"":""1"",""y_path_drop"":""0"",""y_rx_power_drop_0p5db"":""0"",""y_rx_power_drop_1db"":""0"",""y_rx_power_drop_2db"":""0"",""y_delay_spread_increase"":""0"",""y_adaptation_trigger_1db"":""0"",""y_adaptation_trigger_2db"":""0""}]",frame_id,rt_out/experiments/perception_rt_small_v0/frames/instance_registry.json,rt_out/experiments/perception_rt_small_v0/configs/semantic_label_map.json,error,missing required panoptic file: panoptic_labels_rgb_path; missing required panoptic file: semantic_decoded_path; missing required panoptic file: gazebo_instance_count_path; missing optional panoptic file: colored_map_path; missing optional panoptic file: metadata_path
0.1,perception_rt_small_v0,rt_out/experiments/semantic_ablation_actor_200f,15,15,150,150,38548,cam_corner_nw,640,480,1.047,0.1,20.0,-4.368888,4.38902,2.76265,-0.018875,0.447306,-0.787697,,,,,,false,false,false,false,false,,false,missing,,,,,,,,6,"rx_panda_base,rx_ur5_base,rx_cerberus_base,rx_nao_chest,rx_human_chest,rx_x500_body",frame_id,"[{""frame_id"":""150"",""source_sample_index"":""38548"",""rx_id"":""rx_panda_base"",""num_paths"":""24"",""tau_min"":""5.357098764591228e-09"",""tau_max"":""6.284866316264015e-08"",""delay_spread"":""5.749156439804892e-08"",""path_gain_sum"":""2.8414061148396286e-07"",""path_gain_db"":""-65.46466689251731"",""rx_power_dbm"":""-35.464666892517315"",""sanity_ok"":""True"",""xml_path"":""rt_out/experiments/semantic_ablation_actor_200f/sionna_xml/frame_150_sionna.xml""},{""frame_id"":""150"",""source_sample_index"":""38548"",""rx_id"":""rx_ur5_base"",""num_paths"":""18"",""tau_min"":""5.708055805797585e-09"",""tau_max"":""5.930293767164585e-08"",""delay_spread"":""5.3594881865848265e-08"",""path_gain_sum"":""6.881128342683951e-07"",""path_gain_db"":""-61.62340341877539"",""rx_power_dbm"":""-31.62340341877539"",""sanity_ok"":""True"",""xml_path"":""rt_out/experiments/semantic_ablation_actor_200f/sionna_xml/frame_150_sionna.xml""},{""frame_id"":""150"",""source_sample_index"":""38548"",""rx_id"":""rx_cerberus_base"",""num_paths"":""18"",""tau_min"":""1.574846919538686e-08"",""tau_max"":""5.723669715962387e-08"",""delay_spread"":""4.148822796423701e-08"",""path_gain_sum"":""3.6214210297202953e-08"",""path_gain_db"":""-74.41120980774089"",""rx_power_dbm"":""-44.41120980774089"",""sanity_ok"":""True"",""xml_path"":""rt_out/experiments/semantic_ablation_actor_200f/sionna_xml/frame_150_sionna.xml""},{""frame_id"":""150"",""source_sample_index"":""38548"",""rx_id"":""rx_nao_chest"",""num_paths"":""22"",""tau_min"":""1.0787783999433032e-08"",""tau_max"":""6.209720737615498e-08"",""delay_spread"":""5.130942337672195e-08"",""path_gain_sum"":""7.231477638924844e-08"",""path_gain_db"":""-71.40772952378627"",""rx_power_dbm"":""-41.40772952378627"",""sanity_ok"":""True"",""xml_path"":""rt_out/experiments/semantic_ablation_actor_200f/sionna_xml/frame_150_sionna.xml""},{""frame_id"":""150"",""source_sample_index"":""38548"",""rx_id"":""rx_human_chest"",""num_paths"":""21"",""tau_min"":""6.163341392806387e-09"",""tau_max"":""6.431429255826515e-08"",""delay_spread"":""5.8150951165458764e-08"",""path_gain_sum"":""2.240194589830935e-07"",""path_gain_db"":""-66.49714255942916"",""rx_power_dbm"":""-36.497142559429165"",""sanity_ok"":""True"",""xml_path"":""rt_out/experiments/semantic_ablation_actor_200f/sionna_xml/frame_150_sionna.xml""},{""frame_id"":""150"",""source_sample_index"":""38548"",""rx_id"":""rx_x500_body"",""num_paths"":""23"",""tau_min"":""1.7234324189985273e-08"",""tau_max"":""7.465505547088469e-08"",""delay_spread"":""5.742073128089942e-08"",""path_gain_sum"":""3.372388945876992e-08"",""path_gain_db"":""-74.72062342912375"",""rx_power_dbm"":""-44.72062342912375"",""sanity_ok"":""True"",""xml_path"":""rt_out/experiments/semantic_ablation_actor_200f/sionna_xml/frame_150_sionna.xml""}]",6,"[{""frame_id"":""150"",""source_sample_index"":""38548"",""rx_id"":""rx_cerberus_base"",""delta_num_paths"":""0"",""delta_delay_spread"":""0.0"",""delta_rx_power_db"":""-4.260548109868978e-07"",""y_path_change"":""0"",""y_path_drop"":""0"",""y_rx_power_drop_0p5db"":""0"",""y_rx_power_drop_1db"":""0"",""y_rx_power_drop_2db"":""0"",""y_delay_spread_increase"":""0"",""y_adaptation_trigger_1db"":""0"",""y_adaptation_trigger_2db"":""0""},{""frame_id"":""150"",""source_sample_index"":""38548"",""rx_id"":""rx_human_chest"",""delta_num_paths"":""0"",""delta_delay_spread"":""0.0"",""delta_rx_power_db"":""0.0"",""y_path_change"":""0"",""y_path_drop"":""0"",""y_rx_power_drop_0p5db"":""0"",""y_rx_power_drop_1db"":""0"",""y_rx_power_drop_2db"":""0"",""y_delay_spread_increase"":""0"",""y_adaptation_trigger_1db"":""0"",""y_adaptation_trigger_2db"":""0""},{""frame_id"":""150"",""source_sample_index"":""38548"",""rx_id"":""rx_nao_chest"",""delta_num_paths"":""-1"",""delta_delay_spread"":""0.0"",""delta_rx_power_db"":""-0.007826323590208517"",""y_path_change"":""1"",""y_path_drop"":""1"",""y_rx_power_drop_0p5db"":""0"",""y_rx_power_drop_1db"":""0"",""y_rx_power_drop_2db"":""0"",""y_delay_spread_increase"":""0"",""y_adaptation_trigger_1db"":""0"",""y_adaptation_trigger_2db"":""0""},{""frame_id"":""150"",""source_sample_index"":""38548"",""rx_id"":""rx_panda_base"",""delta_num_paths"":""1"",""delta_delay_spread"":""0.0"",""delta_rx_power_db"":""0.0008749926618065729"",""y_path_change"":""1"",""y_path_drop"":""0"",""y_rx_power_drop_0p5db"":""0"",""y_rx_power_drop_1db"":""0"",""y_rx_power_drop_2db"":""0"",""y_delay_spread_increase"":""0"",""y_adaptation_trigger_1db"":""0"",""y_adaptation_trigger_2db"":""0""},{""frame_id"":""150"",""source_sample_index"":""38548"",""rx_id"":""rx_ur5_base"",""delta_num_paths"":""0"",""delta_delay_spread"":""0.0"",""delta_rx_power_db"":""3.587607011468208e-07"",""y_path_change"":""0"",""y_path_drop"":""0"",""y_rx_power_drop_0p5db"":""0"",""y_rx_power_drop_1db"":""0"",""y_rx_power_drop_2db"":""0"",""y_delay_spread_increase"":""0"",""y_adaptation_trigger_1db"":""0"",""y_adaptation_trigger_2db"":""0""},{""frame_id"":""150"",""source_sample_index"":""38548"",""rx_id"":""rx_x500_body"",""delta_num_paths"":""0"",""delta_delay_spread"":""0.0"",""delta_rx_power_db"":""-4.575165917231061e-07"",""y_path_change"":""0"",""y_path_drop"":""0"",""y_rx_power_drop_0p5db"":""0"",""y_rx_power_drop_1db"":""0"",""y_rx_power_drop_2db"":""0"",""y_delay_spread_increase"":""0"",""y_adaptation_trigger_1db"":""0"",""y_adaptation_trigger_2db"":""0""}]",frame_id,rt_out/experiments/perception_rt_small_v0/frames/instance_registry.json,rt_out/experiments/perception_rt_small_v0/configs/semantic_label_map.json,error,missing required panoptic file: panoptic_labels_rgb_path; missing required panoptic file: semantic_decoded_path; missing required panoptic file: gazebo_instance_count_path; missing optional panoptic file: colored_map_path; missing optional panoptic file: metadata_path
0.1,perception_rt_small_v0,rt_out/experiments/semantic_ablation_actor_200f,15,15,150,150,38548,cam_corner_ne,640,480,1.047,0.1,20.0,4.38989,4.38902,2.76265,-0.018875,0.447306,-2.356294,,,,,,false,false,false,false,false,,false,missing,,,,,,,,6,"rx_panda_base,rx_ur5_base,rx_cerberus_base,rx_nao_chest,rx_human_chest,rx_x500_body",frame_id,"[{""frame_id"":""150"",""source_sample_index"":""38548"",""rx_id"":""rx_panda_base"",""num_paths"":""24"",""tau_min"":""5.357098764591228e-09"",""tau_max"":""6.284866316264015e-08"",""delay_spread"":""5.749156439804892e-08"",""path_gain_sum"":""2.8414061148396286e-07"",""path_gain_db"":""-65.46466689251731"",""rx_power_dbm"":""-35.464666892517315"",""sanity_ok"":""True"",""xml_path"":""rt_out/experiments/semantic_ablation_actor_200f/sionna_xml/frame_150_sionna.xml""},{""frame_id"":""150"",""source_sample_index"":""38548"",""rx_id"":""rx_ur5_base"",""num_paths"":""18"",""tau_min"":""5.708055805797585e-09"",""tau_max"":""5.930293767164585e-08"",""delay_spread"":""5.3594881865848265e-08"",""path_gain_sum"":""6.881128342683951e-07"",""path_gain_db"":""-61.62340341877539"",""rx_power_dbm"":""-31.62340341877539"",""sanity_ok"":""True"",""xml_path"":""rt_out/experiments/semantic_ablation_actor_200f/sionna_xml/frame_150_sionna.xml""},{""frame_id"":""150"",""source_sample_index"":""38548"",""rx_id"":""rx_cerberus_base"",""num_paths"":""18"",""tau_min"":""1.574846919538686e-08"",""tau_max"":""5.723669715962387e-08"",""delay_spread"":""4.148822796423701e-08"",""path_gain_sum"":""3.6214210297202953e-08"",""path_gain_db"":""-74.41120980774089"",""rx_power_dbm"":""-44.41120980774089"",""sanity_ok"":""True"",""xml_path"":""rt_out/experiments/semantic_ablation_actor_200f/sionna_xml/frame_150_sionna.xml""},{""frame_id"":""150"",""source_sample_index"":""38548"",""rx_id"":""rx_nao_chest"",""num_paths"":""22"",""tau_min"":""1.0787783999433032e-08"",""tau_max"":""6.209720737615498e-08"",""delay_spread"":""5.130942337672195e-08"",""path_gain_sum"":""7.231477638924844e-08"",""path_gain_db"":""-71.40772952378627"",""rx_power_dbm"":""-41.40772952378627"",""sanity_ok"":""True"",""xml_path"":""rt_out/experiments/semantic_ablation_actor_200f/sionna_xml/frame_150_sionna.xml""},{""frame_id"":""150"",""source_sample_index"":""38548"",""rx_id"":""rx_human_chest"",""num_paths"":""21"",""tau_min"":""6.163341392806387e-09"",""tau_max"":""6.431429255826515e-08"",""delay_spread"":""5.8150951165458764e-08"",""path_gain_sum"":""2.240194589830935e-07"",""path_gain_db"":""-66.49714255942916"",""rx_power_dbm"":""-36.497142559429165"",""sanity_ok"":""True"",""xml_path"":""rt_out/experiments/semantic_ablation_actor_200f/sionna_xml/frame_150_sionna.xml""},{""frame_id"":""150"",""source_sample_index"":""38548"",""rx_id"":""rx_x500_body"",""num_paths"":""23"",""tau_min"":""1.7234324189985273e-08"",""tau_max"":""7.465505547088469e-08"",""delay_spread"":""5.742073128089942e-08"",""path_gain_sum"":""3.372388945876992e-08"",""path_gain_db"":""-74.72062342912375"",""rx_power_dbm"":""-44.72062342912375"",""sanity_ok"":""True"",""xml_path"":""rt_out/experiments/semantic_ablation_actor_200f/sionna_xml/frame_150_sionna.xml""}]",6,"[{""frame_id"":""150"",""source_sample_index"":""38548"",""rx_id"":""rx_cerberus_base"",""delta_num_paths"":""0"",""delta_delay_spread"":""0.0"",""delta_rx_power_db"":""-4.260548109868978e-07"",""y_path_change"":""0"",""y_path_drop"":""0"",""y_rx_power_drop_0p5db"":""0"",""y_rx_power_drop_1db"":""0"",""y_rx_power_drop_2db"":""0"",""y_delay_spread_increase"":""0"",""y_adaptation_trigger_1db"":""0"",""y_adaptation_trigger_2db"":""0""},{""frame_id"":""150"",""source_sample_index"":""38548"",""rx_id"":""rx_human_chest"",""delta_num_paths"":""0"",""delta_delay_spread"":""0.0"",""delta_rx_power_db"":""0.0"",""y_path_change"":""0"",""y_path_drop"":""0"",""y_rx_power_drop_0p5db"":""0"",""y_rx_power_drop_1db"":""0"",""y_rx_power_drop_2db"":""0"",""y_delay_spread_increase"":""0"",""y_adaptation_trigger_1db"":""0"",""y_adaptation_trigger_2db"":""0""},{""frame_id"":""150"",""source_sample_index"":""38548"",""rx_id"":""rx_nao_chest"",""delta_num_paths"":""-1"",""delta_delay_spread"":""0.0"",""delta_rx_power_db"":""-0.007826323590208517"",""y_path_change"":""1"",""y_path_drop"":""1"",""y_rx_power_drop_0p5db"":""0"",""y_rx_power_drop_1db"":""0"",""y_rx_power_drop_2db"":""0"",""y_delay_spread_increase"":""0"",""y_adaptation_trigger_1db"":""0"",""y_adaptation_trigger_2db"":""0""},{""frame_id"":""150"",""source_sample_index"":""38548"",""rx_id"":""rx_panda_base"",""delta_num_paths"":""1"",""delta_delay_spread"":""0.0"",""delta_rx_power_db"":""0.0008749926618065729"",""y_path_change"":""1"",""y_path_drop"":""0"",""y_rx_power_drop_0p5db"":""0"",""y_rx_power_drop_1db"":""0"",""y_rx_power_drop_2db"":""0"",""y_delay_spread_increase"":""0"",""y_adaptation_trigger_1db"":""0"",""y_adaptation_trigger_2db"":""0""},{""frame_id"":""150"",""source_sample_index"":""38548"",""rx_id"":""rx_ur5_base"",""delta_num_paths"":""0"",""delta_delay_spread"":""0.0"",""delta_rx_power_db"":""3.587607011468208e-07"",""y_path_change"":""0"",""y_path_drop"":""0"",""y_rx_power_drop_0p5db"":""0"",""y_rx_power_drop_1db"":""0"",""y_rx_power_drop_2db"":""0"",""y_delay_spread_increase"":""0"",""y_adaptation_trigger_1db"":""0"",""y_adaptation_trigger_2db"":""0""},{""frame_id"":""150"",""source_sample_index"":""38548"",""rx_id"":""rx_x500_body"",""delta_num_paths"":""0"",""delta_delay_spread"":""0.0"",""delta_rx_power_db"":""-4.575165917231061e-07"",""y_path_change"":""0"",""y_path_drop"":""0"",""y_rx_power_drop_0p5db"":""0"",""y_rx_power_drop_1db"":""0"",""y_rx_power_drop_2db"":""0"",""y_delay_spread_increase"":""0"",""y_adaptation_trigger_1db"":""0"",""y_adaptation_trigger_2db"":""0""}]",frame_id,rt_out/experiments/perception_rt_small_v0/frames/instance_registry.json,rt_out/experiments/perception_rt_small_v0/configs/semantic_label_map.json,error,missing required panoptic file: panoptic_labels_rgb_path; missing required panoptic file: semantic_decoded_path; missing required panoptic file: gazebo_instance_count_path; missing optional panoptic file: colored_map_path; missing optional panoptic file: metadata_path
0.1,perception_rt_small_v0,rt_out/experiments/semantic_ablation_actor_200f,15,15,150,150,38548,cam_corner_sw,640,480,1.047,0.1,20.0,-4.2766,-4.27322,2.72007,-0.014193,0.518246,0.774445,,,,,,false,false,false,false,false,,false,missing,,,,,,,,6,"rx_panda_base,rx_ur5_base,rx_cerberus_base,rx_nao_chest,rx_human_chest,rx_x500_body",frame_id,"[{""frame_id"":""150"",""source_sample_index"":""38548"",""rx_id"":""rx_panda_base"",""num_paths"":""24"",""tau_min"":""5.357098764591228e-09"",""tau_max"":""6.284866316264015e-08"",""delay_spread"":""5.749156439804892e-08"",""path_gain_sum"":""2.8414061148396286e-07"",""path_gain_db"":""-65.46466689251731"",""rx_power_dbm"":""-35.464666892517315"",""sanity_ok"":""True"",""xml_path"":""rt_out/experiments/semantic_ablation_actor_200f/sionna_xml/frame_150_sionna.xml""},{""frame_id"":""150"",""source_sample_index"":""38548"",""rx_id"":""rx_ur5_base"",""num_paths"":""18"",""tau_min"":""5.708055805797585e-09"",""tau_max"":""5.930293767164585e-08"",""delay_spread"":""5.3594881865848265e-08"",""path_gain_sum"":""6.881128342683951e-07"",""path_gain_db"":""-61.62340341877539"",""rx_power_dbm"":""-31.62340341877539"",""sanity_ok"":""True"",""xml_path"":""rt_out/experiments/semantic_ablation_actor_200f/sionna_xml/frame_150_sionna.xml""},{""frame_id"":""150"",""source_sample_index"":""38548"",""rx_id"":""rx_cerberus_base"",""num_paths"":""18"",""tau_min"":""1.574846919538686e-08"",""tau_max"":""5.723669715962387e-08"",""delay_spread"":""4.148822796423701e-08"",""path_gain_sum"":""3.6214210297202953e-08"",""path_gain_db"":""-74.41120980774089"",""rx_power_dbm"":""-44.41120980774089"",""sanity_ok"":""True"",""xml_path"":""rt_out/experiments/semantic_ablation_actor_200f/sionna_xml/frame_150_sionna.xml""},{""frame_id"":""150"",""source_sample_index"":""38548"",""rx_id"":""rx_nao_chest"",""num_paths"":""22"",""tau_min"":""1.0787783999433032e-08"",""tau_max"":""6.209720737615498e-08"",""delay_spread"":""5.130942337672195e-08"",""path_gain_sum"":""7.231477638924844e-08"",""path_gain_db"":""-71.40772952378627"",""rx_power_dbm"":""-41.40772952378627"",""sanity_ok"":""True"",""xml_path"":""rt_out/experiments/semantic_ablation_actor_200f/sionna_xml/frame_150_sionna.xml""},{""frame_id"":""150"",""source_sample_index"":""38548"",""rx_id"":""rx_human_chest"",""num_paths"":""21"",""tau_min"":""6.163341392806387e-09"",""tau_max"":""6.431429255826515e-08"",""delay_spread"":""5.8150951165458764e-08"",""path_gain_sum"":""2.240194589830935e-07"",""path_gain_db"":""-66.49714255942916"",""rx_power_dbm"":""-36.497142559429165"",""sanity_ok"":""True"",""xml_path"":""rt_out/experiments/semantic_ablation_actor_200f/sionna_xml/frame_150_sionna.xml""},{""frame_id"":""150"",""source_sample_index"":""38548"",""rx_id"":""rx_x500_body"",""num_paths"":""23"",""tau_min"":""1.7234324189985273e-08"",""tau_max"":""7.465505547088469e-08"",""delay_spread"":""5.742073128089942e-08"",""path_gain_sum"":""3.372388945876992e-08"",""path_gain_db"":""-74.72062342912375"",""rx_power_dbm"":""-44.72062342912375"",""sanity_ok"":""True"",""xml_path"":""rt_out/experiments/semantic_ablation_actor_200f/sionna_xml/frame_150_sionna.xml""}]",6,"[{""frame_id"":""150"",""source_sample_index"":""38548"",""rx_id"":""rx_cerberus_base"",""delta_num_paths"":""0"",""delta_delay_spread"":""0.0"",""delta_rx_power_db"":""-4.260548109868978e-07"",""y_path_change"":""0"",""y_path_drop"":""0"",""y_rx_power_drop_0p5db"":""0"",""y_rx_power_drop_1db"":""0"",""y_rx_power_drop_2db"":""0"",""y_delay_spread_increase"":""0"",""y_adaptation_trigger_1db"":""0"",""y_adaptation_trigger_2db"":""0""},{""frame_id"":""150"",""source_sample_index"":""38548"",""rx_id"":""rx_human_chest"",""delta_num_paths"":""0"",""delta_delay_spread"":""0.0"",""delta_rx_power_db"":""0.0"",""y_path_change"":""0"",""y_path_drop"":""0"",""y_rx_power_drop_0p5db"":""0"",""y_rx_power_drop_1db"":""0"",""y_rx_power_drop_2db"":""0"",""y_delay_spread_increase"":""0"",""y_adaptation_trigger_1db"":""0"",""y_adaptation_trigger_2db"":""0""},{""frame_id"":""150"",""source_sample_index"":""38548"",""rx_id"":""rx_nao_chest"",""delta_num_paths"":""-1"",""delta_delay_spread"":""0.0"",""delta_rx_power_db"":""-0.007826323590208517"",""y_path_change"":""1"",""y_path_drop"":""1"",""y_rx_power_drop_0p5db"":""0"",""y_rx_power_drop_1db"":""0"",""y_rx_power_drop_2db"":""0"",""y_delay_spread_increase"":""0"",""y_adaptation_trigger_1db"":""0"",""y_adaptation_trigger_2db"":""0""},{""frame_id"":""150"",""source_sample_index"":""38548"",""rx_id"":""rx_panda_base"",""delta_num_paths"":""1"",""delta_delay_spread"":""0.0"",""delta_rx_power_db"":""0.0008749926618065729"",""y_path_change"":""1"",""y_path_drop"":""0"",""y_rx_power_drop_0p5db"":""0"",""y_rx_power_drop_1db"":""0"",""y_rx_power_drop_2db"":""0"",""y_delay_spread_increase"":""0"",""y_adaptation_trigger_1db"":""0"",""y_adaptation_trigger_2db"":""0""},{""frame_id"":""150"",""source_sample_index"":""38548"",""rx_id"":""rx_ur5_base"",""delta_num_paths"":""0"",""delta_delay_spread"":""0.0"",""delta_rx_power_db"":""3.587607011468208e-07"",""y_path_change"":""0"",""y_path_drop"":""0"",""y_rx_power_drop_0p5db"":""0"",""y_rx_power_drop_1db"":""0"",""y_rx_power_drop_2db"":""0"",""y_delay_spread_increase"":""0"",""y_adaptation_trigger_1db"":""0"",""y_adaptation_trigger_2db"":""0""},{""frame_id"":""150"",""source_sample_index"":""38548"",""rx_id"":""rx_x500_body"",""delta_num_paths"":""0"",""delta_delay_spread"":""0.0"",""delta_rx_power_db"":""-4.575165917231061e-07"",""y_path_change"":""0"",""y_path_drop"":""0"",""y_rx_power_drop_0p5db"":""0"",""y_rx_power_drop_1db"":""0"",""y_rx_power_drop_2db"":""0"",""y_delay_spread_increase"":""0"",""y_adaptation_trigger_1db"":""0"",""y_adaptation_trigger_2db"":""0""}]",frame_id,rt_out/experiments/perception_rt_small_v0/frames/instance_registry.json,rt_out/experiments/perception_rt_small_v0/configs/semantic_label_map.json,error,missing required panoptic file: panoptic_labels_rgb_path; missing required panoptic file: semantic_decoded_path; missing required panoptic file: gazebo_instance_count_path; missing optional panoptic file: colored_map_path; missing optional panoptic file: metadata_path
0.1,perception_rt_small_v0,rt_out/experiments/semantic_ablation_actor_200f,15,15,150,150,38548,cam_corner_se,640,480,1.047,0.1,20.0,4.44776,-4.40805,2.80523,-0.023556,0.376367,2.408296,,,,,,false,false,false,false,false,,false,missing,,,,,,,,6,"rx_panda_base,rx_ur5_base,rx_cerberus_base,rx_nao_chest,rx_human_chest,rx_x500_body",frame_id,"[{""frame_id"":""150"",""source_sample_index"":""38548"",""rx_id"":""rx_panda_base"",""num_paths"":""24"",""tau_min"":""5.357098764591228e-09"",""tau_max"":""6.284866316264015e-08"",""delay_spread"":""5.749156439804892e-08"",""path_gain_sum"":""2.8414061148396286e-07"",""path_gain_db"":""-65.46466689251731"",""rx_power_dbm"":""-35.464666892517315"",""sanity_ok"":""True"",""xml_path"":""rt_out/experiments/semantic_ablation_actor_200f/sionna_xml/frame_150_sionna.xml""},{""frame_id"":""150"",""source_sample_index"":""38548"",""rx_id"":""rx_ur5_base"",""num_paths"":""18"",""tau_min"":""5.708055805797585e-09"",""tau_max"":""5.930293767164585e-08"",""delay_spread"":""5.3594881865848265e-08"",""path_gain_sum"":""6.881128342683951e-07"",""path_gain_db"":""-61.62340341877539"",""rx_power_dbm"":""-31.62340341877539"",""sanity_ok"":""True"",""xml_path"":""rt_out/experiments/semantic_ablation_actor_200f/sionna_xml/frame_150_sionna.xml""},{""frame_id"":""150"",""source_sample_index"":""38548"",""rx_id"":""rx_cerberus_base"",""num_paths"":""18"",""tau_min"":""1.574846919538686e-08"",""tau_max"":""5.723669715962387e-08"",""delay_spread"":""4.148822796423701e-08"",""path_gain_sum"":""3.6214210297202953e-08"",""path_gain_db"":""-74.41120980774089"",""rx_power_dbm"":""-44.41120980774089"",""sanity_ok"":""True"",""xml_path"":""rt_out/experiments/semantic_ablation_actor_200f/sionna_xml/frame_150_sionna.xml""},{""frame_id"":""150"",""source_sample_index"":""38548"",""rx_id"":""rx_nao_chest"",""num_paths"":""22"",""tau_min"":""1.0787783999433032e-08"",""tau_max"":""6.209720737615498e-08"",""delay_spread"":""5.130942337672195e-08"",""path_gain_sum"":""7.231477638924844e-08"",""path_gain_db"":""-71.40772952378627"",""rx_power_dbm"":""-41.40772952378627"",""sanity_ok"":""True"",""xml_path"":""rt_out/experiments/semantic_ablation_actor_200f/sionna_xml/frame_150_sionna.xml""},{""frame_id"":""150"",""source_sample_index"":""38548"",""rx_id"":""rx_human_chest"",""num_paths"":""21"",""tau_min"":""6.163341392806387e-09"",""tau_max"":""6.431429255826515e-08"",""delay_spread"":""5.8150951165458764e-08"",""path_gain_sum"":""2.240194589830935e-07"",""path_gain_db"":""-66.49714255942916"",""rx_power_dbm"":""-36.497142559429165"",""sanity_ok"":""True"",""xml_path"":""rt_out/experiments/semantic_ablation_actor_200f/sionna_xml/frame_150_sionna.xml""},{""frame_id"":""150"",""source_sample_index"":""38548"",""rx_id"":""rx_x500_body"",""num_paths"":""23"",""tau_min"":""1.7234324189985273e-08"",""tau_max"":""7.465505547088469e-08"",""delay_spread"":""5.742073128089942e-08"",""path_gain_sum"":""3.372388945876992e-08"",""path_gain_db"":""-74.72062342912375"",""rx_power_dbm"":""-44.72062342912375"",""sanity_ok"":""True"",""xml_path"":""rt_out/experiments/semantic_ablation_actor_200f/sionna_xml/frame_150_sionna.xml""}]",6,"[{""frame_id"":""150"",""source_sample_index"":""38548"",""rx_id"":""rx_cerberus_base"",""delta_num_paths"":""0"",""delta_delay_spread"":""0.0"",""delta_rx_power_db"":""-4.260548109868978e-07"",""y_path_change"":""0"",""y_path_drop"":""0"",""y_rx_power_drop_0p5db"":""0"",""y_rx_power_drop_1db"":""0"",""y_rx_power_drop_2db"":""0"",""y_delay_spread_increase"":""0"",""y_adaptation_trigger_1db"":""0"",""y_adaptation_trigger_2db"":""0""},{""frame_id"":""150"",""source_sample_index"":""38548"",""rx_id"":""rx_human_chest"",""delta_num_paths"":""0"",""delta_delay_spread"":""0.0"",""delta_rx_power_db"":""0.0"",""y_path_change"":""0"",""y_path_drop"":""0"",""y_rx_power_drop_0p5db"":""0"",""y_rx_power_drop_1db"":""0"",""y_rx_power_drop_2db"":""0"",""y_delay_spread_increase"":""0"",""y_adaptation_trigger_1db"":""0"",""y_adaptation_trigger_2db"":""0""},{""frame_id"":""150"",""source_sample_index"":""38548"",""rx_id"":""rx_nao_chest"",""delta_num_paths"":""-1"",""delta_delay_spread"":""0.0"",""delta_rx_power_db"":""-0.007826323590208517"",""y_path_change"":""1"",""y_path_drop"":""1"",""y_rx_power_drop_0p5db"":""0"",""y_rx_power_drop_1db"":""0"",""y_rx_power_drop_2db"":""0"",""y_delay_spread_increase"":""0"",""y_adaptation_trigger_1db"":""0"",""y_adaptation_trigger_2db"":""0""},{""frame_id"":""150"",""source_sample_index"":""38548"",""rx_id"":""rx_panda_base"",""delta_num_paths"":""1"",""delta_delay_spread"":""0.0"",""delta_rx_power_db"":""0.0008749926618065729"",""y_path_change"":""1"",""y_path_drop"":""0"",""y_rx_power_drop_0p5db"":""0"",""y_rx_power_drop_1db"":""0"",""y_rx_power_drop_2db"":""0"",""y_delay_spread_increase"":""0"",""y_adaptation_trigger_1db"":""0"",""y_adaptation_trigger_2db"":""0""},{""frame_id"":""150"",""source_sample_index"":""38548"",""rx_id"":""rx_ur5_base"",""delta_num_paths"":""0"",""delta_delay_spread"":""0.0"",""delta_rx_power_db"":""3.587607011468208e-07"",""y_path_change"":""0"",""y_path_drop"":""0"",""y_rx_power_drop_0p5db"":""0"",""y_rx_power_drop_1db"":""0"",""y_rx_power_drop_2db"":""0"",""y_delay_spread_increase"":""0"",""y_adaptation_trigger_1db"":""0"",""y_adaptation_trigger_2db"":""0""},{""frame_id"":""150"",""source_sample_index"":""38548"",""rx_id"":""rx_x500_body"",""delta_num_paths"":""0"",""delta_delay_spread"":""0.0"",""delta_rx_power_db"":""-4.575165917231061e-07"",""y_path_change"":""0"",""y_path_drop"":""0"",""y_rx_power_drop_0p5db"":""0"",""y_rx_power_drop_1db"":""0"",""y_rx_power_drop_2db"":""0"",""y_delay_spread_increase"":""0"",""y_adaptation_trigger_1db"":""0"",""y_adaptation_trigger_2db"":""0""}]",frame_id,rt_out/experiments/perception_rt_small_v0/frames/instance_registry.json,rt_out/experiments/perception_rt_small_v0/configs/semantic_label_map.json,error,missing required panoptic file: panoptic_labels_rgb_path; missing required panoptic file: semantic_decoded_path; missing required panoptic file: gazebo_instance_count_path; missing optional panoptic file: colored_map_path; missing optional panoptic file: metadata_path
0.1,perception_rt_small_v0,rt_out/experiments/semantic_ablation_actor_200f,15,15,150,150,38548,cam_wall_north,640,480,1.047,0.1,20.0,0.221087,4.38902,2.71504,-0.0,0.562591,-1.5708,,,,,,false,false,false,false,false,,false,missing,,,,,,,,6,"rx_panda_base,rx_ur5_base,rx_cerberus_base,rx_nao_chest,rx_human_chest,rx_x500_body",frame_id,"[{""frame_id"":""150"",""source_sample_index"":""38548"",""rx_id"":""rx_panda_base"",""num_paths"":""24"",""tau_min"":""5.357098764591228e-09"",""tau_max"":""6.284866316264015e-08"",""delay_spread"":""5.749156439804892e-08"",""path_gain_sum"":""2.8414061148396286e-07"",""path_gain_db"":""-65.46466689251731"",""rx_power_dbm"":""-35.464666892517315"",""sanity_ok"":""True"",""xml_path"":""rt_out/experiments/semantic_ablation_actor_200f/sionna_xml/frame_150_sionna.xml""},{""frame_id"":""150"",""source_sample_index"":""38548"",""rx_id"":""rx_ur5_base"",""num_paths"":""18"",""tau_min"":""5.708055805797585e-09"",""tau_max"":""5.930293767164585e-08"",""delay_spread"":""5.3594881865848265e-08"",""path_gain_sum"":""6.881128342683951e-07"",""path_gain_db"":""-61.62340341877539"",""rx_power_dbm"":""-31.62340341877539"",""sanity_ok"":""True"",""xml_path"":""rt_out/experiments/semantic_ablation_actor_200f/sionna_xml/frame_150_sionna.xml""},{""frame_id"":""150"",""source_sample_index"":""38548"",""rx_id"":""rx_cerberus_base"",""num_paths"":""18"",""tau_min"":""1.574846919538686e-08"",""tau_max"":""5.723669715962387e-08"",""delay_spread"":""4.148822796423701e-08"",""path_gain_sum"":""3.6214210297202953e-08"",""path_gain_db"":""-74.41120980774089"",""rx_power_dbm"":""-44.41120980774089"",""sanity_ok"":""True"",""xml_path"":""rt_out/experiments/semantic_ablation_actor_200f/sionna_xml/frame_150_sionna.xml""},{""frame_id"":""150"",""source_sample_index"":""38548"",""rx_id"":""rx_nao_chest"",""num_paths"":""22"",""tau_min"":""1.0787783999433032e-08"",""tau_max"":""6.209720737615498e-08"",""delay_spread"":""5.130942337672195e-08"",""path_gain_sum"":""7.231477638924844e-08"",""path_gain_db"":""-71.40772952378627"",""rx_power_dbm"":""-41.40772952378627"",""sanity_ok"":""True"",""xml_path"":""rt_out/experiments/semantic_ablation_actor_200f/sionna_xml/frame_150_sionna.xml""},{""frame_id"":""150"",""source_sample_index"":""38548"",""rx_id"":""rx_human_chest"",""num_paths"":""21"",""tau_min"":""6.163341392806387e-09"",""tau_max"":""6.431429255826515e-08"",""delay_spread"":""5.8150951165458764e-08"",""path_gain_sum"":""2.240194589830935e-07"",""path_gain_db"":""-66.49714255942916"",""rx_power_dbm"":""-36.497142559429165"",""sanity_ok"":""True"",""xml_path"":""rt_out/experiments/semantic_ablation_actor_200f/sionna_xml/frame_150_sionna.xml""},{""frame_id"":""150"",""source_sample_index"":""38548"",""rx_id"":""rx_x500_body"",""num_paths"":""23"",""tau_min"":""1.7234324189985273e-08"",""tau_max"":""7.465505547088469e-08"",""delay_spread"":""5.742073128089942e-08"",""path_gain_sum"":""3.372388945876992e-08"",""path_gain_db"":""-74.72062342912375"",""rx_power_dbm"":""-44.72062342912375"",""sanity_ok"":""True"",""xml_path"":""rt_out/experiments/semantic_ablation_actor_200f/sionna_xml/frame_150_sionna.xml""}]",6,"[{""frame_id"":""150"",""source_sample_index"":""38548"",""rx_id"":""rx_cerberus_base"",""delta_num_paths"":""0"",""delta_delay_spread"":""0.0"",""delta_rx_power_db"":""-4.260548109868978e-07"",""y_path_change"":""0"",""y_path_drop"":""0"",""y_rx_power_drop_0p5db"":""0"",""y_rx_power_drop_1db"":""0"",""y_rx_power_drop_2db"":""0"",""y_delay_spread_increase"":""0"",""y_adaptation_trigger_1db"":""0"",""y_adaptation_trigger_2db"":""0""},{""frame_id"":""150"",""source_sample_index"":""38548"",""rx_id"":""rx_human_chest"",""delta_num_paths"":""0"",""delta_delay_spread"":""0.0"",""delta_rx_power_db"":""0.0"",""y_path_change"":""0"",""y_path_drop"":""0"",""y_rx_power_drop_0p5db"":""0"",""y_rx_power_drop_1db"":""0"",""y_rx_power_drop_2db"":""0"",""y_delay_spread_increase"":""0"",""y_adaptation_trigger_1db"":""0"",""y_adaptation_trigger_2db"":""0""},{""frame_id"":""150"",""source_sample_index"":""38548"",""rx_id"":""rx_nao_chest"",""delta_num_paths"":""-1"",""delta_delay_spread"":""0.0"",""delta_rx_power_db"":""-0.007826323590208517"",""y_path_change"":""1"",""y_path_drop"":""1"",""y_rx_power_drop_0p5db"":""0"",""y_rx_power_drop_1db"":""0"",""y_rx_power_drop_2db"":""0"",""y_delay_spread_increase"":""0"",""y_adaptation_trigger_1db"":""0"",""y_adaptation_trigger_2db"":""0""},{""frame_id"":""150"",""source_sample_index"":""38548"",""rx_id"":""rx_panda_base"",""delta_num_paths"":""1"",""delta_delay_spread"":""0.0"",""delta_rx_power_db"":""0.0008749926618065729"",""y_path_change"":""1"",""y_path_drop"":""0"",""y_rx_power_drop_0p5db"":""0"",""y_rx_power_drop_1db"":""0"",""y_rx_power_drop_2db"":""0"",""y_delay_spread_increase"":""0"",""y_adaptation_trigger_1db"":""0"",""y_adaptation_trigger_2db"":""0""},{""frame_id"":""150"",""source_sample_index"":""38548"",""rx_id"":""rx_ur5_base"",""delta_num_paths"":""0"",""delta_delay_spread"":""0.0"",""delta_rx_power_db"":""3.587607011468208e-07"",""y_path_change"":""0"",""y_path_drop"":""0"",""y_rx_power_drop_0p5db"":""0"",""y_rx_power_drop_1db"":""0"",""y_rx_power_drop_2db"":""0"",""y_delay_spread_increase"":""0"",""y_adaptation_trigger_1db"":""0"",""y_adaptation_trigger_2db"":""0""},{""frame_id"":""150"",""source_sample_index"":""38548"",""rx_id"":""rx_x500_body"",""delta_num_paths"":""0"",""delta_delay_spread"":""0.0"",""delta_rx_power_db"":""-4.575165917231061e-07"",""y_path_change"":""0"",""y_path_drop"":""0"",""y_rx_power_drop_0p5db"":""0"",""y_rx_power_drop_1db"":""0"",""y_rx_power_drop_2db"":""0"",""y_delay_spread_increase"":""0"",""y_adaptation_trigger_1db"":""0"",""y_adaptation_trigger_2db"":""0""}]",frame_id,rt_out/experiments/perception_rt_small_v0/frames/instance_registry.json,rt_out/experiments/perception_rt_small_v0/configs/semantic_label_map.json,error,missing required panoptic file: panoptic_labels_rgb_path; missing required panoptic file: semantic_decoded_path; missing required panoptic file: gazebo_instance_count_path; missing optional panoptic file: colored_map_path; missing optional panoptic file: metadata_path
0.1,perception_rt_small_v0,rt_out/experiments/semantic_ablation_actor_200f,15,15,150,150,38548,cam_wall_south,640,480,1.047,0.1,20.0,0.221056,-4.22159,2.7964,0.000426,0.271157,1.577903,,,,,,false,false,false,false,false,,false,missing,,,,,,,,6,"rx_panda_base,rx_ur5_base,rx_cerberus_base,rx_nao_chest,rx_human_chest,rx_x500_body",frame_id,"[{""frame_id"":""150"",""source_sample_index"":""38548"",""rx_id"":""rx_panda_base"",""num_paths"":""24"",""tau_min"":""5.357098764591228e-09"",""tau_max"":""6.284866316264015e-08"",""delay_spread"":""5.749156439804892e-08"",""path_gain_sum"":""2.8414061148396286e-07"",""path_gain_db"":""-65.46466689251731"",""rx_power_dbm"":""-35.464666892517315"",""sanity_ok"":""True"",""xml_path"":""rt_out/experiments/semantic_ablation_actor_200f/sionna_xml/frame_150_sionna.xml""},{""frame_id"":""150"",""source_sample_index"":""38548"",""rx_id"":""rx_ur5_base"",""num_paths"":""18"",""tau_min"":""5.708055805797585e-09"",""tau_max"":""5.930293767164585e-08"",""delay_spread"":""5.3594881865848265e-08"",""path_gain_sum"":""6.881128342683951e-07"",""path_gain_db"":""-61.62340341877539"",""rx_power_dbm"":""-31.62340341877539"",""sanity_ok"":""True"",""xml_path"":""rt_out/experiments/semantic_ablation_actor_200f/sionna_xml/frame_150_sionna.xml""},{""frame_id"":""150"",""source_sample_index"":""38548"",""rx_id"":""rx_cerberus_base"",""num_paths"":""18"",""tau_min"":""1.574846919538686e-08"",""tau_max"":""5.723669715962387e-08"",""delay_spread"":""4.148822796423701e-08"",""path_gain_sum"":""3.6214210297202953e-08"",""path_gain_db"":""-74.41120980774089"",""rx_power_dbm"":""-44.41120980774089"",""sanity_ok"":""True"",""xml_path"":""rt_out/experiments/semantic_ablation_actor_200f/sionna_xml/frame_150_sionna.xml""},{""frame_id"":""150"",""source_sample_index"":""38548"",""rx_id"":""rx_nao_chest"",""num_paths"":""22"",""tau_min"":""1.0787783999433032e-08"",""tau_max"":""6.209720737615498e-08"",""delay_spread"":""5.130942337672195e-08"",""path_gain_sum"":""7.231477638924844e-08"",""path_gain_db"":""-71.40772952378627"",""rx_power_dbm"":""-41.40772952378627"",""sanity_ok"":""True"",""xml_path"":""rt_out/experiments/semantic_ablation_actor_200f/sionna_xml/frame_150_sionna.xml""},{""frame_id"":""150"",""source_sample_index"":""38548"",""rx_id"":""rx_human_chest"",""num_paths"":""21"",""tau_min"":""6.163341392806387e-09"",""tau_max"":""6.431429255826515e-08"",""delay_spread"":""5.8150951165458764e-08"",""path_gain_sum"":""2.240194589830935e-07"",""path_gain_db"":""-66.49714255942916"",""rx_power_dbm"":""-36.497142559429165"",""sanity_ok"":""True"",""xml_path"":""rt_out/experiments/semantic_ablation_actor_200f/sionna_xml/frame_150_sionna.xml""},{""frame_id"":""150"",""source_sample_index"":""38548"",""rx_id"":""rx_x500_body"",""num_paths"":""23"",""tau_min"":""1.7234324189985273e-08"",""tau_max"":""7.465505547088469e-08"",""delay_spread"":""5.742073128089942e-08"",""path_gain_sum"":""3.372388945876992e-08"",""path_gain_db"":""-74.72062342912375"",""rx_power_dbm"":""-44.72062342912375"",""sanity_ok"":""True"",""xml_path"":""rt_out/experiments/semantic_ablation_actor_200f/sionna_xml/frame_150_sionna.xml""}]",6,"[{""frame_id"":""150"",""source_sample_index"":""38548"",""rx_id"":""rx_cerberus_base"",""delta_num_paths"":""0"",""delta_delay_spread"":""0.0"",""delta_rx_power_db"":""-4.260548109868978e-07"",""y_path_change"":""0"",""y_path_drop"":""0"",""y_rx_power_drop_0p5db"":""0"",""y_rx_power_drop_1db"":""0"",""y_rx_power_drop_2db"":""0"",""y_delay_spread_increase"":""0"",""y_adaptation_trigger_1db"":""0"",""y_adaptation_trigger_2db"":""0""},{""frame_id"":""150"",""source_sample_index"":""38548"",""rx_id"":""rx_human_chest"",""delta_num_paths"":""0"",""delta_delay_spread"":""0.0"",""delta_rx_power_db"":""0.0"",""y_path_change"":""0"",""y_path_drop"":""0"",""y_rx_power_drop_0p5db"":""0"",""y_rx_power_drop_1db"":""0"",""y_rx_power_drop_2db"":""0"",""y_delay_spread_increase"":""0"",""y_adaptation_trigger_1db"":""0"",""y_adaptation_trigger_2db"":""0""},{""frame_id"":""150"",""source_sample_index"":""38548"",""rx_id"":""rx_nao_chest"",""delta_num_paths"":""-1"",""delta_delay_spread"":""0.0"",""delta_rx_power_db"":""-0.007826323590208517"",""y_path_change"":""1"",""y_path_drop"":""1"",""y_rx_power_drop_0p5db"":""0"",""y_rx_power_drop_1db"":""0"",""y_rx_power_drop_2db"":""0"",""y_delay_spread_increase"":""0"",""y_adaptation_trigger_1db"":""0"",""y_adaptation_trigger_2db"":""0""},{""frame_id"":""150"",""source_sample_index"":""38548"",""rx_id"":""rx_panda_base"",""delta_num_paths"":""1"",""delta_delay_spread"":""0.0"",""delta_rx_power_db"":""0.0008749926618065729"",""y_path_change"":""1"",""y_path_drop"":""0"",""y_rx_power_drop_0p5db"":""0"",""y_rx_power_drop_1db"":""0"",""y_rx_power_drop_2db"":""0"",""y_delay_spread_increase"":""0"",""y_adaptation_trigger_1db"":""0"",""y_adaptation_trigger_2db"":""0""},{""frame_id"":""150"",""source_sample_index"":""38548"",""rx_id"":""rx_ur5_base"",""delta_num_paths"":""0"",""delta_delay_spread"":""0.0"",""delta_rx_power_db"":""3.587607011468208e-07"",""y_path_change"":""0"",""y_path_drop"":""0"",""y_rx_power_drop_0p5db"":""0"",""y_rx_power_drop_1db"":""0"",""y_rx_power_drop_2db"":""0"",""y_delay_spread_increase"":""0"",""y_adaptation_trigger_1db"":""0"",""y_adaptation_trigger_2db"":""0""},{""frame_id"":""150"",""source_sample_index"":""38548"",""rx_id"":""rx_x500_body"",""delta_num_paths"":""0"",""delta_delay_spread"":""0.0"",""delta_rx_power_db"":""-4.575165917231061e-07"",""y_path_change"":""0"",""y_path_drop"":""0"",""y_rx_power_drop_0p5db"":""0"",""y_rx_power_drop_1db"":""0"",""y_rx_power_drop_2db"":""0"",""y_delay_spread_increase"":""0"",""y_adaptation_trigger_1db"":""0"",""y_adaptation_trigger_2db"":""0""}]",frame_id,rt_out/experiments/perception_rt_small_v0/frames/instance_registry.json,rt_out/experiments/perception_rt_small_v0/configs/semantic_label_map.json,error,missing required panoptic file: panoptic_labels_rgb_path; missing required panoptic file: semantic_decoded_path; missing required panoptic file: gazebo_instance_count_path; missing optional panoptic file: colored_map_path; missing optional panoptic file: metadata_path
0.1,perception_rt_small_v0,rt_out/experiments/semantic_ablation_actor_200f,15,15,150,150,38548,cam_wall_east,640,480,1.047,0.1,20.0,4.38989,-0.157588,2.81304,-0.047579,0.393096,3.098594,,,,,,false,false,false,false,false,,false,missing,,,,,,,,6,"rx_panda_base,rx_ur5_base,rx_cerberus_base,rx_nao_chest,rx_human_chest,rx_x500_body",frame_id,"[{""frame_id"":""150"",""source_sample_index"":""38548"",""rx_id"":""rx_panda_base"",""num_paths"":""24"",""tau_min"":""5.357098764591228e-09"",""tau_max"":""6.284866316264015e-08"",""delay_spread"":""5.749156439804892e-08"",""path_gain_sum"":""2.8414061148396286e-07"",""path_gain_db"":""-65.46466689251731"",""rx_power_dbm"":""-35.464666892517315"",""sanity_ok"":""True"",""xml_path"":""rt_out/experiments/semantic_ablation_actor_200f/sionna_xml/frame_150_sionna.xml""},{""frame_id"":""150"",""source_sample_index"":""38548"",""rx_id"":""rx_ur5_base"",""num_paths"":""18"",""tau_min"":""5.708055805797585e-09"",""tau_max"":""5.930293767164585e-08"",""delay_spread"":""5.3594881865848265e-08"",""path_gain_sum"":""6.881128342683951e-07"",""path_gain_db"":""-61.62340341877539"",""rx_power_dbm"":""-31.62340341877539"",""sanity_ok"":""True"",""xml_path"":""rt_out/experiments/semantic_ablation_actor_200f/sionna_xml/frame_150_sionna.xml""},{""frame_id"":""150"",""source_sample_index"":""38548"",""rx_id"":""rx_cerberus_base"",""num_paths"":""18"",""tau_min"":""1.574846919538686e-08"",""tau_max"":""5.723669715962387e-08"",""delay_spread"":""4.148822796423701e-08"",""path_gain_sum"":""3.6214210297202953e-08"",""path_gain_db"":""-74.41120980774089"",""rx_power_dbm"":""-44.41120980774089"",""sanity_ok"":""True"",""xml_path"":""rt_out/experiments/semantic_ablation_actor_200f/sionna_xml/frame_150_sionna.xml""},{""frame_id"":""150"",""source_sample_index"":""38548"",""rx_id"":""rx_nao_chest"",""num_paths"":""22"",""tau_min"":""1.0787783999433032e-08"",""tau_max"":""6.209720737615498e-08"",""delay_spread"":""5.130942337672195e-08"",""path_gain_sum"":""7.231477638924844e-08"",""path_gain_db"":""-71.40772952378627"",""rx_power_dbm"":""-41.40772952378627"",""sanity_ok"":""True"",""xml_path"":""rt_out/experiments/semantic_ablation_actor_200f/sionna_xml/frame_150_sionna.xml""},{""frame_id"":""150"",""source_sample_index"":""38548"",""rx_id"":""rx_human_chest"",""num_paths"":""21"",""tau_min"":""6.163341392806387e-09"",""tau_max"":""6.431429255826515e-08"",""delay_spread"":""5.8150951165458764e-08"",""path_gain_sum"":""2.240194589830935e-07"",""path_gain_db"":""-66.49714255942916"",""rx_power_dbm"":""-36.497142559429165"",""sanity_ok"":""True"",""xml_path"":""rt_out/experiments/semantic_ablation_actor_200f/sionna_xml/frame_150_sionna.xml""},{""frame_id"":""150"",""source_sample_index"":""38548"",""rx_id"":""rx_x500_body"",""num_paths"":""23"",""tau_min"":""1.7234324189985273e-08"",""tau_max"":""7.465505547088469e-08"",""delay_spread"":""5.742073128089942e-08"",""path_gain_sum"":""3.372388945876992e-08"",""path_gain_db"":""-74.72062342912375"",""rx_power_dbm"":""-44.72062342912375"",""sanity_ok"":""True"",""xml_path"":""rt_out/experiments/semantic_ablation_actor_200f/sionna_xml/frame_150_sionna.xml""}]",6,"[{""frame_id"":""150"",""source_sample_index"":""38548"",""rx_id"":""rx_cerberus_base"",""delta_num_paths"":""0"",""delta_delay_spread"":""0.0"",""delta_rx_power_db"":""-4.260548109868978e-07"",""y_path_change"":""0"",""y_path_drop"":""0"",""y_rx_power_drop_0p5db"":""0"",""y_rx_power_drop_1db"":""0"",""y_rx_power_drop_2db"":""0"",""y_delay_spread_increase"":""0"",""y_adaptation_trigger_1db"":""0"",""y_adaptation_trigger_2db"":""0""},{""frame_id"":""150"",""source_sample_index"":""38548"",""rx_id"":""rx_human_chest"",""delta_num_paths"":""0"",""delta_delay_spread"":""0.0"",""delta_rx_power_db"":""0.0"",""y_path_change"":""0"",""y_path_drop"":""0"",""y_rx_power_drop_0p5db"":""0"",""y_rx_power_drop_1db"":""0"",""y_rx_power_drop_2db"":""0"",""y_delay_spread_increase"":""0"",""y_adaptation_trigger_1db"":""0"",""y_adaptation_trigger_2db"":""0""},{""frame_id"":""150"",""source_sample_index"":""38548"",""rx_id"":""rx_nao_chest"",""delta_num_paths"":""-1"",""delta_delay_spread"":""0.0"",""delta_rx_power_db"":""-0.007826323590208517"",""y_path_change"":""1"",""y_path_drop"":""1"",""y_rx_power_drop_0p5db"":""0"",""y_rx_power_drop_1db"":""0"",""y_rx_power_drop_2db"":""0"",""y_delay_spread_increase"":""0"",""y_adaptation_trigger_1db"":""0"",""y_adaptation_trigger_2db"":""0""},{""frame_id"":""150"",""source_sample_index"":""38548"",""rx_id"":""rx_panda_base"",""delta_num_paths"":""1"",""delta_delay_spread"":""0.0"",""delta_rx_power_db"":""0.0008749926618065729"",""y_path_change"":""1"",""y_path_drop"":""0"",""y_rx_power_drop_0p5db"":""0"",""y_rx_power_drop_1db"":""0"",""y_rx_power_drop_2db"":""0"",""y_delay_spread_increase"":""0"",""y_adaptation_trigger_1db"":""0"",""y_adaptation_trigger_2db"":""0""},{""frame_id"":""150"",""source_sample_index"":""38548"",""rx_id"":""rx_ur5_base"",""delta_num_paths"":""0"",""delta_delay_spread"":""0.0"",""delta_rx_power_db"":""3.587607011468208e-07"",""y_path_change"":""0"",""y_path_drop"":""0"",""y_rx_power_drop_0p5db"":""0"",""y_rx_power_drop_1db"":""0"",""y_rx_power_drop_2db"":""0"",""y_delay_spread_increase"":""0"",""y_adaptation_trigger_1db"":""0"",""y_adaptation_trigger_2db"":""0""},{""frame_id"":""150"",""source_sample_index"":""38548"",""rx_id"":""rx_x500_body"",""delta_num_paths"":""0"",""delta_delay_spread"":""0.0"",""delta_rx_power_db"":""-4.575165917231061e-07"",""y_path_change"":""0"",""y_path_drop"":""0"",""y_rx_power_drop_0p5db"":""0"",""y_rx_power_drop_1db"":""0"",""y_rx_power_drop_2db"":""0"",""y_delay_spread_increase"":""0"",""y_adaptation_trigger_1db"":""0"",""y_adaptation_trigger_2db"":""0""}]",frame_id,rt_out/experiments/perception_rt_small_v0/frames/instance_registry.json,rt_out/experiments/perception_rt_small_v0/configs/semantic_label_map.json,error,missing required panoptic file: panoptic_labels_rgb_path; missing required panoptic file: semantic_decoded_path; missing required panoptic file: gazebo_instance_count_path; missing optional panoptic file: colored_map_path; missing optional panoptic file: metadata_path
0.1,perception_rt_small_v0,rt_out/experiments/semantic_ablation_actor_200f,15,15,150,150,38548,cam_wall_west,640,480,1.047,0.1,20.0,-4.368888,-0.03657,2.817008,0.035211,0.406352,0.030119,,,,,,false,false,false,false,false,,false,missing,,,,,,,,6,"rx_panda_base,rx_ur5_base,rx_cerberus_base,rx_nao_chest,rx_human_chest,rx_x500_body",frame_id,"[{""frame_id"":""150"",""source_sample_index"":""38548"",""rx_id"":""rx_panda_base"",""num_paths"":""24"",""tau_min"":""5.357098764591228e-09"",""tau_max"":""6.284866316264015e-08"",""delay_spread"":""5.749156439804892e-08"",""path_gain_sum"":""2.8414061148396286e-07"",""path_gain_db"":""-65.46466689251731"",""rx_power_dbm"":""-35.464666892517315"",""sanity_ok"":""True"",""xml_path"":""rt_out/experiments/semantic_ablation_actor_200f/sionna_xml/frame_150_sionna.xml""},{""frame_id"":""150"",""source_sample_index"":""38548"",""rx_id"":""rx_ur5_base"",""num_paths"":""18"",""tau_min"":""5.708055805797585e-09"",""tau_max"":""5.930293767164585e-08"",""delay_spread"":""5.3594881865848265e-08"",""path_gain_sum"":""6.881128342683951e-07"",""path_gain_db"":""-61.62340341877539"",""rx_power_dbm"":""-31.62340341877539"",""sanity_ok"":""True"",""xml_path"":""rt_out/experiments/semantic_ablation_actor_200f/sionna_xml/frame_150_sionna.xml""},{""frame_id"":""150"",""source_sample_index"":""38548"",""rx_id"":""rx_cerberus_base"",""num_paths"":""18"",""tau_min"":""1.574846919538686e-08"",""tau_max"":""5.723669715962387e-08"",""delay_spread"":""4.148822796423701e-08"",""path_gain_sum"":""3.6214210297202953e-08"",""path_gain_db"":""-74.41120980774089"",""rx_power_dbm"":""-44.41120980774089"",""sanity_ok"":""True"",""xml_path"":""rt_out/experiments/semantic_ablation_actor_200f/sionna_xml/frame_150_sionna.xml""},{""frame_id"":""150"",""source_sample_index"":""38548"",""rx_id"":""rx_nao_chest"",""num_paths"":""22"",""tau_min"":""1.0787783999433032e-08"",""tau_max"":""6.209720737615498e-08"",""delay_spread"":""5.130942337672195e-08"",""path_gain_sum"":""7.231477638924844e-08"",""path_gain_db"":""-71.40772952378627"",""rx_power_dbm"":""-41.40772952378627"",""sanity_ok"":""True"",""xml_path"":""rt_out/experiments/semantic_ablation_actor_200f/sionna_xml/frame_150_sionna.xml""},{""frame_id"":""150"",""source_sample_index"":""38548"",""rx_id"":""rx_human_chest"",""num_paths"":""21"",""tau_min"":""6.163341392806387e-09"",""tau_max"":""6.431429255826515e-08"",""delay_spread"":""5.8150951165458764e-08"",""path_gain_sum"":""2.240194589830935e-07"",""path_gain_db"":""-66.49714255942916"",""rx_power_dbm"":""-36.497142559429165"",""sanity_ok"":""True"",""xml_path"":""rt_out/experiments/semantic_ablation_actor_200f/sionna_xml/frame_150_sionna.xml""},{""frame_id"":""150"",""source_sample_index"":""38548"",""rx_id"":""rx_x500_body"",""num_paths"":""23"",""tau_min"":""1.7234324189985273e-08"",""tau_max"":""7.465505547088469e-08"",""delay_spread"":""5.742073128089942e-08"",""path_gain_sum"":""3.372388945876992e-08"",""path_gain_db"":""-74.72062342912375"",""rx_power_dbm"":""-44.72062342912375"",""sanity_ok"":""True"",""xml_path"":""rt_out/experiments/semantic_ablation_actor_200f/sionna_xml/frame_150_sionna.xml""}]",6,"[{""frame_id"":""150"",""source_sample_index"":""38548"",""rx_id"":""rx_cerberus_base"",""delta_num_paths"":""0"",""delta_delay_spread"":""0.0"",""delta_rx_power_db"":""-4.260548109868978e-07"",""y_path_change"":""0"",""y_path_drop"":""0"",""y_rx_power_drop_0p5db"":""0"",""y_rx_power_drop_1db"":""0"",""y_rx_power_drop_2db"":""0"",""y_delay_spread_increase"":""0"",""y_adaptation_trigger_1db"":""0"",""y_adaptation_trigger_2db"":""0""},{""frame_id"":""150"",""source_sample_index"":""38548"",""rx_id"":""rx_human_chest"",""delta_num_paths"":""0"",""delta_delay_spread"":""0.0"",""delta_rx_power_db"":""0.0"",""y_path_change"":""0"",""y_path_drop"":""0"",""y_rx_power_drop_0p5db"":""0"",""y_rx_power_drop_1db"":""0"",""y_rx_power_drop_2db"":""0"",""y_delay_spread_increase"":""0"",""y_adaptation_trigger_1db"":""0"",""y_adaptation_trigger_2db"":""0""},{""frame_id"":""150"",""source_sample_index"":""38548"",""rx_id"":""rx_nao_chest"",""delta_num_paths"":""-1"",""delta_delay_spread"":""0.0"",""delta_rx_power_db"":""-0.007826323590208517"",""y_path_change"":""1"",""y_path_drop"":""1"",""y_rx_power_drop_0p5db"":""0"",""y_rx_power_drop_1db"":""0"",""y_rx_power_drop_2db"":""0"",""y_delay_spread_increase"":""0"",""y_adaptation_trigger_1db"":""0"",""y_adaptation_trigger_2db"":""0""},{""frame_id"":""150"",""source_sample_index"":""38548"",""rx_id"":""rx_panda_base"",""delta_num_paths"":""1"",""delta_delay_spread"":""0.0"",""delta_rx_power_db"":""0.0008749926618065729"",""y_path_change"":""1"",""y_path_drop"":""0"",""y_rx_power_drop_0p5db"":""0"",""y_rx_power_drop_1db"":""0"",""y_rx_power_drop_2db"":""0"",""y_delay_spread_increase"":""0"",""y_adaptation_trigger_1db"":""0"",""y_adaptation_trigger_2db"":""0""},{""frame_id"":""150"",""source_sample_index"":""38548"",""rx_id"":""rx_ur5_base"",""delta_num_paths"":""0"",""delta_delay_spread"":""0.0"",""delta_rx_power_db"":""3.587607011468208e-07"",""y_path_change"":""0"",""y_path_drop"":""0"",""y_rx_power_drop_0p5db"":""0"",""y_rx_power_drop_1db"":""0"",""y_rx_power_drop_2db"":""0"",""y_delay_spread_increase"":""0"",""y_adaptation_trigger_1db"":""0"",""y_adaptation_trigger_2db"":""0""},{""frame_id"":""150"",""source_sample_index"":""38548"",""rx_id"":""rx_x500_body"",""delta_num_paths"":""0"",""delta_delay_spread"":""0.0"",""delta_rx_power_db"":""-4.575165917231061e-07"",""y_path_change"":""0"",""y_path_drop"":""0"",""y_rx_power_drop_0p5db"":""0"",""y_rx_power_drop_1db"":""0"",""y_rx_power_drop_2db"":""0"",""y_delay_spread_increase"":""0"",""y_adaptation_trigger_1db"":""0"",""y_adaptation_trigger_2db"":""0""}]",frame_id,rt_out/experiments/perception_rt_small_v0/frames/instance_registry.json,rt_out/experiments/perception_rt_small_v0/configs/semantic_label_map.json,error,missing required panoptic file: panoptic_labels_rgb_path; missing required panoptic file: semantic_decoded_path; missing required panoptic file: gazebo_instance_count_path; missing optional panoptic file: colored_map_path; missing optional panoptic file: metadata_path
0.1,perception_rt_small_v0,rt_out/experiments/semantic_ablation_actor_200f,16,16,160,160,41118,cam_corner_nw,640,480,1.047,0.1,20.0,-4.368888,4.38902,2.76265,-0.018875,0.447306,-0.787697,,,,,,false,false,false,false,false,,false,missing,,,,,,,,6,"rx_panda_base,rx_ur5_base,rx_cerberus_base,rx_nao_chest,rx_human_chest,rx_x500_body",frame_id,"[{""frame_id"":""160"",""source_sample_index"":""41118"",""rx_id"":""rx_panda_base"",""num_paths"":""29"",""tau_min"":""5.357098764591228e-09"",""tau_max"":""6.284866316264015e-08"",""delay_spread"":""5.749156439804892e-08"",""path_gain_sum"":""2.8423474418559636e-07"",""path_gain_db"":""-65.46322836029202"",""rx_power_dbm"":""-35.46322836029202"",""sanity_ok"":""True"",""xml_path"":""rt_out/experiments/semantic_ablation_actor_200f/sionna_xml/frame_160_sionna.xml""},{""frame_id"":""160"",""source_sample_index"":""41118"",""rx_id"":""rx_ur5_base"",""num_paths"":""18"",""tau_min"":""5.708055805797585e-09"",""tau_max"":""5.930293767164585e-08"",""delay_spread"":""5.3594881865848265e-08"",""path_gain_sum"":""6.881128342683951e-07"",""path_gain_db"":""-61.62340341877539"",""rx_power_dbm"":""-31.62340341877539"",""sanity_ok"":""True"",""xml_path"":""rt_out/experiments/semantic_ablation_actor_200f/sionna_xml/frame_160_sionna.xml""},{""frame_id"":""160"",""source_sample_index"":""41118"",""rx_id"":""rx_cerberus_base"",""num_paths"":""18"",""tau_min"":""1.574846919538686e-08"",""tau_max"":""5.723669715962387e-08"",""delay_spread"":""4.148822796423701e-08"",""path_gain_sum"":""3.621421740263031e-08"",""path_gain_db"":""-74.4112089556313"",""rx_power_dbm"":""-44.411208955631295"",""sanity_ok"":""True"",""xml_path"":""rt_out/experiments/semantic_ablation_actor_200f/sionna_xml/frame_160_sionna.xml""},{""frame_id"":""160"",""source_sample_index"":""41118"",""rx_id"":""rx_nao_chest"",""num_paths"":""24"",""tau_min"":""1.0787783999433032e-08"",""tau_max"":""6.209720737615498e-08"",""delay_spread"":""5.130942337672195e-08"",""path_gain_sum"":""7.249248312746204e-08"",""path_gain_db"":""-71.39707023849851"",""rx_power_dbm"":""-41.397070238498515"",""sanity_ok"":""True"",""xml_path"":""rt_out/experiments/semantic_ablation_actor_200f/sionna_xml/frame_160_sionna.xml""},{""frame_id"":""160"",""source_sample_index"":""41118"",""rx_id"":""rx_human_chest"",""num_paths"":""21"",""tau_min"":""6.163341392806387e-09"",""tau_max"":""6.431429255826515e-08"",""delay_spread"":""5.8150951165458764e-08"",""path_gain_sum"":""2.2401944477223878e-07"",""path_gain_db"":""-66.49714283492739"",""rx_power_dbm"":""-36.49714283492739"",""sanity_ok"":""True"",""xml_path"":""rt_out/experiments/semantic_ablation_actor_200f/sionna_xml/frame_160_sionna.xml""},{""frame_id"":""160"",""source_sample_index"":""41118"",""rx_id"":""rx_x500_body"",""num_paths"":""23"",""tau_min"":""1.7234324189985273e-08"",""tau_max"":""7.465505547088469e-08"",""delay_spread"":""5.742073128089942e-08"",""path_gain_sum"":""3.372388945876992e-08"",""path_gain_db"":""-74.72062342912375"",""rx_power_dbm"":""-44.72062342912375"",""sanity_ok"":""True"",""xml_path"":""rt_out/experiments/semantic_ablation_actor_200f/sionna_xml/frame_160_sionna.xml""}]",6,"[{""frame_id"":""160"",""source_sample_index"":""41118"",""rx_id"":""rx_cerberus_base"",""delta_num_paths"":""0"",""delta_delay_spread"":""0.0"",""delta_rx_power_db"":""4.2605478256518836e-07"",""y_path_change"":""0"",""y_path_drop"":""0"",""y_rx_power_drop_0p5db"":""0"",""y_rx_power_drop_1db"":""0"",""y_rx_power_drop_2db"":""0"",""y_delay_spread_increase"":""0"",""y_adaptation_trigger_1db"":""0"",""y_adaptation_trigger_2db"":""0""},{""frame_id"":""160"",""source_sample_index"":""41118"",""rx_id"":""rx_human_chest"",""delta_num_paths"":""0"",""delta_delay_spread"":""0.0"",""delta_rx_power_db"":""-2.754982233454939e-07"",""y_path_change"":""0"",""y_path_drop"":""0"",""y_rx_power_drop_0p5db"":""0"",""y_rx_power_drop_1db"":""0"",""y_rx_power_drop_2db"":""0"",""y_delay_spread_increase"":""0"",""y_adaptation_trigger_1db"":""0"",""y_adaptation_trigger_2db"":""0""},{""frame_id"":""160"",""source_sample_index"":""41118"",""rx_id"":""rx_nao_chest"",""delta_num_paths"":""0"",""delta_delay_spread"":""0.0"",""delta_rx_power_db"":""0.0"",""y_path_change"":""0"",""y_path_drop"":""0"",""y_rx_power_drop_0p5db"":""0"",""y_rx_power_drop_1db"":""0"",""y_rx_power_drop_2db"":""0"",""y_delay_spread_increase"":""0"",""y_adaptation_trigger_1db"":""0"",""y_adaptation_trigger_2db"":""0""},{""frame_id"":""160"",""source_sample_index"":""41118"",""rx_id"":""rx_panda_base"",""delta_num_paths"":""5"",""delta_delay_spread"":""0.0"",""delta_rx_power_db"":""0.001438532225293443"",""y_path_change"":""1"",""y_path_drop"":""0"",""y_rx_power_drop_0p5db"":""0"",""y_rx_power_drop_1db"":""0"",""y_rx_power_drop_2db"":""0"",""y_delay_spread_increase"":""0"",""y_adaptation_trigger_1db"":""0"",""y_adaptation_trigger_2db"":""0""},{""frame_id"":""160"",""source_sample_index"":""41118"",""rx_id"":""rx_ur5_base"",""delta_num_paths"":""0"",""delta_delay_spread"":""0.0"",""delta_rx_power_db"":""0.0"",""y_path_change"":""0"",""y_path_drop"":""0"",""y_rx_power_drop_0p5db"":""0"",""y_rx_power_drop_1db"":""0"",""y_rx_power_drop_2db"":""0"",""y_delay_spread_increase"":""0"",""y_adaptation_trigger_1db"":""0"",""y_adaptation_trigger_2db"":""0""},{""frame_id"":""160"",""source_sample_index"":""41118"",""rx_id"":""rx_x500_body"",""delta_num_paths"":""0"",""delta_delay_spread"":""0.0"",""delta_rx_power_db"":""-4.575165917231061e-07"",""y_path_change"":""0"",""y_path_drop"":""0"",""y_rx_power_drop_0p5db"":""0"",""y_rx_power_drop_1db"":""0"",""y_rx_power_drop_2db"":""0"",""y_delay_spread_increase"":""0"",""y_adaptation_trigger_1db"":""0"",""y_adaptation_trigger_2db"":""0""}]",frame_id,rt_out/experiments/perception_rt_small_v0/frames/instance_registry.json,rt_out/experiments/perception_rt_small_v0/configs/semantic_label_map.json,error,missing required panoptic file: panoptic_labels_rgb_path; missing required panoptic file: semantic_decoded_path; missing required panoptic file: gazebo_instance_count_path; missing optional panoptic file: colored_map_path; missing optional panoptic file: metadata_path
0.1,perception_rt_small_v0,rt_out/experiments/semantic_ablation_actor_200f,16,16,160,160,41118,cam_corner_ne,640,480,1.047,0.1,20.0,4.38989,4.38902,2.76265,-0.018875,0.447306,-2.356294,,,,,,false,false,false,false,false,,false,missing,,,,,,,,6,"rx_panda_base,rx_ur5_base,rx_cerberus_base,rx_nao_chest,rx_human_chest,rx_x500_body",frame_id,"[{""frame_id"":""160"",""source_sample_index"":""41118"",""rx_id"":""rx_panda_base"",""num_paths"":""29"",""tau_min"":""5.357098764591228e-09"",""tau_max"":""6.284866316264015e-08"",""delay_spread"":""5.749156439804892e-08"",""path_gain_sum"":""2.8423474418559636e-07"",""path_gain_db"":""-65.46322836029202"",""rx_power_dbm"":""-35.46322836029202"",""sanity_ok"":""True"",""xml_path"":""rt_out/experiments/semantic_ablation_actor_200f/sionna_xml/frame_160_sionna.xml""},{""frame_id"":""160"",""source_sample_index"":""41118"",""rx_id"":""rx_ur5_base"",""num_paths"":""18"",""tau_min"":""5.708055805797585e-09"",""tau_max"":""5.930293767164585e-08"",""delay_spread"":""5.3594881865848265e-08"",""path_gain_sum"":""6.881128342683951e-07"",""path_gain_db"":""-61.62340341877539"",""rx_power_dbm"":""-31.62340341877539"",""sanity_ok"":""True"",""xml_path"":""rt_out/experiments/semantic_ablation_actor_200f/sionna_xml/frame_160_sionna.xml""},{""frame_id"":""160"",""source_sample_index"":""41118"",""rx_id"":""rx_cerberus_base"",""num_paths"":""18"",""tau_min"":""1.574846919538686e-08"",""tau_max"":""5.723669715962387e-08"",""delay_spread"":""4.148822796423701e-08"",""path_gain_sum"":""3.621421740263031e-08"",""path_gain_db"":""-74.4112089556313"",""rx_power_dbm"":""-44.411208955631295"",""sanity_ok"":""True"",""xml_path"":""rt_out/experiments/semantic_ablation_actor_200f/sionna_xml/frame_160_sionna.xml""},{""frame_id"":""160"",""source_sample_index"":""41118"",""rx_id"":""rx_nao_chest"",""num_paths"":""24"",""tau_min"":""1.0787783999433032e-08"",""tau_max"":""6.209720737615498e-08"",""delay_spread"":""5.130942337672195e-08"",""path_gain_sum"":""7.249248312746204e-08"",""path_gain_db"":""-71.39707023849851"",""rx_power_dbm"":""-41.397070238498515"",""sanity_ok"":""True"",""xml_path"":""rt_out/experiments/semantic_ablation_actor_200f/sionna_xml/frame_160_sionna.xml""},{""frame_id"":""160"",""source_sample_index"":""41118"",""rx_id"":""rx_human_chest"",""num_paths"":""21"",""tau_min"":""6.163341392806387e-09"",""tau_max"":""6.431429255826515e-08"",""delay_spread"":""5.8150951165458764e-08"",""path_gain_sum"":""2.2401944477223878e-07"",""path_gain_db"":""-66.49714283492739"",""rx_power_dbm"":""-36.49714283492739"",""sanity_ok"":""True"",""xml_path"":""rt_out/experiments/semantic_ablation_actor_200f/sionna_xml/frame_160_sionna.xml""},{""frame_id"":""160"",""source_sample_index"":""41118"",""rx_id"":""rx_x500_body"",""num_paths"":""23"",""tau_min"":""1.7234324189985273e-08"",""tau_max"":""7.465505547088469e-08"",""delay_spread"":""5.742073128089942e-08"",""path_gain_sum"":""3.372388945876992e-08"",""path_gain_db"":""-74.72062342912375"",""rx_power_dbm"":""-44.72062342912375"",""sanity_ok"":""True"",""xml_path"":""rt_out/experiments/semantic_ablation_actor_200f/sionna_xml/frame_160_sionna.xml""}]",6,"[{""frame_id"":""160"",""source_sample_index"":""41118"",""rx_id"":""rx_cerberus_base"",""delta_num_paths"":""0"",""delta_delay_spread"":""0.0"",""delta_rx_power_db"":""4.2605478256518836e-07"",""y_path_change"":""0"",""y_path_drop"":""0"",""y_rx_power_drop_0p5db"":""0"",""y_rx_power_drop_1db"":""0"",""y_rx_power_drop_2db"":""0"",""y_delay_spread_increase"":""0"",""y_adaptation_trigger_1db"":""0"",""y_adaptation_trigger_2db"":""0""},{""frame_id"":""160"",""source_sample_index"":""41118"",""rx_id"":""rx_human_chest"",""delta_num_paths"":""0"",""delta_delay_spread"":""0.0"",""delta_rx_power_db"":""-2.754982233454939e-07"",""y_path_change"":""0"",""y_path_drop"":""0"",""y_rx_power_drop_0p5db"":""0"",""y_rx_power_drop_1db"":""0"",""y_rx_power_drop_2db"":""0"",""y_delay_spread_increase"":""0"",""y_adaptation_trigger_1db"":""0"",""y_adaptation_trigger_2db"":""0""},{""frame_id"":""160"",""source_sample_index"":""41118"",""rx_id"":""rx_nao_chest"",""delta_num_paths"":""0"",""delta_delay_spread"":""0.0"",""delta_rx_power_db"":""0.0"",""y_path_change"":""0"",""y_path_drop"":""0"",""y_rx_power_drop_0p5db"":""0"",""y_rx_power_drop_1db"":""0"",""y_rx_power_drop_2db"":""0"",""y_delay_spread_increase"":""0"",""y_adaptation_trigger_1db"":""0"",""y_adaptation_trigger_2db"":""0""},{""frame_id"":""160"",""source_sample_index"":""41118"",""rx_id"":""rx_panda_base"",""delta_num_paths"":""5"",""delta_delay_spread"":""0.0"",""delta_rx_power_db"":""0.001438532225293443"",""y_path_change"":""1"",""y_path_drop"":""0"",""y_rx_power_drop_0p5db"":""0"",""y_rx_power_drop_1db"":""0"",""y_rx_power_drop_2db"":""0"",""y_delay_spread_increase"":""0"",""y_adaptation_trigger_1db"":""0"",""y_adaptation_trigger_2db"":""0""},{""frame_id"":""160"",""source_sample_index"":""41118"",""rx_id"":""rx_ur5_base"",""delta_num_paths"":""0"",""delta_delay_spread"":""0.0"",""delta_rx_power_db"":""0.0"",""y_path_change"":""0"",""y_path_drop"":""0"",""y_rx_power_drop_0p5db"":""0"",""y_rx_power_drop_1db"":""0"",""y_rx_power_drop_2db"":""0"",""y_delay_spread_increase"":""0"",""y_adaptation_trigger_1db"":""0"",""y_adaptation_trigger_2db"":""0""},{""frame_id"":""160"",""source_sample_index"":""41118"",""rx_id"":""rx_x500_body"",""delta_num_paths"":""0"",""delta_delay_spread"":""0.0"",""delta_rx_power_db"":""-4.575165917231061e-07"",""y_path_change"":""0"",""y_path_drop"":""0"",""y_rx_power_drop_0p5db"":""0"",""y_rx_power_drop_1db"":""0"",""y_rx_power_drop_2db"":""0"",""y_delay_spread_increase"":""0"",""y_adaptation_trigger_1db"":""0"",""y_adaptation_trigger_2db"":""0""}]",frame_id,rt_out/experiments/perception_rt_small_v0/frames/instance_registry.json,rt_out/experiments/perception_rt_small_v0/configs/semantic_label_map.json,error,missing required panoptic file: panoptic_labels_rgb_path; missing required panoptic file: semantic_decoded_path; missing required panoptic file: gazebo_instance_count_path; missing optional panoptic file: colored_map_path; missing optional panoptic file: metadata_path
0.1,perception_rt_small_v0,rt_out/experiments/semantic_ablation_actor_200f,16,16,160,160,41118,cam_corner_sw,640,480,1.047,0.1,20.0,-4.2766,-4.27322,2.72007,-0.014193,0.518246,0.774445,,,,,,false,false,false,false,false,,false,missing,,,,,,,,6,"rx_panda_base,rx_ur5_base,rx_cerberus_base,rx_nao_chest,rx_human_chest,rx_x500_body",frame_id,"[{""frame_id"":""160"",""source_sample_index"":""41118"",""rx_id"":""rx_panda_base"",""num_paths"":""29"",""tau_min"":""5.357098764591228e-09"",""tau_max"":""6.284866316264015e-08"",""delay_spread"":""5.749156439804892e-08"",""path_gain_sum"":""2.8423474418559636e-07"",""path_gain_db"":""-65.46322836029202"",""rx_power_dbm"":""-35.46322836029202"",""sanity_ok"":""True"",""xml_path"":""rt_out/experiments/semantic_ablation_actor_200f/sionna_xml/frame_160_sionna.xml""},{""frame_id"":""160"",""source_sample_index"":""41118"",""rx_id"":""rx_ur5_base"",""num_paths"":""18"",""tau_min"":""5.708055805797585e-09"",""tau_max"":""5.930293767164585e-08"",""delay_spread"":""5.3594881865848265e-08"",""path_gain_sum"":""6.881128342683951e-07"",""path_gain_db"":""-61.62340341877539"",""rx_power_dbm"":""-31.62340341877539"",""sanity_ok"":""True"",""xml_path"":""rt_out/experiments/semantic_ablation_actor_200f/sionna_xml/frame_160_sionna.xml""},{""frame_id"":""160"",""source_sample_index"":""41118"",""rx_id"":""rx_cerberus_base"",""num_paths"":""18"",""tau_min"":""1.574846919538686e-08"",""tau_max"":""5.723669715962387e-08"",""delay_spread"":""4.148822796423701e-08"",""path_gain_sum"":""3.621421740263031e-08"",""path_gain_db"":""-74.4112089556313"",""rx_power_dbm"":""-44.411208955631295"",""sanity_ok"":""True"",""xml_path"":""rt_out/experiments/semantic_ablation_actor_200f/sionna_xml/frame_160_sionna.xml""},{""frame_id"":""160"",""source_sample_index"":""41118"",""rx_id"":""rx_nao_chest"",""num_paths"":""24"",""tau_min"":""1.0787783999433032e-08"",""tau_max"":""6.209720737615498e-08"",""delay_spread"":""5.130942337672195e-08"",""path_gain_sum"":""7.249248312746204e-08"",""path_gain_db"":""-71.39707023849851"",""rx_power_dbm"":""-41.397070238498515"",""sanity_ok"":""True"",""xml_path"":""rt_out/experiments/semantic_ablation_actor_200f/sionna_xml/frame_160_sionna.xml""},{""frame_id"":""160"",""source_sample_index"":""41118"",""rx_id"":""rx_human_chest"",""num_paths"":""21"",""tau_min"":""6.163341392806387e-09"",""tau_max"":""6.431429255826515e-08"",""delay_spread"":""5.8150951165458764e-08"",""path_gain_sum"":""2.2401944477223878e-07"",""path_gain_db"":""-66.49714283492739"",""rx_power_dbm"":""-36.49714283492739"",""sanity_ok"":""True"",""xml_path"":""rt_out/experiments/semantic_ablation_actor_200f/sionna_xml/frame_160_sionna.xml""},{""frame_id"":""160"",""source_sample_index"":""41118"",""rx_id"":""rx_x500_body"",""num_paths"":""23"",""tau_min"":""1.7234324189985273e-08"",""tau_max"":""7.465505547088469e-08"",""delay_spread"":""5.742073128089942e-08"",""path_gain_sum"":""3.372388945876992e-08"",""path_gain_db"":""-74.72062342912375"",""rx_power_dbm"":""-44.72062342912375"",""sanity_ok"":""True"",""xml_path"":""rt_out/experiments/semantic_ablation_actor_200f/sionna_xml/frame_160_sionna.xml""}]",6,"[{""frame_id"":""160"",""source_sample_index"":""41118"",""rx_id"":""rx_cerberus_base"",""delta_num_paths"":""0"",""delta_delay_spread"":""0.0"",""delta_rx_power_db"":""4.2605478256518836e-07"",""y_path_change"":""0"",""y_path_drop"":""0"",""y_rx_power_drop_0p5db"":""0"",""y_rx_power_drop_1db"":""0"",""y_rx_power_drop_2db"":""0"",""y_delay_spread_increase"":""0"",""y_adaptation_trigger_1db"":""0"",""y_adaptation_trigger_2db"":""0""},{""frame_id"":""160"",""source_sample_index"":""41118"",""rx_id"":""rx_human_chest"",""delta_num_paths"":""0"",""delta_delay_spread"":""0.0"",""delta_rx_power_db"":""-2.754982233454939e-07"",""y_path_change"":""0"",""y_path_drop"":""0"",""y_rx_power_drop_0p5db"":""0"",""y_rx_power_drop_1db"":""0"",""y_rx_power_drop_2db"":""0"",""y_delay_spread_increase"":""0"",""y_adaptation_trigger_1db"":""0"",""y_adaptation_trigger_2db"":""0""},{""frame_id"":""160"",""source_sample_index"":""41118"",""rx_id"":""rx_nao_chest"",""delta_num_paths"":""0"",""delta_delay_spread"":""0.0"",""delta_rx_power_db"":""0.0"",""y_path_change"":""0"",""y_path_drop"":""0"",""y_rx_power_drop_0p5db"":""0"",""y_rx_power_drop_1db"":""0"",""y_rx_power_drop_2db"":""0"",""y_delay_spread_increase"":""0"",""y_adaptation_trigger_1db"":""0"",""y_adaptation_trigger_2db"":""0""},{""frame_id"":""160"",""source_sample_index"":""41118"",""rx_id"":""rx_panda_base"",""delta_num_paths"":""5"",""delta_delay_spread"":""0.0"",""delta_rx_power_db"":""0.001438532225293443"",""y_path_change"":""1"",""y_path_drop"":""0"",""y_rx_power_drop_0p5db"":""0"",""y_rx_power_drop_1db"":""0"",""y_rx_power_drop_2db"":""0"",""y_delay_spread_increase"":""0"",""y_adaptation_trigger_1db"":""0"",""y_adaptation_trigger_2db"":""0""},{""frame_id"":""160"",""source_sample_index"":""41118"",""rx_id"":""rx_ur5_base"",""delta_num_paths"":""0"",""delta_delay_spread"":""0.0"",""delta_rx_power_db"":""0.0"",""y_path_change"":""0"",""y_path_drop"":""0"",""y_rx_power_drop_0p5db"":""0"",""y_rx_power_drop_1db"":""0"",""y_rx_power_drop_2db"":""0"",""y_delay_spread_increase"":""0"",""y_adaptation_trigger_1db"":""0"",""y_adaptation_trigger_2db"":""0""},{""frame_id"":""160"",""source_sample_index"":""41118"",""rx_id"":""rx_x500_body"",""delta_num_paths"":""0"",""delta_delay_spread"":""0.0"",""delta_rx_power_db"":""-4.575165917231061e-07"",""y_path_change"":""0"",""y_path_drop"":""0"",""y_rx_power_drop_0p5db"":""0"",""y_rx_power_drop_1db"":""0"",""y_rx_power_drop_2db"":""0"",""y_delay_spread_increase"":""0"",""y_adaptation_trigger_1db"":""0"",""y_adaptation_trigger_2db"":""0""}]",frame_id,rt_out/experiments/perception_rt_small_v0/frames/instance_registry.json,rt_out/experiments/perception_rt_small_v0/configs/semantic_label_map.json,error,missing required panoptic file: panoptic_labels_rgb_path; missing required panoptic file: semantic_decoded_path; missing required panoptic file: gazebo_instance_count_path; missing optional panoptic file: colored_map_path; missing optional panoptic file: metadata_path
0.1,perception_rt_small_v0,rt_out/experiments/semantic_ablation_actor_200f,16,16,160,160,41118,cam_corner_se,640,480,1.047,0.1,20.0,4.44776,-4.40805,2.80523,-0.023556,0.376367,2.408296,,,,,,false,false,false,false,false,,false,missing,,,,,,,,6,"rx_panda_base,rx_ur5_base,rx_cerberus_base,rx_nao_chest,rx_human_chest,rx_x500_body",frame_id,"[{""frame_id"":""160"",""source_sample_index"":""41118"",""rx_id"":""rx_panda_base"",""num_paths"":""29"",""tau_min"":""5.357098764591228e-09"",""tau_max"":""6.284866316264015e-08"",""delay_spread"":""5.749156439804892e-08"",""path_gain_sum"":""2.8423474418559636e-07"",""path_gain_db"":""-65.46322836029202"",""rx_power_dbm"":""-35.46322836029202"",""sanity_ok"":""True"",""xml_path"":""rt_out/experiments/semantic_ablation_actor_200f/sionna_xml/frame_160_sionna.xml""},{""frame_id"":""160"",""source_sample_index"":""41118"",""rx_id"":""rx_ur5_base"",""num_paths"":""18"",""tau_min"":""5.708055805797585e-09"",""tau_max"":""5.930293767164585e-08"",""delay_spread"":""5.3594881865848265e-08"",""path_gain_sum"":""6.881128342683951e-07"",""path_gain_db"":""-61.62340341877539"",""rx_power_dbm"":""-31.62340341877539"",""sanity_ok"":""True"",""xml_path"":""rt_out/experiments/semantic_ablation_actor_200f/sionna_xml/frame_160_sionna.xml""},{""frame_id"":""160"",""source_sample_index"":""41118"",""rx_id"":""rx_cerberus_base"",""num_paths"":""18"",""tau_min"":""1.574846919538686e-08"",""tau_max"":""5.723669715962387e-08"",""delay_spread"":""4.148822796423701e-08"",""path_gain_sum"":""3.621421740263031e-08"",""path_gain_db"":""-74.4112089556313"",""rx_power_dbm"":""-44.411208955631295"",""sanity_ok"":""True"",""xml_path"":""rt_out/experiments/semantic_ablation_actor_200f/sionna_xml/frame_160_sionna.xml""},{""frame_id"":""160"",""source_sample_index"":""41118"",""rx_id"":""rx_nao_chest"",""num_paths"":""24"",""tau_min"":""1.0787783999433032e-08"",""tau_max"":""6.209720737615498e-08"",""delay_spread"":""5.130942337672195e-08"",""path_gain_sum"":""7.249248312746204e-08"",""path_gain_db"":""-71.39707023849851"",""rx_power_dbm"":""-41.397070238498515"",""sanity_ok"":""True"",""xml_path"":""rt_out/experiments/semantic_ablation_actor_200f/sionna_xml/frame_160_sionna.xml""},{""frame_id"":""160"",""source_sample_index"":""41118"",""rx_id"":""rx_human_chest"",""num_paths"":""21"",""tau_min"":""6.163341392806387e-09"",""tau_max"":""6.431429255826515e-08"",""delay_spread"":""5.8150951165458764e-08"",""path_gain_sum"":""2.2401944477223878e-07"",""path_gain_db"":""-66.49714283492739"",""rx_power_dbm"":""-36.49714283492739"",""sanity_ok"":""True"",""xml_path"":""rt_out/experiments/semantic_ablation_actor_200f/sionna_xml/frame_160_sionna.xml""},{""frame_id"":""160"",""source_sample_index"":""41118"",""rx_id"":""rx_x500_body"",""num_paths"":""23"",""tau_min"":""1.7234324189985273e-08"",""tau_max"":""7.465505547088469e-08"",""delay_spread"":""5.742073128089942e-08"",""path_gain_sum"":""3.372388945876992e-08"",""path_gain_db"":""-74.72062342912375"",""rx_power_dbm"":""-44.72062342912375"",""sanity_ok"":""True"",""xml_path"":""rt_out/experiments/semantic_ablation_actor_200f/sionna_xml/frame_160_sionna.xml""}]",6,"[{""frame_id"":""160"",""source_sample_index"":""41118"",""rx_id"":""rx_cerberus_base"",""delta_num_paths"":""0"",""delta_delay_spread"":""0.0"",""delta_rx_power_db"":""4.2605478256518836e-07"",""y_path_change"":""0"",""y_path_drop"":""0"",""y_rx_power_drop_0p5db"":""0"",""y_rx_power_drop_1db"":""0"",""y_rx_power_drop_2db"":""0"",""y_delay_spread_increase"":""0"",""y_adaptation_trigger_1db"":""0"",""y_adaptation_trigger_2db"":""0""},{""frame_id"":""160"",""source_sample_index"":""41118"",""rx_id"":""rx_human_chest"",""delta_num_paths"":""0"",""delta_delay_spread"":""0.0"",""delta_rx_power_db"":""-2.754982233454939e-07"",""y_path_change"":""0"",""y_path_drop"":""0"",""y_rx_power_drop_0p5db"":""0"",""y_rx_power_drop_1db"":""0"",""y_rx_power_drop_2db"":""0"",""y_delay_spread_increase"":""0"",""y_adaptation_trigger_1db"":""0"",""y_adaptation_trigger_2db"":""0""},{""frame_id"":""160"",""source_sample_index"":""41118"",""rx_id"":""rx_nao_chest"",""delta_num_paths"":""0"",""delta_delay_spread"":""0.0"",""delta_rx_power_db"":""0.0"",""y_path_change"":""0"",""y_path_drop"":""0"",""y_rx_power_drop_0p5db"":""0"",""y_rx_power_drop_1db"":""0"",""y_rx_power_drop_2db"":""0"",""y_delay_spread_increase"":""0"",""y_adaptation_trigger_1db"":""0"",""y_adaptation_trigger_2db"":""0""},{""frame_id"":""160"",""source_sample_index"":""41118"",""rx_id"":""rx_panda_base"",""delta_num_paths"":""5"",""delta_delay_spread"":""0.0"",""delta_rx_power_db"":""0.001438532225293443"",""y_path_change"":""1"",""y_path_drop"":""0"",""y_rx_power_drop_0p5db"":""0"",""y_rx_power_drop_1db"":""0"",""y_rx_power_drop_2db"":""0"",""y_delay_spread_increase"":""0"",""y_adaptation_trigger_1db"":""0"",""y_adaptation_trigger_2db"":""0""},{""frame_id"":""160"",""source_sample_index"":""41118"",""rx_id"":""rx_ur5_base"",""delta_num_paths"":""0"",""delta_delay_spread"":""0.0"",""delta_rx_power_db"":""0.0"",""y_path_change"":""0"",""y_path_drop"":""0"",""y_rx_power_drop_0p5db"":""0"",""y_rx_power_drop_1db"":""0"",""y_rx_power_drop_2db"":""0"",""y_delay_spread_increase"":""0"",""y_adaptation_trigger_1db"":""0"",""y_adaptation_trigger_2db"":""0""},{""frame_id"":""160"",""source_sample_index"":""41118"",""rx_id"":""rx_x500_body"",""delta_num_paths"":""0"",""delta_delay_spread"":""0.0"",""delta_rx_power_db"":""-4.575165917231061e-07"",""y_path_change"":""0"",""y_path_drop"":""0"",""y_rx_power_drop_0p5db"":""0"",""y_rx_power_drop_1db"":""0"",""y_rx_power_drop_2db"":""0"",""y_delay_spread_increase"":""0"",""y_adaptation_trigger_1db"":""0"",""y_adaptation_trigger_2db"":""0""}]",frame_id,rt_out/experiments/perception_rt_small_v0/frames/instance_registry.json,rt_out/experiments/perception_rt_small_v0/configs/semantic_label_map.json,error,missing required panoptic file: panoptic_labels_rgb_path; missing required panoptic file: semantic_decoded_path; missing required panoptic file: gazebo_instance_count_path; missing optional panoptic file: colored_map_path; missing optional panoptic file: metadata_path
0.1,perception_rt_small_v0,rt_out/experiments/semantic_ablation_actor_200f,16,16,160,160,41118,cam_wall_north,640,480,1.047,0.1,20.0,0.221087,4.38902,2.71504,-0.0,0.562591,-1.5708,,,,,,false,false,false,false,false,,false,missing,,,,,,,,6,"rx_panda_base,rx_ur5_base,rx_cerberus_base,rx_nao_chest,rx_human_chest,rx_x500_body",frame_id,"[{""frame_id"":""160"",""source_sample_index"":""41118"",""rx_id"":""rx_panda_base"",""num_paths"":""29"",""tau_min"":""5.357098764591228e-09"",""tau_max"":""6.284866316264015e-08"",""delay_spread"":""5.749156439804892e-08"",""path_gain_sum"":""2.8423474418559636e-07"",""path_gain_db"":""-65.46322836029202"",""rx_power_dbm"":""-35.46322836029202"",""sanity_ok"":""True"",""xml_path"":""rt_out/experiments/semantic_ablation_actor_200f/sionna_xml/frame_160_sionna.xml""},{""frame_id"":""160"",""source_sample_index"":""41118"",""rx_id"":""rx_ur5_base"",""num_paths"":""18"",""tau_min"":""5.708055805797585e-09"",""tau_max"":""5.930293767164585e-08"",""delay_spread"":""5.3594881865848265e-08"",""path_gain_sum"":""6.881128342683951e-07"",""path_gain_db"":""-61.62340341877539"",""rx_power_dbm"":""-31.62340341877539"",""sanity_ok"":""True"",""xml_path"":""rt_out/experiments/semantic_ablation_actor_200f/sionna_xml/frame_160_sionna.xml""},{""frame_id"":""160"",""source_sample_index"":""41118"",""rx_id"":""rx_cerberus_base"",""num_paths"":""18"",""tau_min"":""1.574846919538686e-08"",""tau_max"":""5.723669715962387e-08"",""delay_spread"":""4.148822796423701e-08"",""path_gain_sum"":""3.621421740263031e-08"",""path_gain_db"":""-74.4112089556313"",""rx_power_dbm"":""-44.411208955631295"",""sanity_ok"":""True"",""xml_path"":""rt_out/experiments/semantic_ablation_actor_200f/sionna_xml/frame_160_sionna.xml""},{""frame_id"":""160"",""source_sample_index"":""41118"",""rx_id"":""rx_nao_chest"",""num_paths"":""24"",""tau_min"":""1.0787783999433032e-08"",""tau_max"":""6.209720737615498e-08"",""delay_spread"":""5.130942337672195e-08"",""path_gain_sum"":""7.249248312746204e-08"",""path_gain_db"":""-71.39707023849851"",""rx_power_dbm"":""-41.397070238498515"",""sanity_ok"":""True"",""xml_path"":""rt_out/experiments/semantic_ablation_actor_200f/sionna_xml/frame_160_sionna.xml""},{""frame_id"":""160"",""source_sample_index"":""41118"",""rx_id"":""rx_human_chest"",""num_paths"":""21"",""tau_min"":""6.163341392806387e-09"",""tau_max"":""6.431429255826515e-08"",""delay_spread"":""5.8150951165458764e-08"",""path_gain_sum"":""2.2401944477223878e-07"",""path_gain_db"":""-66.49714283492739"",""rx_power_dbm"":""-36.49714283492739"",""sanity_ok"":""True"",""xml_path"":""rt_out/experiments/semantic_ablation_actor_200f/sionna_xml/frame_160_sionna.xml""},{""frame_id"":""160"",""source_sample_index"":""41118"",""rx_id"":""rx_x500_body"",""num_paths"":""23"",""tau_min"":""1.7234324189985273e-08"",""tau_max"":""7.465505547088469e-08"",""delay_spread"":""5.742073128089942e-08"",""path_gain_sum"":""3.372388945876992e-08"",""path_gain_db"":""-74.72062342912375"",""rx_power_dbm"":""-44.72062342912375"",""sanity_ok"":""True"",""xml_path"":""rt_out/experiments/semantic_ablation_actor_200f/sionna_xml/frame_160_sionna.xml""}]",6,"[{""frame_id"":""160"",""source_sample_index"":""41118"",""rx_id"":""rx_cerberus_base"",""delta_num_paths"":""0"",""delta_delay_spread"":""0.0"",""delta_rx_power_db"":""4.2605478256518836e-07"",""y_path_change"":""0"",""y_path_drop"":""0"",""y_rx_power_drop_0p5db"":""0"",""y_rx_power_drop_1db"":""0"",""y_rx_power_drop_2db"":""0"",""y_delay_spread_increase"":""0"",""y_adaptation_trigger_1db"":""0"",""y_adaptation_trigger_2db"":""0""},{""frame_id"":""160"",""source_sample_index"":""41118"",""rx_id"":""rx_human_chest"",""delta_num_paths"":""0"",""delta_delay_spread"":""0.0"",""delta_rx_power_db"":""-2.754982233454939e-07"",""y_path_change"":""0"",""y_path_drop"":""0"",""y_rx_power_drop_0p5db"":""0"",""y_rx_power_drop_1db"":""0"",""y_rx_power_drop_2db"":""0"",""y_delay_spread_increase"":""0"",""y_adaptation_trigger_1db"":""0"",""y_adaptation_trigger_2db"":""0""},{""frame_id"":""160"",""source_sample_index"":""41118"",""rx_id"":""rx_nao_chest"",""delta_num_paths"":""0"",""delta_delay_spread"":""0.0"",""delta_rx_power_db"":""0.0"",""y_path_change"":""0"",""y_path_drop"":""0"",""y_rx_power_drop_0p5db"":""0"",""y_rx_power_drop_1db"":""0"",""y_rx_power_drop_2db"":""0"",""y_delay_spread_increase"":""0"",""y_adaptation_trigger_1db"":""0"",""y_adaptation_trigger_2db"":""0""},{""frame_id"":""160"",""source_sample_index"":""41118"",""rx_id"":""rx_panda_base"",""delta_num_paths"":""5"",""delta_delay_spread"":""0.0"",""delta_rx_power_db"":""0.001438532225293443"",""y_path_change"":""1"",""y_path_drop"":""0"",""y_rx_power_drop_0p5db"":""0"",""y_rx_power_drop_1db"":""0"",""y_rx_power_drop_2db"":""0"",""y_delay_spread_increase"":""0"",""y_adaptation_trigger_1db"":""0"",""y_adaptation_trigger_2db"":""0""},{""frame_id"":""160"",""source_sample_index"":""41118"",""rx_id"":""rx_ur5_base"",""delta_num_paths"":""0"",""delta_delay_spread"":""0.0"",""delta_rx_power_db"":""0.0"",""y_path_change"":""0"",""y_path_drop"":""0"",""y_rx_power_drop_0p5db"":""0"",""y_rx_power_drop_1db"":""0"",""y_rx_power_drop_2db"":""0"",""y_delay_spread_increase"":""0"",""y_adaptation_trigger_1db"":""0"",""y_adaptation_trigger_2db"":""0""},{""frame_id"":""160"",""source_sample_index"":""41118"",""rx_id"":""rx_x500_body"",""delta_num_paths"":""0"",""delta_delay_spread"":""0.0"",""delta_rx_power_db"":""-4.575165917231061e-07"",""y_path_change"":""0"",""y_path_drop"":""0"",""y_rx_power_drop_0p5db"":""0"",""y_rx_power_drop_1db"":""0"",""y_rx_power_drop_2db"":""0"",""y_delay_spread_increase"":""0"",""y_adaptation_trigger_1db"":""0"",""y_adaptation_trigger_2db"":""0""}]",frame_id,rt_out/experiments/perception_rt_small_v0/frames/instance_registry.json,rt_out/experiments/perception_rt_small_v0/configs/semantic_label_map.json,error,missing required panoptic file: panoptic_labels_rgb_path; missing required panoptic file: semantic_decoded_path; missing required panoptic file: gazebo_instance_count_path; missing optional panoptic file: colored_map_path; missing optional panoptic file: metadata_path
0.1,perception_rt_small_v0,rt_out/experiments/semantic_ablation_actor_200f,16,16,160,160,41118,cam_wall_south,640,480,1.047,0.1,20.0,0.221056,-4.22159,2.7964,0.000426,0.271157,1.577903,,,,,,false,false,false,false,false,,false,missing,,,,,,,,6,"rx_panda_base,rx_ur5_base,rx_cerberus_base,rx_nao_chest,rx_human_chest,rx_x500_body",frame_id,"[{""frame_id"":""160"",""source_sample_index"":""41118"",""rx_id"":""rx_panda_base"",""num_paths"":""29"",""tau_min"":""5.357098764591228e-09"",""tau_max"":""6.284866316264015e-08"",""delay_spread"":""5.749156439804892e-08"",""path_gain_sum"":""2.8423474418559636e-07"",""path_gain_db"":""-65.46322836029202"",""rx_power_dbm"":""-35.46322836029202"",""sanity_ok"":""True"",""xml_path"":""rt_out/experiments/semantic_ablation_actor_200f/sionna_xml/frame_160_sionna.xml""},{""frame_id"":""160"",""source_sample_index"":""41118"",""rx_id"":""rx_ur5_base"",""num_paths"":""18"",""tau_min"":""5.708055805797585e-09"",""tau_max"":""5.930293767164585e-08"",""delay_spread"":""5.3594881865848265e-08"",""path_gain_sum"":""6.881128342683951e-07"",""path_gain_db"":""-61.62340341877539"",""rx_power_dbm"":""-31.62340341877539"",""sanity_ok"":""True"",""xml_path"":""rt_out/experiments/semantic_ablation_actor_200f/sionna_xml/frame_160_sionna.xml""},{""frame_id"":""160"",""source_sample_index"":""41118"",""rx_id"":""rx_cerberus_base"",""num_paths"":""18"",""tau_min"":""1.574846919538686e-08"",""tau_max"":""5.723669715962387e-08"",""delay_spread"":""4.148822796423701e-08"",""path_gain_sum"":""3.621421740263031e-08"",""path_gain_db"":""-74.4112089556313"",""rx_power_dbm"":""-44.411208955631295"",""sanity_ok"":""True"",""xml_path"":""rt_out/experiments/semantic_ablation_actor_200f/sionna_xml/frame_160_sionna.xml""},{""frame_id"":""160"",""source_sample_index"":""41118"",""rx_id"":""rx_nao_chest"",""num_paths"":""24"",""tau_min"":""1.0787783999433032e-08"",""tau_max"":""6.209720737615498e-08"",""delay_spread"":""5.130942337672195e-08"",""path_gain_sum"":""7.249248312746204e-08"",""path_gain_db"":""-71.39707023849851"",""rx_power_dbm"":""-41.397070238498515"",""sanity_ok"":""True"",""xml_path"":""rt_out/experiments/semantic_ablation_actor_200f/sionna_xml/frame_160_sionna.xml""},{""frame_id"":""160"",""source_sample_index"":""41118"",""rx_id"":""rx_human_chest"",""num_paths"":""21"",""tau_min"":""6.163341392806387e-09"",""tau_max"":""6.431429255826515e-08"",""delay_spread"":""5.8150951165458764e-08"",""path_gain_sum"":""2.2401944477223878e-07"",""path_gain_db"":""-66.49714283492739"",""rx_power_dbm"":""-36.49714283492739"",""sanity_ok"":""True"",""xml_path"":""rt_out/experiments/semantic_ablation_actor_200f/sionna_xml/frame_160_sionna.xml""},{""frame_id"":""160"",""source_sample_index"":""41118"",""rx_id"":""rx_x500_body"",""num_paths"":""23"",""tau_min"":""1.7234324189985273e-08"",""tau_max"":""7.465505547088469e-08"",""delay_spread"":""5.742073128089942e-08"",""path_gain_sum"":""3.372388945876992e-08"",""path_gain_db"":""-74.72062342912375"",""rx_power_dbm"":""-44.72062342912375"",""sanity_ok"":""True"",""xml_path"":""rt_out/experiments/semantic_ablation_actor_200f/sionna_xml/frame_160_sionna.xml""}]",6,"[{""frame_id"":""160"",""source_sample_index"":""41118"",""rx_id"":""rx_cerberus_base"",""delta_num_paths"":""0"",""delta_delay_spread"":""0.0"",""delta_rx_power_db"":""4.2605478256518836e-07"",""y_path_change"":""0"",""y_path_drop"":""0"",""y_rx_power_drop_0p5db"":""0"",""y_rx_power_drop_1db"":""0"",""y_rx_power_drop_2db"":""0"",""y_delay_spread_increase"":""0"",""y_adaptation_trigger_1db"":""0"",""y_adaptation_trigger_2db"":""0""},{""frame_id"":""160"",""source_sample_index"":""41118"",""rx_id"":""rx_human_chest"",""delta_num_paths"":""0"",""delta_delay_spread"":""0.0"",""delta_rx_power_db"":""-2.754982233454939e-07"",""y_path_change"":""0"",""y_path_drop"":""0"",""y_rx_power_drop_0p5db"":""0"",""y_rx_power_drop_1db"":""0"",""y_rx_power_drop_2db"":""0"",""y_delay_spread_increase"":""0"",""y_adaptation_trigger_1db"":""0"",""y_adaptation_trigger_2db"":""0""},{""frame_id"":""160"",""source_sample_index"":""41118"",""rx_id"":""rx_nao_chest"",""delta_num_paths"":""0"",""delta_delay_spread"":""0.0"",""delta_rx_power_db"":""0.0"",""y_path_change"":""0"",""y_path_drop"":""0"",""y_rx_power_drop_0p5db"":""0"",""y_rx_power_drop_1db"":""0"",""y_rx_power_drop_2db"":""0"",""y_delay_spread_increase"":""0"",""y_adaptation_trigger_1db"":""0"",""y_adaptation_trigger_2db"":""0""},{""frame_id"":""160"",""source_sample_index"":""41118"",""rx_id"":""rx_panda_base"",""delta_num_paths"":""5"",""delta_delay_spread"":""0.0"",""delta_rx_power_db"":""0.001438532225293443"",""y_path_change"":""1"",""y_path_drop"":""0"",""y_rx_power_drop_0p5db"":""0"",""y_rx_power_drop_1db"":""0"",""y_rx_power_drop_2db"":""0"",""y_delay_spread_increase"":""0"",""y_adaptation_trigger_1db"":""0"",""y_adaptation_trigger_2db"":""0""},{""frame_id"":""160"",""source_sample_index"":""41118"",""rx_id"":""rx_ur5_base"",""delta_num_paths"":""0"",""delta_delay_spread"":""0.0"",""delta_rx_power_db"":""0.0"",""y_path_change"":""0"",""y_path_drop"":""0"",""y_rx_power_drop_0p5db"":""0"",""y_rx_power_drop_1db"":""0"",""y_rx_power_drop_2db"":""0"",""y_delay_spread_increase"":""0"",""y_adaptation_trigger_1db"":""0"",""y_adaptation_trigger_2db"":""0""},{""frame_id"":""160"",""source_sample_index"":""41118"",""rx_id"":""rx_x500_body"",""delta_num_paths"":""0"",""delta_delay_spread"":""0.0"",""delta_rx_power_db"":""-4.575165917231061e-07"",""y_path_change"":""0"",""y_path_drop"":""0"",""y_rx_power_drop_0p5db"":""0"",""y_rx_power_drop_1db"":""0"",""y_rx_power_drop_2db"":""0"",""y_delay_spread_increase"":""0"",""y_adaptation_trigger_1db"":""0"",""y_adaptation_trigger_2db"":""0""}]",frame_id,rt_out/experiments/perception_rt_small_v0/frames/instance_registry.json,rt_out/experiments/perception_rt_small_v0/configs/semantic_label_map.json,error,missing required panoptic file: panoptic_labels_rgb_path; missing required panoptic file: semantic_decoded_path; missing required panoptic file: gazebo_instance_count_path; missing optional panoptic file: colored_map_path; missing optional panoptic file: metadata_path
0.1,perception_rt_small_v0,rt_out/experiments/semantic_ablation_actor_200f,16,16,160,160,41118,cam_wall_east,640,480,1.047,0.1,20.0,4.38989,-0.157588,2.81304,-0.047579,0.393096,3.098594,,,,,,false,false,false,false,false,,false,missing,,,,,,,,6,"rx_panda_base,rx_ur5_base,rx_cerberus_base,rx_nao_chest,rx_human_chest,rx_x500_body",frame_id,"[{""frame_id"":""160"",""source_sample_index"":""41118"",""rx_id"":""rx_panda_base"",""num_paths"":""29"",""tau_min"":""5.357098764591228e-09"",""tau_max"":""6.284866316264015e-08"",""delay_spread"":""5.749156439804892e-08"",""path_gain_sum"":""2.8423474418559636e-07"",""path_gain_db"":""-65.46322836029202"",""rx_power_dbm"":""-35.46322836029202"",""sanity_ok"":""True"",""xml_path"":""rt_out/experiments/semantic_ablation_actor_200f/sionna_xml/frame_160_sionna.xml""},{""frame_id"":""160"",""source_sample_index"":""41118"",""rx_id"":""rx_ur5_base"",""num_paths"":""18"",""tau_min"":""5.708055805797585e-09"",""tau_max"":""5.930293767164585e-08"",""delay_spread"":""5.3594881865848265e-08"",""path_gain_sum"":""6.881128342683951e-07"",""path_gain_db"":""-61.62340341877539"",""rx_power_dbm"":""-31.62340341877539"",""sanity_ok"":""True"",""xml_path"":""rt_out/experiments/semantic_ablation_actor_200f/sionna_xml/frame_160_sionna.xml""},{""frame_id"":""160"",""source_sample_index"":""41118"",""rx_id"":""rx_cerberus_base"",""num_paths"":""18"",""tau_min"":""1.574846919538686e-08"",""tau_max"":""5.723669715962387e-08"",""delay_spread"":""4.148822796423701e-08"",""path_gain_sum"":""3.621421740263031e-08"",""path_gain_db"":""-74.4112089556313"",""rx_power_dbm"":""-44.411208955631295"",""sanity_ok"":""True"",""xml_path"":""rt_out/experiments/semantic_ablation_actor_200f/sionna_xml/frame_160_sionna.xml""},{""frame_id"":""160"",""source_sample_index"":""41118"",""rx_id"":""rx_nao_chest"",""num_paths"":""24"",""tau_min"":""1.0787783999433032e-08"",""tau_max"":""6.209720737615498e-08"",""delay_spread"":""5.130942337672195e-08"",""path_gain_sum"":""7.249248312746204e-08"",""path_gain_db"":""-71.39707023849851"",""rx_power_dbm"":""-41.397070238498515"",""sanity_ok"":""True"",""xml_path"":""rt_out/experiments/semantic_ablation_actor_200f/sionna_xml/frame_160_sionna.xml""},{""frame_id"":""160"",""source_sample_index"":""41118"",""rx_id"":""rx_human_chest"",""num_paths"":""21"",""tau_min"":""6.163341392806387e-09"",""tau_max"":""6.431429255826515e-08"",""delay_spread"":""5.8150951165458764e-08"",""path_gain_sum"":""2.2401944477223878e-07"",""path_gain_db"":""-66.49714283492739"",""rx_power_dbm"":""-36.49714283492739"",""sanity_ok"":""True"",""xml_path"":""rt_out/experiments/semantic_ablation_actor_200f/sionna_xml/frame_160_sionna.xml""},{""frame_id"":""160"",""source_sample_index"":""41118"",""rx_id"":""rx_x500_body"",""num_paths"":""23"",""tau_min"":""1.7234324189985273e-08"",""tau_max"":""7.465505547088469e-08"",""delay_spread"":""5.742073128089942e-08"",""path_gain_sum"":""3.372388945876992e-08"",""path_gain_db"":""-74.72062342912375"",""rx_power_dbm"":""-44.72062342912375"",""sanity_ok"":""True"",""xml_path"":""rt_out/experiments/semantic_ablation_actor_200f/sionna_xml/frame_160_sionna.xml""}]",6,"[{""frame_id"":""160"",""source_sample_index"":""41118"",""rx_id"":""rx_cerberus_base"",""delta_num_paths"":""0"",""delta_delay_spread"":""0.0"",""delta_rx_power_db"":""4.2605478256518836e-07"",""y_path_change"":""0"",""y_path_drop"":""0"",""y_rx_power_drop_0p5db"":""0"",""y_rx_power_drop_1db"":""0"",""y_rx_power_drop_2db"":""0"",""y_delay_spread_increase"":""0"",""y_adaptation_trigger_1db"":""0"",""y_adaptation_trigger_2db"":""0""},{""frame_id"":""160"",""source_sample_index"":""41118"",""rx_id"":""rx_human_chest"",""delta_num_paths"":""0"",""delta_delay_spread"":""0.0"",""delta_rx_power_db"":""-2.754982233454939e-07"",""y_path_change"":""0"",""y_path_drop"":""0"",""y_rx_power_drop_0p5db"":""0"",""y_rx_power_drop_1db"":""0"",""y_rx_power_drop_2db"":""0"",""y_delay_spread_increase"":""0"",""y_adaptation_trigger_1db"":""0"",""y_adaptation_trigger_2db"":""0""},{""frame_id"":""160"",""source_sample_index"":""41118"",""rx_id"":""rx_nao_chest"",""delta_num_paths"":""0"",""delta_delay_spread"":""0.0"",""delta_rx_power_db"":""0.0"",""y_path_change"":""0"",""y_path_drop"":""0"",""y_rx_power_drop_0p5db"":""0"",""y_rx_power_drop_1db"":""0"",""y_rx_power_drop_2db"":""0"",""y_delay_spread_increase"":""0"",""y_adaptation_trigger_1db"":""0"",""y_adaptation_trigger_2db"":""0""},{""frame_id"":""160"",""source_sample_index"":""41118"",""rx_id"":""rx_panda_base"",""delta_num_paths"":""5"",""delta_delay_spread"":""0.0"",""delta_rx_power_db"":""0.001438532225293443"",""y_path_change"":""1"",""y_path_drop"":""0"",""y_rx_power_drop_0p5db"":""0"",""y_rx_power_drop_1db"":""0"",""y_rx_power_drop_2db"":""0"",""y_delay_spread_increase"":""0"",""y_adaptation_trigger_1db"":""0"",""y_adaptation_trigger_2db"":""0""},{""frame_id"":""160"",""source_sample_index"":""41118"",""rx_id"":""rx_ur5_base"",""delta_num_paths"":""0"",""delta_delay_spread"":""0.0"",""delta_rx_power_db"":""0.0"",""y_path_change"":""0"",""y_path_drop"":""0"",""y_rx_power_drop_0p5db"":""0"",""y_rx_power_drop_1db"":""0"",""y_rx_power_drop_2db"":""0"",""y_delay_spread_increase"":""0"",""y_adaptation_trigger_1db"":""0"",""y_adaptation_trigger_2db"":""0""},{""frame_id"":""160"",""source_sample_index"":""41118"",""rx_id"":""rx_x500_body"",""delta_num_paths"":""0"",""delta_delay_spread"":""0.0"",""delta_rx_power_db"":""-4.575165917231061e-07"",""y_path_change"":""0"",""y_path_drop"":""0"",""y_rx_power_drop_0p5db"":""0"",""y_rx_power_drop_1db"":""0"",""y_rx_power_drop_2db"":""0"",""y_delay_spread_increase"":""0"",""y_adaptation_trigger_1db"":""0"",""y_adaptation_trigger_2db"":""0""}]",frame_id,rt_out/experiments/perception_rt_small_v0/frames/instance_registry.json,rt_out/experiments/perception_rt_small_v0/configs/semantic_label_map.json,error,missing required panoptic file: panoptic_labels_rgb_path; missing required panoptic file: semantic_decoded_path; missing required panoptic file: gazebo_instance_count_path; missing optional panoptic file: colored_map_path; missing optional panoptic file: metadata_path
0.1,perception_rt_small_v0,rt_out/experiments/semantic_ablation_actor_200f,16,16,160,160,41118,cam_wall_west,640,480,1.047,0.1,20.0,-4.368888,-0.03657,2.817008,0.035211,0.406352,0.030119,,,,,,false,false,false,false,false,,false,missing,,,,,,,,6,"rx_panda_base,rx_ur5_base,rx_cerberus_base,rx_nao_chest,rx_human_chest,rx_x500_body",frame_id,"[{""frame_id"":""160"",""source_sample_index"":""41118"",""rx_id"":""rx_panda_base"",""num_paths"":""29"",""tau_min"":""5.357098764591228e-09"",""tau_max"":""6.284866316264015e-08"",""delay_spread"":""5.749156439804892e-08"",""path_gain_sum"":""2.8423474418559636e-07"",""path_gain_db"":""-65.46322836029202"",""rx_power_dbm"":""-35.46322836029202"",""sanity_ok"":""True"",""xml_path"":""rt_out/experiments/semantic_ablation_actor_200f/sionna_xml/frame_160_sionna.xml""},{""frame_id"":""160"",""source_sample_index"":""41118"",""rx_id"":""rx_ur5_base"",""num_paths"":""18"",""tau_min"":""5.708055805797585e-09"",""tau_max"":""5.930293767164585e-08"",""delay_spread"":""5.3594881865848265e-08"",""path_gain_sum"":""6.881128342683951e-07"",""path_gain_db"":""-61.62340341877539"",""rx_power_dbm"":""-31.62340341877539"",""sanity_ok"":""True"",""xml_path"":""rt_out/experiments/semantic_ablation_actor_200f/sionna_xml/frame_160_sionna.xml""},{""frame_id"":""160"",""source_sample_index"":""41118"",""rx_id"":""rx_cerberus_base"",""num_paths"":""18"",""tau_min"":""1.574846919538686e-08"",""tau_max"":""5.723669715962387e-08"",""delay_spread"":""4.148822796423701e-08"",""path_gain_sum"":""3.621421740263031e-08"",""path_gain_db"":""-74.4112089556313"",""rx_power_dbm"":""-44.411208955631295"",""sanity_ok"":""True"",""xml_path"":""rt_out/experiments/semantic_ablation_actor_200f/sionna_xml/frame_160_sionna.xml""},{""frame_id"":""160"",""source_sample_index"":""41118"",""rx_id"":""rx_nao_chest"",""num_paths"":""24"",""tau_min"":""1.0787783999433032e-08"",""tau_max"":""6.209720737615498e-08"",""delay_spread"":""5.130942337672195e-08"",""path_gain_sum"":""7.249248312746204e-08"",""path_gain_db"":""-71.39707023849851"",""rx_power_dbm"":""-41.397070238498515"",""sanity_ok"":""True"",""xml_path"":""rt_out/experiments/semantic_ablation_actor_200f/sionna_xml/frame_160_sionna.xml""},{""frame_id"":""160"",""source_sample_index"":""41118"",""rx_id"":""rx_human_chest"",""num_paths"":""21"",""tau_min"":""6.163341392806387e-09"",""tau_max"":""6.431429255826515e-08"",""delay_spread"":""5.8150951165458764e-08"",""path_gain_sum"":""2.2401944477223878e-07"",""path_gain_db"":""-66.49714283492739"",""rx_power_dbm"":""-36.49714283492739"",""sanity_ok"":""True"",""xml_path"":""rt_out/experiments/semantic_ablation_actor_200f/sionna_xml/frame_160_sionna.xml""},{""frame_id"":""160"",""source_sample_index"":""41118"",""rx_id"":""rx_x500_body"",""num_paths"":""23"",""tau_min"":""1.7234324189985273e-08"",""tau_max"":""7.465505547088469e-08"",""delay_spread"":""5.742073128089942e-08"",""path_gain_sum"":""3.372388945876992e-08"",""path_gain_db"":""-74.72062342912375"",""rx_power_dbm"":""-44.72062342912375"",""sanity_ok"":""True"",""xml_path"":""rt_out/experiments/semantic_ablation_actor_200f/sionna_xml/frame_160_sionna.xml""}]",6,"[{""frame_id"":""160"",""source_sample_index"":""41118"",""rx_id"":""rx_cerberus_base"",""delta_num_paths"":""0"",""delta_delay_spread"":""0.0"",""delta_rx_power_db"":""4.2605478256518836e-07"",""y_path_change"":""0"",""y_path_drop"":""0"",""y_rx_power_drop_0p5db"":""0"",""y_rx_power_drop_1db"":""0"",""y_rx_power_drop_2db"":""0"",""y_delay_spread_increase"":""0"",""y_adaptation_trigger_1db"":""0"",""y_adaptation_trigger_2db"":""0""},{""frame_id"":""160"",""source_sample_index"":""41118"",""rx_id"":""rx_human_chest"",""delta_num_paths"":""0"",""delta_delay_spread"":""0.0"",""delta_rx_power_db"":""-2.754982233454939e-07"",""y_path_change"":""0"",""y_path_drop"":""0"",""y_rx_power_drop_0p5db"":""0"",""y_rx_power_drop_1db"":""0"",""y_rx_power_drop_2db"":""0"",""y_delay_spread_increase"":""0"",""y_adaptation_trigger_1db"":""0"",""y_adaptation_trigger_2db"":""0""},{""frame_id"":""160"",""source_sample_index"":""41118"",""rx_id"":""rx_nao_chest"",""delta_num_paths"":""0"",""delta_delay_spread"":""0.0"",""delta_rx_power_db"":""0.0"",""y_path_change"":""0"",""y_path_drop"":""0"",""y_rx_power_drop_0p5db"":""0"",""y_rx_power_drop_1db"":""0"",""y_rx_power_drop_2db"":""0"",""y_delay_spread_increase"":""0"",""y_adaptation_trigger_1db"":""0"",""y_adaptation_trigger_2db"":""0""},{""frame_id"":""160"",""source_sample_index"":""41118"",""rx_id"":""rx_panda_base"",""delta_num_paths"":""5"",""delta_delay_spread"":""0.0"",""delta_rx_power_db"":""0.001438532225293443"",""y_path_change"":""1"",""y_path_drop"":""0"",""y_rx_power_drop_0p5db"":""0"",""y_rx_power_drop_1db"":""0"",""y_rx_power_drop_2db"":""0"",""y_delay_spread_increase"":""0"",""y_adaptation_trigger_1db"":""0"",""y_adaptation_trigger_2db"":""0""},{""frame_id"":""160"",""source_sample_index"":""41118"",""rx_id"":""rx_ur5_base"",""delta_num_paths"":""0"",""delta_delay_spread"":""0.0"",""delta_rx_power_db"":""0.0"",""y_path_change"":""0"",""y_path_drop"":""0"",""y_rx_power_drop_0p5db"":""0"",""y_rx_power_drop_1db"":""0"",""y_rx_power_drop_2db"":""0"",""y_delay_spread_increase"":""0"",""y_adaptation_trigger_1db"":""0"",""y_adaptation_trigger_2db"":""0""},{""frame_id"":""160"",""source_sample_index"":""41118"",""rx_id"":""rx_x500_body"",""delta_num_paths"":""0"",""delta_delay_spread"":""0.0"",""delta_rx_power_db"":""-4.575165917231061e-07"",""y_path_change"":""0"",""y_path_drop"":""0"",""y_rx_power_drop_0p5db"":""0"",""y_rx_power_drop_1db"":""0"",""y_rx_power_drop_2db"":""0"",""y_delay_spread_increase"":""0"",""y_adaptation_trigger_1db"":""0"",""y_adaptation_trigger_2db"":""0""}]",frame_id,rt_out/experiments/perception_rt_small_v0/frames/instance_registry.json,rt_out/experiments/perception_rt_small_v0/configs/semantic_label_map.json,error,missing required panoptic file: panoptic_labels_rgb_path; missing required panoptic file: semantic_decoded_path; missing required panoptic file: gazebo_instance_count_path; missing optional panoptic file: colored_map_path; missing optional panoptic file: metadata_path
0.1,perception_rt_small_v0,rt_out/experiments/semantic_ablation_actor_200f,17,17,170,170,43687,cam_corner_nw,640,480,1.047,0.1,20.0,-4.368888,4.38902,2.76265,-0.018875,0.447306,-0.787697,,,,,,false,false,false,false,false,,false,missing,,,,,,,,6,"rx_panda_base,rx_ur5_base,rx_cerberus_base,rx_nao_chest,rx_human_chest,rx_x500_body",frame_id,"[{""frame_id"":""170"",""source_sample_index"":""43687"",""rx_id"":""rx_panda_base"",""num_paths"":""27"",""tau_min"":""8.163323350629526e-09"",""tau_max"":""6.284866316264015e-08"",""delay_spread"":""5.4685339812010625e-08"",""path_gain_sum"":""2.763622442003566e-09"",""path_gain_db"":""-85.58521289284302"",""rx_power_dbm"":""-55.58521289284302"",""sanity_ok"":""True"",""xml_path"":""rt_out/experiments/semantic_ablation_actor_200f/sionna_xml/frame_170_sionna.xml""},{""frame_id"":""170"",""source_sample_index"":""43687"",""rx_id"":""rx_ur5_base"",""num_paths"":""18"",""tau_min"":""5.708055805797585e-09"",""tau_max"":""5.930293767164585e-08"",""delay_spread"":""5.3594881865848265e-08"",""path_gain_sum"":""6.881127774249762e-07"",""path_gain_db"":""-61.62340377753609"",""rx_power_dbm"":""-31.62340377753609"",""sanity_ok"":""True"",""xml_path"":""rt_out/experiments/semantic_ablation_actor_200f/sionna_xml/frame_170_sionna.xml""},{""frame_id"":""170"",""source_sample_index"":""43687"",""rx_id"":""rx_cerberus_base"",""num_paths"":""18"",""tau_min"":""1.574846919538686e-08"",""tau_max"":""5.723669715962387e-08"",""delay_spread"":""4.148822796423701e-08"",""path_gain_sum"":""3.621421384991663e-08"",""path_gain_db"":""-74.41120938168608"",""rx_power_dbm"":""-44.41120938168608"",""sanity_ok"":""True"",""xml_path"":""rt_out/experiments/semantic_ablation_actor_200f/sionna_xml/frame_170_sionna.xml""},{""frame_id"":""170"",""source_sample_index"":""43687"",""rx_id"":""rx_nao_chest"",""num_paths"":""24"",""tau_min"":""1.0787783999433032e-08"",""tau_max"":""6.209720737615498e-08"",""delay_spread"":""5.130942337672195e-08"",""path_gain_sum"":""7.249248312746204e-08"",""path_gain_db"":""-71.39707023849851"",""rx_power_dbm"":""-41.397070238498515"",""sanity_ok"":""True"",""xml_path"":""rt_out/experiments/semantic_ablation_actor_200f/sionna_xml/frame_170_sionna.xml""},{""frame_id"":""170"",""source_sample_index"":""43687"",""rx_id"":""rx_human_chest"",""num_paths"":""21"",""tau_min"":""6.163341392806387e-09"",""tau_max"":""6.431429255826515e-08"",""delay_spread"":""5.8150951165458764e-08"",""path_gain_sum"":""2.240194589830935e-07"",""path_gain_db"":""-66.49714255942916"",""rx_power_dbm"":""-36.497142559429165"",""sanity_ok"":""True"",""xml_path"":""rt_out/experiments/semantic_ablation_actor_200f/sionna_xml/frame_170_sionna.xml""},{""frame_id"":""170"",""source_sample_index"":""43687"",""rx_id"":""rx_x500_body"",""num_paths"":""23"",""tau_min"":""1.7234324189985273e-08"",""tau_max"":""7.465505547088469e-08"",""delay_spread"":""5.742073128089942e-08"",""path_gain_sum"":""3.372388945876992e-08"",""path_gain_db"":""-74.72062342912375"",""rx_power_dbm"":""-44.72062342912375"",""sanity_ok"":""True"",""xml_path"":""rt_out/experiments/semantic_ablation_actor_200f/sionna_xml/frame_170_sionna.xml""}]",6,"[{""frame_id"":""170"",""source_sample_index"":""43687"",""rx_id"":""rx_cerberus_base"",""delta_num_paths"":""0"",""delta_delay_spread"":""0.0"",""delta_rx_power_db"":""-4.2605478256518836e-07"",""y_path_change"":""0"",""y_path_drop"":""0"",""y_rx_power_drop_0p5db"":""0"",""y_rx_power_drop_1db"":""0"",""y_rx_power_drop_2db"":""0"",""y_delay_spread_increase"":""0"",""y_adaptation_trigger_1db"":""0"",""y_adaptation_trigger_2db"":""0""},{""frame_id"":""170"",""source_sample_index"":""43687"",""rx_id"":""rx_human_chest"",""delta_num_paths"":""0"",""delta_delay_spread"":""0.0"",""delta_rx_power_db"":""-2.7549819492378447e-07"",""y_path_change"":""0"",""y_path_drop"":""0"",""y_rx_power_drop_0p5db"":""0"",""y_rx_power_drop_1db"":""0"",""y_rx_power_drop_2db"":""0"",""y_delay_spread_increase"":""0"",""y_adaptation_trigger_1db"":""0"",""y_adaptation_trigger_2db"":""0""},{""frame_id"":""170"",""source_sample_index"":""43687"",""rx_id"":""rx_nao_chest"",""delta_num_paths"":""0"",""delta_delay_spread"":""0.0"",""delta_rx_power_db"":""-4.2567830860207323e-07"",""y_path_change"":""0"",""y_path_drop"":""0"",""y_rx_power_drop_0p5db"":""0"",""y_rx_power_drop_1db"":""0"",""y_rx_power_drop_2db"":""0"",""y_delay_spread_increase"":""0"",""y_adaptation_trigger_1db"":""0"",""y_adaptation_trigger_2db"":""0""},{""frame_id"":""170"",""source_sample_index"":""43687"",""rx_id"":""rx_panda_base"",""delta_num_paths"":""0"",""delta_delay_spread"":""0.0"",""delta_rx_power_db"":""6.978721245332054e-07"",""y_path_change"":""0"",""y_path_drop"":""0"",""y_rx_power_drop_0p5db"":""0"",""y_rx_power_drop_1db"":""0"",""y_rx_power_drop_2db"":""0"",""y_delay_spread_increase"":""0"",""y_adaptation_trigger_1db"":""0"",""y_adaptation_trigger_2db"":""0""},{""frame_id"":""170"",""source_sample_index"":""43687"",""rx_id"":""rx_ur5_base"",""delta_num_paths"":""0"",""delta_delay_spread"":""0.0"",""delta_rx_power_db"":""-3.587607011468208e-07"",""y_path_change"":""0"",""y_path_drop"":""0"",""y_rx_power_drop_0p5db"":""0"",""y_rx_power_drop_1db"":""0"",""y_rx_power_drop_2db"":""0"",""y_delay_spread_increase"":""0"",""y_adaptation_trigger_1db"":""0"",""y_adaptation_trigger_2db"":""0""},{""frame_id"":""170"",""source_sample_index"":""43687"",""rx_id"":""rx_x500_body"",""delta_num_paths"":""0"",""delta_delay_spread"":""0.0"",""delta_rx_power_db"":""0.0"",""y_path_change"":""0"",""y_path_drop"":""0"",""y_rx_power_drop_0p5db"":""0"",""y_rx_power_drop_1db"":""0"",""y_rx_power_drop_2db"":""0"",""y_delay_spread_increase"":""0"",""y_adaptation_trigger_1db"":""0"",""y_adaptation_trigger_2db"":""0""}]",frame_id,rt_out/experiments/perception_rt_small_v0/frames/instance_registry.json,rt_out/experiments/perception_rt_small_v0/configs/semantic_label_map.json,error,missing required panoptic file: panoptic_labels_rgb_path; missing required panoptic file: semantic_decoded_path; missing required panoptic file: gazebo_instance_count_path; missing optional panoptic file: colored_map_path; missing optional panoptic file: metadata_path
0.1,perception_rt_small_v0,rt_out/experiments/semantic_ablation_actor_200f,17,17,170,170,43687,cam_corner_ne,640,480,1.047,0.1,20.0,4.38989,4.38902,2.76265,-0.018875,0.447306,-2.356294,,,,,,false,false,false,false,false,,false,missing,,,,,,,,6,"rx_panda_base,rx_ur5_base,rx_cerberus_base,rx_nao_chest,rx_human_chest,rx_x500_body",frame_id,"[{""frame_id"":""170"",""source_sample_index"":""43687"",""rx_id"":""rx_panda_base"",""num_paths"":""27"",""tau_min"":""8.163323350629526e-09"",""tau_max"":""6.284866316264015e-08"",""delay_spread"":""5.4685339812010625e-08"",""path_gain_sum"":""2.763622442003566e-09"",""path_gain_db"":""-85.58521289284302"",""rx_power_dbm"":""-55.58521289284302"",""sanity_ok"":""True"",""xml_path"":""rt_out/experiments/semantic_ablation_actor_200f/sionna_xml/frame_170_sionna.xml""},{""frame_id"":""170"",""source_sample_index"":""43687"",""rx_id"":""rx_ur5_base"",""num_paths"":""18"",""tau_min"":""5.708055805797585e-09"",""tau_max"":""5.930293767164585e-08"",""delay_spread"":""5.3594881865848265e-08"",""path_gain_sum"":""6.881127774249762e-07"",""path_gain_db"":""-61.62340377753609"",""rx_power_dbm"":""-31.62340377753609"",""sanity_ok"":""True"",""xml_path"":""rt_out/experiments/semantic_ablation_actor_200f/sionna_xml/frame_170_sionna.xml""},{""frame_id"":""170"",""source_sample_index"":""43687"",""rx_id"":""rx_cerberus_base"",""num_paths"":""18"",""tau_min"":""1.574846919538686e-08"",""tau_max"":""5.723669715962387e-08"",""delay_spread"":""4.148822796423701e-08"",""path_gain_sum"":""3.621421384991663e-08"",""path_gain_db"":""-74.41120938168608"",""rx_power_dbm"":""-44.41120938168608"",""sanity_ok"":""True"",""xml_path"":""rt_out/experiments/semantic_ablation_actor_200f/sionna_xml/frame_170_sionna.xml""},{""frame_id"":""170"",""source_sample_index"":""43687"",""rx_id"":""rx_nao_chest"",""num_paths"":""24"",""tau_min"":""1.0787783999433032e-08"",""tau_max"":""6.209720737615498e-08"",""delay_spread"":""5.130942337672195e-08"",""path_gain_sum"":""7.249248312746204e-08"",""path_gain_db"":""-71.39707023849851"",""rx_power_dbm"":""-41.397070238498515"",""sanity_ok"":""True"",""xml_path"":""rt_out/experiments/semantic_ablation_actor_200f/sionna_xml/frame_170_sionna.xml""},{""frame_id"":""170"",""source_sample_index"":""43687"",""rx_id"":""rx_human_chest"",""num_paths"":""21"",""tau_min"":""6.163341392806387e-09"",""tau_max"":""6.431429255826515e-08"",""delay_spread"":""5.8150951165458764e-08"",""path_gain_sum"":""2.240194589830935e-07"",""path_gain_db"":""-66.49714255942916"",""rx_power_dbm"":""-36.497142559429165"",""sanity_ok"":""True"",""xml_path"":""rt_out/experiments/semantic_ablation_actor_200f/sionna_xml/frame_170_sionna.xml""},{""frame_id"":""170"",""source_sample_index"":""43687"",""rx_id"":""rx_x500_body"",""num_paths"":""23"",""tau_min"":""1.7234324189985273e-08"",""tau_max"":""7.465505547088469e-08"",""delay_spread"":""5.742073128089942e-08"",""path_gain_sum"":""3.372388945876992e-08"",""path_gain_db"":""-74.72062342912375"",""rx_power_dbm"":""-44.72062342912375"",""sanity_ok"":""True"",""xml_path"":""rt_out/experiments/semantic_ablation_actor_200f/sionna_xml/frame_170_sionna.xml""}]",6,"[{""frame_id"":""170"",""source_sample_index"":""43687"",""rx_id"":""rx_cerberus_base"",""delta_num_paths"":""0"",""delta_delay_spread"":""0.0"",""delta_rx_power_db"":""-4.2605478256518836e-07"",""y_path_change"":""0"",""y_path_drop"":""0"",""y_rx_power_drop_0p5db"":""0"",""y_rx_power_drop_1db"":""0"",""y_rx_power_drop_2db"":""0"",""y_delay_spread_increase"":""0"",""y_adaptation_trigger_1db"":""0"",""y_adaptation_trigger_2db"":""0""},{""frame_id"":""170"",""source_sample_index"":""43687"",""rx_id"":""rx_human_chest"",""delta_num_paths"":""0"",""delta_delay_spread"":""0.0"",""delta_rx_power_db"":""-2.7549819492378447e-07"",""y_path_change"":""0"",""y_path_drop"":""0"",""y_rx_power_drop_0p5db"":""0"",""y_rx_power_drop_1db"":""0"",""y_rx_power_drop_2db"":""0"",""y_delay_spread_increase"":""0"",""y_adaptation_trigger_1db"":""0"",""y_adaptation_trigger_2db"":""0""},{""frame_id"":""170"",""source_sample_index"":""43687"",""rx_id"":""rx_nao_chest"",""delta_num_paths"":""0"",""delta_delay_spread"":""0.0"",""delta_rx_power_db"":""-4.2567830860207323e-07"",""y_path_change"":""0"",""y_path_drop"":""0"",""y_rx_power_drop_0p5db"":""0"",""y_rx_power_drop_1db"":""0"",""y_rx_power_drop_2db"":""0"",""y_delay_spread_increase"":""0"",""y_adaptation_trigger_1db"":""0"",""y_adaptation_trigger_2db"":""0""},{""frame_id"":""170"",""source_sample_index"":""43687"",""rx_id"":""rx_panda_base"",""delta_num_paths"":""0"",""delta_delay_spread"":""0.0"",""delta_rx_power_db"":""6.978721245332054e-07"",""y_path_change"":""0"",""y_path_drop"":""0"",""y_rx_power_drop_0p5db"":""0"",""y_rx_power_drop_1db"":""0"",""y_rx_power_drop_2db"":""0"",""y_delay_spread_increase"":""0"",""y_adaptation_trigger_1db"":""0"",""y_adaptation_trigger_2db"":""0""},{""frame_id"":""170"",""source_sample_index"":""43687"",""rx_id"":""rx_ur5_base"",""delta_num_paths"":""0"",""delta_delay_spread"":""0.0"",""delta_rx_power_db"":""-3.587607011468208e-07"",""y_path_change"":""0"",""y_path_drop"":""0"",""y_rx_power_drop_0p5db"":""0"",""y_rx_power_drop_1db"":""0"",""y_rx_power_drop_2db"":""0"",""y_delay_spread_increase"":""0"",""y_adaptation_trigger_1db"":""0"",""y_adaptation_trigger_2db"":""0""},{""frame_id"":""170"",""source_sample_index"":""43687"",""rx_id"":""rx_x500_body"",""delta_num_paths"":""0"",""delta_delay_spread"":""0.0"",""delta_rx_power_db"":""0.0"",""y_path_change"":""0"",""y_path_drop"":""0"",""y_rx_power_drop_0p5db"":""0"",""y_rx_power_drop_1db"":""0"",""y_rx_power_drop_2db"":""0"",""y_delay_spread_increase"":""0"",""y_adaptation_trigger_1db"":""0"",""y_adaptation_trigger_2db"":""0""}]",frame_id,rt_out/experiments/perception_rt_small_v0/frames/instance_registry.json,rt_out/experiments/perception_rt_small_v0/configs/semantic_label_map.json,error,missing required panoptic file: panoptic_labels_rgb_path; missing required panoptic file: semantic_decoded_path; missing required panoptic file: gazebo_instance_count_path; missing optional panoptic file: colored_map_path; missing optional panoptic file: metadata_path
0.1,perception_rt_small_v0,rt_out/experiments/semantic_ablation_actor_200f,17,17,170,170,43687,cam_corner_sw,640,480,1.047,0.1,20.0,-4.2766,-4.27322,2.72007,-0.014193,0.518246,0.774445,,,,,,false,false,false,false,false,,false,missing,,,,,,,,6,"rx_panda_base,rx_ur5_base,rx_cerberus_base,rx_nao_chest,rx_human_chest,rx_x500_body",frame_id,"[{""frame_id"":""170"",""source_sample_index"":""43687"",""rx_id"":""rx_panda_base"",""num_paths"":""27"",""tau_min"":""8.163323350629526e-09"",""tau_max"":""6.284866316264015e-08"",""delay_spread"":""5.4685339812010625e-08"",""path_gain_sum"":""2.763622442003566e-09"",""path_gain_db"":""-85.58521289284302"",""rx_power_dbm"":""-55.58521289284302"",""sanity_ok"":""True"",""xml_path"":""rt_out/experiments/semantic_ablation_actor_200f/sionna_xml/frame_170_sionna.xml""},{""frame_id"":""170"",""source_sample_index"":""43687"",""rx_id"":""rx_ur5_base"",""num_paths"":""18"",""tau_min"":""5.708055805797585e-09"",""tau_max"":""5.930293767164585e-08"",""delay_spread"":""5.3594881865848265e-08"",""path_gain_sum"":""6.881127774249762e-07"",""path_gain_db"":""-61.62340377753609"",""rx_power_dbm"":""-31.62340377753609"",""sanity_ok"":""True"",""xml_path"":""rt_out/experiments/semantic_ablation_actor_200f/sionna_xml/frame_170_sionna.xml""},{""frame_id"":""170"",""source_sample_index"":""43687"",""rx_id"":""rx_cerberus_base"",""num_paths"":""18"",""tau_min"":""1.574846919538686e-08"",""tau_max"":""5.723669715962387e-08"",""delay_spread"":""4.148822796423701e-08"",""path_gain_sum"":""3.621421384991663e-08"",""path_gain_db"":""-74.41120938168608"",""rx_power_dbm"":""-44.41120938168608"",""sanity_ok"":""True"",""xml_path"":""rt_out/experiments/semantic_ablation_actor_200f/sionna_xml/frame_170_sionna.xml""},{""frame_id"":""170"",""source_sample_index"":""43687"",""rx_id"":""rx_nao_chest"",""num_paths"":""24"",""tau_min"":""1.0787783999433032e-08"",""tau_max"":""6.209720737615498e-08"",""delay_spread"":""5.130942337672195e-08"",""path_gain_sum"":""7.249248312746204e-08"",""path_gain_db"":""-71.39707023849851"",""rx_power_dbm"":""-41.397070238498515"",""sanity_ok"":""True"",""xml_path"":""rt_out/experiments/semantic_ablation_actor_200f/sionna_xml/frame_170_sionna.xml""},{""frame_id"":""170"",""source_sample_index"":""43687"",""rx_id"":""rx_human_chest"",""num_paths"":""21"",""tau_min"":""6.163341392806387e-09"",""tau_max"":""6.431429255826515e-08"",""delay_spread"":""5.8150951165458764e-08"",""path_gain_sum"":""2.240194589830935e-07"",""path_gain_db"":""-66.49714255942916"",""rx_power_dbm"":""-36.497142559429165"",""sanity_ok"":""True"",""xml_path"":""rt_out/experiments/semantic_ablation_actor_200f/sionna_xml/frame_170_sionna.xml""},{""frame_id"":""170"",""source_sample_index"":""43687"",""rx_id"":""rx_x500_body"",""num_paths"":""23"",""tau_min"":""1.7234324189985273e-08"",""tau_max"":""7.465505547088469e-08"",""delay_spread"":""5.742073128089942e-08"",""path_gain_sum"":""3.372388945876992e-08"",""path_gain_db"":""-74.72062342912375"",""rx_power_dbm"":""-44.72062342912375"",""sanity_ok"":""True"",""xml_path"":""rt_out/experiments/semantic_ablation_actor_200f/sionna_xml/frame_170_sionna.xml""}]",6,"[{""frame_id"":""170"",""source_sample_index"":""43687"",""rx_id"":""rx_cerberus_base"",""delta_num_paths"":""0"",""delta_delay_spread"":""0.0"",""delta_rx_power_db"":""-4.2605478256518836e-07"",""y_path_change"":""0"",""y_path_drop"":""0"",""y_rx_power_drop_0p5db"":""0"",""y_rx_power_drop_1db"":""0"",""y_rx_power_drop_2db"":""0"",""y_delay_spread_increase"":""0"",""y_adaptation_trigger_1db"":""0"",""y_adaptation_trigger_2db"":""0""},{""frame_id"":""170"",""source_sample_index"":""43687"",""rx_id"":""rx_human_chest"",""delta_num_paths"":""0"",""delta_delay_spread"":""0.0"",""delta_rx_power_db"":""-2.7549819492378447e-07"",""y_path_change"":""0"",""y_path_drop"":""0"",""y_rx_power_drop_0p5db"":""0"",""y_rx_power_drop_1db"":""0"",""y_rx_power_drop_2db"":""0"",""y_delay_spread_increase"":""0"",""y_adaptation_trigger_1db"":""0"",""y_adaptation_trigger_2db"":""0""},{""frame_id"":""170"",""source_sample_index"":""43687"",""rx_id"":""rx_nao_chest"",""delta_num_paths"":""0"",""delta_delay_spread"":""0.0"",""delta_rx_power_db"":""-4.2567830860207323e-07"",""y_path_change"":""0"",""y_path_drop"":""0"",""y_rx_power_drop_0p5db"":""0"",""y_rx_power_drop_1db"":""0"",""y_rx_power_drop_2db"":""0"",""y_delay_spread_increase"":""0"",""y_adaptation_trigger_1db"":""0"",""y_adaptation_trigger_2db"":""0""},{""frame_id"":""170"",""source_sample_index"":""43687"",""rx_id"":""rx_panda_base"",""delta_num_paths"":""0"",""delta_delay_spread"":""0.0"",""delta_rx_power_db"":""6.978721245332054e-07"",""y_path_change"":""0"",""y_path_drop"":""0"",""y_rx_power_drop_0p5db"":""0"",""y_rx_power_drop_1db"":""0"",""y_rx_power_drop_2db"":""0"",""y_delay_spread_increase"":""0"",""y_adaptation_trigger_1db"":""0"",""y_adaptation_trigger_2db"":""0""},{""frame_id"":""170"",""source_sample_index"":""43687"",""rx_id"":""rx_ur5_base"",""delta_num_paths"":""0"",""delta_delay_spread"":""0.0"",""delta_rx_power_db"":""-3.587607011468208e-07"",""y_path_change"":""0"",""y_path_drop"":""0"",""y_rx_power_drop_0p5db"":""0"",""y_rx_power_drop_1db"":""0"",""y_rx_power_drop_2db"":""0"",""y_delay_spread_increase"":""0"",""y_adaptation_trigger_1db"":""0"",""y_adaptation_trigger_2db"":""0""},{""frame_id"":""170"",""source_sample_index"":""43687"",""rx_id"":""rx_x500_body"",""delta_num_paths"":""0"",""delta_delay_spread"":""0.0"",""delta_rx_power_db"":""0.0"",""y_path_change"":""0"",""y_path_drop"":""0"",""y_rx_power_drop_0p5db"":""0"",""y_rx_power_drop_1db"":""0"",""y_rx_power_drop_2db"":""0"",""y_delay_spread_increase"":""0"",""y_adaptation_trigger_1db"":""0"",""y_adaptation_trigger_2db"":""0""}]",frame_id,rt_out/experiments/perception_rt_small_v0/frames/instance_registry.json,rt_out/experiments/perception_rt_small_v0/configs/semantic_label_map.json,error,missing required panoptic file: panoptic_labels_rgb_path; missing required panoptic file: semantic_decoded_path; missing required panoptic file: gazebo_instance_count_path; missing optional panoptic file: colored_map_path; missing optional panoptic file: metadata_path
0.1,perception_rt_small_v0,rt_out/experiments/semantic_ablation_actor_200f,17,17,170,170,43687,cam_corner_se,640,480,1.047,0.1,20.0,4.44776,-4.40805,2.80523,-0.023556,0.376367,2.408296,,,,,,false,false,false,false,false,,false,missing,,,,,,,,6,"rx_panda_base,rx_ur5_base,rx_cerberus_base,rx_nao_chest,rx_human_chest,rx_x500_body",frame_id,"[{""frame_id"":""170"",""source_sample_index"":""43687"",""rx_id"":""rx_panda_base"",""num_paths"":""27"",""tau_min"":""8.163323350629526e-09"",""tau_max"":""6.284866316264015e-08"",""delay_spread"":""5.4685339812010625e-08"",""path_gain_sum"":""2.763622442003566e-09"",""path_gain_db"":""-85.58521289284302"",""rx_power_dbm"":""-55.58521289284302"",""sanity_ok"":""True"",""xml_path"":""rt_out/experiments/semantic_ablation_actor_200f/sionna_xml/frame_170_sionna.xml""},{""frame_id"":""170"",""source_sample_index"":""43687"",""rx_id"":""rx_ur5_base"",""num_paths"":""18"",""tau_min"":""5.708055805797585e-09"",""tau_max"":""5.930293767164585e-08"",""delay_spread"":""5.3594881865848265e-08"",""path_gain_sum"":""6.881127774249762e-07"",""path_gain_db"":""-61.62340377753609"",""rx_power_dbm"":""-31.62340377753609"",""sanity_ok"":""True"",""xml_path"":""rt_out/experiments/semantic_ablation_actor_200f/sionna_xml/frame_170_sionna.xml""},{""frame_id"":""170"",""source_sample_index"":""43687"",""rx_id"":""rx_cerberus_base"",""num_paths"":""18"",""tau_min"":""1.574846919538686e-08"",""tau_max"":""5.723669715962387e-08"",""delay_spread"":""4.148822796423701e-08"",""path_gain_sum"":""3.621421384991663e-08"",""path_gain_db"":""-74.41120938168608"",""rx_power_dbm"":""-44.41120938168608"",""sanity_ok"":""True"",""xml_path"":""rt_out/experiments/semantic_ablation_actor_200f/sionna_xml/frame_170_sionna.xml""},{""frame_id"":""170"",""source_sample_index"":""43687"",""rx_id"":""rx_nao_chest"",""num_paths"":""24"",""tau_min"":""1.0787783999433032e-08"",""tau_max"":""6.209720737615498e-08"",""delay_spread"":""5.130942337672195e-08"",""path_gain_sum"":""7.249248312746204e-08"",""path_gain_db"":""-71.39707023849851"",""rx_power_dbm"":""-41.397070238498515"",""sanity_ok"":""True"",""xml_path"":""rt_out/experiments/semantic_ablation_actor_200f/sionna_xml/frame_170_sionna.xml""},{""frame_id"":""170"",""source_sample_index"":""43687"",""rx_id"":""rx_human_chest"",""num_paths"":""21"",""tau_min"":""6.163341392806387e-09"",""tau_max"":""6.431429255826515e-08"",""delay_spread"":""5.8150951165458764e-08"",""path_gain_sum"":""2.240194589830935e-07"",""path_gain_db"":""-66.49714255942916"",""rx_power_dbm"":""-36.497142559429165"",""sanity_ok"":""True"",""xml_path"":""rt_out/experiments/semantic_ablation_actor_200f/sionna_xml/frame_170_sionna.xml""},{""frame_id"":""170"",""source_sample_index"":""43687"",""rx_id"":""rx_x500_body"",""num_paths"":""23"",""tau_min"":""1.7234324189985273e-08"",""tau_max"":""7.465505547088469e-08"",""delay_spread"":""5.742073128089942e-08"",""path_gain_sum"":""3.372388945876992e-08"",""path_gain_db"":""-74.72062342912375"",""rx_power_dbm"":""-44.72062342912375"",""sanity_ok"":""True"",""xml_path"":""rt_out/experiments/semantic_ablation_actor_200f/sionna_xml/frame_170_sionna.xml""}]",6,"[{""frame_id"":""170"",""source_sample_index"":""43687"",""rx_id"":""rx_cerberus_base"",""delta_num_paths"":""0"",""delta_delay_spread"":""0.0"",""delta_rx_power_db"":""-4.2605478256518836e-07"",""y_path_change"":""0"",""y_path_drop"":""0"",""y_rx_power_drop_0p5db"":""0"",""y_rx_power_drop_1db"":""0"",""y_rx_power_drop_2db"":""0"",""y_delay_spread_increase"":""0"",""y_adaptation_trigger_1db"":""0"",""y_adaptation_trigger_2db"":""0""},{""frame_id"":""170"",""source_sample_index"":""43687"",""rx_id"":""rx_human_chest"",""delta_num_paths"":""0"",""delta_delay_spread"":""0.0"",""delta_rx_power_db"":""-2.7549819492378447e-07"",""y_path_change"":""0"",""y_path_drop"":""0"",""y_rx_power_drop_0p5db"":""0"",""y_rx_power_drop_1db"":""0"",""y_rx_power_drop_2db"":""0"",""y_delay_spread_increase"":""0"",""y_adaptation_trigger_1db"":""0"",""y_adaptation_trigger_2db"":""0""},{""frame_id"":""170"",""source_sample_index"":""43687"",""rx_id"":""rx_nao_chest"",""delta_num_paths"":""0"",""delta_delay_spread"":""0.0"",""delta_rx_power_db"":""-4.2567830860207323e-07"",""y_path_change"":""0"",""y_path_drop"":""0"",""y_rx_power_drop_0p5db"":""0"",""y_rx_power_drop_1db"":""0"",""y_rx_power_drop_2db"":""0"",""y_delay_spread_increase"":""0"",""y_adaptation_trigger_1db"":""0"",""y_adaptation_trigger_2db"":""0""},{""frame_id"":""170"",""source_sample_index"":""43687"",""rx_id"":""rx_panda_base"",""delta_num_paths"":""0"",""delta_delay_spread"":""0.0"",""delta_rx_power_db"":""6.978721245332054e-07"",""y_path_change"":""0"",""y_path_drop"":""0"",""y_rx_power_drop_0p5db"":""0"",""y_rx_power_drop_1db"":""0"",""y_rx_power_drop_2db"":""0"",""y_delay_spread_increase"":""0"",""y_adaptation_trigger_1db"":""0"",""y_adaptation_trigger_2db"":""0""},{""frame_id"":""170"",""source_sample_index"":""43687"",""rx_id"":""rx_ur5_base"",""delta_num_paths"":""0"",""delta_delay_spread"":""0.0"",""delta_rx_power_db"":""-3.587607011468208e-07"",""y_path_change"":""0"",""y_path_drop"":""0"",""y_rx_power_drop_0p5db"":""0"",""y_rx_power_drop_1db"":""0"",""y_rx_power_drop_2db"":""0"",""y_delay_spread_increase"":""0"",""y_adaptation_trigger_1db"":""0"",""y_adaptation_trigger_2db"":""0""},{""frame_id"":""170"",""source_sample_index"":""43687"",""rx_id"":""rx_x500_body"",""delta_num_paths"":""0"",""delta_delay_spread"":""0.0"",""delta_rx_power_db"":""0.0"",""y_path_change"":""0"",""y_path_drop"":""0"",""y_rx_power_drop_0p5db"":""0"",""y_rx_power_drop_1db"":""0"",""y_rx_power_drop_2db"":""0"",""y_delay_spread_increase"":""0"",""y_adaptation_trigger_1db"":""0"",""y_adaptation_trigger_2db"":""0""}]",frame_id,rt_out/experiments/perception_rt_small_v0/frames/instance_registry.json,rt_out/experiments/perception_rt_small_v0/configs/semantic_label_map.json,error,missing required panoptic file: panoptic_labels_rgb_path; missing required panoptic file: semantic_decoded_path; missing required panoptic file: gazebo_instance_count_path; missing optional panoptic file: colored_map_path; missing optional panoptic file: metadata_path
0.1,perception_rt_small_v0,rt_out/experiments/semantic_ablation_actor_200f,17,17,170,170,43687,cam_wall_north,640,480,1.047,0.1,20.0,0.221087,4.38902,2.71504,-0.0,0.562591,-1.5708,,,,,,false,false,false,false,false,,false,missing,,,,,,,,6,"rx_panda_base,rx_ur5_base,rx_cerberus_base,rx_nao_chest,rx_human_chest,rx_x500_body",frame_id,"[{""frame_id"":""170"",""source_sample_index"":""43687"",""rx_id"":""rx_panda_base"",""num_paths"":""27"",""tau_min"":""8.163323350629526e-09"",""tau_max"":""6.284866316264015e-08"",""delay_spread"":""5.4685339812010625e-08"",""path_gain_sum"":""2.763622442003566e-09"",""path_gain_db"":""-85.58521289284302"",""rx_power_dbm"":""-55.58521289284302"",""sanity_ok"":""True"",""xml_path"":""rt_out/experiments/semantic_ablation_actor_200f/sionna_xml/frame_170_sionna.xml""},{""frame_id"":""170"",""source_sample_index"":""43687"",""rx_id"":""rx_ur5_base"",""num_paths"":""18"",""tau_min"":""5.708055805797585e-09"",""tau_max"":""5.930293767164585e-08"",""delay_spread"":""5.3594881865848265e-08"",""path_gain_sum"":""6.881127774249762e-07"",""path_gain_db"":""-61.62340377753609"",""rx_power_dbm"":""-31.62340377753609"",""sanity_ok"":""True"",""xml_path"":""rt_out/experiments/semantic_ablation_actor_200f/sionna_xml/frame_170_sionna.xml""},{""frame_id"":""170"",""source_sample_index"":""43687"",""rx_id"":""rx_cerberus_base"",""num_paths"":""18"",""tau_min"":""1.574846919538686e-08"",""tau_max"":""5.723669715962387e-08"",""delay_spread"":""4.148822796423701e-08"",""path_gain_sum"":""3.621421384991663e-08"",""path_gain_db"":""-74.41120938168608"",""rx_power_dbm"":""-44.41120938168608"",""sanity_ok"":""True"",""xml_path"":""rt_out/experiments/semantic_ablation_actor_200f/sionna_xml/frame_170_sionna.xml""},{""frame_id"":""170"",""source_sample_index"":""43687"",""rx_id"":""rx_nao_chest"",""num_paths"":""24"",""tau_min"":""1.0787783999433032e-08"",""tau_max"":""6.209720737615498e-08"",""delay_spread"":""5.130942337672195e-08"",""path_gain_sum"":""7.249248312746204e-08"",""path_gain_db"":""-71.39707023849851"",""rx_power_dbm"":""-41.397070238498515"",""sanity_ok"":""True"",""xml_path"":""rt_out/experiments/semantic_ablation_actor_200f/sionna_xml/frame_170_sionna.xml""},{""frame_id"":""170"",""source_sample_index"":""43687"",""rx_id"":""rx_human_chest"",""num_paths"":""21"",""tau_min"":""6.163341392806387e-09"",""tau_max"":""6.431429255826515e-08"",""delay_spread"":""5.8150951165458764e-08"",""path_gain_sum"":""2.240194589830935e-07"",""path_gain_db"":""-66.49714255942916"",""rx_power_dbm"":""-36.497142559429165"",""sanity_ok"":""True"",""xml_path"":""rt_out/experiments/semantic_ablation_actor_200f/sionna_xml/frame_170_sionna.xml""},{""frame_id"":""170"",""source_sample_index"":""43687"",""rx_id"":""rx_x500_body"",""num_paths"":""23"",""tau_min"":""1.7234324189985273e-08"",""tau_max"":""7.465505547088469e-08"",""delay_spread"":""5.742073128089942e-08"",""path_gain_sum"":""3.372388945876992e-08"",""path_gain_db"":""-74.72062342912375"",""rx_power_dbm"":""-44.72062342912375"",""sanity_ok"":""True"",""xml_path"":""rt_out/experiments/semantic_ablation_actor_200f/sionna_xml/frame_170_sionna.xml""}]",6,"[{""frame_id"":""170"",""source_sample_index"":""43687"",""rx_id"":""rx_cerberus_base"",""delta_num_paths"":""0"",""delta_delay_spread"":""0.0"",""delta_rx_power_db"":""-4.2605478256518836e-07"",""y_path_change"":""0"",""y_path_drop"":""0"",""y_rx_power_drop_0p5db"":""0"",""y_rx_power_drop_1db"":""0"",""y_rx_power_drop_2db"":""0"",""y_delay_spread_increase"":""0"",""y_adaptation_trigger_1db"":""0"",""y_adaptation_trigger_2db"":""0""},{""frame_id"":""170"",""source_sample_index"":""43687"",""rx_id"":""rx_human_chest"",""delta_num_paths"":""0"",""delta_delay_spread"":""0.0"",""delta_rx_power_db"":""-2.7549819492378447e-07"",""y_path_change"":""0"",""y_path_drop"":""0"",""y_rx_power_drop_0p5db"":""0"",""y_rx_power_drop_1db"":""0"",""y_rx_power_drop_2db"":""0"",""y_delay_spread_increase"":""0"",""y_adaptation_trigger_1db"":""0"",""y_adaptation_trigger_2db"":""0""},{""frame_id"":""170"",""source_sample_index"":""43687"",""rx_id"":""rx_nao_chest"",""delta_num_paths"":""0"",""delta_delay_spread"":""0.0"",""delta_rx_power_db"":""-4.2567830860207323e-07"",""y_path_change"":""0"",""y_path_drop"":""0"",""y_rx_power_drop_0p5db"":""0"",""y_rx_power_drop_1db"":""0"",""y_rx_power_drop_2db"":""0"",""y_delay_spread_increase"":""0"",""y_adaptation_trigger_1db"":""0"",""y_adaptation_trigger_2db"":""0""},{""frame_id"":""170"",""source_sample_index"":""43687"",""rx_id"":""rx_panda_base"",""delta_num_paths"":""0"",""delta_delay_spread"":""0.0"",""delta_rx_power_db"":""6.978721245332054e-07"",""y_path_change"":""0"",""y_path_drop"":""0"",""y_rx_power_drop_0p5db"":""0"",""y_rx_power_drop_1db"":""0"",""y_rx_power_drop_2db"":""0"",""y_delay_spread_increase"":""0"",""y_adaptation_trigger_1db"":""0"",""y_adaptation_trigger_2db"":""0""},{""frame_id"":""170"",""source_sample_index"":""43687"",""rx_id"":""rx_ur5_base"",""delta_num_paths"":""0"",""delta_delay_spread"":""0.0"",""delta_rx_power_db"":""-3.587607011468208e-07"",""y_path_change"":""0"",""y_path_drop"":""0"",""y_rx_power_drop_0p5db"":""0"",""y_rx_power_drop_1db"":""0"",""y_rx_power_drop_2db"":""0"",""y_delay_spread_increase"":""0"",""y_adaptation_trigger_1db"":""0"",""y_adaptation_trigger_2db"":""0""},{""frame_id"":""170"",""source_sample_index"":""43687"",""rx_id"":""rx_x500_body"",""delta_num_paths"":""0"",""delta_delay_spread"":""0.0"",""delta_rx_power_db"":""0.0"",""y_path_change"":""0"",""y_path_drop"":""0"",""y_rx_power_drop_0p5db"":""0"",""y_rx_power_drop_1db"":""0"",""y_rx_power_drop_2db"":""0"",""y_delay_spread_increase"":""0"",""y_adaptation_trigger_1db"":""0"",""y_adaptation_trigger_2db"":""0""}]",frame_id,rt_out/experiments/perception_rt_small_v0/frames/instance_registry.json,rt_out/experiments/perception_rt_small_v0/configs/semantic_label_map.json,error,missing required panoptic file: panoptic_labels_rgb_path; missing required panoptic file: semantic_decoded_path; missing required panoptic file: gazebo_instance_count_path; missing optional panoptic file: colored_map_path; missing optional panoptic file: metadata_path
0.1,perception_rt_small_v0,rt_out/experiments/semantic_ablation_actor_200f,17,17,170,170,43687,cam_wall_south,640,480,1.047,0.1,20.0,0.221056,-4.22159,2.7964,0.000426,0.271157,1.577903,,,,,,false,false,false,false,false,,false,missing,,,,,,,,6,"rx_panda_base,rx_ur5_base,rx_cerberus_base,rx_nao_chest,rx_human_chest,rx_x500_body",frame_id,"[{""frame_id"":""170"",""source_sample_index"":""43687"",""rx_id"":""rx_panda_base"",""num_paths"":""27"",""tau_min"":""8.163323350629526e-09"",""tau_max"":""6.284866316264015e-08"",""delay_spread"":""5.4685339812010625e-08"",""path_gain_sum"":""2.763622442003566e-09"",""path_gain_db"":""-85.58521289284302"",""rx_power_dbm"":""-55.58521289284302"",""sanity_ok"":""True"",""xml_path"":""rt_out/experiments/semantic_ablation_actor_200f/sionna_xml/frame_170_sionna.xml""},{""frame_id"":""170"",""source_sample_index"":""43687"",""rx_id"":""rx_ur5_base"",""num_paths"":""18"",""tau_min"":""5.708055805797585e-09"",""tau_max"":""5.930293767164585e-08"",""delay_spread"":""5.3594881865848265e-08"",""path_gain_sum"":""6.881127774249762e-07"",""path_gain_db"":""-61.62340377753609"",""rx_power_dbm"":""-31.62340377753609"",""sanity_ok"":""True"",""xml_path"":""rt_out/experiments/semantic_ablation_actor_200f/sionna_xml/frame_170_sionna.xml""},{""frame_id"":""170"",""source_sample_index"":""43687"",""rx_id"":""rx_cerberus_base"",""num_paths"":""18"",""tau_min"":""1.574846919538686e-08"",""tau_max"":""5.723669715962387e-08"",""delay_spread"":""4.148822796423701e-08"",""path_gain_sum"":""3.621421384991663e-08"",""path_gain_db"":""-74.41120938168608"",""rx_power_dbm"":""-44.41120938168608"",""sanity_ok"":""True"",""xml_path"":""rt_out/experiments/semantic_ablation_actor_200f/sionna_xml/frame_170_sionna.xml""},{""frame_id"":""170"",""source_sample_index"":""43687"",""rx_id"":""rx_nao_chest"",""num_paths"":""24"",""tau_min"":""1.0787783999433032e-08"",""tau_max"":""6.209720737615498e-08"",""delay_spread"":""5.130942337672195e-08"",""path_gain_sum"":""7.249248312746204e-08"",""path_gain_db"":""-71.39707023849851"",""rx_power_dbm"":""-41.397070238498515"",""sanity_ok"":""True"",""xml_path"":""rt_out/experiments/semantic_ablation_actor_200f/sionna_xml/frame_170_sionna.xml""},{""frame_id"":""170"",""source_sample_index"":""43687"",""rx_id"":""rx_human_chest"",""num_paths"":""21"",""tau_min"":""6.163341392806387e-09"",""tau_max"":""6.431429255826515e-08"",""delay_spread"":""5.8150951165458764e-08"",""path_gain_sum"":""2.240194589830935e-07"",""path_gain_db"":""-66.49714255942916"",""rx_power_dbm"":""-36.497142559429165"",""sanity_ok"":""True"",""xml_path"":""rt_out/experiments/semantic_ablation_actor_200f/sionna_xml/frame_170_sionna.xml""},{""frame_id"":""170"",""source_sample_index"":""43687"",""rx_id"":""rx_x500_body"",""num_paths"":""23"",""tau_min"":""1.7234324189985273e-08"",""tau_max"":""7.465505547088469e-08"",""delay_spread"":""5.742073128089942e-08"",""path_gain_sum"":""3.372388945876992e-08"",""path_gain_db"":""-74.72062342912375"",""rx_power_dbm"":""-44.72062342912375"",""sanity_ok"":""True"",""xml_path"":""rt_out/experiments/semantic_ablation_actor_200f/sionna_xml/frame_170_sionna.xml""}]",6,"[{""frame_id"":""170"",""source_sample_index"":""43687"",""rx_id"":""rx_cerberus_base"",""delta_num_paths"":""0"",""delta_delay_spread"":""0.0"",""delta_rx_power_db"":""-4.2605478256518836e-07"",""y_path_change"":""0"",""y_path_drop"":""0"",""y_rx_power_drop_0p5db"":""0"",""y_rx_power_drop_1db"":""0"",""y_rx_power_drop_2db"":""0"",""y_delay_spread_increase"":""0"",""y_adaptation_trigger_1db"":""0"",""y_adaptation_trigger_2db"":""0""},{""frame_id"":""170"",""source_sample_index"":""43687"",""rx_id"":""rx_human_chest"",""delta_num_paths"":""0"",""delta_delay_spread"":""0.0"",""delta_rx_power_db"":""-2.7549819492378447e-07"",""y_path_change"":""0"",""y_path_drop"":""0"",""y_rx_power_drop_0p5db"":""0"",""y_rx_power_drop_1db"":""0"",""y_rx_power_drop_2db"":""0"",""y_delay_spread_increase"":""0"",""y_adaptation_trigger_1db"":""0"",""y_adaptation_trigger_2db"":""0""},{""frame_id"":""170"",""source_sample_index"":""43687"",""rx_id"":""rx_nao_chest"",""delta_num_paths"":""0"",""delta_delay_spread"":""0.0"",""delta_rx_power_db"":""-4.2567830860207323e-07"",""y_path_change"":""0"",""y_path_drop"":""0"",""y_rx_power_drop_0p5db"":""0"",""y_rx_power_drop_1db"":""0"",""y_rx_power_drop_2db"":""0"",""y_delay_spread_increase"":""0"",""y_adaptation_trigger_1db"":""0"",""y_adaptation_trigger_2db"":""0""},{""frame_id"":""170"",""source_sample_index"":""43687"",""rx_id"":""rx_panda_base"",""delta_num_paths"":""0"",""delta_delay_spread"":""0.0"",""delta_rx_power_db"":""6.978721245332054e-07"",""y_path_change"":""0"",""y_path_drop"":""0"",""y_rx_power_drop_0p5db"":""0"",""y_rx_power_drop_1db"":""0"",""y_rx_power_drop_2db"":""0"",""y_delay_spread_increase"":""0"",""y_adaptation_trigger_1db"":""0"",""y_adaptation_trigger_2db"":""0""},{""frame_id"":""170"",""source_sample_index"":""43687"",""rx_id"":""rx_ur5_base"",""delta_num_paths"":""0"",""delta_delay_spread"":""0.0"",""delta_rx_power_db"":""-3.587607011468208e-07"",""y_path_change"":""0"",""y_path_drop"":""0"",""y_rx_power_drop_0p5db"":""0"",""y_rx_power_drop_1db"":""0"",""y_rx_power_drop_2db"":""0"",""y_delay_spread_increase"":""0"",""y_adaptation_trigger_1db"":""0"",""y_adaptation_trigger_2db"":""0""},{""frame_id"":""170"",""source_sample_index"":""43687"",""rx_id"":""rx_x500_body"",""delta_num_paths"":""0"",""delta_delay_spread"":""0.0"",""delta_rx_power_db"":""0.0"",""y_path_change"":""0"",""y_path_drop"":""0"",""y_rx_power_drop_0p5db"":""0"",""y_rx_power_drop_1db"":""0"",""y_rx_power_drop_2db"":""0"",""y_delay_spread_increase"":""0"",""y_adaptation_trigger_1db"":""0"",""y_adaptation_trigger_2db"":""0""}]",frame_id,rt_out/experiments/perception_rt_small_v0/frames/instance_registry.json,rt_out/experiments/perception_rt_small_v0/configs/semantic_label_map.json,error,missing required panoptic file: panoptic_labels_rgb_path; missing required panoptic file: semantic_decoded_path; missing required panoptic file: gazebo_instance_count_path; missing optional panoptic file: colored_map_path; missing optional panoptic file: metadata_path
0.1,perception_rt_small_v0,rt_out/experiments/semantic_ablation_actor_200f,17,17,170,170,43687,cam_wall_east,640,480,1.047,0.1,20.0,4.38989,-0.157588,2.81304,-0.047579,0.393096,3.098594,,,,,,false,false,false,false,false,,false,missing,,,,,,,,6,"rx_panda_base,rx_ur5_base,rx_cerberus_base,rx_nao_chest,rx_human_chest,rx_x500_body",frame_id,"[{""frame_id"":""170"",""source_sample_index"":""43687"",""rx_id"":""rx_panda_base"",""num_paths"":""27"",""tau_min"":""8.163323350629526e-09"",""tau_max"":""6.284866316264015e-08"",""delay_spread"":""5.4685339812010625e-08"",""path_gain_sum"":""2.763622442003566e-09"",""path_gain_db"":""-85.58521289284302"",""rx_power_dbm"":""-55.58521289284302"",""sanity_ok"":""True"",""xml_path"":""rt_out/experiments/semantic_ablation_actor_200f/sionna_xml/frame_170_sionna.xml""},{""frame_id"":""170"",""source_sample_index"":""43687"",""rx_id"":""rx_ur5_base"",""num_paths"":""18"",""tau_min"":""5.708055805797585e-09"",""tau_max"":""5.930293767164585e-08"",""delay_spread"":""5.3594881865848265e-08"",""path_gain_sum"":""6.881127774249762e-07"",""path_gain_db"":""-61.62340377753609"",""rx_power_dbm"":""-31.62340377753609"",""sanity_ok"":""True"",""xml_path"":""rt_out/experiments/semantic_ablation_actor_200f/sionna_xml/frame_170_sionna.xml""},{""frame_id"":""170"",""source_sample_index"":""43687"",""rx_id"":""rx_cerberus_base"",""num_paths"":""18"",""tau_min"":""1.574846919538686e-08"",""tau_max"":""5.723669715962387e-08"",""delay_spread"":""4.148822796423701e-08"",""path_gain_sum"":""3.621421384991663e-08"",""path_gain_db"":""-74.41120938168608"",""rx_power_dbm"":""-44.41120938168608"",""sanity_ok"":""True"",""xml_path"":""rt_out/experiments/semantic_ablation_actor_200f/sionna_xml/frame_170_sionna.xml""},{""frame_id"":""170"",""source_sample_index"":""43687"",""rx_id"":""rx_nao_chest"",""num_paths"":""24"",""tau_min"":""1.0787783999433032e-08"",""tau_max"":""6.209720737615498e-08"",""delay_spread"":""5.130942337672195e-08"",""path_gain_sum"":""7.249248312746204e-08"",""path_gain_db"":""-71.39707023849851"",""rx_power_dbm"":""-41.397070238498515"",""sanity_ok"":""True"",""xml_path"":""rt_out/experiments/semantic_ablation_actor_200f/sionna_xml/frame_170_sionna.xml""},{""frame_id"":""170"",""source_sample_index"":""43687"",""rx_id"":""rx_human_chest"",""num_paths"":""21"",""tau_min"":""6.163341392806387e-09"",""tau_max"":""6.431429255826515e-08"",""delay_spread"":""5.8150951165458764e-08"",""path_gain_sum"":""2.240194589830935e-07"",""path_gain_db"":""-66.49714255942916"",""rx_power_dbm"":""-36.497142559429165"",""sanity_ok"":""True"",""xml_path"":""rt_out/experiments/semantic_ablation_actor_200f/sionna_xml/frame_170_sionna.xml""},{""frame_id"":""170"",""source_sample_index"":""43687"",""rx_id"":""rx_x500_body"",""num_paths"":""23"",""tau_min"":""1.7234324189985273e-08"",""tau_max"":""7.465505547088469e-08"",""delay_spread"":""5.742073128089942e-08"",""path_gain_sum"":""3.372388945876992e-08"",""path_gain_db"":""-74.72062342912375"",""rx_power_dbm"":""-44.72062342912375"",""sanity_ok"":""True"",""xml_path"":""rt_out/experiments/semantic_ablation_actor_200f/sionna_xml/frame_170_sionna.xml""}]",6,"[{""frame_id"":""170"",""source_sample_index"":""43687"",""rx_id"":""rx_cerberus_base"",""delta_num_paths"":""0"",""delta_delay_spread"":""0.0"",""delta_rx_power_db"":""-4.2605478256518836e-07"",""y_path_change"":""0"",""y_path_drop"":""0"",""y_rx_power_drop_0p5db"":""0"",""y_rx_power_drop_1db"":""0"",""y_rx_power_drop_2db"":""0"",""y_delay_spread_increase"":""0"",""y_adaptation_trigger_1db"":""0"",""y_adaptation_trigger_2db"":""0""},{""frame_id"":""170"",""source_sample_index"":""43687"",""rx_id"":""rx_human_chest"",""delta_num_paths"":""0"",""delta_delay_spread"":""0.0"",""delta_rx_power_db"":""-2.7549819492378447e-07"",""y_path_change"":""0"",""y_path_drop"":""0"",""y_rx_power_drop_0p5db"":""0"",""y_rx_power_drop_1db"":""0"",""y_rx_power_drop_2db"":""0"",""y_delay_spread_increase"":""0"",""y_adaptation_trigger_1db"":""0"",""y_adaptation_trigger_2db"":""0""},{""frame_id"":""170"",""source_sample_index"":""43687"",""rx_id"":""rx_nao_chest"",""delta_num_paths"":""0"",""delta_delay_spread"":""0.0"",""delta_rx_power_db"":""-4.2567830860207323e-07"",""y_path_change"":""0"",""y_path_drop"":""0"",""y_rx_power_drop_0p5db"":""0"",""y_rx_power_drop_1db"":""0"",""y_rx_power_drop_2db"":""0"",""y_delay_spread_increase"":""0"",""y_adaptation_trigger_1db"":""0"",""y_adaptation_trigger_2db"":""0""},{""frame_id"":""170"",""source_sample_index"":""43687"",""rx_id"":""rx_panda_base"",""delta_num_paths"":""0"",""delta_delay_spread"":""0.0"",""delta_rx_power_db"":""6.978721245332054e-07"",""y_path_change"":""0"",""y_path_drop"":""0"",""y_rx_power_drop_0p5db"":""0"",""y_rx_power_drop_1db"":""0"",""y_rx_power_drop_2db"":""0"",""y_delay_spread_increase"":""0"",""y_adaptation_trigger_1db"":""0"",""y_adaptation_trigger_2db"":""0""},{""frame_id"":""170"",""source_sample_index"":""43687"",""rx_id"":""rx_ur5_base"",""delta_num_paths"":""0"",""delta_delay_spread"":""0.0"",""delta_rx_power_db"":""-3.587607011468208e-07"",""y_path_change"":""0"",""y_path_drop"":""0"",""y_rx_power_drop_0p5db"":""0"",""y_rx_power_drop_1db"":""0"",""y_rx_power_drop_2db"":""0"",""y_delay_spread_increase"":""0"",""y_adaptation_trigger_1db"":""0"",""y_adaptation_trigger_2db"":""0""},{""frame_id"":""170"",""source_sample_index"":""43687"",""rx_id"":""rx_x500_body"",""delta_num_paths"":""0"",""delta_delay_spread"":""0.0"",""delta_rx_power_db"":""0.0"",""y_path_change"":""0"",""y_path_drop"":""0"",""y_rx_power_drop_0p5db"":""0"",""y_rx_power_drop_1db"":""0"",""y_rx_power_drop_2db"":""0"",""y_delay_spread_increase"":""0"",""y_adaptation_trigger_1db"":""0"",""y_adaptation_trigger_2db"":""0""}]",frame_id,rt_out/experiments/perception_rt_small_v0/frames/instance_registry.json,rt_out/experiments/perception_rt_small_v0/configs/semantic_label_map.json,error,missing required panoptic file: panoptic_labels_rgb_path; missing required panoptic file: semantic_decoded_path; missing required panoptic file: gazebo_instance_count_path; missing optional panoptic file: colored_map_path; missing optional panoptic file: metadata_path
0.1,perception_rt_small_v0,rt_out/experiments/semantic_ablation_actor_200f,17,17,170,170,43687,cam_wall_west,640,480,1.047,0.1,20.0,-4.368888,-0.03657,2.817008,0.035211,0.406352,0.030119,,,,,,false,false,false,false,false,,false,missing,,,,,,,,6,"rx_panda_base,rx_ur5_base,rx_cerberus_base,rx_nao_chest,rx_human_chest,rx_x500_body",frame_id,"[{""frame_id"":""170"",""source_sample_index"":""43687"",""rx_id"":""rx_panda_base"",""num_paths"":""27"",""tau_min"":""8.163323350629526e-09"",""tau_max"":""6.284866316264015e-08"",""delay_spread"":""5.4685339812010625e-08"",""path_gain_sum"":""2.763622442003566e-09"",""path_gain_db"":""-85.58521289284302"",""rx_power_dbm"":""-55.58521289284302"",""sanity_ok"":""True"",""xml_path"":""rt_out/experiments/semantic_ablation_actor_200f/sionna_xml/frame_170_sionna.xml""},{""frame_id"":""170"",""source_sample_index"":""43687"",""rx_id"":""rx_ur5_base"",""num_paths"":""18"",""tau_min"":""5.708055805797585e-09"",""tau_max"":""5.930293767164585e-08"",""delay_spread"":""5.3594881865848265e-08"",""path_gain_sum"":""6.881127774249762e-07"",""path_gain_db"":""-61.62340377753609"",""rx_power_dbm"":""-31.62340377753609"",""sanity_ok"":""True"",""xml_path"":""rt_out/experiments/semantic_ablation_actor_200f/sionna_xml/frame_170_sionna.xml""},{""frame_id"":""170"",""source_sample_index"":""43687"",""rx_id"":""rx_cerberus_base"",""num_paths"":""18"",""tau_min"":""1.574846919538686e-08"",""tau_max"":""5.723669715962387e-08"",""delay_spread"":""4.148822796423701e-08"",""path_gain_sum"":""3.621421384991663e-08"",""path_gain_db"":""-74.41120938168608"",""rx_power_dbm"":""-44.41120938168608"",""sanity_ok"":""True"",""xml_path"":""rt_out/experiments/semantic_ablation_actor_200f/sionna_xml/frame_170_sionna.xml""},{""frame_id"":""170"",""source_sample_index"":""43687"",""rx_id"":""rx_nao_chest"",""num_paths"":""24"",""tau_min"":""1.0787783999433032e-08"",""tau_max"":""6.209720737615498e-08"",""delay_spread"":""5.130942337672195e-08"",""path_gain_sum"":""7.249248312746204e-08"",""path_gain_db"":""-71.39707023849851"",""rx_power_dbm"":""-41.397070238498515"",""sanity_ok"":""True"",""xml_path"":""rt_out/experiments/semantic_ablation_actor_200f/sionna_xml/frame_170_sionna.xml""},{""frame_id"":""170"",""source_sample_index"":""43687"",""rx_id"":""rx_human_chest"",""num_paths"":""21"",""tau_min"":""6.163341392806387e-09"",""tau_max"":""6.431429255826515e-08"",""delay_spread"":""5.8150951165458764e-08"",""path_gain_sum"":""2.240194589830935e-07"",""path_gain_db"":""-66.49714255942916"",""rx_power_dbm"":""-36.497142559429165"",""sanity_ok"":""True"",""xml_path"":""rt_out/experiments/semantic_ablation_actor_200f/sionna_xml/frame_170_sionna.xml""},{""frame_id"":""170"",""source_sample_index"":""43687"",""rx_id"":""rx_x500_body"",""num_paths"":""23"",""tau_min"":""1.7234324189985273e-08"",""tau_max"":""7.465505547088469e-08"",""delay_spread"":""5.742073128089942e-08"",""path_gain_sum"":""3.372388945876992e-08"",""path_gain_db"":""-74.72062342912375"",""rx_power_dbm"":""-44.72062342912375"",""sanity_ok"":""True"",""xml_path"":""rt_out/experiments/semantic_ablation_actor_200f/sionna_xml/frame_170_sionna.xml""}]",6,"[{""frame_id"":""170"",""source_sample_index"":""43687"",""rx_id"":""rx_cerberus_base"",""delta_num_paths"":""0"",""delta_delay_spread"":""0.0"",""delta_rx_power_db"":""-4.2605478256518836e-07"",""y_path_change"":""0"",""y_path_drop"":""0"",""y_rx_power_drop_0p5db"":""0"",""y_rx_power_drop_1db"":""0"",""y_rx_power_drop_2db"":""0"",""y_delay_spread_increase"":""0"",""y_adaptation_trigger_1db"":""0"",""y_adaptation_trigger_2db"":""0""},{""frame_id"":""170"",""source_sample_index"":""43687"",""rx_id"":""rx_human_chest"",""delta_num_paths"":""0"",""delta_delay_spread"":""0.0"",""delta_rx_power_db"":""-2.7549819492378447e-07"",""y_path_change"":""0"",""y_path_drop"":""0"",""y_rx_power_drop_0p5db"":""0"",""y_rx_power_drop_1db"":""0"",""y_rx_power_drop_2db"":""0"",""y_delay_spread_increase"":""0"",""y_adaptation_trigger_1db"":""0"",""y_adaptation_trigger_2db"":""0""},{""frame_id"":""170"",""source_sample_index"":""43687"",""rx_id"":""rx_nao_chest"",""delta_num_paths"":""0"",""delta_delay_spread"":""0.0"",""delta_rx_power_db"":""-4.2567830860207323e-07"",""y_path_change"":""0"",""y_path_drop"":""0"",""y_rx_power_drop_0p5db"":""0"",""y_rx_power_drop_1db"":""0"",""y_rx_power_drop_2db"":""0"",""y_delay_spread_increase"":""0"",""y_adaptation_trigger_1db"":""0"",""y_adaptation_trigger_2db"":""0""},{""frame_id"":""170"",""source_sample_index"":""43687"",""rx_id"":""rx_panda_base"",""delta_num_paths"":""0"",""delta_delay_spread"":""0.0"",""delta_rx_power_db"":""6.978721245332054e-07"",""y_path_change"":""0"",""y_path_drop"":""0"",""y_rx_power_drop_0p5db"":""0"",""y_rx_power_drop_1db"":""0"",""y_rx_power_drop_2db"":""0"",""y_delay_spread_increase"":""0"",""y_adaptation_trigger_1db"":""0"",""y_adaptation_trigger_2db"":""0""},{""frame_id"":""170"",""source_sample_index"":""43687"",""rx_id"":""rx_ur5_base"",""delta_num_paths"":""0"",""delta_delay_spread"":""0.0"",""delta_rx_power_db"":""-3.587607011468208e-07"",""y_path_change"":""0"",""y_path_drop"":""0"",""y_rx_power_drop_0p5db"":""0"",""y_rx_power_drop_1db"":""0"",""y_rx_power_drop_2db"":""0"",""y_delay_spread_increase"":""0"",""y_adaptation_trigger_1db"":""0"",""y_adaptation_trigger_2db"":""0""},{""frame_id"":""170"",""source_sample_index"":""43687"",""rx_id"":""rx_x500_body"",""delta_num_paths"":""0"",""delta_delay_spread"":""0.0"",""delta_rx_power_db"":""0.0"",""y_path_change"":""0"",""y_path_drop"":""0"",""y_rx_power_drop_0p5db"":""0"",""y_rx_power_drop_1db"":""0"",""y_rx_power_drop_2db"":""0"",""y_delay_spread_increase"":""0"",""y_adaptation_trigger_1db"":""0"",""y_adaptation_trigger_2db"":""0""}]",frame_id,rt_out/experiments/perception_rt_small_v0/frames/instance_registry.json,rt_out/experiments/perception_rt_small_v0/configs/semantic_label_map.json,error,missing required panoptic file: panoptic_labels_rgb_path; missing required panoptic file: semantic_decoded_path; missing required panoptic file: gazebo_instance_count_path; missing optional panoptic file: colored_map_path; missing optional panoptic file: metadata_path
0.1,perception_rt_small_v0,rt_out/experiments/semantic_ablation_actor_200f,18,18,180,180,46257,cam_corner_nw,640,480,1.047,0.1,20.0,-4.368888,4.38902,2.76265,-0.018875,0.447306,-0.787697,,,,,,false,false,false,false,false,,false,missing,,,,,,,,6,"rx_panda_base,rx_ur5_base,rx_cerberus_base,rx_nao_chest,rx_human_chest,rx_x500_body",frame_id,"[{""frame_id"":""180"",""source_sample_index"":""46257"",""rx_id"":""rx_panda_base"",""num_paths"":""29"",""tau_min"":""7.579527228074312e-09"",""tau_max"":""6.284866316264015e-08"",""delay_spread"":""5.526913593456584e-08"",""path_gain_sum"":""1.8214485919543222e-08"",""path_gain_db"":""-77.39583081652712"",""rx_power_dbm"":""-47.39583081652712"",""sanity_ok"":""True"",""xml_path"":""rt_out/experiments/semantic_ablation_actor_200f/sionna_xml/frame_180_sionna.xml""},{""frame_id"":""180"",""source_sample_index"":""46257"",""rx_id"":""rx_ur5_base"",""num_paths"":""18"",""tau_min"":""5.708055805797585e-09"",""tau_max"":""5.930293767164585e-08"",""delay_spread"":""5.3594881865848265e-08"",""path_gain_sum"":""6.881128342683951e-07"",""path_gain_db"":""-61.62340341877539"",""rx_power_dbm"":""-31.62340341877539"",""sanity_ok"":""True"",""xml_path"":""rt_out/experiments/semantic_ablation_actor_200f/sionna_xml/frame_180_sionna.xml""},{""frame_id"":""180"",""source_sample_index"":""46257"",""rx_id"":""rx_cerberus_base"",""num_paths"":""18"",""tau_min"":""1.574846919538686e-08"",""tau_max"":""5.723669715962387e-08"",""delay_spread"":""4.148822796423701e-08"",""path_gain_sum"":""3.621421384991663e-08"",""path_gain_db"":""-74.41120938168608"",""rx_power_dbm"":""-44.41120938168608"",""sanity_ok"":""True"",""xml_path"":""rt_out/experiments/semantic_ablation_actor_200f/sionna_xml/frame_180_sionna.xml""},{""frame_id"":""180"",""source_sample_index"":""46257"",""rx_id"":""rx_nao_chest"",""num_paths"":""23"",""tau_min"":""1.0787783999433032e-08"",""tau_max"":""6.209720737615498e-08"",""delay_spread"":""5.130942337672195e-08"",""path_gain_sum"":""7.236335619609235e-08"",""path_gain_db"":""-71.40481298865271"",""rx_power_dbm"":""-41.40481298865271"",""sanity_ok"":""True"",""xml_path"":""rt_out/experiments/semantic_ablation_actor_200f/sionna_xml/frame_180_sionna.xml""},{""frame_id"":""180"",""source_sample_index"":""46257"",""rx_id"":""rx_human_chest"",""num_paths"":""21"",""tau_min"":""6.163341392806387e-09"",""tau_max"":""6.431429255826515e-08"",""delay_spread"":""5.8150951165458764e-08"",""path_gain_sum"":""2.240194589830935e-07"",""path_gain_db"":""-66.49714255942916"",""rx_power_dbm"":""-36.497142559429165"",""sanity_ok"":""True"",""xml_path"":""rt_out/experiments/semantic_ablation_actor_200f/sionna_xml/frame_180_sionna.xml""},{""frame_id"":""180"",""source_sample_index"":""46257"",""rx_id"":""rx_x500_body"",""num_paths"":""23"",""tau_min"":""1.7234324189985273e-08"",""tau_max"":""7.465505547088469e-08"",""delay_spread"":""5.742073128089942e-08"",""path_gain_sum"":""3.3723893011483597e-08"",""path_gain_db"":""-74.72062297160716"",""rx_power_dbm"":""-44.720622971607156"",""sanity_ok"":""True"",""xml_path"":""rt_out/experiments/semantic_ablation_actor_200f/sionna_xml/frame_180_sionna.xml""}]",6,"[{""frame_id"":""180"",""source_sample_index"":""46257"",""rx_id"":""rx_cerberus_base"",""delta_num_paths"":""0"",""delta_delay_spread"":""0.0"",""delta_rx_power_db"":""-4.2605478256518836e-07"",""y_path_change"":""0"",""y_path_drop"":""0"",""y_rx_power_drop_0p5db"":""0"",""y_rx_power_drop_1db"":""0"",""y_rx_power_drop_2db"":""0"",""y_delay_spread_increase"":""0"",""y_adaptation_trigger_1db"":""0"",""y_adaptation_trigger_2db"":""0""},{""frame_id"":""180"",""source_sample_index"":""46257"",""rx_id"":""rx_human_chest"",""delta_num_paths"":""0"",""delta_delay_spread"":""0.0"",""delta_rx_power_db"":""5.509964324801331e-07"",""y_path_change"":""0"",""y_path_drop"":""0"",""y_rx_power_drop_0p5db"":""0"",""y_rx_power_drop_1db"":""0"",""y_rx_power_drop_2db"":""0"",""y_delay_spread_increase"":""0"",""y_adaptation_trigger_1db"":""0"",""y_adaptation_trigger_2db"":""0""},{""frame_id"":""180"",""source_sample_index"":""46257"",""rx_id"":""rx_nao_chest"",""delta_num_paths"":""0"",""delta_delay_spread"":""0.0"",""delta_rx_power_db"":""0.0"",""y_path_change"":""0"",""y_path_drop"":""0"",""y_rx_power_drop_0p5db"":""0"",""y_rx_power_drop_1db"":""0"",""y_rx_power_drop_2db"":""0"",""y_delay_spread_increase"":""0"",""y_adaptation_trigger_1db"":""0"",""y_adaptation_trigger_2db"":""0""},{""frame_id"":""180"",""source_sample_index"":""46257"",""rx_id"":""rx_panda_base"",""delta_num_paths"":""0"",""delta_delay_spread"":""0.0"",""delta_rx_power_db"":""-4.2354305662684055e-07"",""y_path_change"":""0"",""y_path_drop"":""0"",""y_rx_power_drop_0p5db"":""0"",""y_rx_power_drop_1db"":""0"",""y_rx_power_drop_2db"":""0"",""y_delay_spread_increase"":""0"",""y_adaptation_trigger_1db"":""0"",""y_adaptation_trigger_2db"":""0""},{""frame_id"":""180"",""source_sample_index"":""46257"",""rx_id"":""rx_ur5_base"",""delta_num_paths"":""0"",""delta_delay_spread"":""0.0"",""delta_rx_power_db"":""0.0"",""y_path_change"":""0"",""y_path_drop"":""0"",""y_rx_power_drop_0p5db"":""0"",""y_rx_power_drop_1db"":""0"",""y_rx_power_drop_2db"":""0"",""y_delay_spread_increase"":""0"",""y_adaptation_trigger_1db"":""0"",""y_adaptation_trigger_2db"":""0""},{""frame_id"":""180"",""source_sample_index"":""46257"",""rx_id"":""rx_x500_body"",""delta_num_paths"":""-1"",""delta_delay_spread"":""0.0"",""delta_rx_power_db"":""-0.06730803665664098"",""y_path_change"":""1"",""y_path_drop"":""1"",""y_rx_power_drop_0p5db"":""0"",""y_rx_power_drop_1db"":""0"",""y_rx_power_drop_2db"":""0"",""y_delay_spread_increase"":""0"",""y_adaptation_trigger_1db"":""0"",""y_adaptation_trigger_2db"":""0""}]",frame_id,rt_out/experiments/perception_rt_small_v0/frames/instance_registry.json,rt_out/experiments/perception_rt_small_v0/configs/semantic_label_map.json,error,missing required panoptic file: panoptic_labels_rgb_path; missing required panoptic file: semantic_decoded_path; missing required panoptic file: gazebo_instance_count_path; missing optional panoptic file: colored_map_path; missing optional panoptic file: metadata_path
0.1,perception_rt_small_v0,rt_out/experiments/semantic_ablation_actor_200f,18,18,180,180,46257,cam_corner_ne,640,480,1.047,0.1,20.0,4.38989,4.38902,2.76265,-0.018875,0.447306,-2.356294,,,,,,false,false,false,false,false,,false,missing,,,,,,,,6,"rx_panda_base,rx_ur5_base,rx_cerberus_base,rx_nao_chest,rx_human_chest,rx_x500_body",frame_id,"[{""frame_id"":""180"",""source_sample_index"":""46257"",""rx_id"":""rx_panda_base"",""num_paths"":""29"",""tau_min"":""7.579527228074312e-09"",""tau_max"":""6.284866316264015e-08"",""delay_spread"":""5.526913593456584e-08"",""path_gain_sum"":""1.8214485919543222e-08"",""path_gain_db"":""-77.39583081652712"",""rx_power_dbm"":""-47.39583081652712"",""sanity_ok"":""True"",""xml_path"":""rt_out/experiments/semantic_ablation_actor_200f/sionna_xml/frame_180_sionna.xml""},{""frame_id"":""180"",""source_sample_index"":""46257"",""rx_id"":""rx_ur5_base"",""num_paths"":""18"",""tau_min"":""5.708055805797585e-09"",""tau_max"":""5.930293767164585e-08"",""delay_spread"":""5.3594881865848265e-08"",""path_gain_sum"":""6.881128342683951e-07"",""path_gain_db"":""-61.62340341877539"",""rx_power_dbm"":""-31.62340341877539"",""sanity_ok"":""True"",""xml_path"":""rt_out/experiments/semantic_ablation_actor_200f/sionna_xml/frame_180_sionna.xml""},{""frame_id"":""180"",""source_sample_index"":""46257"",""rx_id"":""rx_cerberus_base"",""num_paths"":""18"",""tau_min"":""1.574846919538686e-08"",""tau_max"":""5.723669715962387e-08"",""delay_spread"":""4.148822796423701e-08"",""path_gain_sum"":""3.621421384991663e-08"",""path_gain_db"":""-74.41120938168608"",""rx_power_dbm"":""-44.41120938168608"",""sanity_ok"":""True"",""xml_path"":""rt_out/experiments/semantic_ablation_actor_200f/sionna_xml/frame_180_sionna.xml""},{""frame_id"":""180"",""source_sample_index"":""46257"",""rx_id"":""rx_nao_chest"",""num_paths"":""23"",""tau_min"":""1.0787783999433032e-08"",""tau_max"":""6.209720737615498e-08"",""delay_spread"":""5.130942337672195e-08"",""path_gain_sum"":""7.236335619609235e-08"",""path_gain_db"":""-71.40481298865271"",""rx_power_dbm"":""-41.40481298865271"",""sanity_ok"":""True"",""xml_path"":""rt_out/experiments/semantic_ablation_actor_200f/sionna_xml/frame_180_sionna.xml""},{""frame_id"":""180"",""source_sample_index"":""46257"",""rx_id"":""rx_human_chest"",""num_paths"":""21"",""tau_min"":""6.163341392806387e-09"",""tau_max"":""6.431429255826515e-08"",""delay_spread"":""5.8150951165458764e-08"",""path_gain_sum"":""2.240194589830935e-07"",""path_gain_db"":""-66.49714255942916"",""rx_power_dbm"":""-36.497142559429165"",""sanity_ok"":""True"",""xml_path"":""rt_out/experiments/semantic_ablation_actor_200f/sionna_xml/frame_180_sionna.xml""},{""frame_id"":""180"",""source_sample_index"":""46257"",""rx_id"":""rx_x500_body"",""num_paths"":""23"",""tau_min"":""1.7234324189985273e-08"",""tau_max"":""7.465505547088469e-08"",""delay_spread"":""5.742073128089942e-08"",""path_gain_sum"":""3.3723893011483597e-08"",""path_gain_db"":""-74.72062297160716"",""rx_power_dbm"":""-44.720622971607156"",""sanity_ok"":""True"",""xml_path"":""rt_out/experiments/semantic_ablation_actor_200f/sionna_xml/frame_180_sionna.xml""}]",6,"[{""frame_id"":""180"",""source_sample_index"":""46257"",""rx_id"":""rx_cerberus_base"",""delta_num_paths"":""0"",""delta_delay_spread"":""0.0"",""delta_rx_power_db"":""-4.2605478256518836e-07"",""y_path_change"":""0"",""y_path_drop"":""0"",""y_rx_power_drop_0p5db"":""0"",""y_rx_power_drop_1db"":""0"",""y_rx_power_drop_2db"":""0"",""y_delay_spread_increase"":""0"",""y_adaptation_trigger_1db"":""0"",""y_adaptation_trigger_2db"":""0""},{""frame_id"":""180"",""source_sample_index"":""46257"",""rx_id"":""rx_human_chest"",""delta_num_paths"":""0"",""delta_delay_spread"":""0.0"",""delta_rx_power_db"":""5.509964324801331e-07"",""y_path_change"":""0"",""y_path_drop"":""0"",""y_rx_power_drop_0p5db"":""0"",""y_rx_power_drop_1db"":""0"",""y_rx_power_drop_2db"":""0"",""y_delay_spread_increase"":""0"",""y_adaptation_trigger_1db"":""0"",""y_adaptation_trigger_2db"":""0""},{""frame_id"":""180"",""source_sample_index"":""46257"",""rx_id"":""rx_nao_chest"",""delta_num_paths"":""0"",""delta_delay_spread"":""0.0"",""delta_rx_power_db"":""0.0"",""y_path_change"":""0"",""y_path_drop"":""0"",""y_rx_power_drop_0p5db"":""0"",""y_rx_power_drop_1db"":""0"",""y_rx_power_drop_2db"":""0"",""y_delay_spread_increase"":""0"",""y_adaptation_trigger_1db"":""0"",""y_adaptation_trigger_2db"":""0""},{""frame_id"":""180"",""source_sample_index"":""46257"",""rx_id"":""rx_panda_base"",""delta_num_paths"":""0"",""delta_delay_spread"":""0.0"",""delta_rx_power_db"":""-4.2354305662684055e-07"",""y_path_change"":""0"",""y_path_drop"":""0"",""y_rx_power_drop_0p5db"":""0"",""y_rx_power_drop_1db"":""0"",""y_rx_power_drop_2db"":""0"",""y_delay_spread_increase"":""0"",""y_adaptation_trigger_1db"":""0"",""y_adaptation_trigger_2db"":""0""},{""frame_id"":""180"",""source_sample_index"":""46257"",""rx_id"":""rx_ur5_base"",""delta_num_paths"":""0"",""delta_delay_spread"":""0.0"",""delta_rx_power_db"":""0.0"",""y_path_change"":""0"",""y_path_drop"":""0"",""y_rx_power_drop_0p5db"":""0"",""y_rx_power_drop_1db"":""0"",""y_rx_power_drop_2db"":""0"",""y_delay_spread_increase"":""0"",""y_adaptation_trigger_1db"":""0"",""y_adaptation_trigger_2db"":""0""},{""frame_id"":""180"",""source_sample_index"":""46257"",""rx_id"":""rx_x500_body"",""delta_num_paths"":""-1"",""delta_delay_spread"":""0.0"",""delta_rx_power_db"":""-0.06730803665664098"",""y_path_change"":""1"",""y_path_drop"":""1"",""y_rx_power_drop_0p5db"":""0"",""y_rx_power_drop_1db"":""0"",""y_rx_power_drop_2db"":""0"",""y_delay_spread_increase"":""0"",""y_adaptation_trigger_1db"":""0"",""y_adaptation_trigger_2db"":""0""}]",frame_id,rt_out/experiments/perception_rt_small_v0/frames/instance_registry.json,rt_out/experiments/perception_rt_small_v0/configs/semantic_label_map.json,error,missing required panoptic file: panoptic_labels_rgb_path; missing required panoptic file: semantic_decoded_path; missing required panoptic file: gazebo_instance_count_path; missing optional panoptic file: colored_map_path; missing optional panoptic file: metadata_path
0.1,perception_rt_small_v0,rt_out/experiments/semantic_ablation_actor_200f,18,18,180,180,46257,cam_corner_sw,640,480,1.047,0.1,20.0,-4.2766,-4.27322,2.72007,-0.014193,0.518246,0.774445,,,,,,false,false,false,false,false,,false,missing,,,,,,,,6,"rx_panda_base,rx_ur5_base,rx_cerberus_base,rx_nao_chest,rx_human_chest,rx_x500_body",frame_id,"[{""frame_id"":""180"",""source_sample_index"":""46257"",""rx_id"":""rx_panda_base"",""num_paths"":""29"",""tau_min"":""7.579527228074312e-09"",""tau_max"":""6.284866316264015e-08"",""delay_spread"":""5.526913593456584e-08"",""path_gain_sum"":""1.8214485919543222e-08"",""path_gain_db"":""-77.39583081652712"",""rx_power_dbm"":""-47.39583081652712"",""sanity_ok"":""True"",""xml_path"":""rt_out/experiments/semantic_ablation_actor_200f/sionna_xml/frame_180_sionna.xml""},{""frame_id"":""180"",""source_sample_index"":""46257"",""rx_id"":""rx_ur5_base"",""num_paths"":""18"",""tau_min"":""5.708055805797585e-09"",""tau_max"":""5.930293767164585e-08"",""delay_spread"":""5.3594881865848265e-08"",""path_gain_sum"":""6.881128342683951e-07"",""path_gain_db"":""-61.62340341877539"",""rx_power_dbm"":""-31.62340341877539"",""sanity_ok"":""True"",""xml_path"":""rt_out/experiments/semantic_ablation_actor_200f/sionna_xml/frame_180_sionna.xml""},{""frame_id"":""180"",""source_sample_index"":""46257"",""rx_id"":""rx_cerberus_base"",""num_paths"":""18"",""tau_min"":""1.574846919538686e-08"",""tau_max"":""5.723669715962387e-08"",""delay_spread"":""4.148822796423701e-08"",""path_gain_sum"":""3.621421384991663e-08"",""path_gain_db"":""-74.41120938168608"",""rx_power_dbm"":""-44.41120938168608"",""sanity_ok"":""True"",""xml_path"":""rt_out/experiments/semantic_ablation_actor_200f/sionna_xml/frame_180_sionna.xml""},{""frame_id"":""180"",""source_sample_index"":""46257"",""rx_id"":""rx_nao_chest"",""num_paths"":""23"",""tau_min"":""1.0787783999433032e-08"",""tau_max"":""6.209720737615498e-08"",""delay_spread"":""5.130942337672195e-08"",""path_gain_sum"":""7.236335619609235e-08"",""path_gain_db"":""-71.40481298865271"",""rx_power_dbm"":""-41.40481298865271"",""sanity_ok"":""True"",""xml_path"":""rt_out/experiments/semantic_ablation_actor_200f/sionna_xml/frame_180_sionna.xml""},{""frame_id"":""180"",""source_sample_index"":""46257"",""rx_id"":""rx_human_chest"",""num_paths"":""21"",""tau_min"":""6.163341392806387e-09"",""tau_max"":""6.431429255826515e-08"",""delay_spread"":""5.8150951165458764e-08"",""path_gain_sum"":""2.240194589830935e-07"",""path_gain_db"":""-66.49714255942916"",""rx_power_dbm"":""-36.497142559429165"",""sanity_ok"":""True"",""xml_path"":""rt_out/experiments/semantic_ablation_actor_200f/sionna_xml/frame_180_sionna.xml""},{""frame_id"":""180"",""source_sample_index"":""46257"",""rx_id"":""rx_x500_body"",""num_paths"":""23"",""tau_min"":""1.7234324189985273e-08"",""tau_max"":""7.465505547088469e-08"",""delay_spread"":""5.742073128089942e-08"",""path_gain_sum"":""3.3723893011483597e-08"",""path_gain_db"":""-74.72062297160716"",""rx_power_dbm"":""-44.720622971607156"",""sanity_ok"":""True"",""xml_path"":""rt_out/experiments/semantic_ablation_actor_200f/sionna_xml/frame_180_sionna.xml""}]",6,"[{""frame_id"":""180"",""source_sample_index"":""46257"",""rx_id"":""rx_cerberus_base"",""delta_num_paths"":""0"",""delta_delay_spread"":""0.0"",""delta_rx_power_db"":""-4.2605478256518836e-07"",""y_path_change"":""0"",""y_path_drop"":""0"",""y_rx_power_drop_0p5db"":""0"",""y_rx_power_drop_1db"":""0"",""y_rx_power_drop_2db"":""0"",""y_delay_spread_increase"":""0"",""y_adaptation_trigger_1db"":""0"",""y_adaptation_trigger_2db"":""0""},{""frame_id"":""180"",""source_sample_index"":""46257"",""rx_id"":""rx_human_chest"",""delta_num_paths"":""0"",""delta_delay_spread"":""0.0"",""delta_rx_power_db"":""5.509964324801331e-07"",""y_path_change"":""0"",""y_path_drop"":""0"",""y_rx_power_drop_0p5db"":""0"",""y_rx_power_drop_1db"":""0"",""y_rx_power_drop_2db"":""0"",""y_delay_spread_increase"":""0"",""y_adaptation_trigger_1db"":""0"",""y_adaptation_trigger_2db"":""0""},{""frame_id"":""180"",""source_sample_index"":""46257"",""rx_id"":""rx_nao_chest"",""delta_num_paths"":""0"",""delta_delay_spread"":""0.0"",""delta_rx_power_db"":""0.0"",""y_path_change"":""0"",""y_path_drop"":""0"",""y_rx_power_drop_0p5db"":""0"",""y_rx_power_drop_1db"":""0"",""y_rx_power_drop_2db"":""0"",""y_delay_spread_increase"":""0"",""y_adaptation_trigger_1db"":""0"",""y_adaptation_trigger_2db"":""0""},{""frame_id"":""180"",""source_sample_index"":""46257"",""rx_id"":""rx_panda_base"",""delta_num_paths"":""0"",""delta_delay_spread"":""0.0"",""delta_rx_power_db"":""-4.2354305662684055e-07"",""y_path_change"":""0"",""y_path_drop"":""0"",""y_rx_power_drop_0p5db"":""0"",""y_rx_power_drop_1db"":""0"",""y_rx_power_drop_2db"":""0"",""y_delay_spread_increase"":""0"",""y_adaptation_trigger_1db"":""0"",""y_adaptation_trigger_2db"":""0""},{""frame_id"":""180"",""source_sample_index"":""46257"",""rx_id"":""rx_ur5_base"",""delta_num_paths"":""0"",""delta_delay_spread"":""0.0"",""delta_rx_power_db"":""0.0"",""y_path_change"":""0"",""y_path_drop"":""0"",""y_rx_power_drop_0p5db"":""0"",""y_rx_power_drop_1db"":""0"",""y_rx_power_drop_2db"":""0"",""y_delay_spread_increase"":""0"",""y_adaptation_trigger_1db"":""0"",""y_adaptation_trigger_2db"":""0""},{""frame_id"":""180"",""source_sample_index"":""46257"",""rx_id"":""rx_x500_body"",""delta_num_paths"":""-1"",""delta_delay_spread"":""0.0"",""delta_rx_power_db"":""-0.06730803665664098"",""y_path_change"":""1"",""y_path_drop"":""1"",""y_rx_power_drop_0p5db"":""0"",""y_rx_power_drop_1db"":""0"",""y_rx_power_drop_2db"":""0"",""y_delay_spread_increase"":""0"",""y_adaptation_trigger_1db"":""0"",""y_adaptation_trigger_2db"":""0""}]",frame_id,rt_out/experiments/perception_rt_small_v0/frames/instance_registry.json,rt_out/experiments/perception_rt_small_v0/configs/semantic_label_map.json,error,missing required panoptic file: panoptic_labels_rgb_path; missing required panoptic file: semantic_decoded_path; missing required panoptic file: gazebo_instance_count_path; missing optional panoptic file: colored_map_path; missing optional panoptic file: metadata_path
0.1,perception_rt_small_v0,rt_out/experiments/semantic_ablation_actor_200f,18,18,180,180,46257,cam_corner_se,640,480,1.047,0.1,20.0,4.44776,-4.40805,2.80523,-0.023556,0.376367,2.408296,,,,,,false,false,false,false,false,,false,missing,,,,,,,,6,"rx_panda_base,rx_ur5_base,rx_cerberus_base,rx_nao_chest,rx_human_chest,rx_x500_body",frame_id,"[{""frame_id"":""180"",""source_sample_index"":""46257"",""rx_id"":""rx_panda_base"",""num_paths"":""29"",""tau_min"":""7.579527228074312e-09"",""tau_max"":""6.284866316264015e-08"",""delay_spread"":""5.526913593456584e-08"",""path_gain_sum"":""1.8214485919543222e-08"",""path_gain_db"":""-77.39583081652712"",""rx_power_dbm"":""-47.39583081652712"",""sanity_ok"":""True"",""xml_path"":""rt_out/experiments/semantic_ablation_actor_200f/sionna_xml/frame_180_sionna.xml""},{""frame_id"":""180"",""source_sample_index"":""46257"",""rx_id"":""rx_ur5_base"",""num_paths"":""18"",""tau_min"":""5.708055805797585e-09"",""tau_max"":""5.930293767164585e-08"",""delay_spread"":""5.3594881865848265e-08"",""path_gain_sum"":""6.881128342683951e-07"",""path_gain_db"":""-61.62340341877539"",""rx_power_dbm"":""-31.62340341877539"",""sanity_ok"":""True"",""xml_path"":""rt_out/experiments/semantic_ablation_actor_200f/sionna_xml/frame_180_sionna.xml""},{""frame_id"":""180"",""source_sample_index"":""46257"",""rx_id"":""rx_cerberus_base"",""num_paths"":""18"",""tau_min"":""1.574846919538686e-08"",""tau_max"":""5.723669715962387e-08"",""delay_spread"":""4.148822796423701e-08"",""path_gain_sum"":""3.621421384991663e-08"",""path_gain_db"":""-74.41120938168608"",""rx_power_dbm"":""-44.41120938168608"",""sanity_ok"":""True"",""xml_path"":""rt_out/experiments/semantic_ablation_actor_200f/sionna_xml/frame_180_sionna.xml""},{""frame_id"":""180"",""source_sample_index"":""46257"",""rx_id"":""rx_nao_chest"",""num_paths"":""23"",""tau_min"":""1.0787783999433032e-08"",""tau_max"":""6.209720737615498e-08"",""delay_spread"":""5.130942337672195e-08"",""path_gain_sum"":""7.236335619609235e-08"",""path_gain_db"":""-71.40481298865271"",""rx_power_dbm"":""-41.40481298865271"",""sanity_ok"":""True"",""xml_path"":""rt_out/experiments/semantic_ablation_actor_200f/sionna_xml/frame_180_sionna.xml""},{""frame_id"":""180"",""source_sample_index"":""46257"",""rx_id"":""rx_human_chest"",""num_paths"":""21"",""tau_min"":""6.163341392806387e-09"",""tau_max"":""6.431429255826515e-08"",""delay_spread"":""5.8150951165458764e-08"",""path_gain_sum"":""2.240194589830935e-07"",""path_gain_db"":""-66.49714255942916"",""rx_power_dbm"":""-36.497142559429165"",""sanity_ok"":""True"",""xml_path"":""rt_out/experiments/semantic_ablation_actor_200f/sionna_xml/frame_180_sionna.xml""},{""frame_id"":""180"",""source_sample_index"":""46257"",""rx_id"":""rx_x500_body"",""num_paths"":""23"",""tau_min"":""1.7234324189985273e-08"",""tau_max"":""7.465505547088469e-08"",""delay_spread"":""5.742073128089942e-08"",""path_gain_sum"":""3.3723893011483597e-08"",""path_gain_db"":""-74.72062297160716"",""rx_power_dbm"":""-44.720622971607156"",""sanity_ok"":""True"",""xml_path"":""rt_out/experiments/semantic_ablation_actor_200f/sionna_xml/frame_180_sionna.xml""}]",6,"[{""frame_id"":""180"",""source_sample_index"":""46257"",""rx_id"":""rx_cerberus_base"",""delta_num_paths"":""0"",""delta_delay_spread"":""0.0"",""delta_rx_power_db"":""-4.2605478256518836e-07"",""y_path_change"":""0"",""y_path_drop"":""0"",""y_rx_power_drop_0p5db"":""0"",""y_rx_power_drop_1db"":""0"",""y_rx_power_drop_2db"":""0"",""y_delay_spread_increase"":""0"",""y_adaptation_trigger_1db"":""0"",""y_adaptation_trigger_2db"":""0""},{""frame_id"":""180"",""source_sample_index"":""46257"",""rx_id"":""rx_human_chest"",""delta_num_paths"":""0"",""delta_delay_spread"":""0.0"",""delta_rx_power_db"":""5.509964324801331e-07"",""y_path_change"":""0"",""y_path_drop"":""0"",""y_rx_power_drop_0p5db"":""0"",""y_rx_power_drop_1db"":""0"",""y_rx_power_drop_2db"":""0"",""y_delay_spread_increase"":""0"",""y_adaptation_trigger_1db"":""0"",""y_adaptation_trigger_2db"":""0""},{""frame_id"":""180"",""source_sample_index"":""46257"",""rx_id"":""rx_nao_chest"",""delta_num_paths"":""0"",""delta_delay_spread"":""0.0"",""delta_rx_power_db"":""0.0"",""y_path_change"":""0"",""y_path_drop"":""0"",""y_rx_power_drop_0p5db"":""0"",""y_rx_power_drop_1db"":""0"",""y_rx_power_drop_2db"":""0"",""y_delay_spread_increase"":""0"",""y_adaptation_trigger_1db"":""0"",""y_adaptation_trigger_2db"":""0""},{""frame_id"":""180"",""source_sample_index"":""46257"",""rx_id"":""rx_panda_base"",""delta_num_paths"":""0"",""delta_delay_spread"":""0.0"",""delta_rx_power_db"":""-4.2354305662684055e-07"",""y_path_change"":""0"",""y_path_drop"":""0"",""y_rx_power_drop_0p5db"":""0"",""y_rx_power_drop_1db"":""0"",""y_rx_power_drop_2db"":""0"",""y_delay_spread_increase"":""0"",""y_adaptation_trigger_1db"":""0"",""y_adaptation_trigger_2db"":""0""},{""frame_id"":""180"",""source_sample_index"":""46257"",""rx_id"":""rx_ur5_base"",""delta_num_paths"":""0"",""delta_delay_spread"":""0.0"",""delta_rx_power_db"":""0.0"",""y_path_change"":""0"",""y_path_drop"":""0"",""y_rx_power_drop_0p5db"":""0"",""y_rx_power_drop_1db"":""0"",""y_rx_power_drop_2db"":""0"",""y_delay_spread_increase"":""0"",""y_adaptation_trigger_1db"":""0"",""y_adaptation_trigger_2db"":""0""},{""frame_id"":""180"",""source_sample_index"":""46257"",""rx_id"":""rx_x500_body"",""delta_num_paths"":""-1"",""delta_delay_spread"":""0.0"",""delta_rx_power_db"":""-0.06730803665664098"",""y_path_change"":""1"",""y_path_drop"":""1"",""y_rx_power_drop_0p5db"":""0"",""y_rx_power_drop_1db"":""0"",""y_rx_power_drop_2db"":""0"",""y_delay_spread_increase"":""0"",""y_adaptation_trigger_1db"":""0"",""y_adaptation_trigger_2db"":""0""}]",frame_id,rt_out/experiments/perception_rt_small_v0/frames/instance_registry.json,rt_out/experiments/perception_rt_small_v0/configs/semantic_label_map.json,error,missing required panoptic file: panoptic_labels_rgb_path; missing required panoptic file: semantic_decoded_path; missing required panoptic file: gazebo_instance_count_path; missing optional panoptic file: colored_map_path; missing optional panoptic file: metadata_path
0.1,perception_rt_small_v0,rt_out/experiments/semantic_ablation_actor_200f,18,18,180,180,46257,cam_wall_north,640,480,1.047,0.1,20.0,0.221087,4.38902,2.71504,-0.0,0.562591,-1.5708,,,,,,false,false,false,false,false,,false,missing,,,,,,,,6,"rx_panda_base,rx_ur5_base,rx_cerberus_base,rx_nao_chest,rx_human_chest,rx_x500_body",frame_id,"[{""frame_id"":""180"",""source_sample_index"":""46257"",""rx_id"":""rx_panda_base"",""num_paths"":""29"",""tau_min"":""7.579527228074312e-09"",""tau_max"":""6.284866316264015e-08"",""delay_spread"":""5.526913593456584e-08"",""path_gain_sum"":""1.8214485919543222e-08"",""path_gain_db"":""-77.39583081652712"",""rx_power_dbm"":""-47.39583081652712"",""sanity_ok"":""True"",""xml_path"":""rt_out/experiments/semantic_ablation_actor_200f/sionna_xml/frame_180_sionna.xml""},{""frame_id"":""180"",""source_sample_index"":""46257"",""rx_id"":""rx_ur5_base"",""num_paths"":""18"",""tau_min"":""5.708055805797585e-09"",""tau_max"":""5.930293767164585e-08"",""delay_spread"":""5.3594881865848265e-08"",""path_gain_sum"":""6.881128342683951e-07"",""path_gain_db"":""-61.62340341877539"",""rx_power_dbm"":""-31.62340341877539"",""sanity_ok"":""True"",""xml_path"":""rt_out/experiments/semantic_ablation_actor_200f/sionna_xml/frame_180_sionna.xml""},{""frame_id"":""180"",""source_sample_index"":""46257"",""rx_id"":""rx_cerberus_base"",""num_paths"":""18"",""tau_min"":""1.574846919538686e-08"",""tau_max"":""5.723669715962387e-08"",""delay_spread"":""4.148822796423701e-08"",""path_gain_sum"":""3.621421384991663e-08"",""path_gain_db"":""-74.41120938168608"",""rx_power_dbm"":""-44.41120938168608"",""sanity_ok"":""True"",""xml_path"":""rt_out/experiments/semantic_ablation_actor_200f/sionna_xml/frame_180_sionna.xml""},{""frame_id"":""180"",""source_sample_index"":""46257"",""rx_id"":""rx_nao_chest"",""num_paths"":""23"",""tau_min"":""1.0787783999433032e-08"",""tau_max"":""6.209720737615498e-08"",""delay_spread"":""5.130942337672195e-08"",""path_gain_sum"":""7.236335619609235e-08"",""path_gain_db"":""-71.40481298865271"",""rx_power_dbm"":""-41.40481298865271"",""sanity_ok"":""True"",""xml_path"":""rt_out/experiments/semantic_ablation_actor_200f/sionna_xml/frame_180_sionna.xml""},{""frame_id"":""180"",""source_sample_index"":""46257"",""rx_id"":""rx_human_chest"",""num_paths"":""21"",""tau_min"":""6.163341392806387e-09"",""tau_max"":""6.431429255826515e-08"",""delay_spread"":""5.8150951165458764e-08"",""path_gain_sum"":""2.240194589830935e-07"",""path_gain_db"":""-66.49714255942916"",""rx_power_dbm"":""-36.497142559429165"",""sanity_ok"":""True"",""xml_path"":""rt_out/experiments/semantic_ablation_actor_200f/sionna_xml/frame_180_sionna.xml""},{""frame_id"":""180"",""source_sample_index"":""46257"",""rx_id"":""rx_x500_body"",""num_paths"":""23"",""tau_min"":""1.7234324189985273e-08"",""tau_max"":""7.465505547088469e-08"",""delay_spread"":""5.742073128089942e-08"",""path_gain_sum"":""3.3723893011483597e-08"",""path_gain_db"":""-74.72062297160716"",""rx_power_dbm"":""-44.720622971607156"",""sanity_ok"":""True"",""xml_path"":""rt_out/experiments/semantic_ablation_actor_200f/sionna_xml/frame_180_sionna.xml""}]",6,"[{""frame_id"":""180"",""source_sample_index"":""46257"",""rx_id"":""rx_cerberus_base"",""delta_num_paths"":""0"",""delta_delay_spread"":""0.0"",""delta_rx_power_db"":""-4.2605478256518836e-07"",""y_path_change"":""0"",""y_path_drop"":""0"",""y_rx_power_drop_0p5db"":""0"",""y_rx_power_drop_1db"":""0"",""y_rx_power_drop_2db"":""0"",""y_delay_spread_increase"":""0"",""y_adaptation_trigger_1db"":""0"",""y_adaptation_trigger_2db"":""0""},{""frame_id"":""180"",""source_sample_index"":""46257"",""rx_id"":""rx_human_chest"",""delta_num_paths"":""0"",""delta_delay_spread"":""0.0"",""delta_rx_power_db"":""5.509964324801331e-07"",""y_path_change"":""0"",""y_path_drop"":""0"",""y_rx_power_drop_0p5db"":""0"",""y_rx_power_drop_1db"":""0"",""y_rx_power_drop_2db"":""0"",""y_delay_spread_increase"":""0"",""y_adaptation_trigger_1db"":""0"",""y_adaptation_trigger_2db"":""0""},{""frame_id"":""180"",""source_sample_index"":""46257"",""rx_id"":""rx_nao_chest"",""delta_num_paths"":""0"",""delta_delay_spread"":""0.0"",""delta_rx_power_db"":""0.0"",""y_path_change"":""0"",""y_path_drop"":""0"",""y_rx_power_drop_0p5db"":""0"",""y_rx_power_drop_1db"":""0"",""y_rx_power_drop_2db"":""0"",""y_delay_spread_increase"":""0"",""y_adaptation_trigger_1db"":""0"",""y_adaptation_trigger_2db"":""0""},{""frame_id"":""180"",""source_sample_index"":""46257"",""rx_id"":""rx_panda_base"",""delta_num_paths"":""0"",""delta_delay_spread"":""0.0"",""delta_rx_power_db"":""-4.2354305662684055e-07"",""y_path_change"":""0"",""y_path_drop"":""0"",""y_rx_power_drop_0p5db"":""0"",""y_rx_power_drop_1db"":""0"",""y_rx_power_drop_2db"":""0"",""y_delay_spread_increase"":""0"",""y_adaptation_trigger_1db"":""0"",""y_adaptation_trigger_2db"":""0""},{""frame_id"":""180"",""source_sample_index"":""46257"",""rx_id"":""rx_ur5_base"",""delta_num_paths"":""0"",""delta_delay_spread"":""0.0"",""delta_rx_power_db"":""0.0"",""y_path_change"":""0"",""y_path_drop"":""0"",""y_rx_power_drop_0p5db"":""0"",""y_rx_power_drop_1db"":""0"",""y_rx_power_drop_2db"":""0"",""y_delay_spread_increase"":""0"",""y_adaptation_trigger_1db"":""0"",""y_adaptation_trigger_2db"":""0""},{""frame_id"":""180"",""source_sample_index"":""46257"",""rx_id"":""rx_x500_body"",""delta_num_paths"":""-1"",""delta_delay_spread"":""0.0"",""delta_rx_power_db"":""-0.06730803665664098"",""y_path_change"":""1"",""y_path_drop"":""1"",""y_rx_power_drop_0p5db"":""0"",""y_rx_power_drop_1db"":""0"",""y_rx_power_drop_2db"":""0"",""y_delay_spread_increase"":""0"",""y_adaptation_trigger_1db"":""0"",""y_adaptation_trigger_2db"":""0""}]",frame_id,rt_out/experiments/perception_rt_small_v0/frames/instance_registry.json,rt_out/experiments/perception_rt_small_v0/configs/semantic_label_map.json,error,missing required panoptic file: panoptic_labels_rgb_path; missing required panoptic file: semantic_decoded_path; missing required panoptic file: gazebo_instance_count_path; missing optional panoptic file: colored_map_path; missing optional panoptic file: metadata_path
0.1,perception_rt_small_v0,rt_out/experiments/semantic_ablation_actor_200f,18,18,180,180,46257,cam_wall_south,640,480,1.047,0.1,20.0,0.221056,-4.22159,2.7964,0.000426,0.271157,1.577903,,,,,,false,false,false,false,false,,false,missing,,,,,,,,6,"rx_panda_base,rx_ur5_base,rx_cerberus_base,rx_nao_chest,rx_human_chest,rx_x500_body",frame_id,"[{""frame_id"":""180"",""source_sample_index"":""46257"",""rx_id"":""rx_panda_base"",""num_paths"":""29"",""tau_min"":""7.579527228074312e-09"",""tau_max"":""6.284866316264015e-08"",""delay_spread"":""5.526913593456584e-08"",""path_gain_sum"":""1.8214485919543222e-08"",""path_gain_db"":""-77.39583081652712"",""rx_power_dbm"":""-47.39583081652712"",""sanity_ok"":""True"",""xml_path"":""rt_out/experiments/semantic_ablation_actor_200f/sionna_xml/frame_180_sionna.xml""},{""frame_id"":""180"",""source_sample_index"":""46257"",""rx_id"":""rx_ur5_base"",""num_paths"":""18"",""tau_min"":""5.708055805797585e-09"",""tau_max"":""5.930293767164585e-08"",""delay_spread"":""5.3594881865848265e-08"",""path_gain_sum"":""6.881128342683951e-07"",""path_gain_db"":""-61.62340341877539"",""rx_power_dbm"":""-31.62340341877539"",""sanity_ok"":""True"",""xml_path"":""rt_out/experiments/semantic_ablation_actor_200f/sionna_xml/frame_180_sionna.xml""},{""frame_id"":""180"",""source_sample_index"":""46257"",""rx_id"":""rx_cerberus_base"",""num_paths"":""18"",""tau_min"":""1.574846919538686e-08"",""tau_max"":""5.723669715962387e-08"",""delay_spread"":""4.148822796423701e-08"",""path_gain_sum"":""3.621421384991663e-08"",""path_gain_db"":""-74.41120938168608"",""rx_power_dbm"":""-44.41120938168608"",""sanity_ok"":""True"",""xml_path"":""rt_out/experiments/semantic_ablation_actor_200f/sionna_xml/frame_180_sionna.xml""},{""frame_id"":""180"",""source_sample_index"":""46257"",""rx_id"":""rx_nao_chest"",""num_paths"":""23"",""tau_min"":""1.0787783999433032e-08"",""tau_max"":""6.209720737615498e-08"",""delay_spread"":""5.130942337672195e-08"",""path_gain_sum"":""7.236335619609235e-08"",""path_gain_db"":""-71.40481298865271"",""rx_power_dbm"":""-41.40481298865271"",""sanity_ok"":""True"",""xml_path"":""rt_out/experiments/semantic_ablation_actor_200f/sionna_xml/frame_180_sionna.xml""},{""frame_id"":""180"",""source_sample_index"":""46257"",""rx_id"":""rx_human_chest"",""num_paths"":""21"",""tau_min"":""6.163341392806387e-09"",""tau_max"":""6.431429255826515e-08"",""delay_spread"":""5.8150951165458764e-08"",""path_gain_sum"":""2.240194589830935e-07"",""path_gain_db"":""-66.49714255942916"",""rx_power_dbm"":""-36.497142559429165"",""sanity_ok"":""True"",""xml_path"":""rt_out/experiments/semantic_ablation_actor_200f/sionna_xml/frame_180_sionna.xml""},{""frame_id"":""180"",""source_sample_index"":""46257"",""rx_id"":""rx_x500_body"",""num_paths"":""23"",""tau_min"":""1.7234324189985273e-08"",""tau_max"":""7.465505547088469e-08"",""delay_spread"":""5.742073128089942e-08"",""path_gain_sum"":""3.3723893011483597e-08"",""path_gain_db"":""-74.72062297160716"",""rx_power_dbm"":""-44.720622971607156"",""sanity_ok"":""True"",""xml_path"":""rt_out/experiments/semantic_ablation_actor_200f/sionna_xml/frame_180_sionna.xml""}]",6,"[{""frame_id"":""180"",""source_sample_index"":""46257"",""rx_id"":""rx_cerberus_base"",""delta_num_paths"":""0"",""delta_delay_spread"":""0.0"",""delta_rx_power_db"":""-4.2605478256518836e-07"",""y_path_change"":""0"",""y_path_drop"":""0"",""y_rx_power_drop_0p5db"":""0"",""y_rx_power_drop_1db"":""0"",""y_rx_power_drop_2db"":""0"",""y_delay_spread_increase"":""0"",""y_adaptation_trigger_1db"":""0"",""y_adaptation_trigger_2db"":""0""},{""frame_id"":""180"",""source_sample_index"":""46257"",""rx_id"":""rx_human_chest"",""delta_num_paths"":""0"",""delta_delay_spread"":""0.0"",""delta_rx_power_db"":""5.509964324801331e-07"",""y_path_change"":""0"",""y_path_drop"":""0"",""y_rx_power_drop_0p5db"":""0"",""y_rx_power_drop_1db"":""0"",""y_rx_power_drop_2db"":""0"",""y_delay_spread_increase"":""0"",""y_adaptation_trigger_1db"":""0"",""y_adaptation_trigger_2db"":""0""},{""frame_id"":""180"",""source_sample_index"":""46257"",""rx_id"":""rx_nao_chest"",""delta_num_paths"":""0"",""delta_delay_spread"":""0.0"",""delta_rx_power_db"":""0.0"",""y_path_change"":""0"",""y_path_drop"":""0"",""y_rx_power_drop_0p5db"":""0"",""y_rx_power_drop_1db"":""0"",""y_rx_power_drop_2db"":""0"",""y_delay_spread_increase"":""0"",""y_adaptation_trigger_1db"":""0"",""y_adaptation_trigger_2db"":""0""},{""frame_id"":""180"",""source_sample_index"":""46257"",""rx_id"":""rx_panda_base"",""delta_num_paths"":""0"",""delta_delay_spread"":""0.0"",""delta_rx_power_db"":""-4.2354305662684055e-07"",""y_path_change"":""0"",""y_path_drop"":""0"",""y_rx_power_drop_0p5db"":""0"",""y_rx_power_drop_1db"":""0"",""y_rx_power_drop_2db"":""0"",""y_delay_spread_increase"":""0"",""y_adaptation_trigger_1db"":""0"",""y_adaptation_trigger_2db"":""0""},{""frame_id"":""180"",""source_sample_index"":""46257"",""rx_id"":""rx_ur5_base"",""delta_num_paths"":""0"",""delta_delay_spread"":""0.0"",""delta_rx_power_db"":""0.0"",""y_path_change"":""0"",""y_path_drop"":""0"",""y_rx_power_drop_0p5db"":""0"",""y_rx_power_drop_1db"":""0"",""y_rx_power_drop_2db"":""0"",""y_delay_spread_increase"":""0"",""y_adaptation_trigger_1db"":""0"",""y_adaptation_trigger_2db"":""0""},{""frame_id"":""180"",""source_sample_index"":""46257"",""rx_id"":""rx_x500_body"",""delta_num_paths"":""-1"",""delta_delay_spread"":""0.0"",""delta_rx_power_db"":""-0.06730803665664098"",""y_path_change"":""1"",""y_path_drop"":""1"",""y_rx_power_drop_0p5db"":""0"",""y_rx_power_drop_1db"":""0"",""y_rx_power_drop_2db"":""0"",""y_delay_spread_increase"":""0"",""y_adaptation_trigger_1db"":""0"",""y_adaptation_trigger_2db"":""0""}]",frame_id,rt_out/experiments/perception_rt_small_v0/frames/instance_registry.json,rt_out/experiments/perception_rt_small_v0/configs/semantic_label_map.json,error,missing required panoptic file: panoptic_labels_rgb_path; missing required panoptic file: semantic_decoded_path; missing required panoptic file: gazebo_instance_count_path; missing optional panoptic file: colored_map_path; missing optional panoptic file: metadata_path
0.1,perception_rt_small_v0,rt_out/experiments/semantic_ablation_actor_200f,18,18,180,180,46257,cam_wall_east,640,480,1.047,0.1,20.0,4.38989,-0.157588,2.81304,-0.047579,0.393096,3.098594,,,,,,false,false,false,false,false,,false,missing,,,,,,,,6,"rx_panda_base,rx_ur5_base,rx_cerberus_base,rx_nao_chest,rx_human_chest,rx_x500_body",frame_id,"[{""frame_id"":""180"",""source_sample_index"":""46257"",""rx_id"":""rx_panda_base"",""num_paths"":""29"",""tau_min"":""7.579527228074312e-09"",""tau_max"":""6.284866316264015e-08"",""delay_spread"":""5.526913593456584e-08"",""path_gain_sum"":""1.8214485919543222e-08"",""path_gain_db"":""-77.39583081652712"",""rx_power_dbm"":""-47.39583081652712"",""sanity_ok"":""True"",""xml_path"":""rt_out/experiments/semantic_ablation_actor_200f/sionna_xml/frame_180_sionna.xml""},{""frame_id"":""180"",""source_sample_index"":""46257"",""rx_id"":""rx_ur5_base"",""num_paths"":""18"",""tau_min"":""5.708055805797585e-09"",""tau_max"":""5.930293767164585e-08"",""delay_spread"":""5.3594881865848265e-08"",""path_gain_sum"":""6.881128342683951e-07"",""path_gain_db"":""-61.62340341877539"",""rx_power_dbm"":""-31.62340341877539"",""sanity_ok"":""True"",""xml_path"":""rt_out/experiments/semantic_ablation_actor_200f/sionna_xml/frame_180_sionna.xml""},{""frame_id"":""180"",""source_sample_index"":""46257"",""rx_id"":""rx_cerberus_base"",""num_paths"":""18"",""tau_min"":""1.574846919538686e-08"",""tau_max"":""5.723669715962387e-08"",""delay_spread"":""4.148822796423701e-08"",""path_gain_sum"":""3.621421384991663e-08"",""path_gain_db"":""-74.41120938168608"",""rx_power_dbm"":""-44.41120938168608"",""sanity_ok"":""True"",""xml_path"":""rt_out/experiments/semantic_ablation_actor_200f/sionna_xml/frame_180_sionna.xml""},{""frame_id"":""180"",""source_sample_index"":""46257"",""rx_id"":""rx_nao_chest"",""num_paths"":""23"",""tau_min"":""1.0787783999433032e-08"",""tau_max"":""6.209720737615498e-08"",""delay_spread"":""5.130942337672195e-08"",""path_gain_sum"":""7.236335619609235e-08"",""path_gain_db"":""-71.40481298865271"",""rx_power_dbm"":""-41.40481298865271"",""sanity_ok"":""True"",""xml_path"":""rt_out/experiments/semantic_ablation_actor_200f/sionna_xml/frame_180_sionna.xml""},{""frame_id"":""180"",""source_sample_index"":""46257"",""rx_id"":""rx_human_chest"",""num_paths"":""21"",""tau_min"":""6.163341392806387e-09"",""tau_max"":""6.431429255826515e-08"",""delay_spread"":""5.8150951165458764e-08"",""path_gain_sum"":""2.240194589830935e-07"",""path_gain_db"":""-66.49714255942916"",""rx_power_dbm"":""-36.497142559429165"",""sanity_ok"":""True"",""xml_path"":""rt_out/experiments/semantic_ablation_actor_200f/sionna_xml/frame_180_sionna.xml""},{""frame_id"":""180"",""source_sample_index"":""46257"",""rx_id"":""rx_x500_body"",""num_paths"":""23"",""tau_min"":""1.7234324189985273e-08"",""tau_max"":""7.465505547088469e-08"",""delay_spread"":""5.742073128089942e-08"",""path_gain_sum"":""3.3723893011483597e-08"",""path_gain_db"":""-74.72062297160716"",""rx_power_dbm"":""-44.720622971607156"",""sanity_ok"":""True"",""xml_path"":""rt_out/experiments/semantic_ablation_actor_200f/sionna_xml/frame_180_sionna.xml""}]",6,"[{""frame_id"":""180"",""source_sample_index"":""46257"",""rx_id"":""rx_cerberus_base"",""delta_num_paths"":""0"",""delta_delay_spread"":""0.0"",""delta_rx_power_db"":""-4.2605478256518836e-07"",""y_path_change"":""0"",""y_path_drop"":""0"",""y_rx_power_drop_0p5db"":""0"",""y_rx_power_drop_1db"":""0"",""y_rx_power_drop_2db"":""0"",""y_delay_spread_increase"":""0"",""y_adaptation_trigger_1db"":""0"",""y_adaptation_trigger_2db"":""0""},{""frame_id"":""180"",""source_sample_index"":""46257"",""rx_id"":""rx_human_chest"",""delta_num_paths"":""0"",""delta_delay_spread"":""0.0"",""delta_rx_power_db"":""5.509964324801331e-07"",""y_path_change"":""0"",""y_path_drop"":""0"",""y_rx_power_drop_0p5db"":""0"",""y_rx_power_drop_1db"":""0"",""y_rx_power_drop_2db"":""0"",""y_delay_spread_increase"":""0"",""y_adaptation_trigger_1db"":""0"",""y_adaptation_trigger_2db"":""0""},{""frame_id"":""180"",""source_sample_index"":""46257"",""rx_id"":""rx_nao_chest"",""delta_num_paths"":""0"",""delta_delay_spread"":""0.0"",""delta_rx_power_db"":""0.0"",""y_path_change"":""0"",""y_path_drop"":""0"",""y_rx_power_drop_0p5db"":""0"",""y_rx_power_drop_1db"":""0"",""y_rx_power_drop_2db"":""0"",""y_delay_spread_increase"":""0"",""y_adaptation_trigger_1db"":""0"",""y_adaptation_trigger_2db"":""0""},{""frame_id"":""180"",""source_sample_index"":""46257"",""rx_id"":""rx_panda_base"",""delta_num_paths"":""0"",""delta_delay_spread"":""0.0"",""delta_rx_power_db"":""-4.2354305662684055e-07"",""y_path_change"":""0"",""y_path_drop"":""0"",""y_rx_power_drop_0p5db"":""0"",""y_rx_power_drop_1db"":""0"",""y_rx_power_drop_2db"":""0"",""y_delay_spread_increase"":""0"",""y_adaptation_trigger_1db"":""0"",""y_adaptation_trigger_2db"":""0""},{""frame_id"":""180"",""source_sample_index"":""46257"",""rx_id"":""rx_ur5_base"",""delta_num_paths"":""0"",""delta_delay_spread"":""0.0"",""delta_rx_power_db"":""0.0"",""y_path_change"":""0"",""y_path_drop"":""0"",""y_rx_power_drop_0p5db"":""0"",""y_rx_power_drop_1db"":""0"",""y_rx_power_drop_2db"":""0"",""y_delay_spread_increase"":""0"",""y_adaptation_trigger_1db"":""0"",""y_adaptation_trigger_2db"":""0""},{""frame_id"":""180"",""source_sample_index"":""46257"",""rx_id"":""rx_x500_body"",""delta_num_paths"":""-1"",""delta_delay_spread"":""0.0"",""delta_rx_power_db"":""-0.06730803665664098"",""y_path_change"":""1"",""y_path_drop"":""1"",""y_rx_power_drop_0p5db"":""0"",""y_rx_power_drop_1db"":""0"",""y_rx_power_drop_2db"":""0"",""y_delay_spread_increase"":""0"",""y_adaptation_trigger_1db"":""0"",""y_adaptation_trigger_2db"":""0""}]",frame_id,rt_out/experiments/perception_rt_small_v0/frames/instance_registry.json,rt_out/experiments/perception_rt_small_v0/configs/semantic_label_map.json,error,missing required panoptic file: panoptic_labels_rgb_path; missing required panoptic file: semantic_decoded_path; missing required panoptic file: gazebo_instance_count_path; missing optional panoptic file: colored_map_path; missing optional panoptic file: metadata_path
0.1,perception_rt_small_v0,rt_out/experiments/semantic_ablation_actor_200f,18,18,180,180,46257,cam_wall_west,640,480,1.047,0.1,20.0,-4.368888,-0.03657,2.817008,0.035211,0.406352,0.030119,,,,,,false,false,false,false,false,,false,missing,,,,,,,,6,"rx_panda_base,rx_ur5_base,rx_cerberus_base,rx_nao_chest,rx_human_chest,rx_x500_body",frame_id,"[{""frame_id"":""180"",""source_sample_index"":""46257"",""rx_id"":""rx_panda_base"",""num_paths"":""29"",""tau_min"":""7.579527228074312e-09"",""tau_max"":""6.284866316264015e-08"",""delay_spread"":""5.526913593456584e-08"",""path_gain_sum"":""1.8214485919543222e-08"",""path_gain_db"":""-77.39583081652712"",""rx_power_dbm"":""-47.39583081652712"",""sanity_ok"":""True"",""xml_path"":""rt_out/experiments/semantic_ablation_actor_200f/sionna_xml/frame_180_sionna.xml""},{""frame_id"":""180"",""source_sample_index"":""46257"",""rx_id"":""rx_ur5_base"",""num_paths"":""18"",""tau_min"":""5.708055805797585e-09"",""tau_max"":""5.930293767164585e-08"",""delay_spread"":""5.3594881865848265e-08"",""path_gain_sum"":""6.881128342683951e-07"",""path_gain_db"":""-61.62340341877539"",""rx_power_dbm"":""-31.62340341877539"",""sanity_ok"":""True"",""xml_path"":""rt_out/experiments/semantic_ablation_actor_200f/sionna_xml/frame_180_sionna.xml""},{""frame_id"":""180"",""source_sample_index"":""46257"",""rx_id"":""rx_cerberus_base"",""num_paths"":""18"",""tau_min"":""1.574846919538686e-08"",""tau_max"":""5.723669715962387e-08"",""delay_spread"":""4.148822796423701e-08"",""path_gain_sum"":""3.621421384991663e-08"",""path_gain_db"":""-74.41120938168608"",""rx_power_dbm"":""-44.41120938168608"",""sanity_ok"":""True"",""xml_path"":""rt_out/experiments/semantic_ablation_actor_200f/sionna_xml/frame_180_sionna.xml""},{""frame_id"":""180"",""source_sample_index"":""46257"",""rx_id"":""rx_nao_chest"",""num_paths"":""23"",""tau_min"":""1.0787783999433032e-08"",""tau_max"":""6.209720737615498e-08"",""delay_spread"":""5.130942337672195e-08"",""path_gain_sum"":""7.236335619609235e-08"",""path_gain_db"":""-71.40481298865271"",""rx_power_dbm"":""-41.40481298865271"",""sanity_ok"":""True"",""xml_path"":""rt_out/experiments/semantic_ablation_actor_200f/sionna_xml/frame_180_sionna.xml""},{""frame_id"":""180"",""source_sample_index"":""46257"",""rx_id"":""rx_human_chest"",""num_paths"":""21"",""tau_min"":""6.163341392806387e-09"",""tau_max"":""6.431429255826515e-08"",""delay_spread"":""5.8150951165458764e-08"",""path_gain_sum"":""2.240194589830935e-07"",""path_gain_db"":""-66.49714255942916"",""rx_power_dbm"":""-36.497142559429165"",""sanity_ok"":""True"",""xml_path"":""rt_out/experiments/semantic_ablation_actor_200f/sionna_xml/frame_180_sionna.xml""},{""frame_id"":""180"",""source_sample_index"":""46257"",""rx_id"":""rx_x500_body"",""num_paths"":""23"",""tau_min"":""1.7234324189985273e-08"",""tau_max"":""7.465505547088469e-08"",""delay_spread"":""5.742073128089942e-08"",""path_gain_sum"":""3.3723893011483597e-08"",""path_gain_db"":""-74.72062297160716"",""rx_power_dbm"":""-44.720622971607156"",""sanity_ok"":""True"",""xml_path"":""rt_out/experiments/semantic_ablation_actor_200f/sionna_xml/frame_180_sionna.xml""}]",6,"[{""frame_id"":""180"",""source_sample_index"":""46257"",""rx_id"":""rx_cerberus_base"",""delta_num_paths"":""0"",""delta_delay_spread"":""0.0"",""delta_rx_power_db"":""-4.2605478256518836e-07"",""y_path_change"":""0"",""y_path_drop"":""0"",""y_rx_power_drop_0p5db"":""0"",""y_rx_power_drop_1db"":""0"",""y_rx_power_drop_2db"":""0"",""y_delay_spread_increase"":""0"",""y_adaptation_trigger_1db"":""0"",""y_adaptation_trigger_2db"":""0""},{""frame_id"":""180"",""source_sample_index"":""46257"",""rx_id"":""rx_human_chest"",""delta_num_paths"":""0"",""delta_delay_spread"":""0.0"",""delta_rx_power_db"":""5.509964324801331e-07"",""y_path_change"":""0"",""y_path_drop"":""0"",""y_rx_power_drop_0p5db"":""0"",""y_rx_power_drop_1db"":""0"",""y_rx_power_drop_2db"":""0"",""y_delay_spread_increase"":""0"",""y_adaptation_trigger_1db"":""0"",""y_adaptation_trigger_2db"":""0""},{""frame_id"":""180"",""source_sample_index"":""46257"",""rx_id"":""rx_nao_chest"",""delta_num_paths"":""0"",""delta_delay_spread"":""0.0"",""delta_rx_power_db"":""0.0"",""y_path_change"":""0"",""y_path_drop"":""0"",""y_rx_power_drop_0p5db"":""0"",""y_rx_power_drop_1db"":""0"",""y_rx_power_drop_2db"":""0"",""y_delay_spread_increase"":""0"",""y_adaptation_trigger_1db"":""0"",""y_adaptation_trigger_2db"":""0""},{""frame_id"":""180"",""source_sample_index"":""46257"",""rx_id"":""rx_panda_base"",""delta_num_paths"":""0"",""delta_delay_spread"":""0.0"",""delta_rx_power_db"":""-4.2354305662684055e-07"",""y_path_change"":""0"",""y_path_drop"":""0"",""y_rx_power_drop_0p5db"":""0"",""y_rx_power_drop_1db"":""0"",""y_rx_power_drop_2db"":""0"",""y_delay_spread_increase"":""0"",""y_adaptation_trigger_1db"":""0"",""y_adaptation_trigger_2db"":""0""},{""frame_id"":""180"",""source_sample_index"":""46257"",""rx_id"":""rx_ur5_base"",""delta_num_paths"":""0"",""delta_delay_spread"":""0.0"",""delta_rx_power_db"":""0.0"",""y_path_change"":""0"",""y_path_drop"":""0"",""y_rx_power_drop_0p5db"":""0"",""y_rx_power_drop_1db"":""0"",""y_rx_power_drop_2db"":""0"",""y_delay_spread_increase"":""0"",""y_adaptation_trigger_1db"":""0"",""y_adaptation_trigger_2db"":""0""},{""frame_id"":""180"",""source_sample_index"":""46257"",""rx_id"":""rx_x500_body"",""delta_num_paths"":""-1"",""delta_delay_spread"":""0.0"",""delta_rx_power_db"":""-0.06730803665664098"",""y_path_change"":""1"",""y_path_drop"":""1"",""y_rx_power_drop_0p5db"":""0"",""y_rx_power_drop_1db"":""0"",""y_rx_power_drop_2db"":""0"",""y_delay_spread_increase"":""0"",""y_adaptation_trigger_1db"":""0"",""y_adaptation_trigger_2db"":""0""}]",frame_id,rt_out/experiments/perception_rt_small_v0/frames/instance_registry.json,rt_out/experiments/perception_rt_small_v0/configs/semantic_label_map.json,error,missing required panoptic file: panoptic_labels_rgb_path; missing required panoptic file: semantic_decoded_path; missing required panoptic file: gazebo_instance_count_path; missing optional panoptic file: colored_map_path; missing optional panoptic file: metadata_path
0.1,perception_rt_small_v0,rt_out/experiments/semantic_ablation_actor_200f,19,19,190,190,48827,cam_corner_nw,640,480,1.047,0.1,20.0,-4.368888,4.38902,2.76265,-0.018875,0.447306,-0.787697,,,,,,false,false,false,false,false,,false,missing,,,,,,,,6,"rx_panda_base,rx_ur5_base,rx_cerberus_base,rx_nao_chest,rx_human_chest,rx_x500_body",frame_id,"[{""frame_id"":""190"",""source_sample_index"":""48827"",""rx_id"":""rx_panda_base"",""num_paths"":""25"",""tau_min"":""7.579527228074312e-09"",""tau_max"":""6.284866316264015e-08"",""delay_spread"":""5.526913593456584e-08"",""path_gain_sum"":""1.814251504583808e-08"",""path_gain_db"":""-77.41302508079865"",""rx_power_dbm"":""-47.41302508079865"",""sanity_ok"":""True"",""xml_path"":""rt_out/experiments/semantic_ablation_actor_200f/sionna_xml/frame_190_sionna.xml""},{""frame_id"":""190"",""source_sample_index"":""48827"",""rx_id"":""rx_ur5_base"",""num_paths"":""18"",""tau_min"":""5.708055805797585e-09"",""tau_max"":""5.930293767164585e-08"",""delay_spread"":""5.3594881865848265e-08"",""path_gain_sum"":""6.881128342683951e-07"",""path_gain_db"":""-61.62340341877539"",""rx_power_dbm"":""-31.62340341877539"",""sanity_ok"":""True"",""xml_path"":""rt_out/experiments/semantic_ablation_actor_200f/sionna_xml/frame_190_sionna.xml""},{""frame_id"":""190"",""source_sample_index"":""48827"",""rx_id"":""rx_cerberus_base"",""num_paths"":""17"",""tau_min"":""1.574846919538686e-08"",""tau_max"":""5.478522524526852e-08"",""delay_spread"":""3.903675604988166e-08"",""path_gain_sum"":""3.617294197511001e-08"",""path_gain_db"":""-74.41616168274675"",""rx_power_dbm"":""-44.41616168274675"",""sanity_ok"":""True"",""xml_path"":""rt_out/experiments/semantic_ablation_actor_200f/sionna_xml/frame_190_sionna.xml""},{""frame_id"":""190"",""source_sample_index"":""48827"",""rx_id"":""rx_nao_chest"",""num_paths"":""24"",""tau_min"":""1.0787783999433032e-08"",""tau_max"":""6.209720737615498e-08"",""delay_spread"":""5.130942337672195e-08"",""path_gain_sum"":""7.249248312746204e-08"",""path_gain_db"":""-71.39707023849851"",""rx_power_dbm"":""-41.397070238498515"",""sanity_ok"":""True"",""xml_path"":""rt_out/experiments/semantic_ablation_actor_200f/sionna_xml/frame_190_sionna.xml""},{""frame_id"":""190"",""source_sample_index"":""48827"",""rx_id"":""rx_human_chest"",""num_paths"":""21"",""tau_min"":""6.163341392806387e-09"",""tau_max"":""6.431429255826515e-08"",""delay_spread"":""5.8150951165458764e-08"",""path_gain_sum"":""2.2401947319394822e-07"",""path_gain_db"":""-66.49714228393097"",""rx_power_dbm"":""-36.49714228393097"",""sanity_ok"":""True"",""xml_path"":""rt_out/experiments/semantic_ablation_actor_200f/sionna_xml/frame_190_sionna.xml""},{""frame_id"":""190"",""source_sample_index"":""48827"",""rx_id"":""rx_x500_body"",""num_paths"":""23"",""tau_min"":""1.7234324189985273e-08"",""tau_max"":""7.465505547088469e-08"",""delay_spread"":""5.742073128089942e-08"",""path_gain_sum"":""3.3723893011483597e-08"",""path_gain_db"":""-74.72062297160716"",""rx_power_dbm"":""-44.720622971607156"",""sanity_ok"":""True"",""xml_path"":""rt_out/experiments/semantic_ablation_actor_200f/sionna_xml/frame_190_sionna.xml""}]",6,"[{""frame_id"":""190"",""source_sample_index"":""48827"",""rx_id"":""rx_cerberus_base"",""delta_num_paths"":""-1"",""delta_delay_spread"":""-2.451471914355352e-09"",""delta_rx_power_db"":""-0.004952727115451694"",""y_path_change"":""1"",""y_path_drop"":""1"",""y_rx_power_drop_0p5db"":""0"",""y_rx_power_drop_1db"":""0"",""y_rx_power_drop_2db"":""0"",""y_delay_spread_increase"":""0"",""y_adaptation_trigger_1db"":""0"",""y_adaptation_trigger_2db"":""0""},{""frame_id"":""190"",""source_sample_index"":""48827"",""rx_id"":""rx_human_chest"",""delta_num_paths"":""0"",""delta_delay_spread"":""0.0"",""delta_rx_power_db"":""2.7549819492378447e-07"",""y_path_change"":""0"",""y_path_drop"":""0"",""y_rx_power_drop_0p5db"":""0"",""y_rx_power_drop_1db"":""0"",""y_rx_power_drop_2db"":""0"",""y_delay_spread_increase"":""0"",""y_adaptation_trigger_1db"":""0"",""y_adaptation_trigger_2db"":""0""},{""frame_id"":""190"",""source_sample_index"":""48827"",""rx_id"":""rx_nao_chest"",""delta_num_paths"":""1"",""delta_delay_spread"":""0.0"",""delta_rx_power_db"":""0.0003784445209760179"",""y_path_change"":""1"",""y_path_drop"":""0"",""y_rx_power_drop_0p5db"":""0"",""y_rx_power_drop_1db"":""0"",""y_rx_power_drop_2db"":""0"",""y_delay_spread_increase"":""0"",""y_adaptation_trigger_1db"":""0"",""y_adaptation_trigger_2db"":""0""},{""frame_id"":""190"",""source_sample_index"":""48827"",""rx_id"":""rx_panda_base"",""delta_num_paths"":""0"",""delta_delay_spread"":""0.0"",""delta_rx_power_db"":""0.0"",""y_path_change"":""0"",""y_path_drop"":""0"",""y_rx_power_drop_0p5db"":""0"",""y_rx_power_drop_1db"":""0"",""y_rx_power_drop_2db"":""0"",""y_delay_spread_increase"":""0"",""y_adaptation_trigger_1db"":""0"",""y_adaptation_trigger_2db"":""0""},{""frame_id"":""190"",""source_sample_index"":""48827"",""rx_id"":""rx_ur5_base"",""delta_num_paths"":""0"",""delta_delay_spread"":""0.0"",""delta_rx_power_db"":""0.0"",""y_path_change"":""0"",""y_path_drop"":""0"",""y_rx_power_drop_0p5db"":""0"",""y_rx_power_drop_1db"":""0"",""y_rx_power_drop_2db"":""0"",""y_delay_spread_increase"":""0"",""y_adaptation_trigger_1db"":""0"",""y_adaptation_trigger_2db"":""0""},{""frame_id"":""190"",""source_sample_index"":""48827"",""rx_id"":""rx_x500_body"",""delta_num_paths"":""0"",""delta_delay_spread"":""0.0"",""delta_rx_power_db"":""0.0"",""y_path_change"":""0"",""y_path_drop"":""0"",""y_rx_power_drop_0p5db"":""0"",""y_rx_power_drop_1db"":""0"",""y_rx_power_drop_2db"":""0"",""y_delay_spread_increase"":""0"",""y_adaptation_trigger_1db"":""0"",""y_adaptation_trigger_2db"":""0""}]",frame_id,rt_out/experiments/perception_rt_small_v0/frames/instance_registry.json,rt_out/experiments/perception_rt_small_v0/configs/semantic_label_map.json,error,missing required panoptic file: panoptic_labels_rgb_path; missing required panoptic file: semantic_decoded_path; missing required panoptic file: gazebo_instance_count_path; missing optional panoptic file: colored_map_path; missing optional panoptic file: metadata_path
0.1,perception_rt_small_v0,rt_out/experiments/semantic_ablation_actor_200f,19,19,190,190,48827,cam_corner_ne,640,480,1.047,0.1,20.0,4.38989,4.38902,2.76265,-0.018875,0.447306,-2.356294,,,,,,false,false,false,false,false,,false,missing,,,,,,,,6,"rx_panda_base,rx_ur5_base,rx_cerberus_base,rx_nao_chest,rx_human_chest,rx_x500_body",frame_id,"[{""frame_id"":""190"",""source_sample_index"":""48827"",""rx_id"":""rx_panda_base"",""num_paths"":""25"",""tau_min"":""7.579527228074312e-09"",""tau_max"":""6.284866316264015e-08"",""delay_spread"":""5.526913593456584e-08"",""path_gain_sum"":""1.814251504583808e-08"",""path_gain_db"":""-77.41302508079865"",""rx_power_dbm"":""-47.41302508079865"",""sanity_ok"":""True"",""xml_path"":""rt_out/experiments/semantic_ablation_actor_200f/sionna_xml/frame_190_sionna.xml""},{""frame_id"":""190"",""source_sample_index"":""48827"",""rx_id"":""rx_ur5_base"",""num_paths"":""18"",""tau_min"":""5.708055805797585e-09"",""tau_max"":""5.930293767164585e-08"",""delay_spread"":""5.3594881865848265e-08"",""path_gain_sum"":""6.881128342683951e-07"",""path_gain_db"":""-61.62340341877539"",""rx_power_dbm"":""-31.62340341877539"",""sanity_ok"":""True"",""xml_path"":""rt_out/experiments/semantic_ablation_actor_200f/sionna_xml/frame_190_sionna.xml""},{""frame_id"":""190"",""source_sample_index"":""48827"",""rx_id"":""rx_cerberus_base"",""num_paths"":""17"",""tau_min"":""1.574846919538686e-08"",""tau_max"":""5.478522524526852e-08"",""delay_spread"":""3.903675604988166e-08"",""path_gain_sum"":""3.617294197511001e-08"",""path_gain_db"":""-74.41616168274675"",""rx_power_dbm"":""-44.41616168274675"",""sanity_ok"":""True"",""xml_path"":""rt_out/experiments/semantic_ablation_actor_200f/sionna_xml/frame_190_sionna.xml""},{""frame_id"":""190"",""source_sample_index"":""48827"",""rx_id"":""rx_nao_chest"",""num_paths"":""24"",""tau_min"":""1.0787783999433032e-08"",""tau_max"":""6.209720737615498e-08"",""delay_spread"":""5.130942337672195e-08"",""path_gain_sum"":""7.249248312746204e-08"",""path_gain_db"":""-71.39707023849851"",""rx_power_dbm"":""-41.397070238498515"",""sanity_ok"":""True"",""xml_path"":""rt_out/experiments/semantic_ablation_actor_200f/sionna_xml/frame_190_sionna.xml""},{""frame_id"":""190"",""source_sample_index"":""48827"",""rx_id"":""rx_human_chest"",""num_paths"":""21"",""tau_min"":""6.163341392806387e-09"",""tau_max"":""6.431429255826515e-08"",""delay_spread"":""5.8150951165458764e-08"",""path_gain_sum"":""2.2401947319394822e-07"",""path_gain_db"":""-66.49714228393097"",""rx_power_dbm"":""-36.49714228393097"",""sanity_ok"":""True"",""xml_path"":""rt_out/experiments/semantic_ablation_actor_200f/sionna_xml/frame_190_sionna.xml""},{""frame_id"":""190"",""source_sample_index"":""48827"",""rx_id"":""rx_x500_body"",""num_paths"":""23"",""tau_min"":""1.7234324189985273e-08"",""tau_max"":""7.465505547088469e-08"",""delay_spread"":""5.742073128089942e-08"",""path_gain_sum"":""3.3723893011483597e-08"",""path_gain_db"":""-74.72062297160716"",""rx_power_dbm"":""-44.720622971607156"",""sanity_ok"":""True"",""xml_path"":""rt_out/experiments/semantic_ablation_actor_200f/sionna_xml/frame_190_sionna.xml""}]",6,"[{""frame_id"":""190"",""source_sample_index"":""48827"",""rx_id"":""rx_cerberus_base"",""delta_num_paths"":""-1"",""delta_delay_spread"":""-2.451471914355352e-09"",""delta_rx_power_db"":""-0.004952727115451694"",""y_path_change"":""1"",""y_path_drop"":""1"",""y_rx_power_drop_0p5db"":""0"",""y_rx_power_drop_1db"":""0"",""y_rx_power_drop_2db"":""0"",""y_delay_spread_increase"":""0"",""y_adaptation_trigger_1db"":""0"",""y_adaptation_trigger_2db"":""0""},{""frame_id"":""190"",""source_sample_index"":""48827"",""rx_id"":""rx_human_chest"",""delta_num_paths"":""0"",""delta_delay_spread"":""0.0"",""delta_rx_power_db"":""2.7549819492378447e-07"",""y_path_change"":""0"",""y_path_drop"":""0"",""y_rx_power_drop_0p5db"":""0"",""y_rx_power_drop_1db"":""0"",""y_rx_power_drop_2db"":""0"",""y_delay_spread_increase"":""0"",""y_adaptation_trigger_1db"":""0"",""y_adaptation_trigger_2db"":""0""},{""frame_id"":""190"",""source_sample_index"":""48827"",""rx_id"":""rx_nao_chest"",""delta_num_paths"":""1"",""delta_delay_spread"":""0.0"",""delta_rx_power_db"":""0.0003784445209760179"",""y_path_change"":""1"",""y_path_drop"":""0"",""y_rx_power_drop_0p5db"":""0"",""y_rx_power_drop_1db"":""0"",""y_rx_power_drop_2db"":""0"",""y_delay_spread_increase"":""0"",""y_adaptation_trigger_1db"":""0"",""y_adaptation_trigger_2db"":""0""},{""frame_id"":""190"",""source_sample_index"":""48827"",""rx_id"":""rx_panda_base"",""delta_num_paths"":""0"",""delta_delay_spread"":""0.0"",""delta_rx_power_db"":""0.0"",""y_path_change"":""0"",""y_path_drop"":""0"",""y_rx_power_drop_0p5db"":""0"",""y_rx_power_drop_1db"":""0"",""y_rx_power_drop_2db"":""0"",""y_delay_spread_increase"":""0"",""y_adaptation_trigger_1db"":""0"",""y_adaptation_trigger_2db"":""0""},{""frame_id"":""190"",""source_sample_index"":""48827"",""rx_id"":""rx_ur5_base"",""delta_num_paths"":""0"",""delta_delay_spread"":""0.0"",""delta_rx_power_db"":""0.0"",""y_path_change"":""0"",""y_path_drop"":""0"",""y_rx_power_drop_0p5db"":""0"",""y_rx_power_drop_1db"":""0"",""y_rx_power_drop_2db"":""0"",""y_delay_spread_increase"":""0"",""y_adaptation_trigger_1db"":""0"",""y_adaptation_trigger_2db"":""0""},{""frame_id"":""190"",""source_sample_index"":""48827"",""rx_id"":""rx_x500_body"",""delta_num_paths"":""0"",""delta_delay_spread"":""0.0"",""delta_rx_power_db"":""0.0"",""y_path_change"":""0"",""y_path_drop"":""0"",""y_rx_power_drop_0p5db"":""0"",""y_rx_power_drop_1db"":""0"",""y_rx_power_drop_2db"":""0"",""y_delay_spread_increase"":""0"",""y_adaptation_trigger_1db"":""0"",""y_adaptation_trigger_2db"":""0""}]",frame_id,rt_out/experiments/perception_rt_small_v0/frames/instance_registry.json,rt_out/experiments/perception_rt_small_v0/configs/semantic_label_map.json,error,missing required panoptic file: panoptic_labels_rgb_path; missing required panoptic file: semantic_decoded_path; missing required panoptic file: gazebo_instance_count_path; missing optional panoptic file: colored_map_path; missing optional panoptic file: metadata_path
0.1,perception_rt_small_v0,rt_out/experiments/semantic_ablation_actor_200f,19,19,190,190,48827,cam_corner_sw,640,480,1.047,0.1,20.0,-4.2766,-4.27322,2.72007,-0.014193,0.518246,0.774445,,,,,,false,false,false,false,false,,false,missing,,,,,,,,6,"rx_panda_base,rx_ur5_base,rx_cerberus_base,rx_nao_chest,rx_human_chest,rx_x500_body",frame_id,"[{""frame_id"":""190"",""source_sample_index"":""48827"",""rx_id"":""rx_panda_base"",""num_paths"":""25"",""tau_min"":""7.579527228074312e-09"",""tau_max"":""6.284866316264015e-08"",""delay_spread"":""5.526913593456584e-08"",""path_gain_sum"":""1.814251504583808e-08"",""path_gain_db"":""-77.41302508079865"",""rx_power_dbm"":""-47.41302508079865"",""sanity_ok"":""True"",""xml_path"":""rt_out/experiments/semantic_ablation_actor_200f/sionna_xml/frame_190_sionna.xml""},{""frame_id"":""190"",""source_sample_index"":""48827"",""rx_id"":""rx_ur5_base"",""num_paths"":""18"",""tau_min"":""5.708055805797585e-09"",""tau_max"":""5.930293767164585e-08"",""delay_spread"":""5.3594881865848265e-08"",""path_gain_sum"":""6.881128342683951e-07"",""path_gain_db"":""-61.62340341877539"",""rx_power_dbm"":""-31.62340341877539"",""sanity_ok"":""True"",""xml_path"":""rt_out/experiments/semantic_ablation_actor_200f/sionna_xml/frame_190_sionna.xml""},{""frame_id"":""190"",""source_sample_index"":""48827"",""rx_id"":""rx_cerberus_base"",""num_paths"":""17"",""tau_min"":""1.574846919538686e-08"",""tau_max"":""5.478522524526852e-08"",""delay_spread"":""3.903675604988166e-08"",""path_gain_sum"":""3.617294197511001e-08"",""path_gain_db"":""-74.41616168274675"",""rx_power_dbm"":""-44.41616168274675"",""sanity_ok"":""True"",""xml_path"":""rt_out/experiments/semantic_ablation_actor_200f/sionna_xml/frame_190_sionna.xml""},{""frame_id"":""190"",""source_sample_index"":""48827"",""rx_id"":""rx_nao_chest"",""num_paths"":""24"",""tau_min"":""1.0787783999433032e-08"",""tau_max"":""6.209720737615498e-08"",""delay_spread"":""5.130942337672195e-08"",""path_gain_sum"":""7.249248312746204e-08"",""path_gain_db"":""-71.39707023849851"",""rx_power_dbm"":""-41.397070238498515"",""sanity_ok"":""True"",""xml_path"":""rt_out/experiments/semantic_ablation_actor_200f/sionna_xml/frame_190_sionna.xml""},{""frame_id"":""190"",""source_sample_index"":""48827"",""rx_id"":""rx_human_chest"",""num_paths"":""21"",""tau_min"":""6.163341392806387e-09"",""tau_max"":""6.431429255826515e-08"",""delay_spread"":""5.8150951165458764e-08"",""path_gain_sum"":""2.2401947319394822e-07"",""path_gain_db"":""-66.49714228393097"",""rx_power_dbm"":""-36.49714228393097"",""sanity_ok"":""True"",""xml_path"":""rt_out/experiments/semantic_ablation_actor_200f/sionna_xml/frame_190_sionna.xml""},{""frame_id"":""190"",""source_sample_index"":""48827"",""rx_id"":""rx_x500_body"",""num_paths"":""23"",""tau_min"":""1.7234324189985273e-08"",""tau_max"":""7.465505547088469e-08"",""delay_spread"":""5.742073128089942e-08"",""path_gain_sum"":""3.3723893011483597e-08"",""path_gain_db"":""-74.72062297160716"",""rx_power_dbm"":""-44.720622971607156"",""sanity_ok"":""True"",""xml_path"":""rt_out/experiments/semantic_ablation_actor_200f/sionna_xml/frame_190_sionna.xml""}]",6,"[{""frame_id"":""190"",""source_sample_index"":""48827"",""rx_id"":""rx_cerberus_base"",""delta_num_paths"":""-1"",""delta_delay_spread"":""-2.451471914355352e-09"",""delta_rx_power_db"":""-0.004952727115451694"",""y_path_change"":""1"",""y_path_drop"":""1"",""y_rx_power_drop_0p5db"":""0"",""y_rx_power_drop_1db"":""0"",""y_rx_power_drop_2db"":""0"",""y_delay_spread_increase"":""0"",""y_adaptation_trigger_1db"":""0"",""y_adaptation_trigger_2db"":""0""},{""frame_id"":""190"",""source_sample_index"":""48827"",""rx_id"":""rx_human_chest"",""delta_num_paths"":""0"",""delta_delay_spread"":""0.0"",""delta_rx_power_db"":""2.7549819492378447e-07"",""y_path_change"":""0"",""y_path_drop"":""0"",""y_rx_power_drop_0p5db"":""0"",""y_rx_power_drop_1db"":""0"",""y_rx_power_drop_2db"":""0"",""y_delay_spread_increase"":""0"",""y_adaptation_trigger_1db"":""0"",""y_adaptation_trigger_2db"":""0""},{""frame_id"":""190"",""source_sample_index"":""48827"",""rx_id"":""rx_nao_chest"",""delta_num_paths"":""1"",""delta_delay_spread"":""0.0"",""delta_rx_power_db"":""0.0003784445209760179"",""y_path_change"":""1"",""y_path_drop"":""0"",""y_rx_power_drop_0p5db"":""0"",""y_rx_power_drop_1db"":""0"",""y_rx_power_drop_2db"":""0"",""y_delay_spread_increase"":""0"",""y_adaptation_trigger_1db"":""0"",""y_adaptation_trigger_2db"":""0""},{""frame_id"":""190"",""source_sample_index"":""48827"",""rx_id"":""rx_panda_base"",""delta_num_paths"":""0"",""delta_delay_spread"":""0.0"",""delta_rx_power_db"":""0.0"",""y_path_change"":""0"",""y_path_drop"":""0"",""y_rx_power_drop_0p5db"":""0"",""y_rx_power_drop_1db"":""0"",""y_rx_power_drop_2db"":""0"",""y_delay_spread_increase"":""0"",""y_adaptation_trigger_1db"":""0"",""y_adaptation_trigger_2db"":""0""},{""frame_id"":""190"",""source_sample_index"":""48827"",""rx_id"":""rx_ur5_base"",""delta_num_paths"":""0"",""delta_delay_spread"":""0.0"",""delta_rx_power_db"":""0.0"",""y_path_change"":""0"",""y_path_drop"":""0"",""y_rx_power_drop_0p5db"":""0"",""y_rx_power_drop_1db"":""0"",""y_rx_power_drop_2db"":""0"",""y_delay_spread_increase"":""0"",""y_adaptation_trigger_1db"":""0"",""y_adaptation_trigger_2db"":""0""},{""frame_id"":""190"",""source_sample_index"":""48827"",""rx_id"":""rx_x500_body"",""delta_num_paths"":""0"",""delta_delay_spread"":""0.0"",""delta_rx_power_db"":""0.0"",""y_path_change"":""0"",""y_path_drop"":""0"",""y_rx_power_drop_0p5db"":""0"",""y_rx_power_drop_1db"":""0"",""y_rx_power_drop_2db"":""0"",""y_delay_spread_increase"":""0"",""y_adaptation_trigger_1db"":""0"",""y_adaptation_trigger_2db"":""0""}]",frame_id,rt_out/experiments/perception_rt_small_v0/frames/instance_registry.json,rt_out/experiments/perception_rt_small_v0/configs/semantic_label_map.json,error,missing required panoptic file: panoptic_labels_rgb_path; missing required panoptic file: semantic_decoded_path; missing required panoptic file: gazebo_instance_count_path; missing optional panoptic file: colored_map_path; missing optional panoptic file: metadata_path
0.1,perception_rt_small_v0,rt_out/experiments/semantic_ablation_actor_200f,19,19,190,190,48827,cam_corner_se,640,480,1.047,0.1,20.0,4.44776,-4.40805,2.80523,-0.023556,0.376367,2.408296,,,,,,false,false,false,false,false,,false,missing,,,,,,,,6,"rx_panda_base,rx_ur5_base,rx_cerberus_base,rx_nao_chest,rx_human_chest,rx_x500_body",frame_id,"[{""frame_id"":""190"",""source_sample_index"":""48827"",""rx_id"":""rx_panda_base"",""num_paths"":""25"",""tau_min"":""7.579527228074312e-09"",""tau_max"":""6.284866316264015e-08"",""delay_spread"":""5.526913593456584e-08"",""path_gain_sum"":""1.814251504583808e-08"",""path_gain_db"":""-77.41302508079865"",""rx_power_dbm"":""-47.41302508079865"",""sanity_ok"":""True"",""xml_path"":""rt_out/experiments/semantic_ablation_actor_200f/sionna_xml/frame_190_sionna.xml""},{""frame_id"":""190"",""source_sample_index"":""48827"",""rx_id"":""rx_ur5_base"",""num_paths"":""18"",""tau_min"":""5.708055805797585e-09"",""tau_max"":""5.930293767164585e-08"",""delay_spread"":""5.3594881865848265e-08"",""path_gain_sum"":""6.881128342683951e-07"",""path_gain_db"":""-61.62340341877539"",""rx_power_dbm"":""-31.62340341877539"",""sanity_ok"":""True"",""xml_path"":""rt_out/experiments/semantic_ablation_actor_200f/sionna_xml/frame_190_sionna.xml""},{""frame_id"":""190"",""source_sample_index"":""48827"",""rx_id"":""rx_cerberus_base"",""num_paths"":""17"",""tau_min"":""1.574846919538686e-08"",""tau_max"":""5.478522524526852e-08"",""delay_spread"":""3.903675604988166e-08"",""path_gain_sum"":""3.617294197511001e-08"",""path_gain_db"":""-74.41616168274675"",""rx_power_dbm"":""-44.41616168274675"",""sanity_ok"":""True"",""xml_path"":""rt_out/experiments/semantic_ablation_actor_200f/sionna_xml/frame_190_sionna.xml""},{""frame_id"":""190"",""source_sample_index"":""48827"",""rx_id"":""rx_nao_chest"",""num_paths"":""24"",""tau_min"":""1.0787783999433032e-08"",""tau_max"":""6.209720737615498e-08"",""delay_spread"":""5.130942337672195e-08"",""path_gain_sum"":""7.249248312746204e-08"",""path_gain_db"":""-71.39707023849851"",""rx_power_dbm"":""-41.397070238498515"",""sanity_ok"":""True"",""xml_path"":""rt_out/experiments/semantic_ablation_actor_200f/sionna_xml/frame_190_sionna.xml""},{""frame_id"":""190"",""source_sample_index"":""48827"",""rx_id"":""rx_human_chest"",""num_paths"":""21"",""tau_min"":""6.163341392806387e-09"",""tau_max"":""6.431429255826515e-08"",""delay_spread"":""5.8150951165458764e-08"",""path_gain_sum"":""2.2401947319394822e-07"",""path_gain_db"":""-66.49714228393097"",""rx_power_dbm"":""-36.49714228393097"",""sanity_ok"":""True"",""xml_path"":""rt_out/experiments/semantic_ablation_actor_200f/sionna_xml/frame_190_sionna.xml""},{""frame_id"":""190"",""source_sample_index"":""48827"",""rx_id"":""rx_x500_body"",""num_paths"":""23"",""tau_min"":""1.7234324189985273e-08"",""tau_max"":""7.465505547088469e-08"",""delay_spread"":""5.742073128089942e-08"",""path_gain_sum"":""3.3723893011483597e-08"",""path_gain_db"":""-74.72062297160716"",""rx_power_dbm"":""-44.720622971607156"",""sanity_ok"":""True"",""xml_path"":""rt_out/experiments/semantic_ablation_actor_200f/sionna_xml/frame_190_sionna.xml""}]",6,"[{""frame_id"":""190"",""source_sample_index"":""48827"",""rx_id"":""rx_cerberus_base"",""delta_num_paths"":""-1"",""delta_delay_spread"":""-2.451471914355352e-09"",""delta_rx_power_db"":""-0.004952727115451694"",""y_path_change"":""1"",""y_path_drop"":""1"",""y_rx_power_drop_0p5db"":""0"",""y_rx_power_drop_1db"":""0"",""y_rx_power_drop_2db"":""0"",""y_delay_spread_increase"":""0"",""y_adaptation_trigger_1db"":""0"",""y_adaptation_trigger_2db"":""0""},{""frame_id"":""190"",""source_sample_index"":""48827"",""rx_id"":""rx_human_chest"",""delta_num_paths"":""0"",""delta_delay_spread"":""0.0"",""delta_rx_power_db"":""2.7549819492378447e-07"",""y_path_change"":""0"",""y_path_drop"":""0"",""y_rx_power_drop_0p5db"":""0"",""y_rx_power_drop_1db"":""0"",""y_rx_power_drop_2db"":""0"",""y_delay_spread_increase"":""0"",""y_adaptation_trigger_1db"":""0"",""y_adaptation_trigger_2db"":""0""},{""frame_id"":""190"",""source_sample_index"":""48827"",""rx_id"":""rx_nao_chest"",""delta_num_paths"":""1"",""delta_delay_spread"":""0.0"",""delta_rx_power_db"":""0.0003784445209760179"",""y_path_change"":""1"",""y_path_drop"":""0"",""y_rx_power_drop_0p5db"":""0"",""y_rx_power_drop_1db"":""0"",""y_rx_power_drop_2db"":""0"",""y_delay_spread_increase"":""0"",""y_adaptation_trigger_1db"":""0"",""y_adaptation_trigger_2db"":""0""},{""frame_id"":""190"",""source_sample_index"":""48827"",""rx_id"":""rx_panda_base"",""delta_num_paths"":""0"",""delta_delay_spread"":""0.0"",""delta_rx_power_db"":""0.0"",""y_path_change"":""0"",""y_path_drop"":""0"",""y_rx_power_drop_0p5db"":""0"",""y_rx_power_drop_1db"":""0"",""y_rx_power_drop_2db"":""0"",""y_delay_spread_increase"":""0"",""y_adaptation_trigger_1db"":""0"",""y_adaptation_trigger_2db"":""0""},{""frame_id"":""190"",""source_sample_index"":""48827"",""rx_id"":""rx_ur5_base"",""delta_num_paths"":""0"",""delta_delay_spread"":""0.0"",""delta_rx_power_db"":""0.0"",""y_path_change"":""0"",""y_path_drop"":""0"",""y_rx_power_drop_0p5db"":""0"",""y_rx_power_drop_1db"":""0"",""y_rx_power_drop_2db"":""0"",""y_delay_spread_increase"":""0"",""y_adaptation_trigger_1db"":""0"",""y_adaptation_trigger_2db"":""0""},{""frame_id"":""190"",""source_sample_index"":""48827"",""rx_id"":""rx_x500_body"",""delta_num_paths"":""0"",""delta_delay_spread"":""0.0"",""delta_rx_power_db"":""0.0"",""y_path_change"":""0"",""y_path_drop"":""0"",""y_rx_power_drop_0p5db"":""0"",""y_rx_power_drop_1db"":""0"",""y_rx_power_drop_2db"":""0"",""y_delay_spread_increase"":""0"",""y_adaptation_trigger_1db"":""0"",""y_adaptation_trigger_2db"":""0""}]",frame_id,rt_out/experiments/perception_rt_small_v0/frames/instance_registry.json,rt_out/experiments/perception_rt_small_v0/configs/semantic_label_map.json,error,missing required panoptic file: panoptic_labels_rgb_path; missing required panoptic file: semantic_decoded_path; missing required panoptic file: gazebo_instance_count_path; missing optional panoptic file: colored_map_path; missing optional panoptic file: metadata_path
0.1,perception_rt_small_v0,rt_out/experiments/semantic_ablation_actor_200f,19,19,190,190,48827,cam_wall_north,640,480,1.047,0.1,20.0,0.221087,4.38902,2.71504,-0.0,0.562591,-1.5708,,,,,,false,false,false,false,false,,false,missing,,,,,,,,6,"rx_panda_base,rx_ur5_base,rx_cerberus_base,rx_nao_chest,rx_human_chest,rx_x500_body",frame_id,"[{""frame_id"":""190"",""source_sample_index"":""48827"",""rx_id"":""rx_panda_base"",""num_paths"":""25"",""tau_min"":""7.579527228074312e-09"",""tau_max"":""6.284866316264015e-08"",""delay_spread"":""5.526913593456584e-08"",""path_gain_sum"":""1.814251504583808e-08"",""path_gain_db"":""-77.41302508079865"",""rx_power_dbm"":""-47.41302508079865"",""sanity_ok"":""True"",""xml_path"":""rt_out/experiments/semantic_ablation_actor_200f/sionna_xml/frame_190_sionna.xml""},{""frame_id"":""190"",""source_sample_index"":""48827"",""rx_id"":""rx_ur5_base"",""num_paths"":""18"",""tau_min"":""5.708055805797585e-09"",""tau_max"":""5.930293767164585e-08"",""delay_spread"":""5.3594881865848265e-08"",""path_gain_sum"":""6.881128342683951e-07"",""path_gain_db"":""-61.62340341877539"",""rx_power_dbm"":""-31.62340341877539"",""sanity_ok"":""True"",""xml_path"":""rt_out/experiments/semantic_ablation_actor_200f/sionna_xml/frame_190_sionna.xml""},{""frame_id"":""190"",""source_sample_index"":""48827"",""rx_id"":""rx_cerberus_base"",""num_paths"":""17"",""tau_min"":""1.574846919538686e-08"",""tau_max"":""5.478522524526852e-08"",""delay_spread"":""3.903675604988166e-08"",""path_gain_sum"":""3.617294197511001e-08"",""path_gain_db"":""-74.41616168274675"",""rx_power_dbm"":""-44.41616168274675"",""sanity_ok"":""True"",""xml_path"":""rt_out/experiments/semantic_ablation_actor_200f/sionna_xml/frame_190_sionna.xml""},{""frame_id"":""190"",""source_sample_index"":""48827"",""rx_id"":""rx_nao_chest"",""num_paths"":""24"",""tau_min"":""1.0787783999433032e-08"",""tau_max"":""6.209720737615498e-08"",""delay_spread"":""5.130942337672195e-08"",""path_gain_sum"":""7.249248312746204e-08"",""path_gain_db"":""-71.39707023849851"",""rx_power_dbm"":""-41.397070238498515"",""sanity_ok"":""True"",""xml_path"":""rt_out/experiments/semantic_ablation_actor_200f/sionna_xml/frame_190_sionna.xml""},{""frame_id"":""190"",""source_sample_index"":""48827"",""rx_id"":""rx_human_chest"",""num_paths"":""21"",""tau_min"":""6.163341392806387e-09"",""tau_max"":""6.431429255826515e-08"",""delay_spread"":""5.8150951165458764e-08"",""path_gain_sum"":""2.2401947319394822e-07"",""path_gain_db"":""-66.49714228393097"",""rx_power_dbm"":""-36.49714228393097"",""sanity_ok"":""True"",""xml_path"":""rt_out/experiments/semantic_ablation_actor_200f/sionna_xml/frame_190_sionna.xml""},{""frame_id"":""190"",""source_sample_index"":""48827"",""rx_id"":""rx_x500_body"",""num_paths"":""23"",""tau_min"":""1.7234324189985273e-08"",""tau_max"":""7.465505547088469e-08"",""delay_spread"":""5.742073128089942e-08"",""path_gain_sum"":""3.3723893011483597e-08"",""path_gain_db"":""-74.72062297160716"",""rx_power_dbm"":""-44.720622971607156"",""sanity_ok"":""True"",""xml_path"":""rt_out/experiments/semantic_ablation_actor_200f/sionna_xml/frame_190_sionna.xml""}]",6,"[{""frame_id"":""190"",""source_sample_index"":""48827"",""rx_id"":""rx_cerberus_base"",""delta_num_paths"":""-1"",""delta_delay_spread"":""-2.451471914355352e-09"",""delta_rx_power_db"":""-0.004952727115451694"",""y_path_change"":""1"",""y_path_drop"":""1"",""y_rx_power_drop_0p5db"":""0"",""y_rx_power_drop_1db"":""0"",""y_rx_power_drop_2db"":""0"",""y_delay_spread_increase"":""0"",""y_adaptation_trigger_1db"":""0"",""y_adaptation_trigger_2db"":""0""},{""frame_id"":""190"",""source_sample_index"":""48827"",""rx_id"":""rx_human_chest"",""delta_num_paths"":""0"",""delta_delay_spread"":""0.0"",""delta_rx_power_db"":""2.7549819492378447e-07"",""y_path_change"":""0"",""y_path_drop"":""0"",""y_rx_power_drop_0p5db"":""0"",""y_rx_power_drop_1db"":""0"",""y_rx_power_drop_2db"":""0"",""y_delay_spread_increase"":""0"",""y_adaptation_trigger_1db"":""0"",""y_adaptation_trigger_2db"":""0""},{""frame_id"":""190"",""source_sample_index"":""48827"",""rx_id"":""rx_nao_chest"",""delta_num_paths"":""1"",""delta_delay_spread"":""0.0"",""delta_rx_power_db"":""0.0003784445209760179"",""y_path_change"":""1"",""y_path_drop"":""0"",""y_rx_power_drop_0p5db"":""0"",""y_rx_power_drop_1db"":""0"",""y_rx_power_drop_2db"":""0"",""y_delay_spread_increase"":""0"",""y_adaptation_trigger_1db"":""0"",""y_adaptation_trigger_2db"":""0""},{""frame_id"":""190"",""source_sample_index"":""48827"",""rx_id"":""rx_panda_base"",""delta_num_paths"":""0"",""delta_delay_spread"":""0.0"",""delta_rx_power_db"":""0.0"",""y_path_change"":""0"",""y_path_drop"":""0"",""y_rx_power_drop_0p5db"":""0"",""y_rx_power_drop_1db"":""0"",""y_rx_power_drop_2db"":""0"",""y_delay_spread_increase"":""0"",""y_adaptation_trigger_1db"":""0"",""y_adaptation_trigger_2db"":""0""},{""frame_id"":""190"",""source_sample_index"":""48827"",""rx_id"":""rx_ur5_base"",""delta_num_paths"":""0"",""delta_delay_spread"":""0.0"",""delta_rx_power_db"":""0.0"",""y_path_change"":""0"",""y_path_drop"":""0"",""y_rx_power_drop_0p5db"":""0"",""y_rx_power_drop_1db"":""0"",""y_rx_power_drop_2db"":""0"",""y_delay_spread_increase"":""0"",""y_adaptation_trigger_1db"":""0"",""y_adaptation_trigger_2db"":""0""},{""frame_id"":""190"",""source_sample_index"":""48827"",""rx_id"":""rx_x500_body"",""delta_num_paths"":""0"",""delta_delay_spread"":""0.0"",""delta_rx_power_db"":""0.0"",""y_path_change"":""0"",""y_path_drop"":""0"",""y_rx_power_drop_0p5db"":""0"",""y_rx_power_drop_1db"":""0"",""y_rx_power_drop_2db"":""0"",""y_delay_spread_increase"":""0"",""y_adaptation_trigger_1db"":""0"",""y_adaptation_trigger_2db"":""0""}]",frame_id,rt_out/experiments/perception_rt_small_v0/frames/instance_registry.json,rt_out/experiments/perception_rt_small_v0/configs/semantic_label_map.json,error,missing required panoptic file: panoptic_labels_rgb_path; missing required panoptic file: semantic_decoded_path; missing required panoptic file: gazebo_instance_count_path; missing optional panoptic file: colored_map_path; missing optional panoptic file: metadata_path
0.1,perception_rt_small_v0,rt_out/experiments/semantic_ablation_actor_200f,19,19,190,190,48827,cam_wall_south,640,480,1.047,0.1,20.0,0.221056,-4.22159,2.7964,0.000426,0.271157,1.577903,,,,,,false,false,false,false,false,,false,missing,,,,,,,,6,"rx_panda_base,rx_ur5_base,rx_cerberus_base,rx_nao_chest,rx_human_chest,rx_x500_body",frame_id,"[{""frame_id"":""190"",""source_sample_index"":""48827"",""rx_id"":""rx_panda_base"",""num_paths"":""25"",""tau_min"":""7.579527228074312e-09"",""tau_max"":""6.284866316264015e-08"",""delay_spread"":""5.526913593456584e-08"",""path_gain_sum"":""1.814251504583808e-08"",""path_gain_db"":""-77.41302508079865"",""rx_power_dbm"":""-47.41302508079865"",""sanity_ok"":""True"",""xml_path"":""rt_out/experiments/semantic_ablation_actor_200f/sionna_xml/frame_190_sionna.xml""},{""frame_id"":""190"",""source_sample_index"":""48827"",""rx_id"":""rx_ur5_base"",""num_paths"":""18"",""tau_min"":""5.708055805797585e-09"",""tau_max"":""5.930293767164585e-08"",""delay_spread"":""5.3594881865848265e-08"",""path_gain_sum"":""6.881128342683951e-07"",""path_gain_db"":""-61.62340341877539"",""rx_power_dbm"":""-31.62340341877539"",""sanity_ok"":""True"",""xml_path"":""rt_out/experiments/semantic_ablation_actor_200f/sionna_xml/frame_190_sionna.xml""},{""frame_id"":""190"",""source_sample_index"":""48827"",""rx_id"":""rx_cerberus_base"",""num_paths"":""17"",""tau_min"":""1.574846919538686e-08"",""tau_max"":""5.478522524526852e-08"",""delay_spread"":""3.903675604988166e-08"",""path_gain_sum"":""3.617294197511001e-08"",""path_gain_db"":""-74.41616168274675"",""rx_power_dbm"":""-44.41616168274675"",""sanity_ok"":""True"",""xml_path"":""rt_out/experiments/semantic_ablation_actor_200f/sionna_xml/frame_190_sionna.xml""},{""frame_id"":""190"",""source_sample_index"":""48827"",""rx_id"":""rx_nao_chest"",""num_paths"":""24"",""tau_min"":""1.0787783999433032e-08"",""tau_max"":""6.209720737615498e-08"",""delay_spread"":""5.130942337672195e-08"",""path_gain_sum"":""7.249248312746204e-08"",""path_gain_db"":""-71.39707023849851"",""rx_power_dbm"":""-41.397070238498515"",""sanity_ok"":""True"",""xml_path"":""rt_out/experiments/semantic_ablation_actor_200f/sionna_xml/frame_190_sionna.xml""},{""frame_id"":""190"",""source_sample_index"":""48827"",""rx_id"":""rx_human_chest"",""num_paths"":""21"",""tau_min"":""6.163341392806387e-09"",""tau_max"":""6.431429255826515e-08"",""delay_spread"":""5.8150951165458764e-08"",""path_gain_sum"":""2.2401947319394822e-07"",""path_gain_db"":""-66.49714228393097"",""rx_power_dbm"":""-36.49714228393097"",""sanity_ok"":""True"",""xml_path"":""rt_out/experiments/semantic_ablation_actor_200f/sionna_xml/frame_190_sionna.xml""},{""frame_id"":""190"",""source_sample_index"":""48827"",""rx_id"":""rx_x500_body"",""num_paths"":""23"",""tau_min"":""1.7234324189985273e-08"",""tau_max"":""7.465505547088469e-08"",""delay_spread"":""5.742073128089942e-08"",""path_gain_sum"":""3.3723893011483597e-08"",""path_gain_db"":""-74.72062297160716"",""rx_power_dbm"":""-44.720622971607156"",""sanity_ok"":""True"",""xml_path"":""rt_out/experiments/semantic_ablation_actor_200f/sionna_xml/frame_190_sionna.xml""}]",6,"[{""frame_id"":""190"",""source_sample_index"":""48827"",""rx_id"":""rx_cerberus_base"",""delta_num_paths"":""-1"",""delta_delay_spread"":""-2.451471914355352e-09"",""delta_rx_power_db"":""-0.004952727115451694"",""y_path_change"":""1"",""y_path_drop"":""1"",""y_rx_power_drop_0p5db"":""0"",""y_rx_power_drop_1db"":""0"",""y_rx_power_drop_2db"":""0"",""y_delay_spread_increase"":""0"",""y_adaptation_trigger_1db"":""0"",""y_adaptation_trigger_2db"":""0""},{""frame_id"":""190"",""source_sample_index"":""48827"",""rx_id"":""rx_human_chest"",""delta_num_paths"":""0"",""delta_delay_spread"":""0.0"",""delta_rx_power_db"":""2.7549819492378447e-07"",""y_path_change"":""0"",""y_path_drop"":""0"",""y_rx_power_drop_0p5db"":""0"",""y_rx_power_drop_1db"":""0"",""y_rx_power_drop_2db"":""0"",""y_delay_spread_increase"":""0"",""y_adaptation_trigger_1db"":""0"",""y_adaptation_trigger_2db"":""0""},{""frame_id"":""190"",""source_sample_index"":""48827"",""rx_id"":""rx_nao_chest"",""delta_num_paths"":""1"",""delta_delay_spread"":""0.0"",""delta_rx_power_db"":""0.0003784445209760179"",""y_path_change"":""1"",""y_path_drop"":""0"",""y_rx_power_drop_0p5db"":""0"",""y_rx_power_drop_1db"":""0"",""y_rx_power_drop_2db"":""0"",""y_delay_spread_increase"":""0"",""y_adaptation_trigger_1db"":""0"",""y_adaptation_trigger_2db"":""0""},{""frame_id"":""190"",""source_sample_index"":""48827"",""rx_id"":""rx_panda_base"",""delta_num_paths"":""0"",""delta_delay_spread"":""0.0"",""delta_rx_power_db"":""0.0"",""y_path_change"":""0"",""y_path_drop"":""0"",""y_rx_power_drop_0p5db"":""0"",""y_rx_power_drop_1db"":""0"",""y_rx_power_drop_2db"":""0"",""y_delay_spread_increase"":""0"",""y_adaptation_trigger_1db"":""0"",""y_adaptation_trigger_2db"":""0""},{""frame_id"":""190"",""source_sample_index"":""48827"",""rx_id"":""rx_ur5_base"",""delta_num_paths"":""0"",""delta_delay_spread"":""0.0"",""delta_rx_power_db"":""0.0"",""y_path_change"":""0"",""y_path_drop"":""0"",""y_rx_power_drop_0p5db"":""0"",""y_rx_power_drop_1db"":""0"",""y_rx_power_drop_2db"":""0"",""y_delay_spread_increase"":""0"",""y_adaptation_trigger_1db"":""0"",""y_adaptation_trigger_2db"":""0""},{""frame_id"":""190"",""source_sample_index"":""48827"",""rx_id"":""rx_x500_body"",""delta_num_paths"":""0"",""delta_delay_spread"":""0.0"",""delta_rx_power_db"":""0.0"",""y_path_change"":""0"",""y_path_drop"":""0"",""y_rx_power_drop_0p5db"":""0"",""y_rx_power_drop_1db"":""0"",""y_rx_power_drop_2db"":""0"",""y_delay_spread_increase"":""0"",""y_adaptation_trigger_1db"":""0"",""y_adaptation_trigger_2db"":""0""}]",frame_id,rt_out/experiments/perception_rt_small_v0/frames/instance_registry.json,rt_out/experiments/perception_rt_small_v0/configs/semantic_label_map.json,error,missing required panoptic file: panoptic_labels_rgb_path; missing required panoptic file: semantic_decoded_path; missing required panoptic file: gazebo_instance_count_path; missing optional panoptic file: colored_map_path; missing optional panoptic file: metadata_path
0.1,perception_rt_small_v0,rt_out/experiments/semantic_ablation_actor_200f,19,19,190,190,48827,cam_wall_east,640,480,1.047,0.1,20.0,4.38989,-0.157588,2.81304,-0.047579,0.393096,3.098594,,,,,,false,false,false,false,false,,false,missing,,,,,,,,6,"rx_panda_base,rx_ur5_base,rx_cerberus_base,rx_nao_chest,rx_human_chest,rx_x500_body",frame_id,"[{""frame_id"":""190"",""source_sample_index"":""48827"",""rx_id"":""rx_panda_base"",""num_paths"":""25"",""tau_min"":""7.579527228074312e-09"",""tau_max"":""6.284866316264015e-08"",""delay_spread"":""5.526913593456584e-08"",""path_gain_sum"":""1.814251504583808e-08"",""path_gain_db"":""-77.41302508079865"",""rx_power_dbm"":""-47.41302508079865"",""sanity_ok"":""True"",""xml_path"":""rt_out/experiments/semantic_ablation_actor_200f/sionna_xml/frame_190_sionna.xml""},{""frame_id"":""190"",""source_sample_index"":""48827"",""rx_id"":""rx_ur5_base"",""num_paths"":""18"",""tau_min"":""5.708055805797585e-09"",""tau_max"":""5.930293767164585e-08"",""delay_spread"":""5.3594881865848265e-08"",""path_gain_sum"":""6.881128342683951e-07"",""path_gain_db"":""-61.62340341877539"",""rx_power_dbm"":""-31.62340341877539"",""sanity_ok"":""True"",""xml_path"":""rt_out/experiments/semantic_ablation_actor_200f/sionna_xml/frame_190_sionna.xml""},{""frame_id"":""190"",""source_sample_index"":""48827"",""rx_id"":""rx_cerberus_base"",""num_paths"":""17"",""tau_min"":""1.574846919538686e-08"",""tau_max"":""5.478522524526852e-08"",""delay_spread"":""3.903675604988166e-08"",""path_gain_sum"":""3.617294197511001e-08"",""path_gain_db"":""-74.41616168274675"",""rx_power_dbm"":""-44.41616168274675"",""sanity_ok"":""True"",""xml_path"":""rt_out/experiments/semantic_ablation_actor_200f/sionna_xml/frame_190_sionna.xml""},{""frame_id"":""190"",""source_sample_index"":""48827"",""rx_id"":""rx_nao_chest"",""num_paths"":""24"",""tau_min"":""1.0787783999433032e-08"",""tau_max"":""6.209720737615498e-08"",""delay_spread"":""5.130942337672195e-08"",""path_gain_sum"":""7.249248312746204e-08"",""path_gain_db"":""-71.39707023849851"",""rx_power_dbm"":""-41.397070238498515"",""sanity_ok"":""True"",""xml_path"":""rt_out/experiments/semantic_ablation_actor_200f/sionna_xml/frame_190_sionna.xml""},{""frame_id"":""190"",""source_sample_index"":""48827"",""rx_id"":""rx_human_chest"",""num_paths"":""21"",""tau_min"":""6.163341392806387e-09"",""tau_max"":""6.431429255826515e-08"",""delay_spread"":""5.8150951165458764e-08"",""path_gain_sum"":""2.2401947319394822e-07"",""path_gain_db"":""-66.49714228393097"",""rx_power_dbm"":""-36.49714228393097"",""sanity_ok"":""True"",""xml_path"":""rt_out/experiments/semantic_ablation_actor_200f/sionna_xml/frame_190_sionna.xml""},{""frame_id"":""190"",""source_sample_index"":""48827"",""rx_id"":""rx_x500_body"",""num_paths"":""23"",""tau_min"":""1.7234324189985273e-08"",""tau_max"":""7.465505547088469e-08"",""delay_spread"":""5.742073128089942e-08"",""path_gain_sum"":""3.3723893011483597e-08"",""path_gain_db"":""-74.72062297160716"",""rx_power_dbm"":""-44.720622971607156"",""sanity_ok"":""True"",""xml_path"":""rt_out/experiments/semantic_ablation_actor_200f/sionna_xml/frame_190_sionna.xml""}]",6,"[{""frame_id"":""190"",""source_sample_index"":""48827"",""rx_id"":""rx_cerberus_base"",""delta_num_paths"":""-1"",""delta_delay_spread"":""-2.451471914355352e-09"",""delta_rx_power_db"":""-0.004952727115451694"",""y_path_change"":""1"",""y_path_drop"":""1"",""y_rx_power_drop_0p5db"":""0"",""y_rx_power_drop_1db"":""0"",""y_rx_power_drop_2db"":""0"",""y_delay_spread_increase"":""0"",""y_adaptation_trigger_1db"":""0"",""y_adaptation_trigger_2db"":""0""},{""frame_id"":""190"",""source_sample_index"":""48827"",""rx_id"":""rx_human_chest"",""delta_num_paths"":""0"",""delta_delay_spread"":""0.0"",""delta_rx_power_db"":""2.7549819492378447e-07"",""y_path_change"":""0"",""y_path_drop"":""0"",""y_rx_power_drop_0p5db"":""0"",""y_rx_power_drop_1db"":""0"",""y_rx_power_drop_2db"":""0"",""y_delay_spread_increase"":""0"",""y_adaptation_trigger_1db"":""0"",""y_adaptation_trigger_2db"":""0""},{""frame_id"":""190"",""source_sample_index"":""48827"",""rx_id"":""rx_nao_chest"",""delta_num_paths"":""1"",""delta_delay_spread"":""0.0"",""delta_rx_power_db"":""0.0003784445209760179"",""y_path_change"":""1"",""y_path_drop"":""0"",""y_rx_power_drop_0p5db"":""0"",""y_rx_power_drop_1db"":""0"",""y_rx_power_drop_2db"":""0"",""y_delay_spread_increase"":""0"",""y_adaptation_trigger_1db"":""0"",""y_adaptation_trigger_2db"":""0""},{""frame_id"":""190"",""source_sample_index"":""48827"",""rx_id"":""rx_panda_base"",""delta_num_paths"":""0"",""delta_delay_spread"":""0.0"",""delta_rx_power_db"":""0.0"",""y_path_change"":""0"",""y_path_drop"":""0"",""y_rx_power_drop_0p5db"":""0"",""y_rx_power_drop_1db"":""0"",""y_rx_power_drop_2db"":""0"",""y_delay_spread_increase"":""0"",""y_adaptation_trigger_1db"":""0"",""y_adaptation_trigger_2db"":""0""},{""frame_id"":""190"",""source_sample_index"":""48827"",""rx_id"":""rx_ur5_base"",""delta_num_paths"":""0"",""delta_delay_spread"":""0.0"",""delta_rx_power_db"":""0.0"",""y_path_change"":""0"",""y_path_drop"":""0"",""y_rx_power_drop_0p5db"":""0"",""y_rx_power_drop_1db"":""0"",""y_rx_power_drop_2db"":""0"",""y_delay_spread_increase"":""0"",""y_adaptation_trigger_1db"":""0"",""y_adaptation_trigger_2db"":""0""},{""frame_id"":""190"",""source_sample_index"":""48827"",""rx_id"":""rx_x500_body"",""delta_num_paths"":""0"",""delta_delay_spread"":""0.0"",""delta_rx_power_db"":""0.0"",""y_path_change"":""0"",""y_path_drop"":""0"",""y_rx_power_drop_0p5db"":""0"",""y_rx_power_drop_1db"":""0"",""y_rx_power_drop_2db"":""0"",""y_delay_spread_increase"":""0"",""y_adaptation_trigger_1db"":""0"",""y_adaptation_trigger_2db"":""0""}]",frame_id,rt_out/experiments/perception_rt_small_v0/frames/instance_registry.json,rt_out/experiments/perception_rt_small_v0/configs/semantic_label_map.json,error,missing required panoptic file: panoptic_labels_rgb_path; missing required panoptic file: semantic_decoded_path; missing required panoptic file: gazebo_instance_count_path; missing optional panoptic file: colored_map_path; missing optional panoptic file: metadata_path
0.1,perception_rt_small_v0,rt_out/experiments/semantic_ablation_actor_200f,19,19,190,190,48827,cam_wall_west,640,480,1.047,0.1,20.0,-4.368888,-0.03657,2.817008,0.035211,0.406352,0.030119,,,,,,false,false,false,false,false,,false,missing,,,,,,,,6,"rx_panda_base,rx_ur5_base,rx_cerberus_base,rx_nao_chest,rx_human_chest,rx_x500_body",frame_id,"[{""frame_id"":""190"",""source_sample_index"":""48827"",""rx_id"":""rx_panda_base"",""num_paths"":""25"",""tau_min"":""7.579527228074312e-09"",""tau_max"":""6.284866316264015e-08"",""delay_spread"":""5.526913593456584e-08"",""path_gain_sum"":""1.814251504583808e-08"",""path_gain_db"":""-77.41302508079865"",""rx_power_dbm"":""-47.41302508079865"",""sanity_ok"":""True"",""xml_path"":""rt_out/experiments/semantic_ablation_actor_200f/sionna_xml/frame_190_sionna.xml""},{""frame_id"":""190"",""source_sample_index"":""48827"",""rx_id"":""rx_ur5_base"",""num_paths"":""18"",""tau_min"":""5.708055805797585e-09"",""tau_max"":""5.930293767164585e-08"",""delay_spread"":""5.3594881865848265e-08"",""path_gain_sum"":""6.881128342683951e-07"",""path_gain_db"":""-61.62340341877539"",""rx_power_dbm"":""-31.62340341877539"",""sanity_ok"":""True"",""xml_path"":""rt_out/experiments/semantic_ablation_actor_200f/sionna_xml/frame_190_sionna.xml""},{""frame_id"":""190"",""source_sample_index"":""48827"",""rx_id"":""rx_cerberus_base"",""num_paths"":""17"",""tau_min"":""1.574846919538686e-08"",""tau_max"":""5.478522524526852e-08"",""delay_spread"":""3.903675604988166e-08"",""path_gain_sum"":""3.617294197511001e-08"",""path_gain_db"":""-74.41616168274675"",""rx_power_dbm"":""-44.41616168274675"",""sanity_ok"":""True"",""xml_path"":""rt_out/experiments/semantic_ablation_actor_200f/sionna_xml/frame_190_sionna.xml""},{""frame_id"":""190"",""source_sample_index"":""48827"",""rx_id"":""rx_nao_chest"",""num_paths"":""24"",""tau_min"":""1.0787783999433032e-08"",""tau_max"":""6.209720737615498e-08"",""delay_spread"":""5.130942337672195e-08"",""path_gain_sum"":""7.249248312746204e-08"",""path_gain_db"":""-71.39707023849851"",""rx_power_dbm"":""-41.397070238498515"",""sanity_ok"":""True"",""xml_path"":""rt_out/experiments/semantic_ablation_actor_200f/sionna_xml/frame_190_sionna.xml""},{""frame_id"":""190"",""source_sample_index"":""48827"",""rx_id"":""rx_human_chest"",""num_paths"":""21"",""tau_min"":""6.163341392806387e-09"",""tau_max"":""6.431429255826515e-08"",""delay_spread"":""5.8150951165458764e-08"",""path_gain_sum"":""2.2401947319394822e-07"",""path_gain_db"":""-66.49714228393097"",""rx_power_dbm"":""-36.49714228393097"",""sanity_ok"":""True"",""xml_path"":""rt_out/experiments/semantic_ablation_actor_200f/sionna_xml/frame_190_sionna.xml""},{""frame_id"":""190"",""source_sample_index"":""48827"",""rx_id"":""rx_x500_body"",""num_paths"":""23"",""tau_min"":""1.7234324189985273e-08"",""tau_max"":""7.465505547088469e-08"",""delay_spread"":""5.742073128089942e-08"",""path_gain_sum"":""3.3723893011483597e-08"",""path_gain_db"":""-74.72062297160716"",""rx_power_dbm"":""-44.720622971607156"",""sanity_ok"":""True"",""xml_path"":""rt_out/experiments/semantic_ablation_actor_200f/sionna_xml/frame_190_sionna.xml""}]",6,"[{""frame_id"":""190"",""source_sample_index"":""48827"",""rx_id"":""rx_cerberus_base"",""delta_num_paths"":""-1"",""delta_delay_spread"":""-2.451471914355352e-09"",""delta_rx_power_db"":""-0.004952727115451694"",""y_path_change"":""1"",""y_path_drop"":""1"",""y_rx_power_drop_0p5db"":""0"",""y_rx_power_drop_1db"":""0"",""y_rx_power_drop_2db"":""0"",""y_delay_spread_increase"":""0"",""y_adaptation_trigger_1db"":""0"",""y_adaptation_trigger_2db"":""0""},{""frame_id"":""190"",""source_sample_index"":""48827"",""rx_id"":""rx_human_chest"",""delta_num_paths"":""0"",""delta_delay_spread"":""0.0"",""delta_rx_power_db"":""2.7549819492378447e-07"",""y_path_change"":""0"",""y_path_drop"":""0"",""y_rx_power_drop_0p5db"":""0"",""y_rx_power_drop_1db"":""0"",""y_rx_power_drop_2db"":""0"",""y_delay_spread_increase"":""0"",""y_adaptation_trigger_1db"":""0"",""y_adaptation_trigger_2db"":""0""},{""frame_id"":""190"",""source_sample_index"":""48827"",""rx_id"":""rx_nao_chest"",""delta_num_paths"":""1"",""delta_delay_spread"":""0.0"",""delta_rx_power_db"":""0.0003784445209760179"",""y_path_change"":""1"",""y_path_drop"":""0"",""y_rx_power_drop_0p5db"":""0"",""y_rx_power_drop_1db"":""0"",""y_rx_power_drop_2db"":""0"",""y_delay_spread_increase"":""0"",""y_adaptation_trigger_1db"":""0"",""y_adaptation_trigger_2db"":""0""},{""frame_id"":""190"",""source_sample_index"":""48827"",""rx_id"":""rx_panda_base"",""delta_num_paths"":""0"",""delta_delay_spread"":""0.0"",""delta_rx_power_db"":""0.0"",""y_path_change"":""0"",""y_path_drop"":""0"",""y_rx_power_drop_0p5db"":""0"",""y_rx_power_drop_1db"":""0"",""y_rx_power_drop_2db"":""0"",""y_delay_spread_increase"":""0"",""y_adaptation_trigger_1db"":""0"",""y_adaptation_trigger_2db"":""0""},{""frame_id"":""190"",""source_sample_index"":""48827"",""rx_id"":""rx_ur5_base"",""delta_num_paths"":""0"",""delta_delay_spread"":""0.0"",""delta_rx_power_db"":""0.0"",""y_path_change"":""0"",""y_path_drop"":""0"",""y_rx_power_drop_0p5db"":""0"",""y_rx_power_drop_1db"":""0"",""y_rx_power_drop_2db"":""0"",""y_delay_spread_increase"":""0"",""y_adaptation_trigger_1db"":""0"",""y_adaptation_trigger_2db"":""0""},{""frame_id"":""190"",""source_sample_index"":""48827"",""rx_id"":""rx_x500_body"",""delta_num_paths"":""0"",""delta_delay_spread"":""0.0"",""delta_rx_power_db"":""0.0"",""y_path_change"":""0"",""y_path_drop"":""0"",""y_rx_power_drop_0p5db"":""0"",""y_rx_power_drop_1db"":""0"",""y_rx_power_drop_2db"":""0"",""y_delay_spread_increase"":""0"",""y_adaptation_trigger_1db"":""0"",""y_adaptation_trigger_2db"":""0""}]",frame_id,rt_out/experiments/perception_rt_small_v0/frames/instance_registry.json,rt_out/experiments/perception_rt_small_v0/configs/semantic_label_map.json,error,missing required panoptic file: panoptic_labels_rgb_path; missing required panoptic file: semantic_decoded_path; missing required panoptic file: gazebo_instance_count_path; missing optional panoptic file: colored_map_path; missing optional panoptic file: metadata_path
