ply
format ascii 1.0
element vertex 19191
property float x
property float y
property float z
property uchar red
property uchar green
property uchar blue
property ushort class_label
property int instance_id
end_header
7.566627 4.360774 3.268874 255 255 255 3 4004
7.599321 4.324785 3.282998 255 255 255 3 4004
7.632300 4.288485 3.297246 255 255 255 3 4004
7.665565 4.251867 3.311617 255 255 255 3 4004
7.699124 4.214930 3.326114 255 255 255 3 4004
7.732976 4.177668 3.340739 255 255 255 3 4004
7.767128 4.140076 3.355493 255 255 255 3 4004
7.801582 4.102150 3.370377 255 255 255 3 4004
7.836342 4.063887 3.385394 255 255 255 3 4004
7.871416 4.025282 3.400546 255 255 255 3 4004
7.906803 3.986329 3.415834 255 255 255 3 4004
7.942511 3.947024 3.431260 255 255 255 3 4004
7.978543 3.907363 3.446826 255 255 255 3 4004
8.014902 3.867341 3.462534 255 255 255 3 4004
8.051596 3.826951 3.478386 255 255 255 3 4004
8.088626 3.786191 3.494384 255 255 255 3 4004
8.125998 3.745054 3.510529 255 255 255 3 4004
8.163718 3.703534 3.526824 255 255 255 3 4004
8.201790 3.661628 3.543272 255 255 255 3 4004
8.240217 3.619328 3.559873 255 255 255 3 4004
8.279007 3.576631 3.576631 255 255 255 3 4004
8.318164 3.533530 3.593547 255 255 255 3 4004
8.357693 3.490019 3.610624 255 255 255 3 4004
8.397599 3.446093 3.627864 255 255 255 3 4004
8.437889 3.401745 3.645270 255 255 255 3 4004
8.478566 3.356969 3.662843 255 255 255 3 4004
8.519638 3.311760 3.680586 255 255 255 3 4004
8.561110 3.266110 3.698503 255 255 255 3 4004
8.602987 3.220014 3.716594 255 255 255 3 4004
8.645277 3.173465 3.734864 255 255 255 3 4004
8.687984 3.126456 3.753314 255 255 255 3 4004
8.731114 3.078980 3.771947 255 255 255 3 4004
8.774676 3.031030 3.790766 255 255 255 3 4004
8.818675 2.982600 3.809774 255 255 255 3 4004
8.863117 2.933681 3.828973 255 255 255 3 4004
8.908010 2.884268 3.848367 255 255 255 3 4004
8.953359 2.834350 3.867959 255 255 255 3 4004
8.999170 2.783922 3.887750 255 255 255 3 4004
9.045456 2.732975 3.907746 255 255 255 3 4004
9.092218 2.681501 3.927948 255 255 255 3 4004
9.139467 2.629493 3.948360 255 255 255 3 4004
9.187211 2.576941 3.968986 255 255 255 3 4004
9.235455 2.523837 3.989827 255 255 255 3 4004
9.284207 2.470173 4.010890 255 255 255 3 4004
9.333479 2.415938 4.032175 255 255 255 3 4004
9.383274 2.361126 4.053688 255 255 255 3 4004
9.433605 2.305725 4.075431 255 255 255 3 4004
9.484480 2.249726 4.097409 255 255 255 3 4004
9.535904 2.193121 4.119626 255 255 255 3 4004
9.587891 2.135898 4.142084 255 255 255 3 4004
9.640447 2.078048 4.164789 255 255 255 3 4004
9.693581 2.019560 4.187744 255 255 255 3 4004
9.747306 1.960424 4.210953 255 255 255 3 4004
9.801629 1.900628 4.234422 255 255 255 3 4004
9.856560 1.840163 4.258152 255 255 255 3 4004
9.912111 1.779016 4.282152 255 255 255 3 4004
9.968293 1.717175 4.306423 255 255 255 3 4004
10.025114 1.654630 4.330970 255 255 255 3 4004
10.082588 1.591368 4.355799 255 255 255 3 4004
10.140722 1.527376 4.380914 255 255 255 3 4004
10.199532 1.462642 4.406321 255 255 255 3 4004
10.259029 1.397153 4.432024 255 255 255 3 4004
10.319223 1.330894 4.458029 255 255 255 3 4004
10.380127 1.263854 4.484340 255 255 255 3 4004
10.441756 1.196018 4.510964 255 255 255 3 4004
10.504120 1.127372 4.537906 255 255 255 3 4004
10.567234 1.057901 4.565172 255 255 255 3 4004
10.631110 0.987590 4.592768 255 255 255 3 4004
10.695763 0.916423 4.620698 255 255 255 3 4004
10.761208 0.844386 4.648972 255 255 255 3 4004
10.827459 0.771462 4.677593 255 255 255 3 4004
10.894529 0.697634 4.706568 255 255 255 3 4004
10.962438 0.622886 4.735905 255 255 255 3 4004
11.031198 0.547200 4.765610 255 255 255 3 4004
11.100823 0.470559 4.795689 255 255 255 3 4004
11.171335 0.392944 4.826151 255 255 252 3 4004
11.242748 0.314337 4.857003 255 255 254 3 4004
11.315080 0.234719 4.888251 255 255 250 3 4004
11.388350 0.154069 4.919904 255 255 252 3 4004
11.462575 0.072368 4.951971 255 255 247 3 4004
11.537771 -0.010405 4.984456 255 255 249 3 4004
11.587523 -0.094057 5.005949 255 255 252 3 4003
11.510961 -0.176489 4.972874 255 255 255 3 4003
11.435404 -0.257840 4.940232 255 255 255 3 4003
11.360832 -0.338130 4.908016 255 255 255 3 4003
11.287227 -0.417379 4.876218 255 255 255 3 4003
11.214568 -0.495608 4.844829 255 255 255 3 4003
11.142840 -0.572836 4.813841 255 255 255 3 4003
11.072024 -0.649083 4.783248 255 255 255 3 4003
11.002102 -0.724366 4.753040 255 255 255 3 4003
10.933058 -0.798705 4.723212 255 255 255 3 4003
10.864874 -0.872117 4.693757 255 255 255 3 4003
10.797537 -0.944618 4.664666 255 255 255 3 4003
10.731029 -1.016227 4.635933 255 255 255 3 4003
10.665334 -1.086958 4.607553 255 255 255 3 4003
10.600440 -1.156829 4.579518 255 255 255 3 4003
10.536329 -1.225855 4.551821 255 255 255 3 4003
10.472992 -1.294051 4.524459 255 255 255 3 4003
10.410410 -1.361432 4.497422 255 255 255 3 4003
10.348571 -1.428012 4.470707 255 255 255 3 4003
10.287462 -1.493806 4.444308 255 255 255 3 4003
10.227073 -1.558828 4.418219 255 255 255 3 4003
10.167387 -1.623090 4.392434 255 255 255 3 4003
10.108393 -1.686607 4.366948 255 255 255 3 4003
10.050081 -1.749392 4.341756 255 255 255 3 4003
9.992436 -1.811455 4.316853 255 255 255 3 4003
9.935451 -1.872811 4.292234 255 255 255 3 4003
9.879111 -1.933471 4.267895 255 255 255 3 4003
9.823406 -1.993447 4.243830 255 255 255 3 4003
9.768328 -2.052751 4.220035 255 255 255 3 4003
9.713861 -2.111393 4.196505 255 255 255 3 4003
9.660000 -2.169385 4.173236 255 255 255 3 4003
9.606732 -2.226737 4.150224 255 255 255 3 4003
9.554049 -2.283461 4.127464 255 255 255 3 4003
9.501940 -2.339565 4.104952 255 255 255 3 4003
9.450397 -2.395061 4.082685 255 255 255 3 4003
9.399409 -2.449958 4.060658 255 255 255 3 4003
9.348970 -2.504266 4.038867 255 255 255 3 4003
9.299068 -2.557994 4.017310 255 255 255 3 4003
9.249696 -2.611151 3.995980 255 255 255 3 4003
9.200847 -2.663748 3.974877 255 255 255 3 4003
9.152509 -2.715791 3.953994 255 255 255 3 4003
9.104678 -2.767290 3.933331 255 255 255 3 4003
9.057344 -2.818254 3.912882 255 255 255 3 4003
9.010499 -2.868691 3.892644 255 255 255 3 4003
8.964137 -2.918609 3.872615 255 255 255 3 4003
8.918249 -2.968016 3.852791 255 255 255 3 4003
8.872826 -3.016918 3.833167 255 255 255 3 4003
8.827862 -3.065325 3.813743 255 255 255 3 4003
8.783353 -3.113244 3.794514 255 255 255 3 4003
8.739290 -3.160682 3.775479 255 255 255 3 4003
8.695667 -3.207646 3.756633 255 255 255 3 4003
8.652476 -3.254144 3.737974 255 255 255 3 4003
8.609715 -3.300182 3.719500 255 255 255 3 4003
8.567375 -3.345768 3.701209 255 255 255 3 4003
8.525450 -3.390909 3.683097 255 255 255 3 4003
8.483932 -3.435609 3.665161 255 255 255 3 4003
8.442818 -3.479877 3.647399 255 255 255 3 4003
8.402100 -3.523717 3.629808 255 255 255 3 4003
8.361773 -3.567136 3.612386 255 255 255 3 4003
8.321830 -3.610141 3.595131 255 255 255 3 4003
8.282268 -3.652737 3.578039 255 255 255 3 4003
8.243079 -3.694929 3.561110 255 255 255 3 4003
8.204261 -3.736724 3.544339 255 255 255 3 4003
8.165805 -3.778127 3.527726 255 255 255 3 4003
8.127708 -3.819144 3.511268 255 255 255 3 4003
8.089967 -3.859781 3.494963 255 255 255 3 4003
8.052573 -3.900041 3.478808 255 255 255 3 4003
8.015524 -3.939932 3.462803 255 255 255 3 4003
7.978813 -3.979456 3.446943 255 255 255 3 4003
7.942439 -4.018620 3.431229 255 255 255 3 4003
7.906392 -4.057428 3.415657 255 255 255 3 4003
7.870673 -4.095887 3.400225 255 255 255 3 4003
7.835275 -4.133999 3.384933 255 255 255 3 4003
7.800195 -4.171770 3.369778 255 255 255 3 4003
7.765426 -4.209205 3.354758 255 255 255 3 4003
7.730966 -4.246306 3.339870 255 255 255 3 4003
7.696811 -4.283081 3.325115 255 255 255 3 4003
7.662956 -4.319531 3.310489 255 255 255 3 4003
7.629398 -4.355663 3.295992 255 255 255 3 4003
7.581407 4.369291 3.220557 255 255 255 3 4004
7.614229 4.333269 3.234500 255 255 255 3 4004
7.647338 4.296934 3.248565 255 255 255 3 4004
7.680735 4.260281 3.262752 255 255 255 3 4004
7.714426 4.223307 3.277063 255 255 255 3 4004
7.748413 4.186007 3.291501 255 255 255 3 4004
7.782701 4.148377 3.306067 255 255 255 3 4004
7.817294 4.110412 3.320761 255 255 255 3 4004
7.852196 4.072109 3.335588 255 255 255 3 4004
7.887411 4.033461 3.350547 255 255 255 3 4004
7.922943 3.994466 3.365641 255 255 255 3 4004
7.958797 3.955118 3.380872 255 255 255 3 4004
7.994977 3.915411 3.396240 255 255 255 3 4004
8.031487 3.875343 3.411750 255 255 255 3 4004
8.068333 3.834906 3.427402 255 255 255 3 4004
8.105516 3.794097 3.443197 255 255 255 3 4004
8.143047 3.752911 3.459140 255 255 255 3 4004
8.180924 3.711340 3.475230 255 255 255 3 4004
8.219157 3.669381 3.491472 255 255 255 3 4004
8.257750 3.627029 3.507865 255 255 255 3 4004
8.296704 3.584276 3.524413 255 255 255 3 4004
8.336029 3.541119 3.541119 255 255 255 3 4004
8.375729 3.497550 3.557983 255 255 255 3 4004
8.415807 3.453564 3.575008 255 255 255 3 4004
8.456272 3.409156 3.592197 255 255 255 3 4004
8.497128 3.364318 3.609553 255 255 255 3 4004
8.538380 3.319045 3.627076 255 255 255 3 4004
8.580035 3.273330 3.644771 255 255 255 3 4004
8.622098 3.227167 3.662640 255 255 255 3 4004
8.664576 3.180549 3.680684 255 255 255 3 4004
8.707475 3.133470 3.698907 255 255 255 3 4004
8.750800 3.085922 3.717312 255 255 255 3 4004
8.794558 3.037898 3.735900 255 255 255 3 4004
8.838757 2.989392 3.754676 255 255 255 3 4004
8.883402 2.940396 3.773641 255 255 255 3 4004
8.928500 2.890902 3.792798 255 255 255 3 4004
8.974059 2.840903 3.812152 255 255 255 3 4004
9.020083 2.790391 3.831703 255 255 255 3 4004
9.066584 2.739359 3.851456 255 255 255 3 4004
9.113566 2.687798 3.871414 255 255 255 3 4004
9.161037 2.635699 3.891579 255 255 255 3 4004
9.209007 2.583055 3.911957 255 255 255 3 4004
9.257482 2.529857 3.932549 255 255 255 3 4004
9.306468 2.476095 3.953358 255 255 255 3 4004
9.355976 2.421762 3.974389 255 255 255 3 4004
9.406013 2.366847 3.995645 255 255 255 3 4004
9.456589 2.311342 4.017128 255 255 255 3 4004
9.507711 2.255237 4.038846 255 255 255 3 4004
9.559390 2.198522 4.060798 255 255 255 3 4004
9.611632 2.141187 4.082991 255 255 255 3 4004
9.664450 2.083222 4.105427 255 255 255 3 4004
9.717852 2.024616 4.128112 255 255 255 3 4004
9.771845 1.965359 4.151048 255 255 255 3 4004
9.826443 1.905440 4.174242 255 255 255 3 4004
9.881655 1.844848 4.197695 255 255 255 3 4004
9.937490 1.783570 4.221414 255 255 255 3 4004
9.993959 1.721597 4.245402 255 255 255 3 4004
10.051074 1.658915 4.269664 255 255 255 3 4004
10.108846 1.595512 4.294205 255 255 255 3 4004
10.167286 1.531377 4.319031 255 255 255 3 4004
10.226405 1.466495 4.344144 255 255 255 3 4004
10.286216 1.400855 4.369552 255 255 255 3 4004
10.346731 1.334442 4.395258 255 255 255 3 4004
10.407962 1.267244 4.421269 255 255 255 3 4004
10.469922 1.199245 4.447589 255 255 255 3 4004
10.532624 1.130431 4.474225 255 255 255 3 4004
10.596081 1.060789 4.501181 255 255 255 3 4004
10.660308 0.990302 4.528465 255 255 255 3 4004
10.725319 0.918956 4.556081 255 255 255 3 4004
10.791126 0.846734 4.584036 255 255 255 3 4004
10.857747 0.773620 4.612336 255 255 255 3 4004
10.925196 0.699598 4.640988 255 255 255 3 4004
10.993485 0.624650 4.669997 255 255 255 3 4004
11.062637 0.548760 4.699373 255 255 255 3 4004
11.132663 0.471909 4.729120 255 255 255 3 4004
11.203580 0.394078 4.759245 255 255 254 3 4004
11.275408 0.315250 4.789757 255 255 255 3 4004
11.348164 0.235405 4.820663 255 255 253 3 4004
11.421862 0.154522 4.851970 255 255 253 3 4004
11.496525 0.072582 4.883687 255 255 246 3 4004
11.572171 -0.010436 4.915821 255 255 249 3 4004
11.619385 -0.094315 4.935877 255 255 254 3 4003
11.542402 -0.176971 4.903175 255 255 255 3 4003
11.466433 -0.258540 4.870904 255 255 255 3 4003
11.391457 -0.339041 4.839054 255 255 255 3 4003
11.317455 -0.418497 4.807619 255 255 255 3 4003
11.244410 -0.496927 4.776589 255 255 255 3 4003
11.172300 -0.574351 4.745957 255 255 255 3 4003
11.101110 -0.650788 4.715716 255 255 255 3 4003
11.030821 -0.726257 4.685857 255 255 255 3 4003
10.961417 -0.800777 4.656375 255 255 255 3 4003
10.892880 -0.874365 4.627261 255 255 255 3 4003
10.825195 -0.947038 4.598508 255 255 255 3 4003
10.758348 -1.018814 4.570112 255 255 255 3 4003
10.692319 -1.089709 4.542063 255 255 255 3 4003
10.627098 -1.159739 4.514358 255 255 255 3 4003
10.562666 -1.228919 4.486987 255 255 255 3 4003
10.499011 -1.297266 4.459946 255 255 255 3 4003
10.436118 -1.364794 4.433230 255 255 255 3 4003
10.373975 -1.431518 4.406831 255 255 255 3 4003
10.312569 -1.497452 4.380746 255 255 255 3 4003
10.251882 -1.562609 4.354967 255 255 255 3 4003
10.191909 -1.627005 4.329490 255 255 255 3 4003
10.132630 -1.690651 4.304309 255 255 255 3 4003
10.074039 -1.753562 4.279419 255 255 255 3 4003
10.016122 -1.815749 4.254817 255 255 255 3 4003
9.958865 -1.877225 4.230494 255 255 255 3 4003
9.902261 -1.938002 4.206449 255 255 255 3 4003
9.846294 -1.998092 4.182674 255 255 255 3 4003
9.790959 -2.057507 4.159168 255 255 255 3 4003
9.736241 -2.116258 4.135924 255 255 255 3 4003
9.682133 -2.174356 4.112939 255 255 255 3 4003
9.628620 -2.231811 4.090207 255 255 255 3 4003
9.575698 -2.288635 4.067726 255 255 255 3 4003
9.523354 -2.344837 4.045490 255 255 255 3 4003
9.471579 -2.400429 4.023497 255 255 255 3 4003
9.420363 -2.455419 4.001740 255 255 255 3 4003
9.369698 -2.509818 3.980218 255 255 255 3 4003
9.319576 -2.563635 3.958926 255 255 255 3 4003
9.269987 -2.616879 3.937861 255 255 255 3 4003
9.220922 -2.669560 3.917018 255 255 255 3 4003
9.172375 -2.721685 3.896396 255 255 255 3 4003
9.124337 -2.773265 3.875989 255 255 255 3 4003
9.076799 -2.824308 3.855795 255 255 255 3 4003
9.029752 -2.874820 3.835810 255 255 255 3 4003
8.983193 -2.924813 3.816032 255 255 255 3 4003
8.937109 -2.974293 3.796455 255 255 255 3 4003
8.891495 -3.023266 3.777078 255 255 255 3 4003
8.846344 -3.071742 3.757898 255 255 255 3 4003
8.801648 -3.119728 3.738912 255 255 255 3 4003
8.757401 -3.167232 3.720116 255 255 255 3 4003
8.713598 -3.214260 3.701509 255 255 255 3 4003
8.670229 -3.260820 3.683085 255 255 255 3 4003
8.627291 -3.306919 3.664846 255 255 255 3 4003
8.584779 -3.352565 3.646786 255 255 255 3 4003
8.542683 -3.397763 3.628904 255 255 255 3 4003
8.500998 -3.442520 3.611197 255 255 255 3 4003
8.459719 -3.486843 3.593661 255 255 255 3 4003
8.418838 -3.530737 3.576295 255 255 255 3 4003
8.378349 -3.574208 3.559096 255 255 255 3 4003
8.338252 -3.617265 3.542063 255 255 255 3 4003
8.298533 -3.659910 3.525190 255 255 255 3 4003
8.259192 -3.702151 3.508478 255 255 255 3 4003
8.220221 -3.743994 3.491924 255 255 255 3 4003
8.181616 -3.785443 3.475524 255 255 255 3 4003
8.143373 -3.826504 3.459278 255 255 255 3 4003
8.105484 -3.867184 3.443184 255 255 255 3 4003
8.067947 -3.907487 3.427238 255 255 255 3 4003
8.030756 -3.947419 3.411439 255 255 255 3 4003
7.993907 -3.986984 3.395786 255 255 255 3 4003
7.957394 -4.026187 3.380275 255 255 255 3 4003
7.921213 -4.065034 3.364906 255 255 255 3 4003
7.885360 -4.103530 3.349676 255 255 255 3 4003
7.849831 -4.141679 3.334583 255 255 255 3 4003
7.814619 -4.179485 3.319625 255 255 255 3 4003
7.779722 -4.216954 3.304801 255 255 255 3 4003
7.745136 -4.254089 3.290109 255 255 255 3 4003
7.710855 -4.290896 3.275547 255 255 255 3 4003
7.676877 -4.327379 3.261113 255 255 255 3 4003
7.643197 -4.363541 3.246804 255 255 255 3 4003
7.596244 4.377842 3.172051 255 255 255 3 4004
7.629195 4.341787 3.185811 255 255 255 3 4004
7.662435 4.305417 3.199691 255 255 255 3 4004
7.695964 4.268728 3.213692 255 255 255 3 4004
7.729789 4.231718 3.227817 255 255 255 3 4004
7.763911 4.194380 3.242066 255 255 255 3 4004
7.798338 4.156712 3.256442 255 255 255 3 4004
7.833069 4.118707 3.270945 255 255 255 3 4004
7.868114 4.080363 3.285579 255 255 255 3 4004
7.903471 4.041674 3.300344 255 255 255 3 4004
7.939148 4.002635 3.315242 255 255 255 3 4004
7.975149 3.963244 3.330275 255 255 255 3 4004
8.011478 3.923493 3.345446 255 255 255 3 4004
8.048140 3.883378 3.360755 255 255 255 3 4004
8.085139 3.842895 3.376205 255 255 255 3 4004
8.122479 3.802037 3.391798 255 255 255 3 4004
8.160166 3.760800 3.407535 255 255 255 3 4004
8.198204 3.719179 3.423419 255 255 255 3 4004
8.236599 3.677168 3.439452 255 255 255 3 4004
8.275354 3.634762 3.455636 255 255 255 3 4004
8.314476 3.591954 3.471972 255 255 255 3 4004
8.353971 3.548740 3.488464 255 255 255 3 4004
8.393842 3.505114 3.505113 255 255 255 3 4004
8.434094 3.461069 3.521922 255 255 255 3 4004
8.474735 3.416599 3.538893 255 255 255 3 4004
8.515770 3.371699 3.556029 255 255 255 3 4004
8.557204 3.326362 3.573331 255 255 255 3 4004
8.599043 3.280582 3.590802 255 255 255 3 4004
8.641294 3.234352 3.608445 255 255 255 3 4004
8.683962 3.187665 3.626262 255 255 255 3 4004
8.727053 3.140515 3.644256 255 255 255 3 4004
8.770574 3.092895 3.662430 255 255 255 3 4004
8.814530 3.044797 3.680785 255 255 255 3 4004
8.858930 2.996215 3.699326 255 255 255 3 4004
8.903779 2.947141 3.718054 255 255 255 3 4004
8.949085 2.897567 3.736973 255 255 255 3 4004
8.994854 2.847486 3.756085 255 255 255 3 4004
9.041095 2.796891 3.775394 255 255 255 3 4004
9.087812 2.745773 3.794903 255 255 255 3 4004
9.135015 2.694123 3.814614 255 255 255 3 4004
9.182713 2.641935 3.834531 255 255 255 3 4004
9.230908 2.589198 3.854657 255 255 255 3 4004
9.279613 2.535905 3.874995 255 255 255 3 4004
9.328835 2.482047 3.895550 255 255 255 3 4004
9.378582 2.427613 3.916323 255 255 255 3 4004
9.428864 2.372597 3.937320 255 255 255 3 4004
9.479686 2.316987 3.958542 255 255 255 3 4004
9.531057 2.260775 3.979994 255 255 255 3 4004
9.582991 2.203950 4.001680 255 255 255 3 4004
9.635493 2.146502 4.023604 255 255 255 3 4004
9.688573 2.088422 4.045770 255 255 255 3 4004
9.742242 2.029698 4.068181 255 255 255 3 4004
9.796509 1.970320 4.090842 255 255 255 3 4004
9.851383 1.910276 4.113756 255 255 255 3 4004
9.906877 1.849556 4.136929 255 255 255 3 4004
9.962997 1.788149 4.160364 255 255 255 3 4004
10.019757 1.726041 4.184066 255 255 255 3 4004
10.077169 1.663222 4.208040 255 255 255 3 4004
10.135242 1.599678 4.232290 255 255 255 3 4004
10.193989 1.535399 4.256822 255 255 255 3 4004
10.253421 1.470369 4.281640 255 255 255 3 4004
10.313548 1.404577 4.306747 255 255 255 3 4004
10.374385 1.338009 4.332152 255 255 255 3 4004
10.435946 1.270651 4.357859 255 255 255 3 4004
10.498240 1.202488 4.383872 255 255 255 3 4004
10.561283 1.133507 4.410197 255 255 255 3 4004
10.625087 1.063693 4.436841 255 255 255 3 4004
10.689667 0.993029 4.463808 255 255 255 3 4004
10.755036 0.921502 4.491105 255 255 255 3 4004
10.821211 0.849094 4.518738 255 255 255 3 4004
10.888205 0.775790 4.546713 255 255 255 3 4004
10.956033 0.701572 4.575037 255 255 255 3 4004
11.024712 0.626424 4.603716 255 255 255 3 4004
11.094256 0.550328 4.632757 255 255 255 3 4004
11.164685 0.473266 4.662167 255 255 255 3 4004
11.236013 0.395219 4.691952 255 255 251 3 4004
11.308258 0.316169 4.722120 255 255 254 3 4004
11.381438 0.236095 4.752679 255 255 247 3 4004
11.455572 0.154978 4.783636 255 255 249 3 4004
11.530678 0.072798 4.814998 255 255 244 3 4004
11.606775 -0.010467 4.846775 255 255 244 3 4004
11.651423 -0.094575 4.865419 255 255 248 3 4003
11.574015 -0.177456 4.833095 255 255 254 3 4003
11.497630 -0.259243 4.801198 255 255 254 3 4003
11.422247 -0.339958 4.769720 255 255 255 3 4003
11.347848 -0.419621 4.738652 255 255 255 3 4003
11.274408 -0.498252 4.707985 255 255 255 3 4003
11.201916 -0.575873 4.677713 255 255 255 3 4003
11.130348 -0.652502 4.647829 255 255 255 3 4003
11.059690 -0.728158 4.618323 255 255 255 3 4003
10.989923 -0.802859 4.589189 255 255 255 3 4003
10.921031 -0.876624 4.560421 255 255 255 3 4003
10.852997 -0.949470 4.532012 255 255 255 3 4003
10.785808 -1.021414 4.503954 255 255 255 3 4003
10.719442 -1.092473 4.476242 255 255 255 3 4003
10.653889 -1.162662 4.448868 255 255 255 3 4003
10.589133 -1.231999 4.421827 255 255 255 3 4003
10.525161 -1.300497 4.395113 255 255 255 3 4003
10.461956 -1.368173 4.368720 255 255 255 3 4003
10.399505 -1.435040 4.342641 255 255 255 3 4003
10.337796 -1.501115 4.316873 255 255 255 3 4003
10.276814 -1.566409 4.291408 255 255 255 3 4003
10.216547 -1.630938 4.266242 255 255 255 3 4003
10.156984 -1.694715 4.241370 255 255 255 3 4003
10.098112 -1.757752 4.216785 255 255 255 3 4003
10.039918 -1.820063 4.192485 255 255 255 3 4003
9.982389 -1.881659 4.168462 255 255 255 3 4003
9.925519 -1.942554 4.144714 255 255 255 3 4003
9.869289 -2.002759 4.121233 255 255 255 3 4003
9.813698 -2.062285 4.098019 255 255 255 3 4003
9.758724 -2.121145 4.075063 255 255 255 3 4003
9.704367 -2.179349 4.052364 255 255 255 3 4003
9.650610 -2.236908 4.029917 255 255 255 3 4003
9.597445 -2.293833 4.007716 255 255 255 3 4003
9.544864 -2.350134 3.985759 255 255 255 3 4003
9.492854 -2.405821 3.964041 255 255 255 3 4003
9.441410 -2.460905 3.942559 255 255 255 3 4003
9.390519 -2.515395 3.921308 255 255 255 3 4003
9.340174 -2.569301 3.900285 255 255 255 3 4003
9.290366 -2.622632 3.879486 255 255 255 3 4003
9.241087 -2.675398 3.858908 255 255 255 3 4003
9.192327 -2.727606 3.838547 255 255 255 3 4003
9.144080 -2.779266 3.818399 255 255 255 3 4003
9.096336 -2.830387 3.798462 255 255 255 3 4003
9.049088 -2.880977 3.778733 255 255 255 3 4003
9.002330 -2.931044 3.759207 255 255 255 3 4003
8.956050 -2.980596 3.739882 255 255 255 3 4003
8.910243 -3.029641 3.720753 255 255 255 3 4003
8.864901 -3.078186 3.701819 255 255 255 3 4003
8.820019 -3.126240 3.683077 255 255 255 3 4003
8.775588 -3.173809 3.664524 255 255 255 3 4003
8.731602 -3.220902 3.646156 255 255 255 3 4003
8.688056 -3.267525 3.627972 255 255 255 3 4003
8.644940 -3.313684 3.609968 255 255 255 3 4003
8.602253 -3.359389 3.592142 255 255 255 3 4003
8.559986 -3.404645 3.574492 255 255 255 3 4003
8.518133 -3.449459 3.557015 255 255 255 3 4003
8.476686 -3.493837 3.539708 255 255 255 3 4003
8.435641 -3.537784 3.522568 255 255 255 3 4003
8.394993 -3.581308 3.505594 255 255 255 3 4003
8.354737 -3.624417 3.488784 255 255 255 3 4003
8.314861 -3.667112 3.472133 255 255 255 3 4003
8.275366 -3.709401 3.455640 255 255 255 3 4003
8.236242 -3.751291 3.439303 255 255 255 3 4003
8.197488 -3.792787 3.423120 255 255 255 3 4003
8.159096 -3.833893 3.407088 255 255 255 3 4003
8.121062 -3.874617 3.391206 255 255 255 3 4003
8.083382 -3.914963 3.375471 255 255 255 3 4003
8.046048 -3.954936 3.359881 255 255 255 3 4003
8.009059 -3.994541 3.344435 255 255 255 3 4003
7.972407 -4.033783 3.329130 255 255 255 3 4003
7.936090 -4.072669 3.313965 255 255 255 3 4003
7.900103 -4.111202 3.298937 255 255 255 3 4003
7.864439 -4.149386 3.284045 255 255 255 3 4003
7.829097 -4.187228 3.269286 255 255 255 3 4003
7.794071 -4.224731 3.254660 255 255 255 3 4003
7.759357 -4.261900 3.240165 255 255 255 3 4003
7.724952 -4.298740 3.225797 255 255 255 3 4003
7.690849 -4.335254 3.211556 255 255 255 3 4003
7.657047 -4.371448 3.197441 255 255 255 3 4003
7.611139 4.386427 3.123355 255 255 255 3 4004
7.644221 4.350338 3.136931 255 255 255 3 4004
7.677590 4.313932 3.150625 255 255 255 3 4004
7.711254 4.277209 3.164439 255 255 255 3 4004
7.745213 4.240161 3.178375 255 255 255 3 4004
7.779473 4.202787 3.192434 255 255 255 3 4004
7.814037 4.165080 3.206618 255 255 255 3 4004
7.848909 4.127036 3.220928 255 255 255 3 4004
7.884095 4.088651 3.235367 255 255 255 3 4004
7.919598 4.049921 3.249936 255 255 255 3 4004
7.955421 4.010840 3.264637 255 255 255 3 4004
7.991570 3.971404 3.279471 255 255 255 3 4004
8.028049 3.931608 3.294441 255 255 255 3 4004
8.064862 3.891447 3.309548 255 255 255 3 4004
8.102015 3.850916 3.324794 255 255 255 3 4004
8.139512 3.810010 3.340182 255 255 255 3 4004
8.177357 3.768723 3.355712 255 255 255 3 4004
8.215557 3.727051 3.371388 255 255 255 3 4004
8.254114 3.684988 3.387210 255 255 255 3 4004
8.293035 3.642528 3.403182 255 255 255 3 4004
8.332325 3.599665 3.419306 255 255 255 3 4004
8.371990 3.556395 3.435583 255 255 255 3 4004
8.412032 3.512710 3.452015 255 255 255 3 4004
8.452461 3.468606 3.468605 255 255 255 3 4004
8.493279 3.424075 3.485356 255 255 255 3 4004
8.534493 3.379113 3.502269 255 255 255 3 4004
8.576112 3.333712 3.519347 255 255 255 3 4004
8.618136 3.287866 3.536593 255 255 255 3 4004
8.660575 3.241569 3.554008 255 255 255 3 4004
8.703434 3.194813 3.571596 255 255 255 3 4004
8.746718 3.147592 3.589359 255 255 255 3 4004
8.790436 3.099900 3.607299 255 255 255 3 4004
8.834593 3.051727 3.625419 255 255 255 3 4004
8.879195 3.003069 3.643723 255 255 255 3 4004
8.924251 2.953917 3.662212 255 255 255 3 4004
8.969767 2.904263 3.680890 255 255 255 3 4004
9.015748 2.854101 3.699759 255 255 255 3 4004
9.062202 2.803421 3.718823 255 255 255 3 4004
9.109140 2.752217 3.738084 255 255 255 3 4004
9.156566 2.700479 3.757546 255 255 255 3 4004
9.204487 2.648199 3.777211 255 255 255 3 4004
9.252914 2.595370 3.797084 255 255 255 3 4004
9.301852 2.541982 3.817167 255 255 255 3 4004
9.351311 2.488026 3.837463 255 255 255 3 4004
9.401299 2.433494 3.857976 255 255 255 3 4004
9.451823 2.378374 3.878710 255 255 255 3 4004
9.502893 2.322660 3.899668 255 255 255 3 4004
9.554520 2.266340 3.920853 255 255 255 3 4004
9.606709 2.209405 3.942270 255 255 255 3 4004
9.659472 2.151844 3.963922 255 255 255 3 4004
9.712818 2.093648 3.985813 255 255 255 3 4004
9.766756 2.034805 4.007947 255 255 255 3 4004
9.821297 1.975305 4.030329 255 255 255 3 4004
9.876451 1.915137 4.052963 255 255 255 3 4004
9.932226 1.854289 4.075851 255 255 255 3 4004
9.988637 1.792750 4.099000 255 255 255 3 4004
10.045691 1.730508 4.122413 255 255 255 3 4004
10.103399 1.667551 4.146095 255 255 255 3 4004
10.161777 1.603866 4.170051 255 255 255 3 4004
10.220832 1.539442 4.194285 255 255 255 3 4004
10.280577 1.474264 4.218802 255 255 255 3 4004
10.341026 1.408319 4.243609 255 255 255 3 4004
10.402189 1.341595 4.268708 255 255 255 3 4004
10.464081 1.274076 4.294106 255 255 255 3 4004
10.526712 1.205749 4.319808 255 255 255 3 4004
10.590097 1.136600 4.345819 255 255 255 3 4004
10.654251 1.066612 4.372146 255 255 255 3 4004
10.719189 0.995772 4.398794 255 255 255 3 4004
10.784920 0.924062 4.425768 255 255 255 3 4004
10.851464 0.851468 4.453075 255 255 255 3 4004
10.918835 0.777972 4.480722 255 255 255 3 4004
10.987045 0.703558 4.508713 255 255 255 3 4004
11.056114 0.628209 4.537057 255 255 255 3 4004
11.126060 0.551906 4.565760 255 255 254 3 4004
11.196892 0.474631 4.594827 255 255 255 3 4004
11.268633 0.396367 4.624268 255 255 250 3 4004
11.341301 0.317093 4.654088 255 255 252 3 4004
11.414909 0.236789 4.684294 255 255 248 3 4004
11.489482 0.155437 4.714896 255 255 249 3 4004
11.565034 0.073015 4.745900 255 255 243 3 4004
11.641587 -0.010499 4.777315 255 255 243 3 4004
11.683636 -0.094837 4.794570 255 255 250 3 4003
11.605801 -0.177944 4.762630 255 255 252 3 4003
11.528999 -0.259950 4.731113 255 255 254 3 4003
11.453204 -0.340879 4.700009 255 255 253 3 4003
11.378403 -0.420750 4.669313 255 255 255 3 4003
11.304569 -0.499585 4.639015 255 255 253 3 4003
11.231688 -0.577404 4.609107 255 255 255 3 4003
11.159742 -0.654225 4.579583 255 255 255 3 4003
11.088711 -0.730069 4.550434 255 255 255 3 4003
11.018579 -0.804953 4.521654 255 255 255 3 4003
10.949328 -0.878896 4.493236 255 255 255 3 4003
10.880941 -0.951915 4.465172 255 255 255 3 4003
10.813406 -1.024028 4.437458 255 255 255 3 4003
10.746702 -1.095251 4.410085 255 255 255 3 4003
10.680817 -1.165601 4.383048 255 255 255 3 4003
10.615735 -1.235093 4.356340 255 255 255 3 4003
10.551439 -1.303744 4.329956 255 255 255 3 4003
10.487921 -1.371568 4.303889 255 255 255 3 4003
10.425159 -1.438581 4.278134 255 255 255 3 4003
10.363147 -1.504796 4.252686 255 255 255 3 4003
10.301867 -1.570228 4.227539 255 255 255 3 4003
10.241307 -1.634891 4.202688 255 255 255 3 4003
10.181457 -1.698798 4.178127 255 255 255 3 4003
10.122299 -1.761962 4.153851 255 255 255 3 4003
10.063828 -1.824397 4.129856 255 255 255 3 4003
10.006025 -1.886114 4.106136 255 255 255 3 4003
9.948887 -1.947127 4.082688 255 255 255 3 4003
9.892393 -2.007447 4.059505 255 255 255 3 4003
9.836539 -2.067086 4.036584 255 255 255 3 4003
9.781313 -2.126054 4.013921 255 255 255 3 4003
9.726704 -2.184365 3.991511 255 255 255 3 4003
9.672699 -2.242028 3.969350 255 255 255 3 4003
9.619291 -2.299054 3.947433 255 255 255 3 4003
9.566471 -2.355454 3.925758 255 255 255 3 4003
9.514227 -2.411238 3.904318 255 255 255 3 4003
9.462551 -2.466416 3.883112 255 255 255 3 4003
9.411433 -2.520998 3.862135 255 255 255 3 4003
9.360865 -2.574993 3.841383 255 255 255 3 4003
9.310836 -2.628411 3.820854 255 255 255 3 4003
9.261339 -2.681261 3.800542 255 255 255 3 4003
9.212367 -2.733552 3.780445 255 255 255 3 4003
9.163909 -2.785293 3.760560 255 255 255 3 4003
9.115959 -2.836493 3.740883 255 255 255 3 4003
9.068507 -2.887159 3.721410 255 255 255 3 4003
9.021547 -2.937301 3.702139 255 255 255 3 4003
8.975071 -2.986926 3.683067 255 255 255 3 4003
8.929071 -3.036042 3.664190 255 255 255 3 4003
8.883537 -3.084657 3.645504 255 255 255 3 4003
8.838467 -3.132779 3.627009 255 255 255 3 4003
8.793850 -3.180414 3.608700 255 255 255 3 4003
8.749681 -3.227571 3.590574 255 255 255 3 4003
8.705955 -3.274256 3.572631 255 255 255 3 4003
8.662663 -3.320477 3.554865 255 255 255 3 4003
8.619799 -3.366241 3.537275 255 255 255 3 4003
8.577359 -3.411555 3.519859 255 255 255 3 4003
8.535336 -3.456425 3.502614 255 255 255 3 4003
8.493723 -3.500859 3.485538 255 255 255 3 4003
8.452514 -3.544860 3.468627 255 255 255 3 4003
8.411702 -3.588437 3.451880 255 255 255 3 4003
8.371288 -3.631597 3.435295 255 255 255 3 4003
8.331256 -3.674342 3.418867 255 255 255 3 4003
8.291603 -3.716680 3.402595 255 255 255 3 4003
8.252327 -3.758617 3.386477 255 255 255 3 4003
8.213421 -3.800159 3.370512 255 255 255 3 4003
8.174880 -3.841310 3.354696 255 255 255 3 4003
8.136699 -3.882077 3.339027 255 255 255 3 4003
8.098873 -3.922465 3.323505 255 255 255 3 4003
8.061398 -3.962480 3.308126 255 255 255 3 4003
8.024267 -4.002126 3.292889 255 255 255 3 4003
7.987477 -4.041408 3.277792 255 255 255 3 4003
7.951023 -4.080332 3.262832 255 255 255 3 4003
7.914899 -4.118902 3.248008 255 255 255 3 4003
7.879103 -4.157123 3.233318 255 255 255 3 4003
7.843629 -4.195000 3.218761 255 255 255 3 4003
7.808474 -4.232538 3.204334 255 255 255 3 4003
7.773632 -4.269741 3.190036 255 255 255 3 4003
7.739099 -4.306613 3.175864 255 255 255 3 4003
7.704872 -4.343159 3.161819 255 255 255 3 4003
7.670947 -4.379384 3.147897 255 255 255 3 4003
7.626093 4.395045 3.074468 255 255 255 3 4004
7.659305 4.358922 3.087857 255 255 255 3 4004
7.692807 4.322483 3.101363 255 255 255 3 4004
7.726604 4.285723 3.114989 255 255 255 3 4004
7.760699 4.248640 3.128734 255 255 255 3 4004
7.795096 4.211227 3.142601 255 255 255 3 4004
7.829800 4.173482 3.156592 255 255 255 3 4004
7.864813 4.135398 3.170708 255 255 255 3 4004
7.900143 4.096973 3.184951 255 255 255 3 4004
7.935789 4.058201 3.199322 255 255 255 3 4004
7.971759 4.019077 3.213823 255 255 255 3 4004
8.008058 3.979598 3.228457 255 255 255 3 4004
8.044687 3.939757 3.243224 255 255 255 3 4004
8.081655 3.899549 3.258128 255 255 255 3 4004
8.118963 3.858971 3.273169 255 255 255 3 4004
8.156616 3.818016 3.288349 255 255 255 3 4004
8.194622 3.776680 3.303671 255 255 255 3 4004
8.232982 3.734957 3.319135 255 255 255 3 4004
8.271704 3.692841 3.334746 255 255 255 3 4004
8.310792 3.650327 3.350505 255 255 255 3 4004
8.350250 3.607409 3.366412 255 255 255 3 4004
8.390086 3.564082 3.382472 255 255 255 3 4004
8.430304 3.520339 3.398686 255 255 255 3 4004
8.470907 3.476176 3.415055 255 255 255 3 4004
8.511905 3.431584 3.431584 255 255 255 3 4004
8.553302 3.386559 3.448273 255 255 255 3 4004
8.595102 3.341094 3.465125 255 255 255 3 4004
8.637314 3.295182 3.482142 255 255 255 3 4004
8.679942 3.248818 3.499328 255 255 255 3 4004
8.722993 3.201993 3.516684 255 255 255 3 4004
8.766473 3.154701 3.534213 255 255 255 3 4004
8.810389 3.106936 3.551918 255 255 255 3 4004
8.854748 3.058689 3.569801 255 255 255 3 4004
8.899554 3.009954 3.587865 255 255 255 3 4004
8.944817 2.960724 3.606113 255 255 255 3 4004
8.990542 2.910990 3.624547 255 255 255 3 4004
9.036737 2.860745 3.643170 255 255 255 3 4004
9.083410 2.809982 3.661987 255 255 255 3 4004
9.130568 2.758691 3.680998 255 255 255 3 4004
9.178218 2.706865 3.700208 255 255 255 3 4004
9.226367 2.654495 3.719620 255 255 255 3 4004
9.275023 2.601572 3.739236 255 255 255 3 4004
9.324198 2.548089 3.759060 255 255 255 3 4004
9.373895 2.494035 3.779096 255 255 255 3 4004
9.424125 2.439402 3.799346 255 255 255 3 4004
9.474895 2.384180 3.819814 255 255 255 3 4004
9.526217 2.328360 3.840504 255 255 255 3 4004
9.578096 2.271932 3.861420 255 255 255 3 4004
9.630546 2.214887 3.882565 255 255 255 3 4004
9.683571 2.157212 3.903942 255 255 255 3 4004
9.737184 2.098900 3.925556 255 255 255 3 4004
9.791394 2.039938 3.947411 255 255 255 3 4004
9.846210 1.980316 3.969511 255 255 255 3 4004
9.901645 1.920022 3.991859 255 255 255 3 4004
9.957707 1.859046 4.014461 255 255 255 3 4004
10.014407 1.797375 4.037319 255 255 255 3 4004
10.071756 1.734998 4.060440 255 255 255 3 4004
10.129768 1.671903 4.083827 255 255 255 3 4004
10.188450 1.608076 4.107485 255 255 255 3 4004
10.247817 1.543506 4.131418 255 255 255 3 4004
10.307878 1.478179 4.155632 255 255 255 3 4004
10.368649 1.412081 4.180132 255 255 255 3 4004
10.430142 1.345200 4.204923 255 255 255 3 4004
10.492366 1.277520 4.230009 255 255 255 3 4004
10.555338 1.209028 4.255396 255 255 255 3 4004
10.619071 1.139709 4.281090 255 255 255 3 4004
10.683577 1.069548 4.307096 255 255 255 3 4004
10.748873 0.998529 4.333419 255 255 255 3 4004
10.814971 0.926637 4.360067 255 255 255 3 4004
10.881886 0.853855 4.387044 255 255 255 3 4004
10.949636 0.780167 4.414358 255 255 255 3 4004
11.018235 0.705555 4.442013 255 255 255 3 4004
11.087697 0.630003 4.470017 255 255 255 3 4004
11.158042 0.553492 4.498377 255 255 255 3 4004
11.229285 0.476004 4.527098 255 255 255 3 4004
11.301443 0.397521 4.556189 255 255 253 3 4004
11.374537 0.318022 4.585657 255 255 255 3 4004
11.448580 0.237488 4.615507 255 255 250 3 4004
11.523591 0.155898 4.645748 255 255 248 3 4004
11.599596 0.073233 4.676390 255 255 245 3 4004
11.676610 -0.010530 4.707438 255 255 245 3 4004
11.716028 -0.095100 4.723330 255 255 250 3 4003
11.637764 -0.178434 4.691777 255 255 251 3 4003
11.560538 -0.260662 4.660644 255 255 253 3 4003
11.484332 -0.341805 4.629921 255 255 252 3 4003
11.409122 -0.421886 4.599600 255 255 255 3 4003
11.334890 -0.500925 4.569674 255 255 253 3 4003
11.261621 -0.578942 4.540134 255 255 255 3 4003
11.189292 -0.655958 4.510975 255 255 255 3 4003
11.117885 -0.731990 4.482187 255 255 255 3 4003
11.047382 -0.807057 4.453764 255 255 255 3 4003
10.977772 -0.881179 4.425700 255 255 255 3 4003
10.909032 -0.954372 4.397988 255 255 255 3 4003
10.841146 -1.026655 4.370620 255 255 255 3 4003
10.774102 -1.098043 4.343591 255 255 255 3 4003
10.707881 -1.168554 4.316894 255 255 255 3 4003
10.642469 -1.238204 4.290523 255 255 255 3 4003
10.577851 -1.307008 4.264472 255 255 255 3 4003
10.514013 -1.374981 4.238736 255 255 255 3 4003
10.450942 -1.442139 4.213308 255 255 255 3 4003
10.388623 -1.508495 4.188185 255 255 255 3 4003
10.327043 -1.574065 4.163359 255 255 255 3 4003
10.266187 -1.638863 4.138824 255 255 255 3 4003
10.206046 -1.702901 4.114579 255 255 255 3 4003
10.146604 -1.766193 4.090614 255 255 255 3 4003
10.087852 -1.828752 4.066928 255 255 255 3 4003
10.029775 -1.890591 4.043515 255 255 255 3 4003
9.972363 -1.951722 4.020369 255 255 255 3 4003
9.915606 -2.012157 3.997487 255 255 255 3 4003
9.859489 -2.071908 3.974864 255 255 255 3 4003
9.804007 -2.130987 3.952496 255 255 255 3 4003
9.749143 -2.189404 3.930377 255 255 255 3 4003
9.694890 -2.247171 3.908505 255 255 255 3 4003
9.641238 -2.304299 3.886875 255 255 255 3 4003
9.588177 -2.360798 3.865484 255 255 255 3 4003
9.535696 -2.416679 3.844326 255 255 255 3 4003
9.483788 -2.471951 3.823399 255 255 255 3 4003
9.432440 -2.526624 3.802698 255 255 255 3 4003
9.381644 -2.580709 3.782220 255 255 255 3 4003
9.331396 -2.634215 3.761962 255 255 255 3 4003
9.281681 -2.687150 3.741920 255 255 255 3 4003
9.232493 -2.739524 3.722090 255 255 255 3 4003
9.183825 -2.791346 3.702469 255 255 255 3 4003
9.135665 -2.842624 3.683053 255 255 255 3 4003
9.088009 -2.893368 3.663841 255 255 255 3 4003
9.040849 -2.943585 3.644828 255 255 255 3 4003
8.994174 -2.993284 3.626011 255 255 255 3 4003
8.947979 -3.042471 3.607387 255 255 255 3 4003
8.902253 -3.091156 3.588953 255 255 255 3 4003
8.856991 -3.139344 3.570705 255 255 255 3 4003
8.812188 -3.187046 3.552643 255 255 255 3 4003
8.767837 -3.234268 3.534763 255 255 255 3 4003
8.723927 -3.281016 3.517061 255 255 255 3 4003
8.680458 -3.327299 3.499536 255 255 255 3 4003
8.637419 -3.373122 3.482185 255 255 255 3 4003
8.594804 -3.418494 3.465004 255 255 255 3 4003
8.552609 -3.463421 3.447994 255 255 255 3 4003
8.510828 -3.507909 3.431150 255 255 255 3 4003
8.469454 -3.551964 3.414469 255 255 255 3 4003
8.428487 -3.595597 3.397954 255 255 255 3 4003
8.387906 -3.638806 3.381593 255 255 255 3 4003
8.347714 -3.681601 3.365390 255 255 255 3 4003
8.307905 -3.723987 3.349341 255 255 255 3 4003
8.268475 -3.765972 3.333445 255 255 255 3 4003
8.229417 -3.807559 3.317698 255 255 255 3 4003
8.190725 -3.848755 3.302100 255 255 255 3 4003
8.152398 -3.889567 3.286648 255 255 255 3 4003
8.114426 -3.929998 3.271339 255 255 255 3 4003
8.076806 -3.970054 3.256173 255 255 255 3 4003
8.039534 -4.009740 3.241147 255 255 255 3 4003
8.002604 -4.049062 3.226258 255 255 255 3 4003
7.966012 -4.088024 3.211506 255 255 255 3 4003
7.929753 -4.126632 3.196888 255 255 255 3 4003
7.893822 -4.164889 3.182403 255 255 255 3 4003
7.858216 -4.202802 3.168048 255 255 255 3 4003
7.822929 -4.240374 3.153821 255 255 255 3 4003
7.787958 -4.277610 3.139723 255 255 255 3 4003
7.753298 -4.314515 3.125750 255 255 255 3 4003
7.718947 -4.351093 3.111901 255 255 255 3 4003
7.684896 -4.387347 3.098174 255 255 255 3 4003
7.641106 4.403697 3.025388 255 255 255 3 4004
7.674448 4.367540 3.038589 255 255 255 3 4004
7.708084 4.331067 3.051907 255 255 255 3 4004
7.742016 4.294272 3.065342 255 255 255 3 4004
7.776247 4.257151 3.078895 255 255 255 3 4004
7.810782 4.219701 3.092569 255 255 255 3 4004
7.845626 4.181918 3.106365 255 255 255 3 4004
7.880781 4.143795 3.120284 255 255 255 3 4004
7.916255 4.105329 3.134329 255 255 255 3 4004
7.952048 4.066515 3.148501 255 255 255 3 4004
7.988166 4.027349 3.162802 255 255 255 3 4004
8.024614 3.987825 3.177233 255 255 255 3 4004
8.061396 3.947939 3.191796 255 255 255 3 4004
8.098516 3.907686 3.206493 255 255 255 3 4004
8.135981 3.867060 3.221327 255 255 255 3 4004
8.173794 3.826057 3.236298 255 255 255 3 4004
8.211959 3.784670 3.251409 255 255 255 3 4004
8.250484 3.742896 3.266662 255 255 255 3 4004
8.289370 3.700727 3.282059 255 255 255 3 4004
8.328625 3.658160 3.297601 255 255 255 3 4004
8.368254 3.615186 3.313292 255 255 255 3 4004
8.408261 3.571803 3.329132 255 255 255 3 4004
8.448653 3.528002 3.345125 255 255 255 3 4004
8.489435 3.483779 3.361272 255 255 255 3 4004
8.530612 3.439126 3.377575 255 255 255 3 4004
8.572191 3.394038 3.394038 255 255 255 3 4004
8.614178 3.348509 3.410662 255 255 255 3 4004
8.656577 3.302531 3.427449 255 255 255 3 4004
8.699396 3.256099 3.444403 255 255 255 3 4004
8.742641 3.209205 3.461525 255 255 255 3 4004
8.786318 3.161842 3.478818 255 255 255 3 4004
8.830434 3.114004 3.496285 255 255 255 3 4004
8.874994 3.065683 3.513929 255 255 255 3 4004
8.920006 3.016871 3.531750 255 255 255 3 4004
8.965478 2.967563 3.549754 255 255 255 3 4004
9.011415 2.917749 3.567943 255 255 255 3 4004
9.057826 2.867421 3.586318 255 255 255 3 4004
9.104718 2.816573 3.604885 255 255 255 3 4004
9.152097 2.765195 3.623643 255 255 255 3 4004
9.199971 2.713280 3.642599 255 255 255 3 4004
9.248351 2.660820 3.661754 255 255 255 3 4004
9.297240 2.607804 3.681111 255 255 255 3 4004
9.346650 2.554224 3.700674 255 255 255 3 4004
9.396588 2.500073 3.720446 255 255 255 3 4004
9.447062 2.445339 3.740431 255 255 255 3 4004
9.498081 2.390014 3.760631 255 255 255 3 4004
9.549655 2.334089 3.781051 255 255 255 3 4004
9.601790 2.277553 3.801693 255 255 255 3 4004
9.654500 2.220396 3.822563 255 255 255 3 4004
9.707790 2.162608 3.843663 255 255 255 3 4004
9.761672 2.104178 3.864996 255 255 255 3 4004
9.816155 2.045097 3.886568 255 255 255 3 4004
9.871252 1.985352 3.908383 255 255 255 3 4004
9.926970 1.924933 3.930443 255 255 255 3 4004
9.983319 1.863828 3.952754 255 255 255 3 4004
10.040313 1.802025 3.975320 255 255 255 3 4004
10.097960 1.739512 3.998144 255 255 255 3 4004
10.156273 1.676278 4.021233 255 255 255 3 4004
10.215264 1.612309 4.044590 255 255 255 3 4004
10.274943 1.547592 4.068219 255 255 255 3 4004
10.335326 1.482115 4.092126 255 255 255 3 4004
10.396422 1.415864 4.116317 255 255 255 3 4004
10.458243 1.348824 4.140794 255 255 255 3 4004
10.520807 1.280983 4.165565 255 255 255 3 4004
10.584121 1.212325 4.190633 255 255 255 3 4004
10.648203 1.142836 4.216005 255 255 255 3 4004
10.713065 1.072500 4.241687 255 255 255 3 4004
10.778722 1.001302 4.267683 255 255 255 3 4004
10.845189 0.929226 4.294000 255 255 255 3 4004
10.912481 0.856256 4.320643 255 255 255 3 4004
10.980613 0.782374 4.347619 255 255 255 3 4004
11.049602 0.707564 4.374934 255 255 255 3 4004
11.119462 0.631808 4.402594 255 255 255 3 4004
11.190211 0.555088 4.430606 255 255 254 3 4004
11.261866 0.477386 4.458977 255 255 255 3 4004
11.334446 0.398682 4.487714 255 255 248 3 4004
11.407966 0.318956 4.516823 255 255 250 3 4004
11.482448 0.238190 4.546313 255 255 245 3 4004
11.557907 0.156363 4.576190 255 255 250 3 4004
11.634365 0.073452 4.606462 255 255 245 3 4004
11.711841 -0.010562 4.637138 255 255 245 3 4004
11.748602 -0.095364 4.651693 255 255 247 3 4003
11.669903 -0.178926 4.620533 255 255 253 3 4003
11.592251 -0.261377 4.589788 255 255 255 3 4003
11.515628 -0.342737 4.559450 255 255 252 3 4003
11.440009 -0.423029 4.529510 255 255 255 3 4003
11.365376 -0.502273 4.499960 255 255 253 3 4003
11.291712 -0.580489 4.470794 255 255 255 3 4003
11.218998 -0.657699 4.442004 255 255 255 3 4003
11.147212 -0.733920 4.413581 255 255 255 3 4003
11.076339 -0.809173 4.385520 255 255 255 3 4003
11.006365 -0.883474 4.357815 255 255 255 3 4003
10.937266 -0.956843 4.330456 255 255 255 3 4003
10.869029 -1.029295 4.303439 255 255 255 3 4003
10.801641 -1.100850 4.276757 255 255 255 3 4003
10.735083 -1.171523 4.250404 255 255 255 3 4003
10.669338 -1.241330 4.224374 255 255 255 3 4003
10.604395 -1.310287 4.198660 255 255 255 3 4003
10.540237 -1.378410 4.173258 255 255 255 3 4003
10.476852 -1.445714 4.148162 255 255 255 3 4003
10.414224 -1.512213 4.123365 255 255 255 3 4003
10.352342 -1.577922 4.098864 255 255 255 3 4003
10.291188 -1.642854 4.074651 255 255 255 3 4003
10.230755 -1.707024 4.050723 255 255 255 3 4003
10.171025 -1.770444 4.027074 255 255 255 3 4003
10.111990 -1.833128 4.003700 255 255 255 3 4003
10.053637 -1.895089 3.980595 255 255 255 3 4003
9.995953 -1.956339 3.957756 255 255 255 3 4003
9.938927 -2.016890 3.935178 255 255 255 3 4003
9.882546 -2.076754 3.912855 255 255 255 3 4003
9.826804 -2.135942 3.890784 255 255 255 3 4003
9.771686 -2.194467 3.868961 255 255 255 3 4003
9.717182 -2.252339 3.847381 255 255 255 3 4003
9.663284 -2.309568 3.826041 255 255 255 3 4003
9.609981 -2.366167 3.804936 255 255 255 3 4003
9.557262 -2.422144 3.784063 255 255 255 3 4003
9.505118 -2.477511 3.763417 255 255 255 3 4003
9.453542 -2.532277 3.742996 255 255 255 3 4003
9.402519 -2.586451 3.722795 255 255 255 3 4003
9.352047 -2.640044 3.702811 255 255 255 3 4003
9.302113 -2.693065 3.683040 255 255 255 3 4003
9.252708 -2.745522 3.663479 255 255 255 3 4003
9.203827 -2.797426 3.644125 255 255 255 3 4003
9.155458 -2.848783 3.624975 255 255 255 3 4003
9.107597 -2.899604 3.606025 255 255 255 3 4003
9.060232 -2.949896 3.587271 255 255 255 3 4003
9.013357 -2.999668 3.568712 255 255 255 3 4003
8.966967 -3.048928 3.550344 255 255 255 3 4003
8.921045 -3.097681 3.532162 255 255 255 3 4003
8.875595 -3.145939 3.514166 255 255 255 3 4003
8.830602 -3.193706 3.496352 255 255 255 3 4003
8.786066 -3.240992 3.478719 255 255 255 3 4003
8.741976 -3.287804 3.461262 255 255 255 3 4003
8.698326 -3.334147 3.443979 255 255 255 3 4003
8.655109 -3.380031 3.426868 255 255 255 3 4003
8.612321 -3.425461 3.409927 255 255 255 3 4003
8.569952 -3.470443 3.393152 255 255 255 3 4003
8.528003 -3.514987 3.376542 255 255 255 3 4003
8.486461 -3.559097 3.360094 255 255 255 3 4003
8.445332 -3.602783 3.343810 255 255 255 3 4003
8.404589 -3.646043 3.327678 255 255 255 3 4003
8.364238 -3.688888 3.311702 255 255 255 3 4003
8.324271 -3.731323 3.295878 255 255 255 3 4003
8.284686 -3.773355 3.280205 255 255 255 3 4003
8.245475 -3.814989 3.264679 255 255 255 3 4003
8.206633 -3.856230 3.249300 255 255 255 3 4003
8.168156 -3.897085 3.234066 255 255 255 3 4003
8.130037 -3.937559 3.218974 255 255 255 3 4003
8.092274 -3.977657 3.204021 255 255 255 3 4003
8.054858 -4.017384 3.189207 255 255 255 3 4003
8.017787 -4.056745 3.174530 255 255 255 3 4003
7.981057 -4.095745 3.159987 255 255 255 3 4003
7.944661 -4.134390 3.145576 255 255 255 3 4003
7.908595 -4.172684 3.131297 255 255 255 3 4003
7.872855 -4.210632 3.117145 255 255 255 3 4003
7.837438 -4.248239 3.103122 255 255 255 3 4003
7.802337 -4.285508 3.089224 255 255 255 3 4003
7.767550 -4.322446 3.075451 255 255 255 3 4003
7.733071 -4.359055 3.061800 255 255 255 3 4003
7.698898 -4.395341 3.048269 255 255 255 3 4003
7.656178 4.412384 2.976115 255 255 255 3 4004
7.689653 4.376193 2.989127 255 255 255 3 4004
7.723422 4.339684 3.002254 255 255 255 3 4004
7.757489 4.302854 3.015496 255 255 255 3 4004
7.791858 4.265697 3.028856 255 255 255 3 4004
7.826532 4.228210 3.042335 255 255 255 3 4004
7.861516 4.190387 3.055934 255 255 255 3 4004
7.896816 4.152225 3.069655 255 255 255 3 4004
7.932432 4.113719 3.083500 255 255 255 3 4004
7.968372 4.074863 3.097471 255 255 255 3 4004
8.004640 4.035654 3.111569 255 255 255 3 4004
8.041238 3.996087 3.125795 255 255 255 3 4004
8.078174 3.956156 3.140153 255 255 255 3 4004
8.115449 3.915856 3.154643 255 255 255 3 4004
8.153070 3.875183 3.169267 255 255 255 3 4004
8.191043 3.834131 3.184028 255 255 255 3 4004
8.229370 3.792694 3.198926 255 255 255 3 4004
8.268057 3.750869 3.213964 255 255 255 3 4004
8.307111 3.708648 3.229145 255 255 255 3 4004
8.346534 3.666026 3.244470 255 255 255 3 4004
8.386334 3.622998 3.259941 255 255 255 3 4004
8.426515 3.579557 3.275560 255 255 255 3 4004
8.467083 3.535698 3.291330 255 255 255 3 4004
8.508044 3.491416 3.307252 255 255 255 3 4004
8.549402 3.446702 3.323329 255 255 255 3 4004
8.591165 3.401551 3.339563 255 255 255 3 4004
8.633338 3.355957 3.355957 255 255 255 3 4004
8.675926 3.309913 3.372512 255 255 255 3 4004
8.718937 3.263413 3.389231 255 255 255 3 4004
8.762378 3.216450 3.406117 255 255 255 3 4004
8.806252 3.169016 3.423172 255 255 255 3 4004
8.850569 3.121104 3.440399 255 255 255 3 4004
8.895333 3.072709 3.457800 255 255 255 3 4004
8.940553 3.023821 3.475377 255 255 255 3 4004
8.986234 2.974433 3.493134 255 255 255 3 4004
9.032386 2.924539 3.511075 255 255 255 3 4004
9.079014 2.874129 3.529200 255 255 255 3 4004
9.126124 2.823195 3.547513 255 255 255 3 4004
9.173729 2.771731 3.566018 255 255 255 3 4004
9.221830 2.719727 3.584716 255 255 255 3 4004
9.270439 2.667174 3.603611 255 255 255 3 4004
9.319564 2.614065 3.622707 255 255 255 3 4004
9.369211 2.560390 3.642006 255 255 255 3 4004
9.419391 2.506140 3.661511 255 255 255 3 4004
9.470112 2.451305 3.681228 255 255 255 3 4004
9.521379 2.395877 3.701157 255 255 255 3 4004
9.573208 2.339846 3.721303 255 255 255 3 4004
9.625603 2.283201 3.741670 255 255 255 3 4004
9.678574 2.225932 3.762261 255 255 255 3 4004
9.732131 2.168031 3.783080 255 255 255 3 4004
9.786285 2.109484 3.804131 255 255 255 3 4004
9.841043 2.050282 3.825417 255 255 255 3 4004
9.896420 1.990414 3.846943 255 255 255 3 4004
9.952423 1.929869 3.868712 255 255 255 3 4004
10.009063 1.868634 3.890729 255 255 255 3 4004
10.066351 1.806698 3.912998 255 255 255 3 4004
10.124300 1.744050 3.935524 255 255 255 3 4004
10.182919 1.680675 3.958311 255 255 255 3 4004
10.242220 1.616563 3.981362 255 255 255 3 4004
10.302217 1.551700 4.004684 255 255 255 3 4004
10.362920 1.486072 4.028281 255 255 255 3 4004
10.424344 1.419666 4.052158 255 255 255 3 4004
10.486500 1.352468 4.076319 255 255 255 3 4004
10.549400 1.284464 4.100770 255 255 255 3 4004
10.613062 1.215640 4.125516 255 255 255 3 4004
10.677494 1.145980 4.150562 255 255 255 3 4004
10.742714 1.075468 4.175915 255 255 255 3 4004
10.808738 1.004090 4.201580 255 255 255 3 4004
10.875576 0.931830 4.227561 255 255 255 3 4004
10.943247 0.858670 4.253866 255 255 255 3 4004
11.011765 0.784594 4.280500 255 255 255 3 4004
11.081146 0.709584 4.307470 255 255 255 3 4004
11.151408 0.633623 4.334783 255 255 255 3 4004
11.222566 0.556693 4.362443 255 255 254 3 4004
11.294637 0.478775 4.390459 255 255 254 3 4004
11.367641 0.399849 4.418837 255 255 249 3 4004
11.441595 0.319897 4.447584 255 255 250 3 4004
11.516516 0.238897 4.476707 255 255 245 3 4004
11.592425 0.156830 4.506215 255 255 245 3 4004
11.669344 0.073673 4.536115 255 255 241 3 4004
11.747286 -0.010594 4.566412 255 255 241 3 4004
11.781355 -0.095630 4.579656 255 255 247 3 4003
11.702218 -0.179422 4.548894 255 255 249 3 4003
11.624138 -0.262096 4.518542 255 255 250 3 4003
11.547093 -0.343673 4.488594 255 255 249 3 4003
11.471063 -0.424177 4.459039 255 255 255 3 4003
11.396025 -0.503627 4.429870 255 255 251 3 4003
11.321965 -0.582045 4.401082 255 255 255 3 4003
11.248861 -0.659450 4.372664 255 255 255 3 4003
11.176694 -0.735861 4.344612 255 255 255 3 4003
11.105450 -0.811299 4.316917 255 255 255 3 4003
11.035107 -0.885781 4.289574 255 255 255 3 4003
10.965647 -0.959325 4.262573 255 255 255 3 4003
10.897057 -1.031950 4.235911 255 255 255 3 4003
10.829321 -1.103671 4.209580 255 255 255 3 4003
10.762423 -1.174507 4.183576 255 255 255 3 4003
10.696344 -1.244472 4.157890 255 255 255 3 4003
10.631073 -1.313584 4.132517 255 255 255 3 4003
10.566593 -1.381857 4.107453 255 255 255 3 4003
10.502892 -1.449307 4.082691 255 255 255 3 4003
10.439952 -1.515949 4.058225 255 255 255 3 4003
10.377765 -1.581797 4.034051 255 255 255 3 4003
10.316311 -1.646864 4.010163 255 255 255 3 4003
10.255582 -1.711166 3.986557 255 255 255 3 4003
10.195565 -1.774716 3.963227 255 255 255 3 4003
10.136246 -1.837525 3.940168 255 255 255 3 4003
10.077612 -1.899608 3.917376 255 255 255 3 4003
10.019652 -1.960977 3.894846 255 255 255 3 4003
9.962358 -2.021645 3.872574 255 255 255 3 4003
9.905712 -2.081622 3.850555 255 255 255 3 4003
9.849708 -2.140920 3.828784 255 255 255 3 4003
9.794333 -2.199553 3.807260 255 255 255 3 4003
9.739578 -2.257530 3.785975 255 255 255 3 4003
9.685432 -2.314862 3.764927 255 255 255 3 4003
9.631884 -2.371560 3.744112 255 255 255 3 4003
9.578926 -2.427635 3.723526 255 255 255 3 4003
9.526546 -2.483096 3.703165 255 255 255 3 4003
9.474737 -2.537955 3.683026 255 255 255 3 4003
9.423487 -2.592219 3.663104 255 255 255 3 4003
9.372788 -2.645900 3.643396 255 255 255 3 4003
9.322634 -2.699006 3.623900 255 255 255 3 4003
9.273012 -2.751547 3.604611 255 255 255 3 4003
9.223917 -2.803532 3.585527 255 255 255 3 4003
9.175337 -2.854969 3.566643 255 255 255 3 4003
9.127268 -2.905867 3.547957 255 255 255 3 4003
9.079699 -2.956234 3.529466 255 255 255 3 4003
9.032622 -3.006079 3.511167 255 255 255 3 4003
8.986034 -3.055411 3.493057 255 255 255 3 4003
8.939919 -3.104234 3.475131 255 255 255 3 4003
8.894276 -3.152560 3.457388 255 255 255 3 4003
8.849095 -3.200394 3.439826 255 255 255 3 4003
8.804371 -3.247745 3.422441 255 255 255 3 4003
8.760098 -3.294619 3.405231 255 255 255 3 4003
8.716268 -3.341025 3.388193 255 255 255 3 4003
8.672873 -3.386968 3.371325 255 255 255 3 4003
8.629910 -3.432456 3.354624 255 255 255 3 4003
8.587369 -3.477496 3.338087 255 255 255 3 4003
8.545247 -3.522095 3.321714 255 255 255 3 4003
8.503536 -3.566258 3.305500 255 255 255 3 4003
8.462244 -3.609998 3.289449 255 255 255 3 4003
8.421339 -3.653309 3.273548 255 255 255 3 4003
8.380827 -3.696204 3.257800 255 255 255 3 4003
8.340702 -3.738688 3.242203 255 255 255 3 4003
8.300960 -3.780767 3.226754 255 255 255 3 4003
8.261596 -3.822448 3.211453 255 255 255 3 4003
8.222602 -3.863734 3.196295 255 255 255 3 4003
8.183975 -3.904633 3.181280 255 255 255 3 4003
8.145710 -3.945150 3.166406 255 255 255 3 4003
8.107800 -3.985289 3.151670 255 255 255 3 4003
8.070242 -4.025056 3.137070 255 255 255 3 4003
8.033030 -4.064457 3.122605 255 255 255 3 4003
7.996160 -4.103496 3.108273 255 255 255 3 4003
7.959626 -4.142178 3.094070 255 255 255 3 4003
7.923425 -4.180508 3.079998 255 255 255 3 4003
7.887551 -4.218492 3.066053 255 255 255 3 4003
7.852002 -4.256133 3.052234 255 255 255 3 4003
7.816771 -4.293436 3.038539 255 255 255 3 4003
7.781855 -4.330406 3.024966 255 255 255 3 4003
7.747249 -4.367046 3.011514 255 255 255 3 4003
7.712950 -4.403364 2.998182 255 255 255 3 4003
7.671309 4.421104 2.926646 255 255 255 3 4004
7.704916 4.384880 2.939467 255 255 255 3 4004
7.738821 4.348337 2.952402 255 255 255 3 4004
7.773025 4.311471 2.965451 255 255 255 3 4004
7.807530 4.274278 2.978615 255 255 255 3 4004
7.842345 4.236753 2.991897 255 255 255 3 4004
7.877471 4.198892 3.005298 255 255 255 3 4004
7.912914 4.160690 3.018820 255 255 255 3 4004
7.948677 4.122143 3.032463 255 255 255 3 4004
7.984765 4.083246 3.046231 255 255 255 3 4004
8.021182 4.043994 3.060124 255 255 255 3 4004
8.057932 4.004383 3.074145 255 255 255 3 4004
8.095020 3.964406 3.088294 255 255 255 3 4004
8.132453 3.924061 3.102575 255 255 255 3 4004
8.170232 3.883340 3.116988 255 255 255 3 4004
8.208364 3.842239 3.131535 255 255 255 3 4004
8.246855 3.800753 3.146220 255 255 255 3 4004
8.285707 3.758876 3.161042 255 255 255 3 4004
8.324927 3.716602 3.176005 255 255 255 3 4004
8.364521 3.673926 3.191110 255 255 255 3 4004
8.404493 3.630842 3.206359 255 255 255 3 4004
8.444849 3.587345 3.221756 255 255 255 3 4004
8.485595 3.543428 3.237300 255 255 255 3 4004
8.526733 3.499085 3.252995 255 255 255 3 4004
8.568274 3.454310 3.268843 255 255 255 3 4004
8.610223 3.409096 3.284847 255 255 255 3 4004
8.652583 3.363438 3.301007 255 255 255 3 4004
8.695363 3.317328 3.317328 255 255 255 3 4004
8.738567 3.270760 3.333811 255 255 255 3 4004
8.782203 3.223727 3.350458 255 255 255 3 4004
8.826278 3.176222 3.367272 255 255 255 3 4004
8.870796 3.128238 3.384257 255 255 255 3 4004
8.915766 3.079767 3.401413 255 255 255 3 4004
8.961194 3.030802 3.418744 255 255 255 3 4004
9.007088 2.981335 3.436253 255 255 255 3 4004
9.053453 2.931360 3.453942 255 255 255 3 4004
9.100300 2.880867 3.471813 255 255 255 3 4004
9.147633 2.829849 3.489871 255 255 255 3 4004
9.195460 2.778297 3.508118 255 255 255 3 4004
9.243793 2.726204 3.526557 255 255 255 3 4004
9.292633 2.673560 3.545190 255 255 255 3 4004
9.341993 2.620357 3.564021 255 255 255 3 4004
9.391883 2.566585 3.583054 255 255 255 3 4004
9.442305 2.512236 3.602290 255 255 255 3 4004
9.493274 2.457301 3.621735 255 255 255 3 4004
9.544795 2.401769 3.641391 255 255 255 3 4004
9.596877 2.345631 3.661260 255 255 255 3 4004
9.649532 2.288877 3.681349 255 255 255 3 4004
9.702768 2.231497 3.701658 255 255 255 3 4004
9.756594 2.173480 3.722193 255 255 255 3 4004
9.811021 2.114816 3.742957 255 255 255 3 4004
9.866058 2.055494 3.763955 255 255 255 3 4004
9.921717 1.995502 3.785189 255 255 255 3 4004
9.978008 1.934830 3.806664 255 255 255 3 4004
10.034940 1.873465 3.828384 255 255 255 3 4004
10.092525 1.811396 3.850353 255 255 255 3 4004
10.150776 1.748611 3.872576 255 255 255 3 4004
10.209703 1.685096 3.895057 255 255 255 3 4004
10.269319 1.620840 3.917800 255 255 255 3 4004
10.329634 1.555829 3.940811 255 255 255 3 4004
10.390662 1.490050 3.964094 255 255 255 3 4004
10.452415 1.423489 3.987653 255 255 255 3 4004
10.514908 1.356132 4.011494 255 255 255 3 4004
10.578152 1.287965 4.035622 255 255 255 3 4004
10.642159 1.218973 4.060041 255 255 255 3 4004
10.706949 1.149141 4.084759 255 255 255 3 4004
10.772531 1.078453 4.109778 255 255 255 3 4004
10.838921 1.006894 4.135107 255 255 255 3 4004
10.906135 0.934448 4.160749 255 255 255 3 4004
10.974186 0.861097 4.186711 255 255 255 3 4004
11.043095 0.786826 4.213000 255 255 255 3 4004
11.112873 0.711616 4.239621 255 255 255 3 4004
11.183537 0.635449 4.266580 255 255 255 3 4004
11.255107 0.558307 4.293884 255 255 254 3 4004
11.327600 0.480172 4.321541 255 255 254 3 4004
11.401031 0.401024 4.349555 255 255 250 3 4004
11.475420 0.320842 4.377935 255 255 249 3 4004
11.550789 0.239608 4.406688 255 255 247 3 4004
11.627151 0.157299 4.435821 255 255 246 3 4004
11.704531 0.073895 4.465342 255 255 244 3 4004
11.782949 -0.010626 4.495259 255 255 244 3 4004
11.814293 -0.095897 4.507216 255 255 250 3 4003
11.734715 -0.179920 4.476857 255 255 249 3 4003
11.656200 -0.262819 4.446904 255 255 254 3 4003
11.578732 -0.344615 4.417349 255 255 249 3 4003
11.502285 -0.425331 4.388184 255 255 255 3 4003
11.426842 -0.504989 4.359402 255 255 252 3 4003
11.352381 -0.583608 4.330995 255 255 255 3 4003
11.278885 -0.661210 4.302956 255 255 255 3 4003
11.206333 -0.737813 4.275277 255 255 255 3 4003
11.134711 -0.813437 4.247952 255 255 255 3 4003
11.063998 -0.888100 4.220975 255 255 255 3 4003
10.994176 -0.961821 4.194337 255 255 255 3 4003
10.925230 -1.034618 4.168034 255 255 255 3 4003
10.857144 -1.106507 4.142059 255 255 255 3 4003
10.789902 -1.177505 4.116406 255 255 255 3 4003
10.723486 -1.247630 4.091068 255 255 255 3 4003
10.657886 -1.316897 4.066041 255 255 255 3 4003
10.593080 -1.385321 4.041317 255 255 255 3 4003
10.529060 -1.452918 4.016893 255 255 255 3 4003
10.465808 -1.519703 3.992762 255 255 255 3 4003
10.403313 -1.585691 3.968920 255 255 255 3 4003
10.341558 -1.650895 3.945360 255 255 255 3 4003
10.280533 -1.715329 3.922079 255 255 255 3 4003
10.220222 -1.779008 3.899070 255 255 255 3 4003
10.160615 -1.841943 3.876330 255 255 255 3 4003
10.101702 -1.904149 3.853854 255 255 255 3 4003
10.043466 -1.965638 3.831636 255 255 255 3 4003
9.985898 -2.026422 3.809674 255 255 255 3 4003
9.928987 -2.086513 3.787962 255 255 255 3 4003
9.872720 -2.145922 3.766496 255 255 255 3 4003
9.817087 -2.204663 3.745272 255 255 255 3 4003
9.762077 -2.262745 3.724285 255 255 255 3 4003
9.707682 -2.320179 3.703533 255 255 255 3 4003
9.653888 -2.376978 3.683010 255 255 255 3 4003
9.600689 -2.433150 3.662715 255 255 255 3 4003
9.548071 -2.488706 3.642641 255 255 255 3 4003
9.496027 -2.543657 3.622786 255 255 255 3 4003
9.444548 -2.598012 3.603146 255 255 255 3 4003
9.393624 -2.651781 3.583718 255 255 255 3 4003
9.343246 -2.704973 3.564499 255 255 255 3 4003
9.293405 -2.757598 3.545484 255 255 255 3 4003
9.244094 -2.809664 3.526672 255 255 255 3 4003
9.195302 -2.861181 3.508057 255 255 255 3 4003
9.147023 -2.912157 3.489639 255 255 255 3 4003
9.099249 -2.962600 3.471412 255 255 255 3 4003
9.051976 -3.012520 3.453378 255 255 255 3 4003
9.005183 -3.061922 3.435526 255 255 255 3 4003
8.958874 -3.110816 3.417859 255 255 255 3 4003
8.913035 -3.159209 3.400371 255 255 255 3 4003
8.867665 -3.207110 3.383062 255 255 255 3 4003
8.822754 -3.254526 3.365928 255 255 255 3 4003
8.778296 -3.301463 3.348967 255 255 255 3 4003
8.734283 -3.347930 3.332176 255 255 255 3 4003
8.690710 -3.393934 3.315553 255 255 255 3 4003
8.647569 -3.439481 3.299094 255 255 255 3 4003
8.604856 -3.484578 3.282799 255 255 255 3 4003
8.562559 -3.529231 3.266663 255 255 255 3 4003
8.520680 -3.573448 3.250685 255 255 255 3 4003
8.479224 -3.617241 3.234870 255 255 255 3 4003
8.438155 -3.660604 3.219202 255 255 255 3 4003
8.397481 -3.703549 3.203684 255 255 255 3 4003
8.357198 -3.746082 3.188316 255 255 255 3 4003
8.317299 -3.788209 3.173094 255 255 255 3 4003
8.277780 -3.829936 3.158018 255 255 255 3 4003
8.238633 -3.871267 3.143083 255 255 255 3 4003
8.199856 -3.912210 3.128289 255 255 255 3 4003
8.161443 -3.952769 3.113634 255 255 255 3 4003
8.123386 -3.992950 3.099116 255 255 255 3 4003
8.085684 -4.032758 3.084732 255 255 255 3 4003
8.048329 -4.072198 3.070481 255 255 255 3 4003
8.011319 -4.111276 3.056360 255 255 255 3 4003
7.974647 -4.149995 3.042370 255 255 255 3 4003
7.938309 -4.188362 3.028507 255 255 255 3 4003
7.902301 -4.226380 3.014770 255 255 255 3 4003
7.866619 -4.264056 3.001157 255 255 255 3 4003
7.831257 -4.301393 2.987666 255 255 255 3 4003
7.796211 -4.338395 2.974296 255 255 255 3 4003
7.761478 -4.375067 2.961045 255 255 255 3 4003
7.727054 -4.411416 2.947912 255 255 255 3 4003
7.686501 4.429859 2.876981 255 255 255 3 4004
7.720242 4.393601 2.889611 255 255 255 3 4004
7.754281 4.357024 2.902351 255 255 255 3 4004
7.788621 4.320122 2.915204 255 255 255 3 4004
7.823267 4.282893 2.928172 255 255 255 3 4004
7.858222 4.245330 2.941255 255 255 255 3 4004
7.893492 4.207431 2.954456 255 255 255 3 4004
7.929079 4.169189 2.967776 255 255 255 3 4004
7.964988 4.130602 2.981217 255 255 255 3 4004
8.001225 4.091663 2.994780 255 255 255 3 4004
8.037792 4.052369 3.008466 255 255 255 3 4004
8.074696 4.012713 3.022279 255 255 255 3 4004
8.111939 3.972692 3.036219 255 255 255 3 4004
8.149529 3.932300 3.050288 255 255 255 3 4004
8.187467 3.891531 3.064488 255 255 255 3 4004
8.225760 3.850381 3.078821 255 255 255 3 4004
8.264413 3.808845 3.093289 255 255 255 3 4004
8.303432 3.766917 3.107893 255 255 255 3 4004
8.342821 3.724591 3.122636 255 255 255 3 4004
8.382585 3.681860 3.137519 255 255 255 3 4004
8.422730 3.638721 3.152545 255 255 255 3 4004
8.463262 3.595167 3.167716 255 255 255 3 4004
8.504186 3.551191 3.183033 255 255 255 3 4004
8.545506 3.506789 3.198499 255 255 255 3 4004
8.587231 3.461952 3.214116 255 255 255 3 4004
8.629365 3.416676 3.229887 255 255 255 3 4004
8.671915 3.370953 3.245812 255 255 255 3 4004
8.714886 3.324776 3.261896 255 255 255 3 4004
8.758286 3.278141 3.278140 255 255 255 3 4004
8.802119 3.231038 3.294547 255 255 255 3 4004
8.846394 3.183461 3.311118 255 255 255 3 4004
8.891116 3.135403 3.327857 255 255 255 3 4004
8.936293 3.086857 3.344766 255 255 255 3 4004
8.981930 3.037815 3.361848 255 255 255 3 4004
9.028037 2.988270 3.379105 255 255 255 3 4004
9.074620 2.938213 3.396541 255 255 255 3 4004
9.121685 2.887637 3.414157 255 255 255 3 4004
9.169243 2.836534 3.431957 255 255 255 3 4004
9.217298 2.784895 3.449944 255 255 255 3 4004
9.265859 2.732712 3.468120 255 255 255 3 4004
9.314936 2.679976 3.486489 255 255 255 3 4004
9.364532 2.626678 3.505053 255 255 255 3 4004
9.414661 2.572810 3.523815 255 255 255 3 4004
9.465332 2.518363 3.542781 255 255 255 3 4004
9.516549 2.463326 3.561951 255 255 255 3 4004
9.568323 2.407690 3.581329 255 255 255 3 4004
9.620665 2.351445 3.600920 255 255 255 3 4004
9.673581 2.294581 3.620726 255 255 255 3 4004
9.727083 2.237089 3.640752 255 255 255 3 4004
9.781180 2.178957 3.661000 255 255 255 3 4004
9.835882 2.120175 3.681474 255 255 255 3 4004
9.891201 2.060732 3.702179 255 255 255 3 4004
9.947145 2.000616 3.723118 255 255 255 3 4004
10.003723 1.939816 3.744295 255 255 255 3 4004
10.060951 1.878321 3.765715 255 255 255 3 4004
10.118837 1.816118 3.787381 255 255 255 3 4004
10.177392 1.753196 3.809298 255 255 255 3 4004
10.236629 1.689540 3.831470 255 255 255 3 4004
10.296561 1.625140 3.853902 255 255 255 3 4004
10.357197 1.559981 3.876597 255 255 255 3 4004
10.418552 1.494050 3.899562 255 255 255 3 4004
10.480639 1.427333 3.922800 255 255 255 3 4004
10.543468 1.359816 3.946317 255 255 255 3 4004
10.607059 1.291485 3.970118 255 255 255 3 4004
10.671418 1.222324 3.994207 255 255 255 3 4004
10.736564 1.152319 4.018590 255 255 255 3 4004
10.802513 1.081455 4.043274 255 255 255 3 4004
10.869272 1.009714 4.068262 255 255 255 3 4004
10.936866 0.937081 4.093561 255 255 255 3 4004
11.005304 0.863539 4.119177 255 255 255 3 4004
11.074602 0.789071 4.145115 255 255 255 3 4004
11.144781 0.713659 4.171382 255 255 255 3 4004
11.215855 0.637285 4.197984 255 255 255 3 4004
11.287839 0.559931 4.224927 255 255 253 3 4004
11.360755 0.481577 4.252219 255 255 253 3 4004
11.434619 0.402205 4.279866 255 255 248 3 4004
11.509447 0.321794 4.307873 255 255 248 3 4004
11.585264 0.240323 4.336250 255 255 246 3 4004
11.662086 0.157772 4.365004 255 255 245 3 4004
11.739934 0.074119 4.394142 255 255 241 3 4004
11.818827 -0.010659 4.423671 255 255 240 3 4004
11.847415 -0.096166 4.434371 255 255 250 3 4003
11.767392 -0.180421 4.404419 255 255 247 3 4003
11.688441 -0.263545 4.374869 255 255 252 3 4003
11.610545 -0.345562 4.345713 255 255 246 3 4003
11.533679 -0.426492 4.316943 255 255 255 3 4003
11.457826 -0.506358 4.288551 255 255 252 3 4003
11.382960 -0.585180 4.260530 255 255 255 3 4003
11.309069 -0.662979 4.232873 255 255 255 3 4003
11.236130 -0.739775 4.205573 255 255 255 3 4003
11.164127 -0.815586 4.178623 255 255 255 3 4003
11.093042 -0.890432 4.152017 255 255 255 3 4003
11.022854 -0.964330 4.125746 255 255 255 3 4003
10.953548 -1.037299 4.099805 255 255 255 3 4003
10.885110 -1.109357 4.074190 255 255 255 3 4003
10.817522 -1.180520 4.048892 255 255 255 3 4003
10.750768 -1.250804 4.023906 255 255 255 3 4003
10.684834 -1.320226 3.999228 255 255 255 3 4003
10.619701 -1.388802 3.974850 255 255 255 3 4003
10.555360 -1.456547 3.950767 255 255 255 3 4003
10.491793 -1.523476 3.926975 255 255 255 3 4003
10.428987 -1.589604 3.903467 255 255 255 3 4003
10.366927 -1.654945 3.880239 255 255 255 3 4003
10.305602 -1.719512 3.857285 255 255 255 3 4003
10.245001 -1.783321 3.834603 255 255 255 3 4003
10.185105 -1.846383 3.812185 255 255 255 3 4003
10.125907 -1.908712 3.790027 255 255 255 3 4003
10.067392 -1.970320 3.768126 255 255 255 3 4003
10.009551 -2.031221 3.746477 255 255 255 3 4003
9.952370 -2.091427 3.725074 255 255 255 3 4003
9.895838 -2.150947 3.703915 255 255 255 3 4003
9.839946 -2.209796 3.682995 255 255 255 3 4003
9.784680 -2.267984 3.662310 255 255 255 3 4003
9.730034 -2.325522 3.641856 255 255 255 3 4003
9.675993 -2.382420 3.621629 255 255 255 3 4003
9.622549 -2.438690 3.601625 255 255 255 3 4003
9.569693 -2.494342 3.581842 255 255 255 3 4003
9.517413 -2.549386 3.562274 255 255 255 3 4003
9.465703 -2.603832 3.542920 255 255 255 3 4003
9.414551 -2.657689 3.523774 255 255 255 3 4003
9.363949 -2.710967 3.504834 255 255 255 3 4003
9.313888 -2.763676 3.486097 255 255 255 3 4003
9.264359 -2.815824 3.467558 255 255 255 3 4003
9.215354 -2.867420 3.449216 255 255 255 3 4003
9.166865 -2.918474 3.431067 255 255 255 3 4003
9.118884 -2.968992 3.413109 255 255 255 3 4003
9.099025 -3.028178 3.405675 207 196 177 3 4003
9.115343 -3.099378 3.411783 255 251 170 4 1000
9.068364 -3.148835 3.394199 255 251 172 4 1000
9.021868 -3.197785 3.376796 255 251 172 4 1000
8.975845 -3.246235 3.359571 255 251 172 4 1000
8.930291 -3.294194 3.342520 255 250 173 4 1000
8.885196 -3.341668 3.325641 255 252 198 4 1000
8.752375 -3.354865 3.275928 255 252 237 3 4003
8.708621 -3.400928 3.259551 255 255 255 3 4003
8.665301 -3.446533 3.243337 255 255 255 3 4003
8.622413 -3.491688 3.227284 255 255 255 3 4003
8.579946 -3.536397 3.211389 255 255 255 3 4003
8.537895 -3.580668 3.195650 255 255 255 3 4003
8.496273 -3.624514 3.180071 255 255 255 3 4003
8.455038 -3.667929 3.164638 255 255 255 3 4003
8.414203 -3.710924 3.149353 255 255 255 3 4003
8.373758 -3.753506 3.134216 255 255 255 3 4003
8.333702 -3.795680 3.119223 255 255 255 3 4003
8.294027 -3.837453 3.104373 255 255 255 3 4003
8.254727 -3.878829 3.089663 255 255 255 3 4003
8.215799 -3.919816 3.075093 255 255 255 3 4003
8.177236 -3.960418 3.060659 255 255 255 3 4003
8.139033 -4.000641 3.046360 255 255 255 3 4003
8.101186 -4.040489 3.032194 255 255 255 3 4003
8.063688 -4.079969 3.018158 255 255 255 3 4003
8.026536 -4.119085 3.004253 255 255 255 3 4003
7.989726 -4.157842 2.990475 255 255 255 3 4003
7.953251 -4.196245 2.976823 255 255 255 3 4003
7.917108 -4.234299 2.963295 255 255 255 3 4003
7.881290 -4.272008 2.949888 255 255 255 3 4003
7.845797 -4.309379 2.936604 255 255 255 3 4003
7.810622 -4.346414 2.923438 255 255 255 3 4003
7.775760 -4.383118 2.910390 255 255 255 3 4003
7.741210 -4.419497 2.897458 255 255 255 3 4003
7.701753 4.438649 2.827120 255 255 255 3 4004
7.735628 4.402358 2.839555 255 255 255 3 4004
7.769804 4.365746 2.852100 255 255 255 3 4004
7.804281 4.328809 2.864756 255 255 255 3 4004
7.839067 4.291543 2.877525 255 255 255 3 4004
7.874164 4.253942 2.890408 255 255 255 3 4004
7.909576 4.216004 2.903407 255 255 255 3 4004
7.945310 4.177724 2.916524 255 255 255 3 4004
7.981366 4.139095 2.929759 255 255 255 3 4004
8.017752 4.100115 2.943115 255 255 255 3 4004
8.054472 4.060778 2.956595 255 255 255 3 4004
8.091528 4.021078 2.970197 255 255 255 3 4004
8.128928 3.981012 2.983926 255 255 255 3 4004
8.166675 3.940573 2.997782 255 255 255 3 4004
8.204773 3.899757 3.011766 255 255 255 3 4004
8.243231 3.858559 3.025883 255 255 255 3 4004
8.282048 3.816972 3.040132 255 255 255 3 4004
8.321233 3.774992 3.054516 255 255 255 3 4004
8.360792 3.732614 3.069037 255 255 255 3 4004
8.400727 3.689829 3.083696 255 255 255 3 4004
8.441047 3.646634 3.098497 255 255 255 3 4004
8.481757 3.603024 3.113440 255 255 255 3 4004
8.522859 3.558989 3.128528 255 255 255 3 4004
8.564363 3.514527 3.143763 255 255 255 3 4004
8.606273 3.469629 3.159147 255 255 255 3 4004
8.648593 3.424289 3.174681 255 255 255 3 4004
8.691333 3.378501 3.190371 255 255 255 3 4004
8.734497 3.332258 3.206215 255 255 255 3 4004
8.778091 3.285554 3.222217 255 255 255 3 4004
8.822125 3.238382 3.238381 255 255 255 3 4004
8.866602 3.190733 3.254707 255 255 255 3 4004
8.911529 3.142602 3.271199 255 255 255 3 4004
8.956915 3.093981 3.287859 255 255 255 3 4004
9.002764 3.044862 3.304689 255 255 255 3 4004
9.049086 2.995237 3.321692 255 255 255 3 4004
9.095885 2.945099 3.338871 255 255 255 3 4004
9.143173 2.894439 3.356230 255 255 255 3 4004
9.190954 2.843250 3.373769 255 255 255 3 4004
9.239238 2.791524 3.391493 255 255 255 3 4004
9.288032 2.739251 3.409403 255 255 255 3 4004
9.337342 2.686423 3.427504 255 255 255 3 4004
9.387181 2.633031 3.445799 255 255 255 3 4004
9.437554 2.579066 3.464289 255 255 255 3 4004
9.488469 2.524519 3.482979 255 255 255 3 4004
9.539939 2.469380 3.501872 255 255 255 3 4004
9.591969 2.413639 3.520971 255 255 255 3 4004
9.644569 2.357288 3.540280 255 255 255 3 4004
9.697750 2.300314 3.559801 255 255 255 3 4004
9.751521 2.242709 3.579539 255 255 255 3 4004
9.805891 2.184462 3.599497 255 255 255 3 4004
9.860871 2.125561 3.619678 255 255 255 3 4004
9.916471 2.065996 3.640088 255 255 255 3 4004
9.972702 2.005756 3.660729 255 255 255 3 4004
10.029573 1.944829 3.681605 255 255 255 3 4004
10.087097 1.883202 3.702720 255 255 255 3 4004
10.145286 1.820865 3.724080 255 255 255 3 4004
10.204149 1.757805 3.745687 255 255 255 3 4004
10.263698 1.694008 3.767546 255 255 255 3 4004
10.323947 1.629462 3.789662 255 255 255 3 4004
10.384908 1.564155 3.812039 255 255 255 3 4004
10.446591 1.498071 3.834682 255 255 255 3 4004
10.509016 1.431197 3.857596 255 255 255 3 4004
10.572187 1.363520 3.880785 255 255 255 3 4004
10.636124 1.295024 3.904254 255 255 255 3 4004
10.700840 1.225694 3.928010 255 255 255 3 4004
10.766346 1.155516 3.952055 255 255 255 3 4004
10.832660 1.084473 3.976398 255 255 255 3 4004
10.899796 1.012550 4.001042 255 255 255 3 4004
10.967769 0.939729 4.025993 255 255 255 3 4004
11.036596 0.865994 4.051258 255 255 255 3 4004
11.106293 0.791329 4.076841 255 255 255 3 4004
11.176872 0.715714 4.102749 255 255 255 3 4004
11.248357 0.639132 4.128990 255 255 255 3 4004
11.320762 0.561564 4.155568 255 255 251 3 4004
11.394104 0.482991 4.182490 255 255 254 3 4004
11.468404 0.403393 4.209764 255 255 248 3 4004
11.543679 0.322751 4.237395 255 255 247 3 4004
11.619947 0.241043 4.265391 255 255 245 3 4004
11.697231 0.158248 4.293760 255 255 243 3 4004
11.775550 0.074344 4.322509 255 255 240 3 4004
11.854924 -0.010691 4.351645 255 255 239 3 4004
11.880724 -0.096437 4.361116 255 255 246 3 4003
11.800251 -0.180925 4.331576 255 255 245 3 4003
11.720862 -0.264277 4.302434 255 255 251 3 4003
11.642532 -0.346514 4.273682 255 255 246 3 4003
11.565244 -0.427660 4.245311 255 255 253 3 4003
11.488976 -0.507735 4.217315 255 255 252 3 4003
11.413707 -0.586761 4.189685 255 255 255 3 4003
11.339417 -0.664758 4.162416 255 255 255 3 4003
11.266086 -0.741747 4.135498 255 255 255 3 4003
11.193699 -0.817746 4.108926 255 255 255 3 4003
11.122238 -0.892775 4.082695 255 255 255 3 4003
11.051682 -0.966852 4.056795 255 255 255 3 4003
10.982014 -1.039995 4.031222 255 255 255 3 4003
10.913221 -1.112222 4.005970 255 255 255 3 4003
10.845284 -1.183549 3.981032 255 255 255 3 4003
10.778188 -1.253994 3.956403 255 255 255 3 4003
10.711918 -1.323573 3.932076 255 255 255 3 4003
10.646456 -1.392301 3.908047 255 255 255 3 4003
10.581791 -1.460194 3.884310 255 255 255 3 4003
10.517905 -1.527268 3.860859 255 255 255 3 4003
10.454786 -1.593536 3.837690 255 255 255 3 4003
10.392423 -1.659015 3.814798 255 255 255 3 4003
10.330796 -1.723716 3.792176 255 255 255 3 4003
10.269897 -1.787654 3.769822 255 255 255 3 4003
10.209712 -1.850844 3.747729 255 255 255 3 4003
10.150229 -1.913296 3.725894 255 255 255 3 4003
10.091434 -1.975026 3.704312 255 255 255 3 4003
10.033316 -2.036044 3.682978 255 255 255 3 4003
9.975864 -2.096364 3.661890 255 255 255 3 4003
9.919066 -2.155996 3.641040 255 255 255 3 4003
9.862912 -2.214954 3.620428 255 255 255 3 4003
9.807389 -2.273247 3.600047 255 255 255 3 4003
9.752488 -2.330888 3.579894 255 255 255 3 4003
9.698199 -2.387888 3.559966 255 255 255 3 4003
9.644510 -2.444256 3.540258 255 255 255 3 4003
9.591413 -2.500004 3.520767 255 255 255 3 4003
9.538896 -2.555140 3.501489 255 255 255 3 4003
9.486954 -2.609678 3.482423 255 255 255 3 4003
9.435572 -2.663623 3.463562 255 255 255 3 4003
9.384744 -2.716988 3.444904 255 255 255 3 4003
9.334460 -2.769780 3.426446 255 255 255 3 4003
9.284714 -2.822011 3.408186 255 255 255 3 4003
9.235495 -2.873687 3.390119 255 255 255 3 4003
9.186793 -2.924818 3.372241 255 255 255 3 4003
9.138604 -2.975413 3.354552 255 255 255 3 4003
9.139303 -3.041583 3.354809 207 196 178 3 4003
9.134847 -3.106010 3.353173 255 251 166 4 1000
9.087667 -3.155538 3.335855 255 251 167 4 1000
9.040974 -3.204557 3.318715 255 251 167 4 1000
8.994758 -3.253075 3.301750 255 251 167 4 1000
8.949011 -3.301099 3.284958 255 251 168 4 1000
8.903728 -3.348638 3.268335 255 251 167 4 1000
8.858900 -3.395698 3.251880 255 251 168 4 1000
8.814522 -3.442285 3.235590 255 251 168 4 1000
8.770585 -3.488409 3.219462 255 251 169 4 1000
8.727085 -3.534075 3.203494 255 251 168 4 1000
8.597417 -3.543598 3.155896 255 255 255 3 4003
8.555198 -3.587924 3.140399 255 255 255 3 4003
8.513391 -3.631817 3.125052 255 255 255 3 4003
8.471991 -3.675283 3.109855 255 255 255 3 4003
8.430990 -3.718328 3.094805 255 255 255 3 4003
8.390386 -3.760959 3.079900 255 255 255 3 4003
8.350170 -3.803180 3.065138 255 255 255 3 4003
8.310338 -3.845000 3.050517 255 255 255 3 4003
8.270884 -3.886421 3.036034 255 255 255 3 4003
8.231803 -3.927452 3.021688 255 255 255 3 4003
8.193090 -3.968097 3.007478 255 255 255 3 4003
8.154739 -4.008361 2.993399 255 255 255 3 4003
8.116745 -4.048250 2.979453 255 255 255 3 4003
8.079105 -4.087770 2.965636 255 255 255 3 4003
8.041811 -4.126924 2.951946 255 255 255 3 4003
8.004861 -4.165718 2.938383 255 255 255 3 4003
7.968248 -4.204157 2.924943 255 255 255 3 4003
7.931968 -4.242247 2.911625 255 255 255 3 4003
7.896018 -4.279992 2.898429 255 255 255 3 4003
7.860392 -4.317395 2.885352 255 255 255 3 4003
7.825086 -4.354463 2.872392 255 255 255 3 4003
7.790096 -4.391199 2.859548 255 255 255 3 4003
7.755417 -4.427608 2.846818 255 255 255 3 4003
7.717066 4.447474 2.777061 255 255 255 3 4004
7.751076 4.411149 2.789300 255 255 255 3 4004
7.785388 4.374503 2.801647 255 255 255 3 4004
7.820005 4.337530 2.814105 255 255 255 3 4004
7.854931 4.300227 2.826673 255 255 255 3 4004
7.890170 4.262590 2.839354 255 255 255 3 4004
7.925728 4.224614 2.852150 255 255 255 3 4004
7.961606 4.186293 2.865061 255 255 255 3 4004
7.997812 4.147624 2.878090 255 255 255 3 4004
8.034348 4.108602 2.891238 255 255 255 3 4004
8.071219 4.069221 2.904507 255 255 255 3 4004
8.108432 4.029479 2.917898 255 255 255 3 4004
8.145988 3.989367 2.931413 255 255 255 3 4004
8.183893 3.948882 2.945053 255 255 255 3 4004
8.222154 3.908018 2.958822 255 255 255 3 4004
8.260773 3.866771 2.972719 255 255 255 3 4004
8.299757 3.825134 2.986748 255 255 255 3 4004
8.339111 3.783103 3.000910 255 255 255 3 4004
8.378839 3.740670 3.015207 255 255 255 3 4004
8.418949 3.697833 3.029641 255 255 255 3 4004
8.459444 3.654582 3.044213 255 255 255 3 4004
8.500330 3.610914 3.058926 255 255 255 3 4004
8.541615 3.566821 3.073783 255 255 255 3 4004
8.583301 3.522298 3.088784 255 255 255 3 4004
8.625397 3.477339 3.103933 255 255 255 3 4004
8.667907 3.431936 3.119230 255 255 255 3 4004
8.710838 3.386083 3.134680 255 255 255 3 4004
8.754197 3.339774 3.150283 255 255 255 3 4004
8.797990 3.293001 3.166042 255 255 255 3 4004
8.842223 3.245759 3.181960 255 255 255 3 4004
8.886903 3.198039 3.198038 255 255 255 3 4004
8.932036 3.149834 3.214280 255 255 255 3 4004
8.977631 3.101137 3.230688 255 255 255 3 4004
9.023693 3.051940 3.247264 255 255 255 3 4004
9.070232 3.002236 3.264011 255 255 255 3 4004
9.117250 2.952016 3.280931 255 255 255 3 4004
9.164762 2.901274 3.298028 255 255 255 3 4004
9.212770 2.849999 3.315305 255 255 255 3 4004
9.261283 2.798185 3.332762 255 255 255 3 4004
9.310309 2.745821 3.350405 255 255 255 3 4004
9.359859 2.692901 3.368236 255 255 255 3 4004
9.409938 2.639414 3.386257 255 255 255 3 4004
9.460557 2.585352 3.404473 255 255 255 3 4004
9.511722 2.530705 3.422885 255 255 255 3 4004
9.563443 2.475464 3.441498 255 255 255 3 4004
9.615732 2.419619 3.460314 255 255 255 3 4004
9.668593 2.363160 3.479337 255 255 255 3 4004
9.722041 2.306076 3.498571 255 255 255 3 4004
9.776082 2.248358 3.518018 255 255 255 3 4004
9.830727 2.189995 3.537682 255 255 255 3 4004
9.885986 2.130975 3.557568 255 255 255 3 4004
9.941871 2.071288 3.577679 255 255 255 3 4004
9.998390 2.010923 3.598018 255 255 255 3 4004
10.055557 1.949867 3.618590 255 255 255 3 4004
10.113380 1.888109 3.639398 255 255 255 3 4004
10.171872 1.825637 3.660447 255 255 255 3 4004
10.231045 1.762438 3.681741 255 255 255 3 4004
10.290911 1.698499 3.703284 255 255 255 3 4004
10.351480 1.633808 3.725081 255 255 255 3 4004
10.412767 1.568351 3.747135 255 255 255 3 4004
10.474786 1.502114 3.769453 255 255 255 3 4004
10.537545 1.435083 3.792038 255 255 255 3 4004
10.601062 1.367244 3.814895 255 255 255 3 4004
10.665350 1.298582 3.838030 255 255 255 3 4004
10.730421 1.229083 3.861446 255 255 255 3 4004
10.796293 1.158730 3.885151 255 255 255 3 4004
10.862977 1.087508 3.909148 255 255 255 3 4004
10.930490 1.015401 3.933443 255 255 255 3 4004
10.998849 0.942392 3.958042 255 255 255 3 4004
11.068066 0.868464 3.982951 255 255 255 3 4004
11.138162 0.793599 4.008175 255 255 255 3 4004
11.209150 0.717781 4.033721 255 255 253 3 4004
11.281049 0.640989 4.059595 255 255 254 3 4004
11.353877 0.563207 4.085803 255 255 250 3 4004
11.427651 0.484413 4.112351 255 255 253 3 4004
11.502389 0.404589 4.139246 255 255 246 3 4004
11.578113 0.323714 4.166496 255 255 246 3 4004
11.654839 0.241766 4.194107 255 255 245 3 4004
11.732588 0.158726 4.222085 255 255 243 3 4004
11.811382 0.074570 4.250441 255 255 239 3 4004
11.891244 -0.010724 4.279180 255 255 238 3 4004
11.914220 -0.096709 4.287448 255 255 247 3 4003
11.833296 -0.181432 4.258327 255 255 244 3 4003
11.753463 -0.265012 4.229598 255 255 248 3 4003
11.674698 -0.347471 4.201253 255 255 246 3 4003
11.596982 -0.428833 4.173286 255 255 252 3 4003
11.520296 -0.509119 4.145690 255 255 250 3 4003
11.444618 -0.588350 4.118457 255 255 255 3 4003
11.369926 -0.666547 4.091578 255 255 255 3 4003
11.296202 -0.743730 4.065048 255 255 255 3 4003
11.223429 -0.819918 4.038860 255 255 255 3 4003
11.151587 -0.895131 4.013007 255 255 255 3 4003
11.080661 -0.969387 3.987483 255 255 255 3 4003
11.010628 -1.042705 3.962281 255 255 255 3 4003
10.941479 -1.115102 3.937397 255 255 255 3 4003
10.873189 -1.186595 3.912823 255 255 255 3 4003
10.805748 -1.257201 3.888553 255 255 255 3 4003
10.739140 -1.326936 3.864583 255 255 255 3 4003
10.673346 -1.395818 3.840907 255 255 255 3 4003
10.608354 -1.463860 3.817519 255 255 255 3 4003
10.544149 -1.531079 3.794415 255 255 255 3 4003
10.480717 -1.597489 3.771588 255 255 255 3 4003
10.418042 -1.663104 3.749033 255 255 255 3 4003
10.356113 -1.727940 3.726748 255 255 255 3 4003
10.294917 -1.792009 3.704726 255 255 255 3 4003
10.234439 -1.855326 3.682962 255 255 255 3 4003
10.174666 -1.917903 3.661453 255 255 255 3 4003
10.115590 -1.979754 3.640193 255 255 255 3 4003
10.057194 -2.040890 3.619179 255 255 255 3 4003
9.999470 -2.101324 3.598406 255 255 255 3 4003
9.942403 -2.161068 3.577870 255 255 255 3 4003
9.885984 -2.220135 3.557568 255 255 255 3 4003
9.830202 -2.278535 3.537494 255 255 255 3 4003
9.775047 -2.336280 3.517646 255 255 255 3 4003
9.720508 -2.393381 3.498019 255 255 255 3 4003
9.666572 -2.449847 3.478610 255 255 255 3 4003
9.613233 -2.505691 3.459415 255 255 255 3 4003
9.560476 -2.560921 3.440430 255 255 255 3 4003
9.508299 -2.615549 3.421654 255 255 255 3 4003
9.456686 -2.669584 3.403080 255 255 255 3 4003
9.405632 -2.723035 3.384708 255 255 255 3 4003
9.355125 -2.775912 3.366533 255 255 255 3 4003
9.305158 -2.828224 3.348551 255 255 255 3 4003
9.255723 -2.879981 3.330762 255 255 255 3 4003
9.206808 -2.931190 3.313159 255 255 255 3 4003
9.158410 -2.981862 3.295743 255 255 255 3 4003
9.179939 -3.055107 3.303490 208 196 178 3 4003
9.154436 -3.112671 3.294313 255 250 166 4 1000
9.107055 -3.162270 3.277262 255 250 166 4 1000
9.060162 -3.211358 3.260387 255 250 166 4 1000
9.013750 -3.259944 3.243685 255 250 166 4 1000
8.967810 -3.308034 3.227153 255 250 166 4 1000
8.922337 -3.355636 3.210789 255 250 166 4 1000
8.877321 -3.402758 3.194590 255 250 166 4 1000
8.832758 -3.449407 3.178554 255 250 166 4 1000
8.788643 -3.495591 3.162678 255 250 166 4 1000
8.744967 -3.541317 3.146961 255 251 166 4 1000
8.614944 -3.550822 3.100171 255 255 255 3 4003
8.572553 -3.595203 3.084916 255 255 255 3 4003
8.530577 -3.639149 3.069811 255 255 255 3 4003
8.489010 -3.682666 3.054852 255 255 255 3 4003
8.447845 -3.725761 3.040039 255 255 255 3 4003
8.407078 -3.768441 3.025369 255 255 255 3 4003
8.366703 -3.810711 3.010839 255 255 255 3 4003
8.326714 -3.852576 2.996449 255 255 255 3 4003
8.287105 -3.894043 2.982195 255 255 255 3 4003
8.247871 -3.935118 2.968077 255 255 255 3 4003
8.209007 -3.975806 2.954090 255 255 255 3 4003
8.170507 -4.016112 2.940236 255 255 255 3 4003
8.132368 -4.056042 2.926511 255 255 255 3 4003
8.094582 -4.095601 2.912913 255 255 255 3 4003
8.057145 -4.134793 2.899441 255 255 255 3 4003
8.020054 -4.173625 2.886093 255 255 255 3 4003
7.983302 -4.212101 2.872868 255 255 255 3 4003
7.946886 -4.250226 2.859763 255 255 255 3 4003
7.910800 -4.288004 2.846777 255 255 255 3 4003
7.875041 -4.325441 2.833909 255 255 255 3 4003
7.839603 -4.362541 2.821157 255 255 255 3 4003
7.804483 -4.399309 2.808518 255 255 255 3 4003
7.769677 -4.435749 2.795993 255 255 255 3 4003
7.732439 4.456334 2.726802 255 255 255 3 4004
7.766586 4.419976 2.738844 255 255 255 3 4004
7.801034 4.383294 2.750992 255 255 255 3 4004
7.835792 4.346287 2.763249 255 255 255 3 4004
7.870859 4.308948 2.775615 255 255 255 3 4004
7.906242 4.271273 2.788093 255 255 255 3 4004
7.941945 4.233258 2.800683 255 255 255 3 4004
7.977972 4.194898 2.813388 255 255 255 3 4004
8.014325 4.156188 2.826208 255 255 255 3 4004
8.051014 4.117125 2.839146 255 255 255 3 4004
8.088038 4.077701 2.852202 255 255 255 3 4004
8.125405 4.037913 2.865379 255 255 255 3 4004
8.163119 3.997757 2.878679 255 255 255 3 4004
8.201185 3.957226 2.892103 255 255 255 3 4004
8.239607 3.916314 2.905652 255 255 255 3 4004
8.278393 3.875018 2.919329 255 255 255 3 4004
8.317543 3.833331 2.933136 255 255 255 3 4004
8.357066 3.791248 2.947073 255 255 255 3 4004
8.396967 3.748763 2.961144 255 255 255 3 4004
8.437249 3.705870 2.975349 255 255 255 3 4004
8.477922 3.662565 2.989692 255 255 255 3 4004
8.518987 3.618839 3.004174 255 255 255 3 4004
8.560452 3.574687 3.018796 255 255 255 3 4004
8.602324 3.530105 3.033562 255 255 255 3 4004
8.644607 3.485083 3.048473 255 255 255 3 4004
8.687306 3.439617 3.063531 255 255 255 3 4004
8.730431 3.393699 3.078738 255 255 255 3 4004
8.773985 3.347323 3.094098 255 255 255 3 4004
8.817977 3.300482 3.109611 255 255 255 3 4004
8.862412 3.253170 3.125281 255 255 255 3 4004
8.907296 3.205378 3.141109 255 255 255 3 4004
8.952639 3.157099 3.157099 255 255 255 3 4004
8.998445 3.108327 3.173252 255 255 255 3 4004
9.044721 3.059052 3.189571 255 255 255 3 4004
9.091476 3.009268 3.206059 255 255 255 3 4004
9.138718 2.958967 3.222718 255 255 255 3 4004
9.186452 2.908140 3.239552 255 255 255 3 4004
9.234689 2.856780 3.256562 255 255 255 3 4004
9.283434 2.804878 3.273752 255 255 255 3 4004
9.332696 2.752424 3.291124 255 255 255 3 4004
9.382483 2.699410 3.308681 255 255 255 3 4004
9.432807 2.645829 3.326427 255 255 255 3 4004
9.483671 2.591669 3.344364 255 255 255 3 4004
9.535089 2.536922 3.362497 255 255 255 3 4004
9.587066 2.481579 3.380826 255 255 255 3 4004
9.639612 2.425628 3.399356 255 255 255 3 4004
9.692739 2.369061 3.418091 255 255 255 3 4004
9.746452 2.311867 3.437033 255 255 255 3 4004
9.800767 2.254035 3.456187 255 255 255 3 4004
9.855690 2.195555 3.475554 255 255 255 3 4004
9.911230 2.136416 3.495141 255 255 255 3 4004
9.967402 2.076607 3.514949 255 255 255 3 4004
10.024213 2.016116 3.534983 255 255 255 3 4004
10.081675 1.954932 3.555247 255 255 255 3 4004
10.139799 1.893042 3.575744 255 255 255 3 4004
10.198600 1.830434 3.596480 255 255 255 3 4004
10.258083 1.767096 3.617457 255 255 255 3 4004
10.318267 1.703014 3.638680 255 255 255 3 4004
10.379161 1.638177 3.660154 255 255 255 3 4004
10.440776 1.572569 3.681882 255 255 255 3 4004
10.503130 1.506178 3.703871 255 255 255 3 4004
10.566232 1.438990 3.726123 255 255 255 3 4004
10.630095 1.370988 3.748644 255 255 255 3 4004
10.694738 1.302160 3.771441 255 255 255 3 4004
10.760169 1.232490 3.794514 255 255 255 3 4004
10.826406 1.161962 3.817872 255 255 255 3 4004
10.893465 1.090560 3.841521 255 255 255 3 4004
10.961359 1.018268 3.865463 255 255 255 3 4004
11.030104 0.945070 3.889705 255 255 255 3 4004
11.099718 0.870947 3.914254 255 255 255 3 4004
11.170217 0.795883 3.939115 255 255 255 3 4004
11.241615 0.719860 3.964294 255 255 254 3 4004
11.313931 0.642858 3.989795 255 255 255 3 4004
11.387186 0.564859 4.015628 255 255 252 3 4004
11.461395 0.485843 4.041798 255 255 252 3 4004
11.536578 0.405791 4.068311 255 255 247 3 4004
11.612752 0.324682 4.095173 255 255 248 3 4004
11.689940 0.242494 4.122393 255 255 244 3 4004
11.768161 0.159207 4.149977 255 255 245 3 4004
11.847436 0.074798 4.177933 255 255 241 3 4004
11.927786 -0.010757 4.206268 255 255 241 3 4004
11.947906 -0.096982 4.213363 255 255 247 3 4003
11.866524 -0.181941 4.184664 255 255 244 3 4003
11.786243 -0.265751 4.156354 255 255 251 3 4003
11.707041 -0.348434 4.128424 255 255 248 3 4003
11.628897 -0.430013 4.100866 255 255 255 3 4003
11.551788 -0.510511 4.073674 255 255 253 3 4003
11.475698 -0.589948 4.046841 255 255 255 3 4003
11.400599 -0.668345 4.020359 255 255 255 3 4003
11.326479 -0.745723 3.994220 255 255 255 3 4003
11.253319 -0.822102 3.968421 255 255 255 3 4003
11.181093 -0.897500 3.942951 255 255 255 3 4003
11.109792 -0.971936 3.917807 255 255 255 3 4003
11.039394 -1.045429 3.892982 255 255 255 3 4003
10.969881 -1.117996 3.868468 255 255 255 3 4003
10.901239 -1.189656 3.844262 255 255 255 3 4003
10.833450 -1.260424 3.820356 255 255 255 3 4003
10.766500 -1.330317 3.796747 255 255 255 3 4003
10.700373 -1.399352 3.773427 255 255 255 3 4003
10.635052 -1.467544 3.750392 255 255 255 3 4003
10.570523 -1.534908 3.727637 255 255 255 3 4003
10.506774 -1.601460 3.705156 255 255 255 3 4003
10.443789 -1.667215 3.682945 255 255 255 3 4003
10.381555 -1.732185 3.660998 255 255 255 3 4003
10.320057 -1.796386 3.639311 255 255 255 3 4003
10.259285 -1.859830 3.617880 255 255 255 3 4003
10.199224 -1.922532 3.596700 255 255 255 3 4003
10.139862 -1.984504 3.575767 255 255 255 3 4003
10.081186 -2.045758 3.555075 255 255 255 3 4003
10.023187 -2.106308 3.534621 255 255 255 3 4003
9.965850 -2.166165 3.514402 255 255 255 3 4003
9.909166 -2.225341 3.494413 255 255 255 3 4003
9.853124 -2.283848 3.474650 255 255 255 3 4003
9.797710 -2.341697 3.455108 255 255 255 3 4003
9.742918 -2.398899 3.435786 255 255 255 3 4003
9.688734 -2.455464 3.416679 255 255 255 3 4003
9.635150 -2.511404 3.397783 255 255 255 3 4003
9.582155 -2.566728 3.379094 255 255 255 3 4003
9.529741 -2.621448 3.360611 255 255 255 3 4003
9.477896 -2.675571 3.342328 255 255 255 3 4003
9.426612 -2.729109 3.324243 255 255 255 3 4003
9.375881 -2.782071 3.306353 255 255 255 3 4003
9.325693 -2.834466 3.288654 255 255 255 3 4003
9.276039 -2.886303 3.271144 255 255 255 3 4003
9.226911 -2.937591 3.253819 255 255 255 3 4003
9.178301 -2.988338 3.236677 255 255 255 3 4003
9.217016 -3.067446 3.250330 232 228 220 4 1000
9.174111 -3.119361 3.235200 255 249 166 4 1000
9.126524 -3.169030 3.218418 255 249 166 4 1000
9.079431 -3.218188 3.201811 255 249 166 4 1000
9.032822 -3.266841 3.185374 255 249 166 4 1000
8.986687 -3.314997 3.169106 255 250 166 4 1000
8.941022 -3.362664 3.153002 255 250 166 4 1000
8.895821 -3.409849 3.137062 255 250 166 4 1000
8.851075 -3.456560 3.121283 255 250 166 4 1000
8.806778 -3.502804 3.105662 255 250 166 4 1000
8.762920 -3.548587 3.090196 255 250 166 4 1000
8.632545 -3.558076 3.044219 255 255 255 3 4003
8.589980 -3.602511 3.029209 255 255 255 3 4003
8.547832 -3.646510 3.014346 255 255 255 3 4003
8.506098 -3.690079 2.999628 255 255 255 3 4003
8.464768 -3.733225 2.985054 255 255 255 3 4003
8.423838 -3.775954 2.970620 255 255 255 3 4003
8.383302 -3.818271 2.956325 255 255 255 3 4003
8.343154 -3.860183 2.942167 255 255 255 3 4003
8.303389 -3.901695 2.928144 255 255 255 3 4003
8.264002 -3.942814 2.914253 255 255 255 3 4003
8.224985 -3.983545 2.900495 255 255 255 3 4003
8.186336 -4.023892 2.886865 255 255 255 3 4003
8.148048 -4.063863 2.873363 255 255 255 3 4003
8.110116 -4.103460 2.859987 255 255 255 3 4003
8.072536 -4.142692 2.846734 255 255 255 3 4003
8.035304 -4.181561 2.833605 255 255 255 3 4003
7.998413 -4.220073 2.820595 255 255 255 3 4003
7.961858 -4.258233 2.807704 255 255 255 3 4003
7.925638 -4.296047 2.794932 255 255 255 3 4003
7.889745 -4.333518 2.782274 255 255 255 3 4003
7.854175 -4.370650 2.769731 255 255 255 3 4003
7.818924 -4.407449 2.757299 255 255 255 3 4003
7.783989 -4.443920 2.744980 255 255 255 3 4003
7.747873 4.465230 2.676342 255 255 255 3 4004
7.782157 4.428838 2.688185 255 255 255 3 4004
7.816745 4.392122 2.700132 255 255 255 3 4004
7.851642 4.355078 2.712187 255 255 255 3 4004
7.886852 4.317703 2.724349 255 255 255 3 4004
7.922379 4.279991 2.736622 255 255 255 3 4004
7.958228 4.241937 2.749005 255 255 255 3 4004
7.994403 4.203538 2.761501 255 255 255 3 4004
8.030908 4.164787 2.774110 255 255 255 3 4004
8.067747 4.125682 2.786836 255 255 255 3 4004
8.104927 4.086215 2.799679 255 255 255 3 4004
8.142451 4.046384 2.812641 255 255 255 3 4004
8.180324 4.006182 2.825723 255 255 255 3 4004
8.218551 3.965605 2.838928 255 255 255 3 4004
8.257136 3.924645 2.852256 255 255 255 3 4004
8.296086 3.883301 2.865711 255 255 255 3 4004
8.335405 3.841563 2.879293 255 255 255 3 4004
8.375097 3.799428 2.893004 255 255 255 3 4004
8.415172 3.756891 2.906846 255 255 255 3 4004
8.455630 3.713944 2.920822 255 255 255 3 4004
8.496480 3.670582 2.934932 255 255 255 3 4004
8.537725 3.626799 2.949180 255 255 255 3 4004
8.579374 3.582589 2.963567 255 255 255 3 4004
8.621431 3.537946 2.978094 255 255 255 3 4004
8.663902 3.492862 2.992765 255 255 255 3 4004
8.706794 3.447333 3.007581 255 255 255 3 4004
8.750113 3.401350 3.022545 255 255 255 3 4004
8.793864 3.354907 3.037658 255 255 255 3 4004
8.838056 3.307998 3.052923 255 255 255 3 4004
8.882693 3.260615 3.068342 255 255 255 3 4004
8.927785 3.212750 3.083918 255 255 255 3 4004
8.973335 3.164398 3.099653 255 255 255 3 4004
9.019354 3.115549 3.115549 255 255 255 3 4004
9.065847 3.066197 3.131609 255 255 255 3 4004
9.112821 3.016333 3.147835 255 255 255 3 4004
9.160285 2.965950 3.164230 255 255 255 3 4004
9.208246 2.915040 3.180798 255 255 255 3 4004
9.256712 2.863593 3.197539 255 255 255 3 4004
9.305691 2.811602 3.214458 255 255 255 3 4004
9.355190 2.759058 3.231556 255 255 255 3 4004
9.405219 2.705951 3.248838 255 255 255 3 4004
9.455786 2.652274 3.266305 255 255 255 3 4004
9.506900 2.598017 3.283961 255 255 255 3 4004
9.558569 2.543169 3.301809 255 255 255 3 4004
9.610804 2.487723 3.319853 255 255 255 3 4004
9.663612 2.431667 3.338094 255 255 255 3 4004
9.717002 2.374991 3.356537 255 255 255 3 4004
9.770989 2.317687 3.375185 255 255 255 3 4004
9.825576 2.259741 3.394041 255 255 255 3 4004
9.880778 2.201144 3.413110 255 255 255 3 4004
9.936604 2.141886 3.432394 255 255 255 3 4004
9.993063 2.081954 3.451896 255 255 255 3 4004
10.050167 2.021337 3.471622 255 255 255 3 4004
10.107929 1.960023 3.491575 255 255 255 3 4004
10.166358 1.898000 3.511757 255 255 255 3 4004
10.225466 1.835256 3.532175 255 255 255 3 4004
10.285267 1.771778 3.552832 255 255 255 3 4004
10.345769 1.707554 3.573731 255 255 255 3 4004
10.406989 1.642569 3.594878 255 255 255 3 4004
10.468939 1.576811 3.616277 255 255 255 3 4004
10.531627 1.510265 3.637932 255 255 255 3 4004
10.595073 1.442917 3.659848 255 255 255 3 4004
10.659288 1.374753 3.682030 255 255 255 3 4004
10.724285 1.305758 3.704482 255 255 255 3 4004
10.790081 1.235916 3.727210 255 255 255 3 4004
10.856688 1.165212 3.750218 255 255 255 3 4004
10.924122 1.093629 3.773511 255 255 255 3 4004
10.992402 1.021152 3.797097 255 255 255 3 4004
11.061538 0.947763 3.820979 255 255 255 3 4004
11.131550 0.873445 3.845163 255 255 255 3 4004
11.202455 0.798180 3.869655 255 255 255 3 4004
11.274267 0.721951 3.894461 255 255 255 3 4004
11.347008 0.644737 3.919588 255 255 255 3 4004
11.420691 0.566521 3.945040 255 255 251 3 4004
11.495337 0.487282 3.970826 255 255 252 3 4004
11.570969 0.407001 3.996951 255 255 246 3 4004
11.647601 0.325656 4.023422 255 255 250 3 4004
11.725254 0.243227 4.050246 255 255 245 3 4004
11.803949 0.159691 4.077429 255 255 243 3 4004
11.883707 0.075027 4.104980 255 255 241 3 4004
11.964552 -0.010790 4.132906 255 255 241 3 4004
11.981783 -0.097257 4.138858 255 255 249 3 4003
11.899940 -0.182453 4.110588 255 255 245 3 4003
11.819208 -0.266494 4.082700 255 255 251 3 4003
11.739564 -0.349402 4.055189 255 255 249 3 4003
11.660986 -0.431200 4.028046 255 255 254 3 4003
11.583452 -0.511910 4.001263 255 255 252 3 4003
11.506945 -0.591554 3.974835 255 255 255 3 4003
11.431439 -0.670153 3.948754 255 255 255 3 4003
11.356920 -0.747727 3.923012 255 255 255 3 4003
11.283364 -0.824297 3.897604 255 255 255 3 4003
11.210756 -0.899881 3.872523 255 255 255 3 4003
11.139075 -0.974498 3.847762 255 255 255 3 4003
11.068308 -1.048167 3.823318 255 255 255 3 4003
10.998432 -1.120906 3.799180 255 255 255 3 4003
10.929434 -1.192733 3.775346 255 255 255 3 4003
10.861295 -1.263663 3.751809 255 255 255 3 4003
10.794001 -1.333715 3.728564 255 255 255 3 4003
10.727536 -1.402905 3.705605 255 255 255 3 4003
10.661883 -1.471247 3.682926 255 255 255 3 4003
10.597031 -1.538757 3.660524 255 255 255 3 4003
10.532963 -1.605452 3.638393 255 255 255 3 4003
10.469663 -1.671345 3.616528 255 255 255 3 4003
10.407123 -1.736451 3.594924 255 255 255 3 4003
10.345322 -1.800783 3.573577 255 255 255 3 4003
10.284253 -1.864357 3.552482 255 255 255 3 4003
10.223899 -1.927183 3.531634 255 255 255 3 4003
10.164250 -1.989277 3.511029 255 255 255 3 4003
10.105294 -2.050650 3.490664 255 255 255 3 4003
10.047017 -2.111316 3.470534 255 255 255 3 4003
9.989408 -2.171286 3.450634 255 255 255 3 4003
9.932456 -2.230572 3.430961 255 255 255 3 4003
9.876151 -2.289186 3.411511 255 255 255 3 4003
9.820479 -2.347139 3.392281 255 255 255 3 4003
9.765432 -2.404442 3.373266 255 255 255 3 4003
9.710999 -2.461107 3.354463 255 255 255 3 4003
9.657169 -2.517143 3.335869 255 255 255 3 4003
9.603932 -2.572562 3.317479 255 255 255 3 4003
9.551279 -2.627372 3.299291 255 255 255 3 4003
9.499202 -2.681586 3.281302 255 255 255 3 4003
9.447687 -2.735210 3.263507 255 255 255 3 4003
9.396730 -2.788258 3.245906 255 255 255 3 4003
9.346318 -2.840735 3.228492 255 255 255 3 4003
9.296445 -2.892652 3.211264 255 255 255 3 4003
9.247101 -2.944019 3.194219 255 255 255 3 4003
9.198278 -2.994843 3.177355 255 255 255 3 4003
9.242162 -3.075814 3.192513 255 247 231 4 1000
9.193870 -3.126079 3.175831 255 246 164 4 1000
9.146076 -3.175819 3.159322 255 247 164 4 1000
9.098781 -3.225047 3.142985 255 247 165 4 1000
9.051974 -3.273768 3.126817 255 247 165 4 1000
9.005645 -3.321990 3.110813 255 248 165 4 1000
8.959791 -3.369723 3.094974 255 248 165 4 1000
8.914402 -3.416972 3.079295 255 248 165 4 1000
8.869471 -3.463744 3.063774 255 248 165 4 1000
8.824987 -3.510047 3.048409 255 248 165 4 1000
8.780947 -3.555887 3.033196 255 249 165 4 1000
8.650216 -3.565360 2.988038 255 255 255 3 4003
8.607477 -3.609849 2.973274 255 255 255 3 4003
8.565159 -3.653901 2.958656 255 255 255 3 4003
8.523255 -3.697522 2.944182 255 255 255 3 4003
8.481759 -3.740718 2.929847 255 255 255 3 4003
8.440664 -3.783496 2.915653 255 255 255 3 4003
8.399966 -3.825861 2.901594 255 255 255 3 4003
8.359659 -3.867820 2.887670 255 255 255 3 4003
8.319737 -3.909378 2.873879 255 255 255 3 4003
8.280195 -3.950541 2.860221 255 255 255 3 4003
8.241026 -3.991314 2.846690 255 255 255 3 4003
8.202227 -4.031703 2.833288 255 255 255 3 4003
8.163791 -4.071714 2.820011 255 255 255 3 4003
8.125712 -4.111352 2.806858 255 255 255 3 4003
8.087988 -4.150621 2.793827 255 255 255 3 4003
8.050612 -4.189528 2.780916 255 255 255 3 4003
8.013581 -4.228076 2.768124 255 255 255 3 4003
7.976889 -4.266272 2.755450 255 255 255 3 4003
7.940531 -4.304120 2.742891 255 255 255 3 4003
7.904503 -4.341623 2.730445 255 255 255 3 4003
7.868801 -4.378789 2.718113 255 255 255 3 4003
7.833418 -4.415619 2.705891 255 255 255 3 4003
7.798353 -4.452121 2.693779 255 255 255 3 4003
7.763371 4.474161 2.625681 255 255 255 3 4004
7.797791 4.437735 2.637322 255 255 255 3 4004
7.832519 4.400985 2.649068 255 255 255 3 4004
7.867558 4.363906 2.660918 255 255 255 3 4004
7.902910 4.326494 2.672875 255 255 255 3 4004
7.938583 4.288744 2.684940 255 255 255 3 4004
7.974579 4.250653 2.697114 255 255 255 3 4004
8.010902 4.212214 2.709399 255 255 255 3 4004
8.047559 4.173423 2.721797 255 255 255 3 4004
8.084552 4.134275 2.734309 255 255 255 3 4004
8.121886 4.094766 2.746936 255 255 255 3 4004
8.159569 4.054891 2.759681 255 255 255 3 4004
8.197600 4.014643 2.772543 255 255 255 3 4004
8.235989 3.974019 2.785527 255 255 255 3 4004
8.274739 3.933012 2.798633 255 255 255 3 4004
8.313855 3.891618 2.811862 255 255 255 3 4004
8.353343 3.849830 2.825218 255 255 255 3 4004
8.393209 3.807644 2.838701 255 255 255 3 4004
8.433455 3.765053 2.852313 255 255 255 3 4004
8.474091 3.722052 2.866056 255 255 255 3 4004
8.515120 3.678634 2.879933 255 255 255 3 4004
8.556546 3.634794 2.893944 255 255 255 3 4004
8.598379 3.590525 2.908092 255 255 255 3 4004
8.640623 3.545821 2.922380 255 255 255 3 4004
8.683284 3.500676 2.936808 255 255 255 3 4004
8.726368 3.455083 2.951380 255 255 255 3 4004
8.769882 3.409034 2.966097 255 255 255 3 4004
8.813832 3.362525 2.980962 255 255 255 3 4004
8.858227 3.315547 2.995976 255 255 255 3 4004
8.903068 3.268094 3.011142 255 255 255 3 4004
8.948367 3.220157 3.026463 255 255 255 3 4004
8.994128 3.171730 3.041940 255 255 255 3 4004
9.040360 3.122806 3.057577 255 255 255 3 4004
9.087071 3.073375 3.073375 255 255 255 3 4004
9.134267 3.023432 3.089337 255 255 255 3 4004
9.181954 2.972966 3.105466 255 255 255 3 4004
9.230144 2.921972 3.121764 255 255 255 3 4004
9.278840 2.870438 3.138234 255 255 255 3 4004
9.328053 2.818359 3.154879 255 255 255 3 4004
9.377792 2.765724 3.171701 255 255 255 3 4004
9.428064 2.712524 3.188704 255 255 255 3 4004
9.478878 2.658752 3.205890 255 255 255 3 4004
9.530243 2.604396 3.223262 255 255 255 3 4004
9.582167 2.549448 3.240823 255 255 255 3 4004
9.634659 2.493898 3.258577 255 255 255 3 4004
9.687732 2.437737 3.276527 255 255 255 3 4004
9.741390 2.380952 3.294675 255 255 255 3 4004
9.795648 2.323536 3.313025 255 255 255 3 4004
9.850513 2.265476 3.331582 255 255 255 3 4004
9.905995 2.206762 3.350347 255 255 255 3 4004
9.962107 2.147383 3.369324 255 255 255 3 4004
10.018858 2.087328 3.388518 255 255 255 3 4004
10.076258 2.026584 3.407932 255 255 255 3 4004
10.134320 1.965140 3.427569 255 255 255 3 4004
10.193057 1.902984 3.447435 255 255 255 3 4004
10.252476 1.840104 3.467531 255 255 255 3 4004
10.312593 1.776486 3.487864 255 255 255 3 4004
10.373420 1.712117 3.508436 255 255 255 3 4004
10.434967 1.646985 3.529252 255 255 255 3 4004
10.497251 1.581075 3.550318 255 255 255 3 4004
10.560282 1.514374 3.571635 255 255 255 3 4004
10.624073 1.446867 3.593211 255 255 255 3 4004
10.688642 1.378539 3.615048 255 255 255 3 4004
10.753999 1.309376 3.637153 255 255 255 3 4004
10.820160 1.239361 3.659530 255 255 255 3 4004
10.887141 1.168480 3.682184 255 255 255 3 4004
10.954956 1.096716 3.705120 255 255 255 3 4004
11.023621 1.024052 3.728343 255 255 255 3 4004
11.093154 0.950472 3.751860 255 255 255 3 4004
11.163567 0.875957 3.775675 255 255 255 3 4004
11.234879 0.800491 3.799794 255 255 255 3 4004
11.307110 0.724054 3.824223 255 255 254 3 4004
11.380277 0.646627 3.848969 255 255 255 3 4004
11.454395 0.568193 3.874037 255 255 237 3 4004
11.529486 0.488730 3.899434 226 225 220 3 4004
11.605564 0.408218 3.925165 255 255 247 3 4004
11.682659 0.326636 3.951239 255 255 248 3 4004
11.760782 0.243964 3.977662 255 255 244 3 4004
11.839956 0.160178 4.004439 255 255 242 3 4004
11.920205 0.075257 4.031580 255 255 240 3 4004
12.001548 -0.010823 4.059092 255 255 237 3 4004
12.015853 -0.097534 4.063930 255 255 245 3 4003
11.933545 -0.182969 4.036092 255 255 241 3 4003
11.852358 -0.267241 4.008634 255 255 251 3 4003
11.772268 -0.350375 3.981546 255 255 250 3 4003
11.693254 -0.432393 3.954823 255 255 254 3 4003
11.615292 -0.513317 3.928455 255 255 254 3 4003
11.538363 -0.593169 3.902436 255 255 255 3 4003
11.462448 -0.671971 3.876761 255 255 255 3 4003
11.387524 -0.749742 3.851420 255 255 255 3 4003
11.313572 -0.826503 3.826409 255 255 255 3 4003
11.240577 -0.902274 3.801721 255 255 255 3 4003
11.168515 -0.977073 3.777349 255 255 255 3 4003
11.097375 -1.050920 3.753288 255 255 255 3 4003
11.027132 -1.123831 3.729531 255 255 255 3 4003
10.957774 -1.195825 3.706073 255 255 255 3 4003
10.889282 -1.266919 3.682908 255 255 255 3 4003
10.821643 -1.337131 3.660031 255 255 255 3 4003
10.754838 -1.406475 3.637437 255 255 255 3 4003
10.688851 -1.474968 3.615119 255 255 255 3 4003
10.623671 -1.542626 3.593075 255 255 255 3 4003
10.559282 -1.609464 3.571297 255 255 255 3 4003
10.495667 -1.675496 3.549782 255 255 255 3 4003
10.432816 -1.740738 3.528524 255 255 255 3 4003
10.370710 -1.805203 3.507520 255 255 255 3 4003
10.309341 -1.868905 3.486764 255 255 255 3 4003
10.248694 -1.931857 3.466252 255 255 255 3 4003
10.188757 -1.994073 3.445981 255 255 255 3 4003
10.129517 -2.055566 3.425945 255 255 255 3 4003
10.070959 -2.116347 3.406140 255 255 255 3 4003
10.013079 -2.176431 3.386564 255 255 255 3 4003
9.955856 -2.235827 3.367210 255 255 255 3 4003
9.899285 -2.294548 3.348077 255 255 255 3 4003
9.843354 -2.352606 3.329160 255 255 255 3 4003
9.788052 -2.410011 3.310456 255 255 255 3 4003
9.733367 -2.466775 3.291961 255 255 255 3 4003
9.679287 -2.522908 3.273671 255 255 255 3 4003
9.625809 -2.578421 3.255584 255 255 255 3 4003
9.572916 -2.633324 3.237695 255 255 255 3 4003
9.520602 -2.687627 3.220001 255 255 255 3 4003
9.468857 -2.741339 3.202500 255 255 255 3 4003
9.417670 -2.794471 3.185188 255 255 255 3 4003
9.367035 -2.847032 3.168063 255 255 255 3 4003
9.316941 -2.899030 3.151120 255 255 255 3 4003
9.267381 -2.950475 3.134358 255 255 255 3 4003
9.218343 -3.001375 3.117773 232 228 220 3 4003
9.262215 -3.082488 3.132611 255 244 162 4 1000
9.213715 -3.132827 3.116208 255 245 163 4 1000
9.165712 -3.182637 3.099972 255 245 163 4 1000
9.118216 -3.231935 3.083909 255 245 163 4 1000
9.071210 -3.280725 3.068011 255 245 163 4 1000
9.024689 -3.329015 3.052276 255 246 163 4 1000
8.978641 -3.376812 3.036702 255 246 164 4 1000
8.933062 -3.424124 3.021287 255 246 164 4 1000
8.887941 -3.470958 3.006027 255 246 164 4 1000
8.843272 -3.517319 2.990919 255 247 164 4 1000
8.799048 -3.563217 2.975961 255 246 164 4 1000
8.667959 -3.572673 2.931625 255 255 255 3 4003
8.625046 -3.617218 2.917112 255 255 255 3 4003
8.582556 -3.661323 2.902741 255 255 255 3 4003
8.540481 -3.704995 2.888510 255 255 255 3 4003
8.498817 -3.748242 2.874419 255 255 255 3 4003
8.457558 -3.791069 2.860465 255 255 255 3 4003
8.416698 -3.833482 2.846644 255 255 255 3 4003
8.376230 -3.875487 2.832957 255 255 255 3 4003
8.336150 -3.917090 2.819402 255 255 255 3 4003
8.296452 -3.958297 2.805975 255 255 255 3 4003
8.257130 -3.999113 2.792676 255 255 255 3 4003
8.218178 -4.039544 2.779502 255 255 255 3 4003
8.179591 -4.079595 2.766452 255 255 255 3 4003
8.141367 -4.119272 2.753524 255 255 255 3 4003
8.103498 -4.158580 2.740716 255 255 255 3 4003
8.065980 -4.197525 2.728026 255 255 255 3 4003
8.028807 -4.236109 2.715454 255 255 255 3 4003
7.991975 -4.274341 2.702997 255 255 255 3 4003
7.955480 -4.312222 2.690654 255 255 255 3 4003
7.919317 -4.349761 2.678423 255 255 255 3 4003
7.883481 -4.386958 2.666303 255 255 255 3 4003
7.847967 -4.423820 2.654292 255 255 255 3 4003
7.812773 -4.460352 2.642388 255 255 255 3 4003
7.778929 4.483127 2.574816 255 255 255 3 4004
7.813489 4.446669 2.586256 255 255 255 3 4004
7.848356 4.409883 2.597796 255 255 255 3 4004
7.883536 4.372769 2.609441 255 255 255 3 4004
7.919034 4.335321 2.621191 255 255 255 3 4004
7.954852 4.297534 2.633046 255 255 255 3 4004
7.990997 4.259404 2.645010 255 255 255 3 4004
8.027470 4.220925 2.657083 255 255 255 3 4004
8.064279 4.182093 2.669266 255 255 255 3 4004
8.101425 4.142904 2.681562 255 255 255 3 4004
8.138917 4.103352 2.693972 255 255 255 3 4004
8.176757 4.063432 2.706496 255 255 255 3 4004
8.214951 4.023140 2.719139 255 255 255 3 4004
8.253502 3.982469 2.731899 255 255 255 3 4004
8.292417 3.941415 2.744780 255 255 255 3 4004
8.331702 3.899972 2.757783 255 255 255 3 4004
8.371359 3.858133 2.770910 255 255 255 3 4004
8.411397 3.815896 2.784162 255 255 255 3 4004
8.451819 3.773252 2.797542 255 255 255 3 4004
8.492632 3.730196 2.811051 255 255 255 3 4004
8.533840 3.686722 2.824691 255 255 255 3 4004
8.575451 3.642824 2.838464 255 255 255 3 4004
8.617469 3.598496 2.852372 255 255 255 3 4004
8.659901 3.553732 2.866417 255 255 255 3 4004
8.702754 3.508525 2.880601 255 255 255 3 4004
8.746031 3.462868 2.894926 255 255 255 3 4004
8.789742 3.416755 2.909394 255 255 255 3 4004
8.833893 3.370178 2.924008 255 255 255 3 4004
8.878487 3.323131 2.938768 255 255 255 3 4004
8.923536 3.275607 2.953680 255 255 255 3 4004
8.969044 3.227598 2.968743 255 255 255 3 4004
9.015017 3.179096 2.983960 255 255 255 3 4004
9.061466 3.130096 2.999335 255 255 255 3 4004
9.108395 3.080587 3.014868 255 255 255 3 4004
9.155812 3.030563 3.030563 255 255 255 3 4004
9.203727 2.980016 3.046422 255 255 255 3 4004
9.252144 2.928936 3.062449 255 255 255 3 4004
9.301076 2.877317 3.078645 255 255 255 3 4004
9.350526 2.825149 3.095013 255 255 255 3 4004
9.400504 2.772422 3.111556 255 255 255 3 4004
9.451021 2.719129 3.128277 255 255 255 3 4004
9.502084 2.665261 3.145178 255 255 255 3 4004
9.553699 2.610806 3.162263 255 255 255 3 4004
9.605882 2.555758 3.179535 255 255 255 3 4004
9.658635 2.500104 3.196996 255 255 255 3 4004
9.711971 2.443836 3.214651 255 255 255 3 4004
9.765901 2.386943 3.232501 255 255 255 3 4004
9.820431 2.329414 3.250551 255 255 255 3 4004
9.875575 2.271240 3.268803 255 255 255 3 4004
9.931342 2.212409 3.287262 255 255 255 3 4004
9.987741 2.152909 3.305930 255 255 255 3 4004
10.044785 2.092729 3.324812 255 255 255 3 4004
10.102485 2.031859 3.343910 255 255 255 3 4004
10.160850 1.970285 3.363229 255 255 255 3 4004
10.219894 1.907995 3.382773 255 255 255 3 4004
10.279629 1.844977 3.402545 255 255 255 3 4004
10.340066 1.781218 3.422549 255 255 255 3 4004
10.401217 1.716705 3.442790 255 255 255 3 4004
10.463098 1.651425 3.463273 255 255 255 3 4004
10.525717 1.585363 3.483999 255 255 255 3 4004
10.589091 1.518505 3.504976 255 255 255 3 4004
10.653234 1.450838 3.526207 255 255 255 3 4004
10.718156 1.382346 3.547697 255 255 255 3 4004
10.783875 1.313014 3.569450 255 255 255 3 4004
10.850408 1.242826 3.591472 255 255 255 3 4004
10.917763 1.171767 3.613766 255 255 255 3 4004
10.985963 1.099820 3.636340 255 255 255 3 4004
11.055017 1.026969 3.659197 255 255 255 3 4004
11.124947 0.953196 3.682344 241 229 209 3 4004
10.877066 0.853477 3.600296 25 5 5 6 1010
10.956282 0.780640 3.626516 0 0 0 6 1010
11.027433 0.706144 3.650067 0 0 0 6 1010
11.099519 0.630675 3.673927 0 0 0 6 1010
11.172581 0.554213 3.698111 0 0 0 6 1010
11.246610 0.476739 3.722614 1 1 1 6 1010
11.640370 0.409442 3.852948 255 255 241 3 4004
11.717928 0.327623 3.878620 255 255 234 3 4004
11.796526 0.244705 3.904636 255 254 231 3 4004
11.876184 0.160668 3.931002 255 255 241 3 4004
11.956924 0.075489 3.957727 255 255 236 3 4004
12.038772 -0.010857 3.984819 255 255 235 3 4004
12.050116 -0.097812 3.988574 255 255 244 3 4003
11.967339 -0.183487 3.961174 255 255 241 3 4003
11.885695 -0.267993 3.934151 255 255 246 3 4003
11.805154 -0.351354 3.907492 255 255 245 3 4003
11.725699 -0.433593 3.881192 255 255 251 3 4003
11.647306 -0.514732 3.855244 255 255 251 3 4003
11.569956 -0.594794 3.829642 255 255 254 3 4003
11.493623 -0.673799 3.804375 255 255 255 3 4003
11.418294 -0.751768 3.779441 255 255 255 3 4003
11.343945 -0.828722 3.754832 255 255 255 3 4003
11.270555 -0.904681 3.730540 255 255 255 3 4003
11.198112 -0.979663 3.706561 255 255 255 3 4003
11.126593 -1.053687 3.682889 255 255 255 3 4003
11.055984 -1.126772 3.659517 255 255 255 3 4003
10.986261 -1.198934 3.636439 255 255 255 3 4003
10.917414 -1.270193 3.613651 255 255 255 3 4003
10.849426 -1.340564 3.591147 255 255 255 3 4003
10.782279 -1.410063 3.568921 255 255 255 3 4003
10.715957 -1.478708 3.546969 255 255 255 3 4003
10.650446 -1.546514 3.525285 255 255 255 3 4003
10.585732 -1.613495 3.503865 255 255 255 3 4003
10.521799 -1.679668 3.482703 255 255 255 3 4003
10.458634 -1.745046 3.461796 255 255 255 3 4003
10.396224 -1.809644 3.441138 255 255 255 3 4003
10.334554 -1.873475 3.420725 255 255 255 3 4003
10.273611 -1.936554 3.400553 255 255 255 3 4003
10.213381 -1.998892 3.380617 255 255 255 3 4003
10.153856 -2.060505 3.360914 255 255 255 3 4003
10.095018 -2.121403 3.341439 255 255 255 3 4003
10.036860 -2.181600 3.322188 255 255 255 3 4003
9.979367 -2.241107 3.303158 255 255 255 3 4003
9.922530 -2.299936 3.284345 255 255 255 3 4003
9.866336 -2.358099 3.265745 255 255 255 3 4003
9.810774 -2.415606 3.247354 255 255 255 3 4003
9.755836 -2.472470 3.229170 255 255 255 3 4003
9.701509 -2.528700 3.211188 255 255 255 3 4003
9.647785 -2.584308 3.193405 255 255 255 3 4003
9.594651 -2.639303 3.175818 255 255 255 3 4003
9.542099 -2.693696 3.158423 255 255 255 3 4003
9.490122 -2.747496 3.141219 255 255 255 3 4003
9.438705 -2.800713 3.124200 255 255 255 3 4003
9.387844 -2.853356 3.107365 255 255 255 3 4003
9.337527 -2.905435 3.090710 255 255 255 3 4003
9.287748 -2.956960 3.074234 255 255 255 3 4003
9.253728 -3.012896 3.062973 206 195 177 3 4003
9.282354 -3.089191 3.072448 255 243 162 4 1000
9.185435 -3.189486 3.040368 255 254 172 4 1000
9.137737 -3.238855 3.024580 255 245 163 4 1000
9.090532 -3.287713 3.008955 255 245 163 4 1000
9.043812 -3.336069 2.993491 255 245 163 4 1000
8.997569 -3.383931 2.978185 255 245 163 4 1000
8.951798 -3.431306 2.963034 255 245 163 4 1000
8.906487 -3.478200 2.948036 255 245 163 4 1000
8.861630 -3.524621 2.933189 255 245 163 4 1000
8.729297 -3.534971 2.889387 255 255 255 3 4003
8.685777 -3.580017 2.874981 255 255 255 3 4003
8.642687 -3.624616 2.860719 255 255 255 3 4003
8.600022 -3.668774 2.846597 255 255 255 3 4003
8.557777 -3.712498 2.832614 255 255 255 3 4003
8.515945 -3.755796 2.818768 255 255 255 3 4003
8.474520 -3.798672 2.805055 255 255 255 3 4003
8.433496 -3.841133 2.791476 255 255 255 3 4003
8.392866 -3.883184 2.778028 255 255 255 3 4003
8.352627 -3.924833 2.764708 255 255 255 3 4003
8.312773 -3.966084 2.751517 255 255 255 3 4003
8.273296 -4.006943 2.738450 255 255 255 3 4003
8.234192 -4.047416 2.725507 255 255 255 3 4003
8.195457 -4.087508 2.712685 255 255 255 3 4003
8.157084 -4.127225 2.699984 255 255 255 3 4003
8.119068 -4.166571 2.687401 255 255 255 3 4003
8.081406 -4.205552 2.674935 255 255 255 3 4003
8.044091 -4.244174 2.662584 255 255 255 3 4003
8.007119 -4.282440 2.650346 255 255 255 3 4003
7.970486 -4.320356 2.638220 255 255 255 3 4003
7.934186 -4.357927 2.626205 255 255 255 3 4003
7.898215 -4.395157 2.614299 255 255 255 3 4003
7.862570 -4.432052 2.602500 255 255 255 3 4003
7.827244 -4.468615 2.590807 255 255 255 3 4003
7.794550 4.492130 2.523747 255 255 255 3 4004
7.829250 4.455638 2.534982 255 255 255 3 4004
7.864258 4.418818 2.546317 255 255 255 3 4004
7.899581 4.381669 2.557755 255 255 255 3 4004
7.935224 4.344184 2.569295 255 255 255 3 4004
7.971189 4.306359 2.580940 255 255 255 3 4004
8.007482 4.268191 2.592691 255 255 255 3 4004
8.044106 4.229672 2.604549 255 255 255 3 4004
8.081068 4.190801 2.616517 255 255 255 3 4004
8.118370 4.151569 2.628595 255 255 255 3 4004
8.156019 4.111974 2.640785 255 255 255 3 4004
8.194019 4.072011 2.653089 255 255 255 3 4004
8.232373 4.031673 2.665507 255 255 255 3 4004
8.271091 3.990956 2.678043 255 255 255 3 4004
8.310171 3.949853 2.690697 255 255 255 3 4004
8.349624 3.908360 2.703471 255 255 255 3 4004
8.389454 3.866473 2.716367 255 255 255 3 4004
8.429665 3.824183 2.729387 255 255 255 3 4004
8.470263 3.781486 2.742532 255 255 255 3 4004
8.511254 3.738376 2.755804 255 255 255 3 4004
8.552644 3.694845 2.769205 255 255 255 3 4004
8.594440 3.650891 2.782738 255 255 255 3 4004
8.636644 3.606504 2.796403 255 255 255 3 4004
8.679265 3.561678 2.810203 255 255 255 3 4004
8.722310 3.516409 2.824141 255 255 255 3 4004
8.765783 3.470689 2.838217 255 255 255 3 4004
8.809692 3.424510 2.852433 255 255 255 3 4004
8.854044 3.377866 2.866794 255 255 255 3 4004
8.898844 3.330750 2.881299 255 255 255 3 4004
8.944098 3.283155 2.895952 255 255 255 3 4004
8.989817 3.235073 2.910755 255 255 255 3 4004
9.036004 3.186497 2.925709 255 255 255 3 4004
9.082669 3.137420 2.940819 255 255 255 3 4004
9.129820 3.087833 2.956085 255 255 255 3 4004
9.177461 3.037729 2.971511 255 255 255 3 4004
9.225601 2.987099 2.987098 255 255 255 3 4004
9.274252 2.935935 3.002850 255 255 255 3 4004
9.323416 2.884228 3.018769 255 255 255 3 4004
9.373106 2.831971 3.034858 255 255 255 3 4004
9.423326 2.779153 3.051118 255 255 255 3 4004
9.474090 2.725766 3.067554 255 255 255 3 4004
9.525403 2.671801 3.084169 255 255 255 3 4004
9.577273 2.617248 3.100964 255 255 255 3 4004
9.629712 2.562098 3.117942 255 255 255 3 4004
9.682730 2.506341 3.135109 255 255 255 3 4004
9.736333 2.449966 3.152464 255 255 255 3 4004
9.790533 2.392963 3.170013 255 255 255 3 4004
9.845342 2.335323 3.187760 255 255 255 3 4004
9.900765 2.277033 3.205705 255 255 255 3 4004
9.956818 2.218084 3.223854 255 255 255 3 4004
10.013508 2.158463 3.242209 255 255 255 3 4004
10.070847 2.098159 3.260774 255 255 255 3 4004
10.128847 2.037161 3.279554 255 255 255 3 4004
10.187520 1.975456 3.298551 255 255 255 3 4004
10.246875 1.913032 3.317770 255 255 255 3 4004
10.306926 1.849876 3.337213 255 255 255 3 4004
10.367685 1.785976 3.356886 255 255 255 3 4004
10.429165 1.721318 3.376792 255 255 255 3 4004
10.491379 1.655889 3.396936 255 255 255 3 4004
10.554338 1.589674 3.417321 255 255 255 3 4004
10.618058 1.522659 3.437953 255 255 255 3 4004
10.682552 1.454831 3.458835 255 255 255 3 4004
10.747836 1.386173 3.479972 255 255 255 3 4004
10.813920 1.316672 3.501369 255 255 254 3 4004
10.880823 1.246310 3.523031 255 255 255 3 4004
10.948561 1.175072 3.544964 255 255 255 3 4004
11.017144 1.102942 3.567170 255 255 255 3 4004
11.086595 1.029902 3.589657 255 255 255 3 4004
11.156925 0.955936 3.612429 185 175 158 3 4004
10.908546 0.855947 3.532008 4 2 5 6 1010
10.988132 0.782910 3.557777 0 0 0 6 1010
11.059694 0.708210 3.580947 0 0 0 6 1010
11.132178 0.632531 3.604416 0 0 0 6 1010
11.205671 0.555855 3.628212 0 0 0 6 1010
11.280210 0.478163 3.652346 1 1 1 6 1010
11.675385 0.410674 3.780298 255 254 231 3 4004
11.753410 0.328615 3.805561 255 255 232 3 4004
11.832485 0.245451 3.831164 255 252 230 3 4004
11.912632 0.161162 3.857114 255 255 239 3 4004
11.993873 0.075722 3.883419 255 255 239 3 4004
12.076227 -0.010891 3.910084 255 255 236 3 4004
6.662109 -0.054077 2.157081 246 241 229 8 2001
6.689715 -0.102569 2.166020 239 234 222 8 2001
6.718612 -0.151488 2.175376 167 164 158 8 2001
6.740076 -0.200603 2.182326 143 143 142 8 2001
6.780134 -0.250716 2.195296 187 216 231 8 2001
11.679499 -0.516155 3.781630 255 255 250 3 4003
11.601720 -0.596427 3.756446 255 255 253 3 4003
11.524969 -0.675636 3.731596 255 255 253 3 4003
11.449230 -0.753805 3.707072 255 255 255 3 4003
11.374477 -0.830953 3.682869 255 255 255 3 4003
11.300696 -0.907100 3.658979 255 255 255 3 4003
11.227863 -0.982265 3.635397 255 255 255 3 4003
11.155966 -1.056468 3.612118 255 255 255 3 4003
11.084984 -1.129727 3.589135 255 255 255 3 4003
11.014897 -1.202059 3.566443 255 255 255 3 4003
10.945694 -1.273483 3.544036 255 255 255 3 4003
10.877354 -1.344014 3.521908 255 255 255 3 4003
10.809860 -1.413671 3.500055 255 255 255 3 4003
10.743200 -1.482468 3.478471 255 255 255 3 4003
10.677357 -1.550421 3.457152 255 255 255 3 4003
10.612317 -1.617548 3.436094 255 255 255 3 4003
10.548063 -1.683861 3.415289 255 255 255 3 4003
10.484584 -1.749376 3.394736 255 255 255 3 4003
10.421864 -1.814107 3.374428 255 255 255 3 4003
10.359888 -1.878068 3.354362 255 255 255 3 4003
10.298648 -1.941273 3.334533 255 255 255 3 4003
10.238125 -2.003735 3.314936 255 255 255 3 4003
10.178311 -2.065468 3.295570 255 255 255 3 4003
10.119192 -2.126483 3.276428 255 255 255 3 4003
10.060755 -2.186794 3.257507 255 255 255 3 4003
10.002989 -2.246411 3.238803 255 255 255 3 4003
9.945882 -2.305349 3.220313 255 255 255 3 4003
9.889425 -2.363617 3.202033 255 255 255 3 4003
9.833604 -2.421227 3.183959 255 255 255 3 4003
9.778411 -2.478191 3.166089 255 255 255 3 4003
9.723832 -2.534519 3.148417 255 255 255 3 4003
9.669861 -2.590221 3.130942 255 255 255 3 4003
9.616485 -2.645309 3.113659 255 255 255 3 4003
9.563695 -2.699792 3.096567 255 255 255 3 4003
9.511481 -2.753680 3.079661 255 255 255 3 4003
9.459833 -2.806982 3.062938 255 255 255 3 4003
9.408747 -2.859710 3.046397 255 255 255 3 4003
9.358206 -2.911870 3.030033 255 255 255 3 4003
9.308206 -2.963473 3.013844 255 255 255 3 4003
9.295390 -3.026461 3.009694 205 193 176 3 4003
9.302583 -3.095923 3.012023 255 243 163 4 1000
9.205248 -3.196365 2.980508 255 244 163 4 1000
9.157345 -3.245804 2.964998 255 244 163 4 1000
9.109938 -3.294731 2.949648 255 244 163 4 1000
9.063019 -3.343154 2.934457 255 244 163 4 1000
9.016580 -3.391081 2.919420 255 245 163 4 1000
8.970613 -3.438518 2.904537 255 245 163 4 1000
8.925110 -3.485472 2.889804 255 245 163 4 1000
8.880065 -3.531953 2.875219 255 245 163 4 1000
8.747369 -3.542289 2.832254 255 255 255 3 4003
8.703667 -3.587391 2.818104 255 255 255 3 4003
8.660399 -3.632044 2.804095 255 255 255 3 4003
8.617560 -3.676256 2.790224 255 255 255 3 4003
8.575143 -3.720032 2.776489 255 255 255 3 4003
8.533142 -3.763380 2.762890 255 255 255 3 4003
8.491549 -3.806305 2.749423 255 255 255 3 4003
8.450361 -3.848814 2.736087 255 255 255 3 4003
8.409570 -3.890912 2.722879 255 255 255 3 4003
8.369170 -3.932606 2.709799 255 255 255 3 4003
8.329158 -3.973901 2.696843 255 255 255 3 4003
8.289525 -4.014803 2.684011 255 255 255 3 4003
8.250268 -4.055317 2.671300 255 255 255 3 4003
8.211382 -4.095450 2.658709 255 255 255 3 4003
8.172860 -4.135207 2.646237 255 255 255 3 4003
8.134697 -4.174592 2.633880 255 255 255 3 4003
8.096890 -4.213610 2.621639 255 255 255 3 4003
8.059432 -4.252268 2.609511 255 255 255 3 4003
8.022321 -4.290570 2.597495 255 255 255 3 4003
7.985548 -4.328521 2.585588 255 255 255 3 4003
7.949112 -4.366126 2.573791 255 255 255 3 4003
7.913006 -4.403388 2.562100 255 255 255 3 4003
7.877226 -4.440313 2.550515 255 255 255 3 4003
7.841769 -4.476907 2.539035 255 255 255 3 4003
7.810235 4.501169 2.472473 255 255 255 3 4004
7.845073 4.464643 2.483502 255 255 255 3 4004
7.880225 4.427790 2.494630 255 255 255 3 4004
7.915692 4.390605 2.505857 255 255 255 3 4004
7.951479 4.353084 2.517187 255 255 255 3 4004
7.987593 4.315221 2.528619 255 255 255 3 4004
8.024035 4.277014 2.540156 255 255 255 3 4004
8.060812 4.238456 2.551798 255 255 255 3 4004
8.097928 4.199544 2.563547 255 255 255 3 4004
8.135387 4.160271 2.575406 255 255 255 3 4004
8.173193 4.120633 2.587374 255 255 255 3 4004
8.211353 4.080625 2.599454 255 255 255 3 4004
8.249871 4.040242 2.611648 255 255 255 3 4004
8.288753 3.999478 2.623956 255 255 255 3 4004
8.328002 3.958328 2.636382 255 255 255 3 4004
8.367624 3.916787 2.648925 255 255 255 3 4004
8.407626 3.874848 2.661588 255 255 255 3 4004
8.448012 3.832506 2.674373 255 255 255 3 4004
8.488788 3.789756 2.687281 255 255 255 3 4004
8.529959 3.746591 2.700315 255 255 255 3 4004
8.571532 3.703005 2.713475 255 255 255 3 4004
8.613511 3.658992 2.726765 255 255 255 3 4004
8.655905 3.614547 2.740185 255 255 255 3 4004
8.698717 3.569661 2.753738 255 255 255 3 4004
8.741954 3.524329 2.767426 255 255 255 3 4004
8.785625 3.478544 2.781250 255 255 255 3 4004
8.829733 3.432300 2.795214 255 255 255 3 4004
8.874286 3.385588 2.809318 255 255 255 3 4004
8.919291 3.338404 2.823565 255 255 255 3 4004
8.964757 3.290738 2.837958 255 255 255 3 4004
9.010686 3.242583 2.852498 255 255 255 3 4004
9.057090 3.193933 2.867188 255 255 255 3 4004
9.103973 3.144779 2.882030 255 255 255 3 4004
9.151344 3.095113 2.897026 255 255 255 3 4004
9.199212 3.044928 2.912179 255 255 255 3 4004
9.247582 2.994216 2.927492 255 255 255 3 4004
9.296464 2.942966 2.942966 255 255 255 3 4004
9.345866 2.891173 2.958605 255 255 255 3 4004
9.395795 2.838826 2.974411 255 255 255 3 4004
9.446260 2.785916 2.990387 255 255 255 3 4004
9.497272 2.732436 3.006535 255 255 255 3 4004
9.548835 2.678374 3.022859 255 255 255 3 4004
9.600964 2.623722 3.039361 255 255 255 3 4004
9.653663 2.568470 3.056044 255 255 255 3 4004
9.706944 2.512609 3.072911 255 255 255 3 4004
9.760818 2.456127 3.089966 255 255 255 3 4004
9.815291 2.399015 3.107210 255 255 255 3 4004
9.870377 2.341261 3.124649 255 255 255 3 4004
9.926085 2.282856 3.142284 255 255 255 3 4004
9.982424 2.223788 3.160119 255 255 255 3 4004
10.039408 2.164046 3.178159 255 255 255 3 4004
10.097045 2.103617 3.196405 255 255 255 3 4004
10.155348 2.042491 3.214861 255 255 255 3 4004
10.214328 1.980654 3.233533 255 255 255 3 4004
10.273998 1.918096 3.252423 255 255 255 3 4004
10.334368 1.854802 3.271534 255 255 255 3 4004
10.395452 1.790759 3.290871 255 255 255 3 4004
10.457263 1.725956 3.310438 255 255 255 3 4004
10.519813 1.660376 3.330240 255 255 255 3 4004
10.583116 1.594008 3.350279 255 255 255 3 4004
10.647184 1.526836 3.370561 255 255 255 3 4004
5.764422 0.785043 1.824834 209 197 185 8 2000
10.777679 1.390022 3.411872 255 255 255 3 4004
10.844133 1.320350 3.432909 255 255 254 3 4004
10.911411 1.249814 3.454207 255 255 255 3 4004
10.979530 1.178396 3.475771 255 255 255 3 4004
11.048505 1.106081 3.497607 255 255 255 3 4004
11.118352 1.032852 3.519718 255 255 255 3 4004
11.189087 0.958692 3.542111 191 181 164 3 4004
10.940210 0.858431 3.463324 6 6 8 6 1010
11.020191 0.785194 3.488644 0 0 0 6 1010
11.092154 0.710289 3.511424 0 0 0 6 1010
11.165046 0.634398 3.534500 0 0 0 6 1010
11.239006 0.557508 3.557913 0 0 0 6 1010
11.314013 0.479596 3.581658 1 1 1 6 1010
11.710609 0.411913 3.707208 249 236 215 3 4004
11.470334 0.320700 3.631145 139 139 128 6 1010
11.868667 0.246202 3.757244 255 249 227 3 4004
11.949306 0.161658 3.782772 255 255 236 3 4004
12.031048 0.075957 3.808649 255 255 238 3 4004
6.616842 -0.005967 2.094683 55 54 52 8 2001
6.670894 -0.054148 2.111794 247 241 230 8 2001
6.690875 -0.102587 2.118119 255 255 249 8 2001
6.732655 -0.151805 2.131345 201 195 186 8 2001
6.764463 -0.201329 2.141415 120 120 119 8 2001
11.791135 -0.436013 3.732700 231 234 225 3 4003
11.711866 -0.517585 3.707606 255 255 253 3 4003
11.633657 -0.598068 3.682848 255 255 254 3 4003
11.556486 -0.677484 3.658418 255 255 255 3 4003
11.480334 -0.755853 3.634310 255 255 255 3 4003
11.405176 -0.833196 3.610518 255 255 255 3 4003
11.330997 -0.909532 3.587035 255 255 255 3 4003
11.257776 -0.984882 3.563855 255 255 255 3 4003
11.185497 -1.059265 3.540974 255 255 255 3 4003
11.114139 -1.132698 3.518384 255 255 255 3 4003
11.043685 -1.205201 3.496081 255 255 255 3 4003
10.974118 -1.276790 3.474058 255 255 255 3 4003
10.905424 -1.347483 3.452312 255 255 255 3 4003
10.837584 -1.417296 3.430836 255 255 255 3 4003
10.770581 -1.486246 3.409625 255 255 255 3 4003
10.704404 -1.554349 3.388675 255 255 255 3 4003
10.639034 -1.621620 3.367981 255 255 255 3 4003
10.574457 -1.688074 3.347538 255 255 255 3 4003
10.510660 -1.753727 3.327342 255 255 255 3 4003
10.447630 -1.818592 3.307389 255 255 255 3 4003
10.385348 -1.882683 3.287672 255 255 255 3 4003
10.323807 -1.946016 3.268190 255 255 255 3 4003
10.262990 -2.008602 3.248938 255 255 255 3 4003
10.202886 -2.070455 3.229910 255 255 255 3 4003
10.143481 -2.131587 3.211105 255 255 255 3 4003
10.084763 -2.192012 3.192517 255 255 255 3 4003
10.026724 -2.251742 3.174143 255 255 255 3 4003
9.969346 -2.310787 3.155979 255 255 255 3 4003
9.912623 -2.369162 3.138023 255 255 255 3 4003
9.856540 -2.426874 3.120268 255 255 255 3 4003
9.801089 -2.483939 3.102715 255 255 255 3 4003
9.746260 -2.540365 3.085357 255 255 255 3 4003
9.692039 -2.596162 3.068192 255 255 255 3 4003
9.638418 -2.651343 3.051218 255 255 255 3 4003
9.585387 -2.705915 3.034430 255 255 255 3 4003
9.532938 -2.759892 3.017826 255 255 255 3 4003
5.465390 -1.621725 1.730169 143 141 140 9 1030
5.418829 -1.647007 1.715430 37 33 29 9 1030
5.399395 -1.680058 1.709277 38 36 33 9 1030
5.399913 -1.719181 1.709442 26 24 22 9 1030
9.337429 -3.040148 2.955934 206 195 178 3 4003
9.322900 -3.102684 2.951335 255 242 161 4 1000
9.225146 -3.203275 2.920389 255 243 162 4 1000
9.177035 -3.252784 2.905159 255 243 162 4 1000
9.129424 -3.301779 2.890087 255 243 162 4 1000
9.082306 -3.350269 2.875170 255 243 162 4 1000
9.035668 -3.398260 2.860406 255 243 162 4 1000
8.989504 -3.445759 2.845792 255 243 163 4 1000
8.943810 -3.492775 2.831327 255 243 163 4 1000
8.898578 -3.539316 2.817008 255 243 162 4 1000
8.765512 -3.549636 2.774884 255 255 255 3 4003
8.721631 -3.594795 2.760992 255 255 255 3 4003
8.678185 -3.639503 2.747239 255 255 255 3 4003
8.635171 -3.683769 2.733620 255 255 255 3 4003
8.592581 -3.727597 2.720138 255 255 255 3 4003
8.550408 -3.770995 2.706787 255 255 255 3 4003
8.508648 -3.813970 2.693567 255 255 255 3 4003
8.467293 -3.856526 2.680476 255 255 255 3 4003
8.426339 -3.898671 2.667511 255 255 255 3 4003
8.385778 -3.940410 2.654671 255 255 255 3 4003
8.345609 -3.981750 2.641954 255 255 255 3 4003
8.305820 -4.022695 2.629358 255 255 255 3 4003
8.266409 -4.063251 2.616882 255 255 255 3 4003
8.227369 -4.103425 2.604524 255 255 255 3 4003
8.188699 -4.143220 2.592282 255 255 255 3 4003
8.150389 -4.182644 2.580154 255 255 255 3 4003
8.112436 -4.221700 2.568139 255 255 255 3 4003
8.074834 -4.260394 2.556236 255 255 255 3 4003
8.037580 -4.298732 2.544442 255 255 255 3 4003
8.000668 -4.336716 2.532757 255 255 255 3 4003
7.964093 -4.374354 2.521178 255 255 255 3 4003
7.927852 -4.411650 2.509706 255 255 255 3 4003
7.891938 -4.448606 2.498337 255 255 255 3 4003
7.856349 -4.485230 2.487070 255 255 255 3 4003
7.825982 4.510244 2.420992 255 255 255 3 4004
7.860962 4.473685 2.431813 255 255 255 3 4004
7.896255 4.436798 2.442731 255 255 255 3 4004
7.931868 4.399577 2.453748 255 255 255 3 4004
7.967803 4.362020 2.464864 255 255 255 3 4004
8.004064 4.324120 2.476082 255 255 255 3 4004
8.040658 4.285874 2.487402 255 255 255 3 4004
8.077587 4.247277 2.498827 255 255 255 3 4004
8.114857 4.208323 2.510356 255 255 255 3 4004
8.152473 4.169009 2.521993 255 255 255 3 4004
8.190440 4.129328 2.533738 255 255 255 3 4004
8.228762 4.089276 2.545593 255 255 255 3 4004
8.267444 4.048848 2.557559 255 255 255 3 4004
8.306491 4.008037 2.569639 255 255 255 3 4004
8.345909 3.966839 2.581833 255 255 255 3 4004
8.385703 3.925249 2.594143 255 255 255 3 4004
8.425878 3.883260 2.606571 255 255 255 3 4004
8.466439 3.840866 2.619119 255 255 255 3 4004
8.507394 3.798063 2.631788 255 255 255 3 4004
8.548746 3.754843 2.644581 255 255 255 3 4004
8.590502 3.711201 2.657498 255 255 255 3 4004
8.632668 3.667130 2.670543 255 255 255 3 4004
8.675251 3.622625 2.683716 255 255 255 3 4004
8.718255 3.577678 2.697019 255 255 255 3 4004
8.761688 3.532285 2.710455 255 255 255 3 4004
8.805555 3.486436 2.724026 255 255 255 3 4004
8.849865 3.440126 2.737733 255 255 255 3 4004
8.894623 3.393347 2.751579 255 255 255 3 4004
8.939835 3.346092 2.765565 255 255 255 3 4004
8.985510 3.298356 2.779695 255 255 255 3 4004
9.031653 3.250129 2.793970 255 255 255 3 4004
9.078273 3.201403 2.808392 255 255 255 3 4004
9.125377 3.152172 2.822963 255 255 255 3 4004
9.172972 3.102428 2.837687 255 255 255 3 4004
9.221066 3.052162 2.852565 255 255 255 3 4004
9.269668 3.001367 2.867600 255 255 255 3 4004
9.318784 2.950032 2.882794 255 255 255 3 4004
9.368423 2.898151 2.898150 255 255 255 3 4004
9.418594 2.845715 2.913671 255 255 255 3 4004
9.469306 2.792713 2.929359 255 255 255 3 4004
9.520566 2.739138 2.945216 255 255 255 3 4004
9.572386 2.684980 2.961247 255 255 255 3 4004
9.624770 2.630228 2.977452 255 255 255 3 4004
9.677732 2.574874 2.993837 255 255 255 3 4004
9.731281 2.518909 3.010402 255 255 255 3 4004
9.785425 2.462319 3.027151 255 255 255 3 4004
9.840176 2.405097 3.044089 255 255 255 3 4004
9.895541 2.347230 3.061216 255 255 255 3 4004
9.951533 2.288709 3.078537 255 255 255 3 4004
10.008164 2.229522 3.096057 255 255 255 3 4004
10.065441 2.169657 3.113775 255 255 255 3 4004
10.123380 2.109104 3.131699 255 255 255 3 4004
10.181989 2.047849 3.149830 255 255 255 3 4004
10.241279 1.985880 3.168171 255 255 255 3 4004
10.301264 1.923186 3.186728 255 255 255 3 4004
10.361957 1.859753 3.205503 255 255 255 3 4004
10.423368 1.795568 3.224501 255 255 255 3 4004
10.485513 1.730618 3.243726 255 255 255 3 4004
10.548402 1.664889 3.263181 255 255 255 3 4004
5.790738 0.872190 1.791383 200 165 149 8 2000
5.780021 0.828871 1.788067 252 153 104 8 2000
5.748506 0.782875 1.778318 247 122 25 8 2000
5.764875 0.743509 1.783382 255 162 61 8 2000
10.874515 1.324049 3.364065 255 255 255 3 4004
10.942173 1.253337 3.384995 255 255 255 3 4004
11.010675 1.181739 3.406186 255 255 255 3 4004
11.080043 1.109239 3.427646 255 252 231 3 4004
10.898501 1.012429 3.371485 39 44 47 6 1010
11.221435 0.961463 3.471385 186 177 161 3 4004
10.974368 0.861112 3.394955 6 7 9 6 1010
11.052487 0.787495 3.419121 0 0 0 6 1010
11.124889 0.712385 3.441519 0 0 0 6 1010
11.198240 0.636284 3.464210 0 0 0 6 1010
11.272713 0.559180 3.487249 0 0 0 6 1010
11.348092 0.481041 3.510567 0 0 0 6 1010
11.746048 0.413159 3.633676 148 140 127 3 4004
11.446606 0.320037 3.541043 24 32 41 6 1010
11.602056 0.240671 3.589132 81 85 107 6 1010
11.986205 0.162157 3.707970 130 122 111 3 4004
12.068456 0.076193 3.733414 224 211 192 3 4004
12.151842 -0.010959 3.759210 168 158 143 3 4004
10.403394 -0.084445 3.218322 55 96 163 7 1006
10.487926 -0.160804 3.244472 40 70 124 7 1006
10.573835 -0.238414 3.271049 28 52 94 7 1006
6.785998 -0.201970 2.099269 133 133 131 8 2001
6.823720 -0.252328 2.110939 146 146 144 8 2001
6.865753 -0.303420 2.123942 158 168 172 8 2001
11.665773 -0.599719 3.608843 255 255 249 3 4003
11.588177 -0.679342 3.584838 255 255 251 3 4003
11.511607 -0.757912 3.561151 255 255 255 3 4003
11.436042 -0.835450 3.537775 255 255 255 3 4003
11.361461 -0.911978 3.514703 255 255 246 3 4003
11.287848 -0.987513 3.491931 255 255 255 3 4003
11.215182 -1.062076 3.469451 255 255 255 3 4003
11.143446 -1.135685 3.447259 255 255 255 3 4003
11.072621 -1.208359 3.425350 255 255 255 3 4003
11.002692 -1.280114 3.403717 255 255 255 3 4003
10.933640 -1.350969 3.382355 255 255 255 3 4003
10.865449 -1.420940 3.361260 255 255 255 3 4003
10.798102 -1.490044 3.340426 255 255 255 3 4003
10.731587 -1.558296 3.319850 255 255 255 3 4003
10.665887 -1.625713 3.299525 255 255 255 3 4003
10.600986 -1.692309 3.279448 255 255 255 3 4003
10.536867 -1.758099 3.259612 255 255 255 3 4003
10.473522 -1.823099 3.240017 255 255 255 3 4003
10.410934 -1.887322 3.220655 255 255 255 3 4003
10.349090 -1.950781 3.201523 255 255 255 3 4003
10.287975 -2.013492 3.182617 255 255 255 3 4003
10.227577 -2.075465 3.163933 255 255 255 3 4003
10.167888 -2.136716 3.145468 255 255 255 3 4003
10.108888 -2.197256 3.127216 255 255 255 3 4003
10.050571 -2.257097 3.109175 255 255 255 3 4003
9.992921 -2.316252 3.091341 255 255 255 3 4003
9.935928 -2.374732 3.073710 255 255 255 3 4003
9.879584 -2.432549 3.056280 255 255 255 3 4003
9.823874 -2.489713 3.039046 255 255 255 3 4003
9.768789 -2.546237 3.022005 255 255 255 3 4003
9.714318 -2.602130 3.005154 255 255 255 3 4003
9.660452 -2.657404 2.988491 255 255 255 3 4003
9.607179 -2.712067 2.972010 255 255 255 3 4003
9.554491 -2.766131 2.955711 255 255 255 3 4003
5.434231 -1.612479 1.681096 52 45 38 9 1030
5.406453 -1.643246 1.672503 38 34 29 9 1030
5.384498 -1.675423 1.665711 36 32 29 9 1030
5.369081 -1.709365 1.660942 72 60 53 9 1030
5.369378 -1.748201 1.661034 57 53 48 9 1030
9.343305 -3.109475 2.890380 255 245 163 4 1000
9.245131 -3.210214 2.860010 255 242 161 4 1000
9.196812 -3.259793 2.845062 255 242 161 4 1000
9.148995 -3.308857 2.830270 255 242 162 4 1000
9.101674 -3.357414 2.815631 255 242 162 4 1000
9.054835 -3.405468 2.801141 255 242 161 4 1000
9.008475 -3.453031 2.786800 255 242 162 4 1000
8.962589 -3.500109 2.772605 255 242 162 4 1000
8.917167 -3.546710 2.758553 255 242 162 4 1000
8.783734 -3.557015 2.717275 255 255 255 3 4003
8.739669 -3.602230 2.703644 255 255 255 3 4003
8.696045 -3.646994 2.690147 255 255 255 3 4003
8.652853 -3.691312 2.676786 255 255 255 3 4003
8.610088 -3.735192 2.663556 255 255 255 3 4003
8.567745 -3.778641 2.650457 255 255 255 3 4003
8.525815 -3.821665 2.637486 255 255 255 3 4003
8.484294 -3.864269 2.624642 255 255 255 3 4003
8.443175 -3.906461 2.611921 255 255 255 3 4003
8.402453 -3.948246 2.599324 255 255 255 3 4003
8.362123 -3.989629 2.586847 255 255 255 3 4003
8.322177 -4.030617 2.574490 255 255 255 3 4003
8.282611 -4.071215 2.562250 255 255 255 3 4003
8.243420 -4.111429 2.550126 255 255 255 3 4003
8.204597 -4.151265 2.538116 255 255 255 3 4003
8.166139 -4.190727 2.526219 255 255 255 3 4003
8.128039 -4.229820 2.514433 255 255 255 3 4003
8.090293 -4.268550 2.502756 255 255 255 3 4003
8.052896 -4.306923 2.491188 255 255 255 3 4003
8.015845 -4.344943 2.479726 255 255 255 3 4003
7.979132 -4.382614 2.468368 255 255 255 3 4003
7.942753 -4.419942 2.457114 255 255 255 3 4003
7.906705 -4.456930 2.445963 255 255 255 3 4003
7.870983 -4.493585 2.434912 255 255 255 3 4003
7.841793 4.519356 2.369303 255 255 255 3 4004
7.876914 4.482764 2.379914 255 255 255 3 4004
7.912352 4.445842 2.390621 255 255 255 3 4004
7.948110 4.408587 2.401425 255 255 255 3 4004
7.984192 4.370992 2.412327 255 255 255 3 4004
8.020605 4.333056 2.423328 255 255 255 3 4004
8.057348 4.294771 2.434430 255 255 255 3 4004
8.094433 4.256135 2.445634 255 255 255 3 4004
8.131859 4.217140 2.456942 255 255 255 3 4004
8.169632 4.177783 2.468355 255 255 255 3 4004
8.207760 4.138060 2.479875 255 255 255 3 4004
8.246243 4.097964 2.491502 255 255 255 3 4004
8.285090 4.057490 2.503239 255 255 255 3 4004
8.324305 4.016633 2.515088 255 255 255 3 4004
8.363893 3.975387 2.527049 255 255 255 3 4004
8.403858 3.933747 2.539124 255 255 255 3 4004
8.444209 3.891708 2.551315 255 255 255 3 4004
8.484946 3.849262 2.563624 255 255 255 3 4004
8.526080 3.806405 2.576051 255 255 255 3 4004
8.567616 3.763131 2.588601 255 255 255 3 4004
8.609556 3.719432 2.601273 255 255 255 3 4004
8.651912 3.675305 2.614070 255 255 255 3 4004
8.694684 3.630740 2.626993 255 255 255 3 4004
8.737882 3.585733 2.640045 255 255 255 3 4004
8.781510 3.540276 2.653227 255 255 255 3 4004
8.825579 3.494364 2.666541 255 255 255 3 4004
8.870089 3.447987 2.679990 255 255 255 3 4004
8.915052 3.401141 2.693575 255 255 255 3 4004
8.960473 3.353817 2.707298 255 255 255 3 4004
9.006359 3.306009 2.721162 255 255 255 3 4004
9.052718 3.257709 2.735169 255 255 255 3 4004
9.099556 3.208909 2.749320 252 244 238 3 4004
5.990712 2.069367 1.810021 255 225 192 9 3001
6.011132 2.033050 1.816191 247 209 179 9 3001
9.243025 3.059430 2.792668 255 255 255 3 4004
9.291858 3.008551 2.807422 255 255 255 3 4004
9.341211 2.957132 2.822334 255 255 255 3 4004
9.391090 2.905163 2.837404 255 255 255 3 4004
9.441504 2.852636 2.852636 255 255 255 3 4004
9.492464 2.799543 2.868033 255 255 255 3 4004
9.543975 2.745873 2.883596 255 255 255 3 4004
9.596050 2.691617 2.899330 255 255 255 3 4004
9.648697 2.636767 2.915236 255 255 255 3 4004
9.701921 2.581310 2.931318 255 255 255 3 4004
9.755739 2.525239 2.947578 255 255 255 3 4004
9.810157 2.468542 2.964020 255 255 255 3 4004
9.865184 2.411209 2.980645 255 255 255 3 4004
9.920834 2.353230 2.997459 255 255 255 3 4004
9.977114 2.294592 3.014464 255 255 255 3 4004
10.034036 2.235286 3.031662 255 255 255 3 4004
10.091613 2.175299 3.049058 255 255 255 3 4004
10.149851 2.114619 3.066654 255 255 255 3 4004
10.208768 2.053235 3.084455 255 255 255 3 4004
10.268373 1.991134 3.102464 255 255 255 3 4004
10.328676 1.928304 3.120684 255 255 255 3 4004
10.389693 1.864731 3.139120 255 255 255 3 4004
10.451436 1.800403 3.157774 255 255 255 3 4004
10.513914 1.735306 3.176651 255 255 255 3 4004
10.577147 1.669425 3.195756 255 255 255 3 4004
5.810954 0.875234 1.755709 238 118 28 8 2000
5.790738 0.830408 1.749601 215 186 170 8 2000
5.766453 0.785319 1.742264 243 121 33 8 2000
5.784743 0.746072 1.747790 255 154 41 8 2000
10.905066 1.327769 3.294833 255 255 255 3 4004
10.973106 1.256880 3.315391 227 226 224 3 4004
11.042001 1.185101 3.336206 225 225 213 3 4004
11.111764 1.112414 3.357284 165 156 141 3 4004
10.906458 1.013168 3.295254 53 58 63 6 1010
11.253970 0.964251 3.400250 167 158 143 3 4004
11.008960 0.863826 3.326224 10 12 17 6 1010
11.076017 0.789172 3.346484 0 0 0 6 1010
11.148640 0.713906 3.368426 84 73 65 6 1010
11.253899 0.639447 3.400229 73 64 57 6 1010
11.625937 0.576702 3.512636 145 137 124 3 4004
11.703302 0.496098 3.536011 154 146 132 3 4004
11.781703 0.414413 3.559698 61 57 52 3 4004
11.473464 0.320788 3.466568 18 17 22 6 1010
11.637255 0.241402 3.516055 81 84 106 6 1010
11.818542 0.159889 3.570829 78 45 28 6 1010
11.827623 0.074672 3.573573 88 65 54 6 1010
11.836717 -0.010675 3.576320 94 67 55 6 1010
10.437751 -0.084724 3.153640 49 86 147 7 1006
10.522844 -0.161339 3.179349 38 65 116 7 1006
10.609336 -0.239214 3.205482 26 48 87 7 1006
6.806202 -0.202571 2.056412 175 202 216 8 2001
6.869909 -0.254036 2.075660 102 102 101 8 2001
6.893194 -0.304633 2.082695 206 206 200 8 2001
11.698068 -0.601380 3.534429 255 255 249 3 4003
11.620044 -0.681210 3.510855 255 255 250 3 4003
11.543051 -0.759982 3.487593 255 255 254 3 4003
11.467074 -0.837717 3.464637 255 255 255 3 4003
11.392090 -0.914436 3.441982 255 255 243 3 4003
11.318080 -0.990158 3.419620 255 255 255 3 4003
11.245026 -1.064902 3.397548 255 255 255 3 4003
11.172909 -1.138688 3.375758 255 255 255 3 4003
11.101709 -1.211533 3.354247 255 255 255 3 4003
11.031415 -1.283456 3.333008 255 255 255 3 4003
10.962003 -1.354474 3.312036 255 255 255 3 4003
10.893458 -1.424603 3.291326 255 255 255 3 4003
10.825766 -1.493861 3.270874 255 255 255 3 4003
10.758910 -1.562263 3.250674 255 255 255 3 4003
10.692875 -1.629826 3.230722 255 255 255 3 4003
10.627645 -1.696565 3.211014 255 255 255 3 4003
10.563207 -1.762494 3.191545 255 255 255 3 4003
10.499545 -1.827629 3.172310 255 255 255 3 4003
10.436646 -1.891983 3.153306 255 255 255 3 4003
10.374496 -1.955570 3.134528 255 255 255 3 4003
10.313083 -2.018405 3.115973 255 255 255 3 4003
10.252391 -2.080501 3.097636 255 255 255 3 4003
10.192412 -2.141870 3.079514 255 255 255 3 4003
10.133127 -2.202524 3.061601 255 255 255 3 4003
10.074530 -2.262478 3.043897 255 255 255 3 4003
10.016607 -2.321742 3.026396 255 255 255 3 4003
9.959346 -2.380329 3.009095 255 255 255 3 4003
9.902736 -2.438249 2.991991 255 255 255 3 4003
9.846765 -2.495514 2.975080 255 255 255 3 4003
9.791424 -2.552137 2.958360 255 255 255 3 4003
9.736701 -2.608125 2.941826 255 255 255 3 4003
9.682586 -2.663492 2.925476 255 255 255 3 4003
9.629070 -2.718247 2.909307 255 255 255 3 4003
9.576142 -2.772400 2.893315 255 255 255 3 4003
5.439216 -1.613959 1.643393 219 180 152 9 1030
5.406481 -1.643254 1.633502 65 62 56 9 1030
5.384946 -1.675563 1.626996 52 51 47 9 1030
5.366808 -1.708642 1.621516 45 43 39 9 1030
5.368371 -1.747873 1.621988 51 47 42 9 1030
5.403585 -1.798327 1.632628 150 144 101 9 1030
9.265202 -3.217184 2.799368 255 241 160 4 1000
9.216674 -3.266834 2.784706 255 241 160 4 1000
9.168652 -3.315966 2.770197 255 242 160 4 1000
9.121122 -3.364588 2.755836 255 242 161 4 1000
9.074084 -3.412708 2.741624 255 242 161 4 1000
9.027528 -3.460334 2.727558 255 242 161 4 1000
8.981446 -3.507473 2.713635 255 242 161 4 1000
8.935834 -3.554135 2.699854 255 242 161 4 1000
8.802030 -3.564425 2.659425 255 255 255 3 4003
8.757782 -3.609696 2.646056 255 255 255 3 4003
8.713977 -3.654514 2.632821 255 255 255 3 4003
8.670608 -3.698886 2.619718 255 255 255 3 4003
8.627667 -3.742818 2.606744 255 255 255 3 4003
8.585152 -3.786318 2.593898 255 255 255 3 4003
8.543052 -3.829391 2.581178 255 255 255 3 4003
8.501363 -3.872044 2.568582 255 255 255 3 4003
8.460079 -3.914282 2.556109 255 255 255 3 4003
8.419195 -3.956112 2.543756 255 255 255 3 4003
8.378704 -3.997540 2.531523 255 255 255 3 4003
8.338600 -4.038571 2.519406 255 255 255 3 4003
8.298878 -4.079211 2.507404 255 255 255 3 4003
8.259533 -4.119466 2.495517 255 255 255 3 4003
8.220558 -4.159341 2.483741 255 255 255 3 4003
8.181952 -4.198842 2.472076 255 255 255 3 4003
8.143703 -4.237972 2.460520 255 255 255 3 4003
8.105814 -4.276739 2.449072 255 255 255 3 4003
8.068273 -4.315146 2.437730 255 255 255 3 4003
8.031079 -4.353201 2.426492 255 255 255 3 4003
7.994226 -4.390905 2.415358 255 255 255 3 4003
7.957711 -4.428265 2.404325 255 255 255 3 4003
7.921527 -4.465285 2.393392 255 255 255 3 4003
7.885671 -4.501971 2.382559 255 255 255 3 4003
7.857668 4.528505 2.317404 255 255 255 3 4004
7.892932 4.491879 2.327804 255 255 255 3 4004
7.928514 4.454924 2.338298 255 255 255 3 4004
7.964419 4.417632 2.348887 255 255 255 3 4004
8.000650 4.380002 2.359573 255 255 255 3 4004
8.037212 4.342028 2.370356 255 255 255 3 4004
8.074110 4.303705 2.381238 255 255 255 3 4004
8.111348 4.265029 2.392220 255 255 255 3 4004
8.148932 4.225994 2.403304 255 255 255 3 4004
8.186864 4.186595 2.414491 255 255 255 3 4004
8.225153 4.146829 2.425784 255 255 255 3 4004
8.263801 4.106689 2.437182 255 255 255 3 4004
8.302814 4.066170 2.448688 255 255 255 3 4004
8.342196 4.025266 2.460302 255 255 255 3 4004
8.381954 3.983972 2.472028 255 255 255 3 4004
8.422093 3.942283 2.483866 255 255 255 3 4004
8.462619 3.900192 2.495818 255 255 255 3 4004
8.503536 3.857695 2.507885 255 255 255 3 4004
8.544850 3.814785 2.520070 255 255 255 3 4004
8.586569 3.771456 2.532373 255 255 255 3 4004
8.628696 3.727701 2.544798 255 255 255 3 4004
8.671239 3.683515 2.557345 255 255 255 3 4004
8.714204 3.638891 2.570016 255 255 255 3 4004
8.757597 3.593823 2.582814 255 255 255 3 4004
8.801424 3.548304 2.595739 255 255 255 3 4004
8.845691 3.502327 2.608794 255 255 255 3 4004
8.890407 3.455885 2.621982 255 255 255 3 4004
8.935575 3.408971 2.635303 255 255 255 3 4004
8.981206 3.361578 2.648761 255 255 255 3 4004
9.027306 3.313698 2.662357 255 255 255 3 4004
9.073881 3.265325 2.676093 255 255 255 3 4004
5.970053 2.105307 1.760704 212 179 153 9 3001
5.968479 2.061687 1.760240 230 195 166 9 3001
5.993690 2.027150 1.767675 201 170 145 9 3001
6.050341 2.002656 1.784383 213 181 154 9 3001
9.314156 3.015771 2.746955 255 255 255 3 4004
9.363745 2.964265 2.761580 255 255 255 3 4004
9.413867 2.912209 2.776362 255 255 255 3 4004
9.464527 2.859592 2.791303 255 255 255 3 4004
9.515735 2.806406 2.806406 255 255 255 3 4004
9.567501 2.752641 2.821673 255 255 255 3 4004
9.619833 2.698288 2.837106 255 255 255 3 4004
9.672741 2.643337 2.852710 255 255 255 3 4004
9.726234 2.587779 2.868487 255 255 255 3 4004
9.780321 2.531602 2.884438 255 255 255 3 4004
9.835014 2.474797 2.900568 255 255 255 3 4004
9.890323 2.417353 2.916880 255 255 255 3 4004
9.946256 2.359260 2.933376 255 255 255 3 4004
10.002825 2.300505 2.950059 255 255 255 3 4004
10.060042 2.241079 2.966934 255 255 255 3 4004
10.117917 2.180969 2.984003 255 255 255 3 4004
10.176462 2.120163 3.001269 255 255 255 3 4004
10.235688 2.058649 3.018736 255 255 255 3 4004
10.295609 1.996415 3.036408 255 255 255 3 4004
10.356235 1.933449 3.054288 255 255 255 3 4004
10.417578 1.869736 3.072380 255 255 255 3 4004
10.479653 1.805264 3.090687 255 255 255 3 4004
10.542473 1.740019 3.109214 255 255 255 3 4004
10.606049 1.673987 3.127964 255 255 255 3 4004
10.670397 1.607154 3.146941 255 255 255 3 4004
10.735531 1.539505 3.166151 244 231 227 3 4004
5.791676 0.788754 1.708096 249 125 34 8 2000
5.817162 0.750253 1.715613 255 153 47 8 2000
10.935791 1.331510 3.225212 255 249 227 3 4004
10.798010 1.236824 3.184577 41 61 81 6 1010
10.881186 1.167841 3.209108 146 129 117 6 1010
11.143666 1.115608 3.286519 107 100 91 3 4004
10.931898 1.015531 3.224064 48 53 58 6 1010
11.286695 0.967055 3.328702 187 177 160 3 4004
11.283289 0.885351 3.327697 118 110 100 6 1010
11.291560 0.804529 3.330137 47 26 15 6 1010
11.254605 0.720691 3.319238 1 1 1 6 1010
11.262918 0.639959 3.321690 2 2 2 6 1010
11.275887 0.559338 3.325514 74 45 31 6 1010
11.269647 0.477715 3.323674 76 51 39 6 1010
11.180582 0.393269 3.297407 62 47 41 6 1010
11.341352 0.317094 3.344822 81 53 40 6 1010
11.349699 0.235436 3.347283 86 53 36 6 1010
11.231682 0.151949 3.312477 25 13 17 6 1010
11.366415 0.071761 3.352213 93 56 37 6 1010
11.374791 -0.010258 3.354683 106 61 39 6 1010
10.472338 -0.085005 3.088530 46 80 137 7 1006
10.558390 -0.161884 3.113908 35 61 107 7 1006
10.649000 -0.240109 3.140631 21 42 77 7 1006
10.741180 -0.319687 3.167817 5 13 30 7 1006
6.890347 -0.254791 2.032120 216 216 215 8 2001
11.508139 -0.508582 3.394011 176 154 146 6 1010
11.592951 -0.595976 3.419024 144 87 62 6 1010
11.652083 -0.683088 3.436463 255 255 248 3 4003
11.574668 -0.762064 3.413631 255 255 255 3 4003
11.498275 -0.839997 3.391102 255 255 237 3 4003
11.422883 -0.916908 3.368867 255 255 254 3 4003
11.348475 -0.992817 3.346922 255 255 254 3 4003
11.275030 -1.067744 3.325262 255 255 255 3 4003
11.202528 -1.141707 3.303879 255 255 255 3 4003
11.130952 -1.214724 3.282770 255 255 255 3 4003
11.060286 -1.286815 3.261929 255 255 255 3 4003
10.990513 -1.357996 3.241351 255 255 255 3 4003
10.921613 -1.428285 3.221031 255 255 255 3 4003
10.853570 -1.497698 3.200963 255 255 255 3 4003
10.786372 -1.566251 3.181145 255 255 255 3 4003
10.720001 -1.633961 3.161571 255 255 255 3 4003
10.654440 -1.700842 3.142236 255 255 255 3 4003
10.589678 -1.766911 3.123136 255 255 255 3 4003
10.525698 -1.832181 3.104267 255 255 255 3 4003
10.462485 -1.896667 3.085624 255 255 255 3 4003
10.400028 -1.960383 3.067204 255 255 255 3 4003
10.338314 -2.023344 3.049003 255 255 255 3 4003
10.277326 -2.085561 3.031016 255 255 255 3 4003
10.217052 -2.147048 3.013240 255 255 255 3 4003
10.157484 -2.207819 2.995672 255 255 255 3 4003
10.098606 -2.267885 2.978307 255 255 255 3 4003
10.040406 -2.327258 2.961143 255 255 255 3 4003
9.982872 -2.385951 2.944175 255 255 255 3 4003
9.925997 -2.443976 2.927401 255 255 255 3 4003
9.869761 -2.501343 2.910816 255 255 255 3 4003
9.814162 -2.558064 2.894419 255 255 255 3 4003
9.759186 -2.614149 2.878205 255 255 255 3 4003
9.704823 -2.669609 2.862172 255 255 255 3 4003
9.651061 -2.724455 2.846317 255 255 255 3 4003
9.597891 -2.778696 2.830635 255 255 255 3 4003
5.449271 -1.616942 1.607113 225 183 155 9 1030
5.417456 -1.646590 1.597730 149 124 106 9 1030
5.393740 -1.678299 1.590736 67 63 59 9 1030
5.379684 -1.712741 1.586591 66 63 58 9 1030
5.379634 -1.751541 1.586576 45 42 38 9 1030
9.389908 -3.124985 2.769296 218 207 156 4 1000
9.285359 -3.224183 2.738463 255 241 160 4 1000
9.236621 -3.273904 2.724089 255 241 160 4 1000
9.188388 -3.323104 2.709864 255 241 160 4 1000
9.140655 -3.371792 2.695786 255 241 160 4 1000
9.093414 -3.419978 2.681854 255 241 160 4 1000
9.046660 -3.467668 2.668065 255 241 160 4 1000
9.000385 -3.514870 2.654417 255 241 160 4 1000
8.865289 -3.526077 2.614573 255 248 215 3 4003
8.820404 -3.571866 2.601336 255 255 255 3 4003
8.775971 -3.617193 2.588231 255 255 255 3 4003
8.731983 -3.662066 2.575258 255 255 255 3 4003
8.688436 -3.706492 2.562415 255 255 255 3 4003
8.645320 -3.750476 2.549699 255 255 255 3 4003
8.602629 -3.794026 2.537109 255 255 255 3 4003
8.560358 -3.837149 2.524642 255 255 255 3 4003
8.518501 -3.879849 2.512298 255 255 255 3 4003
8.477052 -3.922134 2.500073 255 255 255 3 4003
8.436003 -3.964010 2.487967 255 255 255 3 4003
8.395350 -4.005481 2.475977 255 255 255 3 4003
8.355086 -4.046556 2.464103 255 255 255 3 4003
8.315207 -4.087238 2.452342 255 255 255 3 4003
8.275707 -4.127533 2.440692 255 255 255 3 4003
8.236581 -4.167448 2.429153 255 255 255 3 4003
8.197824 -4.206986 2.417722 255 255 255 3 4003
8.159429 -4.246155 2.406399 255 255 255 3 4003
8.121391 -4.284958 2.395181 255 255 255 3 4003
8.083707 -4.323401 2.384067 255 255 255 3 4003
8.046371 -4.361490 2.373056 255 255 255 3 4003
8.009379 -4.399228 2.362146 255 255 255 3 4003
7.972725 -4.436620 2.351336 255 255 255 3 4003
7.936405 -4.473672 2.340624 255 255 255 3 4003
7.900414 -4.510387 2.330010 255 255 255 3 4003
7.873607 4.537691 2.265295 255 255 255 3 4004
7.909015 4.501032 2.275482 255 255 255 3 4004
7.944743 4.464042 2.285761 255 255 255 3 4004
7.980795 4.426716 2.296134 255 255 255 3 4004
8.017176 4.389049 2.306601 255 255 255 3 4004
8.053888 4.351037 2.317163 255 255 255 3 4004
8.090940 4.312676 2.327823 255 255 255 3 4004
8.128334 4.273960 2.338582 255 255 255 3 4004
8.166076 4.234885 2.349440 255 255 255 3 4004
8.204168 4.195445 2.360400 255 255 255 3 4004
8.242620 4.155635 2.371463 255 255 255 3 4004
8.281431 4.115450 2.382629 255 255 255 3 4004
8.320612 4.074886 2.393902 255 255 255 3 4004
8.360165 4.033936 2.405281 255 255 255 3 4004
8.400094 3.992594 2.416769 255 255 255 3 4004
8.440407 3.950855 2.428367 255 255 255 3 4004
8.481110 3.908715 2.440078 255 255 255 3 4004
8.522205 3.866165 2.451901 255 255 255 3 4004
8.563704 3.823202 2.463841 255 255 255 3 4004
8.605606 3.779817 2.475897 255 255 255 3 4004
8.647921 3.736006 2.488071 255 255 255 3 4004
8.690655 3.691763 2.500366 255 255 255 3 4004
8.733812 3.647079 2.512782 255 255 255 3 4004
8.777401 3.601950 2.525323 255 255 255 3 4004
8.821426 3.556369 2.537990 255 255 255 3 4004
8.865896 3.510327 2.550784 255 255 255 3 4004
8.910816 3.463819 2.563708 255 255 255 3 4004
8.956194 3.416837 2.576763 255 255 255 3 4004
9.002036 3.369374 2.589952 255 255 255 3 4004
9.048350 3.321423 2.603277 255 255 255 3 4004
9.095142 3.272976 2.616740 255 255 255 3 4004
5.978615 2.108326 1.720092 204 173 147 9 3001
5.973284 2.063347 1.718558 180 152 129 9 3001
6.000705 2.029523 1.726447 148 125 106 9 3001
6.045534 2.001065 1.739345 80 67 56 9 3001
9.336560 3.023025 2.686197 255 255 255 3 4004
9.386390 2.971434 2.700534 255 255 255 3 4004
9.436753 2.919289 2.715024 255 255 255 3 4004
9.487662 2.866582 2.729671 255 255 255 3 4004
9.539121 2.813303 2.744476 255 255 255 3 4004
9.591143 2.759443 2.759443 255 255 255 3 4004
9.643735 2.704993 2.774574 255 255 255 3 4004
9.696906 2.649941 2.789871 255 255 255 3 4004
9.750668 2.594280 2.805339 255 255 255 3 4004
9.805028 2.537997 2.820979 255 255 255 3 4004
9.859998 2.481084 2.836794 255 255 255 3 4004
9.915587 2.423529 2.852788 255 255 255 3 4004
9.971808 2.365321 2.868963 255 255 255 3 4004
10.028669 2.306449 2.885322 255 255 255 3 4004
10.086184 2.246903 2.901870 255 255 255 3 4004
10.144361 2.186669 2.918608 255 255 255 3 4004
10.203214 2.125736 2.935540 255 255 255 3 4004
10.262753 2.064092 2.952670 255 255 255 3 4004
10.322991 2.001725 2.970001 255 255 255 3 4004
10.383939 1.938621 2.987536 255 255 255 3 4004
10.445613 1.874768 3.005280 255 255 255 3 4004
10.508023 1.810151 3.023236 255 255 255 3 4004
10.571183 1.744758 3.041408 255 255 255 3 4004
10.635109 1.678574 3.059799 255 255 255 3 4004
10.699811 1.611584 3.078415 255 255 255 3 4004
5.847064 0.838485 1.682243 232 229 220 8 2000
5.791233 0.788694 1.666181 219 151 110 8 2000
5.829837 0.751888 1.677287 251 206 181 8 2000
10.817080 1.317056 3.112154 106 62 41 6 1010
10.738645 1.230024 3.089587 53 94 133 6 1010
10.832299 1.162594 3.116533 98 59 39 6 1010
10.732202 1.074416 3.087734 1 1 1 6 1010
10.624472 0.986973 3.056739 136 127 134 6 1010
10.747293 0.920838 3.092076 2 2 2 6 1010
10.754854 0.843887 3.094251 98 67 53 6 1010
10.870459 0.774525 3.127512 110 65 42 6 1010
10.878113 0.696583 3.129713 122 73 47 6 1010
10.885775 0.618530 3.131918 103 61 39 6 1010
10.893448 0.540367 3.134125 107 64 42 6 1010
10.901134 0.462094 3.136337 126 76 49 6 1010
10.908827 0.383711 3.138550 125 75 49 6 1010
10.916535 0.305216 3.140768 124 74 48 6 1010
10.924252 0.226611 3.142988 126 77 49 6 1010
10.931985 0.147895 3.145213 129 79 50 6 1010
10.981835 0.069333 3.159555 129 79 52 6 1010
11.059037 -0.009974 3.181767 95 53 34 6 1010
10.523760 -0.085422 3.027764 36 65 113 7 1006
10.613768 -0.162734 3.053659 32 58 101 7 1006
10.705336 -0.241379 3.080004 19 37 69 7 1006
10.798497 -0.321393 3.106807 2 4 13 7 1006
6.910881 -0.255551 1.988311 217 217 215 8 2001
11.678514 -0.516111 3.359995 103 103 103 6 1010
11.763193 -0.604728 3.384358 85 80 72 3 4003
11.684300 -0.684977 3.361660 255 255 250 3 4003
11.606459 -0.764157 3.339264 255 255 251 3 4003
11.529647 -0.842289 3.317165 255 255 241 3 4003
11.453844 -0.919393 3.295356 255 255 255 3 4003
11.379033 -0.995490 3.273832 255 255 255 3 4003
11.305193 -1.070600 3.252588 255 255 255 3 4003
11.232304 -1.144741 3.231617 255 255 255 3 4003
11.160349 -1.217932 3.210915 255 255 255 3 4003
11.089310 -1.290192 3.190476 255 255 255 3 4003
11.019171 -1.361537 3.170297 255 255 255 3 4003
10.949912 -1.431986 3.150371 255 255 255 3 4003
10.881519 -1.501554 3.130693 255 255 255 3 4003
10.813975 -1.570259 3.111261 255 255 255 3 4003
10.747264 -1.638116 3.092067 255 255 255 3 4003
10.681371 -1.705141 3.073109 255 255 255 3 4003
10.616282 -1.771350 3.054383 255 255 255 3 4003
10.551981 -1.836756 3.035883 255 255 255 3 4003
10.488454 -1.901375 3.017606 255 255 255 3 4003
10.425686 -1.965220 2.999547 255 255 255 3 4003
10.363667 -2.028305 2.981704 255 255 255 3 4003
10.302381 -2.090645 2.964071 255 255 255 3 4003
10.241816 -2.152252 2.946646 255 255 255 3 4003
10.181958 -2.213138 2.929425 255 255 255 3 4003
10.122796 -2.273317 2.912403 255 255 255 3 4003
10.064319 -2.332801 2.895579 255 255 255 3 4003
10.006512 -2.391601 2.878947 255 255 255 3 4003
9.949365 -2.449730 2.862506 255 255 255 3 4003
9.892868 -2.507199 2.846251 255 255 255 3 4003
9.837008 -2.564018 2.830180 255 255 255 3 4003
9.781776 -2.620200 2.814290 255 255 255 3 4003
9.727160 -2.675754 2.798576 255 255 255 3 4003
9.673153 -2.730691 2.783038 255 255 255 3 4003
5.545490 -1.605481 1.595478 199 153 130 9 1030
5.465788 -1.621843 1.572548 222 180 153 9 1030
5.431995 -1.651009 1.562825 216 161 138 9 1030
5.411016 -1.683674 1.556789 78 69 63 9 1030
5.403455 -1.720309 1.554614 62 59 55 9 1030
5.413958 -1.762716 1.557636 53 51 45 9 1030
9.355078 -3.180892 2.691525 229 229 169 4 1000
9.305606 -3.231213 2.677291 255 240 160 4 1000
9.256653 -3.281004 2.663208 255 240 160 4 1000
9.208210 -3.330273 2.649270 255 239 160 4 1000
9.160271 -3.379028 2.635478 255 241 160 4 1000
9.112828 -3.427279 2.621828 255 240 160 4 1000
9.065875 -3.475033 2.608319 255 239 160 4 1000
9.019403 -3.522297 2.594948 255 240 160 4 1000
8.883925 -3.533489 2.555970 255 255 255 3 4003
8.838853 -3.579336 2.543002 255 255 255 3 4003
8.794235 -3.624721 2.530165 255 255 255 3 4003
8.750065 -3.669649 2.517457 255 255 255 3 4003
8.706337 -3.714128 2.504876 255 255 255 3 4003
8.663043 -3.758165 2.492420 255 255 255 3 4003
8.620178 -3.801766 2.480088 255 255 255 3 4003
8.577735 -3.844938 2.467877 255 255 255 3 4003
8.535707 -3.887686 2.455785 255 255 255 3 4003
8.494091 -3.930018 2.443812 255 255 255 3 4003
8.452877 -3.971939 2.431954 255 255 255 3 4003
8.412064 -4.013456 2.420212 255 255 255 3 4003
8.371639 -4.054573 2.408581 255 255 255 3 4003
8.331603 -4.095296 2.397063 255 255 255 3 4003
8.291948 -4.135633 2.385654 255 255 255 3 4003
8.252668 -4.175587 2.374353 255 255 255 3 4003
8.213758 -4.215165 2.363158 255 255 255 3 4003
8.175215 -4.254370 2.352069 255 255 255 3 4003
8.137031 -4.293210 2.341083 255 255 255 3 4003
8.099201 -4.331688 2.330199 255 255 255 3 4003
8.061723 -4.369811 2.319416 255 255 255 3 4003
8.024590 -4.407582 2.308733 255 255 255 3 4003
7.987796 -4.445007 2.298147 255 255 255 3 4003
7.951338 -4.482090 2.287658 255 255 255 3 4003
7.915213 -4.518836 2.277264 255 255 255 3 4003
7.889612 4.546915 2.212974 255 255 255 3 4004
7.925164 4.510222 2.222946 255 255 255 3 4004
7.961038 4.473198 2.233009 255 255 255 3 4004
7.997238 4.435836 2.243162 255 255 255 3 4004
8.033769 4.398133 2.253409 255 255 255 3 4004
8.070636 4.360085 2.263750 255 255 255 3 4004
8.107841 4.321684 2.274186 255 255 255 3 4004
8.145392 4.282929 2.284719 255 255 255 3 4004
8.183292 4.243814 2.295349 255 255 255 3 4004
8.221547 4.204331 2.306079 255 255 255 3 4004
8.260160 4.164479 2.316910 255 255 255 3 4004
8.299139 4.124250 2.327843 255 255 255 3 4004
8.338487 4.083640 2.338880 255 255 255 3 4004
8.378210 4.042643 2.350022 255 255 255 3 4004
8.418314 4.001254 2.361271 255 255 255 3 4004
8.458801 3.959465 2.372627 255 255 255 3 4004
8.499681 3.917274 2.384094 255 255 255 3 4004
8.540959 3.874672 2.395672 255 255 255 3 4004
8.582639 3.831655 2.407363 255 255 255 3 4004
8.624728 3.788216 2.419169 255 255 255 3 4004
8.667233 3.744349 2.431091 255 255 255 3 4004
8.710156 3.700047 2.443130 255 255 255 3 4004
8.753510 3.655304 2.455291 255 255 255 3 4004
8.797295 3.610114 2.467572 255 255 255 3 4004
8.841520 3.564469 2.479977 255 255 255 3 4004
8.886194 3.518363 2.492508 255 255 255 3 4004
8.931319 3.471788 2.505165 255 255 255 3 4004
8.976908 3.424739 2.517952 255 255 255 3 4004
9.022963 3.377207 2.530870 255 255 255 3 4004
9.069492 3.329184 2.543921 255 255 255 3 4004
9.116505 3.280663 2.557108 255 255 255 3 4004
6.017565 2.122061 1.687880 186 161 137 9 3001
6.005243 2.074387 1.684423 156 131 111 9 3001
6.012072 2.033367 1.686339 168 141 120 9 3001
6.060963 2.006172 1.700053 197 169 144 9 3001
9.359073 3.030314 2.625146 255 255 255 3 4004
9.409143 2.978637 2.639191 255 255 255 3 4004
9.459753 2.926404 2.653387 255 255 255 3 4004
9.510909 2.873606 2.667735 255 255 255 3 4004
9.562623 2.820234 2.682241 255 255 255 3 4004
9.614901 2.766279 2.696904 255 255 255 3 4004
9.667753 2.711730 2.711729 255 255 255 3 4004
9.721192 2.656578 2.726718 255 255 255 3 4004
9.775224 2.600813 2.741874 255 255 255 3 4004
9.829860 2.544425 2.757199 255 255 255 3 4004
9.885109 2.487403 2.772696 255 255 255 3 4004
9.940983 2.429736 2.788368 255 255 255 3 4004
9.997493 2.371413 2.804218 255 255 255 3 4004
10.054649 2.312424 2.820250 255 255 255 3 4004
10.112461 2.252757 2.836466 255 255 255 3 4004
10.170943 2.192399 2.852870 255 255 255 3 4004
10.230105 2.131339 2.869464 255 255 255 3 4004
10.289959 2.069564 2.886253 255 255 255 3 4004
10.350518 2.007063 2.903239 255 255 255 3 4004
10.411795 1.943822 2.920427 255 255 255 3 4004
10.473800 1.879827 2.937819 255 255 255 3 4004
10.536548 1.815065 2.955419 255 255 255 3 4004
10.600054 1.749523 2.973232 255 255 255 3 4004
10.664328 1.683186 2.991260 255 255 255 3 4004
10.729389 1.616040 3.009510 255 255 255 3 4004
5.950599 0.853333 1.669096 255 134 37 8 2000
5.789802 0.788499 1.623994 255 136 30 8 2000
10.559595 1.361896 2.961884 122 76 48 6 1010
10.474970 1.275402 2.938147 146 88 58 6 1010
10.437124 1.195488 2.927531 129 76 50 6 1010
10.444171 1.120938 2.929508 130 77 50 6 1010
10.451228 1.046287 2.931487 126 75 49 6 1010
10.453863 0.971124 2.932227 136 133 132 6 1010
10.460850 0.896295 2.934186 144 144 143 6 1010
10.467927 0.821373 2.936172 129 121 119 6 1010
10.479548 0.746673 2.939431 130 79 50 6 1010
10.486651 0.671515 2.941423 132 79 51 6 1010
10.505871 0.596944 2.946815 170 103 69 6 1010
10.572113 0.524427 2.965395 168 104 69 6 1010
10.643656 0.451180 2.985462 151 90 60 6 1010
10.805982 0.380093 3.030993 54 46 46 6 1010
10.880130 0.304198 3.051791 35 34 33 6 1010
10.683729 0.221622 2.996702 37 38 36 7 1006
10.632129 0.143838 2.982229 80 84 83 7 1006
12.220444 0.077152 3.427738 139 132 119 3 4004
12.305949 -0.011098 3.451722 44 42 43 3 4004
10.578783 -0.085869 2.967266 34 61 106 7 1006
10.669737 -0.163592 2.992777 30 56 99 7 1006
10.762269 -0.242663 3.018732 16 33 62 7 1006
10.856429 -0.323117 3.045143 1 4 13 7 1006
6.931537 -0.256314 1.944242 218 218 216 8 2001
11.711361 -0.517563 3.284945 91 93 94 6 1010
11.796030 -0.606416 3.308694 86 81 73 3 4003
11.716698 -0.686876 3.286442 255 255 249 3 4003
11.638423 -0.766261 3.264486 255 255 252 3 4003
11.561190 -0.844593 3.242823 254 241 218 3 4003
11.484973 -0.921892 3.221445 255 255 252 3 4003
11.409757 -0.998178 3.200347 255 255 254 3 4003
11.335519 -1.073472 3.179524 255 255 255 3 4003
11.262239 -1.147792 3.158969 255 255 255 3 4003
11.189901 -1.221158 3.138680 255 255 255 3 4003
11.118488 -1.293587 3.118649 255 255 255 3 4003
11.047979 -1.365097 3.098871 255 255 255 3 4003
10.978358 -1.435706 3.079343 255 255 255 3 4003
10.909612 -1.505431 3.060060 255 255 255 3 4003
10.841720 -1.574288 3.041017 255 255 255 3 4003
10.774667 -1.642293 3.022210 255 255 255 3 4003
10.708438 -1.709462 3.003633 255 255 255 3 4003
10.643020 -1.775811 2.985284 255 255 255 3 4003
10.578396 -1.841354 2.967157 255 255 255 3 4003
10.514551 -1.906106 2.949249 255 255 255 3 4003
10.451471 -1.970080 2.931556 255 255 255 3 4003
10.389146 -2.033292 2.914074 255 255 255 3 4003
10.327559 -2.095754 2.896799 255 255 255 3 4003
10.266698 -2.157480 2.879728 255 255 255 3 4003
10.206551 -2.218484 2.862857 255 255 255 3 4003
10.147102 -2.278776 2.846183 255 255 255 3 4003
10.088344 -2.338370 2.829701 255 255 255 3 4003
10.030262 -2.397278 2.813410 255 255 255 3 4003
9.972844 -2.455511 2.797305 255 255 255 3 4003
9.916081 -2.513082 2.781383 255 255 255 3 4003
9.859960 -2.570000 2.765641 255 255 255 3 4003
9.804471 -2.626279 2.750077 255 255 255 3 4003
9.749602 -2.681927 2.734687 255 255 255 3 4003
9.695346 -2.736956 2.719468 255 255 255 3 4003
5.543718 -1.604968 1.554969 214 168 144 9 1030
5.486981 -1.628132 1.539055 208 166 141 9 1030
5.461663 -1.660027 1.531954 199 155 131 9 1030
5.439118 -1.692419 1.525630 81 69 61 9 1030
5.433451 -1.729859 1.524040 52 49 44 9 1030
9.476591 -3.085458 2.658109 190 177 118 4 1000
9.375630 -3.187881 2.629791 255 238 159 4 1000
9.325939 -3.238274 2.615853 255 238 159 4 1000
9.276770 -3.288135 2.602061 255 238 159 4 1000
9.228117 -3.337472 2.588414 255 239 159 4 1000
9.179972 -3.386296 2.574910 255 239 159 4 1000
9.132324 -3.434612 2.561544 255 239 159 4 1000
9.085171 -3.482430 2.548318 255 239 160 4 1000
9.038501 -3.529756 2.535228 255 239 160 4 1000
8.902643 -3.540934 2.497120 255 255 255 3 4003
8.857381 -3.586839 2.484425 255 255 255 3 4003
8.812575 -3.632280 2.471857 255 255 255 3 4003
8.768221 -3.677263 2.459416 255 255 255 3 4003
8.724313 -3.721797 2.447100 255 255 255 3 4003
8.680840 -3.765885 2.434906 255 255 255 3 4003
8.637799 -3.809537 2.422834 255 255 255 3 4003
8.595182 -3.852758 2.410880 255 255 255 3 4003
8.552985 -3.895556 2.399045 255 255 255 3 4003
8.511200 -3.937934 2.387324 255 255 255 3 4003
8.469821 -3.979901 2.375717 255 255 255 3 4003
8.428842 -4.021461 2.364223 255 255 255 3 4003
8.388257 -4.062621 2.352839 255 255 255 3 4003
8.348063 -4.103387 2.341565 255 255 255 3 4003
8.308250 -4.143764 2.330398 255 255 255 3 4003
8.268817 -4.183758 2.319337 255 255 255 3 4003
8.229754 -4.223373 2.308381 255 255 255 3 4003
8.191061 -4.262617 2.297527 255 255 255 3 4003
8.152729 -4.301492 2.286776 255 255 255 3 4003
8.114755 -4.340006 2.276124 255 255 255 3 4003
8.077132 -4.378163 2.265571 255 255 255 3 4003
8.039857 -4.415968 2.255116 255 255 255 3 4003
8.002924 -4.453425 2.244757 255 255 255 3 4003
7.966329 -4.490540 2.234492 255 255 255 3 4003
7.930067 -4.527316 2.224321 255 255 255 3 4003
7.905682 4.556176 2.160440 255 255 255 3 4004
7.941379 4.519451 2.170196 255 255 255 3 4004
7.977399 4.482391 2.180039 255 255 255 3 4004
8.013750 4.444995 2.189973 255 255 255 3 4004
8.050431 4.407255 2.199997 255 255 255 3 4004
8.087451 4.369169 2.210114 255 255 255 3 4004
8.124813 4.330731 2.220324 255 255 255 3 4004
8.162521 4.291936 2.230629 255 255 255 3 4004
8.200582 4.252779 2.241030 255 255 255 3 4004
8.238998 4.213256 2.251528 255 255 255 3 4004
8.277777 4.173360 2.262125 255 255 255 3 4004
8.316921 4.133087 2.272823 255 255 255 3 4004
8.356439 4.092432 2.283622 255 255 255 3 4004
8.396334 4.051388 2.294524 255 255 255 3 4004
8.436610 4.009950 2.305531 255 255 255 3 4004
8.477276 3.968113 2.316644 255 255 255 3 4004
8.518335 3.925871 2.327864 255 255 255 3 4004
8.559795 3.883218 2.339195 255 255 255 3 4004
8.601659 3.840146 2.350635 255 255 255 3 4004
8.643935 3.796652 2.362188 255 255 255 3 4004
8.686629 3.752729 2.373856 255 255 255 3 4004
8.729747 3.708369 2.385638 255 255 255 3 4004
8.773294 3.663566 2.397539 255 255 255 3 4004
8.817279 3.618315 2.409559 255 255 255 3 4004
8.861707 3.572607 2.421700 255 255 255 3 4004
8.906584 3.526437 2.433964 255 255 255 3 4004
8.951920 3.479796 2.446353 255 255 255 3 4004
8.997716 3.432678 2.458868 255 255 255 3 4004
9.043986 3.385076 2.471513 255 255 255 3 4004
9.090734 3.336981 2.484288 255 255 255 3 4004
9.137966 3.288387 2.497195 255 255 255 3 4004
9.185695 3.239285 2.510238 255 255 255 3 4004
6.019704 2.079382 1.645046 128 107 91 9 3001
6.035387 2.041253 1.649332 83 69 58 9 3001
6.082546 2.013316 1.662220 135 114 97 9 3001
6.168145 1.997144 1.685612 249 233 220 9 3001
9.432008 2.985875 2.577550 255 255 255 3 4004
9.482864 2.933554 2.591448 255 255 255 3 4004
9.534272 2.880665 2.605497 255 255 255 3 4004
9.586239 2.827199 2.619698 255 255 255 3 4004
9.638779 2.773148 2.634056 255 255 255 3 4004
9.691895 2.718501 2.648571 255 255 255 3 4004
9.745600 2.663248 2.663248 255 255 255 3 4004
9.799905 2.607380 2.678088 255 255 255 3 4004
9.854816 2.550885 2.693094 255 255 255 3 4004
9.910348 2.493753 2.708270 255 255 255 3 4004
9.966509 2.435975 2.723617 255 255 255 3 4004
10.023310 2.377537 2.739139 255 255 255 3 4004
10.080762 2.318430 2.754840 255 255 255 3 4004
10.138877 2.258641 2.770721 255 255 255 3 4004
10.197665 2.198159 2.786787 255 255 255 3 4004
10.257139 2.136971 2.803040 255 255 255 3 4004
10.317312 2.075066 2.819483 255 255 255 3 4004
10.378193 2.012429 2.836121 255 255 255 3 4004
10.439798 1.949050 2.852956 255 255 255 3 4004
10.502140 1.884913 2.869992 255 255 255 3 4004
10.565228 1.820006 2.887233 255 255 255 3 4004
10.629081 1.754314 2.904683 255 255 255 3 4004
10.693710 1.687823 2.922344 255 255 255 3 4004
5.917649 0.891305 1.617157 255 138 32 8 2000
5.920893 0.849073 1.618044 99 50 25 8 2000
5.799706 0.789848 1.584926 255 130 20 8 2000
10.960279 1.413573 2.995191 165 156 141 3 4004
11.029013 1.342861 3.013975 126 119 107 3 4004
11.098611 1.271256 3.032995 61 57 52 3 4004
11.169095 1.198741 3.052256 61 57 52 3 4004
11.240481 1.125300 3.071764 92 64 49 3 4004
10.191875 0.946786 2.785205 183 110 74 6 1010
10.259933 0.879081 2.803803 123 75 53 6 1010
10.412238 0.817004 2.845425 42 46 50 6 1010
10.481059 0.746780 2.864232 46 47 48 6 1010
11.611542 0.743548 3.173167 62 59 53 3 4004
11.688713 0.664153 3.194256 100 95 85 3 4004
11.766918 0.583695 3.215627 120 114 103 3 4004
11.846175 0.502154 3.237287 122 115 104 3 4004
11.926508 0.419507 3.259240 81 76 69 3 4004
12.007939 0.335731 3.281493 61 58 52 3 4004
10.750006 0.222997 2.937729 94 89 80 7 1006
12.174181 0.164700 3.326923 91 86 78 3 4004
11.601380 0.073244 3.170390 9 10 12 6 1010
10.622894 -0.009580 2.902992 37 67 115 7 1006
10.634385 -0.086320 2.906132 33 59 105 7 1006
10.726303 -0.164459 2.931251 26 49 88 7 1006
10.819821 -0.243960 2.956808 14 30 58 7 1006
10.907410 -0.324635 2.980743 54 51 48 7 1006
6.952318 -0.257083 1.899908 218 218 216 8 2001
11.744394 -0.519023 3.209472 41 46 50 6 1010
11.829050 -0.608113 3.232606 84 80 72 3 4003
11.749274 -0.688786 3.210806 244 231 209 3 4003
11.670568 -0.768378 3.189297 255 255 250 3 4003
11.592907 -0.846910 3.168074 245 233 211 3 4003
11.516274 -0.924404 3.147132 255 255 252 3 4003
11.440646 -1.000881 3.126465 255 255 252 3 4003
11.366008 -1.076359 3.106068 255 255 254 3 4003
11.292334 -1.150859 3.085934 255 255 255 3 4003
11.219612 -1.224400 3.066061 255 255 255 3 4003
11.147820 -1.296999 3.046442 255 255 255 3 4003
11.076938 -1.368675 3.027072 255 255 255 3 4003
11.006954 -1.439446 3.007947 255 255 255 3 4003
10.937849 -1.509328 2.989062 255 255 255 3 4003
10.869606 -1.578337 2.970413 255 255 255 3 4003
10.802209 -1.646491 2.951995 255 255 255 3 4003
10.735642 -1.713805 2.933803 255 255 255 3 4003
10.669892 -1.780295 2.915835 255 255 255 3 4003
10.604942 -1.845975 2.898086 255 255 255 3 4003
10.540777 -1.910860 2.880551 255 255 255 3 4003
10.477385 -1.974965 2.863228 255 255 255 3 4003
10.414751 -2.038303 2.846111 255 255 255 3 4003
10.352860 -2.100889 2.829198 255 255 255 3 4003
10.291700 -2.162735 2.812485 255 255 255 3 4003
10.231261 -2.223855 2.795968 255 255 255 3 4003
10.171527 -2.284261 2.779644 255 255 255 3 4003
10.112486 -2.343966 2.763509 255 255 255 3 4003
10.054126 -2.402981 2.747561 255 255 255 3 4003
9.996435 -2.461320 2.731795 255 255 255 3 4003
9.939405 -2.518993 2.716210 255 255 255 3 4003
9.883019 -2.576011 2.700801 255 255 255 3 4003
9.827271 -2.632386 2.685567 255 255 255 3 4003
9.772148 -2.688129 2.670503 255 255 255 3 4003
9.717640 -2.743250 2.655607 255 255 255 3 4003
9.663737 -2.797759 2.640877 255 255 255 3 4003
5.526581 -1.639882 1.510287 143 107 89 9 1030
5.483214 -1.666577 1.498436 215 168 142 9 1030
5.460975 -1.699220 1.492359 195 155 131 9 1030
5.465458 -1.740049 1.493584 185 145 122 9 1030
9.497676 -3.092323 2.595496 255 237 158 4 1000
9.396273 -3.194899 2.567785 255 238 159 4 1000
9.346359 -3.245364 2.554144 255 238 159 4 1000
9.296975 -3.295296 2.540649 255 238 159 4 1000
9.248111 -3.344704 2.527295 255 238 159 4 1000
9.199757 -3.393594 2.514080 255 238 159 4 1000
9.151905 -3.441976 2.501004 255 238 159 4 1000
9.104549 -3.489857 2.488062 255 238 159 4 1000
9.057681 -3.537246 2.475254 255 238 159 4 1000
8.921438 -3.548409 2.438022 255 255 255 3 4003
8.875984 -3.594373 2.425601 255 255 255 3 4003
8.830993 -3.639871 2.413306 255 255 255 3 4003
8.786453 -3.684910 2.401134 255 255 255 3 4003
8.742362 -3.729497 2.389085 255 255 255 3 4003
8.698709 -3.773638 2.377156 255 255 255 3 4003
8.655493 -3.817341 2.365345 255 255 255 3 4003
8.612701 -3.860611 2.353652 255 255 255 3 4003
8.570332 -3.903456 2.342073 255 255 255 3 4003
8.528377 -3.945882 2.330608 255 255 255 3 4003
8.486831 -3.987894 2.319254 255 255 255 3 4003
8.445688 -4.029499 2.308011 255 255 255 3 4003
8.404943 -4.070702 2.296876 255 255 255 3 4003
8.364588 -4.111510 2.285848 255 255 255 3 4003
8.324618 -4.151927 2.274925 255 255 255 3 4003
8.285029 -4.191961 2.264106 255 255 255 3 4003
8.245815 -4.231615 2.253390 255 255 255 3 4003
8.206969 -4.270895 2.242774 255 255 255 3 4003
8.168490 -4.309808 2.232259 255 255 255 3 4003
8.130368 -4.348357 2.221841 255 255 255 3 4003
8.092601 -4.386548 2.211520 255 255 255 3 4003
8.055183 -4.424386 2.201295 255 255 255 3 4003
8.018109 -4.461875 2.191163 255 255 255 3 4003
7.981375 -4.499021 2.181125 255 255 255 3 4003
7.944977 -4.535829 2.171178 255 255 255 3 4003
7.921816 4.565475 2.107692 255 255 255 3 4004
7.957660 4.528717 2.117229 255 255 255 3 4004
7.993829 4.491623 2.126852 255 255 255 3 4004
8.030330 4.454191 2.136563 255 255 255 3 4004
8.067163 4.416415 2.146363 255 255 255 3 4004
8.104338 4.378292 2.156254 255 255 255 3 4004
8.141855 4.339815 2.166236 255 255 255 3 4004
8.179723 4.300981 2.176311 255 255 255 3 4004
8.217944 4.261784 2.186480 255 255 255 3 4004
8.256524 4.222218 2.196745 255 255 255 3 4004
8.295468 4.182280 2.207106 255 255 255 3 4004
8.334781 4.141963 2.217566 255 255 255 3 4004
8.374468 4.101261 2.228125 255 255 255 3 4004
8.414536 4.060171 2.238786 255 255 255 3 4004
8.454988 4.018685 2.249548 255 255 255 3 4004
8.495831 3.976799 2.260415 255 255 255 3 4004
8.537071 3.934505 2.271388 255 255 255 3 4004
8.578712 3.891799 2.282467 255 255 255 3 4004
8.620764 3.848675 2.293655 255 255 255 3 4004
8.663228 3.805126 2.304953 255 255 255 3 4004
8.706113 3.761146 2.316363 255 255 255 3 4004
8.749425 3.716728 2.327887 255 255 255 3 4004
8.793170 3.671866 2.339526 255 255 255 3 4004
8.837355 3.626553 2.351282 255 255 255 3 4004
8.881986 3.580783 2.363156 255 255 255 3 4004
8.927068 3.534547 2.375151 255 255 255 3 4004
8.972612 3.487840 2.387268 255 255 255 3 4004
9.018623 3.440654 2.399510 255 255 255 3 4004
9.065108 3.392981 2.411878 255 255 255 3 4004
9.112076 3.344815 2.424374 255 255 255 3 4004
9.159532 3.296147 2.437001 255 255 255 3 4004
9.207484 3.246969 2.449759 255 255 255 3 4004
6.054695 2.091469 1.610922 192 162 138 9 3001
6.065498 2.051437 1.613797 105 88 74 9 3001
6.120210 2.025782 1.628353 170 144 122 9 3001
6.114708 1.979842 1.626890 26 45 22 9 3001
9.454983 2.993149 2.515609 255 255 255 3 4004
9.506088 2.940738 2.529206 255 255 255 3 4004
9.557749 2.887758 2.542951 255 255 255 3 4004
9.609975 2.834199 2.556846 255 255 255 3 4004
9.662773 2.780051 2.570894 255 255 255 3 4004
9.716156 2.725306 2.585097 255 255 255 3 4004
9.770131 2.669952 2.599458 255 255 255 3 4004
9.824709 2.613979 2.613979 255 255 255 3 4004
9.879902 2.557378 2.628664 255 255 255 3 4004
9.935717 2.500137 2.643513 255 255 255 3 4004
9.992167 2.442246 2.658533 255 255 255 3 4004
10.049261 2.383693 2.673723 255 255 255 3 4004
10.107012 2.324467 2.689089 255 255 255 3 4004
10.165430 2.264556 2.704631 255 255 255 3 4004
10.224528 2.203949 2.720355 255 255 255 3 4004
10.284317 2.142633 2.736263 255 255 255 3 4004
10.344810 2.080596 2.752357 255 255 255 3 4004
10.406017 2.017825 2.768643 255 255 255 3 4004
10.467953 1.954306 2.785121 255 255 255 3 4004
10.530632 1.890027 2.801798 255 255 255 3 4004
10.594066 1.824973 2.818675 255 255 255 3 4004
10.658267 1.759131 2.835757 255 255 255 3 4004
10.723253 1.692486 2.853047 255 255 255 3 4004
5.919848 0.891636 1.575045 240 117 19 8 2000
5.929204 0.850264 1.577534 255 153 31 8 2000
5.906340 0.804370 1.571451 87 82 75 8 2000
10.991317 1.417576 2.924368 164 156 141 3 4004
11.060439 1.346687 2.942759 198 187 169 3 4004
11.130439 1.274901 2.961384 196 185 168 3 4004
11.201328 1.202201 2.980244 162 153 139 3 4004
11.273128 1.128569 2.999347 116 109 99 3 4004
10.307333 0.957512 2.742386 56 51 53 6 1010
11.419519 0.978435 3.038297 187 177 161 3 4004
11.494152 0.901897 3.058154 220 208 190 3 4004
11.569766 0.824351 3.078272 228 216 196 3 4004
11.646383 0.745779 3.098656 155 147 134 3 4004
11.724020 0.666159 3.119313 128 121 109 3 4004
11.165926 0.553883 2.970825 28 31 35 6 1010
11.241952 0.476541 2.991053 31 35 38 6 1010
11.319019 0.398139 3.011557 8 10 11 6 1010
10.930903 0.305618 2.908295 16 17 18 7 1006
10.932508 0.226782 2.908721 26 30 32 7 1006
10.732512 0.145196 2.855510 58 64 68 7 1006
10.935713 0.069041 2.909574 31 36 39 7 1006
10.653855 -0.009608 2.834583 29 50 84 7 1006
10.665186 -0.086570 2.837597 32 60 109 7 1006
10.748416 -0.164798 2.859742 25 47 87 7 1006
10.832956 -0.244257 2.882235 18 36 69 7 1006
10.918839 -0.324975 2.905085 2 5 15 7 1006
6.973224 -0.257856 1.855308 218 218 216 8 2001
11.777606 -0.520491 3.133570 43 48 52 6 1010
11.862256 -0.609820 3.156092 103 97 88 3 4003
11.782033 -0.690706 3.134748 232 221 201 3 4003
11.702887 -0.770506 3.113690 255 255 250 3 4003
11.624798 -0.849240 3.092913 244 231 211 3 4003
11.547744 -0.926930 3.072412 255 255 254 3 4003
11.471704 -1.003598 3.052181 255 255 251 3 4003
11.396660 -1.079262 3.032215 255 255 252 3 4003
11.322591 -1.153943 3.012508 255 255 254 3 4003
11.249479 -1.227659 2.993056 255 255 254 3 4003
11.177305 -1.300430 2.973853 255 255 255 3 4003
11.106050 -1.372272 2.954895 255 255 255 3 4003
11.035699 -1.443205 2.936177 255 255 255 3 4003
10.966232 -1.513244 2.917695 255 255 255 3 4003
10.897637 -1.582408 2.899444 255 255 255 3 4003
10.829893 -1.650711 2.881420 255 255 255 3 4003
10.762985 -1.718170 2.863618 255 255 255 3 4003
10.696900 -1.784801 2.846035 255 255 255 3 4003
10.631622 -1.850619 2.828667 255 255 255 3 4003
10.567135 -1.915638 2.811510 255 255 255 3 4003
10.503427 -1.979873 2.794559 255 255 255 3 4003
10.440482 -2.043339 2.777812 255 255 255 3 4003
10.378286 -2.106048 2.761264 255 255 255 3 4003
10.316827 -2.168015 2.744912 255 255 255 3 4003
10.256092 -2.229252 2.728753 255 255 255 3 4003
10.196068 -2.289772 2.712783 255 255 255 3 4003
10.136742 -2.349588 2.696999 255 255 255 3 4003
10.078103 -2.408712 2.681397 255 255 255 3 4003
10.020138 -2.467156 2.665975 255 255 255 3 4003
9.962838 -2.524931 2.650730 255 255 255 3 4003
9.906187 -2.582050 2.635657 255 255 255 3 4003
9.850178 -2.638522 2.620755 255 255 255 3 4003
9.794799 -2.694360 2.606021 255 255 255 3 4003
9.740039 -2.749573 2.591451 255 255 255 3 4003
9.685887 -2.804172 2.577044 255 255 255 3 4003
9.632334 -2.858167 2.562795 255 255 255 3 4003
5.491540 -1.669108 1.461089 222 168 141 9 1030
5.462080 -1.699564 1.453250 203 156 132 9 1030
5.475187 -1.743147 1.456738 201 162 136 9 1030
9.518859 -3.099219 2.532604 255 237 158 4 1000
9.467662 -3.150862 2.518982 255 252 172 4 1000
9.417001 -3.201947 2.505503 255 237 158 4 1000
9.366869 -3.252486 2.492165 255 237 158 4 1000
9.317268 -3.302489 2.478968 255 237 158 4 1000
9.268190 -3.351966 2.465909 255 237 158 4 1000
9.219627 -3.400924 2.452988 255 237 158 4 1000
9.171570 -3.449372 2.440202 255 237 158 4 1000
9.124010 -3.497317 2.427548 255 238 159 4 1000
9.076941 -3.544768 2.415025 255 238 159 4 1000
8.940314 -3.555917 2.378674 255 255 255 3 4003
8.894669 -3.601939 2.366529 255 255 255 3 4003
8.849486 -3.647494 2.354508 255 255 255 3 4003
8.804761 -3.692588 2.342608 255 255 255 3 4003
8.760486 -3.737228 2.330828 255 255 255 3 4003
8.716654 -3.781422 2.319167 255 255 255 3 4003
8.673257 -3.825175 2.307620 255 255 255 3 4003
8.630291 -3.868496 2.296189 255 255 255 3 4003
8.587749 -3.911389 2.284870 255 255 255 3 4003
8.545624 -3.953861 2.273662 255 255 255 3 4003
8.503911 -3.995919 2.262564 255 255 255 3 4003
8.462602 -4.037568 2.251573 255 255 255 3 4003
8.421694 -4.078815 2.240689 255 255 255 3 4003
8.381178 -4.119664 2.229909 255 255 255 3 4003
8.341049 -4.160123 2.219233 255 255 255 3 4003
8.301305 -4.200196 2.208658 255 255 255 3 4003
8.261937 -4.239889 2.198184 255 255 255 3 4003
8.222940 -4.279206 2.187809 255 255 255 3 4003
8.184310 -4.318155 2.177531 255 255 255 3 4003
8.146041 -4.356740 2.167349 255 255 255 3 4003
8.108129 -4.394965 2.157262 255 255 255 3 4003
8.070567 -4.432836 2.147268 255 255 255 3 4003
8.033353 -4.470358 2.137367 255 255 255 3 4003
7.996480 -4.507535 2.127556 255 255 255 3 4003
7.959943 -4.544373 2.117835 255 255 255 3 4003
7.938017 4.574812 2.054728 255 255 255 3 4004
7.974007 4.538019 2.064044 255 255 255 3 4004
8.010326 4.500893 2.073445 255 255 255 3 4004
8.046977 4.463425 2.082932 255 255 255 3 4004
8.083964 4.425613 2.092505 255 255 255 3 4004
8.121295 4.387453 2.102168 255 255 255 3 4004
8.158970 4.348938 2.111921 255 255 255 3 4004
8.196997 4.310064 2.121764 255 255 255 3 4004
8.235381 4.270826 2.131699 255 255 255 3 4004
8.274125 4.231219 2.141728 255 255 255 3 4004
8.313235 4.191237 2.151851 255 255 255 3 4004
8.352717 4.150876 2.162071 255 255 255 3 4004
8.392575 4.110129 2.172388 255 255 255 3 4004
8.432817 4.068992 2.182805 255 255 255 3 4004
8.473446 4.027458 2.193321 255 255 255 3 4004
8.514467 3.985522 2.203940 255 255 247 3 4004
8.555889 3.943178 2.214662 255 255 235 3 4004
8.597716 3.900421 2.225488 255 255 234 3 4004
8.639953 3.857242 2.236421 255 255 255 3 4004
8.682608 3.813638 2.247462 255 255 255 3 4004
8.725685 3.769601 2.258613 255 255 255 3 4004
8.769192 3.725125 2.269874 255 255 255 3 4004
8.813136 3.680203 2.281249 255 255 255 3 4004
8.857521 3.634829 2.292738 255 255 255 3 4004
8.902356 3.588995 2.304343 255 255 255 3 4004
8.947648 3.542695 2.316067 255 255 255 3 4004
8.993402 3.495921 2.327910 255 255 255 3 4004
9.039627 3.448667 2.339875 255 255 255 3 4004
9.086330 3.400924 2.351964 255 255 255 3 4004
9.133517 3.352686 2.364179 228 234 228 3 4004
6.174906 2.222100 1.598352 87 136 75 9 3001
6.127748 2.160917 1.586146 84 131 73 9 3001
6.156867 2.126762 1.593683 236 201 171 9 3001
6.137902 2.075925 1.588774 78 65 55 9 3001
6.086123 2.014500 1.575371 24 43 20 9 3001
6.094955 1.973447 1.577658 29 51 25 9 3001
6.092915 1.928824 1.577129 28 49 24 9 3001
6.086904 1.883003 1.575574 32 55 27 9 3001
6.102982 1.843942 1.579735 102 159 89 9 3001
9.633826 2.841234 2.493682 255 255 255 3 4004
9.686888 2.786990 2.507417 255 255 255 3 4004
9.740538 2.732145 2.521304 255 255 255 3 4004
9.794786 2.676690 2.535346 255 255 255 3 4004
9.849641 2.620612 2.549545 255 255 255 3 4004
9.905113 2.563904 2.563903 255 255 255 3 4004
9.961215 2.506553 2.578425 255 255 255 3 4004
10.017956 2.448549 2.593112 255 255 255 3 4004
10.075346 2.389880 2.607968 255 255 254 3 4004
10.133398 2.330536 2.622994 255 255 255 3 4004
10.192123 2.270503 2.638195 255 255 255 3 4004
10.251533 2.209770 2.653573 255 255 255 3 4004
10.311639 2.148326 2.669131 255 255 255 3 4004
10.372454 2.086156 2.684873 255 255 255 3 4004
10.433990 2.023249 2.700801 255 255 255 3 4004
10.496262 1.959591 2.716920 255 255 254 3 4004
10.559279 1.895169 2.733232 255 255 255 3 4004
10.623060 1.829968 2.749742 255 255 255 3 4004
10.687615 1.763975 2.766451 255 255 255 3 4004
10.752959 1.697175 2.783365 243 232 229 3 4004
5.941024 0.894825 1.537813 238 117 25 8 2000
5.951212 0.853420 1.540450 255 150 37 8 2000
10.953876 1.491782 2.835372 124 117 106 3 4004
10.745307 1.385847 2.781385 29 32 35 6 1010
11.092047 1.350535 2.871137 181 172 156 3 4004
11.162445 1.278567 2.889359 252 240 219 3 4004
11.233747 1.205680 2.907816 247 234 214 3 4004
11.305963 1.131856 2.926508 214 204 186 3 4004
10.337521 0.960316 2.675831 60 50 50 6 1010
10.832580 0.928146 2.803975 36 40 44 6 1010
10.904116 0.855599 2.822492 36 40 44 6 1010
11.604356 0.826816 3.003746 89 84 78 3 4004
11.681433 0.748023 3.023697 175 165 151 3 4004
11.759539 0.668177 3.043915 143 136 123 3 4004
11.838697 0.587256 3.064405 158 150 136 3 4004
11.918929 0.505238 3.085173 158 150 136 3 4004
12.000255 0.422101 3.106223 62 58 52 3 4004
10.948634 0.306114 2.834015 5 6 6 7 1006
10.874859 0.225586 2.814919 30 32 32 7 1006
10.747079 0.145393 2.781843 56 58 58 7 1006
10.737802 0.067792 2.779442 88 95 95 7 1006
10.673771 -0.009626 2.762868 59 65 67 7 1006
10.676118 -0.086659 2.763475 30 58 103 7 1006
10.759517 -0.164968 2.785063 20 41 77 7 1006
10.844230 -0.244511 2.806990 19 37 71 7 1006
10.930290 -0.325316 2.829267 2 5 15 7 1006
6.992592 -0.258572 1.810008 138 138 136 8 2001
11.811001 -0.521966 3.057236 31 35 39 6 1010
11.895648 -0.611537 3.079146 110 104 95 3 4003
11.814974 -0.692638 3.058264 182 174 158 3 4003
11.355013 -0.747602 2.939205 135 135 134 10 1015
11.278515 -0.823943 2.919404 155 155 154 10 1015
11.220222 -0.900640 2.904315 127 127 127 10 1015
11.236653 -0.983034 2.908568 91 91 90 10 1015
11.290490 -1.069208 2.922503 119 119 118 10 1015
11.353009 -1.157043 2.938686 255 255 248 3 4003
11.279506 -1.230936 2.919660 255 255 255 3 4003
11.206947 -1.303879 2.900878 255 255 255 3 4003
11.135316 -1.375888 2.882337 255 255 255 3 4003
11.064593 -1.446984 2.864031 255 255 255 3 4003
10.994765 -1.517182 2.845956 255 255 255 3 4003
10.925813 -1.586499 2.828108 255 255 255 3 4003
10.857718 -1.654952 2.810482 255 255 255 3 4003
10.790468 -1.722557 2.793075 255 255 255 3 4003
10.724047 -1.789331 2.775882 255 255 255 3 4003
10.658438 -1.855287 2.758899 255 255 255 3 4003
10.593626 -1.920441 2.742123 255 255 255 3 4003
10.529599 -1.984807 2.725549 255 255 255 3 4003
10.466341 -2.048400 2.709175 255 255 255 3 4003
10.403837 -2.111233 2.692997 255 255 255 3 4003
10.342075 -2.173321 2.677010 255 255 255 3 4003
10.281044 -2.234675 2.661212 255 255 255 3 4003
10.220729 -2.295310 2.645599 255 255 255 3 4003
10.161116 -2.355238 2.630169 255 255 255 3 4003
10.102196 -2.414470 2.614918 255 255 255 3 4003
10.043955 -2.473020 2.599842 255 255 255 3 4003
9.986381 -2.530898 2.584939 255 255 255 3 4003
9.929463 -2.588117 2.570206 255 255 255 3 4003
9.873192 -2.644687 2.555641 255 255 255 3 4003
9.817554 -2.700619 2.541239 255 255 255 3 4003
9.762539 -2.755925 2.526999 255 255 255 3 4003
9.708138 -2.810614 2.512917 255 255 255 3 4003
9.654339 -2.864697 2.498991 240 240 239 3 4003
5.432473 -1.651154 1.406176 255 255 255 9 1030
5.430703 -1.689800 1.405718 249 249 247 9 1030
5.447200 -1.734236 1.409988 252 252 249 9 1030
5.489745 -1.787391 1.421001 245 245 242 9 1030
9.488703 -3.157864 2.456117 255 236 158 4 1000
9.437822 -3.209027 2.442947 255 236 158 4 1000
9.387469 -3.259640 2.429912 255 236 158 4 1000
9.337651 -3.309714 2.417017 255 237 158 4 1000
9.288359 -3.359260 2.404258 255 237 158 4 1000
9.239584 -3.408286 2.391632 255 237 158 4 1000
9.191318 -3.456799 2.379139 255 237 158 4 1000
9.143554 -3.504808 2.366775 255 237 158 4 1000
9.096284 -3.552321 2.354540 255 241 188 4 1000
8.959269 -3.563456 2.319074 255 255 255 3 4003
8.913429 -3.609537 2.307209 255 255 255 3 4003
8.868058 -3.655149 2.295465 255 255 255 3 4003
8.823146 -3.700298 2.283839 255 255 255 3 4003
8.778686 -3.744992 2.272331 255 255 255 3 4003
8.734671 -3.789238 2.260938 255 255 255 3 4003
8.691096 -3.833043 2.249659 255 255 255 3 4003
8.647954 -3.876413 2.238491 255 255 255 3 4003
8.605238 -3.919354 2.227434 255 255 255 3 4003
8.562941 -3.961874 2.216486 255 255 255 3 4003
8.521058 -4.003977 2.205645 255 255 255 3 4003
8.479585 -4.045671 2.194910 255 255 255 3 4003
8.438512 -4.086960 2.184278 255 255 255 3 4003
8.397835 -4.127852 2.173749 255 255 255 3 4003
8.357547 -4.168351 2.163321 255 255 255 3 4003
8.317645 -4.208463 2.152992 255 255 255 3 4003
8.278122 -4.248195 2.142762 255 255 255 3 4003
8.238974 -4.287550 2.132628 255 255 255 3 4003
8.200192 -4.326535 2.122590 255 255 255 3 4003
8.161776 -4.365155 2.112646 255 255 255 3 4003
8.123717 -4.403414 2.102794 255 255 255 3 4003
8.086011 -4.441319 2.093034 255 255 255 3 4003
8.048655 -4.478873 2.083365 255 255 255 3 4003
8.011640 -4.516081 2.073784 255 255 255 3 4003
7.974966 -4.552949 2.064291 255 255 255 3 4003
7.954284 4.584187 2.001546 255 255 255 3 4004
7.990423 4.547362 2.010640 255 255 255 3 4004
8.026892 4.510200 2.019817 255 255 255 3 4004
8.063695 4.472698 2.029078 255 255 255 3 4004
8.100837 4.434850 2.038424 255 255 255 3 4004
8.138322 4.396652 2.047856 255 255 255 3 4004
8.176157 4.358099 2.057377 255 255 255 3 4004
8.214344 4.319185 2.066986 255 255 255 3 4004
8.252892 4.279907 2.076685 255 255 255 3 4004
8.291800 4.240258 2.086476 255 255 255 3 4004
8.331078 4.200233 2.096359 255 255 255 3 4004
8.370730 4.159827 2.106337 255 255 255 3 4004
8.410763 4.119036 2.116410 255 255 255 3 4004
8.451178 4.077851 2.126580 255 255 255 3 4004
8.491984 4.036270 2.136848 255 255 238 3 4004
8.533187 3.994284 2.147216 255 255 233 3 4004
8.574791 3.951890 2.157685 255 253 231 3 4004
8.616802 3.909079 2.168257 255 253 231 3 4004
8.659228 3.865848 2.178932 255 248 225 3 4004
8.702073 3.822188 2.189713 255 255 255 3 4004
8.745344 3.778095 2.200602 255 255 255 3 4004
8.789049 3.733560 2.211599 255 255 255 3 4004
8.833191 3.688578 2.222707 255 255 255 3 4004
8.877781 3.643142 2.233927 255 255 255 3 4004
8.922821 3.597245 2.245260 255 255 255 3 4004
8.968322 3.550881 2.256710 255 255 255 3 4004
9.014289 3.504041 2.268277 255 255 255 3 4004
9.060729 3.456717 2.279963 255 255 255 3 4004
9.107651 3.408905 2.291770 255 255 255 3 4004
6.181501 2.269074 1.555459 76 119 66 9 3001
6.166607 2.219114 1.551711 84 132 73 9 3001
6.108562 2.154151 1.537105 86 135 75 9 3001
6.116652 2.112871 1.539141 213 180 153 9 3001
6.076368 2.055113 1.529004 78 123 68 9 3001
6.091095 2.016145 1.532710 52 83 44 9 3001
6.093298 1.972910 1.533264 24 43 20 9 3001
6.089664 1.927795 1.532350 24 43 20 9 3001
6.077472 1.880085 1.529282 24 43 20 9 3001
6.089362 1.839827 1.532274 75 119 65 9 3001
6.132704 1.808674 1.543180 118 182 103 9 3001
9.711124 2.793963 2.443622 255 255 255 3 4004
9.765044 2.739019 2.457190 255 255 255 3 4004
9.819565 2.683461 2.470909 255 255 255 3 4004
9.874701 2.627280 2.484783 255 255 255 3 4004
9.930456 2.570464 2.498813 255 255 249 3 4004
9.986845 2.513003 2.513002 255 255 238 3 4004
10.043880 2.454885 2.527354 255 254 230 3 4004
10.101567 2.396100 2.541870 255 253 230 3 4004
10.159924 2.336636 2.556554 255 254 231 3 4004
10.218956 2.276480 2.571409 255 255 255 3 4004
10.278680 2.215622 2.586437 255 255 255 3 4004
10.339106 2.154048 2.601642 255 255 255 3 4004
10.400248 2.091746 2.617027 255 255 255 3 4004
10.462113 2.028702 2.632594 255 255 255 3 4004
10.524722 1.964905 2.648349 255 255 255 3 4004
10.588084 1.900338 2.664293 255 255 254 3 4004
10.389398 1.789716 2.614297 227 227 219 8 1014
10.717125 1.768845 2.696763 191 191 191 3 4004
10.782832 1.701890 2.713297 255 255 255 3 4004
5.962579 0.898072 1.500371 242 121 28 8 2000
5.971346 0.856308 1.502577 255 162 55 8 2000
10.075362 1.372139 2.535276 249 249 249 8 1014
11.053920 1.425650 2.781512 163 154 140 3 4004
11.123837 1.354406 2.799105 62 58 53 3 4004
11.194642 1.282255 2.816921 134 126 115 3 4004
10.523409 1.129442 2.648018 32 35 39 6 1010
10.440018 1.045165 2.627035 28 31 35 6 1010
10.367888 0.963137 2.608885 67 52 51 6 1010
11.487112 0.984227 2.890516 252 239 217 3 4004
11.562634 0.907270 2.909520 248 236 215 3 4004
11.639153 0.829295 2.928775 234 223 203 3 4004
11.716695 0.750281 2.948287 158 150 137 3 4004
11.795275 0.670208 2.968060 159 151 137 3 4004
11.874916 0.589053 2.988100 156 148 135 3 4004
11.955642 0.506794 3.008413 157 149 135 3 4004
12.037470 0.423410 3.029003 139 131 119 3 4004
12.120428 0.338876 3.049878 61 58 52 3 4004
12.204536 0.253169 3.071043 176 167 152 3 4004
10.779557 0.145833 2.712473 131 124 112 7 1006
12.376307 0.078136 3.114265 153 144 131 3 4004
12.464015 -0.011241 3.136336 174 164 149 3 4004
10.687070 -0.086748 2.689201 33 60 107 7 1006
6.960819 -0.106725 1.751559 175 202 216 8 2001
6.911394 -0.155835 1.739123 180 208 221 8 2001
6.935480 -0.206419 1.745183 146 146 145 8 2001
6.976872 -0.257991 1.755599 122 122 121 8 2001
11.844604 -0.523451 2.980473 28 31 35 6 1010
11.929228 -0.613263 3.001766 97 92 84 3 4003
11.848099 -0.694579 2.981352 153 145 132 3 4003
11.396030 -0.750302 2.867597 149 124 80 10 1015
11.321279 -0.827067 2.848787 150 124 80 10 1015
11.247519 -0.902832 2.830227 150 124 80 10 1015
11.256151 -0.984740 2.832399 114 93 59 10 1015
11.350574 -1.074898 2.856159 115 94 60 10 1015
11.383593 -1.160160 2.864468 255 255 253 3 4003
11.309692 -1.234231 2.845872 255 255 255 3 4003
11.236747 -1.307346 2.827516 255 255 255 3 4003
11.164735 -1.379523 2.809396 255 255 255 3 4003
11.093640 -1.450782 2.791506 255 255 255 3 4003
11.023446 -1.521139 2.773843 255 255 255 3 4003
10.954135 -1.590611 2.756402 255 255 254 3 4003
10.885687 -1.659215 2.739179 255 255 255 3 4003
10.818093 -1.726967 2.722170 255 255 255 3 4003
10.751332 -1.793883 2.705371 255 255 255 3 4003
10.685389 -1.859978 2.688777 255 255 255 3 4003
10.620250 -1.925267 2.672387 255 255 255 3 4003
10.555902 -1.989765 2.656194 255 255 255 3 4003
10.492328 -2.053486 2.640198 255 255 255 3 4003
10.429514 -2.116444 2.624392 255 255 255 3 4003
10.367448 -2.178653 2.608774 255 255 255 3 4003
10.306117 -2.240125 2.593341 255 255 255 3 4003
10.245509 -2.300875 2.578090 255 255 255 3 4003
10.185608 -2.360914 2.563017 255 255 255 3 4003
10.126403 -2.420256 2.548119 255 255 255 3 4003
10.067883 -2.478912 2.533394 255 255 255 3 4003
10.010036 -2.536893 2.518838 255 255 255 3 4003
9.952849 -2.594212 2.504448 255 255 255 3 4003
9.896312 -2.650880 2.490221 255 255 255 3 4003
9.840415 -2.706908 2.476156 255 255 255 3 4003
9.785145 -2.762306 2.462248 255 255 255 3 4003
5.433652 -1.573103 1.367277 255 255 255 9 1030
5.390544 -1.599517 1.356429 254 254 252 9 1030
5.383321 -1.636215 1.354612 250 250 247 9 1030
5.395479 -1.678840 1.357671 252 252 249 9 1030
5.417346 -1.724731 1.363173 249 249 247 9 1030
5.484583 -1.785710 1.380092 219 219 217 9 1030
5.568633 -1.853255 1.401242 225 225 223 9 1030
9.458730 -3.216136 2.380111 255 236 157 4 1000
9.408161 -3.266824 2.367386 255 236 157 4 1000
9.358123 -3.316970 2.354795 255 236 157 4 1000
9.308614 -3.366586 2.342337 255 236 157 4 1000
9.259626 -3.415679 2.330010 255 227 151 4 1000
9.211152 -3.464258 2.317812 255 207 137 4 1000
9.163183 -3.512332 2.305742 255 211 140 4 1000
9.024816 -3.524411 2.270924 255 255 242 3 4003
8.978305 -3.571028 2.259221 255 255 255 3 4003
8.932272 -3.617167 2.247638 255 255 255 3 4003
8.886708 -3.662835 2.236172 255 255 255 3 4003
8.841607 -3.708040 2.224823 255 255 255 3 4003
8.796961 -3.752789 2.213589 255 255 255 3 4003
8.752764 -3.797087 2.202468 255 255 255 3 4003
8.709009 -3.840943 2.191458 255 255 255 3 4003
8.665688 -3.884362 2.180557 255 255 255 3 4003
8.622797 -3.927352 2.169764 255 255 255 3 4003
8.580328 -3.969918 2.159077 255 255 255 3 4003
8.538276 -4.012067 2.148496 255 255 255 3 4003
8.496634 -4.053805 2.138017 255 255 255 3 4003
8.455396 -4.095138 2.127641 255 255 255 3 4003
8.414557 -4.136072 2.117364 255 255 255 3 4003
8.374109 -4.176611 2.107186 255 255 255 3 4003
8.334048 -4.216763 2.097106 255 255 255 3 4003
8.294371 -4.256533 2.087122 255 255 255 3 4003
8.255068 -4.295925 2.077232 255 255 255 3 4003
8.216136 -4.334947 2.067436 255 255 255 3 4003
8.177569 -4.373602 2.057731 255 255 255 3 4003
8.139364 -4.411896 2.048117 255 255 255 3 4003
8.101514 -4.449834 2.038593 255 255 255 3 4003
8.064013 -4.487420 2.029157 255 255 255 3 4003
8.026858 -4.524660 2.019807 255 255 255 3 4003
7.990046 -4.561559 2.010544 255 255 255 3 4003
7.970618 4.593600 1.948147 255 255 255 3 4004
8.006907 4.556743 1.957016 255 255 255 3 4004
8.043526 4.519547 1.965966 255 255 255 3 4004
8.080482 4.482009 1.974999 255 255 255 3 4004
8.117780 4.444125 1.984115 255 255 255 3 4004
8.155421 4.405890 1.993316 255 255 255 3 4004
8.193415 4.367297 2.002602 255 255 255 3 4004
8.231766 4.328346 2.011975 255 255 255 3 4004
8.270475 4.289026 2.021436 255 255 255 3 4004
8.309551 4.249335 2.030987 255 255 255 3 4004
8.348999 4.209268 2.040629 255 255 255 3 4004
8.388822 4.168818 2.050362 255 255 255 3 4004
8.429027 4.127980 2.060189 255 255 255 3 4004
8.469620 4.086750 2.070111 255 255 255 3 4004
8.510604 4.045119 2.080128 255 252 230 3 4004
8.551988 4.003085 2.090243 255 251 228 3 4004
8.593777 3.960639 2.100456 255 254 230 3 4004
8.635975 3.917777 2.110770 255 253 229 3 4004
8.678589 3.874491 2.121186 255 253 231 3 4004
8.721627 3.830777 2.131705 255 255 255 3 4004
8.765093 3.786626 2.142329 255 255 255 3 4004
8.808996 3.742034 2.153060 255 255 255 3 4004
8.853339 3.696992 2.163898 255 255 255 3 4004
8.898132 3.651494 2.174846 255 255 255 3 4004
8.943381 3.605534 2.185905 255 255 255 3 4004
8.989091 3.559104 2.197078 255 255 255 3 4004
9.035271 3.512197 2.208365 255 255 255 3 4004
9.081930 3.464806 2.219769 255 255 255 3 4004
9.129070 3.416922 2.231291 255 255 255 3 4004
6.206011 2.278071 1.516848 24 43 20 9 3001
6.149614 2.212998 1.503064 79 125 69 9 3001
6.125785 2.160225 1.497240 83 131 72 9 3001
6.106425 2.109338 1.492508 83 130 72 9 3001
6.094699 2.061313 1.489642 84 131 72 9 3001
6.088030 2.015131 1.488012 81 126 70 9 3001
6.084907 1.970193 1.487248 74 117 64 9 3001
6.097496 1.930274 1.490326 65 104 56 9 3001
6.115022 1.891701 1.494609 24 43 20 9 3001
6.101159 1.843391 1.491221 82 129 71 9 3001
6.132704 1.808674 1.498931 97 150 84 9 3001
9.735482 2.800971 2.379508 255 255 255 3 4004
9.789673 2.745927 2.392753 255 255 255 3 4004
9.844470 2.690267 2.406146 255 255 255 3 4004
9.899885 2.633981 2.419690 255 255 255 3 4004
9.955928 2.577057 2.433388 255 252 230 3 4004
10.012608 2.519485 2.447241 255 252 230 3 4004
10.069935 2.461254 2.461253 255 252 228 3 4004
10.127926 2.402352 2.475427 255 252 230 3 4004
10.186586 2.342768 2.489765 255 252 230 3 4004
10.245932 2.282490 2.504270 255 255 255 3 4004
10.305972 2.221505 2.518945 255 255 255 3 4004
10.366720 2.159801 2.533792 255 255 255 3 4004
10.428188 2.097366 2.548816 255 255 255 3 4004
10.490391 2.034185 2.564019 255 255 255 3 4004
10.553338 1.970247 2.579405 237 226 206 3 4004
10.312809 1.850932 2.520616 61 62 63 8 1014
10.336241 1.780559 2.526343 255 111 98 8 1014
10.291231 1.698552 2.515342 255 106 94 8 1014
10.231347 1.614847 2.500705 188 75 67 8 1014
5.918256 0.891396 1.446516 238 233 222 8 2000
5.936644 0.851331 1.451011 255 147 27 8 2000
5.962816 0.812061 1.457408 255 164 81 8 2000
6.000983 0.773961 1.466736 245 171 107 8 2000
11.155807 1.358299 2.726658 252 239 218 3 4004
11.227022 1.285964 2.744064 248 235 215 3 4004
11.299150 1.212700 2.761693 180 171 156 3 4004
11.372213 1.138488 2.779551 227 215 197 3 4004
10.398477 0.965979 2.541554 69 53 50 6 1010
11.521209 0.987148 2.815968 249 236 214 3 4004
11.597180 0.909981 2.834536 244 231 211 3 4004
11.674160 0.831789 2.853352 248 235 213 3 4004
11.752171 0.752553 2.872419 186 176 160 3 4004
11.831229 0.672251 2.891742 186 175 160 3 4004
11.911359 0.590860 2.911327 156 147 133 3 4004
11.992579 0.508360 2.931178 158 149 135 3 4004
12.074918 0.424727 2.951303 155 147 133 3 4004
12.158394 0.339938 2.971706 152 144 130 3 4004
12.243032 0.253968 2.992393 181 173 157 3 4004
12.328857 0.166792 3.013370 186 175 160 3 4004
12.415895 0.078386 3.034643 175 165 151 3 4004
12.504168 -0.011277 3.056219 155 147 133 3 4004
12.477062 -0.101277 3.049594 45 43 39 3 4003
6.972037 -0.106897 1.704077 174 202 215 8 2001
6.920976 -0.156051 1.691597 173 201 214 8 2001
6.946828 -0.206757 1.697916 139 139 137 8 2001
7.003744 -0.258985 1.711827 94 94 93 8 2001
11.878398 -0.524945 2.903270 25 25 29 6 1010
11.962999 -0.614999 2.923949 130 124 112 3 4003
11.881413 -0.696532 2.904007 153 145 132 3 4003
11.434248 -0.752819 2.794713 149 123 80 10 1015
11.358997 -0.829822 2.776321 148 123 80 10 1015
11.284748 -0.905820 2.758173 154 128 83 10 1015
11.306877 -0.989178 2.763582 116 95 60 10 1015
11.402175 -1.079784 2.786874 93 77 52 10 1015
11.414340 -1.163294 2.789847 255 255 253 3 4003
11.340043 -1.237543 2.771688 255 255 255 3 4003
11.266706 -1.310831 2.753763 255 255 255 3 4003
11.194310 -1.383178 2.736068 255 255 255 3 4003
11.122842 -1.454601 2.718601 255 255 255 3 4003
11.052278 -1.525118 2.701354 255 255 255 3 4003
10.982604 -1.594745 2.684324 255 255 255 3 4003
10.913801 -1.663500 2.667508 255 255 255 3 4003
10.845858 -1.731400 2.650901 255 255 255 3 4003
10.778755 -1.798459 2.634500 255 255 255 3 4003
10.712477 -1.864693 2.618301 255 255 255 3 4003
10.647007 -1.930118 2.602299 255 255 255 3 4003
10.582335 -1.994748 2.586492 255 255 255 3 4003
10.518444 -2.058597 2.570876 255 255 255 3 4003
10.455317 -2.121680 2.555447 255 255 255 3 4003
10.392946 -2.184011 2.540202 255 255 255 3 4003
10.331314 -2.245602 2.525138 255 255 255 3 4003
10.270410 -2.306467 2.510252 255 255 255 3 4003
10.210217 -2.366619 2.495540 255 255 255 3 4003
10.150727 -2.426069 2.481000 255 255 255 3 4003
10.091927 -2.484832 2.466628 255 255 255 3 4003
10.033803 -2.542917 2.452422 255 255 255 3 4003
9.976346 -2.600337 2.438379 255 255 255 3 4003
9.919542 -2.657103 2.424495 255 255 255 3 4003
9.863382 -2.713226 2.410769 255 255 255 3 4003
9.807856 -2.768717 2.397197 249 249 248 3 4003
5.389734 -1.560388 1.317337 255 255 255 9 1030
5.373676 -1.594511 1.313412 242 242 239 9 1030
5.367003 -1.631255 1.311781 232 232 229 9 1030
5.375727 -1.672694 1.313914 238 238 236 9 1030
5.409630 -1.722275 1.322200 232 232 229 9 1030
5.504042 -1.792046 1.345276 192 191 190 9 1030
5.569059 -1.853397 1.361166 221 221 219 9 1030
9.479730 -3.223277 2.316996 255 235 157 4 1000
9.428942 -3.274040 2.304583 255 235 157 4 1000
9.378684 -3.324258 2.292299 255 235 157 4 1000
9.328958 -3.373944 2.280145 255 206 137 4 1000
9.279757 -3.423105 2.268120 255 206 137 4 1000
9.231072 -3.471750 2.256221 255 206 137 4 1000
9.182895 -3.519888 2.244445 255 206 137 4 1000
9.044130 -3.531954 2.210529 255 255 232 3 4003
8.997421 -3.578631 2.199112 255 255 232 3 4003
8.951193 -3.624829 2.187814 255 255 236 3 4003
8.905437 -3.670555 2.176630 255 255 255 3 4003
8.860146 -3.715815 2.165560 255 255 255 3 4003
8.815313 -3.760618 2.154602 255 255 255 3 4003
8.770931 -3.804968 2.143755 255 255 255 3 4003
8.726995 -3.848875 2.133016 255 255 255 3 4003
8.683496 -3.892344 2.122384 255 255 255 3 4003
8.640429 -3.935383 2.111858 255 255 255 3 4003
8.597787 -3.977996 2.101435 255 255 255 3 4003
8.555564 -4.020191 2.091115 255 255 255 3 4003
8.513753 -4.061973 2.080896 255 255 255 3 4003
8.472349 -4.103349 2.070777 255 255 255 3 4003
8.431347 -4.144324 2.060755 255 255 255 3 4003
8.390738 -4.184905 2.050830 255 255 255 3 4003
8.350519 -4.225097 2.041000 255 255 255 3 4003
8.310684 -4.264905 2.031263 255 255 255 3 4003
8.271227 -4.304335 2.021619 255 255 255 3 4003
8.232142 -4.343392 2.012066 255 255 255 3 4003
8.193426 -4.382082 2.002604 255 255 255 3 4003
8.155072 -4.420410 1.993229 255 255 255 3 4003
8.117076 -4.458381 1.983942 255 255 255 3 4003
8.079432 -4.496000 1.974741 255 255 255 3 4003
8.042135 -4.533271 1.965626 255 255 255 3 4003
8.005181 -4.570199 1.956594 255 255 255 3 4003
7.987020 4.603053 1.894527 248 238 229 3 4004
8.023458 4.566161 1.903170 255 255 255 3 4004
8.060229 4.528933 1.911893 255 255 255 3 4004
8.097340 4.491360 1.920695 255 255 255 3 4004
8.134791 4.453439 1.929579 255 255 255 3 4004
8.172594 4.415167 1.938546 255 255 255 3 4004
8.210748 4.376536 1.947596 255 255 255 3 4004
8.249260 4.337544 1.956731 255 255 255 3 4004
8.288136 4.298185 1.965952 255 255 255 3 4004
8.327378 4.258452 1.975260 255 255 255 3 4004
8.366996 4.218341 1.984658 255 255 255 3 4004
8.406992 4.177847 1.994145 255 255 255 3 4004
8.447371 4.136964 2.003723 255 255 255 3 4004
8.488141 4.095687 2.013393 255 255 255 3 4004
8.529305 4.054008 2.023158 255 252 230 3 4004
8.570871 4.011924 2.033017 255 251 229 3 4004
8.612844 3.969428 2.042973 255 252 231 3 4004
8.655231 3.926513 2.053028 255 254 231 3 4004
8.698037 3.883174 2.063181 255 254 232 3 4004
8.741268 3.839404 2.073436 255 255 234 3 4004
8.784931 3.795197 2.083792 255 255 255 3 4004
8.829032 3.750545 2.094253 255 255 255 3 4004
8.873579 3.705443 2.104820 255 255 255 3 4004
8.918578 3.659884 2.115494 255 255 255 3 4004
8.964035 3.613861 2.126276 255 255 255 3 4004
9.009958 3.567366 2.137169 255 255 255 3 4004
9.056354 3.520392 2.148174 255 255 255 3 4004
9.103230 3.472932 2.159293 255 255 255 3 4004
9.150593 3.424977 2.170528 255 255 255 3 4004
6.254483 2.295864 1.483568 188 190 188 9 3001
6.172108 2.221093 1.464029 26 46 22 9 3001
6.111163 2.155068 1.449572 79 124 68 9 3001
6.104820 2.108784 1.448068 80 126 69 9 3001
6.084982 2.058026 1.443362 78 123 68 9 3001
6.082296 2.013233 1.442725 74 116 64 9 3001
6.090631 1.972046 1.444702 69 110 60 9 3001
6.116161 1.936183 1.450758 58 93 50 9 3001
6.142531 1.900211 1.457013 27 47 23 9 3001
6.125814 1.850841 1.453048 88 138 77 9 3001
6.146123 1.812631 1.457865 96 150 84 9 3001
9.759962 2.808014 2.315070 255 255 255 3 4004
9.814425 2.752870 2.327989 255 255 255 3 4004
9.869502 2.697108 2.341053 255 255 255 3 4004
9.925200 2.640716 2.354265 255 255 255 3 4004
9.981528 2.583684 2.367626 255 253 230 3 4004
10.038504 2.526001 2.381141 255 254 231 3 4004
10.096128 2.467656 2.394809 255 252 230 3 4004
10.154422 2.408637 2.408637 255 252 231 3 4004
10.213391 2.348933 2.422624 255 252 229 3 4004
10.273049 2.288531 2.436775 255 255 255 3 4004
10.333409 2.227419 2.451092 255 255 255 3 4004
10.394482 2.165585 2.465579 255 255 255 3 4004
10.456281 2.103016 2.480238 255 255 255 3 4004
10.518819 2.039698 2.495072 255 250 228 3 4004
10.582110 1.975618 2.510085 155 147 134 3 4004
10.346828 1.857038 2.454276 54 55 56 8 1014
10.532290 1.814332 2.498267 143 133 131 8 1014
10.322012 1.703633 2.448389 229 76 67 8 1014
10.230594 1.614728 2.426705 238 98 83 8 1014
5.911140 0.890324 1.402127 243 133 69 8 2000
5.926223 0.849837 1.405705 255 193 151 8 2000
5.958013 0.811407 1.413245 255 158 43 8 2000
6.000810 0.773938 1.423397 255 150 30 8 2000
11.187963 1.362214 2.653793 248 236 215 3 4004
11.259588 1.289694 2.670783 249 236 214 3 4004
11.332138 1.216240 2.687992 248 234 214 3 4004
11.405629 1.141833 2.705424 239 227 206 3 4004
10.429226 0.968835 2.473820 65 49 47 6 1010
11.555509 0.990087 2.740975 231 218 198 3 4004
11.631935 0.912708 2.759104 245 232 212 3 4004
11.709379 0.834299 2.777474 248 234 212 3 4004
11.787862 0.754839 2.796090 185 176 160 3 4004
11.867403 0.674306 2.814957 193 182 165 3 4004
11.948025 0.592679 2.834080 184 174 159 3 4004
12.029750 0.509936 2.853466 187 177 162 3 4004
12.112599 0.426052 2.873118 124 118 106 3 4004
12.145427 0.339575 2.880904 99 89 76 1 4000
12.152235 0.252084 2.882519 83 74 62 1 4000
12.159050 0.164495 2.884136 115 104 88 1 4000
12.165871 0.076808 2.885754 115 105 89 1 4000
12.172700 -0.010978 2.887374 100 91 78 1 4000
11.027907 -0.089514 2.615828 60 54 47 7 1006
12.186383 -0.186845 2.890620 115 105 90 1 4000
6.960903 -0.156951 1.651132 158 158 156 8 2001
6.969795 -0.207440 1.653241 167 167 166 8 2001
12.164498 -0.449819 2.885428 226 215 194 3 4003
11.918238 -0.526706 2.827015 22 24 27 6 1010
11.996961 -0.616745 2.845688 126 119 109 3 4003
11.914912 -0.698496 2.826226 153 145 132 3 4003
11.472722 -0.755352 2.721338 148 122 79 10 1015
11.396967 -0.832596 2.703369 147 122 78 10 1015
11.323607 -0.908939 2.685968 155 129 84 10 1015
11.358065 -0.993656 2.694141 116 95 60 10 1015
11.520943 -1.091032 2.732776 61 57 51 3 4003
11.445256 -1.166444 2.714823 255 255 251 3 4003
11.370556 -1.240873 2.697104 255 255 253 3 4003
11.296825 -1.314335 2.679615 255 255 251 3 4003
11.224043 -1.386852 2.662351 255 255 253 3 4003
11.152195 -1.458440 2.645309 255 255 255 3 4003
11.081260 -1.529117 2.628483 255 255 255 3 4003
11.011221 -1.598901 2.611870 255 255 255 3 4003
10.942060 -1.667808 2.595465 255 255 255 3 4003
10.873766 -1.735855 2.579266 255 255 255 3 4003
10.806318 -1.803058 2.563267 255 255 255 3 4003
10.739701 -1.869432 2.547465 255 255 255 3 4003
10.673901 -1.934993 2.531857 255 255 255 3 4003
10.608902 -1.999756 2.516440 255 255 255 3 4003
10.544691 -2.063734 2.501209 255 255 255 3 4003
10.481251 -2.126943 2.486161 255 255 255 3 4003
10.418570 -2.189395 2.471292 255 255 255 3 4003
10.356634 -2.251106 2.456601 255 255 255 3 4003
10.295431 -2.312087 2.442084 255 255 255 3 4003
10.234946 -2.372351 2.427737 255 255 255 3 4003
10.175168 -2.431911 2.413558 255 255 255 3 4003
10.116086 -2.490780 2.399543 255 255 255 3 4003
10.057684 -2.548969 2.385690 255 255 255 3 4003
9.999953 -2.606490 2.371996 255 255 255 3 4003
9.942882 -2.663354 2.358459 255 255 255 3 4003
9.886457 -2.719573 2.345075 255 255 255 3 4003
5.472899 -1.544977 1.298176 253 252 251 9 1030
5.387479 -1.559735 1.277914 255 255 255 9 1030
5.375977 -1.595194 1.275186 234 234 232 9 1030
5.373263 -1.633158 1.274542 213 213 211 9 1030
5.388856 -1.676779 1.278241 198 198 196 9 1030
5.420283 -1.725667 1.285695 202 202 200 9 1030
5.536927 -1.802753 1.313363 200 196 193 9 1030
5.578570 -1.856562 1.323240 213 213 212 9 1030
9.500828 -3.230450 2.253602 255 234 156 4 1000
9.449815 -3.281288 2.241502 255 234 156 4 1000
9.399336 -3.331578 2.229528 255 235 157 4 1000
9.349391 -3.381333 2.217681 255 205 137 4 1000
9.299974 -3.430563 2.205960 255 205 136 4 1000
9.251079 -3.479275 2.194362 255 205 136 4 1000
9.202693 -3.527477 2.182885 255 205 136 4 1000
9.063530 -3.539530 2.149875 255 255 234 3 4003
9.016621 -3.586267 2.138748 255 255 233 3 4003
8.970195 -3.632524 2.127736 255 254 231 3 4003
8.924244 -3.678307 2.116837 255 255 253 3 4003
8.878762 -3.723623 2.106048 255 255 255 3 4003
8.833741 -3.768479 2.095369 255 255 255 3 4003
8.789174 -3.812882 2.084798 255 255 255 3 4003
8.745055 -3.856841 2.074333 255 255 255 3 4003
8.701377 -3.900360 2.063972 255 255 255 3 4003
8.658133 -3.943446 2.053715 255 255 255 3 4003
8.615315 -3.986106 2.043559 255 255 255 3 4003
8.572921 -4.028347 2.033502 255 255 255 3 4003
8.530941 -4.070173 2.023545 255 255 255 3 4003
8.489369 -4.111592 2.013684 255 255 255 3 4003
8.448203 -4.152610 2.003919 255 255 255 3 4003
8.407433 -4.193231 1.994248 255 255 255 3 4003
8.367053 -4.233462 1.984670 255 255 255 3 4003
8.327061 -4.273309 1.975184 255 255 255 3 4003
8.287448 -4.312776 1.965788 255 255 255 3 4003
8.248211 -4.351870 1.956481 255 255 255 3 4003
8.209344 -4.390595 1.947262 255 255 255 3 4003
8.170841 -4.428958 1.938129 255 255 255 3 4003
8.132698 -4.466962 1.929081 255 255 255 3 4003
8.094910 -4.504613 1.920118 255 255 255 3 4003
8.057469 -4.541914 1.911237 255 255 255 3 4003
8.020376 -4.578875 1.902438 255 255 255 3 4003
6.426689 3.703808 1.478045 223 169 95 10 1005
8.040077 4.575620 1.849102 255 255 255 3 4004
8.077002 4.538356 1.857594 255 255 255 3 4004
8.114267 4.500749 1.866164 255 255 255 3 4004
8.151877 4.462792 1.874814 255 255 255 3 4004
8.189837 4.424482 1.883544 255 255 255 3 4004
8.228153 4.385814 1.892356 255 255 255 3 4004
8.266829 4.346783 1.901251 255 255 255 3 4004
8.305871 4.307382 1.910230 255 255 255 3 4004
8.345284 4.267608 1.919295 255 255 255 3 4004
8.385071 4.227454 1.928445 255 255 255 3 4004
8.425241 4.186916 1.937683 255 255 255 3 4004
8.465796 4.145988 1.947011 255 255 255 3 4004
8.506743 4.104663 1.956428 255 255 255 3 4004
8.548089 4.062936 1.965937 255 255 255 3 4004
8.589840 4.020803 1.975539 255 249 227 3 4004
8.631999 3.978255 1.985235 255 252 229 3 4004
8.674575 3.935288 1.995027 255 250 227 3 4004
8.717572 3.891895 2.004915 255 251 228 3 4004
8.760999 3.848070 2.014903 255 250 227 3 4004
8.804860 3.803806 2.024991 255 255 255 3 4004
8.849162 3.759096 2.035179 255 255 255 3 4004
8.893911 3.713934 2.045471 255 255 255 3 4004
8.939118 3.668314 2.055868 255 255 255 3 4004
8.984785 3.622226 2.066371 255 255 255 3 4004
9.030920 3.575666 2.076981 255 255 255 3 4004
9.077534 3.528625 2.087702 255 255 255 3 4004
9.124629 3.481096 2.098533 255 255 255 3 4004
9.172215 3.433071 2.109477 255 255 255 3 4004
9.220304 3.384543 2.120537 255 255 255 3 4004
6.260242 2.252809 1.439765 24 43 20 9 3001
6.127951 2.160988 1.409340 68 109 59 9 3001
6.118947 2.113663 1.407269 63 101 55 9 3001
6.106747 2.065387 1.404463 69 110 60 9 3001
6.099442 2.018908 1.402783 65 103 56 9 3001
6.107436 1.977488 1.404622 61 97 52 9 3001
6.132583 1.941382 1.410405 24 43 20 9 3001
6.182063 1.912440 1.421785 50 81 43 9 3001
6.149116 1.857881 1.414208 90 141 78 9 3001
6.161791 1.817252 1.417123 96 149 83 9 3001
9.784565 2.815092 2.250309 255 255 255 3 4004
9.839306 2.759848 2.262898 255 255 255 3 4004
9.894661 2.703983 2.275629 255 255 255 3 4004
9.950645 2.647486 2.288505 255 255 255 3 4004
10.007264 2.590345 2.301526 255 255 255 3 4004
10.064531 2.532551 2.314697 255 252 230 3 4004
10.122459 2.474092 2.328019 255 251 228 3 4004
10.181056 2.414955 2.341496 255 251 228 3 4004
10.240336 2.355130 2.355129 255 251 228 3 4004
10.300311 2.294604 2.368923 255 255 255 3 4004
10.360992 2.233365 2.382878 255 255 255 3 4004
10.422393 2.171400 2.397000 255 255 255 3 4004
10.484526 2.108696 2.411289 255 255 255 3 4004
10.547402 2.045240 2.425750 255 245 224 3 4004
10.611039 1.981019 2.440386 196 186 169 3 4004
10.394334 1.865564 2.390547 38 43 47 8 1014
10.740643 1.850223 2.470192 214 204 185 3 4004
10.806640 1.783620 2.485371 197 187 170 3 4004
10.565851 1.667643 2.429993 52 55 57 8 1014
5.937716 0.894327 1.365589 155 149 142 8 2000
5.961694 0.854924 1.371103 195 108 64 8 2000
6.011663 0.818714 1.382596 150 106 91 8 2000
10.080528 1.300109 2.318376 244 244 244 8 1014
11.220305 1.366152 2.580508 249 236 215 3 4004
11.292347 1.293447 2.597076 249 235 214 3 4004
11.365321 1.219802 2.613859 248 235 214 3 4004
11.439244 1.145199 2.630861 234 222 202 3 4004
10.460476 0.971738 2.405758 70 52 47 6 1010
11.590013 0.993043 2.665535 248 236 215 3 4004
11.666897 0.915451 2.683218 224 213 193 3 4004
11.744809 0.836823 2.701136 193 182 166 3 4004
11.763423 0.753274 2.705417 163 146 124 1 4000
11.769808 0.668761 2.706886 146 130 110 1 4000
11.776201 0.584156 2.708356 127 112 95 1 4000
11.782600 0.499459 2.709828 109 98 83 1 4000
11.789005 0.414670 2.711301 146 134 116 1 4000
11.795419 0.329789 2.712776 107 97 84 1 4000
11.801839 0.244816 2.714252 83 78 70 1 4000
11.237021 0.152021 2.584352 66 61 54 7 1006
11.814699 0.074591 2.717210 133 121 104 1 4000
11.048962 -0.009964 2.541101 125 116 102 7 1006
11.049011 -0.089686 2.541113 92 84 74 7 1006
11.302265 -0.173290 2.599358 3 4 5 7 1006
6.990384 -0.157616 1.607687 205 205 203 8 2001
7.003691 -0.208449 1.610748 221 221 219 8 2001
11.853452 -0.438317 2.726123 141 126 108 1 4000
11.859936 -0.524129 2.727614 142 127 107 1 4000
11.866427 -0.610035 2.729107 101 90 76 1 4000
11.872925 -0.696035 2.730601 183 165 140 1 4000
11.511457 -0.757902 2.647469 147 122 79 10 1015
11.435191 -0.835388 2.629929 148 122 79 10 1015
11.363912 -0.912174 2.613535 156 130 84 10 1015
11.409720 -0.998175 2.624071 115 94 60 10 1015
11.552439 -1.094014 2.656894 61 57 52 3 4003
11.476338 -1.169612 2.639392 255 255 251 3 4003
11.401234 -1.244220 2.622119 255 255 253 3 4003
11.327106 -1.317858 2.605071 255 255 252 3 4003
11.253934 -1.390545 2.588242 255 255 253 3 4003
11.181704 -1.462299 2.571630 255 255 253 3 4003
11.110394 -1.533137 2.555230 255 255 253 3 4003
11.039989 -1.603078 2.539038 255 255 253 3 4003
10.970468 -1.672138 2.523049 255 255 255 3 4003
10.901818 -1.740333 2.507261 255 255 252 3 4003
10.834023 -1.807680 2.491669 255 255 255 3 4003
10.767065 -1.874195 2.476269 255 255 255 3 4003
10.700930 -1.939893 2.461059 255 255 255 3 4003
10.635602 -2.004788 2.446035 255 255 255 3 4003
10.571069 -2.068897 2.431193 255 255 255 3 4003
10.507311 -2.132231 2.416530 255 255 255 3 4003
10.444319 -2.194806 2.402042 255 255 255 3 4003
10.382080 -2.256636 2.387728 255 255 255 3 4003
10.320575 -2.317733 2.373583 255 255 255 3 4003
10.259795 -2.378110 2.359605 255 255 255 3 4003
10.199729 -2.437781 2.345790 255 255 255 3 4003
10.140360 -2.496757 2.332136 255 255 255 3 4003
10.081678 -2.555050 2.318640 255 255 255 3 4003
10.023673 -2.612672 2.305300 255 255 255 3 4003
9.966331 -2.669636 2.292112 255 255 255 3 4003
5.613991 -1.544300 1.291137 255 255 255 9 1030
5.444400 -1.536932 1.252133 254 254 253 9 1030
5.401165 -1.563697 1.242190 252 252 250 9 1030
5.388515 -1.598915 1.239281 223 223 221 9 1030
5.391368 -1.638661 1.239937 190 190 188 9 1030
5.423102 -1.687435 1.247234 165 165 163 9 1030
5.445778 -1.733784 1.252449 179 179 178 9 1030
5.559869 -1.810223 1.278689 226 186 168 9 1030
5.618636 -1.869896 1.292204 229 205 156 9 1030
9.522020 -3.237656 2.189926 255 233 156 4 1000
9.470776 -3.288566 2.178140 255 234 156 4 1000
9.420077 -3.338930 2.166480 255 229 153 4 1000
9.369914 -3.388756 2.154944 255 205 136 4 1000
9.320281 -3.438053 2.143529 255 205 136 4 1000
9.271172 -3.486832 2.132234 255 205 136 4 1000
9.222577 -3.535099 2.121058 255 204 136 4 1000
9.083012 -3.547138 2.088960 255 255 233 3 4003
9.035900 -3.593935 2.078125 255 255 233 3 4003
8.989276 -3.640251 2.067402 255 253 232 3 4003
8.943131 -3.686091 2.056790 255 255 245 3 4003
8.897457 -3.731463 2.046285 255 255 255 3 4003
8.852247 -3.776374 2.035888 255 255 255 3 4003
8.807493 -3.820830 2.025595 255 255 255 3 4003
8.763190 -3.864839 2.015406 255 255 255 3 4003
8.719332 -3.908408 2.005319 255 255 255 3 4003
8.675909 -3.951543 1.995332 255 255 255 3 4003
8.632916 -3.994250 1.985445 255 255 255 3 4003
8.590349 -4.036536 1.975655 255 255 255 3 4003
8.548200 -4.078407 1.965961 255 255 255 3 4003
8.506460 -4.119869 1.956362 255 255 255 3 4003
8.465127 -4.160929 1.946856 255 255 255 3 4003
8.424194 -4.201591 1.937442 255 255 255 3 4003
8.383654 -4.241862 1.928118 255 255 255 3 4003
8.343503 -4.281747 1.918884 255 255 255 3 4003
8.303735 -4.321251 1.909738 255 255 255 3 4003
8.264343 -4.360382 1.900678 255 255 255 3 4003
8.225324 -4.399142 1.891704 255 255 255 3 4003
8.186671 -4.437539 1.882815 255 255 255 3 4003
8.148380 -4.475576 1.874009 255 255 255 3 4003
8.110446 -4.513258 1.865284 255 255 255 3 4003
8.072864 -4.550592 1.856641 255 255 255 3 4003
8.035627 -4.587581 1.848077 255 255 255 3 4003
6.439968 3.711461 1.434634 224 171 95 10 1005
8.056767 4.585118 1.794808 255 255 255 3 4004
8.093844 4.547820 1.803068 255 255 255 3 4004
8.131264 4.510177 1.811404 255 255 255 3 4004
8.169034 4.472185 1.819818 255 255 255 3 4004
8.207154 4.433837 1.828310 255 255 255 3 4004
8.245633 4.395131 1.836882 255 255 255 3 4004
8.284474 4.356060 1.845535 255 255 255 3 4004
8.323683 4.316619 1.854269 255 255 255 3 4004
8.363265 4.276803 1.863087 255 255 255 3 4004
8.403225 4.236607 1.871989 255 255 255 3 4004
8.443568 4.196024 1.880976 255 255 255 3 4004
8.484301 4.155050 1.890050 255 255 255 3 4004
8.525429 4.113679 1.899212 255 255 255 3 4004
8.566957 4.071904 1.908463 255 255 255 3 4004
8.608891 4.029721 1.917805 255 246 225 3 4004
8.651238 3.987122 1.927239 255 249 226 3 4004
8.694004 3.944103 1.936766 255 249 227 3 4004
8.737196 3.900656 1.946388 255 249 226 3 4004
8.780818 3.856775 1.956106 255 248 226 3 4004
8.824878 3.812454 1.965921 255 255 252 3 4004
8.869383 3.767686 1.975835 255 255 255 3 4004
8.914338 3.722464 1.985850 255 255 255 3 4004
8.959751 3.676781 1.995967 255 255 255 3 4004
9.005630 3.630630 2.006187 255 255 255 3 4004
9.051982 3.584005 2.016513 255 255 255 3 4004
9.098812 3.536897 2.026945 255 255 255 3 4004
9.146131 3.489299 2.037486 255 255 255 3 4004
9.193943 3.441203 2.048137 255 255 255 3 4004
9.242258 3.392602 2.058901 255 255 255 3 4004
6.296574 2.265884 1.402690 139 141 137 9 3001
6.171383 2.176304 1.374801 66 105 57 9 3001
6.130470 2.117644 1.365687 72 114 62 9 3001
6.119964 2.069858 1.363346 71 112 61 9 3001
6.123844 2.026985 1.364211 65 103 56 9 3001
6.139321 1.987811 1.367658 32 56 28 9 3001
6.154121 1.948200 1.370955 32 55 27 9 3001
6.206855 1.920110 1.382703 63 100 54 9 3001
6.174300 1.865490 1.375451 84 131 72 9 3001
6.178833 1.822278 1.376461 96 149 83 9 3001
9.809293 2.822206 2.185219 227 230 226 3 4004
9.864310 2.766862 2.197475 255 255 255 3 4004
9.919950 2.710894 2.209870 255 255 255 3 4004
9.976219 2.654290 2.222405 255 255 255 3 4004
10.033132 2.597041 2.235084 255 255 255 3 4004
10.090696 2.539135 2.247907 255 255 255 3 4004
10.148926 2.480560 2.260879 255 251 229 3 4004
10.207832 2.421306 2.274002 255 249 228 3 4004
10.267426 2.361360 2.287277 255 254 232 3 4004
10.327719 2.300709 2.300709 255 255 255 3 4004
10.388724 2.239343 2.314299 255 255 255 3 4004
10.450454 2.177246 2.328051 255 255 254 3 4004
10.512922 2.114408 2.341967 255 255 255 3 4004
10.576142 2.050813 2.356050 206 195 177 3 4004
10.437410 1.948604 2.325145 84 81 77 8 1014
10.374090 1.861931 2.311039 87 87 88 8 1014
10.429272 1.796585 2.323332 142 136 125 8 1014
10.836811 1.788599 2.414120 130 123 111 3 4004
10.903999 1.721014 2.429087 214 189 168 3 4004
6.046196 0.910666 1.346913 243 119 15 8 2000
6.058656 0.868828 1.349689 255 153 35 8 2000
11.110656 1.513133 2.475124 62 58 53 3 4004
10.258725 1.323092 2.285339 61 67 72 8 1014
10.299894 1.254085 2.294511 175 166 153 8 1014
11.325294 1.297220 2.522939 249 236 216 3 4004
11.398698 1.223384 2.539291 191 179 159 3 4004
11.404715 1.141742 2.540632 163 145 123 1 4000
10.495122 0.974957 2.338001 37 41 45 6 1010
11.416725 0.978196 2.543307 179 163 139 1 4000
11.422739 0.896293 2.544647 178 162 139 1 4000
11.428761 0.814305 2.545988 135 122 103 1 4000
11.434787 0.732229 2.547331 142 128 109 1 4000
11.440821 0.650068 2.548675 179 163 141 1 4000
11.446861 0.567819 2.550021 175 159 135 1 4000
11.452907 0.485483 2.551368 164 146 123 1 4000
11.458960 0.403061 2.552716 231 209 180 1 4000
11.465019 0.320551 2.554066 181 164 143 1 4000
10.936007 0.226855 2.436218 72 76 77 7 1006
10.955656 0.148215 2.440595 74 80 83 7 1006
10.997726 0.069433 2.449967 67 73 75 7 1006
11.033018 -0.009950 2.457829 78 81 81 7 1006
10.913404 -0.088585 2.431182 87 90 88 7 1006
11.060740 -0.169587 2.464004 51 54 54 7 1006
7.011826 -0.158099 1.562027 208 208 205 8 2001
7.027302 -0.209152 1.565474 221 221 219 8 2001
11.075472 -0.409549 2.467286 123 112 96 7 1006
11.525963 -0.509370 2.567642 225 201 171 1 4000
11.532091 -0.592847 2.569007 200 178 151 1 4000
11.538229 -0.676414 2.570375 220 198 169 1 4000
11.544373 -0.760069 2.571743 173 154 129 1 4000
11.473674 -0.838200 2.555994 141 117 75 10 1015
11.404503 -0.915433 2.540585 156 129 84 10 1015
11.461864 -1.002737 2.553363 113 92 58 10 1015
11.569010 -1.095584 2.577232 117 105 89 1 4000
11.507589 -1.172797 2.563549 255 255 247 3 4003
11.432076 -1.247586 2.546727 255 255 252 3 4003
11.357549 -1.321400 2.530125 255 255 251 3 4003
11.283985 -1.394258 2.513737 255 255 254 3 4003
11.211369 -1.466178 2.497560 255 255 253 3 4003
11.139683 -1.537179 2.481591 255 255 252 3 4003
11.068905 -1.607277 2.465823 255 255 252 3 4003
10.999022 -1.676490 2.450255 255 255 254 3 4003
10.930016 -1.744834 2.434883 255 255 251 3 4003
10.861871 -1.812327 2.419702 255 255 255 3 4003
10.794569 -1.878983 2.404709 255 255 255 3 4003
10.728096 -1.944818 2.389901 255 255 255 3 4003
10.662437 -2.009847 2.375274 255 255 255 3 4003
10.597578 -2.074085 2.360826 255 255 255 3 4003
10.533503 -2.137546 2.346551 255 255 255 3 4003
10.470198 -2.200245 2.332449 255 255 255 3 4003
10.407649 -2.262194 2.318515 255 255 255 3 4003
10.345842 -2.323408 2.304746 255 255 255 3 4003
10.284765 -2.383898 2.291140 255 255 255 3 4003
10.224406 -2.443679 2.277694 255 255 255 3 4003
10.164752 -2.502763 2.264405 255 255 255 3 4003
10.105788 -2.561160 2.251270 255 255 255 3 4003
10.047504 -2.618884 2.238286 255 255 255 3 4003
9.989892 -2.675947 2.225451 255 255 255 3 4003
5.592874 -1.538491 1.245926 255 255 255 9 1030
5.452650 -1.539261 1.214688 255 255 255 9 1030
5.415000 -1.567703 1.206301 244 244 241 9 1030
5.404724 -1.603724 1.204012 214 214 212 9 1030
5.417445 -1.646587 1.206845 179 179 178 9 1030
5.454969 -1.697351 1.215204 171 171 170 9 1030
5.475151 -1.743135 1.219700 170 171 169 9 1030
5.577419 -1.815937 1.242483 211 211 209 9 1030
9.595344 -3.193355 2.137556 255 233 155 4 1000
9.543306 -3.244894 2.125964 255 233 155 4 1000
9.491832 -3.295878 2.114497 255 233 155 4 1000
9.440913 -3.346315 2.103154 255 227 151 4 1000
9.390528 -3.396211 2.091929 255 204 135 4 1000
9.340677 -3.445577 2.080824 255 204 135 4 1000
9.291352 -3.494421 2.069836 255 204 135 4 1000
9.242546 -3.542753 2.058964 255 203 135 4 1000
9.102578 -3.554779 2.027783 255 253 230 3 4003
9.055264 -3.601638 2.017243 255 253 231 3 4003
9.008441 -3.648012 2.006812 255 252 229 3 4003
8.962099 -3.693909 1.996488 255 255 249 3 4003
8.916231 -3.739337 1.986270 255 255 255 3 4003
8.870831 -3.784301 1.976156 255 255 255 3 4003
8.825890 -3.828810 1.966145 255 255 255 3 4003
8.781402 -3.872871 1.956235 255 255 255 3 4003
8.737361 -3.916489 1.946424 255 255 255 3 4003
8.693758 -3.959672 1.936710 255 255 255 3 4003
8.650590 -4.002427 1.927094 255 255 255 3 4003
8.607848 -4.044759 1.917572 255 255 255 3 4003
8.565525 -4.086674 1.908144 255 255 255 3 4003
8.523618 -4.128179 1.898808 255 255 255 3 4003
8.482119 -4.169281 1.889563 255 255 255 3 4003
8.441021 -4.209983 1.880408 255 255 255 3 4003
8.400320 -4.250294 1.871341 255 255 255 3 4003
8.360008 -4.290217 1.862361 255 255 255 3 4003
8.320084 -4.329760 1.853467 255 255 255 3 4003
8.280538 -4.368926 1.844657 255 255 255 3 4003
8.241365 -4.407722 1.835930 255 255 255 3 4003
8.202563 -4.446153 1.827286 255 255 255 3 4003
8.164124 -4.484222 1.818723 255 255 255 3 4003
8.126042 -4.521938 1.810240 255 255 255 3 4003
8.088316 -4.559302 1.801836 255 255 255 3 4003
8.050937 -4.596322 1.793509 255 255 255 3 4003
6.453303 3.719146 1.391042 222 168 92 10 1005
8.073524 4.594654 1.740289 255 255 255 3 4004
8.110757 4.557323 1.748315 255 255 255 3 4004
8.148335 4.519645 1.756415 255 255 255 3 4004
8.186262 4.481616 1.764590 255 255 255 3 4004
8.224545 4.443233 1.772842 255 255 255 3 4004
8.263187 4.404488 1.781172 255 255 255 3 4004
8.302195 4.365377 1.789580 255 255 255 3 4004
8.341572 4.325896 1.798068 255 255 255 3 4004
8.381324 4.286038 1.806637 255 255 255 3 4004
8.421456 4.245799 1.815288 255 255 255 3 4004
8.461976 4.205172 1.824022 255 255 255 3 4004
8.502887 4.164152 1.832840 255 255 255 3 4004
8.544195 4.122734 1.841745 255 255 255 3 4004
8.585907 4.080912 1.850736 255 255 255 3 4004
8.628027 4.038678 1.859815 255 255 255 3 4004
8.670564 3.996029 1.868984 255 247 224 3 4004
8.713522 3.952957 1.878244 255 248 225 3 4004
8.756907 3.909456 1.887596 255 248 225 3 4004
8.800728 3.865520 1.897041 255 246 223 3 4004
8.844989 3.821142 1.906582 255 249 226 3 4004
8.889696 3.776315 1.916219 255 255 255 3 4004
8.934858 3.731032 1.925954 255 255 255 3 4004
8.980482 3.685288 1.935789 255 255 255 3 4004
9.026573 3.639073 1.945724 255 255 255 3 4004
9.073142 3.592383 1.955762 255 255 255 3 4004
9.120192 3.545207 1.965904 255 255 255 3 4004
9.167732 3.497540 1.976151 255 255 255 3 4004
9.215773 3.449373 1.986506 255 255 255 3 4004
9.264318 3.400699 1.996970 255 255 255 3 4004
9.313376 3.351509 2.007545 255 255 255 3 4004
6.189196 2.182586 1.334112 67 107 58 9 3001
6.145949 2.122991 1.324790 72 114 62 9 3001
6.134917 2.074915 1.322412 70 111 61 9 3001
6.139111 2.032038 1.323316 65 104 56 9 3001
6.152878 1.992201 1.326284 61 98 53 9 3001
6.174457 1.954638 1.330935 39 64 33 9 3001
6.230850 1.927533 1.343091 67 107 58 9 3001
6.191558 1.870704 1.334622 80 126 69 9 3001
6.197730 1.827851 1.335952 95 149 83 9 3001
6.235656 1.794045 1.344127 151 170 147 9 3001
9.889443 2.773912 2.131720 255 255 255 3 4004
9.945368 2.717840 2.143774 255 255 255 3 4004
10.001927 2.661130 2.155966 255 255 255 3 4004
10.059133 2.603771 2.168297 255 255 255 3 4004
10.117000 2.545753 2.180770 255 255 254 3 4004
10.175532 2.487063 2.193388 255 248 226 3 4004
10.234748 2.427690 2.206152 255 248 225 3 4004
10.294658 2.367623 2.219066 255 255 239 3 4004
10.355271 2.306847 2.232131 255 255 255 3 4004
10.416603 2.245352 2.245352 255 255 254 3 4004
10.478667 2.183124 2.258730 255 255 255 3 4004
10.541473 2.120150 2.272268 255 255 253 3 4004
10.605039 2.056417 2.285970 206 195 178 3 4004
10.669374 1.991910 2.299838 247 233 213 3 4004
10.734495 1.926616 2.313875 177 168 152 3 4004
10.800417 1.860520 2.328084 233 221 202 3 4004
10.867152 1.793607 2.342470 177 170 154 3 4004
10.100726 1.594230 2.177263 144 144 134 8 1014
6.064590 0.913437 1.307253 237 116 28 8 2000
6.075711 0.871274 1.309650 255 152 33 8 2000
11.067238 1.507220 2.385599 198 177 150 1 4000
10.283386 1.326272 2.216636 39 41 42 8 1014
10.296565 1.253680 2.219477 111 106 100 8 1014
11.084209 1.269606 2.389257 171 158 138 1 4000
11.089879 1.190239 2.390480 182 167 145 1 4000
11.095554 1.110791 2.391703 177 159 136 1 4000
10.529997 0.978196 2.269794 35 39 42 6 1010
11.106921 0.951651 2.394153 172 157 137 1 4000
11.112614 0.871959 2.395380 188 173 151 1 4000
11.118312 0.792185 2.396609 238 218 189 1 4000
11.124015 0.712329 2.397838 248 227 199 1 4000
11.129725 0.632391 2.399069 223 204 177 1 4000
11.135441 0.552371 2.400301 239 216 185 1 4000
11.141163 0.472269 2.401534 242 215 184 1 4000
11.146890 0.392084 2.402768 245 224 194 1 4000
11.152624 0.311817 2.404005 245 221 190 1 4000
10.945398 0.227050 2.359336 39 43 44 7 1006
11.164108 0.151035 2.406480 229 209 180 1 4000
11.169860 0.070520 2.407720 211 190 162 1 4000
11.175616 -0.010079 2.408961 55 48 40 1 4000
10.835499 -0.087953 2.335647 79 81 78 7 1006
11.187148 -0.171525 2.411446 57 51 43 1 4000
7.033396 -0.158586 1.516084 210 210 208 8 2001
7.051208 -0.209864 1.519923 221 221 219 8 2001
11.115510 -0.411029 2.396004 164 150 129 7 1006
11.210283 -0.495419 2.416433 234 211 181 1 4000
11.216083 -0.576602 2.417683 228 203 174 1 4000
11.221886 -0.657869 2.418934 239 218 190 1 4000
11.227697 -0.739220 2.420187 239 222 195 1 4000
11.233514 -0.820655 2.421441 231 212 184 1 4000
11.239338 -0.902175 2.422696 228 206 177 1 4000
11.245167 -0.983779 2.423953 234 213 183 1 4000
11.251001 -1.065468 2.425210 227 205 174 1 4000
11.256842 -1.147242 2.426469 219 196 167 1 4000
11.262690 -1.229101 2.427730 228 203 173 1 4000
11.268543 -1.311045 2.428992 234 210 181 1 4000
11.274401 -1.393074 2.430254 226 201 172 1 4000
11.241193 -1.470079 2.423096 255 255 245 3 4003
11.169126 -1.541242 2.407562 255 255 254 3 4003
11.097975 -1.611498 2.392225 255 255 255 3 4003
11.027725 -1.680865 2.377082 255 255 255 3 4003
10.958359 -1.749359 2.362130 255 255 253 3 4003
10.889862 -1.816997 2.347365 255 255 255 3 4003
10.822213 -1.883795 2.332783 255 255 255 3 4003
10.755401 -1.949768 2.318381 255 255 255 3 4003
10.689409 -2.014931 2.304156 255 255 255 3 4003
10.624222 -2.079299 2.290105 255 255 255 3 4003
10.559825 -2.142888 2.276224 255 255 255 3 4003
10.496203 -2.205710 2.262510 255 255 255 3 4003
10.433344 -2.267779 2.248960 255 255 255 3 4003
10.371233 -2.329110 2.235572 255 255 255 3 4003
10.309857 -2.389714 2.222342 255 255 255 3 4003
10.249204 -2.449606 2.209268 255 255 255 3 4003
10.189261 -2.508797 2.196347 255 255 255 3 4003
10.130013 -2.567300 2.183576 255 255 255 3 4003
10.071450 -2.625126 2.170952 255 255 255 3 4003
10.013564 -2.682288 2.158474 255 255 255 3 4003
5.621504 -1.546367 1.211744 252 252 249 9 1030
5.465690 -1.542942 1.178157 254 254 254 9 1030
5.428287 -1.571550 1.170094 234 234 232 9 1030
5.422863 -1.609107 1.168925 201 201 199 9 1030
5.460591 -1.659701 1.177057 178 178 177 9 1030
5.487181 -1.707374 1.182789 183 183 181 9 1030
5.534571 -1.762053 1.193004 162 161 160 9 1030
5.593739 -1.821251 1.205758 207 207 205 9 1030
9.616960 -3.200549 2.072983 255 231 155 4 1000
9.564690 -3.252165 2.061716 255 231 155 4 1000
9.512983 -3.303222 2.050571 255 231 155 4 1000
9.461837 -3.353731 2.039546 255 203 135 4 1000
9.411232 -3.403699 2.028638 255 203 135 4 1000
9.361161 -3.453133 2.017845 255 203 135 4 1000
9.311621 -3.502044 2.007166 255 203 135 4 1000
9.170245 -3.515039 1.976692 255 228 190 3 4003
9.122227 -3.562453 1.966341 255 252 229 3 4003
9.074711 -3.609372 1.956099 255 253 229 3 4003
9.027685 -3.655805 1.945962 255 252 231 3 4003
8.981147 -3.701760 1.935931 255 255 255 3 4003
8.935084 -3.747243 1.926002 255 255 255 3 4003
8.889492 -3.792263 1.916174 255 255 255 3 4003
8.844362 -3.836824 1.906446 255 255 255 3 4003
8.799688 -3.880936 1.896816 255 255 255 3 4003
8.755465 -3.924604 1.887284 255 255 255 3 4003
8.711682 -3.967836 1.877846 255 255 255 3 4003
8.668335 -4.010637 1.868502 255 255 255 3 4003
8.625418 -4.053015 1.859251 255 255 255 3 4003
8.582924 -4.094975 1.850092 255 255 255 3 4003
8.540847 -4.136524 1.841022 255 255 255 3 4003
8.499180 -4.177667 1.832040 255 255 255 3 4003
8.457916 -4.218410 1.823146 255 255 255 3 4003
8.417052 -4.258760 1.814337 255 255 255 3 4003
8.376581 -4.298722 1.805614 255 255 255 3 4003
8.336498 -4.338302 1.796973 255 255 255 3 4003
8.296797 -4.377504 1.788416 255 255 255 3 4003
8.257470 -4.416335 1.779939 255 255 255 3 4003
8.218515 -4.454800 1.771542 255 255 255 3 4003
8.179927 -4.492903 1.763224 255 255 255 3 4003
8.141700 -4.530651 1.754984 255 255 255 3 4003
8.103827 -4.568046 1.746820 255 255 255 3 4003
8.066305 -4.605095 1.738732 255 255 255 3 4003
6.466692 3.726863 1.347270 220 167 91 10 1005
8.090352 4.604231 1.685543 255 255 255 3 4004
8.127741 4.566866 1.693332 255 255 255 3 4004
8.165478 4.529154 1.701194 255 255 255 3 4004
8.203565 4.491089 1.709129 255 255 255 3 4004
8.242009 4.452668 1.717139 255 255 255 3 4004
8.280816 4.413885 1.725224 255 255 255 3 4004
8.319990 4.374734 1.733385 255 255 255 3 4004
8.359536 4.335213 1.741624 255 255 255 3 4004
8.399462 4.295313 1.749943 255 255 255 3 4004
8.439769 4.255031 1.758340 255 255 255 3 4004
8.480465 4.214360 1.766819 255 255 255 3 4004
8.521555 4.173295 1.775379 255 255 255 3 4004
8.563045 4.131829 1.784023 255 255 255 3 4004
8.604941 4.089959 1.792752 255 255 236 3 4004
8.647250 4.047676 1.801567 255 248 226 3 4004
8.689976 4.004975 1.810468 255 249 227 3 4004
8.733128 3.961851 1.819458 236 223 202 3 4004
8.776709 3.918296 1.828538 235 223 204 3 4004
8.820727 3.874304 1.837709 222 210 191 3 4004
8.865191 3.829869 1.846972 217 206 187 3 4004
8.910103 3.784984 1.856329 221 210 191 3 4004
8.955473 3.739641 1.865782 255 255 233 3 4004
9.001308 3.693834 1.875331 255 255 255 3 4004
9.047615 3.647556 1.884979 255 255 255 3 4004
9.094399 3.600799 1.894726 255 255 255 3 4004
9.141673 3.553557 1.904575 255 255 255 3 4004
9.189438 3.505821 1.914526 255 255 255 3 4004
9.237704 3.457582 1.924582 255 255 255 3 4004
9.286483 3.408835 1.934744 255 255 255 3 4004
9.335777 3.359571 1.945014 255 255 255 3 4004
6.214816 2.191621 1.294794 53 85 45 9 3001
6.170689 2.131536 1.285600 73 115 63 9 3001
6.157849 2.082671 1.282925 70 111 61 9 3001
6.157159 2.038013 1.282782 68 108 59 9 3001
6.169331 1.997528 1.285317 67 107 58 9 3001
6.200856 1.962995 1.291885 47 77 40 9 3001
6.254595 1.934879 1.303081 75 118 65 9 3001
6.226206 1.881173 1.297167 30 52 26 9 3001
6.218424 1.833954 1.295545 95 148 82 9 3001
6.249866 1.798133 1.302096 87 137 76 9 3001
9.914705 2.780998 2.065628 255 255 255 3 4004
9.970915 2.724821 2.077339 255 255 255 3 4004
10.027767 2.668005 2.089183 255 255 255 3 4004
10.085270 2.610537 2.101164 255 255 252 3 4004
10.143436 2.552406 2.113282 255 255 241 3 4004
10.202278 2.493601 2.125541 255 246 223 3 4004
10.261807 2.434109 2.137943 255 246 224 3 4004
10.322033 2.373919 2.150491 255 255 250 3 4004
10.382972 2.313018 2.163187 255 255 255 3 4004
10.444633 2.251394 2.176033 255 255 255 3 4004
10.507033 2.189034 2.189034 255 255 255 3 4004
10.570181 2.125924 2.202190 255 255 250 3 4004
10.634093 2.062051 2.215505 205 194 177 3 4004
10.698784 1.997401 2.228983 249 236 216 3 4004
10.743832 1.928292 2.238368 163 149 131 1 4000
10.749158 1.851690 2.239478 127 114 96 1 4000
10.754490 1.775012 2.240589 165 148 126 1 4000
10.759826 1.698258 2.241700 142 126 106 1 4000
6.084043 0.916367 1.267549 236 115 19 8 2000
6.093823 0.873871 1.269586 255 152 32 8 2000
10.775867 1.467539 2.245043 229 204 172 1 4000
10.781227 1.390480 2.246159 216 192 161 1 4000
10.331079 1.257882 2.152375 130 120 109 8 1014
10.791959 1.236131 2.248395 216 195 169 1 4000
10.797332 1.158841 2.249514 194 173 147 1 4000
10.802711 1.081475 2.250635 140 123 102 1 4000
10.565110 0.981458 2.201133 37 40 44 6 1010
10.813486 0.926510 2.252880 247 219 187 1 4000
10.818882 0.848911 2.254004 219 194 166 1 4000
10.824283 0.771235 2.255129 240 212 181 1 4000
10.829688 0.693482 2.256256 245 221 190 1 4000
10.835100 0.615650 2.257383 247 220 188 1 4000
10.840517 0.537741 2.258512 241 212 179 1 4000
10.845939 0.459754 2.259641 248 220 188 1 4000
10.851368 0.381689 2.260772 255 229 195 1 4000
10.856800 0.303546 2.261904 251 226 193 1 4000
10.862240 0.225325 2.263037 245 219 187 1 4000
10.867683 0.147025 2.264171 251 224 192 1 4000
10.873134 0.068646 2.265307 252 227 193 1 4000
10.878589 -0.009811 2.266443 243 216 184 1 4000
10.819221 -0.087821 2.254075 15 15 14 7 1006
10.889516 -0.166961 2.268720 213 192 166 1 4000
7.055286 -0.159079 1.469897 212 212 210 8 2001
7.075701 -0.210593 1.474151 220 220 218 8 2001
10.905946 -0.403280 2.272143 247 228 207 1 4000
8.080936 -0.357123 1.683581 255 255 255 6 1019
8.085263 -0.415651 1.684482 255 255 255 6 1019
8.089594 -0.474242 1.685385 255 255 255 6 1019
8.093833 -0.532889 1.686268 251 239 226 6 1019
10.933443 -0.798734 2.277872 246 222 191 1 4000
10.938959 -0.878064 2.279021 231 204 172 1 4000
10.944480 -0.957474 2.280171 240 215 183 1 4000
10.950007 -1.036964 2.281323 242 220 190 1 4000
10.955540 -1.116535 2.282475 238 213 183 1 4000
10.961078 -1.196186 2.283629 232 203 170 1 4000
10.966620 -1.275918 2.284784 237 208 175 1 4000
10.972172 -1.355730 2.285941 234 206 175 1 4000
10.977725 -1.435623 2.287097 231 207 177 1 4000
10.983287 -1.515598 2.288256 237 213 183 1 4000
10.988852 -1.595653 2.289416 234 208 177 1 4000
10.994425 -1.675789 2.290577 227 201 171 1 4000
10.986852 -1.753908 2.288999 207 203 185 3 4003
10.917996 -1.821692 2.274654 255 255 253 3 4003
10.849999 -1.888631 2.260487 255 255 255 3 4003
10.782845 -1.954743 2.246496 255 255 255 3 4003
10.716518 -2.020041 2.232678 255 255 255 3 4003
10.650999 -2.084540 2.219028 255 255 255 3 4003
10.586278 -2.148256 2.205544 255 255 255 3 4003
10.522339 -2.211202 2.192223 255 255 254 3 4003
10.459167 -2.273392 2.179061 255 255 255 3 4003
10.396749 -2.334840 2.166057 255 255 255 3 4003
10.335073 -2.395559 2.153207 255 255 255 3 4003
10.274123 -2.455562 2.140509 255 255 255 3 4003
10.213888 -2.514861 2.127960 255 255 255 3 4003
10.154355 -2.573468 2.115557 255 255 255 3 4003
10.095511 -2.631397 2.103297 255 255 255 3 4003
10.037348 -2.688658 2.091179 255 255 255 3 4003
5.660899 -1.557204 1.179391 255 255 254 9 1030
5.483075 -1.547850 1.142342 226 176 147 9 1030
5.452693 -1.578615 1.136012 194 150 126 9 1030
5.452026 -1.617760 1.135873 158 124 103 9 1030
5.509543 -1.674580 1.147857 201 201 199 9 1030
5.509372 -1.714279 1.147821 180 180 178 9 1030
5.584227 -1.777862 1.163416 188 188 186 9 1030
5.608519 -1.826063 1.168477 202 202 200 9 1030
9.638673 -3.207775 2.008118 255 230 154 4 1000
9.586167 -3.259467 1.997179 255 230 154 4 1000
9.534229 -3.310600 1.986359 255 230 155 4 1000
9.482853 -3.361181 1.975655 255 201 134 4 1000
9.432028 -3.411220 1.965066 255 202 134 4 1000
9.381736 -3.460723 1.954588 255 201 134 4 1000
9.331978 -3.509700 1.944222 255 202 134 4 1000
9.190190 -3.522684 1.914682 255 251 228 3 4003
9.141964 -3.570160 1.904634 255 251 228 3 4003
9.094241 -3.617140 1.894692 255 250 227 3 4003
9.047014 -3.663633 1.884852 255 252 229 3 4003
9.000276 -3.709645 1.875115 255 255 255 3 4003
8.954018 -3.755184 1.865477 255 255 255 3 4003
8.908232 -3.800257 1.855938 255 255 255 3 4003
8.862912 -3.844871 1.846497 255 255 255 3 4003
8.818052 -3.889035 1.837150 255 255 255 3 4003
8.773643 -3.932753 1.827898 255 255 255 3 4003
8.729679 -3.976033 1.818739 255 255 255 3 4003
8.686153 -4.018881 1.809671 255 255 255 3 4003
8.643061 -4.061305 1.800693 255 255 255 3 4003
8.600392 -4.103309 1.791803 255 255 255 3 4003
8.558144 -4.144901 1.783001 255 255 255 3 4003
8.516307 -4.186086 1.774285 255 255 255 3 4003
8.474878 -4.226870 1.765654 255 255 255 3 4003
8.433851 -4.267260 1.757106 255 255 255 3 4003
8.393219 -4.307261 1.748641 255 255 255 3 4003
8.352976 -4.346877 1.740257 255 255 255 3 4003
8.313118 -4.386116 1.731953 255 255 255 3 4003
8.273638 -4.424982 1.723727 255 255 255 3 4003
8.234531 -4.463480 1.715580 255 255 255 3 4003
8.195792 -4.501617 1.707509 255 255 255 3 4003
8.157417 -4.539397 1.699514 255 255 255 3 4003
8.119398 -4.576823 1.691593 255 255 255 3 4003
8.081733 -4.613903 1.683746 255 255 255 3 4003
6.480139 3.734612 1.303315 217 165 89 10 1005
6.510020 3.704862 1.309325 221 169 93 10 1005
8.144796 4.576449 1.638119 255 255 255 3 4004
8.182691 4.538702 1.645741 255 255 255 3 4004
8.220940 4.500601 1.653433 255 255 255 3 4004
8.259549 4.462143 1.661198 255 255 255 3 4004
8.298520 4.423321 1.669037 255 255 255 3 4004
8.337863 4.384132 1.676949 255 255 255 3 4004
8.377580 4.344570 1.684937 255 255 255 3 4004
8.417676 4.304628 1.693002 255 255 255 3 4004
8.458159 4.264303 1.701144 255 255 255 3 4004
8.499033 4.223588 1.709365 255 255 255 3 4004
8.540304 4.182477 1.717665 255 255 255 3 4004
8.581978 4.140965 1.726047 255 244 222 3 4004
8.624060 4.099046 1.734511 232 221 200 3 4004
8.666557 4.056714 1.743058 215 204 186 3 4004
8.709476 4.013962 1.751690 215 205 186 3 4004
8.752821 3.970785 1.760408 215 205 186 3 4004
8.796600 3.927176 1.769213 215 204 187 3 4004
8.840819 3.883129 1.778106 215 204 186 3 4004
8.885485 3.838637 1.787090 216 205 186 3 4004
8.930604 3.793692 1.796164 216 204 187 3 4004
8.976183 3.748289 1.805331 239 228 207 3 4004
9.022231 3.702420 1.814593 255 247 223 3 4004
9.068754 3.656078 1.823950 255 255 255 3 4004
9.115759 3.609256 1.833403 255 255 255 3 4004
9.163253 3.561946 1.842956 255 255 255 3 4004
9.211246 3.514141 1.852608 255 255 255 3 4004
9.259744 3.465831 1.862362 255 255 255 3 4004
9.308753 3.417010 1.872219 255 255 255 3 4004
9.358287 3.367671 1.882182 255 255 255 3 4004
6.219967 2.193437 1.250988 61 97 52 9 3001
6.186974 2.137162 1.244353 72 114 62 9 3001
6.185841 2.092139 1.244125 73 115 63 9 3001
6.175569 2.044106 1.242059 71 112 61 9 3001
6.184538 2.002452 1.243863 70 111 60 9 3001
6.212581 1.966706 1.249503 50 81 42 9 3001
6.257638 1.935820 1.258565 71 112 61 9 3001
9.774365 2.953206 1.965865 255 255 255 3 4004
6.239585 1.840195 1.254934 86 134 75 9 3001
6.253110 1.799066 1.257654 94 147 82 9 3001
9.940097 2.788120 1.999198 255 255 255 3 4004
9.996595 2.731839 2.010561 255 255 255 3 4004
10.053741 2.674916 2.022055 255 255 255 3 4004
10.111544 2.617338 2.033680 255 255 234 3 4004
10.170014 2.559093 2.045440 255 246 223 3 4004
10.229165 2.500172 2.057337 255 247 225 3 4004
10.289010 2.440562 2.069373 255 247 224 3 4004
10.349557 2.380249 2.081551 255 255 254 3 4004
10.410821 2.319222 2.093872 226 226 221 3 4004
10.443820 2.251219 2.100509 244 223 196 1 4000
10.448852 2.176913 2.101521 237 214 183 1 4000
10.453890 2.102535 2.102535 243 222 192 1 4000
10.458931 2.028085 2.103548 241 218 187 1 4000
10.463980 1.953564 2.104564 236 211 180 1 4000
10.469030 1.878971 2.105580 236 215 185 1 4000
10.474089 1.804305 2.106597 233 215 189 1 4000
10.479151 1.729568 2.107615 192 178 155 1 4000
10.484218 1.654758 2.108634 168 150 129 1 4000
10.100844 1.521369 2.031528 129 129 128 8 1014
6.140138 0.880513 1.234933 173 88 36 8 2000
6.162777 0.839293 1.239486 255 155 50 8 2000
10.504534 1.354794 2.112720 168 149 126 1 4000
10.364845 1.261993 2.084625 121 110 97 8 1014
10.514721 1.204376 2.114769 253 227 195 1 4000
10.519823 1.129057 2.115795 243 216 184 1 4000
10.524928 1.053665 2.116822 240 214 181 1 4000
10.530041 0.978200 2.117850 245 217 184 1 4000
10.535157 0.902662 2.118879 249 223 189 1 4000
10.540277 0.827050 2.119909 240 215 183 1 4000
10.545404 0.751365 2.120940 245 223 194 1 4000
10.550535 0.675606 2.121972 248 227 198 1 4000
10.555672 0.599773 2.123005 245 222 192 1 4000
10.560813 0.523867 2.124039 239 213 181 1 4000
10.565960 0.447886 2.125075 245 219 187 1 4000
10.571110 0.371832 2.126110 253 228 198 1 4000
10.576268 0.295703 2.127148 248 222 190 1 4000
10.581427 0.219499 2.128185 244 218 185 1 4000
10.586595 0.143222 2.129225 250 225 191 1 4000
10.591764 0.066870 2.130265 251 226 192 1 4000
10.596942 -0.009557 2.131306 245 222 190 1 4000
10.602123 -0.086058 2.132348 248 234 212 1 4000
7.853792 -0.120417 1.579591 255 255 255 6 1019
7.077313 -0.159576 1.423422 214 214 211 8 2001
7.100353 -0.211326 1.428056 219 219 217 8 2001
7.866041 -0.290871 1.582054 234 250 255 6 1019
7.870133 -0.347807 1.582877 255 255 255 6 1019
7.874235 -0.404802 1.583702 255 255 255 6 1019
7.878343 -0.461858 1.584529 255 255 255 6 1019
7.882456 -0.518973 1.585356 255 255 255 6 1019
7.886573 -0.576147 1.586184 255 255 255 6 1019
7.890695 -0.633381 1.587013 255 255 255 6 1019
7.894819 -0.690675 1.587842 255 255 255 6 1019
7.898872 -0.748022 1.588658 251 242 230 6 1019
10.669946 -1.087429 2.145989 244 224 196 1 4000
10.675199 -1.164988 2.147045 230 205 175 1 4000
10.680456 -1.242624 2.148103 239 215 185 1 4000
10.685720 -1.320336 2.149161 238 214 183 1 4000
10.690989 -1.398125 2.150221 233 208 176 1 4000
10.696263 -1.475991 2.151282 237 214 183 1 4000
10.701544 -1.553934 2.152344 240 219 187 1 4000
10.706826 -1.631953 2.153406 235 212 181 1 4000
10.712117 -1.710050 2.154470 225 202 170 1 4000
10.717410 -1.788223 2.155535 235 211 179 1 4000
10.722712 -1.866475 2.156601 237 216 185 1 4000
10.728016 -1.944803 2.157668 226 203 171 1 4000
10.733326 -2.023209 2.158736 230 212 188 1 4000
10.677913 -2.089808 2.147591 255 255 255 3 4003
10.612864 -2.153651 2.134508 255 255 255 3 4003
10.548605 -2.216722 2.121584 255 255 252 3 4003
10.485119 -2.279033 2.108815 255 255 255 3 4003
10.422392 -2.340599 2.096200 255 255 255 3 4003
10.360411 -2.401432 2.083733 255 255 255 3 4003
10.299163 -2.461546 2.071415 255 255 255 3 4003
10.238635 -2.520954 2.059241 255 255 255 3 4003
10.178814 -2.579667 2.047210 255 255 255 3 4003
10.119688 -2.637699 2.035318 255 255 255 3 4003
10.061245 -2.695060 2.023564 255 255 255 3 4003
5.678808 -1.562130 1.142147 255 255 255 9 1030
5.486576 -1.548838 1.103485 217 169 143 9 1030
5.467977 -1.583040 1.099744 179 138 116 9 1030
5.479218 -1.625829 1.102005 148 118 99 9 1030
5.531209 -1.681165 1.112461 207 207 205 9 1030
5.532741 -1.721550 1.112769 182 182 180 9 1030
5.614281 -1.787431 1.129169 201 201 199 9 1030
5.651251 -1.839976 1.136605 168 168 166 9 1030
9.660485 -3.215034 1.942960 255 229 154 4 1000
9.607742 -3.266803 1.932352 255 229 154 4 1000
9.555572 -3.318010 1.921859 255 229 154 4 1000
9.503964 -3.368664 1.911480 255 200 134 4 1000
9.452915 -3.418774 1.901213 255 200 134 4 1000
9.402401 -3.468346 1.891053 255 201 134 4 1000
9.352425 -3.517390 1.881001 255 201 134 4 1000
9.210219 -3.530362 1.852401 255 253 231 3 4003
9.161784 -3.577900 1.842659 255 253 231 3 4003
9.113855 -3.624941 1.833019 255 251 228 3 4003
9.066424 -3.671493 1.823480 255 255 255 3 4003
9.019486 -3.717563 1.814040 255 255 255 3 4003
8.973031 -3.763158 1.804696 255 255 255 3 4003
8.927051 -3.808285 1.795449 255 255 255 3 4003
8.881541 -3.852952 1.786295 255 255 255 3 4003
8.836492 -3.897167 1.777235 255 255 255 3 4003
8.791897 -3.940935 1.768266 255 255 255 3 4003
8.747750 -3.984264 1.759387 255 255 255 3 4003
8.704045 -4.027160 1.750597 255 255 255 3 4003
8.660774 -4.069629 1.741894 255 255 255 3 4003
8.617932 -4.111677 1.733277 255 255 255 3 4003
8.575512 -4.153313 1.724746 255 255 255 3 4003
8.533506 -4.194540 1.716297 255 255 255 3 4003
8.491911 -4.235365 1.707931 255 255 255 3 4003
8.450718 -4.275794 1.699646 255 255 255 3 4003
8.409924 -4.315833 1.691442 255 255 255 3 4003
8.369521 -4.355487 1.683316 255 255 255 3 4003
8.329504 -4.394762 1.675267 255 255 255 3 4003
8.289869 -4.433663 1.667296 255 255 255 3 4003
8.250609 -4.472196 1.659400 255 255 255 3 4003
8.211720 -4.510365 1.651578 255 255 255 3 4003
8.173195 -4.548176 1.643830 255 255 255 3 4003
8.135029 -4.585634 1.636154 255 255 255 3 4003
8.097219 -4.622745 1.628549 255 255 255 3 4003
6.493640 3.742393 1.259178 219 167 92 10 1005
6.523646 3.712617 1.264996 218 166 92 10 1005
8.161923 4.586073 1.582673 255 255 255 3 4004
8.199978 4.548290 1.590052 255 255 255 3 4004
8.238388 4.510153 1.597501 255 255 250 3 4004
8.277162 4.471658 1.605019 255 255 255 3 4004
8.316300 4.432799 1.612609 255 255 255 3 4004
8.355812 4.393570 1.620270 255 255 255 3 4004
8.395700 4.353967 1.628005 255 255 254 3 4004
8.435972 4.313984 1.635814 255 255 255 3 4004
8.476630 4.273615 1.643698 255 255 249 3 4004
8.517685 4.232856 1.651659 255 255 233 3 4004
8.559137 4.191700 1.659697 255 249 226 3 4004
8.600995 4.150141 1.667813 244 232 211 3 4004
8.643265 4.108174 1.676010 215 204 185 3 4004
8.685951 4.065792 1.684287 213 203 185 3 4004
8.729063 4.022989 1.692647 214 203 184 3 4004
8.772604 3.979760 1.701090 213 203 183 3 4004
8.816581 3.936097 1.709618 215 203 185 3 4004
8.861001 3.891994 1.718231 215 204 186 3 4004
8.905872 3.847445 1.726932 214 204 185 3 4004
8.951200 3.802441 1.735721 215 205 186 3 4004
8.996990 3.756977 1.744601 254 241 220 3 4004
9.043252 3.711046 1.753571 255 244 222 3 4004
9.089992 3.664640 1.762635 255 248 225 3 4004
9.137218 3.617753 1.771792 255 255 255 3 4004
9.184937 3.570375 1.781045 255 255 255 3 4004
9.233156 3.522500 1.790395 255 255 255 3 4004
9.281887 3.474119 1.799845 255 255 255 3 4004
9.331133 3.425225 1.809394 255 255 255 3 4004
9.380903 3.375809 1.819045 255 255 255 3 4004
6.235420 2.198887 1.209106 35 52 73 9 3001
6.200741 2.141917 1.202382 41 68 35 9 3001
6.194551 2.095084 1.201182 45 73 39 9 3001
6.187453 2.048040 1.199805 48 79 41 9 3001
6.194768 2.005764 1.201224 38 64 32 9 3001
6.222144 1.969734 1.206532 24 43 20 9 3001
6.265421 1.938228 1.214924 42 69 36 9 3001
9.799042 2.960662 1.900126 255 255 255 3 4004
6.235980 1.839132 1.209215 98 153 86 9 3001
6.254556 1.799482 1.212817 95 148 83 9 3001
9.965617 2.795278 1.932426 255 255 255 3 4004
10.022408 2.738893 1.943439 255 255 255 3 4004
10.079850 2.681862 1.954577 255 255 255 3 4004
10.137953 2.624174 1.965844 226 217 198 3 4004
10.160106 2.556600 1.970140 235 209 176 1 4000
10.164868 2.484457 1.971063 225 201 170 1 4000
10.169636 2.412246 1.971988 236 214 183 1 4000
10.174408 2.339967 1.972913 236 213 183 1 4000
10.179185 2.267620 1.973839 246 219 187 1 4000
10.183966 2.195206 1.974766 238 211 177 1 4000
10.188752 2.122723 1.975694 247 223 190 1 4000
10.193541 2.050172 1.976623 252 230 197 1 4000
10.198336 1.977553 1.977553 252 226 195 1 4000
10.203134 1.904866 1.978483 245 221 188 1 4000
10.207938 1.832110 1.979415 251 225 190 1 4000
10.212745 1.759285 1.980347 254 228 195 1 4000
10.217558 1.686393 1.981280 248 220 186 1 4000
6.097090 0.962324 1.182283 255 157 36 8 2000
6.114628 0.920973 1.185684 255 155 29 8 2000
6.145740 0.881316 1.191716 255 159 32 8 2000
6.170761 0.840381 1.196568 255 150 26 8 2000
6.228559 0.803312 1.207776 253 168 100 8 2000
10.246528 1.247587 1.986898 249 218 183 1 4000
10.251373 1.174211 1.987837 248 217 183 1 4000
10.256221 1.100766 1.988777 246 218 185 1 4000
10.261075 1.027251 1.989719 250 223 189 1 4000
10.265932 0.953666 1.990660 254 225 190 1 4000
10.270796 0.880011 1.991603 249 219 184 1 4000
10.275662 0.806287 1.992547 240 215 183 1 4000
10.280536 0.732493 1.993492 252 225 192 1 4000
10.285412 0.658629 1.994438 255 228 195 1 4000
10.290293 0.584695 1.995384 252 222 189 1 4000
10.295178 0.510690 1.996331 250 227 194 1 4000
10.300069 0.436615 1.997280 255 240 211 1 4000
10.304964 0.362470 1.998229 255 239 210 1 4000
10.309864 0.288254 1.999179 251 228 197 1 4000
7.635188 0.158383 1.480534 252 246 240 6 1019
7.639061 0.103346 1.481285 255 255 255 6 1019
7.642918 0.048253 1.482033 255 255 255 6 1019
7.646782 -0.006896 1.482783 255 255 255 6 1019
7.650648 -0.062101 1.483532 255 255 255 6 1019
7.112964 -0.109058 1.379270 152 175 187 8 2001
7.091545 -0.159897 1.375117 121 121 120 8 2001
7.111057 -0.211645 1.378901 135 135 134 8 2001
7.175492 -0.265335 1.391395 161 161 159 8 2001
7.214747 -0.318843 1.399007 173 192 201 8 2001
7.673941 -0.394506 1.488049 255 255 255 6 1019
7.677844 -0.450104 1.488806 255 255 255 6 1019
7.681749 -0.505758 1.489563 255 255 255 6 1019
7.685660 -0.561470 1.490322 255 255 255 6 1019
7.689574 -0.617238 1.491080 255 255 255 6 1019
7.693491 -0.673062 1.491840 255 255 255 6 1019
7.697414 -0.728944 1.492601 255 255 255 6 1019
7.701341 -0.784883 1.493362 255 255 255 6 1019
7.705270 -0.840879 1.494124 255 255 255 6 1019
7.709204 -0.896932 1.494887 255 255 255 6 1019
7.713083 -0.953035 1.495639 251 241 228 6 1019
10.418851 -1.362536 2.020313 241 217 184 1 4000
10.423860 -1.438402 2.021284 234 209 178 1 4000
10.428873 -1.514340 2.022256 249 227 198 1 4000
10.433892 -1.590352 2.023229 251 234 206 1 4000
10.438914 -1.666436 2.024203 242 222 194 1 4000
10.443943 -1.742595 2.025178 240 217 187 1 4000
10.448975 -1.818826 2.026154 245 223 193 1 4000
10.454014 -1.895131 2.027131 240 217 185 1 4000
10.459057 -1.971510 2.028109 231 207 176 1 4000
10.464104 -2.047962 2.029088 236 210 179 1 4000
10.469156 -2.124489 2.030067 247 224 194 1 4000
10.474214 -2.201089 2.031048 238 214 185 1 4000
10.479276 -2.277763 2.032030 232 209 179 1 4000
10.448161 -2.346386 2.025996 255 255 241 3 4003
10.385873 -2.407334 2.013918 255 255 255 3 4003
10.324326 -2.467560 2.001983 255 255 255 3 4003
10.263502 -2.527077 1.990189 255 255 255 3 4003
10.203391 -2.585896 1.978533 255 255 255 3 4003
10.143981 -2.644031 1.967011 255 255 255 3 4003
10.085258 -2.701492 1.955625 255 255 255 3 4003
10.027210 -2.758292 1.944369 254 254 252 3 4003
5.494649 -1.551117 1.065463 209 161 135 9 1030
5.484736 -1.587892 1.063541 165 128 107 9 1030
5.564899 -1.651253 1.079086 214 214 212 9 1030
5.548366 -1.686379 1.075879 205 205 203 9 1030
5.567316 -1.732309 1.079554 187 187 185 9 1030
5.630798 -1.792689 1.091864 213 213 212 9 1030
9.735964 -3.169907 1.887893 218 202 161 4 1000
9.682396 -3.222326 1.877506 255 228 153 4 1000
9.629415 -3.274172 1.867233 255 229 153 4 1000
9.577008 -3.325454 1.857071 255 228 153 4 1000
9.525171 -3.376180 1.847019 255 200 133 4 1000
9.473890 -3.426360 1.837075 255 200 133 4 1000
9.423159 -3.476002 1.827238 255 200 133 4 1000
9.372962 -3.525114 1.817504 255 201 133 4 1000
9.230339 -3.538074 1.789848 255 252 229 3 4003
9.181692 -3.585675 1.780415 255 251 229 3 4003
9.133554 -3.632776 1.771081 255 255 245 3 4003
9.085919 -3.679387 1.761844 255 255 255 3 4003
9.038779 -3.725515 1.752703 255 255 255 3 4003
8.992125 -3.771165 1.743656 255 255 255 3 4003
8.945951 -3.816348 1.734703 255 255 255 3 4003
8.900248 -3.861068 1.725840 255 255 255 3 4003
8.855009 -3.905334 1.717068 255 255 255 3 4003
8.810227 -3.949152 1.708385 255 255 255 3 4003
8.765897 -3.992529 1.699789 255 255 255 3 4003
8.722012 -4.035471 1.691279 255 255 255 3 4003
8.678562 -4.077987 1.682853 255 255 255 3 4003
8.635543 -4.120080 1.674512 255 255 255 3 4003
8.592950 -4.161758 1.666252 255 255 255 3 4003
8.550774 -4.203027 1.658074 255 255 255 3 4003
8.509009 -4.243893 1.649976 255 255 255 3 4003
8.467651 -4.284362 1.641956 255 255 255 3 4003
8.426694 -4.324440 1.634014 255 255 255 3 4003
8.386130 -4.364130 1.626148 255 255 255 3 4003
8.345955 -4.403441 1.618358 255 255 255 3 4003
8.306163 -4.442378 1.610642 255 255 255 3 4003
8.266750 -4.480945 1.602999 255 255 255 3 4003
8.227709 -4.519147 1.595429 255 255 255 3 4003
8.189034 -4.556991 1.587929 255 255 255 3 4003
8.150721 -4.594480 1.580500 255 255 255 3 4003
8.112765 -4.631620 1.573140 255 255 255 3 4003
6.554602 3.777527 1.223706 128 97 51 10 1005
6.557541 3.731906 1.224254 66 48 22 10 1005
8.179121 4.595736 1.526994 255 255 255 3 4004
8.217338 4.557919 1.534129 255 255 255 3 4004
8.255913 4.519747 1.541331 255 255 255 3 4004
8.294849 4.481214 1.548600 255 255 255 3 4004
8.334157 4.442317 1.555938 255 255 255 3 4004
8.373838 4.403049 1.563347 255 255 255 3 4004
8.413900 4.363406 1.570826 255 255 254 3 4004
8.454347 4.323381 1.578377 255 250 227 3 4004
8.495183 4.282969 1.586001 255 255 236 3 4004
8.536416 4.242165 1.593699 255 252 230 3 4004
8.578053 4.200963 1.601472 255 255 233 3 4004
8.620096 4.159357 1.609321 255 253 230 3 4004
8.662555 4.117342 1.617248 236 226 204 3 4004
8.705433 4.074911 1.625253 227 216 196 3 4004
8.748738 4.032057 1.633338 236 225 205 3 4004
8.792475 3.988775 1.641504 233 222 202 3 4004
8.836653 3.945058 1.649751 249 236 216 3 4004
8.881277 3.900899 1.658082 213 201 184 3 4004
8.926353 3.856292 1.666498 211 201 182 3 4004
8.971889 3.811230 1.674999 211 201 183 3 4004
9.017893 3.765706 1.683588 226 216 196 3 4004
9.064371 3.719713 1.692265 207 197 179 3 4004
9.111330 3.673243 1.701032 210 200 182 3 4004
9.158777 3.626289 1.709890 255 247 224 3 4004
9.206723 3.578844 1.718841 255 255 255 3 4004
9.255174 3.530899 1.727887 255 255 255 3 4004
9.304134 3.482446 1.737028 255 255 255 3 4004
9.353620 3.433480 1.746266 255 255 255 3 4004
9.403631 3.383988 1.755603 255 255 255 3 4004
6.287440 2.217232 1.173828 46 59 112 9 3001
6.235427 2.153899 1.164118 52 67 126 9 3001
6.213975 2.101654 1.160113 53 68 128 9 3001
6.215538 2.057336 1.160404 51 66 124 9 3001
6.223921 2.015204 1.161970 53 68 128 9 3001
6.244164 1.976705 1.165749 28 38 76 9 3001
6.283857 1.943931 1.173159 53 68 127 9 3001
6.392035 1.931276 1.193356 137 139 144 9 3001
6.239068 1.840043 1.164798 101 157 88 9 3001
6.265407 1.802604 1.169715 91 143 80 9 3001
9.895915 2.775727 1.847509 239 214 182 1 4000
9.900433 2.705560 1.848353 249 227 195 1 4000
9.904956 2.635330 1.849197 250 229 197 1 4000
9.909482 2.565035 1.850042 247 225 193 1 4000
9.914013 2.494676 1.850888 222 200 170 1 4000
9.918549 2.424252 1.851735 236 213 182 1 4000
9.923086 2.353764 1.852582 241 220 191 1 4000
9.927630 2.283212 1.853430 236 216 185 1 4000
9.932178 2.212595 1.854279 244 218 183 1 4000
9.936728 2.141913 1.855129 255 230 196 1 4000
9.941285 2.071166 1.855980 255 237 206 1 4000
9.945845 2.000355 1.856831 255 236 205 1 4000
9.950408 1.929478 1.857683 249 225 193 1 4000
9.954978 1.858536 1.858536 255 233 200 1 4000
9.959549 1.787529 1.859390 255 235 203 1 4000
9.964127 1.716458 1.860244 255 230 195 1 4000
6.115041 1.009278 1.141642 234 153 107 8 2000
6.086401 0.960636 1.136295 250 122 19 8 2000
6.108287 0.920018 1.140382 255 152 26 8 2000
6.146785 0.881466 1.147569 255 150 35 8 2000
6.190260 0.843036 1.155685 255 142 36 8 2000
9.991675 1.288650 1.865387 251 226 193 1 4000
9.996283 1.217118 1.866247 250 225 193 1 4000
10.000892 1.145521 1.867108 247 221 188 1 4000
10.005508 1.073857 1.867970 247 220 187 1 4000
10.010126 1.002128 1.868832 253 228 195 1 4000
10.014750 0.930332 1.869695 254 230 197 1 4000
10.019377 0.858470 1.870559 251 224 191 1 4000
10.024011 0.786541 1.871424 247 220 187 1 4000
10.028645 0.714546 1.872289 255 234 200 1 4000
10.033286 0.642484 1.873156 255 232 196 1 4000
10.037931 0.570355 1.874023 254 233 207 1 4000
7.432096 0.368667 1.387529 255 255 255 6 1019
7.435759 0.315198 1.388213 255 255 255 6 1019
7.439414 0.261676 1.388895 255 255 255 6 1019
7.443074 0.208101 1.389578 255 255 255 6 1019
7.446737 0.154474 1.390262 255 255 255 6 1019
7.450404 0.100794 1.390947 255 255 255 6 1019
7.454074 0.047060 1.391632 255 255 255 6 1019
7.457748 -0.006726 1.392318 255 255 255 6 1019
7.461426 -0.060565 1.393005 255 255 255 6 1019
7.144873 -0.109547 1.333906 158 183 195 8 2001
7.091232 -0.159890 1.323891 163 188 201 8 2001
7.134849 -0.212353 1.332034 134 134 133 8 2001
7.187629 -0.265784 1.341888 135 135 134 8 2001
7.242010 -0.320048 1.352041 178 178 178 8 2001
7.483586 -0.384720 1.397142 255 255 255 6 1019
7.487296 -0.438933 1.397834 255 255 255 6 1019
7.491011 -0.493200 1.398528 255 255 255 6 1019
7.494729 -0.547521 1.399222 255 255 255 6 1019
7.498451 -0.601896 1.399917 255 255 255 6 1019
7.267563 -0.635800 1.356812 157 158 152 10 1023
7.223296 -0.684045 1.348547 202 202 195 10 1023
7.183846 -0.732142 1.341182 105 104 99 10 1023
7.174466 -0.782952 1.339431 95 94 91 10 1023
7.223016 -0.840366 1.348495 197 197 190 10 1023
7.263586 -0.897494 1.356069 255 254 246 10 1023
7.524609 -0.984038 1.404801 255 255 255 6 1019
7.528361 -1.038848 1.405501 255 255 255 6 1019
7.532117 -1.093712 1.406202 255 255 255 6 1019
10.174525 -1.550819 1.899524 252 234 212 1 4000
10.179303 -1.624993 1.900416 252 228 197 1 4000
10.184084 -1.699237 1.901309 236 210 177 1 4000
10.188869 -1.773550 1.902202 242 216 183 1 4000
10.193659 -1.847934 1.903096 246 224 193 1 4000
10.198454 -1.922387 1.903992 248 225 196 1 4000
10.203252 -1.996910 1.904887 236 208 175 1 4000
10.208056 -2.071504 1.905784 238 208 175 1 4000
10.212864 -2.146168 1.906682 241 211 178 1 4000
10.217676 -2.220902 1.907580 237 210 179 1 4000
10.222493 -2.295707 1.908480 235 212 182 1 4000
10.227315 -2.370582 1.909380 242 218 187 1 4000
10.232141 -2.445528 1.910281 236 210 178 1 4000
10.236972 -2.520545 1.911183 228 202 171 1 4000
10.228086 -2.592155 1.909523 210 201 180 3 4003
10.168390 -2.650393 1.898378 255 255 255 3 4003
10.109385 -2.707955 1.887362 255 255 255 3 4003
5.683201 -1.563339 1.061020 237 229 225 9 1030
5.505624 -1.554215 1.027867 196 153 130 9 1030
5.505303 -1.593847 1.027807 163 127 108 9 1030
5.582093 -1.656354 1.042143 218 218 216 9 1030
5.564610 -1.691317 1.038880 206 206 204 9 1030
5.604328 -1.743825 1.046294 201 201 200 9 1030
5.642967 -1.796563 1.053508 219 219 217 9 1030
9.758220 -3.177153 1.821801 255 227 151 4 1000
9.704406 -3.229651 1.811754 255 228 151 4 1000
9.651184 -3.281574 1.801818 255 228 152 4 1000
9.598542 -3.332931 1.791990 255 228 152 4 1000
9.546472 -3.383730 1.782269 255 228 153 4 1000
9.494963 -3.433981 1.772653 255 221 148 4 1000
9.444007 -3.483693 1.763140 255 199 133 4 1000
9.393588 -3.532872 1.753727 255 199 133 4 1000
9.250545 -3.545819 1.727021 255 252 229 3 4003
9.201685 -3.593483 1.717899 255 251 229 3 4003
9.153338 -3.640646 1.708874 255 255 255 3 4003
9.105497 -3.687315 1.699942 255 255 255 3 4003
9.058155 -3.733501 1.691103 255 255 255 3 4003
9.011301 -3.779207 1.682356 255 255 255 3 4003
8.964930 -3.824444 1.673699 255 255 255 3 4003
8.919033 -3.869217 1.665130 255 255 255 3 4003
8.873604 -3.913534 1.656649 255 255 255 3 4003
8.828635 -3.957403 1.648253 255 255 255 3 4003
8.784120 -4.000828 1.639943 255 255 255 3 4003
8.740051 -4.043818 1.631715 255 255 255 3 4003
8.696423 -4.086379 1.623570 255 255 255 3 4003
8.653228 -4.128517 1.615506 255 255 255 3 4003
8.610460 -4.170239 1.607522 255 255 255 3 4003
8.568112 -4.211550 1.599615 255 255 255 3 4003
8.526178 -4.252456 1.591787 255 255 255 3 4003
8.484654 -4.292965 1.584034 255 255 255 3 4003
8.443533 -4.333080 1.576357 255 255 255 3 4003
8.402807 -4.372809 1.568754 255 255 255 3 4003
8.362473 -4.412156 1.561224 255 255 255 3 4003
8.322523 -4.451128 1.553766 255 255 255 3 4003
8.282954 -4.489728 1.546378 255 255 255 3 4003
8.243759 -4.527964 1.539061 255 255 255 3 4003
8.204934 -4.565839 1.531812 255 255 255 3 4003
8.166472 -4.603359 1.524632 255 255 255 3 4003
8.128370 -4.640529 1.517518 255 255 255 3 4003
6.520795 3.758043 1.170345 221 168 92 10 1005
6.551054 3.728215 1.175776 218 165 90 10 1005
8.196394 4.605441 1.471080 255 255 255 3 4004
8.234771 4.567589 1.477968 255 255 255 3 4004
8.273510 4.529381 1.484921 255 255 255 3 4004
8.312614 4.490811 1.491939 255 255 255 3 4004
8.352090 4.451875 1.499024 255 255 255 3 4004
8.391944 4.412569 1.506177 255 255 255 3 4004
8.432178 4.372885 1.513398 255 255 255 3 4004
8.472801 4.332818 1.520689 255 255 255 3 4004
8.513818 4.292364 1.528051 255 255 255 3 4004
8.555232 4.251515 1.535484 255 255 255 3 4004
8.597052 4.210268 1.542989 255 255 255 3 4004
8.639283 4.168615 1.550569 255 255 255 3 4004
8.681931 4.126552 1.558223 255 255 254 3 4004
8.725001 4.084071 1.565954 255 244 221 3 4004
8.768502 4.041166 1.573761 253 241 219 3 4004
8.812438 3.997831 1.581647 255 244 222 3 4004
8.856817 3.954060 1.589612 255 243 221 3 4004
8.901645 3.909845 1.597658 209 199 181 3 4004
8.946928 3.865181 1.605785 208 198 180 3 4004
8.992676 3.820060 1.613996 210 199 181 3 4004
9.038893 3.774476 1.622291 210 199 181 3 4004
9.085588 3.728420 1.630672 207 197 179 3 4004
9.132769 3.681886 1.639139 210 199 180 3 4004
9.180441 3.634866 1.647696 255 246 223 3 4004
9.228613 3.587353 1.656341 255 255 255 3 4004
9.277294 3.539338 1.665079 255 255 255 3 4004
9.326492 3.490815 1.673909 255 255 255 3 4004
9.376213 3.441773 1.682833 255 255 255 3 4004
9.426469 3.392207 1.691852 255 255 255 3 4004
6.299516 2.221490 1.130630 46 59 112 9 3001
6.273156 2.166932 1.125899 42 55 105 9 3001
6.251086 2.114205 1.121938 37 49 96 9 3001
6.240505 2.065600 1.120039 43 55 106 9 3001
6.242885 2.021344 1.120466 17 23 51 9 3001
6.260326 1.981821 1.123596 17 23 51 9 3001
6.289295 1.945613 1.128796 47 61 116 9 3001
6.368784 1.924251 1.143062 68 87 160 9 3001
6.241243 1.840684 1.120172 104 160 90 9 3001
6.276598 1.805824 1.126517 89 139 77 9 3001
9.662305 2.710201 1.734180 252 228 197 1 4000
9.666614 2.641663 1.734953 255 244 216 1 4000
9.670924 2.573063 1.735727 255 239 210 1 4000
9.675240 2.504402 1.736502 248 225 195 1 4000
9.679558 2.435679 1.737276 255 232 200 1 4000
9.683882 2.366896 1.738053 245 223 193 1 4000
9.688208 2.298051 1.738829 239 215 183 1 4000
9.692538 2.229144 1.739606 233 209 178 1 4000
9.696874 2.160176 1.740384 255 226 192 1 4000
9.701212 2.091146 1.741163 255 243 210 1 4000
9.705555 2.022054 1.741942 255 237 206 1 4000
9.709900 1.952900 1.742722 255 230 197 1 4000
9.714252 1.883685 1.743503 255 238 206 1 4000
9.718605 1.814407 1.744285 255 235 201 1 4000
9.722963 1.745067 1.745067 255 231 196 1 4000
9.727324 1.675665 1.745850 248 221 187 1 4000
9.731690 1.606201 1.746633 254 230 198 1 4000
6.120984 0.966095 1.098588 172 95 58 8 2000
6.134151 0.923914 1.100951 252 127 29 8 2000
9.744812 1.397433 1.748988 244 220 188 1 4000
9.749193 1.327719 1.749775 247 221 188 1 4000
9.753578 1.257942 1.750562 251 226 194 1 4000
9.757967 1.188102 1.751349 250 225 194 1 4000
9.762361 1.118199 1.752138 248 222 190 1 4000
9.766758 1.048233 1.752927 250 224 190 1 4000
9.771160 0.978205 1.753717 254 231 199 1 4000
9.775564 0.908112 1.754508 255 233 199 1 4000
9.779974 0.837957 1.755299 253 236 213 1 4000
7.239530 0.568055 1.299343 255 255 255 6 1019
7.242997 0.516067 1.299965 255 255 255 6 1019
7.246466 0.464029 1.300588 255 255 255 6 1019
7.249938 0.411941 1.301211 255 255 255 6 1019
7.253414 0.359804 1.301835 255 255 255 6 1019
7.256892 0.307616 1.302459 255 255 255 6 1019
7.260375 0.255379 1.303084 255 255 255 6 1019
7.263859 0.203091 1.303710 255 255 255 6 1019
7.267349 0.150753 1.304336 255 255 255 6 1019
7.270842 0.098364 1.304963 255 255 255 6 1019
7.274337 0.045926 1.305590 255 255 255 6 1019
7.277836 -0.006564 1.306218 255 255 255 6 1019
7.281338 -0.059103 1.306847 255 255 255 6 1019
7.284843 -0.111694 1.307476 251 245 247 6 1019
7.288352 -0.164334 1.308105 209 205 208 6 1019
7.234471 -0.215318 1.298435 173 173 171 8 2001
7.229608 -0.267337 1.297562 226 226 223 8 2001
7.237617 -0.319854 1.299000 233 233 231 8 2001
7.302445 -0.375408 1.310635 255 255 255 6 1019
7.305978 -0.428304 1.311269 255 255 255 6 1019
7.309515 -0.481251 1.311904 255 255 255 6 1019
7.313055 -0.534249 1.312539 255 255 255 6 1019
7.316599 -0.587299 1.313175 255 255 255 6 1019
7.138068 -0.624471 1.281133 165 162 160 10 1023
7.089816 -0.671405 1.272472 65 68 67 10 1023
7.108966 -0.724511 1.275910 175 178 172 10 1023
7.149147 -0.780189 1.283121 32 32 32 10 1023
7.095695 -0.825553 1.273528 236 236 227 10 1023
7.102254 -0.877560 1.274705 70 77 76 10 1023
7.335727 -0.959337 1.316608 255 250 247 6 1018
7.339090 -1.012730 1.317212 255 250 247 6 1018
7.342466 -1.066174 1.317818 255 250 247 6 1018
7.345846 -1.119666 1.318424 255 251 247 6 1018
7.349233 -1.173209 1.319032 255 251 248 6 1018
7.352623 -1.226801 1.319641 255 251 248 6 1018
7.356017 -1.280443 1.320250 255 251 248 6 1018
7.359447 -1.334140 1.320866 254 247 239 6 1018
9.950521 -1.875652 1.785909 248 228 200 1 4000
9.955091 -1.948342 1.786729 234 211 180 1 4000
9.959661 -2.021098 1.787549 233 209 178 1 4000
9.964240 -2.093921 1.788371 240 217 187 1 4000
9.968821 -2.166811 1.789193 234 210 178 1 4000
9.973405 -2.239768 1.790016 232 208 176 1 4000
9.977995 -2.312792 1.790840 234 211 180 1 4000
9.982589 -2.385884 1.791664 238 215 183 1 4000
9.987186 -2.459043 1.792488 232 208 176 1 4000
9.991788 -2.532269 1.793314 218 193 161 1 4000
9.996396 -2.605563 1.794141 232 207 175 1 4000
10.001005 -2.678924 1.794968 237 213 182 1 4000
5.556047 -1.528361 0.997193 231 200 184 9 1030
5.519013 -1.557995 0.990546 186 144 121 9 1030
5.527560 -1.600290 0.992080 156 122 103 9 1030
5.586335 -1.657613 1.002629 229 229 226 9 1030
5.576658 -1.694979 1.000892 201 201 199 9 1030
5.621202 -1.749076 1.008887 217 217 215 9 1030
5.649604 -1.798676 1.013984 218 218 216 9 1030
9.780577 -3.184432 1.755406 255 226 149 4 1000
9.726517 -3.237010 1.745703 255 227 149 4 1000
9.673053 -3.289010 1.736108 255 227 149 4 1000
9.620173 -3.340442 1.726617 255 227 150 4 1000
9.567868 -3.391314 1.717229 255 227 150 4 1000
9.516129 -3.441636 1.707943 255 227 152 4 1000
9.464947 -3.491417 1.698757 255 198 131 4 1000
9.414306 -3.540663 1.689668 255 212 162 4 1000
9.270841 -3.553598 1.663919 255 248 225 3 4003
9.221766 -3.601325 1.655112 255 248 227 3 4003
9.173210 -3.648549 1.646397 255 255 245 3 4003
9.125162 -3.695279 1.637773 255 255 255 3 4003
9.077614 -3.741521 1.629239 255 255 255 3 4003
9.030560 -3.787284 1.620794 255 255 255 3 4003
8.983989 -3.832575 1.612436 255 255 255 3 4003
8.937898 -3.877401 1.604163 255 255 255 3 4003
8.892277 -3.921770 1.595975 255 255 255 3 4003
8.847119 -3.965688 1.587870 255 255 255 3 4003
8.802418 -4.009162 1.579847 255 255 255 3 4003
8.758165 -4.052199 1.571905 255 255 255 3 4003
8.714357 -4.094807 1.564042 255 255 255 3 4003
8.670983 -4.136988 1.556258 255 255 255 3 4003
8.628040 -4.178753 1.548550 255 255 255 3 4003
8.585520 -4.220106 1.540919 255 255 255 3 4003
8.543417 -4.261054 1.533362 255 255 255 3 4003
8.501724 -4.301601 1.525879 255 255 255 3 4003
8.460437 -4.341756 1.518469 255 255 255 3 4003
8.419549 -4.381521 1.511131 255 255 255 3 4003
8.379054 -4.420905 1.503863 255 255 255 3 4003
8.338947 -4.459911 1.496664 255 255 255 3 4003
8.299222 -4.498546 1.489534 255 255 255 3 4003
8.259874 -4.536815 1.482472 255 255 255 3 4003
8.220897 -4.574721 1.475477 255 255 255 3 4003
8.182285 -4.612272 1.468547 255 255 255 3 4003
8.144035 -4.649472 1.461682 255 255 255 3 4003
6.534465 3.765922 1.125651 213 162 86 10 1005
6.564851 3.736067 1.130885 214 163 89 10 1005
6.595521 3.705933 1.136169 228 193 156 10 1005
8.252279 4.577301 1.421568 255 255 255 3 4004
8.291183 4.539056 1.428270 255 255 255 3 4004
8.330456 4.500450 1.435035 255 255 255 3 4004
8.370102 4.461476 1.441864 255 255 255 3 4004
8.410127 4.422129 1.448759 255 255 255 3 4004
8.450537 4.382405 1.455721 255 255 255 3 4004
8.491337 4.342297 1.462749 255 255 255 3 4004
8.532533 4.301799 1.469845 255 255 255 3 4004
8.574131 4.260907 1.477011 255 255 255 3 4004
8.616136 4.219614 1.484247 255 255 255 3 4004
8.658554 4.177914 1.491554 255 255 255 3 4004
8.701394 4.135803 1.498934 255 255 255 3 4004
8.744658 4.093272 1.506387 255 242 220 3 4004
8.788355 4.050315 1.513914 255 243 220 3 4004
8.832492 4.006928 1.521518 255 242 221 3 4004
8.877072 3.963103 1.529197 255 242 221 3 4004
8.922107 3.918833 1.536955 209 197 180 3 4004
8.967600 3.874111 1.544792 206 194 176 3 4004
9.013558 3.828931 1.552709 209 198 179 3 4004
9.059992 3.783286 1.560708 209 198 180 3 4004
9.106906 3.737168 1.568789 209 198 180 3 4004
9.154307 3.690569 1.576955 209 199 181 3 4004
9.202206 3.643484 1.585206 255 249 227 3 4004
9.250608 3.595903 1.593544 255 255 255 3 4004
9.299521 3.547818 1.601970 255 255 255 3 4004
9.348956 3.499223 1.610486 255 255 254 3 4004
9.390416 3.446987 1.617628 247 228 205 1 4000
9.394485 3.380697 1.618328 247 219 184 1 4000
6.297929 2.220930 1.084904 47 60 114 9 3001
6.280513 2.169473 1.081904 53 68 128 9 3001
6.293505 2.128552 1.084142 55 71 133 9 3001
6.291734 2.082557 1.083837 17 23 51 9 3001
6.263722 2.028090 1.079012 17 23 51 9 3001
6.268976 1.984560 1.079917 17 23 51 9 3001
6.289889 1.945797 1.083519 44 57 109 9 3001
6.363886 1.922771 1.096267 67 85 157 9 3001
6.242297 1.840995 1.075321 99 154 86 9 3001
6.272368 1.804607 1.080501 113 175 99 9 3001
9.439471 2.647698 1.626078 255 230 195 1 4000
9.443583 2.580714 1.626786 255 233 199 1 4000
9.447698 2.513671 1.627495 248 219 185 1 4000
9.451815 2.446569 1.628204 251 224 189 1 4000
9.455938 2.379410 1.628915 255 233 201 1 4000
9.460062 2.312191 1.629625 253 229 198 1 4000
9.464192 2.244914 1.630337 238 213 183 1 4000
9.468325 2.177578 1.631048 236 207 173 1 4000
9.472462 2.110183 1.631761 241 210 175 1 4000
9.476602 2.042730 1.632474 255 222 187 1 4000
9.480745 1.975217 1.633188 254 224 189 1 4000
9.484893 1.907646 1.633902 251 226 193 1 4000
9.489043 1.840015 1.634617 255 234 200 1 4000
9.493197 1.772325 1.635333 255 228 193 1 4000
9.497355 1.704575 1.636049 254 225 190 1 4000
9.501517 1.636767 1.636766 249 223 191 1 4000
9.505682 1.568898 1.637484 255 230 195 1 4000
9.509851 1.500971 1.638202 255 232 198 1 4000
6.173075 0.929776 1.063397 212 106 32 8 2000
6.183803 0.886775 1.065245 255 146 30 8 2000
9.522380 1.296830 1.640360 255 243 211 1 4000
9.526565 1.228663 1.641081 255 247 219 1 4000
9.530751 1.160437 1.641802 255 242 212 1 4000
7.054752 0.808064 1.215278 255 248 242 6 1020
7.057860 0.757496 1.215813 255 255 255 6 1020
7.060977 0.706884 1.216350 255 255 255 6 1020
7.064093 0.656227 1.216887 255 255 255 6 1020
7.067154 0.605520 1.217414 255 255 255 6 1020
7.069870 0.554742 1.217882 255 255 255 6 1019
7.073178 0.503967 1.218452 255 255 255 6 1019
7.076487 0.453144 1.219022 255 255 255 6 1019
7.079798 0.402274 1.219592 255 255 255 6 1019
7.083112 0.351356 1.220163 255 255 255 6 1019
7.086429 0.300390 1.220734 255 255 255 6 1019
7.089749 0.249377 1.221306 255 255 255 6 1019
7.093073 0.198316 1.221879 255 255 255 6 1019
7.096400 0.147207 1.222452 255 255 255 6 1019
7.099730 0.096049 1.223026 255 255 255 6 1019
7.103062 0.044844 1.223600 255 255 255 6 1019
7.106399 -0.006409 1.224174 255 255 255 6 1019
7.109737 -0.057710 1.224750 255 255 255 6 1019
7.113081 -0.109060 1.225325 255 255 255 6 1019
7.116426 -0.160458 1.225902 255 253 255 6 1019
7.119780 -0.211904 1.226480 255 253 255 6 1019
7.123138 -0.263400 1.227058 255 255 255 6 1019
6.899385 -0.304906 1.188514 36 36 34 10 1024
7.129865 -0.366536 1.228217 195 194 194 6 1019
7.133234 -0.418177 1.228797 255 255 255 6 1019
7.136605 -0.469867 1.229378 255 255 255 6 1019
7.139981 -0.521605 1.229959 255 255 255 6 1019
7.143358 -0.573393 1.230541 255 255 255 6 1019
7.146739 -0.625230 1.231124 255 255 255 6 1019
7.109630 -0.673281 1.224731 100 100 99 10 1023
7.153443 -0.729044 1.232278 238 230 227 6 1019
7.152524 -0.780557 1.232120 255 255 255 6 1018
7.155727 -0.832537 1.232672 126 120 118 6 1018
7.129272 -0.880898 1.228114 102 104 102 10 1023
7.162149 -0.936637 1.233778 255 255 255 6 1018
7.165366 -0.988758 1.234332 255 255 255 6 1018
7.168584 -1.040925 1.234887 255 255 255 6 1018
7.171807 -1.093139 1.235442 255 255 255 6 1018
7.175035 -1.145401 1.235998 255 255 255 6 1018
7.178267 -1.197710 1.236555 255 255 255 6 1018
7.181501 -1.250065 1.237112 255 255 255 6 1018
7.184738 -1.302468 1.237669 255 255 255 6 1018
7.187978 -1.354919 1.238228 255 255 255 6 1018
7.191222 -1.407416 1.238786 255 255 255 6 1018
7.194468 -1.459962 1.239346 255 255 255 6 1018
7.197723 -1.512555 1.239906 251 246 240 6 1018
9.731798 -2.115292 1.676435 243 221 191 1 4000
9.736168 -2.186491 1.677188 236 213 182 1 4000
9.740541 -2.257753 1.677940 231 207 176 1 4000
9.744919 -2.329080 1.678694 243 221 191 1 4000
9.749300 -2.400470 1.679449 241 223 195 1 4000
9.753687 -2.471925 1.680205 236 218 189 1 4000
9.758076 -2.543445 1.680961 230 208 179 1 4000
9.762468 -2.615028 1.681718 235 214 184 1 4000
5.562295 -1.530080 0.958181 217 171 145 9 1030
5.535930 -1.562771 0.953639 173 135 114 9 1030
5.613925 -1.625294 0.967075 161 161 159 9 1030
5.595851 -1.660437 0.963961 230 230 228 9 1030
5.601937 -1.702662 0.965010 211 211 209 9 1030
5.627621 -1.751073 0.969434 228 228 226 9 1030
5.667385 -1.804337 0.976284 214 214 212 9 1030
9.797599 -3.189974 1.687769 215 199 183 4 1000
9.748730 -3.244402 1.679351 226 194 128 4 1000
9.695021 -3.296479 1.670099 255 223 147 4 1000
9.641901 -3.347986 1.660948 255 224 148 4 1000
9.589360 -3.398932 1.651897 255 225 148 4 1000
9.537389 -3.449325 1.642944 255 222 146 4 1000
9.485978 -3.499175 1.634088 255 197 129 4 1000
9.341043 -3.513109 1.609121 255 245 223 3 4003
9.291224 -3.561412 1.600539 255 245 223 3 4003
9.241935 -3.609201 1.592049 255 247 226 3 4003
9.193166 -3.656486 1.583647 255 247 225 3 4003
9.144909 -3.703275 1.575335 255 247 225 3 4003
9.097157 -3.749576 1.567109 255 255 255 3 4003
9.049900 -3.795395 1.558968 255 255 255 3 4003
9.003131 -3.840741 1.550911 255 255 255 3 4003
8.956843 -3.885620 1.542938 255 255 255 3 4003
8.911030 -3.930040 1.535046 255 255 255 3 4003
8.865681 -3.974008 1.527234 255 255 255 3 4003
8.820793 -4.017531 1.519501 255 255 255 3 4003
8.776356 -4.060616 1.511846 255 255 255 3 4003
8.732365 -4.103268 1.504268 255 255 255 3 4003
8.688813 -4.145495 1.496766 255 255 255 3 4003
8.645694 -4.187304 1.489338 255 255 255 3 4003
8.603000 -4.228698 1.481983 255 255 255 3 4003
8.560725 -4.269687 1.474701 255 255 255 3 4003
8.518864 -4.310274 1.467490 255 255 255 3 4003
8.477410 -4.350466 1.460349 255 255 255 3 4003
8.436359 -4.390269 1.453277 255 255 255 3 4003
8.395702 -4.429688 1.446274 255 255 255 3 4003
8.355436 -4.468730 1.439337 255 255 255 3 4003
8.315554 -4.507399 1.432467 255 255 255 3 4003
8.276051 -4.545700 1.425662 255 255 255 3 4003
8.236921 -4.583639 1.418921 255 255 253 3 4003
8.198159 -4.621220 1.412244 255 255 255 3 4003
8.159762 -4.658451 1.405630 255 255 255 3 4003
6.548193 3.773833 1.080769 213 162 89 10 1005
6.578707 3.743952 1.085805 216 166 93 10 1005
6.609507 3.713791 1.090889 217 166 92 10 1005
8.269861 4.587053 1.364928 255 255 255 3 4004
8.308932 4.548773 1.371376 255 255 255 3 4004
8.348372 4.510129 1.377886 255 255 250 3 4004
8.388189 4.471117 1.384458 255 255 253 3 4004
8.428389 4.431732 1.391093 255 255 253 3 4004
8.468974 4.391967 1.397791 255 255 254 3 4004
8.509954 4.351818 1.404555 255 255 251 3 4004
8.551332 4.311277 1.411384 255 255 255 3 4004
8.593112 4.270340 1.418280 255 255 254 3 4004
8.635305 4.229002 1.425244 255 255 254 3 4004
8.677914 4.187255 1.432276 255 255 254 3 4004
8.720943 4.145095 1.439378 255 255 254 3 4004
8.764404 4.102514 1.446551 254 241 219 3 4004
8.808299 4.059507 1.453796 254 241 218 3 4004
8.852636 4.016067 1.461114 255 243 220 3 4004
8.897422 3.972188 1.468506 254 240 219 3 4004
8.942662 3.927861 1.475973 236 224 204 3 4004
8.988366 3.883083 1.483516 206 195 177 3 4004
9.034539 3.837844 1.491137 208 198 181 3 4004
9.081188 3.792137 1.498836 239 227 207 3 4004
9.128323 3.745957 1.506616 206 197 178 3 4004
9.160419 3.693033 1.511913 206 187 161 1 4000
9.164289 3.628471 1.512552 207 185 156 1 4000
9.168165 3.563855 1.513191 232 211 181 1 4000
9.172044 3.499185 1.513832 246 224 192 1 4000
9.175925 3.434459 1.514472 247 225 193 1 4000
9.179810 3.369678 1.515113 240 216 183 1 4000
9.183698 3.304843 1.515755 243 216 181 1 4000
6.300475 2.221828 1.039883 43 55 106 9 3001
6.275944 2.167895 1.035835 49 63 119 9 3001
6.291302 2.127807 1.038370 51 65 122 9 3001
6.330483 2.095382 1.044836 53 68 128 9 3001
6.265762 2.028751 1.034154 17 23 51 9 3001
6.269338 1.984674 1.034745 17 23 51 9 3001
6.285603 1.944471 1.037429 46 60 113 9 3001
6.361209 1.921962 1.049908 66 84 155 9 3001
6.256249 1.845110 1.032584 255 255 225 9 3001
9.222760 2.653457 1.522202 244 216 185 1 4000
9.226685 2.588013 1.522850 255 231 197 1 4000
9.230612 2.522514 1.523498 250 223 190 1 4000
9.234544 2.456959 1.524147 252 228 196 1 4000
9.238478 2.391348 1.524796 250 226 194 1 4000
9.242415 2.325681 1.525446 252 228 196 1 4000
9.246358 2.259958 1.526097 244 217 183 1 4000
9.250300 2.194179 1.526748 228 203 172 1 4000
9.254251 2.128344 1.527400 239 214 182 1 4000
9.258201 2.062453 1.528052 239 215 183 1 4000
9.262156 1.996505 1.528705 238 212 180 1 4000
9.266113 1.930501 1.529358 231 204 173 1 4000
9.270076 1.864441 1.530012 239 214 183 1 4000
9.274040 1.798324 1.530666 255 238 206 1 4000
9.278008 1.732150 1.531321 255 237 203 1 4000
9.281980 1.665920 1.531976 254 226 193 1 4000
9.285955 1.599633 1.532633 255 238 204 1 4000
9.289934 1.533290 1.533289 255 243 207 1 4000
9.293915 1.466889 1.533946 255 239 202 1 4000
6.203466 0.934354 1.023872 222 108 17 8 2000
6.205876 0.889940 1.024270 255 146 32 8 2000
6.885212 0.937680 1.136394 255 255 255 6 1020
6.888180 0.888385 1.136883 255 255 255 6 1020
6.891150 0.839046 1.137374 255 255 255 6 1020
6.894124 0.789666 1.137864 255 255 255 6 1020
6.897096 0.740242 1.138355 255 255 255 6 1020
6.900068 0.690775 1.138846 255 255 255 6 1020
6.903044 0.641266 1.139337 255 255 255 6 1020
6.906022 0.591714 1.139828 255 255 255 6 1020
6.909001 0.542120 1.140320 255 255 255 6 1020
6.911984 0.492482 1.140812 255 255 255 6 1020
6.914925 0.442799 1.141298 255 255 255 6 1020
6.917485 0.393052 1.141720 255 255 255 6 1019
6.920623 0.343296 1.142238 255 255 255 6 1019
6.923790 0.293496 1.142761 255 255 255 6 1019
6.926960 0.243651 1.143284 255 255 255 6 1019
6.930132 0.193760 1.143808 255 255 255 6 1019
6.933309 0.143823 1.144332 255 255 255 6 1019
6.936487 0.093841 1.144856 255 255 255 6 1019
6.939668 0.043813 1.145381 255 255 255 6 1019
6.942852 -0.006261 1.145907 255 255 255 6 1019
6.946040 -0.056382 1.146433 255 255 255 6 1019
6.949230 -0.106548 1.146960 255 255 255 6 1019
6.952426 -0.156760 1.147487 255 255 255 6 1019
6.955630 -0.207019 1.148016 255 254 255 6 1019
6.958835 -0.257324 1.148545 255 254 255 6 1019
6.919673 -0.305803 1.142081 71 69 65 10 1024
6.873645 -0.353364 1.134484 112 112 105 10 1024
6.823319 -0.400008 1.126178 98 103 100 10 1024
6.774469 -0.446024 1.118116 111 111 106 10 1024
6.714113 -0.490494 1.108154 62 58 52 10 1024
6.650198 -0.533807 1.097605 172 172 168 10 1024
6.680278 -0.584422 1.102570 136 137 135 10 1024
6.734385 -0.637745 1.111500 135 136 134 10 1024
6.790694 -0.692074 1.120793 75 77 76 10 1024
6.987417 -0.762539 1.153262 255 255 255 6 1018
6.990478 -0.813311 1.153767 255 255 255 6 1018
6.993542 -0.864128 1.154273 255 255 255 6 1018
6.996608 -0.914989 1.154779 255 255 255 6 1018
6.999676 -0.965894 1.155286 255 255 255 6 1018
7.002748 -1.016844 1.155793 255 255 255 6 1018
7.005823 -1.067840 1.156300 255 255 255 6 1018
7.008905 -1.118880 1.156809 255 255 255 6 1018
7.011989 -1.169966 1.157318 255 255 255 6 1018
7.015075 -1.221096 1.157827 255 255 255 6 1018
7.018163 -1.272271 1.158337 255 255 255 6 1018
7.021255 -1.323492 1.158847 255 255 255 6 1018
7.024349 -1.374757 1.159358 255 255 255 6 1018
7.027447 -1.426068 1.159869 255 255 255 6 1018
7.030547 -1.477424 1.160381 255 255 255 6 1018
7.033649 -1.528826 1.160893 255 255 255 6 1018
7.036755 -1.580273 1.161404 255 255 255 6 1018
7.039863 -1.631765 1.161918 255 255 255 6 1018
7.042943 -1.683295 1.162426 250 244 239 6 1018
9.522484 -2.344624 1.571670 236 209 178 1 4000
9.526668 -2.414391 1.572360 243 219 189 1 4000
9.530854 -2.484220 1.573051 244 219 188 1 4000
9.535046 -2.554109 1.573743 232 208 177 1 4000
5.574698 -1.533492 0.920095 213 169 143 9 1030
5.557592 -1.568886 0.917271 164 127 107 9 1030
5.617084 -1.626209 0.927090 237 237 235 9 1030
5.604990 -1.663148 0.925094 221 221 219 9 1030
5.611701 -1.705629 0.926202 220 220 218 9 1030
5.629595 -1.751687 0.929155 230 230 228 9 1030
5.674619 -1.806640 0.936586 211 211 208 9 1030
5.773933 -1.879920 0.952978 203 196 187 9 1030
9.572932 -3.185896 1.579996 236 212 179 1 4000
9.577161 -3.256405 1.580694 235 209 175 1 4000
9.581392 -3.326976 1.581393 231 203 170 1 4000
9.585629 -3.397609 1.582092 212 192 168 1 4000
9.557860 -3.456729 1.577509 240 208 177 4 1000
9.507103 -3.506968 1.569131 255 194 127 4 1000
9.361738 -3.520893 1.545139 255 246 223 3 4003
9.311699 -3.569260 1.536880 255 246 223 3 4003
9.262194 -3.617113 1.528710 255 245 222 3 4003
9.213210 -3.664459 1.520625 255 246 224 3 4003
9.164742 -3.711307 1.512625 255 245 223 3 4003
9.116783 -3.757665 1.504710 255 255 255 3 4003
9.069324 -3.803541 1.496877 255 255 255 3 4003
9.022354 -3.848941 1.489124 255 255 255 3 4003
8.975868 -3.893873 1.481452 255 255 255 3 4003
8.929860 -3.938345 1.473858 255 255 255 3 4003
8.884321 -3.982364 1.466342 255 255 255 3 4003
8.839244 -4.025935 1.458903 255 255 255 3 4003
8.794621 -4.069067 1.451538 255 255 255 3 4003
8.750448 -4.111765 1.444247 255 255 255 3 4003
8.706716 -4.154037 1.437029 255 255 255 3 4003
8.663418 -4.195888 1.429883 255 255 255 3 4003
8.620550 -4.237325 1.422807 255 255 255 3 4003
8.578104 -4.278354 1.415802 255 255 255 3 4003
8.536072 -4.318980 1.408864 255 255 255 3 4003
8.494452 -4.359211 1.401995 255 255 255 3 4003
8.453235 -4.399051 1.395192 255 255 255 3 4003
8.412416 -4.438507 1.388455 255 255 255 3 4003
8.371990 -4.477583 1.381783 255 255 255 3 4003
8.331950 -4.516286 1.375175 255 255 255 3 4003
8.292292 -4.554620 1.368629 255 255 255 3 4003
8.253009 -4.592591 1.362145 255 255 255 3 4003
8.214096 -4.630204 1.355723 255 255 255 3 4003
8.175549 -4.667463 1.349361 255 255 255 3 4003
6.561978 3.781778 1.035698 215 164 90 10 1005
6.592622 3.751871 1.040535 219 168 94 10 1005
6.623552 3.721683 1.045416 218 166 93 10 1005
8.287519 4.596847 1.308046 255 255 253 3 4004
8.326756 4.558531 1.314239 255 255 251 3 4004
8.366367 4.519851 1.320491 255 255 247 3 4004
8.406357 4.480801 1.326802 255 255 252 3 4004
8.446730 4.441376 1.333175 255 255 252 3 4004
8.487494 4.401571 1.339609 255 255 252 3 4004
8.528652 4.361379 1.346105 255 255 248 3 4004
8.570212 4.320796 1.352664 255 255 255 3 4004
8.612180 4.279815 1.359288 255 255 254 3 4004
8.654559 4.238431 1.365977 255 255 255 3 4004
8.697359 4.196638 1.372732 255 255 252 3 4004
8.740583 4.154429 1.379554 255 255 255 3 4004
8.784239 4.111799 1.386445 255 255 240 3 4004
8.828334 4.068741 1.393404 254 241 220 3 4004
8.872872 4.025248 1.400434 253 240 219 3 4004
8.917864 3.981314 1.407535 226 215 196 3 4004
8.941419 3.927315 1.411253 211 190 163 1 4000
8.945107 3.864394 1.411835 206 187 159 1 4000
8.948799 3.801421 1.412418 212 194 168 1 4000
8.952494 3.738397 1.413001 212 193 166 1 4000
8.956193 3.675320 1.413585 209 187 160 1 4000
8.959892 3.612191 1.414169 207 186 158 1 4000
8.963597 3.549010 1.414753 233 214 185 1 4000
8.967303 3.485776 1.415338 221 206 181 1 4000
8.971014 3.422491 1.415924 235 218 191 1 4000
8.974727 3.359152 1.416510 226 204 175 1 4000
8.978443 3.295762 1.417096 232 210 181 1 4000
8.982162 3.232319 1.417684 236 215 185 1 4000
6.317048 2.227672 0.997040 33 44 86 9 3001
6.282807 2.170266 0.991636 42 54 104 9 3001
6.297039 2.129747 0.993882 43 56 107 9 3001
6.336597 2.097406 1.000126 57 73 137 9 3001
6.269238 2.029877 0.989494 49 63 119 9 3001
6.277639 1.987302 0.990820 49 63 118 9 3001
6.292327 1.946551 0.993138 50 65 122 9 3001
6.257704 1.890689 0.987674 202 171 146 9 3001
6.249528 1.843127 0.986383 255 255 229 9 3001
6.283986 1.807950 0.991822 255 247 210 9 3001
9.023279 2.530959 1.424173 250 223 189 1 4000
9.027035 2.466881 1.424766 250 227 196 1 4000
9.030795 2.402749 1.425359 255 235 204 1 4000
9.034558 2.338564 1.425953 255 235 205 1 4000
9.038324 2.274325 1.426548 253 229 197 1 4000
9.042092 2.210032 1.427143 246 219 185 1 4000
9.045866 2.145687 1.427738 241 216 184 1 4000
9.049640 2.081286 1.428334 249 224 195 1 4000
9.053420 2.016834 1.428930 246 222 191 1 4000
9.057200 1.952326 1.429527 238 213 181 1 4000
9.060986 1.887765 1.430125 242 216 183 1 4000
9.064773 1.823149 1.430722 247 223 189 1 4000
9.068565 1.758480 1.431321 255 231 195 1 4000
9.072359 1.693757 1.431920 255 237 203 1 4000
9.076157 1.628979 1.432519 255 244 220 1 4000
6.717987 1.157265 1.060322 255 255 255 6 1020
6.720810 1.109260 1.060767 255 255 255 6 1020
6.723638 1.061214 1.061213 255 255 255 6 1020
6.226036 0.937753 0.982675 207 101 22 8 2000
6.225493 0.892753 0.982590 255 141 28 8 2000
6.732134 0.916833 1.062554 255 255 255 6 1020
6.734972 0.868625 1.063002 255 255 255 6 1020
6.737811 0.820376 1.063450 255 255 255 6 1020
6.740650 0.772087 1.063898 255 255 255 6 1020
6.743489 0.723756 1.064347 255 255 255 6 1020
6.746330 0.675385 1.064795 255 255 255 6 1020
6.749175 0.626972 1.065244 255 255 255 6 1020
6.752021 0.578519 1.065693 255 255 255 6 1020
6.754869 0.530026 1.066143 255 255 255 6 1020
6.757720 0.481491 1.066593 255 255 255 6 1020
6.760574 0.432915 1.067043 255 255 255 6 1020
6.763430 0.384298 1.067494 255 255 255 6 1020
6.766288 0.335640 1.067945 255 255 255 6 1020
6.769117 0.286940 1.068392 255 255 255 6 1020
6.771529 0.238184 1.068772 255 254 252 6 1019
6.774511 0.189409 1.069243 255 255 255 6 1019
6.363397 0.132001 1.004355 198 200 200 10 1028
6.318594 0.085482 0.997284 89 91 89 10 1028
6.097178 0.038494 0.962337 186 186 182 10 1028
6.107109 -0.005508 0.963905 189 189 185 10 1028
6.134451 -0.049794 0.968220 188 189 186 10 1028
6.173350 -0.094652 0.974360 189 191 187 10 1028
6.795818 -0.153229 1.072606 255 255 255 6 1019
6.798878 -0.202354 1.073089 255 255 255 6 1019
6.801941 -0.251522 1.073572 255 255 255 6 1019
6.805006 -0.300735 1.074056 255 255 255 6 1019
6.808051 -0.349992 1.074537 255 255 255 6 1019
6.809370 -0.399191 1.074745 255 255 255 6 1018
6.556365 -0.431664 1.034812 255 255 255 10 1024
6.595997 -0.481865 1.041067 121 122 120 10 1024
6.649892 -0.533783 1.049574 113 114 113 10 1024
6.703455 -0.586449 1.058028 119 121 120 10 1024
6.757932 -0.639975 1.066626 170 171 169 10 1024
6.826843 -0.695758 1.077503 235 235 232 6 1018
6.829764 -0.745334 1.077964 255 255 255 6 1018
6.832688 -0.794953 1.078425 255 255 255 6 1018
6.835616 -0.844614 1.078887 255 255 255 6 1018
6.838544 -0.894318 1.079350 255 255 255 6 1018
6.841476 -0.944064 1.079812 255 255 255 6 1018
6.844410 -0.993853 1.080275 255 255 255 6 1018
6.847351 -1.043685 1.080739 255 255 255 6 1018
6.850293 -1.093560 1.081204 255 255 255 6 1018
6.853238 -1.143478 1.081669 255 255 255 6 1018
6.856187 -1.193439 1.082134 255 255 255 6 1018
6.859138 -1.243443 1.082600 255 255 255 6 1018
6.862091 -1.293490 1.083066 255 255 255 6 1018
6.865047 -1.343580 1.083532 255 255 255 6 1018
6.868004 -1.393713 1.083999 255 255 255 6 1018
6.870965 -1.443889 1.084466 255 255 255 6 1018
6.873928 -1.494109 1.084933 255 255 255 6 1018
6.876894 -1.544372 1.085401 255 255 255 6 1018
6.879862 -1.594679 1.085870 255 255 255 6 1018
6.882833 -1.645028 1.086339 255 255 255 6 1018
6.885807 -1.695422 1.086808 255 255 255 6 1018
6.888783 -1.745859 1.087278 255 255 255 6 1018
6.891762 -1.796339 1.087748 255 255 255 6 1018
6.894678 -1.846846 1.088208 253 247 241 6 1018
5.588938 -1.537409 0.882119 204 162 138 9 1030
5.586375 -1.577011 0.881715 134 105 88 9 1030
5.619117 -1.626797 0.886883 240 240 238 9 1030
5.610913 -1.664906 0.885588 216 216 215 9 1030
5.616192 -1.706995 0.886421 224 224 222 9 1030
5.632751 -1.752669 0.889035 226 226 224 9 1030
5.689742 -1.811455 0.898029 201 201 199 9 1030
5.760192 -1.875446 0.909149 192 192 190 9 1030
9.354156 -3.113087 1.476395 237 211 180 1 4000
9.358192 -3.181952 1.477033 242 216 184 1 4000
9.362233 -3.250877 1.477670 245 221 189 1 4000
9.366278 -3.319861 1.478309 231 206 174 1 4000
9.370325 -3.388905 1.478948 213 191 163 1 4000
9.374376 -3.458008 1.479587 224 204 176 1 4000
9.378430 -3.527171 1.480227 210 193 171 1 4000
9.332264 -3.577142 1.472940 255 243 221 3 4003
9.282539 -3.625058 1.465092 255 245 222 3 4003
9.233341 -3.672466 1.457327 255 246 225 3 4003
9.184662 -3.719374 1.449644 255 247 224 3 4003
9.136495 -3.765790 1.442041 255 255 255 3 4003
9.088829 -3.811722 1.434518 255 255 255 3 4003
9.041658 -3.857177 1.427073 255 255 255 3 4003
8.994975 -3.902162 1.419705 255 255 255 3 4003
8.948771 -3.946686 1.412412 255 255 252 3 4003
8.903040 -3.990754 1.405194 255 255 255 3 4003
8.857773 -4.034375 1.398050 255 255 255 3 4003
8.812963 -4.077553 1.390977 255 255 255 3 4003
8.768605 -4.120297 1.383976 255 255 255 3 4003
8.724693 -4.162614 1.377045 255 255 255 3 4003
8.681217 -4.204508 1.370183 255 255 255 3 4003
8.638173 -4.245987 1.363390 255 255 255 3 4003
8.595553 -4.287057 1.356663 255 255 255 3 4003
8.553351 -4.327724 1.350002 255 255 255 3 4003
8.511562 -4.367992 1.343406 255 255 255 3 4003
8.470181 -4.407870 1.336875 255 255 255 3 4003
8.429197 -4.447361 1.330406 255 255 255 3 4003
8.388610 -4.486472 1.324000 255 255 255 3 4003
8.348412 -4.525208 1.317656 255 255 255 3 4003
8.308596 -4.563575 1.311371 255 255 255 3 4003
8.269158 -4.601578 1.305147 255 255 255 3 4003
8.230094 -4.639221 1.298981 255 255 255 3 4003
8.191398 -4.676511 1.292874 255 255 255 3 4003
6.575822 3.789756 0.990437 216 164 90 10 1005
6.606596 3.759823 0.995072 219 166 90 10 1005
6.637658 3.729608 0.999751 214 162 88 10 1005
8.305252 4.606683 1.250920 255 255 251 3 4004
8.344658 4.568331 1.256855 255 255 251 3 4004
8.384439 4.529614 1.262847 255 255 254 3 4004
8.424603 4.490527 1.268897 255 255 252 3 4004
8.465152 4.451062 1.275004 255 255 251 3 4004
8.506094 4.411216 1.281171 255 255 254 3 4004
8.547434 4.370984 1.287397 255 255 251 3 4004
8.589177 4.330357 1.293684 255 255 255 3 4004
8.631330 4.289332 1.300034 255 255 253 3 4004
8.673900 4.247903 1.306445 255 255 251 3 4004
8.716889 4.206062 1.312920 227 226 217 3 4004
8.732646 4.150657 1.315293 234 210 179 1 4000
8.736165 4.089296 1.315823 238 213 181 1 4000
8.739685 4.027885 1.316354 228 204 174 1 4000
8.743210 3.966425 1.316885 220 193 163 1 4000
8.746737 3.904915 1.317416 214 190 160 1 4000
8.750266 3.843356 1.317947 227 207 178 1 4000
8.753799 3.781747 1.318480 232 214 188 1 4000
8.757335 3.720088 1.319012 232 214 188 1 4000
8.760872 3.658379 1.319545 227 208 180 1 4000
8.764414 3.596620 1.320078 222 198 169 1 4000
8.767958 3.534812 1.320612 226 202 173 1 4000
8.771505 3.472954 1.321146 235 213 185 1 4000
8.775055 3.411045 1.321681 238 217 187 1 4000
8.778606 3.349086 1.322216 229 206 175 1 4000
8.782164 3.287078 1.322752 254 230 197 1 4000
8.785721 3.225018 1.323287 255 234 204 1 4000
8.789283 3.162909 1.323824 255 232 200 1 4000
6.340384 2.235902 0.954976 27 35 72 9 3001
6.296131 2.174868 0.948310 40 51 99 9 3001
6.310100 2.134164 0.950414 40 52 100 9 3001
6.346069 2.100541 0.955832 54 69 130 9 3001
6.287648 2.035837 0.947033 17 23 51 9 3001
6.290967 1.991521 0.947533 45 59 111 9 3001
6.306839 1.951041 0.949923 49 63 118 9 3001
6.255833 1.890124 0.942241 255 255 225 9 3001
6.254466 1.844584 0.942035 255 234 200 9 3001
6.287144 1.808858 0.946957 226 196 167 9 3001
8.828649 2.476367 1.329753 255 232 199 1 4000
8.832245 2.413649 1.330295 255 240 204 1 4000
8.835844 2.350880 1.330837 255 244 209 1 4000
8.839446 2.288060 1.331380 255 244 210 1 4000
8.843051 2.225188 1.331922 255 232 196 1 4000
8.846659 2.162265 1.332466 255 244 209 1 4000
8.850270 2.099291 1.333010 255 249 216 1 4000
8.853884 2.036266 1.333554 252 231 199 1 4000
8.857501 1.973189 1.334099 243 218 185 1 4000
8.861120 1.910060 1.334644 242 216 184 1 4000
6.558661 1.366431 0.987852 255 249 243 6 1020
6.561381 1.319655 0.988262 255 255 255 6 1020
6.564076 1.272836 0.988668 255 255 255 6 1020
6.566774 1.225978 0.989074 255 255 255 6 1020
6.569473 1.179082 0.989481 255 255 255 6 1020
6.572175 1.132147 0.989888 255 255 255 6 1020
6.574878 1.085174 0.990295 255 255 255 6 1020
6.296368 0.993776 0.948346 255 146 37 8 2000
6.244176 0.940485 0.940485 247 136 39 8 2000
6.244036 0.895412 0.940464 255 155 27 8 2000
6.305611 0.858746 0.949738 255 158 56 8 2000
6.588430 0.849725 0.992336 255 255 255 6 1020
6.591144 0.802518 0.992745 255 255 255 6 1020
6.593859 0.755273 0.993154 255 255 255 6 1020
6.596575 0.707988 0.993563 255 255 255 6 1020
6.599294 0.660664 0.993972 255 255 255 6 1020
6.602015 0.613302 0.994382 255 255 255 6 1020
6.604739 0.565900 0.994792 255 255 255 6 1020
6.607465 0.518459 0.995203 255 255 255 6 1020
6.610192 0.470979 0.995614 255 255 255 6 1020
6.612923 0.423460 0.996025 255 255 255 6 1020
6.615655 0.375902 0.996437 255 255 255 6 1020
6.618390 0.328304 0.996849 255 255 255 6 1020
6.187063 0.262267 0.931883 90 90 89 10 1028
6.142406 0.216055 0.925157 79 80 79 10 1028
6.098363 0.170505 0.918523 121 121 119 10 1028
6.038404 0.125260 0.909492 45 45 45 10 1028
6.011724 0.081330 0.905474 191 192 189 10 1028
6.038216 0.038122 0.909464 185 189 185 10 1028
6.064941 -0.005470 0.913489 179 186 185 10 1028
6.094512 -0.049470 0.917943 173 184 184 10 1028
6.142915 -0.094185 0.925233 165 180 180 10 1028
6.192090 -0.139616 0.932640 189 195 195 10 1028
6.648468 -0.197877 1.001379 255 255 255 6 1018
6.651234 -0.245949 1.001795 255 255 255 6 1018
6.654006 -0.294062 1.002213 255 255 255 6 1018
6.656782 -0.342215 1.002631 255 255 255 6 1018
6.659559 -0.390408 1.003049 255 255 255 6 1018
6.566310 -0.432319 0.989004 133 133 129 10 1024
6.665122 -0.486915 1.003887 204 204 204 6 1018
6.667907 -0.535229 1.004307 215 208 207 6 1018
6.670694 -0.583583 1.004726 255 255 255 6 1018
6.673483 -0.631978 1.005147 255 255 255 6 1018
6.676275 -0.680413 1.005567 255 255 255 6 1018
6.679069 -0.728889 1.005988 255 255 255 6 1018
6.681866 -0.777405 1.006409 255 255 255 6 1018
6.684664 -0.825962 1.006831 255 255 255 6 1018
6.687466 -0.874560 1.007253 255 255 255 6 1018
6.690269 -0.923199 1.007675 255 255 255 6 1018
6.693076 -0.971878 1.008098 255 255 255 6 1018
6.695887 -1.020599 1.008521 255 255 255 6 1018
6.698701 -1.069360 1.008945 255 255 255 6 1018
6.701518 -1.118163 1.009369 255 255 255 6 1018
6.704337 -1.167007 1.009794 255 255 255 6 1018
6.707158 -1.215891 1.010219 255 255 255 6 1018
6.709982 -1.264817 1.010644 255 255 255 6 1018
6.712808 -1.313785 1.011070 255 255 255 6 1018
6.715636 -1.362793 1.011495 255 255 255 6 1018
6.718467 -1.411843 1.011921 255 255 255 6 1018
6.721300 -1.460934 1.012348 255 255 255 6 1018
6.724136 -1.510067 1.012775 255 255 255 6 1018
6.726974 -1.559241 1.013202 255 255 255 6 1018
6.729814 -1.608456 1.013630 255 255 255 6 1018
6.732657 -1.657713 1.014058 255 255 255 6 1018
6.735463 -1.707002 1.014481 255 255 255 6 1018
6.757164 -1.761257 1.017750 246 243 240 6 1018
6.825798 -1.828395 1.028087 217 206 203 6 1018
5.606715 -1.542299 0.844471 191 150 127 9 1030
5.650023 -1.594979 0.850994 244 244 242 9 1030
5.631980 -1.630521 0.848277 230 230 228 9 1030
5.622813 -1.668437 0.846896 215 215 213 9 1030
5.624381 -1.709484 0.847132 212 212 210 9 1030
5.641886 -1.755511 0.849769 209 209 207 9 1030
5.716760 -1.820057 0.861046 204 204 202 9 1030
9.141298 -2.976291 1.376843 248 224 193 1 4000
9.145155 -3.043531 1.377424 241 216 183 1 4000
9.149014 -3.110827 1.378005 220 198 169 1 4000
9.152876 -3.178181 1.378587 226 206 177 1 4000
9.156740 -3.245591 1.379169 226 207 179 1 4000
9.160609 -3.313058 1.379751 222 202 174 1 4000
9.164481 -3.380582 1.380335 208 187 160 1 4000
9.168356 -3.448163 1.380918 222 201 171 1 4000
9.172235 -3.515802 1.381502 225 206 179 1 4000
9.176116 -3.583497 1.382087 221 202 174 1 4000
9.180002 -3.651250 1.382672 211 189 159 1 4000
9.183889 -3.719061 1.383258 233 207 176 1 4000
9.156292 -3.773950 1.379101 255 255 242 3 4003
9.108420 -3.819938 1.371891 255 255 255 3 4003
9.061047 -3.865448 1.364756 255 255 255 3 4003
9.014163 -3.910486 1.357694 255 255 255 3 4003
8.967763 -3.955062 1.350705 255 255 255 3 4003
8.921837 -3.999180 1.343788 255 255 255 3 4003
8.876379 -4.042849 1.336941 255 255 255 3 4003
8.831382 -4.086075 1.330164 255 255 255 3 4003
8.786839 -4.128865 1.323455 255 255 255 3 4003
8.742743 -4.171226 1.316813 255 255 255 3 4003
8.699088 -4.213163 1.310238 255 255 255 3 4003
8.655867 -4.254684 1.303728 255 255 255 3 4003
8.613072 -4.295794 1.297283 255 255 255 3 4003
8.570700 -4.336501 1.290900 255 255 255 3 4003
8.528740 -4.376808 1.284581 255 255 255 3 4003
8.487191 -4.416722 1.278323 255 255 255 3 4003
8.446044 -4.456250 1.272125 255 255 255 3 4003
8.405294 -4.495396 1.265988 255 255 255 3 4003
8.364938 -4.534167 1.259909 255 255 255 3 4003
8.324965 -4.572566 1.253888 255 255 255 3 4003
8.285373 -4.610600 1.247925 255 255 247 3 4003
8.246155 -4.648275 1.242018 255 254 232 3 4003
8.207307 -4.685595 1.236167 255 255 240 3 4003
6.589725 3.797769 0.944985 214 161 85 10 1005
6.620628 3.767809 0.949416 216 164 90 10 1005
6.651822 3.737567 0.953890 215 163 91 10 1005
8.323061 4.616560 1.193550 246 236 224 3 4004
8.362637 4.578174 1.199225 255 255 253 3 4004
8.402591 4.539420 1.204955 255 255 252 3 4004
8.442928 4.500294 1.210739 255 255 253 3 4004
8.483654 4.460791 1.216579 255 255 254 3 4004
8.524775 4.420904 1.222476 236 233 227 3 4004
8.533400 4.363807 1.223713 243 219 188 1 4000
8.536759 4.303930 1.224195 247 223 193 1 4000
8.540122 4.244006 1.224677 246 220 189 1 4000
8.543488 4.184035 1.225160 235 209 179 1 4000
8.546854 4.124017 1.225642 248 224 193 1 4000
8.550225 4.063952 1.226126 254 228 196 1 4000
8.553596 4.003838 1.226609 252 226 192 1 4000
8.556973 3.943678 1.227093 249 222 188 1 4000
8.560351 3.883470 1.227578 228 203 173 1 4000
8.563732 3.823214 1.228063 231 206 178 1 4000
8.567116 3.762911 1.228548 237 215 187 1 4000
8.570502 3.702560 1.229034 235 211 180 1 4000
8.573891 3.642162 1.229519 229 201 167 1 4000
8.577283 3.581715 1.230006 240 216 185 1 4000
8.580677 3.521221 1.230493 241 216 185 1 4000
8.584073 3.460679 1.230980 242 218 186 1 4000
8.587474 3.400089 1.231467 244 219 188 1 4000
8.590876 3.339451 1.231955 231 204 174 1 4000
8.594282 3.278765 1.232444 237 208 175 1 4000
8.597689 3.218031 1.232932 243 222 192 1 4000
8.601100 3.157248 1.233421 255 240 208 1 4000
8.604512 3.096417 1.233911 255 230 193 1 4000
6.491509 2.289195 0.930900 136 114 96 9 3001
6.310940 2.179984 0.905006 38 50 96 9 3001
6.322855 2.138478 0.906715 38 50 96 9 3001
6.354775 2.103423 0.911292 52 67 126 9 3001
6.313308 2.044146 0.905346 17 23 51 9 3001
6.305730 1.996195 0.904259 45 58 110 9 3001
6.323253 1.956118 0.906772 50 64 120 9 3001
6.403323 1.934686 0.918254 59 75 140 9 3001
6.260612 1.846396 0.897789 205 181 152 9 3001
8.638794 2.485445 1.238827 191 166 142 1 4000
8.642237 2.424080 1.239321 255 232 199 1 4000
8.645683 2.362666 1.239815 255 232 200 1 4000
8.649132 2.301203 1.240309 255 236 203 1 4000
8.652583 2.239691 1.240804 255 235 201 1 4000
8.656036 2.178129 1.241300 255 232 195 1 4000
8.659494 2.116519 1.241795 255 244 209 1 4000
6.409320 1.520296 0.919114 223 215 203 6 1020
6.411912 1.474647 0.919486 212 202 200 6 1020
6.414486 1.428957 0.919855 213 203 201 6 1020
6.417062 1.383230 0.920224 213 204 202 6 1020
6.419639 1.337467 0.920594 217 208 206 6 1020
6.422219 1.291667 0.920964 255 255 255 6 1020
6.424800 1.245829 0.921334 255 255 255 6 1020
6.427384 1.199955 0.921705 255 255 255 6 1020
6.429970 1.154044 0.922075 255 255 255 6 1020
6.432558 1.108096 0.922446 255 255 255 6 1020
6.435148 1.062111 0.922818 255 241 229 6 1020
6.312859 0.996379 0.905281 211 114 59 8 2000
6.254427 0.942029 0.896902 255 135 40 8 2000
6.259616 0.897646 0.897646 255 156 26 8 2000
6.301119 0.858134 0.903598 255 164 34 8 2000
6.448125 0.831630 0.924679 255 255 255 6 1020
6.450724 0.785421 0.925052 255 255 255 6 1020
6.453323 0.739176 0.925424 255 255 255 6 1020
6.455925 0.692893 0.925797 255 255 255 6 1020
6.458530 0.646572 0.926171 255 255 255 6 1020
6.461137 0.600215 0.926545 255 255 255 6 1020
6.463745 0.553820 0.926919 255 255 255 6 1020
6.466356 0.507387 0.927293 255 255 255 6 1020
6.468969 0.460917 0.927668 255 255 255 6 1020
6.471583 0.414409 0.928043 255 255 255 6 1020
6.474200 0.367864 0.928418 255 255 255 6 1020
6.304039 0.312710 0.904017 34 36 35 10 1028
6.207150 0.263118 0.890122 75 75 75 10 1028
6.162197 0.216751 0.883676 93 96 94 10 1028
6.102170 0.170611 0.875068 42 43 41 10 1028
6.107199 0.126687 0.875789 18 18 18 10 1028
6.107946 0.082632 0.875896 34 34 33 10 1028
6.018057 0.037994 0.863006 163 179 178 10 1028
6.054226 -0.005460 0.868193 152 169 169 10 1028
6.090832 -0.049440 0.873442 148 160 159 10 1028
6.141517 -0.094164 0.880710 96 106 105 10 1028
6.204173 -0.139889 0.889695 50 53 52 10 1028
6.505577 -0.193624 0.932918 255 255 255 6 1018
6.508231 -0.240661 0.933298 255 255 255 6 1018
6.510886 -0.287737 0.933679 255 255 255 6 1018
6.513544 -0.334851 0.934060 255 255 255 6 1018
6.516203 -0.382004 0.934441 255 255 255 6 1018
6.518864 -0.429195 0.934823 255 255 255 6 1018
6.521528 -0.476425 0.935205 255 254 253 6 1018
6.524194 -0.523693 0.935587 255 255 255 6 1018
6.526862 -0.571000 0.935970 255 255 255 6 1018
6.529533 -0.618346 0.936353 255 255 255 6 1018
6.532205 -0.665730 0.936736 255 255 255 6 1018
6.534880 -0.713154 0.937120 255 255 255 6 1018
6.537558 -0.760616 0.937504 255 255 255 6 1018
6.540236 -0.808117 0.937888 255 255 255 6 1018
6.542917 -0.855657 0.938272 255 255 255 6 1018
6.545601 -0.903236 0.938657 255 255 255 6 1018
6.548288 -0.950854 0.939043 255 255 255 6 1018
6.550980 -0.998512 0.939429 255 255 255 6 1018
6.553673 -1.046209 0.939815 255 255 255 6 1018
6.556369 -1.093945 0.940201 255 255 255 6 1018
6.559067 -1.141720 0.940588 255 255 255 6 1018
6.561768 -1.189535 0.940976 255 255 255 6 1018
6.564470 -1.237389 0.941363 255 255 255 6 1018
6.567176 -1.285283 0.941750 255 255 255 6 1018
6.569882 -1.333215 0.942138 255 255 255 6 1018
6.572592 -1.381188 0.942527 255 255 255 6 1018
6.575304 -1.429201 0.942916 255 255 255 6 1018
6.578017 -1.477252 0.943305 255 255 255 6 1018
6.580709 -1.525338 0.943691 255 255 255 6 1018
6.592600 -1.575661 0.945396 247 244 244 6 1018
6.652390 -1.637950 0.953970 218 207 204 6 1018
6.719408 -1.702933 0.963581 218 206 203 6 1018
8.908538 -2.322013 1.277508 232 218 190 1 4000
5.670436 -1.518914 0.813156 243 213 183 9 1030
5.629284 -1.548507 0.807254 162 128 108 9 1030
5.671424 -1.601020 0.813297 76 114 148 9 1030
5.651345 -1.636127 0.810418 107 133 151 9 1030
5.637616 -1.672830 0.808449 143 154 162 9 1030
5.641694 -1.714746 0.809034 125 138 150 9 1030
5.675933 -1.766106 0.813944 70 92 109 9 1030
5.754968 -1.832221 0.825278 57 74 87 9 1030
8.941601 -2.911272 1.282249 243 223 195 1 4000
8.945289 -2.977015 1.282778 227 206 177 1 4000
8.948982 -3.042813 1.283308 221 198 168 1 4000
8.952676 -3.108665 1.283837 217 195 166 1 4000
8.956375 -3.174572 1.284368 233 214 186 1 4000
8.960074 -3.240532 1.284898 231 215 190 1 4000
8.963779 -3.306548 1.285430 226 210 184 1 4000
8.967487 -3.372617 1.285961 214 191 164 1 4000
8.971196 -3.438742 1.286493 223 202 173 1 4000
8.974910 -3.504921 1.287026 224 204 175 1 4000
8.978625 -3.571155 1.287559 217 195 164 1 4000
8.982346 -3.637445 1.288092 225 202 170 1 4000
8.986068 -3.703789 1.288626 233 205 173 1 4000
8.989794 -3.770188 1.289160 242 218 188 1 4000
8.993522 -3.836642 1.289695 238 215 185 1 4000
8.997254 -3.903151 1.290230 231 206 175 1 4000
8.986834 -3.963473 1.288736 227 214 194 3 4003
8.940713 -4.007641 1.282122 255 255 255 3 4003
8.895063 -4.051359 1.275576 255 255 255 3 4003
8.849878 -4.094633 1.269096 255 255 255 3 4003
8.805148 -4.137469 1.262681 255 255 255 3 4003
8.760870 -4.179874 1.256332 255 255 255 3 4003
8.717034 -4.221855 1.250046 255 255 255 3 4003
8.673635 -4.263418 1.243822 255 255 254 3 4003
8.630665 -4.304569 1.237660 255 255 255 3 4003
8.588119 -4.345315 1.231559 255 255 255 3 4003
8.545990 -4.385660 1.225518 255 255 255 3 4003
8.504272 -4.425611 1.219535 255 255 254 3 4003
8.462960 -4.465175 1.213611 255 255 255 3 4003
8.422049 -4.504356 1.207744 255 255 255 3 4003
8.381529 -4.543160 1.201933 255 255 255 3 4003
8.341398 -4.581593 1.196179 255 255 248 3 4003
8.301649 -4.619658 1.190479 255 255 232 3 4003
8.262279 -4.657363 1.184833 255 252 231 3 4003
8.223278 -4.694713 1.179240 255 253 231 3 4003
6.603685 3.805814 0.899339 212 160 84 10 1005
6.634720 3.775829 0.903566 213 163 88 10 1005
6.666049 3.745561 0.907833 213 162 88 10 1005
6.697674 3.715006 0.912140 215 164 91 10 1005
8.343043 4.567447 1.136218 244 221 190 1 4000
8.346254 4.508985 1.136656 239 214 182 1 4000
8.349469 4.450478 1.137093 235 212 182 1 4000
8.352684 4.391925 1.137531 244 221 190 1 4000
8.355904 4.333328 1.137970 247 225 193 1 4000
8.359124 4.274686 1.138408 249 227 196 1 4000
8.362349 4.215998 1.138847 241 219 188 1 4000
8.365575 4.157265 1.139287 241 219 188 1 4000
8.368803 4.098487 1.139727 254 233 201 1 4000
8.372035 4.039663 1.140167 255 235 206 1 4000
8.375269 3.980794 1.140607 254 235 205 1 4000
8.378506 3.921880 1.141048 248 225 193 1 4000
8.381743 3.862919 1.141489 253 224 190 1 4000
8.384985 3.803914 1.141930 255 236 203 1 4000
8.388228 3.744862 1.142372 245 223 193 1 4000
8.391475 3.685765 1.142814 240 216 187 1 4000
8.394724 3.626622 1.143257 233 209 178 1 4000
8.397975 3.567433 1.143699 247 223 192 1 4000
8.401229 3.508199 1.144143 250 224 192 1 4000
8.404485 3.448918 1.144586 245 219 186 1 4000
8.407744 3.389592 1.145030 243 215 180 1 4000
8.411006 3.330219 1.145474 235 213 184 1 4000
8.414270 3.270801 1.145919 248 231 205 1 4000
8.417537 3.211336 1.146363 245 227 200 1 4000
8.420806 3.151825 1.146809 244 224 196 1 4000
8.424077 3.092268 1.147254 233 210 180 1 4000
8.427352 3.032665 1.147700 246 220 187 1 4000
8.430627 2.973014 1.148146 248 226 194 1 4000
6.331988 2.187254 0.862338 36 47 91 9 3001
6.335354 2.142706 0.862796 37 49 94 9 3001
6.362514 2.105984 0.866495 50 64 120 9 3001
6.334615 2.051044 0.862696 17 23 51 9 3001
6.321179 2.001085 0.860866 23 31 64 9 3001
6.339752 1.961222 0.863395 47 61 115 9 3001
6.425985 1.941534 0.875139 53 68 128 9 3001
6.258547 1.845787 0.852336 233 208 176 9 3001
8.460232 2.434072 1.152178 255 236 199 1 4000
8.463534 2.373955 1.152628 255 246 212 1 4000
8.466839 2.313792 1.153078 249 230 203 1 4000
6.266629 1.667310 0.853437 211 201 199 6 1020
6.269102 1.622735 0.853773 210 200 197 6 1020
6.271562 1.578121 0.854108 210 200 198 6 1020
6.274024 1.533472 0.854444 211 201 198 6 1020
6.276487 1.488788 0.854779 211 201 199 6 1020
6.278954 1.444069 0.855115 216 206 204 6 1020
6.281421 1.399314 0.855451 224 214 212 6 1020
6.283891 1.354525 0.855787 224 214 212 6 1020
6.286362 1.309700 0.856124 229 219 218 6 1020
6.288836 1.264840 0.856461 233 225 225 6 1020
6.291311 1.219944 0.856798 235 227 229 6 1020
6.293789 1.175014 0.857136 230 224 227 6 1020
6.296268 1.130048 0.857473 226 221 225 6 1020
6.298750 1.085046 0.857811 255 255 255 6 1020
6.301234 1.040009 0.858149 255 255 255 6 1020
6.278427 0.990945 0.855043 182 101 47 8 2000
6.269473 0.944296 0.853824 250 125 32 8 2000
6.270300 0.899179 0.853937 255 159 38 8 2000
6.299904 0.857969 0.857968 251 188 125 8 2000
6.313672 0.814289 0.859843 253 242 239 6 1020
6.316162 0.769037 0.860182 255 243 240 6 1020
6.318655 0.723750 0.860522 255 244 242 6 1020
6.321149 0.678428 0.860862 255 255 255 6 1020
6.323646 0.633069 0.861202 255 255 255 6 1020
6.326145 0.587675 0.861542 255 253 253 6 1020
6.328645 0.542244 0.861883 255 255 255 6 1020
6.331147 0.496778 0.862223 255 255 255 6 1020
6.333652 0.451276 0.862564 255 255 255 6 1020
6.336158 0.405737 0.862906 255 255 255 6 1020
6.338667 0.360163 0.863247 255 255 255 6 1020
6.273302 0.311186 0.854345 73 73 72 10 1028
6.227362 0.263975 0.848089 152 152 151 10 1028
6.182122 0.217452 0.841928 104 105 102 10 1028
6.118114 0.171057 0.833211 89 92 91 10 1028
6.120703 0.126967 0.833563 99 100 100 10 1028
6.111834 0.082685 0.832355 119 120 117 10 1028
6.022376 0.038022 0.820172 75 83 82 10 1028
6.067612 -0.005472 0.826333 41 45 43 10 1028
6.113583 -0.049625 0.832594 83 83 80 10 1028
6.183888 -0.094813 0.842168 24 25 24 10 1028
6.367196 -0.143565 0.867133 255 255 255 6 1021
6.374198 -0.189714 0.868086 239 238 237 6 1018
6.371245 -0.235596 0.867684 255 255 255 6 1018
6.373792 -0.281679 0.868031 255 255 255 6 1018
6.376338 -0.327798 0.868378 255 255 255 6 1018
6.378887 -0.373954 0.868725 255 255 255 6 1018
6.381438 -0.420147 0.869072 255 255 255 6 1018
6.383991 -0.466377 0.869420 255 255 254 6 1018
6.386545 -0.512644 0.869768 255 253 251 6 1018
6.389102 -0.558948 0.870116 255 253 250 6 1018
6.391661 -0.605290 0.870465 255 255 255 6 1018
6.394221 -0.651668 0.870813 255 255 255 6 1018
6.396784 -0.698083 0.871162 255 255 255 6 1018
6.399350 -0.744536 0.871512 255 255 255 6 1018
6.401917 -0.791026 0.871861 255 255 255 6 1018
6.404486 -0.837553 0.872211 255 255 255 6 1018
6.407057 -0.884118 0.872561 255 255 255 6 1018
6.409633 -0.930720 0.872912 255 255 255 6 1018
6.412212 -0.977361 0.873263 255 255 255 6 1018
6.414793 -1.024038 0.873615 255 255 255 6 1018
6.417376 -1.070753 0.873967 255 255 255 6 1018
6.419961 -1.117506 0.874319 255 255 255 6 1018
6.422548 -1.164297 0.874671 255 255 255 6 1018
6.425137 -1.211125 0.875023 255 255 255 6 1018
6.427728 -1.257991 0.875376 255 255 255 6 1018
6.430321 -1.304895 0.875729 255 255 255 6 1018
6.432916 -1.351836 0.876082 255 255 255 6 1018
6.435863 -1.398892 0.876483 255 255 255 6 1018
6.487576 -1.456941 0.883526 218 206 203 6 1018
6.551297 -1.518521 0.892204 218 206 203 6 1018
6.620476 -1.582324 0.901625 192 176 160 6 1018
8.711767 -2.145009 1.186433 255 225 190 1 4000
6.920593 -1.753920 0.942497 63 58 66 6 1018
8.718773 -2.272550 1.187387 250 225 192 1 4000
5.671789 -1.519276 0.772426 161 126 107 9 1030
5.648051 -1.553670 0.769193 169 133 115 9 1030
5.684036 -1.604580 0.774094 75 109 142 9 1030
5.666771 -1.640593 0.771743 78 109 136 9 1030
5.661038 -1.679779 0.770962 73 102 123 9 1030
5.670951 -1.723638 0.772312 64 84 97 9 1030
5.789454 -1.801428 0.788451 56 77 91 9 1030
5.821939 -1.853543 0.792875 65 84 98 9 1030
8.750441 -2.849032 1.191700 220 197 167 1 4000
8.753973 -2.913345 1.192181 228 208 180 1 4000
8.757508 -2.977709 1.192662 229 210 184 1 4000
8.761047 -3.042125 1.193144 224 204 178 1 4000
8.764587 -3.106593 1.193626 213 191 163 1 4000
8.768132 -3.171113 1.194109 217 192 163 1 4000
8.771680 -3.235686 1.194592 224 201 173 1 4000
8.775229 -3.300311 1.195076 226 205 176 1 4000
8.778782 -3.364988 1.195560 215 192 163 1 4000
8.782338 -3.429718 1.196044 222 200 171 1 4000
8.785896 -3.494499 1.196528 234 214 186 1 4000
8.789458 -3.559334 1.197013 239 216 185 1 4000
8.793022 -3.624221 1.197499 232 209 178 1 4000
8.796590 -3.689161 1.197985 233 208 177 1 4000
8.800160 -3.754153 1.198471 236 211 180 1 4000
8.803732 -3.819198 1.198957 236 212 181 1 4000
8.807309 -3.884297 1.199445 234 207 174 1 4000
8.810887 -3.949447 1.199932 233 209 177 1 4000
8.814469 -4.014652 1.200420 236 212 179 1 4000
8.818054 -4.079908 1.200908 235 210 176 1 4000
8.821641 -4.145218 1.201396 225 206 180 1 4000
8.779071 -4.188558 1.195599 255 255 254 3 4003
8.735053 -4.230582 1.189604 255 255 255 3 4003
8.691474 -4.272187 1.183669 255 255 255 3 4003
8.648328 -4.313378 1.177793 255 255 255 3 4003
8.605607 -4.354163 1.171975 255 255 255 3 4003
8.563308 -4.394547 1.166215 255 255 255 3 4003
8.521421 -4.434536 1.160510 255 255 255 3 4003
8.479943 -4.474135 1.154862 255 255 255 3 4003
8.438867 -4.513351 1.149267 255 255 255 3 4003
8.398187 -4.552189 1.143727 255 255 255 3 4003
8.357897 -4.590654 1.138240 255 255 255 3 4003
8.317991 -4.628752 1.132806 255 255 236 3 4003
8.278465 -4.666488 1.127423 255 251 229 3 4003
8.239313 -4.703866 1.122091 255 250 228 3 4003
6.617705 3.813894 0.853501 210 161 87 10 1005
6.648872 3.783883 0.857520 213 162 90 10 1005
6.680335 3.753588 0.861578 213 163 90 10 1005
6.712096 3.723005 0.865674 213 161 89 10 1005
8.176380 4.476207 1.054526 232 207 176 1 4000
8.179465 4.418879 1.054924 244 222 190 1 4000
8.182551 4.361507 1.055322 255 235 207 1 4000
8.185641 4.304092 1.055721 253 237 210 1 4000
8.188731 4.246634 1.056119 248 230 202 1 4000
8.191826 4.189133 1.056518 238 214 184 1 4000
8.194921 4.131588 1.056918 250 225 193 1 4000
8.198020 4.073999 1.057317 255 232 200 1 4000
8.201120 4.016367 1.057717 250 226 193 1 4000
8.204224 3.958691 1.058118 244 218 183 1 4000
8.207329 3.900972 1.058518 238 211 177 1 4000
8.210437 3.843209 1.058919 252 223 189 1 4000
8.213547 3.785402 1.059320 255 237 205 1 4000
8.216659 3.727551 1.059721 255 234 202 1 4000
8.219774 3.669657 1.060123 254 226 193 1 4000
8.222891 3.611718 1.060525 233 210 180 1 4000
8.226011 3.553736 1.060927 237 213 182 1 4000
8.229132 3.495709 1.061330 234 210 178 1 4000
8.232258 3.437639 1.061733 233 208 175 1 4000
8.235384 3.379525 1.062136 229 204 172 1 4000
8.238513 3.321366 1.062540 226 204 176 1 4000
8.241644 3.263163 1.062944 228 207 178 1 4000
8.244779 3.204916 1.063348 231 210 182 1 4000
8.247914 3.146624 1.063752 232 210 181 1 4000
8.251053 3.088288 1.064157 225 203 173 1 4000
8.254194 3.029908 1.064562 229 204 173 1 4000
8.257337 2.971483 1.064968 236 210 180 1 4000
8.260483 2.913014 1.065373 255 232 202 1 4000
6.347860 2.192737 0.818698 34 45 88 9 3001
6.348167 2.147039 0.818738 38 49 95 9 3001
6.370154 2.108514 0.821573 46 59 113 9 3001
6.357616 2.058492 0.819956 17 23 51 9 3001
6.335200 2.005524 0.817065 17 23 51 9 3001
6.353967 1.965619 0.819486 42 55 105 9 3001
6.448843 1.948440 0.831722 66 84 156 9 3001
6.141555 1.811284 0.792090 240 229 210 6 1020
6.132512 1.764369 0.790924 255 255 255 6 1020
6.134868 1.720783 0.791228 255 255 255 6 1020
6.137223 1.677162 0.791532 255 255 255 6 1020
6.139580 1.633507 0.791836 255 255 255 6 1020
6.141940 1.589820 0.792140 255 255 255 6 1020
6.144301 1.546098 0.792445 255 255 255 6 1020
6.146665 1.502343 0.792749 255 255 255 6 1020
6.149030 1.458555 0.793054 240 229 226 6 1020
6.151397 1.414732 0.793360 241 230 227 6 1020
6.153765 1.370876 0.793665 241 231 228 6 1020
6.156136 1.326986 0.793971 242 232 230 6 1020
6.158507 1.283063 0.794277 243 233 231 6 1020
6.160882 1.239105 0.794583 245 235 235 6 1020
6.163257 1.195114 0.794889 246 238 239 6 1020
6.165635 1.151088 0.795196 247 240 242 6 1020
6.168015 1.107029 0.795503 249 242 245 6 1020
6.170395 1.062935 0.795810 255 255 255 6 1020
6.172779 1.018808 0.796117 255 255 255 6 1020
6.175164 0.974646 0.796425 255 255 255 6 1020
6.177550 0.930450 0.796733 255 255 255 6 1020
6.179935 0.886220 0.797040 255 255 255 6 1020
6.182321 0.841955 0.797348 255 255 255 6 1020
6.184709 0.797656 0.797656 255 255 255 6 1020
6.187099 0.753323 0.797964 255 255 255 6 1020
6.189491 0.708956 0.798273 255 255 255 6 1020
6.191885 0.664554 0.798582 255 247 244 6 1020
6.194280 0.620118 0.798890 255 250 249 6 1020
6.196678 0.575648 0.799200 255 254 253 6 1020
6.199078 0.531143 0.799509 255 255 255 6 1020
6.201478 0.486603 0.799819 255 255 255 6 1020
6.203881 0.442029 0.800129 255 255 255 6 1020
6.206285 0.397421 0.800439 255 255 255 6 1020
6.208688 0.352778 0.800749 255 255 255 6 1020
6.213488 0.308219 0.801368 234 230 229 6 1020
6.214138 0.263414 0.801452 188 187 194 6 1021
6.216545 0.218663 0.801762 145 148 159 6 1021
6.218970 0.173877 0.802075 209 208 215 6 1021
6.105975 0.126661 0.787502 89 89 87 10 1028
6.054160 0.081904 0.780819 135 135 132 10 1028
6.065785 0.038296 0.782318 18 18 18 10 1028
6.128558 -0.005527 0.790414 4 4 4 10 1028
6.231128 -0.050579 0.803643 110 114 126 6 1021
6.233567 -0.095575 0.803957 110 115 125 6 1021
6.236007 -0.140607 0.804272 236 230 232 6 1021
6.238450 -0.185674 0.804587 255 255 255 6 1021
6.240894 -0.230776 0.804902 255 255 255 6 1021
6.243341 -0.275914 0.805218 255 255 255 6 1021
6.253941 -0.321506 0.806585 231 227 226 6 1018
6.247232 -0.366236 0.805720 255 255 255 6 1018
6.249686 -0.411473 0.806036 255 255 255 6 1018
6.252135 -0.456745 0.806352 255 255 255 6 1018
6.254585 -0.502052 0.806668 255 254 252 6 1018
6.257037 -0.547395 0.806984 255 253 250 6 1018
6.259491 -0.592773 0.807301 255 253 249 6 1018
6.261947 -0.638187 0.807618 255 255 255 6 1018
6.264406 -0.683637 0.807935 255 255 255 6 1018
6.266866 -0.729122 0.808252 255 255 255 6 1018
6.269327 -0.774643 0.808569 255 255 255 6 1018
6.271791 -0.820200 0.808887 255 255 255 6 1018
6.274257 -0.865793 0.809205 255 255 255 6 1018
6.276728 -0.911422 0.809524 255 255 255 6 1018
6.279201 -0.957087 0.809843 255 255 255 6 1018
6.281676 -1.002788 0.810162 255 255 255 6 1018
6.284153 -1.048525 0.810482 255 255 255 6 1018
6.286631 -1.094298 0.810800 255 255 255 6 1018
6.289112 -1.140107 0.811120 255 255 255 6 1018
6.291594 -1.185952 0.811440 255 255 255 6 1018
6.294004 -1.231820 0.811751 255 255 255 6 1018
6.330732 -1.284685 0.816488 228 220 218 6 1018
6.391392 -1.343110 0.824312 217 206 203 6 1018
6.453230 -1.402667 0.832287 200 189 185 6 1018
8.520152 -1.913405 1.098863 206 183 155 1 4000
8.523501 -1.975657 1.099294 231 204 171 1 4000
8.526854 -2.037957 1.099727 255 229 194 1 4000
8.530209 -2.100306 1.100160 255 235 201 1 4000
6.947421 -1.760720 0.896024 145 131 114 6 1018
8.536925 -2.225152 1.101026 253 226 193 1 4000
5.689974 -1.524147 0.733848 162 127 109 9 1030
5.668224 -1.559219 0.731043 157 122 106 9 1030
5.698219 -1.608584 0.734912 67 102 131 9 1030
5.687007 -1.646452 0.733466 57 92 122 9 1030
5.690437 -1.688503 0.733908 64 93 113 9 1030
5.727248 -1.740749 0.738656 49 65 78 9 1030
5.825369 -1.812604 0.751310 70 97 116 9 1030
5.889376 -1.875013 0.759566 179 165 146 9 1030
8.567282 -2.789398 1.104941 231 205 173 1 4000
8.570668 -2.852340 1.105378 229 204 174 1 4000
8.574059 -2.915332 1.105815 233 209 181 1 4000
8.577449 -2.978374 1.106252 234 212 184 1 4000
8.580845 -3.041466 1.106690 229 201 166 1 4000
8.584241 -3.104607 1.107128 225 200 168 1 4000
8.587642 -3.167798 1.107567 234 209 178 1 4000
8.591043 -3.231040 1.108006 233 209 179 1 4000
8.594449 -3.294331 1.108445 233 209 179 1 4000
8.597857 -3.357673 1.108884 233 208 179 1 4000
8.601267 -3.421065 1.109324 241 211 177 1 4000
8.604681 -3.484508 1.109764 246 223 193 1 4000
8.608096 -3.548000 1.110205 249 227 197 1 4000
8.611515 -3.611543 1.110646 245 216 182 1 4000
8.614937 -3.675137 1.111087 241 213 181 1 4000
8.618361 -3.738781 1.111529 247 220 187 1 4000
8.621787 -3.802475 1.111971 252 224 191 1 4000
8.625218 -3.866222 1.112413 249 223 190 1 4000
8.628650 -3.930018 1.112856 237 213 183 1 4000
8.632085 -3.993865 1.113299 244 218 187 1 4000
8.635523 -4.057763 1.113742 246 222 190 1 4000
8.638963 -4.121711 1.114186 243 217 184 1 4000
8.642406 -4.185711 1.114630 236 210 177 1 4000
8.645853 -4.249763 1.115075 237 215 185 1 4000
8.649302 -4.313864 1.115519 225 206 179 1 4000
8.623170 -4.363049 1.112149 255 255 236 3 4003
8.580697 -4.403471 1.106671 255 255 255 3 4003
8.538641 -4.443497 1.101247 255 255 255 3 4003
8.496996 -4.483132 1.095876 255 255 255 3 4003
8.455753 -4.522383 1.090557 255 255 255 3 4003
8.414910 -4.561255 1.085289 255 255 255 3 4003
8.374460 -4.599752 1.080072 255 255 255 3 4003
8.334396 -4.637882 1.074905 255 255 248 3 4003
8.294715 -4.675648 1.069788 255 248 228 3 4003
8.255409 -4.713056 1.064718 255 249 226 3 4003
6.631785 3.822009 0.807467 211 160 89 10 1005
6.663086 3.791972 0.811278 190 145 81 10 1005
6.710818 3.770716 0.817089 66 48 22 10 1005
6.726580 3.731039 0.819009 222 173 95 10 1005
8.016247 4.388541 0.976035 237 211 181 1 4000
8.019211 4.332303 0.976395 245 223 193 1 4000
8.022179 4.276024 0.976757 252 231 202 1 4000
8.025146 4.219703 0.977118 249 226 193 1 4000
8.028119 4.163341 0.977480 245 221 189 1 4000
8.031092 4.106936 0.977842 253 230 199 1 4000
8.034068 4.050491 0.978204 254 233 203 1 4000
8.037045 3.994003 0.978567 252 229 196 1 4000
8.040025 3.937473 0.978930 249 226 193 1 4000
8.043009 3.880902 0.979293 247 220 188 1 4000
8.045992 3.824288 0.979656 255 229 197 1 4000
8.048979 3.767632 0.980020 255 232 200 1 4000
8.051968 3.710935 0.980384 255 231 197 1 4000
8.054960 3.654195 0.980748 253 224 188 1 4000
8.057952 3.597412 0.981112 255 235 203 1 4000
8.060949 3.540589 0.981477 255 237 202 1 4000
8.063946 3.483722 0.981842 255 232 196 1 4000
8.066946 3.426813 0.982208 240 212 177 1 4000
8.069948 3.369862 0.982573 236 209 177 1 4000
8.072952 3.312868 0.982939 242 218 187 1 4000
8.075959 3.255832 0.983305 248 222 189 1 4000
8.078970 3.198754 0.983671 251 227 195 1 4000
8.081980 3.141633 0.984038 254 228 197 1 4000
8.084993 3.084469 0.984405 243 218 184 1 4000
8.088010 3.027263 0.984772 245 222 188 1 4000
8.091027 2.970014 0.985140 250 231 200 1 4000
8.094049 2.912722 0.985508 251 231 200 1 4000
8.097071 2.855387 0.985875 255 242 208 1 4000
6.369077 2.200066 0.775480 32 42 83 9 3001
6.358627 2.150577 0.774208 36 47 92 9 3001
6.381327 2.112212 0.776972 43 55 106 9 3001
6.375233 2.064196 0.776230 137 139 131 9 3001
6.348393 2.009700 0.772962 17 23 51 9 3001
6.370424 1.970711 0.775644 35 45 89 9 3001
6.463274 1.952800 0.786949 188 185 163 9 3001
8.121332 2.395165 0.988829 236 234 209 1 4000
6.089963 1.752127 0.741496 149 142 140 6 1020
6.026812 1.690474 0.733807 197 188 186 6 1020
6.015292 1.643841 0.732404 255 255 255 6 1020
6.017569 1.601045 0.732681 255 255 255 6 1020
6.019835 1.558213 0.732957 255 255 255 6 1020
6.022103 1.515350 0.733234 255 255 255 6 1020
6.024374 1.472453 0.733510 255 255 255 6 1020
6.026645 1.429525 0.733787 255 255 255 6 1020
6.028918 1.386564 0.734063 255 255 255 6 1020
6.031193 1.343571 0.734340 255 255 255 6 1020
6.033471 1.300545 0.734618 255 255 255 6 1020
6.035749 1.257487 0.734895 255 255 255 6 1020
6.038029 1.214396 0.735173 255 255 255 6 1020
6.040312 1.171273 0.735451 255 255 255 6 1020
6.042595 1.128117 0.735729 255 255 255 6 1020
6.044881 1.084929 0.736007 255 255 255 6 1020
6.047168 1.041708 0.736285 255 255 255 6 1020
6.049457 0.998454 0.736564 255 255 255 6 1020
6.051746 0.955167 0.736843 255 255 255 6 1020
6.054034 0.911847 0.737121 255 255 255 6 1020
6.056324 0.868494 0.737400 255 255 255 6 1020
6.058616 0.825108 0.737679 255 255 255 6 1020
6.060909 0.781690 0.737958 255 255 255 6 1020
6.063205 0.738238 0.738238 255 255 255 6 1020
6.065502 0.694754 0.738518 255 255 255 6 1020
6.067801 0.651237 0.738798 255 255 255 6 1020
6.070102 0.607686 0.739078 255 255 255 6 1020
5.894412 0.547568 0.717686 187 188 184 10 1025
5.896685 0.505233 0.717963 196 197 191 10 1025
5.861235 0.459906 0.713647 80 81 78 10 1025
5.892344 0.419832 0.717434 20 20 20 10 1025
5.880519 0.376560 0.715995 58 58 56 10 1025
5.905646 0.335559 0.719054 170 171 167 10 1025
5.907896 0.293060 0.719328 204 205 201 10 1025
6.089107 0.258114 0.741392 255 255 255 6 1021
6.091434 0.214262 0.741675 238 233 237 6 1021
6.093762 0.170376 0.741958 236 230 235 6 1021
6.096092 0.126456 0.742242 236 231 236 6 1021
6.098424 0.082503 0.742526 236 231 235 6 1021
6.100760 0.038516 0.742810 111 118 133 6 1021
6.103097 -0.005504 0.743095 222 217 222 6 1021
6.105437 -0.049558 0.743380 236 230 234 6 1021
6.107778 -0.093646 0.743665 237 231 234 6 1021
6.110121 -0.137768 0.743950 251 244 247 6 1021
6.112466 -0.181924 0.744236 255 255 255 6 1021
6.114812 -0.226114 0.744522 255 255 255 6 1021
6.117161 -0.270337 0.744807 255 255 255 6 1021
6.119512 -0.314595 0.745094 255 255 255 6 1021
6.121863 -0.358886 0.745380 255 255 255 6 1021
6.124217 -0.403212 0.745667 255 255 255 6 1021
6.126652 -0.447578 0.745963 233 229 228 6 1021
6.127954 -0.491887 0.746122 255 255 254 6 1018
6.130321 -0.536309 0.746410 240 230 227 6 1018
6.132677 -0.580764 0.746697 252 240 237 6 1018
6.135034 -0.625253 0.746984 255 244 240 6 1018
6.137394 -0.669776 0.747271 255 255 255 6 1018
6.139755 -0.714333 0.747558 255 255 255 6 1018
6.142118 -0.758925 0.747846 255 255 255 6 1018
6.144483 -0.803551 0.748134 255 255 255 6 1018
6.146851 -0.848212 0.748422 255 255 255 6 1018
6.149222 -0.892907 0.748711 255 255 255 6 1018
6.151596 -0.937637 0.749000 255 255 255 6 1018
6.153971 -0.982401 0.749289 255 255 255 6 1018
6.156348 -1.027200 0.749578 255 255 255 6 1018
6.158669 -1.072024 0.749861 255 255 255 6 1018
6.181293 -1.120561 0.752615 195 188 187 6 1018
6.239110 -1.176059 0.759655 217 206 203 6 1018
6.298020 -1.232605 0.766828 217 206 203 6 1018
8.336786 -1.691770 1.015061 215 194 167 1 4000
8.339992 -1.752596 1.015452 226 210 188 1 4000
8.343202 -1.813469 1.015843 223 208 184 1 4000
8.346413 -1.874388 1.016234 220 203 177 1 4000
8.349627 -1.935354 1.016625 212 193 166 1 4000
8.352842 -1.996367 1.017017 205 182 153 1 4000
8.356062 -2.057428 1.017408 215 194 166 1 4000
8.359283 -2.118535 1.017801 208 190 168 1 4000
8.362507 -2.179689 1.018193 255 238 204 1 4000
5.716118 -1.531151 0.695977 145 115 98 9 1030
5.690614 -1.565378 0.692872 154 118 99 9 1030
5.712674 -1.612665 0.695558 62 96 127 9 1030
5.704472 -1.651508 0.694559 69 104 127 9 1030
5.713218 -1.695263 0.695624 78 104 122 9 1030
5.860267 -1.781179 0.713528 58 94 118 9 1030
5.859430 -1.823202 0.713426 67 92 110 9 1030
8.388389 -2.670629 1.021344 243 223 195 1 4000
8.391635 -2.732210 1.021740 241 223 194 1 4000
8.394884 -2.793839 1.022135 232 210 180 1 4000
8.398135 -2.855515 1.022531 237 210 178 1 4000
8.401390 -2.917240 1.022927 244 220 190 1 4000
8.404646 -2.979012 1.023324 242 220 191 1 4000
8.407905 -3.040832 1.023721 234 211 181 1 4000
8.411166 -3.102700 1.024118 228 205 176 1 4000
8.414431 -3.164617 1.024515 242 218 188 1 4000
8.417697 -3.226581 1.024913 246 220 189 1 4000
8.420966 -3.288593 1.025311 255 228 193 1 4000
8.424238 -3.350653 1.025710 246 219 185 1 4000
8.427512 -3.412762 1.026108 253 233 205 1 4000
8.430789 -3.474919 1.026507 252 234 207 1 4000
8.434068 -3.537125 1.026906 251 231 204 1 4000
8.437350 -3.599379 1.027306 242 220 190 1 4000
8.440634 -3.661680 1.027706 226 201 170 1 4000
8.443922 -3.724031 1.028106 240 216 184 1 4000
8.447210 -3.786431 1.028507 241 218 188 1 4000
8.450504 -3.848879 1.028908 235 210 177 1 4000
8.453797 -3.911376 1.029309 232 206 174 1 4000
8.457095 -3.973921 1.029710 239 217 186 1 4000
8.460395 -4.036515 1.030112 239 217 184 1 4000
8.463697 -4.099158 1.030514 237 215 183 1 4000
8.467002 -4.161850 1.030916 230 206 173 1 4000
8.470310 -4.224592 1.031319 218 192 161 1 4000
8.473619 -4.287382 1.031722 235 210 177 1 4000
8.476933 -4.350221 1.032125 238 216 185 1 4000
8.480248 -4.413109 1.032529 232 208 176 1 4000
8.483566 -4.476047 1.032933 221 196 163 1 4000
8.472708 -4.531450 1.031611 219 207 188 3 4003
8.431702 -4.570356 1.026618 255 255 247 3 4003
8.391089 -4.608886 1.021674 255 255 255 3 4003
8.350868 -4.647048 1.016776 255 255 235 3 4003
8.311028 -4.684844 1.011926 255 250 228 3 4003
8.271569 -4.722282 1.007121 255 249 227 3 4003
6.645926 3.830158 0.761236 214 162 87 10 1005
6.677359 3.800095 0.764837 214 162 89 10 1005
6.709090 3.769745 0.768471 213 161 87 10 1005
6.741124 3.739106 0.772141 210 159 86 10 1005
7.862264 4.304242 0.900558 255 232 201 1 4000
7.865115 4.249054 0.900885 255 233 203 1 4000
7.867970 4.193827 0.901212 248 221 190 1 4000
7.870827 4.138560 0.901539 249 218 182 1 4000
7.873683 4.083251 0.901866 255 231 198 1 4000
7.876544 4.027905 0.902194 255 238 208 1 4000
7.879405 3.972516 0.902521 255 236 204 1 4000
7.882271 3.917088 0.902850 253 224 189 1 4000
7.885137 3.861619 0.903178 254 223 188 1 4000
7.888006 3.806110 0.903507 255 230 194 1 4000
7.890876 3.750560 0.903835 255 237 201 1 4000
7.893749 3.694971 0.904164 255 237 202 1 4000
7.896623 3.639340 0.904494 255 234 202 1 4000
7.899501 3.583670 0.904823 255 241 208 1 4000
7.902379 3.527958 0.905153 255 248 214 1 4000
7.905260 3.472206 0.905483 255 241 205 1 4000
7.908144 3.416413 0.905813 255 236 199 1 4000
7.911028 3.360580 0.906144 240 211 177 1 4000
7.913917 3.304706 0.906474 244 220 188 1 4000
7.916805 3.248791 0.906805 251 227 195 1 4000
7.919697 3.192835 0.907137 251 226 194 1 4000
7.922591 3.136838 0.907468 246 219 186 1 4000
7.925488 3.080801 0.907800 235 208 175 1 4000
7.928385 3.024722 0.908132 241 214 180 1 4000
7.931285 2.968602 0.908464 250 226 193 1 4000
7.934186 2.912441 0.908796 252 228 196 1 4000
7.937092 2.856240 0.909129 255 230 198 1 4000
7.939998 2.799997 0.909462 244 219 187 1 4000
7.942905 2.743712 0.909795 255 239 203 1 4000
6.371776 2.155024 0.729835 28 38 76 9 3001
6.391628 2.115621 0.732109 17 23 51 9 3001
6.474570 2.096359 0.741609 65 82 152 9 3001
6.370237 2.016615 0.729659 17 23 51 9 3001
6.386968 1.975828 0.731575 26 35 71 9 3001
6.485861 1.959624 0.742902 17 23 51 9 3001
6.576241 1.939483 0.753255 17 23 51 9 3001
7.966252 2.291950 0.912469 255 240 206 1 4000
6.051071 1.697278 0.693101 211 192 171 6 1020
5.986136 1.635873 0.685663 149 142 140 6 1020
5.922557 1.575766 0.678380 197 188 185 6 1020
5.902468 1.527833 0.676079 255 255 255 6 1020
5.904671 1.485800 0.676332 255 255 255 6 1020
5.906854 1.443730 0.676582 255 255 255 6 1020
5.909038 1.401628 0.676832 255 255 255 6 1020
5.911223 1.359496 0.677082 255 255 255 6 1020
5.913410 1.317332 0.677333 255 255 255 6 1020
5.915599 1.275138 0.677584 255 255 255 6 1020
5.917789 1.232911 0.677834 255 255 255 6 1020
5.919981 1.190654 0.678085 255 255 255 6 1020
5.922175 1.148365 0.678337 255 255 255 6 1020
5.924371 1.106045 0.678588 255 255 255 6 1020
5.926567 1.063694 0.678840 255 255 255 6 1020
5.928766 1.021311 0.679092 255 255 255 6 1020
5.930964 0.978897 0.679343 255 255 255 6 1020
5.933162 0.936450 0.679595 255 255 255 6 1020
5.935361 0.893972 0.679847 255 255 255 6 1020
5.937562 0.851463 0.680099 255 255 255 6 1020
5.939765 0.808922 0.680352 255 255 255 6 1020
5.941970 0.766350 0.680604 255 255 255 6 1020
5.944176 0.723746 0.680857 255 255 255 6 1020
5.946383 0.681110 0.681110 255 255 255 6 1020
5.948586 0.638442 0.681362 255 255 255 6 1020
5.954510 0.596114 0.682040 255 255 255 6 1020
5.778398 0.536791 0.661868 199 201 197 10 1025
5.780580 0.495285 0.662118 172 173 169 10 1025
5.782729 0.453746 0.662364 160 160 156 10 1025
5.781044 0.411902 0.662171 105 105 103 10 1025
5.787005 0.370572 0.662854 132 132 128 10 1025
5.789185 0.328941 0.663104 172 172 168 10 1025
5.791366 0.287279 0.663354 180 182 177 10 1025
5.969023 0.253024 0.683703 255 255 255 6 1021
5.971259 0.210035 0.683959 255 255 255 6 1021
5.973496 0.167013 0.684215 255 255 255 6 1021
5.975735 0.123960 0.684472 255 255 255 6 1021
5.977977 0.080874 0.684728 255 255 255 6 1021
5.980222 0.037755 0.684986 255 255 255 6 1021
5.982468 -0.005395 0.685243 239 234 238 6 1021
5.984715 -0.048578 0.685500 255 255 255 6 1021
5.986965 -0.091794 0.685758 255 255 255 6 1021
5.989216 -0.135042 0.686016 255 255 255 6 1021
5.991469 -0.178323 0.686274 255 255 255 6 1021
5.993724 -0.221636 0.686532 255 255 255 6 1021
5.995980 -0.264982 0.686791 255 255 255 6 1021
5.998239 -0.308360 0.687049 255 255 255 6 1021
6.000498 -0.351771 0.687308 255 255 255 6 1021
6.002760 -0.395215 0.687567 255 255 255 6 1021
6.005023 -0.438692 0.687826 255 255 255 6 1021
6.007288 -0.482201 0.688086 255 255 254 6 1021
6.009555 -0.525744 0.688345 255 255 252 6 1021
6.011899 -0.569326 0.688614 225 214 211 6 1021
6.013146 -0.612830 0.688757 238 227 223 6 1018
6.015430 -0.656466 0.689018 238 227 223 6 1018
6.017699 -0.700133 0.689278 255 254 250 6 1018
6.019969 -0.743832 0.689538 255 248 244 6 1018
6.022241 -0.787565 0.689798 220 209 206 6 1018
6.024516 -0.831331 0.690059 219 209 205 6 1018
6.026794 -0.875130 0.690320 219 208 205 6 1018
6.029037 -0.918956 0.690577 219 208 205 6 1018
6.042525 -0.964611 0.692121 189 179 176 6 1018
6.093915 -1.016783 0.698007 163 153 151 6 1018
6.150102 -1.070533 0.704443 162 152 150 6 1018
8.161145 -1.479474 0.934791 225 208 187 1 4000
8.164217 -1.538938 0.935143 230 211 182 1 4000
8.167293 -1.598447 0.935496 224 204 175 1 4000
8.170370 -1.658000 0.935848 218 196 168 1 4000
8.173450 -1.717598 0.936201 216 193 165 1 4000
8.176533 -1.777242 0.936554 226 204 176 1 4000
8.179617 -1.836930 0.936907 227 207 181 1 4000
8.182704 -1.896663 0.937261 227 206 179 1 4000
8.185793 -1.956442 0.937615 214 192 163 1 4000
8.188885 -2.016265 0.937969 169 152 130 1 4000
8.191978 -2.076134 0.938323 222 204 179 1 4000
8.195074 -2.136048 0.938678 218 198 169 1 4000
5.749562 -1.540109 0.658565 149 118 102 9 1030
5.748551 -1.581315 0.658449 63 96 124 9 1030
5.726957 -1.616697 0.655975 55 88 119 9 1030
5.721090 -1.656319 0.655303 78 109 129 9 1030
5.740651 -1.703403 0.657544 69 97 116 9 1030
5.886839 -1.789256 0.674289 57 91 118 9 1030
5.895578 -1.834450 0.675290 46 74 97 9 1030
8.219928 -2.616996 0.941525 240 218 187 1 4000
8.223045 -2.677320 0.941882 239 216 185 1 4000
8.226165 -2.737689 0.942239 232 208 174 1 4000
8.229286 -2.798104 0.942596 221 198 166 1 4000
8.232411 -2.858565 0.942954 231 203 172 1 4000
8.235538 -2.919072 0.943313 239 215 185 1 4000
8.238667 -2.979625 0.943671 238 214 184 1 4000
8.241799 -3.040224 0.944030 229 204 173 1 4000
8.244932 -3.100869 0.944389 220 197 167 1 4000
8.248069 -3.161561 0.944748 247 221 188 1 4000
8.251207 -3.222298 0.945107 244 217 184 1 4000
8.254349 -3.283082 0.945467 241 215 181 1 4000
8.257493 -3.343912 0.945827 235 210 177 1 4000
8.260638 -3.404788 0.946188 236 214 185 1 4000
8.263787 -3.465711 0.946548 239 217 188 1 4000
8.266937 -3.526680 0.946909 240 218 190 1 4000
8.270090 -3.587696 0.947270 237 214 184 1 4000
8.273246 -3.648758 0.947632 227 203 173 1 4000
8.276403 -3.709867 0.947993 235 209 177 1 4000
8.279563 -3.771022 0.948355 240 215 186 1 4000
8.282727 -3.832225 0.948718 242 219 190 1 4000
8.285891 -3.893474 0.949080 240 215 184 1 4000
8.289059 -3.954770 0.949443 232 205 173 1 4000
8.292229 -4.016112 0.949806 236 210 176 1 4000
8.295402 -4.077502 0.950170 238 214 181 1 4000
8.298576 -4.138939 0.950533 237 213 181 1 4000
8.301754 -4.200423 0.950897 231 210 180 1 4000
8.304934 -4.261954 0.951261 236 217 187 1 4000
8.308115 -4.323531 0.951626 235 218 191 1 4000
8.311300 -4.385157 0.951991 240 222 196 1 4000
8.314487 -4.446829 0.952356 235 216 189 1 4000
8.317677 -4.508549 0.952721 226 204 174 1 4000
8.320868 -4.570316 0.953086 229 206 176 1 4000
8.324062 -4.632131 0.953452 231 208 180 1 4000
8.327259 -4.693993 0.953819 222 205 183 1 4000
8.287792 -4.731544 0.949298 252 241 219 3 4003
6.660123 3.838340 0.714808 212 162 89 10 1005
6.691690 3.808251 0.718196 212 163 90 10 1005
6.723558 3.777875 0.721617 208 159 86 10 1005
6.755730 3.747208 0.725069 209 159 87 10 1005
6.788211 3.716246 0.728556 212 162 90 10 1005
7.716831 4.168945 0.828221 239 215 184 1 4000
7.719578 4.114730 0.828516 248 224 194 1 4000
7.722327 4.060478 0.828811 246 223 192 1 4000
7.725079 4.006186 0.829106 245 222 190 1 4000
7.727832 3.951856 0.829402 239 213 180 1 4000
7.730587 3.897487 0.829698 232 207 175 1 4000
7.733344 3.843079 0.829993 247 221 187 1 4000
7.736104 3.788632 0.830290 250 226 193 1 4000
7.738864 3.734147 0.830586 248 222 188 1 4000
7.741628 3.679622 0.830883 248 221 187 1 4000
7.744393 3.625059 0.831179 241 214 181 1 4000
7.747159 3.570457 0.831476 249 221 188 1 4000
7.749928 3.515815 0.831773 255 233 201 1 4000
7.752699 3.461134 0.832071 255 237 205 1 4000
7.755473 3.406415 0.832368 255 232 198 1 4000
7.758247 3.351656 0.832666 247 220 188 1 4000
7.761024 3.296859 0.832964 255 232 198 1 4000
7.763803 3.242021 0.833263 247 222 189 1 4000
7.766584 3.187145 0.833561 248 221 187 1 4000
7.769366 3.132229 0.833860 246 218 183 1 4000
7.772151 3.077274 0.834159 237 210 176 1 4000
7.774939 3.022279 0.834458 244 217 186 1 4000
7.777728 2.967246 0.834757 248 222 192 1 4000
7.780519 2.912172 0.835057 251 228 197 1 4000
7.783311 2.857059 0.835356 246 218 183 1 4000
7.786106 2.801906 0.835656 237 207 171 1 4000
7.788904 2.746714 0.835957 248 219 185 1 4000
7.791702 2.691482 0.836257 255 234 198 1 4000
6.404646 2.166142 0.687389 17 23 51 9 3001
6.415991 2.123685 0.688607 17 23 51 9 3001
6.471659 2.095417 0.694581 48 62 117 9 3001
6.402383 2.026792 0.687146 17 23 51 9 3001
6.412962 1.983870 0.688281 17 23 51 9 3001
6.486480 1.959811 0.696172 17 23 51 9 3001
6.569795 1.937581 0.705114 17 23 51 9 3001
6.698911 1.927326 0.718971 17 23 51 9 3001
7.816983 2.192603 0.838970 255 240 205 1 4000
6.191617 1.692026 0.664525 30 26 36 6 1020
7.822623 2.081300 0.839575 211 208 185 1 4000
5.885792 1.523517 0.631702 148 141 139 6 1020
5.824307 1.465578 0.625103 146 139 137 6 1020
5.793799 1.416097 0.621829 255 255 255 6 1020
5.795932 1.374800 0.622058 255 255 255 6 1020
5.798035 1.333464 0.622283 255 255 255 6 1020
5.800139 1.292099 0.622509 255 255 255 6 1020
5.802245 1.250703 0.622735 255 255 255 6 1020
5.804352 1.209278 0.622961 255 255 255 6 1020
5.806461 1.167822 0.623188 255 255 255 6 1020
5.808571 1.126337 0.623414 255 255 255 6 1020
5.810683 1.084821 0.623641 255 255 255 6 1020
5.812796 1.043275 0.623868 255 255 255 6 1020
5.814908 1.001698 0.624094 255 255 255 6 1020
5.817020 0.960090 0.624321 255 255 255 6 1020
5.819136 0.918453 0.624548 255 255 255 6 1020
5.821251 0.876785 0.624775 255 255 255 6 1020
5.823369 0.835087 0.625002 255 255 255 6 1020
5.825488 0.793359 0.625230 255 255 255 6 1020
5.827584 0.751597 0.625455 255 255 255 6 1020
5.830025 0.709847 0.625717 255 255 255 6 1021
5.832169 0.668027 0.625947 255 255 255 6 1021
5.834303 0.626176 0.626176 255 255 255 6 1021
5.836440 0.584294 0.626405 255 255 255 6 1021
5.777906 0.536745 0.620123 72 79 79 10 1025
5.732985 0.491207 0.615302 81 88 87 10 1025
5.714477 0.448390 0.613315 100 103 102 10 1025
5.710009 0.406841 0.612836 111 112 111 10 1025
5.716949 0.366086 0.613581 109 111 110 10 1025
5.736568 0.325952 0.615686 99 100 99 10 1025
5.776247 0.286529 0.619945 89 89 88 10 1025
5.853584 0.248131 0.628245 255 255 255 6 1021
5.855734 0.205971 0.628476 255 255 255 6 1021
5.857885 0.163781 0.628707 255 255 255 6 1021
5.860039 0.121560 0.628938 255 255 255 6 1021
5.862196 0.079307 0.629170 255 255 255 6 1021
5.864355 0.037024 0.629401 255 255 255 6 1021
5.866515 -0.005291 0.629633 255 255 255 6 1021
5.868677 -0.047637 0.629865 255 255 255 6 1021
5.870839 -0.090014 0.630097 255 255 255 6 1021
5.873004 -0.132422 0.630329 255 255 255 6 1021
5.875170 -0.174861 0.630562 255 255 255 6 1021
5.877338 -0.217332 0.630795 255 255 255 6 1021
5.879508 -0.259835 0.631028 255 255 255 6 1021
5.881680 -0.302368 0.631261 255 255 255 6 1021
5.883852 -0.344933 0.631494 255 255 255 6 1021
5.886026 -0.387530 0.631727 255 255 255 6 1021
5.888203 -0.430158 0.631961 255 255 255 6 1021
5.890380 -0.472817 0.632194 255 255 255 6 1021
5.892559 -0.515508 0.632428 255 255 255 6 1021
5.894741 -0.558231 0.632662 255 255 255 6 1021
5.896923 -0.600986 0.632897 255 255 252 6 1021
5.899107 -0.643772 0.633131 238 227 224 6 1021
5.901367 -0.686598 0.633374 231 222 219 6 1021
5.902561 -0.729325 0.633502 218 208 204 6 1018
5.904750 -0.772200 0.633737 221 210 207 6 1018
5.910578 -0.815608 0.634362 205 194 191 6 1018
5.955324 -0.864752 0.639164 166 156 154 6 1018
6.008974 -0.915898 0.644922 164 155 153 6 1018
6.063598 -0.967975 0.650785 176 161 152 6 1018
7.995700 -1.334100 0.858150 210 183 153 1 4000
7.998649 -1.392304 0.858467 209 184 156 1 4000
8.001600 -1.450552 0.858783 210 188 159 1 4000
8.004555 -1.508842 0.859101 215 190 159 1 4000
8.007511 -1.567175 0.859418 213 187 155 1 4000
8.010469 -1.625551 0.859735 211 185 154 1 4000
8.013430 -1.683971 0.860053 205 183 156 1 4000
8.016393 -1.742434 0.860371 216 193 163 1 4000
8.019357 -1.800939 0.860689 216 193 164 1 4000
8.022324 -1.859489 0.861008 219 196 168 1 4000
8.025293 -1.918082 0.861326 217 192 163 1 4000
7.022284 -1.729025 0.753677 72 69 72 6 1018
8.031239 -2.035397 0.861964 224 206 179 1 4000
8.034214 -2.094120 0.862284 224 209 185 1 4000
5.799502 -1.553486 0.622440 63 92 113 9 1030
5.765182 -1.585890 0.618757 55 87 117 9 1030
5.745475 -1.621924 0.616642 54 87 119 9 1030
5.741642 -1.662269 0.616230 49 79 106 9 1030
5.771313 -1.712501 0.619415 22 43 61 9 1030
5.913164 -1.797257 0.634639 47 78 106 9 1030
5.928645 -1.844739 0.636301 40 68 94 9 1030
8.058100 -2.565474 0.864847 242 219 188 1 4000
8.061096 -2.624591 0.865169 245 224 196 1 4000
8.064095 -2.683751 0.865491 245 225 197 1 4000
8.067094 -2.742955 0.865813 240 218 187 1 4000
8.070097 -2.802204 0.866135 228 206 175 1 4000
8.073101 -2.861497 0.866458 237 210 179 1 4000
8.076108 -2.920833 0.866780 238 215 185 1 4000
8.079117 -2.980214 0.867103 238 216 187 1 4000
8.082129 -3.039640 0.867426 249 220 185 1 4000
8.085142 -3.099109 0.867750 247 224 194 1 4000
8.088159 -3.158623 0.868074 247 223 192 1 4000
8.091176 -3.218181 0.868397 247 223 190 1 4000
8.094197 -3.277784 0.868722 238 210 177 1 4000
8.097219 -3.337432 0.869046 232 205 173 1 4000
8.100245 -3.397124 0.869371 234 211 183 1 4000
8.103271 -3.456860 0.869696 241 217 184 1 4000
8.106301 -3.516641 0.870021 244 221 191 1 4000
8.109333 -3.576467 0.870346 243 219 189 1 4000
8.112367 -3.636338 0.870672 231 207 175 1 4000
8.115402 -3.696254 0.870998 232 211 179 1 4000
8.118441 -3.756214 0.871324 235 217 187 1 4000
8.121483 -3.816220 0.871650 235 216 186 1 4000
8.124525 -3.876269 0.871977 230 208 177 1 4000
8.127571 -3.936365 0.872304 220 196 167 1 4000
8.130618 -3.996505 0.872631 231 208 178 1 4000
8.133668 -4.056690 0.872958 240 221 195 1 4000
8.136721 -4.116921 0.873286 240 223 198 1 4000
8.139774 -4.177197 0.873613 229 212 185 1 4000
8.142832 -4.237518 0.873942 226 206 178 1 4000
8.145891 -4.297884 0.874270 234 213 186 1 4000
8.148952 -4.358296 0.874598 237 217 189 1 4000
8.152016 -4.418754 0.874927 228 208 179 1 4000
8.155082 -4.479257 0.875256 217 196 169 1 4000
8.158150 -4.539804 0.875586 226 202 172 1 4000
8.161221 -4.600399 0.875915 230 208 180 1 4000
8.164293 -4.661037 0.876245 227 207 180 1 4000
6.674381 3.846557 0.668181 209 159 88 10 1005
6.706083 3.816442 0.671355 210 160 89 10 1005
6.738088 3.786039 0.674559 211 161 91 10 1005
6.770400 3.755345 0.677794 212 163 91 10 1005
6.803022 3.724354 0.681060 211 160 88 10 1005
7.574035 4.091801 0.758247 255 242 215 1 4000
7.576681 4.038563 0.758512 255 240 211 1 4000
7.579329 3.985288 0.758777 255 234 204 1 4000
7.581979 3.931975 0.759042 244 221 190 1 4000
7.584631 3.878626 0.759308 243 215 182 1 4000
7.587286 3.825239 0.759573 255 230 196 1 4000
7.589942 3.771815 0.759839 255 237 205 1 4000
7.592598 3.718353 0.760105 255 240 206 1 4000
7.595259 3.664854 0.760372 255 231 197 1 4000
7.597919 3.611317 0.760638 254 231 199 1 4000
7.600584 3.557744 0.760905 255 238 206 1 4000
7.603249 3.504132 0.761172 255 243 208 1 4000
7.605915 3.450482 0.761438 255 247 215 1 4000
7.608584 3.396796 0.761706 255 241 208 1 4000
7.611256 3.343071 0.761973 248 224 192 1 4000
7.613928 3.289309 0.762241 255 248 213 1 4000
7.616603 3.235509 0.762508 255 252 220 1 4000
7.619279 3.181671 0.762776 255 254 222 1 4000
7.621957 3.127795 0.763044 250 231 200 1 4000
7.624638 3.073881 0.763313 241 217 185 1 4000
7.627319 3.019929 0.763581 253 225 190 1 4000
7.630004 2.965940 0.763850 255 235 204 1 4000
7.632689 2.911912 0.764119 255 235 204 1 4000
7.635377 2.857847 0.764388 254 228 198 1 4000
7.638066 2.803743 0.764657 243 217 186 1 4000
7.640759 2.749601 0.764927 255 232 199 1 4000
7.643451 2.695421 0.765196 255 236 205 1 4000
7.646147 2.641203 0.765466 255 233 200 1 4000
7.648844 2.586946 0.765736 226 208 182 1 4000
6.462105 2.138949 0.646930 23 31 65 9 3001
6.493876 2.102611 0.650111 17 24 52 9 3001
7.656947 2.423947 0.766547 225 225 206 1 4000
7.659652 2.369537 0.766818 255 255 228 1 4000
6.566351 1.983944 0.657366 17 23 51 9 3001
6.616776 1.951437 0.662414 17 23 51 9 3001
6.705896 1.929336 0.671336 17 23 51 9 3001
6.916412 1.940000 0.692411 191 184 162 9 3001
6.212097 1.697623 0.621902 45 39 44 6 1020
7.675921 2.042269 0.768447 255 239 202 1 4000
7.678639 1.987589 0.768719 246 218 183 1 4000
7.681360 1.932870 0.768991 228 206 175 1 4000
5.788755 1.414865 0.579520 148 140 139 6 1020
5.729265 1.358986 0.573564 147 140 138 6 1020
5.689060 1.308402 0.569540 244 240 238 6 1020
5.691126 1.267814 0.569746 255 255 255 6 1020
5.693153 1.227188 0.569949 255 255 255 6 1020
5.695182 1.186533 0.570152 255 255 255 6 1020
5.697212 1.145850 0.570356 255 255 255 6 1020
5.699243 1.105137 0.570559 255 255 255 6 1020
5.701276 1.064395 0.570763 255 255 253 6 1020
5.703308 1.023624 0.570966 255 255 254 6 1020
5.705340 0.982823 0.571169 255 255 255 6 1020
5.707374 0.941993 0.571373 255 255 255 6 1020
5.709400 0.901133 0.571576 255 255 255 6 1020
5.716263 0.860972 0.572263 191 193 193 6 1020
5.615273 0.805246 0.562153 206 208 202 10 1022
5.624069 0.765928 0.563033 136 137 133 10 1022
5.635591 0.726835 0.564187 94 94 91 10 1022
5.621367 0.684441 0.562763 200 202 198 10 1022
5.721914 0.655399 0.572829 255 255 255 6 1021
5.723969 0.614334 0.573034 255 255 255 6 1021
5.726025 0.573240 0.573240 255 255 255 6 1021
5.728082 0.532117 0.573446 255 255 255 6 1021
5.730141 0.490964 0.573652 255 255 255 6 1021
5.732202 0.449781 0.573858 190 190 190 6 1021
5.728859 0.408184 0.573524 153 153 152 10 1025
5.735662 0.367284 0.574205 200 200 199 10 1025
5.738391 0.326055 0.574478 255 255 255 6 1021
5.740458 0.284754 0.574685 255 255 255 6 1021
5.742525 0.243423 0.574892 255 255 255 6 1021
5.744595 0.202062 0.575099 255 255 255 6 1021
5.746665 0.160671 0.575306 255 255 255 6 1021
5.748739 0.119251 0.575514 255 255 255 6 1021
5.750815 0.077800 0.575722 255 255 255 6 1021
5.752892 0.036320 0.575930 255 255 255 6 1021
5.754971 -0.005190 0.576138 255 255 255 6 1021
5.757051 -0.046731 0.576346 255 255 255 6 1021
5.759133 -0.088301 0.576555 255 255 255 6 1021
5.761216 -0.129901 0.576763 255 255 255 6 1021
5.763300 -0.171532 0.576972 255 255 255 6 1021
5.765387 -0.213193 0.577181 255 255 255 6 1021
5.767474 -0.254883 0.577390 255 255 255 6 1021
5.769564 -0.296605 0.577599 255 255 255 6 1021
5.771654 -0.338356 0.577808 255 255 255 6 1021
5.773746 -0.380137 0.578018 255 253 254 6 1021
5.775840 -0.421949 0.578227 255 250 250 6 1021
5.777936 -0.463792 0.578437 255 247 245 6 1021
5.780033 -0.505664 0.578647 228 217 215 6 1021
5.782131 -0.547567 0.578857 227 216 213 6 1021
5.784231 -0.589501 0.579067 226 215 212 6 1021
5.786332 -0.631464 0.579278 225 215 211 6 1021
5.788458 -0.673461 0.579490 220 209 206 6 1021
5.822439 -0.719425 0.582892 168 159 157 6 1021
5.881949 -0.769218 0.588850 197 188 186 6 1018
5.926367 -0.817787 0.593296 166 157 155 6 1018
7.833998 -1.137548 0.784271 211 185 155 1 4000
7.664568 -1.168247 0.767309 36 28 28 6 1018
7.839663 -1.251500 0.784838 230 206 176 1 4000
7.842498 -1.308538 0.785122 232 207 177 1 4000
7.845336 -1.365618 0.785406 229 206 177 1 4000
7.848175 -1.422738 0.785690 215 191 162 1 4000
7.851017 -1.479900 0.785975 225 199 169 1 4000
7.853861 -1.537104 0.786260 228 205 174 1 4000
7.856707 -1.594349 0.786545 228 205 174 1 4000
7.859555 -1.651635 0.786830 225 200 168 1 4000
7.862404 -1.708963 0.787115 217 197 170 1 4000
7.865257 -1.766333 0.787401 228 208 180 1 4000
7.868110 -1.823744 0.787686 229 207 180 1 4000
7.870967 -1.881197 0.787972 227 204 175 1 4000
7.038994 -1.733140 0.704682 59 53 58 6 1018
7.876685 -1.996228 0.788545 215 191 161 1 4000
7.879547 -2.053806 0.788831 222 198 169 1 4000
5.815797 -1.557851 0.582227 62 90 112 9 1030
5.783009 -1.590794 0.578944 49 82 113 9 1030
5.765604 -1.627607 0.577202 49 83 113 9 1030
5.765023 -1.669039 0.577144 41 69 96 9 1030
5.942863 -1.763404 0.594947 19 33 48 9 1030
5.937745 -1.804728 0.594435 52 81 108 9 1030
5.964590 -1.855923 0.597122 43 71 96 9 1030
7.902521 -2.515942 0.791131 216 192 164 1 4000
7.905402 -2.573899 0.791420 217 190 159 1 4000
7.908286 -2.631898 0.791708 224 201 173 1 4000
7.911171 -2.689939 0.791997 225 205 178 1 4000
7.914059 -2.748023 0.792286 227 206 179 1 4000
7.916948 -2.806149 0.792576 214 189 160 1 4000
7.919840 -2.864317 0.792865 218 191 159 1 4000
7.922734 -2.922528 0.793155 232 202 170 1 4000
7.925629 -2.980781 0.793445 250 220 187 1 4000
7.928528 -3.039078 0.793735 255 227 194 1 4000
7.931427 -3.097416 0.794025 254 229 196 1 4000
7.934330 -3.155797 0.794316 255 244 212 1 4000
7.937234 -3.214221 0.794606 255 240 207 1 4000
7.940141 -3.272689 0.794897 255 232 197 1 4000
7.943049 -3.331198 0.795189 255 225 189 1 4000
7.945961 -3.389751 0.795480 245 220 187 1 4000
7.948873 -3.448347 0.795772 255 233 199 1 4000
7.951788 -3.506985 0.796063 255 234 200 1 4000
7.954705 -3.565667 0.796355 252 224 190 1 4000
7.957625 -3.624392 0.796648 239 210 176 1 4000
7.960546 -3.683160 0.796940 242 215 181 1 4000
7.963470 -3.741971 0.797233 252 228 195 1 4000
7.966396 -3.800825 0.797526 252 227 195 1 4000
7.969324 -3.859722 0.797819 251 226 194 1 4000
7.972254 -3.918663 0.798112 237 212 181 1 4000
7.975186 -3.977647 0.798406 240 216 183 1 4000
7.978121 -4.036675 0.798700 239 211 177 1 4000
7.981057 -4.095746 0.798994 242 215 180 1 4000
7.983996 -4.154860 0.799288 241 213 180 1 4000
7.986937 -4.214018 0.799582 226 200 169 1 4000
7.989880 -4.273220 0.799877 235 211 180 1 4000
7.992826 -4.332466 0.800172 237 217 188 1 4000
7.995772 -4.391754 0.800467 234 210 180 1 4000
7.998723 -4.451087 0.800762 231 206 175 1 4000
8.001674 -4.510463 0.801058 223 197 167 1 4000
8.004628 -4.569884 0.801353 225 196 164 1 4000
6.688699 3.854809 0.621354 208 158 87 10 1005
6.720539 3.824668 0.624312 209 157 85 10 1005
6.752681 3.794239 0.627298 211 160 89 10 1005
6.785133 3.763517 0.630313 212 160 87 10 1005
6.817899 3.732498 0.633356 210 160 88 10 1005
7.436426 4.017459 0.690815 255 241 212 1 4000
7.438978 3.965163 0.691052 255 236 205 1 4000
7.441530 3.912832 0.691289 240 216 183 1 4000
7.444086 3.860464 0.691527 253 230 197 1 4000
7.446642 3.808061 0.691764 255 235 204 1 4000
7.449201 3.755622 0.692002 255 233 201 1 4000
7.451760 3.703146 0.692240 252 226 193 1 4000
7.454322 3.650634 0.692478 252 227 196 1 4000
7.456886 3.598087 0.692716 255 232 198 1 4000
7.459451 3.545502 0.692954 255 246 215 1 4000
7.462018 3.492883 0.693193 255 250 222 1 4000
7.464586 3.440226 0.693431 255 243 213 1 4000
7.467158 3.387534 0.693670 255 235 204 1 4000
7.469730 3.334805 0.693909 249 224 193 1 4000
7.472304 3.282040 0.694148 255 236 202 1 4000
7.474879 3.229238 0.694387 255 235 203 1 4000
7.477458 3.176400 0.694627 254 230 196 1 4000
7.480038 3.123526 0.694866 250 225 190 1 4000
7.482619 3.070615 0.695106 239 213 180 1 4000
7.485202 3.017668 0.695346 250 223 189 1 4000
7.487787 2.964683 0.695586 242 217 185 1 4000
7.490373 2.911662 0.695827 247 222 191 1 4000
7.492962 2.858606 0.696067 239 213 180 1 4000
7.495552 2.805511 0.696308 232 204 171 1 4000
7.498144 2.752381 0.696549 234 207 173 1 4000
7.500738 2.699214 0.696789 241 214 181 1 4000
7.503333 2.646009 0.697031 245 218 185 1 4000
7.505930 2.592768 0.697272 245 218 184 1 4000
7.508530 2.539490 0.697513 243 217 184 1 4000
6.494745 2.149753 0.603337 33 44 86 9 3001
6.512925 2.108778 0.605026 18 25 54 9 3001
6.573462 2.080950 0.610649 60 76 141 9 3001
7.518945 2.326009 0.698481 255 244 211 1 4000
7.521553 2.272546 0.698723 255 238 205 1 4000
6.682942 1.970951 0.620819 41 53 102 9 3001
6.760256 1.944976 0.628002 17 23 51 9 3001
6.873925 1.928082 0.638561 78 65 55 9 3001
6.235860 1.704117 0.579287 44 39 43 6 1020
7.534620 2.004674 0.699937 230 206 176 1 4000
7.537240 1.950988 0.700180 215 193 163 1 4000
7.539860 1.897265 0.700424 225 200 168 1 4000
7.542483 1.843504 0.700667 227 203 170 1 4000
7.545108 1.789706 0.700911 230 206 173 1 4000
5.694866 1.309737 0.529031 147 140 139 6 1020
5.637274 1.255817 0.523681 147 139 138 6 1020
5.590485 1.205058 0.519334 244 240 238 6 1020
5.590036 1.164627 0.519293 255 255 255 6 1020
5.591998 1.124689 0.519475 255 255 255 6 1020
5.593955 1.084720 0.519657 255 254 252 6 1020
5.595910 1.044724 0.519838 255 254 252 6 1020
5.597842 1.004695 0.520018 255 255 253 6 1020
5.599936 0.964666 0.520212 255 255 255 6 1021
5.601936 0.924591 0.520398 255 255 255 6 1021
5.603906 0.884483 0.520581 255 255 255 6 1021
5.605876 0.844346 0.520764 255 255 255 6 1021
5.541784 0.794707 0.514810 65 72 72 10 1022
5.513174 0.750826 0.512152 228 229 225 10 1022
5.515110 0.711296 0.512332 216 217 214 10 1022
5.517060 0.671741 0.512514 185 186 181 10 1022
5.518993 0.632156 0.512693 200 207 204 10 1022
5.617729 0.602932 0.521865 255 255 255 6 1021
5.619709 0.562597 0.522049 255 255 255 6 1021
5.621691 0.522233 0.522233 255 255 255 6 1021
5.623673 0.481842 0.522417 255 255 255 6 1021
5.625658 0.441421 0.522602 255 255 255 6 1021
5.627644 0.400972 0.522786 255 255 255 6 1021
5.629632 0.360495 0.522971 255 255 255 6 1021
5.631620 0.319989 0.523156 255 255 255 6 1021
5.633611 0.279454 0.523341 255 255 255 6 1021
5.635602 0.238891 0.523526 255 255 255 6 1021
5.637595 0.198298 0.523711 255 255 255 6 1021
5.639591 0.157678 0.523896 255 255 255 6 1021
5.641589 0.117028 0.524082 255 255 255 6 1021
5.643588 0.076350 0.524267 255 255 255 6 1021
5.645588 0.035643 0.524453 255 255 255 6 1021
5.647589 -0.005093 0.524639 255 255 255 6 1021
5.649593 -0.045858 0.524825 255 255 255 6 1021
5.651597 -0.086652 0.525011 255 255 255 6 1021
5.653604 -0.127475 0.525198 255 255 255 6 1021
5.655610 -0.168327 0.525384 255 255 255 6 1021
5.657620 -0.209208 0.525571 255 255 255 6 1021
5.659630 -0.250117 0.525758 255 255 255 6 1021
5.661642 -0.291056 0.525945 255 255 255 6 1021
5.663656 -0.332025 0.526132 255 255 255 6 1021
5.665670 -0.373022 0.526319 255 255 255 6 1021
5.667686 -0.414048 0.526506 255 255 255 6 1021
5.669704 -0.455104 0.526694 255 248 247 6 1021
5.671723 -0.496189 0.526881 243 233 230 6 1021
5.673760 -0.537304 0.527070 228 218 215 6 1021
5.695832 -0.580491 0.529121 180 171 169 6 1021
5.744876 -0.626940 0.533677 170 161 158 6 1021
5.794770 -0.674196 0.538312 168 160 157 6 1021
6.017766 -0.743560 0.559027 91 85 84 6 1018
7.681427 -1.004547 0.713574 56 51 44 1 4000
7.684150 -1.060346 0.713827 55 49 42 1 4000
7.686872 -1.116184 0.714080 51 45 37 1 4000
7.686687 -1.171618 0.714063 42 38 31 6 1018
7.692326 -1.227980 0.714586 219 199 171 1 4000
7.695057 -1.283937 0.714840 217 196 167 1 4000
7.697789 -1.339935 0.715094 212 189 158 1 4000
7.700522 -1.395971 0.715348 210 186 156 1 4000
7.703259 -1.452048 0.715602 220 200 172 1 4000
7.705996 -1.508165 0.715856 219 199 168 1 4000
7.708736 -1.564321 0.716111 219 198 168 1 4000
7.711477 -1.620518 0.716365 213 190 159 1 4000
7.714221 -1.676754 0.716620 201 177 148 1 4000
7.716966 -1.733030 0.716875 216 190 158 1 4000
7.719714 -1.789347 0.717131 224 203 173 1 4000
7.722463 -1.845704 0.717386 223 201 172 1 4000
7.058726 -1.737998 0.655728 86 85 90 6 1018
7.727967 -1.958537 0.717897 217 191 159 1 4000
7.730723 -2.015015 0.718153 235 208 177 1 4000
5.837455 -1.563653 0.542276 59 88 110 9 1030
5.803810 -1.596516 0.539151 48 81 113 9 1030
5.788486 -1.634066 0.537727 53 86 116 9 1030
5.794193 -1.677484 0.538257 44 73 98 9 1030
5.965322 -1.770068 0.554155 46 72 99 9 1030
5.960323 -1.811590 0.553690 54 84 110 9 1030
7.750065 -2.411486 0.719950 192 172 150 1 4000
7.752836 -2.468287 0.720208 214 190 161 1 4000
7.755610 -2.525128 0.720465 199 175 148 1 4000
7.758384 -2.582010 0.720723 208 185 157 1 4000
7.761161 -2.638933 0.720981 211 189 162 1 4000
7.763940 -2.695897 0.721239 214 194 167 1 4000
7.766721 -2.752901 0.721497 208 184 155 1 4000
7.769504 -2.809946 0.721756 211 187 156 1 4000
7.772289 -2.867032 0.722015 255 230 195 1 4000
7.775076 -2.924159 0.722274 255 238 203 1 4000
7.777865 -2.981327 0.722533 255 234 198 1 4000
7.780657 -3.038537 0.722792 255 234 200 1 4000
7.783449 -3.095786 0.723051 245 216 184 1 4000
7.786245 -3.153078 0.723311 255 229 195 1 4000
7.789041 -3.210410 0.723571 255 237 206 1 4000
7.791840 -3.267784 0.723831 255 239 207 1 4000
7.794641 -3.325198 0.724091 255 232 198 1 4000
7.797443 -3.382654 0.724351 245 220 188 1 4000
7.800249 -3.440152 0.724612 255 237 204 1 4000
7.803056 -3.497691 0.724873 255 237 202 1 4000
7.805864 -3.555271 0.725134 255 233 197 1 4000
7.808676 -3.612893 0.725395 254 225 190 1 4000
7.811490 -3.670556 0.725656 246 219 187 1 4000
7.814305 -3.728261 0.725918 250 223 193 1 4000
7.817122 -3.786007 0.726179 254 230 200 1 4000
7.819941 -3.843795 0.726441 252 226 192 1 4000
7.822762 -3.901625 0.726703 242 210 173 1 4000
7.825584 -3.959496 0.726966 250 223 190 1 4000
7.828411 -4.017410 0.727228 251 224 190 1 4000
7.831238 -4.075365 0.727491 251 226 193 1 4000
7.834067 -4.133362 0.727754 252 226 193 1 4000
7.836899 -4.191401 0.728017 244 219 189 1 4000
7.839733 -4.249483 0.728280 238 208 174 1 4000
7.842568 -4.307605 0.728543 243 219 188 1 4000
7.845406 -4.365770 0.728807 246 224 194 1 4000
7.848245 -4.423977 0.729071 245 219 186 1 4000
7.851087 -4.482226 0.729335 235 206 172 1 4000
6.703079 3.863096 0.574326 210 158 87 10 1005
6.735055 3.832930 0.577066 211 160 87 10 1005
6.767338 3.802474 0.579832 210 160 86 10 1005
6.799932 3.771725 0.582624 209 159 86 10 1005
6.832839 3.740678 0.585444 209 158 85 10 1005
7.303730 3.945771 0.625790 255 231 196 1 4000
7.306190 3.894384 0.626001 247 222 187 1 4000
7.308653 3.842963 0.626212 255 245 214 1 4000
7.311117 3.791507 0.626423 255 246 215 1 4000
7.313583 3.740018 0.626634 255 244 213 1 4000
7.316051 3.688492 0.626846 255 236 202 1 4000
7.318520 3.636932 0.627057 247 220 186 1 4000
7.320992 3.585338 0.627269 254 226 192 1 4000
7.323464 3.533708 0.627481 255 238 205 1 4000
7.325938 3.482044 0.627693 255 254 223 1 4000
7.328414 3.430345 0.627905 255 255 228 1 4000
7.330893 3.378610 0.628117 255 252 220 1 4000
7.333372 3.326841 0.628330 255 244 211 1 4000
7.335853 3.275037 0.628542 255 252 222 1 4000
7.338335 3.223197 0.628755 255 255 229 1 4000
7.340819 3.171322 0.628968 255 255 223 1 4000
7.343306 3.119413 0.629181 255 245 212 1 4000
7.345793 3.067468 0.629394 255 235 201 1 4000
7.348283 3.015488 0.629607 255 241 205 1 4000
7.350774 2.963473 0.629821 255 251 217 1 4000
7.353267 2.911422 0.630035 255 255 224 1 4000
7.355762 2.859336 0.630248 255 234 202 1 4000
7.358257 2.807215 0.630462 252 227 195 1 4000
7.360755 2.755059 0.630676 255 238 210 1 4000
7.363255 2.702867 0.630890 255 236 205 1 4000
7.365756 2.650639 0.631105 255 236 202 1 4000
7.368259 2.598376 0.631319 254 230 196 1 4000
7.370764 2.546078 0.631534 250 224 192 1 4000
7.373271 2.493744 0.631748 246 222 191 1 4000
6.526591 2.160294 0.559204 41 53 102 9 3001
6.534144 2.115649 0.559851 28 37 75 9 3001
6.573785 2.081052 0.563248 50 64 120 9 3001
7.383313 2.284051 0.632609 247 221 189 1 4000
7.385828 2.231539 0.632824 219 195 166 1 4000
7.388345 2.178990 0.633040 232 213 183 1 4000
6.877724 1.978772 0.589290 243 206 175 9 3001
6.895907 1.934248 0.590848 78 65 55 9 3001
6.265423 1.712196 0.536827 180 164 144 6 1020
7.398428 1.968439 0.633904 215 190 160 1 4000
7.400953 1.915711 0.634120 226 204 174 1 4000
7.403481 1.862947 0.634337 241 219 191 1 4000
7.406009 1.810147 0.634553 241 225 199 1 4000
7.408539 1.757311 0.634770 236 220 195 1 4000
7.411071 1.704439 0.634987 228 209 182 1 4000
7.413606 1.651531 0.635204 221 198 169 1 4000
5.603968 1.207964 0.480153 147 139 138 6 1020
5.548191 1.155909 0.475374 147 139 138 6 1020
5.509771 1.108151 0.472082 207 197 194 6 1020
5.492544 1.065056 0.470606 255 254 252 6 1021
5.494451 1.025782 0.470769 255 255 252 6 1021
5.496346 0.986478 0.470932 255 255 255 6 1021
5.498241 0.947147 0.471094 255 255 255 6 1021
5.500138 0.907789 0.471257 255 255 255 6 1021
5.502037 0.868404 0.471419 255 255 255 6 1021
5.503937 0.828992 0.471582 255 255 255 6 1021
5.505837 0.789552 0.471745 255 255 255 6 1021
5.507739 0.750085 0.471908 255 255 255 6 1021
5.500357 0.709394 0.471276 141 143 143 10 1022
5.480319 0.667268 0.469559 67 76 76 10 1022
5.480532 0.627750 0.469577 89 100 100 10 1022
5.515361 0.591945 0.472561 255 255 255 6 1021
5.517271 0.552342 0.472725 255 255 255 6 1021
5.519180 0.512711 0.472888 255 255 255 6 1021
5.521091 0.473052 0.473052 255 255 255 6 1021
5.523004 0.433366 0.473216 255 255 255 6 1021
5.524918 0.393653 0.473380 255 255 255 6 1021
5.526834 0.353912 0.473544 255 255 255 6 1021
5.528750 0.314144 0.473708 255 255 255 6 1021
5.530668 0.274347 0.473873 255 255 255 6 1021
5.532588 0.234524 0.474037 255 255 255 6 1021
5.534510 0.194672 0.474202 255 255 255 6 1021
5.536433 0.154793 0.474367 255 255 255 6 1021
5.538358 0.114887 0.474531 255 255 255 6 1021
5.540285 0.074952 0.474697 255 255 255 6 1021
5.542213 0.034990 0.474862 255 255 255 6 1021
5.544142 -0.005000 0.475027 255 255 255 6 1021
5.546072 -0.045018 0.475192 255 255 255 6 1021
5.548005 -0.085064 0.475358 255 255 255 6 1021
5.549938 -0.125138 0.475524 255 255 255 6 1021
5.551872 -0.165239 0.475689 255 255 255 6 1021
5.553809 -0.205369 0.475855 255 255 255 6 1021
5.555746 -0.245526 0.476021 255 255 255 6 1021
5.557684 -0.285712 0.476187 255 255 255 6 1021
5.559624 -0.325926 0.476354 255 255 255 6 1021
5.561565 -0.366168 0.476520 255 255 255 6 1021
5.563521 -0.406438 0.476687 255 255 254 6 1021
5.577276 -0.447685 0.477866 200 191 188 6 1021
5.621584 -0.491802 0.481662 173 164 162 6 1021
5.669352 -0.536887 0.485755 172 163 160 6 1021
5.717937 -0.582744 0.489918 151 143 140 6 1021
7.532068 -0.821977 0.645354 55 48 40 1 4000
7.534685 -0.876628 0.645578 54 49 41 1 4000
6.035896 -0.745800 0.517160 52 45 50 6 1018
7.539926 -0.986042 0.646027 56 50 43 1 4000
7.542549 -1.040806 0.646251 55 49 42 1 4000
7.545173 -1.095608 0.646476 53 47 39 1 4000
7.547800 -1.150449 0.646701 51 44 36 1 4000
7.550428 -1.205328 0.646926 55 49 40 1 4000
7.553057 -1.260244 0.647152 56 50 42 1 4000
7.555690 -1.315200 0.647377 57 51 43 1 4000
7.558323 -1.370193 0.647603 218 194 165 1 4000
7.560958 -1.425225 0.647829 211 190 163 1 4000
7.563597 -1.480295 0.648055 218 194 164 1 4000
7.566235 -1.535404 0.648281 222 201 171 1 4000
7.568877 -1.590551 0.648507 223 200 168 1 4000
7.571520 -1.645737 0.648734 221 198 168 1 4000
7.574165 -1.700961 0.648960 210 191 163 1 4000
7.576812 -1.756224 0.649187 230 211 182 1 4000
7.579460 -1.811525 0.649414 253 234 207 1 4000
7.081661 -1.743645 0.606762 56 47 53 6 1018
7.584763 -1.922244 0.649868 228 211 186 1 4000
7.587416 -1.977662 0.650096 239 212 181 1 4000
5.859625 -1.569591 0.502057 63 90 111 9 1030
5.820264 -1.601042 0.498685 52 86 118 9 1030
5.803995 -1.638444 0.497291 54 87 117 9 1030
5.824304 -1.686201 0.499031 52 81 107 9 1030
5.986898 -1.776471 0.512962 50 76 104 9 1030
5.984518 -1.818944 0.512758 70 98 119 9 1030
6.025993 -1.875029 0.516312 136 138 139 9 1030
7.608717 -2.422403 0.651921 230 206 176 1 4000
7.611387 -2.478171 0.652150 227 202 171 1 4000
7.614060 -2.533979 0.652379 214 193 168 1 4000
7.616734 -2.589825 0.652608 230 214 192 1 4000
7.619411 -2.645711 0.652837 226 211 187 1 4000
7.622089 -2.701636 0.653067 226 211 186 1 4000
7.624770 -2.757601 0.653296 225 206 180 1 4000
7.627451 -2.813604 0.653526 228 204 174 1 4000
7.630136 -2.869648 0.653756 241 217 186 1 4000
7.632822 -2.925731 0.653986 251 228 197 1 4000
7.635509 -2.981853 0.654216 255 240 205 1 4000
7.638199 -3.038014 0.654447 255 233 197 1 4000
7.640891 -3.094216 0.654678 250 224 192 1 4000
7.643584 -3.150457 0.654908 255 241 209 1 4000
7.646280 -3.206738 0.655139 255 241 208 1 4000
7.648978 -3.263058 0.655370 255 243 211 1 4000
7.651676 -3.319418 0.655602 255 236 204 1 4000
7.654378 -3.375818 0.655833 240 215 182 1 4000
7.657081 -3.432258 0.656065 255 234 199 1 4000
7.659785 -3.488737 0.656296 255 243 211 1 4000
7.662493 -3.545257 0.656528 255 241 209 1 4000
7.665201 -3.601817 0.656760 255 233 199 1 4000
7.667912 -3.658416 0.656993 245 218 183 1 4000
7.670624 -3.715055 0.657225 255 231 197 1 4000
7.673339 -3.771735 0.657458 255 239 207 1 4000
7.676055 -3.828454 0.657690 255 240 210 1 4000
7.678774 -3.885215 0.657923 254 230 198 1 4000
7.681493 -3.942015 0.658156 246 222 190 1 4000
7.684216 -3.998855 0.658390 255 234 203 1 4000
7.686939 -4.055736 0.658623 255 234 202 1 4000
7.689666 -4.112657 0.658857 255 228 194 1 4000
7.692394 -4.169619 0.659090 249 221 186 1 4000
7.695125 -4.226621 0.659324 243 221 191 1 4000
7.697856 -4.283663 0.659558 250 231 204 1 4000
7.700589 -4.340745 0.659793 245 225 196 1 4000
7.703325 -4.397869 0.660027 242 220 191 1 4000
6.717521 3.871420 0.527095 209 157 83 10 1005
6.749635 3.841227 0.529615 211 160 86 10 1005
6.782058 3.810745 0.532159 208 156 83 10 1005
6.814794 3.779969 0.534727 207 156 84 10 1005
6.847847 3.748894 0.537321 208 157 85 10 1005
6.881223 3.717515 0.539940 220 178 122 10 1005
7.178061 3.826088 0.563231 255 235 200 1 4000
7.180438 3.775546 0.563418 255 240 208 1 4000
7.182817 3.724972 0.563604 255 241 208 1 4000
7.185196 3.674363 0.563791 255 242 209 1 4000
7.187578 3.623721 0.563978 250 223 189 1 4000
7.189961 3.573045 0.564165 255 238 203 1 4000
7.192346 3.522336 0.564352 255 231 193 1 4000
7.194732 3.471593 0.564539 255 237 199 1 4000
7.197121 3.420816 0.564727 255 236 199 1 4000
7.199511 3.370006 0.564914 255 234 198 1 4000
7.201902 3.319162 0.565102 255 233 196 1 4000
7.204295 3.268284 0.565290 255 244 210 1 4000
7.206689 3.217372 0.565478 255 246 215 1 4000
7.209085 3.166427 0.565666 255 239 203 1 4000
7.211483 3.115447 0.565854 255 236 203 1 4000
7.213882 3.064434 0.566042 250 221 187 1 4000
7.216283 3.013387 0.566230 255 226 189 1 4000
7.218685 2.962306 0.566419 255 223 186 1 4000
7.221089 2.911190 0.566608 255 226 190 1 4000
7.223495 2.860041 0.566796 255 227 191 1 4000
7.225903 2.808857 0.566985 255 226 191 1 4000
7.228311 2.757640 0.567174 235 212 180 1 4000
7.230721 2.706388 0.567363 240 214 180 1 4000
7.233134 2.655102 0.567553 241 213 179 1 4000
7.235547 2.603782 0.567742 236 206 173 1 4000
7.237963 2.552428 0.567932 240 213 181 1 4000
7.240379 2.501039 0.568121 229 205 174 1 4000
7.242798 2.449616 0.568311 226 201 170 1 4000
7.245218 2.398159 0.568501 223 200 170 1 4000
6.555717 2.122633 0.514399 32 42 83 9 3001
6.588568 2.085732 0.516976 18 26 55 9 3001
7.252488 2.243580 0.569071 215 190 161 1 4000
7.254915 2.191985 0.569262 227 207 178 1 4000
7.257343 2.140355 0.569452 233 216 190 1 4000
6.899778 1.985117 0.541396 225 191 163 9 3001
6.909479 1.938055 0.542157 143 121 102 9 3001
7.264638 1.985258 0.570025 204 185 161 1 4000
7.267072 1.933490 0.570216 178 160 143 1 4000
7.269508 1.881687 0.570407 221 196 168 1 4000
7.271946 1.829849 0.570598 228 206 180 1 4000
7.274386 1.777977 0.570790 236 218 192 1 4000
7.276827 1.726069 0.570981 233 214 184 1 4000
7.279270 1.674127 0.571173 214 192 162 1 4000
7.281714 1.622150 0.571365 232 210 180 1 4000
7.284161 1.570138 0.571557 233 213 186 1 4000
7.286609 1.518091 0.571749 231 211 184 1 4000
5.528183 1.111854 0.433773 169 158 155 6 1020
5.461980 1.059129 0.428578 147 139 138 6 1021
5.410363 1.010083 0.424528 197 189 186 6 1021
5.398320 0.968885 0.423583 255 255 255 6 1021
5.400144 0.930249 0.423726 255 255 255 6 1021
5.401974 0.891588 0.423869 255 255 255 6 1021
5.403805 0.852900 0.424013 255 255 255 6 1021
5.405637 0.814186 0.424157 255 255 255 6 1021
5.407471 0.775446 0.424301 255 255 255 6 1021
5.409306 0.736680 0.424445 255 255 255 6 1021
5.411141 0.697887 0.424589 255 255 255 6 1021
5.412979 0.659069 0.424733 255 255 255 6 1021
5.414817 0.620223 0.424877 255 255 255 6 1021
5.416657 0.581352 0.425022 255 255 255 6 1021
5.418499 0.542453 0.425166 255 255 255 6 1021
5.420341 0.503529 0.425311 255 255 255 6 1021
5.422184 0.464578 0.425455 255 255 255 6 1021
5.424029 0.425600 0.425600 255 255 255 6 1021
5.425876 0.386596 0.425745 255 255 255 6 1021
5.427722 0.347565 0.425890 255 255 255 6 1021
5.429572 0.308508 0.426035 255 255 255 6 1021
5.431422 0.269424 0.426180 255 255 255 6 1021
5.433272 0.230314 0.426325 255 255 255 6 1021
5.435127 0.191177 0.426471 255 255 255 6 1021
5.436983 0.152013 0.426616 255 255 255 6 1021
5.438839 0.112822 0.426762 255 255 255 6 1021
5.440697 0.073605 0.426908 255 255 255 6 1021
5.442556 0.034361 0.427054 255 255 255 6 1021
5.444416 -0.004910 0.427200 255 255 255 6 1021
5.446278 -0.044208 0.427346 255 255 255 6 1021
5.448141 -0.083533 0.427492 255 255 255 6 1021
5.450005 -0.122884 0.427638 255 255 255 6 1021
5.451870 -0.162263 0.427785 255 255 255 6 1021
5.453737 -0.201668 0.427931 255 255 255 6 1021
5.455606 -0.241101 0.428078 255 255 255 6 1021
5.457483 -0.280561 0.428225 255 255 255 6 1021
5.464702 -0.320361 0.428791 255 255 255 6 1021
5.503474 -0.362343 0.431834 186 177 174 6 1021
5.549247 -0.405396 0.435425 175 166 164 6 1021
5.595788 -0.449171 0.439077 174 165 163 6 1021
7.388407 -0.646372 0.579736 58 53 45 1 4000
7.390924 -0.699920 0.579934 59 53 45 1 4000
5.910266 -0.602345 0.463753 51 47 50 6 1021
7.395967 -0.807124 0.580328 56 49 41 1 4000
7.398490 -0.860782 0.580526 53 47 39 1 4000
6.054127 -0.748053 0.475040 45 42 51 6 1018
7.403543 -0.968206 0.580923 59 52 45 1 4000
7.406071 -1.021973 0.581121 58 52 44 1 4000
7.408602 -1.075777 0.581320 56 49 41 1 4000
7.411134 -1.129618 0.581519 52 45 37 1 4000
7.413669 -1.183496 0.581717 56 51 43 1 4000
7.416204 -1.237410 0.581916 57 52 45 1 4000
7.418741 -1.291361 0.582116 56 50 42 1 4000
7.421281 -1.345350 0.582315 54 47 39 1 4000
7.423821 -1.399375 0.582514 51 45 37 1 4000
7.426364 -1.453437 0.582714 56 50 41 1 4000
7.428908 -1.507536 0.582913 233 214 188 1 4000
7.431454 -1.561673 0.583113 231 215 191 1 4000
7.434002 -1.615846 0.583313 250 233 206 1 4000
7.436552 -1.670057 0.583513 243 219 189 1 4000
7.439103 -1.724305 0.583713 255 229 196 1 4000
7.441656 -1.778590 0.583914 255 234 202 1 4000
7.106915 -1.749863 0.557648 60 53 58 6 1018
7.446768 -1.887272 0.584315 240 216 181 1 4000
7.449326 -1.941669 0.584515 241 216 182 1 4000
5.876721 -1.574171 0.461120 65 93 115 9 1030
5.829536 -1.603593 0.457418 58 92 122 9 1030
5.814705 -1.641468 0.456254 73 106 129 9 1030
5.836209 -1.689648 0.457941 73 104 127 9 1030
6.007224 -1.782502 0.471360 48 72 93 9 1030
6.001947 -1.824242 0.470946 92 120 139 9 1030
6.029126 -1.876004 0.473079 100 125 145 9 1030
7.469857 -2.378194 0.586126 224 202 172 1 4000
7.472431 -2.432929 0.586328 220 197 167 1 4000
7.475007 -2.487701 0.586531 216 193 163 1 4000
7.477585 -2.542512 0.586733 207 187 160 1 4000
7.480165 -2.597360 0.586935 216 196 169 1 4000
7.482746 -2.652246 0.587138 214 195 168 1 4000
7.485329 -2.707170 0.587340 224 204 177 1 4000
7.487913 -2.762132 0.587543 232 210 180 1 4000
7.490500 -2.817132 0.587746 217 194 163 1 4000
7.493089 -2.872170 0.587949 226 201 170 1 4000
7.495679 -2.927246 0.588153 229 205 177 1 4000
7.498271 -2.982360 0.588356 232 209 181 1 4000
7.500865 -3.037512 0.588560 231 208 178 1 4000
7.503460 -3.092702 0.588763 226 202 171 1 4000
7.506059 -3.147931 0.588967 249 223 187 1 4000
7.508658 -3.203198 0.589171 250 226 193 1 4000
7.511259 -3.258503 0.589375 251 228 194 1 4000
7.513861 -3.313846 0.589579 251 227 194 1 4000
7.516466 -3.369228 0.589784 242 219 190 1 4000
7.519073 -3.424648 0.589988 255 236 205 1 4000
7.521681 -3.480107 0.590193 253 232 203 1 4000
7.524291 -3.535604 0.590398 255 240 212 1 4000
7.526903 -3.591139 0.590603 255 235 204 1 4000
7.529516 -3.646713 0.590808 244 222 191 1 4000
7.532132 -3.702327 0.591013 255 230 197 1 4000
7.534750 -3.757978 0.591218 255 233 200 1 4000
7.537370 -3.813669 0.591424 255 237 205 1 4000
7.539990 -3.869398 0.591630 255 232 197 1 4000
7.542613 -3.925165 0.591835 239 210 177 1 4000
7.545238 -3.980972 0.592041 251 223 190 1 4000
7.547864 -4.036817 0.592247 253 225 193 1 4000
7.550492 -4.092701 0.592454 255 231 198 1 4000
7.553122 -4.148624 0.592660 252 225 191 1 4000
7.555755 -4.204587 0.592867 239 215 184 1 4000
7.558388 -4.260588 0.593073 247 228 200 1 4000
7.561024 -4.316628 0.593280 247 229 201 1 4000
6.732026 3.879779 0.479660 209 160 88 10 1005
6.764278 3.849561 0.481958 205 156 84 10 1005
6.796843 3.819052 0.484278 210 161 89 10 1005
6.829721 3.788248 0.486621 208 158 87 10 1005
6.862920 3.757145 0.488986 210 161 89 10 1005
6.896443 3.725738 0.491375 208 158 87 10 1005
7.054348 3.760146 0.502625 255 241 210 1 4000
7.056643 3.710454 0.502789 255 236 200 1 4000
7.058940 3.660730 0.502953 255 224 185 1 4000
7.061239 3.610974 0.503116 255 236 203 1 4000
7.063540 3.561185 0.503280 255 242 207 1 4000
7.065841 3.511364 0.503444 255 243 208 1 4000
7.068144 3.461510 0.503608 255 243 208 1 4000
7.070450 3.411624 0.503773 255 247 212 1 4000
7.072755 3.361705 0.503937 255 233 201 1 4000
7.075063 3.311754 0.504101 255 224 187 1 4000
7.077373 3.261770 0.504266 255 240 206 1 4000
7.079684 3.211753 0.504430 255 249 217 1 4000
7.081995 3.161704 0.504595 255 252 218 1 4000
7.084310 3.111622 0.504760 255 240 202 1 4000
7.086625 3.061507 0.504925 255 231 195 1 4000
7.088942 3.011360 0.505090 255 244 209 1 4000
7.091260 2.961180 0.505255 255 253 216 1 4000
7.093580 2.910967 0.505421 255 255 217 1 4000
7.095901 2.860720 0.505586 255 253 217 1 4000
7.098224 2.810442 0.505751 255 246 212 1 4000
7.100549 2.760130 0.505917 255 245 209 1 4000
7.102874 2.709785 0.506083 255 252 217 1 4000
7.105202 2.659408 0.506249 255 247 212 1 4000
7.107531 2.608997 0.506415 249 222 189 1 4000
7.109862 2.558553 0.506581 236 210 176 1 4000
7.112194 2.508076 0.506747 222 199 170 1 4000
7.114528 2.457566 0.506913 236 215 185 1 4000
7.116862 2.407023 0.507079 238 216 186 1 4000
7.119199 2.356447 0.507246 238 215 186 1 4000
6.578943 2.130154 0.468752 17 23 51 9 3001
6.604172 2.090672 0.470550 17 23 51 9 3001
7.126219 2.204518 0.507746 223 197 164 1 4000
7.128562 2.153809 0.507913 231 205 174 1 4000
7.130906 2.103066 0.508080 234 213 184 1 4000
6.927273 1.993028 0.493571 196 167 142 9 3001
6.925931 1.942669 0.493475 125 106 89 9 3001
7.137948 1.950637 0.508582 222 200 172 1 4000
6.308134 1.678353 0.449457 30 23 23 6 1020
7.142651 1.848850 0.508917 233 210 178 1 4000
7.145005 1.797907 0.509085 237 214 185 1 4000
7.147359 1.746929 0.509252 236 213 185 1 4000
7.149716 1.695918 0.509420 227 204 175 1 4000
7.152074 1.644874 0.509588 219 192 161 1 4000
7.154434 1.593796 0.509757 228 202 172 1 4000
7.156796 1.542684 0.509925 230 209 179 1 4000
7.159159 1.491538 0.510093 233 212 183 1 4000
7.161523 1.440359 0.510262 234 213 185 1 4000
5.663663 1.098238 0.403538 33 31 32 6 1020
5.430718 1.013883 0.386941 146 138 137 6 1021
5.378386 0.965307 0.383212 146 138 136 6 1021
5.327050 0.917657 0.379555 196 188 185 6 1021
5.307262 0.875956 0.378145 255 255 255 6 1021
5.309020 0.837940 0.378270 255 255 255 6 1021
5.310789 0.799900 0.378396 255 255 255 6 1021
5.312558 0.761836 0.378522 255 255 255 6 1021
5.314329 0.723745 0.378648 255 255 255 6 1021
5.316102 0.685630 0.378775 255 255 255 6 1021
5.317874 0.647489 0.378901 255 255 255 6 1021
5.319649 0.609322 0.379027 255 255 255 6 1021
5.321425 0.571131 0.379154 255 255 255 6 1021
5.323201 0.532913 0.379280 255 255 255 6 1021
5.324979 0.494670 0.379407 255 255 255 6 1021
5.326759 0.456402 0.379534 255 255 255 6 1021
5.328539 0.418107 0.379661 255 255 255 6 1021
5.330321 0.379788 0.379788 255 255 255 6 1021
5.332104 0.341442 0.379915 255 255 255 6 1021
5.333888 0.303071 0.380042 255 255 255 6 1021
5.335673 0.264675 0.380169 255 255 255 6 1021
5.337461 0.226252 0.380296 255 255 255 6 1021
5.339250 0.187804 0.380424 255 255 255 6 1021
5.341041 0.149330 0.380551 255 255 255 6 1021
5.342832 0.110831 0.380679 255 255 255 6 1021
5.344625 0.072305 0.380807 255 255 255 6 1021
5.346419 0.033754 0.380935 255 255 255 6 1021
5.348215 -0.004823 0.381063 255 255 255 6 1021
5.350011 -0.043427 0.381191 255 255 255 6 1021
5.351809 -0.082056 0.381319 255 255 255 6 1021
5.353608 -0.120711 0.381447 255 255 255 6 1021
5.355412 -0.159392 0.381575 255 255 255 6 1021
5.357233 -0.198100 0.381705 255 255 255 6 1021
5.390224 -0.238212 0.384056 218 208 205 6 1021
5.434125 -0.279360 0.387184 218 208 205 6 1021
5.478747 -0.321185 0.390363 217 207 204 6 1021
7.250123 -0.477341 0.516574 79 72 69 1 4000
7.252548 -0.529829 0.516747 53 45 37 1 4000
7.254975 -0.582353 0.516920 51 45 37 1 4000
7.257402 -0.634911 0.517093 54 47 38 1 4000
7.259832 -0.687505 0.517266 54 47 38 1 4000
5.928391 -0.604193 0.422400 59 52 56 6 1021
7.264698 -0.792799 0.517612 54 46 37 1 4000
7.267132 -0.845499 0.517785 51 44 37 1 4000
6.074154 -0.750528 0.432785 46 43 52 6 1018
7.272007 -0.951004 0.518133 55 48 40 1 4000
7.274446 -1.003810 0.518306 56 49 41 1 4000
7.276887 -1.056651 0.518480 57 50 42 1 4000
7.279330 -1.109528 0.518654 54 48 40 1 4000
7.281775 -1.162441 0.518829 58 52 44 1 4000
7.284221 -1.215388 0.519003 58 54 46 1 4000
7.286670 -1.268372 0.519177 57 52 46 1 4000
7.289118 -1.321391 0.519352 57 52 45 1 4000
7.291570 -1.374446 0.519527 55 49 41 1 4000
7.294023 -1.427536 0.519701 85 74 62 1 4000
7.296477 -1.480662 0.519876 143 126 108 1 4000
7.298933 -1.533824 0.520051 156 142 123 1 4000
7.301391 -1.587022 0.520226 226 209 184 1 4000
7.303850 -1.640255 0.520402 255 239 207 1 4000
7.306312 -1.693525 0.520577 245 222 189 1 4000
7.308774 -1.746830 0.520752 255 236 205 1 4000
7.139886 -1.757981 0.508719 173 157 139 6 1018
7.313704 -1.853549 0.521104 255 239 209 1 4000
7.316173 -1.906962 0.521280 255 233 201 1 4000
5.884234 -1.576183 0.419253 68 97 119 9 1030
5.837803 -1.605867 0.415945 62 95 125 9 1030
5.829688 -1.645697 0.415367 96 124 143 9 1030
5.852792 -1.694449 0.417013 71 95 113 9 1030
6.023738 -1.787402 0.429193 47 68 87 9 1030
6.014875 -1.828171 0.428562 84 115 136 9 1030
6.038452 -1.878906 0.430242 105 130 148 9 1030
7.335975 -2.335570 0.522690 229 208 177 1 4000
7.338458 -2.389309 0.522867 229 205 174 1 4000
7.340942 -2.443084 0.523044 222 195 163 1 4000
7.343428 -2.496896 0.523222 218 192 163 1 4000
7.345915 -2.550745 0.523399 222 202 176 1 4000
7.348406 -2.604630 0.523576 246 222 187 1 4000
7.350896 -2.658551 0.523754 255 238 206 1 4000
7.353390 -2.712509 0.523931 255 235 205 1 4000
7.355884 -2.766504 0.524109 254 230 197 1 4000
7.358380 -2.820535 0.524287 237 213 180 1 4000
7.360879 -2.874603 0.524465 251 229 196 1 4000
7.363378 -2.928707 0.524643 252 232 201 1 4000
7.365880 -2.982849 0.524821 252 230 198 1 4000
7.368382 -3.037027 0.525000 248 224 191 1 4000
7.370887 -3.091242 0.525178 235 210 179 1 4000
7.373394 -3.145494 0.525357 250 224 193 1 4000
7.375902 -3.199783 0.525535 255 237 209 1 4000
7.378411 -3.254108 0.525714 255 255 227 1 4000
7.380923 -3.308471 0.525893 255 251 221 1 4000
7.383437 -3.362871 0.526072 247 227 197 1 4000
7.385952 -3.417308 0.526251 255 242 210 1 4000
7.388469 -3.471782 0.526431 255 247 216 1 4000
7.390987 -3.526293 0.526610 255 246 214 1 4000
7.393507 -3.580841 0.526790 255 241 208 1 4000
7.396029 -3.635427 0.526969 250 227 195 1 4000
7.398552 -3.690049 0.527149 255 234 199 1 4000
7.401079 -3.744710 0.527329 255 241 208 1 4000
7.403605 -3.799407 0.527509 255 241 209 1 4000
7.406134 -3.854141 0.527689 255 240 210 1 4000
7.408665 -3.908914 0.527870 252 227 194 1 4000
7.411197 -3.963723 0.528050 255 240 210 1 4000
7.413730 -4.018570 0.528231 255 241 210 1 4000
7.416266 -4.073455 0.528411 255 239 206 1 4000
7.418804 -4.128377 0.528592 253 230 198 1 4000
7.421343 -4.183337 0.528773 242 216 185 1 4000
7.423884 -4.238334 0.528954 245 220 189 1 4000
6.746592 3.888174 0.432019 208 159 89 10 1005
6.778986 3.857931 0.434094 207 158 89 10 1005
6.811692 3.827396 0.436188 207 158 87 10 1005
6.844715 3.796565 0.438303 205 156 86 10 1005
6.878060 3.765434 0.440438 209 159 89 10 1005
6.932610 3.745277 0.443931 121 95 61 1 4000
6.934825 3.696438 0.444073 255 247 215 1 4000
6.937044 3.647568 0.444215 255 232 199 1 4000
6.939264 3.598667 0.444357 255 236 203 1 4000
6.941486 3.549734 0.444499 255 247 215 1 4000
6.943709 3.500771 0.444642 255 246 214 1 4000
6.945933 3.451776 0.444784 255 247 213 1 4000
6.948160 3.402749 0.444927 255 242 208 1 4000
6.950386 3.353691 0.445069 247 220 188 1 4000
6.952615 3.304602 0.445212 255 246 215 1 4000
6.954845 3.255481 0.445355 255 238 205 1 4000
6.957077 3.206329 0.445498 255 239 207 1 4000
6.959310 3.157145 0.445641 255 233 199 1 4000
6.961544 3.107929 0.445784 253 226 191 1 4000
6.963780 3.058682 0.445927 238 213 181 1 4000
6.966018 3.009403 0.446070 255 229 193 1 4000
6.968255 2.960093 0.446214 255 235 203 1 4000
6.970496 2.910751 0.446357 254 229 194 1 4000
6.972736 2.861377 0.446501 253 226 191 1 4000
6.974980 2.811971 0.446644 250 223 190 1 4000
6.977224 2.762534 0.446788 243 216 182 1 4000
6.979470 2.713064 0.446932 241 215 182 1 4000
6.981718 2.663563 0.447076 245 222 191 1 4000
6.983966 2.614030 0.447220 246 224 193 1 4000
6.986217 2.564465 0.447364 240 215 182 1 4000
6.988468 2.514868 0.447508 217 194 165 1 4000
6.990722 2.465240 0.447652 219 195 164 1 4000
6.992976 2.415579 0.447797 223 199 168 1 4000
6.995232 2.365886 0.447941 226 202 173 1 4000
6.997489 2.316161 0.448086 223 196 164 1 4000
6.999749 2.266404 0.448230 211 186 155 1 4000
6.622809 2.096572 0.424093 17 23 51 9 3001
7.004271 2.166793 0.448520 223 200 171 1 4000
7.006534 2.116939 0.448665 226 203 175 1 4000
7.008799 2.067054 0.448810 229 208 179 1 4000
7.011065 2.017135 0.448955 221 195 164 1 4000
7.013332 1.967185 0.449100 210 184 151 1 4000
7.015603 1.917202 0.449245 171 150 125 1 4000
6.323339 1.682398 0.404916 36 32 35 6 1020
7.020145 1.817140 0.449536 229 203 172 1 4000
7.022418 1.767060 0.449682 227 200 169 1 4000
7.024693 1.716948 0.449828 230 204 174 1 4000
7.026969 1.666803 0.449973 211 187 159 1 4000
7.029247 1.616625 0.450119 222 198 169 1 4000
7.031527 1.566416 0.450265 225 203 175 1 4000
7.033809 1.516173 0.450411 228 206 179 1 4000
7.036090 1.465898 0.450557 222 195 162 1 4000
7.038374 1.415590 0.450704 214 185 151 1 4000
5.681067 1.101612 0.363788 32 12 15 6 1020
7.042947 1.314877 0.450997 228 203 172 1 4000
7.045235 1.264471 0.451143 230 207 177 1 4000
5.348073 0.921279 0.342465 107 102 101 6 1021
5.297313 0.874313 0.339214 144 136 135 6 1021
5.247504 0.828231 0.336025 142 135 133 6 1021
5.219224 0.786109 0.334214 255 255 255 6 1021
5.220920 0.748694 0.334323 255 255 255 6 1021
5.222630 0.711257 0.334432 255 255 255 6 1021
5.224341 0.673795 0.334542 255 255 255 6 1021
5.226054 0.636309 0.334651 255 255 255 6 1021
5.227768 0.598798 0.334761 255 255 255 6 1021
5.229483 0.561263 0.334871 255 255 255 6 1021
5.231199 0.523703 0.334981 255 255 255 6 1021
5.232916 0.486118 0.335091 255 255 255 6 1021
5.234634 0.448508 0.335201 255 255 255 6 1021
5.236354 0.410874 0.335311 255 255 255 6 1021
5.238074 0.373215 0.335421 255 255 255 6 1021
5.239796 0.335531 0.335531 255 255 255 6 1021
5.241519 0.297823 0.335642 255 255 255 6 1021
5.243243 0.260090 0.335752 255 255 255 6 1021
5.244970 0.222332 0.335863 255 255 255 6 1021
5.246698 0.184549 0.335973 255 255 255 6 1021
5.248426 0.146741 0.336084 255 255 255 6 1021
5.250157 0.108908 0.336195 255 255 255 6 1021
5.251888 0.071051 0.336306 255 255 255 6 1021
5.253621 0.033168 0.336417 255 255 255 6 1021
5.255353 -0.004740 0.336528 255 255 255 6 1021
5.257089 -0.042672 0.336639 255 255 255 6 1021
5.258843 -0.080630 0.336751 255 255 255 6 1021
5.281540 -0.119086 0.338204 228 221 220 6 1021
5.323683 -0.158448 0.340903 219 208 205 6 1021
5.366503 -0.198443 0.343645 218 208 205 6 1021
5.417738 -0.239427 0.346926 146 139 137 6 1021
7.119257 -0.365990 0.455883 56 49 40 1 4000
7.121595 -0.417494 0.456033 59 52 43 1 4000
7.123934 -0.469032 0.456183 59 51 42 1 4000
7.126277 -0.520604 0.456333 58 51 43 1 4000
7.128620 -0.572210 0.456483 54 48 40 1 4000
7.130963 -0.623850 0.456632 59 52 44 1 4000
7.133310 -0.675524 0.456782 59 52 44 1 4000
5.946629 -0.606051 0.380793 55 49 53 6 1021
7.138006 -0.778973 0.457083 57 49 40 1 4000
7.140357 -0.830749 0.457233 54 46 37 1 4000
6.094531 -0.753045 0.390264 49 40 45 6 1018
7.145062 -0.934403 0.457535 57 51 43 1 4000
7.147417 -0.986281 0.457685 58 51 43 1 4000
7.149774 -1.038194 0.457836 57 50 42 1 4000
7.152133 -1.090141 0.457987 56 49 41 1 4000
7.154492 -1.142122 0.458138 51 44 36 1 4000
7.156854 -1.194137 0.458290 56 48 39 1 4000
7.159217 -1.246187 0.458441 57 51 42 1 4000
7.161582 -1.298271 0.458592 181 165 143 1 4000
7.163948 -1.350389 0.458744 226 205 179 1 4000
7.166316 -1.402542 0.458896 206 185 157 1 4000
7.168685 -1.454730 0.459047 221 201 173 1 4000
7.171055 -1.506951 0.459199 222 198 167 1 4000
7.173428 -1.559208 0.459351 225 202 173 1 4000
7.175802 -1.611499 0.459503 224 202 174 1 4000
7.178178 -1.663825 0.459655 216 192 164 1 4000
7.180554 -1.716185 0.459807 128 113 96 1 4000
7.182933 -1.768580 0.459960 180 161 139 1 4000
7.185314 -1.821010 0.460112 255 234 202 1 4000
7.187696 -1.873475 0.460265 255 236 203 1 4000
5.886502 -1.576790 0.376943 71 100 122 9 1030
5.849903 -1.609195 0.374599 65 98 127 9 1030
5.837854 -1.648003 0.373827 100 126 145 9 1030
5.860058 -1.696552 0.375249 93 118 137 9 1030
6.037180 -1.791391 0.386591 49 71 91 9 1030
6.027375 -1.831970 0.385963 72 103 126 9 1030
6.050004 -1.882500 0.387412 92 117 135 9 1030
7.206807 -2.294446 0.461489 230 209 181 1 4000
7.209203 -2.347225 0.461642 233 210 181 1 4000
7.211601 -2.400039 0.461795 231 205 175 1 4000
7.214001 -2.452888 0.461949 225 198 168 1 4000
7.216402 -2.505773 0.462103 238 211 179 1 4000
7.218804 -2.558692 0.462257 251 229 196 1 4000
7.221208 -2.611647 0.462411 250 224 191 1 4000
7.223614 -2.664637 0.462565 251 228 196 1 4000
7.226020 -2.717663 0.462719 246 217 183 1 4000
7.228429 -2.770723 0.462873 233 203 169 1 4000
7.230840 -2.823819 0.463027 230 204 171 1 4000
7.233253 -2.876951 0.463182 245 221 189 1 4000
7.235666 -2.930118 0.463337 249 227 199 1 4000
7.238081 -2.983321 0.463491 245 223 194 1 4000
7.240498 -3.036559 0.463646 243 222 192 1 4000
7.242917 -3.089833 0.463801 227 203 172 1 4000
7.245337 -3.143142 0.463956 234 207 175 1 4000
7.247759 -3.196487 0.464111 236 210 178 1 4000
7.250183 -3.249867 0.464266 241 215 183 1 4000
7.252608 -3.303284 0.464421 244 219 186 1 4000
7.255034 -3.356736 0.464577 234 208 176 1 4000
7.257463 -3.410224 0.464732 255 230 196 1 4000
7.259893 -3.463747 0.464888 255 234 201 1 4000
7.262324 -3.517306 0.465044 255 232 201 1 4000
7.264756 -3.570901 0.465199 251 225 191 1 4000
7.267192 -3.624533 0.465355 246 221 188 1 4000
7.269628 -3.678200 0.465511 247 219 187 1 4000
7.272066 -3.731904 0.465667 252 223 190 1 4000
7.274507 -3.785643 0.465824 252 225 192 1 4000
7.276947 -3.839418 0.465980 253 225 190 1 4000
7.279390 -3.893229 0.466137 249 219 184 1 4000
7.281836 -3.947077 0.466293 249 224 189 1 4000
7.284282 -4.000961 0.466450 254 226 189 1 4000
7.286729 -4.054881 0.466606 254 227 189 1 4000
7.289179 -4.108837 0.466763 249 218 181 1 4000
7.291630 -4.162830 0.466920 247 219 184 1 4000
6.761221 3.896605 0.384172 206 157 88 10 1005
6.808581 3.874774 0.386863 56 49 40 1 4000
6.810720 3.826850 0.386985 247 222 190 1 4000
6.812860 3.778896 0.387106 255 230 199 1 4000
6.815001 3.730911 0.387228 255 234 203 1 4000
6.817143 3.682897 0.387350 254 227 194 1 4000
6.819288 3.634853 0.387472 238 210 177 1 4000
6.821433 3.586778 0.387594 247 218 184 1 4000
6.823580 3.538673 0.387716 253 227 194 1 4000
6.825727 3.490538 0.387838 255 230 195 1 4000
6.827877 3.442372 0.387960 255 231 197 1 4000
6.830028 3.394176 0.388082 255 226 191 1 4000
6.832180 3.345950 0.388204 246 224 197 1 4000
6.834332 3.297693 0.388327 255 243 219 1 4000
6.836488 3.249406 0.388449 255 240 213 1 4000
6.838644 3.201089 0.388572 255 241 213 1 4000
6.840801 3.152740 0.388694 255 236 206 1 4000
6.842960 3.104362 0.388817 245 223 193 1 4000
6.845120 3.055953 0.388939 235 208 177 1 4000
6.847282 3.007513 0.389062 248 223 191 1 4000
6.849446 2.959043 0.389185 255 233 201 1 4000
6.851610 2.910542 0.389308 255 238 205 1 4000
6.853776 2.862011 0.389431 255 232 198 1 4000
6.855943 2.813448 0.389554 247 219 187 1 4000
6.858111 2.764855 0.389678 253 231 201 1 4000
6.860281 2.716231 0.389801 255 234 202 1 4000
6.862452 2.667577 0.389924 255 237 204 1 4000
6.864625 2.618891 0.390048 255 241 209 1 4000
6.866798 2.570175 0.390171 255 237 205 1 4000
6.868973 2.521428 0.390295 242 219 189 1 4000
6.871150 2.472651 0.390419 255 233 199 1 4000
6.873329 2.423842 0.390542 255 243 211 1 4000
6.875508 2.375002 0.390666 255 241 210 1 4000
6.877689 2.326131 0.390790 235 217 189 1 4000
6.879871 2.277229 0.390914 228 208 179 1 4000
6.882055 2.228296 0.391038 215 191 161 1 4000
6.651116 2.105533 0.377916 217 183 156 9 3001
6.714129 2.077037 0.381497 215 183 156 9 3001
6.888614 2.081311 0.391411 235 214 185 1 4000
6.890802 2.032254 0.391535 192 173 151 1 4000
6.892994 1.983165 0.391660 188 168 143 1 4000
6.895185 1.934046 0.391784 224 203 174 1 4000
6.897379 1.884895 0.391909 161 144 125 1 4000
6.341200 1.687151 0.360307 53 43 49 6 1020
6.901770 1.786499 0.392158 195 173 147 1 4000
6.903967 1.737254 0.392283 230 203 170 1 4000
6.906167 1.687978 0.392408 216 190 159 1 4000
6.908367 1.638670 0.392533 229 211 185 1 4000
6.910568 1.589331 0.392658 230 214 190 1 4000
6.912772 1.539961 0.392783 227 210 184 1 4000
6.914976 1.490558 0.392909 226 208 182 1 4000
6.917182 1.441125 0.393034 220 199 172 1 4000
6.919390 1.391660 0.393159 197 175 147 1 4000
5.698986 1.105087 0.323816 32 21 24 6 1020
6.923808 1.292635 0.393411 222 202 174 1 4000
6.926020 1.243075 0.393536 219 198 170 1 4000
5.544766 0.955162 0.315053 31 19 21 6 1021
6.930448 1.143860 0.393788 212 187 156 1 4000
5.275874 0.832708 0.299775 184 169 151 6 1021
5.218647 0.786022 0.296523 141 133 132 6 1021
5.170300 0.741435 0.293776 139 132 130 6 1021
5.134060 0.699195 0.291717 246 241 240 6 1021
5.135699 0.662363 0.291810 255 255 255 6 1021
5.137350 0.625509 0.291904 255 255 255 6 1021
5.139007 0.588631 0.291998 255 255 255 6 1021
5.140664 0.551730 0.292092 255 255 255 6 1021
5.142322 0.514805 0.292187 255 255 255 6 1021
5.143981 0.477856 0.292281 255 255 255 6 1021
5.145641 0.440883 0.292375 255 255 255 6 1021
5.147303 0.403887 0.292470 255 255 255 6 1021
5.148965 0.366866 0.292564 255 255 255 6 1021
5.150629 0.329822 0.292659 255 255 255 6 1021
5.152295 0.292753 0.292753 255 255 255 6 1021
5.153962 0.255661 0.292848 255 255 255 6 1021
5.155630 0.218545 0.292943 255 255 255 6 1021
5.157299 0.181404 0.293038 255 255 255 6 1021
5.158970 0.144240 0.293132 255 255 255 6 1021
5.160641 0.107051 0.293227 255 255 255 6 1021
5.162314 0.069839 0.293322 255 255 255 6 1021
5.164003 0.032602 0.293418 255 255 255 6 1021
5.178517 -0.004670 0.294243 247 244 244 6 1021
5.217640 -0.042352 0.296466 219 209 206 6 1021
5.258765 -0.080629 0.298803 218 208 205 6 1021
5.300542 -0.119514 0.301177 200 190 188 6 1021
6.990777 -0.208065 0.397216 51 45 37 1 4000
6.993031 -0.258588 0.397344 50 42 34 1 4000
6.995288 -0.309145 0.397472 52 45 37 1 4000
6.997545 -0.359733 0.397600 54 47 38 1 4000
6.999804 -0.410355 0.397729 54 48 40 1 4000
7.002065 -0.461009 0.397857 54 47 38 1 4000
7.004326 -0.511695 0.397986 54 47 39 1 4000
7.006590 -0.562415 0.398113 51 44 36 1 4000
7.008855 -0.613167 0.398242 54 46 38 1 4000
7.011122 -0.663953 0.398371 55 49 42 1 4000
5.965481 -0.607973 0.338958 47 46 59 6 1021
7.015658 -0.765621 0.398629 57 51 43 1 4000
7.017929 -0.816505 0.398758 56 49 41 1 4000
6.115045 -0.755580 0.347456 50 39 45 6 1018
7.022474 -0.918371 0.399016 57 50 42 1 4000
7.024749 -0.969354 0.399145 58 51 42 1 4000
7.027025 -1.020370 0.399274 57 49 40 1 4000
7.029304 -1.071419 0.399404 57 49 40 1 4000
7.031583 -1.122501 0.399533 53 45 37 1 4000
7.033864 -1.173616 0.399663 189 169 144 1 4000
7.036147 -1.224764 0.399793 219 196 170 1 4000
7.038431 -1.275946 0.399923 221 201 174 1 4000
7.040717 -1.327160 0.400052 218 194 163 1 4000
7.043003 -1.378408 0.400182 211 182 148 1 4000
7.045292 -1.429690 0.400312 216 191 161 1 4000
7.047582 -1.481004 0.400443 220 192 161 1 4000
7.049872 -1.532352 0.400573 224 200 170 1 4000
7.052166 -1.583733 0.400703 223 198 167 1 4000
7.054460 -1.635148 0.400833 227 204 174 1 4000
7.056756 -1.686597 0.400964 208 184 157 1 4000
7.059053 -1.738078 0.401094 217 192 163 1 4000
7.061352 -1.789594 0.401225 222 200 173 1 4000
7.063653 -1.841143 0.401356 226 205 178 1 4000
5.888156 -1.577234 0.334564 66 94 119 9 1030
5.856569 -1.611029 0.332769 63 99 127 9 1030
5.846575 -1.650464 0.332201 93 121 140 9 1030
5.874652 -1.700777 0.333797 74 100 120 9 1030
6.056415 -1.797098 0.344125 56 80 101 9 1030
6.046174 -1.837684 0.343543 58 87 113 9 1030
6.075293 -1.890369 0.345197 174 161 147 9 1030
7.082109 -2.254746 0.402404 215 190 161 1 4000
7.084424 -2.306599 0.402536 225 199 169 1 4000
7.086739 -2.358485 0.402667 229 206 175 1 4000
7.089056 -2.410405 0.402799 255 234 201 1 4000
7.091374 -2.462359 0.402931 255 233 196 1 4000
7.093694 -2.514347 0.403063 241 214 182 1 4000
7.096016 -2.566370 0.403195 255 236 206 1 4000
7.098339 -2.618426 0.403327 255 238 207 1 4000
7.100663 -2.670516 0.403459 255 236 205 1 4000
7.102990 -2.722641 0.403591 255 234 201 1 4000
7.105317 -2.774800 0.403723 254 226 193 1 4000
7.107646 -2.826993 0.403855 245 219 186 1 4000
7.109976 -2.879220 0.403988 250 222 188 1 4000
7.112309 -2.931481 0.404120 255 237 206 1 4000
7.114642 -2.983777 0.404253 255 240 211 1 4000
7.116977 -3.036107 0.404386 255 232 197 1 4000
7.119315 -3.088471 0.404518 245 220 188 1 4000
7.121653 -3.140870 0.404651 255 234 203 1 4000
7.123993 -3.193303 0.404784 255 231 198 1 4000
7.126334 -3.245771 0.404917 255 235 204 1 4000
7.128676 -3.298273 0.405050 255 234 204 1 4000
7.131022 -3.350810 0.405184 255 231 200 1 4000
7.133367 -3.403381 0.405317 255 229 191 1 4000
7.135715 -3.455987 0.405450 255 237 202 1 4000
7.138063 -3.508627 0.405584 255 246 215 1 4000
7.140414 -3.561302 0.405717 255 248 216 1 4000
7.142766 -3.614012 0.405851 255 236 201 1 4000
7.145120 -3.666757 0.405985 253 222 187 1 4000
7.147475 -3.719536 0.406119 255 228 193 1 4000
7.149833 -3.772350 0.406253 255 236 200 1 4000
7.152191 -3.825200 0.406387 255 237 202 1 4000
7.154552 -3.878084 0.406521 255 238 205 1 4000
7.156912 -3.931002 0.406655 252 227 195 1 4000
7.159275 -3.983956 0.406789 255 241 209 1 4000
7.161640 -4.036945 0.406923 255 241 208 1 4000
7.164006 -4.089969 0.407058 255 232 197 1 4000
6.695109 3.858503 0.332109 245 216 182 1 4000
6.697176 3.811373 0.332212 255 232 201 1 4000
6.699245 3.764214 0.332314 255 235 204 1 4000
6.701316 3.717026 0.332417 251 227 195 1 4000
6.703388 3.669809 0.332520 247 221 188 1 4000
6.705461 3.622562 0.332623 239 218 188 1 4000
6.707536 3.575286 0.332726 246 223 190 1 4000
6.709611 3.527981 0.332828 242 218 184 1 4000
6.711688 3.480647 0.332931 242 217 184 1 4000
6.713766 3.433283 0.333035 237 211 177 1 4000
6.715845 3.385890 0.333138 236 211 178 1 4000
6.717927 3.338468 0.333241 228 206 178 1 4000
6.720009 3.291016 0.333344 239 217 188 1 4000
6.722092 3.243535 0.333448 237 215 185 1 4000
6.724176 3.196024 0.333551 241 220 192 1 4000
6.726262 3.148484 0.333654 236 214 184 1 4000
6.728349 3.100914 0.333758 229 206 176 1 4000
6.730437 3.053315 0.333862 220 196 165 1 4000
6.732528 3.005687 0.333965 231 204 173 1 4000
6.734619 2.958028 0.334069 234 209 181 1 4000
6.736712 2.910340 0.334173 238 214 187 1 4000
6.738805 2.862623 0.334277 241 216 187 1 4000
6.740900 2.814876 0.334381 236 213 182 1 4000
6.742996 2.767099 0.334485 237 210 176 1 4000
6.745094 2.719292 0.334589 244 216 181 1 4000
6.747192 2.671456 0.334693 244 218 184 1 4000
6.749293 2.623589 0.334797 246 221 187 1 4000
6.751394 2.575694 0.334901 247 222 189 1 4000
6.753497 2.527768 0.335005 243 221 192 1 4000
6.755601 2.479812 0.335110 252 232 201 1 4000
6.757707 2.431827 0.335214 250 230 200 1 4000
6.759813 2.383811 0.335319 254 235 207 1 4000
6.761922 2.335766 0.335423 255 239 212 1 4000
6.764030 2.287690 0.335528 255 237 206 1 4000
6.766141 2.239585 0.335633 246 225 194 1 4000
6.768253 2.191449 0.335737 227 205 176 1 4000
6.632070 2.099503 0.328982 255 233 199 9 3001
6.715203 2.077369 0.333106 94 81 69 9 3001
6.774598 2.046863 0.336052 229 206 177 1 4000
6.776715 1.998607 0.336157 231 205 173 1 4000
6.778834 1.950321 0.336262 211 185 155 1 4000
6.780953 1.902004 0.336367 205 182 155 1 4000
6.783074 1.853658 0.336473 153 135 115 1 4000
6.360064 1.692170 0.315489 52 42 48 6 1020
6.787322 1.756874 0.336683 156 139 118 1 4000
6.789446 1.708437 0.336789 153 135 114 1 4000
6.791573 1.659969 0.336894 148 134 115 1 4000
6.793701 1.611471 0.337000 218 201 177 1 4000
6.795830 1.562943 0.337105 226 210 185 1 4000
6.797960 1.514384 0.337211 223 205 178 1 4000
6.800093 1.465795 0.337317 221 201 174 1 4000
6.802225 1.417175 0.337423 210 188 161 1 4000
6.804360 1.368524 0.337528 210 185 155 1 4000
5.718279 1.108828 0.283654 45 42 49 6 1020
6.808634 1.271132 0.337740 222 201 173 1 4000
6.810772 1.222390 0.337847 225 204 176 1 4000
5.562112 0.958150 0.275907 31 14 17 6 1021
6.815054 1.124814 0.338059 206 183 155 1 4000
6.817196 1.075980 0.338165 218 197 170 1 4000
6.819341 1.027116 0.338272 220 199 172 1 4000
6.821486 0.978220 0.338378 186 171 154 1 4000
5.142284 0.700315 0.255082 139 131 130 6 1021
5.095334 0.657157 0.252753 139 131 129 6 1021
5.056238 0.615633 0.250813 241 234 232 6 1021
5.053218 0.578805 0.250664 255 255 255 6 1021
5.054811 0.542516 0.250743 255 255 255 6 1021
5.056415 0.506205 0.250822 255 255 255 6 1021
5.058019 0.469870 0.250902 255 255 255 6 1021
5.059624 0.433513 0.250981 255 255 255 6 1021
5.061231 0.397133 0.251061 255 255 255 6 1021
5.062838 0.360729 0.251141 255 255 255 6 1021
5.064446 0.324303 0.251221 255 255 255 6 1021
5.066057 0.287853 0.251300 255 255 255 6 1021
5.067669 0.251380 0.251380 255 255 255 6 1021
5.069282 0.214884 0.251460 255 255 255 6 1021
5.070896 0.178365 0.251540 255 255 255 6 1021
5.072522 0.141823 0.251621 255 255 255 6 1021
5.081316 0.105406 0.252057 255 255 255 6 1021
5.115739 0.069209 0.253765 219 209 205 6 1021
5.155268 0.032547 0.255726 218 208 204 6 1021
5.195411 -0.004686 0.257717 218 208 204 6 1021
6.866852 -0.055739 0.340628 58 54 47 1 4000
6.869028 -0.105318 0.340736 57 53 46 1 4000
6.772473 -0.152703 0.335947 31 20 11 6 1018
6.873383 -0.204571 0.340952 57 52 45 1 4000
6.875562 -0.254245 0.341060 54 49 42 1 4000
6.877743 -0.303950 0.341169 50 44 36 1 4000
6.879925 -0.353687 0.341277 55 48 41 1 4000
6.882109 -0.403455 0.341385 57 51 43 1 4000
6.884293 -0.453255 0.341494 56 50 42 1 4000
6.886480 -0.503086 0.341601 55 48 40 1 4000
6.888668 -0.552949 0.341710 52 45 36 1 4000
6.890857 -0.602844 0.341818 56 50 43 1 4000
6.893047 -0.652771 0.341927 57 51 43 1 4000
5.985628 -0.610026 0.296915 51 46 54 6 1021
6.897433 -0.752719 0.342144 57 51 43 1 4000
6.899628 -0.802741 0.342253 55 50 42 1 4000
6.137554 -0.758361 0.304451 52 45 47 6 1018
6.904022 -0.902881 0.342471 55 49 39 1 4000
6.906221 -0.952998 0.342580 58 52 45 1 4000
6.908421 -1.003148 0.342690 116 105 90 1 4000
6.910623 -1.053329 0.342799 219 199 171 1 4000
6.912826 -1.103543 0.342908 213 192 162 1 4000
6.915031 -1.153788 0.343017 214 188 157 1 4000
6.917236 -1.204066 0.343127 225 201 171 1 4000
6.919444 -1.254375 0.343236 228 208 181 1 4000
6.921653 -1.304717 0.343346 228 210 184 1 4000
6.923863 -1.355091 0.343456 226 206 178 1 4000
6.926075 -1.405497 0.343565 209 187 160 1 4000
6.928288 -1.455935 0.343675 230 207 179 1 4000
6.930502 -1.506406 0.343785 235 212 185 1 4000
6.932718 -1.556909 0.343895 231 207 177 1 4000
6.934936 -1.607444 0.344005 230 206 175 1 4000
6.937154 -1.658011 0.344115 222 195 164 1 4000
6.939374 -1.708611 0.344225 221 201 175 1 4000
6.941596 -1.759243 0.344335 228 211 186 1 4000
6.943819 -1.809908 0.344445 224 204 177 1 4000
5.894863 -1.579030 0.292412 62 91 119 9 1030
5.867864 -1.614136 0.291073 63 96 124 9 1030
5.859766 -1.654188 0.290671 81 108 128 9 1030
6.108018 -1.768339 0.302986 36 57 73 9 1030
6.078404 -1.803623 0.301517 52 80 108 9 1030
6.068542 -1.844482 0.301028 44 74 101 9 1030
6.959420 -2.165471 0.345219 213 190 159 1 4000
6.961654 -2.216396 0.345330 214 191 162 1 4000
6.963889 -2.267354 0.345441 215 193 164 1 4000
6.966127 -2.318345 0.345552 243 221 188 1 4000
6.968365 -2.369368 0.345663 247 223 189 1 4000
6.970606 -2.420425 0.345774 247 222 188 1 4000
6.972847 -2.471514 0.345885 240 213 178 1 4000
6.975091 -2.522635 0.345997 226 200 167 1 4000
6.977335 -2.573791 0.346108 243 214 178 1 4000
6.979581 -2.624978 0.346220 252 226 192 1 4000
6.981829 -2.676199 0.346331 252 227 195 1 4000
6.984077 -2.727453 0.346443 244 216 181 1 4000
6.986328 -2.778739 0.346554 234 207 170 1 4000
6.988579 -2.830059 0.346666 235 209 177 1 4000
6.990832 -2.881412 0.346778 241 214 183 1 4000
6.993087 -2.932798 0.346889 246 224 193 1 4000
6.995343 -2.984217 0.347001 243 220 191 1 4000
6.997600 -3.035669 0.347113 238 212 179 1 4000
6.999860 -3.087155 0.347225 229 201 167 1 4000
7.002120 -3.138674 0.347338 239 210 176 1 4000
7.004382 -3.190226 0.347450 246 218 183 1 4000
7.006646 -3.241812 0.347562 255 224 190 1 4000
7.008910 -3.293431 0.347674 255 229 194 1 4000
7.011177 -3.345083 0.347787 252 223 190 1 4000
7.013444 -3.396768 0.347899 252 223 189 1 4000
7.015714 -3.448488 0.348012 255 230 197 1 4000
7.017984 -3.500240 0.348125 255 233 201 1 4000
7.020256 -3.552026 0.348237 255 234 202 1 4000
7.022530 -3.603846 0.348350 250 220 183 1 4000
7.024805 -3.655699 0.348463 247 221 186 1 4000
7.027081 -3.707585 0.348576 255 233 197 1 4000
7.029360 -3.759506 0.348689 255 241 206 1 4000
7.031639 -3.811460 0.348802 255 235 200 1 4000
7.033921 -3.863448 0.348915 255 238 203 1 4000
7.036203 -3.915470 0.349028 246 219 187 1 4000
7.038487 -3.967525 0.349142 252 223 190 1 4000
7.040773 -4.019614 0.349255 255 234 202 1 4000
6.587355 3.796402 0.279235 255 243 212 1 4000
6.589357 3.750013 0.279320 255 248 216 1 4000
6.591360 3.703594 0.279404 255 244 210 1 4000
6.593365 3.657148 0.279489 255 237 203 1 4000
6.595370 3.610673 0.279574 255 248 219 1 4000
6.597377 3.564171 0.279660 255 244 214 1 4000
6.599385 3.517639 0.279745 255 237 203 1 4000
6.601394 3.471079 0.279830 255 232 198 1 4000
6.603405 3.424491 0.279915 255 231 197 1 4000
6.605416 3.377875 0.280000 248 221 189 1 4000
6.607430 3.331231 0.280086 251 228 198 1 4000
6.609444 3.284557 0.280171 255 234 202 1 4000
6.611458 3.237855 0.280256 255 241 210 1 4000
6.613474 3.191125 0.280342 255 235 205 1 4000
6.615493 3.144366 0.280427 255 232 199 1 4000
6.617512 3.097579 0.280513 249 223 191 1 4000
6.619532 3.050764 0.280599 244 221 189 1 4000
6.621554 3.003919 0.280684 255 235 203 1 4000
6.623576 2.957046 0.280770 255 236 205 1 4000
6.625600 2.910144 0.280856 255 232 199 1 4000
6.627626 2.863214 0.280942 250 225 191 1 4000
6.629652 2.816255 0.281028 241 214 180 1 4000
6.631680 2.769268 0.281114 247 222 189 1 4000
6.633708 2.722251 0.281200 255 239 206 1 4000
6.635739 2.675206 0.281286 255 249 220 1 4000
6.637770 2.628131 0.281372 255 249 222 1 4000
6.639803 2.581029 0.281458 255 242 213 1 4000
6.641837 2.533897 0.281544 250 228 197 1 4000
6.643872 2.486736 0.281630 255 229 197 1 4000
6.645908 2.439547 0.281717 255 238 207 1 4000
6.647946 2.392328 0.281803 255 242 210 1 4000
6.649985 2.345081 0.281890 255 239 207 1 4000
6.652026 2.297804 0.281976 254 230 196 1 4000
6.654067 2.250499 0.282063 248 225 193 1 4000
6.656109 2.203164 0.282149 227 199 167 1 4000
6.614261 2.141589 0.280375 241 218 185 9 3001
6.594586 2.087637 0.279541 255 239 204 9 3001
6.662244 2.060986 0.282409 178 162 140 1 4000
6.664293 2.013535 0.282496 203 184 159 1 4000
6.666342 1.966055 0.282583 194 173 148 1 4000
6.668391 1.918546 0.282670 203 186 162 1 4000
6.670443 1.871007 0.282757 154 140 120 1 4000
6.672496 1.823439 0.282844 153 139 119 1 4000
6.380665 1.697651 0.270473 46 42 48 6 1020
6.676605 1.728216 0.283018 148 132 111 1 4000
6.678661 1.680560 0.283105 140 124 104 1 4000
6.680719 1.632875 0.283192 152 137 117 1 4000
6.682778 1.585160 0.283280 153 137 118 1 4000
6.684838 1.537416 0.283367 154 140 122 1 4000
6.686900 1.489643 0.283454 157 144 127 1 4000
6.688963 1.441840 0.283542 153 139 120 1 4000
6.691027 1.394008 0.283629 136 121 101 1 4000
6.693093 1.346146 0.283717 149 135 115 1 4000
5.737702 1.112594 0.243218 40 38 48 6 1020
6.697227 1.250333 0.283892 151 137 118 1 4000
6.699296 1.202383 0.283980 147 132 112 1 4000
5.579588 0.961160 0.236516 43 32 37 6 1021
6.703439 1.106392 0.284155 143 129 109 1 4000
6.705512 1.058353 0.284243 155 142 122 1 4000
6.707587 1.010283 0.284331 164 154 136 1 4000
6.709662 0.962184 0.284419 56 52 45 1 4000
6.711739 0.914055 0.284507 55 50 43 1 4000
6.713818 0.865897 0.284595 54 48 41 1 4000
5.068123 0.617080 0.214835 139 131 129 6 1021
5.022510 0.575288 0.212902 139 132 130 6 1021
4.981242 0.534620 0.211152 236 226 223 6 1021
4.973345 0.497888 0.210818 255 255 255 6 1021
4.974883 0.462147 0.210883 255 255 255 6 1021
4.976435 0.426386 0.210949 255 255 255 6 1021
4.977989 0.390601 0.211014 255 255 255 6 1021
4.979544 0.354795 0.211080 255 255 255 6 1021
4.981102 0.318966 0.211146 255 255 255 6 1021
4.982659 0.283115 0.211212 255 255 255 6 1021
4.984225 0.247241 0.211279 255 255 255 6 1021
4.987697 0.211426 0.211426 255 255 255 6 1021
5.017743 0.176496 0.212700 219 208 205 6 1021
5.055766 0.141354 0.214311 219 208 204 6 1021
5.094368 0.105677 0.215948 219 208 204 6 1021
6.747244 0.091281 0.286012 124 116 112 1 4000
6.749344 0.042611 0.286101 55 47 39 1 4000
6.649349 -0.005997 0.281863 25 22 22 6 1021
6.753549 -0.054819 0.286280 54 49 41 1 4000
6.755653 -0.103580 0.286369 54 47 40 1 4000
6.757759 -0.152371 0.286458 54 49 41 1 4000
6.759866 -0.201193 0.286547 54 47 40 1 4000
6.761973 -0.250044 0.286637 53 47 39 1 4000
6.764083 -0.298927 0.286726 51 44 36 1 4000
6.766193 -0.347840 0.286816 55 48 40 1 4000
6.768305 -0.396783 0.286904 55 48 41 1 4000
6.770419 -0.445757 0.286994 56 50 43 1 4000
6.772533 -0.494762 0.287083 56 49 42 1 4000
6.774650 -0.543797 0.287173 54 47 39 1 4000
6.776767 -0.592863 0.287263 53 46 38 1 4000
6.778885 -0.641960 0.287353 54 47 37 1 4000
6.005912 -0.612093 0.254587 50 41 47 6 1021
6.783127 -0.740245 0.287533 55 48 40 1 4000
6.785250 -0.789434 0.287623 55 49 40 1 4000
6.160656 -0.761216 0.261146 49 43 44 6 1018
6.789498 -0.887904 0.287803 186 170 148 1 4000
6.791625 -0.937185 0.287893 215 199 173 1 4000
6.793754 -0.986497 0.287983 222 206 183 1 4000
6.795883 -1.035840 0.288073 224 208 185 1 4000
6.798013 -1.085214 0.288164 223 205 178 1 4000
6.800145 -1.134619 0.288254 210 189 160 1 4000
6.802278 -1.184055 0.288344 223 200 170 1 4000
6.804413 -1.233522 0.288435 227 205 176 1 4000
6.806550 -1.283020 0.288525 231 208 180 1 4000
6.808686 -1.332549 0.288616 233 210 181 1 4000
6.810825 -1.382110 0.288707 222 196 164 1 4000
6.812965 -1.431701 0.288797 217 191 161 1 4000
6.815107 -1.481324 0.288888 224 200 171 1 4000
6.817249 -1.530977 0.288979 229 205 176 1 4000
6.819394 -1.580662 0.289070 232 208 178 1 4000
6.821539 -1.630379 0.289161 229 203 171 1 4000
6.823686 -1.680126 0.289252 214 192 165 1 4000
6.825833 -1.729905 0.289343 233 216 194 1 4000
6.827982 -1.779715 0.289434 230 215 192 1 4000
5.914920 -1.584403 0.250730 77 108 138 9 1030
5.885733 -1.619052 0.249493 54 85 114 9 1030
5.880617 -1.660074 0.249276 61 90 112 9 1030
6.125051 -1.773271 0.259637 17 29 39 9 1030
6.100912 -1.810302 0.258614 50 78 109 9 1030
6.095479 -1.852670 0.258384 39 67 96 9 1030
6.843067 -2.129267 0.290073 223 202 174 1 4000
6.845227 -2.179329 0.290165 226 203 173 1 4000
6.847389 -2.229423 0.290257 227 202 171 1 4000
6.849552 -2.279548 0.290348 255 233 202 1 4000
6.851717 -2.329705 0.290440 255 234 202 1 4000
6.853881 -2.379894 0.290532 255 236 203 1 4000
6.856049 -2.430115 0.290624 255 241 209 1 4000
6.858218 -2.480367 0.290716 255 232 200 1 4000
6.860387 -2.530651 0.290808 233 211 181 1 4000
6.862560 -2.580967 0.290900 255 240 206 1 4000
6.864732 -2.631315 0.290992 255 242 212 1 4000
6.866906 -2.681695 0.291084 255 244 214 1 4000
6.869081 -2.732106 0.291176 255 242 211 1 4000
6.871258 -2.782549 0.291268 252 230 200 1 4000
6.873435 -2.833025 0.291361 255 227 192 1 4000
6.875616 -2.883533 0.291453 255 235 201 1 4000
6.877796 -2.934072 0.291546 255 243 212 1 4000
6.879979 -2.984643 0.291638 255 237 206 1 4000
6.882162 -3.035247 0.291731 255 230 197 1 4000
6.884347 -3.085883 0.291823 250 224 191 1 4000
6.886534 -3.136551 0.291916 255 253 218 1 4000
6.888722 -3.187252 0.292009 255 252 217 1 4000
6.890911 -3.237984 0.292102 255 248 213 1 4000
6.893102 -3.288748 0.292194 255 241 203 1 4000
6.895294 -3.339545 0.292287 255 232 194 1 4000
6.897487 -3.390374 0.292380 255 248 219 1 4000
6.899681 -3.441236 0.292473 255 254 227 1 4000
6.901878 -3.492131 0.292567 255 251 223 1 4000
6.904076 -3.543057 0.292660 255 250 221 1 4000
6.906275 -3.594015 0.292753 255 239 208 1 4000
6.908475 -3.645007 0.292846 240 214 182 1 4000
6.910676 -3.696031 0.292939 255 228 195 1 4000
6.912880 -3.747087 0.293033 255 238 205 1 4000
6.915084 -3.798176 0.293126 255 234 200 1 4000
6.917291 -3.849298 0.293220 253 226 191 1 4000
6.919499 -3.900452 0.293313 246 216 180 1 4000
6.921707 -3.951639 0.293407 255 233 201 1 4000
6.483015 3.736270 0.228035 249 220 186 1 4000
6.484954 3.690597 0.228104 251 222 187 1 4000
6.486894 3.644896 0.228172 244 215 184 1 4000
6.488836 3.599169 0.228240 250 223 188 1 4000
6.490778 3.553414 0.228308 255 226 188 1 4000
6.492722 3.507631 0.228377 255 227 189 1 4000
6.494667 3.461822 0.228445 255 222 184 1 4000
6.496613 3.415984 0.228514 254 224 186 1 4000
6.498560 3.370120 0.228582 254 227 194 1 4000
6.500508 3.324227 0.228651 255 234 200 1 4000
6.502458 3.278308 0.228719 252 223 189 1 4000
6.504408 3.232360 0.228788 250 223 191 1 4000
6.506360 3.186385 0.228856 252 226 194 1 4000
6.508313 3.140383 0.228925 254 227 193 1 4000
6.510267 3.094352 0.228994 247 220 188 1 4000
6.512222 3.048294 0.229063 252 230 198 1 4000
6.514178 3.002209 0.229131 255 243 213 1 4000
6.516137 2.956096 0.229200 255 241 213 1 4000
6.518095 2.909955 0.229269 255 240 213 1 4000
6.520055 2.863786 0.229338 254 234 205 1 4000
6.522017 2.817590 0.229407 247 223 191 1 4000
6.523979 2.771365 0.229476 245 216 183 1 4000
6.525942 2.725113 0.229545 246 217 186 1 4000
6.527907 2.678833 0.229614 252 229 199 1 4000
6.529872 2.632525 0.229683 255 243 214 1 4000
6.531841 2.586190 0.229753 255 245 215 1 4000
6.533808 2.539826 0.229822 255 234 199 1 4000
6.535778 2.493435 0.229891 254 229 195 1 4000
6.537749 2.447016 0.229961 255 239 208 1 4000
6.539721 2.400568 0.230030 255 241 213 1 4000
6.541694 2.354092 0.230099 255 241 210 1 4000
6.543667 2.307588 0.230169 241 219 188 1 4000
6.545643 2.261057 0.230238 224 204 175 1 4000
6.547620 2.214497 0.230308 216 191 161 1 4000
6.549598 2.167909 0.230377 227 202 173 1 4000
6.551577 2.121293 0.230447 227 205 178 1 4000
6.553556 2.074649 0.230517 255 237 207 1 4000
6.555538 2.027976 0.230586 250 222 187 1 4000
6.557521 1.981275 0.230656 193 169 140 1 4000
6.559505 1.934546 0.230726 201 185 162 1 4000
6.561489 1.887789 0.230796 204 184 157 1 4000
6.563476 1.841004 0.230865 203 184 156 1 4000
6.565463 1.794190 0.230935 149 131 110 1 4000
6.402419 1.703439 0.225200 50 41 41 6 1020
6.569441 1.700477 0.231075 144 127 107 1 4000
6.571433 1.653578 0.231145 147 133 115 1 4000
6.573425 1.606650 0.231215 151 135 113 1 4000
6.575418 1.559694 0.231286 153 137 117 1 4000
6.577413 1.512710 0.231356 156 141 122 1 4000
6.579409 1.465697 0.231426 156 140 121 1 4000
6.581406 1.418656 0.231496 150 134 113 1 4000
6.583405 1.371586 0.231566 146 131 110 1 4000
6.585403 1.324487 0.231637 152 139 119 1 4000
5.757252 1.116385 0.202507 49 40 40 6 1020
6.589406 1.230204 0.231778 154 141 122 1 4000
6.591409 1.183019 0.231848 152 139 119 1 4000
5.598594 0.964435 0.196926 51 45 51 6 1021
6.595420 1.088564 0.231989 54 47 39 1 4000
6.597426 1.041293 0.232060 56 49 41 1 4000
6.599434 0.993994 0.232130 59 53 46 1 4000
6.601443 0.946665 0.232201 60 55 48 1 4000
6.603454 0.899308 0.232272 58 54 47 1 4000
6.605466 0.851922 0.232342 55 51 44 1 4000
6.607479 0.804507 0.232413 56 50 43 1 4000
6.609493 0.757064 0.232484 58 52 45 1 4000
4.996071 0.536211 0.175733 139 132 130 6 1021
4.951739 0.495725 0.174174 140 133 131 6 1021
4.908441 0.455975 0.172651 196 187 185 6 1021
4.895958 0.419490 0.172212 255 255 255 6 1021
4.897441 0.384281 0.172264 255 255 255 6 1021
4.898951 0.349052 0.172317 255 255 255 6 1021
4.900476 0.313803 0.172371 255 255 255 6 1021
4.923430 0.279749 0.173178 229 220 218 6 1021
4.960032 0.246041 0.174465 219 207 204 6 1021
4.997181 0.211828 0.175772 219 207 203 6 1021
5.034892 0.177099 0.177099 194 184 181 6 1021
6.633759 0.185474 0.233338 58 53 45 1 4000
6.635788 0.137652 0.233409 59 53 45 1 4000
6.637820 0.089800 0.233480 57 51 43 1 4000
6.639853 0.041920 0.233552 56 50 42 1 4000
6.641887 -0.005990 0.233624 51 45 37 1 4000
6.643922 -0.053929 0.233695 56 50 42 1 4000
6.645958 -0.101898 0.233767 59 52 45 1 4000
6.647996 -0.149896 0.233838 58 52 45 1 4000
6.650035 -0.197924 0.233910 58 51 44 1 4000
6.652075 -0.245981 0.233982 55 48 40 1 4000
6.654117 -0.294067 0.234054 51 45 37 1 4000
6.656159 -0.342183 0.234125 56 51 43 1 4000
6.658203 -0.390329 0.234197 57 52 45 1 4000
6.660249 -0.438504 0.234269 56 50 42 1 4000
6.662295 -0.486709 0.234341 55 48 40 1 4000
6.664342 -0.534943 0.234413 53 45 37 1 4000
6.666392 -0.583207 0.234485 52 46 38 1 4000
6.668442 -0.631501 0.234557 57 51 43 1 4000
6.026334 -0.614175 0.211971 52 41 47 6 1021
6.672546 -0.728177 0.234701 82 76 67 1 4000
6.674600 -0.776560 0.234773 218 203 180 1 4000
6.186444 -0.764402 0.217603 94 84 75 6 1018
6.678712 -0.873416 0.234918 220 197 169 1 4000
6.680770 -0.921888 0.234990 225 204 175 1 4000
6.682829 -0.970390 0.235063 228 208 179 1 4000
6.684889 -1.018923 0.235135 223 202 171 1 4000
6.686951 -1.067485 0.235208 216 194 162 1 4000
6.689014 -1.116077 0.235280 205 182 152 1 4000
6.691078 -1.164699 0.235353 220 193 163 1 4000
6.693143 -1.213351 0.235426 234 210 181 1 4000
6.695210 -1.262033 0.235498 236 214 186 1 4000
6.697278 -1.310745 0.235571 230 208 180 1 4000
6.699348 -1.359488 0.235644 227 204 174 1 4000
6.701418 -1.408260 0.235717 216 195 168 1 4000
6.703489 -1.457063 0.235790 231 211 183 1 4000
6.705563 -1.505895 0.235862 225 202 171 1 4000
6.707638 -1.554759 0.235935 225 203 173 1 4000
6.709713 -1.603652 0.236008 221 198 167 1 4000
6.711790 -1.652575 0.236082 220 196 165 1 4000
6.713869 -1.701529 0.236155 216 196 168 1 4000
6.715948 -1.750514 0.236228 197 179 154 1 4000
5.935985 -1.590045 0.208793 67 96 120 9 1030
5.907131 -1.624938 0.207778 49 79 109 9 1030
5.906390 -1.667350 0.207752 39 66 93 9 1030
6.140073 -1.777620 0.215972 16 27 38 9 1030
6.121748 -1.816484 0.215327 47 78 107 9 1030
6.119842 -1.860075 0.215260 39 68 97 9 1030
6.730541 -2.094254 0.236741 176 159 138 1 4000
6.732631 -2.143482 0.236815 174 156 134 1 4000
6.734722 -2.192740 0.236888 198 178 153 1 4000
6.736814 -2.242029 0.236962 217 195 167 1 4000
6.738908 -2.291349 0.237035 234 210 177 1 4000
6.741003 -2.340699 0.237109 234 213 182 1 4000
6.743099 -2.390080 0.237183 235 215 185 1 4000
6.745197 -2.439492 0.237257 234 211 180 1 4000
6.747295 -2.488934 0.237330 240 218 188 1 4000
6.749396 -2.538407 0.237404 237 215 186 1 4000
6.751498 -2.587911 0.237478 247 227 196 1 4000
6.753601 -2.637446 0.237552 245 225 196 1 4000
6.755706 -2.687012 0.237626 253 235 208 1 4000
6.757810 -2.736608 0.237700 251 230 200 1 4000
6.759917 -2.786236 0.237774 247 226 197 1 4000
6.762025 -2.835894 0.237849 254 231 199 1 4000
6.764134 -2.885584 0.237923 251 226 192 1 4000
6.766245 -2.935304 0.237997 255 243 210 1 4000
6.768358 -2.985056 0.238071 255 247 212 1 4000
6.770471 -3.034838 0.238146 255 243 205 1 4000
6.772585 -3.084652 0.238220 252 221 185 1 4000
6.774702 -3.134497 0.238295 255 237 201 1 4000
6.776819 -3.184373 0.238369 255 239 204 1 4000
6.778938 -3.234280 0.238444 255 246 211 1 4000
6.781058 -3.284218 0.238518 255 243 208 1 4000
6.783179 -3.334188 0.238593 255 239 204 1 4000
6.785302 -3.384189 0.238667 255 237 205 1 4000
6.787426 -3.434221 0.238742 255 243 212 1 4000
6.789551 -3.484285 0.238817 255 243 213 1 4000
6.791677 -3.534379 0.238892 255 241 209 1 4000
6.793806 -3.584506 0.238966 255 234 202 1 4000
6.795935 -3.634664 0.239041 243 217 184 1 4000
6.798065 -3.684852 0.239116 255 227 191 1 4000
6.800198 -3.735073 0.239191 255 234 201 1 4000
6.802331 -3.785326 0.239266 255 239 207 1 4000
6.804466 -3.835609 0.239341 255 239 206 1 4000
6.806602 -3.885924 0.239417 255 228 194 1 4000
6.381929 3.678013 0.178433 255 242 210 1 4000
6.383808 3.633034 0.178485 255 229 197 1 4000
6.385688 3.588030 0.178538 255 246 213 1 4000
6.387569 3.542999 0.178590 255 250 217 1 4000
6.389452 3.497942 0.178643 255 245 210 1 4000
6.391335 3.452858 0.178696 255 239 203 1 4000
6.393220 3.407748 0.178748 255 235 197 1 4000
6.395105 3.362610 0.178801 253 223 187 1 4000
6.396992 3.317447 0.178854 255 239 205 1 4000
6.398880 3.272257 0.178907 255 239 206 1 4000
6.400769 3.227040 0.178959 255 234 200 1 4000
6.402658 3.181796 0.179012 255 232 199 1 4000
6.404550 3.136525 0.179065 251 223 189 1 4000
6.406442 3.091228 0.179118 241 214 180 1 4000
6.408336 3.045904 0.179171 241 213 178 1 4000
6.410231 3.000553 0.179224 254 226 190 1 4000
6.412127 2.955176 0.179277 255 232 200 1 4000
6.414023 2.909771 0.179330 255 234 202 1 4000
6.415920 2.864340 0.179383 255 237 206 1 4000
6.417820 2.818882 0.179436 255 229 198 1 4000
6.419721 2.773396 0.179489 244 219 186 1 4000
6.421622 2.727884 0.179542 255 234 201 1 4000
6.423524 2.682345 0.179596 254 224 188 1 4000
6.425428 2.636780 0.179649 255 231 196 1 4000
6.427332 2.591186 0.179702 255 230 195 1 4000
6.429238 2.545566 0.179755 254 226 193 1 4000
6.431145 2.499919 0.179809 240 213 179 1 4000
6.433053 2.454245 0.179862 254 228 193 1 4000
6.434962 2.408543 0.179915 255 236 205 1 4000
6.436872 2.362815 0.179969 228 207 177 1 4000
6.438784 2.317059 0.180022 232 208 178 1 4000
6.440697 2.271276 0.180076 229 204 175 1 4000
6.442611 2.225466 0.180129 212 186 157 1 4000
6.444525 2.179629 0.180183 225 195 163 1 4000
6.446441 2.133764 0.180236 240 207 172 1 4000
6.448358 2.087872 0.180290 252 218 183 1 4000
6.450276 2.041953 0.180344 250 217 182 1 4000
6.452196 1.996007 0.180397 251 219 185 1 4000
6.454117 1.950033 0.180451 237 212 180 1 4000
6.456038 1.904032 0.180505 255 231 199 1 4000
6.457961 1.858003 0.180558 255 231 198 1 4000
6.459885 1.811947 0.180612 247 220 188 1 4000
6.461810 1.765864 0.180666 236 208 176 1 4000
6.419004 1.707851 0.179469 26 21 17 6 1020
6.465664 1.673614 0.180774 156 138 117 1 4000
6.467593 1.627449 0.180828 141 126 106 1 4000
6.469522 1.581255 0.180882 141 126 106 1 4000
6.471453 1.535034 0.180936 143 128 109 1 4000
6.473385 1.488785 0.180990 140 124 104 1 4000
6.475319 1.442509 0.181044 134 116 95 1 4000
6.477252 1.396205 0.181098 126 111 91 1 4000
6.479189 1.349873 0.181152 139 125 106 1 4000
6.481125 1.303514 0.181206 140 128 110 1 4000
5.778757 1.120555 0.161568 39 35 39 6 1020
6.485003 1.210712 0.181314 54 49 42 1 4000
6.486942 1.164270 0.181369 54 49 42 1 4000
5.617729 0.967731 0.157066 43 40 50 6 1021
6.490826 1.071301 0.181477 52 45 38 1 4000
6.492769 1.024775 0.181532 53 46 39 1 4000
6.494715 0.978221 0.181586 55 49 42 1 4000
6.496660 0.931639 0.181640 56 50 42 1 4000
6.498608 0.885029 0.181695 55 49 40 1 4000
6.500556 0.838392 0.181749 51 44 36 1 4000
6.502505 0.791726 0.181804 56 50 41 1 4000
6.504456 0.745032 0.181858 56 50 42 1 4000
6.506408 0.698311 0.181913 56 50 43 1 4000
6.508360 0.651561 0.181967 55 48 40 1 4000
4.926037 0.457610 0.137727 141 133 132 6 1021
4.882935 0.418374 0.136522 142 134 133 6 1021
4.854039 0.380875 0.135714 171 164 164 6 1021
4.867855 0.346837 0.136101 220 207 203 6 1021
4.903633 0.314005 0.137101 220 207 203 6 1021
4.939939 0.280687 0.138116 219 207 202 6 1021
6.522064 0.323525 0.182351 54 46 37 1 4000
6.524027 0.276550 0.182406 51 44 36 1 4000
6.525990 0.229547 0.182460 56 50 41 1 4000
6.527956 0.182515 0.182515 56 49 40 1 4000
6.529922 0.135456 0.182570 56 49 40 1 4000
6.531888 0.088367 0.182625 55 47 38 1 4000
6.533856 0.041251 0.182680 55 47 39 1 4000
6.535827 -0.005894 0.182735 49 42 35 1 4000
6.537797 -0.053068 0.182791 57 50 42 1 4000
6.539770 -0.100270 0.182846 56 49 40 1 4000
6.541742 -0.147500 0.182901 56 48 40 1 4000
6.543716 -0.194759 0.182956 58 51 43 1 4000
6.545692 -0.242047 0.183011 57 49 41 1 4000
6.547669 -0.289363 0.183066 50 44 36 1 4000
6.549647 -0.336708 0.183121 58 53 45 1 4000
6.551626 -0.384081 0.183176 57 53 46 1 4000
6.553606 -0.431483 0.183232 57 52 44 1 4000
6.555586 -0.478913 0.183287 56 51 43 1 4000
6.557569 -0.526372 0.183342 54 48 39 1 4000
6.559554 -0.573860 0.183398 51 44 35 1 4000
6.561539 -0.621377 0.183453 139 122 103 1 4000
6.048346 -0.616418 0.169105 52 48 52 6 1021
6.565512 -0.716497 0.183565 227 210 185 1 4000
6.567500 -0.764100 0.183620 232 215 190 1 4000
6.569490 -0.811732 0.183676 157 145 131 1 4000
6.571482 -0.859393 0.183731 218 197 169 1 4000
6.573474 -0.907082 0.183787 229 210 184 1 4000
6.575467 -0.954801 0.183843 233 214 188 1 4000
6.577462 -1.002548 0.183899 233 214 189 1 4000
6.579458 -1.050325 0.183955 227 207 179 1 4000
6.581454 -1.098130 0.184010 221 201 173 1 4000
6.583453 -1.145965 0.184066 218 194 164 1 4000
6.585453 -1.193829 0.184122 225 199 169 1 4000
6.587454 -1.241721 0.184178 228 208 181 1 4000
6.589455 -1.289643 0.184234 230 212 184 1 4000
6.591458 -1.337594 0.184290 232 209 178 1 4000
6.593463 -1.385574 0.184346 224 200 170 1 4000
6.595469 -1.433583 0.184402 236 218 193 1 4000
6.597476 -1.481622 0.184458 233 212 183 1 4000
6.599483 -1.529690 0.184514 233 211 180 1 4000
6.601493 -1.577787 0.184571 230 205 174 1 4000
6.603503 -1.625913 0.184627 226 200 170 1 4000
6.605515 -1.674069 0.184683 214 190 162 1 4000
6.013149 -1.567329 0.168121 129 125 121 9 1030
5.954445 -1.594990 0.166480 56 86 115 9 1030
5.926997 -1.630402 0.165712 46 76 108 9 1030
5.933560 -1.675020 0.165896 40 67 94 9 1030
6.159397 -1.783214 0.172210 13 23 35 9 1030
6.143622 -1.822975 0.171769 37 68 101 9 1030
6.141905 -1.866781 0.171721 32 61 92 9 1030
6.621653 -2.060373 0.185134 191 175 151 1 4000
6.623676 -2.108793 0.185191 192 175 151 1 4000
6.625700 -2.157244 0.185247 227 204 173 1 4000
6.627725 -2.205724 0.185304 225 203 171 1 4000
6.629752 -2.254234 0.185361 218 193 165 1 4000
6.631779 -2.302773 0.185417 235 212 182 1 4000
6.633808 -2.351342 0.185474 255 242 214 1 4000
6.635839 -2.399941 0.185531 255 254 225 1 4000
6.637871 -2.448569 0.185588 255 247 218 1 4000
6.639903 -2.497227 0.185645 255 236 205 1 4000
6.641937 -2.545916 0.185701 255 231 199 1 4000
6.643971 -2.594633 0.185758 255 240 209 1 4000
6.646008 -2.643381 0.185815 255 243 211 1 4000
6.648046 -2.692158 0.185872 255 241 209 1 4000
6.650085 -2.740966 0.185929 255 235 202 1 4000
6.652125 -2.789804 0.185986 251 227 195 1 4000
6.654167 -2.838671 0.186043 255 235 199 1 4000
6.656210 -2.887569 0.186101 255 255 219 1 4000
6.658254 -2.936496 0.186158 255 255 223 1 4000
6.660299 -2.985454 0.186215 255 254 221 1 4000
6.662345 -3.034442 0.186272 255 254 220 1 4000
6.664393 -3.083460 0.186329 255 238 204 1 4000
6.666442 -3.132508 0.186387 255 255 227 1 4000
6.668492 -3.181586 0.186444 255 255 221 1 4000
6.670544 -3.230694 0.186501 255 253 218 1 4000
6.672596 -3.279833 0.186559 255 245 210 1 4000
6.674651 -3.329001 0.186616 255 233 199 1 4000
6.676706 -3.378201 0.186674 254 228 194 1 4000
6.678762 -3.427430 0.186731 255 240 206 1 4000
6.680820 -3.476689 0.186789 255 248 217 1 4000
6.682880 -3.525980 0.186846 255 252 222 1 4000
6.684940 -3.575300 0.186904 255 247 216 1 4000
6.687001 -3.624651 0.186961 255 230 196 1 4000
6.689065 -3.674032 0.187019 254 230 197 1 4000
6.691129 -3.723444 0.187077 255 241 211 1 4000
6.693194 -3.772886 0.187135 255 241 210 1 4000
6.695261 -3.822360 0.187192 254 230 196 1 4000
6.283947 3.621544 0.130353 246 216 181 1 4000
6.285769 3.577240 0.130391 255 233 199 1 4000
6.287592 3.532911 0.130429 255 239 206 1 4000
6.289415 3.488556 0.130466 255 243 209 1 4000
6.291240 3.444176 0.130504 255 243 208 1 4000
6.293066 3.399769 0.130542 255 236 200 1 4000
6.294893 3.355337 0.130580 248 221 189 1 4000
6.296721 3.310880 0.130618 255 244 212 1 4000
6.298551 3.266396 0.130656 255 251 218 1 4000
6.300381 3.221886 0.130694 255 248 212 1 4000
6.302212 3.177351 0.130732 255 243 208 1 4000
6.304045 3.132790 0.130770 255 230 198 1 4000
6.305878 3.088202 0.130808 243 217 185 1 4000
6.307713 3.043589 0.130846 246 220 188 1 4000
6.309547 2.998950 0.130884 248 221 190 1 4000
6.311385 2.954285 0.130922 255 231 200 1 4000
6.313222 2.909593 0.130960 255 235 204 1 4000
6.315061 2.864876 0.130998 255 229 193 1 4000
6.316901 2.820133 0.131037 248 218 182 1 4000
6.318741 2.775363 0.131075 255 240 210 1 4000
6.320583 2.730568 0.131113 255 236 202 1 4000
6.322426 2.685746 0.131151 255 234 201 1 4000
6.324270 2.640899 0.131189 255 234 201 1 4000
6.326116 2.596025 0.131228 255 235 202 1 4000
6.327962 2.551125 0.131266 255 236 204 1 4000
6.329809 2.506199 0.131304 238 208 175 1 4000
6.331657 2.461246 0.131343 240 208 173 1 4000
6.333507 2.416267 0.131381 227 205 177 1 4000
6.335358 2.371262 0.131419 231 212 186 1 4000
6.337209 2.326231 0.131458 233 215 188 1 4000
6.339062 2.281173 0.131496 232 206 174 1 4000
6.340916 2.236089 0.131535 214 188 158 1 4000
6.342770 2.190978 0.131573 227 201 172 1 4000
6.344626 2.145842 0.131612 255 234 199 1 4000
6.346484 2.100678 0.131650 255 240 205 1 4000
6.348342 2.055489 0.131689 255 238 202 1 4000
6.350201 2.010273 0.131727 255 235 202 1 4000
6.352060 1.965030 0.131766 249 224 194 1 4000
6.353923 1.919761 0.131805 255 235 201 1 4000
6.355784 1.874465 0.131843 255 238 205 1 4000
6.357649 1.829143 0.131882 255 238 205 1 4000
6.359513 1.783794 0.131921 255 235 200 1 4000
6.361379 1.738418 0.131959 230 203 171 1 4000
6.363246 1.693016 0.131998 245 218 183 1 4000
6.365114 1.647587 0.132037 255 233 201 1 4000
6.366983 1.602132 0.132075 255 237 204 1 4000
6.368854 1.556650 0.132114 205 185 160 1 4000
6.370725 1.511141 0.132153 152 136 117 1 4000
6.372597 1.465605 0.132192 175 156 134 1 4000
6.374471 1.420043 0.132231 148 133 114 1 4000
6.376345 1.374454 0.132270 111 97 80 1 4000
6.378221 1.328838 0.132309 56 48 39 1 4000
6.380097 1.283195 0.132348 57 51 43 1 4000
5.800795 1.124828 0.120331 46 43 46 6 1020
6.383854 1.191828 0.132425 58 52 45 1 4000
6.385734 1.146105 0.132464 57 50 42 1 4000
5.636995 0.971050 0.116933 45 41 45 6 1021
6.389498 1.054577 0.132543 57 51 43 1 4000
6.391382 1.008772 0.132582 57 50 42 1 4000
6.393266 0.962941 0.132621 58 52 44 1 4000
6.395152 0.917082 0.132660 58 52 44 1 4000
6.397038 0.871197 0.132699 57 50 42 1 4000
6.398927 0.825284 0.132738 52 44 36 1 4000
6.400815 0.779344 0.132777 55 48 39 1 4000
6.402706 0.733378 0.132816 57 50 42 1 4000
6.404596 0.687384 0.132856 57 51 43 1 4000
6.406489 0.641362 0.132895 58 52 44 1 4000
6.408383 0.595314 0.132934 58 52 44 1 4000
6.410277 0.549238 0.132974 52 44 36 1 4000
4.871886 0.382276 0.101061 139 132 133 6 1021
6.414069 0.457005 0.133052 93 86 82 1 4000
6.415967 0.410848 0.133092 57 49 40 1 4000
6.417866 0.364663 0.133131 56 48 40 1 4000
6.419767 0.318451 0.133170 57 49 41 1 4000
6.421668 0.272211 0.133210 52 45 38 1 4000
6.423571 0.225945 0.133249 58 52 44 1 4000
6.425474 0.179650 0.133289 59 53 45 1 4000
6.427379 0.133328 0.133328 58 51 43 1 4000
6.429285 0.086979 0.133368 57 49 40 1 4000
6.431192 0.040602 0.133407 56 48 39 1 4000
6.433100 -0.005802 0.133447 49 42 35 1 4000
6.435009 -0.052234 0.133487 56 50 42 1 4000
6.436919 -0.098693 0.133526 57 51 42 1 4000
6.438831 -0.145180 0.133566 57 51 43 1 4000
6.440743 -0.191695 0.133605 56 48 40 1 4000
6.442657 -0.238237 0.133644 54 46 37 1 4000
6.444572 -0.284807 0.133684 48 41 33 1 4000
6.446488 -0.331404 0.133724 55 48 40 1 4000
6.448405 -0.378030 0.133764 57 51 43 1 4000
6.450324 -0.424683 0.133803 57 50 42 1 4000
6.452243 -0.471363 0.133843 56 49 41 1 4000
6.454164 -0.518072 0.133883 193 173 147 1 4000
6.456086 -0.564808 0.133923 198 175 148 1 4000
6.458009 -0.611573 0.133963 215 192 163 1 4000
6.071038 -0.618731 0.125936 49 45 48 6 1021
6.461858 -0.705185 0.134043 217 191 158 1 4000
6.463784 -0.752033 0.134083 166 146 124 1 4000
6.465712 -0.798909 0.134123 177 156 130 1 4000
6.467640 -0.845812 0.134163 196 173 145 1 4000
6.469570 -0.892744 0.134203 213 189 160 1 4000
6.471501 -0.939704 0.134243 217 200 174 1 4000
6.473433 -0.986692 0.134283 215 197 171 1 4000
6.475366 -1.033708 0.134323 214 190 162 1 4000
6.477301 -1.080752 0.134363 213 190 162 1 4000
6.479237 -1.127824 0.134403 200 177 149 1 4000
6.481172 -1.174924 0.134443 208 181 152 1 4000
6.483111 -1.222053 0.134484 206 178 147 1 4000
6.485050 -1.269210 0.134524 208 181 152 1 4000
6.486990 -1.316394 0.134564 209 183 153 1 4000
6.488931 -1.363607 0.134604 213 187 158 1 4000
6.490874 -1.410849 0.134645 202 180 153 1 4000
6.492818 -1.458118 0.134685 215 191 161 1 4000
6.494762 -1.505417 0.134725 217 191 158 1 4000
6.496709 -1.552743 0.134766 217 189 156 1 4000
6.498656 -1.600097 0.134806 215 186 153 1 4000
6.500604 -1.647480 0.134847 224 199 168 1 4000
6.018898 -1.568827 0.124854 45 71 95 9 1030
5.970317 -1.599242 0.123846 51 81 110 9 1030
5.946500 -1.635767 0.123352 39 71 102 9 1030
5.960585 -1.682649 0.123645 33 60 89 9 1030
6.180141 -1.789220 0.128199 18 32 48 9 1030
6.165057 -1.829335 0.127886 41 71 102 9 1030
6.166447 -1.874240 0.127915 57 83 104 9 1030
6.516233 -2.027570 0.135171 193 178 156 1 4000
6.518192 -2.075211 0.135211 208 195 172 1 4000
6.520151 -2.122879 0.135252 235 220 196 1 4000
6.522113 -2.170576 0.135293 233 216 190 1 4000
6.524075 -2.218302 0.135333 227 206 178 1 4000
6.526040 -2.266057 0.135374 224 198 168 1 4000
6.528004 -2.313840 0.135415 224 198 170 1 4000
6.529970 -2.361652 0.135456 230 209 181 1 4000
6.531937 -2.409492 0.135497 239 221 195 1 4000
6.533906 -2.457362 0.135537 255 234 204 1 4000
6.535874 -2.505261 0.135578 252 229 194 1 4000
6.537846 -2.553189 0.135619 255 234 199 1 4000
6.539817 -2.601145 0.135660 255 239 208 1 4000
6.541791 -2.649130 0.135701 255 242 213 1 4000
6.543765 -2.697144 0.135742 255 244 211 1 4000
6.545740 -2.745187 0.135783 255 248 212 1 4000
6.547717 -2.793260 0.135824 255 232 197 1 4000
6.549695 -2.841361 0.135865 255 240 205 1 4000
6.551673 -2.889491 0.135906 255 245 211 1 4000
6.553654 -2.937651 0.135947 255 249 216 1 4000
6.555635 -2.985840 0.135988 255 250 215 1 4000
6.557618 -3.034057 0.136029 255 232 192 1 4000
6.559602 -3.082304 0.136070 255 232 198 1 4000
6.561588 -3.130581 0.136112 255 252 217 1 4000
6.563574 -3.178886 0.136153 255 247 209 1 4000
6.565561 -3.227220 0.136194 255 243 205 1 4000
6.567550 -3.275584 0.136235 255 235 196 1 4000
6.569540 -3.323978 0.136277 255 231 195 1 4000
6.571531 -3.372401 0.136318 249 224 193 1 4000
6.573523 -3.420852 0.136359 255 241 206 1 4000
6.575516 -3.469333 0.136401 255 238 201 1 4000
6.577511 -3.517844 0.136442 255 249 215 1 4000
6.579506 -3.566384 0.136483 255 249 215 1 4000
6.581504 -3.614954 0.136525 255 236 200 1 4000
6.583502 -3.663553 0.136566 255 230 194 1 4000
6.585502 -3.712181 0.136608 255 244 210 1 4000
6.587502 -3.760839 0.136649 255 244 212 1 4000
6.188929 3.566783 0.083727 255 238 205 1 4000
6.190696 3.523134 0.083751 254 230 193 1 4000
6.192463 3.479460 0.083775 255 232 198 1 4000
6.194232 3.435761 0.083799 251 222 186 1 4000
6.196003 3.392037 0.083823 248 220 185 1 4000
6.197773 3.348289 0.083847 235 206 171 1 4000
6.199546 3.304515 0.083871 255 227 190 1 4000
6.201319 3.260716 0.083895 255 242 207 1 4000
6.203093 3.216892 0.083919 255 245 212 1 4000
6.204868 3.173043 0.083943 255 231 196 1 4000
6.206645 3.129169 0.083967 255 227 189 1 4000
6.208421 3.085270 0.083991 239 211 174 1 4000
6.210199 3.041345 0.084015 243 215 183 1 4000
6.211979 2.997396 0.084039 243 217 186 1 4000
6.213759 2.953421 0.084063 247 225 196 1 4000
6.215540 2.909421 0.084087 245 224 196 1 4000
6.217321 2.865396 0.084111 240 217 186 1 4000
6.219106 2.821346 0.084136 232 208 176 1 4000
6.220890 2.777270 0.084160 229 203 171 1 4000
6.222675 2.733169 0.084184 234 207 174 1 4000
6.224462 2.689042 0.084208 240 213 181 1 4000
6.226249 2.644891 0.084232 240 213 181 1 4000
6.228037 2.600714 0.084256 239 210 178 1 4000
6.229827 2.556511 0.084281 239 211 178 1 4000
6.231617 2.512284 0.084305 200 176 148 1 4000
6.233409 2.468030 0.084329 211 187 158 1 4000
6.235201 2.423751 0.084353 216 193 164 1 4000
6.236995 2.379447 0.084378 219 197 169 1 4000
6.238789 2.335118 0.084402 219 199 171 1 4000
6.240585 2.290763 0.084426 212 187 156 1 4000
6.242381 2.246382 0.084451 204 180 149 1 4000
6.244180 2.201976 0.084475 245 220 187 1 4000
6.245978 2.157544 0.084499 252 224 190 1 4000
6.247778 2.113086 0.084524 255 231 198 1 4000
6.249578 2.068603 0.084548 254 227 192 1 4000
6.251380 2.024094 0.084572 255 228 194 1 4000
6.253183 1.979560 0.084597 247 221 189 1 4000
6.254988 1.935000 0.084621 241 213 178 1 4000
6.256792 1.890414 0.084645 252 225 193 1 4000
6.258598 1.845802 0.084670 255 233 202 1 4000
6.260405 1.801165 0.084694 250 226 198 1 4000
6.262213 1.756502 0.084719 238 215 186 1 4000
6.264023 1.711813 0.084743 255 230 197 1 4000
6.265832 1.667098 0.084768 239 215 184 1 4000
6.267644 1.622358 0.084792 255 232 199 1 4000
6.269456 1.577591 0.084817 255 236 203 1 4000
6.271269 1.532799 0.084841 255 234 198 1 4000
6.273084 1.487980 0.084866 244 216 183 1 4000
6.274899 1.443136 0.084890 94 83 69 1 4000
6.276716 1.398266 0.084915 52 45 37 1 4000
6.278533 1.353370 0.084940 56 49 41 1 4000
6.280351 1.308448 0.084964 56 49 42 1 4000
6.282171 1.263499 0.084989 56 50 43 1 4000
5.825055 1.129533 0.078805 66 63 62 6 1020
6.285813 1.173525 0.085038 54 46 37 1 4000
6.287636 1.128498 0.085063 52 44 35 1 4000
5.656399 0.974392 0.076523 49 40 40 6 1021
6.291285 1.038367 0.085112 56 48 39 1 4000
6.293111 0.993262 0.085137 57 50 42 1 4000
6.294938 0.948131 0.085162 57 49 41 1 4000
6.296766 0.902974 0.085186 58 51 42 1 4000
6.298595 0.857790 0.085211 57 50 43 1 4000
6.300426 0.812580 0.085236 53 45 36 1 4000
6.302257 0.767344 0.085261 55 47 40 1 4000
6.304089 0.722082 0.085285 56 50 42 1 4000
6.305923 0.676793 0.085310 57 51 43 1 4000
6.307757 0.631478 0.085335 56 49 40 1 4000
6.309593 0.586137 0.085360 55 47 37 1 4000
6.311429 0.540769 0.085385 54 46 38 1 4000
5.009896 0.393105 0.067777 59 56 59 6 1021
6.315106 0.449954 0.085434 81 75 68 1 4000
6.316946 0.404507 0.085459 59 52 43 1 4000
6.318786 0.359033 0.085484 59 52 44 1 4000
6.320629 0.313533 0.085509 57 51 42 1 4000
6.322472 0.268007 0.085534 52 45 36 1 4000
6.324316 0.222453 0.085559 56 48 39 1 4000
6.326161 0.176873 0.085584 57 50 42 1 4000
6.328007 0.131267 0.085609 58 51 42 1 4000
6.329854 0.085634 0.085634 58 51 42 1 4000
6.331703 0.039974 0.085659 57 50 41 1 4000
6.333552 -0.005712 0.085684 50 44 36 1 4000
6.335403 -0.051425 0.085709 58 52 45 1 4000
6.337255 -0.097165 0.085734 58 52 44 1 4000
6.339107 -0.142932 0.085758 58 51 44 1 4000
6.340961 -0.188725 0.085783 58 51 43 1 4000
6.342816 -0.234545 0.085808 57 49 41 1 4000
6.344672 -0.280392 0.085834 52 46 38 1 4000
6.346529 -0.326266 0.085859 55 48 39 1 4000
6.348388 -0.372166 0.085884 66 59 49 1 4000
6.350246 -0.418094 0.085909 162 149 130 1 4000
6.352107 -0.464048 0.085934 171 158 139 1 4000
6.353968 -0.510029 0.085959 171 153 129 1 4000
6.355831 -0.556038 0.085985 157 138 116 1 4000
6.357695 -0.602073 0.086010 167 153 133 1 4000
6.093901 -0.621061 0.082441 47 44 45 6 1021
6.361425 -0.694225 0.086060 169 152 131 1 4000
6.250575 -0.727227 0.084561 30 25 26 6 1018
6.365160 -0.786484 0.086111 107 97 84 1 4000
6.367029 -0.832655 0.086136 161 144 124 1 4000
6.368900 -0.878853 0.086161 163 142 118 1 4000
6.370771 -0.925077 0.086187 166 147 124 1 4000
6.372643 -0.971329 0.086212 168 154 133 1 4000
6.374516 -1.017609 0.086237 169 156 136 1 4000
6.376390 -1.063915 0.086263 169 152 130 1 4000
6.378267 -1.110249 0.086288 159 140 117 1 4000
6.380143 -1.156610 0.086313 161 141 118 1 4000
6.382022 -1.202998 0.086339 164 143 120 1 4000
6.383900 -1.249413 0.086364 169 149 126 1 4000
6.385781 -1.295856 0.086390 169 150 127 1 4000
6.387662 -1.342326 0.086415 234 210 180 1 4000
6.389544 -1.388824 0.086441 230 208 180 1 4000
6.391428 -1.435349 0.086466 234 212 183 1 4000
6.393312 -1.481901 0.086492 242 219 189 1 4000
6.395198 -1.528481 0.086517 241 216 185 1 4000
6.397085 -1.575089 0.086543 235 208 177 1 4000
6.398973 -1.621724 0.086568 233 205 172 1 4000
6.030911 -1.571959 0.081589 49 75 100 9 1030
5.987611 -1.603874 0.081003 44 73 105 9 1030
5.968198 -1.641736 0.080741 39 70 101 9 1030
5.986333 -1.689918 0.080986 34 63 91 9 1030
6.200926 -1.795237 0.083889 41 63 85 9 1030
6.187588 -1.836021 0.083709 47 75 103 9 1030
6.199498 -1.884286 0.083870 109 109 109 9 1030
6.414116 -1.995796 0.086773 191 168 140 1 4000
6.416014 -2.042680 0.086799 234 208 176 1 4000
6.417913 -2.089591 0.086825 235 213 183 1 4000
6.419814 -2.136531 0.086850 239 216 187 1 4000
6.421715 -2.183497 0.086876 241 218 190 1 4000
6.423617 -2.230492 0.086902 225 201 172 1 4000
6.425521 -2.277515 0.086927 231 209 178 1 4000
6.427426 -2.324565 0.086953 235 212 180 1 4000
6.429332 -2.371644 0.086979 235 209 176 1 4000
6.431238 -2.418750 0.087005 237 214 183 1 4000
6.433147 -2.465884 0.087031 236 211 180 1 4000
6.435056 -2.513047 0.087056 218 193 163 1 4000
6.436966 -2.560236 0.087082 255 228 191 1 4000
6.438878 -2.607455 0.087108 255 249 214 1 4000
6.440791 -2.654701 0.087134 255 254 220 1 4000
6.442704 -2.701976 0.087160 255 252 215 1 4000
6.444619 -2.749278 0.087186 255 252 218 1 4000
6.446535 -2.796608 0.087212 255 233 198 1 4000
6.448452 -2.843968 0.087238 255 236 197 1 4000
6.450371 -2.891355 0.087264 255 234 196 1 4000
6.452291 -2.938770 0.087290 255 235 197 1 4000
6.454211 -2.986213 0.087316 255 233 196 1 4000
6.456132 -3.033685 0.087342 255 235 199 1 4000
6.458055 -3.081184 0.087368 254 225 191 1 4000
6.459980 -3.128713 0.087394 255 249 216 1 4000
6.461905 -3.176270 0.087420 255 249 214 1 4000
6.463831 -3.223855 0.087446 255 245 209 1 4000
6.465758 -3.271468 0.087472 255 234 198 1 4000
6.467688 -3.319110 0.087498 255 233 198 1 4000
6.469617 -3.366779 0.087524 241 217 185 1 4000
6.471549 -3.414478 0.087550 255 234 199 1 4000
6.473481 -3.462205 0.087576 255 232 198 1 4000
6.475414 -3.509961 0.087603 255 234 201 1 4000
6.477347 -3.557745 0.087629 253 223 187 1 4000
6.479284 -3.605558 0.087655 242 211 175 1 4000
6.481221 -3.653399 0.087681 237 210 177 1 4000
6.483159 -3.701269 0.087707 254 229 196 1 4000
6.096740 3.513653 0.038491 255 240 206 1 4000
6.098455 3.470640 0.038502 255 247 215 1 4000
6.100171 3.427602 0.038512 255 244 212 1 4000
6.101888 3.384540 0.038523 255 234 203 1 4000
6.103605 3.341454 0.038534 252 228 195 1 4000
6.105324 3.298344 0.038545 255 245 210 1 4000
6.107043 3.255208 0.038556 255 251 220 1 4000
6.108764 3.212050 0.038567 255 249 218 1 4000
6.110485 3.168866 0.038578 255 253 221 1 4000
6.112208 3.125659 0.038588 255 244 211 1 4000
6.113931 3.082426 0.038599 250 225 192 1 4000
6.115655 3.039170 0.038610 255 238 202 1 4000
6.117382 2.995889 0.038621 255 249 214 1 4000
6.119108 2.952584 0.038632 255 248 216 1 4000
6.120835 2.909254 0.038643 255 234 203 1 4000
6.122563 2.865900 0.038654 254 228 197 1 4000
6.124292 2.822521 0.038665 245 219 187 1 4000
6.126023 2.779118 0.038676 252 228 195 1 4000
6.127754 2.735690 0.038687 255 239 207 1 4000
6.129486 2.692237 0.038698 255 237 205 1 4000
6.131219 2.648761 0.038708 255 233 200 1 4000
6.132953 2.605259 0.038719 255 226 191 1 4000
6.134688 2.561733 0.038730 234 205 170 1 4000
6.136425 2.518183 0.038741 205 182 153 1 4000
6.138162 2.474607 0.038752 234 216 192 1 4000
6.139900 2.431007 0.038763 232 215 191 1 4000
6.141639 2.387382 0.038774 233 216 192 1 4000
6.143379 2.343732 0.038785 231 213 189 1 4000
6.145122 2.300059 0.038796 227 208 182 1 4000
6.146863 2.256360 0.038807 221 198 170 1 4000
6.148606 2.212636 0.038818 237 210 177 1 4000
6.150350 2.168887 0.038829 250 225 192 1 4000
6.152095 2.125114 0.038840 255 233 200 1 4000
6.153841 2.081316 0.038851 251 227 194 1 4000
6.155589 2.037493 0.038862 246 220 186 1 4000
6.157336 1.993644 0.038873 244 214 178 1 4000
6.159085 1.949771 0.038884 235 210 177 1 4000
6.160835 1.905874 0.038895 255 240 209 1 4000
6.162587 1.861951 0.038907 255 233 198 1 4000
6.164339 1.818003 0.038918 228 207 178 1 4000
6.166092 1.774030 0.038929 253 228 194 1 4000
6.167845 1.730032 0.038940 248 223 189 1 4000
6.169600 1.686010 0.038951 229 203 170 1 4000
6.171356 1.641962 0.038962 250 220 183 1 4000
6.173114 1.597889 0.038973 243 216 181 1 4000
6.174871 1.553791 0.038984 232 210 182 1 4000
6.176630 1.509668 0.038995 229 207 178 1 4000
6.178391 1.465519 0.039006 228 207 177 1 4000
6.180151 1.421346 0.039017 216 191 158 1 4000
6.181914 1.377147 0.039029 215 190 160 1 4000
6.183677 1.332923 0.039040 56 49 41 1 4000
6.185441 1.288674 0.039051 57 51 44 1 4000
6.187206 1.244400 0.039062 57 52 45 1 4000
6.188972 1.200100 0.039073 80 76 75 1 4000
6.190739 1.155775 0.039084 61 56 50 1 4000
6.192507 1.111424 0.039095 51 45 38 1 4000
5.677783 0.978076 0.035846 41 37 41 6 1021
6.196046 1.022648 0.039118 58 51 43 1 4000
6.197817 0.978221 0.039129 58 51 43 1 4000
6.199589 0.933770 0.039140 58 51 43 1 4000
6.201363 0.889293 0.039151 57 50 42 1 4000
6.203136 0.844790 0.039163 51 44 36 1 4000
6.204911 0.800262 0.039174 56 51 43 1 4000
6.206687 0.755708 0.039185 55 50 42 1 4000
6.208465 0.711129 0.039196 55 49 41 1 4000
6.210243 0.666524 0.039207 54 49 41 1 4000
6.212022 0.621894 0.039219 52 45 37 1 4000
6.213802 0.577238 0.039230 51 44 36 1 4000
6.215583 0.532557 0.039241 52 46 38 1 4000
5.027635 0.394497 0.031741 60 57 59 6 1021
6.219149 0.443117 0.039264 73 68 63 1 4000
6.220933 0.398359 0.039275 50 44 37 1 4000
6.222719 0.353575 0.039286 50 44 36 1 4000
6.224505 0.308765 0.039297 50 43 35 1 4000
6.226293 0.263930 0.039309 47 41 33 1 4000
6.228081 0.219068 0.039320 50 44 36 1 4000
6.229871 0.174181 0.039331 50 44 37 1 4000
6.231661 0.129268 0.039343 52 46 39 1 4000
6.233453 0.084330 0.039354 52 46 38 1 4000
6.235245 0.039365 0.039365 51 44 36 1 4000
6.237039 -0.005625 0.039377 45 39 32 1 4000
6.238833 -0.050641 0.039388 51 44 36 1 4000
6.240629 -0.095684 0.039398 54 47 38 1 4000
6.242425 -0.140752 0.039410 55 48 40 1 4000
6.244224 -0.185846 0.039421 54 47 38 1 4000
6.246022 -0.230966 0.039432 54 46 37 1 4000
6.247822 -0.276112 0.039444 119 104 86 1 4000
6.249623 -0.321284 0.039455 165 148 127 1 4000
6.251424 -0.366482 0.039467 163 146 125 1 4000
6.253227 -0.411706 0.039478 166 150 129 1 4000
6.255032 -0.456956 0.039489 167 151 131 1 4000
6.256836 -0.502233 0.039501 161 142 119 1 4000
6.258642 -0.547535 0.039512 155 135 111 1 4000
6.260450 -0.592864 0.039524 163 143 119 1 4000
6.121601 -0.623884 0.038647 71 62 54 6 1021
6.264067 -0.683600 0.039546 167 147 124 1 4000
6.263919 -0.728779 0.039545 123 108 91 6 1018
6.267688 -0.774441 0.039569 168 149 127 1 4000
6.269501 -0.819901 0.039581 168 149 128 1 4000
6.271314 -0.865387 0.039592 161 142 119 1 4000
6.273128 -0.910899 0.039604 165 147 126 1 4000
6.274944 -0.956438 0.039615 165 148 128 1 4000
6.276760 -1.002003 0.039627 167 151 130 1 4000
6.278578 -1.047595 0.039638 163 143 119 1 4000
6.280396 -1.093213 0.039650 158 137 111 1 4000
6.282216 -1.138857 0.039661 160 142 119 1 4000
6.284037 -1.184528 0.039673 166 147 124 1 4000
6.285858 -1.230225 0.039684 169 151 128 1 4000
6.287682 -1.275949 0.039696 169 151 128 1 4000
6.289505 -1.321699 0.039707 171 152 129 1 4000
6.291330 -1.367476 0.039719 169 152 131 1 4000
6.293156 -1.413280 0.039730 151 132 109 1 4000
6.294983 -1.459110 0.039742 163 145 123 1 4000
6.296812 -1.504967 0.039753 165 148 127 1 4000
6.230886 -1.534167 0.039337 166 141 121 9 1030
6.179157 -1.566015 0.039010 157 135 115 9 1030
6.047843 -1.576372 0.038181 50 78 102 9 1030
6.007616 -1.609233 0.037927 41 71 104 9 1030
5.992027 -1.648291 0.037829 52 81 109 9 1030
6.027903 -1.701653 0.038056 49 57 69 9 1030
6.232263 -1.804310 0.039346 56 44 38 9 1030
6.216459 -1.844588 0.039246 181 146 129 9 1030
6.313312 -1.918878 0.039857 191 170 145 1 4000
6.315151 -1.965002 0.039869 216 194 165 1 4000
6.316991 -2.011154 0.039881 227 201 171 1 4000
6.318832 -2.057332 0.039892 232 208 179 1 4000
6.320674 -2.103536 0.039904 236 215 186 1 4000
6.322516 -2.149768 0.039916 238 218 189 1 4000
6.324361 -2.196027 0.039927 234 206 171 1 4000
6.326206 -2.242313 0.039939 223 200 170 1 4000
6.328053 -2.288626 0.039950 243 221 191 1 4000
6.329900 -2.334965 0.039962 238 215 184 1 4000
6.331748 -2.381332 0.039974 239 216 186 1 4000
6.333597 -2.427726 0.039986 244 219 188 1 4000
6.335449 -2.474148 0.039997 255 240 208 1 4000
6.337300 -2.520595 0.040009 252 224 191 1 4000
6.339153 -2.567071 0.040021 255 232 193 1 4000
6.341007 -2.613574 0.040032 255 247 212 1 4000
6.342861 -2.660103 0.040044 255 255 225 1 4000
6.344717 -2.706660 0.040056 255 255 228 1 4000
6.346575 -2.753244 0.040067 255 250 211 1 4000
6.348433 -2.799856 0.040079 255 228 192 1 4000
6.350292 -2.846495 0.040091 255 244 210 1 4000
6.352152 -2.893161 0.040103 255 251 214 1 4000
6.354014 -2.939855 0.040114 255 255 219 1 4000
6.355877 -2.986576 0.040126 255 255 217 1 4000
6.357740 -3.033324 0.040138 255 251 216 1 4000
6.359605 -3.080099 0.040150 255 233 201 1 4000
6.361470 -3.126902 0.040162 255 251 215 1 4000
6.363338 -3.173733 0.040173 255 252 218 1 4000
6.365206 -3.220591 0.040185 255 251 216 1 4000
6.367075 -3.267477 0.040197 255 248 210 1 4000
6.368945 -3.314390 0.040209 255 243 205 1 4000
6.370816 -3.361331 0.040221 249 224 190 1 4000
6.372689 -3.408299 0.040232 255 250 216 1 4000
6.374562 -3.455295 0.040244 255 250 215 1 4000
6.376438 -3.502319 0.040256 255 249 217 1 4000
6.378313 -3.549370 0.040268 255 245 210 1 4000
6.380190 -3.596449 0.040280 255 239 206 1 4000
6.382068 -3.643556 0.040292 251 225 191 1 4000
6.007258 3.462083 -0.005418 255 229 193 1 4000
6.008922 3.419687 -0.005419 255 231 196 1 4000
6.010588 3.377267 -0.005421 255 234 202 1 4000
6.012255 3.334823 -0.005422 255 239 208 1 4000
6.013922 3.292356 -0.005424 255 240 208 1 4000
6.015591 3.249866 -0.005425 255 239 210 1 4000
6.017261 3.207352 -0.005427 255 248 221 1 4000
6.018931 3.164814 -0.005428 255 248 220 1 4000
6.020602 3.122253 -0.005430 255 247 215 1 4000
6.022274 3.079668 -0.005431 250 226 194 1 4000
6.023947 3.037059 -0.005433 255 237 203 1 4000
6.025622 2.994428 -0.005434 255 242 207 1 4000
6.027296 2.951771 -0.005436 255 248 214 1 4000
6.028972 2.909092 -0.005437 255 252 218 1 4000
6.030649 2.866388 -0.005439 255 236 203 1 4000
6.032327 2.823661 -0.005440 225 198 166 1 4000
6.034006 2.780910 -0.005442 241 212 178 1 4000
6.035686 2.738135 -0.005444 251 223 190 1 4000
6.037366 2.695337 -0.005445 253 226 194 1 4000
6.039047 2.652514 -0.005447 238 215 184 1 4000
6.040730 2.609668 -0.005448 233 209 179 1 4000
6.042414 2.566798 -0.005450 228 202 170 1 4000
6.044098 2.523904 -0.005451 211 189 160 1 4000
6.045783 2.480986 -0.005453 231 214 190 1 4000
6.047469 2.438044 -0.005454 229 213 188 1 4000
6.049156 2.395078 -0.005456 229 214 190 1 4000
6.050845 2.352088 -0.005457 226 207 180 1 4000
6.052534 2.309074 -0.005459 225 205 177 1 4000
6.054224 2.266037 -0.005460 243 218 187 1 4000
6.055915 2.222975 -0.005462 231 203 169 1 4000
6.057606 2.179888 -0.005463 244 216 182 1 4000
6.059299 2.136779 -0.005465 252 227 195 1 4000
6.060993 2.093645 -0.005466 255 232 200 1 4000
6.062688 2.050486 -0.005468 255 233 201 1 4000
6.064383 2.007304 -0.005469 252 224 191 1 4000
6.066080 1.964097 -0.005471 232 206 174 1 4000
6.067778 1.920866 -0.005472 254 232 201 1 4000
6.069476 1.877611 -0.005474 237 216 188 1 4000
6.071176 1.834332 -0.005476 244 222 190 1 4000
6.072876 1.791028 -0.005477 255 232 198 1 4000
6.074577 1.747701 -0.005479 255 234 201 1 4000
6.076279 1.704349 -0.005480 232 208 178 1 4000
6.077983 1.660972 -0.005482 218 199 171 1 4000
6.079687 1.617572 -0.005483 228 210 181 1 4000
6.081392 1.574147 -0.005485 228 210 184 1 4000
6.083099 1.530698 -0.005486 231 215 189 1 4000
6.084806 1.487224 -0.005488 230 215 189 1 4000
6.086514 1.443726 -0.005489 229 213 187 1 4000
6.088223 1.400203 -0.005491 211 190 163 1 4000
6.089932 1.356656 -0.005492 232 206 175 1 4000
6.091644 1.313085 -0.005494 230 206 176 1 4000
6.093355 1.269489 -0.005496 222 201 175 1 4000
6.095068 1.225868 -0.005497 58 52 44 1 4000
6.096782 1.182223 -0.005499 82 76 71 1 4000
5.874240 1.096686 -0.005298 46 41 36 6 1020
6.100213 1.094860 -0.005502 57 50 41 1 4000
5.699321 0.981786 -0.005140 46 44 44 6 1021
6.103647 1.007398 -0.005505 58 51 43 1 4000
6.105366 0.963630 -0.005506 58 51 43 1 4000
6.107085 0.919837 -0.005508 57 50 41 1 4000
6.108806 0.876020 -0.005509 57 49 40 1 4000
6.110528 0.832178 -0.005511 53 47 40 1 4000
6.112250 0.788311 -0.005513 58 54 47 1 4000
6.113974 0.744420 -0.005514 57 53 47 1 4000
6.115698 0.700503 -0.005516 57 53 46 1 4000
6.117424 0.656562 -0.005517 57 53 46 1 4000
6.119150 0.612597 -0.005519 56 51 44 1 4000
6.120877 0.568606 -0.005520 50 44 37 1 4000
6.122606 0.524590 -0.005522 53 46 38 1 4000
5.046294 0.395961 -0.004551 61 58 60 6 1021
6.126065 0.436485 -0.005525 73 67 63 1 4000
6.127797 0.392395 -0.005527 56 50 42 1 4000
6.129529 0.348280 -0.005528 55 48 40 1 4000
6.131262 0.304140 -0.005530 54 46 37 1 4000
6.132997 0.259975 -0.005531 55 49 42 1 4000
6.134731 0.215785 -0.005533 57 51 44 1 4000
6.136468 0.171570 -0.005534 57 51 43 1 4000
6.138205 0.127330 -0.005536 57 51 44 1 4000
6.139943 0.083065 -0.005538 56 51 43 1 4000
6.141683 0.038775 -0.005539 55 50 42 1 4000
6.143423 -0.005541 -0.005541 48 41 33 1 4000
6.145164 -0.049881 -0.005543 55 48 39 1 4000
6.146906 -0.094247 -0.005545 58 52 44 1 4000
6.148649 -0.138637 -0.005546 58 52 44 1 4000
6.150393 -0.183053 -0.005548 139 127 109 1 4000
6.152137 -0.227494 -0.005549 170 153 130 1 4000
6.153884 -0.271960 -0.005551 158 140 117 1 4000
6.155632 -0.316452 -0.005552 168 147 123 1 4000
6.157380 -0.360969 -0.005554 173 154 131 1 4000
6.159128 -0.405511 -0.005556 176 160 139 1 4000
6.160878 -0.450078 -0.005557 175 161 141 1 4000
6.162629 -0.494671 -0.005559 175 160 139 1 4000
6.164382 -0.539289 -0.005560 167 150 128 1 4000
6.144605 -0.581894 -0.005543 132 121 106 6 1021
6.136524 -0.625405 -0.005535 54 49 42 6 1021
6.169643 -0.673295 -0.005565 178 160 138 1 4000
6.171399 -0.718015 -0.005567 175 156 134 1 4000
6.173156 -0.762760 -0.005568 174 155 132 1 4000
6.174915 -0.807531 -0.005570 169 148 124 1 4000
6.176674 -0.852327 -0.005571 160 144 123 1 4000
6.178434 -0.897149 -0.005573 173 161 142 1 4000
6.180195 -0.941996 -0.005575 168 153 133 1 4000
6.181957 -0.986869 -0.005576 168 154 134 1 4000
6.183720 -1.031767 -0.005578 166 150 129 1 4000
6.185484 -1.076692 -0.005579 162 145 124 1 4000
6.187250 -1.121641 -0.005581 147 130 109 1 4000
6.189015 -1.166616 -0.005583 162 144 121 1 4000
6.190782 -1.211617 -0.005584 164 148 127 1 4000
6.192550 -1.256644 -0.005586 163 148 128 1 4000
6.194319 -1.301697 -0.005587 158 142 118 1 4000
6.196090 -1.346775 -0.005589 158 140 118 1 4000
6.197861 -1.391879 -0.005590 156 138 116 1 4000
6.199633 -1.437009 -0.005592 163 147 125 1 4000
6.201406 -1.482164 -0.005594 140 122 104 1 4000
6.156823 -1.515932 -0.005553 183 150 130 9 1030
6.127432 -1.552906 -0.005527 178 144 124 9 1030
6.089808 -1.587310 -0.005493 124 109 105 9 1030
6.029881 -1.615197 -0.005439 61 83 106 9 1030
6.015172 -1.654658 -0.005426 76 98 116 9 1030
6.212066 -1.753641 -0.005603 67 58 48 1 4000
6.213846 -1.798978 -0.005605 189 172 149 1 4000
6.215628 -1.844341 -0.005606 208 187 160 1 4000
6.217410 -1.889730 -0.005608 224 199 166 1 4000
6.219193 -1.935145 -0.005610 219 193 159 1 4000
6.220978 -1.980586 -0.005611 218 193 163 1 4000
6.222762 -2.026052 -0.005613 224 199 169 1 4000
6.224549 -2.071546 -0.005615 226 205 178 1 4000
6.226337 -2.117065 -0.005616 227 208 182 1 4000
6.228126 -2.162611 -0.005618 222 201 173 1 4000
6.229914 -2.208182 -0.005619 215 193 163 1 4000
6.231705 -2.253780 -0.005621 208 184 155 1 4000
6.233497 -2.299404 -0.005623 218 192 162 1 4000
6.235290 -2.345055 -0.005624 231 205 173 1 4000
6.237083 -2.390731 -0.005626 245 218 185 1 4000
6.238877 -2.436434 -0.005627 244 215 181 1 4000
6.240673 -2.482163 -0.005629 244 216 182 1 4000
6.242470 -2.527919 -0.005631 230 204 171 1 4000
6.244267 -2.573700 -0.005632 249 221 187 1 4000
6.246067 -2.619509 -0.005634 255 233 199 1 4000
6.247866 -2.665343 -0.005636 255 240 206 1 4000
6.249667 -2.711204 -0.005637 255 239 206 1 4000
6.251469 -2.757092 -0.005639 255 226 189 1 4000
6.253272 -2.803006 -0.005640 250 221 186 1 4000
6.255076 -2.848946 -0.005642 255 241 205 1 4000
6.256881 -2.894913 -0.005644 255 244 207 1 4000
6.258687 -2.940907 -0.005645 255 247 212 1 4000
6.260494 -2.986927 -0.005647 255 238 201 1 4000
6.262302 -3.032973 -0.005649 255 242 207 1 4000
6.264112 -3.079047 -0.005650 247 220 187 1 4000
6.265922 -3.125147 -0.005652 255 236 201 1 4000
6.267733 -3.171273 -0.005653 255 246 213 1 4000
6.269545 -3.217426 -0.005655 255 250 218 1 4000
6.271358 -3.263606 -0.005657 255 252 219 1 4000
6.273172 -3.309813 -0.005658 255 243 208 1 4000
6.274989 -3.356046 -0.005660 248 222 190 1 4000
6.276805 -3.402306 -0.005662 255 245 211 1 4000
6.278623 -3.448593 -0.005663 255 248 213 1 4000
6.280441 -3.494907 -0.005665 255 246 209 1 4000
6.282260 -3.541247 -0.005666 255 240 203 1 4000
6.284081 -3.587615 -0.005668 255 240 203 1 4000
5.920364 3.412005 -0.048056 255 244 215 1 4000
5.921982 3.370209 -0.048069 250 225 193 1 4000
5.923599 3.328389 -0.048083 255 238 204 1 4000
5.925218 3.286546 -0.048096 255 241 207 1 4000
5.926837 3.244681 -0.048109 255 245 211 1 4000
5.928457 3.202793 -0.048122 255 242 207 1 4000
5.930080 3.160883 -0.048135 255 234 195 1 4000
5.931702 3.118949 -0.048148 255 228 192 1 4000
5.933326 3.076992 -0.048162 240 211 175 1 4000
5.934949 3.035012 -0.048175 255 232 196 1 4000
5.936574 2.993009 -0.048188 255 249 215 1 4000
5.938200 2.950983 -0.048201 255 255 224 1 4000
5.939827 2.908935 -0.048214 255 233 202 1 4000
5.941454 2.866863 -0.048228 248 223 191 1 4000
5.943082 2.824768 -0.048241 255 233 199 1 4000
5.944713 2.782650 -0.048254 255 238 207 1 4000
5.946342 2.740509 -0.048267 232 212 181 1 4000
5.947974 2.698344 -0.048280 223 200 168 1 4000
5.949605 2.656157 -0.048294 224 203 173 1 4000
5.951240 2.613947 -0.048307 222 199 168 1 4000
5.952873 2.571713 -0.048320 222 198 167 1 4000
5.954507 2.529456 -0.048333 209 185 157 1 4000
5.956143 2.487176 -0.048347 220 200 173 1 4000
5.957780 2.444873 -0.048360 218 198 171 1 4000
5.959417 2.402546 -0.048373 214 194 167 1 4000
5.961056 2.360196 -0.048387 222 204 178 1 4000
5.962694 2.317822 -0.048400 232 210 181 1 4000
5.964334 2.275426 -0.048413 231 209 179 1 4000
5.965976 2.233006 -0.048427 211 188 158 1 4000
5.967618 2.190563 -0.048440 226 200 169 1 4000
5.969261 2.148097 -0.048453 231 206 175 1 4000
5.970905 2.105607 -0.048467 231 208 180 1 4000
5.972550 2.063094 -0.048480 226 203 175 1 4000
5.974195 2.020557 -0.048493 227 203 174 1 4000
5.975842 1.977997 -0.048507 219 197 169 1 4000
5.977489 1.935413 -0.048520 222 198 166 1 4000
5.979136 1.892805 -0.048533 208 185 155 1 4000
5.980786 1.850175 -0.048547 229 206 174 1 4000
5.982437 1.807521 -0.048560 219 198 168 1 4000
5.984087 1.764843 -0.048574 209 187 158 1 4000
5.985740 1.722142 -0.048587 214 193 165 1 4000
5.987392 1.679417 -0.048600 197 178 153 1 4000
5.989046 1.636668 -0.048614 221 203 176 1 4000
5.990700 1.593896 -0.048627 219 201 175 1 4000
5.992357 1.551100 -0.048641 221 204 180 1 4000
5.994013 1.508281 -0.048654 225 210 186 1 4000
5.995671 1.465438 -0.048668 224 205 179 1 4000
5.997329 1.422571 -0.048681 223 205 179 1 4000
5.998989 1.379681 -0.048695 218 198 170 1 4000
6.000648 1.336766 -0.048708 221 199 170 1 4000
6.002310 1.293828 -0.048721 223 201 173 1 4000
6.003972 1.250867 -0.048735 234 211 183 1 4000
6.005635 1.207881 -0.048748 230 208 178 1 4000
6.007299 1.164872 -0.048762 128 113 94 1 4000
5.888932 1.099429 -0.047801 28 26 26 6 1020
6.010630 1.078781 -0.048789 55 47 39 1 4000
5.721022 0.985524 -0.046438 58 54 54 6 1021
6.013964 0.992596 -0.048816 57 50 41 1 4000
6.015632 0.949467 -0.048830 58 51 43 1 4000
6.017302 0.906314 -0.048843 57 50 41 1 4000
6.018971 0.863137 -0.048857 56 49 41 1 4000
6.020643 0.819936 -0.048870 54 48 41 1 4000
6.022315 0.776712 -0.048884 55 50 43 1 4000
6.023989 0.733463 -0.048897 56 51 43 1 4000
6.025663 0.690191 -0.048911 56 50 43 1 4000
6.027338 0.646894 -0.048925 55 49 42 1 4000
6.029014 0.603573 -0.048938 54 47 40 1 4000
6.030691 0.560228 -0.048952 49 42 34 1 4000
6.032368 0.516859 -0.048965 55 47 39 1 4000
5.065370 0.397458 -0.041116 67 64 65 6 1021
6.035728 0.430048 -0.048993 112 108 107 1 4000
6.037407 0.386607 -0.049006 57 51 44 1 4000
6.039089 0.343141 -0.049020 56 49 41 1 4000
6.040772 0.299651 -0.049034 54 47 38 1 4000
6.042455 0.256137 -0.049047 54 48 40 1 4000
6.044139 0.212598 -0.049061 54 47 39 1 4000
6.045825 0.169036 -0.049075 55 49 41 1 4000
6.047511 0.125448 -0.049088 56 49 40 1 4000
6.049198 0.081837 -0.049102 56 50 41 1 4000
6.050886 0.038201 -0.049117 55 49 40 1 4000
6.052576 -0.005459 -0.049130 49 44 36 1 4000
6.054265 -0.049143 -0.049144 56 50 42 1 4000
6.055956 -0.092852 -0.049158 170 157 136 1 4000
6.057648 -0.136585 -0.049171 172 160 141 1 4000
6.059341 -0.180343 -0.049185 174 163 144 1 4000
6.061035 -0.224125 -0.049199 175 163 143 1 4000
6.062729 -0.267932 -0.049213 168 154 133 1 4000
6.064425 -0.311763 -0.049226 171 151 127 1 4000
6.066121 -0.355619 -0.049240 174 156 133 1 4000
6.067819 -0.399499 -0.049254 177 159 137 1 4000
6.069518 -0.443404 -0.049268 178 161 139 1 4000
6.071217 -0.487333 -0.049282 179 161 138 1 4000
6.072917 -0.531287 -0.049295 172 153 130 1 4000
6.074619 -0.575266 -0.049309 163 143 120 1 4000
6.076321 -0.619269 -0.049323 170 150 126 1 4000
6.078025 -0.663297 -0.049337 173 155 132 1 4000
6.079729 -0.707350 -0.049351 174 155 132 1 4000
6.081435 -0.751427 -0.049364 176 157 134 1 4000
6.083140 -0.795529 -0.049378 173 153 129 1 4000
6.084847 -0.839656 -0.049392 153 137 117 1 4000
6.086556 -0.883808 -0.049406 177 165 148 1 4000
6.088265 -0.927984 -0.049420 173 161 144 1 4000
6.089974 -0.972185 -0.049434 173 162 143 1 4000
6.091686 -1.016411 -0.049448 171 158 138 1 4000
6.093397 -1.060662 -0.049462 170 156 136 1 4000
6.095111 -1.104938 -0.049475 156 141 121 1 4000
6.096825 -1.149239 -0.049489 160 142 120 1 4000
6.098539 -1.193564 -0.049503 164 148 126 1 4000
6.100255 -1.237915 -0.049517 169 153 132 1 4000
6.101972 -1.282290 -0.049531 171 155 133 1 4000
6.103689 -1.326691 -0.049545 170 153 131 1 4000
6.105408 -1.371116 -0.049559 165 147 125 1 4000
6.107128 -1.415567 -0.049573 162 147 126 1 4000
6.108848 -1.460042 -0.049587 167 152 131 1 4000
6.110570 -1.504543 -0.049601 168 151 129 1 4000
6.112292 -1.549069 -0.049615 169 155 133 1 4000
6.114016 -1.593620 -0.049629 57 51 43 1 4000
6.079396 -1.628460 -0.049348 163 135 118 9 1030
6.068080 -1.669212 -0.049256 138 113 97 9 1030
6.119192 -1.727423 -0.049671 209 190 162 1 4000
6.120920 -1.772075 -0.049685 243 223 196 1 4000
6.122648 -1.816751 -0.049699 238 219 191 1 4000
6.124377 -1.861453 -0.049713 241 223 195 1 4000
6.126108 -1.906181 -0.049727 234 215 185 1 4000
6.127840 -1.950933 -0.049741 220 199 169 1 4000
6.129571 -1.995711 -0.049755 236 208 176 1 4000
6.131305 -2.040514 -0.049769 243 218 187 1 4000
6.133039 -2.085342 -0.049783 246 223 194 1 4000
6.134775 -2.130196 -0.049797 241 219 190 1 4000
6.136511 -2.175076 -0.049811 237 212 183 1 4000
6.138247 -2.219980 -0.049826 233 208 177 1 4000
6.139986 -2.264910 -0.049840 255 234 202 1 4000
6.141726 -2.309866 -0.049854 255 246 214 1 4000
6.143465 -2.354847 -0.049868 255 244 210 1 4000
6.145206 -2.399853 -0.049882 255 237 202 1 4000
6.146949 -2.444885 -0.049896 255 234 196 1 4000
6.148692 -2.489943 -0.049910 255 225 188 1 4000
6.150436 -2.535026 -0.049924 254 231 200 1 4000
6.152182 -2.580135 -0.049939 255 248 222 1 4000
6.153927 -2.625269 -0.049953 255 244 216 1 4000
6.155675 -2.670429 -0.049967 255 244 217 1 4000
6.157423 -2.715614 -0.049981 255 241 212 1 4000
6.159172 -2.760826 -0.049995 250 227 196 1 4000
6.160922 -2.806063 -0.050010 228 203 171 1 4000
6.162673 -2.851326 -0.050024 249 223 189 1 4000
6.164425 -2.896614 -0.050038 255 234 202 1 4000
6.166178 -2.941928 -0.050052 255 231 199 1 4000
6.167932 -2.987268 -0.050066 250 223 189 1 4000
6.169687 -3.032633 -0.050081 250 221 185 1 4000
6.171443 -3.078025 -0.050095 242 213 178 1 4000
6.173200 -3.123442 -0.050109 255 251 219 1 4000
6.174959 -3.168886 -0.050123 255 247 211 1 4000
6.176717 -3.214355 -0.050138 255 247 212 1 4000
6.178478 -3.259850 -0.050152 255 242 207 1 4000
6.180238 -3.305371 -0.050166 255 236 199 1 4000
6.182000 -3.350918 -0.050181 242 215 180 1 4000
6.183764 -3.396491 -0.050195 255 232 193 1 4000
6.185528 -3.442090 -0.050209 255 240 202 1 4000
6.187293 -3.487715 -0.050224 255 248 215 1 4000
6.189058 -3.533366 -0.050238 255 243 209 1 4000
5.835948 3.363354 -0.089479 248 229 199 1 4000
5.837520 3.322141 -0.089503 255 242 211 1 4000
5.839092 3.280905 -0.089527 255 245 215 1 4000
5.840664 3.239647 -0.089551 255 252 223 1 4000
5.842239 3.198367 -0.089575 255 250 218 1 4000
5.843813 3.157065 -0.089599 255 245 213 1 4000
5.845389 3.115740 -0.089624 255 242 210 1 4000
5.846965 3.074393 -0.089648 250 226 194 1 4000
5.848542 3.033024 -0.089672 255 241 206 1 4000
5.850120 2.991632 -0.089696 255 237 203 1 4000
5.851700 2.950218 -0.089720 250 230 201 1 4000
5.853279 2.908782 -0.089745 250 232 203 1 4000
5.854859 2.867323 -0.089769 250 228 198 1 4000
5.856440 2.825842 -0.089793 255 229 196 1 4000
5.858023 2.784338 -0.089817 245 226 199 1 4000
5.859606 2.742812 -0.089842 255 234 206 1 4000
5.861190 2.701264 -0.089866 252 230 200 1 4000
5.862775 2.659693 -0.089890 238 217 188 1 4000
5.864360 2.618100 -0.089914 230 210 180 1 4000
5.865946 2.576484 -0.089939 228 207 178 1 4000
5.867535 2.534846 -0.089963 218 195 168 1 4000
5.869123 2.493185 -0.089987 224 202 174 1 4000
5.870712 2.451501 -0.090012 231 208 180 1 4000
5.872302 2.409795 -0.090036 238 215 187 1 4000
5.873892 2.368066 -0.090061 252 229 199 1 4000
5.875484 2.326315 -0.090085 255 235 204 1 4000
5.877077 2.284541 -0.090109 248 221 188 1 4000
5.878670 2.242744 -0.090134 227 201 170 1 4000
5.880264 2.200925 -0.090158 250 230 198 1 4000
5.881860 2.159083 -0.090183 255 236 206 1 4000
5.883456 2.117219 -0.090207 255 236 206 1 4000
5.885053 2.075331 -0.090232 252 230 197 1 4000
5.886651 2.033422 -0.090256 248 224 190 1 4000
5.888249 1.991488 -0.090281 240 213 178 1 4000
5.889848 1.949533 -0.090305 208 186 156 1 4000
5.891448 1.907554 -0.090330 229 207 177 1 4000
5.893050 1.865553 -0.090354 238 219 192 1 4000
5.894652 1.823529 -0.090379 237 220 195 1 4000
5.896255 1.781482 -0.090403 234 218 194 1 4000
5.897858 1.739412 -0.090428 227 210 185 1 4000
5.899464 1.697320 -0.090453 220 199 171 1 4000
5.901069 1.655204 -0.090477 223 199 171 1 4000
5.902675 1.613065 -0.090502 231 207 177 1 4000
5.904283 1.570904 -0.090527 234 213 184 1 4000
5.905890 1.528719 -0.090551 233 213 184 1 4000
5.907500 1.486512 -0.090576 223 202 170 1 4000
5.909110 1.444281 -0.090601 220 198 167 1 4000
5.910721 1.402028 -0.090625 205 183 155 1 4000
5.912333 1.359751 -0.090650 224 196 164 1 4000
5.913945 1.317451 -0.090675 234 210 180 1 4000
5.915558 1.275129 -0.090699 238 216 188 1 4000
5.917172 1.232783 -0.090724 231 210 182 1 4000
5.918788 1.190414 -0.090749 232 210 182 1 4000
5.920404 1.148022 -0.090774 227 204 176 1 4000
5.898491 1.101214 -0.090438 36 33 32 6 1020
5.923639 1.063168 -0.090823 79 72 62 1 4000
5.748548 0.990266 -0.088139 80 77 75 6 1021
5.926877 0.978222 -0.090873 99 95 91 1 4000
5.928497 0.935714 -0.090898 56 50 41 1 4000
5.930120 0.893183 -0.090923 54 48 39 1 4000
5.931742 0.850628 -0.090948 53 45 37 1 4000
5.933365 0.808050 -0.090972 57 51 43 1 4000
5.934989 0.765449 -0.090997 57 50 42 1 4000
5.936615 0.722825 -0.091022 56 50 43 1 4000
5.938240 0.680177 -0.091047 58 52 45 1 4000
5.939867 0.637506 -0.091072 57 51 43 1 4000
5.941495 0.594811 -0.091097 55 49 41 1 4000
5.943122 0.552093 -0.091122 49 42 35 1 4000
5.944752 0.509352 -0.091147 54 48 40 1 4000
5.084589 0.398966 -0.077959 72 69 70 6 1021
5.948014 0.423799 -0.091197 74 69 65 1 4000
5.949646 0.380987 -0.091222 53 47 39 1 4000
5.951280 0.338152 -0.091247 54 47 40 1 4000
5.952913 0.295293 -0.091272 53 47 40 1 4000
5.954548 0.252410 -0.091297 55 49 41 1 4000
5.956183 0.209505 -0.091322 57 52 45 1 4000
5.957820 0.166575 -0.091347 59 55 49 1 4000
5.959457 0.123622 -0.091373 56 53 46 1 4000
5.961096 0.080645 -0.091398 55 50 43 1 4000
5.962735 0.037645 -0.091424 141 129 111 1 4000
5.964375 -0.005379 -0.091449 150 135 115 1 4000
5.966016 -0.048427 -0.091474 169 152 129 1 4000
5.967659 -0.091498 -0.091499 163 147 125 1 4000
5.969302 -0.134593 -0.091524 164 148 126 1 4000
5.970946 -0.177712 -0.091549 156 140 117 1 4000
5.972590 -0.220855 -0.091575 152 135 111 1 4000
5.974236 -0.264021 -0.091600 151 135 113 1 4000
5.975882 -0.307211 -0.091625 153 135 112 1 4000
5.977530 -0.350425 -0.091650 155 137 115 1 4000
5.979177 -0.393663 -0.091676 164 145 124 1 4000
5.980827 -0.436925 -0.091701 164 146 124 1 4000
5.982477 -0.480210 -0.091726 160 142 119 1 4000
5.984128 -0.523519 -0.091752 163 142 118 1 4000
5.985780 -0.566853 -0.091777 147 129 106 1 4000
5.987433 -0.610210 -0.091802 159 140 117 1 4000
5.989087 -0.653591 -0.091828 162 143 119 1 4000
5.990741 -0.696996 -0.091853 165 146 123 1 4000
5.992397 -0.740426 -0.091878 165 145 121 1 4000
5.994054 -0.783879 -0.091904 170 149 125 1 4000
5.995711 -0.827356 -0.091929 159 142 120 1 4000
5.997370 -0.870857 -0.091955 167 153 133 1 4000
5.999029 -0.914383 -0.091980 166 150 129 1 4000
6.000690 -0.957932 -0.092005 165 149 128 1 4000
6.002351 -1.001506 -0.092031 168 153 132 1 4000
6.004013 -1.045103 -0.092056 165 148 126 1 4000
6.005676 -1.088725 -0.092082 164 149 128 1 4000
6.007339 -1.132371 -0.092107 156 138 115 1 4000
6.009005 -1.176041 -0.092133 167 148 126 1 4000
6.010670 -1.219736 -0.092158 168 150 129 1 4000
6.012337 -1.263454 -0.092184 169 152 132 1 4000
6.014005 -1.307197 -0.092210 172 156 136 1 4000
6.015673 -1.350964 -0.092235 168 151 129 1 4000
6.017343 -1.394756 -0.092261 153 137 115 1 4000
6.019013 -1.438571 -0.092286 163 144 121 1 4000
6.020684 -1.482411 -0.092312 162 143 118 1 4000
6.022357 -1.526276 -0.092338 164 146 122 1 4000
6.024030 -1.570165 -0.092363 208 186 157 1 4000
6.025704 -1.614078 -0.092389 220 198 167 1 4000
6.027379 -1.658016 -0.092415 231 209 180 1 4000
6.029055 -1.701978 -0.092440 232 212 184 1 4000
6.030732 -1.745964 -0.092466 230 212 184 1 4000
6.032410 -1.789975 -0.092492 230 213 187 1 4000
6.034088 -1.834011 -0.092517 237 221 196 1 4000
6.035769 -1.878071 -0.092543 238 222 197 1 4000
6.037448 -1.922155 -0.092569 236 217 189 1 4000
6.039130 -1.966264 -0.092595 219 196 166 1 4000
6.040813 -2.010398 -0.092621 236 212 180 1 4000
6.042496 -2.054556 -0.092646 239 215 185 1 4000
6.044180 -2.098739 -0.092672 244 220 190 1 4000
6.045866 -2.142947 -0.092698 255 238 206 1 4000
6.047552 -2.187179 -0.092724 255 239 203 1 4000
6.049239 -2.231436 -0.092750 246 216 181 1 4000
6.050928 -2.275717 -0.092776 255 226 191 1 4000
6.052617 -2.320024 -0.092801 255 232 199 1 4000
6.054307 -2.364355 -0.092827 255 238 204 1 4000
6.055998 -2.408710 -0.092853 255 241 206 1 4000
6.057689 -2.453091 -0.092879 255 235 198 1 4000
6.059382 -2.497496 -0.092905 255 228 193 1 4000
6.061077 -2.541927 -0.092931 255 242 216 1 4000
6.062772 -2.586382 -0.092957 255 244 217 1 4000
6.064466 -2.630861 -0.092983 255 246 219 1 4000
6.066163 -2.675366 -0.093009 255 239 208 1 4000
6.067861 -2.719896 -0.093035 255 235 204 1 4000
6.069560 -2.764451 -0.093061 249 225 193 1 4000
6.071259 -2.809030 -0.093087 231 203 169 1 4000
6.072960 -2.853635 -0.093113 246 217 183 1 4000
6.074661 -2.898264 -0.093139 255 230 197 1 4000
6.076363 -2.942919 -0.093166 255 234 202 1 4000
6.078067 -2.987599 -0.093192 255 236 203 1 4000
6.079771 -3.032304 -0.093218 255 227 193 1 4000
6.081477 -3.077034 -0.093244 232 207 176 1 4000
6.083182 -3.121788 -0.093270 255 234 203 1 4000
6.084889 -3.166568 -0.093296 255 234 203 1 4000
6.086598 -3.211373 -0.093322 255 234 200 1 4000
6.088307 -3.256204 -0.093349 255 236 203 1 4000
6.090017 -3.301059 -0.093375 255 232 199 1 4000
6.091728 -3.345940 -0.093401 235 211 181 1 4000
6.093440 -3.390846 -0.093427 253 232 200 1 4000
6.095153 -3.435776 -0.093454 255 235 203 1 4000
6.096866 -3.480733 -0.093480 255 238 210 1 4000
5.753906 3.316072 -0.129737 255 238 204 1 4000
5.755434 3.275426 -0.129771 255 238 206 1 4000
5.756962 3.234758 -0.129806 255 241 212 1 4000
5.758492 3.194068 -0.129840 255 238 205 1 4000
5.760021 3.153357 -0.129875 255 231 194 1 4000
5.761551 3.112623 -0.129909 255 231 197 1 4000
5.763083 3.071869 -0.129944 246 220 187 1 4000
5.764615 3.031093 -0.129978 249 223 191 1 4000
5.766149 2.990295 -0.130013 243 218 188 1 4000
5.767682 2.949475 -0.130047 243 219 190 1 4000
5.769216 2.908633 -0.130082 245 222 192 1 4000
5.770752 2.867770 -0.130117 239 209 173 1 4000
5.772289 2.826885 -0.130151 236 205 168 1 4000
5.773826 2.785979 -0.130186 236 213 181 1 4000
5.775363 2.745050 -0.130221 248 223 189 1 4000
5.776902 2.704099 -0.130255 248 222 186 1 4000
5.778441 2.663127 -0.130290 248 222 187 1 4000
5.779982 2.622134 -0.130325 241 212 177 1 4000
5.781524 2.581118 -0.130359 225 198 165 1 4000
5.783065 2.540080 -0.130394 221 196 166 1 4000
5.784608 2.499020 -0.130429 223 201 173 1 4000
5.786152 2.457939 -0.130464 228 202 172 1 4000
5.787696 2.416836 -0.130499 180 159 134 1 4000
4.956989 2.034182 -0.111768 28 19 16 6 1032
4.958310 1.998948 -0.111798 28 19 17 6 1032
4.762437 1.885620 -0.107381 34 69 255 10 1033
4.960972 1.928432 -0.111858 28 48 188 6 1032
4.962302 1.893145 -0.111888 28 19 17 6 1032
4.735359 1.772398 -0.106771 255 255 255 10 1033
4.744271 1.741503 -0.106972 225 225 239 10 1033
4.782568 1.721053 -0.107835 188 179 232 10 1033
5.801633 2.045914 -0.130813 255 234 203 1 4000
5.803187 2.004591 -0.130848 233 210 178 1 4000
5.804740 1.963245 -0.130883 202 179 150 1 4000
5.806294 1.921877 -0.130918 216 191 162 1 4000
5.807850 1.880486 -0.130953 221 197 168 1 4000
5.809406 1.839074 -0.130988 227 209 180 1 4000
5.810963 1.797639 -0.131023 236 219 194 1 4000
5.812521 1.756183 -0.131058 237 220 194 1 4000
5.814078 1.714703 -0.131093 235 217 191 1 4000
5.815639 1.673202 -0.131129 210 189 162 1 4000
5.817199 1.631679 -0.131164 231 211 184 1 4000
5.818760 1.590133 -0.131199 235 215 189 1 4000
5.820322 1.548565 -0.131234 237 217 193 1 4000
5.821884 1.506974 -0.131269 236 216 190 1 4000
5.823448 1.465361 -0.131305 228 208 179 1 4000
5.825013 1.423726 -0.131340 224 204 176 1 4000
5.826578 1.382069 -0.131375 218 195 165 1 4000
5.828144 1.340389 -0.131411 226 199 169 1 4000
5.829711 1.298687 -0.131446 228 206 177 1 4000
5.831279 1.256962 -0.131481 230 211 184 1 4000
5.832847 1.215214 -0.131517 231 214 187 1 4000
5.834417 1.173445 -0.131552 231 207 175 1 4000
5.835987 1.131653 -0.131587 221 198 169 1 4000
5.837559 1.089838 -0.131623 236 219 194 1 4000
5.839130 1.048001 -0.131658 231 211 183 1 4000
5.760094 0.992255 -0.129876 74 68 62 6 1021
5.765082 0.951518 -0.129989 44 40 38 6 1021
5.843852 0.922354 -0.131765 56 48 39 1 4000
5.845427 0.880427 -0.131800 55 48 40 1 4000
5.847003 0.838476 -0.131836 47 41 34 1 4000
5.848581 0.796504 -0.131871 58 52 44 1 4000
5.850159 0.754508 -0.131907 58 51 43 1 4000
5.851738 0.712490 -0.131943 59 53 45 1 4000
5.853318 0.670450 -0.131978 58 52 44 1 4000
5.854898 0.628386 -0.132014 58 51 42 1 4000
5.856480 0.586300 -0.132049 56 49 41 1 4000
5.858062 0.544191 -0.132085 53 47 39 1 4000
5.859645 0.502060 -0.132121 56 50 42 1 4000
5.103959 0.400486 -0.115082 77 75 75 6 1021
5.115527 0.364484 -0.115343 72 66 60 6 1021
5.864400 0.375528 -0.132228 56 49 40 1 4000
5.865986 0.333305 -0.132264 55 48 40 1 4000
5.867573 0.291059 -0.132300 52 45 37 1 4000
5.869162 0.248791 -0.132335 55 49 41 1 4000
5.870751 0.206499 -0.132371 58 51 43 1 4000
5.872341 0.164185 -0.132408 59 54 47 1 4000
5.873931 0.121848 -0.132444 175 163 144 1 4000
5.875524 0.079487 -0.132480 179 167 147 1 4000
5.877116 0.037104 -0.132516 174 160 139 1 4000
5.878709 -0.005302 -0.132551 160 145 124 1 4000
5.880303 -0.047731 -0.132587 177 160 138 1 4000
5.881899 -0.090183 -0.132623 181 164 142 1 4000
5.883495 -0.132659 -0.132659 181 164 143 1 4000
5.885091 -0.175157 -0.132695 178 162 140 1 4000
5.886690 -0.217678 -0.132731 175 159 137 1 4000
5.888288 -0.260223 -0.132767 172 157 137 1 4000
5.889887 -0.302790 -0.132803 171 151 126 1 4000
5.891488 -0.345381 -0.132840 180 161 136 1 4000
5.893089 -0.387995 -0.132876 184 167 145 1 4000
5.894691 -0.430632 -0.132912 178 163 140 1 4000
5.896294 -0.473292 -0.132948 180 163 140 1 4000
5.897898 -0.515976 -0.132984 181 163 141 1 4000
5.899503 -0.558682 -0.133020 164 147 125 1 4000
5.901108 -0.601412 -0.133056 181 166 145 1 4000
5.902715 -0.644165 -0.133093 182 166 145 1 4000
5.904322 -0.686942 -0.133129 180 165 143 1 4000
5.905930 -0.729742 -0.133165 177 160 137 1 4000
5.907539 -0.772565 -0.133201 173 156 135 1 4000
5.909149 -0.815411 -0.133238 168 148 125 1 4000
5.910761 -0.858281 -0.133274 168 152 129 1 4000
5.912373 -0.901174 -0.133310 173 154 131 1 4000
5.913985 -0.944091 -0.133347 178 161 140 1 4000
5.915598 -0.987031 -0.133383 178 162 142 1 4000
5.917212 -1.029994 -0.133420 213 194 171 1 4000
5.918828 -1.072981 -0.133456 235 214 187 1 4000
5.920444 -1.115991 -0.133492 211 187 158 1 4000
5.922061 -1.159025 -0.133529 227 206 177 1 4000
5.923679 -1.202083 -0.133565 234 215 189 1 4000
5.925298 -1.245163 -0.133602 235 217 190 1 4000
5.926918 -1.288268 -0.133638 227 206 176 1 4000
5.928537 -1.331396 -0.133675 224 201 171 1 4000
5.930160 -1.374548 -0.133711 223 200 170 1 4000
5.931782 -1.417723 -0.133748 223 202 172 1 4000
5.933404 -1.460921 -0.133785 239 219 190 1 4000
5.935029 -1.504144 -0.133821 246 229 203 1 4000
5.936655 -1.547390 -0.133858 240 225 200 1 4000
5.938280 -1.590660 -0.133895 239 223 198 1 4000
5.939907 -1.633954 -0.133931 235 218 191 1 4000
5.941535 -1.677271 -0.133968 210 187 160 1 4000
5.943163 -1.720612 -0.134005 238 215 184 1 4000
5.944792 -1.763977 -0.134041 237 214 183 1 4000
5.946423 -1.807365 -0.134078 240 218 188 1 4000
5.948053 -1.850778 -0.134115 234 211 178 1 4000
5.949686 -1.894214 -0.134152 229 204 169 1 4000
5.951319 -1.937674 -0.134188 223 200 167 1 4000
5.952953 -1.981158 -0.134225 227 198 165 1 4000
5.954588 -2.024666 -0.134262 236 209 178 1 4000
5.956223 -2.068197 -0.134299 248 224 195 1 4000
5.957860 -2.111753 -0.134336 247 225 196 1 4000
5.959497 -2.155333 -0.134373 255 236 202 1 4000
5.961136 -2.198936 -0.134410 255 230 196 1 4000
5.962775 -2.242563 -0.134447 239 217 186 1 4000
5.964416 -2.286215 -0.134484 255 232 199 1 4000
5.966057 -2.329891 -0.134521 254 228 192 1 4000
5.967699 -2.373590 -0.134558 254 229 195 1 4000
5.969342 -2.417314 -0.134595 251 225 190 1 4000
5.970986 -2.461062 -0.134632 249 222 187 1 4000
5.972631 -2.504834 -0.134669 233 207 175 1 4000
5.974277 -2.548630 -0.134706 244 222 192 1 4000
5.975923 -2.592450 -0.134743 239 216 187 1 4000
5.977570 -2.636294 -0.134780 235 213 184 1 4000
5.979218 -2.680162 -0.134818 242 221 193 1 4000
5.980867 -2.724055 -0.134855 236 213 183 1 4000
5.982517 -2.767972 -0.134892 225 202 173 1 4000
5.984169 -2.811913 -0.134929 215 191 160 1 4000
5.985820 -2.855878 -0.134966 230 203 171 1 4000
5.987474 -2.899868 -0.135004 231 205 175 1 4000
5.989128 -2.943882 -0.135041 239 215 187 1 4000
5.990782 -2.987920 -0.135078 243 219 190 1 4000
5.992438 -3.031983 -0.135116 239 214 183 1 4000
5.994095 -3.076070 -0.135153 223 198 169 1 4000
5.995752 -3.120181 -0.135190 240 214 179 1 4000
5.997410 -3.164317 -0.135228 239 212 177 1 4000
5.999070 -3.208477 -0.135265 241 216 182 1 4000
6.000731 -3.252662 -0.135303 244 219 186 1 4000
6.002392 -3.296871 -0.135340 243 219 185 1 4000
6.004054 -3.341104 -0.135377 243 221 192 1 4000
6.005717 -3.385362 -0.135415 247 227 198 1 4000
6.007381 -3.429645 -0.135452 248 228 198 1 4000
5.674139 3.270102 -0.168878 255 238 206 1 4000
5.675625 3.230006 -0.168923 255 240 210 1 4000
5.677110 3.189890 -0.168967 255 237 201 1 4000
5.678597 3.149753 -0.169011 255 241 208 1 4000
5.680086 3.109596 -0.169055 253 226 194 1 4000
5.681574 3.069417 -0.169100 224 197 167 1 4000
5.683063 3.029217 -0.169144 241 209 175 1 4000
5.684553 2.988995 -0.169188 239 206 172 1 4000
5.686044 2.948753 -0.169233 241 209 175 1 4000
5.687535 2.908489 -0.169277 240 208 174 1 4000
5.689028 2.868205 -0.169322 240 208 175 1 4000
5.690520 2.827899 -0.169366 240 210 177 1 4000
5.692014 2.787572 -0.169410 230 207 178 1 4000
5.693509 2.747224 -0.169455 247 224 193 1 4000
5.695004 2.706855 -0.169499 249 224 193 1 4000
5.696501 2.666465 -0.169544 250 223 192 1 4000
5.697998 2.626053 -0.169588 241 213 181 1 4000
5.699495 2.585620 -0.169633 241 213 181 1 4000
4.722549 2.108347 -0.140556 255 255 255 10 1033
4.730980 2.077976 -0.140807 137 142 255 10 1033
4.747029 2.050774 -0.141285 255 255 255 10 1033
4.752026 2.018645 -0.141434 245 245 243 10 1033
4.761230 1.988202 -0.141708 191 191 189 10 1033
4.758859 1.952876 -0.141637 219 219 217 10 1033
4.666267 1.881211 -0.138881 255 255 255 10 1033
4.662691 1.846127 -0.138775 189 190 242 10 1033
4.665392 1.813534 -0.138855 32 69 255 10 1033
4.790737 1.827692 -0.142586 144 143 143 10 1033
4.716360 1.765287 -0.140372 219 219 218 10 1033
4.714862 1.730708 -0.140328 255 255 255 10 1033
4.731907 1.702823 -0.140835 255 255 255 10 1033
4.898206 1.727326 -0.145784 28 19 17 6 1032
4.899497 1.692429 -0.145823 151 135 116 6 1032
5.723567 1.935791 -0.170349 200 177 149 1 4000
5.725079 1.894994 -0.170394 202 179 152 1 4000
5.726590 1.854176 -0.170439 208 186 158 1 4000
5.728103 1.813336 -0.170484 212 192 165 1 4000
5.729617 1.772475 -0.170530 217 195 166 1 4000
5.731132 1.731592 -0.170575 216 193 163 1 4000
5.732647 1.690687 -0.170620 209 185 154 1 4000
5.734162 1.649761 -0.170665 219 197 168 1 4000
5.735679 1.608813 -0.170710 219 196 166 1 4000
5.737197 1.567844 -0.170755 221 200 173 1 4000
5.738715 1.526852 -0.170800 221 200 174 1 4000
5.740235 1.485840 -0.170846 222 197 168 1 4000
5.741755 1.444805 -0.170891 217 195 166 1 4000
5.743276 1.403749 -0.170936 205 184 156 1 4000
5.744797 1.362670 -0.170981 219 196 167 1 4000
5.746320 1.321571 -0.171027 221 197 168 1 4000
5.747843 1.280449 -0.171072 221 196 167 1 4000
5.749367 1.239305 -0.171117 225 203 173 1 4000
5.750892 1.198140 -0.171163 223 197 166 1 4000
5.752418 1.156953 -0.171208 223 197 166 1 4000
5.753945 1.115744 -0.171254 208 185 156 1 4000
5.755472 1.074513 -0.171299 224 201 169 1 4000
5.757000 1.033260 -0.171345 225 200 166 1 4000
5.758529 0.991985 -0.171390 226 200 167 1 4000
5.760058 0.950689 -0.171436 186 163 134 1 4000
5.761590 0.909370 -0.171481 166 145 120 1 4000
5.763121 0.868030 -0.171527 55 48 40 1 4000
5.764653 0.826667 -0.171572 55 49 41 1 4000
5.766185 0.785283 -0.171618 57 50 41 1 4000
5.767720 0.743876 -0.171664 56 49 40 1 4000
5.769254 0.702448 -0.171709 56 49 40 1 4000
5.770790 0.660997 -0.171755 57 50 42 1 4000
5.772326 0.619524 -0.171801 58 51 42 1 4000
5.773863 0.578029 -0.171846 56 49 41 1 4000
5.775401 0.536512 -0.171892 55 49 41 1 4000
5.776940 0.494974 -0.171938 59 54 47 1 4000
5.123480 0.402017 -0.152489 83 80 81 6 1021
5.125682 0.365207 -0.152555 67 62 61 6 1021
5.781561 0.370223 -0.172076 56 51 44 1 4000
5.783103 0.328596 -0.172121 54 48 40 1 4000
5.784647 0.286946 -0.172167 50 43 35 1 4000
5.786190 0.245274 -0.172213 66 57 47 1 4000
5.787735 0.203579 -0.172260 168 149 126 1 4000
5.789279 0.161863 -0.172306 173 158 137 1 4000
5.790826 0.120124 -0.172352 180 167 147 1 4000
5.792373 0.078363 -0.172398 184 170 150 1 4000
5.793920 0.036579 -0.172444 180 163 139 1 4000
5.795468 -0.005227 -0.172490 160 144 121 1 4000
5.797018 -0.047055 -0.172536 180 164 141 1 4000
5.798568 -0.088906 -0.172582 182 166 146 1 4000
5.800120 -0.130779 -0.172629 183 169 149 1 4000
5.801672 -0.172674 -0.172675 183 167 146 1 4000
5.803224 -0.214592 -0.172721 177 160 137 1 4000
5.804778 -0.256532 -0.172767 176 160 137 1 4000
5.806333 -0.298495 -0.172814 169 149 124 1 4000
5.807888 -0.340480 -0.172860 177 157 134 1 4000
5.809444 -0.382488 -0.172906 176 157 136 1 4000
5.811001 -0.424518 -0.172952 178 161 138 1 4000
5.812559 -0.466571 -0.172999 179 163 141 1 4000
5.814117 -0.508646 -0.173045 177 156 129 1 4000
5.815677 -0.550744 -0.173092 175 155 131 1 4000
5.817237 -0.592865 -0.173138 228 211 187 1 4000
5.818798 -0.635008 -0.173185 235 213 184 1 4000
5.820360 -0.677173 -0.173231 234 212 183 1 4000
5.821923 -0.719362 -0.173278 230 203 171 1 4000
5.823486 -0.761573 -0.173324 224 198 164 1 4000
5.825051 -0.803806 -0.173371 223 197 166 1 4000
5.826616 -0.846063 -0.173417 210 190 164 1 4000
5.828182 -0.888342 -0.173464 234 212 183 1 4000
5.829750 -0.930644 -0.173510 234 210 178 1 4000
5.831317 -0.972968 -0.173557 240 219 190 1 4000
5.832886 -1.015316 -0.173604 240 217 188 1 4000
5.834456 -1.057686 -0.173651 238 214 184 1 4000
5.836026 -1.100079 -0.173697 228 204 174 1 4000
5.837597 -1.142495 -0.173744 229 206 175 1 4000
5.839169 -1.184933 -0.173791 233 213 182 1 4000
5.840743 -1.227395 -0.173838 234 216 186 1 4000
5.842317 -1.269879 -0.173884 236 217 187 1 4000
5.843890 -1.312386 -0.173931 235 215 185 1 4000
5.845466 -1.354916 -0.173978 231 209 178 1 4000
5.847043 -1.397470 -0.174025 211 189 159 1 4000
5.848619 -1.440046 -0.174072 230 206 176 1 4000
5.850198 -1.482645 -0.174119 237 214 184 1 4000
5.851777 -1.525267 -0.174166 246 228 201 1 4000
5.853356 -1.567912 -0.174213 248 232 206 1 4000
5.854937 -1.610580 -0.174260 243 226 200 1 4000
5.856518 -1.653271 -0.174307 238 223 195 1 4000
5.858100 -1.695985 -0.174354 232 211 184 1 4000
5.859684 -1.738723 -0.174401 240 219 191 1 4000
5.861268 -1.781483 -0.174448 243 223 196 1 4000
5.862853 -1.824267 -0.174496 246 226 199 1 4000
5.864438 -1.867073 -0.174543 240 220 190 1 4000
5.866024 -1.909903 -0.174590 242 222 192 1 4000
5.867612 -1.952756 -0.174637 249 227 195 1 4000
5.869201 -1.995633 -0.174685 255 249 212 1 4000
5.870790 -2.038532 -0.174732 255 235 201 1 4000
5.872380 -2.081455 -0.174779 255 242 211 1 4000
5.873971 -2.124401 -0.174827 255 237 208 1 4000
5.875563 -2.167370 -0.174874 247 226 197 1 4000
5.877155 -2.210363 -0.174921 255 240 206 1 4000
5.878749 -2.253378 -0.174969 255 242 213 1 4000
5.880342 -2.296417 -0.175016 255 249 219 1 4000
5.881938 -2.339480 -0.175064 255 247 215 1 4000
5.883534 -2.382566 -0.175111 255 249 217 1 4000
5.885131 -2.425675 -0.175159 255 241 208 1 4000
5.886729 -2.468808 -0.175206 255 235 203 1 4000
5.888327 -2.511964 -0.175254 240 214 182 1 4000
5.889927 -2.555143 -0.175301 255 234 201 1 4000
5.891527 -2.598346 -0.175349 255 240 206 1 4000
5.893128 -2.641573 -0.175397 255 245 213 1 4000
5.894732 -2.684823 -0.175444 255 241 211 1 4000
5.896333 -2.728096 -0.175492 255 237 205 1 4000
5.897938 -2.771394 -0.175540 252 225 192 1 4000
5.899542 -2.814714 -0.175588 244 220 188 1 4000
5.901148 -2.858058 -0.175635 255 237 205 1 4000
5.902755 -2.901426 -0.175683 255 241 213 1 4000
5.904362 -2.944818 -0.175731 255 235 203 1 4000
5.905970 -2.988233 -0.175779 252 228 193 1 4000
5.907579 -3.031672 -0.175827 246 219 184 1 4000
5.909189 -3.075134 -0.175875 230 205 172 1 4000
5.910800 -3.118620 -0.175923 254 230 196 1 4000
5.912412 -3.162130 -0.175971 255 242 210 1 4000
5.914025 -3.205663 -0.176019 255 248 220 1 4000
5.915637 -3.249220 -0.176067 255 246 219 1 4000
5.917253 -3.292802 -0.176115 255 240 212 1 4000
5.918867 -3.336406 -0.176163 247 224 194 1 4000
5.920484 -3.380035 -0.176211 249 222 190 1 4000
5.596554 3.225387 -0.206950 255 246 216 1 4000
5.597999 3.185829 -0.207003 255 249 220 1 4000
5.599444 3.146251 -0.207057 248 226 195 1 4000
5.600891 3.106652 -0.207110 246 218 183 1 4000
5.602337 3.067032 -0.207164 227 200 170 1 4000
5.603786 3.027392 -0.207217 238 210 179 1 4000
5.605235 2.987732 -0.207271 245 215 183 1 4000
5.606684 2.948051 -0.207324 254 225 192 1 4000
5.608134 2.908349 -0.207378 252 224 190 1 4000
5.609584 2.868627 -0.207431 249 223 191 1 4000
5.611036 2.828885 -0.207485 251 229 199 1 4000
5.612489 2.789122 -0.207539 231 208 179 1 4000
5.613942 2.749338 -0.207593 227 206 179 1 4000
5.615396 2.709533 -0.207646 255 231 199 1 4000
5.616850 2.669708 -0.207700 255 230 198 1 4000
5.618306 2.629863 -0.207754 220 196 166 1 4000
4.811873 2.217662 -0.177934 28 19 17 6 1032
4.813121 2.183510 -0.177980 28 19 17 6 1032
4.814370 2.149339 -0.178026 28 19 17 6 1032
4.764800 2.092830 -0.176193 77 76 76 10 1033
4.816876 2.080949 -0.178119 50 47 47 6 1032
4.818138 2.046729 -0.178165 28 19 17 6 1032
4.610267 1.925163 -0.170479 255 255 255 10 1033
4.633555 1.901455 -0.171340 255 255 255 10 1033
4.633215 1.867886 -0.171327 238 238 236 10 1033
4.633958 1.834750 -0.171355 14 44 242 10 1033
4.645021 1.805616 -0.171764 255 255 255 10 1033
4.655680 1.776167 -0.172158 191 191 194 10 1033
4.645248 1.738671 -0.171772 33 69 255 10 1033
4.722204 1.733403 -0.174618 78 76 75 10 1033
4.748763 1.708889 -0.175600 89 87 86 10 1033
4.830681 1.703513 -0.178629 141 107 98 6 1032
4.831942 1.669094 -0.178676 142 107 98 6 1032
4.833202 1.634657 -0.178722 141 107 98 6 1032
5.646103 1.868853 -0.208782 230 206 175 1 4000
5.647573 1.828591 -0.208836 230 207 177 1 4000
5.649045 1.788309 -0.208891 234 211 183 1 4000
5.650517 1.748005 -0.208945 231 209 180 1 4000
5.651990 1.707680 -0.209000 225 201 172 1 4000
5.653464 1.667334 -0.209054 208 183 152 1 4000
5.654938 1.626968 -0.209109 223 197 164 1 4000
5.656414 1.586580 -0.209163 229 206 177 1 4000
5.657889 1.546171 -0.209218 227 204 176 1 4000
5.659365 1.505740 -0.209272 232 209 180 1 4000
5.660843 1.465289 -0.209327 234 212 185 1 4000
5.662322 1.424817 -0.209382 229 207 179 1 4000
5.663801 1.384324 -0.209436 217 190 159 1 4000
5.665280 1.343809 -0.209491 225 196 164 1 4000
5.666761 1.303273 -0.209546 227 196 165 1 4000
5.668242 1.262716 -0.209601 227 198 166 1 4000
5.669725 1.222138 -0.209655 225 196 165 1 4000
5.671208 1.181539 -0.209710 225 197 166 1 4000
5.672692 1.140918 -0.209765 224 198 167 1 4000
5.674176 1.100276 -0.209820 223 202 172 1 4000
5.675662 1.059613 -0.209875 234 213 185 1 4000
5.677148 1.018928 -0.209930 235 212 183 1 4000
5.678634 0.978222 -0.209985 236 210 181 1 4000
5.680122 0.937495 -0.210040 226 200 170 1 4000
5.681610 0.896747 -0.210095 226 199 168 1 4000
5.683100 0.855977 -0.210150 216 191 161 1 4000
5.684590 0.815186 -0.210205 173 157 135 1 4000
5.686080 0.774373 -0.210260 56 50 41 1 4000
5.687572 0.733539 -0.210315 57 51 43 1 4000
5.689064 0.692684 -0.210370 57 51 43 1 4000
5.690557 0.651807 -0.210426 56 48 39 1 4000
5.692051 0.610909 -0.210481 54 45 37 1 4000
5.693545 0.569989 -0.210536 48 40 32 1 4000
5.695041 0.529047 -0.210591 54 47 39 1 4000
5.696537 0.488084 -0.210647 56 49 41 1 4000
5.143152 0.403561 -0.190184 94 91 90 6 1021
5.142757 0.366424 -0.190169 70 65 65 6 1021
5.701031 0.365067 -0.210813 56 49 41 1 4000
5.702529 0.324018 -0.210868 122 108 91 1 4000
5.704030 0.282947 -0.210924 159 141 118 1 4000
5.705531 0.241855 -0.210980 168 149 124 1 4000
5.707033 0.200741 -0.211036 168 147 122 1 4000
5.708535 0.159605 -0.211091 170 148 123 1 4000
5.710038 0.118448 -0.211147 168 146 119 1 4000
5.711543 0.077269 -0.211202 172 149 123 1 4000
5.713048 0.036068 -0.211258 173 152 127 1 4000
5.714554 -0.005154 -0.211314 151 133 112 1 4000
5.716060 -0.046398 -0.211369 165 146 123 1 4000
5.717566 -0.087664 -0.211425 167 152 132 1 4000
5.719075 -0.128951 -0.211481 168 154 134 1 4000
5.720585 -0.170261 -0.211537 163 146 125 1 4000
5.722095 -0.211592 -0.211593 162 144 122 1 4000
5.723605 -0.252945 -0.211648 173 155 132 1 4000
5.725115 -0.294320 -0.211704 188 165 138 1 4000
5.726628 -0.335716 -0.211760 199 174 145 1 4000
5.728140 -0.377135 -0.211816 202 175 144 1 4000
5.729655 -0.418575 -0.211872 200 175 146 1 4000
5.731169 -0.460038 -0.211928 210 185 155 1 4000
5.732683 -0.501522 -0.211984 212 186 157 1 4000
5.734200 -0.543028 -0.212040 213 188 160 1 4000
5.735717 -0.584556 -0.212096 211 188 158 1 4000
5.737234 -0.626106 -0.212152 213 189 157 1 4000
5.738753 -0.667679 -0.212209 220 193 158 1 4000
5.740272 -0.709273 -0.212265 218 190 156 1 4000
5.741792 -0.750889 -0.212321 220 190 155 1 4000
5.743313 -0.792527 -0.212377 225 198 167 1 4000
5.744834 -0.834187 -0.212433 208 187 160 1 4000
5.746357 -0.875870 -0.212490 230 205 173 1 4000
5.747881 -0.917574 -0.212546 226 200 168 1 4000
5.749405 -0.959301 -0.212602 231 208 178 1 4000
5.750930 -1.001050 -0.212659 233 211 181 1 4000
5.752455 -1.042821 -0.212715 234 209 178 1 4000
5.753982 -1.084614 -0.212772 229 202 171 1 4000
5.755509 -1.126429 -0.212828 212 191 161 1 4000
5.757038 -1.168266 -0.212885 241 222 193 1 4000
5.758566 -1.210126 -0.212941 240 223 196 1 4000
5.760096 -1.252008 -0.212998 237 222 196 1 4000
5.761626 -1.293912 -0.213054 240 225 201 1 4000
5.763158 -1.335838 -0.213111 234 217 190 1 4000
5.764691 -1.377787 -0.213168 229 207 178 1 4000
5.766224 -1.419758 -0.213224 228 201 171 1 4000
5.767757 -1.461752 -0.213281 226 200 171 1 4000
5.769292 -1.503767 -0.213338 230 207 178 1 4000
5.770828 -1.545805 -0.213395 238 219 193 1 4000
5.772364 -1.587866 -0.213451 244 224 197 1 4000
5.773901 -1.629949 -0.213508 239 218 187 1 4000
5.775439 -1.672054 -0.213565 217 195 164 1 4000
5.776977 -1.714182 -0.213622 239 215 184 1 4000
5.778517 -1.756332 -0.213679 239 217 188 1 4000
5.780058 -1.798505 -0.213736 240 220 193 1 4000
5.781600 -1.840700 -0.213793 250 228 197 1 4000
5.783141 -1.882918 -0.213850 254 230 195 1 4000
5.784684 -1.925158 -0.213907 255 252 217 1 4000
5.786228 -1.967420 -0.213964 255 229 193 1 4000
5.787773 -2.009706 -0.214021 255 248 212 1 4000
5.789317 -2.052013 -0.214078 255 239 206 1 4000
5.790864 -2.094344 -0.214135 255 233 203 1 4000
5.792410 -2.136697 -0.214193 247 224 194 1 4000
5.793958 -2.179073 -0.214250 232 200 164 1 4000
5.795506 -2.221471 -0.214307 225 196 162 1 4000
5.797057 -2.263892 -0.214364 255 240 207 1 4000
5.798607 -2.306336 -0.214422 255 236 200 1 4000
5.800158 -2.348802 -0.214479 255 236 200 1 4000
5.801710 -2.391291 -0.214536 255 228 191 1 4000
5.803262 -2.433803 -0.214594 255 226 189 1 4000
5.804817 -2.476338 -0.214651 252 222 188 1 4000
5.806371 -2.518896 -0.214709 221 197 168 1 4000
5.807927 -2.561476 -0.214766 255 234 201 1 4000
5.809483 -2.604079 -0.214824 255 231 195 1 4000
5.811039 -2.646705 -0.214881 255 231 196 1 4000
5.812597 -2.689354 -0.214939 255 240 208 1 4000
5.814155 -2.732025 -0.214997 255 241 207 1 4000
5.815716 -2.774720 -0.215054 255 229 193 1 4000
5.817276 -2.817437 -0.215112 250 224 189 1 4000
5.818837 -2.860177 -0.215170 255 237 205 1 4000
5.820398 -2.902941 -0.215228 255 240 208 1 4000
5.821961 -2.945727 -0.215285 255 240 209 1 4000
5.823525 -2.988536 -0.215343 255 239 208 1 4000
5.825089 -3.031368 -0.215401 252 228 193 1 4000
5.826654 -3.074224 -0.215459 230 204 171 1 4000
5.828221 -3.117102 -0.215517 247 219 187 1 4000
5.829789 -3.160004 -0.215575 252 225 193 1 4000
5.831356 -3.202928 -0.215633 255 240 209 1 4000
5.832924 -3.245875 -0.215691 255 248 220 1 4000
5.834495 -3.288846 -0.215749 255 247 219 1 4000
5.836064 -3.331840 -0.215807 255 242 213 1 4000
5.521061 3.181880 -0.243994 241 218 188 1 4000
5.522467 3.142844 -0.244056 233 202 166 1 4000
5.523874 3.103789 -0.244118 230 198 161 1 4000
5.525282 3.064713 -0.244180 232 205 173 1 4000
5.526690 3.025618 -0.244243 243 216 185 1 4000
5.528099 2.986503 -0.244305 247 220 187 1 4000
5.529509 2.947368 -0.244367 249 224 191 1 4000
5.530919 2.908213 -0.244429 250 223 189 1 4000
5.532331 2.869038 -0.244492 255 228 197 1 4000
5.533742 2.829843 -0.244554 247 222 191 1 4000
5.535155 2.790628 -0.244617 225 198 166 1 4000
5.536568 2.751393 -0.244679 241 213 182 1 4000
4.498664 2.203148 -0.198811 189 171 149 10 1033
4.438964 2.141883 -0.196172 139 143 255 10 1033
4.744275 2.254970 -0.209665 28 19 17 6 1032
4.745488 2.221307 -0.209719 28 19 17 6 1032
4.746702 2.187627 -0.209772 174 173 172 6 1032
4.536542 2.058038 -0.200485 251 251 250 10 1033
4.551457 2.031964 -0.201144 255 255 255 10 1033
4.572083 2.008184 -0.202055 255 255 255 10 1033
4.613973 1.993292 -0.203907 81 79 78 10 1033
4.587499 1.948755 -0.202737 218 218 216 10 1033
4.629985 1.933396 -0.204614 251 251 248 10 1033
4.616641 1.894514 -0.204025 87 87 87 10 1033
4.628701 1.866066 -0.204557 255 255 255 10 1033
4.640295 1.837259 -0.205070 212 212 211 10 1033
4.649239 1.807255 -0.205465 96 96 96 10 1033
4.600397 1.755076 -0.203307 255 255 255 10 1033
4.635693 1.735094 -0.204866 255 255 255 10 1033
4.762553 1.748214 -0.210473 70 62 192 6 1032
4.763779 1.714292 -0.210527 165 126 115 6 1032
4.765006 1.680353 -0.210581 165 125 115 6 1032
4.766234 1.646397 -0.210636 164 124 114 6 1032
4.767462 1.612423 -0.210690 162 123 113 6 1032
5.569277 1.843424 -0.246125 232 209 181 1 4000
5.570707 1.803703 -0.246188 230 207 179 1 4000
5.572139 1.763963 -0.246251 233 209 180 1 4000
5.573571 1.724202 -0.246314 233 211 182 1 4000
5.575005 1.684420 -0.246378 211 188 161 1 4000
5.576438 1.644618 -0.246441 221 191 157 1 4000
5.577872 1.604795 -0.246505 223 197 167 1 4000
5.579308 1.564952 -0.246568 228 210 183 1 4000
5.580744 1.525089 -0.246631 230 212 186 1 4000
5.582181 1.485205 -0.246695 232 214 187 1 4000
5.583619 1.445300 -0.246758 231 206 173 1 4000
5.585056 1.405375 -0.246822 211 185 155 1 4000
5.586495 1.365429 -0.246886 227 200 171 1 4000
5.587935 1.325463 -0.246949 229 203 172 1 4000
5.589375 1.285476 -0.247013 238 214 183 1 4000
5.590817 1.245468 -0.247077 238 210 180 1 4000
5.592258 1.205440 -0.247140 236 210 179 1 4000
5.593702 1.165391 -0.247204 231 208 178 1 4000
5.595145 1.125322 -0.247268 213 191 165 1 4000
5.596589 1.085231 -0.247332 232 208 177 1 4000
5.598034 1.045120 -0.247396 234 210 180 1 4000
5.599480 1.004989 -0.247459 234 210 181 1 4000
5.600926 0.964836 -0.247523 233 209 180 1 4000
5.602374 0.924663 -0.247587 231 204 172 1 4000
5.603821 0.884469 -0.247651 228 202 170 1 4000
5.605269 0.844254 -0.247715 199 178 150 1 4000
5.606719 0.804019 -0.247779 229 208 181 1 4000
5.608170 0.763763 -0.247843 231 210 180 1 4000
5.609621 0.723486 -0.247908 127 114 98 1 4000
5.611072 0.683188 -0.247972 58 51 44 1 4000
5.612524 0.642869 -0.248036 57 50 42 1 4000
5.613978 0.602529 -0.248100 57 50 42 1 4000
5.615431 0.562169 -0.248164 50 44 36 1 4000
5.616887 0.521787 -0.248229 55 47 38 1 4000
5.618342 0.481385 -0.248293 56 49 40 1 4000
5.619797 0.440961 -0.248357 100 96 95 1 4000
5.159946 0.367648 -0.228035 105 97 91 6 1021
5.622713 0.360052 -0.248486 181 167 145 1 4000
5.624171 0.319565 -0.248551 183 164 139 1 4000
5.625630 0.279058 -0.248616 158 142 120 1 4000
5.627090 0.238530 -0.248680 181 165 143 1 4000
5.628551 0.197980 -0.248745 181 163 140 1 4000
5.630013 0.157410 -0.248809 182 164 140 1 4000
5.631475 0.116818 -0.248874 186 168 146 1 4000
5.632938 0.076206 -0.248939 186 167 146 1 4000
5.634401 0.035572 -0.249003 181 163 142 1 4000
5.635866 -0.005083 -0.249068 179 157 131 1 4000
5.637331 -0.045759 -0.249133 211 186 155 1 4000
5.638798 -0.086456 -0.249198 227 203 173 1 4000
5.640264 -0.127174 -0.249262 228 208 178 1 4000
5.641731 -0.167914 -0.249327 230 211 183 1 4000
5.643200 -0.208675 -0.249392 234 214 187 1 4000
5.644670 -0.249456 -0.249457 233 210 183 1 4000
5.646139 -0.290260 -0.249522 213 187 157 1 4000
5.647609 -0.331084 -0.249587 226 197 165 1 4000
5.649081 -0.371930 -0.249652 230 200 168 1 4000
5.650553 -0.412797 -0.249717 230 201 170 1 4000
5.652027 -0.453685 -0.249782 233 205 174 1 4000
5.653500 -0.494595 -0.249847 230 204 173 1 4000
5.654974 -0.535526 -0.249913 233 208 178 1 4000
5.656449 -0.576478 -0.249978 228 206 176 1 4000
5.657926 -0.617451 -0.250043 239 217 188 1 4000
5.659402 -0.658447 -0.250108 243 220 190 1 4000
5.660880 -0.699463 -0.250174 238 214 184 1 4000
5.662357 -0.740501 -0.250239 234 208 176 1 4000
5.663836 -0.781560 -0.250304 233 205 173 1 4000
5.665317 -0.822641 -0.250370 224 195 163 1 4000
5.666798 -0.863743 -0.250435 230 207 178 1 4000
5.668280 -0.904867 -0.250501 236 213 182 1 4000
5.669761 -0.946012 -0.250566 237 215 184 1 4000
5.671244 -0.987179 -0.250632 237 214 183 1 4000
5.672728 -1.028367 -0.250697 233 206 175 1 4000
5.674213 -1.069577 -0.250763 226 199 168 1 4000
5.675698 -1.110809 -0.250828 207 181 151 1 4000
5.677184 -1.152062 -0.250894 228 202 170 1 4000
5.678671 -1.193336 -0.250960 234 209 177 1 4000
5.680159 -1.234633 -0.251025 237 216 188 1 4000
5.681647 -1.275951 -0.251091 237 213 182 1 4000
5.683136 -1.317290 -0.251157 240 218 187 1 4000
5.684626 -1.358651 -0.251223 238 214 184 1 4000
5.686116 -1.400034 -0.251289 215 190 161 1 4000
5.687609 -1.441439 -0.251355 233 211 181 1 4000
5.689102 -1.482866 -0.251421 232 207 174 1 4000
5.690594 -1.524314 -0.251487 232 203 168 1 4000
5.692087 -1.565783 -0.251553 236 210 177 1 4000
5.693583 -1.607275 -0.251619 235 206 173 1 4000
5.695078 -1.648789 -0.251685 238 211 179 1 4000
5.696575 -1.690324 -0.251751 224 198 167 1 4000
5.698071 -1.731881 -0.251817 250 224 190 1 4000
5.699568 -1.773460 -0.251883 255 242 212 1 4000
5.701067 -1.815061 -0.251949 255 237 207 1 4000
5.702567 -1.856683 -0.252016 255 230 194 1 4000
5.704067 -1.898328 -0.252082 255 230 197 1 4000
5.705567 -1.939995 -0.252148 253 225 191 1 4000
5.707069 -1.981683 -0.252215 255 235 199 1 4000
5.708572 -2.023394 -0.252281 255 234 194 1 4000
5.710076 -2.065126 -0.252348 255 231 191 1 4000
5.711579 -2.106880 -0.252414 251 217 181 1 4000
5.713085 -2.148657 -0.252481 247 213 178 1 4000
5.714590 -2.190455 -0.252547 248 216 181 1 4000
5.716097 -2.232275 -0.252614 233 207 174 1 4000
5.717605 -2.274118 -0.252680 238 215 184 1 4000
5.719112 -2.315982 -0.252747 250 224 190 1 4000
5.720621 -2.357869 -0.252814 248 221 188 1 4000
5.722131 -2.399778 -0.252880 244 216 184 1 4000
5.723641 -2.441709 -0.252947 242 213 180 1 4000
5.725153 -2.483662 -0.253014 241 215 182 1 4000
5.726665 -2.525637 -0.253081 220 197 168 1 4000
5.728177 -2.567634 -0.253147 238 212 179 1 4000
5.729691 -2.609654 -0.253214 238 212 180 1 4000
5.731206 -2.651696 -0.253281 238 214 183 1 4000
5.732721 -2.693760 -0.253348 240 215 183 1 4000
5.734237 -2.735846 -0.253415 233 204 171 1 4000
5.735754 -2.777954 -0.253482 223 195 162 1 4000
5.737272 -2.820085 -0.253549 236 213 181 1 4000
5.738791 -2.862238 -0.253617 244 223 192 1 4000
5.740310 -2.904414 -0.253684 250 232 204 1 4000
5.741830 -2.946612 -0.253751 252 236 210 1 4000
5.743350 -2.988831 -0.253818 251 233 207 1 4000
5.744872 -3.031074 -0.253885 255 237 210 1 4000
5.746395 -3.073339 -0.253953 227 204 174 1 4000
5.747918 -3.115626 -0.254020 245 219 188 1 4000
5.749442 -3.157936 -0.254087 246 220 190 1 4000
5.750967 -3.200268 -0.254155 249 225 195 1 4000
5.752492 -3.242622 -0.254222 255 237 208 1 4000
5.754020 -3.285000 -0.254290 255 235 202 1 4000
5.447578 3.139530 -0.280052 227 202 170 1 4000
5.448946 3.101003 -0.280122 223 198 167 1 4000
5.450316 3.062458 -0.280193 225 202 171 1 4000
5.451686 3.023892 -0.280263 226 202 170 1 4000
5.453058 2.985308 -0.280334 228 206 175 1 4000
5.454430 2.946704 -0.280404 228 207 178 1 4000
5.455802 2.908081 -0.280475 221 198 167 1 4000
5.457175 2.869438 -0.280545 220 197 167 1 4000
5.458549 2.830775 -0.280616 222 198 168 1 4000
5.459924 2.792094 -0.280687 207 184 155 1 4000
5.461299 2.753392 -0.280757 218 194 164 1 4000
5.462675 2.714671 -0.280828 219 196 164 1 4000
5.464051 2.675931 -0.280899 161 145 123 1 4000
4.445638 2.145103 -0.228544 127 127 127 10 1033
4.367612 2.075941 -0.224532 87 87 87 10 1033
4.353535 2.037838 -0.223809 24 59 255 10 1033
4.516373 2.081474 -0.232180 255 255 255 10 1033
4.529459 2.054824 -0.232853 255 255 255 10 1033
4.477938 1.999142 -0.230204 222 222 220 10 1033
4.473177 1.964741 -0.229959 255 255 255 10 1033
4.498425 1.943374 -0.231257 255 255 255 10 1033
4.519017 1.919664 -0.232316 191 191 191 10 1033
4.551910 1.900794 -0.234007 117 113 113 10 1033
4.594967 1.885620 -0.236220 163 163 162 10 1033
4.643347 1.871971 -0.238708 87 87 87 10 1033
4.540462 1.797732 -0.233418 229 229 229 10 1033
4.550344 1.768813 -0.233926 255 255 255 10 1033
4.587047 1.749983 -0.235813 255 255 255 10 1033
4.666828 1.746748 -0.239915 87 72 172 10 1033
4.698708 1.724778 -0.241554 169 128 118 6 1032
4.699901 1.691305 -0.241615 169 128 118 6 1032
4.701095 1.657815 -0.241676 168 128 117 6 1032
4.702288 1.624308 -0.241738 166 126 116 6 1032
4.703483 1.590784 -0.241799 164 125 115 6 1032
5.494513 1.818677 -0.282465 228 202 172 1 4000
5.495906 1.779484 -0.282536 224 196 165 1 4000
5.497299 1.740271 -0.282608 228 202 172 1 4000
5.498693 1.701038 -0.282680 227 204 176 1 4000
5.500088 1.661785 -0.282751 217 191 161 1 4000
5.501484 1.622512 -0.282823 223 199 170 1 4000
5.502880 1.583219 -0.282895 224 201 172 1 4000
5.504277 1.543907 -0.282967 225 201 174 1 4000
5.505674 1.504574 -0.283039 228 206 178 1 4000
5.507072 1.465221 -0.283110 219 193 161 1 4000
5.508471 1.425848 -0.283182 217 190 157 1 4000
5.509871 1.386456 -0.283254 219 195 165 1 4000
5.511272 1.347043 -0.283326 227 201 169 1 4000
5.512673 1.307610 -0.283398 230 206 175 1 4000
5.514075 1.268158 -0.283470 232 210 179 1 4000
5.515479 1.228685 -0.283543 229 204 171 1 4000
5.516881 1.189192 -0.283615 236 211 181 1 4000
5.518285 1.149679 -0.283687 229 206 177 1 4000
5.519690 1.110146 -0.283759 205 179 148 1 4000
5.521096 1.070592 -0.283831 226 201 171 1 4000
5.522502 1.031019 -0.283904 228 206 177 1 4000
5.523909 0.991425 -0.283976 231 208 180 1 4000
5.525316 0.951811 -0.284048 234 211 182 1 4000
5.526724 0.912177 -0.284121 230 205 175 1 4000
5.528134 0.872523 -0.284193 226 200 170 1 4000
5.529544 0.832849 -0.284266 210 189 162 1 4000
5.530954 0.793154 -0.284338 230 209 181 1 4000
5.532365 0.753439 -0.284411 235 213 184 1 4000
5.533777 0.713704 -0.284483 233 209 179 1 4000
5.535190 0.673948 -0.284556 231 205 174 1 4000
5.536604 0.634173 -0.284629 62 55 46 1 4000
5.538017 0.594377 -0.284701 56 49 40 1 4000
5.539432 0.554560 -0.284774 51 44 36 1 4000
5.540848 0.514723 -0.284847 84 73 62 1 4000
5.542264 0.474866 -0.284920 208 186 159 1 4000
5.543682 0.434989 -0.284992 168 155 142 1 4000
5.177253 0.368882 -0.266155 115 105 96 6 1021
5.546517 0.355172 -0.285139 187 164 136 1 4000
5.547936 0.315234 -0.285212 188 163 133 1 4000
5.549357 0.275274 -0.285285 178 160 136 1 4000
5.550777 0.235295 -0.285358 212 191 163 1 4000
5.552198 0.195295 -0.285431 225 200 170 1 4000
5.553620 0.155274 -0.285504 229 206 178 1 4000
5.555043 0.115233 -0.285577 226 201 171 1 4000
5.556467 0.075171 -0.285650 230 207 176 1 4000
5.557892 0.035089 -0.285724 232 210 180 1 4000
5.559316 -0.005014 -0.285797 203 176 145 1 4000
5.560741 -0.045137 -0.285870 216 187 155 1 4000
5.562168 -0.085281 -0.285943 223 200 172 1 4000
5.563596 -0.125446 -0.286017 229 208 180 1 4000
5.565023 -0.165631 -0.286090 230 210 183 1 4000
5.566452 -0.205837 -0.286164 231 205 174 1 4000
5.567882 -0.246063 -0.286237 228 200 165 1 4000
5.569312 -0.286310 -0.286311 212 186 156 1 4000
5.570743 -0.326578 -0.286384 231 205 175 1 4000
5.572174 -0.366866 -0.286458 235 210 180 1 4000
5.573606 -0.407175 -0.286532 241 216 186 1 4000
5.575039 -0.447505 -0.286605 242 215 184 1 4000
5.576474 -0.487856 -0.286679 241 217 187 1 4000
5.577909 -0.528227 -0.286753 234 212 182 1 4000
5.579343 -0.568619 -0.286826 214 190 160 1 4000
5.580779 -0.609032 -0.286900 232 204 173 1 4000
5.582216 -0.649466 -0.286974 235 212 182 1 4000
5.583654 -0.689921 -0.287048 236 212 181 1 4000
5.585093 -0.730396 -0.287122 239 215 184 1 4000
5.586531 -0.770893 -0.287196 237 211 178 1 4000
5.587970 -0.811410 -0.287270 235 209 177 1 4000
5.589411 -0.851948 -0.287344 225 206 179 1 4000
5.590852 -0.892507 -0.287418 239 219 190 1 4000
5.592295 -0.933087 -0.287492 240 217 188 1 4000
5.593737 -0.973688 -0.287566 240 217 189 1 4000
5.595180 -1.014309 -0.287641 239 215 186 1 4000
5.596624 -1.054952 -0.287715 236 211 181 1 4000
5.598070 -1.095616 -0.287789 234 210 180 1 4000
5.599515 -1.136301 -0.287863 229 204 173 1 4000
5.600962 -1.177006 -0.287938 230 201 169 1 4000
5.602409 -1.217733 -0.288012 234 213 182 1 4000
5.603857 -1.258481 -0.288087 240 221 193 1 4000
5.605306 -1.299250 -0.288161 243 225 199 1 4000
5.606755 -1.340040 -0.288236 241 218 186 1 4000
5.608205 -1.380851 -0.288310 234 207 175 1 4000
5.609656 -1.421683 -0.288385 239 220 193 1 4000
5.611107 -1.462536 -0.288459 240 218 189 1 4000
5.612560 -1.503411 -0.288534 240 216 184 1 4000
5.614014 -1.544307 -0.288609 242 219 190 1 4000
5.615468 -1.585224 -0.288683 246 222 194 1 4000
5.616921 -1.626161 -0.288758 249 226 196 1 4000
5.618377 -1.667121 -0.288833 250 225 195 1 4000
5.619834 -1.708102 -0.288908 255 233 194 1 4000
5.621290 -1.749103 -0.288983 255 248 209 1 4000
5.622748 -1.790126 -0.289058 255 255 225 1 4000
5.624207 -1.831170 -0.289133 255 242 210 1 4000
5.625666 -1.872236 -0.289208 255 244 212 1 4000
5.627126 -1.913323 -0.289283 255 239 204 1 4000
5.628586 -1.954431 -0.289358 236 207 174 1 4000
5.630048 -1.995561 -0.289433 255 226 190 1 4000
5.631511 -2.036712 -0.289508 255 244 206 1 4000
5.632974 -2.077884 -0.289583 255 251 213 1 4000
5.634438 -2.119078 -0.289659 255 255 222 1 4000
5.635902 -2.160293 -0.289734 255 236 202 1 4000
5.637367 -2.201530 -0.289809 255 241 210 1 4000
5.638833 -2.242787 -0.289885 244 220 189 1 4000
5.640300 -2.284067 -0.289960 255 244 212 1 4000
5.641768 -2.325368 -0.290035 255 246 212 1 4000
5.643236 -2.366691 -0.290111 255 255 222 1 4000
5.644705 -2.408034 -0.290186 255 250 213 1 4000
5.646175 -2.449400 -0.290262 255 247 208 1 4000
5.647646 -2.490787 -0.290338 255 240 200 1 4000
5.649117 -2.532196 -0.290413 255 237 204 1 4000
5.650589 -2.573626 -0.290489 255 243 208 1 4000
5.652062 -2.615077 -0.290565 255 247 212 1 4000
5.653536 -2.656551 -0.290640 255 251 216 1 4000
5.655011 -2.698046 -0.290716 255 250 215 1 4000
5.656486 -2.739563 -0.290792 255 239 203 1 4000
5.657961 -2.781101 -0.290868 255 234 198 1 4000
5.659438 -2.822661 -0.290944 255 229 191 1 4000
5.660916 -2.864243 -0.291020 255 241 203 1 4000
5.662395 -2.905847 -0.291096 255 250 215 1 4000
5.663874 -2.947472 -0.291172 255 250 216 1 4000
5.665353 -2.989119 -0.291248 255 244 212 1 4000
5.666834 -3.030787 -0.291324 255 239 209 1 4000
5.668315 -3.072478 -0.291400 237 211 179 1 4000
5.669798 -3.114191 -0.291476 253 230 197 1 4000
5.671282 -3.155925 -0.291553 255 231 198 1 4000
5.672765 -3.197680 -0.291629 254 226 190 1 4000
5.674249 -3.239458 -0.291705 255 232 199 1 4000
5.376025 3.098293 -0.315163 223 200 172 1 4000
5.377358 3.060262 -0.315241 224 199 169 1 4000
5.378692 3.022213 -0.315319 234 211 180 1 4000
5.380026 2.984144 -0.315397 241 219 189 1 4000
5.381362 2.946058 -0.315476 242 219 189 1 4000
5.382698 2.907951 -0.315554 237 213 182 1 4000
5.384034 2.869827 -0.315632 235 210 177 1 4000
5.385372 2.831683 -0.315711 232 202 168 1 4000
5.386709 2.793520 -0.315789 220 195 165 1 4000
5.388048 2.755337 -0.315868 246 227 198 1 4000
5.389387 2.717137 -0.315946 246 224 193 1 4000
5.390727 2.678917 -0.316025 246 225 195 1 4000
4.616954 2.261079 -0.270663 62 45 41 6 1032
4.458366 2.151245 -0.261366 95 95 95 10 1033
4.386356 2.084850 -0.257145 87 87 87 10 1033
4.339578 2.031305 -0.254402 195 195 195 10 1033
4.415402 2.034939 -0.258847 126 124 123 10 1033
4.448585 2.018135 -0.260793 255 255 255 10 1033
4.449708 1.986539 -0.260859 255 255 255 10 1033
4.458353 1.958230 -0.261365 255 255 255 10 1033
4.481643 1.936124 -0.262731 255 255 255 10 1033
4.515118 1.918007 -0.264693 99 99 99 10 1033
4.546322 1.898460 -0.266522 87 87 87 10 1033
4.465580 1.832524 -0.261789 51 75 255 10 1033
4.479840 1.806052 -0.262625 40 73 255 10 1033
4.515919 1.788014 -0.264740 255 255 255 10 1033
4.551759 1.769363 -0.266841 198 192 189 10 1033
4.634223 1.767981 -0.271676 161 122 113 6 1032
4.635383 1.734978 -0.271744 164 124 114 6 1032
4.636544 1.701959 -0.271812 164 124 114 6 1032
4.637705 1.668923 -0.271880 163 124 114 6 1032
4.638866 1.635871 -0.271948 162 123 113 6 1032
4.640029 1.602802 -0.272016 161 122 112 6 1032
4.643786 1.570594 -0.272236 154 118 109 6 1032
5.421730 1.794586 -0.317842 234 210 182 1 4000
5.423086 1.755906 -0.317922 234 210 181 1 4000
5.424443 1.717207 -0.318001 227 201 170 1 4000
5.425800 1.678488 -0.318081 200 180 152 1 4000
5.427158 1.639750 -0.318160 232 213 189 1 4000
5.428517 1.600992 -0.318240 228 210 184 1 4000
5.429876 1.562216 -0.318320 224 203 175 1 4000
5.431237 1.523419 -0.318399 226 207 180 1 4000
5.432597 1.484604 -0.318479 220 198 169 1 4000
5.433958 1.445768 -0.318559 218 196 167 1 4000
5.435321 1.406914 -0.318639 198 176 149 1 4000
5.436684 1.368040 -0.318719 221 198 168 1 4000
5.438048 1.329146 -0.318799 220 198 169 1 4000
5.439412 1.290233 -0.318879 224 205 178 1 4000
5.440776 1.251300 -0.318959 218 197 168 1 4000
5.442142 1.212348 -0.319039 215 192 160 1 4000
5.443509 1.173376 -0.319119 217 193 164 1 4000
5.444876 1.134385 -0.319199 218 194 165 1 4000
5.446243 1.095374 -0.319279 223 201 172 1 4000
5.447611 1.056343 -0.319359 223 203 173 1 4000
5.448980 1.017293 -0.319440 218 196 164 1 4000
5.450350 0.978223 -0.319520 222 200 170 1 4000
5.451720 0.939134 -0.319600 219 196 165 1 4000
5.453091 0.900024 -0.319681 209 182 149 1 4000
5.454463 0.860896 -0.319761 212 187 156 1 4000
5.455836 0.821747 -0.319842 207 181 148 1 4000
5.457209 0.782579 -0.319922 215 189 157 1 4000
5.458583 0.743391 -0.320003 223 201 172 1 4000
5.459958 0.704183 -0.320083 221 200 173 1 4000
5.461332 0.664956 -0.320164 212 189 159 1 4000
5.462708 0.625709 -0.320244 205 180 148 1 4000
5.464085 0.586442 -0.320325 209 184 152 1 4000
5.465463 0.547155 -0.320406 191 169 143 1 4000
5.466840 0.507848 -0.320487 141 124 105 1 4000
5.468219 0.468522 -0.320567 165 148 126 1 4000
5.469598 0.429176 -0.320648 188 171 152 1 4000
5.194678 0.370123 -0.304532 119 108 97 6 1021
5.472360 0.350424 -0.320811 198 178 150 1 4000
5.473741 0.311018 -0.320892 198 175 147 1 4000
5.475123 0.271592 -0.320973 182 160 132 1 4000
5.476506 0.232146 -0.321054 200 175 144 1 4000
5.477890 0.192681 -0.321135 203 177 148 1 4000
5.479274 0.153195 -0.321216 210 186 158 1 4000
5.480659 0.113690 -0.321297 209 183 153 1 4000
5.482044 0.074164 -0.321379 211 185 154 1 4000
5.483431 0.034619 -0.321460 213 187 157 1 4000
5.484818 -0.004947 -0.321541 200 176 148 1 4000
5.486206 -0.044532 -0.321623 214 190 161 1 4000
5.487594 -0.084138 -0.321704 218 194 165 1 4000
5.488983 -0.123763 -0.321785 222 200 171 1 4000
5.490373 -0.163409 -0.321867 224 205 178 1 4000
5.491764 -0.203075 -0.321948 219 197 166 1 4000
5.493155 -0.242761 -0.322030 215 188 155 1 4000
5.494547 -0.282466 -0.322112 207 183 154 1 4000
5.495940 -0.322193 -0.322193 231 206 175 1 4000
5.497333 -0.361939 -0.322275 232 208 175 1 4000
5.498728 -0.401705 -0.322357 235 212 182 1 4000
5.500122 -0.441492 -0.322438 231 207 177 1 4000
5.501517 -0.481298 -0.322520 232 207 176 1 4000
5.502913 -0.521125 -0.322602 231 207 176 1 4000
5.504311 -0.560973 -0.322684 193 169 140 1 4000
5.505710 -0.600840 -0.322766 228 202 171 1 4000
5.507107 -0.640728 -0.322848 232 210 181 1 4000
5.508506 -0.680636 -0.322930 236 214 186 1 4000
5.509906 -0.720564 -0.323012 241 219 192 1 4000
5.511307 -0.760512 -0.323094 237 214 184 1 4000
5.512709 -0.800481 -0.323176 235 211 180 1 4000
5.514110 -0.840470 -0.323258 204 182 155 1 4000
5.515512 -0.880480 -0.323341 236 213 183 1 4000
5.516916 -0.920510 -0.323423 239 216 185 1 4000
5.518320 -0.960560 -0.323505 240 216 184 1 4000
5.519725 -1.000631 -0.323588 238 211 177 1 4000
5.521131 -1.040722 -0.323670 238 211 179 1 4000
5.522536 -1.080833 -0.323752 236 210 177 1 4000
5.523943 -1.120965 -0.323835 214 190 162 1 4000
5.525352 -1.161117 -0.323917 233 209 179 1 4000
5.526760 -1.201290 -0.324000 234 210 181 1 4000
5.528168 -1.241483 -0.324083 236 213 186 1 4000
5.529578 -1.281697 -0.324165 238 216 188 1 4000
5.530989 -1.321931 -0.324248 232 204 170 1 4000
5.532400 -1.362186 -0.324331 228 196 160 1 4000
5.533811 -1.402462 -0.324413 209 183 151 1 4000
5.535225 -1.442758 -0.324496 237 210 178 1 4000
5.536638 -1.483074 -0.324579 235 205 171 1 4000
5.538052 -1.523411 -0.324662 241 215 185 1 4000
5.539467 -1.563769 -0.324745 245 217 184 1 4000
5.540883 -1.604147 -0.324828 255 251 214 1 4000
5.542299 -1.644546 -0.324911 255 255 222 1 4000
5.543715 -1.684966 -0.324994 254 223 186 1 4000
5.545134 -1.725406 -0.325077 255 238 202 1 4000
5.546553 -1.765868 -0.325160 255 248 214 1 4000
5.547971 -1.806349 -0.325243 255 255 221 1 4000
5.549392 -1.846852 -0.325327 255 255 225 1 4000
5.550812 -1.887375 -0.325410 255 226 189 1 4000
5.552233 -1.927919 -0.325493 253 221 181 1 4000
5.553656 -1.968484 -0.325577 245 214 181 1 4000
5.555079 -2.009069 -0.325660 255 232 198 1 4000
5.556501 -2.049675 -0.325743 255 251 214 1 4000
5.557926 -2.090302 -0.325827 255 255 222 1 4000
5.559351 -2.130950 -0.325911 255 255 221 1 4000
5.560778 -2.171619 -0.325994 255 255 222 1 4000
5.562203 -2.212309 -0.326078 255 231 198 1 4000
5.563630 -2.253019 -0.326161 245 215 181 1 4000
5.565058 -2.293751 -0.326245 254 224 190 1 4000
5.566488 -2.334503 -0.326329 255 232 199 1 4000
5.567917 -2.375277 -0.326413 255 247 210 1 4000
5.569347 -2.416071 -0.326497 255 255 219 1 4000
5.570777 -2.456886 -0.326580 255 251 212 1 4000
5.572209 -2.497722 -0.326664 255 240 203 1 4000
5.573642 -2.538579 -0.326748 255 250 218 1 4000
5.575075 -2.579458 -0.326832 255 255 226 1 4000
5.576509 -2.620357 -0.326916 255 255 222 1 4000
5.577943 -2.661277 -0.327000 255 255 221 1 4000
5.579378 -2.702218 -0.327085 255 252 217 1 4000
5.580815 -2.743181 -0.327169 255 250 214 1 4000
5.582252 -2.784164 -0.327253 255 234 200 1 4000
5.583689 -2.825169 -0.327337 255 244 209 1 4000
5.585127 -2.866194 -0.327422 255 237 201 1 4000
5.586566 -2.907241 -0.327506 255 249 217 1 4000
5.588006 -2.948309 -0.327590 255 255 222 1 4000
5.589447 -2.989399 -0.327675 255 255 226 1 4000
5.590888 -3.030509 -0.327759 255 247 208 1 4000
5.592330 -3.071640 -0.327844 255 226 191 1 4000
5.593772 -3.112793 -0.327928 255 255 224 1 4000
5.595216 -3.153967 -0.328013 255 247 212 1 4000
5.596660 -3.195162 -0.328098 255 241 208 1 4000
5.306327 3.058125 -0.349363 224 196 163 1 4000
5.307626 3.020578 -0.349449 230 203 172 1 4000
5.308926 2.983012 -0.349534 238 214 183 1 4000
5.310226 2.945428 -0.349620 241 218 188 1 4000
5.311527 2.907826 -0.349705 244 222 192 1 4000
5.312828 2.870205 -0.349791 241 216 184 1 4000
5.314130 2.832566 -0.349877 236 210 178 1 4000
5.315433 2.794908 -0.349963 219 198 171 1 4000
5.316737 2.757232 -0.350049 242 221 192 1 4000
5.318041 2.719537 -0.350134 251 229 199 1 4000
5.319345 2.681824 -0.350220 255 243 209 1 4000
4.555803 2.264003 -0.299949 68 50 45 6 1032
4.556916 2.231676 -0.300023 75 56 51 6 1032
4.485188 2.164187 -0.295300 87 87 87 10 1033
4.405268 2.093839 -0.290038 153 153 153 10 1033
4.357978 2.039918 -0.286925 87 87 87 10 1033
4.396438 2.026199 -0.289457 255 255 255 10 1033
4.413785 2.002348 -0.290599 27 59 255 10 1033
4.446065 1.984913 -0.292724 255 255 255 10 1033
4.474289 1.965230 -0.294583 177 177 176 10 1033
4.565863 1.972508 -0.300612 67 58 56 6 1032
4.566987 1.940041 -0.300686 82 74 72 6 1032
4.568103 1.907555 -0.300759 142 107 98 6 1032
4.444612 1.823919 -0.292629 143 143 143 10 1033
4.470256 1.802189 -0.294317 243 243 241 10 1033
4.571486 1.810015 -0.300982 148 112 103 6 1032
4.572612 1.777469 -0.301056 152 116 106 6 1032
4.573741 1.744907 -0.301130 153 116 107 6 1032
4.574872 1.712330 -0.301205 154 117 107 6 1032
4.576003 1.679736 -0.301279 154 117 107 6 1032
4.577135 1.647126 -0.301354 154 117 107 6 1032
4.578267 1.614501 -0.301428 154 117 107 6 1032
4.579399 1.581859 -0.301503 155 117 108 6 1032
5.349530 1.809286 -0.352208 206 184 159 1 4000
5.350850 1.771125 -0.352294 230 206 174 1 4000
5.352171 1.732945 -0.352381 229 202 170 1 4000
5.353492 1.694746 -0.352468 219 193 162 1 4000
5.354815 1.656529 -0.352556 235 219 195 1 4000
5.356137 1.618292 -0.352643 233 218 196 1 4000
5.357460 1.580036 -0.352730 230 215 191 1 4000
5.358785 1.541762 -0.352817 231 215 191 1 4000
5.360110 1.503469 -0.352904 232 216 191 1 4000
5.361435 1.465157 -0.352991 229 211 185 1 4000
5.362761 1.426825 -0.353079 220 201 175 1 4000
5.364088 1.388475 -0.353166 204 181 152 1 4000
5.365415 1.350106 -0.353253 221 198 170 1 4000
5.366743 1.311718 -0.353341 227 207 179 1 4000
5.368072 1.273311 -0.353428 229 209 181 1 4000
5.369401 1.234885 -0.353516 227 205 175 1 4000
5.370731 1.196440 -0.353603 224 200 169 1 4000
5.372061 1.157975 -0.353691 221 196 165 1 4000
5.373393 1.119492 -0.353779 204 181 153 1 4000
5.374725 1.080989 -0.353866 230 210 183 1 4000
5.376058 1.042468 -0.353954 229 208 180 1 4000
5.377391 1.003927 -0.354042 230 210 181 1 4000
5.378725 0.965368 -0.354130 229 210 182 1 4000
5.380059 0.926789 -0.354218 228 209 181 1 4000
5.381395 0.888191 -0.354306 224 205 177 1 4000
5.382731 0.849574 -0.354393 202 180 152 1 4000
5.384067 0.810937 -0.354481 221 197 165 1 4000
5.385404 0.772282 -0.354569 227 203 170 1 4000
5.386742 0.733607 -0.354658 233 214 186 1 4000
5.388081 0.694913 -0.354746 235 214 186 1 4000
5.389421 0.656200 -0.354834 253 231 200 1 4000
5.390760 0.617468 -0.354922 255 230 196 1 4000
5.392100 0.578716 -0.355010 247 221 186 1 4000
5.393442 0.539945 -0.355099 251 219 184 1 4000
5.394784 0.501155 -0.355187 255 227 192 1 4000
5.396127 0.462345 -0.355276 155 140 122 1 4000
5.397470 0.423516 -0.355365 211 195 173 1 4000
5.212220 0.371373 -0.343168 61 55 57 6 1021
5.400158 0.345800 -0.355542 227 206 180 1 4000
5.401504 0.306913 -0.355630 221 200 172 1 4000
5.402850 0.268007 -0.355719 218 196 167 1 4000
5.404196 0.229081 -0.355807 232 210 182 1 4000
5.405543 0.190136 -0.355896 237 215 186 1 4000
5.406892 0.151172 -0.355985 234 209 180 1 4000
5.408240 0.112188 -0.356074 231 207 177 1 4000
5.409589 0.073184 -0.356162 231 206 174 1 4000
5.410939 0.034161 -0.356251 226 198 165 1 4000
5.412290 -0.004881 -0.356340 210 189 162 1 4000
5.413641 -0.043943 -0.356429 234 217 193 1 4000
5.414993 -0.083025 -0.356518 231 214 189 1 4000
5.416346 -0.122126 -0.356607 228 208 182 1 4000
5.417699 -0.161246 -0.356696 230 211 185 1 4000
5.419053 -0.200386 -0.356786 224 203 176 1 4000
5.420408 -0.239546 -0.356875 221 198 171 1 4000
5.421764 -0.278725 -0.356964 196 173 145 1 4000
5.423120 -0.317924 -0.357053 221 196 165 1 4000
5.424476 -0.357142 -0.357143 227 206 177 1 4000
5.425833 -0.396380 -0.357232 229 209 180 1 4000
5.427192 -0.435638 -0.357321 223 200 170 1 4000
5.428551 -0.474915 -0.357411 220 194 162 1 4000
5.429910 -0.514212 -0.357500 221 196 164 1 4000
5.431270 -0.553529 -0.357590 210 185 156 1 4000
5.432631 -0.592865 -0.357679 235 214 185 1 4000
5.433992 -0.632221 -0.357769 234 213 183 1 4000
5.435355 -0.671597 -0.357859 227 206 174 1 4000
5.436718 -0.710993 -0.357949 231 209 178 1 4000
5.438081 -0.750408 -0.358038 226 203 171 1 4000
5.439445 -0.789843 -0.358128 223 197 164 1 4000
5.440810 -0.829298 -0.358218 206 182 153 1 4000
5.442176 -0.868773 -0.358308 229 202 168 1 4000
5.443542 -0.908267 -0.358398 234 207 173 1 4000
5.444909 -0.947781 -0.358488 245 224 195 1 4000
5.446277 -0.987316 -0.358578 240 218 188 1 4000
5.447645 -1.026870 -0.358668 234 208 177 1 4000
5.449015 -1.066444 -0.358758 232 207 173 1 4000
5.450384 -1.106037 -0.358848 215 188 155 1 4000
5.451754 -1.145651 -0.358938 232 206 174 1 4000
5.453125 -1.185285 -0.359029 237 211 180 1 4000
5.454497 -1.224939 -0.359119 241 220 192 1 4000
5.455869 -1.264612 -0.359209 240 221 196 1 4000
5.457242 -1.304306 -0.359300 238 219 191 1 4000
5.458616 -1.344019 -0.359390 235 214 184 1 4000
5.459991 -1.383753 -0.359481 221 199 170 1 4000
5.461367 -1.423507 -0.359571 232 210 181 1 4000
5.462742 -1.463280 -0.359662 239 214 183 1 4000
5.464119 -1.503074 -0.359753 255 232 200 1 4000
5.465496 -1.542887 -0.359843 255 239 205 1 4000
5.466875 -1.582721 -0.359934 255 240 205 1 4000
5.468253 -1.622575 -0.360025 255 233 198 1 4000
5.469632 -1.662449 -0.360116 252 225 190 1 4000
5.471012 -1.702343 -0.360206 247 220 187 1 4000
5.472393 -1.742257 -0.360297 255 231 197 1 4000
5.473775 -1.782192 -0.360388 246 221 188 1 4000
5.475157 -1.822146 -0.360479 255 233 200 1 4000
5.476540 -1.862121 -0.360570 252 228 194 1 4000
5.477923 -1.902116 -0.360661 241 213 180 1 4000
5.479308 -1.942131 -0.360753 221 194 161 1 4000
5.480693 -1.982167 -0.360844 238 213 181 1 4000
5.482079 -2.022222 -0.360935 239 213 179 1 4000
5.483465 -2.062298 -0.361026 245 219 186 1 4000
5.484851 -2.102394 -0.361118 255 238 205 1 4000
5.486240 -2.142511 -0.361209 255 228 192 1 4000
5.487628 -2.182647 -0.361300 255 230 195 1 4000
5.489018 -2.222805 -0.361392 237 213 181 1 4000
5.490407 -2.262982 -0.361483 241 213 178 1 4000
5.491797 -2.303180 -0.361575 245 219 185 1 4000
5.493189 -2.343398 -0.361666 252 230 199 1 4000
5.494582 -2.383636 -0.361758 255 235 206 1 4000
5.495975 -2.423895 -0.361850 255 253 222 1 4000
5.497367 -2.464174 -0.361942 255 245 209 1 4000
5.498762 -2.504474 -0.362033 253 226 193 1 4000
5.500157 -2.544795 -0.362125 255 247 212 1 4000
5.501553 -2.585135 -0.362217 255 244 207 1 4000
5.502949 -2.625497 -0.362309 255 250 213 1 4000
5.504346 -2.665878 -0.362401 255 249 213 1 4000
5.505743 -2.706280 -0.362493 255 242 204 1 4000
5.507141 -2.746703 -0.362585 255 242 202 1 4000
5.508541 -2.787146 -0.362677 250 220 185 1 4000
5.509940 -2.827610 -0.362769 255 242 208 1 4000
5.511342 -2.868094 -0.362862 255 240 206 1 4000
5.512742 -2.908599 -0.362954 255 244 211 1 4000
5.514144 -2.949125 -0.363046 255 246 213 1 4000
5.515547 -2.989671 -0.363138 255 240 205 1 4000
5.516951 -3.030238 -0.363231 255 228 189 1 4000
5.518354 -3.070825 -0.363323 244 213 176 1 4000
5.519759 -3.111433 -0.363416 255 237 200 1 4000
5.521164 -3.152061 -0.363508 255 232 194 1 4000
5.238414 3.018986 -0.382688 206 183 156 1 4000
5.239680 2.981910 -0.382781 236 211 182 1 4000
5.240946 2.944816 -0.382873 238 213 186 1 4000
5.242213 2.907703 -0.382966 242 221 194 1 4000
5.243481 2.870574 -0.383058 239 215 185 1 4000
5.244750 2.833426 -0.383151 238 215 185 1 4000
5.246019 2.796261 -0.383244 215 190 159 1 4000
5.247288 2.759077 -0.383336 250 222 187 1 4000
5.248558 2.721875 -0.383429 248 218 181 1 4000
5.249829 2.684655 -0.383522 237 210 177 1 4000
5.251101 2.647418 -0.383615 238 213 180 1 4000
4.497321 2.234940 -0.328548 68 50 45 6 1032
4.498406 2.203022 -0.328628 76 56 51 6 1032
4.499493 2.171089 -0.328707 84 62 57 6 1032
4.424355 2.102911 -0.323218 86 76 74 10 1033
4.376667 2.048666 -0.319734 87 87 87 10 1033
4.404665 2.029991 -0.321779 184 184 182 10 1033
4.411088 2.001124 -0.322249 9 38 221 10 1033
4.504959 2.011205 -0.329106 49 35 32 6 1032
4.506056 1.979183 -0.329186 106 79 73 6 1032
4.507149 1.947143 -0.329266 116 88 80 6 1032
4.508237 1.915085 -0.329346 127 96 88 6 1032
4.509324 1.883011 -0.329425 131 99 90 6 1032
4.510419 1.850924 -0.329505 129 97 89 6 1032
4.511520 1.818824 -0.329586 135 102 93 6 1032
4.512625 1.786710 -0.329666 140 106 97 6 1032
4.513725 1.754578 -0.329747 141 107 98 6 1032
4.514823 1.722430 -0.329827 143 108 99 6 1032
4.515921 1.690265 -0.329907 144 109 100 6 1032
4.517020 1.658085 -0.329987 146 110 101 6 1032
4.518123 1.625891 -0.330068 147 111 102 6 1032
4.537112 1.599988 -0.331455 136 103 94 6 1032
5.279228 1.823600 -0.385670 232 209 179 1 4000
4.958278 1.676959 -0.362223 52 52 51 6 1032
5.281800 1.748269 -0.385858 229 203 172 1 4000
5.283087 1.710577 -0.385952 225 200 169 1 4000
5.284374 1.672866 -0.386046 215 197 171 1 4000
5.285662 1.635136 -0.386140 229 212 187 1 4000
5.286951 1.597388 -0.386234 227 210 185 1 4000
5.288241 1.559622 -0.386328 229 214 190 1 4000
5.289531 1.521837 -0.386423 225 207 179 1 4000
5.290822 1.484034 -0.386517 225 206 178 1 4000
5.292112 1.446212 -0.386611 219 198 170 1 4000
5.293405 1.408372 -0.386705 199 176 150 1 4000
5.294698 1.370514 -0.386800 216 190 159 1 4000
5.295991 1.332637 -0.386894 219 196 167 1 4000
5.297285 1.294741 -0.386989 226 204 175 1 4000
5.298578 1.256827 -0.387083 229 207 179 1 4000
5.299874 1.218894 -0.387178 231 210 182 1 4000
5.301170 1.180943 -0.387273 225 201 170 1 4000
5.302466 1.142974 -0.387367 218 193 163 1 4000
5.303763 1.104985 -0.387462 226 207 180 1 4000
5.305060 1.066978 -0.387557 225 204 175 1 4000
5.306359 1.028953 -0.387652 229 209 182 1 4000
5.307659 0.990909 -0.387747 229 209 179 1 4000
5.308958 0.952846 -0.387842 227 203 172 1 4000
5.310258 0.914765 -0.387937 230 209 178 1 4000
5.311558 0.876665 -0.388032 223 200 170 1 4000
5.312860 0.838546 -0.388127 204 185 158 1 4000
5.314163 0.800408 -0.388222 228 209 180 1 4000
5.315466 0.762252 -0.388317 230 211 183 1 4000
5.316769 0.724078 -0.388412 255 238 210 1 4000
5.318072 0.685884 -0.388508 255 246 217 1 4000
5.319377 0.647672 -0.388603 255 246 217 1 4000
5.320683 0.609441 -0.388698 255 247 218 1 4000
5.321988 0.571191 -0.388794 243 221 192 1 4000
5.323295 0.532922 -0.388889 255 233 197 1 4000
5.324602 0.494635 -0.388985 255 234 200 1 4000
5.325910 0.456329 -0.389081 255 240 206 1 4000
5.234955 0.410764 -0.382436 153 139 123 6 1021
5.228327 0.372521 -0.381952 56 50 52 6 1021
5.329838 0.341297 -0.389368 228 205 176 1 4000
5.331148 0.302916 -0.389463 223 200 171 1 4000
5.332459 0.264515 -0.389559 224 199 169 1 4000
5.333771 0.226096 -0.389655 229 204 173 1 4000
5.335083 0.187658 -0.389751 231 208 179 1 4000
5.336396 0.149201 -0.389847 230 207 177 1 4000
5.337710 0.110724 -0.389943 234 210 180 1 4000
5.339024 0.072229 -0.390039 232 207 175 1 4000
5.340340 0.033715 -0.390135 231 205 173 1 4000
5.341655 -0.004818 -0.390231 219 201 177 1 4000
5.342971 -0.043370 -0.390327 236 221 199 1 4000
5.344288 -0.081940 -0.390423 233 218 194 1 4000
5.345606 -0.120530 -0.390520 232 215 191 1 4000
5.346924 -0.159140 -0.390616 233 218 193 1 4000
5.348243 -0.197768 -0.390712 232 214 188 1 4000
5.349562 -0.236415 -0.390809 228 209 182 1 4000
5.350883 -0.275081 -0.390905 201 180 153 1 4000
5.352204 -0.313766 -0.391002 221 198 169 1 4000
5.353526 -0.352471 -0.391098 227 207 178 1 4000
5.354847 -0.391194 -0.391195 234 213 185 1 4000
5.356170 -0.429937 -0.391291 234 213 184 1 4000
5.357493 -0.468699 -0.391388 234 209 178 1 4000
5.358817 -0.507479 -0.391485 233 207 176 1 4000
5.360143 -0.546280 -0.391582 215 190 160 1 4000
5.361468 -0.585099 -0.391678 236 216 189 1 4000
5.362793 -0.623937 -0.391775 234 214 186 1 4000
5.364120 -0.662795 -0.391872 235 213 183 1 4000
5.365448 -0.701672 -0.391969 237 216 187 1 4000
5.366776 -0.740568 -0.392066 238 220 190 1 4000
5.368104 -0.779484 -0.392163 235 216 187 1 4000
5.369433 -0.818419 -0.392260 231 210 184 1 4000
5.370764 -0.857373 -0.392357 228 204 172 1 4000
5.372095 -0.896346 -0.392455 236 213 180 1 4000
5.373426 -0.935339 -0.392552 244 225 198 1 4000
5.374758 -0.974351 -0.392649 238 217 188 1 4000
5.376090 -1.013382 -0.392747 240 221 192 1 4000
5.377423 -1.052433 -0.392844 237 216 186 1 4000
5.378758 -1.091503 -0.392942 233 211 180 1 4000
5.380092 -1.130592 -0.393039 224 196 164 1 4000
5.381427 -1.169701 -0.393137 240 212 180 1 4000
5.382763 -1.208829 -0.393234 247 223 194 1 4000
5.384100 -1.247977 -0.393332 245 222 193 1 4000
5.385438 -1.287144 -0.393429 241 219 191 1 4000
5.386775 -1.326331 -0.393527 241 217 189 1 4000
5.388113 -1.365537 -0.393625 238 213 180 1 4000
5.389453 -1.404762 -0.393723 234 210 179 1 4000
5.390793 -1.444007 -0.393821 255 255 227 1 4000
5.392134 -1.483272 -0.393919 255 255 232 1 4000
5.393475 -1.522556 -0.394017 255 255 224 1 4000
5.394816 -1.561860 -0.394115 255 253 215 1 4000
5.396159 -1.601183 -0.394213 255 252 213 1 4000
5.397503 -1.640526 -0.394311 255 244 204 1 4000
5.398847 -1.679888 -0.394409 243 218 184 1 4000
5.400191 -1.719270 -0.394507 255 255 235 1 4000
5.401536 -1.758672 -0.394605 255 255 234 1 4000
5.402883 -1.798093 -0.394704 255 255 230 1 4000
5.404229 -1.837534 -0.394802 255 255 232 1 4000
5.405577 -1.876995 -0.394901 255 255 225 1 4000
5.406925 -1.916475 -0.394999 255 244 210 1 4000
5.408273 -1.955975 -0.395098 225 200 168 1 4000
5.409622 -1.995495 -0.395196 246 219 184 1 4000
5.410973 -2.035034 -0.395295 255 231 199 1 4000
5.412323 -2.074593 -0.395394 255 235 203 1 4000
5.413674 -2.114172 -0.395492 253 229 196 1 4000
5.415026 -2.153770 -0.395591 255 237 200 1 4000
5.416379 -2.193389 -0.395690 255 235 196 1 4000
5.417733 -2.233027 -0.395789 244 214 178 1 4000
5.419087 -2.272686 -0.395888 255 239 208 1 4000
5.420441 -2.312363 -0.395987 255 238 206 1 4000
5.421797 -2.352061 -0.396086 254 231 196 1 4000
5.423152 -2.391778 -0.396185 255 233 200 1 4000
5.424510 -2.431516 -0.396284 251 224 190 1 4000
5.425867 -2.471273 -0.396383 255 238 200 1 4000
5.427225 -2.511051 -0.396482 230 203 169 1 4000
5.428584 -2.550848 -0.396581 255 237 198 1 4000
5.429943 -2.590665 -0.396681 255 240 200 1 4000
5.431304 -2.630502 -0.396780 255 255 222 1 4000
5.432664 -2.670359 -0.396879 255 252 215 1 4000
5.434026 -2.710236 -0.396979 255 250 214 1 4000
5.435388 -2.750133 -0.397078 255 245 209 1 4000
5.436751 -2.790050 -0.397178 235 205 167 1 4000
5.438115 -2.829987 -0.397278 255 239 203 1 4000
5.439478 -2.869944 -0.397377 255 245 210 1 4000
5.440844 -2.909921 -0.397477 255 252 220 1 4000
5.442209 -2.949918 -0.397577 255 254 224 1 4000
5.443576 -2.989936 -0.397677 255 255 226 1 4000
5.444942 -3.029973 -0.397776 255 251 219 1 4000
5.446310 -3.070030 -0.397876 248 223 191 1 4000
5.447679 -3.110108 -0.397976 255 245 212 1 4000
4.403960 2.538076 -0.353503 208 209 207 10 1031
5.173450 2.944218 -0.415270 237 217 189 1 4000
5.174685 2.907585 -0.415369 230 207 177 1 4000
5.175921 2.870933 -0.415468 230 205 175 1 4000
5.177157 2.834264 -0.415567 234 212 182 1 4000
5.178393 2.797578 -0.415667 230 207 177 1 4000
5.179630 2.760874 -0.415766 255 237 206 1 4000
5.180868 2.724152 -0.415865 249 230 202 1 4000
5.182106 2.687413 -0.415965 255 240 215 1 4000
5.183344 2.650656 -0.416064 245 230 205 1 4000
5.184584 2.613882 -0.416164 245 228 203 1 4000
4.466494 2.219620 -0.358523 138 126 111 6 1032
4.441385 2.175097 -0.356507 71 52 47 6 1032
4.442452 2.143566 -0.356593 78 58 53 6 1032
4.443521 2.112021 -0.356679 85 63 58 6 1032
4.395471 2.057468 -0.352822 87 87 87 10 1033
4.445659 2.048884 -0.356851 53 39 35 6 1032
4.446727 2.017292 -0.356936 90 67 61 6 1032
4.447795 1.985685 -0.357022 102 76 69 6 1032
4.448859 1.954060 -0.357107 109 82 75 6 1032
4.449921 1.922420 -0.357193 114 86 78 6 1032
4.450979 1.890761 -0.357278 118 89 81 6 1032
4.452040 1.859090 -0.357363 122 92 84 6 1032
4.453107 1.827406 -0.357448 126 95 87 6 1032
4.454177 1.795707 -0.357534 129 97 89 6 1032
4.455254 1.763995 -0.357621 132 100 92 6 1032
4.456331 1.732268 -0.357707 135 102 94 6 1032
4.457407 1.700525 -0.357794 138 104 96 6 1032
4.458477 1.668764 -0.357879 140 106 97 6 1032
4.469915 1.640794 -0.358798 138 104 96 6 1032
4.501383 1.619867 -0.361324 113 99 83 6 1032
5.210749 1.837542 -0.418264 212 190 161 1 4000
5.212002 1.800378 -0.418364 199 176 148 1 4000
4.971713 1.681503 -0.399077 53 53 52 6 1032
5.214508 1.725996 -0.418566 197 175 147 1 4000
5.215763 1.688778 -0.418666 182 162 135 1 4000
5.217018 1.651543 -0.418767 201 184 159 1 4000
5.218274 1.614289 -0.418868 195 175 151 1 4000
5.219530 1.577018 -0.418969 201 181 154 1 4000
5.220786 1.539728 -0.419070 196 178 154 1 4000
5.222044 1.502421 -0.419171 205 186 161 1 4000
5.223302 1.465095 -0.419272 199 178 152 1 4000
5.224561 1.427752 -0.419373 203 182 156 1 4000
5.225820 1.390390 -0.419474 192 170 142 1 4000
5.227079 1.353011 -0.419575 205 182 153 1 4000
5.228340 1.315614 -0.419676 215 192 163 1 4000
5.229601 1.278198 -0.419777 213 191 165 1 4000
5.230863 1.240765 -0.419878 223 202 177 1 4000
5.232124 1.203313 -0.419980 221 200 173 1 4000
5.233387 1.165843 -0.420081 221 198 169 1 4000
5.234651 1.128356 -0.420183 201 179 152 1 4000
5.235915 1.090850 -0.420284 221 196 163 1 4000
5.237180 1.053326 -0.420386 219 192 158 1 4000
5.238445 1.015784 -0.420487 216 190 157 1 4000
5.239710 0.978223 -0.420589 221 197 166 1 4000
5.240977 0.940645 -0.420690 219 195 164 1 4000
5.242245 0.903048 -0.420792 220 197 166 1 4000
5.243512 0.865434 -0.420894 228 208 181 1 4000
5.244781 0.827801 -0.420996 242 223 196 1 4000
5.246049 0.790149 -0.421097 255 236 207 1 4000
5.247319 0.752480 -0.421199 248 229 199 1 4000
5.248590 0.714792 -0.421301 255 235 208 1 4000
5.249860 0.677086 -0.421403 255 244 218 1 4000
5.251132 0.639362 -0.421505 255 237 209 1 4000
5.252403 0.601620 -0.421607 255 237 208 1 4000
5.253676 0.563859 -0.421710 234 212 184 1 4000
5.254950 0.526080 -0.421813 255 236 204 1 4000
5.256223 0.488283 -0.421915 249 224 191 1 4000
5.257498 0.450467 -0.422017 247 223 191 1 4000
5.251194 0.412038 -0.421511 185 170 152 6 1021
5.239582 0.373322 -0.420579 38 35 33 6 1021
5.261325 0.336910 -0.422324 239 213 181 1 4000
5.262602 0.299021 -0.422427 220 192 161 1 4000
5.263879 0.261113 -0.422529 218 191 159 1 4000
5.265158 0.223187 -0.422632 226 202 173 1 4000
5.266437 0.185243 -0.422735 227 202 173 1 4000
5.267716 0.147280 -0.422837 231 210 181 1 4000
5.268996 0.109299 -0.422940 235 211 183 1 4000
5.270277 0.071299 -0.423043 230 205 174 1 4000
5.271558 0.033281 -0.423146 228 203 173 1 4000
5.272840 -0.004755 -0.423249 207 186 158 1 4000
5.274123 -0.042811 -0.423352 228 209 183 1 4000
5.275406 -0.080884 -0.423455 229 212 184 1 4000
5.276690 -0.118977 -0.423558 229 213 188 1 4000
5.277974 -0.157087 -0.423661 228 209 182 1 4000
5.279260 -0.195217 -0.423764 227 207 179 1 4000
5.280545 -0.233365 -0.423867 219 198 169 1 4000
5.281831 -0.271531 -0.423970 204 181 152 1 4000
5.283118 -0.309716 -0.424074 226 200 168 1 4000
5.284406 -0.347920 -0.424177 228 204 174 1 4000
5.285694 -0.386142 -0.424280 233 210 182 1 4000
5.286983 -0.424383 -0.424384 234 212 184 1 4000
5.288272 -0.462643 -0.424487 237 215 187 1 4000
5.289562 -0.500921 -0.424591 230 204 173 1 4000
5.290853 -0.539218 -0.424694 224 199 168 1 4000
5.292145 -0.577534 -0.424798 226 204 175 1 4000
5.293437 -0.615868 -0.424902 227 201 170 1 4000
5.294729 -0.654221 -0.425006 232 210 180 1 4000
5.296022 -0.692593 -0.425109 234 211 179 1 4000
5.297316 -0.730983 -0.425213 234 209 176 1 4000
5.298611 -0.769393 -0.425317 236 214 180 1 4000
5.299906 -0.807821 -0.425421 231 208 177 1 4000
5.301202 -0.846268 -0.425525 217 196 168 1 4000
5.302498 -0.884734 -0.425629 234 215 186 1 4000
5.303795 -0.923218 -0.425733 235 216 188 1 4000
5.305093 -0.961722 -0.425837 236 219 192 1 4000
5.306391 -1.000244 -0.425942 240 224 199 1 4000
5.307690 -1.038785 -0.426046 240 224 199 1 4000
5.308990 -1.077345 -0.426150 241 223 196 1 4000
5.310290 -1.115924 -0.426255 215 194 165 1 4000
5.311591 -1.154521 -0.426359 238 212 178 1 4000
5.312892 -1.193138 -0.426463 241 216 184 1 4000
5.314194 -1.231773 -0.426568 245 220 189 1 4000
5.315497 -1.270428 -0.426673 246 224 195 1 4000
5.316801 -1.309101 -0.426777 255 236 205 1 4000
5.318105 -1.347794 -0.426882 255 238 204 1 4000
5.319409 -1.386505 -0.426987 255 234 198 1 4000
5.320714 -1.425236 -0.427091 255 243 205 1 4000
5.322020 -1.463985 -0.427196 255 249 211 1 4000
5.323327 -1.502754 -0.427301 255 255 218 1 4000
5.324635 -1.541541 -0.427406 255 255 217 1 4000
5.325943 -1.580348 -0.427511 255 255 223 1 4000
5.327250 -1.619173 -0.427616 255 253 214 1 4000
5.328560 -1.658018 -0.427721 255 245 206 1 4000
5.329870 -1.696882 -0.427826 255 255 241 1 4000
5.331181 -1.735765 -0.427931 255 255 240 1 4000
5.332492 -1.774667 -0.428037 255 255 234 1 4000
5.333803 -1.813588 -0.428142 255 255 237 1 4000
5.335115 -1.852528 -0.428247 255 255 227 1 4000
5.336429 -1.891488 -0.428353 255 255 225 1 4000
5.337743 -1.930467 -0.428458 255 241 208 1 4000
5.339056 -1.969464 -0.428564 254 226 191 1 4000
5.340372 -2.008482 -0.428669 247 220 186 1 4000
5.341688 -2.047518 -0.428775 255 233 201 1 4000
5.343004 -2.086574 -0.428880 255 235 204 1 4000
5.344321 -2.125648 -0.428986 255 239 206 1 4000
5.345638 -2.164742 -0.429092 255 237 204 1 4000
5.346956 -2.203856 -0.429198 255 246 210 1 4000
5.348276 -2.242988 -0.429304 249 225 194 1 4000
5.349595 -2.282140 -0.429410 255 238 206 1 4000
5.350915 -2.321311 -0.429515 255 232 199 1 4000
5.352236 -2.360502 -0.429621 255 235 201 1 4000
5.353557 -2.399712 -0.429728 255 243 212 1 4000
5.354879 -2.438941 -0.429834 255 239 208 1 4000
5.356203 -2.478190 -0.429940 253 230 199 1 4000
5.357526 -2.517458 -0.430046 231 207 177 1 4000
5.358850 -2.556746 -0.430152 255 252 216 1 4000
5.360175 -2.596053 -0.430259 255 255 229 1 4000
5.361500 -2.635379 -0.430365 255 255 228 1 4000
5.362827 -2.674725 -0.430472 255 255 227 1 4000
5.364153 -2.714091 -0.430578 255 255 226 1 4000
5.365480 -2.753475 -0.430685 255 250 215 1 4000
5.366808 -2.792879 -0.430791 241 218 186 1 4000
5.368137 -2.832303 -0.430898 255 245 207 1 4000
5.369467 -2.871747 -0.431005 255 250 214 1 4000
5.370796 -2.911210 -0.431111 255 255 226 1 4000
5.372127 -2.950692 -0.431218 255 251 219 1 4000
5.373458 -2.990194 -0.431325 255 250 217 1 4000
5.374790 -3.029715 -0.431432 255 236 202 1 4000
5.376123 -3.069257 -0.431539 248 221 189 1 4000
4.341205 2.501909 -0.379789 194 194 193 10 1031
4.355633 2.478797 -0.381051 213 213 211 10 1031
5.110079 2.871283 -0.447054 234 211 178 1 4000
5.111284 2.835081 -0.447159 247 220 185 1 4000
5.112489 2.798862 -0.447264 220 196 165 1 4000
5.113695 2.762625 -0.447370 239 216 184 1 4000
5.114902 2.726372 -0.447475 250 225 195 1 4000
5.116108 2.690101 -0.447581 254 235 208 1 4000
5.117315 2.653813 -0.447687 253 236 210 1 4000
5.118524 2.617509 -0.447792 255 241 214 1 4000
5.119732 2.581187 -0.447898 243 223 194 1 4000
5.120941 2.544847 -0.448004 226 206 178 1 4000
4.409822 2.159639 -0.385792 26 18 16 6 1032
4.386859 2.116741 -0.383783 71 53 48 6 1032
4.387900 2.085584 -0.383874 78 58 53 6 1032
4.388940 2.054411 -0.383965 84 62 57 6 1032
4.389981 2.023224 -0.384056 88 66 60 6 1032
4.391020 1.992020 -0.384147 92 69 63 6 1032
4.392057 1.960801 -0.384238 97 73 66 6 1032
4.393094 1.929567 -0.384328 102 76 70 6 1032
4.394125 1.898315 -0.384419 107 81 74 6 1032
4.395156 1.867048 -0.384509 113 85 77 6 1032
4.396193 1.835769 -0.384600 117 88 81 6 1032
4.397233 1.804477 -0.384691 122 92 84 6 1032
4.398275 1.773169 -0.384782 126 95 87 6 1032
4.399323 1.741850 -0.384873 129 97 89 6 1032
4.402389 1.711299 -0.385142 130 99 91 6 1032
4.423391 1.687548 -0.386979 106 80 73 6 1032
5.141585 1.924445 -0.449810 179 162 143 1 4000
5.142805 1.887795 -0.449917 200 184 161 1 4000
5.144024 1.851127 -0.450023 203 185 162 1 4000
5.145245 1.814442 -0.450130 231 211 182 1 4000
5.146466 1.777740 -0.450237 226 206 176 1 4000
4.985221 1.686072 -0.436130 41 41 40 6 1032
5.148911 1.704283 -0.450451 222 195 163 1 4000
5.150134 1.667529 -0.450558 220 199 171 1 4000
5.151357 1.630756 -0.450665 225 201 171 1 4000
5.152581 1.593967 -0.450772 230 206 178 1 4000
5.153806 1.557160 -0.450879 234 214 187 1 4000
5.155032 1.520336 -0.450986 234 215 189 1 4000
5.156257 1.483493 -0.451093 235 214 189 1 4000
5.157483 1.446634 -0.451201 232 212 186 1 4000
5.158710 1.409757 -0.451308 205 182 154 1 4000
5.159939 1.372862 -0.451416 220 200 171 1 4000
5.161167 1.335950 -0.451523 227 210 183 1 4000
5.162395 1.299020 -0.451630 230 212 186 1 4000
5.163624 1.262072 -0.451738 228 210 183 1 4000
5.164855 1.225108 -0.451846 220 198 169 1 4000
5.166085 1.188125 -0.451953 219 196 167 1 4000
5.167317 1.151125 -0.452061 219 197 167 1 4000
5.168549 1.114107 -0.452169 202 181 154 1 4000
5.169780 1.077071 -0.452277 231 211 182 1 4000
5.171014 1.040018 -0.452384 234 215 186 1 4000
5.172247 1.002947 -0.452492 238 222 198 1 4000
5.173481 0.965859 -0.452600 233 218 193 1 4000
5.174716 0.928752 -0.452708 235 220 195 1 4000
5.175951 0.891628 -0.452816 255 239 211 1 4000
5.177187 0.854487 -0.452925 235 210 179 1 4000
5.178423 0.817327 -0.453033 255 235 203 1 4000
5.179660 0.780150 -0.453141 255 236 202 1 4000
5.180898 0.742955 -0.453249 255 237 204 1 4000
5.182136 0.705742 -0.453357 255 235 203 1 4000
5.183375 0.668512 -0.453466 238 215 182 1 4000
5.184615 0.631263 -0.453574 224 199 165 1 4000
5.185854 0.593997 -0.453683 220 197 165 1 4000
5.187095 0.556713 -0.453792 209 181 150 1 4000
5.188336 0.519411 -0.453901 249 218 184 1 4000
5.189579 0.482092 -0.454009 255 239 206 1 4000
5.190821 0.444754 -0.454118 255 251 219 1 4000
5.192064 0.407399 -0.454227 255 251 219 1 4000
5.193307 0.370025 -0.454335 255 238 204 1 4000
5.194551 0.332634 -0.454444 255 231 197 1 4000
5.195796 0.295225 -0.454553 214 190 162 1 4000
5.197042 0.257798 -0.454662 230 210 182 1 4000
5.198287 0.220353 -0.454771 228 207 176 1 4000
5.199533 0.182890 -0.454880 224 200 167 1 4000
5.200781 0.145409 -0.454989 229 208 178 1 4000
5.202029 0.107910 -0.455098 225 202 170 1 4000
5.203278 0.070393 -0.455208 221 197 166 1 4000
5.204526 0.032858 -0.455317 228 204 173 1 4000
5.205776 -0.004695 -0.455426 208 187 161 1 4000
5.207026 -0.042266 -0.455536 225 206 180 1 4000
5.208277 -0.079855 -0.455645 219 199 172 1 4000
5.209528 -0.117462 -0.455755 217 197 170 1 4000
5.210780 -0.155087 -0.455864 224 206 181 1 4000
5.212032 -0.192731 -0.455974 212 193 165 1 4000
5.213286 -0.230392 -0.456083 212 193 166 1 4000
5.214540 -0.268072 -0.456193 194 174 148 1 4000
5.215794 -0.305769 -0.456303 204 181 153 1 4000
5.217049 -0.343485 -0.456412 199 177 149 1 4000
5.218304 -0.381219 -0.456522 200 178 152 1 4000
5.219561 -0.418971 -0.456632 206 186 161 1 4000
5.220818 -0.456741 -0.456742 194 173 148 1 4000
5.222075 -0.494530 -0.456852 207 185 159 1 4000
5.223332 -0.532337 -0.456962 193 174 148 1 4000
5.224591 -0.570161 -0.457072 199 177 148 1 4000
5.225851 -0.608005 -0.457182 199 177 147 1 4000
5.227110 -0.645866 -0.457293 207 184 153 1 4000
5.228371 -0.683746 -0.457403 208 185 156 1 4000
5.229632 -0.721644 -0.457513 211 190 161 1 4000
5.230893 -0.759560 -0.457624 217 193 163 1 4000
5.232156 -0.797494 -0.457734 219 198 171 1 4000
5.233419 -0.835447 -0.457845 190 172 147 1 4000
5.234682 -0.873418 -0.457955 228 209 182 1 4000
5.235946 -0.911408 -0.458066 234 217 190 1 4000
5.237210 -0.949416 -0.458176 226 208 182 1 4000
5.238476 -0.987442 -0.458287 239 223 199 1 4000
5.239742 -1.025486 -0.458398 235 217 190 1 4000
5.241008 -1.063549 -0.458508 236 216 188 1 4000
5.242275 -1.101631 -0.458619 228 208 182 1 4000
5.243544 -1.139731 -0.458730 235 214 185 1 4000
5.244812 -1.177849 -0.458841 231 208 178 1 4000
5.246081 -1.215986 -0.458952 239 215 186 1 4000
5.247350 -1.254141 -0.459063 255 244 211 1 4000
5.248620 -1.292314 -0.459174 255 255 220 1 4000
5.249891 -1.330506 -0.459286 255 254 215 1 4000
5.251163 -1.368717 -0.459397 255 248 208 1 4000
5.252435 -1.406946 -0.459508 255 223 184 1 4000
5.253707 -1.445194 -0.459619 255 245 209 1 4000
5.254981 -1.483460 -0.459731 255 251 216 1 4000
5.256255 -1.521744 -0.459842 255 251 213 1 4000
5.257529 -1.560048 -0.459954 255 255 222 1 4000
5.258805 -1.598370 -0.460065 255 254 216 1 4000
5.260080 -1.636710 -0.460177 255 252 215 1 4000
5.261356 -1.675069 -0.460289 232 208 176 1 4000
5.262633 -1.713447 -0.460400 255 252 220 1 4000
5.263911 -1.751843 -0.460512 255 249 216 1 4000
5.265190 -1.790258 -0.460624 255 252 220 1 4000
5.266468 -1.828692 -0.460736 255 254 221 1 4000
5.267747 -1.867144 -0.460848 255 248 214 1 4000
5.269028 -1.905615 -0.460960 255 244 210 1 4000
5.270308 -1.944105 -0.461072 250 224 190 1 4000
5.271591 -1.982613 -0.461184 255 238 200 1 4000
5.272871 -2.021140 -0.461296 255 245 210 1 4000
5.274154 -2.059686 -0.461408 255 232 200 1 4000
5.275437 -2.098251 -0.461520 255 233 202 1 4000
5.276721 -2.136834 -0.461633 255 238 207 1 4000
5.278006 -2.175436 -0.461745 255 229 196 1 4000
5.279291 -2.214057 -0.461858 253 227 193 1 4000
5.280577 -2.252697 -0.461970 255 236 200 1 4000
5.281863 -2.291356 -0.462083 255 234 197 1 4000
5.283150 -2.330033 -0.462195 249 221 185 1 4000
5.284438 -2.368729 -0.462308 254 228 192 1 4000
5.285726 -2.407444 -0.462420 254 228 193 1 4000
5.287014 -2.446179 -0.462533 255 230 194 1 4000
5.288304 -2.484932 -0.462646 251 227 193 1 4000
5.289594 -2.523703 -0.462759 233 211 181 1 4000
5.290884 -2.562494 -0.462872 255 248 214 1 4000
5.292176 -2.601304 -0.462985 255 248 216 1 4000
5.293468 -2.640133 -0.463098 255 253 224 1 4000
5.294761 -2.678980 -0.463211 255 255 231 1 4000
5.296054 -2.717847 -0.463324 255 255 232 1 4000
5.297348 -2.756732 -0.463437 255 253 220 1 4000
5.298642 -2.795637 -0.463550 246 222 189 1 4000
5.299938 -2.834561 -0.463664 255 243 205 1 4000
5.301233 -2.873503 -0.463777 255 249 212 1 4000
5.302530 -2.912465 -0.463891 255 251 216 1 4000
5.303827 -2.951446 -0.464004 255 252 218 1 4000
5.305124 -2.990445 -0.464118 255 255 222 1 4000
5.306423 -3.029464 -0.464231 255 245 208 1 4000
4.289475 2.472096 -0.406213 196 197 195 10 1031
4.292769 2.443022 -0.406525 200 200 198 10 1031
4.308654 2.420974 -0.408029 217 217 215 10 1031
5.048242 2.800113 -0.478068 200 177 149 1 4000
5.049417 2.764332 -0.478179 230 203 173 1 4000
5.050593 2.728535 -0.478291 235 209 179 1 4000
5.051770 2.692721 -0.478402 241 219 190 1 4000
5.052947 2.656891 -0.478514 255 240 211 1 4000
5.054125 2.621043 -0.478625 255 242 214 1 4000
5.055304 2.585179 -0.478737 238 220 195 1 4000
5.056482 2.549298 -0.478848 234 215 189 1 4000
5.057662 2.513401 -0.478960 215 194 167 1 4000
5.058842 2.477486 -0.479072 203 185 161 1 4000
4.462334 2.153159 -0.422583 125 114 100 6 1032
4.365850 2.075104 -0.413446 28 19 17 6 1032
4.345974 2.034299 -0.411563 61 45 41 6 1032
4.338082 1.999305 -0.410816 87 65 59 6 1032
4.336688 1.967372 -0.410684 93 69 64 6 1032
4.337700 1.936534 -0.410780 96 72 65 6 1032
4.338705 1.905678 -0.410875 100 75 68 6 1032
4.339710 1.874807 -0.410970 106 79 73 6 1032
4.340716 1.843922 -0.411065 109 82 75 6 1032
4.351798 1.817231 -0.412115 103 77 70 6 1032
4.364280 1.790954 -0.413297 81 60 55 6 1032
4.376834 1.764526 -0.414486 36 25 22 6 1032
5.074232 2.009071 -0.480529 232 206 173 1 4000
5.075420 1.972921 -0.480642 220 198 170 1 4000
4.451748 1.698366 -0.421580 31 31 30 6 1032
4.477726 1.675969 -0.424040 139 126 112 6 1032
5.078987 1.864369 -0.480980 230 206 176 1 4000
5.080177 1.828151 -0.481092 253 228 196 1 4000
5.081368 1.791916 -0.481205 197 176 148 1 4000
5.082559 1.755664 -0.481318 176 154 129 1 4000
5.004765 1.692682 -0.473951 42 42 42 6 1032
5.084942 1.683110 -0.481544 189 170 145 1 4000
5.086135 1.646807 -0.481657 231 212 185 1 4000
5.087329 1.610487 -0.481770 231 207 176 1 4000
5.088522 1.574150 -0.481883 237 214 185 1 4000
5.089717 1.537796 -0.481996 234 212 184 1 4000
5.090912 1.501425 -0.482109 235 212 184 1 4000
5.092108 1.465037 -0.482222 231 206 177 1 4000
5.093304 1.428632 -0.482335 228 206 178 1 4000
5.094501 1.392210 -0.482449 211 191 161 1 4000
5.095698 1.355770 -0.482562 226 207 176 1 4000
5.096896 1.319313 -0.482676 228 210 182 1 4000
5.098094 1.282840 -0.482789 228 209 181 1 4000
5.099294 1.246349 -0.482903 230 210 182 1 4000
5.100492 1.209841 -0.483016 225 202 171 1 4000
5.101693 1.173316 -0.483130 222 200 169 1 4000
5.102893 1.136773 -0.483243 212 190 160 1 4000
5.104095 1.100214 -0.483357 224 201 173 1 4000
5.105296 1.063637 -0.483471 231 208 178 1 4000
5.106499 1.027043 -0.483585 239 219 192 1 4000
5.107701 0.990431 -0.483699 247 230 203 1 4000
5.108905 0.953803 -0.483813 255 247 221 1 4000
5.110109 0.917157 -0.483927 250 234 206 1 4000
5.111313 0.880494 -0.484041 231 213 186 1 4000
5.112518 0.843813 -0.484155 187 170 147 1 4000
5.113725 0.807116 -0.484269 231 209 180 1 4000
5.114931 0.770401 -0.484383 243 222 193 1 4000
5.116138 0.733668 -0.484498 255 237 207 1 4000
5.117345 0.696919 -0.484612 255 245 215 1 4000
5.118553 0.660151 -0.484726 255 238 206 1 4000
5.119761 0.623367 -0.484842 255 236 205 1 4000
5.120971 0.586565 -0.484956 255 239 211 1 4000
5.122181 0.549746 -0.485071 247 218 183 1 4000
5.123391 0.512910 -0.485185 255 239 204 1 4000
5.124602 0.476056 -0.485300 255 245 211 1 4000
5.125813 0.439184 -0.485415 255 241 208 1 4000
5.127026 0.402296 -0.485530 255 240 209 1 4000
5.128238 0.365389 -0.485644 255 243 212 1 4000
5.129452 0.328465 -0.485759 255 242 211 1 4000
5.130665 0.291524 -0.485874 245 219 186 1 4000
5.131879 0.254566 -0.485989 255 249 218 1 4000
5.133095 0.217589 -0.486104 255 235 207 1 4000
5.134310 0.180596 -0.486219 238 218 191 1 4000
5.135526 0.143584 -0.486334 238 219 191 1 4000
5.136742 0.106556 -0.486450 232 212 182 1 4000
5.137959 0.069509 -0.486565 230 210 182 1 4000
5.139178 0.032445 -0.486680 223 197 167 1 4000
5.140396 -0.004636 -0.486796 208 186 159 1 4000
5.141615 -0.041735 -0.486911 229 206 177 1 4000
5.142834 -0.078852 -0.487027 235 211 180 1 4000
5.144054 -0.115986 -0.487142 241 219 191 1 4000
5.145276 -0.153138 -0.487258 238 218 191 1 4000
5.146497 -0.190307 -0.487373 238 216 188 1 4000
5.147718 -0.227495 -0.487489 233 211 183 1 4000
5.148940 -0.264699 -0.487605 213 189 159 1 4000
5.150163 -0.301922 -0.487721 231 210 180 1 4000
5.151387 -0.339162 -0.487836 234 216 189 1 4000
5.152611 -0.376420 -0.487952 239 223 198 1 4000
5.153836 -0.413696 -0.488068 236 217 188 1 4000
5.155061 -0.450989 -0.488184 229 206 176 1 4000
5.156287 -0.488300 -0.488301 227 205 175 1 4000
5.157514 -0.525629 -0.488417 223 198 166 1 4000
5.158741 -0.562975 -0.488533 208 186 158 1 4000
5.159968 -0.600340 -0.488649 236 215 182 1 4000
5.161197 -0.637722 -0.488765 243 222 192 1 4000
5.162426 -0.675122 -0.488882 247 230 204 1 4000
5.163655 -0.712539 -0.488998 244 228 203 1 4000
5.164885 -0.749975 -0.489115 241 226 201 1 4000
5.166115 -0.787428 -0.489231 238 222 195 1 4000
5.167346 -0.824900 -0.489348 215 193 164 1 4000
5.168579 -0.862389 -0.489464 237 212 182 1 4000
5.169811 -0.899896 -0.489581 240 217 185 1 4000
5.171044 -0.937421 -0.489698 241 220 190 1 4000
5.172277 -0.974963 -0.489815 241 220 189 1 4000
5.173512 -1.012524 -0.489932 237 215 181 1 4000
5.174746 -1.050103 -0.490049 230 205 171 1 4000
5.175982 -1.087700 -0.490166 229 205 173 1 4000
5.177217 -1.125314 -0.490283 218 191 159 1 4000
5.178453 -1.162946 -0.490400 255 223 190 1 4000
5.179691 -1.200597 -0.490517 255 253 218 1 4000
5.180929 -1.238266 -0.490634 255 255 237 1 4000
5.182167 -1.275952 -0.490751 255 255 234 1 4000
5.183406 -1.313656 -0.490869 255 255 224 1 4000
5.184645 -1.351379 -0.490986 255 254 218 1 4000
5.185885 -1.389119 -0.491103 255 231 197 1 4000
5.187126 -1.426878 -0.491221 255 255 230 1 4000
5.188367 -1.464655 -0.491338 255 255 232 1 4000
5.189609 -1.502450 -0.491456 255 249 210 1 4000
5.190851 -1.540262 -0.491574 255 255 218 1 4000
5.192094 -1.578094 -0.491691 255 251 213 1 4000
5.193338 -1.615943 -0.491809 255 243 204 1 4000
5.194582 -1.653810 -0.491927 255 244 207 1 4000
5.195827 -1.691695 -0.492045 255 253 219 1 4000
5.197072 -1.729599 -0.492163 255 252 219 1 4000
5.198318 -1.767521 -0.492281 255 250 215 1 4000
5.199565 -1.805461 -0.492399 255 251 218 1 4000
5.200812 -1.843419 -0.492517 255 255 229 1 4000
5.202060 -1.881395 -0.492635 255 249 215 1 4000
5.203308 -1.919389 -0.492753 255 243 210 1 4000
5.204557 -1.957402 -0.492872 240 213 179 1 4000
5.205807 -1.995434 -0.492990 255 237 202 1 4000
5.207057 -2.033483 -0.493108 255 235 200 1 4000
5.208308 -2.071550 -0.493227 252 231 201 1 4000
5.209558 -2.109636 -0.493345 244 221 192 1 4000
5.210811 -2.147741 -0.493464 245 220 189 1 4000
5.212064 -2.185863 -0.493582 243 219 190 1 4000
5.213316 -2.224004 -0.493701 238 218 188 1 4000
5.214570 -2.262163 -0.493820 248 225 190 1 4000
5.215825 -2.300340 -0.493939 255 245 212 1 4000
5.217080 -2.338537 -0.494057 255 239 212 1 4000
5.218335 -2.376751 -0.494176 241 225 199 1 4000
5.219591 -2.414984 -0.494295 235 217 190 1 4000
5.220848 -2.453234 -0.494414 229 208 178 1 4000
5.222105 -2.491504 -0.494533 233 214 185 1 4000
5.223364 -2.529792 -0.494652 223 201 173 1 4000
5.224623 -2.568099 -0.494772 235 213 182 1 4000
5.225882 -2.606424 -0.494891 229 208 179 1 4000
5.227141 -2.644767 -0.495010 247 227 197 1 4000
5.228402 -2.683129 -0.495130 236 215 186 1 4000
5.229663 -2.721509 -0.495249 245 221 189 1 4000
5.230925 -2.759908 -0.495369 240 217 186 1 4000
5.232187 -2.798326 -0.495488 222 198 167 1 4000
5.233449 -2.836761 -0.495608 248 224 191 1 4000
5.234713 -2.875216 -0.495727 250 223 189 1 4000
5.235978 -2.913689 -0.495847 255 231 198 1 4000
5.237242 -2.952181 -0.495967 255 239 206 1 4000
5.238507 -2.990691 -0.496087 255 233 199 1 4000
4.244573 2.446218 -0.432586 194 195 193 10 1031
4.250863 2.419172 -0.433227 194 194 192 10 1031
4.259370 2.393281 -0.434094 206 207 205 10 1031
4.285372 2.376971 -0.436744 209 210 208 10 1031
4.987883 2.730645 -0.508341 233 207 178 1 4000
4.989030 2.695276 -0.508458 246 222 192 1 4000
4.990178 2.659891 -0.508575 255 242 212 1 4000
4.991327 2.624490 -0.508692 247 227 200 1 4000
4.992476 2.589072 -0.508809 219 200 172 1 4000
4.993626 2.553638 -0.508926 215 194 165 1 4000
4.994777 2.518188 -0.509043 189 168 143 1 4000
4.995927 2.482722 -0.509161 218 196 168 1 4000
4.997079 2.447239 -0.509278 220 199 170 1 4000
4.473203 2.158404 -0.455887 9 9 9 6 1032
4.999383 2.376224 -0.509513 215 196 170 1 4000
5.000536 2.340692 -0.509630 208 187 158 1 4000
5.001689 2.305143 -0.509748 195 175 147 1 4000
5.002844 2.269579 -0.509866 198 178 151 1 4000
5.003999 2.233998 -0.509983 194 174 148 1 4000
5.005154 2.198400 -0.510101 212 190 163 1 4000
5.006309 2.162786 -0.510219 106 94 81 1 4000
4.958959 2.106550 -0.505393 19 19 19 6 1032
5.008622 2.091508 -0.510454 171 155 136 1 4000
5.009779 2.055845 -0.510572 225 201 171 1 4000
5.010937 2.020165 -0.510690 218 190 156 1 4000
5.012095 1.984468 -0.510808 219 190 157 1 4000
5.013254 1.948755 -0.510926 222 201 170 1 4000
4.463483 1.702843 -0.454896 24 24 24 6 1032
4.489598 1.680412 -0.457558 56 56 56 6 1032
5.016734 1.841517 -0.511281 218 197 166 1 4000
4.969301 1.788251 -0.506447 123 107 89 6 1032
4.970438 1.752798 -0.506563 76 75 75 6 1032
4.982428 1.721076 -0.507785 52 52 52 6 1032
5.021381 1.698302 -0.511755 207 183 156 1 4000
5.022544 1.662456 -0.511873 215 195 167 1 4000
5.023708 1.626594 -0.511992 228 204 173 1 4000
5.024872 1.590715 -0.512111 228 202 171 1 4000
5.026037 1.554820 -0.512229 224 199 168 1 4000
5.027203 1.518908 -0.512348 228 201 172 1 4000
5.028368 1.482980 -0.512467 238 215 186 1 4000
5.029534 1.447034 -0.512586 229 203 172 1 4000
5.030701 1.411072 -0.512705 201 177 148 1 4000
5.031869 1.375094 -0.512824 230 210 181 1 4000
5.033037 1.339098 -0.512943 234 217 191 1 4000
5.034205 1.303086 -0.513062 231 216 192 1 4000
5.035374 1.267057 -0.513181 229 211 185 1 4000
5.036544 1.231012 -0.513300 230 214 187 1 4000
5.037714 1.194950 -0.513419 225 205 175 1 4000
5.038885 1.158871 -0.513539 221 199 169 1 4000
5.040056 1.122775 -0.513658 198 175 146 1 4000
5.041228 1.086662 -0.513777 217 190 160 1 4000
5.042400 1.050533 -0.513897 220 195 166 1 4000
5.043574 1.014387 -0.514017 229 208 180 1 4000
5.044747 0.978224 -0.514136 239 221 194 1 4000
5.045921 0.942044 -0.514256 255 245 217 1 4000
5.047095 0.905847 -0.514375 255 245 215 1 4000
5.048271 0.869634 -0.514495 255 243 210 1 4000
5.049447 0.833403 -0.514615 247 223 191 1 4000
5.050622 0.797156 -0.514735 255 240 209 1 4000
5.051798 0.760892 -0.514855 255 244 216 1 4000
5.052976 0.724611 -0.514975 255 247 218 1 4000
5.054154 0.688313 -0.515095 255 248 219 1 4000
5.055333 0.651998 -0.515216 255 245 214 1 4000
5.056511 0.615666 -0.515336 254 229 194 1 4000
5.057691 0.579317 -0.515456 249 226 193 1 4000
5.058871 0.542951 -0.515576 254 224 188 1 4000
5.060052 0.506569 -0.515697 255 230 195 1 4000
5.061234 0.470169 -0.515817 255 231 198 1 4000
5.062415 0.433752 -0.515937 255 239 208 1 4000
5.063596 0.397318 -0.516058 255 240 208 1 4000
5.064779 0.360868 -0.516178 255 239 205 1 4000
5.065963 0.324400 -0.516299 255 230 192 1 4000
5.067147 0.287915 -0.516420 241 216 186 1 4000
5.068331 0.251413 -0.516540 255 255 228 1 4000
5.069516 0.214894 -0.516661 255 246 214 1 4000
5.070702 0.178358 -0.516782 255 237 203 1 4000
5.071888 0.141805 -0.516903 255 231 195 1 4000
5.073075 0.105235 -0.517024 227 201 168 1 4000
5.074262 0.068648 -0.517145 224 196 165 1 4000
5.075449 0.032043 -0.517266 224 198 167 1 4000
5.076638 -0.004579 -0.517387 223 204 178 1 4000
5.077827 -0.041217 -0.517508 235 214 187 1 4000
5.079016 -0.077873 -0.517629 235 210 178 1 4000
5.080206 -0.114546 -0.517751 241 219 191 1 4000
5.081396 -0.151237 -0.517872 240 218 190 1 4000
5.082588 -0.187944 -0.517993 242 217 188 1 4000
5.083780 -0.224669 -0.518115 235 212 182 1 4000
5.084971 -0.261411 -0.518236 223 200 171 1 4000
5.086165 -0.298170 -0.518358 230 208 177 1 4000
5.087358 -0.334946 -0.518479 233 212 181 1 4000
5.088552 -0.371740 -0.518601 235 217 188 1 4000
5.089746 -0.408551 -0.518723 234 214 184 1 4000
5.090941 -0.445379 -0.518845 237 217 188 1 4000
5.092136 -0.482225 -0.518966 234 213 182 1 4000
5.093333 -0.519088 -0.519088 231 208 178 1 4000
5.094530 -0.555968 -0.519210 207 186 157 1 4000
5.095727 -0.592865 -0.519332 232 209 179 1 4000
5.096925 -0.629780 -0.519454 240 215 185 1 4000
5.098123 -0.666712 -0.519576 246 228 201 1 4000
5.099322 -0.703662 -0.519699 249 232 205 1 4000
5.100522 -0.740629 -0.519821 248 232 206 1 4000
5.101722 -0.777614 -0.519943 241 225 197 1 4000
5.102923 -0.814615 -0.520066 241 226 199 1 4000
5.104124 -0.851634 -0.520188 236 214 186 1 4000
5.105326 -0.888671 -0.520310 240 219 190 1 4000
5.106528 -0.925725 -0.520433 242 221 192 1 4000
5.107731 -0.962797 -0.520556 246 227 201 1 4000
5.108934 -0.999886 -0.520678 243 222 192 1 4000
5.110138 -1.036992 -0.520801 240 219 191 1 4000
5.111343 -1.074116 -0.520924 255 241 210 1 4000
5.112548 -1.111258 -0.521047 243 221 189 1 4000
5.113754 -1.148417 -0.521169 255 253 216 1 4000
5.114961 -1.185593 -0.521292 255 255 219 1 4000
5.116167 -1.222787 -0.521415 255 255 229 1 4000
5.117375 -1.259999 -0.521538 255 255 223 1 4000
5.118583 -1.297228 -0.521662 255 255 232 1 4000
5.119792 -1.334475 -0.521785 255 255 225 1 4000
5.121001 -1.371739 -0.521908 255 255 222 1 4000
5.122210 -1.409021 -0.522031 255 255 229 1 4000
5.123421 -1.446321 -0.522155 255 255 237 1 4000
5.124632 -1.483638 -0.522278 255 255 230 1 4000
5.125843 -1.520973 -0.522402 255 255 237 1 4000
5.127056 -1.558326 -0.522525 255 255 229 1 4000
5.128267 -1.595696 -0.522649 255 255 225 1 4000
5.129481 -1.633084 -0.522772 255 252 217 1 4000
5.130695 -1.670489 -0.522896 248 220 187 1 4000
5.131909 -1.707912 -0.523020 255 251 216 1 4000
5.133124 -1.745354 -0.523144 255 254 218 1 4000
5.134339 -1.782812 -0.523267 255 255 231 1 4000
5.135556 -1.820289 -0.523391 255 255 227 1 4000
5.136773 -1.857783 -0.523515 255 255 225 1 4000
5.137990 -1.895295 -0.523639 255 248 213 1 4000
5.139207 -1.932825 -0.523763 255 242 205 1 4000
5.140426 -1.970372 -0.523888 255 237 203 1 4000
5.141645 -2.007938 -0.524012 255 254 220 1 4000
5.142865 -2.045521 -0.524136 255 255 229 1 4000
5.144084 -2.083122 -0.524261 255 253 221 1 4000
5.145305 -2.120741 -0.524385 255 234 200 1 4000
5.146526 -2.158378 -0.524509 252 228 194 1 4000
5.147748 -2.196032 -0.524634 244 216 181 1 4000
5.148971 -2.233705 -0.524759 222 197 165 1 4000
5.150194 -2.271395 -0.524883 255 230 196 1 4000
5.151417 -2.309103 -0.525008 255 250 216 1 4000
5.152641 -2.346830 -0.525133 255 255 239 1 4000
5.153866 -2.384574 -0.525257 255 250 222 1 4000
5.155092 -2.422336 -0.525382 255 245 217 1 4000
5.156318 -2.460116 -0.525507 255 238 210 1 4000
5.157544 -2.497914 -0.525632 250 226 194 1 4000
5.158771 -2.535730 -0.525757 252 225 193 1 4000
5.159999 -2.573565 -0.525882 255 230 197 1 4000
5.161227 -2.611416 -0.526008 255 239 207 1 4000
5.162456 -2.649287 -0.526133 255 242 210 1 4000
5.163685 -2.687174 -0.526258 255 248 211 1 4000
5.164915 -2.725080 -0.526383 255 237 198 1 4000
5.166146 -2.763005 -0.526509 255 237 201 1 4000
5.167377 -2.800948 -0.526634 242 211 177 1 4000
5.168609 -2.838908 -0.526760 255 235 198 1 4000
5.169841 -2.876886 -0.526885 255 251 215 1 4000
5.171074 -2.914883 -0.527011 255 255 226 1 4000
5.172308 -2.952898 -0.527137 255 252 219 1 4000
4.205903 2.423932 -0.458992 183 183 182 10 1031
4.213480 2.397897 -0.459819 179 179 178 10 1031
4.227315 2.375270 -0.461329 168 168 167 10 1031
4.249087 2.356845 -0.463704 178 178 177 10 1031
4.927829 2.697768 -0.537776 233 204 168 1 4000
4.928950 2.662818 -0.537898 240 212 177 1 4000
4.930071 2.627852 -0.538020 227 201 169 1 4000
4.931191 2.592870 -0.538143 198 173 144 1 4000
4.932313 2.557872 -0.538265 201 178 150 1 4000
4.933436 2.522858 -0.538388 180 159 134 1 4000
4.934559 2.487828 -0.538510 198 177 149 1 4000
4.935682 2.452783 -0.538633 200 180 153 1 4000
4.936805 2.417721 -0.538755 205 190 168 1 4000
4.484126 2.163675 -0.489354 23 23 22 6 1032
4.939055 2.347550 -0.539001 201 177 149 1 4000
4.940180 2.312440 -0.539124 215 192 163 1 4000
4.941306 2.277314 -0.539247 224 200 170 1 4000
4.942431 2.242172 -0.539369 200 177 149 1 4000
4.943559 2.207015 -0.539492 204 179 150 1 4000
4.944686 2.171841 -0.539615 218 187 154 1 4000
4.945815 2.136652 -0.539739 162 138 113 1 4000
4.946943 2.101445 -0.539862 163 141 117 1 4000
4.900137 2.046207 -0.534754 40 40 39 6 1032
4.901252 2.011309 -0.534875 114 101 87 6 1032
4.950331 1.995732 -0.540231 194 169 143 1 4000
4.951462 1.960461 -0.540355 173 155 132 1 4000
4.952592 1.925175 -0.540478 197 178 152 1 4000
4.487723 1.712091 -0.489747 110 98 83 6 1032
4.501534 1.684880 -0.491254 51 51 50 6 1032
4.907965 1.801591 -0.535608 72 72 71 6 1032
4.936664 1.776506 -0.538740 134 117 98 6 1032
4.958255 1.748501 -0.541096 245 217 184 1 4000
4.959389 1.713118 -0.541220 229 203 172 1 4000
4.960524 1.677719 -0.541344 196 176 150 1 4000
4.961659 1.642303 -0.541468 162 145 122 1 4000
4.962794 1.606871 -0.541592 200 177 149 1 4000
4.963931 1.571423 -0.541716 203 182 155 1 4000
4.965067 1.535959 -0.541840 204 184 157 1 4000
4.966205 1.500479 -0.541964 197 175 148 1 4000
4.967342 1.464982 -0.542088 197 173 144 1 4000
4.968481 1.429469 -0.542212 194 168 140 1 4000
4.969620 1.393939 -0.542336 187 167 141 1 4000
4.970758 1.358394 -0.542461 212 193 166 1 4000
4.971898 1.322832 -0.542585 210 191 164 1 4000
4.973039 1.287254 -0.542710 216 200 176 1 4000
4.974180 1.251659 -0.542834 221 207 184 1 4000
4.975320 1.216048 -0.542959 219 204 182 1 4000
4.976462 1.180421 -0.543083 222 207 184 1 4000
4.977605 1.144777 -0.543208 232 215 191 1 4000
4.978748 1.109117 -0.543333 227 201 170 1 4000
4.979892 1.073441 -0.543457 240 215 183 1 4000
4.981035 1.037748 -0.543582 245 220 191 1 4000
4.982180 1.002039 -0.543707 248 226 196 1 4000
4.983325 0.966314 -0.543832 255 241 212 1 4000
4.984471 0.930572 -0.543957 255 236 204 1 4000
4.985617 0.894813 -0.544082 255 231 196 1 4000
4.986763 0.859038 -0.544207 253 226 188 1 4000
4.987911 0.823247 -0.544333 255 232 200 1 4000
4.989058 0.787439 -0.544458 255 232 198 1 4000
4.990207 0.751615 -0.544583 255 236 204 1 4000
4.991355 0.715774 -0.544709 255 235 205 1 4000
4.992505 0.679917 -0.544834 255 232 200 1 4000
4.993654 0.644043 -0.544960 253 226 191 1 4000
4.994805 0.608153 -0.545086 250 224 190 1 4000
4.995956 0.572246 -0.545211 241 218 187 1 4000
4.997107 0.536322 -0.545337 255 229 196 1 4000
4.998259 0.500382 -0.545462 255 228 196 1 4000
4.999412 0.464426 -0.545588 255 228 195 1 4000
5.000565 0.428453 -0.545714 255 231 198 1 4000
5.001719 0.392463 -0.545840 255 235 202 1 4000
5.002872 0.356457 -0.545966 255 225 190 1 4000
5.004026 0.320434 -0.546092 255 224 187 1 4000
5.005182 0.284394 -0.546218 221 198 166 1 4000
5.006338 0.248338 -0.546344 255 237 202 1 4000
5.007494 0.212265 -0.546470 255 232 192 1 4000
5.008650 0.176176 -0.546596 255 235 197 1 4000
5.009808 0.140069 -0.546723 255 232 194 1 4000
5.010965 0.103947 -0.546849 254 222 184 1 4000
5.012124 0.067807 -0.546976 244 215 180 1 4000
5.013283 0.031651 -0.547102 230 205 175 1 4000
5.014442 -0.004522 -0.547229 218 197 169 1 4000
5.015602 -0.040712 -0.547355 233 211 180 1 4000
5.016762 -0.076919 -0.547482 233 208 175 1 4000
5.017924 -0.113142 -0.547608 231 205 175 1 4000
5.019085 -0.149382 -0.547735 231 203 173 1 4000
5.020247 -0.185639 -0.547862 238 213 183 1 4000
5.021410 -0.221913 -0.547989 237 211 179 1 4000
5.022573 -0.258203 -0.548116 231 208 178 1 4000
5.023737 -0.294510 -0.548243 227 205 175 1 4000
5.024901 -0.330834 -0.548370 244 227 201 1 4000
5.026065 -0.367175 -0.548497 241 226 201 1 4000
5.027231 -0.403533 -0.548624 235 219 193 1 4000
5.028397 -0.439908 -0.548751 236 218 191 1 4000
5.029563 -0.476299 -0.548879 233 214 184 1 4000
5.030730 -0.512708 -0.549006 228 205 173 1 4000
5.031897 -0.549133 -0.549133 208 183 153 1 4000
5.033066 -0.585575 -0.549261 226 198 167 1 4000
5.034234 -0.622034 -0.549388 226 200 171 1 4000
5.035403 -0.658510 -0.549516 230 208 180 1 4000
5.036572 -0.695003 -0.549644 238 219 191 1 4000
5.037743 -0.731513 -0.549771 247 229 203 1 4000
5.038913 -0.768040 -0.549899 246 227 200 1 4000
5.040085 -0.804584 -0.550027 242 220 188 1 4000
5.041257 -0.841145 -0.550155 214 192 163 1 4000
5.042429 -0.877723 -0.550283 241 220 190 1 4000
5.043602 -0.914318 -0.550411 244 224 197 1 4000
5.044775 -0.950930 -0.550539 246 226 200 1 4000
5.045950 -0.987559 -0.550667 252 231 204 1 4000
5.047125 -1.024205 -0.550795 255 236 206 1 4000
5.048300 -1.060868 -0.550923 255 246 212 1 4000
5.049475 -1.097548 -0.551052 255 252 215 1 4000
5.050651 -1.134245 -0.551180 255 239 200 1 4000
5.051828 -1.170960 -0.551308 255 252 215 1 4000
5.053006 -1.207691 -0.551437 255 249 215 1 4000
5.054183 -1.244440 -0.551565 255 255 223 1 4000
5.055361 -1.281206 -0.551694 255 255 226 1 4000
5.056540 -1.317989 -0.551823 255 251 211 1 4000
5.057720 -1.354789 -0.551951 255 245 204 1 4000
5.058900 -1.391606 -0.552080 254 228 196 1 4000
5.060081 -1.428440 -0.552209 255 255 243 1 4000
5.061262 -1.465292 -0.552338 255 255 225 1 4000
5.062444 -1.502161 -0.552467 255 255 223 1 4000
5.063626 -1.539047 -0.552596 255 250 210 1 4000
5.064809 -1.575950 -0.552725 255 244 204 1 4000
5.065992 -1.612871 -0.552854 255 236 197 1 4000
5.067176 -1.649808 -0.552983 255 241 204 1 4000
5.068360 -1.686763 -0.553113 255 241 211 1 4000
5.069545 -1.723736 -0.553242 255 255 220 1 4000
5.070731 -1.760725 -0.553371 255 251 213 1 4000
5.071917 -1.797732 -0.553501 255 255 224 1 4000
5.073103 -1.834756 -0.553630 255 255 230 1 4000
5.074291 -1.871798 -0.553760 255 255 225 1 4000
5.075479 -1.908857 -0.553889 255 254 218 1 4000
5.076667 -1.945933 -0.554019 253 224 189 1 4000
5.077856 -1.983027 -0.554149 255 245 208 1 4000
5.079045 -2.020138 -0.554278 255 252 217 1 4000
5.080236 -2.057266 -0.554408 255 255 223 1 4000
5.081427 -2.094412 -0.554538 255 255 220 1 4000
5.082617 -2.131575 -0.554668 255 240 209 1 4000
5.083808 -2.168756 -0.554798 255 236 203 1 4000
5.085001 -2.205954 -0.554928 249 224 189 1 4000
5.086194 -2.243169 -0.555059 230 205 174 1 4000
5.087388 -2.280403 -0.555189 252 225 193 1 4000
5.088581 -2.317653 -0.555319 255 231 198 1 4000
5.089776 -2.354921 -0.555450 255 255 229 1 4000
5.090971 -2.392206 -0.555580 255 255 238 1 4000
5.092166 -2.429509 -0.555710 255 250 222 1 4000
5.093363 -2.466830 -0.555841 255 246 217 1 4000
5.094559 -2.504168 -0.555972 239 221 193 1 4000
5.095757 -2.541523 -0.556102 255 235 204 1 4000
5.096954 -2.578897 -0.556233 255 237 208 1 4000
5.098153 -2.616287 -0.556364 255 241 211 1 4000
5.099353 -2.653696 -0.556495 255 244 215 1 4000
5.100552 -2.691121 -0.556625 255 236 205 1 4000
5.101751 -2.728565 -0.556756 255 250 215 1 4000
5.102952 -2.766026 -0.556887 255 251 219 1 4000
5.104154 -2.803505 -0.557019 255 230 197 1 4000
5.105355 -2.841002 -0.557150 255 245 209 1 4000
5.106557 -2.878515 -0.557281 255 242 207 1 4000
5.107760 -2.916047 -0.557412 255 253 221 1 4000
4.187578 2.413371 -0.487206 127 127 126 10 1031
4.155752 2.365045 -0.483503 98 98 97 10 1031
4.150905 2.332336 -0.482939 157 157 155 10 1031
4.146069 2.299704 -0.482377 183 184 182 10 1031
4.149522 2.271680 -0.482779 202 202 201 10 1031
4.870299 2.631133 -0.566638 188 178 164 1 4000
4.871394 2.596576 -0.566765 205 185 162 1 4000
4.872488 2.562004 -0.566893 201 182 157 1 4000
4.873583 2.527415 -0.567020 168 148 126 1 4000
4.874679 2.492811 -0.567147 193 169 140 1 4000
4.875775 2.458192 -0.567275 198 175 147 1 4000
4.876872 2.423557 -0.567403 201 180 154 1 4000
4.877969 2.388907 -0.567530 200 183 157 1 4000
4.509955 2.176137 -0.524713 10 9 9 6 1032
4.880165 2.319559 -0.567786 205 187 163 1 4000
4.881263 2.284862 -0.567914 205 185 162 1 4000
4.882362 2.250149 -0.568041 170 149 125 1 4000
4.883462 2.215420 -0.568169 184 161 136 1 4000
4.884562 2.180676 -0.568297 197 172 144 1 4000
4.885663 2.145916 -0.568425 210 183 153 1 4000
4.886764 2.111141 -0.568554 153 133 112 1 4000
4.887866 2.076350 -0.568682 177 156 132 1 4000
4.888968 2.041543 -0.568810 225 200 170 1 4000
4.842686 1.987275 -0.563425 31 31 31 6 1032
4.843794 1.952781 -0.563554 44 44 43 6 1032
4.844885 1.918264 -0.563681 52 52 52 6 1032
4.845963 1.883726 -0.563806 57 57 56 6 1032
4.863144 1.855316 -0.565805 41 41 40 6 1032
4.513533 1.689371 -0.525130 42 42 42 6 1032
4.896697 1.797454 -0.569709 217 194 164 1 4000
4.897802 1.762522 -0.569838 227 202 170 1 4000
4.898910 1.727573 -0.569967 210 184 153 1 4000
4.900016 1.692609 -0.570095 206 180 149 1 4000
4.901124 1.657629 -0.570224 252 227 196 1 4000
4.902232 1.622633 -0.570353 247 223 191 1 4000
4.903341 1.587621 -0.570482 189 171 147 1 4000
4.904450 1.552594 -0.570611 229 208 178 1 4000
4.905559 1.517550 -0.570740 230 204 174 1 4000
4.906670 1.482491 -0.570869 223 197 166 1 4000
4.907780 1.447415 -0.570999 220 193 163 1 4000
4.908891 1.412324 -0.571128 198 174 145 1 4000
4.910003 1.377217 -0.571257 220 194 163 1 4000
4.911115 1.342094 -0.571387 225 199 168 1 4000
4.912227 1.306955 -0.571516 230 208 178 1 4000
4.913341 1.271801 -0.571646 228 206 179 1 4000
4.914454 1.236630 -0.571775 231 207 177 1 4000
4.915568 1.201444 -0.571905 244 221 191 1 4000
4.916683 1.166241 -0.572034 255 233 202 1 4000
4.917798 1.131022 -0.572164 235 208 177 1 4000
4.918914 1.095788 -0.572294 251 226 193 1 4000
4.920030 1.060537 -0.572424 255 233 200 1 4000
4.921147 1.025271 -0.572554 248 218 182 1 4000
4.922264 0.989988 -0.572684 255 225 188 1 4000
4.923381 0.954690 -0.572814 255 230 195 1 4000
4.924500 0.919375 -0.572944 255 225 189 1 4000
4.925619 0.884045 -0.573074 255 227 193 1 4000
4.926738 0.848698 -0.573204 221 195 164 1 4000
4.927857 0.813335 -0.573335 253 226 191 1 4000
4.928977 0.777956 -0.573465 255 229 194 1 4000
4.930098 0.742561 -0.573596 255 241 211 1 4000
4.931220 0.707151 -0.573726 255 235 205 1 4000
4.932341 0.671723 -0.573857 255 231 194 1 4000
4.933464 0.636280 -0.573987 255 236 203 1 4000
4.934586 0.600821 -0.574118 255 233 199 1 4000
4.935709 0.565345 -0.574249 224 198 167 1 4000
4.936833 0.529853 -0.574379 255 226 190 1 4000
4.937958 0.494346 -0.574510 255 219 181 1 4000
4.939082 0.458822 -0.574641 255 218 180 1 4000
4.940207 0.423281 -0.574772 255 226 190 1 4000
4.941333 0.387725 -0.574903 254 219 183 1 4000
4.942460 0.352152 -0.575034 255 223 186 1 4000
4.943587 0.316564 -0.575165 255 226 191 1 4000
4.944715 0.280959 -0.575296 232 209 178 1 4000
4.945842 0.245337 -0.575428 255 239 207 1 4000
4.946970 0.209700 -0.575559 255 236 203 1 4000
4.948100 0.174046 -0.575690 255 240 207 1 4000
4.949229 0.138376 -0.575822 255 239 204 1 4000
4.950358 0.102689 -0.575953 255 226 192 1 4000
4.951489 0.066987 -0.576085 255 228 194 1 4000
4.952620 0.031268 -0.576216 255 230 195 1 4000
4.953752 -0.004468 -0.576348 223 200 171 1 4000
4.954884 -0.040219 -0.576479 225 202 173 1 4000
4.956016 -0.075987 -0.576611 223 200 169 1 4000
4.957150 -0.111772 -0.576743 224 202 173 1 4000
4.958283 -0.147572 -0.576875 224 202 173 1 4000
4.959417 -0.183390 -0.577007 219 193 162 1 4000
4.960552 -0.219223 -0.577139 208 180 147 1 4000
4.961687 -0.255073 -0.577271 200 174 143 1 4000
4.962822 -0.290939 -0.577403 204 181 152 1 4000
4.963959 -0.326822 -0.577535 211 189 159 1 4000
4.965096 -0.362721 -0.577668 211 190 163 1 4000
4.966232 -0.398637 -0.577800 215 196 171 1 4000
4.967370 -0.434569 -0.577932 213 195 170 1 4000
4.968508 -0.470517 -0.578065 210 192 167 1 4000
4.969647 -0.506482 -0.578197 213 194 169 1 4000
4.970787 -0.542464 -0.578330 199 178 152 1 4000
4.971927 -0.578462 -0.578462 204 180 151 1 4000
4.973066 -0.614476 -0.578595 206 183 154 1 4000
4.974207 -0.650507 -0.578728 203 183 156 1 4000
4.975349 -0.686555 -0.578861 219 198 171 1 4000
4.976491 -0.722619 -0.578993 219 197 169 1 4000
4.977633 -0.758700 -0.579126 222 201 171 1 4000
4.978776 -0.794797 -0.579259 227 202 170 1 4000
4.979920 -0.830911 -0.579392 195 172 142 1 4000
4.981064 -0.867041 -0.579525 229 206 176 1 4000
4.982209 -0.903188 -0.579659 229 205 173 1 4000
4.983354 -0.939352 -0.579792 235 213 184 1 4000
4.984499 -0.975532 -0.579925 250 229 200 1 4000
4.985645 -1.011729 -0.580058 250 223 191 1 4000
4.986792 -1.047943 -0.580192 250 224 189 1 4000
4.987939 -1.084173 -0.580325 255 239 205 1 4000
4.989087 -1.120420 -0.580459 250 224 190 1 4000
4.990235 -1.156683 -0.580592 255 244 208 1 4000
4.991384 -1.192963 -0.580726 255 244 208 1 4000
4.992533 -1.229260 -0.580860 255 241 205 1 4000
4.993683 -1.265574 -0.580994 255 251 214 1 4000
4.994833 -1.301905 -0.581127 255 247 207 1 4000
4.995984 -1.338252 -0.581261 255 245 209 1 4000
4.997135 -1.374615 -0.581395 255 248 211 1 4000
4.998287 -1.410996 -0.581529 255 248 208 1 4000
4.999440 -1.447394 -0.581663 255 250 209 1 4000
5.000592 -1.483808 -0.581797 255 250 208 1 4000
5.001746 -1.520239 -0.581932 255 246 206 1 4000
5.002901 -1.556687 -0.582066 255 244 202 1 4000
5.004056 -1.593152 -0.582200 255 232 192 1 4000
5.005210 -1.629633 -0.582335 255 245 206 1 4000
5.006366 -1.666131 -0.582469 249 224 190 1 4000
5.007522 -1.702647 -0.582604 255 254 218 1 4000
5.008679 -1.739179 -0.582738 255 249 211 1 4000
5.009836 -1.775728 -0.582873 255 247 210 1 4000
5.010994 -1.812294 -0.583008 255 247 212 1 4000
5.012152 -1.848876 -0.583142 255 252 215 1 4000
5.013311 -1.885476 -0.583277 255 255 218 1 4000
5.014471 -1.922093 -0.583412 255 250 213 1 4000
5.015631 -1.958726 -0.583547 248 221 186 1 4000
5.016791 -1.995377 -0.583682 255 255 233 1 4000
5.017951 -2.032044 -0.583817 255 255 237 1 4000
5.019114 -2.068728 -0.583952 255 255 232 1 4000
5.020276 -2.105430 -0.584087 255 255 228 1 4000
5.021439 -2.142149 -0.584223 255 249 218 1 4000
5.022602 -2.178884 -0.584358 251 227 195 1 4000
5.023765 -2.215636 -0.584493 244 218 184 1 4000
5.024930 -2.252406 -0.584629 249 220 184 1 4000
5.026094 -2.289192 -0.584764 246 217 185 1 4000
5.027260 -2.325996 -0.584900 246 221 190 1 4000
5.028425 -2.362817 -0.585036 254 234 204 1 4000
5.029592 -2.399654 -0.585171 255 255 226 1 4000
5.030759 -2.436509 -0.585307 255 255 226 1 4000
5.031927 -2.473381 -0.585443 255 235 200 1 4000
5.033094 -2.510270 -0.585579 230 207 175 1 4000
5.034263 -2.547177 -0.585715 255 233 200 1 4000
5.035432 -2.584100 -0.585851 255 238 208 1 4000
5.036602 -2.621040 -0.585987 255 239 210 1 4000
5.037772 -2.657998 -0.586123 255 238 211 1 4000
5.038942 -2.694973 -0.586259 255 236 205 1 4000
5.040114 -2.731965 -0.586396 254 230 199 1 4000
5.041286 -2.768974 -0.586532 255 240 207 1 4000
5.042458 -2.806001 -0.586668 250 222 186 1 4000
5.043631 -2.843044 -0.586805 255 239 204 1 4000
5.044805 -2.880105 -0.586941 255 238 205 1 4000
4.088238 2.356119 -0.505146 181 181 179 10 1031
4.085796 2.325232 -0.504844 189 189 187 10 1031
4.088565 2.297309 -0.505187 190 190 188 10 1031
4.089628 2.268398 -0.505318 191 191 190 10 1031
4.090675 2.239464 -0.505447 194 194 192 10 1031
4.099621 2.214781 -0.506553 206 207 205 10 1031
4.147343 2.210639 -0.512449 150 136 118 10 1031
4.815166 2.531862 -0.594966 188 169 146 1 4000
4.816235 2.497675 -0.595098 192 165 135 1 4000
4.817306 2.463472 -0.595230 192 167 140 1 4000
4.818376 2.429253 -0.595362 196 178 153 1 4000
4.819447 2.395020 -0.595495 201 186 163 1 4000
4.820518 2.360771 -0.595627 201 185 163 1 4000
4.546709 2.193872 -0.561795 108 100 86 6 1032
4.822663 2.292228 -0.595892 178 158 132 1 4000
4.823736 2.257934 -0.596025 169 148 122 1 4000
4.824809 2.223624 -0.596157 190 169 144 1 4000
4.825883 2.189299 -0.596290 210 186 158 1 4000
4.826957 2.154959 -0.596423 229 205 174 1 4000
4.828032 2.120604 -0.596556 236 211 181 1 4000
4.829107 2.086232 -0.596689 194 171 146 1 4000
4.830183 2.051846 -0.596821 176 156 133 1 4000
4.831260 2.017445 -0.596954 152 137 116 1 4000
4.785515 1.963814 -0.591302 25 25 25 6 1032
4.786589 1.929719 -0.591435 32 32 32 6 1032
4.787643 1.895600 -0.591565 55 55 54 6 1032
4.835569 1.879686 -0.597487 176 158 136 1 4000
4.836648 1.845207 -0.597620 175 157 135 1 4000
4.525596 1.693886 -0.559186 27 27 27 6 1032
4.838806 1.776204 -0.597887 225 201 170 1 4000
4.839887 1.741680 -0.598020 209 185 156 1 4000
4.840967 1.707140 -0.598154 232 205 173 1 4000
4.842048 1.672585 -0.598288 225 206 180 1 4000
4.843130 1.638015 -0.598421 236 215 188 1 4000
4.844212 1.603428 -0.598555 237 215 185 1 4000
4.845294 1.568827 -0.598689 217 196 170 1 4000
4.846377 1.534209 -0.598822 218 198 172 1 4000
4.847461 1.499577 -0.598956 229 206 177 1 4000
4.848545 1.464929 -0.599090 228 202 174 1 4000
4.849629 1.430265 -0.599224 229 207 177 1 4000
4.850714 1.395586 -0.599358 206 182 152 1 4000
4.851799 1.360892 -0.599492 223 196 164 1 4000
4.852885 1.326182 -0.599627 228 203 172 1 4000
4.853972 1.291456 -0.599761 231 213 187 1 4000
4.855059 1.256715 -0.599895 244 224 194 1 4000
4.856146 1.221958 -0.600029 255 240 211 1 4000
4.857234 1.187186 -0.600164 255 235 202 1 4000
4.858323 1.152398 -0.600298 255 231 193 1 4000
4.859412 1.117594 -0.600433 231 210 182 1 4000
4.860500 1.082775 -0.600567 255 238 208 1 4000
4.861590 1.047940 -0.600702 255 235 203 1 4000
4.862680 1.013090 -0.600837 255 231 198 1 4000
4.863771 0.978224 -0.600972 255 237 206 1 4000
4.864863 0.943343 -0.601107 255 242 212 1 4000
4.865954 0.908445 -0.601241 255 238 207 1 4000
4.867046 0.873532 -0.601376 255 239 209 1 4000
4.868139 0.838604 -0.601511 232 203 170 1 4000
4.869233 0.803659 -0.601646 252 220 184 1 4000
4.870327 0.768699 -0.601782 255 229 193 1 4000
4.871420 0.733724 -0.601917 255 237 204 1 4000
4.872515 0.698732 -0.602053 255 237 204 1 4000
4.873610 0.663725 -0.602188 255 241 210 1 4000
4.874706 0.628702 -0.602323 255 243 212 1 4000
4.875802 0.593663 -0.602459 255 237 204 1 4000
4.876899 0.558609 -0.602594 233 203 169 1 4000
4.877995 0.523539 -0.602730 255 224 189 1 4000
4.879094 0.488453 -0.602865 255 226 189 1 4000
4.880192 0.453351 -0.603001 255 228 192 1 4000
4.881290 0.418233 -0.603137 255 236 200 1 4000
4.882390 0.383100 -0.603273 255 236 202 1 4000
4.883489 0.347951 -0.603409 255 235 201 1 4000
4.884589 0.312786 -0.603545 255 243 212 1 4000
4.885690 0.277605 -0.603681 235 212 181 1 4000
4.886791 0.242408 -0.603817 255 245 212 1 4000
4.887893 0.207195 -0.603953 255 250 217 1 4000
4.888995 0.171967 -0.604089 255 246 212 1 4000
4.890097 0.136722 -0.604225 255 239 204 1 4000
4.891201 0.101462 -0.604361 255 235 199 1 4000
4.892304 0.066186 -0.604498 255 232 195 1 4000
4.893408 0.030894 -0.604634 255 228 189 1 4000
4.894513 -0.004414 -0.604771 242 217 186 1 4000
4.895618 -0.039738 -0.604907 255 235 202 1 4000
4.896724 -0.075078 -0.605044 241 219 189 1 4000
4.897830 -0.110434 -0.605181 236 214 183 1 4000
4.898936 -0.145806 -0.605317 241 218 189 1 4000
4.900043 -0.181194 -0.605454 235 209 178 1 4000
4.901151 -0.216598 -0.605591 230 202 170 1 4000
4.902260 -0.252018 -0.605728 231 204 172 1 4000
4.903368 -0.287454 -0.605865 214 189 158 1 4000
4.904477 -0.322906 -0.606002 230 203 169 1 4000
4.905587 -0.358374 -0.606139 236 210 179 1 4000
4.906697 -0.393858 -0.606276 237 214 185 1 4000
4.907807 -0.429358 -0.606413 239 217 186 1 4000
4.908918 -0.464874 -0.606551 245 220 191 1 4000
4.910029 -0.500406 -0.606688 242 219 191 1 4000
4.911142 -0.535955 -0.606825 236 212 183 1 4000
4.912255 -0.571519 -0.606963 225 202 171 1 4000
4.913368 -0.607100 -0.607100 241 220 190 1 4000
4.914481 -0.642696 -0.607238 236 209 177 1 4000
4.915595 -0.678309 -0.607376 236 209 175 1 4000
4.916710 -0.713938 -0.607513 240 216 185 1 4000
4.917826 -0.749584 -0.607651 239 213 180 1 4000
4.918941 -0.785245 -0.607789 238 212 181 1 4000
4.920057 -0.820922 -0.607927 230 203 173 1 4000
4.921174 -0.856616 -0.608065 232 206 173 1 4000
4.922291 -0.892326 -0.608203 252 225 190 1 4000
4.923409 -0.928052 -0.608341 255 235 202 1 4000
4.924527 -0.963795 -0.608479 255 239 208 1 4000
4.925646 -0.999553 -0.608617 255 237 201 1 4000
4.926764 -1.035328 -0.608756 255 243 210 1 4000
4.927885 -1.071119 -0.608894 255 239 206 1 4000
4.929005 -1.106927 -0.609032 243 217 184 1 4000
4.930125 -1.142750 -0.609171 255 239 202 1 4000
4.931247 -1.178590 -0.609309 255 243 203 1 4000
4.932369 -1.214447 -0.609448 255 239 199 1 4000
4.933491 -1.250319 -0.609587 255 243 205 1 4000
4.934614 -1.286208 -0.609725 255 240 201 1 4000
4.935737 -1.322113 -0.609864 255 239 201 1 4000
4.936861 -1.358035 -0.610003 255 245 208 1 4000
4.937985 -1.393973 -0.610142 243 217 186 1 4000
4.939110 -1.429927 -0.610281 255 255 224 1 4000
4.940236 -1.465898 -0.610420 255 255 224 1 4000
4.941361 -1.501885 -0.610559 255 255 228 1 4000
4.942487 -1.537889 -0.610698 255 255 221 1 4000
4.943614 -1.573909 -0.610838 255 244 208 1 4000
4.944742 -1.609945 -0.610977 255 246 209 1 4000
4.945870 -1.645998 -0.611116 255 249 211 1 4000
4.946998 -1.682067 -0.611256 255 232 201 1 4000
4.948127 -1.718153 -0.611395 255 252 217 1 4000
4.949256 -1.754255 -0.611535 255 248 211 1 4000
4.950387 -1.790374 -0.611674 255 252 217 1 4000
4.951518 -1.826509 -0.611814 255 253 219 1 4000
4.952648 -1.862661 -0.611954 255 238 201 1 4000
4.953779 -1.898829 -0.612094 255 226 188 1 4000
4.954912 -1.935014 -0.612233 255 221 183 1 4000
4.956044 -1.971215 -0.612373 252 224 189 1 4000
4.957178 -2.007433 -0.612513 255 236 200 1 4000
4.958311 -2.043668 -0.612653 255 243 209 1 4000
4.959445 -2.079918 -0.612794 255 248 217 1 4000
4.960579 -2.116186 -0.612934 255 233 200 1 4000
4.961715 -2.152470 -0.613074 255 238 204 1 4000
4.962851 -2.188771 -0.613214 241 216 184 1 4000
4.963987 -2.225089 -0.613355 224 200 169 1 4000
4.965123 -2.261422 -0.613495 228 201 167 1 4000
4.966260 -2.297773 -0.613636 230 203 169 1 4000
4.967398 -2.334141 -0.613776 230 202 167 1 4000
4.968537 -2.370525 -0.613917 233 205 173 1 4000
4.969676 -2.406925 -0.614058 230 202 167 1 4000
4.970815 -2.443342 -0.614198 251 220 183 1 4000
4.971955 -2.479777 -0.614339 238 209 174 1 4000
4.973095 -2.516227 -0.614480 194 171 142 1 4000
4.974236 -2.552695 -0.614621 230 205 173 1 4000
4.975377 -2.589179 -0.614762 223 201 171 1 4000
4.976519 -2.625680 -0.614903 231 211 182 1 4000
4.977662 -2.662198 -0.615044 231 211 183 1 4000
4.978805 -2.698733 -0.615186 220 197 168 1 4000
4.979948 -2.735284 -0.615327 230 205 174 1 4000
4.981091 -2.771852 -0.615468 225 203 172 1 4000
4.982236 -2.808437 -0.615610 224 198 168 1 4000
4.983381 -2.845038 -0.615751 246 218 184 1 4000
4.035345 2.325637 -0.527727 185 185 184 10 1031
4.036962 2.297441 -0.527938 186 187 185 10 1031
4.037982 2.268887 -0.528071 190 190 189 10 1031
4.039002 2.240318 -0.528205 192 192 190 10 1031
4.040024 2.211734 -0.528338 193 194 192 10 1031
4.041045 2.183136 -0.528472 196 196 194 10 1031
3.565051 1.900262 -0.466223 143 144 142 10 1031
3.565832 1.874950 -0.466325 172 172 170 10 1031
3.566612 1.849627 -0.466428 191 191 190 10 1031
3.601275 1.841618 -0.470961 149 149 148 10 1031
4.762312 2.400988 -0.622797 196 177 153 1 4000
4.763359 2.367147 -0.622933 198 180 156 1 4000
4.764405 2.333291 -0.623070 195 174 147 1 4000
4.765452 2.299420 -0.623207 183 157 127 1 4000
4.541918 2.158789 -0.593974 20 20 20 6 1032
4.767548 2.231633 -0.623481 189 168 142 1 4000
4.768597 2.197717 -0.623618 198 175 150 1 4000
4.769646 2.163787 -0.623756 209 187 159 1 4000
4.770695 2.129841 -0.623893 222 199 169 1 4000
4.771745 2.095881 -0.624030 181 161 137 1 4000
4.726551 2.041927 -0.618120 30 30 30 6 1032
4.727595 2.008267 -0.618256 36 36 35 6 1032
4.749439 1.983278 -0.621113 9 9 9 6 1032
4.775949 1.959888 -0.624580 148 129 107 1 4000
4.777001 1.925853 -0.624717 167 147 125 1 4000
4.731771 1.873478 -0.618802 20 20 20 6 1032
4.732810 1.839741 -0.618938 77 77 76 6 1032
4.780160 1.823657 -0.625131 219 197 168 1 4000
4.537724 1.698426 -0.593426 11 11 11 6 1032
4.782269 1.755451 -0.625406 186 165 139 1 4000
4.783324 1.721326 -0.625544 228 202 170 1 4000
4.784379 1.687185 -0.625682 197 175 148 1 4000
4.785435 1.653029 -0.625820 233 211 181 1 4000
4.786491 1.618859 -0.625959 238 217 190 1 4000
4.787549 1.584673 -0.626097 242 219 190 1 4000
4.788607 1.550472 -0.626235 240 215 185 1 4000
4.789664 1.516256 -0.626373 228 204 175 1 4000
4.790722 1.482025 -0.626512 192 172 147 1 4000
4.791781 1.447779 -0.626650 230 205 175 1 4000
4.792840 1.413517 -0.626789 206 183 155 1 4000
4.793900 1.379241 -0.626927 229 205 176 1 4000
4.794960 1.344949 -0.627066 235 208 177 1 4000
4.796021 1.310642 -0.627205 250 224 193 1 4000
4.797082 1.276320 -0.627343 254 231 199 1 4000
4.798143 1.241982 -0.627482 255 232 201 1 4000
4.799205 1.207630 -0.627621 255 232 199 1 4000
4.800268 1.173262 -0.627760 253 222 185 1 4000
4.801331 1.138879 -0.627899 241 209 172 1 4000
4.802394 1.104481 -0.628038 255 251 221 1 4000
4.803458 1.070068 -0.628177 255 238 205 1 4000
4.804523 1.035639 -0.628317 255 234 201 1 4000
4.805587 1.001195 -0.628456 255 238 208 1 4000
4.806652 0.966736 -0.628595 255 231 198 1 4000
4.807718 0.932262 -0.628735 255 236 202 1 4000
4.808784 0.897772 -0.628874 255 237 204 1 4000
4.809852 0.863267 -0.629013 255 237 207 1 4000
4.810919 0.828747 -0.629154 244 208 169 1 4000
4.811986 0.794211 -0.629293 247 215 177 1 4000
4.813055 0.759660 -0.629433 254 228 196 1 4000
4.814123 0.725094 -0.629573 255 238 208 1 4000
4.815192 0.690512 -0.629712 255 237 206 1 4000
4.816262 0.655915 -0.629852 255 245 215 1 4000
4.817331 0.621302 -0.629992 255 235 198 1 4000
4.818402 0.586675 -0.630132 255 223 184 1 4000
4.819473 0.552031 -0.630272 254 225 193 1 4000
4.820545 0.517373 -0.630412 255 231 197 1 4000
4.821617 0.482699 -0.630553 255 237 201 1 4000
4.822689 0.448009 -0.630693 255 245 211 1 4000
4.823762 0.413304 -0.630833 255 244 210 1 4000
4.824836 0.378584 -0.630974 255 244 209 1 4000
4.825909 0.343848 -0.631114 255 242 209 1 4000
4.826983 0.309097 -0.631254 255 239 207 1 4000
4.828058 0.274330 -0.631395 254 228 193 1 4000
4.829134 0.239548 -0.631536 255 234 198 1 4000
4.830210 0.204750 -0.631676 255 239 205 1 4000
4.831286 0.169937 -0.631817 255 242 208 1 4000
4.832362 0.135108 -0.631958 255 240 206 1 4000
4.833440 0.100264 -0.632099 255 241 206 1 4000
4.834517 0.065404 -0.632240 255 236 200 1 4000
4.835596 0.030529 -0.632381 255 236 199 1 4000
4.836675 -0.004362 -0.632522 254 233 204 1 4000
4.837753 -0.039269 -0.632663 255 244 214 1 4000
4.838833 -0.074191 -0.632804 255 244 212 1 4000
4.839913 -0.109128 -0.632945 255 244 212 1 4000
4.840994 -0.144082 -0.633087 240 218 189 1 4000
4.842075 -0.179050 -0.633228 237 213 183 1 4000
4.843156 -0.214035 -0.633369 235 208 178 1 4000
4.844238 -0.249035 -0.633511 235 212 182 1 4000
4.845321 -0.284051 -0.633653 220 197 167 1 4000
4.846405 -0.319082 -0.633794 231 201 169 1 4000
4.847487 -0.354129 -0.633936 236 210 177 1 4000
4.848571 -0.389192 -0.634078 240 222 196 1 4000
4.849656 -0.424271 -0.634219 240 222 193 1 4000
4.850741 -0.459365 -0.634361 244 227 200 1 4000
4.851827 -0.494475 -0.634503 240 218 186 1 4000
4.852912 -0.529600 -0.634645 242 214 181 1 4000
4.853999 -0.564741 -0.634787 230 210 183 1 4000
4.855085 -0.599898 -0.634929 241 219 191 1 4000
4.856173 -0.635071 -0.635072 241 218 188 1 4000
4.857261 -0.670260 -0.635214 241 216 185 1 4000
4.858349 -0.705464 -0.635356 244 220 191 1 4000
4.859438 -0.740684 -0.635499 246 224 196 1 4000
4.860528 -0.775920 -0.635641 247 224 195 1 4000
4.861618 -0.811172 -0.635784 251 228 200 1 4000
4.862708 -0.846439 -0.635926 247 215 179 1 4000
4.863798 -0.881722 -0.636069 255 225 189 1 4000
4.864889 -0.917021 -0.636212 255 237 201 1 4000
4.865981 -0.952336 -0.636354 255 244 213 1 4000
4.867074 -0.987667 -0.636497 255 244 212 1 4000
4.868166 -1.023014 -0.636640 255 247 215 1 4000
4.869259 -1.058377 -0.636783 255 243 208 1 4000
4.870353 -1.093755 -0.636926 255 232 195 1 4000
4.871447 -1.129149 -0.637069 251 220 184 1 4000
4.872542 -1.164560 -0.637212 255 231 193 1 4000
4.873637 -1.199986 -0.637356 255 247 208 1 4000
4.874733 -1.235428 -0.637499 255 252 214 1 4000
4.875829 -1.270886 -0.637642 255 255 224 1 4000
4.876926 -1.306360 -0.637786 255 255 220 1 4000
4.878023 -1.341850 -0.637929 255 255 222 1 4000
4.879120 -1.377356 -0.638073 255 255 225 1 4000
4.880219 -1.412878 -0.638216 255 255 224 1 4000
4.881318 -1.448416 -0.638360 255 255 230 1 4000
4.882417 -1.483970 -0.638504 255 255 228 1 4000
4.883516 -1.519540 -0.638648 255 255 225 1 4000
4.884616 -1.555126 -0.638791 255 252 214 1 4000
4.885717 -1.590728 -0.638935 255 250 211 1 4000
4.886818 -1.626346 -0.639079 255 244 204 1 4000
4.887920 -1.661980 -0.639223 255 229 190 1 4000
4.889022 -1.697630 -0.639368 255 246 211 1 4000
4.890125 -1.733296 -0.639512 255 249 214 1 4000
4.891228 -1.768978 -0.639656 255 255 220 1 4000
4.892332 -1.804677 -0.639800 255 255 220 1 4000
4.893436 -1.840392 -0.639945 255 255 225 1 4000
4.894541 -1.876122 -0.640089 255 247 211 1 4000
4.895645 -1.911869 -0.640234 255 247 211 1 4000
4.896751 -1.947632 -0.640378 246 220 188 1 4000
4.897857 -1.983411 -0.640523 255 233 194 1 4000
4.898964 -2.019207 -0.640668 255 241 203 1 4000
4.900071 -2.055018 -0.640813 255 252 216 1 4000
4.901178 -2.090846 -0.640957 255 249 215 1 4000
4.902286 -2.126689 -0.641102 255 255 221 1 4000
4.903395 -2.162549 -0.641247 255 255 225 1 4000
4.904505 -2.198426 -0.641392 255 245 215 1 4000
4.905614 -2.234318 -0.641537 229 205 174 1 4000
4.906724 -2.270227 -0.641683 255 234 201 1 4000
4.907834 -2.306152 -0.641828 255 235 202 1 4000
4.908946 -2.342093 -0.641973 255 228 193 1 4000
4.910058 -2.378051 -0.642118 255 234 201 1 4000
4.911169 -2.414025 -0.642264 255 235 201 1 4000
4.912282 -2.450015 -0.642409 255 232 199 1 4000
4.913395 -2.486022 -0.642555 255 237 203 1 4000
4.914509 -2.522044 -0.642701 229 203 169 1 4000
4.915623 -2.558083 -0.642846 248 220 183 1 4000
4.916738 -2.594139 -0.642992 254 228 193 1 4000
4.917852 -2.630210 -0.643138 255 230 200 1 4000
4.918969 -2.666299 -0.643284 254 230 197 1 4000
4.920085 -2.702404 -0.643430 255 235 203 1 4000
4.921202 -2.738525 -0.643576 255 234 203 1 4000
4.922318 -2.774662 -0.643722 248 223 191 1 4000
4.923436 -2.810815 -0.643868 242 212 178 1 4000
3.986629 2.297561 -0.550120 187 187 185 10 1031
3.987624 2.269363 -0.550257 190 190 189 10 1031
3.988619 2.241150 -0.550395 189 190 188 10 1031
3.521789 1.953434 -0.485976 142 142 141 10 1031
3.522551 1.928441 -0.486081 172 172 171 10 1031
3.523313 1.903436 -0.486187 189 189 187 10 1031
3.524076 1.878421 -0.486292 199 199 197 10 1031
3.524839 1.853396 -0.486397 202 202 200 10 1031
3.525602 1.828359 -0.486502 202 202 200 10 1031
3.529664 1.804998 -0.487063 204 204 202 10 1031
3.564266 1.796976 -0.491838 214 215 212 10 1031
4.708560 2.339915 -0.649740 174 157 133 1 4000
4.709584 2.306443 -0.649882 155 137 114 1 4000
4.710607 2.272956 -0.650023 170 149 123 1 4000
4.553182 2.164143 -0.628299 17 17 17 6 1032
4.712654 2.205938 -0.650305 172 152 129 1 4000
4.713679 2.172407 -0.650447 172 153 128 1 4000
4.669022 2.118138 -0.644284 87 77 64 6 1032
4.670036 2.084903 -0.644424 33 33 32 6 1032
4.681335 2.056170 -0.645984 11 11 11 6 1032
4.717781 2.038138 -0.651013 130 114 95 1 4000
4.718808 2.004534 -0.651154 149 132 111 1 4000
4.719835 1.970916 -0.651296 144 128 107 1 4000
4.720863 1.937283 -0.651438 154 135 112 1 4000
4.721890 1.903635 -0.651580 158 140 118 1 4000
4.722919 1.869973 -0.651722 209 189 162 1 4000
4.678189 1.818509 -0.645549 9 9 9 6 1032
4.679217 1.785147 -0.645691 69 69 69 6 1032
4.549918 1.702990 -0.627849 9 9 9 6 1032
4.577068 1.680127 -0.631596 121 108 92 6 1032
4.728068 1.701441 -0.652432 218 196 167 1 4000
4.729100 1.667691 -0.652575 220 200 173 1 4000
4.730132 1.633926 -0.652717 227 202 171 1 4000
4.731164 1.600146 -0.652859 231 207 176 1 4000
4.732196 1.566351 -0.653002 234 209 178 1 4000
4.733229 1.532542 -0.653144 241 214 183 1 4000
4.734263 1.498718 -0.653287 234 206 173 1 4000
4.735297 1.464879 -0.653430 230 202 169 1 4000
4.736331 1.431025 -0.653572 229 202 168 1 4000
4.737366 1.397156 -0.653715 236 211 180 1 4000
4.738401 1.363273 -0.653858 252 227 196 1 4000
4.739437 1.329375 -0.654001 247 222 191 1 4000
4.740474 1.295462 -0.654144 251 225 195 1 4000
4.741510 1.261534 -0.654287 254 230 198 1 4000
4.742547 1.227592 -0.654430 255 232 202 1 4000
4.743585 1.193634 -0.654573 245 218 184 1 4000
4.744622 1.159662 -0.654717 243 213 177 1 4000
4.745661 1.125675 -0.654860 208 182 149 1 4000
4.746700 1.091672 -0.655003 254 224 188 1 4000
4.747739 1.057655 -0.655147 251 219 182 1 4000
4.748779 1.023623 -0.655290 253 222 188 1 4000
4.749819 0.989577 -0.655434 255 231 198 1 4000
4.750860 0.955515 -0.655577 253 221 185 1 4000
4.751901 0.921438 -0.655721 255 228 194 1 4000
4.752942 0.887347 -0.655865 255 227 192 1 4000
4.753985 0.853240 -0.656009 237 214 184 1 4000
4.755028 0.819119 -0.656153 249 220 186 1 4000
4.756070 0.784982 -0.656297 255 229 197 1 4000
4.757114 0.750831 -0.656441 255 229 197 1 4000
4.758157 0.716664 -0.656585 255 229 199 1 4000
4.759202 0.682483 -0.656729 255 235 203 1 4000
4.760247 0.648286 -0.656873 254 226 190 1 4000
4.761292 0.614075 -0.657017 248 215 176 1 4000
4.762338 0.579848 -0.657162 243 212 175 1 4000
4.763384 0.545607 -0.657306 255 229 194 1 4000
4.764431 0.511350 -0.657451 255 229 194 1 4000
4.765478 0.477078 -0.657595 255 235 199 1 4000
4.766525 0.442792 -0.657740 255 241 207 1 4000
4.767573 0.408490 -0.657884 255 237 201 1 4000
4.768622 0.374173 -0.658029 255 237 200 1 4000
4.769671 0.339841 -0.658174 255 247 216 1 4000
4.770721 0.305494 -0.658319 255 232 199 1 4000
4.771770 0.271132 -0.658463 245 215 179 1 4000
4.772820 0.236755 -0.658608 255 231 197 1 4000
4.773871 0.202362 -0.658753 255 237 204 1 4000
4.774923 0.167954 -0.658898 255 238 204 1 4000
4.775975 0.133532 -0.659044 255 242 207 1 4000
4.777027 0.099094 -0.659189 255 241 208 1 4000
4.778080 0.064641 -0.659334 255 234 198 1 4000
4.779133 0.030172 -0.659479 255 231 196 1 4000
4.780187 -0.004311 -0.659625 246 222 190 1 4000
4.781241 -0.038810 -0.659770 255 242 210 1 4000
4.782295 -0.073324 -0.659916 255 248 216 1 4000
4.783350 -0.107853 -0.660061 255 245 211 1 4000
4.784405 -0.142397 -0.660207 255 241 205 1 4000
4.785461 -0.176957 -0.660353 255 238 203 1 4000
4.786518 -0.211532 -0.660498 241 215 185 1 4000
4.787575 -0.246122 -0.660644 234 207 175 1 4000
4.788631 -0.280728 -0.660790 215 192 164 1 4000
4.789690 -0.315348 -0.660936 228 202 172 1 4000
4.790749 -0.349984 -0.661082 231 206 177 1 4000
4.791807 -0.384636 -0.661228 236 212 183 1 4000
4.792867 -0.419302 -0.661374 237 216 187 1 4000
4.793926 -0.453984 -0.661521 241 221 194 1 4000
4.794986 -0.488682 -0.661667 235 205 169 1 4000
4.796047 -0.523394 -0.661813 232 201 166 1 4000
4.797108 -0.558122 -0.661960 208 188 161 1 4000
4.798170 -0.592866 -0.662106 248 225 195 1 4000
4.799231 -0.627625 -0.662253 240 215 182 1 4000
4.800294 -0.662399 -0.662399 243 218 187 1 4000
4.801357 -0.697188 -0.662546 241 216 186 1 4000
4.802420 -0.731993 -0.662693 251 224 191 1 4000
4.803484 -0.766814 -0.662840 255 234 201 1 4000
4.804549 -0.801650 -0.662986 255 244 211 1 4000
4.805614 -0.836501 -0.663133 225 196 163 1 4000
4.806679 -0.871368 -0.663280 251 217 179 1 4000
4.807745 -0.906250 -0.663427 255 229 196 1 4000
4.808810 -0.941147 -0.663575 255 235 203 1 4000
4.809877 -0.976061 -0.663722 255 240 208 1 4000
4.810945 -1.010989 -0.663869 255 245 215 1 4000
4.812013 -1.045933 -0.664016 255 235 198 1 4000
4.813081 -1.080893 -0.664164 255 229 190 1 4000
4.814149 -1.115868 -0.664311 232 202 167 1 4000
4.815218 -1.150859 -0.664459 255 236 203 1 4000
4.816288 -1.185865 -0.664606 255 243 206 1 4000
4.817358 -1.220887 -0.664754 255 255 224 1 4000
4.818429 -1.255925 -0.664902 255 255 227 1 4000
4.819499 -1.290977 -0.665049 255 255 224 1 4000
4.820571 -1.326046 -0.665197 255 255 227 1 4000
4.821643 -1.361130 -0.665345 255 255 222 1 4000
4.822716 -1.396230 -0.665493 239 211 179 1 4000
4.823788 -1.431345 -0.665641 255 245 208 1 4000
4.824862 -1.466476 -0.665789 255 251 214 1 4000
4.825935 -1.501623 -0.665938 255 255 220 1 4000
4.827010 -1.536785 -0.666086 255 253 217 1 4000
4.828085 -1.571963 -0.666234 255 255 223 1 4000
4.829160 -1.607157 -0.666383 255 251 213 1 4000
4.830236 -1.642366 -0.666531 255 251 213 1 4000
4.831312 -1.677591 -0.666680 240 218 186 1 4000
4.832389 -1.712832 -0.666828 255 255 229 1 4000
4.833467 -1.748088 -0.666977 255 255 226 1 4000
4.834544 -1.783360 -0.667125 255 255 223 1 4000
4.835622 -1.818648 -0.667274 255 255 223 1 4000
4.836701 -1.853952 -0.667423 255 254 219 1 4000
4.837780 -1.889271 -0.667572 255 249 214 1 4000
4.838860 -1.924606 -0.667721 255 250 214 1 4000
4.839940 -1.959957 -0.667870 255 231 198 1 4000
4.841020 -1.995324 -0.668019 255 240 203 1 4000
4.842101 -2.030706 -0.668168 255 242 205 1 4000
4.843183 -2.066105 -0.668318 255 255 223 1 4000
4.844265 -2.101519 -0.668467 255 255 227 1 4000
4.845347 -2.136948 -0.668616 255 255 233 1 4000
4.846431 -2.172395 -0.668766 255 254 217 1 4000
4.847514 -2.207856 -0.668915 255 238 202 1 4000
4.848598 -2.243334 -0.669065 241 221 192 1 4000
4.849682 -2.278827 -0.669214 255 237 206 1 4000
4.850767 -2.314336 -0.669364 255 236 202 1 4000
4.851853 -2.349861 -0.669514 255 232 198 1 4000
4.852939 -2.385402 -0.669664 255 238 207 1 4000
4.854026 -2.420959 -0.669814 255 238 207 1 4000
4.855112 -2.456532 -0.669964 255 240 209 1 4000
4.856199 -2.492121 -0.670114 255 238 208 1 4000
4.857287 -2.527725 -0.670264 252 220 184 1 4000
4.858376 -2.563346 -0.670414 247 218 183 1 4000
4.859465 -2.598983 -0.670564 254 228 194 1 4000
4.860554 -2.634635 -0.670714 255 236 206 1 4000
4.861644 -2.670304 -0.670865 255 239 211 1 4000
4.862734 -2.705989 -0.671015 255 239 210 1 4000
4.863825 -2.741689 -0.671166 255 232 198 1 4000
4.864916 -2.777406 -0.671317 245 216 181 1 4000
3.479564 2.005331 -0.505255 137 138 136 10 1031
3.480309 1.980649 -0.505364 168 168 167 10 1031
3.481053 1.955956 -0.505472 187 187 185 10 1031
3.481797 1.931251 -0.505580 192 193 191 10 1031
3.482542 1.906537 -0.505688 197 198 196 10 1031
3.483286 1.881812 -0.505796 199 200 197 10 1031
3.484032 1.857077 -0.505904 199 199 197 10 1031
3.484778 1.832331 -0.506012 195 195 193 10 1031
3.485524 1.807575 -0.506121 191 191 189 10 1031
3.496391 1.787983 -0.507699 182 182 181 10 1031
3.513103 1.771181 -0.510125 193 194 191 10 1031
3.535530 1.756978 -0.513382 208 209 207 10 1031
4.656009 2.280205 -0.676083 186 167 143 1 4000
4.657009 2.247094 -0.676228 162 143 120 1 4000
4.568094 2.171231 -0.663317 9 9 9 6 1032
4.612750 2.159174 -0.669801 15 15 15 6 1032
4.615166 2.127005 -0.670152 55 55 54 6 1032
4.640926 2.105392 -0.673893 82 74 63 6 1032
4.662015 2.081322 -0.676955 159 142 119 1 4000
4.663018 2.048125 -0.677101 158 140 116 1 4000
4.664021 2.014913 -0.677246 158 140 117 1 4000
4.665024 1.981687 -0.677392 164 143 120 1 4000
4.666028 1.948447 -0.677538 177 160 135 1 4000
4.667033 1.915193 -0.677684 182 167 146 1 4000
4.668038 1.881925 -0.677830 167 150 128 1 4000
4.669043 1.848642 -0.677975 164 148 124 1 4000
4.670048 1.815344 -0.678121 162 146 125 1 4000
4.633712 1.767786 -0.672845 31 31 31 6 1032
4.562177 1.707578 -0.662458 9 9 9 6 1032
4.589473 1.684681 -0.666421 18 18 18 6 1032
4.674075 1.682011 -0.678706 196 172 142 1 4000
4.675083 1.648642 -0.678853 229 202 169 1 4000
4.676092 1.615259 -0.678999 231 203 170 1 4000
4.677100 1.581861 -0.679145 241 220 191 1 4000
4.678109 1.548448 -0.679292 238 216 186 1 4000
4.679119 1.515022 -0.679439 234 211 181 1 4000
4.680129 1.481580 -0.679585 234 209 176 1 4000
4.681139 1.448125 -0.679732 232 206 172 1 4000
4.682150 1.414655 -0.679879 207 181 147 1 4000
4.683161 1.381170 -0.680026 248 220 186 1 4000
4.684173 1.347671 -0.680173 254 225 192 1 4000
4.685184 1.314157 -0.680319 255 234 204 1 4000
4.686198 1.280630 -0.680466 255 238 211 1 4000
4.687211 1.247087 -0.680614 255 241 213 1 4000
4.688224 1.213530 -0.680761 255 239 209 1 4000
4.689238 1.179959 -0.680908 255 236 205 1 4000
4.690252 1.146373 -0.681055 250 226 194 1 4000
4.691267 1.112772 -0.681203 246 224 194 1 4000
4.692283 1.079157 -0.681350 255 232 200 1 4000
4.693298 1.045527 -0.681498 255 233 201 1 4000
4.694314 1.011883 -0.681645 255 236 205 1 4000
4.695331 0.978224 -0.681793 255 233 201 1 4000
4.696347 0.944551 -0.681940 255 234 201 1 4000
4.697365 0.910863 -0.682088 255 234 202 1 4000
4.698383 0.877161 -0.682236 255 230 197 1 4000
4.699401 0.843443 -0.682384 225 201 171 1 4000
4.700420 0.809712 -0.682532 255 233 201 1 4000
4.701439 0.775965 -0.682680 250 228 196 1 4000
4.702459 0.742204 -0.682828 243 219 188 1 4000
4.703479 0.708429 -0.682976 245 222 191 1 4000
4.704499 0.674638 -0.683125 243 219 188 1 4000
4.705520 0.640833 -0.683273 233 208 176 1 4000
4.706542 0.607013 -0.683421 232 206 174 1 4000
4.707564 0.573179 -0.683570 214 188 156 1 4000
4.708586 0.539330 -0.683718 229 205 172 1 4000
4.709609 0.505466 -0.683867 218 193 160 1 4000
4.710632 0.471588 -0.684015 226 201 168 1 4000
4.711655 0.437695 -0.684164 229 207 177 1 4000
4.712680 0.403787 -0.684312 217 195 165 1 4000
4.713704 0.369864 -0.684461 220 196 164 1 4000
4.714729 0.335926 -0.684610 219 195 164 1 4000
4.715754 0.301974 -0.684759 218 195 164 1 4000
4.716780 0.268007 -0.684908 216 191 159 1 4000
4.717807 0.234026 -0.685057 226 200 168 1 4000
4.718833 0.200029 -0.685206 225 201 170 1 4000
4.719860 0.166018 -0.685355 233 211 182 1 4000
4.720888 0.131992 -0.685504 244 222 194 1 4000
4.721916 0.097951 -0.685654 245 224 195 1 4000
4.722945 0.063895 -0.685803 244 220 188 1 4000
4.723974 0.029824 -0.685952 245 218 185 1 4000
4.725003 -0.004261 -0.686102 232 211 182 1 4000
4.726033 -0.038362 -0.686251 250 224 190 1 4000
4.727063 -0.072477 -0.686401 253 226 191 1 4000
4.728095 -0.106607 -0.686551 255 229 194 1 4000
4.729125 -0.140752 -0.686700 255 234 201 1 4000
4.730157 -0.174912 -0.686850 255 228 191 1 4000
4.731189 -0.209087 -0.687000 255 227 189 1 4000
4.732222 -0.243276 -0.687150 245 214 175 1 4000
4.733255 -0.277481 -0.687300 206 183 155 1 4000
4.734288 -0.311701 -0.687450 234 212 183 1 4000
4.735322 -0.345935 -0.687600 230 205 176 1 4000
4.736357 -0.380185 -0.687750 232 207 178 1 4000
4.737392 -0.414449 -0.687901 238 216 187 1 4000
4.738427 -0.448729 -0.688051 236 215 187 1 4000
4.739462 -0.483023 -0.688201 228 203 172 1 4000
4.740499 -0.517332 -0.688352 225 198 163 1 4000
4.741535 -0.551657 -0.688502 198 174 142 1 4000
4.742573 -0.585996 -0.688653 235 206 171 1 4000
4.743610 -0.620351 -0.688804 233 203 167 1 4000
4.744648 -0.654720 -0.688954 240 210 177 1 4000
4.745686 -0.689105 -0.689105 255 231 197 1 4000
4.746726 -0.723504 -0.689256 255 235 196 1 4000
4.747765 -0.757919 -0.689407 255 245 208 1 4000
4.748805 -0.792349 -0.689558 255 229 193 1 4000
4.749845 -0.826793 -0.689709 246 222 193 1 4000
4.750885 -0.861253 -0.689860 254 224 190 1 4000
4.751927 -0.895728 -0.690011 255 234 201 1 4000
4.752968 -0.930218 -0.690163 255 233 200 1 4000
4.754010 -0.964724 -0.690314 255 233 201 1 4000
4.755053 -0.999244 -0.690465 255 241 209 1 4000
4.756096 -1.033780 -0.690617 255 228 194 1 4000
4.757139 -1.068330 -0.690768 252 220 182 1 4000
4.758183 -1.102896 -0.690920 240 210 173 1 4000
4.759228 -1.137477 -0.691071 255 236 200 1 4000
4.760273 -1.172073 -0.691223 255 230 193 1 4000
4.761318 -1.206685 -0.691375 255 247 210 1 4000
4.762364 -1.241311 -0.691527 255 255 223 1 4000
4.763410 -1.275953 -0.691679 255 252 213 1 4000
4.764457 -1.310610 -0.691831 255 254 216 1 4000
4.765503 -1.345282 -0.691983 255 255 227 1 4000
4.766551 -1.379970 -0.692135 255 243 208 1 4000
4.767600 -1.414673 -0.692287 255 238 199 1 4000
4.768649 -1.449391 -0.692439 255 250 214 1 4000
4.769697 -1.484124 -0.692592 255 254 219 1 4000
4.770747 -1.518873 -0.692744 255 255 221 1 4000
4.771797 -1.553637 -0.692896 255 255 223 1 4000
4.772847 -1.588416 -0.693049 255 255 218 1 4000
4.773898 -1.623210 -0.693202 255 248 211 1 4000
4.774949 -1.658020 -0.693354 255 243 207 1 4000
4.776000 -1.692845 -0.693507 255 251 215 1 4000
4.777053 -1.727686 -0.693660 255 255 224 1 4000
4.778106 -1.762542 -0.693813 255 255 225 1 4000
4.779159 -1.797413 -0.693965 255 255 220 1 4000
4.780212 -1.832299 -0.694118 255 251 213 1 4000
4.781266 -1.867201 -0.694272 255 250 213 1 4000
4.782321 -1.902119 -0.694425 255 251 214 1 4000
4.783376 -1.937052 -0.694578 255 237 200 1 4000
4.784431 -1.972000 -0.694731 255 239 205 1 4000
4.785487 -2.006963 -0.694884 255 238 203 1 4000
4.786544 -2.041942 -0.695038 255 245 211 1 4000
4.787601 -2.076937 -0.695191 255 249 216 1 4000
4.788658 -2.111947 -0.695345 255 254 224 1 4000
4.789716 -2.146972 -0.695498 255 246 209 1 4000
4.790774 -2.182013 -0.695652 255 231 189 1 4000
4.791833 -2.217070 -0.695806 244 211 173 1 4000
4.792892 -2.252142 -0.695960 255 235 202 1 4000
4.793952 -2.287229 -0.696114 255 231 195 1 4000
4.795012 -2.322332 -0.696267 255 225 190 1 4000
4.796072 -2.357450 -0.696421 255 234 202 1 4000
4.797134 -2.392584 -0.696576 255 228 194 1 4000
4.798196 -2.427734 -0.696730 255 232 197 1 4000
4.799258 -2.462899 -0.696884 255 234 201 1 4000
4.800320 -2.498080 -0.697038 255 237 206 1 4000
4.801383 -2.533276 -0.697193 242 208 170 1 4000
4.802446 -2.568488 -0.697347 245 216 181 1 4000
4.803510 -2.603715 -0.697501 249 223 192 1 4000
4.804575 -2.638959 -0.697656 253 230 200 1 4000
4.805640 -2.674217 -0.697811 255 231 201 1 4000
4.806705 -2.709491 -0.697965 254 228 195 1 4000
4.807771 -2.744781 -0.698120 251 219 183 1 4000
3.440520 1.982829 -0.524410 190 190 189 10 1031
3.441248 1.958419 -0.524521 196 196 194 10 1031
3.441975 1.933998 -0.524632 198 198 196 10 1031
3.442703 1.909567 -0.524743 195 195 193 10 1031
3.443431 1.885126 -0.524854 193 193 191 10 1031
3.444161 1.860675 -0.524965 191 192 190 10 1031
3.452143 1.840080 -0.526182 179 179 177 10 1031
3.463575 1.821183 -0.527924 179 179 178 10 1031
3.475083 1.802160 -0.529678 166 166 165 10 1031
3.488164 1.783776 -0.531672 159 159 157 10 1031
3.504895 1.767043 -0.534222 164 165 163 10 1031
3.527203 1.752840 -0.537623 174 175 173 10 1031
4.603640 2.254558 -0.701695 160 149 134 1 4000
4.604617 2.221813 -0.701844 171 153 129 1 4000
4.605595 2.189055 -0.701993 138 124 106 1 4000
4.606574 2.156283 -0.702142 89 81 69 1 4000
4.607553 2.123497 -0.702291 124 113 97 1 4000
4.608532 2.090696 -0.702441 143 129 110 1 4000
4.609511 2.057882 -0.702590 147 131 110 1 4000
4.610492 2.025054 -0.702739 181 161 135 1 4000
4.611473 1.992212 -0.702889 193 170 142 1 4000
4.612453 1.959356 -0.703038 204 183 155 1 4000
4.613435 1.926485 -0.703188 230 210 183 1 4000
4.614416 1.893601 -0.703337 229 209 182 1 4000
4.615398 1.860703 -0.703487 228 206 177 1 4000
4.616382 1.827791 -0.703637 212 193 168 1 4000
4.617365 1.794865 -0.703787 177 162 140 1 4000
4.618348 1.761925 -0.703937 170 156 135 1 4000
4.591126 1.718413 -0.699788 9 9 9 6 1032
4.601946 1.689259 -0.701437 69 62 51 6 1032
4.621301 1.663020 -0.704387 224 199 165 1 4000
4.622286 1.630024 -0.704537 230 204 171 1 4000
4.623271 1.597013 -0.704687 239 219 191 1 4000
4.624258 1.563989 -0.704838 237 218 189 1 4000
4.625244 1.530950 -0.704988 236 216 187 1 4000
4.626231 1.497898 -0.705138 236 216 186 1 4000
4.627219 1.464831 -0.705289 231 208 175 1 4000
4.628206 1.431750 -0.705439 230 206 174 1 4000
4.629194 1.398655 -0.705590 199 174 146 1 4000
4.630182 1.365546 -0.705741 250 219 186 1 4000
4.631172 1.332422 -0.705891 255 227 193 1 4000
4.632161 1.299285 -0.706042 255 240 210 1 4000
4.633151 1.266133 -0.706193 255 239 208 1 4000
4.634140 1.232967 -0.706344 255 237 207 1 4000
4.635132 1.199787 -0.706495 255 237 208 1 4000
4.636123 1.166593 -0.706646 252 229 198 1 4000
4.637114 1.133385 -0.706797 230 205 173 1 4000
4.638106 1.100162 -0.706948 255 235 203 1 4000
4.639098 1.066926 -0.707100 255 239 207 1 4000
4.640091 1.033674 -0.707251 255 242 210 1 4000
4.641085 1.000409 -0.707402 255 237 204 1 4000
4.642078 0.967130 -0.707554 255 232 197 1 4000
4.643072 0.933836 -0.707706 255 233 196 1 4000
4.644066 0.900528 -0.707857 255 225 190 1 4000
4.645061 0.867206 -0.708009 254 222 184 1 4000
4.646057 0.833869 -0.708161 252 229 198 1 4000
4.647052 0.800518 -0.708313 255 244 218 1 4000
4.648048 0.767153 -0.708464 255 244 217 1 4000
4.649045 0.733774 -0.708616 255 237 208 1 4000
4.650042 0.700380 -0.708768 255 239 211 1 4000
4.651040 0.666972 -0.708920 255 237 209 1 4000
4.652038 0.633549 -0.709072 255 233 202 1 4000
4.653036 0.600113 -0.709224 247 221 190 1 4000
4.654035 0.566662 -0.709377 204 180 151 1 4000
4.655034 0.533196 -0.709529 246 219 183 1 4000
4.656034 0.499716 -0.709681 253 230 197 1 4000
4.657033 0.466222 -0.709834 255 237 206 1 4000
4.658034 0.432713 -0.709986 255 234 203 1 4000
4.659035 0.399190 -0.710139 249 222 188 1 4000
4.660037 0.365653 -0.710292 247 219 183 1 4000
4.661038 0.332101 -0.710444 248 220 184 1 4000
4.662040 0.298535 -0.710597 249 218 182 1 4000
4.663043 0.264954 -0.710750 255 235 200 1 4000
4.664045 0.231359 -0.710903 255 245 214 1 4000
4.665050 0.197749 -0.711056 255 230 194 1 4000
4.666053 0.164125 -0.711209 255 230 194 1 4000
4.667058 0.130486 -0.711362 255 236 203 1 4000
4.668062 0.096833 -0.711515 255 229 193 1 4000
4.669067 0.063166 -0.711668 252 226 190 1 4000
4.670073 0.029484 -0.711821 254 226 190 1 4000
4.671080 -0.004213 -0.711975 243 215 178 1 4000
4.672086 -0.037924 -0.712128 255 229 192 1 4000
4.673092 -0.071649 -0.712282 255 230 192 1 4000
4.674100 -0.105390 -0.712435 255 247 215 1 4000
4.675108 -0.139144 -0.712589 255 239 204 1 4000
4.676116 -0.172914 -0.712742 255 236 201 1 4000
4.677125 -0.206697 -0.712896 255 240 206 1 4000
4.678134 -0.240496 -0.713050 255 226 188 1 4000
4.679143 -0.274309 -0.713204 211 185 152 1 4000
4.680153 -0.308137 -0.713358 245 217 184 1 4000
4.681164 -0.341979 -0.713512 238 213 182 1 4000
4.682175 -0.375836 -0.713666 242 220 193 1 4000
4.683186 -0.409707 -0.713820 240 221 196 1 4000
4.684197 -0.443593 -0.713974 247 228 201 1 4000
4.685210 -0.477494 -0.714129 244 225 198 1 4000
4.686222 -0.511409 -0.714283 240 219 190 1 4000
4.687235 -0.545339 -0.714437 215 192 164 1 4000
4.688249 -0.579284 -0.714592 242 222 192 1 4000
4.689263 -0.613243 -0.714746 255 234 201 1 4000
4.690278 -0.647217 -0.714901 255 252 218 1 4000
4.691292 -0.681206 -0.715055 255 255 227 1 4000
4.692307 -0.715210 -0.715210 255 255 226 1 4000
4.693323 -0.749228 -0.715365 255 255 226 1 4000
4.694339 -0.783261 -0.715520 255 245 211 1 4000
4.695356 -0.817309 -0.715675 255 232 198 1 4000
4.696373 -0.851371 -0.715830 255 240 208 1 4000
4.697390 -0.885448 -0.715985 255 241 209 1 4000
4.698408 -0.919540 -0.716140 255 236 203 1 4000
4.699427 -0.953647 -0.716295 255 237 205 1 4000
4.700445 -0.987769 -0.716451 255 232 200 1 4000
4.701465 -1.021905 -0.716606 253 229 197 1 4000
4.702484 -1.056056 -0.716761 247 219 183 1 4000
4.703504 -1.090222 -0.716917 247 219 186 1 4000
4.704525 -1.124403 -0.717072 238 213 181 1 4000
4.705545 -1.158598 -0.717228 250 224 189 1 4000
4.706567 -1.192809 -0.717384 245 219 185 1 4000
4.707589 -1.227034 -0.717539 255 234 200 1 4000
4.708611 -1.261274 -0.717695 255 234 201 1 4000
4.709634 -1.295529 -0.717851 252 225 189 1 4000
4.710658 -1.329799 -0.718007 247 221 188 1 4000
4.711680 -1.364084 -0.718163 254 227 193 1 4000
4.712704 -1.398384 -0.718319 225 201 168 1 4000
4.713729 -1.432699 -0.718475 239 214 179 1 4000
4.714754 -1.467028 -0.718632 238 212 177 1 4000
4.715779 -1.501373 -0.718788 244 220 186 1 4000
4.716806 -1.535732 -0.718944 243 220 187 1 4000
4.717832 -1.570106 -0.719101 241 217 183 1 4000
4.718859 -1.604496 -0.719257 242 217 183 1 4000
4.719886 -1.638900 -0.719414 237 211 178 1 4000
4.720913 -1.673319 -0.719570 197 176 148 1 4000
4.721941 -1.707754 -0.719727 240 213 179 1 4000
4.722970 -1.742203 -0.719884 244 216 180 1 4000
4.723999 -1.776667 -0.720041 250 223 188 1 4000
4.725029 -1.811147 -0.720198 255 228 195 1 4000
4.726058 -1.845641 -0.720355 255 227 192 1 4000
4.727088 -1.880150 -0.720512 254 223 185 1 4000
4.728119 -1.914675 -0.720669 252 218 176 1 4000
4.729151 -1.949215 -0.720826 224 197 163 1 4000
4.730183 -1.983769 -0.720983 255 236 203 1 4000
4.731215 -2.018339 -0.721140 255 231 198 1 4000
4.732247 -2.052923 -0.721298 255 228 196 1 4000
4.733280 -2.087523 -0.721455 255 241 208 1 4000
4.734313 -2.122138 -0.721613 255 241 210 1 4000
4.735348 -2.156769 -0.721770 255 229 195 1 4000
4.736382 -2.191414 -0.721928 253 221 183 1 4000
4.737416 -2.226074 -0.722086 226 199 162 1 4000
4.738452 -2.260750 -0.722244 246 214 177 1 4000
4.739488 -2.295440 -0.722401 249 217 178 1 4000
4.740524 -2.330146 -0.722559 250 219 184 1 4000
4.741561 -2.364867 -0.722717 252 224 190 1 4000
4.742598 -2.399603 -0.722875 250 218 182 1 4000
4.743636 -2.434355 -0.723034 252 222 187 1 4000
4.744674 -2.469121 -0.723192 251 221 187 1 4000
4.745712 -2.503903 -0.723350 231 207 179 1 4000
4.746751 -2.538700 -0.723509 246 218 184 1 4000
4.747790 -2.573512 -0.723667 247 221 189 1 4000
4.748830 -2.608340 -0.723825 249 223 192 1 4000
4.749870 -2.643183 -0.723984 249 224 193 1 4000
4.750911 -2.678041 -0.724143 254 233 202 1 4000
4.751952 -2.712914 -0.724301 246 220 188 1 4000
3.402343 1.960827 -0.543140 190 190 188 10 1031
3.403054 1.936683 -0.543253 191 191 189 10 1031
3.403768 1.912530 -0.543367 183 183 181 10 1031
3.409001 1.890874 -0.544203 174 174 173 10 1031
3.420149 1.872380 -0.545982 173 173 171 10 1031
3.431370 1.853765 -0.547774 171 171 169 10 1031
3.442769 1.835083 -0.549593 159 159 157 10 1031
3.458906 1.818728 -0.552169 160 160 158 10 1031
3.475195 1.802218 -0.554770 158 158 156 10 1031
3.491638 1.785552 -0.557395 152 153 152 10 1031
3.508237 1.768728 -0.560044 148 148 147 10 1031
3.528674 1.753571 -0.563307 158 158 156 10 1031
3.552589 1.739823 -0.567125 181 181 180 10 1031
4.553391 2.197096 -0.726890 203 178 150 1 4000
4.554348 2.164697 -0.727042 169 151 129 1 4000
4.555305 2.132284 -0.727195 188 169 146 1 4000
4.556262 2.099858 -0.727348 200 180 154 1 4000
4.557219 2.067418 -0.727501 203 185 160 1 4000
4.558177 2.034964 -0.727654 201 179 152 1 4000
4.559135 2.002497 -0.727807 198 175 148 1 4000
4.560095 1.970016 -0.727960 177 157 133 1 4000
4.561054 1.937521 -0.728113 208 190 166 1 4000
4.562014 1.905013 -0.728266 215 196 169 1 4000
4.562973 1.872491 -0.728419 220 200 172 1 4000
4.563934 1.839955 -0.728573 194 177 152 1 4000
4.564895 1.807406 -0.728726 190 172 147 1 4000
4.565856 1.774843 -0.728880 207 189 162 1 4000
4.566818 1.742266 -0.729033 217 197 169 1 4000
4.567780 1.709675 -0.729187 206 184 158 1 4000
4.568742 1.677071 -0.729340 208 189 163 1 4000
4.569705 1.644453 -0.729494 235 217 188 1 4000
4.570668 1.611821 -0.729648 233 213 183 1 4000
4.571632 1.579175 -0.729802 235 217 190 1 4000
4.572596 1.546516 -0.729956 239 222 196 1 4000
4.573561 1.513843 -0.730110 239 222 196 1 4000
4.574526 1.481156 -0.730264 237 221 195 1 4000
4.575491 1.448456 -0.730418 239 222 196 1 4000
4.576457 1.415741 -0.730572 205 187 162 1 4000
4.577423 1.383013 -0.730726 219 194 164 1 4000
4.578390 1.350271 -0.730880 255 228 194 1 4000
4.579356 1.317515 -0.731035 255 232 198 1 4000
4.580323 1.284745 -0.731189 255 240 210 1 4000
4.581292 1.251961 -0.731344 255 236 205 1 4000
4.582260 1.219164 -0.731498 255 236 205 1 4000
4.583228 1.186352 -0.731653 255 233 200 1 4000
4.584197 1.153527 -0.731807 255 232 199 1 4000
4.585167 1.120688 -0.731962 233 208 177 1 4000
4.586137 1.087835 -0.732117 255 233 198 1 4000
4.587107 1.054968 -0.732272 255 236 202 1 4000
4.588077 1.022087 -0.732427 255 237 204 1 4000
4.589048 0.989193 -0.732582 255 236 203 1 4000
4.590020 0.956284 -0.732738 255 235 200 1 4000
4.590992 0.923361 -0.732893 255 233 198 1 4000
4.591964 0.890425 -0.733048 255 229 193 1 4000
4.592937 0.857474 -0.733203 244 215 181 1 4000
4.593910 0.824510 -0.733359 255 250 223 1 4000
4.594883 0.791532 -0.733514 255 246 221 1 4000
4.595858 0.758539 -0.733669 255 244 218 1 4000
4.596832 0.725533 -0.733825 255 244 216 1 4000
4.597806 0.692512 -0.733980 255 246 219 1 4000
4.598782 0.659478 -0.734136 255 243 215 1 4000
4.599757 0.626429 -0.734292 255 239 210 1 4000
4.600733 0.593367 -0.734448 254 233 204 1 4000
4.601709 0.560291 -0.734604 224 198 167 1 4000
4.602686 0.527200 -0.734760 248 224 192 1 4000
4.603663 0.494096 -0.734916 254 230 199 1 4000
4.604641 0.460977 -0.735072 255 237 206 1 4000
4.605619 0.427844 -0.735228 255 239 208 1 4000
4.606598 0.394697 -0.735384 255 233 199 1 4000
4.607576 0.361537 -0.735540 255 229 194 1 4000
4.608556 0.328362 -0.735697 255 230 194 1 4000
4.609536 0.295173 -0.735853 238 210 176 1 4000
4.610516 0.261969 -0.736009 255 242 212 1 4000
4.611497 0.228752 -0.736166 255 240 209 1 4000
4.612477 0.195521 -0.736323 255 237 204 1 4000
4.613459 0.162275 -0.736479 255 242 209 1 4000
4.614441 0.129015 -0.736636 255 242 210 1 4000
4.615423 0.095741 -0.736793 255 243 210 1 4000
4.616405 0.062453 -0.736950 255 239 207 1 4000
4.617388 0.029151 -0.737107 255 239 209 1 4000
4.618372 -0.004165 -0.737264 241 215 179 1 4000
4.619356 -0.037496 -0.737421 255 234 198 1 4000
4.620340 -0.070841 -0.737578 255 242 206 1 4000
4.621325 -0.104200 -0.737735 255 249 218 1 4000
4.622310 -0.137573 -0.737892 255 242 209 1 4000
4.623296 -0.170960 -0.738050 255 244 212 1 4000
4.624282 -0.204362 -0.738207 255 241 208 1 4000
4.625268 -0.237778 -0.738364 255 233 198 1 4000
4.626255 -0.271208 -0.738522 217 193 163 1 4000
4.627243 -0.304653 -0.738680 255 230 195 1 4000
4.628230 -0.338112 -0.738837 255 235 199 1 4000
4.629219 -0.371585 -0.738995 248 225 197 1 4000
4.630207 -0.405072 -0.739153 245 222 192 1 4000
4.631196 -0.438574 -0.739311 242 222 193 1 4000
4.632185 -0.472090 -0.739469 244 222 194 1 4000
4.633175 -0.505620 -0.739627 234 210 180 1 4000
4.634166 -0.539165 -0.739785 236 210 178 1 4000
4.635156 -0.572724 -0.739943 255 238 206 1 4000
4.636147 -0.606297 -0.740101 255 255 222 1 4000
4.637138 -0.639885 -0.740259 255 255 232 1 4000
4.638131 -0.673487 -0.740418 255 255 225 1 4000
4.639123 -0.707103 -0.740576 255 254 216 1 4000
4.640116 -0.740734 -0.740735 255 253 214 1 4000
4.641109 -0.774379 -0.740893 255 244 205 1 4000
4.642103 -0.808039 -0.741052 255 228 190 1 4000
4.643096 -0.841713 -0.741210 246 223 191 1 4000
4.644092 -0.875402 -0.741369 255 249 221 1 4000
4.645086 -0.909104 -0.741528 255 250 222 1 4000
4.646081 -0.942822 -0.741687 255 244 216 1 4000
4.647077 -0.976553 -0.741846 255 245 217 1 4000
4.648074 -1.010300 -0.742005 255 243 215 1 4000
4.649070 -1.044061 -0.742164 255 240 210 1 4000
4.650067 -1.077836 -0.742323 252 226 194 1 4000
4.651064 -1.111625 -0.742482 210 186 155 1 4000
4.652062 -1.145430 -0.742642 252 225 188 1 4000
4.653061 -1.179248 -0.742801 255 238 203 1 4000
4.654059 -1.213082 -0.742960 255 255 222 1 4000
4.655058 -1.246929 -0.743120 255 252 217 1 4000
4.656058 -1.280792 -0.743280 255 243 207 1 4000
4.657058 -1.314669 -0.743439 255 237 199 1 4000
4.658059 -1.348560 -0.743599 255 235 196 1 4000
4.659060 -1.382466 -0.743759 255 226 188 1 4000
4.660061 -1.416386 -0.743919 255 251 215 1 4000
4.661062 -1.450322 -0.744078 255 255 229 1 4000
4.662065 -1.484271 -0.744238 255 248 210 1 4000
4.663068 -1.518236 -0.744399 255 248 211 1 4000
4.664071 -1.552215 -0.744559 255 250 215 1 4000
4.665073 -1.586208 -0.744719 255 241 203 1 4000
4.666078 -1.620216 -0.744879 255 241 204 1 4000
4.667082 -1.654239 -0.745039 255 231 194 1 4000
4.668087 -1.688277 -0.745200 255 230 191 1 4000
4.669092 -1.722329 -0.745360 255 241 203 1 4000
4.670097 -1.756395 -0.745521 255 244 206 1 4000
4.671103 -1.790477 -0.745681 255 255 223 1 4000
4.672111 -1.824573 -0.745842 255 253 217 1 4000
4.673118 -1.858684 -0.746003 255 251 216 1 4000
4.674125 -1.892810 -0.746164 255 253 219 1 4000
4.675132 -1.926950 -0.746324 255 232 192 1 4000
4.676141 -1.961105 -0.746485 253 223 188 1 4000
4.677150 -1.995275 -0.746647 255 242 207 1 4000
4.678159 -2.029459 -0.746808 255 247 212 1 4000
4.679168 -2.063658 -0.746969 255 254 222 1 4000
4.680178 -2.097872 -0.747130 255 255 225 1 4000
4.681189 -2.132101 -0.747291 255 255 231 1 4000
4.682199 -2.166345 -0.747453 255 255 229 1 4000
4.683211 -2.200603 -0.747614 255 246 212 1 4000
4.684223 -2.234876 -0.747776 236 212 181 1 4000
4.685235 -2.269164 -0.747937 255 236 204 1 4000
4.686247 -2.303467 -0.748099 255 238 205 1 4000
4.687261 -2.337785 -0.748261 255 237 205 1 4000
4.688274 -2.372117 -0.748422 255 237 205 1 4000
4.689288 -2.406465 -0.748584 255 237 204 1 4000
4.690302 -2.440826 -0.748746 255 235 203 1 4000
4.691317 -2.475204 -0.748908 255 231 198 1 4000
4.692332 -2.509596 -0.749070 205 181 152 1 4000
4.693348 -2.544003 -0.749232 255 234 204 1 4000
4.694364 -2.578424 -0.749395 255 236 207 1 4000
4.695380 -2.612861 -0.749557 245 221 190 1 4000
4.696398 -2.647312 -0.749719 249 228 197 1 4000
4.697415 -2.681779 -0.749882 247 226 195 1 4000
3.366924 1.940415 -0.561779 177 177 175 10 1031
3.377798 1.922310 -0.563593 171 171 169 10 1031
3.388742 1.904088 -0.565419 169 169 168 10 1031
3.399758 1.885747 -0.567257 160 160 158 10 1031
3.414265 1.869159 -0.569678 159 160 158 10 1031
3.430135 1.853098 -0.572326 157 158 156 10 1031
3.446154 1.836887 -0.574998 152 153 151 10 1031
3.462322 1.820524 -0.577696 149 149 148 10 1031
3.478643 1.804006 -0.580419 142 142 141 10 1031
3.496593 1.788086 -0.583414 142 143 141 10 1031
3.515186 1.772231 -0.586517 141 142 141 10 1031
3.536607 1.757514 -0.590091 155 155 154 10 1031
3.560630 1.743761 -0.594099 175 175 174 10 1031
4.503292 2.172923 -0.751384 184 165 142 1 4000
4.504228 2.140875 -0.751540 191 171 148 1 4000
4.505164 2.108814 -0.751697 199 178 155 1 4000
4.506100 2.076740 -0.751853 204 185 162 1 4000
4.507037 2.044652 -0.752009 200 179 153 1 4000
4.507974 2.012551 -0.752165 185 165 141 1 4000
4.508911 1.980437 -0.752322 171 152 129 1 4000
4.509850 1.948309 -0.752478 167 148 124 1 4000
4.510787 1.916168 -0.752635 177 156 131 1 4000
4.511726 1.884014 -0.752792 188 166 137 1 4000
4.512665 1.851846 -0.752948 196 174 146 1 4000
4.513604 1.819665 -0.753105 210 188 158 1 4000
4.514544 1.787470 -0.753262 224 201 170 1 4000
4.515484 1.755262 -0.753419 228 205 173 1 4000
4.516425 1.723040 -0.753576 208 188 160 1 4000
4.517365 1.690805 -0.753733 187 167 142 1 4000
4.518307 1.658557 -0.753890 230 209 181 1 4000
4.519248 1.626296 -0.754047 229 210 182 1 4000
4.520191 1.594020 -0.754204 226 208 181 1 4000
4.521133 1.561732 -0.754361 232 216 191 1 4000
4.522077 1.529430 -0.754519 235 220 196 1 4000
4.523020 1.497114 -0.754676 236 221 197 1 4000
4.523963 1.464785 -0.754833 238 220 194 1 4000
4.524908 1.432442 -0.754991 227 207 179 1 4000
4.525852 1.400086 -0.755149 197 176 148 1 4000
4.526797 1.367717 -0.755306 221 197 167 1 4000
4.527742 1.335334 -0.755464 255 230 197 1 4000
4.528687 1.302937 -0.755622 255 233 201 1 4000
4.529634 1.270527 -0.755779 255 235 203 1 4000
4.530581 1.238103 -0.755937 255 247 214 1 4000
4.531528 1.205666 -0.756095 255 243 211 1 4000
4.532475 1.173215 -0.756253 255 229 193 1 4000
4.533422 1.140751 -0.756412 247 217 181 1 4000
4.534370 1.108273 -0.756570 246 215 181 1 4000
4.535319 1.075781 -0.756728 250 220 186 1 4000
4.536268 1.043276 -0.756886 255 227 195 1 4000
4.537217 1.010757 -0.757045 255 231 199 1 4000
4.538167 0.978225 -0.757204 255 237 203 1 4000
4.539116 0.945679 -0.757362 255 236 203 1 4000
4.540067 0.913119 -0.757521 255 230 193 1 4000
4.541018 0.880546 -0.757680 255 227 192 1 4000
4.541969 0.847959 -0.757838 212 190 161 1 4000
4.542920 0.815358 -0.757997 255 249 224 1 4000
4.543872 0.782744 -0.758156 255 241 215 1 4000
4.544825 0.750116 -0.758315 255 245 220 1 4000
4.545778 0.717475 -0.758474 255 245 218 1 4000
4.546731 0.684819 -0.758633 254 233 202 1 4000
4.547685 0.652151 -0.758792 255 234 204 1 4000
4.548639 0.619468 -0.758951 251 228 198 1 4000
4.549593 0.586771 -0.759110 245 220 189 1 4000
4.550548 0.554061 -0.759270 236 206 170 1 4000
4.551503 0.521337 -0.759429 243 212 178 1 4000
4.552459 0.488600 -0.759588 254 228 195 1 4000
4.553414 0.455849 -0.759748 255 232 201 1 4000
4.554371 0.423083 -0.759907 255 235 203 1 4000
4.555328 0.390305 -0.760067 255 239 208 1 4000
4.556286 0.357512 -0.760227 255 231 197 1 4000
4.557243 0.324706 -0.760387 255 227 193 1 4000
4.558201 0.291885 -0.760547 218 193 163 1 4000
4.559159 0.259051 -0.760706 255 242 211 1 4000
4.560118 0.226203 -0.760866 255 237 205 1 4000
4.561078 0.193342 -0.761026 255 238 207 1 4000
4.562037 0.160466 -0.761187 255 241 208 1 4000
4.562997 0.127577 -0.761347 255 234 199 1 4000
4.563958 0.094674 -0.761507 255 241 207 1 4000
4.564919 0.061757 -0.761667 255 236 201 1 4000
4.565879 0.028826 -0.761828 250 223 191 1 4000
4.566841 -0.004119 -0.761988 250 229 198 1 4000
4.567803 -0.037077 -0.762149 255 244 211 1 4000
4.568766 -0.070050 -0.762309 255 239 206 1 4000
4.569729 -0.103036 -0.762470 255 245 214 1 4000
4.570692 -0.136037 -0.762631 255 252 223 1 4000
4.571656 -0.169051 -0.762791 255 250 220 1 4000
4.572620 -0.202079 -0.762952 255 248 220 1 4000
4.573585 -0.235121 -0.763113 255 250 221 1 4000
4.574550 -0.268177 -0.763274 233 210 180 1 4000
4.575515 -0.301247 -0.763435 255 241 204 1 4000
4.576480 -0.334331 -0.763596 255 238 202 1 4000
4.577446 -0.367429 -0.763758 255 243 208 1 4000
4.578413 -0.400541 -0.763919 255 250 219 1 4000
4.579381 -0.433667 -0.764080 255 234 203 1 4000
4.580348 -0.466807 -0.764242 255 231 201 1 4000
4.581315 -0.499961 -0.764403 255 239 206 1 4000
4.582283 -0.533128 -0.764565 255 246 211 1 4000
4.583252 -0.566310 -0.764726 255 247 211 1 4000
4.584221 -0.599506 -0.764888 255 255 217 1 4000
4.585190 -0.632716 -0.765050 255 255 221 1 4000
4.586160 -0.665940 -0.765212 255 255 225 1 4000
4.587131 -0.699178 -0.765373 255 255 223 1 4000
4.588101 -0.732431 -0.765535 255 255 220 1 4000
4.589072 -0.765697 -0.765697 255 255 217 1 4000
4.590044 -0.798977 -0.765860 255 246 208 1 4000
4.591015 -0.832272 -0.766022 217 195 167 1 4000
4.591988 -0.865580 -0.766184 255 255 229 1 4000
4.592961 -0.898903 -0.766346 255 251 225 1 4000
4.593934 -0.932240 -0.766509 255 247 220 1 4000
4.594907 -0.965590 -0.766671 255 250 222 1 4000
4.595881 -0.998955 -0.766833 255 249 222 1 4000
4.596855 -1.032335 -0.766996 255 245 216 1 4000
4.597830 -1.065728 -0.767159 255 241 210 1 4000
4.598805 -1.099135 -0.767321 249 227 198 1 4000
4.599781 -1.132557 -0.767484 255 227 193 1 4000
4.600757 -1.165993 -0.767647 255 242 208 1 4000
4.601733 -1.199443 -0.767810 255 255 222 1 4000
4.602710 -1.232907 -0.767973 255 255 224 1 4000
4.603687 -1.266386 -0.768136 255 255 221 1 4000
4.604665 -1.299878 -0.768299 255 250 212 1 4000
4.605643 -1.333385 -0.768462 255 248 211 1 4000
4.606622 -1.366906 -0.768625 255 243 205 1 4000
4.607601 -1.400442 -0.768789 254 229 196 1 4000
4.608580 -1.433991 -0.768952 255 255 223 1 4000
4.609560 -1.467555 -0.769116 255 255 221 1 4000
4.610540 -1.501133 -0.769279 255 253 218 1 4000
4.611521 -1.534726 -0.769443 255 255 221 1 4000
4.612502 -1.568333 -0.769607 255 255 225 1 4000
4.613483 -1.601954 -0.769770 255 255 225 1 4000
4.614465 -1.635589 -0.769934 255 252 219 1 4000
4.615447 -1.669239 -0.770098 224 201 171 1 4000
4.616430 -1.702903 -0.770262 255 245 207 1 4000
4.617414 -1.736581 -0.770426 255 249 210 1 4000
4.618396 -1.770274 -0.770590 255 255 233 1 4000
4.619380 -1.803981 -0.770754 255 254 219 1 4000
4.620364 -1.837702 -0.770918 255 255 224 1 4000
4.621349 -1.871438 -0.771083 255 255 223 1 4000
4.622335 -1.905188 -0.771247 255 247 211 1 4000
4.623321 -1.938953 -0.771412 255 234 200 1 4000
4.624306 -1.972732 -0.771576 255 236 199 1 4000
4.625293 -2.006525 -0.771741 255 246 209 1 4000
4.626279 -2.040333 -0.771905 255 255 223 1 4000
4.627267 -2.074155 -0.772070 255 255 224 1 4000
4.628255 -2.107992 -0.772235 255 253 220 1 4000
4.629242 -2.141843 -0.772400 255 253 221 1 4000
4.630231 -2.175709 -0.772565 255 241 205 1 4000
4.631221 -2.209589 -0.772730 255 235 199 1 4000
4.632210 -2.243483 -0.772895 255 234 201 1 4000
4.633200 -2.277392 -0.773060 255 242 211 1 4000
4.634190 -2.311316 -0.773225 255 242 210 1 4000
4.635180 -2.345254 -0.773391 255 241 206 1 4000
4.636171 -2.379206 -0.773556 255 231 196 1 4000
4.637163 -2.413173 -0.773721 255 227 192 1 4000
4.638155 -2.447155 -0.773887 255 225 190 1 4000
4.639147 -2.481151 -0.774052 253 219 182 1 4000
4.640140 -2.515162 -0.774218 222 199 169 1 4000
4.641133 -2.549187 -0.774384 255 238 211 1 4000
4.642127 -2.583226 -0.774550 255 240 214 1 4000
4.643121 -2.617281 -0.774715 254 236 209 1 4000
4.644115 -2.651350 -0.774881 254 235 209 1 4000
3.357907 1.935218 -0.584502 161 161 160 10 1031
3.370762 1.918305 -0.586740 160 160 158 10 1031
3.386229 1.902675 -0.589432 156 156 155 10 1031
3.401839 1.886901 -0.592149 155 155 153 10 1031
3.417593 1.870981 -0.594892 147 147 146 10 1031
3.433495 1.854913 -0.597660 141 141 140 10 1031
3.450336 1.839116 -0.600591 136 136 134 10 1031
3.468439 1.823740 -0.603742 141 141 140 10 1031
3.486733 1.808202 -0.606927 136 136 135 10 1031
3.505221 1.792498 -0.610145 137 137 136 10 1031
3.523906 1.776628 -0.613397 141 141 140 10 1031
3.544440 1.761406 -0.616972 148 149 147 10 1031
3.568707 1.747717 -0.621196 167 168 166 10 1031
4.454284 2.149275 -0.775346 160 142 120 1 4000
4.455200 2.117572 -0.775505 150 135 116 1 4000
4.456115 2.085855 -0.775665 151 136 117 1 4000
4.457031 2.054125 -0.775824 157 140 120 1 4000
4.457948 2.022382 -0.775984 159 141 121 1 4000
4.458864 1.990626 -0.776143 163 148 126 1 4000
4.459781 1.958858 -0.776303 149 132 110 1 4000
4.460698 1.927075 -0.776462 174 155 129 1 4000
4.461617 1.895280 -0.776622 174 155 130 1 4000
4.462535 1.863472 -0.776782 168 151 127 1 4000
4.463453 1.831651 -0.776942 174 156 133 1 4000
4.464373 1.799817 -0.777102 182 163 139 1 4000
4.465292 1.767969 -0.777262 203 181 153 1 4000
4.466212 1.736109 -0.777422 189 170 144 1 4000
4.467132 1.704235 -0.777582 199 180 155 1 4000
4.468052 1.672348 -0.777743 213 194 168 1 4000
4.468973 1.640448 -0.777903 220 201 174 1 4000
4.469894 1.608535 -0.778063 224 207 182 1 4000
4.470816 1.576609 -0.778224 219 202 177 1 4000
4.471738 1.544669 -0.778384 226 211 187 1 4000
4.472661 1.512717 -0.778545 230 213 188 1 4000
4.473583 1.480751 -0.778705 230 210 183 1 4000
4.474506 1.448772 -0.778866 227 208 182 1 4000
4.475430 1.416779 -0.779027 202 184 160 1 4000
4.476354 1.384774 -0.779188 211 192 166 1 4000
4.477278 1.352755 -0.779348 238 214 184 1 4000
4.478203 1.320724 -0.779509 247 222 190 1 4000
4.479128 1.288678 -0.779670 253 229 197 1 4000
4.480054 1.256620 -0.779832 255 245 214 1 4000
4.480979 1.224548 -0.779993 255 250 215 1 4000
4.481906 1.192464 -0.780154 255 239 202 1 4000
4.482832 1.160365 -0.780315 255 226 189 1 4000
4.483759 1.128254 -0.780477 213 186 153 1 4000
4.484687 1.096129 -0.780638 248 218 183 1 4000
4.485615 1.063991 -0.780800 250 222 188 1 4000
4.486543 1.031840 -0.780962 252 224 190 1 4000
4.487471 0.999675 -0.781123 255 226 190 1 4000
4.488400 0.967497 -0.781285 255 231 198 1 4000
4.489329 0.935306 -0.781447 254 224 190 1 4000
4.490259 0.903102 -0.781609 255 228 192 1 4000
4.491189 0.870884 -0.781770 255 231 197 1 4000
4.492119 0.838652 -0.781932 234 212 182 1 4000
4.493051 0.806408 -0.782094 253 232 202 1 4000
4.493982 0.774150 -0.782257 249 227 195 1 4000
4.494914 0.741879 -0.782419 251 230 201 1 4000
4.495845 0.709594 -0.782581 251 229 200 1 4000
4.496778 0.677296 -0.782743 254 232 201 1 4000
4.497711 0.644984 -0.782906 248 224 191 1 4000
4.498644 0.612659 -0.783068 248 223 192 1 4000
4.499578 0.580321 -0.783231 243 219 188 1 4000
4.500511 0.547969 -0.783393 246 218 183 1 4000
4.501445 0.515604 -0.783556 255 231 198 1 4000
4.502380 0.483225 -0.783718 255 230 199 1 4000
4.503315 0.450833 -0.783881 255 231 199 1 4000
4.504251 0.418427 -0.784044 255 234 204 1 4000
4.505187 0.386008 -0.784207 255 241 210 1 4000
4.506123 0.353576 -0.784370 255 232 198 1 4000
4.507060 0.321130 -0.784533 255 234 200 1 4000
4.507997 0.288670 -0.784696 206 183 153 1 4000
4.508934 0.256198 -0.784859 254 226 190 1 4000
4.509872 0.223711 -0.785022 248 218 181 1 4000
4.510810 0.191211 -0.785186 253 225 188 1 4000
4.511749 0.158698 -0.785349 255 230 193 1 4000
4.512688 0.126170 -0.785513 255 232 197 1 4000
4.513628 0.093630 -0.785676 255 230 196 1 4000
4.514567 0.061076 -0.785840 255 232 197 1 4000
4.515507 0.028508 -0.786003 255 232 199 1 4000
4.516448 -0.004073 -0.786167 255 233 201 1 4000
4.517388 -0.036668 -0.786331 255 238 207 1 4000
4.518330 -0.069277 -0.786495 255 234 203 1 4000
4.519272 -0.101899 -0.786659 255 236 207 1 4000
4.520214 -0.134534 -0.786823 255 244 217 1 4000
4.521156 -0.167184 -0.786987 255 248 222 1 4000
4.522099 -0.199846 -0.787151 255 250 223 1 4000
4.523043 -0.232523 -0.787315 255 240 208 1 4000
4.523987 -0.265213 -0.787479 240 219 187 1 4000
4.524931 -0.297917 -0.787644 255 232 197 1 4000
4.525875 -0.330634 -0.787808 255 240 205 1 4000
4.526820 -0.363365 -0.787973 255 239 205 1 4000
4.527765 -0.396110 -0.788137 255 246 213 1 4000
4.528711 -0.428868 -0.788302 255 249 215 1 4000
4.529657 -0.461641 -0.788466 255 255 227 1 4000
4.530604 -0.494426 -0.788631 255 255 219 1 4000
4.531550 -0.527226 -0.788796 255 248 208 1 4000
4.532498 -0.560039 -0.788961 255 223 186 1 4000
4.533445 -0.592866 -0.789126 255 245 209 1 4000
4.534394 -0.625707 -0.789291 255 249 214 1 4000
4.535342 -0.658561 -0.789456 255 253 218 1 4000
4.536291 -0.691429 -0.789621 255 255 222 1 4000
4.537240 -0.724311 -0.789786 255 255 225 1 4000
4.538189 -0.757207 -0.789952 255 254 214 1 4000
4.539140 -0.790117 -0.790117 255 248 209 1 4000
4.540091 -0.823040 -0.790282 247 220 185 1 4000
4.541041 -0.855977 -0.790448 255 250 224 1 4000
4.541993 -0.888928 -0.790614 255 246 218 1 4000
4.542944 -0.921892 -0.790779 255 247 218 1 4000
4.543896 -0.954871 -0.790945 255 250 223 1 4000
4.544848 -0.987863 -0.791111 255 238 206 1 4000
4.545801 -1.020869 -0.791277 255 239 207 1 4000
4.546754 -1.053889 -0.791442 255 239 206 1 4000
4.547708 -1.086923 -0.791608 255 235 201 1 4000
4.548662 -1.119971 -0.791775 244 214 176 1 4000
4.549616 -1.153032 -0.791941 255 230 193 1 4000
4.550571 -1.186108 -0.792107 255 242 208 1 4000
4.551527 -1.219197 -0.792273 255 249 215 1 4000
4.552482 -1.252300 -0.792439 255 253 218 1 4000
4.553439 -1.285417 -0.792606 255 255 223 1 4000
4.554394 -1.318548 -0.792772 255 248 211 1 4000
4.555351 -1.351693 -0.792939 255 244 209 1 4000
4.556309 -1.384852 -0.793106 246 218 185 1 4000
4.557266 -1.418025 -0.793272 255 255 224 1 4000
4.558225 -1.451212 -0.793439 255 252 217 1 4000
4.559183 -1.484412 -0.793606 255 255 222 1 4000
4.560142 -1.517627 -0.793773 255 255 220 1 4000
4.561101 -1.550856 -0.793940 255 246 208 1 4000
4.562061 -1.584098 -0.794107 255 254 217 1 4000
4.563021 -1.617355 -0.794274 255 249 212 1 4000
4.563981 -1.650625 -0.794441 255 238 203 1 4000
4.564942 -1.683910 -0.794608 255 244 211 1 4000
4.565903 -1.717209 -0.794776 255 254 219 1 4000
4.566865 -1.750521 -0.794943 255 252 218 1 4000
4.567827 -1.783848 -0.795110 255 255 226 1 4000
4.568789 -1.817189 -0.795278 255 255 233 1 4000
4.569753 -1.850544 -0.795446 255 255 232 1 4000
4.570716 -1.883912 -0.795613 255 255 231 1 4000
4.571680 -1.917295 -0.795781 255 255 230 1 4000
4.572644 -1.950693 -0.795949 239 214 183 1 4000
4.573608 -1.984103 -0.796117 255 250 211 1 4000
4.574574 -2.017529 -0.796285 255 247 211 1 4000
4.575538 -2.050968 -0.796453 255 252 216 1 4000
4.576504 -2.084422 -0.796621 255 255 228 1 4000
4.577470 -2.117889 -0.796789 255 255 223 1 4000
4.578437 -2.151371 -0.796957 255 254 220 1 4000
4.579404 -2.184866 -0.797126 255 249 214 1 4000
4.580371 -2.218376 -0.797294 255 233 197 1 4000
4.581339 -2.251901 -0.797462 255 243 207 1 4000
4.582307 -2.285439 -0.797631 255 238 202 1 4000
4.583276 -2.318992 -0.797800 255 232 199 1 4000
4.584245 -2.352558 -0.797968 255 234 200 1 4000
4.585214 -2.386139 -0.798137 255 236 203 1 4000
4.586185 -2.419734 -0.798306 255 233 200 1 4000
4.587154 -2.453343 -0.798475 255 228 193 1 4000
4.588125 -2.486967 -0.798644 255 226 191 1 4000
4.589096 -2.520605 -0.798813 252 232 205 1 4000
4.590068 -2.554257 -0.798982 255 243 219 1 4000
4.591040 -2.587923 -0.799151 255 239 213 1 4000
4.592012 -2.621603 -0.799320 252 234 208 1 4000
3.358649 1.935646 -0.608865 148 148 147 10 1031
3.374006 1.920152 -0.611649 143 143 141 10 1031
3.389503 1.904515 -0.614458 138 138 137 10 1031
3.405287 1.888814 -0.617320 137 137 136 10 1031
3.422919 1.873897 -0.620516 137 137 136 10 1031
3.440735 1.858824 -0.623746 136 136 135 10 1031
3.458736 1.843594 -0.627009 137 137 136 10 1031
3.476928 1.828204 -0.630307 138 138 137 10 1031
3.495312 1.812651 -0.633640 140 141 139 10 1031
3.513891 1.796932 -0.637008 140 140 139 10 1031
3.532669 1.781046 -0.640412 138 138 137 10 1031
3.551649 1.764989 -0.643852 138 139 137 10 1031
3.576822 1.751691 -0.648416 165 166 164 10 1031
4.406331 2.126137 -0.798792 196 185 167 1 4000
4.407227 2.094770 -0.798954 200 182 157 1 4000
4.408122 2.063390 -0.799116 194 174 148 1 4000
4.409019 2.031998 -0.799279 193 173 147 1 4000
4.409915 2.000592 -0.799441 195 175 148 1 4000
4.410813 1.969174 -0.799604 170 152 127 1 4000
4.411710 1.937744 -0.799767 203 184 156 1 4000
4.412608 1.906300 -0.799929 208 190 165 1 4000
4.413507 1.874843 -0.800092 213 197 173 1 4000
4.414404 1.843374 -0.800255 214 200 178 1 4000
4.415304 1.811892 -0.800418 210 196 175 1 4000
4.416203 1.780397 -0.800581 209 195 173 1 4000
4.417103 1.748889 -0.800744 216 202 180 1 4000
4.418003 1.717369 -0.800907 215 195 167 1 4000
4.418903 1.685835 -0.801071 191 169 144 1 4000
4.419804 1.654289 -0.801234 235 212 182 1 4000
4.420705 1.622730 -0.801397 235 212 181 1 4000
4.421607 1.591158 -0.801561 234 213 182 1 4000
4.422509 1.559573 -0.801724 239 217 188 1 4000
4.423410 1.527975 -0.801888 234 212 180 1 4000
4.424313 1.496365 -0.802051 229 206 172 1 4000
4.425216 1.464741 -0.802215 221 198 164 1 4000
4.426120 1.433105 -0.802379 205 183 153 1 4000
4.427023 1.401455 -0.802543 186 161 133 1 4000
4.427927 1.369793 -0.802707 241 212 179 1 4000
4.428832 1.338118 -0.802871 254 226 192 1 4000
4.429736 1.306430 -0.803034 255 244 213 1 4000
4.430642 1.274728 -0.803199 255 241 210 1 4000
4.431547 1.243014 -0.803363 255 255 228 1 4000
4.432453 1.211287 -0.803527 255 248 213 1 4000
4.433359 1.179547 -0.803691 255 242 206 1 4000
4.434266 1.147794 -0.803856 255 238 203 1 4000
4.435173 1.116028 -0.804020 253 233 204 1 4000
4.436080 1.084249 -0.804185 255 233 200 1 4000
4.436988 1.052457 -0.804350 255 234 199 1 4000
4.437896 1.020652 -0.804514 251 224 188 1 4000
4.438805 0.988834 -0.804679 255 234 200 1 4000
4.439714 0.957003 -0.804844 253 228 193 1 4000
4.440623 0.925159 -0.805009 249 223 188 1 4000
4.441533 0.893301 -0.805174 255 231 196 1 4000
4.442443 0.861431 -0.805339 248 218 185 1 4000
4.443353 0.829548 -0.805504 255 232 201 1 4000
4.444264 0.797652 -0.805669 255 235 204 1 4000
4.445175 0.765742 -0.805834 252 229 198 1 4000
4.446086 0.733820 -0.805999 248 225 194 1 4000
4.446999 0.701884 -0.806164 255 236 208 1 4000
4.447910 0.669935 -0.806330 255 235 206 1 4000
4.448823 0.637974 -0.806495 252 229 196 1 4000
4.449736 0.605998 -0.806661 248 225 195 1 4000
4.450649 0.574010 -0.806826 221 198 167 1 4000
4.451563 0.542009 -0.806992 240 213 180 1 4000
4.452477 0.509995 -0.807158 243 217 184 1 4000
4.453392 0.477967 -0.807323 242 215 182 1 4000
4.454307 0.445927 -0.807489 242 221 192 1 4000
4.455222 0.413873 -0.807655 237 216 187 1 4000
4.456137 0.381806 -0.807821 232 208 178 1 4000
4.457054 0.349726 -0.807987 234 210 180 1 4000
4.457970 0.317632 -0.808153 230 210 182 1 4000
4.458886 0.285526 -0.808319 191 172 146 1 4000
4.459804 0.253406 -0.808486 217 195 164 1 4000
4.460721 0.221273 -0.808652 226 205 176 1 4000
4.461639 0.189127 -0.808819 218 200 174 1 4000
4.462557 0.156967 -0.808985 213 195 169 1 4000
4.463476 0.124795 -0.809151 209 189 163 1 4000
4.464395 0.092609 -0.809318 208 186 157 1 4000
4.465314 0.060409 -0.809485 222 199 170 1 4000
4.466234 0.028197 -0.809651 215 195 168 1 4000
4.467154 -0.004029 -0.809818 225 204 175 1 4000
4.468075 -0.036268 -0.809985 230 209 180 1 4000
4.468996 -0.068520 -0.810152 243 223 194 1 4000
4.469917 -0.100786 -0.810319 235 216 189 1 4000
4.470839 -0.133065 -0.810486 248 232 206 1 4000
4.471760 -0.165357 -0.810653 248 229 201 1 4000
4.472683 -0.197663 -0.810821 250 228 198 1 4000
4.473606 -0.229981 -0.810988 255 234 204 1 4000
4.474529 -0.262314 -0.811155 242 221 192 1 4000
4.475453 -0.294659 -0.811323 252 229 198 1 4000
4.476377 -0.327018 -0.811490 251 224 190 1 4000
4.477301 -0.359390 -0.811658 255 233 198 1 4000
4.478226 -0.391776 -0.811825 255 244 210 1 4000
4.479151 -0.424175 -0.811993 255 255 225 1 4000
4.480076 -0.456588 -0.812161 255 254 218 1 4000
4.481002 -0.489013 -0.812329 255 248 208 1 4000
4.481929 -0.521453 -0.812497 255 244 204 1 4000
4.482855 -0.553905 -0.812665 233 203 167 1 4000
4.483782 -0.586371 -0.812833 255 240 202 1 4000
4.484710 -0.618851 -0.813001 255 245 209 1 4000
4.485637 -0.651344 -0.813169 255 242 203 1 4000
4.486566 -0.683850 -0.813337 255 248 209 1 4000
4.487494 -0.716370 -0.813505 255 249 212 1 4000
4.488423 -0.748903 -0.813674 255 242 204 1 4000
4.489353 -0.781450 -0.813842 255 248 209 1 4000
4.490282 -0.814010 -0.814011 255 250 213 1 4000
4.491212 -0.846584 -0.814179 254 231 200 1 4000
4.492142 -0.879171 -0.814348 255 236 205 1 4000
4.493073 -0.911772 -0.814517 252 229 198 1 4000
4.494005 -0.944386 -0.814686 254 231 200 1 4000
4.494936 -0.977014 -0.814855 255 234 204 1 4000
4.495868 -1.009655 -0.815024 255 243 210 1 4000
4.496800 -1.042310 -0.815193 255 237 204 1 4000
4.497734 -1.074979 -0.815362 255 243 210 1 4000
4.498667 -1.107661 -0.815531 237 212 180 1 4000
4.499600 -1.140356 -0.815700 255 237 200 1 4000
4.500535 -1.173065 -0.815869 255 247 212 1 4000
4.501469 -1.205788 -0.816039 255 247 214 1 4000
4.502404 -1.238524 -0.816208 255 247 214 1 4000
4.503339 -1.271274 -0.816378 255 254 223 1 4000
4.504274 -1.304038 -0.816547 255 255 224 1 4000
4.505210 -1.336815 -0.816717 255 247 212 1 4000
4.506145 -1.369605 -0.816887 255 246 211 1 4000
4.507083 -1.402410 -0.817057 254 224 187 1 4000
4.508020 -1.435228 -0.817226 255 238 201 1 4000
4.508957 -1.468059 -0.817396 255 232 192 1 4000
4.509895 -1.500905 -0.817566 255 240 201 1 4000
4.510833 -1.533764 -0.817736 255 244 206 1 4000
4.511772 -1.566636 -0.817907 255 242 204 1 4000
4.512711 -1.599523 -0.818077 255 243 206 1 4000
4.513650 -1.632423 -0.818247 255 249 214 1 4000
4.514590 -1.665336 -0.818417 248 223 190 1 4000
4.515530 -1.698264 -0.818588 255 250 219 1 4000
4.516471 -1.731205 -0.818758 255 249 216 1 4000
4.517412 -1.764160 -0.818929 255 244 214 1 4000
4.518353 -1.797128 -0.819100 255 255 226 1 4000
4.519296 -1.830111 -0.819270 255 255 230 1 4000
4.520237 -1.863107 -0.819441 255 255 230 1 4000
4.521180 -1.896117 -0.819612 255 255 226 1 4000
4.522122 -1.929140 -0.819783 255 250 216 1 4000
4.523066 -1.962178 -0.819954 255 232 196 1 4000
4.524010 -1.995229 -0.820125 255 245 210 1 4000
4.524954 -2.028294 -0.820296 255 246 211 1 4000
4.525899 -2.061373 -0.820467 255 251 218 1 4000
4.526843 -2.094465 -0.820639 255 255 222 1 4000
4.527789 -2.127572 -0.820810 255 255 222 1 4000
4.528734 -2.160691 -0.820982 255 254 220 1 4000
4.529680 -2.193826 -0.821153 255 241 202 1 4000
4.530627 -2.226974 -0.821325 237 208 174 1 4000
4.531574 -2.260136 -0.821496 255 235 200 1 4000
4.532521 -2.293311 -0.821668 255 239 204 1 4000
4.533469 -2.326501 -0.821840 255 227 195 1 4000
4.534417 -2.359704 -0.822012 255 232 200 1 4000
4.535366 -2.392921 -0.822184 255 242 208 1 4000
4.536314 -2.426153 -0.822356 255 231 198 1 4000
4.537263 -2.459398 -0.822528 253 224 190 1 4000
4.538213 -2.492657 -0.822700 251 223 188 1 4000
4.539163 -2.525930 -0.822872 254 234 206 1 4000
4.540113 -2.559216 -0.823044 253 235 208 1 4000
4.541064 -2.592517 -0.823217 251 233 205 1 4000
3.361871 1.937502 -0.633706 134 134 133 10 1031
3.378578 1.922754 -0.636855 134 135 133 10 1031
3.395934 1.908129 -0.640127 132 133 132 10 1031
3.413469 1.893352 -0.643432 135 135 134 10 1031
3.431187 1.878423 -0.646772 134 135 134 10 1031
3.449089 1.863337 -0.650146 137 137 136 10 1031
3.467178 1.848094 -0.653556 135 135 134 10 1031
3.485459 1.832689 -0.657002 138 138 136 10 1031
3.503933 1.817122 -0.660484 137 137 136 10 1031
3.522605 1.801388 -0.664004 137 137 135 10 1031
3.541476 1.785486 -0.667561 138 139 137 10 1031
3.560551 1.769413 -0.671156 138 139 138 10 1031
3.584973 1.755682 -0.675760 157 158 156 10 1031
3.609660 1.741728 -0.680413 175 176 174 10 1031
4.360276 2.072454 -0.821903 200 181 153 1 4000
4.361153 2.041404 -0.822068 197 178 150 1 4000
4.362030 2.010342 -0.822234 194 173 146 1 4000
4.362908 1.979267 -0.822399 187 166 137 1 4000
4.363786 1.948179 -0.822565 195 174 148 1 4000
4.364665 1.917080 -0.822730 206 186 159 1 4000
4.365543 1.885967 -0.822896 213 192 166 1 4000
4.366422 1.854842 -0.823061 214 199 175 1 4000
4.367302 1.823705 -0.823227 214 200 177 1 4000
4.368182 1.792555 -0.823393 214 200 178 1 4000
4.369062 1.761392 -0.823559 210 195 172 1 4000
4.369942 1.730217 -0.823725 213 194 167 1 4000
4.370823 1.699029 -0.823891 220 200 172 1 4000
4.371705 1.667829 -0.824057 229 206 177 1 4000
4.372586 1.636616 -0.824223 233 211 182 1 4000
4.373468 1.605390 -0.824390 240 218 189 1 4000
4.374351 1.574153 -0.824556 240 218 188 1 4000
4.375233 1.542902 -0.824722 239 218 190 1 4000
4.376116 1.511639 -0.824889 236 216 188 1 4000
4.377000 1.480363 -0.825055 230 209 179 1 4000
4.377883 1.449074 -0.825222 213 194 168 1 4000
4.378768 1.417773 -0.825389 210 191 165 1 4000
4.379652 1.386459 -0.825555 235 207 173 1 4000
4.380537 1.355133 -0.825722 254 226 191 1 4000
4.381422 1.323793 -0.825889 255 236 204 1 4000
4.382308 1.292442 -0.826056 255 242 211 1 4000
4.383193 1.261077 -0.826223 255 247 215 1 4000
4.384079 1.229700 -0.826390 255 250 217 1 4000
4.384966 1.198310 -0.826557 255 255 223 1 4000
4.385853 1.166908 -0.826724 255 252 220 1 4000
4.386741 1.135492 -0.826891 252 224 188 1 4000
4.387628 1.104064 -0.827059 255 253 220 1 4000
4.388516 1.072623 -0.827227 255 255 227 1 4000
4.389405 1.041170 -0.827394 255 242 210 1 4000
4.390293 1.009704 -0.827562 255 240 209 1 4000
4.391182 0.978225 -0.827729 255 235 204 1 4000
4.392072 0.946733 -0.827897 254 231 198 1 4000
4.392962 0.915229 -0.828065 252 229 198 1 4000
4.393852 0.883712 -0.828233 246 218 182 1 4000
4.394743 0.852182 -0.828400 207 183 152 1 4000
4.395633 0.820639 -0.828568 255 230 199 1 4000
4.396525 0.789083 -0.828736 255 226 192 1 4000
4.397417 0.757515 -0.828904 255 234 204 1 4000
4.398308 0.725934 -0.829073 255 243 211 1 4000
4.399201 0.694340 -0.829241 255 243 214 1 4000
4.400094 0.662733 -0.829409 255 245 216 1 4000
4.400987 0.631114 -0.829577 255 242 212 1 4000
4.401880 0.599481 -0.829746 255 236 205 1 4000
4.402774 0.567836 -0.829914 200 179 150 1 4000
4.403668 0.536178 -0.830083 251 228 195 1 4000
4.404563 0.504507 -0.830251 255 239 208 1 4000
4.405457 0.472823 -0.830420 255 242 214 1 4000
4.406353 0.441126 -0.830589 255 244 214 1 4000
4.407249 0.409416 -0.830758 255 233 200 1 4000
4.408144 0.377694 -0.830927 250 225 191 1 4000
4.409041 0.345958 -0.831096 250 225 192 1 4000
4.409937 0.314210 -0.831265 250 224 190 1 4000
4.410835 0.282449 -0.831434 222 200 169 1 4000
4.411732 0.250674 -0.831603 255 238 203 1 4000
4.412630 0.218887 -0.831772 255 242 209 1 4000
4.413528 0.187087 -0.831941 255 254 225 1 4000
4.414427 0.155274 -0.832111 255 251 223 1 4000
4.415326 0.123448 -0.832280 255 249 221 1 4000
4.416225 0.091609 -0.832450 255 249 221 1 4000
4.417125 0.059757 -0.832619 255 246 218 1 4000
4.418025 0.027893 -0.832789 254 228 194 1 4000
4.418925 -0.003985 -0.832959 255 230 197 1 4000
4.419826 -0.035876 -0.833129 255 241 206 1 4000
4.420727 -0.067780 -0.833298 255 239 204 1 4000
4.421628 -0.099697 -0.833468 255 242 208 1 4000
4.422531 -0.131627 -0.833638 255 242 208 1 4000
4.423433 -0.163570 -0.833808 255 237 201 1 4000
4.424335 -0.195526 -0.833978 255 227 189 1 4000
4.425238 -0.227495 -0.834149 254 227 190 1 4000
4.426142 -0.259477 -0.834319 243 218 181 1 4000
4.427045 -0.291472 -0.834489 255 223 187 1 4000
4.427949 -0.323480 -0.834660 255 239 203 1 4000
4.428854 -0.355502 -0.834830 255 255 224 1 4000
4.429759 -0.387536 -0.835001 255 255 236 1 4000
4.430664 -0.419583 -0.835171 255 255 233 1 4000
4.431569 -0.451644 -0.835342 255 255 227 1 4000
4.432476 -0.483718 -0.835513 255 255 219 1 4000
4.433382 -0.515804 -0.835684 255 249 212 1 4000
4.434288 -0.547904 -0.835855 244 218 186 1 4000
4.435195 -0.580017 -0.836026 255 255 225 1 4000
4.436102 -0.612144 -0.836196 255 255 226 1 4000
4.437010 -0.644283 -0.836368 255 249 209 1 4000
4.437919 -0.676435 -0.836539 255 255 217 1 4000
4.438827 -0.708601 -0.836710 255 254 217 1 4000
4.439736 -0.740780 -0.836881 255 250 211 1 4000
4.440645 -0.772972 -0.837053 255 245 206 1 4000
4.441555 -0.805177 -0.837224 255 249 211 1 4000
4.442465 -0.837395 -0.837396 254 230 199 1 4000
4.443375 -0.869627 -0.837567 255 242 211 1 4000
4.444286 -0.901872 -0.837739 255 237 206 1 4000
4.445197 -0.934130 -0.837911 255 231 199 1 4000
4.446109 -0.966401 -0.838083 255 240 210 1 4000
4.447021 -0.998686 -0.838255 255 243 213 1 4000
4.447933 -1.030983 -0.838427 255 245 211 1 4000
4.448846 -1.063294 -0.838599 255 245 212 1 4000
4.449758 -1.095618 -0.838771 255 240 207 1 4000
4.450672 -1.127956 -0.838943 255 231 196 1 4000
4.451585 -1.160307 -0.839115 255 237 201 1 4000
4.452500 -1.192671 -0.839287 255 237 202 1 4000
4.453414 -1.225048 -0.839460 255 249 217 1 4000
4.454329 -1.257439 -0.839632 255 241 210 1 4000
4.455244 -1.289843 -0.839805 255 231 199 1 4000
4.456160 -1.322260 -0.839977 255 233 201 1 4000
4.457076 -1.354691 -0.840150 255 246 215 1 4000
4.457993 -1.387135 -0.840323 231 210 181 1 4000
4.458910 -1.419592 -0.840496 255 231 195 1 4000
4.459826 -1.452063 -0.840668 255 233 200 1 4000
4.460743 -1.484547 -0.840841 255 247 219 1 4000
4.461661 -1.517044 -0.841014 255 238 211 1 4000
4.462580 -1.549555 -0.841187 243 225 198 1 4000
4.463499 -1.582079 -0.841361 233 212 182 1 4000
4.464418 -1.614617 -0.841534 241 218 187 1 4000
4.465337 -1.647168 -0.841707 238 218 189 1 4000
4.466257 -1.679732 -0.841881 221 199 170 1 4000
4.467177 -1.712310 -0.842054 231 209 179 1 4000
4.468097 -1.744901 -0.842227 237 216 186 1 4000
4.469018 -1.777506 -0.842401 236 215 186 1 4000
4.469940 -1.810124 -0.842575 231 214 187 1 4000
4.470861 -1.842755 -0.842748 235 215 187 1 4000
4.471783 -1.875400 -0.842922 239 216 184 1 4000
4.472706 -1.908059 -0.843096 248 225 194 1 4000
4.473629 -1.940731 -0.843270 228 208 179 1 4000
4.474552 -1.973416 -0.843444 247 223 190 1 4000
4.475476 -2.006115 -0.843618 247 221 187 1 4000
4.476399 -2.038827 -0.843792 255 228 193 1 4000
4.477324 -2.071553 -0.843967 255 233 201 1 4000
4.478249 -2.104293 -0.844141 255 241 208 1 4000
4.479174 -2.137046 -0.844315 255 237 202 1 4000
4.480099 -2.169812 -0.844490 255 234 197 1 4000
4.481025 -2.202592 -0.844664 255 228 189 1 4000
4.481952 -2.235386 -0.844839 234 205 170 1 4000
4.482878 -2.268193 -0.845013 255 229 191 1 4000
4.483805 -2.301014 -0.845188 255 236 201 1 4000
4.484733 -2.333848 -0.845363 254 223 186 1 4000
4.485660 -2.366696 -0.845538 252 223 189 1 4000
4.486588 -2.399558 -0.845713 249 220 185 1 4000
4.487517 -2.432433 -0.845888 254 223 187 1 4000
4.488445 -2.465322 -0.846063 252 224 189 1 4000
4.489375 -2.498224 -0.846238 243 218 186 1 4000
4.490305 -2.531140 -0.846413 245 225 196 1 4000
4.491235 -2.564070 -0.846589 246 223 193 1 4000
3.369372 1.941825 -0.659430 131 131 130 10 1031
3.386633 1.927338 -0.662809 132 133 131 10 1031
3.404072 1.912701 -0.666222 133 134 133 10 1031
3.421692 1.897913 -0.669670 135 135 134 10 1031
3.439495 1.882971 -0.673154 135 135 134 10 1031
3.457483 1.867872 -0.676675 135 136 134 10 1031
3.475662 1.852615 -0.680233 135 135 134 10 1031
3.494032 1.837197 -0.683828 135 136 134 10 1031
3.512598 1.821615 -0.687462 137 138 136 10 1031
3.531362 1.805866 -0.691134 135 135 134 10 1031
3.550327 1.789948 -0.694846 136 136 135 10 1031
3.569498 1.773859 -0.698598 137 137 135 10 1031
3.592545 1.759391 -0.703108 152 152 150 10 1031
3.617961 1.745734 -0.708083 170 170 169 10 1031
4.314315 2.050609 -0.844368 204 187 163 1 4000
4.315174 2.019882 -0.844536 200 181 155 1 4000
4.316032 1.989143 -0.844704 195 174 145 1 4000
4.316892 1.958391 -0.844873 185 164 139 1 4000
4.317751 1.927628 -0.845041 199 177 152 1 4000
4.318612 1.896852 -0.845209 205 181 154 1 4000
4.319472 1.866064 -0.845378 207 187 161 1 4000
4.320332 1.835263 -0.845546 216 200 176 1 4000
4.321194 1.804451 -0.845714 217 202 179 1 4000
4.322055 1.773626 -0.845883 217 203 180 1 4000
4.322917 1.742789 -0.846052 215 200 177 1 4000
4.323779 1.711939 -0.846220 234 219 192 1 4000
4.324641 1.681077 -0.846389 215 195 170 1 4000
4.325504 1.650203 -0.846558 233 212 185 1 4000
4.326367 1.619317 -0.846727 236 215 189 1 4000
4.327230 1.588418 -0.846896 239 220 193 1 4000
4.328094 1.557507 -0.847065 241 223 198 1 4000
4.328959 1.526583 -0.847234 239 219 190 1 4000
4.329823 1.495647 -0.847403 237 216 187 1 4000
4.330687 1.464699 -0.847572 215 196 169 1 4000
4.331553 1.433739 -0.847742 228 209 182 1 4000
4.332417 1.402766 -0.847911 223 201 172 1 4000
4.333283 1.371780 -0.848081 255 231 199 1 4000
4.334150 1.340783 -0.848250 250 219 186 1 4000
4.335016 1.309772 -0.848420 253 229 197 1 4000
4.335884 1.278750 -0.848589 255 246 215 1 4000
4.336751 1.247715 -0.848759 255 255 224 1 4000
4.337618 1.216668 -0.848929 255 255 226 1 4000
4.338486 1.185608 -0.849099 255 250 215 1 4000
4.339355 1.154536 -0.849269 255 250 214 1 4000
4.340223 1.123451 -0.849439 245 225 199 1 4000
4.341092 1.092354 -0.849609 255 255 230 1 4000
4.341961 1.061245 -0.849779 255 255 225 1 4000
4.342831 1.030123 -0.849950 255 247 212 1 4000
4.343701 0.998988 -0.850120 255 241 209 1 4000
4.344572 0.967842 -0.850290 255 239 208 1 4000
4.345442 0.936682 -0.850461 255 231 196 1 4000
4.346313 0.905510 -0.850631 255 232 201 1 4000
4.347184 0.874326 -0.850802 255 231 200 1 4000
4.348056 0.843129 -0.850972 231 210 181 1 4000
4.348928 0.811919 -0.851143 255 234 202 1 4000
4.349801 0.780698 -0.851314 255 237 205 1 4000
4.350674 0.749463 -0.851485 255 246 215 1 4000
4.351546 0.718216 -0.851655 255 241 208 1 4000
4.352420 0.686956 -0.851826 255 238 208 1 4000
4.353294 0.655684 -0.851998 255 239 207 1 4000
4.354168 0.624400 -0.852169 254 226 192 1 4000
4.355043 0.593102 -0.852340 255 232 199 1 4000
4.355917 0.561793 -0.852511 223 198 163 1 4000
4.356793 0.530470 -0.852682 255 236 205 1 4000
4.357668 0.499135 -0.852854 255 237 205 1 4000
4.358544 0.467788 -0.853025 255 239 207 1 4000
4.359421 0.436428 -0.853197 255 242 212 1 4000
4.360297 0.405055 -0.853368 255 237 203 1 4000
4.361175 0.373669 -0.853540 253 228 193 1 4000
4.362052 0.342271 -0.853711 252 226 191 1 4000
4.362929 0.310861 -0.853883 247 219 182 1 4000
4.363808 0.279437 -0.854055 237 211 180 1 4000
4.364686 0.248001 -0.854227 255 233 199 1 4000
4.365565 0.216553 -0.854399 255 242 208 1 4000
4.366444 0.185091 -0.854571 255 253 223 1 4000
4.367324 0.153617 -0.854743 255 254 225 1 4000
4.368203 0.122131 -0.854915 255 254 226 1 4000
4.369083 0.090631 -0.855088 255 250 222 1 4000
4.369965 0.059119 -0.855260 255 236 203 1 4000
4.370844 0.027595 -0.855432 255 237 205 1 4000
4.371726 -0.003943 -0.855605 255 233 200 1 4000
4.372608 -0.035493 -0.855777 255 238 206 1 4000
4.373490 -0.067056 -0.855950 255 247 215 1 4000
4.374372 -0.098632 -0.856123 255 244 212 1 4000
4.375255 -0.130220 -0.856295 255 246 215 1 4000
4.376138 -0.161821 -0.856468 255 244 212 1 4000
4.377022 -0.193435 -0.856641 255 240 207 1 4000
4.377905 -0.225062 -0.856814 255 239 207 1 4000
4.378789 -0.256701 -0.856987 255 241 211 1 4000
4.379673 -0.288353 -0.857160 255 232 194 1 4000
4.380558 -0.320018 -0.857333 255 251 213 1 4000
4.381444 -0.351696 -0.857507 255 255 225 1 4000
4.382329 -0.383387 -0.857680 255 255 235 1 4000
4.383215 -0.415090 -0.857853 255 255 225 1 4000
4.384101 -0.446806 -0.858027 255 255 225 1 4000
4.384988 -0.478535 -0.858200 255 255 230 1 4000
4.385875 -0.510277 -0.858374 255 255 228 1 4000
4.386762 -0.542032 -0.858548 255 239 201 1 4000
4.387650 -0.573800 -0.858721 255 255 229 1 4000
4.388537 -0.605580 -0.858895 255 255 239 1 4000
4.389426 -0.637373 -0.859069 255 255 231 1 4000
4.390315 -0.669179 -0.859243 255 255 231 1 4000
4.391204 -0.700999 -0.859417 255 255 227 1 4000
4.392094 -0.732831 -0.859591 255 254 218 1 4000
4.392984 -0.764676 -0.859765 255 251 219 1 4000
4.393874 -0.796533 -0.859939 255 238 199 1 4000
4.394764 -0.828404 -0.860114 230 203 170 1 4000
4.395656 -0.860288 -0.860288 255 236 204 1 4000
4.396547 -0.892184 -0.860462 255 232 196 1 4000
4.397439 -0.924094 -0.860637 255 241 210 1 4000
4.398331 -0.956016 -0.860812 255 247 215 1 4000
4.399223 -0.987951 -0.860986 255 248 218 1 4000
4.400116 -1.019900 -0.861161 255 247 217 1 4000
4.401009 -1.051861 -0.861336 255 244 214 1 4000
4.401902 -1.083835 -0.861511 255 253 219 1 4000
4.402796 -1.115823 -0.861686 244 218 184 1 4000
4.403690 -1.147823 -0.861860 255 247 212 1 4000
4.404585 -1.179836 -0.862036 255 255 226 1 4000
4.405479 -1.211862 -0.862211 255 255 231 1 4000
4.406375 -1.243902 -0.862386 255 255 227 1 4000
4.407271 -1.275954 -0.862561 255 246 211 1 4000
4.408166 -1.308019 -0.862737 255 239 202 1 4000
4.409063 -1.340098 -0.862912 255 238 203 1 4000
4.409959 -1.372189 -0.863087 255 235 198 1 4000
4.410857 -1.404294 -0.863263 255 237 203 1 4000
4.411755 -1.436411 -0.863439 255 254 218 1 4000
4.412652 -1.468542 -0.863614 255 255 222 1 4000
4.413551 -1.500686 -0.863790 255 255 239 1 4000
4.414449 -1.532843 -0.863966 255 255 236 1 4000
4.415348 -1.565012 -0.864142 255 255 237 1 4000
4.416247 -1.597195 -0.864318 255 255 234 1 4000
4.417147 -1.629391 -0.864494 255 255 226 1 4000
4.418047 -1.661601 -0.864670 252 225 191 1 4000
4.418947 -1.693823 -0.864847 255 248 213 1 4000
4.419848 -1.726059 -0.865023 255 251 216 1 4000
4.420749 -1.758307 -0.865199 255 252 218 1 4000
4.421651 -1.790569 -0.865376 255 255 222 1 4000
4.422553 -1.822844 -0.865552 255 253 217 1 4000
4.423455 -1.855132 -0.865729 255 244 206 1 4000
4.424357 -1.887434 -0.865905 255 237 198 1 4000
4.425261 -1.919748 -0.866082 255 238 200 1 4000
4.426164 -1.952076 -0.866259 228 200 166 1 4000
4.427068 -1.984417 -0.866436 255 236 199 1 4000
4.427971 -2.016771 -0.866613 255 243 207 1 4000
4.428876 -2.049138 -0.866790 255 255 227 1 4000
4.429781 -2.081519 -0.866967 255 255 227 1 4000
4.430686 -2.113912 -0.867144 255 255 227 1 4000
4.431592 -2.146319 -0.867321 255 249 215 1 4000
4.432498 -2.178739 -0.867498 255 245 210 1 4000
4.433404 -2.211173 -0.867676 255 236 202 1 4000
4.434310 -2.243620 -0.867853 255 250 218 1 4000
4.435217 -2.276080 -0.868031 255 253 221 1 4000
4.436125 -2.308553 -0.868208 255 249 214 1 4000
4.437033 -2.341040 -0.868386 255 238 201 1 4000
4.437941 -2.373540 -0.868564 254 230 197 1 4000
4.438849 -2.406053 -0.868741 250 227 193 1 4000
4.439758 -2.438580 -0.868919 248 221 186 1 4000
4.440667 -2.471119 -0.869097 250 225 190 1 4000
4.441577 -2.503673 -0.869275 221 195 165 1 4000
4.442488 -2.536239 -0.869454 253 231 200 1 4000
3.377382 1.946442 -0.685367 127 127 126 10 1031
3.394726 1.931943 -0.688886 131 131 130 10 1031
3.412249 1.917295 -0.692442 131 131 130 10 1031
3.429953 1.902496 -0.696035 134 135 133 10 1031
3.447843 1.887541 -0.699665 134 134 133 10 1031
3.465919 1.872430 -0.703333 135 136 135 10 1031
3.484186 1.857159 -0.707040 134 134 133 10 1031
3.502647 1.841727 -0.710787 134 135 134 10 1031
3.521305 1.826131 -0.714573 134 135 133 10 1031
3.540162 1.810367 -0.718399 135 136 135 10 1031
3.559223 1.794433 -0.722267 138 138 136 10 1031
3.578489 1.778327 -0.726177 137 137 136 10 1031
3.599939 1.763012 -0.730530 147 147 145 10 1031
3.626301 1.749758 -0.735879 163 163 161 10 1031
4.269313 2.029219 -0.866365 196 177 151 1 4000
4.270154 1.998809 -0.866535 197 176 148 1 4000
4.270995 1.968386 -0.866706 167 146 121 1 4000
4.271837 1.937952 -0.866877 194 170 143 1 4000
4.272678 1.907505 -0.867048 196 174 147 1 4000
4.273520 1.877047 -0.867219 197 176 151 1 4000
4.274363 1.846576 -0.867390 202 185 161 1 4000
4.275206 1.816094 -0.867561 209 194 170 1 4000
4.276049 1.785599 -0.867732 216 201 178 1 4000
4.276892 1.755093 -0.867903 215 198 175 1 4000
4.277736 1.724574 -0.868074 215 196 167 1 4000
4.278580 1.694043 -0.868245 206 187 158 1 4000
4.279424 1.663501 -0.868417 231 208 178 1 4000
4.280269 1.632946 -0.868588 236 217 190 1 4000
4.281114 1.602379 -0.868760 238 218 191 1 4000
4.281960 1.571800 -0.868931 240 221 195 1 4000
4.282805 1.541209 -0.869103 240 220 194 1 4000
4.283652 1.510606 -0.869275 241 222 194 1 4000
4.284498 1.479991 -0.869446 234 212 183 1 4000
4.285345 1.449364 -0.869618 249 229 199 1 4000
4.286192 1.418724 -0.869790 239 217 184 1 4000
4.287040 1.388073 -0.869962 244 215 180 1 4000
4.287888 1.357409 -0.870134 253 225 191 1 4000
4.288735 1.326733 -0.870306 249 222 191 1 4000
4.289584 1.296046 -0.870478 254 231 200 1 4000
4.290433 1.265346 -0.870651 255 245 212 1 4000
4.291282 1.234633 -0.870823 255 251 218 1 4000
4.292131 1.203909 -0.870995 255 238 200 1 4000
4.292981 1.173173 -0.871168 255 236 197 1 4000
4.293831 1.142424 -0.871341 255 231 193 1 4000
4.294682 1.111663 -0.871513 255 255 231 1 4000
4.295533 1.080890 -0.871686 255 255 223 1 4000
4.296384 1.050105 -0.871859 255 251 217 1 4000
4.297235 1.019308 -0.872032 255 251 217 1 4000
4.298087 0.988498 -0.872204 255 241 203 1 4000
4.298939 0.957676 -0.872377 255 225 189 1 4000
4.299792 0.926842 -0.872550 248 219 182 1 4000
4.300645 0.895996 -0.872723 246 216 183 1 4000
4.301497 0.865137 -0.872896 251 223 188 1 4000
4.302351 0.834266 -0.873070 253 231 202 1 4000
4.303205 0.803383 -0.873243 255 233 202 1 4000
4.304060 0.772488 -0.873416 255 230 196 1 4000
4.304914 0.741580 -0.873590 255 231 198 1 4000
4.305769 0.710660 -0.873763 255 242 210 1 4000
4.306624 0.679728 -0.873937 255 239 209 1 4000
4.307479 0.648784 -0.874110 255 241 208 1 4000
4.308335 0.617827 -0.874284 255 235 202 1 4000
4.309192 0.586858 -0.874458 255 230 195 1 4000
4.310048 0.555877 -0.874632 247 222 186 1 4000
4.310905 0.524883 -0.874806 252 227 191 1 4000
4.311762 0.493877 -0.874979 255 242 212 1 4000
4.312620 0.462859 -0.875154 255 239 206 1 4000
4.313478 0.431828 -0.875328 255 237 204 1 4000
4.314336 0.400785 -0.875502 255 241 210 1 4000
4.315195 0.369730 -0.875676 255 241 210 1 4000
4.316053 0.338662 -0.875850 255 233 199 1 4000
4.316913 0.307582 -0.876025 247 220 183 1 4000
4.317772 0.276489 -0.876199 244 217 183 1 4000
4.318633 0.245385 -0.876374 255 227 195 1 4000
4.319493 0.214267 -0.876548 255 230 196 1 4000
4.320354 0.183138 -0.876723 255 239 206 1 4000
4.321215 0.151996 -0.876898 255 254 224 1 4000
4.322076 0.120841 -0.877072 255 255 227 1 4000
4.322938 0.089674 -0.877247 255 255 226 1 4000
4.323800 0.058495 -0.877422 255 255 226 1 4000
4.324662 0.027303 -0.877597 255 249 218 1 4000
4.325525 -0.003901 -0.877772 255 241 212 1 4000
4.326388 -0.035118 -0.877947 255 242 212 1 4000
4.327251 -0.066347 -0.878123 255 244 214 1 4000
4.328115 -0.097589 -0.878298 255 252 222 1 4000
4.328979 -0.128843 -0.878473 255 251 222 1 4000
4.329844 -0.160109 -0.878649 255 245 213 1 4000
4.330709 -0.191388 -0.878824 255 247 215 1 4000
4.331573 -0.222680 -0.879000 255 245 211 1 4000
4.332439 -0.253984 -0.879175 255 255 224 1 4000
4.333305 -0.285300 -0.879351 255 250 214 1 4000
4.334171 -0.316629 -0.879527 255 250 213 1 4000
4.335038 -0.347971 -0.879703 255 247 210 1 4000
4.335905 -0.379325 -0.879879 255 255 226 1 4000
4.336771 -0.410692 -0.880054 255 255 232 1 4000
4.337640 -0.442071 -0.880231 255 255 236 1 4000
4.338508 -0.473463 -0.880407 255 255 229 1 4000
4.339375 -0.504867 -0.880583 255 255 218 1 4000
4.340244 -0.536284 -0.880759 255 255 224 1 4000
4.341113 -0.567714 -0.880935 255 255 242 1 4000
4.341982 -0.599156 -0.881112 255 255 234 1 4000
4.342853 -0.630611 -0.881288 255 255 224 1 4000
4.343722 -0.662078 -0.881465 255 255 224 1 4000
4.344593 -0.693558 -0.881642 255 255 225 1 4000
4.345463 -0.725050 -0.881818 255 255 221 1 4000
4.346334 -0.756555 -0.881995 255 251 215 1 4000
4.347206 -0.788073 -0.882172 255 248 214 1 4000
4.348077 -0.819604 -0.882349 255 238 202 1 4000
4.348950 -0.851147 -0.882526 255 250 218 1 4000
4.349822 -0.882702 -0.882703 255 245 213 1 4000
4.350695 -0.914271 -0.882880 255 246 212 1 4000
4.351568 -0.945852 -0.883057 255 253 222 1 4000
4.352442 -0.977446 -0.883234 255 242 210 1 4000
4.353316 -1.009052 -0.883412 255 246 214 1 4000
4.354190 -1.040671 -0.883589 255 238 203 1 4000
4.355064 -1.072303 -0.883767 255 231 198 1 4000
4.355939 -1.103947 -0.883944 247 219 185 1 4000
4.356814 -1.135605 -0.884122 255 249 215 1 4000
4.357690 -1.167275 -0.884299 255 252 218 1 4000
4.358566 -1.198957 -0.884477 255 255 223 1 4000
4.359443 -1.230653 -0.884655 255 255 220 1 4000
4.360319 -1.262361 -0.884833 255 254 219 1 4000
4.361196 -1.294082 -0.885011 255 245 206 1 4000
4.362073 -1.325816 -0.885189 255 243 205 1 4000
4.362951 -1.357562 -0.885367 255 238 200 1 4000
4.363830 -1.389322 -0.885545 232 206 173 1 4000
4.364707 -1.421093 -0.885723 255 245 209 1 4000
4.365587 -1.452878 -0.885902 255 254 218 1 4000
4.366466 -1.484676 -0.886080 255 255 234 1 4000
4.367345 -1.516487 -0.886259 255 255 236 1 4000
4.368225 -1.548310 -0.886437 255 255 240 1 4000
4.369105 -1.580146 -0.886616 255 255 235 1 4000
4.369986 -1.611995 -0.886795 255 252 218 1 4000
4.370867 -1.643857 -0.886973 255 251 217 1 4000
4.371748 -1.675731 -0.887152 253 227 195 1 4000
4.372630 -1.707619 -0.887331 255 248 215 1 4000
4.373511 -1.739519 -0.887510 255 255 223 1 4000
4.374394 -1.771432 -0.887689 255 255 223 1 4000
4.375277 -1.803358 -0.887868 255 255 224 1 4000
4.376160 -1.835297 -0.888047 255 253 220 1 4000
4.377043 -1.867249 -0.888227 255 252 219 1 4000
4.377927 -1.899214 -0.888406 255 248 215 1 4000
4.378811 -1.931192 -0.888585 255 248 219 1 4000
4.379695 -1.963182 -0.888765 255 229 192 1 4000
4.380580 -1.995186 -0.888944 255 248 212 1 4000
4.381465 -2.027202 -0.889124 255 253 217 1 4000
4.382351 -2.059232 -0.889304 255 255 228 1 4000
4.383237 -2.091274 -0.889483 255 251 217 1 4000
4.384123 -2.123329 -0.889663 255 251 218 1 4000
4.385010 -2.155397 -0.889843 255 254 222 1 4000
4.385896 -2.187479 -0.890023 255 252 220 1 4000
4.386784 -2.219573 -0.890203 255 229 193 1 4000
4.387672 -2.251680 -0.890383 255 255 222 1 4000
4.388560 -2.283800 -0.890564 255 255 229 1 4000
4.389448 -2.315933 -0.890744 255 254 223 1 4000
4.390337 -2.348080 -0.890924 255 255 223 1 4000
4.391226 -2.380239 -0.891105 255 248 215 1 4000
4.392116 -2.412411 -0.891285 253 231 198 1 4000
4.393005 -2.444597 -0.891466 249 226 197 1 4000
4.393896 -2.476795 -0.891647 250 222 187 1 4000
4.394786 -2.509007 -0.891827 207 183 154 1 4000
3.385431 1.951080 -0.711427 130 130 128 10 1031
3.402858 1.936571 -0.715089 129 129 128 10 1031
3.420465 1.921912 -0.718789 129 129 128 10 1031
3.438255 1.907100 -0.722527 132 132 131 10 1031
3.456231 1.892133 -0.726305 131 131 130 10 1031
3.474396 1.877009 -0.730122 131 132 130 10 1031
3.492753 1.861726 -0.733980 134 134 133 10 1031
3.511305 1.846279 -0.737878 134 134 133 10 1031
3.530055 1.830668 -0.741818 134 134 133 10 1031
3.549006 1.814890 -0.745801 134 134 133 10 1031
3.568163 1.798940 -0.749827 133 133 132 10 1031
3.587527 1.782818 -0.753896 135 136 134 10 1031
3.607363 1.766648 -0.758064 137 137 136 10 1031
3.634406 1.753669 -0.763747 163 163 162 10 1031
4.225241 2.008271 -0.887907 240 226 203 1 4000
4.226064 1.978171 -0.888080 190 171 146 1 4000
4.226888 1.948058 -0.888253 200 178 152 1 4000
4.227712 1.917934 -0.888427 198 177 152 1 4000
4.228536 1.887798 -0.888600 199 178 153 1 4000
4.229361 1.857651 -0.888773 202 183 157 1 4000
4.230186 1.827491 -0.888947 207 191 166 1 4000
4.231011 1.797320 -0.889120 212 196 172 1 4000
4.231837 1.767137 -0.889294 211 192 166 1 4000
4.232663 1.736942 -0.889467 209 189 160 1 4000
4.233490 1.706736 -0.889641 229 206 174 1 4000
4.234317 1.676518 -0.889815 224 201 172 1 4000
4.235144 1.646288 -0.889988 235 212 182 1 4000
4.235971 1.616046 -0.890162 230 206 176 1 4000
4.236799 1.585792 -0.890336 233 214 186 1 4000
4.237627 1.555526 -0.890510 239 218 190 1 4000
4.238455 1.525249 -0.890684 250 227 196 1 4000
4.239284 1.494960 -0.890858 248 222 188 1 4000
4.240113 1.464659 -0.891033 241 216 183 1 4000
4.240942 1.434346 -0.891207 246 222 190 1 4000
4.241772 1.404021 -0.891381 224 201 172 1 4000
4.242602 1.373685 -0.891556 248 222 191 1 4000
4.243432 1.343336 -0.891730 248 222 192 1 4000
4.244263 1.312976 -0.891905 250 223 191 1 4000
4.245094 1.282604 -0.892079 255 235 203 1 4000
4.245925 1.252219 -0.892254 255 243 209 1 4000
4.246757 1.221823 -0.892429 255 239 203 1 4000
4.247588 1.191415 -0.892604 255 229 191 1 4000
4.248421 1.160995 -0.892779 255 228 189 1 4000
4.249254 1.130564 -0.892954 222 197 165 1 4000
4.250086 1.100120 -0.893129 255 247 210 1 4000
4.250920 1.069664 -0.893304 255 243 203 1 4000
4.251753 1.039196 -0.893479 255 245 205 1 4000
4.252587 1.008717 -0.893654 255 247 207 1 4000
4.253421 0.978225 -0.893830 255 240 201 1 4000
4.254256 0.947722 -0.894005 255 230 190 1 4000
4.255091 0.917206 -0.894181 252 222 185 1 4000
4.255926 0.886679 -0.894356 254 224 190 1 4000
4.256761 0.856139 -0.894532 222 198 166 1 4000
4.257597 0.825588 -0.894708 255 231 198 1 4000
4.258433 0.795025 -0.894883 255 232 197 1 4000
4.259270 0.764449 -0.895059 255 230 194 1 4000
4.260107 0.733862 -0.895235 255 227 193 1 4000
4.260944 0.703262 -0.895411 254 224 191 1 4000
4.261781 0.672651 -0.895587 255 229 194 1 4000
4.262619 0.642027 -0.895763 255 242 208 1 4000
4.263457 0.611392 -0.895939 255 228 192 1 4000
4.264296 0.580744 -0.896115 250 224 192 1 4000
4.265135 0.550084 -0.896291 251 226 193 1 4000
4.265974 0.519412 -0.896468 255 250 221 1 4000
4.266813 0.488729 -0.896644 255 251 223 1 4000
4.267653 0.458033 -0.896821 255 247 219 1 4000
4.268493 0.427325 -0.896997 255 240 211 1 4000
4.269334 0.396605 -0.897174 255 242 212 1 4000
4.270174 0.365872 -0.897350 255 234 202 1 4000
4.271016 0.335128 -0.897527 251 225 190 1 4000
4.271857 0.304372 -0.897704 248 221 185 1 4000
4.272699 0.273603 -0.897881 247 218 183 1 4000
4.273541 0.242822 -0.898058 249 219 186 1 4000
4.274383 0.212030 -0.898235 249 221 188 1 4000
4.275227 0.181225 -0.898412 253 231 200 1 4000
4.276070 0.150408 -0.898589 255 240 209 1 4000
4.276913 0.119578 -0.898767 255 251 222 1 4000
4.277757 0.088737 -0.898944 255 254 226 1 4000
4.278601 0.057883 -0.899121 255 243 209 1 4000
4.279445 0.027018 -0.899298 255 243 208 1 4000
4.280290 -0.003860 -0.899476 255 234 201 1 4000
4.281135 -0.034750 -0.899654 255 242 210 1 4000
4.281981 -0.065653 -0.899831 255 247 219 1 4000
4.282826 -0.096567 -0.900009 255 248 219 1 4000
4.283672 -0.127494 -0.900187 255 251 223 1 4000
4.284519 -0.158433 -0.900365 255 252 222 1 4000
4.285366 -0.189384 -0.900543 255 255 223 1 4000
4.286213 -0.220348 -0.900721 255 252 218 1 4000
4.287060 -0.251324 -0.900899 255 255 221 1 4000
4.287909 -0.282311 -0.901077 255 233 195 1 4000
4.288756 -0.313312 -0.901255 255 246 207 1 4000
4.289605 -0.344324 -0.901433 255 247 213 1 4000
4.290453 -0.375349 -0.901612 255 250 216 1 4000
4.291303 -0.406386 -0.901790 255 253 219 1 4000
4.292152 -0.437435 -0.901969 255 255 226 1 4000
4.293002 -0.468497 -0.902147 255 250 213 1 4000
4.293852 -0.499571 -0.902326 255 241 199 1 4000
4.294703 -0.530657 -0.902505 255 237 196 1 4000
4.295553 -0.561756 -0.902683 255 255 230 1 4000
4.296405 -0.592866 -0.902862 255 255 234 1 4000
4.297256 -0.623990 -0.903041 255 255 221 1 4000
4.298108 -0.655125 -0.903220 255 255 222 1 4000
4.298960 -0.686273 -0.903399 255 253 214 1 4000
4.299813 -0.717433 -0.903579 255 243 204 1 4000
4.300666 -0.748606 -0.903758 255 240 200 1 4000
4.301518 -0.779791 -0.903937 255 236 199 1 4000
4.302372 -0.810988 -0.904117 255 241 204 1 4000
4.303226 -0.842198 -0.904296 255 241 210 1 4000
4.304080 -0.873420 -0.904475 255 241 209 1 4000
4.304935 -0.904655 -0.904655 255 234 199 1 4000
4.305789 -0.935901 -0.904835 255 234 199 1 4000
4.306645 -0.967161 -0.905014 255 245 212 1 4000
4.307500 -0.998433 -0.905194 255 243 212 1 4000
4.308356 -1.029717 -0.905374 255 246 213 1 4000
4.309213 -1.061013 -0.905554 255 239 205 1 4000
4.310069 -1.092322 -0.905734 255 233 197 1 4000
4.310926 -1.123644 -0.905914 255 234 196 1 4000
4.311783 -1.154978 -0.906094 255 244 206 1 4000
4.312641 -1.186324 -0.906274 255 255 227 1 4000
4.313499 -1.217683 -0.906455 255 255 220 1 4000
4.314357 -1.249054 -0.906635 255 255 220 1 4000
4.315216 -1.280439 -0.906815 255 255 224 1 4000
4.316075 -1.311835 -0.906996 255 255 222 1 4000
4.316934 -1.343244 -0.907177 255 245 210 1 4000
4.317794 -1.374665 -0.907357 255 231 192 1 4000
4.318654 -1.406099 -0.907538 255 232 197 1 4000
4.319514 -1.437545 -0.907719 255 241 206 1 4000
4.320375 -1.469004 -0.907900 255 242 208 1 4000
4.321236 -1.500476 -0.908081 255 255 220 1 4000
4.322097 -1.531960 -0.908261 255 255 238 1 4000
4.322959 -1.563457 -0.908443 255 255 239 1 4000
4.323821 -1.594966 -0.908624 255 255 236 1 4000
4.324684 -1.626487 -0.908805 255 255 239 1 4000
4.325546 -1.658022 -0.908986 255 251 218 1 4000
4.326409 -1.689569 -0.909168 255 254 223 1 4000
4.327273 -1.721128 -0.909349 255 255 224 1 4000
4.328136 -1.752700 -0.909531 255 255 228 1 4000
4.329000 -1.784285 -0.909712 255 255 234 1 4000
4.329865 -1.815882 -0.909894 255 255 231 1 4000
4.330730 -1.847492 -0.910076 255 255 224 1 4000
4.331595 -1.879114 -0.910257 255 254 221 1 4000
4.332460 -1.910749 -0.910439 255 248 215 1 4000
4.333326 -1.942397 -0.910621 251 230 199 1 4000
4.334193 -1.974058 -0.910803 255 249 214 1 4000
4.335059 -2.005731 -0.910985 255 236 200 1 4000
4.335926 -2.037417 -0.911168 255 241 205 1 4000
4.336793 -2.069115 -0.911350 255 255 224 1 4000
4.337661 -2.100826 -0.911532 255 255 224 1 4000
4.338529 -2.132550 -0.911715 255 255 227 1 4000
4.339397 -2.164287 -0.911897 255 250 217 1 4000
4.340266 -2.196036 -0.912080 255 244 207 1 4000
4.341135 -2.227798 -0.912262 243 220 191 1 4000
4.342004 -2.259573 -0.912445 255 255 233 1 4000
4.342874 -2.291360 -0.912628 255 252 222 1 4000
4.343743 -2.323160 -0.912810 255 245 210 1 4000
4.344614 -2.354973 -0.912993 255 249 214 1 4000
4.345485 -2.386799 -0.913176 255 250 216 1 4000
4.346356 -2.418638 -0.913359 254 226 191 1 4000
4.347227 -2.450488 -0.913542 250 224 193 1 4000
4.348099 -2.482352 -0.913726 249 223 192 1 4000
3.393519 1.955741 -0.737611 131 132 130 10 1031
3.411029 1.941221 -0.741417 128 128 127 10 1031
3.428720 1.926551 -0.745263 129 129 128 10 1031
3.446597 1.911727 -0.749148 131 131 129 10 1031
3.464661 1.896748 -0.753075 131 132 131 10 1031
3.482915 1.881612 -0.757042 132 133 131 10 1031
3.501362 1.866314 -0.761052 131 132 130 10 1031
3.520006 1.850854 -0.765104 130 131 129 10 1031
3.538849 1.835229 -0.769200 127 128 126 10 1031
3.557896 1.819435 -0.773340 134 134 133 10 1031
3.577148 1.803470 -0.777525 132 132 131 10 1031
3.596610 1.787332 -0.781755 133 134 132 10 1031
3.616285 1.771017 -0.786031 137 137 135 10 1031
3.641973 1.757320 -0.791615 153 153 152 10 1031
3.668594 1.743695 -0.797401 172 172 171 10 1031
4.182875 1.957954 -0.909185 193 172 146 1 4000
4.183681 1.928146 -0.909360 213 189 158 1 4000
4.184489 1.898326 -0.909536 202 179 150 1 4000
4.185297 1.868494 -0.909711 198 171 139 1 4000
4.186105 1.838651 -0.909887 202 178 148 1 4000
4.186913 1.808797 -0.910063 202 177 146 1 4000
4.187722 1.778931 -0.910238 205 178 148 1 4000
4.188531 1.749053 -0.910414 206 180 150 1 4000
4.189341 1.719164 -0.910590 233 207 175 1 4000
4.190149 1.689263 -0.910766 196 172 145 1 4000
4.190959 1.659351 -0.910942 234 208 174 1 4000
4.191770 1.629427 -0.911118 239 215 182 1 4000
4.192581 1.599492 -0.911295 249 229 202 1 4000
4.193391 1.569545 -0.911471 255 239 211 1 4000
4.194202 1.539587 -0.911647 255 241 211 1 4000
4.195014 1.509616 -0.911823 255 228 194 1 4000
4.195826 1.479635 -0.912000 242 217 185 1 4000
4.196638 1.449641 -0.912176 242 217 186 1 4000
4.197450 1.419636 -0.912353 233 208 177 1 4000
4.198263 1.389620 -0.912530 237 207 173 1 4000
4.199076 1.359592 -0.912706 235 203 168 1 4000
4.199889 1.329552 -0.912883 236 202 165 1 4000
4.200703 1.299500 -0.913060 242 208 172 1 4000
4.201517 1.269437 -0.913237 245 213 177 1 4000
4.202332 1.239363 -0.913414 246 213 177 1 4000
4.203146 1.209276 -0.913591 242 210 176 1 4000
4.203961 1.179178 -0.913769 240 208 174 1 4000
4.204776 1.149068 -0.913946 238 210 177 1 4000
4.205591 1.118947 -0.914123 219 196 166 1 4000
4.206407 1.088814 -0.914300 219 196 165 1 4000
4.207224 1.058669 -0.914478 217 192 160 1 4000
4.208040 1.028512 -0.914655 222 195 163 1 4000
4.208857 0.998344 -0.914833 222 195 162 1 4000
4.209674 0.968164 -0.915010 221 193 160 1 4000
4.210492 0.937972 -0.915188 220 191 156 1 4000
4.211309 0.907769 -0.915366 222 195 163 1 4000
4.212128 0.877554 -0.915544 221 196 165 1 4000
4.212946 0.847327 -0.915722 180 163 137 1 4000
4.213765 0.817089 -0.915900 223 199 167 1 4000
4.214584 0.786838 -0.916078 226 199 166 1 4000
4.215403 0.756576 -0.916256 228 201 168 1 4000
4.216223 0.726302 -0.916434 230 206 176 1 4000
4.217043 0.696016 -0.916612 234 210 179 1 4000
4.217863 0.665719 -0.916790 239 215 183 1 4000
4.218684 0.635410 -0.916969 234 208 175 1 4000
4.219504 0.605089 -0.917147 234 204 170 1 4000
4.220326 0.574756 -0.917326 223 196 160 1 4000
4.221148 0.544411 -0.917504 254 232 201 1 4000
4.221970 0.514055 -0.917683 255 236 204 1 4000
4.222792 0.483686 -0.917862 255 241 210 1 4000
4.223614 0.453306 -0.918040 255 246 218 1 4000
4.224437 0.422914 -0.918219 255 247 221 1 4000
4.225261 0.392510 -0.918398 255 255 230 1 4000
4.226084 0.362095 -0.918577 255 248 220 1 4000
4.226908 0.331667 -0.918756 255 254 229 1 4000
4.227732 0.301228 -0.918935 248 226 195 1 4000
4.228557 0.270776 -0.919115 254 227 194 1 4000
4.229381 0.240313 -0.919294 251 225 193 1 4000
4.230206 0.209838 -0.919473 254 228 196 1 4000
4.231032 0.179351 -0.919653 255 232 200 1 4000
4.231857 0.148853 -0.919832 255 242 211 1 4000
4.232684 0.118342 -0.920012 255 246 217 1 4000
4.233510 0.087819 -0.920191 255 243 210 1 4000
4.234337 0.057285 -0.920371 255 236 200 1 4000
4.235164 0.026738 -0.920551 255 236 199 1 4000
4.235991 -0.003820 -0.920731 255 234 201 1 4000
4.236819 -0.034391 -0.920911 255 241 208 1 4000
4.237647 -0.064973 -0.921091 255 234 199 1 4000
4.238475 -0.095567 -0.921271 255 245 214 1 4000
4.239304 -0.126174 -0.921451 255 246 215 1 4000
4.240133 -0.156792 -0.921631 255 247 213 1 4000
4.240963 -0.187422 -0.921811 255 245 207 1 4000
4.241792 -0.218064 -0.921992 255 241 203 1 4000
4.242622 -0.248718 -0.922172 255 250 216 1 4000
4.243453 -0.279385 -0.922352 255 238 204 1 4000
4.244283 -0.310063 -0.922533 255 246 212 1 4000
4.245114 -0.340753 -0.922714 255 246 213 1 4000
4.245945 -0.371455 -0.922894 255 245 210 1 4000
4.246777 -0.402169 -0.923075 255 247 212 1 4000
4.247609 -0.432896 -0.923256 255 254 219 1 4000
4.248441 -0.463634 -0.923437 255 246 207 1 4000
4.249274 -0.494384 -0.923618 255 238 199 1 4000
4.250107 -0.525147 -0.923799 255 241 201 1 4000
4.250940 -0.555921 -0.923980 247 222 187 1 4000
4.251774 -0.586708 -0.924161 255 255 219 1 4000
4.252607 -0.617506 -0.924342 255 247 206 1 4000
4.253442 -0.648317 -0.924524 255 254 214 1 4000
4.254276 -0.679140 -0.924705 255 254 213 1 4000
4.255111 -0.709975 -0.924887 255 245 205 1 4000
4.255946 -0.740822 -0.925068 255 236 197 1 4000
4.256782 -0.771681 -0.925250 255 235 197 1 4000
4.257618 -0.802552 -0.925431 255 244 209 1 4000
4.258454 -0.833435 -0.925613 223 201 171 1 4000
4.259291 -0.864331 -0.925795 255 240 206 1 4000
4.260127 -0.895238 -0.925977 255 237 200 1 4000
4.260965 -0.926158 -0.926159 255 232 196 1 4000
4.261802 -0.957090 -0.926341 255 231 197 1 4000
4.262640 -0.988034 -0.926523 255 229 195 1 4000
4.263478 -1.018991 -0.926705 255 238 205 1 4000
4.264317 -1.049959 -0.926887 255 241 206 1 4000
4.265156 -1.080940 -0.927070 255 235 200 1 4000
4.265994 -1.111932 -0.927252 206 182 149 1 4000
4.266834 -1.142937 -0.927435 255 255 226 1 4000
4.267673 -1.173955 -0.927617 255 255 239 1 4000
4.268514 -1.204984 -0.927800 255 255 238 1 4000
4.269354 -1.236026 -0.927982 255 255 230 1 4000
4.270195 -1.267080 -0.928165 255 255 224 1 4000
4.271036 -1.298146 -0.928348 255 255 223 1 4000
4.271878 -1.329224 -0.928531 255 242 207 1 4000
4.272719 -1.360315 -0.928714 255 241 203 1 4000
4.273561 -1.391418 -0.928897 225 198 165 1 4000
4.274404 -1.422533 -0.929080 255 232 197 1 4000
4.275247 -1.453660 -0.929263 255 234 200 1 4000
4.276090 -1.484800 -0.929446 255 239 206 1 4000
4.276934 -1.515952 -0.929630 255 250 218 1 4000
4.277778 -1.547116 -0.929813 255 255 229 1 4000
4.278621 -1.578292 -0.929997 255 255 238 1 4000
4.279466 -1.609481 -0.930180 255 255 227 1 4000
4.280311 -1.640682 -0.930364 255 254 217 1 4000
4.281156 -1.671896 -0.930547 231 208 175 1 4000
4.282001 -1.703122 -0.930731 255 250 216 1 4000
4.282847 -1.734360 -0.930915 255 255 227 1 4000
4.283693 -1.765610 -0.931099 255 255 227 1 4000
4.284540 -1.796873 -0.931283 255 255 230 1 4000
4.285387 -1.828148 -0.931467 255 255 228 1 4000
4.286234 -1.859436 -0.931651 255 255 224 1 4000
4.287081 -1.890736 -0.931835 255 248 215 1 4000
4.287930 -1.922048 -0.932020 255 251 219 1 4000
4.288777 -1.953373 -0.932204 230 205 171 1 4000
4.289626 -1.984710 -0.932388 255 236 199 1 4000
4.290474 -2.016060 -0.932573 255 242 208 1 4000
4.291323 -2.047421 -0.932757 255 241 208 1 4000
4.292173 -2.078796 -0.932942 255 246 213 1 4000
4.293023 -2.110182 -0.933127 255 250 218 1 4000
4.293873 -2.141582 -0.933312 255 245 211 1 4000
4.294724 -2.172993 -0.933496 255 232 191 1 4000
4.295574 -2.204417 -0.933681 255 228 188 1 4000
4.296426 -2.235854 -0.933866 254 232 203 1 4000
4.297277 -2.267303 -0.934051 255 255 227 1 4000
4.298129 -2.298764 -0.934237 255 245 209 1 4000
4.298981 -2.330238 -0.934422 255 246 211 1 4000
4.299834 -2.361725 -0.934607 255 243 207 1 4000
4.300687 -2.393224 -0.934793 255 232 194 1 4000
4.301539 -2.424735 -0.934978 255 226 188 1 4000
4.302393 -2.456259 -0.935164 241 212 178 1 4000
3.401645 1.960425 -0.763921 130 131 129 10 1031
3.419239 1.945894 -0.767873 131 131 129 10 1031
3.437016 1.931212 -0.771865 132 133 132 10 1031
3.454979 1.916377 -0.775899 130 130 129 10 1031
3.473131 1.901386 -0.779975 130 130 129 10 1031
3.491475 1.886236 -0.784095 130 130 128 10 1031
3.510013 1.870926 -0.788258 133 133 132 10 1031
3.528750 1.855452 -0.792466 129 129 128 10 1031
3.547687 1.839812 -0.796719 132 132 131 10 1031
3.566829 1.824004 -0.801017 131 131 130 10 1031
3.586179 1.808023 -0.805363 132 132 131 10 1031
3.605739 1.791869 -0.809756 134 135 134 10 1031
3.625514 1.775537 -0.814196 133 133 132 10 1031
3.649572 1.760987 -0.819599 151 151 150 10 1031
3.677169 1.747771 -0.825797 162 162 161 10 1031
4.140560 1.938147 -0.929862 241 220 189 1 4000
4.141350 1.908636 -0.930040 247 226 196 1 4000
4.142142 1.879115 -0.930218 207 186 158 1 4000
4.142933 1.849581 -0.930395 207 185 156 1 4000
4.143725 1.820037 -0.930573 215 194 167 1 4000
4.144517 1.790481 -0.930751 249 224 194 1 4000
4.145309 1.760914 -0.930929 248 223 192 1 4000
4.146102 1.731336 -0.931107 255 231 200 1 4000
4.146895 1.701746 -0.931285 255 228 194 1 4000
4.147688 1.672145 -0.931463 253 224 188 1 4000
4.148481 1.642533 -0.931641 255 230 193 1 4000
4.149275 1.612909 -0.931820 255 236 201 1 4000
4.150070 1.583274 -0.931998 255 245 213 1 4000
4.150864 1.553628 -0.932177 255 241 208 1 4000
4.151659 1.523970 -0.932355 255 242 208 1 4000
4.152454 1.494301 -0.932534 255 237 206 1 4000
4.153249 1.464620 -0.932712 255 232 202 1 4000
4.154045 1.434929 -0.932891 253 230 200 1 4000
4.154841 1.405225 -0.933070 213 188 158 1 4000
4.155637 1.375511 -0.933248 247 217 183 1 4000
4.156434 1.345785 -0.933427 252 221 186 1 4000
4.157231 1.316048 -0.933606 250 218 183 1 4000
4.158029 1.286299 -0.933785 255 229 193 1 4000
4.158825 1.256539 -0.933964 255 233 196 1 4000
4.159623 1.226767 -0.934144 255 231 195 1 4000
4.160421 1.196984 -0.934323 255 231 194 1 4000
4.161220 1.167190 -0.934503 255 238 204 1 4000
4.162019 1.137384 -0.934682 254 224 189 1 4000
4.162817 1.107566 -0.934862 255 244 210 1 4000
4.163618 1.077738 -0.935041 255 252 219 1 4000
4.164417 1.047897 -0.935221 255 255 223 1 4000
4.165217 1.018046 -0.935400 255 252 218 1 4000
4.166017 0.988183 -0.935580 255 255 219 1 4000
4.166818 0.958308 -0.935760 255 241 205 1 4000
4.167619 0.928422 -0.935940 255 241 203 1 4000
4.168420 0.898524 -0.936120 255 241 204 1 4000
4.169221 0.868615 -0.936300 255 237 200 1 4000
4.170023 0.838694 -0.936480 255 232 201 1 4000
4.170825 0.808762 -0.936660 255 236 203 1 4000
4.171628 0.778818 -0.936840 255 231 196 1 4000
4.172431 0.748863 -0.937020 255 235 201 1 4000
4.173234 0.718897 -0.937201 255 238 205 1 4000
4.174037 0.688918 -0.937381 255 232 198 1 4000
4.174840 0.658929 -0.937562 254 224 190 1 4000
4.175645 0.628927 -0.937742 248 217 181 1 4000
4.176449 0.598914 -0.937923 244 213 176 1 4000
4.177254 0.568890 -0.938103 184 162 134 1 4000
4.178058 0.538854 -0.938284 254 226 190 1 4000
4.178864 0.508806 -0.938465 255 229 194 1 4000
4.179669 0.478747 -0.938646 255 238 208 1 4000
4.180475 0.448676 -0.938827 255 243 214 1 4000
4.181281 0.418594 -0.939008 255 233 198 1 4000
4.182087 0.388500 -0.939189 255 233 197 1 4000
4.182895 0.358394 -0.939370 255 236 201 1 4000
4.183701 0.328277 -0.939551 255 227 193 1 4000
4.184509 0.298148 -0.939733 246 218 186 1 4000
4.185317 0.268008 -0.939914 251 226 192 1 4000
4.186125 0.237855 -0.940096 252 225 189 1 4000
4.186933 0.207692 -0.940277 255 226 189 1 4000
4.187742 0.177516 -0.940459 250 217 177 1 4000
4.188550 0.147329 -0.940640 255 227 188 1 4000
4.189360 0.117130 -0.940822 255 227 189 1 4000
4.190169 0.086920 -0.941004 255 225 187 1 4000
4.190979 0.056698 -0.941186 255 231 195 1 4000
4.191790 0.026464 -0.941368 255 232 197 1 4000
4.192600 -0.003781 -0.941550 249 222 187 1 4000
4.193411 -0.034038 -0.941732 255 227 191 1 4000
4.194222 -0.064307 -0.941914 255 241 208 1 4000
4.195034 -0.094588 -0.942096 255 255 231 1 4000
4.195846 -0.124880 -0.942279 255 255 225 1 4000
4.196658 -0.155184 -0.942461 255 243 207 1 4000
4.197470 -0.185500 -0.942643 255 246 211 1 4000
4.198283 -0.215827 -0.942826 255 243 207 1 4000
4.199096 -0.246167 -0.943009 255 246 210 1 4000
4.199909 -0.276518 -0.943191 250 219 183 1 4000
4.200723 -0.306880 -0.943374 255 236 197 1 4000
4.201537 -0.337255 -0.943557 255 229 188 1 4000
4.202352 -0.367641 -0.943740 255 227 187 1 4000
4.203166 -0.398039 -0.943922 255 227 188 1 4000
4.203981 -0.428449 -0.944106 255 229 189 1 4000
4.204796 -0.458871 -0.944289 255 222 186 1 4000
4.205611 -0.489304 -0.944472 255 221 184 1 4000
4.206427 -0.519750 -0.944655 255 226 191 1 4000
4.207244 -0.550207 -0.944838 209 187 157 1 4000
4.208060 -0.580676 -0.945022 234 210 178 1 4000
4.208877 -0.611156 -0.945205 240 213 179 1 4000
4.209694 -0.641649 -0.945389 229 202 169 1 4000
4.210512 -0.672153 -0.945572 221 195 162 1 4000
4.211330 -0.702670 -0.945756 231 202 168 1 4000
4.212148 -0.733198 -0.945940 226 197 163 1 4000
4.212966 -0.763738 -0.946123 219 193 162 1 4000
4.213785 -0.794290 -0.946307 221 195 165 1 4000
4.214604 -0.824853 -0.946491 185 166 140 1 4000
4.215423 -0.855429 -0.946675 220 197 167 1 4000
4.216243 -0.886017 -0.946859 224 198 164 1 4000
4.217063 -0.916616 -0.947043 224 197 166 1 4000
4.217883 -0.947227 -0.947228 231 206 176 1 4000
4.218704 -0.977850 -0.947412 234 210 179 1 4000
4.219525 -1.008486 -0.947596 235 211 179 1 4000
4.220346 -1.039133 -0.947781 233 208 176 1 4000
4.221168 -1.069792 -0.947965 229 199 165 1 4000
4.221990 -1.100463 -0.948150 222 194 160 1 4000
4.222812 -1.131146 -0.948335 253 231 199 1 4000
4.223635 -1.161840 -0.948519 255 246 213 1 4000
4.224458 -1.192547 -0.948704 255 249 216 1 4000
4.225281 -1.223266 -0.948889 255 255 229 1 4000
4.226104 -1.253997 -0.949074 255 255 230 1 4000
4.226928 -1.284739 -0.949259 255 255 242 1 4000
4.227752 -1.315494 -0.949444 255 255 233 1 4000
4.228577 -1.346261 -0.949629 255 255 240 1 4000
4.229402 -1.377040 -0.949814 255 239 208 1 4000
4.230227 -1.407830 -0.950000 255 236 202 1 4000
4.231052 -1.438633 -0.950185 255 236 202 1 4000
4.231878 -1.469448 -0.950370 255 241 210 1 4000
4.232704 -1.500275 -0.950556 255 246 213 1 4000
4.233530 -1.531113 -0.950742 255 254 223 1 4000
4.234357 -1.561964 -0.950927 255 255 226 1 4000
4.235185 -1.592827 -0.951113 255 255 221 1 4000
4.236012 -1.623702 -0.951299 255 250 212 1 4000
4.236839 -1.654589 -0.951485 255 243 204 1 4000
4.237668 -1.685488 -0.951671 255 248 214 1 4000
4.238496 -1.716400 -0.951857 255 251 216 1 4000
4.239325 -1.747323 -0.952043 255 244 209 1 4000
4.240154 -1.778258 -0.952229 255 251 218 1 4000
4.240983 -1.809206 -0.952415 255 251 219 1 4000
4.241812 -1.840165 -0.952601 255 242 208 1 4000
4.242642 -1.871137 -0.952788 255 238 202 1 4000
4.243473 -1.902121 -0.952974 255 235 200 1 4000
4.244304 -1.933117 -0.953161 255 244 212 1 4000
4.245135 -1.964125 -0.953348 255 234 201 1 4000
4.245966 -1.995145 -0.953534 255 239 206 1 4000
4.246798 -2.026178 -0.953721 255 238 206 1 4000
4.247630 -2.057222 -0.953908 255 237 204 1 4000
4.248462 -2.088279 -0.954095 255 239 205 1 4000
4.249295 -2.119348 -0.954282 255 244 210 1 4000
4.250127 -2.150429 -0.954469 255 235 197 1 4000
4.250961 -2.181522 -0.954656 255 230 193 1 4000
4.251794 -2.212628 -0.954843 255 232 196 1 4000
4.252628 -2.243745 -0.955030 255 235 198 1 4000
4.253462 -2.274875 -0.955218 255 242 205 1 4000
4.254297 -2.306017 -0.955405 255 236 196 1 4000
4.255132 -2.337172 -0.955593 255 240 201 1 4000
4.255967 -2.368338 -0.955780 255 238 199 1 4000
4.256803 -2.399517 -0.955968 255 230 190 1 4000
4.257638 -2.430708 -0.956156 255 225 186 1 4000
3.409810 1.965130 -0.790358 124 124 123 10 1031
3.427489 1.950589 -0.794455 126 126 125 10 1031
3.445352 1.935896 -0.798596 129 130 128 10 1031
3.463403 1.921049 -0.802780 127 127 126 10 1031
3.481644 1.906046 -0.807008 130 130 128 10 1031
3.500077 1.890884 -0.811280 128 128 127 10 1031
3.518707 1.875560 -0.815599 129 129 128 10 1031
3.537537 1.860073 -0.819963 131 131 130 10 1031
3.556570 1.844419 -0.824375 130 130 129 10 1031
3.575807 1.828595 -0.828834 132 132 131 10 1031
3.595254 1.812599 -0.833341 131 131 130 10 1031
3.614915 1.796429 -0.837899 129 129 128 10 1031
3.634791 1.780080 -0.842506 131 131 129 10 1031
3.657203 1.764668 -0.847700 140 141 139 10 1031
3.685001 1.751493 -0.854144 162 163 161 10 1031
4.099092 1.918736 -0.950126 247 226 198 1 4000
4.099867 1.889518 -0.950305 248 224 194 1 4000
4.100643 1.860288 -0.950485 219 196 168 1 4000
4.101418 1.831047 -0.950665 210 190 164 1 4000
4.102194 1.801795 -0.950845 221 201 176 1 4000
4.102970 1.772532 -0.951025 254 232 203 1 4000
4.103747 1.743259 -0.951205 255 237 207 1 4000
4.104523 1.713973 -0.951385 255 248 218 1 4000
4.105300 1.684677 -0.951565 232 204 172 1 4000
4.106078 1.655370 -0.951745 255 225 188 1 4000
4.106856 1.626052 -0.951925 255 233 196 1 4000
4.107634 1.596722 -0.952106 255 243 208 1 4000
4.108412 1.567382 -0.952286 255 247 214 1 4000
4.109191 1.538030 -0.952467 255 244 212 1 4000
4.109970 1.508667 -0.952647 255 236 207 1 4000
4.110749 1.479293 -0.952828 255 235 205 1 4000
4.111529 1.449908 -0.953008 255 231 199 1 4000
4.112308 1.420511 -0.953189 241 212 179 1 4000
4.113088 1.391104 -0.953370 242 213 179 1 4000
4.113869 1.361686 -0.953551 245 214 179 1 4000
4.114649 1.332256 -0.953732 249 219 184 1 4000
4.115430 1.302815 -0.953913 253 222 187 1 4000
4.116211 1.273363 -0.954094 255 227 191 1 4000
4.116993 1.243899 -0.954275 255 243 210 1 4000
4.117775 1.214425 -0.954457 255 244 210 1 4000
4.118557 1.184939 -0.954638 255 245 210 1 4000
4.119339 1.155442 -0.954819 255 252 221 1 4000
4.120122 1.125934 -0.955001 234 211 180 1 4000
4.120905 1.096415 -0.955182 255 254 222 1 4000
4.121689 1.066885 -0.955364 255 255 221 1 4000
4.122472 1.037343 -0.955546 255 255 219 1 4000
4.123256 1.007790 -0.955727 255 253 218 1 4000
4.124041 0.978226 -0.955909 255 244 206 1 4000
4.124825 0.948650 -0.956091 255 242 206 1 4000
4.125610 0.919063 -0.956273 255 242 204 1 4000
4.126395 0.889465 -0.956455 255 236 198 1 4000
4.127181 0.859856 -0.956637 255 226 188 1 4000
4.127966 0.830236 -0.956819 255 241 207 1 4000
4.128753 0.800604 -0.957001 255 242 208 1 4000
4.129539 0.770961 -0.957183 255 239 206 1 4000
4.130325 0.741306 -0.957366 255 235 201 1 4000
4.131113 0.711641 -0.957548 255 237 204 1 4000
4.131899 0.681964 -0.957731 255 239 208 1 4000
4.132687 0.652275 -0.957913 255 230 197 1 4000
4.133475 0.622576 -0.958096 255 226 191 1 4000
4.134263 0.592865 -0.958278 255 231 197 1 4000
4.135051 0.563142 -0.958461 225 198 166 1 4000
4.135840 0.533409 -0.958644 250 219 183 1 4000
4.136629 0.503664 -0.958827 255 225 190 1 4000
4.137418 0.473907 -0.959010 255 235 202 1 4000
4.138208 0.444140 -0.959193 255 233 200 1 4000
4.138998 0.414361 -0.959376 255 241 208 1 4000
4.139789 0.384570 -0.959559 255 241 208 1 4000
4.140579 0.354769 -0.959743 255 243 214 1 4000
4.141370 0.324955 -0.959926 255 243 214 1 4000
4.142161 0.295131 -0.960109 220 195 163 1 4000
4.142952 0.265295 -0.960293 254 229 195 1 4000
4.143744 0.235447 -0.960476 255 239 207 1 4000
4.144536 0.205589 -0.960660 255 237 203 1 4000
4.145329 0.175718 -0.960843 255 235 200 1 4000
4.146121 0.145837 -0.961027 255 239 205 1 4000
4.146914 0.115944 -0.961211 255 242 209 1 4000
4.147707 0.086039 -0.961395 255 236 204 1 4000
4.148501 0.056123 -0.961579 255 237 204 1 4000
4.149295 0.026196 -0.961763 255 231 197 1 4000
4.150089 -0.003743 -0.961947 253 224 188 1 4000
4.150884 -0.033693 -0.962131 255 229 190 1 4000
4.151679 -0.063655 -0.962315 255 244 207 1 4000
4.152473 -0.093628 -0.962499 255 255 220 1 4000
4.153269 -0.123613 -0.962684 255 250 216 1 4000
4.154065 -0.153609 -0.962868 255 254 218 1 4000
4.154860 -0.183617 -0.963053 255 255 228 1 4000
4.155657 -0.213636 -0.963237 255 255 225 1 4000
4.156453 -0.243667 -0.963422 255 255 223 1 4000
4.157250 -0.273709 -0.963607 233 205 171 1 4000
4.158048 -0.303763 -0.963791 255 241 203 1 4000
4.158845 -0.333828 -0.963976 255 245 206 1 4000
4.159643 -0.363905 -0.964161 255 241 202 1 4000
4.160441 -0.393993 -0.964346 255 242 204 1 4000
4.161240 -0.424093 -0.964531 255 243 205 1 4000
4.162038 -0.454205 -0.964716 255 240 202 1 4000
4.162838 -0.484328 -0.964902 255 240 201 1 4000
4.163637 -0.514462 -0.965087 255 247 211 1 4000
4.164436 -0.544609 -0.965272 247 220 185 1 4000
4.165236 -0.574766 -0.965458 255 254 217 1 4000
4.166037 -0.604936 -0.965643 255 255 227 1 4000
4.166837 -0.635117 -0.965829 255 255 229 1 4000
4.167638 -0.665309 -0.966014 255 255 224 1 4000
4.168439 -0.695513 -0.966200 255 252 217 1 4000
4.169241 -0.725729 -0.966386 255 237 201 1 4000
4.170043 -0.755957 -0.966572 255 236 200 1 4000
4.170845 -0.786196 -0.966758 255 231 195 1 4000
4.171648 -0.816446 -0.966944 252 222 186 1 4000
4.172450 -0.846708 -0.967130 255 237 206 1 4000
4.173253 -0.876983 -0.967316 255 237 204 1 4000
4.174057 -0.907268 -0.967502 255 236 200 1 4000
4.174860 -0.937565 -0.967689 255 241 208 1 4000
4.175664 -0.967874 -0.967875 255 241 209 1 4000
4.176469 -0.998195 -0.968061 255 232 197 1 4000
4.177273 -1.028527 -0.968248 255 224 188 1 4000
4.178078 -1.058871 -0.968434 250 219 183 1 4000
4.178884 -1.089227 -0.968621 244 211 174 1 4000
4.179689 -1.119594 -0.968808 241 213 179 1 4000
4.180495 -1.149974 -0.968994 255 234 199 1 4000
4.181301 -1.180364 -0.969181 255 247 212 1 4000
4.182107 -1.210767 -0.969368 255 255 227 1 4000
4.182914 -1.241181 -0.969555 255 255 223 1 4000
4.183721 -1.271607 -0.969742 255 242 205 1 4000
4.184529 -1.302045 -0.969929 255 250 214 1 4000
4.185337 -1.332494 -0.970117 255 248 211 1 4000
4.186144 -1.362956 -0.970304 255 244 207 1 4000
4.186953 -1.393429 -0.970491 227 200 167 1 4000
4.187761 -1.423913 -0.970679 255 235 198 1 4000
4.188570 -1.454410 -0.970866 255 243 205 1 4000
4.189380 -1.484918 -0.971054 255 231 191 1 4000
4.190189 -1.515439 -0.971241 255 237 198 1 4000
4.191000 -1.545970 -0.971429 255 239 200 1 4000
4.191809 -1.576514 -0.971617 255 239 200 1 4000
4.192620 -1.607070 -0.971805 255 238 199 1 4000
4.193431 -1.637637 -0.971993 255 247 210 1 4000
4.194242 -1.668216 -0.972181 224 197 167 1 4000
4.195054 -1.698808 -0.972369 255 236 199 1 4000
4.195866 -1.729410 -0.972557 255 240 204 1 4000
4.196678 -1.760025 -0.972745 255 254 224 1 4000
4.197490 -1.790652 -0.972934 255 255 226 1 4000
4.198303 -1.821290 -0.973122 255 244 213 1 4000
4.199116 -1.851941 -0.973311 255 235 199 1 4000
4.199929 -1.882603 -0.973499 255 239 203 1 4000
4.200743 -1.913277 -0.973688 255 239 205 1 4000
4.201557 -1.943963 -0.973876 241 214 181 1 4000
4.202372 -1.974661 -0.974065 255 230 193 1 4000
4.203186 -2.005370 -0.974254 255 223 184 1 4000
4.204000 -2.036092 -0.974443 255 220 182 1 4000
4.204816 -2.066825 -0.974632 255 222 183 1 4000
4.205631 -2.097571 -0.974821 255 222 183 1 4000
4.206448 -2.128329 -0.975010 253 219 183 1 4000
4.207264 -2.159098 -0.975199 255 222 186 1 4000
4.208080 -2.189879 -0.975388 253 221 186 1 4000
4.208898 -2.220672 -0.975578 230 204 172 1 4000
4.209714 -2.251477 -0.975767 242 218 186 1 4000
4.210532 -2.282295 -0.975957 240 215 182 1 4000
4.211350 -2.313124 -0.976146 235 208 175 1 4000
4.212168 -2.343965 -0.976336 234 207 173 1 4000
4.212986 -2.374818 -0.976525 229 201 169 1 4000
4.213805 -2.405683 -0.976715 226 198 165 1 4000
3.418014 1.969858 -0.816921 128 128 127 10 1031
3.435779 1.955307 -0.821167 127 128 127 10 1031
3.453729 1.940603 -0.825457 129 129 128 10 1031
3.471868 1.925744 -0.829792 126 126 125 10 1031
3.490198 1.910729 -0.834173 127 127 126 10 1031
3.508723 1.895554 -0.838601 127 127 125 10 1031
3.527445 1.880217 -0.843075 130 130 129 10 1031
3.546369 1.864716 -0.847598 133 133 132 10 1031
3.565496 1.849048 -0.852170 129 129 128 10 1031
3.584831 1.833209 -0.856791 129 129 128 10 1031
3.604377 1.817198 -0.861462 133 133 132 10 1031
3.624137 1.801012 -0.866185 130 130 129 10 1031
3.644115 1.784646 -0.870960 130 131 129 10 1031
3.664866 1.768366 -0.875920 132 132 130 10 1031
3.692781 1.755191 -0.882591 156 156 155 10 1031
4.058446 1.899711 -0.969987 248 224 193 1 4000
4.059207 1.870779 -0.970169 249 225 194 1 4000
4.059967 1.841835 -0.970351 244 221 193 1 4000
4.060727 1.812881 -0.970532 215 194 168 1 4000
4.061487 1.783916 -0.970714 241 216 187 1 4000
4.062248 1.754940 -0.970896 255 238 207 1 4000
4.063010 1.725954 -0.971078 255 244 211 1 4000
4.063771 1.696956 -0.971260 249 226 198 1 4000
4.064533 1.667947 -0.971442 255 221 182 1 4000
4.065295 1.638928 -0.971624 255 222 186 1 4000
4.066057 1.609898 -0.971806 255 234 201 1 4000
4.066820 1.580857 -0.971988 255 244 214 1 4000
4.067583 1.551805 -0.972171 255 252 223 1 4000
4.068346 1.522742 -0.972353 255 248 219 1 4000
4.069109 1.493668 -0.972536 255 237 210 1 4000
4.069873 1.464583 -0.972718 254 227 193 1 4000
4.070637 1.435488 -0.972901 254 225 189 1 4000
4.071402 1.406381 -0.973084 211 186 158 1 4000
4.072166 1.377264 -0.973266 250 221 189 1 4000
4.072931 1.348135 -0.973449 250 221 189 1 4000
4.073697 1.318996 -0.973632 255 230 197 1 4000
4.074462 1.289846 -0.973815 255 238 205 1 4000
4.075228 1.260684 -0.973999 255 232 198 1 4000
4.075994 1.231512 -0.974182 255 234 199 1 4000
4.076760 1.202329 -0.974365 255 241 208 1 4000
4.077527 1.173135 -0.974548 255 245 210 1 4000
4.078294 1.143929 -0.974731 255 246 213 1 4000
4.079061 1.114713 -0.974915 255 240 205 1 4000
4.079829 1.085486 -0.975098 255 246 211 1 4000
4.080596 1.056248 -0.975282 255 249 214 1 4000
4.081365 1.026999 -0.975465 255 249 216 1 4000
4.082133 0.997739 -0.975649 255 248 213 1 4000
4.082901 0.968467 -0.975833 255 249 214 1 4000
4.083671 0.939185 -0.976016 255 246 208 1 4000
4.084440 0.909892 -0.976200 255 243 206 1 4000
4.085209 0.880588 -0.976384 255 242 204 1 4000
4.085979 0.851272 -0.976568 220 196 166 1 4000
4.086750 0.821946 -0.976752 255 250 219 1 4000
4.087520 0.792608 -0.976936 255 254 224 1 4000
4.088290 0.763260 -0.977121 255 249 215 1 4000
4.089062 0.733900 -0.977305 255 242 209 1 4000
4.089832 0.704530 -0.977489 255 241 210 1 4000
4.090604 0.675148 -0.977673 255 234 202 1 4000
4.091376 0.645755 -0.977858 255 228 196 1 4000
4.092148 0.616351 -0.978042 255 231 199 1 4000
4.092921 0.586936 -0.978227 255 233 200 1 4000
4.093694 0.557510 -0.978412 248 217 181 1 4000
4.094467 0.528073 -0.978597 254 223 188 1 4000
4.095240 0.498624 -0.978781 255 229 194 1 4000
4.096014 0.469165 -0.978966 255 236 204 1 4000
4.096787 0.439694 -0.979151 255 239 207 1 4000
4.097561 0.410212 -0.979336 255 246 217 1 4000
4.098336 0.380720 -0.979521 255 247 218 1 4000
4.099111 0.351215 -0.979707 255 238 203 1 4000
4.099886 0.321700 -0.979892 255 237 200 1 4000
4.100662 0.292174 -0.980077 214 191 161 1 4000
4.101437 0.262636 -0.980263 255 244 215 1 4000
4.102213 0.233088 -0.980448 255 241 211 1 4000
4.102989 0.203528 -0.980633 255 238 206 1 4000
4.103766 0.173957 -0.980819 255 234 201 1 4000
4.104543 0.144374 -0.981005 255 240 207 1 4000
4.105320 0.114781 -0.981191 255 247 215 1 4000
4.106097 0.085176 -0.981376 255 243 213 1 4000
4.106875 0.055560 -0.981562 255 241 209 1 4000
4.107653 0.025933 -0.981748 255 252 220 1 4000
4.108431 -0.003705 -0.981934 255 228 189 1 4000
4.109210 -0.033355 -0.982120 255 235 197 1 4000
4.109989 -0.063016 -0.982307 255 245 207 1 4000
4.110768 -0.092688 -0.982493 255 253 217 1 4000
4.111547 -0.122371 -0.982679 255 255 219 1 4000
4.112327 -0.152066 -0.982865 255 255 223 1 4000
4.113108 -0.181772 -0.983052 255 255 224 1 4000
4.113888 -0.211489 -0.983238 255 255 223 1 4000
4.114668 -0.241217 -0.983425 255 253 215 1 4000
4.115449 -0.270957 -0.983612 231 201 167 1 4000
4.116230 -0.300708 -0.983798 255 236 199 1 4000
4.117012 -0.330470 -0.983985 255 239 200 1 4000
4.117795 -0.360244 -0.984172 255 246 207 1 4000
4.118576 -0.390029 -0.984359 255 248 209 1 4000
4.119359 -0.419825 -0.984546 255 255 219 1 4000
4.120142 -0.449632 -0.984733 255 254 217 1 4000
4.120925 -0.479451 -0.984920 255 254 218 1 4000
4.121708 -0.509282 -0.985107 255 255 227 1 4000
4.122492 -0.539123 -0.985295 255 250 217 1 4000
4.123276 -0.568976 -0.985482 255 255 225 1 4000
4.124060 -0.598840 -0.985669 255 255 227 1 4000
4.124845 -0.628716 -0.985857 255 255 228 1 4000
4.125629 -0.658603 -0.986044 255 255 221 1 4000
4.126415 -0.688501 -0.986232 255 242 207 1 4000
4.127200 -0.718411 -0.986420 255 236 201 1 4000
4.127986 -0.748332 -0.986608 255 234 197 1 4000
4.128772 -0.778265 -0.986796 255 230 193 1 4000
4.129558 -0.808209 -0.986984 255 227 189 1 4000
4.130345 -0.838164 -0.987172 240 215 183 1 4000
4.131132 -0.868131 -0.987360 255 235 202 1 4000
4.131919 -0.898109 -0.987548 255 235 201 1 4000
4.132707 -0.928099 -0.987736 255 239 206 1 4000
4.133494 -0.958100 -0.987924 255 240 206 1 4000
4.134283 -0.988112 -0.988113 255 244 213 1 4000
4.135071 -1.018136 -0.988301 255 237 204 1 4000
4.135859 -1.048172 -0.988490 255 230 194 1 4000
4.136649 -1.078218 -0.988678 255 236 202 1 4000
4.137438 -1.108277 -0.988867 205 184 156 1 4000
4.138228 -1.138347 -0.989056 250 219 182 1 4000
4.139017 -1.168428 -0.989244 255 235 198 1 4000
4.139808 -1.198521 -0.989433 255 248 212 1 4000
4.140599 -1.228625 -0.989622 255 250 216 1 4000
4.141389 -1.258741 -0.989811 255 255 221 1 4000
4.142180 -1.288868 -0.990000 255 255 222 1 4000
4.142972 -1.319007 -0.990189 255 255 226 1 4000
4.143764 -1.349157 -0.990379 255 255 229 1 4000
4.144556 -1.379319 -0.990568 255 228 194 1 4000
4.145348 -1.409492 -0.990757 255 241 206 1 4000
4.146141 -1.439677 -0.990947 255 252 218 1 4000
4.146934 -1.469873 -0.991136 255 251 215 1 4000
4.147727 -1.500081 -0.991326 255 247 210 1 4000
4.148521 -1.530301 -0.991516 255 251 215 1 4000
4.149314 -1.560532 -0.991705 255 255 221 1 4000
4.150109 -1.590775 -0.991895 255 249 215 1 4000
4.150903 -1.621029 -0.992085 255 250 216 1 4000
4.151698 -1.651295 -0.992275 255 239 204 1 4000
4.152493 -1.681572 -0.992465 255 227 191 1 4000
4.153288 -1.711861 -0.992655 255 234 195 1 4000
4.154084 -1.742162 -0.992845 255 241 204 1 4000
4.154881 -1.772474 -0.993036 255 251 218 1 4000
4.155677 -1.802798 -0.993226 255 245 211 1 4000
4.156473 -1.833133 -0.993416 255 249 214 1 4000
4.157270 -1.863481 -0.993607 255 255 223 1 4000
4.158067 -1.893839 -0.993797 255 253 220 1 4000
4.158864 -1.924210 -0.993988 255 248 216 1 4000
4.159663 -1.954592 -0.994179 243 214 180 1 4000
4.160460 -1.984986 -0.994369 255 234 197 1 4000
4.161259 -2.015391 -0.994560 255 237 199 1 4000
4.162058 -2.045808 -0.994751 255 233 196 1 4000
4.162857 -2.076237 -0.994942 255 233 197 1 4000
4.163657 -2.106678 -0.995133 255 235 198 1 4000
4.164456 -2.137130 -0.995324 255 231 195 1 4000
4.165257 -2.167593 -0.995515 255 232 195 1 4000
4.166057 -2.198069 -0.995707 255 237 201 1 4000
4.166857 -2.228556 -0.995898 228 204 173 1 4000
4.167658 -2.259055 -0.996089 255 245 210 1 4000
4.168459 -2.289566 -0.996281 255 251 220 1 4000
4.169261 -2.320088 -0.996473 255 250 217 1 4000
4.170063 -2.350622 -0.996664 255 248 216 1 4000
4.170865 -2.381168 -0.996856 255 248 212 1 4000
3.426258 1.974609 -0.843612 126 126 124 10 1031
3.444109 1.960047 -0.848008 126 127 125 10 1031
3.462147 1.945333 -0.852449 128 128 127 10 1031
3.480374 1.930462 -0.856937 128 129 127 10 1031
3.498794 1.915435 -0.861472 125 126 125 10 1031
3.517410 1.900247 -0.866056 124 125 123 10 1031
3.536226 1.884898 -0.870689 125 126 125 10 1031
3.555244 1.869383 -0.875371 126 127 125 10 1031
3.574468 1.853701 -0.880105 127 127 126 10 1031
3.593900 1.837847 -0.884889 128 128 127 10 1031
3.613545 1.821821 -0.889726 128 128 127 10 1031
3.633406 1.805618 -0.894616 130 131 129 10 1031
3.653487 1.789236 -0.899561 129 129 128 10 1031
3.673791 1.772673 -0.904560 127 128 127 10 1031
3.700489 1.758855 -0.911134 152 152 150 10 1031
3.728463 1.745250 -0.918021 187 177 166 10 1031
4.019344 1.852407 -0.989642 246 220 188 1 4000
4.020090 1.823745 -0.989826 247 222 191 1 4000
4.020835 1.795072 -0.990009 251 222 190 1 4000
4.021581 1.766388 -0.990193 255 235 201 1 4000
4.022327 1.737694 -0.990377 255 239 207 1 4000
4.023073 1.708989 -0.990560 255 244 213 1 4000
4.023820 1.680273 -0.990744 239 207 170 1 4000
4.024567 1.651547 -0.990928 252 224 191 1 4000
4.025314 1.622810 -0.991112 255 230 197 1 4000
4.026061 1.594062 -0.991296 255 236 205 1 4000
4.026809 1.565304 -0.991480 255 241 210 1 4000
4.027557 1.536535 -0.991664 255 244 213 1 4000
4.028305 1.507755 -0.991848 254 232 203 1 4000
4.029054 1.478965 -0.992033 247 215 179 1 4000
4.029803 1.450164 -0.992217 244 213 175 1 4000
4.030551 1.421352 -0.992402 229 196 160 1 4000
4.031301 1.392529 -0.992586 248 220 187 1 4000
4.032050 1.363696 -0.992771 250 222 189 1 4000
4.032801 1.334852 -0.992955 255 229 196 1 4000
4.033551 1.305997 -0.993141 255 230 197 1 4000
4.034301 1.277132 -0.993325 255 233 200 1 4000
4.035052 1.248256 -0.993510 255 232 199 1 4000
4.035803 1.219369 -0.993695 255 234 200 1 4000
4.036554 1.190471 -0.993880 255 237 205 1 4000
4.037306 1.161563 -0.994065 255 243 208 1 4000
4.038058 1.132644 -0.994250 223 198 167 1 4000
4.038810 1.103714 -0.994435 255 231 193 1 4000
4.039562 1.074773 -0.994621 255 231 195 1 4000
4.040316 1.045821 -0.994806 255 241 206 1 4000
4.041069 1.016859 -0.994992 255 243 207 1 4000
4.041821 0.987886 -0.995177 255 247 210 1 4000
4.042575 0.958902 -0.995362 255 248 213 1 4000
4.043329 0.929907 -0.995548 255 245 208 1 4000
4.044084 0.900902 -0.995734 255 244 206 1 4000
4.044837 0.871885 -0.995919 255 238 201 1 4000
4.045592 0.842858 -0.996105 245 221 190 1 4000
4.046348 0.813820 -0.996291 255 249 217 1 4000
4.047102 0.784771 -0.996477 255 255 225 1 4000
4.047858 0.755711 -0.996663 255 254 220 1 4000
4.048614 0.726641 -0.996849 255 250 215 1 4000
4.049370 0.697559 -0.997035 255 248 215 1 4000
4.050127 0.668467 -0.997222 255 237 205 1 4000
4.050883 0.639364 -0.997408 255 237 204 1 4000
4.051640 0.610250 -0.997594 255 233 199 1 4000
4.052397 0.581125 -0.997781 247 220 187 1 4000
4.053155 0.551989 -0.997967 255 232 201 1 4000
4.053913 0.522842 -0.998154 247 215 178 1 4000
4.054671 0.493685 -0.998341 252 227 195 1 4000
4.055429 0.464516 -0.998527 255 230 198 1 4000
4.056188 0.435337 -0.998714 255 239 208 1 4000
4.056947 0.406146 -0.998901 255 238 206 1 4000
4.057706 0.376945 -0.999088 255 244 214 1 4000
4.058465 0.347733 -0.999275 255 234 197 1 4000
4.059226 0.318510 -0.999462 255 227 188 1 4000
4.059985 0.289276 -0.999649 215 193 165 1 4000
4.060746 0.260031 -0.999836 255 254 225 1 4000
4.061506 0.230775 -1.000024 255 238 205 1 4000
4.062267 0.201508 -1.000211 255 239 205 1 4000
4.063028 0.172230 -1.000398 255 241 209 1 4000
4.063790 0.142941 -1.000586 255 238 207 1 4000
4.064552 0.113641 -1.000774 255 240 206 1 4000
4.065314 0.084330 -1.000961 255 244 210 1 4000
4.066076 0.055008 -1.001149 255 252 218 1 4000
4.066839 0.025675 -1.001337 255 255 228 1 4000
4.067601 -0.003669 -1.001524 255 230 187 1 4000
4.068365 -0.033023 -1.001712 255 233 193 1 4000
4.069128 -0.062389 -1.001900 255 240 204 1 4000
4.069892 -0.091766 -1.002088 255 253 220 1 4000
4.070656 -0.121154 -1.002277 255 255 232 1 4000
4.071421 -0.150553 -1.002465 255 255 230 1 4000
4.072186 -0.179963 -1.002653 255 255 235 1 4000
4.072950 -0.209384 -1.002841 255 254 216 1 4000
4.073716 -0.238816 -1.003030 255 251 210 1 4000
4.074481 -0.268260 -1.003218 215 188 156 1 4000
4.075247 -0.297714 -1.003407 255 246 211 1 4000
4.076013 -0.327179 -1.003595 255 245 209 1 4000
4.076779 -0.356656 -1.003784 255 254 217 1 4000
4.077546 -0.386143 -1.003973 255 255 228 1 4000
4.078312 -0.415642 -1.004162 255 255 219 1 4000
4.079080 -0.445151 -1.004351 255 255 217 1 4000
4.079848 -0.474672 -1.004540 255 255 223 1 4000
4.080616 -0.504204 -1.004729 255 253 217 1 4000
4.081384 -0.533747 -1.004918 255 255 221 1 4000
4.082152 -0.563301 -1.005107 255 247 211 1 4000
4.082921 -0.592867 -1.005296 255 252 216 1 4000
4.083690 -0.622443 -1.005486 255 250 215 1 4000
4.084459 -0.652031 -1.005675 255 248 214 1 4000
4.085228 -0.681629 -1.005865 255 241 207 1 4000
4.085998 -0.711239 -1.006054 255 241 208 1 4000
4.086769 -0.740860 -1.006244 255 238 201 1 4000
4.087539 -0.770492 -1.006433 255 234 198 1 4000
4.088309 -0.800136 -1.006623 255 234 198 1 4000
4.089080 -0.829790 -1.006813 211 190 161 1 4000
4.089851 -0.859456 -1.007003 255 241 211 1 4000
4.090623 -0.889133 -1.007193 255 245 216 1 4000
4.091395 -0.918821 -1.007383 255 241 208 1 4000
4.092167 -0.948521 -1.007573 255 241 209 1 4000
4.092940 -0.978231 -1.007763 255 243 212 1 4000
4.093712 -1.007953 -1.007953 255 238 205 1 4000
4.094486 -1.037686 -1.008144 255 231 198 1 4000
4.095259 -1.067430 -1.008334 255 235 202 1 4000
4.096033 -1.097186 -1.008525 252 229 196 1 4000
4.096807 -1.126952 -1.008715 254 223 186 1 4000
4.097581 -1.156730 -1.008906 255 225 188 1 4000
4.098355 -1.186520 -1.009097 255 247 210 1 4000
4.099130 -1.216320 -1.009287 255 255 224 1 4000
4.099905 -1.246132 -1.009478 255 253 218 1 4000
4.100680 -1.275955 -1.009669 255 255 234 1 4000
4.101456 -1.305789 -1.009860 255 255 229 1 4000
4.102232 -1.335635 -1.010051 255 253 215 1 4000
4.103008 -1.365492 -1.010242 255 246 207 1 4000
4.103785 -1.395360 -1.010433 252 230 199 1 4000
4.104562 -1.425239 -1.010625 255 255 225 1 4000
4.105339 -1.455130 -1.010816 255 253 220 1 4000
4.106117 -1.485032 -1.011007 255 252 217 1 4000
4.106894 -1.514946 -1.011199 255 251 218 1 4000
4.107672 -1.544871 -1.011390 255 254 221 1 4000
4.108450 -1.574807 -1.011582 255 255 228 1 4000
4.109229 -1.604754 -1.011774 255 255 223 1 4000
4.110008 -1.634713 -1.011966 255 255 226 1 4000
4.110787 -1.664683 -1.012157 241 215 185 1 4000
4.111567 -1.694665 -1.012349 255 232 193 1 4000
4.112346 -1.724658 -1.012541 255 236 199 1 4000
4.113126 -1.754662 -1.012733 255 246 209 1 4000
4.113907 -1.784678 -1.012926 255 252 219 1 4000
4.114687 -1.814705 -1.013118 255 249 215 1 4000
4.115469 -1.844743 -1.013310 255 253 221 1 4000
4.116250 -1.874793 -1.013502 255 255 223 1 4000
4.117032 -1.904855 -1.013695 255 250 216 1 4000
4.117814 -1.934927 -1.013887 255 232 196 1 4000
4.118596 -1.965011 -1.014080 255 230 193 1 4000
4.119378 -1.995107 -1.014273 255 230 192 1 4000
4.120161 -2.025214 -1.014465 255 235 197 1 4000
4.120944 -2.055333 -1.014658 255 237 201 1 4000
4.121727 -2.085463 -1.014851 255 242 204 1 4000
4.122511 -2.115604 -1.015044 255 248 214 1 4000
4.123295 -2.145757 -1.015237 255 245 210 1 4000
4.124080 -2.175921 -1.015430 255 246 212 1 4000
4.124864 -2.206097 -1.015623 255 250 219 1 4000
4.125648 -2.236284 -1.015817 252 227 195 1 4000
4.126434 -2.266483 -1.016010 255 253 221 1 4000
4.127219 -2.296694 -1.016203 255 253 220 1 4000
4.128005 -2.326915 -1.016397 255 251 215 1 4000
4.128791 -2.357148 -1.016590 255 247 213 1 4000
3.434542 1.979384 -0.870433 125 126 125 10 1031
3.452479 1.964811 -0.874979 125 126 125 10 1031
3.470604 1.950085 -0.879573 125 125 124 10 1031
3.488921 1.935203 -0.884215 124 124 123 10 1031
3.507433 1.920164 -0.888906 128 128 127 10 1031
3.526142 1.904965 -0.893648 125 125 124 10 1031
3.545051 1.889602 -0.898440 127 127 126 10 1031
3.564164 1.874073 -0.903284 124 125 123 10 1031
3.583485 1.858377 -0.908180 126 126 125 10 1031
3.603015 1.842509 -0.913130 125 126 125 10 1031
3.622761 1.826467 -0.918134 130 130 129 10 1031
3.642723 1.810248 -0.923194 127 127 126 10 1031
3.662907 1.793850 -0.928309 122 123 121 10 1031
3.683314 1.777268 -0.933481 124 124 123 10 1031
3.707560 1.762216 -0.939626 143 143 141 10 1031
3.735643 1.748610 -0.946743 158 158 156 10 1031
3.980258 1.834393 -1.008737 247 221 189 1 4000
3.980989 1.806006 -1.008922 251 219 183 1 4000
3.981719 1.777609 -1.009107 255 227 191 1 4000
3.982451 1.749201 -1.009292 255 237 203 1 4000
3.983183 1.720783 -1.009478 255 231 196 1 4000
3.983914 1.692354 -1.009663 220 196 168 1 4000
3.984646 1.663915 -1.009849 254 224 190 1 4000
3.985379 1.635465 -1.010034 255 232 200 1 4000
3.986112 1.607005 -1.010220 255 233 201 1 4000
3.986845 1.578535 -1.010406 255 234 203 1 4000
3.987578 1.550054 -1.010592 255 235 202 1 4000
3.988312 1.521562 -1.010778 255 239 208 1 4000
3.989045 1.493060 -1.010964 245 220 189 1 4000
3.989779 1.464548 -1.011150 240 212 179 1 4000
3.990513 1.436025 -1.011336 240 211 175 1 4000
3.991248 1.407492 -1.011522 209 184 155 1 4000
3.991983 1.378948 -1.011708 254 229 194 1 4000
3.992718 1.350393 -1.011894 248 220 185 1 4000
3.993454 1.321828 -1.012081 252 226 193 1 4000
3.994189 1.293253 -1.012268 255 231 200 1 4000
3.994925 1.264667 -1.012454 254 229 196 1 4000
3.995661 1.236070 -1.012641 250 222 187 1 4000
3.996397 1.207463 -1.012828 255 232 199 1 4000
3.997134 1.178845 -1.013014 255 238 207 1 4000
3.997871 1.150217 -1.013201 255 239 205 1 4000
3.998609 1.121578 -1.013388 245 214 177 1 4000
3.999346 1.092929 -1.013575 255 236 200 1 4000
4.000084 1.064269 -1.013762 255 242 209 1 4000
4.000822 1.035599 -1.013949 255 245 211 1 4000
4.001560 1.006918 -1.014136 255 247 214 1 4000
4.002299 0.978226 -1.014323 255 251 218 1 4000
4.003038 0.949524 -1.014510 255 250 217 1 4000
4.003777 0.920811 -1.014698 255 243 208 1 4000
4.004516 0.892087 -1.014885 255 242 207 1 4000
4.005256 0.863353 -1.015073 255 235 200 1 4000
4.005996 0.834609 -1.015260 255 245 212 1 4000
4.006736 0.805853 -1.015448 255 247 215 1 4000
4.007477 0.777087 -1.015635 255 251 217 1 4000
4.008218 0.748311 -1.015823 255 253 219 1 4000
4.008959 0.719524 -1.016011 255 250 215 1 4000
4.009700 0.690726 -1.016199 255 242 204 1 4000
4.010441 0.661917 -1.016387 255 237 199 1 4000
4.011184 0.633098 -1.016575 255 236 202 1 4000
4.011926 0.604268 -1.016763 255 229 194 1 4000
4.012668 0.575428 -1.016951 221 196 166 1 4000
4.013411 0.546576 -1.017139 253 226 193 1 4000
4.014154 0.517715 -1.017328 253 227 194 1 4000
4.014897 0.488842 -1.017516 255 229 198 1 4000
4.015641 0.459959 -1.017704 255 234 203 1 4000
4.016385 0.431065 -1.017893 255 233 204 1 4000
4.017129 0.402160 -1.018082 255 238 208 1 4000
4.017873 0.373245 -1.018270 255 227 191 1 4000
4.018618 0.344319 -1.018459 249 214 173 1 4000
4.019363 0.315382 -1.018648 247 213 172 1 4000
4.020108 0.286434 -1.018837 215 191 159 1 4000
4.020854 0.257476 -1.019026 255 233 198 1 4000
4.021599 0.228507 -1.019215 255 226 189 1 4000
4.022346 0.199527 -1.019404 255 225 188 1 4000
4.023091 0.170537 -1.019593 255 236 202 1 4000
4.023838 0.141536 -1.019782 255 236 202 1 4000
4.024585 0.112524 -1.019971 255 241 206 1 4000
4.025332 0.083501 -1.020161 255 248 212 1 4000
4.026080 0.054467 -1.020350 255 252 218 1 4000
4.026827 0.025423 -1.020539 255 255 226 1 4000
4.027575 -0.003632 -1.020729 255 227 186 1 4000
4.028324 -0.032698 -1.020919 255 232 198 1 4000
4.029072 -0.061775 -1.021108 255 240 206 1 4000
4.029821 -0.090863 -1.021298 255 247 213 1 4000
4.030570 -0.119961 -1.021488 255 251 218 1 4000
4.031320 -0.149070 -1.021678 255 255 225 1 4000
4.032069 -0.178190 -1.021868 255 253 218 1 4000
4.032819 -0.207321 -1.022058 255 234 192 1 4000
4.033569 -0.236463 -1.022248 255 235 192 1 4000
4.034320 -0.265615 -1.022438 225 192 156 1 4000
4.035070 -0.294779 -1.022629 255 244 207 1 4000
4.035821 -0.323953 -1.022819 255 250 215 1 4000
4.036573 -0.353138 -1.023009 255 253 216 1 4000
4.037325 -0.382334 -1.023200 255 255 218 1 4000
4.038076 -0.411541 -1.023390 255 255 221 1 4000
4.038828 -0.440759 -1.023581 255 254 217 1 4000
4.039581 -0.469987 -1.023772 255 255 223 1 4000
4.040334 -0.499227 -1.023962 255 255 225 1 4000
4.041087 -0.528477 -1.024153 255 248 211 1 4000
4.041840 -0.557739 -1.024344 249 216 181 1 4000
4.042594 -0.587011 -1.024535 255 231 195 1 4000
4.043347 -0.616294 -1.024726 255 233 196 1 4000
4.044102 -0.645588 -1.024917 255 234 200 1 4000
4.044856 -0.674893 -1.025109 255 238 203 1 4000
4.045611 -0.704209 -1.025300 255 239 204 1 4000
4.046366 -0.733536 -1.025491 255 242 208 1 4000
4.047121 -0.762874 -1.025683 255 235 198 1 4000
4.047877 -0.792223 -1.025874 255 235 199 1 4000
4.048633 -0.821582 -1.026066 233 206 173 1 4000
4.049389 -0.850953 -1.026257 255 238 208 1 4000
4.050145 -0.880335 -1.026449 255 239 207 1 4000
4.050902 -0.909728 -1.026641 255 247 216 1 4000
4.051659 -0.939131 -1.026833 255 239 206 1 4000
4.052416 -0.968546 -1.027024 255 242 209 1 4000
4.053174 -0.997971 -1.027216 255 238 204 1 4000
4.053931 -1.027408 -1.027408 255 238 204 1 4000
4.054689 -1.056856 -1.027601 255 238 204 1 4000
4.055448 -1.086314 -1.027793 255 234 201 1 4000
4.056206 -1.115784 -1.027985 242 220 190 1 4000
4.056965 -1.145265 -1.028177 255 231 197 1 4000
4.057724 -1.174757 -1.028370 255 233 198 1 4000
4.058484 -1.204259 -1.028562 255 244 210 1 4000
4.059244 -1.233773 -1.028755 255 254 221 1 4000
4.060004 -1.263298 -1.028947 255 250 215 1 4000
4.060764 -1.292834 -1.029140 255 255 230 1 4000
4.061525 -1.322381 -1.029333 255 250 210 1 4000
4.062286 -1.351939 -1.029526 255 242 202 1 4000
4.063047 -1.381508 -1.029719 240 210 174 1 4000
4.063809 -1.411089 -1.029912 255 255 238 1 4000
4.064570 -1.440680 -1.030105 255 255 221 1 4000
4.065332 -1.470282 -1.030298 255 252 218 1 4000
4.066095 -1.499896 -1.030491 255 252 217 1 4000
4.066857 -1.529521 -1.030684 255 251 219 1 4000
4.067620 -1.559156 -1.030878 255 250 215 1 4000
4.068384 -1.588803 -1.031071 255 251 217 1 4000
4.069147 -1.618461 -1.031265 255 254 220 1 4000
4.069911 -1.648130 -1.031458 255 255 223 1 4000
4.070675 -1.677811 -1.031652 253 219 180 1 4000
4.071439 -1.707502 -1.031846 255 231 191 1 4000
4.072205 -1.737205 -1.032040 255 233 197 1 4000
4.072969 -1.766918 -1.032233 255 247 214 1 4000
4.073734 -1.796643 -1.032427 255 255 227 1 4000
4.074500 -1.826379 -1.032621 255 254 224 1 4000
4.075265 -1.856127 -1.032815 255 255 229 1 4000
4.076032 -1.885885 -1.033010 255 250 214 1 4000
4.076798 -1.915655 -1.033204 255 244 205 1 4000
4.077565 -1.945436 -1.033398 229 201 168 1 4000
4.078331 -1.975227 -1.033592 255 239 206 1 4000
4.079099 -2.005031 -1.033787 255 238 203 1 4000
4.079866 -2.034845 -1.033981 255 246 210 1 4000
4.080635 -2.064671 -1.034176 255 255 220 1 4000
4.081402 -2.094508 -1.034371 255 248 212 1 4000
4.082171 -2.124356 -1.034565 255 247 210 1 4000
4.082940 -2.154215 -1.034760 255 249 214 1 4000
4.083709 -2.184086 -1.034955 255 244 210 1 4000
4.084478 -2.213968 -1.035150 255 241 209 1 4000
4.085248 -2.243861 -1.035345 255 237 202 1 4000
4.086017 -2.273765 -1.035540 255 244 208 1 4000
4.086787 -2.303681 -1.035735 255 245 210 1 4000
4.087558 -2.333608 -1.035931 255 245 212 1 4000
3.442866 1.984181 -0.897384 122 123 121 10 1031
3.460890 1.969598 -0.902082 122 122 121 10 1031
3.479104 1.954861 -0.906829 122 122 121 10 1031
3.497511 1.939968 -0.911627 121 121 120 10 1031
3.516114 1.924917 -0.916476 124 124 123 10 1031
3.534915 1.909704 -0.921377 125 125 124 10 1031
3.553919 1.894329 -0.926330 125 125 124 10 1031
3.573128 1.878787 -0.931337 127 127 126 10 1031
3.592546 1.863076 -0.936398 127 127 126 10 1031
3.612176 1.847193 -0.941515 128 129 128 10 1031
3.632021 1.831136 -0.946687 123 123 122 10 1031
3.652085 1.814901 -0.951917 124 125 124 10 1031
3.672372 1.798485 -0.957205 121 121 120 10 1031
3.692886 1.781886 -0.962552 123 123 121 10 1031
3.715493 1.765987 -0.968444 132 132 131 10 1031
3.742850 1.751984 -0.975575 152 153 151 10 1031
3.941924 1.816726 -1.027464 255 230 199 1 4000
3.942641 1.788609 -1.027650 255 234 202 1 4000
3.943358 1.760482 -1.027837 255 234 202 1 4000
3.944075 1.732345 -1.028024 255 232 199 1 4000
3.944793 1.704198 -1.028211 255 231 198 1 4000
3.945511 1.676040 -1.028398 251 225 193 1 4000
3.946229 1.647872 -1.028585 250 227 195 1 4000
3.946947 1.619694 -1.028773 246 223 191 1 4000
3.947666 1.591506 -1.028960 243 218 187 1 4000
3.948384 1.563307 -1.029147 244 221 190 1 4000
3.949104 1.535098 -1.029335 238 214 183 1 4000
3.949822 1.506879 -1.029522 228 206 175 1 4000
3.950542 1.478649 -1.029710 214 190 159 1 4000
3.951263 1.450409 -1.029898 214 190 161 1 4000
3.951983 1.422159 -1.030085 210 185 155 1 4000
3.952703 1.393899 -1.030273 204 182 152 1 4000
3.953424 1.365628 -1.030461 209 186 155 1 4000
3.954145 1.337347 -1.030649 205 181 150 1 4000
3.954866 1.309056 -1.030837 205 182 152 1 4000
3.955587 1.280754 -1.031025 206 185 158 1 4000
3.956309 1.252442 -1.031214 207 186 158 1 4000
3.957031 1.224120 -1.031402 203 181 152 1 4000
3.957754 1.195787 -1.031590 198 174 145 1 4000
3.958476 1.167444 -1.031778 189 168 139 1 4000
3.959199 1.139091 -1.031967 200 179 152 1 4000
3.959922 1.110727 -1.032155 223 197 164 1 4000
3.960645 1.082353 -1.032344 231 205 172 1 4000
3.961369 1.053969 -1.032532 232 207 176 1 4000
3.962093 1.025574 -1.032721 237 215 185 1 4000
3.962817 0.997168 -1.032910 244 223 194 1 4000
3.963542 0.968753 -1.033099 250 230 202 1 4000
3.964266 0.940327 -1.033287 255 234 205 1 4000
3.964991 0.911891 -1.033476 255 240 207 1 4000
3.965716 0.883444 -1.033665 255 231 197 1 4000
3.966442 0.854987 -1.033854 223 200 170 1 4000
3.967167 0.826519 -1.034044 255 232 199 1 4000
3.967893 0.798041 -1.034233 255 229 194 1 4000
3.968620 0.769553 -1.034422 255 239 203 1 4000
3.969346 0.741054 -1.034611 255 239 202 1 4000
3.970073 0.712544 -1.034801 255 242 207 1 4000
3.970800 0.684025 -1.034990 255 244 207 1 4000
3.971527 0.655494 -1.035180 255 239 201 1 4000
3.972255 0.626954 -1.035370 255 230 190 1 4000
3.972982 0.598403 -1.035559 255 224 184 1 4000
3.973711 0.569841 -1.035749 211 187 157 1 4000
3.974439 0.541269 -1.035939 255 234 203 1 4000
3.975168 0.512686 -1.036129 253 226 194 1 4000
3.975897 0.484094 -1.036319 251 226 194 1 4000
3.976626 0.455490 -1.036509 253 226 195 1 4000
3.977355 0.426876 -1.036699 255 237 206 1 4000
3.978085 0.398252 -1.036889 255 238 209 1 4000
3.978815 0.369617 -1.037080 250 224 191 1 4000
3.979545 0.340971 -1.037270 244 215 178 1 4000
3.980276 0.312315 -1.037460 245 215 177 1 4000
3.981007 0.283648 -1.037651 230 200 163 1 4000
3.981738 0.254971 -1.037841 255 224 187 1 4000
3.982469 0.226284 -1.038032 252 219 180 1 4000
3.983201 0.197586 -1.038223 255 228 191 1 4000
3.983932 0.168877 -1.038413 255 234 198 1 4000
3.984665 0.140158 -1.038604 255 237 200 1 4000
3.985397 0.111428 -1.038795 255 238 201 1 4000
3.986130 0.082688 -1.038986 255 246 210 1 4000
3.986862 0.053937 -1.039177 255 240 202 1 4000
3.987596 0.025175 -1.039368 255 255 226 1 4000
3.988329 -0.003597 -1.039559 255 233 195 1 4000
3.989063 -0.032380 -1.039751 255 242 208 1 4000
3.989797 -0.061173 -1.039942 255 243 210 1 4000
3.990531 -0.089977 -1.040133 255 243 209 1 4000
3.991266 -0.118791 -1.040325 255 244 210 1 4000
3.992001 -0.147616 -1.040516 255 251 217 1 4000
3.992736 -0.176452 -1.040708 255 248 214 1 4000
3.993471 -0.205298 -1.040900 255 236 198 1 4000
3.994207 -0.234155 -1.041091 255 233 192 1 4000
3.994943 -0.263023 -1.041283 239 208 171 1 4000
3.995679 -0.291901 -1.041475 255 254 217 1 4000
3.996415 -0.320790 -1.041667 255 246 207 1 4000
3.997152 -0.349690 -1.041859 255 247 209 1 4000
3.997889 -0.378600 -1.042051 255 254 218 1 4000
3.998626 -0.407521 -1.042243 255 255 217 1 4000
3.999364 -0.436452 -1.042436 255 247 208 1 4000
4.000102 -0.465394 -1.042628 255 251 213 1 4000
4.000840 -0.494347 -1.042820 255 255 225 1 4000
4.001578 -0.523311 -1.043013 255 246 211 1 4000
4.002317 -0.552285 -1.043205 223 194 161 1 4000
4.003056 -0.581270 -1.043398 255 228 192 1 4000
4.003795 -0.610265 -1.043591 255 235 203 1 4000
4.004535 -0.639272 -1.043783 255 238 206 1 4000
4.005274 -0.668289 -1.043976 255 239 206 1 4000
4.006014 -0.697317 -1.044169 255 243 211 1 4000
4.006754 -0.726355 -1.044362 255 243 210 1 4000
4.007495 -0.755404 -1.044555 255 235 201 1 4000
4.008236 -0.784464 -1.044748 255 234 200 1 4000
4.008977 -0.813535 -1.044941 255 229 195 1 4000
4.009718 -0.842617 -1.045134 255 236 205 1 4000
4.010460 -0.871709 -1.045328 255 238 207 1 4000
4.011202 -0.900812 -1.045521 255 242 209 1 4000
4.011944 -0.929926 -1.045715 255 243 210 1 4000
4.012686 -0.959050 -1.045908 255 240 206 1 4000
4.013429 -0.988186 -1.046102 255 232 196 1 4000
4.014173 -1.017332 -1.046295 255 230 194 1 4000
4.014916 -1.046489 -1.046489 255 238 204 1 4000
4.015659 -1.075656 -1.046683 255 232 196 1 4000
4.016403 -1.104835 -1.046877 218 193 164 1 4000
4.017148 -1.134024 -1.047071 255 233 199 1 4000
4.017891 -1.163224 -1.047265 255 235 201 1 4000
4.018636 -1.192435 -1.047459 255 245 212 1 4000
4.019381 -1.221657 -1.047653 255 249 217 1 4000
4.020126 -1.250890 -1.047847 255 249 218 1 4000
4.020872 -1.280133 -1.048042 255 253 221 1 4000
4.021618 -1.309388 -1.048236 255 239 201 1 4000
4.022364 -1.338653 -1.048430 255 227 184 1 4000
4.023110 -1.367929 -1.048625 255 226 184 1 4000
4.023857 -1.397216 -1.048820 255 230 193 1 4000
4.024604 -1.426514 -1.049014 255 245 208 1 4000
4.025351 -1.455822 -1.049209 255 239 199 1 4000
4.026098 -1.485142 -1.049404 255 237 200 1 4000
4.026846 -1.514472 -1.049599 255 251 216 1 4000
4.027594 -1.543814 -1.049794 255 246 210 1 4000
4.028342 -1.573166 -1.049989 255 246 210 1 4000
4.029091 -1.602529 -1.050184 255 251 214 1 4000
4.029840 -1.631903 -1.050379 255 252 218 1 4000
4.030589 -1.661288 -1.050574 255 233 203 1 4000
4.031338 -1.690684 -1.050769 255 230 191 1 4000
4.032087 -1.720091 -1.050965 255 230 195 1 4000
4.032837 -1.749509 -1.051160 255 239 207 1 4000
4.033588 -1.778937 -1.051356 255 245 212 1 4000
4.034338 -1.808377 -1.051551 255 248 216 1 4000
4.035089 -1.837828 -1.051747 255 254 224 1 4000
4.035840 -1.867289 -1.051943 255 239 202 1 4000
4.036592 -1.896762 -1.052139 255 228 186 1 4000
4.037343 -1.926245 -1.052335 255 225 184 1 4000
4.038095 -1.955740 -1.052531 255 224 189 1 4000
4.038847 -1.985245 -1.052727 255 237 202 1 4000
4.039599 -2.014762 -1.052923 255 244 210 1 4000
4.040352 -2.044289 -1.053119 255 244 209 1 4000
4.041105 -2.073828 -1.053315 255 247 212 1 4000
4.041859 -2.103378 -1.053512 255 248 213 1 4000
4.042612 -2.132938 -1.053708 255 249 214 1 4000
4.043366 -2.162509 -1.053905 255 251 218 1 4000
4.044120 -2.192092 -1.054101 255 244 210 1 4000
4.044875 -2.221686 -1.054298 235 210 178 1 4000
4.045630 -2.251291 -1.054495 255 227 190 1 4000
4.046384 -2.280906 -1.054691 255 228 193 1 4000
4.047140 -2.310533 -1.054888 255 236 202 1 4000
3.451229 1.989001 -0.924465 119 119 118 10 1031
3.469342 1.974407 -0.929317 122 123 121 10 1031
3.487645 1.959659 -0.934220 121 122 120 10 1031
3.506143 1.944756 -0.939175 123 123 122 10 1031
3.524838 1.929693 -0.944182 121 121 120 10 1031
3.543733 1.914468 -0.949244 122 122 121 10 1031
3.562832 1.899079 -0.954360 124 124 123 10 1031
3.582138 1.883524 -0.959531 122 122 121 10 1031
3.601653 1.867798 -0.964758 122 122 121 10 1031
3.621382 1.851901 -0.970043 120 121 119 10 1031
3.641327 1.835827 -0.975386 119 119 118 10 1031
3.661495 1.819577 -0.980788 118 118 117 10 1031
3.681887 1.803145 -0.986250 115 115 114 10 1031
3.702507 1.786529 -0.991774 115 115 114 10 1031
3.723956 1.770009 -0.997519 117 117 116 10 1031
3.750426 1.755530 -1.004610 146 146 144 10 1031
3.904322 1.799396 -1.045833 255 241 209 1 4000
3.905025 1.771544 -1.046021 255 243 210 1 4000
3.905728 1.743683 -1.046210 255 237 203 1 4000
3.906432 1.715811 -1.046398 255 229 194 1 4000
3.907136 1.687930 -1.046587 210 190 163 1 4000
3.907840 1.660038 -1.046775 255 246 218 1 4000
3.908544 1.632136 -1.046964 255 251 224 1 4000
3.909249 1.604224 -1.047153 255 239 209 1 4000
3.909954 1.576302 -1.047342 255 235 204 1 4000
3.910659 1.548370 -1.047531 255 238 208 1 4000
3.911365 1.520428 -1.047720 255 237 208 1 4000
3.912070 1.492476 -1.047909 248 224 193 1 4000
3.912776 1.464514 -1.048098 237 213 182 1 4000
3.913483 1.436541 -1.048287 240 214 183 1 4000
3.914189 1.408559 -1.048476 187 167 140 1 4000
3.914896 1.380566 -1.048666 240 216 183 1 4000
3.915603 1.352564 -1.048855 242 220 188 1 4000
3.916310 1.324551 -1.049045 244 221 190 1 4000
3.917018 1.296528 -1.049234 246 226 197 1 4000
3.917725 1.268495 -1.049424 241 219 188 1 4000
3.918433 1.240452 -1.049613 238 213 179 1 4000
3.919141 1.212399 -1.049803 237 211 176 1 4000
3.919850 1.184335 -1.049993 237 211 179 1 4000
3.920558 1.156261 -1.050183 255 231 197 1 4000
3.921268 1.128178 -1.050373 216 194 164 1 4000
3.921977 1.100084 -1.050563 255 242 206 1 4000
3.922687 1.071980 -1.050753 255 246 215 1 4000
3.923397 1.043866 -1.050943 255 238 203 1 4000
3.924106 1.015741 -1.051133 255 235 199 1 4000
3.924817 0.987606 -1.051323 255 238 203 1 4000
3.925527 0.959462 -1.051514 255 236 201 1 4000
3.926238 0.931307 -1.051704 255 227 188 1 4000
3.926949 0.903141 -1.051895 254 224 185 1 4000
3.927660 0.874966 -1.052085 255 227 190 1 4000
3.928372 0.846781 -1.052276 218 191 158 1 4000
3.929084 0.818585 -1.052466 255 234 193 1 4000
3.929796 0.790379 -1.052657 255 237 197 1 4000
3.930508 0.762162 -1.052848 255 250 215 1 4000
3.931221 0.733936 -1.053039 255 255 230 1 4000
3.931934 0.705699 -1.053230 255 251 217 1 4000
3.932647 0.677452 -1.053421 255 244 209 1 4000
3.933361 0.649195 -1.053612 255 236 196 1 4000
3.934074 0.620928 -1.053803 255 238 199 1 4000
3.934788 0.592650 -1.053994 255 234 195 1 4000
3.935503 0.564362 -1.054186 243 215 182 1 4000
3.936217 0.536064 -1.054377 253 224 189 1 4000
3.936932 0.507755 -1.054569 255 229 195 1 4000
3.937646 0.479436 -1.054760 255 238 208 1 4000
3.938362 0.451107 -1.054952 255 244 215 1 4000
3.939077 0.422768 -1.055143 255 242 216 1 4000
3.939793 0.394418 -1.055335 255 246 216 1 4000
3.940509 0.366058 -1.055527 255 236 205 1 4000
3.941225 0.337688 -1.055719 255 234 200 1 4000
3.941941 0.309307 -1.055910 255 233 201 1 4000
3.942658 0.280916 -1.056103 255 234 203 1 4000
3.943376 0.252515 -1.056295 255 237 205 1 4000
3.944093 0.224103 -1.056487 255 234 201 1 4000
3.944810 0.195681 -1.056679 255 243 208 1 4000
3.945528 0.167249 -1.056871 255 250 216 1 4000
3.946246 0.138806 -1.057063 255 248 213 1 4000
3.946965 0.110353 -1.057256 255 248 213 1 4000
3.947683 0.081890 -1.057448 255 246 212 1 4000
3.948402 0.053416 -1.057641 255 245 209 1 4000
3.949121 0.024932 -1.057834 255 244 210 1 4000
3.949841 -0.003562 -1.058026 255 235 200 1 4000
3.950560 -0.032067 -1.058219 255 234 201 1 4000
3.951280 -0.060582 -1.058412 255 231 197 1 4000
3.952000 -0.089108 -1.058605 254 228 196 1 4000
3.952721 -0.117644 -1.058798 253 228 196 1 4000
3.953441 -0.146191 -1.058991 246 221 188 1 4000
3.954163 -0.174747 -1.059184 247 223 189 1 4000
3.954884 -0.203315 -1.059377 235 208 173 1 4000
3.955605 -0.231892 -1.059570 237 210 177 1 4000
3.956327 -0.260481 -1.059764 218 191 159 1 4000
3.957049 -0.289079 -1.059957 225 200 167 1 4000
3.957771 -0.317688 -1.060151 222 197 164 1 4000
3.958494 -0.346308 -1.060344 219 192 158 1 4000
3.959217 -0.374937 -1.060538 223 197 164 1 4000
3.959940 -0.403578 -1.060732 222 200 171 1 4000
3.960663 -0.432229 -1.060925 209 188 158 1 4000
3.961387 -0.460890 -1.061119 214 190 160 1 4000
3.962111 -0.489562 -1.061313 216 190 158 1 4000
3.962835 -0.518244 -1.061507 222 198 166 1 4000
3.963559 -0.546937 -1.061701 185 165 139 1 4000
3.964284 -0.575640 -1.061895 218 192 160 1 4000
3.965009 -0.604354 -1.062089 224 199 168 1 4000
3.965734 -0.633078 -1.062284 226 203 172 1 4000
3.966459 -0.661813 -1.062478 243 221 191 1 4000
3.967185 -0.690558 -1.062672 249 228 198 1 4000
3.967911 -0.719314 -1.062867 250 229 201 1 4000
3.968637 -0.748080 -1.063061 249 228 200 1 4000
3.969364 -0.776857 -1.063256 246 222 189 1 4000
3.970091 -0.805644 -1.063451 254 227 193 1 4000
3.970818 -0.834442 -1.063645 220 198 171 1 4000
3.971545 -0.863250 -1.063840 254 228 194 1 4000
3.972273 -0.892069 -1.064035 248 219 184 1 4000
3.973001 -0.920899 -1.064230 255 231 195 1 4000
3.973729 -0.949739 -1.064425 255 231 196 1 4000
3.974457 -0.978590 -1.064620 255 236 203 1 4000
3.975186 -1.007451 -1.064815 255 228 192 1 4000
3.975915 -1.036323 -1.065011 255 230 193 1 4000
3.976644 -1.065206 -1.065206 254 220 181 1 4000
3.977373 -1.094099 -1.065401 255 229 190 1 4000
3.978103 -1.123002 -1.065597 255 233 200 1 4000
3.978833 -1.151917 -1.065792 255 241 208 1 4000
3.979563 -1.180842 -1.065988 255 238 204 1 4000
3.980294 -1.209777 -1.066184 255 240 206 1 4000
3.981025 -1.238723 -1.066379 255 248 215 1 4000
3.981756 -1.267680 -1.066575 255 254 223 1 4000
3.982487 -1.296647 -1.066771 255 244 211 1 4000
3.983219 -1.325625 -1.066967 255 232 196 1 4000
3.983950 -1.354614 -1.067163 255 228 187 1 4000
3.984683 -1.383613 -1.067359 226 199 163 1 4000
3.985415 -1.412623 -1.067555 255 235 194 1 4000
3.986147 -1.441644 -1.067752 255 236 196 1 4000
3.986881 -1.470675 -1.067948 255 234 195 1 4000
3.987614 -1.499717 -1.068144 255 239 202 1 4000
3.988348 -1.528770 -1.068341 255 246 210 1 4000
3.989081 -1.557834 -1.068537 255 236 198 1 4000
3.989815 -1.586908 -1.068734 255 239 202 1 4000
3.990549 -1.615992 -1.068931 255 244 208 1 4000
3.991284 -1.645088 -1.069127 255 247 215 1 4000
3.992019 -1.674194 -1.069324 245 214 180 1 4000
3.992754 -1.703311 -1.069521 255 233 198 1 4000
3.993489 -1.732439 -1.069718 255 239 206 1 4000
3.994225 -1.761577 -1.069915 255 240 206 1 4000
3.994961 -1.790726 -1.070112 255 239 208 1 4000
3.995697 -1.819886 -1.070310 255 243 210 1 4000
3.996434 -1.849057 -1.070507 255 245 212 1 4000
3.997170 -1.878238 -1.070704 255 231 195 1 4000
3.997907 -1.907430 -1.070902 255 227 188 1 4000
3.998645 -1.936633 -1.071099 247 216 178 1 4000
3.999382 -1.965847 -1.071297 255 245 209 1 4000
4.000120 -1.995071 -1.071494 255 240 203 1 4000
4.000858 -2.024307 -1.071692 255 237 200 1 4000
4.001596 -2.053553 -1.071890 255 246 210 1 4000
4.002335 -2.082809 -1.072088 255 247 211 1 4000
4.003074 -2.112077 -1.072286 255 239 202 1 4000
4.003813 -2.141356 -1.072484 255 239 202 1 4000
4.004553 -2.170645 -1.072682 255 249 216 1 4000
4.005292 -2.199945 -1.072880 255 241 208 1 4000
4.006032 -2.229256 -1.073078 219 192 160 1 4000
4.006773 -2.258578 -1.073276 255 228 192 1 4000
4.007513 -2.287910 -1.073475 255 238 205 1 4000
3.459634 1.993845 -0.951679 121 121 120 10 1031
3.477835 1.979241 -0.956685 119 119 118 10 1031
3.496228 1.964482 -0.961745 120 121 120 10 1031
3.514817 1.949567 -0.966858 121 121 120 10 1031
3.533605 1.934492 -0.972026 121 121 120 10 1031
3.552594 1.919255 -0.977250 120 120 119 10 1031
3.571788 1.903853 -0.982530 121 121 120 10 1031
3.591190 1.888284 -0.987867 119 119 118 10 1031
3.610804 1.872544 -0.993262 118 119 117 10 1031
3.630634 1.856632 -0.998717 116 117 116 10 1031
3.650682 1.840544 -1.004232 112 112 111 10 1031
3.670953 1.824277 -1.009808 112 112 111 10 1031
3.691450 1.807828 -1.015447 111 111 110 10 1031
3.712178 1.791195 -1.021149 108 109 108 10 1031
3.733140 1.774374 -1.026915 107 107 106 10 1031
3.759048 1.759566 -1.034042 135 136 135 10 1031
3.867430 1.782394 -1.063855 234 214 184 1 4000
3.868120 1.754802 -1.064045 255 231 194 1 4000
3.868810 1.727201 -1.064235 255 227 188 1 4000
3.869500 1.699590 -1.064425 248 217 181 1 4000
3.870191 1.671969 -1.064615 255 245 215 1 4000
3.870882 1.644338 -1.064805 255 249 222 1 4000
3.871573 1.616698 -1.064995 255 249 223 1 4000
3.872265 1.589047 -1.065185 255 245 218 1 4000
3.872956 1.561386 -1.065376 255 249 222 1 4000
3.873648 1.533716 -1.065566 255 249 221 1 4000
3.874340 1.506036 -1.065756 255 246 219 1 4000
3.875033 1.478346 -1.065947 255 236 208 1 4000
3.875725 1.450646 -1.066137 241 219 191 1 4000
3.876418 1.422936 -1.066328 224 200 171 1 4000
3.877111 1.395216 -1.066519 232 208 177 1 4000
3.877805 1.367486 -1.066710 236 211 179 1 4000
3.878499 1.339747 -1.066901 245 221 190 1 4000
3.879192 1.311997 -1.067091 249 227 198 1 4000
3.879886 1.284238 -1.067282 249 226 196 1 4000
3.880581 1.256468 -1.067473 245 221 189 1 4000
3.881275 1.228689 -1.067665 242 217 185 1 4000
3.881970 1.200900 -1.067856 241 215 183 1 4000
3.882665 1.173100 -1.068047 237 208 172 1 4000
3.883361 1.145291 -1.068238 255 224 185 1 4000
3.884056 1.117472 -1.068429 255 234 200 1 4000
3.884752 1.089643 -1.068621 255 250 220 1 4000
3.885449 1.061803 -1.068812 255 247 215 1 4000
3.886145 1.033954 -1.069004 255 245 213 1 4000
3.886842 1.006095 -1.069196 255 246 213 1 4000
3.887539 0.978226 -1.069387 255 248 215 1 4000
3.888236 0.950347 -1.069579 255 239 205 1 4000
3.888933 0.922458 -1.069771 255 239 205 1 4000
3.889630 0.894559 -1.069963 255 232 197 1 4000
3.890329 0.866650 -1.070155 252 225 190 1 4000
3.891027 0.838731 -1.070347 255 226 186 1 4000
3.891725 0.810801 -1.070539 255 232 193 1 4000
3.892424 0.782862 -1.070731 255 236 197 1 4000
3.893123 0.754913 -1.070923 255 249 214 1 4000
3.893822 0.726954 -1.071116 255 251 215 1 4000
3.894521 0.698984 -1.071308 255 251 217 1 4000
3.895221 0.671005 -1.071501 255 250 218 1 4000
3.895921 0.643016 -1.071693 255 252 221 1 4000
3.896621 0.615016 -1.071886 255 248 213 1 4000
3.897321 0.587007 -1.072078 255 228 189 1 4000
3.898022 0.558987 -1.072271 255 232 195 1 4000
3.898722 0.530957 -1.072464 255 225 189 1 4000
3.899424 0.502918 -1.072657 255 228 193 1 4000
3.900125 0.474868 -1.072850 255 234 202 1 4000
3.900827 0.446808 -1.073043 255 240 212 1 4000
3.901529 0.418738 -1.073236 255 243 215 1 4000
3.902231 0.390658 -1.073429 255 246 218 1 4000
3.902933 0.362567 -1.073622 255 247 218 1 4000
3.903636 0.334467 -1.073815 255 243 213 1 4000
3.904339 0.306357 -1.074009 255 229 195 1 4000
3.905042 0.278236 -1.074202 255 229 194 1 4000
3.905745 0.250105 -1.074396 255 245 210 1 4000
3.906449 0.221964 -1.074589 255 255 227 1 4000
3.907153 0.193813 -1.074783 255 255 224 1 4000
3.907857 0.165652 -1.074977 255 255 221 1 4000
3.908561 0.137481 -1.075170 255 255 223 1 4000
3.909266 0.109299 -1.075364 255 255 221 1 4000
3.909971 0.081108 -1.075558 255 255 221 1 4000
3.910676 0.052906 -1.075752 255 241 203 1 4000
3.911382 0.024694 -1.075946 255 233 194 1 4000
3.912088 -0.003528 -1.076140 255 252 218 1 4000
3.912794 -0.031761 -1.076334 255 255 235 1 4000
3.913500 -0.060003 -1.076529 255 255 231 1 4000
3.914207 -0.088256 -1.076723 255 247 213 1 4000
3.914913 -0.116519 -1.076917 255 248 215 1 4000
3.915620 -0.144792 -1.077112 255 253 222 1 4000
3.916327 -0.173075 -1.077307 255 245 213 1 4000
3.917035 -0.201369 -1.077501 255 237 203 1 4000
3.917742 -0.229673 -1.077696 255 238 204 1 4000
3.918451 -0.257987 -1.077891 255 227 193 1 4000
3.919159 -0.286311 -1.078085 255 238 201 1 4000
3.919868 -0.314646 -1.078280 255 238 200 1 4000
3.920576 -0.342990 -1.078475 255 242 207 1 4000
3.921285 -0.371345 -1.078670 255 246 213 1 4000
3.921994 -0.399711 -1.078865 255 247 215 1 4000
3.922704 -0.428086 -1.079061 255 237 201 1 4000
3.923414 -0.456472 -1.079256 255 234 195 1 4000
3.924124 -0.484868 -1.079451 251 224 188 1 4000
3.924834 -0.513274 -1.079647 255 227 193 1 4000
3.925545 -0.541691 -1.079842 238 211 178 1 4000
3.926256 -0.570118 -1.080038 255 234 200 1 4000
3.926967 -0.598555 -1.080233 255 239 208 1 4000
3.927678 -0.627003 -1.080429 255 238 205 1 4000
3.928390 -0.655461 -1.080625 253 229 194 1 4000
3.929101 -0.683929 -1.080820 254 230 196 1 4000
3.929814 -0.712407 -1.081016 255 230 196 1 4000
3.930526 -0.740896 -1.081212 251 223 187 1 4000
3.931239 -0.769395 -1.081408 246 215 177 1 4000
3.931952 -0.797905 -1.081604 248 221 186 1 4000
3.932664 -0.826424 -1.081800 195 171 141 1 4000
3.933378 -0.854955 -1.081997 254 223 184 1 4000
3.934092 -0.883495 -1.082193 255 227 189 1 4000
3.934806 -0.912046 -1.082389 255 236 201 1 4000
3.935520 -0.940607 -1.082586 255 250 220 1 4000
3.936234 -0.969179 -1.082783 255 242 209 1 4000
3.936949 -0.997761 -1.082979 255 238 204 1 4000
3.937664 -1.026353 -1.083176 255 233 193 1 4000
3.938379 -1.054956 -1.083372 255 232 193 1 4000
3.939095 -1.083569 -1.083569 255 231 192 1 4000
3.939811 -1.112193 -1.083766 232 206 173 1 4000
3.940527 -1.140826 -1.083963 255 236 200 1 4000
3.941243 -1.169471 -1.084160 255 243 207 1 4000
3.941959 -1.198126 -1.084357 255 253 220 1 4000
3.942676 -1.226791 -1.084554 255 255 228 1 4000
3.943393 -1.255466 -1.084752 255 255 230 1 4000
3.944110 -1.284152 -1.084949 255 255 229 1 4000
3.944828 -1.312849 -1.085146 255 251 218 1 4000
3.945546 -1.341556 -1.085344 255 247 212 1 4000
3.946264 -1.370273 -1.085541 255 245 211 1 4000
3.946983 -1.399001 -1.085739 255 243 211 1 4000
3.947701 -1.427739 -1.085937 255 246 213 1 4000
3.948420 -1.456488 -1.086134 255 243 209 1 4000
3.949139 -1.485247 -1.086332 255 244 210 1 4000
3.949858 -1.514017 -1.086530 255 248 214 1 4000
3.950578 -1.542797 -1.086728 255 242 209 1 4000
3.951298 -1.571588 -1.086926 255 242 209 1 4000
3.952018 -1.600389 -1.087124 255 242 209 1 4000
3.952739 -1.629201 -1.087322 255 237 203 1 4000
3.953459 -1.658023 -1.087521 241 216 184 1 4000
3.954180 -1.686855 -1.087719 250 223 190 1 4000
3.954901 -1.715699 -1.087917 250 225 192 1 4000
3.955623 -1.744552 -1.088116 246 221 189 1 4000
3.956345 -1.773417 -1.088314 243 219 187 1 4000
3.957067 -1.802291 -1.088513 242 218 187 1 4000
3.957789 -1.831177 -1.088712 238 214 182 1 4000
3.958512 -1.860073 -1.088910 238 215 183 1 4000
3.959235 -1.888979 -1.089109 230 204 171 1 4000
3.959958 -1.917896 -1.089308 231 204 171 1 4000
3.960681 -1.946824 -1.089507 180 158 132 1 4000
3.961405 -1.975762 -1.089706 220 196 164 1 4000
3.962128 -2.004711 -1.089905 215 190 157 1 4000
3.962852 -2.033670 -1.090105 215 190 158 1 4000
3.963577 -2.062640 -1.090304 216 192 161 1 4000
3.964302 -2.091620 -1.090503 225 202 173 1 4000
3.965027 -2.120611 -1.090703 219 195 164 1 4000
3.965752 -2.149613 -1.090902 217 191 160 1 4000
3.966477 -2.178626 -1.091102 210 187 157 1 4000
3.967203 -2.207649 -1.091301 223 200 169 1 4000
3.967929 -2.236682 -1.091501 217 191 159 1 4000
3.968655 -2.265726 -1.091701 232 205 171 1 4000
3.468079 1.998712 -0.979025 117 118 117 10 1031
3.486369 1.984098 -0.984188 120 120 119 10 1031
3.504853 1.969329 -0.989406 119 119 118 10 1031
3.523534 1.954402 -0.994679 118 118 117 10 1031
3.542414 1.939315 -1.000009 117 117 116 10 1031
3.561497 1.924065 -1.005396 117 117 116 10 1031
3.580787 1.908650 -1.010842 112 113 112 10 1031
3.600288 1.893067 -1.016347 113 113 112 10 1031
3.620002 1.877314 -1.021912 113 113 112 10 1031
3.639933 1.861387 -1.027538 110 110 109 10 1031
3.660084 1.845284 -1.033227 109 109 108 10 1031
3.680460 1.829001 -1.038979 106 106 105 10 1031
3.701064 1.812536 -1.044795 105 105 104 10 1031
3.721900 1.795886 -1.050677 101 101 100 10 1031
3.742972 1.779048 -1.056626 98 98 97 10 1031
3.773425 1.766296 -1.065223 45 43 41 10 1031
3.831229 1.765710 -1.081540 208 186 159 1 4000
3.831906 1.738374 -1.081731 255 231 196 1 4000
3.832583 1.711028 -1.081923 255 234 197 1 4000
3.833261 1.683673 -1.082114 251 231 203 1 4000
3.833938 1.656307 -1.082305 255 252 226 1 4000
3.834616 1.628933 -1.082497 255 250 225 1 4000
3.835295 1.601548 -1.082688 255 248 221 1 4000
3.835973 1.574154 -1.082880 255 247 220 1 4000
3.836652 1.546750 -1.083071 255 250 222 1 4000
3.837331 1.519337 -1.083263 255 250 222 1 4000
3.838010 1.491914 -1.083455 255 240 212 1 4000
3.838690 1.464481 -1.083647 248 229 201 1 4000
3.839370 1.437038 -1.083839 243 222 195 1 4000
3.840050 1.409586 -1.084031 197 175 148 1 4000
3.840729 1.382124 -1.084223 236 212 182 1 4000
3.841410 1.354652 -1.084415 241 217 187 1 4000
3.842091 1.327170 -1.084607 248 227 198 1 4000
3.842772 1.299679 -1.084799 250 228 198 1 4000
3.843453 1.272178 -1.084992 250 230 200 1 4000
3.844134 1.244667 -1.085184 250 226 193 1 4000
3.844816 1.217147 -1.085377 247 221 187 1 4000
3.845498 1.189617 -1.085569 249 222 189 1 4000
3.846180 1.162076 -1.085761 253 224 190 1 4000
3.846862 1.134527 -1.085954 212 186 155 1 4000
3.847545 1.106967 -1.086147 255 248 219 1 4000
3.848228 1.079398 -1.086340 255 245 214 1 4000
3.848911 1.051818 -1.086532 255 244 212 1 4000
3.849594 1.024230 -1.086725 255 242 210 1 4000
3.850278 0.996631 -1.086918 255 245 212 1 4000
3.850961 0.969022 -1.087111 255 247 215 1 4000
3.851646 0.941404 -1.087304 255 249 216 1 4000
3.852330 0.913776 -1.087497 255 248 216 1 4000
3.853014 0.886138 -1.087691 255 243 213 1 4000
3.853699 0.858490 -1.087884 232 209 179 1 4000
3.854384 0.830832 -1.088077 255 236 199 1 4000
3.855070 0.803165 -1.088271 255 242 205 1 4000
3.855755 0.775487 -1.088464 255 248 212 1 4000
3.856441 0.747800 -1.088658 255 255 228 1 4000
3.857127 0.720103 -1.088852 255 248 214 1 4000
3.857813 0.692396 -1.089046 255 251 217 1 4000
3.858500 0.664679 -1.089239 255 252 218 1 4000
3.859187 0.636953 -1.089433 255 244 208 1 4000
3.859873 0.609216 -1.089627 255 243 207 1 4000
3.860561 0.581470 -1.089821 255 231 198 1 4000
3.861248 0.553714 -1.090015 255 234 197 1 4000
3.861936 0.525948 -1.090209 255 242 205 1 4000
3.862624 0.498171 -1.090404 255 239 203 1 4000
3.863312 0.470386 -1.090598 255 247 216 1 4000
3.864001 0.442590 -1.090792 255 238 206 1 4000
3.864689 0.414784 -1.090987 255 238 208 1 4000
3.865379 0.386968 -1.091181 255 238 207 1 4000
3.866068 0.359143 -1.091376 255 230 198 1 4000
3.866757 0.331307 -1.091570 253 226 194 1 4000
3.867446 0.303462 -1.091765 254 225 192 1 4000
3.868137 0.275606 -1.091960 255 244 211 1 4000
3.868827 0.247741 -1.092155 255 255 224 1 4000
3.869517 0.219866 -1.092349 255 255 225 1 4000
3.870209 0.191981 -1.092545 255 255 222 1 4000
3.870899 0.164085 -1.092739 255 255 220 1 4000
3.871590 0.136180 -1.092935 255 247 209 1 4000
3.872282 0.108265 -1.093130 255 244 207 1 4000
3.872973 0.080340 -1.093325 255 245 206 1 4000
3.873665 0.052405 -1.093520 255 239 199 1 4000
3.874357 0.024460 -1.093716 255 235 195 1 4000
3.875050 -0.003495 -1.093911 255 255 223 1 4000
3.875743 -0.031460 -1.094107 255 255 232 1 4000
3.876435 -0.059435 -1.094302 255 255 234 1 4000
3.877129 -0.087420 -1.094498 255 255 228 1 4000
3.877822 -0.115415 -1.094694 255 255 230 1 4000
3.878515 -0.143420 -1.094890 255 255 231 1 4000
3.879209 -0.171435 -1.095085 255 255 229 1 4000
3.879904 -0.199460 -1.095281 255 252 221 1 4000
3.880598 -0.227495 -1.095477 255 243 211 1 4000
3.881293 -0.255540 -1.095673 252 226 193 1 4000
3.881988 -0.283596 -1.095870 255 233 198 1 4000
3.882683 -0.311661 -1.096066 255 232 195 1 4000
3.883378 -0.339736 -1.096262 255 245 210 1 4000
3.884074 -0.367821 -1.096459 255 251 218 1 4000
3.884769 -0.395917 -1.096655 255 249 215 1 4000
3.885466 -0.424022 -1.096852 255 244 209 1 4000
3.886162 -0.452138 -1.097048 255 237 201 1 4000
3.886859 -0.480264 -1.097245 255 233 197 1 4000
3.887556 -0.508399 -1.097442 247 215 177 1 4000
3.888252 -0.536545 -1.097638 249 218 181 1 4000
3.888951 -0.564701 -1.097835 255 233 199 1 4000
3.889648 -0.592867 -1.098032 255 245 216 1 4000
3.890346 -0.621043 -1.098229 255 241 209 1 4000
3.891044 -0.649229 -1.098426 255 239 208 1 4000
3.891742 -0.677426 -1.098623 255 238 206 1 4000
3.892441 -0.705632 -1.098821 255 241 209 1 4000
3.893139 -0.733849 -1.099018 255 230 196 1 4000
3.893839 -0.762076 -1.099215 254 230 197 1 4000
3.894538 -0.790312 -1.099413 251 224 190 1 4000
3.895238 -0.818559 -1.099610 232 204 170 1 4000
3.895938 -0.846817 -1.099808 252 223 184 1 4000
3.896638 -0.875084 -1.100005 252 223 186 1 4000
3.897338 -0.903361 -1.100203 255 229 192 1 4000
3.898039 -0.931649 -1.100401 255 241 208 1 4000
3.898740 -0.959947 -1.100599 255 242 208 1 4000
3.899441 -0.988255 -1.100797 255 246 213 1 4000
3.900142 -1.016573 -1.100995 255 247 215 1 4000
3.900844 -1.044901 -1.101193 255 255 221 1 4000
3.901546 -1.073240 -1.101391 255 245 209 1 4000
3.902248 -1.101589 -1.101589 228 199 164 1 4000
3.902950 -1.129948 -1.101787 255 236 197 1 4000
3.903653 -1.158317 -1.101986 255 238 201 1 4000
3.904356 -1.186696 -1.102184 255 244 208 1 4000
3.905060 -1.215086 -1.102383 255 252 219 1 4000
3.905763 -1.243486 -1.102581 255 255 224 1 4000
3.906466 -1.271896 -1.102780 255 255 230 1 4000
3.907170 -1.300316 -1.102979 255 255 230 1 4000
3.907875 -1.328747 -1.103178 255 255 230 1 4000
3.908579 -1.357188 -1.103376 255 249 216 1 4000
3.909284 -1.385639 -1.103575 215 192 161 1 4000
3.909989 -1.414100 -1.103774 255 246 211 1 4000
3.910694 -1.442572 -1.103973 255 255 223 1 4000
3.911399 -1.471054 -1.104172 255 255 228 1 4000
3.912105 -1.499546 -1.104372 255 255 223 1 4000
3.912811 -1.528048 -1.104571 255 255 222 1 4000
3.913517 -1.556561 -1.104770 255 253 220 1 4000
3.914224 -1.585084 -1.104970 255 255 222 1 4000
3.914931 -1.613617 -1.105169 255 250 215 1 4000
3.915637 -1.642161 -1.105369 255 239 203 1 4000
3.916345 -1.670715 -1.105569 224 203 173 1 4000
3.917052 -1.699279 -1.105768 255 254 225 1 4000
3.917760 -1.727854 -1.105968 255 255 230 1 4000
3.918468 -1.756439 -1.106168 255 245 214 1 4000
3.919176 -1.785034 -1.106368 255 241 208 1 4000
3.919885 -1.813640 -1.106568 255 244 213 1 4000
3.920594 -1.842255 -1.106768 255 243 213 1 4000
3.921303 -1.870882 -1.106968 255 233 199 1 4000
3.922012 -1.899518 -1.107168 255 230 197 1 4000
3.922721 -1.928165 -1.107369 255 227 193 1 4000
3.923431 -1.956823 -1.107569 242 217 184 1 4000
3.924141 -1.985490 -1.107769 255 232 196 1 4000
3.924852 -2.014169 -1.107970 255 234 200 1 4000
3.925562 -2.042857 -1.108171 255 236 204 1 4000
3.926273 -2.071556 -1.108371 255 239 209 1 4000
3.926985 -2.100266 -1.108572 255 230 196 1 4000
3.927696 -2.128985 -1.108773 254 229 193 1 4000
3.928407 -2.157715 -1.108974 250 222 187 1 4000
3.929119 -2.186455 -1.109175 254 226 193 1 4000
3.929831 -2.215207 -1.109376 255 229 195 1 4000
3.930544 -2.243968 -1.109577 255 235 201 1 4000
3.476566 2.003603 -1.006505 115 116 114 10 1031
3.494945 1.988978 -1.011826 115 116 114 10 1031
3.513519 1.974198 -1.017203 114 115 113 10 1031
3.532292 1.959260 -1.022638 114 114 113 10 1031
3.551266 1.944161 -1.028131 111 111 110 10 1031
3.570445 1.928899 -1.033684 110 110 109 10 1031
3.589833 1.913471 -1.039297 108 108 107 10 1031
3.609432 1.897875 -1.044971 107 108 107 10 1031
3.629246 1.882108 -1.050707 106 106 105 10 1031
3.649279 1.866167 -1.056507 103 103 102 10 1031
3.669535 1.850049 -1.062371 101 101 100 10 1031
3.690017 1.833751 -1.068301 98 98 97 10 1031
3.710728 1.817269 -1.074297 97 97 96 10 1031
3.739755 1.804502 -1.082701 44 42 40 10 1031
3.794371 1.803477 -1.098513 58 51 43 1 4000
3.795034 1.776411 -1.098705 58 51 42 1 4000
3.795699 1.749335 -1.098897 193 171 145 1 4000
3.796363 1.722250 -1.099090 255 230 195 1 4000
3.797028 1.695155 -1.099282 225 201 169 1 4000
3.797693 1.668050 -1.099475 255 255 231 1 4000
3.798358 1.640936 -1.099667 255 251 226 1 4000
3.799024 1.613813 -1.099860 255 251 226 1 4000
3.799690 1.586680 -1.100053 255 248 222 1 4000
3.800356 1.559538 -1.100245 255 249 223 1 4000
3.801022 1.532386 -1.100438 255 240 211 1 4000
3.801688 1.505225 -1.100631 253 233 203 1 4000
3.802355 1.478054 -1.100824 244 223 194 1 4000
3.803022 1.450873 -1.101018 239 217 188 1 4000
3.803689 1.423684 -1.101211 228 204 177 1 4000
3.804357 1.396484 -1.101404 231 203 169 1 4000
3.805024 1.369275 -1.101597 232 204 172 1 4000
3.805692 1.342056 -1.101791 240 215 184 1 4000
3.806360 1.314828 -1.101984 243 220 190 1 4000
3.807029 1.287591 -1.102178 248 224 194 1 4000
3.807697 1.260343 -1.102371 248 224 192 1 4000
3.808366 1.233086 -1.102565 253 231 201 1 4000
3.809035 1.205820 -1.102759 250 225 193 1 4000
3.809704 1.178544 -1.102952 251 223 191 1 4000
3.810374 1.151258 -1.103146 255 230 193 1 4000
3.811044 1.123963 -1.103340 249 226 197 1 4000
3.811713 1.096658 -1.103534 255 245 214 1 4000
3.812384 1.069344 -1.103728 255 241 210 1 4000
3.813054 1.042020 -1.103922 255 239 206 1 4000
3.813725 1.014686 -1.104116 255 243 208 1 4000
3.814395 0.987343 -1.104311 255 249 216 1 4000
3.815067 0.959990 -1.104505 255 246 210 1 4000
3.815738 0.932627 -1.104699 255 247 213 1 4000
3.816410 0.905255 -1.104894 255 245 212 1 4000
3.817081 0.877874 -1.105088 255 229 196 1 4000
3.817753 0.850482 -1.105283 203 183 156 1 4000
3.818426 0.823081 -1.105477 255 251 218 1 4000
3.819098 0.795670 -1.105672 255 251 218 1 4000
3.819771 0.768250 -1.105867 255 247 214 1 4000
3.820444 0.740820 -1.106062 255 251 220 1 4000
3.821117 0.713380 -1.106257 255 255 226 1 4000
3.821791 0.685931 -1.106452 255 255 226 1 4000
3.822465 0.658472 -1.106647 255 255 229 1 4000
3.823139 0.631003 -1.106842 255 254 223 1 4000
3.823813 0.603525 -1.107037 255 254 223 1 4000
3.824487 0.576037 -1.107232 225 204 175 1 4000
3.825162 0.548539 -1.107428 255 249 212 1 4000
3.825837 0.521031 -1.107623 255 245 206 1 4000
3.826512 0.493514 -1.107818 255 244 208 1 4000
3.827188 0.465987 -1.108014 255 251 216 1 4000
3.827863 0.438450 -1.108210 255 246 215 1 4000
3.828539 0.410904 -1.108405 255 238 205 1 4000
3.829216 0.383348 -1.108601 255 240 208 1 4000
3.829892 0.355782 -1.108797 255 237 205 1 4000
3.830568 0.328207 -1.108993 255 241 207 1 4000
3.831245 0.300621 -1.109189 254 228 196 1 4000
3.831923 0.273026 -1.109385 255 249 213 1 4000
3.832600 0.245421 -1.109581 255 251 214 1 4000
3.833277 0.217807 -1.109777 255 254 218 1 4000
3.833955 0.190182 -1.109973 255 253 218 1 4000
3.834633 0.162548 -1.110170 255 252 217 1 4000
3.835312 0.134904 -1.110366 255 253 218 1 4000
3.835990 0.107251 -1.110562 255 249 210 1 4000
3.836669 0.079587 -1.110759 255 247 211 1 4000
3.837348 0.051914 -1.110955 255 245 207 1 4000
3.838027 0.024231 -1.111152 255 240 201 1 4000
3.838707 -0.003462 -1.111349 255 255 238 1 4000
3.839386 -0.031165 -1.111545 255 255 236 1 4000
3.840066 -0.058877 -1.111742 255 255 236 1 4000
3.840746 -0.086600 -1.111939 255 255 231 1 4000
3.841427 -0.114332 -1.112136 255 255 230 1 4000
3.842107 -0.142074 -1.112333 255 255 235 1 4000
3.842788 -0.169825 -1.112530 255 255 231 1 4000
3.843469 -0.197587 -1.112728 255 255 227 1 4000
3.844151 -0.225359 -1.112925 255 252 221 1 4000
3.844832 -0.253140 -1.113122 255 241 210 1 4000
3.845515 -0.280931 -1.113320 255 227 192 1 4000
3.846196 -0.308732 -1.113517 255 237 204 1 4000
3.846879 -0.336543 -1.113715 255 241 208 1 4000
3.847561 -0.364364 -1.113912 255 251 219 1 4000
3.848245 -0.392194 -1.114110 255 254 222 1 4000
3.848927 -0.420035 -1.114308 255 251 218 1 4000
3.849611 -0.447885 -1.114506 255 239 203 1 4000
3.850295 -0.475746 -1.114704 255 235 199 1 4000
3.850978 -0.503616 -1.114902 255 233 197 1 4000
3.851662 -0.531496 -1.115100 253 223 188 1 4000
3.852346 -0.559386 -1.115298 255 236 204 1 4000
3.853031 -0.587286 -1.115496 255 241 211 1 4000
3.853716 -0.615196 -1.115694 255 239 209 1 4000
3.854401 -0.643115 -1.115893 255 236 205 1 4000
3.855087 -0.671045 -1.116091 255 238 206 1 4000
3.855772 -0.698985 -1.116289 255 241 210 1 4000
3.856458 -0.726934 -1.116488 255 241 208 1 4000
3.857144 -0.754894 -1.116687 255 241 210 1 4000
3.857830 -0.782863 -1.116885 255 235 205 1 4000
3.858516 -0.810843 -1.117084 255 233 203 1 4000
3.859203 -0.838832 -1.117283 243 216 180 1 4000
3.859890 -0.866831 -1.117482 254 228 192 1 4000
3.860578 -0.894841 -1.117681 255 232 195 1 4000
3.861265 -0.922860 -1.117880 255 252 223 1 4000
3.861953 -0.950889 -1.118079 255 243 210 1 4000
3.862641 -0.978928 -1.118278 255 246 211 1 4000
3.863329 -1.006978 -1.118477 255 251 218 1 4000
3.864017 -1.035037 -1.118677 255 254 222 1 4000
3.864706 -1.063106 -1.118876 255 245 210 1 4000
3.865396 -1.091185 -1.119076 255 242 207 1 4000
3.866085 -1.119275 -1.119275 255 234 197 1 4000
3.866774 -1.147374 -1.119475 255 242 206 1 4000
3.867464 -1.175483 -1.119674 255 244 208 1 4000
3.868154 -1.203603 -1.119874 255 255 228 1 4000
3.868844 -1.231732 -1.120074 255 255 220 1 4000
3.869534 -1.259871 -1.120274 255 252 219 1 4000
3.870225 -1.288021 -1.120474 255 253 220 1 4000
3.870916 -1.316180 -1.120674 255 249 217 1 4000
3.871607 -1.344350 -1.120874 255 238 204 1 4000
3.872299 -1.372530 -1.121074 255 235 200 1 4000
3.872990 -1.400719 -1.121274 255 245 211 1 4000
3.873682 -1.428919 -1.121475 255 255 227 1 4000
3.874374 -1.457129 -1.121675 255 255 225 1 4000
3.875067 -1.485349 -1.121875 255 255 222 1 4000
3.875759 -1.513579 -1.122076 255 253 219 1 4000
3.876452 -1.541819 -1.122277 255 246 209 1 4000
3.877146 -1.570069 -1.122477 255 243 206 1 4000
3.877839 -1.598329 -1.122678 255 244 206 1 4000
3.878533 -1.626600 -1.122879 255 237 198 1 4000
3.879226 -1.654880 -1.123080 255 230 192 1 4000
3.879920 -1.683171 -1.123281 255 251 219 1 4000
3.880615 -1.711472 -1.123482 255 255 229 1 4000
3.881310 -1.739782 -1.123683 255 255 230 1 4000
3.882004 -1.768104 -1.123884 255 252 224 1 4000
3.882699 -1.796435 -1.124085 255 254 224 1 4000
3.883395 -1.824776 -1.124287 255 253 225 1 4000
3.884091 -1.853128 -1.124488 255 250 222 1 4000
3.884787 -1.881489 -1.124689 255 246 216 1 4000
3.885483 -1.909861 -1.124891 255 235 204 1 4000
3.886179 -1.938243 -1.125093 233 207 175 1 4000
3.886876 -1.966635 -1.125294 251 224 190 1 4000
3.887573 -1.995038 -1.125496 253 226 191 1 4000
3.888270 -2.023450 -1.125698 255 238 205 1 4000
3.888968 -2.051873 -1.125900 255 243 210 1 4000
3.889665 -2.080306 -1.126102 255 238 206 1 4000
3.890363 -2.108749 -1.126304 255 235 202 1 4000
3.891061 -2.137202 -1.126506 255 228 193 1 4000
3.891760 -2.165666 -1.126708 253 226 190 1 4000
3.892458 -2.194140 -1.126910 251 217 179 1 4000
3.893157 -2.222624 -1.127113 225 196 162 1 4000
3.485092 2.008517 -1.034119 111 112 111 10 1031
3.503561 1.993882 -1.039599 110 110 109 10 1031
3.522227 1.979091 -1.045138 110 110 109 10 1031
3.541094 1.964142 -1.050736 107 107 106 10 1031
3.560163 1.949031 -1.056394 109 109 108 10 1031
3.579438 1.933758 -1.062114 104 104 103 10 1031
3.598924 1.918317 -1.067896 104 104 103 10 1031
3.618622 1.902708 -1.073741 99 99 98 10 1031
3.638538 1.886927 -1.079650 99 99 98 10 1031
3.658675 1.870972 -1.085625 95 95 94 10 1031
3.679036 1.854839 -1.091667 99 99 98 10 1031
3.757563 1.867318 -1.114968 53 47 41 1 4000
3.758214 1.840525 -1.115161 58 51 43 1 4000
3.758866 1.813723 -1.115355 59 52 43 1 4000
3.759517 1.786911 -1.115548 163 146 125 1 4000
3.760170 1.760091 -1.115742 211 187 159 1 4000
3.760822 1.733261 -1.115935 221 197 167 1 4000
3.761474 1.706422 -1.116129 252 224 190 1 4000
3.762127 1.679573 -1.116323 251 229 199 1 4000
3.762780 1.652715 -1.116516 255 240 211 1 4000
3.763433 1.625848 -1.116710 255 240 210 1 4000
3.764087 1.598972 -1.116904 255 241 212 1 4000
3.764740 1.572086 -1.117098 255 244 216 1 4000
3.765394 1.545191 -1.117292 255 240 212 1 4000
3.766047 1.518286 -1.117486 249 229 200 1 4000
3.766702 1.491372 -1.117680 242 222 193 1 4000
3.767356 1.464449 -1.117875 236 214 184 1 4000
3.768011 1.437517 -1.118069 236 211 181 1 4000
3.768666 1.410575 -1.118263 196 172 144 1 4000
3.769321 1.383623 -1.118458 240 213 180 1 4000
3.769977 1.356663 -1.118652 239 212 181 1 4000
3.770632 1.329693 -1.118847 245 219 189 1 4000
3.771288 1.302713 -1.119041 247 223 194 1 4000
3.771944 1.275725 -1.119236 249 225 196 1 4000
3.772600 1.248726 -1.119431 252 230 202 1 4000
3.773257 1.221719 -1.119625 251 227 197 1 4000
3.773914 1.194702 -1.119820 247 221 189 1 4000
3.774570 1.167675 -1.120015 253 225 190 1 4000
3.775228 1.140639 -1.120210 241 215 181 1 4000
3.775885 1.113594 -1.120405 255 234 201 1 4000
3.776543 1.086539 -1.120601 255 229 195 1 4000
3.777201 1.059475 -1.120796 255 234 200 1 4000
3.777859 1.032402 -1.120991 255 238 204 1 4000
3.778517 1.005319 -1.121186 255 244 209 1 4000
3.779176 0.978226 -1.121382 255 234 196 1 4000
3.779835 0.951124 -1.121577 255 239 201 1 4000
3.780494 0.924013 -1.121773 255 244 206 1 4000
3.781153 0.896892 -1.121968 255 236 200 1 4000
3.781813 0.869762 -1.122164 255 236 203 1 4000
3.782472 0.842623 -1.122360 251 230 199 1 4000
3.783132 0.815473 -1.122556 255 241 208 1 4000
3.783792 0.788315 -1.122752 255 247 215 1 4000
3.784453 0.761147 -1.122948 255 246 215 1 4000
3.785113 0.733969 -1.123144 255 249 219 1 4000
3.785774 0.706782 -1.123340 255 250 222 1 4000
3.786436 0.679585 -1.123536 255 255 226 1 4000
3.787097 0.652379 -1.123732 255 255 227 1 4000
3.787758 0.625164 -1.123928 255 252 221 1 4000
3.788420 0.597938 -1.124125 255 255 223 1 4000
3.789083 0.570704 -1.124321 191 168 141 1 4000
3.789745 0.543460 -1.124518 255 239 201 1 4000
3.790407 0.516206 -1.124714 255 247 208 1 4000
3.791070 0.488943 -1.124911 255 249 213 1 4000
3.791733 0.461670 -1.125108 255 254 218 1 4000
3.792396 0.434388 -1.125304 255 251 217 1 4000
3.793060 0.407096 -1.125501 255 247 215 1 4000
3.793723 0.379795 -1.125698 255 246 216 1 4000
3.794387 0.352484 -1.125895 255 244 210 1 4000
3.795050 0.325163 -1.126092 255 247 212 1 4000
3.795715 0.297833 -1.126289 239 212 176 1 4000
3.796380 0.270494 -1.126486 255 232 193 1 4000
3.797045 0.243145 -1.126684 255 235 197 1 4000
3.797710 0.215786 -1.126881 255 244 208 1 4000
3.798375 0.188417 -1.127079 255 247 211 1 4000
3.799040 0.161039 -1.127276 255 245 208 1 4000
3.799706 0.133652 -1.127474 255 246 209 1 4000
3.800372 0.106255 -1.127671 255 252 219 1 4000
3.801039 0.078848 -1.127869 255 247 210 1 4000
3.801705 0.051432 -1.128067 255 246 209 1 4000
3.802372 0.024006 -1.128265 255 239 201 1 4000
3.803038 -0.003430 -1.128462 255 255 244 1 4000
3.803706 -0.030875 -1.128660 255 255 243 1 4000
3.804373 -0.058330 -1.128858 255 255 239 1 4000
3.805041 -0.085794 -1.129056 255 255 232 1 4000
3.805709 -0.113269 -1.129255 255 255 235 1 4000
3.806376 -0.140752 -1.129453 255 252 222 1 4000
3.807045 -0.168246 -1.129651 255 251 218 1 4000
3.807714 -0.195749 -1.129850 255 251 218 1 4000
3.808383 -0.223262 -1.130048 255 242 209 1 4000
3.809052 -0.250784 -1.130247 255 232 200 1 4000
3.809721 -0.278316 -1.130445 255 226 188 1 4000
3.810390 -0.305858 -1.130644 255 226 189 1 4000
3.811059 -0.333409 -1.130842 255 235 200 1 4000
3.811730 -0.360970 -1.131041 255 243 210 1 4000
3.812400 -0.388541 -1.131240 255 247 214 1 4000
3.813070 -0.416122 -1.131439 255 245 210 1 4000
3.813741 -0.443712 -1.131638 255 246 214 1 4000
3.814412 -0.471312 -1.131837 255 236 203 1 4000
3.815083 -0.498922 -1.132036 255 231 197 1 4000
3.815755 -0.526541 -1.132235 255 230 194 1 4000
3.816426 -0.554170 -1.132435 240 218 189 1 4000
3.817098 -0.581809 -1.132634 255 239 209 1 4000
3.817770 -0.609457 -1.132833 255 234 203 1 4000
3.818442 -0.637116 -1.133033 255 232 199 1 4000
3.819115 -0.664784 -1.133233 255 236 203 1 4000
3.819788 -0.692461 -1.133432 255 243 211 1 4000
3.820461 -0.720149 -1.133632 255 240 204 1 4000
3.821134 -0.747846 -1.133832 255 239 206 1 4000
3.821808 -0.775553 -1.134032 255 237 205 1 4000
3.822482 -0.803270 -1.134232 248 223 191 1 4000
3.823155 -0.830997 -1.134431 213 192 164 1 4000
3.823830 -0.858733 -1.134632 255 244 213 1 4000
3.824504 -0.886479 -1.134832 255 247 215 1 4000
3.825179 -0.914235 -1.135032 255 242 210 1 4000
3.825854 -0.942001 -1.135232 255 251 221 1 4000
3.826529 -0.969776 -1.135432 255 255 226 1 4000
3.827205 -0.997562 -1.135633 255 255 230 1 4000
3.827880 -1.025357 -1.135833 255 255 229 1 4000
3.828556 -1.053162 -1.136034 255 254 223 1 4000
3.829232 -1.080977 -1.136235 255 255 223 1 4000
3.829908 -1.108801 -1.136435 217 193 163 1 4000
3.830585 -1.136636 -1.136636 255 252 215 1 4000
3.831262 -1.164480 -1.136837 255 247 208 1 4000
3.831939 -1.192334 -1.137038 255 248 210 1 4000
3.832616 -1.220198 -1.137239 255 255 224 1 4000
3.833294 -1.248072 -1.137440 255 255 221 1 4000
3.833972 -1.275956 -1.137641 255 254 220 1 4000
3.834650 -1.303849 -1.137842 255 254 220 1 4000
3.835328 -1.331753 -1.138043 255 246 212 1 4000
3.836007 -1.359666 -1.138245 255 249 215 1 4000
3.836685 -1.387589 -1.138446 228 203 173 1 4000
3.837364 -1.415522 -1.138648 255 249 214 1 4000
3.838043 -1.443465 -1.138849 255 254 218 1 4000
3.838723 -1.471418 -1.139051 255 252 218 1 4000
3.839403 -1.499381 -1.139252 255 251 216 1 4000
3.840083 -1.527353 -1.139454 255 253 218 1 4000
3.840763 -1.555336 -1.139656 255 250 214 1 4000
3.841443 -1.583328 -1.139858 255 246 209 1 4000
3.842124 -1.611331 -1.140060 255 242 206 1 4000
3.842805 -1.639343 -1.140262 255 244 206 1 4000
3.843486 -1.667365 -1.140464 217 196 167 1 4000
3.844168 -1.695397 -1.140666 255 255 236 1 4000
3.844850 -1.723439 -1.140869 255 255 232 1 4000
3.845531 -1.751491 -1.141071 255 255 228 1 4000
3.846214 -1.779554 -1.141273 255 253 226 1 4000
3.846896 -1.807625 -1.141476 255 254 226 1 4000
3.847578 -1.835707 -1.141678 255 255 229 1 4000
3.848261 -1.863799 -1.141881 255 252 223 1 4000
3.848944 -1.891901 -1.142084 255 246 217 1 4000
3.849628 -1.920013 -1.142286 255 241 211 1 4000
3.850311 -1.948135 -1.142489 204 181 153 1 4000
3.850995 -1.976267 -1.142692 254 227 195 1 4000
3.851679 -2.004408 -1.142895 255 233 200 1 4000
3.852364 -2.032560 -1.143098 255 241 210 1 4000
3.853048 -2.060722 -1.143301 255 243 211 1 4000
3.853733 -2.088894 -1.143505 255 243 211 1 4000
3.854418 -2.117076 -1.143708 255 237 202 1 4000
3.855103 -2.145268 -1.143911 255 233 197 1 4000
3.855789 -2.173469 -1.144114 255 234 199 1 4000
3.856475 -2.201682 -1.144318 255 227 192 1 4000
3.493659 2.013454 -1.061869 107 107 106 10 1031
3.512220 1.998809 -1.067510 102 102 102 10 1031
3.530978 1.984008 -1.073211 104 104 103 10 1031
3.549939 1.969048 -1.078974 102 103 102 10 1031
3.569104 1.953926 -1.084799 99 99 99 10 1031
3.588476 1.938640 -1.090687 98 98 97 10 1031
3.608061 1.923188 -1.096640 98 98 97 10 1031
3.627861 1.907566 -1.102658 92 93 92 10 1031
3.647879 1.891771 -1.108742 95 95 94 10 1031
3.722102 1.903407 -1.131302 51 46 40 1 4000
3.722741 1.876873 -1.131496 56 48 40 1 4000
3.723381 1.850331 -1.131690 77 67 54 1 4000
3.724020 1.823779 -1.131885 183 163 139 1 4000
3.724660 1.797218 -1.132079 201 177 150 1 4000
3.725300 1.770648 -1.132274 203 178 149 1 4000
3.725940 1.744069 -1.132468 223 196 164 1 4000
3.726580 1.717480 -1.132663 227 203 173 1 4000
3.727221 1.690883 -1.132858 208 188 160 1 4000
3.727862 1.664276 -1.133052 255 234 205 1 4000
3.728503 1.637660 -1.133247 254 231 200 1 4000
3.729144 1.611035 -1.133442 248 225 193 1 4000
3.729785 1.584401 -1.133637 251 228 198 1 4000
3.730427 1.557758 -1.133832 248 226 197 1 4000
3.731069 1.531105 -1.134027 247 226 197 1 4000
3.731711 1.504444 -1.134223 237 216 185 1 4000
3.732353 1.477773 -1.134418 235 212 182 1 4000
3.732996 1.451093 -1.134614 237 215 186 1 4000
3.733639 1.424404 -1.134809 235 212 183 1 4000
3.734282 1.397705 -1.135004 233 205 173 1 4000
3.734925 1.370997 -1.135200 238 212 182 1 4000
3.735569 1.344281 -1.135396 243 218 187 1 4000
3.736212 1.317555 -1.135591 244 219 190 1 4000
3.736856 1.290820 -1.135787 243 220 191 1 4000
3.737500 1.264075 -1.135983 247 223 195 1 4000
3.738145 1.237321 -1.136178 253 232 204 1 4000
3.738789 1.210559 -1.136374 253 229 200 1 4000
3.739434 1.183786 -1.136570 255 232 199 1 4000
3.740079 1.157005 -1.136766 255 238 205 1 4000
3.740725 1.130214 -1.136962 211 187 155 1 4000
3.741370 1.103415 -1.137159 255 231 194 1 4000
3.742016 1.076606 -1.137355 255 225 190 1 4000
3.742662 1.049787 -1.137551 254 223 185 1 4000
3.743308 1.022960 -1.137747 255 229 190 1 4000
3.743954 0.996123 -1.137944 255 233 196 1 4000
3.744601 0.969277 -1.138140 255 237 203 1 4000
3.745247 0.942421 -1.138337 255 230 195 1 4000
3.745894 0.915556 -1.138534 255 232 197 1 4000
3.746542 0.888683 -1.138730 255 241 208 1 4000
3.747189 0.861799 -1.138927 252 227 193 1 4000
3.747837 0.834907 -1.139124 255 246 215 1 4000
3.748485 0.808005 -1.139321 255 244 214 1 4000
3.749133 0.781094 -1.139518 255 239 208 1 4000
3.749781 0.754173 -1.139715 255 235 207 1 4000
3.750430 0.727244 -1.139912 255 250 223 1 4000
3.751079 0.700304 -1.140110 255 250 223 1 4000
3.751728 0.673356 -1.140307 255 246 218 1 4000
3.752377 0.646398 -1.140504 255 252 225 1 4000
3.753026 0.619431 -1.140701 255 245 214 1 4000
3.753676 0.592455 -1.140899 255 247 215 1 4000
3.754326 0.565469 -1.141096 241 216 183 1 4000
3.754977 0.538474 -1.141294 255 242 207 1 4000
3.755627 0.511469 -1.141492 255 241 207 1 4000
3.756277 0.484456 -1.141689 255 242 209 1 4000
3.756928 0.457433 -1.141887 255 248 213 1 4000
3.757579 0.430400 -1.142085 255 255 222 1 4000
3.758231 0.403358 -1.142283 255 252 218 1 4000
3.758882 0.376307 -1.142481 255 254 220 1 4000
3.759534 0.349246 -1.142679 255 248 212 1 4000
3.760186 0.322176 -1.142877 255 239 200 1 4000
3.760838 0.295097 -1.143076 225 198 165 1 4000
3.761491 0.268008 -1.143274 255 235 198 1 4000
3.762143 0.240910 -1.143472 255 243 206 1 4000
3.762796 0.213802 -1.143671 255 238 202 1 4000
3.763449 0.186685 -1.143869 255 250 216 1 4000
3.764102 0.159558 -1.144068 255 252 217 1 4000
3.764756 0.132423 -1.144267 255 253 219 1 4000
3.765410 0.105277 -1.144465 255 252 216 1 4000
3.766064 0.078123 -1.144664 255 244 208 1 4000
3.766718 0.050958 -1.144863 255 240 203 1 4000
3.767373 0.023785 -1.145062 255 235 199 1 4000
3.768028 -0.003398 -1.145261 255 252 221 1 4000
3.768682 -0.030591 -1.145460 255 253 222 1 4000
3.769337 -0.057793 -1.145659 255 253 222 1 4000
3.769993 -0.085004 -1.145858 255 253 223 1 4000
3.770648 -0.112225 -1.146057 255 255 230 1 4000
3.771304 -0.139455 -1.146257 255 249 218 1 4000
3.771960 -0.166695 -1.146456 255 250 218 1 4000
3.772616 -0.193945 -1.146656 255 244 213 1 4000
3.773273 -0.221203 -1.146855 255 233 200 1 4000
3.773930 -0.248472 -1.147055 255 234 201 1 4000
3.774587 -0.275749 -1.147254 251 221 183 1 4000
3.775244 -0.303037 -1.147454 255 234 199 1 4000
3.775902 -0.330334 -1.147654 255 235 201 1 4000
3.776559 -0.357640 -1.147854 255 245 212 1 4000
3.777217 -0.384956 -1.148054 255 248 215 1 4000
3.777875 -0.412281 -1.148254 255 248 216 1 4000
3.778534 -0.439616 -1.148454 255 248 219 1 4000
3.779192 -0.466960 -1.148654 255 232 200 1 4000
3.779851 -0.494314 -1.148854 255 228 193 1 4000
3.780510 -0.521677 -1.149055 255 232 196 1 4000
3.781169 -0.549050 -1.149255 205 186 159 1 4000
3.781829 -0.576433 -1.149456 255 233 201 1 4000
3.782489 -0.603825 -1.149656 251 224 191 1 4000
3.783149 -0.631227 -1.149857 255 230 198 1 4000
3.783809 -0.658638 -1.150057 255 237 205 1 4000
3.784469 -0.686059 -1.150258 255 231 194 1 4000
3.785130 -0.713489 -1.150459 255 230 193 1 4000
3.785790 -0.740929 -1.150660 255 235 199 1 4000
3.786452 -0.768378 -1.150861 255 235 198 1 4000
3.787113 -0.795838 -1.151062 255 233 199 1 4000
3.787775 -0.823306 -1.151263 205 183 154 1 4000
3.788436 -0.850785 -1.151464 255 243 210 1 4000
3.789099 -0.878273 -1.151665 255 245 213 1 4000
3.789761 -0.905770 -1.151866 255 251 218 1 4000
3.790423 -0.933277 -1.152068 255 246 216 1 4000
3.791086 -0.960794 -1.152269 255 253 224 1 4000
3.791749 -0.988320 -1.152471 255 255 234 1 4000
3.792412 -1.015856 -1.152672 255 255 230 1 4000
3.793076 -1.043402 -1.152874 255 255 227 1 4000
3.793739 -1.070957 -1.153076 255 255 227 1 4000
3.794403 -1.098522 -1.153278 255 238 207 1 4000
3.795067 -1.126097 -1.153479 255 239 201 1 4000
3.795731 -1.153681 -1.153681 255 247 208 1 4000
3.796396 -1.181275 -1.153883 255 248 212 1 4000
3.797061 -1.208878 -1.154085 255 251 215 1 4000
3.797726 -1.236492 -1.154287 255 253 218 1 4000
3.798391 -1.264114 -1.154489 255 255 223 1 4000
3.799057 -1.291747 -1.154692 255 255 224 1 4000
3.799722 -1.319389 -1.154894 255 254 219 1 4000
3.800388 -1.347041 -1.155097 255 248 215 1 4000
3.801055 -1.374703 -1.155299 255 237 199 1 4000
3.801721 -1.402374 -1.155502 255 232 195 1 4000
3.802388 -1.430055 -1.155704 255 234 198 1 4000
3.803055 -1.457746 -1.155907 255 240 205 1 4000
3.803722 -1.485446 -1.156110 255 246 211 1 4000
3.804389 -1.513157 -1.156313 255 243 207 1 4000
3.805057 -1.540876 -1.156515 255 243 206 1 4000
3.805725 -1.568606 -1.156718 255 251 219 1 4000
3.806393 -1.596345 -1.156922 255 245 209 1 4000
3.807061 -1.624095 -1.157125 255 244 208 1 4000
3.807730 -1.651853 -1.157328 255 238 201 1 4000
3.808398 -1.679622 -1.157531 255 255 234 1 4000
3.809068 -1.707400 -1.157735 255 255 241 1 4000
3.809737 -1.735189 -1.157938 255 255 233 1 4000
3.810407 -1.762987 -1.158141 255 254 228 1 4000
3.811076 -1.790794 -1.158345 255 255 228 1 4000
3.811746 -1.818612 -1.158549 255 249 220 1 4000
3.812416 -1.846439 -1.158752 255 245 214 1 4000
3.813087 -1.874276 -1.158956 255 244 212 1 4000
3.813758 -1.902123 -1.159160 255 235 204 1 4000
3.814428 -1.929979 -1.159364 250 224 193 1 4000
3.815100 -1.957846 -1.159568 247 218 183 1 4000
3.815771 -1.985722 -1.159772 249 219 183 1 4000
3.816443 -2.013608 -1.159976 254 228 194 1 4000
3.817114 -2.041504 -1.160180 255 235 203 1 4000
3.817786 -2.069409 -1.160385 255 239 206 1 4000
3.818459 -2.097325 -1.160589 255 239 206 1 4000
3.819132 -2.125250 -1.160793 255 245 213 1 4000
3.819804 -2.153185 -1.160998 255 239 206 1 4000
3.820477 -2.181130 -1.161202 255 234 200 1 4000
3.502270 2.018416 -1.089755 100 100 99 10 1031
3.520922 2.003762 -1.095559 99 99 98 10 1031
3.539774 1.988950 -1.101425 96 97 96 10 1031
3.558829 1.973979 -1.107354 96 96 95 10 1031
3.578091 1.958846 -1.113348 94 94 93 10 1031
3.597562 1.943549 -1.119406 92 92 91 10 1031
3.619337 1.929198 -1.126182 70 70 70 10 1031
3.687304 1.938822 -1.147330 56 50 42 1 4000
3.687932 1.912542 -1.147525 56 49 40 1 4000
3.688559 1.886254 -1.147720 72 63 52 1 4000
3.689186 1.859956 -1.147916 190 170 144 1 4000
3.689814 1.833650 -1.148111 205 187 159 1 4000
3.690442 1.807335 -1.148306 201 180 152 1 4000
3.691071 1.781010 -1.148502 200 180 151 1 4000
3.691699 1.754677 -1.148697 215 193 162 1 4000
3.692328 1.728335 -1.148893 225 203 173 1 4000
3.692956 1.701984 -1.149089 218 191 161 1 4000
3.693586 1.675624 -1.149285 252 228 197 1 4000
3.694215 1.649254 -1.149480 250 231 203 1 4000
3.694845 1.622876 -1.149676 245 223 194 1 4000
3.695474 1.596489 -1.149872 242 219 190 1 4000
3.696104 1.570093 -1.150068 232 212 183 1 4000
3.696735 1.543688 -1.150264 230 212 186 1 4000
3.697365 1.517274 -1.150461 222 203 177 1 4000
3.697995 1.490851 -1.150657 216 196 168 1 4000
3.698626 1.464419 -1.150853 210 190 163 1 4000
3.699257 1.437978 -1.151050 211 191 164 1 4000
3.699888 1.411527 -1.151246 171 153 126 1 4000
3.700520 1.385068 -1.151443 197 175 145 1 4000
3.701151 1.358600 -1.151639 192 170 143 1 4000
3.701783 1.332123 -1.151836 188 164 137 1 4000
3.702415 1.305636 -1.152032 185 165 140 1 4000
3.703048 1.279141 -1.152229 184 164 140 1 4000
3.703680 1.252637 -1.152426 181 163 139 1 4000
3.704313 1.226123 -1.152623 189 168 144 1 4000
3.704946 1.199600 -1.152820 193 173 147 1 4000
3.705579 1.173069 -1.153017 200 179 152 1 4000
3.706213 1.146528 -1.153214 196 177 149 1 4000
3.706846 1.119979 -1.153411 200 177 147 1 4000
3.707480 1.093420 -1.153608 208 185 153 1 4000
3.708114 1.066852 -1.153805 211 186 153 1 4000
3.708748 1.040275 -1.154003 214 190 155 1 4000
3.709383 1.013689 -1.154200 223 197 163 1 4000
3.710017 0.987094 -1.154398 231 205 173 1 4000
3.710652 0.960489 -1.154595 235 210 178 1 4000
3.711287 0.933876 -1.154793 242 213 181 1 4000
3.711923 0.907253 -1.154991 247 222 189 1 4000
3.712559 0.880622 -1.155188 251 229 199 1 4000
3.713194 0.853981 -1.155386 201 180 152 1 4000
3.713830 0.827331 -1.155584 255 241 211 1 4000
3.714466 0.800672 -1.155782 255 238 206 1 4000
3.715103 0.774004 -1.155980 255 242 214 1 4000
3.715739 0.747327 -1.156178 255 238 209 1 4000
3.716376 0.720640 -1.156376 255 248 220 1 4000
3.717014 0.693945 -1.156575 255 255 228 1 4000
3.717651 0.667240 -1.156773 255 247 218 1 4000
3.718288 0.640526 -1.156971 255 244 213 1 4000
3.718926 0.613803 -1.157170 255 249 218 1 4000
3.719564 0.587071 -1.157368 255 252 221 1 4000
3.720202 0.560329 -1.157567 255 235 202 1 4000
3.720841 0.533579 -1.157766 255 244 213 1 4000
3.721479 0.506819 -1.157964 255 234 200 1 4000
3.722118 0.480050 -1.158163 255 240 206 1 4000
3.722757 0.453272 -1.158362 255 247 214 1 4000
3.723396 0.426485 -1.158561 255 255 225 1 4000
3.724036 0.399688 -1.158760 255 254 220 1 4000
3.724676 0.372882 -1.158959 255 245 209 1 4000
3.725316 0.346067 -1.159158 255 241 203 1 4000
3.725956 0.319243 -1.159357 255 237 198 1 4000
3.726596 0.292410 -1.159556 213 185 151 1 4000
3.727237 0.265567 -1.159756 255 233 197 1 4000
3.727878 0.238715 -1.159955 255 237 201 1 4000
3.728518 0.211854 -1.160155 255 243 210 1 4000
3.729160 0.184984 -1.160354 255 233 193 1 4000
3.729801 0.158104 -1.160554 255 242 204 1 4000
3.730443 0.131216 -1.160753 255 245 210 1 4000
3.731085 0.104318 -1.160953 255 235 198 1 4000
3.731727 0.077410 -1.161153 255 240 203 1 4000
3.732370 0.050494 -1.161353 255 246 211 1 4000
3.733012 0.023568 -1.161553 255 243 208 1 4000
3.733655 -0.003367 -1.161753 255 241 209 1 4000
3.734298 -0.030312 -1.161953 255 247 215 1 4000
3.734941 -0.057265 -1.162153 255 241 207 1 4000
3.735585 -0.084228 -1.162353 255 243 212 1 4000
3.736228 -0.111201 -1.162553 255 239 208 1 4000
3.736873 -0.138182 -1.162754 255 247 215 1 4000
3.737516 -0.165173 -1.162954 255 244 210 1 4000
3.738161 -0.192173 -1.163155 255 234 200 1 4000
3.738806 -0.219183 -1.163355 255 234 202 1 4000
3.739450 -0.246202 -1.163556 255 242 212 1 4000
3.740095 -0.273230 -1.163757 230 201 166 1 4000
3.740740 -0.300267 -1.163957 255 232 196 1 4000
3.741386 -0.327314 -1.164158 255 244 209 1 4000
3.742032 -0.354370 -1.164359 255 242 209 1 4000
3.742677 -0.381435 -1.164560 255 242 208 1 4000
3.743324 -0.408510 -1.164761 255 242 211 1 4000
3.743970 -0.435594 -1.164962 255 242 214 1 4000
3.744617 -0.462688 -1.165164 255 239 209 1 4000
3.745263 -0.489791 -1.165365 255 230 197 1 4000
3.745910 -0.516903 -1.165566 255 236 203 1 4000
3.746558 -0.544025 -1.165768 206 182 152 1 4000
3.747205 -0.571156 -1.165969 252 223 187 1 4000
3.747853 -0.598296 -1.166170 249 220 185 1 4000
3.748501 -0.625446 -1.166372 247 215 177 1 4000
3.749149 -0.652605 -1.166574 251 224 186 1 4000
3.749797 -0.679773 -1.166776 253 227 190 1 4000
3.750446 -0.706951 -1.166977 255 232 199 1 4000
3.751095 -0.734139 -1.167179 252 225 192 1 4000
3.751743 -0.761335 -1.167381 255 231 196 1 4000
3.752393 -0.788541 -1.167583 255 240 206 1 4000
3.753043 -0.815757 -1.167785 255 236 201 1 4000
3.753692 -0.842982 -1.167987 255 245 213 1 4000
3.754342 -0.870216 -1.168190 255 248 217 1 4000
3.754992 -0.897460 -1.168392 255 244 213 1 4000
3.755643 -0.924713 -1.168594 255 240 210 1 4000
3.756294 -0.951976 -1.168797 255 254 227 1 4000
3.756944 -0.979248 -1.168999 255 254 227 1 4000
3.757596 -1.006530 -1.169202 255 252 223 1 4000
3.758246 -1.033821 -1.169405 255 255 229 1 4000
3.758898 -1.061122 -1.169607 255 249 216 1 4000
3.759550 -1.088432 -1.169810 255 248 215 1 4000
3.760202 -1.115751 -1.170013 255 233 198 1 4000
3.760854 -1.143080 -1.170216 255 243 208 1 4000
3.761506 -1.170419 -1.170419 255 243 209 1 4000
3.762159 -1.197767 -1.170622 255 245 211 1 4000
3.762812 -1.225124 -1.170825 255 250 216 1 4000
3.763465 -1.252491 -1.171028 255 255 223 1 4000
3.764119 -1.279867 -1.171232 255 254 220 1 4000
3.764772 -1.307253 -1.171435 255 255 224 1 4000
3.765426 -1.334649 -1.171638 255 245 208 1 4000
3.766080 -1.362054 -1.171842 255 237 199 1 4000
3.766734 -1.389468 -1.172045 232 204 171 1 4000
3.767389 -1.416892 -1.172249 255 236 201 1 4000
3.768043 -1.444326 -1.172453 255 242 206 1 4000
3.768698 -1.471769 -1.172657 255 236 201 1 4000
3.769354 -1.499221 -1.172861 255 247 214 1 4000
3.770009 -1.526683 -1.173064 255 252 218 1 4000
3.770664 -1.554155 -1.173268 255 252 219 1 4000
3.771320 -1.581636 -1.173472 255 247 212 1 4000
3.771976 -1.609127 -1.173677 255 241 206 1 4000
3.772633 -1.636628 -1.173881 255 239 204 1 4000
3.773289 -1.664138 -1.174085 203 181 152 1 4000
3.773946 -1.691657 -1.174289 255 248 219 1 4000
3.774603 -1.719186 -1.174494 255 246 215 1 4000
3.775260 -1.746725 -1.174698 255 249 219 1 4000
3.775918 -1.774273 -1.174903 255 249 220 1 4000
3.776575 -1.801831 -1.175108 255 252 224 1 4000
3.777233 -1.829399 -1.175312 255 242 210 1 4000
3.777891 -1.856976 -1.175517 255 241 210 1 4000
3.778550 -1.884563 -1.175722 255 234 203 1 4000
3.779208 -1.912159 -1.175927 253 228 195 1 4000
3.779867 -1.939765 -1.176132 228 203 173 1 4000
3.780526 -1.967380 -1.176337 255 228 191 1 4000
3.781185 -1.995006 -1.176542 253 224 190 1 4000
3.781845 -2.022640 -1.176747 255 231 198 1 4000
3.782505 -2.050285 -1.176952 255 235 203 1 4000
3.783165 -2.077939 -1.177158 255 240 208 1 4000
3.783825 -2.105603 -1.177363 255 242 212 1 4000
3.784485 -2.133276 -1.177569 255 243 212 1 4000
3.785146 -2.160959 -1.177774 255 232 197 1 4000
3.510922 2.023403 -1.117780 93 93 92 10 1031
3.529667 2.008739 -1.123748 91 92 91 10 1031
3.548614 1.993917 -1.129780 91 91 90 10 1031
3.567765 1.978936 -1.135877 86 86 86 10 1031
3.591314 1.966086 -1.143374 39 39 39 10 1031
3.653151 1.973580 -1.163061 43 37 30 1 4000
3.653767 1.947550 -1.163257 58 52 44 1 4000
3.654382 1.921511 -1.163453 102 93 81 1 4000
3.654999 1.895463 -1.163650 187 170 147 1 4000
3.655615 1.869407 -1.163846 202 181 151 1 4000
3.656231 1.843341 -1.164042 205 184 155 1 4000
3.656848 1.817267 -1.164238 207 188 162 1 4000
3.657465 1.791184 -1.164435 204 185 157 1 4000
3.658082 1.765093 -1.164631 212 190 160 1 4000
3.658699 1.738992 -1.164828 217 193 163 1 4000
3.659317 1.712883 -1.165024 225 198 166 1 4000
3.659934 1.686765 -1.165221 201 181 154 1 4000
3.660552 1.660638 -1.165418 255 237 206 1 4000
3.661170 1.634502 -1.165614 255 231 197 1 4000
3.661788 1.608357 -1.165811 255 234 203 1 4000
3.662407 1.582204 -1.166008 254 232 202 1 4000
3.663025 1.556041 -1.166205 242 219 189 1 4000
3.663644 1.529870 -1.166403 250 231 205 1 4000
3.664264 1.503690 -1.166600 250 230 203 1 4000
3.664883 1.477502 -1.166797 240 219 190 1 4000
3.665502 1.451304 -1.166994 243 219 190 1 4000
3.666123 1.425098 -1.167192 231 204 172 1 4000
3.666742 1.398882 -1.167389 233 208 177 1 4000
3.667362 1.372658 -1.167586 238 214 183 1 4000
3.667983 1.346425 -1.167784 239 218 188 1 4000
3.668604 1.320183 -1.167982 240 219 190 1 4000
3.669225 1.293932 -1.168179 248 228 201 1 4000
3.669845 1.267672 -1.168377 240 218 189 1 4000
3.670467 1.241403 -1.168575 236 211 179 1 4000
3.671088 1.215126 -1.168772 247 220 187 1 4000
3.671710 1.188839 -1.168970 252 227 195 1 4000
3.672332 1.162544 -1.169168 255 237 206 1 4000
3.672954 1.136240 -1.169366 224 203 174 1 4000
3.673576 1.109926 -1.169565 255 240 205 1 4000
3.674198 1.083604 -1.169763 255 248 216 1 4000
3.674821 1.057273 -1.169961 255 251 221 1 4000
3.675444 1.030933 -1.170159 255 255 239 1 4000
3.676067 1.004584 -1.170358 255 255 232 1 4000
3.676691 0.978227 -1.170556 255 253 226 1 4000
3.677314 0.951860 -1.170755 255 248 221 1 4000
3.677938 0.925484 -1.170953 255 246 216 1 4000
3.678562 0.899099 -1.171152 255 245 215 1 4000
3.679186 0.872706 -1.171351 255 236 203 1 4000
3.679811 0.846303 -1.171550 247 223 191 1 4000
3.680435 0.819892 -1.171748 255 247 213 1 4000
3.681060 0.793471 -1.171947 255 243 208 1 4000
3.681685 0.767042 -1.172146 255 238 201 1 4000
3.682310 0.740603 -1.172345 255 244 209 1 4000
3.682936 0.714156 -1.172544 255 250 216 1 4000
3.683561 0.687699 -1.172744 255 234 196 1 4000
3.684187 0.661234 -1.172943 255 233 195 1 4000
3.684813 0.634759 -1.173142 255 230 190 1 4000
3.685440 0.608276 -1.173342 255 232 194 1 4000
3.686067 0.581784 -1.173541 244 218 182 1 4000
3.686693 0.555282 -1.173741 255 229 190 1 4000
3.687320 0.528772 -1.173940 255 234 196 1 4000
3.687947 0.502252 -1.174140 255 241 205 1 4000
3.688574 0.475724 -1.174340 255 255 229 1 4000
3.689202 0.449186 -1.174539 255 255 226 1 4000
3.689830 0.422640 -1.174739 255 255 228 1 4000
3.690458 0.396084 -1.174939 255 251 217 1 4000
3.691086 0.369520 -1.175139 255 239 204 1 4000
3.691715 0.342946 -1.175339 255 236 200 1 4000
3.692343 0.316363 -1.175539 255 242 208 1 4000
3.692972 0.289772 -1.175740 233 212 183 1 4000
3.693601 0.263171 -1.175940 255 247 212 1 4000
3.694230 0.236561 -1.176140 255 242 205 1 4000
3.694860 0.209942 -1.176341 255 240 202 1 4000
3.695489 0.183314 -1.176541 255 243 205 1 4000
3.696120 0.156677 -1.176742 255 248 212 1 4000
3.696750 0.130030 -1.176942 255 237 199 1 4000
3.697380 0.103375 -1.177143 255 237 199 1 4000
3.698011 0.076711 -1.177344 255 239 200 1 4000
3.698642 0.050037 -1.177545 255 240 205 1 4000
3.699273 0.023355 -1.177746 244 213 179 1 4000
3.699904 -0.003337 -1.177947 255 231 198 1 4000
3.700535 -0.030038 -1.178148 249 230 201 1 4000
3.701167 -0.056748 -1.178349 240 218 187 1 4000
3.701798 -0.083467 -1.178550 234 211 181 1 4000
3.702431 -0.110195 -1.178751 232 211 182 1 4000
3.703063 -0.136932 -1.178952 229 210 183 1 4000
3.703696 -0.163678 -1.179154 220 200 171 1 4000
3.704329 -0.190434 -1.179355 213 191 162 1 4000
3.704961 -0.217199 -1.179557 204 182 153 1 4000
3.705595 -0.243973 -1.179758 210 188 159 1 4000
3.706228 -0.270756 -1.179960 180 159 131 1 4000
3.706862 -0.297548 -1.180162 209 185 153 1 4000
3.707496 -0.324349 -1.180364 211 187 156 1 4000
3.708129 -0.351160 -1.180565 214 187 156 1 4000
3.708764 -0.377979 -1.180767 219 194 164 1 4000
3.709398 -0.404808 -1.180969 225 202 172 1 4000
3.710033 -0.431646 -1.181171 218 197 170 1 4000
3.710668 -0.458493 -1.181373 220 196 170 1 4000
3.711303 -0.485350 -1.181576 221 196 169 1 4000
3.711938 -0.512215 -1.181778 220 197 167 1 4000
3.712574 -0.539090 -1.181980 211 188 158 1 4000
3.713210 -0.565974 -1.182183 223 197 164 1 4000
3.713846 -0.592867 -1.182385 226 201 166 1 4000
3.714482 -0.619770 -1.182588 229 200 164 1 4000
3.715118 -0.646681 -1.182790 227 200 164 1 4000
3.715755 -0.673602 -1.182993 233 206 171 1 4000
3.716392 -0.700532 -1.183196 239 213 179 1 4000
3.717029 -0.727472 -1.183399 248 222 188 1 4000
3.717666 -0.754420 -1.183601 250 223 187 1 4000
3.718304 -0.781378 -1.183805 255 235 201 1 4000
3.718942 -0.808345 -1.184008 255 239 207 1 4000
3.719579 -0.835321 -1.184211 254 232 201 1 4000
3.720218 -0.862307 -1.184414 255 252 222 1 4000
3.720856 -0.889301 -1.184617 255 248 217 1 4000
3.721495 -0.916306 -1.184821 255 246 216 1 4000
3.722134 -0.943319 -1.185024 255 245 215 1 4000
3.722773 -0.970342 -1.185227 255 255 228 1 4000
3.723412 -0.997374 -1.185431 255 255 230 1 4000
3.724051 -1.024415 -1.185634 255 246 217 1 4000
3.724691 -1.051465 -1.185838 255 250 219 1 4000
3.725331 -1.078525 -1.186042 255 251 220 1 4000
3.725972 -1.105594 -1.186246 215 194 165 1 4000
3.726612 -1.132672 -1.186450 255 250 219 1 4000
3.727252 -1.159760 -1.186653 255 241 208 1 4000
3.727893 -1.186857 -1.186858 255 238 204 1 4000
3.728534 -1.213964 -1.187062 255 242 208 1 4000
3.729176 -1.241079 -1.187266 255 252 219 1 4000
3.729817 -1.268204 -1.187470 255 255 223 1 4000
3.730459 -1.295339 -1.187674 255 248 214 1 4000
3.731101 -1.322482 -1.187879 255 242 204 1 4000
3.731743 -1.349635 -1.188083 255 240 201 1 4000
3.732385 -1.376797 -1.188288 252 221 185 1 4000
3.733027 -1.403969 -1.188492 255 231 193 1 4000
3.733671 -1.431150 -1.188697 255 236 200 1 4000
3.734313 -1.458341 -1.188902 255 240 206 1 4000
3.734957 -1.485540 -1.189106 255 236 199 1 4000
3.735601 -1.512750 -1.189311 255 239 201 1 4000
3.736244 -1.539968 -1.189516 255 245 210 1 4000
3.736888 -1.567196 -1.189721 255 239 204 1 4000
3.737532 -1.594433 -1.189926 255 240 204 1 4000
3.738177 -1.621680 -1.190131 255 244 208 1 4000
3.738821 -1.648936 -1.190337 255 243 209 1 4000
3.739466 -1.676202 -1.190542 254 230 199 1 4000
3.740111 -1.703477 -1.190747 255 244 215 1 4000
3.740756 -1.730761 -1.190953 255 237 205 1 4000
3.741401 -1.758055 -1.191158 255 241 211 1 4000
3.742048 -1.785358 -1.191364 255 232 200 1 4000
3.742693 -1.812670 -1.191569 255 239 208 1 4000
3.743340 -1.839992 -1.191775 255 239 207 1 4000
3.743986 -1.867324 -1.191981 254 229 196 1 4000
3.744632 -1.894665 -1.192187 254 228 195 1 4000
3.745279 -1.922015 -1.192393 255 234 205 1 4000
3.745926 -1.949375 -1.192599 203 178 148 1 4000
3.746574 -1.976744 -1.192805 254 225 190 1 4000
3.747221 -2.004123 -1.193011 255 236 203 1 4000
3.747869 -2.031511 -1.193217 255 234 202 1 4000
3.748517 -2.058908 -1.193423 255 233 201 1 4000
3.749165 -2.086316 -1.193630 255 235 205 1 4000
3.749814 -2.113732 -1.193836 255 245 215 1 4000
3.750462 -2.141158 -1.194043 255 241 210 1 4000
3.519619 2.028415 -1.145943 90 90 90 10 1031
3.538457 2.013741 -1.152077 87 87 86 10 1031
3.563721 2.002406 -1.160303 39 39 39 10 1031
3.619624 2.007701 -1.178504 58 51 44 1 4000
3.620229 1.981915 -1.178701 53 46 37 1 4000
3.620833 1.956121 -1.178898 105 95 81 1 4000
3.621438 1.930318 -1.179094 196 180 158 1 4000
3.622043 1.904507 -1.179291 212 194 171 1 4000
3.622649 1.878687 -1.179489 212 194 171 1 4000
3.623254 1.852858 -1.179685 212 194 170 1 4000
3.623859 1.827021 -1.179883 212 195 170 1 4000
3.624465 1.801175 -1.180080 207 189 163 1 4000
3.625071 1.775320 -1.180277 217 199 172 1 4000
3.625677 1.749457 -1.180475 223 203 175 1 4000
3.626284 1.723585 -1.180672 217 192 161 1 4000
3.626890 1.697704 -1.180869 182 159 131 1 4000
3.627497 1.671815 -1.181067 224 203 175 1 4000
3.628104 1.645917 -1.181265 255 229 198 1 4000
3.628711 1.620011 -1.181462 255 233 198 1 4000
3.629319 1.594096 -1.181660 255 235 206 1 4000
3.629926 1.568172 -1.181859 253 230 201 1 4000
3.630534 1.542239 -1.182056 249 228 201 1 4000
3.631142 1.516298 -1.182254 249 227 200 1 4000
3.631750 1.490348 -1.182452 252 230 202 1 4000
3.632358 1.464389 -1.182650 246 223 194 1 4000
3.632967 1.438422 -1.182849 246 222 192 1 4000
3.633576 1.412446 -1.183047 164 145 119 1 4000
3.634185 1.386461 -1.183245 243 221 190 1 4000
3.634794 1.360468 -1.183443 245 226 198 1 4000
3.635403 1.334465 -1.183642 249 234 207 1 4000
3.636013 1.308455 -1.183840 253 235 210 1 4000
3.636622 1.282435 -1.184039 253 234 204 1 4000
3.637233 1.256407 -1.184237 248 226 194 1 4000
3.637843 1.230370 -1.184436 249 225 192 1 4000
3.638453 1.204324 -1.184635 255 231 197 1 4000
3.639065 1.178269 -1.184834 250 223 187 1 4000
3.639675 1.152206 -1.185032 250 224 187 1 4000
3.640286 1.126134 -1.185232 227 204 175 1 4000
3.640898 1.100053 -1.185431 255 233 198 1 4000
3.641509 1.073963 -1.185629 255 243 208 1 4000
3.642121 1.047865 -1.185829 255 248 214 1 4000
3.642732 1.021758 -1.186028 255 255 230 1 4000
3.643345 0.995642 -1.186227 255 255 229 1 4000
3.643957 0.969517 -1.186427 255 255 229 1 4000
3.644569 0.943384 -1.186626 255 255 228 1 4000
3.645182 0.917242 -1.186826 255 252 224 1 4000
3.645795 0.891091 -1.187025 255 248 219 1 4000
3.646408 0.864931 -1.187225 255 233 198 1 4000
3.647021 0.838762 -1.187424 255 236 202 1 4000
3.647635 0.812585 -1.187624 255 232 199 1 4000
3.648249 0.786399 -1.187824 255 244 209 1 4000
3.648863 0.760204 -1.188024 255 248 216 1 4000
3.649477 0.734000 -1.188224 255 247 214 1 4000
3.650091 0.707787 -1.188424 255 249 215 1 4000
3.650706 0.681565 -1.188624 255 245 209 1 4000
3.651321 0.655335 -1.188824 255 237 199 1 4000
3.651935 0.629096 -1.189024 255 231 192 1 4000
3.652551 0.602848 -1.189225 255 230 193 1 4000
3.653166 0.576591 -1.189425 218 196 162 1 4000
3.653782 0.550325 -1.189626 255 231 192 1 4000
3.654398 0.524051 -1.189826 255 234 197 1 4000
3.655014 0.497767 -1.190027 255 244 208 1 4000
3.655630 0.471475 -1.190227 255 255 225 1 4000
3.656246 0.445174 -1.190428 255 255 226 1 4000
3.656863 0.418864 -1.190629 255 255 221 1 4000
3.657480 0.392545 -1.190830 255 248 215 1 4000
3.658097 0.366217 -1.191030 255 251 218 1 4000
3.658714 0.339880 -1.191231 255 248 213 1 4000
3.659332 0.313535 -1.191432 255 247 212 1 4000
3.659949 0.287180 -1.191634 253 233 203 1 4000
3.660567 0.260817 -1.191835 255 255 226 1 4000
3.661185 0.234445 -1.192036 255 255 228 1 4000
3.661804 0.208064 -1.192237 255 243 206 1 4000
3.662422 0.181673 -1.192439 255 240 201 1 4000
3.663041 0.155274 -1.192640 255 244 208 1 4000
3.663659 0.128867 -1.192842 255 245 211 1 4000
3.664279 0.102450 -1.193043 255 242 208 1 4000
3.664898 0.076024 -1.193245 255 233 195 1 4000
3.665518 0.049589 -1.193447 255 238 201 1 4000
3.666138 0.023146 -1.193648 253 222 186 1 4000
3.666758 -0.003307 -1.193850 255 249 216 1 4000
3.667378 -0.029769 -1.194052 255 244 210 1 4000
3.667998 -0.056239 -1.194254 255 245 209 1 4000
3.668619 -0.082718 -1.194456 255 245 213 1 4000
3.669240 -0.109207 -1.194658 255 246 214 1 4000
3.669860 -0.135704 -1.194860 255 251 220 1 4000
3.670482 -0.162211 -1.195063 255 255 232 1 4000
3.671103 -0.188726 -1.195265 255 248 217 1 4000
3.671725 -0.215250 -1.195467 255 249 218 1 4000
3.672347 -0.241784 -1.195670 255 231 195 1 4000
3.672969 -0.268326 -1.195872 189 168 138 1 4000
3.673591 -0.294877 -1.196075 255 236 201 1 4000
3.674213 -0.321437 -1.196278 255 237 203 1 4000
3.674836 -0.348007 -1.196480 255 235 202 1 4000
3.675459 -0.374585 -1.196683 255 252 223 1 4000
3.676083 -0.401172 -1.196886 255 242 209 1 4000
3.676706 -0.427769 -1.197089 249 224 191 1 4000
3.677329 -0.454374 -1.197292 249 223 190 1 4000
3.677953 -0.480988 -1.197495 249 223 191 1 4000
3.678577 -0.507612 -1.197698 255 234 203 1 4000
3.679202 -0.534244 -1.197902 255 235 205 1 4000
3.679826 -0.560885 -1.198105 255 232 197 1 4000
3.680450 -0.587536 -1.198308 255 244 211 1 4000
3.681075 -0.614196 -1.198512 255 248 217 1 4000
3.681700 -0.640864 -1.198715 255 255 238 1 4000
3.682325 -0.667542 -1.198919 255 255 233 1 4000
3.682951 -0.694229 -1.199122 255 249 222 1 4000
3.683577 -0.720924 -1.199326 255 253 226 1 4000
3.684203 -0.747629 -1.199530 255 253 222 1 4000
3.684828 -0.774343 -1.199734 255 251 219 1 4000
3.685455 -0.801066 -1.199938 255 246 213 1 4000
3.686082 -0.827798 -1.200142 218 195 164 1 4000
3.686708 -0.854540 -1.200346 255 251 216 1 4000
3.687335 -0.881290 -1.200550 255 248 213 1 4000
3.687962 -0.908049 -1.200754 255 244 207 1 4000
3.688590 -0.934818 -1.200958 255 248 213 1 4000
3.689218 -0.961595 -1.201163 255 252 217 1 4000
3.689845 -0.988382 -1.201367 255 238 198 1 4000
3.690474 -1.015178 -1.201572 255 235 196 1 4000
3.691102 -1.041983 -1.201776 255 232 190 1 4000
3.691730 -1.068797 -1.201981 255 234 196 1 4000
3.692359 -1.095620 -1.202186 247 221 184 1 4000
3.692987 -1.122453 -1.202390 255 229 190 1 4000
3.693617 -1.149294 -1.202595 255 233 195 1 4000
3.694246 -1.176145 -1.202800 255 241 206 1 4000
3.694875 -1.203005 -1.203005 255 255 226 1 4000
3.695505 -1.229874 -1.203210 255 255 225 1 4000
3.696135 -1.256752 -1.203415 255 255 225 1 4000
3.696765 -1.283639 -1.203620 255 248 213 1 4000
3.697396 -1.310536 -1.203825 255 236 202 1 4000
3.698026 -1.337441 -1.204031 255 232 197 1 4000
3.698657 -1.364356 -1.204236 255 238 203 1 4000
3.699288 -1.391280 -1.204442 247 226 196 1 4000
3.699919 -1.418213 -1.204647 255 239 205 1 4000
3.700551 -1.445156 -1.204853 255 236 200 1 4000
3.701183 -1.472107 -1.205058 255 232 195 1 4000
3.701814 -1.499068 -1.205264 255 235 198 1 4000
3.702446 -1.526038 -1.205470 255 232 197 1 4000
3.703079 -1.553017 -1.205676 248 220 185 1 4000
3.703711 -1.580005 -1.205882 242 215 180 1 4000
3.704344 -1.607003 -1.206088 244 219 184 1 4000
3.704977 -1.634010 -1.206294 241 215 182 1 4000
3.705610 -1.661026 -1.206500 189 167 139 1 4000
3.706244 -1.688051 -1.206706 233 212 182 1 4000
3.706877 -1.715086 -1.206913 228 208 182 1 4000
3.707511 -1.742130 -1.207119 222 200 171 1 4000
3.708145 -1.769183 -1.207325 220 198 167 1 4000
3.708780 -1.796245 -1.207532 225 205 178 1 4000
3.709414 -1.823317 -1.207738 220 201 175 1 4000
3.710049 -1.850398 -1.207945 215 194 166 1 4000
3.710684 -1.877488 -1.208152 211 189 160 1 4000
3.711319 -1.904587 -1.208359 206 184 156 1 4000
3.711954 -1.931696 -1.208566 202 181 155 1 4000
3.712590 -1.958814 -1.208772 201 179 151 1 4000
3.713226 -1.985941 -1.208979 207 183 153 1 4000
3.713861 -2.013077 -1.209187 213 188 158 1 4000
3.714498 -2.040223 -1.209394 218 192 162 1 4000
3.715134 -2.067379 -1.209601 223 198 170 1 4000
3.715771 -2.094543 -1.209808 231 208 179 1 4000
3.716408 -2.121716 -1.210016 236 212 183 1 4000
3.536557 2.038177 -1.176975 45 43 41 10 1031
3.586708 2.041201 -1.193666 57 51 43 1 4000
3.587301 2.015655 -1.193863 59 52 44 1 4000
3.587895 1.990101 -1.194061 155 139 120 1 4000
3.588489 1.964539 -1.194258 187 173 153 1 4000
3.589083 1.938968 -1.194456 212 196 173 1 4000
3.589677 1.913388 -1.194654 212 194 171 1 4000
3.590271 1.887801 -1.194852 208 189 164 1 4000
3.590866 1.862204 -1.195049 209 190 165 1 4000
3.591461 1.836600 -1.195247 210 192 165 1 4000
3.592056 1.810987 -1.195446 211 193 168 1 4000
3.592651 1.785365 -1.195644 219 198 170 1 4000
3.593246 1.759734 -1.195842 227 206 179 1 4000
3.593842 1.734096 -1.196040 224 204 176 1 4000
3.594438 1.708448 -1.196238 225 202 173 1 4000
3.595034 1.682793 -1.196436 218 198 172 1 4000
3.595630 1.657128 -1.196635 228 206 177 1 4000
3.596226 1.631456 -1.196833 255 233 201 1 4000
3.596823 1.605774 -1.197032 255 239 207 1 4000
3.597419 1.580085 -1.197231 255 233 203 1 4000
3.598017 1.554386 -1.197430 248 225 195 1 4000
3.598614 1.528679 -1.197628 246 222 193 1 4000
3.599211 1.502964 -1.197827 250 225 195 1 4000
3.599808 1.477240 -1.198026 243 216 184 1 4000
3.600406 1.451508 -1.198225 237 211 180 1 4000
3.601004 1.425767 -1.198424 239 214 184 1 4000
3.601602 1.400017 -1.198623 232 209 175 1 4000
3.602201 1.374259 -1.198822 243 224 195 1 4000
3.602799 1.348492 -1.199021 244 224 195 1 4000
3.603398 1.322717 -1.199221 247 228 199 1 4000
3.603997 1.296933 -1.199420 248 228 198 1 4000
3.604596 1.271141 -1.199619 255 237 206 1 4000
3.605196 1.245340 -1.199819 255 236 204 1 4000
3.605794 1.219530 -1.200018 255 232 197 1 4000
3.606394 1.193712 -1.200218 255 230 196 1 4000
3.606995 1.167886 -1.200418 251 223 187 1 4000
3.607594 1.142050 -1.200617 237 211 174 1 4000
3.608195 1.116206 -1.200817 255 228 194 1 4000
3.608795 1.090354 -1.201017 255 237 204 1 4000
3.609396 1.064493 -1.201217 255 244 209 1 4000
3.609997 1.038623 -1.201417 255 255 225 1 4000
3.610599 1.012745 -1.201617 255 254 223 1 4000
3.611200 0.986858 -1.201817 255 255 227 1 4000
3.611801 0.960962 -1.202017 255 255 228 1 4000
3.612403 0.935058 -1.202217 255 253 226 1 4000
3.613005 0.909145 -1.202418 255 238 205 1 4000
3.613607 0.883223 -1.202618 255 239 204 1 4000
3.614209 0.857293 -1.202819 214 194 166 1 4000
3.614812 0.831354 -1.203019 255 239 206 1 4000
3.615415 0.805407 -1.203220 255 242 208 1 4000
3.616017 0.779451 -1.203420 255 251 218 1 4000
3.616621 0.753486 -1.203621 255 248 215 1 4000
3.617224 0.727513 -1.203822 255 248 214 1 4000
3.617828 0.701531 -1.204023 255 249 219 1 4000
3.618432 0.675540 -1.204224 255 248 216 1 4000
3.619035 0.649540 -1.204425 255 243 211 1 4000
3.619640 0.623532 -1.204626 255 241 208 1 4000
3.620244 0.597516 -1.204827 255 249 220 1 4000
3.620848 0.571490 -1.205028 189 167 138 1 4000
3.621453 0.545456 -1.205229 255 235 198 1 4000
3.622058 0.519413 -1.205431 255 243 205 1 4000
3.622663 0.493362 -1.205632 255 250 215 1 4000
3.623269 0.467301 -1.205833 255 255 229 1 4000
3.623874 0.441232 -1.206035 255 248 215 1 4000
3.624480 0.415155 -1.206237 255 252 220 1 4000
3.625086 0.389068 -1.206438 255 248 215 1 4000
3.625692 0.362973 -1.206640 255 252 220 1 4000
3.626298 0.336869 -1.206842 255 253 221 1 4000
3.626905 0.310757 -1.207044 255 247 210 1 4000
3.627512 0.284635 -1.207246 255 239 205 1 4000
3.628119 0.258505 -1.207448 255 255 225 1 4000
3.628726 0.232366 -1.207650 255 255 231 1 4000
3.629333 0.206219 -1.207852 255 255 222 1 4000
3.629941 0.180062 -1.208054 255 255 223 1 4000
3.630549 0.153897 -1.208256 255 255 223 1 4000
3.631157 0.127723 -1.208459 255 250 216 1 4000
3.631765 0.101541 -1.208661 255 248 214 1 4000
3.632373 0.075349 -1.208863 255 244 212 1 4000
3.632982 0.049149 -1.209066 255 231 193 1 4000
3.633591 0.022940 -1.209269 255 223 185 1 4000
3.634200 -0.003278 -1.209471 255 245 212 1 4000
3.634809 -0.029504 -1.209674 255 242 210 1 4000
3.635418 -0.055740 -1.209877 255 244 207 1 4000
3.636028 -0.081984 -1.210080 255 252 220 1 4000
3.636638 -0.108237 -1.210283 255 255 224 1 4000
3.637248 -0.134498 -1.210486 255 255 224 1 4000
3.637858 -0.160769 -1.210689 255 254 223 1 4000
3.638469 -0.187048 -1.210892 255 255 226 1 4000
3.639079 -0.213336 -1.211095 255 251 218 1 4000
3.639690 -0.239633 -1.211299 255 249 215 1 4000
3.640301 -0.265939 -1.211502 204 180 150 1 4000
3.640913 -0.292254 -1.211705 255 243 208 1 4000
3.641524 -0.318578 -1.211909 255 249 216 1 4000
3.642136 -0.344910 -1.212112 255 255 226 1 4000
3.642748 -0.371251 -1.212316 255 255 230 1 4000
3.643360 -0.397601 -1.212520 255 254 222 1 4000
3.643972 -0.423960 -1.212724 255 243 209 1 4000
3.644584 -0.450328 -1.212927 254 229 195 1 4000
3.645197 -0.476705 -1.213131 255 230 196 1 4000
3.645810 -0.503090 -1.213335 255 228 192 1 4000
3.646424 -0.529485 -1.213539 252 226 190 1 4000
3.647036 -0.555888 -1.213743 246 222 190 1 4000
3.647650 -0.582300 -1.213948 255 238 202 1 4000
3.648264 -0.608721 -1.214152 255 246 212 1 4000
3.648878 -0.635151 -1.214356 255 255 220 1 4000
3.649492 -0.661590 -1.214561 255 255 234 1 4000
3.650106 -0.688037 -1.214765 255 255 229 1 4000
3.650721 -0.714494 -1.214970 255 255 232 1 4000
3.651336 -0.740960 -1.215174 255 255 234 1 4000
3.651951 -0.767434 -1.215379 255 255 229 1 4000
3.652566 -0.793918 -1.215584 255 249 216 1 4000
3.653181 -0.820410 -1.215788 224 201 168 1 4000
3.653797 -0.846911 -1.215993 255 243 209 1 4000
3.654413 -0.873421 -1.216198 255 241 208 1 4000
3.655029 -0.899940 -1.216403 255 248 213 1 4000
3.655645 -0.926468 -1.216608 255 252 218 1 4000
3.656262 -0.953005 -1.216814 255 254 219 1 4000
3.656878 -0.979551 -1.217019 255 251 217 1 4000
3.657495 -1.006106 -1.217224 255 245 207 1 4000
3.658112 -1.032670 -1.217429 255 235 195 1 4000
3.658730 -1.059243 -1.217635 255 233 197 1 4000
3.659347 -1.085825 -1.217840 255 234 195 1 4000
3.659965 -1.112416 -1.218046 234 203 168 1 4000
3.660582 -1.139015 -1.218251 255 234 198 1 4000
3.661200 -1.165624 -1.218457 255 238 202 1 4000
3.661819 -1.192242 -1.218663 255 252 217 1 4000
3.662437 -1.218868 -1.218869 255 255 227 1 4000
3.663056 -1.245504 -1.219075 255 255 225 1 4000
3.663675 -1.272149 -1.219281 255 255 222 1 4000
3.664294 -1.298803 -1.219487 255 249 217 1 4000
3.664914 -1.325465 -1.219693 255 251 217 1 4000
3.665533 -1.352137 -1.219899 255 246 212 1 4000
3.666153 -1.378818 -1.220105 242 213 179 1 4000
3.666773 -1.405508 -1.220312 255 251 219 1 4000
3.667393 -1.432207 -1.220518 255 255 229 1 4000
3.668014 -1.458914 -1.220725 255 254 222 1 4000
3.668634 -1.485631 -1.220931 255 239 202 1 4000
3.669255 -1.512357 -1.221138 255 242 206 1 4000
3.669876 -1.539092 -1.221344 255 246 213 1 4000
3.670497 -1.565836 -1.221551 255 243 208 1 4000
3.671118 -1.592589 -1.221758 255 232 194 1 4000
3.671740 -1.619351 -1.221965 255 232 195 1 4000
3.672362 -1.646123 -1.222172 255 236 201 1 4000
3.672984 -1.672903 -1.222379 255 232 201 1 4000
3.673607 -1.699692 -1.222586 255 245 214 1 4000
3.674229 -1.726491 -1.222793 255 238 204 1 4000
3.674852 -1.753298 -1.223000 255 243 211 1 4000
3.675475 -1.780115 -1.223208 255 242 211 1 4000
3.676098 -1.806940 -1.223415 255 240 209 1 4000
3.676721 -1.833775 -1.223622 255 253 223 1 4000
3.677345 -1.860619 -1.223830 255 243 212 1 4000
3.677969 -1.887472 -1.224038 255 238 207 1 4000
3.678592 -1.914334 -1.224245 255 229 195 1 4000
3.679217 -1.941206 -1.224453 214 188 156 1 4000
3.679841 -1.968086 -1.224661 254 228 194 1 4000
3.680466 -1.994975 -1.224869 252 227 192 1 4000
3.681090 -2.021874 -1.225077 250 224 191 1 4000
3.681716 -2.048782 -1.225285 255 240 209 1 4000
3.682341 -2.075699 -1.225493 255 236 206 1 4000
3.682967 -2.102625 -1.225701 249 225 195 1 4000
3.554967 2.048787 -1.208752 62 55 46 1 4000
3.555550 2.023468 -1.208950 124 109 91 1 4000
3.556134 1.998142 -1.209149 196 172 146 1 4000
3.556717 1.972808 -1.209347 163 147 127 1 4000
3.557300 1.947464 -1.209545 215 200 179 1 4000
3.557884 1.922113 -1.209744 210 191 168 1 4000
3.558468 1.896753 -1.209942 206 187 160 1 4000
3.559052 1.871385 -1.210141 204 182 154 1 4000
3.559636 1.846009 -1.210340 208 189 162 1 4000
3.560221 1.820624 -1.210538 207 187 158 1 4000
3.560806 1.795231 -1.210737 212 187 157 1 4000
3.561390 1.769830 -1.210936 219 191 159 1 4000
3.561976 1.744420 -1.211135 219 194 163 1 4000
3.562561 1.719002 -1.211334 218 193 163 1 4000
3.563146 1.693576 -1.211533 178 159 134 1 4000
3.563731 1.668141 -1.211732 233 214 189 1 4000
3.564318 1.642698 -1.211931 233 212 184 1 4000
3.564904 1.617246 -1.212131 253 226 191 1 4000
3.565490 1.591786 -1.212330 252 226 194 1 4000
3.566076 1.566318 -1.212530 253 231 202 1 4000
3.566663 1.540841 -1.212729 251 228 199 1 4000
3.567250 1.515356 -1.212929 251 226 197 1 4000
3.567837 1.489863 -1.213128 253 227 196 1 4000
3.568424 1.464361 -1.213328 246 222 192 1 4000
3.569011 1.438851 -1.213528 248 224 193 1 4000
3.569599 1.413332 -1.213727 192 172 144 1 4000
3.570186 1.387805 -1.213927 244 222 190 1 4000
3.570775 1.362270 -1.214127 242 219 186 1 4000
3.571362 1.336726 -1.214327 249 228 197 1 4000
3.571951 1.311174 -1.214527 250 229 198 1 4000
3.572539 1.285613 -1.214727 255 233 202 1 4000
3.573128 1.260044 -1.214928 255 244 212 1 4000
3.573717 1.234466 -1.215128 255 240 206 1 4000
3.574306 1.208880 -1.215328 255 241 209 1 4000
3.574896 1.183286 -1.215529 255 231 196 1 4000
3.575485 1.157683 -1.215729 255 233 200 1 4000
3.576075 1.132072 -1.215929 210 188 159 1 4000
3.576664 1.106452 -1.216130 255 234 201 1 4000
3.577255 1.080824 -1.216331 255 232 200 1 4000
3.577845 1.055187 -1.216532 255 239 204 1 4000
3.578435 1.029542 -1.216732 255 249 217 1 4000
3.579026 1.003889 -1.216933 255 255 229 1 4000
3.579617 0.978227 -1.217134 255 255 229 1 4000
3.580208 0.952556 -1.217335 255 255 231 1 4000
3.580799 0.926877 -1.217536 255 254 226 1 4000
3.581390 0.901190 -1.217737 255 248 217 1 4000
3.581983 0.875494 -1.217938 255 255 226 1 4000
3.582574 0.849789 -1.218139 220 199 172 1 4000
3.583166 0.824076 -1.218341 255 239 208 1 4000
3.583759 0.798355 -1.218542 255 248 218 1 4000
3.584351 0.772625 -1.218743 255 245 213 1 4000
3.584944 0.746887 -1.218945 255 250 219 1 4000
3.585536 0.721140 -1.219147 255 255 226 1 4000
3.586129 0.695384 -1.219348 255 249 217 1 4000
3.586723 0.669620 -1.219550 255 246 213 1 4000
3.587316 0.643848 -1.219752 255 244 210 1 4000
3.587910 0.618067 -1.219954 255 246 215 1 4000
3.588503 0.592277 -1.220155 255 250 219 1 4000
3.589097 0.566479 -1.220357 244 219 186 1 4000
3.589691 0.540672 -1.220559 255 249 214 1 4000
3.590286 0.514857 -1.220762 255 241 206 1 4000
3.590881 0.489033 -1.220964 255 241 205 1 4000
3.591475 0.463201 -1.221166 255 252 221 1 4000
3.592070 0.437360 -1.221368 255 245 211 1 4000
3.592665 0.411510 -1.221571 255 255 229 1 4000
3.593261 0.385652 -1.221773 255 255 228 1 4000
3.593856 0.359786 -1.221976 255 248 214 1 4000
3.594452 0.333911 -1.222178 255 253 220 1 4000
3.595048 0.308027 -1.222381 255 253 219 1 4000
3.595644 0.282135 -1.222583 255 255 229 1 4000
3.596241 0.256234 -1.222786 255 255 228 1 4000
3.596837 0.230324 -1.222989 255 255 228 1 4000
3.597434 0.204406 -1.223192 255 254 222 1 4000
3.598031 0.178479 -1.223395 255 254 222 1 4000
3.598628 0.152544 -1.223598 255 255 222 1 4000
3.599226 0.126600 -1.223801 255 255 221 1 4000
3.599823 0.100648 -1.224004 255 250 212 1 4000
3.600421 0.074686 -1.224208 255 252 220 1 4000
3.601019 0.048717 -1.224411 255 251 219 1 4000
3.601617 0.022738 -1.224614 255 226 190 1 4000
3.602215 -0.003249 -1.224818 255 241 208 1 4000
3.602813 -0.029244 -1.225021 255 247 213 1 4000
3.603413 -0.055249 -1.225225 255 247 213 1 4000
3.604012 -0.081262 -1.225429 255 255 228 1 4000
3.604611 -0.107283 -1.225632 255 255 222 1 4000
3.605210 -0.133314 -1.225836 255 252 219 1 4000
3.605810 -0.159353 -1.226040 255 248 215 1 4000
3.606409 -0.185400 -1.226244 255 252 219 1 4000
3.607009 -0.211456 -1.226448 255 235 199 1 4000
3.607609 -0.237521 -1.226652 255 234 198 1 4000
3.608210 -0.263595 -1.226856 210 184 152 1 4000
3.608810 -0.289677 -1.227060 255 245 213 1 4000
3.609411 -0.315768 -1.227264 255 247 213 1 4000
3.610012 -0.341868 -1.227469 255 252 221 1 4000
3.610613 -0.367976 -1.227673 255 250 218 1 4000
3.611214 -0.394093 -1.227877 255 251 219 1 4000
3.611816 -0.420219 -1.228082 255 245 209 1 4000
3.612417 -0.446353 -1.228287 255 239 202 1 4000
3.613019 -0.472496 -1.228491 255 239 203 1 4000
3.613622 -0.498648 -1.228696 255 231 195 1 4000
3.614224 -0.524809 -1.228901 255 226 187 1 4000
3.614827 -0.550978 -1.229106 230 205 173 1 4000
3.615430 -0.577156 -1.229311 255 236 202 1 4000
3.616032 -0.603343 -1.229516 255 248 213 1 4000
3.616635 -0.629539 -1.229721 255 255 222 1 4000
3.617239 -0.655743 -1.229926 255 255 232 1 4000
3.617842 -0.681956 -1.230131 255 255 234 1 4000
3.618446 -0.708178 -1.230336 255 255 239 1 4000
3.619050 -0.734408 -1.230542 255 255 232 1 4000
3.619654 -0.760647 -1.230747 255 248 215 1 4000
3.620259 -0.786895 -1.230953 255 244 211 1 4000
3.620863 -0.813152 -1.231158 255 244 211 1 4000
3.621468 -0.839418 -1.231364 255 246 212 1 4000
3.622073 -0.865692 -1.231570 255 246 213 1 4000
3.622678 -0.891975 -1.231775 255 251 218 1 4000
3.623284 -0.918267 -1.231981 255 255 223 1 4000
3.623889 -0.944568 -1.232187 255 253 218 1 4000
3.624495 -0.970877 -1.232393 255 253 221 1 4000
3.625101 -0.997195 -1.232599 255 252 220 1 4000
3.625707 -1.023522 -1.232805 255 244 209 1 4000
3.626313 -1.049858 -1.233011 255 242 208 1 4000
3.626920 -1.076203 -1.233218 255 250 220 1 4000
3.627527 -1.102556 -1.233424 212 191 163 1 4000
3.628134 -1.128919 -1.233630 255 234 196 1 4000
3.628741 -1.155290 -1.233837 255 241 203 1 4000
3.629349 -1.181670 -1.234043 255 249 214 1 4000
3.629956 -1.208059 -1.234250 255 255 227 1 4000
3.630564 -1.234456 -1.234457 255 254 221 1 4000
3.631172 -1.260863 -1.234663 255 253 221 1 4000
3.631780 -1.287278 -1.234870 255 249 216 1 4000
3.632388 -1.313702 -1.235077 255 254 223 1 4000
3.632997 -1.340135 -1.235284 255 255 223 1 4000
3.633605 -1.366577 -1.235491 255 244 207 1 4000
3.634215 -1.393028 -1.235698 254 231 198 1 4000
3.634824 -1.419488 -1.235905 255 255 225 1 4000
3.635433 -1.445956 -1.236112 255 255 231 1 4000
3.636043 -1.472433 -1.236320 255 255 223 1 4000
3.636653 -1.498919 -1.236527 255 254 222 1 4000
3.637263 -1.525415 -1.236734 255 254 221 1 4000
3.637874 -1.551919 -1.236942 255 247 214 1 4000
3.638484 -1.578432 -1.237149 255 245 213 1 4000
3.639094 -1.604954 -1.237357 255 240 210 1 4000
3.639705 -1.631484 -1.237565 255 226 189 1 4000
3.640316 -1.658024 -1.237772 235 206 171 1 4000
3.640928 -1.684572 -1.237980 255 242 210 1 4000
3.641539 -1.711130 -1.238188 255 237 205 1 4000
3.642151 -1.737696 -1.238396 255 240 203 1 4000
3.642762 -1.764271 -1.238604 255 247 217 1 4000
3.643375 -1.790856 -1.238812 255 250 218 1 4000
3.643987 -1.817449 -1.239021 255 249 220 1 4000
3.644599 -1.844051 -1.239229 255 250 221 1 4000
3.645213 -1.870662 -1.239437 255 251 221 1 4000
3.645825 -1.897282 -1.239646 255 245 216 1 4000
3.646438 -1.923911 -1.239854 255 239 206 1 4000
3.647052 -1.950549 -1.240063 231 208 175 1 4000
3.647665 -1.977196 -1.240271 255 232 199 1 4000
3.648279 -2.003852 -1.240480 255 241 210 1 4000
3.648893 -2.030517 -1.240689 255 245 216 1 4000
3.649507 -2.057190 -1.240898 255 248 217 1 4000
3.650121 -2.083873 -1.241107 255 242 211 1 4000
3.524356 2.031145 -1.223773 191 164 134 1 4000
3.524929 2.006042 -1.223972 197 171 140 1 4000
3.525502 1.980931 -1.224171 185 161 134 1 4000
3.526076 1.955812 -1.224370 210 193 169 1 4000
3.526649 1.930685 -1.224569 210 191 166 1 4000
3.527223 1.905548 -1.224768 204 183 154 1 4000
3.527797 1.880405 -1.224967 205 184 157 1 4000
3.528371 1.855253 -1.225167 208 188 161 1 4000
3.528945 1.830092 -1.225366 203 179 150 1 4000
3.529520 1.804924 -1.225566 206 181 150 1 4000
3.530094 1.779748 -1.225765 219 192 160 1 4000
3.530669 1.754563 -1.225965 216 189 157 1 4000
3.531244 1.729370 -1.226165 216 190 160 1 4000
3.531819 1.704169 -1.226364 218 192 162 1 4000
3.532395 1.678959 -1.226564 223 203 176 1 4000
3.532970 1.653742 -1.226764 227 205 178 1 4000
3.533546 1.628516 -1.226964 223 196 163 1 4000
3.534122 1.603282 -1.227164 244 216 182 1 4000
3.534698 1.578040 -1.227365 238 210 178 1 4000
3.535275 1.552789 -1.227565 246 221 190 1 4000
3.535851 1.527530 -1.227765 251 227 198 1 4000
3.536428 1.502263 -1.227965 251 229 198 1 4000
3.537004 1.476988 -1.228165 248 224 193 1 4000
3.537581 1.451704 -1.228366 246 221 190 1 4000
3.538159 1.426413 -1.228566 244 217 181 1 4000
3.538736 1.401113 -1.228767 237 214 179 1 4000
3.539314 1.375804 -1.228967 246 223 190 1 4000
3.539892 1.350488 -1.229168 248 226 193 1 4000
3.540470 1.325163 -1.229368 255 237 208 1 4000
3.541048 1.299830 -1.229569 255 238 209 1 4000
3.541626 1.274489 -1.229770 255 242 211 1 4000
3.542205 1.249139 -1.229971 255 242 210 1 4000
3.542783 1.223781 -1.230172 255 246 216 1 4000
3.543363 1.198415 -1.230373 255 238 203 1 4000
3.543942 1.173040 -1.230574 255 231 197 1 4000
3.544521 1.147658 -1.230775 247 219 183 1 4000
3.545100 1.122267 -1.230976 244 216 185 1 4000
3.545681 1.096867 -1.231178 252 223 191 1 4000
3.546260 1.071460 -1.231379 255 229 196 1 4000
3.546840 1.046043 -1.231580 255 230 197 1 4000
3.547421 1.020619 -1.231782 255 243 212 1 4000
3.548001 0.995187 -1.231984 255 251 222 1 4000
3.548582 0.969746 -1.232185 255 255 226 1 4000
3.549163 0.944296 -1.232387 255 255 230 1 4000
3.549744 0.918839 -1.232589 255 255 229 1 4000
3.550325 0.893373 -1.232791 255 255 226 1 4000
3.550906 0.867898 -1.232992 255 247 214 1 4000
3.551488 0.842416 -1.233194 255 236 203 1 4000
3.552070 0.816925 -1.233396 255 247 217 1 4000
3.552652 0.791425 -1.233598 255 246 216 1 4000
3.553234 0.765918 -1.233801 255 252 223 1 4000
3.553816 0.740402 -1.234003 255 252 223 1 4000
3.554399 0.714877 -1.234205 255 255 226 1 4000
3.554981 0.689344 -1.234407 255 254 223 1 4000
3.555565 0.663803 -1.234610 255 252 221 1 4000
3.556148 0.638254 -1.234812 255 242 208 1 4000
3.556731 0.612696 -1.235015 255 236 202 1 4000
3.557314 0.587129 -1.235217 255 243 211 1 4000
3.557899 0.561555 -1.235420 255 236 201 1 4000
3.558482 0.535971 -1.235623 255 238 202 1 4000
3.559066 0.510380 -1.235826 255 235 198 1 4000
3.559651 0.484780 -1.236029 255 240 204 1 4000
3.560235 0.459172 -1.236232 255 250 219 1 4000
3.560820 0.433555 -1.236435 255 252 222 1 4000
3.561405 0.407930 -1.236638 255 252 222 1 4000
3.561990 0.382296 -1.236841 255 255 226 1 4000
3.562575 0.356654 -1.237044 255 247 211 1 4000
3.563160 0.331004 -1.237247 255 239 202 1 4000
3.563746 0.305345 -1.237451 255 242 208 1 4000
3.564332 0.279678 -1.237654 255 255 240 1 4000
3.564918 0.254002 -1.237858 255 255 231 1 4000
3.565504 0.228318 -1.238061 255 254 222 1 4000
3.566091 0.202625 -1.238265 255 247 213 1 4000
3.566677 0.176924 -1.238468 255 243 207 1 4000
3.567264 0.151215 -1.238672 255 250 214 1 4000
3.567851 0.125497 -1.238876 255 242 204 1 4000
3.568439 0.099770 -1.239080 255 232 194 1 4000
3.569026 0.074035 -1.239284 255 236 200 1 4000
3.569613 0.048292 -1.239488 255 231 197 1 4000
3.570201 0.022540 -1.239692 246 217 182 1 4000
3.570789 -0.003220 -1.239896 255 255 228 1 4000
3.571377 -0.028989 -1.240100 255 252 221 1 4000
3.571965 -0.054767 -1.240305 255 245 209 1 4000
3.572554 -0.080552 -1.240509 255 250 213 1 4000
3.573143 -0.106347 -1.240713 255 255 225 1 4000
3.573731 -0.132150 -1.240918 255 255 224 1 4000
3.574321 -0.157961 -1.241122 255 254 221 1 4000
3.574910 -0.183781 -1.241327 255 255 221 1 4000
3.575500 -0.209609 -1.241532 255 249 215 1 4000
3.576089 -0.235446 -1.241737 255 249 214 1 4000
3.576679 -0.261291 -1.241941 226 201 170 1 4000
3.577269 -0.287145 -1.242146 255 246 212 1 4000
3.577859 -0.313008 -1.242351 255 241 205 1 4000
3.578449 -0.338879 -1.242556 255 249 215 1 4000
3.579041 -0.364758 -1.242761 255 249 215 1 4000
3.579631 -0.390646 -1.242967 255 246 212 1 4000
3.580223 -0.416543 -1.243172 255 252 219 1 4000
3.580814 -0.442448 -1.243377 255 246 210 1 4000
3.581405 -0.468362 -1.243582 255 247 212 1 4000
3.581997 -0.494284 -1.243788 255 239 201 1 4000
3.582589 -0.520215 -1.243993 255 243 209 1 4000
3.583181 -0.546155 -1.244199 206 184 156 1 4000
3.583773 -0.572103 -1.244405 255 241 207 1 4000
3.584365 -0.598059 -1.244610 255 241 208 1 4000
3.584958 -0.624025 -1.244816 255 249 214 1 4000
3.585551 -0.649998 -1.245022 255 255 228 1 4000
3.586144 -0.675981 -1.245228 255 255 237 1 4000
3.586737 -0.701972 -1.245434 255 255 236 1 4000
3.587331 -0.727971 -1.245640 255 255 238 1 4000
3.587924 -0.753979 -1.245846 255 255 229 1 4000
3.588518 -0.779996 -1.246052 255 254 221 1 4000
3.589112 -0.806021 -1.246258 255 255 233 1 4000
3.589706 -0.832056 -1.246465 252 227 197 1 4000
3.590301 -0.858098 -1.246671 255 242 210 1 4000
3.590895 -0.884149 -1.246878 255 255 223 1 4000
3.591490 -0.910209 -1.247084 255 251 218 1 4000
3.592085 -0.936278 -1.247291 255 254 224 1 4000
3.592680 -0.962355 -1.247497 255 255 231 1 4000
3.593276 -0.988441 -1.247704 255 250 216 1 4000
3.593872 -1.014535 -1.247911 255 250 216 1 4000
3.594467 -1.040638 -1.248118 255 248 214 1 4000
3.595063 -1.066750 -1.248325 255 250 219 1 4000
3.595659 -1.092870 -1.248532 255 247 216 1 4000
3.596255 -1.118999 -1.248739 255 242 205 1 4000
3.596852 -1.145137 -1.248946 255 250 215 1 4000
1.878890 -0.611743 -0.652413 110 110 109 8 1029
3.598046 -1.197439 -1.249361 255 249 214 1 4000
3.598643 -1.223603 -1.249568 255 254 224 1 4000
3.599240 -1.249775 -1.249775 255 247 213 1 4000
3.599838 -1.275956 -1.249983 255 255 226 1 4000
3.600435 -1.302146 -1.250190 255 254 223 1 4000
3.601033 -1.328345 -1.250398 255 247 212 1 4000
3.601632 -1.354552 -1.250606 255 255 222 1 4000
3.602230 -1.380768 -1.250813 213 189 159 1 4000
3.602829 -1.406993 -1.251021 255 255 234 1 4000
3.603427 -1.433226 -1.251229 255 255 227 1 4000
3.604027 -1.459468 -1.251437 255 255 225 1 4000
3.604625 -1.485719 -1.251645 255 254 225 1 4000
3.605225 -1.511978 -1.251853 255 255 229 1 4000
3.605824 -1.538247 -1.252062 255 255 223 1 4000
3.606424 -1.564524 -1.252270 255 249 216 1 4000
3.607024 -1.590810 -1.252478 255 247 214 1 4000
3.607624 -1.617104 -1.252687 255 245 212 1 4000
3.608225 -1.643407 -1.252895 255 242 211 1 4000
3.608825 -1.669719 -1.253103 227 205 177 1 4000
3.609426 -1.696040 -1.253312 255 239 205 1 4000
3.610026 -1.722370 -1.253521 255 242 208 1 4000
3.610628 -1.748708 -1.253729 255 247 214 1 4000
3.611229 -1.775055 -1.253938 255 254 221 1 4000
3.611830 -1.801411 -1.254147 255 246 213 1 4000
3.612432 -1.827776 -1.254356 255 244 212 1 4000
3.613034 -1.854149 -1.254565 255 244 212 1 4000
3.613637 -1.880531 -1.254774 255 232 198 1 4000
3.614239 -1.906923 -1.254984 255 229 195 1 4000
3.614841 -1.933322 -1.255193 254 226 192 1 4000
3.615444 -1.959731 -1.255402 254 229 194 1 4000
3.616047 -1.986148 -1.255611 255 241 210 1 4000
3.616650 -2.012574 -1.255821 255 243 211 1 4000
3.617254 -2.039010 -1.256030 255 243 213 1 4000
3.617857 -2.065454 -1.256240 255 242 211 1 4000
3.494268 2.013805 -1.238537 193 166 136 1 4000
3.494831 1.988913 -1.238737 198 173 144 1 4000
3.495395 1.964014 -1.238937 185 167 139 1 4000
3.495958 1.939106 -1.239136 204 185 158 1 4000
3.496522 1.914191 -1.239336 203 182 153 1 4000
3.497086 1.889267 -1.239536 203 181 149 1 4000
3.497650 1.864336 -1.239736 205 185 154 1 4000
3.498214 1.839396 -1.239936 205 182 152 1 4000
3.498779 1.814448 -1.240136 211 186 156 1 4000
3.499343 1.789493 -1.240336 216 190 158 1 4000
3.499908 1.764529 -1.240536 218 192 159 1 4000
3.500474 1.739557 -1.240737 218 193 161 1 4000
3.501039 1.714577 -1.240937 223 199 170 1 4000
3.501604 1.689589 -1.241138 196 177 150 1 4000
3.502170 1.664593 -1.241338 226 204 175 1 4000
3.502735 1.639589 -1.241539 223 200 169 1 4000
3.503301 1.614577 -1.241740 218 194 163 1 4000
3.503867 1.589556 -1.241940 240 213 181 1 4000
3.504434 1.564528 -1.242141 238 212 180 1 4000
3.505000 1.539492 -1.242342 240 212 180 1 4000
3.505567 1.514447 -1.242543 244 217 185 1 4000
3.506134 1.489394 -1.242743 254 229 198 1 4000
3.506701 1.464334 -1.242944 245 218 184 1 4000
3.507268 1.439265 -1.243146 243 217 186 1 4000
3.507835 1.414188 -1.243347 190 167 137 1 4000
3.508403 1.389103 -1.243548 247 225 194 1 4000
3.508970 1.364009 -1.243749 255 247 218 1 4000
3.509539 1.338908 -1.243950 255 251 224 1 4000
3.510107 1.313799 -1.244152 255 251 225 1 4000
3.510675 1.288681 -1.244353 255 244 217 1 4000
3.511244 1.263555 -1.244555 255 240 210 1 4000
3.511812 1.238421 -1.244756 255 243 213 1 4000
3.512381 1.213279 -1.244958 255 237 204 1 4000
3.512950 1.188129 -1.245160 253 228 194 1 4000
3.513520 1.162971 -1.245361 254 228 191 1 4000
3.514089 1.137804 -1.245563 211 186 154 1 4000
3.514659 1.112630 -1.245765 253 222 189 1 4000
3.515229 1.087447 -1.245967 250 221 187 1 4000
3.515799 1.062256 -1.246169 251 223 190 1 4000
3.516369 1.037057 -1.246371 253 228 197 1 4000
3.516939 1.011849 -1.246573 255 236 206 1 4000
3.517509 0.986634 -1.246775 255 246 216 1 4000
3.518080 0.961410 -1.246978 255 255 226 1 4000
3.518651 0.936178 -1.247180 255 255 230 1 4000
3.519222 0.910938 -1.247383 255 249 215 1 4000
3.519794 0.885690 -1.247585 255 244 208 1 4000
3.520365 0.860433 -1.247788 240 217 184 1 4000
3.520936 0.835169 -1.247990 255 238 204 1 4000
3.521508 0.809896 -1.248193 255 244 212 1 4000
3.522080 0.784615 -1.248396 255 250 220 1 4000
3.522653 0.759326 -1.248599 255 251 221 1 4000
3.523225 0.734028 -1.248801 255 253 224 1 4000
3.523798 0.708722 -1.249004 255 250 221 1 4000
3.524370 0.683408 -1.249207 255 254 224 1 4000
3.524943 0.658086 -1.249410 255 251 219 1 4000
3.525517 0.632756 -1.249614 255 241 208 1 4000
3.526090 0.607417 -1.249817 255 246 217 1 4000
3.526664 0.582070 -1.250020 251 227 192 1 4000
3.527237 0.556715 -1.250223 255 228 191 1 4000
3.527811 0.531352 -1.250427 255 235 197 1 4000
3.528385 0.505980 -1.250630 255 237 204 1 4000
3.528959 0.480600 -1.250834 255 237 204 1 4000
3.529534 0.455212 -1.251037 255 241 210 1 4000
3.530108 0.429816 -1.251241 255 246 213 1 4000
3.530683 0.404411 -1.251445 255 252 222 1 4000
3.531258 0.378998 -1.251649 255 240 205 1 4000
3.531833 0.353577 -1.251853 255 229 189 1 4000
3.532409 0.328147 -1.252056 255 233 192 1 4000
3.532984 0.302709 -1.252260 255 224 188 1 4000
3.533561 0.277263 -1.252465 255 255 231 1 4000
3.534136 0.251809 -1.252669 255 255 225 1 4000
3.534712 0.226346 -1.252873 255 246 208 1 4000
3.535289 0.200875 -1.253077 255 248 215 1 4000
3.535865 0.175396 -1.253282 255 250 216 1 4000
3.536442 0.149908 -1.253486 255 238 200 1 4000
3.537019 0.124412 -1.253690 255 234 196 1 4000
3.537596 0.098908 -1.253895 255 233 194 1 4000
3.538173 0.073395 -1.254100 255 228 190 1 4000
3.538751 0.047874 -1.254304 255 231 195 1 4000
3.539328 0.022345 -1.254509 251 222 187 1 4000
3.539906 -0.003193 -1.254714 255 243 212 1 4000
3.540484 -0.028739 -1.254919 255 244 211 1 4000
3.541062 -0.054293 -1.255124 255 238 200 1 4000
3.541640 -0.079855 -1.255329 255 240 203 1 4000
3.542219 -0.105426 -1.255534 255 241 207 1 4000
3.542798 -0.131006 -1.255739 255 253 219 1 4000
3.543377 -0.156593 -1.255944 255 251 218 1 4000
3.543956 -0.182189 -1.256149 255 255 223 1 4000
3.544535 -0.207794 -1.256355 255 247 212 1 4000
3.545115 -0.233407 -1.256560 255 249 214 1 4000
3.545695 -0.259028 -1.256766 245 216 180 1 4000
3.546275 -0.284657 -1.256971 255 239 199 1 4000
3.546854 -0.310295 -1.257177 255 241 204 1 4000
3.547435 -0.335942 -1.257382 255 253 222 1 4000
3.548016 -0.361596 -1.257588 255 252 220 1 4000
3.548596 -0.387260 -1.257794 255 251 218 1 4000
3.549177 -0.412931 -1.258000 255 253 221 1 4000
3.549758 -0.438611 -1.258206 255 251 218 1 4000
3.550339 -0.464299 -1.258412 255 250 216 1 4000
3.550921 -0.489996 -1.258618 255 243 208 1 4000
3.551502 -0.515701 -1.258824 255 231 192 1 4000
3.552084 -0.541415 -1.259030 216 191 160 1 4000
3.552666 -0.567137 -1.259237 255 227 193 1 4000
3.553248 -0.592867 -1.259443 255 236 201 1 4000
3.553831 -0.618606 -1.259649 255 236 201 1 4000
3.554413 -0.644354 -1.259856 255 241 207 1 4000
3.554996 -0.670109 -1.260062 255 255 222 1 4000
3.555579 -0.695874 -1.260269 255 255 236 1 4000
3.556162 -0.721646 -1.260476 255 255 234 1 4000
3.556745 -0.747427 -1.260682 255 255 233 1 4000
3.557329 -0.773217 -1.260889 255 255 233 1 4000
3.557913 -0.799015 -1.261096 255 255 231 1 4000
3.558496 -0.824821 -1.261303 200 180 152 1 4000
3.559081 -0.850637 -1.261510 255 254 223 1 4000
3.559665 -0.876460 -1.261717 255 250 221 1 4000
3.560249 -0.902292 -1.261925 255 252 222 1 4000
3.560834 -0.928132 -1.262132 255 255 227 1 4000
3.561419 -0.953981 -1.262339 255 255 230 1 4000
3.562004 -0.979839 -1.262546 255 255 231 1 4000
3.562590 -1.005705 -1.262754 255 255 227 1 4000
3.563175 -1.031579 -1.262961 255 251 219 1 4000
3.563761 -1.057462 -1.263169 255 241 206 1 4000
3.564346 -1.083353 -1.263377 255 250 219 1 4000
3.564932 -1.109253 -1.263584 171 157 138 1 4000
1.861327 -0.592595 -0.659744 114 114 113 8 1029
3.566105 -1.161079 -1.264000 239 223 193 1 4000
3.566691 -1.187004 -1.264208 255 238 201 1 4000
3.567279 -1.212938 -1.264416 255 248 216 1 4000
3.567866 -1.238881 -1.264624 255 255 227 1 4000
3.568453 -1.264832 -1.264832 255 254 224 1 4000
3.569040 -1.290792 -1.265040 255 255 227 1 4000
3.569628 -1.316760 -1.265249 255 250 217 1 4000
3.570215 -1.342736 -1.265457 255 244 208 1 4000
3.570803 -1.368722 -1.265665 255 246 212 1 4000
3.571391 -1.394716 -1.265874 255 255 227 1 4000
3.571980 -1.420718 -1.266082 255 255 234 1 4000
3.572568 -1.446729 -1.266291 255 253 222 1 4000
3.573157 -1.472748 -1.266500 255 247 214 1 4000
3.573746 -1.498777 -1.266708 255 242 207 1 4000
3.574335 -1.524813 -1.266917 255 249 214 1 4000
3.574924 -1.550859 -1.267126 255 244 208 1 4000
3.575514 -1.576913 -1.267335 255 232 195 1 4000
3.576104 -1.602975 -1.267544 255 236 201 1 4000
3.576694 -1.629046 -1.267753 255 230 197 1 4000
3.577283 -1.655126 -1.267962 250 220 186 1 4000
3.577874 -1.681214 -1.268171 255 250 222 1 4000
3.578464 -1.707311 -1.268381 255 248 218 1 4000
3.579055 -1.733417 -1.268590 255 240 206 1 4000
3.579646 -1.759531 -1.268799 255 244 209 1 4000
3.580237 -1.785654 -1.269009 255 251 219 1 4000
3.580828 -1.811785 -1.269219 255 248 215 1 4000
3.581420 -1.837925 -1.269428 255 247 215 1 4000
3.582011 -1.864074 -1.269638 255 246 214 1 4000
3.582603 -1.890231 -1.269848 255 239 205 1 4000
3.583195 -1.916397 -1.270058 255 241 208 1 4000
3.583788 -1.942572 -1.270268 209 186 157 1 4000
3.584380 -1.968755 -1.270478 255 237 204 1 4000
3.584973 -1.994947 -1.270688 255 233 198 1 4000
3.585565 -2.021147 -1.270898 255 241 208 1 4000
3.586159 -2.047357 -1.271108 255 238 205 1 4000
3.464689 1.996758 -1.253052 205 183 155 1 4000
3.465243 1.972075 -1.253252 155 137 113 1 4000
3.465796 1.947383 -1.253452 197 176 148 1 4000
3.466351 1.922684 -1.253653 200 180 152 1 4000
3.466905 1.897977 -1.253853 201 178 148 1 4000
3.467459 1.873262 -1.254053 203 178 147 1 4000
3.468014 1.848539 -1.254254 200 174 142 1 4000
3.468569 1.823808 -1.254455 212 186 153 1 4000
3.469124 1.799069 -1.254655 221 191 156 1 4000
3.469679 1.774323 -1.254856 215 186 152 1 4000
3.470234 1.749568 -1.255057 221 195 162 1 4000
3.470790 1.724806 -1.255258 224 200 169 1 4000
3.471345 1.700035 -1.255459 196 175 149 1 4000
3.471901 1.675257 -1.255660 223 202 175 1 4000
3.472457 1.650471 -1.255861 221 195 164 1 4000
3.473013 1.625677 -1.256063 204 180 150 1 4000
3.473569 1.600874 -1.256264 208 185 157 1 4000
3.474126 1.576064 -1.256465 242 219 191 1 4000
3.474683 1.551246 -1.256666 242 218 188 1 4000
3.475240 1.526420 -1.256868 245 223 192 1 4000
3.475797 1.501586 -1.257069 242 218 187 1 4000
3.476354 1.476744 -1.257271 241 214 180 1 4000
3.476912 1.451894 -1.257472 241 212 180 1 4000
3.477469 1.427036 -1.257674 243 215 183 1 4000
3.478027 1.402171 -1.257876 241 218 185 1 4000
3.478585 1.377297 -1.258078 255 240 208 1 4000
3.479143 1.352415 -1.258279 255 247 217 1 4000
3.479702 1.327525 -1.258482 255 249 219 1 4000
3.480260 1.302627 -1.258683 255 249 221 1 4000
3.480819 1.277721 -1.258886 255 248 221 1 4000
3.481378 1.252808 -1.259088 255 252 227 1 4000
3.481937 1.227886 -1.259290 255 254 229 1 4000
3.482496 1.202956 -1.259492 255 243 214 1 4000
3.483056 1.178018 -1.259694 255 251 224 1 4000
3.483615 1.153072 -1.259897 255 232 199 1 4000
3.484175 1.128119 -1.260099 225 198 168 1 4000
3.484735 1.103157 -1.260302 255 234 201 1 4000
3.485295 1.078187 -1.260504 252 226 193 1 4000
3.485856 1.053209 -1.260707 253 225 191 1 4000
3.486416 1.028223 -1.260910 255 231 199 1 4000
3.486976 1.003229 -1.261112 255 239 208 1 4000
3.487537 0.978227 -1.261315 255 249 220 1 4000
3.488099 0.953217 -1.261518 255 250 219 1 4000
3.488659 0.928199 -1.261721 255 247 215 1 4000
3.489221 0.903173 -1.261924 255 240 206 1 4000
3.489783 0.878138 -1.262127 255 245 211 1 4000
3.490345 0.853096 -1.262331 206 183 153 1 4000
3.490906 0.828046 -1.262534 255 242 208 1 4000
3.491468 0.802987 -1.262737 255 241 206 1 4000
3.492031 0.777921 -1.262940 255 239 204 1 4000
3.492593 0.752846 -1.263144 255 246 218 1 4000
3.493156 0.727764 -1.263347 255 246 217 1 4000
3.493719 0.702673 -1.263551 255 242 210 1 4000
3.494282 0.677574 -1.263754 255 238 203 1 4000
3.494845 0.652467 -1.263958 255 230 192 1 4000
3.495409 0.627352 -1.264162 255 232 196 1 4000
3.495972 0.602229 -1.264366 255 230 194 1 4000
3.496536 0.577098 -1.264570 215 194 165 1 4000
3.497100 0.551959 -1.264774 255 235 202 1 4000
3.497664 0.526811 -1.264978 255 239 205 1 4000
3.498228 0.501656 -1.265182 255 238 204 1 4000
3.498793 0.476492 -1.265386 255 237 204 1 4000
3.499357 0.451320 -1.265590 255 238 207 1 4000
3.499922 0.426140 -1.265795 255 244 213 1 4000
3.500487 0.400952 -1.265999 255 240 205 1 4000
3.501052 0.375756 -1.266203 255 232 194 1 4000
3.501618 0.350552 -1.266408 255 221 180 1 4000
3.502183 0.325339 -1.266612 255 220 178 1 4000
3.502749 0.300119 -1.266817 232 204 171 1 4000
3.503315 0.274890 -1.267022 255 246 208 1 4000
3.503881 0.249653 -1.267226 255 247 212 1 4000
3.504447 0.224408 -1.267431 255 239 200 1 4000
3.505014 0.199155 -1.267636 255 243 204 1 4000
3.505581 0.173893 -1.267841 255 245 206 1 4000
3.506147 0.148624 -1.268046 255 236 198 1 4000
3.506714 0.123346 -1.268251 255 232 193 1 4000
3.507282 0.098060 -1.268456 255 231 193 1 4000
3.507849 0.072766 -1.268661 255 228 192 1 4000
3.508417 0.047464 -1.268867 255 236 201 1 4000
3.508985 0.022153 -1.269072 244 214 180 1 4000
3.509553 -0.003165 -1.269277 255 246 212 1 4000
3.510121 -0.028492 -1.269483 255 248 214 1 4000
3.510689 -0.053827 -1.269688 255 243 205 1 4000
3.511258 -0.079170 -1.269894 255 242 206 1 4000
3.511826 -0.104522 -1.270100 255 239 203 1 4000
3.512395 -0.129882 -1.270305 255 236 201 1 4000
3.512964 -0.155249 -1.270511 255 239 202 1 4000
3.513533 -0.180625 -1.270717 255 255 223 1 4000
3.514103 -0.206010 -1.270923 255 251 215 1 4000
3.514673 -0.231402 -1.271129 255 237 200 1 4000
3.515242 -0.256803 -1.271335 255 229 194 1 4000
3.515812 -0.282212 -1.271541 255 240 203 1 4000
3.516383 -0.307630 -1.271748 255 255 233 1 4000
3.516953 -0.333055 -1.271954 255 255 234 1 4000
3.517523 -0.358489 -1.272160 255 255 233 1 4000
3.518094 -0.383931 -1.272367 255 255 226 1 4000
3.518665 -0.409381 -1.272573 255 250 219 1 4000
3.519236 -0.434840 -1.272780 255 252 221 1 4000
3.519808 -0.460307 -1.272986 255 249 216 1 4000
3.520379 -0.485782 -1.273193 255 238 203 1 4000
3.520951 -0.511265 -1.273400 255 235 197 1 4000
3.521523 -0.536757 -1.273607 246 218 183 1 4000
3.522094 -0.562257 -1.273813 255 230 193 1 4000
3.522667 -0.587765 -1.274020 255 225 189 1 4000
3.523239 -0.613281 -1.274227 255 232 199 1 4000
3.523812 -0.638806 -1.274434 255 234 200 1 4000
3.524384 -0.664339 -1.274642 255 243 212 1 4000
3.524957 -0.689880 -1.274849 255 252 222 1 4000
3.525531 -0.715430 -1.275056 255 255 231 1 4000
3.526104 -0.740988 -1.275263 255 255 234 1 4000
3.526677 -0.766555 -1.275471 255 255 222 1 4000
3.527251 -0.792129 -1.275678 255 250 212 1 4000
3.527825 -0.817712 -1.275886 253 230 196 1 4000
3.528399 -0.843303 -1.276093 255 243 209 1 4000
3.528973 -0.868903 -1.276301 255 249 216 1 4000
3.529548 -0.894511 -1.276509 255 255 226 1 4000
3.530122 -0.920127 -1.276717 255 255 225 1 4000
3.530697 -0.945752 -1.276925 255 255 228 1 4000
3.531272 -0.971385 -1.277133 255 255 225 1 4000
3.531847 -0.997026 -1.277341 255 255 227 1 4000
3.532423 -1.022676 -1.277549 255 254 221 1 4000
3.532998 -1.048334 -1.277757 255 243 209 1 4000
1.842718 -0.560079 -0.666444 127 127 126 8 1029
1.844482 -0.573923 -0.667082 104 104 103 8 1029
1.850515 -0.589152 -0.669264 193 176 150 8 1029
3.535303 -1.151050 -1.278590 255 239 201 1 4000
3.535879 -1.176750 -1.278799 255 238 206 1 4000
3.536456 -1.202458 -1.279007 255 238 206 1 4000
3.537033 -1.228175 -1.279216 255 244 213 1 4000
3.537610 -1.253900 -1.279425 255 245 212 1 4000
3.538187 -1.279633 -1.279633 255 251 220 1 4000
3.538765 -1.305375 -1.279842 255 238 202 1 4000
3.539343 -1.331125 -1.280051 255 231 192 1 4000
3.539920 -1.356884 -1.280260 255 229 189 1 4000
3.540498 -1.382651 -1.280469 214 190 161 1 4000
3.541076 -1.408426 -1.280678 255 255 234 1 4000
3.541655 -1.434210 -1.280887 255 251 219 1 4000
3.542233 -1.460003 -1.281097 255 247 214 1 4000
3.542812 -1.485804 -1.281306 255 248 215 1 4000
3.543391 -1.511613 -1.281515 255 248 214 1 4000
3.543970 -1.537430 -1.281725 255 234 196 1 4000
3.544550 -1.563256 -1.281934 255 230 192 1 4000
3.545129 -1.589091 -1.282144 255 228 191 1 4000
3.545709 -1.614934 -1.282354 255 226 191 1 4000
3.546289 -1.640785 -1.282563 255 229 194 1 4000
3.546869 -1.666645 -1.282773 207 186 157 1 4000
3.547449 -1.692513 -1.282983 255 245 216 1 4000
3.548030 -1.718390 -1.283193 255 237 204 1 4000
3.548610 -1.744276 -1.283403 255 239 204 1 4000
3.549191 -1.770169 -1.283613 255 233 198 1 4000
3.549772 -1.796072 -1.283823 255 244 209 1 4000
3.550354 -1.821983 -1.284034 255 249 219 1 4000
3.550935 -1.847902 -1.284244 255 247 215 1 4000
3.551517 -1.873829 -1.284454 255 248 213 1 4000
3.552098 -1.899765 -1.284665 255 240 207 1 4000
3.552680 -1.925710 -1.284875 255 236 200 1 4000
3.553262 -1.951663 -1.285086 240 215 178 1 4000
3.553845 -1.977625 -1.285296 255 229 192 1 4000
3.554428 -2.003595 -1.285507 255 234 198 1 4000
3.555010 -2.029574 -1.285718 255 244 213 1 4000
3.435607 1.979997 -1.267322 184 163 136 1 4000
3.436151 1.955518 -1.267523 201 183 159 1 4000
3.436696 1.931032 -1.267724 204 184 158 1 4000
3.437240 1.906537 -1.267925 203 182 157 1 4000
3.437786 1.882035 -1.268126 204 182 155 1 4000
3.438331 1.857526 -1.268327 207 186 160 1 4000
3.438876 1.833008 -1.268528 216 195 167 1 4000
3.439422 1.808482 -1.268729 219 193 164 1 4000
3.439967 1.783949 -1.268931 222 196 167 1 4000
3.440513 1.759408 -1.269132 218 193 163 1 4000
3.441059 1.734859 -1.269333 217 193 164 1 4000
3.441605 1.710303 -1.269535 216 190 161 1 4000
3.442152 1.685738 -1.269737 199 178 151 1 4000
3.442698 1.661166 -1.269938 223 201 174 1 4000
3.443245 1.636586 -1.270140 208 187 157 1 4000
3.443792 1.611998 -1.270342 195 174 147 1 4000
3.444339 1.587403 -1.270544 194 174 149 1 4000
3.444886 1.562799 -1.270746 218 198 170 1 4000
3.445433 1.538188 -1.270947 212 190 161 1 4000
3.445981 1.513569 -1.271149 206 182 153 1 4000
3.446529 1.488942 -1.271351 202 177 148 1 4000
3.447077 1.464307 -1.271554 196 169 137 1 4000
3.447625 1.439665 -1.271756 192 168 138 1 4000
3.448173 1.415014 -1.271958 146 129 105 1 4000
3.448721 1.390356 -1.272160 194 172 144 1 4000
3.449270 1.365690 -1.272363 186 166 139 1 4000
3.449819 1.341016 -1.272565 171 150 123 1 4000
3.450368 1.316334 -1.272768 189 169 143 1 4000
3.450917 1.291644 -1.272970 203 184 158 1 4000
3.451466 1.266947 -1.273173 205 186 162 1 4000
3.452016 1.242242 -1.273376 211 195 172 1 4000
3.452566 1.217528 -1.273578 205 187 161 1 4000
3.453115 1.192807 -1.273781 207 189 163 1 4000
3.453665 1.168078 -1.273984 214 198 175 1 4000
3.454216 1.143341 -1.274187 199 178 150 1 4000
3.454766 1.118596 -1.274390 208 181 152 1 4000
3.455317 1.093844 -1.274593 214 189 160 1 4000
3.455867 1.069083 -1.274796 216 193 163 1 4000
3.456418 1.044315 -1.274999 217 194 166 1 4000
3.456969 1.019539 -1.275203 222 201 175 1 4000
3.457520 0.994754 -1.275406 233 213 186 1 4000
3.458072 0.969962 -1.275609 237 215 187 1 4000
3.458623 0.945162 -1.275813 240 218 185 1 4000
3.459175 0.920354 -1.276016 248 225 192 1 4000
3.459728 0.895538 -1.276220 247 220 184 1 4000
3.460279 0.870714 -1.276424 250 221 182 1 4000
3.460832 0.845883 -1.276628 238 214 184 1 4000
3.461384 0.821043 -1.276831 253 228 194 1 4000
3.461937 0.796195 -1.277035 251 224 189 1 4000
3.462490 0.771340 -1.277239 254 230 197 1 4000
3.463042 0.746476 -1.277443 255 230 198 1 4000
3.463596 0.721605 -1.277647 255 234 203 1 4000
3.464149 0.696726 -1.277851 255 237 206 1 4000
3.464703 0.671838 -1.278056 255 233 198 1 4000
3.465256 0.646943 -1.278260 255 232 195 1 4000
3.465810 0.622040 -1.278464 255 234 198 1 4000
3.466364 0.597129 -1.278669 255 238 203 1 4000
3.466918 0.572209 -1.278873 195 174 147 1 4000
3.467473 0.547282 -1.279077 255 229 196 1 4000
3.468027 0.522347 -1.279282 255 226 192 1 4000
3.468582 0.497404 -1.279487 255 229 194 1 4000
3.469137 0.472453 -1.279691 255 227 188 1 4000
3.469692 0.447494 -1.279896 255 230 192 1 4000
3.470248 0.422527 -1.280101 255 238 201 1 4000
3.470803 0.397552 -1.280306 255 234 197 1 4000
3.471359 0.372569 -1.280511 255 233 196 1 4000
3.471915 0.347578 -1.280716 255 236 200 1 4000
3.472471 0.322579 -1.280921 255 245 210 1 4000
3.473027 0.297572 -1.281126 213 188 159 1 4000
3.473583 0.272557 -1.281331 255 236 198 1 4000
3.474140 0.247534 -1.281537 255 241 203 1 4000
3.474697 0.222503 -1.281742 255 236 197 1 4000
3.475253 0.197464 -1.281947 255 238 196 1 4000
3.475811 0.172417 -1.282153 255 232 190 1 4000
3.476368 0.147362 -1.282358 255 238 199 1 4000
3.476926 0.122298 -1.282564 255 230 189 1 4000
3.477483 0.097227 -1.282770 255 222 181 1 4000
3.478041 0.072148 -1.282976 255 233 194 1 4000
3.478599 0.047061 -1.283181 255 242 206 1 4000
3.479157 0.021965 -1.283387 246 222 191 1 4000
3.479715 -0.003138 -1.283593 255 243 210 1 4000
3.480274 -0.028250 -1.283799 255 240 203 1 4000
3.480833 -0.053369 -1.284005 255 235 197 1 4000
3.481392 -0.078497 -1.284212 255 238 203 1 4000
3.481951 -0.103633 -1.284418 255 245 212 1 4000
3.482510 -0.128776 -1.284624 255 244 210 1 4000
3.483069 -0.153928 -1.284830 255 248 214 1 4000
3.483629 -0.179088 -1.285037 255 244 209 1 4000
3.484189 -0.204256 -1.285243 255 243 206 1 4000
3.484749 -0.229432 -1.285450 255 241 204 1 4000
3.485309 -0.254616 -1.285657 255 235 200 1 4000
3.485869 -0.279809 -1.285863 255 243 208 1 4000
3.486430 -0.305009 -1.286070 255 255 224 1 4000
3.486990 -0.330218 -1.286277 255 255 230 1 4000
3.487551 -0.355434 -1.286484 255 255 229 1 4000
3.488112 -0.380659 -1.286691 255 255 231 1 4000
3.488673 -0.405892 -1.286898 255 255 226 1 4000
3.489235 -0.431133 -1.287105 255 255 235 1 4000
3.489796 -0.456382 -1.287312 255 255 234 1 4000
3.490358 -0.481639 -1.287519 255 248 216 1 4000
3.490920 -0.506904 -1.287726 255 251 221 1 4000
3.491482 -0.532178 -1.287934 255 235 199 1 4000
3.492045 -0.557460 -1.288141 255 237 201 1 4000
3.492607 -0.582749 -1.288349 255 235 200 1 4000
3.493170 -0.608047 -1.288556 255 228 195 1 4000
3.493732 -0.633353 -1.288764 255 234 200 1 4000
3.494295 -0.658667 -1.288972 255 239 206 1 4000
3.494859 -0.683990 -1.289179 255 249 220 1 4000
3.495422 -0.709320 -1.289387 255 255 225 1 4000
3.495986 -0.734659 -1.289595 255 255 223 1 4000
3.496549 -0.760006 -1.289803 255 254 222 1 4000
3.497114 -0.785361 -1.290011 255 248 211 1 4000
3.497678 -0.810724 -1.290219 255 249 212 1 4000
3.498242 -0.836096 -1.290427 255 241 207 1 4000
3.498807 -0.861475 -1.290636 255 248 213 1 4000
3.499371 -0.886863 -1.290844 255 245 210 1 4000
3.499936 -0.912259 -1.291052 255 248 215 1 4000
3.500502 -0.937663 -1.291261 255 251 221 1 4000
3.501066 -0.963076 -1.291469 255 246 214 1 4000
3.501632 -0.988496 -1.291678 255 244 210 1 4000
3.502197 -1.013925 -1.291886 255 239 201 1 4000
1.826066 -0.541842 -0.673597 120 120 119 8 1029
1.828471 -0.555749 -0.674484 106 106 105 8 1029
1.833618 -0.570543 -0.676383 79 79 79 8 1029
3.504462 -1.115723 -1.292722 255 234 198 1 4000
3.505028 -1.141193 -1.292931 255 238 204 1 4000
3.505595 -1.166671 -1.293140 255 238 205 1 4000
3.506161 -1.192157 -1.293349 255 242 210 1 4000
3.506729 -1.217652 -1.293558 255 241 211 1 4000
3.507296 -1.243155 -1.293767 255 242 211 1 4000
3.507863 -1.268666 -1.293976 255 246 214 1 4000
3.508431 -1.294186 -1.294186 255 239 203 1 4000
3.508998 -1.319713 -1.294395 255 224 184 1 4000
3.509567 -1.345249 -1.294605 255 220 178 1 4000
3.510135 -1.370793 -1.294814 255 227 186 1 4000
3.510703 -1.396346 -1.295024 255 242 206 1 4000
3.511271 -1.421906 -1.295234 255 244 209 1 4000
3.511840 -1.447475 -1.295443 255 240 203 1 4000
3.512409 -1.473053 -1.295653 255 240 202 1 4000
3.512978 -1.498639 -1.295863 255 242 204 1 4000
3.513547 -1.524232 -1.296073 255 238 201 1 4000
3.514117 -1.549835 -1.296283 255 233 195 1 4000
3.514687 -1.575445 -1.296493 255 231 194 1 4000
3.515256 -1.601064 -1.296703 255 226 189 1 4000
3.515826 -1.626691 -1.296914 255 228 191 1 4000
3.516397 -1.652326 -1.297124 255 227 193 1 4000
3.516967 -1.677970 -1.297335 255 242 209 1 4000
3.517537 -1.703622 -1.297545 255 243 210 1 4000
3.518108 -1.729283 -1.297756 255 237 201 1 4000
3.518679 -1.754951 -1.297966 255 236 200 1 4000
3.519250 -1.780628 -1.298177 255 233 198 1 4000
3.519822 -1.806314 -1.298388 255 230 195 1 4000
3.520393 -1.832008 -1.298598 255 233 198 1 4000
3.520965 -1.857710 -1.298809 255 249 218 1 4000
3.521536 -1.883420 -1.299020 255 243 209 1 4000
3.522109 -1.909139 -1.299231 255 231 194 1 4000
3.522681 -1.934866 -1.299442 246 219 186 1 4000
3.523253 -1.960602 -1.299653 255 233 198 1 4000
3.523826 -1.986345 -1.299865 255 252 222 1 4000
3.524399 -2.012098 -1.300076 255 251 223 1 4000
3.407008 1.963516 -1.281355 200 182 155 1 4000
3.407544 1.939238 -1.281557 206 187 162 1 4000
3.408080 1.914953 -1.281758 208 189 167 1 4000
3.408615 1.890660 -1.281960 212 191 165 1 4000
3.409151 1.866359 -1.282161 210 189 162 1 4000
3.409687 1.842051 -1.282363 218 196 169 1 4000
3.410223 1.817735 -1.282565 228 203 173 1 4000
3.410760 1.793412 -1.282766 221 195 165 1 4000
3.411297 1.769081 -1.282968 223 197 166 1 4000
3.411833 1.744742 -1.283170 224 199 169 1 4000
3.412370 1.720396 -1.283372 226 200 171 1 4000
3.412908 1.696041 -1.283574 151 132 109 1 4000
3.413445 1.671679 -1.283776 226 206 180 1 4000
3.413982 1.647310 -1.283978 214 193 166 1 4000
3.414520 1.622933 -1.284181 207 185 157 1 4000
3.415058 1.598548 -1.284383 210 189 162 1 4000
3.415596 1.574156 -1.284585 220 199 173 1 4000
3.416134 1.549755 -1.284788 244 222 193 1 4000
3.416672 1.525348 -1.284990 241 213 181 1 4000
3.417211 1.500932 -1.285193 237 209 177 1 4000
3.417749 1.476509 -1.285395 233 204 171 1 4000
3.418288 1.452078 -1.285598 230 202 168 1 4000
3.418827 1.427639 -1.285801 233 201 165 1 4000
3.419366 1.403193 -1.286003 240 213 179 1 4000
3.419905 1.378739 -1.286206 255 229 194 1 4000
3.420445 1.354277 -1.286409 254 228 194 1 4000
3.420985 1.329807 -1.286612 255 238 207 1 4000
3.421525 1.305330 -1.286815 255 246 217 1 4000
3.422064 1.280845 -1.287018 255 240 208 1 4000
3.422605 1.256352 -1.287221 255 227 192 1 4000
3.423145 1.231852 -1.287425 255 233 198 1 4000
3.423686 1.207344 -1.287628 255 236 202 1 4000
3.424226 1.182828 -1.287831 255 228 193 1 4000
3.424767 1.158304 -1.288035 255 231 196 1 4000
3.425308 1.133773 -1.288238 190 167 139 1 4000
3.425849 1.109234 -1.288442 252 226 192 1 4000
3.426391 1.084687 -1.288645 252 225 189 1 4000
3.426932 1.060132 -1.288849 255 231 196 1 4000
3.427474 1.035570 -1.289053 251 219 179 1 4000
3.428015 1.010999 -1.289256 254 224 187 1 4000
3.428558 0.986421 -1.289460 255 224 186 1 4000
3.429100 0.961836 -1.289664 255 228 191 1 4000
3.429642 0.937242 -1.289868 255 226 189 1 4000
3.430185 0.912641 -1.290072 255 229 191 1 4000
3.430727 0.888032 -1.290276 255 238 202 1 4000
3.431271 0.863415 -1.290481 255 233 199 1 4000
3.431814 0.838790 -1.290685 255 229 194 1 4000
3.432357 0.814158 -1.290889 255 231 193 1 4000
3.432900 0.789517 -1.291093 255 232 197 1 4000
3.433444 0.764869 -1.291298 255 249 219 1 4000
3.433988 0.740214 -1.291503 255 252 224 1 4000
3.434531 0.715550 -1.291707 255 244 213 1 4000
3.435076 0.690878 -1.291912 255 229 192 1 4000
3.435620 0.666199 -1.292116 255 230 195 1 4000
3.436164 0.641512 -1.292321 255 234 199 1 4000
3.436709 0.616817 -1.292526 255 232 199 1 4000
3.437254 0.592114 -1.292731 255 235 199 1 4000
3.437799 0.567403 -1.292936 246 216 180 1 4000
3.438344 0.542685 -1.293141 255 230 194 1 4000
3.438889 0.517959 -1.293346 255 223 183 1 4000
3.439435 0.493225 -1.293551 255 223 182 1 4000
3.439980 0.468482 -1.293756 255 225 185 1 4000
3.440526 0.443733 -1.293962 255 227 188 1 4000
3.441073 0.418975 -1.294167 255 223 185 1 4000
3.441618 0.394209 -1.294372 255 227 190 1 4000
3.442165 0.369436 -1.294578 255 225 188 1 4000
3.442711 0.344655 -1.294783 255 230 192 1 4000
3.443258 0.319865 -1.294989 255 232 196 1 4000
3.443805 0.295068 -1.295194 204 183 155 1 4000
3.444352 0.270263 -1.295400 255 241 207 1 4000
3.444899 0.245451 -1.295606 255 244 209 1 4000
3.445447 0.220630 -1.295812 255 238 202 1 4000
3.445994 0.195801 -1.296018 255 230 195 1 4000
3.446542 0.170965 -1.296224 255 238 206 1 4000
3.447090 0.146120 -1.296430 255 229 196 1 4000
3.447638 0.121268 -1.296636 246 216 181 1 4000
3.448186 0.096408 -1.296842 246 217 185 1 4000
3.448735 0.071540 -1.297049 238 210 177 1 4000
3.449283 0.046664 -1.297255 241 215 184 1 4000
3.449832 0.021780 -1.297461 223 196 163 1 4000
3.450381 -0.003112 -1.297668 236 211 180 1 4000
3.450931 -0.028012 -1.297874 227 202 170 1 4000
3.451480 -0.052919 -1.298081 215 191 161 1 4000
3.452029 -0.077835 -1.298288 204 181 152 1 4000
3.452579 -0.102758 -1.298494 194 174 147 1 4000
3.453129 -0.127690 -1.298701 191 172 145 1 4000
3.453679 -0.152629 -1.298908 185 165 138 1 4000
3.454229 -0.177577 -1.299115 186 163 137 1 4000
3.454779 -0.202532 -1.299322 189 167 137 1 4000
3.455330 -0.227495 -1.299529 182 158 130 1 4000
3.455881 -0.252467 -1.299736 182 159 131 1 4000
3.456431 -0.277446 -1.299943 204 183 154 1 4000
3.456983 -0.302433 -1.300151 210 190 162 1 4000
3.457534 -0.327428 -1.300358 212 191 161 1 4000
3.458086 -0.352431 -1.300565 220 199 169 1 4000
3.458637 -0.377442 -1.300773 232 213 185 1 4000
3.459189 -0.402461 -1.300980 236 218 193 1 4000
3.459741 -0.427488 -1.301188 247 232 206 1 4000
3.460293 -0.452523 -1.301395 246 229 203 1 4000
3.460845 -0.477567 -1.301603 243 227 200 1 4000
3.461397 -0.502618 -1.301811 253 239 213 1 4000
3.461950 -0.527677 -1.302019 248 229 201 1 4000
3.462503 -0.552744 -1.302227 225 197 165 1 4000
3.463056 -0.577819 -1.302435 253 226 195 1 4000
3.463609 -0.602902 -1.302643 249 220 187 1 4000
3.464163 -0.627993 -1.302851 255 232 200 1 4000
3.464716 -0.653092 -1.303059 255 241 209 1 4000
3.465270 -0.678199 -1.303267 255 250 219 1 4000
3.465824 -0.703314 -1.303476 255 250 219 1 4000
3.466378 -0.728437 -1.303684 255 243 210 1 4000
3.466932 -0.753568 -1.303892 255 248 215 1 4000
3.467487 -0.778708 -1.304101 255 240 204 1 4000
3.468041 -0.803855 -1.304309 255 241 201 1 4000
3.468596 -0.829010 -1.304518 222 197 166 1 4000
3.469151 -0.854174 -1.304727 255 246 211 1 4000
3.469706 -0.879345 -1.304936 255 242 205 1 4000
3.470262 -0.904525 -1.305145 255 246 211 1 4000
3.470817 -0.929712 -1.305354 255 243 210 1 4000
1.822675 -0.501383 -0.685497 184 184 182 8 1029
1.825441 -0.515315 -0.686537 96 96 95 8 1029
1.790839 -0.518468 -0.673524 117 117 116 8 1029
1.813022 -0.537972 -0.681867 102 102 101 8 1029
1.816858 -0.552219 -0.683309 91 91 90 8 1029
3.474154 -1.081007 -1.306609 255 244 211 1 4000
3.474710 -1.106251 -1.306818 197 176 149 1 4000
3.475267 -1.131503 -1.307027 255 234 201 1 4000
3.475824 -1.156763 -1.307237 255 229 194 1 4000
3.476381 -1.182032 -1.307446 255 231 196 1 4000
3.476939 -1.207308 -1.307656 255 230 194 1 4000
3.477497 -1.232593 -1.307866 255 235 201 1 4000
3.478054 -1.257885 -1.308076 255 242 208 1 4000
3.478613 -1.283186 -1.308285 255 231 195 1 4000
3.479171 -1.308495 -1.308495 255 231 195 1 4000
3.479729 -1.333812 -1.308705 255 238 202 1 4000
3.480288 -1.359137 -1.308915 255 244 210 1 4000
3.480846 -1.384471 -1.309126 203 181 153 1 4000
3.481405 -1.409812 -1.309336 255 239 200 1 4000
3.481964 -1.435162 -1.309546 255 239 201 1 4000
3.482523 -1.460519 -1.309756 255 235 195 1 4000
3.483083 -1.485885 -1.309967 255 237 197 1 4000
3.483642 -1.511259 -1.310177 255 235 198 1 4000
3.484202 -1.536641 -1.310388 255 236 198 1 4000
3.484762 -1.562032 -1.310598 255 225 185 1 4000
3.485323 -1.587430 -1.310809 253 219 180 1 4000
3.485883 -1.612837 -1.311020 255 230 193 1 4000
3.486444 -1.638252 -1.311231 255 240 205 1 4000
3.487004 -1.663675 -1.311441 197 177 150 1 4000
3.487565 -1.689106 -1.311652 255 241 207 1 4000
3.488126 -1.714545 -1.311863 255 236 200 1 4000
3.488687 -1.739993 -1.312074 255 234 198 1 4000
3.489249 -1.765449 -1.312285 255 234 199 1 4000
3.489810 -1.790913 -1.312497 255 237 205 1 4000
3.490372 -1.816385 -1.312708 255 237 203 1 4000
3.490934 -1.841865 -1.312919 255 240 205 1 4000
3.491496 -1.867353 -1.313131 255 238 203 1 4000
3.492059 -1.892851 -1.313342 255 235 200 1 4000
3.492621 -1.918355 -1.313554 255 239 205 1 4000
3.493184 -1.943869 -1.313765 207 184 154 1 4000
3.493747 -1.969390 -1.313977 255 236 202 1 4000
3.494309 -1.994919 -1.314189 255 255 226 1 4000
3.378882 1.947306 -1.295157 204 183 156 1 4000
3.379409 1.923226 -1.295359 207 187 161 1 4000
3.379936 1.899139 -1.295560 213 193 169 1 4000
3.380463 1.875044 -1.295762 213 193 167 1 4000
3.380990 1.850942 -1.295964 217 194 168 1 4000
3.381517 1.826833 -1.296167 226 202 173 1 4000
3.382045 1.802715 -1.296369 224 200 170 1 4000
3.382572 1.778590 -1.296571 227 202 169 1 4000
3.383100 1.754458 -1.296773 225 200 168 1 4000
3.383628 1.730318 -1.296976 223 195 163 1 4000
3.384156 1.706171 -1.297179 222 192 160 1 4000
3.384685 1.682016 -1.297381 214 194 167 1 4000
3.385213 1.657853 -1.297584 215 194 167 1 4000
3.385742 1.633684 -1.297786 208 186 160 1 4000
3.386270 1.609506 -1.297989 210 192 164 1 4000
3.386799 1.585321 -1.298192 211 191 164 1 4000
3.387328 1.561128 -1.298394 218 197 169 1 4000
3.387857 1.536928 -1.298597 246 221 191 1 4000
3.388387 1.512720 -1.298800 241 214 181 1 4000
3.388916 1.488505 -1.299003 236 208 175 1 4000
3.389446 1.464282 -1.299206 233 206 173 1 4000
3.389976 1.440051 -1.299409 234 206 173 1 4000
3.390506 1.415813 -1.299613 192 171 144 1 4000
3.391037 1.391567 -1.299816 248 219 184 1 4000
3.391567 1.367314 -1.300019 251 222 186 1 4000
3.392097 1.343053 -1.300223 255 228 193 1 4000
3.392628 1.318785 -1.300426 255 235 202 1 4000
3.393159 1.294508 -1.300629 255 236 205 1 4000
3.393690 1.270225 -1.300833 255 235 204 1 4000
3.394221 1.245933 -1.301037 255 236 204 1 4000
3.394753 1.221635 -1.301240 255 244 211 1 4000
3.395284 1.197328 -1.301444 255 243 212 1 4000
3.395816 1.173014 -1.301648 255 239 208 1 4000
3.396348 1.148693 -1.301852 255 235 204 1 4000
3.396880 1.124363 -1.302056 253 225 190 1 4000
3.397413 1.100026 -1.302260 255 238 206 1 4000
3.397944 1.075682 -1.302464 255 243 212 1 4000
3.398477 1.051329 -1.302668 255 230 194 1 4000
3.399010 1.026970 -1.302872 255 226 188 1 4000
3.399543 1.002602 -1.303077 255 233 196 1 4000
3.400076 0.978227 -1.303281 255 238 205 1 4000
3.400609 0.953844 -1.303485 255 236 200 1 4000
3.401143 0.929454 -1.303690 255 233 196 1 4000
3.401677 0.905056 -1.303894 255 233 198 1 4000
3.402210 0.880650 -1.304099 255 232 197 1 4000
3.402745 0.856237 -1.304304 181 158 131 1 4000
3.403278 0.831816 -1.304508 255 227 191 1 4000
3.403813 0.807387 -1.304713 255 230 194 1 4000
3.404347 0.782951 -1.304918 255 232 197 1 4000
3.404882 0.758507 -1.305123 255 241 208 1 4000
3.405416 0.734055 -1.305328 255 239 208 1 4000
3.405951 0.709595 -1.305533 255 237 205 1 4000
3.406487 0.685128 -1.305738 255 239 203 1 4000
3.407022 0.660653 -1.305943 255 243 209 1 4000
3.407557 0.636171 -1.306148 255 244 210 1 4000
3.408093 0.611681 -1.306354 255 242 211 1 4000
3.408628 0.587183 -1.306559 255 239 204 1 4000
3.409164 0.562677 -1.306764 255 224 189 1 4000
3.409700 0.538164 -1.306970 255 228 191 1 4000
3.410237 0.513643 -1.307175 255 234 196 1 4000
3.410773 0.489114 -1.307381 255 228 191 1 4000
3.411310 0.464578 -1.307587 255 229 190 1 4000
3.411847 0.440034 -1.307792 255 230 194 1 4000
3.412384 0.415482 -1.307998 255 230 194 1 4000
3.412921 0.390922 -1.308204 255 231 196 1 4000
3.413458 0.366355 -1.308410 255 229 193 1 4000
3.413996 0.341780 -1.308616 255 234 200 1 4000
3.414533 0.317197 -1.308822 255 232 195 1 4000
3.415071 0.292606 -1.309028 203 185 158 1 4000
3.415609 0.268008 -1.309234 255 245 213 1 4000
3.416147 0.243402 -1.309441 255 250 219 1 4000
3.416685 0.218788 -1.309647 255 250 216 1 4000
3.417224 0.194167 -1.309854 255 249 215 1 4000
3.417762 0.169537 -1.310060 255 248 215 1 4000
3.418301 0.144900 -1.310267 255 247 210 1 4000
3.418840 0.120255 -1.310473 255 234 199 1 4000
3.419379 0.095603 -1.310680 255 238 202 1 4000
3.419919 0.070942 -1.310887 255 239 204 1 4000
3.420458 0.046274 -1.311093 255 241 206 1 4000
3.420998 0.021598 -1.311300 249 220 185 1 4000
3.421537 -0.003086 -1.311507 255 248 216 1 4000
3.422078 -0.027777 -1.311714 255 243 209 1 4000
3.422618 -0.052477 -1.311921 255 240 205 1 4000
3.423158 -0.077184 -1.312128 255 242 207 1 4000
3.423698 -0.101899 -1.312335 255 250 217 1 4000
3.424239 -0.126622 -1.312543 255 247 213 1 4000
3.424780 -0.151352 -1.312750 255 238 202 1 4000
3.425321 -0.176091 -1.312957 255 234 198 1 4000
3.425863 -0.200837 -1.313165 255 228 192 1 4000
3.426404 -0.225591 -1.313372 255 222 184 1 4000
3.426945 -0.250353 -1.313580 252 218 178 1 4000
3.427487 -0.275122 -1.313788 255 230 193 1 4000
3.428029 -0.299900 -1.313995 255 237 199 1 4000
3.428571 -0.324685 -1.314203 255 237 201 1 4000
3.429114 -0.349479 -1.314411 255 246 212 1 4000
3.429656 -0.374280 -1.314619 255 255 226 1 4000
3.430198 -0.399088 -1.314827 255 251 218 1 4000
3.430741 -0.423905 -1.315035 255 234 198 1 4000
3.431284 -0.448730 -1.315243 255 238 201 1 4000
3.431827 -0.473562 -1.315451 255 245 209 1 4000
3.432370 -0.498403 -1.315659 255 233 198 1 4000
3.432914 -0.523251 -1.315868 255 238 202 1 4000
3.433457 -0.548107 -1.316076 209 184 152 1 4000
3.434001 -0.572971 -1.316285 255 232 197 1 4000
3.434545 -0.597843 -1.316493 255 229 190 1 4000
3.435089 -0.622722 -1.316702 255 234 197 1 4000
3.435634 -0.647610 -1.316910 255 223 181 1 4000
3.436178 -0.672505 -1.317119 255 236 199 1 4000
3.436723 -0.697409 -1.317328 255 231 191 1 4000
3.437267 -0.722320 -1.317536 255 234 195 1 4000
3.437812 -0.747239 -1.317745 255 233 193 1 4000
3.438358 -0.772166 -1.317955 255 236 198 1 4000
3.438903 -0.797101 -1.318163 255 242 205 1 4000
3.439449 -0.822044 -1.318373 211 186 156 1 4000
3.439994 -0.846994 -1.318582 255 233 196 1 4000
3.440540 -0.871953 -1.318791 255 236 199 1 4000
3.441086 -0.896920 -1.319000 255 244 210 1 4000
3.441632 -0.921894 -1.319209 255 255 227 1 4000
1.806003 -0.496797 -0.692258 141 141 125 8 1029
1.794019 -0.506444 -0.687664 59 59 58 8 1029
1.787842 -0.517600 -0.685296 35 35 35 8 1029
1.806993 -0.536183 -0.692637 107 107 106 8 1029
3.444366 -1.046886 -1.320257 255 235 200 1 4000
3.444913 -1.071908 -1.320467 255 240 205 1 4000
3.445460 -1.096938 -1.320677 250 223 190 1 4000
3.446008 -1.121977 -1.320887 255 230 192 1 4000
3.446556 -1.147022 -1.321097 255 226 188 1 4000
3.447104 -1.172077 -1.321307 255 223 182 1 4000
3.447652 -1.197139 -1.321517 255 225 186 1 4000
3.448200 -1.222208 -1.321727 255 227 188 1 4000
3.448748 -1.247286 -1.321937 255 223 185 1 4000
3.449297 -1.272372 -1.322147 248 214 178 1 4000
3.449846 -1.297466 -1.322358 245 212 178 1 4000
3.450395 -1.322568 -1.322568 243 211 176 1 4000
3.450944 -1.347678 -1.322779 241 212 178 1 4000
3.451494 -1.372796 -1.322989 236 210 178 1 4000
3.452043 -1.397921 -1.323200 225 202 172 1 4000
3.452592 -1.423055 -1.323411 227 205 174 1 4000
3.453142 -1.448197 -1.323621 227 201 169 1 4000
3.453692 -1.473347 -1.323832 222 196 164 1 4000
3.454243 -1.498505 -1.324043 219 193 162 1 4000
3.454793 -1.523671 -1.324254 220 195 163 1 4000
3.455343 -1.548845 -1.324465 211 186 155 1 4000
3.455894 -1.574027 -1.324676 201 176 145 1 4000
3.456445 -1.599217 -1.324887 198 175 147 1 4000
3.456996 -1.624415 -1.325099 191 168 140 1 4000
3.457547 -1.649621 -1.325310 191 169 142 1 4000
3.458099 -1.674835 -1.325521 194 174 148 1 4000
3.458650 -1.700057 -1.325733 207 184 154 1 4000
3.459202 -1.725287 -1.325944 207 183 152 1 4000
3.459755 -1.750526 -1.326156 202 177 149 1 4000
3.460306 -1.775772 -1.326367 208 185 156 1 4000
3.460859 -1.801026 -1.326579 209 187 158 1 4000
3.461411 -1.826288 -1.326791 209 188 160 1 4000
3.461964 -1.851559 -1.327003 211 187 159 1 4000
3.462517 -1.876838 -1.327215 214 190 160 1 4000
3.463070 -1.902124 -1.327427 210 183 151 1 4000
3.463623 -1.927419 -1.327639 216 188 156 1 4000
3.464176 -1.952721 -1.327851 218 196 165 1 4000
3.464730 -1.978032 -1.328063 239 219 190 1 4000
3.351217 1.931362 -1.308732 212 194 171 1 4000
3.351735 1.907477 -1.308934 212 192 166 1 4000
3.352253 1.883585 -1.309137 212 191 164 1 4000
3.352772 1.859685 -1.309339 214 190 163 1 4000
3.353290 1.835778 -1.309542 228 204 176 1 4000
3.353809 1.811863 -1.309744 223 198 168 1 4000
3.354327 1.787941 -1.309947 224 198 166 1 4000
3.354847 1.764012 -1.310150 225 199 167 1 4000
3.355366 1.740075 -1.310353 223 193 161 1 4000
3.355885 1.716131 -1.310555 222 192 158 1 4000
3.356405 1.692180 -1.310758 170 151 127 1 4000
3.356924 1.668220 -1.310961 216 195 167 1 4000
3.357444 1.644254 -1.311164 208 188 160 1 4000
3.357964 1.620280 -1.311367 210 189 163 1 4000
3.358484 1.596299 -1.311571 210 190 163 1 4000
3.359004 1.572310 -1.311774 211 190 162 1 4000
3.359525 1.548314 -1.311977 225 203 176 1 4000
3.360045 1.524310 -1.312180 246 223 193 1 4000
3.360566 1.500299 -1.312384 245 221 191 1 4000
3.361087 1.476281 -1.312587 242 218 187 1 4000
3.361609 1.452255 -1.312791 243 220 193 1 4000
3.362129 1.428222 -1.312994 254 231 200 1 4000
3.362651 1.404181 -1.313198 239 211 177 1 4000
3.363173 1.380133 -1.313401 252 221 185 1 4000
3.363694 1.356077 -1.313605 255 225 190 1 4000
3.364216 1.332014 -1.313809 255 230 197 1 4000
3.364738 1.307943 -1.314013 255 233 200 1 4000
3.365261 1.283865 -1.314217 255 236 203 1 4000
3.365783 1.259779 -1.314421 255 239 209 1 4000
3.366305 1.235686 -1.314625 255 240 207 1 4000
3.366828 1.211586 -1.314829 255 242 210 1 4000
3.367351 1.187478 -1.315033 255 244 214 1 4000
3.367874 1.163362 -1.315237 255 240 209 1 4000
3.368397 1.139239 -1.315442 218 193 162 1 4000
3.368921 1.115109 -1.315646 255 238 206 1 4000
3.369444 1.090971 -1.315850 255 236 204 1 4000
3.369968 1.066825 -1.316055 255 239 206 1 4000
3.370492 1.042672 -1.316260 255 235 200 1 4000
3.371016 1.018511 -1.316464 255 236 201 1 4000
3.371540 0.994343 -1.316669 255 243 209 1 4000
3.372064 0.970168 -1.316874 255 245 214 1 4000
3.372589 0.945985 -1.317078 255 240 209 1 4000
3.373113 0.921794 -1.317283 255 241 211 1 4000
3.373638 0.897596 -1.317488 255 234 202 1 4000
3.374163 0.873390 -1.317693 255 236 203 1 4000
3.374688 0.849177 -1.317898 226 199 166 1 4000
3.375213 0.824956 -1.318104 254 222 185 1 4000
3.375739 0.800728 -1.318309 255 230 194 1 4000
3.376265 0.776492 -1.318514 255 233 199 1 4000
3.376791 0.752249 -1.318720 255 242 209 1 4000
3.377316 0.727998 -1.318925 255 240 206 1 4000
3.377843 0.703739 -1.319130 255 245 214 1 4000
3.378369 0.679473 -1.319336 255 245 213 1 4000
3.378896 0.655200 -1.319542 255 247 215 1 4000
3.379422 0.630918 -1.319747 255 248 218 1 4000
3.379949 0.606629 -1.319953 255 249 217 1 4000
3.380476 0.582333 -1.320159 244 215 180 1 4000
3.381003 0.558029 -1.320364 255 232 196 1 4000
3.381530 0.533718 -1.320570 255 226 190 1 4000
3.382058 0.509399 -1.320776 255 227 189 1 4000
3.382585 0.485072 -1.320982 255 229 192 1 4000
3.383113 0.460738 -1.321189 255 227 190 1 4000
3.383641 0.436396 -1.321395 255 231 195 1 4000
3.384169 0.412047 -1.321601 255 235 200 1 4000
3.384697 0.387689 -1.321807 255 232 196 1 4000
3.385226 0.363325 -1.322014 255 234 199 1 4000
3.385754 0.338952 -1.322220 255 236 201 1 4000
3.386283 0.314573 -1.322427 255 241 205 1 4000
3.386812 0.290185 -1.322633 231 208 178 1 4000
3.387341 0.265790 -1.322840 255 242 206 1 4000
3.387871 0.241387 -1.323046 255 249 215 1 4000
3.388400 0.216977 -1.323253 255 255 223 1 4000
3.388929 0.192559 -1.323460 255 255 222 1 4000
3.389459 0.168133 -1.323667 255 249 217 1 4000
3.389989 0.143700 -1.323874 255 248 215 1 4000
3.390519 0.119259 -1.324081 255 242 207 1 4000
3.391050 0.094811 -1.324288 255 243 205 1 4000
3.391580 0.070354 -1.324495 255 239 203 1 4000
3.392111 0.045890 -1.324702 255 232 194 1 4000
3.392641 0.021419 -1.324910 236 205 170 1 4000
3.393172 -0.003060 -1.325117 255 243 209 1 4000
3.393703 -0.027547 -1.325324 255 238 204 1 4000
3.394234 -0.052042 -1.325532 255 245 210 1 4000
3.394766 -0.076544 -1.325739 255 249 215 1 4000
3.395297 -0.101054 -1.325947 255 247 212 1 4000
3.395829 -0.125571 -1.326155 255 247 213 1 4000
3.396362 -0.150096 -1.326362 255 238 203 1 4000
3.396893 -0.174629 -1.326570 255 236 200 1 4000
3.397426 -0.199170 -1.326778 255 230 193 1 4000
3.397958 -0.223718 -1.326986 255 228 193 1 4000
3.398490 -0.248274 -1.327194 255 230 192 1 4000
3.399024 -0.272838 -1.327402 241 213 177 1 4000
3.399556 -0.297409 -1.327610 255 230 192 1 4000
3.400089 -0.321988 -1.327818 255 234 197 1 4000
3.400623 -0.346575 -1.328027 255 240 205 1 4000
3.401156 -0.371169 -1.328235 255 244 212 1 4000
3.401690 -0.395772 -1.328443 255 241 208 1 4000
3.402224 -0.420382 -1.328652 255 247 212 1 4000
3.402757 -0.444999 -1.328860 255 249 215 1 4000
3.403291 -0.469625 -1.329069 255 250 217 1 4000
3.403826 -0.494258 -1.329277 255 249 215 1 4000
3.404360 -0.518899 -1.329486 255 247 215 1 4000
3.404895 -0.543547 -1.329695 201 178 149 1 4000
3.405429 -0.568204 -1.329904 255 234 199 1 4000
3.405964 -0.592868 -1.330112 255 246 213 1 4000
3.406499 -0.617539 -1.330321 255 241 206 1 4000
3.407034 -0.642219 -1.330530 255 229 191 1 4000
3.407571 -0.666906 -1.330740 255 228 189 1 4000
3.408106 -0.691601 -1.330949 255 243 208 1 4000
3.408642 -0.716304 -1.331158 255 241 205 1 4000
3.409178 -0.741015 -1.331367 255 239 202 1 4000
3.409714 -0.765733 -1.331577 255 235 198 1 4000
3.410250 -0.790459 -1.331786 255 234 199 1 4000
3.410787 -0.815194 -1.331996 255 233 198 1 4000
3.411323 -0.839935 -1.332205 255 231 196 1 4000
3.411860 -0.864685 -1.332415 255 237 200 1 4000
3.412397 -0.889442 -1.332624 255 236 200 1 4000
1.786097 -0.478434 -0.697515 176 176 174 8 1029
1.781516 -0.490061 -0.695726 163 163 162 8 1029
1.779414 -0.502321 -0.694905 149 149 148 8 1029
1.789448 -0.518065 -0.698823 136 136 134 8 1029
1.793085 -0.532056 -0.700244 190 182 156 8 1029
3.415622 -1.038150 -1.333884 255 247 212 1 4000
3.416160 -1.062962 -1.334094 255 242 208 1 4000
3.416698 -1.087781 -1.334304 255 245 210 1 4000
3.417237 -1.112609 -1.334515 255 226 192 1 4000
3.417775 -1.137444 -1.334725 255 235 198 1 4000
3.418314 -1.162288 -1.334935 255 231 193 1 4000
3.418854 -1.187139 -1.335146 255 228 190 1 4000
3.419393 -1.211998 -1.335356 255 228 189 1 4000
3.419932 -1.236865 -1.335567 255 232 196 1 4000
3.420471 -1.261739 -1.335778 255 230 193 1 4000
3.421011 -1.286622 -1.335989 255 231 196 1 4000
3.421551 -1.311512 -1.336199 255 229 193 1 4000
3.422091 -1.336410 -1.336410 255 234 198 1 4000
3.422631 -1.361316 -1.336621 255 232 196 1 4000
3.423172 -1.386230 -1.336832 215 195 167 1 4000
3.423712 -1.411152 -1.337043 255 245 214 1 4000
3.424253 -1.436081 -1.337254 255 247 216 1 4000
3.424793 -1.461019 -1.337466 255 244 211 1 4000
3.425334 -1.485964 -1.337677 255 252 219 1 4000
3.425876 -1.510917 -1.337888 255 243 210 1 4000
3.426417 -1.535879 -1.338100 255 241 204 1 4000
3.426959 -1.560848 -1.338311 255 229 195 1 4000
3.427500 -1.585825 -1.338523 255 235 200 1 4000
3.428042 -1.610810 -1.338734 255 236 203 1 4000
3.428584 -1.635802 -1.338946 255 236 201 1 4000
3.429127 -1.660803 -1.339158 207 185 155 1 4000
3.429669 -1.685812 -1.339370 255 243 211 1 4000
3.430212 -1.710828 -1.339582 255 239 207 1 4000
3.430754 -1.735852 -1.339794 255 232 197 1 4000
3.431297 -1.760885 -1.340006 255 236 201 1 4000
3.431840 -1.785925 -1.340218 255 242 209 1 4000
3.432384 -1.810973 -1.340430 255 242 208 1 4000
3.432927 -1.836029 -1.340642 255 234 200 1 4000
3.433470 -1.861093 -1.340854 254 223 186 1 4000
3.434015 -1.886165 -1.341067 251 219 183 1 4000
3.434558 -1.911245 -1.341279 247 213 175 1 4000
3.435103 -1.936333 -1.341492 223 195 159 1 4000
3.435647 -1.961429 -1.341704 253 226 190 1 4000
3.324001 1.915677 -1.322087 210 187 161 1 4000
3.324510 1.891984 -1.322289 209 188 161 1 4000
3.325020 1.868283 -1.322492 211 190 164 1 4000
3.325530 1.844575 -1.322695 222 199 171 1 4000
3.326040 1.820860 -1.322898 227 204 175 1 4000
3.326551 1.797137 -1.323101 227 202 172 1 4000
3.327061 1.773408 -1.323304 226 201 170 1 4000
3.327572 1.749671 -1.323508 223 197 167 1 4000
3.328083 1.725926 -1.323711 225 199 168 1 4000
3.328593 1.702175 -1.323914 210 184 153 1 4000
3.329104 1.678416 -1.324117 224 205 180 1 4000
3.329616 1.654649 -1.324320 211 192 167 1 4000
3.330127 1.630876 -1.324524 214 196 172 1 4000
3.330638 1.607095 -1.324727 210 191 164 1 4000
3.331151 1.583307 -1.324931 212 192 165 1 4000
3.331662 1.559512 -1.325134 213 194 170 1 4000
3.332174 1.535709 -1.325338 219 197 171 1 4000
3.332686 1.511899 -1.325542 242 218 187 1 4000
3.333199 1.488082 -1.325746 239 212 181 1 4000
3.333711 1.464257 -1.325950 240 214 184 1 4000
3.334224 1.440425 -1.326153 245 221 190 1 4000
3.334737 1.416585 -1.326357 185 166 140 1 4000
3.335250 1.392739 -1.326561 253 222 185 1 4000
3.335763 1.368885 -1.326765 252 221 186 1 4000
3.336276 1.345023 -1.326970 255 228 194 1 4000
3.336789 1.321154 -1.327174 255 236 202 1 4000
3.337303 1.297279 -1.327378 255 245 218 1 4000
3.337817 1.273395 -1.327582 255 235 204 1 4000
3.338331 1.249504 -1.327787 255 246 219 1 4000
3.338845 1.225606 -1.327991 255 247 219 1 4000
3.339359 1.201701 -1.328196 255 236 204 1 4000
3.339873 1.177788 -1.328400 255 239 202 1 4000
3.340388 1.153868 -1.328605 255 231 193 1 4000
3.340903 1.129940 -1.328810 222 203 176 1 4000
3.341418 1.106005 -1.329015 255 244 215 1 4000
3.341932 1.082063 -1.329219 255 241 212 1 4000
3.342448 1.058113 -1.329424 255 238 206 1 4000
3.342963 1.034156 -1.329629 255 239 206 1 4000
3.343478 1.010191 -1.329834 255 237 206 1 4000
3.343994 0.986220 -1.330039 255 240 207 1 4000
3.344510 0.962240 -1.330244 255 248 216 1 4000
3.345026 0.938253 -1.330450 255 245 215 1 4000
3.345542 0.914259 -1.330655 255 244 213 1 4000
3.346058 0.890258 -1.330860 255 247 218 1 4000
3.346575 0.866249 -1.331066 255 243 212 1 4000
3.347091 0.842233 -1.331271 253 219 182 1 4000
3.347608 0.818209 -1.331477 255 221 182 1 4000
3.348125 0.794178 -1.331682 255 228 191 1 4000
3.348642 0.770139 -1.331888 255 236 201 1 4000
3.349159 0.746093 -1.332094 255 241 208 1 4000
3.349677 0.722040 -1.332299 255 239 205 1 4000
3.350194 0.697979 -1.332505 255 243 212 1 4000
3.350712 0.673911 -1.332711 255 245 214 1 4000
3.351230 0.649835 -1.332917 255 247 214 1 4000
3.351748 0.625752 -1.333123 255 242 208 1 4000
3.352266 0.601661 -1.333329 255 237 200 1 4000
3.352784 0.577563 -1.333536 199 174 143 1 4000
3.353303 0.553457 -1.333742 255 225 188 1 4000
3.353822 0.529344 -1.333948 255 224 186 1 4000
3.354340 0.505224 -1.334154 255 228 192 1 4000
3.354859 0.481096 -1.334361 255 234 198 1 4000
3.355378 0.456961 -1.334567 255 238 200 1 4000
3.355898 0.432818 -1.334774 255 243 205 1 4000
3.356418 0.408668 -1.334981 255 246 211 1 4000
3.356937 0.384510 -1.335187 255 244 212 1 4000
3.357457 0.360344 -1.335394 255 242 208 1 4000
3.357977 0.336172 -1.335601 255 250 219 1 4000
3.358497 0.311991 -1.335808 255 254 223 1 4000
3.359017 0.287804 -1.336015 244 219 187 1 4000
3.359538 0.263608 -1.336222 255 255 223 1 4000
3.360058 0.239406 -1.336429 255 250 216 1 4000
3.360579 0.215195 -1.336636 255 255 221 1 4000
3.361100 0.190978 -1.336843 255 250 213 1 4000
3.361621 0.166752 -1.337050 255 250 217 1 4000
3.362142 0.142520 -1.337258 255 240 202 1 4000
3.362664 0.118279 -1.337465 255 238 201 1 4000
3.363185 0.094031 -1.337672 255 239 201 1 4000
3.363707 0.069776 -1.337880 255 234 196 1 4000
3.364229 0.045513 -1.338088 255 232 192 1 4000
3.364751 0.021243 -1.338295 241 211 175 1 4000
3.365273 -0.003035 -1.338503 255 238 204 1 4000
3.365796 -0.027321 -1.338711 255 242 208 1 4000
3.366318 -0.051614 -1.338919 255 243 208 1 4000
3.366841 -0.075914 -1.339126 255 245 213 1 4000
3.367364 -0.100222 -1.339334 255 245 211 1 4000
3.367887 -0.124538 -1.339543 255 248 214 1 4000
3.368410 -0.148861 -1.339751 255 250 219 1 4000
3.368933 -0.173192 -1.339959 255 247 214 1 4000
3.369457 -0.197530 -1.340167 255 241 206 1 4000
3.369981 -0.221876 -1.340375 255 245 211 1 4000
3.370504 -0.246230 -1.340583 255 251 218 1 4000
3.371028 -0.270591 -1.340792 235 210 177 1 4000
3.371553 -0.294959 -1.341000 255 229 191 1 4000
3.372077 -0.319335 -1.341209 255 235 197 1 4000
3.372601 -0.343719 -1.341418 255 238 202 1 4000
3.373126 -0.368110 -1.341626 255 247 212 1 4000
3.373651 -0.392509 -1.341835 255 244 211 1 4000
3.374176 -0.416916 -1.342044 255 250 218 1 4000
3.374701 -0.441330 -1.342253 255 248 215 1 4000
3.375226 -0.465752 -1.342462 255 250 218 1 4000
3.375752 -0.490181 -1.342671 255 254 222 1 4000
3.376278 -0.514618 -1.342880 255 249 219 1 4000
3.376804 -0.539063 -1.343089 221 196 164 1 4000
3.377329 -0.563515 -1.343298 255 242 208 1 4000
3.377855 -0.587975 -1.343507 255 243 211 1 4000
3.378382 -0.612442 -1.343717 255 246 211 1 4000
3.378908 -0.636917 -1.343926 255 242 207 1 4000
3.379435 -0.661400 -1.344136 255 243 207 1 4000
3.379962 -0.685890 -1.344345 255 251 216 1 4000
3.380489 -0.710388 -1.344555 255 250 217 1 4000
3.381016 -0.734894 -1.344764 255 247 213 1 4000
3.381543 -0.759407 -1.344974 255 247 215 1 4000
3.382071 -0.783928 -1.345184 255 240 208 1 4000
3.382598 -0.808456 -1.345394 255 243 209 1 4000
3.383126 -0.832992 -1.345603 244 215 180 1 4000
3.383654 -0.857536 -1.345813 255 227 189 1 4000
1.772303 -0.461951 -0.704915 177 177 175 8 1029
1.766076 -0.473071 -0.702438 159 159 157 8 1029
1.764572 -0.485400 -0.701840 147 147 145 8 1029
1.779028 -0.502212 -0.707590 88 88 87 8 1029
1.778111 -0.514783 -0.707225 92 92 91 8 1029
1.779621 -0.528060 -0.707826 81 81 81 8 1029
3.387354 -1.029558 -1.347285 255 251 218 1 4000
3.387883 -1.054163 -1.347496 255 252 222 1 4000
3.388413 -1.078776 -1.347706 255 247 217 1 4000
3.388942 -1.103397 -1.347917 190 165 137 1 4000
3.389472 -1.128025 -1.348128 255 233 196 1 4000
3.390002 -1.152661 -1.348339 255 226 190 1 4000
3.390532 -1.177305 -1.348549 255 233 196 1 4000
3.391063 -1.201956 -1.348760 255 229 193 1 4000
3.391593 -1.226615 -1.348971 255 229 192 1 4000
3.392124 -1.251282 -1.349182 255 238 203 1 4000
3.392654 -1.275957 -1.349393 255 231 195 1 4000
3.393185 -1.300639 -1.349604 255 233 198 1 4000
3.393717 -1.325329 -1.349816 255 231 197 1 4000
3.394247 -1.350027 -1.350027 255 237 202 1 4000
3.394779 -1.374732 -1.350238 255 235 201 1 4000
3.395310 -1.399446 -1.350450 255 233 197 1 4000
3.395842 -1.424166 -1.350661 255 243 207 1 4000
3.396375 -1.448895 -1.350873 255 251 218 1 4000
3.396906 -1.473632 -1.351085 255 252 221 1 4000
3.397439 -1.498376 -1.351296 255 249 215 1 4000
3.397971 -1.523128 -1.351508 255 246 213 1 4000
3.398504 -1.547888 -1.351720 255 240 204 1 4000
3.399037 -1.572655 -1.351932 255 235 199 1 4000
3.399570 -1.597430 -1.352144 255 236 200 1 4000
3.400102 -1.622213 -1.352356 255 231 195 1 4000
3.400636 -1.647004 -1.352568 255 228 191 1 4000
3.401169 -1.671803 -1.352780 240 218 186 1 4000
3.401703 -1.696609 -1.352992 255 236 203 1 4000
3.402237 -1.721423 -1.353205 255 240 205 1 4000
3.402771 -1.746245 -1.353417 255 240 205 1 4000
3.403305 -1.771075 -1.353629 255 240 207 1 4000
3.403839 -1.795912 -1.353842 255 239 205 1 4000
3.404373 -1.820758 -1.354054 255 235 200 1 4000
3.404908 -1.845611 -1.354267 255 232 196 1 4000
3.405443 -1.870472 -1.354480 254 224 188 1 4000
3.405978 -1.895341 -1.354693 251 222 188 1 4000
3.406513 -1.920217 -1.354905 248 217 181 1 4000
3.407048 -1.945101 -1.355118 192 168 139 1 4000
3.297223 1.900245 -1.335227 202 180 152 1 4000
3.297725 1.876740 -1.335430 207 186 159 1 4000
3.298226 1.853228 -1.335633 220 196 167 1 4000
3.298728 1.829709 -1.335836 224 199 170 1 4000
3.299230 1.806183 -1.336039 225 201 171 1 4000
3.299732 1.782649 -1.336243 227 204 174 1 4000
3.300235 1.759108 -1.336446 224 198 168 1 4000
3.300736 1.735560 -1.336650 224 199 168 1 4000
3.301240 1.712006 -1.336854 223 197 165 1 4000
3.301742 1.688444 -1.337057 199 180 155 1 4000
3.302245 1.664874 -1.337260 220 203 180 1 4000
3.302748 1.641298 -1.337464 209 191 167 1 4000
3.303251 1.617714 -1.337668 211 192 167 1 4000
3.303754 1.594123 -1.337872 213 192 167 1 4000
3.304258 1.570525 -1.338076 212 192 165 1 4000
3.304761 1.546920 -1.338280 212 193 168 1 4000
3.305265 1.523307 -1.338484 217 195 168 1 4000
3.305769 1.499688 -1.338688 245 218 188 1 4000
3.306273 1.476061 -1.338892 244 218 187 1 4000
3.306777 1.452427 -1.339096 242 215 184 1 4000
3.307282 1.428786 -1.339300 251 227 195 1 4000
3.307786 1.405137 -1.339505 252 230 199 1 4000
3.308291 1.381481 -1.339709 255 234 203 1 4000
3.308796 1.357818 -1.339913 247 216 180 1 4000
3.309301 1.334148 -1.340118 252 227 194 1 4000
3.309806 1.310471 -1.340322 255 234 204 1 4000
3.310312 1.286786 -1.340527 255 244 216 1 4000
3.310817 1.263094 -1.340732 255 242 213 1 4000
3.311323 1.239395 -1.340937 255 245 215 1 4000
3.311828 1.215689 -1.341141 255 245 218 1 4000
3.312334 1.191976 -1.341346 255 233 198 1 4000
3.312840 1.168255 -1.341551 255 236 200 1 4000
3.313347 1.144527 -1.341756 245 214 177 1 4000
3.313853 1.120792 -1.341961 255 251 221 1 4000
3.314359 1.097049 -1.342166 255 246 215 1 4000
3.314866 1.073299 -1.342372 255 237 203 1 4000
3.315373 1.049542 -1.342577 255 238 205 1 4000
3.315880 1.025778 -1.342782 255 231 196 1 4000
3.316387 1.002006 -1.342988 255 239 208 1 4000
3.316895 0.978227 -1.343193 255 243 214 1 4000
3.317402 0.954441 -1.343399 255 237 204 1 4000
3.317910 0.930648 -1.343604 255 241 207 1 4000
3.318418 0.906847 -1.343810 255 248 218 1 4000
3.318925 0.883039 -1.344015 255 242 210 1 4000
3.319434 0.859224 -1.344221 224 202 174 1 4000
3.319942 0.835401 -1.344427 255 226 188 1 4000
3.320450 0.811571 -1.344633 255 222 185 1 4000
3.320959 0.787734 -1.344839 255 222 185 1 4000
3.321467 0.763889 -1.345045 255 234 201 1 4000
3.321976 0.740038 -1.345251 255 243 213 1 4000
3.322485 0.716179 -1.345457 255 248 217 1 4000
3.322994 0.692312 -1.345663 255 247 216 1 4000
3.323504 0.668438 -1.345870 255 248 218 1 4000
3.324014 0.644557 -1.346076 255 245 214 1 4000
3.324523 0.620669 -1.346282 255 240 203 1 4000
3.325033 0.596773 -1.346489 255 241 204 1 4000
3.325543 0.572870 -1.346695 193 170 141 1 4000
3.326053 0.548960 -1.346902 255 231 197 1 4000
3.326563 0.525042 -1.347108 255 233 199 1 4000
3.327074 0.501117 -1.347315 255 231 195 1 4000
3.327584 0.477185 -1.347522 255 240 204 1 4000
3.328095 0.453245 -1.347729 255 252 217 1 4000
3.328606 0.429298 -1.347936 255 247 212 1 4000
3.329117 0.405343 -1.348142 255 244 209 1 4000
3.329628 0.381382 -1.348350 255 244 208 1 4000
3.330139 0.357413 -1.348557 255 242 206 1 4000
3.330651 0.333436 -1.348764 255 245 212 1 4000
3.331163 0.309452 -1.348971 255 246 215 1 4000
3.331675 0.285461 -1.349178 255 234 200 1 4000
3.332187 0.261462 -1.349386 255 245 210 1 4000
3.332699 0.237456 -1.349593 255 248 215 1 4000
3.333211 0.213443 -1.349800 255 251 216 1 4000
3.333724 0.189422 -1.350008 255 246 214 1 4000
3.334236 0.165394 -1.350215 255 247 214 1 4000
3.334749 0.141358 -1.350423 255 247 213 1 4000
3.335262 0.117315 -1.350631 255 243 206 1 4000
3.335775 0.093265 -1.350839 255 238 202 1 4000
3.336288 0.069207 -1.351047 255 237 201 1 4000
3.336802 0.045142 -1.351254 255 241 202 1 4000
3.337316 0.021070 -1.351462 235 206 171 1 4000
3.337829 -0.003010 -1.351671 255 245 213 1 4000
3.338343 -0.027098 -1.351879 255 246 213 1 4000
3.338857 -0.051193 -1.352087 255 250 218 1 4000
3.339371 -0.075295 -1.352295 255 246 212 1 4000
3.339886 -0.099404 -1.352503 255 247 213 1 4000
3.340400 -0.123521 -1.352712 255 250 220 1 4000
3.340915 -0.147646 -1.352920 255 246 212 1 4000
3.341430 -0.171778 -1.353129 255 242 208 1 4000
3.341945 -0.195917 -1.353337 255 240 206 1 4000
3.342460 -0.220064 -1.353546 255 241 207 1 4000
3.342975 -0.244218 -1.353755 255 245 211 1 4000
3.343491 -0.268380 -1.353963 213 189 158 1 4000
3.344007 -0.292549 -1.354172 255 231 192 1 4000
3.344522 -0.316726 -1.354381 255 230 192 1 4000
3.345038 -0.340910 -1.354590 255 239 203 1 4000
3.345554 -0.365102 -1.354799 255 245 211 1 4000
3.346071 -0.389301 -1.355008 255 252 220 1 4000
3.346587 -0.413507 -1.355217 255 248 215 1 4000
3.347104 -0.437721 -1.355426 255 254 224 1 4000
3.347621 -0.461943 -1.355636 255 252 220 1 4000
3.348137 -0.486171 -1.355845 255 246 210 1 4000
3.348655 -0.510408 -1.356054 255 246 208 1 4000
3.349172 -0.534652 -1.356264 255 233 195 1 4000
3.349689 -0.558903 -1.356473 255 250 218 1 4000
3.350207 -0.583162 -1.356683 255 251 222 1 4000
3.350724 -0.607428 -1.356892 255 249 218 1 4000
3.351242 -0.631702 -1.357102 255 246 213 1 4000
3.351760 -0.655984 -1.357312 255 239 204 1 4000
3.352278 -0.680272 -1.357522 255 246 214 1 4000
3.352797 -0.704569 -1.357732 255 250 218 1 4000
3.353316 -0.728873 -1.357942 255 253 222 1 4000
3.353834 -0.753184 -1.358152 255 249 218 1 4000
3.354353 -0.777503 -1.358362 255 243 210 1 4000
3.354872 -0.801830 -1.358572 255 251 220 1 4000
3.355391 -0.826164 -1.358782 206 182 152 1 4000
3.355911 -0.850505 -1.358993 226 201 167 1 4000
1.751300 -0.456477 -0.709198 153 153 152 8 1029
3.356950 -0.899211 -1.359413 233 217 187 1 4000
1.819730 -0.500573 -0.736909 139 132 113 8 1029
1.798191 -0.507622 -0.728187 43 45 43 8 1029
1.781898 -0.515879 -0.721588 25 26 25 8 1029
3.359030 -0.996713 -1.360256 255 245 213 1 4000
3.359550 -1.021107 -1.360466 255 247 214 1 4000
3.360071 -1.045509 -1.360677 255 250 216 1 4000
3.360592 -1.069919 -1.360888 255 246 211 1 4000
3.361113 -1.094336 -1.361099 255 227 190 1 4000
3.361634 -1.118760 -1.361310 255 230 193 1 4000
3.362155 -1.143193 -1.361521 255 230 193 1 4000
3.362676 -1.167632 -1.361732 255 229 192 1 4000
3.363198 -1.192080 -1.361944 255 235 197 1 4000
3.363720 -1.216535 -1.362155 255 235 198 1 4000
3.364242 -1.240997 -1.362366 255 239 201 1 4000
3.364764 -1.265467 -1.362578 255 248 215 1 4000
3.365286 -1.289945 -1.362789 255 244 210 1 4000
3.365808 -1.314430 -1.363001 255 243 209 1 4000
3.366331 -1.338923 -1.363212 255 246 216 1 4000
3.366854 -1.363424 -1.363424 255 252 221 1 4000
3.367377 -1.387932 -1.363636 223 201 171 1 4000
3.367900 -1.412448 -1.363848 255 250 219 1 4000
3.368423 -1.436971 -1.364060 255 249 215 1 4000
3.368946 -1.461502 -1.364271 255 252 218 1 4000
3.369470 -1.486041 -1.364483 255 249 214 1 4000
3.369993 -1.510587 -1.364696 255 246 214 1 4000
3.370517 -1.535141 -1.364908 255 236 200 1 4000
3.371042 -1.559703 -1.365120 255 236 201 1 4000
3.371565 -1.584272 -1.365332 255 235 198 1 4000
3.372090 -1.608848 -1.365544 255 232 194 1 4000
3.372614 -1.633433 -1.365757 255 228 189 1 4000
3.373139 -1.658025 -1.365969 219 191 158 1 4000
3.373664 -1.682625 -1.366182 255 233 200 1 4000
3.374189 -1.707232 -1.366394 255 236 204 1 4000
3.374714 -1.731847 -1.366607 255 236 202 1 4000
3.375239 -1.756470 -1.366820 255 238 206 1 4000
3.375765 -1.781100 -1.367033 255 238 204 1 4000
3.376290 -1.805738 -1.367246 255 242 208 1 4000
3.376817 -1.830384 -1.367459 255 245 213 1 4000
3.377342 -1.855037 -1.367671 255 237 204 1 4000
3.377869 -1.879699 -1.367884 255 230 195 1 4000
3.378395 -1.904367 -1.368098 255 238 206 1 4000
3.378921 -1.929044 -1.368311 255 237 203 1 4000
3.270874 1.885059 -1.348156 204 183 156 1 4000
3.271368 1.861740 -1.348360 218 194 167 1 4000
3.271861 1.838413 -1.348563 226 202 174 1 4000
3.272355 1.815080 -1.348767 226 203 176 1 4000
3.272849 1.791740 -1.348971 229 204 177 1 4000
3.273343 1.768392 -1.349174 224 199 168 1 4000
3.273837 1.745038 -1.349378 223 196 165 1 4000
3.274331 1.721676 -1.349582 222 195 164 1 4000
3.274826 1.698308 -1.349786 181 160 134 1 4000
3.275321 1.674932 -1.349990 213 193 167 1 4000
3.275815 1.651549 -1.350194 208 188 162 1 4000
3.276310 1.628159 -1.350398 210 191 168 1 4000
3.276805 1.604763 -1.350602 214 194 168 1 4000
3.277301 1.581359 -1.350806 214 192 167 1 4000
3.277796 1.557948 -1.351010 213 192 164 1 4000
3.278291 1.534530 -1.351214 214 191 164 1 4000
3.278788 1.511104 -1.351419 220 196 169 1 4000
3.279283 1.487672 -1.351623 246 221 190 1 4000
3.279779 1.464233 -1.351828 245 220 188 1 4000
3.280276 1.440786 -1.352032 243 216 183 1 4000
3.280772 1.417333 -1.352237 193 173 146 1 4000
3.281269 1.393872 -1.352441 254 228 196 1 4000
3.281765 1.370404 -1.352646 244 216 182 1 4000
3.282262 1.346930 -1.352851 248 221 189 1 4000
3.282759 1.323448 -1.353055 252 227 196 1 4000
3.283256 1.299959 -1.353260 255 232 202 1 4000
3.283753 1.276463 -1.353465 255 233 201 1 4000
3.284250 1.252959 -1.353670 255 234 203 1 4000
3.284748 1.229449 -1.353875 255 241 212 1 4000
3.285246 1.205931 -1.354080 255 226 188 1 4000
3.285744 1.182407 -1.354286 255 226 190 1 4000
3.286242 1.158875 -1.354491 253 218 178 1 4000
3.286740 1.135336 -1.354696 191 171 144 1 4000
3.287238 1.111790 -1.354902 255 255 226 1 4000
3.287736 1.088237 -1.355107 255 247 214 1 4000
3.288235 1.064676 -1.355313 255 237 204 1 4000
3.288734 1.041109 -1.355518 255 238 204 1 4000
3.289232 1.017534 -1.355724 255 241 210 1 4000
3.289732 0.993952 -1.355929 255 234 203 1 4000
3.290231 0.970364 -1.356135 255 233 200 1 4000
3.290730 0.946767 -1.356341 255 237 205 1 4000
3.291229 0.923164 -1.356547 255 237 204 1 4000
3.291729 0.899554 -1.356753 255 241 210 1 4000
3.292229 0.875936 -1.356959 255 245 210 1 4000
3.292729 0.852311 -1.357165 205 176 143 1 4000
3.293229 0.828679 -1.357371 249 211 171 1 4000
3.293730 0.805040 -1.357577 249 215 177 1 4000
3.294230 0.781394 -1.357784 255 231 198 1 4000
3.294730 0.757740 -1.357990 255 232 200 1 4000
3.295231 0.734080 -1.358196 255 241 210 1 4000
3.295732 0.710412 -1.358403 255 235 203 1 4000
3.296233 0.686737 -1.358609 255 241 210 1 4000
3.296734 0.663054 -1.358816 255 249 219 1 4000
3.297235 0.639365 -1.359022 255 236 198 1 4000
3.297737 0.615668 -1.359229 255 231 193 1 4000
3.298239 0.591964 -1.359436 255 227 189 1 4000
3.298741 0.568253 -1.359643 251 219 183 1 4000
3.299242 0.544535 -1.359849 255 243 211 1 4000
3.299744 0.520809 -1.360056 255 233 198 1 4000
3.300247 0.497077 -1.360263 255 239 202 1 4000
3.300749 0.473336 -1.360470 255 242 207 1 4000
3.301251 0.449589 -1.360677 255 249 215 1 4000
3.301755 0.425835 -1.360885 255 251 217 1 4000
3.302257 0.402073 -1.361092 255 247 211 1 4000
3.302760 0.378304 -1.361299 255 251 216 1 4000
3.303263 0.354528 -1.361507 255 248 213 1 4000
3.303767 0.330745 -1.361714 255 246 213 1 4000
3.304270 0.306954 -1.361922 255 238 205 1 4000
3.304774 0.283156 -1.362129 255 237 201 1 4000
3.305278 0.259351 -1.362337 255 231 196 1 4000
3.305781 0.235538 -1.362545 255 233 196 1 4000
3.306286 0.211719 -1.362752 255 239 204 1 4000
3.306790 0.187892 -1.362960 255 243 210 1 4000
3.307294 0.164057 -1.363168 255 240 204 1 4000
3.307799 0.140216 -1.363376 255 243 208 1 4000
3.308303 0.116367 -1.363584 255 249 215 1 4000
3.308808 0.092511 -1.363792 255 242 206 1 4000
3.309313 0.068648 -1.364000 255 240 204 1 4000
3.309819 0.044777 -1.364209 255 242 204 1 4000
3.310324 0.020899 -1.364417 227 200 165 1 4000
3.310829 -0.002986 -1.364625 255 252 223 1 4000
3.311335 -0.026878 -1.364834 255 247 218 1 4000
3.311841 -0.050778 -1.365042 255 253 222 1 4000
3.312346 -0.074685 -1.365250 255 251 219 1 4000
3.312853 -0.098600 -1.365459 255 248 215 1 4000
3.313359 -0.122522 -1.365668 255 247 214 1 4000
3.313865 -0.146451 -1.365877 255 246 213 1 4000
3.314372 -0.170387 -1.366085 255 245 212 1 4000
3.314878 -0.194331 -1.366294 255 244 210 1 4000
3.315386 -0.218282 -1.366503 255 237 203 1 4000
3.315892 -0.242240 -1.366712 255 244 209 1 4000
3.316400 -0.266206 -1.366921 184 165 140 1 4000
3.316907 -0.290179 -1.367130 255 243 210 1 4000
3.317415 -0.314159 -1.367339 255 228 190 1 4000
3.317922 -0.338146 -1.367548 255 230 193 1 4000
3.318430 -0.362141 -1.367758 255 242 209 1 4000
3.318938 -0.386144 -1.367967 255 253 224 1 4000
3.319446 -0.410153 -1.368177 255 254 223 1 4000
3.319955 -0.434171 -1.368386 255 255 225 1 4000
3.320463 -0.458195 -1.368596 255 255 227 1 4000
3.320971 -0.482227 -1.368805 255 245 210 1 4000
3.321480 -0.506266 -1.369015 255 248 212 1 4000
3.321989 -0.530312 -1.369225 255 238 200 1 4000
3.322498 -0.554366 -1.369435 255 247 216 1 4000
3.323007 -0.578427 -1.369644 255 253 222 1 4000
3.323516 -0.602496 -1.369854 255 246 212 1 4000
3.324026 -0.626572 -1.370064 255 246 212 1 4000
3.324536 -0.650655 -1.370274 255 239 204 1 4000
3.325045 -0.674746 -1.370485 255 244 211 1 4000
3.325555 -0.698844 -1.370695 255 249 219 1 4000
3.326066 -0.722950 -1.370905 255 247 213 1 4000
3.326576 -0.747063 -1.371115 255 245 211 1 4000
2.086000 -0.483513 -0.859787 243 211 174 6 1012
2.086319 -0.498640 -0.859919 199 156 118 6 1012
3.328107 -0.819446 -1.371747 236 214 186 1 4000
1.737244 -0.440278 -0.716040 152 152 150 8 1029
3.329129 -0.867738 -1.372168 255 227 188 1 4000
3.329641 -0.891896 -1.372379 255 230 192 1 4000
3.330152 -0.916061 -1.372589 255 236 201 1 4000
3.330664 -0.940233 -1.372800 189 187 164 1 4000
1.779871 -0.515292 -0.733610 77 81 79 8 1029
3.331687 -0.988600 -1.373222 255 252 220 1 4000
3.332199 -1.012794 -1.373433 255 252 223 1 4000
3.332711 -1.036996 -1.373644 255 247 216 1 4000
3.333224 -1.061206 -1.373856 255 246 209 1 4000
3.333736 -1.085422 -1.374067 255 242 204 1 4000
3.334249 -1.109646 -1.374278 242 213 179 1 4000
3.334762 -1.133878 -1.374489 255 230 196 1 4000
3.335275 -1.158118 -1.374701 255 234 201 1 4000
3.335788 -1.182364 -1.374912 255 229 195 1 4000
3.336301 -1.206618 -1.375124 255 241 205 1 4000
3.336814 -1.230880 -1.375335 255 251 218 1 4000
3.337328 -1.255149 -1.375547 255 247 213 1 4000
3.337842 -1.279426 -1.375759 255 242 205 1 4000
3.338356 -1.303710 -1.375971 255 242 208 1 4000
3.338870 -1.328001 -1.376183 255 239 204 1 4000
3.339384 -1.352300 -1.376395 255 247 217 1 4000
3.339899 -1.376606 -1.376607 250 227 198 1 4000
3.340413 -1.400920 -1.376819 255 241 208 1 4000
3.340928 -1.425242 -1.377031 255 247 215 1 4000
3.341443 -1.449571 -1.377243 255 246 213 1 4000
3.341958 -1.473907 -1.377455 255 246 213 1 4000
3.342473 -1.498251 -1.377667 255 245 212 1 4000
3.342988 -1.522602 -1.377880 255 244 211 1 4000
3.343503 -1.546961 -1.378092 255 239 205 1 4000
3.344020 -1.571328 -1.378305 255 235 199 1 4000
3.344535 -1.595702 -1.378518 255 235 199 1 4000
3.345051 -1.620083 -1.378730 255 234 198 1 4000
3.345567 -1.644472 -1.378943 255 234 195 1 4000
3.346084 -1.668869 -1.379156 229 208 180 1 4000
3.346600 -1.693273 -1.379369 255 235 203 1 4000
3.347116 -1.717685 -1.379582 255 241 209 1 4000
3.347634 -1.742104 -1.379795 255 239 206 1 4000
3.348150 -1.766530 -1.380008 255 241 206 1 4000
3.348667 -1.790964 -1.380221 255 243 211 1 4000
3.349185 -1.815406 -1.380434 255 244 212 1 4000
3.349702 -1.839856 -1.380647 255 235 202 1 4000
3.350219 -1.864313 -1.380860 255 235 201 1 4000
3.350737 -1.888777 -1.381074 255 231 199 1 4000
3.351255 -1.913249 -1.381287 255 236 204 1 4000
3.244942 1.870114 -1.360881 214 193 165 1 4000
3.245428 1.846977 -1.361085 224 203 176 1 4000
3.245913 1.823834 -1.361288 229 204 176 1 4000
3.246399 1.800683 -1.361493 227 205 177 1 4000
3.246886 1.777526 -1.361697 225 200 171 1 4000
3.247372 1.754362 -1.361901 223 198 169 1 4000
3.247858 1.731190 -1.362105 221 197 168 1 4000
3.248345 1.708012 -1.362309 218 194 165 1 4000
3.248832 1.684827 -1.362513 215 195 169 1 4000
3.249318 1.661635 -1.362717 207 187 161 1 4000
3.249805 1.638436 -1.362921 208 189 164 1 4000
3.250293 1.615230 -1.363126 212 191 164 1 4000
3.250780 1.592017 -1.363330 215 193 167 1 4000
3.251267 1.568797 -1.363534 212 190 163 1 4000
3.251755 1.545570 -1.363739 212 189 160 1 4000
3.252243 1.522336 -1.363943 209 184 155 1 4000
3.252730 1.499095 -1.364148 216 191 161 1 4000
3.253218 1.475848 -1.364353 244 219 188 1 4000
3.253706 1.452593 -1.364557 242 217 184 1 4000
3.254195 1.429331 -1.364762 252 222 186 1 4000
3.254684 1.406063 -1.364967 241 215 183 1 4000
3.255172 1.382787 -1.365172 251 224 192 1 4000
3.255661 1.359504 -1.365377 251 225 193 1 4000
3.256150 1.336214 -1.365582 253 227 195 1 4000
3.256639 1.312918 -1.365787 255 231 201 1 4000
3.257128 1.289614 -1.365992 255 232 203 1 4000
3.257617 1.266303 -1.366197 255 233 203 1 4000
3.258107 1.242985 -1.366403 255 236 207 1 4000
3.258596 1.219661 -1.366608 255 226 190 1 4000
3.259086 1.196329 -1.366813 245 210 170 1 4000
3.259576 1.172990 -1.367019 247 211 171 1 4000
3.260067 1.149644 -1.367224 250 217 177 1 4000
3.260556 1.126292 -1.367430 247 220 185 1 4000
3.261047 1.102932 -1.367636 255 232 198 1 4000
3.261538 1.079565 -1.367841 255 225 188 1 4000
3.262028 1.056191 -1.368047 255 224 185 1 4000
3.262519 1.032810 -1.368253 255 227 190 1 4000
3.263010 1.009422 -1.368459 255 239 206 1 4000
3.263501 0.986027 -1.368665 255 235 201 1 4000
3.263992 0.962625 -1.368871 255 230 196 1 4000
3.264484 0.939216 -1.369077 255 236 202 1 4000
3.264975 0.915800 -1.369283 255 238 204 1 4000
3.265467 0.892377 -1.369489 255 240 207 1 4000
3.265959 0.868946 -1.369696 255 245 216 1 4000
3.266451 0.845509 -1.369902 242 208 169 1 4000
3.266943 0.822065 -1.370108 252 224 191 1 4000
3.267436 0.798614 -1.370315 250 222 188 1 4000
3.267928 0.775155 -1.370521 255 230 199 1 4000
3.268421 0.751689 -1.370728 255 234 202 1 4000
3.268914 0.728217 -1.370935 255 237 206 1 4000
3.269406 0.704737 -1.371141 255 237 206 1 4000
3.269900 0.681250 -1.371348 255 248 219 1 4000
3.270393 0.657756 -1.371555 255 233 196 1 4000
3.270886 0.634255 -1.371762 254 218 177 1 4000
3.271379 0.610747 -1.371969 255 221 179 1 4000
3.271873 0.587232 -1.372176 247 213 173 1 4000
3.272367 0.563710 -1.372383 255 232 196 1 4000
3.272861 0.540181 -1.372590 255 230 195 1 4000
3.273355 0.516644 -1.372797 255 239 206 1 4000
3.273849 0.493101 -1.373005 255 240 206 1 4000
3.274343 0.469550 -1.373212 255 241 206 1 4000
3.274838 0.445992 -1.373419 255 244 209 1 4000
3.275332 0.422427 -1.373627 255 245 210 1 4000
3.275828 0.398855 -1.373834 255 243 206 1 4000
3.276323 0.375276 -1.374042 255 246 212 1 4000
3.276818 0.351690 -1.374250 255 249 215 1 4000
3.277313 0.328096 -1.374457 255 241 208 1 4000
3.277808 0.304496 -1.374665 252 227 194 1 4000
3.278304 0.280888 -1.374873 255 226 188 1 4000
3.278800 0.257273 -1.375081 255 228 193 1 4000
3.279296 0.233651 -1.375289 255 231 195 1 4000
3.279792 0.210022 -1.375497 255 237 203 1 4000
3.280288 0.186386 -1.375705 255 239 204 1 4000
3.280784 0.162742 -1.375913 255 243 208 1 4000
3.281281 0.139092 -1.376121 255 246 213 1 4000
3.281777 0.115434 -1.376330 255 246 214 1 4000
3.282274 0.091769 -1.376538 255 240 204 1 4000
3.282771 0.068097 -1.376746 255 237 199 1 4000
3.283268 0.044418 -1.376955 255 236 200 1 4000
3.283765 0.020732 -1.377163 224 198 166 1 4000
3.284263 -0.002962 -1.377372 255 241 210 1 4000
3.284760 -0.026663 -1.377581 255 243 211 1 4000
3.285258 -0.050371 -1.377789 255 249 218 1 4000
3.285756 -0.074086 -1.377998 255 249 217 1 4000
3.286254 -0.097808 -1.378207 255 247 213 1 4000
3.286752 -0.121538 -1.378416 255 247 213 1 4000
3.287250 -0.145274 -1.378625 255 246 212 1 4000
3.287749 -0.169018 -1.378834 255 245 211 1 4000
3.288247 -0.192769 -1.379043 255 246 212 1 4000
3.288746 -0.216528 -1.379252 255 245 211 1 4000
3.289245 -0.240293 -1.379461 255 238 203 1 4000
3.289744 -0.264066 -1.379671 183 164 140 1 4000
3.290243 -0.287846 -1.379880 255 240 205 1 4000
3.290742 -0.311633 -1.380089 254 222 184 1 4000
3.291242 -0.335427 -1.380299 255 234 201 1 4000
3.291742 -0.359229 -1.380508 255 237 205 1 4000
3.292241 -0.383038 -1.380718 255 244 213 1 4000
3.292741 -0.406854 -1.380928 255 242 208 1 4000
3.293242 -0.430677 -1.381138 255 243 210 1 4000
3.293742 -0.454508 -1.381347 255 251 222 1 4000
3.294242 -0.478345 -1.381557 255 236 196 1 4000
3.294743 -0.502190 -1.381767 255 237 200 1 4000
3.295244 -0.526043 -1.381977 255 229 190 1 4000
3.295745 -0.549902 -1.382187 255 238 208 1 4000
3.296245 -0.573769 -1.382397 255 255 232 1 4000
3.296746 -0.597643 -1.382607 255 250 215 1 4000
3.297248 -0.621524 -1.382818 255 247 215 1 4000
3.297750 -0.645413 -1.383028 255 243 208 1 4000
3.298251 -0.669309 -1.383239 255 250 219 1 4000
3.298753 -0.693212 -1.383449 255 240 207 1 4000
3.299255 -0.717122 -1.383659 255 240 205 1 4000
2.068861 -0.464613 -0.867650 244 208 169 6 1012
2.069175 -0.479613 -0.867782 197 154 117 6 1012
2.069489 -0.494617 -0.867914 189 144 105 6 1012
1.723678 -0.424404 -0.722885 154 154 153 8 1029
2.070118 -0.524640 -0.868177 200 158 122 6 1012
3.302270 -0.860737 -1.384924 255 223 181 1 4000
3.302773 -0.884699 -1.385135 255 224 187 1 4000
3.303276 -0.908667 -1.385346 255 235 202 1 4000
3.303779 -0.932643 -1.385557 255 239 206 1 4000
1.766023 -0.511284 -0.740645 86 91 86 8 1029
3.304786 -0.980617 -1.385979 255 241 208 1 4000
3.305290 -1.004615 -1.386191 255 252 223 1 4000
3.305794 -1.028620 -1.386402 255 246 210 1 4000
3.306298 -1.052633 -1.386613 255 241 202 1 4000
3.306802 -1.076653 -1.386824 255 234 195 1 4000
3.307306 -1.100680 -1.387036 202 175 144 1 4000
3.307811 -1.124715 -1.387248 255 243 210 1 4000
3.308316 -1.148757 -1.387459 255 238 204 1 4000
3.308821 -1.172806 -1.387671 255 235 199 1 4000
3.309325 -1.196862 -1.387883 255 246 211 1 4000
3.309831 -1.220926 -1.388095 255 248 213 1 4000
3.310337 -1.244998 -1.388307 255 247 211 1 4000
3.310842 -1.269076 -1.388519 255 247 211 1 4000
3.311347 -1.293162 -1.388731 255 250 216 1 4000
3.311853 -1.317255 -1.388943 255 247 212 1 4000
3.312359 -1.341356 -1.389155 255 246 213 1 4000
3.312865 -1.365464 -1.389367 255 242 210 1 4000
3.313371 -1.389579 -1.389580 234 208 175 1 4000
3.313878 -1.413702 -1.389792 255 233 199 1 4000
3.314384 -1.437832 -1.390004 255 235 200 1 4000
3.314891 -1.461970 -1.390217 255 236 203 1 4000
3.315398 -1.486115 -1.390429 255 245 213 1 4000
3.315905 -1.510267 -1.390642 255 239 206 1 4000
3.316412 -1.534427 -1.390855 255 240 206 1 4000
3.316919 -1.558594 -1.391068 255 243 211 1 4000
3.317427 -1.582768 -1.391280 255 241 206 1 4000
3.317935 -1.606950 -1.391493 255 236 199 1 4000
3.318442 -1.631139 -1.391706 255 239 203 1 4000
3.318950 -1.655336 -1.391919 250 221 183 1 4000
3.319458 -1.679540 -1.392132 255 247 219 1 4000
3.319967 -1.703752 -1.392346 255 244 213 1 4000
3.320475 -1.727970 -1.392559 255 246 215 1 4000
3.320984 -1.752197 -1.392772 255 243 211 1 4000
3.321493 -1.776431 -1.392985 255 242 210 1 4000
3.322001 -1.800672 -1.393199 255 240 209 1 4000
3.322511 -1.824921 -1.393412 255 239 207 1 4000
3.323020 -1.849176 -1.393626 255 236 203 1 4000
3.323529 -1.873440 -1.393839 255 234 202 1 4000
3.324039 -1.897711 -1.394053 255 228 195 1 4000
3.219418 1.855404 -1.373406 224 205 181 1 4000
3.219896 1.832447 -1.373610 224 205 180 1 4000
3.220375 1.809484 -1.373814 229 210 185 1 4000
3.220853 1.786513 -1.374018 230 210 185 1 4000
3.221331 1.763536 -1.374222 222 201 173 1 4000
3.221809 1.740552 -1.374426 222 198 168 1 4000
3.222289 1.717561 -1.374631 222 199 169 1 4000
3.222768 1.694564 -1.374835 153 137 116 1 4000
3.223247 1.671559 -1.375039 209 189 163 1 4000
3.223726 1.648548 -1.375244 207 184 157 1 4000
3.224205 1.625529 -1.375448 204 183 155 1 4000
3.224684 1.602504 -1.375653 210 189 162 1 4000
3.225164 1.579472 -1.375857 211 190 163 1 4000
3.225644 1.556433 -1.376062 212 188 160 1 4000
3.226124 1.533388 -1.376267 211 188 160 1 4000
3.226604 1.510335 -1.376472 208 182 153 1 4000
3.227084 1.487276 -1.376676 222 197 167 1 4000
3.227565 1.464210 -1.376881 238 210 176 1 4000
3.228045 1.441137 -1.377086 244 214 179 1 4000
3.228526 1.418057 -1.377291 195 171 141 1 4000
3.229007 1.394970 -1.377496 254 229 199 1 4000
3.229488 1.371876 -1.377702 253 228 198 1 4000
3.229969 1.348775 -1.377907 250 225 193 1 4000
3.230450 1.325668 -1.378112 249 223 193 1 4000
3.230932 1.302554 -1.378318 253 228 197 1 4000
3.231413 1.279432 -1.378523 254 229 197 1 4000
3.231894 1.256304 -1.378728 254 230 198 1 4000
3.232376 1.233169 -1.378934 255 232 201 1 4000
3.232858 1.210027 -1.379139 250 222 189 1 4000
3.233341 1.186878 -1.379345 248 220 184 1 4000
3.233823 1.163723 -1.379551 247 217 180 1 4000
3.234305 1.140560 -1.379757 215 189 155 1 4000
3.234787 1.117390 -1.379962 254 220 182 1 4000
3.235270 1.094214 -1.380168 255 230 193 1 4000
3.235753 1.071030 -1.380374 253 222 184 1 4000
3.236236 1.047840 -1.380581 255 225 189 1 4000
3.236719 1.024643 -1.380787 255 225 190 1 4000
3.237202 1.001438 -1.380993 255 233 200 1 4000
3.237686 0.978227 -1.381199 255 224 187 1 4000
3.238169 0.955009 -1.381405 255 227 192 1 4000
3.238653 0.931784 -1.381611 255 228 194 1 4000
3.239137 0.908553 -1.381818 255 235 199 1 4000
3.239621 0.885314 -1.382024 255 230 195 1 4000
3.240105 0.862068 -1.382231 243 220 189 1 4000
3.240589 0.838815 -1.382437 251 222 187 1 4000
3.241073 0.815555 -1.382644 255 228 195 1 4000
3.241558 0.792289 -1.382851 255 233 201 1 4000
3.242043 0.769015 -1.383057 255 232 199 1 4000
1.689669 0.388599 -0.720814 255 255 246 9 3000
1.682678 0.374851 -0.717832 255 255 247 9 3000
1.682587 0.362690 -0.717793 255 255 247 9 3000
1.685599 0.351177 -0.719078 255 255 252 9 3000
1.690205 0.339942 -0.721043 255 255 255 9 3000
1.702842 0.330197 -0.726433 255 255 255 9 3000
3.245440 0.605905 -1.384507 251 217 178 1 4000
3.245925 0.582575 -1.384714 238 209 171 1 4000
3.246412 0.559239 -1.384921 255 237 204 1 4000
3.246898 0.535895 -1.385129 255 233 197 1 4000
3.247384 0.512545 -1.385336 255 229 193 1 4000
3.247870 0.489188 -1.385543 255 238 202 1 4000
3.248357 0.465823 -1.385751 255 243 208 1 4000
3.248844 0.442452 -1.385959 255 244 211 1 4000
3.249331 0.419074 -1.386167 255 240 202 1 4000
3.249818 0.395688 -1.386374 255 233 194 1 4000
3.250304 0.372296 -1.386582 255 245 208 1 4000
3.250792 0.348896 -1.386790 255 251 218 1 4000
3.251279 0.325490 -1.386998 255 241 209 1 4000
3.251767 0.302077 -1.387206 248 223 191 1 4000
3.252255 0.278656 -1.387414 255 225 189 1 4000
3.252743 0.255229 -1.387622 255 234 201 1 4000
3.253231 0.231794 -1.387830 255 240 205 1 4000
3.253719 0.208353 -1.388039 255 242 209 1 4000
3.254207 0.184904 -1.388247 255 242 207 1 4000
3.254696 0.161448 -1.388455 255 245 211 1 4000
3.255184 0.137986 -1.388664 255 246 211 1 4000
3.255673 0.114516 -1.388872 255 246 213 1 4000
3.256162 0.091039 -1.389081 255 240 205 1 4000
3.256651 0.067555 -1.389289 255 236 200 1 4000
3.257140 0.044064 -1.389498 255 235 200 1 4000
3.257629 0.020567 -1.389707 224 197 165 1 4000
3.258119 -0.002938 -1.389916 255 244 210 1 4000
3.258609 -0.026451 -1.390125 255 243 211 1 4000
3.259098 -0.049970 -1.390334 255 248 216 1 4000
3.259588 -0.073496 -1.390543 255 250 215 1 4000
3.260078 -0.097029 -1.390752 255 247 214 1 4000
3.260569 -0.120569 -1.390961 255 246 212 1 4000
3.261059 -0.144117 -1.391170 255 241 204 1 4000
3.261550 -0.167671 -1.391379 255 238 201 1 4000
3.262040 -0.191233 -1.391589 255 242 207 1 4000
3.262531 -0.214802 -1.391798 255 243 207 1 4000
3.263022 -0.238377 -1.392007 255 234 196 1 4000
3.263514 -0.261960 -1.392217 198 178 152 1 4000
3.264004 -0.285550 -1.392426 255 236 202 1 4000
3.264496 -0.309147 -1.392636 255 235 201 1 4000
3.264987 -0.332752 -1.392846 255 232 199 1 4000
3.265480 -0.356363 -1.393056 255 239 207 1 4000
3.265971 -0.379981 -1.393265 255 242 210 1 4000
3.266463 -0.403607 -1.393475 255 242 211 1 4000
3.266955 -0.427240 -1.393685 255 248 218 1 4000
3.267448 -0.450879 -1.393895 255 244 210 1 4000
3.267940 -0.474526 -1.394105 255 224 183 1 4000
3.268433 -0.498180 -1.394316 255 222 179 1 4000
3.268926 -0.521841 -1.394526 255 221 180 1 4000
3.269418 -0.545510 -1.394736 202 180 150 1 4000
3.269912 -0.569185 -1.394946 255 239 202 1 4000
3.270405 -0.592868 -1.395157 255 236 199 1 4000
3.270898 -0.616557 -1.395367 255 237 198 1 4000
3.271391 -0.640254 -1.395578 255 232 195 1 4000
3.271885 -0.663958 -1.395788 255 242 209 1 4000
3.272379 -0.687670 -1.395999 255 242 210 1 4000
2.052002 -0.446021 -0.875385 234 199 161 6 1012
2.052311 -0.460896 -0.875517 194 152 114 6 1012
2.052620 -0.475775 -0.875649 186 140 103 6 1012
1.710581 -0.408837 -0.729735 160 160 158 8 1029
2.053240 -0.505548 -0.875914 206 164 127 6 1012
2.053550 -0.520442 -0.876046 212 173 137 6 1012
2.053863 -0.535340 -0.876179 217 178 142 6 1012
3.276335 -0.877617 -1.397686 253 222 186 1 4000
3.276830 -0.901393 -1.397898 255 231 198 1 4000
3.277325 -0.925176 -1.398109 255 236 203 1 4000
1.754579 -0.507970 -0.748504 74 78 75 8 1029
3.278316 -0.972763 -1.398532 227 218 190 1 4000
3.278812 -0.996567 -1.398743 255 251 223 1 4000
3.279307 -1.020379 -1.398955 255 236 200 1 4000
3.279804 -1.044198 -1.399166 255 225 184 1 4000
3.280300 -1.068024 -1.399378 255 229 189 1 4000
3.280796 -1.091857 -1.399590 248 212 172 1 4000
3.281292 -1.115698 -1.399801 255 238 203 1 4000
3.281789 -1.139546 -1.400013 255 234 199 1 4000
3.282286 -1.163401 -1.400225 255 241 207 1 4000
3.282783 -1.187263 -1.400437 255 240 205 1 4000
3.283280 -1.211132 -1.400649 255 243 210 1 4000
3.283777 -1.235009 -1.400862 255 246 212 1 4000
3.284275 -1.258893 -1.401074 255 246 212 1 4000
3.284773 -1.282784 -1.401286 255 246 211 1 4000
3.285270 -1.306682 -1.401498 255 246 212 1 4000
3.285768 -1.330588 -1.401711 255 246 213 1 4000
3.286266 -1.354501 -1.401923 255 239 206 1 4000
3.286764 -1.378421 -1.402136 225 202 171 1 4000
3.287263 -1.402348 -1.402348 255 223 186 1 4000
3.287761 -1.426283 -1.402561 255 228 193 1 4000
3.288260 -1.450225 -1.402774 255 229 192 1 4000
3.288758 -1.474173 -1.402986 255 235 201 1 4000
3.289257 -1.498130 -1.403199 255 238 203 1 4000
3.289756 -1.522094 -1.403412 255 240 205 1 4000
3.290255 -1.546064 -1.403625 255 240 206 1 4000
3.290755 -1.570043 -1.403838 255 243 209 1 4000
3.291254 -1.594028 -1.404051 255 234 198 1 4000
3.291754 -1.618021 -1.404264 255 237 201 1 4000
3.292253 -1.642021 -1.404477 255 230 194 1 4000
3.292753 -1.666028 -1.404691 196 176 148 1 4000
3.293254 -1.690043 -1.404904 255 238 208 1 4000
3.293754 -1.714065 -1.405118 255 237 205 1 4000
3.294255 -1.738094 -1.405331 255 246 217 1 4000
3.294755 -1.762131 -1.405545 255 244 210 1 4000
3.295255 -1.786174 -1.405758 255 239 205 1 4000
3.295757 -1.810226 -1.405972 255 241 210 1 4000
3.296258 -1.834284 -1.406186 255 237 204 1 4000
3.296759 -1.858350 -1.406399 255 237 203 1 4000
3.297260 -1.882423 -1.406613 255 239 206 1 4000
