frame_id,source_sample_index,rx_id,xml_path,tx_power_dbm,tx_x,tx_y,tx_z,rx_x,rx_y,rx_z,frequency_hz,num_paths,tau_min,tau_max,delay_spread,path_gain_sum,path_gain_db,rx_power_dbm,gain_method,gain_error,a_shape,tau_cir_shape,valid_shape,tau_shape,gain_debug,sanity_ok,error_message,prev_num_paths,prev_delay_spread,prev_rx_power_dbm,delta_num_paths,delta_delay_spread,delta_rx_power_db,y_path_change,y_path_drop,y_rx_power_drop_0p5db,y_rx_power_drop_1db,y_rx_power_drop_2db,y_delay_spread_increase,y_adaptation_trigger_1db,y_adaptation_trigger_2db,raw_tx_rx_distance,raw_vertex_count_near_link_0p25m,raw_vertex_count_near_link_0p50m,raw_vertex_count_near_link_1p00m,raw_min_vertex_dist_to_link,raw_mean_vertex_dist_to_link_k20,raw_mean_vertex_dist_to_link_k50,raw_vertex_count_near_rx_0p50m,raw_vertex_count_near_tx_0p50m,raw_link_corridor_occupancy_ratio_0p50m
1,257,rx_cerberus_base,/home/telilab4090/Documents/Gazebo World/my_world/rt_out/experiments/semantic_ablation_actor_200f/sionna_xml/frame_001_sionna.xml,30.0,0.0,0.0,2.4,4.074,-1.779,0.81,28000000000.0,17,1.574846919538686e-08,5.723669715962387e-08,4.148822796423701e-08,3.615688370928183e-08,-74.41809007571236,-44.41809007571236,cir_coefficients_tau_mask,,"[1, 1, 1, 1, 17, 1]","[1, 1, 17]","[1, 1, 17]","[1, 1, 17]",,True,,17,4.148822796423701e-08,-44.41809007571236,0,0.0,0.0,0,0,0,0,0,0,0,0,4.721272815671638,437,2945,5983,0.1319074983622544,0.17786438181026368,0.18946908707522303,2643,0,0.14725
2,514,rx_cerberus_base,/home/telilab4090/Documents/Gazebo World/my_world/rt_out/experiments/semantic_ablation_actor_200f/sionna_xml/frame_002_sionna.xml,30.0,0.0,0.0,2.4,4.074,-1.779,0.81,28000000000.0,17,1.574846919538686e-08,5.723669715962387e-08,4.148822796423701e-08,3.615688015656815e-08,-74.41809050244272,-44.41809050244272,cir_coefficients_tau_mask,,"[1, 1, 1, 1, 17, 1]","[1, 1, 17]","[1, 1, 17]","[1, 1, 17]",,True,,17,4.148822796423701e-08,-44.41809007571236,0,0.0,-4.2673036659834906e-07,0,0,0,0,0,0,0,0,4.721272815671638,432,3048,5968,0.1315489734795868,0.1880934877214039,0.19488343307756623,2719,0,0.1524
3,771,rx_cerberus_base,/home/telilab4090/Documents/Gazebo World/my_world/rt_out/experiments/semantic_ablation_actor_200f/sionna_xml/frame_003_sionna.xml,30.0,0.0,0.0,2.4,4.074,-1.779,0.81,28000000000.0,17,1.574846919538686e-08,5.723669715962387e-08,4.148822796423701e-08,3.615688370928183e-08,-74.41809007571236,-44.41809007571236,cir_coefficients_tau_mask,,"[1, 1, 1, 1, 17, 1]","[1, 1, 17]","[1, 1, 17]","[1, 1, 17]",,True,,17,4.148822796423701e-08,-44.41809050244272,0,0.0,4.2673036659834906e-07,0,0,0,0,0,0,0,0,4.721272815671638,379,2975,5754,0.1407047329989496,0.18916036093033226,0.193881915358039,2724,0,0.14875
4,1028,rx_cerberus_base,/home/telilab4090/Documents/Gazebo World/my_world/rt_out/experiments/semantic_ablation_actor_200f/sionna_xml/frame_004_sionna.xml,30.0,0.0,0.0,2.4,4.074,-1.779,0.81,28000000000.0,17,1.574846919538686e-08,5.723669715962387e-08,4.148822796423701e-08,3.615688015656815e-08,-74.41809050244272,-44.41809050244272,cir_coefficients_tau_mask,,"[1, 1, 1, 1, 17, 1]","[1, 1, 17]","[1, 1, 17]","[1, 1, 17]",,True,,17,4.148822796423701e-08,-44.41809007571236,0,0.0,-4.2673036659834906e-07,0,0,0,0,0,0,0,0,4.721272815671638,410,2922,5563,0.13144395597453848,0.18593919959837432,0.1922768077057648,2632,0,0.1461
5,1285,rx_cerberus_base,/home/telilab4090/Documents/Gazebo World/my_world/rt_out/experiments/semantic_ablation_actor_200f/sionna_xml/frame_005_sionna.xml,30.0,0.0,0.0,2.4,4.074,-1.779,0.81,28000000000.0,17,1.574846919538686e-08,5.723669715962387e-08,4.148822796423701e-08,3.615688370928183e-08,-74.41809007571236,-44.41809007571236,cir_coefficients_tau_mask,,"[1, 1, 1, 1, 17, 1]","[1, 1, 17]","[1, 1, 17]","[1, 1, 17]",,True,,17,4.148822796423701e-08,-44.41809050244272,0,0.0,4.2673036659834906e-07,0,0,0,0,0,0,0,0,4.721272815671638,403,2709,5485,0.14043092578542352,0.18652576896307793,0.19300975859473238,2591,0,0.13545
6,1542,rx_cerberus_base,/home/telilab4090/Documents/Gazebo World/my_world/rt_out/experiments/semantic_ablation_actor_200f/sionna_xml/frame_006_sionna.xml,30.0,0.0,0.0,2.4,4.074,-1.779,0.81,28000000000.0,17,1.574846919538686e-08,5.723669715962387e-08,4.148822796423701e-08,3.615688015656815e-08,-74.41809050244272,-44.41809050244272,cir_coefficients_tau_mask,,"[1, 1, 1, 1, 17, 1]","[1, 1, 17]","[1, 1, 17]","[1, 1, 17]",,True,,17,4.148822796423701e-08,-44.41809007571236,0,0.0,-4.2673036659834906e-07,0,0,0,0,0,0,0,0,4.721272815671638,458,2733,5726,0.13179820116264332,0.18164842839484793,0.19089509462093907,2636,0,0.13665
7,1799,rx_cerberus_base,/home/telilab4090/Documents/Gazebo World/my_world/rt_out/experiments/semantic_ablation_actor_200f/sionna_xml/frame_007_sionna.xml,30.0,0.0,0.0,2.4,4.074,-1.779,0.81,28000000000.0,17,1.574846919538686e-08,5.723669715962387e-08,4.148822796423701e-08,3.615688015656815e-08,-74.41809050244272,-44.41809050244272,cir_coefficients_tau_mask,,"[1, 1, 1, 1, 17, 1]","[1, 1, 17]","[1, 1, 17]","[1, 1, 17]",,True,,17,4.148822796423701e-08,-44.41809050244272,0,0.0,0.0,0,0,0,0,0,0,0,0,4.721272815671638,427,2836,5904,0.13300034556577098,0.18938669171176503,0.19479369133432795,2736,0,0.1418
8,2056,rx_cerberus_base,/home/telilab4090/Documents/Gazebo World/my_world/rt_out/experiments/semantic_ablation_actor_200f/sionna_xml/frame_008_sionna.xml,30.0,0.0,0.0,2.4,4.074,-1.779,0.81,28000000000.0,17,1.574846919538686e-08,5.723669715962387e-08,4.148822796423701e-08,3.615688015656815e-08,-74.41809050244272,-44.41809050244272,cir_coefficients_tau_mask,,"[1, 1, 1, 1, 17, 1]","[1, 1, 17]","[1, 1, 17]","[1, 1, 17]",,True,,17,4.148822796423701e-08,-44.41809050244272,0,0.0,0.0,0,0,0,0,0,0,0,0,4.721272815671638,417,2628,5902,0.18828841243305314,0.19223991191757345,0.19579086340435642,2616,0,0.1314
9,2313,rx_cerberus_base,/home/telilab4090/Documents/Gazebo World/my_world/rt_out/experiments/semantic_ablation_actor_200f/sionna_xml/frame_009_sionna.xml,30.0,0.0,0.0,2.4,4.074,-1.779,0.81,28000000000.0,18,1.574846919538686e-08,5.723669715962387e-08,4.148822796423701e-08,3.621421384991663e-08,-74.41120938168608,-44.41120938168608,cir_coefficients_tau_mask,,"[1, 1, 1, 1, 18, 1]","[1, 1, 18]","[1, 1, 18]","[1, 1, 18]",,True,,17,4.148822796423701e-08,-44.41809050244272,1,0.0,0.006881120756645487,1,0,0,0,0,0,0,0,4.721272815671638,410,2709,5966,0.13228210800744705,0.1863829551413397,0.1929650012394878,2694,0,0.13545
10,2570,rx_cerberus_base,/home/telilab4090/Documents/Gazebo World/my_world/rt_out/experiments/semantic_ablation_actor_200f/sionna_xml/frame_010_sionna.xml,30.0,0.0,0.0,2.4,4.074,-1.779,0.81,28000000000.0,18,1.574846919538686e-08,5.723669715962387e-08,4.148822796423701e-08,3.621421384991663e-08,-74.41120938168608,-44.41120938168608,cir_coefficients_tau_mask,,"[1, 1, 1, 1, 18, 1]","[1, 1, 18]","[1, 1, 18]","[1, 1, 18]",,True,,18,4.148822796423701e-08,-44.41120938168608,0,0.0,0.0,0,0,0,0,0,0,0,0,4.721272815671638,401,2598,5539,0.13255132313524756,0.1853072962307534,0.19234375061597173,2586,0,0.1299
11,2827,rx_cerberus_base,/home/telilab4090/Documents/Gazebo World/my_world/rt_out/experiments/semantic_ablation_actor_200f/sionna_xml/frame_011_sionna.xml,30.0,0.0,0.0,2.4,4.074,-1.779,0.81,28000000000.0,18,1.574846919538686e-08,5.723669715962387e-08,4.148822796423701e-08,3.621421384991663e-08,-74.41120938168608,-44.41120938168608,cir_coefficients_tau_mask,,"[1, 1, 1, 1, 18, 1]","[1, 1, 18]","[1, 1, 18]","[1, 1, 18]",,True,,18,4.148822796423701e-08,-44.41120938168608,0,0.0,0.0,0,0,0,0,0,0,0,0,4.721272815671638,412,2665,3761,0.13105815739639995,0.16813018547634181,0.18492789176939317,2651,0,0.13325
12,3084,rx_cerberus_base,/home/telilab4090/Documents/Gazebo World/my_world/rt_out/experiments/semantic_ablation_actor_200f/sionna_xml/frame_012_sionna.xml,30.0,0.0,0.0,2.4,4.074,-1.779,0.81,28000000000.0,18,1.574846919538686e-08,5.723669715962387e-08,4.148822796423701e-08,3.621421740263031e-08,-74.4112089556313,-44.411208955631295,cir_coefficients_tau_mask,,"[1, 1, 1, 1, 18, 1]","[1, 1, 18]","[1, 1, 18]","[1, 1, 18]",,True,,18,4.148822796423701e-08,-44.41120938168608,0,0.0,4.2605478256518836e-07,0,0,0,0,0,0,0,0,4.721272815671638,411,2655,3213,0.13144395597453848,0.18881932929259743,0.1939851520143507,2634,0,0.13275
13,3341,rx_cerberus_base,/home/telilab4090/Documents/Gazebo World/my_world/rt_out/experiments/semantic_ablation_actor_200f/sionna_xml/frame_013_sionna.xml,30.0,0.0,0.0,2.4,4.074,-1.779,0.81,28000000000.0,18,1.574846919538686e-08,5.723669715962387e-08,4.148822796423701e-08,3.621421740263031e-08,-74.4112089556313,-44.411208955631295,cir_coefficients_tau_mask,,"[1, 1, 1, 1, 18, 1]","[1, 1, 18]","[1, 1, 18]","[1, 1, 18]",,True,,18,4.148822796423701e-08,-44.411208955631295,0,0.0,0.0,0,0,0,0,0,0,0,0,4.721272815671638,426,2570,3161,0.13997979784814682,0.18900921408012053,0.19394388507759266,2557,0,0.1285
14,3598,rx_cerberus_base,/home/telilab4090/Documents/Gazebo World/my_world/rt_out/experiments/semantic_ablation_actor_200f/sionna_xml/frame_014_sionna.xml,30.0,0.0,0.0,2.4,4.074,-1.779,0.81,28000000000.0,18,1.574846919538686e-08,5.723669715962387e-08,4.148822796423701e-08,3.621421384991663e-08,-74.41120938168608,-44.41120938168608,cir_coefficients_tau_mask,,"[1, 1, 1, 1, 18, 1]","[1, 1, 18]","[1, 1, 18]","[1, 1, 18]",,True,,18,4.148822796423701e-08,-44.411208955631295,0,0.0,-4.2605478256518836e-07,0,0,0,0,0,0,0,0,4.721272815671638,393,2589,3030,0.13298783176984602,0.1838524153216286,0.1925589566895017,2566,0,0.12945
15,3855,rx_cerberus_base,/home/telilab4090/Documents/Gazebo World/my_world/rt_out/experiments/semantic_ablation_actor_200f/sionna_xml/frame_015_sionna.xml,30.0,0.0,0.0,2.4,4.074,-1.779,0.81,28000000000.0,19,1.574846919538686e-08,5.723669715962387e-08,4.148822796423701e-08,3.6233842592992005e-08,-74.40885606665418,-44.40885606665418,cir_coefficients_tau_mask,,"[1, 1, 1, 1, 19, 1]","[1, 1, 19]","[1, 1, 19]","[1, 1, 19]",,True,,18,4.148822796423701e-08,-44.41120938168608,1,0.0,0.002353315031896841,1,0,0,0,0,0,0,0,4.721272815671638,404,2593,3022,0.13118346737502096,0.17721878259458196,0.18914257018687272,2581,0,0.12965
16,4112,rx_cerberus_base,/home/telilab4090/Documents/Gazebo World/my_world/rt_out/experiments/semantic_ablation_actor_200f/sionna_xml/frame_016_sionna.xml,30.0,0.0,0.0,2.4,4.074,-1.779,0.81,28000000000.0,18,1.574846919538686e-08,5.723669715962387e-08,4.148822796423701e-08,3.621421384991663e-08,-74.41120938168608,-44.41120938168608,cir_coefficients_tau_mask,,"[1, 1, 1, 1, 18, 1]","[1, 1, 18]","[1, 1, 18]","[1, 1, 18]",,True,,19,4.148822796423701e-08,-44.40885606665418,-1,0.0,-0.002353315031896841,1,1,0,0,0,0,0,0,4.721272815671638,402,2621,3015,0.13300034556577098,0.18342816411998505,0.19170911347002628,2602,0,0.13105
17,4369,rx_cerberus_base,/home/telilab4090/Documents/Gazebo World/my_world/rt_out/experiments/semantic_ablation_actor_200f/sionna_xml/frame_017_sionna.xml,30.0,0.0,0.0,2.4,4.074,-1.779,0.81,28000000000.0,18,1.574846919538686e-08,5.723669715962387e-08,4.148822796423701e-08,3.621421384991663e-08,-74.41120938168608,-44.41120938168608,cir_coefficients_tau_mask,,"[1, 1, 1, 1, 18, 1]","[1, 1, 18]","[1, 1, 18]","[1, 1, 18]",,True,,18,4.148822796423701e-08,-44.41120938168608,0,0.0,0.0,0,0,0,0,0,0,0,0,4.721272815671638,419,2623,3031,0.13298783176984602,0.1840529308011093,0.19177549886863235,2604,0,0.13115
18,4626,rx_cerberus_base,/home/telilab4090/Documents/Gazebo World/my_world/rt_out/experiments/semantic_ablation_actor_200f/sionna_xml/frame_018_sionna.xml,30.0,0.0,0.0,2.4,4.074,-1.779,0.81,28000000000.0,18,1.574846919538686e-08,5.723669715962387e-08,4.148822796423701e-08,3.621421384991663e-08,-74.41120938168608,-44.41120938168608,cir_coefficients_tau_mask,,"[1, 1, 1, 1, 18, 1]","[1, 1, 18]","[1, 1, 18]","[1, 1, 18]",,True,,18,4.148822796423701e-08,-44.41120938168608,0,0.0,0.0,0,0,0,0,0,0,0,0,4.721272815671638,410,2699,3082,0.13105815739639995,0.18973970682123512,0.19494000196468683,2682,0,0.13495
19,4883,rx_cerberus_base,/home/telilab4090/Documents/Gazebo World/my_world/rt_out/experiments/semantic_ablation_actor_200f/sionna_xml/frame_019_sionna.xml,30.0,0.0,0.0,2.4,4.074,-1.779,0.81,28000000000.0,18,1.574846919538686e-08,5.723669715962387e-08,4.148822796423701e-08,3.621421384991663e-08,-74.41120938168608,-44.41120938168608,cir_coefficients_tau_mask,,"[1, 1, 1, 1, 18, 1]","[1, 1, 18]","[1, 1, 18]","[1, 1, 18]",,True,,18,4.148822796423701e-08,-44.41120938168608,0,0.0,0.0,0,0,0,0,0,0,0,0,4.721272815671638,444,2712,3120,0.1326189273086722,0.18610368842708044,0.192992357747493,2694,0,0.1356
20,5140,rx_cerberus_base,/home/telilab4090/Documents/Gazebo World/my_world/rt_out/experiments/semantic_ablation_actor_200f/sionna_xml/frame_020_sionna.xml,30.0,0.0,0.0,2.4,4.074,-1.779,0.81,28000000000.0,18,1.574846919538686e-08,5.723669715962387e-08,4.148822796423701e-08,3.621421740263031e-08,-74.4112089556313,-44.411208955631295,cir_coefficients_tau_mask,,"[1, 1, 1, 1, 18, 1]","[1, 1, 18]","[1, 1, 18]","[1, 1, 18]",,True,,18,4.148822796423701e-08,-44.41120938168608,0,0.0,4.2605478256518836e-07,0,0,0,0,0,0,0,0,4.721272815671638,449,2669,3060,0.18844858087858127,0.19256064090827768,0.1958445063083108,2656,0,0.13345
21,5397,rx_cerberus_base,/home/telilab4090/Documents/Gazebo World/my_world/rt_out/experiments/semantic_ablation_actor_200f/sionna_xml/frame_021_sionna.xml,30.0,0.0,0.0,2.4,4.074,-1.779,0.81,28000000000.0,18,1.574846919538686e-08,5.723669715962387e-08,4.148822796423701e-08,3.621421740263031e-08,-74.4112089556313,-44.411208955631295,cir_coefficients_tau_mask,,"[1, 1, 1, 1, 18, 1]","[1, 1, 18]","[1, 1, 18]","[1, 1, 18]",,True,,18,4.148822796423701e-08,-44.411208955631295,0,0.0,0.0,0,0,0,0,0,0,0,0,4.721272815671638,433,2602,3280,0.1326189273086722,0.17982600525274403,0.18994446183240815,2581,0,0.1301
22,5654,rx_cerberus_base,/home/telilab4090/Documents/Gazebo World/my_world/rt_out/experiments/semantic_ablation_actor_200f/sionna_xml/frame_022_sionna.xml,30.0,0.0,0.0,2.4,4.074,-1.779,0.81,28000000000.0,18,1.574846919538686e-08,5.723669715962387e-08,4.148822796423701e-08,3.621421740263031e-08,-74.4112089556313,-44.411208955631295,cir_coefficients_tau_mask,,"[1, 1, 1, 1, 18, 1]","[1, 1, 18]","[1, 1, 18]","[1, 1, 18]",,True,,18,4.148822796423701e-08,-44.411208955631295,0,0.0,0.0,0,0,0,0,0,0,0,0,4.721272815671638,415,2635,3384,0.13105815739639995,0.1818826918177338,0.19011098635733878,2627,0,0.13175
23,5911,rx_cerberus_base,/home/telilab4090/Documents/Gazebo World/my_world/rt_out/experiments/semantic_ablation_actor_200f/sionna_xml/frame_023_sionna.xml,30.0,0.0,0.0,2.4,4.074,-1.779,0.81,28000000000.0,18,1.574846919538686e-08,5.723669715962387e-08,4.148822796423701e-08,3.621421384991663e-08,-74.41120938168608,-44.41120938168608,cir_coefficients_tau_mask,,"[1, 1, 1, 1, 18, 1]","[1, 1, 18]","[1, 1, 18]","[1, 1, 18]",,True,,18,4.148822796423701e-08,-44.411208955631295,0,0.0,-4.2605478256518836e-07,0,0,0,0,0,0,0,0,4.721272815671638,439,2640,3336,0.13218806119579196,0.1781316570658096,0.18955399362956485,2626,0,0.132
24,6168,rx_cerberus_base,/home/telilab4090/Documents/Gazebo World/my_world/rt_out/experiments/semantic_ablation_actor_200f/sionna_xml/frame_024_sionna.xml,30.0,0.0,0.0,2.4,4.074,-1.779,0.81,28000000000.0,18,1.574846919538686e-08,5.723669715962387e-08,4.148822796423701e-08,3.621421740263031e-08,-74.4112089556313,-44.411208955631295,cir_coefficients_tau_mask,,"[1, 1, 1, 1, 18, 1]","[1, 1, 18]","[1, 1, 18]","[1, 1, 18]",,True,,18,4.148822796423701e-08,-44.41120938168608,0,0.0,4.2605478256518836e-07,0,0,0,0,0,0,0,0,4.721272815671638,441,2647,3681,0.13105815739639995,0.1809907550932163,0.1915458794035128,2630,0,0.13235
25,6425,rx_cerberus_base,/home/telilab4090/Documents/Gazebo World/my_world/rt_out/experiments/semantic_ablation_actor_200f/sionna_xml/frame_025_sionna.xml,30.0,0.0,0.0,2.4,4.074,-1.779,0.81,28000000000.0,18,1.574846919538686e-08,5.723669715962387e-08,4.148822796423701e-08,3.621421740263031e-08,-74.4112089556313,-44.411208955631295,cir_coefficients_tau_mask,,"[1, 1, 1, 1, 18, 1]","[1, 1, 18]","[1, 1, 18]","[1, 1, 18]",,True,,18,4.148822796423701e-08,-44.411208955631295,0,0.0,0.0,0,0,0,0,0,0,0,0,4.721272815671638,417,2692,4191,0.1867945538883204,0.1922091187101752,0.19547164588083163,2672,0,0.1346
26,6682,rx_cerberus_base,/home/telilab4090/Documents/Gazebo World/my_world/rt_out/experiments/semantic_ablation_actor_200f/sionna_xml/frame_026_sionna.xml,30.0,0.0,0.0,2.4,4.074,-1.779,0.81,28000000000.0,18,1.574846919538686e-08,5.723669715962387e-08,4.148822796423701e-08,3.621421384991663e-08,-74.41120938168608,-44.41120938168608,cir_coefficients_tau_mask,,"[1, 1, 1, 1, 18, 1]","[1, 1, 18]","[1, 1, 18]","[1, 1, 18]",,True,,18,4.148822796423701e-08,-44.411208955631295,0,0.0,-4.2605478256518836e-07,0,0,0,0,0,0,0,0,4.721272815671638,432,2632,4488,0.1392095191478942,0.1900685877652572,0.19509761106847293,2608,0,0.1316
27,6939,rx_cerberus_base,/home/telilab4090/Documents/Gazebo World/my_world/rt_out/experiments/semantic_ablation_actor_200f/sionna_xml/frame_027_sionna.xml,30.0,0.0,0.0,2.4,4.074,-1.779,0.81,28000000000.0,18,1.574846919538686e-08,5.723669715962387e-08,4.148822796423701e-08,3.621421384991663e-08,-74.41120938168608,-44.41120938168608,cir_coefficients_tau_mask,,"[1, 1, 1, 1, 18, 1]","[1, 1, 18]","[1, 1, 18]","[1, 1, 18]",,True,,18,4.148822796423701e-08,-44.41120938168608,0,0.0,0.0,0,0,0,0,0,0,0,0,4.721272815671638,398,2746,4678,0.1315489734795868,0.1850223414885315,0.1921432092358214,2722,0,0.1373
28,7196,rx_cerberus_base,/home/telilab4090/Documents/Gazebo World/my_world/rt_out/experiments/semantic_ablation_actor_200f/sionna_xml/frame_028_sionna.xml,30.0,0.0,0.0,2.4,4.074,-1.779,0.81,28000000000.0,18,1.574846919538686e-08,5.723669715962387e-08,4.148822796423701e-08,3.621421384991663e-08,-74.41120938168608,-44.41120938168608,cir_coefficients_tau_mask,,"[1, 1, 1, 1, 18, 1]","[1, 1, 18]","[1, 1, 18]","[1, 1, 18]",,True,,18,4.148822796423701e-08,-44.41120938168608,0,0.0,0.0,0,0,0,0,0,0,0,0,4.721272815671638,416,2610,4551,0.14099638750498839,0.19016957908995846,0.19448806288905002,2603,0,0.1305
29,7453,rx_cerberus_base,/home/telilab4090/Documents/Gazebo World/my_world/rt_out/experiments/semantic_ablation_actor_200f/sionna_xml/frame_029_sionna.xml,30.0,0.0,0.0,2.4,4.074,-1.779,0.81,28000000000.0,18,1.574846919538686e-08,5.723669715962387e-08,4.148822796423701e-08,3.621421740263031e-08,-74.4112089556313,-44.411208955631295,cir_coefficients_tau_mask,,"[1, 1, 1, 1, 18, 1]","[1, 1, 18]","[1, 1, 18]","[1, 1, 18]",,True,,18,4.148822796423701e-08,-44.41120938168608,0,0.0,4.2605478256518836e-07,0,0,0,0,0,0,0,0,4.721272815671638,409,2675,4761,0.18847807952819598,0.19208286494870777,0.19511216035823584,2668,0,0.13375
30,7710,rx_cerberus_base,/home/telilab4090/Documents/Gazebo World/my_world/rt_out/experiments/semantic_ablation_actor_200f/sionna_xml/frame_030_sionna.xml,30.0,0.0,0.0,2.4,4.074,-1.779,0.81,28000000000.0,17,1.574846919538686e-08,5.723669715962387e-08,4.148822796423701e-08,3.615688370928183e-08,-74.41809007571236,-44.41809007571236,cir_coefficients_tau_mask,,"[1, 1, 1, 1, 17, 1]","[1, 1, 17]","[1, 1, 17]","[1, 1, 17]",,True,,18,4.148822796423701e-08,-44.411208955631295,-1,0.0,-0.006881120081061454,1,1,0,0,0,0,0,0,4.721272815671638,401,2617,4717,0.14015332501348235,0.19092077573388455,0.19569912179094506,2596,0,0.13085
31,7967,rx_cerberus_base,/home/telilab4090/Documents/Gazebo World/my_world/rt_out/experiments/semantic_ablation_actor_200f/sionna_xml/frame_031_sionna.xml,30.0,0.0,0.0,2.4,4.074,-1.779,0.81,28000000000.0,17,1.574846919538686e-08,5.723669715962387e-08,4.148822796423701e-08,3.615688726199551e-08,-74.41808964898203,-44.41808964898203,cir_coefficients_tau_mask,,"[1, 1, 1, 1, 17, 1]","[1, 1, 17]","[1, 1, 17]","[1, 1, 17]",,True,,17,4.148822796423701e-08,-44.41809007571236,0,0.0,4.267303239657849e-07,0,0,0,0,0,0,0,0,4.721272815671638,407,2586,4626,0.18917382623417897,0.19264717675759435,0.19538116263023675,2573,0,0.1293
32,8224,rx_cerberus_base,/home/telilab4090/Documents/Gazebo World/my_world/rt_out/experiments/semantic_ablation_actor_200f/sionna_xml/frame_032_sionna.xml,30.0,0.0,0.0,2.4,4.074,-1.779,0.81,28000000000.0,17,1.574846919538686e-08,5.723669715962387e-08,4.148822796423701e-08,3.615688370928183e-08,-74.41809007571236,-44.41809007571236,cir_coefficients_tau_mask,,"[1, 1, 1, 1, 17, 1]","[1, 1, 17]","[1, 1, 17]","[1, 1, 17]",,True,,17,4.148822796423701e-08,-44.41808964898203,0,0.0,-4.267303239657849e-07,0,0,0,0,0,0,0,0,4.721272815671638,407,2588,4835,0.1326189273086722,0.18467033243928857,0.1935325550045095,2570,0,0.1294
33,8481,rx_cerberus_base,/home/telilab4090/Documents/Gazebo World/my_world/rt_out/experiments/semantic_ablation_actor_200f/sionna_xml/frame_033_sionna.xml,30.0,0.0,0.0,2.4,4.074,-1.779,0.81,28000000000.0,18,1.574846919538686e-08,5.723669715962387e-08,4.148822796423701e-08,3.621421740263031e-08,-74.4112089556313,-44.411208955631295,cir_coefficients_tau_mask,,"[1, 1, 1, 1, 18, 1]","[1, 1, 18]","[1, 1, 18]","[1, 1, 18]",,True,,17,4.148822796423701e-08,-44.41809007571236,1,0.0,0.006881120081061454,1,0,0,0,0,0,0,0,4.721272815671638,433,2594,5156,0.13960462134545976,0.1837813550028638,0.1917725747579788,2575,0,0.1297
34,8737,rx_cerberus_base,/home/telilab4090/Documents/Gazebo World/my_world/rt_out/experiments/semantic_ablation_actor_200f/sionna_xml/frame_034_sionna.xml,30.0,0.0,0.0,2.4,4.074,-1.779,0.81,28000000000.0,18,1.574846919538686e-08,5.723669715962387e-08,4.148822796423701e-08,3.6214210297202953e-08,-74.41120980774089,-44.41120980774089,cir_coefficients_tau_mask,,"[1, 1, 1, 1, 18, 1]","[1, 1, 18]","[1, 1, 18]","[1, 1, 18]",,True,,18,4.148822796423701e-08,-44.411208955631295,0,0.0,-8.521095935520862e-07,0,0,0,0,0,0,0,0,4.721272815671638,444,2725,5713,0.13300034556577098,0.18415492682515416,0.19283842640946208,2684,0,0.13625
35,8994,rx_cerberus_base,/home/telilab4090/Documents/Gazebo World/my_world/rt_out/experiments/semantic_ablation_actor_200f/sionna_xml/frame_035_sionna.xml,30.0,0.0,0.0,2.4,4.074,-1.779,0.81,28000000000.0,17,1.574846919538686e-08,5.723669715962387e-08,4.148822796423701e-08,3.619599553417174e-08,-74.41339474041706,-44.41339474041706,cir_coefficients_tau_mask,,"[1, 1, 1, 1, 17, 1]","[1, 1, 17]","[1, 1, 17]","[1, 1, 17]",,True,,18,4.148822796423701e-08,-44.41120980774089,-1,0.0,-0.0021849326761724797,1,1,0,0,0,0,0,0,4.721272815671638,412,2686,5535,0.13931695898034263,0.18340122672788656,0.19277401209653847,2621,0,0.1343
36,9251,rx_cerberus_base,/home/telilab4090/Documents/Gazebo World/my_world/rt_out/experiments/semantic_ablation_actor_200f/sionna_xml/frame_036_sionna.xml,30.0,0.0,0.0,2.4,4.074,-1.779,0.81,28000000000.0,17,1.574846919538686e-08,5.723669715962387e-08,4.148822796423701e-08,3.619599908688542e-08,-74.41339431414785,-44.41339431414785,cir_coefficients_tau_mask,,"[1, 1, 1, 1, 17, 1]","[1, 1, 17]","[1, 1, 17]","[1, 1, 17]",,True,,17,4.148822796423701e-08,-44.41339474041706,0,0.0,4.2626921015198604e-07,0,0,0,0,0,0,0,0,4.721272815671638,427,2671,5649,0.1402648292476779,0.18991982472223912,0.1946848353328701,2596,0,0.13355
37,9508,rx_cerberus_base,/home/telilab4090/Documents/Gazebo World/my_world/rt_out/experiments/semantic_ablation_actor_200f/sionna_xml/frame_037_sionna.xml,30.0,0.0,0.0,2.4,4.074,-1.779,0.81,28000000000.0,17,1.574846919538686e-08,5.723669715962387e-08,4.148822796423701e-08,3.619599908688542e-08,-74.41339431414785,-44.41339431414785,cir_coefficients_tau_mask,,"[1, 1, 1, 1, 17, 1]","[1, 1, 17]","[1, 1, 17]","[1, 1, 17]",,True,,17,4.148822796423701e-08,-44.41339431414785,0,0.0,0.0,0,0,0,0,0,0,0,0,4.721272815671638,433,2738,5658,0.13283147468338335,0.18426246832441245,0.19245123079939566,2652,0,0.1369
38,9765,rx_cerberus_base,/home/telilab4090/Documents/Gazebo World/my_world/rt_out/experiments/semantic_ablation_actor_200f/sionna_xml/frame_038_sionna.xml,30.0,0.0,0.0,2.4,4.074,-1.779,0.81,28000000000.0,17,1.574846919538686e-08,5.723669715962387e-08,4.148822796423701e-08,3.619599553417174e-08,-74.41339474041706,-44.41339474041706,cir_coefficients_tau_mask,,"[1, 1, 1, 1, 17, 1]","[1, 1, 17]","[1, 1, 17]","[1, 1, 17]",,True,,17,4.148822796423701e-08,-44.41339431414785,0,0.0,-4.2626921015198604e-07,0,0,0,0,0,0,0,0,4.721272815671638,416,2765,6398,0.18711300736178643,0.19289417942741177,0.19612358998552154,2663,0,0.13825
39,10022,rx_cerberus_base,/home/telilab4090/Documents/Gazebo World/my_world/rt_out/experiments/semantic_ablation_actor_200f/sionna_xml/frame_039_sionna.xml,30.0,0.0,0.0,2.4,4.074,-1.779,0.81,28000000000.0,17,1.574846919538686e-08,5.723669715962387e-08,4.148822796423701e-08,3.619599553417174e-08,-74.41339474041706,-44.41339474041706,cir_coefficients_tau_mask,,"[1, 1, 1, 1, 17, 1]","[1, 1, 17]","[1, 1, 17]","[1, 1, 17]",,True,,17,4.148822796423701e-08,-44.41339474041706,0,0.0,0.0,0,0,0,0,0,0,0,0,4.721272815671638,425,2834,5023,0.1328704087157611,0.1864451366636149,0.1929443591501527,2697,0,0.1417
40,10279,rx_cerberus_base,/home/telilab4090/Documents/Gazebo World/my_world/rt_out/experiments/semantic_ablation_actor_200f/sionna_xml/frame_040_sionna.xml,30.0,0.0,0.0,2.4,4.074,-1.779,0.81,28000000000.0,17,1.574846919538686e-08,5.723669715962387e-08,4.148822796423701e-08,3.619599553417174e-08,-74.41339474041706,-44.41339474041706,cir_coefficients_tau_mask,,"[1, 1, 1, 1, 17, 1]","[1, 1, 17]","[1, 1, 17]","[1, 1, 17]",,True,,17,4.148822796423701e-08,-44.41339474041706,0,0.0,0.0,0,0,0,0,0,0,0,0,4.721272815671638,398,2758,4978,0.1407047329989496,0.18867508297659402,0.19323287695253008,2601,0,0.1379
41,10536,rx_cerberus_base,/home/telilab4090/Documents/Gazebo World/my_world/rt_out/experiments/semantic_ablation_actor_200f/sionna_xml/frame_041_sionna.xml,30.0,0.0,0.0,2.4,4.074,-1.779,0.81,28000000000.0,17,1.574846919538686e-08,5.723669715962387e-08,4.148822796423701e-08,3.619599553417174e-08,-74.41339474041706,-44.41339474041706,cir_coefficients_tau_mask,,"[1, 1, 1, 1, 17, 1]","[1, 1, 17]","[1, 1, 17]","[1, 1, 17]",,True,,17,4.148822796423701e-08,-44.41339474041706,0,0.0,0.0,0,0,0,0,0,0,0,0,4.721272815671638,441,2831,4954,0.1310862272609371,0.18009915669169385,0.1900936343867744,2627,0,0.14155
42,10793,rx_cerberus_base,/home/telilab4090/Documents/Gazebo World/my_world/rt_out/experiments/semantic_ablation_actor_200f/sionna_xml/frame_042_sionna.xml,30.0,0.0,0.0,2.4,4.074,-1.779,0.81,28000000000.0,17,1.574846919538686e-08,5.723669715962387e-08,4.148822796423701e-08,3.619599553417174e-08,-74.41339474041706,-44.41339474041706,cir_coefficients_tau_mask,,"[1, 1, 1, 1, 17, 1]","[1, 1, 17]","[1, 1, 17]","[1, 1, 17]",,True,,17,4.148822796423701e-08,-44.41339474041706,0,0.0,0.0,0,0,0,0,0,0,0,0,4.721272815671638,419,2809,4964,0.18711300736178643,0.19160074243945177,0.1943589729033204,2643,0,0.14045
43,11050,rx_cerberus_base,/home/telilab4090/Documents/Gazebo World/my_world/rt_out/experiments/semantic_ablation_actor_200f/sionna_xml/frame_043_sionna.xml,30.0,0.0,0.0,2.4,4.074,-1.779,0.81,28000000000.0,17,1.574846919538686e-08,5.723669715962387e-08,4.148822796423701e-08,3.619599908688542e-08,-74.41339431414785,-44.41339431414785,cir_coefficients_tau_mask,,"[1, 1, 1, 1, 17, 1]","[1, 1, 17]","[1, 1, 17]","[1, 1, 17]",,True,,17,4.148822796423701e-08,-44.41339474041706,0,0.0,4.2626921015198604e-07,0,0,0,0,0,0,0,0,4.721272815671638,428,2760,4961,0.13283147468338335,0.19018916030414623,0.1952464467773111,2613,0,0.138
44,11307,rx_cerberus_base,/home/telilab4090/Documents/Gazebo World/my_world/rt_out/experiments/semantic_ablation_actor_200f/sionna_xml/frame_044_sionna.xml,30.0,0.0,0.0,2.4,4.074,-1.779,0.81,28000000000.0,17,1.574846919538686e-08,5.723669715962387e-08,4.148822796423701e-08,3.619599553417174e-08,-74.41339474041706,-44.41339474041706,cir_coefficients_tau_mask,,"[1, 1, 1, 1, 17, 1]","[1, 1, 17]","[1, 1, 17]","[1, 1, 17]",,True,,17,4.148822796423701e-08,-44.41339431414785,0,0.0,-4.2626921015198604e-07,0,0,0,0,0,0,0,0,4.721272815671638,467,2895,6577,0.13105815739639995,0.18355252225601756,0.19117566563799798,2730,0,0.14475
45,11564,rx_cerberus_base,/home/telilab4090/Documents/Gazebo World/my_world/rt_out/experiments/semantic_ablation_actor_200f/sionna_xml/frame_045_sionna.xml,30.0,0.0,0.0,2.4,4.074,-1.779,0.81,28000000000.0,17,1.574846919538686e-08,5.723669715962387e-08,4.148822796423701e-08,3.619599553417174e-08,-74.41339474041706,-44.41339474041706,cir_coefficients_tau_mask,,"[1, 1, 1, 1, 17, 1]","[1, 1, 17]","[1, 1, 17]","[1, 1, 17]",,True,,17,4.148822796423701e-08,-44.41339474041706,0,0.0,0.0,0,0,0,0,0,0,0,0,4.721272815671638,411,2786,6480,0.1319074983622544,0.19018539520245886,0.19527431854228716,2683,0,0.1393
46,11821,rx_cerberus_base,/home/telilab4090/Documents/Gazebo World/my_world/rt_out/experiments/semantic_ablation_actor_200f/sionna_xml/frame_046_sionna.xml,30.0,0.0,0.0,2.4,4.074,-1.779,0.81,28000000000.0,17,1.574846919538686e-08,5.723669715962387e-08,4.148822796423701e-08,3.619599553417174e-08,-74.41339474041706,-44.41339474041706,cir_coefficients_tau_mask,,"[1, 1, 1, 1, 17, 1]","[1, 1, 17]","[1, 1, 17]","[1, 1, 17]",,True,,17,4.148822796423701e-08,-44.41339474041706,0,0.0,0.0,0,0,0,0,0,0,0,0,4.721272815671638,444,2770,6677,0.13931695898034263,0.18973795729207865,0.1946808374117271,2655,0,0.1385
47,12078,rx_cerberus_base,/home/telilab4090/Documents/Gazebo World/my_world/rt_out/experiments/semantic_ablation_actor_200f/sionna_xml/frame_047_sionna.xml,30.0,0.0,0.0,2.4,4.074,-1.779,0.81,28000000000.0,17,1.574846919538686e-08,5.723669715962387e-08,4.148822796423701e-08,3.619599553417174e-08,-74.41339474041706,-44.41339474041706,cir_coefficients_tau_mask,,"[1, 1, 1, 1, 17, 1]","[1, 1, 17]","[1, 1, 17]","[1, 1, 17]",,True,,17,4.148822796423701e-08,-44.41339474041706,0,0.0,0.0,0,0,0,0,0,0,0,0,4.721272815671638,411,2689,6542,0.13118346737502096,0.183138782724315,0.19176289794777646,2610,0,0.13445
48,12335,rx_cerberus_base,/home/telilab4090/Documents/Gazebo World/my_world/rt_out/experiments/semantic_ablation_actor_200f/sionna_xml/frame_048_sionna.xml,30.0,0.0,0.0,2.4,4.074,-1.779,0.81,28000000000.0,17,1.574846919538686e-08,5.723669715962387e-08,4.148822796423701e-08,3.619599553417174e-08,-74.41339474041706,-44.41339474041706,cir_coefficients_tau_mask,,"[1, 1, 1, 1, 17, 1]","[1, 1, 17]","[1, 1, 17]","[1, 1, 17]",,True,,17,4.148822796423701e-08,-44.41339474041706,0,0.0,0.0,0,0,0,0,0,0,0,0,4.721272815671638,393,2728,6603,0.13948141827139668,0.1817157030237817,0.19112143734195325,2629,0,0.1364
49,12592,rx_cerberus_base,/home/telilab4090/Documents/Gazebo World/my_world/rt_out/experiments/semantic_ablation_actor_200f/sionna_xml/frame_049_sionna.xml,30.0,0.0,0.0,2.4,4.074,-1.779,0.81,28000000000.0,16,1.574846919538686e-08,5.723669715962387e-08,4.148822796423701e-08,3.6142850490250567e-08,-74.41977598776519,-44.41977598776519,cir_coefficients_tau_mask,,"[1, 1, 1, 1, 16, 1]","[1, 1, 16]","[1, 1, 16]","[1, 1, 16]",,True,,17,4.148822796423701e-08,-44.41339474041706,-1,0.0,-0.006381247348130614,1,1,0,0,0,0,0,0,4.721272815671638,435,2839,6156,0.1326189273086722,0.18091377892951283,0.19065635439639272,2608,0,0.14195
50,12849,rx_cerberus_base,/home/telilab4090/Documents/Gazebo World/my_world/rt_out/experiments/semantic_ablation_actor_200f/sionna_xml/frame_050_sionna.xml,30.0,0.0,0.0,2.4,4.074,-1.779,0.81,28000000000.0,16,1.574846919538686e-08,5.723669715962387e-08,4.148822796423701e-08,3.6160923144734625e-08,-74.41760491041067,-44.417604910410674,cir_coefficients_tau_mask,,"[1, 1, 1, 1, 16, 1]","[1, 1, 16]","[1, 1, 16]","[1, 1, 16]",,True,,16,4.148822796423701e-08,-44.41977598776519,0,0.0,0.0021710773545180473,0,0,0,0,0,0,0,0,4.721272815671638,419,2989,5599,0.1328704087157611,0.17729881286599097,0.18977909521473266,2746,0,0.14945
51,13106,rx_cerberus_base,/home/telilab4090/Documents/Gazebo World/my_world/rt_out/experiments/semantic_ablation_actor_200f/sionna_xml/frame_051_sionna.xml,30.0,0.0,0.0,2.4,4.074,-1.779,0.81,28000000000.0,16,1.716167652432432e-08,5.723669715962387e-08,4.007502063529955e-08,3.003409521085132e-09,-85.22385446814788,-55.22385446814788,cir_coefficients_tau_mask,,"[1, 1, 1, 1, 16, 1]","[1, 1, 16]","[1, 1, 16]","[1, 1, 16]",,True,,16,4.148822796423701e-08,-44.417604910410674,0,-1.4132073289374603e-09,-10.806249557737203,0,0,1,1,1,0,1,1,4.721272815671638,517,2792,5322,0.016799361862152692,0.10440651249956083,0.13341490257568844,2616,0,0.1396
52,13363,rx_cerberus_base,/home/telilab4090/Documents/Gazebo World/my_world/rt_out/experiments/semantic_ablation_actor_200f/sionna_xml/frame_052_sionna.xml,30.0,0.0,0.0,2.4,4.074,-1.779,0.81,28000000000.0,14,1.716167652432432e-08,5.723669715962387e-08,4.007502063529955e-08,2.99288616112392e-09,-85.23909801882144,-55.23909801882144,cir_coefficients_tau_mask,,"[1, 1, 1, 1, 14, 1]","[1, 1, 14]","[1, 1, 14]","[1, 1, 14]",,True,,16,4.007502063529955e-08,-55.22385446814788,-2,0.0,-0.01524355067355998,1,1,0,0,0,0,0,0,4.721272815671638,563,2817,5504,0.043749469136089084,0.07805535174421137,0.11313040730541339,2657,0,0.14085
53,13620,rx_cerberus_base,/home/telilab4090/Documents/Gazebo World/my_world/rt_out/experiments/semantic_ablation_actor_200f/sionna_xml/frame_053_sionna.xml,30.0,0.0,0.0,2.4,4.074,-1.779,0.81,28000000000.0,15,1.574846919538686e-08,5.723669715962387e-08,4.148822796423701e-08,3.470804799121652e-08,-74.5956981071585,-44.5956981071585,cir_coefficients_tau_mask,,"[1, 1, 1, 1, 15, 1]","[1, 1, 15]","[1, 1, 15]","[1, 1, 15]",,True,,14,4.007502063529955e-08,-55.23909801882144,1,1.4132073289374603e-09,10.64339991166294,1,0,0,0,0,0,0,0,4.721272815671638,511,2785,5569,0.06510247074100471,0.14096738190223126,0.17013359986465068,2638,0,0.13925
54,13877,rx_cerberus_base,/home/telilab4090/Documents/Gazebo World/my_world/rt_out/experiments/semantic_ablation_actor_200f/sionna_xml/frame_054_sionna.xml,30.0,0.0,0.0,2.4,4.074,-1.779,0.81,28000000000.0,17,1.574846919538686e-08,5.723669715962387e-08,4.148822796423701e-08,3.6203839925974535e-08,-74.41245363991166,-44.41245363991166,cir_coefficients_tau_mask,,"[1, 1, 1, 1, 17, 1]","[1, 1, 17]","[1, 1, 17]","[1, 1, 17]",,True,,15,4.148822796423701e-08,-44.5956981071585,2,0.0,0.18324446724683696,1,0,0,0,0,0,0,0,4.721272815671638,445,2829,5498,0.14015332501348235,0.18830540029143034,0.19382050784714203,2650,0,0.14145
55,14134,rx_cerberus_base,/home/telilab4090/Documents/Gazebo World/my_world/rt_out/experiments/semantic_ablation_actor_200f/sionna_xml/frame_055_sionna.xml,30.0,0.0,0.0,2.4,4.074,-1.779,0.81,28000000000.0,17,1.574846919538686e-08,5.478522524526852e-08,3.903675604988166e-08,3.617294197511001e-08,-74.41616168274675,-44.41616168274675,cir_coefficients_tau_mask,,"[1, 1, 1, 1, 17, 1]","[1, 1, 17]","[1, 1, 17]","[1, 1, 17]",,True,,17,4.148822796423701e-08,-44.41245363991166,0,-2.451471914355352e-09,-0.0037080428350861894,0,0,0,0,0,0,0,0,4.721272815671638,426,2744,5418,0.13255132313524756,0.18576885805525403,0.19206909757255233,2627,0,0.1372
56,14391,rx_cerberus_base,/home/telilab4090/Documents/Gazebo World/my_world/rt_out/experiments/semantic_ablation_actor_200f/sionna_xml/frame_056_sionna.xml,30.0,0.0,0.0,2.4,4.074,-1.779,0.81,28000000000.0,17,1.574846919538686e-08,5.478522524526852e-08,3.903675604988166e-08,3.6172945527823686e-08,-74.41616125620585,-44.416161256205854,cir_coefficients_tau_mask,,"[1, 1, 1, 1, 17, 1]","[1, 1, 17]","[1, 1, 17]","[1, 1, 17]",,True,,17,3.903675604988166e-08,-44.41616168274675,0,0.0,4.265408932724313e-07,0,0,0,0,0,0,0,0,4.721272815671638,408,2589,5282,0.13179820116264332,0.18120677618466663,0.19096504881850168,2570,0,0.12945
57,14648,rx_cerberus_base,/home/telilab4090/Documents/Gazebo World/my_world/rt_out/experiments/semantic_ablation_actor_200f/sionna_xml/frame_057_sionna.xml,30.0,0.0,0.0,2.4,4.074,-1.779,0.81,28000000000.0,17,1.574846919538686e-08,5.478522524526852e-08,3.903675604988166e-08,3.617294197511001e-08,-74.41616168274675,-44.41616168274675,cir_coefficients_tau_mask,,"[1, 1, 1, 1, 17, 1]","[1, 1, 17]","[1, 1, 17]","[1, 1, 17]",,True,,17,3.903675604988166e-08,-44.416161256205854,0,0.0,-4.265408932724313e-07,0,0,0,0,0,0,0,0,4.721272815671638,404,2656,5250,0.14077685285824976,0.19040201122937844,0.19543250682433577,2641,0,0.1328
58,14905,rx_cerberus_base,/home/telilab4090/Documents/Gazebo World/my_world/rt_out/experiments/semantic_ablation_actor_200f/sionna_xml/frame_058_sionna.xml,30.0,0.0,0.0,2.4,4.074,-1.779,0.81,28000000000.0,15,1.574846919538686e-08,5.055218466054612e-08,3.480371546515926e-08,3.61528833536795e-08,-74.41857060066386,-44.418570600663855,cir_coefficients_tau_mask,,"[1, 1, 1, 1, 15, 1]","[1, 1, 15]","[1, 1, 15]","[1, 1, 15]",,True,,17,3.903675604988166e-08,-44.41616168274675,-2,-4.233040584722403e-09,-0.0024089179171085107,1,1,0,0,0,0,0,0,4.721272815671638,435,2627,4843,0.13945897897605986,0.18300118112264038,0.19043046154483104,2614,0,0.13135
59,15162,rx_cerberus_base,/home/telilab4090/Documents/Gazebo World/my_world/rt_out/experiments/semantic_ablation_actor_200f/sionna_xml/frame_059_sionna.xml,30.0,0.0,0.0,2.4,4.074,-1.779,0.81,28000000000.0,18,1.574846919538686e-08,5.723669715962387e-08,4.148822796423701e-08,3.621421384991663e-08,-74.41120938168608,-44.41120938168608,cir_coefficients_tau_mask,,"[1, 1, 1, 1, 18, 1]","[1, 1, 18]","[1, 1, 18]","[1, 1, 18]",,True,,15,3.480371546515926e-08,-44.418570600663855,3,6.684512499077755e-09,0.007361218977777639,1,0,0,0,0,1,1,1,4.721272815671638,380,2682,4744,0.1402648292476779,0.1899422810233406,0.19409526798764998,2673,0,0.1341
60,15419,rx_cerberus_base,/home/telilab4090/Documents/Gazebo World/my_world/rt_out/experiments/semantic_ablation_actor_200f/sionna_xml/frame_060_sionna.xml,30.0,0.0,0.0,2.4,4.074,-1.779,0.81,28000000000.0,18,1.574846919538686e-08,5.723669715962387e-08,4.148822796423701e-08,3.621421384991663e-08,-74.41120938168608,-44.41120938168608,cir_coefficients_tau_mask,,"[1, 1, 1, 1, 18, 1]","[1, 1, 18]","[1, 1, 18]","[1, 1, 18]",,True,,18,4.148822796423701e-08,-44.41120938168608,0,0.0,0.0,0,0,0,0,0,0,0,0,4.721272815671638,495,2726,4825,0.13125994707444297,0.18232948389385426,0.190318963896427,2712,0,0.1363
61,15676,rx_cerberus_base,/home/telilab4090/Documents/Gazebo World/my_world/rt_out/experiments/semantic_ablation_actor_200f/sionna_xml/frame_061_sionna.xml,30.0,0.0,0.0,2.4,4.074,-1.779,0.81,28000000000.0,18,1.574846919538686e-08,5.723669715962387e-08,4.148822796423701e-08,3.6214210297202953e-08,-74.41120980774089,-44.41120980774089,cir_coefficients_tau_mask,,"[1, 1, 1, 1, 18, 1]","[1, 1, 18]","[1, 1, 18]","[1, 1, 18]",,True,,18,4.148822796423701e-08,-44.41120938168608,0,0.0,-4.260548109868978e-07,0,0,0,0,0,0,0,0,4.721272815671638,425,2731,4962,0.13996177874430069,0.19016755855605455,0.19413162867580103,2710,0,0.13655
62,15933,rx_cerberus_base,/home/telilab4090/Documents/Gazebo World/my_world/rt_out/experiments/semantic_ablation_actor_200f/sionna_xml/frame_062_sionna.xml,30.0,0.0,0.0,2.4,4.074,-1.779,0.81,28000000000.0,18,1.574846919538686e-08,5.723669715962387e-08,4.148822796423701e-08,3.621421384991663e-08,-74.41120938168608,-44.41120938168608,cir_coefficients_tau_mask,,"[1, 1, 1, 1, 18, 1]","[1, 1, 18]","[1, 1, 18]","[1, 1, 18]",,True,,18,4.148822796423701e-08,-44.41120980774089,0,0.0,4.260548109868978e-07,0,0,0,0,0,0,0,0,4.721272815671638,417,2662,4822,0.13144395597453848,0.1770884873510255,0.1895912693039094,2652,0,0.1331
63,16190,rx_cerberus_base,/home/telilab4090/Documents/Gazebo World/my_world/rt_out/experiments/semantic_ablation_actor_200f/sionna_xml/frame_063_sionna.xml,30.0,0.0,0.0,2.4,4.074,-1.779,0.81,28000000000.0,18,1.574846919538686e-08,5.723669715962387e-08,4.148822796423701e-08,3.621421384991663e-08,-74.41120938168608,-44.41120938168608,cir_coefficients_tau_mask,,"[1, 1, 1, 1, 18, 1]","[1, 1, 18]","[1, 1, 18]","[1, 1, 18]",,True,,18,4.148822796423701e-08,-44.41120938168608,0,0.0,0.0,0,0,0,0,0,0,0,0,4.721272815671638,423,2630,4985,0.13997979784814682,0.19000569834185493,0.1947268582979696,2606,0,0.1315
64,16447,rx_cerberus_base,/home/telilab4090/Documents/Gazebo World/my_world/rt_out/experiments/semantic_ablation_actor_200f/sionna_xml/frame_064_sionna.xml,30.0,0.0,0.0,2.4,4.074,-1.779,0.81,28000000000.0,18,1.574846919538686e-08,5.723669715962387e-08,4.148822796423701e-08,3.621421384991663e-08,-74.41120938168608,-44.41120938168608,cir_coefficients_tau_mask,,"[1, 1, 1, 1, 18, 1]","[1, 1, 18]","[1, 1, 18]","[1, 1, 18]",,True,,18,4.148822796423701e-08,-44.41120938168608,0,0.0,0.0,0,0,0,0,0,0,0,0,4.721272815671638,390,2635,4488,0.13125994707444297,0.18614722643006373,0.19283033112265027,2615,0,0.13175
65,16704,rx_cerberus_base,/home/telilab4090/Documents/Gazebo World/my_world/rt_out/experiments/semantic_ablation_actor_200f/sionna_xml/frame_065_sionna.xml,30.0,0.0,0.0,2.4,4.074,-1.779,0.81,28000000000.0,18,1.574846919538686e-08,5.723669715962387e-08,4.148822796423701e-08,3.621421740263031e-08,-74.4112089556313,-44.411208955631295,cir_coefficients_tau_mask,,"[1, 1, 1, 1, 18, 1]","[1, 1, 18]","[1, 1, 18]","[1, 1, 18]",,True,,18,4.148822796423701e-08,-44.41120938168608,0,0.0,4.2605478256518836e-07,0,0,0,0,0,0,0,0,4.721272815671638,453,2656,5022,0.14015332501348235,0.1868249651160332,0.1930199432671798,2639,0,0.1328
66,16961,rx_cerberus_base,/home/telilab4090/Documents/Gazebo World/my_world/rt_out/experiments/semantic_ablation_actor_200f/sionna_xml/frame_066_sionna.xml,30.0,0.0,0.0,2.4,4.074,-1.779,0.81,28000000000.0,18,1.574846919538686e-08,5.723669715962387e-08,4.148822796423701e-08,3.621421384991663e-08,-74.41120938168608,-44.41120938168608,cir_coefficients_tau_mask,,"[1, 1, 1, 1, 18, 1]","[1, 1, 18]","[1, 1, 18]","[1, 1, 18]",,True,,18,4.148822796423701e-08,-44.411208955631295,0,0.0,-4.2605478256518836e-07,0,0,0,0,0,0,0,0,4.721272815671638,391,2588,5138,0.13125994707444297,0.18339003924985814,0.19193694375102235,2575,0,0.1294
67,17218,rx_cerberus_base,/home/telilab4090/Documents/Gazebo World/my_world/rt_out/experiments/semantic_ablation_actor_200f/sionna_xml/frame_067_sionna.xml,30.0,0.0,0.0,2.4,4.074,-1.779,0.81,28000000000.0,18,1.574846919538686e-08,5.723669715962387e-08,4.148822796423701e-08,3.621421740263031e-08,-74.4112089556313,-44.411208955631295,cir_coefficients_tau_mask,,"[1, 1, 1, 1, 18, 1]","[1, 1, 18]","[1, 1, 18]","[1, 1, 18]",,True,,18,4.148822796423701e-08,-44.41120938168608,0,0.0,4.2605478256518836e-07,0,0,0,0,0,0,0,0,4.721272815671638,430,2939,5258,0.18785830701061948,0.193042220251181,0.1960669448888401,2691,0,0.14695
68,17475,rx_cerberus_base,/home/telilab4090/Documents/Gazebo World/my_world/rt_out/experiments/semantic_ablation_actor_200f/sionna_xml/frame_068_sionna.xml,30.0,0.0,0.0,2.4,4.074,-1.779,0.81,28000000000.0,18,1.574846919538686e-08,5.723669715962387e-08,4.148822796423701e-08,3.621421740263031e-08,-74.4112089556313,-44.411208955631295,cir_coefficients_tau_mask,,"[1, 1, 1, 1, 18, 1]","[1, 1, 18]","[1, 1, 18]","[1, 1, 18]",,True,,18,4.148822796423701e-08,-44.411208955631295,0,0.0,0.0,0,0,0,0,0,0,0,0,4.721272815671638,415,2941,5291,0.13980372672806507,0.1904099550296934,0.19579077756976954,2684,0,0.14705
69,17732,rx_cerberus_base,/home/telilab4090/Documents/Gazebo World/my_world/rt_out/experiments/semantic_ablation_actor_200f/sionna_xml/frame_069_sionna.xml,30.0,0.0,0.0,2.4,4.074,-1.779,0.81,28000000000.0,18,1.574846919538686e-08,5.723669715962387e-08,4.148822796423701e-08,3.621421384991663e-08,-74.41120938168608,-44.41120938168608,cir_coefficients_tau_mask,,"[1, 1, 1, 1, 18, 1]","[1, 1, 18]","[1, 1, 18]","[1, 1, 18]",,True,,18,4.148822796423701e-08,-44.411208955631295,0,0.0,-4.2605478256518836e-07,0,0,0,0,0,0,0,0,4.721272815671638,409,2725,5140,0.13228210800744705,0.18274118283826027,0.19183098973365686,2546,0,0.13625
70,17989,rx_cerberus_base,/home/telilab4090/Documents/Gazebo World/my_world/rt_out/experiments/semantic_ablation_actor_200f/sionna_xml/frame_070_sionna.xml,30.0,0.0,0.0,2.4,4.074,-1.779,0.81,28000000000.0,18,1.574846919538686e-08,5.723669715962387e-08,4.148822796423701e-08,3.621421384991663e-08,-74.41120938168608,-44.41120938168608,cir_coefficients_tau_mask,,"[1, 1, 1, 1, 18, 1]","[1, 1, 18]","[1, 1, 18]","[1, 1, 18]",,True,,18,4.148822796423701e-08,-44.41120938168608,0,0.0,0.0,0,0,0,0,0,0,0,0,4.721272815671638,432,2724,5313,0.13179820116264332,0.1889636000087975,0.19474102908774862,2623,0,0.1362
71,18246,rx_cerberus_base,/home/telilab4090/Documents/Gazebo World/my_world/rt_out/experiments/semantic_ablation_actor_200f/sionna_xml/frame_071_sionna.xml,30.0,0.0,0.0,2.4,4.074,-1.779,0.81,28000000000.0,18,1.574846919538686e-08,5.723669715962387e-08,4.148822796423701e-08,3.621421384991663e-08,-74.41120938168608,-44.41120938168608,cir_coefficients_tau_mask,,"[1, 1, 1, 1, 18, 1]","[1, 1, 18]","[1, 1, 18]","[1, 1, 18]",,True,,18,4.148822796423701e-08,-44.41120938168608,0,0.0,0.0,0,0,0,0,0,0,0,0,4.721272815671638,418,2660,5225,0.13255132313524756,0.18117861430322826,0.19033775736155562,2641,0,0.133
72,18503,rx_cerberus_base,/home/telilab4090/Documents/Gazebo World/my_world/rt_out/experiments/semantic_ablation_actor_200f/sionna_xml/frame_072_sionna.xml,30.0,0.0,0.0,2.4,4.074,-1.779,0.81,28000000000.0,18,1.574846919538686e-08,5.723669715962387e-08,4.148822796423701e-08,3.621421384991663e-08,-74.41120938168608,-44.41120938168608,cir_coefficients_tau_mask,,"[1, 1, 1, 1, 18, 1]","[1, 1, 18]","[1, 1, 18]","[1, 1, 18]",,True,,18,4.148822796423701e-08,-44.41120938168608,0,0.0,0.0,0,0,0,0,0,0,0,0,4.721272815671638,423,2654,5328,0.13931286240559063,0.18605544251423028,0.1925493309255448,2634,0,0.1327
73,18760,rx_cerberus_base,/home/telilab4090/Documents/Gazebo World/my_world/rt_out/experiments/semantic_ablation_actor_200f/sionna_xml/frame_073_sionna.xml,30.0,0.0,0.0,2.4,4.074,-1.779,0.81,28000000000.0,18,1.574846919538686e-08,5.723669715962387e-08,4.148822796423701e-08,3.621421384991663e-08,-74.41120938168608,-44.41120938168608,cir_coefficients_tau_mask,,"[1, 1, 1, 1, 18, 1]","[1, 1, 18]","[1, 1, 18]","[1, 1, 18]",,True,,18,4.148822796423701e-08,-44.41120938168608,0,0.0,0.0,0,0,0,0,0,0,0,0,4.721272815671638,415,2649,5210,0.13218806119579196,0.1834689434903428,0.19219277198388265,2628,0,0.13245
74,19017,rx_cerberus_base,/home/telilab4090/Documents/Gazebo World/my_world/rt_out/experiments/semantic_ablation_actor_200f/sionna_xml/frame_074_sionna.xml,30.0,0.0,0.0,2.4,4.074,-1.779,0.81,28000000000.0,18,1.574846919538686e-08,5.723669715962387e-08,4.148822796423701e-08,3.6214210297202953e-08,-74.41120980774089,-44.41120980774089,cir_coefficients_tau_mask,,"[1, 1, 1, 1, 18, 1]","[1, 1, 18]","[1, 1, 18]","[1, 1, 18]",,True,,18,4.148822796423701e-08,-44.41120938168608,0,0.0,-4.260548109868978e-07,0,0,0,0,0,0,0,0,4.721272815671638,429,2678,5342,0.13144395597453848,0.18909715623408055,0.19375241788388378,2666,0,0.1339
75,19274,rx_cerberus_base,/home/telilab4090/Documents/Gazebo World/my_world/rt_out/experiments/semantic_ablation_actor_200f/sionna_xml/frame_075_sionna.xml,30.0,0.0,0.0,2.4,4.074,-1.779,0.81,28000000000.0,18,1.574846919538686e-08,5.723669715962387e-08,4.148822796423701e-08,3.621421384991663e-08,-74.41120938168608,-44.41120938168608,cir_coefficients_tau_mask,,"[1, 1, 1, 1, 18, 1]","[1, 1, 18]","[1, 1, 18]","[1, 1, 18]",,True,,18,4.148822796423701e-08,-44.41120980774089,0,0.0,4.260548109868978e-07,0,0,0,0,0,0,0,0,4.721272815671638,451,2646,5194,0.13934452084968788,0.18619342615369688,0.19240743993467524,2636,0,0.1323
76,19531,rx_cerberus_base,/home/telilab4090/Documents/Gazebo World/my_world/rt_out/experiments/semantic_ablation_actor_200f/sionna_xml/frame_076_sionna.xml,30.0,0.0,0.0,2.4,4.074,-1.779,0.81,28000000000.0,18,1.574846919538686e-08,5.723669715962387e-08,4.148822796423701e-08,3.621421384991663e-08,-74.41120938168608,-44.41120938168608,cir_coefficients_tau_mask,,"[1, 1, 1, 1, 18, 1]","[1, 1, 18]","[1, 1, 18]","[1, 1, 18]",,True,,18,4.148822796423701e-08,-44.41120938168608,0,0.0,0.0,0,0,0,0,0,0,0,0,4.721272815671638,428,2683,4713,0.13298783176984602,0.1812047710687522,0.19103724704911595,2665,0,0.13415
77,19788,rx_cerberus_base,/home/telilab4090/Documents/Gazebo World/my_world/rt_out/experiments/semantic_ablation_actor_200f/sionna_xml/frame_077_sionna.xml,30.0,0.0,0.0,2.4,4.074,-1.779,0.81,28000000000.0,18,1.574846919538686e-08,5.723669715962387e-08,4.148822796423701e-08,3.621421740263031e-08,-74.4112089556313,-44.411208955631295,cir_coefficients_tau_mask,,"[1, 1, 1, 1, 18, 1]","[1, 1, 18]","[1, 1, 18]","[1, 1, 18]",,True,,18,4.148822796423701e-08,-44.41120938168608,0,0.0,4.2605478256518836e-07,0,0,0,0,0,0,0,0,4.721272815671638,435,2726,3916,0.14054928522094906,0.18645436086430534,0.19257607906496232,2710,0,0.1363
78,20045,rx_cerberus_base,/home/telilab4090/Documents/Gazebo World/my_world/rt_out/experiments/semantic_ablation_actor_200f/sionna_xml/frame_078_sionna.xml,30.0,0.0,0.0,2.4,4.074,-1.779,0.81,28000000000.0,18,1.574846919538686e-08,5.723669715962387e-08,4.148822796423701e-08,3.621421384991663e-08,-74.41120938168608,-44.41120938168608,cir_coefficients_tau_mask,,"[1, 1, 1, 1, 18, 1]","[1, 1, 18]","[1, 1, 18]","[1, 1, 18]",,True,,18,4.148822796423701e-08,-44.411208955631295,0,0.0,-4.2605478256518836e-07,0,0,0,0,0,0,0,0,4.721272815671638,413,2709,3933,0.18731331510536053,0.19203519403628858,0.19586349324513605,2693,0,0.13545
79,20302,rx_cerberus_base,/home/telilab4090/Documents/Gazebo World/my_world/rt_out/experiments/semantic_ablation_actor_200f/sionna_xml/frame_079_sionna.xml,30.0,0.0,0.0,2.4,4.074,-1.779,0.81,28000000000.0,18,1.574846919538686e-08,5.723669715962387e-08,4.148822796423701e-08,3.6214210297202953e-08,-74.41120980774089,-44.41120980774089,cir_coefficients_tau_mask,,"[1, 1, 1, 1, 18, 1]","[1, 1, 18]","[1, 1, 18]","[1, 1, 18]",,True,,18,4.148822796423701e-08,-44.41120938168608,0,0.0,-4.260548109868978e-07,0,0,0,0,0,0,0,0,4.721272815671638,434,2689,3936,0.1406594664779947,0.18786621558101166,0.19403744739489476,2670,0,0.13445
80,20559,rx_cerberus_base,/home/telilab4090/Documents/Gazebo World/my_world/rt_out/experiments/semantic_ablation_actor_200f/sionna_xml/frame_080_sionna.xml,30.0,0.0,0.0,2.4,4.074,-1.779,0.81,28000000000.0,18,1.574846919538686e-08,5.723669715962387e-08,4.148822796423701e-08,3.621422095534399e-08,-74.41120852957657,-44.41120852957657,cir_coefficients_tau_mask,,"[1, 1, 1, 1, 18, 1]","[1, 1, 18]","[1, 1, 18]","[1, 1, 18]",,True,,18,4.148822796423701e-08,-44.41120980774089,0,0.0,1.2781643192738557e-06,0,0,0,0,0,0,0,0,4.721272815671638,394,2617,3859,0.14090034192196624,0.18978542894262798,0.1956660171670471,2598,0,0.13085
81,20816,rx_cerberus_base,/home/telilab4090/Documents/Gazebo World/my_world/rt_out/experiments/semantic_ablation_actor_200f/sionna_xml/frame_081_sionna.xml,30.0,0.0,0.0,2.4,4.074,-1.779,0.81,28000000000.0,18,1.574846919538686e-08,5.723669715962387e-08,4.148822796423701e-08,3.621421384991663e-08,-74.41120938168608,-44.41120938168608,cir_coefficients_tau_mask,,"[1, 1, 1, 1, 18, 1]","[1, 1, 18]","[1, 1, 18]","[1, 1, 18]",,True,,18,4.148822796423701e-08,-44.41120852957657,0,0.0,-8.521095082869579e-07,0,0,0,0,0,0,0,0,4.721272815671638,380,2690,3362,0.13118346737502096,0.1891660590812077,0.19390106651972888,2674,0,0.1345
82,21073,rx_cerberus_base,/home/telilab4090/Documents/Gazebo World/my_world/rt_out/experiments/semantic_ablation_actor_200f/sionna_xml/frame_082_sionna.xml,30.0,0.0,0.0,2.4,4.074,-1.779,0.81,28000000000.0,18,1.574846919538686e-08,5.723669715962387e-08,4.148822796423701e-08,3.621421384991663e-08,-74.41120938168608,-44.41120938168608,cir_coefficients_tau_mask,,"[1, 1, 1, 1, 18, 1]","[1, 1, 18]","[1, 1, 18]","[1, 1, 18]",,True,,18,4.148822796423701e-08,-44.41120938168608,0,0.0,0.0,0,0,0,0,0,0,0,0,4.721272815671638,436,2629,3196,0.14043092578542352,0.18683552072782988,0.19416177503557627,2610,0,0.13145
83,21330,rx_cerberus_base,/home/telilab4090/Documents/Gazebo World/my_world/rt_out/experiments/semantic_ablation_actor_200f/sionna_xml/frame_083_sionna.xml,30.0,0.0,0.0,2.4,4.074,-1.779,0.81,28000000000.0,18,1.574846919538686e-08,5.723669715962387e-08,4.148822796423701e-08,3.621421384991663e-08,-74.41120938168608,-44.41120938168608,cir_coefficients_tau_mask,,"[1, 1, 1, 1, 18, 1]","[1, 1, 18]","[1, 1, 18]","[1, 1, 18]",,True,,18,4.148822796423701e-08,-44.41120938168608,0,0.0,0.0,0,0,0,0,0,0,0,0,4.721272815671638,421,2661,3160,0.1326189273086722,0.1807868920421434,0.19018660000767132,2650,0,0.13305
84,21587,rx_cerberus_base,/home/telilab4090/Documents/Gazebo World/my_world/rt_out/experiments/semantic_ablation_actor_200f/sionna_xml/frame_084_sionna.xml,30.0,0.0,0.0,2.4,4.074,-1.779,0.81,28000000000.0,18,1.574846919538686e-08,5.723669715962387e-08,4.148822796423701e-08,3.621421384991663e-08,-74.41120938168608,-44.41120938168608,cir_coefficients_tau_mask,,"[1, 1, 1, 1, 18, 1]","[1, 1, 18]","[1, 1, 18]","[1, 1, 18]",,True,,18,4.148822796423701e-08,-44.41120938168608,0,0.0,0.0,0,0,0,0,0,0,0,0,4.721272815671638,417,2675,3190,0.18901935545913023,0.1920903023781731,0.1954549258323731,2658,0,0.13375
85,21844,rx_cerberus_base,/home/telilab4090/Documents/Gazebo World/my_world/rt_out/experiments/semantic_ablation_actor_200f/sionna_xml/frame_085_sionna.xml,30.0,0.0,0.0,2.4,4.074,-1.779,0.81,28000000000.0,18,1.574846919538686e-08,5.723669715962387e-08,4.148822796423701e-08,3.621421740263031e-08,-74.4112089556313,-44.411208955631295,cir_coefficients_tau_mask,,"[1, 1, 1, 1, 18, 1]","[1, 1, 18]","[1, 1, 18]","[1, 1, 18]",,True,,18,4.148822796423701e-08,-44.41120938168608,0,0.0,4.2605478256518836e-07,0,0,0,0,0,0,0,0,4.721272815671638,392,2637,3157,0.13218806119579196,0.1897447904470649,0.19515802241525076,2623,0,0.13185
86,22101,rx_cerberus_base,/home/telilab4090/Documents/Gazebo World/my_world/rt_out/experiments/semantic_ablation_actor_200f/sionna_xml/frame_086_sionna.xml,30.0,0.0,0.0,2.4,4.074,-1.779,0.81,28000000000.0,18,1.574846919538686e-08,5.723669715962387e-08,4.148822796423701e-08,3.621421384991663e-08,-74.41120938168608,-44.41120938168608,cir_coefficients_tau_mask,,"[1, 1, 1, 1, 18, 1]","[1, 1, 18]","[1, 1, 18]","[1, 1, 18]",,True,,18,4.148822796423701e-08,-44.411208955631295,0,0.0,-4.2605478256518836e-07,0,0,0,0,0,0,0,0,4.721272815671638,421,2707,3231,0.14051877001886826,0.19039688554892809,0.19524381796558005,2693,0,0.13535
87,22358,rx_cerberus_base,/home/telilab4090/Documents/Gazebo World/my_world/rt_out/experiments/semantic_ablation_actor_200f/sionna_xml/frame_087_sionna.xml,30.0,0.0,0.0,2.4,4.074,-1.779,0.81,28000000000.0,18,1.574846919538686e-08,5.723669715962387e-08,4.148822796423701e-08,3.621421740263031e-08,-74.4112089556313,-44.411208955631295,cir_coefficients_tau_mask,,"[1, 1, 1, 1, 18, 1]","[1, 1, 18]","[1, 1, 18]","[1, 1, 18]",,True,,18,4.148822796423701e-08,-44.41120938168608,0,0.0,4.2605478256518836e-07,0,0,0,0,0,0,0,0,4.721272815671638,435,2661,3123,0.13931695898034263,0.1871680896224178,0.19380153565634184,2641,0,0.13305
88,22615,rx_cerberus_base,/home/telilab4090/Documents/Gazebo World/my_world/rt_out/experiments/semantic_ablation_actor_200f/sionna_xml/frame_088_sionna.xml,30.0,0.0,0.0,2.4,4.074,-1.779,0.81,28000000000.0,18,1.574846919538686e-08,5.723669715962387e-08,4.148822796423701e-08,3.621421384991663e-08,-74.41120938168608,-44.41120938168608,cir_coefficients_tau_mask,,"[1, 1, 1, 1, 18, 1]","[1, 1, 18]","[1, 1, 18]","[1, 1, 18]",,True,,18,4.148822796423701e-08,-44.411208955631295,0,0.0,-4.2605478256518836e-07,0,0,0,0,0,0,0,0,4.721272815671638,389,2602,3081,0.13202671693980725,0.18361956640104687,0.19228415355460995,2591,0,0.1301
89,22872,rx_cerberus_base,/home/telilab4090/Documents/Gazebo World/my_world/rt_out/experiments/semantic_ablation_actor_200f/sionna_xml/frame_089_sionna.xml,30.0,0.0,0.0,2.4,4.074,-1.779,0.81,28000000000.0,18,1.574846919538686e-08,5.723669715962387e-08,4.148822796423701e-08,3.621421740263031e-08,-74.4112089556313,-44.411208955631295,cir_coefficients_tau_mask,,"[1, 1, 1, 1, 18, 1]","[1, 1, 18]","[1, 1, 18]","[1, 1, 18]",,True,,18,4.148822796423701e-08,-44.41120938168608,0,0.0,4.2605478256518836e-07,0,0,0,0,0,0,0,0,4.721272815671638,379,2589,3014,0.1407047329989496,0.19059252446564803,0.19541133175976505,2570,0,0.12945
90,23129,rx_cerberus_base,/home/telilab4090/Documents/Gazebo World/my_world/rt_out/experiments/semantic_ablation_actor_200f/sionna_xml/frame_090_sionna.xml,30.0,0.0,0.0,2.4,4.074,-1.779,0.81,28000000000.0,18,1.574846919538686e-08,5.723669715962387e-08,4.148822796423701e-08,3.621421740263031e-08,-74.4112089556313,-44.411208955631295,cir_coefficients_tau_mask,,"[1, 1, 1, 1, 18, 1]","[1, 1, 18]","[1, 1, 18]","[1, 1, 18]",,True,,18,4.148822796423701e-08,-44.411208955631295,0,0.0,0.0,0,0,0,0,0,0,0,0,4.721272815671638,427,2674,3100,0.13144395597453848,0.1888308210778541,0.19566070418005868,2660,0,0.1337
91,23386,rx_cerberus_base,/home/telilab4090/Documents/Gazebo World/my_world/rt_out/experiments/semantic_ablation_actor_200f/sionna_xml/frame_091_sionna.xml,30.0,0.0,0.0,2.4,4.074,-1.779,0.81,28000000000.0,18,1.574846919538686e-08,5.723669715962387e-08,4.148822796423701e-08,3.621421384991663e-08,-74.41120938168608,-44.41120938168608,cir_coefficients_tau_mask,,"[1, 1, 1, 1, 18, 1]","[1, 1, 18]","[1, 1, 18]","[1, 1, 18]",,True,,18,4.148822796423701e-08,-44.411208955631295,0,0.0,-4.2605478256518836e-07,0,0,0,0,0,0,0,0,4.721272815671638,406,2657,3106,0.13105815739639995,0.17296356351000072,0.18812968535896585,2639,0,0.13285
92,23643,rx_cerberus_base,/home/telilab4090/Documents/Gazebo World/my_world/rt_out/experiments/semantic_ablation_actor_200f/sionna_xml/frame_092_sionna.xml,30.0,0.0,0.0,2.4,4.074,-1.779,0.81,28000000000.0,18,1.574846919538686e-08,5.723669715962387e-08,4.148822796423701e-08,3.621421740263031e-08,-74.4112089556313,-44.411208955631295,cir_coefficients_tau_mask,,"[1, 1, 1, 1, 18, 1]","[1, 1, 18]","[1, 1, 18]","[1, 1, 18]",,True,,18,4.148822796423701e-08,-44.41120938168608,0,0.0,4.2605478256518836e-07,0,0,0,0,0,0,0,0,4.721272815671638,395,2660,3114,0.13298783176984602,0.187133184317436,0.19471573528986258,2648,0,0.133
93,23900,rx_cerberus_base,/home/telilab4090/Documents/Gazebo World/my_world/rt_out/experiments/semantic_ablation_actor_200f/sionna_xml/frame_093_sionna.xml,30.0,0.0,0.0,2.4,4.074,-1.779,0.81,28000000000.0,18,1.574846919538686e-08,5.723669715962387e-08,4.148822796423701e-08,3.621421384991663e-08,-74.41120938168608,-44.41120938168608,cir_coefficients_tau_mask,,"[1, 1, 1, 1, 18, 1]","[1, 1, 18]","[1, 1, 18]","[1, 1, 18]",,True,,18,4.148822796423701e-08,-44.411208955631295,0,0.0,-4.2605478256518836e-07,0,0,0,0,0,0,0,0,4.721272815671638,446,2667,3142,0.13125994707444297,0.16958245839062563,0.1850976547359036,2649,0,0.13335
94,24157,rx_cerberus_base,/home/telilab4090/Documents/Gazebo World/my_world/rt_out/experiments/semantic_ablation_actor_200f/sionna_xml/frame_094_sionna.xml,30.0,0.0,0.0,2.4,4.074,-1.779,0.81,28000000000.0,18,1.574846919538686e-08,5.723669715962387e-08,4.148822796423701e-08,3.621421384991663e-08,-74.41120938168608,-44.41120938168608,cir_coefficients_tau_mask,,"[1, 1, 1, 1, 18, 1]","[1, 1, 18]","[1, 1, 18]","[1, 1, 18]",,True,,18,4.148822796423701e-08,-44.41120938168608,0,0.0,0.0,0,0,0,0,0,0,0,0,4.721272815671638,428,2653,3112,0.1402648292476779,0.1866352055704224,0.19249100325203686,2633,0,0.13265
95,24414,rx_cerberus_base,/home/telilab4090/Documents/Gazebo World/my_world/rt_out/experiments/semantic_ablation_actor_200f/sionna_xml/frame_095_sionna.xml,30.0,0.0,0.0,2.4,4.074,-1.779,0.81,28000000000.0,18,1.574846919538686e-08,5.723669715962387e-08,4.148822796423701e-08,3.621421740263031e-08,-74.4112089556313,-44.411208955631295,cir_coefficients_tau_mask,,"[1, 1, 1, 1, 18, 1]","[1, 1, 18]","[1, 1, 18]","[1, 1, 18]",,True,,18,4.148822796423701e-08,-44.41120938168608,0,0.0,4.2605478256518836e-07,0,0,0,0,0,0,0,0,4.721272815671638,424,2631,3072,0.13283147468338335,0.18659276726267973,0.1931225803940843,2617,0,0.13155
96,24671,rx_cerberus_base,/home/telilab4090/Documents/Gazebo World/my_world/rt_out/experiments/semantic_ablation_actor_200f/sionna_xml/frame_096_sionna.xml,30.0,0.0,0.0,2.4,4.074,-1.779,0.81,28000000000.0,18,1.574846919538686e-08,5.723669715962387e-08,4.148822796423701e-08,3.621421384991663e-08,-74.41120938168608,-44.41120938168608,cir_coefficients_tau_mask,,"[1, 1, 1, 1, 18, 1]","[1, 1, 18]","[1, 1, 18]","[1, 1, 18]",,True,,18,4.148822796423701e-08,-44.411208955631295,0,0.0,-4.2605478256518836e-07,0,0,0,0,0,0,0,0,4.721272815671638,406,2667,3125,0.13144395597453848,0.1833816556844084,0.19196873280560048,2655,0,0.13335
97,24928,rx_cerberus_base,/home/telilab4090/Documents/Gazebo World/my_world/rt_out/experiments/semantic_ablation_actor_200f/sionna_xml/frame_097_sionna.xml,30.0,0.0,0.0,2.4,4.074,-1.779,0.81,28000000000.0,18,1.574846919538686e-08,5.723669715962387e-08,4.148822796423701e-08,3.621421384991663e-08,-74.41120938168608,-44.41120938168608,cir_coefficients_tau_mask,,"[1, 1, 1, 1, 18, 1]","[1, 1, 18]","[1, 1, 18]","[1, 1, 18]",,True,,18,4.148822796423701e-08,-44.41120938168608,0,0.0,0.0,0,0,0,0,0,0,0,0,4.721272815671638,421,2696,3120,0.1328704087157611,0.18743145896956162,0.1945001605642914,2684,0,0.1348
98,25185,rx_cerberus_base,/home/telilab4090/Documents/Gazebo World/my_world/rt_out/experiments/semantic_ablation_actor_200f/sionna_xml/frame_098_sionna.xml,30.0,0.0,0.0,2.4,4.074,-1.779,0.81,28000000000.0,18,1.574846919538686e-08,5.723669715962387e-08,4.148822796423701e-08,3.621421740263031e-08,-74.4112089556313,-44.411208955631295,cir_coefficients_tau_mask,,"[1, 1, 1, 1, 18, 1]","[1, 1, 18]","[1, 1, 18]","[1, 1, 18]",,True,,18,4.148822796423701e-08,-44.41120938168608,0,0.0,4.2605478256518836e-07,0,0,0,0,0,0,0,0,4.721272815671638,407,2685,3147,0.13202671693980725,0.18956584637777013,0.19545095673937712,2658,0,0.13425
99,25442,rx_cerberus_base,/home/telilab4090/Documents/Gazebo World/my_world/rt_out/experiments/semantic_ablation_actor_200f/sionna_xml/frame_099_sionna.xml,30.0,0.0,0.0,2.4,4.074,-1.779,0.81,28000000000.0,18,1.574846919538686e-08,5.723669715962387e-08,4.148822796423701e-08,3.621421384991663e-08,-74.41120938168608,-44.41120938168608,cir_coefficients_tau_mask,,"[1, 1, 1, 1, 18, 1]","[1, 1, 18]","[1, 1, 18]","[1, 1, 18]",,True,,18,4.148822796423701e-08,-44.411208955631295,0,0.0,-4.2605478256518836e-07,0,0,0,0,0,0,0,0,4.721272815671638,420,2681,3112,0.13125994707444297,0.18844920840029364,0.1945488286836934,2663,0,0.13405
100,25698,rx_cerberus_base,/home/telilab4090/Documents/Gazebo World/my_world/rt_out/experiments/semantic_ablation_actor_200f/sionna_xml/frame_100_sionna.xml,30.0,0.0,0.0,2.4,4.074,-1.779,0.81,28000000000.0,18,1.574846919538686e-08,5.723669715962387e-08,4.148822796423701e-08,3.621421384991663e-08,-74.41120938168608,-44.41120938168608,cir_coefficients_tau_mask,,"[1, 1, 1, 1, 18, 1]","[1, 1, 18]","[1, 1, 18]","[1, 1, 18]",,True,,18,4.148822796423701e-08,-44.41120938168608,0,0.0,0.0,0,0,0,0,0,0,0,0,4.721272815671638,416,2641,3610,0.13144395597453848,0.18372698099816265,0.1915559075550669,2619,0,0.13205
101,25955,rx_cerberus_base,/home/telilab4090/Documents/Gazebo World/my_world/rt_out/experiments/semantic_ablation_actor_200f/sionna_xml/frame_101_sionna.xml,30.0,0.0,0.0,2.4,4.074,-1.779,0.81,28000000000.0,18,1.574846919538686e-08,5.723669715962387e-08,4.148822796423701e-08,3.621421384991663e-08,-74.41120938168608,-44.41120938168608,cir_coefficients_tau_mask,,"[1, 1, 1, 1, 18, 1]","[1, 1, 18]","[1, 1, 18]","[1, 1, 18]",,True,,18,4.148822796423701e-08,-44.41120938168608,0,0.0,0.0,0,0,0,0,0,0,0,0,4.721272815671638,440,2731,3585,0.1402648292476779,0.18740863417028047,0.19377940943879632,2706,0,0.13655
102,26212,rx_cerberus_base,/home/telilab4090/Documents/Gazebo World/my_world/rt_out/experiments/semantic_ablation_actor_200f/sionna_xml/frame_102_sionna.xml,30.0,0.0,0.0,2.4,4.074,-1.779,0.81,28000000000.0,18,1.574846919538686e-08,5.723669715962387e-08,4.148822796423701e-08,3.621421384991663e-08,-74.41120938168608,-44.41120938168608,cir_coefficients_tau_mask,,"[1, 1, 1, 1, 18, 1]","[1, 1, 18]","[1, 1, 18]","[1, 1, 18]",,True,,18,4.148822796423701e-08,-44.41120938168608,0,0.0,0.0,0,0,0,0,0,0,0,0,4.721272815671638,391,2575,3576,0.1407954985372451,0.18920205292993883,0.1952184942387349,2563,0,0.12875
103,26469,rx_cerberus_base,/home/telilab4090/Documents/Gazebo World/my_world/rt_out/experiments/semantic_ablation_actor_200f/sionna_xml/frame_103_sionna.xml,30.0,0.0,0.0,2.4,4.074,-1.779,0.81,28000000000.0,18,1.574846919538686e-08,5.723669715962387e-08,4.148822796423701e-08,3.621421384991663e-08,-74.41120938168608,-44.41120938168608,cir_coefficients_tau_mask,,"[1, 1, 1, 1, 18, 1]","[1, 1, 18]","[1, 1, 18]","[1, 1, 18]",,True,,18,4.148822796423701e-08,-44.41120938168608,0,0.0,0.0,0,0,0,0,0,0,0,0,4.721272815671638,399,2656,3187,0.1319074983622544,0.18788075308217272,0.19409520916544615,2640,0,0.1328
104,26726,rx_cerberus_base,/home/telilab4090/Documents/Gazebo World/my_world/rt_out/experiments/semantic_ablation_actor_200f/sionna_xml/frame_104_sionna.xml,30.0,0.0,0.0,2.4,4.074,-1.779,0.81,28000000000.0,18,1.574846919538686e-08,5.723669715962387e-08,4.148822796423701e-08,3.621421384991663e-08,-74.41120938168608,-44.41120938168608,cir_coefficients_tau_mask,,"[1, 1, 1, 1, 18, 1]","[1, 1, 18]","[1, 1, 18]","[1, 1, 18]",,True,,18,4.148822796423701e-08,-44.41120938168608,0,0.0,0.0,0,0,0,0,0,0,0,0,4.721272815671638,409,2618,3148,0.13125994707444297,0.18698433286236216,0.19340300274080657,2602,0,0.1309
105,26983,rx_cerberus_base,/home/telilab4090/Documents/Gazebo World/my_world/rt_out/experiments/semantic_ablation_actor_200f/sionna_xml/frame_105_sionna.xml,30.0,0.0,0.0,2.4,4.074,-1.779,0.81,28000000000.0,18,1.574846919538686e-08,5.723669715962387e-08,4.148822796423701e-08,3.621421384991663e-08,-74.41120938168608,-44.41120938168608,cir_coefficients_tau_mask,,"[1, 1, 1, 1, 18, 1]","[1, 1, 18]","[1, 1, 18]","[1, 1, 18]",,True,,18,4.148822796423701e-08,-44.41120938168608,0,0.0,0.0,0,0,0,0,0,0,0,0,4.721272815671638,432,2683,3227,0.13144395597453848,0.18309994004850566,0.19148383478940423,2672,0,0.13415
106,27240,rx_cerberus_base,/home/telilab4090/Documents/Gazebo World/my_world/rt_out/experiments/semantic_ablation_actor_200f/sionna_xml/frame_106_sionna.xml,30.0,0.0,0.0,2.4,4.074,-1.779,0.81,28000000000.0,18,1.574846919538686e-08,5.723669715962387e-08,4.148822796423701e-08,3.621421740263031e-08,-74.4112089556313,-44.411208955631295,cir_coefficients_tau_mask,,"[1, 1, 1, 1, 18, 1]","[1, 1, 18]","[1, 1, 18]","[1, 1, 18]",,True,,18,4.148822796423701e-08,-44.41120938168608,0,0.0,4.2605478256518836e-07,0,0,0,0,0,0,0,0,4.721272815671638,447,2655,3154,0.13125994707444297,0.17752262138097277,0.1886195055047179,2632,0,0.13275
107,27497,rx_cerberus_base,/home/telilab4090/Documents/Gazebo World/my_world/rt_out/experiments/semantic_ablation_actor_200f/sionna_xml/frame_107_sionna.xml,30.0,0.0,0.0,2.4,4.074,-1.779,0.81,28000000000.0,18,1.574846919538686e-08,5.723669715962387e-08,4.148822796423701e-08,3.621421740263031e-08,-74.4112089556313,-44.411208955631295,cir_coefficients_tau_mask,,"[1, 1, 1, 1, 18, 1]","[1, 1, 18]","[1, 1, 18]","[1, 1, 18]",,True,,18,4.148822796423701e-08,-44.411208955631295,0,0.0,0.0,0,0,0,0,0,0,0,0,4.721272815671638,419,2664,3176,0.13931695898034263,0.18378619309486555,0.19208153691758945,2646,0,0.1332
108,27754,rx_cerberus_base,/home/telilab4090/Documents/Gazebo World/my_world/rt_out/experiments/semantic_ablation_actor_200f/sionna_xml/frame_108_sionna.xml,30.0,0.0,0.0,2.4,4.074,-1.779,0.81,28000000000.0,18,1.574846919538686e-08,5.723669715962387e-08,4.148822796423701e-08,3.621421384991663e-08,-74.41120938168608,-44.41120938168608,cir_coefficients_tau_mask,,"[1, 1, 1, 1, 18, 1]","[1, 1, 18]","[1, 1, 18]","[1, 1, 18]",,True,,18,4.148822796423701e-08,-44.411208955631295,0,0.0,-4.2605478256518836e-07,0,0,0,0,0,0,0,0,4.721272815671638,387,2672,3585,0.13931286240559063,0.18484472319904088,0.19279376963284414,2658,0,0.1336
109,28011,rx_cerberus_base,/home/telilab4090/Documents/Gazebo World/my_world/rt_out/experiments/semantic_ablation_actor_200f/sionna_xml/frame_109_sionna.xml,30.0,0.0,0.0,2.4,4.074,-1.779,0.81,28000000000.0,18,1.574846919538686e-08,5.723669715962387e-08,4.148822796423701e-08,3.621421740263031e-08,-74.4112089556313,-44.411208955631295,cir_coefficients_tau_mask,,"[1, 1, 1, 1, 18, 1]","[1, 1, 18]","[1, 1, 18]","[1, 1, 18]",,True,,18,4.148822796423701e-08,-44.41120938168608,0,0.0,4.2605478256518836e-07,0,0,0,0,0,0,0,0,4.721272815671638,440,2758,5397,0.1407047329989496,0.1902250583869759,0.19508496399450664,2742,0,0.1379
110,28268,rx_cerberus_base,/home/telilab4090/Documents/Gazebo World/my_world/rt_out/experiments/semantic_ablation_actor_200f/sionna_xml/frame_110_sionna.xml,30.0,0.0,0.0,2.4,4.074,-1.779,0.81,28000000000.0,17,1.574846919538686e-08,5.478522524526852e-08,3.903675604988166e-08,3.6172945527823686e-08,-74.41616125620585,-44.416161256205854,cir_coefficients_tau_mask,,"[1, 1, 1, 1, 17, 1]","[1, 1, 17]","[1, 1, 17]","[1, 1, 17]",,True,,18,4.148822796423701e-08,-44.411208955631295,-1,-2.451471914355352e-09,-0.004952300574558421,1,1,0,0,0,0,0,0,4.721272815671638,384,2686,5245,0.1392095191478942,0.18436185194704358,0.192537018479248,2623,0,0.1343
111,28525,rx_cerberus_base,/home/telilab4090/Documents/Gazebo World/my_world/rt_out/experiments/semantic_ablation_actor_200f/sionna_xml/frame_111_sionna.xml,30.0,0.0,0.0,2.4,4.074,-1.779,0.81,28000000000.0,18,1.574846919538686e-08,5.723669715962387e-08,4.148822796423701e-08,3.621421740263031e-08,-74.4112089556313,-44.411208955631295,cir_coefficients_tau_mask,,"[1, 1, 1, 1, 18, 1]","[1, 1, 18]","[1, 1, 18]","[1, 1, 18]",,True,,17,3.903675604988166e-08,-44.416161256205854,1,2.451471914355352e-09,0.004952300574558421,1,0,0,0,0,1,1,1,4.721272815671638,443,2906,5307,0.1398595601223883,0.18463206393885004,0.19200595601086004,2651,0,0.1453
112,28782,rx_cerberus_base,/home/telilab4090/Documents/Gazebo World/my_world/rt_out/experiments/semantic_ablation_actor_200f/sionna_xml/frame_112_sionna.xml,30.0,0.0,0.0,2.4,4.074,-1.779,0.81,28000000000.0,18,1.574846919538686e-08,5.723669715962387e-08,4.148822796423701e-08,3.621421384991663e-08,-74.41120938168608,-44.41120938168608,cir_coefficients_tau_mask,,"[1, 1, 1, 1, 18, 1]","[1, 1, 18]","[1, 1, 18]","[1, 1, 18]",,True,,18,4.148822796423701e-08,-44.411208955631295,0,0.0,-4.2605478256518836e-07,0,0,0,0,0,0,0,0,4.721272815671638,435,2865,5259,0.19046250268412226,0.19283921163098375,0.19550638340897536,2609,0,0.14325
113,29039,rx_cerberus_base,/home/telilab4090/Documents/Gazebo World/my_world/rt_out/experiments/semantic_ablation_actor_200f/sionna_xml/frame_113_sionna.xml,30.0,0.0,0.0,2.4,4.074,-1.779,0.81,28000000000.0,18,1.574846919538686e-08,5.723669715962387e-08,4.148822796423701e-08,3.621421384991663e-08,-74.41120938168608,-44.41120938168608,cir_coefficients_tau_mask,,"[1, 1, 1, 1, 18, 1]","[1, 1, 18]","[1, 1, 18]","[1, 1, 18]",,True,,18,4.148822796423701e-08,-44.41120938168608,0,0.0,0.0,0,0,0,0,0,0,0,0,4.721272815671638,437,2847,5200,0.13909533446778974,0.1893250547219528,0.19467902336836831,2585,0,0.14235
114,29296,rx_cerberus_base,/home/telilab4090/Documents/Gazebo World/my_world/rt_out/experiments/semantic_ablation_actor_200f/sionna_xml/frame_114_sionna.xml,30.0,0.0,0.0,2.4,4.074,-1.779,0.81,28000000000.0,18,1.574846919538686e-08,5.723669715962387e-08,4.148822796423701e-08,3.621421384991663e-08,-74.41120938168608,-44.41120938168608,cir_coefficients_tau_mask,,"[1, 1, 1, 1, 18, 1]","[1, 1, 18]","[1, 1, 18]","[1, 1, 18]",,True,,18,4.148822796423701e-08,-44.41120938168608,0,0.0,0.0,0,0,0,0,0,0,0,0,4.721272815671638,389,2876,5292,0.13118346737502096,0.1869475371557571,0.19332918444493252,2667,0,0.1438
115,29553,rx_cerberus_base,/home/telilab4090/Documents/Gazebo World/my_world/rt_out/experiments/semantic_ablation_actor_200f/sionna_xml/frame_115_sionna.xml,30.0,0.0,0.0,2.4,4.074,-1.779,0.81,28000000000.0,17,1.574846919538686e-08,5.478522524526852e-08,3.903675604988166e-08,3.6172945527823686e-08,-74.41616125620585,-44.416161256205854,cir_coefficients_tau_mask,,"[1, 1, 1, 1, 17, 1]","[1, 1, 17]","[1, 1, 17]","[1, 1, 17]",,True,,18,4.148822796423701e-08,-44.41120938168608,-1,-2.451471914355352e-09,-0.004951874519775856,1,1,0,0,0,0,0,0,4.721272815671638,453,2673,5261,0.1310862272609371,0.1796726856479392,0.18919822685304333,2628,0,0.13365
116,29810,rx_cerberus_base,/home/telilab4090/Documents/Gazebo World/my_world/rt_out/experiments/semantic_ablation_actor_200f/sionna_xml/frame_116_sionna.xml,30.0,0.0,0.0,2.4,4.074,-1.779,0.81,28000000000.0,17,1.574846919538686e-08,5.478522524526852e-08,3.903675604988166e-08,3.617294197511001e-08,-74.41616168274675,-44.41616168274675,cir_coefficients_tau_mask,,"[1, 1, 1, 1, 17, 1]","[1, 1, 17]","[1, 1, 17]","[1, 1, 17]",,True,,17,3.903675604988166e-08,-44.416161256205854,0,0.0,-4.265408932724313e-07,0,0,0,0,0,0,0,0,4.721272815671638,437,2753,5297,0.1406594664779947,0.1867887419161856,0.1933310936093298,2737,0,0.13765
117,30067,rx_cerberus_base,/home/telilab4090/Documents/Gazebo World/my_world/rt_out/experiments/semantic_ablation_actor_200f/sionna_xml/frame_117_sionna.xml,30.0,0.0,0.0,2.4,4.074,-1.779,0.81,28000000000.0,18,1.574846919538686e-08,5.723669715962387e-08,4.148822796423701e-08,3.621421740263031e-08,-74.4112089556313,-44.411208955631295,cir_coefficients_tau_mask,,"[1, 1, 1, 1, 18, 1]","[1, 1, 18]","[1, 1, 18]","[1, 1, 18]",,True,,17,3.903675604988166e-08,-44.41616168274675,1,2.451471914355352e-09,0.004952727115451694,1,0,0,0,0,1,1,1,4.721272815671638,435,2601,5220,0.13996177874430069,0.18966617496455074,0.19452081536309426,2583,0,0.13005
118,30324,rx_cerberus_base,/home/telilab4090/Documents/Gazebo World/my_world/rt_out/experiments/semantic_ablation_actor_200f/sionna_xml/frame_118_sionna.xml,30.0,0.0,0.0,2.4,4.074,-1.779,0.81,28000000000.0,18,1.574846919538686e-08,5.723669715962387e-08,4.148822796423701e-08,3.621421384991663e-08,-74.41120938168608,-44.41120938168608,cir_coefficients_tau_mask,,"[1, 1, 1, 1, 18, 1]","[1, 1, 18]","[1, 1, 18]","[1, 1, 18]",,True,,18,4.148822796423701e-08,-44.411208955631295,0,0.0,-4.2605478256518836e-07,0,0,0,0,0,0,0,0,4.721272815671638,446,2735,5141,0.14051877001886826,0.18999807017612674,0.1943404045546853,2721,0,0.13675
119,30581,rx_cerberus_base,/home/telilab4090/Documents/Gazebo World/my_world/rt_out/experiments/semantic_ablation_actor_200f/sionna_xml/frame_119_sionna.xml,30.0,0.0,0.0,2.4,4.074,-1.779,0.81,28000000000.0,18,1.574846919538686e-08,5.723669715962387e-08,4.148822796423701e-08,3.621421384991663e-08,-74.41120938168608,-44.41120938168608,cir_coefficients_tau_mask,,"[1, 1, 1, 1, 18, 1]","[1, 1, 18]","[1, 1, 18]","[1, 1, 18]",,True,,18,4.148822796423701e-08,-44.41120938168608,0,0.0,0.0,0,0,0,0,0,0,0,0,4.721272815671638,392,2634,3133,0.13118346737502096,0.18325588328801518,0.19196660219380768,2619,0,0.1317
120,30838,rx_cerberus_base,/home/telilab4090/Documents/Gazebo World/my_world/rt_out/experiments/semantic_ablation_actor_200f/sionna_xml/frame_120_sionna.xml,30.0,0.0,0.0,2.4,4.074,-1.779,0.81,28000000000.0,18,1.574846919538686e-08,5.723669715962387e-08,4.148822796423701e-08,3.6214210297202953e-08,-74.41120980774089,-44.41120980774089,cir_coefficients_tau_mask,,"[1, 1, 1, 1, 18, 1]","[1, 1, 18]","[1, 1, 18]","[1, 1, 18]",,True,,18,4.148822796423701e-08,-44.41120938168608,0,0.0,-4.260548109868978e-07,0,0,0,0,0,0,0,0,4.721272815671638,399,2622,3416,0.13996177874430069,0.18517996810794496,0.1929831330570526,2606,0,0.1311
121,31095,rx_cerberus_base,/home/telilab4090/Documents/Gazebo World/my_world/rt_out/experiments/semantic_ablation_actor_200f/sionna_xml/frame_121_sionna.xml,30.0,0.0,0.0,2.4,4.074,-1.779,0.81,28000000000.0,18,1.574846919538686e-08,5.723669715962387e-08,4.148822796423701e-08,3.621421384991663e-08,-74.41120938168608,-44.41120938168608,cir_coefficients_tau_mask,,"[1, 1, 1, 1, 18, 1]","[1, 1, 18]","[1, 1, 18]","[1, 1, 18]",,True,,18,4.148822796423701e-08,-44.41120980774089,0,0.0,4.260548109868978e-07,0,0,0,0,0,0,0,0,4.721272815671638,451,2702,5058,0.13940523815044153,0.1868725680045554,0.19361136188759634,2687,0,0.1351
122,31352,rx_cerberus_base,/home/telilab4090/Documents/Gazebo World/my_world/rt_out/experiments/semantic_ablation_actor_200f/sionna_xml/frame_122_sionna.xml,30.0,0.0,0.0,2.4,4.074,-1.779,0.81,28000000000.0,18,1.574846919538686e-08,5.723669715962387e-08,4.148822796423701e-08,3.621421384991663e-08,-74.41120938168608,-44.41120938168608,cir_coefficients_tau_mask,,"[1, 1, 1, 1, 18, 1]","[1, 1, 18]","[1, 1, 18]","[1, 1, 18]",,True,,18,4.148822796423701e-08,-44.41120938168608,0,0.0,0.0,0,0,0,0,0,0,0,0,4.721272815671638,449,2708,5210,0.13298783176984602,0.18290932195877635,0.19034019465515484,2698,0,0.1354
123,31609,rx_cerberus_base,/home/telilab4090/Documents/Gazebo World/my_world/rt_out/experiments/semantic_ablation_actor_200f/sionna_xml/frame_123_sionna.xml,30.0,0.0,0.0,2.4,4.074,-1.779,0.81,28000000000.0,18,1.574846919538686e-08,5.723669715962387e-08,4.148822796423701e-08,3.621421384991663e-08,-74.41120938168608,-44.41120938168608,cir_coefficients_tau_mask,,"[1, 1, 1, 1, 18, 1]","[1, 1, 18]","[1, 1, 18]","[1, 1, 18]",,True,,18,4.148822796423701e-08,-44.41120938168608,0,0.0,0.0,0,0,0,0,0,0,0,0,4.721272815671638,435,2564,4895,0.1326189273086722,0.18443457927649057,0.19202447216216217,2551,0,0.1282
124,31866,rx_cerberus_base,/home/telilab4090/Documents/Gazebo World/my_world/rt_out/experiments/semantic_ablation_actor_200f/sionna_xml/frame_124_sionna.xml,30.0,0.0,0.0,2.4,4.074,-1.779,0.81,28000000000.0,18,1.574846919538686e-08,5.723669715962387e-08,4.148822796423701e-08,3.621421384991663e-08,-74.41120938168608,-44.41120938168608,cir_coefficients_tau_mask,,"[1, 1, 1, 1, 18, 1]","[1, 1, 18]","[1, 1, 18]","[1, 1, 18]",,True,,18,4.148822796423701e-08,-44.41120938168608,0,0.0,0.0,0,0,0,0,0,0,0,0,4.721272815671638,428,2732,4360,0.13218806119579196,0.18415973868377206,0.19213073460667776,2717,0,0.1366
125,32123,rx_cerberus_base,/home/telilab4090/Documents/Gazebo World/my_world/rt_out/experiments/semantic_ablation_actor_200f/sionna_xml/frame_125_sionna.xml,30.0,0.0,0.0,2.4,4.074,-1.779,0.81,28000000000.0,18,1.574846919538686e-08,5.723669715962387e-08,4.148822796423701e-08,3.6214210297202953e-08,-74.41120980774089,-44.41120980774089,cir_coefficients_tau_mask,,"[1, 1, 1, 1, 18, 1]","[1, 1, 18]","[1, 1, 18]","[1, 1, 18]",,True,,18,4.148822796423701e-08,-44.41120938168608,0,0.0,-4.260548109868978e-07,0,0,0,0,0,0,0,0,4.721272815671638,399,2639,3562,0.13948141827139668,0.18778362162757462,0.1943247885801201,2621,0,0.13195
126,32380,rx_cerberus_base,/home/telilab4090/Documents/Gazebo World/my_world/rt_out/experiments/semantic_ablation_actor_200f/sionna_xml/frame_126_sionna.xml,30.0,0.0,0.0,2.4,4.074,-1.779,0.81,28000000000.0,18,1.574846919538686e-08,5.723669715962387e-08,4.148822796423701e-08,3.621421384991663e-08,-74.41120938168608,-44.41120938168608,cir_coefficients_tau_mask,,"[1, 1, 1, 1, 18, 1]","[1, 1, 18]","[1, 1, 18]","[1, 1, 18]",,True,,18,4.148822796423701e-08,-44.41120980774089,0,0.0,4.260548109868978e-07,0,0,0,0,0,0,0,0,4.721272815671638,414,2650,3587,0.14015332501348235,0.1868670947534265,0.19319716614163407,2627,0,0.1325
127,32637,rx_cerberus_base,/home/telilab4090/Documents/Gazebo World/my_world/rt_out/experiments/semantic_ablation_actor_200f/sionna_xml/frame_127_sionna.xml,30.0,0.0,0.0,2.4,4.074,-1.779,0.81,28000000000.0,18,1.574846919538686e-08,5.723669715962387e-08,4.148822796423701e-08,3.621421384991663e-08,-74.41120938168608,-44.41120938168608,cir_coefficients_tau_mask,,"[1, 1, 1, 1, 18, 1]","[1, 1, 18]","[1, 1, 18]","[1, 1, 18]",,True,,18,4.148822796423701e-08,-44.41120938168608,0,0.0,0.0,0,0,0,0,0,0,0,0,4.721272815671638,405,2673,4653,0.14054928522094906,0.18931974765149287,0.19362843290586165,2657,0,0.13365
128,32894,rx_cerberus_base,/home/telilab4090/Documents/Gazebo World/my_world/rt_out/experiments/semantic_ablation_actor_200f/sionna_xml/frame_128_sionna.xml,30.0,0.0,0.0,2.4,4.074,-1.779,0.81,28000000000.0,18,1.574846919538686e-08,5.723669715962387e-08,4.148822796423701e-08,3.6214210297202953e-08,-74.41120980774089,-44.41120980774089,cir_coefficients_tau_mask,,"[1, 1, 1, 1, 18, 1]","[1, 1, 18]","[1, 1, 18]","[1, 1, 18]",,True,,18,4.148822796423701e-08,-44.41120938168608,0,0.0,-4.260548109868978e-07,0,0,0,0,0,0,0,0,4.721272815671638,387,2699,5245,0.13125994707444297,0.17869446221111365,0.1905421165858159,2614,0,0.13495
129,33151,rx_cerberus_base,/home/telilab4090/Documents/Gazebo World/my_world/rt_out/experiments/semantic_ablation_actor_200f/sionna_xml/frame_129_sionna.xml,30.0,0.0,0.0,2.4,4.074,-1.779,0.81,28000000000.0,18,1.574846919538686e-08,5.723669715962387e-08,4.148822796423701e-08,3.621421740263031e-08,-74.4112089556313,-44.411208955631295,cir_coefficients_tau_mask,,"[1, 1, 1, 1, 18, 1]","[1, 1, 18]","[1, 1, 18]","[1, 1, 18]",,True,,18,4.148822796423701e-08,-44.41120980774089,0,0.0,8.521095935520862e-07,0,0,0,0,0,0,0,0,4.721272815671638,429,2849,5222,0.13228210800744705,0.18140055087135026,0.19036379682584526,2660,0,0.14245
130,33408,rx_cerberus_base,/home/telilab4090/Documents/Gazebo World/my_world/rt_out/experiments/semantic_ablation_actor_200f/sionna_xml/frame_130_sionna.xml,30.0,0.0,0.0,2.4,4.074,-1.779,0.81,28000000000.0,18,1.574846919538686e-08,5.723669715962387e-08,4.148822796423701e-08,3.621421740263031e-08,-74.4112089556313,-44.411208955631295,cir_coefficients_tau_mask,,"[1, 1, 1, 1, 18, 1]","[1, 1, 18]","[1, 1, 18]","[1, 1, 18]",,True,,18,4.148822796423701e-08,-44.411208955631295,0,0.0,0.0,0,0,0,0,0,0,0,0,4.721272815671638,434,2949,5279,0.1319074983622544,0.1809423205702284,0.1913768107430606,2686,0,0.14745
131,33665,rx_cerberus_base,/home/telilab4090/Documents/Gazebo World/my_world/rt_out/experiments/semantic_ablation_actor_200f/sionna_xml/frame_131_sionna.xml,30.0,0.0,0.0,2.4,4.074,-1.779,0.81,28000000000.0,18,1.574846919538686e-08,5.723669715962387e-08,4.148822796423701e-08,3.621421384991663e-08,-74.41120938168608,-44.41120938168608,cir_coefficients_tau_mask,,"[1, 1, 1, 1, 18, 1]","[1, 1, 18]","[1, 1, 18]","[1, 1, 18]",,True,,18,4.148822796423701e-08,-44.411208955631295,0,0.0,-4.2605478256518836e-07,0,0,0,0,0,0,0,0,4.721272815671638,441,2898,5237,0.13125994707444297,0.1822868442730911,0.19071771981562904,2658,0,0.1449
132,33922,rx_cerberus_base,/home/telilab4090/Documents/Gazebo World/my_world/rt_out/experiments/semantic_ablation_actor_200f/sionna_xml/frame_132_sionna.xml,30.0,0.0,0.0,2.4,4.074,-1.779,0.81,28000000000.0,18,1.574846919538686e-08,5.723669715962387e-08,4.148822796423701e-08,3.621421740263031e-08,-74.4112089556313,-44.411208955631295,cir_coefficients_tau_mask,,"[1, 1, 1, 1, 18, 1]","[1, 1, 18]","[1, 1, 18]","[1, 1, 18]",,True,,18,4.148822796423701e-08,-44.41120938168608,0,0.0,4.2605478256518836e-07,0,0,0,0,0,0,0,0,4.721272815671638,417,2633,5267,0.1315489734795868,0.18878859454808566,0.19362215657400342,2624,0,0.13165
133,34179,rx_cerberus_base,/home/telilab4090/Documents/Gazebo World/my_world/rt_out/experiments/semantic_ablation_actor_200f/sionna_xml/frame_133_sionna.xml,30.0,0.0,0.0,2.4,4.074,-1.779,0.81,28000000000.0,18,1.574846919538686e-08,5.723669715962387e-08,4.148822796423701e-08,3.621421740263031e-08,-74.4112089556313,-44.411208955631295,cir_coefficients_tau_mask,,"[1, 1, 1, 1, 18, 1]","[1, 1, 18]","[1, 1, 18]","[1, 1, 18]",,True,,18,4.148822796423701e-08,-44.411208955631295,0,0.0,0.0,0,0,0,0,0,0,0,0,4.721272815671638,424,2678,5308,0.13105815739639995,0.1811945488664042,0.19149773736856235,2664,0,0.1339
134,34436,rx_cerberus_base,/home/telilab4090/Documents/Gazebo World/my_world/rt_out/experiments/semantic_ablation_actor_200f/sionna_xml/frame_134_sionna.xml,30.0,0.0,0.0,2.4,4.074,-1.779,0.81,28000000000.0,18,1.574846919538686e-08,5.723669715962387e-08,4.148822796423701e-08,3.6214210297202953e-08,-74.41120980774089,-44.41120980774089,cir_coefficients_tau_mask,,"[1, 1, 1, 1, 18, 1]","[1, 1, 18]","[1, 1, 18]","[1, 1, 18]",,True,,18,4.148822796423701e-08,-44.411208955631295,0,0.0,-8.521095935520862e-07,0,0,0,0,0,0,0,0,4.721272815671638,398,2657,5265,0.13202671693980725,0.19019080402461447,0.19603341113010442,2637,0,0.13285
135,34693,rx_cerberus_base,/home/telilab4090/Documents/Gazebo World/my_world/rt_out/experiments/semantic_ablation_actor_200f/sionna_xml/frame_135_sionna.xml,30.0,0.0,0.0,2.4,4.074,-1.779,0.81,28000000000.0,18,1.574846919538686e-08,5.723669715962387e-08,4.148822796423701e-08,3.621421384991663e-08,-74.41120938168608,-44.41120938168608,cir_coefficients_tau_mask,,"[1, 1, 1, 1, 18, 1]","[1, 1, 18]","[1, 1, 18]","[1, 1, 18]",,True,,18,4.148822796423701e-08,-44.41120980774089,0,0.0,4.260548109868978e-07,0,0,0,0,0,0,0,0,4.721272815671638,435,2657,4388,0.1392095191478942,0.18683482469627827,0.19301455082029417,2639,0,0.13285
136,34950,rx_cerberus_base,/home/telilab4090/Documents/Gazebo World/my_world/rt_out/experiments/semantic_ablation_actor_200f/sionna_xml/frame_136_sionna.xml,30.0,0.0,0.0,2.4,4.074,-1.779,0.81,28000000000.0,18,1.574846919538686e-08,5.723669715962387e-08,4.148822796423701e-08,3.621421384991663e-08,-74.41120938168608,-44.41120938168608,cir_coefficients_tau_mask,,"[1, 1, 1, 1, 18, 1]","[1, 1, 18]","[1, 1, 18]","[1, 1, 18]",,True,,18,4.148822796423701e-08,-44.41120938168608,0,0.0,0.0,0,0,0,0,0,0,0,0,4.721272815671638,416,2615,3406,0.13283147468338335,0.18085129214963516,0.19080959832760158,2604,0,0.13075
137,35207,rx_cerberus_base,/home/telilab4090/Documents/Gazebo World/my_world/rt_out/experiments/semantic_ablation_actor_200f/sionna_xml/frame_137_sionna.xml,30.0,0.0,0.0,2.4,4.074,-1.779,0.81,28000000000.0,18,1.574846919538686e-08,5.723669715962387e-08,4.148822796423701e-08,3.621421740263031e-08,-74.4112089556313,-44.411208955631295,cir_coefficients_tau_mask,,"[1, 1, 1, 1, 18, 1]","[1, 1, 18]","[1, 1, 18]","[1, 1, 18]",,True,,18,4.148822796423701e-08,-44.41120938168608,0,0.0,4.2605478256518836e-07,0,0,0,0,0,0,0,0,4.721272815671638,467,2708,3291,0.13218806119579196,0.18592668137061255,0.1929618556050935,2691,0,0.1354
138,35464,rx_cerberus_base,/home/telilab4090/Documents/Gazebo World/my_world/rt_out/experiments/semantic_ablation_actor_200f/sionna_xml/frame_138_sionna.xml,30.0,0.0,0.0,2.4,4.074,-1.779,0.81,28000000000.0,18,1.574846919538686e-08,5.723669715962387e-08,4.148822796423701e-08,3.621421384991663e-08,-74.41120938168608,-44.41120938168608,cir_coefficients_tau_mask,,"[1, 1, 1, 1, 18, 1]","[1, 1, 18]","[1, 1, 18]","[1, 1, 18]",,True,,18,4.148822796423701e-08,-44.411208955631295,0,0.0,-4.2605478256518836e-07,0,0,0,0,0,0,0,0,4.721272815671638,435,2692,5185,0.1326189273086722,0.18579664589855002,0.19272307547317882,2672,0,0.1346
139,35721,rx_cerberus_base,/home/telilab4090/Documents/Gazebo World/my_world/rt_out/experiments/semantic_ablation_actor_200f/sionna_xml/frame_139_sionna.xml,30.0,0.0,0.0,2.4,4.074,-1.779,0.81,28000000000.0,18,1.574846919538686e-08,5.723669715962387e-08,4.148822796423701e-08,3.621421384991663e-08,-74.41120938168608,-44.41120938168608,cir_coefficients_tau_mask,,"[1, 1, 1, 1, 18, 1]","[1, 1, 18]","[1, 1, 18]","[1, 1, 18]",,True,,18,4.148822796423701e-08,-44.41120938168608,0,0.0,0.0,0,0,0,0,0,0,0,0,4.721272815671638,423,2721,5344,0.13202671693980725,0.18323809027866717,0.19158791503480635,2706,0,0.13605
140,35978,rx_cerberus_base,/home/telilab4090/Documents/Gazebo World/my_world/rt_out/experiments/semantic_ablation_actor_200f/sionna_xml/frame_140_sionna.xml,30.0,0.0,0.0,2.4,4.074,-1.779,0.81,28000000000.0,18,1.574846919538686e-08,5.723669715962387e-08,4.148822796423701e-08,3.621421740263031e-08,-74.4112089556313,-44.411208955631295,cir_coefficients_tau_mask,,"[1, 1, 1, 1, 18, 1]","[1, 1, 18]","[1, 1, 18]","[1, 1, 18]",,True,,18,4.148822796423701e-08,-44.41120938168608,0,0.0,4.2605478256518836e-07,0,0,0,0,0,0,0,0,4.721272815671638,409,2726,5051,0.13228210800744705,0.18396542510637753,0.19240020297449212,2713,0,0.1363
141,36235,rx_cerberus_base,/home/telilab4090/Documents/Gazebo World/my_world/rt_out/experiments/semantic_ablation_actor_200f/sionna_xml/frame_141_sionna.xml,30.0,0.0,0.0,2.4,4.074,-1.779,0.81,28000000000.0,18,1.574846919538686e-08,5.723669715962387e-08,4.148822796423701e-08,3.621421740263031e-08,-74.4112089556313,-44.411208955631295,cir_coefficients_tau_mask,,"[1, 1, 1, 1, 18, 1]","[1, 1, 18]","[1, 1, 18]","[1, 1, 18]",,True,,18,4.148822796423701e-08,-44.411208955631295,0,0.0,0.0,0,0,0,0,0,0,0,0,4.721272815671638,440,2670,4937,0.13218806119579196,0.18234891307822604,0.19112911662076112,2653,0,0.1335
142,36492,rx_cerberus_base,/home/telilab4090/Documents/Gazebo World/my_world/rt_out/experiments/semantic_ablation_actor_200f/sionna_xml/frame_142_sionna.xml,30.0,0.0,0.0,2.4,4.074,-1.779,0.81,28000000000.0,18,1.574846919538686e-08,5.723669715962387e-08,4.148822796423701e-08,3.621421740263031e-08,-74.4112089556313,-44.411208955631295,cir_coefficients_tau_mask,,"[1, 1, 1, 1, 18, 1]","[1, 1, 18]","[1, 1, 18]","[1, 1, 18]",,True,,18,4.148822796423701e-08,-44.411208955631295,0,0.0,0.0,0,0,0,0,0,0,0,0,4.721272815671638,425,2676,3231,0.13298783176984602,0.1865598375815955,0.19407311590598023,2661,0,0.1338
143,36749,rx_cerberus_base,/home/telilab4090/Documents/Gazebo World/my_world/rt_out/experiments/semantic_ablation_actor_200f/sionna_xml/frame_143_sionna.xml,30.0,0.0,0.0,2.4,4.074,-1.779,0.81,28000000000.0,18,1.574846919538686e-08,5.723669715962387e-08,4.148822796423701e-08,3.621421740263031e-08,-74.4112089556313,-44.411208955631295,cir_coefficients_tau_mask,,"[1, 1, 1, 1, 18, 1]","[1, 1, 18]","[1, 1, 18]","[1, 1, 18]",,True,,18,4.148822796423701e-08,-44.411208955631295,0,0.0,0.0,0,0,0,0,0,0,0,0,4.721272815671638,451,2672,4537,0.18710581209111452,0.19273928661622491,0.19662450815995594,2650,0,0.1336
144,37006,rx_cerberus_base,/home/telilab4090/Documents/Gazebo World/my_world/rt_out/experiments/semantic_ablation_actor_200f/sionna_xml/frame_144_sionna.xml,30.0,0.0,0.0,2.4,4.074,-1.779,0.81,28000000000.0,18,1.574846919538686e-08,5.723669715962387e-08,4.148822796423701e-08,3.621421384991663e-08,-74.41120938168608,-44.41120938168608,cir_coefficients_tau_mask,,"[1, 1, 1, 1, 18, 1]","[1, 1, 18]","[1, 1, 18]","[1, 1, 18]",,True,,18,4.148822796423701e-08,-44.411208955631295,0,0.0,-4.2605478256518836e-07,0,0,0,0,0,0,0,0,4.721272815671638,408,2575,4756,0.14064958842254457,0.19016546000343776,0.1946606489072244,2559,0,0.12875
145,37263,rx_cerberus_base,/home/telilab4090/Documents/Gazebo World/my_world/rt_out/experiments/semantic_ablation_actor_200f/sionna_xml/frame_145_sionna.xml,30.0,0.0,0.0,2.4,4.074,-1.779,0.81,28000000000.0,18,1.574846919538686e-08,5.723669715962387e-08,4.148822796423701e-08,3.621421384991663e-08,-74.41120938168608,-44.41120938168608,cir_coefficients_tau_mask,,"[1, 1, 1, 1, 18, 1]","[1, 1, 18]","[1, 1, 18]","[1, 1, 18]",,True,,18,4.148822796423701e-08,-44.41120938168608,0,0.0,0.0,0,0,0,0,0,0,0,0,4.721272815671638,403,2697,5380,0.13298783176984602,0.18147624504352172,0.19036091706894528,2679,0,0.13485
146,37520,rx_cerberus_base,/home/telilab4090/Documents/Gazebo World/my_world/rt_out/experiments/semantic_ablation_actor_200f/sionna_xml/frame_146_sionna.xml,30.0,0.0,0.0,2.4,4.074,-1.779,0.81,28000000000.0,18,1.574846919538686e-08,5.723669715962387e-08,4.148822796423701e-08,3.621421740263031e-08,-74.4112089556313,-44.411208955631295,cir_coefficients_tau_mask,,"[1, 1, 1, 1, 18, 1]","[1, 1, 18]","[1, 1, 18]","[1, 1, 18]",,True,,18,4.148822796423701e-08,-44.41120938168608,0,0.0,4.2605478256518836e-07,0,0,0,0,0,0,0,0,4.721272815671638,421,2715,5273,0.13228210800744705,0.17458330679597694,0.18821108779979262,2628,0,0.13575
147,37777,rx_cerberus_base,/home/telilab4090/Documents/Gazebo World/my_world/rt_out/experiments/semantic_ablation_actor_200f/sionna_xml/frame_147_sionna.xml,30.0,0.0,0.0,2.4,4.074,-1.779,0.81,28000000000.0,18,1.574846919538686e-08,5.723669715962387e-08,4.148822796423701e-08,3.621421384991663e-08,-74.41120938168608,-44.41120938168608,cir_coefficients_tau_mask,,"[1, 1, 1, 1, 18, 1]","[1, 1, 18]","[1, 1, 18]","[1, 1, 18]",,True,,18,4.148822796423701e-08,-44.411208955631295,0,0.0,-4.2605478256518836e-07,0,0,0,0,0,0,0,0,4.721272815671638,426,2962,5277,0.13283147468338335,0.18751944444044025,0.19421977507226287,2665,0,0.1481
148,38034,rx_cerberus_base,/home/telilab4090/Documents/Gazebo World/my_world/rt_out/experiments/semantic_ablation_actor_200f/sionna_xml/frame_148_sionna.xml,30.0,0.0,0.0,2.4,4.074,-1.779,0.81,28000000000.0,18,1.574846919538686e-08,5.723669715962387e-08,4.148822796423701e-08,3.621421740263031e-08,-74.4112089556313,-44.411208955631295,cir_coefficients_tau_mask,,"[1, 1, 1, 1, 18, 1]","[1, 1, 18]","[1, 1, 18]","[1, 1, 18]",,True,,18,4.148822796423701e-08,-44.41120938168608,0,0.0,4.2605478256518836e-07,0,0,0,0,0,0,0,0,4.721272815671638,407,2866,5211,0.13980372672806507,0.18287036066455148,0.19078049376529335,2623,0,0.1433
149,38291,rx_cerberus_base,/home/telilab4090/Documents/Gazebo World/my_world/rt_out/experiments/semantic_ablation_actor_200f/sionna_xml/frame_149_sionna.xml,30.0,0.0,0.0,2.4,4.074,-1.779,0.81,28000000000.0,18,1.574846919538686e-08,5.723669715962387e-08,4.148822796423701e-08,3.621421384991663e-08,-74.41120938168608,-44.41120938168608,cir_coefficients_tau_mask,,"[1, 1, 1, 1, 18, 1]","[1, 1, 18]","[1, 1, 18]","[1, 1, 18]",,True,,18,4.148822796423701e-08,-44.411208955631295,0,0.0,-4.2605478256518836e-07,0,0,0,0,0,0,0,0,4.721272815671638,423,2926,5183,0.18776140346185674,0.19176735388006919,0.19642835296959202,2670,0,0.1463
150,38548,rx_cerberus_base,/home/telilab4090/Documents/Gazebo World/my_world/rt_out/experiments/semantic_ablation_actor_200f/sionna_xml/frame_150_sionna.xml,30.0,0.0,0.0,2.4,4.074,-1.779,0.81,28000000000.0,18,1.574846919538686e-08,5.723669715962387e-08,4.148822796423701e-08,3.6214210297202953e-08,-74.41120980774089,-44.41120980774089,cir_coefficients_tau_mask,,"[1, 1, 1, 1, 18, 1]","[1, 1, 18]","[1, 1, 18]","[1, 1, 18]",,True,,18,4.148822796423701e-08,-44.41120938168608,0,0.0,-4.260548109868978e-07,0,0,0,0,0,0,0,0,4.721272815671638,416,2954,5271,0.14077685285824976,0.1891546605574193,0.19405760733544658,2702,0,0.1477
151,38805,rx_cerberus_base,/home/telilab4090/Documents/Gazebo World/my_world/rt_out/experiments/semantic_ablation_actor_200f/sionna_xml/frame_151_sionna.xml,30.0,0.0,0.0,2.4,4.074,-1.779,0.81,28000000000.0,18,1.574846919538686e-08,5.723669715962387e-08,4.148822796423701e-08,3.621421384991663e-08,-74.41120938168608,-44.41120938168608,cir_coefficients_tau_mask,,"[1, 1, 1, 1, 18, 1]","[1, 1, 18]","[1, 1, 18]","[1, 1, 18]",,True,,18,4.148822796423701e-08,-44.41120980774089,0,0.0,4.260548109868978e-07,0,0,0,0,0,0,0,0,4.721272815671638,417,2792,5159,0.13300034556577098,0.18986078487657249,0.19479355216101546,2503,0,0.1396
152,39062,rx_cerberus_base,/home/telilab4090/Documents/Gazebo World/my_world/rt_out/experiments/semantic_ablation_actor_200f/sionna_xml/frame_152_sionna.xml,30.0,0.0,0.0,2.4,4.074,-1.779,0.81,28000000000.0,17,1.574846919538686e-08,5.723669715962387e-08,4.148822796423701e-08,3.619599553417174e-08,-74.41339474041706,-44.41339474041706,cir_coefficients_tau_mask,,"[1, 1, 1, 1, 17, 1]","[1, 1, 17]","[1, 1, 17]","[1, 1, 17]",,True,,18,4.148822796423701e-08,-44.41120938168608,-1,0.0,-0.0021853587309834666,1,1,0,0,0,0,0,0,4.721272815671638,441,2955,5327,0.1392095191478942,0.18633240447601268,0.1928917267244675,2692,0,0.14775
153,39319,rx_cerberus_base,/home/telilab4090/Documents/Gazebo World/my_world/rt_out/experiments/semantic_ablation_actor_200f/sionna_xml/frame_153_sionna.xml,30.0,0.0,0.0,2.4,4.074,-1.779,0.81,28000000000.0,18,1.574846919538686e-08,5.723669715962387e-08,4.148822796423701e-08,3.621421384991663e-08,-74.41120938168608,-44.41120938168608,cir_coefficients_tau_mask,,"[1, 1, 1, 1, 18, 1]","[1, 1, 18]","[1, 1, 18]","[1, 1, 18]",,True,,17,4.148822796423701e-08,-44.41339474041706,1,0.0,0.0021853587309834666,1,0,0,0,0,0,0,0,4.721272815671638,386,2820,5114,0.14051877001886826,0.1889485200752779,0.19438201758132717,2578,0,0.141
154,39576,rx_cerberus_base,/home/telilab4090/Documents/Gazebo World/my_world/rt_out/experiments/semantic_ablation_actor_200f/sionna_xml/frame_154_sionna.xml,30.0,0.0,0.0,2.4,4.074,-1.779,0.81,28000000000.0,18,1.574846919538686e-08,5.723669715962387e-08,4.148822796423701e-08,3.621421384991663e-08,-74.41120938168608,-44.41120938168608,cir_coefficients_tau_mask,,"[1, 1, 1, 1, 18, 1]","[1, 1, 18]","[1, 1, 18]","[1, 1, 18]",,True,,18,4.148822796423701e-08,-44.41120938168608,0,0.0,0.0,0,0,0,0,0,0,0,0,4.721272815671638,402,2893,5380,0.1326189273086722,0.18263144199925208,0.1906125840685666,2661,0,0.14465
155,39833,rx_cerberus_base,/home/telilab4090/Documents/Gazebo World/my_world/rt_out/experiments/semantic_ablation_actor_200f/sionna_xml/frame_155_sionna.xml,30.0,0.0,0.0,2.4,4.074,-1.779,0.81,28000000000.0,18,1.574846919538686e-08,5.723669715962387e-08,4.148822796423701e-08,3.621421384991663e-08,-74.41120938168608,-44.41120938168608,cir_coefficients_tau_mask,,"[1, 1, 1, 1, 18, 1]","[1, 1, 18]","[1, 1, 18]","[1, 1, 18]",,True,,18,4.148822796423701e-08,-44.41120938168608,0,0.0,0.0,0,0,0,0,0,0,0,0,4.721272815671638,417,2918,5322,0.18831803840597702,0.19276273108782313,0.19599484524035435,2626,0,0.1459
156,40090,rx_cerberus_base,/home/telilab4090/Documents/Gazebo World/my_world/rt_out/experiments/semantic_ablation_actor_200f/sionna_xml/frame_156_sionna.xml,30.0,0.0,0.0,2.4,4.074,-1.779,0.81,28000000000.0,18,1.574846919538686e-08,5.723669715962387e-08,4.148822796423701e-08,3.621421740263031e-08,-74.4112089556313,-44.411208955631295,cir_coefficients_tau_mask,,"[1, 1, 1, 1, 18, 1]","[1, 1, 18]","[1, 1, 18]","[1, 1, 18]",,True,,18,4.148822796423701e-08,-44.41120938168608,0,0.0,4.2605478256518836e-07,0,0,0,0,0,0,0,0,4.721272815671638,427,2919,5298,0.13202671693980725,0.18693843814829098,0.19319705059948775,2652,0,0.14595
157,40347,rx_cerberus_base,/home/telilab4090/Documents/Gazebo World/my_world/rt_out/experiments/semantic_ablation_actor_200f/sionna_xml/frame_157_sionna.xml,30.0,0.0,0.0,2.4,4.074,-1.779,0.81,28000000000.0,18,1.574846919538686e-08,5.723669715962387e-08,4.148822796423701e-08,3.621421384991663e-08,-74.41120938168608,-44.41120938168608,cir_coefficients_tau_mask,,"[1, 1, 1, 1, 18, 1]","[1, 1, 18]","[1, 1, 18]","[1, 1, 18]",,True,,18,4.148822796423701e-08,-44.411208955631295,0,0.0,-4.2605478256518836e-07,0,0,0,0,0,0,0,0,4.721272815671638,414,2818,5240,0.13144395597453848,0.1871317646653879,0.1932141030384348,2572,0,0.1409
158,40604,rx_cerberus_base,/home/telilab4090/Documents/Gazebo World/my_world/rt_out/experiments/semantic_ablation_actor_200f/sionna_xml/frame_158_sionna.xml,30.0,0.0,0.0,2.4,4.074,-1.779,0.81,28000000000.0,18,1.574846919538686e-08,5.723669715962387e-08,4.148822796423701e-08,3.621421384991663e-08,-74.41120938168608,-44.41120938168608,cir_coefficients_tau_mask,,"[1, 1, 1, 1, 18, 1]","[1, 1, 18]","[1, 1, 18]","[1, 1, 18]",,True,,18,4.148822796423701e-08,-44.41120938168608,0,0.0,0.0,0,0,0,0,0,0,0,0,4.721272815671638,436,2915,5209,0.1319074983622544,0.1861489614087318,0.1925904900107932,2653,0,0.14575
159,40861,rx_cerberus_base,/home/telilab4090/Documents/Gazebo World/my_world/rt_out/experiments/semantic_ablation_actor_200f/sionna_xml/frame_159_sionna.xml,30.0,0.0,0.0,2.4,4.074,-1.779,0.81,28000000000.0,18,1.574846919538686e-08,5.723669715962387e-08,4.148822796423701e-08,3.621421384991663e-08,-74.41120938168608,-44.41120938168608,cir_coefficients_tau_mask,,"[1, 1, 1, 1, 18, 1]","[1, 1, 18]","[1, 1, 18]","[1, 1, 18]",,True,,18,4.148822796423701e-08,-44.41120938168608,0,0.0,0.0,0,0,0,0,0,0,0,0,4.721272815671638,409,2831,5163,0.13218806119579196,0.17846796168894682,0.19012688625122517,2615,0,0.14155
160,41118,rx_cerberus_base,/home/telilab4090/Documents/Gazebo World/my_world/rt_out/experiments/semantic_ablation_actor_200f/sionna_xml/frame_160_sionna.xml,30.0,0.0,0.0,2.4,4.074,-1.779,0.81,28000000000.0,18,1.574846919538686e-08,5.723669715962387e-08,4.148822796423701e-08,3.621421740263031e-08,-74.4112089556313,-44.411208955631295,cir_coefficients_tau_mask,,"[1, 1, 1, 1, 18, 1]","[1, 1, 18]","[1, 1, 18]","[1, 1, 18]",,True,,18,4.148822796423701e-08,-44.41120938168608,0,0.0,4.2605478256518836e-07,0,0,0,0,0,0,0,0,4.721272815671638,413,2871,5274,0.1328704087157611,0.18965923522665054,0.1949043474813197,2633,0,0.14355
161,41375,rx_cerberus_base,/home/telilab4090/Documents/Gazebo World/my_world/rt_out/experiments/semantic_ablation_actor_200f/sionna_xml/frame_161_sionna.xml,30.0,0.0,0.0,2.4,4.074,-1.779,0.81,28000000000.0,18,1.574846919538686e-08,5.723669715962387e-08,4.148822796423701e-08,3.621421384991663e-08,-74.41120938168608,-44.41120938168608,cir_coefficients_tau_mask,,"[1, 1, 1, 1, 18, 1]","[1, 1, 18]","[1, 1, 18]","[1, 1, 18]",,True,,18,4.148822796423701e-08,-44.411208955631295,0,0.0,-4.2605478256518836e-07,0,0,0,0,0,0,0,0,4.721272815671638,423,2866,5222,0.13144395597453848,0.18236042183839427,0.1910703702535319,2635,0,0.1433
162,41632,rx_cerberus_base,/home/telilab4090/Documents/Gazebo World/my_world/rt_out/experiments/semantic_ablation_actor_200f/sionna_xml/frame_162_sionna.xml,30.0,0.0,0.0,2.4,4.074,-1.779,0.81,28000000000.0,18,1.574846919538686e-08,5.723669715962387e-08,4.148822796423701e-08,3.621421740263031e-08,-74.4112089556313,-44.411208955631295,cir_coefficients_tau_mask,,"[1, 1, 1, 1, 18, 1]","[1, 1, 18]","[1, 1, 18]","[1, 1, 18]",,True,,18,4.148822796423701e-08,-44.41120938168608,0,0.0,4.2605478256518836e-07,0,0,0,0,0,0,0,0,4.721272815671638,447,2889,5308,0.1402648292476779,0.18626720893962082,0.193189262402089,2653,0,0.14445
163,41889,rx_cerberus_base,/home/telilab4090/Documents/Gazebo World/my_world/rt_out/experiments/semantic_ablation_actor_200f/sionna_xml/frame_163_sionna.xml,30.0,0.0,0.0,2.4,4.074,-1.779,0.81,28000000000.0,18,1.574846919538686e-08,5.723669715962387e-08,4.148822796423701e-08,3.621421384991663e-08,-74.41120938168608,-44.41120938168608,cir_coefficients_tau_mask,,"[1, 1, 1, 1, 18, 1]","[1, 1, 18]","[1, 1, 18]","[1, 1, 18]",,True,,18,4.148822796423701e-08,-44.411208955631295,0,0.0,-4.2605478256518836e-07,0,0,0,0,0,0,0,0,4.721272815671638,421,2898,5220,0.13118346737502096,0.17760241606452648,0.18954251223754454,2659,0,0.1449
164,42146,rx_cerberus_base,/home/telilab4090/Documents/Gazebo World/my_world/rt_out/experiments/semantic_ablation_actor_200f/sionna_xml/frame_164_sionna.xml,30.0,0.0,0.0,2.4,4.074,-1.779,0.81,28000000000.0,18,1.574846919538686e-08,5.723669715962387e-08,4.148822796423701e-08,3.621421740263031e-08,-74.4112089556313,-44.411208955631295,cir_coefficients_tau_mask,,"[1, 1, 1, 1, 18, 1]","[1, 1, 18]","[1, 1, 18]","[1, 1, 18]",,True,,18,4.148822796423701e-08,-44.41120938168608,0,0.0,4.2605478256518836e-07,0,0,0,0,0,0,0,0,4.721272815671638,418,2879,5330,0.13298783176984602,0.1785088114682421,0.18963857992432157,2629,0,0.14395
165,42403,rx_cerberus_base,/home/telilab4090/Documents/Gazebo World/my_world/rt_out/experiments/semantic_ablation_actor_200f/sionna_xml/frame_165_sionna.xml,30.0,0.0,0.0,2.4,4.074,-1.779,0.81,28000000000.0,18,1.574846919538686e-08,5.723669715962387e-08,4.148822796423701e-08,3.621421384991663e-08,-74.41120938168608,-44.41120938168608,cir_coefficients_tau_mask,,"[1, 1, 1, 1, 18, 1]","[1, 1, 18]","[1, 1, 18]","[1, 1, 18]",,True,,18,4.148822796423701e-08,-44.411208955631295,0,0.0,-4.2605478256518836e-07,0,0,0,0,0,0,0,0,4.721272815671638,417,2858,5165,0.1407047329989496,0.18968308677349474,0.19527354489812637,2602,0,0.1429
166,42659,rx_cerberus_base,/home/telilab4090/Documents/Gazebo World/my_world/rt_out/experiments/semantic_ablation_actor_200f/sionna_xml/frame_166_sionna.xml,30.0,0.0,0.0,2.4,4.074,-1.779,0.81,28000000000.0,18,1.574846919538686e-08,5.723669715962387e-08,4.148822796423701e-08,3.621421740263031e-08,-74.4112089556313,-44.411208955631295,cir_coefficients_tau_mask,,"[1, 1, 1, 1, 18, 1]","[1, 1, 18]","[1, 1, 18]","[1, 1, 18]",,True,,18,4.148822796423701e-08,-44.41120938168608,0,0.0,4.2605478256518836e-07,0,0,0,0,0,0,0,0,4.721272815671638,404,2867,5221,0.13118346737502096,0.1806666870060488,0.19050089793406388,2620,0,0.14335
167,42916,rx_cerberus_base,/home/telilab4090/Documents/Gazebo World/my_world/rt_out/experiments/semantic_ablation_actor_200f/sionna_xml/frame_167_sionna.xml,30.0,0.0,0.0,2.4,4.074,-1.779,0.81,28000000000.0,18,1.574846919538686e-08,5.723669715962387e-08,4.148822796423701e-08,3.621421740263031e-08,-74.4112089556313,-44.411208955631295,cir_coefficients_tau_mask,,"[1, 1, 1, 1, 18, 1]","[1, 1, 18]","[1, 1, 18]","[1, 1, 18]",,True,,18,4.148822796423701e-08,-44.411208955631295,0,0.0,0.0,0,0,0,0,0,0,0,0,4.721272815671638,419,2905,5340,0.1328704087157611,0.1889465792035624,0.19384498912567344,2636,0,0.14525
168,43173,rx_cerberus_base,/home/telilab4090/Documents/Gazebo World/my_world/rt_out/experiments/semantic_ablation_actor_200f/sionna_xml/frame_168_sionna.xml,30.0,0.0,0.0,2.4,4.074,-1.779,0.81,28000000000.0,18,1.574846919538686e-08,5.723669715962387e-08,4.148822796423701e-08,3.621421384991663e-08,-74.41120938168608,-44.41120938168608,cir_coefficients_tau_mask,,"[1, 1, 1, 1, 18, 1]","[1, 1, 18]","[1, 1, 18]","[1, 1, 18]",,True,,18,4.148822796423701e-08,-44.411208955631295,0,0.0,-4.2605478256518836e-07,0,0,0,0,0,0,0,0,4.721272815671638,445,2907,5265,0.13118346737502096,0.18649532987640655,0.1935212990443182,2648,0,0.14535
169,43430,rx_cerberus_base,/home/telilab4090/Documents/Gazebo World/my_world/rt_out/experiments/semantic_ablation_actor_200f/sionna_xml/frame_169_sionna.xml,30.0,0.0,0.0,2.4,4.074,-1.779,0.81,28000000000.0,18,1.574846919538686e-08,5.723669715962387e-08,4.148822796423701e-08,3.621421740263031e-08,-74.4112089556313,-44.411208955631295,cir_coefficients_tau_mask,,"[1, 1, 1, 1, 18, 1]","[1, 1, 18]","[1, 1, 18]","[1, 1, 18]",,True,,18,4.148822796423701e-08,-44.41120938168608,0,0.0,4.2605478256518836e-07,0,0,0,0,0,0,0,0,4.721272815671638,381,2896,5250,0.13118346737502096,0.18510483923290244,0.19359779623440526,2630,0,0.1448
170,43687,rx_cerberus_base,/home/telilab4090/Documents/Gazebo World/my_world/rt_out/experiments/semantic_ablation_actor_200f/sionna_xml/frame_170_sionna.xml,30.0,0.0,0.0,2.4,4.074,-1.779,0.81,28000000000.0,18,1.574846919538686e-08,5.723669715962387e-08,4.148822796423701e-08,3.621421384991663e-08,-74.41120938168608,-44.41120938168608,cir_coefficients_tau_mask,,"[1, 1, 1, 1, 18, 1]","[1, 1, 18]","[1, 1, 18]","[1, 1, 18]",,True,,18,4.148822796423701e-08,-44.411208955631295,0,0.0,-4.2605478256518836e-07,0,0,0,0,0,0,0,0,4.721272815671638,409,3012,5417,0.13934452084968788,0.18377609082527738,0.19139241075878455,2719,0,0.1506
171,43944,rx_cerberus_base,/home/telilab4090/Documents/Gazebo World/my_world/rt_out/experiments/semantic_ablation_actor_200f/sionna_xml/frame_171_sionna.xml,30.0,0.0,0.0,2.4,4.074,-1.779,0.81,28000000000.0,18,1.574846919538686e-08,5.723669715962387e-08,4.148822796423701e-08,3.621421384991663e-08,-74.41120938168608,-44.41120938168608,cir_coefficients_tau_mask,,"[1, 1, 1, 1, 18, 1]","[1, 1, 18]","[1, 1, 18]","[1, 1, 18]",,True,,18,4.148822796423701e-08,-44.41120938168608,0,0.0,0.0,0,0,0,0,0,0,0,0,4.721272815671638,424,2869,5207,0.13959611135253516,0.1868851477588378,0.1932480528436713,2629,0,0.14345
172,44201,rx_cerberus_base,/home/telilab4090/Documents/Gazebo World/my_world/rt_out/experiments/semantic_ablation_actor_200f/sionna_xml/frame_172_sionna.xml,30.0,0.0,0.0,2.4,4.074,-1.779,0.81,28000000000.0,18,1.574846919538686e-08,5.723669715962387e-08,4.148822796423701e-08,3.621421740263031e-08,-74.4112089556313,-44.411208955631295,cir_coefficients_tau_mask,,"[1, 1, 1, 1, 18, 1]","[1, 1, 18]","[1, 1, 18]","[1, 1, 18]",,True,,18,4.148822796423701e-08,-44.41120938168608,0,0.0,4.2605478256518836e-07,0,0,0,0,0,0,0,0,4.721272815671638,425,2935,5346,0.1319074983622544,0.17935823109537016,0.19091944706460265,2689,0,0.14675
173,44458,rx_cerberus_base,/home/telilab4090/Documents/Gazebo World/my_world/rt_out/experiments/semantic_ablation_actor_200f/sionna_xml/frame_173_sionna.xml,30.0,0.0,0.0,2.4,4.074,-1.779,0.81,28000000000.0,18,1.574846919538686e-08,5.723669715962387e-08,4.148822796423701e-08,3.621421740263031e-08,-74.4112089556313,-44.411208955631295,cir_coefficients_tau_mask,,"[1, 1, 1, 1, 18, 1]","[1, 1, 18]","[1, 1, 18]","[1, 1, 18]",,True,,18,4.148822796423701e-08,-44.411208955631295,0,0.0,0.0,0,0,0,0,0,0,0,0,4.721272815671638,415,2945,5300,0.18756858087527556,0.19305325216140862,0.19563887953543196,2695,0,0.14725
174,44715,rx_cerberus_base,/home/telilab4090/Documents/Gazebo World/my_world/rt_out/experiments/semantic_ablation_actor_200f/sionna_xml/frame_174_sionna.xml,30.0,0.0,0.0,2.4,4.074,-1.779,0.81,28000000000.0,18,1.574846919538686e-08,5.723669715962387e-08,4.148822796423701e-08,3.621421384991663e-08,-74.41120938168608,-44.41120938168608,cir_coefficients_tau_mask,,"[1, 1, 1, 1, 18, 1]","[1, 1, 18]","[1, 1, 18]","[1, 1, 18]",,True,,18,4.148822796423701e-08,-44.411208955631295,0,0.0,-4.2605478256518836e-07,0,0,0,0,0,0,0,0,4.721272815671638,423,2813,5164,0.13255132313524756,0.1833343624421019,0.19180945662490992,2558,0,0.14065
175,44972,rx_cerberus_base,/home/telilab4090/Documents/Gazebo World/my_world/rt_out/experiments/semantic_ablation_actor_200f/sionna_xml/frame_175_sionna.xml,30.0,0.0,0.0,2.4,4.074,-1.779,0.81,28000000000.0,18,1.574846919538686e-08,5.723669715962387e-08,4.148822796423701e-08,3.621421384991663e-08,-74.41120938168608,-44.41120938168608,cir_coefficients_tau_mask,,"[1, 1, 1, 1, 18, 1]","[1, 1, 18]","[1, 1, 18]","[1, 1, 18]",,True,,18,4.148822796423701e-08,-44.41120938168608,0,0.0,0.0,0,0,0,0,0,0,0,0,4.721272815671638,446,2881,5269,0.14018761504959834,0.18625452031077633,0.1927484390698157,2626,0,0.14405
176,45229,rx_cerberus_base,/home/telilab4090/Documents/Gazebo World/my_world/rt_out/experiments/semantic_ablation_actor_200f/sionna_xml/frame_176_sionna.xml,30.0,0.0,0.0,2.4,4.074,-1.779,0.81,28000000000.0,18,1.574846919538686e-08,5.723669715962387e-08,4.148822796423701e-08,3.6214210297202953e-08,-74.41120980774089,-44.41120980774089,cir_coefficients_tau_mask,,"[1, 1, 1, 1, 18, 1]","[1, 1, 18]","[1, 1, 18]","[1, 1, 18]",,True,,18,4.148822796423701e-08,-44.41120938168608,0,0.0,-4.260548109868978e-07,0,0,0,0,0,0,0,0,4.721272815671638,426,2911,5198,0.1310862272609371,0.18292746784597858,0.19085501667927646,2650,0,0.14555
177,45486,rx_cerberus_base,/home/telilab4090/Documents/Gazebo World/my_world/rt_out/experiments/semantic_ablation_actor_200f/sionna_xml/frame_177_sionna.xml,30.0,0.0,0.0,2.4,4.074,-1.779,0.81,28000000000.0,18,1.574846919538686e-08,5.723669715962387e-08,4.148822796423701e-08,3.621421740263031e-08,-74.4112089556313,-44.411208955631295,cir_coefficients_tau_mask,,"[1, 1, 1, 1, 18, 1]","[1, 1, 18]","[1, 1, 18]","[1, 1, 18]",,True,,18,4.148822796423701e-08,-44.41120980774089,0,0.0,8.521095935520862e-07,0,0,0,0,0,0,0,0,4.721272815671638,419,2935,5313,0.1398595601223883,0.1811087452019091,0.1905001293708121,2685,0,0.14675
178,45743,rx_cerberus_base,/home/telilab4090/Documents/Gazebo World/my_world/rt_out/experiments/semantic_ablation_actor_200f/sionna_xml/frame_178_sionna.xml,30.0,0.0,0.0,2.4,4.074,-1.779,0.81,28000000000.0,18,1.574846919538686e-08,5.723669715962387e-08,4.148822796423701e-08,3.621421384991663e-08,-74.41120938168608,-44.41120938168608,cir_coefficients_tau_mask,,"[1, 1, 1, 1, 18, 1]","[1, 1, 18]","[1, 1, 18]","[1, 1, 18]",,True,,18,4.148822796423701e-08,-44.411208955631295,0,0.0,-4.2605478256518836e-07,0,0,0,0,0,0,0,0,4.721272815671638,420,2942,5189,0.14051877001886826,0.18897575282711326,0.19442037592586725,2692,0,0.1471
179,46000,rx_cerberus_base,/home/telilab4090/Documents/Gazebo World/my_world/rt_out/experiments/semantic_ablation_actor_200f/sionna_xml/frame_179_sionna.xml,30.0,0.0,0.0,2.4,4.074,-1.779,0.81,28000000000.0,18,1.574846919538686e-08,5.723669715962387e-08,4.148822796423701e-08,3.621421740263031e-08,-74.4112089556313,-44.411208955631295,cir_coefficients_tau_mask,,"[1, 1, 1, 1, 18, 1]","[1, 1, 18]","[1, 1, 18]","[1, 1, 18]",,True,,18,4.148822796423701e-08,-44.41120938168608,0,0.0,4.2605478256518836e-07,0,0,0,0,0,0,0,0,4.721272815671638,433,2938,5310,0.13118346737502096,0.1822312973316907,0.19115309523934554,2695,0,0.1469
180,46257,rx_cerberus_base,/home/telilab4090/Documents/Gazebo World/my_world/rt_out/experiments/semantic_ablation_actor_200f/sionna_xml/frame_180_sionna.xml,30.0,0.0,0.0,2.4,4.074,-1.779,0.81,28000000000.0,18,1.574846919538686e-08,5.723669715962387e-08,4.148822796423701e-08,3.621421384991663e-08,-74.41120938168608,-44.41120938168608,cir_coefficients_tau_mask,,"[1, 1, 1, 1, 18, 1]","[1, 1, 18]","[1, 1, 18]","[1, 1, 18]",,True,,18,4.148822796423701e-08,-44.411208955631295,0,0.0,-4.2605478256518836e-07,0,0,0,0,0,0,0,0,4.721272815671638,456,2940,5295,0.13144395597453848,0.18685596171522537,0.1934485657365372,2697,0,0.147
181,46514,rx_cerberus_base,/home/telilab4090/Documents/Gazebo World/my_world/rt_out/experiments/semantic_ablation_actor_200f/sionna_xml/frame_181_sionna.xml,30.0,0.0,0.0,2.4,4.074,-1.779,0.81,28000000000.0,18,1.574846919538686e-08,5.723669715962387e-08,4.148822796423701e-08,3.621421384991663e-08,-74.41120938168608,-44.41120938168608,cir_coefficients_tau_mask,,"[1, 1, 1, 1, 18, 1]","[1, 1, 18]","[1, 1, 18]","[1, 1, 18]",,True,,18,4.148822796423701e-08,-44.41120938168608,0,0.0,0.0,0,0,0,0,0,0,0,0,4.721272815671638,442,2895,5260,0.13118346737502096,0.1851710938860825,0.1914201398600525,2638,0,0.14475
182,46771,rx_cerberus_base,/home/telilab4090/Documents/Gazebo World/my_world/rt_out/experiments/semantic_ablation_actor_200f/sionna_xml/frame_182_sionna.xml,30.0,0.0,0.0,2.4,4.074,-1.779,0.81,28000000000.0,18,1.574846919538686e-08,5.723669715962387e-08,4.148822796423701e-08,3.621421740263031e-08,-74.4112089556313,-44.411208955631295,cir_coefficients_tau_mask,,"[1, 1, 1, 1, 18, 1]","[1, 1, 18]","[1, 1, 18]","[1, 1, 18]",,True,,18,4.148822796423701e-08,-44.41120938168608,0,0.0,4.2605478256518836e-07,0,0,0,0,0,0,0,0,4.721272815671638,414,2841,5203,0.13300034556577098,0.18640882867408884,0.19260883375467386,2603,0,0.14205
183,47028,rx_cerberus_base,/home/telilab4090/Documents/Gazebo World/my_world/rt_out/experiments/semantic_ablation_actor_200f/sionna_xml/frame_183_sionna.xml,30.0,0.0,0.0,2.4,4.074,-1.779,0.81,28000000000.0,18,1.574846919538686e-08,5.723669715962387e-08,4.148822796423701e-08,3.621421740263031e-08,-74.4112089556313,-44.411208955631295,cir_coefficients_tau_mask,,"[1, 1, 1, 1, 18, 1]","[1, 1, 18]","[1, 1, 18]","[1, 1, 18]",,True,,18,4.148822796423701e-08,-44.411208955631295,0,0.0,0.0,0,0,0,0,0,0,0,0,4.721272815671638,457,2959,5235,0.1315489734795868,0.18334128720406903,0.19186223151107548,2684,0,0.14795
184,47285,rx_cerberus_base,/home/telilab4090/Documents/Gazebo World/my_world/rt_out/experiments/semantic_ablation_actor_200f/sionna_xml/frame_184_sionna.xml,30.0,0.0,0.0,2.4,4.074,-1.779,0.81,28000000000.0,18,1.574846919538686e-08,5.723669715962387e-08,4.148822796423701e-08,3.621421384991663e-08,-74.41120938168608,-44.41120938168608,cir_coefficients_tau_mask,,"[1, 1, 1, 1, 18, 1]","[1, 1, 18]","[1, 1, 18]","[1, 1, 18]",,True,,18,4.148822796423701e-08,-44.411208955631295,0,0.0,-4.2605478256518836e-07,0,0,0,0,0,0,0,0,4.721272815671638,418,2921,5315,0.13118346737502096,0.17792427158750854,0.18962002057764302,2679,0,0.14605
185,47542,rx_cerberus_base,/home/telilab4090/Documents/Gazebo World/my_world/rt_out/experiments/semantic_ablation_actor_200f/sionna_xml/frame_185_sionna.xml,30.0,0.0,0.0,2.4,4.074,-1.779,0.81,28000000000.0,18,1.574846919538686e-08,5.723669715962387e-08,4.148822796423701e-08,3.621421384991663e-08,-74.41120938168608,-44.41120938168608,cir_coefficients_tau_mask,,"[1, 1, 1, 1, 18, 1]","[1, 1, 18]","[1, 1, 18]","[1, 1, 18]",,True,,18,4.148822796423701e-08,-44.41120938168608,0,0.0,0.0,0,0,0,0,0,0,0,0,4.721272815671638,403,2926,5239,0.13179820116264332,0.18598661319466497,0.19274628457353987,2672,0,0.1463
186,47799,rx_cerberus_base,/home/telilab4090/Documents/Gazebo World/my_world/rt_out/experiments/semantic_ablation_actor_200f/sionna_xml/frame_186_sionna.xml,30.0,0.0,0.0,2.4,4.074,-1.779,0.81,28000000000.0,18,1.574846919538686e-08,5.723669715962387e-08,4.148822796423701e-08,3.621421384991663e-08,-74.41120938168608,-44.41120938168608,cir_coefficients_tau_mask,,"[1, 1, 1, 1, 18, 1]","[1, 1, 18]","[1, 1, 18]","[1, 1, 18]",,True,,18,4.148822796423701e-08,-44.41120938168608,0,0.0,0.0,0,0,0,0,0,0,0,0,4.721272815671638,396,2988,5373,0.18844858087858127,0.19246490644303027,0.19637269234305196,2730,0,0.1494
187,48056,rx_cerberus_base,/home/telilab4090/Documents/Gazebo World/my_world/rt_out/experiments/semantic_ablation_actor_200f/sionna_xml/frame_187_sionna.xml,30.0,0.0,0.0,2.4,4.074,-1.779,0.81,28000000000.0,18,1.574846919538686e-08,5.723669715962387e-08,4.148822796423701e-08,3.621421384991663e-08,-74.41120938168608,-44.41120938168608,cir_coefficients_tau_mask,,"[1, 1, 1, 1, 18, 1]","[1, 1, 18]","[1, 1, 18]","[1, 1, 18]",,True,,18,4.148822796423701e-08,-44.41120938168608,0,0.0,0.0,0,0,0,0,0,0,0,0,4.721272815671638,427,2922,5232,0.13970486222389072,0.18507519406048661,0.19186593119536255,2684,0,0.1461
188,48313,rx_cerberus_base,/home/telilab4090/Documents/Gazebo World/my_world/rt_out/experiments/semantic_ablation_actor_200f/sionna_xml/frame_188_sionna.xml,30.0,0.0,0.0,2.4,4.074,-1.779,0.81,28000000000.0,18,1.574846919538686e-08,5.723669715962387e-08,4.148822796423701e-08,3.621421384991663e-08,-74.41120938168608,-44.41120938168608,cir_coefficients_tau_mask,,"[1, 1, 1, 1, 18, 1]","[1, 1, 18]","[1, 1, 18]","[1, 1, 18]",,True,,18,4.148822796423701e-08,-44.41120938168608,0,0.0,0.0,0,0,0,0,0,0,0,0,4.721272815671638,376,2914,5335,0.13945897897605986,0.1846074104499541,0.1924696867866684,2674,0,0.1457
189,48570,rx_cerberus_base,/home/telilab4090/Documents/Gazebo World/my_world/rt_out/experiments/semantic_ablation_actor_200f/sionna_xml/frame_189_sionna.xml,30.0,0.0,0.0,2.4,4.074,-1.779,0.81,28000000000.0,18,1.574846919538686e-08,5.723669715962387e-08,4.148822796423701e-08,3.621421740263031e-08,-74.4112089556313,-44.411208955631295,cir_coefficients_tau_mask,,"[1, 1, 1, 1, 18, 1]","[1, 1, 18]","[1, 1, 18]","[1, 1, 18]",,True,,18,4.148822796423701e-08,-44.41120938168608,0,0.0,4.2605478256518836e-07,0,0,0,0,0,0,0,0,4.721272815671638,413,2920,5245,0.1310862272609371,0.18262583934178625,0.19154949413231473,2662,0,0.146
190,48827,rx_cerberus_base,/home/telilab4090/Documents/Gazebo World/my_world/rt_out/experiments/semantic_ablation_actor_200f/sionna_xml/frame_190_sionna.xml,30.0,0.0,0.0,2.4,4.074,-1.779,0.81,28000000000.0,17,1.574846919538686e-08,5.478522524526852e-08,3.903675604988166e-08,3.617294197511001e-08,-74.41616168274675,-44.41616168274675,cir_coefficients_tau_mask,,"[1, 1, 1, 1, 17, 1]","[1, 1, 17]","[1, 1, 17]","[1, 1, 17]",,True,,18,4.148822796423701e-08,-44.411208955631295,-1,-2.451471914355352e-09,-0.004952727115451694,1,1,0,0,0,0,0,0,4.721272815671638,445,2947,5329,0.13105815739639995,0.18580744921924858,0.19256047513651467,2693,0,0.14735
191,49084,rx_cerberus_base,/home/telilab4090/Documents/Gazebo World/my_world/rt_out/experiments/semantic_ablation_actor_200f/sionna_xml/frame_191_sionna.xml,30.0,0.0,0.0,2.4,4.074,-1.779,0.81,28000000000.0,18,1.574846919538686e-08,5.723669715962387e-08,4.148822796423701e-08,3.621421384991663e-08,-74.41120938168608,-44.41120938168608,cir_coefficients_tau_mask,,"[1, 1, 1, 1, 18, 1]","[1, 1, 18]","[1, 1, 18]","[1, 1, 18]",,True,,17,3.903675604988166e-08,-44.41616168274675,1,2.451471914355352e-09,0.004952301060669129,1,0,0,0,0,1,1,1,4.721272815671638,457,2959,5304,0.13283147468338335,0.1837529163573995,0.1922666733742273,2713,0,0.14795
192,49341,rx_cerberus_base,/home/telilab4090/Documents/Gazebo World/my_world/rt_out/experiments/semantic_ablation_actor_200f/sionna_xml/frame_192_sionna.xml,30.0,0.0,0.0,2.4,4.074,-1.779,0.81,28000000000.0,18,1.574846919538686e-08,5.723669715962387e-08,4.148822796423701e-08,3.621421740263031e-08,-74.4112089556313,-44.411208955631295,cir_coefficients_tau_mask,,"[1, 1, 1, 1, 18, 1]","[1, 1, 18]","[1, 1, 18]","[1, 1, 18]",,True,,18,4.148822796423701e-08,-44.41120938168608,0,0.0,4.2605478256518836e-07,0,0,0,0,0,0,0,0,4.721272815671638,411,2841,5196,0.18772871455089823,0.19383543058374814,0.1967963624676661,2592,0,0.14205
193,49598,rx_cerberus_base,/home/telilab4090/Documents/Gazebo World/my_world/rt_out/experiments/semantic_ablation_actor_200f/sionna_xml/frame_193_sionna.xml,30.0,0.0,0.0,2.4,4.074,-1.779,0.81,28000000000.0,18,1.574846919538686e-08,5.723669715962387e-08,4.148822796423701e-08,3.621421740263031e-08,-74.4112089556313,-44.411208955631295,cir_coefficients_tau_mask,,"[1, 1, 1, 1, 18, 1]","[1, 1, 18]","[1, 1, 18]","[1, 1, 18]",,True,,18,4.148822796423701e-08,-44.411208955631295,0,0.0,0.0,0,0,0,0,0,0,0,0,4.721272815671638,450,2907,5229,0.13202671693980725,0.1844518853174929,0.19217872161333266,2631,0,0.14535
194,49855,rx_cerberus_base,/home/telilab4090/Documents/Gazebo World/my_world/rt_out/experiments/semantic_ablation_actor_200f/sionna_xml/frame_194_sionna.xml,30.0,0.0,0.0,2.4,4.074,-1.779,0.81,28000000000.0,18,1.574846919538686e-08,5.723669715962387e-08,4.148822796423701e-08,3.621421384991663e-08,-74.41120938168608,-44.41120938168608,cir_coefficients_tau_mask,,"[1, 1, 1, 1, 18, 1]","[1, 1, 18]","[1, 1, 18]","[1, 1, 18]",,True,,18,4.148822796423701e-08,-44.411208955631295,0,0.0,-4.2605478256518836e-07,0,0,0,0,0,0,0,0,4.721272815671638,389,2903,5324,0.14015332501348235,0.18945137418546915,0.1946282985948883,2636,0,0.14515
195,50112,rx_cerberus_base,/home/telilab4090/Documents/Gazebo World/my_world/rt_out/experiments/semantic_ablation_actor_200f/sionna_xml/frame_195_sionna.xml,30.0,0.0,0.0,2.4,4.074,-1.779,0.81,28000000000.0,18,1.574846919538686e-08,5.723669715962387e-08,4.148822796423701e-08,3.621421740263031e-08,-74.4112089556313,-44.411208955631295,cir_coefficients_tau_mask,,"[1, 1, 1, 1, 18, 1]","[1, 1, 18]","[1, 1, 18]","[1, 1, 18]",,True,,18,4.148822796423701e-08,-44.41120938168608,0,0.0,4.2605478256518836e-07,0,0,0,0,0,0,0,0,4.721272815671638,413,2908,5236,0.13300034556577098,0.18318937071707492,0.19285366863864145,2655,0,0.1454
196,50369,rx_cerberus_base,/home/telilab4090/Documents/Gazebo World/my_world/rt_out/experiments/semantic_ablation_actor_200f/sionna_xml/frame_196_sionna.xml,30.0,0.0,0.0,2.4,4.074,-1.779,0.81,28000000000.0,18,1.574846919538686e-08,5.723669715962387e-08,4.148822796423701e-08,3.621421384991663e-08,-74.41120938168608,-44.41120938168608,cir_coefficients_tau_mask,,"[1, 1, 1, 1, 18, 1]","[1, 1, 18]","[1, 1, 18]","[1, 1, 18]",,True,,18,4.148822796423701e-08,-44.411208955631295,0,0.0,-4.2605478256518836e-07,0,0,0,0,0,0,0,0,4.721272815671638,423,2836,5255,0.14033106402173437,0.18359453259584055,0.19125396383297819,2602,0,0.1418
197,50626,rx_cerberus_base,/home/telilab4090/Documents/Gazebo World/my_world/rt_out/experiments/semantic_ablation_actor_200f/sionna_xml/frame_197_sionna.xml,30.0,0.0,0.0,2.4,4.074,-1.779,0.81,28000000000.0,18,1.574846919538686e-08,5.723669715962387e-08,4.148822796423701e-08,3.621421384991663e-08,-74.41120938168608,-44.41120938168608,cir_coefficients_tau_mask,,"[1, 1, 1, 1, 18, 1]","[1, 1, 18]","[1, 1, 18]","[1, 1, 18]",,True,,18,4.148822796423701e-08,-44.41120938168608,0,0.0,0.0,0,0,0,0,0,0,0,0,4.721272815671638,411,2852,5949,0.13948141827139668,0.18990565869580042,0.19454166924422134,2601,0,0.1426
198,50883,rx_cerberus_base,/home/telilab4090/Documents/Gazebo World/my_world/rt_out/experiments/semantic_ablation_actor_200f/sionna_xml/frame_198_sionna.xml,30.0,0.0,0.0,2.4,4.074,-1.779,0.81,28000000000.0,19,1.574846919538686e-08,5.723669715962387e-08,4.148822796423701e-08,3.624514377520427e-08,-74.40750173173326,-44.40750173173326,cir_coefficients_tau_mask,,"[1, 1, 1, 1, 19, 1]","[1, 1, 19]","[1, 1, 19]","[1, 1, 19]",,True,,18,4.148822796423701e-08,-44.41120938168608,1,0.0,0.0037076499528154727,1,0,0,0,0,0,0,0,4.721272815671638,463,2913,5761,0.1319074983622544,0.18399240121318533,0.1915154384551057,2676,0,0.14565
199,51140,rx_cerberus_base,/home/telilab4090/Documents/Gazebo World/my_world/rt_out/experiments/semantic_ablation_actor_200f/sionna_xml/frame_199_sionna.xml,30.0,0.0,0.0,2.4,4.074,-1.779,0.81,28000000000.0,18,1.574846919538686e-08,5.723669715962387e-08,4.148822796423701e-08,3.621421740263031e-08,-74.4112089556313,-44.411208955631295,cir_coefficients_tau_mask,,"[1, 1, 1, 1, 18, 1]","[1, 1, 18]","[1, 1, 18]","[1, 1, 18]",,True,,19,4.148822796423701e-08,-44.40750173173326,-1,0.0,-0.0037072238980329075,1,1,0,0,0,0,0,0,4.721272815671638,436,2888,5787,0.13940523815044153,0.18205141277843606,0.19086716718507157,2638,0,0.1444
1,257,rx_human_chest,/home/telilab4090/Documents/Gazebo World/my_world/rt_out/experiments/semantic_ablation_actor_200f/sionna_xml/frame_001_sionna.xml,30.0,0.0,0.0,2.4,-1.4605,-0.8406,1.6421,28000000000.0,21,6.163341392806387e-09,6.431429255826515e-08,5.8150951165458764e-08,2.240194589830935e-07,-66.49714255942916,-36.497142559429165,cir_coefficients_tau_mask,,"[1, 1, 1, 1, 21, 1]","[1, 1, 21]","[1, 1, 21]","[1, 1, 21]",,True,,21,5.8150951165458764e-08,-36.497142559429165,0,0.0,0.0,0,0,0,0,0,0,0,0,1.8477231989667715,379,571,1355,0.09286565055524258,0.12390209603759395,0.13644825464065422,571,0,0.02855
2,514,rx_human_chest,/home/telilab4090/Documents/Gazebo World/my_world/rt_out/experiments/semantic_ablation_actor_200f/sionna_xml/frame_002_sionna.xml,30.0,0.0,0.0,2.4,-1.4605,-0.8406,1.6421,28000000000.0,21,6.163341392806387e-09,6.431429255826515e-08,5.8150951165458764e-08,2.240194589830935e-07,-66.49714255942916,-36.497142559429165,cir_coefficients_tau_mask,,"[1, 1, 1, 1, 21, 1]","[1, 1, 21]","[1, 1, 21]","[1, 1, 21]",,True,,21,5.8150951165458764e-08,-36.497142559429165,0,0.0,0.0,0,0,0,0,0,0,0,0,1.8477231989667715,374,567,1289,0.09649948798648518,0.1291488660024384,0.13861766773008313,567,0,0.02835
3,771,rx_human_chest,/home/telilab4090/Documents/Gazebo World/my_world/rt_out/experiments/semantic_ablation_actor_200f/sionna_xml/frame_003_sionna.xml,30.0,0.0,0.0,2.4,-1.4605,-0.8406,1.6421,28000000000.0,21,6.163341392806387e-09,6.431429255826515e-08,5.8150951165458764e-08,2.2401947319394822e-07,-66.49714228393097,-36.49714228393097,cir_coefficients_tau_mask,,"[1, 1, 1, 1, 21, 1]","[1, 1, 21]","[1, 1, 21]","[1, 1, 21]",,True,,21,5.8150951165458764e-08,-36.497142559429165,0,0.0,2.7549819492378447e-07,0,0,0,0,0,0,0,0,1.8477231989667715,381,588,1141,0.09685073334180455,0.12291289498262378,0.1358893136690154,588,0,0.0294
4,1028,rx_human_chest,/home/telilab4090/Documents/Gazebo World/my_world/rt_out/experiments/semantic_ablation_actor_200f/sionna_xml/frame_004_sionna.xml,30.0,0.0,0.0,2.4,-1.4605,-0.8406,1.6421,28000000000.0,21,6.163341392806387e-09,6.431429255826515e-08,5.8150951165458764e-08,2.240194589830935e-07,-66.49714255942916,-36.497142559429165,cir_coefficients_tau_mask,,"[1, 1, 1, 1, 21, 1]","[1, 1, 21]","[1, 1, 21]","[1, 1, 21]",,True,,21,5.8150951165458764e-08,-36.49714228393097,0,0.0,-2.7549819492378447e-07,0,0,0,0,0,0,0,0,1.8477231989667715,423,592,1194,0.09034356707775365,0.12896844528387258,0.1385913828506653,592,0,0.0296
5,1285,rx_human_chest,/home/telilab4090/Documents/Gazebo World/my_world/rt_out/experiments/semantic_ablation_actor_200f/sionna_xml/frame_005_sionna.xml,30.0,0.0,0.0,2.4,-1.4605,-0.8406,1.6421,28000000000.0,21,6.163341392806387e-09,6.431429255826515e-08,5.8150951165458764e-08,2.2401947319394822e-07,-66.49714228393097,-36.49714228393097,cir_coefficients_tau_mask,,"[1, 1, 1, 1, 21, 1]","[1, 1, 21]","[1, 1, 21]","[1, 1, 21]",,True,,21,5.8150951165458764e-08,-36.497142559429165,0,0.0,2.7549819492378447e-07,0,0,0,0,0,0,0,0,1.8477231989667715,382,574,1230,0.10648636810731417,0.1319480141107561,0.14040826864944764,574,0,0.0287
6,1542,rx_human_chest,/home/telilab4090/Documents/Gazebo World/my_world/rt_out/experiments/semantic_ablation_actor_200f/sionna_xml/frame_006_sionna.xml,30.0,0.0,0.0,2.4,-1.4605,-0.8406,1.6421,28000000000.0,20,6.163341392806387e-09,6.431429255826515e-08,5.8150951165458764e-08,2.2396396559543064e-07,-66.49821851317411,-36.49821851317411,cir_coefficients_tau_mask,,"[1, 1, 1, 1, 20, 1]","[1, 1, 20]","[1, 1, 20]","[1, 1, 20]",,True,,21,5.8150951165458764e-08,-36.49714228393097,-1,0.0,-0.0010762292431394371,1,1,0,0,0,0,0,0,1.8477231989667715,355,517,1213,0.10887716401753912,0.1271738498909118,0.13822043915456775,517,0,0.02585
7,1799,rx_human_chest,/home/telilab4090/Documents/Gazebo World/my_world/rt_out/experiments/semantic_ablation_actor_200f/sionna_xml/frame_007_sionna.xml,30.0,0.0,0.0,2.4,-1.4605,-0.8406,1.6421,28000000000.0,21,6.163341392806387e-09,6.431429255826515e-08,5.8150951165458764e-08,2.2401944477223878e-07,-66.49714283492739,-36.49714283492739,cir_coefficients_tau_mask,,"[1, 1, 1, 1, 21, 1]","[1, 1, 21]","[1, 1, 21]","[1, 1, 21]",,True,,20,5.8150951165458764e-08,-36.49821851317411,1,0.0,0.0010756782467211679,1,0,0,0,0,0,0,0,1.8477231989667715,382,562,1324,0.087746724088856,0.11571536301212915,0.13370450454174704,562,0,0.0281
8,2056,rx_human_chest,/home/telilab4090/Documents/Gazebo World/my_world/rt_out/experiments/semantic_ablation_actor_200f/sionna_xml/frame_008_sionna.xml,30.0,0.0,0.0,2.4,-1.4605,-0.8406,1.6421,28000000000.0,21,6.163341392806387e-09,6.431429255826515e-08,5.8150951165458764e-08,2.240194589830935e-07,-66.49714255942916,-36.497142559429165,cir_coefficients_tau_mask,,"[1, 1, 1, 1, 21, 1]","[1, 1, 21]","[1, 1, 21]","[1, 1, 21]",,True,,21,5.8150951165458764e-08,-36.49714283492739,0,0.0,2.754982233454939e-07,0,0,0,0,0,0,0,0,1.8477231989667715,399,580,1357,0.09476798063053497,0.11923543408166512,0.133158282261851,580,0,0.029
9,2313,rx_human_chest,/home/telilab4090/Documents/Gazebo World/my_world/rt_out/experiments/semantic_ablation_actor_200f/sionna_xml/frame_009_sionna.xml,30.0,0.0,0.0,2.4,-1.4605,-0.8406,1.6421,28000000000.0,22,6.163341392806387e-09,6.431429255826515e-08,5.8150951165458764e-08,2.2443717284659215e-07,-66.489052105837,-36.489052105837004,cir_coefficients_tau_mask,,"[1, 1, 1, 1, 22, 1]","[1, 1, 22]","[1, 1, 22]","[1, 1, 22]",,True,,21,5.8150951165458764e-08,-36.497142559429165,1,0.0,0.00809045359216043,1,0,0,0,0,0,0,0,1.8477231989667715,386,567,1354,0.09429537985314584,0.1298772519322475,0.1397735250908408,567,0,0.02835
10,2570,rx_human_chest,/home/telilab4090/Documents/Gazebo World/my_world/rt_out/experiments/semantic_ablation_actor_200f/sionna_xml/frame_010_sionna.xml,30.0,0.0,0.0,2.4,-1.4605,-0.8406,1.6421,28000000000.0,22,6.163341392806387e-09,6.431429255826515e-08,5.8150951165458764e-08,2.2438423741277802e-07,-66.49007654746941,-36.490076547469414,cir_coefficients_tau_mask,,"[1, 1, 1, 1, 22, 1]","[1, 1, 22]","[1, 1, 22]","[1, 1, 22]",,True,,22,5.8150951165458764e-08,-36.489052105837004,0,0.0,-0.0010244416324098893,0,0,0,0,0,0,0,0,1.8477231989667715,401,592,1356,0.05842921654367848,0.12912564933595258,0.13930377639091676,592,0,0.0296
11,2827,rx_human_chest,/home/telilab4090/Documents/Gazebo World/my_world/rt_out/experiments/semantic_ablation_actor_200f/sionna_xml/frame_011_sionna.xml,30.0,0.0,0.0,2.4,-1.4605,-0.8406,1.6421,28000000000.0,23,6.163341392806387e-09,6.568895827285814e-08,5.952561688005176e-08,2.2439070335167344e-07,-66.48995140137379,-36.48995140137379,cir_coefficients_tau_mask,,"[1, 1, 1, 1, 23, 1]","[1, 1, 23]","[1, 1, 23]","[1, 1, 23]",,True,,22,5.8150951165458764e-08,-36.490076547469414,1,1.374665714592993e-09,0.0001251460956268602,1,0,0,0,0,0,0,0,1.8477231989667715,373,575,956,0.09286565055524258,0.13427702834558436,0.14220430311752097,575,0,0.02875
12,3084,rx_human_chest,/home/telilab4090/Documents/Gazebo World/my_world/rt_out/experiments/semantic_ablation_actor_200f/sionna_xml/frame_012_sionna.xml,30.0,0.0,0.0,2.4,-1.4605,-0.8406,1.6421,28000000000.0,23,6.163341392806387e-09,6.568895827285814e-08,5.952561688005176e-08,2.2439071756252815e-07,-66.48995112633139,-36.48995112633139,cir_coefficients_tau_mask,,"[1, 1, 1, 1, 23, 1]","[1, 1, 23]","[1, 1, 23]","[1, 1, 23]",,True,,23,5.952561688005176e-08,-36.48995140137379,0,0.0,2.750423959696491e-07,0,0,0,0,0,0,0,0,1.8477231989667715,396,592,792,0.037644989010867214,0.11770195447280848,0.1342330490432076,592,0,0.0296
13,3341,rx_human_chest,/home/telilab4090/Documents/Gazebo World/my_world/rt_out/experiments/semantic_ablation_actor_200f/sionna_xml/frame_013_sionna.xml,30.0,0.0,0.0,2.4,-1.4605,-0.8406,1.6421,28000000000.0,23,6.163341392806387e-09,6.568895827285814e-08,5.952561688005176e-08,2.2439070335167344e-07,-66.48995140137379,-36.48995140137379,cir_coefficients_tau_mask,,"[1, 1, 1, 1, 23, 1]","[1, 1, 23]","[1, 1, 23]","[1, 1, 23]",,True,,23,5.952561688005176e-08,-36.48995112633139,0,0.0,-2.750423959696491e-07,0,0,0,0,0,0,0,0,1.8477231989667715,393,580,757,0.06077081875763326,0.12322207008382033,0.13584525517504825,580,0,0.029
14,3598,rx_human_chest,/home/telilab4090/Documents/Gazebo World/my_world/rt_out/experiments/semantic_ablation_actor_200f/sionna_xml/frame_014_sionna.xml,30.0,0.0,0.0,2.4,-1.4605,-0.8406,1.6421,28000000000.0,25,6.163341392806387e-09,6.568895827285814e-08,5.952561688005176e-08,2.6307739631192817e-07,-65.7991646502229,-35.799164650222906,cir_coefficients_tau_mask,,"[1, 1, 1, 1, 25, 1]","[1, 1, 25]","[1, 1, 25]","[1, 1, 25]",,True,,23,5.952561688005176e-08,-36.48995140137379,2,0.0,0.6907867511508812,1,0,0,0,0,0,0,0,1.8477231989667715,366,573,759,0.06077081875763326,0.12135232295229567,0.1355307343423921,573,0,0.02865
15,3855,rx_human_chest,/home/telilab4090/Documents/Gazebo World/my_world/rt_out/experiments/semantic_ablation_actor_200f/sionna_xml/frame_015_sionna.xml,30.0,0.0,0.0,2.4,-1.4605,-0.8406,1.6421,28000000000.0,23,6.163341392806387e-09,6.568895827285814e-08,5.952561688005176e-08,2.2439071756252815e-07,-66.48995112633139,-36.48995112633139,cir_coefficients_tau_mask,,"[1, 1, 1, 1, 23, 1]","[1, 1, 23]","[1, 1, 23]","[1, 1, 23]",,True,,25,5.952561688005176e-08,-35.799164650222906,-2,0.0,-0.6907864761084852,1,1,1,0,0,0,0,0,1.8477231989667715,374,552,732,0.09381056602718019,0.13116099259306307,0.14078559949786343,552,0,0.0276
16,4112,rx_human_chest,/home/telilab4090/Documents/Gazebo World/my_world/rt_out/experiments/semantic_ablation_actor_200f/sionna_xml/frame_016_sionna.xml,30.0,0.0,0.0,2.4,-1.4605,-0.8406,1.6421,28000000000.0,23,6.163341392806387e-09,6.568895827285814e-08,5.952561688005176e-08,2.2439071756252815e-07,-66.48995112633139,-36.48995112633139,cir_coefficients_tau_mask,,"[1, 1, 1, 1, 23, 1]","[1, 1, 23]","[1, 1, 23]","[1, 1, 23]",,True,,23,5.952561688005176e-08,-36.48995112633139,0,0.0,0.0,0,0,0,0,0,0,0,0,1.8477231989667715,400,587,790,0.09429537985314584,0.1266283341824312,0.13764025375878974,587,0,0.02935
17,4369,rx_human_chest,/home/telilab4090/Documents/Gazebo World/my_world/rt_out/experiments/semantic_ablation_actor_200f/sionna_xml/frame_017_sionna.xml,30.0,0.0,0.0,2.4,-1.4605,-0.8406,1.6421,28000000000.0,23,6.163341392806387e-09,6.568895827285814e-08,5.952561688005176e-08,2.2439071756252815e-07,-66.48995112633139,-36.48995112633139,cir_coefficients_tau_mask,,"[1, 1, 1, 1, 23, 1]","[1, 1, 23]","[1, 1, 23]","[1, 1, 23]",,True,,23,5.952561688005176e-08,-36.48995112633139,0,0.0,0.0,0,0,0,0,0,0,0,0,1.8477231989667715,394,568,764,0.09286565055524258,0.1289479741611928,0.13844194478459892,568,0,0.0284
18,4626,rx_human_chest,/home/telilab4090/Documents/Gazebo World/my_world/rt_out/experiments/semantic_ablation_actor_200f/sionna_xml/frame_018_sionna.xml,30.0,0.0,0.0,2.4,-1.4605,-0.8406,1.6421,28000000000.0,23,6.163341392806387e-09,6.568895827285814e-08,5.952561688005176e-08,2.2439070335167344e-07,-66.48995140137379,-36.48995140137379,cir_coefficients_tau_mask,,"[1, 1, 1, 1, 23, 1]","[1, 1, 23]","[1, 1, 23]","[1, 1, 23]",,True,,23,5.952561688005176e-08,-36.48995112633139,0,0.0,-2.750423959696491e-07,0,0,0,0,0,0,0,0,1.8477231989667715,380,569,773,0.11291102024617714,0.13414106564799166,0.14127464983272403,569,0,0.02845
19,4883,rx_human_chest,/home/telilab4090/Documents/Gazebo World/my_world/rt_out/experiments/semantic_ablation_actor_200f/sionna_xml/frame_019_sionna.xml,30.0,0.0,0.0,2.4,-1.4605,-0.8406,1.6421,28000000000.0,23,6.163341392806387e-09,6.568895827285814e-08,5.952561688005176e-08,2.2439070335167344e-07,-66.48995140137379,-36.48995140137379,cir_coefficients_tau_mask,,"[1, 1, 1, 1, 23, 1]","[1, 1, 23]","[1, 1, 23]","[1, 1, 23]",,True,,23,5.952561688005176e-08,-36.48995140137379,0,0.0,0.0,0,0,0,0,0,0,0,0,1.8477231989667715,407,592,775,0.04536607728976283,0.12024269445545763,0.13436174528633682,592,0,0.0296
20,5140,rx_human_chest,/home/telilab4090/Documents/Gazebo World/my_world/rt_out/experiments/semantic_ablation_actor_200f/sionna_xml/frame_020_sionna.xml,30.0,0.0,0.0,2.4,-1.4605,-0.8406,1.6421,28000000000.0,23,6.163341392806387e-09,6.568895827285814e-08,5.952561688005176e-08,2.2439073177338287e-07,-66.48995085128901,-36.48995085128901,cir_coefficients_tau_mask,,"[1, 1, 1, 1, 23, 1]","[1, 1, 23]","[1, 1, 23]","[1, 1, 23]",,True,,23,5.952561688005176e-08,-36.48995140137379,0,0.0,5.500847777284434e-07,0,0,0,0,0,0,0,0,1.8477231989667715,384,572,783,0.07773562633730037,0.12969074185737417,0.1403670447258329,572,0,0.0286
21,5397,rx_human_chest,/home/telilab4090/Documents/Gazebo World/my_world/rt_out/experiments/semantic_ablation_actor_200f/sionna_xml/frame_021_sionna.xml,30.0,0.0,0.0,2.4,-1.4605,-0.8406,1.6421,28000000000.0,23,6.163341392806387e-09,6.568895827285814e-08,5.952561688005176e-08,2.2439070335167344e-07,-66.48995140137379,-36.48995140137379,cir_coefficients_tau_mask,,"[1, 1, 1, 1, 23, 1]","[1, 1, 23]","[1, 1, 23]","[1, 1, 23]",,True,,23,5.952561688005176e-08,-36.48995085128901,0,0.0,-5.500847777284434e-07,0,0,0,0,0,0,0,0,1.8477231989667715,418,606,864,0.08512983954568365,0.12289852085931227,0.13672165247547155,606,0,0.0303
22,5654,rx_human_chest,/home/telilab4090/Documents/Gazebo World/my_world/rt_out/experiments/semantic_ablation_actor_200f/sionna_xml/frame_022_sionna.xml,30.0,0.0,0.0,2.4,-1.4605,-0.8406,1.6421,28000000000.0,23,6.163341392806387e-09,6.568895827285814e-08,5.952561688005176e-08,2.2439071756252815e-07,-66.48995112633139,-36.48995112633139,cir_coefficients_tau_mask,,"[1, 1, 1, 1, 23, 1]","[1, 1, 23]","[1, 1, 23]","[1, 1, 23]",,True,,23,5.952561688005176e-08,-36.48995140137379,0,0.0,2.750423959696491e-07,0,0,0,0,0,0,0,0,1.8477231989667715,393,578,961,0.05842921654367848,0.11614756467876701,0.1331378311739712,578,0,0.0289
23,5911,rx_human_chest,/home/telilab4090/Documents/Gazebo World/my_world/rt_out/experiments/semantic_ablation_actor_200f/sionna_xml/frame_023_sionna.xml,30.0,0.0,0.0,2.4,-1.4605,-0.8406,1.6421,28000000000.0,23,6.163341392806387e-09,6.568895827285814e-08,5.952561688005176e-08,2.2439070335167344e-07,-66.48995140137379,-36.48995140137379,cir_coefficients_tau_mask,,"[1, 1, 1, 1, 23, 1]","[1, 1, 23]","[1, 1, 23]","[1, 1, 23]",,True,,23,5.952561688005176e-08,-36.48995112633139,0,0.0,-2.750423959696491e-07,0,0,0,0,0,0,0,0,1.8477231989667715,376,564,953,0.09743221408812877,0.12942443405571005,0.13949852401599136,564,0,0.0282
24,6168,rx_human_chest,/home/telilab4090/Documents/Gazebo World/my_world/rt_out/experiments/semantic_ablation_actor_200f/sionna_xml/frame_024_sionna.xml,30.0,0.0,0.0,2.4,-1.4605,-0.8406,1.6421,28000000000.0,23,6.163341392806387e-09,6.568895827285814e-08,5.952561688005176e-08,2.2439071756252815e-07,-66.48995112633139,-36.48995112633139,cir_coefficients_tau_mask,,"[1, 1, 1, 1, 23, 1]","[1, 1, 23]","[1, 1, 23]","[1, 1, 23]",,True,,23,5.952561688005176e-08,-36.48995140137379,0,0.0,2.750423959696491e-07,0,0,0,0,0,0,0,0,1.8477231989667715,389,577,924,0.06077081875763326,0.11606352468616202,0.1341507892045527,577,0,0.02885
25,6425,rx_human_chest,/home/telilab4090/Documents/Gazebo World/my_world/rt_out/experiments/semantic_ablation_actor_200f/sionna_xml/frame_025_sionna.xml,30.0,0.0,0.0,2.4,-1.4605,-0.8406,1.6421,28000000000.0,23,6.163341392806387e-09,6.568895827285814e-08,5.952561688005176e-08,2.2439070335167344e-07,-66.48995140137379,-36.48995140137379,cir_coefficients_tau_mask,,"[1, 1, 1, 1, 23, 1]","[1, 1, 23]","[1, 1, 23]","[1, 1, 23]",,True,,23,5.952561688005176e-08,-36.48995112633139,0,0.0,-2.750423959696491e-07,0,0,0,0,0,0,0,0,1.8477231989667715,380,546,754,0.10977758873736078,0.13505606782718435,0.14273694606975945,546,0,0.0273
26,6682,rx_human_chest,/home/telilab4090/Documents/Gazebo World/my_world/rt_out/experiments/semantic_ablation_actor_200f/sionna_xml/frame_026_sionna.xml,30.0,0.0,0.0,2.4,-1.4605,-0.8406,1.6421,28000000000.0,23,6.163341392806387e-09,6.568895827285814e-08,5.952561688005176e-08,2.2439071756252815e-07,-66.48995112633139,-36.48995112633139,cir_coefficients_tau_mask,,"[1, 1, 1, 1, 23, 1]","[1, 1, 23]","[1, 1, 23]","[1, 1, 23]",,True,,23,5.952561688005176e-08,-36.48995140137379,0,0.0,2.750423959696491e-07,0,0,0,0,0,0,0,0,1.8477231989667715,397,594,863,0.0880170378201094,0.1260686727275549,0.13768254902193036,594,0,0.0297
27,6939,rx_human_chest,/home/telilab4090/Documents/Gazebo World/my_world/rt_out/experiments/semantic_ablation_actor_200f/sionna_xml/frame_027_sionna.xml,30.0,0.0,0.0,2.4,-1.4605,-0.8406,1.6421,28000000000.0,23,6.163341392806387e-09,6.568895827285814e-08,5.952561688005176e-08,2.2439071756252815e-07,-66.48995112633139,-36.48995112633139,cir_coefficients_tau_mask,,"[1, 1, 1, 1, 23, 1]","[1, 1, 23]","[1, 1, 23]","[1, 1, 23]",,True,,23,5.952561688005176e-08,-36.48995112633139,0,0.0,0.0,0,0,0,0,0,0,0,0,1.8477231989667715,381,575,1073,0.056654676184891624,0.12754777327163191,0.13916887759400307,575,0,0.02875
28,7196,rx_human_chest,/home/telilab4090/Documents/Gazebo World/my_world/rt_out/experiments/semantic_ablation_actor_200f/sionna_xml/frame_028_sionna.xml,30.0,0.0,0.0,2.4,-1.4605,-0.8406,1.6421,28000000000.0,23,6.163341392806387e-09,6.568895827285814e-08,5.952561688005176e-08,2.2439073177338287e-07,-66.48995085128901,-36.48995085128901,cir_coefficients_tau_mask,,"[1, 1, 1, 1, 23, 1]","[1, 1, 23]","[1, 1, 23]","[1, 1, 23]",,True,,23,5.952561688005176e-08,-36.48995112633139,0,0.0,2.7504238175879436e-07,0,0,0,0,0,0,0,0,1.8477231989667715,367,566,1068,0.04536607728976283,0.11978547172861087,0.1348713310556323,566,0,0.0283
29,7453,rx_human_chest,/home/telilab4090/Documents/Gazebo World/my_world/rt_out/experiments/semantic_ablation_actor_200f/sionna_xml/frame_029_sionna.xml,30.0,0.0,0.0,2.4,-1.4605,-0.8406,1.6421,28000000000.0,23,6.163341392806387e-09,6.568895827285814e-08,5.952561688005176e-08,2.2439070335167344e-07,-66.48995140137379,-36.48995140137379,cir_coefficients_tau_mask,,"[1, 1, 1, 1, 23, 1]","[1, 1, 23]","[1, 1, 23]","[1, 1, 23]",,True,,23,5.952561688005176e-08,-36.48995085128901,0,0.0,-5.500847777284434e-07,0,0,0,0,0,0,0,0,1.8477231989667715,359,527,964,0.10525972346716272,0.13301593212224866,0.14150770921880831,527,0,0.02635
30,7710,rx_human_chest,/home/telilab4090/Documents/Gazebo World/my_world/rt_out/experiments/semantic_ablation_actor_200f/sionna_xml/frame_030_sionna.xml,30.0,0.0,0.0,2.4,-1.4605,-0.8406,1.6421,28000000000.0,23,6.163341392806387e-09,6.568895827285814e-08,5.952561688005176e-08,2.2439070335167344e-07,-66.48995140137379,-36.48995140137379,cir_coefficients_tau_mask,,"[1, 1, 1, 1, 23, 1]","[1, 1, 23]","[1, 1, 23]","[1, 1, 23]",,True,,23,5.952561688005176e-08,-36.48995140137379,0,0.0,0.0,0,0,0,0,0,0,0,0,1.8477231989667715,398,575,806,0.08512983954568365,0.12466411973017914,0.13684752748275217,575,0,0.02875
31,7967,rx_human_chest,/home/telilab4090/Documents/Gazebo World/my_world/rt_out/experiments/semantic_ablation_actor_200f/sionna_xml/frame_031_sionna.xml,30.0,0.0,0.0,2.4,-1.4605,-0.8406,1.6421,28000000000.0,23,6.163341392806387e-09,6.568895827285814e-08,5.952561688005176e-08,2.2439070335167344e-07,-66.48995140137379,-36.48995140137379,cir_coefficients_tau_mask,,"[1, 1, 1, 1, 23, 1]","[1, 1, 23]","[1, 1, 23]","[1, 1, 23]",,True,,23,5.952561688005176e-08,-36.48995140137379,0,0.0,0.0,0,0,0,0,0,0,0,0,1.8477231989667715,358,562,809,0.07861069263363829,0.127278490972649,0.1389663935930064,562,0,0.0281
32,8224,rx_human_chest,/home/telilab4090/Documents/Gazebo World/my_world/rt_out/experiments/semantic_ablation_actor_200f/sionna_xml/frame_032_sionna.xml,30.0,0.0,0.0,2.4,-1.4605,-0.8406,1.6421,28000000000.0,23,6.163341392806387e-09,6.568895827285814e-08,5.952561688005176e-08,2.2439070335167344e-07,-66.48995140137379,-36.48995140137379,cir_coefficients_tau_mask,,"[1, 1, 1, 1, 23, 1]","[1, 1, 23]","[1, 1, 23]","[1, 1, 23]",,True,,23,5.952561688005176e-08,-36.48995140137379,0,0.0,0.0,0,0,0,0,0,0,0,0,1.8477231989667715,398,597,909,0.11191475106752463,0.1331389943225934,0.14064319518584847,597,0,0.02985
33,8481,rx_human_chest,/home/telilab4090/Documents/Gazebo World/my_world/rt_out/experiments/semantic_ablation_actor_200f/sionna_xml/frame_033_sionna.xml,30.0,0.0,0.0,2.4,-1.4605,-0.8406,1.6421,28000000000.0,23,6.163341392806387e-09,6.568895827285814e-08,5.952561688005176e-08,2.2439070335167344e-07,-66.48995140137379,-36.48995140137379,cir_coefficients_tau_mask,,"[1, 1, 1, 1, 23, 1]","[1, 1, 23]","[1, 1, 23]","[1, 1, 23]",,True,,23,5.952561688005176e-08,-36.48995140137379,0,0.0,0.0,0,0,0,0,0,0,0,0,1.8477231989667715,379,575,891,0.05947992142592132,0.12025121136781362,0.1350113815781361,575,0,0.02875
34,8737,rx_human_chest,/home/telilab4090/Documents/Gazebo World/my_world/rt_out/experiments/semantic_ablation_actor_200f/sionna_xml/frame_034_sionna.xml,30.0,0.0,0.0,2.4,-1.4605,-0.8406,1.6421,28000000000.0,23,6.163341392806387e-09,6.568895827285814e-08,5.952561688005176e-08,2.2439070335167344e-07,-66.48995140137379,-36.48995140137379,cir_coefficients_tau_mask,,"[1, 1, 1, 1, 23, 1]","[1, 1, 23]","[1, 1, 23]","[1, 1, 23]",,True,,23,5.952561688005176e-08,-36.48995140137379,0,0.0,0.0,0,0,0,0,0,0,0,0,1.8477231989667715,363,542,774,0.05947992142592132,0.11636943867846886,0.13393329964403702,542,0,0.0271
35,8994,rx_human_chest,/home/telilab4090/Documents/Gazebo World/my_world/rt_out/experiments/semantic_ablation_actor_200f/sionna_xml/frame_035_sionna.xml,30.0,0.0,0.0,2.4,-1.4605,-0.8406,1.6421,28000000000.0,23,6.163341392806387e-09,6.568895827285814e-08,5.952561688005176e-08,2.2439070335167344e-07,-66.48995140137379,-36.48995140137379,cir_coefficients_tau_mask,,"[1, 1, 1, 1, 23, 1]","[1, 1, 23]","[1, 1, 23]","[1, 1, 23]",,True,,23,5.952561688005176e-08,-36.48995140137379,0,0.0,0.0,0,0,0,0,0,0,0,0,1.8477231989667715,375,539,732,0.05842921654367848,0.11641507197768963,0.13357829747151848,539,0,0.02695
36,9251,rx_human_chest,/home/telilab4090/Documents/Gazebo World/my_world/rt_out/experiments/semantic_ablation_actor_200f/sionna_xml/frame_036_sionna.xml,30.0,0.0,0.0,2.4,-1.4605,-0.8406,1.6421,28000000000.0,23,6.163341392806387e-09,6.568895827285814e-08,5.952561688005176e-08,2.2439073177338287e-07,-66.48995085128901,-36.48995085128901,cir_coefficients_tau_mask,,"[1, 1, 1, 1, 23, 1]","[1, 1, 23]","[1, 1, 23]","[1, 1, 23]",,True,,23,5.952561688005176e-08,-36.48995140137379,0,0.0,5.500847777284434e-07,0,0,0,0,0,0,0,0,1.8477231989667715,368,544,968,0.037644989010867214,0.11866387213190466,0.13421267510687937,544,0,0.0272
37,9508,rx_human_chest,/home/telilab4090/Documents/Gazebo World/my_world/rt_out/experiments/semantic_ablation_actor_200f/sionna_xml/frame_037_sionna.xml,30.0,0.0,0.0,2.4,-1.4605,-0.8406,1.6421,28000000000.0,23,6.163341392806387e-09,6.568895827285814e-08,5.952561688005176e-08,2.2439071756252815e-07,-66.48995112633139,-36.48995112633139,cir_coefficients_tau_mask,,"[1, 1, 1, 1, 23, 1]","[1, 1, 23]","[1, 1, 23]","[1, 1, 23]",,True,,23,5.952561688005176e-08,-36.48995085128901,0,0.0,-2.7504238175879436e-07,0,0,0,0,0,0,0,0,1.8477231989667715,368,571,946,0.05947992142592132,0.1295434760213716,0.13916403458637158,571,0,0.02855
38,9765,rx_human_chest,/home/telilab4090/Documents/Gazebo World/my_world/rt_out/experiments/semantic_ablation_actor_200f/sionna_xml/frame_038_sionna.xml,30.0,0.0,0.0,2.4,-1.4605,-0.8406,1.6421,28000000000.0,23,6.163341392806387e-09,6.568895827285814e-08,5.952561688005176e-08,2.2439070335167344e-07,-66.48995140137379,-36.48995140137379,cir_coefficients_tau_mask,,"[1, 1, 1, 1, 23, 1]","[1, 1, 23]","[1, 1, 23]","[1, 1, 23]",,True,,23,5.952561688005176e-08,-36.48995112633139,0,0.0,-2.750423959696491e-07,0,0,0,0,0,0,0,0,1.8477231989667715,368,561,946,0.07773562633730037,0.12194945538590425,0.13686367626650975,561,0,0.02805
39,10022,rx_human_chest,/home/telilab4090/Documents/Gazebo World/my_world/rt_out/experiments/semantic_ablation_actor_200f/sionna_xml/frame_039_sionna.xml,30.0,0.0,0.0,2.4,-1.4605,-0.8406,1.6421,28000000000.0,23,6.163341392806387e-09,6.568895827285814e-08,5.952561688005176e-08,2.2439071756252815e-07,-66.48995112633139,-36.48995112633139,cir_coefficients_tau_mask,,"[1, 1, 1, 1, 23, 1]","[1, 1, 23]","[1, 1, 23]","[1, 1, 23]",,True,,23,5.952561688005176e-08,-36.48995140137379,0,0.0,2.750423959696491e-07,0,0,0,0,0,0,0,0,1.8477231989667715,390,566,751,0.10525972346716272,0.12972583789724562,0.13947694459959117,566,0,0.0283
40,10279,rx_human_chest,/home/telilab4090/Documents/Gazebo World/my_world/rt_out/experiments/semantic_ablation_actor_200f/sionna_xml/frame_040_sionna.xml,30.0,0.0,0.0,2.4,-1.4605,-0.8406,1.6421,28000000000.0,23,6.163341392806387e-09,6.568895827285814e-08,5.952561688005176e-08,2.2439071756252815e-07,-66.48995112633139,-36.48995112633139,cir_coefficients_tau_mask,,"[1, 1, 1, 1, 23, 1]","[1, 1, 23]","[1, 1, 23]","[1, 1, 23]",,True,,23,5.952561688005176e-08,-36.48995112633139,0,0.0,0.0,0,0,0,0,0,0,0,0,1.8477231989667715,409,609,802,0.09135038017746193,0.12146651223158482,0.1354535821186736,609,0,0.03045
41,10536,rx_human_chest,/home/telilab4090/Documents/Gazebo World/my_world/rt_out/experiments/semantic_ablation_actor_200f/sionna_xml/frame_041_sionna.xml,30.0,0.0,0.0,2.4,-1.4605,-0.8406,1.6421,28000000000.0,23,6.163341392806387e-09,6.568895827285814e-08,5.952561688005176e-08,2.2439071756252815e-07,-66.48995112633139,-36.48995112633139,cir_coefficients_tau_mask,,"[1, 1, 1, 1, 23, 1]","[1, 1, 23]","[1, 1, 23]","[1, 1, 23]",,True,,23,5.952561688005176e-08,-36.48995112633139,0,0.0,0.0,0,0,0,0,0,0,0,0,1.8477231989667715,383,571,760,0.05947992142592132,0.11672239233762993,0.1322714633262042,571,0,0.02855
42,10793,rx_human_chest,/home/telilab4090/Documents/Gazebo World/my_world/rt_out/experiments/semantic_ablation_actor_200f/sionna_xml/frame_042_sionna.xml,30.0,0.0,0.0,2.4,-1.4605,-0.8406,1.6421,28000000000.0,23,6.163341392806387e-09,6.568895827285814e-08,5.952561688005176e-08,2.2439070335167344e-07,-66.48995140137379,-36.48995140137379,cir_coefficients_tau_mask,,"[1, 1, 1, 1, 23, 1]","[1, 1, 23]","[1, 1, 23]","[1, 1, 23]",,True,,23,5.952561688005176e-08,-36.48995112633139,0,0.0,-2.750423959696491e-07,0,0,0,0,0,0,0,0,1.8477231989667715,390,574,759,0.07773562633730037,0.11769464421565257,0.1340911158141832,574,0,0.0287
43,11050,rx_human_chest,/home/telilab4090/Documents/Gazebo World/my_world/rt_out/experiments/semantic_ablation_actor_200f/sionna_xml/frame_043_sionna.xml,30.0,0.0,0.0,2.4,-1.4605,-0.8406,1.6421,28000000000.0,23,6.163341392806387e-09,6.568895827285814e-08,5.952561688005176e-08,2.2439071756252815e-07,-66.48995112633139,-36.48995112633139,cir_coefficients_tau_mask,,"[1, 1, 1, 1, 23, 1]","[1, 1, 23]","[1, 1, 23]","[1, 1, 23]",,True,,23,5.952561688005176e-08,-36.48995140137379,0,0.0,2.750423959696491e-07,0,0,0,0,0,0,0,0,1.8477231989667715,352,544,728,0.09429537985314584,0.12483185752168166,0.1367974107517926,544,0,0.0272
44,11307,rx_human_chest,/home/telilab4090/Documents/Gazebo World/my_world/rt_out/experiments/semantic_ablation_actor_200f/sionna_xml/frame_044_sionna.xml,30.0,0.0,0.0,2.4,-1.4605,-0.8406,1.6421,28000000000.0,23,6.163341392806387e-09,6.568895827285814e-08,5.952561688005176e-08,2.2439073177338287e-07,-66.48995085128901,-36.48995085128901,cir_coefficients_tau_mask,,"[1, 1, 1, 1, 23, 1]","[1, 1, 23]","[1, 1, 23]","[1, 1, 23]",,True,,23,5.952561688005176e-08,-36.48995112633139,0,0.0,2.7504238175879436e-07,0,0,0,0,0,0,0,0,1.8477231989667715,399,554,785,0.09135038017746193,0.1267980993370022,0.13738483073027086,554,0,0.0277
45,11564,rx_human_chest,/home/telilab4090/Documents/Gazebo World/my_world/rt_out/experiments/semantic_ablation_actor_200f/sionna_xml/frame_045_sionna.xml,30.0,0.0,0.0,2.4,-1.4605,-0.8406,1.6421,28000000000.0,23,6.163341392806387e-09,6.568895827285814e-08,5.952561688005176e-08,2.2439070335167344e-07,-66.48995140137379,-36.48995140137379,cir_coefficients_tau_mask,,"[1, 1, 1, 1, 23, 1]","[1, 1, 23]","[1, 1, 23]","[1, 1, 23]",,True,,23,5.952561688005176e-08,-36.48995085128901,0,0.0,-5.500847777284434e-07,0,0,0,0,0,0,0,0,1.8477231989667715,386,584,753,0.06077081875763326,0.12220657070045535,0.13539661225411603,584,0,0.0292
46,11821,rx_human_chest,/home/telilab4090/Documents/Gazebo World/my_world/rt_out/experiments/semantic_ablation_actor_200f/sionna_xml/frame_046_sionna.xml,30.0,0.0,0.0,2.4,-1.4605,-0.8406,1.6421,28000000000.0,23,6.163341392806387e-09,6.568895827285814e-08,5.952561688005176e-08,2.2439071756252815e-07,-66.48995112633139,-36.48995112633139,cir_coefficients_tau_mask,,"[1, 1, 1, 1, 23, 1]","[1, 1, 23]","[1, 1, 23]","[1, 1, 23]",,True,,23,5.952561688005176e-08,-36.48995140137379,0,0.0,2.750423959696491e-07,0,0,0,0,0,0,0,0,1.8477231989667715,392,578,768,0.09135038017746193,0.12235491642319814,0.13524344030841567,578,0,0.0289
47,12078,rx_human_chest,/home/telilab4090/Documents/Gazebo World/my_world/rt_out/experiments/semantic_ablation_actor_200f/sionna_xml/frame_047_sionna.xml,30.0,0.0,0.0,2.4,-1.4605,-0.8406,1.6421,28000000000.0,23,6.163341392806387e-09,6.568895827285814e-08,5.952561688005176e-08,2.2439071756252815e-07,-66.48995112633139,-36.48995112633139,cir_coefficients_tau_mask,,"[1, 1, 1, 1, 23, 1]","[1, 1, 23]","[1, 1, 23]","[1, 1, 23]",,True,,23,5.952561688005176e-08,-36.48995112633139,0,0.0,0.0,0,0,0,0,0,0,0,0,1.8477231989667715,394,599,761,0.04536607728976283,0.11297772522783074,0.13189327873390622,599,0,0.02995
48,12335,rx_human_chest,/home/telilab4090/Documents/Gazebo World/my_world/rt_out/experiments/semantic_ablation_actor_200f/sionna_xml/frame_048_sionna.xml,30.0,0.0,0.0,2.4,-1.4605,-0.8406,1.6421,28000000000.0,23,6.163341392806387e-09,6.568895827285814e-08,5.952561688005176e-08,2.2439071756252815e-07,-66.48995112633139,-36.48995112633139,cir_coefficients_tau_mask,,"[1, 1, 1, 1, 23, 1]","[1, 1, 23]","[1, 1, 23]","[1, 1, 23]",,True,,23,5.952561688005176e-08,-36.48995112633139,0,0.0,0.0,0,0,0,0,0,0,0,0,1.8477231989667715,387,573,772,0.10313807342956217,0.12074166654824477,0.13380888604026497,573,0,0.02865
49,12592,rx_human_chest,/home/telilab4090/Documents/Gazebo World/my_world/rt_out/experiments/semantic_ablation_actor_200f/sionna_xml/frame_049_sionna.xml,30.0,0.0,0.0,2.4,-1.4605,-0.8406,1.6421,28000000000.0,23,6.163341392806387e-09,6.568895827285814e-08,5.952561688005176e-08,2.2439071756252815e-07,-66.48995112633139,-36.48995112633139,cir_coefficients_tau_mask,,"[1, 1, 1, 1, 23, 1]","[1, 1, 23]","[1, 1, 23]","[1, 1, 23]",,True,,23,5.952561688005176e-08,-36.48995112633139,0,0.0,0.0,0,0,0,0,0,0,0,0,1.8477231989667715,380,581,793,0.06077081875763326,0.12740893042813797,0.13864162269739266,581,0,0.02905
50,12849,rx_human_chest,/home/telilab4090/Documents/Gazebo World/my_world/rt_out/experiments/semantic_ablation_actor_200f/sionna_xml/frame_050_sionna.xml,30.0,0.0,0.0,2.4,-1.4605,-0.8406,1.6421,28000000000.0,23,6.163341392806387e-09,6.568895827285814e-08,5.952561688005176e-08,2.2439071756252815e-07,-66.48995112633139,-36.48995112633139,cir_coefficients_tau_mask,,"[1, 1, 1, 1, 23, 1]","[1, 1, 23]","[1, 1, 23]","[1, 1, 23]",,True,,23,5.952561688005176e-08,-36.48995112633139,0,0.0,0.0,0,0,0,0,0,0,0,0,1.8477231989667715,383,583,784,0.051803618550886846,0.1149942815892779,0.13323162409239164,583,0,0.02915
51,13106,rx_human_chest,/home/telilab4090/Documents/Gazebo World/my_world/rt_out/experiments/semantic_ablation_actor_200f/sionna_xml/frame_051_sionna.xml,30.0,0.0,0.0,2.4,-1.4605,-0.8406,1.6421,28000000000.0,23,6.163341392806387e-09,6.568895827285814e-08,5.952561688005176e-08,2.2439071756252815e-07,-66.48995112633139,-36.48995112633139,cir_coefficients_tau_mask,,"[1, 1, 1, 1, 23, 1]","[1, 1, 23]","[1, 1, 23]","[1, 1, 23]",,True,,23,5.952561688005176e-08,-36.48995112633139,0,0.0,0.0,0,0,0,0,0,0,0,0,1.8477231989667715,410,607,796,0.051803618550886846,0.11884822281181354,0.1336551078712847,607,0,0.03035
52,13363,rx_human_chest,/home/telilab4090/Documents/Gazebo World/my_world/rt_out/experiments/semantic_ablation_actor_200f/sionna_xml/frame_052_sionna.xml,30.0,0.0,0.0,2.4,-1.4605,-0.8406,1.6421,28000000000.0,23,6.163341392806387e-09,6.568895827285814e-08,5.952561688005176e-08,2.2439070335167344e-07,-66.48995140137379,-36.48995140137379,cir_coefficients_tau_mask,,"[1, 1, 1, 1, 23, 1]","[1, 1, 23]","[1, 1, 23]","[1, 1, 23]",,True,,23,5.952561688005176e-08,-36.48995112633139,0,0.0,-2.750423959696491e-07,0,0,0,0,0,0,0,0,1.8477231989667715,373,582,754,0.05947992142592132,0.12652903136927213,0.13831363961828294,582,0,0.0291
53,13620,rx_human_chest,/home/telilab4090/Documents/Gazebo World/my_world/rt_out/experiments/semantic_ablation_actor_200f/sionna_xml/frame_053_sionna.xml,30.0,0.0,0.0,2.4,-1.4605,-0.8406,1.6421,28000000000.0,23,6.163341392806387e-09,6.568895827285814e-08,5.952561688005176e-08,2.2439070335167344e-07,-66.48995140137379,-36.48995140137379,cir_coefficients_tau_mask,,"[1, 1, 1, 1, 23, 1]","[1, 1, 23]","[1, 1, 23]","[1, 1, 23]",,True,,23,5.952561688005176e-08,-36.48995140137379,0,0.0,0.0,0,0,0,0,0,0,0,0,1.8477231989667715,366,543,727,0.037644989010867214,0.12018995932507766,0.13445690595319454,543,0,0.02715
54,13877,rx_human_chest,/home/telilab4090/Documents/Gazebo World/my_world/rt_out/experiments/semantic_ablation_actor_200f/sionna_xml/frame_054_sionna.xml,30.0,0.0,0.0,2.4,-1.4605,-0.8406,1.6421,28000000000.0,23,6.163341392806387e-09,6.568895827285814e-08,5.952561688005176e-08,2.2439073177338287e-07,-66.48995085128901,-36.48995085128901,cir_coefficients_tau_mask,,"[1, 1, 1, 1, 23, 1]","[1, 1, 23]","[1, 1, 23]","[1, 1, 23]",,True,,23,5.952561688005176e-08,-36.48995140137379,0,0.0,5.500847777284434e-07,0,0,0,0,0,0,0,0,1.8477231989667715,399,591,780,0.09286565055524258,0.1241476049761659,0.13672527982964214,591,0,0.02955
55,14134,rx_human_chest,/home/telilab4090/Documents/Gazebo World/my_world/rt_out/experiments/semantic_ablation_actor_200f/sionna_xml/frame_055_sionna.xml,30.0,0.0,0.0,2.4,-1.4605,-0.8406,1.6421,28000000000.0,23,6.163341392806387e-09,6.568895827285814e-08,5.952561688005176e-08,2.2439071756252815e-07,-66.48995112633139,-36.48995112633139,cir_coefficients_tau_mask,,"[1, 1, 1, 1, 23, 1]","[1, 1, 23]","[1, 1, 23]","[1, 1, 23]",,True,,23,5.952561688005176e-08,-36.48995085128901,0,0.0,-2.7504238175879436e-07,0,0,0,0,0,0,0,0,1.8477231989667715,385,563,775,0.10003618232755215,0.12446026884836617,0.13722921089149395,563,0,0.02815
56,14391,rx_human_chest,/home/telilab4090/Documents/Gazebo World/my_world/rt_out/experiments/semantic_ablation_actor_200f/sionna_xml/frame_056_sionna.xml,30.0,0.0,0.0,2.4,-1.4605,-0.8406,1.6421,28000000000.0,23,6.163341392806387e-09,6.568895827285814e-08,5.952561688005176e-08,2.2439070335167344e-07,-66.48995140137379,-36.48995140137379,cir_coefficients_tau_mask,,"[1, 1, 1, 1, 23, 1]","[1, 1, 23]","[1, 1, 23]","[1, 1, 23]",,True,,23,5.952561688005176e-08,-36.48995112633139,0,0.0,-2.750423959696491e-07,0,0,0,0,0,0,0,0,1.8477231989667715,398,587,790,0.06843297245110508,0.11925835486048461,0.1342592015186642,587,0,0.02935
57,14648,rx_human_chest,/home/telilab4090/Documents/Gazebo World/my_world/rt_out/experiments/semantic_ablation_actor_200f/sionna_xml/frame_057_sionna.xml,30.0,0.0,0.0,2.4,-1.4605,-0.8406,1.6421,28000000000.0,23,6.163341392806387e-09,6.568895827285814e-08,5.952561688005176e-08,2.2439071756252815e-07,-66.48995112633139,-36.48995112633139,cir_coefficients_tau_mask,,"[1, 1, 1, 1, 23, 1]","[1, 1, 23]","[1, 1, 23]","[1, 1, 23]",,True,,23,5.952561688005176e-08,-36.48995140137379,0,0.0,2.750423959696491e-07,0,0,0,0,0,0,0,0,1.8477231989667715,376,566,733,0.11338192701360512,0.13597915749051437,0.14335151754346445,566,0,0.0283
58,14905,rx_human_chest,/home/telilab4090/Documents/Gazebo World/my_world/rt_out/experiments/semantic_ablation_actor_200f/sionna_xml/frame_058_sionna.xml,30.0,0.0,0.0,2.4,-1.4605,-0.8406,1.6421,28000000000.0,23,6.163341392806387e-09,6.568895827285814e-08,5.952561688005176e-08,2.2439070335167344e-07,-66.48995140137379,-36.48995140137379,cir_coefficients_tau_mask,,"[1, 1, 1, 1, 23, 1]","[1, 1, 23]","[1, 1, 23]","[1, 1, 23]",,True,,23,5.952561688005176e-08,-36.48995112633139,0,0.0,-2.750423959696491e-07,0,0,0,0,0,0,0,0,1.8477231989667715,383,547,738,0.11681119218355805,0.1352097502591298,0.14224186201703426,547,0,0.02735
59,15162,rx_human_chest,/home/telilab4090/Documents/Gazebo World/my_world/rt_out/experiments/semantic_ablation_actor_200f/sionna_xml/frame_059_sionna.xml,30.0,0.0,0.0,2.4,-1.4605,-0.8406,1.6421,28000000000.0,23,6.163341392806387e-09,6.568895827285814e-08,5.952561688005176e-08,2.2439071756252815e-07,-66.48995112633139,-36.48995112633139,cir_coefficients_tau_mask,,"[1, 1, 1, 1, 23, 1]","[1, 1, 23]","[1, 1, 23]","[1, 1, 23]",,True,,23,5.952561688005176e-08,-36.48995140137379,0,0.0,2.750423959696491e-07,0,0,0,0,0,0,0,0,1.8477231989667715,386,609,804,0.09034356707775365,0.1271484147439488,0.1386694528305984,609,0,0.03045
60,15419,rx_human_chest,/home/telilab4090/Documents/Gazebo World/my_world/rt_out/experiments/semantic_ablation_actor_200f/sionna_xml/frame_060_sionna.xml,30.0,0.0,0.0,2.4,-1.4605,-0.8406,1.6421,28000000000.0,23,6.163341392806387e-09,6.568895827285814e-08,5.952561688005176e-08,2.2439070335167344e-07,-66.48995140137379,-36.48995140137379,cir_coefficients_tau_mask,,"[1, 1, 1, 1, 23, 1]","[1, 1, 23]","[1, 1, 23]","[1, 1, 23]",,True,,23,5.952561688005176e-08,-36.48995112633139,0,0.0,-2.750423959696491e-07,0,0,0,0,0,0,0,0,1.8477231989667715,333,515,700,0.07071896293669933,0.12740235507324335,0.13805386617257645,515,0,0.02575
61,15676,rx_human_chest,/home/telilab4090/Documents/Gazebo World/my_world/rt_out/experiments/semantic_ablation_actor_200f/sionna_xml/frame_061_sionna.xml,30.0,0.0,0.0,2.4,-1.4605,-0.8406,1.6421,28000000000.0,23,6.163341392806387e-09,6.568895827285814e-08,5.952561688005176e-08,2.2439071756252815e-07,-66.48995112633139,-36.48995112633139,cir_coefficients_tau_mask,,"[1, 1, 1, 1, 23, 1]","[1, 1, 23]","[1, 1, 23]","[1, 1, 23]",,True,,23,5.952561688005176e-08,-36.48995140137379,0,0.0,2.750423959696491e-07,0,0,0,0,0,0,0,0,1.8477231989667715,354,534,723,0.056654676184891624,0.11686463497757445,0.132251727036809,534,0,0.0267
62,15933,rx_human_chest,/home/telilab4090/Documents/Gazebo World/my_world/rt_out/experiments/semantic_ablation_actor_200f/sionna_xml/frame_062_sionna.xml,30.0,0.0,0.0,2.4,-1.4605,-0.8406,1.6421,28000000000.0,23,6.163341392806387e-09,6.568895827285814e-08,5.952561688005176e-08,2.2439071756252815e-07,-66.48995112633139,-36.48995112633139,cir_coefficients_tau_mask,,"[1, 1, 1, 1, 23, 1]","[1, 1, 23]","[1, 1, 23]","[1, 1, 23]",,True,,23,5.952561688005176e-08,-36.48995112633139,0,0.0,0.0,0,0,0,0,0,0,0,0,1.8477231989667715,373,560,770,0.11163535392334983,0.13168142018842235,0.1414374557248228,560,0,0.028
63,16190,rx_human_chest,/home/telilab4090/Documents/Gazebo World/my_world/rt_out/experiments/semantic_ablation_actor_200f/sionna_xml/frame_063_sionna.xml,30.0,0.0,0.0,2.4,-1.4605,-0.8406,1.6421,28000000000.0,23,6.163341392806387e-09,6.568895827285814e-08,5.952561688005176e-08,2.2439071756252815e-07,-66.48995112633139,-36.48995112633139,cir_coefficients_tau_mask,,"[1, 1, 1, 1, 23, 1]","[1, 1, 23]","[1, 1, 23]","[1, 1, 23]",,True,,23,5.952561688005176e-08,-36.48995112633139,0,0.0,0.0,0,0,0,0,0,0,0,0,1.8477231989667715,379,559,747,0.04536607728976283,0.12112918548289964,0.13605696221847693,559,0,0.02795
64,16447,rx_human_chest,/home/telilab4090/Documents/Gazebo World/my_world/rt_out/experiments/semantic_ablation_actor_200f/sionna_xml/frame_064_sionna.xml,30.0,0.0,0.0,2.4,-1.4605,-0.8406,1.6421,28000000000.0,23,6.163341392806387e-09,6.568895827285814e-08,5.952561688005176e-08,2.2439071756252815e-07,-66.48995112633139,-36.48995112633139,cir_coefficients_tau_mask,,"[1, 1, 1, 1, 23, 1]","[1, 1, 23]","[1, 1, 23]","[1, 1, 23]",,True,,23,5.952561688005176e-08,-36.48995112633139,0,0.0,0.0,0,0,0,0,0,0,0,0,1.8477231989667715,370,553,740,0.08315257380784316,0.12905093944170976,0.1391903584011658,553,0,0.02765
65,16704,rx_human_chest,/home/telilab4090/Documents/Gazebo World/my_world/rt_out/experiments/semantic_ablation_actor_200f/sionna_xml/frame_065_sionna.xml,30.0,0.0,0.0,2.4,-1.4605,-0.8406,1.6421,28000000000.0,23,6.163341392806387e-09,6.568895827285814e-08,5.952561688005176e-08,2.2439071756252815e-07,-66.48995112633139,-36.48995112633139,cir_coefficients_tau_mask,,"[1, 1, 1, 1, 23, 1]","[1, 1, 23]","[1, 1, 23]","[1, 1, 23]",,True,,23,5.952561688005176e-08,-36.48995112633139,0,0.0,0.0,0,0,0,0,0,0,0,0,1.8477231989667715,376,568,759,0.037644989010867214,0.12499553668830368,0.13751962300374318,568,0,0.0284
66,16961,rx_human_chest,/home/telilab4090/Documents/Gazebo World/my_world/rt_out/experiments/semantic_ablation_actor_200f/sionna_xml/frame_066_sionna.xml,30.0,0.0,0.0,2.4,-1.4605,-0.8406,1.6421,28000000000.0,21,6.163341392806387e-09,6.431429255826515e-08,5.8150951165458764e-08,2.240194589830935e-07,-66.49714255942916,-36.497142559429165,cir_coefficients_tau_mask,,"[1, 1, 1, 1, 21, 1]","[1, 1, 21]","[1, 1, 21]","[1, 1, 21]",,True,,23,5.952561688005176e-08,-36.48995112633139,-2,-1.374665714592993e-09,-0.00719143309777337,1,1,0,0,0,0,0,0,1.8477231989667715,377,560,1097,0.04536607728976283,0.12269870484557521,0.1361131777233862,560,0,0.028
67,17218,rx_human_chest,/home/telilab4090/Documents/Gazebo World/my_world/rt_out/experiments/semantic_ablation_actor_200f/sionna_xml/frame_067_sionna.xml,30.0,0.0,0.0,2.4,-1.4605,-0.8406,1.6421,28000000000.0,21,6.163341392806387e-09,6.431429255826515e-08,5.8150951165458764e-08,2.2401947319394822e-07,-66.49714228393097,-36.49714228393097,cir_coefficients_tau_mask,,"[1, 1, 1, 1, 21, 1]","[1, 1, 21]","[1, 1, 21]","[1, 1, 21]",,True,,21,5.8150951165458764e-08,-36.497142559429165,0,0.0,2.7549819492378447e-07,0,0,0,0,0,0,0,0,1.8477231989667715,338,507,1049,0.06507442702667007,0.12392585033711656,0.13826863746616605,507,0,0.02535
68,17475,rx_human_chest,/home/telilab4090/Documents/Gazebo World/my_world/rt_out/experiments/semantic_ablation_actor_200f/sionna_xml/frame_068_sionna.xml,30.0,0.0,0.0,2.4,-1.4605,-0.8406,1.6421,28000000000.0,21,6.163341392806387e-09,6.431429255826515e-08,5.8150951165458764e-08,2.240194589830935e-07,-66.49714255942916,-36.497142559429165,cir_coefficients_tau_mask,,"[1, 1, 1, 1, 21, 1]","[1, 1, 21]","[1, 1, 21]","[1, 1, 21]",,True,,21,5.8150951165458764e-08,-36.49714228393097,0,0.0,-2.7549819492378447e-07,0,0,0,0,0,0,0,0,1.8477231989667715,408,605,1144,0.0880170378201094,0.11304631133499274,0.12996462819940294,605,0,0.03025
69,17732,rx_human_chest,/home/telilab4090/Documents/Gazebo World/my_world/rt_out/experiments/semantic_ablation_actor_200f/sionna_xml/frame_069_sionna.xml,30.0,0.0,0.0,2.4,-1.4605,-0.8406,1.6421,28000000000.0,21,6.163341392806387e-09,6.431429255826515e-08,5.8150951165458764e-08,2.240194589830935e-07,-66.49714255942916,-36.497142559429165,cir_coefficients_tau_mask,,"[1, 1, 1, 1, 21, 1]","[1, 1, 21]","[1, 1, 21]","[1, 1, 21]",,True,,21,5.8150951165458764e-08,-36.497142559429165,0,0.0,0.0,0,0,0,0,0,0,0,0,1.8477231989667715,346,504,1093,0.09381056602718019,0.12660621399348398,0.13829805715956567,504,0,0.0252
70,17989,rx_human_chest,/home/telilab4090/Documents/Gazebo World/my_world/rt_out/experiments/semantic_ablation_actor_200f/sionna_xml/frame_070_sionna.xml,30.0,0.0,0.0,2.4,-1.4605,-0.8406,1.6421,28000000000.0,21,6.163341392806387e-09,6.431429255826515e-08,5.8150951165458764e-08,2.2401944477223878e-07,-66.49714283492739,-36.49714283492739,cir_coefficients_tau_mask,,"[1, 1, 1, 1, 21, 1]","[1, 1, 21]","[1, 1, 21]","[1, 1, 21]",,True,,21,5.8150951165458764e-08,-36.497142559429165,0,0.0,-2.754982233454939e-07,0,0,0,0,0,0,0,0,1.8477231989667715,353,539,1163,0.07773562633730037,0.12828316779155166,0.13948786715837483,539,0,0.02695
71,18246,rx_human_chest,/home/telilab4090/Documents/Gazebo World/my_world/rt_out/experiments/semantic_ablation_actor_200f/sionna_xml/frame_071_sionna.xml,30.0,0.0,0.0,2.4,-1.4605,-0.8406,1.6421,28000000000.0,21,6.163341392806387e-09,6.431429255826515e-08,5.8150951165458764e-08,2.2401947319394822e-07,-66.49714228393097,-36.49714228393097,cir_coefficients_tau_mask,,"[1, 1, 1, 1, 21, 1]","[1, 1, 21]","[1, 1, 21]","[1, 1, 21]",,True,,21,5.8150951165458764e-08,-36.49714283492739,0,0.0,5.509964182692784e-07,0,0,0,0,0,0,0,0,1.8477231989667715,404,601,1180,0.07861069263363829,0.12147820731135188,0.1351819863436874,601,0,0.03005
72,18503,rx_human_chest,/home/telilab4090/Documents/Gazebo World/my_world/rt_out/experiments/semantic_ablation_actor_200f/sionna_xml/frame_072_sionna.xml,30.0,0.0,0.0,2.4,-1.4605,-0.8406,1.6421,28000000000.0,21,6.163341392806387e-09,6.431429255826515e-08,5.8150951165458764e-08,2.2401947319394822e-07,-66.49714228393097,-36.49714228393097,cir_coefficients_tau_mask,,"[1, 1, 1, 1, 21, 1]","[1, 1, 21]","[1, 1, 21]","[1, 1, 21]",,True,,21,5.8150951165458764e-08,-36.49714228393097,0,0.0,0.0,0,0,0,0,0,0,0,0,1.8477231989667715,351,549,1151,0.049967880839817305,0.11755319196114744,0.1342632154519277,549,0,0.02745
73,18760,rx_human_chest,/home/telilab4090/Documents/Gazebo World/my_world/rt_out/experiments/semantic_ablation_actor_200f/sionna_xml/frame_073_sionna.xml,30.0,0.0,0.0,2.4,-1.4605,-0.8406,1.6421,28000000000.0,21,6.163341392806387e-09,6.431429255826515e-08,5.8150951165458764e-08,2.2401947319394822e-07,-66.49714228393097,-36.49714228393097,cir_coefficients_tau_mask,,"[1, 1, 1, 1, 21, 1]","[1, 1, 21]","[1, 1, 21]","[1, 1, 21]",,True,,21,5.8150951165458764e-08,-36.49714228393097,0,0.0,0.0,0,0,0,0,0,0,0,0,1.8477231989667715,410,594,1186,0.037644989010867214,0.11537902754457482,0.13151043539489546,594,0,0.0297
74,19017,rx_human_chest,/home/telilab4090/Documents/Gazebo World/my_world/rt_out/experiments/semantic_ablation_actor_200f/sionna_xml/frame_074_sionna.xml,30.0,0.0,0.0,2.4,-1.4605,-0.8406,1.6421,28000000000.0,21,6.163341392806387e-09,6.431429255826515e-08,5.8150951165458764e-08,2.240194589830935e-07,-66.49714255942916,-36.497142559429165,cir_coefficients_tau_mask,,"[1, 1, 1, 1, 21, 1]","[1, 1, 21]","[1, 1, 21]","[1, 1, 21]",,True,,21,5.8150951165458764e-08,-36.49714228393097,0,0.0,-2.7549819492378447e-07,0,0,0,0,0,0,0,0,1.8477231989667715,375,579,1183,0.049967880839817305,0.12481851090614948,0.13659437376281447,579,0,0.02895
75,19274,rx_human_chest,/home/telilab4090/Documents/Gazebo World/my_world/rt_out/experiments/semantic_ablation_actor_200f/sionna_xml/frame_075_sionna.xml,30.0,0.0,0.0,2.4,-1.4605,-0.8406,1.6421,28000000000.0,21,6.163341392806387e-09,6.431429255826515e-08,5.8150951165458764e-08,2.240194589830935e-07,-66.49714255942916,-36.497142559429165,cir_coefficients_tau_mask,,"[1, 1, 1, 1, 21, 1]","[1, 1, 21]","[1, 1, 21]","[1, 1, 21]",,True,,21,5.8150951165458764e-08,-36.497142559429165,0,0.0,0.0,0,0,0,0,0,0,0,0,1.8477231989667715,381,558,1107,0.09135038017746193,0.12092268851871621,0.13607028867316345,558,0,0.0279
76,19531,rx_human_chest,/home/telilab4090/Documents/Gazebo World/my_world/rt_out/experiments/semantic_ablation_actor_200f/sionna_xml/frame_076_sionna.xml,30.0,0.0,0.0,2.4,-1.4605,-0.8406,1.6421,28000000000.0,23,6.163341392806387e-09,6.568895827285814e-08,5.952561688005176e-08,2.2439070335167344e-07,-66.48995140137379,-36.48995140137379,cir_coefficients_tau_mask,,"[1, 1, 1, 1, 23, 1]","[1, 1, 23]","[1, 1, 23]","[1, 1, 23]",,True,,21,5.8150951165458764e-08,-36.497142559429165,2,1.374665714592993e-09,0.0071911580553774,1,0,0,0,0,0,0,0,1.8477231989667715,361,540,1161,0.051803618550886846,0.11427690425081738,0.13354176021592246,540,0,0.027
77,19788,rx_human_chest,/home/telilab4090/Documents/Gazebo World/my_world/rt_out/experiments/semantic_ablation_actor_200f/sionna_xml/frame_077_sionna.xml,30.0,0.0,0.0,2.4,-1.4605,-0.8406,1.6421,28000000000.0,23,6.163341392806387e-09,6.568895827285814e-08,5.952561688005176e-08,2.2439071756252815e-07,-66.48995112633139,-36.48995112633139,cir_coefficients_tau_mask,,"[1, 1, 1, 1, 23, 1]","[1, 1, 23]","[1, 1, 23]","[1, 1, 23]",,True,,23,5.952561688005176e-08,-36.48995140137379,0,0.0,2.750423959696491e-07,0,0,0,0,0,0,0,0,1.8477231989667715,393,569,1170,0.06843297245110508,0.11715850141194846,0.1343245734791374,569,0,0.02845
78,20045,rx_human_chest,/home/telilab4090/Documents/Gazebo World/my_world/rt_out/experiments/semantic_ablation_actor_200f/sionna_xml/frame_078_sionna.xml,30.0,0.0,0.0,2.4,-1.4605,-0.8406,1.6421,28000000000.0,23,6.163341392806387e-09,6.568895827285814e-08,5.952561688005176e-08,2.2439071756252815e-07,-66.48995112633139,-36.48995112633139,cir_coefficients_tau_mask,,"[1, 1, 1, 1, 23, 1]","[1, 1, 23]","[1, 1, 23]","[1, 1, 23]",,True,,23,5.952561688005176e-08,-36.48995112633139,0,0.0,0.0,0,0,0,0,0,0,0,0,1.8477231989667715,403,598,1143,0.056654676184891624,0.11161588381746002,0.1300838793588824,598,0,0.0299
79,20302,rx_human_chest,/home/telilab4090/Documents/Gazebo World/my_world/rt_out/experiments/semantic_ablation_actor_200f/sionna_xml/frame_079_sionna.xml,30.0,0.0,0.0,2.4,-1.4605,-0.8406,1.6421,28000000000.0,23,6.163341392806387e-09,6.568895827285814e-08,5.952561688005176e-08,2.2439071756252815e-07,-66.48995112633139,-36.48995112633139,cir_coefficients_tau_mask,,"[1, 1, 1, 1, 23, 1]","[1, 1, 23]","[1, 1, 23]","[1, 1, 23]",,True,,23,5.952561688005176e-08,-36.48995112633139,0,0.0,0.0,0,0,0,0,0,0,0,0,1.8477231989667715,401,562,1120,0.06077081875763326,0.12073950269831128,0.13639961401763187,562,0,0.0281
80,20559,rx_human_chest,/home/telilab4090/Documents/Gazebo World/my_world/rt_out/experiments/semantic_ablation_actor_200f/sionna_xml/frame_080_sionna.xml,30.0,0.0,0.0,2.4,-1.4605,-0.8406,1.6421,28000000000.0,23,6.163341392806387e-09,6.568895827285814e-08,5.952561688005176e-08,2.2439071756252815e-07,-66.48995112633139,-36.48995112633139,cir_coefficients_tau_mask,,"[1, 1, 1, 1, 23, 1]","[1, 1, 23]","[1, 1, 23]","[1, 1, 23]",,True,,23,5.952561688005176e-08,-36.48995112633139,0,0.0,0.0,0,0,0,0,0,0,0,0,1.8477231989667715,411,598,1171,0.10819212387485487,0.1325223117708009,0.14077371841161673,598,0,0.0299
81,20816,rx_human_chest,/home/telilab4090/Documents/Gazebo World/my_world/rt_out/experiments/semantic_ablation_actor_200f/sionna_xml/frame_081_sionna.xml,30.0,0.0,0.0,2.4,-1.4605,-0.8406,1.6421,28000000000.0,23,6.163341392806387e-09,6.568895827285814e-08,5.952561688005176e-08,2.2439071756252815e-07,-66.48995112633139,-36.48995112633139,cir_coefficients_tau_mask,,"[1, 1, 1, 1, 23, 1]","[1, 1, 23]","[1, 1, 23]","[1, 1, 23]",,True,,23,5.952561688005176e-08,-36.48995112633139,0,0.0,0.0,0,0,0,0,0,0,0,0,1.8477231989667715,404,570,775,0.07212943155810647,0.12142537895609659,0.13625820257117208,570,0,0.0285
82,21073,rx_human_chest,/home/telilab4090/Documents/Gazebo World/my_world/rt_out/experiments/semantic_ablation_actor_200f/sionna_xml/frame_082_sionna.xml,30.0,0.0,0.0,2.4,-1.4605,-0.8406,1.6421,28000000000.0,23,6.163341392806387e-09,6.568895827285814e-08,5.952561688005176e-08,2.2439070335167344e-07,-66.48995140137379,-36.48995140137379,cir_coefficients_tau_mask,,"[1, 1, 1, 1, 23, 1]","[1, 1, 23]","[1, 1, 23]","[1, 1, 23]",,True,,23,5.952561688005176e-08,-36.48995112633139,0,0.0,-2.750423959696491e-07,0,0,0,0,0,0,0,0,1.8477231989667715,373,578,778,0.07212943155810647,0.13219390234754713,0.14049462410019373,578,0,0.0289
83,21330,rx_human_chest,/home/telilab4090/Documents/Gazebo World/my_world/rt_out/experiments/semantic_ablation_actor_200f/sionna_xml/frame_083_sionna.xml,30.0,0.0,0.0,2.4,-1.4605,-0.8406,1.6421,28000000000.0,23,6.163341392806387e-09,6.568895827285814e-08,5.952561688005176e-08,2.2439071756252815e-07,-66.48995112633139,-36.48995112633139,cir_coefficients_tau_mask,,"[1, 1, 1, 1, 23, 1]","[1, 1, 23]","[1, 1, 23]","[1, 1, 23]",,True,,23,5.952561688005176e-08,-36.48995140137379,0,0.0,2.750423959696491e-07,0,0,0,0,0,0,0,0,1.8477231989667715,401,579,758,0.09987111379493957,0.12270414642535823,0.1348130432934105,579,0,0.02895
84,21587,rx_human_chest,/home/telilab4090/Documents/Gazebo World/my_world/rt_out/experiments/semantic_ablation_actor_200f/sionna_xml/frame_084_sionna.xml,30.0,0.0,0.0,2.4,-1.4605,-0.8406,1.6421,28000000000.0,23,6.163341392806387e-09,6.568895827285814e-08,5.952561688005176e-08,2.2439071756252815e-07,-66.48995112633139,-36.48995112633139,cir_coefficients_tau_mask,,"[1, 1, 1, 1, 23, 1]","[1, 1, 23]","[1, 1, 23]","[1, 1, 23]",,True,,23,5.952561688005176e-08,-36.48995112633139,0,0.0,0.0,0,0,0,0,0,0,0,0,1.8477231989667715,406,598,772,0.09034356707775365,0.12018928269847143,0.13463852523337244,598,0,0.0299
85,21844,rx_human_chest,/home/telilab4090/Documents/Gazebo World/my_world/rt_out/experiments/semantic_ablation_actor_200f/sionna_xml/frame_085_sionna.xml,30.0,0.0,0.0,2.4,-1.4605,-0.8406,1.6421,28000000000.0,23,6.163341392806387e-09,6.568895827285814e-08,5.952561688005176e-08,2.2439071756252815e-07,-66.48995112633139,-36.48995112633139,cir_coefficients_tau_mask,,"[1, 1, 1, 1, 23, 1]","[1, 1, 23]","[1, 1, 23]","[1, 1, 23]",,True,,23,5.952561688005176e-08,-36.48995112633139,0,0.0,0.0,0,0,0,0,0,0,0,0,1.8477231989667715,367,549,726,0.10003618232755215,0.12207749390007641,0.13519143001652906,549,0,0.02745
86,22101,rx_human_chest,/home/telilab4090/Documents/Gazebo World/my_world/rt_out/experiments/semantic_ablation_actor_200f/sionna_xml/frame_086_sionna.xml,30.0,0.0,0.0,2.4,-1.4605,-0.8406,1.6421,28000000000.0,23,6.163341392806387e-09,6.568895827285814e-08,5.952561688005176e-08,2.2439073177338287e-07,-66.48995085128901,-36.48995085128901,cir_coefficients_tau_mask,,"[1, 1, 1, 1, 23, 1]","[1, 1, 23]","[1, 1, 23]","[1, 1, 23]",,True,,23,5.952561688005176e-08,-36.48995112633139,0,0.0,2.7504238175879436e-07,0,0,0,0,0,0,0,0,1.8477231989667715,370,551,757,0.09580740267530152,0.12889641034761296,0.13949903616535256,551,0,0.02755
87,22358,rx_human_chest,/home/telilab4090/Documents/Gazebo World/my_world/rt_out/experiments/semantic_ablation_actor_200f/sionna_xml/frame_087_sionna.xml,30.0,0.0,0.0,2.4,-1.4605,-0.8406,1.6421,28000000000.0,23,6.163341392806387e-09,6.568895827285814e-08,5.952561688005176e-08,2.2439070335167344e-07,-66.48995140137379,-36.48995140137379,cir_coefficients_tau_mask,,"[1, 1, 1, 1, 23, 1]","[1, 1, 23]","[1, 1, 23]","[1, 1, 23]",,True,,23,5.952561688005176e-08,-36.48995085128901,0,0.0,-5.500847777284434e-07,0,0,0,0,0,0,0,0,1.8477231989667715,354,535,722,0.049967880839817305,0.11731133376598624,0.13441032573862807,535,0,0.02675
88,22615,rx_human_chest,/home/telilab4090/Documents/Gazebo World/my_world/rt_out/experiments/semantic_ablation_actor_200f/sionna_xml/frame_088_sionna.xml,30.0,0.0,0.0,2.4,-1.4605,-0.8406,1.6421,28000000000.0,23,6.163341392806387e-09,6.568895827285814e-08,5.952561688005176e-08,2.2439071756252815e-07,-66.48995112633139,-36.48995112633139,cir_coefficients_tau_mask,,"[1, 1, 1, 1, 23, 1]","[1, 1, 23]","[1, 1, 23]","[1, 1, 23]",,True,,23,5.952561688005176e-08,-36.48995140137379,0,0.0,2.750423959696491e-07,0,0,0,0,0,0,0,0,1.8477231989667715,397,588,767,0.09034356707775365,0.12007469627174408,0.13515982378664496,588,0,0.0294
89,22872,rx_human_chest,/home/telilab4090/Documents/Gazebo World/my_world/rt_out/experiments/semantic_ablation_actor_200f/sionna_xml/frame_089_sionna.xml,30.0,0.0,0.0,2.4,-1.4605,-0.8406,1.6421,28000000000.0,23,6.163341392806387e-09,6.568895827285814e-08,5.952561688005176e-08,2.2439071756252815e-07,-66.48995112633139,-36.48995112633139,cir_coefficients_tau_mask,,"[1, 1, 1, 1, 23, 1]","[1, 1, 23]","[1, 1, 23]","[1, 1, 23]",,True,,23,5.952561688005176e-08,-36.48995112633139,0,0.0,0.0,0,0,0,0,0,0,0,0,1.8477231989667715,388,612,816,0.049967880839817305,0.125227214547959,0.13765942885980745,612,0,0.0306
90,23129,rx_human_chest,/home/telilab4090/Documents/Gazebo World/my_world/rt_out/experiments/semantic_ablation_actor_200f/sionna_xml/frame_090_sionna.xml,30.0,0.0,0.0,2.4,-1.4605,-0.8406,1.6421,28000000000.0,23,6.163341392806387e-09,6.568895827285814e-08,5.952561688005176e-08,2.2439071756252815e-07,-66.48995112633139,-36.48995112633139,cir_coefficients_tau_mask,,"[1, 1, 1, 1, 23, 1]","[1, 1, 23]","[1, 1, 23]","[1, 1, 23]",,True,,23,5.952561688005176e-08,-36.48995112633139,0,0.0,0.0,0,0,0,0,0,0,0,0,1.8477231989667715,356,537,732,0.06507442702667007,0.12164765296349515,0.13466751354795264,537,0,0.02685
91,23386,rx_human_chest,/home/telilab4090/Documents/Gazebo World/my_world/rt_out/experiments/semantic_ablation_actor_200f/sionna_xml/frame_091_sionna.xml,30.0,0.0,0.0,2.4,-1.4605,-0.8406,1.6421,28000000000.0,23,6.163341392806387e-09,6.568895827285814e-08,5.952561688005176e-08,2.2439070335167344e-07,-66.48995140137379,-36.48995140137379,cir_coefficients_tau_mask,,"[1, 1, 1, 1, 23, 1]","[1, 1, 23]","[1, 1, 23]","[1, 1, 23]",,True,,23,5.952561688005176e-08,-36.48995112633139,0,0.0,-2.750423959696491e-07,0,0,0,0,0,0,0,0,1.8477231989667715,414,577,764,0.10887716401753912,0.13201252753562356,0.1409559678115326,577,0,0.02885
92,23643,rx_human_chest,/home/telilab4090/Documents/Gazebo World/my_world/rt_out/experiments/semantic_ablation_actor_200f/sionna_xml/frame_092_sionna.xml,30.0,0.0,0.0,2.4,-1.4605,-0.8406,1.6421,28000000000.0,23,6.163341392806387e-09,6.568895827285814e-08,5.952561688005176e-08,2.2439071756252815e-07,-66.48995112633139,-36.48995112633139,cir_coefficients_tau_mask,,"[1, 1, 1, 1, 23, 1]","[1, 1, 23]","[1, 1, 23]","[1, 1, 23]",,True,,23,5.952561688005176e-08,-36.48995140137379,0,0.0,2.750423959696491e-07,0,0,0,0,0,0,0,0,1.8477231989667715,360,555,724,0.06507442702667007,0.12980681888955264,0.1406408365733189,555,0,0.02775
93,23900,rx_human_chest,/home/telilab4090/Documents/Gazebo World/my_world/rt_out/experiments/semantic_ablation_actor_200f/sionna_xml/frame_093_sionna.xml,30.0,0.0,0.0,2.4,-1.4605,-0.8406,1.6421,28000000000.0,23,6.163341392806387e-09,6.568895827285814e-08,5.952561688005176e-08,2.2439070335167344e-07,-66.48995140137379,-36.48995140137379,cir_coefficients_tau_mask,,"[1, 1, 1, 1, 23, 1]","[1, 1, 23]","[1, 1, 23]","[1, 1, 23]",,True,,23,5.952561688005176e-08,-36.48995112633139,0,0.0,-2.750423959696491e-07,0,0,0,0,0,0,0,0,1.8477231989667715,380,576,770,0.049967880839817305,0.12579233639845158,0.1373323604185328,576,0,0.0288
94,24157,rx_human_chest,/home/telilab4090/Documents/Gazebo World/my_world/rt_out/experiments/semantic_ablation_actor_200f/sionna_xml/frame_094_sionna.xml,30.0,0.0,0.0,2.4,-1.4605,-0.8406,1.6421,28000000000.0,23,6.163341392806387e-09,6.568895827285814e-08,5.952561688005176e-08,2.2439071756252815e-07,-66.48995112633139,-36.48995112633139,cir_coefficients_tau_mask,,"[1, 1, 1, 1, 23, 1]","[1, 1, 23]","[1, 1, 23]","[1, 1, 23]",,True,,23,5.952561688005176e-08,-36.48995140137379,0,0.0,2.750423959696491e-07,0,0,0,0,0,0,0,0,1.8477231989667715,375,571,785,0.09580740267530152,0.12872992137912784,0.13902703874884298,571,0,0.02855
95,24414,rx_human_chest,/home/telilab4090/Documents/Gazebo World/my_world/rt_out/experiments/semantic_ablation_actor_200f/sionna_xml/frame_095_sionna.xml,30.0,0.0,0.0,2.4,-1.4605,-0.8406,1.6421,28000000000.0,23,6.163341392806387e-09,6.568895827285814e-08,5.952561688005176e-08,2.2439070335167344e-07,-66.48995140137379,-36.48995140137379,cir_coefficients_tau_mask,,"[1, 1, 1, 1, 23, 1]","[1, 1, 23]","[1, 1, 23]","[1, 1, 23]",,True,,23,5.952561688005176e-08,-36.48995112633139,0,0.0,-2.750423959696491e-07,0,0,0,0,0,0,0,0,1.8477231989667715,401,591,790,0.07773562633730037,0.12172886172062122,0.1352029955161015,591,0,0.02955
96,24671,rx_human_chest,/home/telilab4090/Documents/Gazebo World/my_world/rt_out/experiments/semantic_ablation_actor_200f/sionna_xml/frame_096_sionna.xml,30.0,0.0,0.0,2.4,-1.4605,-0.8406,1.6421,28000000000.0,23,6.163341392806387e-09,6.568895827285814e-08,5.952561688005176e-08,2.2439071756252815e-07,-66.48995112633139,-36.48995112633139,cir_coefficients_tau_mask,,"[1, 1, 1, 1, 23, 1]","[1, 1, 23]","[1, 1, 23]","[1, 1, 23]",,True,,23,5.952561688005176e-08,-36.48995140137379,0,0.0,2.750423959696491e-07,0,0,0,0,0,0,0,0,1.8477231989667715,369,530,734,0.07861069263363829,0.12383068149823587,0.13741834448655144,530,0,0.0265
97,24928,rx_human_chest,/home/telilab4090/Documents/Gazebo World/my_world/rt_out/experiments/semantic_ablation_actor_200f/sionna_xml/frame_097_sionna.xml,30.0,0.0,0.0,2.4,-1.4605,-0.8406,1.6421,28000000000.0,23,6.163341392806387e-09,6.568895827285814e-08,5.952561688005176e-08,2.2439070335167344e-07,-66.48995140137379,-36.48995140137379,cir_coefficients_tau_mask,,"[1, 1, 1, 1, 23, 1]","[1, 1, 23]","[1, 1, 23]","[1, 1, 23]",,True,,23,5.952561688005176e-08,-36.48995112633139,0,0.0,-2.750423959696491e-07,0,0,0,0,0,0,0,0,1.8477231989667715,335,546,737,0.08145129228711827,0.12979913647014468,0.1393584332765153,546,0,0.0273
98,25185,rx_human_chest,/home/telilab4090/Documents/Gazebo World/my_world/rt_out/experiments/semantic_ablation_actor_200f/sionna_xml/frame_098_sionna.xml,30.0,0.0,0.0,2.4,-1.4605,-0.8406,1.6421,28000000000.0,23,6.163341392806387e-09,6.568895827285814e-08,5.952561688005176e-08,2.2439071756252815e-07,-66.48995112633139,-36.48995112633139,cir_coefficients_tau_mask,,"[1, 1, 1, 1, 23, 1]","[1, 1, 23]","[1, 1, 23]","[1, 1, 23]",,True,,23,5.952561688005176e-08,-36.48995140137379,0,0.0,2.750423959696491e-07,0,0,0,0,0,0,0,0,1.8477231989667715,338,541,733,0.07071896293669933,0.12246171322002657,0.1361347828226288,541,0,0.02705
99,25442,rx_human_chest,/home/telilab4090/Documents/Gazebo World/my_world/rt_out/experiments/semantic_ablation_actor_200f/sionna_xml/frame_099_sionna.xml,30.0,0.0,0.0,2.4,-1.4605,-0.8406,1.6421,28000000000.0,23,6.163341392806387e-09,6.568895827285814e-08,5.952561688005176e-08,2.2439071756252815e-07,-66.48995112633139,-36.48995112633139,cir_coefficients_tau_mask,,"[1, 1, 1, 1, 23, 1]","[1, 1, 23]","[1, 1, 23]","[1, 1, 23]",,True,,23,5.952561688005176e-08,-36.48995112633139,0,0.0,0.0,0,0,0,0,0,0,0,0,1.8477231989667715,396,581,789,0.037644989010867214,0.11896818179507992,0.13451153679573877,581,0,0.02905
100,25698,rx_human_chest,/home/telilab4090/Documents/Gazebo World/my_world/rt_out/experiments/semantic_ablation_actor_200f/sionna_xml/frame_100_sionna.xml,30.0,0.0,0.0,2.4,-1.4605,-0.8406,1.6421,28000000000.0,23,6.163341392806387e-09,6.568895827285814e-08,5.952561688005176e-08,2.2439070335167344e-07,-66.48995140137379,-36.48995140137379,cir_coefficients_tau_mask,,"[1, 1, 1, 1, 23, 1]","[1, 1, 23]","[1, 1, 23]","[1, 1, 23]",,True,,23,5.952561688005176e-08,-36.48995112633139,0,0.0,-2.750423959696491e-07,0,0,0,0,0,0,0,0,1.8477231989667715,373,578,771,0.11337282819165723,0.12967829887009047,0.13877917942997178,578,0,0.0289
101,25955,rx_human_chest,/home/telilab4090/Documents/Gazebo World/my_world/rt_out/experiments/semantic_ablation_actor_200f/sionna_xml/frame_101_sionna.xml,30.0,0.0,0.0,2.4,-1.4605,-0.8406,1.6421,28000000000.0,23,6.163341392806387e-09,6.568895827285814e-08,5.952561688005176e-08,2.2439070335167344e-07,-66.48995140137379,-36.48995140137379,cir_coefficients_tau_mask,,"[1, 1, 1, 1, 23, 1]","[1, 1, 23]","[1, 1, 23]","[1, 1, 23]",,True,,23,5.952561688005176e-08,-36.48995140137379,0,0.0,0.0,0,0,0,0,0,0,0,0,1.8477231989667715,411,597,770,0.04536607728976283,0.12130467954416166,0.1351530507159609,597,0,0.02985
102,26212,rx_human_chest,/home/telilab4090/Documents/Gazebo World/my_world/rt_out/experiments/semantic_ablation_actor_200f/sionna_xml/frame_102_sionna.xml,30.0,0.0,0.0,2.4,-1.4605,-0.8406,1.6421,28000000000.0,24,6.163341392806387e-09,6.568895827285814e-08,5.952561688005176e-08,2.2439125757500733e-07,-66.48994067473338,-36.489940674733376,cir_coefficients_tau_mask,,"[1, 1, 1, 1, 24, 1]","[1, 1, 24]","[1, 1, 24]","[1, 1, 24]",,True,,23,5.952561688005176e-08,-36.48995140137379,1,0.0,1.072664041146254e-05,1,0,0,0,0,0,0,0,1.8477231989667715,359,541,725,0.07071896293669933,0.12299874621725888,0.1365902540165966,541,0,0.02705
103,26469,rx_human_chest,/home/telilab4090/Documents/Gazebo World/my_world/rt_out/experiments/semantic_ablation_actor_200f/sionna_xml/frame_103_sionna.xml,30.0,0.0,0.0,2.4,-1.4605,-0.8406,1.6421,28000000000.0,23,6.163341392806387e-09,6.568895827285814e-08,5.952561688005176e-08,2.2439070335167344e-07,-66.48995140137379,-36.48995140137379,cir_coefficients_tau_mask,,"[1, 1, 1, 1, 23, 1]","[1, 1, 23]","[1, 1, 23]","[1, 1, 23]",,True,,24,5.952561688005176e-08,-36.489940674733376,-1,0.0,-1.072664041146254e-05,1,1,0,0,0,0,0,0,1.8477231989667715,366,545,735,0.11684248808788676,0.13315162087264892,0.14099040673368946,545,0,0.02725
104,26726,rx_human_chest,/home/telilab4090/Documents/Gazebo World/my_world/rt_out/experiments/semantic_ablation_actor_200f/sionna_xml/frame_104_sionna.xml,30.0,0.0,0.0,2.4,-1.4605,-0.8406,1.6421,28000000000.0,23,6.163341392806387e-09,6.568895827285814e-08,5.952561688005176e-08,2.2439070335167344e-07,-66.48995140137379,-36.48995140137379,cir_coefficients_tau_mask,,"[1, 1, 1, 1, 23, 1]","[1, 1, 23]","[1, 1, 23]","[1, 1, 23]",,True,,23,5.952561688005176e-08,-36.48995140137379,0,0.0,0.0,0,0,0,0,0,0,0,0,1.8477231989667715,385,584,766,0.08008116524961148,0.12316750139201607,0.13675956373932963,584,0,0.0292
105,26983,rx_human_chest,/home/telilab4090/Documents/Gazebo World/my_world/rt_out/experiments/semantic_ablation_actor_200f/sionna_xml/frame_105_sionna.xml,30.0,0.0,0.0,2.4,-1.4605,-0.8406,1.6421,28000000000.0,23,6.163341392806387e-09,6.568895827285814e-08,5.952561688005176e-08,2.2439071756252815e-07,-66.48995112633139,-36.48995112633139,cir_coefficients_tau_mask,,"[1, 1, 1, 1, 23, 1]","[1, 1, 23]","[1, 1, 23]","[1, 1, 23]",,True,,23,5.952561688005176e-08,-36.48995140137379,0,0.0,2.750423959696491e-07,0,0,0,0,0,0,0,0,1.8477231989667715,374,571,765,0.10156278575773414,0.12795955008645407,0.1384925878426416,571,0,0.02855
106,27240,rx_human_chest,/home/telilab4090/Documents/Gazebo World/my_world/rt_out/experiments/semantic_ablation_actor_200f/sionna_xml/frame_106_sionna.xml,30.0,0.0,0.0,2.4,-1.4605,-0.8406,1.6421,28000000000.0,23,6.163341392806387e-09,6.568895827285814e-08,5.952561688005176e-08,2.2439071756252815e-07,-66.48995112633139,-36.48995112633139,cir_coefficients_tau_mask,,"[1, 1, 1, 1, 23, 1]","[1, 1, 23]","[1, 1, 23]","[1, 1, 23]",,True,,23,5.952561688005176e-08,-36.48995112633139,0,0.0,0.0,0,0,0,0,0,0,0,0,1.8477231989667715,404,601,791,0.06507442702667007,0.12035127795075984,0.13513516321500993,601,0,0.03005
107,27497,rx_human_chest,/home/telilab4090/Documents/Gazebo World/my_world/rt_out/experiments/semantic_ablation_actor_200f/sionna_xml/frame_107_sionna.xml,30.0,0.0,0.0,2.4,-1.4605,-0.8406,1.6421,28000000000.0,23,6.163341392806387e-09,6.568895827285814e-08,5.952561688005176e-08,2.2439071756252815e-07,-66.48995112633139,-36.48995112633139,cir_coefficients_tau_mask,,"[1, 1, 1, 1, 23, 1]","[1, 1, 23]","[1, 1, 23]","[1, 1, 23]",,True,,23,5.952561688005176e-08,-36.48995112633139,0,0.0,0.0,0,0,0,0,0,0,0,0,1.8477231989667715,383,552,743,0.051803618550886846,0.12664511918107255,0.13936898398129238,552,0,0.0276
108,27754,rx_human_chest,/home/telilab4090/Documents/Gazebo World/my_world/rt_out/experiments/semantic_ablation_actor_200f/sionna_xml/frame_108_sionna.xml,30.0,0.0,0.0,2.4,-1.4605,-0.8406,1.6421,28000000000.0,23,6.163341392806387e-09,6.568895827285814e-08,5.952561688005176e-08,2.2439070335167344e-07,-66.48995140137379,-36.48995140137379,cir_coefficients_tau_mask,,"[1, 1, 1, 1, 23, 1]","[1, 1, 23]","[1, 1, 23]","[1, 1, 23]",,True,,23,5.952561688005176e-08,-36.48995112633139,0,0.0,-2.750423959696491e-07,0,0,0,0,0,0,0,0,1.8477231989667715,380,538,1032,0.09381056602718019,0.12802209331572686,0.13912678936345008,538,0,0.0269
109,28011,rx_human_chest,/home/telilab4090/Documents/Gazebo World/my_world/rt_out/experiments/semantic_ablation_actor_200f/sionna_xml/frame_109_sionna.xml,30.0,0.0,0.0,2.4,-1.4605,-0.8406,1.6421,28000000000.0,21,6.163341392806387e-09,6.431429255826515e-08,5.8150951165458764e-08,2.2401947319394822e-07,-66.49714228393097,-36.49714228393097,cir_coefficients_tau_mask,,"[1, 1, 1, 1, 21, 1]","[1, 1, 21]","[1, 1, 21]","[1, 1, 21]",,True,,23,5.952561688005176e-08,-36.48995140137379,-2,-1.374665714592993e-09,-0.007190882557182476,1,1,0,0,0,0,0,0,1.8477231989667715,350,536,1223,0.0880170378201094,0.12734803328336375,0.13913022193164706,536,0,0.0268
110,28268,rx_human_chest,/home/telilab4090/Documents/Gazebo World/my_world/rt_out/experiments/semantic_ablation_actor_200f/sionna_xml/frame_110_sionna.xml,30.0,0.0,0.0,2.4,-1.4605,-0.8406,1.6421,28000000000.0,21,6.163341392806387e-09,6.431429255826515e-08,5.8150951165458764e-08,2.2401947319394822e-07,-66.49714228393097,-36.49714228393097,cir_coefficients_tau_mask,,"[1, 1, 1, 1, 21, 1]","[1, 1, 21]","[1, 1, 21]","[1, 1, 21]",,True,,21,5.8150951165458764e-08,-36.49714228393097,0,0.0,0.0,0,0,0,0,0,0,0,0,1.8477231989667715,364,527,1134,0.06507442702667007,0.12440658218957493,0.13674891976792772,527,0,0.02635
111,28525,rx_human_chest,/home/telilab4090/Documents/Gazebo World/my_world/rt_out/experiments/semantic_ablation_actor_200f/sionna_xml/frame_111_sionna.xml,30.0,0.0,0.0,2.4,-1.4605,-0.8406,1.6421,28000000000.0,21,6.163341392806387e-09,6.431429255826515e-08,5.8150951165458764e-08,2.240194589830935e-07,-66.49714255942916,-36.497142559429165,cir_coefficients_tau_mask,,"[1, 1, 1, 1, 21, 1]","[1, 1, 21]","[1, 1, 21]","[1, 1, 21]",,True,,21,5.8150951165458764e-08,-36.49714228393097,0,0.0,-2.7549819492378447e-07,0,0,0,0,0,0,0,0,1.8477231989667715,388,577,1179,0.10525972346716272,0.12606039829792587,0.13722983576052258,577,0,0.02885
112,28782,rx_human_chest,/home/telilab4090/Documents/Gazebo World/my_world/rt_out/experiments/semantic_ablation_actor_200f/sionna_xml/frame_112_sionna.xml,30.0,0.0,0.0,2.4,-1.4605,-0.8406,1.6421,28000000000.0,21,6.163341392806387e-09,6.431429255826515e-08,5.8150951165458764e-08,2.2401947319394822e-07,-66.49714228393097,-36.49714228393097,cir_coefficients_tau_mask,,"[1, 1, 1, 1, 21, 1]","[1, 1, 21]","[1, 1, 21]","[1, 1, 21]",,True,,21,5.8150951165458764e-08,-36.497142559429165,0,0.0,2.7549819492378447e-07,0,0,0,0,0,0,0,0,1.8477231989667715,375,545,1105,0.09898266850569061,0.12934692504517403,0.13886149327108546,545,0,0.02725
113,29039,rx_human_chest,/home/telilab4090/Documents/Gazebo World/my_world/rt_out/experiments/semantic_ablation_actor_200f/sionna_xml/frame_113_sionna.xml,30.0,0.0,0.0,2.4,-1.4605,-0.8406,1.6421,28000000000.0,21,6.163341392806387e-09,6.431429255826515e-08,5.8150951165458764e-08,2.240194589830935e-07,-66.49714255942916,-36.497142559429165,cir_coefficients_tau_mask,,"[1, 1, 1, 1, 21, 1]","[1, 1, 21]","[1, 1, 21]","[1, 1, 21]",,True,,21,5.8150951165458764e-08,-36.49714228393097,0,0.0,-2.7549819492378447e-07,0,0,0,0,0,0,0,0,1.8477231989667715,393,559,1119,0.11110776361178848,0.13345438820783243,0.14209349606579544,559,0,0.02795
114,29296,rx_human_chest,/home/telilab4090/Documents/Gazebo World/my_world/rt_out/experiments/semantic_ablation_actor_200f/sionna_xml/frame_114_sionna.xml,30.0,0.0,0.0,2.4,-1.4605,-0.8406,1.6421,28000000000.0,21,6.163341392806387e-09,6.431429255826515e-08,5.8150951165458764e-08,2.2401947319394822e-07,-66.49714228393097,-36.49714228393097,cir_coefficients_tau_mask,,"[1, 1, 1, 1, 21, 1]","[1, 1, 21]","[1, 1, 21]","[1, 1, 21]",,True,,21,5.8150951165458764e-08,-36.497142559429165,0,0.0,2.7549819492378447e-07,0,0,0,0,0,0,0,0,1.8477231989667715,358,562,1094,0.09135038017746193,0.12759795241285923,0.13957255469682178,562,0,0.0281
115,29553,rx_human_chest,/home/telilab4090/Documents/Gazebo World/my_world/rt_out/experiments/semantic_ablation_actor_200f/sionna_xml/frame_115_sionna.xml,30.0,0.0,0.0,2.4,-1.4605,-0.8406,1.6421,28000000000.0,21,6.163341392806387e-09,6.431429255826515e-08,5.8150951165458764e-08,2.240194589830935e-07,-66.49714255942916,-36.497142559429165,cir_coefficients_tau_mask,,"[1, 1, 1, 1, 21, 1]","[1, 1, 21]","[1, 1, 21]","[1, 1, 21]",,True,,21,5.8150951165458764e-08,-36.49714228393097,0,0.0,-2.7549819492378447e-07,0,0,0,0,0,0,0,0,1.8477231989667715,401,627,1208,0.087746724088856,0.11989134598480548,0.13493526559835994,627,0,0.03135
116,29810,rx_human_chest,/home/telilab4090/Documents/Gazebo World/my_world/rt_out/experiments/semantic_ablation_actor_200f/sionna_xml/frame_116_sionna.xml,30.0,0.0,0.0,2.4,-1.4605,-0.8406,1.6421,28000000000.0,22,6.163341392806387e-09,6.431429255826515e-08,5.8150951165458764e-08,2.2438425162363274e-07,-66.4900762724191,-36.4900762724191,cir_coefficients_tau_mask,,"[1, 1, 1, 1, 22, 1]","[1, 1, 22]","[1, 1, 22]","[1, 1, 22]",,True,,21,5.8150951165458764e-08,-36.497142559429165,1,0.0,0.007066287010061956,1,0,0,0,0,0,0,0,1.8477231989667715,365,535,1071,0.11110776361178848,0.1295900550436594,0.13986335609985223,535,0,0.02675
117,30067,rx_human_chest,/home/telilab4090/Documents/Gazebo World/my_world/rt_out/experiments/semantic_ablation_actor_200f/sionna_xml/frame_117_sionna.xml,30.0,0.0,0.0,2.4,-1.4605,-0.8406,1.6421,28000000000.0,22,6.163341392806387e-09,6.431429255826515e-08,5.8150951165458764e-08,2.2438423741277802e-07,-66.49007654746941,-36.490076547469414,cir_coefficients_tau_mask,,"[1, 1, 1, 1, 22, 1]","[1, 1, 22]","[1, 1, 22]","[1, 1, 22]",,True,,22,5.8150951165458764e-08,-36.4900762724191,0,0.0,-2.7505031141572545e-07,0,0,0,0,0,0,0,0,1.8477231989667715,385,565,1117,0.049967880839817305,0.11538127247889629,0.13226598938700693,565,0,0.02825
118,30324,rx_human_chest,/home/telilab4090/Documents/Gazebo World/my_world/rt_out/experiments/semantic_ablation_actor_200f/sionna_xml/frame_118_sionna.xml,30.0,0.0,0.0,2.4,-1.4605,-0.8406,1.6421,28000000000.0,22,6.163341392806387e-09,6.568895827285814e-08,5.952561688005176e-08,2.2402592492198892e-07,-66.49701720955687,-36.49701720955687,cir_coefficients_tau_mask,,"[1, 1, 1, 1, 22, 1]","[1, 1, 22]","[1, 1, 22]","[1, 1, 22]",,True,,22,5.8150951165458764e-08,-36.490076547469414,0,1.374665714592993e-09,-0.006940662087458804,0,0,0,0,0,0,0,0,1.8477231989667715,364,546,1837,0.11408351563592606,0.1337184947894344,0.14024490570719508,546,0,0.0273
119,30581,rx_human_chest,/home/telilab4090/Documents/Gazebo World/my_world/rt_out/experiments/semantic_ablation_actor_200f/sionna_xml/frame_119_sionna.xml,30.0,0.0,0.0,2.4,-1.4605,-0.8406,1.6421,28000000000.0,23,6.163341392806387e-09,6.568895827285814e-08,5.952561688005176e-08,2.2439070335167344e-07,-66.48995140137379,-36.48995140137379,cir_coefficients_tau_mask,,"[1, 1, 1, 1, 23, 1]","[1, 1, 23]","[1, 1, 23]","[1, 1, 23]",,True,,22,5.952561688005176e-08,-36.49701720955687,1,0.0,0.0070658081830856645,1,0,0,0,0,0,0,0,1.8477231989667715,349,558,1257,0.06507442702667007,0.12712405745555613,0.13931017591489778,558,0,0.0279
120,30838,rx_human_chest,/home/telilab4090/Documents/Gazebo World/my_world/rt_out/experiments/semantic_ablation_actor_200f/sionna_xml/frame_120_sionna.xml,30.0,0.0,0.0,2.4,-1.4605,-0.8406,1.6421,28000000000.0,23,6.163341392806387e-09,6.568895827285814e-08,5.952561688005176e-08,2.2439071756252815e-07,-66.48995112633139,-36.48995112633139,cir_coefficients_tau_mask,,"[1, 1, 1, 1, 23, 1]","[1, 1, 23]","[1, 1, 23]","[1, 1, 23]",,True,,23,5.952561688005176e-08,-36.48995140137379,0,0.0,2.750423959696491e-07,0,0,0,0,0,0,0,0,1.8477231989667715,371,552,751,0.09381056602718019,0.12795885037234392,0.13883961906958933,552,0,0.0276
121,31095,rx_human_chest,/home/telilab4090/Documents/Gazebo World/my_world/rt_out/experiments/semantic_ablation_actor_200f/sionna_xml/frame_121_sionna.xml,30.0,0.0,0.0,2.4,-1.4605,-0.8406,1.6421,28000000000.0,23,6.163341392806387e-09,6.568895827285814e-08,5.952561688005176e-08,2.2439071756252815e-07,-66.48995112633139,-36.48995112633139,cir_coefficients_tau_mask,,"[1, 1, 1, 1, 23, 1]","[1, 1, 23]","[1, 1, 23]","[1, 1, 23]",,True,,23,5.952561688005176e-08,-36.48995112633139,0,0.0,0.0,0,0,0,0,0,0,0,0,1.8477231989667715,364,584,789,0.10354171931405423,0.12971295151647594,0.13949267229505607,584,0,0.0292
122,31352,rx_human_chest,/home/telilab4090/Documents/Gazebo World/my_world/rt_out/experiments/semantic_ablation_actor_200f/sionna_xml/frame_122_sionna.xml,30.0,0.0,0.0,2.4,-1.4605,-0.8406,1.6421,28000000000.0,23,6.163341392806387e-09,6.568895827285814e-08,5.952561688005176e-08,2.2439071756252815e-07,-66.48995112633139,-36.48995112633139,cir_coefficients_tau_mask,,"[1, 1, 1, 1, 23, 1]","[1, 1, 23]","[1, 1, 23]","[1, 1, 23]",,True,,23,5.952561688005176e-08,-36.48995112633139,0,0.0,0.0,0,0,0,0,0,0,0,0,1.8477231989667715,380,581,760,0.07773562633730037,0.12288348635987559,0.13652456520327275,581,0,0.02905
123,31609,rx_human_chest,/home/telilab4090/Documents/Gazebo World/my_world/rt_out/experiments/semantic_ablation_actor_200f/sionna_xml/frame_123_sionna.xml,30.0,0.0,0.0,2.4,-1.4605,-0.8406,1.6421,28000000000.0,23,6.163341392806387e-09,6.568895827285814e-08,5.952561688005176e-08,2.2439070335167344e-07,-66.48995140137379,-36.48995140137379,cir_coefficients_tau_mask,,"[1, 1, 1, 1, 23, 1]","[1, 1, 23]","[1, 1, 23]","[1, 1, 23]",,True,,23,5.952561688005176e-08,-36.48995112633139,0,0.0,-2.750423959696491e-07,0,0,0,0,0,0,0,0,1.8477231989667715,385,549,748,0.05842921654367848,0.1268918096837456,0.1389272764582298,549,0,0.02745
124,31866,rx_human_chest,/home/telilab4090/Documents/Gazebo World/my_world/rt_out/experiments/semantic_ablation_actor_200f/sionna_xml/frame_124_sionna.xml,30.0,0.0,0.0,2.4,-1.4605,-0.8406,1.6421,28000000000.0,23,6.163341392806387e-09,6.568895827285814e-08,5.952561688005176e-08,2.2439070335167344e-07,-66.48995140137379,-36.48995140137379,cir_coefficients_tau_mask,,"[1, 1, 1, 1, 23, 1]","[1, 1, 23]","[1, 1, 23]","[1, 1, 23]",,True,,23,5.952561688005176e-08,-36.48995140137379,0,0.0,0.0,0,0,0,0,0,0,0,0,1.8477231989667715,352,535,723,0.0935390094268712,0.12924906296787286,0.13901230963446654,535,0,0.02675
125,32123,rx_human_chest,/home/telilab4090/Documents/Gazebo World/my_world/rt_out/experiments/semantic_ablation_actor_200f/sionna_xml/frame_125_sionna.xml,30.0,0.0,0.0,2.4,-1.4605,-0.8406,1.6421,28000000000.0,23,6.163341392806387e-09,6.568895827285814e-08,5.952561688005176e-08,2.2439071756252815e-07,-66.48995112633139,-36.48995112633139,cir_coefficients_tau_mask,,"[1, 1, 1, 1, 23, 1]","[1, 1, 23]","[1, 1, 23]","[1, 1, 23]",,True,,23,5.952561688005176e-08,-36.48995140137379,0,0.0,2.750423959696491e-07,0,0,0,0,0,0,0,0,1.8477231989667715,363,533,731,0.06843297245110508,0.12738784486637128,0.13827729358911223,533,0,0.02665
126,32380,rx_human_chest,/home/telilab4090/Documents/Gazebo World/my_world/rt_out/experiments/semantic_ablation_actor_200f/sionna_xml/frame_126_sionna.xml,30.0,0.0,0.0,2.4,-1.4605,-0.8406,1.6421,28000000000.0,23,6.163341392806387e-09,6.568895827285814e-08,5.952561688005176e-08,2.2439071756252815e-07,-66.48995112633139,-36.48995112633139,cir_coefficients_tau_mask,,"[1, 1, 1, 1, 23, 1]","[1, 1, 23]","[1, 1, 23]","[1, 1, 23]",,True,,23,5.952561688005176e-08,-36.48995112633139,0,0.0,0.0,0,0,0,0,0,0,0,0,1.8477231989667715,373,562,746,0.08512983954568365,0.12149526367358843,0.13518113486266092,562,0,0.0281
127,32637,rx_human_chest,/home/telilab4090/Documents/Gazebo World/my_world/rt_out/experiments/semantic_ablation_actor_200f/sionna_xml/frame_127_sionna.xml,30.0,0.0,0.0,2.4,-1.4605,-0.8406,1.6421,28000000000.0,23,6.163341392806387e-09,6.568895827285814e-08,5.952561688005176e-08,2.2439071756252815e-07,-66.48995112633139,-36.48995112633139,cir_coefficients_tau_mask,,"[1, 1, 1, 1, 23, 1]","[1, 1, 23]","[1, 1, 23]","[1, 1, 23]",,True,,23,5.952561688005176e-08,-36.48995112633139,0,0.0,0.0,0,0,0,0,0,0,0,0,1.8477231989667715,360,550,1658,0.07071896293669933,0.123070682085445,0.13663616973490827,550,0,0.0275
128,32894,rx_human_chest,/home/telilab4090/Documents/Gazebo World/my_world/rt_out/experiments/semantic_ablation_actor_200f/sionna_xml/frame_128_sionna.xml,30.0,0.0,0.0,2.4,-1.4605,-0.8406,1.6421,28000000000.0,21,6.163341392806387e-09,6.431429255826515e-08,5.8150951165458764e-08,2.240194589830935e-07,-66.49714255942916,-36.497142559429165,cir_coefficients_tau_mask,,"[1, 1, 1, 1, 21, 1]","[1, 1, 21]","[1, 1, 21]","[1, 1, 21]",,True,,23,5.952561688005176e-08,-36.48995112633139,-2,-1.374665714592993e-09,-0.00719143309777337,1,1,0,0,0,0,0,0,1.8477231989667715,385,544,1143,0.07861069263363829,0.12609733123373956,0.1375882985410694,544,0,0.0272
129,33151,rx_human_chest,/home/telilab4090/Documents/Gazebo World/my_world/rt_out/experiments/semantic_ablation_actor_200f/sionna_xml/frame_129_sionna.xml,30.0,0.0,0.0,2.4,-1.4605,-0.8406,1.6421,28000000000.0,21,6.163341392806387e-09,6.431429255826515e-08,5.8150951165458764e-08,2.2401947319394822e-07,-66.49714228393097,-36.49714228393097,cir_coefficients_tau_mask,,"[1, 1, 1, 1, 21, 1]","[1, 1, 21]","[1, 1, 21]","[1, 1, 21]",,True,,21,5.8150951165458764e-08,-36.497142559429165,0,0.0,2.7549819492378447e-07,0,0,0,0,0,0,0,0,1.8477231989667715,380,570,1090,0.09649948798648518,0.12797671334379285,0.13891936140657193,570,0,0.0285
130,33408,rx_human_chest,/home/telilab4090/Documents/Gazebo World/my_world/rt_out/experiments/semantic_ablation_actor_200f/sionna_xml/frame_130_sionna.xml,30.0,0.0,0.0,2.4,-1.4605,-0.8406,1.6421,28000000000.0,21,6.163341392806387e-09,6.431429255826515e-08,5.8150951165458764e-08,2.240194589830935e-07,-66.49714255942916,-36.497142559429165,cir_coefficients_tau_mask,,"[1, 1, 1, 1, 21, 1]","[1, 1, 21]","[1, 1, 21]","[1, 1, 21]",,True,,21,5.8150951165458764e-08,-36.49714228393097,0,0.0,-2.7549819492378447e-07,0,0,0,0,0,0,0,0,1.8477231989667715,397,576,1159,0.049967880839817305,0.1151558296400634,0.13240091902560816,576,0,0.0288
131,33665,rx_human_chest,/home/telilab4090/Documents/Gazebo World/my_world/rt_out/experiments/semantic_ablation_actor_200f/sionna_xml/frame_131_sionna.xml,30.0,0.0,0.0,2.4,-1.4605,-0.8406,1.6421,28000000000.0,21,6.163341392806387e-09,6.431429255826515e-08,5.8150951165458764e-08,2.240194589830935e-07,-66.49714255942916,-36.497142559429165,cir_coefficients_tau_mask,,"[1, 1, 1, 1, 21, 1]","[1, 1, 21]","[1, 1, 21]","[1, 1, 21]",,True,,21,5.8150951165458764e-08,-36.497142559429165,0,0.0,0.0,0,0,0,0,0,0,0,0,1.8477231989667715,353,520,1040,0.10819212387485487,0.1291141218986121,0.13879754111132397,520,0,0.026
132,33922,rx_human_chest,/home/telilab4090/Documents/Gazebo World/my_world/rt_out/experiments/semantic_ablation_actor_200f/sionna_xml/frame_132_sionna.xml,30.0,0.0,0.0,2.4,-1.4605,-0.8406,1.6421,28000000000.0,22,6.163341392806387e-09,6.431429255826515e-08,5.8150951165458764e-08,2.2438425162363274e-07,-66.4900762724191,-36.4900762724191,cir_coefficients_tau_mask,,"[1, 1, 1, 1, 22, 1]","[1, 1, 22]","[1, 1, 22]","[1, 1, 22]",,True,,21,5.8150951165458764e-08,-36.497142559429165,1,0.0,0.007066287010061956,1,0,0,0,0,0,0,0,1.8477231989667715,381,555,1065,0.051803618550886846,0.11441147826105838,0.1323936188245676,555,0,0.02775
133,34179,rx_human_chest,/home/telilab4090/Documents/Gazebo World/my_world/rt_out/experiments/semantic_ablation_actor_200f/sionna_xml/frame_133_sionna.xml,30.0,0.0,0.0,2.4,-1.4605,-0.8406,1.6421,28000000000.0,22,6.163341392806387e-09,6.431429255826515e-08,5.8150951165458764e-08,2.243842232019233e-07,-66.49007682251975,-36.490076822519754,cir_coefficients_tau_mask,,"[1, 1, 1, 1, 22, 1]","[1, 1, 22]","[1, 1, 22]","[1, 1, 22]",,True,,22,5.8150951165458764e-08,-36.4900762724191,0,0.0,-5.501006512531603e-07,0,0,0,0,0,0,0,0,1.8477231989667715,381,565,1046,0.087746724088856,0.13125666847181341,0.14070016219226397,565,0,0.02825
134,34436,rx_human_chest,/home/telilab4090/Documents/Gazebo World/my_world/rt_out/experiments/semantic_ablation_actor_200f/sionna_xml/frame_134_sionna.xml,30.0,0.0,0.0,2.4,-1.4605,-0.8406,1.6421,28000000000.0,22,6.163341392806387e-09,6.431429255826515e-08,5.8150951165458764e-08,2.2438423741277802e-07,-66.49007654746941,-36.490076547469414,cir_coefficients_tau_mask,,"[1, 1, 1, 1, 22, 1]","[1, 1, 22]","[1, 1, 22]","[1, 1, 22]",,True,,22,5.8150951165458764e-08,-36.490076822519754,0,0.0,2.750503398374349e-07,0,0,0,0,0,0,0,0,1.8477231989667715,363,556,1160,0.08145129228711827,0.12323771684578928,0.13592910344183232,556,0,0.0278
135,34693,rx_human_chest,/home/telilab4090/Documents/Gazebo World/my_world/rt_out/experiments/semantic_ablation_actor_200f/sionna_xml/frame_135_sionna.xml,30.0,0.0,0.0,2.4,-1.4605,-0.8406,1.6421,28000000000.0,23,6.163341392806387e-09,6.568895827285814e-08,5.952561688005176e-08,2.2439071756252815e-07,-66.48995112633139,-36.48995112633139,cir_coefficients_tau_mask,,"[1, 1, 1, 1, 23, 1]","[1, 1, 23]","[1, 1, 23]","[1, 1, 23]",,True,,22,5.8150951165458764e-08,-36.490076547469414,1,1.374665714592993e-09,0.00012542113802282984,1,0,0,0,0,0,0,0,1.8477231989667715,382,578,1649,0.1043021488569408,0.12345096223370218,0.1360281696109009,578,0,0.0289
136,34950,rx_human_chest,/home/telilab4090/Documents/Gazebo World/my_world/rt_out/experiments/semantic_ablation_actor_200f/sionna_xml/frame_136_sionna.xml,30.0,0.0,0.0,2.4,-1.4605,-0.8406,1.6421,28000000000.0,23,6.163341392806387e-09,6.568895827285814e-08,5.952561688005176e-08,2.2439070335167344e-07,-66.48995140137379,-36.48995140137379,cir_coefficients_tau_mask,,"[1, 1, 1, 1, 23, 1]","[1, 1, 23]","[1, 1, 23]","[1, 1, 23]",,True,,23,5.952561688005176e-08,-36.48995112633139,0,0.0,-2.750423959696491e-07,0,0,0,0,0,0,0,0,1.8477231989667715,407,598,826,0.08008116524961148,0.12224385221546744,0.13654183005718293,598,0,0.0299
137,35207,rx_human_chest,/home/telilab4090/Documents/Gazebo World/my_world/rt_out/experiments/semantic_ablation_actor_200f/sionna_xml/frame_137_sionna.xml,30.0,0.0,0.0,2.4,-1.4605,-0.8406,1.6421,28000000000.0,23,6.163341392806387e-09,6.568895827285814e-08,5.952561688005176e-08,2.2439070335167344e-07,-66.48995140137379,-36.48995140137379,cir_coefficients_tau_mask,,"[1, 1, 1, 1, 23, 1]","[1, 1, 23]","[1, 1, 23]","[1, 1, 23]",,True,,23,5.952561688005176e-08,-36.48995140137379,0,0.0,0.0,0,0,0,0,0,0,0,0,1.8477231989667715,375,540,803,0.05842921654367848,0.12231086518080418,0.13564056152471413,540,0,0.027
138,35464,rx_human_chest,/home/telilab4090/Documents/Gazebo World/my_world/rt_out/experiments/semantic_ablation_actor_200f/sionna_xml/frame_138_sionna.xml,30.0,0.0,0.0,2.4,-1.4605,-0.8406,1.6421,28000000000.0,23,6.163341392806387e-09,6.568895827285814e-08,5.952561688005176e-08,2.2439073177338287e-07,-66.48995085128901,-36.48995085128901,cir_coefficients_tau_mask,,"[1, 1, 1, 1, 23, 1]","[1, 1, 23]","[1, 1, 23]","[1, 1, 23]",,True,,23,5.952561688005176e-08,-36.48995140137379,0,0.0,5.500847777284434e-07,0,0,0,0,0,0,0,0,1.8477231989667715,364,542,1284,0.10703863931262535,0.12585873135471698,0.13760800396883258,542,0,0.0271
139,35721,rx_human_chest,/home/telilab4090/Documents/Gazebo World/my_world/rt_out/experiments/semantic_ablation_actor_200f/sionna_xml/frame_139_sionna.xml,30.0,0.0,0.0,2.4,-1.4605,-0.8406,1.6421,28000000000.0,23,6.163341392806387e-09,6.568895827285814e-08,5.952561688005176e-08,2.2439071756252815e-07,-66.48995112633139,-36.48995112633139,cir_coefficients_tau_mask,,"[1, 1, 1, 1, 23, 1]","[1, 1, 23]","[1, 1, 23]","[1, 1, 23]",,True,,23,5.952561688005176e-08,-36.48995085128901,0,0.0,-2.7504238175879436e-07,0,0,0,0,0,0,0,0,1.8477231989667715,367,546,727,0.051803618550886846,0.1252509123298315,0.1375393901610782,546,0,0.0273
140,35978,rx_human_chest,/home/telilab4090/Documents/Gazebo World/my_world/rt_out/experiments/semantic_ablation_actor_200f/sionna_xml/frame_140_sionna.xml,30.0,0.0,0.0,2.4,-1.4605,-0.8406,1.6421,28000000000.0,23,6.163341392806387e-09,6.568895827285814e-08,5.952561688005176e-08,2.2439070335167344e-07,-66.48995140137379,-36.48995140137379,cir_coefficients_tau_mask,,"[1, 1, 1, 1, 23, 1]","[1, 1, 23]","[1, 1, 23]","[1, 1, 23]",,True,,23,5.952561688005176e-08,-36.48995112633139,0,0.0,-2.750423959696491e-07,0,0,0,0,0,0,0,0,1.8477231989667715,376,583,776,0.05947992142592132,0.1139278935921498,0.13318860736231805,583,0,0.02915
141,36235,rx_human_chest,/home/telilab4090/Documents/Gazebo World/my_world/rt_out/experiments/semantic_ablation_actor_200f/sionna_xml/frame_141_sionna.xml,30.0,0.0,0.0,2.4,-1.4605,-0.8406,1.6421,28000000000.0,23,6.163341392806387e-09,6.568895827285814e-08,5.952561688005176e-08,2.2439071756252815e-07,-66.48995112633139,-36.48995112633139,cir_coefficients_tau_mask,,"[1, 1, 1, 1, 23, 1]","[1, 1, 23]","[1, 1, 23]","[1, 1, 23]",,True,,23,5.952561688005176e-08,-36.48995140137379,0,0.0,2.750423959696491e-07,0,0,0,0,0,0,0,0,1.8477231989667715,359,552,1094,0.05947992142592132,0.1185599680229951,0.13487223287472613,552,0,0.0276
142,36492,rx_human_chest,/home/telilab4090/Documents/Gazebo World/my_world/rt_out/experiments/semantic_ablation_actor_200f/sionna_xml/frame_142_sionna.xml,30.0,0.0,0.0,2.4,-1.4605,-0.8406,1.6421,28000000000.0,23,6.163341392806387e-09,6.568895827285814e-08,5.952561688005176e-08,2.2439070335167344e-07,-66.48995140137379,-36.48995140137379,cir_coefficients_tau_mask,,"[1, 1, 1, 1, 23, 1]","[1, 1, 23]","[1, 1, 23]","[1, 1, 23]",,True,,23,5.952561688005176e-08,-36.48995112633139,0,0.0,-2.750423959696491e-07,0,0,0,0,0,0,0,0,1.8477231989667715,348,537,725,0.06077081875763326,0.11891169590233745,0.13407739563629995,537,0,0.02685
143,36749,rx_human_chest,/home/telilab4090/Documents/Gazebo World/my_world/rt_out/experiments/semantic_ablation_actor_200f/sionna_xml/frame_143_sionna.xml,30.0,0.0,0.0,2.4,-1.4605,-0.8406,1.6421,28000000000.0,23,6.163341392806387e-09,6.568895827285814e-08,5.952561688005176e-08,2.2439071756252815e-07,-66.48995112633139,-36.48995112633139,cir_coefficients_tau_mask,,"[1, 1, 1, 1, 23, 1]","[1, 1, 23]","[1, 1, 23]","[1, 1, 23]",,True,,23,5.952561688005176e-08,-36.48995140137379,0,0.0,2.750423959696491e-07,0,0,0,0,0,0,0,0,1.8477231989667715,404,586,778,0.08315257380784316,0.13070086261720243,0.13976205825018062,586,0,0.0293
144,37006,rx_human_chest,/home/telilab4090/Documents/Gazebo World/my_world/rt_out/experiments/semantic_ablation_actor_200f/sionna_xml/frame_144_sionna.xml,30.0,0.0,0.0,2.4,-1.4605,-0.8406,1.6421,28000000000.0,23,6.163341392806387e-09,6.568895827285814e-08,5.952561688005176e-08,2.2439071756252815e-07,-66.48995112633139,-36.48995112633139,cir_coefficients_tau_mask,,"[1, 1, 1, 1, 23, 1]","[1, 1, 23]","[1, 1, 23]","[1, 1, 23]",,True,,23,5.952561688005176e-08,-36.48995112633139,0,0.0,0.0,0,0,0,0,0,0,0,0,1.8477231989667715,345,523,722,0.0985398170026759,0.13302087537061807,0.14268891125071176,523,0,0.02615
145,37263,rx_human_chest,/home/telilab4090/Documents/Gazebo World/my_world/rt_out/experiments/semantic_ablation_actor_200f/sionna_xml/frame_145_sionna.xml,30.0,0.0,0.0,2.4,-1.4605,-0.8406,1.6421,28000000000.0,21,6.163341392806387e-09,6.431429255826515e-08,5.8150951165458764e-08,2.2401944477223878e-07,-66.49714283492739,-36.49714283492739,cir_coefficients_tau_mask,,"[1, 1, 1, 1, 21, 1]","[1, 1, 21]","[1, 1, 21]","[1, 1, 21]",,True,,23,5.952561688005176e-08,-36.48995112633139,-2,-1.374665714592993e-09,-0.007191708595996715,1,1,0,0,0,0,0,0,1.8477231989667715,411,614,1502,0.07773562633730037,0.12409723824866162,0.13696090832883887,614,0,0.0307
146,37520,rx_human_chest,/home/telilab4090/Documents/Gazebo World/my_world/rt_out/experiments/semantic_ablation_actor_200f/sionna_xml/frame_146_sionna.xml,30.0,0.0,0.0,2.4,-1.4605,-0.8406,1.6421,28000000000.0,21,6.163341392806387e-09,6.431429255826515e-08,5.8150951165458764e-08,2.2401944477223878e-07,-66.49714283492739,-36.49714283492739,cir_coefficients_tau_mask,,"[1, 1, 1, 1, 21, 1]","[1, 1, 21]","[1, 1, 21]","[1, 1, 21]",,True,,21,5.8150951165458764e-08,-36.49714283492739,0,0.0,0.0,0,0,0,0,0,0,0,0,1.8477231989667715,396,591,1153,0.07212943155810647,0.11581412169428609,0.1321064120031059,591,0,0.02955
147,37777,rx_human_chest,/home/telilab4090/Documents/Gazebo World/my_world/rt_out/experiments/semantic_ablation_actor_200f/sionna_xml/frame_147_sionna.xml,30.0,0.0,0.0,2.4,-1.4605,-0.8406,1.6421,28000000000.0,21,6.163341392806387e-09,6.431429255826515e-08,5.8150951165458764e-08,2.240194589830935e-07,-66.49714255942916,-36.497142559429165,cir_coefficients_tau_mask,,"[1, 1, 1, 1, 21, 1]","[1, 1, 21]","[1, 1, 21]","[1, 1, 21]",,True,,21,5.8150951165458764e-08,-36.49714283492739,0,0.0,2.754982233454939e-07,0,0,0,0,0,0,0,0,1.8477231989667715,369,577,1175,0.09649948798648518,0.11986252855250204,0.13544042950669402,577,0,0.02885
148,38034,rx_human_chest,/home/telilab4090/Documents/Gazebo World/my_world/rt_out/experiments/semantic_ablation_actor_200f/sionna_xml/frame_148_sionna.xml,30.0,0.0,0.0,2.4,-1.4605,-0.8406,1.6421,28000000000.0,21,6.163341392806387e-09,6.431429255826515e-08,5.8150951165458764e-08,2.2401944477223878e-07,-66.49714283492739,-36.49714283492739,cir_coefficients_tau_mask,,"[1, 1, 1, 1, 21, 1]","[1, 1, 21]","[1, 1, 21]","[1, 1, 21]",,True,,21,5.8150951165458764e-08,-36.497142559429165,0,0.0,-2.754982233454939e-07,0,0,0,0,0,0,0,0,1.8477231989667715,394,586,1128,0.06507442702667007,0.1226402922202677,0.13636379887492345,586,0,0.0293
149,38291,rx_human_chest,/home/telilab4090/Documents/Gazebo World/my_world/rt_out/experiments/semantic_ablation_actor_200f/sionna_xml/frame_149_sionna.xml,30.0,0.0,0.0,2.4,-1.4605,-0.8406,1.6421,28000000000.0,21,6.163341392806387e-09,6.431429255826515e-08,5.8150951165458764e-08,2.240194589830935e-07,-66.49714255942916,-36.497142559429165,cir_coefficients_tau_mask,,"[1, 1, 1, 1, 21, 1]","[1, 1, 21]","[1, 1, 21]","[1, 1, 21]",,True,,21,5.8150951165458764e-08,-36.49714283492739,0,0.0,2.754982233454939e-07,0,0,0,0,0,0,0,0,1.8477231989667715,383,564,1191,0.10161018798276696,0.13126166159618688,0.1395770692532753,564,0,0.0282
150,38548,rx_human_chest,/home/telilab4090/Documents/Gazebo World/my_world/rt_out/experiments/semantic_ablation_actor_200f/sionna_xml/frame_150_sionna.xml,30.0,0.0,0.0,2.4,-1.4605,-0.8406,1.6421,28000000000.0,21,6.163341392806387e-09,6.431429255826515e-08,5.8150951165458764e-08,2.240194589830935e-07,-66.49714255942916,-36.497142559429165,cir_coefficients_tau_mask,,"[1, 1, 1, 1, 21, 1]","[1, 1, 21]","[1, 1, 21]","[1, 1, 21]",,True,,21,5.8150951165458764e-08,-36.497142559429165,0,0.0,0.0,0,0,0,0,0,0,0,0,1.8477231989667715,407,606,1286,0.07212943155810647,0.12985431234064596,0.14026669580818235,606,0,0.0303
151,38805,rx_human_chest,/home/telilab4090/Documents/Gazebo World/my_world/rt_out/experiments/semantic_ablation_actor_200f/sionna_xml/frame_151_sionna.xml,30.0,0.0,0.0,2.4,-1.4605,-0.8406,1.6421,28000000000.0,21,6.163341392806387e-09,6.431429255826515e-08,5.8150951165458764e-08,2.2401947319394822e-07,-66.49714228393097,-36.49714228393097,cir_coefficients_tau_mask,,"[1, 1, 1, 1, 21, 1]","[1, 1, 21]","[1, 1, 21]","[1, 1, 21]",,True,,21,5.8150951165458764e-08,-36.497142559429165,0,0.0,2.7549819492378447e-07,0,0,0,0,0,0,0,0,1.8477231989667715,392,574,1306,0.056654676184891624,0.12136582374341824,0.13568447922755714,574,0,0.0287
152,39062,rx_human_chest,/home/telilab4090/Documents/Gazebo World/my_world/rt_out/experiments/semantic_ablation_actor_200f/sionna_xml/frame_152_sionna.xml,30.0,0.0,0.0,2.4,-1.4605,-0.8406,1.6421,28000000000.0,21,6.163341392806387e-09,6.431429255826515e-08,5.8150951165458764e-08,2.2401947319394822e-07,-66.49714228393097,-36.49714228393097,cir_coefficients_tau_mask,,"[1, 1, 1, 1, 21, 1]","[1, 1, 21]","[1, 1, 21]","[1, 1, 21]",,True,,21,5.8150951165458764e-08,-36.49714228393097,0,0.0,0.0,0,0,0,0,0,0,0,0,1.8477231989667715,393,570,1278,0.06507442702667007,0.11874176401193574,0.13397298542805886,570,0,0.0285
153,39319,rx_human_chest,/home/telilab4090/Documents/Gazebo World/my_world/rt_out/experiments/semantic_ablation_actor_200f/sionna_xml/frame_153_sionna.xml,30.0,0.0,0.0,2.4,-1.4605,-0.8406,1.6421,28000000000.0,21,6.163341392806387e-09,6.431429255826515e-08,5.8150951165458764e-08,2.240194589830935e-07,-66.49714255942916,-36.497142559429165,cir_coefficients_tau_mask,,"[1, 1, 1, 1, 21, 1]","[1, 1, 21]","[1, 1, 21]","[1, 1, 21]",,True,,21,5.8150951165458764e-08,-36.49714228393097,0,0.0,-2.7549819492378447e-07,0,0,0,0,0,0,0,0,1.8477231989667715,404,607,1304,0.09697532188592212,0.1243904739515141,0.13652983794376697,607,0,0.03035
154,39576,rx_human_chest,/home/telilab4090/Documents/Gazebo World/my_world/rt_out/experiments/semantic_ablation_actor_200f/sionna_xml/frame_154_sionna.xml,30.0,0.0,0.0,2.4,-1.4605,-0.8406,1.6421,28000000000.0,21,6.163341392806387e-09,6.431429255826515e-08,5.8150951165458764e-08,2.240194589830935e-07,-66.49714255942916,-36.497142559429165,cir_coefficients_tau_mask,,"[1, 1, 1, 1, 21, 1]","[1, 1, 21]","[1, 1, 21]","[1, 1, 21]",,True,,21,5.8150951165458764e-08,-36.497142559429165,0,0.0,0.0,0,0,0,0,0,0,0,0,1.8477231989667715,390,585,1145,0.049967880839817305,0.12506718142935527,0.13718094604593845,585,0,0.02925
155,39833,rx_human_chest,/home/telilab4090/Documents/Gazebo World/my_world/rt_out/experiments/semantic_ablation_actor_200f/sionna_xml/frame_155_sionna.xml,30.0,0.0,0.0,2.4,-1.4605,-0.8406,1.6421,28000000000.0,21,6.163341392806387e-09,6.431429255826515e-08,5.8150951165458764e-08,2.240194589830935e-07,-66.49714255942916,-36.497142559429165,cir_coefficients_tau_mask,,"[1, 1, 1, 1, 21, 1]","[1, 1, 21]","[1, 1, 21]","[1, 1, 21]",,True,,21,5.8150951165458764e-08,-36.497142559429165,0,0.0,0.0,0,0,0,0,0,0,0,0,1.8477231989667715,384,562,1184,0.0935390094268712,0.11095627439145048,0.12861751931618096,562,0,0.0281
156,40090,rx_human_chest,/home/telilab4090/Documents/Gazebo World/my_world/rt_out/experiments/semantic_ablation_actor_200f/sionna_xml/frame_156_sionna.xml,30.0,0.0,0.0,2.4,-1.4605,-0.8406,1.6421,28000000000.0,21,6.163341392806387e-09,6.431429255826515e-08,5.8150951165458764e-08,2.2401947319394822e-07,-66.49714228393097,-36.49714228393097,cir_coefficients_tau_mask,,"[1, 1, 1, 1, 21, 1]","[1, 1, 21]","[1, 1, 21]","[1, 1, 21]",,True,,21,5.8150951165458764e-08,-36.497142559429165,0,0.0,2.7549819492378447e-07,0,0,0,0,0,0,0,0,1.8477231989667715,380,568,1166,0.09697532188592212,0.12669810148455482,0.13833296192360348,568,0,0.0284
157,40347,rx_human_chest,/home/telilab4090/Documents/Gazebo World/my_world/rt_out/experiments/semantic_ablation_actor_200f/sionna_xml/frame_157_sionna.xml,30.0,0.0,0.0,2.4,-1.4605,-0.8406,1.6421,28000000000.0,21,6.163341392806387e-09,6.431429255826515e-08,5.8150951165458764e-08,2.240194589830935e-07,-66.49714255942916,-36.497142559429165,cir_coefficients_tau_mask,,"[1, 1, 1, 1, 21, 1]","[1, 1, 21]","[1, 1, 21]","[1, 1, 21]",,True,,21,5.8150951165458764e-08,-36.49714228393097,0,0.0,-2.7549819492378447e-07,0,0,0,0,0,0,0,0,1.8477231989667715,360,560,1131,0.06077081875763326,0.12010358726097739,0.13502373359539807,560,0,0.028
158,40604,rx_human_chest,/home/telilab4090/Documents/Gazebo World/my_world/rt_out/experiments/semantic_ablation_actor_200f/sionna_xml/frame_158_sionna.xml,30.0,0.0,0.0,2.4,-1.4605,-0.8406,1.6421,28000000000.0,21,6.163341392806387e-09,6.431429255826515e-08,5.8150951165458764e-08,2.240194589830935e-07,-66.49714255942916,-36.497142559429165,cir_coefficients_tau_mask,,"[1, 1, 1, 1, 21, 1]","[1, 1, 21]","[1, 1, 21]","[1, 1, 21]",,True,,21,5.8150951165458764e-08,-36.497142559429165,0,0.0,0.0,0,0,0,0,0,0,0,0,1.8477231989667715,382,592,1182,0.051803618550886846,0.11953981619980666,0.13543955331703011,592,0,0.0296
159,40861,rx_human_chest,/home/telilab4090/Documents/Gazebo World/my_world/rt_out/experiments/semantic_ablation_actor_200f/sionna_xml/frame_159_sionna.xml,30.0,0.0,0.0,2.4,-1.4605,-0.8406,1.6421,28000000000.0,21,6.163341392806387e-09,6.431429255826515e-08,5.8150951165458764e-08,2.240194589830935e-07,-66.49714255942916,-36.497142559429165,cir_coefficients_tau_mask,,"[1, 1, 1, 1, 21, 1]","[1, 1, 21]","[1, 1, 21]","[1, 1, 21]",,True,,21,5.8150951165458764e-08,-36.497142559429165,0,0.0,0.0,0,0,0,0,0,0,0,0,1.8477231989667715,417,613,1127,0.06077081875763326,0.12455668497169547,0.13763749508366543,613,0,0.03065
160,41118,rx_human_chest,/home/telilab4090/Documents/Gazebo World/my_world/rt_out/experiments/semantic_ablation_actor_200f/sionna_xml/frame_160_sionna.xml,30.0,0.0,0.0,2.4,-1.4605,-0.8406,1.6421,28000000000.0,21,6.163341392806387e-09,6.431429255826515e-08,5.8150951165458764e-08,2.2401944477223878e-07,-66.49714283492739,-36.49714283492739,cir_coefficients_tau_mask,,"[1, 1, 1, 1, 21, 1]","[1, 1, 21]","[1, 1, 21]","[1, 1, 21]",,True,,21,5.8150951165458764e-08,-36.497142559429165,0,0.0,-2.754982233454939e-07,0,0,0,0,0,0,0,0,1.8477231989667715,371,557,1116,0.09468111273825208,0.1219309890771066,0.13549977516627373,557,0,0.02785
161,41375,rx_human_chest,/home/telilab4090/Documents/Gazebo World/my_world/rt_out/experiments/semantic_ablation_actor_200f/sionna_xml/frame_161_sionna.xml,30.0,0.0,0.0,2.4,-1.4605,-0.8406,1.6421,28000000000.0,21,6.163341392806387e-09,6.431429255826515e-08,5.8150951165458764e-08,2.2401947319394822e-07,-66.49714228393097,-36.49714228393097,cir_coefficients_tau_mask,,"[1, 1, 1, 1, 21, 1]","[1, 1, 21]","[1, 1, 21]","[1, 1, 21]",,True,,21,5.8150951165458764e-08,-36.49714283492739,0,0.0,5.509964182692784e-07,0,0,0,0,0,0,0,0,1.8477231989667715,373,583,1107,0.08512983954568365,0.12040706478158662,0.13550513429790947,583,0,0.02915
162,41632,rx_human_chest,/home/telilab4090/Documents/Gazebo World/my_world/rt_out/experiments/semantic_ablation_actor_200f/sionna_xml/frame_162_sionna.xml,30.0,0.0,0.0,2.4,-1.4605,-0.8406,1.6421,28000000000.0,21,6.163341392806387e-09,6.431429255826515e-08,5.8150951165458764e-08,2.2401944477223878e-07,-66.49714283492739,-36.49714283492739,cir_coefficients_tau_mask,,"[1, 1, 1, 1, 21, 1]","[1, 1, 21]","[1, 1, 21]","[1, 1, 21]",,True,,21,5.8150951165458764e-08,-36.49714228393097,0,0.0,-5.509964182692784e-07,0,0,0,0,0,0,0,0,1.8477231989667715,405,606,1138,0.087746724088856,0.12035246864229257,0.1337406779818856,606,0,0.0303
163,41889,rx_human_chest,/home/telilab4090/Documents/Gazebo World/my_world/rt_out/experiments/semantic_ablation_actor_200f/sionna_xml/frame_163_sionna.xml,30.0,0.0,0.0,2.4,-1.4605,-0.8406,1.6421,28000000000.0,21,6.163341392806387e-09,6.431429255826515e-08,5.8150951165458764e-08,2.2401944477223878e-07,-66.49714283492739,-36.49714283492739,cir_coefficients_tau_mask,,"[1, 1, 1, 1, 21, 1]","[1, 1, 21]","[1, 1, 21]","[1, 1, 21]",,True,,21,5.8150951165458764e-08,-36.49714283492739,0,0.0,0.0,0,0,0,0,0,0,0,0,1.8477231989667715,365,557,1074,0.07773562633730037,0.12797481907341438,0.13970400872976366,557,0,0.02785
164,42146,rx_human_chest,/home/telilab4090/Documents/Gazebo World/my_world/rt_out/experiments/semantic_ablation_actor_200f/sionna_xml/frame_164_sionna.xml,30.0,0.0,0.0,2.4,-1.4605,-0.8406,1.6421,28000000000.0,21,6.163341392806387e-09,6.431429255826515e-08,5.8150951165458764e-08,2.2401944477223878e-07,-66.49714283492739,-36.49714283492739,cir_coefficients_tau_mask,,"[1, 1, 1, 1, 21, 1]","[1, 1, 21]","[1, 1, 21]","[1, 1, 21]",,True,,21,5.8150951165458764e-08,-36.49714283492739,0,0.0,0.0,0,0,0,0,0,0,0,0,1.8477231989667715,376,576,1115,0.07212943155810647,0.12335863519775947,0.13845969076305772,576,0,0.0288
165,42403,rx_human_chest,/home/telilab4090/Documents/Gazebo World/my_world/rt_out/experiments/semantic_ablation_actor_200f/sionna_xml/frame_165_sionna.xml,30.0,0.0,0.0,2.4,-1.4605,-0.8406,1.6421,28000000000.0,21,6.163341392806387e-09,6.431429255826515e-08,5.8150951165458764e-08,2.240194589830935e-07,-66.49714255942916,-36.497142559429165,cir_coefficients_tau_mask,,"[1, 1, 1, 1, 21, 1]","[1, 1, 21]","[1, 1, 21]","[1, 1, 21]",,True,,21,5.8150951165458764e-08,-36.49714283492739,0,0.0,2.754982233454939e-07,0,0,0,0,0,0,0,0,1.8477231989667715,409,582,1158,0.09580740267530152,0.12342213060114353,0.13528990229743917,582,0,0.0291
166,42659,rx_human_chest,/home/telilab4090/Documents/Gazebo World/my_world/rt_out/experiments/semantic_ablation_actor_200f/sionna_xml/frame_166_sionna.xml,30.0,0.0,0.0,2.4,-1.4605,-0.8406,1.6421,28000000000.0,21,6.163341392806387e-09,6.431429255826515e-08,5.8150951165458764e-08,2.240194589830935e-07,-66.49714255942916,-36.497142559429165,cir_coefficients_tau_mask,,"[1, 1, 1, 1, 21, 1]","[1, 1, 21]","[1, 1, 21]","[1, 1, 21]",,True,,21,5.8150951165458764e-08,-36.497142559429165,0,0.0,0.0,0,0,0,0,0,0,0,0,1.8477231989667715,386,579,1138,0.07071896293669933,0.1288297234999783,0.13992982319542058,579,0,0.02895
167,42916,rx_human_chest,/home/telilab4090/Documents/Gazebo World/my_world/rt_out/experiments/semantic_ablation_actor_200f/sionna_xml/frame_167_sionna.xml,30.0,0.0,0.0,2.4,-1.4605,-0.8406,1.6421,28000000000.0,21,6.163341392806387e-09,6.431429255826515e-08,5.8150951165458764e-08,2.240194589830935e-07,-66.49714255942916,-36.497142559429165,cir_coefficients_tau_mask,,"[1, 1, 1, 1, 21, 1]","[1, 1, 21]","[1, 1, 21]","[1, 1, 21]",,True,,21,5.8150951165458764e-08,-36.497142559429165,0,0.0,0.0,0,0,0,0,0,0,0,0,1.8477231989667715,400,598,1183,0.10354171931405423,0.12678698214772777,0.13697748198044146,598,0,0.0299
168,43173,rx_human_chest,/home/telilab4090/Documents/Gazebo World/my_world/rt_out/experiments/semantic_ablation_actor_200f/sionna_xml/frame_168_sionna.xml,30.0,0.0,0.0,2.4,-1.4605,-0.8406,1.6421,28000000000.0,21,6.163341392806387e-09,6.431429255826515e-08,5.8150951165458764e-08,2.2401944477223878e-07,-66.49714283492739,-36.49714283492739,cir_coefficients_tau_mask,,"[1, 1, 1, 1, 21, 1]","[1, 1, 21]","[1, 1, 21]","[1, 1, 21]",,True,,21,5.8150951165458764e-08,-36.497142559429165,0,0.0,-2.754982233454939e-07,0,0,0,0,0,0,0,0,1.8477231989667715,393,592,1147,0.04536607728976283,0.12020587641742835,0.13564147823935277,592,0,0.0296
169,43430,rx_human_chest,/home/telilab4090/Documents/Gazebo World/my_world/rt_out/experiments/semantic_ablation_actor_200f/sionna_xml/frame_169_sionna.xml,30.0,0.0,0.0,2.4,-1.4605,-0.8406,1.6421,28000000000.0,21,6.163341392806387e-09,6.431429255826515e-08,5.8150951165458764e-08,2.2401947319394822e-07,-66.49714228393097,-36.49714228393097,cir_coefficients_tau_mask,,"[1, 1, 1, 1, 21, 1]","[1, 1, 21]","[1, 1, 21]","[1, 1, 21]",,True,,21,5.8150951165458764e-08,-36.49714283492739,0,0.0,5.509964182692784e-07,0,0,0,0,0,0,0,0,1.8477231989667715,344,556,1124,0.051803618550886846,0.11770584368177857,0.13445713317828756,556,0,0.0278
170,43687,rx_human_chest,/home/telilab4090/Documents/Gazebo World/my_world/rt_out/experiments/semantic_ablation_actor_200f/sionna_xml/frame_170_sionna.xml,30.0,0.0,0.0,2.4,-1.4605,-0.8406,1.6421,28000000000.0,21,6.163341392806387e-09,6.431429255826515e-08,5.8150951165458764e-08,2.240194589830935e-07,-66.49714255942916,-36.497142559429165,cir_coefficients_tau_mask,,"[1, 1, 1, 1, 21, 1]","[1, 1, 21]","[1, 1, 21]","[1, 1, 21]",,True,,21,5.8150951165458764e-08,-36.49714228393097,0,0.0,-2.7549819492378447e-07,0,0,0,0,0,0,0,0,1.8477231989667715,392,567,1166,0.104803151487608,0.13000584321915537,0.14072644252747654,567,0,0.02835
171,43944,rx_human_chest,/home/telilab4090/Documents/Gazebo World/my_world/rt_out/experiments/semantic_ablation_actor_200f/sionna_xml/frame_171_sionna.xml,30.0,0.0,0.0,2.4,-1.4605,-0.8406,1.6421,28000000000.0,21,6.163341392806387e-09,6.431429255826515e-08,5.8150951165458764e-08,2.240194589830935e-07,-66.49714255942916,-36.497142559429165,cir_coefficients_tau_mask,,"[1, 1, 1, 1, 21, 1]","[1, 1, 21]","[1, 1, 21]","[1, 1, 21]",,True,,21,5.8150951165458764e-08,-36.497142559429165,0,0.0,0.0,0,0,0,0,0,0,0,0,1.8477231989667715,381,559,1133,0.09468111273825208,0.12617123231312594,0.13755726944535843,559,0,0.02795
172,44201,rx_human_chest,/home/telilab4090/Documents/Gazebo World/my_world/rt_out/experiments/semantic_ablation_actor_200f/sionna_xml/frame_172_sionna.xml,30.0,0.0,0.0,2.4,-1.4605,-0.8406,1.6421,28000000000.0,21,6.163341392806387e-09,6.431429255826515e-08,5.8150951165458764e-08,2.240194589830935e-07,-66.49714255942916,-36.497142559429165,cir_coefficients_tau_mask,,"[1, 1, 1, 1, 21, 1]","[1, 1, 21]","[1, 1, 21]","[1, 1, 21]",,True,,21,5.8150951165458764e-08,-36.497142559429165,0,0.0,0.0,0,0,0,0,0,0,0,0,1.8477231989667715,380,548,1093,0.09429537985314584,0.12344693379359076,0.13697034001671124,548,0,0.0274
173,44458,rx_human_chest,/home/telilab4090/Documents/Gazebo World/my_world/rt_out/experiments/semantic_ablation_actor_200f/sionna_xml/frame_173_sionna.xml,30.0,0.0,0.0,2.4,-1.4605,-0.8406,1.6421,28000000000.0,21,6.163341392806387e-09,6.431429255826515e-08,5.8150951165458764e-08,2.2401944477223878e-07,-66.49714283492739,-36.49714283492739,cir_coefficients_tau_mask,,"[1, 1, 1, 1, 21, 1]","[1, 1, 21]","[1, 1, 21]","[1, 1, 21]",,True,,21,5.8150951165458764e-08,-36.497142559429165,0,0.0,-2.754982233454939e-07,0,0,0,0,0,0,0,0,1.8477231989667715,377,556,1101,0.051803618550886846,0.1284092806718717,0.13937583155102534,556,0,0.0278
174,44715,rx_human_chest,/home/telilab4090/Documents/Gazebo World/my_world/rt_out/experiments/semantic_ablation_actor_200f/sionna_xml/frame_174_sionna.xml,30.0,0.0,0.0,2.4,-1.4605,-0.8406,1.6421,28000000000.0,21,6.163341392806387e-09,6.431429255826515e-08,5.8150951165458764e-08,2.240194589830935e-07,-66.49714255942916,-36.497142559429165,cir_coefficients_tau_mask,,"[1, 1, 1, 1, 21, 1]","[1, 1, 21]","[1, 1, 21]","[1, 1, 21]",,True,,21,5.8150951165458764e-08,-36.49714283492739,0,0.0,2.754982233454939e-07,0,0,0,0,0,0,0,0,1.8477231989667715,380,596,1167,0.05947992142592132,0.12228233961467987,0.1376785014325165,596,0,0.0298
175,44972,rx_human_chest,/home/telilab4090/Documents/Gazebo World/my_world/rt_out/experiments/semantic_ablation_actor_200f/sionna_xml/frame_175_sionna.xml,30.0,0.0,0.0,2.4,-1.4605,-0.8406,1.6421,28000000000.0,21,6.163341392806387e-09,6.431429255826515e-08,5.8150951165458764e-08,2.2401947319394822e-07,-66.49714228393097,-36.49714228393097,cir_coefficients_tau_mask,,"[1, 1, 1, 1, 21, 1]","[1, 1, 21]","[1, 1, 21]","[1, 1, 21]",,True,,21,5.8150951165458764e-08,-36.497142559429165,0,0.0,2.7549819492378447e-07,0,0,0,0,0,0,0,0,1.8477231989667715,373,565,1133,0.11668089998121177,0.13376444828848438,0.1422860382703911,565,0,0.02825
176,45229,rx_human_chest,/home/telilab4090/Documents/Gazebo World/my_world/rt_out/experiments/semantic_ablation_actor_200f/sionna_xml/frame_176_sionna.xml,30.0,0.0,0.0,2.4,-1.4605,-0.8406,1.6421,28000000000.0,21,6.163341392806387e-09,6.431429255826515e-08,5.8150951165458764e-08,2.2401944477223878e-07,-66.49714283492739,-36.49714283492739,cir_coefficients_tau_mask,,"[1, 1, 1, 1, 21, 1]","[1, 1, 21]","[1, 1, 21]","[1, 1, 21]",,True,,21,5.8150951165458764e-08,-36.49714228393097,0,0.0,-5.509964182692784e-07,0,0,0,0,0,0,0,0,1.8477231989667715,407,569,1117,0.051803618550886846,0.11236992767052303,0.13299618872498964,569,0,0.02845
177,45486,rx_human_chest,/home/telilab4090/Documents/Gazebo World/my_world/rt_out/experiments/semantic_ablation_actor_200f/sionna_xml/frame_177_sionna.xml,30.0,0.0,0.0,2.4,-1.4605,-0.8406,1.6421,28000000000.0,21,6.163341392806387e-09,6.431429255826515e-08,5.8150951165458764e-08,2.240194589830935e-07,-66.49714255942916,-36.497142559429165,cir_coefficients_tau_mask,,"[1, 1, 1, 1, 21, 1]","[1, 1, 21]","[1, 1, 21]","[1, 1, 21]",,True,,21,5.8150951165458764e-08,-36.49714283492739,0,0.0,2.754982233454939e-07,0,0,0,0,0,0,0,0,1.8477231989667715,385,586,1158,0.09685073334180455,0.12275511536310586,0.13592354264956508,586,0,0.0293
178,45743,rx_human_chest,/home/telilab4090/Documents/Gazebo World/my_world/rt_out/experiments/semantic_ablation_actor_200f/sionna_xml/frame_178_sionna.xml,30.0,0.0,0.0,2.4,-1.4605,-0.8406,1.6421,28000000000.0,21,6.163341392806387e-09,6.431429255826515e-08,5.8150951165458764e-08,2.240194589830935e-07,-66.49714255942916,-36.497142559429165,cir_coefficients_tau_mask,,"[1, 1, 1, 1, 21, 1]","[1, 1, 21]","[1, 1, 21]","[1, 1, 21]",,True,,21,5.8150951165458764e-08,-36.497142559429165,0,0.0,0.0,0,0,0,0,0,0,0,0,1.8477231989667715,361,582,1140,0.10969569813757891,0.13527592714736492,0.14202900189505244,582,0,0.0291
179,46000,rx_human_chest,/home/telilab4090/Documents/Gazebo World/my_world/rt_out/experiments/semantic_ablation_actor_200f/sionna_xml/frame_179_sionna.xml,30.0,0.0,0.0,2.4,-1.4605,-0.8406,1.6421,28000000000.0,21,6.163341392806387e-09,6.431429255826515e-08,5.8150951165458764e-08,2.2401943056138407e-07,-66.4971431104256,-36.4971431104256,cir_coefficients_tau_mask,,"[1, 1, 1, 1, 21, 1]","[1, 1, 21]","[1, 1, 21]","[1, 1, 21]",,True,,21,5.8150951165458764e-08,-36.497142559429165,0,0.0,-5.509964324801331e-07,0,0,0,0,0,0,0,0,1.8477231989667715,364,548,1115,0.09034356707775365,0.1221484508289054,0.13454262396347588,548,0,0.0274
180,46257,rx_human_chest,/home/telilab4090/Documents/Gazebo World/my_world/rt_out/experiments/semantic_ablation_actor_200f/sionna_xml/frame_180_sionna.xml,30.0,0.0,0.0,2.4,-1.4605,-0.8406,1.6421,28000000000.0,21,6.163341392806387e-09,6.431429255826515e-08,5.8150951165458764e-08,2.240194589830935e-07,-66.49714255942916,-36.497142559429165,cir_coefficients_tau_mask,,"[1, 1, 1, 1, 21, 1]","[1, 1, 21]","[1, 1, 21]","[1, 1, 21]",,True,,21,5.8150951165458764e-08,-36.4971431104256,0,0.0,5.509964324801331e-07,0,0,0,0,0,0,0,0,1.8477231989667715,339,522,1078,0.06843297245110508,0.13139158597533213,0.14126697246351685,522,0,0.0261
181,46514,rx_human_chest,/home/telilab4090/Documents/Gazebo World/my_world/rt_out/experiments/semantic_ablation_actor_200f/sionna_xml/frame_181_sionna.xml,30.0,0.0,0.0,2.4,-1.4605,-0.8406,1.6421,28000000000.0,21,6.163341392806387e-09,6.431429255826515e-08,5.8150951165458764e-08,2.240194589830935e-07,-66.49714255942916,-36.497142559429165,cir_coefficients_tau_mask,,"[1, 1, 1, 1, 21, 1]","[1, 1, 21]","[1, 1, 21]","[1, 1, 21]",,True,,21,5.8150951165458764e-08,-36.497142559429165,0,0.0,0.0,0,0,0,0,0,0,0,0,1.8477231989667715,396,615,1164,0.06077081875763326,0.11909046584632577,0.13304075171925694,615,0,0.03075
182,46771,rx_human_chest,/home/telilab4090/Documents/Gazebo World/my_world/rt_out/experiments/semantic_ablation_actor_200f/sionna_xml/frame_182_sionna.xml,30.0,0.0,0.0,2.4,-1.4605,-0.8406,1.6421,28000000000.0,21,6.163341392806387e-09,6.431429255826515e-08,5.8150951165458764e-08,2.240194589830935e-07,-66.49714255942916,-36.497142559429165,cir_coefficients_tau_mask,,"[1, 1, 1, 1, 21, 1]","[1, 1, 21]","[1, 1, 21]","[1, 1, 21]",,True,,21,5.8150951165458764e-08,-36.497142559429165,0,0.0,0.0,0,0,0,0,0,0,0,0,1.8477231989667715,357,541,1101,0.10501284438835617,0.13393048973610863,0.1421946487976949,541,0,0.02705
183,47028,rx_human_chest,/home/telilab4090/Documents/Gazebo World/my_world/rt_out/experiments/semantic_ablation_actor_200f/sionna_xml/frame_183_sionna.xml,30.0,0.0,0.0,2.4,-1.4605,-0.8406,1.6421,28000000000.0,21,6.163341392806387e-09,6.431429255826515e-08,5.8150951165458764e-08,2.2401947319394822e-07,-66.49714228393097,-36.49714228393097,cir_coefficients_tau_mask,,"[1, 1, 1, 1, 21, 1]","[1, 1, 21]","[1, 1, 21]","[1, 1, 21]",,True,,21,5.8150951165458764e-08,-36.497142559429165,0,0.0,2.7549819492378447e-07,0,0,0,0,0,0,0,0,1.8477231989667715,389,579,1174,0.09685073334180455,0.12409082654957766,0.1370884611206032,579,0,0.02895
184,47285,rx_human_chest,/home/telilab4090/Documents/Gazebo World/my_world/rt_out/experiments/semantic_ablation_actor_200f/sionna_xml/frame_184_sionna.xml,30.0,0.0,0.0,2.4,-1.4605,-0.8406,1.6421,28000000000.0,20,6.163341392806387e-09,6.431429255826515e-08,5.8150951165458764e-08,2.2401920318770863e-07,-66.49714751839961,-36.497147518399615,cir_coefficients_tau_mask,,"[1, 1, 1, 1, 20, 1]","[1, 1, 20]","[1, 1, 20]","[1, 1, 20]",,True,,21,5.8150951165458764e-08,-36.49714228393097,-1,0.0,-5.234468645198831e-06,1,1,0,0,0,0,0,0,1.8477231989667715,373,557,1133,0.07071896293669933,0.11726256943113005,0.13327096962005267,557,0,0.02785
185,47542,rx_human_chest,/home/telilab4090/Documents/Gazebo World/my_world/rt_out/experiments/semantic_ablation_actor_200f/sionna_xml/frame_185_sionna.xml,30.0,0.0,0.0,2.4,-1.4605,-0.8406,1.6421,28000000000.0,21,6.163341392806387e-09,6.431429255826515e-08,5.8150951165458764e-08,2.240194589830935e-07,-66.49714255942916,-36.497142559429165,cir_coefficients_tau_mask,,"[1, 1, 1, 1, 21, 1]","[1, 1, 21]","[1, 1, 21]","[1, 1, 21]",,True,,20,5.8150951165458764e-08,-36.497147518399615,1,0.0,4.9589704502750465e-06,1,0,0,0,0,0,0,0,1.8477231989667715,406,611,1152,0.1043021488569408,0.12183556384105214,0.1351625925514303,611,0,0.03055
186,47799,rx_human_chest,/home/telilab4090/Documents/Gazebo World/my_world/rt_out/experiments/semantic_ablation_actor_200f/sionna_xml/frame_186_sionna.xml,30.0,0.0,0.0,2.4,-1.4605,-0.8406,1.6421,28000000000.0,21,6.163341392806387e-09,6.431429255826515e-08,5.8150951165458764e-08,2.240194589830935e-07,-66.49714255942916,-36.497142559429165,cir_coefficients_tau_mask,,"[1, 1, 1, 1, 21, 1]","[1, 1, 21]","[1, 1, 21]","[1, 1, 21]",,True,,21,5.8150951165458764e-08,-36.497142559429165,0,0.0,0.0,0,0,0,0,0,0,0,0,1.8477231989667715,385,587,1151,0.09468111273825208,0.11569065177569757,0.13168226186249352,587,0,0.02935
187,48056,rx_human_chest,/home/telilab4090/Documents/Gazebo World/my_world/rt_out/experiments/semantic_ablation_actor_200f/sionna_xml/frame_187_sionna.xml,30.0,0.0,0.0,2.4,-1.4605,-0.8406,1.6421,28000000000.0,21,6.163341392806387e-09,6.431429255826515e-08,5.8150951165458764e-08,2.2401947319394822e-07,-66.49714228393097,-36.49714228393097,cir_coefficients_tau_mask,,"[1, 1, 1, 1, 21, 1]","[1, 1, 21]","[1, 1, 21]","[1, 1, 21]",,True,,21,5.8150951165458764e-08,-36.497142559429165,0,0.0,2.7549819492378447e-07,0,0,0,0,0,0,0,0,1.8477231989667715,377,569,1098,0.06077081875763326,0.12735470396596646,0.13777173957466474,569,0,0.02845
188,48313,rx_human_chest,/home/telilab4090/Documents/Gazebo World/my_world/rt_out/experiments/semantic_ablation_actor_200f/sionna_xml/frame_188_sionna.xml,30.0,0.0,0.0,2.4,-1.4605,-0.8406,1.6421,28000000000.0,21,6.163341392806387e-09,6.431429255826515e-08,5.8150951165458764e-08,2.240194589830935e-07,-66.49714255942916,-36.497142559429165,cir_coefficients_tau_mask,,"[1, 1, 1, 1, 21, 1]","[1, 1, 21]","[1, 1, 21]","[1, 1, 21]",,True,,21,5.8150951165458764e-08,-36.49714228393097,0,0.0,-2.7549819492378447e-07,0,0,0,0,0,0,0,0,1.8477231989667715,397,575,1119,0.051803618550886846,0.12611403597459575,0.13761857891839743,575,0,0.02875
189,48570,rx_human_chest,/home/telilab4090/Documents/Gazebo World/my_world/rt_out/experiments/semantic_ablation_actor_200f/sionna_xml/frame_189_sionna.xml,30.0,0.0,0.0,2.4,-1.4605,-0.8406,1.6421,28000000000.0,21,6.163341392806387e-09,6.431429255826515e-08,5.8150951165458764e-08,2.240194589830935e-07,-66.49714255942916,-36.497142559429165,cir_coefficients_tau_mask,,"[1, 1, 1, 1, 21, 1]","[1, 1, 21]","[1, 1, 21]","[1, 1, 21]",,True,,21,5.8150951165458764e-08,-36.497142559429165,0,0.0,0.0,0,0,0,0,0,0,0,0,1.8477231989667715,370,566,1126,0.049967880839817305,0.12345730381764788,0.1370089141737191,566,0,0.0283
190,48827,rx_human_chest,/home/telilab4090/Documents/Gazebo World/my_world/rt_out/experiments/semantic_ablation_actor_200f/sionna_xml/frame_190_sionna.xml,30.0,0.0,0.0,2.4,-1.4605,-0.8406,1.6421,28000000000.0,21,6.163341392806387e-09,6.431429255826515e-08,5.8150951165458764e-08,2.2401947319394822e-07,-66.49714228393097,-36.49714228393097,cir_coefficients_tau_mask,,"[1, 1, 1, 1, 21, 1]","[1, 1, 21]","[1, 1, 21]","[1, 1, 21]",,True,,21,5.8150951165458764e-08,-36.497142559429165,0,0.0,2.7549819492378447e-07,0,0,0,0,0,0,0,0,1.8477231989667715,393,579,1129,0.06507442702667007,0.1257267070998807,0.13771208574957736,579,0,0.02895
191,49084,rx_human_chest,/home/telilab4090/Documents/Gazebo World/my_world/rt_out/experiments/semantic_ablation_actor_200f/sionna_xml/frame_191_sionna.xml,30.0,0.0,0.0,2.4,-1.4605,-0.8406,1.6421,28000000000.0,21,6.163341392806387e-09,6.431429255826515e-08,5.8150951165458764e-08,2.240194589830935e-07,-66.49714255942916,-36.497142559429165,cir_coefficients_tau_mask,,"[1, 1, 1, 1, 21, 1]","[1, 1, 21]","[1, 1, 21]","[1, 1, 21]",,True,,21,5.8150951165458764e-08,-36.49714228393097,0,0.0,-2.7549819492378447e-07,0,0,0,0,0,0,0,0,1.8477231989667715,402,611,1160,0.08512983954568365,0.12934666977596393,0.13897014994307974,611,0,0.03055
192,49341,rx_human_chest,/home/telilab4090/Documents/Gazebo World/my_world/rt_out/experiments/semantic_ablation_actor_200f/sionna_xml/frame_192_sionna.xml,30.0,0.0,0.0,2.4,-1.4605,-0.8406,1.6421,28000000000.0,21,6.163341392806387e-09,6.431429255826515e-08,5.8150951165458764e-08,2.2401944477223878e-07,-66.49714283492739,-36.49714283492739,cir_coefficients_tau_mask,,"[1, 1, 1, 1, 21, 1]","[1, 1, 21]","[1, 1, 21]","[1, 1, 21]",,True,,21,5.8150951165458764e-08,-36.497142559429165,0,0.0,-2.754982233454939e-07,0,0,0,0,0,0,0,0,1.8477231989667715,404,606,1184,0.09429537985314584,0.12417096410703368,0.13654170644239577,606,0,0.0303
193,49598,rx_human_chest,/home/telilab4090/Documents/Gazebo World/my_world/rt_out/experiments/semantic_ablation_actor_200f/sionna_xml/frame_193_sionna.xml,30.0,0.0,0.0,2.4,-1.4605,-0.8406,1.6421,28000000000.0,21,6.163341392806387e-09,6.431429255826515e-08,5.8150951165458764e-08,2.240194589830935e-07,-66.49714255942916,-36.497142559429165,cir_coefficients_tau_mask,,"[1, 1, 1, 1, 21, 1]","[1, 1, 21]","[1, 1, 21]","[1, 1, 21]",,True,,21,5.8150951165458764e-08,-36.49714283492739,0,0.0,2.754982233454939e-07,0,0,0,0,0,0,0,0,1.8477231989667715,398,590,1193,0.05842921654367848,0.12138502942649505,0.1350422586737779,590,0,0.0295
194,49855,rx_human_chest,/home/telilab4090/Documents/Gazebo World/my_world/rt_out/experiments/semantic_ablation_actor_200f/sionna_xml/frame_194_sionna.xml,30.0,0.0,0.0,2.4,-1.4605,-0.8406,1.6421,28000000000.0,21,6.163341392806387e-09,6.431429255826515e-08,5.8150951165458764e-08,2.2401947319394822e-07,-66.49714228393097,-36.49714228393097,cir_coefficients_tau_mask,,"[1, 1, 1, 1, 21, 1]","[1, 1, 21]","[1, 1, 21]","[1, 1, 21]",,True,,21,5.8150951165458764e-08,-36.497142559429165,0,0.0,2.7549819492378447e-07,0,0,0,0,0,0,0,0,1.8477231989667715,360,527,1109,0.09034356707775365,0.12627110469075425,0.13756651283908075,527,0,0.02635
195,50112,rx_human_chest,/home/telilab4090/Documents/Gazebo World/my_world/rt_out/experiments/semantic_ablation_actor_200f/sionna_xml/frame_195_sionna.xml,30.0,0.0,0.0,2.4,-1.4605,-0.8406,1.6421,28000000000.0,21,6.163341392806387e-09,6.431429255826515e-08,5.8150951165458764e-08,2.240194589830935e-07,-66.49714255942916,-36.497142559429165,cir_coefficients_tau_mask,,"[1, 1, 1, 1, 21, 1]","[1, 1, 21]","[1, 1, 21]","[1, 1, 21]",,True,,21,5.8150951165458764e-08,-36.49714228393097,0,0.0,-2.7549819492378447e-07,0,0,0,0,0,0,0,0,1.8477231989667715,353,540,1088,0.056654676184891624,0.11723354168166064,0.13333834416546886,540,0,0.027
196,50369,rx_human_chest,/home/telilab4090/Documents/Gazebo World/my_world/rt_out/experiments/semantic_ablation_actor_200f/sionna_xml/frame_196_sionna.xml,30.0,0.0,0.0,2.4,-1.4605,-0.8406,1.6421,28000000000.0,21,6.163341392806387e-09,6.431429255826515e-08,5.8150951165458764e-08,2.240194589830935e-07,-66.49714255942916,-36.497142559429165,cir_coefficients_tau_mask,,"[1, 1, 1, 1, 21, 1]","[1, 1, 21]","[1, 1, 21]","[1, 1, 21]",,True,,21,5.8150951165458764e-08,-36.497142559429165,0,0.0,0.0,0,0,0,0,0,0,0,0,1.8477231989667715,392,565,1125,0.06077081875763326,0.12446092950853951,0.13676729223516776,565,0,0.02825
197,50626,rx_human_chest,/home/telilab4090/Documents/Gazebo World/my_world/rt_out/experiments/semantic_ablation_actor_200f/sionna_xml/frame_197_sionna.xml,30.0,0.0,0.0,2.4,-1.4605,-0.8406,1.6421,28000000000.0,20,6.163341392806387e-09,6.431429255826515e-08,5.8150951165458764e-08,2.2396396559543064e-07,-66.49821851317411,-36.49821851317411,cir_coefficients_tau_mask,,"[1, 1, 1, 1, 20, 1]","[1, 1, 20]","[1, 1, 20]","[1, 1, 20]",,True,,21,5.8150951165458764e-08,-36.497142559429165,-1,0.0,-0.0010759537449445133,1,1,0,0,0,0,0,0,1.8477231989667715,377,568,1365,0.049967880839817305,0.11787879938149053,0.13425011085997315,568,0,0.0284
198,50883,rx_human_chest,/home/telilab4090/Documents/Gazebo World/my_world/rt_out/experiments/semantic_ablation_actor_200f/sionna_xml/frame_198_sionna.xml,30.0,0.0,0.0,2.4,-1.4605,-0.8406,1.6421,28000000000.0,21,6.163341392806387e-09,6.431429255826515e-08,5.8150951165458764e-08,2.2401947319394822e-07,-66.49714228393097,-36.49714228393097,cir_coefficients_tau_mask,,"[1, 1, 1, 1, 21, 1]","[1, 1, 21]","[1, 1, 21]","[1, 1, 21]",,True,,20,5.8150951165458764e-08,-36.49821851317411,1,0.0,0.0010762292431394371,1,0,0,0,0,0,0,0,1.8477231989667715,395,567,1277,0.056654676184891624,0.1265236179000885,0.13871700257632744,567,0,0.02835
199,51140,rx_human_chest,/home/telilab4090/Documents/Gazebo World/my_world/rt_out/experiments/semantic_ablation_actor_200f/sionna_xml/frame_199_sionna.xml,30.0,0.0,0.0,2.4,-1.4605,-0.8406,1.6421,28000000000.0,21,6.163341392806387e-09,6.431429255826515e-08,5.8150951165458764e-08,2.2401947319394822e-07,-66.49714228393097,-36.49714228393097,cir_coefficients_tau_mask,,"[1, 1, 1, 1, 21, 1]","[1, 1, 21]","[1, 1, 21]","[1, 1, 21]",,True,,21,5.8150951165458764e-08,-36.49714228393097,0,0.0,0.0,0,0,0,0,0,0,0,0,1.8477231989667715,353,523,1215,0.08145129228711827,0.12382047616657295,0.1383495125415614,523,0,0.02615
1,257,rx_nao_chest,/home/telilab4090/Documents/Gazebo World/my_world/rt_out/experiments/semantic_ablation_actor_200f/sionna_xml/frame_001_sionna.xml,30.0,0.0,0.0,2.4,-0.1337,2.748,0.7,28000000000.0,22,1.0787783999433032e-08,6.209720737615498e-08,5.130942337672195e-08,7.234464760585979e-08,-71.40593594485887,-41.40593594485887,cir_coefficients_tau_mask,,"[1, 1, 1, 1, 22, 1]","[1, 1, 22]","[1, 1, 22]","[1, 1, 22]",,True,,20,5.130942337672195e-08,-41.4069192497595,2,0.0,0.000983304900628923,1,0,0,0,0,0,0,0,3.2340964255878335,1092,2556,5013,0.10955713664771444,0.11036858623604125,0.11350524816731761,2057,0,0.1278
2,514,rx_nao_chest,/home/telilab4090/Documents/Gazebo World/my_world/rt_out/experiments/semantic_ablation_actor_200f/sionna_xml/frame_002_sionna.xml,30.0,0.0,0.0,2.4,-0.1337,2.748,0.7,28000000000.0,23,1.0787783999433032e-08,6.209720737615498e-08,5.130942337672195e-08,7.248429767514608e-08,-71.39756064761876,-41.39756064761876,cir_coefficients_tau_mask,,"[1, 1, 1, 1, 23, 1]","[1, 1, 23]","[1, 1, 23]","[1, 1, 23]",,True,,22,5.130942337672195e-08,-41.40593594485887,1,0.0,0.008375297240107216,1,0,0,0,0,0,0,0,3.2340964255878335,1015,2437,4940,0.10987542105856386,0.11075070182798644,0.11660123321423871,1968,0,0.12185
3,771,rx_nao_chest,/home/telilab4090/Documents/Gazebo World/my_world/rt_out/experiments/semantic_ablation_actor_200f/sionna_xml/frame_003_sionna.xml,30.0,0.0,0.0,2.4,-0.1337,2.748,0.7,28000000000.0,24,1.0787783999433032e-08,6.209720737615498e-08,5.130942337672195e-08,7.249248312746204e-08,-71.39707023849851,-41.397070238498515,cir_coefficients_tau_mask,,"[1, 1, 1, 1, 24, 1]","[1, 1, 24]","[1, 1, 24]","[1, 1, 24]",,True,,23,5.130942337672195e-08,-41.39756064761876,1,0.0,0.0004904091202462268,1,0,0,0,0,0,0,0,3.2340964255878335,1084,2420,5009,0.10901285896739998,0.11037351469055043,0.11336077052532717,2003,0,0.121
4,1028,rx_nao_chest,/home/telilab4090/Documents/Gazebo World/my_world/rt_out/experiments/semantic_ablation_actor_200f/sionna_xml/frame_004_sionna.xml,30.0,0.0,0.0,2.4,-0.1337,2.748,0.7,28000000000.0,24,1.0787783999433032e-08,6.209720737615498e-08,5.130942337672195e-08,7.249248312746204e-08,-71.39707023849851,-41.397070238498515,cir_coefficients_tau_mask,,"[1, 1, 1, 1, 24, 1]","[1, 1, 24]","[1, 1, 24]","[1, 1, 24]",,True,,24,5.130942337672195e-08,-41.397070238498515,0,0.0,0.0,0,0,0,0,0,0,0,0,3.2340964255878335,1071,2410,4977,0.10952485459083218,0.11083637395996435,0.11886977521157545,2039,0,0.1205
5,1285,rx_nao_chest,/home/telilab4090/Documents/Gazebo World/my_world/rt_out/experiments/semantic_ablation_actor_200f/sionna_xml/frame_005_sionna.xml,30.0,0.0,0.0,2.4,-0.1337,2.748,0.7,28000000000.0,24,1.0787783999433032e-08,6.209720737615498e-08,5.130942337672195e-08,7.24924902328894e-08,-71.3970698128202,-41.397069812820206,cir_coefficients_tau_mask,,"[1, 1, 1, 1, 24, 1]","[1, 1, 24]","[1, 1, 24]","[1, 1, 24]",,True,,24,5.130942337672195e-08,-41.397070238498515,0,0.0,4.2567830860207323e-07,0,0,0,0,0,0,0,0,3.2340964255878335,1114,2440,5112,0.10909983340327381,0.11052496368154355,0.1140326117237931,2036,0,0.122
6,1542,rx_nao_chest,/home/telilab4090/Documents/Gazebo World/my_world/rt_out/experiments/semantic_ablation_actor_200f/sionna_xml/frame_006_sionna.xml,30.0,0.0,0.0,2.4,-0.1337,2.748,0.7,28000000000.0,24,1.0787783999433032e-08,6.209720737615498e-08,5.130942337672195e-08,7.249248312746204e-08,-71.39707023849851,-41.397070238498515,cir_coefficients_tau_mask,,"[1, 1, 1, 1, 24, 1]","[1, 1, 24]","[1, 1, 24]","[1, 1, 24]",,True,,24,5.130942337672195e-08,-41.397069812820206,0,0.0,-4.2567830860207323e-07,0,0,0,0,0,0,0,0,3.2340964255878335,1084,2543,5043,0.1099905274496891,0.11135878504053054,0.11684378606055576,1976,0,0.12715
7,1799,rx_nao_chest,/home/telilab4090/Documents/Gazebo World/my_world/rt_out/experiments/semantic_ablation_actor_200f/sionna_xml/frame_007_sionna.xml,30.0,0.0,0.0,2.4,-0.1337,2.748,0.7,28000000000.0,24,1.0787783999433032e-08,6.209720737615498e-08,5.130942337672195e-08,7.249248312746204e-08,-71.39707023849851,-41.397070238498515,cir_coefficients_tau_mask,,"[1, 1, 1, 1, 24, 1]","[1, 1, 24]","[1, 1, 24]","[1, 1, 24]",,True,,24,5.130942337672195e-08,-41.397070238498515,0,0.0,0.0,0,0,0,0,0,0,0,0,3.2340964255878335,1086,2521,5105,0.1099905274496891,0.1106000744328702,0.1159464814572716,1990,0,0.12605
8,2056,rx_nao_chest,/home/telilab4090/Documents/Gazebo World/my_world/rt_out/experiments/semantic_ablation_actor_200f/sionna_xml/frame_008_sionna.xml,30.0,0.0,0.0,2.4,-0.1337,2.748,0.7,28000000000.0,24,1.0787783999433032e-08,6.209720737615498e-08,5.130942337672195e-08,7.249248312746204e-08,-71.39707023849851,-41.397070238498515,cir_coefficients_tau_mask,,"[1, 1, 1, 1, 24, 1]","[1, 1, 24]","[1, 1, 24]","[1, 1, 24]",,True,,24,5.130942337672195e-08,-41.397070238498515,0,0.0,0.0,0,0,0,0,0,0,0,0,3.2340964255878335,1074,2343,5116,0.10902825088711011,0.11118025653286008,0.11968204480194024,2011,0,0.11715
9,2313,rx_nao_chest,/home/telilab4090/Documents/Gazebo World/my_world/rt_out/experiments/semantic_ablation_actor_200f/sionna_xml/frame_009_sionna.xml,30.0,0.0,0.0,2.4,-0.1337,2.748,0.7,28000000000.0,24,1.0787783999433032e-08,6.209720737615498e-08,5.130942337672195e-08,7.249248312746204e-08,-71.39707023849851,-41.397070238498515,cir_coefficients_tau_mask,,"[1, 1, 1, 1, 24, 1]","[1, 1, 24]","[1, 1, 24]","[1, 1, 24]",,True,,24,5.130942337672195e-08,-41.397070238498515,0,0.0,0.0,0,0,0,0,0,0,0,0,3.2340964255878335,1098,2339,5046,0.10901953951675983,0.11071935500488725,0.11446264964719946,2030,0,0.11695
10,2570,rx_nao_chest,/home/telilab4090/Documents/Gazebo World/my_world/rt_out/experiments/semantic_ablation_actor_200f/sionna_xml/frame_010_sionna.xml,30.0,0.0,0.0,2.4,-0.1337,2.748,0.7,28000000000.0,24,1.0787783999433032e-08,6.209720737615498e-08,5.130942337672195e-08,7.249248312746204e-08,-71.39707023849851,-41.397070238498515,cir_coefficients_tau_mask,,"[1, 1, 1, 1, 24, 1]","[1, 1, 24]","[1, 1, 24]","[1, 1, 24]",,True,,24,5.130942337672195e-08,-41.397070238498515,0,0.0,0.0,0,0,0,0,0,0,0,0,3.2340964255878335,1162,2580,5032,0.10901953951675983,0.1107253754785628,0.11468243511096361,2090,0,0.129
11,2827,rx_nao_chest,/home/telilab4090/Documents/Gazebo World/my_world/rt_out/experiments/semantic_ablation_actor_200f/sionna_xml/frame_011_sionna.xml,30.0,0.0,0.0,2.4,-0.1337,2.748,0.7,28000000000.0,23,1.0787783999433032e-08,6.209720737615498e-08,5.130942337672195e-08,7.244390332061812e-08,-71.39998157682443,-41.39998157682443,cir_coefficients_tau_mask,,"[1, 1, 1, 1, 23, 1]","[1, 1, 23]","[1, 1, 23]","[1, 1, 23]",,True,,24,5.130942337672195e-08,-41.397070238498515,-1,0.0,-0.0029113383259158354,1,1,0,0,0,0,0,0,3.2340964255878335,1126,2997,4785,0.10911313780223297,0.11052937010881654,0.11345628857316166,2061,0,0.14985
12,3084,rx_nao_chest,/home/telilab4090/Documents/Gazebo World/my_world/rt_out/experiments/semantic_ablation_actor_200f/sionna_xml/frame_012_sionna.xml,30.0,0.0,0.0,2.4,-0.1337,2.748,0.7,28000000000.0,19,1.0787783999433032e-08,6.209720737615498e-08,5.130942337672195e-08,7.188535278146446e-08,-71.43359591595069,-41.43359591595069,cir_coefficients_tau_mask,,"[1, 1, 1, 1, 19, 1]","[1, 1, 19]","[1, 1, 19]","[1, 1, 19]",,True,,23,5.130942337672195e-08,-41.39998157682443,-4,0.0,-0.03361433912625955,1,1,0,0,0,0,0,0,3.2340964255878335,1072,2281,4747,0.10908076926910024,0.11071148112050122,0.1138420172304177,2063,0,0.11405
13,3341,rx_nao_chest,/home/telilab4090/Documents/Gazebo World/my_world/rt_out/experiments/semantic_ablation_actor_200f/sionna_xml/frame_013_sionna.xml,30.0,0.0,0.0,2.4,-0.1337,2.748,0.7,28000000000.0,19,1.0787783999433032e-08,6.209720737615498e-08,5.130942337672195e-08,7.188535278146446e-08,-71.43359591595069,-41.43359591595069,cir_coefficients_tau_mask,,"[1, 1, 1, 1, 19, 1]","[1, 1, 19]","[1, 1, 19]","[1, 1, 19]",,True,,19,5.130942337672195e-08,-41.43359591595069,0,0.0,0.0,0,0,0,0,0,0,0,0,3.2340964255878335,1076,2231,4785,0.10934735816690226,0.11056525785153656,0.11308742646404626,2019,0,0.11155
14,3598,rx_nao_chest,/home/telilab4090/Documents/Gazebo World/my_world/rt_out/experiments/semantic_ablation_actor_200f/sionna_xml/frame_014_sionna.xml,30.0,0.0,0.0,2.4,-0.1337,2.748,0.7,28000000000.0,23,1.0787783999433032e-08,6.209720737615498e-08,5.130942337672195e-08,7.236335619609235e-08,-71.40481298865271,-41.40481298865271,cir_coefficients_tau_mask,,"[1, 1, 1, 1, 23, 1]","[1, 1, 23]","[1, 1, 23]","[1, 1, 23]",,True,,19,5.130942337672195e-08,-41.43359591595069,4,0.0,0.02878292729798204,1,0,0,0,0,0,0,0,3.2340964255878335,1103,3462,4891,0.10916801115923887,0.1105321577363351,0.11432370347056998,2119,0,0.1731
15,3855,rx_nao_chest,/home/telilab4090/Documents/Gazebo World/my_world/rt_out/experiments/semantic_ablation_actor_200f/sionna_xml/frame_015_sionna.xml,30.0,0.0,0.0,2.4,-0.1337,2.748,0.7,28000000000.0,24,1.0787783999433032e-08,6.209720737615498e-08,5.130942337672195e-08,7.249248312746204e-08,-71.39707023849851,-41.397070238498515,cir_coefficients_tau_mask,,"[1, 1, 1, 1, 24, 1]","[1, 1, 24]","[1, 1, 24]","[1, 1, 24]",,True,,23,5.130942337672195e-08,-41.40481298865271,1,0.0,0.007742750154193345,1,0,0,0,0,0,0,0,3.2340964255878335,1962,3591,4850,0.011125547194068122,0.04780269975216396,0.06608803759903852,2014,0,0.17955
16,4112,rx_nao_chest,/home/telilab4090/Documents/Gazebo World/my_world/rt_out/experiments/semantic_ablation_actor_200f/sionna_xml/frame_016_sionna.xml,30.0,0.0,0.0,2.4,-0.1337,2.748,0.7,28000000000.0,23,1.0787783999433032e-08,6.209720737615498e-08,5.130942337672195e-08,7.236335619609235e-08,-71.40481298865271,-41.40481298865271,cir_coefficients_tau_mask,,"[1, 1, 1, 1, 23, 1]","[1, 1, 23]","[1, 1, 23]","[1, 1, 23]",,True,,24,5.130942337672195e-08,-41.397070238498515,-1,0.0,-0.007742750154193345,1,1,0,0,0,0,0,0,3.2340964255878335,1076,3534,4842,0.10958952100359404,0.11104893036774496,0.11762933076988379,2038,0,0.1767
17,4369,rx_nao_chest,/home/telilab4090/Documents/Gazebo World/my_world/rt_out/experiments/semantic_ablation_actor_200f/sionna_xml/frame_017_sionna.xml,30.0,0.0,0.0,2.4,-0.1337,2.748,0.7,28000000000.0,23,1.0787783999433032e-08,6.209720737615498e-08,5.130942337672195e-08,7.236335619609235e-08,-71.40481298865271,-41.40481298865271,cir_coefficients_tau_mask,,"[1, 1, 1, 1, 23, 1]","[1, 1, 23]","[1, 1, 23]","[1, 1, 23]",,True,,23,5.130942337672195e-08,-41.40481298865271,0,0.0,0.0,0,0,0,0,0,0,0,0,3.2340964255878335,1046,3390,4693,0.10983945789662351,0.11107568573119195,0.1165073222306091,1971,0,0.1695
18,4626,rx_nao_chest,/home/telilab4090/Documents/Gazebo World/my_world/rt_out/experiments/semantic_ablation_actor_200f/sionna_xml/frame_018_sionna.xml,30.0,0.0,0.0,2.4,-0.1337,2.748,0.7,28000000000.0,23,1.0787783999433032e-08,6.209720737615498e-08,5.130942337672195e-08,7.236335619609235e-08,-71.40481298865271,-41.40481298865271,cir_coefficients_tau_mask,,"[1, 1, 1, 1, 23, 1]","[1, 1, 23]","[1, 1, 23]","[1, 1, 23]",,True,,23,5.130942337672195e-08,-41.40481298865271,0,0.0,0.0,0,0,0,0,0,0,0,0,3.2340964255878335,1057,3411,4637,0.10901953951675983,0.11278536769065653,0.12595418978524195,1971,0,0.17055
19,4883,rx_nao_chest,/home/telilab4090/Documents/Gazebo World/my_world/rt_out/experiments/semantic_ablation_actor_200f/sionna_xml/frame_019_sionna.xml,30.0,0.0,0.0,2.4,-0.1337,2.748,0.7,28000000000.0,24,1.0787783999433032e-08,6.209720737615498e-08,5.130942337672195e-08,7.24924902328894e-08,-71.3970698128202,-41.397069812820206,cir_coefficients_tau_mask,,"[1, 1, 1, 1, 24, 1]","[1, 1, 24]","[1, 1, 24]","[1, 1, 24]",,True,,23,5.130942337672195e-08,-41.40481298865271,1,0.0,0.007743175832501947,1,0,0,0,0,0,0,0,3.2340964255878335,1012,2683,4622,0.10902825088711011,0.1106208557142945,0.11614362732606615,1941,0,0.13415
20,5140,rx_nao_chest,/home/telilab4090/Documents/Gazebo World/my_world/rt_out/experiments/semantic_ablation_actor_200f/sionna_xml/frame_020_sionna.xml,30.0,0.0,0.0,2.4,-0.1337,2.748,0.7,28000000000.0,22,1.0787783999433032e-08,6.209720737615498e-08,5.130942337672195e-08,7.231477638924844e-08,-71.40772952378627,-41.40772952378627,cir_coefficients_tau_mask,,"[1, 1, 1, 1, 22, 1]","[1, 1, 22]","[1, 1, 22]","[1, 1, 22]",,True,,24,5.130942337672195e-08,-41.397069812820206,-2,0.0,-0.010659710966066882,1,1,0,0,0,0,0,0,3.2340964255878335,1113,2081,4788,0.10926893040879078,0.11078888083670813,0.11630091292573816,2081,0,0.10405
21,5397,rx_nao_chest,/home/telilab4090/Documents/Gazebo World/my_world/rt_out/experiments/semantic_ablation_actor_200f/sionna_xml/frame_021_sionna.xml,30.0,0.0,0.0,2.4,-0.1337,2.748,0.7,28000000000.0,24,1.0787783999433032e-08,6.209720737615498e-08,5.130942337672195e-08,7.249248312746204e-08,-71.39707023849851,-41.397070238498515,cir_coefficients_tau_mask,,"[1, 1, 1, 1, 24, 1]","[1, 1, 24]","[1, 1, 24]","[1, 1, 24]",,True,,22,5.130942337672195e-08,-41.40772952378627,2,0.0,0.01065928528775828,1,0,0,0,0,0,0,0,3.2340964255878335,1132,2072,4693,0.10979236635606461,0.11062015948159325,0.11299707311245372,2072,0,0.1036
22,5654,rx_nao_chest,/home/telilab4090/Documents/Gazebo World/my_world/rt_out/experiments/semantic_ablation_actor_200f/sionna_xml/frame_022_sionna.xml,30.0,0.0,0.0,2.4,-0.1337,2.748,0.7,28000000000.0,24,1.0787783999433032e-08,6.209720737615498e-08,5.130942337672195e-08,7.249248312746204e-08,-71.39707023849851,-41.397070238498515,cir_coefficients_tau_mask,,"[1, 1, 1, 1, 24, 1]","[1, 1, 24]","[1, 1, 24]","[1, 1, 24]",,True,,24,5.130942337672195e-08,-41.397070238498515,0,0.0,0.0,0,0,0,0,0,0,0,0,3.2340964255878335,1057,1968,4620,0.11028543771378278,0.11110899653283099,0.11756937260639067,1968,0,0.0984
23,5911,rx_nao_chest,/home/telilab4090/Documents/Gazebo World/my_world/rt_out/experiments/semantic_ablation_actor_200f/sionna_xml/frame_023_sionna.xml,30.0,0.0,0.0,2.4,-0.1337,2.748,0.7,28000000000.0,24,1.0787783999433032e-08,6.209720737615498e-08,5.130942337672195e-08,7.24924902328894e-08,-71.3970698128202,-41.397069812820206,cir_coefficients_tau_mask,,"[1, 1, 1, 1, 24, 1]","[1, 1, 24]","[1, 1, 24]","[1, 1, 24]",,True,,24,5.130942337672195e-08,-41.397070238498515,0,0.0,4.2567830860207323e-07,0,0,0,0,0,0,0,0,3.2340964255878335,1077,1999,4746,0.10958952100359404,0.11058458569248275,0.11653920236973042,1999,0,0.09995
24,6168,rx_nao_chest,/home/telilab4090/Documents/Gazebo World/my_world/rt_out/experiments/semantic_ablation_actor_200f/sionna_xml/frame_024_sionna.xml,30.0,0.0,0.0,2.4,-0.1337,2.748,0.7,28000000000.0,24,1.0787783999433032e-08,6.209720737615498e-08,5.130942337672195e-08,7.24924902328894e-08,-71.3970698128202,-41.397069812820206,cir_coefficients_tau_mask,,"[1, 1, 1, 1, 24, 1]","[1, 1, 24]","[1, 1, 24]","[1, 1, 24]",,True,,24,5.130942337672195e-08,-41.397069812820206,0,0.0,0.0,0,0,0,0,0,0,0,0,3.2340964255878335,1066,2009,4680,0.10909983340327381,0.11077258845525359,0.12079171437203494,2009,0,0.10045
25,6425,rx_nao_chest,/home/telilab4090/Documents/Gazebo World/my_world/rt_out/experiments/semantic_ablation_actor_200f/sionna_xml/frame_025_sionna.xml,30.0,0.0,0.0,2.4,-0.1337,2.748,0.7,28000000000.0,24,1.0787783999433032e-08,6.209720737615498e-08,5.130942337672195e-08,7.24924902328894e-08,-71.3970698128202,-41.397069812820206,cir_coefficients_tau_mask,,"[1, 1, 1, 1, 24, 1]","[1, 1, 24]","[1, 1, 24]","[1, 1, 24]",,True,,24,5.130942337672195e-08,-41.397069812820206,0,0.0,0.0,0,0,0,0,0,0,0,0,3.2340964255878335,1052,1980,4487,0.10951927330382809,0.1108444208109763,0.12044377721834866,1980,0,0.099
26,6682,rx_nao_chest,/home/telilab4090/Documents/Gazebo World/my_world/rt_out/experiments/semantic_ablation_actor_200f/sionna_xml/frame_026_sionna.xml,30.0,0.0,0.0,2.4,-0.1337,2.748,0.7,28000000000.0,24,1.0787783999433032e-08,6.209720737615498e-08,5.130942337672195e-08,7.24924902328894e-08,-71.3970698128202,-41.397069812820206,cir_coefficients_tau_mask,,"[1, 1, 1, 1, 24, 1]","[1, 1, 24]","[1, 1, 24]","[1, 1, 24]",,True,,24,5.130942337672195e-08,-41.397069812820206,0,0.0,0.0,0,0,0,0,0,0,0,0,3.2340964255878335,1088,2021,4431,0.10902825088711011,0.11092159000295418,0.11714655457925259,2021,0,0.10105
27,6939,rx_nao_chest,/home/telilab4090/Documents/Gazebo World/my_world/rt_out/experiments/semantic_ablation_actor_200f/sionna_xml/frame_027_sionna.xml,30.0,0.0,0.0,2.4,-0.1337,2.748,0.7,28000000000.0,24,1.0787783999433032e-08,6.209720737615498e-08,5.130942337672195e-08,7.24924902328894e-08,-71.3970698128202,-41.397069812820206,cir_coefficients_tau_mask,,"[1, 1, 1, 1, 24, 1]","[1, 1, 24]","[1, 1, 24]","[1, 1, 24]",,True,,24,5.130942337672195e-08,-41.397069812820206,0,0.0,0.0,0,0,0,0,0,0,0,0,3.2340964255878335,1034,2001,4605,0.10908076926910024,0.1107232949338364,0.11786508713546119,2001,0,0.10005
28,7196,rx_nao_chest,/home/telilab4090/Documents/Gazebo World/my_world/rt_out/experiments/semantic_ablation_actor_200f/sionna_xml/frame_028_sionna.xml,30.0,0.0,0.0,2.4,-0.1337,2.748,0.7,28000000000.0,24,1.0787783999433032e-08,6.209720737615498e-08,5.130942337672195e-08,7.24924902328894e-08,-71.3970698128202,-41.397069812820206,cir_coefficients_tau_mask,,"[1, 1, 1, 1, 24, 1]","[1, 1, 24]","[1, 1, 24]","[1, 1, 24]",,True,,24,5.130942337672195e-08,-41.397069812820206,0,0.0,0.0,0,0,0,0,0,0,0,0,3.2340964255878335,1050,2003,4693,0.10911155102406693,0.11111956382764827,0.11614389228201144,2003,0,0.10015
29,7453,rx_nao_chest,/home/telilab4090/Documents/Gazebo World/my_world/rt_out/experiments/semantic_ablation_actor_200f/sionna_xml/frame_029_sionna.xml,30.0,0.0,0.0,2.4,-0.1337,2.748,0.7,28000000000.0,24,1.0787783999433032e-08,6.209720737615498e-08,5.130942337672195e-08,7.24924902328894e-08,-71.3970698128202,-41.397069812820206,cir_coefficients_tau_mask,,"[1, 1, 1, 1, 24, 1]","[1, 1, 24]","[1, 1, 24]","[1, 1, 24]",,True,,24,5.130942337672195e-08,-41.397069812820206,0,0.0,0.0,0,0,0,0,0,0,0,0,3.2340964255878335,1075,2023,4676,0.10908142131678825,0.11116122191493918,0.11928673117900568,2023,0,0.10115
30,7710,rx_nao_chest,/home/telilab4090/Documents/Gazebo World/my_world/rt_out/experiments/semantic_ablation_actor_200f/sionna_xml/frame_030_sionna.xml,30.0,0.0,0.0,2.4,-0.1337,2.748,0.7,28000000000.0,24,1.0787783999433032e-08,6.209720737615498e-08,5.130942337672195e-08,7.24924902328894e-08,-71.3970698128202,-41.397069812820206,cir_coefficients_tau_mask,,"[1, 1, 1, 1, 24, 1]","[1, 1, 24]","[1, 1, 24]","[1, 1, 24]",,True,,24,5.130942337672195e-08,-41.397069812820206,0,0.0,0.0,0,0,0,0,0,0,0,0,3.2340964255878335,1096,2009,4438,0.10911313780223297,0.11088436185726143,0.11485242570997235,2009,0,0.10045
31,7967,rx_nao_chest,/home/telilab4090/Documents/Gazebo World/my_world/rt_out/experiments/semantic_ablation_actor_200f/sionna_xml/frame_031_sionna.xml,30.0,0.0,0.0,2.4,-0.1337,2.748,0.7,28000000000.0,24,1.0787783999433032e-08,6.209720737615498e-08,5.130942337672195e-08,7.249248312746204e-08,-71.39707023849851,-41.397070238498515,cir_coefficients_tau_mask,,"[1, 1, 1, 1, 24, 1]","[1, 1, 24]","[1, 1, 24]","[1, 1, 24]",,True,,24,5.130942337672195e-08,-41.397069812820206,0,0.0,-4.2567830860207323e-07,0,0,0,0,0,0,0,0,3.2340964255878335,1087,2045,4391,0.11020248353773447,0.11187422494276919,0.12364363587401479,2045,0,0.10225
32,8224,rx_nao_chest,/home/telilab4090/Documents/Gazebo World/my_world/rt_out/experiments/semantic_ablation_actor_200f/sionna_xml/frame_032_sionna.xml,30.0,0.0,0.0,2.4,-0.1337,2.748,0.7,28000000000.0,24,1.0787783999433032e-08,6.209720737615498e-08,5.130942337672195e-08,7.249248312746204e-08,-71.39707023849851,-41.397070238498515,cir_coefficients_tau_mask,,"[1, 1, 1, 1, 24, 1]","[1, 1, 24]","[1, 1, 24]","[1, 1, 24]",,True,,24,5.130942337672195e-08,-41.397070238498515,0,0.0,0.0,0,0,0,0,0,0,0,0,3.2340964255878335,1129,2064,4622,0.10983945789662351,0.11080531850590007,0.11600991865200556,2064,0,0.1032
33,8481,rx_nao_chest,/home/telilab4090/Documents/Gazebo World/my_world/rt_out/experiments/semantic_ablation_actor_200f/sionna_xml/frame_033_sionna.xml,30.0,0.0,0.0,2.4,-0.1337,2.748,0.7,28000000000.0,24,1.0787783999433032e-08,6.209720737615498e-08,5.130942337672195e-08,7.24924902328894e-08,-71.3970698128202,-41.397069812820206,cir_coefficients_tau_mask,,"[1, 1, 1, 1, 24, 1]","[1, 1, 24]","[1, 1, 24]","[1, 1, 24]",,True,,24,5.130942337672195e-08,-41.397070238498515,0,0.0,4.2567830860207323e-07,0,0,0,0,0,0,0,0,3.2340964255878335,1095,2063,4588,0.10958952100359404,0.1106760447894128,0.11437837425918328,2063,0,0.10315
34,8737,rx_nao_chest,/home/telilab4090/Documents/Gazebo World/my_world/rt_out/experiments/semantic_ablation_actor_200f/sionna_xml/frame_034_sionna.xml,30.0,0.0,0.0,2.4,-0.1337,2.748,0.7,28000000000.0,24,1.0787783999433032e-08,6.209720737615498e-08,5.130942337672195e-08,7.249248312746204e-08,-71.39707023849851,-41.397070238498515,cir_coefficients_tau_mask,,"[1, 1, 1, 1, 24, 1]","[1, 1, 24]","[1, 1, 24]","[1, 1, 24]",,True,,24,5.130942337672195e-08,-41.397069812820206,0,0.0,-4.2567830860207323e-07,0,0,0,0,0,0,0,0,3.2340964255878335,1068,2048,4546,0.10911155102406693,0.11258145806163047,0.12293878299378187,2048,0,0.1024
35,8994,rx_nao_chest,/home/telilab4090/Documents/Gazebo World/my_world/rt_out/experiments/semantic_ablation_actor_200f/sionna_xml/frame_035_sionna.xml,30.0,0.0,0.0,2.4,-0.1337,2.748,0.7,28000000000.0,24,1.0787783999433032e-08,6.209720737615498e-08,5.130942337672195e-08,7.24924902328894e-08,-71.3970698128202,-41.397069812820206,cir_coefficients_tau_mask,,"[1, 1, 1, 1, 24, 1]","[1, 1, 24]","[1, 1, 24]","[1, 1, 24]",,True,,24,5.130942337672195e-08,-41.397070238498515,0,0.0,4.2567830860207323e-07,0,0,0,0,0,0,0,0,3.2340964255878335,1068,1947,4177,0.10911313780223297,0.11091405947351048,0.1210054592135315,1947,0,0.09735
36,9251,rx_nao_chest,/home/telilab4090/Documents/Gazebo World/my_world/rt_out/experiments/semantic_ablation_actor_200f/sionna_xml/frame_036_sionna.xml,30.0,0.0,0.0,2.4,-0.1337,2.748,0.7,28000000000.0,24,1.0787783999433032e-08,6.209720737615498e-08,5.130942337672195e-08,7.249248312746204e-08,-71.39707023849851,-41.397070238498515,cir_coefficients_tau_mask,,"[1, 1, 1, 1, 24, 1]","[1, 1, 24]","[1, 1, 24]","[1, 1, 24]",,True,,24,5.130942337672195e-08,-41.397069812820206,0,0.0,-4.2567830860207323e-07,0,0,0,0,0,0,0,0,3.2340964255878335,1103,2085,4745,0.10908144924496863,0.11014189815682711,0.11216985311531767,2085,0,0.10425
37,9508,rx_nao_chest,/home/telilab4090/Documents/Gazebo World/my_world/rt_out/experiments/semantic_ablation_actor_200f/sionna_xml/frame_037_sionna.xml,30.0,0.0,0.0,2.4,-0.1337,2.748,0.7,28000000000.0,24,1.0787783999433032e-08,6.209720737615498e-08,5.130942337672195e-08,7.249248312746204e-08,-71.39707023849851,-41.397070238498515,cir_coefficients_tau_mask,,"[1, 1, 1, 1, 24, 1]","[1, 1, 24]","[1, 1, 24]","[1, 1, 24]",,True,,24,5.130942337672195e-08,-41.397070238498515,0,0.0,0.0,0,0,0,0,0,0,0,0,3.2340964255878335,1088,2037,4736,0.10944138101884054,0.11100596731843282,0.11898720396954499,2037,0,0.10185
38,9765,rx_nao_chest,/home/telilab4090/Documents/Gazebo World/my_world/rt_out/experiments/semantic_ablation_actor_200f/sionna_xml/frame_038_sionna.xml,30.0,0.0,0.0,2.4,-0.1337,2.748,0.7,28000000000.0,24,1.0787783999433032e-08,6.209720737615498e-08,5.130942337672195e-08,7.249248312746204e-08,-71.39707023849851,-41.397070238498515,cir_coefficients_tau_mask,,"[1, 1, 1, 1, 24, 1]","[1, 1, 24]","[1, 1, 24]","[1, 1, 24]",,True,,24,5.130942337672195e-08,-41.397070238498515,0,0.0,0.0,0,0,0,0,0,0,0,0,3.2340964255878335,1133,2039,4593,0.10944138101884054,0.11115003498391732,0.11632586946251461,2039,0,0.10195
39,10022,rx_nao_chest,/home/telilab4090/Documents/Gazebo World/my_world/rt_out/experiments/semantic_ablation_actor_200f/sionna_xml/frame_039_sionna.xml,30.0,0.0,0.0,2.4,-0.1337,2.748,0.7,28000000000.0,24,1.0787783999433032e-08,6.209720737615498e-08,5.130942337672195e-08,7.249248312746204e-08,-71.39707023849851,-41.397070238498515,cir_coefficients_tau_mask,,"[1, 1, 1, 1, 24, 1]","[1, 1, 24]","[1, 1, 24]","[1, 1, 24]",,True,,24,5.130942337672195e-08,-41.397070238498515,0,0.0,0.0,0,0,0,0,0,0,0,0,3.2340964255878335,1048,1935,2579,0.10901285896739998,0.11110987782478458,0.12075772189462672,1935,0,0.09675
40,10279,rx_nao_chest,/home/telilab4090/Documents/Gazebo World/my_world/rt_out/experiments/semantic_ablation_actor_200f/sionna_xml/frame_040_sionna.xml,30.0,0.0,0.0,2.4,-0.1337,2.748,0.7,28000000000.0,24,1.0787783999433032e-08,6.209720737615498e-08,5.130942337672195e-08,7.249248312746204e-08,-71.39707023849851,-41.397070238498515,cir_coefficients_tau_mask,,"[1, 1, 1, 1, 24, 1]","[1, 1, 24]","[1, 1, 24]","[1, 1, 24]",,True,,24,5.130942337672195e-08,-41.397070238498515,0,0.0,0.0,0,0,0,0,0,0,0,0,3.2340964255878335,1058,1949,2627,0.10944138101884054,0.1107631998205502,0.11540616991755462,1949,0,0.09745
41,10536,rx_nao_chest,/home/telilab4090/Documents/Gazebo World/my_world/rt_out/experiments/semantic_ablation_actor_200f/sionna_xml/frame_041_sionna.xml,30.0,0.0,0.0,2.4,-0.1337,2.748,0.7,28000000000.0,24,1.0787783999433032e-08,6.209720737615498e-08,5.130942337672195e-08,7.249248312746204e-08,-71.39707023849851,-41.397070238498515,cir_coefficients_tau_mask,,"[1, 1, 1, 1, 24, 1]","[1, 1, 24]","[1, 1, 24]","[1, 1, 24]",,True,,24,5.130942337672195e-08,-41.397070238498515,0,0.0,0.0,0,0,0,0,0,0,0,0,3.2340964255878335,1099,1997,2687,0.10915903912969357,0.11032130197752399,0.1146927213393977,1997,0,0.09985
42,10793,rx_nao_chest,/home/telilab4090/Documents/Gazebo World/my_world/rt_out/experiments/semantic_ablation_actor_200f/sionna_xml/frame_042_sionna.xml,30.0,0.0,0.0,2.4,-0.1337,2.748,0.7,28000000000.0,24,1.0787783999433032e-08,6.209720737615498e-08,5.130942337672195e-08,7.249248312746204e-08,-71.39707023849851,-41.397070238498515,cir_coefficients_tau_mask,,"[1, 1, 1, 1, 24, 1]","[1, 1, 24]","[1, 1, 24]","[1, 1, 24]",,True,,24,5.130942337672195e-08,-41.397070238498515,0,0.0,0.0,0,0,0,0,0,0,0,0,3.2340964255878335,1145,2098,2747,0.10916801115923887,0.11050318602887357,0.1147399674951842,2098,0,0.1049
43,11050,rx_nao_chest,/home/telilab4090/Documents/Gazebo World/my_world/rt_out/experiments/semantic_ablation_actor_200f/sionna_xml/frame_043_sionna.xml,30.0,0.0,0.0,2.4,-0.1337,2.748,0.7,28000000000.0,24,1.0787783999433032e-08,6.209720737615498e-08,5.130942337672195e-08,7.24924902328894e-08,-71.3970698128202,-41.397069812820206,cir_coefficients_tau_mask,,"[1, 1, 1, 1, 24, 1]","[1, 1, 24]","[1, 1, 24]","[1, 1, 24]",,True,,24,5.130942337672195e-08,-41.397070238498515,0,0.0,4.2567830860207323e-07,0,0,0,0,0,0,0,0,3.2340964255878335,1079,2054,2780,0.10916453191128232,0.11053459902855103,0.11594900304016095,2054,0,0.1027
44,11307,rx_nao_chest,/home/telilab4090/Documents/Gazebo World/my_world/rt_out/experiments/semantic_ablation_actor_200f/sionna_xml/frame_044_sionna.xml,30.0,0.0,0.0,2.4,-0.1337,2.748,0.7,28000000000.0,24,1.0787783999433032e-08,6.209720737615498e-08,5.130942337672195e-08,7.24924902328894e-08,-71.3970698128202,-41.397069812820206,cir_coefficients_tau_mask,,"[1, 1, 1, 1, 24, 1]","[1, 1, 24]","[1, 1, 24]","[1, 1, 24]",,True,,24,5.130942337672195e-08,-41.397069812820206,0,0.0,0.0,0,0,0,0,0,0,0,0,3.2340964255878335,1055,1957,4311,0.1093385875049662,0.11103646634823974,0.11712594118552327,1957,0,0.09785
45,11564,rx_nao_chest,/home/telilab4090/Documents/Gazebo World/my_world/rt_out/experiments/semantic_ablation_actor_200f/sionna_xml/frame_045_sionna.xml,30.0,0.0,0.0,2.4,-0.1337,2.748,0.7,28000000000.0,24,1.0787783999433032e-08,6.209720737615498e-08,5.130942337672195e-08,7.249248312746204e-08,-71.39707023849851,-41.397070238498515,cir_coefficients_tau_mask,,"[1, 1, 1, 1, 24, 1]","[1, 1, 24]","[1, 1, 24]","[1, 1, 24]",,True,,24,5.130942337672195e-08,-41.397069812820206,0,0.0,-4.2567830860207323e-07,0,0,0,0,0,0,0,0,3.2340964255878335,1067,2024,3345,0.10978133230063515,0.11120621727902935,0.1164152113560497,2024,0,0.1012
46,11821,rx_nao_chest,/home/telilab4090/Documents/Gazebo World/my_world/rt_out/experiments/semantic_ablation_actor_200f/sionna_xml/frame_046_sionna.xml,30.0,0.0,0.0,2.4,-0.1337,2.748,0.7,28000000000.0,25,1.0787783999433032e-08,6.209720737615498e-08,5.130942337672195e-08,7.254996603478503e-08,-71.39362786546837,-41.393627865468375,cir_coefficients_tau_mask,,"[1, 1, 1, 1, 25, 1]","[1, 1, 25]","[1, 1, 25]","[1, 1, 25]",,True,,24,5.130942337672195e-08,-41.397070238498515,1,0.0,0.0034423730301398336,1,0,0,0,0,0,0,0,3.2340964255878335,1128,2054,3389,0.11018644565612927,0.11156070032296499,0.11785480933470394,2054,0,0.1027
47,12078,rx_nao_chest,/home/telilab4090/Documents/Gazebo World/my_world/rt_out/experiments/semantic_ablation_actor_200f/sionna_xml/frame_047_sionna.xml,30.0,0.0,0.0,2.4,-0.1337,2.748,0.7,28000000000.0,24,1.0787783999433032e-08,6.209720737615498e-08,5.130942337672195e-08,7.249248312746204e-08,-71.39707023849851,-41.397070238498515,cir_coefficients_tau_mask,,"[1, 1, 1, 1, 24, 1]","[1, 1, 24]","[1, 1, 24]","[1, 1, 24]",,True,,25,5.130942337672195e-08,-41.393627865468375,-1,0.0,-0.0034423730301398336,1,1,0,0,0,0,0,0,3.2340964255878335,1120,2077,3376,0.109227711364341,0.11121012023888963,0.11686840716270903,2077,0,0.10385
48,12335,rx_nao_chest,/home/telilab4090/Documents/Gazebo World/my_world/rt_out/experiments/semantic_ablation_actor_200f/sionna_xml/frame_048_sionna.xml,30.0,0.0,0.0,2.4,-0.1337,2.748,0.7,28000000000.0,24,1.0787783999433032e-08,6.209720737615498e-08,5.130942337672195e-08,7.249248312746204e-08,-71.39707023849851,-41.397070238498515,cir_coefficients_tau_mask,,"[1, 1, 1, 1, 24, 1]","[1, 1, 24]","[1, 1, 24]","[1, 1, 24]",,True,,24,5.130942337672195e-08,-41.397070238498515,0,0.0,0.0,0,0,0,0,0,0,0,0,3.2340964255878335,1073,1977,3299,0.1091590788781123,0.11064488125926444,0.11905804853974673,1977,0,0.09885
49,12592,rx_nao_chest,/home/telilab4090/Documents/Gazebo World/my_world/rt_out/experiments/semantic_ablation_actor_200f/sionna_xml/frame_049_sionna.xml,30.0,0.0,0.0,2.4,-0.1337,2.748,0.7,28000000000.0,24,1.0787783999433032e-08,6.209720737615498e-08,5.130942337672195e-08,7.249248312746204e-08,-71.39707023849851,-41.397070238498515,cir_coefficients_tau_mask,,"[1, 1, 1, 1, 24, 1]","[1, 1, 24]","[1, 1, 24]","[1, 1, 24]",,True,,24,5.130942337672195e-08,-41.397070238498515,0,0.0,0.0,0,0,0,0,0,0,0,0,3.2340964255878335,1097,2002,3911,0.10908142131678825,0.1113605131450542,0.1172603101857567,2002,0,0.1001
50,12849,rx_nao_chest,/home/telilab4090/Documents/Gazebo World/my_world/rt_out/experiments/semantic_ablation_actor_200f/sionna_xml/frame_050_sionna.xml,30.0,0.0,0.0,2.4,-0.1337,2.748,0.7,28000000000.0,23,1.0787783999433032e-08,6.209720737615498e-08,5.130942337672195e-08,7.244494071301233e-08,-71.39991938655777,-41.39991938655777,cir_coefficients_tau_mask,,"[1, 1, 1, 1, 23, 1]","[1, 1, 23]","[1, 1, 23]","[1, 1, 23]",,True,,24,5.130942337672195e-08,-41.397070238498515,-1,0.0,-0.002849148059254958,1,1,0,0,0,0,0,0,3.2340964255878335,1044,2018,4593,0.1092401869390177,0.11044397165514981,0.11254791118993614,2018,0,0.1009
51,13106,rx_nao_chest,/home/telilab4090/Documents/Gazebo World/my_world/rt_out/experiments/semantic_ablation_actor_200f/sionna_xml/frame_051_sionna.xml,30.0,0.0,0.0,2.4,-0.1337,2.748,0.7,28000000000.0,23,1.0787783999433032e-08,6.209720737615498e-08,5.130942337672195e-08,7.244494781843969e-08,-71.39991896060012,-41.39991896060012,cir_coefficients_tau_mask,,"[1, 1, 1, 1, 23, 1]","[1, 1, 23]","[1, 1, 23]","[1, 1, 23]",,True,,23,5.130942337672195e-08,-41.39991938655777,0,0.0,4.2595765137320996e-07,0,0,0,0,0,0,0,0,3.2340964255878335,1121,2083,4669,0.1092508557091868,0.11037066137107768,0.11296980168039714,2083,0,0.10415
52,13363,rx_nao_chest,/home/telilab4090/Documents/Gazebo World/my_world/rt_out/experiments/semantic_ablation_actor_200f/sionna_xml/frame_052_sionna.xml,30.0,0.0,0.0,2.4,-0.1337,2.748,0.7,28000000000.0,23,1.0787783999433032e-08,6.209720737615498e-08,5.130942337672195e-08,7.244494071301233e-08,-71.39991938655777,-41.39991938655777,cir_coefficients_tau_mask,,"[1, 1, 1, 1, 23, 1]","[1, 1, 23]","[1, 1, 23]","[1, 1, 23]",,True,,23,5.130942337672195e-08,-41.39991896060012,0,0.0,-4.2595765137320996e-07,0,0,0,0,0,0,0,0,3.2340964255878335,1029,1943,4504,0.10967209621910301,0.11066209086275644,0.11874199585541297,1943,0,0.09715
53,13620,rx_nao_chest,/home/telilab4090/Documents/Gazebo World/my_world/rt_out/experiments/semantic_ablation_actor_200f/sionna_xml/frame_053_sionna.xml,30.0,0.0,0.0,2.4,-0.1337,2.748,0.7,28000000000.0,23,1.0787783999433032e-08,6.209720737615498e-08,5.130942337672195e-08,7.244494071301233e-08,-71.39991938655777,-41.39991938655777,cir_coefficients_tau_mask,,"[1, 1, 1, 1, 23, 1]","[1, 1, 23]","[1, 1, 23]","[1, 1, 23]",,True,,23,5.130942337672195e-08,-41.39991938655777,0,0.0,0.0,0,0,0,0,0,0,0,0,3.2340964255878335,1064,2036,4658,0.10967209621910301,0.11121164820361806,0.11952661044261946,2036,0,0.1018
54,13877,rx_nao_chest,/home/telilab4090/Documents/Gazebo World/my_world/rt_out/experiments/semantic_ablation_actor_200f/sionna_xml/frame_054_sionna.xml,30.0,0.0,0.0,2.4,-0.1337,2.748,0.7,28000000000.0,23,1.0787783999433032e-08,6.209720737615498e-08,5.130942337672195e-08,7.244494781843969e-08,-71.39991896060012,-41.39991896060012,cir_coefficients_tau_mask,,"[1, 1, 1, 1, 23, 1]","[1, 1, 23]","[1, 1, 23]","[1, 1, 23]",,True,,23,5.130942337672195e-08,-41.39991938655777,0,0.0,4.2595765137320996e-07,0,0,0,0,0,0,0,0,3.2340964255878335,1083,2066,4805,0.1093299758055522,0.11099661241444225,0.1158197648515147,2066,0,0.1033
55,14134,rx_nao_chest,/home/telilab4090/Documents/Gazebo World/my_world/rt_out/experiments/semantic_ablation_actor_200f/sionna_xml/frame_055_sionna.xml,30.0,0.0,0.0,2.4,-0.1337,2.748,0.7,28000000000.0,22,1.0787783999433032e-08,6.209720737615498e-08,5.130942337672195e-08,7.239636801159577e-08,-71.40283220986389,-41.40283220986389,cir_coefficients_tau_mask,,"[1, 1, 1, 1, 22, 1]","[1, 1, 22]","[1, 1, 22]","[1, 1, 22]",,True,,23,5.130942337672195e-08,-41.39991896060012,-1,0.0,-0.0029132492637700125,1,1,0,0,0,0,0,0,3.2340964255878335,1083,1994,4739,0.10983504365184926,0.11050764511926474,0.11299582926002001,1994,0,0.0997
56,14391,rx_nao_chest,/home/telilab4090/Documents/Gazebo World/my_world/rt_out/experiments/semantic_ablation_actor_200f/sionna_xml/frame_056_sionna.xml,30.0,0.0,0.0,2.4,-0.1337,2.748,0.7,28000000000.0,22,1.0787783999433032e-08,6.209720737615498e-08,5.130942337672195e-08,7.231580667621529e-08,-71.40766764919032,-41.407667649190316,cir_coefficients_tau_mask,,"[1, 1, 1, 1, 22, 1]","[1, 1, 22]","[1, 1, 22]","[1, 1, 22]",,True,,22,5.130942337672195e-08,-41.40283220986389,0,0.0,-0.004835439326427604,0,0,0,0,0,0,0,0,3.2340964255878335,1170,2110,4800,0.10908076926910024,0.11035938362708846,0.11378658533406158,2110,0,0.1055
57,14648,rx_nao_chest,/home/telilab4090/Documents/Gazebo World/my_world/rt_out/experiments/semantic_ablation_actor_200f/sionna_xml/frame_057_sionna.xml,30.0,0.0,0.0,2.4,-0.1337,2.748,0.7,28000000000.0,21,1.0787783999433032e-08,6.209720737615498e-08,5.130942337672195e-08,7.226723397479873e-08,-71.41058567566078,-41.41058567566078,cir_coefficients_tau_mask,,"[1, 1, 1, 1, 21, 1]","[1, 1, 21]","[1, 1, 21]","[1, 1, 21]",,True,,22,5.130942337672195e-08,-41.407667649190316,-1,0.0,-0.002918026470467794,1,1,0,0,0,0,0,0,3.2340964255878335,1082,2015,4744,0.10908144924496863,0.11097375209249527,0.12322086024802217,2015,0,0.10075
58,14905,rx_nao_chest,/home/telilab4090/Documents/Gazebo World/my_world/rt_out/experiments/semantic_ablation_actor_200f/sionna_xml/frame_058_sionna.xml,30.0,0.0,0.0,2.4,-0.1337,2.748,0.7,28000000000.0,21,1.0787783999433032e-08,6.209720737615498e-08,5.130942337672195e-08,7.226723397479873e-08,-71.41058567566078,-41.41058567566078,cir_coefficients_tau_mask,,"[1, 1, 1, 1, 21, 1]","[1, 1, 21]","[1, 1, 21]","[1, 1, 21]",,True,,21,5.130942337672195e-08,-41.41058567566078,0,0.0,0.0,0,0,0,0,0,0,0,0,3.2340964255878335,1116,2087,4854,0.10908144924496863,0.11138464502836502,0.11869792405953403,2087,0,0.10435
59,15162,rx_nao_chest,/home/telilab4090/Documents/Gazebo World/my_world/rt_out/experiments/semantic_ablation_actor_200f/sionna_xml/frame_059_sionna.xml,30.0,0.0,0.0,2.4,-0.1337,2.748,0.7,28000000000.0,22,1.0787783999433032e-08,6.209720737615498e-08,5.130942337672195e-08,7.231476928382108e-08,-71.40772995051069,-41.407729950510685,cir_coefficients_tau_mask,,"[1, 1, 1, 1, 22, 1]","[1, 1, 22]","[1, 1, 22]","[1, 1, 22]",,True,,21,5.130942337672195e-08,-41.41058567566078,1,0.0,0.002855725150098465,1,0,0,0,0,0,0,0,3.2340964255878335,1077,2050,4783,0.109227711364341,0.11086022752045592,0.1156632177297138,2050,0,0.1025
60,15419,rx_nao_chest,/home/telilab4090/Documents/Gazebo World/my_world/rt_out/experiments/semantic_ablation_actor_200f/sionna_xml/frame_060_sionna.xml,30.0,0.0,0.0,2.4,-0.1337,2.748,0.7,28000000000.0,22,1.0787783999433032e-08,6.209720737615498e-08,5.130942337672195e-08,7.231477638924844e-08,-71.40772952378627,-41.40772952378627,cir_coefficients_tau_mask,,"[1, 1, 1, 1, 22, 1]","[1, 1, 22]","[1, 1, 22]","[1, 1, 22]",,True,,22,5.130942337672195e-08,-41.407729950510685,0,0.0,4.267244122502234e-07,0,0,0,0,0,0,0,0,3.2340964255878335,1101,2030,4814,0.10917094681463234,0.11074663992811369,0.11579484502113077,2030,0,0.1015
61,15676,rx_nao_chest,/home/telilab4090/Documents/Gazebo World/my_world/rt_out/experiments/semantic_ablation_actor_200f/sionna_xml/frame_061_sionna.xml,30.0,0.0,0.0,2.4,-0.1337,2.748,0.7,28000000000.0,23,1.0787783999433032e-08,6.209720737615498e-08,5.130942337672195e-08,7.236335619609235e-08,-71.40481298865271,-41.40481298865271,cir_coefficients_tau_mask,,"[1, 1, 1, 1, 23, 1]","[1, 1, 23]","[1, 1, 23]","[1, 1, 23]",,True,,22,5.130942337672195e-08,-41.40772952378627,1,0.0,0.0029165351335649348,1,0,0,0,0,0,0,0,3.2340964255878335,1095,2040,4705,0.10901285896739998,0.1108513351065487,0.11675826206158338,2040,0,0.102
62,15933,rx_nao_chest,/home/telilab4090/Documents/Gazebo World/my_world/rt_out/experiments/semantic_ablation_actor_200f/sionna_xml/frame_062_sionna.xml,30.0,0.0,0.0,2.4,-0.1337,2.748,0.7,28000000000.0,18,1.0787783999433032e-08,6.209720737615498e-08,5.130942337672195e-08,7.175622585009478e-08,-71.4414041187565,-41.441404118756495,cir_coefficients_tau_mask,,"[1, 1, 1, 1, 18, 1]","[1, 1, 18]","[1, 1, 18]","[1, 1, 18]",,True,,23,5.130942337672195e-08,-41.40481298865271,-5,0.0,-0.036591130103786895,1,1,0,0,0,0,0,0,3.2340964255878335,1172,2073,4796,0.10910688212170501,0.11058530575082859,0.11545119587215323,2073,0,0.10365
63,16190,rx_nao_chest,/home/telilab4090/Documents/Gazebo World/my_world/rt_out/experiments/semantic_ablation_actor_200f/sionna_xml/frame_063_sionna.xml,30.0,0.0,0.0,2.4,-0.1337,2.748,0.7,28000000000.0,23,1.0787783999433032e-08,6.209720737615498e-08,5.130942337672195e-08,7.244389621519076e-08,-71.39998200278824,-41.399982002788235,cir_coefficients_tau_mask,,"[1, 1, 1, 1, 23, 1]","[1, 1, 23]","[1, 1, 23]","[1, 1, 23]",,True,,18,5.130942337672195e-08,-41.441404118756495,5,0.0,0.04142211596825973,1,0,0,0,0,0,0,0,3.2340964255878335,1098,2037,4827,0.10946162933912204,0.11160777989324007,0.12045747585258024,2037,0,0.10185
64,16447,rx_nao_chest,/home/telilab4090/Documents/Gazebo World/my_world/rt_out/experiments/semantic_ablation_actor_200f/sionna_xml/frame_064_sionna.xml,30.0,0.0,0.0,2.4,-0.1337,2.748,0.7,28000000000.0,23,1.0787783999433032e-08,6.209720737615498e-08,5.130942337672195e-08,7.244391042604548e-08,-71.39998115086068,-41.39998115086068,cir_coefficients_tau_mask,,"[1, 1, 1, 1, 23, 1]","[1, 1, 23]","[1, 1, 23]","[1, 1, 23]",,True,,23,5.130942337672195e-08,-41.399982002788235,0,0.0,8.519275525031844e-07,0,0,0,0,0,0,0,0,3.2340964255878335,1064,2010,4757,0.10989187471504314,0.11128692473801424,0.11628519999371972,2010,0,0.1005
65,16704,rx_nao_chest,/home/telilab4090/Documents/Gazebo World/my_world/rt_out/experiments/semantic_ablation_actor_200f/sionna_xml/frame_065_sionna.xml,30.0,0.0,0.0,2.4,-0.1337,2.748,0.7,28000000000.0,23,1.0787783999433032e-08,6.209720737615498e-08,5.130942337672195e-08,7.244389621519076e-08,-71.39998200278824,-41.399982002788235,cir_coefficients_tau_mask,,"[1, 1, 1, 1, 23, 1]","[1, 1, 23]","[1, 1, 23]","[1, 1, 23]",,True,,23,5.130942337672195e-08,-41.39998115086068,0,0.0,-8.519275525031844e-07,0,0,0,0,0,0,0,0,3.2340964255878335,1056,2018,4718,0.10911155102406693,0.11036892109916648,0.11364005556615978,2018,0,0.1009
66,16961,rx_nao_chest,/home/telilab4090/Documents/Gazebo World/my_world/rt_out/experiments/semantic_ablation_actor_200f/sionna_xml/frame_066_sionna.xml,30.0,0.0,0.0,2.4,-0.1337,2.748,0.7,28000000000.0,23,1.0787783999433032e-08,6.209720737615498e-08,5.130942337672195e-08,7.244390332061812e-08,-71.39998157682443,-41.39998157682443,cir_coefficients_tau_mask,,"[1, 1, 1, 1, 23, 1]","[1, 1, 23]","[1, 1, 23]","[1, 1, 23]",,True,,23,5.130942337672195e-08,-41.399982002788235,0,0.0,4.2596380467330164e-07,0,0,0,0,0,0,0,0,3.2340964255878335,1078,2011,5178,0.11012171830069635,0.11060982628617717,0.11521676909342217,2011,0,0.10055
67,17218,rx_nao_chest,/home/telilab4090/Documents/Gazebo World/my_world/rt_out/experiments/semantic_ablation_actor_200f/sionna_xml/frame_067_sionna.xml,30.0,0.0,0.0,2.4,-0.1337,2.748,0.7,28000000000.0,23,1.0787783999433032e-08,6.209720737615498e-08,5.130942337672195e-08,7.244390332061812e-08,-71.39998157682443,-41.39998157682443,cir_coefficients_tau_mask,,"[1, 1, 1, 1, 23, 1]","[1, 1, 23]","[1, 1, 23]","[1, 1, 23]",,True,,23,5.130942337672195e-08,-41.39998157682443,0,0.0,0.0,0,0,0,0,0,0,0,0,3.2340964255878335,1073,2005,5140,0.10951927330382809,0.11099275470731393,0.1172807955601194,2005,0,0.10025
68,17475,rx_nao_chest,/home/telilab4090/Documents/Gazebo World/my_world/rt_out/experiments/semantic_ablation_actor_200f/sionna_xml/frame_068_sionna.xml,30.0,0.0,0.0,2.4,-0.1337,2.748,0.7,28000000000.0,24,1.0787783999433032e-08,6.209720737615498e-08,5.130942337672195e-08,7.24924902328894e-08,-71.3970698128202,-41.397069812820206,cir_coefficients_tau_mask,,"[1, 1, 1, 1, 24, 1]","[1, 1, 24]","[1, 1, 24]","[1, 1, 24]",,True,,23,5.130942337672195e-08,-41.39998157682443,1,0.0,0.0029117640042244375,1,0,0,0,0,0,0,0,3.2340964255878335,1101,2450,5111,0.10916801115923887,0.11042172507364575,0.11243069285788689,2072,0,0.1225
69,17732,rx_nao_chest,/home/telilab4090/Documents/Gazebo World/my_world/rt_out/experiments/semantic_ablation_actor_200f/sionna_xml/frame_069_sionna.xml,30.0,0.0,0.0,2.4,-0.1337,2.748,0.7,28000000000.0,24,1.0787783999433032e-08,6.209720737615498e-08,5.130942337672195e-08,7.24924902328894e-08,-71.3970698128202,-41.397069812820206,cir_coefficients_tau_mask,,"[1, 1, 1, 1, 24, 1]","[1, 1, 24]","[1, 1, 24]","[1, 1, 24]",,True,,24,5.130942337672195e-08,-41.397069812820206,0,0.0,0.0,0,0,0,0,0,0,0,0,3.2340964255878335,1182,2492,5211,0.10901953951675983,0.11053729740219491,0.11530491309701235,2162,0,0.1246
70,17989,rx_nao_chest,/home/telilab4090/Documents/Gazebo World/my_world/rt_out/experiments/semantic_ablation_actor_200f/sionna_xml/frame_070_sionna.xml,30.0,0.0,0.0,2.4,-0.1337,2.748,0.7,28000000000.0,24,1.0787783999433032e-08,6.209720737615498e-08,5.130942337672195e-08,7.249248312746204e-08,-71.39707023849851,-41.397070238498515,cir_coefficients_tau_mask,,"[1, 1, 1, 1, 24, 1]","[1, 1, 24]","[1, 1, 24]","[1, 1, 24]",,True,,24,5.130942337672195e-08,-41.397069812820206,0,0.0,-4.2567830860207323e-07,0,0,0,0,0,0,0,0,3.2340964255878335,1101,2365,5108,0.10901285896739998,0.11029577566384825,0.11240882465130893,2057,0,0.11825
71,18246,rx_nao_chest,/home/telilab4090/Documents/Gazebo World/my_world/rt_out/experiments/semantic_ablation_actor_200f/sionna_xml/frame_071_sionna.xml,30.0,0.0,0.0,2.4,-0.1337,2.748,0.7,28000000000.0,24,1.0787783999433032e-08,6.209720737615498e-08,5.130942337672195e-08,7.24924902328894e-08,-71.3970698128202,-41.397069812820206,cir_coefficients_tau_mask,,"[1, 1, 1, 1, 24, 1]","[1, 1, 24]","[1, 1, 24]","[1, 1, 24]",,True,,24,5.130942337672195e-08,-41.397070238498515,0,0.0,4.2567830860207323e-07,0,0,0,0,0,0,0,0,3.2340964255878335,1122,2137,5139,0.10915903912969357,0.11058537954974035,0.11636320166447076,2137,0,0.10685
72,18503,rx_nao_chest,/home/telilab4090/Documents/Gazebo World/my_world/rt_out/experiments/semantic_ablation_actor_200f/sionna_xml/frame_072_sionna.xml,30.0,0.0,0.0,2.4,-0.1337,2.748,0.7,28000000000.0,24,1.0787783999433032e-08,6.209720737615498e-08,5.130942337672195e-08,7.249248312746204e-08,-71.39707023849851,-41.397070238498515,cir_coefficients_tau_mask,,"[1, 1, 1, 1, 24, 1]","[1, 1, 24]","[1, 1, 24]","[1, 1, 24]",,True,,24,5.130942337672195e-08,-41.397069812820206,0,0.0,-4.2567830860207323e-07,0,0,0,0,0,0,0,0,3.2340964255878335,1097,1966,5063,0.10910688212170501,0.11098781488258233,0.11840850860205694,1966,0,0.0983
73,18760,rx_nao_chest,/home/telilab4090/Documents/Gazebo World/my_world/rt_out/experiments/semantic_ablation_actor_200f/sionna_xml/frame_073_sionna.xml,30.0,0.0,0.0,2.4,-0.1337,2.748,0.7,28000000000.0,24,1.0787783999433032e-08,6.209720737615498e-08,5.130942337672195e-08,7.24924902328894e-08,-71.3970698128202,-41.397069812820206,cir_coefficients_tau_mask,,"[1, 1, 1, 1, 24, 1]","[1, 1, 24]","[1, 1, 24]","[1, 1, 24]",,True,,24,5.130942337672195e-08,-41.397070238498515,0,0.0,4.2567830860207323e-07,0,0,0,0,0,0,0,0,3.2340964255878335,1069,2040,5116,0.10916801115923887,0.11051333452711312,0.11743162566496473,2040,0,0.102
74,19017,rx_nao_chest,/home/telilab4090/Documents/Gazebo World/my_world/rt_out/experiments/semantic_ablation_actor_200f/sionna_xml/frame_074_sionna.xml,30.0,0.0,0.0,2.4,-0.1337,2.748,0.7,28000000000.0,23,1.0787783999433032e-08,6.121905471445643e-08,5.04312707150234e-08,7.248629430023357e-08,-71.39744102014865,-41.39744102014865,cir_coefficients_tau_mask,,"[1, 1, 1, 1, 23, 1]","[1, 1, 23]","[1, 1, 23]","[1, 1, 23]",,True,,24,5.130942337672195e-08,-41.397069812820206,-1,-8.781526616985502e-10,-0.0003712073284418693,1,1,0,0,0,0,0,0,3.2340964255878335,1103,2043,5109,0.1091590788781123,0.11046535819913476,0.11471115778300602,2043,0,0.10215
75,19274,rx_nao_chest,/home/telilab4090/Documents/Gazebo World/my_world/rt_out/experiments/semantic_ablation_actor_200f/sionna_xml/frame_075_sionna.xml,30.0,0.0,0.0,2.4,-0.1337,2.748,0.7,28000000000.0,24,1.0787783999433032e-08,6.209720737615498e-08,5.130942337672195e-08,7.24924902328894e-08,-71.3970698128202,-41.397069812820206,cir_coefficients_tau_mask,,"[1, 1, 1, 1, 24, 1]","[1, 1, 24]","[1, 1, 24]","[1, 1, 24]",,True,,23,5.04312707150234e-08,-41.39744102014865,1,8.781526616985502e-10,0.0003712073284418693,1,0,0,0,0,0,0,0,3.2340964255878335,1091,2110,5045,0.10916453191128232,0.11113284287732819,0.1202680385269811,2050,0,0.1055
76,19531,rx_nao_chest,/home/telilab4090/Documents/Gazebo World/my_world/rt_out/experiments/semantic_ablation_actor_200f/sionna_xml/frame_076_sionna.xml,30.0,0.0,0.0,2.4,-0.1337,2.748,0.7,28000000000.0,24,1.0787783999433032e-08,6.209720737615498e-08,5.130942337672195e-08,7.249248312746204e-08,-71.39707023849851,-41.397070238498515,cir_coefficients_tau_mask,,"[1, 1, 1, 1, 24, 1]","[1, 1, 24]","[1, 1, 24]","[1, 1, 24]",,True,,24,5.130942337672195e-08,-41.397069812820206,0,0.0,-4.2567830860207323e-07,0,0,0,0,0,0,0,0,3.2340964255878335,1377,3591,4784,0.10999634543412204,0.11095612253478353,0.12096023887985437,2057,0,0.17955
77,19788,rx_nao_chest,/home/telilab4090/Documents/Gazebo World/my_world/rt_out/experiments/semantic_ablation_actor_200f/sionna_xml/frame_077_sionna.xml,30.0,0.0,0.0,2.4,-0.1337,2.748,0.7,28000000000.0,22,1.0787783999433032e-08,6.209720737615498e-08,5.130942337672195e-08,7.231476928382108e-08,-71.40772995051069,-41.407729950510685,cir_coefficients_tau_mask,,"[1, 1, 1, 1, 22, 1]","[1, 1, 22]","[1, 1, 22]","[1, 1, 22]",,True,,24,5.130942337672195e-08,-41.397070238498515,-2,0.0,-0.01065971201217053,1,1,0,0,0,0,0,0,3.2340964255878335,1088,2188,4815,0.1092401869390177,0.11100895408219535,0.1157549646039687,2084,0,0.1094
78,20045,rx_nao_chest,/home/telilab4090/Documents/Gazebo World/my_world/rt_out/experiments/semantic_ablation_actor_200f/sionna_xml/frame_078_sionna.xml,30.0,0.0,0.0,2.4,-0.1337,2.748,0.7,28000000000.0,21,1.0787783999433032e-08,6.209720737615498e-08,5.130942337672195e-08,7.202486784763096e-08,-71.42517529897216,-41.425175298972164,cir_coefficients_tau_mask,,"[1, 1, 1, 1, 21, 1]","[1, 1, 21]","[1, 1, 21]","[1, 1, 21]",,True,,22,5.130942337672195e-08,-41.407729950510685,-1,0.0,-0.017445348461478716,1,1,0,0,0,0,0,0,3.2340964255878335,1131,2379,4784,0.109204025204562,0.11057460340436676,0.11650577249806877,2122,0,0.11895
79,20302,rx_nao_chest,/home/telilab4090/Documents/Gazebo World/my_world/rt_out/experiments/semantic_ablation_actor_200f/sionna_xml/frame_079_sionna.xml,30.0,0.0,0.0,2.4,-0.1337,2.748,0.7,28000000000.0,20,1.0787783999433032e-08,6.209720737615498e-08,5.130942337672195e-08,7.201585106031416e-08,-71.42571902591425,-41.42571902591425,cir_coefficients_tau_mask,,"[1, 1, 1, 1, 20, 1]","[1, 1, 20]","[1, 1, 20]","[1, 1, 20]",,True,,21,5.130942337672195e-08,-41.425175298972164,-1,0.0,-0.000543726942083822,1,1,0,0,0,0,0,0,3.2340964255878335,1098,2383,4862,0.10901953951675983,0.1103164371085638,0.11277091333351842,2076,0,0.11915
80,20559,rx_nao_chest,/home/telilab4090/Documents/Gazebo World/my_world/rt_out/experiments/semantic_ablation_actor_200f/sionna_xml/frame_080_sionna.xml,30.0,0.0,0.0,2.4,-0.1337,2.748,0.7,28000000000.0,18,1.0787783999433032e-08,6.121905471445643e-08,5.04312707150234e-08,7.188052819628865e-08,-71.4338874024572,-41.4338874024572,cir_coefficients_tau_mask,,"[1, 1, 1, 1, 18, 1]","[1, 1, 18]","[1, 1, 18]","[1, 1, 18]",,True,,20,5.130942337672195e-08,-41.42571902591425,-2,-8.781526616985502e-10,-0.008168376542954547,1,1,0,0,0,0,0,0,3.2340964255878335,1075,3003,4802,0.10916801115923887,0.11209755927250123,0.12195271098762041,1973,0,0.15015
81,20816,rx_nao_chest,/home/telilab4090/Documents/Gazebo World/my_world/rt_out/experiments/semantic_ablation_actor_200f/sionna_xml/frame_081_sionna.xml,30.0,0.0,0.0,2.4,-0.1337,2.748,0.7,28000000000.0,21,1.0787783999433032e-08,6.121905471445643e-08,5.04312707150234e-08,7.244927502370047e-08,-71.39965956014501,-41.39965956014501,cir_coefficients_tau_mask,,"[1, 1, 1, 1, 21, 1]","[1, 1, 21]","[1, 1, 21]","[1, 1, 21]",,True,,18,5.04312707150234e-08,-41.4338874024572,3,0.0,0.034227842312191115,1,0,0,0,0,0,0,0,3.2340964255878335,1116,3508,4980,0.1100913224531439,0.11103752197384398,0.12046600758831827,2098,0,0.1754
82,21073,rx_nao_chest,/home/telilab4090/Documents/Gazebo World/my_world/rt_out/experiments/semantic_ablation_actor_200f/sionna_xml/frame_082_sionna.xml,30.0,0.0,0.0,2.4,-0.1337,2.748,0.7,28000000000.0,20,1.0787783999433032e-08,6.121905471445643e-08,5.04312707150234e-08,7.205824203992961e-08,-71.4231633729631,-41.4231633729631,cir_coefficients_tau_mask,,"[1, 1, 1, 1, 20, 1]","[1, 1, 20]","[1, 1, 20]","[1, 1, 20]",,True,,21,5.04312707150234e-08,-41.39965956014501,-1,0.0,-0.023503812818091774,1,1,0,0,0,0,0,0,3.2340964255878335,1049,3259,4958,0.1091590788781123,0.11131007186345301,0.12414986363530404,1971,0,0.16295
83,21330,rx_nao_chest,/home/telilab4090/Documents/Gazebo World/my_world/rt_out/experiments/semantic_ablation_actor_200f/sionna_xml/frame_083_sionna.xml,30.0,0.0,0.0,2.4,-0.1337,2.748,0.7,28000000000.0,21,1.0787783999433032e-08,6.121905471445643e-08,5.04312707150234e-08,7.206726593267376e-08,-71.42261953767894,-41.42261953767894,cir_coefficients_tau_mask,,"[1, 1, 1, 1, 21, 1]","[1, 1, 21]","[1, 1, 21]","[1, 1, 21]",,True,,20,5.04312707150234e-08,-41.4231633729631,1,0.0,0.0005438352841622418,1,0,0,0,0,0,0,0,3.2340964255878335,1113,3250,4967,0.10958952100359404,0.11084069142012598,0.11607442860298348,2018,0,0.1625
84,21587,rx_nao_chest,/home/telilab4090/Documents/Gazebo World/my_world/rt_out/experiments/semantic_ablation_actor_200f/sionna_xml/frame_084_sionna.xml,30.0,0.0,0.0,2.4,-0.1337,2.748,0.7,28000000000.0,21,1.0787783999433032e-08,6.121906892531115e-08,5.043128492587812e-08,7.206725172181905e-08,-71.42262039405891,-41.42262039405891,cir_coefficients_tau_mask,,"[1, 1, 1, 1, 21, 1]","[1, 1, 21]","[1, 1, 21]","[1, 1, 21]",,True,,21,5.04312707150234e-08,-41.42261953767894,0,1.4210854715202004e-14,-8.563799696048591e-07,0,0,0,0,0,0,0,0,3.2340964255878335,1102,3243,4948,0.1091590788781123,0.1117660583034362,0.12248098509810268,1996,0,0.16215
85,21844,rx_nao_chest,/home/telilab4090/Documents/Gazebo World/my_world/rt_out/experiments/semantic_ablation_actor_200f/sionna_xml/frame_085_sionna.xml,30.0,0.0,0.0,2.4,-0.1337,2.748,0.7,28000000000.0,21,1.0787783999433032e-08,6.121905471445643e-08,5.04312707150234e-08,7.20672588272464e-08,-71.4226199658689,-41.422619965868904,cir_coefficients_tau_mask,,"[1, 1, 1, 1, 21, 1]","[1, 1, 21]","[1, 1, 21]","[1, 1, 21]",,True,,21,5.043128492587812e-08,-41.42262039405891,0,-1.4210854715202004e-14,4.281900061187116e-07,0,0,0,0,0,0,0,0,3.2340964255878335,1111,3321,4936,0.1099623714875832,0.1110439574985509,0.11424404681843131,2012,0,0.16605
86,22101,rx_nao_chest,/home/telilab4090/Documents/Gazebo World/my_world/rt_out/experiments/semantic_ablation_actor_200f/sionna_xml/frame_086_sionna.xml,30.0,0.0,0.0,2.4,-0.1337,2.748,0.7,28000000000.0,21,1.0787783999433032e-08,6.121906892531115e-08,5.043128492587812e-08,7.206726593267376e-08,-71.42261953767894,-41.42261953767894,cir_coefficients_tau_mask,,"[1, 1, 1, 1, 21, 1]","[1, 1, 21]","[1, 1, 21]","[1, 1, 21]",,True,,21,5.04312707150234e-08,-41.422619965868904,0,1.4210854715202004e-14,4.2818996348614746e-07,0,0,0,0,0,0,0,0,3.2340964255878335,1078,3316,4897,0.10987542105856386,0.1105547898712144,0.11263963115313307,2051,0,0.1658
87,22358,rx_nao_chest,/home/telilab4090/Documents/Gazebo World/my_world/rt_out/experiments/semantic_ablation_actor_200f/sionna_xml/frame_087_sionna.xml,30.0,0.0,0.0,2.4,-0.1337,2.748,0.7,28000000000.0,21,1.0787783999433032e-08,6.121905471445643e-08,5.04312707150234e-08,7.20672588272464e-08,-71.4226199658689,-41.422619965868904,cir_coefficients_tau_mask,,"[1, 1, 1, 1, 21, 1]","[1, 1, 21]","[1, 1, 21]","[1, 1, 21]",,True,,21,5.043128492587812e-08,-41.42261953767894,0,-1.4210854715202004e-14,-4.2818996348614746e-07,0,0,0,0,0,0,0,0,3.2340964255878335,1065,3304,4870,0.10910688212170501,0.11101520693207804,0.11947366280745601,2009,0,0.1652
88,22615,rx_nao_chest,/home/telilab4090/Documents/Gazebo World/my_world/rt_out/experiments/semantic_ablation_actor_200f/sionna_xml/frame_088_sionna.xml,30.0,0.0,0.0,2.4,-0.1337,2.748,0.7,28000000000.0,21,1.0787783999433032e-08,6.121905471445643e-08,5.04312707150234e-08,7.206726593267376e-08,-71.42261953767894,-41.42261953767894,cir_coefficients_tau_mask,,"[1, 1, 1, 1, 21, 1]","[1, 1, 21]","[1, 1, 21]","[1, 1, 21]",,True,,21,5.04312707150234e-08,-41.422619965868904,0,0.0,4.2818996348614746e-07,0,0,0,0,0,0,0,0,3.2340964255878335,1126,2895,4859,0.10968542998128877,0.11139851645757434,0.11602929888291921,2051,0,0.14475
89,22872,rx_nao_chest,/home/telilab4090/Documents/Gazebo World/my_world/rt_out/experiments/semantic_ablation_actor_200f/sionna_xml/frame_089_sionna.xml,30.0,0.0,0.0,2.4,-0.1337,2.748,0.7,28000000000.0,21,1.0787783999433032e-08,6.121906892531115e-08,5.043128492587812e-08,7.19556325634585e-08,-71.42935204569841,-41.42935204569841,cir_coefficients_tau_mask,,"[1, 1, 1, 1, 21, 1]","[1, 1, 21]","[1, 1, 21]","[1, 1, 21]",,True,,21,5.04312707150234e-08,-41.42261953767894,0,1.4210854715202004e-14,-0.006732508019467787,0,0,0,0,0,0,0,0,3.2340964255878335,1132,2945,4853,0.10926893040879078,0.11066845782892094,0.11528610515037778,2069,0,0.14725
90,23129,rx_nao_chest,/home/telilab4090/Documents/Gazebo World/my_world/rt_out/experiments/semantic_ablation_actor_200f/sionna_xml/frame_090_sionna.xml,30.0,0.0,0.0,2.4,-0.1337,2.748,0.7,28000000000.0,21,1.0787783999433032e-08,6.121906892531115e-08,5.043128492587812e-08,7.195562545803114e-08,-71.42935247455269,-41.42935247455269,cir_coefficients_tau_mask,,"[1, 1, 1, 1, 21, 1]","[1, 1, 21]","[1, 1, 21]","[1, 1, 21]",,True,,21,5.043128492587812e-08,-41.42935204569841,0,0.0,-4.28854278311519e-07,0,0,0,0,0,0,0,0,3.2340964255878335,1065,2896,4839,0.10908142131678825,0.11052524130106614,0.11695870231519308,2024,0,0.1448
91,23386,rx_nao_chest,/home/telilab4090/Documents/Gazebo World/my_world/rt_out/experiments/semantic_ablation_actor_200f/sionna_xml/frame_091_sionna.xml,30.0,0.0,0.0,2.4,-0.1337,2.748,0.7,28000000000.0,22,1.0787783999433032e-08,6.121906892531115e-08,5.043128492587812e-08,7.234666554722935e-08,-71.40581480686065,-41.40581480686065,cir_coefficients_tau_mask,,"[1, 1, 1, 1, 22, 1]","[1, 1, 22]","[1, 1, 22]","[1, 1, 22]",,True,,21,5.043128492587812e-08,-41.42935247455269,1,0.0,0.023537667692039577,1,0,0,0,0,0,0,0,3.2340964255878335,1093,2836,4844,0.10968542998128877,0.11054566895905507,0.11526191831952738,2035,0,0.1418
92,23643,rx_nao_chest,/home/telilab4090/Documents/Gazebo World/my_world/rt_out/experiments/semantic_ablation_actor_200f/sionna_xml/frame_092_sionna.xml,30.0,0.0,0.0,2.4,-0.1337,2.748,0.7,28000000000.0,21,1.0787783999433032e-08,6.121905471445643e-08,5.04312707150234e-08,7.233764875991255e-08,-71.40635611515658,-41.40635611515658,cir_coefficients_tau_mask,,"[1, 1, 1, 1, 21, 1]","[1, 1, 21]","[1, 1, 21]","[1, 1, 21]",,True,,22,5.043128492587812e-08,-41.40581480686065,-1,-1.4210854715202004e-14,-0.0005413082959364601,1,1,0,0,0,0,0,0,3.2340964255878335,1048,2442,4887,0.10926893040879078,0.11062808036392799,0.11482847012217849,2015,0,0.1221
93,23900,rx_nao_chest,/home/telilab4090/Documents/Gazebo World/my_world/rt_out/experiments/semantic_ablation_actor_200f/sionna_xml/frame_093_sionna.xml,30.0,0.0,0.0,2.4,-0.1337,2.748,0.7,28000000000.0,21,1.0787783999433032e-08,6.121906181988379e-08,5.043127782045076e-08,7.233764875991255e-08,-71.40635611515658,-41.40635611515658,cir_coefficients_tau_mask,,"[1, 1, 1, 1, 21, 1]","[1, 1, 21]","[1, 1, 21]","[1, 1, 21]",,True,,21,5.04312707150234e-08,-41.40635611515658,0,7.105427357601002e-15,0.0,0,0,0,0,0,0,0,0,3.2340964255878335,1114,2484,4901,0.10910688212170501,0.11080135584690629,0.11620211158381841,2055,0,0.1242
94,24157,rx_nao_chest,/home/telilab4090/Documents/Gazebo World/my_world/rt_out/experiments/semantic_ablation_actor_200f/sionna_xml/frame_094_sionna.xml,30.0,0.0,0.0,2.4,-0.1337,2.748,0.7,28000000000.0,21,1.0787783999433032e-08,6.121905471445643e-08,5.04312707150234e-08,7.23376416544852e-08,-71.40635654174606,-41.406356541746064,cir_coefficients_tau_mask,,"[1, 1, 1, 1, 21, 1]","[1, 1, 21]","[1, 1, 21]","[1, 1, 21]",,True,,21,5.043127782045076e-08,-41.40635611515658,0,-7.105427357601002e-15,-4.2658948018470255e-07,0,0,0,0,0,0,0,0,3.2340964255878335,1088,2368,4826,0.10938041711131803,0.1104500928820616,0.11347201421626119,2034,0,0.1184
95,24414,rx_nao_chest,/home/telilab4090/Documents/Gazebo World/my_world/rt_out/experiments/semantic_ablation_actor_200f/sionna_xml/frame_095_sionna.xml,30.0,0.0,0.0,2.4,-0.1337,2.748,0.7,28000000000.0,21,1.0787783999433032e-08,6.209720737615498e-08,5.130942337672195e-08,7.193381890147066e-08,-71.43066882785408,-41.43066882785408,cir_coefficients_tau_mask,,"[1, 1, 1, 1, 21, 1]","[1, 1, 21]","[1, 1, 21]","[1, 1, 21]",,True,,21,5.04312707150234e-08,-41.406356541746064,0,8.781526616985502e-10,-0.024312286108013836,0,0,0,0,0,0,0,0,3.2340964255878335,1132,2345,4933,0.10944138101884054,0.11084614898396497,0.11878998335497627,2051,0,0.11725
96,24671,rx_nao_chest,/home/telilab4090/Documents/Gazebo World/my_world/rt_out/experiments/semantic_ablation_actor_200f/sionna_xml/frame_096_sionna.xml,30.0,0.0,0.0,2.4,-0.1337,2.748,0.7,28000000000.0,22,1.0787783999433032e-08,6.209720737615498e-08,5.130942337672195e-08,7.234383758714102e-08,-71.40598457162544,-41.40598457162544,cir_coefficients_tau_mask,,"[1, 1, 1, 1, 22, 1]","[1, 1, 22]","[1, 1, 22]","[1, 1, 22]",,True,,21,5.130942337672195e-08,-41.43066882785408,1,0.0,0.0246842562286389,1,0,0,0,0,0,0,0,3.2340964255878335,1099,2331,4891,0.10917094681463234,0.11056518293740814,0.1156832835348639,2029,0,0.11655
97,24928,rx_nao_chest,/home/telilab4090/Documents/Gazebo World/my_world/rt_out/experiments/semantic_ablation_actor_200f/sionna_xml/frame_097_sionna.xml,30.0,0.0,0.0,2.4,-0.1337,2.748,0.7,28000000000.0,23,1.0787783999433032e-08,6.209720737615498e-08,5.130942337672195e-08,7.235285437445782e-08,-71.40544330963414,-41.40544330963414,cir_coefficients_tau_mask,,"[1, 1, 1, 1, 23, 1]","[1, 1, 23]","[1, 1, 23]","[1, 1, 23]",,True,,22,5.130942337672195e-08,-41.40598457162544,1,0.0,0.000541261991301667,1,0,0,0,0,0,0,0,3.2340964255878335,1068,2312,4906,0.10908076926910024,0.1101368458398323,0.11446954855996233,2030,0,0.1156
98,25185,rx_nao_chest,/home/telilab4090/Documents/Gazebo World/my_world/rt_out/experiments/semantic_ablation_actor_200f/sionna_xml/frame_098_sionna.xml,30.0,0.0,0.0,2.4,-0.1337,2.748,0.7,28000000000.0,23,1.0787783999433032e-08,6.209720737615498e-08,5.130942337672195e-08,7.235285437445782e-08,-71.40544330963414,-41.40544330963414,cir_coefficients_tau_mask,,"[1, 1, 1, 1, 23, 1]","[1, 1, 23]","[1, 1, 23]","[1, 1, 23]",,True,,23,5.130942337672195e-08,-41.40544330963414,0,0.0,0.0,0,0,0,0,0,0,0,0,3.2340964255878335,1091,2191,4849,0.10901285896739998,0.1103233069040525,0.1168456163324962,2065,0,0.10955
99,25442,rx_nao_chest,/home/telilab4090/Documents/Gazebo World/my_world/rt_out/experiments/semantic_ablation_actor_200f/sionna_xml/frame_099_sionna.xml,30.0,0.0,0.0,2.4,-0.1337,2.748,0.7,28000000000.0,23,1.0787783999433032e-08,6.209720737615498e-08,5.130942337672195e-08,7.235284726903046e-08,-71.40544373613398,-41.405443736133975,cir_coefficients_tau_mask,,"[1, 1, 1, 1, 23, 1]","[1, 1, 23]","[1, 1, 23]","[1, 1, 23]",,True,,23,5.130942337672195e-08,-41.40544330963414,0,0.0,-4.2649983811315906e-07,0,0,0,0,0,0,0,0,3.2340964255878335,1029,2179,4913,0.10995796041511566,0.11100154620795062,0.11882496573938063,1988,0,0.10895
100,25698,rx_nao_chest,/home/telilab4090/Documents/Gazebo World/my_world/rt_out/experiments/semantic_ablation_actor_200f/sionna_xml/frame_100_sionna.xml,30.0,0.0,0.0,2.4,-0.1337,2.748,0.7,28000000000.0,24,1.0787783999433032e-08,6.209720737615498e-08,5.130942337672195e-08,7.266184809395781e-08,-71.38693560412185,-41.386935604121845,cir_coefficients_tau_mask,,"[1, 1, 1, 1, 24, 1]","[1, 1, 24]","[1, 1, 24]","[1, 1, 24]",,True,,23,5.130942337672195e-08,-41.405443736133975,1,0.0,0.018508132012129863,1,0,0,0,0,0,0,0,3.2340964255878335,1079,2280,4935,0.10938041711131803,0.11202053098601603,0.12024798535101394,2078,0,0.114
101,25955,rx_nao_chest,/home/telilab4090/Documents/Gazebo World/my_world/rt_out/experiments/semantic_ablation_actor_200f/sionna_xml/frame_101_sionna.xml,30.0,0.0,0.0,2.4,-0.1337,2.748,0.7,28000000000.0,24,1.0787783999433032e-08,6.209720737615498e-08,5.130942337672195e-08,7.249248312746204e-08,-71.39707023849851,-41.397070238498515,cir_coefficients_tau_mask,,"[1, 1, 1, 1, 24, 1]","[1, 1, 24]","[1, 1, 24]","[1, 1, 24]",,True,,24,5.130942337672195e-08,-41.386935604121845,0,0.0,-0.010134634376669283,0,0,0,0,0,0,0,0,3.2340964255878335,1078,2130,4844,0.10989126938731568,0.11115674388289984,0.11598632412834307,1954,0,0.1065
102,26212,rx_nao_chest,/home/telilab4090/Documents/Gazebo World/my_world/rt_out/experiments/semantic_ablation_actor_200f/sionna_xml/frame_102_sionna.xml,30.0,0.0,0.0,2.4,-0.1337,2.748,0.7,28000000000.0,24,1.0787783999433032e-08,6.209720737615498e-08,5.130942337672195e-08,7.24924902328894e-08,-71.3970698128202,-41.397069812820206,cir_coefficients_tau_mask,,"[1, 1, 1, 1, 24, 1]","[1, 1, 24]","[1, 1, 24]","[1, 1, 24]",,True,,24,5.130942337672195e-08,-41.397070238498515,0,0.0,4.2567830860207323e-07,0,0,0,0,0,0,0,0,3.2340964255878335,1098,2271,5058,0.10910037340914384,0.11046791823021748,0.11533507088927264,2089,0,0.11355
103,26469,rx_nao_chest,/home/telilab4090/Documents/Gazebo World/my_world/rt_out/experiments/semantic_ablation_actor_200f/sionna_xml/frame_103_sionna.xml,30.0,0.0,0.0,2.4,-0.1337,2.748,0.7,28000000000.0,24,1.0787783999433032e-08,6.209720737615498e-08,5.130942337672195e-08,7.24924902328894e-08,-71.3970698128202,-41.397069812820206,cir_coefficients_tau_mask,,"[1, 1, 1, 1, 24, 1]","[1, 1, 24]","[1, 1, 24]","[1, 1, 24]",,True,,24,5.130942337672195e-08,-41.397069812820206,0,0.0,0.0,0,0,0,0,0,0,0,0,3.2340964255878335,1083,2268,5033,0.1091590788781123,0.11076100503035032,0.11589443045915247,2049,0,0.1134
104,26726,rx_nao_chest,/home/telilab4090/Documents/Gazebo World/my_world/rt_out/experiments/semantic_ablation_actor_200f/sionna_xml/frame_104_sionna.xml,30.0,0.0,0.0,2.4,-0.1337,2.748,0.7,28000000000.0,24,1.0787783999433032e-08,6.209720737615498e-08,5.130942337672195e-08,7.249248312746204e-08,-71.39707023849851,-41.397070238498515,cir_coefficients_tau_mask,,"[1, 1, 1, 1, 24, 1]","[1, 1, 24]","[1, 1, 24]","[1, 1, 24]",,True,,24,5.130942337672195e-08,-41.397069812820206,0,0.0,-4.2567830860207323e-07,0,0,0,0,0,0,0,0,3.2340964255878335,1047,2160,4982,0.10908076926910024,0.11037416741989599,0.11319360405283069,1954,0,0.108
105,26983,rx_nao_chest,/home/telilab4090/Documents/Gazebo World/my_world/rt_out/experiments/semantic_ablation_actor_200f/sionna_xml/frame_105_sionna.xml,30.0,0.0,0.0,2.4,-0.1337,2.748,0.7,28000000000.0,24,1.0787783999433032e-08,6.209720737615498e-08,5.130942337672195e-08,7.249248312746204e-08,-71.39707023849851,-41.397070238498515,cir_coefficients_tau_mask,,"[1, 1, 1, 1, 24, 1]","[1, 1, 24]","[1, 1, 24]","[1, 1, 24]",,True,,24,5.130942337672195e-08,-41.397070238498515,0,0.0,0.0,0,0,0,0,0,0,0,0,3.2340964255878335,1089,2144,4973,0.1093299758055522,0.11023798771970439,0.11277174830377547,2062,0,0.1072
106,27240,rx_nao_chest,/home/telilab4090/Documents/Gazebo World/my_world/rt_out/experiments/semantic_ablation_actor_200f/sionna_xml/frame_106_sionna.xml,30.0,0.0,0.0,2.4,-0.1337,2.748,0.7,28000000000.0,24,1.0787783999433032e-08,6.209720737615498e-08,5.130942337672195e-08,7.249248312746204e-08,-71.39707023849851,-41.397070238498515,cir_coefficients_tau_mask,,"[1, 1, 1, 1, 24, 1]","[1, 1, 24]","[1, 1, 24]","[1, 1, 24]",,True,,24,5.130942337672195e-08,-41.397070238498515,0,0.0,0.0,0,0,0,0,0,0,0,0,3.2340964255878335,1039,2033,4989,0.10984564394091026,0.11085024842532518,0.12061592389352571,1964,0,0.10165
107,27497,rx_nao_chest,/home/telilab4090/Documents/Gazebo World/my_world/rt_out/experiments/semantic_ablation_actor_200f/sionna_xml/frame_107_sionna.xml,30.0,0.0,0.0,2.4,-0.1337,2.748,0.7,28000000000.0,23,1.0787783999433032e-08,6.209720737615498e-08,5.130942337672195e-08,7.235285437445782e-08,-71.40544330963414,-41.40544330963414,cir_coefficients_tau_mask,,"[1, 1, 1, 1, 23, 1]","[1, 1, 23]","[1, 1, 23]","[1, 1, 23]",,True,,24,5.130942337672195e-08,-41.397070238498515,-1,0.0,-0.008373071135622467,1,1,0,0,0,0,0,0,3.2340964255878335,1081,2067,5016,0.1092508557091868,0.11056322185294928,0.11454528226232594,1993,0,0.10335
108,27754,rx_nao_chest,/home/telilab4090/Documents/Gazebo World/my_world/rt_out/experiments/semantic_ablation_actor_200f/sionna_xml/frame_108_sionna.xml,30.0,0.0,0.0,2.4,-0.1337,2.748,0.7,28000000000.0,20,1.0787783999433032e-08,6.209720737615498e-08,5.130942337672195e-08,7.193393969373574e-08,-71.43066153512711,-41.430661535127115,cir_coefficients_tau_mask,,"[1, 1, 1, 1, 20, 1]","[1, 1, 20]","[1, 1, 20]","[1, 1, 20]",,True,,23,5.130942337672195e-08,-41.40544330963414,-3,0.0,-0.025218225492977808,1,1,0,0,0,0,0,0,3.2340964255878335,1088,2156,5042,0.1093299758055522,0.11021077573082497,0.11259162087825703,2043,0,0.1078
109,28011,rx_nao_chest,/home/telilab4090/Documents/Gazebo World/my_world/rt_out/experiments/semantic_ablation_actor_200f/sionna_xml/frame_109_sionna.xml,30.0,0.0,0.0,2.4,-0.1337,2.748,0.7,28000000000.0,24,1.0787783999433032e-08,6.209720737615498e-08,5.130942337672195e-08,7.249248312746204e-08,-71.39707023849851,-41.397070238498515,cir_coefficients_tau_mask,,"[1, 1, 1, 1, 24, 1]","[1, 1, 24]","[1, 1, 24]","[1, 1, 24]",,True,,20,5.130942337672195e-08,-41.430661535127115,4,0.0,0.033591296628600276,1,0,0,0,0,0,0,0,3.2340964255878335,1087,3257,5114,0.1101271991167972,0.11096251382189766,0.11373281542621125,2012,0,0.16285
110,28268,rx_nao_chest,/home/telilab4090/Documents/Gazebo World/my_world/rt_out/experiments/semantic_ablation_actor_200f/sionna_xml/frame_110_sionna.xml,30.0,0.0,0.0,2.4,-0.1337,2.748,0.7,28000000000.0,24,1.0787783999433032e-08,6.209720737615498e-08,5.130942337672195e-08,7.249248312746204e-08,-71.39707023849851,-41.397070238498515,cir_coefficients_tau_mask,,"[1, 1, 1, 1, 24, 1]","[1, 1, 24]","[1, 1, 24]","[1, 1, 24]",,True,,24,5.130942337672195e-08,-41.397070238498515,0,0.0,0.0,0,0,0,0,0,0,0,0,3.2340964255878335,1039,2346,5359,0.10908144924496863,0.11043153179687286,0.11380109863312944,1989,0,0.1173
111,28525,rx_nao_chest,/home/telilab4090/Documents/Gazebo World/my_world/rt_out/experiments/semantic_ablation_actor_200f/sionna_xml/frame_111_sionna.xml,30.0,0.0,0.0,2.4,-0.1337,2.748,0.7,28000000000.0,23,1.0787783999433032e-08,6.209720737615498e-08,5.130942337672195e-08,7.244494071301233e-08,-71.39991938655777,-41.39991938655777,cir_coefficients_tau_mask,,"[1, 1, 1, 1, 23, 1]","[1, 1, 23]","[1, 1, 23]","[1, 1, 23]",,True,,24,5.130942337672195e-08,-41.397070238498515,-1,0.0,-0.002849148059254958,1,1,0,0,0,0,0,0,3.2340964255878335,1069,1989,5310,0.10911155102406693,0.11078619109491272,0.11870832880442642,1985,0,0.09945
112,28782,rx_nao_chest,/home/telilab4090/Documents/Gazebo World/my_world/rt_out/experiments/semantic_ablation_actor_200f/sionna_xml/frame_112_sionna.xml,30.0,0.0,0.0,2.4,-0.1337,2.748,0.7,28000000000.0,23,1.0787783999433032e-08,6.209720737615498e-08,5.130942337672195e-08,7.244494781843969e-08,-71.39991896060012,-41.39991896060012,cir_coefficients_tau_mask,,"[1, 1, 1, 1, 23, 1]","[1, 1, 23]","[1, 1, 23]","[1, 1, 23]",,True,,23,5.130942337672195e-08,-41.39991938655777,0,0.0,4.2595765137320996e-07,0,0,0,0,0,0,0,0,3.2340964255878335,1097,2174,5314,0.10911313780223297,0.11086060838428768,0.11625330214097629,2063,0,0.1087
113,29039,rx_nao_chest,/home/telilab4090/Documents/Gazebo World/my_world/rt_out/experiments/semantic_ablation_actor_200f/sionna_xml/frame_113_sionna.xml,30.0,0.0,0.0,2.4,-0.1337,2.748,0.7,28000000000.0,19,1.0787783999433032e-08,6.209720737615498e-08,5.130942337672195e-08,7.21886408427963e-08,-71.41531134942863,-41.415311349428634,cir_coefficients_tau_mask,,"[1, 1, 1, 1, 19, 1]","[1, 1, 19]","[1, 1, 19]","[1, 1, 19]",,True,,23,5.130942337672195e-08,-41.39991896060012,-4,0.0,-0.015392388828516346,1,1,0,0,0,0,0,0,3.2340964255878335,1154,2277,5412,0.10951927330382809,0.11087068136302544,0.11604037454705725,2066,0,0.11385
114,29296,rx_nao_chest,/home/telilab4090/Documents/Gazebo World/my_world/rt_out/experiments/semantic_ablation_actor_200f/sionna_xml/frame_114_sionna.xml,30.0,0.0,0.0,2.4,-0.1337,2.748,0.7,28000000000.0,16,2.14085886796056e-08,6.209720737615498e-08,4.0688618696549383e-08,2.4257731379151437e-09,-86.15149817467206,-56.15149817467206,cir_coefficients_tau_mask,,"[1, 1, 1, 1, 16, 1]","[1, 1, 16]","[1, 1, 16]","[1, 1, 16]",,True,,19,5.130942337672195e-08,-41.415311349428634,-3,-1.0620804680172569e-08,-14.736186825243422,1,1,1,1,1,0,1,1,3.2340964255878335,1158,2477,5330,0.036710696527166346,0.09641147317262541,0.10832509136121737,2094,0,0.12385
115,29553,rx_nao_chest,/home/telilab4090/Documents/Gazebo World/my_world/rt_out/experiments/semantic_ablation_actor_200f/sionna_xml/frame_115_sionna.xml,30.0,0.0,0.0,2.4,-0.1337,2.748,0.7,28000000000.0,24,1.0787783999433032e-08,6.209720737615498e-08,5.130942337672195e-08,7.249248312746204e-08,-71.39707023849851,-41.397070238498515,cir_coefficients_tau_mask,,"[1, 1, 1, 1, 24, 1]","[1, 1, 24]","[1, 1, 24]","[1, 1, 24]",,True,,16,4.0688618696549383e-08,-56.15149817467206,8,1.0620804680172569e-08,14.754427936173542,1,0,0,0,0,1,1,1,3.2340964255878335,1089,2459,5319,0.10915903912969357,0.11041608092108805,0.11410787755815517,2046,0,0.12295
116,29810,rx_nao_chest,/home/telilab4090/Documents/Gazebo World/my_world/rt_out/experiments/semantic_ablation_actor_200f/sionna_xml/frame_116_sionna.xml,30.0,0.0,0.0,2.4,-0.1337,2.748,0.7,28000000000.0,23,1.0787783999433032e-08,6.209720737615498e-08,5.130942337672195e-08,7.244521782467928e-08,-71.39990277423999,-41.39990277423999,cir_coefficients_tau_mask,,"[1, 1, 1, 1, 23, 1]","[1, 1, 23]","[1, 1, 23]","[1, 1, 23]",,True,,24,5.130942337672195e-08,-41.397070238498515,-1,0.0,-0.0028325357414757946,1,1,0,0,0,0,0,0,3.2340964255878335,1157,2556,5270,0.10916453191128232,0.1104669969120721,0.1147074688898193,2121,0,0.1278
117,30067,rx_nao_chest,/home/telilab4090/Documents/Gazebo World/my_world/rt_out/experiments/semantic_ablation_actor_200f/sionna_xml/frame_117_sionna.xml,30.0,0.0,0.0,2.4,-0.1337,2.748,0.7,28000000000.0,23,1.0787783999433032e-08,6.209720737615498e-08,5.130942337672195e-08,7.244521782467928e-08,-71.39990277423999,-41.39990277423999,cir_coefficients_tau_mask,,"[1, 1, 1, 1, 23, 1]","[1, 1, 23]","[1, 1, 23]","[1, 1, 23]",,True,,23,5.130942337672195e-08,-41.39990277423999,0,0.0,0.0,0,0,0,0,0,0,0,0,3.2340964255878335,1075,2508,5214,0.1093385875049662,0.11055105933195472,0.11394772424786774,2040,0,0.1254
118,30324,rx_nao_chest,/home/telilab4090/Documents/Gazebo World/my_world/rt_out/experiments/semantic_ablation_actor_200f/sionna_xml/frame_118_sionna.xml,30.0,0.0,0.0,2.4,-0.1337,2.748,0.7,28000000000.0,24,1.0787783999433032e-08,6.209720737615498e-08,5.130942337672195e-08,7.24924902328894e-08,-71.3970698128202,-41.397069812820206,cir_coefficients_tau_mask,,"[1, 1, 1, 1, 24, 1]","[1, 1, 24]","[1, 1, 24]","[1, 1, 24]",,True,,23,5.130942337672195e-08,-41.39990277423999,1,0.0,0.0028329614197843966,1,0,0,0,0,0,0,0,3.2340964255878335,1126,2494,5275,0.10944138101884054,0.11087644500520728,0.12008872764919415,2062,0,0.1247
119,30581,rx_nao_chest,/home/telilab4090/Documents/Gazebo World/my_world/rt_out/experiments/semantic_ablation_actor_200f/sionna_xml/frame_119_sionna.xml,30.0,0.0,0.0,2.4,-0.1337,2.748,0.7,28000000000.0,24,1.0787783999433032e-08,6.209720737615498e-08,5.130942337672195e-08,7.24924902328894e-08,-71.3970698128202,-41.397069812820206,cir_coefficients_tau_mask,,"[1, 1, 1, 1, 24, 1]","[1, 1, 24]","[1, 1, 24]","[1, 1, 24]",,True,,24,5.130942337672195e-08,-41.397069812820206,0,0.0,0.0,0,0,0,0,0,0,0,0,3.2340964255878335,1090,2502,4759,0.10911313780223297,0.11037727668862189,0.1143825360456005,2076,0,0.1251
120,30838,rx_nao_chest,/home/telilab4090/Documents/Gazebo World/my_world/rt_out/experiments/semantic_ablation_actor_200f/sionna_xml/frame_120_sionna.xml,30.0,0.0,0.0,2.4,-0.1337,2.748,0.7,28000000000.0,20,1.0787783999433032e-08,6.209720737615498e-08,5.130942337672195e-08,7.193393969373574e-08,-71.43066153512711,-41.430661535127115,cir_coefficients_tau_mask,,"[1, 1, 1, 1, 20, 1]","[1, 1, 20]","[1, 1, 20]","[1, 1, 20]",,True,,24,5.130942337672195e-08,-41.397069812820206,-4,0.0,-0.03359172230690888,1,1,0,0,0,0,0,0,3.2340964255878335,1115,2299,4691,0.10983504365184926,0.11117711370289196,0.11626184734606175,2054,0,0.11495
121,31095,rx_nao_chest,/home/telilab4090/Documents/Gazebo World/my_world/rt_out/experiments/semantic_ablation_actor_200f/sionna_xml/frame_121_sionna.xml,30.0,0.0,0.0,2.4,-0.1337,2.748,0.7,28000000000.0,23,1.0787783999433032e-08,6.209720737615498e-08,5.130942337672195e-08,7.236335619609235e-08,-71.40481298865271,-41.40481298865271,cir_coefficients_tau_mask,,"[1, 1, 1, 1, 23, 1]","[1, 1, 23]","[1, 1, 23]","[1, 1, 23]",,True,,20,5.130942337672195e-08,-41.430661535127115,3,0.0,0.02584854647440693,1,0,0,0,0,0,0,0,3.2340964255878335,1061,2019,4790,0.10984043340063243,0.11059993048380452,0.11522225304436548,1990,0,0.10095
122,31352,rx_nao_chest,/home/telilab4090/Documents/Gazebo World/my_world/rt_out/experiments/semantic_ablation_actor_200f/sionna_xml/frame_122_sionna.xml,30.0,0.0,0.0,2.4,-0.1337,2.748,0.7,28000000000.0,21,1.0787783999433032e-08,6.209720737615498e-08,5.130942337672195e-08,7.199592744200345e-08,-71.4269206939496,-41.4269206939496,cir_coefficients_tau_mask,,"[1, 1, 1, 1, 21, 1]","[1, 1, 21]","[1, 1, 21]","[1, 1, 21]",,True,,23,5.130942337672195e-08,-41.40481298865271,-2,0.0,-0.022107705296889435,1,1,0,0,0,0,0,0,3.2340964255878335,1051,2440,4713,0.10998906967678615,0.11061682357125349,0.1171554127764581,2005,0,0.122
123,31609,rx_nao_chest,/home/telilab4090/Documents/Gazebo World/my_world/rt_out/experiments/semantic_ablation_actor_200f/sionna_xml/frame_123_sionna.xml,30.0,0.0,0.0,2.4,-0.1337,2.748,0.7,28000000000.0,20,1.0787783999433032e-08,6.209720737615498e-08,5.130942337672195e-08,7.186680051063377e-08,-71.43471689378771,-41.43471689378771,cir_coefficients_tau_mask,,"[1, 1, 1, 1, 20, 1]","[1, 1, 20]","[1, 1, 20]","[1, 1, 20]",,True,,21,5.130942337672195e-08,-41.4269206939496,-1,0.0,-0.007796199838111306,1,1,0,0,0,0,0,0,3.2340964255878335,1072,2386,4720,0.10911155102406693,0.11064860762668616,0.11769257326425783,1988,0,0.1193
124,31866,rx_nao_chest,/home/telilab4090/Documents/Gazebo World/my_world/rt_out/experiments/semantic_ablation_actor_200f/sionna_xml/frame_124_sionna.xml,30.0,0.0,0.0,2.4,-0.1337,2.748,0.7,28000000000.0,20,1.0787783999433032e-08,6.209720737615498e-08,5.130942337672195e-08,7.186680051063377e-08,-71.43471689378771,-41.43471689378771,cir_coefficients_tau_mask,,"[1, 1, 1, 1, 20, 1]","[1, 1, 20]","[1, 1, 20]","[1, 1, 20]",,True,,20,5.130942337672195e-08,-41.43471689378771,0,0.0,0.0,0,0,0,0,0,0,0,0,3.2340964255878335,1063,2351,4606,0.10910688212170501,0.11102161607618426,0.11702886099350067,1999,0,0.11755
125,32123,rx_nao_chest,/home/telilab4090/Documents/Gazebo World/my_world/rt_out/experiments/semantic_ablation_actor_200f/sionna_xml/frame_125_sionna.xml,30.0,0.0,0.0,2.4,-0.1337,2.748,0.7,28000000000.0,19,1.0787783999433032e-08,6.209720737615498e-08,5.130942337672195e-08,7.172716465220219e-08,-71.44316336322522,-41.443163363225224,cir_coefficients_tau_mask,,"[1, 1, 1, 1, 19, 1]","[1, 1, 19]","[1, 1, 19]","[1, 1, 19]",,True,,20,5.130942337672195e-08,-41.43471689378771,-1,0.0,-0.008446469437515702,1,1,0,0,0,0,0,0,3.2340964255878335,1069,2360,4755,0.1092508557091868,0.11086653810196764,0.11559364914587558,1989,0,0.118
126,32380,rx_nao_chest,/home/telilab4090/Documents/Gazebo World/my_world/rt_out/experiments/semantic_ablation_actor_200f/sionna_xml/frame_126_sionna.xml,30.0,0.0,0.0,2.4,-0.1337,2.748,0.7,28000000000.0,20,1.0787783999433032e-08,6.209720737615498e-08,5.130942337672195e-08,7.185629158357187e-08,-71.4353519996674,-41.435351999667404,cir_coefficients_tau_mask,,"[1, 1, 1, 1, 20, 1]","[1, 1, 20]","[1, 1, 20]","[1, 1, 20]",,True,,19,5.130942337672195e-08,-41.443163363225224,1,0.0,0.007811363557820528,1,0,0,0,0,0,0,0,3.2340964255878335,1129,2043,4782,0.10909983340327381,0.11043234483768398,0.1186328894728679,2043,0,0.10215
127,32637,rx_nao_chest,/home/telilab4090/Documents/Gazebo World/my_world/rt_out/experiments/semantic_ablation_actor_200f/sionna_xml/frame_127_sionna.xml,30.0,0.0,0.0,2.4,-0.1337,2.748,0.7,28000000000.0,20,1.0787783999433032e-08,6.209720737615498e-08,5.130942337672195e-08,7.186680051063377e-08,-71.43471689378771,-41.43471689378771,cir_coefficients_tau_mask,,"[1, 1, 1, 1, 20, 1]","[1, 1, 20]","[1, 1, 20]","[1, 1, 20]",,True,,20,5.130942337672195e-08,-41.435351999667404,0,0.0,0.0006351058796951747,0,0,0,0,0,0,0,0,3.2340964255878335,1137,2074,4729,0.1091590788781123,0.11064941888119048,0.11673511397413067,2074,0,0.1037
128,32894,rx_nao_chest,/home/telilab4090/Documents/Gazebo World/my_world/rt_out/experiments/semantic_ablation_actor_200f/sionna_xml/frame_128_sionna.xml,30.0,0.0,0.0,2.4,-0.1337,2.748,0.7,28000000000.0,22,1.0787783999433032e-08,6.209720737615498e-08,5.130942337672195e-08,7.204451435427472e-08,-71.42399081836338,-41.42399081836338,cir_coefficients_tau_mask,,"[1, 1, 1, 1, 22, 1]","[1, 1, 22]","[1, 1, 22]","[1, 1, 22]",,True,,20,5.130942337672195e-08,-41.43471689378771,2,0.0,0.010726075424329906,1,0,0,0,0,0,0,0,3.2340964255878335,1084,2409,5145,0.1092401869390177,0.1104105363428689,0.11561855397559459,2042,0,0.12045
129,33151,rx_nao_chest,/home/telilab4090/Documents/Gazebo World/my_world/rt_out/experiments/semantic_ablation_actor_200f/sionna_xml/frame_129_sionna.xml,30.0,0.0,0.0,2.4,-0.1337,2.748,0.7,28000000000.0,22,1.0787783999433032e-08,6.209720737615498e-08,5.130942337672195e-08,7.204451435427472e-08,-71.42399081836338,-41.42399081836338,cir_coefficients_tau_mask,,"[1, 1, 1, 1, 22, 1]","[1, 1, 22]","[1, 1, 22]","[1, 1, 22]",,True,,22,5.130942337672195e-08,-41.42399081836338,0,0.0,0.0,0,0,0,0,0,0,0,0,3.2340964255878335,1095,2443,5056,0.10938041711131803,0.11061782126359787,0.12218983774842092,2088,0,0.12215
130,33408,rx_nao_chest,/home/telilab4090/Documents/Gazebo World/my_world/rt_out/experiments/semantic_ablation_actor_200f/sionna_xml/frame_130_sionna.xml,30.0,0.0,0.0,2.4,-0.1337,2.748,0.7,28000000000.0,21,1.0787783999433032e-08,6.209720737615498e-08,5.130942337672195e-08,7.203615126627483e-08,-71.42449498635267,-41.42449498635267,cir_coefficients_tau_mask,,"[1, 1, 1, 1, 21, 1]","[1, 1, 21]","[1, 1, 21]","[1, 1, 21]",,True,,22,5.130942337672195e-08,-41.42399081836338,-1,0.0,-0.0005041679892912043,1,1,0,0,0,0,0,0,3.2340964255878335,1048,2320,5088,0.10938041711131803,0.11084127798677934,0.11273690643151904,1961,0,0.116
131,33665,rx_nao_chest,/home/telilab4090/Documents/Gazebo World/my_world/rt_out/experiments/semantic_ablation_actor_200f/sionna_xml/frame_131_sionna.xml,30.0,0.0,0.0,2.4,-0.1337,2.748,0.7,28000000000.0,21,1.0787783999433032e-08,6.209720737615498e-08,5.130942337672195e-08,7.203615126627483e-08,-71.42449498635267,-41.42449498635267,cir_coefficients_tau_mask,,"[1, 1, 1, 1, 21, 1]","[1, 1, 21]","[1, 1, 21]","[1, 1, 21]",,True,,21,5.130942337672195e-08,-41.42449498635267,0,0.0,0.0,0,0,0,0,0,0,0,0,3.2340964255878335,1096,2283,5040,0.11002270930962352,0.11105992065257372,0.1179722190084068,2046,0,0.11415
132,33922,rx_nao_chest,/home/telilab4090/Documents/Gazebo World/my_world/rt_out/experiments/semantic_ablation_actor_200f/sionna_xml/frame_132_sionna.xml,30.0,0.0,0.0,2.4,-0.1337,2.748,0.7,28000000000.0,20,1.0787783999433032e-08,6.209720737615498e-08,5.130942337672195e-08,7.198757145943091e-08,-71.42742477353566,-41.42742477353566,cir_coefficients_tau_mask,,"[1, 1, 1, 1, 20, 1]","[1, 1, 20]","[1, 1, 20]","[1, 1, 20]",,True,,21,5.130942337672195e-08,-41.42449498635267,-1,0.0,-0.002929787182992527,1,1,0,0,0,0,0,0,3.2340964255878335,1080,2062,4959,0.10902825088711011,0.11026376632847537,0.11356437495482131,2062,0,0.1031
133,34179,rx_nao_chest,/home/telilab4090/Documents/Gazebo World/my_world/rt_out/experiments/semantic_ablation_actor_200f/sionna_xml/frame_133_sionna.xml,30.0,0.0,0.0,2.4,-0.1337,2.748,0.7,28000000000.0,21,1.0787783999433032e-08,6.209720737615498e-08,5.130942337672195e-08,7.19959345474308e-08,-71.4269202653354,-41.4269202653354,cir_coefficients_tau_mask,,"[1, 1, 1, 1, 21, 1]","[1, 1, 21]","[1, 1, 21]","[1, 1, 21]",,True,,20,5.130942337672195e-08,-41.42742477353566,1,0.0,0.0005045082002652634,1,0,0,0,0,0,0,0,3.2340964255878335,1134,2090,4954,0.10915903912969357,0.11143132619719939,0.1250693933477403,2090,0,0.1045
134,34436,rx_nao_chest,/home/telilab4090/Documents/Gazebo World/my_world/rt_out/experiments/semantic_ablation_actor_200f/sionna_xml/frame_134_sionna.xml,30.0,0.0,0.0,2.4,-0.1337,2.748,0.7,28000000000.0,22,1.0787783999433032e-08,6.209720737615498e-08,5.130942337672195e-08,7.215496111712127e-08,-71.41733803008223,-41.417338030082234,cir_coefficients_tau_mask,,"[1, 1, 1, 1, 22, 1]","[1, 1, 22]","[1, 1, 22]","[1, 1, 22]",,True,,21,5.130942337672195e-08,-41.4269202653354,1,0.0,0.009582235253162708,1,0,0,0,0,0,0,0,3.2340964255878335,1070,2028,4916,0.10901953951675983,0.11089294895539388,0.1250712742808213,2028,0,0.1014
135,34693,rx_nao_chest,/home/telilab4090/Documents/Gazebo World/my_world/rt_out/experiments/semantic_ablation_actor_200f/sionna_xml/frame_135_sionna.xml,30.0,0.0,0.0,2.4,-0.1337,2.748,0.7,28000000000.0,23,1.0787783999433032e-08,6.209720737615498e-08,5.130942337672195e-08,7.219747999442916e-08,-71.41477960929164,-41.41477960929164,cir_coefficients_tau_mask,,"[1, 1, 1, 1, 23, 1]","[1, 1, 23]","[1, 1, 23]","[1, 1, 23]",,True,,22,5.130942337672195e-08,-41.417338030082234,1,0.0,0.0025584207905922085,1,0,0,0,0,0,0,0,3.2340964255878335,1097,2058,4765,0.10917094681463234,0.11072569373132435,0.1165873570956803,2058,0,0.1029
136,34950,rx_nao_chest,/home/telilab4090/Documents/Gazebo World/my_world/rt_out/experiments/semantic_ablation_actor_200f/sionna_xml/frame_136_sionna.xml,30.0,0.0,0.0,2.4,-0.1337,2.748,0.7,28000000000.0,24,1.0787783999433032e-08,6.209720737615498e-08,5.130942337672195e-08,7.222368481052399e-08,-71.41320357891279,-41.413203578912785,cir_coefficients_tau_mask,,"[1, 1, 1, 1, 24, 1]","[1, 1, 24]","[1, 1, 24]","[1, 1, 24]",,True,,23,5.130942337672195e-08,-41.41477960929164,1,0.0,0.0015760303788567853,1,0,0,0,0,0,0,0,3.2340964255878335,1109,2028,4674,0.10926893040879078,0.11057373516343363,0.11535737652245251,2028,0,0.1014
137,35207,rx_nao_chest,/home/telilab4090/Documents/Gazebo World/my_world/rt_out/experiments/semantic_ablation_actor_200f/sionna_xml/frame_137_sionna.xml,30.0,0.0,0.0,2.4,-0.1337,2.748,0.7,28000000000.0,23,1.0787783999433032e-08,6.209720737615498e-08,5.130942337672195e-08,7.20839850032462e-08,-71.42161212358053,-41.42161212358053,cir_coefficients_tau_mask,,"[1, 1, 1, 1, 23, 1]","[1, 1, 23]","[1, 1, 23]","[1, 1, 23]",,True,,24,5.130942337672195e-08,-41.413203578912785,-1,0.0,-0.008408544667744877,1,1,0,0,0,0,0,0,3.2340964255878335,1061,1989,4685,0.10908076926910024,0.11072941841079986,0.11628441603261247,1989,0,0.09945
138,35464,rx_nao_chest,/home/telilab4090/Documents/Gazebo World/my_world/rt_out/experiments/semantic_ablation_actor_200f/sionna_xml/frame_138_sionna.xml,30.0,0.0,0.0,2.4,-0.1337,2.748,0.7,28000000000.0,18,1.0787783999433032e-08,6.209720737615498e-08,5.130942337672195e-08,7.187903605654355e-08,-71.43397755688427,-41.43397755688427,cir_coefficients_tau_mask,,"[1, 1, 1, 1, 18, 1]","[1, 1, 18]","[1, 1, 18]","[1, 1, 18]",,True,,23,5.130942337672195e-08,-41.42161212358053,-5,0.0,-0.01236543330374218,1,1,0,0,0,0,0,0,3.2340964255878335,1060,1999,4702,0.10955713664771444,0.11035516899933984,0.11192313754872352,1999,0,0.09995
139,35721,rx_nao_chest,/home/telilab4090/Documents/Gazebo World/my_world/rt_out/experiments/semantic_ablation_actor_200f/sionna_xml/frame_139_sionna.xml,30.0,0.0,0.0,2.4,-0.1337,2.748,0.7,28000000000.0,19,1.0787783999433032e-08,6.209720737615498e-08,5.130942337672195e-08,7.188535988689182e-08,-71.43359548667718,-41.43359548667718,cir_coefficients_tau_mask,,"[1, 1, 1, 1, 19, 1]","[1, 1, 19]","[1, 1, 19]","[1, 1, 19]",,True,,18,5.130942337672195e-08,-41.43397755688427,1,0.0,0.000382070207095353,1,0,0,0,0,0,0,0,3.2340964255878335,1079,2039,4642,0.1092508557091868,0.11094967875650277,0.11678712912923901,2039,0,0.10195
140,35978,rx_nao_chest,/home/telilab4090/Documents/Gazebo World/my_world/rt_out/experiments/semantic_ablation_actor_200f/sionna_xml/frame_140_sionna.xml,30.0,0.0,0.0,2.4,-0.1337,2.748,0.7,28000000000.0,19,1.0787783999433032e-08,6.209720737615498e-08,5.130942337672195e-08,7.188535988689182e-08,-71.43359548667718,-41.43359548667718,cir_coefficients_tau_mask,,"[1, 1, 1, 1, 19, 1]","[1, 1, 19]","[1, 1, 19]","[1, 1, 19]",,True,,19,5.130942337672195e-08,-41.43359548667718,0,0.0,0.0,0,0,0,0,0,0,0,0,3.2340964255878335,1107,2044,4671,0.10987542105856386,0.1109409306498306,0.12071978922671395,2044,0,0.1022
141,36235,rx_nao_chest,/home/telilab4090/Documents/Gazebo World/my_world/rt_out/experiments/semantic_ablation_actor_200f/sionna_xml/frame_141_sionna.xml,30.0,0.0,0.0,2.4,-0.1337,2.748,0.7,28000000000.0,24,1.0787783999433032e-08,6.209720737615498e-08,5.130942337672195e-08,7.24924902328894e-08,-71.3970698128202,-41.397069812820206,cir_coefficients_tau_mask,,"[1, 1, 1, 1, 24, 1]","[1, 1, 24]","[1, 1, 24]","[1, 1, 24]",,True,,19,5.130942337672195e-08,-41.43359548667718,5,0.0,0.03652567385697125,1,0,0,0,0,0,0,0,3.2340964255878335,1093,2080,4761,0.10944138101884054,0.1103533355199404,0.11312385617087563,2080,0,0.104
142,36492,rx_nao_chest,/home/telilab4090/Documents/Gazebo World/my_world/rt_out/experiments/semantic_ablation_actor_200f/sionna_xml/frame_142_sionna.xml,30.0,0.0,0.0,2.4,-0.1337,2.748,0.7,28000000000.0,24,1.0787783999433032e-08,6.209720737615498e-08,5.130942337672195e-08,7.249248312746204e-08,-71.39707023849851,-41.397070238498515,cir_coefficients_tau_mask,,"[1, 1, 1, 1, 24, 1]","[1, 1, 24]","[1, 1, 24]","[1, 1, 24]",,True,,24,5.130942337672195e-08,-41.397069812820206,0,0.0,-4.2567830860207323e-07,0,0,0,0,0,0,0,0,3.2340964255878335,1132,2041,4716,0.10910688212170501,0.11139788948882987,0.1163502187150219,2041,0,0.10205
143,36749,rx_nao_chest,/home/telilab4090/Documents/Gazebo World/my_world/rt_out/experiments/semantic_ablation_actor_200f/sionna_xml/frame_143_sionna.xml,30.0,0.0,0.0,2.4,-0.1337,2.748,0.7,28000000000.0,24,1.0787783999433032e-08,6.209720737615498e-08,5.130942337672195e-08,7.249248312746204e-08,-71.39707023849851,-41.397070238498515,cir_coefficients_tau_mask,,"[1, 1, 1, 1, 24, 1]","[1, 1, 24]","[1, 1, 24]","[1, 1, 24]",,True,,24,5.130942337672195e-08,-41.397070238498515,0,0.0,0.0,0,0,0,0,0,0,0,0,3.2340964255878335,1049,2020,4691,0.1091590788781123,0.11039143491913028,0.1142256719793002,2020,0,0.101
144,37006,rx_nao_chest,/home/telilab4090/Documents/Gazebo World/my_world/rt_out/experiments/semantic_ablation_actor_200f/sionna_xml/frame_144_sionna.xml,30.0,0.0,0.0,2.4,-0.1337,2.748,0.7,28000000000.0,24,1.0787783999433032e-08,6.209720737615498e-08,5.130942337672195e-08,7.249248312746204e-08,-71.39707023849851,-41.397070238498515,cir_coefficients_tau_mask,,"[1, 1, 1, 1, 24, 1]","[1, 1, 24]","[1, 1, 24]","[1, 1, 24]",,True,,24,5.130942337672195e-08,-41.397070238498515,0,0.0,0.0,0,0,0,0,0,0,0,0,3.2340964255878335,1105,2072,4672,0.1092401869390177,0.11085627774884703,0.11809070643156908,2072,0,0.1036
145,37263,rx_nao_chest,/home/telilab4090/Documents/Gazebo World/my_world/rt_out/experiments/semantic_ablation_actor_200f/sionna_xml/frame_145_sionna.xml,30.0,0.0,0.0,2.4,-0.1337,2.748,0.7,28000000000.0,24,1.0787783999433032e-08,6.209720737615498e-08,5.130942337672195e-08,7.24924902328894e-08,-71.3970698128202,-41.397069812820206,cir_coefficients_tau_mask,,"[1, 1, 1, 1, 24, 1]","[1, 1, 24]","[1, 1, 24]","[1, 1, 24]",,True,,24,5.130942337672195e-08,-41.397070238498515,0,0.0,4.2567830860207323e-07,0,0,0,0,0,0,0,0,3.2340964255878335,1064,2006,4920,0.10984564394091026,0.11076038572237439,0.11600546065013315,2006,0,0.1003
146,37520,rx_nao_chest,/home/telilab4090/Documents/Gazebo World/my_world/rt_out/experiments/semantic_ablation_actor_200f/sionna_xml/frame_146_sionna.xml,30.0,0.0,0.0,2.4,-0.1337,2.748,0.7,28000000000.0,24,1.0787783999433032e-08,6.209720737615498e-08,5.130942337672195e-08,7.249248312746204e-08,-71.39707023849851,-41.397070238498515,cir_coefficients_tau_mask,,"[1, 1, 1, 1, 24, 1]","[1, 1, 24]","[1, 1, 24]","[1, 1, 24]",,True,,24,5.130942337672195e-08,-41.397069812820206,0,0.0,-4.2567830860207323e-07,0,0,0,0,0,0,0,0,3.2340964255878335,1092,2060,5123,0.10911313780223297,0.11076167094967186,0.11681440008909176,2060,0,0.103
147,37777,rx_nao_chest,/home/telilab4090/Documents/Gazebo World/my_world/rt_out/experiments/semantic_ablation_actor_200f/sionna_xml/frame_147_sionna.xml,30.0,0.0,0.0,2.4,-0.1337,2.748,0.7,28000000000.0,23,1.0787783999433032e-08,6.209720737615498e-08,5.130942337672195e-08,7.244521071925192e-08,-71.39990320019606,-41.399903200196064,cir_coefficients_tau_mask,,"[1, 1, 1, 1, 23, 1]","[1, 1, 23]","[1, 1, 23]","[1, 1, 23]",,True,,24,5.130942337672195e-08,-41.397070238498515,-1,0.0,-0.002832961697549763,1,1,0,0,0,0,0,0,3.2340964255878335,1058,1961,4968,0.1099623714875832,0.11089569957575704,0.11563204298622877,1961,0,0.09805
148,38034,rx_nao_chest,/home/telilab4090/Documents/Gazebo World/my_world/rt_out/experiments/semantic_ablation_actor_200f/sionna_xml/frame_148_sionna.xml,30.0,0.0,0.0,2.4,-0.1337,2.748,0.7,28000000000.0,24,1.0787783999433032e-08,6.209720737615498e-08,5.130942337672195e-08,7.246238453717524e-08,-71.39887378633007,-41.39887378633007,cir_coefficients_tau_mask,,"[1, 1, 1, 1, 24, 1]","[1, 1, 24]","[1, 1, 24]","[1, 1, 24]",,True,,23,5.130942337672195e-08,-41.399903200196064,1,0.0,0.0010294138659929786,1,0,0,0,0,0,0,0,3.2340964255878335,1069,2027,5070,0.10910688212170501,0.11065441588382312,0.11536192425004657,2027,0,0.10135
149,38291,rx_nao_chest,/home/telilab4090/Documents/Gazebo World/my_world/rt_out/experiments/semantic_ablation_actor_200f/sionna_xml/frame_149_sionna.xml,30.0,0.0,0.0,2.4,-0.1337,2.748,0.7,28000000000.0,23,1.0787783999433032e-08,6.209720737615498e-08,5.130942337672195e-08,7.244521071925192e-08,-71.39990320019606,-41.399903200196064,cir_coefficients_tau_mask,,"[1, 1, 1, 1, 23, 1]","[1, 1, 23]","[1, 1, 23]","[1, 1, 23]",,True,,24,5.130942337672195e-08,-41.39887378633007,-1,0.0,-0.0010294138659929786,1,1,0,0,0,0,0,0,3.2340964255878335,1109,2062,5048,0.10995964927062886,0.11065930585776725,0.11458547549927832,2062,0,0.1031
150,38548,rx_nao_chest,/home/telilab4090/Documents/Gazebo World/my_world/rt_out/experiments/semantic_ablation_actor_200f/sionna_xml/frame_150_sionna.xml,30.0,0.0,0.0,2.4,-0.1337,2.748,0.7,28000000000.0,22,1.0787783999433032e-08,6.209720737615498e-08,5.130942337672195e-08,7.231477638924844e-08,-71.40772952378627,-41.40772952378627,cir_coefficients_tau_mask,,"[1, 1, 1, 1, 22, 1]","[1, 1, 22]","[1, 1, 22]","[1, 1, 22]",,True,,23,5.130942337672195e-08,-41.399903200196064,-1,0.0,-0.007826323590208517,1,1,0,0,0,0,0,0,3.2340964255878335,1087,2051,5043,0.10909983340327381,0.11028572436993096,0.11208609721109114,2051,0,0.10255
151,38805,rx_nao_chest,/home/telilab4090/Documents/Gazebo World/my_world/rt_out/experiments/semantic_ablation_actor_200f/sionna_xml/frame_151_sionna.xml,30.0,0.0,0.0,2.4,-0.1337,2.748,0.7,28000000000.0,22,1.0787783999433032e-08,6.209720737615498e-08,5.130942337672195e-08,7.231476928382108e-08,-71.40772995051069,-41.407729950510685,cir_coefficients_tau_mask,,"[1, 1, 1, 1, 22, 1]","[1, 1, 22]","[1, 1, 22]","[1, 1, 22]",,True,,22,5.130942337672195e-08,-41.40772952378627,0,0.0,-4.267244122502234e-07,0,0,0,0,0,0,0,0,3.2340964255878335,1114,2137,5168,0.1092508557091868,0.11044527610410879,0.11444178409550726,2137,0,0.10685
152,39062,rx_nao_chest,/home/telilab4090/Documents/Gazebo World/my_world/rt_out/experiments/semantic_ablation_actor_200f/sionna_xml/frame_152_sionna.xml,30.0,0.0,0.0,2.4,-0.1337,2.748,0.7,28000000000.0,23,1.0787783999433032e-08,6.209720737615498e-08,5.130942337672195e-08,7.236336330151971e-08,-71.40481256221481,-41.404812562214815,cir_coefficients_tau_mask,,"[1, 1, 1, 1, 23, 1]","[1, 1, 23]","[1, 1, 23]","[1, 1, 23]",,True,,22,5.130942337672195e-08,-41.407729950510685,1,0.0,0.0029173882958701824,1,0,0,0,0,0,0,0,3.2340964255878335,1065,2021,4943,0.10901953951675983,0.110614456297729,0.11652627282342813,2021,0,0.10105
153,39319,rx_nao_chest,/home/telilab4090/Documents/Gazebo World/my_world/rt_out/experiments/semantic_ablation_actor_200f/sionna_xml/frame_153_sionna.xml,30.0,0.0,0.0,2.4,-0.1337,2.748,0.7,28000000000.0,23,1.0787783999433032e-08,6.209720737615498e-08,5.130942337672195e-08,7.236335619609235e-08,-71.40481298865271,-41.40481298865271,cir_coefficients_tau_mask,,"[1, 1, 1, 1, 23, 1]","[1, 1, 23]","[1, 1, 23]","[1, 1, 23]",,True,,23,5.130942337672195e-08,-41.404812562214815,0,0.0,-4.264378929974555e-07,0,0,0,0,0,0,0,0,3.2340964255878335,1047,1981,5074,0.10926893040879078,0.11042137017332758,0.11565455516136405,1981,0,0.09905
154,39576,rx_nao_chest,/home/telilab4090/Documents/Gazebo World/my_world/rt_out/experiments/semantic_ablation_actor_200f/sionna_xml/frame_154_sionna.xml,30.0,0.0,0.0,2.4,-0.1337,2.748,0.7,28000000000.0,23,1.0787783999433032e-08,6.209720737615498e-08,5.130942337672195e-08,7.236335619609235e-08,-71.40481298865271,-41.40481298865271,cir_coefficients_tau_mask,,"[1, 1, 1, 1, 23, 1]","[1, 1, 23]","[1, 1, 23]","[1, 1, 23]",,True,,23,5.130942337672195e-08,-41.40481298865271,0,0.0,0.0,0,0,0,0,0,0,0,0,3.2340964255878335,1112,2028,4938,0.10978133230063515,0.11044045608461586,0.11646062974773608,2028,0,0.1014
155,39833,rx_nao_chest,/home/telilab4090/Documents/Gazebo World/my_world/rt_out/experiments/semantic_ablation_actor_200f/sionna_xml/frame_155_sionna.xml,30.0,0.0,0.0,2.4,-0.1337,2.748,0.7,28000000000.0,23,1.0787783999433032e-08,6.209720737615498e-08,5.130942337672195e-08,7.2363349090665e-08,-71.40481341509064,-41.40481341509064,cir_coefficients_tau_mask,,"[1, 1, 1, 1, 23, 1]","[1, 1, 23]","[1, 1, 23]","[1, 1, 23]",,True,,23,5.130942337672195e-08,-41.40481298865271,0,0.0,-4.2643793563001964e-07,0,0,0,0,0,0,0,0,3.2340964255878335,1058,2009,5093,0.10901285896739998,0.11141937857521016,0.11959594521705813,2009,0,0.10045
156,40090,rx_nao_chest,/home/telilab4090/Documents/Gazebo World/my_world/rt_out/experiments/semantic_ablation_actor_200f/sionna_xml/frame_156_sionna.xml,30.0,0.0,0.0,2.4,-0.1337,2.748,0.7,28000000000.0,23,1.0787783999433032e-08,6.209720737615498e-08,5.130942337672195e-08,7.236335619609235e-08,-71.40481298865271,-41.40481298865271,cir_coefficients_tau_mask,,"[1, 1, 1, 1, 23, 1]","[1, 1, 23]","[1, 1, 23]","[1, 1, 23]",,True,,23,5.130942337672195e-08,-41.40481341509064,0,0.0,4.2643793563001964e-07,0,0,0,0,0,0,0,0,3.2340964255878335,1126,2127,5055,0.10934735816690226,0.11083275859570782,0.11595578360485216,2043,0,0.10635
157,40347,rx_nao_chest,/home/telilab4090/Documents/Gazebo World/my_world/rt_out/experiments/semantic_ablation_actor_200f/sionna_xml/frame_157_sionna.xml,30.0,0.0,0.0,2.4,-0.1337,2.748,0.7,28000000000.0,24,1.0787783999433032e-08,6.209720737615498e-08,5.130942337672195e-08,7.249248312746204e-08,-71.39707023849851,-41.397070238498515,cir_coefficients_tau_mask,,"[1, 1, 1, 1, 24, 1]","[1, 1, 24]","[1, 1, 24]","[1, 1, 24]",,True,,23,5.130942337672195e-08,-41.40481298865271,1,0.0,0.007742750154193345,1,0,0,0,0,0,0,0,3.2340964255878335,1052,2346,5052,0.10966542755623633,0.11070153212450431,0.1167046038201691,2002,0,0.1173
158,40604,rx_nao_chest,/home/telilab4090/Documents/Gazebo World/my_world/rt_out/experiments/semantic_ablation_actor_200f/sionna_xml/frame_158_sionna.xml,30.0,0.0,0.0,2.4,-0.1337,2.748,0.7,28000000000.0,24,1.0787783999433032e-08,6.209720737615498e-08,5.130942337672195e-08,7.249248312746204e-08,-71.39707023849851,-41.397070238498515,cir_coefficients_tau_mask,,"[1, 1, 1, 1, 24, 1]","[1, 1, 24]","[1, 1, 24]","[1, 1, 24]",,True,,24,5.130942337672195e-08,-41.397070238498515,0,0.0,0.0,0,0,0,0,0,0,0,0,3.2340964255878335,1090,2480,5045,0.10901285896739998,0.11017081571295506,0.11270037131556757,2053,0,0.124
159,40861,rx_nao_chest,/home/telilab4090/Documents/Gazebo World/my_world/rt_out/experiments/semantic_ablation_actor_200f/sionna_xml/frame_159_sionna.xml,30.0,0.0,0.0,2.4,-0.1337,2.748,0.7,28000000000.0,24,1.0787783999433032e-08,6.209720737615498e-08,5.130942337672195e-08,7.249248312746204e-08,-71.39707023849851,-41.397070238498515,cir_coefficients_tau_mask,,"[1, 1, 1, 1, 24, 1]","[1, 1, 24]","[1, 1, 24]","[1, 1, 24]",,True,,24,5.130942337672195e-08,-41.397070238498515,0,0.0,0.0,0,0,0,0,0,0,0,0,3.2340964255878335,1059,2475,4991,0.10901285896739998,0.11063518100518333,0.11570549601202453,2045,0,0.12375
160,41118,rx_nao_chest,/home/telilab4090/Documents/Gazebo World/my_world/rt_out/experiments/semantic_ablation_actor_200f/sionna_xml/frame_160_sionna.xml,30.0,0.0,0.0,2.4,-0.1337,2.748,0.7,28000000000.0,24,1.0787783999433032e-08,6.209720737615498e-08,5.130942337672195e-08,7.249248312746204e-08,-71.39707023849851,-41.397070238498515,cir_coefficients_tau_mask,,"[1, 1, 1, 1, 24, 1]","[1, 1, 24]","[1, 1, 24]","[1, 1, 24]",,True,,24,5.130942337672195e-08,-41.397070238498515,0,0.0,0.0,0,0,0,0,0,0,0,0,3.2340964255878335,1050,2433,4997,0.10901285896739998,0.11034409992644847,0.11425857825284189,1978,0,0.12165
161,41375,rx_nao_chest,/home/telilab4090/Documents/Gazebo World/my_world/rt_out/experiments/semantic_ablation_actor_200f/sionna_xml/frame_161_sionna.xml,30.0,0.0,0.0,2.4,-0.1337,2.748,0.7,28000000000.0,24,1.0787783999433032e-08,6.209720737615498e-08,5.130942337672195e-08,7.249248312746204e-08,-71.39707023849851,-41.397070238498515,cir_coefficients_tau_mask,,"[1, 1, 1, 1, 24, 1]","[1, 1, 24]","[1, 1, 24]","[1, 1, 24]",,True,,24,5.130942337672195e-08,-41.397070238498515,0,0.0,0.0,0,0,0,0,0,0,0,0,3.2340964255878335,1054,2690,4941,0.10938041711131803,0.11116115715227186,0.12515392640299455,1953,0,0.1345
162,41632,rx_nao_chest,/home/telilab4090/Documents/Gazebo World/my_world/rt_out/experiments/semantic_ablation_actor_200f/sionna_xml/frame_162_sionna.xml,30.0,0.0,0.0,2.4,-0.1337,2.748,0.7,28000000000.0,24,1.0787783999433032e-08,6.209720737615498e-08,5.130942337672195e-08,7.24924902328894e-08,-71.3970698128202,-41.397069812820206,cir_coefficients_tau_mask,,"[1, 1, 1, 1, 24, 1]","[1, 1, 24]","[1, 1, 24]","[1, 1, 24]",,True,,24,5.130942337672195e-08,-41.397070238498515,0,0.0,4.2567830860207323e-07,0,0,0,0,0,0,0,0,3.2340964255878335,1094,2800,5028,0.10934735816690226,0.11048453010125828,0.11228754005813676,2047,0,0.14
163,41889,rx_nao_chest,/home/telilab4090/Documents/Gazebo World/my_world/rt_out/experiments/semantic_ablation_actor_200f/sionna_xml/frame_163_sionna.xml,30.0,0.0,0.0,2.4,-0.1337,2.748,0.7,28000000000.0,24,1.0787783999433032e-08,6.209720737615498e-08,5.130942337672195e-08,7.249248312746204e-08,-71.39707023849851,-41.397070238498515,cir_coefficients_tau_mask,,"[1, 1, 1, 1, 24, 1]","[1, 1, 24]","[1, 1, 24]","[1, 1, 24]",,True,,24,5.130942337672195e-08,-41.397069812820206,0,0.0,-4.2567830860207323e-07,0,0,0,0,0,0,0,0,3.2340964255878335,1077,3249,4984,0.1091590788781123,0.11099220702090547,0.12097888672705778,2014,0,0.16245
164,42146,rx_nao_chest,/home/telilab4090/Documents/Gazebo World/my_world/rt_out/experiments/semantic_ablation_actor_200f/sionna_xml/frame_164_sionna.xml,30.0,0.0,0.0,2.4,-0.1337,2.748,0.7,28000000000.0,24,1.0787783999433032e-08,6.209720737615498e-08,5.130942337672195e-08,7.24924902328894e-08,-71.3970698128202,-41.397069812820206,cir_coefficients_tau_mask,,"[1, 1, 1, 1, 24, 1]","[1, 1, 24]","[1, 1, 24]","[1, 1, 24]",,True,,24,5.130942337672195e-08,-41.397070238498515,0,0.0,4.2567830860207323e-07,0,0,0,0,0,0,0,0,3.2340964255878335,1018,3202,4906,0.10901953951675983,0.11018967628608864,0.11909384555917248,1972,0,0.1601
165,42403,rx_nao_chest,/home/telilab4090/Documents/Gazebo World/my_world/rt_out/experiments/semantic_ablation_actor_200f/sionna_xml/frame_165_sionna.xml,30.0,0.0,0.0,2.4,-0.1337,2.748,0.7,28000000000.0,24,1.0787783999433032e-08,6.209720737615498e-08,5.130942337672195e-08,7.249248312746204e-08,-71.39707023849851,-41.397070238498515,cir_coefficients_tau_mask,,"[1, 1, 1, 1, 24, 1]","[1, 1, 24]","[1, 1, 24]","[1, 1, 24]",,True,,24,5.130942337672195e-08,-41.397069812820206,0,0.0,-4.2567830860207323e-07,0,0,0,0,0,0,0,0,3.2340964255878335,1096,3361,5120,0.10910688212170501,0.11071017079250942,0.11400254631075515,2035,0,0.16805
166,42659,rx_nao_chest,/home/telilab4090/Documents/Gazebo World/my_world/rt_out/experiments/semantic_ablation_actor_200f/sionna_xml/frame_166_sionna.xml,30.0,0.0,0.0,2.4,-0.1337,2.748,0.7,28000000000.0,24,1.0787783999433032e-08,6.209720737615498e-08,5.130942337672195e-08,7.24924902328894e-08,-71.3970698128202,-41.397069812820206,cir_coefficients_tau_mask,,"[1, 1, 1, 1, 24, 1]","[1, 1, 24]","[1, 1, 24]","[1, 1, 24]",,True,,24,5.130942337672195e-08,-41.397070238498515,0,0.0,4.2567830860207323e-07,0,0,0,0,0,0,0,0,3.2340964255878335,1086,3362,5083,0.10955713664771444,0.11092073149193882,0.11990666939711937,2017,0,0.1681
167,42916,rx_nao_chest,/home/telilab4090/Documents/Gazebo World/my_world/rt_out/experiments/semantic_ablation_actor_200f/sionna_xml/frame_167_sionna.xml,30.0,0.0,0.0,2.4,-0.1337,2.748,0.7,28000000000.0,24,1.0787783999433032e-08,6.209720737615498e-08,5.130942337672195e-08,7.24924902328894e-08,-71.3970698128202,-41.397069812820206,cir_coefficients_tau_mask,,"[1, 1, 1, 1, 24, 1]","[1, 1, 24]","[1, 1, 24]","[1, 1, 24]",,True,,24,5.130942337672195e-08,-41.397069812820206,0,0.0,0.0,0,0,0,0,0,0,0,0,3.2340964255878335,1066,3373,5046,0.109227711364341,0.11138077295130624,0.12448627924605017,1988,0,0.16865
168,43173,rx_nao_chest,/home/telilab4090/Documents/Gazebo World/my_world/rt_out/experiments/semantic_ablation_actor_200f/sionna_xml/frame_168_sionna.xml,30.0,0.0,0.0,2.4,-0.1337,2.748,0.7,28000000000.0,24,1.0787783999433032e-08,6.209720737615498e-08,5.130942337672195e-08,7.249248312746204e-08,-71.39707023849851,-41.397070238498515,cir_coefficients_tau_mask,,"[1, 1, 1, 1, 24, 1]","[1, 1, 24]","[1, 1, 24]","[1, 1, 24]",,True,,24,5.130942337672195e-08,-41.397069812820206,0,0.0,-4.2567830860207323e-07,0,0,0,0,0,0,0,0,3.2340964255878335,1140,3450,5107,0.10901953951675983,0.11032874789588665,0.1135582194547972,2076,0,0.1725
169,43430,rx_nao_chest,/home/telilab4090/Documents/Gazebo World/my_world/rt_out/experiments/semantic_ablation_actor_200f/sionna_xml/frame_169_sionna.xml,30.0,0.0,0.0,2.4,-0.1337,2.748,0.7,28000000000.0,24,1.0787783999433032e-08,6.209720737615498e-08,5.130942337672195e-08,7.24924902328894e-08,-71.3970698128202,-41.397069812820206,cir_coefficients_tau_mask,,"[1, 1, 1, 1, 24, 1]","[1, 1, 24]","[1, 1, 24]","[1, 1, 24]",,True,,24,5.130942337672195e-08,-41.397070238498515,0,0.0,4.2567830860207323e-07,0,0,0,0,0,0,0,0,3.2340964255878335,1059,3470,5084,0.1100847125114516,0.1112294283896468,0.12797450574871597,2049,0,0.1735
170,43687,rx_nao_chest,/home/telilab4090/Documents/Gazebo World/my_world/rt_out/experiments/semantic_ablation_actor_200f/sionna_xml/frame_170_sionna.xml,30.0,0.0,0.0,2.4,-0.1337,2.748,0.7,28000000000.0,24,1.0787783999433032e-08,6.209720737615498e-08,5.130942337672195e-08,7.249248312746204e-08,-71.39707023849851,-41.397070238498515,cir_coefficients_tau_mask,,"[1, 1, 1, 1, 24, 1]","[1, 1, 24]","[1, 1, 24]","[1, 1, 24]",,True,,24,5.130942337672195e-08,-41.397069812820206,0,0.0,-4.2567830860207323e-07,0,0,0,0,0,0,0,0,3.2340964255878335,1081,3384,5043,0.10909983340327381,0.11151002812995081,0.11865324998642998,2008,0,0.1692
171,43944,rx_nao_chest,/home/telilab4090/Documents/Gazebo World/my_world/rt_out/experiments/semantic_ablation_actor_200f/sionna_xml/frame_171_sionna.xml,30.0,0.0,0.0,2.4,-0.1337,2.748,0.7,28000000000.0,24,1.0787783999433032e-08,6.209720737615498e-08,5.130942337672195e-08,7.249248312746204e-08,-71.39707023849851,-41.397070238498515,cir_coefficients_tau_mask,,"[1, 1, 1, 1, 24, 1]","[1, 1, 24]","[1, 1, 24]","[1, 1, 24]",,True,,24,5.130942337672195e-08,-41.397070238498515,0,0.0,0.0,0,0,0,0,0,0,0,0,3.2340964255878335,1144,3404,4979,0.10908144924496863,0.11051583494120867,0.11464369198852169,2057,0,0.1702
172,44201,rx_nao_chest,/home/telilab4090/Documents/Gazebo World/my_world/rt_out/experiments/semantic_ablation_actor_200f/sionna_xml/frame_172_sionna.xml,30.0,0.0,0.0,2.4,-0.1337,2.748,0.7,28000000000.0,24,1.0787783999433032e-08,6.209720737615498e-08,5.130942337672195e-08,7.249248312746204e-08,-71.39707023849851,-41.397070238498515,cir_coefficients_tau_mask,,"[1, 1, 1, 1, 24, 1]","[1, 1, 24]","[1, 1, 24]","[1, 1, 24]",,True,,24,5.130942337672195e-08,-41.397070238498515,0,0.0,0.0,0,0,0,0,0,0,0,0,3.2340964255878335,1043,3393,4998,0.10926893040879078,0.11059747135985931,0.11713203829965259,2011,0,0.16965
173,44458,rx_nao_chest,/home/telilab4090/Documents/Gazebo World/my_world/rt_out/experiments/semantic_ablation_actor_200f/sionna_xml/frame_173_sionna.xml,30.0,0.0,0.0,2.4,-0.1337,2.748,0.7,28000000000.0,24,1.0787783999433032e-08,6.209720737615498e-08,5.130942337672195e-08,7.249248312746204e-08,-71.39707023849851,-41.397070238498515,cir_coefficients_tau_mask,,"[1, 1, 1, 1, 24, 1]","[1, 1, 24]","[1, 1, 24]","[1, 1, 24]",,True,,24,5.130942337672195e-08,-41.397070238498515,0,0.0,0.0,0,0,0,0,0,0,0,0,3.2340964255878335,1198,3565,5085,0.10908142131678825,0.1107516000678949,0.12117719902376045,2037,0,0.17825
174,44715,rx_nao_chest,/home/telilab4090/Documents/Gazebo World/my_world/rt_out/experiments/semantic_ablation_actor_200f/sionna_xml/frame_174_sionna.xml,30.0,0.0,0.0,2.4,-0.1337,2.748,0.7,28000000000.0,24,1.0787783999433032e-08,6.209720737615498e-08,5.130942337672195e-08,7.24924902328894e-08,-71.3970698128202,-41.397069812820206,cir_coefficients_tau_mask,,"[1, 1, 1, 1, 24, 1]","[1, 1, 24]","[1, 1, 24]","[1, 1, 24]",,True,,24,5.130942337672195e-08,-41.397070238498515,0,0.0,4.2567830860207323e-07,0,0,0,0,0,0,0,0,3.2340964255878335,1194,3540,5085,0.10952485459083218,0.11086674971532436,0.11689276285383655,1998,0,0.177
175,44972,rx_nao_chest,/home/telilab4090/Documents/Gazebo World/my_world/rt_out/experiments/semantic_ablation_actor_200f/sionna_xml/frame_175_sionna.xml,30.0,0.0,0.0,2.4,-0.1337,2.748,0.7,28000000000.0,24,1.0787783999433032e-08,6.209720737615498e-08,5.130942337672195e-08,7.24924902328894e-08,-71.3970698128202,-41.397069812820206,cir_coefficients_tau_mask,,"[1, 1, 1, 1, 24, 1]","[1, 1, 24]","[1, 1, 24]","[1, 1, 24]",,True,,24,5.130942337672195e-08,-41.397069812820206,0,0.0,0.0,0,0,0,0,0,0,0,0,3.2340964255878335,1209,3606,5132,0.10915903912969357,0.11033978031740074,0.11352694676685178,2065,0,0.1803
176,45229,rx_nao_chest,/home/telilab4090/Documents/Gazebo World/my_world/rt_out/experiments/semantic_ablation_actor_200f/sionna_xml/frame_176_sionna.xml,30.0,0.0,0.0,2.4,-0.1337,2.748,0.7,28000000000.0,24,1.0787783999433032e-08,6.209720737615498e-08,5.130942337672195e-08,7.249248312746204e-08,-71.39707023849851,-41.397070238498515,cir_coefficients_tau_mask,,"[1, 1, 1, 1, 24, 1]","[1, 1, 24]","[1, 1, 24]","[1, 1, 24]",,True,,24,5.130942337672195e-08,-41.397069812820206,0,0.0,-4.2567830860207323e-07,0,0,0,0,0,0,0,0,3.2340964255878335,1233,3569,5043,0.10910037340914384,0.11039559837494614,0.11292152246002068,2057,0,0.17845
177,45486,rx_nao_chest,/home/telilab4090/Documents/Gazebo World/my_world/rt_out/experiments/semantic_ablation_actor_200f/sionna_xml/frame_177_sionna.xml,30.0,0.0,0.0,2.4,-0.1337,2.748,0.7,28000000000.0,24,1.0787783999433032e-08,6.209720737615498e-08,5.130942337672195e-08,7.24924902328894e-08,-71.3970698128202,-41.397069812820206,cir_coefficients_tau_mask,,"[1, 1, 1, 1, 24, 1]","[1, 1, 24]","[1, 1, 24]","[1, 1, 24]",,True,,24,5.130942337672195e-08,-41.397070238498515,0,0.0,4.2567830860207323e-07,0,0,0,0,0,0,0,0,3.2340964255878335,1353,3593,5059,0.10916453191128232,0.11042045957209765,0.11542778490166788,2113,0,0.17965
178,45743,rx_nao_chest,/home/telilab4090/Documents/Gazebo World/my_world/rt_out/experiments/semantic_ablation_actor_200f/sionna_xml/frame_178_sionna.xml,30.0,0.0,0.0,2.4,-0.1337,2.748,0.7,28000000000.0,23,1.0787783999433032e-08,6.209720737615498e-08,5.130942337672195e-08,7.236335619609235e-08,-71.40481298865271,-41.40481298865271,cir_coefficients_tau_mask,,"[1, 1, 1, 1, 23, 1]","[1, 1, 23]","[1, 1, 23]","[1, 1, 23]",,True,,24,5.130942337672195e-08,-41.397069812820206,-1,0.0,-0.007743175832501947,1,1,0,0,0,0,0,0,3.2340964255878335,2129,3577,5070,0.10998906967678615,0.11119901732692176,0.11515104809347709,2036,0,0.17885
179,46000,rx_nao_chest,/home/telilab4090/Documents/Gazebo World/my_world/rt_out/experiments/semantic_ablation_actor_200f/sionna_xml/frame_179_sionna.xml,30.0,0.0,0.0,2.4,-0.1337,2.748,0.7,28000000000.0,23,1.0787783999433032e-08,6.209720737615498e-08,5.130942337672195e-08,7.236335619609235e-08,-71.40481298865271,-41.40481298865271,cir_coefficients_tau_mask,,"[1, 1, 1, 1, 23, 1]","[1, 1, 23]","[1, 1, 23]","[1, 1, 23]",,True,,23,5.130942337672195e-08,-41.40481298865271,0,0.0,0.0,0,0,0,0,0,0,0,0,3.2340964255878335,2151,3595,5058,0.10902825088711011,0.11030104215968403,0.11327209700032533,2055,0,0.17975
180,46257,rx_nao_chest,/home/telilab4090/Documents/Gazebo World/my_world/rt_out/experiments/semantic_ablation_actor_200f/sionna_xml/frame_180_sionna.xml,30.0,0.0,0.0,2.4,-0.1337,2.748,0.7,28000000000.0,23,1.0787783999433032e-08,6.209720737615498e-08,5.130942337672195e-08,7.236335619609235e-08,-71.40481298865271,-41.40481298865271,cir_coefficients_tau_mask,,"[1, 1, 1, 1, 23, 1]","[1, 1, 23]","[1, 1, 23]","[1, 1, 23]",,True,,23,5.130942337672195e-08,-41.40481298865271,0,0.0,0.0,0,0,0,0,0,0,0,0,3.2340964255878335,2065,3439,4910,0.109204025204562,0.11041093095290493,0.11272283582588707,1935,0,0.17195
181,46514,rx_nao_chest,/home/telilab4090/Documents/Gazebo World/my_world/rt_out/experiments/semantic_ablation_actor_200f/sionna_xml/frame_181_sionna.xml,30.0,0.0,0.0,2.4,-0.1337,2.748,0.7,28000000000.0,23,1.0787783999433032e-08,6.209720737615498e-08,5.130942337672195e-08,7.236335619609235e-08,-71.40481298865271,-41.40481298865271,cir_coefficients_tau_mask,,"[1, 1, 1, 1, 23, 1]","[1, 1, 23]","[1, 1, 23]","[1, 1, 23]",,True,,23,5.130942337672195e-08,-41.40481298865271,0,0.0,0.0,0,0,0,0,0,0,0,0,3.2340964255878335,2099,3540,5058,0.10910037340914384,0.11099450453677837,0.11353875517460532,1998,0,0.177
182,46771,rx_nao_chest,/home/telilab4090/Documents/Gazebo World/my_world/rt_out/experiments/semantic_ablation_actor_200f/sionna_xml/frame_182_sionna.xml,30.0,0.0,0.0,2.4,-0.1337,2.748,0.7,28000000000.0,23,1.0787783999433032e-08,6.209720737615498e-08,5.130942337672195e-08,7.236335619609235e-08,-71.40481298865271,-41.40481298865271,cir_coefficients_tau_mask,,"[1, 1, 1, 1, 23, 1]","[1, 1, 23]","[1, 1, 23]","[1, 1, 23]",,True,,23,5.130942337672195e-08,-41.40481298865271,0,0.0,0.0,0,0,0,0,0,0,0,0,3.2340964255878335,2208,3639,5139,0.10908076926910024,0.11043273900610917,0.11229793182806505,2062,0,0.18195
183,47028,rx_nao_chest,/home/telilab4090/Documents/Gazebo World/my_world/rt_out/experiments/semantic_ablation_actor_200f/sionna_xml/frame_183_sionna.xml,30.0,0.0,0.0,2.4,-0.1337,2.748,0.7,28000000000.0,24,1.0787783999433032e-08,6.209720737615498e-08,5.130942337672195e-08,7.249248312746204e-08,-71.39707023849851,-41.397070238498515,cir_coefficients_tau_mask,,"[1, 1, 1, 1, 24, 1]","[1, 1, 24]","[1, 1, 24]","[1, 1, 24]",,True,,23,5.130942337672195e-08,-41.40481298865271,1,0.0,0.007742750154193345,1,0,0,0,0,0,0,0,3.2340964255878335,1550,3493,5049,0.10909983340327381,0.11181411755130462,0.12104640012117274,2055,0,0.17465
184,47285,rx_nao_chest,/home/telilab4090/Documents/Gazebo World/my_world/rt_out/experiments/semantic_ablation_actor_200f/sionna_xml/frame_184_sionna.xml,30.0,0.0,0.0,2.4,-0.1337,2.748,0.7,28000000000.0,22,1.0787783999433032e-08,5.0425221331806824e-08,3.963743733237379e-08,7.247997757531266e-08,-71.39781949698234,-41.397819496982336,cir_coefficients_tau_mask,,"[1, 1, 1, 1, 22, 1]","[1, 1, 22]","[1, 1, 22]","[1, 1, 22]",,True,,24,5.130942337672195e-08,-41.397070238498515,-2,-1.167198604434816e-08,-0.0007492584838217908,1,1,0,0,0,0,0,0,3.2340964255878335,1263,3390,5030,0.10971078537306667,0.11063331005104345,0.11501191033693745,2032,0,0.1695
185,47542,rx_nao_chest,/home/telilab4090/Documents/Gazebo World/my_world/rt_out/experiments/semantic_ablation_actor_200f/sionna_xml/frame_185_sionna.xml,30.0,0.0,0.0,2.4,-0.1337,2.748,0.7,28000000000.0,22,1.0787783999433032e-08,5.0425221331806824e-08,3.963743733237379e-08,7.247997757531266e-08,-71.39781949698234,-41.397819496982336,cir_coefficients_tau_mask,,"[1, 1, 1, 1, 22, 1]","[1, 1, 22]","[1, 1, 22]","[1, 1, 22]",,True,,22,3.963743733237379e-08,-41.397819496982336,0,0.0,0.0,0,0,0,0,0,0,0,0,3.2340964255878335,1243,3463,5049,0.10946162933912204,0.1104117696166574,0.11329761557729895,2079,0,0.17315
186,47799,rx_nao_chest,/home/telilab4090/Documents/Gazebo World/my_world/rt_out/experiments/semantic_ablation_actor_200f/sionna_xml/frame_186_sionna.xml,30.0,0.0,0.0,2.4,-0.1337,2.748,0.7,28000000000.0,22,1.0787783999433032e-08,5.0425221331806824e-08,3.963743733237379e-08,7.24799704698853e-08,-71.39781992273413,-41.39781992273413,cir_coefficients_tau_mask,,"[1, 1, 1, 1, 22, 1]","[1, 1, 22]","[1, 1, 22]","[1, 1, 22]",,True,,22,3.963743733237379e-08,-41.397819496982336,0,0.0,-4.2575179293180554e-07,0,0,0,0,0,0,0,0,3.2340964255878335,1246,3436,5018,0.10915903912969357,0.11089257597425273,0.11993426669717168,2036,0,0.1718
187,48056,rx_nao_chest,/home/telilab4090/Documents/Gazebo World/my_world/rt_out/experiments/semantic_ablation_actor_200f/sionna_xml/frame_187_sionna.xml,30.0,0.0,0.0,2.4,-0.1337,2.748,0.7,28000000000.0,22,1.0787783999433032e-08,5.0425221331806824e-08,3.963743733237379e-08,7.247997757531266e-08,-71.39781949698234,-41.397819496982336,cir_coefficients_tau_mask,,"[1, 1, 1, 1, 22, 1]","[1, 1, 22]","[1, 1, 22]","[1, 1, 22]",,True,,22,3.963743733237379e-08,-41.39781992273413,0,0.0,4.2575179293180554e-07,0,0,0,0,0,0,0,0,3.2340964255878335,1178,3419,4973,0.10908144924496863,0.11050135627585664,0.11418745996175458,2015,0,0.17095
188,48313,rx_nao_chest,/home/telilab4090/Documents/Gazebo World/my_world/rt_out/experiments/semantic_ablation_actor_200f/sionna_xml/frame_188_sionna.xml,30.0,0.0,0.0,2.4,-0.1337,2.748,0.7,28000000000.0,22,1.0787783999433032e-08,5.0425221331806824e-08,3.963743733237379e-08,7.247997757531266e-08,-71.39781949698234,-41.397819496982336,cir_coefficients_tau_mask,,"[1, 1, 1, 1, 22, 1]","[1, 1, 22]","[1, 1, 22]","[1, 1, 22]",,True,,22,3.963743733237379e-08,-41.397819496982336,0,0.0,0.0,0,0,0,0,0,0,0,0,3.2340964255878335,1087,2640,4945,0.10916801115923887,0.11061108983381047,0.11662139502631351,2030,0,0.132
189,48570,rx_nao_chest,/home/telilab4090/Documents/Gazebo World/my_world/rt_out/experiments/semantic_ablation_actor_200f/sionna_xml/frame_189_sionna.xml,30.0,0.0,0.0,2.4,-0.1337,2.748,0.7,28000000000.0,23,1.0787783999433032e-08,6.209720737615498e-08,5.130942337672195e-08,7.248616640254113e-08,-71.39744868301949,-41.39744868301949,cir_coefficients_tau_mask,,"[1, 1, 1, 1, 23, 1]","[1, 1, 23]","[1, 1, 23]","[1, 1, 23]",,True,,22,3.963743733237379e-08,-41.397819496982336,1,1.167198604434816e-08,0.00037081396284577295,1,0,0,0,0,1,1,1,3.2340964255878335,1061,2313,4988,0.10979993137481453,0.11098168263977334,0.12100950217371369,1969,0,0.11565
190,48827,rx_nao_chest,/home/telilab4090/Documents/Gazebo World/my_world/rt_out/experiments/semantic_ablation_actor_200f/sionna_xml/frame_190_sionna.xml,30.0,0.0,0.0,2.4,-0.1337,2.748,0.7,28000000000.0,24,1.0787783999433032e-08,6.209720737615498e-08,5.130942337672195e-08,7.249248312746204e-08,-71.39707023849851,-41.397070238498515,cir_coefficients_tau_mask,,"[1, 1, 1, 1, 24, 1]","[1, 1, 24]","[1, 1, 24]","[1, 1, 24]",,True,,23,5.130942337672195e-08,-41.39744868301949,1,0.0,0.0003784445209760179,1,0,0,0,0,0,0,0,3.2340964255878335,1104,2055,4934,0.10910688212170501,0.11043999868519545,0.11392770588020497,2055,0,0.10275
191,49084,rx_nao_chest,/home/telilab4090/Documents/Gazebo World/my_world/rt_out/experiments/semantic_ablation_actor_200f/sionna_xml/frame_191_sionna.xml,30.0,0.0,0.0,2.4,-0.1337,2.748,0.7,28000000000.0,24,1.0787783999433032e-08,6.209720737615498e-08,5.130942337672195e-08,7.249248312746204e-08,-71.39707023849851,-41.397070238498515,cir_coefficients_tau_mask,,"[1, 1, 1, 1, 24, 1]","[1, 1, 24]","[1, 1, 24]","[1, 1, 24]",,True,,24,5.130942337672195e-08,-41.397070238498515,0,0.0,0.0,0,0,0,0,0,0,0,0,3.2340964255878335,1066,2023,5032,0.1093299758055522,0.11043378025747771,0.11470901422546903,2023,0,0.10115
192,49341,rx_nao_chest,/home/telilab4090/Documents/Gazebo World/my_world/rt_out/experiments/semantic_ablation_actor_200f/sionna_xml/frame_192_sionna.xml,30.0,0.0,0.0,2.4,-0.1337,2.748,0.7,28000000000.0,24,1.0787783999433032e-08,6.209720737615498e-08,5.130942337672195e-08,7.249248312746204e-08,-71.39707023849851,-41.397070238498515,cir_coefficients_tau_mask,,"[1, 1, 1, 1, 24, 1]","[1, 1, 24]","[1, 1, 24]","[1, 1, 24]",,True,,24,5.130942337672195e-08,-41.397070238498515,0,0.0,0.0,0,0,0,0,0,0,0,0,3.2340964255878335,1059,1940,4891,0.10910037340914384,0.11086760058757132,0.11687999764662912,1940,0,0.097
193,49598,rx_nao_chest,/home/telilab4090/Documents/Gazebo World/my_world/rt_out/experiments/semantic_ablation_actor_200f/sionna_xml/frame_193_sionna.xml,30.0,0.0,0.0,2.4,-0.1337,2.748,0.7,28000000000.0,24,1.0787783999433032e-08,6.209720737615498e-08,5.130942337672195e-08,7.249248312746204e-08,-71.39707023849851,-41.397070238498515,cir_coefficients_tau_mask,,"[1, 1, 1, 1, 24, 1]","[1, 1, 24]","[1, 1, 24]","[1, 1, 24]",,True,,24,5.130942337672195e-08,-41.397070238498515,0,0.0,0.0,0,0,0,0,0,0,0,0,3.2340964255878335,1150,2122,5086,0.10908142131678825,0.11019559309673646,0.1122305936204795,2111,0,0.1061
194,49855,rx_nao_chest,/home/telilab4090/Documents/Gazebo World/my_world/rt_out/experiments/semantic_ablation_actor_200f/sionna_xml/frame_194_sionna.xml,30.0,0.0,0.0,2.4,-0.1337,2.748,0.7,28000000000.0,24,1.0787783999433032e-08,6.209720737615498e-08,5.130942337672195e-08,7.249248312746204e-08,-71.39707023849851,-41.397070238498515,cir_coefficients_tau_mask,,"[1, 1, 1, 1, 24, 1]","[1, 1, 24]","[1, 1, 24]","[1, 1, 24]",,True,,24,5.130942337672195e-08,-41.397070238498515,0,0.0,0.0,0,0,0,0,0,0,0,0,3.2340964255878335,1161,2303,5139,0.10909983340327381,0.11072691163696662,0.12015656230089204,2074,0,0.11515
195,50112,rx_nao_chest,/home/telilab4090/Documents/Gazebo World/my_world/rt_out/experiments/semantic_ablation_actor_200f/sionna_xml/frame_195_sionna.xml,30.0,0.0,0.0,2.4,-0.1337,2.748,0.7,28000000000.0,24,1.0787783999433032e-08,6.209720737615498e-08,5.130942337672195e-08,7.24924902328894e-08,-71.3970698128202,-41.397069812820206,cir_coefficients_tau_mask,,"[1, 1, 1, 1, 24, 1]","[1, 1, 24]","[1, 1, 24]","[1, 1, 24]",,True,,24,5.130942337672195e-08,-41.397070238498515,0,0.0,4.2567830860207323e-07,0,0,0,0,0,0,0,0,3.2340964255878335,1047,3252,5125,0.10901285896739998,0.11085454484313043,0.1161201877499229,1997,0,0.1626
196,50369,rx_nao_chest,/home/telilab4090/Documents/Gazebo World/my_world/rt_out/experiments/semantic_ablation_actor_200f/sionna_xml/frame_196_sionna.xml,30.0,0.0,0.0,2.4,-0.1337,2.748,0.7,28000000000.0,24,1.0787783999433032e-08,6.209720737615498e-08,5.130942337672195e-08,7.249248312746204e-08,-71.39707023849851,-41.397070238498515,cir_coefficients_tau_mask,,"[1, 1, 1, 1, 24, 1]","[1, 1, 24]","[1, 1, 24]","[1, 1, 24]",,True,,24,5.130942337672195e-08,-41.397069812820206,0,0.0,-4.2567830860207323e-07,0,0,0,0,0,0,0,0,3.2340964255878335,1875,3493,5113,0.10926893040879078,0.11026286519218839,0.11398865871568054,2107,0,0.17465
197,50626,rx_nao_chest,/home/telilab4090/Documents/Gazebo World/my_world/rt_out/experiments/semantic_ablation_actor_200f/sionna_xml/frame_197_sionna.xml,30.0,0.0,0.0,2.4,-0.1337,2.748,0.7,28000000000.0,24,1.0787783999433032e-08,6.209720737615498e-08,5.130942337672195e-08,7.24924902328894e-08,-71.3970698128202,-41.397069812820206,cir_coefficients_tau_mask,,"[1, 1, 1, 1, 24, 1]","[1, 1, 24]","[1, 1, 24]","[1, 1, 24]",,True,,24,5.130942337672195e-08,-41.397070238498515,0,0.0,4.2567830860207323e-07,0,0,0,0,0,0,0,0,3.2340964255878335,1094,2605,5068,0.10911155102406693,0.11078645595445206,0.11834164260347943,2019,0,0.13025
198,50883,rx_nao_chest,/home/telilab4090/Documents/Gazebo World/my_world/rt_out/experiments/semantic_ablation_actor_200f/sionna_xml/frame_198_sionna.xml,30.0,0.0,0.0,2.4,-0.1337,2.748,0.7,28000000000.0,24,1.0787783999433032e-08,6.209720737615498e-08,5.130942337672195e-08,7.249248312746204e-08,-71.39707023849851,-41.397070238498515,cir_coefficients_tau_mask,,"[1, 1, 1, 1, 24, 1]","[1, 1, 24]","[1, 1, 24]","[1, 1, 24]",,True,,24,5.130942337672195e-08,-41.397069812820206,0,0.0,-4.2567830860207323e-07,0,0,0,0,0,0,0,0,3.2340964255878335,1031,2451,5021,0.10909983340327381,0.11050165951434103,0.11631610564813487,1982,0,0.12255
199,51140,rx_nao_chest,/home/telilab4090/Documents/Gazebo World/my_world/rt_out/experiments/semantic_ablation_actor_200f/sionna_xml/frame_199_sionna.xml,30.0,0.0,0.0,2.4,-0.1337,2.748,0.7,28000000000.0,24,1.0787783999433032e-08,6.209720737615498e-08,5.130942337672195e-08,7.249248312746204e-08,-71.39707023849851,-41.397070238498515,cir_coefficients_tau_mask,,"[1, 1, 1, 1, 24, 1]","[1, 1, 24]","[1, 1, 24]","[1, 1, 24]",,True,,24,5.130942337672195e-08,-41.397070238498515,0,0.0,0.0,0,0,0,0,0,0,0,0,3.2340964255878335,1039,2509,5061,0.10911313780223297,0.1105556016607226,0.11559477715758361,2046,0,0.12545
1,257,rx_panda_base,/home/telilab4090/Documents/Gazebo World/my_world/rt_out/experiments/semantic_ablation_actor_200f/sionna_xml/frame_001_sionna.xml,30.0,0.0,0.0,2.4,0.582,0.888,1.195,28000000000.0,22,1.0643357306605594e-08,6.284866316264015e-08,5.2205305856034556e-08,1.9107146975727574e-09,-87.18804155707915,-57.188041557079146,cir_coefficients_tau_mask,,"[1, 1, 1, 1, 22, 1]","[1, 1, 22]","[1, 1, 22]","[1, 1, 22]",,True,,22,5.2205306744212976e-08,-57.188043575858174,0,-8.881784197001252e-16,2.018779028389872e-06,0,0,0,0,0,0,0,0,1.606017745854634,2132,3303,3730,0.004648923794713059,0.017368985731540335,0.024108229001795198,1947,0,0.16515
2,514,rx_panda_base,/home/telilab4090/Documents/Gazebo World/my_world/rt_out/experiments/semantic_ablation_actor_200f/sionna_xml/frame_002_sionna.xml,30.0,0.0,0.0,2.4,0.582,0.888,1.195,28000000000.0,22,1.0643356418427175e-08,6.284866316264015e-08,5.2205306744212976e-08,1.9107144755281524e-09,-87.18804206177381,-57.188042061773814,cir_coefficients_tau_mask,,"[1, 1, 1, 1, 22, 1]","[1, 1, 22]","[1, 1, 22]","[1, 1, 22]",,True,,22,5.2205305856034556e-08,-57.188041557079146,0,8.881784197001252e-16,-5.046946682796261e-07,0,0,0,0,0,0,0,0,1.606017745854634,2196,3313,3724,0.009260961973212268,0.019433224738975435,0.025829973142038706,1978,0,0.16565
3,771,rx_panda_base,/home/telilab4090/Documents/Gazebo World/my_world/rt_out/experiments/semantic_ablation_actor_200f/sionna_xml/frame_003_sionna.xml,30.0,0.0,0.0,2.4,0.582,0.888,1.195,28000000000.0,27,7.579527228074312e-09,6.284866316264015e-08,5.526913593456584e-08,2.3569292295633204e-08,-76.27653457641804,-46.276534576418044,cir_coefficients_tau_mask,,"[1, 1, 1, 1, 27, 1]","[1, 1, 27]","[1, 1, 27]","[1, 1, 27]",,True,,22,5.2205306744212976e-08,-57.188042061773814,5,3.0638291903528625e-09,10.91150748535577,1,0,0,0,0,1,1,1,1.606017745854634,1989,3368,3712,0.007407995958835444,0.015676636076997572,0.02260344406665811,2010,0,0.1684
4,1028,rx_panda_base,/home/telilab4090/Documents/Gazebo World/my_world/rt_out/experiments/semantic_ablation_actor_200f/sionna_xml/frame_004_sionna.xml,30.0,0.0,0.0,2.4,0.582,0.888,1.195,28000000000.0,27,7.579527228074312e-09,6.284866316264015e-08,5.526913593456584e-08,2.3569297624703722e-08,-76.27653359446846,-46.27653359446846,cir_coefficients_tau_mask,,"[1, 1, 1, 1, 27, 1]","[1, 1, 27]","[1, 1, 27]","[1, 1, 27]",,True,,27,5.526913593456584e-08,-46.276534576418044,0,0.0,9.819495829788139e-07,0,0,0,0,0,0,0,0,1.606017745854634,1839,3295,3691,0.0060657441943648,0.016332890807752715,0.023441221309327763,1987,0,0.16475
5,1285,rx_panda_base,/home/telilab4090/Documents/Gazebo World/my_world/rt_out/experiments/semantic_ablation_actor_200f/sionna_xml/frame_005_sionna.xml,30.0,0.0,0.0,2.4,0.582,0.888,1.195,28000000000.0,27,7.579527228074312e-09,6.284866316264015e-08,5.526913593456584e-08,2.356929940106056e-08,-76.27653326715199,-46.27653326715199,cir_coefficients_tau_mask,,"[1, 1, 1, 1, 27, 1]","[1, 1, 27]","[1, 1, 27]","[1, 1, 27]",,True,,27,5.526913593456584e-08,-46.27653359446846,0,0.0,3.2731647081618576e-07,0,0,0,0,0,0,0,0,1.606017745854634,1824,3349,3763,0.0036740390148049134,0.015328560336405431,0.022499138711632387,1983,0,0.16745
6,1542,rx_panda_base,/home/telilab4090/Documents/Gazebo World/my_world/rt_out/experiments/semantic_ablation_actor_200f/sionna_xml/frame_006_sionna.xml,30.0,0.0,0.0,2.4,0.582,0.888,1.195,28000000000.0,27,7.579527228074312e-09,6.284866316264015e-08,5.526913593456584e-08,2.3569297624703722e-08,-76.27653359446846,-46.27653359446846,cir_coefficients_tau_mask,,"[1, 1, 1, 1, 27, 1]","[1, 1, 27]","[1, 1, 27]","[1, 1, 27]",,True,,27,5.526913593456584e-08,-46.27653326715199,0,0.0,-3.2731647081618576e-07,0,0,0,0,0,0,0,0,1.606017745854634,1638,3293,3712,0.008940258540201678,0.015908474198099085,0.021657543929559746,1938,0,0.16465
7,1799,rx_panda_base,/home/telilab4090/Documents/Gazebo World/my_world/rt_out/experiments/semantic_ablation_actor_200f/sionna_xml/frame_007_sionna.xml,30.0,0.0,0.0,2.4,0.582,0.888,1.195,28000000000.0,27,7.579527228074312e-09,6.284866316264015e-08,5.526913593456584e-08,2.3569297624703722e-08,-76.27653359446846,-46.27653359446846,cir_coefficients_tau_mask,,"[1, 1, 1, 1, 27, 1]","[1, 1, 27]","[1, 1, 27]","[1, 1, 27]",,True,,27,5.526913593456584e-08,-46.27653359446846,0,0.0,0.0,0,0,0,0,0,0,0,0,1.606017745854634,1597,3331,3742,0.0019131199756787618,0.0150900759185428,0.02238890503304086,1958,0,0.16655
8,2056,rx_panda_base,/home/telilab4090/Documents/Gazebo World/my_world/rt_out/experiments/semantic_ablation_actor_200f/sionna_xml/frame_008_sionna.xml,30.0,0.0,0.0,2.4,0.582,0.888,1.195,28000000000.0,27,7.579527228074312e-09,6.284866316264015e-08,5.526913593456584e-08,2.3569295848346883e-08,-76.27653392178496,-46.27653392178496,cir_coefficients_tau_mask,,"[1, 1, 1, 1, 27, 1]","[1, 1, 27]","[1, 1, 27]","[1, 1, 27]",,True,,27,5.526913593456584e-08,-46.27653359446846,0,0.0,-3.273164992378952e-07,0,0,0,0,0,0,0,0,1.606017745854634,1628,3372,3781,0.003737001264090333,0.013140174420978267,0.019889356270276475,2021,0,0.1686
9,2313,rx_panda_base,/home/telilab4090/Documents/Gazebo World/my_world/rt_out/experiments/semantic_ablation_actor_200f/sionna_xml/frame_009_sionna.xml,30.0,0.0,0.0,2.4,0.582,0.888,1.195,28000000000.0,27,7.579527228074312e-09,6.284866316264015e-08,5.526913593456584e-08,2.3569295848346883e-08,-76.27653392178496,-46.27653392178496,cir_coefficients_tau_mask,,"[1, 1, 1, 1, 27, 1]","[1, 1, 27]","[1, 1, 27]","[1, 1, 27]",,True,,27,5.526913593456584e-08,-46.27653392178496,0,0.0,0.0,0,0,0,0,0,0,0,0,1.606017745854634,1549,3278,3696,0.006501545711987223,0.017257093839649316,0.023856455281173798,1934,0,0.1639
10,2570,rx_panda_base,/home/telilab4090/Documents/Gazebo World/my_world/rt_out/experiments/semantic_ablation_actor_200f/sionna_xml/frame_010_sionna.xml,30.0,0.0,0.0,2.4,0.582,0.888,1.195,28000000000.0,26,7.579527228074312e-09,6.284866316264015e-08,5.526913593456584e-08,2.3566471440972236e-08,-76.27705438622607,-46.27705438622607,cir_coefficients_tau_mask,,"[1, 1, 1, 1, 26, 1]","[1, 1, 26]","[1, 1, 26]","[1, 1, 26]",,True,,27,5.526913593456584e-08,-46.27653392178496,-1,0.0,-0.000520464441109425,1,1,0,0,0,0,0,0,1.606017745854634,1586,3240,3579,0.004856649861927273,0.012033192058684295,0.01748439202963221,1902,0,0.162
11,2827,rx_panda_base,/home/telilab4090/Documents/Gazebo World/my_world/rt_out/experiments/semantic_ablation_actor_200f/sionna_xml/frame_011_sionna.xml,30.0,0.0,0.0,2.4,0.582,0.888,1.195,28000000000.0,33,5.357098764591228e-09,6.382698813922616e-08,5.846988937463493e-08,2.953717341824813e-07,-65.29631067168692,-35.296310671686925,cir_coefficients_tau_mask,,"[1, 1, 1, 1, 33, 1]","[1, 1, 33]","[1, 1, 33]","[1, 1, 33]",,True,,26,5.526913593456584e-08,-46.27705438622607,7,3.200753440069093e-09,10.980743714539145,1,0,0,0,0,1,1,1,1.606017745854634,722,1919,3298,0.06254807792318139,0.0716023725578255,0.08032308584187733,1894,0,0.09595
12,3084,rx_panda_base,/home/telilab4090/Documents/Gazebo World/my_world/rt_out/experiments/semantic_ablation_actor_200f/sionna_xml/frame_012_sionna.xml,30.0,0.0,0.0,2.4,0.582,0.888,1.195,28000000000.0,35,5.357098764591228e-09,6.382698813922616e-08,5.846988937463493e-08,2.9559265612988384e-07,-65.29306359999426,-35.293063599994255,cir_coefficients_tau_mask,,"[1, 1, 1, 1, 35, 1]","[1, 1, 35]","[1, 1, 35]","[1, 1, 35]",,True,,33,5.846988937463493e-08,-35.296310671686925,2,0.0,0.0032470716926695786,1,0,0,0,0,0,0,0,1.606017745854634,612,1907,3291,0.06064032794740266,0.0694722919546275,0.08442877144829306,1903,0,0.09535
13,3341,rx_panda_base,/home/telilab4090/Documents/Gazebo World/my_world/rt_out/experiments/semantic_ablation_actor_200f/sionna_xml/frame_013_sionna.xml,30.0,0.0,0.0,2.4,0.582,0.888,1.195,28000000000.0,35,5.357098764591228e-09,6.382698813922616e-08,5.846988937463493e-08,2.9559265612988384e-07,-65.29306359999426,-35.293063599994255,cir_coefficients_tau_mask,,"[1, 1, 1, 1, 35, 1]","[1, 1, 35]","[1, 1, 35]","[1, 1, 35]",,True,,35,5.846988937463493e-08,-35.293063599994255,0,0.0,0.0,0,0,0,0,0,0,0,0,1.606017745854634,604,1949,3347,0.059256534416347546,0.07182876049132238,0.08828199070166301,1943,0,0.09745
14,3598,rx_panda_base,/home/telilab4090/Documents/Gazebo World/my_world/rt_out/experiments/semantic_ablation_actor_200f/sionna_xml/frame_014_sionna.xml,30.0,0.0,0.0,2.4,0.582,0.888,1.195,28000000000.0,27,5.357098764591228e-09,6.382698813922616e-08,5.846988937463493e-08,2.9475992846528243e-07,-65.30531557547322,-35.305315575473216,cir_coefficients_tau_mask,,"[1, 1, 1, 1, 27, 1]","[1, 1, 27]","[1, 1, 27]","[1, 1, 27]",,True,,35,5.846988937463493e-08,-35.293063599994255,-8,0.0,-0.01225197547896073,1,1,0,0,0,0,0,0,1.606017745854634,736,2083,3380,0.057335571211076033,0.06939819533541094,0.07746244667843744,2012,0,0.10415
15,3855,rx_panda_base,/home/telilab4090/Documents/Gazebo World/my_world/rt_out/experiments/semantic_ablation_actor_200f/sionna_xml/frame_015_sionna.xml,30.0,0.0,0.0,2.4,0.582,0.888,1.195,28000000000.0,31,7.579527228074312e-09,6.284866316264015e-08,5.526913593456584e-08,2.4364965156564722e-08,-76.13234205350714,-46.132342053507145,cir_coefficients_tau_mask,,"[1, 1, 1, 1, 31, 1]","[1, 1, 31]","[1, 1, 31]","[1, 1, 31]",,True,,27,5.846988937463493e-08,-35.305315575473216,4,-3.200753440069093e-09,-10.827026478033929,1,0,1,1,1,0,1,1,1.606017745854634,1427,3047,3418,0.0071734886201631565,0.016370431003312796,0.028177632023192484,1984,0,0.15235
16,4112,rx_panda_base,/home/telilab4090/Documents/Gazebo World/my_world/rt_out/experiments/semantic_ablation_actor_200f/sionna_xml/frame_016_sionna.xml,30.0,0.0,0.0,2.4,0.582,0.888,1.195,28000000000.0,30,7.579527228074312e-09,6.284866316264015e-08,5.526913593456584e-08,2.4321987979192272e-08,-76.14000930505047,-46.14000930505047,cir_coefficients_tau_mask,,"[1, 1, 1, 1, 30, 1]","[1, 1, 30]","[1, 1, 30]","[1, 1, 30]",,True,,31,5.526913593456584e-08,-46.132342053507145,-1,0.0,-0.0076672515433244826,1,1,0,0,0,0,0,0,1.606017745854634,1187,2159,3394,0.005024104858280278,0.019334278284753516,0.031118413652427165,1973,0,0.10795
17,4369,rx_panda_base,/home/telilab4090/Documents/Gazebo World/my_world/rt_out/experiments/semantic_ablation_actor_200f/sionna_xml/frame_017_sionna.xml,30.0,0.0,0.0,2.4,0.582,0.888,1.195,28000000000.0,30,7.579527228074312e-09,6.284866316264015e-08,5.526913593456584e-08,2.4321987979192272e-08,-76.14000930505047,-46.14000930505047,cir_coefficients_tau_mask,,"[1, 1, 1, 1, 30, 1]","[1, 1, 30]","[1, 1, 30]","[1, 1, 30]",,True,,30,5.526913593456584e-08,-46.14000930505047,0,0.0,0.0,0,0,0,0,0,0,0,0,1.606017745854634,1211,2201,3385,0.004020757995769416,0.015907421097095996,0.028448688127655237,2020,0,0.11005
18,4626,rx_panda_base,/home/telilab4090/Documents/Gazebo World/my_world/rt_out/experiments/semantic_ablation_actor_200f/sionna_xml/frame_018_sionna.xml,30.0,0.0,0.0,2.4,0.582,0.888,1.195,28000000000.0,30,7.579527228074312e-09,6.284866316264015e-08,5.526913593456584e-08,2.432199153190595e-08,-76.14000867067641,-46.14000867067641,cir_coefficients_tau_mask,,"[1, 1, 1, 1, 30, 1]","[1, 1, 30]","[1, 1, 30]","[1, 1, 30]",,True,,30,5.526913593456584e-08,-46.14000930505047,0,0.0,6.343740608372173e-07,0,0,0,0,0,0,0,0,1.606017745854634,1107,2063,3259,0.0015238514848485078,0.014672103150908725,0.0269148385494896,1876,0,0.10315
19,4883,rx_panda_base,/home/telilab4090/Documents/Gazebo World/my_world/rt_out/experiments/semantic_ablation_actor_200f/sionna_xml/frame_019_sionna.xml,30.0,0.0,0.0,2.4,0.582,0.888,1.195,28000000000.0,29,5.357098764591228e-09,6.284866316264015e-08,5.749156439804892e-08,2.9479323870873486e-07,-65.30482481549625,-35.30482481549625,cir_coefficients_tau_mask,,"[1, 1, 1, 1, 29, 1]","[1, 1, 29]","[1, 1, 29]","[1, 1, 29]",,True,,30,5.526913593456584e-08,-46.14000867067641,-1,2.2224284634830838e-09,10.835183855180162,1,1,0,0,0,1,1,1,1.606017745854634,1139,2096,3249,0.010271830648357544,0.020834527089600752,0.03345556135962937,1817,0,0.1048
20,5140,rx_panda_base,/home/telilab4090/Documents/Gazebo World/my_world/rt_out/experiments/semantic_ablation_actor_200f/sionna_xml/frame_020_sionna.xml,30.0,0.0,0.0,2.4,0.582,0.888,1.195,28000000000.0,24,5.357098764591228e-09,6.284866316264015e-08,5.749156439804892e-08,2.841406399056723e-07,-65.46466645810595,-35.46466645810595,cir_coefficients_tau_mask,,"[1, 1, 1, 1, 24, 1]","[1, 1, 24]","[1, 1, 24]","[1, 1, 24]",,True,,29,5.749156439804892e-08,-35.30482481549625,-5,0.0,-0.15984164260970601,1,1,0,0,0,0,0,0,1.606017745854634,1251,2621,3297,0.015776065321093154,0.025026847867508938,0.03733111031174383,1748,0,0.13105
21,5397,rx_panda_base,/home/telilab4090/Documents/Gazebo World/my_world/rt_out/experiments/semantic_ablation_actor_200f/sionna_xml/frame_021_sionna.xml,30.0,0.0,0.0,2.4,0.582,0.888,1.195,28000000000.0,20,5.357098764591228e-09,6.284866316264015e-08,5.749156439804892e-08,2.8406861929397564e-07,-65.4657673959701,-35.465767395970104,cir_coefficients_tau_mask,,"[1, 1, 1, 1, 20, 1]","[1, 1, 20]","[1, 1, 20]","[1, 1, 20]",,True,,24,5.749156439804892e-08,-35.46466645810595,-4,0.0,-0.0011009378641517742,1,1,0,0,0,0,0,0,1.606017745854634,1249,2638,3250,0.02258071612637042,0.033847403824597735,0.04403173661053034,1747,0,0.1319
22,5654,rx_panda_base,/home/telilab4090/Documents/Gazebo World/my_world/rt_out/experiments/semantic_ablation_actor_200f/sionna_xml/frame_022_sionna.xml,30.0,0.0,0.0,2.4,0.582,0.888,1.195,28000000000.0,24,5.357098764591228e-09,6.284866316264015e-08,5.749156439804892e-08,2.841406399056723e-07,-65.46466645810595,-35.46466645810595,cir_coefficients_tau_mask,,"[1, 1, 1, 1, 24, 1]","[1, 1, 24]","[1, 1, 24]","[1, 1, 24]",,True,,20,5.749156439804892e-08,-35.465767395970104,4,0.0,0.0011009378641517742,1,0,0,0,0,0,0,0,1.606017745854634,1267,2687,3318,0.02379267178392713,0.03279890343001895,0.045708872542244705,1768,0,0.13435
23,5911,rx_panda_base,/home/telilab4090/Documents/Gazebo World/my_world/rt_out/experiments/semantic_ablation_actor_200f/sionna_xml/frame_023_sionna.xml,30.0,0.0,0.0,2.4,0.582,0.888,1.195,28000000000.0,24,5.357098764591228e-09,6.284866316264015e-08,5.749156439804892e-08,2.841406399056723e-07,-65.46466645810595,-35.46466645810595,cir_coefficients_tau_mask,,"[1, 1, 1, 1, 24, 1]","[1, 1, 24]","[1, 1, 24]","[1, 1, 24]",,True,,24,5.749156439804892e-08,-35.46466645810595,0,0.0,0.0,0,0,0,0,0,0,0,0,1.606017745854634,1306,2748,3407,0.02478226325711025,0.03241957176849988,0.041904242091134566,1826,0,0.1374
24,6168,rx_panda_base,/home/telilab4090/Documents/Gazebo World/my_world/rt_out/experiments/semantic_ablation_actor_200f/sionna_xml/frame_024_sionna.xml,30.0,0.0,0.0,2.4,0.582,0.888,1.195,28000000000.0,24,5.357098764591228e-09,6.284866316264015e-08,5.749156439804892e-08,2.841406399056723e-07,-65.46466645810595,-35.46466645810595,cir_coefficients_tau_mask,,"[1, 1, 1, 1, 24, 1]","[1, 1, 24]","[1, 1, 24]","[1, 1, 24]",,True,,24,5.749156439804892e-08,-35.46466645810595,0,0.0,0.0,0,0,0,0,0,0,0,0,1.606017745854634,1252,2641,3375,0.03780732851463697,0.04429586804811535,0.055725964163048314,1761,0,0.13205
25,6425,rx_panda_base,/home/telilab4090/Documents/Gazebo World/my_world/rt_out/experiments/semantic_ablation_actor_200f/sionna_xml/frame_025_sionna.xml,30.0,0.0,0.0,2.4,0.582,0.888,1.195,28000000000.0,27,5.357098764591228e-09,6.284866316264015e-08,5.749156439804892e-08,3.0037242026992317e-07,-65.22339946083503,-35.223399460835026,cir_coefficients_tau_mask,,"[1, 1, 1, 1, 27, 1]","[1, 1, 27]","[1, 1, 27]","[1, 1, 27]",,True,,24,5.749156439804892e-08,-35.46466645810595,3,0.0,0.2412669972709267,1,0,0,0,0,0,0,0,1.606017745854634,1195,2355,3315,0.05628522611293771,0.06355165477567812,0.07206138771924213,1709,0,0.11775
26,6682,rx_panda_base,/home/telilab4090/Documents/Gazebo World/my_world/rt_out/experiments/semantic_ablation_actor_200f/sionna_xml/frame_026_sionna.xml,30.0,0.0,0.0,2.4,0.582,0.888,1.195,28000000000.0,31,5.357098764591228e-09,6.284866316264015e-08,5.749156439804892e-08,3.004476809564949e-07,-65.22231143794808,-35.22231143794808,cir_coefficients_tau_mask,,"[1, 1, 1, 1, 31, 1]","[1, 1, 31]","[1, 1, 31]","[1, 1, 31]",,True,,27,5.749156439804892e-08,-35.223399460835026,4,0.0,0.00108802288694676,1,0,0,0,0,0,0,0,1.606017745854634,1209,2458,3333,0.06207301535351259,0.0669766151908224,0.07577180603525671,1759,0,0.1229
27,6939,rx_panda_base,/home/telilab4090/Documents/Gazebo World/my_world/rt_out/experiments/semantic_ablation_actor_200f/sionna_xml/frame_027_sionna.xml,30.0,0.0,0.0,2.4,0.582,0.888,1.195,28000000000.0,31,5.357098764591228e-09,6.284866316264015e-08,5.749156439804892e-08,3.004476809564949e-07,-65.22231143794808,-35.22231143794808,cir_coefficients_tau_mask,,"[1, 1, 1, 1, 31, 1]","[1, 1, 31]","[1, 1, 31]","[1, 1, 31]",,True,,31,5.749156439804892e-08,-35.22231143794808,0,0.0,0.0,0,0,0,0,0,0,0,0,1.606017745854634,1260,2756,3336,0.06297255541334552,0.06799791530876922,0.07872477761154671,1761,0,0.1378
28,7196,rx_panda_base,/home/telilab4090/Documents/Gazebo World/my_world/rt_out/experiments/semantic_ablation_actor_200f/sionna_xml/frame_028_sionna.xml,30.0,0.0,0.0,2.4,0.582,0.888,1.195,28000000000.0,31,5.357098764591228e-09,6.284866316264015e-08,5.749156439804892e-08,3.0044765253478545e-07,-65.2223118487814,-35.2223118487814,cir_coefficients_tau_mask,,"[1, 1, 1, 1, 31, 1]","[1, 1, 31]","[1, 1, 31]","[1, 1, 31]",,True,,31,5.749156439804892e-08,-35.22231143794808,0,0.0,-4.1083332291691477e-07,0,0,0,0,0,0,0,0,1.606017745854634,1289,2734,3366,0.06330853487323579,0.06878687795553023,0.07546957409268577,1786,0,0.1367
29,7453,rx_panda_base,/home/telilab4090/Documents/Gazebo World/my_world/rt_out/experiments/semantic_ablation_actor_200f/sionna_xml/frame_029_sionna.xml,30.0,0.0,0.0,2.4,0.582,0.888,1.195,28000000000.0,31,5.357098764591228e-09,6.284866316264015e-08,5.749156439804892e-08,3.0044765253478545e-07,-65.2223118487814,-35.2223118487814,cir_coefficients_tau_mask,,"[1, 1, 1, 1, 31, 1]","[1, 1, 31]","[1, 1, 31]","[1, 1, 31]",,True,,31,5.749156439804892e-08,-35.2223118487814,0,0.0,0.0,0,0,0,0,0,0,0,0,1.606017745854634,1257,2645,3401,0.069377628028148,0.07262544051464799,0.07929815672661404,1766,0,0.13225
30,7710,rx_panda_base,/home/telilab4090/Documents/Gazebo World/my_world/rt_out/experiments/semantic_ablation_actor_200f/sionna_xml/frame_030_sionna.xml,30.0,0.0,0.0,2.4,0.582,0.888,1.195,28000000000.0,31,5.357098764591228e-09,6.284866316264015e-08,5.749156439804892e-08,3.004476809564949e-07,-65.22231143794808,-35.22231143794808,cir_coefficients_tau_mask,,"[1, 1, 1, 1, 31, 1]","[1, 1, 31]","[1, 1, 31]","[1, 1, 31]",,True,,31,5.749156439804892e-08,-35.2223118487814,0,0.0,4.1083332291691477e-07,0,0,0,0,0,0,0,0,1.606017745854634,1119,2326,3307,0.07700706171493236,0.08080299568419985,0.08759337306466013,1629,0,0.1163
31,7967,rx_panda_base,/home/telilab4090/Documents/Gazebo World/my_world/rt_out/experiments/semantic_ablation_actor_200f/sionna_xml/frame_031_sionna.xml,30.0,0.0,0.0,2.4,0.582,0.888,1.195,28000000000.0,31,5.357098764591228e-09,6.284866316264015e-08,5.749156439804892e-08,3.004476809564949e-07,-65.22231143794808,-35.22231143794808,cir_coefficients_tau_mask,,"[1, 1, 1, 1, 31, 1]","[1, 1, 31]","[1, 1, 31]","[1, 1, 31]",,True,,31,5.749156439804892e-08,-35.22231143794808,0,0.0,0.0,0,0,0,0,0,0,0,0,1.606017745854634,1110,2345,3283,0.08120266339336345,0.0861582681287758,0.09250864173046011,1697,0,0.11725
32,8224,rx_panda_base,/home/telilab4090/Documents/Gazebo World/my_world/rt_out/experiments/semantic_ablation_actor_200f/sionna_xml/frame_032_sionna.xml,30.0,0.0,0.0,2.4,0.582,0.888,1.195,28000000000.0,31,5.357098764591228e-09,6.284866316264015e-08,5.749156439804892e-08,3.004476809564949e-07,-65.22231143794808,-35.22231143794808,cir_coefficients_tau_mask,,"[1, 1, 1, 1, 31, 1]","[1, 1, 31]","[1, 1, 31]","[1, 1, 31]",,True,,31,5.749156439804892e-08,-35.22231143794808,0,0.0,0.0,0,0,0,0,0,0,0,0,1.606017745854634,1136,2475,3299,0.07993241050549518,0.0862532204636822,0.09381868152639349,1705,0,0.12375
33,8481,rx_panda_base,/home/telilab4090/Documents/Gazebo World/my_world/rt_out/experiments/semantic_ablation_actor_200f/sionna_xml/frame_033_sionna.xml,30.0,0.0,0.0,2.4,0.582,0.888,1.195,28000000000.0,31,5.357098764591228e-09,6.284866316264015e-08,5.749156439804892e-08,3.0044765253478545e-07,-65.2223118487814,-35.2223118487814,cir_coefficients_tau_mask,,"[1, 1, 1, 1, 31, 1]","[1, 1, 31]","[1, 1, 31]","[1, 1, 31]",,True,,31,5.749156439804892e-08,-35.22231143794808,0,0.0,-4.1083332291691477e-07,0,0,0,0,0,0,0,0,1.606017745854634,1121,2500,3340,0.07986725744853795,0.08464275348936663,0.09143203134771188,1756,0,0.125
34,8737,rx_panda_base,/home/telilab4090/Documents/Gazebo World/my_world/rt_out/experiments/semantic_ablation_actor_200f/sionna_xml/frame_034_sionna.xml,30.0,0.0,0.0,2.4,0.582,0.888,1.195,28000000000.0,30,5.357098764591228e-09,6.284866316264015e-08,5.749156439804892e-08,3.0041476861697447e-07,-65.22278720898235,-35.22278720898235,cir_coefficients_tau_mask,,"[1, 1, 1, 1, 30, 1]","[1, 1, 30]","[1, 1, 30]","[1, 1, 30]",,True,,31,5.749156439804892e-08,-35.2223118487814,-1,0.0,-0.00047536020095151343,1,1,0,0,0,0,0,0,1.606017745854634,1143,2440,3334,0.08185769522672964,0.0861814120569006,0.09268655712410384,1725,0,0.122
35,8994,rx_panda_base,/home/telilab4090/Documents/Gazebo World/my_world/rt_out/experiments/semantic_ablation_actor_200f/sionna_xml/frame_035_sionna.xml,30.0,0.0,0.0,2.4,0.582,0.888,1.195,28000000000.0,30,5.357098764591228e-09,6.284866316264015e-08,5.749156439804892e-08,3.0041476861697447e-07,-65.22278720898235,-35.22278720898235,cir_coefficients_tau_mask,,"[1, 1, 1, 1, 30, 1]","[1, 1, 30]","[1, 1, 30]","[1, 1, 30]",,True,,30,5.749156439804892e-08,-35.22278720898235,0,0.0,0.0,0,0,0,0,0,0,0,0,1.606017745854634,1091,2233,3325,0.08845542724691818,0.09382847299522676,0.10005377339971842,1731,0,0.11165
36,9251,rx_panda_base,/home/telilab4090/Documents/Gazebo World/my_world/rt_out/experiments/semantic_ablation_actor_200f/sionna_xml/frame_036_sionna.xml,30.0,0.0,0.0,2.4,0.582,0.888,1.195,28000000000.0,30,5.357098764591228e-09,6.284866316264015e-08,5.749156439804892e-08,3.0041476861697447e-07,-65.22278720898235,-35.22278720898235,cir_coefficients_tau_mask,,"[1, 1, 1, 1, 30, 1]","[1, 1, 30]","[1, 1, 30]","[1, 1, 30]",,True,,30,5.749156439804892e-08,-35.22278720898235,0,0.0,0.0,0,0,0,0,0,0,0,0,1.606017745854634,1079,2660,3356,0.08839707301427717,0.09498001854311149,0.10144635032835407,1749,0,0.133
37,9508,rx_panda_base,/home/telilab4090/Documents/Gazebo World/my_world/rt_out/experiments/semantic_ablation_actor_200f/sionna_xml/frame_037_sionna.xml,30.0,0.0,0.0,2.4,0.582,0.888,1.195,28000000000.0,30,5.357098764591228e-09,6.284866316264015e-08,5.749156439804892e-08,3.0041476861697447e-07,-65.22278720898235,-35.22278720898235,cir_coefficients_tau_mask,,"[1, 1, 1, 1, 30, 1]","[1, 1, 30]","[1, 1, 30]","[1, 1, 30]",,True,,30,5.749156439804892e-08,-35.22278720898235,0,0.0,0.0,0,0,0,0,0,0,0,0,1.606017745854634,1094,2688,3391,0.08894357852797498,0.09368998550224991,0.09936386132710082,1764,0,0.1344
38,9765,rx_panda_base,/home/telilab4090/Documents/Gazebo World/my_world/rt_out/experiments/semantic_ablation_actor_200f/sionna_xml/frame_038_sionna.xml,30.0,0.0,0.0,2.4,0.582,0.888,1.195,28000000000.0,31,5.357098764591228e-09,6.284866316264015e-08,5.749156439804892e-08,3.0044765253478545e-07,-65.2223118487814,-35.2223118487814,cir_coefficients_tau_mask,,"[1, 1, 1, 1, 31, 1]","[1, 1, 31]","[1, 1, 31]","[1, 1, 31]",,True,,30,5.749156439804892e-08,-35.22278720898235,1,0.0,0.00047536020095151343,1,0,0,0,0,0,0,0,1.606017745854634,1070,2613,3280,0.08874465676432736,0.09384626936701798,0.09949619247610117,1734,0,0.13065
39,10022,rx_panda_base,/home/telilab4090/Documents/Gazebo World/my_world/rt_out/experiments/semantic_ablation_actor_200f/sionna_xml/frame_039_sionna.xml,30.0,0.0,0.0,2.4,0.582,0.888,1.195,28000000000.0,34,5.357098764591228e-09,6.284866316264015e-08,5.749156439804892e-08,3.007610303029651e-07,-65.2177843610161,-35.2177843610161,cir_coefficients_tau_mask,,"[1, 1, 1, 1, 34, 1]","[1, 1, 34]","[1, 1, 34]","[1, 1, 34]",,True,,31,5.749156439804892e-08,-35.2223118487814,3,0.0,0.00452748776530143,1,0,0,0,0,0,0,0,1.606017745854634,490,1705,3328,0.10573779452185282,0.1205851154302257,0.13417819318903135,1417,0,0.08525
40,10279,rx_panda_base,/home/telilab4090/Documents/Gazebo World/my_world/rt_out/experiments/semantic_ablation_actor_200f/sionna_xml/frame_040_sionna.xml,30.0,0.0,0.0,2.4,0.582,0.888,1.195,28000000000.0,34,5.357098764591228e-09,6.284866316264015e-08,5.749156439804892e-08,3.0076100188125565e-07,-65.21778477142139,-35.21778477142139,cir_coefficients_tau_mask,,"[1, 1, 1, 1, 34, 1]","[1, 1, 34]","[1, 1, 34]","[1, 1, 34]",,True,,34,5.749156439804892e-08,-35.2177843610161,0,0.0,-4.104052919728929e-07,0,0,0,0,0,0,0,0,1.606017745854634,502,1753,3334,0.10567628084760249,0.11869320874179412,0.13194185541585032,1481,0,0.08765
41,10536,rx_panda_base,/home/telilab4090/Documents/Gazebo World/my_world/rt_out/experiments/semantic_ablation_actor_200f/sionna_xml/frame_041_sionna.xml,30.0,0.0,0.0,2.4,0.582,0.888,1.195,28000000000.0,34,5.357098764591228e-09,6.284866316264015e-08,5.749156439804892e-08,3.0076100188125565e-07,-65.21778477142139,-35.21778477142139,cir_coefficients_tau_mask,,"[1, 1, 1, 1, 34, 1]","[1, 1, 34]","[1, 1, 34]","[1, 1, 34]",,True,,34,5.749156439804892e-08,-35.21778477142139,0,0.0,0.0,0,0,0,0,0,0,0,0,1.606017745854634,484,1765,3300,0.10452483193855956,0.1222463561559046,0.13701236743380277,1464,0,0.08825
42,10793,rx_panda_base,/home/telilab4090/Documents/Gazebo World/my_world/rt_out/experiments/semantic_ablation_actor_200f/sionna_xml/frame_042_sionna.xml,30.0,0.0,0.0,2.4,0.582,0.888,1.195,28000000000.0,34,5.357098764591228e-09,6.284866316264015e-08,5.749156439804892e-08,3.007609734595462e-07,-65.21778518182674,-35.21778518182674,cir_coefficients_tau_mask,,"[1, 1, 1, 1, 34, 1]","[1, 1, 34]","[1, 1, 34]","[1, 1, 34]",,True,,34,5.749156439804892e-08,-35.21778477142139,0,0.0,-4.1040534881631174e-07,0,0,0,0,0,0,0,0,1.606017745854634,462,1668,3335,0.10884698356976866,0.12148880815010372,0.134514969514352,1409,0,0.0834
43,11050,rx_panda_base,/home/telilab4090/Documents/Gazebo World/my_world/rt_out/experiments/semantic_ablation_actor_200f/sionna_xml/frame_043_sionna.xml,30.0,0.0,0.0,2.4,0.582,0.888,1.195,28000000000.0,34,5.357098764591228e-09,6.284866316264015e-08,5.749156439804892e-08,3.0076100188125565e-07,-65.21778477142139,-35.21778477142139,cir_coefficients_tau_mask,,"[1, 1, 1, 1, 34, 1]","[1, 1, 34]","[1, 1, 34]","[1, 1, 34]",,True,,34,5.749156439804892e-08,-35.21778518182674,0,0.0,4.1040534881631174e-07,0,0,0,0,0,0,0,0,1.606017745854634,457,1709,3283,0.10767840226698769,0.12115065784426984,0.13415627635618013,1450,0,0.08545
44,11307,rx_panda_base,/home/telilab4090/Documents/Gazebo World/my_world/rt_out/experiments/semantic_ablation_actor_200f/sionna_xml/frame_044_sionna.xml,30.0,0.0,0.0,2.4,0.582,0.888,1.195,28000000000.0,31,5.357098764591228e-09,6.284866316264015e-08,5.749156439804892e-08,3.0044765253478545e-07,-65.2223118487814,-35.2223118487814,cir_coefficients_tau_mask,,"[1, 1, 1, 1, 31, 1]","[1, 1, 31]","[1, 1, 31]","[1, 1, 31]",,True,,34,5.749156439804892e-08,-35.21778477142139,-3,0.0,-0.004527077360009457,1,1,0,0,0,0,0,0,1.606017745854634,888,2301,3321,0.09843575677679782,0.11068015448714537,0.11660350914612891,1704,0,0.11505
45,11564,rx_panda_base,/home/telilab4090/Documents/Gazebo World/my_world/rt_out/experiments/semantic_ablation_actor_200f/sionna_xml/frame_045_sionna.xml,30.0,0.0,0.0,2.4,0.582,0.888,1.195,28000000000.0,31,5.357098764591228e-09,6.284866316264015e-08,5.749156439804892e-08,3.004476809564949e-07,-65.22231143794808,-35.22231143794808,cir_coefficients_tau_mask,,"[1, 1, 1, 1, 31, 1]","[1, 1, 31]","[1, 1, 31]","[1, 1, 31]",,True,,31,5.749156439804892e-08,-35.2223118487814,0,0.0,4.1083332291691477e-07,0,0,0,0,0,0,0,0,1.606017745854634,835,2010,3324,0.09760520463594856,0.11179682633746327,0.11614429482934778,1646,0,0.1005
46,11821,rx_panda_base,/home/telilab4090/Documents/Gazebo World/my_world/rt_out/experiments/semantic_ablation_actor_200f/sionna_xml/frame_046_sionna.xml,30.0,0.0,0.0,2.4,0.582,0.888,1.195,28000000000.0,31,5.357098764591228e-09,6.284866316264015e-08,5.749156439804892e-08,3.004476809564949e-07,-65.22231143794808,-35.22231143794808,cir_coefficients_tau_mask,,"[1, 1, 1, 1, 31, 1]","[1, 1, 31]","[1, 1, 31]","[1, 1, 31]",,True,,31,5.749156439804892e-08,-35.22231143794808,0,0.0,0.0,0,0,0,0,0,0,0,0,1.606017745854634,802,2040,3323,0.09368549143383548,0.11075353030996751,0.117105225318185,1660,0,0.102
47,12078,rx_panda_base,/home/telilab4090/Documents/Gazebo World/my_world/rt_out/experiments/semantic_ablation_actor_200f/sionna_xml/frame_047_sionna.xml,30.0,0.0,0.0,2.4,0.582,0.888,1.195,28000000000.0,31,5.357098764591228e-09,6.284866316264015e-08,5.749156439804892e-08,3.004476809564949e-07,-65.22231143794808,-35.22231143794808,cir_coefficients_tau_mask,,"[1, 1, 1, 1, 31, 1]","[1, 1, 31]","[1, 1, 31]","[1, 1, 31]",,True,,31,5.749156439804892e-08,-35.22231143794808,0,0.0,0.0,0,0,0,0,0,0,0,0,1.606017745854634,788,1972,3277,0.09819647034472895,0.10900593931346692,0.1158414033268668,1628,0,0.0986
48,12335,rx_panda_base,/home/telilab4090/Documents/Gazebo World/my_world/rt_out/experiments/semantic_ablation_actor_200f/sionna_xml/frame_048_sionna.xml,30.0,0.0,0.0,2.4,0.582,0.888,1.195,28000000000.0,31,5.357098764591228e-09,6.284866316264015e-08,5.749156439804892e-08,3.0044765253478545e-07,-65.2223118487814,-35.2223118487814,cir_coefficients_tau_mask,,"[1, 1, 1, 1, 31, 1]","[1, 1, 31]","[1, 1, 31]","[1, 1, 31]",,True,,31,5.749156439804892e-08,-35.22231143794808,0,0.0,-4.1083332291691477e-07,0,0,0,0,0,0,0,0,1.606017745854634,783,2017,3339,0.0927578879730249,0.10752284741553704,0.11597838411782745,1625,0,0.10085
49,12592,rx_panda_base,/home/telilab4090/Documents/Gazebo World/my_world/rt_out/experiments/semantic_ablation_actor_200f/sionna_xml/frame_049_sionna.xml,30.0,0.0,0.0,2.4,0.582,0.888,1.195,28000000000.0,31,5.357098764591228e-09,6.284866316264015e-08,5.749156439804892e-08,3.004476809564949e-07,-65.22231143794808,-35.22231143794808,cir_coefficients_tau_mask,,"[1, 1, 1, 1, 31, 1]","[1, 1, 31]","[1, 1, 31]","[1, 1, 31]",,True,,31,5.749156439804892e-08,-35.2223118487814,0,0.0,4.1083332291691477e-07,0,0,0,0,0,0,0,0,1.606017745854634,967,2057,3267,0.07630552670383733,0.08467588967327917,0.0950332305210562,1704,0,0.10285
50,12849,rx_panda_base,/home/telilab4090/Documents/Gazebo World/my_world/rt_out/experiments/semantic_ablation_actor_200f/sionna_xml/frame_050_sionna.xml,30.0,0.0,0.0,2.4,0.582,0.888,1.195,28000000000.0,20,5.357098764591228e-09,6.284866316264015e-08,5.749156439804892e-08,2.840686477156851e-07,-65.46576696144865,-35.46576696144865,cir_coefficients_tau_mask,,"[1, 1, 1, 1, 20, 1]","[1, 1, 20]","[1, 1, 20]","[1, 1, 20]",,True,,31,5.749156439804892e-08,-35.22231143794808,-11,0.0,-0.24345552350057176,1,1,0,0,0,0,0,0,1.606017745854634,962,2062,3345,0.06885659606094524,0.07750410814066858,0.08641865139712429,1723,0,0.1031
51,13106,rx_panda_base,/home/telilab4090/Documents/Gazebo World/my_world/rt_out/experiments/semantic_ablation_actor_200f/sionna_xml/frame_051_sionna.xml,30.0,0.0,0.0,2.4,0.582,0.888,1.195,28000000000.0,20,5.357098764591228e-09,6.284866316264015e-08,5.749156439804892e-08,2.8406861929397564e-07,-65.4657673959701,-35.465767395970104,cir_coefficients_tau_mask,,"[1, 1, 1, 1, 20, 1]","[1, 1, 20]","[1, 1, 20]","[1, 1, 20]",,True,,20,5.749156439804892e-08,-35.46576696144865,0,0.0,-4.3452145348510385e-07,0,0,0,0,0,0,0,0,1.606017745854634,994,2079,3281,0.0659555239001064,0.07797844005462265,0.08696310944671341,1736,0,0.10395
52,13363,rx_panda_base,/home/telilab4090/Documents/Gazebo World/my_world/rt_out/experiments/semantic_ablation_actor_200f/sionna_xml/frame_052_sionna.xml,30.0,0.0,0.0,2.4,0.582,0.888,1.195,28000000000.0,20,5.357098764591228e-09,6.284866316264015e-08,5.749156439804892e-08,2.840686477156851e-07,-65.46576696144865,-35.46576696144865,cir_coefficients_tau_mask,,"[1, 1, 1, 1, 20, 1]","[1, 1, 20]","[1, 1, 20]","[1, 1, 20]",,True,,20,5.749156439804892e-08,-35.465767395970104,0,0.0,4.3452145348510385e-07,0,0,0,0,0,0,0,0,1.606017745854634,991,2081,3287,0.06563254329642361,0.07196531360397979,0.08058998384947744,1748,0,0.10405
53,13620,rx_panda_base,/home/telilab4090/Documents/Gazebo World/my_world/rt_out/experiments/semantic_ablation_actor_200f/sionna_xml/frame_053_sionna.xml,30.0,0.0,0.0,2.4,0.582,0.888,1.195,28000000000.0,20,5.357098764591228e-09,6.284866316264015e-08,5.749156439804892e-08,2.840686477156851e-07,-65.46576696144865,-35.46576696144865,cir_coefficients_tau_mask,,"[1, 1, 1, 1, 20, 1]","[1, 1, 20]","[1, 1, 20]","[1, 1, 20]",,True,,20,5.749156439804892e-08,-35.46576696144865,0,0.0,0.0,0,0,0,0,0,0,0,0,1.606017745854634,971,2080,3293,0.06487841878162222,0.07321069233169467,0.08149298795489565,1704,0,0.104
54,13877,rx_panda_base,/home/telilab4090/Documents/Gazebo World/my_world/rt_out/experiments/semantic_ablation_actor_200f/sionna_xml/frame_054_sionna.xml,30.0,0.0,0.0,2.4,0.582,0.888,1.195,28000000000.0,24,5.357098764591228e-09,6.284866316264015e-08,5.749156439804892e-08,2.8414089570105716e-07,-65.46466254840567,-35.46466254840567,cir_coefficients_tau_mask,,"[1, 1, 1, 1, 24, 1]","[1, 1, 24]","[1, 1, 24]","[1, 1, 24]",,True,,20,5.749156439804892e-08,-35.46576696144865,4,0.0,0.001104413042980923,1,0,0,0,0,0,0,0,1.606017745854634,1037,2041,3298,0.052669451084501114,0.06369862191720962,0.06995374874141107,1688,0,0.10205
55,14134,rx_panda_base,/home/telilab4090/Documents/Gazebo World/my_world/rt_out/experiments/semantic_ablation_actor_200f/sionna_xml/frame_055_sionna.xml,30.0,0.0,0.0,2.4,0.582,0.888,1.195,28000000000.0,29,5.357098764591228e-09,6.284866316264015e-08,5.749156439804892e-08,2.842349715592718e-07,-65.4632248861533,-35.4632248861533,cir_coefficients_tau_mask,,"[1, 1, 1, 1, 29, 1]","[1, 1, 29]","[1, 1, 29]","[1, 1, 29]",,True,,24,5.749156439804892e-08,-35.46466254840567,5,0.0,0.0014376622523712967,1,0,0,0,0,0,0,0,1.606017745854634,953,2040,3345,0.05139517874884485,0.06472016207673481,0.07256643396805906,1732,0,0.102
56,14391,rx_panda_base,/home/telilab4090/Documents/Gazebo World/my_world/rt_out/experiments/semantic_ablation_actor_200f/sionna_xml/frame_056_sionna.xml,30.0,0.0,0.0,2.4,0.582,0.888,1.195,28000000000.0,29,5.357098764591228e-09,6.284866316264015e-08,5.749156439804892e-08,2.842349715592718e-07,-65.4632248861533,-35.4632248861533,cir_coefficients_tau_mask,,"[1, 1, 1, 1, 29, 1]","[1, 1, 29]","[1, 1, 29]","[1, 1, 29]",,True,,29,5.749156439804892e-08,-35.4632248861533,0,0.0,0.0,0,0,0,0,0,0,0,0,1.606017745854634,932,2016,3320,0.04760028557732786,0.05595502065062071,0.06642917432092908,1739,0,0.1008
57,14648,rx_panda_base,/home/telilab4090/Documents/Gazebo World/my_world/rt_out/experiments/semantic_ablation_actor_200f/sionna_xml/frame_057_sionna.xml,30.0,0.0,0.0,2.4,0.582,0.888,1.195,28000000000.0,29,5.357098764591228e-09,6.284866316264015e-08,5.749156439804892e-08,2.842349715592718e-07,-65.4632248861533,-35.4632248861533,cir_coefficients_tau_mask,,"[1, 1, 1, 1, 29, 1]","[1, 1, 29]","[1, 1, 29]","[1, 1, 29]",,True,,29,5.749156439804892e-08,-35.4632248861533,0,0.0,0.0,0,0,0,0,0,0,0,0,1.606017745854634,981,2045,3332,0.0473058721160082,0.05975035566782614,0.06743078885421344,1747,0,0.10225
58,14905,rx_panda_base,/home/telilab4090/Documents/Gazebo World/my_world/rt_out/experiments/semantic_ablation_actor_200f/sionna_xml/frame_058_sionna.xml,30.0,0.0,0.0,2.4,0.582,0.888,1.195,28000000000.0,29,5.357098764591228e-09,6.284866316264015e-08,5.749156439804892e-08,2.8423499998098123e-07,-65.46322445188615,-35.46322445188615,cir_coefficients_tau_mask,,"[1, 1, 1, 1, 29, 1]","[1, 1, 29]","[1, 1, 29]","[1, 1, 29]",,True,,29,5.749156439804892e-08,-35.4632248861533,0,0.0,4.342671502399753e-07,0,0,0,0,0,0,0,0,1.606017745854634,990,2159,3447,0.046380864226990136,0.05933708739614328,0.06944874116926245,1848,0,0.10795
59,15162,rx_panda_base,/home/telilab4090/Documents/Gazebo World/my_world/rt_out/experiments/semantic_ablation_actor_200f/sionna_xml/frame_059_sionna.xml,30.0,0.0,0.0,2.4,0.582,0.888,1.195,28000000000.0,28,5.357098764591228e-09,6.284866316264015e-08,5.749156439804892e-08,2.8423445996850205e-07,-65.46323270296932,-35.46323270296932,cir_coefficients_tau_mask,,"[1, 1, 1, 1, 28, 1]","[1, 1, 28]","[1, 1, 28]","[1, 1, 28]",,True,,29,5.749156439804892e-08,-35.46322445188615,-1,0.0,-8.25108317314971e-06,1,1,0,0,0,0,0,0,1.606017745854634,987,2107,3356,0.04955308482799634,0.05831671119288857,0.06743151690169415,1796,0,0.10535
60,15419,rx_panda_base,/home/telilab4090/Documents/Gazebo World/my_world/rt_out/experiments/semantic_ablation_actor_200f/sionna_xml/frame_060_sionna.xml,30.0,0.0,0.0,2.4,0.582,0.888,1.195,28000000000.0,29,5.357098764591228e-09,6.284866316264015e-08,5.749156439804892e-08,2.8423502840269066e-07,-65.46322401761904,-35.46322401761904,cir_coefficients_tau_mask,,"[1, 1, 1, 1, 29, 1]","[1, 1, 29]","[1, 1, 29]","[1, 1, 29]",,True,,28,5.749156439804892e-08,-35.46323270296932,1,0.0,8.68535028075712e-06,1,0,0,0,0,0,0,0,1.606017745854634,1011,2080,3391,0.04746806310558287,0.05807801430455015,0.06554561158104306,1783,0,0.104
61,15676,rx_panda_base,/home/telilab4090/Documents/Gazebo World/my_world/rt_out/experiments/semantic_ablation_actor_200f/sionna_xml/frame_061_sionna.xml,30.0,0.0,0.0,2.4,0.582,0.888,1.195,28000000000.0,29,5.357098764591228e-09,6.284866316264015e-08,5.749156439804892e-08,2.8436241450435773e-07,-65.46127806859515,-35.46127806859515,cir_coefficients_tau_mask,,"[1, 1, 1, 1, 29, 1]","[1, 1, 29]","[1, 1, 29]","[1, 1, 29]",,True,,29,5.749156439804892e-08,-35.46322401761904,0,0.0,0.0019459490238915578,0,0,0,0,0,0,0,0,1.606017745854634,978,2070,3309,0.04642644355229019,0.05566807530762378,0.06507936078941776,1835,0,0.1035
62,15933,rx_panda_base,/home/telilab4090/Documents/Gazebo World/my_world/rt_out/experiments/semantic_ablation_actor_200f/sionna_xml/frame_062_sionna.xml,30.0,0.0,0.0,2.4,0.582,0.888,1.195,28000000000.0,28,5.357098764591228e-09,6.382698813922616e-08,5.846988937463493e-08,2.8420481612556614e-07,-65.46368566806032,-35.46368566806032,cir_coefficients_tau_mask,,"[1, 1, 1, 1, 28, 1]","[1, 1, 28]","[1, 1, 28]","[1, 1, 28]",,True,,29,5.749156439804892e-08,-35.46127806859515,-1,9.783249765860091e-10,-0.0024075994651724386,1,1,0,0,0,0,0,0,1.606017745854634,818,2023,3332,0.04556498156674247,0.05316495240096527,0.06662787486969278,1807,0,0.10115
63,16190,rx_panda_base,/home/telilab4090/Documents/Gazebo World/my_world/rt_out/experiments/semantic_ablation_actor_200f/sionna_xml/frame_063_sionna.xml,30.0,0.0,0.0,2.4,0.582,0.888,1.195,28000000000.0,32,5.357098764591228e-09,6.382698813922616e-08,5.846988937463493e-08,3.0804403650108725e-07,-65.11387194400972,-35.113871944009716,cir_coefficients_tau_mask,,"[1, 1, 1, 1, 32, 1]","[1, 1, 32]","[1, 1, 32]","[1, 1, 32]",,True,,28,5.846988937463493e-08,-35.46368566806032,4,0.0,0.3498137240506054,1,0,0,0,0,0,0,0,1.606017745854634,845,2077,3373,0.04557423079764064,0.058747448814196565,0.07299373927614027,1843,0,0.10385
64,16447,rx_panda_base,/home/telilab4090/Documents/Gazebo World/my_world/rt_out/experiments/semantic_ablation_actor_200f/sionna_xml/frame_064_sionna.xml,30.0,0.0,0.0,2.4,0.582,0.888,1.195,28000000000.0,30,5.357098764591228e-09,6.284866316264015e-08,5.749156439804892e-08,2.8447198019421194e-07,-65.45960504124162,-35.459605041241616,cir_coefficients_tau_mask,,"[1, 1, 1, 1, 30, 1]","[1, 1, 30]","[1, 1, 30]","[1, 1, 30]",,True,,32,5.846988937463493e-08,-35.113871944009716,-2,-9.783249765860091e-10,-0.34573309723189993,1,1,0,0,0,0,0,0,1.606017745854634,828,2050,3345,0.046424767984013,0.05782480821365978,0.06918439013167371,1813,0,0.1025
65,16704,rx_panda_base,/home/telilab4090/Documents/Gazebo World/my_world/rt_out/experiments/semantic_ablation_actor_200f/sionna_xml/frame_065_sionna.xml,30.0,0.0,0.0,2.4,0.582,0.888,1.195,28000000000.0,28,5.357098764591228e-09,6.284866316264015e-08,5.749156439804892e-08,2.8421615638762887e-07,-65.46351238053309,-35.46351238053309,cir_coefficients_tau_mask,,"[1, 1, 1, 1, 28, 1]","[1, 1, 28]","[1, 1, 28]","[1, 1, 28]",,True,,30,5.749156439804892e-08,-35.459605041241616,-2,0.0,-0.003907339291473022,1,1,0,0,0,0,0,0,1.606017745854634,760,2001,3301,0.046630786923066755,0.058596895164259956,0.07371147191172168,1778,0,0.10005
66,16961,rx_panda_base,/home/telilab4090/Documents/Gazebo World/my_world/rt_out/experiments/semantic_ablation_actor_200f/sionna_xml/frame_066_sionna.xml,30.0,0.0,0.0,2.4,0.582,0.888,1.195,28000000000.0,26,5.357098764591228e-09,6.284866316264015e-08,5.749156439804892e-08,2.840357637978741e-07,-65.46626973184702,-35.46626973184702,cir_coefficients_tau_mask,,"[1, 1, 1, 1, 26, 1]","[1, 1, 26]","[1, 1, 26]","[1, 1, 26]",,True,,28,5.749156439804892e-08,-35.46351238053309,-2,0.0,-0.002757351313931622,1,1,0,0,0,0,0,0,1.606017745854634,807,2026,3789,0.04606096328399489,0.05529712616264597,0.06943740851375432,1809,0,0.1013
67,17218,rx_panda_base,/home/telilab4090/Documents/Gazebo World/my_world/rt_out/experiments/semantic_ablation_actor_200f/sionna_xml/frame_067_sionna.xml,30.0,0.0,0.0,2.4,0.582,0.888,1.195,28000000000.0,25,5.357098764591228e-09,6.284866316264015e-08,5.749156439804892e-08,2.8381904826346727e-07,-65.4695846061179,-35.469584606117905,cir_coefficients_tau_mask,,"[1, 1, 1, 1, 25, 1]","[1, 1, 25]","[1, 1, 25]","[1, 1, 25]",,True,,26,5.749156439804892e-08,-35.46626973184702,-1,0.0,-0.0033148742708846157,1,1,0,0,0,0,0,0,1.606017745854634,811,2031,3826,0.0464806807945889,0.05614641583829266,0.06846944408252975,1831,0,0.10155
68,17475,rx_panda_base,/home/telilab4090/Documents/Gazebo World/my_world/rt_out/experiments/semantic_ablation_actor_200f/sionna_xml/frame_068_sionna.xml,30.0,0.0,0.0,2.4,0.582,0.888,1.195,28000000000.0,26,5.357098764591228e-09,6.284866316264015e-08,5.749156439804892e-08,2.839419153133349e-07,-65.46770492484282,-35.46770492484282,cir_coefficients_tau_mask,,"[1, 1, 1, 1, 26, 1]","[1, 1, 26]","[1, 1, 26]","[1, 1, 26]",,True,,25,5.749156439804892e-08,-35.469584606117905,1,0.0,0.0018796812750849767,1,0,0,0,0,0,0,0,1.606017745854634,859,2051,3730,0.047008454561636784,0.059053460405962675,0.0712738347358987,1840,0,0.10255
69,17732,rx_panda_base,/home/telilab4090/Documents/Gazebo World/my_world/rt_out/experiments/semantic_ablation_actor_200f/sionna_xml/frame_069_sionna.xml,30.0,0.0,0.0,2.4,0.582,0.888,1.195,28000000000.0,25,5.357098764591228e-09,5.897902966012225e-08,5.362193089553102e-08,2.839377089003392e-07,-65.46776926319464,-35.46776926319464,cir_coefficients_tau_mask,,"[1, 1, 1, 1, 25, 1]","[1, 1, 25]","[1, 1, 25]","[1, 1, 25]",,True,,26,5.749156439804892e-08,-35.46770492484282,-1,-3.8696335025179e-09,-6.433835181951508e-05,1,1,0,0,0,0,0,0,1.606017745854634,838,2004,3727,0.04724614063014445,0.06237991054401419,0.07452931414895306,1807,0,0.1002
70,17989,rx_panda_base,/home/telilab4090/Documents/Gazebo World/my_world/rt_out/experiments/semantic_ablation_actor_200f/sionna_xml/frame_070_sionna.xml,30.0,0.0,0.0,2.4,0.582,0.888,1.195,28000000000.0,25,5.357098764591228e-09,5.897902966012225e-08,5.362193089553102e-08,2.8393773732204863e-07,-65.46776882847284,-35.46776882847284,cir_coefficients_tau_mask,,"[1, 1, 1, 1, 25, 1]","[1, 1, 25]","[1, 1, 25]","[1, 1, 25]",,True,,25,5.362193089553102e-08,-35.46776926319464,0,0.0,4.3472179811487877e-07,0,0,0,0,0,0,0,0,1.606017745854634,800,2012,3747,0.047859423084489004,0.05956118234491119,0.06967681855095936,1816,0,0.1006
71,18246,rx_panda_base,/home/telilab4090/Documents/Gazebo World/my_world/rt_out/experiments/semantic_ablation_actor_200f/sionna_xml/frame_071_sionna.xml,30.0,0.0,0.0,2.4,0.582,0.888,1.195,28000000000.0,26,5.357098764591228e-09,6.284866316264015e-08,5.749156439804892e-08,2.841398156760988e-07,-65.46467905605304,-35.46467905605304,cir_coefficients_tau_mask,,"[1, 1, 1, 1, 26, 1]","[1, 1, 26]","[1, 1, 26]","[1, 1, 26]",,True,,25,5.362193089553102e-08,-35.46776882847284,1,3.8696335025179e-09,0.0030897724197984644,1,0,0,0,0,1,1,1,1.606017745854634,595,1904,3702,0.047687938022217026,0.05269567244045442,0.06958312950087224,1804,0,0.0952
72,18503,rx_panda_base,/home/telilab4090/Documents/Gazebo World/my_world/rt_out/experiments/semantic_ablation_actor_200f/sionna_xml/frame_072_sionna.xml,30.0,0.0,0.0,2.4,0.582,0.888,1.195,28000000000.0,25,5.357098764591228e-09,6.284866316264015e-08,5.749156439804892e-08,2.841370303485746e-07,-65.46472162869638,-35.46472162869638,cir_coefficients_tau_mask,,"[1, 1, 1, 1, 25, 1]","[1, 1, 25]","[1, 1, 25]","[1, 1, 25]",,True,,26,5.749156439804892e-08,-35.46467905605304,-1,0.0,-4.257264333773492e-05,1,1,0,0,0,0,0,0,1.606017745854634,609,1924,3746,0.04873014762017358,0.058464245568330145,0.07277311667500724,1820,0,0.0962
73,18760,rx_panda_base,/home/telilab4090/Documents/Gazebo World/my_world/rt_out/experiments/semantic_ablation_actor_200f/sionna_xml/frame_073_sionna.xml,30.0,0.0,0.0,2.4,0.582,0.888,1.195,28000000000.0,22,5.357098764591228e-09,6.284866316264015e-08,5.749156439804892e-08,2.8376837235555286e-07,-65.47036010840819,-35.47036010840819,cir_coefficients_tau_mask,,"[1, 1, 1, 1, 22, 1]","[1, 1, 22]","[1, 1, 22]","[1, 1, 22]",,True,,25,5.749156439804892e-08,-35.46472162869638,-3,0.0,-0.005638479711805644,1,1,0,0,0,0,0,0,1.606017745854634,607,1968,3799,0.04884314322769458,0.061398215549979526,0.07611398410473251,1872,0,0.0984
74,19017,rx_panda_base,/home/telilab4090/Documents/Gazebo World/my_world/rt_out/experiments/semantic_ablation_actor_200f/sionna_xml/frame_074_sionna.xml,30.0,0.0,0.0,2.4,0.582,0.888,1.195,28000000000.0,24,5.357098764591228e-09,6.284866316264015e-08,5.749156439804892e-08,2.840127706349449e-07,-65.4666213146144,-35.4666213146144,cir_coefficients_tau_mask,,"[1, 1, 1, 1, 24, 1]","[1, 1, 24]","[1, 1, 24]","[1, 1, 24]",,True,,22,5.749156439804892e-08,-35.47036010840819,2,0.0,0.003738793793786499,1,0,0,0,0,0,0,0,1.606017745854634,568,1865,3744,0.0484322393246437,0.05984130913939998,0.07311135357145111,1757,0,0.09325
75,19274,rx_panda_base,/home/telilab4090/Documents/Gazebo World/my_world/rt_out/experiments/semantic_ablation_actor_200f/sionna_xml/frame_075_sionna.xml,30.0,0.0,0.0,2.4,0.582,0.888,1.195,28000000000.0,28,5.357098764591228e-09,5.897902966012225e-08,5.362193089553102e-08,3.0018404117981845e-07,-65.22612400073336,-35.226124000733364,cir_coefficients_tau_mask,,"[1, 1, 1, 1, 28, 1]","[1, 1, 28]","[1, 1, 28]","[1, 1, 28]",,True,,24,5.749156439804892e-08,-35.4666213146144,4,-3.8696335025179e-09,0.24049731388103623,1,0,0,0,0,0,0,0,1.606017745854634,737,2028,3662,0.04854137135795577,0.0560787432332559,0.07095136267974804,1859,0,0.1014
76,19531,rx_panda_base,/home/telilab4090/Documents/Gazebo World/my_world/rt_out/experiments/semantic_ablation_actor_200f/sionna_xml/frame_076_sionna.xml,30.0,0.0,0.0,2.4,0.582,0.888,1.195,28000000000.0,33,5.357098764591228e-09,6.284866316264015e-08,5.749156439804892e-08,3.0587472110710223e-07,-65.14456413624467,-35.14456413624467,cir_coefficients_tau_mask,,"[1, 1, 1, 1, 33, 1]","[1, 1, 33]","[1, 1, 33]","[1, 1, 33]",,True,,28,5.362193089553102e-08,-35.226124000733364,5,3.8696335025179e-09,0.08155986448869612,1,0,0,0,0,1,1,1,1.606017745854634,1228,2536,3356,0.006127644939974443,0.018937818129085994,0.03299872931219833,1924,0,0.1268
77,19788,rx_panda_base,/home/telilab4090/Documents/Gazebo World/my_world/rt_out/experiments/semantic_ablation_actor_200f/sionna_xml/frame_077_sionna.xml,30.0,0.0,0.0,2.4,0.582,0.888,1.195,28000000000.0,31,5.357098764591228e-09,5.897902966012225e-08,5.362193089553102e-08,3.056537991596997e-07,-65.14770201726519,-35.14770201726519,cir_coefficients_tau_mask,,"[1, 1, 1, 1, 31, 1]","[1, 1, 31]","[1, 1, 31]","[1, 1, 31]",,True,,33,5.749156439804892e-08,-35.14456413624467,-2,-3.8696335025179e-09,-0.0031378810205211494,1,1,0,0,0,0,0,0,1.606017745854634,1166,2124,3337,0.005704988965238368,0.019387296545755345,0.030096676489219428,1954,0,0.1062
78,20045,rx_panda_base,/home/telilab4090/Documents/Gazebo World/my_world/rt_out/experiments/semantic_ablation_actor_200f/sionna_xml/frame_078_sionna.xml,30.0,0.0,0.0,2.4,0.582,0.888,1.195,28000000000.0,31,5.357098764591228e-09,5.897902966012225e-08,5.362193089553102e-08,3.0565377073799027e-07,-65.1477024211009,-35.1477024211009,cir_coefficients_tau_mask,,"[1, 1, 1, 1, 31, 1]","[1, 1, 31]","[1, 1, 31]","[1, 1, 31]",,True,,31,5.362193089553102e-08,-35.14770201726519,0,0.0,-4.03835713314038e-07,0,0,0,0,0,0,0,0,1.606017745854634,1140,2089,3256,0.0073527748321166935,0.021715475078140232,0.03431427343240917,1936,0,0.10445
79,20302,rx_panda_base,/home/telilab4090/Documents/Gazebo World/my_world/rt_out/experiments/semantic_ablation_actor_200f/sionna_xml/frame_079_sionna.xml,30.0,0.0,0.0,2.4,0.582,0.888,1.195,28000000000.0,31,5.357098764591228e-09,5.897902966012225e-08,5.362193089553102e-08,3.0565377073799027e-07,-65.1477024211009,-35.1477024211009,cir_coefficients_tau_mask,,"[1, 1, 1, 1, 31, 1]","[1, 1, 31]","[1, 1, 31]","[1, 1, 31]",,True,,31,5.362193089553102e-08,-35.1477024211009,0,0.0,0.0,0,0,0,0,0,0,0,0,1.606017745854634,1130,2045,3285,0.005392181411085467,0.014848077482556756,0.030399533215414415,1903,0,0.10225
80,20559,rx_panda_base,/home/telilab4090/Documents/Gazebo World/my_world/rt_out/experiments/semantic_ablation_actor_200f/sionna_xml/frame_080_sionna.xml,30.0,0.0,0.0,2.4,0.582,0.888,1.195,28000000000.0,33,7.579527228074312e-09,6.382698813922616e-08,5.624746091115185e-08,1.925690895632215e-08,-77.15413422868136,-47.15413422868136,cir_coefficients_tau_mask,,"[1, 1, 1, 1, 33, 1]","[1, 1, 33]","[1, 1, 33]","[1, 1, 33]",,True,,31,5.362193089553102e-08,-35.1477024211009,2,2.625530015620825e-09,-12.006431807580455,1,0,1,1,1,1,1,1,1.606017745854634,1156,2113,3320,0.007481760199189427,0.018827962093870606,0.0318622486763916,2038,0,0.10565
81,20816,rx_panda_base,/home/telilab4090/Documents/Gazebo World/my_world/rt_out/experiments/semantic_ablation_actor_200f/sionna_xml/frame_081_sionna.xml,30.0,0.0,0.0,2.4,0.582,0.888,1.195,28000000000.0,32,7.579527228074312e-09,6.382698813922616e-08,5.624746091115185e-08,1.8475972751730296e-08,-77.3339268692029,-47.3339268692029,cir_coefficients_tau_mask,,"[1, 1, 1, 1, 32, 1]","[1, 1, 32]","[1, 1, 32]","[1, 1, 32]",,True,,33,5.624746091115185e-08,-47.15413422868136,-1,0.0,-0.17979264052154065,1,1,0,0,0,0,0,0,1.606017745854634,1165,2179,3309,0.01335938774707586,0.029309585923134013,0.039862888999806674,2109,0,0.10895
82,21073,rx_panda_base,/home/telilab4090/Documents/Gazebo World/my_world/rt_out/experiments/semantic_ablation_actor_200f/sionna_xml/frame_082_sionna.xml,30.0,0.0,0.0,2.4,0.582,0.888,1.195,28000000000.0,32,7.579527228074312e-09,6.382698813922616e-08,5.624746091115185e-08,1.8475970975373457e-08,-77.33392728675169,-47.33392728675169,cir_coefficients_tau_mask,,"[1, 1, 1, 1, 32, 1]","[1, 1, 32]","[1, 1, 32]","[1, 1, 32]",,True,,32,5.624746091115185e-08,-47.3339268692029,0,0.0,-4.175487902102759e-07,0,0,0,0,0,0,0,0,1.606017745854634,1134,2166,3358,0.0025864638585192303,0.020494992133362682,0.03122616466578183,2127,0,0.1083
83,21330,rx_panda_base,/home/telilab4090/Documents/Gazebo World/my_world/rt_out/experiments/semantic_ablation_actor_200f/sionna_xml/frame_083_sionna.xml,30.0,0.0,0.0,2.4,0.582,0.888,1.195,28000000000.0,31,7.579527228074312e-09,6.382698813922616e-08,5.624746091115185e-08,1.8418464975411553e-08,-77.34746567433824,-47.34746567433824,cir_coefficients_tau_mask,,"[1, 1, 1, 1, 31, 1]","[1, 1, 31]","[1, 1, 31]","[1, 1, 31]",,True,,32,5.624746091115185e-08,-47.33392728675169,-1,0.0,-0.013538387586550016,1,1,0,0,0,0,0,0,1.606017745854634,1126,2144,3286,0.013953994177510391,0.028183422255023342,0.03695063596740455,2121,0,0.1072
84,21587,rx_panda_base,/home/telilab4090/Documents/Gazebo World/my_world/rt_out/experiments/semantic_ablation_actor_200f/sionna_xml/frame_084_sionna.xml,30.0,0.0,0.0,2.4,0.582,0.888,1.195,28000000000.0,31,7.579527228074312e-09,6.382698813922616e-08,5.624746091115185e-08,1.8418466751768392e-08,-77.34746525548579,-47.34746525548579,cir_coefficients_tau_mask,,"[1, 1, 1, 1, 31, 1]","[1, 1, 31]","[1, 1, 31]","[1, 1, 31]",,True,,31,5.624746091115185e-08,-47.34746567433824,0,0.0,4.188524513892844e-07,0,0,0,0,0,0,0,0,1.606017745854634,1167,2128,3287,0.008129560812468812,0.02781939422020212,0.03656506947958233,2089,0,0.1064
85,21844,rx_panda_base,/home/telilab4090/Documents/Gazebo World/my_world/rt_out/experiments/semantic_ablation_actor_200f/sionna_xml/frame_085_sionna.xml,30.0,0.0,0.0,2.4,0.582,0.888,1.195,28000000000.0,31,7.579527228074312e-09,6.382698813922616e-08,5.624746091115185e-08,1.8418464975411553e-08,-77.34746567433824,-47.34746567433824,cir_coefficients_tau_mask,,"[1, 1, 1, 1, 31, 1]","[1, 1, 31]","[1, 1, 31]","[1, 1, 31]",,True,,31,5.624746091115185e-08,-47.34746525548579,0,0.0,-4.188524513892844e-07,0,0,0,0,0,0,0,0,1.606017745854634,1091,2164,3379,0.012085198182319132,0.024937995714249865,0.033168268170164474,2132,0,0.1082
86,22101,rx_panda_base,/home/telilab4090/Documents/Gazebo World/my_world/rt_out/experiments/semantic_ablation_actor_200f/sionna_xml/frame_086_sionna.xml,30.0,0.0,0.0,2.4,0.582,0.888,1.195,28000000000.0,23,7.579527228074312e-09,6.382698813922616e-08,5.624746091115185e-08,1.803630844676718e-08,-77.43852346242849,-47.43852346242849,cir_coefficients_tau_mask,,"[1, 1, 1, 1, 23, 1]","[1, 1, 23]","[1, 1, 23]","[1, 1, 23]",,True,,31,5.624746091115185e-08,-47.34746567433824,-8,0.0,-0.09105778809025367,1,1,0,0,0,0,0,0,1.606017745854634,1184,2235,3274,0.009565928490285454,0.02700318123530024,0.03835586425104518,2230,0,0.11175
87,22358,rx_panda_base,/home/telilab4090/Documents/Gazebo World/my_world/rt_out/experiments/semantic_ablation_actor_200f/sionna_xml/frame_087_sionna.xml,30.0,0.0,0.0,2.4,0.582,0.888,1.195,28000000000.0,25,7.579527228074312e-09,6.382698813922616e-08,5.624746091115185e-08,1.8112373822987138e-08,-77.42024626954657,-47.42024626954657,cir_coefficients_tau_mask,,"[1, 1, 1, 1, 25, 1]","[1, 1, 25]","[1, 1, 25]","[1, 1, 25]",,True,,23,5.624746091115185e-08,-47.43852346242849,2,0.0,0.018277192881924975,1,0,0,0,0,0,0,0,1.606017745854634,1129,2213,3334,0.006089843691694059,0.02738411549494384,0.04007215425439781,2213,0,0.11065
88,22615,rx_panda_base,/home/telilab4090/Documents/Gazebo World/my_world/rt_out/experiments/semantic_ablation_actor_200f/sionna_xml/frame_088_sionna.xml,30.0,0.0,0.0,2.4,0.582,0.888,1.195,28000000000.0,24,7.579527228074312e-09,6.382698813922616e-08,5.624746091115185e-08,1.8093547993203174e-08,-77.42476263279276,-47.42476263279276,cir_coefficients_tau_mask,,"[1, 1, 1, 1, 24, 1]","[1, 1, 24]","[1, 1, 24]","[1, 1, 24]",,True,,25,5.624746091115185e-08,-47.42024626954657,-1,0.0,-0.00451636324619642,1,1,0,0,0,0,0,0,1.606017745854634,1169,2351,3366,0.005491799040987757,0.02283895996380351,0.034770977971946705,2351,0,0.11755
89,22872,rx_panda_base,/home/telilab4090/Documents/Gazebo World/my_world/rt_out/experiments/semantic_ablation_actor_200f/sionna_xml/frame_089_sionna.xml,30.0,0.0,0.0,2.4,0.582,0.888,1.195,28000000000.0,24,7.579527228074312e-09,6.382698813922616e-08,5.624746091115185e-08,1.8093547993203174e-08,-77.42476263279276,-47.42476263279276,cir_coefficients_tau_mask,,"[1, 1, 1, 1, 24, 1]","[1, 1, 24]","[1, 1, 24]","[1, 1, 24]",,True,,24,5.624746091115185e-08,-47.42476263279276,0,0.0,0.0,0,0,0,0,0,0,0,0,1.606017745854634,1119,2304,3314,0.005503960414180931,0.03232664385790962,0.04159610395885981,2303,0,0.1152
90,23129,rx_panda_base,/home/telilab4090/Documents/Gazebo World/my_world/rt_out/experiments/semantic_ablation_actor_200f/sionna_xml/frame_090_sionna.xml,30.0,0.0,0.0,2.4,0.582,0.888,1.195,28000000000.0,24,7.579527228074312e-09,6.382698813922616e-08,5.624746091115185e-08,1.8093551545916853e-08,-77.42476178004469,-47.42476178004469,cir_coefficients_tau_mask,,"[1, 1, 1, 1, 24, 1]","[1, 1, 24]","[1, 1, 24]","[1, 1, 24]",,True,,24,5.624746091115185e-08,-47.42476263279276,0,0.0,8.527480730435855e-07,0,0,0,0,0,0,0,0,1.606017745854634,1151,2317,3320,0.004975821088040147,0.023028225330241864,0.03502478513807247,2317,0,0.11585
91,23386,rx_panda_base,/home/telilab4090/Documents/Gazebo World/my_world/rt_out/experiments/semantic_ablation_actor_200f/sionna_xml/frame_091_sionna.xml,30.0,0.0,0.0,2.4,0.582,0.888,1.195,28000000000.0,24,7.579527228074312e-09,6.382698813922616e-08,5.624746091115185e-08,1.8093547993203174e-08,-77.42476263279276,-47.42476263279276,cir_coefficients_tau_mask,,"[1, 1, 1, 1, 24, 1]","[1, 1, 24]","[1, 1, 24]","[1, 1, 24]",,True,,24,5.624746091115185e-08,-47.42476178004469,0,0.0,-8.527480730435855e-07,0,0,0,0,0,0,0,0,1.606017745854634,1087,2296,3322,0.019088007877792496,0.030694087969400586,0.04080724072311362,2296,0,0.1148
92,23643,rx_panda_base,/home/telilab4090/Documents/Gazebo World/my_world/rt_out/experiments/semantic_ablation_actor_200f/sionna_xml/frame_092_sionna.xml,30.0,0.0,0.0,2.4,0.582,0.888,1.195,28000000000.0,23,7.579527228074312e-09,6.284866316264015e-08,5.526913593456584e-08,1.8049712835477294e-08,-77.43529703174372,-47.435297031743715,cir_coefficients_tau_mask,,"[1, 1, 1, 1, 23, 1]","[1, 1, 23]","[1, 1, 23]","[1, 1, 23]",,True,,24,5.624746091115185e-08,-47.42476263279276,-1,-9.783249765860091e-10,-0.010534398950952095,1,1,0,0,0,0,0,0,1.606017745854634,1173,2372,3347,0.006429314694742785,0.026868984962151083,0.03507344615249515,2372,0,0.1186
93,23900,rx_panda_base,/home/telilab4090/Documents/Gazebo World/my_world/rt_out/experiments/semantic_ablation_actor_200f/sionna_xml/frame_093_sionna.xml,30.0,0.0,0.0,2.4,0.582,0.888,1.195,28000000000.0,23,7.579527228074312e-09,6.284866316264015e-08,5.526913593456584e-08,1.8049711059120455e-08,-77.4352974591533,-47.435297459153304,cir_coefficients_tau_mask,,"[1, 1, 1, 1, 23, 1]","[1, 1, 23]","[1, 1, 23]","[1, 1, 23]",,True,,23,5.526913593456584e-08,-47.435297031743715,0,0.0,-4.2740958861031686e-07,0,0,0,0,0,0,0,0,1.606017745854634,1188,2322,3301,0.003367171569359172,0.024000534580414463,0.03496310778048567,2322,0,0.1161
94,24157,rx_panda_base,/home/telilab4090/Documents/Gazebo World/my_world/rt_out/experiments/semantic_ablation_actor_200f/sionna_xml/frame_094_sionna.xml,30.0,0.0,0.0,2.4,0.582,0.888,1.195,28000000000.0,21,7.579527228074312e-09,6.284866316264015e-08,5.526913593456584e-08,1.8028066151032363e-08,-77.44050857025753,-47.440508570257535,cir_coefficients_tau_mask,,"[1, 1, 1, 1, 21, 1]","[1, 1, 21]","[1, 1, 21]","[1, 1, 21]",,True,,23,5.526913593456584e-08,-47.435297459153304,-2,0.0,-0.005211111104230781,1,1,0,0,0,0,0,0,1.606017745854634,1141,2421,3337,0.0033483593599896427,0.030043999680819534,0.03931007218236369,2421,0,0.12105
95,24414,rx_panda_base,/home/telilab4090/Documents/Gazebo World/my_world/rt_out/experiments/semantic_ablation_actor_200f/sionna_xml/frame_095_sionna.xml,30.0,0.0,0.0,2.4,0.582,0.888,1.195,28000000000.0,21,7.579527228074312e-09,6.284866316264015e-08,5.526913593456584e-08,1.8028067927389202e-08,-77.4405081423348,-47.44050814233481,cir_coefficients_tau_mask,,"[1, 1, 1, 1, 21, 1]","[1, 1, 21]","[1, 1, 21]","[1, 1, 21]",,True,,21,5.526913593456584e-08,-47.440508570257535,0,0.0,4.279227283632281e-07,0,0,0,0,0,0,0,0,1.606017745854634,1227,2440,3364,0.005569792664884783,0.02423808788776745,0.036574524578554486,2440,0,0.122
96,24671,rx_panda_base,/home/telilab4090/Documents/Gazebo World/my_world/rt_out/experiments/semantic_ablation_actor_200f/sionna_xml/frame_096_sionna.xml,30.0,0.0,0.0,2.4,0.582,0.888,1.195,28000000000.0,21,7.579527228074312e-09,6.284866316264015e-08,5.526913593456584e-08,1.8028064374675523e-08,-77.44050899818032,-47.44050899818032,cir_coefficients_tau_mask,,"[1, 1, 1, 1, 21, 1]","[1, 1, 21]","[1, 1, 21]","[1, 1, 21]",,True,,21,5.526913593456584e-08,-47.44050814233481,0,0.0,-8.55845513569875e-07,0,0,0,0,0,0,0,0,1.606017745854634,1148,2331,3264,0.010532598597351554,0.028333754251468918,0.03804031692312727,2331,0,0.11655
97,24928,rx_panda_base,/home/telilab4090/Documents/Gazebo World/my_world/rt_out/experiments/semantic_ablation_actor_200f/sionna_xml/frame_097_sionna.xml,30.0,0.0,0.0,2.4,0.582,0.888,1.195,28000000000.0,23,7.579527228074312e-09,6.284866316264015e-08,5.526913593456584e-08,1.8104124421824963e-08,-77.42222474324741,-47.42222474324741,cir_coefficients_tau_mask,,"[1, 1, 1, 1, 23, 1]","[1, 1, 23]","[1, 1, 23]","[1, 1, 23]",,True,,21,5.526913593456584e-08,-47.44050899818032,2,0.0,0.018284254932908084,1,0,0,0,0,0,0,0,1.606017745854634,1123,2392,3337,0.008045572666256929,0.030585106122802068,0.041011006730503154,2392,0,0.1196
98,25185,rx_panda_base,/home/telilab4090/Documents/Gazebo World/my_world/rt_out/experiments/semantic_ablation_actor_200f/sionna_xml/frame_098_sionna.xml,30.0,0.0,0.0,2.4,0.582,0.888,1.195,28000000000.0,23,7.579527228074312e-09,6.284866316264015e-08,5.526913593456584e-08,1.808245286838428e-08,-77.42742658210788,-47.427426582107884,cir_coefficients_tau_mask,,"[1, 1, 1, 1, 23, 1]","[1, 1, 23]","[1, 1, 23]","[1, 1, 23]",,True,,23,5.526913593456584e-08,-47.42222474324741,0,0.0,-0.005201838860472208,0,0,0,0,0,0,0,0,1.606017745854634,1151,2385,3290,0.010374942369565774,0.02858738804404563,0.03931995719518543,2385,0,0.11925
99,25442,rx_panda_base,/home/telilab4090/Documents/Gazebo World/my_world/rt_out/experiments/semantic_ablation_actor_200f/sionna_xml/frame_099_sionna.xml,30.0,0.0,0.0,2.4,0.582,0.888,1.195,28000000000.0,23,7.579527228074312e-09,6.284866316264015e-08,5.526913593456584e-08,1.808245464474112e-08,-77.42742615547222,-47.42742615547222,cir_coefficients_tau_mask,,"[1, 1, 1, 1, 23, 1]","[1, 1, 23]","[1, 1, 23]","[1, 1, 23]",,True,,23,5.526913593456584e-08,-47.427426582107884,0,0.0,4.2663566546252696e-07,0,0,0,0,0,0,0,0,1.606017745854634,1156,2351,3309,0.017334053702736232,0.0329019514560613,0.04035137904631306,2351,0,0.11755
100,25698,rx_panda_base,/home/telilab4090/Documents/Gazebo World/my_world/rt_out/experiments/semantic_ablation_actor_200f/sionna_xml/frame_100_sionna.xml,30.0,0.0,0.0,2.4,0.582,0.888,1.195,28000000000.0,23,7.579527228074312e-09,6.284866316264015e-08,5.526913593456584e-08,1.808245286838428e-08,-77.42742658210788,-47.427426582107884,cir_coefficients_tau_mask,,"[1, 1, 1, 1, 23, 1]","[1, 1, 23]","[1, 1, 23]","[1, 1, 23]",,True,,23,5.526913593456584e-08,-47.42742615547222,0,0.0,-4.2663566546252696e-07,0,0,0,0,0,0,0,0,1.606017745854634,1113,2315,3246,0.0030288768120364444,0.028840754752213066,0.03965807077775187,2315,0,0.11575
101,25955,rx_panda_base,/home/telilab4090/Documents/Gazebo World/my_world/rt_out/experiments/semantic_ablation_actor_200f/sionna_xml/frame_101_sionna.xml,30.0,0.0,0.0,2.4,0.582,0.888,1.195,28000000000.0,23,7.579527228074312e-09,6.284866316264015e-08,5.526913593456584e-08,1.808245286838428e-08,-77.42742658210788,-47.427426582107884,cir_coefficients_tau_mask,,"[1, 1, 1, 1, 23, 1]","[1, 1, 23]","[1, 1, 23]","[1, 1, 23]",,True,,23,5.526913593456584e-08,-47.427426582107884,0,0.0,0.0,0,0,0,0,0,0,0,0,1.606017745854634,1180,2347,3276,0.019672178461216848,0.029552930532981202,0.03902266427686621,2347,0,0.11735
102,26212,rx_panda_base,/home/telilab4090/Documents/Gazebo World/my_world/rt_out/experiments/semantic_ablation_actor_200f/sionna_xml/frame_102_sionna.xml,30.0,0.0,0.0,2.4,0.582,0.888,1.195,28000000000.0,23,7.579527228074312e-09,6.284866316264015e-08,5.526913593456584e-08,1.808245642109796e-08,-77.4274257288366,-47.427425728836596,cir_coefficients_tau_mask,,"[1, 1, 1, 1, 23, 1]","[1, 1, 23]","[1, 1, 23]","[1, 1, 23]",,True,,23,5.526913593456584e-08,-47.427426582107884,0,0.0,8.532712882924898e-07,0,0,0,0,0,0,0,0,1.606017745854634,1130,2363,3352,0.010955942262693016,0.025716112190727985,0.03512229703419275,2363,0,0.11815
103,26469,rx_panda_base,/home/telilab4090/Documents/Gazebo World/my_world/rt_out/experiments/semantic_ablation_actor_200f/sionna_xml/frame_103_sionna.xml,30.0,0.0,0.0,2.4,0.582,0.888,1.195,28000000000.0,21,7.579527228074312e-09,6.284866316264015e-08,5.526913593456584e-08,1.802806970374604e-08,-77.4405077144121,-47.44050771441211,cir_coefficients_tau_mask,,"[1, 1, 1, 1, 21, 1]","[1, 1, 21]","[1, 1, 21]","[1, 1, 21]",,True,,23,5.526913593456584e-08,-47.427425728836596,-2,0.0,-0.013081985575510657,1,1,0,0,0,0,0,0,1.606017745854634,1164,2344,3293,0.008339381788772526,0.030753044514719014,0.04093774702598459,2344,0,0.1172
104,26726,rx_panda_base,/home/telilab4090/Documents/Gazebo World/my_world/rt_out/experiments/semantic_ablation_actor_200f/sionna_xml/frame_104_sionna.xml,30.0,0.0,0.0,2.4,0.582,0.888,1.195,28000000000.0,21,7.579527228074312e-09,6.284866316264015e-08,5.526913593456584e-08,1.8028064374675523e-08,-77.44050899818032,-47.44050899818032,cir_coefficients_tau_mask,,"[1, 1, 1, 1, 21, 1]","[1, 1, 21]","[1, 1, 21]","[1, 1, 21]",,True,,21,5.526913593456584e-08,-47.44050771441211,0,0.0,-1.2837682135113937e-06,0,0,0,0,0,0,0,0,1.606017745854634,1196,2335,3345,0.009631008329995175,0.02636808225244368,0.03652504546239468,2335,0,0.11675
105,26983,rx_panda_base,/home/telilab4090/Documents/Gazebo World/my_world/rt_out/experiments/semantic_ablation_actor_200f/sionna_xml/frame_105_sionna.xml,30.0,0.0,0.0,2.4,0.582,0.888,1.195,28000000000.0,24,7.579527228074312e-09,6.284866316264015e-08,5.526913593456584e-08,1.8085279052115766e-08,-77.42674785776619,-47.42674785776619,cir_coefficients_tau_mask,,"[1, 1, 1, 1, 24, 1]","[1, 1, 24]","[1, 1, 24]","[1, 1, 24]",,True,,21,5.526913593456584e-08,-47.44050899818032,3,0.0,0.013761140414132456,1,0,0,0,0,0,0,0,1.606017745854634,1128,2291,3310,0.014944344992094738,0.03162890375141633,0.042883371440527514,2291,0,0.11455
106,27240,rx_panda_base,/home/telilab4090/Documents/Gazebo World/my_world/rt_out/experiments/semantic_ablation_actor_200f/sionna_xml/frame_106_sionna.xml,30.0,0.0,0.0,2.4,0.582,0.888,1.195,28000000000.0,24,7.579527228074312e-09,6.284866316264015e-08,5.526913593456584e-08,1.8085277275758926e-08,-77.42674828433523,-47.42674828433523,cir_coefficients_tau_mask,,"[1, 1, 1, 1, 24, 1]","[1, 1, 24]","[1, 1, 24]","[1, 1, 24]",,True,,24,5.526913593456584e-08,-47.42674785776619,0,0.0,-4.265690449756221e-07,0,0,0,0,0,0,0,0,1.606017745854634,1160,2378,3431,0.004275205913480938,0.024136514965469057,0.03649734369224662,2378,0,0.1189
107,27497,rx_panda_base,/home/telilab4090/Documents/Gazebo World/my_world/rt_out/experiments/semantic_ablation_actor_200f/sionna_xml/frame_107_sionna.xml,30.0,0.0,0.0,2.4,0.582,0.888,1.195,28000000000.0,24,7.579527228074312e-09,6.284866316264015e-08,5.526913593456584e-08,1.8085280828472605e-08,-77.42674743119719,-47.426747431197185,cir_coefficients_tau_mask,,"[1, 1, 1, 1, 24, 1]","[1, 1, 24]","[1, 1, 24]","[1, 1, 24]",,True,,24,5.526913593456584e-08,-47.42674828433523,0,0.0,8.5313804731868e-07,0,0,0,0,0,0,0,0,1.606017745854634,1187,2328,3388,0.014335609057089648,0.028282990842200185,0.03840087111051358,2328,0,0.1164
108,27754,rx_panda_base,/home/telilab4090/Documents/Gazebo World/my_world/rt_out/experiments/semantic_ablation_actor_200f/sionna_xml/frame_108_sionna.xml,30.0,0.0,0.0,2.4,0.582,0.888,1.195,28000000000.0,23,7.579527228074312e-09,6.284866316264015e-08,5.526913593456584e-08,1.8066453222331802e-08,-77.43127099080412,-47.43127099080412,cir_coefficients_tau_mask,,"[1, 1, 1, 1, 23, 1]","[1, 1, 23]","[1, 1, 23]","[1, 1, 23]",,True,,24,5.526913593456584e-08,-47.426747431197185,-1,0.0,-0.004523559606937511,1,1,0,0,0,0,0,0,1.606017745854634,1176,2385,3417,0.005058828825863624,0.02743346472132251,0.04028900839459439,2385,0,0.11925
109,28011,rx_panda_base,/home/telilab4090/Documents/Gazebo World/my_world/rt_out/experiments/semantic_ablation_actor_200f/sionna_xml/frame_109_sionna.xml,30.0,0.0,0.0,2.4,0.582,0.888,1.195,28000000000.0,24,7.579527228074312e-09,6.284866316264015e-08,5.526913593456584e-08,1.8123692768767796e-08,-77.41753308551986,-47.417533085519864,cir_coefficients_tau_mask,,"[1, 1, 1, 1, 24, 1]","[1, 1, 24]","[1, 1, 24]","[1, 1, 24]",,True,,23,5.526913593456584e-08,-47.43127099080412,1,0.0,0.013737905284259,1,0,0,0,0,0,0,0,1.606017745854634,1166,2354,3617,0.004667355496829495,0.018876098783220482,0.031068838341965083,2345,0,0.1177
110,28268,rx_panda_base,/home/telilab4090/Documents/Gazebo World/my_world/rt_out/experiments/semantic_ablation_actor_200f/sionna_xml/frame_110_sionna.xml,30.0,0.0,0.0,2.4,0.582,0.888,1.195,28000000000.0,25,7.579527228074312e-09,6.284866316264015e-08,5.526913593456584e-08,1.814251504583808e-08,-77.41302508079865,-47.41302508079865,cir_coefficients_tau_mask,,"[1, 1, 1, 1, 25, 1]","[1, 1, 25]","[1, 1, 25]","[1, 1, 25]",,True,,24,5.526913593456584e-08,-47.417533085519864,1,0.0,0.004508004721216707,1,0,0,0,0,0,0,0,1.606017745854634,1225,2792,3782,0.0071393767788523145,0.019016173345660966,0.029318850589920925,2792,0,0.1396
111,28525,rx_panda_base,/home/telilab4090/Documents/Gazebo World/my_world/rt_out/experiments/semantic_ablation_actor_200f/sionna_xml/frame_111_sionna.xml,30.0,0.0,0.0,2.4,0.582,0.888,1.195,28000000000.0,21,7.579527228074312e-09,6.284866316264015e-08,5.526913593456584e-08,1.7556981646293934e-08,-77.55550144866817,-47.55550144866817,cir_coefficients_tau_mask,,"[1, 1, 1, 1, 21, 1]","[1, 1, 21]","[1, 1, 21]","[1, 1, 21]",,True,,25,5.526913593456584e-08,-47.41302508079865,-4,0.0,-0.14247636786952,1,1,0,0,0,0,0,0,1.606017745854634,1204,3248,3679,0.010183902349582837,0.020201316810307762,0.031166129418897466,3248,0,0.1624
112,28782,rx_panda_base,/home/telilab4090/Documents/Gazebo World/my_world/rt_out/experiments/semantic_ablation_actor_200f/sionna_xml/frame_112_sionna.xml,30.0,0.0,0.0,2.4,0.582,0.888,1.195,28000000000.0,23,7.579527228074312e-09,6.284866316264015e-08,5.526913593456584e-08,1.8104358900927764e-08,-77.42216849511377,-47.422168495113766,cir_coefficients_tau_mask,,"[1, 1, 1, 1, 23, 1]","[1, 1, 23]","[1, 1, 23]","[1, 1, 23]",,True,,21,5.526913593456584e-08,-47.55550144866817,2,0.0,0.133332953554401,1,0,0,0,0,0,0,0,1.606017745854634,1249,3196,3700,0.007917400620018803,0.021645549139059705,0.03288768863788575,3196,0,0.1598
113,29039,rx_panda_base,/home/telilab4090/Documents/Gazebo World/my_world/rt_out/experiments/semantic_ablation_actor_200f/sionna_xml/frame_113_sionna.xml,30.0,0.0,0.0,2.4,0.582,0.888,1.195,28000000000.0,23,7.579526339895892e-09,6.284866316264015e-08,5.526913682274426e-08,1.8104357124570924e-08,-77.42216892123325,-47.42216892123325,cir_coefficients_tau_mask,,"[1, 1, 1, 1, 23, 1]","[1, 1, 23]","[1, 1, 23]","[1, 1, 23]",,True,,23,5.526913593456584e-08,-47.422168495113766,0,8.881784197001252e-16,-4.261194845867067e-07,0,0,0,0,0,0,0,0,1.606017745854634,1254,3310,3774,0.00791682293321631,0.020344879656659223,0.03122829634682637,3310,0,0.1655
114,29296,rx_panda_base,/home/telilab4090/Documents/Gazebo World/my_world/rt_out/experiments/semantic_ablation_actor_200f/sionna_xml/frame_114_sionna.xml,30.0,0.0,0.0,2.4,0.582,0.888,1.195,28000000000.0,24,7.579527228074312e-09,6.284866316264015e-08,5.526913593456584e-08,1.8123692768767796e-08,-77.41753308551986,-47.417533085519864,cir_coefficients_tau_mask,,"[1, 1, 1, 1, 24, 1]","[1, 1, 24]","[1, 1, 24]","[1, 1, 24]",,True,,23,5.526913682274426e-08,-47.42216892123325,1,-8.881784197001252e-16,0.004635835713386882,1,0,0,0,0,0,0,0,1.606017745854634,1198,3095,3677,0.0077555932715813805,0.02223607480317438,0.03153240926477077,3095,0,0.15475
115,29553,rx_panda_base,/home/telilab4090/Documents/Gazebo World/my_world/rt_out/experiments/semantic_ablation_actor_200f/sionna_xml/frame_115_sionna.xml,30.0,0.0,0.0,2.4,0.582,0.888,1.195,28000000000.0,29,7.579527228074312e-09,6.284866316264015e-08,5.526913593456584e-08,1.821448769590006e-08,-77.39583039298407,-47.39583039298407,cir_coefficients_tau_mask,,"[1, 1, 1, 1, 29, 1]","[1, 1, 29]","[1, 1, 29]","[1, 1, 29]",,True,,24,5.526913593456584e-08,-47.417533085519864,5,0.0,0.02170269253579704,1,0,0,0,0,0,0,0,1.606017745854634,1215,2684,3593,0.01366175835645306,0.02541616171491879,0.03536692554850333,2682,0,0.1342
116,29810,rx_panda_base,/home/telilab4090/Documents/Gazebo World/my_world/rt_out/experiments/semantic_ablation_actor_200f/sionna_xml/frame_116_sionna.xml,30.0,0.0,0.0,2.4,0.582,0.888,1.195,28000000000.0,27,7.579527228074312e-09,6.284866316264015e-08,5.526913593456584e-08,1.8176097071886943e-08,-77.40499366554887,-47.40499366554887,cir_coefficients_tau_mask,,"[1, 1, 1, 1, 27, 1]","[1, 1, 27]","[1, 1, 27]","[1, 1, 27]",,True,,29,5.526913593456584e-08,-47.39583039298407,-2,0.0,-0.009163272564805425,1,1,0,0,0,0,0,0,1.606017745854634,1180,2469,3477,0.009356207140170238,0.024472089295184015,0.033364997160316524,2450,0,0.12345
117,30067,rx_panda_base,/home/telilab4090/Documents/Gazebo World/my_world/rt_out/experiments/semantic_ablation_actor_200f/sionna_xml/frame_117_sionna.xml,30.0,0.0,0.0,2.4,0.582,0.888,1.195,28000000000.0,26,7.579527228074312e-09,6.284866316264015e-08,5.526913593456584e-08,1.8157274794816658e-08,-77.40949333699677,-47.409493336996775,cir_coefficients_tau_mask,,"[1, 1, 1, 1, 26, 1]","[1, 1, 26]","[1, 1, 26]","[1, 1, 26]",,True,,27,5.526913593456584e-08,-47.40499366554887,-1,0.0,-0.004499671447902642,1,1,0,0,0,0,0,0,1.606017745854634,1207,2496,3565,0.017682256902805112,0.027478538695035637,0.035587197740406126,2483,0,0.1248
118,30324,rx_panda_base,/home/telilab4090/Documents/Gazebo World/my_world/rt_out/experiments/semantic_ablation_actor_200f/sionna_xml/frame_118_sionna.xml,30.0,0.0,0.0,2.4,0.582,0.888,1.195,28000000000.0,28,7.579527228074312e-09,6.284866316264015e-08,5.526913593456584e-08,1.8195665418829776e-08,-77.4003205755828,-47.400320575582796,cir_coefficients_tau_mask,,"[1, 1, 1, 1, 28, 1]","[1, 1, 28]","[1, 1, 28]","[1, 1, 28]",,True,,26,5.526913593456584e-08,-47.409493336996775,2,0.0,0.009172761413978492,1,0,0,0,0,0,0,0,1.606017745854634,1211,2493,4034,0.0019177119550109784,0.02071745567574662,0.032413824101856295,2469,0,0.12465
119,30581,rx_panda_base,/home/telilab4090/Documents/Gazebo World/my_world/rt_out/experiments/semantic_ablation_actor_200f/sionna_xml/frame_119_sionna.xml,30.0,0.0,0.0,2.4,0.582,0.888,1.195,28000000000.0,29,7.579527228074312e-09,6.284866316264015e-08,5.526913593456584e-08,1.821448769590006e-08,-77.39583039298407,-47.39583039298407,cir_coefficients_tau_mask,,"[1, 1, 1, 1, 29, 1]","[1, 1, 29]","[1, 1, 29]","[1, 1, 29]",,True,,28,5.526913593456584e-08,-47.400320575582796,1,0.0,0.004490182598729575,1,0,0,0,0,0,0,0,1.606017745854634,1205,2532,3309,0.015691493777535388,0.026174308219534665,0.034350518987660575,2509,0,0.1266
120,30838,rx_panda_base,/home/telilab4090/Documents/Gazebo World/my_world/rt_out/experiments/semantic_ablation_actor_200f/sionna_xml/frame_120_sionna.xml,30.0,0.0,0.0,2.4,0.582,0.888,1.195,28000000000.0,30,7.579527228074312e-09,6.284866316264015e-08,5.526913593456584e-08,2.416249600400988e-08,-76.16858204786944,-46.168582047869435,cir_coefficients_tau_mask,,"[1, 1, 1, 1, 30, 1]","[1, 1, 30]","[1, 1, 30]","[1, 1, 30]",,True,,29,5.526913593456584e-08,-47.39583039298407,1,0.0,1.2272483451146314,1,0,0,0,0,0,0,0,1.606017745854634,1182,2284,3277,0.003486502467631989,0.020152342159063582,0.02977316699875004,2197,0,0.1142
121,31095,rx_panda_base,/home/telilab4090/Documents/Gazebo World/my_world/rt_out/experiments/semantic_ablation_actor_200f/sionna_xml/frame_121_sionna.xml,30.0,0.0,0.0,2.4,0.582,0.888,1.195,28000000000.0,31,7.579527228074312e-09,5.897902966012225e-08,5.139950243204794e-08,2.4417996513648177e-08,-76.12289972609072,-46.12289972609072,cir_coefficients_tau_mask,,"[1, 1, 1, 1, 31, 1]","[1, 1, 31]","[1, 1, 31]","[1, 1, 31]",,True,,30,5.526913593456584e-08,-46.168582047869435,1,-3.8696335025179e-09,0.04568232177871323,1,0,0,0,0,0,0,0,1.606017745854634,1214,2297,4013,0.004448581803969008,0.016992217847327983,0.02515530203399084,2129,0,0.11485
122,31352,rx_panda_base,/home/telilab4090/Documents/Gazebo World/my_world/rt_out/experiments/semantic_ablation_actor_200f/sionna_xml/frame_122_sionna.xml,30.0,0.0,0.0,2.4,0.582,0.888,1.195,28000000000.0,29,7.579527228074312e-09,5.897902966012225e-08,5.139950243204794e-08,2.4158316236366773e-08,-76.16933338044991,-46.16933338044991,cir_coefficients_tau_mask,,"[1, 1, 1, 1, 29, 1]","[1, 1, 29]","[1, 1, 29]","[1, 1, 29]",,True,,31,5.139950243204794e-08,-46.12289972609072,-2,0.0,-0.04643365435919122,1,1,0,0,0,0,0,0,1.606017745854634,1229,2316,3337,0.0069816869492377795,0.01579866620686916,0.024806089133219897,2058,0,0.1158
123,31609,rx_panda_base,/home/telilab4090/Documents/Gazebo World/my_world/rt_out/experiments/semantic_ablation_actor_200f/sionna_xml/frame_123_sionna.xml,30.0,0.0,0.0,2.4,0.582,0.888,1.195,28000000000.0,29,7.579527228074312e-09,5.897902966012225e-08,5.139950243204794e-08,2.4158316236366773e-08,-76.16933338044991,-46.16933338044991,cir_coefficients_tau_mask,,"[1, 1, 1, 1, 29, 1]","[1, 1, 29]","[1, 1, 29]","[1, 1, 29]",,True,,29,5.139950243204794e-08,-46.16933338044991,0,0.0,0.0,0,0,0,0,0,0,0,0,1.606017745854634,1209,2248,3390,0.008961759932042585,0.01660644639502396,0.0226318315957141,2006,0,0.1124
124,31866,rx_panda_base,/home/telilab4090/Documents/Gazebo World/my_world/rt_out/experiments/semantic_ablation_actor_200f/sionna_xml/frame_124_sionna.xml,30.0,0.0,0.0,2.4,0.582,0.888,1.195,28000000000.0,29,7.579527228074312e-09,5.897902966012225e-08,5.139950243204794e-08,2.4158310907296254e-08,-76.16933433845799,-46.169334338457986,cir_coefficients_tau_mask,,"[1, 1, 1, 1, 29, 1]","[1, 1, 29]","[1, 1, 29]","[1, 1, 29]",,True,,29,5.139950243204794e-08,-46.16933338044991,0,0.0,-9.580080728710527e-07,0,0,0,0,0,0,0,0,1.606017745854634,1157,2206,3240,0.008117605910692296,0.01614974810924189,0.02408709025192505,1960,0,0.1103
125,32123,rx_panda_base,/home/telilab4090/Documents/Gazebo World/my_world/rt_out/experiments/semantic_ablation_actor_200f/sionna_xml/frame_125_sionna.xml,30.0,0.0,0.0,2.4,0.582,0.888,1.195,28000000000.0,29,7.579527228074312e-09,5.897902966012225e-08,5.139950243204794e-08,2.4158314460009933e-08,-76.16933369978591,-46.16933369978591,cir_coefficients_tau_mask,,"[1, 1, 1, 1, 29, 1]","[1, 1, 29]","[1, 1, 29]","[1, 1, 29]",,True,,29,5.139950243204794e-08,-46.169334338457986,0,0.0,6.386720770024112e-07,0,0,0,0,0,0,0,0,1.606017745854634,1174,2273,3360,0.00517472172454725,0.017754219302617055,0.026432558138499398,1970,0,0.11365
126,32380,rx_panda_base,/home/telilab4090/Documents/Gazebo World/my_world/rt_out/experiments/semantic_ablation_actor_200f/sionna_xml/frame_126_sionna.xml,30.0,0.0,0.0,2.4,0.582,0.888,1.195,28000000000.0,28,8.163323350629526e-09,6.284866316264015e-08,5.4685339812010625e-08,2.7825082238308596e-09,-85.55563543414068,-55.55563543414068,cir_coefficients_tau_mask,,"[1, 1, 1, 1, 28, 1]","[1, 1, 28]","[1, 1, 28]","[1, 1, 28]",,True,,29,5.139950243204794e-08,-46.16933369978591,-1,3.285837379962686e-09,-9.386301734354774,1,1,1,1,1,1,1,1,1.606017745854634,1295,2332,3336,0.0039819118377443005,0.012111936465653662,0.020479270395729828,1937,0,0.1166
127,32637,rx_panda_base,/home/telilab4090/Documents/Gazebo World/my_world/rt_out/experiments/semantic_ablation_actor_200f/sionna_xml/frame_127_sionna.xml,30.0,0.0,0.0,2.4,0.582,0.888,1.195,28000000000.0,23,8.163323350629526e-09,6.284866316264015e-08,5.4685339812010625e-08,2.6883646420117202e-09,-85.70511825174316,-55.70511825174316,cir_coefficients_tau_mask,,"[1, 1, 1, 1, 23, 1]","[1, 1, 23]","[1, 1, 23]","[1, 1, 23]",,True,,28,5.4685339812010625e-08,-55.55563543414068,-5,0.0,-0.1494828176024754,1,1,0,0,0,0,0,0,1.606017745854634,1219,2316,3265,0.002289824654474015,0.014012899298344293,0.021501673099900535,1857,0,0.1158
128,32894,rx_panda_base,/home/telilab4090/Documents/Gazebo World/my_world/rt_out/experiments/semantic_ablation_actor_200f/sionna_xml/frame_128_sionna.xml,30.0,0.0,0.0,2.4,0.582,0.888,1.195,28000000000.0,23,8.163323350629526e-09,6.284866316264015e-08,5.4685339812010625e-08,2.68836553019014e-09,-85.70511681692693,-55.70511681692693,cir_coefficients_tau_mask,,"[1, 1, 1, 1, 23, 1]","[1, 1, 23]","[1, 1, 23]","[1, 1, 23]",,True,,23,5.4685339812010625e-08,-55.70511825174316,0,0.0,1.434816226719704e-06,0,0,0,0,0,0,0,0,1.606017745854634,1360,2833,3832,0.004151554994016882,0.01217457657523895,0.021150811564181467,1948,0,0.14165
129,33151,rx_panda_base,/home/telilab4090/Documents/Gazebo World/my_world/rt_out/experiments/semantic_ablation_actor_200f/sionna_xml/frame_129_sionna.xml,30.0,0.0,0.0,2.4,0.582,0.888,1.195,28000000000.0,23,8.163323350629526e-09,6.284866316264015e-08,5.4685339812010625e-08,2.68836508610093e-09,-85.70511753433499,-55.70511753433499,cir_coefficients_tau_mask,,"[1, 1, 1, 1, 23, 1]","[1, 1, 23]","[1, 1, 23]","[1, 1, 23]",,True,,23,5.4685339812010625e-08,-55.70511681692693,0,0.0,-7.174080565164331e-07,0,0,0,0,0,0,0,0,1.606017745854634,1304,2689,3657,0.000702221204745002,0.01562580006353441,0.023189767699790805,1816,0,0.13445
130,33408,rx_panda_base,/home/telilab4090/Documents/Gazebo World/my_world/rt_out/experiments/semantic_ablation_actor_200f/sionna_xml/frame_130_sionna.xml,30.0,0.0,0.0,2.4,0.582,0.888,1.195,28000000000.0,23,8.163323350629526e-09,6.284866316264015e-08,5.4685339812010625e-08,2.68836553019014e-09,-85.70511681692693,-55.70511681692693,cir_coefficients_tau_mask,,"[1, 1, 1, 1, 23, 1]","[1, 1, 23]","[1, 1, 23]","[1, 1, 23]",,True,,23,5.4685339812010625e-08,-55.70511753433499,0,0.0,7.174080565164331e-07,0,0,0,0,0,0,0,0,1.606017745854634,1353,2816,3846,0.003636847680249826,0.011129607196690329,0.019942764978281582,1878,0,0.1408
131,33665,rx_panda_base,/home/telilab4090/Documents/Gazebo World/my_world/rt_out/experiments/semantic_ablation_actor_200f/sionna_xml/frame_131_sionna.xml,30.0,0.0,0.0,2.4,0.582,0.888,1.195,28000000000.0,23,8.163323350629526e-09,6.284866316264015e-08,5.4685339812010625e-08,2.688364864056325e-09,-85.70511789303906,-55.70511789303906,cir_coefficients_tau_mask,,"[1, 1, 1, 1, 23, 1]","[1, 1, 23]","[1, 1, 23]","[1, 1, 23]",,True,,23,5.4685339812010625e-08,-55.70511681692693,0,0.0,-1.0761121274072138e-06,0,0,0,0,0,0,0,0,1.606017745854634,1320,2755,3681,0.006218110338874559,0.010470289515473043,0.02023508219917057,1808,0,0.13775
132,33922,rx_panda_base,/home/telilab4090/Documents/Gazebo World/my_world/rt_out/experiments/semantic_ablation_actor_200f/sionna_xml/frame_132_sionna.xml,30.0,0.0,0.0,2.4,0.582,0.888,1.195,28000000000.0,23,5.357098764591228e-09,6.284866316264015e-08,5.749156439804892e-08,2.8408337016117e-07,-65.46554188517912,-35.46554188517912,cir_coefficients_tau_mask,,"[1, 1, 1, 1, 23, 1]","[1, 1, 23]","[1, 1, 23]","[1, 1, 23]",,True,,23,5.4685339812010625e-08,-55.70511789303906,0,2.8062245860382973e-09,20.239576007859938,0,0,0,0,0,1,1,1,1.606017745854634,1071,2064,3605,0.054581626528398444,0.061318069214828096,0.06741278802515976,1759,0,0.1032
133,34179,rx_panda_base,/home/telilab4090/Documents/Gazebo World/my_world/rt_out/experiments/semantic_ablation_actor_200f/sionna_xml/frame_133_sionna.xml,30.0,0.0,0.0,2.4,0.582,0.888,1.195,28000000000.0,23,5.357098764591228e-09,6.284866316264015e-08,5.749156439804892e-08,2.8408337016117e-07,-65.46554188517912,-35.46554188517912,cir_coefficients_tau_mask,,"[1, 1, 1, 1, 23, 1]","[1, 1, 23]","[1, 1, 23]","[1, 1, 23]",,True,,23,5.749156439804892e-08,-35.46554188517912,0,0.0,0.0,0,0,0,0,0,0,0,0,1.606017745854634,1005,1996,3516,0.0541228701329728,0.06157469630594285,0.06980143922526058,1662,0,0.0998
134,34436,rx_panda_base,/home/telilab4090/Documents/Gazebo World/my_world/rt_out/experiments/semantic_ablation_actor_200f/sionna_xml/frame_134_sionna.xml,30.0,0.0,0.0,2.4,0.582,0.888,1.195,28000000000.0,24,5.357098764591228e-09,6.284866316264015e-08,5.749156439804892e-08,2.841406399056723e-07,-65.46466645810595,-35.46466645810595,cir_coefficients_tau_mask,,"[1, 1, 1, 1, 24, 1]","[1, 1, 24]","[1, 1, 24]","[1, 1, 24]",,True,,23,5.749156439804892e-08,-35.46554188517912,1,0.0,0.0008754270731685665,1,0,0,0,0,0,0,0,1.606017745854634,1122,2450,3554,0.054854429967214444,0.06623729588150559,0.07259582034502178,1743,0,0.1225
135,34693,rx_panda_base,/home/telilab4090/Documents/Gazebo World/my_world/rt_out/experiments/semantic_ablation_actor_200f/sionna_xml/frame_135_sionna.xml,30.0,0.0,0.0,2.4,0.582,0.888,1.195,28000000000.0,25,5.357098764591228e-09,6.284866316264015e-08,5.749156439804892e-08,2.841981654455594e-07,-65.46378729854861,-35.46378729854861,cir_coefficients_tau_mask,,"[1, 1, 1, 1, 25, 1]","[1, 1, 25]","[1, 1, 25]","[1, 1, 25]",,True,,24,5.749156439804892e-08,-35.46466645810595,1,0.0,0.0008791595573427458,1,0,0,0,0,0,0,0,1.606017745854634,1117,2398,3325,0.055268927932182264,0.06620018040617809,0.07249449168287796,1730,0,0.1199
136,34950,rx_panda_base,/home/telilab4090/Documents/Gazebo World/my_world/rt_out/experiments/semantic_ablation_actor_200f/sionna_xml/frame_136_sionna.xml,30.0,0.0,0.0,2.4,0.582,0.888,1.195,28000000000.0,25,5.357098764591228e-09,6.284866316264015e-08,5.749156439804892e-08,2.8419810860214056e-07,-65.46378816719552,-35.46378816719552,cir_coefficients_tau_mask,,"[1, 1, 1, 1, 25, 1]","[1, 1, 25]","[1, 1, 25]","[1, 1, 25]",,True,,25,5.749156439804892e-08,-35.46378729854861,0,0.0,-8.686469072927139e-07,0,0,0,0,0,0,0,0,1.606017745854634,1104,2342,3577,0.055059822867399015,0.06505139140446273,0.0738926471774357,1735,0,0.1171
137,35207,rx_panda_base,/home/telilab4090/Documents/Gazebo World/my_world/rt_out/experiments/semantic_ablation_actor_200f/sionna_xml/frame_137_sionna.xml,30.0,0.0,0.0,2.4,0.582,0.888,1.195,28000000000.0,25,5.357098764591228e-09,6.284866316264015e-08,5.749156439804892e-08,2.8419813702385e-07,-65.46378773287204,-35.463787732872035,cir_coefficients_tau_mask,,"[1, 1, 1, 1, 25, 1]","[1, 1, 25]","[1, 1, 25]","[1, 1, 25]",,True,,25,5.749156439804892e-08,-35.46378816719552,0,0.0,4.3432348206806637e-07,0,0,0,0,0,0,0,0,1.606017745854634,1151,2418,3359,0.056341552386581846,0.06707403472960893,0.07295748519308888,1780,0,0.1209
138,35464,rx_panda_base,/home/telilab4090/Documents/Gazebo World/my_world/rt_out/experiments/semantic_ablation_actor_200f/sionna_xml/frame_138_sionna.xml,30.0,0.0,0.0,2.4,0.582,0.888,1.195,28000000000.0,25,5.357098764591228e-09,6.284866316264015e-08,5.749156439804892e-08,2.84268793393494e-07,-65.46270813896908,-35.46270813896908,cir_coefficients_tau_mask,,"[1, 1, 1, 1, 25, 1]","[1, 1, 25]","[1, 1, 25]","[1, 1, 25]",,True,,25,5.749156439804892e-08,-35.463787732872035,0,0.0,0.001079593902957754,0,0,0,0,0,0,0,0,1.606017745854634,739,2108,4266,0.05587894487831443,0.0637290468256658,0.07863120133640669,1780,0,0.1054
139,35721,rx_panda_base,/home/telilab4090/Documents/Gazebo World/my_world/rt_out/experiments/semantic_ablation_actor_200f/sionna_xml/frame_139_sionna.xml,30.0,0.0,0.0,2.4,0.582,0.888,1.195,28000000000.0,23,5.357098764591228e-09,6.284866316264015e-08,5.749156439804892e-08,2.840833417394606e-07,-65.46554231967805,-35.46554231967805,cir_coefficients_tau_mask,,"[1, 1, 1, 1, 23, 1]","[1, 1, 23]","[1, 1, 23]","[1, 1, 23]",,True,,25,5.749156439804892e-08,-35.46270813896908,-2,0.0,-0.002834180708973122,1,1,0,0,0,0,0,0,1.606017745854634,713,1969,4612,0.056347022395758915,0.06169968483799563,0.0778713919323269,1695,0,0.09845
140,35978,rx_panda_base,/home/telilab4090/Documents/Gazebo World/my_world/rt_out/experiments/semantic_ablation_actor_200f/sionna_xml/frame_140_sionna.xml,30.0,0.0,0.0,2.4,0.582,0.888,1.195,28000000000.0,25,5.357098764591228e-09,6.284866316264015e-08,5.749156439804892e-08,2.84268793393494e-07,-65.46270813896908,-35.46270813896908,cir_coefficients_tau_mask,,"[1, 1, 1, 1, 25, 1]","[1, 1, 25]","[1, 1, 25]","[1, 1, 25]",,True,,23,5.749156439804892e-08,-35.46554231967805,2,0.0,0.002834180708973122,1,0,0,0,0,0,0,0,1.606017745854634,718,2061,3323,0.056220084257256844,0.06517547289113648,0.08023185389666955,1764,0,0.10305
141,36235,rx_panda_base,/home/telilab4090/Documents/Gazebo World/my_world/rt_out/experiments/semantic_ablation_actor_200f/sionna_xml/frame_141_sionna.xml,30.0,0.0,0.0,2.4,0.582,0.888,1.195,28000000000.0,23,5.357098764591228e-09,6.284866316264015e-08,5.749156439804892e-08,2.8408337016117e-07,-65.46554188517912,-35.46554188517912,cir_coefficients_tau_mask,,"[1, 1, 1, 1, 23, 1]","[1, 1, 23]","[1, 1, 23]","[1, 1, 23]",,True,,25,5.749156439804892e-08,-35.46270813896908,-2,0.0,-0.0028337462100438415,1,1,0,0,0,0,0,0,1.606017745854634,1247,2708,3312,0.05834509727415692,0.06153721480639971,0.06864415603725331,1738,0,0.1354
142,36492,rx_panda_base,/home/telilab4090/Documents/Gazebo World/my_world/rt_out/experiments/semantic_ablation_actor_200f/sionna_xml/frame_142_sionna.xml,30.0,0.0,0.0,2.4,0.582,0.888,1.195,28000000000.0,23,5.357098764591228e-09,6.284866316264015e-08,5.749156439804892e-08,2.8408337016117e-07,-65.46554188517912,-35.46554188517912,cir_coefficients_tau_mask,,"[1, 1, 1, 1, 23, 1]","[1, 1, 23]","[1, 1, 23]","[1, 1, 23]",,True,,23,5.749156439804892e-08,-35.46554188517912,0,0.0,0.0,0,0,0,0,0,0,0,0,1.606017745854634,1156,2100,3344,0.05906364728056128,0.06279712916398703,0.06759749291553283,1725,0,0.105
143,36749,rx_panda_base,/home/telilab4090/Documents/Gazebo World/my_world/rt_out/experiments/semantic_ablation_actor_200f/sionna_xml/frame_143_sionna.xml,30.0,0.0,0.0,2.4,0.582,0.888,1.195,28000000000.0,18,5.357098764591228e-09,5.897902966012225e-08,5.362193089553102e-08,2.8400719997989654e-07,-65.4667064984063,-35.466706498406296,cir_coefficients_tau_mask,,"[1, 1, 1, 1, 18, 1]","[1, 1, 18]","[1, 1, 18]","[1, 1, 18]",,True,,23,5.749156439804892e-08,-35.46554188517912,-5,-3.8696335025179e-09,-0.001164613227174982,1,1,0,0,0,0,0,0,1.606017745854634,1184,2142,3371,0.06100716333339315,0.0654902220684141,0.07265984251035529,1758,0,0.1071
144,37006,rx_panda_base,/home/telilab4090/Documents/Gazebo World/my_world/rt_out/experiments/semantic_ablation_actor_200f/sionna_xml/frame_144_sionna.xml,30.0,0.0,0.0,2.4,0.582,0.888,1.195,28000000000.0,18,5.357098764591228e-09,6.284866316264015e-08,5.749156439804892e-08,2.837946908584854e-07,-65.46995733446659,-35.469957334466585,cir_coefficients_tau_mask,,"[1, 1, 1, 1, 18, 1]","[1, 1, 18]","[1, 1, 18]","[1, 1, 18]",,True,,18,5.362193089553102e-08,-35.466706498406296,0,3.8696335025179e-09,-0.003250836060288975,0,0,0,0,0,1,1,1,1.606017745854634,1152,2098,3994,0.062320226469494235,0.06729739549930899,0.07326903027981942,1733,0,0.1049
145,37263,rx_panda_base,/home/telilab4090/Documents/Gazebo World/my_world/rt_out/experiments/semantic_ablation_actor_200f/sionna_xml/frame_145_sionna.xml,30.0,0.0,0.0,2.4,0.582,0.888,1.195,28000000000.0,19,5.357098764591228e-09,6.284866316264015e-08,5.749156439804892e-08,2.8401140639289224e-07,-65.46664217579671,-35.46664217579671,cir_coefficients_tau_mask,,"[1, 1, 1, 1, 19, 1]","[1, 1, 19]","[1, 1, 19]","[1, 1, 19]",,True,,18,5.749156439804892e-08,-35.469957334466585,1,0.0,0.00331515866987786,1,0,0,0,0,0,0,0,1.606017745854634,1190,2100,3768,0.05161480247636774,0.058164439132786475,0.0660621893654198,1729,0,0.105
146,37520,rx_panda_base,/home/telilab4090/Documents/Gazebo World/my_world/rt_out/experiments/semantic_ablation_actor_200f/sionna_xml/frame_146_sionna.xml,30.0,0.0,0.0,2.4,0.582,0.888,1.195,28000000000.0,23,5.357098764591228e-09,6.284866316264015e-08,5.749156439804892e-08,2.8408337016117e-07,-65.46554188517912,-35.46554188517912,cir_coefficients_tau_mask,,"[1, 1, 1, 1, 23, 1]","[1, 1, 23]","[1, 1, 23]","[1, 1, 23]",,True,,19,5.749156439804892e-08,-35.46664217579671,4,0.0,0.0011002906175860971,1,0,0,0,0,0,0,0,1.606017745854634,1161,2179,3750,0.037161070062563736,0.04344559645335483,0.052271372448103225,1798,0,0.10895
147,37777,rx_panda_base,/home/telilab4090/Documents/Gazebo World/my_world/rt_out/experiments/semantic_ablation_actor_200f/sionna_xml/frame_147_sionna.xml,30.0,0.0,0.0,2.4,0.582,0.888,1.195,28000000000.0,23,5.357098764591228e-09,6.284866316264015e-08,5.749156439804892e-08,2.8408337016117e-07,-65.46554188517912,-35.46554188517912,cir_coefficients_tau_mask,,"[1, 1, 1, 1, 23, 1]","[1, 1, 23]","[1, 1, 23]","[1, 1, 23]",,True,,23,5.749156439804892e-08,-35.46554188517912,0,0.0,0.0,0,0,0,0,0,0,0,0,1.606017745854634,1208,2303,3700,0.03578260587086703,0.04549636562382702,0.05419938589628316,1749,0,0.11515
148,38034,rx_panda_base,/home/telilab4090/Documents/Gazebo World/my_world/rt_out/experiments/semantic_ablation_actor_200f/sionna_xml/frame_148_sionna.xml,30.0,0.0,0.0,2.4,0.582,0.888,1.195,28000000000.0,23,5.357098764591228e-09,6.284866316264015e-08,5.749156439804892e-08,2.8408337016117e-07,-65.46554188517912,-35.46554188517912,cir_coefficients_tau_mask,,"[1, 1, 1, 1, 23, 1]","[1, 1, 23]","[1, 1, 23]","[1, 1, 23]",,True,,23,5.749156439804892e-08,-35.46554188517912,0,0.0,0.0,0,0,0,0,0,0,0,0,1.606017745854634,1198,2333,3734,0.03621373859156799,0.04359997772716072,0.05339437657849007,1751,0,0.11665
149,38291,rx_panda_base,/home/telilab4090/Documents/Gazebo World/my_world/rt_out/experiments/semantic_ablation_actor_200f/sionna_xml/frame_149_sionna.xml,30.0,0.0,0.0,2.4,0.582,0.888,1.195,28000000000.0,23,5.357098764591228e-09,6.284866316264015e-08,5.749156439804892e-08,2.8408337016117e-07,-65.46554188517912,-35.46554188517912,cir_coefficients_tau_mask,,"[1, 1, 1, 1, 23, 1]","[1, 1, 23]","[1, 1, 23]","[1, 1, 23]",,True,,23,5.749156439804892e-08,-35.46554188517912,0,0.0,0.0,0,0,0,0,0,0,0,0,1.606017745854634,1173,2333,3715,0.036919418493665104,0.04526313644548154,0.05329592235349211,1782,0,0.11665
150,38548,rx_panda_base,/home/telilab4090/Documents/Gazebo World/my_world/rt_out/experiments/semantic_ablation_actor_200f/sionna_xml/frame_150_sionna.xml,30.0,0.0,0.0,2.4,0.582,0.888,1.195,28000000000.0,24,5.357098764591228e-09,6.284866316264015e-08,5.749156439804892e-08,2.8414061148396286e-07,-65.46466689251731,-35.464666892517315,cir_coefficients_tau_mask,,"[1, 1, 1, 1, 24, 1]","[1, 1, 24]","[1, 1, 24]","[1, 1, 24]",,True,,23,5.749156439804892e-08,-35.46554188517912,1,0.0,0.0008749926618065729,1,0,0,0,0,0,0,0,1.606017745854634,1137,2270,3740,0.02545332860380585,0.03451912290604474,0.04612397636903985,1801,0,0.1135
151,38805,rx_panda_base,/home/telilab4090/Documents/Gazebo World/my_world/rt_out/experiments/semantic_ablation_actor_200f/sionna_xml/frame_151_sionna.xml,30.0,0.0,0.0,2.4,0.582,0.888,1.195,28000000000.0,24,5.357098764591228e-09,6.284866316264015e-08,5.749156439804892e-08,2.8414061148396286e-07,-65.46466689251731,-35.464666892517315,cir_coefficients_tau_mask,,"[1, 1, 1, 1, 24, 1]","[1, 1, 24]","[1, 1, 24]","[1, 1, 24]",,True,,24,5.749156439804892e-08,-35.464666892517315,0,0.0,0.0,0,0,0,0,0,0,0,0,1.606017745854634,1172,2223,3746,0.021656514827936627,0.03159257625197307,0.04215549924083466,1807,0,0.11115
152,39062,rx_panda_base,/home/telilab4090/Documents/Gazebo World/my_world/rt_out/experiments/semantic_ablation_actor_200f/sionna_xml/frame_152_sionna.xml,30.0,0.0,0.0,2.4,0.582,0.888,1.195,28000000000.0,24,5.357098764591228e-09,6.284866316264015e-08,5.749156439804892e-08,2.841406399056723e-07,-65.46466645810595,-35.46466645810595,cir_coefficients_tau_mask,,"[1, 1, 1, 1, 24, 1]","[1, 1, 24]","[1, 1, 24]","[1, 1, 24]",,True,,24,5.749156439804892e-08,-35.464666892517315,0,0.0,4.344113619936252e-07,0,0,0,0,0,0,0,0,1.606017745854634,1177,2384,3595,0.021626881388853825,0.029995822454457866,0.04164705395679,1753,0,0.1192
153,39319,rx_panda_base,/home/telilab4090/Documents/Gazebo World/my_world/rt_out/experiments/semantic_ablation_actor_200f/sionna_xml/frame_153_sionna.xml,30.0,0.0,0.0,2.4,0.582,0.888,1.195,28000000000.0,24,5.357098764591228e-09,6.284866316264015e-08,5.749156439804892e-08,2.8414061148396286e-07,-65.46466689251731,-35.464666892517315,cir_coefficients_tau_mask,,"[1, 1, 1, 1, 24, 1]","[1, 1, 24]","[1, 1, 24]","[1, 1, 24]",,True,,24,5.749156439804892e-08,-35.46466645810595,0,0.0,-4.344113619936252e-07,0,0,0,0,0,0,0,0,1.606017745854634,1204,2485,3788,0.020974461311839856,0.02872818758436415,0.03803650935973736,1809,0,0.12425
154,39576,rx_panda_base,/home/telilab4090/Documents/Gazebo World/my_world/rt_out/experiments/semantic_ablation_actor_200f/sionna_xml/frame_154_sionna.xml,30.0,0.0,0.0,2.4,0.582,0.888,1.195,28000000000.0,24,5.357098764591228e-09,6.284866316264015e-08,5.749156439804892e-08,2.8414061148396286e-07,-65.46466689251731,-35.464666892517315,cir_coefficients_tau_mask,,"[1, 1, 1, 1, 24, 1]","[1, 1, 24]","[1, 1, 24]","[1, 1, 24]",,True,,24,5.749156439804892e-08,-35.464666892517315,0,0.0,0.0,0,0,0,0,0,0,0,0,1.606017745854634,1205,2398,3596,0.020962541029560043,0.028508727510906034,0.04134355084082708,1781,0,0.1199
155,39833,rx_panda_base,/home/telilab4090/Documents/Gazebo World/my_world/rt_out/experiments/semantic_ablation_actor_200f/sionna_xml/frame_155_sionna.xml,30.0,0.0,0.0,2.4,0.582,0.888,1.195,28000000000.0,24,5.357098764591228e-09,6.284866316264015e-08,5.749156439804892e-08,2.8414061148396286e-07,-65.46466689251731,-35.464666892517315,cir_coefficients_tau_mask,,"[1, 1, 1, 1, 24, 1]","[1, 1, 24]","[1, 1, 24]","[1, 1, 24]",,True,,24,5.749156439804892e-08,-35.464666892517315,0,0.0,0.0,0,0,0,0,0,0,0,0,1.606017745854634,1176,2381,3807,0.018096735379907473,0.025721920979906342,0.03783194743496057,1824,0,0.11905
156,40090,rx_panda_base,/home/telilab4090/Documents/Gazebo World/my_world/rt_out/experiments/semantic_ablation_actor_200f/sionna_xml/frame_156_sionna.xml,30.0,0.0,0.0,2.4,0.582,0.888,1.195,28000000000.0,24,5.357098764591228e-09,6.284866316264015e-08,5.749156439804892e-08,2.8414061148396286e-07,-65.46466689251731,-35.464666892517315,cir_coefficients_tau_mask,,"[1, 1, 1, 1, 24, 1]","[1, 1, 24]","[1, 1, 24]","[1, 1, 24]",,True,,24,5.749156439804892e-08,-35.464666892517315,0,0.0,0.0,0,0,0,0,0,0,0,0,1.606017745854634,1178,2264,3677,0.015700867622695066,0.025356195513924686,0.03808261908493825,1761,0,0.1132
157,40347,rx_panda_base,/home/telilab4090/Documents/Gazebo World/my_world/rt_out/experiments/semantic_ablation_actor_200f/sionna_xml/frame_157_sionna.xml,30.0,0.0,0.0,2.4,0.582,0.888,1.195,28000000000.0,24,5.357098764591228e-09,6.284866316264015e-08,5.749156439804892e-08,2.8414061148396286e-07,-65.46466689251731,-35.464666892517315,cir_coefficients_tau_mask,,"[1, 1, 1, 1, 24, 1]","[1, 1, 24]","[1, 1, 24]","[1, 1, 24]",,True,,24,5.749156439804892e-08,-35.464666892517315,0,0.0,0.0,0,0,0,0,0,0,0,0,1.606017745854634,1199,2482,3748,0.016957637647853564,0.023029891453365738,0.03484971833223599,1829,0,0.1241
158,40604,rx_panda_base,/home/telilab4090/Documents/Gazebo World/my_world/rt_out/experiments/semantic_ablation_actor_200f/sionna_xml/frame_158_sionna.xml,30.0,0.0,0.0,2.4,0.582,0.888,1.195,28000000000.0,23,5.357098764591228e-09,6.284866316264015e-08,5.749156439804892e-08,2.8408337016117e-07,-65.46554188517912,-35.46554188517912,cir_coefficients_tau_mask,,"[1, 1, 1, 1, 23, 1]","[1, 1, 23]","[1, 1, 23]","[1, 1, 23]",,True,,24,5.749156439804892e-08,-35.464666892517315,-1,0.0,-0.0008749926618065729,1,1,0,0,0,0,0,0,1.606017745854634,1252,2597,3729,0.016673939768411472,0.025287959723471413,0.03701239471902576,1852,0,0.12985
159,40861,rx_panda_base,/home/telilab4090/Documents/Gazebo World/my_world/rt_out/experiments/semantic_ablation_actor_200f/sionna_xml/frame_159_sionna.xml,30.0,0.0,0.0,2.4,0.582,0.888,1.195,28000000000.0,24,5.357098764591228e-09,6.284866316264015e-08,5.749156439804892e-08,2.8414061148396286e-07,-65.46466689251731,-35.464666892517315,cir_coefficients_tau_mask,,"[1, 1, 1, 1, 24, 1]","[1, 1, 24]","[1, 1, 24]","[1, 1, 24]",,True,,23,5.749156439804892e-08,-35.46554188517912,1,0.0,0.0008749926618065729,1,0,0,0,0,0,0,0,1.606017745854634,1193,2484,3610,0.016687465447310906,0.022893771364128217,0.03484475356470105,1764,0,0.1242
160,41118,rx_panda_base,/home/telilab4090/Documents/Gazebo World/my_world/rt_out/experiments/semantic_ablation_actor_200f/sionna_xml/frame_160_sionna.xml,30.0,0.0,0.0,2.4,0.582,0.888,1.195,28000000000.0,29,5.357098764591228e-09,6.284866316264015e-08,5.749156439804892e-08,2.8423474418559636e-07,-65.46322836029202,-35.46322836029202,cir_coefficients_tau_mask,,"[1, 1, 1, 1, 29, 1]","[1, 1, 29]","[1, 1, 29]","[1, 1, 29]",,True,,24,5.749156439804892e-08,-35.464666892517315,5,0.0,0.001438532225293443,1,0,0,0,0,0,0,0,1.606017745854634,1304,2587,3717,0.014958147813315994,0.0237670222140344,0.03461578634309761,1892,0,0.12935
161,41375,rx_panda_base,/home/telilab4090/Documents/Gazebo World/my_world/rt_out/experiments/semantic_ablation_actor_200f/sionna_xml/frame_161_sionna.xml,30.0,0.0,0.0,2.4,0.582,0.888,1.195,28000000000.0,29,5.357098764591228e-09,6.284866316264015e-08,5.749156439804892e-08,2.842347157638869e-07,-65.46322879455956,-35.463228794559555,cir_coefficients_tau_mask,,"[1, 1, 1, 1, 29, 1]","[1, 1, 29]","[1, 1, 29]","[1, 1, 29]",,True,,29,5.749156439804892e-08,-35.46322836029202,0,0.0,-4.342675339330526e-07,0,0,0,0,0,0,0,0,1.606017745854634,1205,2562,3664,0.005807048702535335,0.015531639182510923,0.030033357453268884,1821,0,0.1281
162,41632,rx_panda_base,/home/telilab4090/Documents/Gazebo World/my_world/rt_out/experiments/semantic_ablation_actor_200f/sionna_xml/frame_162_sionna.xml,30.0,0.0,0.0,2.4,0.582,0.888,1.195,28000000000.0,29,5.357098764591228e-09,6.284866316264015e-08,5.749156439804892e-08,2.8423474418559636e-07,-65.46322836029202,-35.46322836029202,cir_coefficients_tau_mask,,"[1, 1, 1, 1, 29, 1]","[1, 1, 29]","[1, 1, 29]","[1, 1, 29]",,True,,29,5.749156439804892e-08,-35.463228794559555,0,0.0,4.342675339330526e-07,0,0,0,0,0,0,0,0,1.606017745854634,1228,2564,3652,0.008649907262151937,0.018044088601802215,0.02719719800955781,1819,0,0.1282
163,41889,rx_panda_base,/home/telilab4090/Documents/Gazebo World/my_world/rt_out/experiments/semantic_ablation_actor_200f/sionna_xml/frame_163_sionna.xml,30.0,0.0,0.0,2.4,0.582,0.888,1.195,28000000000.0,29,5.357098764591228e-09,6.284866316264015e-08,5.749156439804892e-08,2.8423474418559636e-07,-65.46322836029202,-35.46322836029202,cir_coefficients_tau_mask,,"[1, 1, 1, 1, 29, 1]","[1, 1, 29]","[1, 1, 29]","[1, 1, 29]",,True,,29,5.749156439804892e-08,-35.46322836029202,0,0.0,0.0,0,0,0,0,0,0,0,0,1.606017745854634,1247,2688,3680,0.007441871024223419,0.01796970319354867,0.029399091340115577,1812,0,0.1344
164,42146,rx_panda_base,/home/telilab4090/Documents/Gazebo World/my_world/rt_out/experiments/semantic_ablation_actor_200f/sionna_xml/frame_164_sionna.xml,30.0,0.0,0.0,2.4,0.582,0.888,1.195,28000000000.0,29,5.357098764591228e-09,6.284866316264015e-08,5.749156439804892e-08,2.8423474418559636e-07,-65.46322836029202,-35.46322836029202,cir_coefficients_tau_mask,,"[1, 1, 1, 1, 29, 1]","[1, 1, 29]","[1, 1, 29]","[1, 1, 29]",,True,,29,5.749156439804892e-08,-35.46322836029202,0,0.0,0.0,0,0,0,0,0,0,0,0,1.606017745854634,1290,2699,3637,0.005902298293830293,0.01684823509344654,0.02758220112303481,1846,0,0.13495
165,42403,rx_panda_base,/home/telilab4090/Documents/Gazebo World/my_world/rt_out/experiments/semantic_ablation_actor_200f/sionna_xml/frame_165_sionna.xml,30.0,0.0,0.0,2.4,0.582,0.888,1.195,28000000000.0,28,5.357098764591228e-09,6.284866316264015e-08,5.749156439804892e-08,2.8421587217053457e-07,-65.46351672349441,-35.46351672349441,cir_coefficients_tau_mask,,"[1, 1, 1, 1, 28, 1]","[1, 1, 28]","[1, 1, 28]","[1, 1, 28]",,True,,29,5.749156439804892e-08,-35.46322836029202,-1,0.0,-0.0002883632023866767,1,1,0,0,0,0,0,0,1.606017745854634,1326,2786,3785,0.006154819328280213,0.015373000478814824,0.02893242899030356,1894,0,0.1393
166,42659,rx_panda_base,/home/telilab4090/Documents/Gazebo World/my_world/rt_out/experiments/semantic_ablation_actor_200f/sionna_xml/frame_166_sionna.xml,30.0,0.0,0.0,2.4,0.582,0.888,1.195,28000000000.0,28,5.357098764591228e-09,6.284866316264015e-08,5.749156439804892e-08,2.8421584374882514e-07,-65.46351715779079,-35.46351715779079,cir_coefficients_tau_mask,,"[1, 1, 1, 1, 28, 1]","[1, 1, 28]","[1, 1, 28]","[1, 1, 28]",,True,,28,5.749156439804892e-08,-35.46351672349441,0,0.0,-4.342963819681245e-07,0,0,0,0,0,0,0,0,1.606017745854634,1272,2771,3799,0.006998429528633981,0.019736799376245368,0.033686413874469384,1898,0,0.13855
167,42916,rx_panda_base,/home/telilab4090/Documents/Gazebo World/my_world/rt_out/experiments/semantic_ablation_actor_200f/sionna_xml/frame_167_sionna.xml,30.0,0.0,0.0,2.4,0.582,0.888,1.195,28000000000.0,28,5.357098764591228e-09,6.284866316264015e-08,5.749156439804892e-08,2.8421587217053457e-07,-65.46351672349441,-35.46351672349441,cir_coefficients_tau_mask,,"[1, 1, 1, 1, 28, 1]","[1, 1, 28]","[1, 1, 28]","[1, 1, 28]",,True,,28,5.749156439804892e-08,-35.46351715779079,0,0.0,4.342963819681245e-07,0,0,0,0,0,0,0,0,1.606017745854634,1233,2709,3767,0.004677310986278178,0.017741950774697725,0.030195453787397138,1848,0,0.13545
168,43173,rx_panda_base,/home/telilab4090/Documents/Gazebo World/my_world/rt_out/experiments/semantic_ablation_actor_200f/sionna_xml/frame_168_sionna.xml,30.0,0.0,0.0,2.4,0.582,0.888,1.195,28000000000.0,27,8.163323350629526e-09,6.284866316264015e-08,5.4685339812010625e-08,2.763622442003566e-09,-85.58521289284302,-55.58521289284302,cir_coefficients_tau_mask,,"[1, 1, 1, 1, 27, 1]","[1, 1, 27]","[1, 1, 27]","[1, 1, 27]",,True,,28,5.749156439804892e-08,-35.46351672349441,-1,-2.8062245860382973e-09,-20.12169616934861,1,1,1,1,1,0,1,1,1.606017745854634,1350,2731,3677,0.002340138685582468,0.012010529205464904,0.02512005465894337,1853,0,0.13655
169,43430,rx_panda_base,/home/telilab4090/Documents/Gazebo World/my_world/rt_out/experiments/semantic_ablation_actor_200f/sionna_xml/frame_169_sionna.xml,30.0,0.0,0.0,2.4,0.582,0.888,1.195,28000000000.0,27,8.163323350629526e-09,6.284866316264015e-08,5.4685339812010625e-08,2.763621997914356e-09,-85.58521359071514,-55.58521359071514,cir_coefficients_tau_mask,,"[1, 1, 1, 1, 27, 1]","[1, 1, 27]","[1, 1, 27]","[1, 1, 27]",,True,,27,5.4685339812010625e-08,-55.58521289284302,0,0.0,-6.978721245332054e-07,0,0,0,0,0,0,0,0,1.606017745854634,1309,2800,3728,0.003977593202561088,0.013712864178947737,0.026740747571410893,1832,0,0.14
170,43687,rx_panda_base,/home/telilab4090/Documents/Gazebo World/my_world/rt_out/experiments/semantic_ablation_actor_200f/sionna_xml/frame_170_sionna.xml,30.0,0.0,0.0,2.4,0.582,0.888,1.195,28000000000.0,27,8.163323350629526e-09,6.284866316264015e-08,5.4685339812010625e-08,2.763622442003566e-09,-85.58521289284302,-55.58521289284302,cir_coefficients_tau_mask,,"[1, 1, 1, 1, 27, 1]","[1, 1, 27]","[1, 1, 27]","[1, 1, 27]",,True,,27,5.4685339812010625e-08,-55.58521359071514,0,0.0,6.978721245332054e-07,0,0,0,0,0,0,0,0,1.606017745854634,1331,2748,3730,0.00481989123741102,0.011201146942306842,0.022048164626383017,1857,0,0.1374
171,43944,rx_panda_base,/home/telilab4090/Documents/Gazebo World/my_world/rt_out/experiments/semantic_ablation_actor_200f/sionna_xml/frame_171_sionna.xml,30.0,0.0,0.0,2.4,0.582,0.888,1.195,28000000000.0,27,8.163323350629526e-09,6.284866316264015e-08,5.4685339812010625e-08,2.763622219958961e-09,-85.58521324177906,-55.58521324177906,cir_coefficients_tau_mask,,"[1, 1, 1, 1, 27, 1]","[1, 1, 27]","[1, 1, 27]","[1, 1, 27]",,True,,27,5.4685339812010625e-08,-55.58521289284302,0,0.0,-3.489360409503206e-07,0,0,0,0,0,0,0,0,1.606017745854634,1284,2723,3653,0.003259532877537139,0.014398539556534015,0.027790108377759585,1864,0,0.13615
172,44201,rx_panda_base,/home/telilab4090/Documents/Gazebo World/my_world/rt_out/experiments/semantic_ablation_actor_200f/sionna_xml/frame_172_sionna.xml,30.0,0.0,0.0,2.4,0.582,0.888,1.195,28000000000.0,28,8.163323350629526e-09,6.284866316264015e-08,5.4685339812010625e-08,2.782507113607835e-09,-85.55563716697952,-55.55563716697952,cir_coefficients_tau_mask,,"[1, 1, 1, 1, 28, 1]","[1, 1, 28]","[1, 1, 28]","[1, 1, 28]",,True,,27,5.4685339812010625e-08,-55.58521324177906,1,0.0,0.029576074799535945,1,0,0,0,0,0,0,0,1.606017745854634,1370,2794,3730,0.0033214825439435176,0.01195783702685696,0.02457736994376308,1980,0,0.1397
173,44458,rx_panda_base,/home/telilab4090/Documents/Gazebo World/my_world/rt_out/experiments/semantic_ablation_actor_200f/sionna_xml/frame_173_sionna.xml,30.0,0.0,0.0,2.4,0.582,0.888,1.195,28000000000.0,32,7.579527228074312e-09,6.284866316264015e-08,5.526913593456584e-08,2.4422204703000716e-08,-76.12215132892051,-46.12215132892051,cir_coefficients_tau_mask,,"[1, 1, 1, 1, 32, 1]","[1, 1, 32]","[1, 1, 32]","[1, 1, 32]",,True,,28,5.4685339812010625e-08,-55.55563716697952,4,5.837961225552135e-10,9.433485838059013,1,0,0,0,0,0,0,0,1.606017745854634,1317,2704,3690,0.00608787225004667,0.012836519587195835,0.023433371604149805,1895,0,0.1352
174,44715,rx_panda_base,/home/telilab4090/Documents/Gazebo World/my_world/rt_out/experiments/semantic_ablation_actor_200f/sionna_xml/frame_174_sionna.xml,30.0,0.0,0.0,2.4,0.582,0.888,1.195,28000000000.0,32,7.579527228074312e-09,6.284866316264015e-08,5.526913593456584e-08,2.4422204703000716e-08,-76.12215132892051,-46.12215132892051,cir_coefficients_tau_mask,,"[1, 1, 1, 1, 32, 1]","[1, 1, 32]","[1, 1, 32]","[1, 1, 32]",,True,,32,5.526913593456584e-08,-46.12215132892051,0,0.0,0.0,0,0,0,0,0,0,0,0,1.606017745854634,1323,2756,3767,0.001989922009666403,0.014971063600044989,0.025218813701332183,1922,0,0.1378
175,44972,rx_panda_base,/home/telilab4090/Documents/Gazebo World/my_world/rt_out/experiments/semantic_ablation_actor_200f/sionna_xml/frame_175_sionna.xml,30.0,0.0,0.0,2.4,0.582,0.888,1.195,28000000000.0,32,7.579527228074312e-09,6.284866316264015e-08,5.526913593456584e-08,2.4422204703000716e-08,-76.12215132892051,-46.12215132892051,cir_coefficients_tau_mask,,"[1, 1, 1, 1, 32, 1]","[1, 1, 32]","[1, 1, 32]","[1, 1, 32]",,True,,32,5.526913593456584e-08,-46.12215132892051,0,0.0,0.0,0,0,0,0,0,0,0,0,1.606017745854634,1297,2698,3727,0.006375289189970403,0.015075913669441924,0.02299423914406294,1863,0,0.1349
176,45229,rx_panda_base,/home/telilab4090/Documents/Gazebo World/my_world/rt_out/experiments/semantic_ablation_actor_200f/sionna_xml/frame_176_sionna.xml,30.0,0.0,0.0,2.4,0.582,0.888,1.195,28000000000.0,32,7.579527228074312e-09,6.284866316264015e-08,5.526913593456584e-08,2.4422202926643877e-08,-76.122151644806,-46.122151644805996,cir_coefficients_tau_mask,,"[1, 1, 1, 1, 32, 1]","[1, 1, 32]","[1, 1, 32]","[1, 1, 32]",,True,,32,5.526913593456584e-08,-46.12215132892051,0,0.0,-3.158854866569527e-07,0,0,0,0,0,0,0,0,1.606017745854634,1273,2719,3702,0.0053538615911983166,0.015763940614973136,0.024344823031406122,1910,0,0.13595
177,45486,rx_panda_base,/home/telilab4090/Documents/Gazebo World/my_world/rt_out/experiments/semantic_ablation_actor_200f/sionna_xml/frame_177_sionna.xml,30.0,0.0,0.0,2.4,0.582,0.888,1.195,28000000000.0,32,7.579527228074312e-09,6.284866316264015e-08,5.526913593456584e-08,2.4422206479357556e-08,-76.12215101303505,-46.12215101303505,cir_coefficients_tau_mask,,"[1, 1, 1, 1, 32, 1]","[1, 1, 32]","[1, 1, 32]","[1, 1, 32]",,True,,32,5.526913593456584e-08,-46.122151644805996,0,0.0,6.31770944892196e-07,0,0,0,0,0,0,0,0,1.606017745854634,1245,2627,3626,0.005227565239442494,0.016762748222469284,0.026330752052412212,1875,0,0.13135
178,45743,rx_panda_base,/home/telilab4090/Documents/Gazebo World/my_world/rt_out/experiments/semantic_ablation_actor_200f/sionna_xml/frame_178_sionna.xml,30.0,0.0,0.0,2.4,0.582,0.888,1.195,28000000000.0,30,7.579527228074312e-09,6.284866316264015e-08,5.526913593456584e-08,1.8995423900491915e-08,-77.21351010317191,-47.21351010317191,cir_coefficients_tau_mask,,"[1, 1, 1, 1, 30, 1]","[1, 1, 30]","[1, 1, 30]","[1, 1, 30]",,True,,32,5.526913593456584e-08,-46.12215101303505,-2,0.0,-1.0913590901368622,1,1,1,1,0,0,1,0,1.606017745854634,1221,2341,3747,0.00469726381017616,0.01941985965527693,0.029530436138533157,2001,0,0.11705
179,46000,rx_panda_base,/home/telilab4090/Documents/Gazebo World/my_world/rt_out/experiments/semantic_ablation_actor_200f/sionna_xml/frame_179_sionna.xml,30.0,0.0,0.0,2.4,0.582,0.888,1.195,28000000000.0,29,7.579527228074312e-09,6.284866316264015e-08,5.526913593456584e-08,1.821448769590006e-08,-77.39583039298407,-47.39583039298407,cir_coefficients_tau_mask,,"[1, 1, 1, 1, 29, 1]","[1, 1, 29]","[1, 1, 29]","[1, 1, 29]",,True,,30,5.526913593456584e-08,-47.21351010317191,-1,0.0,-0.18232028981215365,1,1,0,0,0,0,0,0,1.606017745854634,1203,2263,3661,0.009747102588628258,0.024591443546742947,0.03339474658411724,1940,0,0.11315
180,46257,rx_panda_base,/home/telilab4090/Documents/Gazebo World/my_world/rt_out/experiments/semantic_ablation_actor_200f/sionna_xml/frame_180_sionna.xml,30.0,0.0,0.0,2.4,0.582,0.888,1.195,28000000000.0,29,7.579527228074312e-09,6.284866316264015e-08,5.526913593456584e-08,1.8214485919543222e-08,-77.39583081652712,-47.39583081652712,cir_coefficients_tau_mask,,"[1, 1, 1, 1, 29, 1]","[1, 1, 29]","[1, 1, 29]","[1, 1, 29]",,True,,29,5.526913593456584e-08,-47.39583039298407,0,0.0,-4.2354305662684055e-07,0,0,0,0,0,0,0,0,1.606017745854634,1205,2286,3644,0.007825598405121245,0.028609977584145314,0.03752457572510706,1975,0,0.1143
181,46514,rx_panda_base,/home/telilab4090/Documents/Gazebo World/my_world/rt_out/experiments/semantic_ablation_actor_200f/sionna_xml/frame_181_sionna.xml,30.0,0.0,0.0,2.4,0.582,0.888,1.195,28000000000.0,29,7.579527228074312e-09,6.284866316264015e-08,5.526913593456584e-08,1.8214485919543222e-08,-77.39583081652712,-47.39583081652712,cir_coefficients_tau_mask,,"[1, 1, 1, 1, 29, 1]","[1, 1, 29]","[1, 1, 29]","[1, 1, 29]",,True,,29,5.526913593456584e-08,-47.39583081652712,0,0.0,0.0,0,0,0,0,0,0,0,0,1.606017745854634,1248,2367,3755,0.010949287183503598,0.02422690767323471,0.03319762816080051,2042,0,0.11835
182,46771,rx_panda_base,/home/telilab4090/Documents/Gazebo World/my_world/rt_out/experiments/semantic_ablation_actor_200f/sionna_xml/frame_182_sionna.xml,30.0,0.0,0.0,2.4,0.582,0.888,1.195,28000000000.0,29,7.579527228074312e-09,6.284866316264015e-08,5.526913593456584e-08,1.821448769590006e-08,-77.39583039298407,-47.39583039298407,cir_coefficients_tau_mask,,"[1, 1, 1, 1, 29, 1]","[1, 1, 29]","[1, 1, 29]","[1, 1, 29]",,True,,29,5.526913593456584e-08,-47.39583081652712,0,0.0,4.2354305662684055e-07,0,0,0,0,0,0,0,0,1.606017745854634,1214,2315,3749,0.002621689788636933,0.021497793858948136,0.03205163024668598,1975,0,0.11575
183,47028,rx_panda_base,/home/telilab4090/Documents/Gazebo World/my_world/rt_out/experiments/semantic_ablation_actor_200f/sionna_xml/frame_183_sionna.xml,30.0,0.0,0.0,2.4,0.582,0.888,1.195,28000000000.0,25,7.579527228074312e-09,6.284866316264015e-08,5.526913593456584e-08,1.814251682219492e-08,-77.41302465557538,-47.413024655575384,cir_coefficients_tau_mask,,"[1, 1, 1, 1, 25, 1]","[1, 1, 25]","[1, 1, 25]","[1, 1, 25]",,True,,29,5.526913593456584e-08,-47.39583039298407,-4,0.0,-0.01719426259131751,1,1,0,0,0,0,0,0,1.606017745854634,1201,2140,3691,0.0050948539844698805,0.024511541109957326,0.0358455838898968,2003,0,0.107
184,47285,rx_panda_base,/home/telilab4090/Documents/Gazebo World/my_world/rt_out/experiments/semantic_ablation_actor_200f/sionna_xml/frame_184_sionna.xml,30.0,0.0,0.0,2.4,0.582,0.888,1.195,28000000000.0,25,7.579527228074312e-09,6.284866316264015e-08,5.526913593456584e-08,1.814251682219492e-08,-77.41302465557538,-47.413024655575384,cir_coefficients_tau_mask,,"[1, 1, 1, 1, 25, 1]","[1, 1, 25]","[1, 1, 25]","[1, 1, 25]",,True,,25,5.526913593456584e-08,-47.413024655575384,0,0.0,0.0,0,0,0,0,0,0,0,0,1.606017745854634,1261,2173,3722,0.007608282595231102,0.026194806081129424,0.03450702545045075,2067,0,0.10865
185,47542,rx_panda_base,/home/telilab4090/Documents/Gazebo World/my_world/rt_out/experiments/semantic_ablation_actor_200f/sionna_xml/frame_185_sionna.xml,30.0,0.0,0.0,2.4,0.582,0.888,1.195,28000000000.0,25,7.579527228074312e-09,6.284866316264015e-08,5.526913593456584e-08,1.814251504583808e-08,-77.41302508079865,-47.41302508079865,cir_coefficients_tau_mask,,"[1, 1, 1, 1, 25, 1]","[1, 1, 25]","[1, 1, 25]","[1, 1, 25]",,True,,25,5.526913593456584e-08,-47.413024655575384,0,0.0,-4.2522326282323775e-07,0,0,0,0,0,0,0,0,1.606017745854634,1186,2124,3664,0.0005671779285046372,0.02482876180874325,0.0329448910838382,2023,0,0.1062
186,47799,rx_panda_base,/home/telilab4090/Documents/Gazebo World/my_world/rt_out/experiments/semantic_ablation_actor_200f/sionna_xml/frame_186_sionna.xml,30.0,0.0,0.0,2.4,0.582,0.888,1.195,28000000000.0,25,7.579527228074312e-09,6.284866316264015e-08,5.526913593456584e-08,1.8142513269481242e-08,-77.41302550602194,-47.41302550602194,cir_coefficients_tau_mask,,"[1, 1, 1, 1, 25, 1]","[1, 1, 25]","[1, 1, 25]","[1, 1, 25]",,True,,25,5.526913593456584e-08,-47.41302508079865,0,0.0,-4.252232912449472e-07,0,0,0,0,0,0,0,0,1.606017745854634,1185,2154,3748,0.011196317133423565,0.026927972281545497,0.03566127924222918,2056,0,0.1077
187,48056,rx_panda_base,/home/telilab4090/Documents/Gazebo World/my_world/rt_out/experiments/semantic_ablation_actor_200f/sionna_xml/frame_187_sionna.xml,30.0,0.0,0.0,2.4,0.582,0.888,1.195,28000000000.0,25,7.579526339895892e-09,6.284866316264015e-08,5.526913682274426e-08,1.8142513269481242e-08,-77.41302550602194,-47.41302550602194,cir_coefficients_tau_mask,,"[1, 1, 1, 1, 25, 1]","[1, 1, 25]","[1, 1, 25]","[1, 1, 25]",,True,,25,5.526913593456584e-08,-47.41302550602194,0,8.881784197001252e-16,0.0,0,0,0,0,0,0,0,0,1.606017745854634,1207,2129,3708,0.0071153688072005585,0.023937855645897534,0.03378515810098376,2040,0,0.10645
188,48313,rx_panda_base,/home/telilab4090/Documents/Gazebo World/my_world/rt_out/experiments/semantic_ablation_actor_200f/sionna_xml/frame_188_sionna.xml,30.0,0.0,0.0,2.4,0.582,0.888,1.195,28000000000.0,25,7.579527228074312e-09,6.284866316264015e-08,5.526913593456584e-08,1.814251504583808e-08,-77.41302508079865,-47.41302508079865,cir_coefficients_tau_mask,,"[1, 1, 1, 1, 25, 1]","[1, 1, 25]","[1, 1, 25]","[1, 1, 25]",,True,,25,5.526913682274426e-08,-47.41302550602194,0,-8.881784197001252e-16,4.252232912449472e-07,0,0,0,0,0,0,0,0,1.606017745854634,1118,2064,3654,0.007908723241681058,0.015988830042329476,0.031285184858009484,2008,0,0.1032
189,48570,rx_panda_base,/home/telilab4090/Documents/Gazebo World/my_world/rt_out/experiments/semantic_ablation_actor_200f/sionna_xml/frame_189_sionna.xml,30.0,0.0,0.0,2.4,0.582,0.888,1.195,28000000000.0,25,7.579527228074312e-09,6.284866316264015e-08,5.526913593456584e-08,1.814251504583808e-08,-77.41302508079865,-47.41302508079865,cir_coefficients_tau_mask,,"[1, 1, 1, 1, 25, 1]","[1, 1, 25]","[1, 1, 25]","[1, 1, 25]",,True,,25,5.526913593456584e-08,-47.41302508079865,0,0.0,0.0,0,0,0,0,0,0,0,0,1.606017745854634,1170,2132,3769,0.002480879034999335,0.020638442406162,0.03655916560185881,2097,0,0.1066
190,48827,rx_panda_base,/home/telilab4090/Documents/Gazebo World/my_world/rt_out/experiments/semantic_ablation_actor_200f/sionna_xml/frame_190_sionna.xml,30.0,0.0,0.0,2.4,0.582,0.888,1.195,28000000000.0,25,7.579527228074312e-09,6.284866316264015e-08,5.526913593456584e-08,1.814251504583808e-08,-77.41302508079865,-47.41302508079865,cir_coefficients_tau_mask,,"[1, 1, 1, 1, 25, 1]","[1, 1, 25]","[1, 1, 25]","[1, 1, 25]",,True,,25,5.526913593456584e-08,-47.41302508079865,0,0.0,0.0,0,0,0,0,0,0,0,0,1.606017745854634,1173,2816,3638,0.0033217287074461485,0.026947072231952203,0.04384064780751995,2816,0,0.1408
191,49084,rx_panda_base,/home/telilab4090/Documents/Gazebo World/my_world/rt_out/experiments/semantic_ablation_actor_200f/sionna_xml/frame_191_sionna.xml,30.0,0.0,0.0,2.4,0.582,0.888,1.195,28000000000.0,25,7.579527228074312e-09,6.284866316264015e-08,5.526913593456584e-08,1.814251859855176e-08,-77.41302423035216,-47.413024230352164,cir_coefficients_tau_mask,,"[1, 1, 1, 1, 25, 1]","[1, 1, 25]","[1, 1, 25]","[1, 1, 25]",,True,,25,5.526913593456584e-08,-47.41302508079865,0,0.0,8.504464830139113e-07,0,0,0,0,0,0,0,0,1.606017745854634,1231,3331,3738,0.004728458129354106,0.016111121094344875,0.03346669275031943,3331,0,0.16655
192,49341,rx_panda_base,/home/telilab4090/Documents/Gazebo World/my_world/rt_out/experiments/semantic_ablation_actor_200f/sionna_xml/frame_192_sionna.xml,30.0,0.0,0.0,2.4,0.582,0.888,1.195,28000000000.0,25,7.579527228074312e-09,6.284866316264015e-08,5.526913593456584e-08,1.814251859855176e-08,-77.41302423035216,-47.413024230352164,cir_coefficients_tau_mask,,"[1, 1, 1, 1, 25, 1]","[1, 1, 25]","[1, 1, 25]","[1, 1, 25]",,True,,25,5.526913593456584e-08,-47.413024230352164,0,0.0,0.0,0,0,0,0,0,0,0,0,1.606017745854634,1216,3298,3717,0.003957475009653791,0.02415382576432149,0.039552218528124544,3298,0,0.1649
193,49598,rx_panda_base,/home/telilab4090/Documents/Gazebo World/my_world/rt_out/experiments/semantic_ablation_actor_200f/sionna_xml/frame_193_sionna.xml,30.0,0.0,0.0,2.4,0.582,0.888,1.195,28000000000.0,28,7.579527228074312e-09,5.897902966012225e-08,5.139950243204794e-08,1.8210307928256952e-08,-77.39682710415286,-47.39682710415286,cir_coefficients_tau_mask,,"[1, 1, 1, 1, 28, 1]","[1, 1, 28]","[1, 1, 28]","[1, 1, 28]",,True,,25,5.526913593456584e-08,-47.413024230352164,3,-3.8696335025179e-09,0.016197126199301692,1,0,0,0,0,0,0,0,1.606017745854634,1228,2560,3688,0.006575943199121056,0.026556043652332734,0.03405130508111023,2512,0,0.128
194,49855,rx_panda_base,/home/telilab4090/Documents/Gazebo World/my_world/rt_out/experiments/semantic_ablation_actor_200f/sionna_xml/frame_194_sionna.xml,30.0,0.0,0.0,2.4,0.582,0.888,1.195,28000000000.0,31,7.579527228074312e-09,6.284866316264015e-08,5.526913593456584e-08,2.3641270274765702e-08,-76.26329191982832,-46.26329191982832,cir_coefficients_tau_mask,,"[1, 1, 1, 1, 31, 1]","[1, 1, 31]","[1, 1, 31]","[1, 1, 31]",,True,,28,5.139950243204794e-08,-47.39682710415286,3,3.8696335025179e-09,1.1335351843245434,1,0,0,0,0,1,1,1,1.606017745854634,1449,3139,3745,0.0033751018222181006,0.015052981308692422,0.0216889572892,2205,0,0.15695
195,50112,rx_panda_base,/home/telilab4090/Documents/Gazebo World/my_world/rt_out/experiments/semantic_ablation_actor_200f/sionna_xml/frame_195_sionna.xml,30.0,0.0,0.0,2.4,0.582,0.888,1.195,28000000000.0,30,7.579527228074312e-09,6.284866316264015e-08,5.526913593456584e-08,2.3598287768322734e-08,-76.27119507188615,-46.271195071886154,cir_coefficients_tau_mask,,"[1, 1, 1, 1, 30, 1]","[1, 1, 30]","[1, 1, 30]","[1, 1, 30]",,True,,31,5.526913593456584e-08,-46.26329191982832,-1,0.0,-0.007903152057835428,1,1,0,0,0,0,0,0,1.606017745854634,1550,3206,3815,0.006616398222587268,0.01465116670636168,0.02117468785563499,2218,0,0.1603
196,50369,rx_panda_base,/home/telilab4090/Documents/Gazebo World/my_world/rt_out/experiments/semantic_ablation_actor_200f/sionna_xml/frame_196_sionna.xml,30.0,0.0,0.0,2.4,0.582,0.888,1.195,28000000000.0,31,7.579527228074312e-09,6.284866316264015e-08,5.526913593456584e-08,2.3641268498408863e-08,-76.26329224614835,-46.26329224614835,cir_coefficients_tau_mask,,"[1, 1, 1, 1, 31, 1]","[1, 1, 31]","[1, 1, 31]","[1, 1, 31]",,True,,30,5.526913593456584e-08,-46.271195071886154,1,0.0,0.007902825737801322,1,0,0,0,0,0,0,0,1.606017745854634,1527,3202,3643,0.0022195439621120585,0.010704032413659772,0.016840213848696634,1899,0,0.1601
197,50626,rx_panda_base,/home/telilab4090/Documents/Gazebo World/my_world/rt_out/experiments/semantic_ablation_actor_200f/sionna_xml/frame_197_sionna.xml,30.0,0.0,0.0,2.4,0.582,0.888,1.195,28000000000.0,26,7.579527228074312e-09,6.284866316264015e-08,5.526913593456584e-08,2.3566474993685915e-08,-76.27705373151464,-46.27705373151464,cir_coefficients_tau_mask,,"[1, 1, 1, 1, 26, 1]","[1, 1, 26]","[1, 1, 26]","[1, 1, 26]",,True,,31,5.526913593456584e-08,-46.26329224614835,-5,0.0,-0.013761485366288184,1,1,0,0,0,0,0,0,1.606017745854634,1784,3324,3740,0.003955947666821287,0.014799184116794586,0.020467036289238814,1996,0,0.1662
198,50883,rx_panda_base,/home/telilab4090/Documents/Gazebo World/my_world/rt_out/experiments/semantic_ablation_actor_200f/sionna_xml/frame_198_sionna.xml,30.0,0.0,0.0,2.4,0.582,0.888,1.195,28000000000.0,27,7.579527228074312e-09,6.284866316264015e-08,5.526913593456584e-08,2.3569297624703722e-08,-76.27653359446846,-46.27653359446846,cir_coefficients_tau_mask,,"[1, 1, 1, 1, 27, 1]","[1, 1, 27]","[1, 1, 27]","[1, 1, 27]",,True,,26,5.526913593456584e-08,-46.27705373151464,1,0.0,0.00052013704618048,1,0,0,0,0,0,0,0,1.606017745854634,2028,3365,3762,0.008010583142540845,0.01467538021236176,0.021086212176180973,2012,0,0.16825
199,51140,rx_panda_base,/home/telilab4090/Documents/Gazebo World/my_world/rt_out/experiments/semantic_ablation_actor_200f/sionna_xml/frame_199_sionna.xml,30.0,0.0,0.0,2.4,0.582,0.888,1.195,28000000000.0,27,7.579527228074312e-09,6.284866316264015e-08,5.526913593456584e-08,2.3569297624703722e-08,-76.27653359446846,-46.27653359446846,cir_coefficients_tau_mask,,"[1, 1, 1, 1, 27, 1]","[1, 1, 27]","[1, 1, 27]","[1, 1, 27]",,True,,27,5.526913593456584e-08,-46.27653359446846,0,0.0,0.0,0,0,0,0,0,0,0,0,1.606017745854634,2031,3328,3735,0.003024168497226735,0.01453523728490096,0.02081824916237762,2007,0,0.1664
1,257,rx_ur5_base,/home/telilab4090/Documents/Gazebo World/my_world/rt_out/experiments/semantic_ablation_actor_200f/sionna_xml/frame_001_sionna.xml,30.0,0.0,0.0,2.4,0.497,-0.841,0.995,28000000000.0,15,5.708055805797585e-09,5.930293767164585e-08,5.3594881865848265e-08,6.875650910842523e-07,-61.626861813368485,-31.626861813368485,cir_coefficients_tau_mask,,"[1, 1, 1, 1, 15, 1]","[1, 1, 15]","[1, 1, 15]","[1, 1, 15]",,True,,19,5.3594881865848265e-08,-31.621409167313168,-4,0.0,-0.0054526460553177,1,1,0,0,0,0,0,0,1.7112320123232851,1629,3234,3826,0.031390366472376405,0.043691913613495156,0.050777205238544315,1634,0,0.1617
2,514,rx_ur5_base,/home/telilab4090/Documents/Gazebo World/my_world/rt_out/experiments/semantic_ablation_actor_200f/sionna_xml/frame_002_sionna.xml,30.0,0.0,0.0,2.4,0.497,-0.841,0.995,28000000000.0,17,5.708055805797585e-09,5.930293767164585e-08,5.3594881865848265e-08,6.882079333081492e-07,-61.62280325362148,-31.622803253621477,cir_coefficients_tau_mask,,"[1, 1, 1, 1, 17, 1]","[1, 1, 17]","[1, 1, 17]","[1, 1, 17]",,True,,15,5.3594881865848265e-08,-31.626861813368485,2,0.0,0.004058559747008417,1,0,0,0,0,0,0,0,1.7112320123232851,1512,3110,3623,0.0362934476158188,0.04815967386250247,0.05423322811531437,1517,0,0.1555
3,771,rx_ur5_base,/home/telilab4090/Documents/Gazebo World/my_world/rt_out/experiments/semantic_ablation_actor_200f/sionna_xml/frame_003_sionna.xml,30.0,0.0,0.0,2.4,0.497,-0.841,0.995,28000000000.0,19,5.708055805797585e-09,5.930293767164585e-08,5.3594881865848265e-08,6.884288836772612e-07,-61.62140916731317,-31.621409167313168,cir_coefficients_tau_mask,,"[1, 1, 1, 1, 19, 1]","[1, 1, 19]","[1, 1, 19]","[1, 1, 19]",,True,,17,5.3594881865848265e-08,-31.622803253621477,2,0.0,0.0013940863083092836,1,0,0,0,0,0,0,0,1.7112320123232851,1612,3141,3461,0.03226680079488485,0.0446410001748071,0.05152363697325464,1620,0,0.15705
4,1028,rx_ur5_base,/home/telilab4090/Documents/Gazebo World/my_world/rt_out/experiments/semantic_ablation_actor_200f/sionna_xml/frame_004_sionna.xml,30.0,0.0,0.0,2.4,0.497,-0.841,0.995,28000000000.0,19,5.708055805797585e-09,5.930293767164585e-08,5.3594881865848265e-08,6.884288836772612e-07,-61.62140916731317,-31.621409167313168,cir_coefficients_tau_mask,,"[1, 1, 1, 1, 19, 1]","[1, 1, 19]","[1, 1, 19]","[1, 1, 19]",,True,,19,5.3594881865848265e-08,-31.621409167313168,0,0.0,0.0,0,0,0,0,0,0,0,0,1.7112320123232851,1569,3150,3409,0.03158413833033662,0.049016078380658454,0.05433095648204301,1574,0,0.1575
5,1285,rx_ur5_base,/home/telilab4090/Documents/Gazebo World/my_world/rt_out/experiments/semantic_ablation_actor_200f/sionna_xml/frame_005_sionna.xml,30.0,0.0,0.0,2.4,0.497,-0.841,0.995,28000000000.0,15,2.8585452227503083e-08,5.930293767164585e-08,3.071748544414277e-08,1.4623647848210908e-09,-88.34944279721583,-58.34944279721583,cir_coefficients_tau_mask,,"[1, 1, 1, 1, 15, 1]","[1, 1, 15]","[1, 1, 15]","[1, 1, 15]",,True,,19,5.3594881865848265e-08,-31.621409167313168,-4,-2.2877396421705498e-08,-26.72803362990266,1,1,1,1,1,0,1,1,1.7112320123232851,1725,3124,3351,0.007884773575819402,0.01154179663483117,0.015886213200493823,1522,0,0.1562
6,1542,rx_ur5_base,/home/telilab4090/Documents/Gazebo World/my_world/rt_out/experiments/semantic_ablation_actor_200f/sionna_xml/frame_006_sionna.xml,30.0,0.0,0.0,2.4,0.497,-0.841,0.995,28000000000.0,15,2.8585452227503083e-08,5.930293767164585e-08,3.071748544414277e-08,1.462365339932603e-09,-88.34944114864071,-58.34944114864071,cir_coefficients_tau_mask,,"[1, 1, 1, 1, 15, 1]","[1, 1, 15]","[1, 1, 15]","[1, 1, 15]",,True,,15,3.071748544414277e-08,-58.34944279721583,0,0.0,1.6485751217487632e-06,0,0,0,0,0,0,0,0,1.7112320123232851,1755,3189,3468,0.010533700510792303,0.012129621410853886,0.01467848816306307,1557,0,0.15945
7,1799,rx_ur5_base,/home/telilab4090/Documents/Gazebo World/my_world/rt_out/experiments/semantic_ablation_actor_200f/sionna_xml/frame_007_sionna.xml,30.0,0.0,0.0,2.4,0.497,-0.841,0.995,28000000000.0,15,2.8585452227503083e-08,5.930293767164585e-08,3.071748544414277e-08,1.4623647848210908e-09,-88.34944279721583,-58.34944279721583,cir_coefficients_tau_mask,,"[1, 1, 1, 1, 15, 1]","[1, 1, 15]","[1, 1, 15]","[1, 1, 15]",,True,,15,3.071748544414277e-08,-58.34944114864071,0,0.0,-1.6485751217487632e-06,0,0,0,0,0,0,0,0,1.7112320123232851,1774,3136,3493,0.007599611328297633,0.01232775351626818,0.015796736700325567,1588,0,0.1568
8,2056,rx_ur5_base,/home/telilab4090/Documents/Gazebo World/my_world/rt_out/experiments/semantic_ablation_actor_200f/sionna_xml/frame_008_sionna.xml,30.0,0.0,0.0,2.4,0.497,-0.841,0.995,28000000000.0,14,2.8585452227503083e-08,5.930293767164585e-08,3.071748544414277e-08,1.4086869448703965e-09,-88.51185510241467,-58.51185510241467,cir_coefficients_tau_mask,,"[1, 1, 1, 1, 14, 1]","[1, 1, 14]","[1, 1, 14]","[1, 1, 14]",,True,,15,3.071748544414277e-08,-58.34944279721583,-1,0.0,-0.16241230519884198,1,1,0,0,0,0,0,0,1.7112320123232851,1735,3123,3508,0.008699278926727061,0.013240403833912697,0.017323384371505303,1523,0,0.15615
9,2313,rx_ur5_base,/home/telilab4090/Documents/Gazebo World/my_world/rt_out/experiments/semantic_ablation_actor_200f/sionna_xml/frame_009_sionna.xml,30.0,0.0,0.0,2.4,0.497,-0.841,0.995,28000000000.0,14,2.8585452227503083e-08,5.930293767164585e-08,3.071748544414277e-08,1.4086869448703965e-09,-88.51185510241467,-58.51185510241467,cir_coefficients_tau_mask,,"[1, 1, 1, 1, 14, 1]","[1, 1, 14]","[1, 1, 14]","[1, 1, 14]",,True,,14,3.071748544414277e-08,-58.51185510241467,0,0.0,0.0,0,0,0,0,0,0,0,0,1.7112320123232851,1768,3109,3487,0.006288875636476768,0.01162015137189296,0.015457627345277017,1560,0,0.15545
10,2570,rx_ur5_base,/home/telilab4090/Documents/Gazebo World/my_world/rt_out/experiments/semantic_ablation_actor_200f/sionna_xml/frame_010_sionna.xml,30.0,0.0,0.0,2.4,0.497,-0.841,0.995,28000000000.0,19,5.708055805797585e-09,5.930293767164585e-08,5.3594881865848265e-08,2.496733202406176e-07,-66.02627863300775,-36.02627863300775,cir_coefficients_tau_mask,,"[1, 1, 1, 1, 19, 1]","[1, 1, 19]","[1, 1, 19]","[1, 1, 19]",,True,,14,3.071748544414277e-08,-58.51185510241467,5,2.2877396421705498e-08,22.485576469406922,1,0,0,0,0,1,1,1,1.7112320123232851,1537,3127,3512,0.015270382093184137,0.02349487044068608,0.03045401002170751,1545,0,0.15635
11,2827,rx_ur5_base,/home/telilab4090/Documents/Gazebo World/my_world/rt_out/experiments/semantic_ablation_actor_200f/sionna_xml/frame_011_sionna.xml,30.0,0.0,0.0,2.4,0.497,-0.841,0.995,28000000000.0,27,5.708055805797585e-09,5.930293767164585e-08,5.3594881865848265e-08,9.265675089409342e-07,-60.331229328562216,-30.331229328562216,cir_coefficients_tau_mask,,"[1, 1, 1, 1, 27, 1]","[1, 1, 27]","[1, 1, 27]","[1, 1, 27]",,True,,19,5.3594881865848265e-08,-36.02627863300775,8,0.0,5.695049304445533,1,0,0,0,0,0,0,0,1.7112320123232851,1517,1899,3204,0.06655987715395689,0.0680168776863411,0.07046603623404285,1538,0,0.09495
12,3084,rx_ur5_base,/home/telilab4090/Documents/Gazebo World/my_world/rt_out/experiments/semantic_ablation_actor_200f/sionna_xml/frame_012_sionna.xml,30.0,0.0,0.0,2.4,0.497,-0.841,0.995,28000000000.0,28,5.708055805797585e-09,5.930293767164585e-08,5.3594881865848265e-08,9.265975791095116e-07,-60.331088387980415,-30.331088387980415,cir_coefficients_tau_mask,,"[1, 1, 1, 1, 28, 1]","[1, 1, 28]","[1, 1, 28]","[1, 1, 28]",,True,,27,5.3594881865848265e-08,-30.331229328562216,1,0.0,0.00014094058180091906,1,0,0,0,0,0,0,0,1.7112320123232851,1518,1751,3172,0.06684556028962768,0.06754126233885807,0.06963714709696006,1540,0,0.08755
13,3341,rx_ur5_base,/home/telilab4090/Documents/Gazebo World/my_world/rt_out/experiments/semantic_ablation_actor_200f/sionna_xml/frame_013_sionna.xml,30.0,0.0,0.0,2.4,0.497,-0.841,0.995,28000000000.0,30,5.708055805797585e-09,5.930293767164585e-08,5.3594881865848265e-08,9.263400784220721e-07,-60.33229545642016,-30.332295456420162,cir_coefficients_tau_mask,,"[1, 1, 1, 1, 30, 1]","[1, 1, 30]","[1, 1, 30]","[1, 1, 30]",,True,,28,5.3594881865848265e-08,-30.331088387980415,2,0.0,-0.001207068439747161,1,0,0,0,0,0,0,0,1.7112320123232851,1549,1723,3197,0.06682534383784917,0.06810846118752352,0.07046604221388257,1568,0,0.08615
14,3598,rx_ur5_base,/home/telilab4090/Documents/Gazebo World/my_world/rt_out/experiments/semantic_ablation_actor_200f/sionna_xml/frame_014_sionna.xml,30.0,0.0,0.0,2.4,0.497,-0.841,0.995,28000000000.0,26,5.708055805797585e-09,5.930293767164585e-08,5.3594881865848265e-08,6.688813414257311e-07,-61.746509186068906,-31.746509186068906,cir_coefficients_tau_mask,,"[1, 1, 1, 1, 26, 1]","[1, 1, 26]","[1, 1, 26]","[1, 1, 26]",,True,,30,5.3594881865848265e-08,-30.332295456420162,-4,0.0,-1.4142137296487434,1,1,1,1,0,0,1,0,1.7112320123232851,1292,1586,3173,0.06687025113729761,0.06797583137513827,0.06997088620930794,1586,0,0.0793
15,3855,rx_ur5_base,/home/telilab4090/Documents/Gazebo World/my_world/rt_out/experiments/semantic_ablation_actor_200f/sionna_xml/frame_015_sionna.xml,30.0,0.0,0.0,2.4,0.497,-0.841,0.995,28000000000.0,27,5.708055805797585e-09,6.370818539380707e-08,5.8000129588009486e-08,6.635689260292565e-07,-61.78113959552441,-31.781139595524408,cir_coefficients_tau_mask,,"[1, 1, 1, 1, 27, 1]","[1, 1, 27]","[1, 1, 27]","[1, 1, 27]",,True,,26,5.3594881865848265e-08,-31.746509186068906,1,4.405247722161221e-09,-0.03463040945550233,1,0,0,0,0,1,1,1,1.7112320123232851,955,1545,3202,0.06685176832359004,0.06837681104709671,0.07143560255337025,1545,0,0.07725
16,4112,rx_ur5_base,/home/telilab4090/Documents/Gazebo World/my_world/rt_out/experiments/semantic_ablation_actor_200f/sionna_xml/frame_016_sionna.xml,30.0,0.0,0.0,2.4,0.497,-0.841,0.995,28000000000.0,28,5.708055805797585e-09,6.370818539380707e-08,5.8000129588009486e-08,6.635623890360876e-07,-61.781182379234345,-31.781182379234345,cir_coefficients_tau_mask,,"[1, 1, 1, 1, 28, 1]","[1, 1, 28]","[1, 1, 28]","[1, 1, 28]",,True,,27,5.8000129588009486e-08,-31.781139595524408,1,0.0,-4.278370993660019e-05,1,0,0,0,0,0,0,0,1.7112320123232851,943,1536,3190,0.06687326481363146,0.06776225832672492,0.0702271597127951,1536,0,0.0768
17,4369,rx_ur5_base,/home/telilab4090/Documents/Gazebo World/my_world/rt_out/experiments/semantic_ablation_actor_200f/sionna_xml/frame_017_sionna.xml,30.0,0.0,0.0,2.4,0.497,-0.841,0.995,28000000000.0,28,5.708055805797585e-09,6.370818539380707e-08,5.8000129588009486e-08,6.635616500716424e-07,-61.78118721568025,-31.781187215680248,cir_coefficients_tau_mask,,"[1, 1, 1, 1, 28, 1]","[1, 1, 28]","[1, 1, 28]","[1, 1, 28]",,True,,28,5.8000129588009486e-08,-31.781182379234345,0,0.0,-4.836445903322328e-06,0,0,0,0,0,0,0,0,1.7112320123232851,962,1594,3246,0.06684348613322201,0.06759432567998523,0.06941031768957122,1594,0,0.0797
18,4626,rx_ur5_base,/home/telilab4090/Documents/Gazebo World/my_world/rt_out/experiments/semantic_ablation_actor_200f/sionna_xml/frame_018_sionna.xml,30.0,0.0,0.0,2.4,0.497,-0.841,0.995,28000000000.0,28,5.708055805797585e-09,6.370818539380707e-08,5.8000129588009486e-08,6.635616500716424e-07,-61.78118721568025,-31.781187215680248,cir_coefficients_tau_mask,,"[1, 1, 1, 1, 28, 1]","[1, 1, 28]","[1, 1, 28]","[1, 1, 28]",,True,,28,5.8000129588009486e-08,-31.781187215680248,0,0.0,0.0,0,0,0,0,0,0,0,0,1.7112320123232851,954,1502,3204,0.0668575628400166,0.06781084862339345,0.07014741528721906,1502,0,0.0751
19,4883,rx_ur5_base,/home/telilab4090/Documents/Gazebo World/my_world/rt_out/experiments/semantic_ablation_actor_200f/sionna_xml/frame_019_sionna.xml,30.0,0.0,0.0,2.4,0.497,-0.841,0.995,28000000000.0,28,5.708055805797585e-09,6.370818539380707e-08,5.8000129588009486e-08,7.195033617790614e-07,-61.42967172542268,-31.42967172542268,cir_coefficients_tau_mask,,"[1, 1, 1, 1, 28, 1]","[1, 1, 28]","[1, 1, 28]","[1, 1, 28]",,True,,28,5.8000129588009486e-08,-31.781187215680248,0,0.0,0.3515154902575688,0,0,0,0,0,0,0,0,1.7112320123232851,990,1587,3200,0.06683289012483333,0.06747687218961189,0.06985464365891357,1587,0,0.07935
20,5140,rx_ur5_base,/home/telilab4090/Documents/Gazebo World/my_world/rt_out/experiments/semantic_ablation_actor_200f/sionna_xml/frame_020_sionna.xml,30.0,0.0,0.0,2.4,0.497,-0.841,0.995,28000000000.0,24,5.708055805797585e-09,6.370818539380707e-08,5.8000129588009486e-08,7.19402237336908e-07,-61.43028215862014,-31.430282158620138,cir_coefficients_tau_mask,,"[1, 1, 1, 1, 24, 1]","[1, 1, 24]","[1, 1, 24]","[1, 1, 24]",,True,,28,5.8000129588009486e-08,-31.42967172542268,-4,0.0,-0.0006104331974583488,1,1,0,0,0,0,0,0,1.7112320123232851,994,1623,4278,0.06685812474625945,0.06763244416034532,0.06933706942123063,1623,0,0.08115
21,5397,rx_ur5_base,/home/telilab4090/Documents/Gazebo World/my_world/rt_out/experiments/semantic_ablation_actor_200f/sionna_xml/frame_021_sionna.xml,30.0,0.0,0.0,2.4,0.497,-0.841,0.995,28000000000.0,24,5.708055805797585e-09,6.370818539380707e-08,5.8000129588009486e-08,7.208517445178586e-07,-61.42154046179944,-31.421540461799438,cir_coefficients_tau_mask,,"[1, 1, 1, 1, 24, 1]","[1, 1, 24]","[1, 1, 24]","[1, 1, 24]",,True,,24,5.8000129588009486e-08,-31.430282158620138,0,0.0,0.008741696820699474,0,0,0,0,0,0,0,0,1.7112320123232851,929,1568,4757,0.06692580198407597,0.06833568104780777,0.07123420956709868,1568,0,0.0784
22,5654,rx_ur5_base,/home/telilab4090/Documents/Gazebo World/my_world/rt_out/experiments/semantic_ablation_actor_200f/sionna_xml/frame_022_sionna.xml,30.0,0.0,0.0,2.4,0.497,-0.841,0.995,28000000000.0,24,5.708055805797585e-09,6.370818539380707e-08,5.8000129588009486e-08,7.209146133391187e-07,-61.421161709971514,-31.421161709971514,cir_coefficients_tau_mask,,"[1, 1, 1, 1, 24, 1]","[1, 1, 24]","[1, 1, 24]","[1, 1, 24]",,True,,24,5.8000129588009486e-08,-31.421540461799438,0,0.0,0.0003787518279239066,0,0,0,0,0,0,0,0,1.7112320123232851,972,1587,4780,0.06694406426521733,0.06769821444741284,0.0697339919001394,1587,0,0.07935
23,5911,rx_ur5_base,/home/telilab4090/Documents/Gazebo World/my_world/rt_out/experiments/semantic_ablation_actor_200f/sionna_xml/frame_023_sionna.xml,30.0,0.0,0.0,2.4,0.497,-0.841,0.995,28000000000.0,24,5.708055805797585e-09,6.370818539380707e-08,5.8000129588009486e-08,8.516767024957517e-07,-60.69725232660461,-30.697252326604612,cir_coefficients_tau_mask,,"[1, 1, 1, 1, 24, 1]","[1, 1, 24]","[1, 1, 24]","[1, 1, 24]",,True,,24,5.8000129588009486e-08,-31.421161709971514,0,0.0,0.7239093833669017,0,0,0,0,0,0,0,0,1.7112320123232851,955,1575,4895,0.06692071847969688,0.06782875851028816,0.07099083024768717,1575,0,0.07875
24,6168,rx_ur5_base,/home/telilab4090/Documents/Gazebo World/my_world/rt_out/experiments/semantic_ablation_actor_200f/sionna_xml/frame_024_sionna.xml,30.0,0.0,0.0,2.4,0.497,-0.841,0.995,28000000000.0,26,5.708055805797585e-09,6.370818539380707e-08,5.8000129588009486e-08,8.510851330356672e-07,-60.70026995781002,-30.700269957810022,cir_coefficients_tau_mask,,"[1, 1, 1, 1, 26, 1]","[1, 1, 26]","[1, 1, 26]","[1, 1, 26]",,True,,24,5.8000129588009486e-08,-30.697252326604612,2,0.0,-0.0030176312054095433,1,0,0,0,0,0,0,0,1.7112320123232851,1002,1534,4894,0.0669237678612358,0.067848512006743,0.07025888389329359,1534,0,0.0767
25,6425,rx_ur5_base,/home/telilab4090/Documents/Gazebo World/my_world/rt_out/experiments/semantic_ablation_actor_200f/sionna_xml/frame_025_sionna.xml,30.0,0.0,0.0,2.4,0.497,-0.841,0.995,28000000000.0,25,5.708055805797585e-09,6.370818539380707e-08,5.8000129588009486e-08,8.50686660669453e-07,-60.702303771669676,-30.702303771669676,cir_coefficients_tau_mask,,"[1, 1, 1, 1, 25, 1]","[1, 1, 25]","[1, 1, 25]","[1, 1, 25]",,True,,26,5.8000129588009486e-08,-30.700269957810022,-1,0.0,-0.0020338138596542876,1,1,0,0,0,0,0,0,1.7112320123232851,1011,1580,5005,0.06690722145645031,0.06788757612074384,0.0702564643517622,1580,0,0.079
26,6682,rx_ur5_base,/home/telilab4090/Documents/Gazebo World/my_world/rt_out/experiments/semantic_ablation_actor_200f/sionna_xml/frame_026_sionna.xml,30.0,0.0,0.0,2.4,0.497,-0.841,0.995,28000000000.0,25,5.708055805797585e-09,6.370818539380707e-08,5.8000129588009486e-08,8.506630138072069e-07,-60.70242449584463,-30.70242449584463,cir_coefficients_tau_mask,,"[1, 1, 1, 1, 25, 1]","[1, 1, 25]","[1, 1, 25]","[1, 1, 25]",,True,,25,5.8000129588009486e-08,-30.702303771669676,0,0.0,-0.00012072417495545551,0,0,0,0,0,0,0,0,1.7112320123232851,987,1541,4883,0.06692564580496603,0.06829612778373881,0.07096761254503017,1541,0,0.07705
27,6939,rx_ur5_base,/home/telilab4090/Documents/Gazebo World/my_world/rt_out/experiments/semantic_ablation_actor_200f/sionna_xml/frame_027_sionna.xml,30.0,0.0,0.0,2.4,0.497,-0.841,0.995,28000000000.0,25,5.708055805797585e-09,6.370818539380707e-08,5.8000129588009486e-08,8.506435165145376e-07,-60.70252403777276,-30.70252403777276,cir_coefficients_tau_mask,,"[1, 1, 1, 1, 25, 1]","[1, 1, 25]","[1, 1, 25]","[1, 1, 25]",,True,,25,5.8000129588009486e-08,-30.70242449584463,0,0.0,-9.954192812955398e-05,0,0,0,0,0,0,0,0,1.7112320123232851,985,1546,4922,0.06692094044875702,0.06761247368751122,0.06996153630859794,1541,0,0.0773
28,7196,rx_ur5_base,/home/telilab4090/Documents/Gazebo World/my_world/rt_out/experiments/semantic_ablation_actor_200f/sionna_xml/frame_028_sionna.xml,30.0,0.0,0.0,2.4,0.497,-0.841,0.995,28000000000.0,28,5.708055805797585e-09,6.370818539380707e-08,5.8000129588009486e-08,8.172062280209502e-07,-60.87668332219686,-30.87668332219686,cir_coefficients_tau_mask,,"[1, 1, 1, 1, 28, 1]","[1, 1, 28]","[1, 1, 28]","[1, 1, 28]",,True,,25,5.8000129588009486e-08,-30.70252403777276,3,0.0,-0.17415928442409978,1,0,0,0,0,0,0,0,1.7112320123232851,1031,1570,4893,0.06701571284574659,0.06836772565521913,0.07051022797117823,1527,0,0.0785
29,7453,rx_ur5_base,/home/telilab4090/Documents/Gazebo World/my_world/rt_out/experiments/semantic_ablation_actor_200f/sionna_xml/frame_029_sionna.xml,30.0,0.0,0.0,2.4,0.497,-0.841,0.995,28000000000.0,28,5.708055805797585e-09,6.370818539380707e-08,5.8000129588009486e-08,8.171841727744322e-07,-60.87680053374994,-30.876800533749943,cir_coefficients_tau_mask,,"[1, 1, 1, 1, 28, 1]","[1, 1, 28]","[1, 1, 28]","[1, 1, 28]",,True,,28,5.8000129588009486e-08,-30.87668332219686,0,0.0,-0.00011721155308208608,0,0,0,0,0,0,0,0,1.7112320123232851,1142,1597,4979,0.06694819221278712,0.06821361135107859,0.0708501121251399,1594,0,0.07985
30,7710,rx_ur5_base,/home/telilab4090/Documents/Gazebo World/my_world/rt_out/experiments/semantic_ablation_actor_200f/sionna_xml/frame_030_sionna.xml,30.0,0.0,0.0,2.4,0.497,-0.841,0.995,28000000000.0,29,5.708055805797585e-09,6.370818539380707e-08,5.8000129588009486e-08,8.172424941221834e-07,-60.876490594613124,-30.876490594613124,cir_coefficients_tau_mask,,"[1, 1, 1, 1, 29, 1]","[1, 1, 29]","[1, 1, 29]","[1, 1, 29]",,True,,28,5.8000129588009486e-08,-30.876800533749943,1,0.0,0.000309939136819537,1,0,0,0,0,0,0,0,1.7112320123232851,1109,1552,5008,0.06687117358391108,0.06829868488688037,0.07141435559516016,1552,0,0.0776
31,7967,rx_ur5_base,/home/telilab4090/Documents/Gazebo World/my_world/rt_out/experiments/semantic_ablation_actor_200f/sionna_xml/frame_031_sionna.xml,30.0,0.0,0.0,2.4,0.497,-0.841,0.995,28000000000.0,30,5.708055805797585e-09,6.370818539380707e-08,5.8000129588009486e-08,8.172740422196512e-07,-60.876322946695936,-30.876322946695936,cir_coefficients_tau_mask,,"[1, 1, 1, 1, 30, 1]","[1, 1, 30]","[1, 1, 30]","[1, 1, 30]",,True,,29,5.8000129588009486e-08,-30.876490594613124,1,0.0,0.00016764791718770766,1,0,0,0,0,0,0,0,1.7112320123232851,1046,1510,4876,0.06687084761068396,0.06846818706813937,0.07142489008271452,1510,0,0.0755
32,8224,rx_ur5_base,/home/telilab4090/Documents/Gazebo World/my_world/rt_out/experiments/semantic_ablation_actor_200f/sionna_xml/frame_032_sionna.xml,30.0,0.0,0.0,2.4,0.497,-0.841,0.995,28000000000.0,30,5.708055805797585e-09,6.370818539380707e-08,5.8000129588009486e-08,8.172650609594712e-07,-60.87637067283144,-30.87637067283144,cir_coefficients_tau_mask,,"[1, 1, 1, 1, 30, 1]","[1, 1, 30]","[1, 1, 30]","[1, 1, 30]",,True,,30,5.8000129588009486e-08,-30.876322946695936,0,0.0,-4.772613550585447e-05,0,0,0,0,0,0,0,0,1.7112320123232851,1120,1579,4975,0.06686429499061751,0.06749324284198602,0.06964853403130135,1579,0,0.07895
33,8481,rx_ur5_base,/home/telilab4090/Documents/Gazebo World/my_world/rt_out/experiments/semantic_ablation_actor_200f/sionna_xml/frame_033_sionna.xml,30.0,0.0,0.0,2.4,0.497,-0.841,0.995,28000000000.0,30,5.708055805797585e-09,6.370818539380707e-08,5.8000129588009486e-08,7.911872899057926e-07,-61.01720698114765,-31.017206981147652,cir_coefficients_tau_mask,,"[1, 1, 1, 1, 30, 1]","[1, 1, 30]","[1, 1, 30]","[1, 1, 30]",,True,,30,5.8000129588009486e-08,-30.87637067283144,0,0.0,-0.14083630831621008,0,0,0,0,0,0,0,0,1.7112320123232851,1100,1586,4949,0.0670818350953821,0.06806178402251326,0.07031322097813555,1586,0,0.0793
34,8737,rx_ur5_base,/home/telilab4090/Documents/Gazebo World/my_world/rt_out/experiments/semantic_ablation_actor_200f/sionna_xml/frame_034_sionna.xml,30.0,0.0,0.0,2.4,0.497,-0.841,0.995,28000000000.0,30,5.708055805797585e-09,6.370818539380707e-08,5.8000129588009486e-08,7.911119155323831e-07,-61.01762074201362,-31.01762074201362,cir_coefficients_tau_mask,,"[1, 1, 1, 1, 30, 1]","[1, 1, 30]","[1, 1, 30]","[1, 1, 30]",,True,,30,5.8000129588009486e-08,-31.017206981147652,0,0.0,-0.0004137608659675607,0,0,0,0,0,0,0,0,1.7112320123232851,1279,1863,4971,0.06687003170266517,0.06802178209161149,0.07038351292106503,1774,0,0.09315
35,8994,rx_ur5_base,/home/telilab4090/Documents/Gazebo World/my_world/rt_out/experiments/semantic_ablation_actor_200f/sionna_xml/frame_035_sionna.xml,30.0,0.0,0.0,2.4,0.497,-0.841,0.995,28000000000.0,30,5.708055805797585e-09,6.370818539380707e-08,5.8000129588009486e-08,7.910934414212534e-07,-61.01772216000575,-31.017722160005754,cir_coefficients_tau_mask,,"[1, 1, 1, 1, 30, 1]","[1, 1, 30]","[1, 1, 30]","[1, 1, 30]",,True,,30,5.8000129588009486e-08,-31.01762074201362,0,0.0,-0.00010141799213414515,0,0,0,0,0,0,0,0,1.7112320123232851,1373,1967,4979,0.06688968437093426,0.06752453644552987,0.06976900430311386,1889,0,0.09835
36,9251,rx_ur5_base,/home/telilab4090/Documents/Gazebo World/my_world/rt_out/experiments/semantic_ablation_actor_200f/sionna_xml/frame_036_sionna.xml,30.0,0.0,0.0,2.4,0.497,-0.841,0.995,28000000000.0,29,5.708055805797585e-09,6.370818539380707e-08,5.8000129588009486e-08,6.112433652560867e-07,-62.13785841894186,-32.13785841894186,cir_coefficients_tau_mask,,"[1, 1, 1, 1, 29, 1]","[1, 1, 29]","[1, 1, 29]","[1, 1, 29]",,True,,30,5.8000129588009486e-08,-31.017722160005754,-1,0.0,-1.1201362589361068,1,1,1,1,0,0,1,0,1.7112320123232851,1354,1935,5009,0.06688851333088258,0.06794045709255056,0.07013761824721676,1825,0,0.09675
37,9508,rx_ur5_base,/home/telilab4090/Documents/Gazebo World/my_world/rt_out/experiments/semantic_ablation_actor_200f/sionna_xml/frame_037_sionna.xml,30.0,0.0,0.0,2.4,0.497,-0.841,0.995,28000000000.0,29,5.708055805797585e-09,6.370818539380707e-08,5.8000129588009486e-08,6.112388746259967e-07,-62.13789032543186,-32.13789032543186,cir_coefficients_tau_mask,,"[1, 1, 1, 1, 29, 1]","[1, 1, 29]","[1, 1, 29]","[1, 1, 29]",,True,,29,5.8000129588009486e-08,-32.13785841894186,0,0.0,-3.1906490001176735e-05,0,0,0,0,0,0,0,0,1.7112320123232851,1280,1872,4964,0.0668774795077814,0.06791393204031125,0.0699765509937668,1759,0,0.0936
38,9765,rx_ur5_base,/home/telilab4090/Documents/Gazebo World/my_world/rt_out/experiments/semantic_ablation_actor_200f/sionna_xml/frame_038_sionna.xml,30.0,0.0,0.0,2.4,0.497,-0.841,0.995,28000000000.0,31,5.708055805797585e-09,6.370818539380707e-08,5.8000129588009486e-08,1.01028410881554e-06,-59.95556478157959,-29.95556478157959,cir_coefficients_tau_mask,,"[1, 1, 1, 1, 31, 1]","[1, 1, 31]","[1, 1, 31]","[1, 1, 31]",,True,,29,5.8000129588009486e-08,-32.13789032543186,2,0.0,2.182325543852272,1,0,0,0,0,0,0,0,1.7112320123232851,1166,1963,4865,0.06692625929349368,0.06759980631681382,0.06985837876319624,1845,0,0.09815
39,10022,rx_ur5_base,/home/telilab4090/Documents/Gazebo World/my_world/rt_out/experiments/semantic_ablation_actor_200f/sionna_xml/frame_039_sionna.xml,30.0,0.0,0.0,2.4,0.497,-0.841,0.995,28000000000.0,29,5.708055805797585e-09,5.930293767164585e-08,5.3594881865848265e-08,7.80667221533804e-07,-61.07534055304005,-31.07534055304005,cir_coefficients_tau_mask,,"[1, 1, 1, 1, 29, 1]","[1, 1, 29]","[1, 1, 29]","[1, 1, 29]",,True,,31,5.8000129588009486e-08,-29.95556478157959,-2,-4.405247722161221e-09,-1.1197757714604606,1,1,1,1,0,0,1,0,1.7112320123232851,1320,2231,4976,0.06699820991954762,0.06764343220499117,0.0694276339719757,1946,0,0.11155
40,10279,rx_ur5_base,/home/telilab4090/Documents/Gazebo World/my_world/rt_out/experiments/semantic_ablation_actor_200f/sionna_xml/frame_040_sionna.xml,30.0,0.0,0.0,2.4,0.497,-0.841,0.995,28000000000.0,26,5.708055805797585e-09,5.930293767164585e-08,5.3594881865848265e-08,7.806144708411011e-07,-61.075634021347255,-31.075634021347255,cir_coefficients_tau_mask,,"[1, 1, 1, 1, 26, 1]","[1, 1, 26]","[1, 1, 26]","[1, 1, 26]",,True,,29,5.3594881865848265e-08,-31.07534055304005,-3,0.0,-0.0002934683072055577,1,1,0,0,0,0,0,0,1.7112320123232851,1376,2326,5007,0.06691965208064679,0.06787290792403135,0.07004567636662105,2007,0,0.1163
41,10536,rx_ur5_base,/home/telilab4090/Documents/Gazebo World/my_world/rt_out/experiments/semantic_ablation_actor_200f/sionna_xml/frame_041_sionna.xml,30.0,0.0,0.0,2.4,0.497,-0.841,0.995,28000000000.0,26,5.708055805797585e-09,5.930293767164585e-08,5.3594881865848265e-08,7.806130497556296e-07,-61.07564192755657,-31.075641927556568,cir_coefficients_tau_mask,,"[1, 1, 1, 1, 26, 1]","[1, 1, 26]","[1, 1, 26]","[1, 1, 26]",,True,,26,5.3594881865848265e-08,-31.075634021347255,0,0.0,-7.906209312125156e-06,0,0,0,0,0,0,0,0,1.7112320123232851,1385,2311,4927,0.06694385058923749,0.06738937168030848,0.06884579058062167,2010,0,0.11555
42,10793,rx_ur5_base,/home/telilab4090/Documents/Gazebo World/my_world/rt_out/experiments/semantic_ablation_actor_200f/sionna_xml/frame_042_sionna.xml,30.0,0.0,0.0,2.4,0.497,-0.841,0.995,28000000000.0,26,5.708055805797585e-09,5.930293767164585e-08,5.3594881865848265e-08,7.806066832927172e-07,-61.075677347551,-31.075677347551,cir_coefficients_tau_mask,,"[1, 1, 1, 1, 26, 1]","[1, 1, 26]","[1, 1, 26]","[1, 1, 26]",,True,,26,5.3594881865848265e-08,-31.075641927556568,0,0.0,-3.541999443257282e-05,0,0,0,0,0,0,0,0,1.7112320123232851,1322,2250,5030,0.06690218432186541,0.06756205718649771,0.06987053035427036,1966,0,0.1125
43,11050,rx_ur5_base,/home/telilab4090/Documents/Gazebo World/my_world/rt_out/experiments/semantic_ablation_actor_200f/sionna_xml/frame_043_sionna.xml,30.0,0.0,0.0,2.4,0.497,-0.841,0.995,28000000000.0,25,5.708055805797585e-09,5.930293767164585e-08,5.3594881865848265e-08,7.803904509273707e-07,-61.07688053391978,-31.076880533919777,cir_coefficients_tau_mask,,"[1, 1, 1, 1, 25, 1]","[1, 1, 25]","[1, 1, 25]","[1, 1, 25]",,True,,26,5.3594881865848265e-08,-31.075677347551,-1,0.0,-0.0012031863687766986,1,1,0,0,0,0,0,0,1.7112320123232851,1326,2301,4934,0.06693538040361333,0.06833604297009613,0.07035524138302347,2000,0,0.11505
44,11307,rx_ur5_base,/home/telilab4090/Documents/Gazebo World/my_world/rt_out/experiments/semantic_ablation_actor_200f/sionna_xml/frame_044_sionna.xml,30.0,0.0,0.0,2.4,0.497,-0.841,0.995,28000000000.0,26,5.708055805797585e-09,6.370818539380707e-08,5.8000129588009486e-08,7.805762152202078e-07,-61.07584686152376,-31.075846861523758,cir_coefficients_tau_mask,,"[1, 1, 1, 1, 26, 1]","[1, 1, 26]","[1, 1, 26]","[1, 1, 26]",,True,,25,5.3594881865848265e-08,-31.076880533919777,1,4.405247722161221e-09,0.0010336723960193694,1,0,0,0,0,1,1,1,1.7112320123232851,1324,2294,5040,0.06689014267500464,0.06809739857255889,0.07000800288089667,1996,0,0.1147
45,11564,rx_ur5_base,/home/telilab4090/Documents/Gazebo World/my_world/rt_out/experiments/semantic_ablation_actor_200f/sionna_xml/frame_045_sionna.xml,30.0,0.0,0.0,2.4,0.497,-0.841,0.995,28000000000.0,26,5.708055805797585e-09,6.370818539380707e-08,5.8000129588009486e-08,1.2280924011065508e-06,-59.107689558487564,-29.107689558487564,cir_coefficients_tau_mask,,"[1, 1, 1, 1, 26, 1]","[1, 1, 26]","[1, 1, 26]","[1, 1, 26]",,True,,26,5.8000129588009486e-08,-31.075846861523758,0,0.0,1.9681573030361932,0,0,0,0,0,0,0,0,1.7112320123232851,1260,2387,5061,0.06693640143091108,0.06779307364893394,0.06977932474942557,2032,0,0.11935
46,11821,rx_ur5_base,/home/telilab4090/Documents/Gazebo World/my_world/rt_out/experiments/semantic_ablation_actor_200f/sionna_xml/frame_046_sionna.xml,30.0,0.0,0.0,2.4,0.497,-0.841,0.995,28000000000.0,26,5.708055805797585e-09,6.370818539380707e-08,5.8000129588009486e-08,1.238346385434852e-06,-59.071578591594395,-29.071578591594395,cir_coefficients_tau_mask,,"[1, 1, 1, 1, 26, 1]","[1, 1, 26]","[1, 1, 26]","[1, 1, 26]",,True,,26,5.8000129588009486e-08,-29.107689558487564,0,0.0,0.03611096689316895,0,0,0,0,0,0,0,0,1.7112320123232851,1199,2106,5043,0.06691938128338352,0.06750151056660202,0.06991669929654487,1832,0,0.1053
47,12078,rx_ur5_base,/home/telilab4090/Documents/Gazebo World/my_world/rt_out/experiments/semantic_ablation_actor_200f/sionna_xml/frame_047_sionna.xml,30.0,0.0,0.0,2.4,0.497,-0.841,0.995,28000000000.0,26,5.708055805797585e-09,6.370818539380707e-08,5.8000129588009486e-08,1.2383511602820363e-06,-59.07156184599066,-29.071561845990658,cir_coefficients_tau_mask,,"[1, 1, 1, 1, 26, 1]","[1, 1, 26]","[1, 1, 26]","[1, 1, 26]",,True,,26,5.8000129588009486e-08,-29.071578591594395,0,0.0,1.6745603737433612e-05,0,0,0,0,0,0,0,0,1.7112320123232851,1238,2154,5002,0.06690556350841768,0.06763706844582949,0.06932907423206662,1836,0,0.1077
48,12335,rx_ur5_base,/home/telilab4090/Documents/Gazebo World/my_world/rt_out/experiments/semantic_ablation_actor_200f/sionna_xml/frame_048_sionna.xml,30.0,0.0,0.0,2.4,0.497,-0.841,0.995,28000000000.0,26,5.708055805797585e-09,6.370818539380707e-08,5.8000129588009486e-08,1.2383881085042958e-06,-59.071432269096974,-29.071432269096974,cir_coefficients_tau_mask,,"[1, 1, 1, 1, 26, 1]","[1, 1, 26]","[1, 1, 26]","[1, 1, 26]",,True,,26,5.8000129588009486e-08,-29.071561845990658,0,0.0,0.00012957689368420233,0,0,0,0,0,0,0,0,1.7112320123232851,1225,2163,5157,0.06691378619144145,0.06787140206647783,0.0699645896273893,1880,0,0.10815
49,12592,rx_ur5_base,/home/telilab4090/Documents/Gazebo World/my_world/rt_out/experiments/semantic_ablation_actor_200f/sionna_xml/frame_049_sionna.xml,30.0,0.0,0.0,2.4,0.497,-0.841,0.995,28000000000.0,29,5.708055805797585e-09,6.370818539380707e-08,5.8000129588009486e-08,9.158563329947356e-07,-60.381726471630486,-30.381726471630486,cir_coefficients_tau_mask,,"[1, 1, 1, 1, 29, 1]","[1, 1, 29]","[1, 1, 29]","[1, 1, 29]",,True,,26,5.8000129588009486e-08,-29.071432269096974,3,0.0,-1.3102942025335125,1,0,1,1,0,0,1,0,1.7112320123232851,1228,2304,4903,0.06686755259677193,0.06812433875317665,0.07082893858894534,1822,0,0.1152
50,12849,rx_ur5_base,/home/telilab4090/Documents/Gazebo World/my_world/rt_out/experiments/semantic_ablation_actor_200f/sionna_xml/frame_050_sionna.xml,30.0,0.0,0.0,2.4,0.497,-0.841,0.995,28000000000.0,29,5.708055805797585e-09,6.370818539380707e-08,5.8000129588009486e-08,9.239101359526103e-07,-60.34370268344659,-30.343702683446587,cir_coefficients_tau_mask,,"[1, 1, 1, 1, 29, 1]","[1, 1, 29]","[1, 1, 29]","[1, 1, 29]",,True,,29,5.8000129588009486e-08,-30.381726471630486,0,0.0,0.0380237881838994,0,0,0,0,0,0,0,0,1.7112320123232851,1101,2088,4906,0.06688139619094113,0.06789090845778246,0.07039903924979148,1547,0,0.1044
51,13106,rx_ur5_base,/home/telilab4090/Documents/Gazebo World/my_world/rt_out/experiments/semantic_ablation_actor_200f/sionna_xml/frame_051_sionna.xml,30.0,0.0,0.0,2.4,0.497,-0.841,0.995,28000000000.0,29,5.708055805797585e-09,6.370818539380707e-08,5.8000129588009486e-08,9.190242167278484e-07,-60.366730445957096,-30.366730445957096,cir_coefficients_tau_mask,,"[1, 1, 1, 1, 29, 1]","[1, 1, 29]","[1, 1, 29]","[1, 1, 29]",,True,,29,5.8000129588009486e-08,-30.343702683446587,0,0.0,-0.023027762510508865,0,0,0,0,0,0,0,0,1.7112320123232851,1104,2050,4707,0.06697966562638182,0.06804529980396576,0.07085109412910676,1570,0,0.1025
52,13363,rx_ur5_base,/home/telilab4090/Documents/Gazebo World/my_world/rt_out/experiments/semantic_ablation_actor_200f/sionna_xml/frame_052_sionna.xml,30.0,0.0,0.0,2.4,0.497,-0.841,0.995,28000000000.0,30,5.708055805797585e-09,6.370818539380707e-08,5.8000129588009486e-08,1.1430329323047772e-06,-59.419412568206376,-29.419412568206376,cir_coefficients_tau_mask,,"[1, 1, 1, 1, 30, 1]","[1, 1, 30]","[1, 1, 30]","[1, 1, 30]",,True,,29,5.8000129588009486e-08,-30.366730445957096,1,0.0,0.9473178777507201,1,0,0,0,0,0,0,0,1.7112320123232851,1211,2127,4917,0.06688995803527607,0.06775161630956919,0.06990289688582546,1637,0,0.10635
53,13620,rx_ur5_base,/home/telilab4090/Documents/Gazebo World/my_world/rt_out/experiments/semantic_ablation_actor_200f/sionna_xml/frame_053_sionna.xml,30.0,0.0,0.0,2.4,0.497,-0.841,0.995,28000000000.0,30,5.708055805797585e-09,6.370818539380707e-08,5.8000129588009486e-08,1.1137944966321811e-06,-59.531949323325776,-29.531949323325776,cir_coefficients_tau_mask,,"[1, 1, 1, 1, 30, 1]","[1, 1, 30]","[1, 1, 30]","[1, 1, 30]",,True,,30,5.8000129588009486e-08,-29.419412568206376,0,0.0,-0.11253675511940031,0,0,0,0,0,0,0,0,1.7112320123232851,1133,2285,4896,0.06694465542394666,0.06860714723951299,0.07114507044395754,1547,0,0.11425
54,13877,rx_ur5_base,/home/telilab4090/Documents/Gazebo World/my_world/rt_out/experiments/semantic_ablation_actor_200f/sionna_xml/frame_054_sionna.xml,30.0,0.0,0.0,2.4,0.497,-0.841,0.995,28000000000.0,29,5.708055805797585e-09,6.370818539380707e-08,5.8000129588009486e-08,1.0848788178918767e-06,-59.64618770257936,-29.64618770257936,cir_coefficients_tau_mask,,"[1, 1, 1, 1, 29, 1]","[1, 1, 29]","[1, 1, 29]","[1, 1, 29]",,True,,30,5.8000129588009486e-08,-29.531949323325776,-1,0.0,-0.11423837925358526,1,1,0,0,0,0,0,0,1.7112320123232851,1152,2001,4619,0.06685810426187562,0.0680120132911946,0.07025292280781076,1593,0,0.10005
55,14134,rx_ur5_base,/home/telilab4090/Documents/Gazebo World/my_world/rt_out/experiments/semantic_ablation_actor_200f/sionna_xml/frame_055_sionna.xml,30.0,0.0,0.0,2.4,0.497,-0.841,0.995,28000000000.0,29,5.708055805797585e-09,6.370818539380707e-08,5.8000129588009486e-08,1.2931701576235355e-06,-58.883443261212356,-28.883443261212356,cir_coefficients_tau_mask,,"[1, 1, 1, 1, 29, 1]","[1, 1, 29]","[1, 1, 29]","[1, 1, 29]",,True,,29,5.8000129588009486e-08,-29.64618770257936,0,0.0,0.7627444413670048,0,0,0,0,0,0,0,0,1.7112320123232851,1168,1928,3490,0.06687987638357322,0.06785832990971705,0.07031460749383886,1565,0,0.0964
56,14391,rx_ur5_base,/home/telilab4090/Documents/Gazebo World/my_world/rt_out/experiments/semantic_ablation_actor_200f/sionna_xml/frame_056_sionna.xml,30.0,0.0,0.0,2.4,0.497,-0.841,0.995,28000000000.0,30,5.708055805797585e-09,6.370818539380707e-08,5.8000129588009486e-08,1.2934040114487289e-06,-58.88265796437189,-28.882657964371887,cir_coefficients_tau_mask,,"[1, 1, 1, 1, 30, 1]","[1, 1, 30]","[1, 1, 30]","[1, 1, 30]",,True,,29,5.8000129588009486e-08,-28.883443261212356,1,0.0,0.0007852968404691296,1,0,0,0,0,0,0,0,1.7112320123232851,1081,1865,3307,0.06690381763744326,0.06813391100592203,0.07040943682598373,1504,0,0.09325
57,14648,rx_ur5_base,/home/telilab4090/Documents/Gazebo World/my_world/rt_out/experiments/semantic_ablation_actor_200f/sionna_xml/frame_057_sionna.xml,30.0,0.0,0.0,2.4,0.497,-0.841,0.995,28000000000.0,26,5.708055805797585e-09,6.370818539380707e-08,5.8000129588009486e-08,8.561930826544994e-07,-60.67428285234618,-30.67428285234618,cir_coefficients_tau_mask,,"[1, 1, 1, 1, 26, 1]","[1, 1, 26]","[1, 1, 26]","[1, 1, 26]",,True,,30,5.8000129588009486e-08,-28.882657964371887,-4,0.0,-1.7916248879742938,1,1,1,1,0,0,1,0,1.7112320123232851,1153,2050,3340,0.06685677916472293,0.06878839078352417,0.071675508709446,1582,0,0.1025
58,14905,rx_ur5_base,/home/telilab4090/Documents/Gazebo World/my_world/rt_out/experiments/semantic_ablation_actor_200f/sionna_xml/frame_058_sionna.xml,30.0,0.0,0.0,2.4,0.497,-0.841,0.995,28000000000.0,26,5.708055805797585e-09,6.370818539380707e-08,5.8000129588009486e-08,1.0111631354448036e-06,-59.95178772096441,-29.95178772096441,cir_coefficients_tau_mask,,"[1, 1, 1, 1, 26, 1]","[1, 1, 26]","[1, 1, 26]","[1, 1, 26]",,True,,26,5.8000129588009486e-08,-30.67428285234618,0,0.0,0.7224951313817698,0,0,0,0,0,0,0,0,1.7112320123232851,1157,1771,3190,0.06683952745337901,0.06855711512064094,0.0710483936666849,1515,0,0.08855
59,15162,rx_ur5_base,/home/telilab4090/Documents/Gazebo World/my_world/rt_out/experiments/semantic_ablation_actor_200f/sionna_xml/frame_059_sionna.xml,30.0,0.0,0.0,2.4,0.497,-0.841,0.995,28000000000.0,26,5.708055805797585e-09,6.370818539380707e-08,5.8000129588009486e-08,1.0111518804478692e-06,-59.95183606143584,-29.95183606143584,cir_coefficients_tau_mask,,"[1, 1, 1, 1, 26, 1]","[1, 1, 26]","[1, 1, 26]","[1, 1, 26]",,True,,26,5.8000129588009486e-08,-29.95178772096441,0,0.0,-4.8340471430208254e-05,0,0,0,0,0,0,0,0,1.7112320123232851,1187,1800,3181,0.06685377385680585,0.0678683793080547,0.07014082059461701,1538,0,0.09
60,15419,rx_ur5_base,/home/telilab4090/Documents/Gazebo World/my_world/rt_out/experiments/semantic_ablation_actor_200f/sionna_xml/frame_060_sionna.xml,30.0,0.0,0.0,2.4,0.497,-0.841,0.995,28000000000.0,26,5.708055805797585e-09,6.370818539380707e-08,5.8000129588009486e-08,1.0111518804478692e-06,-59.95183606143584,-29.95183606143584,cir_coefficients_tau_mask,,"[1, 1, 1, 1, 26, 1]","[1, 1, 26]","[1, 1, 26]","[1, 1, 26]",,True,,26,5.8000129588009486e-08,-29.95183606143584,0,0.0,0.0,0,0,0,0,0,0,0,0,1.7112320123232851,1178,1810,3269,0.06687183621063936,0.06787476304294039,0.0700322144520083,1548,0,0.0905
61,15676,rx_ur5_base,/home/telilab4090/Documents/Gazebo World/my_world/rt_out/experiments/semantic_ablation_actor_200f/sionna_xml/frame_061_sionna.xml,30.0,0.0,0.0,2.4,0.497,-0.841,0.995,28000000000.0,26,5.708055805797585e-09,6.370818539380707e-08,5.8000129588009486e-08,1.0111518804478692e-06,-59.95183606143584,-29.95183606143584,cir_coefficients_tau_mask,,"[1, 1, 1, 1, 26, 1]","[1, 1, 26]","[1, 1, 26]","[1, 1, 26]",,True,,26,5.8000129588009486e-08,-29.95183606143584,0,0.0,0.0,0,0,0,0,0,0,0,0,1.7112320123232851,1187,1867,3252,0.06685597614219023,0.06730871339859928,0.0695887050868114,1588,0,0.09335
62,15933,rx_ur5_base,/home/telilab4090/Documents/Gazebo World/my_world/rt_out/experiments/semantic_ablation_actor_200f/sionna_xml/frame_062_sionna.xml,30.0,0.0,0.0,2.4,0.497,-0.841,0.995,28000000000.0,25,5.708055805797585e-09,6.370818539380707e-08,5.8000129588009486e-08,1.0111157280334737e-06,-59.95199134052962,-29.951991340529617,cir_coefficients_tau_mask,,"[1, 1, 1, 1, 25, 1]","[1, 1, 25]","[1, 1, 25]","[1, 1, 25]",,True,,26,5.8000129588009486e-08,-29.95183606143584,-1,0.0,-0.00015527909377510696,1,1,0,0,0,0,0,0,1.7112320123232851,1145,1839,3188,0.06683763213054662,0.06802320240866618,0.07087913102487176,1539,0,0.09195
63,16190,rx_ur5_base,/home/telilab4090/Documents/Gazebo World/my_world/rt_out/experiments/semantic_ablation_actor_200f/sionna_xml/frame_063_sionna.xml,30.0,0.0,0.0,2.4,0.497,-0.841,0.995,28000000000.0,29,5.708055805797585e-09,6.370818539380707e-08,5.8000129588009486e-08,9.100100442083203e-07,-60.40953814140252,-30.40953814140252,cir_coefficients_tau_mask,,"[1, 1, 1, 1, 29, 1]","[1, 1, 29]","[1, 1, 29]","[1, 1, 29]",,True,,25,5.8000129588009486e-08,-29.951991340529617,4,0.0,-0.45754680087290467,1,0,0,0,0,0,0,0,1.7112320123232851,1001,1580,3153,0.0670038566694552,0.0686635568002731,0.07155900139266674,1580,0,0.079
64,16447,rx_ur5_base,/home/telilab4090/Documents/Gazebo World/my_world/rt_out/experiments/semantic_ablation_actor_200f/sionna_xml/frame_064_sionna.xml,30.0,0.0,0.0,2.4,0.497,-0.841,0.995,28000000000.0,30,5.708055805797585e-09,6.370818539380707e-08,5.8000129588009486e-08,1.000059910438722e-06,-59.99973982006422,-29.99973982006422,cir_coefficients_tau_mask,,"[1, 1, 1, 1, 30, 1]","[1, 1, 30]","[1, 1, 30]","[1, 1, 30]",,True,,29,5.8000129588009486e-08,-30.40953814140252,1,0.0,0.4097983213383003,1,0,0,0,0,0,0,0,1.7112320123232851,1046,1552,3210,0.06691269641280502,0.06765101734855977,0.07039302276885212,1552,0,0.0776
65,16704,rx_ur5_base,/home/telilab4090/Documents/Gazebo World/my_world/rt_out/experiments/semantic_ablation_actor_200f/sionna_xml/frame_065_sionna.xml,30.0,0.0,0.0,2.4,0.497,-0.841,0.995,28000000000.0,20,5.708055805797585e-09,6.370818539380707e-08,5.8000129588009486e-08,4.7566896910211653e-07,-63.22695179434187,-33.22695179434187,cir_coefficients_tau_mask,,"[1, 1, 1, 1, 20, 1]","[1, 1, 20]","[1, 1, 20]","[1, 1, 20]",,True,,30,5.8000129588009486e-08,-29.99973982006422,-10,0.0,-3.227211974277651,1,1,1,1,1,0,1,1,1.7112320123232851,1582,2948,3234,0.018499025909875035,0.030255793004989855,0.03675544777081846,1591,0,0.1474
66,16961,rx_ur5_base,/home/telilab4090/Documents/Gazebo World/my_world/rt_out/experiments/semantic_ablation_actor_200f/sionna_xml/frame_066_sionna.xml,30.0,0.0,0.0,2.4,0.497,-0.841,0.995,28000000000.0,16,5.708055805797585e-09,5.930293767164585e-08,5.3594881865848265e-08,6.90599904373812e-07,-61.60773486122575,-31.60773486122575,cir_coefficients_tau_mask,,"[1, 1, 1, 1, 16, 1]","[1, 1, 16]","[1, 1, 16]","[1, 1, 16]",,True,,20,5.8000129588009486e-08,-33.22695179434187,-4,-4.405247722161221e-09,1.619216933116121,1,1,0,0,0,0,0,0,1.7112320123232851,1714,3093,3132,0.01662174691892329,0.028640533552953783,0.03376744591056037,1505,0,0.15465
67,17218,rx_ur5_base,/home/telilab4090/Documents/Gazebo World/my_world/rt_out/experiments/semantic_ablation_actor_200f/sionna_xml/frame_067_sionna.xml,30.0,0.0,0.0,2.4,0.497,-0.841,0.995,28000000000.0,16,5.708055805797585e-09,5.930293767164585e-08,5.3594881865848265e-08,6.895335218359833e-07,-61.614446156454825,-31.614446156454825,cir_coefficients_tau_mask,,"[1, 1, 1, 1, 16, 1]","[1, 1, 16]","[1, 1, 16]","[1, 1, 16]",,True,,16,5.3594881865848265e-08,-31.60773486122575,0,0.0,-0.00671129522907421,0,0,0,0,0,0,0,0,1.7112320123232851,1643,3120,3158,0.022169991114330958,0.036952665443098914,0.041973209834539185,1559,0,0.156
68,17475,rx_ur5_base,/home/telilab4090/Documents/Gazebo World/my_world/rt_out/experiments/semantic_ablation_actor_200f/sionna_xml/frame_068_sionna.xml,30.0,0.0,0.0,2.4,0.497,-0.841,0.995,28000000000.0,16,5.708055805797585e-09,5.930293767164585e-08,5.3594881865848265e-08,6.895335218359833e-07,-61.614446156454825,-31.614446156454825,cir_coefficients_tau_mask,,"[1, 1, 1, 1, 16, 1]","[1, 1, 16]","[1, 1, 16]","[1, 1, 16]",,True,,16,5.3594881865848265e-08,-31.614446156454825,0,0.0,0.0,0,0,0,0,0,0,0,0,1.7112320123232851,1641,3135,3184,0.022161735069342058,0.03630216563918655,0.04249917948428665,1552,0,0.15675
69,17732,rx_ur5_base,/home/telilab4090/Documents/Gazebo World/my_world/rt_out/experiments/semantic_ablation_actor_200f/sionna_xml/frame_069_sionna.xml,30.0,0.0,0.0,2.4,0.497,-0.841,0.995,28000000000.0,13,2.8585452227503083e-08,5.930293767164585e-08,3.071748544414277e-08,1.380930036987138e-09,-88.59828323825502,-58.59828323825502,cir_coefficients_tau_mask,,"[1, 1, 1, 1, 13, 1]","[1, 1, 13]","[1, 1, 13]","[1, 1, 13]",,True,,16,5.3594881865848265e-08,-31.614446156454825,-3,-2.2877396421705498e-08,-26.983837081800196,1,1,1,1,1,0,1,1,1.7112320123232851,1765,3137,3179,0.002100901238593721,0.005771819933751069,0.011212762049771374,1549,0,0.15685
70,17989,rx_ur5_base,/home/telilab4090/Documents/Gazebo World/my_world/rt_out/experiments/semantic_ablation_actor_200f/sionna_xml/frame_070_sionna.xml,30.0,0.0,0.0,2.4,0.497,-0.841,0.995,28000000000.0,13,2.8585452227503083e-08,5.930293767164585e-08,3.071748544414277e-08,1.3809295928979282e-09,-88.59828463489002,-58.59828463489002,cir_coefficients_tau_mask,,"[1, 1, 1, 1, 13, 1]","[1, 1, 13]","[1, 1, 13]","[1, 1, 13]",,True,,13,3.071748544414277e-08,-58.59828323825502,0,0.0,-1.3966349996508143e-06,0,0,0,0,0,0,0,0,1.7112320123232851,1805,3170,3209,0.002560606353707673,0.0057642320534951694,0.010744727342630624,1520,0,0.1585
71,18246,rx_ur5_base,/home/telilab4090/Documents/Gazebo World/my_world/rt_out/experiments/semantic_ablation_actor_200f/sionna_xml/frame_071_sionna.xml,30.0,0.0,0.0,2.4,0.497,-0.841,0.995,28000000000.0,13,2.8585452227503083e-08,5.930293767164585e-08,3.071748544414277e-08,1.380929814942533e-09,-88.59828393657246,-58.59828393657246,cir_coefficients_tau_mask,,"[1, 1, 1, 1, 13, 1]","[1, 1, 13]","[1, 1, 13]","[1, 1, 13]",,True,,13,3.071748544414277e-08,-58.59828463489002,0,0.0,6.983175637742534e-07,0,0,0,0,0,0,0,0,1.7112320123232851,1766,3088,3121,0.0026977601442820472,0.006506924204799769,0.012199612336478833,1526,0,0.1544
72,18503,rx_ur5_base,/home/telilab4090/Documents/Gazebo World/my_world/rt_out/experiments/semantic_ablation_actor_200f/sionna_xml/frame_072_sionna.xml,30.0,0.0,0.0,2.4,0.497,-0.841,0.995,28000000000.0,13,2.8585452227503083e-08,5.930293767164585e-08,3.071748544414277e-08,1.380930036987138e-09,-88.59828323825502,-58.59828323825502,cir_coefficients_tau_mask,,"[1, 1, 1, 1, 13, 1]","[1, 1, 13]","[1, 1, 13]","[1, 1, 13]",,True,,13,3.071748544414277e-08,-58.59828393657246,0,0.0,6.983174358765609e-07,0,0,0,0,0,0,0,0,1.7112320123232851,1816,3218,3264,0.0026652505607706028,0.00510499430146629,0.009857080148200288,1583,0,0.1609
73,18760,rx_ur5_base,/home/telilab4090/Documents/Gazebo World/my_world/rt_out/experiments/semantic_ablation_actor_200f/sionna_xml/frame_073_sionna.xml,30.0,0.0,0.0,2.4,0.497,-0.841,0.995,28000000000.0,13,2.8585452227503083e-08,5.930293767164585e-08,3.071748544414277e-08,1.3809299259648355e-09,-88.59828358741373,-58.59828358741373,cir_coefficients_tau_mask,,"[1, 1, 1, 1, 13, 1]","[1, 1, 13]","[1, 1, 13]","[1, 1, 13]",,True,,13,3.071748544414277e-08,-58.59828323825502,0,0.0,-3.491587108328531e-07,0,0,0,0,0,0,0,0,1.7112320123232851,1740,3094,3142,0.0010091118395884387,0.004616474892365769,0.010080294715238004,1514,0,0.1547
74,19017,rx_ur5_base,/home/telilab4090/Documents/Gazebo World/my_world/rt_out/experiments/semantic_ablation_actor_200f/sionna_xml/frame_074_sionna.xml,30.0,0.0,0.0,2.4,0.497,-0.841,0.995,28000000000.0,15,2.8585452227503083e-08,5.930293767164585e-08,3.071748544414277e-08,1.4623646737987883e-09,-88.34944312693094,-58.349443126930936,cir_coefficients_tau_mask,,"[1, 1, 1, 1, 15, 1]","[1, 1, 15]","[1, 1, 15]","[1, 1, 15]",,True,,13,3.071748544414277e-08,-58.59828358741373,2,0.0,0.2488404604827963,1,0,0,0,0,0,0,0,1.7112320123232851,1787,3173,3213,0.002912462477497006,0.006687475725837286,0.012571473583353945,1529,0,0.15865
75,19274,rx_ur5_base,/home/telilab4090/Documents/Gazebo World/my_world/rt_out/experiments/semantic_ablation_actor_200f/sionna_xml/frame_075_sionna.xml,30.0,0.0,0.0,2.4,0.497,-0.841,0.995,28000000000.0,17,2.8585452227503083e-08,5.930293767164585e-08,3.071748544414277e-08,1.5416478094110175e-09,-88.12014829851418,-58.12014829851418,cir_coefficients_tau_mask,,"[1, 1, 1, 1, 17, 1]","[1, 1, 17]","[1, 1, 17]","[1, 1, 17]",,True,,15,3.071748544414277e-08,-58.349443126930936,2,0.0,0.22929482841675508,1,0,0,0,0,0,0,0,1.7112320123232851,1537,3159,3208,0.014531024089498398,0.01903836067346796,0.02257848431728829,1540,0,0.15795
76,19531,rx_ur5_base,/home/telilab4090/Documents/Gazebo World/my_world/rt_out/experiments/semantic_ablation_actor_200f/sionna_xml/frame_076_sionna.xml,30.0,0.0,0.0,2.4,0.497,-0.841,0.995,28000000000.0,19,2.8585452227503083e-08,6.370818539380707e-08,3.512273316630399e-08,1.772057833804297e-09,-87.515221083563,-57.515221083563006,cir_coefficients_tau_mask,,"[1, 1, 1, 1, 19, 1]","[1, 1, 19]","[1, 1, 19]","[1, 1, 19]",,True,,17,3.071748544414277e-08,-58.12014829851418,2,4.405247722161221e-09,0.6049272149511751,1,0,0,0,0,1,1,1,1.7112320123232851,1572,2986,3156,0.0028692442515219157,0.006215528678123239,0.01153047479358738,1576,0,0.1493
77,19788,rx_ur5_base,/home/telilab4090/Documents/Gazebo World/my_world/rt_out/experiments/semantic_ablation_actor_200f/sionna_xml/frame_077_sionna.xml,30.0,0.0,0.0,2.4,0.497,-0.841,0.995,28000000000.0,19,2.8585452227503083e-08,6.370818539380707e-08,3.512273316630399e-08,1.772057833804297e-09,-87.515221083563,-57.515221083563006,cir_coefficients_tau_mask,,"[1, 1, 1, 1, 19, 1]","[1, 1, 19]","[1, 1, 19]","[1, 1, 19]",,True,,19,3.512273316630399e-08,-57.515221083563006,0,0.0,0.0,0,0,0,0,0,0,0,0,1.7112320123232851,1559,2622,3118,0.005625976468473635,0.010155968046384809,0.016441147850954525,1569,0,0.1311
78,20045,rx_ur5_base,/home/telilab4090/Documents/Gazebo World/my_world/rt_out/experiments/semantic_ablation_actor_200f/sionna_xml/frame_078_sionna.xml,30.0,0.0,0.0,2.4,0.497,-0.841,0.995,28000000000.0,23,1.9024808395329273e-08,6.370818539380707e-08,4.46833769984778e-08,1.842872299206988e-09,-87.34504757928632,-57.345047579286316,cir_coefficients_tau_mask,,"[1, 1, 1, 1, 23, 1]","[1, 1, 23]","[1, 1, 23]","[1, 1, 23]",,True,,19,3.512273316630399e-08,-57.515221083563006,4,9.56064383217381e-09,0.17017350427668987,1,0,0,0,0,1,1,1,1.7112320123232851,1569,2575,3183,0.001973253708317919,0.007229241846873386,0.012879225179457705,1575,0,0.12875
79,20302,rx_ur5_base,/home/telilab4090/Documents/Gazebo World/my_world/rt_out/experiments/semantic_ablation_actor_200f/sionna_xml/frame_079_sionna.xml,30.0,0.0,0.0,2.4,0.497,-0.841,0.995,28000000000.0,23,1.9024808395329273e-08,6.370818539380707e-08,4.46833769984778e-08,1.8428725212515928e-09,-87.34504705601218,-57.34504705601218,cir_coefficients_tau_mask,,"[1, 1, 1, 1, 23, 1]","[1, 1, 23]","[1, 1, 23]","[1, 1, 23]",,True,,23,4.46833769984778e-08,-57.345047579286316,0,0.0,5.232741386862472e-07,0,0,0,0,0,0,0,0,1.7112320123232851,1544,2562,3200,0.003467811691523829,0.0100473074501987,0.017547901998669145,1554,0,0.1281
80,20559,rx_ur5_base,/home/telilab4090/Documents/Gazebo World/my_world/rt_out/experiments/semantic_ablation_actor_200f/sionna_xml/frame_080_sionna.xml,30.0,0.0,0.0,2.4,0.497,-0.841,0.995,28000000000.0,23,1.9024808395329273e-08,6.370818539380707e-08,4.46833769984778e-08,1.842872077162383e-09,-87.34504810256053,-57.345048102560526,cir_coefficients_tau_mask,,"[1, 1, 1, 1, 23, 1]","[1, 1, 23]","[1, 1, 23]","[1, 1, 23]",,True,,23,4.46833769984778e-08,-57.34504705601218,0,0.0,-1.046548348426768e-06,0,0,0,0,0,0,0,0,1.7112320123232851,1543,2559,3170,0.001024331142024647,0.008463992856102954,0.013974788330748096,1554,0,0.12795
81,20816,rx_ur5_base,/home/telilab4090/Documents/Gazebo World/my_world/rt_out/experiments/semantic_ablation_actor_200f/sionna_xml/frame_081_sionna.xml,30.0,0.0,0.0,2.4,0.497,-0.841,0.995,28000000000.0,27,5.708055805797585e-09,6.370818539380707e-08,5.8000129588009486e-08,7.014158427409711e-07,-61.5402442902013,-31.5402442902013,cir_coefficients_tau_mask,,"[1, 1, 1, 1, 27, 1]","[1, 1, 27]","[1, 1, 27]","[1, 1, 27]",,True,,23,4.46833769984778e-08,-57.345048102560526,4,1.3316752589531688e-08,25.804803812359225,1,0,0,0,0,1,1,1,1.7112320123232851,1520,1880,3095,0.047137533221827725,0.06033468708836594,0.06472552419664186,1538,0,0.094
82,21073,rx_ur5_base,/home/telilab4090/Documents/Gazebo World/my_world/rt_out/experiments/semantic_ablation_actor_200f/sionna_xml/frame_082_sionna.xml,30.0,0.0,0.0,2.4,0.497,-0.841,0.995,28000000000.0,29,5.708055805797585e-09,6.370818539380707e-08,5.8000129588009486e-08,9.249550885215285e-07,-60.33879354051018,-30.33879354051018,cir_coefficients_tau_mask,,"[1, 1, 1, 1, 29, 1]","[1, 1, 29]","[1, 1, 29]","[1, 1, 29]",,True,,27,5.8000129588009486e-08,-31.5402442902013,2,0.0,1.2014507496911193,1,0,0,0,0,0,0,0,1.7112320123232851,1546,1655,3198,0.06691976515158823,0.06857698808397729,0.07109325926659595,1569,0,0.08275
83,21330,rx_ur5_base,/home/telilab4090/Documents/Gazebo World/my_world/rt_out/experiments/semantic_ablation_actor_200f/sionna_xml/frame_083_sionna.xml,30.0,0.0,0.0,2.4,0.497,-0.841,0.995,28000000000.0,30,5.708055805797585e-09,6.370818539380707e-08,5.8000129588009486e-08,1.0583249832052388e-06,-59.753809516386234,-29.753809516386234,cir_coefficients_tau_mask,,"[1, 1, 1, 1, 30, 1]","[1, 1, 30]","[1, 1, 30]","[1, 1, 30]",,True,,29,5.8000129588009486e-08,-30.33879354051018,1,0.0,0.5849840241239477,1,0,0,0,0,0,0,0,1.7112320123232851,1553,1624,3185,0.06684571081170243,0.06849390670379524,0.07089286776215355,1601,0,0.0812
84,21587,rx_ur5_base,/home/telilab4090/Documents/Gazebo World/my_world/rt_out/experiments/semantic_ablation_actor_200f/sionna_xml/frame_084_sionna.xml,30.0,0.0,0.0,2.4,0.497,-0.841,0.995,28000000000.0,30,5.708055805797585e-09,6.370818539380707e-08,5.8000129588009486e-08,1.058342036230897e-06,-59.75373953811497,-29.75373953811497,cir_coefficients_tau_mask,,"[1, 1, 1, 1, 30, 1]","[1, 1, 30]","[1, 1, 30]","[1, 1, 30]",,True,,30,5.8000129588009486e-08,-29.753809516386234,0,0.0,6.997827126298262e-05,0,0,0,0,0,0,0,0,1.7112320123232851,1477,1559,3106,0.06691976514626721,0.06853381083231361,0.07144172100085122,1529,0,0.07795
85,21844,rx_ur5_base,/home/telilab4090/Documents/Gazebo World/my_world/rt_out/experiments/semantic_ablation_actor_200f/sionna_xml/frame_085_sionna.xml,30.0,0.0,0.0,2.4,0.497,-0.841,0.995,28000000000.0,30,5.708055805797585e-09,6.370818539380707e-08,5.8000129588009486e-08,1.058342036230897e-06,-59.75373953811497,-29.75373953811497,cir_coefficients_tau_mask,,"[1, 1, 1, 1, 30, 1]","[1, 1, 30]","[1, 1, 30]","[1, 1, 30]",,True,,30,5.8000129588009486e-08,-29.75373953811497,0,0.0,0.0,0,0,0,0,0,0,0,0,1.7112320123232851,1506,1577,3185,0.06683731823448251,0.06797060913224261,0.07045526181375995,1558,0,0.07885
86,22101,rx_ur5_base,/home/telilab4090/Documents/Gazebo World/my_world/rt_out/experiments/semantic_ablation_actor_200f/sionna_xml/frame_086_sionna.xml,30.0,0.0,0.0,2.4,0.497,-0.841,0.995,28000000000.0,29,5.708055805797585e-09,6.370818539380707e-08,5.8000129588009486e-08,1.0583000857877778e-06,-59.7539116866872,-29.753911686687204,cir_coefficients_tau_mask,,"[1, 1, 1, 1, 29, 1]","[1, 1, 29]","[1, 1, 29]","[1, 1, 29]",,True,,30,5.8000129588009486e-08,-29.75373953811497,-1,0.0,-0.00017214857223279978,1,1,0,0,0,0,0,0,1.7112320123232851,1525,1594,3141,0.0668567955766663,0.06786291628908715,0.07064929946451019,1571,0,0.0797
87,22358,rx_ur5_base,/home/telilab4090/Documents/Gazebo World/my_world/rt_out/experiments/semantic_ablation_actor_200f/sionna_xml/frame_087_sionna.xml,30.0,0.0,0.0,2.4,0.497,-0.841,0.995,28000000000.0,29,5.708055805797585e-09,6.370818539380707e-08,5.8000129588009486e-08,1.0583000857877778e-06,-59.7539116866872,-29.753911686687204,cir_coefficients_tau_mask,,"[1, 1, 1, 1, 29, 1]","[1, 1, 29]","[1, 1, 29]","[1, 1, 29]",,True,,29,5.8000129588009486e-08,-29.753911686687204,0,0.0,0.0,0,0,0,0,0,0,0,0,1.7112320123232851,1441,1520,3155,0.06698926583983823,0.06813917650241492,0.07055686149870455,1491,0,0.076
88,22615,rx_ur5_base,/home/telilab4090/Documents/Gazebo World/my_world/rt_out/experiments/semantic_ablation_actor_200f/sionna_xml/frame_088_sionna.xml,30.0,0.0,0.0,2.4,0.497,-0.841,0.995,28000000000.0,28,5.708055805797585e-09,6.370818539380707e-08,5.8000129588009486e-08,9.248444712284254e-07,-60.33931295332767,-30.33931295332767,cir_coefficients_tau_mask,,"[1, 1, 1, 1, 28, 1]","[1, 1, 28]","[1, 1, 28]","[1, 1, 28]",,True,,29,5.8000129588009486e-08,-29.753911686687204,-1,0.0,-0.5854012666404671,1,1,1,0,0,0,0,0,1.7112320123232851,1445,1512,3120,0.06757827603308982,0.06884007034258521,0.07141014670822923,1512,0,0.0756
89,22872,rx_ur5_base,/home/telilab4090/Documents/Gazebo World/my_world/rt_out/experiments/semantic_ablation_actor_200f/sionna_xml/frame_089_sionna.xml,30.0,0.0,0.0,2.4,0.497,-0.841,0.995,28000000000.0,28,5.708055805797585e-09,6.370818539380707e-08,5.8000129588009486e-08,9.248058177036e-07,-60.33949446885674,-30.339494468856742,cir_coefficients_tau_mask,,"[1, 1, 1, 1, 28, 1]","[1, 1, 28]","[1, 1, 28]","[1, 1, 28]",,True,,28,5.8000129588009486e-08,-30.33931295332767,0,0.0,-0.00018151552907141877,0,0,0,0,0,0,0,0,1.7112320123232851,1533,1955,3226,0.06684297118489833,0.06778242925155464,0.07034397703981465,1848,0,0.09775
90,23129,rx_ur5_base,/home/telilab4090/Documents/Gazebo World/my_world/rt_out/experiments/semantic_ablation_actor_200f/sionna_xml/frame_090_sionna.xml,30.0,0.0,0.0,2.4,0.497,-0.841,0.995,28000000000.0,28,5.708055805797585e-09,6.370818539380707e-08,5.8000129588009486e-08,9.248057608601812e-07,-60.33949473579693,-30.339494735796933,cir_coefficients_tau_mask,,"[1, 1, 1, 1, 28, 1]","[1, 1, 28]","[1, 1, 28]","[1, 1, 28]",,True,,28,5.8000129588009486e-08,-30.339494468856742,0,0.0,-2.669401908406144e-07,0,0,0,0,0,0,0,0,1.7112320123232851,1483,1961,3224,0.06684720538973389,0.0676541573915461,0.06984420560348538,1869,0,0.09805
91,23386,rx_ur5_base,/home/telilab4090/Documents/Gazebo World/my_world/rt_out/experiments/semantic_ablation_actor_200f/sionna_xml/frame_091_sionna.xml,30.0,0.0,0.0,2.4,0.497,-0.841,0.995,28000000000.0,28,5.708055805797585e-09,6.370818539380707e-08,5.8000129588009486e-08,9.248058177036e-07,-60.33949446885674,-30.339494468856742,cir_coefficients_tau_mask,,"[1, 1, 1, 1, 28, 1]","[1, 1, 28]","[1, 1, 28]","[1, 1, 28]",,True,,28,5.8000129588009486e-08,-30.339494735796933,0,0.0,2.669401908406144e-07,0,0,0,0,0,0,0,0,1.7112320123232851,1451,1928,3131,0.066924797340636,0.06810243671898739,0.0709562215321849,1831,0,0.0964
92,23643,rx_ur5_base,/home/telilab4090/Documents/Gazebo World/my_world/rt_out/experiments/semantic_ablation_actor_200f/sionna_xml/frame_092_sionna.xml,30.0,0.0,0.0,2.4,0.497,-0.841,0.995,28000000000.0,28,5.708055805797585e-09,6.370818539380707e-08,5.8000129588009486e-08,9.246226113646117e-07,-60.340354902286684,-30.340354902286684,cir_coefficients_tau_mask,,"[1, 1, 1, 1, 28, 1]","[1, 1, 28]","[1, 1, 28]","[1, 1, 28]",,True,,28,5.8000129588009486e-08,-30.339494468856742,0,0.0,-0.0008604334299420202,0,0,0,0,0,0,0,0,1.7112320123232851,1483,1958,3186,0.06682671912480334,0.06766110034455944,0.06972855920438319,1858,0,0.0979
93,23900,rx_ur5_base,/home/telilab4090/Documents/Gazebo World/my_world/rt_out/experiments/semantic_ablation_actor_200f/sionna_xml/frame_093_sionna.xml,30.0,0.0,0.0,2.4,0.497,-0.841,0.995,28000000000.0,28,5.708055805797585e-09,6.370818539380707e-08,5.8000129588009486e-08,9.246225545211928e-07,-60.34035516927976,-30.34035516927976,cir_coefficients_tau_mask,,"[1, 1, 1, 1, 28, 1]","[1, 1, 28]","[1, 1, 28]","[1, 1, 28]",,True,,28,5.8000129588009486e-08,-30.340354902286684,0,0.0,-2.66993076536437e-07,0,0,0,0,0,0,0,0,1.7112320123232851,1507,1998,3221,0.06701216761877699,0.06797460849294665,0.07044617634481065,1901,0,0.0999
94,24157,rx_ur5_base,/home/telilab4090/Documents/Gazebo World/my_world/rt_out/experiments/semantic_ablation_actor_200f/sionna_xml/frame_094_sionna.xml,30.0,0.0,0.0,2.4,0.497,-0.841,0.995,28000000000.0,28,5.708055805797585e-09,6.370818539380707e-08,5.8000129588009486e-08,9.246225545211928e-07,-60.34035516927976,-30.34035516927976,cir_coefficients_tau_mask,,"[1, 1, 1, 1, 28, 1]","[1, 1, 28]","[1, 1, 28]","[1, 1, 28]",,True,,28,5.8000129588009486e-08,-30.34035516927976,0,0.0,0.0,0,0,0,0,0,0,0,0,1.7112320123232851,1461,1929,3143,0.06682671912480334,0.06750253140548564,0.06986325457153446,1846,0,0.09645
95,24414,rx_ur5_base,/home/telilab4090/Documents/Gazebo World/my_world/rt_out/experiments/semantic_ablation_actor_200f/sionna_xml/frame_095_sionna.xml,30.0,0.0,0.0,2.4,0.497,-0.841,0.995,28000000000.0,27,5.708055805797585e-09,6.370818539380707e-08,5.8000129588009486e-08,9.244969874089293e-07,-60.34094499706333,-30.340944997063332,cir_coefficients_tau_mask,,"[1, 1, 1, 1, 27, 1]","[1, 1, 27]","[1, 1, 27]","[1, 1, 27]",,True,,28,5.8000129588009486e-08,-30.34035516927976,-1,0.0,-0.0005898277835711951,1,1,0,0,0,0,0,0,1.7112320123232851,1467,2080,3184,0.06684722148263543,0.06793187390744614,0.07069507558480591,1996,0,0.104
96,24671,rx_ur5_base,/home/telilab4090/Documents/Gazebo World/my_world/rt_out/experiments/semantic_ablation_actor_200f/sionna_xml/frame_096_sionna.xml,30.0,0.0,0.0,2.4,0.497,-0.841,0.995,28000000000.0,27,5.708055805797585e-09,6.370818539380707e-08,5.8000129588009486e-08,9.242134524356516e-07,-60.3422771437601,-30.3422771437601,cir_coefficients_tau_mask,,"[1, 1, 1, 1, 27, 1]","[1, 1, 27]","[1, 1, 27]","[1, 1, 27]",,True,,27,5.8000129588009486e-08,-30.340944997063332,0,0.0,-0.0013321466967681772,0,0,0,0,0,0,0,0,1.7112320123232851,1469,2130,3148,0.06685472363451761,0.06797481008311453,0.06977994089593682,2091,0,0.1065
97,24928,rx_ur5_base,/home/telilab4090/Documents/Gazebo World/my_world/rt_out/experiments/semantic_ablation_actor_200f/sionna_xml/frame_097_sionna.xml,30.0,0.0,0.0,2.4,0.497,-0.841,0.995,28000000000.0,27,5.708055805797585e-09,6.370818539380707e-08,5.8000129588009486e-08,9.243208296538796e-07,-60.34177259987512,-30.34177259987512,cir_coefficients_tau_mask,,"[1, 1, 1, 1, 27, 1]","[1, 1, 27]","[1, 1, 27]","[1, 1, 27]",,True,,27,5.8000129588009486e-08,-30.3422771437601,0,0.0,0.000504543884979114,0,0,0,0,0,0,0,0,1.7112320123232851,1471,2259,3182,0.06690376885113856,0.06825939860628608,0.07092164263453313,2200,0,0.11295
98,25185,rx_ur5_base,/home/telilab4090/Documents/Gazebo World/my_world/rt_out/experiments/semantic_ablation_actor_200f/sionna_xml/frame_098_sionna.xml,30.0,0.0,0.0,2.4,0.497,-0.841,0.995,28000000000.0,24,5.708055805797585e-09,5.930293767164585e-08,5.3594881865848265e-08,9.242396004083275e-07,-60.34215427431282,-30.34215427431282,cir_coefficients_tau_mask,,"[1, 1, 1, 1, 24, 1]","[1, 1, 24]","[1, 1, 24]","[1, 1, 24]",,True,,27,5.8000129588009486e-08,-30.34177259987512,-3,-4.405247722161221e-09,-0.0003816744376976544,1,1,0,0,0,0,0,0,1.7112320123232851,1555,2274,3222,0.06693169133011696,0.06785920376690696,0.07059358465303152,2209,0,0.1137
99,25442,rx_ur5_base,/home/telilab4090/Documents/Gazebo World/my_world/rt_out/experiments/semantic_ablation_actor_200f/sionna_xml/frame_099_sionna.xml,30.0,0.0,0.0,2.4,0.497,-0.841,0.995,28000000000.0,26,5.708055805797585e-09,5.930293767164585e-08,5.3594881865848265e-08,9.24333335206029e-07,-60.341713842619214,-30.341713842619214,cir_coefficients_tau_mask,,"[1, 1, 1, 1, 26, 1]","[1, 1, 26]","[1, 1, 26]","[1, 1, 26]",,True,,24,5.3594881865848265e-08,-30.34215427431282,2,0.0,0.0004404316936046371,1,0,0,0,0,0,0,0,1.7112320123232851,1495,2233,3197,0.06684573514370519,0.067903688468419,0.0699813830382892,2168,0,0.11165
100,25698,rx_ur5_base,/home/telilab4090/Documents/Gazebo World/my_world/rt_out/experiments/semantic_ablation_actor_200f/sionna_xml/frame_100_sionna.xml,30.0,0.0,0.0,2.4,0.497,-0.841,0.995,28000000000.0,17,2.8585452227503083e-08,5.930293767164585e-08,3.071748544414277e-08,1.5416482535002274e-09,-88.12014704747963,-58.120147047479634,cir_coefficients_tau_mask,,"[1, 1, 1, 1, 17, 1]","[1, 1, 17]","[1, 1, 17]","[1, 1, 17]",,True,,26,5.3594881865848265e-08,-30.341713842619214,-9,-2.2877396421705498e-08,-27.77843320486042,1,1,1,1,1,0,1,1,1.7112320123232851,1589,2898,3227,0.021141546091267095,0.024279852675607984,0.02655664946674122,2654,0,0.1449
101,25955,rx_ur5_base,/home/telilab4090/Documents/Gazebo World/my_world/rt_out/experiments/semantic_ablation_actor_200f/sionna_xml/frame_101_sionna.xml,30.0,0.0,0.0,2.4,0.497,-0.841,0.995,28000000000.0,16,2.8585452227503083e-08,5.930293767164585e-08,3.071748544414277e-08,1.5044140377895587e-09,-88.22632622799426,-58.226326227994264,cir_coefficients_tau_mask,,"[1, 1, 1, 1, 16, 1]","[1, 1, 16]","[1, 1, 16]","[1, 1, 16]",,True,,17,3.071748544414277e-08,-58.120147047479634,-1,0.0,-0.10617918051462993,1,1,0,0,0,0,0,0,1.7112320123232851,1559,2816,3135,0.004802254966992731,0.011370363991978733,0.015365145437487,2619,0,0.1408
102,26212,rx_ur5_base,/home/telilab4090/Documents/Gazebo World/my_world/rt_out/experiments/semantic_ablation_actor_200f/sionna_xml/frame_102_sionna.xml,30.0,0.0,0.0,2.4,0.497,-0.841,0.995,28000000000.0,21,5.708055805797585e-09,5.930293767164585e-08,5.3594881865848265e-08,7.870848435231892e-07,-61.03978450502541,-31.03978450502541,cir_coefficients_tau_mask,,"[1, 1, 1, 1, 21, 1]","[1, 1, 21]","[1, 1, 21]","[1, 1, 21]",,True,,16,3.071748544414277e-08,-58.226326227994264,5,2.2877396421705498e-08,27.186541722968855,1,0,0,0,0,1,1,1,1.7112320123232851,1484,2591,3084,0.06302705320312289,0.06689335609157594,0.06903262444871343,2584,0,0.12955
103,26469,rx_ur5_base,/home/telilab4090/Documents/Gazebo World/my_world/rt_out/experiments/semantic_ablation_actor_200f/sionna_xml/frame_103_sionna.xml,30.0,0.0,0.0,2.4,0.497,-0.841,0.995,28000000000.0,28,5.708055805797585e-09,5.930293767164585e-08,5.3594881865848265e-08,7.863047244427435e-07,-61.0440911490572,-31.044091149057202,cir_coefficients_tau_mask,,"[1, 1, 1, 1, 28, 1]","[1, 1, 28]","[1, 1, 28]","[1, 1, 28]",,True,,21,5.3594881865848265e-08,-31.03978450502541,7,0.0,-0.004306644031792928,1,0,0,0,0,0,0,0,1.7112320123232851,1085,2399,3165,0.0669182824231631,0.06749346758027042,0.06945077081931793,2399,0,0.11995
104,26726,rx_ur5_base,/home/telilab4090/Documents/Gazebo World/my_world/rt_out/experiments/semantic_ablation_actor_200f/sionna_xml/frame_104_sionna.xml,30.0,0.0,0.0,2.4,0.497,-0.841,0.995,28000000000.0,28,5.708055805797585e-09,5.930293767164585e-08,5.3594881865848265e-08,7.863038149480417e-07,-61.04409617241197,-31.04409617241197,cir_coefficients_tau_mask,,"[1, 1, 1, 1, 28, 1]","[1, 1, 28]","[1, 1, 28]","[1, 1, 28]",,True,,28,5.3594881865848265e-08,-31.044091149057202,0,0.0,-5.023354766819921e-06,0,0,0,0,0,0,0,0,1.7112320123232851,1076,2232,3202,0.06694470767852079,0.06833125269851986,0.07069445953956123,2232,0,0.1116
105,26983,rx_ur5_base,/home/telilab4090/Documents/Gazebo World/my_world/rt_out/experiments/semantic_ablation_actor_200f/sionna_xml/frame_105_sionna.xml,30.0,0.0,0.0,2.4,0.497,-0.841,0.995,28000000000.0,28,5.708055805797585e-09,5.930293767164585e-08,5.3594881865848265e-08,7.863037581046228e-07,-61.044096486371835,-31.044096486371835,cir_coefficients_tau_mask,,"[1, 1, 1, 1, 28, 1]","[1, 1, 28]","[1, 1, 28]","[1, 1, 28]",,True,,28,5.3594881865848265e-08,-31.04409617241197,0,0.0,-3.1395986610505133e-07,0,0,0,0,0,0,0,0,1.7112320123232851,1064,2193,3175,0.06690511547655349,0.0675065827086537,0.07034094043214113,2193,0,0.10965
106,27240,rx_ur5_base,/home/telilab4090/Documents/Gazebo World/my_world/rt_out/experiments/semantic_ablation_actor_200f/sionna_xml/frame_106_sionna.xml,30.0,0.0,0.0,2.4,0.497,-0.841,0.995,28000000000.0,28,5.708055805797585e-09,5.930293767164585e-08,5.3594881865848265e-08,7.863038149480417e-07,-61.04409617241197,-31.04409617241197,cir_coefficients_tau_mask,,"[1, 1, 1, 1, 28, 1]","[1, 1, 28]","[1, 1, 28]","[1, 1, 28]",,True,,28,5.3594881865848265e-08,-31.044096486371835,0,0.0,3.1395986610505133e-07,0,0,0,0,0,0,0,0,1.7112320123232851,1014,2148,3171,0.06700034940767507,0.06753766492357113,0.0699598300030619,2148,0,0.1074
107,27497,rx_ur5_base,/home/telilab4090/Documents/Gazebo World/my_world/rt_out/experiments/semantic_ablation_actor_200f/sionna_xml/frame_107_sionna.xml,30.0,0.0,0.0,2.4,0.497,-0.841,0.995,28000000000.0,28,5.708055805797585e-09,5.930293767164585e-08,5.3594881865848265e-08,9.164388075078023e-07,-60.37896528463825,-30.378965284638248,cir_coefficients_tau_mask,,"[1, 1, 1, 1, 28, 1]","[1, 1, 28]","[1, 1, 28]","[1, 1, 28]",,True,,28,5.3594881865848265e-08,-31.04409617241197,0,0.0,0.6651308877737208,0,0,0,0,0,0,0,0,1.7112320123232851,1508,2216,3126,0.06689984464093433,0.0677161268287212,0.07015703188154021,2210,0,0.1108
108,27754,rx_ur5_base,/home/telilab4090/Documents/Gazebo World/my_world/rt_out/experiments/semantic_ablation_actor_200f/sionna_xml/frame_108_sionna.xml,30.0,0.0,0.0,2.4,0.497,-0.841,0.995,28000000000.0,15,2.8585448674789404e-08,5.930293767164585e-08,3.0717488996856446e-08,1.4623651178879982e-09,-88.34944180807068,-58.34944180807068,cir_coefficients_tau_mask,,"[1, 1, 1, 1, 15, 1]","[1, 1, 15]","[1, 1, 15]","[1, 1, 15]",,True,,28,5.3594881865848265e-08,-30.378965284638248,-13,-2.287739286899182e-08,-27.97047652343243,1,1,1,1,1,0,1,1,1.7112320123232851,1503,2905,3124,0.003172718435839578,0.006618666591010002,0.01417706468460769,1513,0,0.14525
109,28011,rx_ur5_base,/home/telilab4090/Documents/Gazebo World/my_world/rt_out/experiments/semantic_ablation_actor_200f/sionna_xml/frame_109_sionna.xml,30.0,0.0,0.0,2.4,0.497,-0.841,0.995,28000000000.0,17,5.708055805797585e-09,5.930293767164585e-08,5.3594881865848265e-08,4.6959650035205414e-07,-63.28275148309537,-33.28275148309537,cir_coefficients_tau_mask,,"[1, 1, 1, 1, 17, 1]","[1, 1, 17]","[1, 1, 17]","[1, 1, 17]",,True,,15,3.0717488996856446e-08,-58.34944180807068,2,2.287739286899182e-08,25.066690324975312,1,0,0,0,0,1,1,1,1.7112320123232851,1649,3176,3223,0.011369655915052115,0.0236535713868043,0.02965035280923183,1569,0,0.1588
110,28268,rx_ur5_base,/home/telilab4090/Documents/Gazebo World/my_world/rt_out/experiments/semantic_ablation_actor_200f/sionna_xml/frame_110_sionna.xml,30.0,0.0,0.0,2.4,0.497,-0.841,0.995,28000000000.0,18,5.708055805797585e-09,5.930293767164585e-08,5.3594881865848265e-08,6.898487754369853e-07,-61.61246102293572,-31.61246102293572,cir_coefficients_tau_mask,,"[1, 1, 1, 1, 18, 1]","[1, 1, 18]","[1, 1, 18]","[1, 1, 18]",,True,,17,5.3594881865848265e-08,-33.28275148309537,1,0.0,1.6702904601596487,1,0,0,0,0,0,0,0,1.7112320123232851,1856,3193,3232,0.017238570608907454,0.03210834514940598,0.03737060119998827,1592,0,0.15965
111,28525,rx_ur5_base,/home/telilab4090/Documents/Gazebo World/my_world/rt_out/experiments/semantic_ablation_actor_200f/sionna_xml/frame_111_sionna.xml,30.0,0.0,0.0,2.4,0.497,-0.841,0.995,28000000000.0,18,5.708055805797585e-09,5.930293767164585e-08,5.3594881865848265e-08,6.895604087731044e-07,-61.614276815582976,-31.614276815582976,cir_coefficients_tau_mask,,"[1, 1, 1, 1, 18, 1]","[1, 1, 18]","[1, 1, 18]","[1, 1, 18]",,True,,18,5.3594881865848265e-08,-31.61246102293572,0,0.0,-0.001815792647256842,0,0,0,0,0,0,0,0,1.7112320123232851,1699,3216,3261,0.021525352858845697,0.03439326514601239,0.04020501801228491,1591,0,0.1608
112,28782,rx_ur5_base,/home/telilab4090/Documents/Gazebo World/my_world/rt_out/experiments/semantic_ablation_actor_200f/sionna_xml/frame_112_sionna.xml,30.0,0.0,0.0,2.4,0.497,-0.841,0.995,28000000000.0,18,5.708055805797585e-09,5.930293767164585e-08,5.3594881865848265e-08,6.895604087731044e-07,-61.614276815582976,-31.614276815582976,cir_coefficients_tau_mask,,"[1, 1, 1, 1, 18, 1]","[1, 1, 18]","[1, 1, 18]","[1, 1, 18]",,True,,18,5.3594881865848265e-08,-31.614276815582976,0,0.0,0.0,0,0,0,0,0,0,0,0,1.7112320123232851,1635,3147,3187,0.02267774063923421,0.035953220176397904,0.041952361170705624,1539,0,0.15735
113,29039,rx_ur5_base,/home/telilab4090/Documents/Gazebo World/my_world/rt_out/experiments/semantic_ablation_actor_200f/sionna_xml/frame_113_sionna.xml,30.0,0.0,0.0,2.4,0.497,-0.841,0.995,28000000000.0,18,5.708055805797585e-09,5.930293767164585e-08,5.3594881865848265e-08,6.895604087731044e-07,-61.614276815582976,-31.614276815582976,cir_coefficients_tau_mask,,"[1, 1, 1, 1, 18, 1]","[1, 1, 18]","[1, 1, 18]","[1, 1, 18]",,True,,18,5.3594881865848265e-08,-31.614276815582976,0,0.0,0.0,0,0,0,0,0,0,0,0,1.7112320123232851,1749,3229,3279,0.023890125811526372,0.036835160567038325,0.04063914171071846,1662,0,0.16145
114,29296,rx_ur5_base,/home/telilab4090/Documents/Gazebo World/my_world/rt_out/experiments/semantic_ablation_actor_200f/sionna_xml/frame_114_sionna.xml,30.0,0.0,0.0,2.4,0.497,-0.841,0.995,28000000000.0,18,5.708055805797585e-09,5.930293767164585e-08,5.3594881865848265e-08,6.895604087731044e-07,-61.614276815582976,-31.614276815582976,cir_coefficients_tau_mask,,"[1, 1, 1, 1, 18, 1]","[1, 1, 18]","[1, 1, 18]","[1, 1, 18]",,True,,18,5.3594881865848265e-08,-31.614276815582976,0,0.0,0.0,0,0,0,0,0,0,0,0,1.7112320123232851,1543,3050,3100,0.020789484610166383,0.03497744530807777,0.040967951869606584,1474,0,0.1525
115,29553,rx_ur5_base,/home/telilab4090/Documents/Gazebo World/my_world/rt_out/experiments/semantic_ablation_actor_200f/sionna_xml/frame_115_sionna.xml,30.0,0.0,0.0,2.4,0.497,-0.841,0.995,28000000000.0,18,5.708055805797585e-09,5.930293767164585e-08,5.3594881865848265e-08,6.893484396641725e-07,-61.61561203096248,-31.61561203096248,cir_coefficients_tau_mask,,"[1, 1, 1, 1, 18, 1]","[1, 1, 18]","[1, 1, 18]","[1, 1, 18]",,True,,18,5.3594881865848265e-08,-31.614276815582976,0,0.0,-0.0013352153795054278,0,0,0,0,0,0,0,0,1.7112320123232851,1770,3140,3182,0.022455187653074204,0.03732236048116797,0.04225731358471939,1557,0,0.157
116,29810,rx_ur5_base,/home/telilab4090/Documents/Gazebo World/my_world/rt_out/experiments/semantic_ablation_actor_200f/sionna_xml/frame_116_sionna.xml,30.0,0.0,0.0,2.4,0.497,-0.841,0.995,28000000000.0,18,5.708055805797585e-09,5.930293767164585e-08,5.3594881865848265e-08,6.893484965075913e-07,-61.615611672844864,-31.615611672844864,cir_coefficients_tau_mask,,"[1, 1, 1, 1, 18, 1]","[1, 1, 18]","[1, 1, 18]","[1, 1, 18]",,True,,18,5.3594881865848265e-08,-31.61561203096248,0,0.0,3.5811761733839376e-07,0,0,0,0,0,0,0,0,1.7112320123232851,1534,3049,3102,0.021020645892954905,0.03585258834123856,0.04178146420226936,1540,0,0.15245
117,30067,rx_ur5_base,/home/telilab4090/Documents/Gazebo World/my_world/rt_out/experiments/semantic_ablation_actor_200f/sionna_xml/frame_117_sionna.xml,30.0,0.0,0.0,2.4,0.497,-0.841,0.995,28000000000.0,18,5.708055805797585e-09,5.930293767164585e-08,5.3594881865848265e-08,6.893484396641725e-07,-61.61561203096248,-31.61561203096248,cir_coefficients_tau_mask,,"[1, 1, 1, 1, 18, 1]","[1, 1, 18]","[1, 1, 18]","[1, 1, 18]",,True,,18,5.3594881865848265e-08,-31.615611672844864,0,0.0,-3.5811761733839376e-07,0,0,0,0,0,0,0,0,1.7112320123232851,1528,3158,3197,0.022455187653074204,0.03501337506221436,0.040438331180681145,1536,0,0.1579
118,30324,rx_ur5_base,/home/telilab4090/Documents/Gazebo World/my_world/rt_out/experiments/semantic_ablation_actor_200f/sionna_xml/frame_118_sionna.xml,30.0,0.0,0.0,2.4,0.497,-0.841,0.995,28000000000.0,18,1.9024806618972434e-08,5.930293767164585e-08,4.0278131052673416e-08,1.528202786538202e-09,-88.15819012755698,-58.15819012755698,cir_coefficients_tau_mask,,"[1, 1, 1, 1, 18, 1]","[1, 1, 18]","[1, 1, 18]","[1, 1, 18]",,True,,18,5.3594881865848265e-08,-31.61561203096248,0,-1.3316750813174849e-08,-26.542578096594497,0,0,1,1,1,0,1,1,1.7112320123232851,2096,3073,3112,0.004080379098888704,0.01841014367368594,0.027806412932423412,1549,0,0.15365
119,30581,rx_ur5_base,/home/telilab4090/Documents/Gazebo World/my_world/rt_out/experiments/semantic_ablation_actor_200f/sionna_xml/frame_119_sionna.xml,30.0,0.0,0.0,2.4,0.497,-0.841,0.995,28000000000.0,25,5.708055805797585e-09,5.930293767164585e-08,5.3594881865848265e-08,8.956287729233736e-07,-60.47871962746954,-30.478719627469538,cir_coefficients_tau_mask,,"[1, 1, 1, 1, 25, 1]","[1, 1, 25]","[1, 1, 25]","[1, 1, 25]",,True,,18,4.0278131052673416e-08,-58.15819012755698,7,1.3316750813174849e-08,27.67947050008744,1,0,0,0,0,1,1,1,1.7112320123232851,1584,2129,3216,0.042704146853043176,0.05103443595606364,0.05539668836442263,1589,0,0.10645
120,30838,rx_ur5_base,/home/telilab4090/Documents/Gazebo World/my_world/rt_out/experiments/semantic_ablation_actor_200f/sionna_xml/frame_120_sionna.xml,30.0,0.0,0.0,2.4,0.497,-0.841,0.995,28000000000.0,20,8.658745720424577e-09,5.930293767164585e-08,5.0644191951221273e-08,2.6935935704130998e-09,-85.6966793327628,-55.6966793327628,cir_coefficients_tau_mask,,"[1, 1, 1, 1, 20, 1]","[1, 1, 20]","[1, 1, 20]","[1, 1, 20]",,True,,25,5.3594881865848265e-08,-30.478719627469538,-5,-2.9506899146269916e-09,-25.21795970529326,1,1,1,1,1,0,1,1,1.7112320123232851,1567,2710,3245,0.007553013535202324,0.018934491767627813,0.027271240840207645,1576,0,0.1355
121,31095,rx_ur5_base,/home/telilab4090/Documents/Gazebo World/my_world/rt_out/experiments/semantic_ablation_actor_200f/sionna_xml/frame_121_sionna.xml,30.0,0.0,0.0,2.4,0.497,-0.841,0.995,28000000000.0,20,5.972452310487597e-09,6.370818539380707e-08,5.7735733083319474e-08,1.9046493093810568e-07,-67.20184976429874,-37.20184976429874,cir_coefficients_tau_mask,,"[1, 1, 1, 1, 20, 1]","[1, 1, 20]","[1, 1, 20]","[1, 1, 20]",,True,,20,5.0644191951221273e-08,-55.6966793327628,0,7.0915411320982e-09,18.494829568464056,0,0,0,0,0,1,1,1,1.7112320123232851,2618,3059,3090,0.04190093503632552,0.05319711050712078,0.05606531195647333,1870,0,0.15295
122,31352,rx_ur5_base,/home/telilab4090/Documents/Gazebo World/my_world/rt_out/experiments/semantic_ablation_actor_200f/sionna_xml/frame_122_sionna.xml,30.0,0.0,0.0,2.4,0.497,-0.841,0.995,28000000000.0,29,5.708055805797585e-09,6.370818539380707e-08,5.8000129588009486e-08,8.021050348361314e-07,-60.95768757572543,-30.95768757572543,cir_coefficients_tau_mask,,"[1, 1, 1, 1, 29, 1]","[1, 1, 29]","[1, 1, 29]","[1, 1, 29]",,True,,20,5.7735733083319474e-08,-37.20184976429874,9,2.643965046900121e-10,6.244162188573313,1,0,0,0,0,0,0,0,1.7112320123232851,1471,3125,3200,0.06692409749319644,0.06809773840766715,0.07126406734108852,1965,0,0.15625
123,31609,rx_ur5_base,/home/telilab4090/Documents/Gazebo World/my_world/rt_out/experiments/semantic_ablation_actor_200f/sionna_xml/frame_123_sionna.xml,30.0,0.0,0.0,2.4,0.497,-0.841,0.995,28000000000.0,24,5.708055805797585e-09,6.370818539380707e-08,5.8000129588009486e-08,8.030544336179446e-07,-60.9525501584376,-30.952550158437603,cir_coefficients_tau_mask,,"[1, 1, 1, 1, 24, 1]","[1, 1, 24]","[1, 1, 24]","[1, 1, 24]",,True,,29,5.8000129588009486e-08,-30.95768757572543,-5,0.0,0.005137417287826906,1,1,0,0,0,0,0,0,1.7112320123232851,1209,2393,3222,0.06686609074575879,0.06744709122896608,0.06953625846948826,1553,0,0.11965
124,31866,rx_ur5_base,/home/telilab4090/Documents/Gazebo World/my_world/rt_out/experiments/semantic_ablation_actor_200f/sionna_xml/frame_124_sionna.xml,30.0,0.0,0.0,2.4,0.497,-0.841,0.995,28000000000.0,24,5.708055805797585e-09,6.370818539380707e-08,5.8000129588009486e-08,8.031814786590985e-07,-60.95186314901365,-30.951863149013647,cir_coefficients_tau_mask,,"[1, 1, 1, 1, 24, 1]","[1, 1, 24]","[1, 1, 24]","[1, 1, 24]",,True,,24,5.8000129588009486e-08,-30.952550158437603,0,0.0,0.0006870094239559421,0,0,0,0,0,0,0,0,1.7112320123232851,1248,2337,3180,0.06683502463890388,0.06777229143294063,0.07000385247529678,2080,0,0.11685
125,32123,rx_ur5_base,/home/telilab4090/Documents/Gazebo World/my_world/rt_out/experiments/semantic_ablation_actor_200f/sionna_xml/frame_125_sionna.xml,30.0,0.0,0.0,2.4,0.497,-0.841,0.995,28000000000.0,17,5.963801896768928e-09,5.930293767164585e-08,5.333913577487692e-08,2.052982921441071e-07,-66.87614663466599,-36.876146634665986,cir_coefficients_tau_mask,,"[1, 1, 1, 1, 17, 1]","[1, 1, 17]","[1, 1, 17]","[1, 1, 17]",,True,,24,5.8000129588009486e-08,-30.951863149013647,-7,-4.6609938131325634e-09,-5.924283485652339,1,1,1,1,1,0,1,1,1.7112320123232851,1545,2933,3178,0.0026175636460798618,0.010023616837334109,0.020336484920925803,2237,0,0.14665
126,32380,rx_ur5_base,/home/telilab4090/Documents/Gazebo World/my_world/rt_out/experiments/semantic_ablation_actor_200f/sionna_xml/frame_126_sionna.xml,30.0,0.0,0.0,2.4,0.497,-0.841,0.995,28000000000.0,15,5.9593388002099346e-09,5.930293767164585e-08,5.3343598871435915e-08,2.1454110310514807e-07,-66.68489490697637,-36.68489490697637,cir_coefficients_tau_mask,,"[1, 1, 1, 1, 15, 1]","[1, 1, 15]","[1, 1, 15]","[1, 1, 15]",,True,,17,5.333913577487692e-08,-36.876146634665986,-2,4.463096558993129e-12,0.19125172768961818,1,1,0,0,0,0,0,0,1.7112320123232851,1578,2997,3214,0.0038871519228750565,0.012129035458708848,0.018041229336295803,2386,0,0.14985
127,32637,rx_ur5_base,/home/telilab4090/Documents/Gazebo World/my_world/rt_out/experiments/semantic_ablation_actor_200f/sionna_xml/frame_127_sionna.xml,30.0,0.0,0.0,2.4,0.497,-0.841,0.995,28000000000.0,14,2.8585452227503083e-08,5.930293767164585e-08,3.071748544414277e-08,1.408686611803489e-09,-88.51185612925133,-58.51185612925133,cir_coefficients_tau_mask,,"[1, 1, 1, 1, 14, 1]","[1, 1, 14]","[1, 1, 14]","[1, 1, 14]",,True,,15,5.3343598871435915e-08,-36.68489490697637,-1,-2.262611342729315e-08,-21.82696122227496,1,1,1,1,1,0,1,1,1.7112320123232851,1693,3160,3243,0.0054974665262224375,0.0094626455273363,0.014332769252638346,1541,0,0.158
128,32894,rx_ur5_base,/home/telilab4090/Documents/Gazebo World/my_world/rt_out/experiments/semantic_ablation_actor_200f/sionna_xml/frame_128_sionna.xml,30.0,0.0,0.0,2.4,0.497,-0.841,0.995,28000000000.0,17,5.708055805797585e-09,5.930293767164585e-08,5.3594881865848265e-08,6.883827268211462e-07,-61.621700357012145,-31.621700357012145,cir_coefficients_tau_mask,,"[1, 1, 1, 1, 17, 1]","[1, 1, 17]","[1, 1, 17]","[1, 1, 17]",,True,,14,3.071748544414277e-08,-58.51185612925133,3,2.2877396421705498e-08,26.890155772239183,1,0,0,0,0,1,1,1,1.7112320123232851,1751,3143,3745,0.02368248695805126,0.03241514288987589,0.04045827803744603,1516,0,0.15715
129,33151,rx_ur5_base,/home/telilab4090/Documents/Gazebo World/my_world/rt_out/experiments/semantic_ablation_actor_200f/sionna_xml/frame_129_sionna.xml,30.0,0.0,0.0,2.4,0.497,-0.841,0.995,28000000000.0,17,5.708055805797585e-09,5.930293767164585e-08,5.3594881865848265e-08,6.883827836645651e-07,-61.62169999839213,-31.62169999839213,cir_coefficients_tau_mask,,"[1, 1, 1, 1, 17, 1]","[1, 1, 17]","[1, 1, 17]","[1, 1, 17]",,True,,17,5.3594881865848265e-08,-31.621700357012145,0,0.0,3.586200136851403e-07,0,0,0,0,0,0,0,0,1.7112320123232851,1653,3105,3648,0.024912228454724964,0.03741068741107641,0.04394120640090061,1568,0,0.15525
130,33408,rx_ur5_base,/home/telilab4090/Documents/Gazebo World/my_world/rt_out/experiments/semantic_ablation_actor_200f/sionna_xml/frame_130_sionna.xml,30.0,0.0,0.0,2.4,0.497,-0.841,0.995,28000000000.0,17,5.708055805797585e-09,5.930293767164585e-08,5.3594881865848265e-08,6.883827836645651e-07,-61.62169999839213,-31.62169999839213,cir_coefficients_tau_mask,,"[1, 1, 1, 1, 17, 1]","[1, 1, 17]","[1, 1, 17]","[1, 1, 17]",,True,,17,5.3594881865848265e-08,-31.62169999839213,0,0.0,0.0,0,0,0,0,0,0,0,0,1.7112320123232851,1675,3199,3827,0.022677541174176013,0.033638266318162566,0.0411683758666064,1590,0,0.15995
131,33665,rx_ur5_base,/home/telilab4090/Documents/Gazebo World/my_world/rt_out/experiments/semantic_ablation_actor_200f/sionna_xml/frame_131_sionna.xml,30.0,0.0,0.0,2.4,0.497,-0.841,0.995,28000000000.0,18,5.708055805797585e-09,5.930293767164585e-08,5.3594881865848265e-08,6.894710509186552e-07,-61.61483963991717,-31.61483963991717,cir_coefficients_tau_mask,,"[1, 1, 1, 1, 18, 1]","[1, 1, 18]","[1, 1, 18]","[1, 1, 18]",,True,,17,5.3594881865848265e-08,-31.62169999839213,1,0.0,0.0068603584749595825,1,0,0,0,0,0,0,0,1.7112320123232851,1698,3116,3995,0.02384380732486724,0.03618846045007302,0.042810011801194744,1557,0,0.1558
132,33922,rx_ur5_base,/home/telilab4090/Documents/Gazebo World/my_world/rt_out/experiments/semantic_ablation_actor_200f/sionna_xml/frame_132_sionna.xml,30.0,0.0,0.0,2.4,0.497,-0.841,0.995,28000000000.0,18,5.708055805797585e-09,5.930293767164585e-08,5.3594881865848265e-08,6.894710509186552e-07,-61.61483963991717,-31.61483963991717,cir_coefficients_tau_mask,,"[1, 1, 1, 1, 18, 1]","[1, 1, 18]","[1, 1, 18]","[1, 1, 18]",,True,,18,5.3594881865848265e-08,-31.61483963991717,0,0.0,0.0,0,0,0,0,0,0,0,0,1.7112320123232851,1551,3178,3746,0.0230417596958381,0.03770141540055755,0.043421366823031216,1559,0,0.1589
133,34179,rx_ur5_base,/home/telilab4090/Documents/Gazebo World/my_world/rt_out/experiments/semantic_ablation_actor_200f/sionna_xml/frame_133_sionna.xml,30.0,0.0,0.0,2.4,0.497,-0.841,0.995,28000000000.0,18,5.708055805797585e-09,5.930293767164585e-08,5.3594881865848265e-08,6.894710509186552e-07,-61.61483963991717,-31.61483963991717,cir_coefficients_tau_mask,,"[1, 1, 1, 1, 18, 1]","[1, 1, 18]","[1, 1, 18]","[1, 1, 18]",,True,,18,5.3594881865848265e-08,-31.61483963991717,0,0.0,0.0,0,0,0,0,0,0,0,0,1.7112320123232851,1505,3121,4047,0.023144371432760248,0.03668531081538874,0.04342946916633934,1510,0,0.15605
134,34436,rx_ur5_base,/home/telilab4090/Documents/Gazebo World/my_world/rt_out/experiments/semantic_ablation_actor_200f/sionna_xml/frame_134_sionna.xml,30.0,0.0,0.0,2.4,0.497,-0.841,0.995,28000000000.0,18,5.708055805797585e-09,5.930293767164585e-08,5.3594881865848265e-08,6.894710509186552e-07,-61.61483963991717,-31.61483963991717,cir_coefficients_tau_mask,,"[1, 1, 1, 1, 18, 1]","[1, 1, 18]","[1, 1, 18]","[1, 1, 18]",,True,,18,5.3594881865848265e-08,-31.61483963991717,0,0.0,0.0,0,0,0,0,0,0,0,0,1.7112320123232851,1566,3163,4568,0.0269302534501852,0.04068562284948778,0.04551717502791139,1575,0,0.15815
135,34693,rx_ur5_base,/home/telilab4090/Documents/Gazebo World/my_world/rt_out/experiments/semantic_ablation_actor_200f/sionna_xml/frame_135_sionna.xml,30.0,0.0,0.0,2.4,0.497,-0.841,0.995,28000000000.0,16,5.708055805797585e-09,5.930293767164585e-08,5.3594881865848265e-08,4.6789796215307433e-07,-63.298488462966034,-33.298488462966034,cir_coefficients_tau_mask,,"[1, 1, 1, 1, 16, 1]","[1, 1, 16]","[1, 1, 16]","[1, 1, 16]",,True,,18,5.3594881865848265e-08,-31.61483963991717,-2,0.0,-1.6836488230488627,1,1,1,1,0,0,1,0,1.7112320123232851,1658,3021,4611,0.010234038636619463,0.0213359163996863,0.029205660361348366,1492,0,0.15105
136,34950,rx_ur5_base,/home/telilab4090/Documents/Gazebo World/my_world/rt_out/experiments/semantic_ablation_actor_200f/sionna_xml/frame_136_sionna.xml,30.0,0.0,0.0,2.4,0.497,-0.841,0.995,28000000000.0,21,8.658745720424577e-09,5.930293767164585e-08,5.0644191951221273e-08,3.420731031766877e-09,-84.65881072559078,-54.65881072559078,cir_coefficients_tau_mask,,"[1, 1, 1, 1, 21, 1]","[1, 1, 21]","[1, 1, 21]","[1, 1, 21]",,True,,16,5.3594881865848265e-08,-33.298488462966034,5,-2.9506899146269916e-09,-21.36032226262475,1,0,1,1,1,0,1,1,1.7112320123232851,1579,2840,4684,0.00851558361658208,0.01649514047175643,0.030498629047238723,1582,0,0.142
137,35207,rx_ur5_base,/home/telilab4090/Documents/Gazebo World/my_world/rt_out/experiments/semantic_ablation_actor_200f/sionna_xml/frame_137_sionna.xml,30.0,0.0,0.0,2.4,0.497,-0.841,0.995,28000000000.0,24,5.708055805797585e-09,5.930293767164585e-08,5.3594881865848265e-08,8.362379730897374e-07,-60.77670115272936,-30.77670115272936,cir_coefficients_tau_mask,,"[1, 1, 1, 1, 24, 1]","[1, 1, 24]","[1, 1, 24]","[1, 1, 24]",,True,,21,5.0644191951221273e-08,-54.65881072559078,3,2.9506899146269916e-09,23.882109572861424,1,0,0,0,0,1,1,1,1.7112320123232851,1529,1981,4557,0.06687982689854441,0.06746204719558527,0.06916410840920598,1538,0,0.09905
138,35464,rx_ur5_base,/home/telilab4090/Documents/Gazebo World/my_world/rt_out/experiments/semantic_ablation_actor_200f/sionna_xml/frame_138_sionna.xml,30.0,0.0,0.0,2.4,0.497,-0.841,0.995,28000000000.0,22,5.708055805797585e-09,6.370818539380707e-08,5.8000129588009486e-08,8.344389357262116e-07,-60.78605439508984,-30.78605439508984,cir_coefficients_tau_mask,,"[1, 1, 1, 1, 22, 1]","[1, 1, 22]","[1, 1, 22]","[1, 1, 22]",,True,,24,5.3594881865848265e-08,-30.77670115272936,-2,4.405247722161221e-09,-0.009353242360482739,1,1,0,0,0,1,1,1,1.7112320123232851,2879,3205,4106,0.05902582818409296,0.067005459015399,0.06897943837327364,1578,0,0.16025
139,35721,rx_ur5_base,/home/telilab4090/Documents/Gazebo World/my_world/rt_out/experiments/semantic_ablation_actor_200f/sionna_xml/frame_139_sionna.xml,30.0,0.0,0.0,2.4,0.497,-0.841,0.995,28000000000.0,27,5.708055805797585e-09,6.370818539380707e-08,5.8000129588009486e-08,7.814497280378419e-07,-61.07098955633298,-31.070989556332982,cir_coefficients_tau_mask,,"[1, 1, 1, 1, 27, 1]","[1, 1, 27]","[1, 1, 27]","[1, 1, 27]",,True,,22,5.8000129588009486e-08,-30.78605439508984,5,0.0,-0.28493516124314056,1,0,0,0,0,0,0,0,1.7112320123232851,2085,3204,4084,0.0669616008551004,0.06833853183047271,0.0705306636864654,1638,0,0.1602
140,35978,rx_ur5_base,/home/telilab4090/Documents/Gazebo World/my_world/rt_out/experiments/semantic_ablation_actor_200f/sionna_xml/frame_140_sionna.xml,30.0,0.0,0.0,2.4,0.497,-0.841,0.995,28000000000.0,25,5.708055805797585e-09,6.370818539380707e-08,5.8000129588009486e-08,1.0728124379966175e-06,-59.69476199994281,-29.694761999942813,cir_coefficients_tau_mask,,"[1, 1, 1, 1, 25, 1]","[1, 1, 25]","[1, 1, 25]","[1, 1, 25]",,True,,27,5.8000129588009486e-08,-31.070989556332982,-2,0.0,1.3762275563901696,1,1,0,0,0,0,0,0,1.7112320123232851,1126,1678,4019,0.06692802266822141,0.06774815938424218,0.07045077110867937,1569,0,0.0839
141,36235,rx_ur5_base,/home/telilab4090/Documents/Gazebo World/my_world/rt_out/experiments/semantic_ablation_actor_200f/sionna_xml/frame_141_sionna.xml,30.0,0.0,0.0,2.4,0.497,-0.841,0.995,28000000000.0,29,5.708055805797585e-09,6.370818539380707e-08,5.8000129588009486e-08,7.82711140345782e-07,-61.06398484812711,-31.063984848127113,cir_coefficients_tau_mask,,"[1, 1, 1, 1, 29, 1]","[1, 1, 29]","[1, 1, 29]","[1, 1, 29]",,True,,25,5.8000129588009486e-08,-29.694761999942813,4,0.0,-1.3692228481843003,1,0,1,1,0,0,1,0,1.7112320123232851,1095,1501,4680,0.06689568971585451,0.06775830459859654,0.07018572538844726,1501,0,0.07505
142,36492,rx_ur5_base,/home/telilab4090/Documents/Gazebo World/my_world/rt_out/experiments/semantic_ablation_actor_200f/sionna_xml/frame_142_sionna.xml,30.0,0.0,0.0,2.4,0.497,-0.841,0.995,28000000000.0,29,5.708055805797585e-09,6.370818539380707e-08,5.8000129588009486e-08,7.829308970030979e-07,-61.06276567922408,-31.06276567922408,cir_coefficients_tau_mask,,"[1, 1, 1, 1, 29, 1]","[1, 1, 29]","[1, 1, 29]","[1, 1, 29]",,True,,29,5.8000129588009486e-08,-31.063984848127113,0,0.0,0.0012191689030345287,0,0,0,0,0,0,0,0,1.7112320123232851,1135,2961,4626,0.06693734315914529,0.06777364786622661,0.0700932514772579,2961,0,0.14805
143,36749,rx_ur5_base,/home/telilab4090/Documents/Gazebo World/my_world/rt_out/experiments/semantic_ablation_actor_200f/sionna_xml/frame_143_sionna.xml,30.0,0.0,0.0,2.4,0.497,-0.841,0.995,28000000000.0,30,5.708055805797585e-09,6.370818539380707e-08,5.8000129588009486e-08,1.1370789252396207e-06,-59.442093896601655,-29.442093896601655,cir_coefficients_tau_mask,,"[1, 1, 1, 1, 30, 1]","[1, 1, 30]","[1, 1, 30]","[1, 1, 30]",,True,,29,5.8000129588009486e-08,-31.06276567922408,1,0.0,1.6206717826224235,1,0,0,0,0,0,0,0,1.7112320123232851,1144,3059,4705,0.0668546770933785,0.06832643687820775,0.07106703834259136,3059,0,0.15295
144,37006,rx_ur5_base,/home/telilab4090/Documents/Gazebo World/my_world/rt_out/experiments/semantic_ablation_actor_200f/sionna_xml/frame_144_sionna.xml,30.0,0.0,0.0,2.4,0.497,-0.841,0.995,28000000000.0,18,5.971809269311734e-09,6.370818539380707e-08,5.7736376124495337e-08,1.913716971557733e-07,-67.18122291626929,-37.18122291626929,cir_coefficients_tau_mask,,"[1, 1, 1, 1, 18, 1]","[1, 1, 18]","[1, 1, 18]","[1, 1, 18]",,True,,30,5.8000129588009486e-08,-29.442093896601655,-12,-2.637534635141492e-10,-7.7391290196676366,1,1,1,1,1,0,1,1,1.7112320123232851,2649,3118,4698,0.06684752621982833,0.06790653113276054,0.07086990962159208,1925,0,0.1559
145,37263,rx_ur5_base,/home/telilab4090/Documents/Gazebo World/my_world/rt_out/experiments/semantic_ablation_actor_200f/sionna_xml/frame_145_sionna.xml,30.0,0.0,0.0,2.4,0.497,-0.841,0.995,28000000000.0,17,5.708055805797585e-09,5.930293767164585e-08,5.3594881865848265e-08,4.687409500547801e-07,-63.2906710407321,-33.2906710407321,cir_coefficients_tau_mask,,"[1, 1, 1, 1, 17, 1]","[1, 1, 17]","[1, 1, 17]","[1, 1, 17]",,True,,18,5.7736376124495337e-08,-37.18122291626929,-1,-4.1414942586470715e-09,3.8905518755371915,1,1,0,0,0,0,0,0,1.7112320123232851,1712,3252,4715,0.010932406585232106,0.026569704048520375,0.03146943038754318,1553,0,0.1626
146,37520,rx_ur5_base,/home/telilab4090/Documents/Gazebo World/my_world/rt_out/experiments/semantic_ablation_actor_200f/sionna_xml/frame_146_sionna.xml,30.0,0.0,0.0,2.4,0.497,-0.841,0.995,28000000000.0,18,5.708055805797585e-09,5.930293767164585e-08,5.3594881865848265e-08,6.881128342683951e-07,-61.62340341877539,-31.62340341877539,cir_coefficients_tau_mask,,"[1, 1, 1, 1, 18, 1]","[1, 1, 18]","[1, 1, 18]","[1, 1, 18]",,True,,17,5.3594881865848265e-08,-33.2906710407321,1,0.0,1.6672676219567109,1,0,0,0,0,0,0,0,1.7112320123232851,1792,3213,4396,0.019041140883697964,0.03287721003840078,0.039355573117987874,1566,0,0.16065
147,37777,rx_ur5_base,/home/telilab4090/Documents/Gazebo World/my_world/rt_out/experiments/semantic_ablation_actor_200f/sionna_xml/frame_147_sionna.xml,30.0,0.0,0.0,2.4,0.497,-0.841,0.995,28000000000.0,18,5.708055805797585e-09,5.930293767164585e-08,5.3594881865848265e-08,6.881127774249762e-07,-61.62340377753609,-31.62340377753609,cir_coefficients_tau_mask,,"[1, 1, 1, 1, 18, 1]","[1, 1, 18]","[1, 1, 18]","[1, 1, 18]",,True,,18,5.3594881865848265e-08,-31.62340341877539,0,0.0,-3.587607011468208e-07,0,0,0,0,0,0,0,0,1.7112320123232851,1653,3168,4516,0.025074663910675362,0.033651286875412655,0.04116543026492761,1537,0,0.1584
148,38034,rx_ur5_base,/home/telilab4090/Documents/Gazebo World/my_world/rt_out/experiments/semantic_ablation_actor_200f/sionna_xml/frame_148_sionna.xml,30.0,0.0,0.0,2.4,0.497,-0.841,0.995,28000000000.0,18,5.708055805797585e-09,5.930293767164585e-08,5.3594881865848265e-08,6.881128342683951e-07,-61.62340341877539,-31.62340341877539,cir_coefficients_tau_mask,,"[1, 1, 1, 1, 18, 1]","[1, 1, 18]","[1, 1, 18]","[1, 1, 18]",,True,,18,5.3594881865848265e-08,-31.62340377753609,0,0.0,3.587607011468208e-07,0,0,0,0,0,0,0,0,1.7112320123232851,1624,3117,4513,0.02241066565499807,0.03745749658024711,0.0431069141464804,1535,0,0.15585
149,38291,rx_ur5_base,/home/telilab4090/Documents/Gazebo World/my_world/rt_out/experiments/semantic_ablation_actor_200f/sionna_xml/frame_149_sionna.xml,30.0,0.0,0.0,2.4,0.497,-0.841,0.995,28000000000.0,18,5.708055805797585e-09,5.930293767164585e-08,5.3594881865848265e-08,6.881127774249762e-07,-61.62340377753609,-31.62340377753609,cir_coefficients_tau_mask,,"[1, 1, 1, 1, 18, 1]","[1, 1, 18]","[1, 1, 18]","[1, 1, 18]",,True,,18,5.3594881865848265e-08,-31.62340341877539,0,0.0,-3.587607011468208e-07,0,0,0,0,0,0,0,0,1.7112320123232851,1645,3101,4402,0.021584595022001205,0.03847765676100921,0.044360581506687036,1559,0,0.15505
150,38548,rx_ur5_base,/home/telilab4090/Documents/Gazebo World/my_world/rt_out/experiments/semantic_ablation_actor_200f/sionna_xml/frame_150_sionna.xml,30.0,0.0,0.0,2.4,0.497,-0.841,0.995,28000000000.0,18,5.708055805797585e-09,5.930293767164585e-08,5.3594881865848265e-08,6.881128342683951e-07,-61.62340341877539,-31.62340341877539,cir_coefficients_tau_mask,,"[1, 1, 1, 1, 18, 1]","[1, 1, 18]","[1, 1, 18]","[1, 1, 18]",,True,,18,5.3594881865848265e-08,-31.62340377753609,0,0.0,3.587607011468208e-07,0,0,0,0,0,0,0,0,1.7112320123232851,1665,3115,3769,0.025268589094354695,0.035577044882758015,0.04247728513138802,1560,0,0.15575
151,38805,rx_ur5_base,/home/telilab4090/Documents/Gazebo World/my_world/rt_out/experiments/semantic_ablation_actor_200f/sionna_xml/frame_151_sionna.xml,30.0,0.0,0.0,2.4,0.497,-0.841,0.995,28000000000.0,18,5.708055805797585e-09,5.930293767164585e-08,5.3594881865848265e-08,6.881128342683951e-07,-61.62340341877539,-31.62340341877539,cir_coefficients_tau_mask,,"[1, 1, 1, 1, 18, 1]","[1, 1, 18]","[1, 1, 18]","[1, 1, 18]",,True,,18,5.3594881865848265e-08,-31.62340341877539,0,0.0,0.0,0,0,0,0,0,0,0,0,1.7112320123232851,1702,3195,3528,0.021584595022001205,0.03219540432921994,0.03964637512939558,1586,0,0.15975
152,39062,rx_ur5_base,/home/telilab4090/Documents/Gazebo World/my_world/rt_out/experiments/semantic_ablation_actor_200f/sionna_xml/frame_152_sionna.xml,30.0,0.0,0.0,2.4,0.497,-0.841,0.995,28000000000.0,18,5.708055805797585e-09,5.930293767164585e-08,5.3594881865848265e-08,6.881128342683951e-07,-61.62340341877539,-31.62340341877539,cir_coefficients_tau_mask,,"[1, 1, 1, 1, 18, 1]","[1, 1, 18]","[1, 1, 18]","[1, 1, 18]",,True,,18,5.3594881865848265e-08,-31.62340341877539,0,0.0,0.0,0,0,0,0,0,0,0,0,1.7112320123232851,1672,3173,3718,0.022241266180123547,0.038371097176879795,0.043426991281770445,1564,0,0.15865
153,39319,rx_ur5_base,/home/telilab4090/Documents/Gazebo World/my_world/rt_out/experiments/semantic_ablation_actor_200f/sionna_xml/frame_153_sionna.xml,30.0,0.0,0.0,2.4,0.497,-0.841,0.995,28000000000.0,18,5.708055805797585e-09,5.930293767164585e-08,5.3594881865848265e-08,6.881128342683951e-07,-61.62340341877539,-31.62340341877539,cir_coefficients_tau_mask,,"[1, 1, 1, 1, 18, 1]","[1, 1, 18]","[1, 1, 18]","[1, 1, 18]",,True,,18,5.3594881865848265e-08,-31.62340341877539,0,0.0,0.0,0,0,0,0,0,0,0,0,1.7112320123232851,1637,3088,3671,0.025074663910675362,0.03919222840458646,0.04369548640185476,1553,0,0.1544
154,39576,rx_ur5_base,/home/telilab4090/Documents/Gazebo World/my_world/rt_out/experiments/semantic_ablation_actor_200f/sionna_xml/frame_154_sionna.xml,30.0,0.0,0.0,2.4,0.497,-0.841,0.995,28000000000.0,18,5.708055805797585e-09,5.930293767164585e-08,5.3594881865848265e-08,6.881127774249762e-07,-61.62340377753609,-31.62340377753609,cir_coefficients_tau_mask,,"[1, 1, 1, 1, 18, 1]","[1, 1, 18]","[1, 1, 18]","[1, 1, 18]",,True,,18,5.3594881865848265e-08,-31.62340341877539,0,0.0,-3.587607011468208e-07,0,0,0,0,0,0,0,0,1.7112320123232851,1675,3243,3780,0.021723553570586484,0.03785858655043574,0.04278297120793853,1599,0,0.16215
155,39833,rx_ur5_base,/home/telilab4090/Documents/Gazebo World/my_world/rt_out/experiments/semantic_ablation_actor_200f/sionna_xml/frame_155_sionna.xml,30.0,0.0,0.0,2.4,0.497,-0.841,0.995,28000000000.0,18,5.708055805797585e-09,5.930293767164585e-08,5.3594881865848265e-08,6.881128342683951e-07,-61.62340341877539,-31.62340341877539,cir_coefficients_tau_mask,,"[1, 1, 1, 1, 18, 1]","[1, 1, 18]","[1, 1, 18]","[1, 1, 18]",,True,,18,5.3594881865848265e-08,-31.62340377753609,0,0.0,3.587607011468208e-07,0,0,0,0,0,0,0,0,1.7112320123232851,1668,3191,3468,0.02241066565499807,0.035967708703116254,0.04218468174017559,1549,0,0.15955
156,40090,rx_ur5_base,/home/telilab4090/Documents/Gazebo World/my_world/rt_out/experiments/semantic_ablation_actor_200f/sionna_xml/frame_156_sionna.xml,30.0,0.0,0.0,2.4,0.497,-0.841,0.995,28000000000.0,18,5.708055805797585e-09,5.930293767164585e-08,5.3594881865848265e-08,6.881128342683951e-07,-61.62340341877539,-31.62340341877539,cir_coefficients_tau_mask,,"[1, 1, 1, 1, 18, 1]","[1, 1, 18]","[1, 1, 18]","[1, 1, 18]",,True,,18,5.3594881865848265e-08,-31.62340341877539,0,0.0,0.0,0,0,0,0,0,0,0,0,1.7112320123232851,1649,3141,3307,0.02306952061698879,0.03537115813100587,0.042017518121020156,1549,0,0.15705
157,40347,rx_ur5_base,/home/telilab4090/Documents/Gazebo World/my_world/rt_out/experiments/semantic_ablation_actor_200f/sionna_xml/frame_157_sionna.xml,30.0,0.0,0.0,2.4,0.497,-0.841,0.995,28000000000.0,18,5.708055805797585e-09,5.930293767164585e-08,5.3594881865848265e-08,6.881127774249762e-07,-61.62340377753609,-31.62340377753609,cir_coefficients_tau_mask,,"[1, 1, 1, 1, 18, 1]","[1, 1, 18]","[1, 1, 18]","[1, 1, 18]",,True,,18,5.3594881865848265e-08,-31.62340341877539,0,0.0,-3.587607011468208e-07,0,0,0,0,0,0,0,0,1.7112320123232851,1727,3264,3543,0.02289702470838467,0.03622801708045119,0.04249041224972692,1645,0,0.1632
158,40604,rx_ur5_base,/home/telilab4090/Documents/Gazebo World/my_world/rt_out/experiments/semantic_ablation_actor_200f/sionna_xml/frame_158_sionna.xml,30.0,0.0,0.0,2.4,0.497,-0.841,0.995,28000000000.0,18,5.708055805797585e-09,5.930293767164585e-08,5.3594881865848265e-08,6.881128342683951e-07,-61.62340341877539,-31.62340341877539,cir_coefficients_tau_mask,,"[1, 1, 1, 1, 18, 1]","[1, 1, 18]","[1, 1, 18]","[1, 1, 18]",,True,,18,5.3594881865848265e-08,-31.62340377753609,0,0.0,3.587607011468208e-07,0,0,0,0,0,0,0,0,1.7112320123232851,1654,3132,3480,0.025074663910675362,0.039048108108067095,0.04443395782051616,1554,0,0.1566
159,40861,rx_ur5_base,/home/telilab4090/Documents/Gazebo World/my_world/rt_out/experiments/semantic_ablation_actor_200f/sionna_xml/frame_159_sionna.xml,30.0,0.0,0.0,2.4,0.497,-0.841,0.995,28000000000.0,18,5.708055805797585e-09,5.930293767164585e-08,5.3594881865848265e-08,6.881128342683951e-07,-61.62340341877539,-31.62340341877539,cir_coefficients_tau_mask,,"[1, 1, 1, 1, 18, 1]","[1, 1, 18]","[1, 1, 18]","[1, 1, 18]",,True,,18,5.3594881865848265e-08,-31.62340341877539,0,0.0,0.0,0,0,0,0,0,0,0,0,1.7112320123232851,1610,3076,3451,0.02289702470838467,0.038792242178120835,0.043963120248371367,1538,0,0.1538
160,41118,rx_ur5_base,/home/telilab4090/Documents/Gazebo World/my_world/rt_out/experiments/semantic_ablation_actor_200f/sionna_xml/frame_160_sionna.xml,30.0,0.0,0.0,2.4,0.497,-0.841,0.995,28000000000.0,18,5.708055805797585e-09,5.930293767164585e-08,5.3594881865848265e-08,6.881128342683951e-07,-61.62340341877539,-31.62340341877539,cir_coefficients_tau_mask,,"[1, 1, 1, 1, 18, 1]","[1, 1, 18]","[1, 1, 18]","[1, 1, 18]",,True,,18,5.3594881865848265e-08,-31.62340341877539,0,0.0,0.0,0,0,0,0,0,0,0,0,1.7112320123232851,1735,3271,3533,0.022277261493038866,0.03714077933489675,0.04263060768823614,1646,0,0.16355
161,41375,rx_ur5_base,/home/telilab4090/Documents/Gazebo World/my_world/rt_out/experiments/semantic_ablation_actor_200f/sionna_xml/frame_161_sionna.xml,30.0,0.0,0.0,2.4,0.497,-0.841,0.995,28000000000.0,18,5.708055805797585e-09,5.930293767164585e-08,5.3594881865848265e-08,6.881128342683951e-07,-61.62340341877539,-31.62340341877539,cir_coefficients_tau_mask,,"[1, 1, 1, 1, 18, 1]","[1, 1, 18]","[1, 1, 18]","[1, 1, 18]",,True,,18,5.3594881865848265e-08,-31.62340341877539,0,0.0,0.0,0,0,0,0,0,0,0,0,1.7112320123232851,1686,3131,3331,0.022174341131628066,0.03385170137770781,0.040349572668978644,1596,0,0.15655
162,41632,rx_ur5_base,/home/telilab4090/Documents/Gazebo World/my_world/rt_out/experiments/semantic_ablation_actor_200f/sionna_xml/frame_162_sionna.xml,30.0,0.0,0.0,2.4,0.497,-0.841,0.995,28000000000.0,18,5.708055805797585e-09,5.930293767164585e-08,5.3594881865848265e-08,6.881128342683951e-07,-61.62340341877539,-31.62340341877539,cir_coefficients_tau_mask,,"[1, 1, 1, 1, 18, 1]","[1, 1, 18]","[1, 1, 18]","[1, 1, 18]",,True,,18,5.3594881865848265e-08,-31.62340341877539,0,0.0,0.0,0,0,0,0,0,0,0,0,1.7112320123232851,1687,3190,3391,0.02306952061698879,0.036942795645623985,0.04234948931969914,1600,0,0.1595
163,41889,rx_ur5_base,/home/telilab4090/Documents/Gazebo World/my_world/rt_out/experiments/semantic_ablation_actor_200f/sionna_xml/frame_163_sionna.xml,30.0,0.0,0.0,2.4,0.497,-0.841,0.995,28000000000.0,18,5.708055805797585e-09,5.930293767164585e-08,5.3594881865848265e-08,6.881128342683951e-07,-61.62340341877539,-31.62340341877539,cir_coefficients_tau_mask,,"[1, 1, 1, 1, 18, 1]","[1, 1, 18]","[1, 1, 18]","[1, 1, 18]",,True,,18,5.3594881865848265e-08,-31.62340341877539,0,0.0,0.0,0,0,0,0,0,0,0,0,1.7112320123232851,1714,3178,3516,0.02545343646831003,0.03646391518110008,0.041593321372370075,1622,0,0.1589
164,42146,rx_ur5_base,/home/telilab4090/Documents/Gazebo World/my_world/rt_out/experiments/semantic_ablation_actor_200f/sionna_xml/frame_164_sionna.xml,30.0,0.0,0.0,2.4,0.497,-0.841,0.995,28000000000.0,19,5.708055805797585e-09,5.930293767164585e-08,5.3594881865848265e-08,6.881333547426038e-07,-61.623273908099364,-31.623273908099364,cir_coefficients_tau_mask,,"[1, 1, 1, 1, 19, 1]","[1, 1, 19]","[1, 1, 19]","[1, 1, 19]",,True,,18,5.3594881865848265e-08,-31.62340341877539,1,0.0,0.00012951067602529065,1,0,0,0,0,0,0,0,1.7112320123232851,1733,3241,3571,0.025074663910675362,0.036896873603520695,0.04191030981990397,1632,0,0.16205
165,42403,rx_ur5_base,/home/telilab4090/Documents/Gazebo World/my_world/rt_out/experiments/semantic_ablation_actor_200f/sionna_xml/frame_165_sionna.xml,30.0,0.0,0.0,2.4,0.497,-0.841,0.995,28000000000.0,18,5.708055805797585e-09,5.930293767164585e-08,5.3594881865848265e-08,6.881128342683951e-07,-61.62340341877539,-31.62340341877539,cir_coefficients_tau_mask,,"[1, 1, 1, 1, 18, 1]","[1, 1, 18]","[1, 1, 18]","[1, 1, 18]",,True,,19,5.3594881865848265e-08,-31.623273908099364,-1,0.0,-0.00012951067602529065,1,1,0,0,0,0,0,0,1.7112320123232851,1632,3107,3390,0.022512443604644904,0.03560369726602908,0.043175974747660745,1533,0,0.15535
166,42659,rx_ur5_base,/home/telilab4090/Documents/Gazebo World/my_world/rt_out/experiments/semantic_ablation_actor_200f/sionna_xml/frame_166_sionna.xml,30.0,0.0,0.0,2.4,0.497,-0.841,0.995,28000000000.0,18,5.708055805797585e-09,5.930293767164585e-08,5.3594881865848265e-08,6.881128342683951e-07,-61.62340341877539,-31.62340341877539,cir_coefficients_tau_mask,,"[1, 1, 1, 1, 18, 1]","[1, 1, 18]","[1, 1, 18]","[1, 1, 18]",,True,,18,5.3594881865848265e-08,-31.62340341877539,0,0.0,0.0,0,0,0,0,0,0,0,0,1.7112320123232851,1686,3189,3454,0.02289702470838467,0.03783942034707491,0.043625075563558796,1597,0,0.15945
167,42916,rx_ur5_base,/home/telilab4090/Documents/Gazebo World/my_world/rt_out/experiments/semantic_ablation_actor_200f/sionna_xml/frame_167_sionna.xml,30.0,0.0,0.0,2.4,0.497,-0.841,0.995,28000000000.0,18,5.708055805797585e-09,5.930293767164585e-08,5.3594881865848265e-08,6.881127774249762e-07,-61.62340377753609,-31.62340377753609,cir_coefficients_tau_mask,,"[1, 1, 1, 1, 18, 1]","[1, 1, 18]","[1, 1, 18]","[1, 1, 18]",,True,,18,5.3594881865848265e-08,-31.62340341877539,0,0.0,-3.587607011468208e-07,0,0,0,0,0,0,0,0,1.7112320123232851,1690,3195,3416,0.03170692599926948,0.04133797915054802,0.04679872731888656,1595,0,0.15975
168,43173,rx_ur5_base,/home/telilab4090/Documents/Gazebo World/my_world/rt_out/experiments/semantic_ablation_actor_200f/sionna_xml/frame_168_sionna.xml,30.0,0.0,0.0,2.4,0.497,-0.841,0.995,28000000000.0,18,5.708055805797585e-09,5.930293767164585e-08,5.3594881865848265e-08,6.881128342683951e-07,-61.62340341877539,-31.62340341877539,cir_coefficients_tau_mask,,"[1, 1, 1, 1, 18, 1]","[1, 1, 18]","[1, 1, 18]","[1, 1, 18]",,True,,18,5.3594881865848265e-08,-31.62340377753609,0,0.0,3.587607011468208e-07,0,0,0,0,0,0,0,0,1.7112320123232851,1691,3166,3428,0.022174341131628066,0.03437852609412208,0.042138827086724916,1585,0,0.1583
169,43430,rx_ur5_base,/home/telilab4090/Documents/Gazebo World/my_world/rt_out/experiments/semantic_ablation_actor_200f/sionna_xml/frame_169_sionna.xml,30.0,0.0,0.0,2.4,0.497,-0.841,0.995,28000000000.0,18,5.708055805797585e-09,5.930293767164585e-08,5.3594881865848265e-08,6.881128342683951e-07,-61.62340341877539,-31.62340341877539,cir_coefficients_tau_mask,,"[1, 1, 1, 1, 18, 1]","[1, 1, 18]","[1, 1, 18]","[1, 1, 18]",,True,,18,5.3594881865848265e-08,-31.62340341877539,0,0.0,0.0,0,0,0,0,0,0,0,0,1.7112320123232851,1647,3149,3556,0.02306952061698879,0.0365808722901098,0.04163974593757559,1546,0,0.15745
170,43687,rx_ur5_base,/home/telilab4090/Documents/Gazebo World/my_world/rt_out/experiments/semantic_ablation_actor_200f/sionna_xml/frame_170_sionna.xml,30.0,0.0,0.0,2.4,0.497,-0.841,0.995,28000000000.0,18,5.708055805797585e-09,5.930293767164585e-08,5.3594881865848265e-08,6.881127774249762e-07,-61.62340377753609,-31.62340377753609,cir_coefficients_tau_mask,,"[1, 1, 1, 1, 18, 1]","[1, 1, 18]","[1, 1, 18]","[1, 1, 18]",,True,,18,5.3594881865848265e-08,-31.62340341877539,0,0.0,-3.587607011468208e-07,0,0,0,0,0,0,0,0,1.7112320123232851,1620,3169,3573,0.02555507708448178,0.03687650056755333,0.04202906783883897,1509,0,0.15845
171,43944,rx_ur5_base,/home/telilab4090/Documents/Gazebo World/my_world/rt_out/experiments/semantic_ablation_actor_200f/sionna_xml/frame_171_sionna.xml,30.0,0.0,0.0,2.4,0.497,-0.841,0.995,28000000000.0,18,5.708055805797585e-09,5.930293767164585e-08,5.3594881865848265e-08,6.881128342683951e-07,-61.62340341877539,-31.62340341877539,cir_coefficients_tau_mask,,"[1, 1, 1, 1, 18, 1]","[1, 1, 18]","[1, 1, 18]","[1, 1, 18]",,True,,18,5.3594881865848265e-08,-31.62340377753609,0,0.0,3.587607011468208e-07,0,0,0,0,0,0,0,0,1.7112320123232851,1651,3143,3503,0.02241066565499807,0.03670817758669972,0.04272543283841128,1559,0,0.15715
172,44201,rx_ur5_base,/home/telilab4090/Documents/Gazebo World/my_world/rt_out/experiments/semantic_ablation_actor_200f/sionna_xml/frame_172_sionna.xml,30.0,0.0,0.0,2.4,0.497,-0.841,0.995,28000000000.0,18,5.708055805797585e-09,5.930293767164585e-08,5.3594881865848265e-08,6.881128342683951e-07,-61.62340341877539,-31.62340341877539,cir_coefficients_tau_mask,,"[1, 1, 1, 1, 18, 1]","[1, 1, 18]","[1, 1, 18]","[1, 1, 18]",,True,,18,5.3594881865848265e-08,-31.62340341877539,0,0.0,0.0,0,0,0,0,0,0,0,0,1.7112320123232851,1696,3167,3297,0.022512443604644904,0.03455353753616299,0.042386636209974834,1596,0,0.15835
173,44458,rx_ur5_base,/home/telilab4090/Documents/Gazebo World/my_world/rt_out/experiments/semantic_ablation_actor_200f/sionna_xml/frame_173_sionna.xml,30.0,0.0,0.0,2.4,0.497,-0.841,0.995,28000000000.0,18,5.708055805797585e-09,5.930293767164585e-08,5.3594881865848265e-08,6.881127774249762e-07,-61.62340377753609,-31.62340377753609,cir_coefficients_tau_mask,,"[1, 1, 1, 1, 18, 1]","[1, 1, 18]","[1, 1, 18]","[1, 1, 18]",,True,,18,5.3594881865848265e-08,-31.62340341877539,0,0.0,-3.587607011468208e-07,0,0,0,0,0,0,0,0,1.7112320123232851,1619,3096,3140,0.02570599551342574,0.036333135153169126,0.0415106512474365,1526,0,0.1548
174,44715,rx_ur5_base,/home/telilab4090/Documents/Gazebo World/my_world/rt_out/experiments/semantic_ablation_actor_200f/sionna_xml/frame_174_sionna.xml,30.0,0.0,0.0,2.4,0.497,-0.841,0.995,28000000000.0,18,5.708055805797585e-09,5.930293767164585e-08,5.3594881865848265e-08,6.881128342683951e-07,-61.62340341877539,-31.62340341877539,cir_coefficients_tau_mask,,"[1, 1, 1, 1, 18, 1]","[1, 1, 18]","[1, 1, 18]","[1, 1, 18]",,True,,18,5.3594881865848265e-08,-31.62340377753609,0,0.0,3.587607011468208e-07,0,0,0,0,0,0,0,0,1.7112320123232851,1746,3240,3295,0.021723553570586484,0.03542224887924918,0.041332090070487125,1657,0,0.162
175,44972,rx_ur5_base,/home/telilab4090/Documents/Gazebo World/my_world/rt_out/experiments/semantic_ablation_actor_200f/sionna_xml/frame_175_sionna.xml,30.0,0.0,0.0,2.4,0.497,-0.841,0.995,28000000000.0,18,5.708055805797585e-09,5.930293767164585e-08,5.3594881865848265e-08,6.881128342683951e-07,-61.62340341877539,-31.62340341877539,cir_coefficients_tau_mask,,"[1, 1, 1, 1, 18, 1]","[1, 1, 18]","[1, 1, 18]","[1, 1, 18]",,True,,18,5.3594881865848265e-08,-31.62340341877539,0,0.0,0.0,0,0,0,0,0,0,0,0,1.7112320123232851,1672,3161,3205,0.024322010810460457,0.03375688084308262,0.040929138937946696,1567,0,0.15805
176,45229,rx_ur5_base,/home/telilab4090/Documents/Gazebo World/my_world/rt_out/experiments/semantic_ablation_actor_200f/sionna_xml/frame_176_sionna.xml,30.0,0.0,0.0,2.4,0.497,-0.841,0.995,28000000000.0,18,5.708055805797585e-09,5.930293767164585e-08,5.3594881865848265e-08,6.881128342683951e-07,-61.62340341877539,-31.62340341877539,cir_coefficients_tau_mask,,"[1, 1, 1, 1, 18, 1]","[1, 1, 18]","[1, 1, 18]","[1, 1, 18]",,True,,18,5.3594881865848265e-08,-31.62340341877539,0,0.0,0.0,0,0,0,0,0,0,0,0,1.7112320123232851,1646,3072,3126,0.02306952061698879,0.034752006702924255,0.04105837733361711,1556,0,0.1536
177,45486,rx_ur5_base,/home/telilab4090/Documents/Gazebo World/my_world/rt_out/experiments/semantic_ablation_actor_200f/sionna_xml/frame_177_sionna.xml,30.0,0.0,0.0,2.4,0.497,-0.841,0.995,28000000000.0,17,5.708055805797585e-09,5.930293767164585e-08,5.3594881865848265e-08,6.880848104628967e-07,-61.62358029139449,-31.62358029139449,cir_coefficients_tau_mask,,"[1, 1, 1, 1, 17, 1]","[1, 1, 17]","[1, 1, 17]","[1, 1, 17]",,True,,18,5.3594881865848265e-08,-31.62340341877539,-1,0.0,-0.00017687261910026564,1,1,0,0,0,0,0,0,1.7112320123232851,1626,3136,3178,0.02193118441168209,0.03492545323740598,0.04230041903857039,1523,0,0.1568
178,45743,rx_ur5_base,/home/telilab4090/Documents/Gazebo World/my_world/rt_out/experiments/semantic_ablation_actor_200f/sionna_xml/frame_178_sionna.xml,30.0,0.0,0.0,2.4,0.497,-0.841,0.995,28000000000.0,18,5.708055805797585e-09,5.930293767164585e-08,5.3594881865848265e-08,6.881127774249762e-07,-61.62340377753609,-31.62340377753609,cir_coefficients_tau_mask,,"[1, 1, 1, 1, 18, 1]","[1, 1, 18]","[1, 1, 18]","[1, 1, 18]",,True,,17,5.3594881865848265e-08,-31.62358029139449,1,0.0,0.00017651385839911882,1,0,0,0,0,0,0,0,1.7112320123232851,1642,3063,3101,0.021584595022001205,0.03696114702793758,0.04342005850394213,1543,0,0.15315
179,46000,rx_ur5_base,/home/telilab4090/Documents/Gazebo World/my_world/rt_out/experiments/semantic_ablation_actor_200f/sionna_xml/frame_179_sionna.xml,30.0,0.0,0.0,2.4,0.497,-0.841,0.995,28000000000.0,18,5.708055805797585e-09,5.930293767164585e-08,5.3594881865848265e-08,6.881128342683951e-07,-61.62340341877539,-31.62340341877539,cir_coefficients_tau_mask,,"[1, 1, 1, 1, 18, 1]","[1, 1, 18]","[1, 1, 18]","[1, 1, 18]",,True,,18,5.3594881865848265e-08,-31.62340377753609,0,0.0,3.587607011468208e-07,0,0,0,0,0,0,0,0,1.7112320123232851,1687,3187,3237,0.02241066565499807,0.038705481425474114,0.0435753301914136,1607,0,0.15935
180,46257,rx_ur5_base,/home/telilab4090/Documents/Gazebo World/my_world/rt_out/experiments/semantic_ablation_actor_200f/sionna_xml/frame_180_sionna.xml,30.0,0.0,0.0,2.4,0.497,-0.841,0.995,28000000000.0,18,5.708055805797585e-09,5.930293767164585e-08,5.3594881865848265e-08,6.881128342683951e-07,-61.62340341877539,-31.62340341877539,cir_coefficients_tau_mask,,"[1, 1, 1, 1, 18, 1]","[1, 1, 18]","[1, 1, 18]","[1, 1, 18]",,True,,18,5.3594881865848265e-08,-31.62340341877539,0,0.0,0.0,0,0,0,0,0,0,0,0,1.7112320123232851,1608,3104,3138,0.025268589094354695,0.03535053377875664,0.04139745831125328,1529,0,0.1552
181,46514,rx_ur5_base,/home/telilab4090/Documents/Gazebo World/my_world/rt_out/experiments/semantic_ablation_actor_200f/sionna_xml/frame_181_sionna.xml,30.0,0.0,0.0,2.4,0.497,-0.841,0.995,28000000000.0,18,5.708055805797585e-09,5.930293767164585e-08,5.3594881865848265e-08,6.881128342683951e-07,-61.62340341877539,-31.62340341877539,cir_coefficients_tau_mask,,"[1, 1, 1, 1, 18, 1]","[1, 1, 18]","[1, 1, 18]","[1, 1, 18]",,True,,18,5.3594881865848265e-08,-31.62340341877539,0,0.0,0.0,0,0,0,0,0,0,0,0,1.7112320123232851,1638,3106,3160,0.02306952061698879,0.035340440850517865,0.041331688324212114,1538,0,0.1553
182,46771,rx_ur5_base,/home/telilab4090/Documents/Gazebo World/my_world/rt_out/experiments/semantic_ablation_actor_200f/sionna_xml/frame_182_sionna.xml,30.0,0.0,0.0,2.4,0.497,-0.841,0.995,28000000000.0,18,5.708055805797585e-09,5.930293767164585e-08,5.3594881865848265e-08,6.881127774249762e-07,-61.62340377753609,-31.62340377753609,cir_coefficients_tau_mask,,"[1, 1, 1, 1, 18, 1]","[1, 1, 18]","[1, 1, 18]","[1, 1, 18]",,True,,18,5.3594881865848265e-08,-31.62340341877539,0,0.0,-3.587607011468208e-07,0,0,0,0,0,0,0,0,1.7112320123232851,1589,3124,3158,0.024999220167013503,0.035866154717349504,0.04313320252063279,1515,0,0.1562
183,47028,rx_ur5_base,/home/telilab4090/Documents/Gazebo World/my_world/rt_out/experiments/semantic_ablation_actor_200f/sionna_xml/frame_183_sionna.xml,30.0,0.0,0.0,2.4,0.497,-0.841,0.995,28000000000.0,18,5.708055805797585e-09,5.930293767164585e-08,5.3594881865848265e-08,6.881128342683951e-07,-61.62340341877539,-31.62340341877539,cir_coefficients_tau_mask,,"[1, 1, 1, 1, 18, 1]","[1, 1, 18]","[1, 1, 18]","[1, 1, 18]",,True,,18,5.3594881865848265e-08,-31.62340377753609,0,0.0,3.587607011468208e-07,0,0,0,0,0,0,0,0,1.7112320123232851,1693,3123,3160,0.022174341131628066,0.03483419144432311,0.04146253311371481,1588,0,0.15615
184,47285,rx_ur5_base,/home/telilab4090/Documents/Gazebo World/my_world/rt_out/experiments/semantic_ablation_actor_200f/sionna_xml/frame_184_sionna.xml,30.0,0.0,0.0,2.4,0.497,-0.841,0.995,28000000000.0,18,5.708055805797585e-09,5.930293767164585e-08,5.3594881865848265e-08,6.881128342683951e-07,-61.62340341877539,-31.62340341877539,cir_coefficients_tau_mask,,"[1, 1, 1, 1, 18, 1]","[1, 1, 18]","[1, 1, 18]","[1, 1, 18]",,True,,18,5.3594881865848265e-08,-31.62340341877539,0,0.0,0.0,0,0,0,0,0,0,0,0,1.7112320123232851,1625,3172,3209,0.021656088286794575,0.036908805721651075,0.042297268774106576,1529,0,0.1586
185,47542,rx_ur5_base,/home/telilab4090/Documents/Gazebo World/my_world/rt_out/experiments/semantic_ablation_actor_200f/sionna_xml/frame_185_sionna.xml,30.0,0.0,0.0,2.4,0.497,-0.841,0.995,28000000000.0,18,5.708055805797585e-09,5.930293767164585e-08,5.3594881865848265e-08,6.881128342683951e-07,-61.62340341877539,-31.62340341877539,cir_coefficients_tau_mask,,"[1, 1, 1, 1, 18, 1]","[1, 1, 18]","[1, 1, 18]","[1, 1, 18]",,True,,18,5.3594881865848265e-08,-31.62340341877539,0,0.0,0.0,0,0,0,0,0,0,0,0,1.7112320123232851,1666,3124,3168,0.025009433117994584,0.03704718697672553,0.0420023600397528,1570,0,0.1562
186,47799,rx_ur5_base,/home/telilab4090/Documents/Gazebo World/my_world/rt_out/experiments/semantic_ablation_actor_200f/sionna_xml/frame_186_sionna.xml,30.0,0.0,0.0,2.4,0.497,-0.841,0.995,28000000000.0,18,5.708055805797585e-09,5.930293767164585e-08,5.3594881865848265e-08,6.881128342683951e-07,-61.62340341877539,-31.62340341877539,cir_coefficients_tau_mask,,"[1, 1, 1, 1, 18, 1]","[1, 1, 18]","[1, 1, 18]","[1, 1, 18]",,True,,18,5.3594881865848265e-08,-31.62340341877539,0,0.0,0.0,0,0,0,0,0,0,0,0,1.7112320123232851,1635,3179,3212,0.02174403116856855,0.034575409643525554,0.04254341546594048,1544,0,0.15895
187,48056,rx_ur5_base,/home/telilab4090/Documents/Gazebo World/my_world/rt_out/experiments/semantic_ablation_actor_200f/sionna_xml/frame_187_sionna.xml,30.0,0.0,0.0,2.4,0.497,-0.841,0.995,28000000000.0,18,5.708055805797585e-09,5.930293767164585e-08,5.3594881865848265e-08,6.881128342683951e-07,-61.62340341877539,-31.62340341877539,cir_coefficients_tau_mask,,"[1, 1, 1, 1, 18, 1]","[1, 1, 18]","[1, 1, 18]","[1, 1, 18]",,True,,18,5.3594881865848265e-08,-31.62340341877539,0,0.0,0.0,0,0,0,0,0,0,0,0,1.7112320123232851,1632,3095,3154,0.022241266180123547,0.0376250634371089,0.04343651808436008,1541,0,0.15475
188,48313,rx_ur5_base,/home/telilab4090/Documents/Gazebo World/my_world/rt_out/experiments/semantic_ablation_actor_200f/sionna_xml/frame_188_sionna.xml,30.0,0.0,0.0,2.4,0.497,-0.841,0.995,28000000000.0,18,5.708055805797585e-09,5.930293767164585e-08,5.3594881865848265e-08,6.881128342683951e-07,-61.62340341877539,-31.62340341877539,cir_coefficients_tau_mask,,"[1, 1, 1, 1, 18, 1]","[1, 1, 18]","[1, 1, 18]","[1, 1, 18]",,True,,18,5.3594881865848265e-08,-31.62340341877539,0,0.0,0.0,0,0,0,0,0,0,0,0,1.7112320123232851,1612,3157,3202,0.02336749622157965,0.04018457216935341,0.045147823840365975,1524,0,0.15785
189,48570,rx_ur5_base,/home/telilab4090/Documents/Gazebo World/my_world/rt_out/experiments/semantic_ablation_actor_200f/sionna_xml/frame_189_sionna.xml,30.0,0.0,0.0,2.4,0.497,-0.841,0.995,28000000000.0,18,5.708055805797585e-09,5.930293767164585e-08,5.3594881865848265e-08,6.881128342683951e-07,-61.62340341877539,-31.62340341877539,cir_coefficients_tau_mask,,"[1, 1, 1, 1, 18, 1]","[1, 1, 18]","[1, 1, 18]","[1, 1, 18]",,True,,18,5.3594881865848265e-08,-31.62340341877539,0,0.0,0.0,0,0,0,0,0,0,0,0,1.7112320123232851,1619,3064,3119,0.02289702470838467,0.038041590190362004,0.04254464604404025,1527,0,0.1532
190,48827,rx_ur5_base,/home/telilab4090/Documents/Gazebo World/my_world/rt_out/experiments/semantic_ablation_actor_200f/sionna_xml/frame_190_sionna.xml,30.0,0.0,0.0,2.4,0.497,-0.841,0.995,28000000000.0,18,5.708055805797585e-09,5.930293767164585e-08,5.3594881865848265e-08,6.881128342683951e-07,-61.62340341877539,-31.62340341877539,cir_coefficients_tau_mask,,"[1, 1, 1, 1, 18, 1]","[1, 1, 18]","[1, 1, 18]","[1, 1, 18]",,True,,18,5.3594881865848265e-08,-31.62340341877539,0,0.0,0.0,0,0,0,0,0,0,0,0,1.7112320123232851,1618,3099,3140,0.02555507708448178,0.04069851467539555,0.045433970233697135,1516,0,0.15495
191,49084,rx_ur5_base,/home/telilab4090/Documents/Gazebo World/my_world/rt_out/experiments/semantic_ablation_actor_200f/sionna_xml/frame_191_sionna.xml,30.0,0.0,0.0,2.4,0.497,-0.841,0.995,28000000000.0,18,5.708055805797585e-09,5.930293767164585e-08,5.3594881865848265e-08,6.881128342683951e-07,-61.62340341877539,-31.62340341877539,cir_coefficients_tau_mask,,"[1, 1, 1, 1, 18, 1]","[1, 1, 18]","[1, 1, 18]","[1, 1, 18]",,True,,18,5.3594881865848265e-08,-31.62340341877539,0,0.0,0.0,0,0,0,0,0,0,0,0,1.7112320123232851,1671,3127,3173,0.024322010810460457,0.033852523967087135,0.04028843089880346,1600,0,0.15635
192,49341,rx_ur5_base,/home/telilab4090/Documents/Gazebo World/my_world/rt_out/experiments/semantic_ablation_actor_200f/sionna_xml/frame_192_sionna.xml,30.0,0.0,0.0,2.4,0.497,-0.841,0.995,28000000000.0,18,5.708055805797585e-09,5.930293767164585e-08,5.3594881865848265e-08,6.881127774249762e-07,-61.62340377753609,-31.62340377753609,cir_coefficients_tau_mask,,"[1, 1, 1, 1, 18, 1]","[1, 1, 18]","[1, 1, 18]","[1, 1, 18]",,True,,18,5.3594881865848265e-08,-31.62340341877539,0,0.0,-3.587607011468208e-07,0,0,0,0,0,0,0,0,1.7112320123232851,1620,3108,3150,0.021584595022001205,0.033693730617301396,0.042043420195871206,1519,0,0.1554
193,49598,rx_ur5_base,/home/telilab4090/Documents/Gazebo World/my_world/rt_out/experiments/semantic_ablation_actor_200f/sionna_xml/frame_193_sionna.xml,30.0,0.0,0.0,2.4,0.497,-0.841,0.995,28000000000.0,18,5.708055805797585e-09,5.930293767164585e-08,5.3594881865848265e-08,6.881128342683951e-07,-61.62340341877539,-31.62340341877539,cir_coefficients_tau_mask,,"[1, 1, 1, 1, 18, 1]","[1, 1, 18]","[1, 1, 18]","[1, 1, 18]",,True,,18,5.3594881865848265e-08,-31.62340377753609,0,0.0,3.587607011468208e-07,0,0,0,0,0,0,0,0,1.7112320123232851,1613,3088,3126,0.02174403116856855,0.037527242599069276,0.042539091233536795,1518,0,0.1544
194,49855,rx_ur5_base,/home/telilab4090/Documents/Gazebo World/my_world/rt_out/experiments/semantic_ablation_actor_200f/sionna_xml/frame_194_sionna.xml,30.0,0.0,0.0,2.4,0.497,-0.841,0.995,28000000000.0,18,5.708055805797585e-09,5.930293767164585e-08,5.3594881865848265e-08,6.881127774249762e-07,-61.62340377753609,-31.62340377753609,cir_coefficients_tau_mask,,"[1, 1, 1, 1, 18, 1]","[1, 1, 18]","[1, 1, 18]","[1, 1, 18]",,True,,18,5.3594881865848265e-08,-31.62340341877539,0,0.0,-3.587607011468208e-07,0,0,0,0,0,0,0,0,1.7112320123232851,1662,3226,3266,0.023695553379886585,0.03951680785273009,0.04510675312024123,1567,0,0.1613
195,50112,rx_ur5_base,/home/telilab4090/Documents/Gazebo World/my_world/rt_out/experiments/semantic_ablation_actor_200f/sionna_xml/frame_195_sionna.xml,30.0,0.0,0.0,2.4,0.497,-0.841,0.995,28000000000.0,18,5.708055805797585e-09,5.930293767164585e-08,5.3594881865848265e-08,6.881128342683951e-07,-61.62340341877539,-31.62340341877539,cir_coefficients_tau_mask,,"[1, 1, 1, 1, 18, 1]","[1, 1, 18]","[1, 1, 18]","[1, 1, 18]",,True,,18,5.3594881865848265e-08,-31.62340377753609,0,0.0,3.587607011468208e-07,0,0,0,0,0,0,0,0,1.7112320123232851,1664,3136,3173,0.0293277426182188,0.038909144948262135,0.0433206369650501,1576,0,0.1568
196,50369,rx_ur5_base,/home/telilab4090/Documents/Gazebo World/my_world/rt_out/experiments/semantic_ablation_actor_200f/sionna_xml/frame_196_sionna.xml,30.0,0.0,0.0,2.4,0.497,-0.841,0.995,28000000000.0,18,5.708055805797585e-09,5.930293767164585e-08,5.3594881865848265e-08,6.881128342683951e-07,-61.62340341877539,-31.62340341877539,cir_coefficients_tau_mask,,"[1, 1, 1, 1, 18, 1]","[1, 1, 18]","[1, 1, 18]","[1, 1, 18]",,True,,18,5.3594881865848265e-08,-31.62340341877539,0,0.0,0.0,0,0,0,0,0,0,0,0,1.7112320123232851,1647,3186,3340,0.02193118441168209,0.03697116739930443,0.042553978528795125,1565,0,0.1593
197,50626,rx_ur5_base,/home/telilab4090/Documents/Gazebo World/my_world/rt_out/experiments/semantic_ablation_actor_200f/sionna_xml/frame_197_sionna.xml,30.0,0.0,0.0,2.4,0.497,-0.841,0.995,28000000000.0,18,5.708055805797585e-09,5.930293767164585e-08,5.3594881865848265e-08,6.881128342683951e-07,-61.62340341877539,-31.62340341877539,cir_coefficients_tau_mask,,"[1, 1, 1, 1, 18, 1]","[1, 1, 18]","[1, 1, 18]","[1, 1, 18]",,True,,18,5.3594881865848265e-08,-31.62340341877539,0,0.0,0.0,0,0,0,0,0,0,0,0,1.7112320123232851,1661,3218,3798,0.022277261493038866,0.03786933469999776,0.0434825354126636,1566,0,0.1609
198,50883,rx_ur5_base,/home/telilab4090/Documents/Gazebo World/my_world/rt_out/experiments/semantic_ablation_actor_200f/sionna_xml/frame_198_sionna.xml,30.0,0.0,0.0,2.4,0.497,-0.841,0.995,28000000000.0,18,5.708055805797585e-09,5.930293767164585e-08,5.3594881865848265e-08,6.881128342683951e-07,-61.62340341877539,-31.62340341877539,cir_coefficients_tau_mask,,"[1, 1, 1, 1, 18, 1]","[1, 1, 18]","[1, 1, 18]","[1, 1, 18]",,True,,18,5.3594881865848265e-08,-31.62340341877539,0,0.0,0.0,0,0,0,0,0,0,0,0,1.7112320123232851,1613,3054,3469,0.021723553570586484,0.036500834224973376,0.042151173764527095,1516,0,0.1527
199,51140,rx_ur5_base,/home/telilab4090/Documents/Gazebo World/my_world/rt_out/experiments/semantic_ablation_actor_200f/sionna_xml/frame_199_sionna.xml,30.0,0.0,0.0,2.4,0.497,-0.841,0.995,28000000000.0,18,5.708055805797585e-09,5.930293767164585e-08,5.3594881865848265e-08,6.881128342683951e-07,-61.62340341877539,-31.62340341877539,cir_coefficients_tau_mask,,"[1, 1, 1, 1, 18, 1]","[1, 1, 18]","[1, 1, 18]","[1, 1, 18]",,True,,18,5.3594881865848265e-08,-31.62340341877539,0,0.0,0.0,0,0,0,0,0,0,0,0,1.7112320123232851,1666,3186,3588,0.022241266180123547,0.03265845026899767,0.04079490759161019,1571,0,0.1593
1,257,rx_x500_body,/home/telilab4090/Documents/Gazebo World/my_world/rt_out/experiments/semantic_ablation_actor_200f/sionna_xml/frame_001_sionna.xml,30.0,0.0,0.0,2.4,-3.9279,3.2024,1.3944,28000000000.0,23,1.7234324189985273e-08,7.465505547088469e-08,5.742073128089942e-08,3.372388945876992e-08,-74.72062342912375,-44.72062342912375,cir_coefficients_tau_mask,,"[1, 1, 1, 1, 23, 1]","[1, 1, 23]","[1, 1, 23]","[1, 1, 23]",,True,,23,5.742073128089942e-08,-44.72062342912375,0,0.0,0.0,0,0,0,0,0,0,0,0,5.166719997251642,3952,6386,7014,0.038337935055377644,0.04379372448530945,0.04494409957626161,6386,0,0.3193
2,514,rx_x500_body,/home/telilab4090/Documents/Gazebo World/my_world/rt_out/experiments/semantic_ablation_actor_200f/sionna_xml/frame_002_sionna.xml,30.0,0.0,0.0,2.4,-3.9279,3.2024,1.3944,28000000000.0,23,1.7234324189985273e-08,7.465505547088469e-08,5.742073128089942e-08,3.372388945876992e-08,-74.72062342912375,-44.72062342912375,cir_coefficients_tau_mask,,"[1, 1, 1, 1, 23, 1]","[1, 1, 23]","[1, 1, 23]","[1, 1, 23]",,True,,23,5.742073128089942e-08,-44.72062342912375,0,0.0,0.0,0,0,0,0,0,0,0,0,5.166719997251642,3975,6523,7119,0.03430944969729728,0.04039492541727523,0.04332898258632807,6523,0,0.32615
3,771,rx_x500_body,/home/telilab4090/Documents/Gazebo World/my_world/rt_out/experiments/semantic_ablation_actor_200f/sionna_xml/frame_003_sionna.xml,30.0,0.0,0.0,2.4,-3.9279,3.2024,1.3944,28000000000.0,23,1.7234324189985273e-08,7.465505547088469e-08,5.742073128089942e-08,3.372388945876992e-08,-74.72062342912375,-44.72062342912375,cir_coefficients_tau_mask,,"[1, 1, 1, 1, 23, 1]","[1, 1, 23]","[1, 1, 23]","[1, 1, 23]",,True,,23,5.742073128089942e-08,-44.72062342912375,0,0.0,0.0,0,0,0,0,0,0,0,0,5.166719997251642,3909,6386,6867,0.03474356352121823,0.04259133774626273,0.04421764696831237,6386,0,0.3193
4,1028,rx_x500_body,/home/telilab4090/Documents/Gazebo World/my_world/rt_out/experiments/semantic_ablation_actor_200f/sionna_xml/frame_004_sionna.xml,30.0,0.0,0.0,2.4,-3.9279,3.2024,1.3944,28000000000.0,23,1.7234324189985273e-08,7.465505547088469e-08,5.742073128089942e-08,3.372388945876992e-08,-74.72062342912375,-44.72062342912375,cir_coefficients_tau_mask,,"[1, 1, 1, 1, 23, 1]","[1, 1, 23]","[1, 1, 23]","[1, 1, 23]",,True,,23,5.742073128089942e-08,-44.72062342912375,0,0.0,0.0,0,0,0,0,0,0,0,0,5.166719997251642,3961,6481,6933,0.03430944969729728,0.042776555739966096,0.04445598062578281,6481,0,0.32405
5,1285,rx_x500_body,/home/telilab4090/Documents/Gazebo World/my_world/rt_out/experiments/semantic_ablation_actor_200f/sionna_xml/frame_005_sionna.xml,30.0,0.0,0.0,2.4,-3.9279,3.2024,1.3944,28000000000.0,23,1.7234324189985273e-08,7.465505547088469e-08,5.742073128089942e-08,3.372388590605624e-08,-74.72062388664037,-44.72062388664037,cir_coefficients_tau_mask,,"[1, 1, 1, 1, 23, 1]","[1, 1, 23]","[1, 1, 23]","[1, 1, 23]",,True,,23,5.742073128089942e-08,-44.72062342912375,0,0.0,-4.5751662014481553e-07,0,0,0,0,0,0,0,0,5.166719997251642,4114,6579,7111,0.03451909105938538,0.041940074711943186,0.04400759258235764,6579,0,0.32895
6,1542,rx_x500_body,/home/telilab4090/Documents/Gazebo World/my_world/rt_out/experiments/semantic_ablation_actor_200f/sionna_xml/frame_006_sionna.xml,30.0,0.0,0.0,2.4,-3.9279,3.2024,1.3944,28000000000.0,23,1.7234324189985273e-08,7.465505547088469e-08,5.742073128089942e-08,3.3723893011483597e-08,-74.72062297160716,-44.720622971607156,cir_coefficients_tau_mask,,"[1, 1, 1, 1, 23, 1]","[1, 1, 23]","[1, 1, 23]","[1, 1, 23]",,True,,23,5.742073128089942e-08,-44.72062388664037,0,0.0,9.150332118679216e-07,0,0,0,0,0,0,0,0,5.166719997251642,4049,6572,7172,0.035803787699001915,0.04278290073210508,0.0443054677800507,6572,0,0.3286
7,1799,rx_x500_body,/home/telilab4090/Documents/Gazebo World/my_world/rt_out/experiments/semantic_ablation_actor_200f/sionna_xml/frame_007_sionna.xml,30.0,0.0,0.0,2.4,-3.9279,3.2024,1.3944,28000000000.0,23,1.7234324189985273e-08,7.465505547088469e-08,5.742073128089942e-08,3.3723893011483597e-08,-74.72062297160716,-44.720622971607156,cir_coefficients_tau_mask,,"[1, 1, 1, 1, 23, 1]","[1, 1, 23]","[1, 1, 23]","[1, 1, 23]",,True,,23,5.742073128089942e-08,-44.720622971607156,0,0.0,0.0,0,0,0,0,0,0,0,0,5.166719997251642,3930,6418,7106,0.03461625178964631,0.043116834038107135,0.044695120946796264,6417,0,0.3209
8,2056,rx_x500_body,/home/telilab4090/Documents/Gazebo World/my_world/rt_out/experiments/semantic_ablation_actor_200f/sionna_xml/frame_008_sionna.xml,30.0,0.0,0.0,2.4,-3.9279,3.2024,1.3944,28000000000.0,23,1.7234324189985273e-08,7.465505547088469e-08,5.742073128089942e-08,3.372388945876992e-08,-74.72062342912375,-44.72062342912375,cir_coefficients_tau_mask,,"[1, 1, 1, 1, 23, 1]","[1, 1, 23]","[1, 1, 23]","[1, 1, 23]",,True,,23,5.742073128089942e-08,-44.720622971607156,0,0.0,-4.575165917231061e-07,0,0,0,0,0,0,0,0,5.166719997251642,4023,6549,7272,0.03456127174719209,0.04118536467437407,0.04372861614509198,6549,0,0.32745
9,2313,rx_x500_body,/home/telilab4090/Documents/Gazebo World/my_world/rt_out/experiments/semantic_ablation_actor_200f/sionna_xml/frame_009_sionna.xml,30.0,0.0,0.0,2.4,-3.9279,3.2024,1.3944,28000000000.0,23,1.7234324189985273e-08,7.465505547088469e-08,5.742073128089942e-08,3.372388945876992e-08,-74.72062342912375,-44.72062342912375,cir_coefficients_tau_mask,,"[1, 1, 1, 1, 23, 1]","[1, 1, 23]","[1, 1, 23]","[1, 1, 23]",,True,,23,5.742073128089942e-08,-44.72062342912375,0,0.0,0.0,0,0,0,0,0,0,0,0,5.166719997251642,3990,6541,7245,0.03513092655394849,0.04204038629096017,0.044004259669851775,6541,0,0.32705
10,2570,rx_x500_body,/home/telilab4090/Documents/Gazebo World/my_world/rt_out/experiments/semantic_ablation_actor_200f/sionna_xml/frame_010_sionna.xml,30.0,0.0,0.0,2.4,-3.9279,3.2024,1.3944,28000000000.0,23,1.7234324189985273e-08,7.465505547088469e-08,5.742073128089942e-08,3.372388945876992e-08,-74.72062342912375,-44.72062342912375,cir_coefficients_tau_mask,,"[1, 1, 1, 1, 23, 1]","[1, 1, 23]","[1, 1, 23]","[1, 1, 23]",,True,,23,5.742073128089942e-08,-44.72062342912375,0,0.0,0.0,0,0,0,0,0,0,0,0,5.166719997251642,4029,6579,7258,0.035045048113695514,0.04236277281028237,0.04419393333398552,6579,0,0.32895
11,2827,rx_x500_body,/home/telilab4090/Documents/Gazebo World/my_world/rt_out/experiments/semantic_ablation_actor_200f/sionna_xml/frame_011_sionna.xml,30.0,0.0,0.0,2.4,-3.9279,3.2024,1.3944,28000000000.0,23,1.7234324189985273e-08,7.465505547088469e-08,5.742073128089942e-08,3.372388945876992e-08,-74.72062342912375,-44.72062342912375,cir_coefficients_tau_mask,,"[1, 1, 1, 1, 23, 1]","[1, 1, 23]","[1, 1, 23]","[1, 1, 23]",,True,,23,5.742073128089942e-08,-44.72062342912375,0,0.0,0.0,0,0,0,0,0,0,0,0,5.166719997251642,3987,6471,6476,0.03454377004058613,0.0421772086613282,0.04427771028093889,6471,0,0.32355
12,3084,rx_x500_body,/home/telilab4090/Documents/Gazebo World/my_world/rt_out/experiments/semantic_ablation_actor_200f/sionna_xml/frame_012_sionna.xml,30.0,0.0,0.0,2.4,-3.9279,3.2024,1.3944,28000000000.0,23,1.7234324189985273e-08,7.465505547088469e-08,5.742073128089942e-08,3.372388945876992e-08,-74.72062342912375,-44.72062342912375,cir_coefficients_tau_mask,,"[1, 1, 1, 1, 23, 1]","[1, 1, 23]","[1, 1, 23]","[1, 1, 23]",,True,,23,5.742073128089942e-08,-44.72062342912375,0,0.0,0.0,0,0,0,0,0,0,0,0,5.166719997251642,4005,6535,6540,0.039856076693973556,0.04341972231782396,0.04460404417607584,6535,0,0.32675
13,3341,rx_x500_body,/home/telilab4090/Documents/Gazebo World/my_world/rt_out/experiments/semantic_ablation_actor_200f/sionna_xml/frame_013_sionna.xml,30.0,0.0,0.0,2.4,-3.9279,3.2024,1.3944,28000000000.0,23,1.7234324189985273e-08,7.465505547088469e-08,5.742073128089942e-08,3.3723893011483597e-08,-74.72062297160716,-44.720622971607156,cir_coefficients_tau_mask,,"[1, 1, 1, 1, 23, 1]","[1, 1, 23]","[1, 1, 23]","[1, 1, 23]",,True,,23,5.742073128089942e-08,-44.72062342912375,0,0.0,4.575165917231061e-07,0,0,0,0,0,0,0,0,5.166719997251642,4044,6568,6573,0.03451909105938538,0.04125799679895341,0.0435164706268016,6568,0,0.3284
14,3598,rx_x500_body,/home/telilab4090/Documents/Gazebo World/my_world/rt_out/experiments/semantic_ablation_actor_200f/sionna_xml/frame_014_sionna.xml,30.0,0.0,0.0,2.4,-3.9279,3.2024,1.3944,28000000000.0,23,1.7234324189985273e-08,7.465505547088469e-08,5.742073128089942e-08,3.372388590605624e-08,-74.72062388664037,-44.72062388664037,cir_coefficients_tau_mask,,"[1, 1, 1, 1, 23, 1]","[1, 1, 23]","[1, 1, 23]","[1, 1, 23]",,True,,23,5.742073128089942e-08,-44.720622971607156,0,0.0,-9.150332118679216e-07,0,0,0,0,0,0,0,0,5.166719997251642,3999,6518,6521,0.035342889236502105,0.0434874514704983,0.04465468443361356,6518,0,0.3259
15,3855,rx_x500_body,/home/telilab4090/Documents/Gazebo World/my_world/rt_out/experiments/semantic_ablation_actor_200f/sionna_xml/frame_015_sionna.xml,30.0,0.0,0.0,2.4,-3.9279,3.2024,1.3944,28000000000.0,23,1.7234324189985273e-08,7.465505547088469e-08,5.742073128089942e-08,3.3723893011483597e-08,-74.72062297160716,-44.720622971607156,cir_coefficients_tau_mask,,"[1, 1, 1, 1, 23, 1]","[1, 1, 23]","[1, 1, 23]","[1, 1, 23]",,True,,23,5.742073128089942e-08,-44.72062388664037,0,0.0,9.150332118679216e-07,0,0,0,0,0,0,0,0,5.166719997251642,4054,6481,7484,0.03454377004058613,0.041029491081742385,0.04369622983378029,6481,0,0.32405
16,4112,rx_x500_body,/home/telilab4090/Documents/Gazebo World/my_world/rt_out/experiments/semantic_ablation_actor_200f/sionna_xml/frame_016_sionna.xml,30.0,0.0,0.0,2.4,-3.9279,3.2024,1.3944,28000000000.0,23,1.7234324189985273e-08,7.465505547088469e-08,5.742073128089942e-08,3.3723893011483597e-08,-74.72062297160716,-44.720622971607156,cir_coefficients_tau_mask,,"[1, 1, 1, 1, 23, 1]","[1, 1, 23]","[1, 1, 23]","[1, 1, 23]",,True,,23,5.742073128089942e-08,-44.720622971607156,0,0.0,0.0,0,0,0,0,0,0,0,0,5.166719997251642,4038,6474,6479,0.03456127174719209,0.042268401072496874,0.044420852285620545,6473,0,0.3237
17,4369,rx_x500_body,/home/telilab4090/Documents/Gazebo World/my_world/rt_out/experiments/semantic_ablation_actor_200f/sionna_xml/frame_017_sionna.xml,30.0,0.0,0.0,2.4,-3.9279,3.2024,1.3944,28000000000.0,23,1.7234324189985273e-08,7.465505547088469e-08,5.742073128089942e-08,3.372388945876992e-08,-74.72062342912375,-44.72062342912375,cir_coefficients_tau_mask,,"[1, 1, 1, 1, 23, 1]","[1, 1, 23]","[1, 1, 23]","[1, 1, 23]",,True,,23,5.742073128089942e-08,-44.720622971607156,0,0.0,-4.575165917231061e-07,0,0,0,0,0,0,0,0,5.166719997251642,3973,6466,6473,0.034455735952779454,0.04040387275786371,0.04328905609369706,6466,0,0.3233
18,4626,rx_x500_body,/home/telilab4090/Documents/Gazebo World/my_world/rt_out/experiments/semantic_ablation_actor_200f/sionna_xml/frame_018_sionna.xml,30.0,0.0,0.0,2.4,-3.9279,3.2024,1.3944,28000000000.0,23,1.7234324189985273e-08,7.465505547088469e-08,5.742073128089942e-08,3.372388945876992e-08,-74.72062342912375,-44.72062342912375,cir_coefficients_tau_mask,,"[1, 1, 1, 1, 23, 1]","[1, 1, 23]","[1, 1, 23]","[1, 1, 23]",,True,,23,5.742073128089942e-08,-44.72062342912375,0,0.0,0.0,0,0,0,0,0,0,0,0,5.166719997251642,4093,6614,6622,0.03520356437638952,0.042280656123155194,0.04415571491821103,6614,0,0.3307
19,4883,rx_x500_body,/home/telilab4090/Documents/Gazebo World/my_world/rt_out/experiments/semantic_ablation_actor_200f/sionna_xml/frame_019_sionna.xml,30.0,0.0,0.0,2.4,-3.9279,3.2024,1.3944,28000000000.0,23,1.7234324189985273e-08,7.465505547088469e-08,5.742073128089942e-08,3.372388945876992e-08,-74.72062342912375,-44.72062342912375,cir_coefficients_tau_mask,,"[1, 1, 1, 1, 23, 1]","[1, 1, 23]","[1, 1, 23]","[1, 1, 23]",,True,,23,5.742073128089942e-08,-44.72062342912375,0,0.0,0.0,0,0,0,0,0,0,0,0,5.166719997251642,4127,6604,6751,0.03474172771733799,0.040858640757317835,0.043537296141051084,6604,0,0.3302
20,5140,rx_x500_body,/home/telilab4090/Documents/Gazebo World/my_world/rt_out/experiments/semantic_ablation_actor_200f/sionna_xml/frame_020_sionna.xml,30.0,0.0,0.0,2.4,-3.9279,3.2024,1.3944,28000000000.0,23,1.7234324189985273e-08,7.465505547088469e-08,5.742073128089942e-08,3.372388945876992e-08,-74.72062342912375,-44.72062342912375,cir_coefficients_tau_mask,,"[1, 1, 1, 1, 23, 1]","[1, 1, 23]","[1, 1, 23]","[1, 1, 23]",,True,,23,5.742073128089942e-08,-44.72062342912375,0,0.0,0.0,0,0,0,0,0,0,0,0,5.166719997251642,3956,6448,6963,0.03454377004058613,0.040975158905830186,0.043681585835723694,6448,0,0.3224
21,5397,rx_x500_body,/home/telilab4090/Documents/Gazebo World/my_world/rt_out/experiments/semantic_ablation_actor_200f/sionna_xml/frame_021_sionna.xml,30.0,0.0,0.0,2.4,-3.9279,3.2024,1.3944,28000000000.0,23,1.7234324189985273e-08,7.465505547088469e-08,5.742073128089942e-08,3.372388945876992e-08,-74.72062342912375,-44.72062342912375,cir_coefficients_tau_mask,,"[1, 1, 1, 1, 23, 1]","[1, 1, 23]","[1, 1, 23]","[1, 1, 23]",,True,,23,5.742073128089942e-08,-44.72062342912375,0,0.0,0.0,0,0,0,0,0,0,0,0,5.166719997251642,3972,6473,6686,0.034784971687636744,0.042673385888311564,0.044580039632923285,6473,0,0.32365
22,5654,rx_x500_body,/home/telilab4090/Documents/Gazebo World/my_world/rt_out/experiments/semantic_ablation_actor_200f/sionna_xml/frame_022_sionna.xml,30.0,0.0,0.0,2.4,-3.9279,3.2024,1.3944,28000000000.0,23,1.7234324189985273e-08,7.465505547088469e-08,5.742073128089942e-08,3.3723893011483597e-08,-74.72062297160716,-44.720622971607156,cir_coefficients_tau_mask,,"[1, 1, 1, 1, 23, 1]","[1, 1, 23]","[1, 1, 23]","[1, 1, 23]",,True,,23,5.742073128089942e-08,-44.72062342912375,0,0.0,4.575165917231061e-07,0,0,0,0,0,0,0,0,5.166719997251642,4001,6555,6767,0.03480599325230913,0.042506830877889125,0.04449274046703805,6555,0,0.32775
23,5911,rx_x500_body,/home/telilab4090/Documents/Gazebo World/my_world/rt_out/experiments/semantic_ablation_actor_200f/sionna_xml/frame_023_sionna.xml,30.0,0.0,0.0,2.4,-3.9279,3.2024,1.3944,28000000000.0,23,1.7234324189985273e-08,7.465505547088469e-08,5.742073128089942e-08,3.3723893011483597e-08,-74.72062297160716,-44.720622971607156,cir_coefficients_tau_mask,,"[1, 1, 1, 1, 23, 1]","[1, 1, 23]","[1, 1, 23]","[1, 1, 23]",,True,,23,5.742073128089942e-08,-44.720622971607156,0,0.0,0.0,0,0,0,0,0,0,0,0,5.166719997251642,3974,6397,6607,0.03506703194023784,0.042024184105056074,0.04377019565516961,6397,0,0.31985
24,6168,rx_x500_body,/home/telilab4090/Documents/Gazebo World/my_world/rt_out/experiments/semantic_ablation_actor_200f/sionna_xml/frame_024_sionna.xml,30.0,0.0,0.0,2.4,-3.9279,3.2024,1.3944,28000000000.0,23,1.7234324189985273e-08,7.465505547088469e-08,5.742073128089942e-08,3.372388590605624e-08,-74.72062388664037,-44.72062388664037,cir_coefficients_tau_mask,,"[1, 1, 1, 1, 23, 1]","[1, 1, 23]","[1, 1, 23]","[1, 1, 23]",,True,,23,5.742073128089942e-08,-44.720622971607156,0,0.0,-9.150332118679216e-07,0,0,0,0,0,0,0,0,5.166719997251642,3974,6474,6610,0.03538506471330203,0.04224522094113052,0.04419992156408834,6473,0,0.3237
25,6425,rx_x500_body,/home/telilab4090/Documents/Gazebo World/my_world/rt_out/experiments/semantic_ablation_actor_200f/sionna_xml/frame_025_sionna.xml,30.0,0.0,0.0,2.4,-3.9279,3.2024,1.3944,28000000000.0,23,1.7234324189985273e-08,7.465505547088469e-08,5.742073128089942e-08,3.3723893011483597e-08,-74.72062297160716,-44.720622971607156,cir_coefficients_tau_mask,,"[1, 1, 1, 1, 23, 1]","[1, 1, 23]","[1, 1, 23]","[1, 1, 23]",,True,,23,5.742073128089942e-08,-44.72062388664037,0,0.0,9.150332118679216e-07,0,0,0,0,0,0,0,0,5.166719997251642,4065,6525,6528,0.03461625178964631,0.04121899351868926,0.04370733497314176,6525,0,0.32625
26,6682,rx_x500_body,/home/telilab4090/Documents/Gazebo World/my_world/rt_out/experiments/semantic_ablation_actor_200f/sionna_xml/frame_026_sionna.xml,30.0,0.0,0.0,2.4,-3.9279,3.2024,1.3944,28000000000.0,23,1.7234324189985273e-08,7.465505547088469e-08,5.742073128089942e-08,3.372388945876992e-08,-74.72062342912375,-44.72062342912375,cir_coefficients_tau_mask,,"[1, 1, 1, 1, 23, 1]","[1, 1, 23]","[1, 1, 23]","[1, 1, 23]",,True,,23,5.742073128089942e-08,-44.720622971607156,0,0.0,-4.575165917231061e-07,0,0,0,0,0,0,0,0,5.166719997251642,4022,6545,6637,0.03454244322623389,0.0418458133236284,0.04393424215996362,6545,0,0.32725
27,6939,rx_x500_body,/home/telilab4090/Documents/Gazebo World/my_world/rt_out/experiments/semantic_ablation_actor_200f/sionna_xml/frame_027_sionna.xml,30.0,0.0,0.0,2.4,-3.9279,3.2024,1.3944,28000000000.0,23,1.7234324189985273e-08,7.465505547088469e-08,5.742073128089942e-08,3.372388945876992e-08,-74.72062342912375,-44.72062342912375,cir_coefficients_tau_mask,,"[1, 1, 1, 1, 23, 1]","[1, 1, 23]","[1, 1, 23]","[1, 1, 23]",,True,,23,5.742073128089942e-08,-44.72062342912375,0,0.0,0.0,0,0,0,0,0,0,0,0,5.166719997251642,3944,6388,6696,0.03471302374114305,0.04131928619449078,0.04382959658504178,6388,0,0.3194
28,7196,rx_x500_body,/home/telilab4090/Documents/Gazebo World/my_world/rt_out/experiments/semantic_ablation_actor_200f/sionna_xml/frame_028_sionna.xml,30.0,0.0,0.0,2.4,-3.9279,3.2024,1.3944,28000000000.0,23,1.7234324189985273e-08,7.465505547088469e-08,5.742073128089942e-08,3.3723893011483597e-08,-74.72062297160716,-44.720622971607156,cir_coefficients_tau_mask,,"[1, 1, 1, 1, 23, 1]","[1, 1, 23]","[1, 1, 23]","[1, 1, 23]",,True,,23,5.742073128089942e-08,-44.72062342912375,0,0.0,4.575165917231061e-07,0,0,0,0,0,0,0,0,5.166719997251642,4054,6637,6959,0.03454377004058613,0.043148547612493746,0.0447034153482797,6637,0,0.33185
29,7453,rx_x500_body,/home/telilab4090/Documents/Gazebo World/my_world/rt_out/experiments/semantic_ablation_actor_200f/sionna_xml/frame_029_sionna.xml,30.0,0.0,0.0,2.4,-3.9279,3.2024,1.3944,28000000000.0,23,1.7234324189985273e-08,7.465505547088469e-08,5.742073128089942e-08,3.372388945876992e-08,-74.72062342912375,-44.72062342912375,cir_coefficients_tau_mask,,"[1, 1, 1, 1, 23, 1]","[1, 1, 23]","[1, 1, 23]","[1, 1, 23]",,True,,23,5.742073128089942e-08,-44.720622971607156,0,0.0,-4.575165917231061e-07,0,0,0,0,0,0,0,0,5.166719997251642,3984,6477,6719,0.03513092655394849,0.04237271585410861,0.04439088482031755,6477,0,0.32385
30,7710,rx_x500_body,/home/telilab4090/Documents/Gazebo World/my_world/rt_out/experiments/semantic_ablation_actor_200f/sionna_xml/frame_030_sionna.xml,30.0,0.0,0.0,2.4,-3.9279,3.2024,1.3944,28000000000.0,23,1.7234324189985273e-08,7.465505547088469e-08,5.742073128089942e-08,3.372388945876992e-08,-74.72062342912375,-44.72062342912375,cir_coefficients_tau_mask,,"[1, 1, 1, 1, 23, 1]","[1, 1, 23]","[1, 1, 23]","[1, 1, 23]",,True,,23,5.742073128089942e-08,-44.72062342912375,0,0.0,0.0,0,0,0,0,0,0,0,0,5.166719997251642,4103,6650,6703,0.0348672188094531,0.04183387539284184,0.04410882872530734,6650,0,0.3325
31,7967,rx_x500_body,/home/telilab4090/Documents/Gazebo World/my_world/rt_out/experiments/semantic_ablation_actor_200f/sionna_xml/frame_031_sionna.xml,30.0,0.0,0.0,2.4,-3.9279,3.2024,1.3944,28000000000.0,23,1.7234324189985273e-08,7.465505547088469e-08,5.742073128089942e-08,3.372388945876992e-08,-74.72062342912375,-44.72062342912375,cir_coefficients_tau_mask,,"[1, 1, 1, 1, 23, 1]","[1, 1, 23]","[1, 1, 23]","[1, 1, 23]",,True,,23,5.742073128089942e-08,-44.72062342912375,0,0.0,0.0,0,0,0,0,0,0,0,0,5.166719997251642,4056,6645,6709,0.03451909105938538,0.03867550857677684,0.042447788252376134,6645,0,0.33225
32,8224,rx_x500_body,/home/telilab4090/Documents/Gazebo World/my_world/rt_out/experiments/semantic_ablation_actor_200f/sionna_xml/frame_032_sionna.xml,30.0,0.0,0.0,2.4,-3.9279,3.2024,1.3944,28000000000.0,23,1.7234324189985273e-08,7.465505547088469e-08,5.742073128089942e-08,3.3723893011483597e-08,-74.72062297160716,-44.720622971607156,cir_coefficients_tau_mask,,"[1, 1, 1, 1, 23, 1]","[1, 1, 23]","[1, 1, 23]","[1, 1, 23]",,True,,23,5.742073128089942e-08,-44.72062342912375,0,0.0,4.575165917231061e-07,0,0,0,0,0,0,0,0,5.166719997251642,4037,6534,6667,0.03454244322623389,0.040275030249777174,0.043348938621191484,6534,0,0.3267
33,8481,rx_x500_body,/home/telilab4090/Documents/Gazebo World/my_world/rt_out/experiments/semantic_ablation_actor_200f/sionna_xml/frame_033_sionna.xml,30.0,0.0,0.0,2.4,-3.9279,3.2024,1.3944,28000000000.0,23,1.7234324189985273e-08,7.465505547088469e-08,5.742073128089942e-08,3.372388945876992e-08,-74.72062342912375,-44.72062342912375,cir_coefficients_tau_mask,,"[1, 1, 1, 1, 23, 1]","[1, 1, 23]","[1, 1, 23]","[1, 1, 23]",,True,,23,5.742073128089942e-08,-44.720622971607156,0,0.0,-4.575165917231061e-07,0,0,0,0,0,0,0,0,5.166719997251642,3982,6541,6658,0.03451909105938538,0.04191790262315933,0.04423786316671005,6541,0,0.32705
34,8737,rx_x500_body,/home/telilab4090/Documents/Gazebo World/my_world/rt_out/experiments/semantic_ablation_actor_200f/sionna_xml/frame_034_sionna.xml,30.0,0.0,0.0,2.4,-3.9279,3.2024,1.3944,28000000000.0,23,1.7234324189985273e-08,7.465505547088469e-08,5.742073128089942e-08,3.3723893011483597e-08,-74.72062297160716,-44.720622971607156,cir_coefficients_tau_mask,,"[1, 1, 1, 1, 23, 1]","[1, 1, 23]","[1, 1, 23]","[1, 1, 23]",,True,,23,5.742073128089942e-08,-44.72062342912375,0,0.0,4.575165917231061e-07,0,0,0,0,0,0,0,0,5.166719997251642,3997,6451,6501,0.03451909105938538,0.04294523322251939,0.04445662314610205,6451,0,0.32255
35,8994,rx_x500_body,/home/telilab4090/Documents/Gazebo World/my_world/rt_out/experiments/semantic_ablation_actor_200f/sionna_xml/frame_035_sionna.xml,30.0,0.0,0.0,2.4,-3.9279,3.2024,1.3944,28000000000.0,23,1.7234324189985273e-08,7.465505547088469e-08,5.742073128089942e-08,3.372388945876992e-08,-74.72062342912375,-44.72062342912375,cir_coefficients_tau_mask,,"[1, 1, 1, 1, 23, 1]","[1, 1, 23]","[1, 1, 23]","[1, 1, 23]",,True,,23,5.742073128089942e-08,-44.720622971607156,0,0.0,-4.575165917231061e-07,0,0,0,0,0,0,0,0,5.166719997251642,4093,6618,6622,0.03474356352121823,0.03959873994897757,0.04295544004118478,6618,0,0.3309
36,9251,rx_x500_body,/home/telilab4090/Documents/Gazebo World/my_world/rt_out/experiments/semantic_ablation_actor_200f/sionna_xml/frame_036_sionna.xml,30.0,0.0,0.0,2.4,-3.9279,3.2024,1.3944,28000000000.0,23,1.7234324189985273e-08,7.465505547088469e-08,5.742073128089942e-08,3.372388945876992e-08,-74.72062342912375,-44.72062342912375,cir_coefficients_tau_mask,,"[1, 1, 1, 1, 23, 1]","[1, 1, 23]","[1, 1, 23]","[1, 1, 23]",,True,,23,5.742073128089942e-08,-44.72062342912375,0,0.0,0.0,0,0,0,0,0,0,0,0,5.166719997251642,3940,6458,6699,0.03520356437638952,0.04074847551938955,0.043571660488911076,6458,0,0.3229
37,9508,rx_x500_body,/home/telilab4090/Documents/Gazebo World/my_world/rt_out/experiments/semantic_ablation_actor_200f/sionna_xml/frame_037_sionna.xml,30.0,0.0,0.0,2.4,-3.9279,3.2024,1.3944,28000000000.0,23,1.7234324189985273e-08,7.465505547088469e-08,5.742073128089942e-08,3.372388945876992e-08,-74.72062342912375,-44.72062342912375,cir_coefficients_tau_mask,,"[1, 1, 1, 1, 23, 1]","[1, 1, 23]","[1, 1, 23]","[1, 1, 23]",,True,,23,5.742073128089942e-08,-44.72062342912375,0,0.0,0.0,0,0,0,0,0,0,0,0,5.166719997251642,3926,6489,6685,0.03454244322623389,0.04221710760224527,0.044182450854397155,6489,0,0.32445
38,9765,rx_x500_body,/home/telilab4090/Documents/Gazebo World/my_world/rt_out/experiments/semantic_ablation_actor_200f/sionna_xml/frame_038_sionna.xml,30.0,0.0,0.0,2.4,-3.9279,3.2024,1.3944,28000000000.0,23,1.7234324189985273e-08,7.465505547088469e-08,5.742073128089942e-08,3.372388945876992e-08,-74.72062342912375,-44.72062342912375,cir_coefficients_tau_mask,,"[1, 1, 1, 1, 23, 1]","[1, 1, 23]","[1, 1, 23]","[1, 1, 23]",,True,,23,5.742073128089942e-08,-44.72062342912375,0,0.0,0.0,0,0,0,0,0,0,0,0,5.166719997251642,4041,6495,6687,0.03569833817316706,0.04319841084795849,0.044636038038883295,6495,0,0.32475
39,10022,rx_x500_body,/home/telilab4090/Documents/Gazebo World/my_world/rt_out/experiments/semantic_ablation_actor_200f/sionna_xml/frame_039_sionna.xml,30.0,0.0,0.0,2.4,-3.9279,3.2024,1.3944,28000000000.0,23,1.7234324189985273e-08,7.465505547088469e-08,5.742073128089942e-08,3.3723893011483597e-08,-74.72062297160716,-44.720622971607156,cir_coefficients_tau_mask,,"[1, 1, 1, 1, 23, 1]","[1, 1, 23]","[1, 1, 23]","[1, 1, 23]",,True,,23,5.742073128089942e-08,-44.72062342912375,0,0.0,4.575165917231061e-07,0,0,0,0,0,0,0,0,5.166719997251642,4086,6543,6547,0.03456127174719209,0.04232047984170541,0.044168550454331275,6543,0,0.32715
40,10279,rx_x500_body,/home/telilab4090/Documents/Gazebo World/my_world/rt_out/experiments/semantic_ablation_actor_200f/sionna_xml/frame_040_sionna.xml,30.0,0.0,0.0,2.4,-3.9279,3.2024,1.3944,28000000000.0,23,1.7234324189985273e-08,7.465505547088469e-08,5.742073128089942e-08,3.372388945876992e-08,-74.72062342912375,-44.72062342912375,cir_coefficients_tau_mask,,"[1, 1, 1, 1, 23, 1]","[1, 1, 23]","[1, 1, 23]","[1, 1, 23]",,True,,23,5.742073128089942e-08,-44.720622971607156,0,0.0,-4.575165917231061e-07,0,0,0,0,0,0,0,0,5.166719997251642,4038,6549,6557,0.03524798956450171,0.04095213652937536,0.04357908177743321,6549,0,0.32745
41,10536,rx_x500_body,/home/telilab4090/Documents/Gazebo World/my_world/rt_out/experiments/semantic_ablation_actor_200f/sionna_xml/frame_041_sionna.xml,30.0,0.0,0.0,2.4,-3.9279,3.2024,1.3944,28000000000.0,23,1.7234324189985273e-08,7.465505547088469e-08,5.742073128089942e-08,3.372388590605624e-08,-74.72062388664037,-44.72062388664037,cir_coefficients_tau_mask,,"[1, 1, 1, 1, 23, 1]","[1, 1, 23]","[1, 1, 23]","[1, 1, 23]",,True,,23,5.742073128089942e-08,-44.72062342912375,0,0.0,-4.5751662014481553e-07,0,0,0,0,0,0,0,0,5.166719997251642,4009,6571,6576,0.0348672188094531,0.04247537253630081,0.04448389978028078,6571,0,0.32855
42,10793,rx_x500_body,/home/telilab4090/Documents/Gazebo World/my_world/rt_out/experiments/semantic_ablation_actor_200f/sionna_xml/frame_042_sionna.xml,30.0,0.0,0.0,2.4,-3.9279,3.2024,1.3944,28000000000.0,23,1.7234324189985273e-08,7.465505547088469e-08,5.742073128089942e-08,3.3723893011483597e-08,-74.72062297160716,-44.720622971607156,cir_coefficients_tau_mask,,"[1, 1, 1, 1, 23, 1]","[1, 1, 23]","[1, 1, 23]","[1, 1, 23]",,True,,23,5.742073128089942e-08,-44.72062388664037,0,0.0,9.150332118679216e-07,0,0,0,0,0,0,0,0,5.166719997251642,4028,6468,6474,0.03430944969729728,0.04218350859308513,0.044135940400204,6468,0,0.3234
43,11050,rx_x500_body,/home/telilab4090/Documents/Gazebo World/my_world/rt_out/experiments/semantic_ablation_actor_200f/sionna_xml/frame_043_sionna.xml,30.0,0.0,0.0,2.4,-3.9279,3.2024,1.3944,28000000000.0,23,1.7234324189985273e-08,7.465505547088469e-08,5.742073128089942e-08,3.372388945876992e-08,-74.72062342912375,-44.72062342912375,cir_coefficients_tau_mask,,"[1, 1, 1, 1, 23, 1]","[1, 1, 23]","[1, 1, 23]","[1, 1, 23]",,True,,23,5.742073128089942e-08,-44.720622971607156,0,0.0,-4.575165917231061e-07,0,0,0,0,0,0,0,0,5.166719997251642,4032,6524,6526,0.03430944969729728,0.04114248292803997,0.04354153201287959,6524,0,0.3262
44,11307,rx_x500_body,/home/telilab4090/Documents/Gazebo World/my_world/rt_out/experiments/semantic_ablation_actor_200f/sionna_xml/frame_044_sionna.xml,30.0,0.0,0.0,2.4,-3.9279,3.2024,1.3944,28000000000.0,23,1.7234324189985273e-08,7.465505547088469e-08,5.742073128089942e-08,3.372388945876992e-08,-74.72062342912375,-44.72062342912375,cir_coefficients_tau_mask,,"[1, 1, 1, 1, 23, 1]","[1, 1, 23]","[1, 1, 23]","[1, 1, 23]",,True,,23,5.742073128089942e-08,-44.72062342912375,0,0.0,0.0,0,0,0,0,0,0,0,0,5.166719997251642,3984,6520,6551,0.03456127174719209,0.04233250800810888,0.044189576760645694,6519,0,0.326
45,11564,rx_x500_body,/home/telilab4090/Documents/Gazebo World/my_world/rt_out/experiments/semantic_ablation_actor_200f/sionna_xml/frame_045_sionna.xml,30.0,0.0,0.0,2.4,-3.9279,3.2024,1.3944,28000000000.0,23,1.7234324189985273e-08,7.465505547088469e-08,5.742073128089942e-08,3.3723893011483597e-08,-74.72062297160716,-44.720622971607156,cir_coefficients_tau_mask,,"[1, 1, 1, 1, 23, 1]","[1, 1, 23]","[1, 1, 23]","[1, 1, 23]",,True,,23,5.742073128089942e-08,-44.72062342912375,0,0.0,4.575165917231061e-07,0,0,0,0,0,0,0,0,5.166719997251642,4018,6472,6476,0.034735572951969794,0.040909375575863674,0.0436546125108412,6471,0,0.3236
46,11821,rx_x500_body,/home/telilab4090/Documents/Gazebo World/my_world/rt_out/experiments/semantic_ablation_actor_200f/sionna_xml/frame_046_sionna.xml,30.0,0.0,0.0,2.4,-3.9279,3.2024,1.3944,28000000000.0,23,1.7234324189985273e-08,7.465505547088469e-08,5.742073128089942e-08,3.3723893011483597e-08,-74.72062297160716,-44.720622971607156,cir_coefficients_tau_mask,,"[1, 1, 1, 1, 23, 1]","[1, 1, 23]","[1, 1, 23]","[1, 1, 23]",,True,,23,5.742073128089942e-08,-44.720622971607156,0,0.0,0.0,0,0,0,0,0,0,0,0,5.166719997251642,3869,6396,6405,0.03430944969729728,0.04087364970669928,0.0437233145997656,6396,0,0.3198
47,12078,rx_x500_body,/home/telilab4090/Documents/Gazebo World/my_world/rt_out/experiments/semantic_ablation_actor_200f/sionna_xml/frame_047_sionna.xml,30.0,0.0,0.0,2.4,-3.9279,3.2024,1.3944,28000000000.0,23,1.7234324189985273e-08,7.465505547088469e-08,5.742073128089942e-08,3.3723893011483597e-08,-74.72062297160716,-44.720622971607156,cir_coefficients_tau_mask,,"[1, 1, 1, 1, 23, 1]","[1, 1, 23]","[1, 1, 23]","[1, 1, 23]",,True,,23,5.742073128089942e-08,-44.720622971607156,0,0.0,0.0,0,0,0,0,0,0,0,0,5.166719997251642,4059,6571,6578,0.03479142832520959,0.04210798020948207,0.044250418263212514,6571,0,0.32855
48,12335,rx_x500_body,/home/telilab4090/Documents/Gazebo World/my_world/rt_out/experiments/semantic_ablation_actor_200f/sionna_xml/frame_048_sionna.xml,30.0,0.0,0.0,2.4,-3.9279,3.2024,1.3944,28000000000.0,22,1.7234324189985273e-08,7.465505547088469e-08,5.742073128089942e-08,3.3694927736860336e-08,-74.72435470692085,-44.72435470692085,cir_coefficients_tau_mask,,"[1, 1, 1, 1, 22, 1]","[1, 1, 22]","[1, 1, 22]","[1, 1, 22]",,True,,23,5.742073128089942e-08,-44.720622971607156,-1,0.0,-0.0037317353136927522,1,1,0,0,0,0,0,0,5.166719997251642,3980,6499,6503,0.034735572951969794,0.04039927583489622,0.04330585605724416,6499,0,0.32495
49,12592,rx_x500_body,/home/telilab4090/Documents/Gazebo World/my_world/rt_out/experiments/semantic_ablation_actor_200f/sionna_xml/frame_049_sionna.xml,30.0,0.0,0.0,2.4,-3.9279,3.2024,1.3944,28000000000.0,23,1.7234324189985273e-08,7.465505547088469e-08,5.742073128089942e-08,3.372388945876992e-08,-74.72062342912375,-44.72062342912375,cir_coefficients_tau_mask,,"[1, 1, 1, 1, 23, 1]","[1, 1, 23]","[1, 1, 23]","[1, 1, 23]",,True,,22,5.742073128089942e-08,-44.72435470692085,1,0.0,0.003731277797101029,1,0,0,0,0,0,0,0,5.166719997251642,4007,6576,6580,0.03474172771733799,0.04204182187208449,0.044063043902903117,6575,0,0.3288
50,12849,rx_x500_body,/home/telilab4090/Documents/Gazebo World/my_world/rt_out/experiments/semantic_ablation_actor_200f/sionna_xml/frame_050_sionna.xml,30.0,0.0,0.0,2.4,-3.9279,3.2024,1.3944,28000000000.0,23,1.7234324189985273e-08,7.465505547088469e-08,5.742073128089942e-08,3.3723893011483597e-08,-74.72062297160716,-44.720622971607156,cir_coefficients_tau_mask,,"[1, 1, 1, 1, 23, 1]","[1, 1, 23]","[1, 1, 23]","[1, 1, 23]",,True,,23,5.742073128089942e-08,-44.72062342912375,0,0.0,4.575165917231061e-07,0,0,0,0,0,0,0,0,5.166719997251642,3867,6389,6393,0.0348672188094531,0.04029160751029742,0.043348241391278526,6389,0,0.31945
51,13106,rx_x500_body,/home/telilab4090/Documents/Gazebo World/my_world/rt_out/experiments/semantic_ablation_actor_200f/sionna_xml/frame_051_sionna.xml,30.0,0.0,0.0,2.4,-3.9279,3.2024,1.3944,28000000000.0,23,1.7234324189985273e-08,7.465505547088469e-08,5.742073128089942e-08,3.3723893011483597e-08,-74.72062297160716,-44.720622971607156,cir_coefficients_tau_mask,,"[1, 1, 1, 1, 23, 1]","[1, 1, 23]","[1, 1, 23]","[1, 1, 23]",,True,,23,5.742073128089942e-08,-44.720622971607156,0,0.0,0.0,0,0,0,0,0,0,0,0,5.166719997251642,4101,6572,6579,0.03506703194023784,0.04244218700710496,0.04407560758570695,6572,0,0.3286
52,13363,rx_x500_body,/home/telilab4090/Documents/Gazebo World/my_world/rt_out/experiments/semantic_ablation_actor_200f/sionna_xml/frame_052_sionna.xml,30.0,0.0,0.0,2.4,-3.9279,3.2024,1.3944,28000000000.0,23,1.7234324189985273e-08,7.465505547088469e-08,5.742073128089942e-08,3.372388945876992e-08,-74.72062342912375,-44.72062342912375,cir_coefficients_tau_mask,,"[1, 1, 1, 1, 23, 1]","[1, 1, 23]","[1, 1, 23]","[1, 1, 23]",,True,,23,5.742073128089942e-08,-44.720622971607156,0,0.0,-4.575165917231061e-07,0,0,0,0,0,0,0,0,5.166719997251642,4089,6584,6588,0.03474172771733799,0.042611456420654156,0.044376207764080036,6584,0,0.3292
53,13620,rx_x500_body,/home/telilab4090/Documents/Gazebo World/my_world/rt_out/experiments/semantic_ablation_actor_200f/sionna_xml/frame_053_sionna.xml,30.0,0.0,0.0,2.4,-3.9279,3.2024,1.3944,28000000000.0,23,1.7234324189985273e-08,7.465505547088469e-08,5.742073128089942e-08,3.372388945876992e-08,-74.72062342912375,-44.72062342912375,cir_coefficients_tau_mask,,"[1, 1, 1, 1, 23, 1]","[1, 1, 23]","[1, 1, 23]","[1, 1, 23]",,True,,23,5.742073128089942e-08,-44.72062342912375,0,0.0,0.0,0,0,0,0,0,0,0,0,5.166719997251642,4147,6649,6652,0.03496862826551242,0.04275418401661295,0.04438383492601048,6649,0,0.33245
54,13877,rx_x500_body,/home/telilab4090/Documents/Gazebo World/my_world/rt_out/experiments/semantic_ablation_actor_200f/sionna_xml/frame_054_sionna.xml,30.0,0.0,0.0,2.4,-3.9279,3.2024,1.3944,28000000000.0,23,1.7234324189985273e-08,7.465505547088469e-08,5.742073128089942e-08,3.372388590605624e-08,-74.72062388664037,-44.72062388664037,cir_coefficients_tau_mask,,"[1, 1, 1, 1, 23, 1]","[1, 1, 23]","[1, 1, 23]","[1, 1, 23]",,True,,23,5.742073128089942e-08,-44.72062342912375,0,0.0,-4.5751662014481553e-07,0,0,0,0,0,0,0,0,5.166719997251642,4000,6409,6424,0.03519159100671021,0.042266576447450174,0.044349249819759996,6409,0,0.32045
55,14134,rx_x500_body,/home/telilab4090/Documents/Gazebo World/my_world/rt_out/experiments/semantic_ablation_actor_200f/sionna_xml/frame_055_sionna.xml,30.0,0.0,0.0,2.4,-3.9279,3.2024,1.3944,28000000000.0,23,1.7234324189985273e-08,7.465505547088469e-08,5.742073128089942e-08,3.372388945876992e-08,-74.72062342912375,-44.72062342912375,cir_coefficients_tau_mask,,"[1, 1, 1, 1, 23, 1]","[1, 1, 23]","[1, 1, 23]","[1, 1, 23]",,True,,23,5.742073128089942e-08,-44.72062388664037,0,0.0,4.5751662014481553e-07,0,0,0,0,0,0,0,0,5.166719997251642,3939,6450,6452,0.034679362957369904,0.04268778250715015,0.04449261208845919,6450,0,0.3225
56,14391,rx_x500_body,/home/telilab4090/Documents/Gazebo World/my_world/rt_out/experiments/semantic_ablation_actor_200f/sionna_xml/frame_056_sionna.xml,30.0,0.0,0.0,2.4,-3.9279,3.2024,1.3944,28000000000.0,23,1.7234324189985273e-08,7.465505547088469e-08,5.742073128089942e-08,3.372388945876992e-08,-74.72062342912375,-44.72062342912375,cir_coefficients_tau_mask,,"[1, 1, 1, 1, 23, 1]","[1, 1, 23]","[1, 1, 23]","[1, 1, 23]",,True,,23,5.742073128089942e-08,-44.72062342912375,0,0.0,0.0,0,0,0,0,0,0,0,0,5.166719997251642,4019,6509,6607,0.03461625178964631,0.04041314580873356,0.043447488586913705,6509,0,0.32545
57,14648,rx_x500_body,/home/telilab4090/Documents/Gazebo World/my_world/rt_out/experiments/semantic_ablation_actor_200f/sionna_xml/frame_057_sionna.xml,30.0,0.0,0.0,2.4,-3.9279,3.2024,1.3944,28000000000.0,23,1.7234324189985273e-08,7.465505547088469e-08,5.742073128089942e-08,3.372388945876992e-08,-74.72062342912375,-44.72062342912375,cir_coefficients_tau_mask,,"[1, 1, 1, 1, 23, 1]","[1, 1, 23]","[1, 1, 23]","[1, 1, 23]",,True,,23,5.742073128089942e-08,-44.72062342912375,0,0.0,0.0,0,0,0,0,0,0,0,0,5.166719997251642,4027,6552,6658,0.03474356352121823,0.0413177128754375,0.043889121285838835,6552,0,0.3276
58,14905,rx_x500_body,/home/telilab4090/Documents/Gazebo World/my_world/rt_out/experiments/semantic_ablation_actor_200f/sionna_xml/frame_058_sionna.xml,30.0,0.0,0.0,2.4,-3.9279,3.2024,1.3944,28000000000.0,23,1.7234324189985273e-08,7.465505547088469e-08,5.742073128089942e-08,3.3723893011483597e-08,-74.72062297160716,-44.720622971607156,cir_coefficients_tau_mask,,"[1, 1, 1, 1, 23, 1]","[1, 1, 23]","[1, 1, 23]","[1, 1, 23]",,True,,23,5.742073128089942e-08,-44.72062342912375,0,0.0,4.575165917231061e-07,0,0,0,0,0,0,0,0,5.166719997251642,4000,6513,6588,0.03430944969729728,0.04120730007459278,0.04364551805656061,6513,0,0.32565
59,15162,rx_x500_body,/home/telilab4090/Documents/Gazebo World/my_world/rt_out/experiments/semantic_ablation_actor_200f/sionna_xml/frame_059_sionna.xml,30.0,0.0,0.0,2.4,-3.9279,3.2024,1.3944,28000000000.0,23,1.7234324189985273e-08,7.465505547088469e-08,5.742073128089942e-08,3.372388590605624e-08,-74.72062388664037,-44.72062388664037,cir_coefficients_tau_mask,,"[1, 1, 1, 1, 23, 1]","[1, 1, 23]","[1, 1, 23]","[1, 1, 23]",,True,,23,5.742073128089942e-08,-44.720622971607156,0,0.0,-9.150332118679216e-07,0,0,0,0,0,0,0,0,5.166719997251642,4007,6469,6542,0.03569833817316706,0.042100913006359486,0.044054033384748746,6469,0,0.32345
60,15419,rx_x500_body,/home/telilab4090/Documents/Gazebo World/my_world/rt_out/experiments/semantic_ablation_actor_200f/sionna_xml/frame_060_sionna.xml,30.0,0.0,0.0,2.4,-3.9279,3.2024,1.3944,28000000000.0,23,1.7234324189985273e-08,7.465505547088469e-08,5.742073128089942e-08,3.372388945876992e-08,-74.72062342912375,-44.72062342912375,cir_coefficients_tau_mask,,"[1, 1, 1, 1, 23, 1]","[1, 1, 23]","[1, 1, 23]","[1, 1, 23]",,True,,23,5.742073128089942e-08,-44.72062388664037,0,0.0,4.5751662014481553e-07,0,0,0,0,0,0,0,0,5.166719997251642,3996,6477,6561,0.03456127174719209,0.04101246621326829,0.04372268470667729,6477,0,0.32385
61,15676,rx_x500_body,/home/telilab4090/Documents/Gazebo World/my_world/rt_out/experiments/semantic_ablation_actor_200f/sionna_xml/frame_061_sionna.xml,30.0,0.0,0.0,2.4,-3.9279,3.2024,1.3944,28000000000.0,23,1.7234324189985273e-08,7.465505547088469e-08,5.742073128089942e-08,3.372388590605624e-08,-74.72062388664037,-44.72062388664037,cir_coefficients_tau_mask,,"[1, 1, 1, 1, 23, 1]","[1, 1, 23]","[1, 1, 23]","[1, 1, 23]",,True,,23,5.742073128089942e-08,-44.72062342912375,0,0.0,-4.5751662014481553e-07,0,0,0,0,0,0,0,0,5.166719997251642,4004,6442,6513,0.03494755382099156,0.04259713542798133,0.044411378171913964,6442,0,0.3221
62,15933,rx_x500_body,/home/telilab4090/Documents/Gazebo World/my_world/rt_out/experiments/semantic_ablation_actor_200f/sionna_xml/frame_062_sionna.xml,30.0,0.0,0.0,2.4,-3.9279,3.2024,1.3944,28000000000.0,23,1.7234324189985273e-08,7.465505547088469e-08,5.742073128089942e-08,3.372388945876992e-08,-74.72062342912375,-44.72062342912375,cir_coefficients_tau_mask,,"[1, 1, 1, 1, 23, 1]","[1, 1, 23]","[1, 1, 23]","[1, 1, 23]",,True,,23,5.742073128089942e-08,-44.72062388664037,0,0.0,4.5751662014481553e-07,0,0,0,0,0,0,0,0,5.166719997251642,3991,6483,6488,0.034679362957369904,0.040170261425102695,0.04322064580688036,6483,0,0.32415
63,16190,rx_x500_body,/home/telilab4090/Documents/Gazebo World/my_world/rt_out/experiments/semantic_ablation_actor_200f/sionna_xml/frame_063_sionna.xml,30.0,0.0,0.0,2.4,-3.9279,3.2024,1.3944,28000000000.0,23,1.7234324189985273e-08,7.465505547088469e-08,5.742073128089942e-08,3.372388590605624e-08,-74.72062388664037,-44.72062388664037,cir_coefficients_tau_mask,,"[1, 1, 1, 1, 23, 1]","[1, 1, 23]","[1, 1, 23]","[1, 1, 23]",,True,,23,5.742073128089942e-08,-44.72062342912375,0,0.0,-4.5751662014481553e-07,0,0,0,0,0,0,0,0,5.166719997251642,4085,6542,6551,0.03454244322623389,0.041925520476350966,0.044144375788318896,6542,0,0.3271
64,16447,rx_x500_body,/home/telilab4090/Documents/Gazebo World/my_world/rt_out/experiments/semantic_ablation_actor_200f/sionna_xml/frame_064_sionna.xml,30.0,0.0,0.0,2.4,-3.9279,3.2024,1.3944,28000000000.0,23,1.7234324189985273e-08,7.465505547088469e-08,5.742073128089942e-08,3.372388945876992e-08,-74.72062342912375,-44.72062342912375,cir_coefficients_tau_mask,,"[1, 1, 1, 1, 23, 1]","[1, 1, 23]","[1, 1, 23]","[1, 1, 23]",,True,,23,5.742073128089942e-08,-44.72062388664037,0,0.0,4.5751662014481553e-07,0,0,0,0,0,0,0,0,5.166719997251642,3996,6548,6550,0.03496862826551242,0.04171359423782092,0.043725089348369536,6548,0,0.3274
65,16704,rx_x500_body,/home/telilab4090/Documents/Gazebo World/my_world/rt_out/experiments/semantic_ablation_actor_200f/sionna_xml/frame_065_sionna.xml,30.0,0.0,0.0,2.4,-3.9279,3.2024,1.3944,28000000000.0,22,1.7234324189985273e-08,7.465505547088469e-08,5.742073128089942e-08,3.3687346245869776e-08,-74.72533199650195,-44.72533199650195,cir_coefficients_tau_mask,,"[1, 1, 1, 1, 22, 1]","[1, 1, 22]","[1, 1, 22]","[1, 1, 22]",,True,,23,5.742073128089942e-08,-44.72062342912375,-1,0.0,-0.004708567378202133,1,1,0,0,0,0,0,0,5.166719997251642,4008,6519,6526,0.03498597899390818,0.0417937498199844,0.043859393363295085,6519,0,0.32595
66,16961,rx_x500_body,/home/telilab4090/Documents/Gazebo World/my_world/rt_out/experiments/semantic_ablation_actor_200f/sionna_xml/frame_066_sionna.xml,30.0,0.0,0.0,2.4,-3.9279,3.2024,1.3944,28000000000.0,23,1.7234324189985273e-08,7.465505547088469e-08,5.742073128089942e-08,3.372388945876992e-08,-74.72062342912375,-44.72062342912375,cir_coefficients_tau_mask,,"[1, 1, 1, 1, 23, 1]","[1, 1, 23]","[1, 1, 23]","[1, 1, 23]",,True,,22,5.742073128089942e-08,-44.72533199650195,1,0.0,0.004708567378202133,1,0,0,0,0,0,0,0,5.166719997251642,4046,6589,6956,0.03474172771733799,0.0405217738262037,0.043369053180913025,6589,0,0.32945
67,17218,rx_x500_body,/home/telilab4090/Documents/Gazebo World/my_world/rt_out/experiments/semantic_ablation_actor_200f/sionna_xml/frame_067_sionna.xml,30.0,0.0,0.0,2.4,-3.9279,3.2024,1.3944,28000000000.0,23,1.7234324189985273e-08,7.465505547088469e-08,5.742073128089942e-08,3.372388590605624e-08,-74.72062388664037,-44.72062388664037,cir_coefficients_tau_mask,,"[1, 1, 1, 1, 23, 1]","[1, 1, 23]","[1, 1, 23]","[1, 1, 23]",,True,,23,5.742073128089942e-08,-44.72062342912375,0,0.0,-4.5751662014481553e-07,0,0,0,0,0,0,0,0,5.166719997251642,4062,6539,6852,0.03554748559669015,0.042511669428596945,0.044258152234185125,6539,0,0.32695
68,17475,rx_x500_body,/home/telilab4090/Documents/Gazebo World/my_world/rt_out/experiments/semantic_ablation_actor_200f/sionna_xml/frame_068_sionna.xml,30.0,0.0,0.0,2.4,-3.9279,3.2024,1.3944,28000000000.0,23,1.7234324189985273e-08,7.465505547088469e-08,5.742073128089942e-08,3.3723893011483597e-08,-74.72062297160716,-44.720622971607156,cir_coefficients_tau_mask,,"[1, 1, 1, 1, 23, 1]","[1, 1, 23]","[1, 1, 23]","[1, 1, 23]",,True,,23,5.742073128089942e-08,-44.72062388664037,0,0.0,9.150332118679216e-07,0,0,0,0,0,0,0,0,5.166719997251642,3960,6440,6947,0.03617884708311603,0.04278929078048991,0.04437536772468596,6440,0,0.322
69,17732,rx_x500_body,/home/telilab4090/Documents/Gazebo World/my_world/rt_out/experiments/semantic_ablation_actor_200f/sionna_xml/frame_069_sionna.xml,30.0,0.0,0.0,2.4,-3.9279,3.2024,1.3944,28000000000.0,23,1.7234324189985273e-08,7.465505547088469e-08,5.742073128089942e-08,3.3723893011483597e-08,-74.72062297160716,-44.720622971607156,cir_coefficients_tau_mask,,"[1, 1, 1, 1, 23, 1]","[1, 1, 23]","[1, 1, 23]","[1, 1, 23]",,True,,23,5.742073128089942e-08,-44.720622971607156,0,0.0,0.0,0,0,0,0,0,0,0,0,5.166719997251642,4094,6610,7178,0.03454377004058613,0.042506033194670695,0.04442721299025124,6610,0,0.3305
70,17989,rx_x500_body,/home/telilab4090/Documents/Gazebo World/my_world/rt_out/experiments/semantic_ablation_actor_200f/sionna_xml/frame_070_sionna.xml,30.0,0.0,0.0,2.4,-3.9279,3.2024,1.3944,28000000000.0,23,1.7234324189985273e-08,7.465505547088469e-08,5.742073128089942e-08,3.372388945876992e-08,-74.72062342912375,-44.72062342912375,cir_coefficients_tau_mask,,"[1, 1, 1, 1, 23, 1]","[1, 1, 23]","[1, 1, 23]","[1, 1, 23]",,True,,23,5.742073128089942e-08,-44.720622971607156,0,0.0,-4.575165917231061e-07,0,0,0,0,0,0,0,0,5.166719997251642,4128,6640,7229,0.03513092655394849,0.042356512756006034,0.04415072466833239,6640,0,0.332
71,18246,rx_x500_body,/home/telilab4090/Documents/Gazebo World/my_world/rt_out/experiments/semantic_ablation_actor_200f/sionna_xml/frame_071_sionna.xml,30.0,0.0,0.0,2.4,-3.9279,3.2024,1.3944,28000000000.0,23,1.7234324189985273e-08,7.465505547088469e-08,5.742073128089942e-08,3.372388945876992e-08,-74.72062342912375,-44.72062342912375,cir_coefficients_tau_mask,,"[1, 1, 1, 1, 23, 1]","[1, 1, 23]","[1, 1, 23]","[1, 1, 23]",,True,,23,5.742073128089942e-08,-44.72062342912375,0,0.0,0.0,0,0,0,0,0,0,0,0,5.166719997251642,4014,6458,6825,0.040311666882582475,0.04347452863625599,0.0446301834645217,6458,0,0.3229
72,18503,rx_x500_body,/home/telilab4090/Documents/Gazebo World/my_world/rt_out/experiments/semantic_ablation_actor_200f/sionna_xml/frame_072_sionna.xml,30.0,0.0,0.0,2.4,-3.9279,3.2024,1.3944,28000000000.0,23,1.7234324189985273e-08,7.465505547088469e-08,5.742073128089942e-08,3.372388590605624e-08,-74.72062388664037,-44.72062388664037,cir_coefficients_tau_mask,,"[1, 1, 1, 1, 23, 1]","[1, 1, 23]","[1, 1, 23]","[1, 1, 23]",,True,,23,5.742073128089942e-08,-44.72062342912375,0,0.0,-4.5751662014481553e-07,0,0,0,0,0,0,0,0,5.166719997251642,4090,6500,6854,0.03540523908389104,0.04142742517182291,0.04365517126587135,6500,0,0.325
73,18760,rx_x500_body,/home/telilab4090/Documents/Gazebo World/my_world/rt_out/experiments/semantic_ablation_actor_200f/sionna_xml/frame_073_sionna.xml,30.0,0.0,0.0,2.4,-3.9279,3.2024,1.3944,28000000000.0,23,1.7234324189985273e-08,7.465505547088469e-08,5.742073128089942e-08,3.372388590605624e-08,-74.72062388664037,-44.72062388664037,cir_coefficients_tau_mask,,"[1, 1, 1, 1, 23, 1]","[1, 1, 23]","[1, 1, 23]","[1, 1, 23]",,True,,23,5.742073128089942e-08,-44.72062388664037,0,0.0,0.0,0,0,0,0,0,0,0,0,5.166719997251642,3914,6486,6829,0.03454377004058613,0.04214979672441467,0.04429936914125989,6486,0,0.3243
74,19017,rx_x500_body,/home/telilab4090/Documents/Gazebo World/my_world/rt_out/experiments/semantic_ablation_actor_200f/sionna_xml/frame_074_sionna.xml,30.0,0.0,0.0,2.4,-3.9279,3.2024,1.3944,28000000000.0,23,1.7234324189985273e-08,7.465505547088469e-08,5.742073128089942e-08,3.372388945876992e-08,-74.72062342912375,-44.72062342912375,cir_coefficients_tau_mask,,"[1, 1, 1, 1, 23, 1]","[1, 1, 23]","[1, 1, 23]","[1, 1, 23]",,True,,23,5.742073128089942e-08,-44.72062388664037,0,0.0,4.5751662014481553e-07,0,0,0,0,0,0,0,0,5.166719997251642,3951,6444,6838,0.03454377004058613,0.04267747600118934,0.04435648608401527,6444,0,0.3222
75,19274,rx_x500_body,/home/telilab4090/Documents/Gazebo World/my_world/rt_out/experiments/semantic_ablation_actor_200f/sionna_xml/frame_075_sionna.xml,30.0,0.0,0.0,2.4,-3.9279,3.2024,1.3944,28000000000.0,23,1.7234324189985273e-08,7.465505547088469e-08,5.742073128089942e-08,3.372388945876992e-08,-74.72062342912375,-44.72062342912375,cir_coefficients_tau_mask,,"[1, 1, 1, 1, 23, 1]","[1, 1, 23]","[1, 1, 23]","[1, 1, 23]",,True,,23,5.742073128089942e-08,-44.72062342912375,0,0.0,0.0,0,0,0,0,0,0,0,0,5.166719997251642,4056,6486,6752,0.03474356352121823,0.04084052783774102,0.04351642943537555,6486,0,0.3243
76,19531,rx_x500_body,/home/telilab4090/Documents/Gazebo World/my_world/rt_out/experiments/semantic_ablation_actor_200f/sionna_xml/frame_076_sionna.xml,30.0,0.0,0.0,2.4,-3.9279,3.2024,1.3944,28000000000.0,23,1.7234324189985273e-08,7.465505547088469e-08,5.742073128089942e-08,3.372388590605624e-08,-74.72062388664037,-44.72062388664037,cir_coefficients_tau_mask,,"[1, 1, 1, 1, 23, 1]","[1, 1, 23]","[1, 1, 23]","[1, 1, 23]",,True,,23,5.742073128089942e-08,-44.72062342912375,0,0.0,-4.5751662014481553e-07,0,0,0,0,0,0,0,0,5.166719997251642,3964,6528,7536,0.034679362957369904,0.04313279614593151,0.044553849892783284,6528,0,0.3264
77,19788,rx_x500_body,/home/telilab4090/Documents/Gazebo World/my_world/rt_out/experiments/semantic_ablation_actor_200f/sionna_xml/frame_077_sionna.xml,30.0,0.0,0.0,2.4,-3.9279,3.2024,1.3944,28000000000.0,23,1.7234324189985273e-08,7.465505547088469e-08,5.742073128089942e-08,3.372388945876992e-08,-74.72062342912375,-44.72062342912375,cir_coefficients_tau_mask,,"[1, 1, 1, 1, 23, 1]","[1, 1, 23]","[1, 1, 23]","[1, 1, 23]",,True,,23,5.742073128089942e-08,-44.72062388664037,0,0.0,4.5751662014481553e-07,0,0,0,0,0,0,0,0,5.166719997251642,3987,6456,6462,0.03456127174719209,0.04250029962330843,0.04428975198595962,6456,0,0.3228
78,20045,rx_x500_body,/home/telilab4090/Documents/Gazebo World/my_world/rt_out/experiments/semantic_ablation_actor_200f/sionna_xml/frame_078_sionna.xml,30.0,0.0,0.0,2.4,-3.9279,3.2024,1.3944,28000000000.0,22,1.7234324189985273e-08,7.465505547088469e-08,5.742073128089942e-08,3.371401291474285e-08,-74.72189551157321,-44.72189551157321,cir_coefficients_tau_mask,,"[1, 1, 1, 1, 22, 1]","[1, 1, 22]","[1, 1, 22]","[1, 1, 22]",,True,,23,5.742073128089942e-08,-44.72062342912375,-1,0.0,-0.001272082449460754,1,1,0,0,0,0,0,0,5.166719997251642,3964,6453,6459,0.03498597899390818,0.041113723810419674,0.04367950617408762,6453,0,0.32265
79,20302,rx_x500_body,/home/telilab4090/Documents/Gazebo World/my_world/rt_out/experiments/semantic_ablation_actor_200f/sionna_xml/frame_079_sionna.xml,30.0,0.0,0.0,2.4,-3.9279,3.2024,1.3944,28000000000.0,23,1.7234324189985273e-08,7.465505547088469e-08,5.742073128089942e-08,3.372388945876992e-08,-74.72062342912375,-44.72062342912375,cir_coefficients_tau_mask,,"[1, 1, 1, 1, 23, 1]","[1, 1, 23]","[1, 1, 23]","[1, 1, 23]",,True,,22,5.742073128089942e-08,-44.72189551157321,1,0.0,0.001272082449460754,1,0,0,0,0,0,0,0,5.166719997251642,4032,6454,6460,0.03554748559669015,0.042835083325816134,0.044479252202479766,6454,0,0.3227
80,20559,rx_x500_body,/home/telilab4090/Documents/Gazebo World/my_world/rt_out/experiments/semantic_ablation_actor_200f/sionna_xml/frame_080_sionna.xml,30.0,0.0,0.0,2.4,-3.9279,3.2024,1.3944,28000000000.0,23,1.7234324189985273e-08,7.465505547088469e-08,5.742073128089942e-08,3.372388945876992e-08,-74.72062342912375,-44.72062342912375,cir_coefficients_tau_mask,,"[1, 1, 1, 1, 23, 1]","[1, 1, 23]","[1, 1, 23]","[1, 1, 23]",,True,,23,5.742073128089942e-08,-44.72062342912375,0,0.0,0.0,0,0,0,0,0,0,0,0,5.166719997251642,4093,6590,6593,0.03569833817316706,0.04190788801652051,0.04405961292598686,6590,0,0.3295
81,20816,rx_x500_body,/home/telilab4090/Documents/Gazebo World/my_world/rt_out/experiments/semantic_ablation_actor_200f/sionna_xml/frame_081_sionna.xml,30.0,0.0,0.0,2.4,-3.9279,3.2024,1.3944,28000000000.0,23,1.7234324189985273e-08,7.465505547088469e-08,5.742073128089942e-08,3.372388945876992e-08,-74.72062342912375,-44.72062342912375,cir_coefficients_tau_mask,,"[1, 1, 1, 1, 23, 1]","[1, 1, 23]","[1, 1, 23]","[1, 1, 23]",,True,,23,5.742073128089942e-08,-44.72062342912375,0,0.0,0.0,0,0,0,0,0,0,0,0,5.166719997251642,4108,6588,6592,0.03430944969729728,0.04148998457139731,0.04376026308001031,6588,0,0.3294
82,21073,rx_x500_body,/home/telilab4090/Documents/Gazebo World/my_world/rt_out/experiments/semantic_ablation_actor_200f/sionna_xml/frame_082_sionna.xml,30.0,0.0,0.0,2.4,-3.9279,3.2024,1.3944,28000000000.0,23,1.7234324189985273e-08,7.465505547088469e-08,5.742073128089942e-08,3.3723893011483597e-08,-74.72062297160716,-44.720622971607156,cir_coefficients_tau_mask,,"[1, 1, 1, 1, 23, 1]","[1, 1, 23]","[1, 1, 23]","[1, 1, 23]",,True,,23,5.742073128089942e-08,-44.72062342912375,0,0.0,4.575165917231061e-07,0,0,0,0,0,0,0,0,5.166719997251642,4009,6518,6522,0.03451909105938538,0.042208791487511874,0.04441936501495285,6518,0,0.3259
83,21330,rx_x500_body,/home/telilab4090/Documents/Gazebo World/my_world/rt_out/experiments/semantic_ablation_actor_200f/sionna_xml/frame_083_sionna.xml,30.0,0.0,0.0,2.4,-3.9279,3.2024,1.3944,28000000000.0,23,1.7234324189985273e-08,7.465505547088469e-08,5.742073128089942e-08,3.3723893011483597e-08,-74.72062297160716,-44.720622971607156,cir_coefficients_tau_mask,,"[1, 1, 1, 1, 23, 1]","[1, 1, 23]","[1, 1, 23]","[1, 1, 23]",,True,,23,5.742073128089942e-08,-44.720622971607156,0,0.0,0.0,0,0,0,0,0,0,0,0,5.166719997251642,4084,6543,6548,0.035045048113695514,0.04146227142302435,0.04370971941537848,6542,0,0.32715
84,21587,rx_x500_body,/home/telilab4090/Documents/Gazebo World/my_world/rt_out/experiments/semantic_ablation_actor_200f/sionna_xml/frame_084_sionna.xml,30.0,0.0,0.0,2.4,-3.9279,3.2024,1.3944,28000000000.0,23,1.7234324189985273e-08,7.465505547088469e-08,5.742073128089942e-08,3.372388945876992e-08,-74.72062342912375,-44.72062342912375,cir_coefficients_tau_mask,,"[1, 1, 1, 1, 23, 1]","[1, 1, 23]","[1, 1, 23]","[1, 1, 23]",,True,,23,5.742073128089942e-08,-44.720622971607156,0,0.0,-4.575165917231061e-07,0,0,0,0,0,0,0,0,5.166719997251642,4069,6615,6624,0.03454244322623389,0.03991074104663912,0.04326197324744897,6615,0,0.33075
85,21844,rx_x500_body,/home/telilab4090/Documents/Gazebo World/my_world/rt_out/experiments/semantic_ablation_actor_200f/sionna_xml/frame_085_sionna.xml,30.0,0.0,0.0,2.4,-3.9279,3.2024,1.3944,28000000000.0,23,1.7234324189985273e-08,7.465505547088469e-08,5.742073128089942e-08,3.372388945876992e-08,-74.72062342912375,-44.72062342912375,cir_coefficients_tau_mask,,"[1, 1, 1, 1, 23, 1]","[1, 1, 23]","[1, 1, 23]","[1, 1, 23]",,True,,23,5.742073128089942e-08,-44.72062342912375,0,0.0,0.0,0,0,0,0,0,0,0,0,5.166719997251642,4040,6552,6559,0.035803787699001915,0.043263233451409526,0.04464944427936121,6552,0,0.3276
86,22101,rx_x500_body,/home/telilab4090/Documents/Gazebo World/my_world/rt_out/experiments/semantic_ablation_actor_200f/sionna_xml/frame_086_sionna.xml,30.0,0.0,0.0,2.4,-3.9279,3.2024,1.3944,28000000000.0,23,1.7234324189985273e-08,7.465505547088469e-08,5.742073128089942e-08,3.372388945876992e-08,-74.72062342912375,-44.72062342912375,cir_coefficients_tau_mask,,"[1, 1, 1, 1, 23, 1]","[1, 1, 23]","[1, 1, 23]","[1, 1, 23]",,True,,23,5.742073128089942e-08,-44.72062342912375,0,0.0,0.0,0,0,0,0,0,0,0,0,5.166719997251642,4135,6568,6576,0.03451909105938538,0.04313500840970365,0.04475274313653685,6568,0,0.3284
87,22358,rx_x500_body,/home/telilab4090/Documents/Gazebo World/my_world/rt_out/experiments/semantic_ablation_actor_200f/sionna_xml/frame_087_sionna.xml,30.0,0.0,0.0,2.4,-3.9279,3.2024,1.3944,28000000000.0,23,1.7234324189985273e-08,7.465505547088469e-08,5.742073128089942e-08,3.372388945876992e-08,-74.72062342912375,-44.72062342912375,cir_coefficients_tau_mask,,"[1, 1, 1, 1, 23, 1]","[1, 1, 23]","[1, 1, 23]","[1, 1, 23]",,True,,23,5.742073128089942e-08,-44.72062342912375,0,0.0,0.0,0,0,0,0,0,0,0,0,5.166719997251642,4068,6576,6580,0.03506703194023784,0.04309842170128587,0.04459453551099991,6575,0,0.3288
88,22615,rx_x500_body,/home/telilab4090/Documents/Gazebo World/my_world/rt_out/experiments/semantic_ablation_actor_200f/sionna_xml/frame_088_sionna.xml,30.0,0.0,0.0,2.4,-3.9279,3.2024,1.3944,28000000000.0,23,1.7234324189985273e-08,7.465505547088469e-08,5.742073128089942e-08,3.372388945876992e-08,-74.72062342912375,-44.72062342912375,cir_coefficients_tau_mask,,"[1, 1, 1, 1, 23, 1]","[1, 1, 23]","[1, 1, 23]","[1, 1, 23]",,True,,23,5.742073128089942e-08,-44.72062342912375,0,0.0,0.0,0,0,0,0,0,0,0,0,5.166719997251642,4072,6550,6559,0.03451909105938538,0.040283431741286665,0.04307755046512687,6550,0,0.3275
89,22872,rx_x500_body,/home/telilab4090/Documents/Gazebo World/my_world/rt_out/experiments/semantic_ablation_actor_200f/sionna_xml/frame_089_sionna.xml,30.0,0.0,0.0,2.4,-3.9279,3.2024,1.3944,28000000000.0,23,1.7234324189985273e-08,7.465505547088469e-08,5.742073128089942e-08,3.3723893011483597e-08,-74.72062297160716,-44.720622971607156,cir_coefficients_tau_mask,,"[1, 1, 1, 1, 23, 1]","[1, 1, 23]","[1, 1, 23]","[1, 1, 23]",,True,,23,5.742073128089942e-08,-44.72062342912375,0,0.0,4.575165917231061e-07,0,0,0,0,0,0,0,0,5.166719997251642,4059,6474,6480,0.034455735952779454,0.041299606670499714,0.04383076486257461,6473,0,0.3237
90,23129,rx_x500_body,/home/telilab4090/Documents/Gazebo World/my_world/rt_out/experiments/semantic_ablation_actor_200f/sionna_xml/frame_090_sionna.xml,30.0,0.0,0.0,2.4,-3.9279,3.2024,1.3944,28000000000.0,23,1.7234324189985273e-08,7.465505547088469e-08,5.742073128089942e-08,3.3723893011483597e-08,-74.72062297160716,-44.720622971607156,cir_coefficients_tau_mask,,"[1, 1, 1, 1, 23, 1]","[1, 1, 23]","[1, 1, 23]","[1, 1, 23]",,True,,23,5.742073128089942e-08,-44.720622971607156,0,0.0,0.0,0,0,0,0,0,0,0,0,5.166719997251642,4075,6546,6550,0.03524798956450171,0.042004527468298025,0.04399134633323937,6546,0,0.3273
91,23386,rx_x500_body,/home/telilab4090/Documents/Gazebo World/my_world/rt_out/experiments/semantic_ablation_actor_200f/sionna_xml/frame_091_sionna.xml,30.0,0.0,0.0,2.4,-3.9279,3.2024,1.3944,28000000000.0,23,1.7234324189985273e-08,7.465505547088469e-08,5.742073128089942e-08,3.372388590605624e-08,-74.72062388664037,-44.72062388664037,cir_coefficients_tau_mask,,"[1, 1, 1, 1, 23, 1]","[1, 1, 23]","[1, 1, 23]","[1, 1, 23]",,True,,23,5.742073128089942e-08,-44.720622971607156,0,0.0,-9.150332118679216e-07,0,0,0,0,0,0,0,0,5.166719997251642,4064,6556,6559,0.03480599325230913,0.04270973337738815,0.044490746265254365,6556,0,0.3278
92,23643,rx_x500_body,/home/telilab4090/Documents/Gazebo World/my_world/rt_out/experiments/semantic_ablation_actor_200f/sionna_xml/frame_092_sionna.xml,30.0,0.0,0.0,2.4,-3.9279,3.2024,1.3944,28000000000.0,23,1.7234324189985273e-08,7.465505547088469e-08,5.742073128089942e-08,3.372388945876992e-08,-74.72062342912375,-44.72062342912375,cir_coefficients_tau_mask,,"[1, 1, 1, 1, 23, 1]","[1, 1, 23]","[1, 1, 23]","[1, 1, 23]",,True,,23,5.742073128089942e-08,-44.72062388664037,0,0.0,4.5751662014481553e-07,0,0,0,0,0,0,0,0,5.166719997251642,3960,6520,6525,0.03451909105938538,0.042334885376184406,0.04408372143718478,6520,0,0.326
93,23900,rx_x500_body,/home/telilab4090/Documents/Gazebo World/my_world/rt_out/experiments/semantic_ablation_actor_200f/sionna_xml/frame_093_sionna.xml,30.0,0.0,0.0,2.4,-3.9279,3.2024,1.3944,28000000000.0,23,1.7234324189985273e-08,7.465505547088469e-08,5.742073128089942e-08,3.372388945876992e-08,-74.72062342912375,-44.72062342912375,cir_coefficients_tau_mask,,"[1, 1, 1, 1, 23, 1]","[1, 1, 23]","[1, 1, 23]","[1, 1, 23]",,True,,23,5.742073128089942e-08,-44.72062342912375,0,0.0,0.0,0,0,0,0,0,0,0,0,5.166719997251642,3954,6468,6474,0.03454244322623389,0.040006832719920025,0.043040744082007885,6468,0,0.3234
94,24157,rx_x500_body,/home/telilab4090/Documents/Gazebo World/my_world/rt_out/experiments/semantic_ablation_actor_200f/sionna_xml/frame_094_sionna.xml,30.0,0.0,0.0,2.4,-3.9279,3.2024,1.3944,28000000000.0,23,1.7234324189985273e-08,7.465505547088469e-08,5.742073128089942e-08,3.372388945876992e-08,-74.72062342912375,-44.72062342912375,cir_coefficients_tau_mask,,"[1, 1, 1, 1, 23, 1]","[1, 1, 23]","[1, 1, 23]","[1, 1, 23]",,True,,23,5.742073128089942e-08,-44.72062342912375,0,0.0,0.0,0,0,0,0,0,0,0,0,5.166719997251642,3932,6534,6542,0.03454377004058613,0.04048472891114956,0.04342701546883589,6534,0,0.3267
95,24414,rx_x500_body,/home/telilab4090/Documents/Gazebo World/my_world/rt_out/experiments/semantic_ablation_actor_200f/sionna_xml/frame_095_sionna.xml,30.0,0.0,0.0,2.4,-3.9279,3.2024,1.3944,28000000000.0,23,1.7234324189985273e-08,7.465505547088469e-08,5.742073128089942e-08,3.3723893011483597e-08,-74.72062297160716,-44.720622971607156,cir_coefficients_tau_mask,,"[1, 1, 1, 1, 23, 1]","[1, 1, 23]","[1, 1, 23]","[1, 1, 23]",,True,,23,5.742073128089942e-08,-44.72062342912375,0,0.0,4.575165917231061e-07,0,0,0,0,0,0,0,0,5.166719997251642,3959,6508,6512,0.03494755382099156,0.0425172670597201,0.0443663801107104,6508,0,0.3254
96,24671,rx_x500_body,/home/telilab4090/Documents/Gazebo World/my_world/rt_out/experiments/semantic_ablation_actor_200f/sionna_xml/frame_096_sionna.xml,30.0,0.0,0.0,2.4,-3.9279,3.2024,1.3944,28000000000.0,22,1.7234324189985273e-08,7.465505547088469e-08,5.742073128089942e-08,3.371401291474285e-08,-74.72189551157321,-44.72189551157321,cir_coefficients_tau_mask,,"[1, 1, 1, 1, 22, 1]","[1, 1, 22]","[1, 1, 22]","[1, 1, 22]",,True,,23,5.742073128089942e-08,-44.720622971607156,-1,0.0,-0.0012725399660524772,1,1,0,0,0,0,0,0,5.166719997251642,4114,6619,6624,0.03454377004058613,0.0429674883312819,0.04446996399602386,6619,0,0.33095
97,24928,rx_x500_body,/home/telilab4090/Documents/Gazebo World/my_world/rt_out/experiments/semantic_ablation_actor_200f/sionna_xml/frame_097_sionna.xml,30.0,0.0,0.0,2.4,-3.9279,3.2024,1.3944,28000000000.0,23,1.7234324189985273e-08,7.465505547088469e-08,5.742073128089942e-08,3.3723893011483597e-08,-74.72062297160716,-44.720622971607156,cir_coefficients_tau_mask,,"[1, 1, 1, 1, 23, 1]","[1, 1, 23]","[1, 1, 23]","[1, 1, 23]",,True,,22,5.742073128089942e-08,-44.72189551157321,1,0.0,0.0012725399660524772,1,0,0,0,0,0,0,0,5.166719997251642,4028,6490,6493,0.03480599325230913,0.04222443825932844,0.04432071537791115,6490,0,0.3245
98,25185,rx_x500_body,/home/telilab4090/Documents/Gazebo World/my_world/rt_out/experiments/semantic_ablation_actor_200f/sionna_xml/frame_098_sionna.xml,30.0,0.0,0.0,2.4,-3.9279,3.2024,1.3944,28000000000.0,23,1.7234324189985273e-08,7.465505547088469e-08,5.742073128089942e-08,3.3723893011483597e-08,-74.72062297160716,-44.720622971607156,cir_coefficients_tau_mask,,"[1, 1, 1, 1, 23, 1]","[1, 1, 23]","[1, 1, 23]","[1, 1, 23]",,True,,23,5.742073128089942e-08,-44.720622971607156,0,0.0,0.0,0,0,0,0,0,0,0,0,5.166719997251642,3971,6471,6475,0.034679362957369904,0.04138030301032552,0.043771716876017795,6471,0,0.32355
99,25442,rx_x500_body,/home/telilab4090/Documents/Gazebo World/my_world/rt_out/experiments/semantic_ablation_actor_200f/sionna_xml/frame_099_sionna.xml,30.0,0.0,0.0,2.4,-3.9279,3.2024,1.3944,28000000000.0,23,1.7234324189985273e-08,7.465505547088469e-08,5.742073128089942e-08,3.372388590605624e-08,-74.72062388664037,-44.72062388664037,cir_coefficients_tau_mask,,"[1, 1, 1, 1, 23, 1]","[1, 1, 23]","[1, 1, 23]","[1, 1, 23]",,True,,23,5.742073128089942e-08,-44.720622971607156,0,0.0,-9.150332118679216e-07,0,0,0,0,0,0,0,0,5.166719997251642,3971,6508,6512,0.0360843638729357,0.04288750199436004,0.04451876048078037,6508,0,0.3254
100,25698,rx_x500_body,/home/telilab4090/Documents/Gazebo World/my_world/rt_out/experiments/semantic_ablation_actor_200f/sionna_xml/frame_100_sionna.xml,30.0,0.0,0.0,2.4,-3.9279,3.2024,1.3944,28000000000.0,22,1.7234324189985273e-08,7.465505547088469e-08,5.742073128089942e-08,3.371401646745653e-08,-74.7218950539226,-44.721895053922594,cir_coefficients_tau_mask,,"[1, 1, 1, 1, 22, 1]","[1, 1, 22]","[1, 1, 22]","[1, 1, 22]",,True,,23,5.742073128089942e-08,-44.72062388664037,-1,0.0,-0.0012711672822263154,1,1,0,0,0,0,0,0,5.166719997251642,4021,6425,6430,0.034784971687636744,0.04168654936158974,0.04383969954909896,6425,0,0.32125
101,25955,rx_x500_body,/home/telilab4090/Documents/Gazebo World/my_world/rt_out/experiments/semantic_ablation_actor_200f/sionna_xml/frame_101_sionna.xml,30.0,0.0,0.0,2.4,-3.9279,3.2024,1.3944,28000000000.0,22,1.7234324189985273e-08,7.465505547088469e-08,5.742073128089942e-08,3.371402002017021e-08,-74.72189459627204,-44.72189459627204,cir_coefficients_tau_mask,,"[1, 1, 1, 1, 22, 1]","[1, 1, 22]","[1, 1, 22]","[1, 1, 22]",,True,,22,5.742073128089942e-08,-44.721895053922594,0,0.0,4.576505574505063e-07,0,0,0,0,0,0,0,0,5.166719997251642,4019,6576,6580,0.034735572951969794,0.04210263411768422,0.043865945531724355,6575,0,0.3288
102,26212,rx_x500_body,/home/telilab4090/Documents/Gazebo World/my_world/rt_out/experiments/semantic_ablation_actor_200f/sionna_xml/frame_102_sionna.xml,30.0,0.0,0.0,2.4,-3.9279,3.2024,1.3944,28000000000.0,22,1.7234324189985273e-08,7.465505547088469e-08,5.742073128089942e-08,3.371401291474285e-08,-74.72189551157321,-44.72189551157321,cir_coefficients_tau_mask,,"[1, 1, 1, 1, 22, 1]","[1, 1, 22]","[1, 1, 22]","[1, 1, 22]",,True,,22,5.742073128089942e-08,-44.72189459627204,0,0.0,-9.153011717444315e-07,0,0,0,0,0,0,0,0,5.166719997251642,4097,6620,6625,0.03519159100671021,0.04242682102073896,0.044451750278131065,6620,0,0.331
103,26469,rx_x500_body,/home/telilab4090/Documents/Gazebo World/my_world/rt_out/experiments/semantic_ablation_actor_200f/sionna_xml/frame_103_sionna.xml,30.0,0.0,0.0,2.4,-3.9279,3.2024,1.3944,28000000000.0,23,1.7234324189985273e-08,7.465505547088469e-08,5.742073128089942e-08,3.372388945876992e-08,-74.72062342912375,-44.72062342912375,cir_coefficients_tau_mask,,"[1, 1, 1, 1, 23, 1]","[1, 1, 23]","[1, 1, 23]","[1, 1, 23]",,True,,22,5.742073128089942e-08,-44.72189551157321,1,0.0,0.001272082449460754,1,0,0,0,0,0,0,0,5.166719997251642,4060,6541,6545,0.03525878709286382,0.04270581910134341,0.04442571544485477,6541,0,0.32705
104,26726,rx_x500_body,/home/telilab4090/Documents/Gazebo World/my_world/rt_out/experiments/semantic_ablation_actor_200f/sionna_xml/frame_104_sionna.xml,30.0,0.0,0.0,2.4,-3.9279,3.2024,1.3944,28000000000.0,23,1.7234324189985273e-08,7.465505547088469e-08,5.742073128089942e-08,3.3723893011483597e-08,-74.72062297160716,-44.720622971607156,cir_coefficients_tau_mask,,"[1, 1, 1, 1, 23, 1]","[1, 1, 23]","[1, 1, 23]","[1, 1, 23]",,True,,23,5.742073128089942e-08,-44.72062342912375,0,0.0,4.575165917231061e-07,0,0,0,0,0,0,0,0,5.166719997251642,4013,6557,6562,0.034679362957369904,0.04292538211397691,0.0447180535632677,6557,0,0.32785
105,26983,rx_x500_body,/home/telilab4090/Documents/Gazebo World/my_world/rt_out/experiments/semantic_ablation_actor_200f/sionna_xml/frame_105_sionna.xml,30.0,0.0,0.0,2.4,-3.9279,3.2024,1.3944,28000000000.0,23,1.7234324189985273e-08,7.465505547088469e-08,5.742073128089942e-08,3.3723893011483597e-08,-74.72062297160716,-44.720622971607156,cir_coefficients_tau_mask,,"[1, 1, 1, 1, 23, 1]","[1, 1, 23]","[1, 1, 23]","[1, 1, 23]",,True,,23,5.742073128089942e-08,-44.720622971607156,0,0.0,0.0,0,0,0,0,0,0,0,0,5.166719997251642,4040,6498,6505,0.03430944969729728,0.043126293684467715,0.04454719884578279,6497,0,0.3249
106,27240,rx_x500_body,/home/telilab4090/Documents/Gazebo World/my_world/rt_out/experiments/semantic_ablation_actor_200f/sionna_xml/frame_106_sionna.xml,30.0,0.0,0.0,2.4,-3.9279,3.2024,1.3944,28000000000.0,23,1.7234324189985273e-08,7.465505547088469e-08,5.742073128089942e-08,3.372388945876992e-08,-74.72062342912375,-44.72062342912375,cir_coefficients_tau_mask,,"[1, 1, 1, 1, 23, 1]","[1, 1, 23]","[1, 1, 23]","[1, 1, 23]",,True,,23,5.742073128089942e-08,-44.720622971607156,0,0.0,-4.575165917231061e-07,0,0,0,0,0,0,0,0,5.166719997251642,4009,6485,6489,0.03628598658882692,0.04329264721764157,0.04466106471899407,6485,0,0.32425
107,27497,rx_x500_body,/home/telilab4090/Documents/Gazebo World/my_world/rt_out/experiments/semantic_ablation_actor_200f/sionna_xml/frame_107_sionna.xml,30.0,0.0,0.0,2.4,-3.9279,3.2024,1.3944,28000000000.0,23,1.7234324189985273e-08,7.465505547088469e-08,5.742073128089942e-08,3.3723893011483597e-08,-74.72062297160716,-44.720622971607156,cir_coefficients_tau_mask,,"[1, 1, 1, 1, 23, 1]","[1, 1, 23]","[1, 1, 23]","[1, 1, 23]",,True,,23,5.742073128089942e-08,-44.72062342912375,0,0.0,4.575165917231061e-07,0,0,0,0,0,0,0,0,5.166719997251642,4051,6532,6541,0.035456505659198584,0.04260826608321975,0.044240114363342097,6532,0,0.3266
108,27754,rx_x500_body,/home/telilab4090/Documents/Gazebo World/my_world/rt_out/experiments/semantic_ablation_actor_200f/sionna_xml/frame_108_sionna.xml,30.0,0.0,0.0,2.4,-3.9279,3.2024,1.3944,28000000000.0,23,1.7234324189985273e-08,7.465505547088469e-08,5.742073128089942e-08,3.372388945876992e-08,-74.72062342912375,-44.72062342912375,cir_coefficients_tau_mask,,"[1, 1, 1, 1, 23, 1]","[1, 1, 23]","[1, 1, 23]","[1, 1, 23]",,True,,23,5.742073128089942e-08,-44.720622971607156,0,0.0,-4.575165917231061e-07,0,0,0,0,0,0,0,0,5.166719997251642,3990,6513,6517,0.03563920292351601,0.040107809327741634,0.04296468561765905,6513,0,0.32565
109,28011,rx_x500_body,/home/telilab4090/Documents/Gazebo World/my_world/rt_out/experiments/semantic_ablation_actor_200f/sionna_xml/frame_109_sionna.xml,30.0,0.0,0.0,2.4,-3.9279,3.2024,1.3944,28000000000.0,22,1.7234324189985273e-08,7.465505547088469e-08,5.742073128089942e-08,3.371401646745653e-08,-74.7218950539226,-44.721895053922594,cir_coefficients_tau_mask,,"[1, 1, 1, 1, 22, 1]","[1, 1, 22]","[1, 1, 22]","[1, 1, 22]",,True,,23,5.742073128089942e-08,-44.72062342912375,-1,0.0,-0.0012716247988464602,1,1,0,0,0,0,0,0,5.166719997251642,3992,6484,6701,0.03506703194023784,0.04264843182978386,0.04447302452457885,6484,0,0.3242
110,28268,rx_x500_body,/home/telilab4090/Documents/Gazebo World/my_world/rt_out/experiments/semantic_ablation_actor_200f/sionna_xml/frame_110_sionna.xml,30.0,0.0,0.0,2.4,-3.9279,3.2024,1.3944,28000000000.0,22,1.7234324189985273e-08,7.465505547088469e-08,5.742073128089942e-08,3.3714009362029174e-08,-74.72189596922387,-44.721895969223866,cir_coefficients_tau_mask,,"[1, 1, 1, 1, 22, 1]","[1, 1, 22]","[1, 1, 22]","[1, 1, 22]",,True,,22,5.742073128089942e-08,-44.721895053922594,0,0.0,-9.153012712204145e-07,0,0,0,0,0,0,0,0,5.166719997251642,3987,6493,6873,0.03488409142938189,0.04217561501467893,0.0440047014630208,6493,0,0.32465
111,28525,rx_x500_body,/home/telilab4090/Documents/Gazebo World/my_world/rt_out/experiments/semantic_ablation_actor_200f/sionna_xml/frame_111_sionna.xml,30.0,0.0,0.0,2.4,-3.9279,3.2024,1.3944,28000000000.0,23,1.7234324189985273e-08,7.465505547088469e-08,5.742073128089942e-08,3.372388945876992e-08,-74.72062342912375,-44.72062342912375,cir_coefficients_tau_mask,,"[1, 1, 1, 1, 23, 1]","[1, 1, 23]","[1, 1, 23]","[1, 1, 23]",,True,,22,5.742073128089942e-08,-44.721895969223866,1,0.0,0.0012725401001176806,1,0,0,0,0,0,0,0,5.166719997251642,4035,6488,6832,0.03461625178964631,0.040822002943971716,0.04325835634917292,6488,0,0.3244
112,28782,rx_x500_body,/home/telilab4090/Documents/Gazebo World/my_world/rt_out/experiments/semantic_ablation_actor_200f/sionna_xml/frame_112_sionna.xml,30.0,0.0,0.0,2.4,-3.9279,3.2024,1.3944,28000000000.0,23,1.7234324189985273e-08,7.465505547088469e-08,5.742073128089942e-08,3.3723893011483597e-08,-74.72062297160716,-44.720622971607156,cir_coefficients_tau_mask,,"[1, 1, 1, 1, 23, 1]","[1, 1, 23]","[1, 1, 23]","[1, 1, 23]",,True,,23,5.742073128089942e-08,-44.72062342912375,0,0.0,4.575165917231061e-07,0,0,0,0,0,0,0,0,5.166719997251642,4033,6574,6892,0.03578942497054148,0.04281238888343637,0.04450925750490644,6574,0,0.3287
113,29039,rx_x500_body,/home/telilab4090/Documents/Gazebo World/my_world/rt_out/experiments/semantic_ablation_actor_200f/sionna_xml/frame_113_sionna.xml,30.0,0.0,0.0,2.4,-3.9279,3.2024,1.3944,28000000000.0,22,1.7234324189985273e-08,7.465505547088469e-08,5.742073128089942e-08,3.371402002017021e-08,-74.72189459627204,-44.72189459627204,cir_coefficients_tau_mask,,"[1, 1, 1, 1, 22, 1]","[1, 1, 22]","[1, 1, 22]","[1, 1, 22]",,True,,23,5.742073128089942e-08,-44.720622971607156,-1,0.0,-0.0012716246648807328,1,1,0,0,0,0,0,0,5.166719997251642,4031,6497,6821,0.03506703194023784,0.041440196162401834,0.0438180352137078,6497,0,0.32485
114,29296,rx_x500_body,/home/telilab4090/Documents/Gazebo World/my_world/rt_out/experiments/semantic_ablation_actor_200f/sionna_xml/frame_114_sionna.xml,30.0,0.0,0.0,2.4,-3.9279,3.2024,1.3944,28000000000.0,23,1.7234324189985273e-08,7.465505547088469e-08,5.742073128089942e-08,3.372388945876992e-08,-74.72062342912375,-44.72062342912375,cir_coefficients_tau_mask,,"[1, 1, 1, 1, 23, 1]","[1, 1, 23]","[1, 1, 23]","[1, 1, 23]",,True,,22,5.742073128089942e-08,-44.72189459627204,1,0.0,0.0012711671482890097,1,0,0,0,0,0,0,0,5.166719997251642,4067,6606,6920,0.03461625178964631,0.04162359406771692,0.0438435663057882,6606,0,0.3303
115,29553,rx_x500_body,/home/telilab4090/Documents/Gazebo World/my_world/rt_out/experiments/semantic_ablation_actor_200f/sionna_xml/frame_115_sionna.xml,30.0,0.0,0.0,2.4,-3.9279,3.2024,1.3944,28000000000.0,23,1.7234324189985273e-08,7.465505547088469e-08,5.742073128089942e-08,3.372388945876992e-08,-74.72062342912375,-44.72062342912375,cir_coefficients_tau_mask,,"[1, 1, 1, 1, 23, 1]","[1, 1, 23]","[1, 1, 23]","[1, 1, 23]",,True,,23,5.742073128089942e-08,-44.72062342912375,0,0.0,0.0,0,0,0,0,0,0,0,0,5.166719997251642,4036,6553,6908,0.039236844917208975,0.04268034565642531,0.044300824316675876,6553,0,0.32765
116,29810,rx_x500_body,/home/telilab4090/Documents/Gazebo World/my_world/rt_out/experiments/semantic_ablation_actor_200f/sionna_xml/frame_116_sionna.xml,30.0,0.0,0.0,2.4,-3.9279,3.2024,1.3944,28000000000.0,23,1.7234324189985273e-08,7.465505547088469e-08,5.742073128089942e-08,3.372388590605624e-08,-74.72062388664037,-44.72062388664037,cir_coefficients_tau_mask,,"[1, 1, 1, 1, 23, 1]","[1, 1, 23]","[1, 1, 23]","[1, 1, 23]",,True,,23,5.742073128089942e-08,-44.72062342912375,0,0.0,-4.5751662014481553e-07,0,0,0,0,0,0,0,0,5.166719997251642,3947,6449,6605,0.03474356352121823,0.04167813219517433,0.04379804238155736,6449,0,0.32245
117,30067,rx_x500_body,/home/telilab4090/Documents/Gazebo World/my_world/rt_out/experiments/semantic_ablation_actor_200f/sionna_xml/frame_117_sionna.xml,30.0,0.0,0.0,2.4,-3.9279,3.2024,1.3944,28000000000.0,23,1.7234324189985273e-08,7.465505547088469e-08,5.742073128089942e-08,3.372388590605624e-08,-74.72062388664037,-44.72062388664037,cir_coefficients_tau_mask,,"[1, 1, 1, 1, 23, 1]","[1, 1, 23]","[1, 1, 23]","[1, 1, 23]",,True,,23,5.742073128089942e-08,-44.72062388664037,0,0.0,0.0,0,0,0,0,0,0,0,0,5.166719997251642,4087,6581,6765,0.03454244322623389,0.04170084226517569,0.04379828202574384,6581,0,0.32905
118,30324,rx_x500_body,/home/telilab4090/Documents/Gazebo World/my_world/rt_out/experiments/semantic_ablation_actor_200f/sionna_xml/frame_118_sionna.xml,30.0,0.0,0.0,2.4,-3.9279,3.2024,1.3944,28000000000.0,22,1.7234324189985273e-08,7.465505547088469e-08,5.742073128089942e-08,3.3687346245869776e-08,-74.72533199650195,-44.72533199650195,cir_coefficients_tau_mask,,"[1, 1, 1, 1, 22, 1]","[1, 1, 22]","[1, 1, 22]","[1, 1, 22]",,True,,23,5.742073128089942e-08,-44.72062388664037,-1,0.0,-0.004708109861581988,1,1,0,0,0,0,0,0,5.166719997251642,3992,6451,7056,0.03474356352121823,0.04307058490978981,0.044703809423092954,6451,0,0.32255
119,30581,rx_x500_body,/home/telilab4090/Documents/Gazebo World/my_world/rt_out/experiments/semantic_ablation_actor_200f/sionna_xml/frame_119_sionna.xml,30.0,0.0,0.0,2.4,-3.9279,3.2024,1.3944,28000000000.0,23,1.7234324189985273e-08,7.465505547088469e-08,5.742073128089942e-08,3.3723893011483597e-08,-74.72062297160716,-44.720622971607156,cir_coefficients_tau_mask,,"[1, 1, 1, 1, 23, 1]","[1, 1, 23]","[1, 1, 23]","[1, 1, 23]",,True,,22,5.742073128089942e-08,-44.72533199650195,1,0.0,0.004709024894793856,1,0,0,0,0,0,0,0,5.166719997251642,3948,6500,6633,0.03506703194023784,0.04213150389716748,0.044041615143288346,6500,0,0.325
120,30838,rx_x500_body,/home/telilab4090/Documents/Gazebo World/my_world/rt_out/experiments/semantic_ablation_actor_200f/sionna_xml/frame_120_sionna.xml,30.0,0.0,0.0,2.4,-3.9279,3.2024,1.3944,28000000000.0,23,1.7234324189985273e-08,7.465505547088469e-08,5.742073128089942e-08,3.372388590605624e-08,-74.72062388664037,-44.72062388664037,cir_coefficients_tau_mask,,"[1, 1, 1, 1, 23, 1]","[1, 1, 23]","[1, 1, 23]","[1, 1, 23]",,True,,23,5.742073128089942e-08,-44.720622971607156,0,0.0,-9.150332118679216e-07,0,0,0,0,0,0,0,0,5.166719997251642,3935,6465,6630,0.03430944969729728,0.04243116158521116,0.0443024352418653,6465,0,0.32325
121,31095,rx_x500_body,/home/telilab4090/Documents/Gazebo World/my_world/rt_out/experiments/semantic_ablation_actor_200f/sionna_xml/frame_121_sionna.xml,30.0,0.0,0.0,2.4,-3.9279,3.2024,1.3944,28000000000.0,23,1.7234324189985273e-08,7.465505547088469e-08,5.742073128089942e-08,3.3723893011483597e-08,-74.72062297160716,-44.720622971607156,cir_coefficients_tau_mask,,"[1, 1, 1, 1, 23, 1]","[1, 1, 23]","[1, 1, 23]","[1, 1, 23]",,True,,23,5.742073128089942e-08,-44.72062388664037,0,0.0,9.150332118679216e-07,0,0,0,0,0,0,0,0,5.166719997251642,4030,6521,6676,0.03628598658882692,0.043422403974111394,0.04494962967343409,6512,0,0.32605
122,31352,rx_x500_body,/home/telilab4090/Documents/Gazebo World/my_world/rt_out/experiments/semantic_ablation_actor_200f/sionna_xml/frame_122_sionna.xml,30.0,0.0,0.0,2.4,-3.9279,3.2024,1.3944,28000000000.0,23,1.7234324189985273e-08,7.465505547088469e-08,5.742073128089942e-08,3.372388945876992e-08,-74.72062342912375,-44.72062342912375,cir_coefficients_tau_mask,,"[1, 1, 1, 1, 23, 1]","[1, 1, 23]","[1, 1, 23]","[1, 1, 23]",,True,,23,5.742073128089942e-08,-44.720622971607156,0,0.0,-4.575165917231061e-07,0,0,0,0,0,0,0,0,5.166719997251642,4017,6656,6699,0.03454377004058613,0.043189326335523096,0.0446645745993789,6536,0,0.3328
123,31609,rx_x500_body,/home/telilab4090/Documents/Gazebo World/my_world/rt_out/experiments/semantic_ablation_actor_200f/sionna_xml/frame_123_sionna.xml,30.0,0.0,0.0,2.4,-3.9279,3.2024,1.3944,28000000000.0,23,1.7234324189985273e-08,7.465505547088469e-08,5.742073128089942e-08,3.3723893011483597e-08,-74.72062297160716,-44.720622971607156,cir_coefficients_tau_mask,,"[1, 1, 1, 1, 23, 1]","[1, 1, 23]","[1, 1, 23]","[1, 1, 23]",,True,,23,5.742073128089942e-08,-44.72062342912375,0,0.0,4.575165917231061e-07,0,0,0,0,0,0,0,0,5.166719997251642,4100,6718,6774,0.03474356352121823,0.041639246302070006,0.0439135390434297,6605,0,0.3359
124,31866,rx_x500_body,/home/telilab4090/Documents/Gazebo World/my_world/rt_out/experiments/semantic_ablation_actor_200f/sionna_xml/frame_124_sionna.xml,30.0,0.0,0.0,2.4,-3.9279,3.2024,1.3944,28000000000.0,22,1.7234324189985273e-08,7.465505547088469e-08,5.742073128089942e-08,3.315524210734111e-08,-74.79447796420398,-44.79447796420398,cir_coefficients_tau_mask,,"[1, 1, 1, 1, 22, 1]","[1, 1, 22]","[1, 1, 22]","[1, 1, 22]",,True,,23,5.742073128089942e-08,-44.720622971607156,-1,0.0,-0.07385499259682149,1,1,0,0,0,0,0,0,5.166719997251642,4107,6711,6780,0.034455735952779454,0.041596214203094437,0.043914360691297755,6548,0,0.33555
125,32123,rx_x500_body,/home/telilab4090/Documents/Gazebo World/my_world/rt_out/experiments/semantic_ablation_actor_200f/sionna_xml/frame_125_sionna.xml,30.0,0.0,0.0,2.4,-3.9279,3.2024,1.3944,28000000000.0,23,1.7234324189985273e-08,7.465505547088469e-08,5.742073128089942e-08,3.372388945876992e-08,-74.72062342912375,-44.72062342912375,cir_coefficients_tau_mask,,"[1, 1, 1, 1, 23, 1]","[1, 1, 23]","[1, 1, 23]","[1, 1, 23]",,True,,22,5.742073128089942e-08,-44.79447796420398,1,0.0,0.07385453508022977,1,0,0,0,0,0,0,0,5.166719997251642,4082,6750,6801,0.03480599325230913,0.041971414857679225,0.04420804301585261,6611,0,0.3375
126,32380,rx_x500_body,/home/telilab4090/Documents/Gazebo World/my_world/rt_out/experiments/semantic_ablation_actor_200f/sionna_xml/frame_126_sionna.xml,30.0,0.0,0.0,2.4,-3.9279,3.2024,1.3944,28000000000.0,23,1.7234324189985273e-08,7.465505547088469e-08,5.742073128089942e-08,3.3723893011483597e-08,-74.72062297160716,-44.720622971607156,cir_coefficients_tau_mask,,"[1, 1, 1, 1, 23, 1]","[1, 1, 23]","[1, 1, 23]","[1, 1, 23]",,True,,23,5.742073128089942e-08,-44.72062342912375,0,0.0,4.575165917231061e-07,0,0,0,0,0,0,0,0,5.166719997251642,4123,6643,6684,0.03480599325230913,0.04085657217183142,0.043639716746346376,6526,0,0.33215
127,32637,rx_x500_body,/home/telilab4090/Documents/Gazebo World/my_world/rt_out/experiments/semantic_ablation_actor_200f/sionna_xml/frame_127_sionna.xml,30.0,0.0,0.0,2.4,-3.9279,3.2024,1.3944,28000000000.0,23,1.7234324189985273e-08,7.465505547088469e-08,5.742073128089942e-08,3.372388945876992e-08,-74.72062342912375,-44.72062342912375,cir_coefficients_tau_mask,,"[1, 1, 1, 1, 23, 1]","[1, 1, 23]","[1, 1, 23]","[1, 1, 23]",,True,,23,5.742073128089942e-08,-44.720622971607156,0,0.0,-4.575165917231061e-07,0,0,0,0,0,0,0,0,5.166719997251642,3999,6614,6662,0.03454244322623389,0.04091802610368511,0.043418119796316,6468,0,0.3307
128,32894,rx_x500_body,/home/telilab4090/Documents/Gazebo World/my_world/rt_out/experiments/semantic_ablation_actor_200f/sionna_xml/frame_128_sionna.xml,30.0,0.0,0.0,2.4,-3.9279,3.2024,1.3944,28000000000.0,23,1.7234324189985273e-08,7.465505547088469e-08,5.742073128089942e-08,3.372388945876992e-08,-74.72062342912375,-44.72062342912375,cir_coefficients_tau_mask,,"[1, 1, 1, 1, 23, 1]","[1, 1, 23]","[1, 1, 23]","[1, 1, 23]",,True,,23,5.742073128089942e-08,-44.72062342912375,0,0.0,0.0,0,0,0,0,0,0,0,0,5.166719997251642,4000,6615,7812,0.03471302374114305,0.042306171222267916,0.04402158443256809,6475,0,0.33075
129,33151,rx_x500_body,/home/telilab4090/Documents/Gazebo World/my_world/rt_out/experiments/semantic_ablation_actor_200f/sionna_xml/frame_129_sionna.xml,30.0,0.0,0.0,2.4,-3.9279,3.2024,1.3944,28000000000.0,23,1.7234324189985273e-08,7.465505547088469e-08,5.742073128089942e-08,3.3723893011483597e-08,-74.72062297160716,-44.720622971607156,cir_coefficients_tau_mask,,"[1, 1, 1, 1, 23, 1]","[1, 1, 23]","[1, 1, 23]","[1, 1, 23]",,True,,23,5.742073128089942e-08,-44.72062342912375,0,0.0,4.575165917231061e-07,0,0,0,0,0,0,0,0,5.166719997251642,4065,6672,7556,0.03525878709286382,0.04241010964840308,0.04413866778794574,6534,0,0.3336
130,33408,rx_x500_body,/home/telilab4090/Documents/Gazebo World/my_world/rt_out/experiments/semantic_ablation_actor_200f/sionna_xml/frame_130_sionna.xml,30.0,0.0,0.0,2.4,-3.9279,3.2024,1.3944,28000000000.0,22,1.7234324189985273e-08,7.465505547088469e-08,5.742073128089942e-08,3.315524210734111e-08,-74.79447796420398,-44.79447796420398,cir_coefficients_tau_mask,,"[1, 1, 1, 1, 22, 1]","[1, 1, 22]","[1, 1, 22]","[1, 1, 22]",,True,,23,5.742073128089942e-08,-44.720622971607156,-1,0.0,-0.07385499259682149,1,1,0,0,0,0,0,0,5.166719997251642,3961,6493,7478,0.03451909105938538,0.043240506093808286,0.04471839059539222,6357,0,0.32465
131,33665,rx_x500_body,/home/telilab4090/Documents/Gazebo World/my_world/rt_out/experiments/semantic_ablation_actor_200f/sionna_xml/frame_131_sionna.xml,30.0,0.0,0.0,2.4,-3.9279,3.2024,1.3944,28000000000.0,22,1.7234324189985273e-08,7.465505547088469e-08,5.742073128089942e-08,3.315523855462743e-08,-74.79447842956749,-44.79447842956749,cir_coefficients_tau_mask,,"[1, 1, 1, 1, 22, 1]","[1, 1, 22]","[1, 1, 22]","[1, 1, 22]",,True,,22,5.742073128089942e-08,-44.79447796420398,0,0.0,-4.653635130580369e-07,0,0,0,0,0,0,0,0,5.166719997251642,4079,6665,7613,0.034735572951969794,0.04200954693759242,0.04411237050763722,6529,0,0.33325
132,33922,rx_x500_body,/home/telilab4090/Documents/Gazebo World/my_world/rt_out/experiments/semantic_ablation_actor_200f/sionna_xml/frame_132_sionna.xml,30.0,0.0,0.0,2.4,-3.9279,3.2024,1.3944,28000000000.0,23,1.7234324189985273e-08,7.465505547088469e-08,5.742073128089942e-08,3.372388590605624e-08,-74.72062388664037,-44.72062388664037,cir_coefficients_tau_mask,,"[1, 1, 1, 1, 23, 1]","[1, 1, 23]","[1, 1, 23]","[1, 1, 23]",,True,,22,5.742073128089942e-08,-44.79447842956749,1,0.0,0.07385454292712268,1,0,0,0,0,0,0,0,5.166719997251642,3956,6606,6891,0.03451909105938538,0.04233871304444749,0.04422302186635828,6448,0,0.3303
133,34179,rx_x500_body,/home/telilab4090/Documents/Gazebo World/my_world/rt_out/experiments/semantic_ablation_actor_200f/sionna_xml/frame_133_sionna.xml,30.0,0.0,0.0,2.4,-3.9279,3.2024,1.3944,28000000000.0,23,1.7234324189985273e-08,7.465505547088469e-08,5.742073128089942e-08,3.372388945876992e-08,-74.72062342912375,-44.72062342912375,cir_coefficients_tau_mask,,"[1, 1, 1, 1, 23, 1]","[1, 1, 23]","[1, 1, 23]","[1, 1, 23]",,True,,23,5.742073128089942e-08,-44.72062388664037,0,0.0,4.5751662014481553e-07,0,0,0,0,0,0,0,0,5.166719997251642,4065,6662,6945,0.03474356352121823,0.04239135839194459,0.044240745805686946,6523,0,0.3331
134,34436,rx_x500_body,/home/telilab4090/Documents/Gazebo World/my_world/rt_out/experiments/semantic_ablation_actor_200f/sionna_xml/frame_134_sionna.xml,30.0,0.0,0.0,2.4,-3.9279,3.2024,1.3944,28000000000.0,23,1.7234324189985273e-08,7.465505547088469e-08,5.742073128089942e-08,3.372388945876992e-08,-74.72062342912375,-44.72062342912375,cir_coefficients_tau_mask,,"[1, 1, 1, 1, 23, 1]","[1, 1, 23]","[1, 1, 23]","[1, 1, 23]",,True,,23,5.742073128089942e-08,-44.72062342912375,0,0.0,0.0,0,0,0,0,0,0,0,0,5.166719997251642,4011,6709,7418,0.03451909105938538,0.0418656313781368,0.044045414788499916,6574,0,0.33545
135,34693,rx_x500_body,/home/telilab4090/Documents/Gazebo World/my_world/rt_out/experiments/semantic_ablation_actor_200f/sionna_xml/frame_135_sionna.xml,30.0,0.0,0.0,2.4,-3.9279,3.2024,1.3944,28000000000.0,23,1.7234324189985273e-08,7.465505547088469e-08,5.742073128089942e-08,3.372388945876992e-08,-74.72062342912375,-44.72062342912375,cir_coefficients_tau_mask,,"[1, 1, 1, 1, 23, 1]","[1, 1, 23]","[1, 1, 23]","[1, 1, 23]",,True,,23,5.742073128089942e-08,-44.72062342912375,0,0.0,0.0,0,0,0,0,0,0,0,0,5.166719997251642,4003,6644,7053,0.03454244322623389,0.04187579115213528,0.04407357868382789,6519,0,0.3322
136,34950,rx_x500_body,/home/telilab4090/Documents/Gazebo World/my_world/rt_out/experiments/semantic_ablation_actor_200f/sionna_xml/frame_136_sionna.xml,30.0,0.0,0.0,2.4,-3.9279,3.2024,1.3944,28000000000.0,23,1.7234324189985273e-08,7.465505547088469e-08,5.742073128089942e-08,3.372388945876992e-08,-74.72062342912375,-44.72062342912375,cir_coefficients_tau_mask,,"[1, 1, 1, 1, 23, 1]","[1, 1, 23]","[1, 1, 23]","[1, 1, 23]",,True,,23,5.742073128089942e-08,-44.72062342912375,0,0.0,0.0,0,0,0,0,0,0,0,0,5.166719997251642,4057,6679,7088,0.0348672188094531,0.042333343927801984,0.04413438868698187,6564,0,0.33395
137,35207,rx_x500_body,/home/telilab4090/Documents/Gazebo World/my_world/rt_out/experiments/semantic_ablation_actor_200f/sionna_xml/frame_137_sionna.xml,30.0,0.0,0.0,2.4,-3.9279,3.2024,1.3944,28000000000.0,23,1.7234324189985273e-08,7.465505547088469e-08,5.742073128089942e-08,3.372388945876992e-08,-74.72062342912375,-44.72062342912375,cir_coefficients_tau_mask,,"[1, 1, 1, 1, 23, 1]","[1, 1, 23]","[1, 1, 23]","[1, 1, 23]",,True,,23,5.742073128089942e-08,-44.72062342912375,0,0.0,0.0,0,0,0,0,0,0,0,0,5.166719997251642,3976,6651,7071,0.0348672188094531,0.041377400996432,0.04377377519945889,6529,0,0.33255
138,35464,rx_x500_body,/home/telilab4090/Documents/Gazebo World/my_world/rt_out/experiments/semantic_ablation_actor_200f/sionna_xml/frame_138_sionna.xml,30.0,0.0,0.0,2.4,-3.9279,3.2024,1.3944,28000000000.0,22,1.7234324189985273e-08,7.465505547088469e-08,5.742073128089942e-08,3.3687346245869776e-08,-74.72533199650195,-44.72533199650195,cir_coefficients_tau_mask,,"[1, 1, 1, 1, 22, 1]","[1, 1, 22]","[1, 1, 22]","[1, 1, 22]",,True,,23,5.742073128089942e-08,-44.72062342912375,-1,0.0,-0.004708567378202133,1,1,0,0,0,0,0,0,5.166719997251642,3980,6650,6683,0.03488409142938189,0.041477414486084344,0.0438415938102867,6533,0,0.3325
139,35721,rx_x500_body,/home/telilab4090/Documents/Gazebo World/my_world/rt_out/experiments/semantic_ablation_actor_200f/sionna_xml/frame_139_sionna.xml,30.0,0.0,0.0,2.4,-3.9279,3.2024,1.3944,28000000000.0,21,1.7234324189985273e-08,7.465505547088469e-08,5.742073128089942e-08,3.314046637115098e-08,-74.79641384239186,-44.79641384239186,cir_coefficients_tau_mask,,"[1, 1, 1, 1, 21, 1]","[1, 1, 21]","[1, 1, 21]","[1, 1, 21]",,True,,22,5.742073128089942e-08,-44.72533199650195,-1,0.0,-0.07108184588990696,1,1,0,0,0,0,0,0,5.166719997251642,4052,6553,6668,0.034455735952779454,0.0420497365639152,0.0443083144507858,6503,0,0.32765
140,35978,rx_x500_body,/home/telilab4090/Documents/Gazebo World/my_world/rt_out/experiments/semantic_ablation_actor_200f/sionna_xml/frame_140_sionna.xml,30.0,0.0,0.0,2.4,-3.9279,3.2024,1.3944,28000000000.0,22,1.7234324189985273e-08,7.465505547088469e-08,5.742073128089942e-08,3.3709120828007144e-08,-74.72252574222553,-44.72252574222553,cir_coefficients_tau_mask,,"[1, 1, 1, 1, 22, 1]","[1, 1, 22]","[1, 1, 22]","[1, 1, 22]",,True,,21,5.742073128089942e-08,-44.79641384239186,1,0.0,0.07388810016632874,1,0,0,0,0,0,0,0,5.166719997251642,4019,6484,6643,0.0348672188094531,0.0425202387186678,0.04421671441997363,6483,0,0.3242
141,36235,rx_x500_body,/home/telilab4090/Documents/Gazebo World/my_world/rt_out/experiments/semantic_ablation_actor_200f/sionna_xml/frame_141_sionna.xml,30.0,0.0,0.0,2.4,-3.9279,3.2024,1.3944,28000000000.0,23,1.7234324189985273e-08,7.465505547088469e-08,5.742073128089942e-08,3.372388945876992e-08,-74.72062342912375,-44.72062342912375,cir_coefficients_tau_mask,,"[1, 1, 1, 1, 23, 1]","[1, 1, 23]","[1, 1, 23]","[1, 1, 23]",,True,,22,5.742073128089942e-08,-44.72252574222553,1,0.0,0.0019023131017803507,1,0,0,0,0,0,0,0,5.166719997251642,4111,6581,7362,0.03524798956450171,0.04082135387125789,0.043612258015345955,6581,0,0.32905
142,36492,rx_x500_body,/home/telilab4090/Documents/Gazebo World/my_world/rt_out/experiments/semantic_ablation_actor_200f/sionna_xml/frame_142_sionna.xml,30.0,0.0,0.0,2.4,-3.9279,3.2024,1.3944,28000000000.0,23,1.7234324189985273e-08,7.465505547088469e-08,5.742073128089942e-08,3.3723893011483597e-08,-74.72062297160716,-44.720622971607156,cir_coefficients_tau_mask,,"[1, 1, 1, 1, 23, 1]","[1, 1, 23]","[1, 1, 23]","[1, 1, 23]",,True,,23,5.742073128089942e-08,-44.72062342912375,0,0.0,4.575165917231061e-07,0,0,0,0,0,0,0,0,5.166719997251642,4046,6520,6645,0.03474172771733799,0.04150908070760622,0.04395712984098839,6520,0,0.326
143,36749,rx_x500_body,/home/telilab4090/Documents/Gazebo World/my_world/rt_out/experiments/semantic_ablation_actor_200f/sionna_xml/frame_143_sionna.xml,30.0,0.0,0.0,2.4,-3.9279,3.2024,1.3944,28000000000.0,23,1.7234324189985273e-08,7.465505547088469e-08,5.742073128089942e-08,3.3723893011483597e-08,-74.72062297160716,-44.720622971607156,cir_coefficients_tau_mask,,"[1, 1, 1, 1, 23, 1]","[1, 1, 23]","[1, 1, 23]","[1, 1, 23]",,True,,23,5.742073128089942e-08,-44.720622971607156,0,0.0,0.0,0,0,0,0,0,0,0,0,5.166719997251642,4037,6495,6532,0.03524798956450171,0.04127388492264521,0.04376316835078898,6495,0,0.32475
144,37006,rx_x500_body,/home/telilab4090/Documents/Gazebo World/my_world/rt_out/experiments/semantic_ablation_actor_200f/sionna_xml/frame_144_sionna.xml,30.0,0.0,0.0,2.4,-3.9279,3.2024,1.3944,28000000000.0,23,1.7234324189985273e-08,7.465505547088469e-08,5.742073128089942e-08,3.3723893011483597e-08,-74.72062297160716,-44.720622971607156,cir_coefficients_tau_mask,,"[1, 1, 1, 1, 23, 1]","[1, 1, 23]","[1, 1, 23]","[1, 1, 23]",,True,,23,5.742073128089942e-08,-44.720622971607156,0,0.0,0.0,0,0,0,0,0,0,0,0,5.166719997251642,4152,6621,6626,0.034455735952779454,0.042484565833135916,0.0443889424746679,6620,0,0.33105
145,37263,rx_x500_body,/home/telilab4090/Documents/Gazebo World/my_world/rt_out/experiments/semantic_ablation_actor_200f/sionna_xml/frame_145_sionna.xml,30.0,0.0,0.0,2.4,-3.9279,3.2024,1.3944,28000000000.0,23,1.7234324189985273e-08,7.465505547088469e-08,5.742073128089942e-08,3.3723893011483597e-08,-74.72062297160716,-44.720622971607156,cir_coefficients_tau_mask,,"[1, 1, 1, 1, 23, 1]","[1, 1, 23]","[1, 1, 23]","[1, 1, 23]",,True,,23,5.742073128089942e-08,-44.720622971607156,0,0.0,0.0,0,0,0,0,0,0,0,0,5.166719997251642,3981,6436,6769,0.03494755382099156,0.04189939322768807,0.04368627159575,6436,0,0.3218
146,37520,rx_x500_body,/home/telilab4090/Documents/Gazebo World/my_world/rt_out/experiments/semantic_ablation_actor_200f/sionna_xml/frame_146_sionna.xml,30.0,0.0,0.0,2.4,-3.9279,3.2024,1.3944,28000000000.0,23,1.7234324189985273e-08,7.465505547088469e-08,5.742073128089942e-08,3.372388945876992e-08,-74.72062342912375,-44.72062342912375,cir_coefficients_tau_mask,,"[1, 1, 1, 1, 23, 1]","[1, 1, 23]","[1, 1, 23]","[1, 1, 23]",,True,,23,5.742073128089942e-08,-44.720622971607156,0,0.0,-4.575165917231061e-07,0,0,0,0,0,0,0,0,5.166719997251642,4043,6440,6818,0.03451909105938538,0.04230834834815533,0.04431984381464638,6440,0,0.322
147,37777,rx_x500_body,/home/telilab4090/Documents/Gazebo World/my_world/rt_out/experiments/semantic_ablation_actor_200f/sionna_xml/frame_147_sionna.xml,30.0,0.0,0.0,2.4,-3.9279,3.2024,1.3944,28000000000.0,23,1.7234324189985273e-08,7.465505547088469e-08,5.742073128089942e-08,3.372388945876992e-08,-74.72062342912375,-44.72062342912375,cir_coefficients_tau_mask,,"[1, 1, 1, 1, 23, 1]","[1, 1, 23]","[1, 1, 23]","[1, 1, 23]",,True,,23,5.742073128089942e-08,-44.72062342912375,0,0.0,0.0,0,0,0,0,0,0,0,0,5.166719997251642,4120,6611,7031,0.03494755382099156,0.041800529032450864,0.043875707277986,6611,0,0.33055
148,38034,rx_x500_body,/home/telilab4090/Documents/Gazebo World/my_world/rt_out/experiments/semantic_ablation_actor_200f/sionna_xml/frame_148_sionna.xml,30.0,0.0,0.0,2.4,-3.9279,3.2024,1.3944,28000000000.0,23,1.7234324189985273e-08,7.465505547088469e-08,5.742073128089942e-08,3.372388590605624e-08,-74.72062388664037,-44.72062388664037,cir_coefficients_tau_mask,,"[1, 1, 1, 1, 23, 1]","[1, 1, 23]","[1, 1, 23]","[1, 1, 23]",,True,,23,5.742073128089942e-08,-44.72062342912375,0,0.0,-4.5751662014481553e-07,0,0,0,0,0,0,0,0,5.166719997251642,4067,6593,6949,0.035541458271059395,0.04232424458881775,0.044217575279822195,6593,0,0.32965
149,38291,rx_x500_body,/home/telilab4090/Documents/Gazebo World/my_world/rt_out/experiments/semantic_ablation_actor_200f/sionna_xml/frame_149_sionna.xml,30.0,0.0,0.0,2.4,-3.9279,3.2024,1.3944,28000000000.0,23,1.7234324189985273e-08,7.465505547088469e-08,5.742073128089942e-08,3.3723893011483597e-08,-74.72062297160716,-44.720622971607156,cir_coefficients_tau_mask,,"[1, 1, 1, 1, 23, 1]","[1, 1, 23]","[1, 1, 23]","[1, 1, 23]",,True,,23,5.742073128089942e-08,-44.72062388664037,0,0.0,9.150332118679216e-07,0,0,0,0,0,0,0,0,5.166719997251642,4097,6536,6893,0.034455735952779454,0.04013705768042434,0.043156895171829995,6536,0,0.3268
150,38548,rx_x500_body,/home/telilab4090/Documents/Gazebo World/my_world/rt_out/experiments/semantic_ablation_actor_200f/sionna_xml/frame_150_sionna.xml,30.0,0.0,0.0,2.4,-3.9279,3.2024,1.3944,28000000000.0,23,1.7234324189985273e-08,7.465505547088469e-08,5.742073128089942e-08,3.372388945876992e-08,-74.72062342912375,-44.72062342912375,cir_coefficients_tau_mask,,"[1, 1, 1, 1, 23, 1]","[1, 1, 23]","[1, 1, 23]","[1, 1, 23]",,True,,23,5.742073128089942e-08,-44.720622971607156,0,0.0,-4.575165917231061e-07,0,0,0,0,0,0,0,0,5.166719997251642,4028,6394,6805,0.0348672188094531,0.04150127579876307,0.043910225193325235,6393,0,0.3197
151,38805,rx_x500_body,/home/telilab4090/Documents/Gazebo World/my_world/rt_out/experiments/semantic_ablation_actor_200f/sionna_xml/frame_151_sionna.xml,30.0,0.0,0.0,2.4,-3.9279,3.2024,1.3944,28000000000.0,23,1.7234324189985273e-08,7.465505547088469e-08,5.742073128089942e-08,3.3723893011483597e-08,-74.72062297160716,-44.720622971607156,cir_coefficients_tau_mask,,"[1, 1, 1, 1, 23, 1]","[1, 1, 23]","[1, 1, 23]","[1, 1, 23]",,True,,23,5.742073128089942e-08,-44.72062342912375,0,0.0,4.575165917231061e-07,0,0,0,0,0,0,0,0,5.166719997251642,3999,6503,6943,0.03617884708311603,0.04275241787603609,0.044358444136807264,6503,0,0.32515
152,39062,rx_x500_body,/home/telilab4090/Documents/Gazebo World/my_world/rt_out/experiments/semantic_ablation_actor_200f/sionna_xml/frame_152_sionna.xml,30.0,0.0,0.0,2.4,-3.9279,3.2024,1.3944,28000000000.0,23,1.7234324189985273e-08,7.465505547088469e-08,5.742073128089942e-08,3.3723893011483597e-08,-74.72062297160716,-44.720622971607156,cir_coefficients_tau_mask,,"[1, 1, 1, 1, 23, 1]","[1, 1, 23]","[1, 1, 23]","[1, 1, 23]",,True,,23,5.742073128089942e-08,-44.720622971607156,0,0.0,0.0,0,0,0,0,0,0,0,0,5.166719997251642,4110,6563,7165,0.03461625178964631,0.04148651563860019,0.04384838949351859,6563,0,0.32815
153,39319,rx_x500_body,/home/telilab4090/Documents/Gazebo World/my_world/rt_out/experiments/semantic_ablation_actor_200f/sionna_xml/frame_153_sionna.xml,30.0,0.0,0.0,2.4,-3.9279,3.2024,1.3944,28000000000.0,23,1.7234324189985273e-08,7.465505547088469e-08,5.742073128089942e-08,3.372388945876992e-08,-74.72062342912375,-44.72062342912375,cir_coefficients_tau_mask,,"[1, 1, 1, 1, 23, 1]","[1, 1, 23]","[1, 1, 23]","[1, 1, 23]",,True,,23,5.742073128089942e-08,-44.720622971607156,0,0.0,-4.575165917231061e-07,0,0,0,0,0,0,0,0,5.166719997251642,4054,6525,7153,0.03456127174719209,0.041979203540633545,0.044133303684097555,6525,0,0.32625
154,39576,rx_x500_body,/home/telilab4090/Documents/Gazebo World/my_world/rt_out/experiments/semantic_ablation_actor_200f/sionna_xml/frame_154_sionna.xml,30.0,0.0,0.0,2.4,-3.9279,3.2024,1.3944,28000000000.0,23,1.7234324189985273e-08,7.465505547088469e-08,5.742073128089942e-08,3.3723893011483597e-08,-74.72062297160716,-44.720622971607156,cir_coefficients_tau_mask,,"[1, 1, 1, 1, 23, 1]","[1, 1, 23]","[1, 1, 23]","[1, 1, 23]",,True,,23,5.742073128089942e-08,-44.72062342912375,0,0.0,4.575165917231061e-07,0,0,0,0,0,0,0,0,5.166719997251642,4033,6477,7041,0.034784971687636744,0.04253529644025274,0.044275330392318776,6477,0,0.32385
155,39833,rx_x500_body,/home/telilab4090/Documents/Gazebo World/my_world/rt_out/experiments/semantic_ablation_actor_200f/sionna_xml/frame_155_sionna.xml,30.0,0.0,0.0,2.4,-3.9279,3.2024,1.3944,28000000000.0,22,1.7234324189985273e-08,7.465505547088469e-08,5.742073128089942e-08,3.3714570690790424e-08,-74.72182366101765,-44.72182366101765,cir_coefficients_tau_mask,,"[1, 1, 1, 1, 22, 1]","[1, 1, 22]","[1, 1, 22]","[1, 1, 22]",,True,,23,5.742073128089942e-08,-44.720622971607156,-1,0.0,-0.00120068941049567,1,1,0,0,0,0,0,0,5.166719997251642,4043,6539,7209,0.03451909105938538,0.040690482138464504,0.043432628977084616,6539,0,0.32695
156,40090,rx_x500_body,/home/telilab4090/Documents/Gazebo World/my_world/rt_out/experiments/semantic_ablation_actor_200f/sionna_xml/frame_156_sionna.xml,30.0,0.0,0.0,2.4,-3.9279,3.2024,1.3944,28000000000.0,22,1.7234324189985273e-08,7.465505547088469e-08,5.742073128089942e-08,3.3714567138076745e-08,-74.72182411866075,-44.72182411866075,cir_coefficients_tau_mask,,"[1, 1, 1, 1, 22, 1]","[1, 1, 22]","[1, 1, 22]","[1, 1, 22]",,True,,22,5.742073128089942e-08,-44.72182366101765,0,0.0,-4.5764309675178083e-07,0,0,0,0,0,0,0,0,5.166719997251642,4035,6565,7151,0.03480599325230913,0.04099895605889516,0.043535221894376905,6565,0,0.32825
157,40347,rx_x500_body,/home/telilab4090/Documents/Gazebo World/my_world/rt_out/experiments/semantic_ablation_actor_200f/sionna_xml/frame_157_sionna.xml,30.0,0.0,0.0,2.4,-3.9279,3.2024,1.3944,28000000000.0,22,1.7234324189985273e-08,7.465505547088469e-08,5.742073128089942e-08,3.37145742435041e-08,-74.72182320337461,-44.72182320337461,cir_coefficients_tau_mask,,"[1, 1, 1, 1, 22, 1]","[1, 1, 22]","[1, 1, 22]","[1, 1, 22]",,True,,22,5.742073128089942e-08,-44.72182411866075,0,0.0,9.152861366601428e-07,0,0,0,0,0,0,0,0,5.166719997251642,4055,6539,7429,0.034455735952779454,0.04279863116901519,0.04451199722301975,6539,0,0.32695
158,40604,rx_x500_body,/home/telilab4090/Documents/Gazebo World/my_world/rt_out/experiments/semantic_ablation_actor_200f/sionna_xml/frame_158_sionna.xml,30.0,0.0,0.0,2.4,-3.9279,3.2024,1.3944,28000000000.0,23,1.7234324189985273e-08,7.465505547088469e-08,5.742073128089942e-08,3.3723893011483597e-08,-74.72062297160716,-44.720622971607156,cir_coefficients_tau_mask,,"[1, 1, 1, 1, 23, 1]","[1, 1, 23]","[1, 1, 23]","[1, 1, 23]",,True,,22,5.742073128089942e-08,-44.72182320337461,1,0.0,0.0012002317674557617,1,0,0,0,0,0,0,0,5.166719997251642,4021,6495,7671,0.03513092655394849,0.04179878484553064,0.04400969137500085,6495,0,0.32475
159,40861,rx_x500_body,/home/telilab4090/Documents/Gazebo World/my_world/rt_out/experiments/semantic_ablation_actor_200f/sionna_xml/frame_159_sionna.xml,30.0,0.0,0.0,2.4,-3.9279,3.2024,1.3944,28000000000.0,23,1.7234324189985273e-08,7.465505547088469e-08,5.742073128089942e-08,3.3723893011483597e-08,-74.72062297160716,-44.720622971607156,cir_coefficients_tau_mask,,"[1, 1, 1, 1, 23, 1]","[1, 1, 23]","[1, 1, 23]","[1, 1, 23]",,True,,23,5.742073128089942e-08,-44.720622971607156,0,0.0,0.0,0,0,0,0,0,0,0,0,5.166719997251642,4131,6637,7725,0.03451909105938538,0.039287812991029944,0.04289120033722974,6637,0,0.33185
160,41118,rx_x500_body,/home/telilab4090/Documents/Gazebo World/my_world/rt_out/experiments/semantic_ablation_actor_200f/sionna_xml/frame_160_sionna.xml,30.0,0.0,0.0,2.4,-3.9279,3.2024,1.3944,28000000000.0,23,1.7234324189985273e-08,7.465505547088469e-08,5.742073128089942e-08,3.372388945876992e-08,-74.72062342912375,-44.72062342912375,cir_coefficients_tau_mask,,"[1, 1, 1, 1, 23, 1]","[1, 1, 23]","[1, 1, 23]","[1, 1, 23]",,True,,23,5.742073128089942e-08,-44.720622971607156,0,0.0,-4.575165917231061e-07,0,0,0,0,0,0,0,0,5.166719997251642,4005,6518,7612,0.035456505659198584,0.04270024907018316,0.04451368452881871,6518,0,0.3259
161,41375,rx_x500_body,/home/telilab4090/Documents/Gazebo World/my_world/rt_out/experiments/semantic_ablation_actor_200f/sionna_xml/frame_161_sionna.xml,30.0,0.0,0.0,2.4,-3.9279,3.2024,1.3944,28000000000.0,23,1.7234324189985273e-08,7.465505547088469e-08,5.742073128089942e-08,3.372388590605624e-08,-74.72062388664037,-44.72062388664037,cir_coefficients_tau_mask,,"[1, 1, 1, 1, 23, 1]","[1, 1, 23]","[1, 1, 23]","[1, 1, 23]",,True,,23,5.742073128089942e-08,-44.72062342912375,0,0.0,-4.5751662014481553e-07,0,0,0,0,0,0,0,0,5.166719997251642,4100,6610,7799,0.03528133468184201,0.04152176794063409,0.04381589528905736,6610,0,0.3305
162,41632,rx_x500_body,/home/telilab4090/Documents/Gazebo World/my_world/rt_out/experiments/semantic_ablation_actor_200f/sionna_xml/frame_162_sionna.xml,30.0,0.0,0.0,2.4,-3.9279,3.2024,1.3944,28000000000.0,23,1.7234324189985273e-08,7.465505547088469e-08,5.742073128089942e-08,3.372388945876992e-08,-74.72062342912375,-44.72062342912375,cir_coefficients_tau_mask,,"[1, 1, 1, 1, 23, 1]","[1, 1, 23]","[1, 1, 23]","[1, 1, 23]",,True,,23,5.742073128089942e-08,-44.72062388664037,0,0.0,4.5751662014481553e-07,0,0,0,0,0,0,0,0,5.166719997251642,4033,6477,7676,0.034784971687636744,0.042311886867241265,0.044170988660228706,6477,0,0.32385
163,41889,rx_x500_body,/home/telilab4090/Documents/Gazebo World/my_world/rt_out/experiments/semantic_ablation_actor_200f/sionna_xml/frame_163_sionna.xml,30.0,0.0,0.0,2.4,-3.9279,3.2024,1.3944,28000000000.0,23,1.7234324189985273e-08,7.465505547088469e-08,5.742073128089942e-08,3.3723893011483597e-08,-74.72062297160716,-44.720622971607156,cir_coefficients_tau_mask,,"[1, 1, 1, 1, 23, 1]","[1, 1, 23]","[1, 1, 23]","[1, 1, 23]",,True,,23,5.742073128089942e-08,-44.72062342912375,0,0.0,4.575165917231061e-07,0,0,0,0,0,0,0,0,5.166719997251642,4057,6579,8130,0.03498597899390818,0.04265131927111782,0.04439322632870401,6578,0,0.32895
164,42146,rx_x500_body,/home/telilab4090/Documents/Gazebo World/my_world/rt_out/experiments/semantic_ablation_actor_200f/sionna_xml/frame_164_sionna.xml,30.0,0.0,0.0,2.4,-3.9279,3.2024,1.3944,28000000000.0,23,1.7234324189985273e-08,7.465505547088469e-08,5.742073128089942e-08,3.372388945876992e-08,-74.72062342912375,-44.72062342912375,cir_coefficients_tau_mask,,"[1, 1, 1, 1, 23, 1]","[1, 1, 23]","[1, 1, 23]","[1, 1, 23]",,True,,23,5.742073128089942e-08,-44.720622971607156,0,0.0,-4.575165917231061e-07,0,0,0,0,0,0,0,0,5.166719997251642,4050,6557,8045,0.03480599325230913,0.04260187376582817,0.044286504600628954,6557,0,0.32785
165,42403,rx_x500_body,/home/telilab4090/Documents/Gazebo World/my_world/rt_out/experiments/semantic_ablation_actor_200f/sionna_xml/frame_165_sionna.xml,30.0,0.0,0.0,2.4,-3.9279,3.2024,1.3944,28000000000.0,23,1.7234324189985273e-08,7.465505547088469e-08,5.742073128089942e-08,3.372388945876992e-08,-74.72062342912375,-44.72062342912375,cir_coefficients_tau_mask,,"[1, 1, 1, 1, 23, 1]","[1, 1, 23]","[1, 1, 23]","[1, 1, 23]",,True,,23,5.742073128089942e-08,-44.72062342912375,0,0.0,0.0,0,0,0,0,0,0,0,0,5.166719997251642,4005,6461,8010,0.03538506471330203,0.042297499075304,0.044240156356789545,6460,0,0.32305
166,42659,rx_x500_body,/home/telilab4090/Documents/Gazebo World/my_world/rt_out/experiments/semantic_ablation_actor_200f/sionna_xml/frame_166_sionna.xml,30.0,0.0,0.0,2.4,-3.9279,3.2024,1.3944,28000000000.0,23,1.7234324189985273e-08,7.465505547088469e-08,5.742073128089942e-08,3.372388945876992e-08,-74.72062342912375,-44.72062342912375,cir_coefficients_tau_mask,,"[1, 1, 1, 1, 23, 1]","[1, 1, 23]","[1, 1, 23]","[1, 1, 23]",,True,,23,5.742073128089942e-08,-44.72062342912375,0,0.0,0.0,0,0,0,0,0,0,0,0,5.166719997251642,3894,6369,7934,0.03474172771733799,0.04178092150077086,0.04395682623576494,6369,0,0.31845
167,42916,rx_x500_body,/home/telilab4090/Documents/Gazebo World/my_world/rt_out/experiments/semantic_ablation_actor_200f/sionna_xml/frame_167_sionna.xml,30.0,0.0,0.0,2.4,-3.9279,3.2024,1.3944,28000000000.0,23,1.7234324189985273e-08,7.465505547088469e-08,5.742073128089942e-08,3.372388945876992e-08,-74.72062342912375,-44.72062342912375,cir_coefficients_tau_mask,,"[1, 1, 1, 1, 23, 1]","[1, 1, 23]","[1, 1, 23]","[1, 1, 23]",,True,,23,5.742073128089942e-08,-44.72062342912375,0,0.0,0.0,0,0,0,0,0,0,0,0,5.166719997251642,3906,6409,7967,0.03496862826551242,0.04174241664550526,0.043906522782753525,6409,0,0.32045
168,43173,rx_x500_body,/home/telilab4090/Documents/Gazebo World/my_world/rt_out/experiments/semantic_ablation_actor_200f/sionna_xml/frame_168_sionna.xml,30.0,0.0,0.0,2.4,-3.9279,3.2024,1.3944,28000000000.0,23,1.7234324189985273e-08,7.465505547088469e-08,5.742073128089942e-08,3.372388945876992e-08,-74.72062342912375,-44.72062342912375,cir_coefficients_tau_mask,,"[1, 1, 1, 1, 23, 1]","[1, 1, 23]","[1, 1, 23]","[1, 1, 23]",,True,,23,5.742073128089942e-08,-44.72062342912375,0,0.0,0.0,0,0,0,0,0,0,0,0,5.166719997251642,3986,6492,8044,0.03451909105938538,0.04138561229815167,0.043807488677684185,6492,0,0.3246
169,43430,rx_x500_body,/home/telilab4090/Documents/Gazebo World/my_world/rt_out/experiments/semantic_ablation_actor_200f/sionna_xml/frame_169_sionna.xml,30.0,0.0,0.0,2.4,-3.9279,3.2024,1.3944,28000000000.0,23,1.7234324189985273e-08,7.465505547088469e-08,5.742073128089942e-08,3.372388945876992e-08,-74.72062342912375,-44.72062342912375,cir_coefficients_tau_mask,,"[1, 1, 1, 1, 23, 1]","[1, 1, 23]","[1, 1, 23]","[1, 1, 23]",,True,,23,5.742073128089942e-08,-44.72062342912375,0,0.0,0.0,0,0,0,0,0,0,0,0,5.166719997251642,4048,6534,8136,0.03480599325230913,0.041369680392374236,0.043720274216144335,6534,0,0.3267
170,43687,rx_x500_body,/home/telilab4090/Documents/Gazebo World/my_world/rt_out/experiments/semantic_ablation_actor_200f/sionna_xml/frame_170_sionna.xml,30.0,0.0,0.0,2.4,-3.9279,3.2024,1.3944,28000000000.0,23,1.7234324189985273e-08,7.465505547088469e-08,5.742073128089942e-08,3.372388945876992e-08,-74.72062342912375,-44.72062342912375,cir_coefficients_tau_mask,,"[1, 1, 1, 1, 23, 1]","[1, 1, 23]","[1, 1, 23]","[1, 1, 23]",,True,,23,5.742073128089942e-08,-44.72062342912375,0,0.0,0.0,0,0,0,0,0,0,0,0,5.166719997251642,3952,6394,8006,0.03524798956450171,0.04292853599965641,0.044439531654580665,6394,0,0.3197
171,43944,rx_x500_body,/home/telilab4090/Documents/Gazebo World/my_world/rt_out/experiments/semantic_ablation_actor_200f/sionna_xml/frame_171_sionna.xml,30.0,0.0,0.0,2.4,-3.9279,3.2024,1.3944,28000000000.0,23,1.7234324189985273e-08,7.465505547088469e-08,5.742073128089942e-08,3.3723893011483597e-08,-74.72062297160716,-44.720622971607156,cir_coefficients_tau_mask,,"[1, 1, 1, 1, 23, 1]","[1, 1, 23]","[1, 1, 23]","[1, 1, 23]",,True,,23,5.742073128089942e-08,-44.72062342912375,0,0.0,4.575165917231061e-07,0,0,0,0,0,0,0,0,5.166719997251642,4071,6574,8135,0.03479142832520959,0.04181999622950376,0.04379499523580617,6574,0,0.3287
172,44201,rx_x500_body,/home/telilab4090/Documents/Gazebo World/my_world/rt_out/experiments/semantic_ablation_actor_200f/sionna_xml/frame_172_sionna.xml,30.0,0.0,0.0,2.4,-3.9279,3.2024,1.3944,28000000000.0,23,1.7234324189985273e-08,7.465505547088469e-08,5.742073128089942e-08,3.3723893011483597e-08,-74.72062297160716,-44.720622971607156,cir_coefficients_tau_mask,,"[1, 1, 1, 1, 23, 1]","[1, 1, 23]","[1, 1, 23]","[1, 1, 23]",,True,,23,5.742073128089942e-08,-44.720622971607156,0,0.0,0.0,0,0,0,0,0,0,0,0,5.166719997251642,3996,6477,7949,0.0348672188094531,0.04063046887714875,0.04346510513332115,6476,0,0.32385
173,44458,rx_x500_body,/home/telilab4090/Documents/Gazebo World/my_world/rt_out/experiments/semantic_ablation_actor_200f/sionna_xml/frame_173_sionna.xml,30.0,0.0,0.0,2.4,-3.9279,3.2024,1.3944,28000000000.0,23,1.7234324189985273e-08,7.465505547088469e-08,5.742073128089942e-08,3.3723893011483597e-08,-74.72062297160716,-44.720622971607156,cir_coefficients_tau_mask,,"[1, 1, 1, 1, 23, 1]","[1, 1, 23]","[1, 1, 23]","[1, 1, 23]",,True,,23,5.742073128089942e-08,-44.720622971607156,0,0.0,0.0,0,0,0,0,0,0,0,0,5.166719997251642,3988,6499,7990,0.03790117341315279,0.04290994695798548,0.044420205367641026,6499,0,0.32495
174,44715,rx_x500_body,/home/telilab4090/Documents/Gazebo World/my_world/rt_out/experiments/semantic_ablation_actor_200f/sionna_xml/frame_174_sionna.xml,30.0,0.0,0.0,2.4,-3.9279,3.2024,1.3944,28000000000.0,23,1.7234324189985273e-08,7.465505547088469e-08,5.742073128089942e-08,3.3723893011483597e-08,-74.72062297160716,-44.720622971607156,cir_coefficients_tau_mask,,"[1, 1, 1, 1, 23, 1]","[1, 1, 23]","[1, 1, 23]","[1, 1, 23]",,True,,23,5.742073128089942e-08,-44.720622971607156,0,0.0,0.0,0,0,0,0,0,0,0,0,5.166719997251642,4068,6484,8042,0.03520356437638952,0.04181917877132403,0.043839242851294126,6484,0,0.3242
175,44972,rx_x500_body,/home/telilab4090/Documents/Gazebo World/my_world/rt_out/experiments/semantic_ablation_actor_200f/sionna_xml/frame_175_sionna.xml,30.0,0.0,0.0,2.4,-3.9279,3.2024,1.3944,28000000000.0,23,1.7234324189985273e-08,7.465505547088469e-08,5.742073128089942e-08,3.372388945876992e-08,-74.72062342912375,-44.72062342912375,cir_coefficients_tau_mask,,"[1, 1, 1, 1, 23, 1]","[1, 1, 23]","[1, 1, 23]","[1, 1, 23]",,True,,23,5.742073128089942e-08,-44.720622971607156,0,0.0,-4.575165917231061e-07,0,0,0,0,0,0,0,0,5.166719997251642,3957,6429,8007,0.03554748559669015,0.04263584175492761,0.044440232762798855,6429,0,0.32145
176,45229,rx_x500_body,/home/telilab4090/Documents/Gazebo World/my_world/rt_out/experiments/semantic_ablation_actor_200f/sionna_xml/frame_176_sionna.xml,30.0,0.0,0.0,2.4,-3.9279,3.2024,1.3944,28000000000.0,23,1.7234324189985273e-08,7.465505547088469e-08,5.742073128089942e-08,3.3723893011483597e-08,-74.72062297160716,-44.720622971607156,cir_coefficients_tau_mask,,"[1, 1, 1, 1, 23, 1]","[1, 1, 23]","[1, 1, 23]","[1, 1, 23]",,True,,23,5.742073128089942e-08,-44.72062342912375,0,0.0,4.575165917231061e-07,0,0,0,0,0,0,0,0,5.166719997251642,4002,6540,8088,0.03474356352121823,0.04215194347479216,0.044200878779231186,6540,0,0.327
177,45486,rx_x500_body,/home/telilab4090/Documents/Gazebo World/my_world/rt_out/experiments/semantic_ablation_actor_200f/sionna_xml/frame_177_sionna.xml,30.0,0.0,0.0,2.4,-3.9279,3.2024,1.3944,28000000000.0,22,1.7234324189985273e-08,7.465505547088469e-08,5.742073128089942e-08,3.37145742435041e-08,-74.72182320337461,-44.72182320337461,cir_coefficients_tau_mask,,"[1, 1, 1, 1, 22, 1]","[1, 1, 22]","[1, 1, 22]","[1, 1, 22]",,True,,23,5.742073128089942e-08,-44.720622971607156,-1,0.0,-0.0012002317674557617,1,1,0,0,0,0,0,0,5.166719997251642,4022,6439,7922,0.03456127174719209,0.04239912350333318,0.04421162089610292,6439,0,0.32195
178,45743,rx_x500_body,/home/telilab4090/Documents/Gazebo World/my_world/rt_out/experiments/semantic_ablation_actor_200f/sionna_xml/frame_178_sionna.xml,30.0,0.0,0.0,2.4,-3.9279,3.2024,1.3944,28000000000.0,23,1.7234324189985273e-08,7.465505547088469e-08,5.742073128089942e-08,3.372388590605624e-08,-74.72062388664037,-44.72062388664037,cir_coefficients_tau_mask,,"[1, 1, 1, 1, 23, 1]","[1, 1, 23]","[1, 1, 23]","[1, 1, 23]",,True,,22,5.742073128089942e-08,-44.72182320337461,1,0.0,0.0011993167342438937,1,0,0,0,0,0,0,0,5.166719997251642,4043,6547,6990,0.03479142832520959,0.0415950886715477,0.043881319926691226,6547,0,0.32735
179,46000,rx_x500_body,/home/telilab4090/Documents/Gazebo World/my_world/rt_out/experiments/semantic_ablation_actor_200f/sionna_xml/frame_179_sionna.xml,30.0,0.0,0.0,2.4,-3.9279,3.2024,1.3944,28000000000.0,24,1.7234324189985273e-08,7.465505547088469e-08,5.742073128089942e-08,3.4250625446929917e-08,-74.65331493495052,-44.653314934950515,cir_coefficients_tau_mask,,"[1, 1, 1, 1, 24, 1]","[1, 1, 24]","[1, 1, 24]","[1, 1, 24]",,True,,23,5.742073128089942e-08,-44.72062388664037,1,0.0,0.06730895168985285,1,0,0,0,0,0,0,0,5.166719997251642,4001,6471,6785,0.03527795924964077,0.04164761487091341,0.04391669326557791,6470,0,0.32355
180,46257,rx_x500_body,/home/telilab4090/Documents/Gazebo World/my_world/rt_out/experiments/semantic_ablation_actor_200f/sionna_xml/frame_180_sionna.xml,30.0,0.0,0.0,2.4,-3.9279,3.2024,1.3944,28000000000.0,23,1.7234324189985273e-08,7.465505547088469e-08,5.742073128089942e-08,3.3723893011483597e-08,-74.72062297160716,-44.720622971607156,cir_coefficients_tau_mask,,"[1, 1, 1, 1, 23, 1]","[1, 1, 23]","[1, 1, 23]","[1, 1, 23]",,True,,24,5.742073128089942e-08,-44.653314934950515,-1,0.0,-0.06730803665664098,1,1,0,0,0,0,0,0,5.166719997251642,4103,6646,6958,0.03479142832520959,0.04124432933024956,0.04377081435083353,6646,0,0.3323
181,46514,rx_x500_body,/home/telilab4090/Documents/Gazebo World/my_world/rt_out/experiments/semantic_ablation_actor_200f/sionna_xml/frame_181_sionna.xml,30.0,0.0,0.0,2.4,-3.9279,3.2024,1.3944,28000000000.0,23,1.7234324189985273e-08,7.465505547088469e-08,5.742073128089942e-08,3.372388945876992e-08,-74.72062342912375,-44.72062342912375,cir_coefficients_tau_mask,,"[1, 1, 1, 1, 23, 1]","[1, 1, 23]","[1, 1, 23]","[1, 1, 23]",,True,,23,5.742073128089942e-08,-44.720622971607156,0,0.0,-4.575165917231061e-07,0,0,0,0,0,0,0,0,5.166719997251642,4048,6468,6802,0.03569833817316706,0.04229561026136028,0.04423040763683367,6468,0,0.3234
182,46771,rx_x500_body,/home/telilab4090/Documents/Gazebo World/my_world/rt_out/experiments/semantic_ablation_actor_200f/sionna_xml/frame_182_sionna.xml,30.0,0.0,0.0,2.4,-3.9279,3.2024,1.3944,28000000000.0,22,1.7234324189985273e-08,7.465505547088469e-08,5.742073128089942e-08,3.3714570690790424e-08,-74.72182366101765,-44.72182366101765,cir_coefficients_tau_mask,,"[1, 1, 1, 1, 22, 1]","[1, 1, 22]","[1, 1, 22]","[1, 1, 22]",,True,,23,5.742073128089942e-08,-44.72062342912375,-1,0.0,-0.001200231893903947,1,1,0,0,0,0,0,0,5.166719997251642,3943,6500,6833,0.03454244322623389,0.041616951182812265,0.043706280471056645,6500,0,0.325
183,47028,rx_x500_body,/home/telilab4090/Documents/Gazebo World/my_world/rt_out/experiments/semantic_ablation_actor_200f/sionna_xml/frame_183_sionna.xml,30.0,0.0,0.0,2.4,-3.9279,3.2024,1.3944,28000000000.0,23,1.7234324189985273e-08,7.465505547088469e-08,5.742073128089942e-08,3.372388945876992e-08,-74.72062342912375,-44.72062342912375,cir_coefficients_tau_mask,,"[1, 1, 1, 1, 23, 1]","[1, 1, 23]","[1, 1, 23]","[1, 1, 23]",,True,,22,5.742073128089942e-08,-44.72182366101765,1,0.0,0.001200231893903947,1,0,0,0,0,0,0,0,5.166719997251642,3928,6420,6757,0.03454377004058613,0.041525853945324535,0.043941560648488656,6420,0,0.321
184,47285,rx_x500_body,/home/telilab4090/Documents/Gazebo World/my_world/rt_out/experiments/semantic_ablation_actor_200f/sionna_xml/frame_184_sionna.xml,30.0,0.0,0.0,2.4,-3.9279,3.2024,1.3944,28000000000.0,23,1.7234324189985273e-08,7.465505547088469e-08,5.742073128089942e-08,3.372388945876992e-08,-74.72062342912375,-44.72062342912375,cir_coefficients_tau_mask,,"[1, 1, 1, 1, 23, 1]","[1, 1, 23]","[1, 1, 23]","[1, 1, 23]",,True,,23,5.742073128089942e-08,-44.72062342912375,0,0.0,0.0,0,0,0,0,0,0,0,0,5.166719997251642,4046,6544,6873,0.03454377004058613,0.041965460352943615,0.04397833832524028,6544,0,0.3272
185,47542,rx_x500_body,/home/telilab4090/Documents/Gazebo World/my_world/rt_out/experiments/semantic_ablation_actor_200f/sionna_xml/frame_185_sionna.xml,30.0,0.0,0.0,2.4,-3.9279,3.2024,1.3944,28000000000.0,23,1.7234324189985273e-08,7.465505547088469e-08,5.742073128089942e-08,3.372388590605624e-08,-74.72062388664037,-44.72062388664037,cir_coefficients_tau_mask,,"[1, 1, 1, 1, 23, 1]","[1, 1, 23]","[1, 1, 23]","[1, 1, 23]",,True,,23,5.742073128089942e-08,-44.72062342912375,0,0.0,-4.5751662014481553e-07,0,0,0,0,0,0,0,0,5.166719997251642,3961,6422,6730,0.034735572951969794,0.042508544194624645,0.044414865871532344,6422,0,0.3211
186,47799,rx_x500_body,/home/telilab4090/Documents/Gazebo World/my_world/rt_out/experiments/semantic_ablation_actor_200f/sionna_xml/frame_186_sionna.xml,30.0,0.0,0.0,2.4,-3.9279,3.2024,1.3944,28000000000.0,23,1.7234324189985273e-08,7.465505547088469e-08,5.742073128089942e-08,3.372388945876992e-08,-74.72062342912375,-44.72062342912375,cir_coefficients_tau_mask,,"[1, 1, 1, 1, 23, 1]","[1, 1, 23]","[1, 1, 23]","[1, 1, 23]",,True,,23,5.742073128089942e-08,-44.72062388664037,0,0.0,4.5751662014481553e-07,0,0,0,0,0,0,0,0,5.166719997251642,4020,6415,6746,0.035045048113695514,0.0418269197417565,0.04399215711439611,6414,0,0.32075
187,48056,rx_x500_body,/home/telilab4090/Documents/Gazebo World/my_world/rt_out/experiments/semantic_ablation_actor_200f/sionna_xml/frame_187_sionna.xml,30.0,0.0,0.0,2.4,-3.9279,3.2024,1.3944,28000000000.0,23,1.7234324189985273e-08,7.465505547088469e-08,5.742073128089942e-08,3.372388945876992e-08,-74.72062342912375,-44.72062342912375,cir_coefficients_tau_mask,,"[1, 1, 1, 1, 23, 1]","[1, 1, 23]","[1, 1, 23]","[1, 1, 23]",,True,,23,5.742073128089942e-08,-44.72062342912375,0,0.0,0.0,0,0,0,0,0,0,0,0,5.166719997251642,4003,6499,6800,0.03506703194023784,0.04151209041830538,0.043669099032454896,6499,0,0.32495
188,48313,rx_x500_body,/home/telilab4090/Documents/Gazebo World/my_world/rt_out/experiments/semantic_ablation_actor_200f/sionna_xml/frame_188_sionna.xml,30.0,0.0,0.0,2.4,-3.9279,3.2024,1.3944,28000000000.0,23,1.7234324189985273e-08,7.465505547088469e-08,5.742073128089942e-08,3.3723893011483597e-08,-74.72062297160716,-44.720622971607156,cir_coefficients_tau_mask,,"[1, 1, 1, 1, 23, 1]","[1, 1, 23]","[1, 1, 23]","[1, 1, 23]",,True,,23,5.742073128089942e-08,-44.72062342912375,0,0.0,4.575165917231061e-07,0,0,0,0,0,0,0,0,5.166719997251642,3976,6520,6820,0.03613172829115134,0.04272159705922172,0.044364105182065135,6519,0,0.326
189,48570,rx_x500_body,/home/telilab4090/Documents/Gazebo World/my_world/rt_out/experiments/semantic_ablation_actor_200f/sionna_xml/frame_189_sionna.xml,30.0,0.0,0.0,2.4,-3.9279,3.2024,1.3944,28000000000.0,23,1.7234324189985273e-08,7.465505547088469e-08,5.742073128089942e-08,3.3723893011483597e-08,-74.72062297160716,-44.720622971607156,cir_coefficients_tau_mask,,"[1, 1, 1, 1, 23, 1]","[1, 1, 23]","[1, 1, 23]","[1, 1, 23]",,True,,23,5.742073128089942e-08,-44.720622971607156,0,0.0,0.0,0,0,0,0,0,0,0,0,5.166719997251642,4113,6599,6926,0.03479142832520959,0.04053320989585889,0.04361999977255838,6599,0,0.32995
190,48827,rx_x500_body,/home/telilab4090/Documents/Gazebo World/my_world/rt_out/experiments/semantic_ablation_actor_200f/sionna_xml/frame_190_sionna.xml,30.0,0.0,0.0,2.4,-3.9279,3.2024,1.3944,28000000000.0,23,1.7234324189985273e-08,7.465505547088469e-08,5.742073128089942e-08,3.3723893011483597e-08,-74.72062297160716,-44.720622971607156,cir_coefficients_tau_mask,,"[1, 1, 1, 1, 23, 1]","[1, 1, 23]","[1, 1, 23]","[1, 1, 23]",,True,,23,5.742073128089942e-08,-44.720622971607156,0,0.0,0.0,0,0,0,0,0,0,0,0,5.166719997251642,4038,6504,6822,0.034455735952779454,0.04218232266665586,0.044180410348135274,6504,0,0.3252
191,49084,rx_x500_body,/home/telilab4090/Documents/Gazebo World/my_world/rt_out/experiments/semantic_ablation_actor_200f/sionna_xml/frame_191_sionna.xml,30.0,0.0,0.0,2.4,-3.9279,3.2024,1.3944,28000000000.0,23,1.7234324189985273e-08,7.465505547088469e-08,5.742073128089942e-08,3.372388590605624e-08,-74.72062388664037,-44.72062388664037,cir_coefficients_tau_mask,,"[1, 1, 1, 1, 23, 1]","[1, 1, 23]","[1, 1, 23]","[1, 1, 23]",,True,,23,5.742073128089942e-08,-44.720622971607156,0,0.0,-9.150332118679216e-07,0,0,0,0,0,0,0,0,5.166719997251642,3914,6365,6690,0.03538506471330203,0.042533724907887316,0.044214499594671546,6365,0,0.31825
192,49341,rx_x500_body,/home/telilab4090/Documents/Gazebo World/my_world/rt_out/experiments/semantic_ablation_actor_200f/sionna_xml/frame_192_sionna.xml,30.0,0.0,0.0,2.4,-3.9279,3.2024,1.3944,28000000000.0,23,1.7234324189985273e-08,7.465505547088469e-08,5.742073128089942e-08,3.372388945876992e-08,-74.72062342912375,-44.72062342912375,cir_coefficients_tau_mask,,"[1, 1, 1, 1, 23, 1]","[1, 1, 23]","[1, 1, 23]","[1, 1, 23]",,True,,23,5.742073128089942e-08,-44.72062388664037,0,0.0,4.5751662014481553e-07,0,0,0,0,0,0,0,0,5.166719997251642,4112,6599,6925,0.03524798956450171,0.04217631051384278,0.04428261336576984,6599,0,0.32995
193,49598,rx_x500_body,/home/telilab4090/Documents/Gazebo World/my_world/rt_out/experiments/semantic_ablation_actor_200f/sionna_xml/frame_193_sionna.xml,30.0,0.0,0.0,2.4,-3.9279,3.2024,1.3944,28000000000.0,23,1.7234324189985273e-08,7.465505547088469e-08,5.742073128089942e-08,3.372388590605624e-08,-74.72062388664037,-44.72062388664037,cir_coefficients_tau_mask,,"[1, 1, 1, 1, 23, 1]","[1, 1, 23]","[1, 1, 23]","[1, 1, 23]",,True,,23,5.742073128089942e-08,-44.72062342912375,0,0.0,-4.5751662014481553e-07,0,0,0,0,0,0,0,0,5.166719997251642,4003,6464,6808,0.03456127174719209,0.04168045269873477,0.043840788299510505,6464,0,0.3232
194,49855,rx_x500_body,/home/telilab4090/Documents/Gazebo World/my_world/rt_out/experiments/semantic_ablation_actor_200f/sionna_xml/frame_194_sionna.xml,30.0,0.0,0.0,2.4,-3.9279,3.2024,1.3944,28000000000.0,23,1.7234324189985273e-08,7.465505547088469e-08,5.742073128089942e-08,3.372388945876992e-08,-74.72062342912375,-44.72062342912375,cir_coefficients_tau_mask,,"[1, 1, 1, 1, 23, 1]","[1, 1, 23]","[1, 1, 23]","[1, 1, 23]",,True,,23,5.742073128089942e-08,-44.72062388664037,0,0.0,4.5751662014481553e-07,0,0,0,0,0,0,0,0,5.166719997251642,3894,6388,6712,0.039856076693973556,0.043660400925786956,0.04479999391000941,6388,0,0.3194
195,50112,rx_x500_body,/home/telilab4090/Documents/Gazebo World/my_world/rt_out/experiments/semantic_ablation_actor_200f/sionna_xml/frame_195_sionna.xml,30.0,0.0,0.0,2.4,-3.9279,3.2024,1.3944,28000000000.0,23,1.7234324189985273e-08,7.465505547088469e-08,5.742073128089942e-08,3.372388945876992e-08,-74.72062342912375,-44.72062342912375,cir_coefficients_tau_mask,,"[1, 1, 1, 1, 23, 1]","[1, 1, 23]","[1, 1, 23]","[1, 1, 23]",,True,,23,5.742073128089942e-08,-44.72062342912375,0,0.0,0.0,0,0,0,0,0,0,0,0,5.166719997251642,4024,6509,6837,0.035541458271059395,0.04300807260348627,0.04447498632923311,6509,0,0.32545
196,50369,rx_x500_body,/home/telilab4090/Documents/Gazebo World/my_world/rt_out/experiments/semantic_ablation_actor_200f/sionna_xml/frame_196_sionna.xml,30.0,0.0,0.0,2.4,-3.9279,3.2024,1.3944,28000000000.0,23,1.7234324189985273e-08,7.465505547088469e-08,5.742073128089942e-08,3.3723893011483597e-08,-74.72062297160716,-44.720622971607156,cir_coefficients_tau_mask,,"[1, 1, 1, 1, 23, 1]","[1, 1, 23]","[1, 1, 23]","[1, 1, 23]",,True,,23,5.742073128089942e-08,-44.72062342912375,0,0.0,4.575165917231061e-07,0,0,0,0,0,0,0,0,5.166719997251642,4037,6565,8057,0.034455735952779454,0.04027770943395213,0.043375443867580604,6565,0,0.32825
197,50626,rx_x500_body,/home/telilab4090/Documents/Gazebo World/my_world/rt_out/experiments/semantic_ablation_actor_200f/sionna_xml/frame_197_sionna.xml,30.0,0.0,0.0,2.4,-3.9279,3.2024,1.3944,28000000000.0,23,1.7234324189985273e-08,7.465505547088469e-08,5.742073128089942e-08,3.3723893011483597e-08,-74.72062297160716,-44.720622971607156,cir_coefficients_tau_mask,,"[1, 1, 1, 1, 23, 1]","[1, 1, 23]","[1, 1, 23]","[1, 1, 23]",,True,,23,5.742073128089942e-08,-44.720622971607156,0,0.0,0.0,0,0,0,0,0,0,0,0,5.166719997251642,3995,6560,7408,0.03474356352121823,0.04302482886040172,0.044523341804358865,6560,0,0.328
198,50883,rx_x500_body,/home/telilab4090/Documents/Gazebo World/my_world/rt_out/experiments/semantic_ablation_actor_200f/sionna_xml/frame_198_sionna.xml,30.0,0.0,0.0,2.4,-3.9279,3.2024,1.3944,28000000000.0,23,1.7234324189985273e-08,7.465505547088469e-08,5.742073128089942e-08,3.372388945876992e-08,-74.72062342912375,-44.72062342912375,cir_coefficients_tau_mask,,"[1, 1, 1, 1, 23, 1]","[1, 1, 23]","[1, 1, 23]","[1, 1, 23]",,True,,23,5.742073128089942e-08,-44.720622971607156,0,0.0,-4.575165917231061e-07,0,0,0,0,0,0,0,0,5.166719997251642,4039,6584,7220,0.03488409142938189,0.041327929743489894,0.04362750665451104,6584,0,0.3292
199,51140,rx_x500_body,/home/telilab4090/Documents/Gazebo World/my_world/rt_out/experiments/semantic_ablation_actor_200f/sionna_xml/frame_199_sionna.xml,30.0,0.0,0.0,2.4,-3.9279,3.2024,1.3944,28000000000.0,23,1.7234324189985273e-08,7.465505547088469e-08,5.742073128089942e-08,3.3723893011483597e-08,-74.72062297160716,-44.720622971607156,cir_coefficients_tau_mask,,"[1, 1, 1, 1, 23, 1]","[1, 1, 23]","[1, 1, 23]","[1, 1, 23]",,True,,23,5.742073128089942e-08,-44.72062342912375,0,0.0,4.575165917231061e-07,0,0,0,0,0,0,0,0,5.166719997251642,4089,6566,7177,0.034735572951969794,0.04180293894487242,0.043793028237753134,6566,0,0.3283
