path,kind,exists,size_bytes,file_count,classification,cleanup_recommendation,reason,regeneration_command,referenced_by
rt_out/experiments/perception_rt_small_v0,directory,true,209976276,433,keep_main,keep,Experiment root that contains the current perception pilot artifacts.,,rt_out/experiments/perception_rt_small_v0/dataset_index/panoptic_dataset_index.csv; rt_out/experiments/perception_rt_small_v0/dataset_index/panoptic_dataset_index.json; rt_out/experiments/perception_rt_small_v0/dataset_index/panoptic_dataset_index_summary.json; rt_out/scripts/perception/60_select_perception_frames.py; rt_out/scripts/perception/61_build_perception_instance_registry.py; rt_out/scripts/perception/62_build_labeled_gazebo_world.py; rt_out/scripts/perception/63_capture_panoptic_topics.py; rt_out/scripts/perception/64_validate_panoptic_capture.py; rt_out/scripts/perception/65_build_panoptic_dataset_index.py; rt_out/scripts/perception/70_capture_synchronized_stable_instance_rgb_pcl_topics.py; rt_out/scripts/perception/71_validate_synchronized_stable_instance_rgb_pcl_capture.py; rt_out/scripts/perception/72_build_labeled_colorized_pointclouds.py; rt_out/scripts/perception/73_validate_labeled_colorized_pointclouds.py; rt_out/scripts/perception/90_cleanup_inventory_dry_run.py; rt_out/scripts/perception/91_run_gazebo_capture_helper.py; rt_out/scripts/perception/92_preview_panoptic_capture.py; rt_out/scripts/perception/93_extract_camera_rig_from_gazebo_pose.py; rt_out/scripts/perception/README.md
rt_out/experiments/perception_rt_small_v0/configs,directory,true,5610,5,keep_required_input,keep,"Active source configuration, camera rig, and semantic label definitions used by the pilot.",,rt_out/experiments/perception_rt_small_v0/dataset_index/panoptic_dataset_index.csv; rt_out/experiments/perception_rt_small_v0/dataset_index/panoptic_dataset_index.json; rt_out/scripts/perception/60_select_perception_frames.py; rt_out/scripts/perception/61_build_perception_instance_registry.py; rt_out/scripts/perception/62_build_labeled_gazebo_world.py; rt_out/scripts/perception/63_capture_panoptic_topics.py; rt_out/scripts/perception/64_validate_panoptic_capture.py; rt_out/scripts/perception/65_build_panoptic_dataset_index.py; rt_out/scripts/perception/70_capture_synchronized_stable_instance_rgb_pcl_topics.py; rt_out/scripts/perception/71_validate_synchronized_stable_instance_rgb_pcl_capture.py; rt_out/scripts/perception/72_build_labeled_colorized_pointclouds.py; rt_out/scripts/perception/73_validate_labeled_colorized_pointclouds.py; rt_out/scripts/perception/90_cleanup_inventory_dry_run.py; rt_out/scripts/perception/91_run_gazebo_capture_helper.py; rt_out/scripts/perception/92_preview_panoptic_capture.py; rt_out/scripts/perception/93_extract_camera_rig_from_gazebo_pose.py
rt_out/experiments/perception_rt_small_v0/configs/camera_rig.json,file,true,2030,,keep_required_input,keep,"Active source configuration, camera rig, and semantic label definitions used by the pilot.",,rt_out/scripts/perception/62_build_labeled_gazebo_world.py; rt_out/scripts/perception/63_capture_panoptic_topics.py; rt_out/scripts/perception/65_build_panoptic_dataset_index.py; rt_out/scripts/perception/70_capture_synchronized_stable_instance_rgb_pcl_topics.py; rt_out/scripts/perception/71_validate_synchronized_stable_instance_rgb_pcl_capture.py; rt_out/scripts/perception/93_extract_camera_rig_from_gazebo_pose.py
rt_out/experiments/perception_rt_small_v0/configs/camera_rig_8cam_seeded.json,file,true,2030,,keep_required_input,keep,"Active source configuration, camera rig, and semantic label definitions used by the pilot.",,
rt_out/experiments/perception_rt_small_v0/configs/camera_rig_before_8cam_expansion.json,file,true,697,,keep_required_input,keep,"Active source configuration, camera rig, and semantic label definitions used by the pilot.",,
rt_out/experiments/perception_rt_small_v0/configs/perception_dataset_config.json,file,true,682,,keep_required_input,keep,"Active source configuration, camera rig, and semantic label definitions used by the pilot.",,rt_out/scripts/perception/60_select_perception_frames.py; rt_out/scripts/perception/61_build_perception_instance_registry.py; rt_out/scripts/perception/62_build_labeled_gazebo_world.py; rt_out/scripts/perception/63_capture_panoptic_topics.py; rt_out/scripts/perception/64_validate_panoptic_capture.py; rt_out/scripts/perception/65_build_panoptic_dataset_index.py; rt_out/scripts/perception/70_capture_synchronized_stable_instance_rgb_pcl_topics.py; rt_out/scripts/perception/71_validate_synchronized_stable_instance_rgb_pcl_capture.py; rt_out/scripts/perception/72_build_labeled_colorized_pointclouds.py; rt_out/scripts/perception/73_validate_labeled_colorized_pointclouds.py; rt_out/scripts/perception/90_cleanup_inventory_dry_run.py; rt_out/scripts/perception/91_run_gazebo_capture_helper.py; rt_out/scripts/perception/92_preview_panoptic_capture.py; rt_out/scripts/perception/93_extract_camera_rig_from_gazebo_pose.py
rt_out/experiments/perception_rt_small_v0/configs/semantic_label_map.json,file,true,171,,keep_required_input,keep,"Active source configuration, camera rig, and semantic label definitions used by the pilot.",,rt_out/experiments/perception_rt_small_v0/dataset_index/panoptic_dataset_index.csv; rt_out/experiments/perception_rt_small_v0/dataset_index/panoptic_dataset_index.json; rt_out/scripts/perception/61_build_perception_instance_registry.py; rt_out/scripts/perception/62_build_labeled_gazebo_world.py; rt_out/scripts/perception/64_validate_panoptic_capture.py; rt_out/scripts/perception/65_build_panoptic_dataset_index.py
rt_out/experiments/perception_rt_small_v0/dataset_index,directory,true,2473270,3,keep_main,keep,"Central linkage outputs that tie panoptic samples, RT rows, wireless labels, and final labeled point clouds together.",python3 rt_out/scripts/perception/65_build_panoptic_dataset_index.py --config rt_out/experiments/perception_rt_small_v0/configs/perception_dataset_config.json --force --pretty-json,rt_out/scripts/perception/README.md
rt_out/experiments/perception_rt_small_v0/dataset_index/panoptic_dataset_index.csv,file,true,976074,,keep_main,keep,"Central linkage outputs that tie panoptic samples, RT rows, wireless labels, and final labeled point clouds together.",python3 rt_out/scripts/perception/65_build_panoptic_dataset_index.py --config rt_out/experiments/perception_rt_small_v0/configs/perception_dataset_config.json --force --pretty-json,rt_out/scripts/perception/65_build_panoptic_dataset_index.py; rt_out/scripts/perception/90_cleanup_inventory_dry_run.py
rt_out/experiments/perception_rt_small_v0/dataset_index/panoptic_dataset_index.json,file,true,1493863,,keep_main,keep,"Central linkage outputs that tie panoptic samples, RT rows, wireless labels, and final labeled point clouds together.",python3 rt_out/scripts/perception/65_build_panoptic_dataset_index.py --config rt_out/experiments/perception_rt_small_v0/configs/perception_dataset_config.json --force --pretty-json,rt_out/scripts/perception/65_build_panoptic_dataset_index.py; rt_out/scripts/perception/90_cleanup_inventory_dry_run.py
rt_out/experiments/perception_rt_small_v0/dataset_index/panoptic_dataset_index_summary.json,file,true,3333,,keep_main,keep,"Central linkage outputs that tie panoptic samples, RT rows, wireless labels, and final labeled point clouds together.",python3 rt_out/scripts/perception/65_build_panoptic_dataset_index.py --config rt_out/experiments/perception_rt_small_v0/configs/perception_dataset_config.json --force --pretty-json,rt_out/scripts/perception/65_build_panoptic_dataset_index.py; rt_out/scripts/perception/90_cleanup_inventory_dry_run.py
rt_out/experiments/perception_rt_small_v0/frames,directory,true,57309,4,keep_required_input,keep,Selected-frame metadata and stable instance registry required by the active pilot and index.,,rt_out/experiments/perception_rt_small_v0/dataset_index/panoptic_dataset_index.csv; rt_out/experiments/perception_rt_small_v0/dataset_index/panoptic_dataset_index.json
rt_out/experiments/perception_rt_small_v0/frames/instance_registry.json,file,true,49455,,keep_required_input,keep,Selected-frame metadata and stable instance registry required by the active pilot and index.,python3 rt_out/scripts/perception/61_build_perception_instance_registry.py --config rt_out/experiments/perception_rt_small_v0/configs/perception_dataset_config.json,rt_out/experiments/perception_rt_small_v0/dataset_index/panoptic_dataset_index.csv; rt_out/experiments/perception_rt_small_v0/dataset_index/panoptic_dataset_index.json; rt_out/scripts/perception/61_build_perception_instance_registry.py; rt_out/scripts/perception/62_build_labeled_gazebo_world.py; rt_out/scripts/perception/65_build_panoptic_dataset_index.py; rt_out/scripts/perception/71_validate_synchronized_stable_instance_rgb_pcl_capture.py; rt_out/scripts/perception/72_build_labeled_colorized_pointclouds.py
rt_out/experiments/perception_rt_small_v0/frames/instance_registry_summary.json,file,true,1179,,keep_required_input,keep,Selected-frame metadata and stable instance registry required by the active pilot and index.,python3 rt_out/scripts/perception/61_build_perception_instance_registry.py --config rt_out/experiments/perception_rt_small_v0/configs/perception_dataset_config.json,rt_out/scripts/perception/61_build_perception_instance_registry.py
rt_out/experiments/perception_rt_small_v0/frames/selected_frames.json,file,true,6427,,keep_required_input,keep,Selected-frame metadata and stable instance registry required by the active pilot and index.,python3 rt_out/scripts/perception/60_select_perception_frames.py --config rt_out/experiments/perception_rt_small_v0/configs/perception_dataset_config.json,rt_out/scripts/perception/60_select_perception_frames.py; rt_out/scripts/perception/61_build_perception_instance_registry.py; rt_out/scripts/perception/65_build_panoptic_dataset_index.py; rt_out/scripts/perception/90_cleanup_inventory_dry_run.py
rt_out/experiments/perception_rt_small_v0/frames/selected_frames_summary.json,file,true,248,,keep_required_input,keep,Selected-frame metadata and stable instance registry required by the active pilot and index.,python3 rt_out/scripts/perception/60_select_perception_frames.py --config rt_out/experiments/perception_rt_small_v0/configs/perception_dataset_config.json,rt_out/scripts/perception/60_select_perception_frames.py; rt_out/scripts/perception/90_cleanup_inventory_dry_run.py
rt_out/experiments/perception_rt_small_v0/perception_raw,directory,true,184634318,370,keep_main,keep,Container directory for active raw capture artifacts.,,rt_out/experiments/perception_rt_small_v0/dataset_index/panoptic_dataset_index.csv; rt_out/experiments/perception_rt_small_v0/dataset_index/panoptic_dataset_index.json; rt_out/scripts/perception/90_cleanup_inventory_dry_run.py; rt_out/scripts/perception/README.md
rt_out/experiments/perception_rt_small_v0/perception_raw/native,directory,true,184634318,370,keep_main,keep,Container directory for active raw capture artifacts.,,rt_out/experiments/perception_rt_small_v0/dataset_index/panoptic_dataset_index.csv; rt_out/experiments/perception_rt_small_v0/dataset_index/panoptic_dataset_index.json; rt_out/scripts/perception/90_cleanup_inventory_dry_run.py; rt_out/scripts/perception/README.md
rt_out/experiments/perception_rt_small_v0/perception_raw/native/panoptic,directory,true,66387564,120,keep_validated_output,keep,Validated panoptic capture output used by the current pilot and linked by the dataset index.,python3 rt_out/scripts/perception/63_capture_panoptic_topics.py --config rt_out/experiments/perception_rt_small_v0/configs/perception_dataset_config.json --mode panoptic --max-messages-per-topic 3 --timeout-seconds 30 --force,rt_out/experiments/perception_rt_small_v0/dataset_index/panoptic_dataset_index.csv; rt_out/experiments/perception_rt_small_v0/dataset_index/panoptic_dataset_index.json; rt_out/scripts/perception/README.md
rt_out/experiments/perception_rt_small_v0/perception_raw/native/panoptic/cam_corner_ne,directory,true,8298441,15,keep_validated_output,keep,Validated panoptic capture output used by the current pilot and linked by the dataset index.,python3 rt_out/scripts/perception/63_capture_panoptic_topics.py --config rt_out/experiments/perception_rt_small_v0/configs/perception_dataset_config.json --mode panoptic --max-messages-per-topic 3 --timeout-seconds 30 --force,rt_out/experiments/perception_rt_small_v0/dataset_index/panoptic_dataset_index.csv; rt_out/experiments/perception_rt_small_v0/dataset_index/panoptic_dataset_index.json
rt_out/experiments/perception_rt_small_v0/perception_raw/native/panoptic/cam_corner_ne/colored_maps,directory,true,2764845,3,keep_validated_output,keep,Validated panoptic capture output used by the current pilot and linked by the dataset index.,python3 rt_out/scripts/perception/63_capture_panoptic_topics.py --config rt_out/experiments/perception_rt_small_v0/configs/perception_dataset_config.json --mode panoptic --max-messages-per-topic 3 --timeout-seconds 30 --force,rt_out/experiments/perception_rt_small_v0/dataset_index/panoptic_dataset_index.csv; rt_out/experiments/perception_rt_small_v0/dataset_index/panoptic_dataset_index.json
rt_out/experiments/perception_rt_small_v0/perception_raw/native/panoptic/cam_corner_ne/colored_maps/000000.ppm,file,true,921615,,keep_validated_output,keep,Validated panoptic capture output used by the current pilot and linked by the dataset index.,python3 rt_out/scripts/perception/63_capture_panoptic_topics.py --config rt_out/experiments/perception_rt_small_v0/configs/perception_dataset_config.json --mode panoptic --max-messages-per-topic 3 --timeout-seconds 30 --force,rt_out/experiments/perception_rt_small_v0/dataset_index/panoptic_dataset_index.csv; rt_out/experiments/perception_rt_small_v0/dataset_index/panoptic_dataset_index.json
rt_out/experiments/perception_rt_small_v0/perception_raw/native/panoptic/cam_corner_ne/colored_maps/000001.ppm,file,true,921615,,keep_validated_output,keep,Validated panoptic capture output used by the current pilot and linked by the dataset index.,python3 rt_out/scripts/perception/63_capture_panoptic_topics.py --config rt_out/experiments/perception_rt_small_v0/configs/perception_dataset_config.json --mode panoptic --max-messages-per-topic 3 --timeout-seconds 30 --force,rt_out/experiments/perception_rt_small_v0/dataset_index/panoptic_dataset_index.csv; rt_out/experiments/perception_rt_small_v0/dataset_index/panoptic_dataset_index.json
rt_out/experiments/perception_rt_small_v0/perception_raw/native/panoptic/cam_corner_ne/colored_maps/000002.ppm,file,true,921615,,keep_validated_output,keep,Validated panoptic capture output used by the current pilot and linked by the dataset index.,python3 rt_out/scripts/perception/63_capture_panoptic_topics.py --config rt_out/experiments/perception_rt_small_v0/configs/perception_dataset_config.json --mode panoptic --max-messages-per-topic 3 --timeout-seconds 30 --force,rt_out/experiments/perception_rt_small_v0/dataset_index/panoptic_dataset_index.csv; rt_out/experiments/perception_rt_small_v0/dataset_index/panoptic_dataset_index.json
rt_out/experiments/perception_rt_small_v0/perception_raw/native/panoptic/cam_corner_ne/gazebo_instance_count,directory,true,1843251,3,keep_validated_output,keep,Validated panoptic capture output used by the current pilot and linked by the dataset index.,python3 rt_out/scripts/perception/63_capture_panoptic_topics.py --config rt_out/experiments/perception_rt_small_v0/configs/perception_dataset_config.json --mode panoptic --max-messages-per-topic 3 --timeout-seconds 30 --force,rt_out/experiments/perception_rt_small_v0/dataset_index/panoptic_dataset_index.csv; rt_out/experiments/perception_rt_small_v0/dataset_index/panoptic_dataset_index.json
rt_out/experiments/perception_rt_small_v0/perception_raw/native/panoptic/cam_corner_ne/gazebo_instance_count/000000.pgm,file,true,614417,,keep_validated_output,keep,Validated panoptic capture output used by the current pilot and linked by the dataset index.,python3 rt_out/scripts/perception/63_capture_panoptic_topics.py --config rt_out/experiments/perception_rt_small_v0/configs/perception_dataset_config.json --mode panoptic --max-messages-per-topic 3 --timeout-seconds 30 --force,rt_out/experiments/perception_rt_small_v0/dataset_index/panoptic_dataset_index.csv; rt_out/experiments/perception_rt_small_v0/dataset_index/panoptic_dataset_index.json
rt_out/experiments/perception_rt_small_v0/perception_raw/native/panoptic/cam_corner_ne/gazebo_instance_count/000001.pgm,file,true,614417,,keep_validated_output,keep,Validated panoptic capture output used by the current pilot and linked by the dataset index.,python3 rt_out/scripts/perception/63_capture_panoptic_topics.py --config rt_out/experiments/perception_rt_small_v0/configs/perception_dataset_config.json --mode panoptic --max-messages-per-topic 3 --timeout-seconds 30 --force,rt_out/experiments/perception_rt_small_v0/dataset_index/panoptic_dataset_index.csv; rt_out/experiments/perception_rt_small_v0/dataset_index/panoptic_dataset_index.json
rt_out/experiments/perception_rt_small_v0/perception_raw/native/panoptic/cam_corner_ne/gazebo_instance_count/000002.pgm,file,true,614417,,keep_validated_output,keep,Validated panoptic capture output used by the current pilot and linked by the dataset index.,python3 rt_out/scripts/perception/63_capture_panoptic_topics.py --config rt_out/experiments/perception_rt_small_v0/configs/perception_dataset_config.json --mode panoptic --max-messages-per-topic 3 --timeout-seconds 30 --force,rt_out/experiments/perception_rt_small_v0/dataset_index/panoptic_dataset_index.csv; rt_out/experiments/perception_rt_small_v0/dataset_index/panoptic_dataset_index.json
rt_out/experiments/perception_rt_small_v0/perception_raw/native/panoptic/cam_corner_ne/labels_maps_rgb,directory,true,2764845,3,keep_validated_output,keep,Validated panoptic capture output used by the current pilot and linked by the dataset index.,python3 rt_out/scripts/perception/63_capture_panoptic_topics.py --config rt_out/experiments/perception_rt_small_v0/configs/perception_dataset_config.json --mode panoptic --max-messages-per-topic 3 --timeout-seconds 30 --force,rt_out/experiments/perception_rt_small_v0/dataset_index/panoptic_dataset_index.csv; rt_out/experiments/perception_rt_small_v0/dataset_index/panoptic_dataset_index.json
rt_out/experiments/perception_rt_small_v0/perception_raw/native/panoptic/cam_corner_ne/labels_maps_rgb/000000.ppm,file,true,921615,,keep_validated_output,keep,Validated panoptic capture output used by the current pilot and linked by the dataset index.,python3 rt_out/scripts/perception/63_capture_panoptic_topics.py --config rt_out/experiments/perception_rt_small_v0/configs/perception_dataset_config.json --mode panoptic --max-messages-per-topic 3 --timeout-seconds 30 --force,rt_out/experiments/perception_rt_small_v0/dataset_index/panoptic_dataset_index.csv; rt_out/experiments/perception_rt_small_v0/dataset_index/panoptic_dataset_index.json
rt_out/experiments/perception_rt_small_v0/perception_raw/native/panoptic/cam_corner_ne/labels_maps_rgb/000001.ppm,file,true,921615,,keep_validated_output,keep,Validated panoptic capture output used by the current pilot and linked by the dataset index.,python3 rt_out/scripts/perception/63_capture_panoptic_topics.py --config rt_out/experiments/perception_rt_small_v0/configs/perception_dataset_config.json --mode panoptic --max-messages-per-topic 3 --timeout-seconds 30 --force,rt_out/experiments/perception_rt_small_v0/dataset_index/panoptic_dataset_index.csv; rt_out/experiments/perception_rt_small_v0/dataset_index/panoptic_dataset_index.json
rt_out/experiments/perception_rt_small_v0/perception_raw/native/panoptic/cam_corner_ne/labels_maps_rgb/000002.ppm,file,true,921615,,keep_validated_output,keep,Validated panoptic capture output used by the current pilot and linked by the dataset index.,python3 rt_out/scripts/perception/63_capture_panoptic_topics.py --config rt_out/experiments/perception_rt_small_v0/configs/perception_dataset_config.json --mode panoptic --max-messages-per-topic 3 --timeout-seconds 30 --force,rt_out/experiments/perception_rt_small_v0/dataset_index/panoptic_dataset_index.csv; rt_out/experiments/perception_rt_small_v0/dataset_index/panoptic_dataset_index.json
rt_out/experiments/perception_rt_small_v0/perception_raw/native/panoptic/cam_corner_ne/metadata,directory,true,3855,3,keep_validated_output,keep,Validated panoptic capture output used by the current pilot and linked by the dataset index.,python3 rt_out/scripts/perception/63_capture_panoptic_topics.py --config rt_out/experiments/perception_rt_small_v0/configs/perception_dataset_config.json --mode panoptic --max-messages-per-topic 3 --timeout-seconds 30 --force,rt_out/experiments/perception_rt_small_v0/dataset_index/panoptic_dataset_index.csv; rt_out/experiments/perception_rt_small_v0/dataset_index/panoptic_dataset_index.json
rt_out/experiments/perception_rt_small_v0/perception_raw/native/panoptic/cam_corner_ne/metadata/000000.json,file,true,1285,,keep_validated_output,keep,Validated panoptic capture output used by the current pilot and linked by the dataset index.,python3 rt_out/scripts/perception/63_capture_panoptic_topics.py --config rt_out/experiments/perception_rt_small_v0/configs/perception_dataset_config.json --mode panoptic --max-messages-per-topic 3 --timeout-seconds 30 --force,rt_out/experiments/perception_rt_small_v0/dataset_index/panoptic_dataset_index.csv; rt_out/experiments/perception_rt_small_v0/dataset_index/panoptic_dataset_index.json
rt_out/experiments/perception_rt_small_v0/perception_raw/native/panoptic/cam_corner_ne/metadata/000001.json,file,true,1285,,keep_validated_output,keep,Validated panoptic capture output used by the current pilot and linked by the dataset index.,python3 rt_out/scripts/perception/63_capture_panoptic_topics.py --config rt_out/experiments/perception_rt_small_v0/configs/perception_dataset_config.json --mode panoptic --max-messages-per-topic 3 --timeout-seconds 30 --force,rt_out/experiments/perception_rt_small_v0/dataset_index/panoptic_dataset_index.csv; rt_out/experiments/perception_rt_small_v0/dataset_index/panoptic_dataset_index.json
rt_out/experiments/perception_rt_small_v0/perception_raw/native/panoptic/cam_corner_ne/metadata/000002.json,file,true,1285,,keep_validated_output,keep,Validated panoptic capture output used by the current pilot and linked by the dataset index.,python3 rt_out/scripts/perception/63_capture_panoptic_topics.py --config rt_out/experiments/perception_rt_small_v0/configs/perception_dataset_config.json --mode panoptic --max-messages-per-topic 3 --timeout-seconds 30 --force,rt_out/experiments/perception_rt_small_v0/dataset_index/panoptic_dataset_index.csv; rt_out/experiments/perception_rt_small_v0/dataset_index/panoptic_dataset_index.json
rt_out/experiments/perception_rt_small_v0/perception_raw/native/panoptic/cam_corner_ne/semantic_decoded,directory,true,921645,3,keep_validated_output,keep,Validated panoptic capture output used by the current pilot and linked by the dataset index.,python3 rt_out/scripts/perception/63_capture_panoptic_topics.py --config rt_out/experiments/perception_rt_small_v0/configs/perception_dataset_config.json --mode panoptic --max-messages-per-topic 3 --timeout-seconds 30 --force,rt_out/experiments/perception_rt_small_v0/dataset_index/panoptic_dataset_index.csv; rt_out/experiments/perception_rt_small_v0/dataset_index/panoptic_dataset_index.json
rt_out/experiments/perception_rt_small_v0/perception_raw/native/panoptic/cam_corner_ne/semantic_decoded/000000.pgm,file,true,307215,,keep_validated_output,keep,Validated panoptic capture output used by the current pilot and linked by the dataset index.,python3 rt_out/scripts/perception/63_capture_panoptic_topics.py --config rt_out/experiments/perception_rt_small_v0/configs/perception_dataset_config.json --mode panoptic --max-messages-per-topic 3 --timeout-seconds 30 --force,rt_out/experiments/perception_rt_small_v0/dataset_index/panoptic_dataset_index.csv; rt_out/experiments/perception_rt_small_v0/dataset_index/panoptic_dataset_index.json
rt_out/experiments/perception_rt_small_v0/perception_raw/native/panoptic/cam_corner_ne/semantic_decoded/000001.pgm,file,true,307215,,keep_validated_output,keep,Validated panoptic capture output used by the current pilot and linked by the dataset index.,python3 rt_out/scripts/perception/63_capture_panoptic_topics.py --config rt_out/experiments/perception_rt_small_v0/configs/perception_dataset_config.json --mode panoptic --max-messages-per-topic 3 --timeout-seconds 30 --force,rt_out/experiments/perception_rt_small_v0/dataset_index/panoptic_dataset_index.csv; rt_out/experiments/perception_rt_small_v0/dataset_index/panoptic_dataset_index.json
rt_out/experiments/perception_rt_small_v0/perception_raw/native/panoptic/cam_corner_ne/semantic_decoded/000002.pgm,file,true,307215,,keep_validated_output,keep,Validated panoptic capture output used by the current pilot and linked by the dataset index.,python3 rt_out/scripts/perception/63_capture_panoptic_topics.py --config rt_out/experiments/perception_rt_small_v0/configs/perception_dataset_config.json --mode panoptic --max-messages-per-topic 3 --timeout-seconds 30 --force,rt_out/experiments/perception_rt_small_v0/dataset_index/panoptic_dataset_index.csv; rt_out/experiments/perception_rt_small_v0/dataset_index/panoptic_dataset_index.json
rt_out/experiments/perception_rt_small_v0/perception_raw/native/panoptic/cam_corner_nw,directory,true,8298441,15,keep_validated_output,keep,Validated panoptic capture output used by the current pilot and linked by the dataset index.,python3 rt_out/scripts/perception/63_capture_panoptic_topics.py --config rt_out/experiments/perception_rt_small_v0/configs/perception_dataset_config.json --mode panoptic --max-messages-per-topic 3 --timeout-seconds 30 --force,rt_out/experiments/perception_rt_small_v0/dataset_index/panoptic_dataset_index.csv; rt_out/experiments/perception_rt_small_v0/dataset_index/panoptic_dataset_index.json
rt_out/experiments/perception_rt_small_v0/perception_raw/native/panoptic/cam_corner_nw/colored_maps,directory,true,2764845,3,keep_validated_output,keep,Validated panoptic capture output used by the current pilot and linked by the dataset index.,python3 rt_out/scripts/perception/63_capture_panoptic_topics.py --config rt_out/experiments/perception_rt_small_v0/configs/perception_dataset_config.json --mode panoptic --max-messages-per-topic 3 --timeout-seconds 30 --force,rt_out/experiments/perception_rt_small_v0/dataset_index/panoptic_dataset_index.csv; rt_out/experiments/perception_rt_small_v0/dataset_index/panoptic_dataset_index.json
rt_out/experiments/perception_rt_small_v0/perception_raw/native/panoptic/cam_corner_nw/colored_maps/000000.ppm,file,true,921615,,keep_validated_output,keep,Validated panoptic capture output used by the current pilot and linked by the dataset index.,python3 rt_out/scripts/perception/63_capture_panoptic_topics.py --config rt_out/experiments/perception_rt_small_v0/configs/perception_dataset_config.json --mode panoptic --max-messages-per-topic 3 --timeout-seconds 30 --force,rt_out/experiments/perception_rt_small_v0/dataset_index/panoptic_dataset_index.csv; rt_out/experiments/perception_rt_small_v0/dataset_index/panoptic_dataset_index.json
rt_out/experiments/perception_rt_small_v0/perception_raw/native/panoptic/cam_corner_nw/colored_maps/000001.ppm,file,true,921615,,keep_validated_output,keep,Validated panoptic capture output used by the current pilot and linked by the dataset index.,python3 rt_out/scripts/perception/63_capture_panoptic_topics.py --config rt_out/experiments/perception_rt_small_v0/configs/perception_dataset_config.json --mode panoptic --max-messages-per-topic 3 --timeout-seconds 30 --force,rt_out/experiments/perception_rt_small_v0/dataset_index/panoptic_dataset_index.csv; rt_out/experiments/perception_rt_small_v0/dataset_index/panoptic_dataset_index.json
rt_out/experiments/perception_rt_small_v0/perception_raw/native/panoptic/cam_corner_nw/colored_maps/000002.ppm,file,true,921615,,keep_validated_output,keep,Validated panoptic capture output used by the current pilot and linked by the dataset index.,python3 rt_out/scripts/perception/63_capture_panoptic_topics.py --config rt_out/experiments/perception_rt_small_v0/configs/perception_dataset_config.json --mode panoptic --max-messages-per-topic 3 --timeout-seconds 30 --force,rt_out/experiments/perception_rt_small_v0/dataset_index/panoptic_dataset_index.csv; rt_out/experiments/perception_rt_small_v0/dataset_index/panoptic_dataset_index.json
rt_out/experiments/perception_rt_small_v0/perception_raw/native/panoptic/cam_corner_nw/gazebo_instance_count,directory,true,1843251,3,keep_validated_output,keep,Validated panoptic capture output used by the current pilot and linked by the dataset index.,python3 rt_out/scripts/perception/63_capture_panoptic_topics.py --config rt_out/experiments/perception_rt_small_v0/configs/perception_dataset_config.json --mode panoptic --max-messages-per-topic 3 --timeout-seconds 30 --force,rt_out/experiments/perception_rt_small_v0/dataset_index/panoptic_dataset_index.csv; rt_out/experiments/perception_rt_small_v0/dataset_index/panoptic_dataset_index.json
rt_out/experiments/perception_rt_small_v0/perception_raw/native/panoptic/cam_corner_nw/gazebo_instance_count/000000.pgm,file,true,614417,,keep_validated_output,keep,Validated panoptic capture output used by the current pilot and linked by the dataset index.,python3 rt_out/scripts/perception/63_capture_panoptic_topics.py --config rt_out/experiments/perception_rt_small_v0/configs/perception_dataset_config.json --mode panoptic --max-messages-per-topic 3 --timeout-seconds 30 --force,rt_out/experiments/perception_rt_small_v0/dataset_index/panoptic_dataset_index.csv; rt_out/experiments/perception_rt_small_v0/dataset_index/panoptic_dataset_index.json
rt_out/experiments/perception_rt_small_v0/perception_raw/native/panoptic/cam_corner_nw/gazebo_instance_count/000001.pgm,file,true,614417,,keep_validated_output,keep,Validated panoptic capture output used by the current pilot and linked by the dataset index.,python3 rt_out/scripts/perception/63_capture_panoptic_topics.py --config rt_out/experiments/perception_rt_small_v0/configs/perception_dataset_config.json --mode panoptic --max-messages-per-topic 3 --timeout-seconds 30 --force,rt_out/experiments/perception_rt_small_v0/dataset_index/panoptic_dataset_index.csv; rt_out/experiments/perception_rt_small_v0/dataset_index/panoptic_dataset_index.json
rt_out/experiments/perception_rt_small_v0/perception_raw/native/panoptic/cam_corner_nw/gazebo_instance_count/000002.pgm,file,true,614417,,keep_validated_output,keep,Validated panoptic capture output used by the current pilot and linked by the dataset index.,python3 rt_out/scripts/perception/63_capture_panoptic_topics.py --config rt_out/experiments/perception_rt_small_v0/configs/perception_dataset_config.json --mode panoptic --max-messages-per-topic 3 --timeout-seconds 30 --force,rt_out/experiments/perception_rt_small_v0/dataset_index/panoptic_dataset_index.csv; rt_out/experiments/perception_rt_small_v0/dataset_index/panoptic_dataset_index.json
rt_out/experiments/perception_rt_small_v0/perception_raw/native/panoptic/cam_corner_nw/labels_maps_rgb,directory,true,2764845,3,keep_validated_output,keep,Validated panoptic capture output used by the current pilot and linked by the dataset index.,python3 rt_out/scripts/perception/63_capture_panoptic_topics.py --config rt_out/experiments/perception_rt_small_v0/configs/perception_dataset_config.json --mode panoptic --max-messages-per-topic 3 --timeout-seconds 30 --force,rt_out/experiments/perception_rt_small_v0/dataset_index/panoptic_dataset_index.csv; rt_out/experiments/perception_rt_small_v0/dataset_index/panoptic_dataset_index.json
rt_out/experiments/perception_rt_small_v0/perception_raw/native/panoptic/cam_corner_nw/labels_maps_rgb/000000.ppm,file,true,921615,,keep_validated_output,keep,Validated panoptic capture output used by the current pilot and linked by the dataset index.,python3 rt_out/scripts/perception/63_capture_panoptic_topics.py --config rt_out/experiments/perception_rt_small_v0/configs/perception_dataset_config.json --mode panoptic --max-messages-per-topic 3 --timeout-seconds 30 --force,rt_out/experiments/perception_rt_small_v0/dataset_index/panoptic_dataset_index.csv; rt_out/experiments/perception_rt_small_v0/dataset_index/panoptic_dataset_index.json
rt_out/experiments/perception_rt_small_v0/perception_raw/native/panoptic/cam_corner_nw/labels_maps_rgb/000001.ppm,file,true,921615,,keep_validated_output,keep,Validated panoptic capture output used by the current pilot and linked by the dataset index.,python3 rt_out/scripts/perception/63_capture_panoptic_topics.py --config rt_out/experiments/perception_rt_small_v0/configs/perception_dataset_config.json --mode panoptic --max-messages-per-topic 3 --timeout-seconds 30 --force,rt_out/experiments/perception_rt_small_v0/dataset_index/panoptic_dataset_index.csv; rt_out/experiments/perception_rt_small_v0/dataset_index/panoptic_dataset_index.json
rt_out/experiments/perception_rt_small_v0/perception_raw/native/panoptic/cam_corner_nw/labels_maps_rgb/000002.ppm,file,true,921615,,keep_validated_output,keep,Validated panoptic capture output used by the current pilot and linked by the dataset index.,python3 rt_out/scripts/perception/63_capture_panoptic_topics.py --config rt_out/experiments/perception_rt_small_v0/configs/perception_dataset_config.json --mode panoptic --max-messages-per-topic 3 --timeout-seconds 30 --force,rt_out/experiments/perception_rt_small_v0/dataset_index/panoptic_dataset_index.csv; rt_out/experiments/perception_rt_small_v0/dataset_index/panoptic_dataset_index.json
rt_out/experiments/perception_rt_small_v0/perception_raw/native/panoptic/cam_corner_nw/metadata,directory,true,3855,3,keep_validated_output,keep,Validated panoptic capture output used by the current pilot and linked by the dataset index.,python3 rt_out/scripts/perception/63_capture_panoptic_topics.py --config rt_out/experiments/perception_rt_small_v0/configs/perception_dataset_config.json --mode panoptic --max-messages-per-topic 3 --timeout-seconds 30 --force,rt_out/experiments/perception_rt_small_v0/dataset_index/panoptic_dataset_index.csv; rt_out/experiments/perception_rt_small_v0/dataset_index/panoptic_dataset_index.json
rt_out/experiments/perception_rt_small_v0/perception_raw/native/panoptic/cam_corner_nw/metadata/000000.json,file,true,1285,,keep_validated_output,keep,Validated panoptic capture output used by the current pilot and linked by the dataset index.,python3 rt_out/scripts/perception/63_capture_panoptic_topics.py --config rt_out/experiments/perception_rt_small_v0/configs/perception_dataset_config.json --mode panoptic --max-messages-per-topic 3 --timeout-seconds 30 --force,rt_out/experiments/perception_rt_small_v0/dataset_index/panoptic_dataset_index.csv; rt_out/experiments/perception_rt_small_v0/dataset_index/panoptic_dataset_index.json
rt_out/experiments/perception_rt_small_v0/perception_raw/native/panoptic/cam_corner_nw/metadata/000001.json,file,true,1285,,keep_validated_output,keep,Validated panoptic capture output used by the current pilot and linked by the dataset index.,python3 rt_out/scripts/perception/63_capture_panoptic_topics.py --config rt_out/experiments/perception_rt_small_v0/configs/perception_dataset_config.json --mode panoptic --max-messages-per-topic 3 --timeout-seconds 30 --force,rt_out/experiments/perception_rt_small_v0/dataset_index/panoptic_dataset_index.csv; rt_out/experiments/perception_rt_small_v0/dataset_index/panoptic_dataset_index.json
rt_out/experiments/perception_rt_small_v0/perception_raw/native/panoptic/cam_corner_nw/metadata/000002.json,file,true,1285,,keep_validated_output,keep,Validated panoptic capture output used by the current pilot and linked by the dataset index.,python3 rt_out/scripts/perception/63_capture_panoptic_topics.py --config rt_out/experiments/perception_rt_small_v0/configs/perception_dataset_config.json --mode panoptic --max-messages-per-topic 3 --timeout-seconds 30 --force,rt_out/experiments/perception_rt_small_v0/dataset_index/panoptic_dataset_index.csv; rt_out/experiments/perception_rt_small_v0/dataset_index/panoptic_dataset_index.json
rt_out/experiments/perception_rt_small_v0/perception_raw/native/panoptic/cam_corner_nw/semantic_decoded,directory,true,921645,3,keep_validated_output,keep,Validated panoptic capture output used by the current pilot and linked by the dataset index.,python3 rt_out/scripts/perception/63_capture_panoptic_topics.py --config rt_out/experiments/perception_rt_small_v0/configs/perception_dataset_config.json --mode panoptic --max-messages-per-topic 3 --timeout-seconds 30 --force,rt_out/experiments/perception_rt_small_v0/dataset_index/panoptic_dataset_index.csv; rt_out/experiments/perception_rt_small_v0/dataset_index/panoptic_dataset_index.json
rt_out/experiments/perception_rt_small_v0/perception_raw/native/panoptic/cam_corner_nw/semantic_decoded/000000.pgm,file,true,307215,,keep_validated_output,keep,Validated panoptic capture output used by the current pilot and linked by the dataset index.,python3 rt_out/scripts/perception/63_capture_panoptic_topics.py --config rt_out/experiments/perception_rt_small_v0/configs/perception_dataset_config.json --mode panoptic --max-messages-per-topic 3 --timeout-seconds 30 --force,rt_out/experiments/perception_rt_small_v0/dataset_index/panoptic_dataset_index.csv; rt_out/experiments/perception_rt_small_v0/dataset_index/panoptic_dataset_index.json
rt_out/experiments/perception_rt_small_v0/perception_raw/native/panoptic/cam_corner_nw/semantic_decoded/000001.pgm,file,true,307215,,keep_validated_output,keep,Validated panoptic capture output used by the current pilot and linked by the dataset index.,python3 rt_out/scripts/perception/63_capture_panoptic_topics.py --config rt_out/experiments/perception_rt_small_v0/configs/perception_dataset_config.json --mode panoptic --max-messages-per-topic 3 --timeout-seconds 30 --force,rt_out/experiments/perception_rt_small_v0/dataset_index/panoptic_dataset_index.csv; rt_out/experiments/perception_rt_small_v0/dataset_index/panoptic_dataset_index.json
rt_out/experiments/perception_rt_small_v0/perception_raw/native/panoptic/cam_corner_nw/semantic_decoded/000002.pgm,file,true,307215,,keep_validated_output,keep,Validated panoptic capture output used by the current pilot and linked by the dataset index.,python3 rt_out/scripts/perception/63_capture_panoptic_topics.py --config rt_out/experiments/perception_rt_small_v0/configs/perception_dataset_config.json --mode panoptic --max-messages-per-topic 3 --timeout-seconds 30 --force,rt_out/experiments/perception_rt_small_v0/dataset_index/panoptic_dataset_index.csv; rt_out/experiments/perception_rt_small_v0/dataset_index/panoptic_dataset_index.json
rt_out/experiments/perception_rt_small_v0/perception_raw/native/panoptic/cam_corner_se,directory,true,8298441,15,keep_validated_output,keep,Validated panoptic capture output used by the current pilot and linked by the dataset index.,python3 rt_out/scripts/perception/63_capture_panoptic_topics.py --config rt_out/experiments/perception_rt_small_v0/configs/perception_dataset_config.json --mode panoptic --max-messages-per-topic 3 --timeout-seconds 30 --force,rt_out/experiments/perception_rt_small_v0/dataset_index/panoptic_dataset_index.csv; rt_out/experiments/perception_rt_small_v0/dataset_index/panoptic_dataset_index.json
rt_out/experiments/perception_rt_small_v0/perception_raw/native/panoptic/cam_corner_se/colored_maps,directory,true,2764845,3,keep_validated_output,keep,Validated panoptic capture output used by the current pilot and linked by the dataset index.,python3 rt_out/scripts/perception/63_capture_panoptic_topics.py --config rt_out/experiments/perception_rt_small_v0/configs/perception_dataset_config.json --mode panoptic --max-messages-per-topic 3 --timeout-seconds 30 --force,rt_out/experiments/perception_rt_small_v0/dataset_index/panoptic_dataset_index.csv; rt_out/experiments/perception_rt_small_v0/dataset_index/panoptic_dataset_index.json
rt_out/experiments/perception_rt_small_v0/perception_raw/native/panoptic/cam_corner_se/colored_maps/000000.ppm,file,true,921615,,keep_validated_output,keep,Validated panoptic capture output used by the current pilot and linked by the dataset index.,python3 rt_out/scripts/perception/63_capture_panoptic_topics.py --config rt_out/experiments/perception_rt_small_v0/configs/perception_dataset_config.json --mode panoptic --max-messages-per-topic 3 --timeout-seconds 30 --force,rt_out/experiments/perception_rt_small_v0/dataset_index/panoptic_dataset_index.csv; rt_out/experiments/perception_rt_small_v0/dataset_index/panoptic_dataset_index.json
rt_out/experiments/perception_rt_small_v0/perception_raw/native/panoptic/cam_corner_se/colored_maps/000001.ppm,file,true,921615,,keep_validated_output,keep,Validated panoptic capture output used by the current pilot and linked by the dataset index.,python3 rt_out/scripts/perception/63_capture_panoptic_topics.py --config rt_out/experiments/perception_rt_small_v0/configs/perception_dataset_config.json --mode panoptic --max-messages-per-topic 3 --timeout-seconds 30 --force,rt_out/experiments/perception_rt_small_v0/dataset_index/panoptic_dataset_index.csv; rt_out/experiments/perception_rt_small_v0/dataset_index/panoptic_dataset_index.json
rt_out/experiments/perception_rt_small_v0/perception_raw/native/panoptic/cam_corner_se/colored_maps/000002.ppm,file,true,921615,,keep_validated_output,keep,Validated panoptic capture output used by the current pilot and linked by the dataset index.,python3 rt_out/scripts/perception/63_capture_panoptic_topics.py --config rt_out/experiments/perception_rt_small_v0/configs/perception_dataset_config.json --mode panoptic --max-messages-per-topic 3 --timeout-seconds 30 --force,rt_out/experiments/perception_rt_small_v0/dataset_index/panoptic_dataset_index.csv; rt_out/experiments/perception_rt_small_v0/dataset_index/panoptic_dataset_index.json
rt_out/experiments/perception_rt_small_v0/perception_raw/native/panoptic/cam_corner_se/gazebo_instance_count,directory,true,1843251,3,keep_validated_output,keep,Validated panoptic capture output used by the current pilot and linked by the dataset index.,python3 rt_out/scripts/perception/63_capture_panoptic_topics.py --config rt_out/experiments/perception_rt_small_v0/configs/perception_dataset_config.json --mode panoptic --max-messages-per-topic 3 --timeout-seconds 30 --force,rt_out/experiments/perception_rt_small_v0/dataset_index/panoptic_dataset_index.csv; rt_out/experiments/perception_rt_small_v0/dataset_index/panoptic_dataset_index.json
rt_out/experiments/perception_rt_small_v0/perception_raw/native/panoptic/cam_corner_se/gazebo_instance_count/000000.pgm,file,true,614417,,keep_validated_output,keep,Validated panoptic capture output used by the current pilot and linked by the dataset index.,python3 rt_out/scripts/perception/63_capture_panoptic_topics.py --config rt_out/experiments/perception_rt_small_v0/configs/perception_dataset_config.json --mode panoptic --max-messages-per-topic 3 --timeout-seconds 30 --force,rt_out/experiments/perception_rt_small_v0/dataset_index/panoptic_dataset_index.csv; rt_out/experiments/perception_rt_small_v0/dataset_index/panoptic_dataset_index.json
rt_out/experiments/perception_rt_small_v0/perception_raw/native/panoptic/cam_corner_se/gazebo_instance_count/000001.pgm,file,true,614417,,keep_validated_output,keep,Validated panoptic capture output used by the current pilot and linked by the dataset index.,python3 rt_out/scripts/perception/63_capture_panoptic_topics.py --config rt_out/experiments/perception_rt_small_v0/configs/perception_dataset_config.json --mode panoptic --max-messages-per-topic 3 --timeout-seconds 30 --force,rt_out/experiments/perception_rt_small_v0/dataset_index/panoptic_dataset_index.csv; rt_out/experiments/perception_rt_small_v0/dataset_index/panoptic_dataset_index.json
rt_out/experiments/perception_rt_small_v0/perception_raw/native/panoptic/cam_corner_se/gazebo_instance_count/000002.pgm,file,true,614417,,keep_validated_output,keep,Validated panoptic capture output used by the current pilot and linked by the dataset index.,python3 rt_out/scripts/perception/63_capture_panoptic_topics.py --config rt_out/experiments/perception_rt_small_v0/configs/perception_dataset_config.json --mode panoptic --max-messages-per-topic 3 --timeout-seconds 30 --force,rt_out/experiments/perception_rt_small_v0/dataset_index/panoptic_dataset_index.csv; rt_out/experiments/perception_rt_small_v0/dataset_index/panoptic_dataset_index.json
rt_out/experiments/perception_rt_small_v0/perception_raw/native/panoptic/cam_corner_se/labels_maps_rgb,directory,true,2764845,3,keep_validated_output,keep,Validated panoptic capture output used by the current pilot and linked by the dataset index.,python3 rt_out/scripts/perception/63_capture_panoptic_topics.py --config rt_out/experiments/perception_rt_small_v0/configs/perception_dataset_config.json --mode panoptic --max-messages-per-topic 3 --timeout-seconds 30 --force,rt_out/experiments/perception_rt_small_v0/dataset_index/panoptic_dataset_index.csv; rt_out/experiments/perception_rt_small_v0/dataset_index/panoptic_dataset_index.json
rt_out/experiments/perception_rt_small_v0/perception_raw/native/panoptic/cam_corner_se/labels_maps_rgb/000000.ppm,file,true,921615,,keep_validated_output,keep,Validated panoptic capture output used by the current pilot and linked by the dataset index.,python3 rt_out/scripts/perception/63_capture_panoptic_topics.py --config rt_out/experiments/perception_rt_small_v0/configs/perception_dataset_config.json --mode panoptic --max-messages-per-topic 3 --timeout-seconds 30 --force,rt_out/experiments/perception_rt_small_v0/dataset_index/panoptic_dataset_index.csv; rt_out/experiments/perception_rt_small_v0/dataset_index/panoptic_dataset_index.json
rt_out/experiments/perception_rt_small_v0/perception_raw/native/panoptic/cam_corner_se/labels_maps_rgb/000001.ppm,file,true,921615,,keep_validated_output,keep,Validated panoptic capture output used by the current pilot and linked by the dataset index.,python3 rt_out/scripts/perception/63_capture_panoptic_topics.py --config rt_out/experiments/perception_rt_small_v0/configs/perception_dataset_config.json --mode panoptic --max-messages-per-topic 3 --timeout-seconds 30 --force,rt_out/experiments/perception_rt_small_v0/dataset_index/panoptic_dataset_index.csv; rt_out/experiments/perception_rt_small_v0/dataset_index/panoptic_dataset_index.json
rt_out/experiments/perception_rt_small_v0/perception_raw/native/panoptic/cam_corner_se/labels_maps_rgb/000002.ppm,file,true,921615,,keep_validated_output,keep,Validated panoptic capture output used by the current pilot and linked by the dataset index.,python3 rt_out/scripts/perception/63_capture_panoptic_topics.py --config rt_out/experiments/perception_rt_small_v0/configs/perception_dataset_config.json --mode panoptic --max-messages-per-topic 3 --timeout-seconds 30 --force,rt_out/experiments/perception_rt_small_v0/dataset_index/panoptic_dataset_index.csv; rt_out/experiments/perception_rt_small_v0/dataset_index/panoptic_dataset_index.json
rt_out/experiments/perception_rt_small_v0/perception_raw/native/panoptic/cam_corner_se/metadata,directory,true,3855,3,keep_validated_output,keep,Validated panoptic capture output used by the current pilot and linked by the dataset index.,python3 rt_out/scripts/perception/63_capture_panoptic_topics.py --config rt_out/experiments/perception_rt_small_v0/configs/perception_dataset_config.json --mode panoptic --max-messages-per-topic 3 --timeout-seconds 30 --force,rt_out/experiments/perception_rt_small_v0/dataset_index/panoptic_dataset_index.csv; rt_out/experiments/perception_rt_small_v0/dataset_index/panoptic_dataset_index.json
rt_out/experiments/perception_rt_small_v0/perception_raw/native/panoptic/cam_corner_se/metadata/000000.json,file,true,1285,,keep_validated_output,keep,Validated panoptic capture output used by the current pilot and linked by the dataset index.,python3 rt_out/scripts/perception/63_capture_panoptic_topics.py --config rt_out/experiments/perception_rt_small_v0/configs/perception_dataset_config.json --mode panoptic --max-messages-per-topic 3 --timeout-seconds 30 --force,rt_out/experiments/perception_rt_small_v0/dataset_index/panoptic_dataset_index.csv; rt_out/experiments/perception_rt_small_v0/dataset_index/panoptic_dataset_index.json
rt_out/experiments/perception_rt_small_v0/perception_raw/native/panoptic/cam_corner_se/metadata/000001.json,file,true,1285,,keep_validated_output,keep,Validated panoptic capture output used by the current pilot and linked by the dataset index.,python3 rt_out/scripts/perception/63_capture_panoptic_topics.py --config rt_out/experiments/perception_rt_small_v0/configs/perception_dataset_config.json --mode panoptic --max-messages-per-topic 3 --timeout-seconds 30 --force,rt_out/experiments/perception_rt_small_v0/dataset_index/panoptic_dataset_index.csv; rt_out/experiments/perception_rt_small_v0/dataset_index/panoptic_dataset_index.json
rt_out/experiments/perception_rt_small_v0/perception_raw/native/panoptic/cam_corner_se/metadata/000002.json,file,true,1285,,keep_validated_output,keep,Validated panoptic capture output used by the current pilot and linked by the dataset index.,python3 rt_out/scripts/perception/63_capture_panoptic_topics.py --config rt_out/experiments/perception_rt_small_v0/configs/perception_dataset_config.json --mode panoptic --max-messages-per-topic 3 --timeout-seconds 30 --force,rt_out/experiments/perception_rt_small_v0/dataset_index/panoptic_dataset_index.csv; rt_out/experiments/perception_rt_small_v0/dataset_index/panoptic_dataset_index.json
rt_out/experiments/perception_rt_small_v0/perception_raw/native/panoptic/cam_corner_se/semantic_decoded,directory,true,921645,3,keep_validated_output,keep,Validated panoptic capture output used by the current pilot and linked by the dataset index.,python3 rt_out/scripts/perception/63_capture_panoptic_topics.py --config rt_out/experiments/perception_rt_small_v0/configs/perception_dataset_config.json --mode panoptic --max-messages-per-topic 3 --timeout-seconds 30 --force,rt_out/experiments/perception_rt_small_v0/dataset_index/panoptic_dataset_index.csv; rt_out/experiments/perception_rt_small_v0/dataset_index/panoptic_dataset_index.json
rt_out/experiments/perception_rt_small_v0/perception_raw/native/panoptic/cam_corner_se/semantic_decoded/000000.pgm,file,true,307215,,keep_validated_output,keep,Validated panoptic capture output used by the current pilot and linked by the dataset index.,python3 rt_out/scripts/perception/63_capture_panoptic_topics.py --config rt_out/experiments/perception_rt_small_v0/configs/perception_dataset_config.json --mode panoptic --max-messages-per-topic 3 --timeout-seconds 30 --force,rt_out/experiments/perception_rt_small_v0/dataset_index/panoptic_dataset_index.csv; rt_out/experiments/perception_rt_small_v0/dataset_index/panoptic_dataset_index.json
rt_out/experiments/perception_rt_small_v0/perception_raw/native/panoptic/cam_corner_se/semantic_decoded/000001.pgm,file,true,307215,,keep_validated_output,keep,Validated panoptic capture output used by the current pilot and linked by the dataset index.,python3 rt_out/scripts/perception/63_capture_panoptic_topics.py --config rt_out/experiments/perception_rt_small_v0/configs/perception_dataset_config.json --mode panoptic --max-messages-per-topic 3 --timeout-seconds 30 --force,rt_out/experiments/perception_rt_small_v0/dataset_index/panoptic_dataset_index.csv; rt_out/experiments/perception_rt_small_v0/dataset_index/panoptic_dataset_index.json
rt_out/experiments/perception_rt_small_v0/perception_raw/native/panoptic/cam_corner_se/semantic_decoded/000002.pgm,file,true,307215,,keep_validated_output,keep,Validated panoptic capture output used by the current pilot and linked by the dataset index.,python3 rt_out/scripts/perception/63_capture_panoptic_topics.py --config rt_out/experiments/perception_rt_small_v0/configs/perception_dataset_config.json --mode panoptic --max-messages-per-topic 3 --timeout-seconds 30 --force,rt_out/experiments/perception_rt_small_v0/dataset_index/panoptic_dataset_index.csv; rt_out/experiments/perception_rt_small_v0/dataset_index/panoptic_dataset_index.json
rt_out/experiments/perception_rt_small_v0/perception_raw/native/panoptic/cam_corner_sw,directory,true,8298441,15,keep_validated_output,keep,Validated panoptic capture output used by the current pilot and linked by the dataset index.,python3 rt_out/scripts/perception/63_capture_panoptic_topics.py --config rt_out/experiments/perception_rt_small_v0/configs/perception_dataset_config.json --mode panoptic --max-messages-per-topic 3 --timeout-seconds 30 --force,rt_out/experiments/perception_rt_small_v0/dataset_index/panoptic_dataset_index.csv; rt_out/experiments/perception_rt_small_v0/dataset_index/panoptic_dataset_index.json
rt_out/experiments/perception_rt_small_v0/perception_raw/native/panoptic/cam_corner_sw/colored_maps,directory,true,2764845,3,keep_validated_output,keep,Validated panoptic capture output used by the current pilot and linked by the dataset index.,python3 rt_out/scripts/perception/63_capture_panoptic_topics.py --config rt_out/experiments/perception_rt_small_v0/configs/perception_dataset_config.json --mode panoptic --max-messages-per-topic 3 --timeout-seconds 30 --force,rt_out/experiments/perception_rt_small_v0/dataset_index/panoptic_dataset_index.csv; rt_out/experiments/perception_rt_small_v0/dataset_index/panoptic_dataset_index.json
rt_out/experiments/perception_rt_small_v0/perception_raw/native/panoptic/cam_corner_sw/colored_maps/000000.ppm,file,true,921615,,keep_validated_output,keep,Validated panoptic capture output used by the current pilot and linked by the dataset index.,python3 rt_out/scripts/perception/63_capture_panoptic_topics.py --config rt_out/experiments/perception_rt_small_v0/configs/perception_dataset_config.json --mode panoptic --max-messages-per-topic 3 --timeout-seconds 30 --force,rt_out/experiments/perception_rt_small_v0/dataset_index/panoptic_dataset_index.csv; rt_out/experiments/perception_rt_small_v0/dataset_index/panoptic_dataset_index.json
rt_out/experiments/perception_rt_small_v0/perception_raw/native/panoptic/cam_corner_sw/colored_maps/000001.ppm,file,true,921615,,keep_validated_output,keep,Validated panoptic capture output used by the current pilot and linked by the dataset index.,python3 rt_out/scripts/perception/63_capture_panoptic_topics.py --config rt_out/experiments/perception_rt_small_v0/configs/perception_dataset_config.json --mode panoptic --max-messages-per-topic 3 --timeout-seconds 30 --force,rt_out/experiments/perception_rt_small_v0/dataset_index/panoptic_dataset_index.csv; rt_out/experiments/perception_rt_small_v0/dataset_index/panoptic_dataset_index.json
rt_out/experiments/perception_rt_small_v0/perception_raw/native/panoptic/cam_corner_sw/colored_maps/000002.ppm,file,true,921615,,keep_validated_output,keep,Validated panoptic capture output used by the current pilot and linked by the dataset index.,python3 rt_out/scripts/perception/63_capture_panoptic_topics.py --config rt_out/experiments/perception_rt_small_v0/configs/perception_dataset_config.json --mode panoptic --max-messages-per-topic 3 --timeout-seconds 30 --force,rt_out/experiments/perception_rt_small_v0/dataset_index/panoptic_dataset_index.csv; rt_out/experiments/perception_rt_small_v0/dataset_index/panoptic_dataset_index.json
rt_out/experiments/perception_rt_small_v0/perception_raw/native/panoptic/cam_corner_sw/gazebo_instance_count,directory,true,1843251,3,keep_validated_output,keep,Validated panoptic capture output used by the current pilot and linked by the dataset index.,python3 rt_out/scripts/perception/63_capture_panoptic_topics.py --config rt_out/experiments/perception_rt_small_v0/configs/perception_dataset_config.json --mode panoptic --max-messages-per-topic 3 --timeout-seconds 30 --force,rt_out/experiments/perception_rt_small_v0/dataset_index/panoptic_dataset_index.csv; rt_out/experiments/perception_rt_small_v0/dataset_index/panoptic_dataset_index.json
rt_out/experiments/perception_rt_small_v0/perception_raw/native/panoptic/cam_corner_sw/gazebo_instance_count/000000.pgm,file,true,614417,,keep_validated_output,keep,Validated panoptic capture output used by the current pilot and linked by the dataset index.,python3 rt_out/scripts/perception/63_capture_panoptic_topics.py --config rt_out/experiments/perception_rt_small_v0/configs/perception_dataset_config.json --mode panoptic --max-messages-per-topic 3 --timeout-seconds 30 --force,rt_out/experiments/perception_rt_small_v0/dataset_index/panoptic_dataset_index.csv; rt_out/experiments/perception_rt_small_v0/dataset_index/panoptic_dataset_index.json
rt_out/experiments/perception_rt_small_v0/perception_raw/native/panoptic/cam_corner_sw/gazebo_instance_count/000001.pgm,file,true,614417,,keep_validated_output,keep,Validated panoptic capture output used by the current pilot and linked by the dataset index.,python3 rt_out/scripts/perception/63_capture_panoptic_topics.py --config rt_out/experiments/perception_rt_small_v0/configs/perception_dataset_config.json --mode panoptic --max-messages-per-topic 3 --timeout-seconds 30 --force,rt_out/experiments/perception_rt_small_v0/dataset_index/panoptic_dataset_index.csv; rt_out/experiments/perception_rt_small_v0/dataset_index/panoptic_dataset_index.json
rt_out/experiments/perception_rt_small_v0/perception_raw/native/panoptic/cam_corner_sw/gazebo_instance_count/000002.pgm,file,true,614417,,keep_validated_output,keep,Validated panoptic capture output used by the current pilot and linked by the dataset index.,python3 rt_out/scripts/perception/63_capture_panoptic_topics.py --config rt_out/experiments/perception_rt_small_v0/configs/perception_dataset_config.json --mode panoptic --max-messages-per-topic 3 --timeout-seconds 30 --force,rt_out/experiments/perception_rt_small_v0/dataset_index/panoptic_dataset_index.csv; rt_out/experiments/perception_rt_small_v0/dataset_index/panoptic_dataset_index.json
rt_out/experiments/perception_rt_small_v0/perception_raw/native/panoptic/cam_corner_sw/labels_maps_rgb,directory,true,2764845,3,keep_validated_output,keep,Validated panoptic capture output used by the current pilot and linked by the dataset index.,python3 rt_out/scripts/perception/63_capture_panoptic_topics.py --config rt_out/experiments/perception_rt_small_v0/configs/perception_dataset_config.json --mode panoptic --max-messages-per-topic 3 --timeout-seconds 30 --force,rt_out/experiments/perception_rt_small_v0/dataset_index/panoptic_dataset_index.csv; rt_out/experiments/perception_rt_small_v0/dataset_index/panoptic_dataset_index.json
rt_out/experiments/perception_rt_small_v0/perception_raw/native/panoptic/cam_corner_sw/labels_maps_rgb/000000.ppm,file,true,921615,,keep_validated_output,keep,Validated panoptic capture output used by the current pilot and linked by the dataset index.,python3 rt_out/scripts/perception/63_capture_panoptic_topics.py --config rt_out/experiments/perception_rt_small_v0/configs/perception_dataset_config.json --mode panoptic --max-messages-per-topic 3 --timeout-seconds 30 --force,rt_out/experiments/perception_rt_small_v0/dataset_index/panoptic_dataset_index.csv; rt_out/experiments/perception_rt_small_v0/dataset_index/panoptic_dataset_index.json
rt_out/experiments/perception_rt_small_v0/perception_raw/native/panoptic/cam_corner_sw/labels_maps_rgb/000001.ppm,file,true,921615,,keep_validated_output,keep,Validated panoptic capture output used by the current pilot and linked by the dataset index.,python3 rt_out/scripts/perception/63_capture_panoptic_topics.py --config rt_out/experiments/perception_rt_small_v0/configs/perception_dataset_config.json --mode panoptic --max-messages-per-topic 3 --timeout-seconds 30 --force,rt_out/experiments/perception_rt_small_v0/dataset_index/panoptic_dataset_index.csv; rt_out/experiments/perception_rt_small_v0/dataset_index/panoptic_dataset_index.json
rt_out/experiments/perception_rt_small_v0/perception_raw/native/panoptic/cam_corner_sw/labels_maps_rgb/000002.ppm,file,true,921615,,keep_validated_output,keep,Validated panoptic capture output used by the current pilot and linked by the dataset index.,python3 rt_out/scripts/perception/63_capture_panoptic_topics.py --config rt_out/experiments/perception_rt_small_v0/configs/perception_dataset_config.json --mode panoptic --max-messages-per-topic 3 --timeout-seconds 30 --force,rt_out/experiments/perception_rt_small_v0/dataset_index/panoptic_dataset_index.csv; rt_out/experiments/perception_rt_small_v0/dataset_index/panoptic_dataset_index.json
rt_out/experiments/perception_rt_small_v0/perception_raw/native/panoptic/cam_corner_sw/metadata,directory,true,3855,3,keep_validated_output,keep,Validated panoptic capture output used by the current pilot and linked by the dataset index.,python3 rt_out/scripts/perception/63_capture_panoptic_topics.py --config rt_out/experiments/perception_rt_small_v0/configs/perception_dataset_config.json --mode panoptic --max-messages-per-topic 3 --timeout-seconds 30 --force,rt_out/experiments/perception_rt_small_v0/dataset_index/panoptic_dataset_index.csv; rt_out/experiments/perception_rt_small_v0/dataset_index/panoptic_dataset_index.json
rt_out/experiments/perception_rt_small_v0/perception_raw/native/panoptic/cam_corner_sw/metadata/000000.json,file,true,1285,,keep_validated_output,keep,Validated panoptic capture output used by the current pilot and linked by the dataset index.,python3 rt_out/scripts/perception/63_capture_panoptic_topics.py --config rt_out/experiments/perception_rt_small_v0/configs/perception_dataset_config.json --mode panoptic --max-messages-per-topic 3 --timeout-seconds 30 --force,rt_out/experiments/perception_rt_small_v0/dataset_index/panoptic_dataset_index.csv; rt_out/experiments/perception_rt_small_v0/dataset_index/panoptic_dataset_index.json
rt_out/experiments/perception_rt_small_v0/perception_raw/native/panoptic/cam_corner_sw/metadata/000001.json,file,true,1285,,keep_validated_output,keep,Validated panoptic capture output used by the current pilot and linked by the dataset index.,python3 rt_out/scripts/perception/63_capture_panoptic_topics.py --config rt_out/experiments/perception_rt_small_v0/configs/perception_dataset_config.json --mode panoptic --max-messages-per-topic 3 --timeout-seconds 30 --force,rt_out/experiments/perception_rt_small_v0/dataset_index/panoptic_dataset_index.csv; rt_out/experiments/perception_rt_small_v0/dataset_index/panoptic_dataset_index.json
rt_out/experiments/perception_rt_small_v0/perception_raw/native/panoptic/cam_corner_sw/metadata/000002.json,file,true,1285,,keep_validated_output,keep,Validated panoptic capture output used by the current pilot and linked by the dataset index.,python3 rt_out/scripts/perception/63_capture_panoptic_topics.py --config rt_out/experiments/perception_rt_small_v0/configs/perception_dataset_config.json --mode panoptic --max-messages-per-topic 3 --timeout-seconds 30 --force,rt_out/experiments/perception_rt_small_v0/dataset_index/panoptic_dataset_index.csv; rt_out/experiments/perception_rt_small_v0/dataset_index/panoptic_dataset_index.json
rt_out/experiments/perception_rt_small_v0/perception_raw/native/panoptic/cam_corner_sw/semantic_decoded,directory,true,921645,3,keep_validated_output,keep,Validated panoptic capture output used by the current pilot and linked by the dataset index.,python3 rt_out/scripts/perception/63_capture_panoptic_topics.py --config rt_out/experiments/perception_rt_small_v0/configs/perception_dataset_config.json --mode panoptic --max-messages-per-topic 3 --timeout-seconds 30 --force,rt_out/experiments/perception_rt_small_v0/dataset_index/panoptic_dataset_index.csv; rt_out/experiments/perception_rt_small_v0/dataset_index/panoptic_dataset_index.json
rt_out/experiments/perception_rt_small_v0/perception_raw/native/panoptic/cam_corner_sw/semantic_decoded/000000.pgm,file,true,307215,,keep_validated_output,keep,Validated panoptic capture output used by the current pilot and linked by the dataset index.,python3 rt_out/scripts/perception/63_capture_panoptic_topics.py --config rt_out/experiments/perception_rt_small_v0/configs/perception_dataset_config.json --mode panoptic --max-messages-per-topic 3 --timeout-seconds 30 --force,rt_out/experiments/perception_rt_small_v0/dataset_index/panoptic_dataset_index.csv; rt_out/experiments/perception_rt_small_v0/dataset_index/panoptic_dataset_index.json
rt_out/experiments/perception_rt_small_v0/perception_raw/native/panoptic/cam_corner_sw/semantic_decoded/000001.pgm,file,true,307215,,keep_validated_output,keep,Validated panoptic capture output used by the current pilot and linked by the dataset index.,python3 rt_out/scripts/perception/63_capture_panoptic_topics.py --config rt_out/experiments/perception_rt_small_v0/configs/perception_dataset_config.json --mode panoptic --max-messages-per-topic 3 --timeout-seconds 30 --force,rt_out/experiments/perception_rt_small_v0/dataset_index/panoptic_dataset_index.csv; rt_out/experiments/perception_rt_small_v0/dataset_index/panoptic_dataset_index.json
rt_out/experiments/perception_rt_small_v0/perception_raw/native/panoptic/cam_corner_sw/semantic_decoded/000002.pgm,file,true,307215,,keep_validated_output,keep,Validated panoptic capture output used by the current pilot and linked by the dataset index.,python3 rt_out/scripts/perception/63_capture_panoptic_topics.py --config rt_out/experiments/perception_rt_small_v0/configs/perception_dataset_config.json --mode panoptic --max-messages-per-topic 3 --timeout-seconds 30 --force,rt_out/experiments/perception_rt_small_v0/dataset_index/panoptic_dataset_index.csv; rt_out/experiments/perception_rt_small_v0/dataset_index/panoptic_dataset_index.json
rt_out/experiments/perception_rt_small_v0/perception_raw/native/panoptic/cam_wall_east,directory,true,8298441,15,keep_validated_output,keep,Validated panoptic capture output used by the current pilot and linked by the dataset index.,python3 rt_out/scripts/perception/63_capture_panoptic_topics.py --config rt_out/experiments/perception_rt_small_v0/configs/perception_dataset_config.json --mode panoptic --max-messages-per-topic 3 --timeout-seconds 30 --force,rt_out/experiments/perception_rt_small_v0/dataset_index/panoptic_dataset_index.csv; rt_out/experiments/perception_rt_small_v0/dataset_index/panoptic_dataset_index.json
rt_out/experiments/perception_rt_small_v0/perception_raw/native/panoptic/cam_wall_east/colored_maps,directory,true,2764845,3,keep_validated_output,keep,Validated panoptic capture output used by the current pilot and linked by the dataset index.,python3 rt_out/scripts/perception/63_capture_panoptic_topics.py --config rt_out/experiments/perception_rt_small_v0/configs/perception_dataset_config.json --mode panoptic --max-messages-per-topic 3 --timeout-seconds 30 --force,rt_out/experiments/perception_rt_small_v0/dataset_index/panoptic_dataset_index.csv; rt_out/experiments/perception_rt_small_v0/dataset_index/panoptic_dataset_index.json
rt_out/experiments/perception_rt_small_v0/perception_raw/native/panoptic/cam_wall_east/colored_maps/000000.ppm,file,true,921615,,keep_validated_output,keep,Validated panoptic capture output used by the current pilot and linked by the dataset index.,python3 rt_out/scripts/perception/63_capture_panoptic_topics.py --config rt_out/experiments/perception_rt_small_v0/configs/perception_dataset_config.json --mode panoptic --max-messages-per-topic 3 --timeout-seconds 30 --force,rt_out/experiments/perception_rt_small_v0/dataset_index/panoptic_dataset_index.csv; rt_out/experiments/perception_rt_small_v0/dataset_index/panoptic_dataset_index.json
rt_out/experiments/perception_rt_small_v0/perception_raw/native/panoptic/cam_wall_east/colored_maps/000001.ppm,file,true,921615,,keep_validated_output,keep,Validated panoptic capture output used by the current pilot and linked by the dataset index.,python3 rt_out/scripts/perception/63_capture_panoptic_topics.py --config rt_out/experiments/perception_rt_small_v0/configs/perception_dataset_config.json --mode panoptic --max-messages-per-topic 3 --timeout-seconds 30 --force,rt_out/experiments/perception_rt_small_v0/dataset_index/panoptic_dataset_index.csv; rt_out/experiments/perception_rt_small_v0/dataset_index/panoptic_dataset_index.json
rt_out/experiments/perception_rt_small_v0/perception_raw/native/panoptic/cam_wall_east/colored_maps/000002.ppm,file,true,921615,,keep_validated_output,keep,Validated panoptic capture output used by the current pilot and linked by the dataset index.,python3 rt_out/scripts/perception/63_capture_panoptic_topics.py --config rt_out/experiments/perception_rt_small_v0/configs/perception_dataset_config.json --mode panoptic --max-messages-per-topic 3 --timeout-seconds 30 --force,rt_out/experiments/perception_rt_small_v0/dataset_index/panoptic_dataset_index.csv; rt_out/experiments/perception_rt_small_v0/dataset_index/panoptic_dataset_index.json
rt_out/experiments/perception_rt_small_v0/perception_raw/native/panoptic/cam_wall_east/gazebo_instance_count,directory,true,1843251,3,keep_validated_output,keep,Validated panoptic capture output used by the current pilot and linked by the dataset index.,python3 rt_out/scripts/perception/63_capture_panoptic_topics.py --config rt_out/experiments/perception_rt_small_v0/configs/perception_dataset_config.json --mode panoptic --max-messages-per-topic 3 --timeout-seconds 30 --force,rt_out/experiments/perception_rt_small_v0/dataset_index/panoptic_dataset_index.csv; rt_out/experiments/perception_rt_small_v0/dataset_index/panoptic_dataset_index.json
rt_out/experiments/perception_rt_small_v0/perception_raw/native/panoptic/cam_wall_east/gazebo_instance_count/000000.pgm,file,true,614417,,keep_validated_output,keep,Validated panoptic capture output used by the current pilot and linked by the dataset index.,python3 rt_out/scripts/perception/63_capture_panoptic_topics.py --config rt_out/experiments/perception_rt_small_v0/configs/perception_dataset_config.json --mode panoptic --max-messages-per-topic 3 --timeout-seconds 30 --force,rt_out/experiments/perception_rt_small_v0/dataset_index/panoptic_dataset_index.csv; rt_out/experiments/perception_rt_small_v0/dataset_index/panoptic_dataset_index.json
rt_out/experiments/perception_rt_small_v0/perception_raw/native/panoptic/cam_wall_east/gazebo_instance_count/000001.pgm,file,true,614417,,keep_validated_output,keep,Validated panoptic capture output used by the current pilot and linked by the dataset index.,python3 rt_out/scripts/perception/63_capture_panoptic_topics.py --config rt_out/experiments/perception_rt_small_v0/configs/perception_dataset_config.json --mode panoptic --max-messages-per-topic 3 --timeout-seconds 30 --force,rt_out/experiments/perception_rt_small_v0/dataset_index/panoptic_dataset_index.csv; rt_out/experiments/perception_rt_small_v0/dataset_index/panoptic_dataset_index.json
rt_out/experiments/perception_rt_small_v0/perception_raw/native/panoptic/cam_wall_east/gazebo_instance_count/000002.pgm,file,true,614417,,keep_validated_output,keep,Validated panoptic capture output used by the current pilot and linked by the dataset index.,python3 rt_out/scripts/perception/63_capture_panoptic_topics.py --config rt_out/experiments/perception_rt_small_v0/configs/perception_dataset_config.json --mode panoptic --max-messages-per-topic 3 --timeout-seconds 30 --force,rt_out/experiments/perception_rt_small_v0/dataset_index/panoptic_dataset_index.csv; rt_out/experiments/perception_rt_small_v0/dataset_index/panoptic_dataset_index.json
rt_out/experiments/perception_rt_small_v0/perception_raw/native/panoptic/cam_wall_east/labels_maps_rgb,directory,true,2764845,3,keep_validated_output,keep,Validated panoptic capture output used by the current pilot and linked by the dataset index.,python3 rt_out/scripts/perception/63_capture_panoptic_topics.py --config rt_out/experiments/perception_rt_small_v0/configs/perception_dataset_config.json --mode panoptic --max-messages-per-topic 3 --timeout-seconds 30 --force,rt_out/experiments/perception_rt_small_v0/dataset_index/panoptic_dataset_index.csv; rt_out/experiments/perception_rt_small_v0/dataset_index/panoptic_dataset_index.json
rt_out/experiments/perception_rt_small_v0/perception_raw/native/panoptic/cam_wall_east/labels_maps_rgb/000000.ppm,file,true,921615,,keep_validated_output,keep,Validated panoptic capture output used by the current pilot and linked by the dataset index.,python3 rt_out/scripts/perception/63_capture_panoptic_topics.py --config rt_out/experiments/perception_rt_small_v0/configs/perception_dataset_config.json --mode panoptic --max-messages-per-topic 3 --timeout-seconds 30 --force,rt_out/experiments/perception_rt_small_v0/dataset_index/panoptic_dataset_index.csv; rt_out/experiments/perception_rt_small_v0/dataset_index/panoptic_dataset_index.json
rt_out/experiments/perception_rt_small_v0/perception_raw/native/panoptic/cam_wall_east/labels_maps_rgb/000001.ppm,file,true,921615,,keep_validated_output,keep,Validated panoptic capture output used by the current pilot and linked by the dataset index.,python3 rt_out/scripts/perception/63_capture_panoptic_topics.py --config rt_out/experiments/perception_rt_small_v0/configs/perception_dataset_config.json --mode panoptic --max-messages-per-topic 3 --timeout-seconds 30 --force,rt_out/experiments/perception_rt_small_v0/dataset_index/panoptic_dataset_index.csv; rt_out/experiments/perception_rt_small_v0/dataset_index/panoptic_dataset_index.json
rt_out/experiments/perception_rt_small_v0/perception_raw/native/panoptic/cam_wall_east/labels_maps_rgb/000002.ppm,file,true,921615,,keep_validated_output,keep,Validated panoptic capture output used by the current pilot and linked by the dataset index.,python3 rt_out/scripts/perception/63_capture_panoptic_topics.py --config rt_out/experiments/perception_rt_small_v0/configs/perception_dataset_config.json --mode panoptic --max-messages-per-topic 3 --timeout-seconds 30 --force,rt_out/experiments/perception_rt_small_v0/dataset_index/panoptic_dataset_index.csv; rt_out/experiments/perception_rt_small_v0/dataset_index/panoptic_dataset_index.json
rt_out/experiments/perception_rt_small_v0/perception_raw/native/panoptic/cam_wall_east/metadata,directory,true,3855,3,keep_validated_output,keep,Validated panoptic capture output used by the current pilot and linked by the dataset index.,python3 rt_out/scripts/perception/63_capture_panoptic_topics.py --config rt_out/experiments/perception_rt_small_v0/configs/perception_dataset_config.json --mode panoptic --max-messages-per-topic 3 --timeout-seconds 30 --force,rt_out/experiments/perception_rt_small_v0/dataset_index/panoptic_dataset_index.csv; rt_out/experiments/perception_rt_small_v0/dataset_index/panoptic_dataset_index.json
rt_out/experiments/perception_rt_small_v0/perception_raw/native/panoptic/cam_wall_east/metadata/000000.json,file,true,1285,,keep_validated_output,keep,Validated panoptic capture output used by the current pilot and linked by the dataset index.,python3 rt_out/scripts/perception/63_capture_panoptic_topics.py --config rt_out/experiments/perception_rt_small_v0/configs/perception_dataset_config.json --mode panoptic --max-messages-per-topic 3 --timeout-seconds 30 --force,rt_out/experiments/perception_rt_small_v0/dataset_index/panoptic_dataset_index.csv; rt_out/experiments/perception_rt_small_v0/dataset_index/panoptic_dataset_index.json
rt_out/experiments/perception_rt_small_v0/perception_raw/native/panoptic/cam_wall_east/metadata/000001.json,file,true,1285,,keep_validated_output,keep,Validated panoptic capture output used by the current pilot and linked by the dataset index.,python3 rt_out/scripts/perception/63_capture_panoptic_topics.py --config rt_out/experiments/perception_rt_small_v0/configs/perception_dataset_config.json --mode panoptic --max-messages-per-topic 3 --timeout-seconds 30 --force,rt_out/experiments/perception_rt_small_v0/dataset_index/panoptic_dataset_index.csv; rt_out/experiments/perception_rt_small_v0/dataset_index/panoptic_dataset_index.json
rt_out/experiments/perception_rt_small_v0/perception_raw/native/panoptic/cam_wall_east/metadata/000002.json,file,true,1285,,keep_validated_output,keep,Validated panoptic capture output used by the current pilot and linked by the dataset index.,python3 rt_out/scripts/perception/63_capture_panoptic_topics.py --config rt_out/experiments/perception_rt_small_v0/configs/perception_dataset_config.json --mode panoptic --max-messages-per-topic 3 --timeout-seconds 30 --force,rt_out/experiments/perception_rt_small_v0/dataset_index/panoptic_dataset_index.csv; rt_out/experiments/perception_rt_small_v0/dataset_index/panoptic_dataset_index.json
rt_out/experiments/perception_rt_small_v0/perception_raw/native/panoptic/cam_wall_east/semantic_decoded,directory,true,921645,3,keep_validated_output,keep,Validated panoptic capture output used by the current pilot and linked by the dataset index.,python3 rt_out/scripts/perception/63_capture_panoptic_topics.py --config rt_out/experiments/perception_rt_small_v0/configs/perception_dataset_config.json --mode panoptic --max-messages-per-topic 3 --timeout-seconds 30 --force,rt_out/experiments/perception_rt_small_v0/dataset_index/panoptic_dataset_index.csv; rt_out/experiments/perception_rt_small_v0/dataset_index/panoptic_dataset_index.json
rt_out/experiments/perception_rt_small_v0/perception_raw/native/panoptic/cam_wall_east/semantic_decoded/000000.pgm,file,true,307215,,keep_validated_output,keep,Validated panoptic capture output used by the current pilot and linked by the dataset index.,python3 rt_out/scripts/perception/63_capture_panoptic_topics.py --config rt_out/experiments/perception_rt_small_v0/configs/perception_dataset_config.json --mode panoptic --max-messages-per-topic 3 --timeout-seconds 30 --force,rt_out/experiments/perception_rt_small_v0/dataset_index/panoptic_dataset_index.csv; rt_out/experiments/perception_rt_small_v0/dataset_index/panoptic_dataset_index.json
rt_out/experiments/perception_rt_small_v0/perception_raw/native/panoptic/cam_wall_east/semantic_decoded/000001.pgm,file,true,307215,,keep_validated_output,keep,Validated panoptic capture output used by the current pilot and linked by the dataset index.,python3 rt_out/scripts/perception/63_capture_panoptic_topics.py --config rt_out/experiments/perception_rt_small_v0/configs/perception_dataset_config.json --mode panoptic --max-messages-per-topic 3 --timeout-seconds 30 --force,rt_out/experiments/perception_rt_small_v0/dataset_index/panoptic_dataset_index.csv; rt_out/experiments/perception_rt_small_v0/dataset_index/panoptic_dataset_index.json
rt_out/experiments/perception_rt_small_v0/perception_raw/native/panoptic/cam_wall_east/semantic_decoded/000002.pgm,file,true,307215,,keep_validated_output,keep,Validated panoptic capture output used by the current pilot and linked by the dataset index.,python3 rt_out/scripts/perception/63_capture_panoptic_topics.py --config rt_out/experiments/perception_rt_small_v0/configs/perception_dataset_config.json --mode panoptic --max-messages-per-topic 3 --timeout-seconds 30 --force,rt_out/experiments/perception_rt_small_v0/dataset_index/panoptic_dataset_index.csv; rt_out/experiments/perception_rt_small_v0/dataset_index/panoptic_dataset_index.json
rt_out/experiments/perception_rt_small_v0/perception_raw/native/panoptic/cam_wall_north,directory,true,8298459,15,keep_validated_output,keep,Validated panoptic capture output used by the current pilot and linked by the dataset index.,python3 rt_out/scripts/perception/63_capture_panoptic_topics.py --config rt_out/experiments/perception_rt_small_v0/configs/perception_dataset_config.json --mode panoptic --max-messages-per-topic 3 --timeout-seconds 30 --force,rt_out/experiments/perception_rt_small_v0/dataset_index/panoptic_dataset_index.csv; rt_out/experiments/perception_rt_small_v0/dataset_index/panoptic_dataset_index.json
rt_out/experiments/perception_rt_small_v0/perception_raw/native/panoptic/cam_wall_north/colored_maps,directory,true,2764845,3,keep_validated_output,keep,Validated panoptic capture output used by the current pilot and linked by the dataset index.,python3 rt_out/scripts/perception/63_capture_panoptic_topics.py --config rt_out/experiments/perception_rt_small_v0/configs/perception_dataset_config.json --mode panoptic --max-messages-per-topic 3 --timeout-seconds 30 --force,rt_out/experiments/perception_rt_small_v0/dataset_index/panoptic_dataset_index.csv; rt_out/experiments/perception_rt_small_v0/dataset_index/panoptic_dataset_index.json
rt_out/experiments/perception_rt_small_v0/perception_raw/native/panoptic/cam_wall_north/colored_maps/000000.ppm,file,true,921615,,keep_validated_output,keep,Validated panoptic capture output used by the current pilot and linked by the dataset index.,python3 rt_out/scripts/perception/63_capture_panoptic_topics.py --config rt_out/experiments/perception_rt_small_v0/configs/perception_dataset_config.json --mode panoptic --max-messages-per-topic 3 --timeout-seconds 30 --force,rt_out/experiments/perception_rt_small_v0/dataset_index/panoptic_dataset_index.csv; rt_out/experiments/perception_rt_small_v0/dataset_index/panoptic_dataset_index.json
rt_out/experiments/perception_rt_small_v0/perception_raw/native/panoptic/cam_wall_north/colored_maps/000001.ppm,file,true,921615,,keep_validated_output,keep,Validated panoptic capture output used by the current pilot and linked by the dataset index.,python3 rt_out/scripts/perception/63_capture_panoptic_topics.py --config rt_out/experiments/perception_rt_small_v0/configs/perception_dataset_config.json --mode panoptic --max-messages-per-topic 3 --timeout-seconds 30 --force,rt_out/experiments/perception_rt_small_v0/dataset_index/panoptic_dataset_index.csv; rt_out/experiments/perception_rt_small_v0/dataset_index/panoptic_dataset_index.json
rt_out/experiments/perception_rt_small_v0/perception_raw/native/panoptic/cam_wall_north/colored_maps/000002.ppm,file,true,921615,,keep_validated_output,keep,Validated panoptic capture output used by the current pilot and linked by the dataset index.,python3 rt_out/scripts/perception/63_capture_panoptic_topics.py --config rt_out/experiments/perception_rt_small_v0/configs/perception_dataset_config.json --mode panoptic --max-messages-per-topic 3 --timeout-seconds 30 --force,rt_out/experiments/perception_rt_small_v0/dataset_index/panoptic_dataset_index.csv; rt_out/experiments/perception_rt_small_v0/dataset_index/panoptic_dataset_index.json
rt_out/experiments/perception_rt_small_v0/perception_raw/native/panoptic/cam_wall_north/gazebo_instance_count,directory,true,1843251,3,keep_validated_output,keep,Validated panoptic capture output used by the current pilot and linked by the dataset index.,python3 rt_out/scripts/perception/63_capture_panoptic_topics.py --config rt_out/experiments/perception_rt_small_v0/configs/perception_dataset_config.json --mode panoptic --max-messages-per-topic 3 --timeout-seconds 30 --force,rt_out/experiments/perception_rt_small_v0/dataset_index/panoptic_dataset_index.csv; rt_out/experiments/perception_rt_small_v0/dataset_index/panoptic_dataset_index.json
rt_out/experiments/perception_rt_small_v0/perception_raw/native/panoptic/cam_wall_north/gazebo_instance_count/000000.pgm,file,true,614417,,keep_validated_output,keep,Validated panoptic capture output used by the current pilot and linked by the dataset index.,python3 rt_out/scripts/perception/63_capture_panoptic_topics.py --config rt_out/experiments/perception_rt_small_v0/configs/perception_dataset_config.json --mode panoptic --max-messages-per-topic 3 --timeout-seconds 30 --force,rt_out/experiments/perception_rt_small_v0/dataset_index/panoptic_dataset_index.csv; rt_out/experiments/perception_rt_small_v0/dataset_index/panoptic_dataset_index.json
rt_out/experiments/perception_rt_small_v0/perception_raw/native/panoptic/cam_wall_north/gazebo_instance_count/000001.pgm,file,true,614417,,keep_validated_output,keep,Validated panoptic capture output used by the current pilot and linked by the dataset index.,python3 rt_out/scripts/perception/63_capture_panoptic_topics.py --config rt_out/experiments/perception_rt_small_v0/configs/perception_dataset_config.json --mode panoptic --max-messages-per-topic 3 --timeout-seconds 30 --force,rt_out/experiments/perception_rt_small_v0/dataset_index/panoptic_dataset_index.csv; rt_out/experiments/perception_rt_small_v0/dataset_index/panoptic_dataset_index.json
rt_out/experiments/perception_rt_small_v0/perception_raw/native/panoptic/cam_wall_north/gazebo_instance_count/000002.pgm,file,true,614417,,keep_validated_output,keep,Validated panoptic capture output used by the current pilot and linked by the dataset index.,python3 rt_out/scripts/perception/63_capture_panoptic_topics.py --config rt_out/experiments/perception_rt_small_v0/configs/perception_dataset_config.json --mode panoptic --max-messages-per-topic 3 --timeout-seconds 30 --force,rt_out/experiments/perception_rt_small_v0/dataset_index/panoptic_dataset_index.csv; rt_out/experiments/perception_rt_small_v0/dataset_index/panoptic_dataset_index.json
rt_out/experiments/perception_rt_small_v0/perception_raw/native/panoptic/cam_wall_north/labels_maps_rgb,directory,true,2764845,3,keep_validated_output,keep,Validated panoptic capture output used by the current pilot and linked by the dataset index.,python3 rt_out/scripts/perception/63_capture_panoptic_topics.py --config rt_out/experiments/perception_rt_small_v0/configs/perception_dataset_config.json --mode panoptic --max-messages-per-topic 3 --timeout-seconds 30 --force,rt_out/experiments/perception_rt_small_v0/dataset_index/panoptic_dataset_index.csv; rt_out/experiments/perception_rt_small_v0/dataset_index/panoptic_dataset_index.json
rt_out/experiments/perception_rt_small_v0/perception_raw/native/panoptic/cam_wall_north/labels_maps_rgb/000000.ppm,file,true,921615,,keep_validated_output,keep,Validated panoptic capture output used by the current pilot and linked by the dataset index.,python3 rt_out/scripts/perception/63_capture_panoptic_topics.py --config rt_out/experiments/perception_rt_small_v0/configs/perception_dataset_config.json --mode panoptic --max-messages-per-topic 3 --timeout-seconds 30 --force,rt_out/experiments/perception_rt_small_v0/dataset_index/panoptic_dataset_index.csv; rt_out/experiments/perception_rt_small_v0/dataset_index/panoptic_dataset_index.json
rt_out/experiments/perception_rt_small_v0/perception_raw/native/panoptic/cam_wall_north/labels_maps_rgb/000001.ppm,file,true,921615,,keep_validated_output,keep,Validated panoptic capture output used by the current pilot and linked by the dataset index.,python3 rt_out/scripts/perception/63_capture_panoptic_topics.py --config rt_out/experiments/perception_rt_small_v0/configs/perception_dataset_config.json --mode panoptic --max-messages-per-topic 3 --timeout-seconds 30 --force,rt_out/experiments/perception_rt_small_v0/dataset_index/panoptic_dataset_index.csv; rt_out/experiments/perception_rt_small_v0/dataset_index/panoptic_dataset_index.json
rt_out/experiments/perception_rt_small_v0/perception_raw/native/panoptic/cam_wall_north/labels_maps_rgb/000002.ppm,file,true,921615,,keep_validated_output,keep,Validated panoptic capture output used by the current pilot and linked by the dataset index.,python3 rt_out/scripts/perception/63_capture_panoptic_topics.py --config rt_out/experiments/perception_rt_small_v0/configs/perception_dataset_config.json --mode panoptic --max-messages-per-topic 3 --timeout-seconds 30 --force,rt_out/experiments/perception_rt_small_v0/dataset_index/panoptic_dataset_index.csv; rt_out/experiments/perception_rt_small_v0/dataset_index/panoptic_dataset_index.json
rt_out/experiments/perception_rt_small_v0/perception_raw/native/panoptic/cam_wall_north/metadata,directory,true,3873,3,keep_validated_output,keep,Validated panoptic capture output used by the current pilot and linked by the dataset index.,python3 rt_out/scripts/perception/63_capture_panoptic_topics.py --config rt_out/experiments/perception_rt_small_v0/configs/perception_dataset_config.json --mode panoptic --max-messages-per-topic 3 --timeout-seconds 30 --force,rt_out/experiments/perception_rt_small_v0/dataset_index/panoptic_dataset_index.csv; rt_out/experiments/perception_rt_small_v0/dataset_index/panoptic_dataset_index.json
rt_out/experiments/perception_rt_small_v0/perception_raw/native/panoptic/cam_wall_north/metadata/000000.json,file,true,1291,,keep_validated_output,keep,Validated panoptic capture output used by the current pilot and linked by the dataset index.,python3 rt_out/scripts/perception/63_capture_panoptic_topics.py --config rt_out/experiments/perception_rt_small_v0/configs/perception_dataset_config.json --mode panoptic --max-messages-per-topic 3 --timeout-seconds 30 --force,rt_out/experiments/perception_rt_small_v0/dataset_index/panoptic_dataset_index.csv; rt_out/experiments/perception_rt_small_v0/dataset_index/panoptic_dataset_index.json
rt_out/experiments/perception_rt_small_v0/perception_raw/native/panoptic/cam_wall_north/metadata/000001.json,file,true,1291,,keep_validated_output,keep,Validated panoptic capture output used by the current pilot and linked by the dataset index.,python3 rt_out/scripts/perception/63_capture_panoptic_topics.py --config rt_out/experiments/perception_rt_small_v0/configs/perception_dataset_config.json --mode panoptic --max-messages-per-topic 3 --timeout-seconds 30 --force,rt_out/experiments/perception_rt_small_v0/dataset_index/panoptic_dataset_index.csv; rt_out/experiments/perception_rt_small_v0/dataset_index/panoptic_dataset_index.json
rt_out/experiments/perception_rt_small_v0/perception_raw/native/panoptic/cam_wall_north/metadata/000002.json,file,true,1291,,keep_validated_output,keep,Validated panoptic capture output used by the current pilot and linked by the dataset index.,python3 rt_out/scripts/perception/63_capture_panoptic_topics.py --config rt_out/experiments/perception_rt_small_v0/configs/perception_dataset_config.json --mode panoptic --max-messages-per-topic 3 --timeout-seconds 30 --force,rt_out/experiments/perception_rt_small_v0/dataset_index/panoptic_dataset_index.csv; rt_out/experiments/perception_rt_small_v0/dataset_index/panoptic_dataset_index.json
rt_out/experiments/perception_rt_small_v0/perception_raw/native/panoptic/cam_wall_north/semantic_decoded,directory,true,921645,3,keep_validated_output,keep,Validated panoptic capture output used by the current pilot and linked by the dataset index.,python3 rt_out/scripts/perception/63_capture_panoptic_topics.py --config rt_out/experiments/perception_rt_small_v0/configs/perception_dataset_config.json --mode panoptic --max-messages-per-topic 3 --timeout-seconds 30 --force,rt_out/experiments/perception_rt_small_v0/dataset_index/panoptic_dataset_index.csv; rt_out/experiments/perception_rt_small_v0/dataset_index/panoptic_dataset_index.json
rt_out/experiments/perception_rt_small_v0/perception_raw/native/panoptic/cam_wall_north/semantic_decoded/000000.pgm,file,true,307215,,keep_validated_output,keep,Validated panoptic capture output used by the current pilot and linked by the dataset index.,python3 rt_out/scripts/perception/63_capture_panoptic_topics.py --config rt_out/experiments/perception_rt_small_v0/configs/perception_dataset_config.json --mode panoptic --max-messages-per-topic 3 --timeout-seconds 30 --force,rt_out/experiments/perception_rt_small_v0/dataset_index/panoptic_dataset_index.csv; rt_out/experiments/perception_rt_small_v0/dataset_index/panoptic_dataset_index.json
rt_out/experiments/perception_rt_small_v0/perception_raw/native/panoptic/cam_wall_north/semantic_decoded/000001.pgm,file,true,307215,,keep_validated_output,keep,Validated panoptic capture output used by the current pilot and linked by the dataset index.,python3 rt_out/scripts/perception/63_capture_panoptic_topics.py --config rt_out/experiments/perception_rt_small_v0/configs/perception_dataset_config.json --mode panoptic --max-messages-per-topic 3 --timeout-seconds 30 --force,rt_out/experiments/perception_rt_small_v0/dataset_index/panoptic_dataset_index.csv; rt_out/experiments/perception_rt_small_v0/dataset_index/panoptic_dataset_index.json
rt_out/experiments/perception_rt_small_v0/perception_raw/native/panoptic/cam_wall_north/semantic_decoded/000002.pgm,file,true,307215,,keep_validated_output,keep,Validated panoptic capture output used by the current pilot and linked by the dataset index.,python3 rt_out/scripts/perception/63_capture_panoptic_topics.py --config rt_out/experiments/perception_rt_small_v0/configs/perception_dataset_config.json --mode panoptic --max-messages-per-topic 3 --timeout-seconds 30 --force,rt_out/experiments/perception_rt_small_v0/dataset_index/panoptic_dataset_index.csv; rt_out/experiments/perception_rt_small_v0/dataset_index/panoptic_dataset_index.json
rt_out/experiments/perception_rt_small_v0/perception_raw/native/panoptic/cam_wall_south,directory,true,8298459,15,keep_validated_output,keep,Validated panoptic capture output used by the current pilot and linked by the dataset index.,python3 rt_out/scripts/perception/63_capture_panoptic_topics.py --config rt_out/experiments/perception_rt_small_v0/configs/perception_dataset_config.json --mode panoptic --max-messages-per-topic 3 --timeout-seconds 30 --force,rt_out/experiments/perception_rt_small_v0/dataset_index/panoptic_dataset_index.csv; rt_out/experiments/perception_rt_small_v0/dataset_index/panoptic_dataset_index.json
rt_out/experiments/perception_rt_small_v0/perception_raw/native/panoptic/cam_wall_south/colored_maps,directory,true,2764845,3,keep_validated_output,keep,Validated panoptic capture output used by the current pilot and linked by the dataset index.,python3 rt_out/scripts/perception/63_capture_panoptic_topics.py --config rt_out/experiments/perception_rt_small_v0/configs/perception_dataset_config.json --mode panoptic --max-messages-per-topic 3 --timeout-seconds 30 --force,rt_out/experiments/perception_rt_small_v0/dataset_index/panoptic_dataset_index.csv; rt_out/experiments/perception_rt_small_v0/dataset_index/panoptic_dataset_index.json
rt_out/experiments/perception_rt_small_v0/perception_raw/native/panoptic/cam_wall_south/colored_maps/000000.ppm,file,true,921615,,keep_validated_output,keep,Validated panoptic capture output used by the current pilot and linked by the dataset index.,python3 rt_out/scripts/perception/63_capture_panoptic_topics.py --config rt_out/experiments/perception_rt_small_v0/configs/perception_dataset_config.json --mode panoptic --max-messages-per-topic 3 --timeout-seconds 30 --force,rt_out/experiments/perception_rt_small_v0/dataset_index/panoptic_dataset_index.csv; rt_out/experiments/perception_rt_small_v0/dataset_index/panoptic_dataset_index.json
rt_out/experiments/perception_rt_small_v0/perception_raw/native/panoptic/cam_wall_south/colored_maps/000001.ppm,file,true,921615,,keep_validated_output,keep,Validated panoptic capture output used by the current pilot and linked by the dataset index.,python3 rt_out/scripts/perception/63_capture_panoptic_topics.py --config rt_out/experiments/perception_rt_small_v0/configs/perception_dataset_config.json --mode panoptic --max-messages-per-topic 3 --timeout-seconds 30 --force,rt_out/experiments/perception_rt_small_v0/dataset_index/panoptic_dataset_index.csv; rt_out/experiments/perception_rt_small_v0/dataset_index/panoptic_dataset_index.json
rt_out/experiments/perception_rt_small_v0/perception_raw/native/panoptic/cam_wall_south/colored_maps/000002.ppm,file,true,921615,,keep_validated_output,keep,Validated panoptic capture output used by the current pilot and linked by the dataset index.,python3 rt_out/scripts/perception/63_capture_panoptic_topics.py --config rt_out/experiments/perception_rt_small_v0/configs/perception_dataset_config.json --mode panoptic --max-messages-per-topic 3 --timeout-seconds 30 --force,rt_out/experiments/perception_rt_small_v0/dataset_index/panoptic_dataset_index.csv; rt_out/experiments/perception_rt_small_v0/dataset_index/panoptic_dataset_index.json
rt_out/experiments/perception_rt_small_v0/perception_raw/native/panoptic/cam_wall_south/gazebo_instance_count,directory,true,1843251,3,keep_validated_output,keep,Validated panoptic capture output used by the current pilot and linked by the dataset index.,python3 rt_out/scripts/perception/63_capture_panoptic_topics.py --config rt_out/experiments/perception_rt_small_v0/configs/perception_dataset_config.json --mode panoptic --max-messages-per-topic 3 --timeout-seconds 30 --force,rt_out/experiments/perception_rt_small_v0/dataset_index/panoptic_dataset_index.csv; rt_out/experiments/perception_rt_small_v0/dataset_index/panoptic_dataset_index.json
rt_out/experiments/perception_rt_small_v0/perception_raw/native/panoptic/cam_wall_south/gazebo_instance_count/000000.pgm,file,true,614417,,keep_validated_output,keep,Validated panoptic capture output used by the current pilot and linked by the dataset index.,python3 rt_out/scripts/perception/63_capture_panoptic_topics.py --config rt_out/experiments/perception_rt_small_v0/configs/perception_dataset_config.json --mode panoptic --max-messages-per-topic 3 --timeout-seconds 30 --force,rt_out/experiments/perception_rt_small_v0/dataset_index/panoptic_dataset_index.csv; rt_out/experiments/perception_rt_small_v0/dataset_index/panoptic_dataset_index.json
rt_out/experiments/perception_rt_small_v0/perception_raw/native/panoptic/cam_wall_south/gazebo_instance_count/000001.pgm,file,true,614417,,keep_validated_output,keep,Validated panoptic capture output used by the current pilot and linked by the dataset index.,python3 rt_out/scripts/perception/63_capture_panoptic_topics.py --config rt_out/experiments/perception_rt_small_v0/configs/perception_dataset_config.json --mode panoptic --max-messages-per-topic 3 --timeout-seconds 30 --force,rt_out/experiments/perception_rt_small_v0/dataset_index/panoptic_dataset_index.csv; rt_out/experiments/perception_rt_small_v0/dataset_index/panoptic_dataset_index.json
rt_out/experiments/perception_rt_small_v0/perception_raw/native/panoptic/cam_wall_south/gazebo_instance_count/000002.pgm,file,true,614417,,keep_validated_output,keep,Validated panoptic capture output used by the current pilot and linked by the dataset index.,python3 rt_out/scripts/perception/63_capture_panoptic_topics.py --config rt_out/experiments/perception_rt_small_v0/configs/perception_dataset_config.json --mode panoptic --max-messages-per-topic 3 --timeout-seconds 30 --force,rt_out/experiments/perception_rt_small_v0/dataset_index/panoptic_dataset_index.csv; rt_out/experiments/perception_rt_small_v0/dataset_index/panoptic_dataset_index.json
rt_out/experiments/perception_rt_small_v0/perception_raw/native/panoptic/cam_wall_south/labels_maps_rgb,directory,true,2764845,3,keep_validated_output,keep,Validated panoptic capture output used by the current pilot and linked by the dataset index.,python3 rt_out/scripts/perception/63_capture_panoptic_topics.py --config rt_out/experiments/perception_rt_small_v0/configs/perception_dataset_config.json --mode panoptic --max-messages-per-topic 3 --timeout-seconds 30 --force,rt_out/experiments/perception_rt_small_v0/dataset_index/panoptic_dataset_index.csv; rt_out/experiments/perception_rt_small_v0/dataset_index/panoptic_dataset_index.json
rt_out/experiments/perception_rt_small_v0/perception_raw/native/panoptic/cam_wall_south/labels_maps_rgb/000000.ppm,file,true,921615,,keep_validated_output,keep,Validated panoptic capture output used by the current pilot and linked by the dataset index.,python3 rt_out/scripts/perception/63_capture_panoptic_topics.py --config rt_out/experiments/perception_rt_small_v0/configs/perception_dataset_config.json --mode panoptic --max-messages-per-topic 3 --timeout-seconds 30 --force,rt_out/experiments/perception_rt_small_v0/dataset_index/panoptic_dataset_index.csv; rt_out/experiments/perception_rt_small_v0/dataset_index/panoptic_dataset_index.json
rt_out/experiments/perception_rt_small_v0/perception_raw/native/panoptic/cam_wall_south/labels_maps_rgb/000001.ppm,file,true,921615,,keep_validated_output,keep,Validated panoptic capture output used by the current pilot and linked by the dataset index.,python3 rt_out/scripts/perception/63_capture_panoptic_topics.py --config rt_out/experiments/perception_rt_small_v0/configs/perception_dataset_config.json --mode panoptic --max-messages-per-topic 3 --timeout-seconds 30 --force,rt_out/experiments/perception_rt_small_v0/dataset_index/panoptic_dataset_index.csv; rt_out/experiments/perception_rt_small_v0/dataset_index/panoptic_dataset_index.json
rt_out/experiments/perception_rt_small_v0/perception_raw/native/panoptic/cam_wall_south/labels_maps_rgb/000002.ppm,file,true,921615,,keep_validated_output,keep,Validated panoptic capture output used by the current pilot and linked by the dataset index.,python3 rt_out/scripts/perception/63_capture_panoptic_topics.py --config rt_out/experiments/perception_rt_small_v0/configs/perception_dataset_config.json --mode panoptic --max-messages-per-topic 3 --timeout-seconds 30 --force,rt_out/experiments/perception_rt_small_v0/dataset_index/panoptic_dataset_index.csv; rt_out/experiments/perception_rt_small_v0/dataset_index/panoptic_dataset_index.json
rt_out/experiments/perception_rt_small_v0/perception_raw/native/panoptic/cam_wall_south/metadata,directory,true,3873,3,keep_validated_output,keep,Validated panoptic capture output used by the current pilot and linked by the dataset index.,python3 rt_out/scripts/perception/63_capture_panoptic_topics.py --config rt_out/experiments/perception_rt_small_v0/configs/perception_dataset_config.json --mode panoptic --max-messages-per-topic 3 --timeout-seconds 30 --force,rt_out/experiments/perception_rt_small_v0/dataset_index/panoptic_dataset_index.csv; rt_out/experiments/perception_rt_small_v0/dataset_index/panoptic_dataset_index.json
rt_out/experiments/perception_rt_small_v0/perception_raw/native/panoptic/cam_wall_south/metadata/000000.json,file,true,1291,,keep_validated_output,keep,Validated panoptic capture output used by the current pilot and linked by the dataset index.,python3 rt_out/scripts/perception/63_capture_panoptic_topics.py --config rt_out/experiments/perception_rt_small_v0/configs/perception_dataset_config.json --mode panoptic --max-messages-per-topic 3 --timeout-seconds 30 --force,rt_out/experiments/perception_rt_small_v0/dataset_index/panoptic_dataset_index.csv; rt_out/experiments/perception_rt_small_v0/dataset_index/panoptic_dataset_index.json
rt_out/experiments/perception_rt_small_v0/perception_raw/native/panoptic/cam_wall_south/metadata/000001.json,file,true,1291,,keep_validated_output,keep,Validated panoptic capture output used by the current pilot and linked by the dataset index.,python3 rt_out/scripts/perception/63_capture_panoptic_topics.py --config rt_out/experiments/perception_rt_small_v0/configs/perception_dataset_config.json --mode panoptic --max-messages-per-topic 3 --timeout-seconds 30 --force,rt_out/experiments/perception_rt_small_v0/dataset_index/panoptic_dataset_index.csv; rt_out/experiments/perception_rt_small_v0/dataset_index/panoptic_dataset_index.json
rt_out/experiments/perception_rt_small_v0/perception_raw/native/panoptic/cam_wall_south/metadata/000002.json,file,true,1291,,keep_validated_output,keep,Validated panoptic capture output used by the current pilot and linked by the dataset index.,python3 rt_out/scripts/perception/63_capture_panoptic_topics.py --config rt_out/experiments/perception_rt_small_v0/configs/perception_dataset_config.json --mode panoptic --max-messages-per-topic 3 --timeout-seconds 30 --force,rt_out/experiments/perception_rt_small_v0/dataset_index/panoptic_dataset_index.csv; rt_out/experiments/perception_rt_small_v0/dataset_index/panoptic_dataset_index.json
rt_out/experiments/perception_rt_small_v0/perception_raw/native/panoptic/cam_wall_south/semantic_decoded,directory,true,921645,3,keep_validated_output,keep,Validated panoptic capture output used by the current pilot and linked by the dataset index.,python3 rt_out/scripts/perception/63_capture_panoptic_topics.py --config rt_out/experiments/perception_rt_small_v0/configs/perception_dataset_config.json --mode panoptic --max-messages-per-topic 3 --timeout-seconds 30 --force,rt_out/experiments/perception_rt_small_v0/dataset_index/panoptic_dataset_index.csv; rt_out/experiments/perception_rt_small_v0/dataset_index/panoptic_dataset_index.json
rt_out/experiments/perception_rt_small_v0/perception_raw/native/panoptic/cam_wall_south/semantic_decoded/000000.pgm,file,true,307215,,keep_validated_output,keep,Validated panoptic capture output used by the current pilot and linked by the dataset index.,python3 rt_out/scripts/perception/63_capture_panoptic_topics.py --config rt_out/experiments/perception_rt_small_v0/configs/perception_dataset_config.json --mode panoptic --max-messages-per-topic 3 --timeout-seconds 30 --force,rt_out/experiments/perception_rt_small_v0/dataset_index/panoptic_dataset_index.csv; rt_out/experiments/perception_rt_small_v0/dataset_index/panoptic_dataset_index.json
rt_out/experiments/perception_rt_small_v0/perception_raw/native/panoptic/cam_wall_south/semantic_decoded/000001.pgm,file,true,307215,,keep_validated_output,keep,Validated panoptic capture output used by the current pilot and linked by the dataset index.,python3 rt_out/scripts/perception/63_capture_panoptic_topics.py --config rt_out/experiments/perception_rt_small_v0/configs/perception_dataset_config.json --mode panoptic --max-messages-per-topic 3 --timeout-seconds 30 --force,rt_out/experiments/perception_rt_small_v0/dataset_index/panoptic_dataset_index.csv; rt_out/experiments/perception_rt_small_v0/dataset_index/panoptic_dataset_index.json
rt_out/experiments/perception_rt_small_v0/perception_raw/native/panoptic/cam_wall_south/semantic_decoded/000002.pgm,file,true,307215,,keep_validated_output,keep,Validated panoptic capture output used by the current pilot and linked by the dataset index.,python3 rt_out/scripts/perception/63_capture_panoptic_topics.py --config rt_out/experiments/perception_rt_small_v0/configs/perception_dataset_config.json --mode panoptic --max-messages-per-topic 3 --timeout-seconds 30 --force,rt_out/experiments/perception_rt_small_v0/dataset_index/panoptic_dataset_index.csv; rt_out/experiments/perception_rt_small_v0/dataset_index/panoptic_dataset_index.json
rt_out/experiments/perception_rt_small_v0/perception_raw/native/panoptic/cam_wall_west,directory,true,8298441,15,keep_validated_output,keep,Validated panoptic capture output used by the current pilot and linked by the dataset index.,python3 rt_out/scripts/perception/63_capture_panoptic_topics.py --config rt_out/experiments/perception_rt_small_v0/configs/perception_dataset_config.json --mode panoptic --max-messages-per-topic 3 --timeout-seconds 30 --force,rt_out/experiments/perception_rt_small_v0/dataset_index/panoptic_dataset_index.csv; rt_out/experiments/perception_rt_small_v0/dataset_index/panoptic_dataset_index.json
rt_out/experiments/perception_rt_small_v0/perception_raw/native/panoptic/cam_wall_west/colored_maps,directory,true,2764845,3,keep_validated_output,keep,Validated panoptic capture output used by the current pilot and linked by the dataset index.,python3 rt_out/scripts/perception/63_capture_panoptic_topics.py --config rt_out/experiments/perception_rt_small_v0/configs/perception_dataset_config.json --mode panoptic --max-messages-per-topic 3 --timeout-seconds 30 --force,rt_out/experiments/perception_rt_small_v0/dataset_index/panoptic_dataset_index.csv; rt_out/experiments/perception_rt_small_v0/dataset_index/panoptic_dataset_index.json
rt_out/experiments/perception_rt_small_v0/perception_raw/native/panoptic/cam_wall_west/colored_maps/000000.ppm,file,true,921615,,keep_validated_output,keep,Validated panoptic capture output used by the current pilot and linked by the dataset index.,python3 rt_out/scripts/perception/63_capture_panoptic_topics.py --config rt_out/experiments/perception_rt_small_v0/configs/perception_dataset_config.json --mode panoptic --max-messages-per-topic 3 --timeout-seconds 30 --force,rt_out/experiments/perception_rt_small_v0/dataset_index/panoptic_dataset_index.csv; rt_out/experiments/perception_rt_small_v0/dataset_index/panoptic_dataset_index.json
rt_out/experiments/perception_rt_small_v0/perception_raw/native/panoptic/cam_wall_west/colored_maps/000001.ppm,file,true,921615,,keep_validated_output,keep,Validated panoptic capture output used by the current pilot and linked by the dataset index.,python3 rt_out/scripts/perception/63_capture_panoptic_topics.py --config rt_out/experiments/perception_rt_small_v0/configs/perception_dataset_config.json --mode panoptic --max-messages-per-topic 3 --timeout-seconds 30 --force,rt_out/experiments/perception_rt_small_v0/dataset_index/panoptic_dataset_index.csv; rt_out/experiments/perception_rt_small_v0/dataset_index/panoptic_dataset_index.json
rt_out/experiments/perception_rt_small_v0/perception_raw/native/panoptic/cam_wall_west/colored_maps/000002.ppm,file,true,921615,,keep_validated_output,keep,Validated panoptic capture output used by the current pilot and linked by the dataset index.,python3 rt_out/scripts/perception/63_capture_panoptic_topics.py --config rt_out/experiments/perception_rt_small_v0/configs/perception_dataset_config.json --mode panoptic --max-messages-per-topic 3 --timeout-seconds 30 --force,rt_out/experiments/perception_rt_small_v0/dataset_index/panoptic_dataset_index.csv; rt_out/experiments/perception_rt_small_v0/dataset_index/panoptic_dataset_index.json
rt_out/experiments/perception_rt_small_v0/perception_raw/native/panoptic/cam_wall_west/gazebo_instance_count,directory,true,1843251,3,keep_validated_output,keep,Validated panoptic capture output used by the current pilot and linked by the dataset index.,python3 rt_out/scripts/perception/63_capture_panoptic_topics.py --config rt_out/experiments/perception_rt_small_v0/configs/perception_dataset_config.json --mode panoptic --max-messages-per-topic 3 --timeout-seconds 30 --force,rt_out/experiments/perception_rt_small_v0/dataset_index/panoptic_dataset_index.csv; rt_out/experiments/perception_rt_small_v0/dataset_index/panoptic_dataset_index.json
rt_out/experiments/perception_rt_small_v0/perception_raw/native/panoptic/cam_wall_west/gazebo_instance_count/000000.pgm,file,true,614417,,keep_validated_output,keep,Validated panoptic capture output used by the current pilot and linked by the dataset index.,python3 rt_out/scripts/perception/63_capture_panoptic_topics.py --config rt_out/experiments/perception_rt_small_v0/configs/perception_dataset_config.json --mode panoptic --max-messages-per-topic 3 --timeout-seconds 30 --force,rt_out/experiments/perception_rt_small_v0/dataset_index/panoptic_dataset_index.csv; rt_out/experiments/perception_rt_small_v0/dataset_index/panoptic_dataset_index.json
rt_out/experiments/perception_rt_small_v0/perception_raw/native/panoptic/cam_wall_west/gazebo_instance_count/000001.pgm,file,true,614417,,keep_validated_output,keep,Validated panoptic capture output used by the current pilot and linked by the dataset index.,python3 rt_out/scripts/perception/63_capture_panoptic_topics.py --config rt_out/experiments/perception_rt_small_v0/configs/perception_dataset_config.json --mode panoptic --max-messages-per-topic 3 --timeout-seconds 30 --force,rt_out/experiments/perception_rt_small_v0/dataset_index/panoptic_dataset_index.csv; rt_out/experiments/perception_rt_small_v0/dataset_index/panoptic_dataset_index.json
rt_out/experiments/perception_rt_small_v0/perception_raw/native/panoptic/cam_wall_west/gazebo_instance_count/000002.pgm,file,true,614417,,keep_validated_output,keep,Validated panoptic capture output used by the current pilot and linked by the dataset index.,python3 rt_out/scripts/perception/63_capture_panoptic_topics.py --config rt_out/experiments/perception_rt_small_v0/configs/perception_dataset_config.json --mode panoptic --max-messages-per-topic 3 --timeout-seconds 30 --force,rt_out/experiments/perception_rt_small_v0/dataset_index/panoptic_dataset_index.csv; rt_out/experiments/perception_rt_small_v0/dataset_index/panoptic_dataset_index.json
rt_out/experiments/perception_rt_small_v0/perception_raw/native/panoptic/cam_wall_west/labels_maps_rgb,directory,true,2764845,3,keep_validated_output,keep,Validated panoptic capture output used by the current pilot and linked by the dataset index.,python3 rt_out/scripts/perception/63_capture_panoptic_topics.py --config rt_out/experiments/perception_rt_small_v0/configs/perception_dataset_config.json --mode panoptic --max-messages-per-topic 3 --timeout-seconds 30 --force,rt_out/experiments/perception_rt_small_v0/dataset_index/panoptic_dataset_index.csv; rt_out/experiments/perception_rt_small_v0/dataset_index/panoptic_dataset_index.json
rt_out/experiments/perception_rt_small_v0/perception_raw/native/panoptic/cam_wall_west/labels_maps_rgb/000000.ppm,file,true,921615,,keep_validated_output,keep,Validated panoptic capture output used by the current pilot and linked by the dataset index.,python3 rt_out/scripts/perception/63_capture_panoptic_topics.py --config rt_out/experiments/perception_rt_small_v0/configs/perception_dataset_config.json --mode panoptic --max-messages-per-topic 3 --timeout-seconds 30 --force,rt_out/experiments/perception_rt_small_v0/dataset_index/panoptic_dataset_index.csv; rt_out/experiments/perception_rt_small_v0/dataset_index/panoptic_dataset_index.json
rt_out/experiments/perception_rt_small_v0/perception_raw/native/panoptic/cam_wall_west/labels_maps_rgb/000001.ppm,file,true,921615,,keep_validated_output,keep,Validated panoptic capture output used by the current pilot and linked by the dataset index.,python3 rt_out/scripts/perception/63_capture_panoptic_topics.py --config rt_out/experiments/perception_rt_small_v0/configs/perception_dataset_config.json --mode panoptic --max-messages-per-topic 3 --timeout-seconds 30 --force,rt_out/experiments/perception_rt_small_v0/dataset_index/panoptic_dataset_index.csv; rt_out/experiments/perception_rt_small_v0/dataset_index/panoptic_dataset_index.json
rt_out/experiments/perception_rt_small_v0/perception_raw/native/panoptic/cam_wall_west/labels_maps_rgb/000002.ppm,file,true,921615,,keep_validated_output,keep,Validated panoptic capture output used by the current pilot and linked by the dataset index.,python3 rt_out/scripts/perception/63_capture_panoptic_topics.py --config rt_out/experiments/perception_rt_small_v0/configs/perception_dataset_config.json --mode panoptic --max-messages-per-topic 3 --timeout-seconds 30 --force,rt_out/experiments/perception_rt_small_v0/dataset_index/panoptic_dataset_index.csv; rt_out/experiments/perception_rt_small_v0/dataset_index/panoptic_dataset_index.json
rt_out/experiments/perception_rt_small_v0/perception_raw/native/panoptic/cam_wall_west/metadata,directory,true,3855,3,keep_validated_output,keep,Validated panoptic capture output used by the current pilot and linked by the dataset index.,python3 rt_out/scripts/perception/63_capture_panoptic_topics.py --config rt_out/experiments/perception_rt_small_v0/configs/perception_dataset_config.json --mode panoptic --max-messages-per-topic 3 --timeout-seconds 30 --force,rt_out/experiments/perception_rt_small_v0/dataset_index/panoptic_dataset_index.csv; rt_out/experiments/perception_rt_small_v0/dataset_index/panoptic_dataset_index.json
rt_out/experiments/perception_rt_small_v0/perception_raw/native/panoptic/cam_wall_west/metadata/000000.json,file,true,1285,,keep_validated_output,keep,Validated panoptic capture output used by the current pilot and linked by the dataset index.,python3 rt_out/scripts/perception/63_capture_panoptic_topics.py --config rt_out/experiments/perception_rt_small_v0/configs/perception_dataset_config.json --mode panoptic --max-messages-per-topic 3 --timeout-seconds 30 --force,rt_out/experiments/perception_rt_small_v0/dataset_index/panoptic_dataset_index.csv; rt_out/experiments/perception_rt_small_v0/dataset_index/panoptic_dataset_index.json
rt_out/experiments/perception_rt_small_v0/perception_raw/native/panoptic/cam_wall_west/metadata/000001.json,file,true,1285,,keep_validated_output,keep,Validated panoptic capture output used by the current pilot and linked by the dataset index.,python3 rt_out/scripts/perception/63_capture_panoptic_topics.py --config rt_out/experiments/perception_rt_small_v0/configs/perception_dataset_config.json --mode panoptic --max-messages-per-topic 3 --timeout-seconds 30 --force,rt_out/experiments/perception_rt_small_v0/dataset_index/panoptic_dataset_index.csv; rt_out/experiments/perception_rt_small_v0/dataset_index/panoptic_dataset_index.json
rt_out/experiments/perception_rt_small_v0/perception_raw/native/panoptic/cam_wall_west/metadata/000002.json,file,true,1285,,keep_validated_output,keep,Validated panoptic capture output used by the current pilot and linked by the dataset index.,python3 rt_out/scripts/perception/63_capture_panoptic_topics.py --config rt_out/experiments/perception_rt_small_v0/configs/perception_dataset_config.json --mode panoptic --max-messages-per-topic 3 --timeout-seconds 30 --force,rt_out/experiments/perception_rt_small_v0/dataset_index/panoptic_dataset_index.csv; rt_out/experiments/perception_rt_small_v0/dataset_index/panoptic_dataset_index.json
rt_out/experiments/perception_rt_small_v0/perception_raw/native/panoptic/cam_wall_west/semantic_decoded,directory,true,921645,3,keep_validated_output,keep,Validated panoptic capture output used by the current pilot and linked by the dataset index.,python3 rt_out/scripts/perception/63_capture_panoptic_topics.py --config rt_out/experiments/perception_rt_small_v0/configs/perception_dataset_config.json --mode panoptic --max-messages-per-topic 3 --timeout-seconds 30 --force,rt_out/experiments/perception_rt_small_v0/dataset_index/panoptic_dataset_index.csv; rt_out/experiments/perception_rt_small_v0/dataset_index/panoptic_dataset_index.json
rt_out/experiments/perception_rt_small_v0/perception_raw/native/panoptic/cam_wall_west/semantic_decoded/000000.pgm,file,true,307215,,keep_validated_output,keep,Validated panoptic capture output used by the current pilot and linked by the dataset index.,python3 rt_out/scripts/perception/63_capture_panoptic_topics.py --config rt_out/experiments/perception_rt_small_v0/configs/perception_dataset_config.json --mode panoptic --max-messages-per-topic 3 --timeout-seconds 30 --force,rt_out/experiments/perception_rt_small_v0/dataset_index/panoptic_dataset_index.csv; rt_out/experiments/perception_rt_small_v0/dataset_index/panoptic_dataset_index.json
rt_out/experiments/perception_rt_small_v0/perception_raw/native/panoptic/cam_wall_west/semantic_decoded/000001.pgm,file,true,307215,,keep_validated_output,keep,Validated panoptic capture output used by the current pilot and linked by the dataset index.,python3 rt_out/scripts/perception/63_capture_panoptic_topics.py --config rt_out/experiments/perception_rt_small_v0/configs/perception_dataset_config.json --mode panoptic --max-messages-per-topic 3 --timeout-seconds 30 --force,rt_out/experiments/perception_rt_small_v0/dataset_index/panoptic_dataset_index.csv; rt_out/experiments/perception_rt_small_v0/dataset_index/panoptic_dataset_index.json
rt_out/experiments/perception_rt_small_v0/perception_raw/native/panoptic/cam_wall_west/semantic_decoded/000002.pgm,file,true,307215,,keep_validated_output,keep,Validated panoptic capture output used by the current pilot and linked by the dataset index.,python3 rt_out/scripts/perception/63_capture_panoptic_topics.py --config rt_out/experiments/perception_rt_small_v0/configs/perception_dataset_config.json --mode panoptic --max-messages-per-topic 3 --timeout-seconds 30 --force,rt_out/experiments/perception_rt_small_v0/dataset_index/panoptic_dataset_index.csv; rt_out/experiments/perception_rt_small_v0/dataset_index/panoptic_dataset_index.json
rt_out/experiments/perception_rt_small_v0/perception_raw/native/rgbd_capture_index.csv,file,true,17787,,unknown_review_required,review_required,Path was not matched confidently to the current conservative inventory rules.,,
rt_out/experiments/perception_rt_small_v0/perception_raw/native/rgbd_capture_summary.json,file,true,3160,,unknown_review_required,review_required,Path was not matched confidently to the current conservative inventory rules.,,
rt_out/experiments/perception_rt_small_v0/perception_raw/native/rgbd_pointcloud_capture_index.csv,file,true,13659,,unknown_review_required,review_required,Path was not matched confidently to the current conservative inventory rules.,,
rt_out/experiments/perception_rt_small_v0/perception_raw/native/rgbd_pointcloud_capture_summary.json,file,true,2103,,unknown_review_required,review_required,Path was not matched confidently to the current conservative inventory rules.,,
rt_out/experiments/perception_rt_small_v0/perception_raw/native/stable_instance_panoptic,directory,true,8203333,72,diagnostic_keep,keep_for_now,Bridge stable-instance panoptic capture retained as a labeling-side reference input for the final labeled PCL workflow.,python3 rt_out/scripts/perception/63_capture_panoptic_topics.py --config rt_out/experiments/perception_rt_small_v0/configs/perception_dataset_config.json --mode panoptic --max-messages-per-topic 3 --timeout-seconds 30 --force,
rt_out/experiments/perception_rt_small_v0/perception_raw/native/stable_instance_panoptic/cam_corner_ne,directory,true,1027578,9,diagnostic_keep,keep_for_now,Bridge stable-instance panoptic capture retained as a labeling-side reference input for the final labeled PCL workflow.,python3 rt_out/scripts/perception/63_capture_panoptic_topics.py --config rt_out/experiments/perception_rt_small_v0/configs/perception_dataset_config.json --mode panoptic --max-messages-per-topic 3 --timeout-seconds 30 --force,
rt_out/experiments/perception_rt_small_v0/perception_raw/native/stable_instance_panoptic/cam_corner_ne/colored_maps,directory,true,27915,3,diagnostic_keep,keep_for_now,Bridge stable-instance panoptic capture retained as a labeling-side reference input for the final labeled PCL workflow.,python3 rt_out/scripts/perception/63_capture_panoptic_topics.py --config rt_out/experiments/perception_rt_small_v0/configs/perception_dataset_config.json --mode panoptic --max-messages-per-topic 3 --timeout-seconds 30 --force,
rt_out/experiments/perception_rt_small_v0/perception_raw/native/stable_instance_panoptic/cam_corner_ne/colored_maps/colored_0000000.png,file,true,9393,,diagnostic_keep,keep_for_now,Bridge stable-instance panoptic capture retained as a labeling-side reference input for the final labeled PCL workflow.,python3 rt_out/scripts/perception/63_capture_panoptic_topics.py --config rt_out/experiments/perception_rt_small_v0/configs/perception_dataset_config.json --mode panoptic --max-messages-per-topic 3 --timeout-seconds 30 --force,
rt_out/experiments/perception_rt_small_v0/perception_raw/native/stable_instance_panoptic/cam_corner_ne/colored_maps/colored_0000001.png,file,true,9320,,diagnostic_keep,keep_for_now,Bridge stable-instance panoptic capture retained as a labeling-side reference input for the final labeled PCL workflow.,python3 rt_out/scripts/perception/63_capture_panoptic_topics.py --config rt_out/experiments/perception_rt_small_v0/configs/perception_dataset_config.json --mode panoptic --max-messages-per-topic 3 --timeout-seconds 30 --force,
rt_out/experiments/perception_rt_small_v0/perception_raw/native/stable_instance_panoptic/cam_corner_ne/colored_maps/colored_0000002.png,file,true,9202,,diagnostic_keep,keep_for_now,Bridge stable-instance panoptic capture retained as a labeling-side reference input for the final labeled PCL workflow.,python3 rt_out/scripts/perception/63_capture_panoptic_topics.py --config rt_out/experiments/perception_rt_small_v0/configs/perception_dataset_config.json --mode panoptic --max-messages-per-topic 3 --timeout-seconds 30 --force,
rt_out/experiments/perception_rt_small_v0/perception_raw/native/stable_instance_panoptic/cam_corner_ne/images,directory,true,974470,3,diagnostic_keep,keep_for_now,Bridge stable-instance panoptic capture retained as a labeling-side reference input for the final labeled PCL workflow.,python3 rt_out/scripts/perception/63_capture_panoptic_topics.py --config rt_out/experiments/perception_rt_small_v0/configs/perception_dataset_config.json --mode panoptic --max-messages-per-topic 3 --timeout-seconds 30 --force,
rt_out/experiments/perception_rt_small_v0/perception_raw/native/stable_instance_panoptic/cam_corner_ne/images/image_0000000.png,file,true,325287,,diagnostic_keep,keep_for_now,Bridge stable-instance panoptic capture retained as a labeling-side reference input for the final labeled PCL workflow.,python3 rt_out/scripts/perception/63_capture_panoptic_topics.py --config rt_out/experiments/perception_rt_small_v0/configs/perception_dataset_config.json --mode panoptic --max-messages-per-topic 3 --timeout-seconds 30 --force,
rt_out/experiments/perception_rt_small_v0/perception_raw/native/stable_instance_panoptic/cam_corner_ne/images/image_0000001.png,file,true,324918,,diagnostic_keep,keep_for_now,Bridge stable-instance panoptic capture retained as a labeling-side reference input for the final labeled PCL workflow.,python3 rt_out/scripts/perception/63_capture_panoptic_topics.py --config rt_out/experiments/perception_rt_small_v0/configs/perception_dataset_config.json --mode panoptic --max-messages-per-topic 3 --timeout-seconds 30 --force,
rt_out/experiments/perception_rt_small_v0/perception_raw/native/stable_instance_panoptic/cam_corner_ne/images/image_0000002.png,file,true,324265,,diagnostic_keep,keep_for_now,Bridge stable-instance panoptic capture retained as a labeling-side reference input for the final labeled PCL workflow.,python3 rt_out/scripts/perception/63_capture_panoptic_topics.py --config rt_out/experiments/perception_rt_small_v0/configs/perception_dataset_config.json --mode panoptic --max-messages-per-topic 3 --timeout-seconds 30 --force,
rt_out/experiments/perception_rt_small_v0/perception_raw/native/stable_instance_panoptic/cam_corner_ne/labels_maps,directory,true,25193,3,diagnostic_keep,keep_for_now,Bridge stable-instance panoptic capture retained as a labeling-side reference input for the final labeled PCL workflow.,python3 rt_out/scripts/perception/63_capture_panoptic_topics.py --config rt_out/experiments/perception_rt_small_v0/configs/perception_dataset_config.json --mode panoptic --max-messages-per-topic 3 --timeout-seconds 30 --force,
rt_out/experiments/perception_rt_small_v0/perception_raw/native/stable_instance_panoptic/cam_corner_ne/labels_maps/labels_0000000.png,file,true,8458,,diagnostic_keep,keep_for_now,Bridge stable-instance panoptic capture retained as a labeling-side reference input for the final labeled PCL workflow.,python3 rt_out/scripts/perception/63_capture_panoptic_topics.py --config rt_out/experiments/perception_rt_small_v0/configs/perception_dataset_config.json --mode panoptic --max-messages-per-topic 3 --timeout-seconds 30 --force,
rt_out/experiments/perception_rt_small_v0/perception_raw/native/stable_instance_panoptic/cam_corner_ne/labels_maps/labels_0000001.png,file,true,8422,,diagnostic_keep,keep_for_now,Bridge stable-instance panoptic capture retained as a labeling-side reference input for the final labeled PCL workflow.,python3 rt_out/scripts/perception/63_capture_panoptic_topics.py --config rt_out/experiments/perception_rt_small_v0/configs/perception_dataset_config.json --mode panoptic --max-messages-per-topic 3 --timeout-seconds 30 --force,
rt_out/experiments/perception_rt_small_v0/perception_raw/native/stable_instance_panoptic/cam_corner_ne/labels_maps/labels_0000002.png,file,true,8313,,diagnostic_keep,keep_for_now,Bridge stable-instance panoptic capture retained as a labeling-side reference input for the final labeled PCL workflow.,python3 rt_out/scripts/perception/63_capture_panoptic_topics.py --config rt_out/experiments/perception_rt_small_v0/configs/perception_dataset_config.json --mode panoptic --max-messages-per-topic 3 --timeout-seconds 30 --force,
rt_out/experiments/perception_rt_small_v0/perception_raw/native/stable_instance_panoptic/cam_corner_nw,directory,true,1044120,9,diagnostic_keep,keep_for_now,Bridge stable-instance panoptic capture retained as a labeling-side reference input for the final labeled PCL workflow.,python3 rt_out/scripts/perception/63_capture_panoptic_topics.py --config rt_out/experiments/perception_rt_small_v0/configs/perception_dataset_config.json --mode panoptic --max-messages-per-topic 3 --timeout-seconds 30 --force,
rt_out/experiments/perception_rt_small_v0/perception_raw/native/stable_instance_panoptic/cam_corner_nw/colored_maps,directory,true,26354,3,diagnostic_keep,keep_for_now,Bridge stable-instance panoptic capture retained as a labeling-side reference input for the final labeled PCL workflow.,python3 rt_out/scripts/perception/63_capture_panoptic_topics.py --config rt_out/experiments/perception_rt_small_v0/configs/perception_dataset_config.json --mode panoptic --max-messages-per-topic 3 --timeout-seconds 30 --force,
rt_out/experiments/perception_rt_small_v0/perception_raw/native/stable_instance_panoptic/cam_corner_nw/colored_maps/colored_0000000.png,file,true,8762,,diagnostic_keep,keep_for_now,Bridge stable-instance panoptic capture retained as a labeling-side reference input for the final labeled PCL workflow.,python3 rt_out/scripts/perception/63_capture_panoptic_topics.py --config rt_out/experiments/perception_rt_small_v0/configs/perception_dataset_config.json --mode panoptic --max-messages-per-topic 3 --timeout-seconds 30 --force,
rt_out/experiments/perception_rt_small_v0/perception_raw/native/stable_instance_panoptic/cam_corner_nw/colored_maps/colored_0000001.png,file,true,8800,,diagnostic_keep,keep_for_now,Bridge stable-instance panoptic capture retained as a labeling-side reference input for the final labeled PCL workflow.,python3 rt_out/scripts/perception/63_capture_panoptic_topics.py --config rt_out/experiments/perception_rt_small_v0/configs/perception_dataset_config.json --mode panoptic --max-messages-per-topic 3 --timeout-seconds 30 --force,
rt_out/experiments/perception_rt_small_v0/perception_raw/native/stable_instance_panoptic/cam_corner_nw/colored_maps/colored_0000002.png,file,true,8792,,diagnostic_keep,keep_for_now,Bridge stable-instance panoptic capture retained as a labeling-side reference input for the final labeled PCL workflow.,python3 rt_out/scripts/perception/63_capture_panoptic_topics.py --config rt_out/experiments/perception_rt_small_v0/configs/perception_dataset_config.json --mode panoptic --max-messages-per-topic 3 --timeout-seconds 30 --force,
rt_out/experiments/perception_rt_small_v0/perception_raw/native/stable_instance_panoptic/cam_corner_nw/images,directory,true,993996,3,diagnostic_keep,keep_for_now,Bridge stable-instance panoptic capture retained as a labeling-side reference input for the final labeled PCL workflow.,python3 rt_out/scripts/perception/63_capture_panoptic_topics.py --config rt_out/experiments/perception_rt_small_v0/configs/perception_dataset_config.json --mode panoptic --max-messages-per-topic 3 --timeout-seconds 30 --force,
rt_out/experiments/perception_rt_small_v0/perception_raw/native/stable_instance_panoptic/cam_corner_nw/images/image_0000000.png,file,true,331316,,diagnostic_keep,keep_for_now,Bridge stable-instance panoptic capture retained as a labeling-side reference input for the final labeled PCL workflow.,python3 rt_out/scripts/perception/63_capture_panoptic_topics.py --config rt_out/experiments/perception_rt_small_v0/configs/perception_dataset_config.json --mode panoptic --max-messages-per-topic 3 --timeout-seconds 30 --force,
rt_out/experiments/perception_rt_small_v0/perception_raw/native/stable_instance_panoptic/cam_corner_nw/images/image_0000001.png,file,true,331347,,diagnostic_keep,keep_for_now,Bridge stable-instance panoptic capture retained as a labeling-side reference input for the final labeled PCL workflow.,python3 rt_out/scripts/perception/63_capture_panoptic_topics.py --config rt_out/experiments/perception_rt_small_v0/configs/perception_dataset_config.json --mode panoptic --max-messages-per-topic 3 --timeout-seconds 30 --force,
rt_out/experiments/perception_rt_small_v0/perception_raw/native/stable_instance_panoptic/cam_corner_nw/images/image_0000002.png,file,true,331333,,diagnostic_keep,keep_for_now,Bridge stable-instance panoptic capture retained as a labeling-side reference input for the final labeled PCL workflow.,python3 rt_out/scripts/perception/63_capture_panoptic_topics.py --config rt_out/experiments/perception_rt_small_v0/configs/perception_dataset_config.json --mode panoptic --max-messages-per-topic 3 --timeout-seconds 30 --force,
rt_out/experiments/perception_rt_small_v0/perception_raw/native/stable_instance_panoptic/cam_corner_nw/labels_maps,directory,true,23770,3,diagnostic_keep,keep_for_now,Bridge stable-instance panoptic capture retained as a labeling-side reference input for the final labeled PCL workflow.,python3 rt_out/scripts/perception/63_capture_panoptic_topics.py --config rt_out/experiments/perception_rt_small_v0/configs/perception_dataset_config.json --mode panoptic --max-messages-per-topic 3 --timeout-seconds 30 --force,
rt_out/experiments/perception_rt_small_v0/perception_raw/native/stable_instance_panoptic/cam_corner_nw/labels_maps/labels_0000000.png,file,true,7900,,diagnostic_keep,keep_for_now,Bridge stable-instance panoptic capture retained as a labeling-side reference input for the final labeled PCL workflow.,python3 rt_out/scripts/perception/63_capture_panoptic_topics.py --config rt_out/experiments/perception_rt_small_v0/configs/perception_dataset_config.json --mode panoptic --max-messages-per-topic 3 --timeout-seconds 30 --force,
rt_out/experiments/perception_rt_small_v0/perception_raw/native/stable_instance_panoptic/cam_corner_nw/labels_maps/labels_0000001.png,file,true,7912,,diagnostic_keep,keep_for_now,Bridge stable-instance panoptic capture retained as a labeling-side reference input for the final labeled PCL workflow.,python3 rt_out/scripts/perception/63_capture_panoptic_topics.py --config rt_out/experiments/perception_rt_small_v0/configs/perception_dataset_config.json --mode panoptic --max-messages-per-topic 3 --timeout-seconds 30 --force,
rt_out/experiments/perception_rt_small_v0/perception_raw/native/stable_instance_panoptic/cam_corner_nw/labels_maps/labels_0000002.png,file,true,7958,,diagnostic_keep,keep_for_now,Bridge stable-instance panoptic capture retained as a labeling-side reference input for the final labeled PCL workflow.,python3 rt_out/scripts/perception/63_capture_panoptic_topics.py --config rt_out/experiments/perception_rt_small_v0/configs/perception_dataset_config.json --mode panoptic --max-messages-per-topic 3 --timeout-seconds 30 --force,
rt_out/experiments/perception_rt_small_v0/perception_raw/native/stable_instance_panoptic/cam_corner_se,directory,true,1035936,9,diagnostic_keep,keep_for_now,Bridge stable-instance panoptic capture retained as a labeling-side reference input for the final labeled PCL workflow.,python3 rt_out/scripts/perception/63_capture_panoptic_topics.py --config rt_out/experiments/perception_rt_small_v0/configs/perception_dataset_config.json --mode panoptic --max-messages-per-topic 3 --timeout-seconds 30 --force,
rt_out/experiments/perception_rt_small_v0/perception_raw/native/stable_instance_panoptic/cam_corner_se/colored_maps,directory,true,29263,3,diagnostic_keep,keep_for_now,Bridge stable-instance panoptic capture retained as a labeling-side reference input for the final labeled PCL workflow.,python3 rt_out/scripts/perception/63_capture_panoptic_topics.py --config rt_out/experiments/perception_rt_small_v0/configs/perception_dataset_config.json --mode panoptic --max-messages-per-topic 3 --timeout-seconds 30 --force,
rt_out/experiments/perception_rt_small_v0/perception_raw/native/stable_instance_panoptic/cam_corner_se/colored_maps/colored_0000000.png,file,true,9753,,diagnostic_keep,keep_for_now,Bridge stable-instance panoptic capture retained as a labeling-side reference input for the final labeled PCL workflow.,python3 rt_out/scripts/perception/63_capture_panoptic_topics.py --config rt_out/experiments/perception_rt_small_v0/configs/perception_dataset_config.json --mode panoptic --max-messages-per-topic 3 --timeout-seconds 30 --force,
rt_out/experiments/perception_rt_small_v0/perception_raw/native/stable_instance_panoptic/cam_corner_se/colored_maps/colored_0000001.png,file,true,9758,,diagnostic_keep,keep_for_now,Bridge stable-instance panoptic capture retained as a labeling-side reference input for the final labeled PCL workflow.,python3 rt_out/scripts/perception/63_capture_panoptic_topics.py --config rt_out/experiments/perception_rt_small_v0/configs/perception_dataset_config.json --mode panoptic --max-messages-per-topic 3 --timeout-seconds 30 --force,
rt_out/experiments/perception_rt_small_v0/perception_raw/native/stable_instance_panoptic/cam_corner_se/colored_maps/colored_0000002.png,file,true,9752,,diagnostic_keep,keep_for_now,Bridge stable-instance panoptic capture retained as a labeling-side reference input for the final labeled PCL workflow.,python3 rt_out/scripts/perception/63_capture_panoptic_topics.py --config rt_out/experiments/perception_rt_small_v0/configs/perception_dataset_config.json --mode panoptic --max-messages-per-topic 3 --timeout-seconds 30 --force,
rt_out/experiments/perception_rt_small_v0/perception_raw/native/stable_instance_panoptic/cam_corner_se/images,directory,true,980933,3,diagnostic_keep,keep_for_now,Bridge stable-instance panoptic capture retained as a labeling-side reference input for the final labeled PCL workflow.,python3 rt_out/scripts/perception/63_capture_panoptic_topics.py --config rt_out/experiments/perception_rt_small_v0/configs/perception_dataset_config.json --mode panoptic --max-messages-per-topic 3 --timeout-seconds 30 --force,
rt_out/experiments/perception_rt_small_v0/perception_raw/native/stable_instance_panoptic/cam_corner_se/images/image_0000000.png,file,true,327055,,diagnostic_keep,keep_for_now,Bridge stable-instance panoptic capture retained as a labeling-side reference input for the final labeled PCL workflow.,python3 rt_out/scripts/perception/63_capture_panoptic_topics.py --config rt_out/experiments/perception_rt_small_v0/configs/perception_dataset_config.json --mode panoptic --max-messages-per-topic 3 --timeout-seconds 30 --force,
rt_out/experiments/perception_rt_small_v0/perception_raw/native/stable_instance_panoptic/cam_corner_se/images/image_0000001.png,file,true,327018,,diagnostic_keep,keep_for_now,Bridge stable-instance panoptic capture retained as a labeling-side reference input for the final labeled PCL workflow.,python3 rt_out/scripts/perception/63_capture_panoptic_topics.py --config rt_out/experiments/perception_rt_small_v0/configs/perception_dataset_config.json --mode panoptic --max-messages-per-topic 3 --timeout-seconds 30 --force,
rt_out/experiments/perception_rt_small_v0/perception_raw/native/stable_instance_panoptic/cam_corner_se/images/image_0000002.png,file,true,326860,,diagnostic_keep,keep_for_now,Bridge stable-instance panoptic capture retained as a labeling-side reference input for the final labeled PCL workflow.,python3 rt_out/scripts/perception/63_capture_panoptic_topics.py --config rt_out/experiments/perception_rt_small_v0/configs/perception_dataset_config.json --mode panoptic --max-messages-per-topic 3 --timeout-seconds 30 --force,
rt_out/experiments/perception_rt_small_v0/perception_raw/native/stable_instance_panoptic/cam_corner_se/labels_maps,directory,true,25740,3,diagnostic_keep,keep_for_now,Bridge stable-instance panoptic capture retained as a labeling-side reference input for the final labeled PCL workflow.,python3 rt_out/scripts/perception/63_capture_panoptic_topics.py --config rt_out/experiments/perception_rt_small_v0/configs/perception_dataset_config.json --mode panoptic --max-messages-per-topic 3 --timeout-seconds 30 --force,
rt_out/experiments/perception_rt_small_v0/perception_raw/native/stable_instance_panoptic/cam_corner_se/labels_maps/labels_0000000.png,file,true,8599,,diagnostic_keep,keep_for_now,Bridge stable-instance panoptic capture retained as a labeling-side reference input for the final labeled PCL workflow.,python3 rt_out/scripts/perception/63_capture_panoptic_topics.py --config rt_out/experiments/perception_rt_small_v0/configs/perception_dataset_config.json --mode panoptic --max-messages-per-topic 3 --timeout-seconds 30 --force,
rt_out/experiments/perception_rt_small_v0/perception_raw/native/stable_instance_panoptic/cam_corner_se/labels_maps/labels_0000001.png,file,true,8572,,diagnostic_keep,keep_for_now,Bridge stable-instance panoptic capture retained as a labeling-side reference input for the final labeled PCL workflow.,python3 rt_out/scripts/perception/63_capture_panoptic_topics.py --config rt_out/experiments/perception_rt_small_v0/configs/perception_dataset_config.json --mode panoptic --max-messages-per-topic 3 --timeout-seconds 30 --force,
rt_out/experiments/perception_rt_small_v0/perception_raw/native/stable_instance_panoptic/cam_corner_se/labels_maps/labels_0000002.png,file,true,8569,,diagnostic_keep,keep_for_now,Bridge stable-instance panoptic capture retained as a labeling-side reference input for the final labeled PCL workflow.,python3 rt_out/scripts/perception/63_capture_panoptic_topics.py --config rt_out/experiments/perception_rt_small_v0/configs/perception_dataset_config.json --mode panoptic --max-messages-per-topic 3 --timeout-seconds 30 --force,
rt_out/experiments/perception_rt_small_v0/perception_raw/native/stable_instance_panoptic/cam_corner_sw,directory,true,1171462,9,diagnostic_keep,keep_for_now,Bridge stable-instance panoptic capture retained as a labeling-side reference input for the final labeled PCL workflow.,python3 rt_out/scripts/perception/63_capture_panoptic_topics.py --config rt_out/experiments/perception_rt_small_v0/configs/perception_dataset_config.json --mode panoptic --max-messages-per-topic 3 --timeout-seconds 30 --force,
rt_out/experiments/perception_rt_small_v0/perception_raw/native/stable_instance_panoptic/cam_corner_sw/colored_maps,directory,true,24758,3,diagnostic_keep,keep_for_now,Bridge stable-instance panoptic capture retained as a labeling-side reference input for the final labeled PCL workflow.,python3 rt_out/scripts/perception/63_capture_panoptic_topics.py --config rt_out/experiments/perception_rt_small_v0/configs/perception_dataset_config.json --mode panoptic --max-messages-per-topic 3 --timeout-seconds 30 --force,
rt_out/experiments/perception_rt_small_v0/perception_raw/native/stable_instance_panoptic/cam_corner_sw/colored_maps/colored_0000000.png,file,true,8257,,diagnostic_keep,keep_for_now,Bridge stable-instance panoptic capture retained as a labeling-side reference input for the final labeled PCL workflow.,python3 rt_out/scripts/perception/63_capture_panoptic_topics.py --config rt_out/experiments/perception_rt_small_v0/configs/perception_dataset_config.json --mode panoptic --max-messages-per-topic 3 --timeout-seconds 30 --force,
rt_out/experiments/perception_rt_small_v0/perception_raw/native/stable_instance_panoptic/cam_corner_sw/colored_maps/colored_0000001.png,file,true,8263,,diagnostic_keep,keep_for_now,Bridge stable-instance panoptic capture retained as a labeling-side reference input for the final labeled PCL workflow.,python3 rt_out/scripts/perception/63_capture_panoptic_topics.py --config rt_out/experiments/perception_rt_small_v0/configs/perception_dataset_config.json --mode panoptic --max-messages-per-topic 3 --timeout-seconds 30 --force,
rt_out/experiments/perception_rt_small_v0/perception_raw/native/stable_instance_panoptic/cam_corner_sw/colored_maps/colored_0000002.png,file,true,8238,,diagnostic_keep,keep_for_now,Bridge stable-instance panoptic capture retained as a labeling-side reference input for the final labeled PCL workflow.,python3 rt_out/scripts/perception/63_capture_panoptic_topics.py --config rt_out/experiments/perception_rt_small_v0/configs/perception_dataset_config.json --mode panoptic --max-messages-per-topic 3 --timeout-seconds 30 --force,
rt_out/experiments/perception_rt_small_v0/perception_raw/native/stable_instance_panoptic/cam_corner_sw/images,directory,true,1123547,3,diagnostic_keep,keep_for_now,Bridge stable-instance panoptic capture retained as a labeling-side reference input for the final labeled PCL workflow.,python3 rt_out/scripts/perception/63_capture_panoptic_topics.py --config rt_out/experiments/perception_rt_small_v0/configs/perception_dataset_config.json --mode panoptic --max-messages-per-topic 3 --timeout-seconds 30 --force,
rt_out/experiments/perception_rt_small_v0/perception_raw/native/stable_instance_panoptic/cam_corner_sw/images/image_0000000.png,file,true,374668,,diagnostic_keep,keep_for_now,Bridge stable-instance panoptic capture retained as a labeling-side reference input for the final labeled PCL workflow.,python3 rt_out/scripts/perception/63_capture_panoptic_topics.py --config rt_out/experiments/perception_rt_small_v0/configs/perception_dataset_config.json --mode panoptic --max-messages-per-topic 3 --timeout-seconds 30 --force,
rt_out/experiments/perception_rt_small_v0/perception_raw/native/stable_instance_panoptic/cam_corner_sw/images/image_0000001.png,file,true,374612,,diagnostic_keep,keep_for_now,Bridge stable-instance panoptic capture retained as a labeling-side reference input for the final labeled PCL workflow.,python3 rt_out/scripts/perception/63_capture_panoptic_topics.py --config rt_out/experiments/perception_rt_small_v0/configs/perception_dataset_config.json --mode panoptic --max-messages-per-topic 3 --timeout-seconds 30 --force,
rt_out/experiments/perception_rt_small_v0/perception_raw/native/stable_instance_panoptic/cam_corner_sw/images/image_0000002.png,file,true,374267,,diagnostic_keep,keep_for_now,Bridge stable-instance panoptic capture retained as a labeling-side reference input for the final labeled PCL workflow.,python3 rt_out/scripts/perception/63_capture_panoptic_topics.py --config rt_out/experiments/perception_rt_small_v0/configs/perception_dataset_config.json --mode panoptic --max-messages-per-topic 3 --timeout-seconds 30 --force,
rt_out/experiments/perception_rt_small_v0/perception_raw/native/stable_instance_panoptic/cam_corner_sw/labels_maps,directory,true,23157,3,diagnostic_keep,keep_for_now,Bridge stable-instance panoptic capture retained as a labeling-side reference input for the final labeled PCL workflow.,python3 rt_out/scripts/perception/63_capture_panoptic_topics.py --config rt_out/experiments/perception_rt_small_v0/configs/perception_dataset_config.json --mode panoptic --max-messages-per-topic 3 --timeout-seconds 30 --force,
rt_out/experiments/perception_rt_small_v0/perception_raw/native/stable_instance_panoptic/cam_corner_sw/labels_maps/labels_0000000.png,file,true,7733,,diagnostic_keep,keep_for_now,Bridge stable-instance panoptic capture retained as a labeling-side reference input for the final labeled PCL workflow.,python3 rt_out/scripts/perception/63_capture_panoptic_topics.py --config rt_out/experiments/perception_rt_small_v0/configs/perception_dataset_config.json --mode panoptic --max-messages-per-topic 3 --timeout-seconds 30 --force,
rt_out/experiments/perception_rt_small_v0/perception_raw/native/stable_instance_panoptic/cam_corner_sw/labels_maps/labels_0000001.png,file,true,7713,,diagnostic_keep,keep_for_now,Bridge stable-instance panoptic capture retained as a labeling-side reference input for the final labeled PCL workflow.,python3 rt_out/scripts/perception/63_capture_panoptic_topics.py --config rt_out/experiments/perception_rt_small_v0/configs/perception_dataset_config.json --mode panoptic --max-messages-per-topic 3 --timeout-seconds 30 --force,
rt_out/experiments/perception_rt_small_v0/perception_raw/native/stable_instance_panoptic/cam_corner_sw/labels_maps/labels_0000002.png,file,true,7711,,diagnostic_keep,keep_for_now,Bridge stable-instance panoptic capture retained as a labeling-side reference input for the final labeled PCL workflow.,python3 rt_out/scripts/perception/63_capture_panoptic_topics.py --config rt_out/experiments/perception_rt_small_v0/configs/perception_dataset_config.json --mode panoptic --max-messages-per-topic 3 --timeout-seconds 30 --force,
rt_out/experiments/perception_rt_small_v0/perception_raw/native/stable_instance_panoptic/cam_wall_east,directory,true,990412,9,diagnostic_keep,keep_for_now,Bridge stable-instance panoptic capture retained as a labeling-side reference input for the final labeled PCL workflow.,python3 rt_out/scripts/perception/63_capture_panoptic_topics.py --config rt_out/experiments/perception_rt_small_v0/configs/perception_dataset_config.json --mode panoptic --max-messages-per-topic 3 --timeout-seconds 30 --force,
rt_out/experiments/perception_rt_small_v0/perception_raw/native/stable_instance_panoptic/cam_wall_east/colored_maps,directory,true,31489,3,diagnostic_keep,keep_for_now,Bridge stable-instance panoptic capture retained as a labeling-side reference input for the final labeled PCL workflow.,python3 rt_out/scripts/perception/63_capture_panoptic_topics.py --config rt_out/experiments/perception_rt_small_v0/configs/perception_dataset_config.json --mode panoptic --max-messages-per-topic 3 --timeout-seconds 30 --force,
rt_out/experiments/perception_rt_small_v0/perception_raw/native/stable_instance_panoptic/cam_wall_east/colored_maps/colored_0000000.png,file,true,10481,,diagnostic_keep,keep_for_now,Bridge stable-instance panoptic capture retained as a labeling-side reference input for the final labeled PCL workflow.,python3 rt_out/scripts/perception/63_capture_panoptic_topics.py --config rt_out/experiments/perception_rt_small_v0/configs/perception_dataset_config.json --mode panoptic --max-messages-per-topic 3 --timeout-seconds 30 --force,
rt_out/experiments/perception_rt_small_v0/perception_raw/native/stable_instance_panoptic/cam_wall_east/colored_maps/colored_0000001.png,file,true,10517,,diagnostic_keep,keep_for_now,Bridge stable-instance panoptic capture retained as a labeling-side reference input for the final labeled PCL workflow.,python3 rt_out/scripts/perception/63_capture_panoptic_topics.py --config rt_out/experiments/perception_rt_small_v0/configs/perception_dataset_config.json --mode panoptic --max-messages-per-topic 3 --timeout-seconds 30 --force,
rt_out/experiments/perception_rt_small_v0/perception_raw/native/stable_instance_panoptic/cam_wall_east/colored_maps/colored_0000002.png,file,true,10491,,diagnostic_keep,keep_for_now,Bridge stable-instance panoptic capture retained as a labeling-side reference input for the final labeled PCL workflow.,python3 rt_out/scripts/perception/63_capture_panoptic_topics.py --config rt_out/experiments/perception_rt_small_v0/configs/perception_dataset_config.json --mode panoptic --max-messages-per-topic 3 --timeout-seconds 30 --force,
rt_out/experiments/perception_rt_small_v0/perception_raw/native/stable_instance_panoptic/cam_wall_east/images,directory,true,930338,3,diagnostic_keep,keep_for_now,Bridge stable-instance panoptic capture retained as a labeling-side reference input for the final labeled PCL workflow.,python3 rt_out/scripts/perception/63_capture_panoptic_topics.py --config rt_out/experiments/perception_rt_small_v0/configs/perception_dataset_config.json --mode panoptic --max-messages-per-topic 3 --timeout-seconds 30 --force,
rt_out/experiments/perception_rt_small_v0/perception_raw/native/stable_instance_panoptic/cam_wall_east/images/image_0000000.png,file,true,310345,,diagnostic_keep,keep_for_now,Bridge stable-instance panoptic capture retained as a labeling-side reference input for the final labeled PCL workflow.,python3 rt_out/scripts/perception/63_capture_panoptic_topics.py --config rt_out/experiments/perception_rt_small_v0/configs/perception_dataset_config.json --mode panoptic --max-messages-per-topic 3 --timeout-seconds 30 --force,
rt_out/experiments/perception_rt_small_v0/perception_raw/native/stable_instance_panoptic/cam_wall_east/images/image_0000001.png,file,true,310382,,diagnostic_keep,keep_for_now,Bridge stable-instance panoptic capture retained as a labeling-side reference input for the final labeled PCL workflow.,python3 rt_out/scripts/perception/63_capture_panoptic_topics.py --config rt_out/experiments/perception_rt_small_v0/configs/perception_dataset_config.json --mode panoptic --max-messages-per-topic 3 --timeout-seconds 30 --force,
rt_out/experiments/perception_rt_small_v0/perception_raw/native/stable_instance_panoptic/cam_wall_east/images/image_0000002.png,file,true,309611,,diagnostic_keep,keep_for_now,Bridge stable-instance panoptic capture retained as a labeling-side reference input for the final labeled PCL workflow.,python3 rt_out/scripts/perception/63_capture_panoptic_topics.py --config rt_out/experiments/perception_rt_small_v0/configs/perception_dataset_config.json --mode panoptic --max-messages-per-topic 3 --timeout-seconds 30 --force,
rt_out/experiments/perception_rt_small_v0/perception_raw/native/stable_instance_panoptic/cam_wall_east/labels_maps,directory,true,28585,3,diagnostic_keep,keep_for_now,Bridge stable-instance panoptic capture retained as a labeling-side reference input for the final labeled PCL workflow.,python3 rt_out/scripts/perception/63_capture_panoptic_topics.py --config rt_out/experiments/perception_rt_small_v0/configs/perception_dataset_config.json --mode panoptic --max-messages-per-topic 3 --timeout-seconds 30 --force,
rt_out/experiments/perception_rt_small_v0/perception_raw/native/stable_instance_panoptic/cam_wall_east/labels_maps/labels_0000000.png,file,true,9521,,diagnostic_keep,keep_for_now,Bridge stable-instance panoptic capture retained as a labeling-side reference input for the final labeled PCL workflow.,python3 rt_out/scripts/perception/63_capture_panoptic_topics.py --config rt_out/experiments/perception_rt_small_v0/configs/perception_dataset_config.json --mode panoptic --max-messages-per-topic 3 --timeout-seconds 30 --force,
rt_out/experiments/perception_rt_small_v0/perception_raw/native/stable_instance_panoptic/cam_wall_east/labels_maps/labels_0000001.png,file,true,9542,,diagnostic_keep,keep_for_now,Bridge stable-instance panoptic capture retained as a labeling-side reference input for the final labeled PCL workflow.,python3 rt_out/scripts/perception/63_capture_panoptic_topics.py --config rt_out/experiments/perception_rt_small_v0/configs/perception_dataset_config.json --mode panoptic --max-messages-per-topic 3 --timeout-seconds 30 --force,
rt_out/experiments/perception_rt_small_v0/perception_raw/native/stable_instance_panoptic/cam_wall_east/labels_maps/labels_0000002.png,file,true,9522,,diagnostic_keep,keep_for_now,Bridge stable-instance panoptic capture retained as a labeling-side reference input for the final labeled PCL workflow.,python3 rt_out/scripts/perception/63_capture_panoptic_topics.py --config rt_out/experiments/perception_rt_small_v0/configs/perception_dataset_config.json --mode panoptic --max-messages-per-topic 3 --timeout-seconds 30 --force,
rt_out/experiments/perception_rt_small_v0/perception_raw/native/stable_instance_panoptic/cam_wall_north,directory,true,1170550,9,diagnostic_keep,keep_for_now,Bridge stable-instance panoptic capture retained as a labeling-side reference input for the final labeled PCL workflow.,python3 rt_out/scripts/perception/63_capture_panoptic_topics.py --config rt_out/experiments/perception_rt_small_v0/configs/perception_dataset_config.json --mode panoptic --max-messages-per-topic 3 --timeout-seconds 30 --force,
rt_out/experiments/perception_rt_small_v0/perception_raw/native/stable_instance_panoptic/cam_wall_north/colored_maps,directory,true,28655,3,diagnostic_keep,keep_for_now,Bridge stable-instance panoptic capture retained as a labeling-side reference input for the final labeled PCL workflow.,python3 rt_out/scripts/perception/63_capture_panoptic_topics.py --config rt_out/experiments/perception_rt_small_v0/configs/perception_dataset_config.json --mode panoptic --max-messages-per-topic 3 --timeout-seconds 30 --force,
rt_out/experiments/perception_rt_small_v0/perception_raw/native/stable_instance_panoptic/cam_wall_north/colored_maps/colored_0000000.png,file,true,9543,,diagnostic_keep,keep_for_now,Bridge stable-instance panoptic capture retained as a labeling-side reference input for the final labeled PCL workflow.,python3 rt_out/scripts/perception/63_capture_panoptic_topics.py --config rt_out/experiments/perception_rt_small_v0/configs/perception_dataset_config.json --mode panoptic --max-messages-per-topic 3 --timeout-seconds 30 --force,
rt_out/experiments/perception_rt_small_v0/perception_raw/native/stable_instance_panoptic/cam_wall_north/colored_maps/colored_0000001.png,file,true,9519,,diagnostic_keep,keep_for_now,Bridge stable-instance panoptic capture retained as a labeling-side reference input for the final labeled PCL workflow.,python3 rt_out/scripts/perception/63_capture_panoptic_topics.py --config rt_out/experiments/perception_rt_small_v0/configs/perception_dataset_config.json --mode panoptic --max-messages-per-topic 3 --timeout-seconds 30 --force,
rt_out/experiments/perception_rt_small_v0/perception_raw/native/stable_instance_panoptic/cam_wall_north/colored_maps/colored_0000002.png,file,true,9593,,diagnostic_keep,keep_for_now,Bridge stable-instance panoptic capture retained as a labeling-side reference input for the final labeled PCL workflow.,python3 rt_out/scripts/perception/63_capture_panoptic_topics.py --config rt_out/experiments/perception_rt_small_v0/configs/perception_dataset_config.json --mode panoptic --max-messages-per-topic 3 --timeout-seconds 30 --force,
rt_out/experiments/perception_rt_small_v0/perception_raw/native/stable_instance_panoptic/cam_wall_north/images,directory,true,1115712,3,diagnostic_keep,keep_for_now,Bridge stable-instance panoptic capture retained as a labeling-side reference input for the final labeled PCL workflow.,python3 rt_out/scripts/perception/63_capture_panoptic_topics.py --config rt_out/experiments/perception_rt_small_v0/configs/perception_dataset_config.json --mode panoptic --max-messages-per-topic 3 --timeout-seconds 30 --force,
rt_out/experiments/perception_rt_small_v0/perception_raw/native/stable_instance_panoptic/cam_wall_north/images/image_0000000.png,file,true,372200,,diagnostic_keep,keep_for_now,Bridge stable-instance panoptic capture retained as a labeling-side reference input for the final labeled PCL workflow.,python3 rt_out/scripts/perception/63_capture_panoptic_topics.py --config rt_out/experiments/perception_rt_small_v0/configs/perception_dataset_config.json --mode panoptic --max-messages-per-topic 3 --timeout-seconds 30 --force,
rt_out/experiments/perception_rt_small_v0/perception_raw/native/stable_instance_panoptic/cam_wall_north/images/image_0000001.png,file,true,371922,,diagnostic_keep,keep_for_now,Bridge stable-instance panoptic capture retained as a labeling-side reference input for the final labeled PCL workflow.,python3 rt_out/scripts/perception/63_capture_panoptic_topics.py --config rt_out/experiments/perception_rt_small_v0/configs/perception_dataset_config.json --mode panoptic --max-messages-per-topic 3 --timeout-seconds 30 --force,
rt_out/experiments/perception_rt_small_v0/perception_raw/native/stable_instance_panoptic/cam_wall_north/images/image_0000002.png,file,true,371590,,diagnostic_keep,keep_for_now,Bridge stable-instance panoptic capture retained as a labeling-side reference input for the final labeled PCL workflow.,python3 rt_out/scripts/perception/63_capture_panoptic_topics.py --config rt_out/experiments/perception_rt_small_v0/configs/perception_dataset_config.json --mode panoptic --max-messages-per-topic 3 --timeout-seconds 30 --force,
rt_out/experiments/perception_rt_small_v0/perception_raw/native/stable_instance_panoptic/cam_wall_north/labels_maps,directory,true,26183,3,diagnostic_keep,keep_for_now,Bridge stable-instance panoptic capture retained as a labeling-side reference input for the final labeled PCL workflow.,python3 rt_out/scripts/perception/63_capture_panoptic_topics.py --config rt_out/experiments/perception_rt_small_v0/configs/perception_dataset_config.json --mode panoptic --max-messages-per-topic 3 --timeout-seconds 30 --force,
rt_out/experiments/perception_rt_small_v0/perception_raw/native/stable_instance_panoptic/cam_wall_north/labels_maps/labels_0000000.png,file,true,8726,,diagnostic_keep,keep_for_now,Bridge stable-instance panoptic capture retained as a labeling-side reference input for the final labeled PCL workflow.,python3 rt_out/scripts/perception/63_capture_panoptic_topics.py --config rt_out/experiments/perception_rt_small_v0/configs/perception_dataset_config.json --mode panoptic --max-messages-per-topic 3 --timeout-seconds 30 --force,
rt_out/experiments/perception_rt_small_v0/perception_raw/native/stable_instance_panoptic/cam_wall_north/labels_maps/labels_0000001.png,file,true,8719,,diagnostic_keep,keep_for_now,Bridge stable-instance panoptic capture retained as a labeling-side reference input for the final labeled PCL workflow.,python3 rt_out/scripts/perception/63_capture_panoptic_topics.py --config rt_out/experiments/perception_rt_small_v0/configs/perception_dataset_config.json --mode panoptic --max-messages-per-topic 3 --timeout-seconds 30 --force,
rt_out/experiments/perception_rt_small_v0/perception_raw/native/stable_instance_panoptic/cam_wall_north/labels_maps/labels_0000002.png,file,true,8738,,diagnostic_keep,keep_for_now,Bridge stable-instance panoptic capture retained as a labeling-side reference input for the final labeled PCL workflow.,python3 rt_out/scripts/perception/63_capture_panoptic_topics.py --config rt_out/experiments/perception_rt_small_v0/configs/perception_dataset_config.json --mode panoptic --max-messages-per-topic 3 --timeout-seconds 30 --force,
rt_out/experiments/perception_rt_small_v0/perception_raw/native/stable_instance_panoptic/cam_wall_south,directory,true,774070,9,diagnostic_keep,keep_for_now,Bridge stable-instance panoptic capture retained as a labeling-side reference input for the final labeled PCL workflow.,python3 rt_out/scripts/perception/63_capture_panoptic_topics.py --config rt_out/experiments/perception_rt_small_v0/configs/perception_dataset_config.json --mode panoptic --max-messages-per-topic 3 --timeout-seconds 30 --force,
rt_out/experiments/perception_rt_small_v0/perception_raw/native/stable_instance_panoptic/cam_wall_south/colored_maps,directory,true,23619,3,diagnostic_keep,keep_for_now,Bridge stable-instance panoptic capture retained as a labeling-side reference input for the final labeled PCL workflow.,python3 rt_out/scripts/perception/63_capture_panoptic_topics.py --config rt_out/experiments/perception_rt_small_v0/configs/perception_dataset_config.json --mode panoptic --max-messages-per-topic 3 --timeout-seconds 30 --force,
rt_out/experiments/perception_rt_small_v0/perception_raw/native/stable_instance_panoptic/cam_wall_south/colored_maps/colored_0000000.png,file,true,7907,,diagnostic_keep,keep_for_now,Bridge stable-instance panoptic capture retained as a labeling-side reference input for the final labeled PCL workflow.,python3 rt_out/scripts/perception/63_capture_panoptic_topics.py --config rt_out/experiments/perception_rt_small_v0/configs/perception_dataset_config.json --mode panoptic --max-messages-per-topic 3 --timeout-seconds 30 --force,
rt_out/experiments/perception_rt_small_v0/perception_raw/native/stable_instance_panoptic/cam_wall_south/colored_maps/colored_0000001.png,file,true,7888,,diagnostic_keep,keep_for_now,Bridge stable-instance panoptic capture retained as a labeling-side reference input for the final labeled PCL workflow.,python3 rt_out/scripts/perception/63_capture_panoptic_topics.py --config rt_out/experiments/perception_rt_small_v0/configs/perception_dataset_config.json --mode panoptic --max-messages-per-topic 3 --timeout-seconds 30 --force,
rt_out/experiments/perception_rt_small_v0/perception_raw/native/stable_instance_panoptic/cam_wall_south/colored_maps/colored_0000002.png,file,true,7824,,diagnostic_keep,keep_for_now,Bridge stable-instance panoptic capture retained as a labeling-side reference input for the final labeled PCL workflow.,python3 rt_out/scripts/perception/63_capture_panoptic_topics.py --config rt_out/experiments/perception_rt_small_v0/configs/perception_dataset_config.json --mode panoptic --max-messages-per-topic 3 --timeout-seconds 30 --force,
rt_out/experiments/perception_rt_small_v0/perception_raw/native/stable_instance_panoptic/cam_wall_south/images,directory,true,729229,3,diagnostic_keep,keep_for_now,Bridge stable-instance panoptic capture retained as a labeling-side reference input for the final labeled PCL workflow.,python3 rt_out/scripts/perception/63_capture_panoptic_topics.py --config rt_out/experiments/perception_rt_small_v0/configs/perception_dataset_config.json --mode panoptic --max-messages-per-topic 3 --timeout-seconds 30 --force,
rt_out/experiments/perception_rt_small_v0/perception_raw/native/stable_instance_panoptic/cam_wall_south/images/image_0000000.png,file,true,243315,,diagnostic_keep,keep_for_now,Bridge stable-instance panoptic capture retained as a labeling-side reference input for the final labeled PCL workflow.,python3 rt_out/scripts/perception/63_capture_panoptic_topics.py --config rt_out/experiments/perception_rt_small_v0/configs/perception_dataset_config.json --mode panoptic --max-messages-per-topic 3 --timeout-seconds 30 --force,
rt_out/experiments/perception_rt_small_v0/perception_raw/native/stable_instance_panoptic/cam_wall_south/images/image_0000001.png,file,true,243135,,diagnostic_keep,keep_for_now,Bridge stable-instance panoptic capture retained as a labeling-side reference input for the final labeled PCL workflow.,python3 rt_out/scripts/perception/63_capture_panoptic_topics.py --config rt_out/experiments/perception_rt_small_v0/configs/perception_dataset_config.json --mode panoptic --max-messages-per-topic 3 --timeout-seconds 30 --force,
rt_out/experiments/perception_rt_small_v0/perception_raw/native/stable_instance_panoptic/cam_wall_south/images/image_0000002.png,file,true,242779,,diagnostic_keep,keep_for_now,Bridge stable-instance panoptic capture retained as a labeling-side reference input for the final labeled PCL workflow.,python3 rt_out/scripts/perception/63_capture_panoptic_topics.py --config rt_out/experiments/perception_rt_small_v0/configs/perception_dataset_config.json --mode panoptic --max-messages-per-topic 3 --timeout-seconds 30 --force,
rt_out/experiments/perception_rt_small_v0/perception_raw/native/stable_instance_panoptic/cam_wall_south/labels_maps,directory,true,21222,3,diagnostic_keep,keep_for_now,Bridge stable-instance panoptic capture retained as a labeling-side reference input for the final labeled PCL workflow.,python3 rt_out/scripts/perception/63_capture_panoptic_topics.py --config rt_out/experiments/perception_rt_small_v0/configs/perception_dataset_config.json --mode panoptic --max-messages-per-topic 3 --timeout-seconds 30 --force,
rt_out/experiments/perception_rt_small_v0/perception_raw/native/stable_instance_panoptic/cam_wall_south/labels_maps/labels_0000000.png,file,true,7065,,diagnostic_keep,keep_for_now,Bridge stable-instance panoptic capture retained as a labeling-side reference input for the final labeled PCL workflow.,python3 rt_out/scripts/perception/63_capture_panoptic_topics.py --config rt_out/experiments/perception_rt_small_v0/configs/perception_dataset_config.json --mode panoptic --max-messages-per-topic 3 --timeout-seconds 30 --force,
rt_out/experiments/perception_rt_small_v0/perception_raw/native/stable_instance_panoptic/cam_wall_south/labels_maps/labels_0000001.png,file,true,7092,,diagnostic_keep,keep_for_now,Bridge stable-instance panoptic capture retained as a labeling-side reference input for the final labeled PCL workflow.,python3 rt_out/scripts/perception/63_capture_panoptic_topics.py --config rt_out/experiments/perception_rt_small_v0/configs/perception_dataset_config.json --mode panoptic --max-messages-per-topic 3 --timeout-seconds 30 --force,
rt_out/experiments/perception_rt_small_v0/perception_raw/native/stable_instance_panoptic/cam_wall_south/labels_maps/labels_0000002.png,file,true,7065,,diagnostic_keep,keep_for_now,Bridge stable-instance panoptic capture retained as a labeling-side reference input for the final labeled PCL workflow.,python3 rt_out/scripts/perception/63_capture_panoptic_topics.py --config rt_out/experiments/perception_rt_small_v0/configs/perception_dataset_config.json --mode panoptic --max-messages-per-topic 3 --timeout-seconds 30 --force,
rt_out/experiments/perception_rt_small_v0/perception_raw/native/stable_instance_panoptic/cam_wall_west,directory,true,989205,9,diagnostic_keep,keep_for_now,Bridge stable-instance panoptic capture retained as a labeling-side reference input for the final labeled PCL workflow.,python3 rt_out/scripts/perception/63_capture_panoptic_topics.py --config rt_out/experiments/perception_rt_small_v0/configs/perception_dataset_config.json --mode panoptic --max-messages-per-topic 3 --timeout-seconds 30 --force,
rt_out/experiments/perception_rt_small_v0/perception_raw/native/stable_instance_panoptic/cam_wall_west/colored_maps,directory,true,23584,3,diagnostic_keep,keep_for_now,Bridge stable-instance panoptic capture retained as a labeling-side reference input for the final labeled PCL workflow.,python3 rt_out/scripts/perception/63_capture_panoptic_topics.py --config rt_out/experiments/perception_rt_small_v0/configs/perception_dataset_config.json --mode panoptic --max-messages-per-topic 3 --timeout-seconds 30 --force,
rt_out/experiments/perception_rt_small_v0/perception_raw/native/stable_instance_panoptic/cam_wall_west/colored_maps/colored_0000000.png,file,true,7880,,diagnostic_keep,keep_for_now,Bridge stable-instance panoptic capture retained as a labeling-side reference input for the final labeled PCL workflow.,python3 rt_out/scripts/perception/63_capture_panoptic_topics.py --config rt_out/experiments/perception_rt_small_v0/configs/perception_dataset_config.json --mode panoptic --max-messages-per-topic 3 --timeout-seconds 30 --force,
rt_out/experiments/perception_rt_small_v0/perception_raw/native/stable_instance_panoptic/cam_wall_west/colored_maps/colored_0000001.png,file,true,7864,,diagnostic_keep,keep_for_now,Bridge stable-instance panoptic capture retained as a labeling-side reference input for the final labeled PCL workflow.,python3 rt_out/scripts/perception/63_capture_panoptic_topics.py --config rt_out/experiments/perception_rt_small_v0/configs/perception_dataset_config.json --mode panoptic --max-messages-per-topic 3 --timeout-seconds 30 --force,
rt_out/experiments/perception_rt_small_v0/perception_raw/native/stable_instance_panoptic/cam_wall_west/colored_maps/colored_0000002.png,file,true,7840,,diagnostic_keep,keep_for_now,Bridge stable-instance panoptic capture retained as a labeling-side reference input for the final labeled PCL workflow.,python3 rt_out/scripts/perception/63_capture_panoptic_topics.py --config rt_out/experiments/perception_rt_small_v0/configs/perception_dataset_config.json --mode panoptic --max-messages-per-topic 3 --timeout-seconds 30 --force,
rt_out/experiments/perception_rt_small_v0/perception_raw/native/stable_instance_panoptic/cam_wall_west/images,directory,true,943918,3,diagnostic_keep,keep_for_now,Bridge stable-instance panoptic capture retained as a labeling-side reference input for the final labeled PCL workflow.,python3 rt_out/scripts/perception/63_capture_panoptic_topics.py --config rt_out/experiments/perception_rt_small_v0/configs/perception_dataset_config.json --mode panoptic --max-messages-per-topic 3 --timeout-seconds 30 --force,
rt_out/experiments/perception_rt_small_v0/perception_raw/native/stable_instance_panoptic/cam_wall_west/images/image_0000000.png,file,true,314903,,diagnostic_keep,keep_for_now,Bridge stable-instance panoptic capture retained as a labeling-side reference input for the final labeled PCL workflow.,python3 rt_out/scripts/perception/63_capture_panoptic_topics.py --config rt_out/experiments/perception_rt_small_v0/configs/perception_dataset_config.json --mode panoptic --max-messages-per-topic 3 --timeout-seconds 30 --force,
rt_out/experiments/perception_rt_small_v0/perception_raw/native/stable_instance_panoptic/cam_wall_west/images/image_0000001.png,file,true,314768,,diagnostic_keep,keep_for_now,Bridge stable-instance panoptic capture retained as a labeling-side reference input for the final labeled PCL workflow.,python3 rt_out/scripts/perception/63_capture_panoptic_topics.py --config rt_out/experiments/perception_rt_small_v0/configs/perception_dataset_config.json --mode panoptic --max-messages-per-topic 3 --timeout-seconds 30 --force,
rt_out/experiments/perception_rt_small_v0/perception_raw/native/stable_instance_panoptic/cam_wall_west/images/image_0000002.png,file,true,314247,,diagnostic_keep,keep_for_now,Bridge stable-instance panoptic capture retained as a labeling-side reference input for the final labeled PCL workflow.,python3 rt_out/scripts/perception/63_capture_panoptic_topics.py --config rt_out/experiments/perception_rt_small_v0/configs/perception_dataset_config.json --mode panoptic --max-messages-per-topic 3 --timeout-seconds 30 --force,
rt_out/experiments/perception_rt_small_v0/perception_raw/native/stable_instance_panoptic/cam_wall_west/labels_maps,directory,true,21703,3,diagnostic_keep,keep_for_now,Bridge stable-instance panoptic capture retained as a labeling-side reference input for the final labeled PCL workflow.,python3 rt_out/scripts/perception/63_capture_panoptic_topics.py --config rt_out/experiments/perception_rt_small_v0/configs/perception_dataset_config.json --mode panoptic --max-messages-per-topic 3 --timeout-seconds 30 --force,
rt_out/experiments/perception_rt_small_v0/perception_raw/native/stable_instance_panoptic/cam_wall_west/labels_maps/labels_0000000.png,file,true,7229,,diagnostic_keep,keep_for_now,Bridge stable-instance panoptic capture retained as a labeling-side reference input for the final labeled PCL workflow.,python3 rt_out/scripts/perception/63_capture_panoptic_topics.py --config rt_out/experiments/perception_rt_small_v0/configs/perception_dataset_config.json --mode panoptic --max-messages-per-topic 3 --timeout-seconds 30 --force,
rt_out/experiments/perception_rt_small_v0/perception_raw/native/stable_instance_panoptic/cam_wall_west/labels_maps/labels_0000001.png,file,true,7225,,diagnostic_keep,keep_for_now,Bridge stable-instance panoptic capture retained as a labeling-side reference input for the final labeled PCL workflow.,python3 rt_out/scripts/perception/63_capture_panoptic_topics.py --config rt_out/experiments/perception_rt_small_v0/configs/perception_dataset_config.json --mode panoptic --max-messages-per-topic 3 --timeout-seconds 30 --force,
rt_out/experiments/perception_rt_small_v0/perception_raw/native/stable_instance_panoptic/cam_wall_west/labels_maps/labels_0000002.png,file,true,7249,,diagnostic_keep,keep_for_now,Bridge stable-instance panoptic capture retained as a labeling-side reference input for the final labeled PCL workflow.,python3 rt_out/scripts/perception/63_capture_panoptic_topics.py --config rt_out/experiments/perception_rt_small_v0/configs/perception_dataset_config.json --mode panoptic --max-messages-per-topic 3 --timeout-seconds 30 --force,
rt_out/experiments/perception_rt_small_v0/perception_raw/native/sync_rgb_pcl_capture_index.csv,file,true,15169,,unknown_review_required,review_required,Path was not matched confidently to the current conservative inventory rules.,,
rt_out/experiments/perception_rt_small_v0/perception_raw/native/sync_rgb_pcl_capture_summary.json,file,true,2350,,unknown_review_required,review_required,Path was not matched confidently to the current conservative inventory rules.,,
rt_out/experiments/perception_rt_small_v0/perception_raw/native/sync_stable_instance_rgb_pcl,directory,true,109903018,168,keep_main,keep,Validated synchronized stable-instance label plus RGB/PCL capture path required for the final labeled point-cloud export.,python3 rt_out/scripts/perception/70_capture_synchronized_stable_instance_rgb_pcl_topics.py --config rt_out/experiments/perception_rt_small_v0/configs/perception_dataset_config.json --max-groups-per-camera 3 --timeout-seconds 30 --stride 4 --max-sync-delta-ms 50 --force,rt_out/scripts/perception/README.md
rt_out/experiments/perception_rt_small_v0/perception_raw/native/sync_stable_instance_rgb_pcl/cam_corner_ne,directory,true,13753150,21,keep_main,keep,Validated synchronized stable-instance label plus RGB/PCL capture path required for the final labeled point-cloud export.,python3 rt_out/scripts/perception/70_capture_synchronized_stable_instance_rgb_pcl_topics.py --config rt_out/experiments/perception_rt_small_v0/configs/perception_dataset_config.json --max-groups-per-camera 3 --timeout-seconds 30 --stride 4 --max-sync-delta-ms 50 --force,
rt_out/experiments/perception_rt_small_v0/perception_raw/native/sync_stable_instance_rgb_pcl/cam_corner_ne/colored_maps,directory,true,2764845,3,keep_main,keep,Validated synchronized stable-instance label plus RGB/PCL capture path required for the final labeled point-cloud export.,python3 rt_out/scripts/perception/70_capture_synchronized_stable_instance_rgb_pcl_topics.py --config rt_out/experiments/perception_rt_small_v0/configs/perception_dataset_config.json --max-groups-per-camera 3 --timeout-seconds 30 --stride 4 --max-sync-delta-ms 50 --force,
rt_out/experiments/perception_rt_small_v0/perception_raw/native/sync_stable_instance_rgb_pcl/cam_corner_ne/colored_maps/000000.ppm,file,true,921615,,keep_main,keep,Validated synchronized stable-instance label plus RGB/PCL capture path required for the final labeled point-cloud export.,python3 rt_out/scripts/perception/70_capture_synchronized_stable_instance_rgb_pcl_topics.py --config rt_out/experiments/perception_rt_small_v0/configs/perception_dataset_config.json --max-groups-per-camera 3 --timeout-seconds 30 --stride 4 --max-sync-delta-ms 50 --force,rt_out/experiments/perception_rt_small_v0/dataset_index/panoptic_dataset_index.csv; rt_out/experiments/perception_rt_small_v0/dataset_index/panoptic_dataset_index.json
rt_out/experiments/perception_rt_small_v0/perception_raw/native/sync_stable_instance_rgb_pcl/cam_corner_ne/colored_maps/000001.ppm,file,true,921615,,keep_main,keep,Validated synchronized stable-instance label plus RGB/PCL capture path required for the final labeled point-cloud export.,python3 rt_out/scripts/perception/70_capture_synchronized_stable_instance_rgb_pcl_topics.py --config rt_out/experiments/perception_rt_small_v0/configs/perception_dataset_config.json --max-groups-per-camera 3 --timeout-seconds 30 --stride 4 --max-sync-delta-ms 50 --force,rt_out/experiments/perception_rt_small_v0/dataset_index/panoptic_dataset_index.csv; rt_out/experiments/perception_rt_small_v0/dataset_index/panoptic_dataset_index.json
rt_out/experiments/perception_rt_small_v0/perception_raw/native/sync_stable_instance_rgb_pcl/cam_corner_ne/colored_maps/000002.ppm,file,true,921615,,keep_main,keep,Validated synchronized stable-instance label plus RGB/PCL capture path required for the final labeled point-cloud export.,python3 rt_out/scripts/perception/70_capture_synchronized_stable_instance_rgb_pcl_topics.py --config rt_out/experiments/perception_rt_small_v0/configs/perception_dataset_config.json --max-groups-per-camera 3 --timeout-seconds 30 --stride 4 --max-sync-delta-ms 50 --force,rt_out/experiments/perception_rt_small_v0/dataset_index/panoptic_dataset_index.csv; rt_out/experiments/perception_rt_small_v0/dataset_index/panoptic_dataset_index.json
rt_out/experiments/perception_rt_small_v0/perception_raw/native/sync_stable_instance_rgb_pcl/cam_corner_ne/compact_instance_label,directory,true,921645,3,keep_main,keep,Validated synchronized stable-instance label plus RGB/PCL capture path required for the final labeled point-cloud export.,python3 rt_out/scripts/perception/70_capture_synchronized_stable_instance_rgb_pcl_topics.py --config rt_out/experiments/perception_rt_small_v0/configs/perception_dataset_config.json --max-groups-per-camera 3 --timeout-seconds 30 --stride 4 --max-sync-delta-ms 50 --force,
rt_out/experiments/perception_rt_small_v0/perception_raw/native/sync_stable_instance_rgb_pcl/cam_corner_ne/compact_instance_label/000000.pgm,file,true,307215,,keep_main,keep,Validated synchronized stable-instance label plus RGB/PCL capture path required for the final labeled point-cloud export.,python3 rt_out/scripts/perception/70_capture_synchronized_stable_instance_rgb_pcl_topics.py --config rt_out/experiments/perception_rt_small_v0/configs/perception_dataset_config.json --max-groups-per-camera 3 --timeout-seconds 30 --stride 4 --max-sync-delta-ms 50 --force,rt_out/experiments/perception_rt_small_v0/dataset_index/panoptic_dataset_index.csv; rt_out/experiments/perception_rt_small_v0/dataset_index/panoptic_dataset_index.json
rt_out/experiments/perception_rt_small_v0/perception_raw/native/sync_stable_instance_rgb_pcl/cam_corner_ne/compact_instance_label/000001.pgm,file,true,307215,,keep_main,keep,Validated synchronized stable-instance label plus RGB/PCL capture path required for the final labeled point-cloud export.,python3 rt_out/scripts/perception/70_capture_synchronized_stable_instance_rgb_pcl_topics.py --config rt_out/experiments/perception_rt_small_v0/configs/perception_dataset_config.json --max-groups-per-camera 3 --timeout-seconds 30 --stride 4 --max-sync-delta-ms 50 --force,rt_out/experiments/perception_rt_small_v0/dataset_index/panoptic_dataset_index.csv; rt_out/experiments/perception_rt_small_v0/dataset_index/panoptic_dataset_index.json
rt_out/experiments/perception_rt_small_v0/perception_raw/native/sync_stable_instance_rgb_pcl/cam_corner_ne/compact_instance_label/000002.pgm,file,true,307215,,keep_main,keep,Validated synchronized stable-instance label plus RGB/PCL capture path required for the final labeled point-cloud export.,python3 rt_out/scripts/perception/70_capture_synchronized_stable_instance_rgb_pcl_topics.py --config rt_out/experiments/perception_rt_small_v0/configs/perception_dataset_config.json --max-groups-per-camera 3 --timeout-seconds 30 --stride 4 --max-sync-delta-ms 50 --force,rt_out/experiments/perception_rt_small_v0/dataset_index/panoptic_dataset_index.csv; rt_out/experiments/perception_rt_small_v0/dataset_index/panoptic_dataset_index.json
rt_out/experiments/perception_rt_small_v0/perception_raw/native/sync_stable_instance_rgb_pcl/cam_corner_ne/gazebo_instance_count,directory,true,1843251,3,keep_main,keep,Validated synchronized stable-instance label plus RGB/PCL capture path required for the final labeled point-cloud export.,python3 rt_out/scripts/perception/70_capture_synchronized_stable_instance_rgb_pcl_topics.py --config rt_out/experiments/perception_rt_small_v0/configs/perception_dataset_config.json --max-groups-per-camera 3 --timeout-seconds 30 --stride 4 --max-sync-delta-ms 50 --force,
rt_out/experiments/perception_rt_small_v0/perception_raw/native/sync_stable_instance_rgb_pcl/cam_corner_ne/gazebo_instance_count/000000.pgm,file,true,614417,,keep_main,keep,Validated synchronized stable-instance label plus RGB/PCL capture path required for the final labeled point-cloud export.,python3 rt_out/scripts/perception/70_capture_synchronized_stable_instance_rgb_pcl_topics.py --config rt_out/experiments/perception_rt_small_v0/configs/perception_dataset_config.json --max-groups-per-camera 3 --timeout-seconds 30 --stride 4 --max-sync-delta-ms 50 --force,rt_out/experiments/perception_rt_small_v0/dataset_index/panoptic_dataset_index.csv; rt_out/experiments/perception_rt_small_v0/dataset_index/panoptic_dataset_index.json
rt_out/experiments/perception_rt_small_v0/perception_raw/native/sync_stable_instance_rgb_pcl/cam_corner_ne/gazebo_instance_count/000001.pgm,file,true,614417,,keep_main,keep,Validated synchronized stable-instance label plus RGB/PCL capture path required for the final labeled point-cloud export.,python3 rt_out/scripts/perception/70_capture_synchronized_stable_instance_rgb_pcl_topics.py --config rt_out/experiments/perception_rt_small_v0/configs/perception_dataset_config.json --max-groups-per-camera 3 --timeout-seconds 30 --stride 4 --max-sync-delta-ms 50 --force,rt_out/experiments/perception_rt_small_v0/dataset_index/panoptic_dataset_index.csv; rt_out/experiments/perception_rt_small_v0/dataset_index/panoptic_dataset_index.json
rt_out/experiments/perception_rt_small_v0/perception_raw/native/sync_stable_instance_rgb_pcl/cam_corner_ne/gazebo_instance_count/000002.pgm,file,true,614417,,keep_main,keep,Validated synchronized stable-instance label plus RGB/PCL capture path required for the final labeled point-cloud export.,python3 rt_out/scripts/perception/70_capture_synchronized_stable_instance_rgb_pcl_topics.py --config rt_out/experiments/perception_rt_small_v0/configs/perception_dataset_config.json --max-groups-per-camera 3 --timeout-seconds 30 --stride 4 --max-sync-delta-ms 50 --force,rt_out/experiments/perception_rt_small_v0/dataset_index/panoptic_dataset_index.csv; rt_out/experiments/perception_rt_small_v0/dataset_index/panoptic_dataset_index.json
rt_out/experiments/perception_rt_small_v0/perception_raw/native/sync_stable_instance_rgb_pcl/cam_corner_ne/labels_maps_rgb,directory,true,2764845,3,keep_main,keep,Validated synchronized stable-instance label plus RGB/PCL capture path required for the final labeled point-cloud export.,python3 rt_out/scripts/perception/70_capture_synchronized_stable_instance_rgb_pcl_topics.py --config rt_out/experiments/perception_rt_small_v0/configs/perception_dataset_config.json --max-groups-per-camera 3 --timeout-seconds 30 --stride 4 --max-sync-delta-ms 50 --force,
rt_out/experiments/perception_rt_small_v0/perception_raw/native/sync_stable_instance_rgb_pcl/cam_corner_ne/labels_maps_rgb/000000.ppm,file,true,921615,,keep_main,keep,Validated synchronized stable-instance label plus RGB/PCL capture path required for the final labeled point-cloud export.,python3 rt_out/scripts/perception/70_capture_synchronized_stable_instance_rgb_pcl_topics.py --config rt_out/experiments/perception_rt_small_v0/configs/perception_dataset_config.json --max-groups-per-camera 3 --timeout-seconds 30 --stride 4 --max-sync-delta-ms 50 --force,rt_out/experiments/perception_rt_small_v0/dataset_index/panoptic_dataset_index.csv; rt_out/experiments/perception_rt_small_v0/dataset_index/panoptic_dataset_index.json
rt_out/experiments/perception_rt_small_v0/perception_raw/native/sync_stable_instance_rgb_pcl/cam_corner_ne/labels_maps_rgb/000001.ppm,file,true,921615,,keep_main,keep,Validated synchronized stable-instance label plus RGB/PCL capture path required for the final labeled point-cloud export.,python3 rt_out/scripts/perception/70_capture_synchronized_stable_instance_rgb_pcl_topics.py --config rt_out/experiments/perception_rt_small_v0/configs/perception_dataset_config.json --max-groups-per-camera 3 --timeout-seconds 30 --stride 4 --max-sync-delta-ms 50 --force,rt_out/experiments/perception_rt_small_v0/dataset_index/panoptic_dataset_index.csv; rt_out/experiments/perception_rt_small_v0/dataset_index/panoptic_dataset_index.json
rt_out/experiments/perception_rt_small_v0/perception_raw/native/sync_stable_instance_rgb_pcl/cam_corner_ne/labels_maps_rgb/000002.ppm,file,true,921615,,keep_main,keep,Validated synchronized stable-instance label plus RGB/PCL capture path required for the final labeled point-cloud export.,python3 rt_out/scripts/perception/70_capture_synchronized_stable_instance_rgb_pcl_topics.py --config rt_out/experiments/perception_rt_small_v0/configs/perception_dataset_config.json --max-groups-per-camera 3 --timeout-seconds 30 --stride 4 --max-sync-delta-ms 50 --force,rt_out/experiments/perception_rt_small_v0/dataset_index/panoptic_dataset_index.csv; rt_out/experiments/perception_rt_small_v0/dataset_index/panoptic_dataset_index.json
rt_out/experiments/perception_rt_small_v0/perception_raw/native/sync_stable_instance_rgb_pcl/cam_corner_ne/metadata,directory,true,7647,3,keep_main,keep,Validated synchronized stable-instance label plus RGB/PCL capture path required for the final labeled point-cloud export.,python3 rt_out/scripts/perception/70_capture_synchronized_stable_instance_rgb_pcl_topics.py --config rt_out/experiments/perception_rt_small_v0/configs/perception_dataset_config.json --max-groups-per-camera 3 --timeout-seconds 30 --stride 4 --max-sync-delta-ms 50 --force,
rt_out/experiments/perception_rt_small_v0/perception_raw/native/sync_stable_instance_rgb_pcl/cam_corner_ne/metadata/sync_000000.json,file,true,2549,,keep_main,keep,Validated synchronized stable-instance label plus RGB/PCL capture path required for the final labeled point-cloud export.,python3 rt_out/scripts/perception/70_capture_synchronized_stable_instance_rgb_pcl_topics.py --config rt_out/experiments/perception_rt_small_v0/configs/perception_dataset_config.json --max-groups-per-camera 3 --timeout-seconds 30 --stride 4 --max-sync-delta-ms 50 --force,
rt_out/experiments/perception_rt_small_v0/perception_raw/native/sync_stable_instance_rgb_pcl/cam_corner_ne/metadata/sync_000001.json,file,true,2549,,keep_main,keep,Validated synchronized stable-instance label plus RGB/PCL capture path required for the final labeled point-cloud export.,python3 rt_out/scripts/perception/70_capture_synchronized_stable_instance_rgb_pcl_topics.py --config rt_out/experiments/perception_rt_small_v0/configs/perception_dataset_config.json --max-groups-per-camera 3 --timeout-seconds 30 --stride 4 --max-sync-delta-ms 50 --force,
rt_out/experiments/perception_rt_small_v0/perception_raw/native/sync_stable_instance_rgb_pcl/cam_corner_ne/metadata/sync_000002.json,file,true,2549,,keep_main,keep,Validated synchronized stable-instance label plus RGB/PCL capture path required for the final labeled point-cloud export.,python3 rt_out/scripts/perception/70_capture_synchronized_stable_instance_rgb_pcl_topics.py --config rt_out/experiments/perception_rt_small_v0/configs/perception_dataset_config.json --max-groups-per-camera 3 --timeout-seconds 30 --stride 4 --max-sync-delta-ms 50 --force,
rt_out/experiments/perception_rt_small_v0/perception_raw/native/sync_stable_instance_rgb_pcl/cam_corner_ne/ply,directory,true,2686072,3,keep_main,keep,Validated synchronized stable-instance label plus RGB/PCL capture path required for the final labeled point-cloud export.,python3 rt_out/scripts/perception/70_capture_synchronized_stable_instance_rgb_pcl_topics.py --config rt_out/experiments/perception_rt_small_v0/configs/perception_dataset_config.json --max-groups-per-camera 3 --timeout-seconds 30 --stride 4 --max-sync-delta-ms 50 --force,
rt_out/experiments/perception_rt_small_v0/perception_raw/native/sync_stable_instance_rgb_pcl/cam_corner_ne/ply/000000.ply,file,true,895356,,keep_main,keep,Validated synchronized stable-instance label plus RGB/PCL capture path required for the final labeled point-cloud export.,python3 rt_out/scripts/perception/70_capture_synchronized_stable_instance_rgb_pcl_topics.py --config rt_out/experiments/perception_rt_small_v0/configs/perception_dataset_config.json --max-groups-per-camera 3 --timeout-seconds 30 --stride 4 --max-sync-delta-ms 50 --force,
rt_out/experiments/perception_rt_small_v0/perception_raw/native/sync_stable_instance_rgb_pcl/cam_corner_ne/ply/000001.ply,file,true,895360,,keep_main,keep,Validated synchronized stable-instance label plus RGB/PCL capture path required for the final labeled point-cloud export.,python3 rt_out/scripts/perception/70_capture_synchronized_stable_instance_rgb_pcl_topics.py --config rt_out/experiments/perception_rt_small_v0/configs/perception_dataset_config.json --max-groups-per-camera 3 --timeout-seconds 30 --stride 4 --max-sync-delta-ms 50 --force,
rt_out/experiments/perception_rt_small_v0/perception_raw/native/sync_stable_instance_rgb_pcl/cam_corner_ne/ply/000002.ply,file,true,895356,,keep_main,keep,Validated synchronized stable-instance label plus RGB/PCL capture path required for the final labeled point-cloud export.,python3 rt_out/scripts/perception/70_capture_synchronized_stable_instance_rgb_pcl_topics.py --config rt_out/experiments/perception_rt_small_v0/configs/perception_dataset_config.json --max-groups-per-camera 3 --timeout-seconds 30 --stride 4 --max-sync-delta-ms 50 --force,
rt_out/experiments/perception_rt_small_v0/perception_raw/native/sync_stable_instance_rgb_pcl/cam_corner_ne/rgb,directory,true,2764845,3,keep_main,keep,Validated synchronized stable-instance label plus RGB/PCL capture path required for the final labeled point-cloud export.,python3 rt_out/scripts/perception/70_capture_synchronized_stable_instance_rgb_pcl_topics.py --config rt_out/experiments/perception_rt_small_v0/configs/perception_dataset_config.json --max-groups-per-camera 3 --timeout-seconds 30 --stride 4 --max-sync-delta-ms 50 --force,
rt_out/experiments/perception_rt_small_v0/perception_raw/native/sync_stable_instance_rgb_pcl/cam_corner_ne/rgb/000000.ppm,file,true,921615,,keep_main,keep,Validated synchronized stable-instance label plus RGB/PCL capture path required for the final labeled point-cloud export.,python3 rt_out/scripts/perception/70_capture_synchronized_stable_instance_rgb_pcl_topics.py --config rt_out/experiments/perception_rt_small_v0/configs/perception_dataset_config.json --max-groups-per-camera 3 --timeout-seconds 30 --stride 4 --max-sync-delta-ms 50 --force,rt_out/experiments/perception_rt_small_v0/dataset_index/panoptic_dataset_index.csv; rt_out/experiments/perception_rt_small_v0/dataset_index/panoptic_dataset_index.json
rt_out/experiments/perception_rt_small_v0/perception_raw/native/sync_stable_instance_rgb_pcl/cam_corner_ne/rgb/000001.ppm,file,true,921615,,keep_main,keep,Validated synchronized stable-instance label plus RGB/PCL capture path required for the final labeled point-cloud export.,python3 rt_out/scripts/perception/70_capture_synchronized_stable_instance_rgb_pcl_topics.py --config rt_out/experiments/perception_rt_small_v0/configs/perception_dataset_config.json --max-groups-per-camera 3 --timeout-seconds 30 --stride 4 --max-sync-delta-ms 50 --force,rt_out/experiments/perception_rt_small_v0/dataset_index/panoptic_dataset_index.csv; rt_out/experiments/perception_rt_small_v0/dataset_index/panoptic_dataset_index.json
rt_out/experiments/perception_rt_small_v0/perception_raw/native/sync_stable_instance_rgb_pcl/cam_corner_ne/rgb/000002.ppm,file,true,921615,,keep_main,keep,Validated synchronized stable-instance label plus RGB/PCL capture path required for the final labeled point-cloud export.,python3 rt_out/scripts/perception/70_capture_synchronized_stable_instance_rgb_pcl_topics.py --config rt_out/experiments/perception_rt_small_v0/configs/perception_dataset_config.json --max-groups-per-camera 3 --timeout-seconds 30 --stride 4 --max-sync-delta-ms 50 --force,rt_out/experiments/perception_rt_small_v0/dataset_index/panoptic_dataset_index.csv; rt_out/experiments/perception_rt_small_v0/dataset_index/panoptic_dataset_index.json
rt_out/experiments/perception_rt_small_v0/perception_raw/native/sync_stable_instance_rgb_pcl/cam_corner_nw,directory,true,13757373,21,keep_main,keep,Validated synchronized stable-instance label plus RGB/PCL capture path required for the final labeled point-cloud export.,python3 rt_out/scripts/perception/70_capture_synchronized_stable_instance_rgb_pcl_topics.py --config rt_out/experiments/perception_rt_small_v0/configs/perception_dataset_config.json --max-groups-per-camera 3 --timeout-seconds 30 --stride 4 --max-sync-delta-ms 50 --force,
rt_out/experiments/perception_rt_small_v0/perception_raw/native/sync_stable_instance_rgb_pcl/cam_corner_nw/colored_maps,directory,true,2764845,3,keep_main,keep,Validated synchronized stable-instance label plus RGB/PCL capture path required for the final labeled point-cloud export.,python3 rt_out/scripts/perception/70_capture_synchronized_stable_instance_rgb_pcl_topics.py --config rt_out/experiments/perception_rt_small_v0/configs/perception_dataset_config.json --max-groups-per-camera 3 --timeout-seconds 30 --stride 4 --max-sync-delta-ms 50 --force,
rt_out/experiments/perception_rt_small_v0/perception_raw/native/sync_stable_instance_rgb_pcl/cam_corner_nw/colored_maps/000000.ppm,file,true,921615,,keep_main,keep,Validated synchronized stable-instance label plus RGB/PCL capture path required for the final labeled point-cloud export.,python3 rt_out/scripts/perception/70_capture_synchronized_stable_instance_rgb_pcl_topics.py --config rt_out/experiments/perception_rt_small_v0/configs/perception_dataset_config.json --max-groups-per-camera 3 --timeout-seconds 30 --stride 4 --max-sync-delta-ms 50 --force,rt_out/experiments/perception_rt_small_v0/dataset_index/panoptic_dataset_index.csv; rt_out/experiments/perception_rt_small_v0/dataset_index/panoptic_dataset_index.json
rt_out/experiments/perception_rt_small_v0/perception_raw/native/sync_stable_instance_rgb_pcl/cam_corner_nw/colored_maps/000001.ppm,file,true,921615,,keep_main,keep,Validated synchronized stable-instance label plus RGB/PCL capture path required for the final labeled point-cloud export.,python3 rt_out/scripts/perception/70_capture_synchronized_stable_instance_rgb_pcl_topics.py --config rt_out/experiments/perception_rt_small_v0/configs/perception_dataset_config.json --max-groups-per-camera 3 --timeout-seconds 30 --stride 4 --max-sync-delta-ms 50 --force,rt_out/experiments/perception_rt_small_v0/dataset_index/panoptic_dataset_index.csv; rt_out/experiments/perception_rt_small_v0/dataset_index/panoptic_dataset_index.json
rt_out/experiments/perception_rt_small_v0/perception_raw/native/sync_stable_instance_rgb_pcl/cam_corner_nw/colored_maps/000002.ppm,file,true,921615,,keep_main,keep,Validated synchronized stable-instance label plus RGB/PCL capture path required for the final labeled point-cloud export.,python3 rt_out/scripts/perception/70_capture_synchronized_stable_instance_rgb_pcl_topics.py --config rt_out/experiments/perception_rt_small_v0/configs/perception_dataset_config.json --max-groups-per-camera 3 --timeout-seconds 30 --stride 4 --max-sync-delta-ms 50 --force,rt_out/experiments/perception_rt_small_v0/dataset_index/panoptic_dataset_index.csv; rt_out/experiments/perception_rt_small_v0/dataset_index/panoptic_dataset_index.json
rt_out/experiments/perception_rt_small_v0/perception_raw/native/sync_stable_instance_rgb_pcl/cam_corner_nw/compact_instance_label,directory,true,921645,3,keep_main,keep,Validated synchronized stable-instance label plus RGB/PCL capture path required for the final labeled point-cloud export.,python3 rt_out/scripts/perception/70_capture_synchronized_stable_instance_rgb_pcl_topics.py --config rt_out/experiments/perception_rt_small_v0/configs/perception_dataset_config.json --max-groups-per-camera 3 --timeout-seconds 30 --stride 4 --max-sync-delta-ms 50 --force,
rt_out/experiments/perception_rt_small_v0/perception_raw/native/sync_stable_instance_rgb_pcl/cam_corner_nw/compact_instance_label/000000.pgm,file,true,307215,,keep_main,keep,Validated synchronized stable-instance label plus RGB/PCL capture path required for the final labeled point-cloud export.,python3 rt_out/scripts/perception/70_capture_synchronized_stable_instance_rgb_pcl_topics.py --config rt_out/experiments/perception_rt_small_v0/configs/perception_dataset_config.json --max-groups-per-camera 3 --timeout-seconds 30 --stride 4 --max-sync-delta-ms 50 --force,rt_out/experiments/perception_rt_small_v0/dataset_index/panoptic_dataset_index.csv; rt_out/experiments/perception_rt_small_v0/dataset_index/panoptic_dataset_index.json
rt_out/experiments/perception_rt_small_v0/perception_raw/native/sync_stable_instance_rgb_pcl/cam_corner_nw/compact_instance_label/000001.pgm,file,true,307215,,keep_main,keep,Validated synchronized stable-instance label plus RGB/PCL capture path required for the final labeled point-cloud export.,python3 rt_out/scripts/perception/70_capture_synchronized_stable_instance_rgb_pcl_topics.py --config rt_out/experiments/perception_rt_small_v0/configs/perception_dataset_config.json --max-groups-per-camera 3 --timeout-seconds 30 --stride 4 --max-sync-delta-ms 50 --force,rt_out/experiments/perception_rt_small_v0/dataset_index/panoptic_dataset_index.csv; rt_out/experiments/perception_rt_small_v0/dataset_index/panoptic_dataset_index.json
rt_out/experiments/perception_rt_small_v0/perception_raw/native/sync_stable_instance_rgb_pcl/cam_corner_nw/compact_instance_label/000002.pgm,file,true,307215,,keep_main,keep,Validated synchronized stable-instance label plus RGB/PCL capture path required for the final labeled point-cloud export.,python3 rt_out/scripts/perception/70_capture_synchronized_stable_instance_rgb_pcl_topics.py --config rt_out/experiments/perception_rt_small_v0/configs/perception_dataset_config.json --max-groups-per-camera 3 --timeout-seconds 30 --stride 4 --max-sync-delta-ms 50 --force,rt_out/experiments/perception_rt_small_v0/dataset_index/panoptic_dataset_index.csv; rt_out/experiments/perception_rt_small_v0/dataset_index/panoptic_dataset_index.json
rt_out/experiments/perception_rt_small_v0/perception_raw/native/sync_stable_instance_rgb_pcl/cam_corner_nw/gazebo_instance_count,directory,true,1843251,3,keep_main,keep,Validated synchronized stable-instance label plus RGB/PCL capture path required for the final labeled point-cloud export.,python3 rt_out/scripts/perception/70_capture_synchronized_stable_instance_rgb_pcl_topics.py --config rt_out/experiments/perception_rt_small_v0/configs/perception_dataset_config.json --max-groups-per-camera 3 --timeout-seconds 30 --stride 4 --max-sync-delta-ms 50 --force,
rt_out/experiments/perception_rt_small_v0/perception_raw/native/sync_stable_instance_rgb_pcl/cam_corner_nw/gazebo_instance_count/000000.pgm,file,true,614417,,keep_main,keep,Validated synchronized stable-instance label plus RGB/PCL capture path required for the final labeled point-cloud export.,python3 rt_out/scripts/perception/70_capture_synchronized_stable_instance_rgb_pcl_topics.py --config rt_out/experiments/perception_rt_small_v0/configs/perception_dataset_config.json --max-groups-per-camera 3 --timeout-seconds 30 --stride 4 --max-sync-delta-ms 50 --force,rt_out/experiments/perception_rt_small_v0/dataset_index/panoptic_dataset_index.csv; rt_out/experiments/perception_rt_small_v0/dataset_index/panoptic_dataset_index.json
rt_out/experiments/perception_rt_small_v0/perception_raw/native/sync_stable_instance_rgb_pcl/cam_corner_nw/gazebo_instance_count/000001.pgm,file,true,614417,,keep_main,keep,Validated synchronized stable-instance label plus RGB/PCL capture path required for the final labeled point-cloud export.,python3 rt_out/scripts/perception/70_capture_synchronized_stable_instance_rgb_pcl_topics.py --config rt_out/experiments/perception_rt_small_v0/configs/perception_dataset_config.json --max-groups-per-camera 3 --timeout-seconds 30 --stride 4 --max-sync-delta-ms 50 --force,rt_out/experiments/perception_rt_small_v0/dataset_index/panoptic_dataset_index.csv; rt_out/experiments/perception_rt_small_v0/dataset_index/panoptic_dataset_index.json
rt_out/experiments/perception_rt_small_v0/perception_raw/native/sync_stable_instance_rgb_pcl/cam_corner_nw/gazebo_instance_count/000002.pgm,file,true,614417,,keep_main,keep,Validated synchronized stable-instance label plus RGB/PCL capture path required for the final labeled point-cloud export.,python3 rt_out/scripts/perception/70_capture_synchronized_stable_instance_rgb_pcl_topics.py --config rt_out/experiments/perception_rt_small_v0/configs/perception_dataset_config.json --max-groups-per-camera 3 --timeout-seconds 30 --stride 4 --max-sync-delta-ms 50 --force,rt_out/experiments/perception_rt_small_v0/dataset_index/panoptic_dataset_index.csv; rt_out/experiments/perception_rt_small_v0/dataset_index/panoptic_dataset_index.json
rt_out/experiments/perception_rt_small_v0/perception_raw/native/sync_stable_instance_rgb_pcl/cam_corner_nw/labels_maps_rgb,directory,true,2764845,3,keep_main,keep,Validated synchronized stable-instance label plus RGB/PCL capture path required for the final labeled point-cloud export.,python3 rt_out/scripts/perception/70_capture_synchronized_stable_instance_rgb_pcl_topics.py --config rt_out/experiments/perception_rt_small_v0/configs/perception_dataset_config.json --max-groups-per-camera 3 --timeout-seconds 30 --stride 4 --max-sync-delta-ms 50 --force,
rt_out/experiments/perception_rt_small_v0/perception_raw/native/sync_stable_instance_rgb_pcl/cam_corner_nw/labels_maps_rgb/000000.ppm,file,true,921615,,keep_main,keep,Validated synchronized stable-instance label plus RGB/PCL capture path required for the final labeled point-cloud export.,python3 rt_out/scripts/perception/70_capture_synchronized_stable_instance_rgb_pcl_topics.py --config rt_out/experiments/perception_rt_small_v0/configs/perception_dataset_config.json --max-groups-per-camera 3 --timeout-seconds 30 --stride 4 --max-sync-delta-ms 50 --force,rt_out/experiments/perception_rt_small_v0/dataset_index/panoptic_dataset_index.csv; rt_out/experiments/perception_rt_small_v0/dataset_index/panoptic_dataset_index.json
rt_out/experiments/perception_rt_small_v0/perception_raw/native/sync_stable_instance_rgb_pcl/cam_corner_nw/labels_maps_rgb/000001.ppm,file,true,921615,,keep_main,keep,Validated synchronized stable-instance label plus RGB/PCL capture path required for the final labeled point-cloud export.,python3 rt_out/scripts/perception/70_capture_synchronized_stable_instance_rgb_pcl_topics.py --config rt_out/experiments/perception_rt_small_v0/configs/perception_dataset_config.json --max-groups-per-camera 3 --timeout-seconds 30 --stride 4 --max-sync-delta-ms 50 --force,rt_out/experiments/perception_rt_small_v0/dataset_index/panoptic_dataset_index.csv; rt_out/experiments/perception_rt_small_v0/dataset_index/panoptic_dataset_index.json
rt_out/experiments/perception_rt_small_v0/perception_raw/native/sync_stable_instance_rgb_pcl/cam_corner_nw/labels_maps_rgb/000002.ppm,file,true,921615,,keep_main,keep,Validated synchronized stable-instance label plus RGB/PCL capture path required for the final labeled point-cloud export.,python3 rt_out/scripts/perception/70_capture_synchronized_stable_instance_rgb_pcl_topics.py --config rt_out/experiments/perception_rt_small_v0/configs/perception_dataset_config.json --max-groups-per-camera 3 --timeout-seconds 30 --stride 4 --max-sync-delta-ms 50 --force,rt_out/experiments/perception_rt_small_v0/dataset_index/panoptic_dataset_index.csv; rt_out/experiments/perception_rt_small_v0/dataset_index/panoptic_dataset_index.json
rt_out/experiments/perception_rt_small_v0/perception_raw/native/sync_stable_instance_rgb_pcl/cam_corner_nw/metadata,directory,true,7644,3,keep_main,keep,Validated synchronized stable-instance label plus RGB/PCL capture path required for the final labeled point-cloud export.,python3 rt_out/scripts/perception/70_capture_synchronized_stable_instance_rgb_pcl_topics.py --config rt_out/experiments/perception_rt_small_v0/configs/perception_dataset_config.json --max-groups-per-camera 3 --timeout-seconds 30 --stride 4 --max-sync-delta-ms 50 --force,
rt_out/experiments/perception_rt_small_v0/perception_raw/native/sync_stable_instance_rgb_pcl/cam_corner_nw/metadata/sync_000000.json,file,true,2548,,keep_main,keep,Validated synchronized stable-instance label plus RGB/PCL capture path required for the final labeled point-cloud export.,python3 rt_out/scripts/perception/70_capture_synchronized_stable_instance_rgb_pcl_topics.py --config rt_out/experiments/perception_rt_small_v0/configs/perception_dataset_config.json --max-groups-per-camera 3 --timeout-seconds 30 --stride 4 --max-sync-delta-ms 50 --force,
rt_out/experiments/perception_rt_small_v0/perception_raw/native/sync_stable_instance_rgb_pcl/cam_corner_nw/metadata/sync_000001.json,file,true,2548,,keep_main,keep,Validated synchronized stable-instance label plus RGB/PCL capture path required for the final labeled point-cloud export.,python3 rt_out/scripts/perception/70_capture_synchronized_stable_instance_rgb_pcl_topics.py --config rt_out/experiments/perception_rt_small_v0/configs/perception_dataset_config.json --max-groups-per-camera 3 --timeout-seconds 30 --stride 4 --max-sync-delta-ms 50 --force,
rt_out/experiments/perception_rt_small_v0/perception_raw/native/sync_stable_instance_rgb_pcl/cam_corner_nw/metadata/sync_000002.json,file,true,2548,,keep_main,keep,Validated synchronized stable-instance label plus RGB/PCL capture path required for the final labeled point-cloud export.,python3 rt_out/scripts/perception/70_capture_synchronized_stable_instance_rgb_pcl_topics.py --config rt_out/experiments/perception_rt_small_v0/configs/perception_dataset_config.json --max-groups-per-camera 3 --timeout-seconds 30 --stride 4 --max-sync-delta-ms 50 --force,
rt_out/experiments/perception_rt_small_v0/perception_raw/native/sync_stable_instance_rgb_pcl/cam_corner_nw/ply,directory,true,2690298,3,keep_main,keep,Validated synchronized stable-instance label plus RGB/PCL capture path required for the final labeled point-cloud export.,python3 rt_out/scripts/perception/70_capture_synchronized_stable_instance_rgb_pcl_topics.py --config rt_out/experiments/perception_rt_small_v0/configs/perception_dataset_config.json --max-groups-per-camera 3 --timeout-seconds 30 --stride 4 --max-sync-delta-ms 50 --force,
rt_out/experiments/perception_rt_small_v0/perception_raw/native/sync_stable_instance_rgb_pcl/cam_corner_nw/ply/000000.ply,file,true,896756,,keep_main,keep,Validated synchronized stable-instance label plus RGB/PCL capture path required for the final labeled point-cloud export.,python3 rt_out/scripts/perception/70_capture_synchronized_stable_instance_rgb_pcl_topics.py --config rt_out/experiments/perception_rt_small_v0/configs/perception_dataset_config.json --max-groups-per-camera 3 --timeout-seconds 30 --stride 4 --max-sync-delta-ms 50 --force,
rt_out/experiments/perception_rt_small_v0/perception_raw/native/sync_stable_instance_rgb_pcl/cam_corner_nw/ply/000001.ply,file,true,896759,,keep_main,keep,Validated synchronized stable-instance label plus RGB/PCL capture path required for the final labeled point-cloud export.,python3 rt_out/scripts/perception/70_capture_synchronized_stable_instance_rgb_pcl_topics.py --config rt_out/experiments/perception_rt_small_v0/configs/perception_dataset_config.json --max-groups-per-camera 3 --timeout-seconds 30 --stride 4 --max-sync-delta-ms 50 --force,
rt_out/experiments/perception_rt_small_v0/perception_raw/native/sync_stable_instance_rgb_pcl/cam_corner_nw/ply/000002.ply,file,true,896783,,keep_main,keep,Validated synchronized stable-instance label plus RGB/PCL capture path required for the final labeled point-cloud export.,python3 rt_out/scripts/perception/70_capture_synchronized_stable_instance_rgb_pcl_topics.py --config rt_out/experiments/perception_rt_small_v0/configs/perception_dataset_config.json --max-groups-per-camera 3 --timeout-seconds 30 --stride 4 --max-sync-delta-ms 50 --force,
rt_out/experiments/perception_rt_small_v0/perception_raw/native/sync_stable_instance_rgb_pcl/cam_corner_nw/rgb,directory,true,2764845,3,keep_main,keep,Validated synchronized stable-instance label plus RGB/PCL capture path required for the final labeled point-cloud export.,python3 rt_out/scripts/perception/70_capture_synchronized_stable_instance_rgb_pcl_topics.py --config rt_out/experiments/perception_rt_small_v0/configs/perception_dataset_config.json --max-groups-per-camera 3 --timeout-seconds 30 --stride 4 --max-sync-delta-ms 50 --force,
rt_out/experiments/perception_rt_small_v0/perception_raw/native/sync_stable_instance_rgb_pcl/cam_corner_nw/rgb/000000.ppm,file,true,921615,,keep_main,keep,Validated synchronized stable-instance label plus RGB/PCL capture path required for the final labeled point-cloud export.,python3 rt_out/scripts/perception/70_capture_synchronized_stable_instance_rgb_pcl_topics.py --config rt_out/experiments/perception_rt_small_v0/configs/perception_dataset_config.json --max-groups-per-camera 3 --timeout-seconds 30 --stride 4 --max-sync-delta-ms 50 --force,rt_out/experiments/perception_rt_small_v0/dataset_index/panoptic_dataset_index.csv; rt_out/experiments/perception_rt_small_v0/dataset_index/panoptic_dataset_index.json
rt_out/experiments/perception_rt_small_v0/perception_raw/native/sync_stable_instance_rgb_pcl/cam_corner_nw/rgb/000001.ppm,file,true,921615,,keep_main,keep,Validated synchronized stable-instance label plus RGB/PCL capture path required for the final labeled point-cloud export.,python3 rt_out/scripts/perception/70_capture_synchronized_stable_instance_rgb_pcl_topics.py --config rt_out/experiments/perception_rt_small_v0/configs/perception_dataset_config.json --max-groups-per-camera 3 --timeout-seconds 30 --stride 4 --max-sync-delta-ms 50 --force,rt_out/experiments/perception_rt_small_v0/dataset_index/panoptic_dataset_index.csv; rt_out/experiments/perception_rt_small_v0/dataset_index/panoptic_dataset_index.json
rt_out/experiments/perception_rt_small_v0/perception_raw/native/sync_stable_instance_rgb_pcl/cam_corner_nw/rgb/000002.ppm,file,true,921615,,keep_main,keep,Validated synchronized stable-instance label plus RGB/PCL capture path required for the final labeled point-cloud export.,python3 rt_out/scripts/perception/70_capture_synchronized_stable_instance_rgb_pcl_topics.py --config rt_out/experiments/perception_rt_small_v0/configs/perception_dataset_config.json --max-groups-per-camera 3 --timeout-seconds 30 --stride 4 --max-sync-delta-ms 50 --force,rt_out/experiments/perception_rt_small_v0/dataset_index/panoptic_dataset_index.csv; rt_out/experiments/perception_rt_small_v0/dataset_index/panoptic_dataset_index.json
rt_out/experiments/perception_rt_small_v0/perception_raw/native/sync_stable_instance_rgb_pcl/cam_corner_se,directory,true,13751379,21,keep_main,keep,Validated synchronized stable-instance label plus RGB/PCL capture path required for the final labeled point-cloud export.,python3 rt_out/scripts/perception/70_capture_synchronized_stable_instance_rgb_pcl_topics.py --config rt_out/experiments/perception_rt_small_v0/configs/perception_dataset_config.json --max-groups-per-camera 3 --timeout-seconds 30 --stride 4 --max-sync-delta-ms 50 --force,
rt_out/experiments/perception_rt_small_v0/perception_raw/native/sync_stable_instance_rgb_pcl/cam_corner_se/colored_maps,directory,true,2764845,3,keep_main,keep,Validated synchronized stable-instance label plus RGB/PCL capture path required for the final labeled point-cloud export.,python3 rt_out/scripts/perception/70_capture_synchronized_stable_instance_rgb_pcl_topics.py --config rt_out/experiments/perception_rt_small_v0/configs/perception_dataset_config.json --max-groups-per-camera 3 --timeout-seconds 30 --stride 4 --max-sync-delta-ms 50 --force,
rt_out/experiments/perception_rt_small_v0/perception_raw/native/sync_stable_instance_rgb_pcl/cam_corner_se/colored_maps/000000.ppm,file,true,921615,,keep_main,keep,Validated synchronized stable-instance label plus RGB/PCL capture path required for the final labeled point-cloud export.,python3 rt_out/scripts/perception/70_capture_synchronized_stable_instance_rgb_pcl_topics.py --config rt_out/experiments/perception_rt_small_v0/configs/perception_dataset_config.json --max-groups-per-camera 3 --timeout-seconds 30 --stride 4 --max-sync-delta-ms 50 --force,rt_out/experiments/perception_rt_small_v0/dataset_index/panoptic_dataset_index.csv; rt_out/experiments/perception_rt_small_v0/dataset_index/panoptic_dataset_index.json
rt_out/experiments/perception_rt_small_v0/perception_raw/native/sync_stable_instance_rgb_pcl/cam_corner_se/colored_maps/000001.ppm,file,true,921615,,keep_main,keep,Validated synchronized stable-instance label plus RGB/PCL capture path required for the final labeled point-cloud export.,python3 rt_out/scripts/perception/70_capture_synchronized_stable_instance_rgb_pcl_topics.py --config rt_out/experiments/perception_rt_small_v0/configs/perception_dataset_config.json --max-groups-per-camera 3 --timeout-seconds 30 --stride 4 --max-sync-delta-ms 50 --force,rt_out/experiments/perception_rt_small_v0/dataset_index/panoptic_dataset_index.csv; rt_out/experiments/perception_rt_small_v0/dataset_index/panoptic_dataset_index.json
rt_out/experiments/perception_rt_small_v0/perception_raw/native/sync_stable_instance_rgb_pcl/cam_corner_se/colored_maps/000002.ppm,file,true,921615,,keep_main,keep,Validated synchronized stable-instance label plus RGB/PCL capture path required for the final labeled point-cloud export.,python3 rt_out/scripts/perception/70_capture_synchronized_stable_instance_rgb_pcl_topics.py --config rt_out/experiments/perception_rt_small_v0/configs/perception_dataset_config.json --max-groups-per-camera 3 --timeout-seconds 30 --stride 4 --max-sync-delta-ms 50 --force,rt_out/experiments/perception_rt_small_v0/dataset_index/panoptic_dataset_index.csv; rt_out/experiments/perception_rt_small_v0/dataset_index/panoptic_dataset_index.json
rt_out/experiments/perception_rt_small_v0/perception_raw/native/sync_stable_instance_rgb_pcl/cam_corner_se/compact_instance_label,directory,true,921645,3,keep_main,keep,Validated synchronized stable-instance label plus RGB/PCL capture path required for the final labeled point-cloud export.,python3 rt_out/scripts/perception/70_capture_synchronized_stable_instance_rgb_pcl_topics.py --config rt_out/experiments/perception_rt_small_v0/configs/perception_dataset_config.json --max-groups-per-camera 3 --timeout-seconds 30 --stride 4 --max-sync-delta-ms 50 --force,
rt_out/experiments/perception_rt_small_v0/perception_raw/native/sync_stable_instance_rgb_pcl/cam_corner_se/compact_instance_label/000000.pgm,file,true,307215,,keep_main,keep,Validated synchronized stable-instance label plus RGB/PCL capture path required for the final labeled point-cloud export.,python3 rt_out/scripts/perception/70_capture_synchronized_stable_instance_rgb_pcl_topics.py --config rt_out/experiments/perception_rt_small_v0/configs/perception_dataset_config.json --max-groups-per-camera 3 --timeout-seconds 30 --stride 4 --max-sync-delta-ms 50 --force,rt_out/experiments/perception_rt_small_v0/dataset_index/panoptic_dataset_index.csv; rt_out/experiments/perception_rt_small_v0/dataset_index/panoptic_dataset_index.json
rt_out/experiments/perception_rt_small_v0/perception_raw/native/sync_stable_instance_rgb_pcl/cam_corner_se/compact_instance_label/000001.pgm,file,true,307215,,keep_main,keep,Validated synchronized stable-instance label plus RGB/PCL capture path required for the final labeled point-cloud export.,python3 rt_out/scripts/perception/70_capture_synchronized_stable_instance_rgb_pcl_topics.py --config rt_out/experiments/perception_rt_small_v0/configs/perception_dataset_config.json --max-groups-per-camera 3 --timeout-seconds 30 --stride 4 --max-sync-delta-ms 50 --force,rt_out/experiments/perception_rt_small_v0/dataset_index/panoptic_dataset_index.csv; rt_out/experiments/perception_rt_small_v0/dataset_index/panoptic_dataset_index.json
rt_out/experiments/perception_rt_small_v0/perception_raw/native/sync_stable_instance_rgb_pcl/cam_corner_se/compact_instance_label/000002.pgm,file,true,307215,,keep_main,keep,Validated synchronized stable-instance label plus RGB/PCL capture path required for the final labeled point-cloud export.,python3 rt_out/scripts/perception/70_capture_synchronized_stable_instance_rgb_pcl_topics.py --config rt_out/experiments/perception_rt_small_v0/configs/perception_dataset_config.json --max-groups-per-camera 3 --timeout-seconds 30 --stride 4 --max-sync-delta-ms 50 --force,rt_out/experiments/perception_rt_small_v0/dataset_index/panoptic_dataset_index.csv; rt_out/experiments/perception_rt_small_v0/dataset_index/panoptic_dataset_index.json
rt_out/experiments/perception_rt_small_v0/perception_raw/native/sync_stable_instance_rgb_pcl/cam_corner_se/gazebo_instance_count,directory,true,1843251,3,keep_main,keep,Validated synchronized stable-instance label plus RGB/PCL capture path required for the final labeled point-cloud export.,python3 rt_out/scripts/perception/70_capture_synchronized_stable_instance_rgb_pcl_topics.py --config rt_out/experiments/perception_rt_small_v0/configs/perception_dataset_config.json --max-groups-per-camera 3 --timeout-seconds 30 --stride 4 --max-sync-delta-ms 50 --force,
rt_out/experiments/perception_rt_small_v0/perception_raw/native/sync_stable_instance_rgb_pcl/cam_corner_se/gazebo_instance_count/000000.pgm,file,true,614417,,keep_main,keep,Validated synchronized stable-instance label plus RGB/PCL capture path required for the final labeled point-cloud export.,python3 rt_out/scripts/perception/70_capture_synchronized_stable_instance_rgb_pcl_topics.py --config rt_out/experiments/perception_rt_small_v0/configs/perception_dataset_config.json --max-groups-per-camera 3 --timeout-seconds 30 --stride 4 --max-sync-delta-ms 50 --force,rt_out/experiments/perception_rt_small_v0/dataset_index/panoptic_dataset_index.csv; rt_out/experiments/perception_rt_small_v0/dataset_index/panoptic_dataset_index.json
rt_out/experiments/perception_rt_small_v0/perception_raw/native/sync_stable_instance_rgb_pcl/cam_corner_se/gazebo_instance_count/000001.pgm,file,true,614417,,keep_main,keep,Validated synchronized stable-instance label plus RGB/PCL capture path required for the final labeled point-cloud export.,python3 rt_out/scripts/perception/70_capture_synchronized_stable_instance_rgb_pcl_topics.py --config rt_out/experiments/perception_rt_small_v0/configs/perception_dataset_config.json --max-groups-per-camera 3 --timeout-seconds 30 --stride 4 --max-sync-delta-ms 50 --force,rt_out/experiments/perception_rt_small_v0/dataset_index/panoptic_dataset_index.csv; rt_out/experiments/perception_rt_small_v0/dataset_index/panoptic_dataset_index.json
rt_out/experiments/perception_rt_small_v0/perception_raw/native/sync_stable_instance_rgb_pcl/cam_corner_se/gazebo_instance_count/000002.pgm,file,true,614417,,keep_main,keep,Validated synchronized stable-instance label plus RGB/PCL capture path required for the final labeled point-cloud export.,python3 rt_out/scripts/perception/70_capture_synchronized_stable_instance_rgb_pcl_topics.py --config rt_out/experiments/perception_rt_small_v0/configs/perception_dataset_config.json --max-groups-per-camera 3 --timeout-seconds 30 --stride 4 --max-sync-delta-ms 50 --force,rt_out/experiments/perception_rt_small_v0/dataset_index/panoptic_dataset_index.csv; rt_out/experiments/perception_rt_small_v0/dataset_index/panoptic_dataset_index.json
rt_out/experiments/perception_rt_small_v0/perception_raw/native/sync_stable_instance_rgb_pcl/cam_corner_se/labels_maps_rgb,directory,true,2764845,3,keep_main,keep,Validated synchronized stable-instance label plus RGB/PCL capture path required for the final labeled point-cloud export.,python3 rt_out/scripts/perception/70_capture_synchronized_stable_instance_rgb_pcl_topics.py --config rt_out/experiments/perception_rt_small_v0/configs/perception_dataset_config.json --max-groups-per-camera 3 --timeout-seconds 30 --stride 4 --max-sync-delta-ms 50 --force,
rt_out/experiments/perception_rt_small_v0/perception_raw/native/sync_stable_instance_rgb_pcl/cam_corner_se/labels_maps_rgb/000000.ppm,file,true,921615,,keep_main,keep,Validated synchronized stable-instance label plus RGB/PCL capture path required for the final labeled point-cloud export.,python3 rt_out/scripts/perception/70_capture_synchronized_stable_instance_rgb_pcl_topics.py --config rt_out/experiments/perception_rt_small_v0/configs/perception_dataset_config.json --max-groups-per-camera 3 --timeout-seconds 30 --stride 4 --max-sync-delta-ms 50 --force,rt_out/experiments/perception_rt_small_v0/dataset_index/panoptic_dataset_index.csv; rt_out/experiments/perception_rt_small_v0/dataset_index/panoptic_dataset_index.json
rt_out/experiments/perception_rt_small_v0/perception_raw/native/sync_stable_instance_rgb_pcl/cam_corner_se/labels_maps_rgb/000001.ppm,file,true,921615,,keep_main,keep,Validated synchronized stable-instance label plus RGB/PCL capture path required for the final labeled point-cloud export.,python3 rt_out/scripts/perception/70_capture_synchronized_stable_instance_rgb_pcl_topics.py --config rt_out/experiments/perception_rt_small_v0/configs/perception_dataset_config.json --max-groups-per-camera 3 --timeout-seconds 30 --stride 4 --max-sync-delta-ms 50 --force,rt_out/experiments/perception_rt_small_v0/dataset_index/panoptic_dataset_index.csv; rt_out/experiments/perception_rt_small_v0/dataset_index/panoptic_dataset_index.json
rt_out/experiments/perception_rt_small_v0/perception_raw/native/sync_stable_instance_rgb_pcl/cam_corner_se/labels_maps_rgb/000002.ppm,file,true,921615,,keep_main,keep,Validated synchronized stable-instance label plus RGB/PCL capture path required for the final labeled point-cloud export.,python3 rt_out/scripts/perception/70_capture_synchronized_stable_instance_rgb_pcl_topics.py --config rt_out/experiments/perception_rt_small_v0/configs/perception_dataset_config.json --max-groups-per-camera 3 --timeout-seconds 30 --stride 4 --max-sync-delta-ms 50 --force,rt_out/experiments/perception_rt_small_v0/dataset_index/panoptic_dataset_index.csv; rt_out/experiments/perception_rt_small_v0/dataset_index/panoptic_dataset_index.json
rt_out/experiments/perception_rt_small_v0/perception_raw/native/sync_stable_instance_rgb_pcl/cam_corner_se/metadata,directory,true,7644,3,keep_main,keep,Validated synchronized stable-instance label plus RGB/PCL capture path required for the final labeled point-cloud export.,python3 rt_out/scripts/perception/70_capture_synchronized_stable_instance_rgb_pcl_topics.py --config rt_out/experiments/perception_rt_small_v0/configs/perception_dataset_config.json --max-groups-per-camera 3 --timeout-seconds 30 --stride 4 --max-sync-delta-ms 50 --force,
rt_out/experiments/perception_rt_small_v0/perception_raw/native/sync_stable_instance_rgb_pcl/cam_corner_se/metadata/sync_000000.json,file,true,2548,,keep_main,keep,Validated synchronized stable-instance label plus RGB/PCL capture path required for the final labeled point-cloud export.,python3 rt_out/scripts/perception/70_capture_synchronized_stable_instance_rgb_pcl_topics.py --config rt_out/experiments/perception_rt_small_v0/configs/perception_dataset_config.json --max-groups-per-camera 3 --timeout-seconds 30 --stride 4 --max-sync-delta-ms 50 --force,
rt_out/experiments/perception_rt_small_v0/perception_raw/native/sync_stable_instance_rgb_pcl/cam_corner_se/metadata/sync_000001.json,file,true,2548,,keep_main,keep,Validated synchronized stable-instance label plus RGB/PCL capture path required for the final labeled point-cloud export.,python3 rt_out/scripts/perception/70_capture_synchronized_stable_instance_rgb_pcl_topics.py --config rt_out/experiments/perception_rt_small_v0/configs/perception_dataset_config.json --max-groups-per-camera 3 --timeout-seconds 30 --stride 4 --max-sync-delta-ms 50 --force,
rt_out/experiments/perception_rt_small_v0/perception_raw/native/sync_stable_instance_rgb_pcl/cam_corner_se/metadata/sync_000002.json,file,true,2548,,keep_main,keep,Validated synchronized stable-instance label plus RGB/PCL capture path required for the final labeled point-cloud export.,python3 rt_out/scripts/perception/70_capture_synchronized_stable_instance_rgb_pcl_topics.py --config rt_out/experiments/perception_rt_small_v0/configs/perception_dataset_config.json --max-groups-per-camera 3 --timeout-seconds 30 --stride 4 --max-sync-delta-ms 50 --force,
rt_out/experiments/perception_rt_small_v0/perception_raw/native/sync_stable_instance_rgb_pcl/cam_corner_se/ply,directory,true,2684304,3,keep_main,keep,Validated synchronized stable-instance label plus RGB/PCL capture path required for the final labeled point-cloud export.,python3 rt_out/scripts/perception/70_capture_synchronized_stable_instance_rgb_pcl_topics.py --config rt_out/experiments/perception_rt_small_v0/configs/perception_dataset_config.json --max-groups-per-camera 3 --timeout-seconds 30 --stride 4 --max-sync-delta-ms 50 --force,
rt_out/experiments/perception_rt_small_v0/perception_raw/native/sync_stable_instance_rgb_pcl/cam_corner_se/ply/000000.ply,file,true,894764,,keep_main,keep,Validated synchronized stable-instance label plus RGB/PCL capture path required for the final labeled point-cloud export.,python3 rt_out/scripts/perception/70_capture_synchronized_stable_instance_rgb_pcl_topics.py --config rt_out/experiments/perception_rt_small_v0/configs/perception_dataset_config.json --max-groups-per-camera 3 --timeout-seconds 30 --stride 4 --max-sync-delta-ms 50 --force,
rt_out/experiments/perception_rt_small_v0/perception_raw/native/sync_stable_instance_rgb_pcl/cam_corner_se/ply/000001.ply,file,true,894761,,keep_main,keep,Validated synchronized stable-instance label plus RGB/PCL capture path required for the final labeled point-cloud export.,python3 rt_out/scripts/perception/70_capture_synchronized_stable_instance_rgb_pcl_topics.py --config rt_out/experiments/perception_rt_small_v0/configs/perception_dataset_config.json --max-groups-per-camera 3 --timeout-seconds 30 --stride 4 --max-sync-delta-ms 50 --force,
rt_out/experiments/perception_rt_small_v0/perception_raw/native/sync_stable_instance_rgb_pcl/cam_corner_se/ply/000002.ply,file,true,894779,,keep_main,keep,Validated synchronized stable-instance label plus RGB/PCL capture path required for the final labeled point-cloud export.,python3 rt_out/scripts/perception/70_capture_synchronized_stable_instance_rgb_pcl_topics.py --config rt_out/experiments/perception_rt_small_v0/configs/perception_dataset_config.json --max-groups-per-camera 3 --timeout-seconds 30 --stride 4 --max-sync-delta-ms 50 --force,
rt_out/experiments/perception_rt_small_v0/perception_raw/native/sync_stable_instance_rgb_pcl/cam_corner_se/rgb,directory,true,2764845,3,keep_main,keep,Validated synchronized stable-instance label plus RGB/PCL capture path required for the final labeled point-cloud export.,python3 rt_out/scripts/perception/70_capture_synchronized_stable_instance_rgb_pcl_topics.py --config rt_out/experiments/perception_rt_small_v0/configs/perception_dataset_config.json --max-groups-per-camera 3 --timeout-seconds 30 --stride 4 --max-sync-delta-ms 50 --force,
rt_out/experiments/perception_rt_small_v0/perception_raw/native/sync_stable_instance_rgb_pcl/cam_corner_se/rgb/000000.ppm,file,true,921615,,keep_main,keep,Validated synchronized stable-instance label plus RGB/PCL capture path required for the final labeled point-cloud export.,python3 rt_out/scripts/perception/70_capture_synchronized_stable_instance_rgb_pcl_topics.py --config rt_out/experiments/perception_rt_small_v0/configs/perception_dataset_config.json --max-groups-per-camera 3 --timeout-seconds 30 --stride 4 --max-sync-delta-ms 50 --force,rt_out/experiments/perception_rt_small_v0/dataset_index/panoptic_dataset_index.csv; rt_out/experiments/perception_rt_small_v0/dataset_index/panoptic_dataset_index.json
rt_out/experiments/perception_rt_small_v0/perception_raw/native/sync_stable_instance_rgb_pcl/cam_corner_se/rgb/000001.ppm,file,true,921615,,keep_main,keep,Validated synchronized stable-instance label plus RGB/PCL capture path required for the final labeled point-cloud export.,python3 rt_out/scripts/perception/70_capture_synchronized_stable_instance_rgb_pcl_topics.py --config rt_out/experiments/perception_rt_small_v0/configs/perception_dataset_config.json --max-groups-per-camera 3 --timeout-seconds 30 --stride 4 --max-sync-delta-ms 50 --force,rt_out/experiments/perception_rt_small_v0/dataset_index/panoptic_dataset_index.csv; rt_out/experiments/perception_rt_small_v0/dataset_index/panoptic_dataset_index.json
rt_out/experiments/perception_rt_small_v0/perception_raw/native/sync_stable_instance_rgb_pcl/cam_corner_se/rgb/000002.ppm,file,true,921615,,keep_main,keep,Validated synchronized stable-instance label plus RGB/PCL capture path required for the final labeled point-cloud export.,python3 rt_out/scripts/perception/70_capture_synchronized_stable_instance_rgb_pcl_topics.py --config rt_out/experiments/perception_rt_small_v0/configs/perception_dataset_config.json --max-groups-per-camera 3 --timeout-seconds 30 --stride 4 --max-sync-delta-ms 50 --force,rt_out/experiments/perception_rt_small_v0/dataset_index/panoptic_dataset_index.csv; rt_out/experiments/perception_rt_small_v0/dataset_index/panoptic_dataset_index.json
rt_out/experiments/perception_rt_small_v0/perception_raw/native/sync_stable_instance_rgb_pcl/cam_corner_sw,directory,true,13759425,21,keep_main,keep,Validated synchronized stable-instance label plus RGB/PCL capture path required for the final labeled point-cloud export.,python3 rt_out/scripts/perception/70_capture_synchronized_stable_instance_rgb_pcl_topics.py --config rt_out/experiments/perception_rt_small_v0/configs/perception_dataset_config.json --max-groups-per-camera 3 --timeout-seconds 30 --stride 4 --max-sync-delta-ms 50 --force,
rt_out/experiments/perception_rt_small_v0/perception_raw/native/sync_stable_instance_rgb_pcl/cam_corner_sw/colored_maps,directory,true,2764845,3,keep_main,keep,Validated synchronized stable-instance label plus RGB/PCL capture path required for the final labeled point-cloud export.,python3 rt_out/scripts/perception/70_capture_synchronized_stable_instance_rgb_pcl_topics.py --config rt_out/experiments/perception_rt_small_v0/configs/perception_dataset_config.json --max-groups-per-camera 3 --timeout-seconds 30 --stride 4 --max-sync-delta-ms 50 --force,
rt_out/experiments/perception_rt_small_v0/perception_raw/native/sync_stable_instance_rgb_pcl/cam_corner_sw/colored_maps/000000.ppm,file,true,921615,,keep_main,keep,Validated synchronized stable-instance label plus RGB/PCL capture path required for the final labeled point-cloud export.,python3 rt_out/scripts/perception/70_capture_synchronized_stable_instance_rgb_pcl_topics.py --config rt_out/experiments/perception_rt_small_v0/configs/perception_dataset_config.json --max-groups-per-camera 3 --timeout-seconds 30 --stride 4 --max-sync-delta-ms 50 --force,rt_out/experiments/perception_rt_small_v0/dataset_index/panoptic_dataset_index.csv; rt_out/experiments/perception_rt_small_v0/dataset_index/panoptic_dataset_index.json
rt_out/experiments/perception_rt_small_v0/perception_raw/native/sync_stable_instance_rgb_pcl/cam_corner_sw/colored_maps/000001.ppm,file,true,921615,,keep_main,keep,Validated synchronized stable-instance label plus RGB/PCL capture path required for the final labeled point-cloud export.,python3 rt_out/scripts/perception/70_capture_synchronized_stable_instance_rgb_pcl_topics.py --config rt_out/experiments/perception_rt_small_v0/configs/perception_dataset_config.json --max-groups-per-camera 3 --timeout-seconds 30 --stride 4 --max-sync-delta-ms 50 --force,rt_out/experiments/perception_rt_small_v0/dataset_index/panoptic_dataset_index.csv; rt_out/experiments/perception_rt_small_v0/dataset_index/panoptic_dataset_index.json
rt_out/experiments/perception_rt_small_v0/perception_raw/native/sync_stable_instance_rgb_pcl/cam_corner_sw/colored_maps/000002.ppm,file,true,921615,,keep_main,keep,Validated synchronized stable-instance label plus RGB/PCL capture path required for the final labeled point-cloud export.,python3 rt_out/scripts/perception/70_capture_synchronized_stable_instance_rgb_pcl_topics.py --config rt_out/experiments/perception_rt_small_v0/configs/perception_dataset_config.json --max-groups-per-camera 3 --timeout-seconds 30 --stride 4 --max-sync-delta-ms 50 --force,rt_out/experiments/perception_rt_small_v0/dataset_index/panoptic_dataset_index.csv; rt_out/experiments/perception_rt_small_v0/dataset_index/panoptic_dataset_index.json
rt_out/experiments/perception_rt_small_v0/perception_raw/native/sync_stable_instance_rgb_pcl/cam_corner_sw/compact_instance_label,directory,true,921645,3,keep_main,keep,Validated synchronized stable-instance label plus RGB/PCL capture path required for the final labeled point-cloud export.,python3 rt_out/scripts/perception/70_capture_synchronized_stable_instance_rgb_pcl_topics.py --config rt_out/experiments/perception_rt_small_v0/configs/perception_dataset_config.json --max-groups-per-camera 3 --timeout-seconds 30 --stride 4 --max-sync-delta-ms 50 --force,
rt_out/experiments/perception_rt_small_v0/perception_raw/native/sync_stable_instance_rgb_pcl/cam_corner_sw/compact_instance_label/000000.pgm,file,true,307215,,keep_main,keep,Validated synchronized stable-instance label plus RGB/PCL capture path required for the final labeled point-cloud export.,python3 rt_out/scripts/perception/70_capture_synchronized_stable_instance_rgb_pcl_topics.py --config rt_out/experiments/perception_rt_small_v0/configs/perception_dataset_config.json --max-groups-per-camera 3 --timeout-seconds 30 --stride 4 --max-sync-delta-ms 50 --force,rt_out/experiments/perception_rt_small_v0/dataset_index/panoptic_dataset_index.csv; rt_out/experiments/perception_rt_small_v0/dataset_index/panoptic_dataset_index.json
rt_out/experiments/perception_rt_small_v0/perception_raw/native/sync_stable_instance_rgb_pcl/cam_corner_sw/compact_instance_label/000001.pgm,file,true,307215,,keep_main,keep,Validated synchronized stable-instance label plus RGB/PCL capture path required for the final labeled point-cloud export.,python3 rt_out/scripts/perception/70_capture_synchronized_stable_instance_rgb_pcl_topics.py --config rt_out/experiments/perception_rt_small_v0/configs/perception_dataset_config.json --max-groups-per-camera 3 --timeout-seconds 30 --stride 4 --max-sync-delta-ms 50 --force,rt_out/experiments/perception_rt_small_v0/dataset_index/panoptic_dataset_index.csv; rt_out/experiments/perception_rt_small_v0/dataset_index/panoptic_dataset_index.json
rt_out/experiments/perception_rt_small_v0/perception_raw/native/sync_stable_instance_rgb_pcl/cam_corner_sw/compact_instance_label/000002.pgm,file,true,307215,,keep_main,keep,Validated synchronized stable-instance label plus RGB/PCL capture path required for the final labeled point-cloud export.,python3 rt_out/scripts/perception/70_capture_synchronized_stable_instance_rgb_pcl_topics.py --config rt_out/experiments/perception_rt_small_v0/configs/perception_dataset_config.json --max-groups-per-camera 3 --timeout-seconds 30 --stride 4 --max-sync-delta-ms 50 --force,rt_out/experiments/perception_rt_small_v0/dataset_index/panoptic_dataset_index.csv; rt_out/experiments/perception_rt_small_v0/dataset_index/panoptic_dataset_index.json
rt_out/experiments/perception_rt_small_v0/perception_raw/native/sync_stable_instance_rgb_pcl/cam_corner_sw/gazebo_instance_count,directory,true,1843251,3,keep_main,keep,Validated synchronized stable-instance label plus RGB/PCL capture path required for the final labeled point-cloud export.,python3 rt_out/scripts/perception/70_capture_synchronized_stable_instance_rgb_pcl_topics.py --config rt_out/experiments/perception_rt_small_v0/configs/perception_dataset_config.json --max-groups-per-camera 3 --timeout-seconds 30 --stride 4 --max-sync-delta-ms 50 --force,
rt_out/experiments/perception_rt_small_v0/perception_raw/native/sync_stable_instance_rgb_pcl/cam_corner_sw/gazebo_instance_count/000000.pgm,file,true,614417,,keep_main,keep,Validated synchronized stable-instance label plus RGB/PCL capture path required for the final labeled point-cloud export.,python3 rt_out/scripts/perception/70_capture_synchronized_stable_instance_rgb_pcl_topics.py --config rt_out/experiments/perception_rt_small_v0/configs/perception_dataset_config.json --max-groups-per-camera 3 --timeout-seconds 30 --stride 4 --max-sync-delta-ms 50 --force,rt_out/experiments/perception_rt_small_v0/dataset_index/panoptic_dataset_index.csv; rt_out/experiments/perception_rt_small_v0/dataset_index/panoptic_dataset_index.json
rt_out/experiments/perception_rt_small_v0/perception_raw/native/sync_stable_instance_rgb_pcl/cam_corner_sw/gazebo_instance_count/000001.pgm,file,true,614417,,keep_main,keep,Validated synchronized stable-instance label plus RGB/PCL capture path required for the final labeled point-cloud export.,python3 rt_out/scripts/perception/70_capture_synchronized_stable_instance_rgb_pcl_topics.py --config rt_out/experiments/perception_rt_small_v0/configs/perception_dataset_config.json --max-groups-per-camera 3 --timeout-seconds 30 --stride 4 --max-sync-delta-ms 50 --force,rt_out/experiments/perception_rt_small_v0/dataset_index/panoptic_dataset_index.csv; rt_out/experiments/perception_rt_small_v0/dataset_index/panoptic_dataset_index.json
rt_out/experiments/perception_rt_small_v0/perception_raw/native/sync_stable_instance_rgb_pcl/cam_corner_sw/gazebo_instance_count/000002.pgm,file,true,614417,,keep_main,keep,Validated synchronized stable-instance label plus RGB/PCL capture path required for the final labeled point-cloud export.,python3 rt_out/scripts/perception/70_capture_synchronized_stable_instance_rgb_pcl_topics.py --config rt_out/experiments/perception_rt_small_v0/configs/perception_dataset_config.json --max-groups-per-camera 3 --timeout-seconds 30 --stride 4 --max-sync-delta-ms 50 --force,rt_out/experiments/perception_rt_small_v0/dataset_index/panoptic_dataset_index.csv; rt_out/experiments/perception_rt_small_v0/dataset_index/panoptic_dataset_index.json
rt_out/experiments/perception_rt_small_v0/perception_raw/native/sync_stable_instance_rgb_pcl/cam_corner_sw/labels_maps_rgb,directory,true,2764845,3,keep_main,keep,Validated synchronized stable-instance label plus RGB/PCL capture path required for the final labeled point-cloud export.,python3 rt_out/scripts/perception/70_capture_synchronized_stable_instance_rgb_pcl_topics.py --config rt_out/experiments/perception_rt_small_v0/configs/perception_dataset_config.json --max-groups-per-camera 3 --timeout-seconds 30 --stride 4 --max-sync-delta-ms 50 --force,
rt_out/experiments/perception_rt_small_v0/perception_raw/native/sync_stable_instance_rgb_pcl/cam_corner_sw/labels_maps_rgb/000000.ppm,file,true,921615,,keep_main,keep,Validated synchronized stable-instance label plus RGB/PCL capture path required for the final labeled point-cloud export.,python3 rt_out/scripts/perception/70_capture_synchronized_stable_instance_rgb_pcl_topics.py --config rt_out/experiments/perception_rt_small_v0/configs/perception_dataset_config.json --max-groups-per-camera 3 --timeout-seconds 30 --stride 4 --max-sync-delta-ms 50 --force,rt_out/experiments/perception_rt_small_v0/dataset_index/panoptic_dataset_index.csv; rt_out/experiments/perception_rt_small_v0/dataset_index/panoptic_dataset_index.json
rt_out/experiments/perception_rt_small_v0/perception_raw/native/sync_stable_instance_rgb_pcl/cam_corner_sw/labels_maps_rgb/000001.ppm,file,true,921615,,keep_main,keep,Validated synchronized stable-instance label plus RGB/PCL capture path required for the final labeled point-cloud export.,python3 rt_out/scripts/perception/70_capture_synchronized_stable_instance_rgb_pcl_topics.py --config rt_out/experiments/perception_rt_small_v0/configs/perception_dataset_config.json --max-groups-per-camera 3 --timeout-seconds 30 --stride 4 --max-sync-delta-ms 50 --force,rt_out/experiments/perception_rt_small_v0/dataset_index/panoptic_dataset_index.csv; rt_out/experiments/perception_rt_small_v0/dataset_index/panoptic_dataset_index.json
rt_out/experiments/perception_rt_small_v0/perception_raw/native/sync_stable_instance_rgb_pcl/cam_corner_sw/labels_maps_rgb/000002.ppm,file,true,921615,,keep_main,keep,Validated synchronized stable-instance label plus RGB/PCL capture path required for the final labeled point-cloud export.,python3 rt_out/scripts/perception/70_capture_synchronized_stable_instance_rgb_pcl_topics.py --config rt_out/experiments/perception_rt_small_v0/configs/perception_dataset_config.json --max-groups-per-camera 3 --timeout-seconds 30 --stride 4 --max-sync-delta-ms 50 --force,rt_out/experiments/perception_rt_small_v0/dataset_index/panoptic_dataset_index.csv; rt_out/experiments/perception_rt_small_v0/dataset_index/panoptic_dataset_index.json
rt_out/experiments/perception_rt_small_v0/perception_raw/native/sync_stable_instance_rgb_pcl/cam_corner_sw/metadata,directory,true,7644,3,keep_main,keep,Validated synchronized stable-instance label plus RGB/PCL capture path required for the final labeled point-cloud export.,python3 rt_out/scripts/perception/70_capture_synchronized_stable_instance_rgb_pcl_topics.py --config rt_out/experiments/perception_rt_small_v0/configs/perception_dataset_config.json --max-groups-per-camera 3 --timeout-seconds 30 --stride 4 --max-sync-delta-ms 50 --force,
rt_out/experiments/perception_rt_small_v0/perception_raw/native/sync_stable_instance_rgb_pcl/cam_corner_sw/metadata/sync_000000.json,file,true,2548,,keep_main,keep,Validated synchronized stable-instance label plus RGB/PCL capture path required for the final labeled point-cloud export.,python3 rt_out/scripts/perception/70_capture_synchronized_stable_instance_rgb_pcl_topics.py --config rt_out/experiments/perception_rt_small_v0/configs/perception_dataset_config.json --max-groups-per-camera 3 --timeout-seconds 30 --stride 4 --max-sync-delta-ms 50 --force,
rt_out/experiments/perception_rt_small_v0/perception_raw/native/sync_stable_instance_rgb_pcl/cam_corner_sw/metadata/sync_000001.json,file,true,2548,,keep_main,keep,Validated synchronized stable-instance label plus RGB/PCL capture path required for the final labeled point-cloud export.,python3 rt_out/scripts/perception/70_capture_synchronized_stable_instance_rgb_pcl_topics.py --config rt_out/experiments/perception_rt_small_v0/configs/perception_dataset_config.json --max-groups-per-camera 3 --timeout-seconds 30 --stride 4 --max-sync-delta-ms 50 --force,
rt_out/experiments/perception_rt_small_v0/perception_raw/native/sync_stable_instance_rgb_pcl/cam_corner_sw/metadata/sync_000002.json,file,true,2548,,keep_main,keep,Validated synchronized stable-instance label plus RGB/PCL capture path required for the final labeled point-cloud export.,python3 rt_out/scripts/perception/70_capture_synchronized_stable_instance_rgb_pcl_topics.py --config rt_out/experiments/perception_rt_small_v0/configs/perception_dataset_config.json --max-groups-per-camera 3 --timeout-seconds 30 --stride 4 --max-sync-delta-ms 50 --force,
rt_out/experiments/perception_rt_small_v0/perception_raw/native/sync_stable_instance_rgb_pcl/cam_corner_sw/ply,directory,true,2692350,3,keep_main,keep,Validated synchronized stable-instance label plus RGB/PCL capture path required for the final labeled point-cloud export.,python3 rt_out/scripts/perception/70_capture_synchronized_stable_instance_rgb_pcl_topics.py --config rt_out/experiments/perception_rt_small_v0/configs/perception_dataset_config.json --max-groups-per-camera 3 --timeout-seconds 30 --stride 4 --max-sync-delta-ms 50 --force,
rt_out/experiments/perception_rt_small_v0/perception_raw/native/sync_stable_instance_rgb_pcl/cam_corner_sw/ply/000000.ply,file,true,897450,,keep_main,keep,Validated synchronized stable-instance label plus RGB/PCL capture path required for the final labeled point-cloud export.,python3 rt_out/scripts/perception/70_capture_synchronized_stable_instance_rgb_pcl_topics.py --config rt_out/experiments/perception_rt_small_v0/configs/perception_dataset_config.json --max-groups-per-camera 3 --timeout-seconds 30 --stride 4 --max-sync-delta-ms 50 --force,
rt_out/experiments/perception_rt_small_v0/perception_raw/native/sync_stable_instance_rgb_pcl/cam_corner_sw/ply/000001.ply,file,true,897450,,keep_main,keep,Validated synchronized stable-instance label plus RGB/PCL capture path required for the final labeled point-cloud export.,python3 rt_out/scripts/perception/70_capture_synchronized_stable_instance_rgb_pcl_topics.py --config rt_out/experiments/perception_rt_small_v0/configs/perception_dataset_config.json --max-groups-per-camera 3 --timeout-seconds 30 --stride 4 --max-sync-delta-ms 50 --force,
rt_out/experiments/perception_rt_small_v0/perception_raw/native/sync_stable_instance_rgb_pcl/cam_corner_sw/ply/000002.ply,file,true,897450,,keep_main,keep,Validated synchronized stable-instance label plus RGB/PCL capture path required for the final labeled point-cloud export.,python3 rt_out/scripts/perception/70_capture_synchronized_stable_instance_rgb_pcl_topics.py --config rt_out/experiments/perception_rt_small_v0/configs/perception_dataset_config.json --max-groups-per-camera 3 --timeout-seconds 30 --stride 4 --max-sync-delta-ms 50 --force,
rt_out/experiments/perception_rt_small_v0/perception_raw/native/sync_stable_instance_rgb_pcl/cam_corner_sw/rgb,directory,true,2764845,3,keep_main,keep,Validated synchronized stable-instance label plus RGB/PCL capture path required for the final labeled point-cloud export.,python3 rt_out/scripts/perception/70_capture_synchronized_stable_instance_rgb_pcl_topics.py --config rt_out/experiments/perception_rt_small_v0/configs/perception_dataset_config.json --max-groups-per-camera 3 --timeout-seconds 30 --stride 4 --max-sync-delta-ms 50 --force,
rt_out/experiments/perception_rt_small_v0/perception_raw/native/sync_stable_instance_rgb_pcl/cam_corner_sw/rgb/000000.ppm,file,true,921615,,keep_main,keep,Validated synchronized stable-instance label plus RGB/PCL capture path required for the final labeled point-cloud export.,python3 rt_out/scripts/perception/70_capture_synchronized_stable_instance_rgb_pcl_topics.py --config rt_out/experiments/perception_rt_small_v0/configs/perception_dataset_config.json --max-groups-per-camera 3 --timeout-seconds 30 --stride 4 --max-sync-delta-ms 50 --force,rt_out/experiments/perception_rt_small_v0/dataset_index/panoptic_dataset_index.csv; rt_out/experiments/perception_rt_small_v0/dataset_index/panoptic_dataset_index.json
rt_out/experiments/perception_rt_small_v0/perception_raw/native/sync_stable_instance_rgb_pcl/cam_corner_sw/rgb/000001.ppm,file,true,921615,,keep_main,keep,Validated synchronized stable-instance label plus RGB/PCL capture path required for the final labeled point-cloud export.,python3 rt_out/scripts/perception/70_capture_synchronized_stable_instance_rgb_pcl_topics.py --config rt_out/experiments/perception_rt_small_v0/configs/perception_dataset_config.json --max-groups-per-camera 3 --timeout-seconds 30 --stride 4 --max-sync-delta-ms 50 --force,rt_out/experiments/perception_rt_small_v0/dataset_index/panoptic_dataset_index.csv; rt_out/experiments/perception_rt_small_v0/dataset_index/panoptic_dataset_index.json
rt_out/experiments/perception_rt_small_v0/perception_raw/native/sync_stable_instance_rgb_pcl/cam_corner_sw/rgb/000002.ppm,file,true,921615,,keep_main,keep,Validated synchronized stable-instance label plus RGB/PCL capture path required for the final labeled point-cloud export.,python3 rt_out/scripts/perception/70_capture_synchronized_stable_instance_rgb_pcl_topics.py --config rt_out/experiments/perception_rt_small_v0/configs/perception_dataset_config.json --max-groups-per-camera 3 --timeout-seconds 30 --stride 4 --max-sync-delta-ms 50 --force,rt_out/experiments/perception_rt_small_v0/dataset_index/panoptic_dataset_index.csv; rt_out/experiments/perception_rt_small_v0/dataset_index/panoptic_dataset_index.json
rt_out/experiments/perception_rt_small_v0/perception_raw/native/sync_stable_instance_rgb_pcl/cam_wall_east,directory,true,13717629,21,keep_main,keep,Validated synchronized stable-instance label plus RGB/PCL capture path required for the final labeled point-cloud export.,python3 rt_out/scripts/perception/70_capture_synchronized_stable_instance_rgb_pcl_topics.py --config rt_out/experiments/perception_rt_small_v0/configs/perception_dataset_config.json --max-groups-per-camera 3 --timeout-seconds 30 --stride 4 --max-sync-delta-ms 50 --force,
rt_out/experiments/perception_rt_small_v0/perception_raw/native/sync_stable_instance_rgb_pcl/cam_wall_east/colored_maps,directory,true,2764845,3,keep_main,keep,Validated synchronized stable-instance label plus RGB/PCL capture path required for the final labeled point-cloud export.,python3 rt_out/scripts/perception/70_capture_synchronized_stable_instance_rgb_pcl_topics.py --config rt_out/experiments/perception_rt_small_v0/configs/perception_dataset_config.json --max-groups-per-camera 3 --timeout-seconds 30 --stride 4 --max-sync-delta-ms 50 --force,
rt_out/experiments/perception_rt_small_v0/perception_raw/native/sync_stable_instance_rgb_pcl/cam_wall_east/colored_maps/000000.ppm,file,true,921615,,keep_main,keep,Validated synchronized stable-instance label plus RGB/PCL capture path required for the final labeled point-cloud export.,python3 rt_out/scripts/perception/70_capture_synchronized_stable_instance_rgb_pcl_topics.py --config rt_out/experiments/perception_rt_small_v0/configs/perception_dataset_config.json --max-groups-per-camera 3 --timeout-seconds 30 --stride 4 --max-sync-delta-ms 50 --force,rt_out/experiments/perception_rt_small_v0/dataset_index/panoptic_dataset_index.csv; rt_out/experiments/perception_rt_small_v0/dataset_index/panoptic_dataset_index.json
rt_out/experiments/perception_rt_small_v0/perception_raw/native/sync_stable_instance_rgb_pcl/cam_wall_east/colored_maps/000001.ppm,file,true,921615,,keep_main,keep,Validated synchronized stable-instance label plus RGB/PCL capture path required for the final labeled point-cloud export.,python3 rt_out/scripts/perception/70_capture_synchronized_stable_instance_rgb_pcl_topics.py --config rt_out/experiments/perception_rt_small_v0/configs/perception_dataset_config.json --max-groups-per-camera 3 --timeout-seconds 30 --stride 4 --max-sync-delta-ms 50 --force,rt_out/experiments/perception_rt_small_v0/dataset_index/panoptic_dataset_index.csv; rt_out/experiments/perception_rt_small_v0/dataset_index/panoptic_dataset_index.json
rt_out/experiments/perception_rt_small_v0/perception_raw/native/sync_stable_instance_rgb_pcl/cam_wall_east/colored_maps/000002.ppm,file,true,921615,,keep_main,keep,Validated synchronized stable-instance label plus RGB/PCL capture path required for the final labeled point-cloud export.,python3 rt_out/scripts/perception/70_capture_synchronized_stable_instance_rgb_pcl_topics.py --config rt_out/experiments/perception_rt_small_v0/configs/perception_dataset_config.json --max-groups-per-camera 3 --timeout-seconds 30 --stride 4 --max-sync-delta-ms 50 --force,rt_out/experiments/perception_rt_small_v0/dataset_index/panoptic_dataset_index.csv; rt_out/experiments/perception_rt_small_v0/dataset_index/panoptic_dataset_index.json
rt_out/experiments/perception_rt_small_v0/perception_raw/native/sync_stable_instance_rgb_pcl/cam_wall_east/compact_instance_label,directory,true,921645,3,keep_main,keep,Validated synchronized stable-instance label plus RGB/PCL capture path required for the final labeled point-cloud export.,python3 rt_out/scripts/perception/70_capture_synchronized_stable_instance_rgb_pcl_topics.py --config rt_out/experiments/perception_rt_small_v0/configs/perception_dataset_config.json --max-groups-per-camera 3 --timeout-seconds 30 --stride 4 --max-sync-delta-ms 50 --force,
rt_out/experiments/perception_rt_small_v0/perception_raw/native/sync_stable_instance_rgb_pcl/cam_wall_east/compact_instance_label/000000.pgm,file,true,307215,,keep_main,keep,Validated synchronized stable-instance label plus RGB/PCL capture path required for the final labeled point-cloud export.,python3 rt_out/scripts/perception/70_capture_synchronized_stable_instance_rgb_pcl_topics.py --config rt_out/experiments/perception_rt_small_v0/configs/perception_dataset_config.json --max-groups-per-camera 3 --timeout-seconds 30 --stride 4 --max-sync-delta-ms 50 --force,rt_out/experiments/perception_rt_small_v0/dataset_index/panoptic_dataset_index.csv; rt_out/experiments/perception_rt_small_v0/dataset_index/panoptic_dataset_index.json
rt_out/experiments/perception_rt_small_v0/perception_raw/native/sync_stable_instance_rgb_pcl/cam_wall_east/compact_instance_label/000001.pgm,file,true,307215,,keep_main,keep,Validated synchronized stable-instance label plus RGB/PCL capture path required for the final labeled point-cloud export.,python3 rt_out/scripts/perception/70_capture_synchronized_stable_instance_rgb_pcl_topics.py --config rt_out/experiments/perception_rt_small_v0/configs/perception_dataset_config.json --max-groups-per-camera 3 --timeout-seconds 30 --stride 4 --max-sync-delta-ms 50 --force,rt_out/experiments/perception_rt_small_v0/dataset_index/panoptic_dataset_index.csv; rt_out/experiments/perception_rt_small_v0/dataset_index/panoptic_dataset_index.json
rt_out/experiments/perception_rt_small_v0/perception_raw/native/sync_stable_instance_rgb_pcl/cam_wall_east/compact_instance_label/000002.pgm,file,true,307215,,keep_main,keep,Validated synchronized stable-instance label plus RGB/PCL capture path required for the final labeled point-cloud export.,python3 rt_out/scripts/perception/70_capture_synchronized_stable_instance_rgb_pcl_topics.py --config rt_out/experiments/perception_rt_small_v0/configs/perception_dataset_config.json --max-groups-per-camera 3 --timeout-seconds 30 --stride 4 --max-sync-delta-ms 50 --force,rt_out/experiments/perception_rt_small_v0/dataset_index/panoptic_dataset_index.csv; rt_out/experiments/perception_rt_small_v0/dataset_index/panoptic_dataset_index.json
rt_out/experiments/perception_rt_small_v0/perception_raw/native/sync_stable_instance_rgb_pcl/cam_wall_east/gazebo_instance_count,directory,true,1843251,3,keep_main,keep,Validated synchronized stable-instance label plus RGB/PCL capture path required for the final labeled point-cloud export.,python3 rt_out/scripts/perception/70_capture_synchronized_stable_instance_rgb_pcl_topics.py --config rt_out/experiments/perception_rt_small_v0/configs/perception_dataset_config.json --max-groups-per-camera 3 --timeout-seconds 30 --stride 4 --max-sync-delta-ms 50 --force,
rt_out/experiments/perception_rt_small_v0/perception_raw/native/sync_stable_instance_rgb_pcl/cam_wall_east/gazebo_instance_count/000000.pgm,file,true,614417,,keep_main,keep,Validated synchronized stable-instance label plus RGB/PCL capture path required for the final labeled point-cloud export.,python3 rt_out/scripts/perception/70_capture_synchronized_stable_instance_rgb_pcl_topics.py --config rt_out/experiments/perception_rt_small_v0/configs/perception_dataset_config.json --max-groups-per-camera 3 --timeout-seconds 30 --stride 4 --max-sync-delta-ms 50 --force,rt_out/experiments/perception_rt_small_v0/dataset_index/panoptic_dataset_index.csv; rt_out/experiments/perception_rt_small_v0/dataset_index/panoptic_dataset_index.json
rt_out/experiments/perception_rt_small_v0/perception_raw/native/sync_stable_instance_rgb_pcl/cam_wall_east/gazebo_instance_count/000001.pgm,file,true,614417,,keep_main,keep,Validated synchronized stable-instance label plus RGB/PCL capture path required for the final labeled point-cloud export.,python3 rt_out/scripts/perception/70_capture_synchronized_stable_instance_rgb_pcl_topics.py --config rt_out/experiments/perception_rt_small_v0/configs/perception_dataset_config.json --max-groups-per-camera 3 --timeout-seconds 30 --stride 4 --max-sync-delta-ms 50 --force,rt_out/experiments/perception_rt_small_v0/dataset_index/panoptic_dataset_index.csv; rt_out/experiments/perception_rt_small_v0/dataset_index/panoptic_dataset_index.json
rt_out/experiments/perception_rt_small_v0/perception_raw/native/sync_stable_instance_rgb_pcl/cam_wall_east/gazebo_instance_count/000002.pgm,file,true,614417,,keep_main,keep,Validated synchronized stable-instance label plus RGB/PCL capture path required for the final labeled point-cloud export.,python3 rt_out/scripts/perception/70_capture_synchronized_stable_instance_rgb_pcl_topics.py --config rt_out/experiments/perception_rt_small_v0/configs/perception_dataset_config.json --max-groups-per-camera 3 --timeout-seconds 30 --stride 4 --max-sync-delta-ms 50 --force,rt_out/experiments/perception_rt_small_v0/dataset_index/panoptic_dataset_index.csv; rt_out/experiments/perception_rt_small_v0/dataset_index/panoptic_dataset_index.json
rt_out/experiments/perception_rt_small_v0/perception_raw/native/sync_stable_instance_rgb_pcl/cam_wall_east/labels_maps_rgb,directory,true,2764845,3,keep_main,keep,Validated synchronized stable-instance label plus RGB/PCL capture path required for the final labeled point-cloud export.,python3 rt_out/scripts/perception/70_capture_synchronized_stable_instance_rgb_pcl_topics.py --config rt_out/experiments/perception_rt_small_v0/configs/perception_dataset_config.json --max-groups-per-camera 3 --timeout-seconds 30 --stride 4 --max-sync-delta-ms 50 --force,
rt_out/experiments/perception_rt_small_v0/perception_raw/native/sync_stable_instance_rgb_pcl/cam_wall_east/labels_maps_rgb/000000.ppm,file,true,921615,,keep_main,keep,Validated synchronized stable-instance label plus RGB/PCL capture path required for the final labeled point-cloud export.,python3 rt_out/scripts/perception/70_capture_synchronized_stable_instance_rgb_pcl_topics.py --config rt_out/experiments/perception_rt_small_v0/configs/perception_dataset_config.json --max-groups-per-camera 3 --timeout-seconds 30 --stride 4 --max-sync-delta-ms 50 --force,rt_out/experiments/perception_rt_small_v0/dataset_index/panoptic_dataset_index.csv; rt_out/experiments/perception_rt_small_v0/dataset_index/panoptic_dataset_index.json
rt_out/experiments/perception_rt_small_v0/perception_raw/native/sync_stable_instance_rgb_pcl/cam_wall_east/labels_maps_rgb/000001.ppm,file,true,921615,,keep_main,keep,Validated synchronized stable-instance label plus RGB/PCL capture path required for the final labeled point-cloud export.,python3 rt_out/scripts/perception/70_capture_synchronized_stable_instance_rgb_pcl_topics.py --config rt_out/experiments/perception_rt_small_v0/configs/perception_dataset_config.json --max-groups-per-camera 3 --timeout-seconds 30 --stride 4 --max-sync-delta-ms 50 --force,rt_out/experiments/perception_rt_small_v0/dataset_index/panoptic_dataset_index.csv; rt_out/experiments/perception_rt_small_v0/dataset_index/panoptic_dataset_index.json
rt_out/experiments/perception_rt_small_v0/perception_raw/native/sync_stable_instance_rgb_pcl/cam_wall_east/labels_maps_rgb/000002.ppm,file,true,921615,,keep_main,keep,Validated synchronized stable-instance label plus RGB/PCL capture path required for the final labeled point-cloud export.,python3 rt_out/scripts/perception/70_capture_synchronized_stable_instance_rgb_pcl_topics.py --config rt_out/experiments/perception_rt_small_v0/configs/perception_dataset_config.json --max-groups-per-camera 3 --timeout-seconds 30 --stride 4 --max-sync-delta-ms 50 --force,rt_out/experiments/perception_rt_small_v0/dataset_index/panoptic_dataset_index.csv; rt_out/experiments/perception_rt_small_v0/dataset_index/panoptic_dataset_index.json
rt_out/experiments/perception_rt_small_v0/perception_raw/native/sync_stable_instance_rgb_pcl/cam_wall_east/metadata,directory,true,7644,3,keep_main,keep,Validated synchronized stable-instance label plus RGB/PCL capture path required for the final labeled point-cloud export.,python3 rt_out/scripts/perception/70_capture_synchronized_stable_instance_rgb_pcl_topics.py --config rt_out/experiments/perception_rt_small_v0/configs/perception_dataset_config.json --max-groups-per-camera 3 --timeout-seconds 30 --stride 4 --max-sync-delta-ms 50 --force,
rt_out/experiments/perception_rt_small_v0/perception_raw/native/sync_stable_instance_rgb_pcl/cam_wall_east/metadata/sync_000000.json,file,true,2548,,keep_main,keep,Validated synchronized stable-instance label plus RGB/PCL capture path required for the final labeled point-cloud export.,python3 rt_out/scripts/perception/70_capture_synchronized_stable_instance_rgb_pcl_topics.py --config rt_out/experiments/perception_rt_small_v0/configs/perception_dataset_config.json --max-groups-per-camera 3 --timeout-seconds 30 --stride 4 --max-sync-delta-ms 50 --force,
rt_out/experiments/perception_rt_small_v0/perception_raw/native/sync_stable_instance_rgb_pcl/cam_wall_east/metadata/sync_000001.json,file,true,2548,,keep_main,keep,Validated synchronized stable-instance label plus RGB/PCL capture path required for the final labeled point-cloud export.,python3 rt_out/scripts/perception/70_capture_synchronized_stable_instance_rgb_pcl_topics.py --config rt_out/experiments/perception_rt_small_v0/configs/perception_dataset_config.json --max-groups-per-camera 3 --timeout-seconds 30 --stride 4 --max-sync-delta-ms 50 --force,
rt_out/experiments/perception_rt_small_v0/perception_raw/native/sync_stable_instance_rgb_pcl/cam_wall_east/metadata/sync_000002.json,file,true,2548,,keep_main,keep,Validated synchronized stable-instance label plus RGB/PCL capture path required for the final labeled point-cloud export.,python3 rt_out/scripts/perception/70_capture_synchronized_stable_instance_rgb_pcl_topics.py --config rt_out/experiments/perception_rt_small_v0/configs/perception_dataset_config.json --max-groups-per-camera 3 --timeout-seconds 30 --stride 4 --max-sync-delta-ms 50 --force,
rt_out/experiments/perception_rt_small_v0/perception_raw/native/sync_stable_instance_rgb_pcl/cam_wall_east/ply,directory,true,2650554,3,keep_main,keep,Validated synchronized stable-instance label plus RGB/PCL capture path required for the final labeled point-cloud export.,python3 rt_out/scripts/perception/70_capture_synchronized_stable_instance_rgb_pcl_topics.py --config rt_out/experiments/perception_rt_small_v0/configs/perception_dataset_config.json --max-groups-per-camera 3 --timeout-seconds 30 --stride 4 --max-sync-delta-ms 50 --force,
rt_out/experiments/perception_rt_small_v0/perception_raw/native/sync_stable_instance_rgb_pcl/cam_wall_east/ply/000000.ply,file,true,883513,,keep_main,keep,Validated synchronized stable-instance label plus RGB/PCL capture path required for the final labeled point-cloud export.,python3 rt_out/scripts/perception/70_capture_synchronized_stable_instance_rgb_pcl_topics.py --config rt_out/experiments/perception_rt_small_v0/configs/perception_dataset_config.json --max-groups-per-camera 3 --timeout-seconds 30 --stride 4 --max-sync-delta-ms 50 --force,
rt_out/experiments/perception_rt_small_v0/perception_raw/native/sync_stable_instance_rgb_pcl/cam_wall_east/ply/000001.ply,file,true,883522,,keep_main,keep,Validated synchronized stable-instance label plus RGB/PCL capture path required for the final labeled point-cloud export.,python3 rt_out/scripts/perception/70_capture_synchronized_stable_instance_rgb_pcl_topics.py --config rt_out/experiments/perception_rt_small_v0/configs/perception_dataset_config.json --max-groups-per-camera 3 --timeout-seconds 30 --stride 4 --max-sync-delta-ms 50 --force,
rt_out/experiments/perception_rt_small_v0/perception_raw/native/sync_stable_instance_rgb_pcl/cam_wall_east/ply/000002.ply,file,true,883519,,keep_main,keep,Validated synchronized stable-instance label plus RGB/PCL capture path required for the final labeled point-cloud export.,python3 rt_out/scripts/perception/70_capture_synchronized_stable_instance_rgb_pcl_topics.py --config rt_out/experiments/perception_rt_small_v0/configs/perception_dataset_config.json --max-groups-per-camera 3 --timeout-seconds 30 --stride 4 --max-sync-delta-ms 50 --force,
rt_out/experiments/perception_rt_small_v0/perception_raw/native/sync_stable_instance_rgb_pcl/cam_wall_east/rgb,directory,true,2764845,3,keep_main,keep,Validated synchronized stable-instance label plus RGB/PCL capture path required for the final labeled point-cloud export.,python3 rt_out/scripts/perception/70_capture_synchronized_stable_instance_rgb_pcl_topics.py --config rt_out/experiments/perception_rt_small_v0/configs/perception_dataset_config.json --max-groups-per-camera 3 --timeout-seconds 30 --stride 4 --max-sync-delta-ms 50 --force,
rt_out/experiments/perception_rt_small_v0/perception_raw/native/sync_stable_instance_rgb_pcl/cam_wall_east/rgb/000000.ppm,file,true,921615,,keep_main,keep,Validated synchronized stable-instance label plus RGB/PCL capture path required for the final labeled point-cloud export.,python3 rt_out/scripts/perception/70_capture_synchronized_stable_instance_rgb_pcl_topics.py --config rt_out/experiments/perception_rt_small_v0/configs/perception_dataset_config.json --max-groups-per-camera 3 --timeout-seconds 30 --stride 4 --max-sync-delta-ms 50 --force,rt_out/experiments/perception_rt_small_v0/dataset_index/panoptic_dataset_index.csv; rt_out/experiments/perception_rt_small_v0/dataset_index/panoptic_dataset_index.json
rt_out/experiments/perception_rt_small_v0/perception_raw/native/sync_stable_instance_rgb_pcl/cam_wall_east/rgb/000001.ppm,file,true,921615,,keep_main,keep,Validated synchronized stable-instance label plus RGB/PCL capture path required for the final labeled point-cloud export.,python3 rt_out/scripts/perception/70_capture_synchronized_stable_instance_rgb_pcl_topics.py --config rt_out/experiments/perception_rt_small_v0/configs/perception_dataset_config.json --max-groups-per-camera 3 --timeout-seconds 30 --stride 4 --max-sync-delta-ms 50 --force,rt_out/experiments/perception_rt_small_v0/dataset_index/panoptic_dataset_index.csv; rt_out/experiments/perception_rt_small_v0/dataset_index/panoptic_dataset_index.json
rt_out/experiments/perception_rt_small_v0/perception_raw/native/sync_stable_instance_rgb_pcl/cam_wall_east/rgb/000002.ppm,file,true,921615,,keep_main,keep,Validated synchronized stable-instance label plus RGB/PCL capture path required for the final labeled point-cloud export.,python3 rt_out/scripts/perception/70_capture_synchronized_stable_instance_rgb_pcl_topics.py --config rt_out/experiments/perception_rt_small_v0/configs/perception_dataset_config.json --max-groups-per-camera 3 --timeout-seconds 30 --stride 4 --max-sync-delta-ms 50 --force,rt_out/experiments/perception_rt_small_v0/dataset_index/panoptic_dataset_index.csv; rt_out/experiments/perception_rt_small_v0/dataset_index/panoptic_dataset_index.json
rt_out/experiments/perception_rt_small_v0/perception_raw/native/sync_stable_instance_rgb_pcl/cam_wall_north,directory,true,13744545,21,keep_main,keep,Validated synchronized stable-instance label plus RGB/PCL capture path required for the final labeled point-cloud export.,python3 rt_out/scripts/perception/70_capture_synchronized_stable_instance_rgb_pcl_topics.py --config rt_out/experiments/perception_rt_small_v0/configs/perception_dataset_config.json --max-groups-per-camera 3 --timeout-seconds 30 --stride 4 --max-sync-delta-ms 50 --force,
rt_out/experiments/perception_rt_small_v0/perception_raw/native/sync_stable_instance_rgb_pcl/cam_wall_north/colored_maps,directory,true,2764845,3,keep_main,keep,Validated synchronized stable-instance label plus RGB/PCL capture path required for the final labeled point-cloud export.,python3 rt_out/scripts/perception/70_capture_synchronized_stable_instance_rgb_pcl_topics.py --config rt_out/experiments/perception_rt_small_v0/configs/perception_dataset_config.json --max-groups-per-camera 3 --timeout-seconds 30 --stride 4 --max-sync-delta-ms 50 --force,
rt_out/experiments/perception_rt_small_v0/perception_raw/native/sync_stable_instance_rgb_pcl/cam_wall_north/colored_maps/000000.ppm,file,true,921615,,keep_main,keep,Validated synchronized stable-instance label plus RGB/PCL capture path required for the final labeled point-cloud export.,python3 rt_out/scripts/perception/70_capture_synchronized_stable_instance_rgb_pcl_topics.py --config rt_out/experiments/perception_rt_small_v0/configs/perception_dataset_config.json --max-groups-per-camera 3 --timeout-seconds 30 --stride 4 --max-sync-delta-ms 50 --force,rt_out/experiments/perception_rt_small_v0/dataset_index/panoptic_dataset_index.csv; rt_out/experiments/perception_rt_small_v0/dataset_index/panoptic_dataset_index.json
rt_out/experiments/perception_rt_small_v0/perception_raw/native/sync_stable_instance_rgb_pcl/cam_wall_north/colored_maps/000001.ppm,file,true,921615,,keep_main,keep,Validated synchronized stable-instance label plus RGB/PCL capture path required for the final labeled point-cloud export.,python3 rt_out/scripts/perception/70_capture_synchronized_stable_instance_rgb_pcl_topics.py --config rt_out/experiments/perception_rt_small_v0/configs/perception_dataset_config.json --max-groups-per-camera 3 --timeout-seconds 30 --stride 4 --max-sync-delta-ms 50 --force,rt_out/experiments/perception_rt_small_v0/dataset_index/panoptic_dataset_index.csv; rt_out/experiments/perception_rt_small_v0/dataset_index/panoptic_dataset_index.json
rt_out/experiments/perception_rt_small_v0/perception_raw/native/sync_stable_instance_rgb_pcl/cam_wall_north/colored_maps/000002.ppm,file,true,921615,,keep_main,keep,Validated synchronized stable-instance label plus RGB/PCL capture path required for the final labeled point-cloud export.,python3 rt_out/scripts/perception/70_capture_synchronized_stable_instance_rgb_pcl_topics.py --config rt_out/experiments/perception_rt_small_v0/configs/perception_dataset_config.json --max-groups-per-camera 3 --timeout-seconds 30 --stride 4 --max-sync-delta-ms 50 --force,rt_out/experiments/perception_rt_small_v0/dataset_index/panoptic_dataset_index.csv; rt_out/experiments/perception_rt_small_v0/dataset_index/panoptic_dataset_index.json
rt_out/experiments/perception_rt_small_v0/perception_raw/native/sync_stable_instance_rgb_pcl/cam_wall_north/compact_instance_label,directory,true,921645,3,keep_main,keep,Validated synchronized stable-instance label plus RGB/PCL capture path required for the final labeled point-cloud export.,python3 rt_out/scripts/perception/70_capture_synchronized_stable_instance_rgb_pcl_topics.py --config rt_out/experiments/perception_rt_small_v0/configs/perception_dataset_config.json --max-groups-per-camera 3 --timeout-seconds 30 --stride 4 --max-sync-delta-ms 50 --force,
rt_out/experiments/perception_rt_small_v0/perception_raw/native/sync_stable_instance_rgb_pcl/cam_wall_north/compact_instance_label/000000.pgm,file,true,307215,,keep_main,keep,Validated synchronized stable-instance label plus RGB/PCL capture path required for the final labeled point-cloud export.,python3 rt_out/scripts/perception/70_capture_synchronized_stable_instance_rgb_pcl_topics.py --config rt_out/experiments/perception_rt_small_v0/configs/perception_dataset_config.json --max-groups-per-camera 3 --timeout-seconds 30 --stride 4 --max-sync-delta-ms 50 --force,rt_out/experiments/perception_rt_small_v0/dataset_index/panoptic_dataset_index.csv; rt_out/experiments/perception_rt_small_v0/dataset_index/panoptic_dataset_index.json
rt_out/experiments/perception_rt_small_v0/perception_raw/native/sync_stable_instance_rgb_pcl/cam_wall_north/compact_instance_label/000001.pgm,file,true,307215,,keep_main,keep,Validated synchronized stable-instance label plus RGB/PCL capture path required for the final labeled point-cloud export.,python3 rt_out/scripts/perception/70_capture_synchronized_stable_instance_rgb_pcl_topics.py --config rt_out/experiments/perception_rt_small_v0/configs/perception_dataset_config.json --max-groups-per-camera 3 --timeout-seconds 30 --stride 4 --max-sync-delta-ms 50 --force,rt_out/experiments/perception_rt_small_v0/dataset_index/panoptic_dataset_index.csv; rt_out/experiments/perception_rt_small_v0/dataset_index/panoptic_dataset_index.json
rt_out/experiments/perception_rt_small_v0/perception_raw/native/sync_stable_instance_rgb_pcl/cam_wall_north/compact_instance_label/000002.pgm,file,true,307215,,keep_main,keep,Validated synchronized stable-instance label plus RGB/PCL capture path required for the final labeled point-cloud export.,python3 rt_out/scripts/perception/70_capture_synchronized_stable_instance_rgb_pcl_topics.py --config rt_out/experiments/perception_rt_small_v0/configs/perception_dataset_config.json --max-groups-per-camera 3 --timeout-seconds 30 --stride 4 --max-sync-delta-ms 50 --force,rt_out/experiments/perception_rt_small_v0/dataset_index/panoptic_dataset_index.csv; rt_out/experiments/perception_rt_small_v0/dataset_index/panoptic_dataset_index.json
rt_out/experiments/perception_rt_small_v0/perception_raw/native/sync_stable_instance_rgb_pcl/cam_wall_north/gazebo_instance_count,directory,true,1843251,3,keep_main,keep,Validated synchronized stable-instance label plus RGB/PCL capture path required for the final labeled point-cloud export.,python3 rt_out/scripts/perception/70_capture_synchronized_stable_instance_rgb_pcl_topics.py --config rt_out/experiments/perception_rt_small_v0/configs/perception_dataset_config.json --max-groups-per-camera 3 --timeout-seconds 30 --stride 4 --max-sync-delta-ms 50 --force,
rt_out/experiments/perception_rt_small_v0/perception_raw/native/sync_stable_instance_rgb_pcl/cam_wall_north/gazebo_instance_count/000000.pgm,file,true,614417,,keep_main,keep,Validated synchronized stable-instance label plus RGB/PCL capture path required for the final labeled point-cloud export.,python3 rt_out/scripts/perception/70_capture_synchronized_stable_instance_rgb_pcl_topics.py --config rt_out/experiments/perception_rt_small_v0/configs/perception_dataset_config.json --max-groups-per-camera 3 --timeout-seconds 30 --stride 4 --max-sync-delta-ms 50 --force,rt_out/experiments/perception_rt_small_v0/dataset_index/panoptic_dataset_index.csv; rt_out/experiments/perception_rt_small_v0/dataset_index/panoptic_dataset_index.json
rt_out/experiments/perception_rt_small_v0/perception_raw/native/sync_stable_instance_rgb_pcl/cam_wall_north/gazebo_instance_count/000001.pgm,file,true,614417,,keep_main,keep,Validated synchronized stable-instance label plus RGB/PCL capture path required for the final labeled point-cloud export.,python3 rt_out/scripts/perception/70_capture_synchronized_stable_instance_rgb_pcl_topics.py --config rt_out/experiments/perception_rt_small_v0/configs/perception_dataset_config.json --max-groups-per-camera 3 --timeout-seconds 30 --stride 4 --max-sync-delta-ms 50 --force,rt_out/experiments/perception_rt_small_v0/dataset_index/panoptic_dataset_index.csv; rt_out/experiments/perception_rt_small_v0/dataset_index/panoptic_dataset_index.json
rt_out/experiments/perception_rt_small_v0/perception_raw/native/sync_stable_instance_rgb_pcl/cam_wall_north/gazebo_instance_count/000002.pgm,file,true,614417,,keep_main,keep,Validated synchronized stable-instance label plus RGB/PCL capture path required for the final labeled point-cloud export.,python3 rt_out/scripts/perception/70_capture_synchronized_stable_instance_rgb_pcl_topics.py --config rt_out/experiments/perception_rt_small_v0/configs/perception_dataset_config.json --max-groups-per-camera 3 --timeout-seconds 30 --stride 4 --max-sync-delta-ms 50 --force,rt_out/experiments/perception_rt_small_v0/dataset_index/panoptic_dataset_index.csv; rt_out/experiments/perception_rt_small_v0/dataset_index/panoptic_dataset_index.json
rt_out/experiments/perception_rt_small_v0/perception_raw/native/sync_stable_instance_rgb_pcl/cam_wall_north/labels_maps_rgb,directory,true,2764845,3,keep_main,keep,Validated synchronized stable-instance label plus RGB/PCL capture path required for the final labeled point-cloud export.,python3 rt_out/scripts/perception/70_capture_synchronized_stable_instance_rgb_pcl_topics.py --config rt_out/experiments/perception_rt_small_v0/configs/perception_dataset_config.json --max-groups-per-camera 3 --timeout-seconds 30 --stride 4 --max-sync-delta-ms 50 --force,
rt_out/experiments/perception_rt_small_v0/perception_raw/native/sync_stable_instance_rgb_pcl/cam_wall_north/labels_maps_rgb/000000.ppm,file,true,921615,,keep_main,keep,Validated synchronized stable-instance label plus RGB/PCL capture path required for the final labeled point-cloud export.,python3 rt_out/scripts/perception/70_capture_synchronized_stable_instance_rgb_pcl_topics.py --config rt_out/experiments/perception_rt_small_v0/configs/perception_dataset_config.json --max-groups-per-camera 3 --timeout-seconds 30 --stride 4 --max-sync-delta-ms 50 --force,rt_out/experiments/perception_rt_small_v0/dataset_index/panoptic_dataset_index.csv; rt_out/experiments/perception_rt_small_v0/dataset_index/panoptic_dataset_index.json
rt_out/experiments/perception_rt_small_v0/perception_raw/native/sync_stable_instance_rgb_pcl/cam_wall_north/labels_maps_rgb/000001.ppm,file,true,921615,,keep_main,keep,Validated synchronized stable-instance label plus RGB/PCL capture path required for the final labeled point-cloud export.,python3 rt_out/scripts/perception/70_capture_synchronized_stable_instance_rgb_pcl_topics.py --config rt_out/experiments/perception_rt_small_v0/configs/perception_dataset_config.json --max-groups-per-camera 3 --timeout-seconds 30 --stride 4 --max-sync-delta-ms 50 --force,rt_out/experiments/perception_rt_small_v0/dataset_index/panoptic_dataset_index.csv; rt_out/experiments/perception_rt_small_v0/dataset_index/panoptic_dataset_index.json
rt_out/experiments/perception_rt_small_v0/perception_raw/native/sync_stable_instance_rgb_pcl/cam_wall_north/labels_maps_rgb/000002.ppm,file,true,921615,,keep_main,keep,Validated synchronized stable-instance label plus RGB/PCL capture path required for the final labeled point-cloud export.,python3 rt_out/scripts/perception/70_capture_synchronized_stable_instance_rgb_pcl_topics.py --config rt_out/experiments/perception_rt_small_v0/configs/perception_dataset_config.json --max-groups-per-camera 3 --timeout-seconds 30 --stride 4 --max-sync-delta-ms 50 --force,rt_out/experiments/perception_rt_small_v0/dataset_index/panoptic_dataset_index.csv; rt_out/experiments/perception_rt_small_v0/dataset_index/panoptic_dataset_index.json
rt_out/experiments/perception_rt_small_v0/perception_raw/native/sync_stable_instance_rgb_pcl/cam_wall_north/metadata,directory,true,7686,3,keep_main,keep,Validated synchronized stable-instance label plus RGB/PCL capture path required for the final labeled point-cloud export.,python3 rt_out/scripts/perception/70_capture_synchronized_stable_instance_rgb_pcl_topics.py --config rt_out/experiments/perception_rt_small_v0/configs/perception_dataset_config.json --max-groups-per-camera 3 --timeout-seconds 30 --stride 4 --max-sync-delta-ms 50 --force,
rt_out/experiments/perception_rt_small_v0/perception_raw/native/sync_stable_instance_rgb_pcl/cam_wall_north/metadata/sync_000000.json,file,true,2562,,keep_main,keep,Validated synchronized stable-instance label plus RGB/PCL capture path required for the final labeled point-cloud export.,python3 rt_out/scripts/perception/70_capture_synchronized_stable_instance_rgb_pcl_topics.py --config rt_out/experiments/perception_rt_small_v0/configs/perception_dataset_config.json --max-groups-per-camera 3 --timeout-seconds 30 --stride 4 --max-sync-delta-ms 50 --force,
rt_out/experiments/perception_rt_small_v0/perception_raw/native/sync_stable_instance_rgb_pcl/cam_wall_north/metadata/sync_000001.json,file,true,2562,,keep_main,keep,Validated synchronized stable-instance label plus RGB/PCL capture path required for the final labeled point-cloud export.,python3 rt_out/scripts/perception/70_capture_synchronized_stable_instance_rgb_pcl_topics.py --config rt_out/experiments/perception_rt_small_v0/configs/perception_dataset_config.json --max-groups-per-camera 3 --timeout-seconds 30 --stride 4 --max-sync-delta-ms 50 --force,
rt_out/experiments/perception_rt_small_v0/perception_raw/native/sync_stable_instance_rgb_pcl/cam_wall_north/metadata/sync_000002.json,file,true,2562,,keep_main,keep,Validated synchronized stable-instance label plus RGB/PCL capture path required for the final labeled point-cloud export.,python3 rt_out/scripts/perception/70_capture_synchronized_stable_instance_rgb_pcl_topics.py --config rt_out/experiments/perception_rt_small_v0/configs/perception_dataset_config.json --max-groups-per-camera 3 --timeout-seconds 30 --stride 4 --max-sync-delta-ms 50 --force,
rt_out/experiments/perception_rt_small_v0/perception_raw/native/sync_stable_instance_rgb_pcl/cam_wall_north/ply,directory,true,2677428,3,keep_main,keep,Validated synchronized stable-instance label plus RGB/PCL capture path required for the final labeled point-cloud export.,python3 rt_out/scripts/perception/70_capture_synchronized_stable_instance_rgb_pcl_topics.py --config rt_out/experiments/perception_rt_small_v0/configs/perception_dataset_config.json --max-groups-per-camera 3 --timeout-seconds 30 --stride 4 --max-sync-delta-ms 50 --force,
rt_out/experiments/perception_rt_small_v0/perception_raw/native/sync_stable_instance_rgb_pcl/cam_wall_north/ply/000000.ply,file,true,892492,,keep_main,keep,Validated synchronized stable-instance label plus RGB/PCL capture path required for the final labeled point-cloud export.,python3 rt_out/scripts/perception/70_capture_synchronized_stable_instance_rgb_pcl_topics.py --config rt_out/experiments/perception_rt_small_v0/configs/perception_dataset_config.json --max-groups-per-camera 3 --timeout-seconds 30 --stride 4 --max-sync-delta-ms 50 --force,
rt_out/experiments/perception_rt_small_v0/perception_raw/native/sync_stable_instance_rgb_pcl/cam_wall_north/ply/000001.ply,file,true,892480,,keep_main,keep,Validated synchronized stable-instance label plus RGB/PCL capture path required for the final labeled point-cloud export.,python3 rt_out/scripts/perception/70_capture_synchronized_stable_instance_rgb_pcl_topics.py --config rt_out/experiments/perception_rt_small_v0/configs/perception_dataset_config.json --max-groups-per-camera 3 --timeout-seconds 30 --stride 4 --max-sync-delta-ms 50 --force,
rt_out/experiments/perception_rt_small_v0/perception_raw/native/sync_stable_instance_rgb_pcl/cam_wall_north/ply/000002.ply,file,true,892456,,keep_main,keep,Validated synchronized stable-instance label plus RGB/PCL capture path required for the final labeled point-cloud export.,python3 rt_out/scripts/perception/70_capture_synchronized_stable_instance_rgb_pcl_topics.py --config rt_out/experiments/perception_rt_small_v0/configs/perception_dataset_config.json --max-groups-per-camera 3 --timeout-seconds 30 --stride 4 --max-sync-delta-ms 50 --force,
rt_out/experiments/perception_rt_small_v0/perception_raw/native/sync_stable_instance_rgb_pcl/cam_wall_north/rgb,directory,true,2764845,3,keep_main,keep,Validated synchronized stable-instance label plus RGB/PCL capture path required for the final labeled point-cloud export.,python3 rt_out/scripts/perception/70_capture_synchronized_stable_instance_rgb_pcl_topics.py --config rt_out/experiments/perception_rt_small_v0/configs/perception_dataset_config.json --max-groups-per-camera 3 --timeout-seconds 30 --stride 4 --max-sync-delta-ms 50 --force,
rt_out/experiments/perception_rt_small_v0/perception_raw/native/sync_stable_instance_rgb_pcl/cam_wall_north/rgb/000000.ppm,file,true,921615,,keep_main,keep,Validated synchronized stable-instance label plus RGB/PCL capture path required for the final labeled point-cloud export.,python3 rt_out/scripts/perception/70_capture_synchronized_stable_instance_rgb_pcl_topics.py --config rt_out/experiments/perception_rt_small_v0/configs/perception_dataset_config.json --max-groups-per-camera 3 --timeout-seconds 30 --stride 4 --max-sync-delta-ms 50 --force,rt_out/experiments/perception_rt_small_v0/dataset_index/panoptic_dataset_index.csv; rt_out/experiments/perception_rt_small_v0/dataset_index/panoptic_dataset_index.json
rt_out/experiments/perception_rt_small_v0/perception_raw/native/sync_stable_instance_rgb_pcl/cam_wall_north/rgb/000001.ppm,file,true,921615,,keep_main,keep,Validated synchronized stable-instance label plus RGB/PCL capture path required for the final labeled point-cloud export.,python3 rt_out/scripts/perception/70_capture_synchronized_stable_instance_rgb_pcl_topics.py --config rt_out/experiments/perception_rt_small_v0/configs/perception_dataset_config.json --max-groups-per-camera 3 --timeout-seconds 30 --stride 4 --max-sync-delta-ms 50 --force,rt_out/experiments/perception_rt_small_v0/dataset_index/panoptic_dataset_index.csv; rt_out/experiments/perception_rt_small_v0/dataset_index/panoptic_dataset_index.json
rt_out/experiments/perception_rt_small_v0/perception_raw/native/sync_stable_instance_rgb_pcl/cam_wall_north/rgb/000002.ppm,file,true,921615,,keep_main,keep,Validated synchronized stable-instance label plus RGB/PCL capture path required for the final labeled point-cloud export.,python3 rt_out/scripts/perception/70_capture_synchronized_stable_instance_rgb_pcl_topics.py --config rt_out/experiments/perception_rt_small_v0/configs/perception_dataset_config.json --max-groups-per-camera 3 --timeout-seconds 30 --stride 4 --max-sync-delta-ms 50 --force,rt_out/experiments/perception_rt_small_v0/dataset_index/panoptic_dataset_index.csv; rt_out/experiments/perception_rt_small_v0/dataset_index/panoptic_dataset_index.json
rt_out/experiments/perception_rt_small_v0/perception_raw/native/sync_stable_instance_rgb_pcl/cam_wall_south,directory,true,13705269,21,keep_main,keep,Validated synchronized stable-instance label plus RGB/PCL capture path required for the final labeled point-cloud export.,python3 rt_out/scripts/perception/70_capture_synchronized_stable_instance_rgb_pcl_topics.py --config rt_out/experiments/perception_rt_small_v0/configs/perception_dataset_config.json --max-groups-per-camera 3 --timeout-seconds 30 --stride 4 --max-sync-delta-ms 50 --force,
rt_out/experiments/perception_rt_small_v0/perception_raw/native/sync_stable_instance_rgb_pcl/cam_wall_south/colored_maps,directory,true,2764845,3,keep_main,keep,Validated synchronized stable-instance label plus RGB/PCL capture path required for the final labeled point-cloud export.,python3 rt_out/scripts/perception/70_capture_synchronized_stable_instance_rgb_pcl_topics.py --config rt_out/experiments/perception_rt_small_v0/configs/perception_dataset_config.json --max-groups-per-camera 3 --timeout-seconds 30 --stride 4 --max-sync-delta-ms 50 --force,
rt_out/experiments/perception_rt_small_v0/perception_raw/native/sync_stable_instance_rgb_pcl/cam_wall_south/colored_maps/000000.ppm,file,true,921615,,keep_main,keep,Validated synchronized stable-instance label plus RGB/PCL capture path required for the final labeled point-cloud export.,python3 rt_out/scripts/perception/70_capture_synchronized_stable_instance_rgb_pcl_topics.py --config rt_out/experiments/perception_rt_small_v0/configs/perception_dataset_config.json --max-groups-per-camera 3 --timeout-seconds 30 --stride 4 --max-sync-delta-ms 50 --force,rt_out/experiments/perception_rt_small_v0/dataset_index/panoptic_dataset_index.csv; rt_out/experiments/perception_rt_small_v0/dataset_index/panoptic_dataset_index.json
rt_out/experiments/perception_rt_small_v0/perception_raw/native/sync_stable_instance_rgb_pcl/cam_wall_south/colored_maps/000001.ppm,file,true,921615,,keep_main,keep,Validated synchronized stable-instance label plus RGB/PCL capture path required for the final labeled point-cloud export.,python3 rt_out/scripts/perception/70_capture_synchronized_stable_instance_rgb_pcl_topics.py --config rt_out/experiments/perception_rt_small_v0/configs/perception_dataset_config.json --max-groups-per-camera 3 --timeout-seconds 30 --stride 4 --max-sync-delta-ms 50 --force,rt_out/experiments/perception_rt_small_v0/dataset_index/panoptic_dataset_index.csv; rt_out/experiments/perception_rt_small_v0/dataset_index/panoptic_dataset_index.json
rt_out/experiments/perception_rt_small_v0/perception_raw/native/sync_stable_instance_rgb_pcl/cam_wall_south/colored_maps/000002.ppm,file,true,921615,,keep_main,keep,Validated synchronized stable-instance label plus RGB/PCL capture path required for the final labeled point-cloud export.,python3 rt_out/scripts/perception/70_capture_synchronized_stable_instance_rgb_pcl_topics.py --config rt_out/experiments/perception_rt_small_v0/configs/perception_dataset_config.json --max-groups-per-camera 3 --timeout-seconds 30 --stride 4 --max-sync-delta-ms 50 --force,rt_out/experiments/perception_rt_small_v0/dataset_index/panoptic_dataset_index.csv; rt_out/experiments/perception_rt_small_v0/dataset_index/panoptic_dataset_index.json
rt_out/experiments/perception_rt_small_v0/perception_raw/native/sync_stable_instance_rgb_pcl/cam_wall_south/compact_instance_label,directory,true,921645,3,keep_main,keep,Validated synchronized stable-instance label plus RGB/PCL capture path required for the final labeled point-cloud export.,python3 rt_out/scripts/perception/70_capture_synchronized_stable_instance_rgb_pcl_topics.py --config rt_out/experiments/perception_rt_small_v0/configs/perception_dataset_config.json --max-groups-per-camera 3 --timeout-seconds 30 --stride 4 --max-sync-delta-ms 50 --force,
rt_out/experiments/perception_rt_small_v0/perception_raw/native/sync_stable_instance_rgb_pcl/cam_wall_south/compact_instance_label/000000.pgm,file,true,307215,,keep_main,keep,Validated synchronized stable-instance label plus RGB/PCL capture path required for the final labeled point-cloud export.,python3 rt_out/scripts/perception/70_capture_synchronized_stable_instance_rgb_pcl_topics.py --config rt_out/experiments/perception_rt_small_v0/configs/perception_dataset_config.json --max-groups-per-camera 3 --timeout-seconds 30 --stride 4 --max-sync-delta-ms 50 --force,rt_out/experiments/perception_rt_small_v0/dataset_index/panoptic_dataset_index.csv; rt_out/experiments/perception_rt_small_v0/dataset_index/panoptic_dataset_index.json
rt_out/experiments/perception_rt_small_v0/perception_raw/native/sync_stable_instance_rgb_pcl/cam_wall_south/compact_instance_label/000001.pgm,file,true,307215,,keep_main,keep,Validated synchronized stable-instance label plus RGB/PCL capture path required for the final labeled point-cloud export.,python3 rt_out/scripts/perception/70_capture_synchronized_stable_instance_rgb_pcl_topics.py --config rt_out/experiments/perception_rt_small_v0/configs/perception_dataset_config.json --max-groups-per-camera 3 --timeout-seconds 30 --stride 4 --max-sync-delta-ms 50 --force,rt_out/experiments/perception_rt_small_v0/dataset_index/panoptic_dataset_index.csv; rt_out/experiments/perception_rt_small_v0/dataset_index/panoptic_dataset_index.json
rt_out/experiments/perception_rt_small_v0/perception_raw/native/sync_stable_instance_rgb_pcl/cam_wall_south/compact_instance_label/000002.pgm,file,true,307215,,keep_main,keep,Validated synchronized stable-instance label plus RGB/PCL capture path required for the final labeled point-cloud export.,python3 rt_out/scripts/perception/70_capture_synchronized_stable_instance_rgb_pcl_topics.py --config rt_out/experiments/perception_rt_small_v0/configs/perception_dataset_config.json --max-groups-per-camera 3 --timeout-seconds 30 --stride 4 --max-sync-delta-ms 50 --force,rt_out/experiments/perception_rt_small_v0/dataset_index/panoptic_dataset_index.csv; rt_out/experiments/perception_rt_small_v0/dataset_index/panoptic_dataset_index.json
rt_out/experiments/perception_rt_small_v0/perception_raw/native/sync_stable_instance_rgb_pcl/cam_wall_south/gazebo_instance_count,directory,true,1843251,3,keep_main,keep,Validated synchronized stable-instance label plus RGB/PCL capture path required for the final labeled point-cloud export.,python3 rt_out/scripts/perception/70_capture_synchronized_stable_instance_rgb_pcl_topics.py --config rt_out/experiments/perception_rt_small_v0/configs/perception_dataset_config.json --max-groups-per-camera 3 --timeout-seconds 30 --stride 4 --max-sync-delta-ms 50 --force,
rt_out/experiments/perception_rt_small_v0/perception_raw/native/sync_stable_instance_rgb_pcl/cam_wall_south/gazebo_instance_count/000000.pgm,file,true,614417,,keep_main,keep,Validated synchronized stable-instance label plus RGB/PCL capture path required for the final labeled point-cloud export.,python3 rt_out/scripts/perception/70_capture_synchronized_stable_instance_rgb_pcl_topics.py --config rt_out/experiments/perception_rt_small_v0/configs/perception_dataset_config.json --max-groups-per-camera 3 --timeout-seconds 30 --stride 4 --max-sync-delta-ms 50 --force,rt_out/experiments/perception_rt_small_v0/dataset_index/panoptic_dataset_index.csv; rt_out/experiments/perception_rt_small_v0/dataset_index/panoptic_dataset_index.json
rt_out/experiments/perception_rt_small_v0/perception_raw/native/sync_stable_instance_rgb_pcl/cam_wall_south/gazebo_instance_count/000001.pgm,file,true,614417,,keep_main,keep,Validated synchronized stable-instance label plus RGB/PCL capture path required for the final labeled point-cloud export.,python3 rt_out/scripts/perception/70_capture_synchronized_stable_instance_rgb_pcl_topics.py --config rt_out/experiments/perception_rt_small_v0/configs/perception_dataset_config.json --max-groups-per-camera 3 --timeout-seconds 30 --stride 4 --max-sync-delta-ms 50 --force,rt_out/experiments/perception_rt_small_v0/dataset_index/panoptic_dataset_index.csv; rt_out/experiments/perception_rt_small_v0/dataset_index/panoptic_dataset_index.json
rt_out/experiments/perception_rt_small_v0/perception_raw/native/sync_stable_instance_rgb_pcl/cam_wall_south/gazebo_instance_count/000002.pgm,file,true,614417,,keep_main,keep,Validated synchronized stable-instance label plus RGB/PCL capture path required for the final labeled point-cloud export.,python3 rt_out/scripts/perception/70_capture_synchronized_stable_instance_rgb_pcl_topics.py --config rt_out/experiments/perception_rt_small_v0/configs/perception_dataset_config.json --max-groups-per-camera 3 --timeout-seconds 30 --stride 4 --max-sync-delta-ms 50 --force,rt_out/experiments/perception_rt_small_v0/dataset_index/panoptic_dataset_index.csv; rt_out/experiments/perception_rt_small_v0/dataset_index/panoptic_dataset_index.json
rt_out/experiments/perception_rt_small_v0/perception_raw/native/sync_stable_instance_rgb_pcl/cam_wall_south/labels_maps_rgb,directory,true,2764845,3,keep_main,keep,Validated synchronized stable-instance label plus RGB/PCL capture path required for the final labeled point-cloud export.,python3 rt_out/scripts/perception/70_capture_synchronized_stable_instance_rgb_pcl_topics.py --config rt_out/experiments/perception_rt_small_v0/configs/perception_dataset_config.json --max-groups-per-camera 3 --timeout-seconds 30 --stride 4 --max-sync-delta-ms 50 --force,
rt_out/experiments/perception_rt_small_v0/perception_raw/native/sync_stable_instance_rgb_pcl/cam_wall_south/labels_maps_rgb/000000.ppm,file,true,921615,,keep_main,keep,Validated synchronized stable-instance label plus RGB/PCL capture path required for the final labeled point-cloud export.,python3 rt_out/scripts/perception/70_capture_synchronized_stable_instance_rgb_pcl_topics.py --config rt_out/experiments/perception_rt_small_v0/configs/perception_dataset_config.json --max-groups-per-camera 3 --timeout-seconds 30 --stride 4 --max-sync-delta-ms 50 --force,rt_out/experiments/perception_rt_small_v0/dataset_index/panoptic_dataset_index.csv; rt_out/experiments/perception_rt_small_v0/dataset_index/panoptic_dataset_index.json
rt_out/experiments/perception_rt_small_v0/perception_raw/native/sync_stable_instance_rgb_pcl/cam_wall_south/labels_maps_rgb/000001.ppm,file,true,921615,,keep_main,keep,Validated synchronized stable-instance label plus RGB/PCL capture path required for the final labeled point-cloud export.,python3 rt_out/scripts/perception/70_capture_synchronized_stable_instance_rgb_pcl_topics.py --config rt_out/experiments/perception_rt_small_v0/configs/perception_dataset_config.json --max-groups-per-camera 3 --timeout-seconds 30 --stride 4 --max-sync-delta-ms 50 --force,rt_out/experiments/perception_rt_small_v0/dataset_index/panoptic_dataset_index.csv; rt_out/experiments/perception_rt_small_v0/dataset_index/panoptic_dataset_index.json
rt_out/experiments/perception_rt_small_v0/perception_raw/native/sync_stable_instance_rgb_pcl/cam_wall_south/labels_maps_rgb/000002.ppm,file,true,921615,,keep_main,keep,Validated synchronized stable-instance label plus RGB/PCL capture path required for the final labeled point-cloud export.,python3 rt_out/scripts/perception/70_capture_synchronized_stable_instance_rgb_pcl_topics.py --config rt_out/experiments/perception_rt_small_v0/configs/perception_dataset_config.json --max-groups-per-camera 3 --timeout-seconds 30 --stride 4 --max-sync-delta-ms 50 --force,rt_out/experiments/perception_rt_small_v0/dataset_index/panoptic_dataset_index.csv; rt_out/experiments/perception_rt_small_v0/dataset_index/panoptic_dataset_index.json
rt_out/experiments/perception_rt_small_v0/perception_raw/native/sync_stable_instance_rgb_pcl/cam_wall_south/metadata,directory,true,7683,3,keep_main,keep,Validated synchronized stable-instance label plus RGB/PCL capture path required for the final labeled point-cloud export.,python3 rt_out/scripts/perception/70_capture_synchronized_stable_instance_rgb_pcl_topics.py --config rt_out/experiments/perception_rt_small_v0/configs/perception_dataset_config.json --max-groups-per-camera 3 --timeout-seconds 30 --stride 4 --max-sync-delta-ms 50 --force,
rt_out/experiments/perception_rt_small_v0/perception_raw/native/sync_stable_instance_rgb_pcl/cam_wall_south/metadata/sync_000000.json,file,true,2561,,keep_main,keep,Validated synchronized stable-instance label plus RGB/PCL capture path required for the final labeled point-cloud export.,python3 rt_out/scripts/perception/70_capture_synchronized_stable_instance_rgb_pcl_topics.py --config rt_out/experiments/perception_rt_small_v0/configs/perception_dataset_config.json --max-groups-per-camera 3 --timeout-seconds 30 --stride 4 --max-sync-delta-ms 50 --force,
rt_out/experiments/perception_rt_small_v0/perception_raw/native/sync_stable_instance_rgb_pcl/cam_wall_south/metadata/sync_000001.json,file,true,2561,,keep_main,keep,Validated synchronized stable-instance label plus RGB/PCL capture path required for the final labeled point-cloud export.,python3 rt_out/scripts/perception/70_capture_synchronized_stable_instance_rgb_pcl_topics.py --config rt_out/experiments/perception_rt_small_v0/configs/perception_dataset_config.json --max-groups-per-camera 3 --timeout-seconds 30 --stride 4 --max-sync-delta-ms 50 --force,
rt_out/experiments/perception_rt_small_v0/perception_raw/native/sync_stable_instance_rgb_pcl/cam_wall_south/metadata/sync_000002.json,file,true,2561,,keep_main,keep,Validated synchronized stable-instance label plus RGB/PCL capture path required for the final labeled point-cloud export.,python3 rt_out/scripts/perception/70_capture_synchronized_stable_instance_rgb_pcl_topics.py --config rt_out/experiments/perception_rt_small_v0/configs/perception_dataset_config.json --max-groups-per-camera 3 --timeout-seconds 30 --stride 4 --max-sync-delta-ms 50 --force,
rt_out/experiments/perception_rt_small_v0/perception_raw/native/sync_stable_instance_rgb_pcl/cam_wall_south/ply,directory,true,2638155,3,keep_main,keep,Validated synchronized stable-instance label plus RGB/PCL capture path required for the final labeled point-cloud export.,python3 rt_out/scripts/perception/70_capture_synchronized_stable_instance_rgb_pcl_topics.py --config rt_out/experiments/perception_rt_small_v0/configs/perception_dataset_config.json --max-groups-per-camera 3 --timeout-seconds 30 --stride 4 --max-sync-delta-ms 50 --force,
rt_out/experiments/perception_rt_small_v0/perception_raw/native/sync_stable_instance_rgb_pcl/cam_wall_south/ply/000000.ply,file,true,879394,,keep_main,keep,Validated synchronized stable-instance label plus RGB/PCL capture path required for the final labeled point-cloud export.,python3 rt_out/scripts/perception/70_capture_synchronized_stable_instance_rgb_pcl_topics.py --config rt_out/experiments/perception_rt_small_v0/configs/perception_dataset_config.json --max-groups-per-camera 3 --timeout-seconds 30 --stride 4 --max-sync-delta-ms 50 --force,
rt_out/experiments/perception_rt_small_v0/perception_raw/native/sync_stable_instance_rgb_pcl/cam_wall_south/ply/000001.ply,file,true,879382,,keep_main,keep,Validated synchronized stable-instance label plus RGB/PCL capture path required for the final labeled point-cloud export.,python3 rt_out/scripts/perception/70_capture_synchronized_stable_instance_rgb_pcl_topics.py --config rt_out/experiments/perception_rt_small_v0/configs/perception_dataset_config.json --max-groups-per-camera 3 --timeout-seconds 30 --stride 4 --max-sync-delta-ms 50 --force,
rt_out/experiments/perception_rt_small_v0/perception_raw/native/sync_stable_instance_rgb_pcl/cam_wall_south/ply/000002.ply,file,true,879379,,keep_main,keep,Validated synchronized stable-instance label plus RGB/PCL capture path required for the final labeled point-cloud export.,python3 rt_out/scripts/perception/70_capture_synchronized_stable_instance_rgb_pcl_topics.py --config rt_out/experiments/perception_rt_small_v0/configs/perception_dataset_config.json --max-groups-per-camera 3 --timeout-seconds 30 --stride 4 --max-sync-delta-ms 50 --force,
rt_out/experiments/perception_rt_small_v0/perception_raw/native/sync_stable_instance_rgb_pcl/cam_wall_south/rgb,directory,true,2764845,3,keep_main,keep,Validated synchronized stable-instance label plus RGB/PCL capture path required for the final labeled point-cloud export.,python3 rt_out/scripts/perception/70_capture_synchronized_stable_instance_rgb_pcl_topics.py --config rt_out/experiments/perception_rt_small_v0/configs/perception_dataset_config.json --max-groups-per-camera 3 --timeout-seconds 30 --stride 4 --max-sync-delta-ms 50 --force,
rt_out/experiments/perception_rt_small_v0/perception_raw/native/sync_stable_instance_rgb_pcl/cam_wall_south/rgb/000000.ppm,file,true,921615,,keep_main,keep,Validated synchronized stable-instance label plus RGB/PCL capture path required for the final labeled point-cloud export.,python3 rt_out/scripts/perception/70_capture_synchronized_stable_instance_rgb_pcl_topics.py --config rt_out/experiments/perception_rt_small_v0/configs/perception_dataset_config.json --max-groups-per-camera 3 --timeout-seconds 30 --stride 4 --max-sync-delta-ms 50 --force,rt_out/experiments/perception_rt_small_v0/dataset_index/panoptic_dataset_index.csv; rt_out/experiments/perception_rt_small_v0/dataset_index/panoptic_dataset_index.json
rt_out/experiments/perception_rt_small_v0/perception_raw/native/sync_stable_instance_rgb_pcl/cam_wall_south/rgb/000001.ppm,file,true,921615,,keep_main,keep,Validated synchronized stable-instance label plus RGB/PCL capture path required for the final labeled point-cloud export.,python3 rt_out/scripts/perception/70_capture_synchronized_stable_instance_rgb_pcl_topics.py --config rt_out/experiments/perception_rt_small_v0/configs/perception_dataset_config.json --max-groups-per-camera 3 --timeout-seconds 30 --stride 4 --max-sync-delta-ms 50 --force,rt_out/experiments/perception_rt_small_v0/dataset_index/panoptic_dataset_index.csv; rt_out/experiments/perception_rt_small_v0/dataset_index/panoptic_dataset_index.json
rt_out/experiments/perception_rt_small_v0/perception_raw/native/sync_stable_instance_rgb_pcl/cam_wall_south/rgb/000002.ppm,file,true,921615,,keep_main,keep,Validated synchronized stable-instance label plus RGB/PCL capture path required for the final labeled point-cloud export.,python3 rt_out/scripts/perception/70_capture_synchronized_stable_instance_rgb_pcl_topics.py --config rt_out/experiments/perception_rt_small_v0/configs/perception_dataset_config.json --max-groups-per-camera 3 --timeout-seconds 30 --stride 4 --max-sync-delta-ms 50 --force,rt_out/experiments/perception_rt_small_v0/dataset_index/panoptic_dataset_index.csv; rt_out/experiments/perception_rt_small_v0/dataset_index/panoptic_dataset_index.json
rt_out/experiments/perception_rt_small_v0/perception_raw/native/sync_stable_instance_rgb_pcl/cam_wall_west,directory,true,13714248,21,keep_main,keep,Validated synchronized stable-instance label plus RGB/PCL capture path required for the final labeled point-cloud export.,python3 rt_out/scripts/perception/70_capture_synchronized_stable_instance_rgb_pcl_topics.py --config rt_out/experiments/perception_rt_small_v0/configs/perception_dataset_config.json --max-groups-per-camera 3 --timeout-seconds 30 --stride 4 --max-sync-delta-ms 50 --force,
rt_out/experiments/perception_rt_small_v0/perception_raw/native/sync_stable_instance_rgb_pcl/cam_wall_west/colored_maps,directory,true,2764845,3,keep_main,keep,Validated synchronized stable-instance label plus RGB/PCL capture path required for the final labeled point-cloud export.,python3 rt_out/scripts/perception/70_capture_synchronized_stable_instance_rgb_pcl_topics.py --config rt_out/experiments/perception_rt_small_v0/configs/perception_dataset_config.json --max-groups-per-camera 3 --timeout-seconds 30 --stride 4 --max-sync-delta-ms 50 --force,
rt_out/experiments/perception_rt_small_v0/perception_raw/native/sync_stable_instance_rgb_pcl/cam_wall_west/colored_maps/000000.ppm,file,true,921615,,keep_main,keep,Validated synchronized stable-instance label plus RGB/PCL capture path required for the final labeled point-cloud export.,python3 rt_out/scripts/perception/70_capture_synchronized_stable_instance_rgb_pcl_topics.py --config rt_out/experiments/perception_rt_small_v0/configs/perception_dataset_config.json --max-groups-per-camera 3 --timeout-seconds 30 --stride 4 --max-sync-delta-ms 50 --force,rt_out/experiments/perception_rt_small_v0/dataset_index/panoptic_dataset_index.csv; rt_out/experiments/perception_rt_small_v0/dataset_index/panoptic_dataset_index.json
rt_out/experiments/perception_rt_small_v0/perception_raw/native/sync_stable_instance_rgb_pcl/cam_wall_west/colored_maps/000001.ppm,file,true,921615,,keep_main,keep,Validated synchronized stable-instance label plus RGB/PCL capture path required for the final labeled point-cloud export.,python3 rt_out/scripts/perception/70_capture_synchronized_stable_instance_rgb_pcl_topics.py --config rt_out/experiments/perception_rt_small_v0/configs/perception_dataset_config.json --max-groups-per-camera 3 --timeout-seconds 30 --stride 4 --max-sync-delta-ms 50 --force,rt_out/experiments/perception_rt_small_v0/dataset_index/panoptic_dataset_index.csv; rt_out/experiments/perception_rt_small_v0/dataset_index/panoptic_dataset_index.json
rt_out/experiments/perception_rt_small_v0/perception_raw/native/sync_stable_instance_rgb_pcl/cam_wall_west/colored_maps/000002.ppm,file,true,921615,,keep_main,keep,Validated synchronized stable-instance label plus RGB/PCL capture path required for the final labeled point-cloud export.,python3 rt_out/scripts/perception/70_capture_synchronized_stable_instance_rgb_pcl_topics.py --config rt_out/experiments/perception_rt_small_v0/configs/perception_dataset_config.json --max-groups-per-camera 3 --timeout-seconds 30 --stride 4 --max-sync-delta-ms 50 --force,rt_out/experiments/perception_rt_small_v0/dataset_index/panoptic_dataset_index.csv; rt_out/experiments/perception_rt_small_v0/dataset_index/panoptic_dataset_index.json
rt_out/experiments/perception_rt_small_v0/perception_raw/native/sync_stable_instance_rgb_pcl/cam_wall_west/compact_instance_label,directory,true,921645,3,keep_main,keep,Validated synchronized stable-instance label plus RGB/PCL capture path required for the final labeled point-cloud export.,python3 rt_out/scripts/perception/70_capture_synchronized_stable_instance_rgb_pcl_topics.py --config rt_out/experiments/perception_rt_small_v0/configs/perception_dataset_config.json --max-groups-per-camera 3 --timeout-seconds 30 --stride 4 --max-sync-delta-ms 50 --force,
rt_out/experiments/perception_rt_small_v0/perception_raw/native/sync_stable_instance_rgb_pcl/cam_wall_west/compact_instance_label/000000.pgm,file,true,307215,,keep_main,keep,Validated synchronized stable-instance label plus RGB/PCL capture path required for the final labeled point-cloud export.,python3 rt_out/scripts/perception/70_capture_synchronized_stable_instance_rgb_pcl_topics.py --config rt_out/experiments/perception_rt_small_v0/configs/perception_dataset_config.json --max-groups-per-camera 3 --timeout-seconds 30 --stride 4 --max-sync-delta-ms 50 --force,rt_out/experiments/perception_rt_small_v0/dataset_index/panoptic_dataset_index.csv; rt_out/experiments/perception_rt_small_v0/dataset_index/panoptic_dataset_index.json
rt_out/experiments/perception_rt_small_v0/perception_raw/native/sync_stable_instance_rgb_pcl/cam_wall_west/compact_instance_label/000001.pgm,file,true,307215,,keep_main,keep,Validated synchronized stable-instance label plus RGB/PCL capture path required for the final labeled point-cloud export.,python3 rt_out/scripts/perception/70_capture_synchronized_stable_instance_rgb_pcl_topics.py --config rt_out/experiments/perception_rt_small_v0/configs/perception_dataset_config.json --max-groups-per-camera 3 --timeout-seconds 30 --stride 4 --max-sync-delta-ms 50 --force,rt_out/experiments/perception_rt_small_v0/dataset_index/panoptic_dataset_index.csv; rt_out/experiments/perception_rt_small_v0/dataset_index/panoptic_dataset_index.json
rt_out/experiments/perception_rt_small_v0/perception_raw/native/sync_stable_instance_rgb_pcl/cam_wall_west/compact_instance_label/000002.pgm,file,true,307215,,keep_main,keep,Validated synchronized stable-instance label plus RGB/PCL capture path required for the final labeled point-cloud export.,python3 rt_out/scripts/perception/70_capture_synchronized_stable_instance_rgb_pcl_topics.py --config rt_out/experiments/perception_rt_small_v0/configs/perception_dataset_config.json --max-groups-per-camera 3 --timeout-seconds 30 --stride 4 --max-sync-delta-ms 50 --force,rt_out/experiments/perception_rt_small_v0/dataset_index/panoptic_dataset_index.csv; rt_out/experiments/perception_rt_small_v0/dataset_index/panoptic_dataset_index.json
rt_out/experiments/perception_rt_small_v0/perception_raw/native/sync_stable_instance_rgb_pcl/cam_wall_west/gazebo_instance_count,directory,true,1843251,3,keep_main,keep,Validated synchronized stable-instance label plus RGB/PCL capture path required for the final labeled point-cloud export.,python3 rt_out/scripts/perception/70_capture_synchronized_stable_instance_rgb_pcl_topics.py --config rt_out/experiments/perception_rt_small_v0/configs/perception_dataset_config.json --max-groups-per-camera 3 --timeout-seconds 30 --stride 4 --max-sync-delta-ms 50 --force,
rt_out/experiments/perception_rt_small_v0/perception_raw/native/sync_stable_instance_rgb_pcl/cam_wall_west/gazebo_instance_count/000000.pgm,file,true,614417,,keep_main,keep,Validated synchronized stable-instance label plus RGB/PCL capture path required for the final labeled point-cloud export.,python3 rt_out/scripts/perception/70_capture_synchronized_stable_instance_rgb_pcl_topics.py --config rt_out/experiments/perception_rt_small_v0/configs/perception_dataset_config.json --max-groups-per-camera 3 --timeout-seconds 30 --stride 4 --max-sync-delta-ms 50 --force,rt_out/experiments/perception_rt_small_v0/dataset_index/panoptic_dataset_index.csv; rt_out/experiments/perception_rt_small_v0/dataset_index/panoptic_dataset_index.json
rt_out/experiments/perception_rt_small_v0/perception_raw/native/sync_stable_instance_rgb_pcl/cam_wall_west/gazebo_instance_count/000001.pgm,file,true,614417,,keep_main,keep,Validated synchronized stable-instance label plus RGB/PCL capture path required for the final labeled point-cloud export.,python3 rt_out/scripts/perception/70_capture_synchronized_stable_instance_rgb_pcl_topics.py --config rt_out/experiments/perception_rt_small_v0/configs/perception_dataset_config.json --max-groups-per-camera 3 --timeout-seconds 30 --stride 4 --max-sync-delta-ms 50 --force,rt_out/experiments/perception_rt_small_v0/dataset_index/panoptic_dataset_index.csv; rt_out/experiments/perception_rt_small_v0/dataset_index/panoptic_dataset_index.json
rt_out/experiments/perception_rt_small_v0/perception_raw/native/sync_stable_instance_rgb_pcl/cam_wall_west/gazebo_instance_count/000002.pgm,file,true,614417,,keep_main,keep,Validated synchronized stable-instance label plus RGB/PCL capture path required for the final labeled point-cloud export.,python3 rt_out/scripts/perception/70_capture_synchronized_stable_instance_rgb_pcl_topics.py --config rt_out/experiments/perception_rt_small_v0/configs/perception_dataset_config.json --max-groups-per-camera 3 --timeout-seconds 30 --stride 4 --max-sync-delta-ms 50 --force,rt_out/experiments/perception_rt_small_v0/dataset_index/panoptic_dataset_index.csv; rt_out/experiments/perception_rt_small_v0/dataset_index/panoptic_dataset_index.json
rt_out/experiments/perception_rt_small_v0/perception_raw/native/sync_stable_instance_rgb_pcl/cam_wall_west/labels_maps_rgb,directory,true,2764845,3,keep_main,keep,Validated synchronized stable-instance label plus RGB/PCL capture path required for the final labeled point-cloud export.,python3 rt_out/scripts/perception/70_capture_synchronized_stable_instance_rgb_pcl_topics.py --config rt_out/experiments/perception_rt_small_v0/configs/perception_dataset_config.json --max-groups-per-camera 3 --timeout-seconds 30 --stride 4 --max-sync-delta-ms 50 --force,
rt_out/experiments/perception_rt_small_v0/perception_raw/native/sync_stable_instance_rgb_pcl/cam_wall_west/labels_maps_rgb/000000.ppm,file,true,921615,,keep_main,keep,Validated synchronized stable-instance label plus RGB/PCL capture path required for the final labeled point-cloud export.,python3 rt_out/scripts/perception/70_capture_synchronized_stable_instance_rgb_pcl_topics.py --config rt_out/experiments/perception_rt_small_v0/configs/perception_dataset_config.json --max-groups-per-camera 3 --timeout-seconds 30 --stride 4 --max-sync-delta-ms 50 --force,rt_out/experiments/perception_rt_small_v0/dataset_index/panoptic_dataset_index.csv; rt_out/experiments/perception_rt_small_v0/dataset_index/panoptic_dataset_index.json
rt_out/experiments/perception_rt_small_v0/perception_raw/native/sync_stable_instance_rgb_pcl/cam_wall_west/labels_maps_rgb/000001.ppm,file,true,921615,,keep_main,keep,Validated synchronized stable-instance label plus RGB/PCL capture path required for the final labeled point-cloud export.,python3 rt_out/scripts/perception/70_capture_synchronized_stable_instance_rgb_pcl_topics.py --config rt_out/experiments/perception_rt_small_v0/configs/perception_dataset_config.json --max-groups-per-camera 3 --timeout-seconds 30 --stride 4 --max-sync-delta-ms 50 --force,rt_out/experiments/perception_rt_small_v0/dataset_index/panoptic_dataset_index.csv; rt_out/experiments/perception_rt_small_v0/dataset_index/panoptic_dataset_index.json
rt_out/experiments/perception_rt_small_v0/perception_raw/native/sync_stable_instance_rgb_pcl/cam_wall_west/labels_maps_rgb/000002.ppm,file,true,921615,,keep_main,keep,Validated synchronized stable-instance label plus RGB/PCL capture path required for the final labeled point-cloud export.,python3 rt_out/scripts/perception/70_capture_synchronized_stable_instance_rgb_pcl_topics.py --config rt_out/experiments/perception_rt_small_v0/configs/perception_dataset_config.json --max-groups-per-camera 3 --timeout-seconds 30 --stride 4 --max-sync-delta-ms 50 --force,rt_out/experiments/perception_rt_small_v0/dataset_index/panoptic_dataset_index.csv; rt_out/experiments/perception_rt_small_v0/dataset_index/panoptic_dataset_index.json
rt_out/experiments/perception_rt_small_v0/perception_raw/native/sync_stable_instance_rgb_pcl/cam_wall_west/metadata,directory,true,7644,3,keep_main,keep,Validated synchronized stable-instance label plus RGB/PCL capture path required for the final labeled point-cloud export.,python3 rt_out/scripts/perception/70_capture_synchronized_stable_instance_rgb_pcl_topics.py --config rt_out/experiments/perception_rt_small_v0/configs/perception_dataset_config.json --max-groups-per-camera 3 --timeout-seconds 30 --stride 4 --max-sync-delta-ms 50 --force,
rt_out/experiments/perception_rt_small_v0/perception_raw/native/sync_stable_instance_rgb_pcl/cam_wall_west/metadata/sync_000000.json,file,true,2548,,keep_main,keep,Validated synchronized stable-instance label plus RGB/PCL capture path required for the final labeled point-cloud export.,python3 rt_out/scripts/perception/70_capture_synchronized_stable_instance_rgb_pcl_topics.py --config rt_out/experiments/perception_rt_small_v0/configs/perception_dataset_config.json --max-groups-per-camera 3 --timeout-seconds 30 --stride 4 --max-sync-delta-ms 50 --force,
rt_out/experiments/perception_rt_small_v0/perception_raw/native/sync_stable_instance_rgb_pcl/cam_wall_west/metadata/sync_000001.json,file,true,2548,,keep_main,keep,Validated synchronized stable-instance label plus RGB/PCL capture path required for the final labeled point-cloud export.,python3 rt_out/scripts/perception/70_capture_synchronized_stable_instance_rgb_pcl_topics.py --config rt_out/experiments/perception_rt_small_v0/configs/perception_dataset_config.json --max-groups-per-camera 3 --timeout-seconds 30 --stride 4 --max-sync-delta-ms 50 --force,
rt_out/experiments/perception_rt_small_v0/perception_raw/native/sync_stable_instance_rgb_pcl/cam_wall_west/metadata/sync_000002.json,file,true,2548,,keep_main,keep,Validated synchronized stable-instance label plus RGB/PCL capture path required for the final labeled point-cloud export.,python3 rt_out/scripts/perception/70_capture_synchronized_stable_instance_rgb_pcl_topics.py --config rt_out/experiments/perception_rt_small_v0/configs/perception_dataset_config.json --max-groups-per-camera 3 --timeout-seconds 30 --stride 4 --max-sync-delta-ms 50 --force,
rt_out/experiments/perception_rt_small_v0/perception_raw/native/sync_stable_instance_rgb_pcl/cam_wall_west/ply,directory,true,2647173,3,keep_main,keep,Validated synchronized stable-instance label plus RGB/PCL capture path required for the final labeled point-cloud export.,python3 rt_out/scripts/perception/70_capture_synchronized_stable_instance_rgb_pcl_topics.py --config rt_out/experiments/perception_rt_small_v0/configs/perception_dataset_config.json --max-groups-per-camera 3 --timeout-seconds 30 --stride 4 --max-sync-delta-ms 50 --force,
rt_out/experiments/perception_rt_small_v0/perception_raw/native/sync_stable_instance_rgb_pcl/cam_wall_west/ply/000000.ply,file,true,882382,,keep_main,keep,Validated synchronized stable-instance label plus RGB/PCL capture path required for the final labeled point-cloud export.,python3 rt_out/scripts/perception/70_capture_synchronized_stable_instance_rgb_pcl_topics.py --config rt_out/experiments/perception_rt_small_v0/configs/perception_dataset_config.json --max-groups-per-camera 3 --timeout-seconds 30 --stride 4 --max-sync-delta-ms 50 --force,
rt_out/experiments/perception_rt_small_v0/perception_raw/native/sync_stable_instance_rgb_pcl/cam_wall_west/ply/000001.ply,file,true,882394,,keep_main,keep,Validated synchronized stable-instance label plus RGB/PCL capture path required for the final labeled point-cloud export.,python3 rt_out/scripts/perception/70_capture_synchronized_stable_instance_rgb_pcl_topics.py --config rt_out/experiments/perception_rt_small_v0/configs/perception_dataset_config.json --max-groups-per-camera 3 --timeout-seconds 30 --stride 4 --max-sync-delta-ms 50 --force,
rt_out/experiments/perception_rt_small_v0/perception_raw/native/sync_stable_instance_rgb_pcl/cam_wall_west/ply/000002.ply,file,true,882397,,keep_main,keep,Validated synchronized stable-instance label plus RGB/PCL capture path required for the final labeled point-cloud export.,python3 rt_out/scripts/perception/70_capture_synchronized_stable_instance_rgb_pcl_topics.py --config rt_out/experiments/perception_rt_small_v0/configs/perception_dataset_config.json --max-groups-per-camera 3 --timeout-seconds 30 --stride 4 --max-sync-delta-ms 50 --force,
rt_out/experiments/perception_rt_small_v0/perception_raw/native/sync_stable_instance_rgb_pcl/cam_wall_west/rgb,directory,true,2764845,3,keep_main,keep,Validated synchronized stable-instance label plus RGB/PCL capture path required for the final labeled point-cloud export.,python3 rt_out/scripts/perception/70_capture_synchronized_stable_instance_rgb_pcl_topics.py --config rt_out/experiments/perception_rt_small_v0/configs/perception_dataset_config.json --max-groups-per-camera 3 --timeout-seconds 30 --stride 4 --max-sync-delta-ms 50 --force,
rt_out/experiments/perception_rt_small_v0/perception_raw/native/sync_stable_instance_rgb_pcl/cam_wall_west/rgb/000000.ppm,file,true,921615,,keep_main,keep,Validated synchronized stable-instance label plus RGB/PCL capture path required for the final labeled point-cloud export.,python3 rt_out/scripts/perception/70_capture_synchronized_stable_instance_rgb_pcl_topics.py --config rt_out/experiments/perception_rt_small_v0/configs/perception_dataset_config.json --max-groups-per-camera 3 --timeout-seconds 30 --stride 4 --max-sync-delta-ms 50 --force,rt_out/experiments/perception_rt_small_v0/dataset_index/panoptic_dataset_index.csv; rt_out/experiments/perception_rt_small_v0/dataset_index/panoptic_dataset_index.json
rt_out/experiments/perception_rt_small_v0/perception_raw/native/sync_stable_instance_rgb_pcl/cam_wall_west/rgb/000001.ppm,file,true,921615,,keep_main,keep,Validated synchronized stable-instance label plus RGB/PCL capture path required for the final labeled point-cloud export.,python3 rt_out/scripts/perception/70_capture_synchronized_stable_instance_rgb_pcl_topics.py --config rt_out/experiments/perception_rt_small_v0/configs/perception_dataset_config.json --max-groups-per-camera 3 --timeout-seconds 30 --stride 4 --max-sync-delta-ms 50 --force,rt_out/experiments/perception_rt_small_v0/dataset_index/panoptic_dataset_index.csv; rt_out/experiments/perception_rt_small_v0/dataset_index/panoptic_dataset_index.json
rt_out/experiments/perception_rt_small_v0/perception_raw/native/sync_stable_instance_rgb_pcl/cam_wall_west/rgb/000002.ppm,file,true,921615,,keep_main,keep,Validated synchronized stable-instance label plus RGB/PCL capture path required for the final labeled point-cloud export.,python3 rt_out/scripts/perception/70_capture_synchronized_stable_instance_rgb_pcl_topics.py --config rt_out/experiments/perception_rt_small_v0/configs/perception_dataset_config.json --max-groups-per-camera 3 --timeout-seconds 30 --stride 4 --max-sync-delta-ms 50 --force,rt_out/experiments/perception_rt_small_v0/dataset_index/panoptic_dataset_index.csv; rt_out/experiments/perception_rt_small_v0/dataset_index/panoptic_dataset_index.json
rt_out/experiments/perception_rt_small_v0/perception_raw/native/sync_stable_instance_rgb_pcl_capture_index.csv,file,true,31808,,keep_validated_output,keep,Synchronized stable-instance capture summaries proving the validated final-label bridge inputs.,python3 rt_out/scripts/perception/70_capture_synchronized_stable_instance_rgb_pcl_topics.py --config rt_out/experiments/perception_rt_small_v0/configs/perception_dataset_config.json --max-groups-per-camera 3 --timeout-seconds 30 --stride 4 --max-sync-delta-ms 50 --force,rt_out/scripts/perception/70_capture_synchronized_stable_instance_rgb_pcl_topics.py; rt_out/scripts/perception/90_cleanup_inventory_dry_run.py
rt_out/experiments/perception_rt_small_v0/perception_raw/native/sync_stable_instance_rgb_pcl_capture_summary.json,file,true,1543,,keep_validated_output,keep,Synchronized stable-instance capture summaries proving the validated final-label bridge inputs.,python3 rt_out/scripts/perception/70_capture_synchronized_stable_instance_rgb_pcl_topics.py --config rt_out/experiments/perception_rt_small_v0/configs/perception_dataset_config.json --max-groups-per-camera 3 --timeout-seconds 30 --stride 4 --max-sync-delta-ms 50 --force,rt_out/scripts/perception/70_capture_synchronized_stable_instance_rgb_pcl_topics.py; rt_out/scripts/perception/90_cleanup_inventory_dry_run.py
rt_out/experiments/perception_rt_small_v0/perception_raw/native/topic_capture_index.csv,file,true,49276,,keep_validated_output,keep,Panoptic topic-capture bookkeeping for the validated native segmentation capture.,python3 rt_out/scripts/perception/63_capture_panoptic_topics.py --config rt_out/experiments/perception_rt_small_v0/configs/perception_dataset_config.json --mode panoptic --max-messages-per-topic 3 --timeout-seconds 30 --force,rt_out/scripts/perception/63_capture_panoptic_topics.py; rt_out/scripts/perception/90_cleanup_inventory_dry_run.py
rt_out/experiments/perception_rt_small_v0/perception_raw/native/topic_capture_summary.json,file,true,3548,,keep_validated_output,keep,Panoptic topic-capture bookkeeping for the validated native segmentation capture.,python3 rt_out/scripts/perception/63_capture_panoptic_topics.py --config rt_out/experiments/perception_rt_small_v0/configs/perception_dataset_config.json --mode panoptic --max-messages-per-topic 3 --timeout-seconds 30 --force,rt_out/scripts/perception/63_capture_panoptic_topics.py; rt_out/scripts/perception/90_cleanup_inventory_dry_run.py
rt_out/experiments/perception_rt_small_v0/perception_sdf,directory,true,1140445,8,keep_required_input,keep,Generated Gazebo world directory for the perception pilot.,,rt_out/scripts/perception/README.md
rt_out/experiments/perception_rt_small_v0/perception_sdf/camera_tuning_world_summary.json,file,true,3152,,diagnostic_keep,keep_for_now,Optional camera-tuning helper world/output retained for rig debugging.,python3 rt_out/scripts/perception/62_build_labeled_gazebo_world.py --config rt_out/experiments/perception_rt_small_v0/configs/perception_dataset_config.json --camera-tuning-world --force,rt_out/scripts/perception/62_build_labeled_gazebo_world.py
rt_out/experiments/perception_rt_small_v0/perception_sdf/gazebo_native_camera_tuning_world.sdf,file,true,382040,,diagnostic_keep,keep_for_now,Optional camera-tuning helper world/output retained for rig debugging.,python3 rt_out/scripts/perception/62_build_labeled_gazebo_world.py --config rt_out/experiments/perception_rt_small_v0/configs/perception_dataset_config.json --camera-tuning-world --force,rt_out/scripts/perception/62_build_labeled_gazebo_world.py
rt_out/experiments/perception_rt_small_v0/perception_sdf/gazebo_native_panoptic_world.sdf,file,true,367673,,keep_required_input,keep,Active panoptic world or label-map artifact needed to understand and reproduce the pilot capture setup.,python3 rt_out/scripts/perception/62_build_labeled_gazebo_world.py --config rt_out/experiments/perception_rt_small_v0/configs/perception_dataset_config.json --force,rt_out/scripts/perception/62_build_labeled_gazebo_world.py; rt_out/scripts/perception/91_run_gazebo_capture_helper.py; rt_out/scripts/perception/README.md
rt_out/experiments/perception_rt_small_v0/perception_sdf/gazebo_native_stable_instance_panoptic_world.sdf,file,true,368066,,keep_required_input,keep,Active panoptic world or label-map artifact needed to understand and reproduce the pilot capture setup.,python3 rt_out/scripts/perception/62_build_labeled_gazebo_world.py --config rt_out/experiments/perception_rt_small_v0/configs/perception_dataset_config.json --force,rt_out/scripts/perception/62_build_labeled_gazebo_world.py; rt_out/scripts/perception/91_run_gazebo_capture_helper.py; rt_out/scripts/perception/README.md
rt_out/experiments/perception_rt_small_v0/perception_sdf/gazebo_native_stable_instance_panoptic_world_summary.json,file,true,946,,keep_required_input,keep,Active panoptic world or label-map artifact needed to understand and reproduce the pilot capture setup.,python3 rt_out/scripts/perception/62_build_labeled_gazebo_world.py --config rt_out/experiments/perception_rt_small_v0/configs/perception_dataset_config.json --force,rt_out/scripts/perception/62_build_labeled_gazebo_world.py
rt_out/experiments/perception_rt_small_v0/perception_sdf/gazebo_native_world_summary.json,file,true,1209,,keep_required_input,keep,Active panoptic world or label-map artifact needed to understand and reproduce the pilot capture setup.,python3 rt_out/scripts/perception/62_build_labeled_gazebo_world.py --config rt_out/experiments/perception_rt_small_v0/configs/perception_dataset_config.json --force,rt_out/scripts/perception/62_build_labeled_gazebo_world.py
rt_out/experiments/perception_rt_small_v0/perception_sdf/instance_label_map.json,file,true,6501,,keep_required_input,keep,Active panoptic world or label-map artifact needed to understand and reproduce the pilot capture setup.,python3 rt_out/scripts/perception/62_build_labeled_gazebo_world.py --config rt_out/experiments/perception_rt_small_v0/configs/perception_dataset_config.json --force,rt_out/scripts/perception/62_build_labeled_gazebo_world.py; rt_out/scripts/perception/71_validate_synchronized_stable_instance_rgb_pcl_capture.py; rt_out/scripts/perception/72_build_labeled_colorized_pointclouds.py; rt_out/scripts/perception/73_validate_labeled_colorized_pointclouds.py; rt_out/scripts/perception/README.md
rt_out/experiments/perception_rt_small_v0/perception_sdf/stable_instance_label_map.json,file,true,10858,,keep_required_input,keep,Active panoptic world or label-map artifact needed to understand and reproduce the pilot capture setup.,python3 rt_out/scripts/perception/62_build_labeled_gazebo_world.py --config rt_out/experiments/perception_rt_small_v0/configs/perception_dataset_config.json --force,rt_out/scripts/perception/62_build_labeled_gazebo_world.py; rt_out/scripts/perception/71_validate_synchronized_stable_instance_rgb_pcl_capture.py; rt_out/scripts/perception/72_build_labeled_colorized_pointclouds.py; rt_out/scripts/perception/73_validate_labeled_colorized_pointclouds.py; rt_out/scripts/perception/README.md
rt_out/experiments/perception_rt_small_v0/reconstruction,directory,true,21560663,26,keep_main,keep,Container for the final labeled point clouds plus intermediate and diagnostic reconstructions.,,rt_out/experiments/perception_rt_small_v0/dataset_index/panoptic_dataset_index.csv; rt_out/experiments/perception_rt_small_v0/dataset_index/panoptic_dataset_index.json; rt_out/experiments/perception_rt_small_v0/dataset_index/panoptic_dataset_index_summary.json; rt_out/scripts/perception/90_cleanup_inventory_dry_run.py; rt_out/scripts/perception/README.md
rt_out/experiments/perception_rt_small_v0/reconstruction/labeled_colorized_pcl_sync,directory,true,21560663,26,keep_main,keep,Current main dataset product: final fully labeled RGB point clouds with fields x y z red green blue class_label instance_id.,python3 rt_out/scripts/perception/72_build_labeled_colorized_pointclouds.py --config rt_out/experiments/perception_rt_small_v0/configs/perception_dataset_config.json --sync-root rt_out/experiments/perception_rt_small_v0/perception_raw/native/sync_stable_instance_rgb_pcl --output-dir rt_out/experiments/perception_rt_small_v0/reconstruction/labeled_colorized_pcl_sync --force --pretty-json,rt_out/experiments/perception_rt_small_v0/dataset_index/panoptic_dataset_index.csv; rt_out/experiments/perception_rt_small_v0/dataset_index/panoptic_dataset_index.json; rt_out/experiments/perception_rt_small_v0/dataset_index/panoptic_dataset_index_summary.json; rt_out/scripts/perception/README.md
rt_out/experiments/perception_rt_small_v0/reconstruction/labeled_colorized_pcl_sync/frame_000,directory,true,7180894,8,keep_main,keep,Current main dataset product: final fully labeled RGB point clouds with fields x y z red green blue class_label instance_id.,python3 rt_out/scripts/perception/72_build_labeled_colorized_pointclouds.py --config rt_out/experiments/perception_rt_small_v0/configs/perception_dataset_config.json --sync-root rt_out/experiments/perception_rt_small_v0/perception_raw/native/sync_stable_instance_rgb_pcl --output-dir rt_out/experiments/perception_rt_small_v0/reconstruction/labeled_colorized_pcl_sync --force --pretty-json,rt_out/experiments/perception_rt_small_v0/dataset_index/panoptic_dataset_index.csv; rt_out/experiments/perception_rt_small_v0/dataset_index/panoptic_dataset_index.json
rt_out/experiments/perception_rt_small_v0/reconstruction/labeled_colorized_pcl_sync/frame_000/cam_corner_ne_labeled_colorized.ply,file,true,897610,,keep_main,keep,Current main dataset product: final fully labeled RGB point clouds with fields x y z red green blue class_label instance_id.,python3 rt_out/scripts/perception/72_build_labeled_colorized_pointclouds.py --config rt_out/experiments/perception_rt_small_v0/configs/perception_dataset_config.json --sync-root rt_out/experiments/perception_rt_small_v0/perception_raw/native/sync_stable_instance_rgb_pcl --output-dir rt_out/experiments/perception_rt_small_v0/reconstruction/labeled_colorized_pcl_sync --force --pretty-json,rt_out/experiments/perception_rt_small_v0/dataset_index/panoptic_dataset_index.csv; rt_out/experiments/perception_rt_small_v0/dataset_index/panoptic_dataset_index.json
rt_out/experiments/perception_rt_small_v0/reconstruction/labeled_colorized_pcl_sync/frame_000/cam_corner_nw_labeled_colorized.ply,file,true,900982,,keep_main,keep,Current main dataset product: final fully labeled RGB point clouds with fields x y z red green blue class_label instance_id.,python3 rt_out/scripts/perception/72_build_labeled_colorized_pointclouds.py --config rt_out/experiments/perception_rt_small_v0/configs/perception_dataset_config.json --sync-root rt_out/experiments/perception_rt_small_v0/perception_raw/native/sync_stable_instance_rgb_pcl --output-dir rt_out/experiments/perception_rt_small_v0/reconstruction/labeled_colorized_pcl_sync --force --pretty-json,rt_out/experiments/perception_rt_small_v0/dataset_index/panoptic_dataset_index.csv; rt_out/experiments/perception_rt_small_v0/dataset_index/panoptic_dataset_index.json
rt_out/experiments/perception_rt_small_v0/reconstruction/labeled_colorized_pcl_sync/frame_000/cam_corner_se_labeled_colorized.ply,file,true,900695,,keep_main,keep,Current main dataset product: final fully labeled RGB point clouds with fields x y z red green blue class_label instance_id.,python3 rt_out/scripts/perception/72_build_labeled_colorized_pointclouds.py --config rt_out/experiments/perception_rt_small_v0/configs/perception_dataset_config.json --sync-root rt_out/experiments/perception_rt_small_v0/perception_raw/native/sync_stable_instance_rgb_pcl --output-dir rt_out/experiments/perception_rt_small_v0/reconstruction/labeled_colorized_pcl_sync --force --pretty-json,rt_out/experiments/perception_rt_small_v0/dataset_index/panoptic_dataset_index.csv; rt_out/experiments/perception_rt_small_v0/dataset_index/panoptic_dataset_index.json
rt_out/experiments/perception_rt_small_v0/reconstruction/labeled_colorized_pcl_sync/frame_000/cam_corner_sw_labeled_colorized.ply,file,true,898711,,keep_main,keep,Current main dataset product: final fully labeled RGB point clouds with fields x y z red green blue class_label instance_id.,python3 rt_out/scripts/perception/72_build_labeled_colorized_pointclouds.py --config rt_out/experiments/perception_rt_small_v0/configs/perception_dataset_config.json --sync-root rt_out/experiments/perception_rt_small_v0/perception_raw/native/sync_stable_instance_rgb_pcl --output-dir rt_out/experiments/perception_rt_small_v0/reconstruction/labeled_colorized_pcl_sync --force --pretty-json,rt_out/experiments/perception_rt_small_v0/dataset_index/panoptic_dataset_index.csv; rt_out/experiments/perception_rt_small_v0/dataset_index/panoptic_dataset_index.json
rt_out/experiments/perception_rt_small_v0/reconstruction/labeled_colorized_pcl_sync/frame_000/cam_wall_east_labeled_colorized.ply,file,true,895734,,keep_main,keep,Current main dataset product: final fully labeled RGB point clouds with fields x y z red green blue class_label instance_id.,python3 rt_out/scripts/perception/72_build_labeled_colorized_pointclouds.py --config rt_out/experiments/perception_rt_small_v0/configs/perception_dataset_config.json --sync-root rt_out/experiments/perception_rt_small_v0/perception_raw/native/sync_stable_instance_rgb_pcl --output-dir rt_out/experiments/perception_rt_small_v0/reconstruction/labeled_colorized_pcl_sync --force --pretty-json,rt_out/experiments/perception_rt_small_v0/dataset_index/panoptic_dataset_index.csv; rt_out/experiments/perception_rt_small_v0/dataset_index/panoptic_dataset_index.json
rt_out/experiments/perception_rt_small_v0/reconstruction/labeled_colorized_pcl_sync/frame_000/cam_wall_north_labeled_colorized.ply,file,true,895727,,keep_main,keep,Current main dataset product: final fully labeled RGB point clouds with fields x y z red green blue class_label instance_id.,python3 rt_out/scripts/perception/72_build_labeled_colorized_pointclouds.py --config rt_out/experiments/perception_rt_small_v0/configs/perception_dataset_config.json --sync-root rt_out/experiments/perception_rt_small_v0/perception_raw/native/sync_stable_instance_rgb_pcl --output-dir rt_out/experiments/perception_rt_small_v0/reconstruction/labeled_colorized_pcl_sync --force --pretty-json,rt_out/experiments/perception_rt_small_v0/dataset_index/panoptic_dataset_index.csv; rt_out/experiments/perception_rt_small_v0/dataset_index/panoptic_dataset_index.json
rt_out/experiments/perception_rt_small_v0/reconstruction/labeled_colorized_pcl_sync/frame_000/cam_wall_south_labeled_colorized.ply,file,true,893363,,keep_main,keep,Current main dataset product: final fully labeled RGB point clouds with fields x y z red green blue class_label instance_id.,python3 rt_out/scripts/perception/72_build_labeled_colorized_pointclouds.py --config rt_out/experiments/perception_rt_small_v0/configs/perception_dataset_config.json --sync-root rt_out/experiments/perception_rt_small_v0/perception_raw/native/sync_stable_instance_rgb_pcl --output-dir rt_out/experiments/perception_rt_small_v0/reconstruction/labeled_colorized_pcl_sync --force --pretty-json,rt_out/experiments/perception_rt_small_v0/dataset_index/panoptic_dataset_index.csv; rt_out/experiments/perception_rt_small_v0/dataset_index/panoptic_dataset_index.json
rt_out/experiments/perception_rt_small_v0/reconstruction/labeled_colorized_pcl_sync/frame_000/cam_wall_west_labeled_colorized.ply,file,true,898072,,keep_main,keep,Current main dataset product: final fully labeled RGB point clouds with fields x y z red green blue class_label instance_id.,python3 rt_out/scripts/perception/72_build_labeled_colorized_pointclouds.py --config rt_out/experiments/perception_rt_small_v0/configs/perception_dataset_config.json --sync-root rt_out/experiments/perception_rt_small_v0/perception_raw/native/sync_stable_instance_rgb_pcl --output-dir rt_out/experiments/perception_rt_small_v0/reconstruction/labeled_colorized_pcl_sync --force --pretty-json,rt_out/experiments/perception_rt_small_v0/dataset_index/panoptic_dataset_index.csv; rt_out/experiments/perception_rt_small_v0/dataset_index/panoptic_dataset_index.json
rt_out/experiments/perception_rt_small_v0/reconstruction/labeled_colorized_pcl_sync/frame_001,directory,true,7180897,8,keep_main,keep,Current main dataset product: final fully labeled RGB point clouds with fields x y z red green blue class_label instance_id.,python3 rt_out/scripts/perception/72_build_labeled_colorized_pointclouds.py --config rt_out/experiments/perception_rt_small_v0/configs/perception_dataset_config.json --sync-root rt_out/experiments/perception_rt_small_v0/perception_raw/native/sync_stable_instance_rgb_pcl --output-dir rt_out/experiments/perception_rt_small_v0/reconstruction/labeled_colorized_pcl_sync --force --pretty-json,rt_out/experiments/perception_rt_small_v0/dataset_index/panoptic_dataset_index.csv; rt_out/experiments/perception_rt_small_v0/dataset_index/panoptic_dataset_index.json
rt_out/experiments/perception_rt_small_v0/reconstruction/labeled_colorized_pcl_sync/frame_001/cam_corner_ne_labeled_colorized.ply,file,true,897638,,keep_main,keep,Current main dataset product: final fully labeled RGB point clouds with fields x y z red green blue class_label instance_id.,python3 rt_out/scripts/perception/72_build_labeled_colorized_pointclouds.py --config rt_out/experiments/perception_rt_small_v0/configs/perception_dataset_config.json --sync-root rt_out/experiments/perception_rt_small_v0/perception_raw/native/sync_stable_instance_rgb_pcl --output-dir rt_out/experiments/perception_rt_small_v0/reconstruction/labeled_colorized_pcl_sync --force --pretty-json,rt_out/experiments/perception_rt_small_v0/dataset_index/panoptic_dataset_index.csv; rt_out/experiments/perception_rt_small_v0/dataset_index/panoptic_dataset_index.json
rt_out/experiments/perception_rt_small_v0/reconstruction/labeled_colorized_pcl_sync/frame_001/cam_corner_nw_labeled_colorized.ply,file,true,900971,,keep_main,keep,Current main dataset product: final fully labeled RGB point clouds with fields x y z red green blue class_label instance_id.,python3 rt_out/scripts/perception/72_build_labeled_colorized_pointclouds.py --config rt_out/experiments/perception_rt_small_v0/configs/perception_dataset_config.json --sync-root rt_out/experiments/perception_rt_small_v0/perception_raw/native/sync_stable_instance_rgb_pcl --output-dir rt_out/experiments/perception_rt_small_v0/reconstruction/labeled_colorized_pcl_sync --force --pretty-json,rt_out/experiments/perception_rt_small_v0/dataset_index/panoptic_dataset_index.csv; rt_out/experiments/perception_rt_small_v0/dataset_index/panoptic_dataset_index.json
rt_out/experiments/perception_rt_small_v0/reconstruction/labeled_colorized_pcl_sync/frame_001/cam_corner_se_labeled_colorized.ply,file,true,900695,,keep_main,keep,Current main dataset product: final fully labeled RGB point clouds with fields x y z red green blue class_label instance_id.,python3 rt_out/scripts/perception/72_build_labeled_colorized_pointclouds.py --config rt_out/experiments/perception_rt_small_v0/configs/perception_dataset_config.json --sync-root rt_out/experiments/perception_rt_small_v0/perception_raw/native/sync_stable_instance_rgb_pcl --output-dir rt_out/experiments/perception_rt_small_v0/reconstruction/labeled_colorized_pcl_sync --force --pretty-json,rt_out/experiments/perception_rt_small_v0/dataset_index/panoptic_dataset_index.csv; rt_out/experiments/perception_rt_small_v0/dataset_index/panoptic_dataset_index.json
rt_out/experiments/perception_rt_small_v0/reconstruction/labeled_colorized_pcl_sync/frame_001/cam_corner_sw_labeled_colorized.ply,file,true,898731,,keep_main,keep,Current main dataset product: final fully labeled RGB point clouds with fields x y z red green blue class_label instance_id.,python3 rt_out/scripts/perception/72_build_labeled_colorized_pointclouds.py --config rt_out/experiments/perception_rt_small_v0/configs/perception_dataset_config.json --sync-root rt_out/experiments/perception_rt_small_v0/perception_raw/native/sync_stable_instance_rgb_pcl --output-dir rt_out/experiments/perception_rt_small_v0/reconstruction/labeled_colorized_pcl_sync --force --pretty-json,rt_out/experiments/perception_rt_small_v0/dataset_index/panoptic_dataset_index.csv; rt_out/experiments/perception_rt_small_v0/dataset_index/panoptic_dataset_index.json
rt_out/experiments/perception_rt_small_v0/reconstruction/labeled_colorized_pcl_sync/frame_001/cam_wall_east_labeled_colorized.ply,file,true,895729,,keep_main,keep,Current main dataset product: final fully labeled RGB point clouds with fields x y z red green blue class_label instance_id.,python3 rt_out/scripts/perception/72_build_labeled_colorized_pointclouds.py --config rt_out/experiments/perception_rt_small_v0/configs/perception_dataset_config.json --sync-root rt_out/experiments/perception_rt_small_v0/perception_raw/native/sync_stable_instance_rgb_pcl --output-dir rt_out/experiments/perception_rt_small_v0/reconstruction/labeled_colorized_pcl_sync --force --pretty-json,rt_out/experiments/perception_rt_small_v0/dataset_index/panoptic_dataset_index.csv; rt_out/experiments/perception_rt_small_v0/dataset_index/panoptic_dataset_index.json
rt_out/experiments/perception_rt_small_v0/reconstruction/labeled_colorized_pcl_sync/frame_001/cam_wall_north_labeled_colorized.ply,file,true,895683,,keep_main,keep,Current main dataset product: final fully labeled RGB point clouds with fields x y z red green blue class_label instance_id.,python3 rt_out/scripts/perception/72_build_labeled_colorized_pointclouds.py --config rt_out/experiments/perception_rt_small_v0/configs/perception_dataset_config.json --sync-root rt_out/experiments/perception_rt_small_v0/perception_raw/native/sync_stable_instance_rgb_pcl --output-dir rt_out/experiments/perception_rt_small_v0/reconstruction/labeled_colorized_pcl_sync --force --pretty-json,rt_out/experiments/perception_rt_small_v0/dataset_index/panoptic_dataset_index.csv; rt_out/experiments/perception_rt_small_v0/dataset_index/panoptic_dataset_index.json
rt_out/experiments/perception_rt_small_v0/reconstruction/labeled_colorized_pcl_sync/frame_001/cam_wall_south_labeled_colorized.ply,file,true,893386,,keep_main,keep,Current main dataset product: final fully labeled RGB point clouds with fields x y z red green blue class_label instance_id.,python3 rt_out/scripts/perception/72_build_labeled_colorized_pointclouds.py --config rt_out/experiments/perception_rt_small_v0/configs/perception_dataset_config.json --sync-root rt_out/experiments/perception_rt_small_v0/perception_raw/native/sync_stable_instance_rgb_pcl --output-dir rt_out/experiments/perception_rt_small_v0/reconstruction/labeled_colorized_pcl_sync --force --pretty-json,rt_out/experiments/perception_rt_small_v0/dataset_index/panoptic_dataset_index.csv; rt_out/experiments/perception_rt_small_v0/dataset_index/panoptic_dataset_index.json
rt_out/experiments/perception_rt_small_v0/reconstruction/labeled_colorized_pcl_sync/frame_001/cam_wall_west_labeled_colorized.ply,file,true,898064,,keep_main,keep,Current main dataset product: final fully labeled RGB point clouds with fields x y z red green blue class_label instance_id.,python3 rt_out/scripts/perception/72_build_labeled_colorized_pointclouds.py --config rt_out/experiments/perception_rt_small_v0/configs/perception_dataset_config.json --sync-root rt_out/experiments/perception_rt_small_v0/perception_raw/native/sync_stable_instance_rgb_pcl --output-dir rt_out/experiments/perception_rt_small_v0/reconstruction/labeled_colorized_pcl_sync --force --pretty-json,rt_out/experiments/perception_rt_small_v0/dataset_index/panoptic_dataset_index.csv; rt_out/experiments/perception_rt_small_v0/dataset_index/panoptic_dataset_index.json
rt_out/experiments/perception_rt_small_v0/reconstruction/labeled_colorized_pcl_sync/frame_002,directory,true,7180927,8,keep_main,keep,Current main dataset product: final fully labeled RGB point clouds with fields x y z red green blue class_label instance_id.,python3 rt_out/scripts/perception/72_build_labeled_colorized_pointclouds.py --config rt_out/experiments/perception_rt_small_v0/configs/perception_dataset_config.json --sync-root rt_out/experiments/perception_rt_small_v0/perception_raw/native/sync_stable_instance_rgb_pcl --output-dir rt_out/experiments/perception_rt_small_v0/reconstruction/labeled_colorized_pcl_sync --force --pretty-json,rt_out/experiments/perception_rt_small_v0/dataset_index/panoptic_dataset_index.csv; rt_out/experiments/perception_rt_small_v0/dataset_index/panoptic_dataset_index.json
rt_out/experiments/perception_rt_small_v0/reconstruction/labeled_colorized_pcl_sync/frame_002/cam_corner_ne_labeled_colorized.ply,file,true,897677,,keep_main,keep,Current main dataset product: final fully labeled RGB point clouds with fields x y z red green blue class_label instance_id.,python3 rt_out/scripts/perception/72_build_labeled_colorized_pointclouds.py --config rt_out/experiments/perception_rt_small_v0/configs/perception_dataset_config.json --sync-root rt_out/experiments/perception_rt_small_v0/perception_raw/native/sync_stable_instance_rgb_pcl --output-dir rt_out/experiments/perception_rt_small_v0/reconstruction/labeled_colorized_pcl_sync --force --pretty-json,rt_out/experiments/perception_rt_small_v0/dataset_index/panoptic_dataset_index.csv; rt_out/experiments/perception_rt_small_v0/dataset_index/panoptic_dataset_index.json
rt_out/experiments/perception_rt_small_v0/reconstruction/labeled_colorized_pcl_sync/frame_002/cam_corner_nw_labeled_colorized.ply,file,true,900951,,keep_main,keep,Current main dataset product: final fully labeled RGB point clouds with fields x y z red green blue class_label instance_id.,python3 rt_out/scripts/perception/72_build_labeled_colorized_pointclouds.py --config rt_out/experiments/perception_rt_small_v0/configs/perception_dataset_config.json --sync-root rt_out/experiments/perception_rt_small_v0/perception_raw/native/sync_stable_instance_rgb_pcl --output-dir rt_out/experiments/perception_rt_small_v0/reconstruction/labeled_colorized_pcl_sync --force --pretty-json,rt_out/experiments/perception_rt_small_v0/dataset_index/panoptic_dataset_index.csv; rt_out/experiments/perception_rt_small_v0/dataset_index/panoptic_dataset_index.json
rt_out/experiments/perception_rt_small_v0/reconstruction/labeled_colorized_pcl_sync/frame_002/cam_corner_se_labeled_colorized.ply,file,true,900669,,keep_main,keep,Current main dataset product: final fully labeled RGB point clouds with fields x y z red green blue class_label instance_id.,python3 rt_out/scripts/perception/72_build_labeled_colorized_pointclouds.py --config rt_out/experiments/perception_rt_small_v0/configs/perception_dataset_config.json --sync-root rt_out/experiments/perception_rt_small_v0/perception_raw/native/sync_stable_instance_rgb_pcl --output-dir rt_out/experiments/perception_rt_small_v0/reconstruction/labeled_colorized_pcl_sync --force --pretty-json,rt_out/experiments/perception_rt_small_v0/dataset_index/panoptic_dataset_index.csv; rt_out/experiments/perception_rt_small_v0/dataset_index/panoptic_dataset_index.json
rt_out/experiments/perception_rt_small_v0/reconstruction/labeled_colorized_pcl_sync/frame_002/cam_corner_sw_labeled_colorized.ply,file,true,898755,,keep_main,keep,Current main dataset product: final fully labeled RGB point clouds with fields x y z red green blue class_label instance_id.,python3 rt_out/scripts/perception/72_build_labeled_colorized_pointclouds.py --config rt_out/experiments/perception_rt_small_v0/configs/perception_dataset_config.json --sync-root rt_out/experiments/perception_rt_small_v0/perception_raw/native/sync_stable_instance_rgb_pcl --output-dir rt_out/experiments/perception_rt_small_v0/reconstruction/labeled_colorized_pcl_sync --force --pretty-json,rt_out/experiments/perception_rt_small_v0/dataset_index/panoptic_dataset_index.csv; rt_out/experiments/perception_rt_small_v0/dataset_index/panoptic_dataset_index.json
rt_out/experiments/perception_rt_small_v0/reconstruction/labeled_colorized_pcl_sync/frame_002/cam_wall_east_labeled_colorized.ply,file,true,895719,,keep_main,keep,Current main dataset product: final fully labeled RGB point clouds with fields x y z red green blue class_label instance_id.,python3 rt_out/scripts/perception/72_build_labeled_colorized_pointclouds.py --config rt_out/experiments/perception_rt_small_v0/configs/perception_dataset_config.json --sync-root rt_out/experiments/perception_rt_small_v0/perception_raw/native/sync_stable_instance_rgb_pcl --output-dir rt_out/experiments/perception_rt_small_v0/reconstruction/labeled_colorized_pcl_sync --force --pretty-json,rt_out/experiments/perception_rt_small_v0/dataset_index/panoptic_dataset_index.csv; rt_out/experiments/perception_rt_small_v0/dataset_index/panoptic_dataset_index.json
rt_out/experiments/perception_rt_small_v0/reconstruction/labeled_colorized_pcl_sync/frame_002/cam_wall_north_labeled_colorized.ply,file,true,895684,,keep_main,keep,Current main dataset product: final fully labeled RGB point clouds with fields x y z red green blue class_label instance_id.,python3 rt_out/scripts/perception/72_build_labeled_colorized_pointclouds.py --config rt_out/experiments/perception_rt_small_v0/configs/perception_dataset_config.json --sync-root rt_out/experiments/perception_rt_small_v0/perception_raw/native/sync_stable_instance_rgb_pcl --output-dir rt_out/experiments/perception_rt_small_v0/reconstruction/labeled_colorized_pcl_sync --force --pretty-json,rt_out/experiments/perception_rt_small_v0/dataset_index/panoptic_dataset_index.csv; rt_out/experiments/perception_rt_small_v0/dataset_index/panoptic_dataset_index.json
rt_out/experiments/perception_rt_small_v0/reconstruction/labeled_colorized_pcl_sync/frame_002/cam_wall_south_labeled_colorized.ply,file,true,893385,,keep_main,keep,Current main dataset product: final fully labeled RGB point clouds with fields x y z red green blue class_label instance_id.,python3 rt_out/scripts/perception/72_build_labeled_colorized_pointclouds.py --config rt_out/experiments/perception_rt_small_v0/configs/perception_dataset_config.json --sync-root rt_out/experiments/perception_rt_small_v0/perception_raw/native/sync_stable_instance_rgb_pcl --output-dir rt_out/experiments/perception_rt_small_v0/reconstruction/labeled_colorized_pcl_sync --force --pretty-json,rt_out/experiments/perception_rt_small_v0/dataset_index/panoptic_dataset_index.csv; rt_out/experiments/perception_rt_small_v0/dataset_index/panoptic_dataset_index.json
rt_out/experiments/perception_rt_small_v0/reconstruction/labeled_colorized_pcl_sync/frame_002/cam_wall_west_labeled_colorized.ply,file,true,898087,,keep_main,keep,Current main dataset product: final fully labeled RGB point clouds with fields x y z red green blue class_label instance_id.,python3 rt_out/scripts/perception/72_build_labeled_colorized_pointclouds.py --config rt_out/experiments/perception_rt_small_v0/configs/perception_dataset_config.json --sync-root rt_out/experiments/perception_rt_small_v0/perception_raw/native/sync_stable_instance_rgb_pcl --output-dir rt_out/experiments/perception_rt_small_v0/reconstruction/labeled_colorized_pcl_sync --force --pretty-json,rt_out/experiments/perception_rt_small_v0/dataset_index/panoptic_dataset_index.csv; rt_out/experiments/perception_rt_small_v0/dataset_index/panoptic_dataset_index.json
rt_out/experiments/perception_rt_small_v0/reconstruction/labeled_colorized_pcl_sync/labeled_colorized_pcl_index.csv,file,true,16722,,keep_main,keep,Current main dataset product: final fully labeled RGB point clouds with fields x y z red green blue class_label instance_id.,python3 rt_out/scripts/perception/72_build_labeled_colorized_pointclouds.py --config rt_out/experiments/perception_rt_small_v0/configs/perception_dataset_config.json --sync-root rt_out/experiments/perception_rt_small_v0/perception_raw/native/sync_stable_instance_rgb_pcl --output-dir rt_out/experiments/perception_rt_small_v0/reconstruction/labeled_colorized_pcl_sync --force --pretty-json,rt_out/experiments/perception_rt_small_v0/dataset_index/panoptic_dataset_index_summary.json; rt_out/scripts/perception/65_build_panoptic_dataset_index.py; rt_out/scripts/perception/72_build_labeled_colorized_pointclouds.py; rt_out/scripts/perception/73_validate_labeled_colorized_pointclouds.py
rt_out/experiments/perception_rt_small_v0/reconstruction/labeled_colorized_pcl_sync/labeled_colorized_pcl_summary.json,file,true,1223,,keep_main,keep,Current main dataset product: final fully labeled RGB point clouds with fields x y z red green blue class_label instance_id.,python3 rt_out/scripts/perception/72_build_labeled_colorized_pointclouds.py --config rt_out/experiments/perception_rt_small_v0/configs/perception_dataset_config.json --sync-root rt_out/experiments/perception_rt_small_v0/perception_raw/native/sync_stable_instance_rgb_pcl --output-dir rt_out/experiments/perception_rt_small_v0/reconstruction/labeled_colorized_pcl_sync --force --pretty-json,rt_out/experiments/perception_rt_small_v0/dataset_index/panoptic_dataset_index_summary.json; rt_out/scripts/perception/65_build_panoptic_dataset_index.py; rt_out/scripts/perception/72_build_labeled_colorized_pointclouds.py; rt_out/scripts/perception/73_validate_labeled_colorized_pointclouds.py
rt_out/experiments/perception_rt_small_v0/validation,directory,true,104661,17,keep_main,keep,Validation root containing central pass/fail evidence plus diagnostic reports.,,rt_out/experiments/perception_rt_small_v0/dataset_index/panoptic_dataset_index_summary.json; rt_out/scripts/perception/README.md
rt_out/experiments/perception_rt_small_v0/validation/instance_registry_review.csv,file,true,3658,,keep_validated_output,keep,Panoptic validation and registry-review evidence for the active pilot.,python3 rt_out/scripts/perception/64_validate_panoptic_capture.py --config rt_out/experiments/perception_rt_small_v0/configs/perception_dataset_config.json --zero-threshold 0.01,rt_out/scripts/perception/61_build_perception_instance_registry.py; rt_out/scripts/perception/90_cleanup_inventory_dry_run.py
rt_out/experiments/perception_rt_small_v0/validation/labeled_colorized_pcl_invalid_rows.csv,file,true,71,,keep_validated_output,keep,Validation evidence for the final fully labeled RGB point-cloud dataset product.,python3 rt_out/scripts/perception/73_validate_labeled_colorized_pointclouds.py --config rt_out/experiments/perception_rt_small_v0/configs/perception_dataset_config.json --labeled-root rt_out/experiments/perception_rt_small_v0/reconstruction/labeled_colorized_pcl_sync --expected-cloud-count 24 --min-points-per-cloud 1000,rt_out/scripts/perception/65_build_panoptic_dataset_index.py; rt_out/scripts/perception/73_validate_labeled_colorized_pointclouds.py; rt_out/scripts/perception/90_cleanup_inventory_dry_run.py; rt_out/scripts/perception/README.md
rt_out/experiments/perception_rt_small_v0/validation/labeled_colorized_pcl_validation_summary.json,file,true,950,,keep_validated_output,keep,Validation evidence for the final fully labeled RGB point-cloud dataset product.,python3 rt_out/scripts/perception/73_validate_labeled_colorized_pointclouds.py --config rt_out/experiments/perception_rt_small_v0/configs/perception_dataset_config.json --labeled-root rt_out/experiments/perception_rt_small_v0/reconstruction/labeled_colorized_pcl_sync --expected-cloud-count 24 --min-points-per-cloud 1000,rt_out/experiments/perception_rt_small_v0/dataset_index/panoptic_dataset_index_summary.json; rt_out/scripts/perception/65_build_panoptic_dataset_index.py; rt_out/scripts/perception/73_validate_labeled_colorized_pointclouds.py; rt_out/scripts/perception/90_cleanup_inventory_dry_run.py; rt_out/scripts/perception/README.md
rt_out/experiments/perception_rt_small_v0/validation/native_segmentation_invalid_pixels.csv,file,true,2313,,diagnostic_keep,keep_for_now,Supplementary panoptic validation diagnostics; useful for inspection but not required by the active final pipeline.,python3 rt_out/scripts/perception/64_validate_panoptic_capture.py --config rt_out/experiments/perception_rt_small_v0/configs/perception_dataset_config.json --zero-threshold 0.01 --write-diagnostics,rt_out/scripts/perception/64_validate_panoptic_capture.py; rt_out/scripts/perception/90_cleanup_inventory_dry_run.py; rt_out/scripts/perception/README.md
rt_out/experiments/perception_rt_small_v0/validation/native_segmentation_label_histograms.csv,file,true,41392,,diagnostic_keep,keep_for_now,Supplementary panoptic validation diagnostics; useful for inspection but not required by the active final pipeline.,python3 rt_out/scripts/perception/64_validate_panoptic_capture.py --config rt_out/experiments/perception_rt_small_v0/configs/perception_dataset_config.json --zero-threshold 0.01 --write-diagnostics,rt_out/scripts/perception/64_validate_panoptic_capture.py; rt_out/scripts/perception/90_cleanup_inventory_dry_run.py; rt_out/scripts/perception/README.md
rt_out/experiments/perception_rt_small_v0/validation/native_segmentation_validation_summary.json,file,true,42065,,keep_validated_output,keep,Panoptic validation and registry-review evidence for the active pilot.,python3 rt_out/scripts/perception/64_validate_panoptic_capture.py --config rt_out/experiments/perception_rt_small_v0/configs/perception_dataset_config.json --zero-threshold 0.01,docs/script_reference.md; rt_out/scripts/perception/64_validate_panoptic_capture.py; rt_out/scripts/perception/90_cleanup_inventory_dry_run.py; rt_out/scripts/perception/README.md
rt_out/experiments/perception_rt_small_v0/validation/rgbd_validity_masks,directory,true,11916,9,unknown_review_required,review_required,Path was not matched confidently to the current conservative inventory rules.,,
rt_out/experiments/perception_rt_small_v0/validation/rgbd_validity_masks/cam_corner_ne,directory,true,4014,3,unknown_review_required,review_required,Path was not matched confidently to the current conservative inventory rules.,,
rt_out/experiments/perception_rt_small_v0/validation/rgbd_validity_masks/cam_corner_ne/depth_validity_mask_000000.png,file,true,1338,,unknown_review_required,review_required,Path was not matched confidently to the current conservative inventory rules.,,
rt_out/experiments/perception_rt_small_v0/validation/rgbd_validity_masks/cam_corner_ne/depth_validity_mask_000001.png,file,true,1338,,unknown_review_required,review_required,Path was not matched confidently to the current conservative inventory rules.,,
rt_out/experiments/perception_rt_small_v0/validation/rgbd_validity_masks/cam_corner_ne/depth_validity_mask_000002.png,file,true,1338,,unknown_review_required,review_required,Path was not matched confidently to the current conservative inventory rules.,,
rt_out/experiments/perception_rt_small_v0/validation/rgbd_validity_masks/cam_corner_nw,directory,true,4002,3,unknown_review_required,review_required,Path was not matched confidently to the current conservative inventory rules.,,
rt_out/experiments/perception_rt_small_v0/validation/rgbd_validity_masks/cam_corner_nw/depth_validity_mask_000000.png,file,true,1334,,unknown_review_required,review_required,Path was not matched confidently to the current conservative inventory rules.,,
rt_out/experiments/perception_rt_small_v0/validation/rgbd_validity_masks/cam_corner_nw/depth_validity_mask_000001.png,file,true,1334,,unknown_review_required,review_required,Path was not matched confidently to the current conservative inventory rules.,,
rt_out/experiments/perception_rt_small_v0/validation/rgbd_validity_masks/cam_corner_nw/depth_validity_mask_000002.png,file,true,1334,,unknown_review_required,review_required,Path was not matched confidently to the current conservative inventory rules.,,
rt_out/experiments/perception_rt_small_v0/validation/rgbd_validity_masks/cam_wall_north,directory,true,3900,3,unknown_review_required,review_required,Path was not matched confidently to the current conservative inventory rules.,,
rt_out/experiments/perception_rt_small_v0/validation/rgbd_validity_masks/cam_wall_north/depth_validity_mask_000000.png,file,true,1300,,unknown_review_required,review_required,Path was not matched confidently to the current conservative inventory rules.,,
rt_out/experiments/perception_rt_small_v0/validation/rgbd_validity_masks/cam_wall_north/depth_validity_mask_000001.png,file,true,1300,,unknown_review_required,review_required,Path was not matched confidently to the current conservative inventory rules.,,
rt_out/experiments/perception_rt_small_v0/validation/rgbd_validity_masks/cam_wall_north/depth_validity_mask_000002.png,file,true,1300,,unknown_review_required,review_required,Path was not matched confidently to the current conservative inventory rules.,,
rt_out/experiments/perception_rt_small_v0/validation/sync_stable_instance_rgb_pcl_capture_validation_summary.json,file,true,2161,,keep_validated_output,keep,Validation evidence for the synchronized stable-instance label plus RGB/PCL capture path.,python3 rt_out/scripts/perception/71_validate_synchronized_stable_instance_rgb_pcl_capture.py --config rt_out/experiments/perception_rt_small_v0/configs/perception_dataset_config.json --expected-groups-per-camera 3 --min-points-per-cloud 1000 --max-sync-delta-ms 50,rt_out/experiments/perception_rt_small_v0/dataset_index/panoptic_dataset_index_summary.json; rt_out/scripts/perception/65_build_panoptic_dataset_index.py; rt_out/scripts/perception/71_validate_synchronized_stable_instance_rgb_pcl_capture.py; rt_out/scripts/perception/90_cleanup_inventory_dry_run.py; rt_out/scripts/perception/README.md
rt_out/experiments/perception_rt_small_v0/validation/sync_stable_instance_rgb_pcl_invalid_rows.csv,file,true,135,,keep_validated_output,keep,Validation evidence for the synchronized stable-instance label plus RGB/PCL capture path.,python3 rt_out/scripts/perception/71_validate_synchronized_stable_instance_rgb_pcl_capture.py --config rt_out/experiments/perception_rt_small_v0/configs/perception_dataset_config.json --expected-groups-per-camera 3 --min-points-per-cloud 1000 --max-sync-delta-ms 50,rt_out/scripts/perception/71_validate_synchronized_stable_instance_rgb_pcl_capture.py; rt_out/scripts/perception/90_cleanup_inventory_dry_run.py; rt_out/scripts/perception/README.md
