frame_id,source_sample_index,rx_id,xml_path,tx_power_dbm,tx_x,tx_y,tx_z,rx_x,rx_y,rx_z,frequency_hz,num_paths,tau_min,tau_max,delay_spread,path_gain_sum,path_gain_db,rx_power_dbm,gain_method,gain_error,a_shape,tau_cir_shape,valid_shape,tau_shape,gain_debug,sanity_ok,error_message
0,0,rx_panda_base,/home/telilab4090/Documents/Gazebo World/my_world/rt_out/experiments/semantic_ablation_actor_200f/sionna_xml/frame_000_sionna.xml,30.0,0.0,0.0,2.4,0.582,0.888,1.195,28000000000.0,22,1.0643356418427175e-08,6.284866316264015e-08,5.2205306744212976e-08,1.9107138093943377e-09,-87.18804357585817,-57.188043575858174,cir_coefficients_tau_mask,,"[1, 1, 1, 1, 22, 1]","[1, 1, 22]","[1, 1, 22]","[1, 1, 22]",,True,
0,0,rx_ur5_base,/home/telilab4090/Documents/Gazebo World/my_world/rt_out/experiments/semantic_ablation_actor_200f/sionna_xml/frame_000_sionna.xml,30.0,0.0,0.0,2.4,0.497,-0.841,0.995,28000000000.0,19,5.708055805797585e-09,5.930293767164585e-08,5.3594881865848265e-08,6.884288836772612e-07,-61.62140916731317,-31.621409167313168,cir_coefficients_tau_mask,,"[1, 1, 1, 1, 19, 1]","[1, 1, 19]","[1, 1, 19]","[1, 1, 19]",,True,
0,0,rx_cerberus_base,/home/telilab4090/Documents/Gazebo World/my_world/rt_out/experiments/semantic_ablation_actor_200f/sionna_xml/frame_000_sionna.xml,30.0,0.0,0.0,2.4,4.074,-1.779,0.81,28000000000.0,17,1.574846919538686e-08,5.723669715962387e-08,4.148822796423701e-08,3.615688370928183e-08,-74.41809007571236,-44.41809007571236,cir_coefficients_tau_mask,,"[1, 1, 1, 1, 17, 1]","[1, 1, 17]","[1, 1, 17]","[1, 1, 17]",,True,
0,0,rx_nao_chest,/home/telilab4090/Documents/Gazebo World/my_world/rt_out/experiments/semantic_ablation_actor_200f/sionna_xml/frame_000_sionna.xml,30.0,0.0,0.0,2.4,-0.1337,2.748,0.7,28000000000.0,20,1.0787783999433032e-08,6.209720737615498e-08,5.130942337672195e-08,7.232826959580052e-08,-71.4069192497595,-41.4069192497595,cir_coefficients_tau_mask,,"[1, 1, 1, 1, 20, 1]","[1, 1, 20]","[1, 1, 20]","[1, 1, 20]",,True,
0,0,rx_human_chest,/home/telilab4090/Documents/Gazebo World/my_world/rt_out/experiments/semantic_ablation_actor_200f/sionna_xml/frame_000_sionna.xml,30.0,0.0,0.0,2.4,-1.4605,-0.8406,1.6421,28000000000.0,21,6.163341392806387e-09,6.431429255826515e-08,5.8150951165458764e-08,2.240194589830935e-07,-66.49714255942916,-36.497142559429165,cir_coefficients_tau_mask,,"[1, 1, 1, 1, 21, 1]","[1, 1, 21]","[1, 1, 21]","[1, 1, 21]",,True,
0,0,rx_x500_body,/home/telilab4090/Documents/Gazebo World/my_world/rt_out/experiments/semantic_ablation_actor_200f/sionna_xml/frame_000_sionna.xml,30.0,0.0,0.0,2.4,-3.9279,3.2024,1.3944,28000000000.0,23,1.7234324189985273e-08,7.465505547088469e-08,5.742073128089942e-08,3.372388945876992e-08,-74.72062342912375,-44.72062342912375,cir_coefficients_tau_mask,,"[1, 1, 1, 1, 23, 1]","[1, 1, 23]","[1, 1, 23]","[1, 1, 23]",,True,
1,257,rx_panda_base,/home/telilab4090/Documents/Gazebo World/my_world/rt_out/experiments/semantic_ablation_actor_200f/sionna_xml/frame_001_sionna.xml,30.0,0.0,0.0,2.4,0.582,0.888,1.195,28000000000.0,22,1.0643357306605594e-08,6.284866316264015e-08,5.2205305856034556e-08,1.9107146975727574e-09,-87.18804155707915,-57.188041557079146,cir_coefficients_tau_mask,,"[1, 1, 1, 1, 22, 1]","[1, 1, 22]","[1, 1, 22]","[1, 1, 22]",,True,
1,257,rx_ur5_base,/home/telilab4090/Documents/Gazebo World/my_world/rt_out/experiments/semantic_ablation_actor_200f/sionna_xml/frame_001_sionna.xml,30.0,0.0,0.0,2.4,0.497,-0.841,0.995,28000000000.0,15,5.708055805797585e-09,5.930293767164585e-08,5.3594881865848265e-08,6.875650910842523e-07,-61.626861813368485,-31.626861813368485,cir_coefficients_tau_mask,,"[1, 1, 1, 1, 15, 1]","[1, 1, 15]","[1, 1, 15]","[1, 1, 15]",,True,
1,257,rx_cerberus_base,/home/telilab4090/Documents/Gazebo World/my_world/rt_out/experiments/semantic_ablation_actor_200f/sionna_xml/frame_001_sionna.xml,30.0,0.0,0.0,2.4,4.074,-1.779,0.81,28000000000.0,17,1.574846919538686e-08,5.723669715962387e-08,4.148822796423701e-08,3.615688370928183e-08,-74.41809007571236,-44.41809007571236,cir_coefficients_tau_mask,,"[1, 1, 1, 1, 17, 1]","[1, 1, 17]","[1, 1, 17]","[1, 1, 17]",,True,
1,257,rx_nao_chest,/home/telilab4090/Documents/Gazebo World/my_world/rt_out/experiments/semantic_ablation_actor_200f/sionna_xml/frame_001_sionna.xml,30.0,0.0,0.0,2.4,-0.1337,2.748,0.7,28000000000.0,22,1.0787783999433032e-08,6.209720737615498e-08,5.130942337672195e-08,7.234464760585979e-08,-71.40593594485887,-41.40593594485887,cir_coefficients_tau_mask,,"[1, 1, 1, 1, 22, 1]","[1, 1, 22]","[1, 1, 22]","[1, 1, 22]",,True,
1,257,rx_human_chest,/home/telilab4090/Documents/Gazebo World/my_world/rt_out/experiments/semantic_ablation_actor_200f/sionna_xml/frame_001_sionna.xml,30.0,0.0,0.0,2.4,-1.4605,-0.8406,1.6421,28000000000.0,21,6.163341392806387e-09,6.431429255826515e-08,5.8150951165458764e-08,2.240194589830935e-07,-66.49714255942916,-36.497142559429165,cir_coefficients_tau_mask,,"[1, 1, 1, 1, 21, 1]","[1, 1, 21]","[1, 1, 21]","[1, 1, 21]",,True,
1,257,rx_x500_body,/home/telilab4090/Documents/Gazebo World/my_world/rt_out/experiments/semantic_ablation_actor_200f/sionna_xml/frame_001_sionna.xml,30.0,0.0,0.0,2.4,-3.9279,3.2024,1.3944,28000000000.0,23,1.7234324189985273e-08,7.465505547088469e-08,5.742073128089942e-08,3.372388945876992e-08,-74.72062342912375,-44.72062342912375,cir_coefficients_tau_mask,,"[1, 1, 1, 1, 23, 1]","[1, 1, 23]","[1, 1, 23]","[1, 1, 23]",,True,
2,514,rx_panda_base,/home/telilab4090/Documents/Gazebo World/my_world/rt_out/experiments/semantic_ablation_actor_200f/sionna_xml/frame_002_sionna.xml,30.0,0.0,0.0,2.4,0.582,0.888,1.195,28000000000.0,22,1.0643356418427175e-08,6.284866316264015e-08,5.2205306744212976e-08,1.9107144755281524e-09,-87.18804206177381,-57.188042061773814,cir_coefficients_tau_mask,,"[1, 1, 1, 1, 22, 1]","[1, 1, 22]","[1, 1, 22]","[1, 1, 22]",,True,
2,514,rx_ur5_base,/home/telilab4090/Documents/Gazebo World/my_world/rt_out/experiments/semantic_ablation_actor_200f/sionna_xml/frame_002_sionna.xml,30.0,0.0,0.0,2.4,0.497,-0.841,0.995,28000000000.0,17,5.708055805797585e-09,5.930293767164585e-08,5.3594881865848265e-08,6.882079333081492e-07,-61.62280325362148,-31.622803253621477,cir_coefficients_tau_mask,,"[1, 1, 1, 1, 17, 1]","[1, 1, 17]","[1, 1, 17]","[1, 1, 17]",,True,
2,514,rx_cerberus_base,/home/telilab4090/Documents/Gazebo World/my_world/rt_out/experiments/semantic_ablation_actor_200f/sionna_xml/frame_002_sionna.xml,30.0,0.0,0.0,2.4,4.074,-1.779,0.81,28000000000.0,17,1.574846919538686e-08,5.723669715962387e-08,4.148822796423701e-08,3.615688015656815e-08,-74.41809050244272,-44.41809050244272,cir_coefficients_tau_mask,,"[1, 1, 1, 1, 17, 1]","[1, 1, 17]","[1, 1, 17]","[1, 1, 17]",,True,
2,514,rx_nao_chest,/home/telilab4090/Documents/Gazebo World/my_world/rt_out/experiments/semantic_ablation_actor_200f/sionna_xml/frame_002_sionna.xml,30.0,0.0,0.0,2.4,-0.1337,2.748,0.7,28000000000.0,23,1.0787783999433032e-08,6.209720737615498e-08,5.130942337672195e-08,7.248429767514608e-08,-71.39756064761876,-41.39756064761876,cir_coefficients_tau_mask,,"[1, 1, 1, 1, 23, 1]","[1, 1, 23]","[1, 1, 23]","[1, 1, 23]",,True,
2,514,rx_human_chest,/home/telilab4090/Documents/Gazebo World/my_world/rt_out/experiments/semantic_ablation_actor_200f/sionna_xml/frame_002_sionna.xml,30.0,0.0,0.0,2.4,-1.4605,-0.8406,1.6421,28000000000.0,21,6.163341392806387e-09,6.431429255826515e-08,5.8150951165458764e-08,2.240194589830935e-07,-66.49714255942916,-36.497142559429165,cir_coefficients_tau_mask,,"[1, 1, 1, 1, 21, 1]","[1, 1, 21]","[1, 1, 21]","[1, 1, 21]",,True,
2,514,rx_x500_body,/home/telilab4090/Documents/Gazebo World/my_world/rt_out/experiments/semantic_ablation_actor_200f/sionna_xml/frame_002_sionna.xml,30.0,0.0,0.0,2.4,-3.9279,3.2024,1.3944,28000000000.0,23,1.7234324189985273e-08,7.465505547088469e-08,5.742073128089942e-08,3.372388945876992e-08,-74.72062342912375,-44.72062342912375,cir_coefficients_tau_mask,,"[1, 1, 1, 1, 23, 1]","[1, 1, 23]","[1, 1, 23]","[1, 1, 23]",,True,
3,771,rx_panda_base,/home/telilab4090/Documents/Gazebo World/my_world/rt_out/experiments/semantic_ablation_actor_200f/sionna_xml/frame_003_sionna.xml,30.0,0.0,0.0,2.4,0.582,0.888,1.195,28000000000.0,27,7.579527228074312e-09,6.284866316264015e-08,5.526913593456584e-08,2.3569292295633204e-08,-76.27653457641804,-46.276534576418044,cir_coefficients_tau_mask,,"[1, 1, 1, 1, 27, 1]","[1, 1, 27]","[1, 1, 27]","[1, 1, 27]",,True,
3,771,rx_ur5_base,/home/telilab4090/Documents/Gazebo World/my_world/rt_out/experiments/semantic_ablation_actor_200f/sionna_xml/frame_003_sionna.xml,30.0,0.0,0.0,2.4,0.497,-0.841,0.995,28000000000.0,19,5.708055805797585e-09,5.930293767164585e-08,5.3594881865848265e-08,6.884288836772612e-07,-61.62140916731317,-31.621409167313168,cir_coefficients_tau_mask,,"[1, 1, 1, 1, 19, 1]","[1, 1, 19]","[1, 1, 19]","[1, 1, 19]",,True,
3,771,rx_cerberus_base,/home/telilab4090/Documents/Gazebo World/my_world/rt_out/experiments/semantic_ablation_actor_200f/sionna_xml/frame_003_sionna.xml,30.0,0.0,0.0,2.4,4.074,-1.779,0.81,28000000000.0,17,1.574846919538686e-08,5.723669715962387e-08,4.148822796423701e-08,3.615688370928183e-08,-74.41809007571236,-44.41809007571236,cir_coefficients_tau_mask,,"[1, 1, 1, 1, 17, 1]","[1, 1, 17]","[1, 1, 17]","[1, 1, 17]",,True,
3,771,rx_nao_chest,/home/telilab4090/Documents/Gazebo World/my_world/rt_out/experiments/semantic_ablation_actor_200f/sionna_xml/frame_003_sionna.xml,30.0,0.0,0.0,2.4,-0.1337,2.748,0.7,28000000000.0,24,1.0787783999433032e-08,6.209720737615498e-08,5.130942337672195e-08,7.249248312746204e-08,-71.39707023849851,-41.397070238498515,cir_coefficients_tau_mask,,"[1, 1, 1, 1, 24, 1]","[1, 1, 24]","[1, 1, 24]","[1, 1, 24]",,True,
3,771,rx_human_chest,/home/telilab4090/Documents/Gazebo World/my_world/rt_out/experiments/semantic_ablation_actor_200f/sionna_xml/frame_003_sionna.xml,30.0,0.0,0.0,2.4,-1.4605,-0.8406,1.6421,28000000000.0,21,6.163341392806387e-09,6.431429255826515e-08,5.8150951165458764e-08,2.2401947319394822e-07,-66.49714228393097,-36.49714228393097,cir_coefficients_tau_mask,,"[1, 1, 1, 1, 21, 1]","[1, 1, 21]","[1, 1, 21]","[1, 1, 21]",,True,
3,771,rx_x500_body,/home/telilab4090/Documents/Gazebo World/my_world/rt_out/experiments/semantic_ablation_actor_200f/sionna_xml/frame_003_sionna.xml,30.0,0.0,0.0,2.4,-3.9279,3.2024,1.3944,28000000000.0,23,1.7234324189985273e-08,7.465505547088469e-08,5.742073128089942e-08,3.372388945876992e-08,-74.72062342912375,-44.72062342912375,cir_coefficients_tau_mask,,"[1, 1, 1, 1, 23, 1]","[1, 1, 23]","[1, 1, 23]","[1, 1, 23]",,True,
4,1028,rx_panda_base,/home/telilab4090/Documents/Gazebo World/my_world/rt_out/experiments/semantic_ablation_actor_200f/sionna_xml/frame_004_sionna.xml,30.0,0.0,0.0,2.4,0.582,0.888,1.195,28000000000.0,27,7.579527228074312e-09,6.284866316264015e-08,5.526913593456584e-08,2.3569297624703722e-08,-76.27653359446846,-46.27653359446846,cir_coefficients_tau_mask,,"[1, 1, 1, 1, 27, 1]","[1, 1, 27]","[1, 1, 27]","[1, 1, 27]",,True,
4,1028,rx_ur5_base,/home/telilab4090/Documents/Gazebo World/my_world/rt_out/experiments/semantic_ablation_actor_200f/sionna_xml/frame_004_sionna.xml,30.0,0.0,0.0,2.4,0.497,-0.841,0.995,28000000000.0,19,5.708055805797585e-09,5.930293767164585e-08,5.3594881865848265e-08,6.884288836772612e-07,-61.62140916731317,-31.621409167313168,cir_coefficients_tau_mask,,"[1, 1, 1, 1, 19, 1]","[1, 1, 19]","[1, 1, 19]","[1, 1, 19]",,True,
4,1028,rx_cerberus_base,/home/telilab4090/Documents/Gazebo World/my_world/rt_out/experiments/semantic_ablation_actor_200f/sionna_xml/frame_004_sionna.xml,30.0,0.0,0.0,2.4,4.074,-1.779,0.81,28000000000.0,17,1.574846919538686e-08,5.723669715962387e-08,4.148822796423701e-08,3.615688015656815e-08,-74.41809050244272,-44.41809050244272,cir_coefficients_tau_mask,,"[1, 1, 1, 1, 17, 1]","[1, 1, 17]","[1, 1, 17]","[1, 1, 17]",,True,
4,1028,rx_nao_chest,/home/telilab4090/Documents/Gazebo World/my_world/rt_out/experiments/semantic_ablation_actor_200f/sionna_xml/frame_004_sionna.xml,30.0,0.0,0.0,2.4,-0.1337,2.748,0.7,28000000000.0,24,1.0787783999433032e-08,6.209720737615498e-08,5.130942337672195e-08,7.249248312746204e-08,-71.39707023849851,-41.397070238498515,cir_coefficients_tau_mask,,"[1, 1, 1, 1, 24, 1]","[1, 1, 24]","[1, 1, 24]","[1, 1, 24]",,True,
4,1028,rx_human_chest,/home/telilab4090/Documents/Gazebo World/my_world/rt_out/experiments/semantic_ablation_actor_200f/sionna_xml/frame_004_sionna.xml,30.0,0.0,0.0,2.4,-1.4605,-0.8406,1.6421,28000000000.0,21,6.163341392806387e-09,6.431429255826515e-08,5.8150951165458764e-08,2.240194589830935e-07,-66.49714255942916,-36.497142559429165,cir_coefficients_tau_mask,,"[1, 1, 1, 1, 21, 1]","[1, 1, 21]","[1, 1, 21]","[1, 1, 21]",,True,
4,1028,rx_x500_body,/home/telilab4090/Documents/Gazebo World/my_world/rt_out/experiments/semantic_ablation_actor_200f/sionna_xml/frame_004_sionna.xml,30.0,0.0,0.0,2.4,-3.9279,3.2024,1.3944,28000000000.0,23,1.7234324189985273e-08,7.465505547088469e-08,5.742073128089942e-08,3.372388945876992e-08,-74.72062342912375,-44.72062342912375,cir_coefficients_tau_mask,,"[1, 1, 1, 1, 23, 1]","[1, 1, 23]","[1, 1, 23]","[1, 1, 23]",,True,
5,1285,rx_panda_base,/home/telilab4090/Documents/Gazebo World/my_world/rt_out/experiments/semantic_ablation_actor_200f/sionna_xml/frame_005_sionna.xml,30.0,0.0,0.0,2.4,0.582,0.888,1.195,28000000000.0,27,7.579527228074312e-09,6.284866316264015e-08,5.526913593456584e-08,2.356929940106056e-08,-76.27653326715199,-46.27653326715199,cir_coefficients_tau_mask,,"[1, 1, 1, 1, 27, 1]","[1, 1, 27]","[1, 1, 27]","[1, 1, 27]",,True,
5,1285,rx_ur5_base,/home/telilab4090/Documents/Gazebo World/my_world/rt_out/experiments/semantic_ablation_actor_200f/sionna_xml/frame_005_sionna.xml,30.0,0.0,0.0,2.4,0.497,-0.841,0.995,28000000000.0,15,2.8585452227503083e-08,5.930293767164585e-08,3.071748544414277e-08,1.4623647848210908e-09,-88.34944279721583,-58.34944279721583,cir_coefficients_tau_mask,,"[1, 1, 1, 1, 15, 1]","[1, 1, 15]","[1, 1, 15]","[1, 1, 15]",,True,
5,1285,rx_cerberus_base,/home/telilab4090/Documents/Gazebo World/my_world/rt_out/experiments/semantic_ablation_actor_200f/sionna_xml/frame_005_sionna.xml,30.0,0.0,0.0,2.4,4.074,-1.779,0.81,28000000000.0,17,1.574846919538686e-08,5.723669715962387e-08,4.148822796423701e-08,3.615688370928183e-08,-74.41809007571236,-44.41809007571236,cir_coefficients_tau_mask,,"[1, 1, 1, 1, 17, 1]","[1, 1, 17]","[1, 1, 17]","[1, 1, 17]",,True,
5,1285,rx_nao_chest,/home/telilab4090/Documents/Gazebo World/my_world/rt_out/experiments/semantic_ablation_actor_200f/sionna_xml/frame_005_sionna.xml,30.0,0.0,0.0,2.4,-0.1337,2.748,0.7,28000000000.0,24,1.0787783999433032e-08,6.209720737615498e-08,5.130942337672195e-08,7.24924902328894e-08,-71.3970698128202,-41.397069812820206,cir_coefficients_tau_mask,,"[1, 1, 1, 1, 24, 1]","[1, 1, 24]","[1, 1, 24]","[1, 1, 24]",,True,
5,1285,rx_human_chest,/home/telilab4090/Documents/Gazebo World/my_world/rt_out/experiments/semantic_ablation_actor_200f/sionna_xml/frame_005_sionna.xml,30.0,0.0,0.0,2.4,-1.4605,-0.8406,1.6421,28000000000.0,21,6.163341392806387e-09,6.431429255826515e-08,5.8150951165458764e-08,2.2401947319394822e-07,-66.49714228393097,-36.49714228393097,cir_coefficients_tau_mask,,"[1, 1, 1, 1, 21, 1]","[1, 1, 21]","[1, 1, 21]","[1, 1, 21]",,True,
5,1285,rx_x500_body,/home/telilab4090/Documents/Gazebo World/my_world/rt_out/experiments/semantic_ablation_actor_200f/sionna_xml/frame_005_sionna.xml,30.0,0.0,0.0,2.4,-3.9279,3.2024,1.3944,28000000000.0,23,1.7234324189985273e-08,7.465505547088469e-08,5.742073128089942e-08,3.372388590605624e-08,-74.72062388664037,-44.72062388664037,cir_coefficients_tau_mask,,"[1, 1, 1, 1, 23, 1]","[1, 1, 23]","[1, 1, 23]","[1, 1, 23]",,True,
6,1542,rx_panda_base,/home/telilab4090/Documents/Gazebo World/my_world/rt_out/experiments/semantic_ablation_actor_200f/sionna_xml/frame_006_sionna.xml,30.0,0.0,0.0,2.4,0.582,0.888,1.195,28000000000.0,27,7.579527228074312e-09,6.284866316264015e-08,5.526913593456584e-08,2.3569297624703722e-08,-76.27653359446846,-46.27653359446846,cir_coefficients_tau_mask,,"[1, 1, 1, 1, 27, 1]","[1, 1, 27]","[1, 1, 27]","[1, 1, 27]",,True,
6,1542,rx_ur5_base,/home/telilab4090/Documents/Gazebo World/my_world/rt_out/experiments/semantic_ablation_actor_200f/sionna_xml/frame_006_sionna.xml,30.0,0.0,0.0,2.4,0.497,-0.841,0.995,28000000000.0,15,2.8585452227503083e-08,5.930293767164585e-08,3.071748544414277e-08,1.462365339932603e-09,-88.34944114864071,-58.34944114864071,cir_coefficients_tau_mask,,"[1, 1, 1, 1, 15, 1]","[1, 1, 15]","[1, 1, 15]","[1, 1, 15]",,True,
6,1542,rx_cerberus_base,/home/telilab4090/Documents/Gazebo World/my_world/rt_out/experiments/semantic_ablation_actor_200f/sionna_xml/frame_006_sionna.xml,30.0,0.0,0.0,2.4,4.074,-1.779,0.81,28000000000.0,17,1.574846919538686e-08,5.723669715962387e-08,4.148822796423701e-08,3.615688015656815e-08,-74.41809050244272,-44.41809050244272,cir_coefficients_tau_mask,,"[1, 1, 1, 1, 17, 1]","[1, 1, 17]","[1, 1, 17]","[1, 1, 17]",,True,
6,1542,rx_nao_chest,/home/telilab4090/Documents/Gazebo World/my_world/rt_out/experiments/semantic_ablation_actor_200f/sionna_xml/frame_006_sionna.xml,30.0,0.0,0.0,2.4,-0.1337,2.748,0.7,28000000000.0,24,1.0787783999433032e-08,6.209720737615498e-08,5.130942337672195e-08,7.249248312746204e-08,-71.39707023849851,-41.397070238498515,cir_coefficients_tau_mask,,"[1, 1, 1, 1, 24, 1]","[1, 1, 24]","[1, 1, 24]","[1, 1, 24]",,True,
6,1542,rx_human_chest,/home/telilab4090/Documents/Gazebo World/my_world/rt_out/experiments/semantic_ablation_actor_200f/sionna_xml/frame_006_sionna.xml,30.0,0.0,0.0,2.4,-1.4605,-0.8406,1.6421,28000000000.0,20,6.163341392806387e-09,6.431429255826515e-08,5.8150951165458764e-08,2.2396396559543064e-07,-66.49821851317411,-36.49821851317411,cir_coefficients_tau_mask,,"[1, 1, 1, 1, 20, 1]","[1, 1, 20]","[1, 1, 20]","[1, 1, 20]",,True,
6,1542,rx_x500_body,/home/telilab4090/Documents/Gazebo World/my_world/rt_out/experiments/semantic_ablation_actor_200f/sionna_xml/frame_006_sionna.xml,30.0,0.0,0.0,2.4,-3.9279,3.2024,1.3944,28000000000.0,23,1.7234324189985273e-08,7.465505547088469e-08,5.742073128089942e-08,3.3723893011483597e-08,-74.72062297160716,-44.720622971607156,cir_coefficients_tau_mask,,"[1, 1, 1, 1, 23, 1]","[1, 1, 23]","[1, 1, 23]","[1, 1, 23]",,True,
7,1799,rx_panda_base,/home/telilab4090/Documents/Gazebo World/my_world/rt_out/experiments/semantic_ablation_actor_200f/sionna_xml/frame_007_sionna.xml,30.0,0.0,0.0,2.4,0.582,0.888,1.195,28000000000.0,27,7.579527228074312e-09,6.284866316264015e-08,5.526913593456584e-08,2.3569297624703722e-08,-76.27653359446846,-46.27653359446846,cir_coefficients_tau_mask,,"[1, 1, 1, 1, 27, 1]","[1, 1, 27]","[1, 1, 27]","[1, 1, 27]",,True,
7,1799,rx_ur5_base,/home/telilab4090/Documents/Gazebo World/my_world/rt_out/experiments/semantic_ablation_actor_200f/sionna_xml/frame_007_sionna.xml,30.0,0.0,0.0,2.4,0.497,-0.841,0.995,28000000000.0,15,2.8585452227503083e-08,5.930293767164585e-08,3.071748544414277e-08,1.4623647848210908e-09,-88.34944279721583,-58.34944279721583,cir_coefficients_tau_mask,,"[1, 1, 1, 1, 15, 1]","[1, 1, 15]","[1, 1, 15]","[1, 1, 15]",,True,
7,1799,rx_cerberus_base,/home/telilab4090/Documents/Gazebo World/my_world/rt_out/experiments/semantic_ablation_actor_200f/sionna_xml/frame_007_sionna.xml,30.0,0.0,0.0,2.4,4.074,-1.779,0.81,28000000000.0,17,1.574846919538686e-08,5.723669715962387e-08,4.148822796423701e-08,3.615688015656815e-08,-74.41809050244272,-44.41809050244272,cir_coefficients_tau_mask,,"[1, 1, 1, 1, 17, 1]","[1, 1, 17]","[1, 1, 17]","[1, 1, 17]",,True,
7,1799,rx_nao_chest,/home/telilab4090/Documents/Gazebo World/my_world/rt_out/experiments/semantic_ablation_actor_200f/sionna_xml/frame_007_sionna.xml,30.0,0.0,0.0,2.4,-0.1337,2.748,0.7,28000000000.0,24,1.0787783999433032e-08,6.209720737615498e-08,5.130942337672195e-08,7.249248312746204e-08,-71.39707023849851,-41.397070238498515,cir_coefficients_tau_mask,,"[1, 1, 1, 1, 24, 1]","[1, 1, 24]","[1, 1, 24]","[1, 1, 24]",,True,
7,1799,rx_human_chest,/home/telilab4090/Documents/Gazebo World/my_world/rt_out/experiments/semantic_ablation_actor_200f/sionna_xml/frame_007_sionna.xml,30.0,0.0,0.0,2.4,-1.4605,-0.8406,1.6421,28000000000.0,21,6.163341392806387e-09,6.431429255826515e-08,5.8150951165458764e-08,2.2401944477223878e-07,-66.49714283492739,-36.49714283492739,cir_coefficients_tau_mask,,"[1, 1, 1, 1, 21, 1]","[1, 1, 21]","[1, 1, 21]","[1, 1, 21]",,True,
7,1799,rx_x500_body,/home/telilab4090/Documents/Gazebo World/my_world/rt_out/experiments/semantic_ablation_actor_200f/sionna_xml/frame_007_sionna.xml,30.0,0.0,0.0,2.4,-3.9279,3.2024,1.3944,28000000000.0,23,1.7234324189985273e-08,7.465505547088469e-08,5.742073128089942e-08,3.3723893011483597e-08,-74.72062297160716,-44.720622971607156,cir_coefficients_tau_mask,,"[1, 1, 1, 1, 23, 1]","[1, 1, 23]","[1, 1, 23]","[1, 1, 23]",,True,
8,2056,rx_panda_base,/home/telilab4090/Documents/Gazebo World/my_world/rt_out/experiments/semantic_ablation_actor_200f/sionna_xml/frame_008_sionna.xml,30.0,0.0,0.0,2.4,0.582,0.888,1.195,28000000000.0,27,7.579527228074312e-09,6.284866316264015e-08,5.526913593456584e-08,2.3569295848346883e-08,-76.27653392178496,-46.27653392178496,cir_coefficients_tau_mask,,"[1, 1, 1, 1, 27, 1]","[1, 1, 27]","[1, 1, 27]","[1, 1, 27]",,True,
8,2056,rx_ur5_base,/home/telilab4090/Documents/Gazebo World/my_world/rt_out/experiments/semantic_ablation_actor_200f/sionna_xml/frame_008_sionna.xml,30.0,0.0,0.0,2.4,0.497,-0.841,0.995,28000000000.0,14,2.8585452227503083e-08,5.930293767164585e-08,3.071748544414277e-08,1.4086869448703965e-09,-88.51185510241467,-58.51185510241467,cir_coefficients_tau_mask,,"[1, 1, 1, 1, 14, 1]","[1, 1, 14]","[1, 1, 14]","[1, 1, 14]",,True,
8,2056,rx_cerberus_base,/home/telilab4090/Documents/Gazebo World/my_world/rt_out/experiments/semantic_ablation_actor_200f/sionna_xml/frame_008_sionna.xml,30.0,0.0,0.0,2.4,4.074,-1.779,0.81,28000000000.0,17,1.574846919538686e-08,5.723669715962387e-08,4.148822796423701e-08,3.615688015656815e-08,-74.41809050244272,-44.41809050244272,cir_coefficients_tau_mask,,"[1, 1, 1, 1, 17, 1]","[1, 1, 17]","[1, 1, 17]","[1, 1, 17]",,True,
8,2056,rx_nao_chest,/home/telilab4090/Documents/Gazebo World/my_world/rt_out/experiments/semantic_ablation_actor_200f/sionna_xml/frame_008_sionna.xml,30.0,0.0,0.0,2.4,-0.1337,2.748,0.7,28000000000.0,24,1.0787783999433032e-08,6.209720737615498e-08,5.130942337672195e-08,7.249248312746204e-08,-71.39707023849851,-41.397070238498515,cir_coefficients_tau_mask,,"[1, 1, 1, 1, 24, 1]","[1, 1, 24]","[1, 1, 24]","[1, 1, 24]",,True,
8,2056,rx_human_chest,/home/telilab4090/Documents/Gazebo World/my_world/rt_out/experiments/semantic_ablation_actor_200f/sionna_xml/frame_008_sionna.xml,30.0,0.0,0.0,2.4,-1.4605,-0.8406,1.6421,28000000000.0,21,6.163341392806387e-09,6.431429255826515e-08,5.8150951165458764e-08,2.240194589830935e-07,-66.49714255942916,-36.497142559429165,cir_coefficients_tau_mask,,"[1, 1, 1, 1, 21, 1]","[1, 1, 21]","[1, 1, 21]","[1, 1, 21]",,True,
8,2056,rx_x500_body,/home/telilab4090/Documents/Gazebo World/my_world/rt_out/experiments/semantic_ablation_actor_200f/sionna_xml/frame_008_sionna.xml,30.0,0.0,0.0,2.4,-3.9279,3.2024,1.3944,28000000000.0,23,1.7234324189985273e-08,7.465505547088469e-08,5.742073128089942e-08,3.372388945876992e-08,-74.72062342912375,-44.72062342912375,cir_coefficients_tau_mask,,"[1, 1, 1, 1, 23, 1]","[1, 1, 23]","[1, 1, 23]","[1, 1, 23]",,True,
9,2313,rx_panda_base,/home/telilab4090/Documents/Gazebo World/my_world/rt_out/experiments/semantic_ablation_actor_200f/sionna_xml/frame_009_sionna.xml,30.0,0.0,0.0,2.4,0.582,0.888,1.195,28000000000.0,27,7.579527228074312e-09,6.284866316264015e-08,5.526913593456584e-08,2.3569295848346883e-08,-76.27653392178496,-46.27653392178496,cir_coefficients_tau_mask,,"[1, 1, 1, 1, 27, 1]","[1, 1, 27]","[1, 1, 27]","[1, 1, 27]",,True,
9,2313,rx_ur5_base,/home/telilab4090/Documents/Gazebo World/my_world/rt_out/experiments/semantic_ablation_actor_200f/sionna_xml/frame_009_sionna.xml,30.0,0.0,0.0,2.4,0.497,-0.841,0.995,28000000000.0,14,2.8585452227503083e-08,5.930293767164585e-08,3.071748544414277e-08,1.4086869448703965e-09,-88.51185510241467,-58.51185510241467,cir_coefficients_tau_mask,,"[1, 1, 1, 1, 14, 1]","[1, 1, 14]","[1, 1, 14]","[1, 1, 14]",,True,
9,2313,rx_cerberus_base,/home/telilab4090/Documents/Gazebo World/my_world/rt_out/experiments/semantic_ablation_actor_200f/sionna_xml/frame_009_sionna.xml,30.0,0.0,0.0,2.4,4.074,-1.779,0.81,28000000000.0,18,1.574846919538686e-08,5.723669715962387e-08,4.148822796423701e-08,3.621421384991663e-08,-74.41120938168608,-44.41120938168608,cir_coefficients_tau_mask,,"[1, 1, 1, 1, 18, 1]","[1, 1, 18]","[1, 1, 18]","[1, 1, 18]",,True,
9,2313,rx_nao_chest,/home/telilab4090/Documents/Gazebo World/my_world/rt_out/experiments/semantic_ablation_actor_200f/sionna_xml/frame_009_sionna.xml,30.0,0.0,0.0,2.4,-0.1337,2.748,0.7,28000000000.0,24,1.0787783999433032e-08,6.209720737615498e-08,5.130942337672195e-08,7.249248312746204e-08,-71.39707023849851,-41.397070238498515,cir_coefficients_tau_mask,,"[1, 1, 1, 1, 24, 1]","[1, 1, 24]","[1, 1, 24]","[1, 1, 24]",,True,
9,2313,rx_human_chest,/home/telilab4090/Documents/Gazebo World/my_world/rt_out/experiments/semantic_ablation_actor_200f/sionna_xml/frame_009_sionna.xml,30.0,0.0,0.0,2.4,-1.4605,-0.8406,1.6421,28000000000.0,22,6.163341392806387e-09,6.431429255826515e-08,5.8150951165458764e-08,2.2443717284659215e-07,-66.489052105837,-36.489052105837004,cir_coefficients_tau_mask,,"[1, 1, 1, 1, 22, 1]","[1, 1, 22]","[1, 1, 22]","[1, 1, 22]",,True,
9,2313,rx_x500_body,/home/telilab4090/Documents/Gazebo World/my_world/rt_out/experiments/semantic_ablation_actor_200f/sionna_xml/frame_009_sionna.xml,30.0,0.0,0.0,2.4,-3.9279,3.2024,1.3944,28000000000.0,23,1.7234324189985273e-08,7.465505547088469e-08,5.742073128089942e-08,3.372388945876992e-08,-74.72062342912375,-44.72062342912375,cir_coefficients_tau_mask,,"[1, 1, 1, 1, 23, 1]","[1, 1, 23]","[1, 1, 23]","[1, 1, 23]",,True,
10,2570,rx_panda_base,/home/telilab4090/Documents/Gazebo World/my_world/rt_out/experiments/semantic_ablation_actor_200f/sionna_xml/frame_010_sionna.xml,30.0,0.0,0.0,2.4,0.582,0.888,1.195,28000000000.0,26,7.579527228074312e-09,6.284866316264015e-08,5.526913593456584e-08,2.3566471440972236e-08,-76.27705438622607,-46.27705438622607,cir_coefficients_tau_mask,,"[1, 1, 1, 1, 26, 1]","[1, 1, 26]","[1, 1, 26]","[1, 1, 26]",,True,
10,2570,rx_ur5_base,/home/telilab4090/Documents/Gazebo World/my_world/rt_out/experiments/semantic_ablation_actor_200f/sionna_xml/frame_010_sionna.xml,30.0,0.0,0.0,2.4,0.497,-0.841,0.995,28000000000.0,19,5.708055805797585e-09,5.930293767164585e-08,5.3594881865848265e-08,2.496733202406176e-07,-66.02627863300775,-36.02627863300775,cir_coefficients_tau_mask,,"[1, 1, 1, 1, 19, 1]","[1, 1, 19]","[1, 1, 19]","[1, 1, 19]",,True,
10,2570,rx_cerberus_base,/home/telilab4090/Documents/Gazebo World/my_world/rt_out/experiments/semantic_ablation_actor_200f/sionna_xml/frame_010_sionna.xml,30.0,0.0,0.0,2.4,4.074,-1.779,0.81,28000000000.0,18,1.574846919538686e-08,5.723669715962387e-08,4.148822796423701e-08,3.621421384991663e-08,-74.41120938168608,-44.41120938168608,cir_coefficients_tau_mask,,"[1, 1, 1, 1, 18, 1]","[1, 1, 18]","[1, 1, 18]","[1, 1, 18]",,True,
10,2570,rx_nao_chest,/home/telilab4090/Documents/Gazebo World/my_world/rt_out/experiments/semantic_ablation_actor_200f/sionna_xml/frame_010_sionna.xml,30.0,0.0,0.0,2.4,-0.1337,2.748,0.7,28000000000.0,24,1.0787783999433032e-08,6.209720737615498e-08,5.130942337672195e-08,7.249248312746204e-08,-71.39707023849851,-41.397070238498515,cir_coefficients_tau_mask,,"[1, 1, 1, 1, 24, 1]","[1, 1, 24]","[1, 1, 24]","[1, 1, 24]",,True,
10,2570,rx_human_chest,/home/telilab4090/Documents/Gazebo World/my_world/rt_out/experiments/semantic_ablation_actor_200f/sionna_xml/frame_010_sionna.xml,30.0,0.0,0.0,2.4,-1.4605,-0.8406,1.6421,28000000000.0,22,6.163341392806387e-09,6.431429255826515e-08,5.8150951165458764e-08,2.2438423741277802e-07,-66.49007654746941,-36.490076547469414,cir_coefficients_tau_mask,,"[1, 1, 1, 1, 22, 1]","[1, 1, 22]","[1, 1, 22]","[1, 1, 22]",,True,
10,2570,rx_x500_body,/home/telilab4090/Documents/Gazebo World/my_world/rt_out/experiments/semantic_ablation_actor_200f/sionna_xml/frame_010_sionna.xml,30.0,0.0,0.0,2.4,-3.9279,3.2024,1.3944,28000000000.0,23,1.7234324189985273e-08,7.465505547088469e-08,5.742073128089942e-08,3.372388945876992e-08,-74.72062342912375,-44.72062342912375,cir_coefficients_tau_mask,,"[1, 1, 1, 1, 23, 1]","[1, 1, 23]","[1, 1, 23]","[1, 1, 23]",,True,
11,2827,rx_panda_base,/home/telilab4090/Documents/Gazebo World/my_world/rt_out/experiments/semantic_ablation_actor_200f/sionna_xml/frame_011_sionna.xml,30.0,0.0,0.0,2.4,0.582,0.888,1.195,28000000000.0,33,5.357098764591228e-09,6.382698813922616e-08,5.846988937463493e-08,2.953717341824813e-07,-65.29631067168692,-35.296310671686925,cir_coefficients_tau_mask,,"[1, 1, 1, 1, 33, 1]","[1, 1, 33]","[1, 1, 33]","[1, 1, 33]",,True,
11,2827,rx_ur5_base,/home/telilab4090/Documents/Gazebo World/my_world/rt_out/experiments/semantic_ablation_actor_200f/sionna_xml/frame_011_sionna.xml,30.0,0.0,0.0,2.4,0.497,-0.841,0.995,28000000000.0,27,5.708055805797585e-09,5.930293767164585e-08,5.3594881865848265e-08,9.265675089409342e-07,-60.331229328562216,-30.331229328562216,cir_coefficients_tau_mask,,"[1, 1, 1, 1, 27, 1]","[1, 1, 27]","[1, 1, 27]","[1, 1, 27]",,True,
11,2827,rx_cerberus_base,/home/telilab4090/Documents/Gazebo World/my_world/rt_out/experiments/semantic_ablation_actor_200f/sionna_xml/frame_011_sionna.xml,30.0,0.0,0.0,2.4,4.074,-1.779,0.81,28000000000.0,18,1.574846919538686e-08,5.723669715962387e-08,4.148822796423701e-08,3.621421384991663e-08,-74.41120938168608,-44.41120938168608,cir_coefficients_tau_mask,,"[1, 1, 1, 1, 18, 1]","[1, 1, 18]","[1, 1, 18]","[1, 1, 18]",,True,
11,2827,rx_nao_chest,/home/telilab4090/Documents/Gazebo World/my_world/rt_out/experiments/semantic_ablation_actor_200f/sionna_xml/frame_011_sionna.xml,30.0,0.0,0.0,2.4,-0.1337,2.748,0.7,28000000000.0,23,1.0787783999433032e-08,6.209720737615498e-08,5.130942337672195e-08,7.244390332061812e-08,-71.39998157682443,-41.39998157682443,cir_coefficients_tau_mask,,"[1, 1, 1, 1, 23, 1]","[1, 1, 23]","[1, 1, 23]","[1, 1, 23]",,True,
11,2827,rx_human_chest,/home/telilab4090/Documents/Gazebo World/my_world/rt_out/experiments/semantic_ablation_actor_200f/sionna_xml/frame_011_sionna.xml,30.0,0.0,0.0,2.4,-1.4605,-0.8406,1.6421,28000000000.0,23,6.163341392806387e-09,6.568895827285814e-08,5.952561688005176e-08,2.2439070335167344e-07,-66.48995140137379,-36.48995140137379,cir_coefficients_tau_mask,,"[1, 1, 1, 1, 23, 1]","[1, 1, 23]","[1, 1, 23]","[1, 1, 23]",,True,
11,2827,rx_x500_body,/home/telilab4090/Documents/Gazebo World/my_world/rt_out/experiments/semantic_ablation_actor_200f/sionna_xml/frame_011_sionna.xml,30.0,0.0,0.0,2.4,-3.9279,3.2024,1.3944,28000000000.0,23,1.7234324189985273e-08,7.465505547088469e-08,5.742073128089942e-08,3.372388945876992e-08,-74.72062342912375,-44.72062342912375,cir_coefficients_tau_mask,,"[1, 1, 1, 1, 23, 1]","[1, 1, 23]","[1, 1, 23]","[1, 1, 23]",,True,
12,3084,rx_panda_base,/home/telilab4090/Documents/Gazebo World/my_world/rt_out/experiments/semantic_ablation_actor_200f/sionna_xml/frame_012_sionna.xml,30.0,0.0,0.0,2.4,0.582,0.888,1.195,28000000000.0,35,5.357098764591228e-09,6.382698813922616e-08,5.846988937463493e-08,2.9559265612988384e-07,-65.29306359999426,-35.293063599994255,cir_coefficients_tau_mask,,"[1, 1, 1, 1, 35, 1]","[1, 1, 35]","[1, 1, 35]","[1, 1, 35]",,True,
12,3084,rx_ur5_base,/home/telilab4090/Documents/Gazebo World/my_world/rt_out/experiments/semantic_ablation_actor_200f/sionna_xml/frame_012_sionna.xml,30.0,0.0,0.0,2.4,0.497,-0.841,0.995,28000000000.0,28,5.708055805797585e-09,5.930293767164585e-08,5.3594881865848265e-08,9.265975791095116e-07,-60.331088387980415,-30.331088387980415,cir_coefficients_tau_mask,,"[1, 1, 1, 1, 28, 1]","[1, 1, 28]","[1, 1, 28]","[1, 1, 28]",,True,
12,3084,rx_cerberus_base,/home/telilab4090/Documents/Gazebo World/my_world/rt_out/experiments/semantic_ablation_actor_200f/sionna_xml/frame_012_sionna.xml,30.0,0.0,0.0,2.4,4.074,-1.779,0.81,28000000000.0,18,1.574846919538686e-08,5.723669715962387e-08,4.148822796423701e-08,3.621421740263031e-08,-74.4112089556313,-44.411208955631295,cir_coefficients_tau_mask,,"[1, 1, 1, 1, 18, 1]","[1, 1, 18]","[1, 1, 18]","[1, 1, 18]",,True,
12,3084,rx_nao_chest,/home/telilab4090/Documents/Gazebo World/my_world/rt_out/experiments/semantic_ablation_actor_200f/sionna_xml/frame_012_sionna.xml,30.0,0.0,0.0,2.4,-0.1337,2.748,0.7,28000000000.0,19,1.0787783999433032e-08,6.209720737615498e-08,5.130942337672195e-08,7.188535278146446e-08,-71.43359591595069,-41.43359591595069,cir_coefficients_tau_mask,,"[1, 1, 1, 1, 19, 1]","[1, 1, 19]","[1, 1, 19]","[1, 1, 19]",,True,
12,3084,rx_human_chest,/home/telilab4090/Documents/Gazebo World/my_world/rt_out/experiments/semantic_ablation_actor_200f/sionna_xml/frame_012_sionna.xml,30.0,0.0,0.0,2.4,-1.4605,-0.8406,1.6421,28000000000.0,23,6.163341392806387e-09,6.568895827285814e-08,5.952561688005176e-08,2.2439071756252815e-07,-66.48995112633139,-36.48995112633139,cir_coefficients_tau_mask,,"[1, 1, 1, 1, 23, 1]","[1, 1, 23]","[1, 1, 23]","[1, 1, 23]",,True,
12,3084,rx_x500_body,/home/telilab4090/Documents/Gazebo World/my_world/rt_out/experiments/semantic_ablation_actor_200f/sionna_xml/frame_012_sionna.xml,30.0,0.0,0.0,2.4,-3.9279,3.2024,1.3944,28000000000.0,23,1.7234324189985273e-08,7.465505547088469e-08,5.742073128089942e-08,3.372388945876992e-08,-74.72062342912375,-44.72062342912375,cir_coefficients_tau_mask,,"[1, 1, 1, 1, 23, 1]","[1, 1, 23]","[1, 1, 23]","[1, 1, 23]",,True,
13,3341,rx_panda_base,/home/telilab4090/Documents/Gazebo World/my_world/rt_out/experiments/semantic_ablation_actor_200f/sionna_xml/frame_013_sionna.xml,30.0,0.0,0.0,2.4,0.582,0.888,1.195,28000000000.0,35,5.357098764591228e-09,6.382698813922616e-08,5.846988937463493e-08,2.9559265612988384e-07,-65.29306359999426,-35.293063599994255,cir_coefficients_tau_mask,,"[1, 1, 1, 1, 35, 1]","[1, 1, 35]","[1, 1, 35]","[1, 1, 35]",,True,
13,3341,rx_ur5_base,/home/telilab4090/Documents/Gazebo World/my_world/rt_out/experiments/semantic_ablation_actor_200f/sionna_xml/frame_013_sionna.xml,30.0,0.0,0.0,2.4,0.497,-0.841,0.995,28000000000.0,30,5.708055805797585e-09,5.930293767164585e-08,5.3594881865848265e-08,9.263400784220721e-07,-60.33229545642016,-30.332295456420162,cir_coefficients_tau_mask,,"[1, 1, 1, 1, 30, 1]","[1, 1, 30]","[1, 1, 30]","[1, 1, 30]",,True,
13,3341,rx_cerberus_base,/home/telilab4090/Documents/Gazebo World/my_world/rt_out/experiments/semantic_ablation_actor_200f/sionna_xml/frame_013_sionna.xml,30.0,0.0,0.0,2.4,4.074,-1.779,0.81,28000000000.0,18,1.574846919538686e-08,5.723669715962387e-08,4.148822796423701e-08,3.621421740263031e-08,-74.4112089556313,-44.411208955631295,cir_coefficients_tau_mask,,"[1, 1, 1, 1, 18, 1]","[1, 1, 18]","[1, 1, 18]","[1, 1, 18]",,True,
13,3341,rx_nao_chest,/home/telilab4090/Documents/Gazebo World/my_world/rt_out/experiments/semantic_ablation_actor_200f/sionna_xml/frame_013_sionna.xml,30.0,0.0,0.0,2.4,-0.1337,2.748,0.7,28000000000.0,19,1.0787783999433032e-08,6.209720737615498e-08,5.130942337672195e-08,7.188535278146446e-08,-71.43359591595069,-41.43359591595069,cir_coefficients_tau_mask,,"[1, 1, 1, 1, 19, 1]","[1, 1, 19]","[1, 1, 19]","[1, 1, 19]",,True,
13,3341,rx_human_chest,/home/telilab4090/Documents/Gazebo World/my_world/rt_out/experiments/semantic_ablation_actor_200f/sionna_xml/frame_013_sionna.xml,30.0,0.0,0.0,2.4,-1.4605,-0.8406,1.6421,28000000000.0,23,6.163341392806387e-09,6.568895827285814e-08,5.952561688005176e-08,2.2439070335167344e-07,-66.48995140137379,-36.48995140137379,cir_coefficients_tau_mask,,"[1, 1, 1, 1, 23, 1]","[1, 1, 23]","[1, 1, 23]","[1, 1, 23]",,True,
13,3341,rx_x500_body,/home/telilab4090/Documents/Gazebo World/my_world/rt_out/experiments/semantic_ablation_actor_200f/sionna_xml/frame_013_sionna.xml,30.0,0.0,0.0,2.4,-3.9279,3.2024,1.3944,28000000000.0,23,1.7234324189985273e-08,7.465505547088469e-08,5.742073128089942e-08,3.3723893011483597e-08,-74.72062297160716,-44.720622971607156,cir_coefficients_tau_mask,,"[1, 1, 1, 1, 23, 1]","[1, 1, 23]","[1, 1, 23]","[1, 1, 23]",,True,
14,3598,rx_panda_base,/home/telilab4090/Documents/Gazebo World/my_world/rt_out/experiments/semantic_ablation_actor_200f/sionna_xml/frame_014_sionna.xml,30.0,0.0,0.0,2.4,0.582,0.888,1.195,28000000000.0,27,5.357098764591228e-09,6.382698813922616e-08,5.846988937463493e-08,2.9475992846528243e-07,-65.30531557547322,-35.305315575473216,cir_coefficients_tau_mask,,"[1, 1, 1, 1, 27, 1]","[1, 1, 27]","[1, 1, 27]","[1, 1, 27]",,True,
14,3598,rx_ur5_base,/home/telilab4090/Documents/Gazebo World/my_world/rt_out/experiments/semantic_ablation_actor_200f/sionna_xml/frame_014_sionna.xml,30.0,0.0,0.0,2.4,0.497,-0.841,0.995,28000000000.0,26,5.708055805797585e-09,5.930293767164585e-08,5.3594881865848265e-08,6.688813414257311e-07,-61.746509186068906,-31.746509186068906,cir_coefficients_tau_mask,,"[1, 1, 1, 1, 26, 1]","[1, 1, 26]","[1, 1, 26]","[1, 1, 26]",,True,
14,3598,rx_cerberus_base,/home/telilab4090/Documents/Gazebo World/my_world/rt_out/experiments/semantic_ablation_actor_200f/sionna_xml/frame_014_sionna.xml,30.0,0.0,0.0,2.4,4.074,-1.779,0.81,28000000000.0,18,1.574846919538686e-08,5.723669715962387e-08,4.148822796423701e-08,3.621421384991663e-08,-74.41120938168608,-44.41120938168608,cir_coefficients_tau_mask,,"[1, 1, 1, 1, 18, 1]","[1, 1, 18]","[1, 1, 18]","[1, 1, 18]",,True,
14,3598,rx_nao_chest,/home/telilab4090/Documents/Gazebo World/my_world/rt_out/experiments/semantic_ablation_actor_200f/sionna_xml/frame_014_sionna.xml,30.0,0.0,0.0,2.4,-0.1337,2.748,0.7,28000000000.0,23,1.0787783999433032e-08,6.209720737615498e-08,5.130942337672195e-08,7.236335619609235e-08,-71.40481298865271,-41.40481298865271,cir_coefficients_tau_mask,,"[1, 1, 1, 1, 23, 1]","[1, 1, 23]","[1, 1, 23]","[1, 1, 23]",,True,
14,3598,rx_human_chest,/home/telilab4090/Documents/Gazebo World/my_world/rt_out/experiments/semantic_ablation_actor_200f/sionna_xml/frame_014_sionna.xml,30.0,0.0,0.0,2.4,-1.4605,-0.8406,1.6421,28000000000.0,25,6.163341392806387e-09,6.568895827285814e-08,5.952561688005176e-08,2.6307739631192817e-07,-65.7991646502229,-35.799164650222906,cir_coefficients_tau_mask,,"[1, 1, 1, 1, 25, 1]","[1, 1, 25]","[1, 1, 25]","[1, 1, 25]",,True,
14,3598,rx_x500_body,/home/telilab4090/Documents/Gazebo World/my_world/rt_out/experiments/semantic_ablation_actor_200f/sionna_xml/frame_014_sionna.xml,30.0,0.0,0.0,2.4,-3.9279,3.2024,1.3944,28000000000.0,23,1.7234324189985273e-08,7.465505547088469e-08,5.742073128089942e-08,3.372388590605624e-08,-74.72062388664037,-44.72062388664037,cir_coefficients_tau_mask,,"[1, 1, 1, 1, 23, 1]","[1, 1, 23]","[1, 1, 23]","[1, 1, 23]",,True,
15,3855,rx_panda_base,/home/telilab4090/Documents/Gazebo World/my_world/rt_out/experiments/semantic_ablation_actor_200f/sionna_xml/frame_015_sionna.xml,30.0,0.0,0.0,2.4,0.582,0.888,1.195,28000000000.0,31,7.579527228074312e-09,6.284866316264015e-08,5.526913593456584e-08,2.4364965156564722e-08,-76.13234205350714,-46.132342053507145,cir_coefficients_tau_mask,,"[1, 1, 1, 1, 31, 1]","[1, 1, 31]","[1, 1, 31]","[1, 1, 31]",,True,
15,3855,rx_ur5_base,/home/telilab4090/Documents/Gazebo World/my_world/rt_out/experiments/semantic_ablation_actor_200f/sionna_xml/frame_015_sionna.xml,30.0,0.0,0.0,2.4,0.497,-0.841,0.995,28000000000.0,27,5.708055805797585e-09,6.370818539380707e-08,5.8000129588009486e-08,6.635689260292565e-07,-61.78113959552441,-31.781139595524408,cir_coefficients_tau_mask,,"[1, 1, 1, 1, 27, 1]","[1, 1, 27]","[1, 1, 27]","[1, 1, 27]",,True,
15,3855,rx_cerberus_base,/home/telilab4090/Documents/Gazebo World/my_world/rt_out/experiments/semantic_ablation_actor_200f/sionna_xml/frame_015_sionna.xml,30.0,0.0,0.0,2.4,4.074,-1.779,0.81,28000000000.0,19,1.574846919538686e-08,5.723669715962387e-08,4.148822796423701e-08,3.6233842592992005e-08,-74.40885606665418,-44.40885606665418,cir_coefficients_tau_mask,,"[1, 1, 1, 1, 19, 1]","[1, 1, 19]","[1, 1, 19]","[1, 1, 19]",,True,
15,3855,rx_nao_chest,/home/telilab4090/Documents/Gazebo World/my_world/rt_out/experiments/semantic_ablation_actor_200f/sionna_xml/frame_015_sionna.xml,30.0,0.0,0.0,2.4,-0.1337,2.748,0.7,28000000000.0,24,1.0787783999433032e-08,6.209720737615498e-08,5.130942337672195e-08,7.249248312746204e-08,-71.39707023849851,-41.397070238498515,cir_coefficients_tau_mask,,"[1, 1, 1, 1, 24, 1]","[1, 1, 24]","[1, 1, 24]","[1, 1, 24]",,True,
15,3855,rx_human_chest,/home/telilab4090/Documents/Gazebo World/my_world/rt_out/experiments/semantic_ablation_actor_200f/sionna_xml/frame_015_sionna.xml,30.0,0.0,0.0,2.4,-1.4605,-0.8406,1.6421,28000000000.0,23,6.163341392806387e-09,6.568895827285814e-08,5.952561688005176e-08,2.2439071756252815e-07,-66.48995112633139,-36.48995112633139,cir_coefficients_tau_mask,,"[1, 1, 1, 1, 23, 1]","[1, 1, 23]","[1, 1, 23]","[1, 1, 23]",,True,
15,3855,rx_x500_body,/home/telilab4090/Documents/Gazebo World/my_world/rt_out/experiments/semantic_ablation_actor_200f/sionna_xml/frame_015_sionna.xml,30.0,0.0,0.0,2.4,-3.9279,3.2024,1.3944,28000000000.0,23,1.7234324189985273e-08,7.465505547088469e-08,5.742073128089942e-08,3.3723893011483597e-08,-74.72062297160716,-44.720622971607156,cir_coefficients_tau_mask,,"[1, 1, 1, 1, 23, 1]","[1, 1, 23]","[1, 1, 23]","[1, 1, 23]",,True,
16,4112,rx_panda_base,/home/telilab4090/Documents/Gazebo World/my_world/rt_out/experiments/semantic_ablation_actor_200f/sionna_xml/frame_016_sionna.xml,30.0,0.0,0.0,2.4,0.582,0.888,1.195,28000000000.0,30,7.579527228074312e-09,6.284866316264015e-08,5.526913593456584e-08,2.4321987979192272e-08,-76.14000930505047,-46.14000930505047,cir_coefficients_tau_mask,,"[1, 1, 1, 1, 30, 1]","[1, 1, 30]","[1, 1, 30]","[1, 1, 30]",,True,
16,4112,rx_ur5_base,/home/telilab4090/Documents/Gazebo World/my_world/rt_out/experiments/semantic_ablation_actor_200f/sionna_xml/frame_016_sionna.xml,30.0,0.0,0.0,2.4,0.497,-0.841,0.995,28000000000.0,28,5.708055805797585e-09,6.370818539380707e-08,5.8000129588009486e-08,6.635623890360876e-07,-61.781182379234345,-31.781182379234345,cir_coefficients_tau_mask,,"[1, 1, 1, 1, 28, 1]","[1, 1, 28]","[1, 1, 28]","[1, 1, 28]",,True,
16,4112,rx_cerberus_base,/home/telilab4090/Documents/Gazebo World/my_world/rt_out/experiments/semantic_ablation_actor_200f/sionna_xml/frame_016_sionna.xml,30.0,0.0,0.0,2.4,4.074,-1.779,0.81,28000000000.0,18,1.574846919538686e-08,5.723669715962387e-08,4.148822796423701e-08,3.621421384991663e-08,-74.41120938168608,-44.41120938168608,cir_coefficients_tau_mask,,"[1, 1, 1, 1, 18, 1]","[1, 1, 18]","[1, 1, 18]","[1, 1, 18]",,True,
16,4112,rx_nao_chest,/home/telilab4090/Documents/Gazebo World/my_world/rt_out/experiments/semantic_ablation_actor_200f/sionna_xml/frame_016_sionna.xml,30.0,0.0,0.0,2.4,-0.1337,2.748,0.7,28000000000.0,23,1.0787783999433032e-08,6.209720737615498e-08,5.130942337672195e-08,7.236335619609235e-08,-71.40481298865271,-41.40481298865271,cir_coefficients_tau_mask,,"[1, 1, 1, 1, 23, 1]","[1, 1, 23]","[1, 1, 23]","[1, 1, 23]",,True,
16,4112,rx_human_chest,/home/telilab4090/Documents/Gazebo World/my_world/rt_out/experiments/semantic_ablation_actor_200f/sionna_xml/frame_016_sionna.xml,30.0,0.0,0.0,2.4,-1.4605,-0.8406,1.6421,28000000000.0,23,6.163341392806387e-09,6.568895827285814e-08,5.952561688005176e-08,2.2439071756252815e-07,-66.48995112633139,-36.48995112633139,cir_coefficients_tau_mask,,"[1, 1, 1, 1, 23, 1]","[1, 1, 23]","[1, 1, 23]","[1, 1, 23]",,True,
16,4112,rx_x500_body,/home/telilab4090/Documents/Gazebo World/my_world/rt_out/experiments/semantic_ablation_actor_200f/sionna_xml/frame_016_sionna.xml,30.0,0.0,0.0,2.4,-3.9279,3.2024,1.3944,28000000000.0,23,1.7234324189985273e-08,7.465505547088469e-08,5.742073128089942e-08,3.3723893011483597e-08,-74.72062297160716,-44.720622971607156,cir_coefficients_tau_mask,,"[1, 1, 1, 1, 23, 1]","[1, 1, 23]","[1, 1, 23]","[1, 1, 23]",,True,
17,4369,rx_panda_base,/home/telilab4090/Documents/Gazebo World/my_world/rt_out/experiments/semantic_ablation_actor_200f/sionna_xml/frame_017_sionna.xml,30.0,0.0,0.0,2.4,0.582,0.888,1.195,28000000000.0,30,7.579527228074312e-09,6.284866316264015e-08,5.526913593456584e-08,2.4321987979192272e-08,-76.14000930505047,-46.14000930505047,cir_coefficients_tau_mask,,"[1, 1, 1, 1, 30, 1]","[1, 1, 30]","[1, 1, 30]","[1, 1, 30]",,True,
17,4369,rx_ur5_base,/home/telilab4090/Documents/Gazebo World/my_world/rt_out/experiments/semantic_ablation_actor_200f/sionna_xml/frame_017_sionna.xml,30.0,0.0,0.0,2.4,0.497,-0.841,0.995,28000000000.0,28,5.708055805797585e-09,6.370818539380707e-08,5.8000129588009486e-08,6.635616500716424e-07,-61.78118721568025,-31.781187215680248,cir_coefficients_tau_mask,,"[1, 1, 1, 1, 28, 1]","[1, 1, 28]","[1, 1, 28]","[1, 1, 28]",,True,
17,4369,rx_cerberus_base,/home/telilab4090/Documents/Gazebo World/my_world/rt_out/experiments/semantic_ablation_actor_200f/sionna_xml/frame_017_sionna.xml,30.0,0.0,0.0,2.4,4.074,-1.779,0.81,28000000000.0,18,1.574846919538686e-08,5.723669715962387e-08,4.148822796423701e-08,3.621421384991663e-08,-74.41120938168608,-44.41120938168608,cir_coefficients_tau_mask,,"[1, 1, 1, 1, 18, 1]","[1, 1, 18]","[1, 1, 18]","[1, 1, 18]",,True,
17,4369,rx_nao_chest,/home/telilab4090/Documents/Gazebo World/my_world/rt_out/experiments/semantic_ablation_actor_200f/sionna_xml/frame_017_sionna.xml,30.0,0.0,0.0,2.4,-0.1337,2.748,0.7,28000000000.0,23,1.0787783999433032e-08,6.209720737615498e-08,5.130942337672195e-08,7.236335619609235e-08,-71.40481298865271,-41.40481298865271,cir_coefficients_tau_mask,,"[1, 1, 1, 1, 23, 1]","[1, 1, 23]","[1, 1, 23]","[1, 1, 23]",,True,
17,4369,rx_human_chest,/home/telilab4090/Documents/Gazebo World/my_world/rt_out/experiments/semantic_ablation_actor_200f/sionna_xml/frame_017_sionna.xml,30.0,0.0,0.0,2.4,-1.4605,-0.8406,1.6421,28000000000.0,23,6.163341392806387e-09,6.568895827285814e-08,5.952561688005176e-08,2.2439071756252815e-07,-66.48995112633139,-36.48995112633139,cir_coefficients_tau_mask,,"[1, 1, 1, 1, 23, 1]","[1, 1, 23]","[1, 1, 23]","[1, 1, 23]",,True,
17,4369,rx_x500_body,/home/telilab4090/Documents/Gazebo World/my_world/rt_out/experiments/semantic_ablation_actor_200f/sionna_xml/frame_017_sionna.xml,30.0,0.0,0.0,2.4,-3.9279,3.2024,1.3944,28000000000.0,23,1.7234324189985273e-08,7.465505547088469e-08,5.742073128089942e-08,3.372388945876992e-08,-74.72062342912375,-44.72062342912375,cir_coefficients_tau_mask,,"[1, 1, 1, 1, 23, 1]","[1, 1, 23]","[1, 1, 23]","[1, 1, 23]",,True,
18,4626,rx_panda_base,/home/telilab4090/Documents/Gazebo World/my_world/rt_out/experiments/semantic_ablation_actor_200f/sionna_xml/frame_018_sionna.xml,30.0,0.0,0.0,2.4,0.582,0.888,1.195,28000000000.0,30,7.579527228074312e-09,6.284866316264015e-08,5.526913593456584e-08,2.432199153190595e-08,-76.14000867067641,-46.14000867067641,cir_coefficients_tau_mask,,"[1, 1, 1, 1, 30, 1]","[1, 1, 30]","[1, 1, 30]","[1, 1, 30]",,True,
18,4626,rx_ur5_base,/home/telilab4090/Documents/Gazebo World/my_world/rt_out/experiments/semantic_ablation_actor_200f/sionna_xml/frame_018_sionna.xml,30.0,0.0,0.0,2.4,0.497,-0.841,0.995,28000000000.0,28,5.708055805797585e-09,6.370818539380707e-08,5.8000129588009486e-08,6.635616500716424e-07,-61.78118721568025,-31.781187215680248,cir_coefficients_tau_mask,,"[1, 1, 1, 1, 28, 1]","[1, 1, 28]","[1, 1, 28]","[1, 1, 28]",,True,
18,4626,rx_cerberus_base,/home/telilab4090/Documents/Gazebo World/my_world/rt_out/experiments/semantic_ablation_actor_200f/sionna_xml/frame_018_sionna.xml,30.0,0.0,0.0,2.4,4.074,-1.779,0.81,28000000000.0,18,1.574846919538686e-08,5.723669715962387e-08,4.148822796423701e-08,3.621421384991663e-08,-74.41120938168608,-44.41120938168608,cir_coefficients_tau_mask,,"[1, 1, 1, 1, 18, 1]","[1, 1, 18]","[1, 1, 18]","[1, 1, 18]",,True,
18,4626,rx_nao_chest,/home/telilab4090/Documents/Gazebo World/my_world/rt_out/experiments/semantic_ablation_actor_200f/sionna_xml/frame_018_sionna.xml,30.0,0.0,0.0,2.4,-0.1337,2.748,0.7,28000000000.0,23,1.0787783999433032e-08,6.209720737615498e-08,5.130942337672195e-08,7.236335619609235e-08,-71.40481298865271,-41.40481298865271,cir_coefficients_tau_mask,,"[1, 1, 1, 1, 23, 1]","[1, 1, 23]","[1, 1, 23]","[1, 1, 23]",,True,
18,4626,rx_human_chest,/home/telilab4090/Documents/Gazebo World/my_world/rt_out/experiments/semantic_ablation_actor_200f/sionna_xml/frame_018_sionna.xml,30.0,0.0,0.0,2.4,-1.4605,-0.8406,1.6421,28000000000.0,23,6.163341392806387e-09,6.568895827285814e-08,5.952561688005176e-08,2.2439070335167344e-07,-66.48995140137379,-36.48995140137379,cir_coefficients_tau_mask,,"[1, 1, 1, 1, 23, 1]","[1, 1, 23]","[1, 1, 23]","[1, 1, 23]",,True,
18,4626,rx_x500_body,/home/telilab4090/Documents/Gazebo World/my_world/rt_out/experiments/semantic_ablation_actor_200f/sionna_xml/frame_018_sionna.xml,30.0,0.0,0.0,2.4,-3.9279,3.2024,1.3944,28000000000.0,23,1.7234324189985273e-08,7.465505547088469e-08,5.742073128089942e-08,3.372388945876992e-08,-74.72062342912375,-44.72062342912375,cir_coefficients_tau_mask,,"[1, 1, 1, 1, 23, 1]","[1, 1, 23]","[1, 1, 23]","[1, 1, 23]",,True,
19,4883,rx_panda_base,/home/telilab4090/Documents/Gazebo World/my_world/rt_out/experiments/semantic_ablation_actor_200f/sionna_xml/frame_019_sionna.xml,30.0,0.0,0.0,2.4,0.582,0.888,1.195,28000000000.0,29,5.357098764591228e-09,6.284866316264015e-08,5.749156439804892e-08,2.9479323870873486e-07,-65.30482481549625,-35.30482481549625,cir_coefficients_tau_mask,,"[1, 1, 1, 1, 29, 1]","[1, 1, 29]","[1, 1, 29]","[1, 1, 29]",,True,
19,4883,rx_ur5_base,/home/telilab4090/Documents/Gazebo World/my_world/rt_out/experiments/semantic_ablation_actor_200f/sionna_xml/frame_019_sionna.xml,30.0,0.0,0.0,2.4,0.497,-0.841,0.995,28000000000.0,28,5.708055805797585e-09,6.370818539380707e-08,5.8000129588009486e-08,7.195033617790614e-07,-61.42967172542268,-31.42967172542268,cir_coefficients_tau_mask,,"[1, 1, 1, 1, 28, 1]","[1, 1, 28]","[1, 1, 28]","[1, 1, 28]",,True,
19,4883,rx_cerberus_base,/home/telilab4090/Documents/Gazebo World/my_world/rt_out/experiments/semantic_ablation_actor_200f/sionna_xml/frame_019_sionna.xml,30.0,0.0,0.0,2.4,4.074,-1.779,0.81,28000000000.0,18,1.574846919538686e-08,5.723669715962387e-08,4.148822796423701e-08,3.621421384991663e-08,-74.41120938168608,-44.41120938168608,cir_coefficients_tau_mask,,"[1, 1, 1, 1, 18, 1]","[1, 1, 18]","[1, 1, 18]","[1, 1, 18]",,True,
19,4883,rx_nao_chest,/home/telilab4090/Documents/Gazebo World/my_world/rt_out/experiments/semantic_ablation_actor_200f/sionna_xml/frame_019_sionna.xml,30.0,0.0,0.0,2.4,-0.1337,2.748,0.7,28000000000.0,24,1.0787783999433032e-08,6.209720737615498e-08,5.130942337672195e-08,7.24924902328894e-08,-71.3970698128202,-41.397069812820206,cir_coefficients_tau_mask,,"[1, 1, 1, 1, 24, 1]","[1, 1, 24]","[1, 1, 24]","[1, 1, 24]",,True,
19,4883,rx_human_chest,/home/telilab4090/Documents/Gazebo World/my_world/rt_out/experiments/semantic_ablation_actor_200f/sionna_xml/frame_019_sionna.xml,30.0,0.0,0.0,2.4,-1.4605,-0.8406,1.6421,28000000000.0,23,6.163341392806387e-09,6.568895827285814e-08,5.952561688005176e-08,2.2439070335167344e-07,-66.48995140137379,-36.48995140137379,cir_coefficients_tau_mask,,"[1, 1, 1, 1, 23, 1]","[1, 1, 23]","[1, 1, 23]","[1, 1, 23]",,True,
19,4883,rx_x500_body,/home/telilab4090/Documents/Gazebo World/my_world/rt_out/experiments/semantic_ablation_actor_200f/sionna_xml/frame_019_sionna.xml,30.0,0.0,0.0,2.4,-3.9279,3.2024,1.3944,28000000000.0,23,1.7234324189985273e-08,7.465505547088469e-08,5.742073128089942e-08,3.372388945876992e-08,-74.72062342912375,-44.72062342912375,cir_coefficients_tau_mask,,"[1, 1, 1, 1, 23, 1]","[1, 1, 23]","[1, 1, 23]","[1, 1, 23]",,True,
20,5140,rx_panda_base,/home/telilab4090/Documents/Gazebo World/my_world/rt_out/experiments/semantic_ablation_actor_200f/sionna_xml/frame_020_sionna.xml,30.0,0.0,0.0,2.4,0.582,0.888,1.195,28000000000.0,24,5.357098764591228e-09,6.284866316264015e-08,5.749156439804892e-08,2.841406399056723e-07,-65.46466645810595,-35.46466645810595,cir_coefficients_tau_mask,,"[1, 1, 1, 1, 24, 1]","[1, 1, 24]","[1, 1, 24]","[1, 1, 24]",,True,
20,5140,rx_ur5_base,/home/telilab4090/Documents/Gazebo World/my_world/rt_out/experiments/semantic_ablation_actor_200f/sionna_xml/frame_020_sionna.xml,30.0,0.0,0.0,2.4,0.497,-0.841,0.995,28000000000.0,24,5.708055805797585e-09,6.370818539380707e-08,5.8000129588009486e-08,7.19402237336908e-07,-61.43028215862014,-31.430282158620138,cir_coefficients_tau_mask,,"[1, 1, 1, 1, 24, 1]","[1, 1, 24]","[1, 1, 24]","[1, 1, 24]",,True,
20,5140,rx_cerberus_base,/home/telilab4090/Documents/Gazebo World/my_world/rt_out/experiments/semantic_ablation_actor_200f/sionna_xml/frame_020_sionna.xml,30.0,0.0,0.0,2.4,4.074,-1.779,0.81,28000000000.0,18,1.574846919538686e-08,5.723669715962387e-08,4.148822796423701e-08,3.621421740263031e-08,-74.4112089556313,-44.411208955631295,cir_coefficients_tau_mask,,"[1, 1, 1, 1, 18, 1]","[1, 1, 18]","[1, 1, 18]","[1, 1, 18]",,True,
20,5140,rx_nao_chest,/home/telilab4090/Documents/Gazebo World/my_world/rt_out/experiments/semantic_ablation_actor_200f/sionna_xml/frame_020_sionna.xml,30.0,0.0,0.0,2.4,-0.1337,2.748,0.7,28000000000.0,22,1.0787783999433032e-08,6.209720737615498e-08,5.130942337672195e-08,7.231477638924844e-08,-71.40772952378627,-41.40772952378627,cir_coefficients_tau_mask,,"[1, 1, 1, 1, 22, 1]","[1, 1, 22]","[1, 1, 22]","[1, 1, 22]",,True,
20,5140,rx_human_chest,/home/telilab4090/Documents/Gazebo World/my_world/rt_out/experiments/semantic_ablation_actor_200f/sionna_xml/frame_020_sionna.xml,30.0,0.0,0.0,2.4,-1.4605,-0.8406,1.6421,28000000000.0,23,6.163341392806387e-09,6.568895827285814e-08,5.952561688005176e-08,2.2439073177338287e-07,-66.48995085128901,-36.48995085128901,cir_coefficients_tau_mask,,"[1, 1, 1, 1, 23, 1]","[1, 1, 23]","[1, 1, 23]","[1, 1, 23]",,True,
20,5140,rx_x500_body,/home/telilab4090/Documents/Gazebo World/my_world/rt_out/experiments/semantic_ablation_actor_200f/sionna_xml/frame_020_sionna.xml,30.0,0.0,0.0,2.4,-3.9279,3.2024,1.3944,28000000000.0,23,1.7234324189985273e-08,7.465505547088469e-08,5.742073128089942e-08,3.372388945876992e-08,-74.72062342912375,-44.72062342912375,cir_coefficients_tau_mask,,"[1, 1, 1, 1, 23, 1]","[1, 1, 23]","[1, 1, 23]","[1, 1, 23]",,True,
21,5397,rx_panda_base,/home/telilab4090/Documents/Gazebo World/my_world/rt_out/experiments/semantic_ablation_actor_200f/sionna_xml/frame_021_sionna.xml,30.0,0.0,0.0,2.4,0.582,0.888,1.195,28000000000.0,20,5.357098764591228e-09,6.284866316264015e-08,5.749156439804892e-08,2.8406861929397564e-07,-65.4657673959701,-35.465767395970104,cir_coefficients_tau_mask,,"[1, 1, 1, 1, 20, 1]","[1, 1, 20]","[1, 1, 20]","[1, 1, 20]",,True,
21,5397,rx_ur5_base,/home/telilab4090/Documents/Gazebo World/my_world/rt_out/experiments/semantic_ablation_actor_200f/sionna_xml/frame_021_sionna.xml,30.0,0.0,0.0,2.4,0.497,-0.841,0.995,28000000000.0,24,5.708055805797585e-09,6.370818539380707e-08,5.8000129588009486e-08,7.208517445178586e-07,-61.42154046179944,-31.421540461799438,cir_coefficients_tau_mask,,"[1, 1, 1, 1, 24, 1]","[1, 1, 24]","[1, 1, 24]","[1, 1, 24]",,True,
21,5397,rx_cerberus_base,/home/telilab4090/Documents/Gazebo World/my_world/rt_out/experiments/semantic_ablation_actor_200f/sionna_xml/frame_021_sionna.xml,30.0,0.0,0.0,2.4,4.074,-1.779,0.81,28000000000.0,18,1.574846919538686e-08,5.723669715962387e-08,4.148822796423701e-08,3.621421740263031e-08,-74.4112089556313,-44.411208955631295,cir_coefficients_tau_mask,,"[1, 1, 1, 1, 18, 1]","[1, 1, 18]","[1, 1, 18]","[1, 1, 18]",,True,
21,5397,rx_nao_chest,/home/telilab4090/Documents/Gazebo World/my_world/rt_out/experiments/semantic_ablation_actor_200f/sionna_xml/frame_021_sionna.xml,30.0,0.0,0.0,2.4,-0.1337,2.748,0.7,28000000000.0,24,1.0787783999433032e-08,6.209720737615498e-08,5.130942337672195e-08,7.249248312746204e-08,-71.39707023849851,-41.397070238498515,cir_coefficients_tau_mask,,"[1, 1, 1, 1, 24, 1]","[1, 1, 24]","[1, 1, 24]","[1, 1, 24]",,True,
21,5397,rx_human_chest,/home/telilab4090/Documents/Gazebo World/my_world/rt_out/experiments/semantic_ablation_actor_200f/sionna_xml/frame_021_sionna.xml,30.0,0.0,0.0,2.4,-1.4605,-0.8406,1.6421,28000000000.0,23,6.163341392806387e-09,6.568895827285814e-08,5.952561688005176e-08,2.2439070335167344e-07,-66.48995140137379,-36.48995140137379,cir_coefficients_tau_mask,,"[1, 1, 1, 1, 23, 1]","[1, 1, 23]","[1, 1, 23]","[1, 1, 23]",,True,
21,5397,rx_x500_body,/home/telilab4090/Documents/Gazebo World/my_world/rt_out/experiments/semantic_ablation_actor_200f/sionna_xml/frame_021_sionna.xml,30.0,0.0,0.0,2.4,-3.9279,3.2024,1.3944,28000000000.0,23,1.7234324189985273e-08,7.465505547088469e-08,5.742073128089942e-08,3.372388945876992e-08,-74.72062342912375,-44.72062342912375,cir_coefficients_tau_mask,,"[1, 1, 1, 1, 23, 1]","[1, 1, 23]","[1, 1, 23]","[1, 1, 23]",,True,
22,5654,rx_panda_base,/home/telilab4090/Documents/Gazebo World/my_world/rt_out/experiments/semantic_ablation_actor_200f/sionna_xml/frame_022_sionna.xml,30.0,0.0,0.0,2.4,0.582,0.888,1.195,28000000000.0,24,5.357098764591228e-09,6.284866316264015e-08,5.749156439804892e-08,2.841406399056723e-07,-65.46466645810595,-35.46466645810595,cir_coefficients_tau_mask,,"[1, 1, 1, 1, 24, 1]","[1, 1, 24]","[1, 1, 24]","[1, 1, 24]",,True,
22,5654,rx_ur5_base,/home/telilab4090/Documents/Gazebo World/my_world/rt_out/experiments/semantic_ablation_actor_200f/sionna_xml/frame_022_sionna.xml,30.0,0.0,0.0,2.4,0.497,-0.841,0.995,28000000000.0,24,5.708055805797585e-09,6.370818539380707e-08,5.8000129588009486e-08,7.209146133391187e-07,-61.421161709971514,-31.421161709971514,cir_coefficients_tau_mask,,"[1, 1, 1, 1, 24, 1]","[1, 1, 24]","[1, 1, 24]","[1, 1, 24]",,True,
22,5654,rx_cerberus_base,/home/telilab4090/Documents/Gazebo World/my_world/rt_out/experiments/semantic_ablation_actor_200f/sionna_xml/frame_022_sionna.xml,30.0,0.0,0.0,2.4,4.074,-1.779,0.81,28000000000.0,18,1.574846919538686e-08,5.723669715962387e-08,4.148822796423701e-08,3.621421740263031e-08,-74.4112089556313,-44.411208955631295,cir_coefficients_tau_mask,,"[1, 1, 1, 1, 18, 1]","[1, 1, 18]","[1, 1, 18]","[1, 1, 18]",,True,
22,5654,rx_nao_chest,/home/telilab4090/Documents/Gazebo World/my_world/rt_out/experiments/semantic_ablation_actor_200f/sionna_xml/frame_022_sionna.xml,30.0,0.0,0.0,2.4,-0.1337,2.748,0.7,28000000000.0,24,1.0787783999433032e-08,6.209720737615498e-08,5.130942337672195e-08,7.249248312746204e-08,-71.39707023849851,-41.397070238498515,cir_coefficients_tau_mask,,"[1, 1, 1, 1, 24, 1]","[1, 1, 24]","[1, 1, 24]","[1, 1, 24]",,True,
22,5654,rx_human_chest,/home/telilab4090/Documents/Gazebo World/my_world/rt_out/experiments/semantic_ablation_actor_200f/sionna_xml/frame_022_sionna.xml,30.0,0.0,0.0,2.4,-1.4605,-0.8406,1.6421,28000000000.0,23,6.163341392806387e-09,6.568895827285814e-08,5.952561688005176e-08,2.2439071756252815e-07,-66.48995112633139,-36.48995112633139,cir_coefficients_tau_mask,,"[1, 1, 1, 1, 23, 1]","[1, 1, 23]","[1, 1, 23]","[1, 1, 23]",,True,
22,5654,rx_x500_body,/home/telilab4090/Documents/Gazebo World/my_world/rt_out/experiments/semantic_ablation_actor_200f/sionna_xml/frame_022_sionna.xml,30.0,0.0,0.0,2.4,-3.9279,3.2024,1.3944,28000000000.0,23,1.7234324189985273e-08,7.465505547088469e-08,5.742073128089942e-08,3.3723893011483597e-08,-74.72062297160716,-44.720622971607156,cir_coefficients_tau_mask,,"[1, 1, 1, 1, 23, 1]","[1, 1, 23]","[1, 1, 23]","[1, 1, 23]",,True,
23,5911,rx_panda_base,/home/telilab4090/Documents/Gazebo World/my_world/rt_out/experiments/semantic_ablation_actor_200f/sionna_xml/frame_023_sionna.xml,30.0,0.0,0.0,2.4,0.582,0.888,1.195,28000000000.0,24,5.357098764591228e-09,6.284866316264015e-08,5.749156439804892e-08,2.841406399056723e-07,-65.46466645810595,-35.46466645810595,cir_coefficients_tau_mask,,"[1, 1, 1, 1, 24, 1]","[1, 1, 24]","[1, 1, 24]","[1, 1, 24]",,True,
23,5911,rx_ur5_base,/home/telilab4090/Documents/Gazebo World/my_world/rt_out/experiments/semantic_ablation_actor_200f/sionna_xml/frame_023_sionna.xml,30.0,0.0,0.0,2.4,0.497,-0.841,0.995,28000000000.0,24,5.708055805797585e-09,6.370818539380707e-08,5.8000129588009486e-08,8.516767024957517e-07,-60.69725232660461,-30.697252326604612,cir_coefficients_tau_mask,,"[1, 1, 1, 1, 24, 1]","[1, 1, 24]","[1, 1, 24]","[1, 1, 24]",,True,
23,5911,rx_cerberus_base,/home/telilab4090/Documents/Gazebo World/my_world/rt_out/experiments/semantic_ablation_actor_200f/sionna_xml/frame_023_sionna.xml,30.0,0.0,0.0,2.4,4.074,-1.779,0.81,28000000000.0,18,1.574846919538686e-08,5.723669715962387e-08,4.148822796423701e-08,3.621421384991663e-08,-74.41120938168608,-44.41120938168608,cir_coefficients_tau_mask,,"[1, 1, 1, 1, 18, 1]","[1, 1, 18]","[1, 1, 18]","[1, 1, 18]",,True,
23,5911,rx_nao_chest,/home/telilab4090/Documents/Gazebo World/my_world/rt_out/experiments/semantic_ablation_actor_200f/sionna_xml/frame_023_sionna.xml,30.0,0.0,0.0,2.4,-0.1337,2.748,0.7,28000000000.0,24,1.0787783999433032e-08,6.209720737615498e-08,5.130942337672195e-08,7.24924902328894e-08,-71.3970698128202,-41.397069812820206,cir_coefficients_tau_mask,,"[1, 1, 1, 1, 24, 1]","[1, 1, 24]","[1, 1, 24]","[1, 1, 24]",,True,
23,5911,rx_human_chest,/home/telilab4090/Documents/Gazebo World/my_world/rt_out/experiments/semantic_ablation_actor_200f/sionna_xml/frame_023_sionna.xml,30.0,0.0,0.0,2.4,-1.4605,-0.8406,1.6421,28000000000.0,23,6.163341392806387e-09,6.568895827285814e-08,5.952561688005176e-08,2.2439070335167344e-07,-66.48995140137379,-36.48995140137379,cir_coefficients_tau_mask,,"[1, 1, 1, 1, 23, 1]","[1, 1, 23]","[1, 1, 23]","[1, 1, 23]",,True,
23,5911,rx_x500_body,/home/telilab4090/Documents/Gazebo World/my_world/rt_out/experiments/semantic_ablation_actor_200f/sionna_xml/frame_023_sionna.xml,30.0,0.0,0.0,2.4,-3.9279,3.2024,1.3944,28000000000.0,23,1.7234324189985273e-08,7.465505547088469e-08,5.742073128089942e-08,3.3723893011483597e-08,-74.72062297160716,-44.720622971607156,cir_coefficients_tau_mask,,"[1, 1, 1, 1, 23, 1]","[1, 1, 23]","[1, 1, 23]","[1, 1, 23]",,True,
24,6168,rx_panda_base,/home/telilab4090/Documents/Gazebo World/my_world/rt_out/experiments/semantic_ablation_actor_200f/sionna_xml/frame_024_sionna.xml,30.0,0.0,0.0,2.4,0.582,0.888,1.195,28000000000.0,24,5.357098764591228e-09,6.284866316264015e-08,5.749156439804892e-08,2.841406399056723e-07,-65.46466645810595,-35.46466645810595,cir_coefficients_tau_mask,,"[1, 1, 1, 1, 24, 1]","[1, 1, 24]","[1, 1, 24]","[1, 1, 24]",,True,
24,6168,rx_ur5_base,/home/telilab4090/Documents/Gazebo World/my_world/rt_out/experiments/semantic_ablation_actor_200f/sionna_xml/frame_024_sionna.xml,30.0,0.0,0.0,2.4,0.497,-0.841,0.995,28000000000.0,26,5.708055805797585e-09,6.370818539380707e-08,5.8000129588009486e-08,8.510851330356672e-07,-60.70026995781002,-30.700269957810022,cir_coefficients_tau_mask,,"[1, 1, 1, 1, 26, 1]","[1, 1, 26]","[1, 1, 26]","[1, 1, 26]",,True,
24,6168,rx_cerberus_base,/home/telilab4090/Documents/Gazebo World/my_world/rt_out/experiments/semantic_ablation_actor_200f/sionna_xml/frame_024_sionna.xml,30.0,0.0,0.0,2.4,4.074,-1.779,0.81,28000000000.0,18,1.574846919538686e-08,5.723669715962387e-08,4.148822796423701e-08,3.621421740263031e-08,-74.4112089556313,-44.411208955631295,cir_coefficients_tau_mask,,"[1, 1, 1, 1, 18, 1]","[1, 1, 18]","[1, 1, 18]","[1, 1, 18]",,True,
24,6168,rx_nao_chest,/home/telilab4090/Documents/Gazebo World/my_world/rt_out/experiments/semantic_ablation_actor_200f/sionna_xml/frame_024_sionna.xml,30.0,0.0,0.0,2.4,-0.1337,2.748,0.7,28000000000.0,24,1.0787783999433032e-08,6.209720737615498e-08,5.130942337672195e-08,7.24924902328894e-08,-71.3970698128202,-41.397069812820206,cir_coefficients_tau_mask,,"[1, 1, 1, 1, 24, 1]","[1, 1, 24]","[1, 1, 24]","[1, 1, 24]",,True,
24,6168,rx_human_chest,/home/telilab4090/Documents/Gazebo World/my_world/rt_out/experiments/semantic_ablation_actor_200f/sionna_xml/frame_024_sionna.xml,30.0,0.0,0.0,2.4,-1.4605,-0.8406,1.6421,28000000000.0,23,6.163341392806387e-09,6.568895827285814e-08,5.952561688005176e-08,2.2439071756252815e-07,-66.48995112633139,-36.48995112633139,cir_coefficients_tau_mask,,"[1, 1, 1, 1, 23, 1]","[1, 1, 23]","[1, 1, 23]","[1, 1, 23]",,True,
24,6168,rx_x500_body,/home/telilab4090/Documents/Gazebo World/my_world/rt_out/experiments/semantic_ablation_actor_200f/sionna_xml/frame_024_sionna.xml,30.0,0.0,0.0,2.4,-3.9279,3.2024,1.3944,28000000000.0,23,1.7234324189985273e-08,7.465505547088469e-08,5.742073128089942e-08,3.372388590605624e-08,-74.72062388664037,-44.72062388664037,cir_coefficients_tau_mask,,"[1, 1, 1, 1, 23, 1]","[1, 1, 23]","[1, 1, 23]","[1, 1, 23]",,True,
25,6425,rx_panda_base,/home/telilab4090/Documents/Gazebo World/my_world/rt_out/experiments/semantic_ablation_actor_200f/sionna_xml/frame_025_sionna.xml,30.0,0.0,0.0,2.4,0.582,0.888,1.195,28000000000.0,27,5.357098764591228e-09,6.284866316264015e-08,5.749156439804892e-08,3.0037242026992317e-07,-65.22339946083503,-35.223399460835026,cir_coefficients_tau_mask,,"[1, 1, 1, 1, 27, 1]","[1, 1, 27]","[1, 1, 27]","[1, 1, 27]",,True,
25,6425,rx_ur5_base,/home/telilab4090/Documents/Gazebo World/my_world/rt_out/experiments/semantic_ablation_actor_200f/sionna_xml/frame_025_sionna.xml,30.0,0.0,0.0,2.4,0.497,-0.841,0.995,28000000000.0,25,5.708055805797585e-09,6.370818539380707e-08,5.8000129588009486e-08,8.50686660669453e-07,-60.702303771669676,-30.702303771669676,cir_coefficients_tau_mask,,"[1, 1, 1, 1, 25, 1]","[1, 1, 25]","[1, 1, 25]","[1, 1, 25]",,True,
25,6425,rx_cerberus_base,/home/telilab4090/Documents/Gazebo World/my_world/rt_out/experiments/semantic_ablation_actor_200f/sionna_xml/frame_025_sionna.xml,30.0,0.0,0.0,2.4,4.074,-1.779,0.81,28000000000.0,18,1.574846919538686e-08,5.723669715962387e-08,4.148822796423701e-08,3.621421740263031e-08,-74.4112089556313,-44.411208955631295,cir_coefficients_tau_mask,,"[1, 1, 1, 1, 18, 1]","[1, 1, 18]","[1, 1, 18]","[1, 1, 18]",,True,
25,6425,rx_nao_chest,/home/telilab4090/Documents/Gazebo World/my_world/rt_out/experiments/semantic_ablation_actor_200f/sionna_xml/frame_025_sionna.xml,30.0,0.0,0.0,2.4,-0.1337,2.748,0.7,28000000000.0,24,1.0787783999433032e-08,6.209720737615498e-08,5.130942337672195e-08,7.24924902328894e-08,-71.3970698128202,-41.397069812820206,cir_coefficients_tau_mask,,"[1, 1, 1, 1, 24, 1]","[1, 1, 24]","[1, 1, 24]","[1, 1, 24]",,True,
25,6425,rx_human_chest,/home/telilab4090/Documents/Gazebo World/my_world/rt_out/experiments/semantic_ablation_actor_200f/sionna_xml/frame_025_sionna.xml,30.0,0.0,0.0,2.4,-1.4605,-0.8406,1.6421,28000000000.0,23,6.163341392806387e-09,6.568895827285814e-08,5.952561688005176e-08,2.2439070335167344e-07,-66.48995140137379,-36.48995140137379,cir_coefficients_tau_mask,,"[1, 1, 1, 1, 23, 1]","[1, 1, 23]","[1, 1, 23]","[1, 1, 23]",,True,
25,6425,rx_x500_body,/home/telilab4090/Documents/Gazebo World/my_world/rt_out/experiments/semantic_ablation_actor_200f/sionna_xml/frame_025_sionna.xml,30.0,0.0,0.0,2.4,-3.9279,3.2024,1.3944,28000000000.0,23,1.7234324189985273e-08,7.465505547088469e-08,5.742073128089942e-08,3.3723893011483597e-08,-74.72062297160716,-44.720622971607156,cir_coefficients_tau_mask,,"[1, 1, 1, 1, 23, 1]","[1, 1, 23]","[1, 1, 23]","[1, 1, 23]",,True,
26,6682,rx_panda_base,/home/telilab4090/Documents/Gazebo World/my_world/rt_out/experiments/semantic_ablation_actor_200f/sionna_xml/frame_026_sionna.xml,30.0,0.0,0.0,2.4,0.582,0.888,1.195,28000000000.0,31,5.357098764591228e-09,6.284866316264015e-08,5.749156439804892e-08,3.004476809564949e-07,-65.22231143794808,-35.22231143794808,cir_coefficients_tau_mask,,"[1, 1, 1, 1, 31, 1]","[1, 1, 31]","[1, 1, 31]","[1, 1, 31]",,True,
26,6682,rx_ur5_base,/home/telilab4090/Documents/Gazebo World/my_world/rt_out/experiments/semantic_ablation_actor_200f/sionna_xml/frame_026_sionna.xml,30.0,0.0,0.0,2.4,0.497,-0.841,0.995,28000000000.0,25,5.708055805797585e-09,6.370818539380707e-08,5.8000129588009486e-08,8.506630138072069e-07,-60.70242449584463,-30.70242449584463,cir_coefficients_tau_mask,,"[1, 1, 1, 1, 25, 1]","[1, 1, 25]","[1, 1, 25]","[1, 1, 25]",,True,
26,6682,rx_cerberus_base,/home/telilab4090/Documents/Gazebo World/my_world/rt_out/experiments/semantic_ablation_actor_200f/sionna_xml/frame_026_sionna.xml,30.0,0.0,0.0,2.4,4.074,-1.779,0.81,28000000000.0,18,1.574846919538686e-08,5.723669715962387e-08,4.148822796423701e-08,3.621421384991663e-08,-74.41120938168608,-44.41120938168608,cir_coefficients_tau_mask,,"[1, 1, 1, 1, 18, 1]","[1, 1, 18]","[1, 1, 18]","[1, 1, 18]",,True,
26,6682,rx_nao_chest,/home/telilab4090/Documents/Gazebo World/my_world/rt_out/experiments/semantic_ablation_actor_200f/sionna_xml/frame_026_sionna.xml,30.0,0.0,0.0,2.4,-0.1337,2.748,0.7,28000000000.0,24,1.0787783999433032e-08,6.209720737615498e-08,5.130942337672195e-08,7.24924902328894e-08,-71.3970698128202,-41.397069812820206,cir_coefficients_tau_mask,,"[1, 1, 1, 1, 24, 1]","[1, 1, 24]","[1, 1, 24]","[1, 1, 24]",,True,
26,6682,rx_human_chest,/home/telilab4090/Documents/Gazebo World/my_world/rt_out/experiments/semantic_ablation_actor_200f/sionna_xml/frame_026_sionna.xml,30.0,0.0,0.0,2.4,-1.4605,-0.8406,1.6421,28000000000.0,23,6.163341392806387e-09,6.568895827285814e-08,5.952561688005176e-08,2.2439071756252815e-07,-66.48995112633139,-36.48995112633139,cir_coefficients_tau_mask,,"[1, 1, 1, 1, 23, 1]","[1, 1, 23]","[1, 1, 23]","[1, 1, 23]",,True,
26,6682,rx_x500_body,/home/telilab4090/Documents/Gazebo World/my_world/rt_out/experiments/semantic_ablation_actor_200f/sionna_xml/frame_026_sionna.xml,30.0,0.0,0.0,2.4,-3.9279,3.2024,1.3944,28000000000.0,23,1.7234324189985273e-08,7.465505547088469e-08,5.742073128089942e-08,3.372388945876992e-08,-74.72062342912375,-44.72062342912375,cir_coefficients_tau_mask,,"[1, 1, 1, 1, 23, 1]","[1, 1, 23]","[1, 1, 23]","[1, 1, 23]",,True,
27,6939,rx_panda_base,/home/telilab4090/Documents/Gazebo World/my_world/rt_out/experiments/semantic_ablation_actor_200f/sionna_xml/frame_027_sionna.xml,30.0,0.0,0.0,2.4,0.582,0.888,1.195,28000000000.0,31,5.357098764591228e-09,6.284866316264015e-08,5.749156439804892e-08,3.004476809564949e-07,-65.22231143794808,-35.22231143794808,cir_coefficients_tau_mask,,"[1, 1, 1, 1, 31, 1]","[1, 1, 31]","[1, 1, 31]","[1, 1, 31]",,True,
27,6939,rx_ur5_base,/home/telilab4090/Documents/Gazebo World/my_world/rt_out/experiments/semantic_ablation_actor_200f/sionna_xml/frame_027_sionna.xml,30.0,0.0,0.0,2.4,0.497,-0.841,0.995,28000000000.0,25,5.708055805797585e-09,6.370818539380707e-08,5.8000129588009486e-08,8.506435165145376e-07,-60.70252403777276,-30.70252403777276,cir_coefficients_tau_mask,,"[1, 1, 1, 1, 25, 1]","[1, 1, 25]","[1, 1, 25]","[1, 1, 25]",,True,
27,6939,rx_cerberus_base,/home/telilab4090/Documents/Gazebo World/my_world/rt_out/experiments/semantic_ablation_actor_200f/sionna_xml/frame_027_sionna.xml,30.0,0.0,0.0,2.4,4.074,-1.779,0.81,28000000000.0,18,1.574846919538686e-08,5.723669715962387e-08,4.148822796423701e-08,3.621421384991663e-08,-74.41120938168608,-44.41120938168608,cir_coefficients_tau_mask,,"[1, 1, 1, 1, 18, 1]","[1, 1, 18]","[1, 1, 18]","[1, 1, 18]",,True,
27,6939,rx_nao_chest,/home/telilab4090/Documents/Gazebo World/my_world/rt_out/experiments/semantic_ablation_actor_200f/sionna_xml/frame_027_sionna.xml,30.0,0.0,0.0,2.4,-0.1337,2.748,0.7,28000000000.0,24,1.0787783999433032e-08,6.209720737615498e-08,5.130942337672195e-08,7.24924902328894e-08,-71.3970698128202,-41.397069812820206,cir_coefficients_tau_mask,,"[1, 1, 1, 1, 24, 1]","[1, 1, 24]","[1, 1, 24]","[1, 1, 24]",,True,
27,6939,rx_human_chest,/home/telilab4090/Documents/Gazebo World/my_world/rt_out/experiments/semantic_ablation_actor_200f/sionna_xml/frame_027_sionna.xml,30.0,0.0,0.0,2.4,-1.4605,-0.8406,1.6421,28000000000.0,23,6.163341392806387e-09,6.568895827285814e-08,5.952561688005176e-08,2.2439071756252815e-07,-66.48995112633139,-36.48995112633139,cir_coefficients_tau_mask,,"[1, 1, 1, 1, 23, 1]","[1, 1, 23]","[1, 1, 23]","[1, 1, 23]",,True,
27,6939,rx_x500_body,/home/telilab4090/Documents/Gazebo World/my_world/rt_out/experiments/semantic_ablation_actor_200f/sionna_xml/frame_027_sionna.xml,30.0,0.0,0.0,2.4,-3.9279,3.2024,1.3944,28000000000.0,23,1.7234324189985273e-08,7.465505547088469e-08,5.742073128089942e-08,3.372388945876992e-08,-74.72062342912375,-44.72062342912375,cir_coefficients_tau_mask,,"[1, 1, 1, 1, 23, 1]","[1, 1, 23]","[1, 1, 23]","[1, 1, 23]",,True,
28,7196,rx_panda_base,/home/telilab4090/Documents/Gazebo World/my_world/rt_out/experiments/semantic_ablation_actor_200f/sionna_xml/frame_028_sionna.xml,30.0,0.0,0.0,2.4,0.582,0.888,1.195,28000000000.0,31,5.357098764591228e-09,6.284866316264015e-08,5.749156439804892e-08,3.0044765253478545e-07,-65.2223118487814,-35.2223118487814,cir_coefficients_tau_mask,,"[1, 1, 1, 1, 31, 1]","[1, 1, 31]","[1, 1, 31]","[1, 1, 31]",,True,
28,7196,rx_ur5_base,/home/telilab4090/Documents/Gazebo World/my_world/rt_out/experiments/semantic_ablation_actor_200f/sionna_xml/frame_028_sionna.xml,30.0,0.0,0.0,2.4,0.497,-0.841,0.995,28000000000.0,28,5.708055805797585e-09,6.370818539380707e-08,5.8000129588009486e-08,8.172062280209502e-07,-60.87668332219686,-30.87668332219686,cir_coefficients_tau_mask,,"[1, 1, 1, 1, 28, 1]","[1, 1, 28]","[1, 1, 28]","[1, 1, 28]",,True,
28,7196,rx_cerberus_base,/home/telilab4090/Documents/Gazebo World/my_world/rt_out/experiments/semantic_ablation_actor_200f/sionna_xml/frame_028_sionna.xml,30.0,0.0,0.0,2.4,4.074,-1.779,0.81,28000000000.0,18,1.574846919538686e-08,5.723669715962387e-08,4.148822796423701e-08,3.621421384991663e-08,-74.41120938168608,-44.41120938168608,cir_coefficients_tau_mask,,"[1, 1, 1, 1, 18, 1]","[1, 1, 18]","[1, 1, 18]","[1, 1, 18]",,True,
28,7196,rx_nao_chest,/home/telilab4090/Documents/Gazebo World/my_world/rt_out/experiments/semantic_ablation_actor_200f/sionna_xml/frame_028_sionna.xml,30.0,0.0,0.0,2.4,-0.1337,2.748,0.7,28000000000.0,24,1.0787783999433032e-08,6.209720737615498e-08,5.130942337672195e-08,7.24924902328894e-08,-71.3970698128202,-41.397069812820206,cir_coefficients_tau_mask,,"[1, 1, 1, 1, 24, 1]","[1, 1, 24]","[1, 1, 24]","[1, 1, 24]",,True,
28,7196,rx_human_chest,/home/telilab4090/Documents/Gazebo World/my_world/rt_out/experiments/semantic_ablation_actor_200f/sionna_xml/frame_028_sionna.xml,30.0,0.0,0.0,2.4,-1.4605,-0.8406,1.6421,28000000000.0,23,6.163341392806387e-09,6.568895827285814e-08,5.952561688005176e-08,2.2439073177338287e-07,-66.48995085128901,-36.48995085128901,cir_coefficients_tau_mask,,"[1, 1, 1, 1, 23, 1]","[1, 1, 23]","[1, 1, 23]","[1, 1, 23]",,True,
28,7196,rx_x500_body,/home/telilab4090/Documents/Gazebo World/my_world/rt_out/experiments/semantic_ablation_actor_200f/sionna_xml/frame_028_sionna.xml,30.0,0.0,0.0,2.4,-3.9279,3.2024,1.3944,28000000000.0,23,1.7234324189985273e-08,7.465505547088469e-08,5.742073128089942e-08,3.3723893011483597e-08,-74.72062297160716,-44.720622971607156,cir_coefficients_tau_mask,,"[1, 1, 1, 1, 23, 1]","[1, 1, 23]","[1, 1, 23]","[1, 1, 23]",,True,
29,7453,rx_panda_base,/home/telilab4090/Documents/Gazebo World/my_world/rt_out/experiments/semantic_ablation_actor_200f/sionna_xml/frame_029_sionna.xml,30.0,0.0,0.0,2.4,0.582,0.888,1.195,28000000000.0,31,5.357098764591228e-09,6.284866316264015e-08,5.749156439804892e-08,3.0044765253478545e-07,-65.2223118487814,-35.2223118487814,cir_coefficients_tau_mask,,"[1, 1, 1, 1, 31, 1]","[1, 1, 31]","[1, 1, 31]","[1, 1, 31]",,True,
29,7453,rx_ur5_base,/home/telilab4090/Documents/Gazebo World/my_world/rt_out/experiments/semantic_ablation_actor_200f/sionna_xml/frame_029_sionna.xml,30.0,0.0,0.0,2.4,0.497,-0.841,0.995,28000000000.0,28,5.708055805797585e-09,6.370818539380707e-08,5.8000129588009486e-08,8.171841727744322e-07,-60.87680053374994,-30.876800533749943,cir_coefficients_tau_mask,,"[1, 1, 1, 1, 28, 1]","[1, 1, 28]","[1, 1, 28]","[1, 1, 28]",,True,
29,7453,rx_cerberus_base,/home/telilab4090/Documents/Gazebo World/my_world/rt_out/experiments/semantic_ablation_actor_200f/sionna_xml/frame_029_sionna.xml,30.0,0.0,0.0,2.4,4.074,-1.779,0.81,28000000000.0,18,1.574846919538686e-08,5.723669715962387e-08,4.148822796423701e-08,3.621421740263031e-08,-74.4112089556313,-44.411208955631295,cir_coefficients_tau_mask,,"[1, 1, 1, 1, 18, 1]","[1, 1, 18]","[1, 1, 18]","[1, 1, 18]",,True,
29,7453,rx_nao_chest,/home/telilab4090/Documents/Gazebo World/my_world/rt_out/experiments/semantic_ablation_actor_200f/sionna_xml/frame_029_sionna.xml,30.0,0.0,0.0,2.4,-0.1337,2.748,0.7,28000000000.0,24,1.0787783999433032e-08,6.209720737615498e-08,5.130942337672195e-08,7.24924902328894e-08,-71.3970698128202,-41.397069812820206,cir_coefficients_tau_mask,,"[1, 1, 1, 1, 24, 1]","[1, 1, 24]","[1, 1, 24]","[1, 1, 24]",,True,
29,7453,rx_human_chest,/home/telilab4090/Documents/Gazebo World/my_world/rt_out/experiments/semantic_ablation_actor_200f/sionna_xml/frame_029_sionna.xml,30.0,0.0,0.0,2.4,-1.4605,-0.8406,1.6421,28000000000.0,23,6.163341392806387e-09,6.568895827285814e-08,5.952561688005176e-08,2.2439070335167344e-07,-66.48995140137379,-36.48995140137379,cir_coefficients_tau_mask,,"[1, 1, 1, 1, 23, 1]","[1, 1, 23]","[1, 1, 23]","[1, 1, 23]",,True,
29,7453,rx_x500_body,/home/telilab4090/Documents/Gazebo World/my_world/rt_out/experiments/semantic_ablation_actor_200f/sionna_xml/frame_029_sionna.xml,30.0,0.0,0.0,2.4,-3.9279,3.2024,1.3944,28000000000.0,23,1.7234324189985273e-08,7.465505547088469e-08,5.742073128089942e-08,3.372388945876992e-08,-74.72062342912375,-44.72062342912375,cir_coefficients_tau_mask,,"[1, 1, 1, 1, 23, 1]","[1, 1, 23]","[1, 1, 23]","[1, 1, 23]",,True,
30,7710,rx_panda_base,/home/telilab4090/Documents/Gazebo World/my_world/rt_out/experiments/semantic_ablation_actor_200f/sionna_xml/frame_030_sionna.xml,30.0,0.0,0.0,2.4,0.582,0.888,1.195,28000000000.0,31,5.357098764591228e-09,6.284866316264015e-08,5.749156439804892e-08,3.004476809564949e-07,-65.22231143794808,-35.22231143794808,cir_coefficients_tau_mask,,"[1, 1, 1, 1, 31, 1]","[1, 1, 31]","[1, 1, 31]","[1, 1, 31]",,True,
30,7710,rx_ur5_base,/home/telilab4090/Documents/Gazebo World/my_world/rt_out/experiments/semantic_ablation_actor_200f/sionna_xml/frame_030_sionna.xml,30.0,0.0,0.0,2.4,0.497,-0.841,0.995,28000000000.0,29,5.708055805797585e-09,6.370818539380707e-08,5.8000129588009486e-08,8.172424941221834e-07,-60.876490594613124,-30.876490594613124,cir_coefficients_tau_mask,,"[1, 1, 1, 1, 29, 1]","[1, 1, 29]","[1, 1, 29]","[1, 1, 29]",,True,
30,7710,rx_cerberus_base,/home/telilab4090/Documents/Gazebo World/my_world/rt_out/experiments/semantic_ablation_actor_200f/sionna_xml/frame_030_sionna.xml,30.0,0.0,0.0,2.4,4.074,-1.779,0.81,28000000000.0,17,1.574846919538686e-08,5.723669715962387e-08,4.148822796423701e-08,3.615688370928183e-08,-74.41809007571236,-44.41809007571236,cir_coefficients_tau_mask,,"[1, 1, 1, 1, 17, 1]","[1, 1, 17]","[1, 1, 17]","[1, 1, 17]",,True,
30,7710,rx_nao_chest,/home/telilab4090/Documents/Gazebo World/my_world/rt_out/experiments/semantic_ablation_actor_200f/sionna_xml/frame_030_sionna.xml,30.0,0.0,0.0,2.4,-0.1337,2.748,0.7,28000000000.0,24,1.0787783999433032e-08,6.209720737615498e-08,5.130942337672195e-08,7.24924902328894e-08,-71.3970698128202,-41.397069812820206,cir_coefficients_tau_mask,,"[1, 1, 1, 1, 24, 1]","[1, 1, 24]","[1, 1, 24]","[1, 1, 24]",,True,
30,7710,rx_human_chest,/home/telilab4090/Documents/Gazebo World/my_world/rt_out/experiments/semantic_ablation_actor_200f/sionna_xml/frame_030_sionna.xml,30.0,0.0,0.0,2.4,-1.4605,-0.8406,1.6421,28000000000.0,23,6.163341392806387e-09,6.568895827285814e-08,5.952561688005176e-08,2.2439070335167344e-07,-66.48995140137379,-36.48995140137379,cir_coefficients_tau_mask,,"[1, 1, 1, 1, 23, 1]","[1, 1, 23]","[1, 1, 23]","[1, 1, 23]",,True,
30,7710,rx_x500_body,/home/telilab4090/Documents/Gazebo World/my_world/rt_out/experiments/semantic_ablation_actor_200f/sionna_xml/frame_030_sionna.xml,30.0,0.0,0.0,2.4,-3.9279,3.2024,1.3944,28000000000.0,23,1.7234324189985273e-08,7.465505547088469e-08,5.742073128089942e-08,3.372388945876992e-08,-74.72062342912375,-44.72062342912375,cir_coefficients_tau_mask,,"[1, 1, 1, 1, 23, 1]","[1, 1, 23]","[1, 1, 23]","[1, 1, 23]",,True,
31,7967,rx_panda_base,/home/telilab4090/Documents/Gazebo World/my_world/rt_out/experiments/semantic_ablation_actor_200f/sionna_xml/frame_031_sionna.xml,30.0,0.0,0.0,2.4,0.582,0.888,1.195,28000000000.0,31,5.357098764591228e-09,6.284866316264015e-08,5.749156439804892e-08,3.004476809564949e-07,-65.22231143794808,-35.22231143794808,cir_coefficients_tau_mask,,"[1, 1, 1, 1, 31, 1]","[1, 1, 31]","[1, 1, 31]","[1, 1, 31]",,True,
31,7967,rx_ur5_base,/home/telilab4090/Documents/Gazebo World/my_world/rt_out/experiments/semantic_ablation_actor_200f/sionna_xml/frame_031_sionna.xml,30.0,0.0,0.0,2.4,0.497,-0.841,0.995,28000000000.0,30,5.708055805797585e-09,6.370818539380707e-08,5.8000129588009486e-08,8.172740422196512e-07,-60.876322946695936,-30.876322946695936,cir_coefficients_tau_mask,,"[1, 1, 1, 1, 30, 1]","[1, 1, 30]","[1, 1, 30]","[1, 1, 30]",,True,
31,7967,rx_cerberus_base,/home/telilab4090/Documents/Gazebo World/my_world/rt_out/experiments/semantic_ablation_actor_200f/sionna_xml/frame_031_sionna.xml,30.0,0.0,0.0,2.4,4.074,-1.779,0.81,28000000000.0,17,1.574846919538686e-08,5.723669715962387e-08,4.148822796423701e-08,3.615688726199551e-08,-74.41808964898203,-44.41808964898203,cir_coefficients_tau_mask,,"[1, 1, 1, 1, 17, 1]","[1, 1, 17]","[1, 1, 17]","[1, 1, 17]",,True,
31,7967,rx_nao_chest,/home/telilab4090/Documents/Gazebo World/my_world/rt_out/experiments/semantic_ablation_actor_200f/sionna_xml/frame_031_sionna.xml,30.0,0.0,0.0,2.4,-0.1337,2.748,0.7,28000000000.0,24,1.0787783999433032e-08,6.209720737615498e-08,5.130942337672195e-08,7.249248312746204e-08,-71.39707023849851,-41.397070238498515,cir_coefficients_tau_mask,,"[1, 1, 1, 1, 24, 1]","[1, 1, 24]","[1, 1, 24]","[1, 1, 24]",,True,
31,7967,rx_human_chest,/home/telilab4090/Documents/Gazebo World/my_world/rt_out/experiments/semantic_ablation_actor_200f/sionna_xml/frame_031_sionna.xml,30.0,0.0,0.0,2.4,-1.4605,-0.8406,1.6421,28000000000.0,23,6.163341392806387e-09,6.568895827285814e-08,5.952561688005176e-08,2.2439070335167344e-07,-66.48995140137379,-36.48995140137379,cir_coefficients_tau_mask,,"[1, 1, 1, 1, 23, 1]","[1, 1, 23]","[1, 1, 23]","[1, 1, 23]",,True,
31,7967,rx_x500_body,/home/telilab4090/Documents/Gazebo World/my_world/rt_out/experiments/semantic_ablation_actor_200f/sionna_xml/frame_031_sionna.xml,30.0,0.0,0.0,2.4,-3.9279,3.2024,1.3944,28000000000.0,23,1.7234324189985273e-08,7.465505547088469e-08,5.742073128089942e-08,3.372388945876992e-08,-74.72062342912375,-44.72062342912375,cir_coefficients_tau_mask,,"[1, 1, 1, 1, 23, 1]","[1, 1, 23]","[1, 1, 23]","[1, 1, 23]",,True,
32,8224,rx_panda_base,/home/telilab4090/Documents/Gazebo World/my_world/rt_out/experiments/semantic_ablation_actor_200f/sionna_xml/frame_032_sionna.xml,30.0,0.0,0.0,2.4,0.582,0.888,1.195,28000000000.0,31,5.357098764591228e-09,6.284866316264015e-08,5.749156439804892e-08,3.004476809564949e-07,-65.22231143794808,-35.22231143794808,cir_coefficients_tau_mask,,"[1, 1, 1, 1, 31, 1]","[1, 1, 31]","[1, 1, 31]","[1, 1, 31]",,True,
32,8224,rx_ur5_base,/home/telilab4090/Documents/Gazebo World/my_world/rt_out/experiments/semantic_ablation_actor_200f/sionna_xml/frame_032_sionna.xml,30.0,0.0,0.0,2.4,0.497,-0.841,0.995,28000000000.0,30,5.708055805797585e-09,6.370818539380707e-08,5.8000129588009486e-08,8.172650609594712e-07,-60.87637067283144,-30.87637067283144,cir_coefficients_tau_mask,,"[1, 1, 1, 1, 30, 1]","[1, 1, 30]","[1, 1, 30]","[1, 1, 30]",,True,
32,8224,rx_cerberus_base,/home/telilab4090/Documents/Gazebo World/my_world/rt_out/experiments/semantic_ablation_actor_200f/sionna_xml/frame_032_sionna.xml,30.0,0.0,0.0,2.4,4.074,-1.779,0.81,28000000000.0,17,1.574846919538686e-08,5.723669715962387e-08,4.148822796423701e-08,3.615688370928183e-08,-74.41809007571236,-44.41809007571236,cir_coefficients_tau_mask,,"[1, 1, 1, 1, 17, 1]","[1, 1, 17]","[1, 1, 17]","[1, 1, 17]",,True,
32,8224,rx_nao_chest,/home/telilab4090/Documents/Gazebo World/my_world/rt_out/experiments/semantic_ablation_actor_200f/sionna_xml/frame_032_sionna.xml,30.0,0.0,0.0,2.4,-0.1337,2.748,0.7,28000000000.0,24,1.0787783999433032e-08,6.209720737615498e-08,5.130942337672195e-08,7.249248312746204e-08,-71.39707023849851,-41.397070238498515,cir_coefficients_tau_mask,,"[1, 1, 1, 1, 24, 1]","[1, 1, 24]","[1, 1, 24]","[1, 1, 24]",,True,
32,8224,rx_human_chest,/home/telilab4090/Documents/Gazebo World/my_world/rt_out/experiments/semantic_ablation_actor_200f/sionna_xml/frame_032_sionna.xml,30.0,0.0,0.0,2.4,-1.4605,-0.8406,1.6421,28000000000.0,23,6.163341392806387e-09,6.568895827285814e-08,5.952561688005176e-08,2.2439070335167344e-07,-66.48995140137379,-36.48995140137379,cir_coefficients_tau_mask,,"[1, 1, 1, 1, 23, 1]","[1, 1, 23]","[1, 1, 23]","[1, 1, 23]",,True,
32,8224,rx_x500_body,/home/telilab4090/Documents/Gazebo World/my_world/rt_out/experiments/semantic_ablation_actor_200f/sionna_xml/frame_032_sionna.xml,30.0,0.0,0.0,2.4,-3.9279,3.2024,1.3944,28000000000.0,23,1.7234324189985273e-08,7.465505547088469e-08,5.742073128089942e-08,3.3723893011483597e-08,-74.72062297160716,-44.720622971607156,cir_coefficients_tau_mask,,"[1, 1, 1, 1, 23, 1]","[1, 1, 23]","[1, 1, 23]","[1, 1, 23]",,True,
33,8481,rx_panda_base,/home/telilab4090/Documents/Gazebo World/my_world/rt_out/experiments/semantic_ablation_actor_200f/sionna_xml/frame_033_sionna.xml,30.0,0.0,0.0,2.4,0.582,0.888,1.195,28000000000.0,31,5.357098764591228e-09,6.284866316264015e-08,5.749156439804892e-08,3.0044765253478545e-07,-65.2223118487814,-35.2223118487814,cir_coefficients_tau_mask,,"[1, 1, 1, 1, 31, 1]","[1, 1, 31]","[1, 1, 31]","[1, 1, 31]",,True,
33,8481,rx_ur5_base,/home/telilab4090/Documents/Gazebo World/my_world/rt_out/experiments/semantic_ablation_actor_200f/sionna_xml/frame_033_sionna.xml,30.0,0.0,0.0,2.4,0.497,-0.841,0.995,28000000000.0,30,5.708055805797585e-09,6.370818539380707e-08,5.8000129588009486e-08,7.911872899057926e-07,-61.01720698114765,-31.017206981147652,cir_coefficients_tau_mask,,"[1, 1, 1, 1, 30, 1]","[1, 1, 30]","[1, 1, 30]","[1, 1, 30]",,True,
33,8481,rx_cerberus_base,/home/telilab4090/Documents/Gazebo World/my_world/rt_out/experiments/semantic_ablation_actor_200f/sionna_xml/frame_033_sionna.xml,30.0,0.0,0.0,2.4,4.074,-1.779,0.81,28000000000.0,18,1.574846919538686e-08,5.723669715962387e-08,4.148822796423701e-08,3.621421740263031e-08,-74.4112089556313,-44.411208955631295,cir_coefficients_tau_mask,,"[1, 1, 1, 1, 18, 1]","[1, 1, 18]","[1, 1, 18]","[1, 1, 18]",,True,
33,8481,rx_nao_chest,/home/telilab4090/Documents/Gazebo World/my_world/rt_out/experiments/semantic_ablation_actor_200f/sionna_xml/frame_033_sionna.xml,30.0,0.0,0.0,2.4,-0.1337,2.748,0.7,28000000000.0,24,1.0787783999433032e-08,6.209720737615498e-08,5.130942337672195e-08,7.24924902328894e-08,-71.3970698128202,-41.397069812820206,cir_coefficients_tau_mask,,"[1, 1, 1, 1, 24, 1]","[1, 1, 24]","[1, 1, 24]","[1, 1, 24]",,True,
33,8481,rx_human_chest,/home/telilab4090/Documents/Gazebo World/my_world/rt_out/experiments/semantic_ablation_actor_200f/sionna_xml/frame_033_sionna.xml,30.0,0.0,0.0,2.4,-1.4605,-0.8406,1.6421,28000000000.0,23,6.163341392806387e-09,6.568895827285814e-08,5.952561688005176e-08,2.2439070335167344e-07,-66.48995140137379,-36.48995140137379,cir_coefficients_tau_mask,,"[1, 1, 1, 1, 23, 1]","[1, 1, 23]","[1, 1, 23]","[1, 1, 23]",,True,
33,8481,rx_x500_body,/home/telilab4090/Documents/Gazebo World/my_world/rt_out/experiments/semantic_ablation_actor_200f/sionna_xml/frame_033_sionna.xml,30.0,0.0,0.0,2.4,-3.9279,3.2024,1.3944,28000000000.0,23,1.7234324189985273e-08,7.465505547088469e-08,5.742073128089942e-08,3.372388945876992e-08,-74.72062342912375,-44.72062342912375,cir_coefficients_tau_mask,,"[1, 1, 1, 1, 23, 1]","[1, 1, 23]","[1, 1, 23]","[1, 1, 23]",,True,
34,8737,rx_panda_base,/home/telilab4090/Documents/Gazebo World/my_world/rt_out/experiments/semantic_ablation_actor_200f/sionna_xml/frame_034_sionna.xml,30.0,0.0,0.0,2.4,0.582,0.888,1.195,28000000000.0,30,5.357098764591228e-09,6.284866316264015e-08,5.749156439804892e-08,3.0041476861697447e-07,-65.22278720898235,-35.22278720898235,cir_coefficients_tau_mask,,"[1, 1, 1, 1, 30, 1]","[1, 1, 30]","[1, 1, 30]","[1, 1, 30]",,True,
34,8737,rx_ur5_base,/home/telilab4090/Documents/Gazebo World/my_world/rt_out/experiments/semantic_ablation_actor_200f/sionna_xml/frame_034_sionna.xml,30.0,0.0,0.0,2.4,0.497,-0.841,0.995,28000000000.0,30,5.708055805797585e-09,6.370818539380707e-08,5.8000129588009486e-08,7.911119155323831e-07,-61.01762074201362,-31.01762074201362,cir_coefficients_tau_mask,,"[1, 1, 1, 1, 30, 1]","[1, 1, 30]","[1, 1, 30]","[1, 1, 30]",,True,
34,8737,rx_cerberus_base,/home/telilab4090/Documents/Gazebo World/my_world/rt_out/experiments/semantic_ablation_actor_200f/sionna_xml/frame_034_sionna.xml,30.0,0.0,0.0,2.4,4.074,-1.779,0.81,28000000000.0,18,1.574846919538686e-08,5.723669715962387e-08,4.148822796423701e-08,3.6214210297202953e-08,-74.41120980774089,-44.41120980774089,cir_coefficients_tau_mask,,"[1, 1, 1, 1, 18, 1]","[1, 1, 18]","[1, 1, 18]","[1, 1, 18]",,True,
34,8737,rx_nao_chest,/home/telilab4090/Documents/Gazebo World/my_world/rt_out/experiments/semantic_ablation_actor_200f/sionna_xml/frame_034_sionna.xml,30.0,0.0,0.0,2.4,-0.1337,2.748,0.7,28000000000.0,24,1.0787783999433032e-08,6.209720737615498e-08,5.130942337672195e-08,7.249248312746204e-08,-71.39707023849851,-41.397070238498515,cir_coefficients_tau_mask,,"[1, 1, 1, 1, 24, 1]","[1, 1, 24]","[1, 1, 24]","[1, 1, 24]",,True,
34,8737,rx_human_chest,/home/telilab4090/Documents/Gazebo World/my_world/rt_out/experiments/semantic_ablation_actor_200f/sionna_xml/frame_034_sionna.xml,30.0,0.0,0.0,2.4,-1.4605,-0.8406,1.6421,28000000000.0,23,6.163341392806387e-09,6.568895827285814e-08,5.952561688005176e-08,2.2439070335167344e-07,-66.48995140137379,-36.48995140137379,cir_coefficients_tau_mask,,"[1, 1, 1, 1, 23, 1]","[1, 1, 23]","[1, 1, 23]","[1, 1, 23]",,True,
34,8737,rx_x500_body,/home/telilab4090/Documents/Gazebo World/my_world/rt_out/experiments/semantic_ablation_actor_200f/sionna_xml/frame_034_sionna.xml,30.0,0.0,0.0,2.4,-3.9279,3.2024,1.3944,28000000000.0,23,1.7234324189985273e-08,7.465505547088469e-08,5.742073128089942e-08,3.3723893011483597e-08,-74.72062297160716,-44.720622971607156,cir_coefficients_tau_mask,,"[1, 1, 1, 1, 23, 1]","[1, 1, 23]","[1, 1, 23]","[1, 1, 23]",,True,
35,8994,rx_panda_base,/home/telilab4090/Documents/Gazebo World/my_world/rt_out/experiments/semantic_ablation_actor_200f/sionna_xml/frame_035_sionna.xml,30.0,0.0,0.0,2.4,0.582,0.888,1.195,28000000000.0,30,5.357098764591228e-09,6.284866316264015e-08,5.749156439804892e-08,3.0041476861697447e-07,-65.22278720898235,-35.22278720898235,cir_coefficients_tau_mask,,"[1, 1, 1, 1, 30, 1]","[1, 1, 30]","[1, 1, 30]","[1, 1, 30]",,True,
35,8994,rx_ur5_base,/home/telilab4090/Documents/Gazebo World/my_world/rt_out/experiments/semantic_ablation_actor_200f/sionna_xml/frame_035_sionna.xml,30.0,0.0,0.0,2.4,0.497,-0.841,0.995,28000000000.0,30,5.708055805797585e-09,6.370818539380707e-08,5.8000129588009486e-08,7.910934414212534e-07,-61.01772216000575,-31.017722160005754,cir_coefficients_tau_mask,,"[1, 1, 1, 1, 30, 1]","[1, 1, 30]","[1, 1, 30]","[1, 1, 30]",,True,
35,8994,rx_cerberus_base,/home/telilab4090/Documents/Gazebo World/my_world/rt_out/experiments/semantic_ablation_actor_200f/sionna_xml/frame_035_sionna.xml,30.0,0.0,0.0,2.4,4.074,-1.779,0.81,28000000000.0,17,1.574846919538686e-08,5.723669715962387e-08,4.148822796423701e-08,3.619599553417174e-08,-74.41339474041706,-44.41339474041706,cir_coefficients_tau_mask,,"[1, 1, 1, 1, 17, 1]","[1, 1, 17]","[1, 1, 17]","[1, 1, 17]",,True,
35,8994,rx_nao_chest,/home/telilab4090/Documents/Gazebo World/my_world/rt_out/experiments/semantic_ablation_actor_200f/sionna_xml/frame_035_sionna.xml,30.0,0.0,0.0,2.4,-0.1337,2.748,0.7,28000000000.0,24,1.0787783999433032e-08,6.209720737615498e-08,5.130942337672195e-08,7.24924902328894e-08,-71.3970698128202,-41.397069812820206,cir_coefficients_tau_mask,,"[1, 1, 1, 1, 24, 1]","[1, 1, 24]","[1, 1, 24]","[1, 1, 24]",,True,
35,8994,rx_human_chest,/home/telilab4090/Documents/Gazebo World/my_world/rt_out/experiments/semantic_ablation_actor_200f/sionna_xml/frame_035_sionna.xml,30.0,0.0,0.0,2.4,-1.4605,-0.8406,1.6421,28000000000.0,23,6.163341392806387e-09,6.568895827285814e-08,5.952561688005176e-08,2.2439070335167344e-07,-66.48995140137379,-36.48995140137379,cir_coefficients_tau_mask,,"[1, 1, 1, 1, 23, 1]","[1, 1, 23]","[1, 1, 23]","[1, 1, 23]",,True,
35,8994,rx_x500_body,/home/telilab4090/Documents/Gazebo World/my_world/rt_out/experiments/semantic_ablation_actor_200f/sionna_xml/frame_035_sionna.xml,30.0,0.0,0.0,2.4,-3.9279,3.2024,1.3944,28000000000.0,23,1.7234324189985273e-08,7.465505547088469e-08,5.742073128089942e-08,3.372388945876992e-08,-74.72062342912375,-44.72062342912375,cir_coefficients_tau_mask,,"[1, 1, 1, 1, 23, 1]","[1, 1, 23]","[1, 1, 23]","[1, 1, 23]",,True,
36,9251,rx_panda_base,/home/telilab4090/Documents/Gazebo World/my_world/rt_out/experiments/semantic_ablation_actor_200f/sionna_xml/frame_036_sionna.xml,30.0,0.0,0.0,2.4,0.582,0.888,1.195,28000000000.0,30,5.357098764591228e-09,6.284866316264015e-08,5.749156439804892e-08,3.0041476861697447e-07,-65.22278720898235,-35.22278720898235,cir_coefficients_tau_mask,,"[1, 1, 1, 1, 30, 1]","[1, 1, 30]","[1, 1, 30]","[1, 1, 30]",,True,
36,9251,rx_ur5_base,/home/telilab4090/Documents/Gazebo World/my_world/rt_out/experiments/semantic_ablation_actor_200f/sionna_xml/frame_036_sionna.xml,30.0,0.0,0.0,2.4,0.497,-0.841,0.995,28000000000.0,29,5.708055805797585e-09,6.370818539380707e-08,5.8000129588009486e-08,6.112433652560867e-07,-62.13785841894186,-32.13785841894186,cir_coefficients_tau_mask,,"[1, 1, 1, 1, 29, 1]","[1, 1, 29]","[1, 1, 29]","[1, 1, 29]",,True,
36,9251,rx_cerberus_base,/home/telilab4090/Documents/Gazebo World/my_world/rt_out/experiments/semantic_ablation_actor_200f/sionna_xml/frame_036_sionna.xml,30.0,0.0,0.0,2.4,4.074,-1.779,0.81,28000000000.0,17,1.574846919538686e-08,5.723669715962387e-08,4.148822796423701e-08,3.619599908688542e-08,-74.41339431414785,-44.41339431414785,cir_coefficients_tau_mask,,"[1, 1, 1, 1, 17, 1]","[1, 1, 17]","[1, 1, 17]","[1, 1, 17]",,True,
36,9251,rx_nao_chest,/home/telilab4090/Documents/Gazebo World/my_world/rt_out/experiments/semantic_ablation_actor_200f/sionna_xml/frame_036_sionna.xml,30.0,0.0,0.0,2.4,-0.1337,2.748,0.7,28000000000.0,24,1.0787783999433032e-08,6.209720737615498e-08,5.130942337672195e-08,7.249248312746204e-08,-71.39707023849851,-41.397070238498515,cir_coefficients_tau_mask,,"[1, 1, 1, 1, 24, 1]","[1, 1, 24]","[1, 1, 24]","[1, 1, 24]",,True,
36,9251,rx_human_chest,/home/telilab4090/Documents/Gazebo World/my_world/rt_out/experiments/semantic_ablation_actor_200f/sionna_xml/frame_036_sionna.xml,30.0,0.0,0.0,2.4,-1.4605,-0.8406,1.6421,28000000000.0,23,6.163341392806387e-09,6.568895827285814e-08,5.952561688005176e-08,2.2439073177338287e-07,-66.48995085128901,-36.48995085128901,cir_coefficients_tau_mask,,"[1, 1, 1, 1, 23, 1]","[1, 1, 23]","[1, 1, 23]","[1, 1, 23]",,True,
36,9251,rx_x500_body,/home/telilab4090/Documents/Gazebo World/my_world/rt_out/experiments/semantic_ablation_actor_200f/sionna_xml/frame_036_sionna.xml,30.0,0.0,0.0,2.4,-3.9279,3.2024,1.3944,28000000000.0,23,1.7234324189985273e-08,7.465505547088469e-08,5.742073128089942e-08,3.372388945876992e-08,-74.72062342912375,-44.72062342912375,cir_coefficients_tau_mask,,"[1, 1, 1, 1, 23, 1]","[1, 1, 23]","[1, 1, 23]","[1, 1, 23]",,True,
37,9508,rx_panda_base,/home/telilab4090/Documents/Gazebo World/my_world/rt_out/experiments/semantic_ablation_actor_200f/sionna_xml/frame_037_sionna.xml,30.0,0.0,0.0,2.4,0.582,0.888,1.195,28000000000.0,30,5.357098764591228e-09,6.284866316264015e-08,5.749156439804892e-08,3.0041476861697447e-07,-65.22278720898235,-35.22278720898235,cir_coefficients_tau_mask,,"[1, 1, 1, 1, 30, 1]","[1, 1, 30]","[1, 1, 30]","[1, 1, 30]",,True,
37,9508,rx_ur5_base,/home/telilab4090/Documents/Gazebo World/my_world/rt_out/experiments/semantic_ablation_actor_200f/sionna_xml/frame_037_sionna.xml,30.0,0.0,0.0,2.4,0.497,-0.841,0.995,28000000000.0,29,5.708055805797585e-09,6.370818539380707e-08,5.8000129588009486e-08,6.112388746259967e-07,-62.13789032543186,-32.13789032543186,cir_coefficients_tau_mask,,"[1, 1, 1, 1, 29, 1]","[1, 1, 29]","[1, 1, 29]","[1, 1, 29]",,True,
37,9508,rx_cerberus_base,/home/telilab4090/Documents/Gazebo World/my_world/rt_out/experiments/semantic_ablation_actor_200f/sionna_xml/frame_037_sionna.xml,30.0,0.0,0.0,2.4,4.074,-1.779,0.81,28000000000.0,17,1.574846919538686e-08,5.723669715962387e-08,4.148822796423701e-08,3.619599908688542e-08,-74.41339431414785,-44.41339431414785,cir_coefficients_tau_mask,,"[1, 1, 1, 1, 17, 1]","[1, 1, 17]","[1, 1, 17]","[1, 1, 17]",,True,
37,9508,rx_nao_chest,/home/telilab4090/Documents/Gazebo World/my_world/rt_out/experiments/semantic_ablation_actor_200f/sionna_xml/frame_037_sionna.xml,30.0,0.0,0.0,2.4,-0.1337,2.748,0.7,28000000000.0,24,1.0787783999433032e-08,6.209720737615498e-08,5.130942337672195e-08,7.249248312746204e-08,-71.39707023849851,-41.397070238498515,cir_coefficients_tau_mask,,"[1, 1, 1, 1, 24, 1]","[1, 1, 24]","[1, 1, 24]","[1, 1, 24]",,True,
37,9508,rx_human_chest,/home/telilab4090/Documents/Gazebo World/my_world/rt_out/experiments/semantic_ablation_actor_200f/sionna_xml/frame_037_sionna.xml,30.0,0.0,0.0,2.4,-1.4605,-0.8406,1.6421,28000000000.0,23,6.163341392806387e-09,6.568895827285814e-08,5.952561688005176e-08,2.2439071756252815e-07,-66.48995112633139,-36.48995112633139,cir_coefficients_tau_mask,,"[1, 1, 1, 1, 23, 1]","[1, 1, 23]","[1, 1, 23]","[1, 1, 23]",,True,
37,9508,rx_x500_body,/home/telilab4090/Documents/Gazebo World/my_world/rt_out/experiments/semantic_ablation_actor_200f/sionna_xml/frame_037_sionna.xml,30.0,0.0,0.0,2.4,-3.9279,3.2024,1.3944,28000000000.0,23,1.7234324189985273e-08,7.465505547088469e-08,5.742073128089942e-08,3.372388945876992e-08,-74.72062342912375,-44.72062342912375,cir_coefficients_tau_mask,,"[1, 1, 1, 1, 23, 1]","[1, 1, 23]","[1, 1, 23]","[1, 1, 23]",,True,
38,9765,rx_panda_base,/home/telilab4090/Documents/Gazebo World/my_world/rt_out/experiments/semantic_ablation_actor_200f/sionna_xml/frame_038_sionna.xml,30.0,0.0,0.0,2.4,0.582,0.888,1.195,28000000000.0,31,5.357098764591228e-09,6.284866316264015e-08,5.749156439804892e-08,3.0044765253478545e-07,-65.2223118487814,-35.2223118487814,cir_coefficients_tau_mask,,"[1, 1, 1, 1, 31, 1]","[1, 1, 31]","[1, 1, 31]","[1, 1, 31]",,True,
38,9765,rx_ur5_base,/home/telilab4090/Documents/Gazebo World/my_world/rt_out/experiments/semantic_ablation_actor_200f/sionna_xml/frame_038_sionna.xml,30.0,0.0,0.0,2.4,0.497,-0.841,0.995,28000000000.0,31,5.708055805797585e-09,6.370818539380707e-08,5.8000129588009486e-08,1.01028410881554e-06,-59.95556478157959,-29.95556478157959,cir_coefficients_tau_mask,,"[1, 1, 1, 1, 31, 1]","[1, 1, 31]","[1, 1, 31]","[1, 1, 31]",,True,
38,9765,rx_cerberus_base,/home/telilab4090/Documents/Gazebo World/my_world/rt_out/experiments/semantic_ablation_actor_200f/sionna_xml/frame_038_sionna.xml,30.0,0.0,0.0,2.4,4.074,-1.779,0.81,28000000000.0,17,1.574846919538686e-08,5.723669715962387e-08,4.148822796423701e-08,3.619599553417174e-08,-74.41339474041706,-44.41339474041706,cir_coefficients_tau_mask,,"[1, 1, 1, 1, 17, 1]","[1, 1, 17]","[1, 1, 17]","[1, 1, 17]",,True,
38,9765,rx_nao_chest,/home/telilab4090/Documents/Gazebo World/my_world/rt_out/experiments/semantic_ablation_actor_200f/sionna_xml/frame_038_sionna.xml,30.0,0.0,0.0,2.4,-0.1337,2.748,0.7,28000000000.0,24,1.0787783999433032e-08,6.209720737615498e-08,5.130942337672195e-08,7.249248312746204e-08,-71.39707023849851,-41.397070238498515,cir_coefficients_tau_mask,,"[1, 1, 1, 1, 24, 1]","[1, 1, 24]","[1, 1, 24]","[1, 1, 24]",,True,
38,9765,rx_human_chest,/home/telilab4090/Documents/Gazebo World/my_world/rt_out/experiments/semantic_ablation_actor_200f/sionna_xml/frame_038_sionna.xml,30.0,0.0,0.0,2.4,-1.4605,-0.8406,1.6421,28000000000.0,23,6.163341392806387e-09,6.568895827285814e-08,5.952561688005176e-08,2.2439070335167344e-07,-66.48995140137379,-36.48995140137379,cir_coefficients_tau_mask,,"[1, 1, 1, 1, 23, 1]","[1, 1, 23]","[1, 1, 23]","[1, 1, 23]",,True,
38,9765,rx_x500_body,/home/telilab4090/Documents/Gazebo World/my_world/rt_out/experiments/semantic_ablation_actor_200f/sionna_xml/frame_038_sionna.xml,30.0,0.0,0.0,2.4,-3.9279,3.2024,1.3944,28000000000.0,23,1.7234324189985273e-08,7.465505547088469e-08,5.742073128089942e-08,3.372388945876992e-08,-74.72062342912375,-44.72062342912375,cir_coefficients_tau_mask,,"[1, 1, 1, 1, 23, 1]","[1, 1, 23]","[1, 1, 23]","[1, 1, 23]",,True,
39,10022,rx_panda_base,/home/telilab4090/Documents/Gazebo World/my_world/rt_out/experiments/semantic_ablation_actor_200f/sionna_xml/frame_039_sionna.xml,30.0,0.0,0.0,2.4,0.582,0.888,1.195,28000000000.0,34,5.357098764591228e-09,6.284866316264015e-08,5.749156439804892e-08,3.007610303029651e-07,-65.2177843610161,-35.2177843610161,cir_coefficients_tau_mask,,"[1, 1, 1, 1, 34, 1]","[1, 1, 34]","[1, 1, 34]","[1, 1, 34]",,True,
39,10022,rx_ur5_base,/home/telilab4090/Documents/Gazebo World/my_world/rt_out/experiments/semantic_ablation_actor_200f/sionna_xml/frame_039_sionna.xml,30.0,0.0,0.0,2.4,0.497,-0.841,0.995,28000000000.0,29,5.708055805797585e-09,5.930293767164585e-08,5.3594881865848265e-08,7.80667221533804e-07,-61.07534055304005,-31.07534055304005,cir_coefficients_tau_mask,,"[1, 1, 1, 1, 29, 1]","[1, 1, 29]","[1, 1, 29]","[1, 1, 29]",,True,
39,10022,rx_cerberus_base,/home/telilab4090/Documents/Gazebo World/my_world/rt_out/experiments/semantic_ablation_actor_200f/sionna_xml/frame_039_sionna.xml,30.0,0.0,0.0,2.4,4.074,-1.779,0.81,28000000000.0,17,1.574846919538686e-08,5.723669715962387e-08,4.148822796423701e-08,3.619599553417174e-08,-74.41339474041706,-44.41339474041706,cir_coefficients_tau_mask,,"[1, 1, 1, 1, 17, 1]","[1, 1, 17]","[1, 1, 17]","[1, 1, 17]",,True,
39,10022,rx_nao_chest,/home/telilab4090/Documents/Gazebo World/my_world/rt_out/experiments/semantic_ablation_actor_200f/sionna_xml/frame_039_sionna.xml,30.0,0.0,0.0,2.4,-0.1337,2.748,0.7,28000000000.0,24,1.0787783999433032e-08,6.209720737615498e-08,5.130942337672195e-08,7.249248312746204e-08,-71.39707023849851,-41.397070238498515,cir_coefficients_tau_mask,,"[1, 1, 1, 1, 24, 1]","[1, 1, 24]","[1, 1, 24]","[1, 1, 24]",,True,
39,10022,rx_human_chest,/home/telilab4090/Documents/Gazebo World/my_world/rt_out/experiments/semantic_ablation_actor_200f/sionna_xml/frame_039_sionna.xml,30.0,0.0,0.0,2.4,-1.4605,-0.8406,1.6421,28000000000.0,23,6.163341392806387e-09,6.568895827285814e-08,5.952561688005176e-08,2.2439071756252815e-07,-66.48995112633139,-36.48995112633139,cir_coefficients_tau_mask,,"[1, 1, 1, 1, 23, 1]","[1, 1, 23]","[1, 1, 23]","[1, 1, 23]",,True,
39,10022,rx_x500_body,/home/telilab4090/Documents/Gazebo World/my_world/rt_out/experiments/semantic_ablation_actor_200f/sionna_xml/frame_039_sionna.xml,30.0,0.0,0.0,2.4,-3.9279,3.2024,1.3944,28000000000.0,23,1.7234324189985273e-08,7.465505547088469e-08,5.742073128089942e-08,3.3723893011483597e-08,-74.72062297160716,-44.720622971607156,cir_coefficients_tau_mask,,"[1, 1, 1, 1, 23, 1]","[1, 1, 23]","[1, 1, 23]","[1, 1, 23]",,True,
40,10279,rx_panda_base,/home/telilab4090/Documents/Gazebo World/my_world/rt_out/experiments/semantic_ablation_actor_200f/sionna_xml/frame_040_sionna.xml,30.0,0.0,0.0,2.4,0.582,0.888,1.195,28000000000.0,34,5.357098764591228e-09,6.284866316264015e-08,5.749156439804892e-08,3.0076100188125565e-07,-65.21778477142139,-35.21778477142139,cir_coefficients_tau_mask,,"[1, 1, 1, 1, 34, 1]","[1, 1, 34]","[1, 1, 34]","[1, 1, 34]",,True,
40,10279,rx_ur5_base,/home/telilab4090/Documents/Gazebo World/my_world/rt_out/experiments/semantic_ablation_actor_200f/sionna_xml/frame_040_sionna.xml,30.0,0.0,0.0,2.4,0.497,-0.841,0.995,28000000000.0,26,5.708055805797585e-09,5.930293767164585e-08,5.3594881865848265e-08,7.806144708411011e-07,-61.075634021347255,-31.075634021347255,cir_coefficients_tau_mask,,"[1, 1, 1, 1, 26, 1]","[1, 1, 26]","[1, 1, 26]","[1, 1, 26]",,True,
40,10279,rx_cerberus_base,/home/telilab4090/Documents/Gazebo World/my_world/rt_out/experiments/semantic_ablation_actor_200f/sionna_xml/frame_040_sionna.xml,30.0,0.0,0.0,2.4,4.074,-1.779,0.81,28000000000.0,17,1.574846919538686e-08,5.723669715962387e-08,4.148822796423701e-08,3.619599553417174e-08,-74.41339474041706,-44.41339474041706,cir_coefficients_tau_mask,,"[1, 1, 1, 1, 17, 1]","[1, 1, 17]","[1, 1, 17]","[1, 1, 17]",,True,
40,10279,rx_nao_chest,/home/telilab4090/Documents/Gazebo World/my_world/rt_out/experiments/semantic_ablation_actor_200f/sionna_xml/frame_040_sionna.xml,30.0,0.0,0.0,2.4,-0.1337,2.748,0.7,28000000000.0,24,1.0787783999433032e-08,6.209720737615498e-08,5.130942337672195e-08,7.249248312746204e-08,-71.39707023849851,-41.397070238498515,cir_coefficients_tau_mask,,"[1, 1, 1, 1, 24, 1]","[1, 1, 24]","[1, 1, 24]","[1, 1, 24]",,True,
40,10279,rx_human_chest,/home/telilab4090/Documents/Gazebo World/my_world/rt_out/experiments/semantic_ablation_actor_200f/sionna_xml/frame_040_sionna.xml,30.0,0.0,0.0,2.4,-1.4605,-0.8406,1.6421,28000000000.0,23,6.163341392806387e-09,6.568895827285814e-08,5.952561688005176e-08,2.2439071756252815e-07,-66.48995112633139,-36.48995112633139,cir_coefficients_tau_mask,,"[1, 1, 1, 1, 23, 1]","[1, 1, 23]","[1, 1, 23]","[1, 1, 23]",,True,
40,10279,rx_x500_body,/home/telilab4090/Documents/Gazebo World/my_world/rt_out/experiments/semantic_ablation_actor_200f/sionna_xml/frame_040_sionna.xml,30.0,0.0,0.0,2.4,-3.9279,3.2024,1.3944,28000000000.0,23,1.7234324189985273e-08,7.465505547088469e-08,5.742073128089942e-08,3.372388945876992e-08,-74.72062342912375,-44.72062342912375,cir_coefficients_tau_mask,,"[1, 1, 1, 1, 23, 1]","[1, 1, 23]","[1, 1, 23]","[1, 1, 23]",,True,
41,10536,rx_panda_base,/home/telilab4090/Documents/Gazebo World/my_world/rt_out/experiments/semantic_ablation_actor_200f/sionna_xml/frame_041_sionna.xml,30.0,0.0,0.0,2.4,0.582,0.888,1.195,28000000000.0,34,5.357098764591228e-09,6.284866316264015e-08,5.749156439804892e-08,3.0076100188125565e-07,-65.21778477142139,-35.21778477142139,cir_coefficients_tau_mask,,"[1, 1, 1, 1, 34, 1]","[1, 1, 34]","[1, 1, 34]","[1, 1, 34]",,True,
41,10536,rx_ur5_base,/home/telilab4090/Documents/Gazebo World/my_world/rt_out/experiments/semantic_ablation_actor_200f/sionna_xml/frame_041_sionna.xml,30.0,0.0,0.0,2.4,0.497,-0.841,0.995,28000000000.0,26,5.708055805797585e-09,5.930293767164585e-08,5.3594881865848265e-08,7.806130497556296e-07,-61.07564192755657,-31.075641927556568,cir_coefficients_tau_mask,,"[1, 1, 1, 1, 26, 1]","[1, 1, 26]","[1, 1, 26]","[1, 1, 26]",,True,
41,10536,rx_cerberus_base,/home/telilab4090/Documents/Gazebo World/my_world/rt_out/experiments/semantic_ablation_actor_200f/sionna_xml/frame_041_sionna.xml,30.0,0.0,0.0,2.4,4.074,-1.779,0.81,28000000000.0,17,1.574846919538686e-08,5.723669715962387e-08,4.148822796423701e-08,3.619599553417174e-08,-74.41339474041706,-44.41339474041706,cir_coefficients_tau_mask,,"[1, 1, 1, 1, 17, 1]","[1, 1, 17]","[1, 1, 17]","[1, 1, 17]",,True,
41,10536,rx_nao_chest,/home/telilab4090/Documents/Gazebo World/my_world/rt_out/experiments/semantic_ablation_actor_200f/sionna_xml/frame_041_sionna.xml,30.0,0.0,0.0,2.4,-0.1337,2.748,0.7,28000000000.0,24,1.0787783999433032e-08,6.209720737615498e-08,5.130942337672195e-08,7.249248312746204e-08,-71.39707023849851,-41.397070238498515,cir_coefficients_tau_mask,,"[1, 1, 1, 1, 24, 1]","[1, 1, 24]","[1, 1, 24]","[1, 1, 24]",,True,
41,10536,rx_human_chest,/home/telilab4090/Documents/Gazebo World/my_world/rt_out/experiments/semantic_ablation_actor_200f/sionna_xml/frame_041_sionna.xml,30.0,0.0,0.0,2.4,-1.4605,-0.8406,1.6421,28000000000.0,23,6.163341392806387e-09,6.568895827285814e-08,5.952561688005176e-08,2.2439071756252815e-07,-66.48995112633139,-36.48995112633139,cir_coefficients_tau_mask,,"[1, 1, 1, 1, 23, 1]","[1, 1, 23]","[1, 1, 23]","[1, 1, 23]",,True,
41,10536,rx_x500_body,/home/telilab4090/Documents/Gazebo World/my_world/rt_out/experiments/semantic_ablation_actor_200f/sionna_xml/frame_041_sionna.xml,30.0,0.0,0.0,2.4,-3.9279,3.2024,1.3944,28000000000.0,23,1.7234324189985273e-08,7.465505547088469e-08,5.742073128089942e-08,3.372388590605624e-08,-74.72062388664037,-44.72062388664037,cir_coefficients_tau_mask,,"[1, 1, 1, 1, 23, 1]","[1, 1, 23]","[1, 1, 23]","[1, 1, 23]",,True,
42,10793,rx_panda_base,/home/telilab4090/Documents/Gazebo World/my_world/rt_out/experiments/semantic_ablation_actor_200f/sionna_xml/frame_042_sionna.xml,30.0,0.0,0.0,2.4,0.582,0.888,1.195,28000000000.0,34,5.357098764591228e-09,6.284866316264015e-08,5.749156439804892e-08,3.007609734595462e-07,-65.21778518182674,-35.21778518182674,cir_coefficients_tau_mask,,"[1, 1, 1, 1, 34, 1]","[1, 1, 34]","[1, 1, 34]","[1, 1, 34]",,True,
42,10793,rx_ur5_base,/home/telilab4090/Documents/Gazebo World/my_world/rt_out/experiments/semantic_ablation_actor_200f/sionna_xml/frame_042_sionna.xml,30.0,0.0,0.0,2.4,0.497,-0.841,0.995,28000000000.0,26,5.708055805797585e-09,5.930293767164585e-08,5.3594881865848265e-08,7.806066832927172e-07,-61.075677347551,-31.075677347551,cir_coefficients_tau_mask,,"[1, 1, 1, 1, 26, 1]","[1, 1, 26]","[1, 1, 26]","[1, 1, 26]",,True,
42,10793,rx_cerberus_base,/home/telilab4090/Documents/Gazebo World/my_world/rt_out/experiments/semantic_ablation_actor_200f/sionna_xml/frame_042_sionna.xml,30.0,0.0,0.0,2.4,4.074,-1.779,0.81,28000000000.0,17,1.574846919538686e-08,5.723669715962387e-08,4.148822796423701e-08,3.619599553417174e-08,-74.41339474041706,-44.41339474041706,cir_coefficients_tau_mask,,"[1, 1, 1, 1, 17, 1]","[1, 1, 17]","[1, 1, 17]","[1, 1, 17]",,True,
42,10793,rx_nao_chest,/home/telilab4090/Documents/Gazebo World/my_world/rt_out/experiments/semantic_ablation_actor_200f/sionna_xml/frame_042_sionna.xml,30.0,0.0,0.0,2.4,-0.1337,2.748,0.7,28000000000.0,24,1.0787783999433032e-08,6.209720737615498e-08,5.130942337672195e-08,7.249248312746204e-08,-71.39707023849851,-41.397070238498515,cir_coefficients_tau_mask,,"[1, 1, 1, 1, 24, 1]","[1, 1, 24]","[1, 1, 24]","[1, 1, 24]",,True,
42,10793,rx_human_chest,/home/telilab4090/Documents/Gazebo World/my_world/rt_out/experiments/semantic_ablation_actor_200f/sionna_xml/frame_042_sionna.xml,30.0,0.0,0.0,2.4,-1.4605,-0.8406,1.6421,28000000000.0,23,6.163341392806387e-09,6.568895827285814e-08,5.952561688005176e-08,2.2439070335167344e-07,-66.48995140137379,-36.48995140137379,cir_coefficients_tau_mask,,"[1, 1, 1, 1, 23, 1]","[1, 1, 23]","[1, 1, 23]","[1, 1, 23]",,True,
42,10793,rx_x500_body,/home/telilab4090/Documents/Gazebo World/my_world/rt_out/experiments/semantic_ablation_actor_200f/sionna_xml/frame_042_sionna.xml,30.0,0.0,0.0,2.4,-3.9279,3.2024,1.3944,28000000000.0,23,1.7234324189985273e-08,7.465505547088469e-08,5.742073128089942e-08,3.3723893011483597e-08,-74.72062297160716,-44.720622971607156,cir_coefficients_tau_mask,,"[1, 1, 1, 1, 23, 1]","[1, 1, 23]","[1, 1, 23]","[1, 1, 23]",,True,
43,11050,rx_panda_base,/home/telilab4090/Documents/Gazebo World/my_world/rt_out/experiments/semantic_ablation_actor_200f/sionna_xml/frame_043_sionna.xml,30.0,0.0,0.0,2.4,0.582,0.888,1.195,28000000000.0,34,5.357098764591228e-09,6.284866316264015e-08,5.749156439804892e-08,3.0076100188125565e-07,-65.21778477142139,-35.21778477142139,cir_coefficients_tau_mask,,"[1, 1, 1, 1, 34, 1]","[1, 1, 34]","[1, 1, 34]","[1, 1, 34]",,True,
43,11050,rx_ur5_base,/home/telilab4090/Documents/Gazebo World/my_world/rt_out/experiments/semantic_ablation_actor_200f/sionna_xml/frame_043_sionna.xml,30.0,0.0,0.0,2.4,0.497,-0.841,0.995,28000000000.0,25,5.708055805797585e-09,5.930293767164585e-08,5.3594881865848265e-08,7.803904509273707e-07,-61.07688053391978,-31.076880533919777,cir_coefficients_tau_mask,,"[1, 1, 1, 1, 25, 1]","[1, 1, 25]","[1, 1, 25]","[1, 1, 25]",,True,
43,11050,rx_cerberus_base,/home/telilab4090/Documents/Gazebo World/my_world/rt_out/experiments/semantic_ablation_actor_200f/sionna_xml/frame_043_sionna.xml,30.0,0.0,0.0,2.4,4.074,-1.779,0.81,28000000000.0,17,1.574846919538686e-08,5.723669715962387e-08,4.148822796423701e-08,3.619599908688542e-08,-74.41339431414785,-44.41339431414785,cir_coefficients_tau_mask,,"[1, 1, 1, 1, 17, 1]","[1, 1, 17]","[1, 1, 17]","[1, 1, 17]",,True,
43,11050,rx_nao_chest,/home/telilab4090/Documents/Gazebo World/my_world/rt_out/experiments/semantic_ablation_actor_200f/sionna_xml/frame_043_sionna.xml,30.0,0.0,0.0,2.4,-0.1337,2.748,0.7,28000000000.0,24,1.0787783999433032e-08,6.209720737615498e-08,5.130942337672195e-08,7.24924902328894e-08,-71.3970698128202,-41.397069812820206,cir_coefficients_tau_mask,,"[1, 1, 1, 1, 24, 1]","[1, 1, 24]","[1, 1, 24]","[1, 1, 24]",,True,
43,11050,rx_human_chest,/home/telilab4090/Documents/Gazebo World/my_world/rt_out/experiments/semantic_ablation_actor_200f/sionna_xml/frame_043_sionna.xml,30.0,0.0,0.0,2.4,-1.4605,-0.8406,1.6421,28000000000.0,23,6.163341392806387e-09,6.568895827285814e-08,5.952561688005176e-08,2.2439071756252815e-07,-66.48995112633139,-36.48995112633139,cir_coefficients_tau_mask,,"[1, 1, 1, 1, 23, 1]","[1, 1, 23]","[1, 1, 23]","[1, 1, 23]",,True,
43,11050,rx_x500_body,/home/telilab4090/Documents/Gazebo World/my_world/rt_out/experiments/semantic_ablation_actor_200f/sionna_xml/frame_043_sionna.xml,30.0,0.0,0.0,2.4,-3.9279,3.2024,1.3944,28000000000.0,23,1.7234324189985273e-08,7.465505547088469e-08,5.742073128089942e-08,3.372388945876992e-08,-74.72062342912375,-44.72062342912375,cir_coefficients_tau_mask,,"[1, 1, 1, 1, 23, 1]","[1, 1, 23]","[1, 1, 23]","[1, 1, 23]",,True,
44,11307,rx_panda_base,/home/telilab4090/Documents/Gazebo World/my_world/rt_out/experiments/semantic_ablation_actor_200f/sionna_xml/frame_044_sionna.xml,30.0,0.0,0.0,2.4,0.582,0.888,1.195,28000000000.0,31,5.357098764591228e-09,6.284866316264015e-08,5.749156439804892e-08,3.0044765253478545e-07,-65.2223118487814,-35.2223118487814,cir_coefficients_tau_mask,,"[1, 1, 1, 1, 31, 1]","[1, 1, 31]","[1, 1, 31]","[1, 1, 31]",,True,
44,11307,rx_ur5_base,/home/telilab4090/Documents/Gazebo World/my_world/rt_out/experiments/semantic_ablation_actor_200f/sionna_xml/frame_044_sionna.xml,30.0,0.0,0.0,2.4,0.497,-0.841,0.995,28000000000.0,26,5.708055805797585e-09,6.370818539380707e-08,5.8000129588009486e-08,7.805762152202078e-07,-61.07584686152376,-31.075846861523758,cir_coefficients_tau_mask,,"[1, 1, 1, 1, 26, 1]","[1, 1, 26]","[1, 1, 26]","[1, 1, 26]",,True,
44,11307,rx_cerberus_base,/home/telilab4090/Documents/Gazebo World/my_world/rt_out/experiments/semantic_ablation_actor_200f/sionna_xml/frame_044_sionna.xml,30.0,0.0,0.0,2.4,4.074,-1.779,0.81,28000000000.0,17,1.574846919538686e-08,5.723669715962387e-08,4.148822796423701e-08,3.619599553417174e-08,-74.41339474041706,-44.41339474041706,cir_coefficients_tau_mask,,"[1, 1, 1, 1, 17, 1]","[1, 1, 17]","[1, 1, 17]","[1, 1, 17]",,True,
44,11307,rx_nao_chest,/home/telilab4090/Documents/Gazebo World/my_world/rt_out/experiments/semantic_ablation_actor_200f/sionna_xml/frame_044_sionna.xml,30.0,0.0,0.0,2.4,-0.1337,2.748,0.7,28000000000.0,24,1.0787783999433032e-08,6.209720737615498e-08,5.130942337672195e-08,7.24924902328894e-08,-71.3970698128202,-41.397069812820206,cir_coefficients_tau_mask,,"[1, 1, 1, 1, 24, 1]","[1, 1, 24]","[1, 1, 24]","[1, 1, 24]",,True,
44,11307,rx_human_chest,/home/telilab4090/Documents/Gazebo World/my_world/rt_out/experiments/semantic_ablation_actor_200f/sionna_xml/frame_044_sionna.xml,30.0,0.0,0.0,2.4,-1.4605,-0.8406,1.6421,28000000000.0,23,6.163341392806387e-09,6.568895827285814e-08,5.952561688005176e-08,2.2439073177338287e-07,-66.48995085128901,-36.48995085128901,cir_coefficients_tau_mask,,"[1, 1, 1, 1, 23, 1]","[1, 1, 23]","[1, 1, 23]","[1, 1, 23]",,True,
44,11307,rx_x500_body,/home/telilab4090/Documents/Gazebo World/my_world/rt_out/experiments/semantic_ablation_actor_200f/sionna_xml/frame_044_sionna.xml,30.0,0.0,0.0,2.4,-3.9279,3.2024,1.3944,28000000000.0,23,1.7234324189985273e-08,7.465505547088469e-08,5.742073128089942e-08,3.372388945876992e-08,-74.72062342912375,-44.72062342912375,cir_coefficients_tau_mask,,"[1, 1, 1, 1, 23, 1]","[1, 1, 23]","[1, 1, 23]","[1, 1, 23]",,True,
45,11564,rx_panda_base,/home/telilab4090/Documents/Gazebo World/my_world/rt_out/experiments/semantic_ablation_actor_200f/sionna_xml/frame_045_sionna.xml,30.0,0.0,0.0,2.4,0.582,0.888,1.195,28000000000.0,31,5.357098764591228e-09,6.284866316264015e-08,5.749156439804892e-08,3.004476809564949e-07,-65.22231143794808,-35.22231143794808,cir_coefficients_tau_mask,,"[1, 1, 1, 1, 31, 1]","[1, 1, 31]","[1, 1, 31]","[1, 1, 31]",,True,
45,11564,rx_ur5_base,/home/telilab4090/Documents/Gazebo World/my_world/rt_out/experiments/semantic_ablation_actor_200f/sionna_xml/frame_045_sionna.xml,30.0,0.0,0.0,2.4,0.497,-0.841,0.995,28000000000.0,26,5.708055805797585e-09,6.370818539380707e-08,5.8000129588009486e-08,1.2280924011065508e-06,-59.107689558487564,-29.107689558487564,cir_coefficients_tau_mask,,"[1, 1, 1, 1, 26, 1]","[1, 1, 26]","[1, 1, 26]","[1, 1, 26]",,True,
45,11564,rx_cerberus_base,/home/telilab4090/Documents/Gazebo World/my_world/rt_out/experiments/semantic_ablation_actor_200f/sionna_xml/frame_045_sionna.xml,30.0,0.0,0.0,2.4,4.074,-1.779,0.81,28000000000.0,17,1.574846919538686e-08,5.723669715962387e-08,4.148822796423701e-08,3.619599553417174e-08,-74.41339474041706,-44.41339474041706,cir_coefficients_tau_mask,,"[1, 1, 1, 1, 17, 1]","[1, 1, 17]","[1, 1, 17]","[1, 1, 17]",,True,
45,11564,rx_nao_chest,/home/telilab4090/Documents/Gazebo World/my_world/rt_out/experiments/semantic_ablation_actor_200f/sionna_xml/frame_045_sionna.xml,30.0,0.0,0.0,2.4,-0.1337,2.748,0.7,28000000000.0,24,1.0787783999433032e-08,6.209720737615498e-08,5.130942337672195e-08,7.249248312746204e-08,-71.39707023849851,-41.397070238498515,cir_coefficients_tau_mask,,"[1, 1, 1, 1, 24, 1]","[1, 1, 24]","[1, 1, 24]","[1, 1, 24]",,True,
45,11564,rx_human_chest,/home/telilab4090/Documents/Gazebo World/my_world/rt_out/experiments/semantic_ablation_actor_200f/sionna_xml/frame_045_sionna.xml,30.0,0.0,0.0,2.4,-1.4605,-0.8406,1.6421,28000000000.0,23,6.163341392806387e-09,6.568895827285814e-08,5.952561688005176e-08,2.2439070335167344e-07,-66.48995140137379,-36.48995140137379,cir_coefficients_tau_mask,,"[1, 1, 1, 1, 23, 1]","[1, 1, 23]","[1, 1, 23]","[1, 1, 23]",,True,
45,11564,rx_x500_body,/home/telilab4090/Documents/Gazebo World/my_world/rt_out/experiments/semantic_ablation_actor_200f/sionna_xml/frame_045_sionna.xml,30.0,0.0,0.0,2.4,-3.9279,3.2024,1.3944,28000000000.0,23,1.7234324189985273e-08,7.465505547088469e-08,5.742073128089942e-08,3.3723893011483597e-08,-74.72062297160716,-44.720622971607156,cir_coefficients_tau_mask,,"[1, 1, 1, 1, 23, 1]","[1, 1, 23]","[1, 1, 23]","[1, 1, 23]",,True,
46,11821,rx_panda_base,/home/telilab4090/Documents/Gazebo World/my_world/rt_out/experiments/semantic_ablation_actor_200f/sionna_xml/frame_046_sionna.xml,30.0,0.0,0.0,2.4,0.582,0.888,1.195,28000000000.0,31,5.357098764591228e-09,6.284866316264015e-08,5.749156439804892e-08,3.004476809564949e-07,-65.22231143794808,-35.22231143794808,cir_coefficients_tau_mask,,"[1, 1, 1, 1, 31, 1]","[1, 1, 31]","[1, 1, 31]","[1, 1, 31]",,True,
46,11821,rx_ur5_base,/home/telilab4090/Documents/Gazebo World/my_world/rt_out/experiments/semantic_ablation_actor_200f/sionna_xml/frame_046_sionna.xml,30.0,0.0,0.0,2.4,0.497,-0.841,0.995,28000000000.0,26,5.708055805797585e-09,6.370818539380707e-08,5.8000129588009486e-08,1.238346385434852e-06,-59.071578591594395,-29.071578591594395,cir_coefficients_tau_mask,,"[1, 1, 1, 1, 26, 1]","[1, 1, 26]","[1, 1, 26]","[1, 1, 26]",,True,
46,11821,rx_cerberus_base,/home/telilab4090/Documents/Gazebo World/my_world/rt_out/experiments/semantic_ablation_actor_200f/sionna_xml/frame_046_sionna.xml,30.0,0.0,0.0,2.4,4.074,-1.779,0.81,28000000000.0,17,1.574846919538686e-08,5.723669715962387e-08,4.148822796423701e-08,3.619599553417174e-08,-74.41339474041706,-44.41339474041706,cir_coefficients_tau_mask,,"[1, 1, 1, 1, 17, 1]","[1, 1, 17]","[1, 1, 17]","[1, 1, 17]",,True,
46,11821,rx_nao_chest,/home/telilab4090/Documents/Gazebo World/my_world/rt_out/experiments/semantic_ablation_actor_200f/sionna_xml/frame_046_sionna.xml,30.0,0.0,0.0,2.4,-0.1337,2.748,0.7,28000000000.0,25,1.0787783999433032e-08,6.209720737615498e-08,5.130942337672195e-08,7.254996603478503e-08,-71.39362786546837,-41.393627865468375,cir_coefficients_tau_mask,,"[1, 1, 1, 1, 25, 1]","[1, 1, 25]","[1, 1, 25]","[1, 1, 25]",,True,
46,11821,rx_human_chest,/home/telilab4090/Documents/Gazebo World/my_world/rt_out/experiments/semantic_ablation_actor_200f/sionna_xml/frame_046_sionna.xml,30.0,0.0,0.0,2.4,-1.4605,-0.8406,1.6421,28000000000.0,23,6.163341392806387e-09,6.568895827285814e-08,5.952561688005176e-08,2.2439071756252815e-07,-66.48995112633139,-36.48995112633139,cir_coefficients_tau_mask,,"[1, 1, 1, 1, 23, 1]","[1, 1, 23]","[1, 1, 23]","[1, 1, 23]",,True,
46,11821,rx_x500_body,/home/telilab4090/Documents/Gazebo World/my_world/rt_out/experiments/semantic_ablation_actor_200f/sionna_xml/frame_046_sionna.xml,30.0,0.0,0.0,2.4,-3.9279,3.2024,1.3944,28000000000.0,23,1.7234324189985273e-08,7.465505547088469e-08,5.742073128089942e-08,3.3723893011483597e-08,-74.72062297160716,-44.720622971607156,cir_coefficients_tau_mask,,"[1, 1, 1, 1, 23, 1]","[1, 1, 23]","[1, 1, 23]","[1, 1, 23]",,True,
47,12078,rx_panda_base,/home/telilab4090/Documents/Gazebo World/my_world/rt_out/experiments/semantic_ablation_actor_200f/sionna_xml/frame_047_sionna.xml,30.0,0.0,0.0,2.4,0.582,0.888,1.195,28000000000.0,31,5.357098764591228e-09,6.284866316264015e-08,5.749156439804892e-08,3.004476809564949e-07,-65.22231143794808,-35.22231143794808,cir_coefficients_tau_mask,,"[1, 1, 1, 1, 31, 1]","[1, 1, 31]","[1, 1, 31]","[1, 1, 31]",,True,
47,12078,rx_ur5_base,/home/telilab4090/Documents/Gazebo World/my_world/rt_out/experiments/semantic_ablation_actor_200f/sionna_xml/frame_047_sionna.xml,30.0,0.0,0.0,2.4,0.497,-0.841,0.995,28000000000.0,26,5.708055805797585e-09,6.370818539380707e-08,5.8000129588009486e-08,1.2383511602820363e-06,-59.07156184599066,-29.071561845990658,cir_coefficients_tau_mask,,"[1, 1, 1, 1, 26, 1]","[1, 1, 26]","[1, 1, 26]","[1, 1, 26]",,True,
47,12078,rx_cerberus_base,/home/telilab4090/Documents/Gazebo World/my_world/rt_out/experiments/semantic_ablation_actor_200f/sionna_xml/frame_047_sionna.xml,30.0,0.0,0.0,2.4,4.074,-1.779,0.81,28000000000.0,17,1.574846919538686e-08,5.723669715962387e-08,4.148822796423701e-08,3.619599553417174e-08,-74.41339474041706,-44.41339474041706,cir_coefficients_tau_mask,,"[1, 1, 1, 1, 17, 1]","[1, 1, 17]","[1, 1, 17]","[1, 1, 17]",,True,
47,12078,rx_nao_chest,/home/telilab4090/Documents/Gazebo World/my_world/rt_out/experiments/semantic_ablation_actor_200f/sionna_xml/frame_047_sionna.xml,30.0,0.0,0.0,2.4,-0.1337,2.748,0.7,28000000000.0,24,1.0787783999433032e-08,6.209720737615498e-08,5.130942337672195e-08,7.249248312746204e-08,-71.39707023849851,-41.397070238498515,cir_coefficients_tau_mask,,"[1, 1, 1, 1, 24, 1]","[1, 1, 24]","[1, 1, 24]","[1, 1, 24]",,True,
47,12078,rx_human_chest,/home/telilab4090/Documents/Gazebo World/my_world/rt_out/experiments/semantic_ablation_actor_200f/sionna_xml/frame_047_sionna.xml,30.0,0.0,0.0,2.4,-1.4605,-0.8406,1.6421,28000000000.0,23,6.163341392806387e-09,6.568895827285814e-08,5.952561688005176e-08,2.2439071756252815e-07,-66.48995112633139,-36.48995112633139,cir_coefficients_tau_mask,,"[1, 1, 1, 1, 23, 1]","[1, 1, 23]","[1, 1, 23]","[1, 1, 23]",,True,
47,12078,rx_x500_body,/home/telilab4090/Documents/Gazebo World/my_world/rt_out/experiments/semantic_ablation_actor_200f/sionna_xml/frame_047_sionna.xml,30.0,0.0,0.0,2.4,-3.9279,3.2024,1.3944,28000000000.0,23,1.7234324189985273e-08,7.465505547088469e-08,5.742073128089942e-08,3.3723893011483597e-08,-74.72062297160716,-44.720622971607156,cir_coefficients_tau_mask,,"[1, 1, 1, 1, 23, 1]","[1, 1, 23]","[1, 1, 23]","[1, 1, 23]",,True,
48,12335,rx_panda_base,/home/telilab4090/Documents/Gazebo World/my_world/rt_out/experiments/semantic_ablation_actor_200f/sionna_xml/frame_048_sionna.xml,30.0,0.0,0.0,2.4,0.582,0.888,1.195,28000000000.0,31,5.357098764591228e-09,6.284866316264015e-08,5.749156439804892e-08,3.0044765253478545e-07,-65.2223118487814,-35.2223118487814,cir_coefficients_tau_mask,,"[1, 1, 1, 1, 31, 1]","[1, 1, 31]","[1, 1, 31]","[1, 1, 31]",,True,
48,12335,rx_ur5_base,/home/telilab4090/Documents/Gazebo World/my_world/rt_out/experiments/semantic_ablation_actor_200f/sionna_xml/frame_048_sionna.xml,30.0,0.0,0.0,2.4,0.497,-0.841,0.995,28000000000.0,26,5.708055805797585e-09,6.370818539380707e-08,5.8000129588009486e-08,1.2383881085042958e-06,-59.071432269096974,-29.071432269096974,cir_coefficients_tau_mask,,"[1, 1, 1, 1, 26, 1]","[1, 1, 26]","[1, 1, 26]","[1, 1, 26]",,True,
48,12335,rx_cerberus_base,/home/telilab4090/Documents/Gazebo World/my_world/rt_out/experiments/semantic_ablation_actor_200f/sionna_xml/frame_048_sionna.xml,30.0,0.0,0.0,2.4,4.074,-1.779,0.81,28000000000.0,17,1.574846919538686e-08,5.723669715962387e-08,4.148822796423701e-08,3.619599553417174e-08,-74.41339474041706,-44.41339474041706,cir_coefficients_tau_mask,,"[1, 1, 1, 1, 17, 1]","[1, 1, 17]","[1, 1, 17]","[1, 1, 17]",,True,
48,12335,rx_nao_chest,/home/telilab4090/Documents/Gazebo World/my_world/rt_out/experiments/semantic_ablation_actor_200f/sionna_xml/frame_048_sionna.xml,30.0,0.0,0.0,2.4,-0.1337,2.748,0.7,28000000000.0,24,1.0787783999433032e-08,6.209720737615498e-08,5.130942337672195e-08,7.249248312746204e-08,-71.39707023849851,-41.397070238498515,cir_coefficients_tau_mask,,"[1, 1, 1, 1, 24, 1]","[1, 1, 24]","[1, 1, 24]","[1, 1, 24]",,True,
48,12335,rx_human_chest,/home/telilab4090/Documents/Gazebo World/my_world/rt_out/experiments/semantic_ablation_actor_200f/sionna_xml/frame_048_sionna.xml,30.0,0.0,0.0,2.4,-1.4605,-0.8406,1.6421,28000000000.0,23,6.163341392806387e-09,6.568895827285814e-08,5.952561688005176e-08,2.2439071756252815e-07,-66.48995112633139,-36.48995112633139,cir_coefficients_tau_mask,,"[1, 1, 1, 1, 23, 1]","[1, 1, 23]","[1, 1, 23]","[1, 1, 23]",,True,
48,12335,rx_x500_body,/home/telilab4090/Documents/Gazebo World/my_world/rt_out/experiments/semantic_ablation_actor_200f/sionna_xml/frame_048_sionna.xml,30.0,0.0,0.0,2.4,-3.9279,3.2024,1.3944,28000000000.0,22,1.7234324189985273e-08,7.465505547088469e-08,5.742073128089942e-08,3.3694927736860336e-08,-74.72435470692085,-44.72435470692085,cir_coefficients_tau_mask,,"[1, 1, 1, 1, 22, 1]","[1, 1, 22]","[1, 1, 22]","[1, 1, 22]",,True,
49,12592,rx_panda_base,/home/telilab4090/Documents/Gazebo World/my_world/rt_out/experiments/semantic_ablation_actor_200f/sionna_xml/frame_049_sionna.xml,30.0,0.0,0.0,2.4,0.582,0.888,1.195,28000000000.0,31,5.357098764591228e-09,6.284866316264015e-08,5.749156439804892e-08,3.004476809564949e-07,-65.22231143794808,-35.22231143794808,cir_coefficients_tau_mask,,"[1, 1, 1, 1, 31, 1]","[1, 1, 31]","[1, 1, 31]","[1, 1, 31]",,True,
49,12592,rx_ur5_base,/home/telilab4090/Documents/Gazebo World/my_world/rt_out/experiments/semantic_ablation_actor_200f/sionna_xml/frame_049_sionna.xml,30.0,0.0,0.0,2.4,0.497,-0.841,0.995,28000000000.0,29,5.708055805797585e-09,6.370818539380707e-08,5.8000129588009486e-08,9.158563329947356e-07,-60.381726471630486,-30.381726471630486,cir_coefficients_tau_mask,,"[1, 1, 1, 1, 29, 1]","[1, 1, 29]","[1, 1, 29]","[1, 1, 29]",,True,
49,12592,rx_cerberus_base,/home/telilab4090/Documents/Gazebo World/my_world/rt_out/experiments/semantic_ablation_actor_200f/sionna_xml/frame_049_sionna.xml,30.0,0.0,0.0,2.4,4.074,-1.779,0.81,28000000000.0,16,1.574846919538686e-08,5.723669715962387e-08,4.148822796423701e-08,3.6142850490250567e-08,-74.41977598776519,-44.41977598776519,cir_coefficients_tau_mask,,"[1, 1, 1, 1, 16, 1]","[1, 1, 16]","[1, 1, 16]","[1, 1, 16]",,True,
49,12592,rx_nao_chest,/home/telilab4090/Documents/Gazebo World/my_world/rt_out/experiments/semantic_ablation_actor_200f/sionna_xml/frame_049_sionna.xml,30.0,0.0,0.0,2.4,-0.1337,2.748,0.7,28000000000.0,24,1.0787783999433032e-08,6.209720737615498e-08,5.130942337672195e-08,7.249248312746204e-08,-71.39707023849851,-41.397070238498515,cir_coefficients_tau_mask,,"[1, 1, 1, 1, 24, 1]","[1, 1, 24]","[1, 1, 24]","[1, 1, 24]",,True,
49,12592,rx_human_chest,/home/telilab4090/Documents/Gazebo World/my_world/rt_out/experiments/semantic_ablation_actor_200f/sionna_xml/frame_049_sionna.xml,30.0,0.0,0.0,2.4,-1.4605,-0.8406,1.6421,28000000000.0,23,6.163341392806387e-09,6.568895827285814e-08,5.952561688005176e-08,2.2439071756252815e-07,-66.48995112633139,-36.48995112633139,cir_coefficients_tau_mask,,"[1, 1, 1, 1, 23, 1]","[1, 1, 23]","[1, 1, 23]","[1, 1, 23]",,True,
49,12592,rx_x500_body,/home/telilab4090/Documents/Gazebo World/my_world/rt_out/experiments/semantic_ablation_actor_200f/sionna_xml/frame_049_sionna.xml,30.0,0.0,0.0,2.4,-3.9279,3.2024,1.3944,28000000000.0,23,1.7234324189985273e-08,7.465505547088469e-08,5.742073128089942e-08,3.372388945876992e-08,-74.72062342912375,-44.72062342912375,cir_coefficients_tau_mask,,"[1, 1, 1, 1, 23, 1]","[1, 1, 23]","[1, 1, 23]","[1, 1, 23]",,True,
50,12849,rx_panda_base,/home/telilab4090/Documents/Gazebo World/my_world/rt_out/experiments/semantic_ablation_actor_200f/sionna_xml/frame_050_sionna.xml,30.0,0.0,0.0,2.4,0.582,0.888,1.195,28000000000.0,20,5.357098764591228e-09,6.284866316264015e-08,5.749156439804892e-08,2.840686477156851e-07,-65.46576696144865,-35.46576696144865,cir_coefficients_tau_mask,,"[1, 1, 1, 1, 20, 1]","[1, 1, 20]","[1, 1, 20]","[1, 1, 20]",,True,
50,12849,rx_ur5_base,/home/telilab4090/Documents/Gazebo World/my_world/rt_out/experiments/semantic_ablation_actor_200f/sionna_xml/frame_050_sionna.xml,30.0,0.0,0.0,2.4,0.497,-0.841,0.995,28000000000.0,29,5.708055805797585e-09,6.370818539380707e-08,5.8000129588009486e-08,9.239101359526103e-07,-60.34370268344659,-30.343702683446587,cir_coefficients_tau_mask,,"[1, 1, 1, 1, 29, 1]","[1, 1, 29]","[1, 1, 29]","[1, 1, 29]",,True,
50,12849,rx_cerberus_base,/home/telilab4090/Documents/Gazebo World/my_world/rt_out/experiments/semantic_ablation_actor_200f/sionna_xml/frame_050_sionna.xml,30.0,0.0,0.0,2.4,4.074,-1.779,0.81,28000000000.0,16,1.574846919538686e-08,5.723669715962387e-08,4.148822796423701e-08,3.6160923144734625e-08,-74.41760491041067,-44.417604910410674,cir_coefficients_tau_mask,,"[1, 1, 1, 1, 16, 1]","[1, 1, 16]","[1, 1, 16]","[1, 1, 16]",,True,
50,12849,rx_nao_chest,/home/telilab4090/Documents/Gazebo World/my_world/rt_out/experiments/semantic_ablation_actor_200f/sionna_xml/frame_050_sionna.xml,30.0,0.0,0.0,2.4,-0.1337,2.748,0.7,28000000000.0,23,1.0787783999433032e-08,6.209720737615498e-08,5.130942337672195e-08,7.244494071301233e-08,-71.39991938655777,-41.39991938655777,cir_coefficients_tau_mask,,"[1, 1, 1, 1, 23, 1]","[1, 1, 23]","[1, 1, 23]","[1, 1, 23]",,True,
50,12849,rx_human_chest,/home/telilab4090/Documents/Gazebo World/my_world/rt_out/experiments/semantic_ablation_actor_200f/sionna_xml/frame_050_sionna.xml,30.0,0.0,0.0,2.4,-1.4605,-0.8406,1.6421,28000000000.0,23,6.163341392806387e-09,6.568895827285814e-08,5.952561688005176e-08,2.2439071756252815e-07,-66.48995112633139,-36.48995112633139,cir_coefficients_tau_mask,,"[1, 1, 1, 1, 23, 1]","[1, 1, 23]","[1, 1, 23]","[1, 1, 23]",,True,
50,12849,rx_x500_body,/home/telilab4090/Documents/Gazebo World/my_world/rt_out/experiments/semantic_ablation_actor_200f/sionna_xml/frame_050_sionna.xml,30.0,0.0,0.0,2.4,-3.9279,3.2024,1.3944,28000000000.0,23,1.7234324189985273e-08,7.465505547088469e-08,5.742073128089942e-08,3.3723893011483597e-08,-74.72062297160716,-44.720622971607156,cir_coefficients_tau_mask,,"[1, 1, 1, 1, 23, 1]","[1, 1, 23]","[1, 1, 23]","[1, 1, 23]",,True,
51,13106,rx_panda_base,/home/telilab4090/Documents/Gazebo World/my_world/rt_out/experiments/semantic_ablation_actor_200f/sionna_xml/frame_051_sionna.xml,30.0,0.0,0.0,2.4,0.582,0.888,1.195,28000000000.0,20,5.357098764591228e-09,6.284866316264015e-08,5.749156439804892e-08,2.8406861929397564e-07,-65.4657673959701,-35.465767395970104,cir_coefficients_tau_mask,,"[1, 1, 1, 1, 20, 1]","[1, 1, 20]","[1, 1, 20]","[1, 1, 20]",,True,
51,13106,rx_ur5_base,/home/telilab4090/Documents/Gazebo World/my_world/rt_out/experiments/semantic_ablation_actor_200f/sionna_xml/frame_051_sionna.xml,30.0,0.0,0.0,2.4,0.497,-0.841,0.995,28000000000.0,29,5.708055805797585e-09,6.370818539380707e-08,5.8000129588009486e-08,9.190242167278484e-07,-60.366730445957096,-30.366730445957096,cir_coefficients_tau_mask,,"[1, 1, 1, 1, 29, 1]","[1, 1, 29]","[1, 1, 29]","[1, 1, 29]",,True,
51,13106,rx_cerberus_base,/home/telilab4090/Documents/Gazebo World/my_world/rt_out/experiments/semantic_ablation_actor_200f/sionna_xml/frame_051_sionna.xml,30.0,0.0,0.0,2.4,4.074,-1.779,0.81,28000000000.0,16,1.716167652432432e-08,5.723669715962387e-08,4.007502063529955e-08,3.003409521085132e-09,-85.22385446814788,-55.22385446814788,cir_coefficients_tau_mask,,"[1, 1, 1, 1, 16, 1]","[1, 1, 16]","[1, 1, 16]","[1, 1, 16]",,True,
51,13106,rx_nao_chest,/home/telilab4090/Documents/Gazebo World/my_world/rt_out/experiments/semantic_ablation_actor_200f/sionna_xml/frame_051_sionna.xml,30.0,0.0,0.0,2.4,-0.1337,2.748,0.7,28000000000.0,23,1.0787783999433032e-08,6.209720737615498e-08,5.130942337672195e-08,7.244494781843969e-08,-71.39991896060012,-41.39991896060012,cir_coefficients_tau_mask,,"[1, 1, 1, 1, 23, 1]","[1, 1, 23]","[1, 1, 23]","[1, 1, 23]",,True,
51,13106,rx_human_chest,/home/telilab4090/Documents/Gazebo World/my_world/rt_out/experiments/semantic_ablation_actor_200f/sionna_xml/frame_051_sionna.xml,30.0,0.0,0.0,2.4,-1.4605,-0.8406,1.6421,28000000000.0,23,6.163341392806387e-09,6.568895827285814e-08,5.952561688005176e-08,2.2439071756252815e-07,-66.48995112633139,-36.48995112633139,cir_coefficients_tau_mask,,"[1, 1, 1, 1, 23, 1]","[1, 1, 23]","[1, 1, 23]","[1, 1, 23]",,True,
51,13106,rx_x500_body,/home/telilab4090/Documents/Gazebo World/my_world/rt_out/experiments/semantic_ablation_actor_200f/sionna_xml/frame_051_sionna.xml,30.0,0.0,0.0,2.4,-3.9279,3.2024,1.3944,28000000000.0,23,1.7234324189985273e-08,7.465505547088469e-08,5.742073128089942e-08,3.3723893011483597e-08,-74.72062297160716,-44.720622971607156,cir_coefficients_tau_mask,,"[1, 1, 1, 1, 23, 1]","[1, 1, 23]","[1, 1, 23]","[1, 1, 23]",,True,
52,13363,rx_panda_base,/home/telilab4090/Documents/Gazebo World/my_world/rt_out/experiments/semantic_ablation_actor_200f/sionna_xml/frame_052_sionna.xml,30.0,0.0,0.0,2.4,0.582,0.888,1.195,28000000000.0,20,5.357098764591228e-09,6.284866316264015e-08,5.749156439804892e-08,2.840686477156851e-07,-65.46576696144865,-35.46576696144865,cir_coefficients_tau_mask,,"[1, 1, 1, 1, 20, 1]","[1, 1, 20]","[1, 1, 20]","[1, 1, 20]",,True,
52,13363,rx_ur5_base,/home/telilab4090/Documents/Gazebo World/my_world/rt_out/experiments/semantic_ablation_actor_200f/sionna_xml/frame_052_sionna.xml,30.0,0.0,0.0,2.4,0.497,-0.841,0.995,28000000000.0,30,5.708055805797585e-09,6.370818539380707e-08,5.8000129588009486e-08,1.1430329323047772e-06,-59.419412568206376,-29.419412568206376,cir_coefficients_tau_mask,,"[1, 1, 1, 1, 30, 1]","[1, 1, 30]","[1, 1, 30]","[1, 1, 30]",,True,
52,13363,rx_cerberus_base,/home/telilab4090/Documents/Gazebo World/my_world/rt_out/experiments/semantic_ablation_actor_200f/sionna_xml/frame_052_sionna.xml,30.0,0.0,0.0,2.4,4.074,-1.779,0.81,28000000000.0,14,1.716167652432432e-08,5.723669715962387e-08,4.007502063529955e-08,2.99288616112392e-09,-85.23909801882144,-55.23909801882144,cir_coefficients_tau_mask,,"[1, 1, 1, 1, 14, 1]","[1, 1, 14]","[1, 1, 14]","[1, 1, 14]",,True,
52,13363,rx_nao_chest,/home/telilab4090/Documents/Gazebo World/my_world/rt_out/experiments/semantic_ablation_actor_200f/sionna_xml/frame_052_sionna.xml,30.0,0.0,0.0,2.4,-0.1337,2.748,0.7,28000000000.0,23,1.0787783999433032e-08,6.209720737615498e-08,5.130942337672195e-08,7.244494071301233e-08,-71.39991938655777,-41.39991938655777,cir_coefficients_tau_mask,,"[1, 1, 1, 1, 23, 1]","[1, 1, 23]","[1, 1, 23]","[1, 1, 23]",,True,
52,13363,rx_human_chest,/home/telilab4090/Documents/Gazebo World/my_world/rt_out/experiments/semantic_ablation_actor_200f/sionna_xml/frame_052_sionna.xml,30.0,0.0,0.0,2.4,-1.4605,-0.8406,1.6421,28000000000.0,23,6.163341392806387e-09,6.568895827285814e-08,5.952561688005176e-08,2.2439070335167344e-07,-66.48995140137379,-36.48995140137379,cir_coefficients_tau_mask,,"[1, 1, 1, 1, 23, 1]","[1, 1, 23]","[1, 1, 23]","[1, 1, 23]",,True,
52,13363,rx_x500_body,/home/telilab4090/Documents/Gazebo World/my_world/rt_out/experiments/semantic_ablation_actor_200f/sionna_xml/frame_052_sionna.xml,30.0,0.0,0.0,2.4,-3.9279,3.2024,1.3944,28000000000.0,23,1.7234324189985273e-08,7.465505547088469e-08,5.742073128089942e-08,3.372388945876992e-08,-74.72062342912375,-44.72062342912375,cir_coefficients_tau_mask,,"[1, 1, 1, 1, 23, 1]","[1, 1, 23]","[1, 1, 23]","[1, 1, 23]",,True,
53,13620,rx_panda_base,/home/telilab4090/Documents/Gazebo World/my_world/rt_out/experiments/semantic_ablation_actor_200f/sionna_xml/frame_053_sionna.xml,30.0,0.0,0.0,2.4,0.582,0.888,1.195,28000000000.0,20,5.357098764591228e-09,6.284866316264015e-08,5.749156439804892e-08,2.840686477156851e-07,-65.46576696144865,-35.46576696144865,cir_coefficients_tau_mask,,"[1, 1, 1, 1, 20, 1]","[1, 1, 20]","[1, 1, 20]","[1, 1, 20]",,True,
53,13620,rx_ur5_base,/home/telilab4090/Documents/Gazebo World/my_world/rt_out/experiments/semantic_ablation_actor_200f/sionna_xml/frame_053_sionna.xml,30.0,0.0,0.0,2.4,0.497,-0.841,0.995,28000000000.0,30,5.708055805797585e-09,6.370818539380707e-08,5.8000129588009486e-08,1.1137944966321811e-06,-59.531949323325776,-29.531949323325776,cir_coefficients_tau_mask,,"[1, 1, 1, 1, 30, 1]","[1, 1, 30]","[1, 1, 30]","[1, 1, 30]",,True,
53,13620,rx_cerberus_base,/home/telilab4090/Documents/Gazebo World/my_world/rt_out/experiments/semantic_ablation_actor_200f/sionna_xml/frame_053_sionna.xml,30.0,0.0,0.0,2.4,4.074,-1.779,0.81,28000000000.0,15,1.574846919538686e-08,5.723669715962387e-08,4.148822796423701e-08,3.470804799121652e-08,-74.5956981071585,-44.5956981071585,cir_coefficients_tau_mask,,"[1, 1, 1, 1, 15, 1]","[1, 1, 15]","[1, 1, 15]","[1, 1, 15]",,True,
53,13620,rx_nao_chest,/home/telilab4090/Documents/Gazebo World/my_world/rt_out/experiments/semantic_ablation_actor_200f/sionna_xml/frame_053_sionna.xml,30.0,0.0,0.0,2.4,-0.1337,2.748,0.7,28000000000.0,23,1.0787783999433032e-08,6.209720737615498e-08,5.130942337672195e-08,7.244494071301233e-08,-71.39991938655777,-41.39991938655777,cir_coefficients_tau_mask,,"[1, 1, 1, 1, 23, 1]","[1, 1, 23]","[1, 1, 23]","[1, 1, 23]",,True,
53,13620,rx_human_chest,/home/telilab4090/Documents/Gazebo World/my_world/rt_out/experiments/semantic_ablation_actor_200f/sionna_xml/frame_053_sionna.xml,30.0,0.0,0.0,2.4,-1.4605,-0.8406,1.6421,28000000000.0,23,6.163341392806387e-09,6.568895827285814e-08,5.952561688005176e-08,2.2439070335167344e-07,-66.48995140137379,-36.48995140137379,cir_coefficients_tau_mask,,"[1, 1, 1, 1, 23, 1]","[1, 1, 23]","[1, 1, 23]","[1, 1, 23]",,True,
53,13620,rx_x500_body,/home/telilab4090/Documents/Gazebo World/my_world/rt_out/experiments/semantic_ablation_actor_200f/sionna_xml/frame_053_sionna.xml,30.0,0.0,0.0,2.4,-3.9279,3.2024,1.3944,28000000000.0,23,1.7234324189985273e-08,7.465505547088469e-08,5.742073128089942e-08,3.372388945876992e-08,-74.72062342912375,-44.72062342912375,cir_coefficients_tau_mask,,"[1, 1, 1, 1, 23, 1]","[1, 1, 23]","[1, 1, 23]","[1, 1, 23]",,True,
54,13877,rx_panda_base,/home/telilab4090/Documents/Gazebo World/my_world/rt_out/experiments/semantic_ablation_actor_200f/sionna_xml/frame_054_sionna.xml,30.0,0.0,0.0,2.4,0.582,0.888,1.195,28000000000.0,24,5.357098764591228e-09,6.284866316264015e-08,5.749156439804892e-08,2.8414089570105716e-07,-65.46466254840567,-35.46466254840567,cir_coefficients_tau_mask,,"[1, 1, 1, 1, 24, 1]","[1, 1, 24]","[1, 1, 24]","[1, 1, 24]",,True,
54,13877,rx_ur5_base,/home/telilab4090/Documents/Gazebo World/my_world/rt_out/experiments/semantic_ablation_actor_200f/sionna_xml/frame_054_sionna.xml,30.0,0.0,0.0,2.4,0.497,-0.841,0.995,28000000000.0,29,5.708055805797585e-09,6.370818539380707e-08,5.8000129588009486e-08,1.0848788178918767e-06,-59.64618770257936,-29.64618770257936,cir_coefficients_tau_mask,,"[1, 1, 1, 1, 29, 1]","[1, 1, 29]","[1, 1, 29]","[1, 1, 29]",,True,
54,13877,rx_cerberus_base,/home/telilab4090/Documents/Gazebo World/my_world/rt_out/experiments/semantic_ablation_actor_200f/sionna_xml/frame_054_sionna.xml,30.0,0.0,0.0,2.4,4.074,-1.779,0.81,28000000000.0,17,1.574846919538686e-08,5.723669715962387e-08,4.148822796423701e-08,3.6203839925974535e-08,-74.41245363991166,-44.41245363991166,cir_coefficients_tau_mask,,"[1, 1, 1, 1, 17, 1]","[1, 1, 17]","[1, 1, 17]","[1, 1, 17]",,True,
54,13877,rx_nao_chest,/home/telilab4090/Documents/Gazebo World/my_world/rt_out/experiments/semantic_ablation_actor_200f/sionna_xml/frame_054_sionna.xml,30.0,0.0,0.0,2.4,-0.1337,2.748,0.7,28000000000.0,23,1.0787783999433032e-08,6.209720737615498e-08,5.130942337672195e-08,7.244494781843969e-08,-71.39991896060012,-41.39991896060012,cir_coefficients_tau_mask,,"[1, 1, 1, 1, 23, 1]","[1, 1, 23]","[1, 1, 23]","[1, 1, 23]",,True,
54,13877,rx_human_chest,/home/telilab4090/Documents/Gazebo World/my_world/rt_out/experiments/semantic_ablation_actor_200f/sionna_xml/frame_054_sionna.xml,30.0,0.0,0.0,2.4,-1.4605,-0.8406,1.6421,28000000000.0,23,6.163341392806387e-09,6.568895827285814e-08,5.952561688005176e-08,2.2439073177338287e-07,-66.48995085128901,-36.48995085128901,cir_coefficients_tau_mask,,"[1, 1, 1, 1, 23, 1]","[1, 1, 23]","[1, 1, 23]","[1, 1, 23]",,True,
54,13877,rx_x500_body,/home/telilab4090/Documents/Gazebo World/my_world/rt_out/experiments/semantic_ablation_actor_200f/sionna_xml/frame_054_sionna.xml,30.0,0.0,0.0,2.4,-3.9279,3.2024,1.3944,28000000000.0,23,1.7234324189985273e-08,7.465505547088469e-08,5.742073128089942e-08,3.372388590605624e-08,-74.72062388664037,-44.72062388664037,cir_coefficients_tau_mask,,"[1, 1, 1, 1, 23, 1]","[1, 1, 23]","[1, 1, 23]","[1, 1, 23]",,True,
55,14134,rx_panda_base,/home/telilab4090/Documents/Gazebo World/my_world/rt_out/experiments/semantic_ablation_actor_200f/sionna_xml/frame_055_sionna.xml,30.0,0.0,0.0,2.4,0.582,0.888,1.195,28000000000.0,29,5.357098764591228e-09,6.284866316264015e-08,5.749156439804892e-08,2.842349715592718e-07,-65.4632248861533,-35.4632248861533,cir_coefficients_tau_mask,,"[1, 1, 1, 1, 29, 1]","[1, 1, 29]","[1, 1, 29]","[1, 1, 29]",,True,
55,14134,rx_ur5_base,/home/telilab4090/Documents/Gazebo World/my_world/rt_out/experiments/semantic_ablation_actor_200f/sionna_xml/frame_055_sionna.xml,30.0,0.0,0.0,2.4,0.497,-0.841,0.995,28000000000.0,29,5.708055805797585e-09,6.370818539380707e-08,5.8000129588009486e-08,1.2931701576235355e-06,-58.883443261212356,-28.883443261212356,cir_coefficients_tau_mask,,"[1, 1, 1, 1, 29, 1]","[1, 1, 29]","[1, 1, 29]","[1, 1, 29]",,True,
55,14134,rx_cerberus_base,/home/telilab4090/Documents/Gazebo World/my_world/rt_out/experiments/semantic_ablation_actor_200f/sionna_xml/frame_055_sionna.xml,30.0,0.0,0.0,2.4,4.074,-1.779,0.81,28000000000.0,17,1.574846919538686e-08,5.478522524526852e-08,3.903675604988166e-08,3.617294197511001e-08,-74.41616168274675,-44.41616168274675,cir_coefficients_tau_mask,,"[1, 1, 1, 1, 17, 1]","[1, 1, 17]","[1, 1, 17]","[1, 1, 17]",,True,
55,14134,rx_nao_chest,/home/telilab4090/Documents/Gazebo World/my_world/rt_out/experiments/semantic_ablation_actor_200f/sionna_xml/frame_055_sionna.xml,30.0,0.0,0.0,2.4,-0.1337,2.748,0.7,28000000000.0,22,1.0787783999433032e-08,6.209720737615498e-08,5.130942337672195e-08,7.239636801159577e-08,-71.40283220986389,-41.40283220986389,cir_coefficients_tau_mask,,"[1, 1, 1, 1, 22, 1]","[1, 1, 22]","[1, 1, 22]","[1, 1, 22]",,True,
55,14134,rx_human_chest,/home/telilab4090/Documents/Gazebo World/my_world/rt_out/experiments/semantic_ablation_actor_200f/sionna_xml/frame_055_sionna.xml,30.0,0.0,0.0,2.4,-1.4605,-0.8406,1.6421,28000000000.0,23,6.163341392806387e-09,6.568895827285814e-08,5.952561688005176e-08,2.2439071756252815e-07,-66.48995112633139,-36.48995112633139,cir_coefficients_tau_mask,,"[1, 1, 1, 1, 23, 1]","[1, 1, 23]","[1, 1, 23]","[1, 1, 23]",,True,
55,14134,rx_x500_body,/home/telilab4090/Documents/Gazebo World/my_world/rt_out/experiments/semantic_ablation_actor_200f/sionna_xml/frame_055_sionna.xml,30.0,0.0,0.0,2.4,-3.9279,3.2024,1.3944,28000000000.0,23,1.7234324189985273e-08,7.465505547088469e-08,5.742073128089942e-08,3.372388945876992e-08,-74.72062342912375,-44.72062342912375,cir_coefficients_tau_mask,,"[1, 1, 1, 1, 23, 1]","[1, 1, 23]","[1, 1, 23]","[1, 1, 23]",,True,
56,14391,rx_panda_base,/home/telilab4090/Documents/Gazebo World/my_world/rt_out/experiments/semantic_ablation_actor_200f/sionna_xml/frame_056_sionna.xml,30.0,0.0,0.0,2.4,0.582,0.888,1.195,28000000000.0,29,5.357098764591228e-09,6.284866316264015e-08,5.749156439804892e-08,2.842349715592718e-07,-65.4632248861533,-35.4632248861533,cir_coefficients_tau_mask,,"[1, 1, 1, 1, 29, 1]","[1, 1, 29]","[1, 1, 29]","[1, 1, 29]",,True,
56,14391,rx_ur5_base,/home/telilab4090/Documents/Gazebo World/my_world/rt_out/experiments/semantic_ablation_actor_200f/sionna_xml/frame_056_sionna.xml,30.0,0.0,0.0,2.4,0.497,-0.841,0.995,28000000000.0,30,5.708055805797585e-09,6.370818539380707e-08,5.8000129588009486e-08,1.2934040114487289e-06,-58.88265796437189,-28.882657964371887,cir_coefficients_tau_mask,,"[1, 1, 1, 1, 30, 1]","[1, 1, 30]","[1, 1, 30]","[1, 1, 30]",,True,
56,14391,rx_cerberus_base,/home/telilab4090/Documents/Gazebo World/my_world/rt_out/experiments/semantic_ablation_actor_200f/sionna_xml/frame_056_sionna.xml,30.0,0.0,0.0,2.4,4.074,-1.779,0.81,28000000000.0,17,1.574846919538686e-08,5.478522524526852e-08,3.903675604988166e-08,3.6172945527823686e-08,-74.41616125620585,-44.416161256205854,cir_coefficients_tau_mask,,"[1, 1, 1, 1, 17, 1]","[1, 1, 17]","[1, 1, 17]","[1, 1, 17]",,True,
56,14391,rx_nao_chest,/home/telilab4090/Documents/Gazebo World/my_world/rt_out/experiments/semantic_ablation_actor_200f/sionna_xml/frame_056_sionna.xml,30.0,0.0,0.0,2.4,-0.1337,2.748,0.7,28000000000.0,22,1.0787783999433032e-08,6.209720737615498e-08,5.130942337672195e-08,7.231580667621529e-08,-71.40766764919032,-41.407667649190316,cir_coefficients_tau_mask,,"[1, 1, 1, 1, 22, 1]","[1, 1, 22]","[1, 1, 22]","[1, 1, 22]",,True,
56,14391,rx_human_chest,/home/telilab4090/Documents/Gazebo World/my_world/rt_out/experiments/semantic_ablation_actor_200f/sionna_xml/frame_056_sionna.xml,30.0,0.0,0.0,2.4,-1.4605,-0.8406,1.6421,28000000000.0,23,6.163341392806387e-09,6.568895827285814e-08,5.952561688005176e-08,2.2439070335167344e-07,-66.48995140137379,-36.48995140137379,cir_coefficients_tau_mask,,"[1, 1, 1, 1, 23, 1]","[1, 1, 23]","[1, 1, 23]","[1, 1, 23]",,True,
56,14391,rx_x500_body,/home/telilab4090/Documents/Gazebo World/my_world/rt_out/experiments/semantic_ablation_actor_200f/sionna_xml/frame_056_sionna.xml,30.0,0.0,0.0,2.4,-3.9279,3.2024,1.3944,28000000000.0,23,1.7234324189985273e-08,7.465505547088469e-08,5.742073128089942e-08,3.372388945876992e-08,-74.72062342912375,-44.72062342912375,cir_coefficients_tau_mask,,"[1, 1, 1, 1, 23, 1]","[1, 1, 23]","[1, 1, 23]","[1, 1, 23]",,True,
57,14648,rx_panda_base,/home/telilab4090/Documents/Gazebo World/my_world/rt_out/experiments/semantic_ablation_actor_200f/sionna_xml/frame_057_sionna.xml,30.0,0.0,0.0,2.4,0.582,0.888,1.195,28000000000.0,29,5.357098764591228e-09,6.284866316264015e-08,5.749156439804892e-08,2.842349715592718e-07,-65.4632248861533,-35.4632248861533,cir_coefficients_tau_mask,,"[1, 1, 1, 1, 29, 1]","[1, 1, 29]","[1, 1, 29]","[1, 1, 29]",,True,
57,14648,rx_ur5_base,/home/telilab4090/Documents/Gazebo World/my_world/rt_out/experiments/semantic_ablation_actor_200f/sionna_xml/frame_057_sionna.xml,30.0,0.0,0.0,2.4,0.497,-0.841,0.995,28000000000.0,26,5.708055805797585e-09,6.370818539380707e-08,5.8000129588009486e-08,8.561930826544994e-07,-60.67428285234618,-30.67428285234618,cir_coefficients_tau_mask,,"[1, 1, 1, 1, 26, 1]","[1, 1, 26]","[1, 1, 26]","[1, 1, 26]",,True,
57,14648,rx_cerberus_base,/home/telilab4090/Documents/Gazebo World/my_world/rt_out/experiments/semantic_ablation_actor_200f/sionna_xml/frame_057_sionna.xml,30.0,0.0,0.0,2.4,4.074,-1.779,0.81,28000000000.0,17,1.574846919538686e-08,5.478522524526852e-08,3.903675604988166e-08,3.617294197511001e-08,-74.41616168274675,-44.41616168274675,cir_coefficients_tau_mask,,"[1, 1, 1, 1, 17, 1]","[1, 1, 17]","[1, 1, 17]","[1, 1, 17]",,True,
57,14648,rx_nao_chest,/home/telilab4090/Documents/Gazebo World/my_world/rt_out/experiments/semantic_ablation_actor_200f/sionna_xml/frame_057_sionna.xml,30.0,0.0,0.0,2.4,-0.1337,2.748,0.7,28000000000.0,21,1.0787783999433032e-08,6.209720737615498e-08,5.130942337672195e-08,7.226723397479873e-08,-71.41058567566078,-41.41058567566078,cir_coefficients_tau_mask,,"[1, 1, 1, 1, 21, 1]","[1, 1, 21]","[1, 1, 21]","[1, 1, 21]",,True,
57,14648,rx_human_chest,/home/telilab4090/Documents/Gazebo World/my_world/rt_out/experiments/semantic_ablation_actor_200f/sionna_xml/frame_057_sionna.xml,30.0,0.0,0.0,2.4,-1.4605,-0.8406,1.6421,28000000000.0,23,6.163341392806387e-09,6.568895827285814e-08,5.952561688005176e-08,2.2439071756252815e-07,-66.48995112633139,-36.48995112633139,cir_coefficients_tau_mask,,"[1, 1, 1, 1, 23, 1]","[1, 1, 23]","[1, 1, 23]","[1, 1, 23]",,True,
57,14648,rx_x500_body,/home/telilab4090/Documents/Gazebo World/my_world/rt_out/experiments/semantic_ablation_actor_200f/sionna_xml/frame_057_sionna.xml,30.0,0.0,0.0,2.4,-3.9279,3.2024,1.3944,28000000000.0,23,1.7234324189985273e-08,7.465505547088469e-08,5.742073128089942e-08,3.372388945876992e-08,-74.72062342912375,-44.72062342912375,cir_coefficients_tau_mask,,"[1, 1, 1, 1, 23, 1]","[1, 1, 23]","[1, 1, 23]","[1, 1, 23]",,True,
58,14905,rx_panda_base,/home/telilab4090/Documents/Gazebo World/my_world/rt_out/experiments/semantic_ablation_actor_200f/sionna_xml/frame_058_sionna.xml,30.0,0.0,0.0,2.4,0.582,0.888,1.195,28000000000.0,29,5.357098764591228e-09,6.284866316264015e-08,5.749156439804892e-08,2.8423499998098123e-07,-65.46322445188615,-35.46322445188615,cir_coefficients_tau_mask,,"[1, 1, 1, 1, 29, 1]","[1, 1, 29]","[1, 1, 29]","[1, 1, 29]",,True,
58,14905,rx_ur5_base,/home/telilab4090/Documents/Gazebo World/my_world/rt_out/experiments/semantic_ablation_actor_200f/sionna_xml/frame_058_sionna.xml,30.0,0.0,0.0,2.4,0.497,-0.841,0.995,28000000000.0,26,5.708055805797585e-09,6.370818539380707e-08,5.8000129588009486e-08,1.0111631354448036e-06,-59.95178772096441,-29.95178772096441,cir_coefficients_tau_mask,,"[1, 1, 1, 1, 26, 1]","[1, 1, 26]","[1, 1, 26]","[1, 1, 26]",,True,
58,14905,rx_cerberus_base,/home/telilab4090/Documents/Gazebo World/my_world/rt_out/experiments/semantic_ablation_actor_200f/sionna_xml/frame_058_sionna.xml,30.0,0.0,0.0,2.4,4.074,-1.779,0.81,28000000000.0,15,1.574846919538686e-08,5.055218466054612e-08,3.480371546515926e-08,3.61528833536795e-08,-74.41857060066386,-44.418570600663855,cir_coefficients_tau_mask,,"[1, 1, 1, 1, 15, 1]","[1, 1, 15]","[1, 1, 15]","[1, 1, 15]",,True,
58,14905,rx_nao_chest,/home/telilab4090/Documents/Gazebo World/my_world/rt_out/experiments/semantic_ablation_actor_200f/sionna_xml/frame_058_sionna.xml,30.0,0.0,0.0,2.4,-0.1337,2.748,0.7,28000000000.0,21,1.0787783999433032e-08,6.209720737615498e-08,5.130942337672195e-08,7.226723397479873e-08,-71.41058567566078,-41.41058567566078,cir_coefficients_tau_mask,,"[1, 1, 1, 1, 21, 1]","[1, 1, 21]","[1, 1, 21]","[1, 1, 21]",,True,
58,14905,rx_human_chest,/home/telilab4090/Documents/Gazebo World/my_world/rt_out/experiments/semantic_ablation_actor_200f/sionna_xml/frame_058_sionna.xml,30.0,0.0,0.0,2.4,-1.4605,-0.8406,1.6421,28000000000.0,23,6.163341392806387e-09,6.568895827285814e-08,5.952561688005176e-08,2.2439070335167344e-07,-66.48995140137379,-36.48995140137379,cir_coefficients_tau_mask,,"[1, 1, 1, 1, 23, 1]","[1, 1, 23]","[1, 1, 23]","[1, 1, 23]",,True,
58,14905,rx_x500_body,/home/telilab4090/Documents/Gazebo World/my_world/rt_out/experiments/semantic_ablation_actor_200f/sionna_xml/frame_058_sionna.xml,30.0,0.0,0.0,2.4,-3.9279,3.2024,1.3944,28000000000.0,23,1.7234324189985273e-08,7.465505547088469e-08,5.742073128089942e-08,3.3723893011483597e-08,-74.72062297160716,-44.720622971607156,cir_coefficients_tau_mask,,"[1, 1, 1, 1, 23, 1]","[1, 1, 23]","[1, 1, 23]","[1, 1, 23]",,True,
59,15162,rx_panda_base,/home/telilab4090/Documents/Gazebo World/my_world/rt_out/experiments/semantic_ablation_actor_200f/sionna_xml/frame_059_sionna.xml,30.0,0.0,0.0,2.4,0.582,0.888,1.195,28000000000.0,28,5.357098764591228e-09,6.284866316264015e-08,5.749156439804892e-08,2.8423445996850205e-07,-65.46323270296932,-35.46323270296932,cir_coefficients_tau_mask,,"[1, 1, 1, 1, 28, 1]","[1, 1, 28]","[1, 1, 28]","[1, 1, 28]",,True,
59,15162,rx_ur5_base,/home/telilab4090/Documents/Gazebo World/my_world/rt_out/experiments/semantic_ablation_actor_200f/sionna_xml/frame_059_sionna.xml,30.0,0.0,0.0,2.4,0.497,-0.841,0.995,28000000000.0,26,5.708055805797585e-09,6.370818539380707e-08,5.8000129588009486e-08,1.0111518804478692e-06,-59.95183606143584,-29.95183606143584,cir_coefficients_tau_mask,,"[1, 1, 1, 1, 26, 1]","[1, 1, 26]","[1, 1, 26]","[1, 1, 26]",,True,
59,15162,rx_cerberus_base,/home/telilab4090/Documents/Gazebo World/my_world/rt_out/experiments/semantic_ablation_actor_200f/sionna_xml/frame_059_sionna.xml,30.0,0.0,0.0,2.4,4.074,-1.779,0.81,28000000000.0,18,1.574846919538686e-08,5.723669715962387e-08,4.148822796423701e-08,3.621421384991663e-08,-74.41120938168608,-44.41120938168608,cir_coefficients_tau_mask,,"[1, 1, 1, 1, 18, 1]","[1, 1, 18]","[1, 1, 18]","[1, 1, 18]",,True,
59,15162,rx_nao_chest,/home/telilab4090/Documents/Gazebo World/my_world/rt_out/experiments/semantic_ablation_actor_200f/sionna_xml/frame_059_sionna.xml,30.0,0.0,0.0,2.4,-0.1337,2.748,0.7,28000000000.0,22,1.0787783999433032e-08,6.209720737615498e-08,5.130942337672195e-08,7.231476928382108e-08,-71.40772995051069,-41.407729950510685,cir_coefficients_tau_mask,,"[1, 1, 1, 1, 22, 1]","[1, 1, 22]","[1, 1, 22]","[1, 1, 22]",,True,
59,15162,rx_human_chest,/home/telilab4090/Documents/Gazebo World/my_world/rt_out/experiments/semantic_ablation_actor_200f/sionna_xml/frame_059_sionna.xml,30.0,0.0,0.0,2.4,-1.4605,-0.8406,1.6421,28000000000.0,23,6.163341392806387e-09,6.568895827285814e-08,5.952561688005176e-08,2.2439071756252815e-07,-66.48995112633139,-36.48995112633139,cir_coefficients_tau_mask,,"[1, 1, 1, 1, 23, 1]","[1, 1, 23]","[1, 1, 23]","[1, 1, 23]",,True,
59,15162,rx_x500_body,/home/telilab4090/Documents/Gazebo World/my_world/rt_out/experiments/semantic_ablation_actor_200f/sionna_xml/frame_059_sionna.xml,30.0,0.0,0.0,2.4,-3.9279,3.2024,1.3944,28000000000.0,23,1.7234324189985273e-08,7.465505547088469e-08,5.742073128089942e-08,3.372388590605624e-08,-74.72062388664037,-44.72062388664037,cir_coefficients_tau_mask,,"[1, 1, 1, 1, 23, 1]","[1, 1, 23]","[1, 1, 23]","[1, 1, 23]",,True,
60,15419,rx_panda_base,/home/telilab4090/Documents/Gazebo World/my_world/rt_out/experiments/semantic_ablation_actor_200f/sionna_xml/frame_060_sionna.xml,30.0,0.0,0.0,2.4,0.582,0.888,1.195,28000000000.0,29,5.357098764591228e-09,6.284866316264015e-08,5.749156439804892e-08,2.8423502840269066e-07,-65.46322401761904,-35.46322401761904,cir_coefficients_tau_mask,,"[1, 1, 1, 1, 29, 1]","[1, 1, 29]","[1, 1, 29]","[1, 1, 29]",,True,
60,15419,rx_ur5_base,/home/telilab4090/Documents/Gazebo World/my_world/rt_out/experiments/semantic_ablation_actor_200f/sionna_xml/frame_060_sionna.xml,30.0,0.0,0.0,2.4,0.497,-0.841,0.995,28000000000.0,26,5.708055805797585e-09,6.370818539380707e-08,5.8000129588009486e-08,1.0111518804478692e-06,-59.95183606143584,-29.95183606143584,cir_coefficients_tau_mask,,"[1, 1, 1, 1, 26, 1]","[1, 1, 26]","[1, 1, 26]","[1, 1, 26]",,True,
60,15419,rx_cerberus_base,/home/telilab4090/Documents/Gazebo World/my_world/rt_out/experiments/semantic_ablation_actor_200f/sionna_xml/frame_060_sionna.xml,30.0,0.0,0.0,2.4,4.074,-1.779,0.81,28000000000.0,18,1.574846919538686e-08,5.723669715962387e-08,4.148822796423701e-08,3.621421384991663e-08,-74.41120938168608,-44.41120938168608,cir_coefficients_tau_mask,,"[1, 1, 1, 1, 18, 1]","[1, 1, 18]","[1, 1, 18]","[1, 1, 18]",,True,
60,15419,rx_nao_chest,/home/telilab4090/Documents/Gazebo World/my_world/rt_out/experiments/semantic_ablation_actor_200f/sionna_xml/frame_060_sionna.xml,30.0,0.0,0.0,2.4,-0.1337,2.748,0.7,28000000000.0,22,1.0787783999433032e-08,6.209720737615498e-08,5.130942337672195e-08,7.231477638924844e-08,-71.40772952378627,-41.40772952378627,cir_coefficients_tau_mask,,"[1, 1, 1, 1, 22, 1]","[1, 1, 22]","[1, 1, 22]","[1, 1, 22]",,True,
60,15419,rx_human_chest,/home/telilab4090/Documents/Gazebo World/my_world/rt_out/experiments/semantic_ablation_actor_200f/sionna_xml/frame_060_sionna.xml,30.0,0.0,0.0,2.4,-1.4605,-0.8406,1.6421,28000000000.0,23,6.163341392806387e-09,6.568895827285814e-08,5.952561688005176e-08,2.2439070335167344e-07,-66.48995140137379,-36.48995140137379,cir_coefficients_tau_mask,,"[1, 1, 1, 1, 23, 1]","[1, 1, 23]","[1, 1, 23]","[1, 1, 23]",,True,
60,15419,rx_x500_body,/home/telilab4090/Documents/Gazebo World/my_world/rt_out/experiments/semantic_ablation_actor_200f/sionna_xml/frame_060_sionna.xml,30.0,0.0,0.0,2.4,-3.9279,3.2024,1.3944,28000000000.0,23,1.7234324189985273e-08,7.465505547088469e-08,5.742073128089942e-08,3.372388945876992e-08,-74.72062342912375,-44.72062342912375,cir_coefficients_tau_mask,,"[1, 1, 1, 1, 23, 1]","[1, 1, 23]","[1, 1, 23]","[1, 1, 23]",,True,
61,15676,rx_panda_base,/home/telilab4090/Documents/Gazebo World/my_world/rt_out/experiments/semantic_ablation_actor_200f/sionna_xml/frame_061_sionna.xml,30.0,0.0,0.0,2.4,0.582,0.888,1.195,28000000000.0,29,5.357098764591228e-09,6.284866316264015e-08,5.749156439804892e-08,2.8436241450435773e-07,-65.46127806859515,-35.46127806859515,cir_coefficients_tau_mask,,"[1, 1, 1, 1, 29, 1]","[1, 1, 29]","[1, 1, 29]","[1, 1, 29]",,True,
61,15676,rx_ur5_base,/home/telilab4090/Documents/Gazebo World/my_world/rt_out/experiments/semantic_ablation_actor_200f/sionna_xml/frame_061_sionna.xml,30.0,0.0,0.0,2.4,0.497,-0.841,0.995,28000000000.0,26,5.708055805797585e-09,6.370818539380707e-08,5.8000129588009486e-08,1.0111518804478692e-06,-59.95183606143584,-29.95183606143584,cir_coefficients_tau_mask,,"[1, 1, 1, 1, 26, 1]","[1, 1, 26]","[1, 1, 26]","[1, 1, 26]",,True,
61,15676,rx_cerberus_base,/home/telilab4090/Documents/Gazebo World/my_world/rt_out/experiments/semantic_ablation_actor_200f/sionna_xml/frame_061_sionna.xml,30.0,0.0,0.0,2.4,4.074,-1.779,0.81,28000000000.0,18,1.574846919538686e-08,5.723669715962387e-08,4.148822796423701e-08,3.6214210297202953e-08,-74.41120980774089,-44.41120980774089,cir_coefficients_tau_mask,,"[1, 1, 1, 1, 18, 1]","[1, 1, 18]","[1, 1, 18]","[1, 1, 18]",,True,
61,15676,rx_nao_chest,/home/telilab4090/Documents/Gazebo World/my_world/rt_out/experiments/semantic_ablation_actor_200f/sionna_xml/frame_061_sionna.xml,30.0,0.0,0.0,2.4,-0.1337,2.748,0.7,28000000000.0,23,1.0787783999433032e-08,6.209720737615498e-08,5.130942337672195e-08,7.236335619609235e-08,-71.40481298865271,-41.40481298865271,cir_coefficients_tau_mask,,"[1, 1, 1, 1, 23, 1]","[1, 1, 23]","[1, 1, 23]","[1, 1, 23]",,True,
61,15676,rx_human_chest,/home/telilab4090/Documents/Gazebo World/my_world/rt_out/experiments/semantic_ablation_actor_200f/sionna_xml/frame_061_sionna.xml,30.0,0.0,0.0,2.4,-1.4605,-0.8406,1.6421,28000000000.0,23,6.163341392806387e-09,6.568895827285814e-08,5.952561688005176e-08,2.2439071756252815e-07,-66.48995112633139,-36.48995112633139,cir_coefficients_tau_mask,,"[1, 1, 1, 1, 23, 1]","[1, 1, 23]","[1, 1, 23]","[1, 1, 23]",,True,
61,15676,rx_x500_body,/home/telilab4090/Documents/Gazebo World/my_world/rt_out/experiments/semantic_ablation_actor_200f/sionna_xml/frame_061_sionna.xml,30.0,0.0,0.0,2.4,-3.9279,3.2024,1.3944,28000000000.0,23,1.7234324189985273e-08,7.465505547088469e-08,5.742073128089942e-08,3.372388590605624e-08,-74.72062388664037,-44.72062388664037,cir_coefficients_tau_mask,,"[1, 1, 1, 1, 23, 1]","[1, 1, 23]","[1, 1, 23]","[1, 1, 23]",,True,
62,15933,rx_panda_base,/home/telilab4090/Documents/Gazebo World/my_world/rt_out/experiments/semantic_ablation_actor_200f/sionna_xml/frame_062_sionna.xml,30.0,0.0,0.0,2.4,0.582,0.888,1.195,28000000000.0,28,5.357098764591228e-09,6.382698813922616e-08,5.846988937463493e-08,2.8420481612556614e-07,-65.46368566806032,-35.46368566806032,cir_coefficients_tau_mask,,"[1, 1, 1, 1, 28, 1]","[1, 1, 28]","[1, 1, 28]","[1, 1, 28]",,True,
62,15933,rx_ur5_base,/home/telilab4090/Documents/Gazebo World/my_world/rt_out/experiments/semantic_ablation_actor_200f/sionna_xml/frame_062_sionna.xml,30.0,0.0,0.0,2.4,0.497,-0.841,0.995,28000000000.0,25,5.708055805797585e-09,6.370818539380707e-08,5.8000129588009486e-08,1.0111157280334737e-06,-59.95199134052962,-29.951991340529617,cir_coefficients_tau_mask,,"[1, 1, 1, 1, 25, 1]","[1, 1, 25]","[1, 1, 25]","[1, 1, 25]",,True,
62,15933,rx_cerberus_base,/home/telilab4090/Documents/Gazebo World/my_world/rt_out/experiments/semantic_ablation_actor_200f/sionna_xml/frame_062_sionna.xml,30.0,0.0,0.0,2.4,4.074,-1.779,0.81,28000000000.0,18,1.574846919538686e-08,5.723669715962387e-08,4.148822796423701e-08,3.621421384991663e-08,-74.41120938168608,-44.41120938168608,cir_coefficients_tau_mask,,"[1, 1, 1, 1, 18, 1]","[1, 1, 18]","[1, 1, 18]","[1, 1, 18]",,True,
62,15933,rx_nao_chest,/home/telilab4090/Documents/Gazebo World/my_world/rt_out/experiments/semantic_ablation_actor_200f/sionna_xml/frame_062_sionna.xml,30.0,0.0,0.0,2.4,-0.1337,2.748,0.7,28000000000.0,18,1.0787783999433032e-08,6.209720737615498e-08,5.130942337672195e-08,7.175622585009478e-08,-71.4414041187565,-41.441404118756495,cir_coefficients_tau_mask,,"[1, 1, 1, 1, 18, 1]","[1, 1, 18]","[1, 1, 18]","[1, 1, 18]",,True,
62,15933,rx_human_chest,/home/telilab4090/Documents/Gazebo World/my_world/rt_out/experiments/semantic_ablation_actor_200f/sionna_xml/frame_062_sionna.xml,30.0,0.0,0.0,2.4,-1.4605,-0.8406,1.6421,28000000000.0,23,6.163341392806387e-09,6.568895827285814e-08,5.952561688005176e-08,2.2439071756252815e-07,-66.48995112633139,-36.48995112633139,cir_coefficients_tau_mask,,"[1, 1, 1, 1, 23, 1]","[1, 1, 23]","[1, 1, 23]","[1, 1, 23]",,True,
62,15933,rx_x500_body,/home/telilab4090/Documents/Gazebo World/my_world/rt_out/experiments/semantic_ablation_actor_200f/sionna_xml/frame_062_sionna.xml,30.0,0.0,0.0,2.4,-3.9279,3.2024,1.3944,28000000000.0,23,1.7234324189985273e-08,7.465505547088469e-08,5.742073128089942e-08,3.372388945876992e-08,-74.72062342912375,-44.72062342912375,cir_coefficients_tau_mask,,"[1, 1, 1, 1, 23, 1]","[1, 1, 23]","[1, 1, 23]","[1, 1, 23]",,True,
63,16190,rx_panda_base,/home/telilab4090/Documents/Gazebo World/my_world/rt_out/experiments/semantic_ablation_actor_200f/sionna_xml/frame_063_sionna.xml,30.0,0.0,0.0,2.4,0.582,0.888,1.195,28000000000.0,32,5.357098764591228e-09,6.382698813922616e-08,5.846988937463493e-08,3.0804403650108725e-07,-65.11387194400972,-35.113871944009716,cir_coefficients_tau_mask,,"[1, 1, 1, 1, 32, 1]","[1, 1, 32]","[1, 1, 32]","[1, 1, 32]",,True,
63,16190,rx_ur5_base,/home/telilab4090/Documents/Gazebo World/my_world/rt_out/experiments/semantic_ablation_actor_200f/sionna_xml/frame_063_sionna.xml,30.0,0.0,0.0,2.4,0.497,-0.841,0.995,28000000000.0,29,5.708055805797585e-09,6.370818539380707e-08,5.8000129588009486e-08,9.100100442083203e-07,-60.40953814140252,-30.40953814140252,cir_coefficients_tau_mask,,"[1, 1, 1, 1, 29, 1]","[1, 1, 29]","[1, 1, 29]","[1, 1, 29]",,True,
63,16190,rx_cerberus_base,/home/telilab4090/Documents/Gazebo World/my_world/rt_out/experiments/semantic_ablation_actor_200f/sionna_xml/frame_063_sionna.xml,30.0,0.0,0.0,2.4,4.074,-1.779,0.81,28000000000.0,18,1.574846919538686e-08,5.723669715962387e-08,4.148822796423701e-08,3.621421384991663e-08,-74.41120938168608,-44.41120938168608,cir_coefficients_tau_mask,,"[1, 1, 1, 1, 18, 1]","[1, 1, 18]","[1, 1, 18]","[1, 1, 18]",,True,
63,16190,rx_nao_chest,/home/telilab4090/Documents/Gazebo World/my_world/rt_out/experiments/semantic_ablation_actor_200f/sionna_xml/frame_063_sionna.xml,30.0,0.0,0.0,2.4,-0.1337,2.748,0.7,28000000000.0,23,1.0787783999433032e-08,6.209720737615498e-08,5.130942337672195e-08,7.244389621519076e-08,-71.39998200278824,-41.399982002788235,cir_coefficients_tau_mask,,"[1, 1, 1, 1, 23, 1]","[1, 1, 23]","[1, 1, 23]","[1, 1, 23]",,True,
63,16190,rx_human_chest,/home/telilab4090/Documents/Gazebo World/my_world/rt_out/experiments/semantic_ablation_actor_200f/sionna_xml/frame_063_sionna.xml,30.0,0.0,0.0,2.4,-1.4605,-0.8406,1.6421,28000000000.0,23,6.163341392806387e-09,6.568895827285814e-08,5.952561688005176e-08,2.2439071756252815e-07,-66.48995112633139,-36.48995112633139,cir_coefficients_tau_mask,,"[1, 1, 1, 1, 23, 1]","[1, 1, 23]","[1, 1, 23]","[1, 1, 23]",,True,
63,16190,rx_x500_body,/home/telilab4090/Documents/Gazebo World/my_world/rt_out/experiments/semantic_ablation_actor_200f/sionna_xml/frame_063_sionna.xml,30.0,0.0,0.0,2.4,-3.9279,3.2024,1.3944,28000000000.0,23,1.7234324189985273e-08,7.465505547088469e-08,5.742073128089942e-08,3.372388590605624e-08,-74.72062388664037,-44.72062388664037,cir_coefficients_tau_mask,,"[1, 1, 1, 1, 23, 1]","[1, 1, 23]","[1, 1, 23]","[1, 1, 23]",,True,
64,16447,rx_panda_base,/home/telilab4090/Documents/Gazebo World/my_world/rt_out/experiments/semantic_ablation_actor_200f/sionna_xml/frame_064_sionna.xml,30.0,0.0,0.0,2.4,0.582,0.888,1.195,28000000000.0,30,5.357098764591228e-09,6.284866316264015e-08,5.749156439804892e-08,2.8447198019421194e-07,-65.45960504124162,-35.459605041241616,cir_coefficients_tau_mask,,"[1, 1, 1, 1, 30, 1]","[1, 1, 30]","[1, 1, 30]","[1, 1, 30]",,True,
64,16447,rx_ur5_base,/home/telilab4090/Documents/Gazebo World/my_world/rt_out/experiments/semantic_ablation_actor_200f/sionna_xml/frame_064_sionna.xml,30.0,0.0,0.0,2.4,0.497,-0.841,0.995,28000000000.0,30,5.708055805797585e-09,6.370818539380707e-08,5.8000129588009486e-08,1.000059910438722e-06,-59.99973982006422,-29.99973982006422,cir_coefficients_tau_mask,,"[1, 1, 1, 1, 30, 1]","[1, 1, 30]","[1, 1, 30]","[1, 1, 30]",,True,
64,16447,rx_cerberus_base,/home/telilab4090/Documents/Gazebo World/my_world/rt_out/experiments/semantic_ablation_actor_200f/sionna_xml/frame_064_sionna.xml,30.0,0.0,0.0,2.4,4.074,-1.779,0.81,28000000000.0,18,1.574846919538686e-08,5.723669715962387e-08,4.148822796423701e-08,3.621421384991663e-08,-74.41120938168608,-44.41120938168608,cir_coefficients_tau_mask,,"[1, 1, 1, 1, 18, 1]","[1, 1, 18]","[1, 1, 18]","[1, 1, 18]",,True,
64,16447,rx_nao_chest,/home/telilab4090/Documents/Gazebo World/my_world/rt_out/experiments/semantic_ablation_actor_200f/sionna_xml/frame_064_sionna.xml,30.0,0.0,0.0,2.4,-0.1337,2.748,0.7,28000000000.0,23,1.0787783999433032e-08,6.209720737615498e-08,5.130942337672195e-08,7.244391042604548e-08,-71.39998115086068,-41.39998115086068,cir_coefficients_tau_mask,,"[1, 1, 1, 1, 23, 1]","[1, 1, 23]","[1, 1, 23]","[1, 1, 23]",,True,
64,16447,rx_human_chest,/home/telilab4090/Documents/Gazebo World/my_world/rt_out/experiments/semantic_ablation_actor_200f/sionna_xml/frame_064_sionna.xml,30.0,0.0,0.0,2.4,-1.4605,-0.8406,1.6421,28000000000.0,23,6.163341392806387e-09,6.568895827285814e-08,5.952561688005176e-08,2.2439071756252815e-07,-66.48995112633139,-36.48995112633139,cir_coefficients_tau_mask,,"[1, 1, 1, 1, 23, 1]","[1, 1, 23]","[1, 1, 23]","[1, 1, 23]",,True,
64,16447,rx_x500_body,/home/telilab4090/Documents/Gazebo World/my_world/rt_out/experiments/semantic_ablation_actor_200f/sionna_xml/frame_064_sionna.xml,30.0,0.0,0.0,2.4,-3.9279,3.2024,1.3944,28000000000.0,23,1.7234324189985273e-08,7.465505547088469e-08,5.742073128089942e-08,3.372388945876992e-08,-74.72062342912375,-44.72062342912375,cir_coefficients_tau_mask,,"[1, 1, 1, 1, 23, 1]","[1, 1, 23]","[1, 1, 23]","[1, 1, 23]",,True,
65,16704,rx_panda_base,/home/telilab4090/Documents/Gazebo World/my_world/rt_out/experiments/semantic_ablation_actor_200f/sionna_xml/frame_065_sionna.xml,30.0,0.0,0.0,2.4,0.582,0.888,1.195,28000000000.0,28,5.357098764591228e-09,6.284866316264015e-08,5.749156439804892e-08,2.8421615638762887e-07,-65.46351238053309,-35.46351238053309,cir_coefficients_tau_mask,,"[1, 1, 1, 1, 28, 1]","[1, 1, 28]","[1, 1, 28]","[1, 1, 28]",,True,
65,16704,rx_ur5_base,/home/telilab4090/Documents/Gazebo World/my_world/rt_out/experiments/semantic_ablation_actor_200f/sionna_xml/frame_065_sionna.xml,30.0,0.0,0.0,2.4,0.497,-0.841,0.995,28000000000.0,20,5.708055805797585e-09,6.370818539380707e-08,5.8000129588009486e-08,4.7566896910211653e-07,-63.22695179434187,-33.22695179434187,cir_coefficients_tau_mask,,"[1, 1, 1, 1, 20, 1]","[1, 1, 20]","[1, 1, 20]","[1, 1, 20]",,True,
65,16704,rx_cerberus_base,/home/telilab4090/Documents/Gazebo World/my_world/rt_out/experiments/semantic_ablation_actor_200f/sionna_xml/frame_065_sionna.xml,30.0,0.0,0.0,2.4,4.074,-1.779,0.81,28000000000.0,18,1.574846919538686e-08,5.723669715962387e-08,4.148822796423701e-08,3.621421740263031e-08,-74.4112089556313,-44.411208955631295,cir_coefficients_tau_mask,,"[1, 1, 1, 1, 18, 1]","[1, 1, 18]","[1, 1, 18]","[1, 1, 18]",,True,
65,16704,rx_nao_chest,/home/telilab4090/Documents/Gazebo World/my_world/rt_out/experiments/semantic_ablation_actor_200f/sionna_xml/frame_065_sionna.xml,30.0,0.0,0.0,2.4,-0.1337,2.748,0.7,28000000000.0,23,1.0787783999433032e-08,6.209720737615498e-08,5.130942337672195e-08,7.244389621519076e-08,-71.39998200278824,-41.399982002788235,cir_coefficients_tau_mask,,"[1, 1, 1, 1, 23, 1]","[1, 1, 23]","[1, 1, 23]","[1, 1, 23]",,True,
65,16704,rx_human_chest,/home/telilab4090/Documents/Gazebo World/my_world/rt_out/experiments/semantic_ablation_actor_200f/sionna_xml/frame_065_sionna.xml,30.0,0.0,0.0,2.4,-1.4605,-0.8406,1.6421,28000000000.0,23,6.163341392806387e-09,6.568895827285814e-08,5.952561688005176e-08,2.2439071756252815e-07,-66.48995112633139,-36.48995112633139,cir_coefficients_tau_mask,,"[1, 1, 1, 1, 23, 1]","[1, 1, 23]","[1, 1, 23]","[1, 1, 23]",,True,
65,16704,rx_x500_body,/home/telilab4090/Documents/Gazebo World/my_world/rt_out/experiments/semantic_ablation_actor_200f/sionna_xml/frame_065_sionna.xml,30.0,0.0,0.0,2.4,-3.9279,3.2024,1.3944,28000000000.0,22,1.7234324189985273e-08,7.465505547088469e-08,5.742073128089942e-08,3.3687346245869776e-08,-74.72533199650195,-44.72533199650195,cir_coefficients_tau_mask,,"[1, 1, 1, 1, 22, 1]","[1, 1, 22]","[1, 1, 22]","[1, 1, 22]",,True,
66,16961,rx_panda_base,/home/telilab4090/Documents/Gazebo World/my_world/rt_out/experiments/semantic_ablation_actor_200f/sionna_xml/frame_066_sionna.xml,30.0,0.0,0.0,2.4,0.582,0.888,1.195,28000000000.0,26,5.357098764591228e-09,6.284866316264015e-08,5.749156439804892e-08,2.840357637978741e-07,-65.46626973184702,-35.46626973184702,cir_coefficients_tau_mask,,"[1, 1, 1, 1, 26, 1]","[1, 1, 26]","[1, 1, 26]","[1, 1, 26]",,True,
66,16961,rx_ur5_base,/home/telilab4090/Documents/Gazebo World/my_world/rt_out/experiments/semantic_ablation_actor_200f/sionna_xml/frame_066_sionna.xml,30.0,0.0,0.0,2.4,0.497,-0.841,0.995,28000000000.0,16,5.708055805797585e-09,5.930293767164585e-08,5.3594881865848265e-08,6.90599904373812e-07,-61.60773486122575,-31.60773486122575,cir_coefficients_tau_mask,,"[1, 1, 1, 1, 16, 1]","[1, 1, 16]","[1, 1, 16]","[1, 1, 16]",,True,
66,16961,rx_cerberus_base,/home/telilab4090/Documents/Gazebo World/my_world/rt_out/experiments/semantic_ablation_actor_200f/sionna_xml/frame_066_sionna.xml,30.0,0.0,0.0,2.4,4.074,-1.779,0.81,28000000000.0,18,1.574846919538686e-08,5.723669715962387e-08,4.148822796423701e-08,3.621421384991663e-08,-74.41120938168608,-44.41120938168608,cir_coefficients_tau_mask,,"[1, 1, 1, 1, 18, 1]","[1, 1, 18]","[1, 1, 18]","[1, 1, 18]",,True,
66,16961,rx_nao_chest,/home/telilab4090/Documents/Gazebo World/my_world/rt_out/experiments/semantic_ablation_actor_200f/sionna_xml/frame_066_sionna.xml,30.0,0.0,0.0,2.4,-0.1337,2.748,0.7,28000000000.0,23,1.0787783999433032e-08,6.209720737615498e-08,5.130942337672195e-08,7.244390332061812e-08,-71.39998157682443,-41.39998157682443,cir_coefficients_tau_mask,,"[1, 1, 1, 1, 23, 1]","[1, 1, 23]","[1, 1, 23]","[1, 1, 23]",,True,
66,16961,rx_human_chest,/home/telilab4090/Documents/Gazebo World/my_world/rt_out/experiments/semantic_ablation_actor_200f/sionna_xml/frame_066_sionna.xml,30.0,0.0,0.0,2.4,-1.4605,-0.8406,1.6421,28000000000.0,21,6.163341392806387e-09,6.431429255826515e-08,5.8150951165458764e-08,2.240194589830935e-07,-66.49714255942916,-36.497142559429165,cir_coefficients_tau_mask,,"[1, 1, 1, 1, 21, 1]","[1, 1, 21]","[1, 1, 21]","[1, 1, 21]",,True,
66,16961,rx_x500_body,/home/telilab4090/Documents/Gazebo World/my_world/rt_out/experiments/semantic_ablation_actor_200f/sionna_xml/frame_066_sionna.xml,30.0,0.0,0.0,2.4,-3.9279,3.2024,1.3944,28000000000.0,23,1.7234324189985273e-08,7.465505547088469e-08,5.742073128089942e-08,3.372388945876992e-08,-74.72062342912375,-44.72062342912375,cir_coefficients_tau_mask,,"[1, 1, 1, 1, 23, 1]","[1, 1, 23]","[1, 1, 23]","[1, 1, 23]",,True,
67,17218,rx_panda_base,/home/telilab4090/Documents/Gazebo World/my_world/rt_out/experiments/semantic_ablation_actor_200f/sionna_xml/frame_067_sionna.xml,30.0,0.0,0.0,2.4,0.582,0.888,1.195,28000000000.0,25,5.357098764591228e-09,6.284866316264015e-08,5.749156439804892e-08,2.8381904826346727e-07,-65.4695846061179,-35.469584606117905,cir_coefficients_tau_mask,,"[1, 1, 1, 1, 25, 1]","[1, 1, 25]","[1, 1, 25]","[1, 1, 25]",,True,
67,17218,rx_ur5_base,/home/telilab4090/Documents/Gazebo World/my_world/rt_out/experiments/semantic_ablation_actor_200f/sionna_xml/frame_067_sionna.xml,30.0,0.0,0.0,2.4,0.497,-0.841,0.995,28000000000.0,16,5.708055805797585e-09,5.930293767164585e-08,5.3594881865848265e-08,6.895335218359833e-07,-61.614446156454825,-31.614446156454825,cir_coefficients_tau_mask,,"[1, 1, 1, 1, 16, 1]","[1, 1, 16]","[1, 1, 16]","[1, 1, 16]",,True,
67,17218,rx_cerberus_base,/home/telilab4090/Documents/Gazebo World/my_world/rt_out/experiments/semantic_ablation_actor_200f/sionna_xml/frame_067_sionna.xml,30.0,0.0,0.0,2.4,4.074,-1.779,0.81,28000000000.0,18,1.574846919538686e-08,5.723669715962387e-08,4.148822796423701e-08,3.621421740263031e-08,-74.4112089556313,-44.411208955631295,cir_coefficients_tau_mask,,"[1, 1, 1, 1, 18, 1]","[1, 1, 18]","[1, 1, 18]","[1, 1, 18]",,True,
67,17218,rx_nao_chest,/home/telilab4090/Documents/Gazebo World/my_world/rt_out/experiments/semantic_ablation_actor_200f/sionna_xml/frame_067_sionna.xml,30.0,0.0,0.0,2.4,-0.1337,2.748,0.7,28000000000.0,23,1.0787783999433032e-08,6.209720737615498e-08,5.130942337672195e-08,7.244390332061812e-08,-71.39998157682443,-41.39998157682443,cir_coefficients_tau_mask,,"[1, 1, 1, 1, 23, 1]","[1, 1, 23]","[1, 1, 23]","[1, 1, 23]",,True,
67,17218,rx_human_chest,/home/telilab4090/Documents/Gazebo World/my_world/rt_out/experiments/semantic_ablation_actor_200f/sionna_xml/frame_067_sionna.xml,30.0,0.0,0.0,2.4,-1.4605,-0.8406,1.6421,28000000000.0,21,6.163341392806387e-09,6.431429255826515e-08,5.8150951165458764e-08,2.2401947319394822e-07,-66.49714228393097,-36.49714228393097,cir_coefficients_tau_mask,,"[1, 1, 1, 1, 21, 1]","[1, 1, 21]","[1, 1, 21]","[1, 1, 21]",,True,
67,17218,rx_x500_body,/home/telilab4090/Documents/Gazebo World/my_world/rt_out/experiments/semantic_ablation_actor_200f/sionna_xml/frame_067_sionna.xml,30.0,0.0,0.0,2.4,-3.9279,3.2024,1.3944,28000000000.0,23,1.7234324189985273e-08,7.465505547088469e-08,5.742073128089942e-08,3.372388590605624e-08,-74.72062388664037,-44.72062388664037,cir_coefficients_tau_mask,,"[1, 1, 1, 1, 23, 1]","[1, 1, 23]","[1, 1, 23]","[1, 1, 23]",,True,
68,17475,rx_panda_base,/home/telilab4090/Documents/Gazebo World/my_world/rt_out/experiments/semantic_ablation_actor_200f/sionna_xml/frame_068_sionna.xml,30.0,0.0,0.0,2.4,0.582,0.888,1.195,28000000000.0,26,5.357098764591228e-09,6.284866316264015e-08,5.749156439804892e-08,2.839419153133349e-07,-65.46770492484282,-35.46770492484282,cir_coefficients_tau_mask,,"[1, 1, 1, 1, 26, 1]","[1, 1, 26]","[1, 1, 26]","[1, 1, 26]",,True,
68,17475,rx_ur5_base,/home/telilab4090/Documents/Gazebo World/my_world/rt_out/experiments/semantic_ablation_actor_200f/sionna_xml/frame_068_sionna.xml,30.0,0.0,0.0,2.4,0.497,-0.841,0.995,28000000000.0,16,5.708055805797585e-09,5.930293767164585e-08,5.3594881865848265e-08,6.895335218359833e-07,-61.614446156454825,-31.614446156454825,cir_coefficients_tau_mask,,"[1, 1, 1, 1, 16, 1]","[1, 1, 16]","[1, 1, 16]","[1, 1, 16]",,True,
68,17475,rx_cerberus_base,/home/telilab4090/Documents/Gazebo World/my_world/rt_out/experiments/semantic_ablation_actor_200f/sionna_xml/frame_068_sionna.xml,30.0,0.0,0.0,2.4,4.074,-1.779,0.81,28000000000.0,18,1.574846919538686e-08,5.723669715962387e-08,4.148822796423701e-08,3.621421740263031e-08,-74.4112089556313,-44.411208955631295,cir_coefficients_tau_mask,,"[1, 1, 1, 1, 18, 1]","[1, 1, 18]","[1, 1, 18]","[1, 1, 18]",,True,
68,17475,rx_nao_chest,/home/telilab4090/Documents/Gazebo World/my_world/rt_out/experiments/semantic_ablation_actor_200f/sionna_xml/frame_068_sionna.xml,30.0,0.0,0.0,2.4,-0.1337,2.748,0.7,28000000000.0,24,1.0787783999433032e-08,6.209720737615498e-08,5.130942337672195e-08,7.24924902328894e-08,-71.3970698128202,-41.397069812820206,cir_coefficients_tau_mask,,"[1, 1, 1, 1, 24, 1]","[1, 1, 24]","[1, 1, 24]","[1, 1, 24]",,True,
68,17475,rx_human_chest,/home/telilab4090/Documents/Gazebo World/my_world/rt_out/experiments/semantic_ablation_actor_200f/sionna_xml/frame_068_sionna.xml,30.0,0.0,0.0,2.4,-1.4605,-0.8406,1.6421,28000000000.0,21,6.163341392806387e-09,6.431429255826515e-08,5.8150951165458764e-08,2.240194589830935e-07,-66.49714255942916,-36.497142559429165,cir_coefficients_tau_mask,,"[1, 1, 1, 1, 21, 1]","[1, 1, 21]","[1, 1, 21]","[1, 1, 21]",,True,
68,17475,rx_x500_body,/home/telilab4090/Documents/Gazebo World/my_world/rt_out/experiments/semantic_ablation_actor_200f/sionna_xml/frame_068_sionna.xml,30.0,0.0,0.0,2.4,-3.9279,3.2024,1.3944,28000000000.0,23,1.7234324189985273e-08,7.465505547088469e-08,5.742073128089942e-08,3.3723893011483597e-08,-74.72062297160716,-44.720622971607156,cir_coefficients_tau_mask,,"[1, 1, 1, 1, 23, 1]","[1, 1, 23]","[1, 1, 23]","[1, 1, 23]",,True,
69,17732,rx_panda_base,/home/telilab4090/Documents/Gazebo World/my_world/rt_out/experiments/semantic_ablation_actor_200f/sionna_xml/frame_069_sionna.xml,30.0,0.0,0.0,2.4,0.582,0.888,1.195,28000000000.0,25,5.357098764591228e-09,5.897902966012225e-08,5.362193089553102e-08,2.839377089003392e-07,-65.46776926319464,-35.46776926319464,cir_coefficients_tau_mask,,"[1, 1, 1, 1, 25, 1]","[1, 1, 25]","[1, 1, 25]","[1, 1, 25]",,True,
69,17732,rx_ur5_base,/home/telilab4090/Documents/Gazebo World/my_world/rt_out/experiments/semantic_ablation_actor_200f/sionna_xml/frame_069_sionna.xml,30.0,0.0,0.0,2.4,0.497,-0.841,0.995,28000000000.0,13,2.8585452227503083e-08,5.930293767164585e-08,3.071748544414277e-08,1.380930036987138e-09,-88.59828323825502,-58.59828323825502,cir_coefficients_tau_mask,,"[1, 1, 1, 1, 13, 1]","[1, 1, 13]","[1, 1, 13]","[1, 1, 13]",,True,
69,17732,rx_cerberus_base,/home/telilab4090/Documents/Gazebo World/my_world/rt_out/experiments/semantic_ablation_actor_200f/sionna_xml/frame_069_sionna.xml,30.0,0.0,0.0,2.4,4.074,-1.779,0.81,28000000000.0,18,1.574846919538686e-08,5.723669715962387e-08,4.148822796423701e-08,3.621421384991663e-08,-74.41120938168608,-44.41120938168608,cir_coefficients_tau_mask,,"[1, 1, 1, 1, 18, 1]","[1, 1, 18]","[1, 1, 18]","[1, 1, 18]",,True,
69,17732,rx_nao_chest,/home/telilab4090/Documents/Gazebo World/my_world/rt_out/experiments/semantic_ablation_actor_200f/sionna_xml/frame_069_sionna.xml,30.0,0.0,0.0,2.4,-0.1337,2.748,0.7,28000000000.0,24,1.0787783999433032e-08,6.209720737615498e-08,5.130942337672195e-08,7.24924902328894e-08,-71.3970698128202,-41.397069812820206,cir_coefficients_tau_mask,,"[1, 1, 1, 1, 24, 1]","[1, 1, 24]","[1, 1, 24]","[1, 1, 24]",,True,
69,17732,rx_human_chest,/home/telilab4090/Documents/Gazebo World/my_world/rt_out/experiments/semantic_ablation_actor_200f/sionna_xml/frame_069_sionna.xml,30.0,0.0,0.0,2.4,-1.4605,-0.8406,1.6421,28000000000.0,21,6.163341392806387e-09,6.431429255826515e-08,5.8150951165458764e-08,2.240194589830935e-07,-66.49714255942916,-36.497142559429165,cir_coefficients_tau_mask,,"[1, 1, 1, 1, 21, 1]","[1, 1, 21]","[1, 1, 21]","[1, 1, 21]",,True,
69,17732,rx_x500_body,/home/telilab4090/Documents/Gazebo World/my_world/rt_out/experiments/semantic_ablation_actor_200f/sionna_xml/frame_069_sionna.xml,30.0,0.0,0.0,2.4,-3.9279,3.2024,1.3944,28000000000.0,23,1.7234324189985273e-08,7.465505547088469e-08,5.742073128089942e-08,3.3723893011483597e-08,-74.72062297160716,-44.720622971607156,cir_coefficients_tau_mask,,"[1, 1, 1, 1, 23, 1]","[1, 1, 23]","[1, 1, 23]","[1, 1, 23]",,True,
70,17989,rx_panda_base,/home/telilab4090/Documents/Gazebo World/my_world/rt_out/experiments/semantic_ablation_actor_200f/sionna_xml/frame_070_sionna.xml,30.0,0.0,0.0,2.4,0.582,0.888,1.195,28000000000.0,25,5.357098764591228e-09,5.897902966012225e-08,5.362193089553102e-08,2.8393773732204863e-07,-65.46776882847284,-35.46776882847284,cir_coefficients_tau_mask,,"[1, 1, 1, 1, 25, 1]","[1, 1, 25]","[1, 1, 25]","[1, 1, 25]",,True,
70,17989,rx_ur5_base,/home/telilab4090/Documents/Gazebo World/my_world/rt_out/experiments/semantic_ablation_actor_200f/sionna_xml/frame_070_sionna.xml,30.0,0.0,0.0,2.4,0.497,-0.841,0.995,28000000000.0,13,2.8585452227503083e-08,5.930293767164585e-08,3.071748544414277e-08,1.3809295928979282e-09,-88.59828463489002,-58.59828463489002,cir_coefficients_tau_mask,,"[1, 1, 1, 1, 13, 1]","[1, 1, 13]","[1, 1, 13]","[1, 1, 13]",,True,
70,17989,rx_cerberus_base,/home/telilab4090/Documents/Gazebo World/my_world/rt_out/experiments/semantic_ablation_actor_200f/sionna_xml/frame_070_sionna.xml,30.0,0.0,0.0,2.4,4.074,-1.779,0.81,28000000000.0,18,1.574846919538686e-08,5.723669715962387e-08,4.148822796423701e-08,3.621421384991663e-08,-74.41120938168608,-44.41120938168608,cir_coefficients_tau_mask,,"[1, 1, 1, 1, 18, 1]","[1, 1, 18]","[1, 1, 18]","[1, 1, 18]",,True,
70,17989,rx_nao_chest,/home/telilab4090/Documents/Gazebo World/my_world/rt_out/experiments/semantic_ablation_actor_200f/sionna_xml/frame_070_sionna.xml,30.0,0.0,0.0,2.4,-0.1337,2.748,0.7,28000000000.0,24,1.0787783999433032e-08,6.209720737615498e-08,5.130942337672195e-08,7.249248312746204e-08,-71.39707023849851,-41.397070238498515,cir_coefficients_tau_mask,,"[1, 1, 1, 1, 24, 1]","[1, 1, 24]","[1, 1, 24]","[1, 1, 24]",,True,
70,17989,rx_human_chest,/home/telilab4090/Documents/Gazebo World/my_world/rt_out/experiments/semantic_ablation_actor_200f/sionna_xml/frame_070_sionna.xml,30.0,0.0,0.0,2.4,-1.4605,-0.8406,1.6421,28000000000.0,21,6.163341392806387e-09,6.431429255826515e-08,5.8150951165458764e-08,2.2401944477223878e-07,-66.49714283492739,-36.49714283492739,cir_coefficients_tau_mask,,"[1, 1, 1, 1, 21, 1]","[1, 1, 21]","[1, 1, 21]","[1, 1, 21]",,True,
70,17989,rx_x500_body,/home/telilab4090/Documents/Gazebo World/my_world/rt_out/experiments/semantic_ablation_actor_200f/sionna_xml/frame_070_sionna.xml,30.0,0.0,0.0,2.4,-3.9279,3.2024,1.3944,28000000000.0,23,1.7234324189985273e-08,7.465505547088469e-08,5.742073128089942e-08,3.372388945876992e-08,-74.72062342912375,-44.72062342912375,cir_coefficients_tau_mask,,"[1, 1, 1, 1, 23, 1]","[1, 1, 23]","[1, 1, 23]","[1, 1, 23]",,True,
71,18246,rx_panda_base,/home/telilab4090/Documents/Gazebo World/my_world/rt_out/experiments/semantic_ablation_actor_200f/sionna_xml/frame_071_sionna.xml,30.0,0.0,0.0,2.4,0.582,0.888,1.195,28000000000.0,26,5.357098764591228e-09,6.284866316264015e-08,5.749156439804892e-08,2.841398156760988e-07,-65.46467905605304,-35.46467905605304,cir_coefficients_tau_mask,,"[1, 1, 1, 1, 26, 1]","[1, 1, 26]","[1, 1, 26]","[1, 1, 26]",,True,
71,18246,rx_ur5_base,/home/telilab4090/Documents/Gazebo World/my_world/rt_out/experiments/semantic_ablation_actor_200f/sionna_xml/frame_071_sionna.xml,30.0,0.0,0.0,2.4,0.497,-0.841,0.995,28000000000.0,13,2.8585452227503083e-08,5.930293767164585e-08,3.071748544414277e-08,1.380929814942533e-09,-88.59828393657246,-58.59828393657246,cir_coefficients_tau_mask,,"[1, 1, 1, 1, 13, 1]","[1, 1, 13]","[1, 1, 13]","[1, 1, 13]",,True,
71,18246,rx_cerberus_base,/home/telilab4090/Documents/Gazebo World/my_world/rt_out/experiments/semantic_ablation_actor_200f/sionna_xml/frame_071_sionna.xml,30.0,0.0,0.0,2.4,4.074,-1.779,0.81,28000000000.0,18,1.574846919538686e-08,5.723669715962387e-08,4.148822796423701e-08,3.621421384991663e-08,-74.41120938168608,-44.41120938168608,cir_coefficients_tau_mask,,"[1, 1, 1, 1, 18, 1]","[1, 1, 18]","[1, 1, 18]","[1, 1, 18]",,True,
71,18246,rx_nao_chest,/home/telilab4090/Documents/Gazebo World/my_world/rt_out/experiments/semantic_ablation_actor_200f/sionna_xml/frame_071_sionna.xml,30.0,0.0,0.0,2.4,-0.1337,2.748,0.7,28000000000.0,24,1.0787783999433032e-08,6.209720737615498e-08,5.130942337672195e-08,7.24924902328894e-08,-71.3970698128202,-41.397069812820206,cir_coefficients_tau_mask,,"[1, 1, 1, 1, 24, 1]","[1, 1, 24]","[1, 1, 24]","[1, 1, 24]",,True,
71,18246,rx_human_chest,/home/telilab4090/Documents/Gazebo World/my_world/rt_out/experiments/semantic_ablation_actor_200f/sionna_xml/frame_071_sionna.xml,30.0,0.0,0.0,2.4,-1.4605,-0.8406,1.6421,28000000000.0,21,6.163341392806387e-09,6.431429255826515e-08,5.8150951165458764e-08,2.2401947319394822e-07,-66.49714228393097,-36.49714228393097,cir_coefficients_tau_mask,,"[1, 1, 1, 1, 21, 1]","[1, 1, 21]","[1, 1, 21]","[1, 1, 21]",,True,
71,18246,rx_x500_body,/home/telilab4090/Documents/Gazebo World/my_world/rt_out/experiments/semantic_ablation_actor_200f/sionna_xml/frame_071_sionna.xml,30.0,0.0,0.0,2.4,-3.9279,3.2024,1.3944,28000000000.0,23,1.7234324189985273e-08,7.465505547088469e-08,5.742073128089942e-08,3.372388945876992e-08,-74.72062342912375,-44.72062342912375,cir_coefficients_tau_mask,,"[1, 1, 1, 1, 23, 1]","[1, 1, 23]","[1, 1, 23]","[1, 1, 23]",,True,
72,18503,rx_panda_base,/home/telilab4090/Documents/Gazebo World/my_world/rt_out/experiments/semantic_ablation_actor_200f/sionna_xml/frame_072_sionna.xml,30.0,0.0,0.0,2.4,0.582,0.888,1.195,28000000000.0,25,5.357098764591228e-09,6.284866316264015e-08,5.749156439804892e-08,2.841370303485746e-07,-65.46472162869638,-35.46472162869638,cir_coefficients_tau_mask,,"[1, 1, 1, 1, 25, 1]","[1, 1, 25]","[1, 1, 25]","[1, 1, 25]",,True,
72,18503,rx_ur5_base,/home/telilab4090/Documents/Gazebo World/my_world/rt_out/experiments/semantic_ablation_actor_200f/sionna_xml/frame_072_sionna.xml,30.0,0.0,0.0,2.4,0.497,-0.841,0.995,28000000000.0,13,2.8585452227503083e-08,5.930293767164585e-08,3.071748544414277e-08,1.380930036987138e-09,-88.59828323825502,-58.59828323825502,cir_coefficients_tau_mask,,"[1, 1, 1, 1, 13, 1]","[1, 1, 13]","[1, 1, 13]","[1, 1, 13]",,True,
72,18503,rx_cerberus_base,/home/telilab4090/Documents/Gazebo World/my_world/rt_out/experiments/semantic_ablation_actor_200f/sionna_xml/frame_072_sionna.xml,30.0,0.0,0.0,2.4,4.074,-1.779,0.81,28000000000.0,18,1.574846919538686e-08,5.723669715962387e-08,4.148822796423701e-08,3.621421384991663e-08,-74.41120938168608,-44.41120938168608,cir_coefficients_tau_mask,,"[1, 1, 1, 1, 18, 1]","[1, 1, 18]","[1, 1, 18]","[1, 1, 18]",,True,
72,18503,rx_nao_chest,/home/telilab4090/Documents/Gazebo World/my_world/rt_out/experiments/semantic_ablation_actor_200f/sionna_xml/frame_072_sionna.xml,30.0,0.0,0.0,2.4,-0.1337,2.748,0.7,28000000000.0,24,1.0787783999433032e-08,6.209720737615498e-08,5.130942337672195e-08,7.249248312746204e-08,-71.39707023849851,-41.397070238498515,cir_coefficients_tau_mask,,"[1, 1, 1, 1, 24, 1]","[1, 1, 24]","[1, 1, 24]","[1, 1, 24]",,True,
72,18503,rx_human_chest,/home/telilab4090/Documents/Gazebo World/my_world/rt_out/experiments/semantic_ablation_actor_200f/sionna_xml/frame_072_sionna.xml,30.0,0.0,0.0,2.4,-1.4605,-0.8406,1.6421,28000000000.0,21,6.163341392806387e-09,6.431429255826515e-08,5.8150951165458764e-08,2.2401947319394822e-07,-66.49714228393097,-36.49714228393097,cir_coefficients_tau_mask,,"[1, 1, 1, 1, 21, 1]","[1, 1, 21]","[1, 1, 21]","[1, 1, 21]",,True,
72,18503,rx_x500_body,/home/telilab4090/Documents/Gazebo World/my_world/rt_out/experiments/semantic_ablation_actor_200f/sionna_xml/frame_072_sionna.xml,30.0,0.0,0.0,2.4,-3.9279,3.2024,1.3944,28000000000.0,23,1.7234324189985273e-08,7.465505547088469e-08,5.742073128089942e-08,3.372388590605624e-08,-74.72062388664037,-44.72062388664037,cir_coefficients_tau_mask,,"[1, 1, 1, 1, 23, 1]","[1, 1, 23]","[1, 1, 23]","[1, 1, 23]",,True,
73,18760,rx_panda_base,/home/telilab4090/Documents/Gazebo World/my_world/rt_out/experiments/semantic_ablation_actor_200f/sionna_xml/frame_073_sionna.xml,30.0,0.0,0.0,2.4,0.582,0.888,1.195,28000000000.0,22,5.357098764591228e-09,6.284866316264015e-08,5.749156439804892e-08,2.8376837235555286e-07,-65.47036010840819,-35.47036010840819,cir_coefficients_tau_mask,,"[1, 1, 1, 1, 22, 1]","[1, 1, 22]","[1, 1, 22]","[1, 1, 22]",,True,
73,18760,rx_ur5_base,/home/telilab4090/Documents/Gazebo World/my_world/rt_out/experiments/semantic_ablation_actor_200f/sionna_xml/frame_073_sionna.xml,30.0,0.0,0.0,2.4,0.497,-0.841,0.995,28000000000.0,13,2.8585452227503083e-08,5.930293767164585e-08,3.071748544414277e-08,1.3809299259648355e-09,-88.59828358741373,-58.59828358741373,cir_coefficients_tau_mask,,"[1, 1, 1, 1, 13, 1]","[1, 1, 13]","[1, 1, 13]","[1, 1, 13]",,True,
73,18760,rx_cerberus_base,/home/telilab4090/Documents/Gazebo World/my_world/rt_out/experiments/semantic_ablation_actor_200f/sionna_xml/frame_073_sionna.xml,30.0,0.0,0.0,2.4,4.074,-1.779,0.81,28000000000.0,18,1.574846919538686e-08,5.723669715962387e-08,4.148822796423701e-08,3.621421384991663e-08,-74.41120938168608,-44.41120938168608,cir_coefficients_tau_mask,,"[1, 1, 1, 1, 18, 1]","[1, 1, 18]","[1, 1, 18]","[1, 1, 18]",,True,
73,18760,rx_nao_chest,/home/telilab4090/Documents/Gazebo World/my_world/rt_out/experiments/semantic_ablation_actor_200f/sionna_xml/frame_073_sionna.xml,30.0,0.0,0.0,2.4,-0.1337,2.748,0.7,28000000000.0,24,1.0787783999433032e-08,6.209720737615498e-08,5.130942337672195e-08,7.24924902328894e-08,-71.3970698128202,-41.397069812820206,cir_coefficients_tau_mask,,"[1, 1, 1, 1, 24, 1]","[1, 1, 24]","[1, 1, 24]","[1, 1, 24]",,True,
73,18760,rx_human_chest,/home/telilab4090/Documents/Gazebo World/my_world/rt_out/experiments/semantic_ablation_actor_200f/sionna_xml/frame_073_sionna.xml,30.0,0.0,0.0,2.4,-1.4605,-0.8406,1.6421,28000000000.0,21,6.163341392806387e-09,6.431429255826515e-08,5.8150951165458764e-08,2.2401947319394822e-07,-66.49714228393097,-36.49714228393097,cir_coefficients_tau_mask,,"[1, 1, 1, 1, 21, 1]","[1, 1, 21]","[1, 1, 21]","[1, 1, 21]",,True,
73,18760,rx_x500_body,/home/telilab4090/Documents/Gazebo World/my_world/rt_out/experiments/semantic_ablation_actor_200f/sionna_xml/frame_073_sionna.xml,30.0,0.0,0.0,2.4,-3.9279,3.2024,1.3944,28000000000.0,23,1.7234324189985273e-08,7.465505547088469e-08,5.742073128089942e-08,3.372388590605624e-08,-74.72062388664037,-44.72062388664037,cir_coefficients_tau_mask,,"[1, 1, 1, 1, 23, 1]","[1, 1, 23]","[1, 1, 23]","[1, 1, 23]",,True,
74,19017,rx_panda_base,/home/telilab4090/Documents/Gazebo World/my_world/rt_out/experiments/semantic_ablation_actor_200f/sionna_xml/frame_074_sionna.xml,30.0,0.0,0.0,2.4,0.582,0.888,1.195,28000000000.0,24,5.357098764591228e-09,6.284866316264015e-08,5.749156439804892e-08,2.840127706349449e-07,-65.4666213146144,-35.4666213146144,cir_coefficients_tau_mask,,"[1, 1, 1, 1, 24, 1]","[1, 1, 24]","[1, 1, 24]","[1, 1, 24]",,True,
74,19017,rx_ur5_base,/home/telilab4090/Documents/Gazebo World/my_world/rt_out/experiments/semantic_ablation_actor_200f/sionna_xml/frame_074_sionna.xml,30.0,0.0,0.0,2.4,0.497,-0.841,0.995,28000000000.0,15,2.8585452227503083e-08,5.930293767164585e-08,3.071748544414277e-08,1.4623646737987883e-09,-88.34944312693094,-58.349443126930936,cir_coefficients_tau_mask,,"[1, 1, 1, 1, 15, 1]","[1, 1, 15]","[1, 1, 15]","[1, 1, 15]",,True,
74,19017,rx_cerberus_base,/home/telilab4090/Documents/Gazebo World/my_world/rt_out/experiments/semantic_ablation_actor_200f/sionna_xml/frame_074_sionna.xml,30.0,0.0,0.0,2.4,4.074,-1.779,0.81,28000000000.0,18,1.574846919538686e-08,5.723669715962387e-08,4.148822796423701e-08,3.6214210297202953e-08,-74.41120980774089,-44.41120980774089,cir_coefficients_tau_mask,,"[1, 1, 1, 1, 18, 1]","[1, 1, 18]","[1, 1, 18]","[1, 1, 18]",,True,
74,19017,rx_nao_chest,/home/telilab4090/Documents/Gazebo World/my_world/rt_out/experiments/semantic_ablation_actor_200f/sionna_xml/frame_074_sionna.xml,30.0,0.0,0.0,2.4,-0.1337,2.748,0.7,28000000000.0,23,1.0787783999433032e-08,6.121905471445643e-08,5.04312707150234e-08,7.248629430023357e-08,-71.39744102014865,-41.39744102014865,cir_coefficients_tau_mask,,"[1, 1, 1, 1, 23, 1]","[1, 1, 23]","[1, 1, 23]","[1, 1, 23]",,True,
74,19017,rx_human_chest,/home/telilab4090/Documents/Gazebo World/my_world/rt_out/experiments/semantic_ablation_actor_200f/sionna_xml/frame_074_sionna.xml,30.0,0.0,0.0,2.4,-1.4605,-0.8406,1.6421,28000000000.0,21,6.163341392806387e-09,6.431429255826515e-08,5.8150951165458764e-08,2.240194589830935e-07,-66.49714255942916,-36.497142559429165,cir_coefficients_tau_mask,,"[1, 1, 1, 1, 21, 1]","[1, 1, 21]","[1, 1, 21]","[1, 1, 21]",,True,
74,19017,rx_x500_body,/home/telilab4090/Documents/Gazebo World/my_world/rt_out/experiments/semantic_ablation_actor_200f/sionna_xml/frame_074_sionna.xml,30.0,0.0,0.0,2.4,-3.9279,3.2024,1.3944,28000000000.0,23,1.7234324189985273e-08,7.465505547088469e-08,5.742073128089942e-08,3.372388945876992e-08,-74.72062342912375,-44.72062342912375,cir_coefficients_tau_mask,,"[1, 1, 1, 1, 23, 1]","[1, 1, 23]","[1, 1, 23]","[1, 1, 23]",,True,
75,19274,rx_panda_base,/home/telilab4090/Documents/Gazebo World/my_world/rt_out/experiments/semantic_ablation_actor_200f/sionna_xml/frame_075_sionna.xml,30.0,0.0,0.0,2.4,0.582,0.888,1.195,28000000000.0,28,5.357098764591228e-09,5.897902966012225e-08,5.362193089553102e-08,3.0018404117981845e-07,-65.22612400073336,-35.226124000733364,cir_coefficients_tau_mask,,"[1, 1, 1, 1, 28, 1]","[1, 1, 28]","[1, 1, 28]","[1, 1, 28]",,True,
75,19274,rx_ur5_base,/home/telilab4090/Documents/Gazebo World/my_world/rt_out/experiments/semantic_ablation_actor_200f/sionna_xml/frame_075_sionna.xml,30.0,0.0,0.0,2.4,0.497,-0.841,0.995,28000000000.0,17,2.8585452227503083e-08,5.930293767164585e-08,3.071748544414277e-08,1.5416478094110175e-09,-88.12014829851418,-58.12014829851418,cir_coefficients_tau_mask,,"[1, 1, 1, 1, 17, 1]","[1, 1, 17]","[1, 1, 17]","[1, 1, 17]",,True,
75,19274,rx_cerberus_base,/home/telilab4090/Documents/Gazebo World/my_world/rt_out/experiments/semantic_ablation_actor_200f/sionna_xml/frame_075_sionna.xml,30.0,0.0,0.0,2.4,4.074,-1.779,0.81,28000000000.0,18,1.574846919538686e-08,5.723669715962387e-08,4.148822796423701e-08,3.621421384991663e-08,-74.41120938168608,-44.41120938168608,cir_coefficients_tau_mask,,"[1, 1, 1, 1, 18, 1]","[1, 1, 18]","[1, 1, 18]","[1, 1, 18]",,True,
75,19274,rx_nao_chest,/home/telilab4090/Documents/Gazebo World/my_world/rt_out/experiments/semantic_ablation_actor_200f/sionna_xml/frame_075_sionna.xml,30.0,0.0,0.0,2.4,-0.1337,2.748,0.7,28000000000.0,24,1.0787783999433032e-08,6.209720737615498e-08,5.130942337672195e-08,7.24924902328894e-08,-71.3970698128202,-41.397069812820206,cir_coefficients_tau_mask,,"[1, 1, 1, 1, 24, 1]","[1, 1, 24]","[1, 1, 24]","[1, 1, 24]",,True,
75,19274,rx_human_chest,/home/telilab4090/Documents/Gazebo World/my_world/rt_out/experiments/semantic_ablation_actor_200f/sionna_xml/frame_075_sionna.xml,30.0,0.0,0.0,2.4,-1.4605,-0.8406,1.6421,28000000000.0,21,6.163341392806387e-09,6.431429255826515e-08,5.8150951165458764e-08,2.240194589830935e-07,-66.49714255942916,-36.497142559429165,cir_coefficients_tau_mask,,"[1, 1, 1, 1, 21, 1]","[1, 1, 21]","[1, 1, 21]","[1, 1, 21]",,True,
75,19274,rx_x500_body,/home/telilab4090/Documents/Gazebo World/my_world/rt_out/experiments/semantic_ablation_actor_200f/sionna_xml/frame_075_sionna.xml,30.0,0.0,0.0,2.4,-3.9279,3.2024,1.3944,28000000000.0,23,1.7234324189985273e-08,7.465505547088469e-08,5.742073128089942e-08,3.372388945876992e-08,-74.72062342912375,-44.72062342912375,cir_coefficients_tau_mask,,"[1, 1, 1, 1, 23, 1]","[1, 1, 23]","[1, 1, 23]","[1, 1, 23]",,True,
76,19531,rx_panda_base,/home/telilab4090/Documents/Gazebo World/my_world/rt_out/experiments/semantic_ablation_actor_200f/sionna_xml/frame_076_sionna.xml,30.0,0.0,0.0,2.4,0.582,0.888,1.195,28000000000.0,33,5.357098764591228e-09,6.284866316264015e-08,5.749156439804892e-08,3.0587472110710223e-07,-65.14456413624467,-35.14456413624467,cir_coefficients_tau_mask,,"[1, 1, 1, 1, 33, 1]","[1, 1, 33]","[1, 1, 33]","[1, 1, 33]",,True,
76,19531,rx_ur5_base,/home/telilab4090/Documents/Gazebo World/my_world/rt_out/experiments/semantic_ablation_actor_200f/sionna_xml/frame_076_sionna.xml,30.0,0.0,0.0,2.4,0.497,-0.841,0.995,28000000000.0,19,2.8585452227503083e-08,6.370818539380707e-08,3.512273316630399e-08,1.772057833804297e-09,-87.515221083563,-57.515221083563006,cir_coefficients_tau_mask,,"[1, 1, 1, 1, 19, 1]","[1, 1, 19]","[1, 1, 19]","[1, 1, 19]",,True,
76,19531,rx_cerberus_base,/home/telilab4090/Documents/Gazebo World/my_world/rt_out/experiments/semantic_ablation_actor_200f/sionna_xml/frame_076_sionna.xml,30.0,0.0,0.0,2.4,4.074,-1.779,0.81,28000000000.0,18,1.574846919538686e-08,5.723669715962387e-08,4.148822796423701e-08,3.621421384991663e-08,-74.41120938168608,-44.41120938168608,cir_coefficients_tau_mask,,"[1, 1, 1, 1, 18, 1]","[1, 1, 18]","[1, 1, 18]","[1, 1, 18]",,True,
76,19531,rx_nao_chest,/home/telilab4090/Documents/Gazebo World/my_world/rt_out/experiments/semantic_ablation_actor_200f/sionna_xml/frame_076_sionna.xml,30.0,0.0,0.0,2.4,-0.1337,2.748,0.7,28000000000.0,24,1.0787783999433032e-08,6.209720737615498e-08,5.130942337672195e-08,7.249248312746204e-08,-71.39707023849851,-41.397070238498515,cir_coefficients_tau_mask,,"[1, 1, 1, 1, 24, 1]","[1, 1, 24]","[1, 1, 24]","[1, 1, 24]",,True,
76,19531,rx_human_chest,/home/telilab4090/Documents/Gazebo World/my_world/rt_out/experiments/semantic_ablation_actor_200f/sionna_xml/frame_076_sionna.xml,30.0,0.0,0.0,2.4,-1.4605,-0.8406,1.6421,28000000000.0,23,6.163341392806387e-09,6.568895827285814e-08,5.952561688005176e-08,2.2439070335167344e-07,-66.48995140137379,-36.48995140137379,cir_coefficients_tau_mask,,"[1, 1, 1, 1, 23, 1]","[1, 1, 23]","[1, 1, 23]","[1, 1, 23]",,True,
76,19531,rx_x500_body,/home/telilab4090/Documents/Gazebo World/my_world/rt_out/experiments/semantic_ablation_actor_200f/sionna_xml/frame_076_sionna.xml,30.0,0.0,0.0,2.4,-3.9279,3.2024,1.3944,28000000000.0,23,1.7234324189985273e-08,7.465505547088469e-08,5.742073128089942e-08,3.372388590605624e-08,-74.72062388664037,-44.72062388664037,cir_coefficients_tau_mask,,"[1, 1, 1, 1, 23, 1]","[1, 1, 23]","[1, 1, 23]","[1, 1, 23]",,True,
77,19788,rx_panda_base,/home/telilab4090/Documents/Gazebo World/my_world/rt_out/experiments/semantic_ablation_actor_200f/sionna_xml/frame_077_sionna.xml,30.0,0.0,0.0,2.4,0.582,0.888,1.195,28000000000.0,31,5.357098764591228e-09,5.897902966012225e-08,5.362193089553102e-08,3.056537991596997e-07,-65.14770201726519,-35.14770201726519,cir_coefficients_tau_mask,,"[1, 1, 1, 1, 31, 1]","[1, 1, 31]","[1, 1, 31]","[1, 1, 31]",,True,
77,19788,rx_ur5_base,/home/telilab4090/Documents/Gazebo World/my_world/rt_out/experiments/semantic_ablation_actor_200f/sionna_xml/frame_077_sionna.xml,30.0,0.0,0.0,2.4,0.497,-0.841,0.995,28000000000.0,19,2.8585452227503083e-08,6.370818539380707e-08,3.512273316630399e-08,1.772057833804297e-09,-87.515221083563,-57.515221083563006,cir_coefficients_tau_mask,,"[1, 1, 1, 1, 19, 1]","[1, 1, 19]","[1, 1, 19]","[1, 1, 19]",,True,
77,19788,rx_cerberus_base,/home/telilab4090/Documents/Gazebo World/my_world/rt_out/experiments/semantic_ablation_actor_200f/sionna_xml/frame_077_sionna.xml,30.0,0.0,0.0,2.4,4.074,-1.779,0.81,28000000000.0,18,1.574846919538686e-08,5.723669715962387e-08,4.148822796423701e-08,3.621421740263031e-08,-74.4112089556313,-44.411208955631295,cir_coefficients_tau_mask,,"[1, 1, 1, 1, 18, 1]","[1, 1, 18]","[1, 1, 18]","[1, 1, 18]",,True,
77,19788,rx_nao_chest,/home/telilab4090/Documents/Gazebo World/my_world/rt_out/experiments/semantic_ablation_actor_200f/sionna_xml/frame_077_sionna.xml,30.0,0.0,0.0,2.4,-0.1337,2.748,0.7,28000000000.0,22,1.0787783999433032e-08,6.209720737615498e-08,5.130942337672195e-08,7.231476928382108e-08,-71.40772995051069,-41.407729950510685,cir_coefficients_tau_mask,,"[1, 1, 1, 1, 22, 1]","[1, 1, 22]","[1, 1, 22]","[1, 1, 22]",,True,
77,19788,rx_human_chest,/home/telilab4090/Documents/Gazebo World/my_world/rt_out/experiments/semantic_ablation_actor_200f/sionna_xml/frame_077_sionna.xml,30.0,0.0,0.0,2.4,-1.4605,-0.8406,1.6421,28000000000.0,23,6.163341392806387e-09,6.568895827285814e-08,5.952561688005176e-08,2.2439071756252815e-07,-66.48995112633139,-36.48995112633139,cir_coefficients_tau_mask,,"[1, 1, 1, 1, 23, 1]","[1, 1, 23]","[1, 1, 23]","[1, 1, 23]",,True,
77,19788,rx_x500_body,/home/telilab4090/Documents/Gazebo World/my_world/rt_out/experiments/semantic_ablation_actor_200f/sionna_xml/frame_077_sionna.xml,30.0,0.0,0.0,2.4,-3.9279,3.2024,1.3944,28000000000.0,23,1.7234324189985273e-08,7.465505547088469e-08,5.742073128089942e-08,3.372388945876992e-08,-74.72062342912375,-44.72062342912375,cir_coefficients_tau_mask,,"[1, 1, 1, 1, 23, 1]","[1, 1, 23]","[1, 1, 23]","[1, 1, 23]",,True,
78,20045,rx_panda_base,/home/telilab4090/Documents/Gazebo World/my_world/rt_out/experiments/semantic_ablation_actor_200f/sionna_xml/frame_078_sionna.xml,30.0,0.0,0.0,2.4,0.582,0.888,1.195,28000000000.0,31,5.357098764591228e-09,5.897902966012225e-08,5.362193089553102e-08,3.0565377073799027e-07,-65.1477024211009,-35.1477024211009,cir_coefficients_tau_mask,,"[1, 1, 1, 1, 31, 1]","[1, 1, 31]","[1, 1, 31]","[1, 1, 31]",,True,
78,20045,rx_ur5_base,/home/telilab4090/Documents/Gazebo World/my_world/rt_out/experiments/semantic_ablation_actor_200f/sionna_xml/frame_078_sionna.xml,30.0,0.0,0.0,2.4,0.497,-0.841,0.995,28000000000.0,23,1.9024808395329273e-08,6.370818539380707e-08,4.46833769984778e-08,1.842872299206988e-09,-87.34504757928632,-57.345047579286316,cir_coefficients_tau_mask,,"[1, 1, 1, 1, 23, 1]","[1, 1, 23]","[1, 1, 23]","[1, 1, 23]",,True,
78,20045,rx_cerberus_base,/home/telilab4090/Documents/Gazebo World/my_world/rt_out/experiments/semantic_ablation_actor_200f/sionna_xml/frame_078_sionna.xml,30.0,0.0,0.0,2.4,4.074,-1.779,0.81,28000000000.0,18,1.574846919538686e-08,5.723669715962387e-08,4.148822796423701e-08,3.621421384991663e-08,-74.41120938168608,-44.41120938168608,cir_coefficients_tau_mask,,"[1, 1, 1, 1, 18, 1]","[1, 1, 18]","[1, 1, 18]","[1, 1, 18]",,True,
78,20045,rx_nao_chest,/home/telilab4090/Documents/Gazebo World/my_world/rt_out/experiments/semantic_ablation_actor_200f/sionna_xml/frame_078_sionna.xml,30.0,0.0,0.0,2.4,-0.1337,2.748,0.7,28000000000.0,21,1.0787783999433032e-08,6.209720737615498e-08,5.130942337672195e-08,7.202486784763096e-08,-71.42517529897216,-41.425175298972164,cir_coefficients_tau_mask,,"[1, 1, 1, 1, 21, 1]","[1, 1, 21]","[1, 1, 21]","[1, 1, 21]",,True,
78,20045,rx_human_chest,/home/telilab4090/Documents/Gazebo World/my_world/rt_out/experiments/semantic_ablation_actor_200f/sionna_xml/frame_078_sionna.xml,30.0,0.0,0.0,2.4,-1.4605,-0.8406,1.6421,28000000000.0,23,6.163341392806387e-09,6.568895827285814e-08,5.952561688005176e-08,2.2439071756252815e-07,-66.48995112633139,-36.48995112633139,cir_coefficients_tau_mask,,"[1, 1, 1, 1, 23, 1]","[1, 1, 23]","[1, 1, 23]","[1, 1, 23]",,True,
78,20045,rx_x500_body,/home/telilab4090/Documents/Gazebo World/my_world/rt_out/experiments/semantic_ablation_actor_200f/sionna_xml/frame_078_sionna.xml,30.0,0.0,0.0,2.4,-3.9279,3.2024,1.3944,28000000000.0,22,1.7234324189985273e-08,7.465505547088469e-08,5.742073128089942e-08,3.371401291474285e-08,-74.72189551157321,-44.72189551157321,cir_coefficients_tau_mask,,"[1, 1, 1, 1, 22, 1]","[1, 1, 22]","[1, 1, 22]","[1, 1, 22]",,True,
79,20302,rx_panda_base,/home/telilab4090/Documents/Gazebo World/my_world/rt_out/experiments/semantic_ablation_actor_200f/sionna_xml/frame_079_sionna.xml,30.0,0.0,0.0,2.4,0.582,0.888,1.195,28000000000.0,31,5.357098764591228e-09,5.897902966012225e-08,5.362193089553102e-08,3.0565377073799027e-07,-65.1477024211009,-35.1477024211009,cir_coefficients_tau_mask,,"[1, 1, 1, 1, 31, 1]","[1, 1, 31]","[1, 1, 31]","[1, 1, 31]",,True,
79,20302,rx_ur5_base,/home/telilab4090/Documents/Gazebo World/my_world/rt_out/experiments/semantic_ablation_actor_200f/sionna_xml/frame_079_sionna.xml,30.0,0.0,0.0,2.4,0.497,-0.841,0.995,28000000000.0,23,1.9024808395329273e-08,6.370818539380707e-08,4.46833769984778e-08,1.8428725212515928e-09,-87.34504705601218,-57.34504705601218,cir_coefficients_tau_mask,,"[1, 1, 1, 1, 23, 1]","[1, 1, 23]","[1, 1, 23]","[1, 1, 23]",,True,
79,20302,rx_cerberus_base,/home/telilab4090/Documents/Gazebo World/my_world/rt_out/experiments/semantic_ablation_actor_200f/sionna_xml/frame_079_sionna.xml,30.0,0.0,0.0,2.4,4.074,-1.779,0.81,28000000000.0,18,1.574846919538686e-08,5.723669715962387e-08,4.148822796423701e-08,3.6214210297202953e-08,-74.41120980774089,-44.41120980774089,cir_coefficients_tau_mask,,"[1, 1, 1, 1, 18, 1]","[1, 1, 18]","[1, 1, 18]","[1, 1, 18]",,True,
79,20302,rx_nao_chest,/home/telilab4090/Documents/Gazebo World/my_world/rt_out/experiments/semantic_ablation_actor_200f/sionna_xml/frame_079_sionna.xml,30.0,0.0,0.0,2.4,-0.1337,2.748,0.7,28000000000.0,20,1.0787783999433032e-08,6.209720737615498e-08,5.130942337672195e-08,7.201585106031416e-08,-71.42571902591425,-41.42571902591425,cir_coefficients_tau_mask,,"[1, 1, 1, 1, 20, 1]","[1, 1, 20]","[1, 1, 20]","[1, 1, 20]",,True,
79,20302,rx_human_chest,/home/telilab4090/Documents/Gazebo World/my_world/rt_out/experiments/semantic_ablation_actor_200f/sionna_xml/frame_079_sionna.xml,30.0,0.0,0.0,2.4,-1.4605,-0.8406,1.6421,28000000000.0,23,6.163341392806387e-09,6.568895827285814e-08,5.952561688005176e-08,2.2439071756252815e-07,-66.48995112633139,-36.48995112633139,cir_coefficients_tau_mask,,"[1, 1, 1, 1, 23, 1]","[1, 1, 23]","[1, 1, 23]","[1, 1, 23]",,True,
79,20302,rx_x500_body,/home/telilab4090/Documents/Gazebo World/my_world/rt_out/experiments/semantic_ablation_actor_200f/sionna_xml/frame_079_sionna.xml,30.0,0.0,0.0,2.4,-3.9279,3.2024,1.3944,28000000000.0,23,1.7234324189985273e-08,7.465505547088469e-08,5.742073128089942e-08,3.372388945876992e-08,-74.72062342912375,-44.72062342912375,cir_coefficients_tau_mask,,"[1, 1, 1, 1, 23, 1]","[1, 1, 23]","[1, 1, 23]","[1, 1, 23]",,True,
80,20559,rx_panda_base,/home/telilab4090/Documents/Gazebo World/my_world/rt_out/experiments/semantic_ablation_actor_200f/sionna_xml/frame_080_sionna.xml,30.0,0.0,0.0,2.4,0.582,0.888,1.195,28000000000.0,33,7.579527228074312e-09,6.382698813922616e-08,5.624746091115185e-08,1.925690895632215e-08,-77.15413422868136,-47.15413422868136,cir_coefficients_tau_mask,,"[1, 1, 1, 1, 33, 1]","[1, 1, 33]","[1, 1, 33]","[1, 1, 33]",,True,
80,20559,rx_ur5_base,/home/telilab4090/Documents/Gazebo World/my_world/rt_out/experiments/semantic_ablation_actor_200f/sionna_xml/frame_080_sionna.xml,30.0,0.0,0.0,2.4,0.497,-0.841,0.995,28000000000.0,23,1.9024808395329273e-08,6.370818539380707e-08,4.46833769984778e-08,1.842872077162383e-09,-87.34504810256053,-57.345048102560526,cir_coefficients_tau_mask,,"[1, 1, 1, 1, 23, 1]","[1, 1, 23]","[1, 1, 23]","[1, 1, 23]",,True,
80,20559,rx_cerberus_base,/home/telilab4090/Documents/Gazebo World/my_world/rt_out/experiments/semantic_ablation_actor_200f/sionna_xml/frame_080_sionna.xml,30.0,0.0,0.0,2.4,4.074,-1.779,0.81,28000000000.0,18,1.574846919538686e-08,5.723669715962387e-08,4.148822796423701e-08,3.621422095534399e-08,-74.41120852957657,-44.41120852957657,cir_coefficients_tau_mask,,"[1, 1, 1, 1, 18, 1]","[1, 1, 18]","[1, 1, 18]","[1, 1, 18]",,True,
80,20559,rx_nao_chest,/home/telilab4090/Documents/Gazebo World/my_world/rt_out/experiments/semantic_ablation_actor_200f/sionna_xml/frame_080_sionna.xml,30.0,0.0,0.0,2.4,-0.1337,2.748,0.7,28000000000.0,18,1.0787783999433032e-08,6.121905471445643e-08,5.04312707150234e-08,7.188052819628865e-08,-71.4338874024572,-41.4338874024572,cir_coefficients_tau_mask,,"[1, 1, 1, 1, 18, 1]","[1, 1, 18]","[1, 1, 18]","[1, 1, 18]",,True,
80,20559,rx_human_chest,/home/telilab4090/Documents/Gazebo World/my_world/rt_out/experiments/semantic_ablation_actor_200f/sionna_xml/frame_080_sionna.xml,30.0,0.0,0.0,2.4,-1.4605,-0.8406,1.6421,28000000000.0,23,6.163341392806387e-09,6.568895827285814e-08,5.952561688005176e-08,2.2439071756252815e-07,-66.48995112633139,-36.48995112633139,cir_coefficients_tau_mask,,"[1, 1, 1, 1, 23, 1]","[1, 1, 23]","[1, 1, 23]","[1, 1, 23]",,True,
80,20559,rx_x500_body,/home/telilab4090/Documents/Gazebo World/my_world/rt_out/experiments/semantic_ablation_actor_200f/sionna_xml/frame_080_sionna.xml,30.0,0.0,0.0,2.4,-3.9279,3.2024,1.3944,28000000000.0,23,1.7234324189985273e-08,7.465505547088469e-08,5.742073128089942e-08,3.372388945876992e-08,-74.72062342912375,-44.72062342912375,cir_coefficients_tau_mask,,"[1, 1, 1, 1, 23, 1]","[1, 1, 23]","[1, 1, 23]","[1, 1, 23]",,True,
81,20816,rx_panda_base,/home/telilab4090/Documents/Gazebo World/my_world/rt_out/experiments/semantic_ablation_actor_200f/sionna_xml/frame_081_sionna.xml,30.0,0.0,0.0,2.4,0.582,0.888,1.195,28000000000.0,32,7.579527228074312e-09,6.382698813922616e-08,5.624746091115185e-08,1.8475972751730296e-08,-77.3339268692029,-47.3339268692029,cir_coefficients_tau_mask,,"[1, 1, 1, 1, 32, 1]","[1, 1, 32]","[1, 1, 32]","[1, 1, 32]",,True,
81,20816,rx_ur5_base,/home/telilab4090/Documents/Gazebo World/my_world/rt_out/experiments/semantic_ablation_actor_200f/sionna_xml/frame_081_sionna.xml,30.0,0.0,0.0,2.4,0.497,-0.841,0.995,28000000000.0,27,5.708055805797585e-09,6.370818539380707e-08,5.8000129588009486e-08,7.014158427409711e-07,-61.5402442902013,-31.5402442902013,cir_coefficients_tau_mask,,"[1, 1, 1, 1, 27, 1]","[1, 1, 27]","[1, 1, 27]","[1, 1, 27]",,True,
81,20816,rx_cerberus_base,/home/telilab4090/Documents/Gazebo World/my_world/rt_out/experiments/semantic_ablation_actor_200f/sionna_xml/frame_081_sionna.xml,30.0,0.0,0.0,2.4,4.074,-1.779,0.81,28000000000.0,18,1.574846919538686e-08,5.723669715962387e-08,4.148822796423701e-08,3.621421384991663e-08,-74.41120938168608,-44.41120938168608,cir_coefficients_tau_mask,,"[1, 1, 1, 1, 18, 1]","[1, 1, 18]","[1, 1, 18]","[1, 1, 18]",,True,
81,20816,rx_nao_chest,/home/telilab4090/Documents/Gazebo World/my_world/rt_out/experiments/semantic_ablation_actor_200f/sionna_xml/frame_081_sionna.xml,30.0,0.0,0.0,2.4,-0.1337,2.748,0.7,28000000000.0,21,1.0787783999433032e-08,6.121905471445643e-08,5.04312707150234e-08,7.244927502370047e-08,-71.39965956014501,-41.39965956014501,cir_coefficients_tau_mask,,"[1, 1, 1, 1, 21, 1]","[1, 1, 21]","[1, 1, 21]","[1, 1, 21]",,True,
81,20816,rx_human_chest,/home/telilab4090/Documents/Gazebo World/my_world/rt_out/experiments/semantic_ablation_actor_200f/sionna_xml/frame_081_sionna.xml,30.0,0.0,0.0,2.4,-1.4605,-0.8406,1.6421,28000000000.0,23,6.163341392806387e-09,6.568895827285814e-08,5.952561688005176e-08,2.2439071756252815e-07,-66.48995112633139,-36.48995112633139,cir_coefficients_tau_mask,,"[1, 1, 1, 1, 23, 1]","[1, 1, 23]","[1, 1, 23]","[1, 1, 23]",,True,
81,20816,rx_x500_body,/home/telilab4090/Documents/Gazebo World/my_world/rt_out/experiments/semantic_ablation_actor_200f/sionna_xml/frame_081_sionna.xml,30.0,0.0,0.0,2.4,-3.9279,3.2024,1.3944,28000000000.0,23,1.7234324189985273e-08,7.465505547088469e-08,5.742073128089942e-08,3.372388945876992e-08,-74.72062342912375,-44.72062342912375,cir_coefficients_tau_mask,,"[1, 1, 1, 1, 23, 1]","[1, 1, 23]","[1, 1, 23]","[1, 1, 23]",,True,
82,21073,rx_panda_base,/home/telilab4090/Documents/Gazebo World/my_world/rt_out/experiments/semantic_ablation_actor_200f/sionna_xml/frame_082_sionna.xml,30.0,0.0,0.0,2.4,0.582,0.888,1.195,28000000000.0,32,7.579527228074312e-09,6.382698813922616e-08,5.624746091115185e-08,1.8475970975373457e-08,-77.33392728675169,-47.33392728675169,cir_coefficients_tau_mask,,"[1, 1, 1, 1, 32, 1]","[1, 1, 32]","[1, 1, 32]","[1, 1, 32]",,True,
82,21073,rx_ur5_base,/home/telilab4090/Documents/Gazebo World/my_world/rt_out/experiments/semantic_ablation_actor_200f/sionna_xml/frame_082_sionna.xml,30.0,0.0,0.0,2.4,0.497,-0.841,0.995,28000000000.0,29,5.708055805797585e-09,6.370818539380707e-08,5.8000129588009486e-08,9.249550885215285e-07,-60.33879354051018,-30.33879354051018,cir_coefficients_tau_mask,,"[1, 1, 1, 1, 29, 1]","[1, 1, 29]","[1, 1, 29]","[1, 1, 29]",,True,
82,21073,rx_cerberus_base,/home/telilab4090/Documents/Gazebo World/my_world/rt_out/experiments/semantic_ablation_actor_200f/sionna_xml/frame_082_sionna.xml,30.0,0.0,0.0,2.4,4.074,-1.779,0.81,28000000000.0,18,1.574846919538686e-08,5.723669715962387e-08,4.148822796423701e-08,3.621421384991663e-08,-74.41120938168608,-44.41120938168608,cir_coefficients_tau_mask,,"[1, 1, 1, 1, 18, 1]","[1, 1, 18]","[1, 1, 18]","[1, 1, 18]",,True,
82,21073,rx_nao_chest,/home/telilab4090/Documents/Gazebo World/my_world/rt_out/experiments/semantic_ablation_actor_200f/sionna_xml/frame_082_sionna.xml,30.0,0.0,0.0,2.4,-0.1337,2.748,0.7,28000000000.0,20,1.0787783999433032e-08,6.121905471445643e-08,5.04312707150234e-08,7.205824203992961e-08,-71.4231633729631,-41.4231633729631,cir_coefficients_tau_mask,,"[1, 1, 1, 1, 20, 1]","[1, 1, 20]","[1, 1, 20]","[1, 1, 20]",,True,
82,21073,rx_human_chest,/home/telilab4090/Documents/Gazebo World/my_world/rt_out/experiments/semantic_ablation_actor_200f/sionna_xml/frame_082_sionna.xml,30.0,0.0,0.0,2.4,-1.4605,-0.8406,1.6421,28000000000.0,23,6.163341392806387e-09,6.568895827285814e-08,5.952561688005176e-08,2.2439070335167344e-07,-66.48995140137379,-36.48995140137379,cir_coefficients_tau_mask,,"[1, 1, 1, 1, 23, 1]","[1, 1, 23]","[1, 1, 23]","[1, 1, 23]",,True,
82,21073,rx_x500_body,/home/telilab4090/Documents/Gazebo World/my_world/rt_out/experiments/semantic_ablation_actor_200f/sionna_xml/frame_082_sionna.xml,30.0,0.0,0.0,2.4,-3.9279,3.2024,1.3944,28000000000.0,23,1.7234324189985273e-08,7.465505547088469e-08,5.742073128089942e-08,3.3723893011483597e-08,-74.72062297160716,-44.720622971607156,cir_coefficients_tau_mask,,"[1, 1, 1, 1, 23, 1]","[1, 1, 23]","[1, 1, 23]","[1, 1, 23]",,True,
83,21330,rx_panda_base,/home/telilab4090/Documents/Gazebo World/my_world/rt_out/experiments/semantic_ablation_actor_200f/sionna_xml/frame_083_sionna.xml,30.0,0.0,0.0,2.4,0.582,0.888,1.195,28000000000.0,31,7.579527228074312e-09,6.382698813922616e-08,5.624746091115185e-08,1.8418464975411553e-08,-77.34746567433824,-47.34746567433824,cir_coefficients_tau_mask,,"[1, 1, 1, 1, 31, 1]","[1, 1, 31]","[1, 1, 31]","[1, 1, 31]",,True,
83,21330,rx_ur5_base,/home/telilab4090/Documents/Gazebo World/my_world/rt_out/experiments/semantic_ablation_actor_200f/sionna_xml/frame_083_sionna.xml,30.0,0.0,0.0,2.4,0.497,-0.841,0.995,28000000000.0,30,5.708055805797585e-09,6.370818539380707e-08,5.8000129588009486e-08,1.0583249832052388e-06,-59.753809516386234,-29.753809516386234,cir_coefficients_tau_mask,,"[1, 1, 1, 1, 30, 1]","[1, 1, 30]","[1, 1, 30]","[1, 1, 30]",,True,
83,21330,rx_cerberus_base,/home/telilab4090/Documents/Gazebo World/my_world/rt_out/experiments/semantic_ablation_actor_200f/sionna_xml/frame_083_sionna.xml,30.0,0.0,0.0,2.4,4.074,-1.779,0.81,28000000000.0,18,1.574846919538686e-08,5.723669715962387e-08,4.148822796423701e-08,3.621421384991663e-08,-74.41120938168608,-44.41120938168608,cir_coefficients_tau_mask,,"[1, 1, 1, 1, 18, 1]","[1, 1, 18]","[1, 1, 18]","[1, 1, 18]",,True,
83,21330,rx_nao_chest,/home/telilab4090/Documents/Gazebo World/my_world/rt_out/experiments/semantic_ablation_actor_200f/sionna_xml/frame_083_sionna.xml,30.0,0.0,0.0,2.4,-0.1337,2.748,0.7,28000000000.0,21,1.0787783999433032e-08,6.121905471445643e-08,5.04312707150234e-08,7.206726593267376e-08,-71.42261953767894,-41.42261953767894,cir_coefficients_tau_mask,,"[1, 1, 1, 1, 21, 1]","[1, 1, 21]","[1, 1, 21]","[1, 1, 21]",,True,
83,21330,rx_human_chest,/home/telilab4090/Documents/Gazebo World/my_world/rt_out/experiments/semantic_ablation_actor_200f/sionna_xml/frame_083_sionna.xml,30.0,0.0,0.0,2.4,-1.4605,-0.8406,1.6421,28000000000.0,23,6.163341392806387e-09,6.568895827285814e-08,5.952561688005176e-08,2.2439071756252815e-07,-66.48995112633139,-36.48995112633139,cir_coefficients_tau_mask,,"[1, 1, 1, 1, 23, 1]","[1, 1, 23]","[1, 1, 23]","[1, 1, 23]",,True,
83,21330,rx_x500_body,/home/telilab4090/Documents/Gazebo World/my_world/rt_out/experiments/semantic_ablation_actor_200f/sionna_xml/frame_083_sionna.xml,30.0,0.0,0.0,2.4,-3.9279,3.2024,1.3944,28000000000.0,23,1.7234324189985273e-08,7.465505547088469e-08,5.742073128089942e-08,3.3723893011483597e-08,-74.72062297160716,-44.720622971607156,cir_coefficients_tau_mask,,"[1, 1, 1, 1, 23, 1]","[1, 1, 23]","[1, 1, 23]","[1, 1, 23]",,True,
84,21587,rx_panda_base,/home/telilab4090/Documents/Gazebo World/my_world/rt_out/experiments/semantic_ablation_actor_200f/sionna_xml/frame_084_sionna.xml,30.0,0.0,0.0,2.4,0.582,0.888,1.195,28000000000.0,31,7.579527228074312e-09,6.382698813922616e-08,5.624746091115185e-08,1.8418466751768392e-08,-77.34746525548579,-47.34746525548579,cir_coefficients_tau_mask,,"[1, 1, 1, 1, 31, 1]","[1, 1, 31]","[1, 1, 31]","[1, 1, 31]",,True,
84,21587,rx_ur5_base,/home/telilab4090/Documents/Gazebo World/my_world/rt_out/experiments/semantic_ablation_actor_200f/sionna_xml/frame_084_sionna.xml,30.0,0.0,0.0,2.4,0.497,-0.841,0.995,28000000000.0,30,5.708055805797585e-09,6.370818539380707e-08,5.8000129588009486e-08,1.058342036230897e-06,-59.75373953811497,-29.75373953811497,cir_coefficients_tau_mask,,"[1, 1, 1, 1, 30, 1]","[1, 1, 30]","[1, 1, 30]","[1, 1, 30]",,True,
84,21587,rx_cerberus_base,/home/telilab4090/Documents/Gazebo World/my_world/rt_out/experiments/semantic_ablation_actor_200f/sionna_xml/frame_084_sionna.xml,30.0,0.0,0.0,2.4,4.074,-1.779,0.81,28000000000.0,18,1.574846919538686e-08,5.723669715962387e-08,4.148822796423701e-08,3.621421384991663e-08,-74.41120938168608,-44.41120938168608,cir_coefficients_tau_mask,,"[1, 1, 1, 1, 18, 1]","[1, 1, 18]","[1, 1, 18]","[1, 1, 18]",,True,
84,21587,rx_nao_chest,/home/telilab4090/Documents/Gazebo World/my_world/rt_out/experiments/semantic_ablation_actor_200f/sionna_xml/frame_084_sionna.xml,30.0,0.0,0.0,2.4,-0.1337,2.748,0.7,28000000000.0,21,1.0787783999433032e-08,6.121906892531115e-08,5.043128492587812e-08,7.206725172181905e-08,-71.42262039405891,-41.42262039405891,cir_coefficients_tau_mask,,"[1, 1, 1, 1, 21, 1]","[1, 1, 21]","[1, 1, 21]","[1, 1, 21]",,True,
84,21587,rx_human_chest,/home/telilab4090/Documents/Gazebo World/my_world/rt_out/experiments/semantic_ablation_actor_200f/sionna_xml/frame_084_sionna.xml,30.0,0.0,0.0,2.4,-1.4605,-0.8406,1.6421,28000000000.0,23,6.163341392806387e-09,6.568895827285814e-08,5.952561688005176e-08,2.2439071756252815e-07,-66.48995112633139,-36.48995112633139,cir_coefficients_tau_mask,,"[1, 1, 1, 1, 23, 1]","[1, 1, 23]","[1, 1, 23]","[1, 1, 23]",,True,
84,21587,rx_x500_body,/home/telilab4090/Documents/Gazebo World/my_world/rt_out/experiments/semantic_ablation_actor_200f/sionna_xml/frame_084_sionna.xml,30.0,0.0,0.0,2.4,-3.9279,3.2024,1.3944,28000000000.0,23,1.7234324189985273e-08,7.465505547088469e-08,5.742073128089942e-08,3.372388945876992e-08,-74.72062342912375,-44.72062342912375,cir_coefficients_tau_mask,,"[1, 1, 1, 1, 23, 1]","[1, 1, 23]","[1, 1, 23]","[1, 1, 23]",,True,
85,21844,rx_panda_base,/home/telilab4090/Documents/Gazebo World/my_world/rt_out/experiments/semantic_ablation_actor_200f/sionna_xml/frame_085_sionna.xml,30.0,0.0,0.0,2.4,0.582,0.888,1.195,28000000000.0,31,7.579527228074312e-09,6.382698813922616e-08,5.624746091115185e-08,1.8418464975411553e-08,-77.34746567433824,-47.34746567433824,cir_coefficients_tau_mask,,"[1, 1, 1, 1, 31, 1]","[1, 1, 31]","[1, 1, 31]","[1, 1, 31]",,True,
85,21844,rx_ur5_base,/home/telilab4090/Documents/Gazebo World/my_world/rt_out/experiments/semantic_ablation_actor_200f/sionna_xml/frame_085_sionna.xml,30.0,0.0,0.0,2.4,0.497,-0.841,0.995,28000000000.0,30,5.708055805797585e-09,6.370818539380707e-08,5.8000129588009486e-08,1.058342036230897e-06,-59.75373953811497,-29.75373953811497,cir_coefficients_tau_mask,,"[1, 1, 1, 1, 30, 1]","[1, 1, 30]","[1, 1, 30]","[1, 1, 30]",,True,
85,21844,rx_cerberus_base,/home/telilab4090/Documents/Gazebo World/my_world/rt_out/experiments/semantic_ablation_actor_200f/sionna_xml/frame_085_sionna.xml,30.0,0.0,0.0,2.4,4.074,-1.779,0.81,28000000000.0,18,1.574846919538686e-08,5.723669715962387e-08,4.148822796423701e-08,3.621421740263031e-08,-74.4112089556313,-44.411208955631295,cir_coefficients_tau_mask,,"[1, 1, 1, 1, 18, 1]","[1, 1, 18]","[1, 1, 18]","[1, 1, 18]",,True,
85,21844,rx_nao_chest,/home/telilab4090/Documents/Gazebo World/my_world/rt_out/experiments/semantic_ablation_actor_200f/sionna_xml/frame_085_sionna.xml,30.0,0.0,0.0,2.4,-0.1337,2.748,0.7,28000000000.0,21,1.0787783999433032e-08,6.121905471445643e-08,5.04312707150234e-08,7.20672588272464e-08,-71.4226199658689,-41.422619965868904,cir_coefficients_tau_mask,,"[1, 1, 1, 1, 21, 1]","[1, 1, 21]","[1, 1, 21]","[1, 1, 21]",,True,
85,21844,rx_human_chest,/home/telilab4090/Documents/Gazebo World/my_world/rt_out/experiments/semantic_ablation_actor_200f/sionna_xml/frame_085_sionna.xml,30.0,0.0,0.0,2.4,-1.4605,-0.8406,1.6421,28000000000.0,23,6.163341392806387e-09,6.568895827285814e-08,5.952561688005176e-08,2.2439071756252815e-07,-66.48995112633139,-36.48995112633139,cir_coefficients_tau_mask,,"[1, 1, 1, 1, 23, 1]","[1, 1, 23]","[1, 1, 23]","[1, 1, 23]",,True,
85,21844,rx_x500_body,/home/telilab4090/Documents/Gazebo World/my_world/rt_out/experiments/semantic_ablation_actor_200f/sionna_xml/frame_085_sionna.xml,30.0,0.0,0.0,2.4,-3.9279,3.2024,1.3944,28000000000.0,23,1.7234324189985273e-08,7.465505547088469e-08,5.742073128089942e-08,3.372388945876992e-08,-74.72062342912375,-44.72062342912375,cir_coefficients_tau_mask,,"[1, 1, 1, 1, 23, 1]","[1, 1, 23]","[1, 1, 23]","[1, 1, 23]",,True,
86,22101,rx_panda_base,/home/telilab4090/Documents/Gazebo World/my_world/rt_out/experiments/semantic_ablation_actor_200f/sionna_xml/frame_086_sionna.xml,30.0,0.0,0.0,2.4,0.582,0.888,1.195,28000000000.0,23,7.579527228074312e-09,6.382698813922616e-08,5.624746091115185e-08,1.803630844676718e-08,-77.43852346242849,-47.43852346242849,cir_coefficients_tau_mask,,"[1, 1, 1, 1, 23, 1]","[1, 1, 23]","[1, 1, 23]","[1, 1, 23]",,True,
86,22101,rx_ur5_base,/home/telilab4090/Documents/Gazebo World/my_world/rt_out/experiments/semantic_ablation_actor_200f/sionna_xml/frame_086_sionna.xml,30.0,0.0,0.0,2.4,0.497,-0.841,0.995,28000000000.0,29,5.708055805797585e-09,6.370818539380707e-08,5.8000129588009486e-08,1.0583000857877778e-06,-59.7539116866872,-29.753911686687204,cir_coefficients_tau_mask,,"[1, 1, 1, 1, 29, 1]","[1, 1, 29]","[1, 1, 29]","[1, 1, 29]",,True,
86,22101,rx_cerberus_base,/home/telilab4090/Documents/Gazebo World/my_world/rt_out/experiments/semantic_ablation_actor_200f/sionna_xml/frame_086_sionna.xml,30.0,0.0,0.0,2.4,4.074,-1.779,0.81,28000000000.0,18,1.574846919538686e-08,5.723669715962387e-08,4.148822796423701e-08,3.621421384991663e-08,-74.41120938168608,-44.41120938168608,cir_coefficients_tau_mask,,"[1, 1, 1, 1, 18, 1]","[1, 1, 18]","[1, 1, 18]","[1, 1, 18]",,True,
86,22101,rx_nao_chest,/home/telilab4090/Documents/Gazebo World/my_world/rt_out/experiments/semantic_ablation_actor_200f/sionna_xml/frame_086_sionna.xml,30.0,0.0,0.0,2.4,-0.1337,2.748,0.7,28000000000.0,21,1.0787783999433032e-08,6.121906892531115e-08,5.043128492587812e-08,7.206726593267376e-08,-71.42261953767894,-41.42261953767894,cir_coefficients_tau_mask,,"[1, 1, 1, 1, 21, 1]","[1, 1, 21]","[1, 1, 21]","[1, 1, 21]",,True,
86,22101,rx_human_chest,/home/telilab4090/Documents/Gazebo World/my_world/rt_out/experiments/semantic_ablation_actor_200f/sionna_xml/frame_086_sionna.xml,30.0,0.0,0.0,2.4,-1.4605,-0.8406,1.6421,28000000000.0,23,6.163341392806387e-09,6.568895827285814e-08,5.952561688005176e-08,2.2439073177338287e-07,-66.48995085128901,-36.48995085128901,cir_coefficients_tau_mask,,"[1, 1, 1, 1, 23, 1]","[1, 1, 23]","[1, 1, 23]","[1, 1, 23]",,True,
86,22101,rx_x500_body,/home/telilab4090/Documents/Gazebo World/my_world/rt_out/experiments/semantic_ablation_actor_200f/sionna_xml/frame_086_sionna.xml,30.0,0.0,0.0,2.4,-3.9279,3.2024,1.3944,28000000000.0,23,1.7234324189985273e-08,7.465505547088469e-08,5.742073128089942e-08,3.372388945876992e-08,-74.72062342912375,-44.72062342912375,cir_coefficients_tau_mask,,"[1, 1, 1, 1, 23, 1]","[1, 1, 23]","[1, 1, 23]","[1, 1, 23]",,True,
87,22358,rx_panda_base,/home/telilab4090/Documents/Gazebo World/my_world/rt_out/experiments/semantic_ablation_actor_200f/sionna_xml/frame_087_sionna.xml,30.0,0.0,0.0,2.4,0.582,0.888,1.195,28000000000.0,25,7.579527228074312e-09,6.382698813922616e-08,5.624746091115185e-08,1.8112373822987138e-08,-77.42024626954657,-47.42024626954657,cir_coefficients_tau_mask,,"[1, 1, 1, 1, 25, 1]","[1, 1, 25]","[1, 1, 25]","[1, 1, 25]",,True,
87,22358,rx_ur5_base,/home/telilab4090/Documents/Gazebo World/my_world/rt_out/experiments/semantic_ablation_actor_200f/sionna_xml/frame_087_sionna.xml,30.0,0.0,0.0,2.4,0.497,-0.841,0.995,28000000000.0,29,5.708055805797585e-09,6.370818539380707e-08,5.8000129588009486e-08,1.0583000857877778e-06,-59.7539116866872,-29.753911686687204,cir_coefficients_tau_mask,,"[1, 1, 1, 1, 29, 1]","[1, 1, 29]","[1, 1, 29]","[1, 1, 29]",,True,
87,22358,rx_cerberus_base,/home/telilab4090/Documents/Gazebo World/my_world/rt_out/experiments/semantic_ablation_actor_200f/sionna_xml/frame_087_sionna.xml,30.0,0.0,0.0,2.4,4.074,-1.779,0.81,28000000000.0,18,1.574846919538686e-08,5.723669715962387e-08,4.148822796423701e-08,3.621421740263031e-08,-74.4112089556313,-44.411208955631295,cir_coefficients_tau_mask,,"[1, 1, 1, 1, 18, 1]","[1, 1, 18]","[1, 1, 18]","[1, 1, 18]",,True,
87,22358,rx_nao_chest,/home/telilab4090/Documents/Gazebo World/my_world/rt_out/experiments/semantic_ablation_actor_200f/sionna_xml/frame_087_sionna.xml,30.0,0.0,0.0,2.4,-0.1337,2.748,0.7,28000000000.0,21,1.0787783999433032e-08,6.121905471445643e-08,5.04312707150234e-08,7.20672588272464e-08,-71.4226199658689,-41.422619965868904,cir_coefficients_tau_mask,,"[1, 1, 1, 1, 21, 1]","[1, 1, 21]","[1, 1, 21]","[1, 1, 21]",,True,
87,22358,rx_human_chest,/home/telilab4090/Documents/Gazebo World/my_world/rt_out/experiments/semantic_ablation_actor_200f/sionna_xml/frame_087_sionna.xml,30.0,0.0,0.0,2.4,-1.4605,-0.8406,1.6421,28000000000.0,23,6.163341392806387e-09,6.568895827285814e-08,5.952561688005176e-08,2.2439070335167344e-07,-66.48995140137379,-36.48995140137379,cir_coefficients_tau_mask,,"[1, 1, 1, 1, 23, 1]","[1, 1, 23]","[1, 1, 23]","[1, 1, 23]",,True,
87,22358,rx_x500_body,/home/telilab4090/Documents/Gazebo World/my_world/rt_out/experiments/semantic_ablation_actor_200f/sionna_xml/frame_087_sionna.xml,30.0,0.0,0.0,2.4,-3.9279,3.2024,1.3944,28000000000.0,23,1.7234324189985273e-08,7.465505547088469e-08,5.742073128089942e-08,3.372388945876992e-08,-74.72062342912375,-44.72062342912375,cir_coefficients_tau_mask,,"[1, 1, 1, 1, 23, 1]","[1, 1, 23]","[1, 1, 23]","[1, 1, 23]",,True,
88,22615,rx_panda_base,/home/telilab4090/Documents/Gazebo World/my_world/rt_out/experiments/semantic_ablation_actor_200f/sionna_xml/frame_088_sionna.xml,30.0,0.0,0.0,2.4,0.582,0.888,1.195,28000000000.0,24,7.579527228074312e-09,6.382698813922616e-08,5.624746091115185e-08,1.8093547993203174e-08,-77.42476263279276,-47.42476263279276,cir_coefficients_tau_mask,,"[1, 1, 1, 1, 24, 1]","[1, 1, 24]","[1, 1, 24]","[1, 1, 24]",,True,
88,22615,rx_ur5_base,/home/telilab4090/Documents/Gazebo World/my_world/rt_out/experiments/semantic_ablation_actor_200f/sionna_xml/frame_088_sionna.xml,30.0,0.0,0.0,2.4,0.497,-0.841,0.995,28000000000.0,28,5.708055805797585e-09,6.370818539380707e-08,5.8000129588009486e-08,9.248444712284254e-07,-60.33931295332767,-30.33931295332767,cir_coefficients_tau_mask,,"[1, 1, 1, 1, 28, 1]","[1, 1, 28]","[1, 1, 28]","[1, 1, 28]",,True,
88,22615,rx_cerberus_base,/home/telilab4090/Documents/Gazebo World/my_world/rt_out/experiments/semantic_ablation_actor_200f/sionna_xml/frame_088_sionna.xml,30.0,0.0,0.0,2.4,4.074,-1.779,0.81,28000000000.0,18,1.574846919538686e-08,5.723669715962387e-08,4.148822796423701e-08,3.621421384991663e-08,-74.41120938168608,-44.41120938168608,cir_coefficients_tau_mask,,"[1, 1, 1, 1, 18, 1]","[1, 1, 18]","[1, 1, 18]","[1, 1, 18]",,True,
88,22615,rx_nao_chest,/home/telilab4090/Documents/Gazebo World/my_world/rt_out/experiments/semantic_ablation_actor_200f/sionna_xml/frame_088_sionna.xml,30.0,0.0,0.0,2.4,-0.1337,2.748,0.7,28000000000.0,21,1.0787783999433032e-08,6.121905471445643e-08,5.04312707150234e-08,7.206726593267376e-08,-71.42261953767894,-41.42261953767894,cir_coefficients_tau_mask,,"[1, 1, 1, 1, 21, 1]","[1, 1, 21]","[1, 1, 21]","[1, 1, 21]",,True,
88,22615,rx_human_chest,/home/telilab4090/Documents/Gazebo World/my_world/rt_out/experiments/semantic_ablation_actor_200f/sionna_xml/frame_088_sionna.xml,30.0,0.0,0.0,2.4,-1.4605,-0.8406,1.6421,28000000000.0,23,6.163341392806387e-09,6.568895827285814e-08,5.952561688005176e-08,2.2439071756252815e-07,-66.48995112633139,-36.48995112633139,cir_coefficients_tau_mask,,"[1, 1, 1, 1, 23, 1]","[1, 1, 23]","[1, 1, 23]","[1, 1, 23]",,True,
88,22615,rx_x500_body,/home/telilab4090/Documents/Gazebo World/my_world/rt_out/experiments/semantic_ablation_actor_200f/sionna_xml/frame_088_sionna.xml,30.0,0.0,0.0,2.4,-3.9279,3.2024,1.3944,28000000000.0,23,1.7234324189985273e-08,7.465505547088469e-08,5.742073128089942e-08,3.372388945876992e-08,-74.72062342912375,-44.72062342912375,cir_coefficients_tau_mask,,"[1, 1, 1, 1, 23, 1]","[1, 1, 23]","[1, 1, 23]","[1, 1, 23]",,True,
89,22872,rx_panda_base,/home/telilab4090/Documents/Gazebo World/my_world/rt_out/experiments/semantic_ablation_actor_200f/sionna_xml/frame_089_sionna.xml,30.0,0.0,0.0,2.4,0.582,0.888,1.195,28000000000.0,24,7.579527228074312e-09,6.382698813922616e-08,5.624746091115185e-08,1.8093547993203174e-08,-77.42476263279276,-47.42476263279276,cir_coefficients_tau_mask,,"[1, 1, 1, 1, 24, 1]","[1, 1, 24]","[1, 1, 24]","[1, 1, 24]",,True,
89,22872,rx_ur5_base,/home/telilab4090/Documents/Gazebo World/my_world/rt_out/experiments/semantic_ablation_actor_200f/sionna_xml/frame_089_sionna.xml,30.0,0.0,0.0,2.4,0.497,-0.841,0.995,28000000000.0,28,5.708055805797585e-09,6.370818539380707e-08,5.8000129588009486e-08,9.248058177036e-07,-60.33949446885674,-30.339494468856742,cir_coefficients_tau_mask,,"[1, 1, 1, 1, 28, 1]","[1, 1, 28]","[1, 1, 28]","[1, 1, 28]",,True,
89,22872,rx_cerberus_base,/home/telilab4090/Documents/Gazebo World/my_world/rt_out/experiments/semantic_ablation_actor_200f/sionna_xml/frame_089_sionna.xml,30.0,0.0,0.0,2.4,4.074,-1.779,0.81,28000000000.0,18,1.574846919538686e-08,5.723669715962387e-08,4.148822796423701e-08,3.621421740263031e-08,-74.4112089556313,-44.411208955631295,cir_coefficients_tau_mask,,"[1, 1, 1, 1, 18, 1]","[1, 1, 18]","[1, 1, 18]","[1, 1, 18]",,True,
89,22872,rx_nao_chest,/home/telilab4090/Documents/Gazebo World/my_world/rt_out/experiments/semantic_ablation_actor_200f/sionna_xml/frame_089_sionna.xml,30.0,0.0,0.0,2.4,-0.1337,2.748,0.7,28000000000.0,21,1.0787783999433032e-08,6.121906892531115e-08,5.043128492587812e-08,7.19556325634585e-08,-71.42935204569841,-41.42935204569841,cir_coefficients_tau_mask,,"[1, 1, 1, 1, 21, 1]","[1, 1, 21]","[1, 1, 21]","[1, 1, 21]",,True,
89,22872,rx_human_chest,/home/telilab4090/Documents/Gazebo World/my_world/rt_out/experiments/semantic_ablation_actor_200f/sionna_xml/frame_089_sionna.xml,30.0,0.0,0.0,2.4,-1.4605,-0.8406,1.6421,28000000000.0,23,6.163341392806387e-09,6.568895827285814e-08,5.952561688005176e-08,2.2439071756252815e-07,-66.48995112633139,-36.48995112633139,cir_coefficients_tau_mask,,"[1, 1, 1, 1, 23, 1]","[1, 1, 23]","[1, 1, 23]","[1, 1, 23]",,True,
89,22872,rx_x500_body,/home/telilab4090/Documents/Gazebo World/my_world/rt_out/experiments/semantic_ablation_actor_200f/sionna_xml/frame_089_sionna.xml,30.0,0.0,0.0,2.4,-3.9279,3.2024,1.3944,28000000000.0,23,1.7234324189985273e-08,7.465505547088469e-08,5.742073128089942e-08,3.3723893011483597e-08,-74.72062297160716,-44.720622971607156,cir_coefficients_tau_mask,,"[1, 1, 1, 1, 23, 1]","[1, 1, 23]","[1, 1, 23]","[1, 1, 23]",,True,
90,23129,rx_panda_base,/home/telilab4090/Documents/Gazebo World/my_world/rt_out/experiments/semantic_ablation_actor_200f/sionna_xml/frame_090_sionna.xml,30.0,0.0,0.0,2.4,0.582,0.888,1.195,28000000000.0,24,7.579527228074312e-09,6.382698813922616e-08,5.624746091115185e-08,1.8093551545916853e-08,-77.42476178004469,-47.42476178004469,cir_coefficients_tau_mask,,"[1, 1, 1, 1, 24, 1]","[1, 1, 24]","[1, 1, 24]","[1, 1, 24]",,True,
90,23129,rx_ur5_base,/home/telilab4090/Documents/Gazebo World/my_world/rt_out/experiments/semantic_ablation_actor_200f/sionna_xml/frame_090_sionna.xml,30.0,0.0,0.0,2.4,0.497,-0.841,0.995,28000000000.0,28,5.708055805797585e-09,6.370818539380707e-08,5.8000129588009486e-08,9.248057608601812e-07,-60.33949473579693,-30.339494735796933,cir_coefficients_tau_mask,,"[1, 1, 1, 1, 28, 1]","[1, 1, 28]","[1, 1, 28]","[1, 1, 28]",,True,
90,23129,rx_cerberus_base,/home/telilab4090/Documents/Gazebo World/my_world/rt_out/experiments/semantic_ablation_actor_200f/sionna_xml/frame_090_sionna.xml,30.0,0.0,0.0,2.4,4.074,-1.779,0.81,28000000000.0,18,1.574846919538686e-08,5.723669715962387e-08,4.148822796423701e-08,3.621421740263031e-08,-74.4112089556313,-44.411208955631295,cir_coefficients_tau_mask,,"[1, 1, 1, 1, 18, 1]","[1, 1, 18]","[1, 1, 18]","[1, 1, 18]",,True,
90,23129,rx_nao_chest,/home/telilab4090/Documents/Gazebo World/my_world/rt_out/experiments/semantic_ablation_actor_200f/sionna_xml/frame_090_sionna.xml,30.0,0.0,0.0,2.4,-0.1337,2.748,0.7,28000000000.0,21,1.0787783999433032e-08,6.121906892531115e-08,5.043128492587812e-08,7.195562545803114e-08,-71.42935247455269,-41.42935247455269,cir_coefficients_tau_mask,,"[1, 1, 1, 1, 21, 1]","[1, 1, 21]","[1, 1, 21]","[1, 1, 21]",,True,
90,23129,rx_human_chest,/home/telilab4090/Documents/Gazebo World/my_world/rt_out/experiments/semantic_ablation_actor_200f/sionna_xml/frame_090_sionna.xml,30.0,0.0,0.0,2.4,-1.4605,-0.8406,1.6421,28000000000.0,23,6.163341392806387e-09,6.568895827285814e-08,5.952561688005176e-08,2.2439071756252815e-07,-66.48995112633139,-36.48995112633139,cir_coefficients_tau_mask,,"[1, 1, 1, 1, 23, 1]","[1, 1, 23]","[1, 1, 23]","[1, 1, 23]",,True,
90,23129,rx_x500_body,/home/telilab4090/Documents/Gazebo World/my_world/rt_out/experiments/semantic_ablation_actor_200f/sionna_xml/frame_090_sionna.xml,30.0,0.0,0.0,2.4,-3.9279,3.2024,1.3944,28000000000.0,23,1.7234324189985273e-08,7.465505547088469e-08,5.742073128089942e-08,3.3723893011483597e-08,-74.72062297160716,-44.720622971607156,cir_coefficients_tau_mask,,"[1, 1, 1, 1, 23, 1]","[1, 1, 23]","[1, 1, 23]","[1, 1, 23]",,True,
91,23386,rx_panda_base,/home/telilab4090/Documents/Gazebo World/my_world/rt_out/experiments/semantic_ablation_actor_200f/sionna_xml/frame_091_sionna.xml,30.0,0.0,0.0,2.4,0.582,0.888,1.195,28000000000.0,24,7.579527228074312e-09,6.382698813922616e-08,5.624746091115185e-08,1.8093547993203174e-08,-77.42476263279276,-47.42476263279276,cir_coefficients_tau_mask,,"[1, 1, 1, 1, 24, 1]","[1, 1, 24]","[1, 1, 24]","[1, 1, 24]",,True,
91,23386,rx_ur5_base,/home/telilab4090/Documents/Gazebo World/my_world/rt_out/experiments/semantic_ablation_actor_200f/sionna_xml/frame_091_sionna.xml,30.0,0.0,0.0,2.4,0.497,-0.841,0.995,28000000000.0,28,5.708055805797585e-09,6.370818539380707e-08,5.8000129588009486e-08,9.248058177036e-07,-60.33949446885674,-30.339494468856742,cir_coefficients_tau_mask,,"[1, 1, 1, 1, 28, 1]","[1, 1, 28]","[1, 1, 28]","[1, 1, 28]",,True,
91,23386,rx_cerberus_base,/home/telilab4090/Documents/Gazebo World/my_world/rt_out/experiments/semantic_ablation_actor_200f/sionna_xml/frame_091_sionna.xml,30.0,0.0,0.0,2.4,4.074,-1.779,0.81,28000000000.0,18,1.574846919538686e-08,5.723669715962387e-08,4.148822796423701e-08,3.621421384991663e-08,-74.41120938168608,-44.41120938168608,cir_coefficients_tau_mask,,"[1, 1, 1, 1, 18, 1]","[1, 1, 18]","[1, 1, 18]","[1, 1, 18]",,True,
91,23386,rx_nao_chest,/home/telilab4090/Documents/Gazebo World/my_world/rt_out/experiments/semantic_ablation_actor_200f/sionna_xml/frame_091_sionna.xml,30.0,0.0,0.0,2.4,-0.1337,2.748,0.7,28000000000.0,22,1.0787783999433032e-08,6.121906892531115e-08,5.043128492587812e-08,7.234666554722935e-08,-71.40581480686065,-41.40581480686065,cir_coefficients_tau_mask,,"[1, 1, 1, 1, 22, 1]","[1, 1, 22]","[1, 1, 22]","[1, 1, 22]",,True,
91,23386,rx_human_chest,/home/telilab4090/Documents/Gazebo World/my_world/rt_out/experiments/semantic_ablation_actor_200f/sionna_xml/frame_091_sionna.xml,30.0,0.0,0.0,2.4,-1.4605,-0.8406,1.6421,28000000000.0,23,6.163341392806387e-09,6.568895827285814e-08,5.952561688005176e-08,2.2439070335167344e-07,-66.48995140137379,-36.48995140137379,cir_coefficients_tau_mask,,"[1, 1, 1, 1, 23, 1]","[1, 1, 23]","[1, 1, 23]","[1, 1, 23]",,True,
91,23386,rx_x500_body,/home/telilab4090/Documents/Gazebo World/my_world/rt_out/experiments/semantic_ablation_actor_200f/sionna_xml/frame_091_sionna.xml,30.0,0.0,0.0,2.4,-3.9279,3.2024,1.3944,28000000000.0,23,1.7234324189985273e-08,7.465505547088469e-08,5.742073128089942e-08,3.372388590605624e-08,-74.72062388664037,-44.72062388664037,cir_coefficients_tau_mask,,"[1, 1, 1, 1, 23, 1]","[1, 1, 23]","[1, 1, 23]","[1, 1, 23]",,True,
92,23643,rx_panda_base,/home/telilab4090/Documents/Gazebo World/my_world/rt_out/experiments/semantic_ablation_actor_200f/sionna_xml/frame_092_sionna.xml,30.0,0.0,0.0,2.4,0.582,0.888,1.195,28000000000.0,23,7.579527228074312e-09,6.284866316264015e-08,5.526913593456584e-08,1.8049712835477294e-08,-77.43529703174372,-47.435297031743715,cir_coefficients_tau_mask,,"[1, 1, 1, 1, 23, 1]","[1, 1, 23]","[1, 1, 23]","[1, 1, 23]",,True,
92,23643,rx_ur5_base,/home/telilab4090/Documents/Gazebo World/my_world/rt_out/experiments/semantic_ablation_actor_200f/sionna_xml/frame_092_sionna.xml,30.0,0.0,0.0,2.4,0.497,-0.841,0.995,28000000000.0,28,5.708055805797585e-09,6.370818539380707e-08,5.8000129588009486e-08,9.246226113646117e-07,-60.340354902286684,-30.340354902286684,cir_coefficients_tau_mask,,"[1, 1, 1, 1, 28, 1]","[1, 1, 28]","[1, 1, 28]","[1, 1, 28]",,True,
92,23643,rx_cerberus_base,/home/telilab4090/Documents/Gazebo World/my_world/rt_out/experiments/semantic_ablation_actor_200f/sionna_xml/frame_092_sionna.xml,30.0,0.0,0.0,2.4,4.074,-1.779,0.81,28000000000.0,18,1.574846919538686e-08,5.723669715962387e-08,4.148822796423701e-08,3.621421740263031e-08,-74.4112089556313,-44.411208955631295,cir_coefficients_tau_mask,,"[1, 1, 1, 1, 18, 1]","[1, 1, 18]","[1, 1, 18]","[1, 1, 18]",,True,
92,23643,rx_nao_chest,/home/telilab4090/Documents/Gazebo World/my_world/rt_out/experiments/semantic_ablation_actor_200f/sionna_xml/frame_092_sionna.xml,30.0,0.0,0.0,2.4,-0.1337,2.748,0.7,28000000000.0,21,1.0787783999433032e-08,6.121905471445643e-08,5.04312707150234e-08,7.233764875991255e-08,-71.40635611515658,-41.40635611515658,cir_coefficients_tau_mask,,"[1, 1, 1, 1, 21, 1]","[1, 1, 21]","[1, 1, 21]","[1, 1, 21]",,True,
92,23643,rx_human_chest,/home/telilab4090/Documents/Gazebo World/my_world/rt_out/experiments/semantic_ablation_actor_200f/sionna_xml/frame_092_sionna.xml,30.0,0.0,0.0,2.4,-1.4605,-0.8406,1.6421,28000000000.0,23,6.163341392806387e-09,6.568895827285814e-08,5.952561688005176e-08,2.2439071756252815e-07,-66.48995112633139,-36.48995112633139,cir_coefficients_tau_mask,,"[1, 1, 1, 1, 23, 1]","[1, 1, 23]","[1, 1, 23]","[1, 1, 23]",,True,
92,23643,rx_x500_body,/home/telilab4090/Documents/Gazebo World/my_world/rt_out/experiments/semantic_ablation_actor_200f/sionna_xml/frame_092_sionna.xml,30.0,0.0,0.0,2.4,-3.9279,3.2024,1.3944,28000000000.0,23,1.7234324189985273e-08,7.465505547088469e-08,5.742073128089942e-08,3.372388945876992e-08,-74.72062342912375,-44.72062342912375,cir_coefficients_tau_mask,,"[1, 1, 1, 1, 23, 1]","[1, 1, 23]","[1, 1, 23]","[1, 1, 23]",,True,
93,23900,rx_panda_base,/home/telilab4090/Documents/Gazebo World/my_world/rt_out/experiments/semantic_ablation_actor_200f/sionna_xml/frame_093_sionna.xml,30.0,0.0,0.0,2.4,0.582,0.888,1.195,28000000000.0,23,7.579527228074312e-09,6.284866316264015e-08,5.526913593456584e-08,1.8049711059120455e-08,-77.4352974591533,-47.435297459153304,cir_coefficients_tau_mask,,"[1, 1, 1, 1, 23, 1]","[1, 1, 23]","[1, 1, 23]","[1, 1, 23]",,True,
93,23900,rx_ur5_base,/home/telilab4090/Documents/Gazebo World/my_world/rt_out/experiments/semantic_ablation_actor_200f/sionna_xml/frame_093_sionna.xml,30.0,0.0,0.0,2.4,0.497,-0.841,0.995,28000000000.0,28,5.708055805797585e-09,6.370818539380707e-08,5.8000129588009486e-08,9.246225545211928e-07,-60.34035516927976,-30.34035516927976,cir_coefficients_tau_mask,,"[1, 1, 1, 1, 28, 1]","[1, 1, 28]","[1, 1, 28]","[1, 1, 28]",,True,
93,23900,rx_cerberus_base,/home/telilab4090/Documents/Gazebo World/my_world/rt_out/experiments/semantic_ablation_actor_200f/sionna_xml/frame_093_sionna.xml,30.0,0.0,0.0,2.4,4.074,-1.779,0.81,28000000000.0,18,1.574846919538686e-08,5.723669715962387e-08,4.148822796423701e-08,3.621421384991663e-08,-74.41120938168608,-44.41120938168608,cir_coefficients_tau_mask,,"[1, 1, 1, 1, 18, 1]","[1, 1, 18]","[1, 1, 18]","[1, 1, 18]",,True,
93,23900,rx_nao_chest,/home/telilab4090/Documents/Gazebo World/my_world/rt_out/experiments/semantic_ablation_actor_200f/sionna_xml/frame_093_sionna.xml,30.0,0.0,0.0,2.4,-0.1337,2.748,0.7,28000000000.0,21,1.0787783999433032e-08,6.121906181988379e-08,5.043127782045076e-08,7.233764875991255e-08,-71.40635611515658,-41.40635611515658,cir_coefficients_tau_mask,,"[1, 1, 1, 1, 21, 1]","[1, 1, 21]","[1, 1, 21]","[1, 1, 21]",,True,
93,23900,rx_human_chest,/home/telilab4090/Documents/Gazebo World/my_world/rt_out/experiments/semantic_ablation_actor_200f/sionna_xml/frame_093_sionna.xml,30.0,0.0,0.0,2.4,-1.4605,-0.8406,1.6421,28000000000.0,23,6.163341392806387e-09,6.568895827285814e-08,5.952561688005176e-08,2.2439070335167344e-07,-66.48995140137379,-36.48995140137379,cir_coefficients_tau_mask,,"[1, 1, 1, 1, 23, 1]","[1, 1, 23]","[1, 1, 23]","[1, 1, 23]",,True,
93,23900,rx_x500_body,/home/telilab4090/Documents/Gazebo World/my_world/rt_out/experiments/semantic_ablation_actor_200f/sionna_xml/frame_093_sionna.xml,30.0,0.0,0.0,2.4,-3.9279,3.2024,1.3944,28000000000.0,23,1.7234324189985273e-08,7.465505547088469e-08,5.742073128089942e-08,3.372388945876992e-08,-74.72062342912375,-44.72062342912375,cir_coefficients_tau_mask,,"[1, 1, 1, 1, 23, 1]","[1, 1, 23]","[1, 1, 23]","[1, 1, 23]",,True,
94,24157,rx_panda_base,/home/telilab4090/Documents/Gazebo World/my_world/rt_out/experiments/semantic_ablation_actor_200f/sionna_xml/frame_094_sionna.xml,30.0,0.0,0.0,2.4,0.582,0.888,1.195,28000000000.0,21,7.579527228074312e-09,6.284866316264015e-08,5.526913593456584e-08,1.8028066151032363e-08,-77.44050857025753,-47.440508570257535,cir_coefficients_tau_mask,,"[1, 1, 1, 1, 21, 1]","[1, 1, 21]","[1, 1, 21]","[1, 1, 21]",,True,
94,24157,rx_ur5_base,/home/telilab4090/Documents/Gazebo World/my_world/rt_out/experiments/semantic_ablation_actor_200f/sionna_xml/frame_094_sionna.xml,30.0,0.0,0.0,2.4,0.497,-0.841,0.995,28000000000.0,28,5.708055805797585e-09,6.370818539380707e-08,5.8000129588009486e-08,9.246225545211928e-07,-60.34035516927976,-30.34035516927976,cir_coefficients_tau_mask,,"[1, 1, 1, 1, 28, 1]","[1, 1, 28]","[1, 1, 28]","[1, 1, 28]",,True,
94,24157,rx_cerberus_base,/home/telilab4090/Documents/Gazebo World/my_world/rt_out/experiments/semantic_ablation_actor_200f/sionna_xml/frame_094_sionna.xml,30.0,0.0,0.0,2.4,4.074,-1.779,0.81,28000000000.0,18,1.574846919538686e-08,5.723669715962387e-08,4.148822796423701e-08,3.621421384991663e-08,-74.41120938168608,-44.41120938168608,cir_coefficients_tau_mask,,"[1, 1, 1, 1, 18, 1]","[1, 1, 18]","[1, 1, 18]","[1, 1, 18]",,True,
94,24157,rx_nao_chest,/home/telilab4090/Documents/Gazebo World/my_world/rt_out/experiments/semantic_ablation_actor_200f/sionna_xml/frame_094_sionna.xml,30.0,0.0,0.0,2.4,-0.1337,2.748,0.7,28000000000.0,21,1.0787783999433032e-08,6.121905471445643e-08,5.04312707150234e-08,7.23376416544852e-08,-71.40635654174606,-41.406356541746064,cir_coefficients_tau_mask,,"[1, 1, 1, 1, 21, 1]","[1, 1, 21]","[1, 1, 21]","[1, 1, 21]",,True,
94,24157,rx_human_chest,/home/telilab4090/Documents/Gazebo World/my_world/rt_out/experiments/semantic_ablation_actor_200f/sionna_xml/frame_094_sionna.xml,30.0,0.0,0.0,2.4,-1.4605,-0.8406,1.6421,28000000000.0,23,6.163341392806387e-09,6.568895827285814e-08,5.952561688005176e-08,2.2439071756252815e-07,-66.48995112633139,-36.48995112633139,cir_coefficients_tau_mask,,"[1, 1, 1, 1, 23, 1]","[1, 1, 23]","[1, 1, 23]","[1, 1, 23]",,True,
94,24157,rx_x500_body,/home/telilab4090/Documents/Gazebo World/my_world/rt_out/experiments/semantic_ablation_actor_200f/sionna_xml/frame_094_sionna.xml,30.0,0.0,0.0,2.4,-3.9279,3.2024,1.3944,28000000000.0,23,1.7234324189985273e-08,7.465505547088469e-08,5.742073128089942e-08,3.372388945876992e-08,-74.72062342912375,-44.72062342912375,cir_coefficients_tau_mask,,"[1, 1, 1, 1, 23, 1]","[1, 1, 23]","[1, 1, 23]","[1, 1, 23]",,True,
95,24414,rx_panda_base,/home/telilab4090/Documents/Gazebo World/my_world/rt_out/experiments/semantic_ablation_actor_200f/sionna_xml/frame_095_sionna.xml,30.0,0.0,0.0,2.4,0.582,0.888,1.195,28000000000.0,21,7.579527228074312e-09,6.284866316264015e-08,5.526913593456584e-08,1.8028067927389202e-08,-77.4405081423348,-47.44050814233481,cir_coefficients_tau_mask,,"[1, 1, 1, 1, 21, 1]","[1, 1, 21]","[1, 1, 21]","[1, 1, 21]",,True,
95,24414,rx_ur5_base,/home/telilab4090/Documents/Gazebo World/my_world/rt_out/experiments/semantic_ablation_actor_200f/sionna_xml/frame_095_sionna.xml,30.0,0.0,0.0,2.4,0.497,-0.841,0.995,28000000000.0,27,5.708055805797585e-09,6.370818539380707e-08,5.8000129588009486e-08,9.244969874089293e-07,-60.34094499706333,-30.340944997063332,cir_coefficients_tau_mask,,"[1, 1, 1, 1, 27, 1]","[1, 1, 27]","[1, 1, 27]","[1, 1, 27]",,True,
95,24414,rx_cerberus_base,/home/telilab4090/Documents/Gazebo World/my_world/rt_out/experiments/semantic_ablation_actor_200f/sionna_xml/frame_095_sionna.xml,30.0,0.0,0.0,2.4,4.074,-1.779,0.81,28000000000.0,18,1.574846919538686e-08,5.723669715962387e-08,4.148822796423701e-08,3.621421740263031e-08,-74.4112089556313,-44.411208955631295,cir_coefficients_tau_mask,,"[1, 1, 1, 1, 18, 1]","[1, 1, 18]","[1, 1, 18]","[1, 1, 18]",,True,
95,24414,rx_nao_chest,/home/telilab4090/Documents/Gazebo World/my_world/rt_out/experiments/semantic_ablation_actor_200f/sionna_xml/frame_095_sionna.xml,30.0,0.0,0.0,2.4,-0.1337,2.748,0.7,28000000000.0,21,1.0787783999433032e-08,6.209720737615498e-08,5.130942337672195e-08,7.193381890147066e-08,-71.43066882785408,-41.43066882785408,cir_coefficients_tau_mask,,"[1, 1, 1, 1, 21, 1]","[1, 1, 21]","[1, 1, 21]","[1, 1, 21]",,True,
95,24414,rx_human_chest,/home/telilab4090/Documents/Gazebo World/my_world/rt_out/experiments/semantic_ablation_actor_200f/sionna_xml/frame_095_sionna.xml,30.0,0.0,0.0,2.4,-1.4605,-0.8406,1.6421,28000000000.0,23,6.163341392806387e-09,6.568895827285814e-08,5.952561688005176e-08,2.2439070335167344e-07,-66.48995140137379,-36.48995140137379,cir_coefficients_tau_mask,,"[1, 1, 1, 1, 23, 1]","[1, 1, 23]","[1, 1, 23]","[1, 1, 23]",,True,
95,24414,rx_x500_body,/home/telilab4090/Documents/Gazebo World/my_world/rt_out/experiments/semantic_ablation_actor_200f/sionna_xml/frame_095_sionna.xml,30.0,0.0,0.0,2.4,-3.9279,3.2024,1.3944,28000000000.0,23,1.7234324189985273e-08,7.465505547088469e-08,5.742073128089942e-08,3.3723893011483597e-08,-74.72062297160716,-44.720622971607156,cir_coefficients_tau_mask,,"[1, 1, 1, 1, 23, 1]","[1, 1, 23]","[1, 1, 23]","[1, 1, 23]",,True,
96,24671,rx_panda_base,/home/telilab4090/Documents/Gazebo World/my_world/rt_out/experiments/semantic_ablation_actor_200f/sionna_xml/frame_096_sionna.xml,30.0,0.0,0.0,2.4,0.582,0.888,1.195,28000000000.0,21,7.579527228074312e-09,6.284866316264015e-08,5.526913593456584e-08,1.8028064374675523e-08,-77.44050899818032,-47.44050899818032,cir_coefficients_tau_mask,,"[1, 1, 1, 1, 21, 1]","[1, 1, 21]","[1, 1, 21]","[1, 1, 21]",,True,
96,24671,rx_ur5_base,/home/telilab4090/Documents/Gazebo World/my_world/rt_out/experiments/semantic_ablation_actor_200f/sionna_xml/frame_096_sionna.xml,30.0,0.0,0.0,2.4,0.497,-0.841,0.995,28000000000.0,27,5.708055805797585e-09,6.370818539380707e-08,5.8000129588009486e-08,9.242134524356516e-07,-60.3422771437601,-30.3422771437601,cir_coefficients_tau_mask,,"[1, 1, 1, 1, 27, 1]","[1, 1, 27]","[1, 1, 27]","[1, 1, 27]",,True,
96,24671,rx_cerberus_base,/home/telilab4090/Documents/Gazebo World/my_world/rt_out/experiments/semantic_ablation_actor_200f/sionna_xml/frame_096_sionna.xml,30.0,0.0,0.0,2.4,4.074,-1.779,0.81,28000000000.0,18,1.574846919538686e-08,5.723669715962387e-08,4.148822796423701e-08,3.621421384991663e-08,-74.41120938168608,-44.41120938168608,cir_coefficients_tau_mask,,"[1, 1, 1, 1, 18, 1]","[1, 1, 18]","[1, 1, 18]","[1, 1, 18]",,True,
96,24671,rx_nao_chest,/home/telilab4090/Documents/Gazebo World/my_world/rt_out/experiments/semantic_ablation_actor_200f/sionna_xml/frame_096_sionna.xml,30.0,0.0,0.0,2.4,-0.1337,2.748,0.7,28000000000.0,22,1.0787783999433032e-08,6.209720737615498e-08,5.130942337672195e-08,7.234383758714102e-08,-71.40598457162544,-41.40598457162544,cir_coefficients_tau_mask,,"[1, 1, 1, 1, 22, 1]","[1, 1, 22]","[1, 1, 22]","[1, 1, 22]",,True,
96,24671,rx_human_chest,/home/telilab4090/Documents/Gazebo World/my_world/rt_out/experiments/semantic_ablation_actor_200f/sionna_xml/frame_096_sionna.xml,30.0,0.0,0.0,2.4,-1.4605,-0.8406,1.6421,28000000000.0,23,6.163341392806387e-09,6.568895827285814e-08,5.952561688005176e-08,2.2439071756252815e-07,-66.48995112633139,-36.48995112633139,cir_coefficients_tau_mask,,"[1, 1, 1, 1, 23, 1]","[1, 1, 23]","[1, 1, 23]","[1, 1, 23]",,True,
96,24671,rx_x500_body,/home/telilab4090/Documents/Gazebo World/my_world/rt_out/experiments/semantic_ablation_actor_200f/sionna_xml/frame_096_sionna.xml,30.0,0.0,0.0,2.4,-3.9279,3.2024,1.3944,28000000000.0,22,1.7234324189985273e-08,7.465505547088469e-08,5.742073128089942e-08,3.371401291474285e-08,-74.72189551157321,-44.72189551157321,cir_coefficients_tau_mask,,"[1, 1, 1, 1, 22, 1]","[1, 1, 22]","[1, 1, 22]","[1, 1, 22]",,True,
97,24928,rx_panda_base,/home/telilab4090/Documents/Gazebo World/my_world/rt_out/experiments/semantic_ablation_actor_200f/sionna_xml/frame_097_sionna.xml,30.0,0.0,0.0,2.4,0.582,0.888,1.195,28000000000.0,23,7.579527228074312e-09,6.284866316264015e-08,5.526913593456584e-08,1.8104124421824963e-08,-77.42222474324741,-47.42222474324741,cir_coefficients_tau_mask,,"[1, 1, 1, 1, 23, 1]","[1, 1, 23]","[1, 1, 23]","[1, 1, 23]",,True,
97,24928,rx_ur5_base,/home/telilab4090/Documents/Gazebo World/my_world/rt_out/experiments/semantic_ablation_actor_200f/sionna_xml/frame_097_sionna.xml,30.0,0.0,0.0,2.4,0.497,-0.841,0.995,28000000000.0,27,5.708055805797585e-09,6.370818539380707e-08,5.8000129588009486e-08,9.243208296538796e-07,-60.34177259987512,-30.34177259987512,cir_coefficients_tau_mask,,"[1, 1, 1, 1, 27, 1]","[1, 1, 27]","[1, 1, 27]","[1, 1, 27]",,True,
97,24928,rx_cerberus_base,/home/telilab4090/Documents/Gazebo World/my_world/rt_out/experiments/semantic_ablation_actor_200f/sionna_xml/frame_097_sionna.xml,30.0,0.0,0.0,2.4,4.074,-1.779,0.81,28000000000.0,18,1.574846919538686e-08,5.723669715962387e-08,4.148822796423701e-08,3.621421384991663e-08,-74.41120938168608,-44.41120938168608,cir_coefficients_tau_mask,,"[1, 1, 1, 1, 18, 1]","[1, 1, 18]","[1, 1, 18]","[1, 1, 18]",,True,
97,24928,rx_nao_chest,/home/telilab4090/Documents/Gazebo World/my_world/rt_out/experiments/semantic_ablation_actor_200f/sionna_xml/frame_097_sionna.xml,30.0,0.0,0.0,2.4,-0.1337,2.748,0.7,28000000000.0,23,1.0787783999433032e-08,6.209720737615498e-08,5.130942337672195e-08,7.235285437445782e-08,-71.40544330963414,-41.40544330963414,cir_coefficients_tau_mask,,"[1, 1, 1, 1, 23, 1]","[1, 1, 23]","[1, 1, 23]","[1, 1, 23]",,True,
97,24928,rx_human_chest,/home/telilab4090/Documents/Gazebo World/my_world/rt_out/experiments/semantic_ablation_actor_200f/sionna_xml/frame_097_sionna.xml,30.0,0.0,0.0,2.4,-1.4605,-0.8406,1.6421,28000000000.0,23,6.163341392806387e-09,6.568895827285814e-08,5.952561688005176e-08,2.2439070335167344e-07,-66.48995140137379,-36.48995140137379,cir_coefficients_tau_mask,,"[1, 1, 1, 1, 23, 1]","[1, 1, 23]","[1, 1, 23]","[1, 1, 23]",,True,
97,24928,rx_x500_body,/home/telilab4090/Documents/Gazebo World/my_world/rt_out/experiments/semantic_ablation_actor_200f/sionna_xml/frame_097_sionna.xml,30.0,0.0,0.0,2.4,-3.9279,3.2024,1.3944,28000000000.0,23,1.7234324189985273e-08,7.465505547088469e-08,5.742073128089942e-08,3.3723893011483597e-08,-74.72062297160716,-44.720622971607156,cir_coefficients_tau_mask,,"[1, 1, 1, 1, 23, 1]","[1, 1, 23]","[1, 1, 23]","[1, 1, 23]",,True,
98,25185,rx_panda_base,/home/telilab4090/Documents/Gazebo World/my_world/rt_out/experiments/semantic_ablation_actor_200f/sionna_xml/frame_098_sionna.xml,30.0,0.0,0.0,2.4,0.582,0.888,1.195,28000000000.0,23,7.579527228074312e-09,6.284866316264015e-08,5.526913593456584e-08,1.808245286838428e-08,-77.42742658210788,-47.427426582107884,cir_coefficients_tau_mask,,"[1, 1, 1, 1, 23, 1]","[1, 1, 23]","[1, 1, 23]","[1, 1, 23]",,True,
98,25185,rx_ur5_base,/home/telilab4090/Documents/Gazebo World/my_world/rt_out/experiments/semantic_ablation_actor_200f/sionna_xml/frame_098_sionna.xml,30.0,0.0,0.0,2.4,0.497,-0.841,0.995,28000000000.0,24,5.708055805797585e-09,5.930293767164585e-08,5.3594881865848265e-08,9.242396004083275e-07,-60.34215427431282,-30.34215427431282,cir_coefficients_tau_mask,,"[1, 1, 1, 1, 24, 1]","[1, 1, 24]","[1, 1, 24]","[1, 1, 24]",,True,
98,25185,rx_cerberus_base,/home/telilab4090/Documents/Gazebo World/my_world/rt_out/experiments/semantic_ablation_actor_200f/sionna_xml/frame_098_sionna.xml,30.0,0.0,0.0,2.4,4.074,-1.779,0.81,28000000000.0,18,1.574846919538686e-08,5.723669715962387e-08,4.148822796423701e-08,3.621421740263031e-08,-74.4112089556313,-44.411208955631295,cir_coefficients_tau_mask,,"[1, 1, 1, 1, 18, 1]","[1, 1, 18]","[1, 1, 18]","[1, 1, 18]",,True,
98,25185,rx_nao_chest,/home/telilab4090/Documents/Gazebo World/my_world/rt_out/experiments/semantic_ablation_actor_200f/sionna_xml/frame_098_sionna.xml,30.0,0.0,0.0,2.4,-0.1337,2.748,0.7,28000000000.0,23,1.0787783999433032e-08,6.209720737615498e-08,5.130942337672195e-08,7.235285437445782e-08,-71.40544330963414,-41.40544330963414,cir_coefficients_tau_mask,,"[1, 1, 1, 1, 23, 1]","[1, 1, 23]","[1, 1, 23]","[1, 1, 23]",,True,
98,25185,rx_human_chest,/home/telilab4090/Documents/Gazebo World/my_world/rt_out/experiments/semantic_ablation_actor_200f/sionna_xml/frame_098_sionna.xml,30.0,0.0,0.0,2.4,-1.4605,-0.8406,1.6421,28000000000.0,23,6.163341392806387e-09,6.568895827285814e-08,5.952561688005176e-08,2.2439071756252815e-07,-66.48995112633139,-36.48995112633139,cir_coefficients_tau_mask,,"[1, 1, 1, 1, 23, 1]","[1, 1, 23]","[1, 1, 23]","[1, 1, 23]",,True,
98,25185,rx_x500_body,/home/telilab4090/Documents/Gazebo World/my_world/rt_out/experiments/semantic_ablation_actor_200f/sionna_xml/frame_098_sionna.xml,30.0,0.0,0.0,2.4,-3.9279,3.2024,1.3944,28000000000.0,23,1.7234324189985273e-08,7.465505547088469e-08,5.742073128089942e-08,3.3723893011483597e-08,-74.72062297160716,-44.720622971607156,cir_coefficients_tau_mask,,"[1, 1, 1, 1, 23, 1]","[1, 1, 23]","[1, 1, 23]","[1, 1, 23]",,True,
99,25442,rx_panda_base,/home/telilab4090/Documents/Gazebo World/my_world/rt_out/experiments/semantic_ablation_actor_200f/sionna_xml/frame_099_sionna.xml,30.0,0.0,0.0,2.4,0.582,0.888,1.195,28000000000.0,23,7.579527228074312e-09,6.284866316264015e-08,5.526913593456584e-08,1.808245464474112e-08,-77.42742615547222,-47.42742615547222,cir_coefficients_tau_mask,,"[1, 1, 1, 1, 23, 1]","[1, 1, 23]","[1, 1, 23]","[1, 1, 23]",,True,
99,25442,rx_ur5_base,/home/telilab4090/Documents/Gazebo World/my_world/rt_out/experiments/semantic_ablation_actor_200f/sionna_xml/frame_099_sionna.xml,30.0,0.0,0.0,2.4,0.497,-0.841,0.995,28000000000.0,26,5.708055805797585e-09,5.930293767164585e-08,5.3594881865848265e-08,9.24333335206029e-07,-60.341713842619214,-30.341713842619214,cir_coefficients_tau_mask,,"[1, 1, 1, 1, 26, 1]","[1, 1, 26]","[1, 1, 26]","[1, 1, 26]",,True,
99,25442,rx_cerberus_base,/home/telilab4090/Documents/Gazebo World/my_world/rt_out/experiments/semantic_ablation_actor_200f/sionna_xml/frame_099_sionna.xml,30.0,0.0,0.0,2.4,4.074,-1.779,0.81,28000000000.0,18,1.574846919538686e-08,5.723669715962387e-08,4.148822796423701e-08,3.621421384991663e-08,-74.41120938168608,-44.41120938168608,cir_coefficients_tau_mask,,"[1, 1, 1, 1, 18, 1]","[1, 1, 18]","[1, 1, 18]","[1, 1, 18]",,True,
99,25442,rx_nao_chest,/home/telilab4090/Documents/Gazebo World/my_world/rt_out/experiments/semantic_ablation_actor_200f/sionna_xml/frame_099_sionna.xml,30.0,0.0,0.0,2.4,-0.1337,2.748,0.7,28000000000.0,23,1.0787783999433032e-08,6.209720737615498e-08,5.130942337672195e-08,7.235284726903046e-08,-71.40544373613398,-41.405443736133975,cir_coefficients_tau_mask,,"[1, 1, 1, 1, 23, 1]","[1, 1, 23]","[1, 1, 23]","[1, 1, 23]",,True,
99,25442,rx_human_chest,/home/telilab4090/Documents/Gazebo World/my_world/rt_out/experiments/semantic_ablation_actor_200f/sionna_xml/frame_099_sionna.xml,30.0,0.0,0.0,2.4,-1.4605,-0.8406,1.6421,28000000000.0,23,6.163341392806387e-09,6.568895827285814e-08,5.952561688005176e-08,2.2439071756252815e-07,-66.48995112633139,-36.48995112633139,cir_coefficients_tau_mask,,"[1, 1, 1, 1, 23, 1]","[1, 1, 23]","[1, 1, 23]","[1, 1, 23]",,True,
99,25442,rx_x500_body,/home/telilab4090/Documents/Gazebo World/my_world/rt_out/experiments/semantic_ablation_actor_200f/sionna_xml/frame_099_sionna.xml,30.0,0.0,0.0,2.4,-3.9279,3.2024,1.3944,28000000000.0,23,1.7234324189985273e-08,7.465505547088469e-08,5.742073128089942e-08,3.372388590605624e-08,-74.72062388664037,-44.72062388664037,cir_coefficients_tau_mask,,"[1, 1, 1, 1, 23, 1]","[1, 1, 23]","[1, 1, 23]","[1, 1, 23]",,True,
100,25698,rx_panda_base,/home/telilab4090/Documents/Gazebo World/my_world/rt_out/experiments/semantic_ablation_actor_200f/sionna_xml/frame_100_sionna.xml,30.0,0.0,0.0,2.4,0.582,0.888,1.195,28000000000.0,23,7.579527228074312e-09,6.284866316264015e-08,5.526913593456584e-08,1.808245286838428e-08,-77.42742658210788,-47.427426582107884,cir_coefficients_tau_mask,,"[1, 1, 1, 1, 23, 1]","[1, 1, 23]","[1, 1, 23]","[1, 1, 23]",,True,
100,25698,rx_ur5_base,/home/telilab4090/Documents/Gazebo World/my_world/rt_out/experiments/semantic_ablation_actor_200f/sionna_xml/frame_100_sionna.xml,30.0,0.0,0.0,2.4,0.497,-0.841,0.995,28000000000.0,17,2.8585452227503083e-08,5.930293767164585e-08,3.071748544414277e-08,1.5416482535002274e-09,-88.12014704747963,-58.120147047479634,cir_coefficients_tau_mask,,"[1, 1, 1, 1, 17, 1]","[1, 1, 17]","[1, 1, 17]","[1, 1, 17]",,True,
100,25698,rx_cerberus_base,/home/telilab4090/Documents/Gazebo World/my_world/rt_out/experiments/semantic_ablation_actor_200f/sionna_xml/frame_100_sionna.xml,30.0,0.0,0.0,2.4,4.074,-1.779,0.81,28000000000.0,18,1.574846919538686e-08,5.723669715962387e-08,4.148822796423701e-08,3.621421384991663e-08,-74.41120938168608,-44.41120938168608,cir_coefficients_tau_mask,,"[1, 1, 1, 1, 18, 1]","[1, 1, 18]","[1, 1, 18]","[1, 1, 18]",,True,
100,25698,rx_nao_chest,/home/telilab4090/Documents/Gazebo World/my_world/rt_out/experiments/semantic_ablation_actor_200f/sionna_xml/frame_100_sionna.xml,30.0,0.0,0.0,2.4,-0.1337,2.748,0.7,28000000000.0,24,1.0787783999433032e-08,6.209720737615498e-08,5.130942337672195e-08,7.266184809395781e-08,-71.38693560412185,-41.386935604121845,cir_coefficients_tau_mask,,"[1, 1, 1, 1, 24, 1]","[1, 1, 24]","[1, 1, 24]","[1, 1, 24]",,True,
100,25698,rx_human_chest,/home/telilab4090/Documents/Gazebo World/my_world/rt_out/experiments/semantic_ablation_actor_200f/sionna_xml/frame_100_sionna.xml,30.0,0.0,0.0,2.4,-1.4605,-0.8406,1.6421,28000000000.0,23,6.163341392806387e-09,6.568895827285814e-08,5.952561688005176e-08,2.2439070335167344e-07,-66.48995140137379,-36.48995140137379,cir_coefficients_tau_mask,,"[1, 1, 1, 1, 23, 1]","[1, 1, 23]","[1, 1, 23]","[1, 1, 23]",,True,
100,25698,rx_x500_body,/home/telilab4090/Documents/Gazebo World/my_world/rt_out/experiments/semantic_ablation_actor_200f/sionna_xml/frame_100_sionna.xml,30.0,0.0,0.0,2.4,-3.9279,3.2024,1.3944,28000000000.0,22,1.7234324189985273e-08,7.465505547088469e-08,5.742073128089942e-08,3.371401646745653e-08,-74.7218950539226,-44.721895053922594,cir_coefficients_tau_mask,,"[1, 1, 1, 1, 22, 1]","[1, 1, 22]","[1, 1, 22]","[1, 1, 22]",,True,
101,25955,rx_panda_base,/home/telilab4090/Documents/Gazebo World/my_world/rt_out/experiments/semantic_ablation_actor_200f/sionna_xml/frame_101_sionna.xml,30.0,0.0,0.0,2.4,0.582,0.888,1.195,28000000000.0,23,7.579527228074312e-09,6.284866316264015e-08,5.526913593456584e-08,1.808245286838428e-08,-77.42742658210788,-47.427426582107884,cir_coefficients_tau_mask,,"[1, 1, 1, 1, 23, 1]","[1, 1, 23]","[1, 1, 23]","[1, 1, 23]",,True,
101,25955,rx_ur5_base,/home/telilab4090/Documents/Gazebo World/my_world/rt_out/experiments/semantic_ablation_actor_200f/sionna_xml/frame_101_sionna.xml,30.0,0.0,0.0,2.4,0.497,-0.841,0.995,28000000000.0,16,2.8585452227503083e-08,5.930293767164585e-08,3.071748544414277e-08,1.5044140377895587e-09,-88.22632622799426,-58.226326227994264,cir_coefficients_tau_mask,,"[1, 1, 1, 1, 16, 1]","[1, 1, 16]","[1, 1, 16]","[1, 1, 16]",,True,
101,25955,rx_cerberus_base,/home/telilab4090/Documents/Gazebo World/my_world/rt_out/experiments/semantic_ablation_actor_200f/sionna_xml/frame_101_sionna.xml,30.0,0.0,0.0,2.4,4.074,-1.779,0.81,28000000000.0,18,1.574846919538686e-08,5.723669715962387e-08,4.148822796423701e-08,3.621421384991663e-08,-74.41120938168608,-44.41120938168608,cir_coefficients_tau_mask,,"[1, 1, 1, 1, 18, 1]","[1, 1, 18]","[1, 1, 18]","[1, 1, 18]",,True,
101,25955,rx_nao_chest,/home/telilab4090/Documents/Gazebo World/my_world/rt_out/experiments/semantic_ablation_actor_200f/sionna_xml/frame_101_sionna.xml,30.0,0.0,0.0,2.4,-0.1337,2.748,0.7,28000000000.0,24,1.0787783999433032e-08,6.209720737615498e-08,5.130942337672195e-08,7.249248312746204e-08,-71.39707023849851,-41.397070238498515,cir_coefficients_tau_mask,,"[1, 1, 1, 1, 24, 1]","[1, 1, 24]","[1, 1, 24]","[1, 1, 24]",,True,
101,25955,rx_human_chest,/home/telilab4090/Documents/Gazebo World/my_world/rt_out/experiments/semantic_ablation_actor_200f/sionna_xml/frame_101_sionna.xml,30.0,0.0,0.0,2.4,-1.4605,-0.8406,1.6421,28000000000.0,23,6.163341392806387e-09,6.568895827285814e-08,5.952561688005176e-08,2.2439070335167344e-07,-66.48995140137379,-36.48995140137379,cir_coefficients_tau_mask,,"[1, 1, 1, 1, 23, 1]","[1, 1, 23]","[1, 1, 23]","[1, 1, 23]",,True,
101,25955,rx_x500_body,/home/telilab4090/Documents/Gazebo World/my_world/rt_out/experiments/semantic_ablation_actor_200f/sionna_xml/frame_101_sionna.xml,30.0,0.0,0.0,2.4,-3.9279,3.2024,1.3944,28000000000.0,22,1.7234324189985273e-08,7.465505547088469e-08,5.742073128089942e-08,3.371402002017021e-08,-74.72189459627204,-44.72189459627204,cir_coefficients_tau_mask,,"[1, 1, 1, 1, 22, 1]","[1, 1, 22]","[1, 1, 22]","[1, 1, 22]",,True,
102,26212,rx_panda_base,/home/telilab4090/Documents/Gazebo World/my_world/rt_out/experiments/semantic_ablation_actor_200f/sionna_xml/frame_102_sionna.xml,30.0,0.0,0.0,2.4,0.582,0.888,1.195,28000000000.0,23,7.579527228074312e-09,6.284866316264015e-08,5.526913593456584e-08,1.808245642109796e-08,-77.4274257288366,-47.427425728836596,cir_coefficients_tau_mask,,"[1, 1, 1, 1, 23, 1]","[1, 1, 23]","[1, 1, 23]","[1, 1, 23]",,True,
102,26212,rx_ur5_base,/home/telilab4090/Documents/Gazebo World/my_world/rt_out/experiments/semantic_ablation_actor_200f/sionna_xml/frame_102_sionna.xml,30.0,0.0,0.0,2.4,0.497,-0.841,0.995,28000000000.0,21,5.708055805797585e-09,5.930293767164585e-08,5.3594881865848265e-08,7.870848435231892e-07,-61.03978450502541,-31.03978450502541,cir_coefficients_tau_mask,,"[1, 1, 1, 1, 21, 1]","[1, 1, 21]","[1, 1, 21]","[1, 1, 21]",,True,
102,26212,rx_cerberus_base,/home/telilab4090/Documents/Gazebo World/my_world/rt_out/experiments/semantic_ablation_actor_200f/sionna_xml/frame_102_sionna.xml,30.0,0.0,0.0,2.4,4.074,-1.779,0.81,28000000000.0,18,1.574846919538686e-08,5.723669715962387e-08,4.148822796423701e-08,3.621421384991663e-08,-74.41120938168608,-44.41120938168608,cir_coefficients_tau_mask,,"[1, 1, 1, 1, 18, 1]","[1, 1, 18]","[1, 1, 18]","[1, 1, 18]",,True,
102,26212,rx_nao_chest,/home/telilab4090/Documents/Gazebo World/my_world/rt_out/experiments/semantic_ablation_actor_200f/sionna_xml/frame_102_sionna.xml,30.0,0.0,0.0,2.4,-0.1337,2.748,0.7,28000000000.0,24,1.0787783999433032e-08,6.209720737615498e-08,5.130942337672195e-08,7.24924902328894e-08,-71.3970698128202,-41.397069812820206,cir_coefficients_tau_mask,,"[1, 1, 1, 1, 24, 1]","[1, 1, 24]","[1, 1, 24]","[1, 1, 24]",,True,
102,26212,rx_human_chest,/home/telilab4090/Documents/Gazebo World/my_world/rt_out/experiments/semantic_ablation_actor_200f/sionna_xml/frame_102_sionna.xml,30.0,0.0,0.0,2.4,-1.4605,-0.8406,1.6421,28000000000.0,24,6.163341392806387e-09,6.568895827285814e-08,5.952561688005176e-08,2.2439125757500733e-07,-66.48994067473338,-36.489940674733376,cir_coefficients_tau_mask,,"[1, 1, 1, 1, 24, 1]","[1, 1, 24]","[1, 1, 24]","[1, 1, 24]",,True,
102,26212,rx_x500_body,/home/telilab4090/Documents/Gazebo World/my_world/rt_out/experiments/semantic_ablation_actor_200f/sionna_xml/frame_102_sionna.xml,30.0,0.0,0.0,2.4,-3.9279,3.2024,1.3944,28000000000.0,22,1.7234324189985273e-08,7.465505547088469e-08,5.742073128089942e-08,3.371401291474285e-08,-74.72189551157321,-44.72189551157321,cir_coefficients_tau_mask,,"[1, 1, 1, 1, 22, 1]","[1, 1, 22]","[1, 1, 22]","[1, 1, 22]",,True,
103,26469,rx_panda_base,/home/telilab4090/Documents/Gazebo World/my_world/rt_out/experiments/semantic_ablation_actor_200f/sionna_xml/frame_103_sionna.xml,30.0,0.0,0.0,2.4,0.582,0.888,1.195,28000000000.0,21,7.579527228074312e-09,6.284866316264015e-08,5.526913593456584e-08,1.802806970374604e-08,-77.4405077144121,-47.44050771441211,cir_coefficients_tau_mask,,"[1, 1, 1, 1, 21, 1]","[1, 1, 21]","[1, 1, 21]","[1, 1, 21]",,True,
103,26469,rx_ur5_base,/home/telilab4090/Documents/Gazebo World/my_world/rt_out/experiments/semantic_ablation_actor_200f/sionna_xml/frame_103_sionna.xml,30.0,0.0,0.0,2.4,0.497,-0.841,0.995,28000000000.0,28,5.708055805797585e-09,5.930293767164585e-08,5.3594881865848265e-08,7.863047244427435e-07,-61.0440911490572,-31.044091149057202,cir_coefficients_tau_mask,,"[1, 1, 1, 1, 28, 1]","[1, 1, 28]","[1, 1, 28]","[1, 1, 28]",,True,
103,26469,rx_cerberus_base,/home/telilab4090/Documents/Gazebo World/my_world/rt_out/experiments/semantic_ablation_actor_200f/sionna_xml/frame_103_sionna.xml,30.0,0.0,0.0,2.4,4.074,-1.779,0.81,28000000000.0,18,1.574846919538686e-08,5.723669715962387e-08,4.148822796423701e-08,3.621421384991663e-08,-74.41120938168608,-44.41120938168608,cir_coefficients_tau_mask,,"[1, 1, 1, 1, 18, 1]","[1, 1, 18]","[1, 1, 18]","[1, 1, 18]",,True,
103,26469,rx_nao_chest,/home/telilab4090/Documents/Gazebo World/my_world/rt_out/experiments/semantic_ablation_actor_200f/sionna_xml/frame_103_sionna.xml,30.0,0.0,0.0,2.4,-0.1337,2.748,0.7,28000000000.0,24,1.0787783999433032e-08,6.209720737615498e-08,5.130942337672195e-08,7.24924902328894e-08,-71.3970698128202,-41.397069812820206,cir_coefficients_tau_mask,,"[1, 1, 1, 1, 24, 1]","[1, 1, 24]","[1, 1, 24]","[1, 1, 24]",,True,
103,26469,rx_human_chest,/home/telilab4090/Documents/Gazebo World/my_world/rt_out/experiments/semantic_ablation_actor_200f/sionna_xml/frame_103_sionna.xml,30.0,0.0,0.0,2.4,-1.4605,-0.8406,1.6421,28000000000.0,23,6.163341392806387e-09,6.568895827285814e-08,5.952561688005176e-08,2.2439070335167344e-07,-66.48995140137379,-36.48995140137379,cir_coefficients_tau_mask,,"[1, 1, 1, 1, 23, 1]","[1, 1, 23]","[1, 1, 23]","[1, 1, 23]",,True,
103,26469,rx_x500_body,/home/telilab4090/Documents/Gazebo World/my_world/rt_out/experiments/semantic_ablation_actor_200f/sionna_xml/frame_103_sionna.xml,30.0,0.0,0.0,2.4,-3.9279,3.2024,1.3944,28000000000.0,23,1.7234324189985273e-08,7.465505547088469e-08,5.742073128089942e-08,3.372388945876992e-08,-74.72062342912375,-44.72062342912375,cir_coefficients_tau_mask,,"[1, 1, 1, 1, 23, 1]","[1, 1, 23]","[1, 1, 23]","[1, 1, 23]",,True,
104,26726,rx_panda_base,/home/telilab4090/Documents/Gazebo World/my_world/rt_out/experiments/semantic_ablation_actor_200f/sionna_xml/frame_104_sionna.xml,30.0,0.0,0.0,2.4,0.582,0.888,1.195,28000000000.0,21,7.579527228074312e-09,6.284866316264015e-08,5.526913593456584e-08,1.8028064374675523e-08,-77.44050899818032,-47.44050899818032,cir_coefficients_tau_mask,,"[1, 1, 1, 1, 21, 1]","[1, 1, 21]","[1, 1, 21]","[1, 1, 21]",,True,
104,26726,rx_ur5_base,/home/telilab4090/Documents/Gazebo World/my_world/rt_out/experiments/semantic_ablation_actor_200f/sionna_xml/frame_104_sionna.xml,30.0,0.0,0.0,2.4,0.497,-0.841,0.995,28000000000.0,28,5.708055805797585e-09,5.930293767164585e-08,5.3594881865848265e-08,7.863038149480417e-07,-61.04409617241197,-31.04409617241197,cir_coefficients_tau_mask,,"[1, 1, 1, 1, 28, 1]","[1, 1, 28]","[1, 1, 28]","[1, 1, 28]",,True,
104,26726,rx_cerberus_base,/home/telilab4090/Documents/Gazebo World/my_world/rt_out/experiments/semantic_ablation_actor_200f/sionna_xml/frame_104_sionna.xml,30.0,0.0,0.0,2.4,4.074,-1.779,0.81,28000000000.0,18,1.574846919538686e-08,5.723669715962387e-08,4.148822796423701e-08,3.621421384991663e-08,-74.41120938168608,-44.41120938168608,cir_coefficients_tau_mask,,"[1, 1, 1, 1, 18, 1]","[1, 1, 18]","[1, 1, 18]","[1, 1, 18]",,True,
104,26726,rx_nao_chest,/home/telilab4090/Documents/Gazebo World/my_world/rt_out/experiments/semantic_ablation_actor_200f/sionna_xml/frame_104_sionna.xml,30.0,0.0,0.0,2.4,-0.1337,2.748,0.7,28000000000.0,24,1.0787783999433032e-08,6.209720737615498e-08,5.130942337672195e-08,7.249248312746204e-08,-71.39707023849851,-41.397070238498515,cir_coefficients_tau_mask,,"[1, 1, 1, 1, 24, 1]","[1, 1, 24]","[1, 1, 24]","[1, 1, 24]",,True,
104,26726,rx_human_chest,/home/telilab4090/Documents/Gazebo World/my_world/rt_out/experiments/semantic_ablation_actor_200f/sionna_xml/frame_104_sionna.xml,30.0,0.0,0.0,2.4,-1.4605,-0.8406,1.6421,28000000000.0,23,6.163341392806387e-09,6.568895827285814e-08,5.952561688005176e-08,2.2439070335167344e-07,-66.48995140137379,-36.48995140137379,cir_coefficients_tau_mask,,"[1, 1, 1, 1, 23, 1]","[1, 1, 23]","[1, 1, 23]","[1, 1, 23]",,True,
104,26726,rx_x500_body,/home/telilab4090/Documents/Gazebo World/my_world/rt_out/experiments/semantic_ablation_actor_200f/sionna_xml/frame_104_sionna.xml,30.0,0.0,0.0,2.4,-3.9279,3.2024,1.3944,28000000000.0,23,1.7234324189985273e-08,7.465505547088469e-08,5.742073128089942e-08,3.3723893011483597e-08,-74.72062297160716,-44.720622971607156,cir_coefficients_tau_mask,,"[1, 1, 1, 1, 23, 1]","[1, 1, 23]","[1, 1, 23]","[1, 1, 23]",,True,
105,26983,rx_panda_base,/home/telilab4090/Documents/Gazebo World/my_world/rt_out/experiments/semantic_ablation_actor_200f/sionna_xml/frame_105_sionna.xml,30.0,0.0,0.0,2.4,0.582,0.888,1.195,28000000000.0,24,7.579527228074312e-09,6.284866316264015e-08,5.526913593456584e-08,1.8085279052115766e-08,-77.42674785776619,-47.42674785776619,cir_coefficients_tau_mask,,"[1, 1, 1, 1, 24, 1]","[1, 1, 24]","[1, 1, 24]","[1, 1, 24]",,True,
105,26983,rx_ur5_base,/home/telilab4090/Documents/Gazebo World/my_world/rt_out/experiments/semantic_ablation_actor_200f/sionna_xml/frame_105_sionna.xml,30.0,0.0,0.0,2.4,0.497,-0.841,0.995,28000000000.0,28,5.708055805797585e-09,5.930293767164585e-08,5.3594881865848265e-08,7.863037581046228e-07,-61.044096486371835,-31.044096486371835,cir_coefficients_tau_mask,,"[1, 1, 1, 1, 28, 1]","[1, 1, 28]","[1, 1, 28]","[1, 1, 28]",,True,
105,26983,rx_cerberus_base,/home/telilab4090/Documents/Gazebo World/my_world/rt_out/experiments/semantic_ablation_actor_200f/sionna_xml/frame_105_sionna.xml,30.0,0.0,0.0,2.4,4.074,-1.779,0.81,28000000000.0,18,1.574846919538686e-08,5.723669715962387e-08,4.148822796423701e-08,3.621421384991663e-08,-74.41120938168608,-44.41120938168608,cir_coefficients_tau_mask,,"[1, 1, 1, 1, 18, 1]","[1, 1, 18]","[1, 1, 18]","[1, 1, 18]",,True,
105,26983,rx_nao_chest,/home/telilab4090/Documents/Gazebo World/my_world/rt_out/experiments/semantic_ablation_actor_200f/sionna_xml/frame_105_sionna.xml,30.0,0.0,0.0,2.4,-0.1337,2.748,0.7,28000000000.0,24,1.0787783999433032e-08,6.209720737615498e-08,5.130942337672195e-08,7.249248312746204e-08,-71.39707023849851,-41.397070238498515,cir_coefficients_tau_mask,,"[1, 1, 1, 1, 24, 1]","[1, 1, 24]","[1, 1, 24]","[1, 1, 24]",,True,
105,26983,rx_human_chest,/home/telilab4090/Documents/Gazebo World/my_world/rt_out/experiments/semantic_ablation_actor_200f/sionna_xml/frame_105_sionna.xml,30.0,0.0,0.0,2.4,-1.4605,-0.8406,1.6421,28000000000.0,23,6.163341392806387e-09,6.568895827285814e-08,5.952561688005176e-08,2.2439071756252815e-07,-66.48995112633139,-36.48995112633139,cir_coefficients_tau_mask,,"[1, 1, 1, 1, 23, 1]","[1, 1, 23]","[1, 1, 23]","[1, 1, 23]",,True,
105,26983,rx_x500_body,/home/telilab4090/Documents/Gazebo World/my_world/rt_out/experiments/semantic_ablation_actor_200f/sionna_xml/frame_105_sionna.xml,30.0,0.0,0.0,2.4,-3.9279,3.2024,1.3944,28000000000.0,23,1.7234324189985273e-08,7.465505547088469e-08,5.742073128089942e-08,3.3723893011483597e-08,-74.72062297160716,-44.720622971607156,cir_coefficients_tau_mask,,"[1, 1, 1, 1, 23, 1]","[1, 1, 23]","[1, 1, 23]","[1, 1, 23]",,True,
106,27240,rx_panda_base,/home/telilab4090/Documents/Gazebo World/my_world/rt_out/experiments/semantic_ablation_actor_200f/sionna_xml/frame_106_sionna.xml,30.0,0.0,0.0,2.4,0.582,0.888,1.195,28000000000.0,24,7.579527228074312e-09,6.284866316264015e-08,5.526913593456584e-08,1.8085277275758926e-08,-77.42674828433523,-47.42674828433523,cir_coefficients_tau_mask,,"[1, 1, 1, 1, 24, 1]","[1, 1, 24]","[1, 1, 24]","[1, 1, 24]",,True,
106,27240,rx_ur5_base,/home/telilab4090/Documents/Gazebo World/my_world/rt_out/experiments/semantic_ablation_actor_200f/sionna_xml/frame_106_sionna.xml,30.0,0.0,0.0,2.4,0.497,-0.841,0.995,28000000000.0,28,5.708055805797585e-09,5.930293767164585e-08,5.3594881865848265e-08,7.863038149480417e-07,-61.04409617241197,-31.04409617241197,cir_coefficients_tau_mask,,"[1, 1, 1, 1, 28, 1]","[1, 1, 28]","[1, 1, 28]","[1, 1, 28]",,True,
106,27240,rx_cerberus_base,/home/telilab4090/Documents/Gazebo World/my_world/rt_out/experiments/semantic_ablation_actor_200f/sionna_xml/frame_106_sionna.xml,30.0,0.0,0.0,2.4,4.074,-1.779,0.81,28000000000.0,18,1.574846919538686e-08,5.723669715962387e-08,4.148822796423701e-08,3.621421740263031e-08,-74.4112089556313,-44.411208955631295,cir_coefficients_tau_mask,,"[1, 1, 1, 1, 18, 1]","[1, 1, 18]","[1, 1, 18]","[1, 1, 18]",,True,
106,27240,rx_nao_chest,/home/telilab4090/Documents/Gazebo World/my_world/rt_out/experiments/semantic_ablation_actor_200f/sionna_xml/frame_106_sionna.xml,30.0,0.0,0.0,2.4,-0.1337,2.748,0.7,28000000000.0,24,1.0787783999433032e-08,6.209720737615498e-08,5.130942337672195e-08,7.249248312746204e-08,-71.39707023849851,-41.397070238498515,cir_coefficients_tau_mask,,"[1, 1, 1, 1, 24, 1]","[1, 1, 24]","[1, 1, 24]","[1, 1, 24]",,True,
106,27240,rx_human_chest,/home/telilab4090/Documents/Gazebo World/my_world/rt_out/experiments/semantic_ablation_actor_200f/sionna_xml/frame_106_sionna.xml,30.0,0.0,0.0,2.4,-1.4605,-0.8406,1.6421,28000000000.0,23,6.163341392806387e-09,6.568895827285814e-08,5.952561688005176e-08,2.2439071756252815e-07,-66.48995112633139,-36.48995112633139,cir_coefficients_tau_mask,,"[1, 1, 1, 1, 23, 1]","[1, 1, 23]","[1, 1, 23]","[1, 1, 23]",,True,
106,27240,rx_x500_body,/home/telilab4090/Documents/Gazebo World/my_world/rt_out/experiments/semantic_ablation_actor_200f/sionna_xml/frame_106_sionna.xml,30.0,0.0,0.0,2.4,-3.9279,3.2024,1.3944,28000000000.0,23,1.7234324189985273e-08,7.465505547088469e-08,5.742073128089942e-08,3.372388945876992e-08,-74.72062342912375,-44.72062342912375,cir_coefficients_tau_mask,,"[1, 1, 1, 1, 23, 1]","[1, 1, 23]","[1, 1, 23]","[1, 1, 23]",,True,
107,27497,rx_panda_base,/home/telilab4090/Documents/Gazebo World/my_world/rt_out/experiments/semantic_ablation_actor_200f/sionna_xml/frame_107_sionna.xml,30.0,0.0,0.0,2.4,0.582,0.888,1.195,28000000000.0,24,7.579527228074312e-09,6.284866316264015e-08,5.526913593456584e-08,1.8085280828472605e-08,-77.42674743119719,-47.426747431197185,cir_coefficients_tau_mask,,"[1, 1, 1, 1, 24, 1]","[1, 1, 24]","[1, 1, 24]","[1, 1, 24]",,True,
107,27497,rx_ur5_base,/home/telilab4090/Documents/Gazebo World/my_world/rt_out/experiments/semantic_ablation_actor_200f/sionna_xml/frame_107_sionna.xml,30.0,0.0,0.0,2.4,0.497,-0.841,0.995,28000000000.0,28,5.708055805797585e-09,5.930293767164585e-08,5.3594881865848265e-08,9.164388075078023e-07,-60.37896528463825,-30.378965284638248,cir_coefficients_tau_mask,,"[1, 1, 1, 1, 28, 1]","[1, 1, 28]","[1, 1, 28]","[1, 1, 28]",,True,
107,27497,rx_cerberus_base,/home/telilab4090/Documents/Gazebo World/my_world/rt_out/experiments/semantic_ablation_actor_200f/sionna_xml/frame_107_sionna.xml,30.0,0.0,0.0,2.4,4.074,-1.779,0.81,28000000000.0,18,1.574846919538686e-08,5.723669715962387e-08,4.148822796423701e-08,3.621421740263031e-08,-74.4112089556313,-44.411208955631295,cir_coefficients_tau_mask,,"[1, 1, 1, 1, 18, 1]","[1, 1, 18]","[1, 1, 18]","[1, 1, 18]",,True,
107,27497,rx_nao_chest,/home/telilab4090/Documents/Gazebo World/my_world/rt_out/experiments/semantic_ablation_actor_200f/sionna_xml/frame_107_sionna.xml,30.0,0.0,0.0,2.4,-0.1337,2.748,0.7,28000000000.0,23,1.0787783999433032e-08,6.209720737615498e-08,5.130942337672195e-08,7.235285437445782e-08,-71.40544330963414,-41.40544330963414,cir_coefficients_tau_mask,,"[1, 1, 1, 1, 23, 1]","[1, 1, 23]","[1, 1, 23]","[1, 1, 23]",,True,
107,27497,rx_human_chest,/home/telilab4090/Documents/Gazebo World/my_world/rt_out/experiments/semantic_ablation_actor_200f/sionna_xml/frame_107_sionna.xml,30.0,0.0,0.0,2.4,-1.4605,-0.8406,1.6421,28000000000.0,23,6.163341392806387e-09,6.568895827285814e-08,5.952561688005176e-08,2.2439071756252815e-07,-66.48995112633139,-36.48995112633139,cir_coefficients_tau_mask,,"[1, 1, 1, 1, 23, 1]","[1, 1, 23]","[1, 1, 23]","[1, 1, 23]",,True,
107,27497,rx_x500_body,/home/telilab4090/Documents/Gazebo World/my_world/rt_out/experiments/semantic_ablation_actor_200f/sionna_xml/frame_107_sionna.xml,30.0,0.0,0.0,2.4,-3.9279,3.2024,1.3944,28000000000.0,23,1.7234324189985273e-08,7.465505547088469e-08,5.742073128089942e-08,3.3723893011483597e-08,-74.72062297160716,-44.720622971607156,cir_coefficients_tau_mask,,"[1, 1, 1, 1, 23, 1]","[1, 1, 23]","[1, 1, 23]","[1, 1, 23]",,True,
108,27754,rx_panda_base,/home/telilab4090/Documents/Gazebo World/my_world/rt_out/experiments/semantic_ablation_actor_200f/sionna_xml/frame_108_sionna.xml,30.0,0.0,0.0,2.4,0.582,0.888,1.195,28000000000.0,23,7.579527228074312e-09,6.284866316264015e-08,5.526913593456584e-08,1.8066453222331802e-08,-77.43127099080412,-47.43127099080412,cir_coefficients_tau_mask,,"[1, 1, 1, 1, 23, 1]","[1, 1, 23]","[1, 1, 23]","[1, 1, 23]",,True,
108,27754,rx_ur5_base,/home/telilab4090/Documents/Gazebo World/my_world/rt_out/experiments/semantic_ablation_actor_200f/sionna_xml/frame_108_sionna.xml,30.0,0.0,0.0,2.4,0.497,-0.841,0.995,28000000000.0,15,2.8585448674789404e-08,5.930293767164585e-08,3.0717488996856446e-08,1.4623651178879982e-09,-88.34944180807068,-58.34944180807068,cir_coefficients_tau_mask,,"[1, 1, 1, 1, 15, 1]","[1, 1, 15]","[1, 1, 15]","[1, 1, 15]",,True,
108,27754,rx_cerberus_base,/home/telilab4090/Documents/Gazebo World/my_world/rt_out/experiments/semantic_ablation_actor_200f/sionna_xml/frame_108_sionna.xml,30.0,0.0,0.0,2.4,4.074,-1.779,0.81,28000000000.0,18,1.574846919538686e-08,5.723669715962387e-08,4.148822796423701e-08,3.621421384991663e-08,-74.41120938168608,-44.41120938168608,cir_coefficients_tau_mask,,"[1, 1, 1, 1, 18, 1]","[1, 1, 18]","[1, 1, 18]","[1, 1, 18]",,True,
108,27754,rx_nao_chest,/home/telilab4090/Documents/Gazebo World/my_world/rt_out/experiments/semantic_ablation_actor_200f/sionna_xml/frame_108_sionna.xml,30.0,0.0,0.0,2.4,-0.1337,2.748,0.7,28000000000.0,20,1.0787783999433032e-08,6.209720737615498e-08,5.130942337672195e-08,7.193393969373574e-08,-71.43066153512711,-41.430661535127115,cir_coefficients_tau_mask,,"[1, 1, 1, 1, 20, 1]","[1, 1, 20]","[1, 1, 20]","[1, 1, 20]",,True,
108,27754,rx_human_chest,/home/telilab4090/Documents/Gazebo World/my_world/rt_out/experiments/semantic_ablation_actor_200f/sionna_xml/frame_108_sionna.xml,30.0,0.0,0.0,2.4,-1.4605,-0.8406,1.6421,28000000000.0,23,6.163341392806387e-09,6.568895827285814e-08,5.952561688005176e-08,2.2439070335167344e-07,-66.48995140137379,-36.48995140137379,cir_coefficients_tau_mask,,"[1, 1, 1, 1, 23, 1]","[1, 1, 23]","[1, 1, 23]","[1, 1, 23]",,True,
108,27754,rx_x500_body,/home/telilab4090/Documents/Gazebo World/my_world/rt_out/experiments/semantic_ablation_actor_200f/sionna_xml/frame_108_sionna.xml,30.0,0.0,0.0,2.4,-3.9279,3.2024,1.3944,28000000000.0,23,1.7234324189985273e-08,7.465505547088469e-08,5.742073128089942e-08,3.372388945876992e-08,-74.72062342912375,-44.72062342912375,cir_coefficients_tau_mask,,"[1, 1, 1, 1, 23, 1]","[1, 1, 23]","[1, 1, 23]","[1, 1, 23]",,True,
109,28011,rx_panda_base,/home/telilab4090/Documents/Gazebo World/my_world/rt_out/experiments/semantic_ablation_actor_200f/sionna_xml/frame_109_sionna.xml,30.0,0.0,0.0,2.4,0.582,0.888,1.195,28000000000.0,24,7.579527228074312e-09,6.284866316264015e-08,5.526913593456584e-08,1.8123692768767796e-08,-77.41753308551986,-47.417533085519864,cir_coefficients_tau_mask,,"[1, 1, 1, 1, 24, 1]","[1, 1, 24]","[1, 1, 24]","[1, 1, 24]",,True,
109,28011,rx_ur5_base,/home/telilab4090/Documents/Gazebo World/my_world/rt_out/experiments/semantic_ablation_actor_200f/sionna_xml/frame_109_sionna.xml,30.0,0.0,0.0,2.4,0.497,-0.841,0.995,28000000000.0,17,5.708055805797585e-09,5.930293767164585e-08,5.3594881865848265e-08,4.6959650035205414e-07,-63.28275148309537,-33.28275148309537,cir_coefficients_tau_mask,,"[1, 1, 1, 1, 17, 1]","[1, 1, 17]","[1, 1, 17]","[1, 1, 17]",,True,
109,28011,rx_cerberus_base,/home/telilab4090/Documents/Gazebo World/my_world/rt_out/experiments/semantic_ablation_actor_200f/sionna_xml/frame_109_sionna.xml,30.0,0.0,0.0,2.4,4.074,-1.779,0.81,28000000000.0,18,1.574846919538686e-08,5.723669715962387e-08,4.148822796423701e-08,3.621421740263031e-08,-74.4112089556313,-44.411208955631295,cir_coefficients_tau_mask,,"[1, 1, 1, 1, 18, 1]","[1, 1, 18]","[1, 1, 18]","[1, 1, 18]",,True,
109,28011,rx_nao_chest,/home/telilab4090/Documents/Gazebo World/my_world/rt_out/experiments/semantic_ablation_actor_200f/sionna_xml/frame_109_sionna.xml,30.0,0.0,0.0,2.4,-0.1337,2.748,0.7,28000000000.0,24,1.0787783999433032e-08,6.209720737615498e-08,5.130942337672195e-08,7.249248312746204e-08,-71.39707023849851,-41.397070238498515,cir_coefficients_tau_mask,,"[1, 1, 1, 1, 24, 1]","[1, 1, 24]","[1, 1, 24]","[1, 1, 24]",,True,
109,28011,rx_human_chest,/home/telilab4090/Documents/Gazebo World/my_world/rt_out/experiments/semantic_ablation_actor_200f/sionna_xml/frame_109_sionna.xml,30.0,0.0,0.0,2.4,-1.4605,-0.8406,1.6421,28000000000.0,21,6.163341392806387e-09,6.431429255826515e-08,5.8150951165458764e-08,2.2401947319394822e-07,-66.49714228393097,-36.49714228393097,cir_coefficients_tau_mask,,"[1, 1, 1, 1, 21, 1]","[1, 1, 21]","[1, 1, 21]","[1, 1, 21]",,True,
109,28011,rx_x500_body,/home/telilab4090/Documents/Gazebo World/my_world/rt_out/experiments/semantic_ablation_actor_200f/sionna_xml/frame_109_sionna.xml,30.0,0.0,0.0,2.4,-3.9279,3.2024,1.3944,28000000000.0,22,1.7234324189985273e-08,7.465505547088469e-08,5.742073128089942e-08,3.371401646745653e-08,-74.7218950539226,-44.721895053922594,cir_coefficients_tau_mask,,"[1, 1, 1, 1, 22, 1]","[1, 1, 22]","[1, 1, 22]","[1, 1, 22]",,True,
110,28268,rx_panda_base,/home/telilab4090/Documents/Gazebo World/my_world/rt_out/experiments/semantic_ablation_actor_200f/sionna_xml/frame_110_sionna.xml,30.0,0.0,0.0,2.4,0.582,0.888,1.195,28000000000.0,25,7.579527228074312e-09,6.284866316264015e-08,5.526913593456584e-08,1.814251504583808e-08,-77.41302508079865,-47.41302508079865,cir_coefficients_tau_mask,,"[1, 1, 1, 1, 25, 1]","[1, 1, 25]","[1, 1, 25]","[1, 1, 25]",,True,
110,28268,rx_ur5_base,/home/telilab4090/Documents/Gazebo World/my_world/rt_out/experiments/semantic_ablation_actor_200f/sionna_xml/frame_110_sionna.xml,30.0,0.0,0.0,2.4,0.497,-0.841,0.995,28000000000.0,18,5.708055805797585e-09,5.930293767164585e-08,5.3594881865848265e-08,6.898487754369853e-07,-61.61246102293572,-31.61246102293572,cir_coefficients_tau_mask,,"[1, 1, 1, 1, 18, 1]","[1, 1, 18]","[1, 1, 18]","[1, 1, 18]",,True,
110,28268,rx_cerberus_base,/home/telilab4090/Documents/Gazebo World/my_world/rt_out/experiments/semantic_ablation_actor_200f/sionna_xml/frame_110_sionna.xml,30.0,0.0,0.0,2.4,4.074,-1.779,0.81,28000000000.0,17,1.574846919538686e-08,5.478522524526852e-08,3.903675604988166e-08,3.6172945527823686e-08,-74.41616125620585,-44.416161256205854,cir_coefficients_tau_mask,,"[1, 1, 1, 1, 17, 1]","[1, 1, 17]","[1, 1, 17]","[1, 1, 17]",,True,
110,28268,rx_nao_chest,/home/telilab4090/Documents/Gazebo World/my_world/rt_out/experiments/semantic_ablation_actor_200f/sionna_xml/frame_110_sionna.xml,30.0,0.0,0.0,2.4,-0.1337,2.748,0.7,28000000000.0,24,1.0787783999433032e-08,6.209720737615498e-08,5.130942337672195e-08,7.249248312746204e-08,-71.39707023849851,-41.397070238498515,cir_coefficients_tau_mask,,"[1, 1, 1, 1, 24, 1]","[1, 1, 24]","[1, 1, 24]","[1, 1, 24]",,True,
110,28268,rx_human_chest,/home/telilab4090/Documents/Gazebo World/my_world/rt_out/experiments/semantic_ablation_actor_200f/sionna_xml/frame_110_sionna.xml,30.0,0.0,0.0,2.4,-1.4605,-0.8406,1.6421,28000000000.0,21,6.163341392806387e-09,6.431429255826515e-08,5.8150951165458764e-08,2.2401947319394822e-07,-66.49714228393097,-36.49714228393097,cir_coefficients_tau_mask,,"[1, 1, 1, 1, 21, 1]","[1, 1, 21]","[1, 1, 21]","[1, 1, 21]",,True,
110,28268,rx_x500_body,/home/telilab4090/Documents/Gazebo World/my_world/rt_out/experiments/semantic_ablation_actor_200f/sionna_xml/frame_110_sionna.xml,30.0,0.0,0.0,2.4,-3.9279,3.2024,1.3944,28000000000.0,22,1.7234324189985273e-08,7.465505547088469e-08,5.742073128089942e-08,3.3714009362029174e-08,-74.72189596922387,-44.721895969223866,cir_coefficients_tau_mask,,"[1, 1, 1, 1, 22, 1]","[1, 1, 22]","[1, 1, 22]","[1, 1, 22]",,True,
111,28525,rx_panda_base,/home/telilab4090/Documents/Gazebo World/my_world/rt_out/experiments/semantic_ablation_actor_200f/sionna_xml/frame_111_sionna.xml,30.0,0.0,0.0,2.4,0.582,0.888,1.195,28000000000.0,21,7.579527228074312e-09,6.284866316264015e-08,5.526913593456584e-08,1.7556981646293934e-08,-77.55550144866817,-47.55550144866817,cir_coefficients_tau_mask,,"[1, 1, 1, 1, 21, 1]","[1, 1, 21]","[1, 1, 21]","[1, 1, 21]",,True,
111,28525,rx_ur5_base,/home/telilab4090/Documents/Gazebo World/my_world/rt_out/experiments/semantic_ablation_actor_200f/sionna_xml/frame_111_sionna.xml,30.0,0.0,0.0,2.4,0.497,-0.841,0.995,28000000000.0,18,5.708055805797585e-09,5.930293767164585e-08,5.3594881865848265e-08,6.895604087731044e-07,-61.614276815582976,-31.614276815582976,cir_coefficients_tau_mask,,"[1, 1, 1, 1, 18, 1]","[1, 1, 18]","[1, 1, 18]","[1, 1, 18]",,True,
111,28525,rx_cerberus_base,/home/telilab4090/Documents/Gazebo World/my_world/rt_out/experiments/semantic_ablation_actor_200f/sionna_xml/frame_111_sionna.xml,30.0,0.0,0.0,2.4,4.074,-1.779,0.81,28000000000.0,18,1.574846919538686e-08,5.723669715962387e-08,4.148822796423701e-08,3.621421740263031e-08,-74.4112089556313,-44.411208955631295,cir_coefficients_tau_mask,,"[1, 1, 1, 1, 18, 1]","[1, 1, 18]","[1, 1, 18]","[1, 1, 18]",,True,
111,28525,rx_nao_chest,/home/telilab4090/Documents/Gazebo World/my_world/rt_out/experiments/semantic_ablation_actor_200f/sionna_xml/frame_111_sionna.xml,30.0,0.0,0.0,2.4,-0.1337,2.748,0.7,28000000000.0,23,1.0787783999433032e-08,6.209720737615498e-08,5.130942337672195e-08,7.244494071301233e-08,-71.39991938655777,-41.39991938655777,cir_coefficients_tau_mask,,"[1, 1, 1, 1, 23, 1]","[1, 1, 23]","[1, 1, 23]","[1, 1, 23]",,True,
111,28525,rx_human_chest,/home/telilab4090/Documents/Gazebo World/my_world/rt_out/experiments/semantic_ablation_actor_200f/sionna_xml/frame_111_sionna.xml,30.0,0.0,0.0,2.4,-1.4605,-0.8406,1.6421,28000000000.0,21,6.163341392806387e-09,6.431429255826515e-08,5.8150951165458764e-08,2.240194589830935e-07,-66.49714255942916,-36.497142559429165,cir_coefficients_tau_mask,,"[1, 1, 1, 1, 21, 1]","[1, 1, 21]","[1, 1, 21]","[1, 1, 21]",,True,
111,28525,rx_x500_body,/home/telilab4090/Documents/Gazebo World/my_world/rt_out/experiments/semantic_ablation_actor_200f/sionna_xml/frame_111_sionna.xml,30.0,0.0,0.0,2.4,-3.9279,3.2024,1.3944,28000000000.0,23,1.7234324189985273e-08,7.465505547088469e-08,5.742073128089942e-08,3.372388945876992e-08,-74.72062342912375,-44.72062342912375,cir_coefficients_tau_mask,,"[1, 1, 1, 1, 23, 1]","[1, 1, 23]","[1, 1, 23]","[1, 1, 23]",,True,
112,28782,rx_panda_base,/home/telilab4090/Documents/Gazebo World/my_world/rt_out/experiments/semantic_ablation_actor_200f/sionna_xml/frame_112_sionna.xml,30.0,0.0,0.0,2.4,0.582,0.888,1.195,28000000000.0,23,7.579527228074312e-09,6.284866316264015e-08,5.526913593456584e-08,1.8104358900927764e-08,-77.42216849511377,-47.422168495113766,cir_coefficients_tau_mask,,"[1, 1, 1, 1, 23, 1]","[1, 1, 23]","[1, 1, 23]","[1, 1, 23]",,True,
112,28782,rx_ur5_base,/home/telilab4090/Documents/Gazebo World/my_world/rt_out/experiments/semantic_ablation_actor_200f/sionna_xml/frame_112_sionna.xml,30.0,0.0,0.0,2.4,0.497,-0.841,0.995,28000000000.0,18,5.708055805797585e-09,5.930293767164585e-08,5.3594881865848265e-08,6.895604087731044e-07,-61.614276815582976,-31.614276815582976,cir_coefficients_tau_mask,,"[1, 1, 1, 1, 18, 1]","[1, 1, 18]","[1, 1, 18]","[1, 1, 18]",,True,
112,28782,rx_cerberus_base,/home/telilab4090/Documents/Gazebo World/my_world/rt_out/experiments/semantic_ablation_actor_200f/sionna_xml/frame_112_sionna.xml,30.0,0.0,0.0,2.4,4.074,-1.779,0.81,28000000000.0,18,1.574846919538686e-08,5.723669715962387e-08,4.148822796423701e-08,3.621421384991663e-08,-74.41120938168608,-44.41120938168608,cir_coefficients_tau_mask,,"[1, 1, 1, 1, 18, 1]","[1, 1, 18]","[1, 1, 18]","[1, 1, 18]",,True,
112,28782,rx_nao_chest,/home/telilab4090/Documents/Gazebo World/my_world/rt_out/experiments/semantic_ablation_actor_200f/sionna_xml/frame_112_sionna.xml,30.0,0.0,0.0,2.4,-0.1337,2.748,0.7,28000000000.0,23,1.0787783999433032e-08,6.209720737615498e-08,5.130942337672195e-08,7.244494781843969e-08,-71.39991896060012,-41.39991896060012,cir_coefficients_tau_mask,,"[1, 1, 1, 1, 23, 1]","[1, 1, 23]","[1, 1, 23]","[1, 1, 23]",,True,
112,28782,rx_human_chest,/home/telilab4090/Documents/Gazebo World/my_world/rt_out/experiments/semantic_ablation_actor_200f/sionna_xml/frame_112_sionna.xml,30.0,0.0,0.0,2.4,-1.4605,-0.8406,1.6421,28000000000.0,21,6.163341392806387e-09,6.431429255826515e-08,5.8150951165458764e-08,2.2401947319394822e-07,-66.49714228393097,-36.49714228393097,cir_coefficients_tau_mask,,"[1, 1, 1, 1, 21, 1]","[1, 1, 21]","[1, 1, 21]","[1, 1, 21]",,True,
112,28782,rx_x500_body,/home/telilab4090/Documents/Gazebo World/my_world/rt_out/experiments/semantic_ablation_actor_200f/sionna_xml/frame_112_sionna.xml,30.0,0.0,0.0,2.4,-3.9279,3.2024,1.3944,28000000000.0,23,1.7234324189985273e-08,7.465505547088469e-08,5.742073128089942e-08,3.3723893011483597e-08,-74.72062297160716,-44.720622971607156,cir_coefficients_tau_mask,,"[1, 1, 1, 1, 23, 1]","[1, 1, 23]","[1, 1, 23]","[1, 1, 23]",,True,
113,29039,rx_panda_base,/home/telilab4090/Documents/Gazebo World/my_world/rt_out/experiments/semantic_ablation_actor_200f/sionna_xml/frame_113_sionna.xml,30.0,0.0,0.0,2.4,0.582,0.888,1.195,28000000000.0,23,7.579526339895892e-09,6.284866316264015e-08,5.526913682274426e-08,1.8104357124570924e-08,-77.42216892123325,-47.42216892123325,cir_coefficients_tau_mask,,"[1, 1, 1, 1, 23, 1]","[1, 1, 23]","[1, 1, 23]","[1, 1, 23]",,True,
113,29039,rx_ur5_base,/home/telilab4090/Documents/Gazebo World/my_world/rt_out/experiments/semantic_ablation_actor_200f/sionna_xml/frame_113_sionna.xml,30.0,0.0,0.0,2.4,0.497,-0.841,0.995,28000000000.0,18,5.708055805797585e-09,5.930293767164585e-08,5.3594881865848265e-08,6.895604087731044e-07,-61.614276815582976,-31.614276815582976,cir_coefficients_tau_mask,,"[1, 1, 1, 1, 18, 1]","[1, 1, 18]","[1, 1, 18]","[1, 1, 18]",,True,
113,29039,rx_cerberus_base,/home/telilab4090/Documents/Gazebo World/my_world/rt_out/experiments/semantic_ablation_actor_200f/sionna_xml/frame_113_sionna.xml,30.0,0.0,0.0,2.4,4.074,-1.779,0.81,28000000000.0,18,1.574846919538686e-08,5.723669715962387e-08,4.148822796423701e-08,3.621421384991663e-08,-74.41120938168608,-44.41120938168608,cir_coefficients_tau_mask,,"[1, 1, 1, 1, 18, 1]","[1, 1, 18]","[1, 1, 18]","[1, 1, 18]",,True,
113,29039,rx_nao_chest,/home/telilab4090/Documents/Gazebo World/my_world/rt_out/experiments/semantic_ablation_actor_200f/sionna_xml/frame_113_sionna.xml,30.0,0.0,0.0,2.4,-0.1337,2.748,0.7,28000000000.0,19,1.0787783999433032e-08,6.209720737615498e-08,5.130942337672195e-08,7.21886408427963e-08,-71.41531134942863,-41.415311349428634,cir_coefficients_tau_mask,,"[1, 1, 1, 1, 19, 1]","[1, 1, 19]","[1, 1, 19]","[1, 1, 19]",,True,
113,29039,rx_human_chest,/home/telilab4090/Documents/Gazebo World/my_world/rt_out/experiments/semantic_ablation_actor_200f/sionna_xml/frame_113_sionna.xml,30.0,0.0,0.0,2.4,-1.4605,-0.8406,1.6421,28000000000.0,21,6.163341392806387e-09,6.431429255826515e-08,5.8150951165458764e-08,2.240194589830935e-07,-66.49714255942916,-36.497142559429165,cir_coefficients_tau_mask,,"[1, 1, 1, 1, 21, 1]","[1, 1, 21]","[1, 1, 21]","[1, 1, 21]",,True,
113,29039,rx_x500_body,/home/telilab4090/Documents/Gazebo World/my_world/rt_out/experiments/semantic_ablation_actor_200f/sionna_xml/frame_113_sionna.xml,30.0,0.0,0.0,2.4,-3.9279,3.2024,1.3944,28000000000.0,22,1.7234324189985273e-08,7.465505547088469e-08,5.742073128089942e-08,3.371402002017021e-08,-74.72189459627204,-44.72189459627204,cir_coefficients_tau_mask,,"[1, 1, 1, 1, 22, 1]","[1, 1, 22]","[1, 1, 22]","[1, 1, 22]",,True,
114,29296,rx_panda_base,/home/telilab4090/Documents/Gazebo World/my_world/rt_out/experiments/semantic_ablation_actor_200f/sionna_xml/frame_114_sionna.xml,30.0,0.0,0.0,2.4,0.582,0.888,1.195,28000000000.0,24,7.579527228074312e-09,6.284866316264015e-08,5.526913593456584e-08,1.8123692768767796e-08,-77.41753308551986,-47.417533085519864,cir_coefficients_tau_mask,,"[1, 1, 1, 1, 24, 1]","[1, 1, 24]","[1, 1, 24]","[1, 1, 24]",,True,
114,29296,rx_ur5_base,/home/telilab4090/Documents/Gazebo World/my_world/rt_out/experiments/semantic_ablation_actor_200f/sionna_xml/frame_114_sionna.xml,30.0,0.0,0.0,2.4,0.497,-0.841,0.995,28000000000.0,18,5.708055805797585e-09,5.930293767164585e-08,5.3594881865848265e-08,6.895604087731044e-07,-61.614276815582976,-31.614276815582976,cir_coefficients_tau_mask,,"[1, 1, 1, 1, 18, 1]","[1, 1, 18]","[1, 1, 18]","[1, 1, 18]",,True,
114,29296,rx_cerberus_base,/home/telilab4090/Documents/Gazebo World/my_world/rt_out/experiments/semantic_ablation_actor_200f/sionna_xml/frame_114_sionna.xml,30.0,0.0,0.0,2.4,4.074,-1.779,0.81,28000000000.0,18,1.574846919538686e-08,5.723669715962387e-08,4.148822796423701e-08,3.621421384991663e-08,-74.41120938168608,-44.41120938168608,cir_coefficients_tau_mask,,"[1, 1, 1, 1, 18, 1]","[1, 1, 18]","[1, 1, 18]","[1, 1, 18]",,True,
114,29296,rx_nao_chest,/home/telilab4090/Documents/Gazebo World/my_world/rt_out/experiments/semantic_ablation_actor_200f/sionna_xml/frame_114_sionna.xml,30.0,0.0,0.0,2.4,-0.1337,2.748,0.7,28000000000.0,16,2.14085886796056e-08,6.209720737615498e-08,4.0688618696549383e-08,2.4257731379151437e-09,-86.15149817467206,-56.15149817467206,cir_coefficients_tau_mask,,"[1, 1, 1, 1, 16, 1]","[1, 1, 16]","[1, 1, 16]","[1, 1, 16]",,True,
114,29296,rx_human_chest,/home/telilab4090/Documents/Gazebo World/my_world/rt_out/experiments/semantic_ablation_actor_200f/sionna_xml/frame_114_sionna.xml,30.0,0.0,0.0,2.4,-1.4605,-0.8406,1.6421,28000000000.0,21,6.163341392806387e-09,6.431429255826515e-08,5.8150951165458764e-08,2.2401947319394822e-07,-66.49714228393097,-36.49714228393097,cir_coefficients_tau_mask,,"[1, 1, 1, 1, 21, 1]","[1, 1, 21]","[1, 1, 21]","[1, 1, 21]",,True,
114,29296,rx_x500_body,/home/telilab4090/Documents/Gazebo World/my_world/rt_out/experiments/semantic_ablation_actor_200f/sionna_xml/frame_114_sionna.xml,30.0,0.0,0.0,2.4,-3.9279,3.2024,1.3944,28000000000.0,23,1.7234324189985273e-08,7.465505547088469e-08,5.742073128089942e-08,3.372388945876992e-08,-74.72062342912375,-44.72062342912375,cir_coefficients_tau_mask,,"[1, 1, 1, 1, 23, 1]","[1, 1, 23]","[1, 1, 23]","[1, 1, 23]",,True,
115,29553,rx_panda_base,/home/telilab4090/Documents/Gazebo World/my_world/rt_out/experiments/semantic_ablation_actor_200f/sionna_xml/frame_115_sionna.xml,30.0,0.0,0.0,2.4,0.582,0.888,1.195,28000000000.0,29,7.579527228074312e-09,6.284866316264015e-08,5.526913593456584e-08,1.821448769590006e-08,-77.39583039298407,-47.39583039298407,cir_coefficients_tau_mask,,"[1, 1, 1, 1, 29, 1]","[1, 1, 29]","[1, 1, 29]","[1, 1, 29]",,True,
115,29553,rx_ur5_base,/home/telilab4090/Documents/Gazebo World/my_world/rt_out/experiments/semantic_ablation_actor_200f/sionna_xml/frame_115_sionna.xml,30.0,0.0,0.0,2.4,0.497,-0.841,0.995,28000000000.0,18,5.708055805797585e-09,5.930293767164585e-08,5.3594881865848265e-08,6.893484396641725e-07,-61.61561203096248,-31.61561203096248,cir_coefficients_tau_mask,,"[1, 1, 1, 1, 18, 1]","[1, 1, 18]","[1, 1, 18]","[1, 1, 18]",,True,
115,29553,rx_cerberus_base,/home/telilab4090/Documents/Gazebo World/my_world/rt_out/experiments/semantic_ablation_actor_200f/sionna_xml/frame_115_sionna.xml,30.0,0.0,0.0,2.4,4.074,-1.779,0.81,28000000000.0,17,1.574846919538686e-08,5.478522524526852e-08,3.903675604988166e-08,3.6172945527823686e-08,-74.41616125620585,-44.416161256205854,cir_coefficients_tau_mask,,"[1, 1, 1, 1, 17, 1]","[1, 1, 17]","[1, 1, 17]","[1, 1, 17]",,True,
115,29553,rx_nao_chest,/home/telilab4090/Documents/Gazebo World/my_world/rt_out/experiments/semantic_ablation_actor_200f/sionna_xml/frame_115_sionna.xml,30.0,0.0,0.0,2.4,-0.1337,2.748,0.7,28000000000.0,24,1.0787783999433032e-08,6.209720737615498e-08,5.130942337672195e-08,7.249248312746204e-08,-71.39707023849851,-41.397070238498515,cir_coefficients_tau_mask,,"[1, 1, 1, 1, 24, 1]","[1, 1, 24]","[1, 1, 24]","[1, 1, 24]",,True,
115,29553,rx_human_chest,/home/telilab4090/Documents/Gazebo World/my_world/rt_out/experiments/semantic_ablation_actor_200f/sionna_xml/frame_115_sionna.xml,30.0,0.0,0.0,2.4,-1.4605,-0.8406,1.6421,28000000000.0,21,6.163341392806387e-09,6.431429255826515e-08,5.8150951165458764e-08,2.240194589830935e-07,-66.49714255942916,-36.497142559429165,cir_coefficients_tau_mask,,"[1, 1, 1, 1, 21, 1]","[1, 1, 21]","[1, 1, 21]","[1, 1, 21]",,True,
115,29553,rx_x500_body,/home/telilab4090/Documents/Gazebo World/my_world/rt_out/experiments/semantic_ablation_actor_200f/sionna_xml/frame_115_sionna.xml,30.0,0.0,0.0,2.4,-3.9279,3.2024,1.3944,28000000000.0,23,1.7234324189985273e-08,7.465505547088469e-08,5.742073128089942e-08,3.372388945876992e-08,-74.72062342912375,-44.72062342912375,cir_coefficients_tau_mask,,"[1, 1, 1, 1, 23, 1]","[1, 1, 23]","[1, 1, 23]","[1, 1, 23]",,True,
116,29810,rx_panda_base,/home/telilab4090/Documents/Gazebo World/my_world/rt_out/experiments/semantic_ablation_actor_200f/sionna_xml/frame_116_sionna.xml,30.0,0.0,0.0,2.4,0.582,0.888,1.195,28000000000.0,27,7.579527228074312e-09,6.284866316264015e-08,5.526913593456584e-08,1.8176097071886943e-08,-77.40499366554887,-47.40499366554887,cir_coefficients_tau_mask,,"[1, 1, 1, 1, 27, 1]","[1, 1, 27]","[1, 1, 27]","[1, 1, 27]",,True,
116,29810,rx_ur5_base,/home/telilab4090/Documents/Gazebo World/my_world/rt_out/experiments/semantic_ablation_actor_200f/sionna_xml/frame_116_sionna.xml,30.0,0.0,0.0,2.4,0.497,-0.841,0.995,28000000000.0,18,5.708055805797585e-09,5.930293767164585e-08,5.3594881865848265e-08,6.893484965075913e-07,-61.615611672844864,-31.615611672844864,cir_coefficients_tau_mask,,"[1, 1, 1, 1, 18, 1]","[1, 1, 18]","[1, 1, 18]","[1, 1, 18]",,True,
116,29810,rx_cerberus_base,/home/telilab4090/Documents/Gazebo World/my_world/rt_out/experiments/semantic_ablation_actor_200f/sionna_xml/frame_116_sionna.xml,30.0,0.0,0.0,2.4,4.074,-1.779,0.81,28000000000.0,17,1.574846919538686e-08,5.478522524526852e-08,3.903675604988166e-08,3.617294197511001e-08,-74.41616168274675,-44.41616168274675,cir_coefficients_tau_mask,,"[1, 1, 1, 1, 17, 1]","[1, 1, 17]","[1, 1, 17]","[1, 1, 17]",,True,
116,29810,rx_nao_chest,/home/telilab4090/Documents/Gazebo World/my_world/rt_out/experiments/semantic_ablation_actor_200f/sionna_xml/frame_116_sionna.xml,30.0,0.0,0.0,2.4,-0.1337,2.748,0.7,28000000000.0,23,1.0787783999433032e-08,6.209720737615498e-08,5.130942337672195e-08,7.244521782467928e-08,-71.39990277423999,-41.39990277423999,cir_coefficients_tau_mask,,"[1, 1, 1, 1, 23, 1]","[1, 1, 23]","[1, 1, 23]","[1, 1, 23]",,True,
116,29810,rx_human_chest,/home/telilab4090/Documents/Gazebo World/my_world/rt_out/experiments/semantic_ablation_actor_200f/sionna_xml/frame_116_sionna.xml,30.0,0.0,0.0,2.4,-1.4605,-0.8406,1.6421,28000000000.0,22,6.163341392806387e-09,6.431429255826515e-08,5.8150951165458764e-08,2.2438425162363274e-07,-66.4900762724191,-36.4900762724191,cir_coefficients_tau_mask,,"[1, 1, 1, 1, 22, 1]","[1, 1, 22]","[1, 1, 22]","[1, 1, 22]",,True,
116,29810,rx_x500_body,/home/telilab4090/Documents/Gazebo World/my_world/rt_out/experiments/semantic_ablation_actor_200f/sionna_xml/frame_116_sionna.xml,30.0,0.0,0.0,2.4,-3.9279,3.2024,1.3944,28000000000.0,23,1.7234324189985273e-08,7.465505547088469e-08,5.742073128089942e-08,3.372388590605624e-08,-74.72062388664037,-44.72062388664037,cir_coefficients_tau_mask,,"[1, 1, 1, 1, 23, 1]","[1, 1, 23]","[1, 1, 23]","[1, 1, 23]",,True,
117,30067,rx_panda_base,/home/telilab4090/Documents/Gazebo World/my_world/rt_out/experiments/semantic_ablation_actor_200f/sionna_xml/frame_117_sionna.xml,30.0,0.0,0.0,2.4,0.582,0.888,1.195,28000000000.0,26,7.579527228074312e-09,6.284866316264015e-08,5.526913593456584e-08,1.8157274794816658e-08,-77.40949333699677,-47.409493336996775,cir_coefficients_tau_mask,,"[1, 1, 1, 1, 26, 1]","[1, 1, 26]","[1, 1, 26]","[1, 1, 26]",,True,
117,30067,rx_ur5_base,/home/telilab4090/Documents/Gazebo World/my_world/rt_out/experiments/semantic_ablation_actor_200f/sionna_xml/frame_117_sionna.xml,30.0,0.0,0.0,2.4,0.497,-0.841,0.995,28000000000.0,18,5.708055805797585e-09,5.930293767164585e-08,5.3594881865848265e-08,6.893484396641725e-07,-61.61561203096248,-31.61561203096248,cir_coefficients_tau_mask,,"[1, 1, 1, 1, 18, 1]","[1, 1, 18]","[1, 1, 18]","[1, 1, 18]",,True,
117,30067,rx_cerberus_base,/home/telilab4090/Documents/Gazebo World/my_world/rt_out/experiments/semantic_ablation_actor_200f/sionna_xml/frame_117_sionna.xml,30.0,0.0,0.0,2.4,4.074,-1.779,0.81,28000000000.0,18,1.574846919538686e-08,5.723669715962387e-08,4.148822796423701e-08,3.621421740263031e-08,-74.4112089556313,-44.411208955631295,cir_coefficients_tau_mask,,"[1, 1, 1, 1, 18, 1]","[1, 1, 18]","[1, 1, 18]","[1, 1, 18]",,True,
117,30067,rx_nao_chest,/home/telilab4090/Documents/Gazebo World/my_world/rt_out/experiments/semantic_ablation_actor_200f/sionna_xml/frame_117_sionna.xml,30.0,0.0,0.0,2.4,-0.1337,2.748,0.7,28000000000.0,23,1.0787783999433032e-08,6.209720737615498e-08,5.130942337672195e-08,7.244521782467928e-08,-71.39990277423999,-41.39990277423999,cir_coefficients_tau_mask,,"[1, 1, 1, 1, 23, 1]","[1, 1, 23]","[1, 1, 23]","[1, 1, 23]",,True,
117,30067,rx_human_chest,/home/telilab4090/Documents/Gazebo World/my_world/rt_out/experiments/semantic_ablation_actor_200f/sionna_xml/frame_117_sionna.xml,30.0,0.0,0.0,2.4,-1.4605,-0.8406,1.6421,28000000000.0,22,6.163341392806387e-09,6.431429255826515e-08,5.8150951165458764e-08,2.2438423741277802e-07,-66.49007654746941,-36.490076547469414,cir_coefficients_tau_mask,,"[1, 1, 1, 1, 22, 1]","[1, 1, 22]","[1, 1, 22]","[1, 1, 22]",,True,
117,30067,rx_x500_body,/home/telilab4090/Documents/Gazebo World/my_world/rt_out/experiments/semantic_ablation_actor_200f/sionna_xml/frame_117_sionna.xml,30.0,0.0,0.0,2.4,-3.9279,3.2024,1.3944,28000000000.0,23,1.7234324189985273e-08,7.465505547088469e-08,5.742073128089942e-08,3.372388590605624e-08,-74.72062388664037,-44.72062388664037,cir_coefficients_tau_mask,,"[1, 1, 1, 1, 23, 1]","[1, 1, 23]","[1, 1, 23]","[1, 1, 23]",,True,
118,30324,rx_panda_base,/home/telilab4090/Documents/Gazebo World/my_world/rt_out/experiments/semantic_ablation_actor_200f/sionna_xml/frame_118_sionna.xml,30.0,0.0,0.0,2.4,0.582,0.888,1.195,28000000000.0,28,7.579527228074312e-09,6.284866316264015e-08,5.526913593456584e-08,1.8195665418829776e-08,-77.4003205755828,-47.400320575582796,cir_coefficients_tau_mask,,"[1, 1, 1, 1, 28, 1]","[1, 1, 28]","[1, 1, 28]","[1, 1, 28]",,True,
118,30324,rx_ur5_base,/home/telilab4090/Documents/Gazebo World/my_world/rt_out/experiments/semantic_ablation_actor_200f/sionna_xml/frame_118_sionna.xml,30.0,0.0,0.0,2.4,0.497,-0.841,0.995,28000000000.0,18,1.9024806618972434e-08,5.930293767164585e-08,4.0278131052673416e-08,1.528202786538202e-09,-88.15819012755698,-58.15819012755698,cir_coefficients_tau_mask,,"[1, 1, 1, 1, 18, 1]","[1, 1, 18]","[1, 1, 18]","[1, 1, 18]",,True,
118,30324,rx_cerberus_base,/home/telilab4090/Documents/Gazebo World/my_world/rt_out/experiments/semantic_ablation_actor_200f/sionna_xml/frame_118_sionna.xml,30.0,0.0,0.0,2.4,4.074,-1.779,0.81,28000000000.0,18,1.574846919538686e-08,5.723669715962387e-08,4.148822796423701e-08,3.621421384991663e-08,-74.41120938168608,-44.41120938168608,cir_coefficients_tau_mask,,"[1, 1, 1, 1, 18, 1]","[1, 1, 18]","[1, 1, 18]","[1, 1, 18]",,True,
118,30324,rx_nao_chest,/home/telilab4090/Documents/Gazebo World/my_world/rt_out/experiments/semantic_ablation_actor_200f/sionna_xml/frame_118_sionna.xml,30.0,0.0,0.0,2.4,-0.1337,2.748,0.7,28000000000.0,24,1.0787783999433032e-08,6.209720737615498e-08,5.130942337672195e-08,7.24924902328894e-08,-71.3970698128202,-41.397069812820206,cir_coefficients_tau_mask,,"[1, 1, 1, 1, 24, 1]","[1, 1, 24]","[1, 1, 24]","[1, 1, 24]",,True,
118,30324,rx_human_chest,/home/telilab4090/Documents/Gazebo World/my_world/rt_out/experiments/semantic_ablation_actor_200f/sionna_xml/frame_118_sionna.xml,30.0,0.0,0.0,2.4,-1.4605,-0.8406,1.6421,28000000000.0,22,6.163341392806387e-09,6.568895827285814e-08,5.952561688005176e-08,2.2402592492198892e-07,-66.49701720955687,-36.49701720955687,cir_coefficients_tau_mask,,"[1, 1, 1, 1, 22, 1]","[1, 1, 22]","[1, 1, 22]","[1, 1, 22]",,True,
118,30324,rx_x500_body,/home/telilab4090/Documents/Gazebo World/my_world/rt_out/experiments/semantic_ablation_actor_200f/sionna_xml/frame_118_sionna.xml,30.0,0.0,0.0,2.4,-3.9279,3.2024,1.3944,28000000000.0,22,1.7234324189985273e-08,7.465505547088469e-08,5.742073128089942e-08,3.3687346245869776e-08,-74.72533199650195,-44.72533199650195,cir_coefficients_tau_mask,,"[1, 1, 1, 1, 22, 1]","[1, 1, 22]","[1, 1, 22]","[1, 1, 22]",,True,
119,30581,rx_panda_base,/home/telilab4090/Documents/Gazebo World/my_world/rt_out/experiments/semantic_ablation_actor_200f/sionna_xml/frame_119_sionna.xml,30.0,0.0,0.0,2.4,0.582,0.888,1.195,28000000000.0,29,7.579527228074312e-09,6.284866316264015e-08,5.526913593456584e-08,1.821448769590006e-08,-77.39583039298407,-47.39583039298407,cir_coefficients_tau_mask,,"[1, 1, 1, 1, 29, 1]","[1, 1, 29]","[1, 1, 29]","[1, 1, 29]",,True,
119,30581,rx_ur5_base,/home/telilab4090/Documents/Gazebo World/my_world/rt_out/experiments/semantic_ablation_actor_200f/sionna_xml/frame_119_sionna.xml,30.0,0.0,0.0,2.4,0.497,-0.841,0.995,28000000000.0,25,5.708055805797585e-09,5.930293767164585e-08,5.3594881865848265e-08,8.956287729233736e-07,-60.47871962746954,-30.478719627469538,cir_coefficients_tau_mask,,"[1, 1, 1, 1, 25, 1]","[1, 1, 25]","[1, 1, 25]","[1, 1, 25]",,True,
119,30581,rx_cerberus_base,/home/telilab4090/Documents/Gazebo World/my_world/rt_out/experiments/semantic_ablation_actor_200f/sionna_xml/frame_119_sionna.xml,30.0,0.0,0.0,2.4,4.074,-1.779,0.81,28000000000.0,18,1.574846919538686e-08,5.723669715962387e-08,4.148822796423701e-08,3.621421384991663e-08,-74.41120938168608,-44.41120938168608,cir_coefficients_tau_mask,,"[1, 1, 1, 1, 18, 1]","[1, 1, 18]","[1, 1, 18]","[1, 1, 18]",,True,
119,30581,rx_nao_chest,/home/telilab4090/Documents/Gazebo World/my_world/rt_out/experiments/semantic_ablation_actor_200f/sionna_xml/frame_119_sionna.xml,30.0,0.0,0.0,2.4,-0.1337,2.748,0.7,28000000000.0,24,1.0787783999433032e-08,6.209720737615498e-08,5.130942337672195e-08,7.24924902328894e-08,-71.3970698128202,-41.397069812820206,cir_coefficients_tau_mask,,"[1, 1, 1, 1, 24, 1]","[1, 1, 24]","[1, 1, 24]","[1, 1, 24]",,True,
119,30581,rx_human_chest,/home/telilab4090/Documents/Gazebo World/my_world/rt_out/experiments/semantic_ablation_actor_200f/sionna_xml/frame_119_sionna.xml,30.0,0.0,0.0,2.4,-1.4605,-0.8406,1.6421,28000000000.0,23,6.163341392806387e-09,6.568895827285814e-08,5.952561688005176e-08,2.2439070335167344e-07,-66.48995140137379,-36.48995140137379,cir_coefficients_tau_mask,,"[1, 1, 1, 1, 23, 1]","[1, 1, 23]","[1, 1, 23]","[1, 1, 23]",,True,
119,30581,rx_x500_body,/home/telilab4090/Documents/Gazebo World/my_world/rt_out/experiments/semantic_ablation_actor_200f/sionna_xml/frame_119_sionna.xml,30.0,0.0,0.0,2.4,-3.9279,3.2024,1.3944,28000000000.0,23,1.7234324189985273e-08,7.465505547088469e-08,5.742073128089942e-08,3.3723893011483597e-08,-74.72062297160716,-44.720622971607156,cir_coefficients_tau_mask,,"[1, 1, 1, 1, 23, 1]","[1, 1, 23]","[1, 1, 23]","[1, 1, 23]",,True,
120,30838,rx_panda_base,/home/telilab4090/Documents/Gazebo World/my_world/rt_out/experiments/semantic_ablation_actor_200f/sionna_xml/frame_120_sionna.xml,30.0,0.0,0.0,2.4,0.582,0.888,1.195,28000000000.0,30,7.579527228074312e-09,6.284866316264015e-08,5.526913593456584e-08,2.416249600400988e-08,-76.16858204786944,-46.168582047869435,cir_coefficients_tau_mask,,"[1, 1, 1, 1, 30, 1]","[1, 1, 30]","[1, 1, 30]","[1, 1, 30]",,True,
120,30838,rx_ur5_base,/home/telilab4090/Documents/Gazebo World/my_world/rt_out/experiments/semantic_ablation_actor_200f/sionna_xml/frame_120_sionna.xml,30.0,0.0,0.0,2.4,0.497,-0.841,0.995,28000000000.0,20,8.658745720424577e-09,5.930293767164585e-08,5.0644191951221273e-08,2.6935935704130998e-09,-85.6966793327628,-55.6966793327628,cir_coefficients_tau_mask,,"[1, 1, 1, 1, 20, 1]","[1, 1, 20]","[1, 1, 20]","[1, 1, 20]",,True,
120,30838,rx_cerberus_base,/home/telilab4090/Documents/Gazebo World/my_world/rt_out/experiments/semantic_ablation_actor_200f/sionna_xml/frame_120_sionna.xml,30.0,0.0,0.0,2.4,4.074,-1.779,0.81,28000000000.0,18,1.574846919538686e-08,5.723669715962387e-08,4.148822796423701e-08,3.6214210297202953e-08,-74.41120980774089,-44.41120980774089,cir_coefficients_tau_mask,,"[1, 1, 1, 1, 18, 1]","[1, 1, 18]","[1, 1, 18]","[1, 1, 18]",,True,
120,30838,rx_nao_chest,/home/telilab4090/Documents/Gazebo World/my_world/rt_out/experiments/semantic_ablation_actor_200f/sionna_xml/frame_120_sionna.xml,30.0,0.0,0.0,2.4,-0.1337,2.748,0.7,28000000000.0,20,1.0787783999433032e-08,6.209720737615498e-08,5.130942337672195e-08,7.193393969373574e-08,-71.43066153512711,-41.430661535127115,cir_coefficients_tau_mask,,"[1, 1, 1, 1, 20, 1]","[1, 1, 20]","[1, 1, 20]","[1, 1, 20]",,True,
120,30838,rx_human_chest,/home/telilab4090/Documents/Gazebo World/my_world/rt_out/experiments/semantic_ablation_actor_200f/sionna_xml/frame_120_sionna.xml,30.0,0.0,0.0,2.4,-1.4605,-0.8406,1.6421,28000000000.0,23,6.163341392806387e-09,6.568895827285814e-08,5.952561688005176e-08,2.2439071756252815e-07,-66.48995112633139,-36.48995112633139,cir_coefficients_tau_mask,,"[1, 1, 1, 1, 23, 1]","[1, 1, 23]","[1, 1, 23]","[1, 1, 23]",,True,
120,30838,rx_x500_body,/home/telilab4090/Documents/Gazebo World/my_world/rt_out/experiments/semantic_ablation_actor_200f/sionna_xml/frame_120_sionna.xml,30.0,0.0,0.0,2.4,-3.9279,3.2024,1.3944,28000000000.0,23,1.7234324189985273e-08,7.465505547088469e-08,5.742073128089942e-08,3.372388590605624e-08,-74.72062388664037,-44.72062388664037,cir_coefficients_tau_mask,,"[1, 1, 1, 1, 23, 1]","[1, 1, 23]","[1, 1, 23]","[1, 1, 23]",,True,
121,31095,rx_panda_base,/home/telilab4090/Documents/Gazebo World/my_world/rt_out/experiments/semantic_ablation_actor_200f/sionna_xml/frame_121_sionna.xml,30.0,0.0,0.0,2.4,0.582,0.888,1.195,28000000000.0,31,7.579527228074312e-09,5.897902966012225e-08,5.139950243204794e-08,2.4417996513648177e-08,-76.12289972609072,-46.12289972609072,cir_coefficients_tau_mask,,"[1, 1, 1, 1, 31, 1]","[1, 1, 31]","[1, 1, 31]","[1, 1, 31]",,True,
121,31095,rx_ur5_base,/home/telilab4090/Documents/Gazebo World/my_world/rt_out/experiments/semantic_ablation_actor_200f/sionna_xml/frame_121_sionna.xml,30.0,0.0,0.0,2.4,0.497,-0.841,0.995,28000000000.0,20,5.972452310487597e-09,6.370818539380707e-08,5.7735733083319474e-08,1.9046493093810568e-07,-67.20184976429874,-37.20184976429874,cir_coefficients_tau_mask,,"[1, 1, 1, 1, 20, 1]","[1, 1, 20]","[1, 1, 20]","[1, 1, 20]",,True,
121,31095,rx_cerberus_base,/home/telilab4090/Documents/Gazebo World/my_world/rt_out/experiments/semantic_ablation_actor_200f/sionna_xml/frame_121_sionna.xml,30.0,0.0,0.0,2.4,4.074,-1.779,0.81,28000000000.0,18,1.574846919538686e-08,5.723669715962387e-08,4.148822796423701e-08,3.621421384991663e-08,-74.41120938168608,-44.41120938168608,cir_coefficients_tau_mask,,"[1, 1, 1, 1, 18, 1]","[1, 1, 18]","[1, 1, 18]","[1, 1, 18]",,True,
121,31095,rx_nao_chest,/home/telilab4090/Documents/Gazebo World/my_world/rt_out/experiments/semantic_ablation_actor_200f/sionna_xml/frame_121_sionna.xml,30.0,0.0,0.0,2.4,-0.1337,2.748,0.7,28000000000.0,23,1.0787783999433032e-08,6.209720737615498e-08,5.130942337672195e-08,7.236335619609235e-08,-71.40481298865271,-41.40481298865271,cir_coefficients_tau_mask,,"[1, 1, 1, 1, 23, 1]","[1, 1, 23]","[1, 1, 23]","[1, 1, 23]",,True,
121,31095,rx_human_chest,/home/telilab4090/Documents/Gazebo World/my_world/rt_out/experiments/semantic_ablation_actor_200f/sionna_xml/frame_121_sionna.xml,30.0,0.0,0.0,2.4,-1.4605,-0.8406,1.6421,28000000000.0,23,6.163341392806387e-09,6.568895827285814e-08,5.952561688005176e-08,2.2439071756252815e-07,-66.48995112633139,-36.48995112633139,cir_coefficients_tau_mask,,"[1, 1, 1, 1, 23, 1]","[1, 1, 23]","[1, 1, 23]","[1, 1, 23]",,True,
121,31095,rx_x500_body,/home/telilab4090/Documents/Gazebo World/my_world/rt_out/experiments/semantic_ablation_actor_200f/sionna_xml/frame_121_sionna.xml,30.0,0.0,0.0,2.4,-3.9279,3.2024,1.3944,28000000000.0,23,1.7234324189985273e-08,7.465505547088469e-08,5.742073128089942e-08,3.3723893011483597e-08,-74.72062297160716,-44.720622971607156,cir_coefficients_tau_mask,,"[1, 1, 1, 1, 23, 1]","[1, 1, 23]","[1, 1, 23]","[1, 1, 23]",,True,
122,31352,rx_panda_base,/home/telilab4090/Documents/Gazebo World/my_world/rt_out/experiments/semantic_ablation_actor_200f/sionna_xml/frame_122_sionna.xml,30.0,0.0,0.0,2.4,0.582,0.888,1.195,28000000000.0,29,7.579527228074312e-09,5.897902966012225e-08,5.139950243204794e-08,2.4158316236366773e-08,-76.16933338044991,-46.16933338044991,cir_coefficients_tau_mask,,"[1, 1, 1, 1, 29, 1]","[1, 1, 29]","[1, 1, 29]","[1, 1, 29]",,True,
122,31352,rx_ur5_base,/home/telilab4090/Documents/Gazebo World/my_world/rt_out/experiments/semantic_ablation_actor_200f/sionna_xml/frame_122_sionna.xml,30.0,0.0,0.0,2.4,0.497,-0.841,0.995,28000000000.0,29,5.708055805797585e-09,6.370818539380707e-08,5.8000129588009486e-08,8.021050348361314e-07,-60.95768757572543,-30.95768757572543,cir_coefficients_tau_mask,,"[1, 1, 1, 1, 29, 1]","[1, 1, 29]","[1, 1, 29]","[1, 1, 29]",,True,
122,31352,rx_cerberus_base,/home/telilab4090/Documents/Gazebo World/my_world/rt_out/experiments/semantic_ablation_actor_200f/sionna_xml/frame_122_sionna.xml,30.0,0.0,0.0,2.4,4.074,-1.779,0.81,28000000000.0,18,1.574846919538686e-08,5.723669715962387e-08,4.148822796423701e-08,3.621421384991663e-08,-74.41120938168608,-44.41120938168608,cir_coefficients_tau_mask,,"[1, 1, 1, 1, 18, 1]","[1, 1, 18]","[1, 1, 18]","[1, 1, 18]",,True,
122,31352,rx_nao_chest,/home/telilab4090/Documents/Gazebo World/my_world/rt_out/experiments/semantic_ablation_actor_200f/sionna_xml/frame_122_sionna.xml,30.0,0.0,0.0,2.4,-0.1337,2.748,0.7,28000000000.0,21,1.0787783999433032e-08,6.209720737615498e-08,5.130942337672195e-08,7.199592744200345e-08,-71.4269206939496,-41.4269206939496,cir_coefficients_tau_mask,,"[1, 1, 1, 1, 21, 1]","[1, 1, 21]","[1, 1, 21]","[1, 1, 21]",,True,
122,31352,rx_human_chest,/home/telilab4090/Documents/Gazebo World/my_world/rt_out/experiments/semantic_ablation_actor_200f/sionna_xml/frame_122_sionna.xml,30.0,0.0,0.0,2.4,-1.4605,-0.8406,1.6421,28000000000.0,23,6.163341392806387e-09,6.568895827285814e-08,5.952561688005176e-08,2.2439071756252815e-07,-66.48995112633139,-36.48995112633139,cir_coefficients_tau_mask,,"[1, 1, 1, 1, 23, 1]","[1, 1, 23]","[1, 1, 23]","[1, 1, 23]",,True,
122,31352,rx_x500_body,/home/telilab4090/Documents/Gazebo World/my_world/rt_out/experiments/semantic_ablation_actor_200f/sionna_xml/frame_122_sionna.xml,30.0,0.0,0.0,2.4,-3.9279,3.2024,1.3944,28000000000.0,23,1.7234324189985273e-08,7.465505547088469e-08,5.742073128089942e-08,3.372388945876992e-08,-74.72062342912375,-44.72062342912375,cir_coefficients_tau_mask,,"[1, 1, 1, 1, 23, 1]","[1, 1, 23]","[1, 1, 23]","[1, 1, 23]",,True,
123,31609,rx_panda_base,/home/telilab4090/Documents/Gazebo World/my_world/rt_out/experiments/semantic_ablation_actor_200f/sionna_xml/frame_123_sionna.xml,30.0,0.0,0.0,2.4,0.582,0.888,1.195,28000000000.0,29,7.579527228074312e-09,5.897902966012225e-08,5.139950243204794e-08,2.4158316236366773e-08,-76.16933338044991,-46.16933338044991,cir_coefficients_tau_mask,,"[1, 1, 1, 1, 29, 1]","[1, 1, 29]","[1, 1, 29]","[1, 1, 29]",,True,
123,31609,rx_ur5_base,/home/telilab4090/Documents/Gazebo World/my_world/rt_out/experiments/semantic_ablation_actor_200f/sionna_xml/frame_123_sionna.xml,30.0,0.0,0.0,2.4,0.497,-0.841,0.995,28000000000.0,24,5.708055805797585e-09,6.370818539380707e-08,5.8000129588009486e-08,8.030544336179446e-07,-60.9525501584376,-30.952550158437603,cir_coefficients_tau_mask,,"[1, 1, 1, 1, 24, 1]","[1, 1, 24]","[1, 1, 24]","[1, 1, 24]",,True,
123,31609,rx_cerberus_base,/home/telilab4090/Documents/Gazebo World/my_world/rt_out/experiments/semantic_ablation_actor_200f/sionna_xml/frame_123_sionna.xml,30.0,0.0,0.0,2.4,4.074,-1.779,0.81,28000000000.0,18,1.574846919538686e-08,5.723669715962387e-08,4.148822796423701e-08,3.621421384991663e-08,-74.41120938168608,-44.41120938168608,cir_coefficients_tau_mask,,"[1, 1, 1, 1, 18, 1]","[1, 1, 18]","[1, 1, 18]","[1, 1, 18]",,True,
123,31609,rx_nao_chest,/home/telilab4090/Documents/Gazebo World/my_world/rt_out/experiments/semantic_ablation_actor_200f/sionna_xml/frame_123_sionna.xml,30.0,0.0,0.0,2.4,-0.1337,2.748,0.7,28000000000.0,20,1.0787783999433032e-08,6.209720737615498e-08,5.130942337672195e-08,7.186680051063377e-08,-71.43471689378771,-41.43471689378771,cir_coefficients_tau_mask,,"[1, 1, 1, 1, 20, 1]","[1, 1, 20]","[1, 1, 20]","[1, 1, 20]",,True,
123,31609,rx_human_chest,/home/telilab4090/Documents/Gazebo World/my_world/rt_out/experiments/semantic_ablation_actor_200f/sionna_xml/frame_123_sionna.xml,30.0,0.0,0.0,2.4,-1.4605,-0.8406,1.6421,28000000000.0,23,6.163341392806387e-09,6.568895827285814e-08,5.952561688005176e-08,2.2439070335167344e-07,-66.48995140137379,-36.48995140137379,cir_coefficients_tau_mask,,"[1, 1, 1, 1, 23, 1]","[1, 1, 23]","[1, 1, 23]","[1, 1, 23]",,True,
123,31609,rx_x500_body,/home/telilab4090/Documents/Gazebo World/my_world/rt_out/experiments/semantic_ablation_actor_200f/sionna_xml/frame_123_sionna.xml,30.0,0.0,0.0,2.4,-3.9279,3.2024,1.3944,28000000000.0,23,1.7234324189985273e-08,7.465505547088469e-08,5.742073128089942e-08,3.3723893011483597e-08,-74.72062297160716,-44.720622971607156,cir_coefficients_tau_mask,,"[1, 1, 1, 1, 23, 1]","[1, 1, 23]","[1, 1, 23]","[1, 1, 23]",,True,
124,31866,rx_panda_base,/home/telilab4090/Documents/Gazebo World/my_world/rt_out/experiments/semantic_ablation_actor_200f/sionna_xml/frame_124_sionna.xml,30.0,0.0,0.0,2.4,0.582,0.888,1.195,28000000000.0,29,7.579527228074312e-09,5.897902966012225e-08,5.139950243204794e-08,2.4158310907296254e-08,-76.16933433845799,-46.169334338457986,cir_coefficients_tau_mask,,"[1, 1, 1, 1, 29, 1]","[1, 1, 29]","[1, 1, 29]","[1, 1, 29]",,True,
124,31866,rx_ur5_base,/home/telilab4090/Documents/Gazebo World/my_world/rt_out/experiments/semantic_ablation_actor_200f/sionna_xml/frame_124_sionna.xml,30.0,0.0,0.0,2.4,0.497,-0.841,0.995,28000000000.0,24,5.708055805797585e-09,6.370818539380707e-08,5.8000129588009486e-08,8.031814786590985e-07,-60.95186314901365,-30.951863149013647,cir_coefficients_tau_mask,,"[1, 1, 1, 1, 24, 1]","[1, 1, 24]","[1, 1, 24]","[1, 1, 24]",,True,
124,31866,rx_cerberus_base,/home/telilab4090/Documents/Gazebo World/my_world/rt_out/experiments/semantic_ablation_actor_200f/sionna_xml/frame_124_sionna.xml,30.0,0.0,0.0,2.4,4.074,-1.779,0.81,28000000000.0,18,1.574846919538686e-08,5.723669715962387e-08,4.148822796423701e-08,3.621421384991663e-08,-74.41120938168608,-44.41120938168608,cir_coefficients_tau_mask,,"[1, 1, 1, 1, 18, 1]","[1, 1, 18]","[1, 1, 18]","[1, 1, 18]",,True,
124,31866,rx_nao_chest,/home/telilab4090/Documents/Gazebo World/my_world/rt_out/experiments/semantic_ablation_actor_200f/sionna_xml/frame_124_sionna.xml,30.0,0.0,0.0,2.4,-0.1337,2.748,0.7,28000000000.0,20,1.0787783999433032e-08,6.209720737615498e-08,5.130942337672195e-08,7.186680051063377e-08,-71.43471689378771,-41.43471689378771,cir_coefficients_tau_mask,,"[1, 1, 1, 1, 20, 1]","[1, 1, 20]","[1, 1, 20]","[1, 1, 20]",,True,
124,31866,rx_human_chest,/home/telilab4090/Documents/Gazebo World/my_world/rt_out/experiments/semantic_ablation_actor_200f/sionna_xml/frame_124_sionna.xml,30.0,0.0,0.0,2.4,-1.4605,-0.8406,1.6421,28000000000.0,23,6.163341392806387e-09,6.568895827285814e-08,5.952561688005176e-08,2.2439070335167344e-07,-66.48995140137379,-36.48995140137379,cir_coefficients_tau_mask,,"[1, 1, 1, 1, 23, 1]","[1, 1, 23]","[1, 1, 23]","[1, 1, 23]",,True,
124,31866,rx_x500_body,/home/telilab4090/Documents/Gazebo World/my_world/rt_out/experiments/semantic_ablation_actor_200f/sionna_xml/frame_124_sionna.xml,30.0,0.0,0.0,2.4,-3.9279,3.2024,1.3944,28000000000.0,22,1.7234324189985273e-08,7.465505547088469e-08,5.742073128089942e-08,3.315524210734111e-08,-74.79447796420398,-44.79447796420398,cir_coefficients_tau_mask,,"[1, 1, 1, 1, 22, 1]","[1, 1, 22]","[1, 1, 22]","[1, 1, 22]",,True,
125,32123,rx_panda_base,/home/telilab4090/Documents/Gazebo World/my_world/rt_out/experiments/semantic_ablation_actor_200f/sionna_xml/frame_125_sionna.xml,30.0,0.0,0.0,2.4,0.582,0.888,1.195,28000000000.0,29,7.579527228074312e-09,5.897902966012225e-08,5.139950243204794e-08,2.4158314460009933e-08,-76.16933369978591,-46.16933369978591,cir_coefficients_tau_mask,,"[1, 1, 1, 1, 29, 1]","[1, 1, 29]","[1, 1, 29]","[1, 1, 29]",,True,
125,32123,rx_ur5_base,/home/telilab4090/Documents/Gazebo World/my_world/rt_out/experiments/semantic_ablation_actor_200f/sionna_xml/frame_125_sionna.xml,30.0,0.0,0.0,2.4,0.497,-0.841,0.995,28000000000.0,17,5.963801896768928e-09,5.930293767164585e-08,5.333913577487692e-08,2.052982921441071e-07,-66.87614663466599,-36.876146634665986,cir_coefficients_tau_mask,,"[1, 1, 1, 1, 17, 1]","[1, 1, 17]","[1, 1, 17]","[1, 1, 17]",,True,
125,32123,rx_cerberus_base,/home/telilab4090/Documents/Gazebo World/my_world/rt_out/experiments/semantic_ablation_actor_200f/sionna_xml/frame_125_sionna.xml,30.0,0.0,0.0,2.4,4.074,-1.779,0.81,28000000000.0,18,1.574846919538686e-08,5.723669715962387e-08,4.148822796423701e-08,3.6214210297202953e-08,-74.41120980774089,-44.41120980774089,cir_coefficients_tau_mask,,"[1, 1, 1, 1, 18, 1]","[1, 1, 18]","[1, 1, 18]","[1, 1, 18]",,True,
125,32123,rx_nao_chest,/home/telilab4090/Documents/Gazebo World/my_world/rt_out/experiments/semantic_ablation_actor_200f/sionna_xml/frame_125_sionna.xml,30.0,0.0,0.0,2.4,-0.1337,2.748,0.7,28000000000.0,19,1.0787783999433032e-08,6.209720737615498e-08,5.130942337672195e-08,7.172716465220219e-08,-71.44316336322522,-41.443163363225224,cir_coefficients_tau_mask,,"[1, 1, 1, 1, 19, 1]","[1, 1, 19]","[1, 1, 19]","[1, 1, 19]",,True,
125,32123,rx_human_chest,/home/telilab4090/Documents/Gazebo World/my_world/rt_out/experiments/semantic_ablation_actor_200f/sionna_xml/frame_125_sionna.xml,30.0,0.0,0.0,2.4,-1.4605,-0.8406,1.6421,28000000000.0,23,6.163341392806387e-09,6.568895827285814e-08,5.952561688005176e-08,2.2439071756252815e-07,-66.48995112633139,-36.48995112633139,cir_coefficients_tau_mask,,"[1, 1, 1, 1, 23, 1]","[1, 1, 23]","[1, 1, 23]","[1, 1, 23]",,True,
125,32123,rx_x500_body,/home/telilab4090/Documents/Gazebo World/my_world/rt_out/experiments/semantic_ablation_actor_200f/sionna_xml/frame_125_sionna.xml,30.0,0.0,0.0,2.4,-3.9279,3.2024,1.3944,28000000000.0,23,1.7234324189985273e-08,7.465505547088469e-08,5.742073128089942e-08,3.372388945876992e-08,-74.72062342912375,-44.72062342912375,cir_coefficients_tau_mask,,"[1, 1, 1, 1, 23, 1]","[1, 1, 23]","[1, 1, 23]","[1, 1, 23]",,True,
126,32380,rx_panda_base,/home/telilab4090/Documents/Gazebo World/my_world/rt_out/experiments/semantic_ablation_actor_200f/sionna_xml/frame_126_sionna.xml,30.0,0.0,0.0,2.4,0.582,0.888,1.195,28000000000.0,28,8.163323350629526e-09,6.284866316264015e-08,5.4685339812010625e-08,2.7825082238308596e-09,-85.55563543414068,-55.55563543414068,cir_coefficients_tau_mask,,"[1, 1, 1, 1, 28, 1]","[1, 1, 28]","[1, 1, 28]","[1, 1, 28]",,True,
126,32380,rx_ur5_base,/home/telilab4090/Documents/Gazebo World/my_world/rt_out/experiments/semantic_ablation_actor_200f/sionna_xml/frame_126_sionna.xml,30.0,0.0,0.0,2.4,0.497,-0.841,0.995,28000000000.0,15,5.9593388002099346e-09,5.930293767164585e-08,5.3343598871435915e-08,2.1454110310514807e-07,-66.68489490697637,-36.68489490697637,cir_coefficients_tau_mask,,"[1, 1, 1, 1, 15, 1]","[1, 1, 15]","[1, 1, 15]","[1, 1, 15]",,True,
126,32380,rx_cerberus_base,/home/telilab4090/Documents/Gazebo World/my_world/rt_out/experiments/semantic_ablation_actor_200f/sionna_xml/frame_126_sionna.xml,30.0,0.0,0.0,2.4,4.074,-1.779,0.81,28000000000.0,18,1.574846919538686e-08,5.723669715962387e-08,4.148822796423701e-08,3.621421384991663e-08,-74.41120938168608,-44.41120938168608,cir_coefficients_tau_mask,,"[1, 1, 1, 1, 18, 1]","[1, 1, 18]","[1, 1, 18]","[1, 1, 18]",,True,
126,32380,rx_nao_chest,/home/telilab4090/Documents/Gazebo World/my_world/rt_out/experiments/semantic_ablation_actor_200f/sionna_xml/frame_126_sionna.xml,30.0,0.0,0.0,2.4,-0.1337,2.748,0.7,28000000000.0,20,1.0787783999433032e-08,6.209720737615498e-08,5.130942337672195e-08,7.185629158357187e-08,-71.4353519996674,-41.435351999667404,cir_coefficients_tau_mask,,"[1, 1, 1, 1, 20, 1]","[1, 1, 20]","[1, 1, 20]","[1, 1, 20]",,True,
126,32380,rx_human_chest,/home/telilab4090/Documents/Gazebo World/my_world/rt_out/experiments/semantic_ablation_actor_200f/sionna_xml/frame_126_sionna.xml,30.0,0.0,0.0,2.4,-1.4605,-0.8406,1.6421,28000000000.0,23,6.163341392806387e-09,6.568895827285814e-08,5.952561688005176e-08,2.2439071756252815e-07,-66.48995112633139,-36.48995112633139,cir_coefficients_tau_mask,,"[1, 1, 1, 1, 23, 1]","[1, 1, 23]","[1, 1, 23]","[1, 1, 23]",,True,
126,32380,rx_x500_body,/home/telilab4090/Documents/Gazebo World/my_world/rt_out/experiments/semantic_ablation_actor_200f/sionna_xml/frame_126_sionna.xml,30.0,0.0,0.0,2.4,-3.9279,3.2024,1.3944,28000000000.0,23,1.7234324189985273e-08,7.465505547088469e-08,5.742073128089942e-08,3.3723893011483597e-08,-74.72062297160716,-44.720622971607156,cir_coefficients_tau_mask,,"[1, 1, 1, 1, 23, 1]","[1, 1, 23]","[1, 1, 23]","[1, 1, 23]",,True,
127,32637,rx_panda_base,/home/telilab4090/Documents/Gazebo World/my_world/rt_out/experiments/semantic_ablation_actor_200f/sionna_xml/frame_127_sionna.xml,30.0,0.0,0.0,2.4,0.582,0.888,1.195,28000000000.0,23,8.163323350629526e-09,6.284866316264015e-08,5.4685339812010625e-08,2.6883646420117202e-09,-85.70511825174316,-55.70511825174316,cir_coefficients_tau_mask,,"[1, 1, 1, 1, 23, 1]","[1, 1, 23]","[1, 1, 23]","[1, 1, 23]",,True,
127,32637,rx_ur5_base,/home/telilab4090/Documents/Gazebo World/my_world/rt_out/experiments/semantic_ablation_actor_200f/sionna_xml/frame_127_sionna.xml,30.0,0.0,0.0,2.4,0.497,-0.841,0.995,28000000000.0,14,2.8585452227503083e-08,5.930293767164585e-08,3.071748544414277e-08,1.408686611803489e-09,-88.51185612925133,-58.51185612925133,cir_coefficients_tau_mask,,"[1, 1, 1, 1, 14, 1]","[1, 1, 14]","[1, 1, 14]","[1, 1, 14]",,True,
127,32637,rx_cerberus_base,/home/telilab4090/Documents/Gazebo World/my_world/rt_out/experiments/semantic_ablation_actor_200f/sionna_xml/frame_127_sionna.xml,30.0,0.0,0.0,2.4,4.074,-1.779,0.81,28000000000.0,18,1.574846919538686e-08,5.723669715962387e-08,4.148822796423701e-08,3.621421384991663e-08,-74.41120938168608,-44.41120938168608,cir_coefficients_tau_mask,,"[1, 1, 1, 1, 18, 1]","[1, 1, 18]","[1, 1, 18]","[1, 1, 18]",,True,
127,32637,rx_nao_chest,/home/telilab4090/Documents/Gazebo World/my_world/rt_out/experiments/semantic_ablation_actor_200f/sionna_xml/frame_127_sionna.xml,30.0,0.0,0.0,2.4,-0.1337,2.748,0.7,28000000000.0,20,1.0787783999433032e-08,6.209720737615498e-08,5.130942337672195e-08,7.186680051063377e-08,-71.43471689378771,-41.43471689378771,cir_coefficients_tau_mask,,"[1, 1, 1, 1, 20, 1]","[1, 1, 20]","[1, 1, 20]","[1, 1, 20]",,True,
127,32637,rx_human_chest,/home/telilab4090/Documents/Gazebo World/my_world/rt_out/experiments/semantic_ablation_actor_200f/sionna_xml/frame_127_sionna.xml,30.0,0.0,0.0,2.4,-1.4605,-0.8406,1.6421,28000000000.0,23,6.163341392806387e-09,6.568895827285814e-08,5.952561688005176e-08,2.2439071756252815e-07,-66.48995112633139,-36.48995112633139,cir_coefficients_tau_mask,,"[1, 1, 1, 1, 23, 1]","[1, 1, 23]","[1, 1, 23]","[1, 1, 23]",,True,
127,32637,rx_x500_body,/home/telilab4090/Documents/Gazebo World/my_world/rt_out/experiments/semantic_ablation_actor_200f/sionna_xml/frame_127_sionna.xml,30.0,0.0,0.0,2.4,-3.9279,3.2024,1.3944,28000000000.0,23,1.7234324189985273e-08,7.465505547088469e-08,5.742073128089942e-08,3.372388945876992e-08,-74.72062342912375,-44.72062342912375,cir_coefficients_tau_mask,,"[1, 1, 1, 1, 23, 1]","[1, 1, 23]","[1, 1, 23]","[1, 1, 23]",,True,
128,32894,rx_panda_base,/home/telilab4090/Documents/Gazebo World/my_world/rt_out/experiments/semantic_ablation_actor_200f/sionna_xml/frame_128_sionna.xml,30.0,0.0,0.0,2.4,0.582,0.888,1.195,28000000000.0,23,8.163323350629526e-09,6.284866316264015e-08,5.4685339812010625e-08,2.68836553019014e-09,-85.70511681692693,-55.70511681692693,cir_coefficients_tau_mask,,"[1, 1, 1, 1, 23, 1]","[1, 1, 23]","[1, 1, 23]","[1, 1, 23]",,True,
128,32894,rx_ur5_base,/home/telilab4090/Documents/Gazebo World/my_world/rt_out/experiments/semantic_ablation_actor_200f/sionna_xml/frame_128_sionna.xml,30.0,0.0,0.0,2.4,0.497,-0.841,0.995,28000000000.0,17,5.708055805797585e-09,5.930293767164585e-08,5.3594881865848265e-08,6.883827268211462e-07,-61.621700357012145,-31.621700357012145,cir_coefficients_tau_mask,,"[1, 1, 1, 1, 17, 1]","[1, 1, 17]","[1, 1, 17]","[1, 1, 17]",,True,
128,32894,rx_cerberus_base,/home/telilab4090/Documents/Gazebo World/my_world/rt_out/experiments/semantic_ablation_actor_200f/sionna_xml/frame_128_sionna.xml,30.0,0.0,0.0,2.4,4.074,-1.779,0.81,28000000000.0,18,1.574846919538686e-08,5.723669715962387e-08,4.148822796423701e-08,3.6214210297202953e-08,-74.41120980774089,-44.41120980774089,cir_coefficients_tau_mask,,"[1, 1, 1, 1, 18, 1]","[1, 1, 18]","[1, 1, 18]","[1, 1, 18]",,True,
128,32894,rx_nao_chest,/home/telilab4090/Documents/Gazebo World/my_world/rt_out/experiments/semantic_ablation_actor_200f/sionna_xml/frame_128_sionna.xml,30.0,0.0,0.0,2.4,-0.1337,2.748,0.7,28000000000.0,22,1.0787783999433032e-08,6.209720737615498e-08,5.130942337672195e-08,7.204451435427472e-08,-71.42399081836338,-41.42399081836338,cir_coefficients_tau_mask,,"[1, 1, 1, 1, 22, 1]","[1, 1, 22]","[1, 1, 22]","[1, 1, 22]",,True,
128,32894,rx_human_chest,/home/telilab4090/Documents/Gazebo World/my_world/rt_out/experiments/semantic_ablation_actor_200f/sionna_xml/frame_128_sionna.xml,30.0,0.0,0.0,2.4,-1.4605,-0.8406,1.6421,28000000000.0,21,6.163341392806387e-09,6.431429255826515e-08,5.8150951165458764e-08,2.240194589830935e-07,-66.49714255942916,-36.497142559429165,cir_coefficients_tau_mask,,"[1, 1, 1, 1, 21, 1]","[1, 1, 21]","[1, 1, 21]","[1, 1, 21]",,True,
128,32894,rx_x500_body,/home/telilab4090/Documents/Gazebo World/my_world/rt_out/experiments/semantic_ablation_actor_200f/sionna_xml/frame_128_sionna.xml,30.0,0.0,0.0,2.4,-3.9279,3.2024,1.3944,28000000000.0,23,1.7234324189985273e-08,7.465505547088469e-08,5.742073128089942e-08,3.372388945876992e-08,-74.72062342912375,-44.72062342912375,cir_coefficients_tau_mask,,"[1, 1, 1, 1, 23, 1]","[1, 1, 23]","[1, 1, 23]","[1, 1, 23]",,True,
129,33151,rx_panda_base,/home/telilab4090/Documents/Gazebo World/my_world/rt_out/experiments/semantic_ablation_actor_200f/sionna_xml/frame_129_sionna.xml,30.0,0.0,0.0,2.4,0.582,0.888,1.195,28000000000.0,23,8.163323350629526e-09,6.284866316264015e-08,5.4685339812010625e-08,2.68836508610093e-09,-85.70511753433499,-55.70511753433499,cir_coefficients_tau_mask,,"[1, 1, 1, 1, 23, 1]","[1, 1, 23]","[1, 1, 23]","[1, 1, 23]",,True,
129,33151,rx_ur5_base,/home/telilab4090/Documents/Gazebo World/my_world/rt_out/experiments/semantic_ablation_actor_200f/sionna_xml/frame_129_sionna.xml,30.0,0.0,0.0,2.4,0.497,-0.841,0.995,28000000000.0,17,5.708055805797585e-09,5.930293767164585e-08,5.3594881865848265e-08,6.883827836645651e-07,-61.62169999839213,-31.62169999839213,cir_coefficients_tau_mask,,"[1, 1, 1, 1, 17, 1]","[1, 1, 17]","[1, 1, 17]","[1, 1, 17]",,True,
129,33151,rx_cerberus_base,/home/telilab4090/Documents/Gazebo World/my_world/rt_out/experiments/semantic_ablation_actor_200f/sionna_xml/frame_129_sionna.xml,30.0,0.0,0.0,2.4,4.074,-1.779,0.81,28000000000.0,18,1.574846919538686e-08,5.723669715962387e-08,4.148822796423701e-08,3.621421740263031e-08,-74.4112089556313,-44.411208955631295,cir_coefficients_tau_mask,,"[1, 1, 1, 1, 18, 1]","[1, 1, 18]","[1, 1, 18]","[1, 1, 18]",,True,
129,33151,rx_nao_chest,/home/telilab4090/Documents/Gazebo World/my_world/rt_out/experiments/semantic_ablation_actor_200f/sionna_xml/frame_129_sionna.xml,30.0,0.0,0.0,2.4,-0.1337,2.748,0.7,28000000000.0,22,1.0787783999433032e-08,6.209720737615498e-08,5.130942337672195e-08,7.204451435427472e-08,-71.42399081836338,-41.42399081836338,cir_coefficients_tau_mask,,"[1, 1, 1, 1, 22, 1]","[1, 1, 22]","[1, 1, 22]","[1, 1, 22]",,True,
129,33151,rx_human_chest,/home/telilab4090/Documents/Gazebo World/my_world/rt_out/experiments/semantic_ablation_actor_200f/sionna_xml/frame_129_sionna.xml,30.0,0.0,0.0,2.4,-1.4605,-0.8406,1.6421,28000000000.0,21,6.163341392806387e-09,6.431429255826515e-08,5.8150951165458764e-08,2.2401947319394822e-07,-66.49714228393097,-36.49714228393097,cir_coefficients_tau_mask,,"[1, 1, 1, 1, 21, 1]","[1, 1, 21]","[1, 1, 21]","[1, 1, 21]",,True,
129,33151,rx_x500_body,/home/telilab4090/Documents/Gazebo World/my_world/rt_out/experiments/semantic_ablation_actor_200f/sionna_xml/frame_129_sionna.xml,30.0,0.0,0.0,2.4,-3.9279,3.2024,1.3944,28000000000.0,23,1.7234324189985273e-08,7.465505547088469e-08,5.742073128089942e-08,3.3723893011483597e-08,-74.72062297160716,-44.720622971607156,cir_coefficients_tau_mask,,"[1, 1, 1, 1, 23, 1]","[1, 1, 23]","[1, 1, 23]","[1, 1, 23]",,True,
130,33408,rx_panda_base,/home/telilab4090/Documents/Gazebo World/my_world/rt_out/experiments/semantic_ablation_actor_200f/sionna_xml/frame_130_sionna.xml,30.0,0.0,0.0,2.4,0.582,0.888,1.195,28000000000.0,23,8.163323350629526e-09,6.284866316264015e-08,5.4685339812010625e-08,2.68836553019014e-09,-85.70511681692693,-55.70511681692693,cir_coefficients_tau_mask,,"[1, 1, 1, 1, 23, 1]","[1, 1, 23]","[1, 1, 23]","[1, 1, 23]",,True,
130,33408,rx_ur5_base,/home/telilab4090/Documents/Gazebo World/my_world/rt_out/experiments/semantic_ablation_actor_200f/sionna_xml/frame_130_sionna.xml,30.0,0.0,0.0,2.4,0.497,-0.841,0.995,28000000000.0,17,5.708055805797585e-09,5.930293767164585e-08,5.3594881865848265e-08,6.883827836645651e-07,-61.62169999839213,-31.62169999839213,cir_coefficients_tau_mask,,"[1, 1, 1, 1, 17, 1]","[1, 1, 17]","[1, 1, 17]","[1, 1, 17]",,True,
130,33408,rx_cerberus_base,/home/telilab4090/Documents/Gazebo World/my_world/rt_out/experiments/semantic_ablation_actor_200f/sionna_xml/frame_130_sionna.xml,30.0,0.0,0.0,2.4,4.074,-1.779,0.81,28000000000.0,18,1.574846919538686e-08,5.723669715962387e-08,4.148822796423701e-08,3.621421740263031e-08,-74.4112089556313,-44.411208955631295,cir_coefficients_tau_mask,,"[1, 1, 1, 1, 18, 1]","[1, 1, 18]","[1, 1, 18]","[1, 1, 18]",,True,
130,33408,rx_nao_chest,/home/telilab4090/Documents/Gazebo World/my_world/rt_out/experiments/semantic_ablation_actor_200f/sionna_xml/frame_130_sionna.xml,30.0,0.0,0.0,2.4,-0.1337,2.748,0.7,28000000000.0,21,1.0787783999433032e-08,6.209720737615498e-08,5.130942337672195e-08,7.203615126627483e-08,-71.42449498635267,-41.42449498635267,cir_coefficients_tau_mask,,"[1, 1, 1, 1, 21, 1]","[1, 1, 21]","[1, 1, 21]","[1, 1, 21]",,True,
130,33408,rx_human_chest,/home/telilab4090/Documents/Gazebo World/my_world/rt_out/experiments/semantic_ablation_actor_200f/sionna_xml/frame_130_sionna.xml,30.0,0.0,0.0,2.4,-1.4605,-0.8406,1.6421,28000000000.0,21,6.163341392806387e-09,6.431429255826515e-08,5.8150951165458764e-08,2.240194589830935e-07,-66.49714255942916,-36.497142559429165,cir_coefficients_tau_mask,,"[1, 1, 1, 1, 21, 1]","[1, 1, 21]","[1, 1, 21]","[1, 1, 21]",,True,
130,33408,rx_x500_body,/home/telilab4090/Documents/Gazebo World/my_world/rt_out/experiments/semantic_ablation_actor_200f/sionna_xml/frame_130_sionna.xml,30.0,0.0,0.0,2.4,-3.9279,3.2024,1.3944,28000000000.0,22,1.7234324189985273e-08,7.465505547088469e-08,5.742073128089942e-08,3.315524210734111e-08,-74.79447796420398,-44.79447796420398,cir_coefficients_tau_mask,,"[1, 1, 1, 1, 22, 1]","[1, 1, 22]","[1, 1, 22]","[1, 1, 22]",,True,
131,33665,rx_panda_base,/home/telilab4090/Documents/Gazebo World/my_world/rt_out/experiments/semantic_ablation_actor_200f/sionna_xml/frame_131_sionna.xml,30.0,0.0,0.0,2.4,0.582,0.888,1.195,28000000000.0,23,8.163323350629526e-09,6.284866316264015e-08,5.4685339812010625e-08,2.688364864056325e-09,-85.70511789303906,-55.70511789303906,cir_coefficients_tau_mask,,"[1, 1, 1, 1, 23, 1]","[1, 1, 23]","[1, 1, 23]","[1, 1, 23]",,True,
131,33665,rx_ur5_base,/home/telilab4090/Documents/Gazebo World/my_world/rt_out/experiments/semantic_ablation_actor_200f/sionna_xml/frame_131_sionna.xml,30.0,0.0,0.0,2.4,0.497,-0.841,0.995,28000000000.0,18,5.708055805797585e-09,5.930293767164585e-08,5.3594881865848265e-08,6.894710509186552e-07,-61.61483963991717,-31.61483963991717,cir_coefficients_tau_mask,,"[1, 1, 1, 1, 18, 1]","[1, 1, 18]","[1, 1, 18]","[1, 1, 18]",,True,
131,33665,rx_cerberus_base,/home/telilab4090/Documents/Gazebo World/my_world/rt_out/experiments/semantic_ablation_actor_200f/sionna_xml/frame_131_sionna.xml,30.0,0.0,0.0,2.4,4.074,-1.779,0.81,28000000000.0,18,1.574846919538686e-08,5.723669715962387e-08,4.148822796423701e-08,3.621421384991663e-08,-74.41120938168608,-44.41120938168608,cir_coefficients_tau_mask,,"[1, 1, 1, 1, 18, 1]","[1, 1, 18]","[1, 1, 18]","[1, 1, 18]",,True,
131,33665,rx_nao_chest,/home/telilab4090/Documents/Gazebo World/my_world/rt_out/experiments/semantic_ablation_actor_200f/sionna_xml/frame_131_sionna.xml,30.0,0.0,0.0,2.4,-0.1337,2.748,0.7,28000000000.0,21,1.0787783999433032e-08,6.209720737615498e-08,5.130942337672195e-08,7.203615126627483e-08,-71.42449498635267,-41.42449498635267,cir_coefficients_tau_mask,,"[1, 1, 1, 1, 21, 1]","[1, 1, 21]","[1, 1, 21]","[1, 1, 21]",,True,
131,33665,rx_human_chest,/home/telilab4090/Documents/Gazebo World/my_world/rt_out/experiments/semantic_ablation_actor_200f/sionna_xml/frame_131_sionna.xml,30.0,0.0,0.0,2.4,-1.4605,-0.8406,1.6421,28000000000.0,21,6.163341392806387e-09,6.431429255826515e-08,5.8150951165458764e-08,2.240194589830935e-07,-66.49714255942916,-36.497142559429165,cir_coefficients_tau_mask,,"[1, 1, 1, 1, 21, 1]","[1, 1, 21]","[1, 1, 21]","[1, 1, 21]",,True,
131,33665,rx_x500_body,/home/telilab4090/Documents/Gazebo World/my_world/rt_out/experiments/semantic_ablation_actor_200f/sionna_xml/frame_131_sionna.xml,30.0,0.0,0.0,2.4,-3.9279,3.2024,1.3944,28000000000.0,22,1.7234324189985273e-08,7.465505547088469e-08,5.742073128089942e-08,3.315523855462743e-08,-74.79447842956749,-44.79447842956749,cir_coefficients_tau_mask,,"[1, 1, 1, 1, 22, 1]","[1, 1, 22]","[1, 1, 22]","[1, 1, 22]",,True,
132,33922,rx_panda_base,/home/telilab4090/Documents/Gazebo World/my_world/rt_out/experiments/semantic_ablation_actor_200f/sionna_xml/frame_132_sionna.xml,30.0,0.0,0.0,2.4,0.582,0.888,1.195,28000000000.0,23,5.357098764591228e-09,6.284866316264015e-08,5.749156439804892e-08,2.8408337016117e-07,-65.46554188517912,-35.46554188517912,cir_coefficients_tau_mask,,"[1, 1, 1, 1, 23, 1]","[1, 1, 23]","[1, 1, 23]","[1, 1, 23]",,True,
132,33922,rx_ur5_base,/home/telilab4090/Documents/Gazebo World/my_world/rt_out/experiments/semantic_ablation_actor_200f/sionna_xml/frame_132_sionna.xml,30.0,0.0,0.0,2.4,0.497,-0.841,0.995,28000000000.0,18,5.708055805797585e-09,5.930293767164585e-08,5.3594881865848265e-08,6.894710509186552e-07,-61.61483963991717,-31.61483963991717,cir_coefficients_tau_mask,,"[1, 1, 1, 1, 18, 1]","[1, 1, 18]","[1, 1, 18]","[1, 1, 18]",,True,
132,33922,rx_cerberus_base,/home/telilab4090/Documents/Gazebo World/my_world/rt_out/experiments/semantic_ablation_actor_200f/sionna_xml/frame_132_sionna.xml,30.0,0.0,0.0,2.4,4.074,-1.779,0.81,28000000000.0,18,1.574846919538686e-08,5.723669715962387e-08,4.148822796423701e-08,3.621421740263031e-08,-74.4112089556313,-44.411208955631295,cir_coefficients_tau_mask,,"[1, 1, 1, 1, 18, 1]","[1, 1, 18]","[1, 1, 18]","[1, 1, 18]",,True,
132,33922,rx_nao_chest,/home/telilab4090/Documents/Gazebo World/my_world/rt_out/experiments/semantic_ablation_actor_200f/sionna_xml/frame_132_sionna.xml,30.0,0.0,0.0,2.4,-0.1337,2.748,0.7,28000000000.0,20,1.0787783999433032e-08,6.209720737615498e-08,5.130942337672195e-08,7.198757145943091e-08,-71.42742477353566,-41.42742477353566,cir_coefficients_tau_mask,,"[1, 1, 1, 1, 20, 1]","[1, 1, 20]","[1, 1, 20]","[1, 1, 20]",,True,
132,33922,rx_human_chest,/home/telilab4090/Documents/Gazebo World/my_world/rt_out/experiments/semantic_ablation_actor_200f/sionna_xml/frame_132_sionna.xml,30.0,0.0,0.0,2.4,-1.4605,-0.8406,1.6421,28000000000.0,22,6.163341392806387e-09,6.431429255826515e-08,5.8150951165458764e-08,2.2438425162363274e-07,-66.4900762724191,-36.4900762724191,cir_coefficients_tau_mask,,"[1, 1, 1, 1, 22, 1]","[1, 1, 22]","[1, 1, 22]","[1, 1, 22]",,True,
132,33922,rx_x500_body,/home/telilab4090/Documents/Gazebo World/my_world/rt_out/experiments/semantic_ablation_actor_200f/sionna_xml/frame_132_sionna.xml,30.0,0.0,0.0,2.4,-3.9279,3.2024,1.3944,28000000000.0,23,1.7234324189985273e-08,7.465505547088469e-08,5.742073128089942e-08,3.372388590605624e-08,-74.72062388664037,-44.72062388664037,cir_coefficients_tau_mask,,"[1, 1, 1, 1, 23, 1]","[1, 1, 23]","[1, 1, 23]","[1, 1, 23]",,True,
133,34179,rx_panda_base,/home/telilab4090/Documents/Gazebo World/my_world/rt_out/experiments/semantic_ablation_actor_200f/sionna_xml/frame_133_sionna.xml,30.0,0.0,0.0,2.4,0.582,0.888,1.195,28000000000.0,23,5.357098764591228e-09,6.284866316264015e-08,5.749156439804892e-08,2.8408337016117e-07,-65.46554188517912,-35.46554188517912,cir_coefficients_tau_mask,,"[1, 1, 1, 1, 23, 1]","[1, 1, 23]","[1, 1, 23]","[1, 1, 23]",,True,
133,34179,rx_ur5_base,/home/telilab4090/Documents/Gazebo World/my_world/rt_out/experiments/semantic_ablation_actor_200f/sionna_xml/frame_133_sionna.xml,30.0,0.0,0.0,2.4,0.497,-0.841,0.995,28000000000.0,18,5.708055805797585e-09,5.930293767164585e-08,5.3594881865848265e-08,6.894710509186552e-07,-61.61483963991717,-31.61483963991717,cir_coefficients_tau_mask,,"[1, 1, 1, 1, 18, 1]","[1, 1, 18]","[1, 1, 18]","[1, 1, 18]",,True,
133,34179,rx_cerberus_base,/home/telilab4090/Documents/Gazebo World/my_world/rt_out/experiments/semantic_ablation_actor_200f/sionna_xml/frame_133_sionna.xml,30.0,0.0,0.0,2.4,4.074,-1.779,0.81,28000000000.0,18,1.574846919538686e-08,5.723669715962387e-08,4.148822796423701e-08,3.621421740263031e-08,-74.4112089556313,-44.411208955631295,cir_coefficients_tau_mask,,"[1, 1, 1, 1, 18, 1]","[1, 1, 18]","[1, 1, 18]","[1, 1, 18]",,True,
133,34179,rx_nao_chest,/home/telilab4090/Documents/Gazebo World/my_world/rt_out/experiments/semantic_ablation_actor_200f/sionna_xml/frame_133_sionna.xml,30.0,0.0,0.0,2.4,-0.1337,2.748,0.7,28000000000.0,21,1.0787783999433032e-08,6.209720737615498e-08,5.130942337672195e-08,7.19959345474308e-08,-71.4269202653354,-41.4269202653354,cir_coefficients_tau_mask,,"[1, 1, 1, 1, 21, 1]","[1, 1, 21]","[1, 1, 21]","[1, 1, 21]",,True,
133,34179,rx_human_chest,/home/telilab4090/Documents/Gazebo World/my_world/rt_out/experiments/semantic_ablation_actor_200f/sionna_xml/frame_133_sionna.xml,30.0,0.0,0.0,2.4,-1.4605,-0.8406,1.6421,28000000000.0,22,6.163341392806387e-09,6.431429255826515e-08,5.8150951165458764e-08,2.243842232019233e-07,-66.49007682251975,-36.490076822519754,cir_coefficients_tau_mask,,"[1, 1, 1, 1, 22, 1]","[1, 1, 22]","[1, 1, 22]","[1, 1, 22]",,True,
133,34179,rx_x500_body,/home/telilab4090/Documents/Gazebo World/my_world/rt_out/experiments/semantic_ablation_actor_200f/sionna_xml/frame_133_sionna.xml,30.0,0.0,0.0,2.4,-3.9279,3.2024,1.3944,28000000000.0,23,1.7234324189985273e-08,7.465505547088469e-08,5.742073128089942e-08,3.372388945876992e-08,-74.72062342912375,-44.72062342912375,cir_coefficients_tau_mask,,"[1, 1, 1, 1, 23, 1]","[1, 1, 23]","[1, 1, 23]","[1, 1, 23]",,True,
134,34436,rx_panda_base,/home/telilab4090/Documents/Gazebo World/my_world/rt_out/experiments/semantic_ablation_actor_200f/sionna_xml/frame_134_sionna.xml,30.0,0.0,0.0,2.4,0.582,0.888,1.195,28000000000.0,24,5.357098764591228e-09,6.284866316264015e-08,5.749156439804892e-08,2.841406399056723e-07,-65.46466645810595,-35.46466645810595,cir_coefficients_tau_mask,,"[1, 1, 1, 1, 24, 1]","[1, 1, 24]","[1, 1, 24]","[1, 1, 24]",,True,
134,34436,rx_ur5_base,/home/telilab4090/Documents/Gazebo World/my_world/rt_out/experiments/semantic_ablation_actor_200f/sionna_xml/frame_134_sionna.xml,30.0,0.0,0.0,2.4,0.497,-0.841,0.995,28000000000.0,18,5.708055805797585e-09,5.930293767164585e-08,5.3594881865848265e-08,6.894710509186552e-07,-61.61483963991717,-31.61483963991717,cir_coefficients_tau_mask,,"[1, 1, 1, 1, 18, 1]","[1, 1, 18]","[1, 1, 18]","[1, 1, 18]",,True,
134,34436,rx_cerberus_base,/home/telilab4090/Documents/Gazebo World/my_world/rt_out/experiments/semantic_ablation_actor_200f/sionna_xml/frame_134_sionna.xml,30.0,0.0,0.0,2.4,4.074,-1.779,0.81,28000000000.0,18,1.574846919538686e-08,5.723669715962387e-08,4.148822796423701e-08,3.6214210297202953e-08,-74.41120980774089,-44.41120980774089,cir_coefficients_tau_mask,,"[1, 1, 1, 1, 18, 1]","[1, 1, 18]","[1, 1, 18]","[1, 1, 18]",,True,
134,34436,rx_nao_chest,/home/telilab4090/Documents/Gazebo World/my_world/rt_out/experiments/semantic_ablation_actor_200f/sionna_xml/frame_134_sionna.xml,30.0,0.0,0.0,2.4,-0.1337,2.748,0.7,28000000000.0,22,1.0787783999433032e-08,6.209720737615498e-08,5.130942337672195e-08,7.215496111712127e-08,-71.41733803008223,-41.417338030082234,cir_coefficients_tau_mask,,"[1, 1, 1, 1, 22, 1]","[1, 1, 22]","[1, 1, 22]","[1, 1, 22]",,True,
134,34436,rx_human_chest,/home/telilab4090/Documents/Gazebo World/my_world/rt_out/experiments/semantic_ablation_actor_200f/sionna_xml/frame_134_sionna.xml,30.0,0.0,0.0,2.4,-1.4605,-0.8406,1.6421,28000000000.0,22,6.163341392806387e-09,6.431429255826515e-08,5.8150951165458764e-08,2.2438423741277802e-07,-66.49007654746941,-36.490076547469414,cir_coefficients_tau_mask,,"[1, 1, 1, 1, 22, 1]","[1, 1, 22]","[1, 1, 22]","[1, 1, 22]",,True,
134,34436,rx_x500_body,/home/telilab4090/Documents/Gazebo World/my_world/rt_out/experiments/semantic_ablation_actor_200f/sionna_xml/frame_134_sionna.xml,30.0,0.0,0.0,2.4,-3.9279,3.2024,1.3944,28000000000.0,23,1.7234324189985273e-08,7.465505547088469e-08,5.742073128089942e-08,3.372388945876992e-08,-74.72062342912375,-44.72062342912375,cir_coefficients_tau_mask,,"[1, 1, 1, 1, 23, 1]","[1, 1, 23]","[1, 1, 23]","[1, 1, 23]",,True,
135,34693,rx_panda_base,/home/telilab4090/Documents/Gazebo World/my_world/rt_out/experiments/semantic_ablation_actor_200f/sionna_xml/frame_135_sionna.xml,30.0,0.0,0.0,2.4,0.582,0.888,1.195,28000000000.0,25,5.357098764591228e-09,6.284866316264015e-08,5.749156439804892e-08,2.841981654455594e-07,-65.46378729854861,-35.46378729854861,cir_coefficients_tau_mask,,"[1, 1, 1, 1, 25, 1]","[1, 1, 25]","[1, 1, 25]","[1, 1, 25]",,True,
135,34693,rx_ur5_base,/home/telilab4090/Documents/Gazebo World/my_world/rt_out/experiments/semantic_ablation_actor_200f/sionna_xml/frame_135_sionna.xml,30.0,0.0,0.0,2.4,0.497,-0.841,0.995,28000000000.0,16,5.708055805797585e-09,5.930293767164585e-08,5.3594881865848265e-08,4.6789796215307433e-07,-63.298488462966034,-33.298488462966034,cir_coefficients_tau_mask,,"[1, 1, 1, 1, 16, 1]","[1, 1, 16]","[1, 1, 16]","[1, 1, 16]",,True,
135,34693,rx_cerberus_base,/home/telilab4090/Documents/Gazebo World/my_world/rt_out/experiments/semantic_ablation_actor_200f/sionna_xml/frame_135_sionna.xml,30.0,0.0,0.0,2.4,4.074,-1.779,0.81,28000000000.0,18,1.574846919538686e-08,5.723669715962387e-08,4.148822796423701e-08,3.621421384991663e-08,-74.41120938168608,-44.41120938168608,cir_coefficients_tau_mask,,"[1, 1, 1, 1, 18, 1]","[1, 1, 18]","[1, 1, 18]","[1, 1, 18]",,True,
135,34693,rx_nao_chest,/home/telilab4090/Documents/Gazebo World/my_world/rt_out/experiments/semantic_ablation_actor_200f/sionna_xml/frame_135_sionna.xml,30.0,0.0,0.0,2.4,-0.1337,2.748,0.7,28000000000.0,23,1.0787783999433032e-08,6.209720737615498e-08,5.130942337672195e-08,7.219747999442916e-08,-71.41477960929164,-41.41477960929164,cir_coefficients_tau_mask,,"[1, 1, 1, 1, 23, 1]","[1, 1, 23]","[1, 1, 23]","[1, 1, 23]",,True,
135,34693,rx_human_chest,/home/telilab4090/Documents/Gazebo World/my_world/rt_out/experiments/semantic_ablation_actor_200f/sionna_xml/frame_135_sionna.xml,30.0,0.0,0.0,2.4,-1.4605,-0.8406,1.6421,28000000000.0,23,6.163341392806387e-09,6.568895827285814e-08,5.952561688005176e-08,2.2439071756252815e-07,-66.48995112633139,-36.48995112633139,cir_coefficients_tau_mask,,"[1, 1, 1, 1, 23, 1]","[1, 1, 23]","[1, 1, 23]","[1, 1, 23]",,True,
135,34693,rx_x500_body,/home/telilab4090/Documents/Gazebo World/my_world/rt_out/experiments/semantic_ablation_actor_200f/sionna_xml/frame_135_sionna.xml,30.0,0.0,0.0,2.4,-3.9279,3.2024,1.3944,28000000000.0,23,1.7234324189985273e-08,7.465505547088469e-08,5.742073128089942e-08,3.372388945876992e-08,-74.72062342912375,-44.72062342912375,cir_coefficients_tau_mask,,"[1, 1, 1, 1, 23, 1]","[1, 1, 23]","[1, 1, 23]","[1, 1, 23]",,True,
136,34950,rx_panda_base,/home/telilab4090/Documents/Gazebo World/my_world/rt_out/experiments/semantic_ablation_actor_200f/sionna_xml/frame_136_sionna.xml,30.0,0.0,0.0,2.4,0.582,0.888,1.195,28000000000.0,25,5.357098764591228e-09,6.284866316264015e-08,5.749156439804892e-08,2.8419810860214056e-07,-65.46378816719552,-35.46378816719552,cir_coefficients_tau_mask,,"[1, 1, 1, 1, 25, 1]","[1, 1, 25]","[1, 1, 25]","[1, 1, 25]",,True,
136,34950,rx_ur5_base,/home/telilab4090/Documents/Gazebo World/my_world/rt_out/experiments/semantic_ablation_actor_200f/sionna_xml/frame_136_sionna.xml,30.0,0.0,0.0,2.4,0.497,-0.841,0.995,28000000000.0,21,8.658745720424577e-09,5.930293767164585e-08,5.0644191951221273e-08,3.420731031766877e-09,-84.65881072559078,-54.65881072559078,cir_coefficients_tau_mask,,"[1, 1, 1, 1, 21, 1]","[1, 1, 21]","[1, 1, 21]","[1, 1, 21]",,True,
136,34950,rx_cerberus_base,/home/telilab4090/Documents/Gazebo World/my_world/rt_out/experiments/semantic_ablation_actor_200f/sionna_xml/frame_136_sionna.xml,30.0,0.0,0.0,2.4,4.074,-1.779,0.81,28000000000.0,18,1.574846919538686e-08,5.723669715962387e-08,4.148822796423701e-08,3.621421384991663e-08,-74.41120938168608,-44.41120938168608,cir_coefficients_tau_mask,,"[1, 1, 1, 1, 18, 1]","[1, 1, 18]","[1, 1, 18]","[1, 1, 18]",,True,
136,34950,rx_nao_chest,/home/telilab4090/Documents/Gazebo World/my_world/rt_out/experiments/semantic_ablation_actor_200f/sionna_xml/frame_136_sionna.xml,30.0,0.0,0.0,2.4,-0.1337,2.748,0.7,28000000000.0,24,1.0787783999433032e-08,6.209720737615498e-08,5.130942337672195e-08,7.222368481052399e-08,-71.41320357891279,-41.413203578912785,cir_coefficients_tau_mask,,"[1, 1, 1, 1, 24, 1]","[1, 1, 24]","[1, 1, 24]","[1, 1, 24]",,True,
136,34950,rx_human_chest,/home/telilab4090/Documents/Gazebo World/my_world/rt_out/experiments/semantic_ablation_actor_200f/sionna_xml/frame_136_sionna.xml,30.0,0.0,0.0,2.4,-1.4605,-0.8406,1.6421,28000000000.0,23,6.163341392806387e-09,6.568895827285814e-08,5.952561688005176e-08,2.2439070335167344e-07,-66.48995140137379,-36.48995140137379,cir_coefficients_tau_mask,,"[1, 1, 1, 1, 23, 1]","[1, 1, 23]","[1, 1, 23]","[1, 1, 23]",,True,
136,34950,rx_x500_body,/home/telilab4090/Documents/Gazebo World/my_world/rt_out/experiments/semantic_ablation_actor_200f/sionna_xml/frame_136_sionna.xml,30.0,0.0,0.0,2.4,-3.9279,3.2024,1.3944,28000000000.0,23,1.7234324189985273e-08,7.465505547088469e-08,5.742073128089942e-08,3.372388945876992e-08,-74.72062342912375,-44.72062342912375,cir_coefficients_tau_mask,,"[1, 1, 1, 1, 23, 1]","[1, 1, 23]","[1, 1, 23]","[1, 1, 23]",,True,
137,35207,rx_panda_base,/home/telilab4090/Documents/Gazebo World/my_world/rt_out/experiments/semantic_ablation_actor_200f/sionna_xml/frame_137_sionna.xml,30.0,0.0,0.0,2.4,0.582,0.888,1.195,28000000000.0,25,5.357098764591228e-09,6.284866316264015e-08,5.749156439804892e-08,2.8419813702385e-07,-65.46378773287204,-35.463787732872035,cir_coefficients_tau_mask,,"[1, 1, 1, 1, 25, 1]","[1, 1, 25]","[1, 1, 25]","[1, 1, 25]",,True,
137,35207,rx_ur5_base,/home/telilab4090/Documents/Gazebo World/my_world/rt_out/experiments/semantic_ablation_actor_200f/sionna_xml/frame_137_sionna.xml,30.0,0.0,0.0,2.4,0.497,-0.841,0.995,28000000000.0,24,5.708055805797585e-09,5.930293767164585e-08,5.3594881865848265e-08,8.362379730897374e-07,-60.77670115272936,-30.77670115272936,cir_coefficients_tau_mask,,"[1, 1, 1, 1, 24, 1]","[1, 1, 24]","[1, 1, 24]","[1, 1, 24]",,True,
137,35207,rx_cerberus_base,/home/telilab4090/Documents/Gazebo World/my_world/rt_out/experiments/semantic_ablation_actor_200f/sionna_xml/frame_137_sionna.xml,30.0,0.0,0.0,2.4,4.074,-1.779,0.81,28000000000.0,18,1.574846919538686e-08,5.723669715962387e-08,4.148822796423701e-08,3.621421740263031e-08,-74.4112089556313,-44.411208955631295,cir_coefficients_tau_mask,,"[1, 1, 1, 1, 18, 1]","[1, 1, 18]","[1, 1, 18]","[1, 1, 18]",,True,
137,35207,rx_nao_chest,/home/telilab4090/Documents/Gazebo World/my_world/rt_out/experiments/semantic_ablation_actor_200f/sionna_xml/frame_137_sionna.xml,30.0,0.0,0.0,2.4,-0.1337,2.748,0.7,28000000000.0,23,1.0787783999433032e-08,6.209720737615498e-08,5.130942337672195e-08,7.20839850032462e-08,-71.42161212358053,-41.42161212358053,cir_coefficients_tau_mask,,"[1, 1, 1, 1, 23, 1]","[1, 1, 23]","[1, 1, 23]","[1, 1, 23]",,True,
137,35207,rx_human_chest,/home/telilab4090/Documents/Gazebo World/my_world/rt_out/experiments/semantic_ablation_actor_200f/sionna_xml/frame_137_sionna.xml,30.0,0.0,0.0,2.4,-1.4605,-0.8406,1.6421,28000000000.0,23,6.163341392806387e-09,6.568895827285814e-08,5.952561688005176e-08,2.2439070335167344e-07,-66.48995140137379,-36.48995140137379,cir_coefficients_tau_mask,,"[1, 1, 1, 1, 23, 1]","[1, 1, 23]","[1, 1, 23]","[1, 1, 23]",,True,
137,35207,rx_x500_body,/home/telilab4090/Documents/Gazebo World/my_world/rt_out/experiments/semantic_ablation_actor_200f/sionna_xml/frame_137_sionna.xml,30.0,0.0,0.0,2.4,-3.9279,3.2024,1.3944,28000000000.0,23,1.7234324189985273e-08,7.465505547088469e-08,5.742073128089942e-08,3.372388945876992e-08,-74.72062342912375,-44.72062342912375,cir_coefficients_tau_mask,,"[1, 1, 1, 1, 23, 1]","[1, 1, 23]","[1, 1, 23]","[1, 1, 23]",,True,
138,35464,rx_panda_base,/home/telilab4090/Documents/Gazebo World/my_world/rt_out/experiments/semantic_ablation_actor_200f/sionna_xml/frame_138_sionna.xml,30.0,0.0,0.0,2.4,0.582,0.888,1.195,28000000000.0,25,5.357098764591228e-09,6.284866316264015e-08,5.749156439804892e-08,2.84268793393494e-07,-65.46270813896908,-35.46270813896908,cir_coefficients_tau_mask,,"[1, 1, 1, 1, 25, 1]","[1, 1, 25]","[1, 1, 25]","[1, 1, 25]",,True,
138,35464,rx_ur5_base,/home/telilab4090/Documents/Gazebo World/my_world/rt_out/experiments/semantic_ablation_actor_200f/sionna_xml/frame_138_sionna.xml,30.0,0.0,0.0,2.4,0.497,-0.841,0.995,28000000000.0,22,5.708055805797585e-09,6.370818539380707e-08,5.8000129588009486e-08,8.344389357262116e-07,-60.78605439508984,-30.78605439508984,cir_coefficients_tau_mask,,"[1, 1, 1, 1, 22, 1]","[1, 1, 22]","[1, 1, 22]","[1, 1, 22]",,True,
138,35464,rx_cerberus_base,/home/telilab4090/Documents/Gazebo World/my_world/rt_out/experiments/semantic_ablation_actor_200f/sionna_xml/frame_138_sionna.xml,30.0,0.0,0.0,2.4,4.074,-1.779,0.81,28000000000.0,18,1.574846919538686e-08,5.723669715962387e-08,4.148822796423701e-08,3.621421384991663e-08,-74.41120938168608,-44.41120938168608,cir_coefficients_tau_mask,,"[1, 1, 1, 1, 18, 1]","[1, 1, 18]","[1, 1, 18]","[1, 1, 18]",,True,
138,35464,rx_nao_chest,/home/telilab4090/Documents/Gazebo World/my_world/rt_out/experiments/semantic_ablation_actor_200f/sionna_xml/frame_138_sionna.xml,30.0,0.0,0.0,2.4,-0.1337,2.748,0.7,28000000000.0,18,1.0787783999433032e-08,6.209720737615498e-08,5.130942337672195e-08,7.187903605654355e-08,-71.43397755688427,-41.43397755688427,cir_coefficients_tau_mask,,"[1, 1, 1, 1, 18, 1]","[1, 1, 18]","[1, 1, 18]","[1, 1, 18]",,True,
138,35464,rx_human_chest,/home/telilab4090/Documents/Gazebo World/my_world/rt_out/experiments/semantic_ablation_actor_200f/sionna_xml/frame_138_sionna.xml,30.0,0.0,0.0,2.4,-1.4605,-0.8406,1.6421,28000000000.0,23,6.163341392806387e-09,6.568895827285814e-08,5.952561688005176e-08,2.2439073177338287e-07,-66.48995085128901,-36.48995085128901,cir_coefficients_tau_mask,,"[1, 1, 1, 1, 23, 1]","[1, 1, 23]","[1, 1, 23]","[1, 1, 23]",,True,
138,35464,rx_x500_body,/home/telilab4090/Documents/Gazebo World/my_world/rt_out/experiments/semantic_ablation_actor_200f/sionna_xml/frame_138_sionna.xml,30.0,0.0,0.0,2.4,-3.9279,3.2024,1.3944,28000000000.0,22,1.7234324189985273e-08,7.465505547088469e-08,5.742073128089942e-08,3.3687346245869776e-08,-74.72533199650195,-44.72533199650195,cir_coefficients_tau_mask,,"[1, 1, 1, 1, 22, 1]","[1, 1, 22]","[1, 1, 22]","[1, 1, 22]",,True,
139,35721,rx_panda_base,/home/telilab4090/Documents/Gazebo World/my_world/rt_out/experiments/semantic_ablation_actor_200f/sionna_xml/frame_139_sionna.xml,30.0,0.0,0.0,2.4,0.582,0.888,1.195,28000000000.0,23,5.357098764591228e-09,6.284866316264015e-08,5.749156439804892e-08,2.840833417394606e-07,-65.46554231967805,-35.46554231967805,cir_coefficients_tau_mask,,"[1, 1, 1, 1, 23, 1]","[1, 1, 23]","[1, 1, 23]","[1, 1, 23]",,True,
139,35721,rx_ur5_base,/home/telilab4090/Documents/Gazebo World/my_world/rt_out/experiments/semantic_ablation_actor_200f/sionna_xml/frame_139_sionna.xml,30.0,0.0,0.0,2.4,0.497,-0.841,0.995,28000000000.0,27,5.708055805797585e-09,6.370818539380707e-08,5.8000129588009486e-08,7.814497280378419e-07,-61.07098955633298,-31.070989556332982,cir_coefficients_tau_mask,,"[1, 1, 1, 1, 27, 1]","[1, 1, 27]","[1, 1, 27]","[1, 1, 27]",,True,
139,35721,rx_cerberus_base,/home/telilab4090/Documents/Gazebo World/my_world/rt_out/experiments/semantic_ablation_actor_200f/sionna_xml/frame_139_sionna.xml,30.0,0.0,0.0,2.4,4.074,-1.779,0.81,28000000000.0,18,1.574846919538686e-08,5.723669715962387e-08,4.148822796423701e-08,3.621421384991663e-08,-74.41120938168608,-44.41120938168608,cir_coefficients_tau_mask,,"[1, 1, 1, 1, 18, 1]","[1, 1, 18]","[1, 1, 18]","[1, 1, 18]",,True,
139,35721,rx_nao_chest,/home/telilab4090/Documents/Gazebo World/my_world/rt_out/experiments/semantic_ablation_actor_200f/sionna_xml/frame_139_sionna.xml,30.0,0.0,0.0,2.4,-0.1337,2.748,0.7,28000000000.0,19,1.0787783999433032e-08,6.209720737615498e-08,5.130942337672195e-08,7.188535988689182e-08,-71.43359548667718,-41.43359548667718,cir_coefficients_tau_mask,,"[1, 1, 1, 1, 19, 1]","[1, 1, 19]","[1, 1, 19]","[1, 1, 19]",,True,
139,35721,rx_human_chest,/home/telilab4090/Documents/Gazebo World/my_world/rt_out/experiments/semantic_ablation_actor_200f/sionna_xml/frame_139_sionna.xml,30.0,0.0,0.0,2.4,-1.4605,-0.8406,1.6421,28000000000.0,23,6.163341392806387e-09,6.568895827285814e-08,5.952561688005176e-08,2.2439071756252815e-07,-66.48995112633139,-36.48995112633139,cir_coefficients_tau_mask,,"[1, 1, 1, 1, 23, 1]","[1, 1, 23]","[1, 1, 23]","[1, 1, 23]",,True,
139,35721,rx_x500_body,/home/telilab4090/Documents/Gazebo World/my_world/rt_out/experiments/semantic_ablation_actor_200f/sionna_xml/frame_139_sionna.xml,30.0,0.0,0.0,2.4,-3.9279,3.2024,1.3944,28000000000.0,21,1.7234324189985273e-08,7.465505547088469e-08,5.742073128089942e-08,3.314046637115098e-08,-74.79641384239186,-44.79641384239186,cir_coefficients_tau_mask,,"[1, 1, 1, 1, 21, 1]","[1, 1, 21]","[1, 1, 21]","[1, 1, 21]",,True,
140,35978,rx_panda_base,/home/telilab4090/Documents/Gazebo World/my_world/rt_out/experiments/semantic_ablation_actor_200f/sionna_xml/frame_140_sionna.xml,30.0,0.0,0.0,2.4,0.582,0.888,1.195,28000000000.0,25,5.357098764591228e-09,6.284866316264015e-08,5.749156439804892e-08,2.84268793393494e-07,-65.46270813896908,-35.46270813896908,cir_coefficients_tau_mask,,"[1, 1, 1, 1, 25, 1]","[1, 1, 25]","[1, 1, 25]","[1, 1, 25]",,True,
140,35978,rx_ur5_base,/home/telilab4090/Documents/Gazebo World/my_world/rt_out/experiments/semantic_ablation_actor_200f/sionna_xml/frame_140_sionna.xml,30.0,0.0,0.0,2.4,0.497,-0.841,0.995,28000000000.0,25,5.708055805797585e-09,6.370818539380707e-08,5.8000129588009486e-08,1.0728124379966175e-06,-59.69476199994281,-29.694761999942813,cir_coefficients_tau_mask,,"[1, 1, 1, 1, 25, 1]","[1, 1, 25]","[1, 1, 25]","[1, 1, 25]",,True,
140,35978,rx_cerberus_base,/home/telilab4090/Documents/Gazebo World/my_world/rt_out/experiments/semantic_ablation_actor_200f/sionna_xml/frame_140_sionna.xml,30.0,0.0,0.0,2.4,4.074,-1.779,0.81,28000000000.0,18,1.574846919538686e-08,5.723669715962387e-08,4.148822796423701e-08,3.621421740263031e-08,-74.4112089556313,-44.411208955631295,cir_coefficients_tau_mask,,"[1, 1, 1, 1, 18, 1]","[1, 1, 18]","[1, 1, 18]","[1, 1, 18]",,True,
140,35978,rx_nao_chest,/home/telilab4090/Documents/Gazebo World/my_world/rt_out/experiments/semantic_ablation_actor_200f/sionna_xml/frame_140_sionna.xml,30.0,0.0,0.0,2.4,-0.1337,2.748,0.7,28000000000.0,19,1.0787783999433032e-08,6.209720737615498e-08,5.130942337672195e-08,7.188535988689182e-08,-71.43359548667718,-41.43359548667718,cir_coefficients_tau_mask,,"[1, 1, 1, 1, 19, 1]","[1, 1, 19]","[1, 1, 19]","[1, 1, 19]",,True,
140,35978,rx_human_chest,/home/telilab4090/Documents/Gazebo World/my_world/rt_out/experiments/semantic_ablation_actor_200f/sionna_xml/frame_140_sionna.xml,30.0,0.0,0.0,2.4,-1.4605,-0.8406,1.6421,28000000000.0,23,6.163341392806387e-09,6.568895827285814e-08,5.952561688005176e-08,2.2439070335167344e-07,-66.48995140137379,-36.48995140137379,cir_coefficients_tau_mask,,"[1, 1, 1, 1, 23, 1]","[1, 1, 23]","[1, 1, 23]","[1, 1, 23]",,True,
140,35978,rx_x500_body,/home/telilab4090/Documents/Gazebo World/my_world/rt_out/experiments/semantic_ablation_actor_200f/sionna_xml/frame_140_sionna.xml,30.0,0.0,0.0,2.4,-3.9279,3.2024,1.3944,28000000000.0,22,1.7234324189985273e-08,7.465505547088469e-08,5.742073128089942e-08,3.3709120828007144e-08,-74.72252574222553,-44.72252574222553,cir_coefficients_tau_mask,,"[1, 1, 1, 1, 22, 1]","[1, 1, 22]","[1, 1, 22]","[1, 1, 22]",,True,
141,36235,rx_panda_base,/home/telilab4090/Documents/Gazebo World/my_world/rt_out/experiments/semantic_ablation_actor_200f/sionna_xml/frame_141_sionna.xml,30.0,0.0,0.0,2.4,0.582,0.888,1.195,28000000000.0,23,5.357098764591228e-09,6.284866316264015e-08,5.749156439804892e-08,2.8408337016117e-07,-65.46554188517912,-35.46554188517912,cir_coefficients_tau_mask,,"[1, 1, 1, 1, 23, 1]","[1, 1, 23]","[1, 1, 23]","[1, 1, 23]",,True,
141,36235,rx_ur5_base,/home/telilab4090/Documents/Gazebo World/my_world/rt_out/experiments/semantic_ablation_actor_200f/sionna_xml/frame_141_sionna.xml,30.0,0.0,0.0,2.4,0.497,-0.841,0.995,28000000000.0,29,5.708055805797585e-09,6.370818539380707e-08,5.8000129588009486e-08,7.82711140345782e-07,-61.06398484812711,-31.063984848127113,cir_coefficients_tau_mask,,"[1, 1, 1, 1, 29, 1]","[1, 1, 29]","[1, 1, 29]","[1, 1, 29]",,True,
141,36235,rx_cerberus_base,/home/telilab4090/Documents/Gazebo World/my_world/rt_out/experiments/semantic_ablation_actor_200f/sionna_xml/frame_141_sionna.xml,30.0,0.0,0.0,2.4,4.074,-1.779,0.81,28000000000.0,18,1.574846919538686e-08,5.723669715962387e-08,4.148822796423701e-08,3.621421740263031e-08,-74.4112089556313,-44.411208955631295,cir_coefficients_tau_mask,,"[1, 1, 1, 1, 18, 1]","[1, 1, 18]","[1, 1, 18]","[1, 1, 18]",,True,
141,36235,rx_nao_chest,/home/telilab4090/Documents/Gazebo World/my_world/rt_out/experiments/semantic_ablation_actor_200f/sionna_xml/frame_141_sionna.xml,30.0,0.0,0.0,2.4,-0.1337,2.748,0.7,28000000000.0,24,1.0787783999433032e-08,6.209720737615498e-08,5.130942337672195e-08,7.24924902328894e-08,-71.3970698128202,-41.397069812820206,cir_coefficients_tau_mask,,"[1, 1, 1, 1, 24, 1]","[1, 1, 24]","[1, 1, 24]","[1, 1, 24]",,True,
141,36235,rx_human_chest,/home/telilab4090/Documents/Gazebo World/my_world/rt_out/experiments/semantic_ablation_actor_200f/sionna_xml/frame_141_sionna.xml,30.0,0.0,0.0,2.4,-1.4605,-0.8406,1.6421,28000000000.0,23,6.163341392806387e-09,6.568895827285814e-08,5.952561688005176e-08,2.2439071756252815e-07,-66.48995112633139,-36.48995112633139,cir_coefficients_tau_mask,,"[1, 1, 1, 1, 23, 1]","[1, 1, 23]","[1, 1, 23]","[1, 1, 23]",,True,
141,36235,rx_x500_body,/home/telilab4090/Documents/Gazebo World/my_world/rt_out/experiments/semantic_ablation_actor_200f/sionna_xml/frame_141_sionna.xml,30.0,0.0,0.0,2.4,-3.9279,3.2024,1.3944,28000000000.0,23,1.7234324189985273e-08,7.465505547088469e-08,5.742073128089942e-08,3.372388945876992e-08,-74.72062342912375,-44.72062342912375,cir_coefficients_tau_mask,,"[1, 1, 1, 1, 23, 1]","[1, 1, 23]","[1, 1, 23]","[1, 1, 23]",,True,
142,36492,rx_panda_base,/home/telilab4090/Documents/Gazebo World/my_world/rt_out/experiments/semantic_ablation_actor_200f/sionna_xml/frame_142_sionna.xml,30.0,0.0,0.0,2.4,0.582,0.888,1.195,28000000000.0,23,5.357098764591228e-09,6.284866316264015e-08,5.749156439804892e-08,2.8408337016117e-07,-65.46554188517912,-35.46554188517912,cir_coefficients_tau_mask,,"[1, 1, 1, 1, 23, 1]","[1, 1, 23]","[1, 1, 23]","[1, 1, 23]",,True,
142,36492,rx_ur5_base,/home/telilab4090/Documents/Gazebo World/my_world/rt_out/experiments/semantic_ablation_actor_200f/sionna_xml/frame_142_sionna.xml,30.0,0.0,0.0,2.4,0.497,-0.841,0.995,28000000000.0,29,5.708055805797585e-09,6.370818539380707e-08,5.8000129588009486e-08,7.829308970030979e-07,-61.06276567922408,-31.06276567922408,cir_coefficients_tau_mask,,"[1, 1, 1, 1, 29, 1]","[1, 1, 29]","[1, 1, 29]","[1, 1, 29]",,True,
142,36492,rx_cerberus_base,/home/telilab4090/Documents/Gazebo World/my_world/rt_out/experiments/semantic_ablation_actor_200f/sionna_xml/frame_142_sionna.xml,30.0,0.0,0.0,2.4,4.074,-1.779,0.81,28000000000.0,18,1.574846919538686e-08,5.723669715962387e-08,4.148822796423701e-08,3.621421740263031e-08,-74.4112089556313,-44.411208955631295,cir_coefficients_tau_mask,,"[1, 1, 1, 1, 18, 1]","[1, 1, 18]","[1, 1, 18]","[1, 1, 18]",,True,
142,36492,rx_nao_chest,/home/telilab4090/Documents/Gazebo World/my_world/rt_out/experiments/semantic_ablation_actor_200f/sionna_xml/frame_142_sionna.xml,30.0,0.0,0.0,2.4,-0.1337,2.748,0.7,28000000000.0,24,1.0787783999433032e-08,6.209720737615498e-08,5.130942337672195e-08,7.249248312746204e-08,-71.39707023849851,-41.397070238498515,cir_coefficients_tau_mask,,"[1, 1, 1, 1, 24, 1]","[1, 1, 24]","[1, 1, 24]","[1, 1, 24]",,True,
142,36492,rx_human_chest,/home/telilab4090/Documents/Gazebo World/my_world/rt_out/experiments/semantic_ablation_actor_200f/sionna_xml/frame_142_sionna.xml,30.0,0.0,0.0,2.4,-1.4605,-0.8406,1.6421,28000000000.0,23,6.163341392806387e-09,6.568895827285814e-08,5.952561688005176e-08,2.2439070335167344e-07,-66.48995140137379,-36.48995140137379,cir_coefficients_tau_mask,,"[1, 1, 1, 1, 23, 1]","[1, 1, 23]","[1, 1, 23]","[1, 1, 23]",,True,
142,36492,rx_x500_body,/home/telilab4090/Documents/Gazebo World/my_world/rt_out/experiments/semantic_ablation_actor_200f/sionna_xml/frame_142_sionna.xml,30.0,0.0,0.0,2.4,-3.9279,3.2024,1.3944,28000000000.0,23,1.7234324189985273e-08,7.465505547088469e-08,5.742073128089942e-08,3.3723893011483597e-08,-74.72062297160716,-44.720622971607156,cir_coefficients_tau_mask,,"[1, 1, 1, 1, 23, 1]","[1, 1, 23]","[1, 1, 23]","[1, 1, 23]",,True,
143,36749,rx_panda_base,/home/telilab4090/Documents/Gazebo World/my_world/rt_out/experiments/semantic_ablation_actor_200f/sionna_xml/frame_143_sionna.xml,30.0,0.0,0.0,2.4,0.582,0.888,1.195,28000000000.0,18,5.357098764591228e-09,5.897902966012225e-08,5.362193089553102e-08,2.8400719997989654e-07,-65.4667064984063,-35.466706498406296,cir_coefficients_tau_mask,,"[1, 1, 1, 1, 18, 1]","[1, 1, 18]","[1, 1, 18]","[1, 1, 18]",,True,
143,36749,rx_ur5_base,/home/telilab4090/Documents/Gazebo World/my_world/rt_out/experiments/semantic_ablation_actor_200f/sionna_xml/frame_143_sionna.xml,30.0,0.0,0.0,2.4,0.497,-0.841,0.995,28000000000.0,30,5.708055805797585e-09,6.370818539380707e-08,5.8000129588009486e-08,1.1370789252396207e-06,-59.442093896601655,-29.442093896601655,cir_coefficients_tau_mask,,"[1, 1, 1, 1, 30, 1]","[1, 1, 30]","[1, 1, 30]","[1, 1, 30]",,True,
143,36749,rx_cerberus_base,/home/telilab4090/Documents/Gazebo World/my_world/rt_out/experiments/semantic_ablation_actor_200f/sionna_xml/frame_143_sionna.xml,30.0,0.0,0.0,2.4,4.074,-1.779,0.81,28000000000.0,18,1.574846919538686e-08,5.723669715962387e-08,4.148822796423701e-08,3.621421740263031e-08,-74.4112089556313,-44.411208955631295,cir_coefficients_tau_mask,,"[1, 1, 1, 1, 18, 1]","[1, 1, 18]","[1, 1, 18]","[1, 1, 18]",,True,
143,36749,rx_nao_chest,/home/telilab4090/Documents/Gazebo World/my_world/rt_out/experiments/semantic_ablation_actor_200f/sionna_xml/frame_143_sionna.xml,30.0,0.0,0.0,2.4,-0.1337,2.748,0.7,28000000000.0,24,1.0787783999433032e-08,6.209720737615498e-08,5.130942337672195e-08,7.249248312746204e-08,-71.39707023849851,-41.397070238498515,cir_coefficients_tau_mask,,"[1, 1, 1, 1, 24, 1]","[1, 1, 24]","[1, 1, 24]","[1, 1, 24]",,True,
143,36749,rx_human_chest,/home/telilab4090/Documents/Gazebo World/my_world/rt_out/experiments/semantic_ablation_actor_200f/sionna_xml/frame_143_sionna.xml,30.0,0.0,0.0,2.4,-1.4605,-0.8406,1.6421,28000000000.0,23,6.163341392806387e-09,6.568895827285814e-08,5.952561688005176e-08,2.2439071756252815e-07,-66.48995112633139,-36.48995112633139,cir_coefficients_tau_mask,,"[1, 1, 1, 1, 23, 1]","[1, 1, 23]","[1, 1, 23]","[1, 1, 23]",,True,
143,36749,rx_x500_body,/home/telilab4090/Documents/Gazebo World/my_world/rt_out/experiments/semantic_ablation_actor_200f/sionna_xml/frame_143_sionna.xml,30.0,0.0,0.0,2.4,-3.9279,3.2024,1.3944,28000000000.0,23,1.7234324189985273e-08,7.465505547088469e-08,5.742073128089942e-08,3.3723893011483597e-08,-74.72062297160716,-44.720622971607156,cir_coefficients_tau_mask,,"[1, 1, 1, 1, 23, 1]","[1, 1, 23]","[1, 1, 23]","[1, 1, 23]",,True,
144,37006,rx_panda_base,/home/telilab4090/Documents/Gazebo World/my_world/rt_out/experiments/semantic_ablation_actor_200f/sionna_xml/frame_144_sionna.xml,30.0,0.0,0.0,2.4,0.582,0.888,1.195,28000000000.0,18,5.357098764591228e-09,6.284866316264015e-08,5.749156439804892e-08,2.837946908584854e-07,-65.46995733446659,-35.469957334466585,cir_coefficients_tau_mask,,"[1, 1, 1, 1, 18, 1]","[1, 1, 18]","[1, 1, 18]","[1, 1, 18]",,True,
144,37006,rx_ur5_base,/home/telilab4090/Documents/Gazebo World/my_world/rt_out/experiments/semantic_ablation_actor_200f/sionna_xml/frame_144_sionna.xml,30.0,0.0,0.0,2.4,0.497,-0.841,0.995,28000000000.0,18,5.971809269311734e-09,6.370818539380707e-08,5.7736376124495337e-08,1.913716971557733e-07,-67.18122291626929,-37.18122291626929,cir_coefficients_tau_mask,,"[1, 1, 1, 1, 18, 1]","[1, 1, 18]","[1, 1, 18]","[1, 1, 18]",,True,
144,37006,rx_cerberus_base,/home/telilab4090/Documents/Gazebo World/my_world/rt_out/experiments/semantic_ablation_actor_200f/sionna_xml/frame_144_sionna.xml,30.0,0.0,0.0,2.4,4.074,-1.779,0.81,28000000000.0,18,1.574846919538686e-08,5.723669715962387e-08,4.148822796423701e-08,3.621421384991663e-08,-74.41120938168608,-44.41120938168608,cir_coefficients_tau_mask,,"[1, 1, 1, 1, 18, 1]","[1, 1, 18]","[1, 1, 18]","[1, 1, 18]",,True,
144,37006,rx_nao_chest,/home/telilab4090/Documents/Gazebo World/my_world/rt_out/experiments/semantic_ablation_actor_200f/sionna_xml/frame_144_sionna.xml,30.0,0.0,0.0,2.4,-0.1337,2.748,0.7,28000000000.0,24,1.0787783999433032e-08,6.209720737615498e-08,5.130942337672195e-08,7.249248312746204e-08,-71.39707023849851,-41.397070238498515,cir_coefficients_tau_mask,,"[1, 1, 1, 1, 24, 1]","[1, 1, 24]","[1, 1, 24]","[1, 1, 24]",,True,
144,37006,rx_human_chest,/home/telilab4090/Documents/Gazebo World/my_world/rt_out/experiments/semantic_ablation_actor_200f/sionna_xml/frame_144_sionna.xml,30.0,0.0,0.0,2.4,-1.4605,-0.8406,1.6421,28000000000.0,23,6.163341392806387e-09,6.568895827285814e-08,5.952561688005176e-08,2.2439071756252815e-07,-66.48995112633139,-36.48995112633139,cir_coefficients_tau_mask,,"[1, 1, 1, 1, 23, 1]","[1, 1, 23]","[1, 1, 23]","[1, 1, 23]",,True,
144,37006,rx_x500_body,/home/telilab4090/Documents/Gazebo World/my_world/rt_out/experiments/semantic_ablation_actor_200f/sionna_xml/frame_144_sionna.xml,30.0,0.0,0.0,2.4,-3.9279,3.2024,1.3944,28000000000.0,23,1.7234324189985273e-08,7.465505547088469e-08,5.742073128089942e-08,3.3723893011483597e-08,-74.72062297160716,-44.720622971607156,cir_coefficients_tau_mask,,"[1, 1, 1, 1, 23, 1]","[1, 1, 23]","[1, 1, 23]","[1, 1, 23]",,True,
145,37263,rx_panda_base,/home/telilab4090/Documents/Gazebo World/my_world/rt_out/experiments/semantic_ablation_actor_200f/sionna_xml/frame_145_sionna.xml,30.0,0.0,0.0,2.4,0.582,0.888,1.195,28000000000.0,19,5.357098764591228e-09,6.284866316264015e-08,5.749156439804892e-08,2.8401140639289224e-07,-65.46664217579671,-35.46664217579671,cir_coefficients_tau_mask,,"[1, 1, 1, 1, 19, 1]","[1, 1, 19]","[1, 1, 19]","[1, 1, 19]",,True,
145,37263,rx_ur5_base,/home/telilab4090/Documents/Gazebo World/my_world/rt_out/experiments/semantic_ablation_actor_200f/sionna_xml/frame_145_sionna.xml,30.0,0.0,0.0,2.4,0.497,-0.841,0.995,28000000000.0,17,5.708055805797585e-09,5.930293767164585e-08,5.3594881865848265e-08,4.687409500547801e-07,-63.2906710407321,-33.2906710407321,cir_coefficients_tau_mask,,"[1, 1, 1, 1, 17, 1]","[1, 1, 17]","[1, 1, 17]","[1, 1, 17]",,True,
145,37263,rx_cerberus_base,/home/telilab4090/Documents/Gazebo World/my_world/rt_out/experiments/semantic_ablation_actor_200f/sionna_xml/frame_145_sionna.xml,30.0,0.0,0.0,2.4,4.074,-1.779,0.81,28000000000.0,18,1.574846919538686e-08,5.723669715962387e-08,4.148822796423701e-08,3.621421384991663e-08,-74.41120938168608,-44.41120938168608,cir_coefficients_tau_mask,,"[1, 1, 1, 1, 18, 1]","[1, 1, 18]","[1, 1, 18]","[1, 1, 18]",,True,
145,37263,rx_nao_chest,/home/telilab4090/Documents/Gazebo World/my_world/rt_out/experiments/semantic_ablation_actor_200f/sionna_xml/frame_145_sionna.xml,30.0,0.0,0.0,2.4,-0.1337,2.748,0.7,28000000000.0,24,1.0787783999433032e-08,6.209720737615498e-08,5.130942337672195e-08,7.24924902328894e-08,-71.3970698128202,-41.397069812820206,cir_coefficients_tau_mask,,"[1, 1, 1, 1, 24, 1]","[1, 1, 24]","[1, 1, 24]","[1, 1, 24]",,True,
145,37263,rx_human_chest,/home/telilab4090/Documents/Gazebo World/my_world/rt_out/experiments/semantic_ablation_actor_200f/sionna_xml/frame_145_sionna.xml,30.0,0.0,0.0,2.4,-1.4605,-0.8406,1.6421,28000000000.0,21,6.163341392806387e-09,6.431429255826515e-08,5.8150951165458764e-08,2.2401944477223878e-07,-66.49714283492739,-36.49714283492739,cir_coefficients_tau_mask,,"[1, 1, 1, 1, 21, 1]","[1, 1, 21]","[1, 1, 21]","[1, 1, 21]",,True,
145,37263,rx_x500_body,/home/telilab4090/Documents/Gazebo World/my_world/rt_out/experiments/semantic_ablation_actor_200f/sionna_xml/frame_145_sionna.xml,30.0,0.0,0.0,2.4,-3.9279,3.2024,1.3944,28000000000.0,23,1.7234324189985273e-08,7.465505547088469e-08,5.742073128089942e-08,3.3723893011483597e-08,-74.72062297160716,-44.720622971607156,cir_coefficients_tau_mask,,"[1, 1, 1, 1, 23, 1]","[1, 1, 23]","[1, 1, 23]","[1, 1, 23]",,True,
146,37520,rx_panda_base,/home/telilab4090/Documents/Gazebo World/my_world/rt_out/experiments/semantic_ablation_actor_200f/sionna_xml/frame_146_sionna.xml,30.0,0.0,0.0,2.4,0.582,0.888,1.195,28000000000.0,23,5.357098764591228e-09,6.284866316264015e-08,5.749156439804892e-08,2.8408337016117e-07,-65.46554188517912,-35.46554188517912,cir_coefficients_tau_mask,,"[1, 1, 1, 1, 23, 1]","[1, 1, 23]","[1, 1, 23]","[1, 1, 23]",,True,
146,37520,rx_ur5_base,/home/telilab4090/Documents/Gazebo World/my_world/rt_out/experiments/semantic_ablation_actor_200f/sionna_xml/frame_146_sionna.xml,30.0,0.0,0.0,2.4,0.497,-0.841,0.995,28000000000.0,18,5.708055805797585e-09,5.930293767164585e-08,5.3594881865848265e-08,6.881128342683951e-07,-61.62340341877539,-31.62340341877539,cir_coefficients_tau_mask,,"[1, 1, 1, 1, 18, 1]","[1, 1, 18]","[1, 1, 18]","[1, 1, 18]",,True,
146,37520,rx_cerberus_base,/home/telilab4090/Documents/Gazebo World/my_world/rt_out/experiments/semantic_ablation_actor_200f/sionna_xml/frame_146_sionna.xml,30.0,0.0,0.0,2.4,4.074,-1.779,0.81,28000000000.0,18,1.574846919538686e-08,5.723669715962387e-08,4.148822796423701e-08,3.621421740263031e-08,-74.4112089556313,-44.411208955631295,cir_coefficients_tau_mask,,"[1, 1, 1, 1, 18, 1]","[1, 1, 18]","[1, 1, 18]","[1, 1, 18]",,True,
146,37520,rx_nao_chest,/home/telilab4090/Documents/Gazebo World/my_world/rt_out/experiments/semantic_ablation_actor_200f/sionna_xml/frame_146_sionna.xml,30.0,0.0,0.0,2.4,-0.1337,2.748,0.7,28000000000.0,24,1.0787783999433032e-08,6.209720737615498e-08,5.130942337672195e-08,7.249248312746204e-08,-71.39707023849851,-41.397070238498515,cir_coefficients_tau_mask,,"[1, 1, 1, 1, 24, 1]","[1, 1, 24]","[1, 1, 24]","[1, 1, 24]",,True,
146,37520,rx_human_chest,/home/telilab4090/Documents/Gazebo World/my_world/rt_out/experiments/semantic_ablation_actor_200f/sionna_xml/frame_146_sionna.xml,30.0,0.0,0.0,2.4,-1.4605,-0.8406,1.6421,28000000000.0,21,6.163341392806387e-09,6.431429255826515e-08,5.8150951165458764e-08,2.2401944477223878e-07,-66.49714283492739,-36.49714283492739,cir_coefficients_tau_mask,,"[1, 1, 1, 1, 21, 1]","[1, 1, 21]","[1, 1, 21]","[1, 1, 21]",,True,
146,37520,rx_x500_body,/home/telilab4090/Documents/Gazebo World/my_world/rt_out/experiments/semantic_ablation_actor_200f/sionna_xml/frame_146_sionna.xml,30.0,0.0,0.0,2.4,-3.9279,3.2024,1.3944,28000000000.0,23,1.7234324189985273e-08,7.465505547088469e-08,5.742073128089942e-08,3.372388945876992e-08,-74.72062342912375,-44.72062342912375,cir_coefficients_tau_mask,,"[1, 1, 1, 1, 23, 1]","[1, 1, 23]","[1, 1, 23]","[1, 1, 23]",,True,
147,37777,rx_panda_base,/home/telilab4090/Documents/Gazebo World/my_world/rt_out/experiments/semantic_ablation_actor_200f/sionna_xml/frame_147_sionna.xml,30.0,0.0,0.0,2.4,0.582,0.888,1.195,28000000000.0,23,5.357098764591228e-09,6.284866316264015e-08,5.749156439804892e-08,2.8408337016117e-07,-65.46554188517912,-35.46554188517912,cir_coefficients_tau_mask,,"[1, 1, 1, 1, 23, 1]","[1, 1, 23]","[1, 1, 23]","[1, 1, 23]",,True,
147,37777,rx_ur5_base,/home/telilab4090/Documents/Gazebo World/my_world/rt_out/experiments/semantic_ablation_actor_200f/sionna_xml/frame_147_sionna.xml,30.0,0.0,0.0,2.4,0.497,-0.841,0.995,28000000000.0,18,5.708055805797585e-09,5.930293767164585e-08,5.3594881865848265e-08,6.881127774249762e-07,-61.62340377753609,-31.62340377753609,cir_coefficients_tau_mask,,"[1, 1, 1, 1, 18, 1]","[1, 1, 18]","[1, 1, 18]","[1, 1, 18]",,True,
147,37777,rx_cerberus_base,/home/telilab4090/Documents/Gazebo World/my_world/rt_out/experiments/semantic_ablation_actor_200f/sionna_xml/frame_147_sionna.xml,30.0,0.0,0.0,2.4,4.074,-1.779,0.81,28000000000.0,18,1.574846919538686e-08,5.723669715962387e-08,4.148822796423701e-08,3.621421384991663e-08,-74.41120938168608,-44.41120938168608,cir_coefficients_tau_mask,,"[1, 1, 1, 1, 18, 1]","[1, 1, 18]","[1, 1, 18]","[1, 1, 18]",,True,
147,37777,rx_nao_chest,/home/telilab4090/Documents/Gazebo World/my_world/rt_out/experiments/semantic_ablation_actor_200f/sionna_xml/frame_147_sionna.xml,30.0,0.0,0.0,2.4,-0.1337,2.748,0.7,28000000000.0,23,1.0787783999433032e-08,6.209720737615498e-08,5.130942337672195e-08,7.244521071925192e-08,-71.39990320019606,-41.399903200196064,cir_coefficients_tau_mask,,"[1, 1, 1, 1, 23, 1]","[1, 1, 23]","[1, 1, 23]","[1, 1, 23]",,True,
147,37777,rx_human_chest,/home/telilab4090/Documents/Gazebo World/my_world/rt_out/experiments/semantic_ablation_actor_200f/sionna_xml/frame_147_sionna.xml,30.0,0.0,0.0,2.4,-1.4605,-0.8406,1.6421,28000000000.0,21,6.163341392806387e-09,6.431429255826515e-08,5.8150951165458764e-08,2.240194589830935e-07,-66.49714255942916,-36.497142559429165,cir_coefficients_tau_mask,,"[1, 1, 1, 1, 21, 1]","[1, 1, 21]","[1, 1, 21]","[1, 1, 21]",,True,
147,37777,rx_x500_body,/home/telilab4090/Documents/Gazebo World/my_world/rt_out/experiments/semantic_ablation_actor_200f/sionna_xml/frame_147_sionna.xml,30.0,0.0,0.0,2.4,-3.9279,3.2024,1.3944,28000000000.0,23,1.7234324189985273e-08,7.465505547088469e-08,5.742073128089942e-08,3.372388945876992e-08,-74.72062342912375,-44.72062342912375,cir_coefficients_tau_mask,,"[1, 1, 1, 1, 23, 1]","[1, 1, 23]","[1, 1, 23]","[1, 1, 23]",,True,
148,38034,rx_panda_base,/home/telilab4090/Documents/Gazebo World/my_world/rt_out/experiments/semantic_ablation_actor_200f/sionna_xml/frame_148_sionna.xml,30.0,0.0,0.0,2.4,0.582,0.888,1.195,28000000000.0,23,5.357098764591228e-09,6.284866316264015e-08,5.749156439804892e-08,2.8408337016117e-07,-65.46554188517912,-35.46554188517912,cir_coefficients_tau_mask,,"[1, 1, 1, 1, 23, 1]","[1, 1, 23]","[1, 1, 23]","[1, 1, 23]",,True,
148,38034,rx_ur5_base,/home/telilab4090/Documents/Gazebo World/my_world/rt_out/experiments/semantic_ablation_actor_200f/sionna_xml/frame_148_sionna.xml,30.0,0.0,0.0,2.4,0.497,-0.841,0.995,28000000000.0,18,5.708055805797585e-09,5.930293767164585e-08,5.3594881865848265e-08,6.881128342683951e-07,-61.62340341877539,-31.62340341877539,cir_coefficients_tau_mask,,"[1, 1, 1, 1, 18, 1]","[1, 1, 18]","[1, 1, 18]","[1, 1, 18]",,True,
148,38034,rx_cerberus_base,/home/telilab4090/Documents/Gazebo World/my_world/rt_out/experiments/semantic_ablation_actor_200f/sionna_xml/frame_148_sionna.xml,30.0,0.0,0.0,2.4,4.074,-1.779,0.81,28000000000.0,18,1.574846919538686e-08,5.723669715962387e-08,4.148822796423701e-08,3.621421740263031e-08,-74.4112089556313,-44.411208955631295,cir_coefficients_tau_mask,,"[1, 1, 1, 1, 18, 1]","[1, 1, 18]","[1, 1, 18]","[1, 1, 18]",,True,
148,38034,rx_nao_chest,/home/telilab4090/Documents/Gazebo World/my_world/rt_out/experiments/semantic_ablation_actor_200f/sionna_xml/frame_148_sionna.xml,30.0,0.0,0.0,2.4,-0.1337,2.748,0.7,28000000000.0,24,1.0787783999433032e-08,6.209720737615498e-08,5.130942337672195e-08,7.246238453717524e-08,-71.39887378633007,-41.39887378633007,cir_coefficients_tau_mask,,"[1, 1, 1, 1, 24, 1]","[1, 1, 24]","[1, 1, 24]","[1, 1, 24]",,True,
148,38034,rx_human_chest,/home/telilab4090/Documents/Gazebo World/my_world/rt_out/experiments/semantic_ablation_actor_200f/sionna_xml/frame_148_sionna.xml,30.0,0.0,0.0,2.4,-1.4605,-0.8406,1.6421,28000000000.0,21,6.163341392806387e-09,6.431429255826515e-08,5.8150951165458764e-08,2.2401944477223878e-07,-66.49714283492739,-36.49714283492739,cir_coefficients_tau_mask,,"[1, 1, 1, 1, 21, 1]","[1, 1, 21]","[1, 1, 21]","[1, 1, 21]",,True,
148,38034,rx_x500_body,/home/telilab4090/Documents/Gazebo World/my_world/rt_out/experiments/semantic_ablation_actor_200f/sionna_xml/frame_148_sionna.xml,30.0,0.0,0.0,2.4,-3.9279,3.2024,1.3944,28000000000.0,23,1.7234324189985273e-08,7.465505547088469e-08,5.742073128089942e-08,3.372388590605624e-08,-74.72062388664037,-44.72062388664037,cir_coefficients_tau_mask,,"[1, 1, 1, 1, 23, 1]","[1, 1, 23]","[1, 1, 23]","[1, 1, 23]",,True,
149,38291,rx_panda_base,/home/telilab4090/Documents/Gazebo World/my_world/rt_out/experiments/semantic_ablation_actor_200f/sionna_xml/frame_149_sionna.xml,30.0,0.0,0.0,2.4,0.582,0.888,1.195,28000000000.0,23,5.357098764591228e-09,6.284866316264015e-08,5.749156439804892e-08,2.8408337016117e-07,-65.46554188517912,-35.46554188517912,cir_coefficients_tau_mask,,"[1, 1, 1, 1, 23, 1]","[1, 1, 23]","[1, 1, 23]","[1, 1, 23]",,True,
149,38291,rx_ur5_base,/home/telilab4090/Documents/Gazebo World/my_world/rt_out/experiments/semantic_ablation_actor_200f/sionna_xml/frame_149_sionna.xml,30.0,0.0,0.0,2.4,0.497,-0.841,0.995,28000000000.0,18,5.708055805797585e-09,5.930293767164585e-08,5.3594881865848265e-08,6.881127774249762e-07,-61.62340377753609,-31.62340377753609,cir_coefficients_tau_mask,,"[1, 1, 1, 1, 18, 1]","[1, 1, 18]","[1, 1, 18]","[1, 1, 18]",,True,
149,38291,rx_cerberus_base,/home/telilab4090/Documents/Gazebo World/my_world/rt_out/experiments/semantic_ablation_actor_200f/sionna_xml/frame_149_sionna.xml,30.0,0.0,0.0,2.4,4.074,-1.779,0.81,28000000000.0,18,1.574846919538686e-08,5.723669715962387e-08,4.148822796423701e-08,3.621421384991663e-08,-74.41120938168608,-44.41120938168608,cir_coefficients_tau_mask,,"[1, 1, 1, 1, 18, 1]","[1, 1, 18]","[1, 1, 18]","[1, 1, 18]",,True,
149,38291,rx_nao_chest,/home/telilab4090/Documents/Gazebo World/my_world/rt_out/experiments/semantic_ablation_actor_200f/sionna_xml/frame_149_sionna.xml,30.0,0.0,0.0,2.4,-0.1337,2.748,0.7,28000000000.0,23,1.0787783999433032e-08,6.209720737615498e-08,5.130942337672195e-08,7.244521071925192e-08,-71.39990320019606,-41.399903200196064,cir_coefficients_tau_mask,,"[1, 1, 1, 1, 23, 1]","[1, 1, 23]","[1, 1, 23]","[1, 1, 23]",,True,
149,38291,rx_human_chest,/home/telilab4090/Documents/Gazebo World/my_world/rt_out/experiments/semantic_ablation_actor_200f/sionna_xml/frame_149_sionna.xml,30.0,0.0,0.0,2.4,-1.4605,-0.8406,1.6421,28000000000.0,21,6.163341392806387e-09,6.431429255826515e-08,5.8150951165458764e-08,2.240194589830935e-07,-66.49714255942916,-36.497142559429165,cir_coefficients_tau_mask,,"[1, 1, 1, 1, 21, 1]","[1, 1, 21]","[1, 1, 21]","[1, 1, 21]",,True,
149,38291,rx_x500_body,/home/telilab4090/Documents/Gazebo World/my_world/rt_out/experiments/semantic_ablation_actor_200f/sionna_xml/frame_149_sionna.xml,30.0,0.0,0.0,2.4,-3.9279,3.2024,1.3944,28000000000.0,23,1.7234324189985273e-08,7.465505547088469e-08,5.742073128089942e-08,3.3723893011483597e-08,-74.72062297160716,-44.720622971607156,cir_coefficients_tau_mask,,"[1, 1, 1, 1, 23, 1]","[1, 1, 23]","[1, 1, 23]","[1, 1, 23]",,True,
150,38548,rx_panda_base,/home/telilab4090/Documents/Gazebo World/my_world/rt_out/experiments/semantic_ablation_actor_200f/sionna_xml/frame_150_sionna.xml,30.0,0.0,0.0,2.4,0.582,0.888,1.195,28000000000.0,24,5.357098764591228e-09,6.284866316264015e-08,5.749156439804892e-08,2.8414061148396286e-07,-65.46466689251731,-35.464666892517315,cir_coefficients_tau_mask,,"[1, 1, 1, 1, 24, 1]","[1, 1, 24]","[1, 1, 24]","[1, 1, 24]",,True,
150,38548,rx_ur5_base,/home/telilab4090/Documents/Gazebo World/my_world/rt_out/experiments/semantic_ablation_actor_200f/sionna_xml/frame_150_sionna.xml,30.0,0.0,0.0,2.4,0.497,-0.841,0.995,28000000000.0,18,5.708055805797585e-09,5.930293767164585e-08,5.3594881865848265e-08,6.881128342683951e-07,-61.62340341877539,-31.62340341877539,cir_coefficients_tau_mask,,"[1, 1, 1, 1, 18, 1]","[1, 1, 18]","[1, 1, 18]","[1, 1, 18]",,True,
150,38548,rx_cerberus_base,/home/telilab4090/Documents/Gazebo World/my_world/rt_out/experiments/semantic_ablation_actor_200f/sionna_xml/frame_150_sionna.xml,30.0,0.0,0.0,2.4,4.074,-1.779,0.81,28000000000.0,18,1.574846919538686e-08,5.723669715962387e-08,4.148822796423701e-08,3.6214210297202953e-08,-74.41120980774089,-44.41120980774089,cir_coefficients_tau_mask,,"[1, 1, 1, 1, 18, 1]","[1, 1, 18]","[1, 1, 18]","[1, 1, 18]",,True,
150,38548,rx_nao_chest,/home/telilab4090/Documents/Gazebo World/my_world/rt_out/experiments/semantic_ablation_actor_200f/sionna_xml/frame_150_sionna.xml,30.0,0.0,0.0,2.4,-0.1337,2.748,0.7,28000000000.0,22,1.0787783999433032e-08,6.209720737615498e-08,5.130942337672195e-08,7.231477638924844e-08,-71.40772952378627,-41.40772952378627,cir_coefficients_tau_mask,,"[1, 1, 1, 1, 22, 1]","[1, 1, 22]","[1, 1, 22]","[1, 1, 22]",,True,
150,38548,rx_human_chest,/home/telilab4090/Documents/Gazebo World/my_world/rt_out/experiments/semantic_ablation_actor_200f/sionna_xml/frame_150_sionna.xml,30.0,0.0,0.0,2.4,-1.4605,-0.8406,1.6421,28000000000.0,21,6.163341392806387e-09,6.431429255826515e-08,5.8150951165458764e-08,2.240194589830935e-07,-66.49714255942916,-36.497142559429165,cir_coefficients_tau_mask,,"[1, 1, 1, 1, 21, 1]","[1, 1, 21]","[1, 1, 21]","[1, 1, 21]",,True,
150,38548,rx_x500_body,/home/telilab4090/Documents/Gazebo World/my_world/rt_out/experiments/semantic_ablation_actor_200f/sionna_xml/frame_150_sionna.xml,30.0,0.0,0.0,2.4,-3.9279,3.2024,1.3944,28000000000.0,23,1.7234324189985273e-08,7.465505547088469e-08,5.742073128089942e-08,3.372388945876992e-08,-74.72062342912375,-44.72062342912375,cir_coefficients_tau_mask,,"[1, 1, 1, 1, 23, 1]","[1, 1, 23]","[1, 1, 23]","[1, 1, 23]",,True,
151,38805,rx_panda_base,/home/telilab4090/Documents/Gazebo World/my_world/rt_out/experiments/semantic_ablation_actor_200f/sionna_xml/frame_151_sionna.xml,30.0,0.0,0.0,2.4,0.582,0.888,1.195,28000000000.0,24,5.357098764591228e-09,6.284866316264015e-08,5.749156439804892e-08,2.8414061148396286e-07,-65.46466689251731,-35.464666892517315,cir_coefficients_tau_mask,,"[1, 1, 1, 1, 24, 1]","[1, 1, 24]","[1, 1, 24]","[1, 1, 24]",,True,
151,38805,rx_ur5_base,/home/telilab4090/Documents/Gazebo World/my_world/rt_out/experiments/semantic_ablation_actor_200f/sionna_xml/frame_151_sionna.xml,30.0,0.0,0.0,2.4,0.497,-0.841,0.995,28000000000.0,18,5.708055805797585e-09,5.930293767164585e-08,5.3594881865848265e-08,6.881128342683951e-07,-61.62340341877539,-31.62340341877539,cir_coefficients_tau_mask,,"[1, 1, 1, 1, 18, 1]","[1, 1, 18]","[1, 1, 18]","[1, 1, 18]",,True,
151,38805,rx_cerberus_base,/home/telilab4090/Documents/Gazebo World/my_world/rt_out/experiments/semantic_ablation_actor_200f/sionna_xml/frame_151_sionna.xml,30.0,0.0,0.0,2.4,4.074,-1.779,0.81,28000000000.0,18,1.574846919538686e-08,5.723669715962387e-08,4.148822796423701e-08,3.621421384991663e-08,-74.41120938168608,-44.41120938168608,cir_coefficients_tau_mask,,"[1, 1, 1, 1, 18, 1]","[1, 1, 18]","[1, 1, 18]","[1, 1, 18]",,True,
151,38805,rx_nao_chest,/home/telilab4090/Documents/Gazebo World/my_world/rt_out/experiments/semantic_ablation_actor_200f/sionna_xml/frame_151_sionna.xml,30.0,0.0,0.0,2.4,-0.1337,2.748,0.7,28000000000.0,22,1.0787783999433032e-08,6.209720737615498e-08,5.130942337672195e-08,7.231476928382108e-08,-71.40772995051069,-41.407729950510685,cir_coefficients_tau_mask,,"[1, 1, 1, 1, 22, 1]","[1, 1, 22]","[1, 1, 22]","[1, 1, 22]",,True,
151,38805,rx_human_chest,/home/telilab4090/Documents/Gazebo World/my_world/rt_out/experiments/semantic_ablation_actor_200f/sionna_xml/frame_151_sionna.xml,30.0,0.0,0.0,2.4,-1.4605,-0.8406,1.6421,28000000000.0,21,6.163341392806387e-09,6.431429255826515e-08,5.8150951165458764e-08,2.2401947319394822e-07,-66.49714228393097,-36.49714228393097,cir_coefficients_tau_mask,,"[1, 1, 1, 1, 21, 1]","[1, 1, 21]","[1, 1, 21]","[1, 1, 21]",,True,
151,38805,rx_x500_body,/home/telilab4090/Documents/Gazebo World/my_world/rt_out/experiments/semantic_ablation_actor_200f/sionna_xml/frame_151_sionna.xml,30.0,0.0,0.0,2.4,-3.9279,3.2024,1.3944,28000000000.0,23,1.7234324189985273e-08,7.465505547088469e-08,5.742073128089942e-08,3.3723893011483597e-08,-74.72062297160716,-44.720622971607156,cir_coefficients_tau_mask,,"[1, 1, 1, 1, 23, 1]","[1, 1, 23]","[1, 1, 23]","[1, 1, 23]",,True,
152,39062,rx_panda_base,/home/telilab4090/Documents/Gazebo World/my_world/rt_out/experiments/semantic_ablation_actor_200f/sionna_xml/frame_152_sionna.xml,30.0,0.0,0.0,2.4,0.582,0.888,1.195,28000000000.0,24,5.357098764591228e-09,6.284866316264015e-08,5.749156439804892e-08,2.841406399056723e-07,-65.46466645810595,-35.46466645810595,cir_coefficients_tau_mask,,"[1, 1, 1, 1, 24, 1]","[1, 1, 24]","[1, 1, 24]","[1, 1, 24]",,True,
152,39062,rx_ur5_base,/home/telilab4090/Documents/Gazebo World/my_world/rt_out/experiments/semantic_ablation_actor_200f/sionna_xml/frame_152_sionna.xml,30.0,0.0,0.0,2.4,0.497,-0.841,0.995,28000000000.0,18,5.708055805797585e-09,5.930293767164585e-08,5.3594881865848265e-08,6.881128342683951e-07,-61.62340341877539,-31.62340341877539,cir_coefficients_tau_mask,,"[1, 1, 1, 1, 18, 1]","[1, 1, 18]","[1, 1, 18]","[1, 1, 18]",,True,
152,39062,rx_cerberus_base,/home/telilab4090/Documents/Gazebo World/my_world/rt_out/experiments/semantic_ablation_actor_200f/sionna_xml/frame_152_sionna.xml,30.0,0.0,0.0,2.4,4.074,-1.779,0.81,28000000000.0,17,1.574846919538686e-08,5.723669715962387e-08,4.148822796423701e-08,3.619599553417174e-08,-74.41339474041706,-44.41339474041706,cir_coefficients_tau_mask,,"[1, 1, 1, 1, 17, 1]","[1, 1, 17]","[1, 1, 17]","[1, 1, 17]",,True,
152,39062,rx_nao_chest,/home/telilab4090/Documents/Gazebo World/my_world/rt_out/experiments/semantic_ablation_actor_200f/sionna_xml/frame_152_sionna.xml,30.0,0.0,0.0,2.4,-0.1337,2.748,0.7,28000000000.0,23,1.0787783999433032e-08,6.209720737615498e-08,5.130942337672195e-08,7.236336330151971e-08,-71.40481256221481,-41.404812562214815,cir_coefficients_tau_mask,,"[1, 1, 1, 1, 23, 1]","[1, 1, 23]","[1, 1, 23]","[1, 1, 23]",,True,
152,39062,rx_human_chest,/home/telilab4090/Documents/Gazebo World/my_world/rt_out/experiments/semantic_ablation_actor_200f/sionna_xml/frame_152_sionna.xml,30.0,0.0,0.0,2.4,-1.4605,-0.8406,1.6421,28000000000.0,21,6.163341392806387e-09,6.431429255826515e-08,5.8150951165458764e-08,2.2401947319394822e-07,-66.49714228393097,-36.49714228393097,cir_coefficients_tau_mask,,"[1, 1, 1, 1, 21, 1]","[1, 1, 21]","[1, 1, 21]","[1, 1, 21]",,True,
152,39062,rx_x500_body,/home/telilab4090/Documents/Gazebo World/my_world/rt_out/experiments/semantic_ablation_actor_200f/sionna_xml/frame_152_sionna.xml,30.0,0.0,0.0,2.4,-3.9279,3.2024,1.3944,28000000000.0,23,1.7234324189985273e-08,7.465505547088469e-08,5.742073128089942e-08,3.3723893011483597e-08,-74.72062297160716,-44.720622971607156,cir_coefficients_tau_mask,,"[1, 1, 1, 1, 23, 1]","[1, 1, 23]","[1, 1, 23]","[1, 1, 23]",,True,
153,39319,rx_panda_base,/home/telilab4090/Documents/Gazebo World/my_world/rt_out/experiments/semantic_ablation_actor_200f/sionna_xml/frame_153_sionna.xml,30.0,0.0,0.0,2.4,0.582,0.888,1.195,28000000000.0,24,5.357098764591228e-09,6.284866316264015e-08,5.749156439804892e-08,2.8414061148396286e-07,-65.46466689251731,-35.464666892517315,cir_coefficients_tau_mask,,"[1, 1, 1, 1, 24, 1]","[1, 1, 24]","[1, 1, 24]","[1, 1, 24]",,True,
153,39319,rx_ur5_base,/home/telilab4090/Documents/Gazebo World/my_world/rt_out/experiments/semantic_ablation_actor_200f/sionna_xml/frame_153_sionna.xml,30.0,0.0,0.0,2.4,0.497,-0.841,0.995,28000000000.0,18,5.708055805797585e-09,5.930293767164585e-08,5.3594881865848265e-08,6.881128342683951e-07,-61.62340341877539,-31.62340341877539,cir_coefficients_tau_mask,,"[1, 1, 1, 1, 18, 1]","[1, 1, 18]","[1, 1, 18]","[1, 1, 18]",,True,
153,39319,rx_cerberus_base,/home/telilab4090/Documents/Gazebo World/my_world/rt_out/experiments/semantic_ablation_actor_200f/sionna_xml/frame_153_sionna.xml,30.0,0.0,0.0,2.4,4.074,-1.779,0.81,28000000000.0,18,1.574846919538686e-08,5.723669715962387e-08,4.148822796423701e-08,3.621421384991663e-08,-74.41120938168608,-44.41120938168608,cir_coefficients_tau_mask,,"[1, 1, 1, 1, 18, 1]","[1, 1, 18]","[1, 1, 18]","[1, 1, 18]",,True,
153,39319,rx_nao_chest,/home/telilab4090/Documents/Gazebo World/my_world/rt_out/experiments/semantic_ablation_actor_200f/sionna_xml/frame_153_sionna.xml,30.0,0.0,0.0,2.4,-0.1337,2.748,0.7,28000000000.0,23,1.0787783999433032e-08,6.209720737615498e-08,5.130942337672195e-08,7.236335619609235e-08,-71.40481298865271,-41.40481298865271,cir_coefficients_tau_mask,,"[1, 1, 1, 1, 23, 1]","[1, 1, 23]","[1, 1, 23]","[1, 1, 23]",,True,
153,39319,rx_human_chest,/home/telilab4090/Documents/Gazebo World/my_world/rt_out/experiments/semantic_ablation_actor_200f/sionna_xml/frame_153_sionna.xml,30.0,0.0,0.0,2.4,-1.4605,-0.8406,1.6421,28000000000.0,21,6.163341392806387e-09,6.431429255826515e-08,5.8150951165458764e-08,2.240194589830935e-07,-66.49714255942916,-36.497142559429165,cir_coefficients_tau_mask,,"[1, 1, 1, 1, 21, 1]","[1, 1, 21]","[1, 1, 21]","[1, 1, 21]",,True,
153,39319,rx_x500_body,/home/telilab4090/Documents/Gazebo World/my_world/rt_out/experiments/semantic_ablation_actor_200f/sionna_xml/frame_153_sionna.xml,30.0,0.0,0.0,2.4,-3.9279,3.2024,1.3944,28000000000.0,23,1.7234324189985273e-08,7.465505547088469e-08,5.742073128089942e-08,3.372388945876992e-08,-74.72062342912375,-44.72062342912375,cir_coefficients_tau_mask,,"[1, 1, 1, 1, 23, 1]","[1, 1, 23]","[1, 1, 23]","[1, 1, 23]",,True,
154,39576,rx_panda_base,/home/telilab4090/Documents/Gazebo World/my_world/rt_out/experiments/semantic_ablation_actor_200f/sionna_xml/frame_154_sionna.xml,30.0,0.0,0.0,2.4,0.582,0.888,1.195,28000000000.0,24,5.357098764591228e-09,6.284866316264015e-08,5.749156439804892e-08,2.8414061148396286e-07,-65.46466689251731,-35.464666892517315,cir_coefficients_tau_mask,,"[1, 1, 1, 1, 24, 1]","[1, 1, 24]","[1, 1, 24]","[1, 1, 24]",,True,
154,39576,rx_ur5_base,/home/telilab4090/Documents/Gazebo World/my_world/rt_out/experiments/semantic_ablation_actor_200f/sionna_xml/frame_154_sionna.xml,30.0,0.0,0.0,2.4,0.497,-0.841,0.995,28000000000.0,18,5.708055805797585e-09,5.930293767164585e-08,5.3594881865848265e-08,6.881127774249762e-07,-61.62340377753609,-31.62340377753609,cir_coefficients_tau_mask,,"[1, 1, 1, 1, 18, 1]","[1, 1, 18]","[1, 1, 18]","[1, 1, 18]",,True,
154,39576,rx_cerberus_base,/home/telilab4090/Documents/Gazebo World/my_world/rt_out/experiments/semantic_ablation_actor_200f/sionna_xml/frame_154_sionna.xml,30.0,0.0,0.0,2.4,4.074,-1.779,0.81,28000000000.0,18,1.574846919538686e-08,5.723669715962387e-08,4.148822796423701e-08,3.621421384991663e-08,-74.41120938168608,-44.41120938168608,cir_coefficients_tau_mask,,"[1, 1, 1, 1, 18, 1]","[1, 1, 18]","[1, 1, 18]","[1, 1, 18]",,True,
154,39576,rx_nao_chest,/home/telilab4090/Documents/Gazebo World/my_world/rt_out/experiments/semantic_ablation_actor_200f/sionna_xml/frame_154_sionna.xml,30.0,0.0,0.0,2.4,-0.1337,2.748,0.7,28000000000.0,23,1.0787783999433032e-08,6.209720737615498e-08,5.130942337672195e-08,7.236335619609235e-08,-71.40481298865271,-41.40481298865271,cir_coefficients_tau_mask,,"[1, 1, 1, 1, 23, 1]","[1, 1, 23]","[1, 1, 23]","[1, 1, 23]",,True,
154,39576,rx_human_chest,/home/telilab4090/Documents/Gazebo World/my_world/rt_out/experiments/semantic_ablation_actor_200f/sionna_xml/frame_154_sionna.xml,30.0,0.0,0.0,2.4,-1.4605,-0.8406,1.6421,28000000000.0,21,6.163341392806387e-09,6.431429255826515e-08,5.8150951165458764e-08,2.240194589830935e-07,-66.49714255942916,-36.497142559429165,cir_coefficients_tau_mask,,"[1, 1, 1, 1, 21, 1]","[1, 1, 21]","[1, 1, 21]","[1, 1, 21]",,True,
154,39576,rx_x500_body,/home/telilab4090/Documents/Gazebo World/my_world/rt_out/experiments/semantic_ablation_actor_200f/sionna_xml/frame_154_sionna.xml,30.0,0.0,0.0,2.4,-3.9279,3.2024,1.3944,28000000000.0,23,1.7234324189985273e-08,7.465505547088469e-08,5.742073128089942e-08,3.3723893011483597e-08,-74.72062297160716,-44.720622971607156,cir_coefficients_tau_mask,,"[1, 1, 1, 1, 23, 1]","[1, 1, 23]","[1, 1, 23]","[1, 1, 23]",,True,
155,39833,rx_panda_base,/home/telilab4090/Documents/Gazebo World/my_world/rt_out/experiments/semantic_ablation_actor_200f/sionna_xml/frame_155_sionna.xml,30.0,0.0,0.0,2.4,0.582,0.888,1.195,28000000000.0,24,5.357098764591228e-09,6.284866316264015e-08,5.749156439804892e-08,2.8414061148396286e-07,-65.46466689251731,-35.464666892517315,cir_coefficients_tau_mask,,"[1, 1, 1, 1, 24, 1]","[1, 1, 24]","[1, 1, 24]","[1, 1, 24]",,True,
155,39833,rx_ur5_base,/home/telilab4090/Documents/Gazebo World/my_world/rt_out/experiments/semantic_ablation_actor_200f/sionna_xml/frame_155_sionna.xml,30.0,0.0,0.0,2.4,0.497,-0.841,0.995,28000000000.0,18,5.708055805797585e-09,5.930293767164585e-08,5.3594881865848265e-08,6.881128342683951e-07,-61.62340341877539,-31.62340341877539,cir_coefficients_tau_mask,,"[1, 1, 1, 1, 18, 1]","[1, 1, 18]","[1, 1, 18]","[1, 1, 18]",,True,
155,39833,rx_cerberus_base,/home/telilab4090/Documents/Gazebo World/my_world/rt_out/experiments/semantic_ablation_actor_200f/sionna_xml/frame_155_sionna.xml,30.0,0.0,0.0,2.4,4.074,-1.779,0.81,28000000000.0,18,1.574846919538686e-08,5.723669715962387e-08,4.148822796423701e-08,3.621421384991663e-08,-74.41120938168608,-44.41120938168608,cir_coefficients_tau_mask,,"[1, 1, 1, 1, 18, 1]","[1, 1, 18]","[1, 1, 18]","[1, 1, 18]",,True,
155,39833,rx_nao_chest,/home/telilab4090/Documents/Gazebo World/my_world/rt_out/experiments/semantic_ablation_actor_200f/sionna_xml/frame_155_sionna.xml,30.0,0.0,0.0,2.4,-0.1337,2.748,0.7,28000000000.0,23,1.0787783999433032e-08,6.209720737615498e-08,5.130942337672195e-08,7.2363349090665e-08,-71.40481341509064,-41.40481341509064,cir_coefficients_tau_mask,,"[1, 1, 1, 1, 23, 1]","[1, 1, 23]","[1, 1, 23]","[1, 1, 23]",,True,
155,39833,rx_human_chest,/home/telilab4090/Documents/Gazebo World/my_world/rt_out/experiments/semantic_ablation_actor_200f/sionna_xml/frame_155_sionna.xml,30.0,0.0,0.0,2.4,-1.4605,-0.8406,1.6421,28000000000.0,21,6.163341392806387e-09,6.431429255826515e-08,5.8150951165458764e-08,2.240194589830935e-07,-66.49714255942916,-36.497142559429165,cir_coefficients_tau_mask,,"[1, 1, 1, 1, 21, 1]","[1, 1, 21]","[1, 1, 21]","[1, 1, 21]",,True,
155,39833,rx_x500_body,/home/telilab4090/Documents/Gazebo World/my_world/rt_out/experiments/semantic_ablation_actor_200f/sionna_xml/frame_155_sionna.xml,30.0,0.0,0.0,2.4,-3.9279,3.2024,1.3944,28000000000.0,22,1.7234324189985273e-08,7.465505547088469e-08,5.742073128089942e-08,3.3714570690790424e-08,-74.72182366101765,-44.72182366101765,cir_coefficients_tau_mask,,"[1, 1, 1, 1, 22, 1]","[1, 1, 22]","[1, 1, 22]","[1, 1, 22]",,True,
156,40090,rx_panda_base,/home/telilab4090/Documents/Gazebo World/my_world/rt_out/experiments/semantic_ablation_actor_200f/sionna_xml/frame_156_sionna.xml,30.0,0.0,0.0,2.4,0.582,0.888,1.195,28000000000.0,24,5.357098764591228e-09,6.284866316264015e-08,5.749156439804892e-08,2.8414061148396286e-07,-65.46466689251731,-35.464666892517315,cir_coefficients_tau_mask,,"[1, 1, 1, 1, 24, 1]","[1, 1, 24]","[1, 1, 24]","[1, 1, 24]",,True,
156,40090,rx_ur5_base,/home/telilab4090/Documents/Gazebo World/my_world/rt_out/experiments/semantic_ablation_actor_200f/sionna_xml/frame_156_sionna.xml,30.0,0.0,0.0,2.4,0.497,-0.841,0.995,28000000000.0,18,5.708055805797585e-09,5.930293767164585e-08,5.3594881865848265e-08,6.881128342683951e-07,-61.62340341877539,-31.62340341877539,cir_coefficients_tau_mask,,"[1, 1, 1, 1, 18, 1]","[1, 1, 18]","[1, 1, 18]","[1, 1, 18]",,True,
156,40090,rx_cerberus_base,/home/telilab4090/Documents/Gazebo World/my_world/rt_out/experiments/semantic_ablation_actor_200f/sionna_xml/frame_156_sionna.xml,30.0,0.0,0.0,2.4,4.074,-1.779,0.81,28000000000.0,18,1.574846919538686e-08,5.723669715962387e-08,4.148822796423701e-08,3.621421740263031e-08,-74.4112089556313,-44.411208955631295,cir_coefficients_tau_mask,,"[1, 1, 1, 1, 18, 1]","[1, 1, 18]","[1, 1, 18]","[1, 1, 18]",,True,
156,40090,rx_nao_chest,/home/telilab4090/Documents/Gazebo World/my_world/rt_out/experiments/semantic_ablation_actor_200f/sionna_xml/frame_156_sionna.xml,30.0,0.0,0.0,2.4,-0.1337,2.748,0.7,28000000000.0,23,1.0787783999433032e-08,6.209720737615498e-08,5.130942337672195e-08,7.236335619609235e-08,-71.40481298865271,-41.40481298865271,cir_coefficients_tau_mask,,"[1, 1, 1, 1, 23, 1]","[1, 1, 23]","[1, 1, 23]","[1, 1, 23]",,True,
156,40090,rx_human_chest,/home/telilab4090/Documents/Gazebo World/my_world/rt_out/experiments/semantic_ablation_actor_200f/sionna_xml/frame_156_sionna.xml,30.0,0.0,0.0,2.4,-1.4605,-0.8406,1.6421,28000000000.0,21,6.163341392806387e-09,6.431429255826515e-08,5.8150951165458764e-08,2.2401947319394822e-07,-66.49714228393097,-36.49714228393097,cir_coefficients_tau_mask,,"[1, 1, 1, 1, 21, 1]","[1, 1, 21]","[1, 1, 21]","[1, 1, 21]",,True,
156,40090,rx_x500_body,/home/telilab4090/Documents/Gazebo World/my_world/rt_out/experiments/semantic_ablation_actor_200f/sionna_xml/frame_156_sionna.xml,30.0,0.0,0.0,2.4,-3.9279,3.2024,1.3944,28000000000.0,22,1.7234324189985273e-08,7.465505547088469e-08,5.742073128089942e-08,3.3714567138076745e-08,-74.72182411866075,-44.72182411866075,cir_coefficients_tau_mask,,"[1, 1, 1, 1, 22, 1]","[1, 1, 22]","[1, 1, 22]","[1, 1, 22]",,True,
157,40347,rx_panda_base,/home/telilab4090/Documents/Gazebo World/my_world/rt_out/experiments/semantic_ablation_actor_200f/sionna_xml/frame_157_sionna.xml,30.0,0.0,0.0,2.4,0.582,0.888,1.195,28000000000.0,24,5.357098764591228e-09,6.284866316264015e-08,5.749156439804892e-08,2.8414061148396286e-07,-65.46466689251731,-35.464666892517315,cir_coefficients_tau_mask,,"[1, 1, 1, 1, 24, 1]","[1, 1, 24]","[1, 1, 24]","[1, 1, 24]",,True,
157,40347,rx_ur5_base,/home/telilab4090/Documents/Gazebo World/my_world/rt_out/experiments/semantic_ablation_actor_200f/sionna_xml/frame_157_sionna.xml,30.0,0.0,0.0,2.4,0.497,-0.841,0.995,28000000000.0,18,5.708055805797585e-09,5.930293767164585e-08,5.3594881865848265e-08,6.881127774249762e-07,-61.62340377753609,-31.62340377753609,cir_coefficients_tau_mask,,"[1, 1, 1, 1, 18, 1]","[1, 1, 18]","[1, 1, 18]","[1, 1, 18]",,True,
157,40347,rx_cerberus_base,/home/telilab4090/Documents/Gazebo World/my_world/rt_out/experiments/semantic_ablation_actor_200f/sionna_xml/frame_157_sionna.xml,30.0,0.0,0.0,2.4,4.074,-1.779,0.81,28000000000.0,18,1.574846919538686e-08,5.723669715962387e-08,4.148822796423701e-08,3.621421384991663e-08,-74.41120938168608,-44.41120938168608,cir_coefficients_tau_mask,,"[1, 1, 1, 1, 18, 1]","[1, 1, 18]","[1, 1, 18]","[1, 1, 18]",,True,
157,40347,rx_nao_chest,/home/telilab4090/Documents/Gazebo World/my_world/rt_out/experiments/semantic_ablation_actor_200f/sionna_xml/frame_157_sionna.xml,30.0,0.0,0.0,2.4,-0.1337,2.748,0.7,28000000000.0,24,1.0787783999433032e-08,6.209720737615498e-08,5.130942337672195e-08,7.249248312746204e-08,-71.39707023849851,-41.397070238498515,cir_coefficients_tau_mask,,"[1, 1, 1, 1, 24, 1]","[1, 1, 24]","[1, 1, 24]","[1, 1, 24]",,True,
157,40347,rx_human_chest,/home/telilab4090/Documents/Gazebo World/my_world/rt_out/experiments/semantic_ablation_actor_200f/sionna_xml/frame_157_sionna.xml,30.0,0.0,0.0,2.4,-1.4605,-0.8406,1.6421,28000000000.0,21,6.163341392806387e-09,6.431429255826515e-08,5.8150951165458764e-08,2.240194589830935e-07,-66.49714255942916,-36.497142559429165,cir_coefficients_tau_mask,,"[1, 1, 1, 1, 21, 1]","[1, 1, 21]","[1, 1, 21]","[1, 1, 21]",,True,
157,40347,rx_x500_body,/home/telilab4090/Documents/Gazebo World/my_world/rt_out/experiments/semantic_ablation_actor_200f/sionna_xml/frame_157_sionna.xml,30.0,0.0,0.0,2.4,-3.9279,3.2024,1.3944,28000000000.0,22,1.7234324189985273e-08,7.465505547088469e-08,5.742073128089942e-08,3.37145742435041e-08,-74.72182320337461,-44.72182320337461,cir_coefficients_tau_mask,,"[1, 1, 1, 1, 22, 1]","[1, 1, 22]","[1, 1, 22]","[1, 1, 22]",,True,
158,40604,rx_panda_base,/home/telilab4090/Documents/Gazebo World/my_world/rt_out/experiments/semantic_ablation_actor_200f/sionna_xml/frame_158_sionna.xml,30.0,0.0,0.0,2.4,0.582,0.888,1.195,28000000000.0,23,5.357098764591228e-09,6.284866316264015e-08,5.749156439804892e-08,2.8408337016117e-07,-65.46554188517912,-35.46554188517912,cir_coefficients_tau_mask,,"[1, 1, 1, 1, 23, 1]","[1, 1, 23]","[1, 1, 23]","[1, 1, 23]",,True,
158,40604,rx_ur5_base,/home/telilab4090/Documents/Gazebo World/my_world/rt_out/experiments/semantic_ablation_actor_200f/sionna_xml/frame_158_sionna.xml,30.0,0.0,0.0,2.4,0.497,-0.841,0.995,28000000000.0,18,5.708055805797585e-09,5.930293767164585e-08,5.3594881865848265e-08,6.881128342683951e-07,-61.62340341877539,-31.62340341877539,cir_coefficients_tau_mask,,"[1, 1, 1, 1, 18, 1]","[1, 1, 18]","[1, 1, 18]","[1, 1, 18]",,True,
158,40604,rx_cerberus_base,/home/telilab4090/Documents/Gazebo World/my_world/rt_out/experiments/semantic_ablation_actor_200f/sionna_xml/frame_158_sionna.xml,30.0,0.0,0.0,2.4,4.074,-1.779,0.81,28000000000.0,18,1.574846919538686e-08,5.723669715962387e-08,4.148822796423701e-08,3.621421384991663e-08,-74.41120938168608,-44.41120938168608,cir_coefficients_tau_mask,,"[1, 1, 1, 1, 18, 1]","[1, 1, 18]","[1, 1, 18]","[1, 1, 18]",,True,
158,40604,rx_nao_chest,/home/telilab4090/Documents/Gazebo World/my_world/rt_out/experiments/semantic_ablation_actor_200f/sionna_xml/frame_158_sionna.xml,30.0,0.0,0.0,2.4,-0.1337,2.748,0.7,28000000000.0,24,1.0787783999433032e-08,6.209720737615498e-08,5.130942337672195e-08,7.249248312746204e-08,-71.39707023849851,-41.397070238498515,cir_coefficients_tau_mask,,"[1, 1, 1, 1, 24, 1]","[1, 1, 24]","[1, 1, 24]","[1, 1, 24]",,True,
158,40604,rx_human_chest,/home/telilab4090/Documents/Gazebo World/my_world/rt_out/experiments/semantic_ablation_actor_200f/sionna_xml/frame_158_sionna.xml,30.0,0.0,0.0,2.4,-1.4605,-0.8406,1.6421,28000000000.0,21,6.163341392806387e-09,6.431429255826515e-08,5.8150951165458764e-08,2.240194589830935e-07,-66.49714255942916,-36.497142559429165,cir_coefficients_tau_mask,,"[1, 1, 1, 1, 21, 1]","[1, 1, 21]","[1, 1, 21]","[1, 1, 21]",,True,
158,40604,rx_x500_body,/home/telilab4090/Documents/Gazebo World/my_world/rt_out/experiments/semantic_ablation_actor_200f/sionna_xml/frame_158_sionna.xml,30.0,0.0,0.0,2.4,-3.9279,3.2024,1.3944,28000000000.0,23,1.7234324189985273e-08,7.465505547088469e-08,5.742073128089942e-08,3.3723893011483597e-08,-74.72062297160716,-44.720622971607156,cir_coefficients_tau_mask,,"[1, 1, 1, 1, 23, 1]","[1, 1, 23]","[1, 1, 23]","[1, 1, 23]",,True,
159,40861,rx_panda_base,/home/telilab4090/Documents/Gazebo World/my_world/rt_out/experiments/semantic_ablation_actor_200f/sionna_xml/frame_159_sionna.xml,30.0,0.0,0.0,2.4,0.582,0.888,1.195,28000000000.0,24,5.357098764591228e-09,6.284866316264015e-08,5.749156439804892e-08,2.8414061148396286e-07,-65.46466689251731,-35.464666892517315,cir_coefficients_tau_mask,,"[1, 1, 1, 1, 24, 1]","[1, 1, 24]","[1, 1, 24]","[1, 1, 24]",,True,
159,40861,rx_ur5_base,/home/telilab4090/Documents/Gazebo World/my_world/rt_out/experiments/semantic_ablation_actor_200f/sionna_xml/frame_159_sionna.xml,30.0,0.0,0.0,2.4,0.497,-0.841,0.995,28000000000.0,18,5.708055805797585e-09,5.930293767164585e-08,5.3594881865848265e-08,6.881128342683951e-07,-61.62340341877539,-31.62340341877539,cir_coefficients_tau_mask,,"[1, 1, 1, 1, 18, 1]","[1, 1, 18]","[1, 1, 18]","[1, 1, 18]",,True,
159,40861,rx_cerberus_base,/home/telilab4090/Documents/Gazebo World/my_world/rt_out/experiments/semantic_ablation_actor_200f/sionna_xml/frame_159_sionna.xml,30.0,0.0,0.0,2.4,4.074,-1.779,0.81,28000000000.0,18,1.574846919538686e-08,5.723669715962387e-08,4.148822796423701e-08,3.621421384991663e-08,-74.41120938168608,-44.41120938168608,cir_coefficients_tau_mask,,"[1, 1, 1, 1, 18, 1]","[1, 1, 18]","[1, 1, 18]","[1, 1, 18]",,True,
159,40861,rx_nao_chest,/home/telilab4090/Documents/Gazebo World/my_world/rt_out/experiments/semantic_ablation_actor_200f/sionna_xml/frame_159_sionna.xml,30.0,0.0,0.0,2.4,-0.1337,2.748,0.7,28000000000.0,24,1.0787783999433032e-08,6.209720737615498e-08,5.130942337672195e-08,7.249248312746204e-08,-71.39707023849851,-41.397070238498515,cir_coefficients_tau_mask,,"[1, 1, 1, 1, 24, 1]","[1, 1, 24]","[1, 1, 24]","[1, 1, 24]",,True,
159,40861,rx_human_chest,/home/telilab4090/Documents/Gazebo World/my_world/rt_out/experiments/semantic_ablation_actor_200f/sionna_xml/frame_159_sionna.xml,30.0,0.0,0.0,2.4,-1.4605,-0.8406,1.6421,28000000000.0,21,6.163341392806387e-09,6.431429255826515e-08,5.8150951165458764e-08,2.240194589830935e-07,-66.49714255942916,-36.497142559429165,cir_coefficients_tau_mask,,"[1, 1, 1, 1, 21, 1]","[1, 1, 21]","[1, 1, 21]","[1, 1, 21]",,True,
159,40861,rx_x500_body,/home/telilab4090/Documents/Gazebo World/my_world/rt_out/experiments/semantic_ablation_actor_200f/sionna_xml/frame_159_sionna.xml,30.0,0.0,0.0,2.4,-3.9279,3.2024,1.3944,28000000000.0,23,1.7234324189985273e-08,7.465505547088469e-08,5.742073128089942e-08,3.3723893011483597e-08,-74.72062297160716,-44.720622971607156,cir_coefficients_tau_mask,,"[1, 1, 1, 1, 23, 1]","[1, 1, 23]","[1, 1, 23]","[1, 1, 23]",,True,
160,41118,rx_panda_base,/home/telilab4090/Documents/Gazebo World/my_world/rt_out/experiments/semantic_ablation_actor_200f/sionna_xml/frame_160_sionna.xml,30.0,0.0,0.0,2.4,0.582,0.888,1.195,28000000000.0,29,5.357098764591228e-09,6.284866316264015e-08,5.749156439804892e-08,2.8423474418559636e-07,-65.46322836029202,-35.46322836029202,cir_coefficients_tau_mask,,"[1, 1, 1, 1, 29, 1]","[1, 1, 29]","[1, 1, 29]","[1, 1, 29]",,True,
160,41118,rx_ur5_base,/home/telilab4090/Documents/Gazebo World/my_world/rt_out/experiments/semantic_ablation_actor_200f/sionna_xml/frame_160_sionna.xml,30.0,0.0,0.0,2.4,0.497,-0.841,0.995,28000000000.0,18,5.708055805797585e-09,5.930293767164585e-08,5.3594881865848265e-08,6.881128342683951e-07,-61.62340341877539,-31.62340341877539,cir_coefficients_tau_mask,,"[1, 1, 1, 1, 18, 1]","[1, 1, 18]","[1, 1, 18]","[1, 1, 18]",,True,
160,41118,rx_cerberus_base,/home/telilab4090/Documents/Gazebo World/my_world/rt_out/experiments/semantic_ablation_actor_200f/sionna_xml/frame_160_sionna.xml,30.0,0.0,0.0,2.4,4.074,-1.779,0.81,28000000000.0,18,1.574846919538686e-08,5.723669715962387e-08,4.148822796423701e-08,3.621421740263031e-08,-74.4112089556313,-44.411208955631295,cir_coefficients_tau_mask,,"[1, 1, 1, 1, 18, 1]","[1, 1, 18]","[1, 1, 18]","[1, 1, 18]",,True,
160,41118,rx_nao_chest,/home/telilab4090/Documents/Gazebo World/my_world/rt_out/experiments/semantic_ablation_actor_200f/sionna_xml/frame_160_sionna.xml,30.0,0.0,0.0,2.4,-0.1337,2.748,0.7,28000000000.0,24,1.0787783999433032e-08,6.209720737615498e-08,5.130942337672195e-08,7.249248312746204e-08,-71.39707023849851,-41.397070238498515,cir_coefficients_tau_mask,,"[1, 1, 1, 1, 24, 1]","[1, 1, 24]","[1, 1, 24]","[1, 1, 24]",,True,
160,41118,rx_human_chest,/home/telilab4090/Documents/Gazebo World/my_world/rt_out/experiments/semantic_ablation_actor_200f/sionna_xml/frame_160_sionna.xml,30.0,0.0,0.0,2.4,-1.4605,-0.8406,1.6421,28000000000.0,21,6.163341392806387e-09,6.431429255826515e-08,5.8150951165458764e-08,2.2401944477223878e-07,-66.49714283492739,-36.49714283492739,cir_coefficients_tau_mask,,"[1, 1, 1, 1, 21, 1]","[1, 1, 21]","[1, 1, 21]","[1, 1, 21]",,True,
160,41118,rx_x500_body,/home/telilab4090/Documents/Gazebo World/my_world/rt_out/experiments/semantic_ablation_actor_200f/sionna_xml/frame_160_sionna.xml,30.0,0.0,0.0,2.4,-3.9279,3.2024,1.3944,28000000000.0,23,1.7234324189985273e-08,7.465505547088469e-08,5.742073128089942e-08,3.372388945876992e-08,-74.72062342912375,-44.72062342912375,cir_coefficients_tau_mask,,"[1, 1, 1, 1, 23, 1]","[1, 1, 23]","[1, 1, 23]","[1, 1, 23]",,True,
161,41375,rx_panda_base,/home/telilab4090/Documents/Gazebo World/my_world/rt_out/experiments/semantic_ablation_actor_200f/sionna_xml/frame_161_sionna.xml,30.0,0.0,0.0,2.4,0.582,0.888,1.195,28000000000.0,29,5.357098764591228e-09,6.284866316264015e-08,5.749156439804892e-08,2.842347157638869e-07,-65.46322879455956,-35.463228794559555,cir_coefficients_tau_mask,,"[1, 1, 1, 1, 29, 1]","[1, 1, 29]","[1, 1, 29]","[1, 1, 29]",,True,
161,41375,rx_ur5_base,/home/telilab4090/Documents/Gazebo World/my_world/rt_out/experiments/semantic_ablation_actor_200f/sionna_xml/frame_161_sionna.xml,30.0,0.0,0.0,2.4,0.497,-0.841,0.995,28000000000.0,18,5.708055805797585e-09,5.930293767164585e-08,5.3594881865848265e-08,6.881128342683951e-07,-61.62340341877539,-31.62340341877539,cir_coefficients_tau_mask,,"[1, 1, 1, 1, 18, 1]","[1, 1, 18]","[1, 1, 18]","[1, 1, 18]",,True,
161,41375,rx_cerberus_base,/home/telilab4090/Documents/Gazebo World/my_world/rt_out/experiments/semantic_ablation_actor_200f/sionna_xml/frame_161_sionna.xml,30.0,0.0,0.0,2.4,4.074,-1.779,0.81,28000000000.0,18,1.574846919538686e-08,5.723669715962387e-08,4.148822796423701e-08,3.621421384991663e-08,-74.41120938168608,-44.41120938168608,cir_coefficients_tau_mask,,"[1, 1, 1, 1, 18, 1]","[1, 1, 18]","[1, 1, 18]","[1, 1, 18]",,True,
161,41375,rx_nao_chest,/home/telilab4090/Documents/Gazebo World/my_world/rt_out/experiments/semantic_ablation_actor_200f/sionna_xml/frame_161_sionna.xml,30.0,0.0,0.0,2.4,-0.1337,2.748,0.7,28000000000.0,24,1.0787783999433032e-08,6.209720737615498e-08,5.130942337672195e-08,7.249248312746204e-08,-71.39707023849851,-41.397070238498515,cir_coefficients_tau_mask,,"[1, 1, 1, 1, 24, 1]","[1, 1, 24]","[1, 1, 24]","[1, 1, 24]",,True,
161,41375,rx_human_chest,/home/telilab4090/Documents/Gazebo World/my_world/rt_out/experiments/semantic_ablation_actor_200f/sionna_xml/frame_161_sionna.xml,30.0,0.0,0.0,2.4,-1.4605,-0.8406,1.6421,28000000000.0,21,6.163341392806387e-09,6.431429255826515e-08,5.8150951165458764e-08,2.2401947319394822e-07,-66.49714228393097,-36.49714228393097,cir_coefficients_tau_mask,,"[1, 1, 1, 1, 21, 1]","[1, 1, 21]","[1, 1, 21]","[1, 1, 21]",,True,
161,41375,rx_x500_body,/home/telilab4090/Documents/Gazebo World/my_world/rt_out/experiments/semantic_ablation_actor_200f/sionna_xml/frame_161_sionna.xml,30.0,0.0,0.0,2.4,-3.9279,3.2024,1.3944,28000000000.0,23,1.7234324189985273e-08,7.465505547088469e-08,5.742073128089942e-08,3.372388590605624e-08,-74.72062388664037,-44.72062388664037,cir_coefficients_tau_mask,,"[1, 1, 1, 1, 23, 1]","[1, 1, 23]","[1, 1, 23]","[1, 1, 23]",,True,
162,41632,rx_panda_base,/home/telilab4090/Documents/Gazebo World/my_world/rt_out/experiments/semantic_ablation_actor_200f/sionna_xml/frame_162_sionna.xml,30.0,0.0,0.0,2.4,0.582,0.888,1.195,28000000000.0,29,5.357098764591228e-09,6.284866316264015e-08,5.749156439804892e-08,2.8423474418559636e-07,-65.46322836029202,-35.46322836029202,cir_coefficients_tau_mask,,"[1, 1, 1, 1, 29, 1]","[1, 1, 29]","[1, 1, 29]","[1, 1, 29]",,True,
162,41632,rx_ur5_base,/home/telilab4090/Documents/Gazebo World/my_world/rt_out/experiments/semantic_ablation_actor_200f/sionna_xml/frame_162_sionna.xml,30.0,0.0,0.0,2.4,0.497,-0.841,0.995,28000000000.0,18,5.708055805797585e-09,5.930293767164585e-08,5.3594881865848265e-08,6.881128342683951e-07,-61.62340341877539,-31.62340341877539,cir_coefficients_tau_mask,,"[1, 1, 1, 1, 18, 1]","[1, 1, 18]","[1, 1, 18]","[1, 1, 18]",,True,
162,41632,rx_cerberus_base,/home/telilab4090/Documents/Gazebo World/my_world/rt_out/experiments/semantic_ablation_actor_200f/sionna_xml/frame_162_sionna.xml,30.0,0.0,0.0,2.4,4.074,-1.779,0.81,28000000000.0,18,1.574846919538686e-08,5.723669715962387e-08,4.148822796423701e-08,3.621421740263031e-08,-74.4112089556313,-44.411208955631295,cir_coefficients_tau_mask,,"[1, 1, 1, 1, 18, 1]","[1, 1, 18]","[1, 1, 18]","[1, 1, 18]",,True,
162,41632,rx_nao_chest,/home/telilab4090/Documents/Gazebo World/my_world/rt_out/experiments/semantic_ablation_actor_200f/sionna_xml/frame_162_sionna.xml,30.0,0.0,0.0,2.4,-0.1337,2.748,0.7,28000000000.0,24,1.0787783999433032e-08,6.209720737615498e-08,5.130942337672195e-08,7.24924902328894e-08,-71.3970698128202,-41.397069812820206,cir_coefficients_tau_mask,,"[1, 1, 1, 1, 24, 1]","[1, 1, 24]","[1, 1, 24]","[1, 1, 24]",,True,
162,41632,rx_human_chest,/home/telilab4090/Documents/Gazebo World/my_world/rt_out/experiments/semantic_ablation_actor_200f/sionna_xml/frame_162_sionna.xml,30.0,0.0,0.0,2.4,-1.4605,-0.8406,1.6421,28000000000.0,21,6.163341392806387e-09,6.431429255826515e-08,5.8150951165458764e-08,2.2401944477223878e-07,-66.49714283492739,-36.49714283492739,cir_coefficients_tau_mask,,"[1, 1, 1, 1, 21, 1]","[1, 1, 21]","[1, 1, 21]","[1, 1, 21]",,True,
162,41632,rx_x500_body,/home/telilab4090/Documents/Gazebo World/my_world/rt_out/experiments/semantic_ablation_actor_200f/sionna_xml/frame_162_sionna.xml,30.0,0.0,0.0,2.4,-3.9279,3.2024,1.3944,28000000000.0,23,1.7234324189985273e-08,7.465505547088469e-08,5.742073128089942e-08,3.372388945876992e-08,-74.72062342912375,-44.72062342912375,cir_coefficients_tau_mask,,"[1, 1, 1, 1, 23, 1]","[1, 1, 23]","[1, 1, 23]","[1, 1, 23]",,True,
163,41889,rx_panda_base,/home/telilab4090/Documents/Gazebo World/my_world/rt_out/experiments/semantic_ablation_actor_200f/sionna_xml/frame_163_sionna.xml,30.0,0.0,0.0,2.4,0.582,0.888,1.195,28000000000.0,29,5.357098764591228e-09,6.284866316264015e-08,5.749156439804892e-08,2.8423474418559636e-07,-65.46322836029202,-35.46322836029202,cir_coefficients_tau_mask,,"[1, 1, 1, 1, 29, 1]","[1, 1, 29]","[1, 1, 29]","[1, 1, 29]",,True,
163,41889,rx_ur5_base,/home/telilab4090/Documents/Gazebo World/my_world/rt_out/experiments/semantic_ablation_actor_200f/sionna_xml/frame_163_sionna.xml,30.0,0.0,0.0,2.4,0.497,-0.841,0.995,28000000000.0,18,5.708055805797585e-09,5.930293767164585e-08,5.3594881865848265e-08,6.881128342683951e-07,-61.62340341877539,-31.62340341877539,cir_coefficients_tau_mask,,"[1, 1, 1, 1, 18, 1]","[1, 1, 18]","[1, 1, 18]","[1, 1, 18]",,True,
163,41889,rx_cerberus_base,/home/telilab4090/Documents/Gazebo World/my_world/rt_out/experiments/semantic_ablation_actor_200f/sionna_xml/frame_163_sionna.xml,30.0,0.0,0.0,2.4,4.074,-1.779,0.81,28000000000.0,18,1.574846919538686e-08,5.723669715962387e-08,4.148822796423701e-08,3.621421384991663e-08,-74.41120938168608,-44.41120938168608,cir_coefficients_tau_mask,,"[1, 1, 1, 1, 18, 1]","[1, 1, 18]","[1, 1, 18]","[1, 1, 18]",,True,
163,41889,rx_nao_chest,/home/telilab4090/Documents/Gazebo World/my_world/rt_out/experiments/semantic_ablation_actor_200f/sionna_xml/frame_163_sionna.xml,30.0,0.0,0.0,2.4,-0.1337,2.748,0.7,28000000000.0,24,1.0787783999433032e-08,6.209720737615498e-08,5.130942337672195e-08,7.249248312746204e-08,-71.39707023849851,-41.397070238498515,cir_coefficients_tau_mask,,"[1, 1, 1, 1, 24, 1]","[1, 1, 24]","[1, 1, 24]","[1, 1, 24]",,True,
163,41889,rx_human_chest,/home/telilab4090/Documents/Gazebo World/my_world/rt_out/experiments/semantic_ablation_actor_200f/sionna_xml/frame_163_sionna.xml,30.0,0.0,0.0,2.4,-1.4605,-0.8406,1.6421,28000000000.0,21,6.163341392806387e-09,6.431429255826515e-08,5.8150951165458764e-08,2.2401944477223878e-07,-66.49714283492739,-36.49714283492739,cir_coefficients_tau_mask,,"[1, 1, 1, 1, 21, 1]","[1, 1, 21]","[1, 1, 21]","[1, 1, 21]",,True,
163,41889,rx_x500_body,/home/telilab4090/Documents/Gazebo World/my_world/rt_out/experiments/semantic_ablation_actor_200f/sionna_xml/frame_163_sionna.xml,30.0,0.0,0.0,2.4,-3.9279,3.2024,1.3944,28000000000.0,23,1.7234324189985273e-08,7.465505547088469e-08,5.742073128089942e-08,3.3723893011483597e-08,-74.72062297160716,-44.720622971607156,cir_coefficients_tau_mask,,"[1, 1, 1, 1, 23, 1]","[1, 1, 23]","[1, 1, 23]","[1, 1, 23]",,True,
164,42146,rx_panda_base,/home/telilab4090/Documents/Gazebo World/my_world/rt_out/experiments/semantic_ablation_actor_200f/sionna_xml/frame_164_sionna.xml,30.0,0.0,0.0,2.4,0.582,0.888,1.195,28000000000.0,29,5.357098764591228e-09,6.284866316264015e-08,5.749156439804892e-08,2.8423474418559636e-07,-65.46322836029202,-35.46322836029202,cir_coefficients_tau_mask,,"[1, 1, 1, 1, 29, 1]","[1, 1, 29]","[1, 1, 29]","[1, 1, 29]",,True,
164,42146,rx_ur5_base,/home/telilab4090/Documents/Gazebo World/my_world/rt_out/experiments/semantic_ablation_actor_200f/sionna_xml/frame_164_sionna.xml,30.0,0.0,0.0,2.4,0.497,-0.841,0.995,28000000000.0,19,5.708055805797585e-09,5.930293767164585e-08,5.3594881865848265e-08,6.881333547426038e-07,-61.623273908099364,-31.623273908099364,cir_coefficients_tau_mask,,"[1, 1, 1, 1, 19, 1]","[1, 1, 19]","[1, 1, 19]","[1, 1, 19]",,True,
164,42146,rx_cerberus_base,/home/telilab4090/Documents/Gazebo World/my_world/rt_out/experiments/semantic_ablation_actor_200f/sionna_xml/frame_164_sionna.xml,30.0,0.0,0.0,2.4,4.074,-1.779,0.81,28000000000.0,18,1.574846919538686e-08,5.723669715962387e-08,4.148822796423701e-08,3.621421740263031e-08,-74.4112089556313,-44.411208955631295,cir_coefficients_tau_mask,,"[1, 1, 1, 1, 18, 1]","[1, 1, 18]","[1, 1, 18]","[1, 1, 18]",,True,
164,42146,rx_nao_chest,/home/telilab4090/Documents/Gazebo World/my_world/rt_out/experiments/semantic_ablation_actor_200f/sionna_xml/frame_164_sionna.xml,30.0,0.0,0.0,2.4,-0.1337,2.748,0.7,28000000000.0,24,1.0787783999433032e-08,6.209720737615498e-08,5.130942337672195e-08,7.24924902328894e-08,-71.3970698128202,-41.397069812820206,cir_coefficients_tau_mask,,"[1, 1, 1, 1, 24, 1]","[1, 1, 24]","[1, 1, 24]","[1, 1, 24]",,True,
164,42146,rx_human_chest,/home/telilab4090/Documents/Gazebo World/my_world/rt_out/experiments/semantic_ablation_actor_200f/sionna_xml/frame_164_sionna.xml,30.0,0.0,0.0,2.4,-1.4605,-0.8406,1.6421,28000000000.0,21,6.163341392806387e-09,6.431429255826515e-08,5.8150951165458764e-08,2.2401944477223878e-07,-66.49714283492739,-36.49714283492739,cir_coefficients_tau_mask,,"[1, 1, 1, 1, 21, 1]","[1, 1, 21]","[1, 1, 21]","[1, 1, 21]",,True,
164,42146,rx_x500_body,/home/telilab4090/Documents/Gazebo World/my_world/rt_out/experiments/semantic_ablation_actor_200f/sionna_xml/frame_164_sionna.xml,30.0,0.0,0.0,2.4,-3.9279,3.2024,1.3944,28000000000.0,23,1.7234324189985273e-08,7.465505547088469e-08,5.742073128089942e-08,3.372388945876992e-08,-74.72062342912375,-44.72062342912375,cir_coefficients_tau_mask,,"[1, 1, 1, 1, 23, 1]","[1, 1, 23]","[1, 1, 23]","[1, 1, 23]",,True,
165,42403,rx_panda_base,/home/telilab4090/Documents/Gazebo World/my_world/rt_out/experiments/semantic_ablation_actor_200f/sionna_xml/frame_165_sionna.xml,30.0,0.0,0.0,2.4,0.582,0.888,1.195,28000000000.0,28,5.357098764591228e-09,6.284866316264015e-08,5.749156439804892e-08,2.8421587217053457e-07,-65.46351672349441,-35.46351672349441,cir_coefficients_tau_mask,,"[1, 1, 1, 1, 28, 1]","[1, 1, 28]","[1, 1, 28]","[1, 1, 28]",,True,
165,42403,rx_ur5_base,/home/telilab4090/Documents/Gazebo World/my_world/rt_out/experiments/semantic_ablation_actor_200f/sionna_xml/frame_165_sionna.xml,30.0,0.0,0.0,2.4,0.497,-0.841,0.995,28000000000.0,18,5.708055805797585e-09,5.930293767164585e-08,5.3594881865848265e-08,6.881128342683951e-07,-61.62340341877539,-31.62340341877539,cir_coefficients_tau_mask,,"[1, 1, 1, 1, 18, 1]","[1, 1, 18]","[1, 1, 18]","[1, 1, 18]",,True,
165,42403,rx_cerberus_base,/home/telilab4090/Documents/Gazebo World/my_world/rt_out/experiments/semantic_ablation_actor_200f/sionna_xml/frame_165_sionna.xml,30.0,0.0,0.0,2.4,4.074,-1.779,0.81,28000000000.0,18,1.574846919538686e-08,5.723669715962387e-08,4.148822796423701e-08,3.621421384991663e-08,-74.41120938168608,-44.41120938168608,cir_coefficients_tau_mask,,"[1, 1, 1, 1, 18, 1]","[1, 1, 18]","[1, 1, 18]","[1, 1, 18]",,True,
165,42403,rx_nao_chest,/home/telilab4090/Documents/Gazebo World/my_world/rt_out/experiments/semantic_ablation_actor_200f/sionna_xml/frame_165_sionna.xml,30.0,0.0,0.0,2.4,-0.1337,2.748,0.7,28000000000.0,24,1.0787783999433032e-08,6.209720737615498e-08,5.130942337672195e-08,7.249248312746204e-08,-71.39707023849851,-41.397070238498515,cir_coefficients_tau_mask,,"[1, 1, 1, 1, 24, 1]","[1, 1, 24]","[1, 1, 24]","[1, 1, 24]",,True,
165,42403,rx_human_chest,/home/telilab4090/Documents/Gazebo World/my_world/rt_out/experiments/semantic_ablation_actor_200f/sionna_xml/frame_165_sionna.xml,30.0,0.0,0.0,2.4,-1.4605,-0.8406,1.6421,28000000000.0,21,6.163341392806387e-09,6.431429255826515e-08,5.8150951165458764e-08,2.240194589830935e-07,-66.49714255942916,-36.497142559429165,cir_coefficients_tau_mask,,"[1, 1, 1, 1, 21, 1]","[1, 1, 21]","[1, 1, 21]","[1, 1, 21]",,True,
165,42403,rx_x500_body,/home/telilab4090/Documents/Gazebo World/my_world/rt_out/experiments/semantic_ablation_actor_200f/sionna_xml/frame_165_sionna.xml,30.0,0.0,0.0,2.4,-3.9279,3.2024,1.3944,28000000000.0,23,1.7234324189985273e-08,7.465505547088469e-08,5.742073128089942e-08,3.372388945876992e-08,-74.72062342912375,-44.72062342912375,cir_coefficients_tau_mask,,"[1, 1, 1, 1, 23, 1]","[1, 1, 23]","[1, 1, 23]","[1, 1, 23]",,True,
166,42659,rx_panda_base,/home/telilab4090/Documents/Gazebo World/my_world/rt_out/experiments/semantic_ablation_actor_200f/sionna_xml/frame_166_sionna.xml,30.0,0.0,0.0,2.4,0.582,0.888,1.195,28000000000.0,28,5.357098764591228e-09,6.284866316264015e-08,5.749156439804892e-08,2.8421584374882514e-07,-65.46351715779079,-35.46351715779079,cir_coefficients_tau_mask,,"[1, 1, 1, 1, 28, 1]","[1, 1, 28]","[1, 1, 28]","[1, 1, 28]",,True,
166,42659,rx_ur5_base,/home/telilab4090/Documents/Gazebo World/my_world/rt_out/experiments/semantic_ablation_actor_200f/sionna_xml/frame_166_sionna.xml,30.0,0.0,0.0,2.4,0.497,-0.841,0.995,28000000000.0,18,5.708055805797585e-09,5.930293767164585e-08,5.3594881865848265e-08,6.881128342683951e-07,-61.62340341877539,-31.62340341877539,cir_coefficients_tau_mask,,"[1, 1, 1, 1, 18, 1]","[1, 1, 18]","[1, 1, 18]","[1, 1, 18]",,True,
166,42659,rx_cerberus_base,/home/telilab4090/Documents/Gazebo World/my_world/rt_out/experiments/semantic_ablation_actor_200f/sionna_xml/frame_166_sionna.xml,30.0,0.0,0.0,2.4,4.074,-1.779,0.81,28000000000.0,18,1.574846919538686e-08,5.723669715962387e-08,4.148822796423701e-08,3.621421740263031e-08,-74.4112089556313,-44.411208955631295,cir_coefficients_tau_mask,,"[1, 1, 1, 1, 18, 1]","[1, 1, 18]","[1, 1, 18]","[1, 1, 18]",,True,
166,42659,rx_nao_chest,/home/telilab4090/Documents/Gazebo World/my_world/rt_out/experiments/semantic_ablation_actor_200f/sionna_xml/frame_166_sionna.xml,30.0,0.0,0.0,2.4,-0.1337,2.748,0.7,28000000000.0,24,1.0787783999433032e-08,6.209720737615498e-08,5.130942337672195e-08,7.24924902328894e-08,-71.3970698128202,-41.397069812820206,cir_coefficients_tau_mask,,"[1, 1, 1, 1, 24, 1]","[1, 1, 24]","[1, 1, 24]","[1, 1, 24]",,True,
166,42659,rx_human_chest,/home/telilab4090/Documents/Gazebo World/my_world/rt_out/experiments/semantic_ablation_actor_200f/sionna_xml/frame_166_sionna.xml,30.0,0.0,0.0,2.4,-1.4605,-0.8406,1.6421,28000000000.0,21,6.163341392806387e-09,6.431429255826515e-08,5.8150951165458764e-08,2.240194589830935e-07,-66.49714255942916,-36.497142559429165,cir_coefficients_tau_mask,,"[1, 1, 1, 1, 21, 1]","[1, 1, 21]","[1, 1, 21]","[1, 1, 21]",,True,
166,42659,rx_x500_body,/home/telilab4090/Documents/Gazebo World/my_world/rt_out/experiments/semantic_ablation_actor_200f/sionna_xml/frame_166_sionna.xml,30.0,0.0,0.0,2.4,-3.9279,3.2024,1.3944,28000000000.0,23,1.7234324189985273e-08,7.465505547088469e-08,5.742073128089942e-08,3.372388945876992e-08,-74.72062342912375,-44.72062342912375,cir_coefficients_tau_mask,,"[1, 1, 1, 1, 23, 1]","[1, 1, 23]","[1, 1, 23]","[1, 1, 23]",,True,
167,42916,rx_panda_base,/home/telilab4090/Documents/Gazebo World/my_world/rt_out/experiments/semantic_ablation_actor_200f/sionna_xml/frame_167_sionna.xml,30.0,0.0,0.0,2.4,0.582,0.888,1.195,28000000000.0,28,5.357098764591228e-09,6.284866316264015e-08,5.749156439804892e-08,2.8421587217053457e-07,-65.46351672349441,-35.46351672349441,cir_coefficients_tau_mask,,"[1, 1, 1, 1, 28, 1]","[1, 1, 28]","[1, 1, 28]","[1, 1, 28]",,True,
167,42916,rx_ur5_base,/home/telilab4090/Documents/Gazebo World/my_world/rt_out/experiments/semantic_ablation_actor_200f/sionna_xml/frame_167_sionna.xml,30.0,0.0,0.0,2.4,0.497,-0.841,0.995,28000000000.0,18,5.708055805797585e-09,5.930293767164585e-08,5.3594881865848265e-08,6.881127774249762e-07,-61.62340377753609,-31.62340377753609,cir_coefficients_tau_mask,,"[1, 1, 1, 1, 18, 1]","[1, 1, 18]","[1, 1, 18]","[1, 1, 18]",,True,
167,42916,rx_cerberus_base,/home/telilab4090/Documents/Gazebo World/my_world/rt_out/experiments/semantic_ablation_actor_200f/sionna_xml/frame_167_sionna.xml,30.0,0.0,0.0,2.4,4.074,-1.779,0.81,28000000000.0,18,1.574846919538686e-08,5.723669715962387e-08,4.148822796423701e-08,3.621421740263031e-08,-74.4112089556313,-44.411208955631295,cir_coefficients_tau_mask,,"[1, 1, 1, 1, 18, 1]","[1, 1, 18]","[1, 1, 18]","[1, 1, 18]",,True,
167,42916,rx_nao_chest,/home/telilab4090/Documents/Gazebo World/my_world/rt_out/experiments/semantic_ablation_actor_200f/sionna_xml/frame_167_sionna.xml,30.0,0.0,0.0,2.4,-0.1337,2.748,0.7,28000000000.0,24,1.0787783999433032e-08,6.209720737615498e-08,5.130942337672195e-08,7.24924902328894e-08,-71.3970698128202,-41.397069812820206,cir_coefficients_tau_mask,,"[1, 1, 1, 1, 24, 1]","[1, 1, 24]","[1, 1, 24]","[1, 1, 24]",,True,
167,42916,rx_human_chest,/home/telilab4090/Documents/Gazebo World/my_world/rt_out/experiments/semantic_ablation_actor_200f/sionna_xml/frame_167_sionna.xml,30.0,0.0,0.0,2.4,-1.4605,-0.8406,1.6421,28000000000.0,21,6.163341392806387e-09,6.431429255826515e-08,5.8150951165458764e-08,2.240194589830935e-07,-66.49714255942916,-36.497142559429165,cir_coefficients_tau_mask,,"[1, 1, 1, 1, 21, 1]","[1, 1, 21]","[1, 1, 21]","[1, 1, 21]",,True,
167,42916,rx_x500_body,/home/telilab4090/Documents/Gazebo World/my_world/rt_out/experiments/semantic_ablation_actor_200f/sionna_xml/frame_167_sionna.xml,30.0,0.0,0.0,2.4,-3.9279,3.2024,1.3944,28000000000.0,23,1.7234324189985273e-08,7.465505547088469e-08,5.742073128089942e-08,3.372388945876992e-08,-74.72062342912375,-44.72062342912375,cir_coefficients_tau_mask,,"[1, 1, 1, 1, 23, 1]","[1, 1, 23]","[1, 1, 23]","[1, 1, 23]",,True,
168,43173,rx_panda_base,/home/telilab4090/Documents/Gazebo World/my_world/rt_out/experiments/semantic_ablation_actor_200f/sionna_xml/frame_168_sionna.xml,30.0,0.0,0.0,2.4,0.582,0.888,1.195,28000000000.0,27,8.163323350629526e-09,6.284866316264015e-08,5.4685339812010625e-08,2.763622442003566e-09,-85.58521289284302,-55.58521289284302,cir_coefficients_tau_mask,,"[1, 1, 1, 1, 27, 1]","[1, 1, 27]","[1, 1, 27]","[1, 1, 27]",,True,
168,43173,rx_ur5_base,/home/telilab4090/Documents/Gazebo World/my_world/rt_out/experiments/semantic_ablation_actor_200f/sionna_xml/frame_168_sionna.xml,30.0,0.0,0.0,2.4,0.497,-0.841,0.995,28000000000.0,18,5.708055805797585e-09,5.930293767164585e-08,5.3594881865848265e-08,6.881128342683951e-07,-61.62340341877539,-31.62340341877539,cir_coefficients_tau_mask,,"[1, 1, 1, 1, 18, 1]","[1, 1, 18]","[1, 1, 18]","[1, 1, 18]",,True,
168,43173,rx_cerberus_base,/home/telilab4090/Documents/Gazebo World/my_world/rt_out/experiments/semantic_ablation_actor_200f/sionna_xml/frame_168_sionna.xml,30.0,0.0,0.0,2.4,4.074,-1.779,0.81,28000000000.0,18,1.574846919538686e-08,5.723669715962387e-08,4.148822796423701e-08,3.621421384991663e-08,-74.41120938168608,-44.41120938168608,cir_coefficients_tau_mask,,"[1, 1, 1, 1, 18, 1]","[1, 1, 18]","[1, 1, 18]","[1, 1, 18]",,True,
168,43173,rx_nao_chest,/home/telilab4090/Documents/Gazebo World/my_world/rt_out/experiments/semantic_ablation_actor_200f/sionna_xml/frame_168_sionna.xml,30.0,0.0,0.0,2.4,-0.1337,2.748,0.7,28000000000.0,24,1.0787783999433032e-08,6.209720737615498e-08,5.130942337672195e-08,7.249248312746204e-08,-71.39707023849851,-41.397070238498515,cir_coefficients_tau_mask,,"[1, 1, 1, 1, 24, 1]","[1, 1, 24]","[1, 1, 24]","[1, 1, 24]",,True,
168,43173,rx_human_chest,/home/telilab4090/Documents/Gazebo World/my_world/rt_out/experiments/semantic_ablation_actor_200f/sionna_xml/frame_168_sionna.xml,30.0,0.0,0.0,2.4,-1.4605,-0.8406,1.6421,28000000000.0,21,6.163341392806387e-09,6.431429255826515e-08,5.8150951165458764e-08,2.2401944477223878e-07,-66.49714283492739,-36.49714283492739,cir_coefficients_tau_mask,,"[1, 1, 1, 1, 21, 1]","[1, 1, 21]","[1, 1, 21]","[1, 1, 21]",,True,
168,43173,rx_x500_body,/home/telilab4090/Documents/Gazebo World/my_world/rt_out/experiments/semantic_ablation_actor_200f/sionna_xml/frame_168_sionna.xml,30.0,0.0,0.0,2.4,-3.9279,3.2024,1.3944,28000000000.0,23,1.7234324189985273e-08,7.465505547088469e-08,5.742073128089942e-08,3.372388945876992e-08,-74.72062342912375,-44.72062342912375,cir_coefficients_tau_mask,,"[1, 1, 1, 1, 23, 1]","[1, 1, 23]","[1, 1, 23]","[1, 1, 23]",,True,
169,43430,rx_panda_base,/home/telilab4090/Documents/Gazebo World/my_world/rt_out/experiments/semantic_ablation_actor_200f/sionna_xml/frame_169_sionna.xml,30.0,0.0,0.0,2.4,0.582,0.888,1.195,28000000000.0,27,8.163323350629526e-09,6.284866316264015e-08,5.4685339812010625e-08,2.763621997914356e-09,-85.58521359071514,-55.58521359071514,cir_coefficients_tau_mask,,"[1, 1, 1, 1, 27, 1]","[1, 1, 27]","[1, 1, 27]","[1, 1, 27]",,True,
169,43430,rx_ur5_base,/home/telilab4090/Documents/Gazebo World/my_world/rt_out/experiments/semantic_ablation_actor_200f/sionna_xml/frame_169_sionna.xml,30.0,0.0,0.0,2.4,0.497,-0.841,0.995,28000000000.0,18,5.708055805797585e-09,5.930293767164585e-08,5.3594881865848265e-08,6.881128342683951e-07,-61.62340341877539,-31.62340341877539,cir_coefficients_tau_mask,,"[1, 1, 1, 1, 18, 1]","[1, 1, 18]","[1, 1, 18]","[1, 1, 18]",,True,
169,43430,rx_cerberus_base,/home/telilab4090/Documents/Gazebo World/my_world/rt_out/experiments/semantic_ablation_actor_200f/sionna_xml/frame_169_sionna.xml,30.0,0.0,0.0,2.4,4.074,-1.779,0.81,28000000000.0,18,1.574846919538686e-08,5.723669715962387e-08,4.148822796423701e-08,3.621421740263031e-08,-74.4112089556313,-44.411208955631295,cir_coefficients_tau_mask,,"[1, 1, 1, 1, 18, 1]","[1, 1, 18]","[1, 1, 18]","[1, 1, 18]",,True,
169,43430,rx_nao_chest,/home/telilab4090/Documents/Gazebo World/my_world/rt_out/experiments/semantic_ablation_actor_200f/sionna_xml/frame_169_sionna.xml,30.0,0.0,0.0,2.4,-0.1337,2.748,0.7,28000000000.0,24,1.0787783999433032e-08,6.209720737615498e-08,5.130942337672195e-08,7.24924902328894e-08,-71.3970698128202,-41.397069812820206,cir_coefficients_tau_mask,,"[1, 1, 1, 1, 24, 1]","[1, 1, 24]","[1, 1, 24]","[1, 1, 24]",,True,
169,43430,rx_human_chest,/home/telilab4090/Documents/Gazebo World/my_world/rt_out/experiments/semantic_ablation_actor_200f/sionna_xml/frame_169_sionna.xml,30.0,0.0,0.0,2.4,-1.4605,-0.8406,1.6421,28000000000.0,21,6.163341392806387e-09,6.431429255826515e-08,5.8150951165458764e-08,2.2401947319394822e-07,-66.49714228393097,-36.49714228393097,cir_coefficients_tau_mask,,"[1, 1, 1, 1, 21, 1]","[1, 1, 21]","[1, 1, 21]","[1, 1, 21]",,True,
169,43430,rx_x500_body,/home/telilab4090/Documents/Gazebo World/my_world/rt_out/experiments/semantic_ablation_actor_200f/sionna_xml/frame_169_sionna.xml,30.0,0.0,0.0,2.4,-3.9279,3.2024,1.3944,28000000000.0,23,1.7234324189985273e-08,7.465505547088469e-08,5.742073128089942e-08,3.372388945876992e-08,-74.72062342912375,-44.72062342912375,cir_coefficients_tau_mask,,"[1, 1, 1, 1, 23, 1]","[1, 1, 23]","[1, 1, 23]","[1, 1, 23]",,True,
170,43687,rx_panda_base,/home/telilab4090/Documents/Gazebo World/my_world/rt_out/experiments/semantic_ablation_actor_200f/sionna_xml/frame_170_sionna.xml,30.0,0.0,0.0,2.4,0.582,0.888,1.195,28000000000.0,27,8.163323350629526e-09,6.284866316264015e-08,5.4685339812010625e-08,2.763622442003566e-09,-85.58521289284302,-55.58521289284302,cir_coefficients_tau_mask,,"[1, 1, 1, 1, 27, 1]","[1, 1, 27]","[1, 1, 27]","[1, 1, 27]",,True,
170,43687,rx_ur5_base,/home/telilab4090/Documents/Gazebo World/my_world/rt_out/experiments/semantic_ablation_actor_200f/sionna_xml/frame_170_sionna.xml,30.0,0.0,0.0,2.4,0.497,-0.841,0.995,28000000000.0,18,5.708055805797585e-09,5.930293767164585e-08,5.3594881865848265e-08,6.881127774249762e-07,-61.62340377753609,-31.62340377753609,cir_coefficients_tau_mask,,"[1, 1, 1, 1, 18, 1]","[1, 1, 18]","[1, 1, 18]","[1, 1, 18]",,True,
170,43687,rx_cerberus_base,/home/telilab4090/Documents/Gazebo World/my_world/rt_out/experiments/semantic_ablation_actor_200f/sionna_xml/frame_170_sionna.xml,30.0,0.0,0.0,2.4,4.074,-1.779,0.81,28000000000.0,18,1.574846919538686e-08,5.723669715962387e-08,4.148822796423701e-08,3.621421384991663e-08,-74.41120938168608,-44.41120938168608,cir_coefficients_tau_mask,,"[1, 1, 1, 1, 18, 1]","[1, 1, 18]","[1, 1, 18]","[1, 1, 18]",,True,
170,43687,rx_nao_chest,/home/telilab4090/Documents/Gazebo World/my_world/rt_out/experiments/semantic_ablation_actor_200f/sionna_xml/frame_170_sionna.xml,30.0,0.0,0.0,2.4,-0.1337,2.748,0.7,28000000000.0,24,1.0787783999433032e-08,6.209720737615498e-08,5.130942337672195e-08,7.249248312746204e-08,-71.39707023849851,-41.397070238498515,cir_coefficients_tau_mask,,"[1, 1, 1, 1, 24, 1]","[1, 1, 24]","[1, 1, 24]","[1, 1, 24]",,True,
170,43687,rx_human_chest,/home/telilab4090/Documents/Gazebo World/my_world/rt_out/experiments/semantic_ablation_actor_200f/sionna_xml/frame_170_sionna.xml,30.0,0.0,0.0,2.4,-1.4605,-0.8406,1.6421,28000000000.0,21,6.163341392806387e-09,6.431429255826515e-08,5.8150951165458764e-08,2.240194589830935e-07,-66.49714255942916,-36.497142559429165,cir_coefficients_tau_mask,,"[1, 1, 1, 1, 21, 1]","[1, 1, 21]","[1, 1, 21]","[1, 1, 21]",,True,
170,43687,rx_x500_body,/home/telilab4090/Documents/Gazebo World/my_world/rt_out/experiments/semantic_ablation_actor_200f/sionna_xml/frame_170_sionna.xml,30.0,0.0,0.0,2.4,-3.9279,3.2024,1.3944,28000000000.0,23,1.7234324189985273e-08,7.465505547088469e-08,5.742073128089942e-08,3.372388945876992e-08,-74.72062342912375,-44.72062342912375,cir_coefficients_tau_mask,,"[1, 1, 1, 1, 23, 1]","[1, 1, 23]","[1, 1, 23]","[1, 1, 23]",,True,
171,43944,rx_panda_base,/home/telilab4090/Documents/Gazebo World/my_world/rt_out/experiments/semantic_ablation_actor_200f/sionna_xml/frame_171_sionna.xml,30.0,0.0,0.0,2.4,0.582,0.888,1.195,28000000000.0,27,8.163323350629526e-09,6.284866316264015e-08,5.4685339812010625e-08,2.763622219958961e-09,-85.58521324177906,-55.58521324177906,cir_coefficients_tau_mask,,"[1, 1, 1, 1, 27, 1]","[1, 1, 27]","[1, 1, 27]","[1, 1, 27]",,True,
171,43944,rx_ur5_base,/home/telilab4090/Documents/Gazebo World/my_world/rt_out/experiments/semantic_ablation_actor_200f/sionna_xml/frame_171_sionna.xml,30.0,0.0,0.0,2.4,0.497,-0.841,0.995,28000000000.0,18,5.708055805797585e-09,5.930293767164585e-08,5.3594881865848265e-08,6.881128342683951e-07,-61.62340341877539,-31.62340341877539,cir_coefficients_tau_mask,,"[1, 1, 1, 1, 18, 1]","[1, 1, 18]","[1, 1, 18]","[1, 1, 18]",,True,
171,43944,rx_cerberus_base,/home/telilab4090/Documents/Gazebo World/my_world/rt_out/experiments/semantic_ablation_actor_200f/sionna_xml/frame_171_sionna.xml,30.0,0.0,0.0,2.4,4.074,-1.779,0.81,28000000000.0,18,1.574846919538686e-08,5.723669715962387e-08,4.148822796423701e-08,3.621421384991663e-08,-74.41120938168608,-44.41120938168608,cir_coefficients_tau_mask,,"[1, 1, 1, 1, 18, 1]","[1, 1, 18]","[1, 1, 18]","[1, 1, 18]",,True,
171,43944,rx_nao_chest,/home/telilab4090/Documents/Gazebo World/my_world/rt_out/experiments/semantic_ablation_actor_200f/sionna_xml/frame_171_sionna.xml,30.0,0.0,0.0,2.4,-0.1337,2.748,0.7,28000000000.0,24,1.0787783999433032e-08,6.209720737615498e-08,5.130942337672195e-08,7.249248312746204e-08,-71.39707023849851,-41.397070238498515,cir_coefficients_tau_mask,,"[1, 1, 1, 1, 24, 1]","[1, 1, 24]","[1, 1, 24]","[1, 1, 24]",,True,
171,43944,rx_human_chest,/home/telilab4090/Documents/Gazebo World/my_world/rt_out/experiments/semantic_ablation_actor_200f/sionna_xml/frame_171_sionna.xml,30.0,0.0,0.0,2.4,-1.4605,-0.8406,1.6421,28000000000.0,21,6.163341392806387e-09,6.431429255826515e-08,5.8150951165458764e-08,2.240194589830935e-07,-66.49714255942916,-36.497142559429165,cir_coefficients_tau_mask,,"[1, 1, 1, 1, 21, 1]","[1, 1, 21]","[1, 1, 21]","[1, 1, 21]",,True,
171,43944,rx_x500_body,/home/telilab4090/Documents/Gazebo World/my_world/rt_out/experiments/semantic_ablation_actor_200f/sionna_xml/frame_171_sionna.xml,30.0,0.0,0.0,2.4,-3.9279,3.2024,1.3944,28000000000.0,23,1.7234324189985273e-08,7.465505547088469e-08,5.742073128089942e-08,3.3723893011483597e-08,-74.72062297160716,-44.720622971607156,cir_coefficients_tau_mask,,"[1, 1, 1, 1, 23, 1]","[1, 1, 23]","[1, 1, 23]","[1, 1, 23]",,True,
172,44201,rx_panda_base,/home/telilab4090/Documents/Gazebo World/my_world/rt_out/experiments/semantic_ablation_actor_200f/sionna_xml/frame_172_sionna.xml,30.0,0.0,0.0,2.4,0.582,0.888,1.195,28000000000.0,28,8.163323350629526e-09,6.284866316264015e-08,5.4685339812010625e-08,2.782507113607835e-09,-85.55563716697952,-55.55563716697952,cir_coefficients_tau_mask,,"[1, 1, 1, 1, 28, 1]","[1, 1, 28]","[1, 1, 28]","[1, 1, 28]",,True,
172,44201,rx_ur5_base,/home/telilab4090/Documents/Gazebo World/my_world/rt_out/experiments/semantic_ablation_actor_200f/sionna_xml/frame_172_sionna.xml,30.0,0.0,0.0,2.4,0.497,-0.841,0.995,28000000000.0,18,5.708055805797585e-09,5.930293767164585e-08,5.3594881865848265e-08,6.881128342683951e-07,-61.62340341877539,-31.62340341877539,cir_coefficients_tau_mask,,"[1, 1, 1, 1, 18, 1]","[1, 1, 18]","[1, 1, 18]","[1, 1, 18]",,True,
172,44201,rx_cerberus_base,/home/telilab4090/Documents/Gazebo World/my_world/rt_out/experiments/semantic_ablation_actor_200f/sionna_xml/frame_172_sionna.xml,30.0,0.0,0.0,2.4,4.074,-1.779,0.81,28000000000.0,18,1.574846919538686e-08,5.723669715962387e-08,4.148822796423701e-08,3.621421740263031e-08,-74.4112089556313,-44.411208955631295,cir_coefficients_tau_mask,,"[1, 1, 1, 1, 18, 1]","[1, 1, 18]","[1, 1, 18]","[1, 1, 18]",,True,
172,44201,rx_nao_chest,/home/telilab4090/Documents/Gazebo World/my_world/rt_out/experiments/semantic_ablation_actor_200f/sionna_xml/frame_172_sionna.xml,30.0,0.0,0.0,2.4,-0.1337,2.748,0.7,28000000000.0,24,1.0787783999433032e-08,6.209720737615498e-08,5.130942337672195e-08,7.249248312746204e-08,-71.39707023849851,-41.397070238498515,cir_coefficients_tau_mask,,"[1, 1, 1, 1, 24, 1]","[1, 1, 24]","[1, 1, 24]","[1, 1, 24]",,True,
172,44201,rx_human_chest,/home/telilab4090/Documents/Gazebo World/my_world/rt_out/experiments/semantic_ablation_actor_200f/sionna_xml/frame_172_sionna.xml,30.0,0.0,0.0,2.4,-1.4605,-0.8406,1.6421,28000000000.0,21,6.163341392806387e-09,6.431429255826515e-08,5.8150951165458764e-08,2.240194589830935e-07,-66.49714255942916,-36.497142559429165,cir_coefficients_tau_mask,,"[1, 1, 1, 1, 21, 1]","[1, 1, 21]","[1, 1, 21]","[1, 1, 21]",,True,
172,44201,rx_x500_body,/home/telilab4090/Documents/Gazebo World/my_world/rt_out/experiments/semantic_ablation_actor_200f/sionna_xml/frame_172_sionna.xml,30.0,0.0,0.0,2.4,-3.9279,3.2024,1.3944,28000000000.0,23,1.7234324189985273e-08,7.465505547088469e-08,5.742073128089942e-08,3.3723893011483597e-08,-74.72062297160716,-44.720622971607156,cir_coefficients_tau_mask,,"[1, 1, 1, 1, 23, 1]","[1, 1, 23]","[1, 1, 23]","[1, 1, 23]",,True,
173,44458,rx_panda_base,/home/telilab4090/Documents/Gazebo World/my_world/rt_out/experiments/semantic_ablation_actor_200f/sionna_xml/frame_173_sionna.xml,30.0,0.0,0.0,2.4,0.582,0.888,1.195,28000000000.0,32,7.579527228074312e-09,6.284866316264015e-08,5.526913593456584e-08,2.4422204703000716e-08,-76.12215132892051,-46.12215132892051,cir_coefficients_tau_mask,,"[1, 1, 1, 1, 32, 1]","[1, 1, 32]","[1, 1, 32]","[1, 1, 32]",,True,
173,44458,rx_ur5_base,/home/telilab4090/Documents/Gazebo World/my_world/rt_out/experiments/semantic_ablation_actor_200f/sionna_xml/frame_173_sionna.xml,30.0,0.0,0.0,2.4,0.497,-0.841,0.995,28000000000.0,18,5.708055805797585e-09,5.930293767164585e-08,5.3594881865848265e-08,6.881127774249762e-07,-61.62340377753609,-31.62340377753609,cir_coefficients_tau_mask,,"[1, 1, 1, 1, 18, 1]","[1, 1, 18]","[1, 1, 18]","[1, 1, 18]",,True,
173,44458,rx_cerberus_base,/home/telilab4090/Documents/Gazebo World/my_world/rt_out/experiments/semantic_ablation_actor_200f/sionna_xml/frame_173_sionna.xml,30.0,0.0,0.0,2.4,4.074,-1.779,0.81,28000000000.0,18,1.574846919538686e-08,5.723669715962387e-08,4.148822796423701e-08,3.621421740263031e-08,-74.4112089556313,-44.411208955631295,cir_coefficients_tau_mask,,"[1, 1, 1, 1, 18, 1]","[1, 1, 18]","[1, 1, 18]","[1, 1, 18]",,True,
173,44458,rx_nao_chest,/home/telilab4090/Documents/Gazebo World/my_world/rt_out/experiments/semantic_ablation_actor_200f/sionna_xml/frame_173_sionna.xml,30.0,0.0,0.0,2.4,-0.1337,2.748,0.7,28000000000.0,24,1.0787783999433032e-08,6.209720737615498e-08,5.130942337672195e-08,7.249248312746204e-08,-71.39707023849851,-41.397070238498515,cir_coefficients_tau_mask,,"[1, 1, 1, 1, 24, 1]","[1, 1, 24]","[1, 1, 24]","[1, 1, 24]",,True,
173,44458,rx_human_chest,/home/telilab4090/Documents/Gazebo World/my_world/rt_out/experiments/semantic_ablation_actor_200f/sionna_xml/frame_173_sionna.xml,30.0,0.0,0.0,2.4,-1.4605,-0.8406,1.6421,28000000000.0,21,6.163341392806387e-09,6.431429255826515e-08,5.8150951165458764e-08,2.2401944477223878e-07,-66.49714283492739,-36.49714283492739,cir_coefficients_tau_mask,,"[1, 1, 1, 1, 21, 1]","[1, 1, 21]","[1, 1, 21]","[1, 1, 21]",,True,
173,44458,rx_x500_body,/home/telilab4090/Documents/Gazebo World/my_world/rt_out/experiments/semantic_ablation_actor_200f/sionna_xml/frame_173_sionna.xml,30.0,0.0,0.0,2.4,-3.9279,3.2024,1.3944,28000000000.0,23,1.7234324189985273e-08,7.465505547088469e-08,5.742073128089942e-08,3.3723893011483597e-08,-74.72062297160716,-44.720622971607156,cir_coefficients_tau_mask,,"[1, 1, 1, 1, 23, 1]","[1, 1, 23]","[1, 1, 23]","[1, 1, 23]",,True,
174,44715,rx_panda_base,/home/telilab4090/Documents/Gazebo World/my_world/rt_out/experiments/semantic_ablation_actor_200f/sionna_xml/frame_174_sionna.xml,30.0,0.0,0.0,2.4,0.582,0.888,1.195,28000000000.0,32,7.579527228074312e-09,6.284866316264015e-08,5.526913593456584e-08,2.4422204703000716e-08,-76.12215132892051,-46.12215132892051,cir_coefficients_tau_mask,,"[1, 1, 1, 1, 32, 1]","[1, 1, 32]","[1, 1, 32]","[1, 1, 32]",,True,
174,44715,rx_ur5_base,/home/telilab4090/Documents/Gazebo World/my_world/rt_out/experiments/semantic_ablation_actor_200f/sionna_xml/frame_174_sionna.xml,30.0,0.0,0.0,2.4,0.497,-0.841,0.995,28000000000.0,18,5.708055805797585e-09,5.930293767164585e-08,5.3594881865848265e-08,6.881128342683951e-07,-61.62340341877539,-31.62340341877539,cir_coefficients_tau_mask,,"[1, 1, 1, 1, 18, 1]","[1, 1, 18]","[1, 1, 18]","[1, 1, 18]",,True,
174,44715,rx_cerberus_base,/home/telilab4090/Documents/Gazebo World/my_world/rt_out/experiments/semantic_ablation_actor_200f/sionna_xml/frame_174_sionna.xml,30.0,0.0,0.0,2.4,4.074,-1.779,0.81,28000000000.0,18,1.574846919538686e-08,5.723669715962387e-08,4.148822796423701e-08,3.621421384991663e-08,-74.41120938168608,-44.41120938168608,cir_coefficients_tau_mask,,"[1, 1, 1, 1, 18, 1]","[1, 1, 18]","[1, 1, 18]","[1, 1, 18]",,True,
174,44715,rx_nao_chest,/home/telilab4090/Documents/Gazebo World/my_world/rt_out/experiments/semantic_ablation_actor_200f/sionna_xml/frame_174_sionna.xml,30.0,0.0,0.0,2.4,-0.1337,2.748,0.7,28000000000.0,24,1.0787783999433032e-08,6.209720737615498e-08,5.130942337672195e-08,7.24924902328894e-08,-71.3970698128202,-41.397069812820206,cir_coefficients_tau_mask,,"[1, 1, 1, 1, 24, 1]","[1, 1, 24]","[1, 1, 24]","[1, 1, 24]",,True,
174,44715,rx_human_chest,/home/telilab4090/Documents/Gazebo World/my_world/rt_out/experiments/semantic_ablation_actor_200f/sionna_xml/frame_174_sionna.xml,30.0,0.0,0.0,2.4,-1.4605,-0.8406,1.6421,28000000000.0,21,6.163341392806387e-09,6.431429255826515e-08,5.8150951165458764e-08,2.240194589830935e-07,-66.49714255942916,-36.497142559429165,cir_coefficients_tau_mask,,"[1, 1, 1, 1, 21, 1]","[1, 1, 21]","[1, 1, 21]","[1, 1, 21]",,True,
174,44715,rx_x500_body,/home/telilab4090/Documents/Gazebo World/my_world/rt_out/experiments/semantic_ablation_actor_200f/sionna_xml/frame_174_sionna.xml,30.0,0.0,0.0,2.4,-3.9279,3.2024,1.3944,28000000000.0,23,1.7234324189985273e-08,7.465505547088469e-08,5.742073128089942e-08,3.3723893011483597e-08,-74.72062297160716,-44.720622971607156,cir_coefficients_tau_mask,,"[1, 1, 1, 1, 23, 1]","[1, 1, 23]","[1, 1, 23]","[1, 1, 23]",,True,
175,44972,rx_panda_base,/home/telilab4090/Documents/Gazebo World/my_world/rt_out/experiments/semantic_ablation_actor_200f/sionna_xml/frame_175_sionna.xml,30.0,0.0,0.0,2.4,0.582,0.888,1.195,28000000000.0,32,7.579527228074312e-09,6.284866316264015e-08,5.526913593456584e-08,2.4422204703000716e-08,-76.12215132892051,-46.12215132892051,cir_coefficients_tau_mask,,"[1, 1, 1, 1, 32, 1]","[1, 1, 32]","[1, 1, 32]","[1, 1, 32]",,True,
175,44972,rx_ur5_base,/home/telilab4090/Documents/Gazebo World/my_world/rt_out/experiments/semantic_ablation_actor_200f/sionna_xml/frame_175_sionna.xml,30.0,0.0,0.0,2.4,0.497,-0.841,0.995,28000000000.0,18,5.708055805797585e-09,5.930293767164585e-08,5.3594881865848265e-08,6.881128342683951e-07,-61.62340341877539,-31.62340341877539,cir_coefficients_tau_mask,,"[1, 1, 1, 1, 18, 1]","[1, 1, 18]","[1, 1, 18]","[1, 1, 18]",,True,
175,44972,rx_cerberus_base,/home/telilab4090/Documents/Gazebo World/my_world/rt_out/experiments/semantic_ablation_actor_200f/sionna_xml/frame_175_sionna.xml,30.0,0.0,0.0,2.4,4.074,-1.779,0.81,28000000000.0,18,1.574846919538686e-08,5.723669715962387e-08,4.148822796423701e-08,3.621421384991663e-08,-74.41120938168608,-44.41120938168608,cir_coefficients_tau_mask,,"[1, 1, 1, 1, 18, 1]","[1, 1, 18]","[1, 1, 18]","[1, 1, 18]",,True,
175,44972,rx_nao_chest,/home/telilab4090/Documents/Gazebo World/my_world/rt_out/experiments/semantic_ablation_actor_200f/sionna_xml/frame_175_sionna.xml,30.0,0.0,0.0,2.4,-0.1337,2.748,0.7,28000000000.0,24,1.0787783999433032e-08,6.209720737615498e-08,5.130942337672195e-08,7.24924902328894e-08,-71.3970698128202,-41.397069812820206,cir_coefficients_tau_mask,,"[1, 1, 1, 1, 24, 1]","[1, 1, 24]","[1, 1, 24]","[1, 1, 24]",,True,
175,44972,rx_human_chest,/home/telilab4090/Documents/Gazebo World/my_world/rt_out/experiments/semantic_ablation_actor_200f/sionna_xml/frame_175_sionna.xml,30.0,0.0,0.0,2.4,-1.4605,-0.8406,1.6421,28000000000.0,21,6.163341392806387e-09,6.431429255826515e-08,5.8150951165458764e-08,2.2401947319394822e-07,-66.49714228393097,-36.49714228393097,cir_coefficients_tau_mask,,"[1, 1, 1, 1, 21, 1]","[1, 1, 21]","[1, 1, 21]","[1, 1, 21]",,True,
175,44972,rx_x500_body,/home/telilab4090/Documents/Gazebo World/my_world/rt_out/experiments/semantic_ablation_actor_200f/sionna_xml/frame_175_sionna.xml,30.0,0.0,0.0,2.4,-3.9279,3.2024,1.3944,28000000000.0,23,1.7234324189985273e-08,7.465505547088469e-08,5.742073128089942e-08,3.372388945876992e-08,-74.72062342912375,-44.72062342912375,cir_coefficients_tau_mask,,"[1, 1, 1, 1, 23, 1]","[1, 1, 23]","[1, 1, 23]","[1, 1, 23]",,True,
176,45229,rx_panda_base,/home/telilab4090/Documents/Gazebo World/my_world/rt_out/experiments/semantic_ablation_actor_200f/sionna_xml/frame_176_sionna.xml,30.0,0.0,0.0,2.4,0.582,0.888,1.195,28000000000.0,32,7.579527228074312e-09,6.284866316264015e-08,5.526913593456584e-08,2.4422202926643877e-08,-76.122151644806,-46.122151644805996,cir_coefficients_tau_mask,,"[1, 1, 1, 1, 32, 1]","[1, 1, 32]","[1, 1, 32]","[1, 1, 32]",,True,
176,45229,rx_ur5_base,/home/telilab4090/Documents/Gazebo World/my_world/rt_out/experiments/semantic_ablation_actor_200f/sionna_xml/frame_176_sionna.xml,30.0,0.0,0.0,2.4,0.497,-0.841,0.995,28000000000.0,18,5.708055805797585e-09,5.930293767164585e-08,5.3594881865848265e-08,6.881128342683951e-07,-61.62340341877539,-31.62340341877539,cir_coefficients_tau_mask,,"[1, 1, 1, 1, 18, 1]","[1, 1, 18]","[1, 1, 18]","[1, 1, 18]",,True,
176,45229,rx_cerberus_base,/home/telilab4090/Documents/Gazebo World/my_world/rt_out/experiments/semantic_ablation_actor_200f/sionna_xml/frame_176_sionna.xml,30.0,0.0,0.0,2.4,4.074,-1.779,0.81,28000000000.0,18,1.574846919538686e-08,5.723669715962387e-08,4.148822796423701e-08,3.6214210297202953e-08,-74.41120980774089,-44.41120980774089,cir_coefficients_tau_mask,,"[1, 1, 1, 1, 18, 1]","[1, 1, 18]","[1, 1, 18]","[1, 1, 18]",,True,
176,45229,rx_nao_chest,/home/telilab4090/Documents/Gazebo World/my_world/rt_out/experiments/semantic_ablation_actor_200f/sionna_xml/frame_176_sionna.xml,30.0,0.0,0.0,2.4,-0.1337,2.748,0.7,28000000000.0,24,1.0787783999433032e-08,6.209720737615498e-08,5.130942337672195e-08,7.249248312746204e-08,-71.39707023849851,-41.397070238498515,cir_coefficients_tau_mask,,"[1, 1, 1, 1, 24, 1]","[1, 1, 24]","[1, 1, 24]","[1, 1, 24]",,True,
176,45229,rx_human_chest,/home/telilab4090/Documents/Gazebo World/my_world/rt_out/experiments/semantic_ablation_actor_200f/sionna_xml/frame_176_sionna.xml,30.0,0.0,0.0,2.4,-1.4605,-0.8406,1.6421,28000000000.0,21,6.163341392806387e-09,6.431429255826515e-08,5.8150951165458764e-08,2.2401944477223878e-07,-66.49714283492739,-36.49714283492739,cir_coefficients_tau_mask,,"[1, 1, 1, 1, 21, 1]","[1, 1, 21]","[1, 1, 21]","[1, 1, 21]",,True,
176,45229,rx_x500_body,/home/telilab4090/Documents/Gazebo World/my_world/rt_out/experiments/semantic_ablation_actor_200f/sionna_xml/frame_176_sionna.xml,30.0,0.0,0.0,2.4,-3.9279,3.2024,1.3944,28000000000.0,23,1.7234324189985273e-08,7.465505547088469e-08,5.742073128089942e-08,3.3723893011483597e-08,-74.72062297160716,-44.720622971607156,cir_coefficients_tau_mask,,"[1, 1, 1, 1, 23, 1]","[1, 1, 23]","[1, 1, 23]","[1, 1, 23]",,True,
177,45486,rx_panda_base,/home/telilab4090/Documents/Gazebo World/my_world/rt_out/experiments/semantic_ablation_actor_200f/sionna_xml/frame_177_sionna.xml,30.0,0.0,0.0,2.4,0.582,0.888,1.195,28000000000.0,32,7.579527228074312e-09,6.284866316264015e-08,5.526913593456584e-08,2.4422206479357556e-08,-76.12215101303505,-46.12215101303505,cir_coefficients_tau_mask,,"[1, 1, 1, 1, 32, 1]","[1, 1, 32]","[1, 1, 32]","[1, 1, 32]",,True,
177,45486,rx_ur5_base,/home/telilab4090/Documents/Gazebo World/my_world/rt_out/experiments/semantic_ablation_actor_200f/sionna_xml/frame_177_sionna.xml,30.0,0.0,0.0,2.4,0.497,-0.841,0.995,28000000000.0,17,5.708055805797585e-09,5.930293767164585e-08,5.3594881865848265e-08,6.880848104628967e-07,-61.62358029139449,-31.62358029139449,cir_coefficients_tau_mask,,"[1, 1, 1, 1, 17, 1]","[1, 1, 17]","[1, 1, 17]","[1, 1, 17]",,True,
177,45486,rx_cerberus_base,/home/telilab4090/Documents/Gazebo World/my_world/rt_out/experiments/semantic_ablation_actor_200f/sionna_xml/frame_177_sionna.xml,30.0,0.0,0.0,2.4,4.074,-1.779,0.81,28000000000.0,18,1.574846919538686e-08,5.723669715962387e-08,4.148822796423701e-08,3.621421740263031e-08,-74.4112089556313,-44.411208955631295,cir_coefficients_tau_mask,,"[1, 1, 1, 1, 18, 1]","[1, 1, 18]","[1, 1, 18]","[1, 1, 18]",,True,
177,45486,rx_nao_chest,/home/telilab4090/Documents/Gazebo World/my_world/rt_out/experiments/semantic_ablation_actor_200f/sionna_xml/frame_177_sionna.xml,30.0,0.0,0.0,2.4,-0.1337,2.748,0.7,28000000000.0,24,1.0787783999433032e-08,6.209720737615498e-08,5.130942337672195e-08,7.24924902328894e-08,-71.3970698128202,-41.397069812820206,cir_coefficients_tau_mask,,"[1, 1, 1, 1, 24, 1]","[1, 1, 24]","[1, 1, 24]","[1, 1, 24]",,True,
177,45486,rx_human_chest,/home/telilab4090/Documents/Gazebo World/my_world/rt_out/experiments/semantic_ablation_actor_200f/sionna_xml/frame_177_sionna.xml,30.0,0.0,0.0,2.4,-1.4605,-0.8406,1.6421,28000000000.0,21,6.163341392806387e-09,6.431429255826515e-08,5.8150951165458764e-08,2.240194589830935e-07,-66.49714255942916,-36.497142559429165,cir_coefficients_tau_mask,,"[1, 1, 1, 1, 21, 1]","[1, 1, 21]","[1, 1, 21]","[1, 1, 21]",,True,
177,45486,rx_x500_body,/home/telilab4090/Documents/Gazebo World/my_world/rt_out/experiments/semantic_ablation_actor_200f/sionna_xml/frame_177_sionna.xml,30.0,0.0,0.0,2.4,-3.9279,3.2024,1.3944,28000000000.0,22,1.7234324189985273e-08,7.465505547088469e-08,5.742073128089942e-08,3.37145742435041e-08,-74.72182320337461,-44.72182320337461,cir_coefficients_tau_mask,,"[1, 1, 1, 1, 22, 1]","[1, 1, 22]","[1, 1, 22]","[1, 1, 22]",,True,
178,45743,rx_panda_base,/home/telilab4090/Documents/Gazebo World/my_world/rt_out/experiments/semantic_ablation_actor_200f/sionna_xml/frame_178_sionna.xml,30.0,0.0,0.0,2.4,0.582,0.888,1.195,28000000000.0,30,7.579527228074312e-09,6.284866316264015e-08,5.526913593456584e-08,1.8995423900491915e-08,-77.21351010317191,-47.21351010317191,cir_coefficients_tau_mask,,"[1, 1, 1, 1, 30, 1]","[1, 1, 30]","[1, 1, 30]","[1, 1, 30]",,True,
178,45743,rx_ur5_base,/home/telilab4090/Documents/Gazebo World/my_world/rt_out/experiments/semantic_ablation_actor_200f/sionna_xml/frame_178_sionna.xml,30.0,0.0,0.0,2.4,0.497,-0.841,0.995,28000000000.0,18,5.708055805797585e-09,5.930293767164585e-08,5.3594881865848265e-08,6.881127774249762e-07,-61.62340377753609,-31.62340377753609,cir_coefficients_tau_mask,,"[1, 1, 1, 1, 18, 1]","[1, 1, 18]","[1, 1, 18]","[1, 1, 18]",,True,
178,45743,rx_cerberus_base,/home/telilab4090/Documents/Gazebo World/my_world/rt_out/experiments/semantic_ablation_actor_200f/sionna_xml/frame_178_sionna.xml,30.0,0.0,0.0,2.4,4.074,-1.779,0.81,28000000000.0,18,1.574846919538686e-08,5.723669715962387e-08,4.148822796423701e-08,3.621421384991663e-08,-74.41120938168608,-44.41120938168608,cir_coefficients_tau_mask,,"[1, 1, 1, 1, 18, 1]","[1, 1, 18]","[1, 1, 18]","[1, 1, 18]",,True,
178,45743,rx_nao_chest,/home/telilab4090/Documents/Gazebo World/my_world/rt_out/experiments/semantic_ablation_actor_200f/sionna_xml/frame_178_sionna.xml,30.0,0.0,0.0,2.4,-0.1337,2.748,0.7,28000000000.0,23,1.0787783999433032e-08,6.209720737615498e-08,5.130942337672195e-08,7.236335619609235e-08,-71.40481298865271,-41.40481298865271,cir_coefficients_tau_mask,,"[1, 1, 1, 1, 23, 1]","[1, 1, 23]","[1, 1, 23]","[1, 1, 23]",,True,
178,45743,rx_human_chest,/home/telilab4090/Documents/Gazebo World/my_world/rt_out/experiments/semantic_ablation_actor_200f/sionna_xml/frame_178_sionna.xml,30.0,0.0,0.0,2.4,-1.4605,-0.8406,1.6421,28000000000.0,21,6.163341392806387e-09,6.431429255826515e-08,5.8150951165458764e-08,2.240194589830935e-07,-66.49714255942916,-36.497142559429165,cir_coefficients_tau_mask,,"[1, 1, 1, 1, 21, 1]","[1, 1, 21]","[1, 1, 21]","[1, 1, 21]",,True,
178,45743,rx_x500_body,/home/telilab4090/Documents/Gazebo World/my_world/rt_out/experiments/semantic_ablation_actor_200f/sionna_xml/frame_178_sionna.xml,30.0,0.0,0.0,2.4,-3.9279,3.2024,1.3944,28000000000.0,23,1.7234324189985273e-08,7.465505547088469e-08,5.742073128089942e-08,3.372388590605624e-08,-74.72062388664037,-44.72062388664037,cir_coefficients_tau_mask,,"[1, 1, 1, 1, 23, 1]","[1, 1, 23]","[1, 1, 23]","[1, 1, 23]",,True,
179,46000,rx_panda_base,/home/telilab4090/Documents/Gazebo World/my_world/rt_out/experiments/semantic_ablation_actor_200f/sionna_xml/frame_179_sionna.xml,30.0,0.0,0.0,2.4,0.582,0.888,1.195,28000000000.0,29,7.579527228074312e-09,6.284866316264015e-08,5.526913593456584e-08,1.821448769590006e-08,-77.39583039298407,-47.39583039298407,cir_coefficients_tau_mask,,"[1, 1, 1, 1, 29, 1]","[1, 1, 29]","[1, 1, 29]","[1, 1, 29]",,True,
179,46000,rx_ur5_base,/home/telilab4090/Documents/Gazebo World/my_world/rt_out/experiments/semantic_ablation_actor_200f/sionna_xml/frame_179_sionna.xml,30.0,0.0,0.0,2.4,0.497,-0.841,0.995,28000000000.0,18,5.708055805797585e-09,5.930293767164585e-08,5.3594881865848265e-08,6.881128342683951e-07,-61.62340341877539,-31.62340341877539,cir_coefficients_tau_mask,,"[1, 1, 1, 1, 18, 1]","[1, 1, 18]","[1, 1, 18]","[1, 1, 18]",,True,
179,46000,rx_cerberus_base,/home/telilab4090/Documents/Gazebo World/my_world/rt_out/experiments/semantic_ablation_actor_200f/sionna_xml/frame_179_sionna.xml,30.0,0.0,0.0,2.4,4.074,-1.779,0.81,28000000000.0,18,1.574846919538686e-08,5.723669715962387e-08,4.148822796423701e-08,3.621421740263031e-08,-74.4112089556313,-44.411208955631295,cir_coefficients_tau_mask,,"[1, 1, 1, 1, 18, 1]","[1, 1, 18]","[1, 1, 18]","[1, 1, 18]",,True,
179,46000,rx_nao_chest,/home/telilab4090/Documents/Gazebo World/my_world/rt_out/experiments/semantic_ablation_actor_200f/sionna_xml/frame_179_sionna.xml,30.0,0.0,0.0,2.4,-0.1337,2.748,0.7,28000000000.0,23,1.0787783999433032e-08,6.209720737615498e-08,5.130942337672195e-08,7.236335619609235e-08,-71.40481298865271,-41.40481298865271,cir_coefficients_tau_mask,,"[1, 1, 1, 1, 23, 1]","[1, 1, 23]","[1, 1, 23]","[1, 1, 23]",,True,
179,46000,rx_human_chest,/home/telilab4090/Documents/Gazebo World/my_world/rt_out/experiments/semantic_ablation_actor_200f/sionna_xml/frame_179_sionna.xml,30.0,0.0,0.0,2.4,-1.4605,-0.8406,1.6421,28000000000.0,21,6.163341392806387e-09,6.431429255826515e-08,5.8150951165458764e-08,2.2401943056138407e-07,-66.4971431104256,-36.4971431104256,cir_coefficients_tau_mask,,"[1, 1, 1, 1, 21, 1]","[1, 1, 21]","[1, 1, 21]","[1, 1, 21]",,True,
179,46000,rx_x500_body,/home/telilab4090/Documents/Gazebo World/my_world/rt_out/experiments/semantic_ablation_actor_200f/sionna_xml/frame_179_sionna.xml,30.0,0.0,0.0,2.4,-3.9279,3.2024,1.3944,28000000000.0,24,1.7234324189985273e-08,7.465505547088469e-08,5.742073128089942e-08,3.4250625446929917e-08,-74.65331493495052,-44.653314934950515,cir_coefficients_tau_mask,,"[1, 1, 1, 1, 24, 1]","[1, 1, 24]","[1, 1, 24]","[1, 1, 24]",,True,
180,46257,rx_panda_base,/home/telilab4090/Documents/Gazebo World/my_world/rt_out/experiments/semantic_ablation_actor_200f/sionna_xml/frame_180_sionna.xml,30.0,0.0,0.0,2.4,0.582,0.888,1.195,28000000000.0,29,7.579527228074312e-09,6.284866316264015e-08,5.526913593456584e-08,1.8214485919543222e-08,-77.39583081652712,-47.39583081652712,cir_coefficients_tau_mask,,"[1, 1, 1, 1, 29, 1]","[1, 1, 29]","[1, 1, 29]","[1, 1, 29]",,True,
180,46257,rx_ur5_base,/home/telilab4090/Documents/Gazebo World/my_world/rt_out/experiments/semantic_ablation_actor_200f/sionna_xml/frame_180_sionna.xml,30.0,0.0,0.0,2.4,0.497,-0.841,0.995,28000000000.0,18,5.708055805797585e-09,5.930293767164585e-08,5.3594881865848265e-08,6.881128342683951e-07,-61.62340341877539,-31.62340341877539,cir_coefficients_tau_mask,,"[1, 1, 1, 1, 18, 1]","[1, 1, 18]","[1, 1, 18]","[1, 1, 18]",,True,
180,46257,rx_cerberus_base,/home/telilab4090/Documents/Gazebo World/my_world/rt_out/experiments/semantic_ablation_actor_200f/sionna_xml/frame_180_sionna.xml,30.0,0.0,0.0,2.4,4.074,-1.779,0.81,28000000000.0,18,1.574846919538686e-08,5.723669715962387e-08,4.148822796423701e-08,3.621421384991663e-08,-74.41120938168608,-44.41120938168608,cir_coefficients_tau_mask,,"[1, 1, 1, 1, 18, 1]","[1, 1, 18]","[1, 1, 18]","[1, 1, 18]",,True,
180,46257,rx_nao_chest,/home/telilab4090/Documents/Gazebo World/my_world/rt_out/experiments/semantic_ablation_actor_200f/sionna_xml/frame_180_sionna.xml,30.0,0.0,0.0,2.4,-0.1337,2.748,0.7,28000000000.0,23,1.0787783999433032e-08,6.209720737615498e-08,5.130942337672195e-08,7.236335619609235e-08,-71.40481298865271,-41.40481298865271,cir_coefficients_tau_mask,,"[1, 1, 1, 1, 23, 1]","[1, 1, 23]","[1, 1, 23]","[1, 1, 23]",,True,
180,46257,rx_human_chest,/home/telilab4090/Documents/Gazebo World/my_world/rt_out/experiments/semantic_ablation_actor_200f/sionna_xml/frame_180_sionna.xml,30.0,0.0,0.0,2.4,-1.4605,-0.8406,1.6421,28000000000.0,21,6.163341392806387e-09,6.431429255826515e-08,5.8150951165458764e-08,2.240194589830935e-07,-66.49714255942916,-36.497142559429165,cir_coefficients_tau_mask,,"[1, 1, 1, 1, 21, 1]","[1, 1, 21]","[1, 1, 21]","[1, 1, 21]",,True,
180,46257,rx_x500_body,/home/telilab4090/Documents/Gazebo World/my_world/rt_out/experiments/semantic_ablation_actor_200f/sionna_xml/frame_180_sionna.xml,30.0,0.0,0.0,2.4,-3.9279,3.2024,1.3944,28000000000.0,23,1.7234324189985273e-08,7.465505547088469e-08,5.742073128089942e-08,3.3723893011483597e-08,-74.72062297160716,-44.720622971607156,cir_coefficients_tau_mask,,"[1, 1, 1, 1, 23, 1]","[1, 1, 23]","[1, 1, 23]","[1, 1, 23]",,True,
181,46514,rx_panda_base,/home/telilab4090/Documents/Gazebo World/my_world/rt_out/experiments/semantic_ablation_actor_200f/sionna_xml/frame_181_sionna.xml,30.0,0.0,0.0,2.4,0.582,0.888,1.195,28000000000.0,29,7.579527228074312e-09,6.284866316264015e-08,5.526913593456584e-08,1.8214485919543222e-08,-77.39583081652712,-47.39583081652712,cir_coefficients_tau_mask,,"[1, 1, 1, 1, 29, 1]","[1, 1, 29]","[1, 1, 29]","[1, 1, 29]",,True,
181,46514,rx_ur5_base,/home/telilab4090/Documents/Gazebo World/my_world/rt_out/experiments/semantic_ablation_actor_200f/sionna_xml/frame_181_sionna.xml,30.0,0.0,0.0,2.4,0.497,-0.841,0.995,28000000000.0,18,5.708055805797585e-09,5.930293767164585e-08,5.3594881865848265e-08,6.881128342683951e-07,-61.62340341877539,-31.62340341877539,cir_coefficients_tau_mask,,"[1, 1, 1, 1, 18, 1]","[1, 1, 18]","[1, 1, 18]","[1, 1, 18]",,True,
181,46514,rx_cerberus_base,/home/telilab4090/Documents/Gazebo World/my_world/rt_out/experiments/semantic_ablation_actor_200f/sionna_xml/frame_181_sionna.xml,30.0,0.0,0.0,2.4,4.074,-1.779,0.81,28000000000.0,18,1.574846919538686e-08,5.723669715962387e-08,4.148822796423701e-08,3.621421384991663e-08,-74.41120938168608,-44.41120938168608,cir_coefficients_tau_mask,,"[1, 1, 1, 1, 18, 1]","[1, 1, 18]","[1, 1, 18]","[1, 1, 18]",,True,
181,46514,rx_nao_chest,/home/telilab4090/Documents/Gazebo World/my_world/rt_out/experiments/semantic_ablation_actor_200f/sionna_xml/frame_181_sionna.xml,30.0,0.0,0.0,2.4,-0.1337,2.748,0.7,28000000000.0,23,1.0787783999433032e-08,6.209720737615498e-08,5.130942337672195e-08,7.236335619609235e-08,-71.40481298865271,-41.40481298865271,cir_coefficients_tau_mask,,"[1, 1, 1, 1, 23, 1]","[1, 1, 23]","[1, 1, 23]","[1, 1, 23]",,True,
181,46514,rx_human_chest,/home/telilab4090/Documents/Gazebo World/my_world/rt_out/experiments/semantic_ablation_actor_200f/sionna_xml/frame_181_sionna.xml,30.0,0.0,0.0,2.4,-1.4605,-0.8406,1.6421,28000000000.0,21,6.163341392806387e-09,6.431429255826515e-08,5.8150951165458764e-08,2.240194589830935e-07,-66.49714255942916,-36.497142559429165,cir_coefficients_tau_mask,,"[1, 1, 1, 1, 21, 1]","[1, 1, 21]","[1, 1, 21]","[1, 1, 21]",,True,
181,46514,rx_x500_body,/home/telilab4090/Documents/Gazebo World/my_world/rt_out/experiments/semantic_ablation_actor_200f/sionna_xml/frame_181_sionna.xml,30.0,0.0,0.0,2.4,-3.9279,3.2024,1.3944,28000000000.0,23,1.7234324189985273e-08,7.465505547088469e-08,5.742073128089942e-08,3.372388945876992e-08,-74.72062342912375,-44.72062342912375,cir_coefficients_tau_mask,,"[1, 1, 1, 1, 23, 1]","[1, 1, 23]","[1, 1, 23]","[1, 1, 23]",,True,
182,46771,rx_panda_base,/home/telilab4090/Documents/Gazebo World/my_world/rt_out/experiments/semantic_ablation_actor_200f/sionna_xml/frame_182_sionna.xml,30.0,0.0,0.0,2.4,0.582,0.888,1.195,28000000000.0,29,7.579527228074312e-09,6.284866316264015e-08,5.526913593456584e-08,1.821448769590006e-08,-77.39583039298407,-47.39583039298407,cir_coefficients_tau_mask,,"[1, 1, 1, 1, 29, 1]","[1, 1, 29]","[1, 1, 29]","[1, 1, 29]",,True,
182,46771,rx_ur5_base,/home/telilab4090/Documents/Gazebo World/my_world/rt_out/experiments/semantic_ablation_actor_200f/sionna_xml/frame_182_sionna.xml,30.0,0.0,0.0,2.4,0.497,-0.841,0.995,28000000000.0,18,5.708055805797585e-09,5.930293767164585e-08,5.3594881865848265e-08,6.881127774249762e-07,-61.62340377753609,-31.62340377753609,cir_coefficients_tau_mask,,"[1, 1, 1, 1, 18, 1]","[1, 1, 18]","[1, 1, 18]","[1, 1, 18]",,True,
182,46771,rx_cerberus_base,/home/telilab4090/Documents/Gazebo World/my_world/rt_out/experiments/semantic_ablation_actor_200f/sionna_xml/frame_182_sionna.xml,30.0,0.0,0.0,2.4,4.074,-1.779,0.81,28000000000.0,18,1.574846919538686e-08,5.723669715962387e-08,4.148822796423701e-08,3.621421740263031e-08,-74.4112089556313,-44.411208955631295,cir_coefficients_tau_mask,,"[1, 1, 1, 1, 18, 1]","[1, 1, 18]","[1, 1, 18]","[1, 1, 18]",,True,
182,46771,rx_nao_chest,/home/telilab4090/Documents/Gazebo World/my_world/rt_out/experiments/semantic_ablation_actor_200f/sionna_xml/frame_182_sionna.xml,30.0,0.0,0.0,2.4,-0.1337,2.748,0.7,28000000000.0,23,1.0787783999433032e-08,6.209720737615498e-08,5.130942337672195e-08,7.236335619609235e-08,-71.40481298865271,-41.40481298865271,cir_coefficients_tau_mask,,"[1, 1, 1, 1, 23, 1]","[1, 1, 23]","[1, 1, 23]","[1, 1, 23]",,True,
182,46771,rx_human_chest,/home/telilab4090/Documents/Gazebo World/my_world/rt_out/experiments/semantic_ablation_actor_200f/sionna_xml/frame_182_sionna.xml,30.0,0.0,0.0,2.4,-1.4605,-0.8406,1.6421,28000000000.0,21,6.163341392806387e-09,6.431429255826515e-08,5.8150951165458764e-08,2.240194589830935e-07,-66.49714255942916,-36.497142559429165,cir_coefficients_tau_mask,,"[1, 1, 1, 1, 21, 1]","[1, 1, 21]","[1, 1, 21]","[1, 1, 21]",,True,
182,46771,rx_x500_body,/home/telilab4090/Documents/Gazebo World/my_world/rt_out/experiments/semantic_ablation_actor_200f/sionna_xml/frame_182_sionna.xml,30.0,0.0,0.0,2.4,-3.9279,3.2024,1.3944,28000000000.0,22,1.7234324189985273e-08,7.465505547088469e-08,5.742073128089942e-08,3.3714570690790424e-08,-74.72182366101765,-44.72182366101765,cir_coefficients_tau_mask,,"[1, 1, 1, 1, 22, 1]","[1, 1, 22]","[1, 1, 22]","[1, 1, 22]",,True,
183,47028,rx_panda_base,/home/telilab4090/Documents/Gazebo World/my_world/rt_out/experiments/semantic_ablation_actor_200f/sionna_xml/frame_183_sionna.xml,30.0,0.0,0.0,2.4,0.582,0.888,1.195,28000000000.0,25,7.579527228074312e-09,6.284866316264015e-08,5.526913593456584e-08,1.814251682219492e-08,-77.41302465557538,-47.413024655575384,cir_coefficients_tau_mask,,"[1, 1, 1, 1, 25, 1]","[1, 1, 25]","[1, 1, 25]","[1, 1, 25]",,True,
183,47028,rx_ur5_base,/home/telilab4090/Documents/Gazebo World/my_world/rt_out/experiments/semantic_ablation_actor_200f/sionna_xml/frame_183_sionna.xml,30.0,0.0,0.0,2.4,0.497,-0.841,0.995,28000000000.0,18,5.708055805797585e-09,5.930293767164585e-08,5.3594881865848265e-08,6.881128342683951e-07,-61.62340341877539,-31.62340341877539,cir_coefficients_tau_mask,,"[1, 1, 1, 1, 18, 1]","[1, 1, 18]","[1, 1, 18]","[1, 1, 18]",,True,
183,47028,rx_cerberus_base,/home/telilab4090/Documents/Gazebo World/my_world/rt_out/experiments/semantic_ablation_actor_200f/sionna_xml/frame_183_sionna.xml,30.0,0.0,0.0,2.4,4.074,-1.779,0.81,28000000000.0,18,1.574846919538686e-08,5.723669715962387e-08,4.148822796423701e-08,3.621421740263031e-08,-74.4112089556313,-44.411208955631295,cir_coefficients_tau_mask,,"[1, 1, 1, 1, 18, 1]","[1, 1, 18]","[1, 1, 18]","[1, 1, 18]",,True,
183,47028,rx_nao_chest,/home/telilab4090/Documents/Gazebo World/my_world/rt_out/experiments/semantic_ablation_actor_200f/sionna_xml/frame_183_sionna.xml,30.0,0.0,0.0,2.4,-0.1337,2.748,0.7,28000000000.0,24,1.0787783999433032e-08,6.209720737615498e-08,5.130942337672195e-08,7.249248312746204e-08,-71.39707023849851,-41.397070238498515,cir_coefficients_tau_mask,,"[1, 1, 1, 1, 24, 1]","[1, 1, 24]","[1, 1, 24]","[1, 1, 24]",,True,
183,47028,rx_human_chest,/home/telilab4090/Documents/Gazebo World/my_world/rt_out/experiments/semantic_ablation_actor_200f/sionna_xml/frame_183_sionna.xml,30.0,0.0,0.0,2.4,-1.4605,-0.8406,1.6421,28000000000.0,21,6.163341392806387e-09,6.431429255826515e-08,5.8150951165458764e-08,2.2401947319394822e-07,-66.49714228393097,-36.49714228393097,cir_coefficients_tau_mask,,"[1, 1, 1, 1, 21, 1]","[1, 1, 21]","[1, 1, 21]","[1, 1, 21]",,True,
183,47028,rx_x500_body,/home/telilab4090/Documents/Gazebo World/my_world/rt_out/experiments/semantic_ablation_actor_200f/sionna_xml/frame_183_sionna.xml,30.0,0.0,0.0,2.4,-3.9279,3.2024,1.3944,28000000000.0,23,1.7234324189985273e-08,7.465505547088469e-08,5.742073128089942e-08,3.372388945876992e-08,-74.72062342912375,-44.72062342912375,cir_coefficients_tau_mask,,"[1, 1, 1, 1, 23, 1]","[1, 1, 23]","[1, 1, 23]","[1, 1, 23]",,True,
184,47285,rx_panda_base,/home/telilab4090/Documents/Gazebo World/my_world/rt_out/experiments/semantic_ablation_actor_200f/sionna_xml/frame_184_sionna.xml,30.0,0.0,0.0,2.4,0.582,0.888,1.195,28000000000.0,25,7.579527228074312e-09,6.284866316264015e-08,5.526913593456584e-08,1.814251682219492e-08,-77.41302465557538,-47.413024655575384,cir_coefficients_tau_mask,,"[1, 1, 1, 1, 25, 1]","[1, 1, 25]","[1, 1, 25]","[1, 1, 25]",,True,
184,47285,rx_ur5_base,/home/telilab4090/Documents/Gazebo World/my_world/rt_out/experiments/semantic_ablation_actor_200f/sionna_xml/frame_184_sionna.xml,30.0,0.0,0.0,2.4,0.497,-0.841,0.995,28000000000.0,18,5.708055805797585e-09,5.930293767164585e-08,5.3594881865848265e-08,6.881128342683951e-07,-61.62340341877539,-31.62340341877539,cir_coefficients_tau_mask,,"[1, 1, 1, 1, 18, 1]","[1, 1, 18]","[1, 1, 18]","[1, 1, 18]",,True,
184,47285,rx_cerberus_base,/home/telilab4090/Documents/Gazebo World/my_world/rt_out/experiments/semantic_ablation_actor_200f/sionna_xml/frame_184_sionna.xml,30.0,0.0,0.0,2.4,4.074,-1.779,0.81,28000000000.0,18,1.574846919538686e-08,5.723669715962387e-08,4.148822796423701e-08,3.621421384991663e-08,-74.41120938168608,-44.41120938168608,cir_coefficients_tau_mask,,"[1, 1, 1, 1, 18, 1]","[1, 1, 18]","[1, 1, 18]","[1, 1, 18]",,True,
184,47285,rx_nao_chest,/home/telilab4090/Documents/Gazebo World/my_world/rt_out/experiments/semantic_ablation_actor_200f/sionna_xml/frame_184_sionna.xml,30.0,0.0,0.0,2.4,-0.1337,2.748,0.7,28000000000.0,22,1.0787783999433032e-08,5.0425221331806824e-08,3.963743733237379e-08,7.247997757531266e-08,-71.39781949698234,-41.397819496982336,cir_coefficients_tau_mask,,"[1, 1, 1, 1, 22, 1]","[1, 1, 22]","[1, 1, 22]","[1, 1, 22]",,True,
184,47285,rx_human_chest,/home/telilab4090/Documents/Gazebo World/my_world/rt_out/experiments/semantic_ablation_actor_200f/sionna_xml/frame_184_sionna.xml,30.0,0.0,0.0,2.4,-1.4605,-0.8406,1.6421,28000000000.0,20,6.163341392806387e-09,6.431429255826515e-08,5.8150951165458764e-08,2.2401920318770863e-07,-66.49714751839961,-36.497147518399615,cir_coefficients_tau_mask,,"[1, 1, 1, 1, 20, 1]","[1, 1, 20]","[1, 1, 20]","[1, 1, 20]",,True,
184,47285,rx_x500_body,/home/telilab4090/Documents/Gazebo World/my_world/rt_out/experiments/semantic_ablation_actor_200f/sionna_xml/frame_184_sionna.xml,30.0,0.0,0.0,2.4,-3.9279,3.2024,1.3944,28000000000.0,23,1.7234324189985273e-08,7.465505547088469e-08,5.742073128089942e-08,3.372388945876992e-08,-74.72062342912375,-44.72062342912375,cir_coefficients_tau_mask,,"[1, 1, 1, 1, 23, 1]","[1, 1, 23]","[1, 1, 23]","[1, 1, 23]",,True,
185,47542,rx_panda_base,/home/telilab4090/Documents/Gazebo World/my_world/rt_out/experiments/semantic_ablation_actor_200f/sionna_xml/frame_185_sionna.xml,30.0,0.0,0.0,2.4,0.582,0.888,1.195,28000000000.0,25,7.579527228074312e-09,6.284866316264015e-08,5.526913593456584e-08,1.814251504583808e-08,-77.41302508079865,-47.41302508079865,cir_coefficients_tau_mask,,"[1, 1, 1, 1, 25, 1]","[1, 1, 25]","[1, 1, 25]","[1, 1, 25]",,True,
185,47542,rx_ur5_base,/home/telilab4090/Documents/Gazebo World/my_world/rt_out/experiments/semantic_ablation_actor_200f/sionna_xml/frame_185_sionna.xml,30.0,0.0,0.0,2.4,0.497,-0.841,0.995,28000000000.0,18,5.708055805797585e-09,5.930293767164585e-08,5.3594881865848265e-08,6.881128342683951e-07,-61.62340341877539,-31.62340341877539,cir_coefficients_tau_mask,,"[1, 1, 1, 1, 18, 1]","[1, 1, 18]","[1, 1, 18]","[1, 1, 18]",,True,
185,47542,rx_cerberus_base,/home/telilab4090/Documents/Gazebo World/my_world/rt_out/experiments/semantic_ablation_actor_200f/sionna_xml/frame_185_sionna.xml,30.0,0.0,0.0,2.4,4.074,-1.779,0.81,28000000000.0,18,1.574846919538686e-08,5.723669715962387e-08,4.148822796423701e-08,3.621421384991663e-08,-74.41120938168608,-44.41120938168608,cir_coefficients_tau_mask,,"[1, 1, 1, 1, 18, 1]","[1, 1, 18]","[1, 1, 18]","[1, 1, 18]",,True,
185,47542,rx_nao_chest,/home/telilab4090/Documents/Gazebo World/my_world/rt_out/experiments/semantic_ablation_actor_200f/sionna_xml/frame_185_sionna.xml,30.0,0.0,0.0,2.4,-0.1337,2.748,0.7,28000000000.0,22,1.0787783999433032e-08,5.0425221331806824e-08,3.963743733237379e-08,7.247997757531266e-08,-71.39781949698234,-41.397819496982336,cir_coefficients_tau_mask,,"[1, 1, 1, 1, 22, 1]","[1, 1, 22]","[1, 1, 22]","[1, 1, 22]",,True,
185,47542,rx_human_chest,/home/telilab4090/Documents/Gazebo World/my_world/rt_out/experiments/semantic_ablation_actor_200f/sionna_xml/frame_185_sionna.xml,30.0,0.0,0.0,2.4,-1.4605,-0.8406,1.6421,28000000000.0,21,6.163341392806387e-09,6.431429255826515e-08,5.8150951165458764e-08,2.240194589830935e-07,-66.49714255942916,-36.497142559429165,cir_coefficients_tau_mask,,"[1, 1, 1, 1, 21, 1]","[1, 1, 21]","[1, 1, 21]","[1, 1, 21]",,True,
185,47542,rx_x500_body,/home/telilab4090/Documents/Gazebo World/my_world/rt_out/experiments/semantic_ablation_actor_200f/sionna_xml/frame_185_sionna.xml,30.0,0.0,0.0,2.4,-3.9279,3.2024,1.3944,28000000000.0,23,1.7234324189985273e-08,7.465505547088469e-08,5.742073128089942e-08,3.372388590605624e-08,-74.72062388664037,-44.72062388664037,cir_coefficients_tau_mask,,"[1, 1, 1, 1, 23, 1]","[1, 1, 23]","[1, 1, 23]","[1, 1, 23]",,True,
186,47799,rx_panda_base,/home/telilab4090/Documents/Gazebo World/my_world/rt_out/experiments/semantic_ablation_actor_200f/sionna_xml/frame_186_sionna.xml,30.0,0.0,0.0,2.4,0.582,0.888,1.195,28000000000.0,25,7.579527228074312e-09,6.284866316264015e-08,5.526913593456584e-08,1.8142513269481242e-08,-77.41302550602194,-47.41302550602194,cir_coefficients_tau_mask,,"[1, 1, 1, 1, 25, 1]","[1, 1, 25]","[1, 1, 25]","[1, 1, 25]",,True,
186,47799,rx_ur5_base,/home/telilab4090/Documents/Gazebo World/my_world/rt_out/experiments/semantic_ablation_actor_200f/sionna_xml/frame_186_sionna.xml,30.0,0.0,0.0,2.4,0.497,-0.841,0.995,28000000000.0,18,5.708055805797585e-09,5.930293767164585e-08,5.3594881865848265e-08,6.881128342683951e-07,-61.62340341877539,-31.62340341877539,cir_coefficients_tau_mask,,"[1, 1, 1, 1, 18, 1]","[1, 1, 18]","[1, 1, 18]","[1, 1, 18]",,True,
186,47799,rx_cerberus_base,/home/telilab4090/Documents/Gazebo World/my_world/rt_out/experiments/semantic_ablation_actor_200f/sionna_xml/frame_186_sionna.xml,30.0,0.0,0.0,2.4,4.074,-1.779,0.81,28000000000.0,18,1.574846919538686e-08,5.723669715962387e-08,4.148822796423701e-08,3.621421384991663e-08,-74.41120938168608,-44.41120938168608,cir_coefficients_tau_mask,,"[1, 1, 1, 1, 18, 1]","[1, 1, 18]","[1, 1, 18]","[1, 1, 18]",,True,
186,47799,rx_nao_chest,/home/telilab4090/Documents/Gazebo World/my_world/rt_out/experiments/semantic_ablation_actor_200f/sionna_xml/frame_186_sionna.xml,30.0,0.0,0.0,2.4,-0.1337,2.748,0.7,28000000000.0,22,1.0787783999433032e-08,5.0425221331806824e-08,3.963743733237379e-08,7.24799704698853e-08,-71.39781992273413,-41.39781992273413,cir_coefficients_tau_mask,,"[1, 1, 1, 1, 22, 1]","[1, 1, 22]","[1, 1, 22]","[1, 1, 22]",,True,
186,47799,rx_human_chest,/home/telilab4090/Documents/Gazebo World/my_world/rt_out/experiments/semantic_ablation_actor_200f/sionna_xml/frame_186_sionna.xml,30.0,0.0,0.0,2.4,-1.4605,-0.8406,1.6421,28000000000.0,21,6.163341392806387e-09,6.431429255826515e-08,5.8150951165458764e-08,2.240194589830935e-07,-66.49714255942916,-36.497142559429165,cir_coefficients_tau_mask,,"[1, 1, 1, 1, 21, 1]","[1, 1, 21]","[1, 1, 21]","[1, 1, 21]",,True,
186,47799,rx_x500_body,/home/telilab4090/Documents/Gazebo World/my_world/rt_out/experiments/semantic_ablation_actor_200f/sionna_xml/frame_186_sionna.xml,30.0,0.0,0.0,2.4,-3.9279,3.2024,1.3944,28000000000.0,23,1.7234324189985273e-08,7.465505547088469e-08,5.742073128089942e-08,3.372388945876992e-08,-74.72062342912375,-44.72062342912375,cir_coefficients_tau_mask,,"[1, 1, 1, 1, 23, 1]","[1, 1, 23]","[1, 1, 23]","[1, 1, 23]",,True,
187,48056,rx_panda_base,/home/telilab4090/Documents/Gazebo World/my_world/rt_out/experiments/semantic_ablation_actor_200f/sionna_xml/frame_187_sionna.xml,30.0,0.0,0.0,2.4,0.582,0.888,1.195,28000000000.0,25,7.579526339895892e-09,6.284866316264015e-08,5.526913682274426e-08,1.8142513269481242e-08,-77.41302550602194,-47.41302550602194,cir_coefficients_tau_mask,,"[1, 1, 1, 1, 25, 1]","[1, 1, 25]","[1, 1, 25]","[1, 1, 25]",,True,
187,48056,rx_ur5_base,/home/telilab4090/Documents/Gazebo World/my_world/rt_out/experiments/semantic_ablation_actor_200f/sionna_xml/frame_187_sionna.xml,30.0,0.0,0.0,2.4,0.497,-0.841,0.995,28000000000.0,18,5.708055805797585e-09,5.930293767164585e-08,5.3594881865848265e-08,6.881128342683951e-07,-61.62340341877539,-31.62340341877539,cir_coefficients_tau_mask,,"[1, 1, 1, 1, 18, 1]","[1, 1, 18]","[1, 1, 18]","[1, 1, 18]",,True,
187,48056,rx_cerberus_base,/home/telilab4090/Documents/Gazebo World/my_world/rt_out/experiments/semantic_ablation_actor_200f/sionna_xml/frame_187_sionna.xml,30.0,0.0,0.0,2.4,4.074,-1.779,0.81,28000000000.0,18,1.574846919538686e-08,5.723669715962387e-08,4.148822796423701e-08,3.621421384991663e-08,-74.41120938168608,-44.41120938168608,cir_coefficients_tau_mask,,"[1, 1, 1, 1, 18, 1]","[1, 1, 18]","[1, 1, 18]","[1, 1, 18]",,True,
187,48056,rx_nao_chest,/home/telilab4090/Documents/Gazebo World/my_world/rt_out/experiments/semantic_ablation_actor_200f/sionna_xml/frame_187_sionna.xml,30.0,0.0,0.0,2.4,-0.1337,2.748,0.7,28000000000.0,22,1.0787783999433032e-08,5.0425221331806824e-08,3.963743733237379e-08,7.247997757531266e-08,-71.39781949698234,-41.397819496982336,cir_coefficients_tau_mask,,"[1, 1, 1, 1, 22, 1]","[1, 1, 22]","[1, 1, 22]","[1, 1, 22]",,True,
187,48056,rx_human_chest,/home/telilab4090/Documents/Gazebo World/my_world/rt_out/experiments/semantic_ablation_actor_200f/sionna_xml/frame_187_sionna.xml,30.0,0.0,0.0,2.4,-1.4605,-0.8406,1.6421,28000000000.0,21,6.163341392806387e-09,6.431429255826515e-08,5.8150951165458764e-08,2.2401947319394822e-07,-66.49714228393097,-36.49714228393097,cir_coefficients_tau_mask,,"[1, 1, 1, 1, 21, 1]","[1, 1, 21]","[1, 1, 21]","[1, 1, 21]",,True,
187,48056,rx_x500_body,/home/telilab4090/Documents/Gazebo World/my_world/rt_out/experiments/semantic_ablation_actor_200f/sionna_xml/frame_187_sionna.xml,30.0,0.0,0.0,2.4,-3.9279,3.2024,1.3944,28000000000.0,23,1.7234324189985273e-08,7.465505547088469e-08,5.742073128089942e-08,3.372388945876992e-08,-74.72062342912375,-44.72062342912375,cir_coefficients_tau_mask,,"[1, 1, 1, 1, 23, 1]","[1, 1, 23]","[1, 1, 23]","[1, 1, 23]",,True,
188,48313,rx_panda_base,/home/telilab4090/Documents/Gazebo World/my_world/rt_out/experiments/semantic_ablation_actor_200f/sionna_xml/frame_188_sionna.xml,30.0,0.0,0.0,2.4,0.582,0.888,1.195,28000000000.0,25,7.579527228074312e-09,6.284866316264015e-08,5.526913593456584e-08,1.814251504583808e-08,-77.41302508079865,-47.41302508079865,cir_coefficients_tau_mask,,"[1, 1, 1, 1, 25, 1]","[1, 1, 25]","[1, 1, 25]","[1, 1, 25]",,True,
188,48313,rx_ur5_base,/home/telilab4090/Documents/Gazebo World/my_world/rt_out/experiments/semantic_ablation_actor_200f/sionna_xml/frame_188_sionna.xml,30.0,0.0,0.0,2.4,0.497,-0.841,0.995,28000000000.0,18,5.708055805797585e-09,5.930293767164585e-08,5.3594881865848265e-08,6.881128342683951e-07,-61.62340341877539,-31.62340341877539,cir_coefficients_tau_mask,,"[1, 1, 1, 1, 18, 1]","[1, 1, 18]","[1, 1, 18]","[1, 1, 18]",,True,
188,48313,rx_cerberus_base,/home/telilab4090/Documents/Gazebo World/my_world/rt_out/experiments/semantic_ablation_actor_200f/sionna_xml/frame_188_sionna.xml,30.0,0.0,0.0,2.4,4.074,-1.779,0.81,28000000000.0,18,1.574846919538686e-08,5.723669715962387e-08,4.148822796423701e-08,3.621421384991663e-08,-74.41120938168608,-44.41120938168608,cir_coefficients_tau_mask,,"[1, 1, 1, 1, 18, 1]","[1, 1, 18]","[1, 1, 18]","[1, 1, 18]",,True,
188,48313,rx_nao_chest,/home/telilab4090/Documents/Gazebo World/my_world/rt_out/experiments/semantic_ablation_actor_200f/sionna_xml/frame_188_sionna.xml,30.0,0.0,0.0,2.4,-0.1337,2.748,0.7,28000000000.0,22,1.0787783999433032e-08,5.0425221331806824e-08,3.963743733237379e-08,7.247997757531266e-08,-71.39781949698234,-41.397819496982336,cir_coefficients_tau_mask,,"[1, 1, 1, 1, 22, 1]","[1, 1, 22]","[1, 1, 22]","[1, 1, 22]",,True,
188,48313,rx_human_chest,/home/telilab4090/Documents/Gazebo World/my_world/rt_out/experiments/semantic_ablation_actor_200f/sionna_xml/frame_188_sionna.xml,30.0,0.0,0.0,2.4,-1.4605,-0.8406,1.6421,28000000000.0,21,6.163341392806387e-09,6.431429255826515e-08,5.8150951165458764e-08,2.240194589830935e-07,-66.49714255942916,-36.497142559429165,cir_coefficients_tau_mask,,"[1, 1, 1, 1, 21, 1]","[1, 1, 21]","[1, 1, 21]","[1, 1, 21]",,True,
188,48313,rx_x500_body,/home/telilab4090/Documents/Gazebo World/my_world/rt_out/experiments/semantic_ablation_actor_200f/sionna_xml/frame_188_sionna.xml,30.0,0.0,0.0,2.4,-3.9279,3.2024,1.3944,28000000000.0,23,1.7234324189985273e-08,7.465505547088469e-08,5.742073128089942e-08,3.3723893011483597e-08,-74.72062297160716,-44.720622971607156,cir_coefficients_tau_mask,,"[1, 1, 1, 1, 23, 1]","[1, 1, 23]","[1, 1, 23]","[1, 1, 23]",,True,
189,48570,rx_panda_base,/home/telilab4090/Documents/Gazebo World/my_world/rt_out/experiments/semantic_ablation_actor_200f/sionna_xml/frame_189_sionna.xml,30.0,0.0,0.0,2.4,0.582,0.888,1.195,28000000000.0,25,7.579527228074312e-09,6.284866316264015e-08,5.526913593456584e-08,1.814251504583808e-08,-77.41302508079865,-47.41302508079865,cir_coefficients_tau_mask,,"[1, 1, 1, 1, 25, 1]","[1, 1, 25]","[1, 1, 25]","[1, 1, 25]",,True,
189,48570,rx_ur5_base,/home/telilab4090/Documents/Gazebo World/my_world/rt_out/experiments/semantic_ablation_actor_200f/sionna_xml/frame_189_sionna.xml,30.0,0.0,0.0,2.4,0.497,-0.841,0.995,28000000000.0,18,5.708055805797585e-09,5.930293767164585e-08,5.3594881865848265e-08,6.881128342683951e-07,-61.62340341877539,-31.62340341877539,cir_coefficients_tau_mask,,"[1, 1, 1, 1, 18, 1]","[1, 1, 18]","[1, 1, 18]","[1, 1, 18]",,True,
189,48570,rx_cerberus_base,/home/telilab4090/Documents/Gazebo World/my_world/rt_out/experiments/semantic_ablation_actor_200f/sionna_xml/frame_189_sionna.xml,30.0,0.0,0.0,2.4,4.074,-1.779,0.81,28000000000.0,18,1.574846919538686e-08,5.723669715962387e-08,4.148822796423701e-08,3.621421740263031e-08,-74.4112089556313,-44.411208955631295,cir_coefficients_tau_mask,,"[1, 1, 1, 1, 18, 1]","[1, 1, 18]","[1, 1, 18]","[1, 1, 18]",,True,
189,48570,rx_nao_chest,/home/telilab4090/Documents/Gazebo World/my_world/rt_out/experiments/semantic_ablation_actor_200f/sionna_xml/frame_189_sionna.xml,30.0,0.0,0.0,2.4,-0.1337,2.748,0.7,28000000000.0,23,1.0787783999433032e-08,6.209720737615498e-08,5.130942337672195e-08,7.248616640254113e-08,-71.39744868301949,-41.39744868301949,cir_coefficients_tau_mask,,"[1, 1, 1, 1, 23, 1]","[1, 1, 23]","[1, 1, 23]","[1, 1, 23]",,True,
189,48570,rx_human_chest,/home/telilab4090/Documents/Gazebo World/my_world/rt_out/experiments/semantic_ablation_actor_200f/sionna_xml/frame_189_sionna.xml,30.0,0.0,0.0,2.4,-1.4605,-0.8406,1.6421,28000000000.0,21,6.163341392806387e-09,6.431429255826515e-08,5.8150951165458764e-08,2.240194589830935e-07,-66.49714255942916,-36.497142559429165,cir_coefficients_tau_mask,,"[1, 1, 1, 1, 21, 1]","[1, 1, 21]","[1, 1, 21]","[1, 1, 21]",,True,
189,48570,rx_x500_body,/home/telilab4090/Documents/Gazebo World/my_world/rt_out/experiments/semantic_ablation_actor_200f/sionna_xml/frame_189_sionna.xml,30.0,0.0,0.0,2.4,-3.9279,3.2024,1.3944,28000000000.0,23,1.7234324189985273e-08,7.465505547088469e-08,5.742073128089942e-08,3.3723893011483597e-08,-74.72062297160716,-44.720622971607156,cir_coefficients_tau_mask,,"[1, 1, 1, 1, 23, 1]","[1, 1, 23]","[1, 1, 23]","[1, 1, 23]",,True,
190,48827,rx_panda_base,/home/telilab4090/Documents/Gazebo World/my_world/rt_out/experiments/semantic_ablation_actor_200f/sionna_xml/frame_190_sionna.xml,30.0,0.0,0.0,2.4,0.582,0.888,1.195,28000000000.0,25,7.579527228074312e-09,6.284866316264015e-08,5.526913593456584e-08,1.814251504583808e-08,-77.41302508079865,-47.41302508079865,cir_coefficients_tau_mask,,"[1, 1, 1, 1, 25, 1]","[1, 1, 25]","[1, 1, 25]","[1, 1, 25]",,True,
190,48827,rx_ur5_base,/home/telilab4090/Documents/Gazebo World/my_world/rt_out/experiments/semantic_ablation_actor_200f/sionna_xml/frame_190_sionna.xml,30.0,0.0,0.0,2.4,0.497,-0.841,0.995,28000000000.0,18,5.708055805797585e-09,5.930293767164585e-08,5.3594881865848265e-08,6.881128342683951e-07,-61.62340341877539,-31.62340341877539,cir_coefficients_tau_mask,,"[1, 1, 1, 1, 18, 1]","[1, 1, 18]","[1, 1, 18]","[1, 1, 18]",,True,
190,48827,rx_cerberus_base,/home/telilab4090/Documents/Gazebo World/my_world/rt_out/experiments/semantic_ablation_actor_200f/sionna_xml/frame_190_sionna.xml,30.0,0.0,0.0,2.4,4.074,-1.779,0.81,28000000000.0,17,1.574846919538686e-08,5.478522524526852e-08,3.903675604988166e-08,3.617294197511001e-08,-74.41616168274675,-44.41616168274675,cir_coefficients_tau_mask,,"[1, 1, 1, 1, 17, 1]","[1, 1, 17]","[1, 1, 17]","[1, 1, 17]",,True,
190,48827,rx_nao_chest,/home/telilab4090/Documents/Gazebo World/my_world/rt_out/experiments/semantic_ablation_actor_200f/sionna_xml/frame_190_sionna.xml,30.0,0.0,0.0,2.4,-0.1337,2.748,0.7,28000000000.0,24,1.0787783999433032e-08,6.209720737615498e-08,5.130942337672195e-08,7.249248312746204e-08,-71.39707023849851,-41.397070238498515,cir_coefficients_tau_mask,,"[1, 1, 1, 1, 24, 1]","[1, 1, 24]","[1, 1, 24]","[1, 1, 24]",,True,
190,48827,rx_human_chest,/home/telilab4090/Documents/Gazebo World/my_world/rt_out/experiments/semantic_ablation_actor_200f/sionna_xml/frame_190_sionna.xml,30.0,0.0,0.0,2.4,-1.4605,-0.8406,1.6421,28000000000.0,21,6.163341392806387e-09,6.431429255826515e-08,5.8150951165458764e-08,2.2401947319394822e-07,-66.49714228393097,-36.49714228393097,cir_coefficients_tau_mask,,"[1, 1, 1, 1, 21, 1]","[1, 1, 21]","[1, 1, 21]","[1, 1, 21]",,True,
190,48827,rx_x500_body,/home/telilab4090/Documents/Gazebo World/my_world/rt_out/experiments/semantic_ablation_actor_200f/sionna_xml/frame_190_sionna.xml,30.0,0.0,0.0,2.4,-3.9279,3.2024,1.3944,28000000000.0,23,1.7234324189985273e-08,7.465505547088469e-08,5.742073128089942e-08,3.3723893011483597e-08,-74.72062297160716,-44.720622971607156,cir_coefficients_tau_mask,,"[1, 1, 1, 1, 23, 1]","[1, 1, 23]","[1, 1, 23]","[1, 1, 23]",,True,
191,49084,rx_panda_base,/home/telilab4090/Documents/Gazebo World/my_world/rt_out/experiments/semantic_ablation_actor_200f/sionna_xml/frame_191_sionna.xml,30.0,0.0,0.0,2.4,0.582,0.888,1.195,28000000000.0,25,7.579527228074312e-09,6.284866316264015e-08,5.526913593456584e-08,1.814251859855176e-08,-77.41302423035216,-47.413024230352164,cir_coefficients_tau_mask,,"[1, 1, 1, 1, 25, 1]","[1, 1, 25]","[1, 1, 25]","[1, 1, 25]",,True,
191,49084,rx_ur5_base,/home/telilab4090/Documents/Gazebo World/my_world/rt_out/experiments/semantic_ablation_actor_200f/sionna_xml/frame_191_sionna.xml,30.0,0.0,0.0,2.4,0.497,-0.841,0.995,28000000000.0,18,5.708055805797585e-09,5.930293767164585e-08,5.3594881865848265e-08,6.881128342683951e-07,-61.62340341877539,-31.62340341877539,cir_coefficients_tau_mask,,"[1, 1, 1, 1, 18, 1]","[1, 1, 18]","[1, 1, 18]","[1, 1, 18]",,True,
191,49084,rx_cerberus_base,/home/telilab4090/Documents/Gazebo World/my_world/rt_out/experiments/semantic_ablation_actor_200f/sionna_xml/frame_191_sionna.xml,30.0,0.0,0.0,2.4,4.074,-1.779,0.81,28000000000.0,18,1.574846919538686e-08,5.723669715962387e-08,4.148822796423701e-08,3.621421384991663e-08,-74.41120938168608,-44.41120938168608,cir_coefficients_tau_mask,,"[1, 1, 1, 1, 18, 1]","[1, 1, 18]","[1, 1, 18]","[1, 1, 18]",,True,
191,49084,rx_nao_chest,/home/telilab4090/Documents/Gazebo World/my_world/rt_out/experiments/semantic_ablation_actor_200f/sionna_xml/frame_191_sionna.xml,30.0,0.0,0.0,2.4,-0.1337,2.748,0.7,28000000000.0,24,1.0787783999433032e-08,6.209720737615498e-08,5.130942337672195e-08,7.249248312746204e-08,-71.39707023849851,-41.397070238498515,cir_coefficients_tau_mask,,"[1, 1, 1, 1, 24, 1]","[1, 1, 24]","[1, 1, 24]","[1, 1, 24]",,True,
191,49084,rx_human_chest,/home/telilab4090/Documents/Gazebo World/my_world/rt_out/experiments/semantic_ablation_actor_200f/sionna_xml/frame_191_sionna.xml,30.0,0.0,0.0,2.4,-1.4605,-0.8406,1.6421,28000000000.0,21,6.163341392806387e-09,6.431429255826515e-08,5.8150951165458764e-08,2.240194589830935e-07,-66.49714255942916,-36.497142559429165,cir_coefficients_tau_mask,,"[1, 1, 1, 1, 21, 1]","[1, 1, 21]","[1, 1, 21]","[1, 1, 21]",,True,
191,49084,rx_x500_body,/home/telilab4090/Documents/Gazebo World/my_world/rt_out/experiments/semantic_ablation_actor_200f/sionna_xml/frame_191_sionna.xml,30.0,0.0,0.0,2.4,-3.9279,3.2024,1.3944,28000000000.0,23,1.7234324189985273e-08,7.465505547088469e-08,5.742073128089942e-08,3.372388590605624e-08,-74.72062388664037,-44.72062388664037,cir_coefficients_tau_mask,,"[1, 1, 1, 1, 23, 1]","[1, 1, 23]","[1, 1, 23]","[1, 1, 23]",,True,
192,49341,rx_panda_base,/home/telilab4090/Documents/Gazebo World/my_world/rt_out/experiments/semantic_ablation_actor_200f/sionna_xml/frame_192_sionna.xml,30.0,0.0,0.0,2.4,0.582,0.888,1.195,28000000000.0,25,7.579527228074312e-09,6.284866316264015e-08,5.526913593456584e-08,1.814251859855176e-08,-77.41302423035216,-47.413024230352164,cir_coefficients_tau_mask,,"[1, 1, 1, 1, 25, 1]","[1, 1, 25]","[1, 1, 25]","[1, 1, 25]",,True,
192,49341,rx_ur5_base,/home/telilab4090/Documents/Gazebo World/my_world/rt_out/experiments/semantic_ablation_actor_200f/sionna_xml/frame_192_sionna.xml,30.0,0.0,0.0,2.4,0.497,-0.841,0.995,28000000000.0,18,5.708055805797585e-09,5.930293767164585e-08,5.3594881865848265e-08,6.881127774249762e-07,-61.62340377753609,-31.62340377753609,cir_coefficients_tau_mask,,"[1, 1, 1, 1, 18, 1]","[1, 1, 18]","[1, 1, 18]","[1, 1, 18]",,True,
192,49341,rx_cerberus_base,/home/telilab4090/Documents/Gazebo World/my_world/rt_out/experiments/semantic_ablation_actor_200f/sionna_xml/frame_192_sionna.xml,30.0,0.0,0.0,2.4,4.074,-1.779,0.81,28000000000.0,18,1.574846919538686e-08,5.723669715962387e-08,4.148822796423701e-08,3.621421740263031e-08,-74.4112089556313,-44.411208955631295,cir_coefficients_tau_mask,,"[1, 1, 1, 1, 18, 1]","[1, 1, 18]","[1, 1, 18]","[1, 1, 18]",,True,
192,49341,rx_nao_chest,/home/telilab4090/Documents/Gazebo World/my_world/rt_out/experiments/semantic_ablation_actor_200f/sionna_xml/frame_192_sionna.xml,30.0,0.0,0.0,2.4,-0.1337,2.748,0.7,28000000000.0,24,1.0787783999433032e-08,6.209720737615498e-08,5.130942337672195e-08,7.249248312746204e-08,-71.39707023849851,-41.397070238498515,cir_coefficients_tau_mask,,"[1, 1, 1, 1, 24, 1]","[1, 1, 24]","[1, 1, 24]","[1, 1, 24]",,True,
192,49341,rx_human_chest,/home/telilab4090/Documents/Gazebo World/my_world/rt_out/experiments/semantic_ablation_actor_200f/sionna_xml/frame_192_sionna.xml,30.0,0.0,0.0,2.4,-1.4605,-0.8406,1.6421,28000000000.0,21,6.163341392806387e-09,6.431429255826515e-08,5.8150951165458764e-08,2.2401944477223878e-07,-66.49714283492739,-36.49714283492739,cir_coefficients_tau_mask,,"[1, 1, 1, 1, 21, 1]","[1, 1, 21]","[1, 1, 21]","[1, 1, 21]",,True,
192,49341,rx_x500_body,/home/telilab4090/Documents/Gazebo World/my_world/rt_out/experiments/semantic_ablation_actor_200f/sionna_xml/frame_192_sionna.xml,30.0,0.0,0.0,2.4,-3.9279,3.2024,1.3944,28000000000.0,23,1.7234324189985273e-08,7.465505547088469e-08,5.742073128089942e-08,3.372388945876992e-08,-74.72062342912375,-44.72062342912375,cir_coefficients_tau_mask,,"[1, 1, 1, 1, 23, 1]","[1, 1, 23]","[1, 1, 23]","[1, 1, 23]",,True,
193,49598,rx_panda_base,/home/telilab4090/Documents/Gazebo World/my_world/rt_out/experiments/semantic_ablation_actor_200f/sionna_xml/frame_193_sionna.xml,30.0,0.0,0.0,2.4,0.582,0.888,1.195,28000000000.0,28,7.579527228074312e-09,5.897902966012225e-08,5.139950243204794e-08,1.8210307928256952e-08,-77.39682710415286,-47.39682710415286,cir_coefficients_tau_mask,,"[1, 1, 1, 1, 28, 1]","[1, 1, 28]","[1, 1, 28]","[1, 1, 28]",,True,
193,49598,rx_ur5_base,/home/telilab4090/Documents/Gazebo World/my_world/rt_out/experiments/semantic_ablation_actor_200f/sionna_xml/frame_193_sionna.xml,30.0,0.0,0.0,2.4,0.497,-0.841,0.995,28000000000.0,18,5.708055805797585e-09,5.930293767164585e-08,5.3594881865848265e-08,6.881128342683951e-07,-61.62340341877539,-31.62340341877539,cir_coefficients_tau_mask,,"[1, 1, 1, 1, 18, 1]","[1, 1, 18]","[1, 1, 18]","[1, 1, 18]",,True,
193,49598,rx_cerberus_base,/home/telilab4090/Documents/Gazebo World/my_world/rt_out/experiments/semantic_ablation_actor_200f/sionna_xml/frame_193_sionna.xml,30.0,0.0,0.0,2.4,4.074,-1.779,0.81,28000000000.0,18,1.574846919538686e-08,5.723669715962387e-08,4.148822796423701e-08,3.621421740263031e-08,-74.4112089556313,-44.411208955631295,cir_coefficients_tau_mask,,"[1, 1, 1, 1, 18, 1]","[1, 1, 18]","[1, 1, 18]","[1, 1, 18]",,True,
193,49598,rx_nao_chest,/home/telilab4090/Documents/Gazebo World/my_world/rt_out/experiments/semantic_ablation_actor_200f/sionna_xml/frame_193_sionna.xml,30.0,0.0,0.0,2.4,-0.1337,2.748,0.7,28000000000.0,24,1.0787783999433032e-08,6.209720737615498e-08,5.130942337672195e-08,7.249248312746204e-08,-71.39707023849851,-41.397070238498515,cir_coefficients_tau_mask,,"[1, 1, 1, 1, 24, 1]","[1, 1, 24]","[1, 1, 24]","[1, 1, 24]",,True,
193,49598,rx_human_chest,/home/telilab4090/Documents/Gazebo World/my_world/rt_out/experiments/semantic_ablation_actor_200f/sionna_xml/frame_193_sionna.xml,30.0,0.0,0.0,2.4,-1.4605,-0.8406,1.6421,28000000000.0,21,6.163341392806387e-09,6.431429255826515e-08,5.8150951165458764e-08,2.240194589830935e-07,-66.49714255942916,-36.497142559429165,cir_coefficients_tau_mask,,"[1, 1, 1, 1, 21, 1]","[1, 1, 21]","[1, 1, 21]","[1, 1, 21]",,True,
193,49598,rx_x500_body,/home/telilab4090/Documents/Gazebo World/my_world/rt_out/experiments/semantic_ablation_actor_200f/sionna_xml/frame_193_sionna.xml,30.0,0.0,0.0,2.4,-3.9279,3.2024,1.3944,28000000000.0,23,1.7234324189985273e-08,7.465505547088469e-08,5.742073128089942e-08,3.372388590605624e-08,-74.72062388664037,-44.72062388664037,cir_coefficients_tau_mask,,"[1, 1, 1, 1, 23, 1]","[1, 1, 23]","[1, 1, 23]","[1, 1, 23]",,True,
194,49855,rx_panda_base,/home/telilab4090/Documents/Gazebo World/my_world/rt_out/experiments/semantic_ablation_actor_200f/sionna_xml/frame_194_sionna.xml,30.0,0.0,0.0,2.4,0.582,0.888,1.195,28000000000.0,31,7.579527228074312e-09,6.284866316264015e-08,5.526913593456584e-08,2.3641270274765702e-08,-76.26329191982832,-46.26329191982832,cir_coefficients_tau_mask,,"[1, 1, 1, 1, 31, 1]","[1, 1, 31]","[1, 1, 31]","[1, 1, 31]",,True,
194,49855,rx_ur5_base,/home/telilab4090/Documents/Gazebo World/my_world/rt_out/experiments/semantic_ablation_actor_200f/sionna_xml/frame_194_sionna.xml,30.0,0.0,0.0,2.4,0.497,-0.841,0.995,28000000000.0,18,5.708055805797585e-09,5.930293767164585e-08,5.3594881865848265e-08,6.881127774249762e-07,-61.62340377753609,-31.62340377753609,cir_coefficients_tau_mask,,"[1, 1, 1, 1, 18, 1]","[1, 1, 18]","[1, 1, 18]","[1, 1, 18]",,True,
194,49855,rx_cerberus_base,/home/telilab4090/Documents/Gazebo World/my_world/rt_out/experiments/semantic_ablation_actor_200f/sionna_xml/frame_194_sionna.xml,30.0,0.0,0.0,2.4,4.074,-1.779,0.81,28000000000.0,18,1.574846919538686e-08,5.723669715962387e-08,4.148822796423701e-08,3.621421384991663e-08,-74.41120938168608,-44.41120938168608,cir_coefficients_tau_mask,,"[1, 1, 1, 1, 18, 1]","[1, 1, 18]","[1, 1, 18]","[1, 1, 18]",,True,
194,49855,rx_nao_chest,/home/telilab4090/Documents/Gazebo World/my_world/rt_out/experiments/semantic_ablation_actor_200f/sionna_xml/frame_194_sionna.xml,30.0,0.0,0.0,2.4,-0.1337,2.748,0.7,28000000000.0,24,1.0787783999433032e-08,6.209720737615498e-08,5.130942337672195e-08,7.249248312746204e-08,-71.39707023849851,-41.397070238498515,cir_coefficients_tau_mask,,"[1, 1, 1, 1, 24, 1]","[1, 1, 24]","[1, 1, 24]","[1, 1, 24]",,True,
194,49855,rx_human_chest,/home/telilab4090/Documents/Gazebo World/my_world/rt_out/experiments/semantic_ablation_actor_200f/sionna_xml/frame_194_sionna.xml,30.0,0.0,0.0,2.4,-1.4605,-0.8406,1.6421,28000000000.0,21,6.163341392806387e-09,6.431429255826515e-08,5.8150951165458764e-08,2.2401947319394822e-07,-66.49714228393097,-36.49714228393097,cir_coefficients_tau_mask,,"[1, 1, 1, 1, 21, 1]","[1, 1, 21]","[1, 1, 21]","[1, 1, 21]",,True,
194,49855,rx_x500_body,/home/telilab4090/Documents/Gazebo World/my_world/rt_out/experiments/semantic_ablation_actor_200f/sionna_xml/frame_194_sionna.xml,30.0,0.0,0.0,2.4,-3.9279,3.2024,1.3944,28000000000.0,23,1.7234324189985273e-08,7.465505547088469e-08,5.742073128089942e-08,3.372388945876992e-08,-74.72062342912375,-44.72062342912375,cir_coefficients_tau_mask,,"[1, 1, 1, 1, 23, 1]","[1, 1, 23]","[1, 1, 23]","[1, 1, 23]",,True,
195,50112,rx_panda_base,/home/telilab4090/Documents/Gazebo World/my_world/rt_out/experiments/semantic_ablation_actor_200f/sionna_xml/frame_195_sionna.xml,30.0,0.0,0.0,2.4,0.582,0.888,1.195,28000000000.0,30,7.579527228074312e-09,6.284866316264015e-08,5.526913593456584e-08,2.3598287768322734e-08,-76.27119507188615,-46.271195071886154,cir_coefficients_tau_mask,,"[1, 1, 1, 1, 30, 1]","[1, 1, 30]","[1, 1, 30]","[1, 1, 30]",,True,
195,50112,rx_ur5_base,/home/telilab4090/Documents/Gazebo World/my_world/rt_out/experiments/semantic_ablation_actor_200f/sionna_xml/frame_195_sionna.xml,30.0,0.0,0.0,2.4,0.497,-0.841,0.995,28000000000.0,18,5.708055805797585e-09,5.930293767164585e-08,5.3594881865848265e-08,6.881128342683951e-07,-61.62340341877539,-31.62340341877539,cir_coefficients_tau_mask,,"[1, 1, 1, 1, 18, 1]","[1, 1, 18]","[1, 1, 18]","[1, 1, 18]",,True,
195,50112,rx_cerberus_base,/home/telilab4090/Documents/Gazebo World/my_world/rt_out/experiments/semantic_ablation_actor_200f/sionna_xml/frame_195_sionna.xml,30.0,0.0,0.0,2.4,4.074,-1.779,0.81,28000000000.0,18,1.574846919538686e-08,5.723669715962387e-08,4.148822796423701e-08,3.621421740263031e-08,-74.4112089556313,-44.411208955631295,cir_coefficients_tau_mask,,"[1, 1, 1, 1, 18, 1]","[1, 1, 18]","[1, 1, 18]","[1, 1, 18]",,True,
195,50112,rx_nao_chest,/home/telilab4090/Documents/Gazebo World/my_world/rt_out/experiments/semantic_ablation_actor_200f/sionna_xml/frame_195_sionna.xml,30.0,0.0,0.0,2.4,-0.1337,2.748,0.7,28000000000.0,24,1.0787783999433032e-08,6.209720737615498e-08,5.130942337672195e-08,7.24924902328894e-08,-71.3970698128202,-41.397069812820206,cir_coefficients_tau_mask,,"[1, 1, 1, 1, 24, 1]","[1, 1, 24]","[1, 1, 24]","[1, 1, 24]",,True,
195,50112,rx_human_chest,/home/telilab4090/Documents/Gazebo World/my_world/rt_out/experiments/semantic_ablation_actor_200f/sionna_xml/frame_195_sionna.xml,30.0,0.0,0.0,2.4,-1.4605,-0.8406,1.6421,28000000000.0,21,6.163341392806387e-09,6.431429255826515e-08,5.8150951165458764e-08,2.240194589830935e-07,-66.49714255942916,-36.497142559429165,cir_coefficients_tau_mask,,"[1, 1, 1, 1, 21, 1]","[1, 1, 21]","[1, 1, 21]","[1, 1, 21]",,True,
195,50112,rx_x500_body,/home/telilab4090/Documents/Gazebo World/my_world/rt_out/experiments/semantic_ablation_actor_200f/sionna_xml/frame_195_sionna.xml,30.0,0.0,0.0,2.4,-3.9279,3.2024,1.3944,28000000000.0,23,1.7234324189985273e-08,7.465505547088469e-08,5.742073128089942e-08,3.372388945876992e-08,-74.72062342912375,-44.72062342912375,cir_coefficients_tau_mask,,"[1, 1, 1, 1, 23, 1]","[1, 1, 23]","[1, 1, 23]","[1, 1, 23]",,True,
196,50369,rx_panda_base,/home/telilab4090/Documents/Gazebo World/my_world/rt_out/experiments/semantic_ablation_actor_200f/sionna_xml/frame_196_sionna.xml,30.0,0.0,0.0,2.4,0.582,0.888,1.195,28000000000.0,31,7.579527228074312e-09,6.284866316264015e-08,5.526913593456584e-08,2.3641268498408863e-08,-76.26329224614835,-46.26329224614835,cir_coefficients_tau_mask,,"[1, 1, 1, 1, 31, 1]","[1, 1, 31]","[1, 1, 31]","[1, 1, 31]",,True,
196,50369,rx_ur5_base,/home/telilab4090/Documents/Gazebo World/my_world/rt_out/experiments/semantic_ablation_actor_200f/sionna_xml/frame_196_sionna.xml,30.0,0.0,0.0,2.4,0.497,-0.841,0.995,28000000000.0,18,5.708055805797585e-09,5.930293767164585e-08,5.3594881865848265e-08,6.881128342683951e-07,-61.62340341877539,-31.62340341877539,cir_coefficients_tau_mask,,"[1, 1, 1, 1, 18, 1]","[1, 1, 18]","[1, 1, 18]","[1, 1, 18]",,True,
196,50369,rx_cerberus_base,/home/telilab4090/Documents/Gazebo World/my_world/rt_out/experiments/semantic_ablation_actor_200f/sionna_xml/frame_196_sionna.xml,30.0,0.0,0.0,2.4,4.074,-1.779,0.81,28000000000.0,18,1.574846919538686e-08,5.723669715962387e-08,4.148822796423701e-08,3.621421384991663e-08,-74.41120938168608,-44.41120938168608,cir_coefficients_tau_mask,,"[1, 1, 1, 1, 18, 1]","[1, 1, 18]","[1, 1, 18]","[1, 1, 18]",,True,
196,50369,rx_nao_chest,/home/telilab4090/Documents/Gazebo World/my_world/rt_out/experiments/semantic_ablation_actor_200f/sionna_xml/frame_196_sionna.xml,30.0,0.0,0.0,2.4,-0.1337,2.748,0.7,28000000000.0,24,1.0787783999433032e-08,6.209720737615498e-08,5.130942337672195e-08,7.249248312746204e-08,-71.39707023849851,-41.397070238498515,cir_coefficients_tau_mask,,"[1, 1, 1, 1, 24, 1]","[1, 1, 24]","[1, 1, 24]","[1, 1, 24]",,True,
196,50369,rx_human_chest,/home/telilab4090/Documents/Gazebo World/my_world/rt_out/experiments/semantic_ablation_actor_200f/sionna_xml/frame_196_sionna.xml,30.0,0.0,0.0,2.4,-1.4605,-0.8406,1.6421,28000000000.0,21,6.163341392806387e-09,6.431429255826515e-08,5.8150951165458764e-08,2.240194589830935e-07,-66.49714255942916,-36.497142559429165,cir_coefficients_tau_mask,,"[1, 1, 1, 1, 21, 1]","[1, 1, 21]","[1, 1, 21]","[1, 1, 21]",,True,
196,50369,rx_x500_body,/home/telilab4090/Documents/Gazebo World/my_world/rt_out/experiments/semantic_ablation_actor_200f/sionna_xml/frame_196_sionna.xml,30.0,0.0,0.0,2.4,-3.9279,3.2024,1.3944,28000000000.0,23,1.7234324189985273e-08,7.465505547088469e-08,5.742073128089942e-08,3.3723893011483597e-08,-74.72062297160716,-44.720622971607156,cir_coefficients_tau_mask,,"[1, 1, 1, 1, 23, 1]","[1, 1, 23]","[1, 1, 23]","[1, 1, 23]",,True,
197,50626,rx_panda_base,/home/telilab4090/Documents/Gazebo World/my_world/rt_out/experiments/semantic_ablation_actor_200f/sionna_xml/frame_197_sionna.xml,30.0,0.0,0.0,2.4,0.582,0.888,1.195,28000000000.0,26,7.579527228074312e-09,6.284866316264015e-08,5.526913593456584e-08,2.3566474993685915e-08,-76.27705373151464,-46.27705373151464,cir_coefficients_tau_mask,,"[1, 1, 1, 1, 26, 1]","[1, 1, 26]","[1, 1, 26]","[1, 1, 26]",,True,
197,50626,rx_ur5_base,/home/telilab4090/Documents/Gazebo World/my_world/rt_out/experiments/semantic_ablation_actor_200f/sionna_xml/frame_197_sionna.xml,30.0,0.0,0.0,2.4,0.497,-0.841,0.995,28000000000.0,18,5.708055805797585e-09,5.930293767164585e-08,5.3594881865848265e-08,6.881128342683951e-07,-61.62340341877539,-31.62340341877539,cir_coefficients_tau_mask,,"[1, 1, 1, 1, 18, 1]","[1, 1, 18]","[1, 1, 18]","[1, 1, 18]",,True,
197,50626,rx_cerberus_base,/home/telilab4090/Documents/Gazebo World/my_world/rt_out/experiments/semantic_ablation_actor_200f/sionna_xml/frame_197_sionna.xml,30.0,0.0,0.0,2.4,4.074,-1.779,0.81,28000000000.0,18,1.574846919538686e-08,5.723669715962387e-08,4.148822796423701e-08,3.621421384991663e-08,-74.41120938168608,-44.41120938168608,cir_coefficients_tau_mask,,"[1, 1, 1, 1, 18, 1]","[1, 1, 18]","[1, 1, 18]","[1, 1, 18]",,True,
197,50626,rx_nao_chest,/home/telilab4090/Documents/Gazebo World/my_world/rt_out/experiments/semantic_ablation_actor_200f/sionna_xml/frame_197_sionna.xml,30.0,0.0,0.0,2.4,-0.1337,2.748,0.7,28000000000.0,24,1.0787783999433032e-08,6.209720737615498e-08,5.130942337672195e-08,7.24924902328894e-08,-71.3970698128202,-41.397069812820206,cir_coefficients_tau_mask,,"[1, 1, 1, 1, 24, 1]","[1, 1, 24]","[1, 1, 24]","[1, 1, 24]",,True,
197,50626,rx_human_chest,/home/telilab4090/Documents/Gazebo World/my_world/rt_out/experiments/semantic_ablation_actor_200f/sionna_xml/frame_197_sionna.xml,30.0,0.0,0.0,2.4,-1.4605,-0.8406,1.6421,28000000000.0,20,6.163341392806387e-09,6.431429255826515e-08,5.8150951165458764e-08,2.2396396559543064e-07,-66.49821851317411,-36.49821851317411,cir_coefficients_tau_mask,,"[1, 1, 1, 1, 20, 1]","[1, 1, 20]","[1, 1, 20]","[1, 1, 20]",,True,
197,50626,rx_x500_body,/home/telilab4090/Documents/Gazebo World/my_world/rt_out/experiments/semantic_ablation_actor_200f/sionna_xml/frame_197_sionna.xml,30.0,0.0,0.0,2.4,-3.9279,3.2024,1.3944,28000000000.0,23,1.7234324189985273e-08,7.465505547088469e-08,5.742073128089942e-08,3.3723893011483597e-08,-74.72062297160716,-44.720622971607156,cir_coefficients_tau_mask,,"[1, 1, 1, 1, 23, 1]","[1, 1, 23]","[1, 1, 23]","[1, 1, 23]",,True,
198,50883,rx_panda_base,/home/telilab4090/Documents/Gazebo World/my_world/rt_out/experiments/semantic_ablation_actor_200f/sionna_xml/frame_198_sionna.xml,30.0,0.0,0.0,2.4,0.582,0.888,1.195,28000000000.0,27,7.579527228074312e-09,6.284866316264015e-08,5.526913593456584e-08,2.3569297624703722e-08,-76.27653359446846,-46.27653359446846,cir_coefficients_tau_mask,,"[1, 1, 1, 1, 27, 1]","[1, 1, 27]","[1, 1, 27]","[1, 1, 27]",,True,
198,50883,rx_ur5_base,/home/telilab4090/Documents/Gazebo World/my_world/rt_out/experiments/semantic_ablation_actor_200f/sionna_xml/frame_198_sionna.xml,30.0,0.0,0.0,2.4,0.497,-0.841,0.995,28000000000.0,18,5.708055805797585e-09,5.930293767164585e-08,5.3594881865848265e-08,6.881128342683951e-07,-61.62340341877539,-31.62340341877539,cir_coefficients_tau_mask,,"[1, 1, 1, 1, 18, 1]","[1, 1, 18]","[1, 1, 18]","[1, 1, 18]",,True,
198,50883,rx_cerberus_base,/home/telilab4090/Documents/Gazebo World/my_world/rt_out/experiments/semantic_ablation_actor_200f/sionna_xml/frame_198_sionna.xml,30.0,0.0,0.0,2.4,4.074,-1.779,0.81,28000000000.0,19,1.574846919538686e-08,5.723669715962387e-08,4.148822796423701e-08,3.624514377520427e-08,-74.40750173173326,-44.40750173173326,cir_coefficients_tau_mask,,"[1, 1, 1, 1, 19, 1]","[1, 1, 19]","[1, 1, 19]","[1, 1, 19]",,True,
198,50883,rx_nao_chest,/home/telilab4090/Documents/Gazebo World/my_world/rt_out/experiments/semantic_ablation_actor_200f/sionna_xml/frame_198_sionna.xml,30.0,0.0,0.0,2.4,-0.1337,2.748,0.7,28000000000.0,24,1.0787783999433032e-08,6.209720737615498e-08,5.130942337672195e-08,7.249248312746204e-08,-71.39707023849851,-41.397070238498515,cir_coefficients_tau_mask,,"[1, 1, 1, 1, 24, 1]","[1, 1, 24]","[1, 1, 24]","[1, 1, 24]",,True,
198,50883,rx_human_chest,/home/telilab4090/Documents/Gazebo World/my_world/rt_out/experiments/semantic_ablation_actor_200f/sionna_xml/frame_198_sionna.xml,30.0,0.0,0.0,2.4,-1.4605,-0.8406,1.6421,28000000000.0,21,6.163341392806387e-09,6.431429255826515e-08,5.8150951165458764e-08,2.2401947319394822e-07,-66.49714228393097,-36.49714228393097,cir_coefficients_tau_mask,,"[1, 1, 1, 1, 21, 1]","[1, 1, 21]","[1, 1, 21]","[1, 1, 21]",,True,
198,50883,rx_x500_body,/home/telilab4090/Documents/Gazebo World/my_world/rt_out/experiments/semantic_ablation_actor_200f/sionna_xml/frame_198_sionna.xml,30.0,0.0,0.0,2.4,-3.9279,3.2024,1.3944,28000000000.0,23,1.7234324189985273e-08,7.465505547088469e-08,5.742073128089942e-08,3.372388945876992e-08,-74.72062342912375,-44.72062342912375,cir_coefficients_tau_mask,,"[1, 1, 1, 1, 23, 1]","[1, 1, 23]","[1, 1, 23]","[1, 1, 23]",,True,
199,51140,rx_panda_base,/home/telilab4090/Documents/Gazebo World/my_world/rt_out/experiments/semantic_ablation_actor_200f/sionna_xml/frame_199_sionna.xml,30.0,0.0,0.0,2.4,0.582,0.888,1.195,28000000000.0,27,7.579527228074312e-09,6.284866316264015e-08,5.526913593456584e-08,2.3569297624703722e-08,-76.27653359446846,-46.27653359446846,cir_coefficients_tau_mask,,"[1, 1, 1, 1, 27, 1]","[1, 1, 27]","[1, 1, 27]","[1, 1, 27]",,True,
199,51140,rx_ur5_base,/home/telilab4090/Documents/Gazebo World/my_world/rt_out/experiments/semantic_ablation_actor_200f/sionna_xml/frame_199_sionna.xml,30.0,0.0,0.0,2.4,0.497,-0.841,0.995,28000000000.0,18,5.708055805797585e-09,5.930293767164585e-08,5.3594881865848265e-08,6.881128342683951e-07,-61.62340341877539,-31.62340341877539,cir_coefficients_tau_mask,,"[1, 1, 1, 1, 18, 1]","[1, 1, 18]","[1, 1, 18]","[1, 1, 18]",,True,
199,51140,rx_cerberus_base,/home/telilab4090/Documents/Gazebo World/my_world/rt_out/experiments/semantic_ablation_actor_200f/sionna_xml/frame_199_sionna.xml,30.0,0.0,0.0,2.4,4.074,-1.779,0.81,28000000000.0,18,1.574846919538686e-08,5.723669715962387e-08,4.148822796423701e-08,3.621421740263031e-08,-74.4112089556313,-44.411208955631295,cir_coefficients_tau_mask,,"[1, 1, 1, 1, 18, 1]","[1, 1, 18]","[1, 1, 18]","[1, 1, 18]",,True,
199,51140,rx_nao_chest,/home/telilab4090/Documents/Gazebo World/my_world/rt_out/experiments/semantic_ablation_actor_200f/sionna_xml/frame_199_sionna.xml,30.0,0.0,0.0,2.4,-0.1337,2.748,0.7,28000000000.0,24,1.0787783999433032e-08,6.209720737615498e-08,5.130942337672195e-08,7.249248312746204e-08,-71.39707023849851,-41.397070238498515,cir_coefficients_tau_mask,,"[1, 1, 1, 1, 24, 1]","[1, 1, 24]","[1, 1, 24]","[1, 1, 24]",,True,
199,51140,rx_human_chest,/home/telilab4090/Documents/Gazebo World/my_world/rt_out/experiments/semantic_ablation_actor_200f/sionna_xml/frame_199_sionna.xml,30.0,0.0,0.0,2.4,-1.4605,-0.8406,1.6421,28000000000.0,21,6.163341392806387e-09,6.431429255826515e-08,5.8150951165458764e-08,2.2401947319394822e-07,-66.49714228393097,-36.49714228393097,cir_coefficients_tau_mask,,"[1, 1, 1, 1, 21, 1]","[1, 1, 21]","[1, 1, 21]","[1, 1, 21]",,True,
199,51140,rx_x500_body,/home/telilab4090/Documents/Gazebo World/my_world/rt_out/experiments/semantic_ablation_actor_200f/sionna_xml/frame_199_sionna.xml,30.0,0.0,0.0,2.4,-3.9279,3.2024,1.3944,28000000000.0,23,1.7234324189985273e-08,7.465505547088469e-08,5.742073128089942e-08,3.3723893011483597e-08,-74.72062297160716,-44.720622971607156,cir_coefficients_tau_mask,,"[1, 1, 1, 1, 23, 1]","[1, 1, 23]","[1, 1, 23]","[1, 1, 23]",,True,
