frame_id,source_sample_index,rx_id,xml_path,tx_power_dbm,tx_x,tx_y,tx_z,rx_x,rx_y,rx_z,frequency_hz,num_paths,tau_min,tau_max,delay_spread,path_gain_sum,path_gain_db,rx_power_dbm,gain_method,gain_error,a_shape,tau_cir_shape,valid_shape,tau_shape,gain_debug,sanity_ok,error_message,prev_num_paths,prev_delay_spread,prev_rx_power_dbm,delta_num_paths,delta_delay_spread,delta_rx_power_db,y_path_change,y_path_drop,y_rx_power_drop_0p5db,y_rx_power_drop_1db,y_rx_power_drop_2db,y_delay_spread_increase,y_adaptation_trigger_1db,y_adaptation_trigger_2db,raw_tx_rx_distance,raw_vertex_count_near_link_0p25m,raw_vertex_count_near_link_0p50m,raw_vertex_count_near_link_1p00m,raw_min_vertex_dist_to_link,raw_mean_vertex_dist_to_link_k20,raw_mean_vertex_dist_to_link_k50,raw_vertex_count_near_rx_0p50m,raw_vertex_count_near_tx_0p50m,raw_link_corridor_occupancy_ratio_0p50m
1,257,rx_cerberus_base,/home/telilab4090/Documents/Gazebo World/my_world/rt_out/experiments/semantic_ablation_rigid_200f/sionna_xml/frame_001_sionna.xml,30.0,0.0,0.0,2.4,4.074,-1.779,0.81,28000000000.0,18,1.574846919538686e-08,5.723669715962387e-08,4.148822796423701e-08,3.621421384991663e-08,-74.41120938168608,-44.41120938168608,cir_coefficients_tau_mask,,"[1, 1, 1, 1, 18, 1]","[1, 1, 18]","[1, 1, 18]","[1, 1, 18]",,True,,18,4.148822796423701e-08,-44.411208955631295,0,0.0,-4.2605478256518836e-07,0,0,0,0,0,0,0,0,4.721272815671638,425,2929,6083,0.13298783176984602,0.18112213253149903,0.19026084780173524,2627,0,0.14645
2,514,rx_cerberus_base,/home/telilab4090/Documents/Gazebo World/my_world/rt_out/experiments/semantic_ablation_rigid_200f/sionna_xml/frame_002_sionna.xml,30.0,0.0,0.0,2.4,4.074,-1.779,0.81,28000000000.0,18,1.574846919538686e-08,5.723669715962387e-08,4.148822796423701e-08,3.621421384991663e-08,-74.41120938168608,-44.41120938168608,cir_coefficients_tau_mask,,"[1, 1, 1, 1, 18, 1]","[1, 1, 18]","[1, 1, 18]","[1, 1, 18]",,True,,18,4.148822796423701e-08,-44.41120938168608,0,0.0,0.0,0,0,0,0,0,0,0,0,4.721272815671638,436,3121,6184,0.13202671693980725,0.1864706376761867,0.19238554660195298,2794,0,0.15605
3,771,rx_cerberus_base,/home/telilab4090/Documents/Gazebo World/my_world/rt_out/experiments/semantic_ablation_rigid_200f/sionna_xml/frame_003_sionna.xml,30.0,0.0,0.0,2.4,4.074,-1.779,0.81,28000000000.0,18,1.574846919538686e-08,5.723669715962387e-08,4.148822796423701e-08,3.621421384991663e-08,-74.41120938168608,-44.41120938168608,cir_coefficients_tau_mask,,"[1, 1, 1, 1, 18, 1]","[1, 1, 18]","[1, 1, 18]","[1, 1, 18]",,True,,18,4.148822796423701e-08,-44.41120938168608,0,0.0,0.0,0,0,0,0,0,0,0,0,4.721272815671638,379,3011,5806,0.13105815739639995,0.1839557163971593,0.19240019530295924,2724,0,0.15055
4,1028,rx_cerberus_base,/home/telilab4090/Documents/Gazebo World/my_world/rt_out/experiments/semantic_ablation_rigid_200f/sionna_xml/frame_004_sionna.xml,30.0,0.0,0.0,2.4,4.074,-1.779,0.81,28000000000.0,18,1.574846919538686e-08,5.723669715962387e-08,4.148822796423701e-08,3.621421384991663e-08,-74.41120938168608,-44.41120938168608,cir_coefficients_tau_mask,,"[1, 1, 1, 1, 18, 1]","[1, 1, 18]","[1, 1, 18]","[1, 1, 18]",,True,,18,4.148822796423701e-08,-44.41120938168608,0,0.0,0.0,0,0,0,0,0,0,0,0,4.721272815671638,409,3011,5662,0.13202671693980725,0.17754135300064927,0.1892341638869612,2720,0,0.15055
5,1285,rx_cerberus_base,/home/telilab4090/Documents/Gazebo World/my_world/rt_out/experiments/semantic_ablation_rigid_200f/sionna_xml/frame_005_sionna.xml,30.0,0.0,0.0,2.4,4.074,-1.779,0.81,28000000000.0,18,1.574846919538686e-08,5.723669715962387e-08,4.148822796423701e-08,3.6214210297202953e-08,-74.41120980774089,-44.41120980774089,cir_coefficients_tau_mask,,"[1, 1, 1, 1, 18, 1]","[1, 1, 18]","[1, 1, 18]","[1, 1, 18]",,True,,18,4.148822796423701e-08,-44.41120938168608,0,0.0,-4.260548109868978e-07,0,0,0,0,0,0,0,0,4.721272815671638,406,2715,5559,0.1392095191478942,0.1871585620445449,0.1933528611885035,2603,0,0.13575
6,1542,rx_cerberus_base,/home/telilab4090/Documents/Gazebo World/my_world/rt_out/experiments/semantic_ablation_rigid_200f/sionna_xml/frame_006_sionna.xml,30.0,0.0,0.0,2.4,4.074,-1.779,0.81,28000000000.0,18,1.574846919538686e-08,5.723669715962387e-08,4.148822796423701e-08,3.621421384991663e-08,-74.41120938168608,-44.41120938168608,cir_coefficients_tau_mask,,"[1, 1, 1, 1, 18, 1]","[1, 1, 18]","[1, 1, 18]","[1, 1, 18]",,True,,18,4.148822796423701e-08,-44.41120980774089,0,0.0,4.260548109868978e-07,0,0,0,0,0,0,0,0,4.721272815671638,451,2815,5805,0.1315489734795868,0.18431486322741683,0.19197224560438364,2700,0,0.14075
7,1799,rx_cerberus_base,/home/telilab4090/Documents/Gazebo World/my_world/rt_out/experiments/semantic_ablation_rigid_200f/sionna_xml/frame_007_sionna.xml,30.0,0.0,0.0,2.4,4.074,-1.779,0.81,28000000000.0,18,1.574846919538686e-08,5.723669715962387e-08,4.148822796423701e-08,3.621421384991663e-08,-74.41120938168608,-44.41120938168608,cir_coefficients_tau_mask,,"[1, 1, 1, 1, 18, 1]","[1, 1, 18]","[1, 1, 18]","[1, 1, 18]",,True,,18,4.148822796423701e-08,-44.41120938168608,0,0.0,0.0,0,0,0,0,0,0,0,0,4.721272815671638,413,2863,6003,0.13118346737502096,0.18059397778517533,0.19053389374815846,2753,0,0.14315
8,2056,rx_cerberus_base,/home/telilab4090/Documents/Gazebo World/my_world/rt_out/experiments/semantic_ablation_rigid_200f/sionna_xml/frame_008_sionna.xml,30.0,0.0,0.0,2.4,4.074,-1.779,0.81,28000000000.0,18,1.574846919538686e-08,5.723669715962387e-08,4.148822796423701e-08,3.621421384991663e-08,-74.41120938168608,-44.41120938168608,cir_coefficients_tau_mask,,"[1, 1, 1, 1, 18, 1]","[1, 1, 18]","[1, 1, 18]","[1, 1, 18]",,True,,18,4.148822796423701e-08,-44.41120938168608,0,0.0,0.0,0,0,0,0,0,0,0,0,4.721272815671638,432,2661,5920,0.13300034556577112,0.18202728063582568,0.1912293327374006,2647,0,0.13305
9,2313,rx_cerberus_base,/home/telilab4090/Documents/Gazebo World/my_world/rt_out/experiments/semantic_ablation_rigid_200f/sionna_xml/frame_009_sionna.xml,30.0,0.0,0.0,2.4,4.074,-1.779,0.81,28000000000.0,18,1.574846919538686e-08,5.723669715962387e-08,4.148822796423701e-08,3.621421740263031e-08,-74.4112089556313,-44.411208955631295,cir_coefficients_tau_mask,,"[1, 1, 1, 1, 18, 1]","[1, 1, 18]","[1, 1, 18]","[1, 1, 18]",,True,,18,4.148822796423701e-08,-44.41120938168608,0,0.0,4.2605478256518836e-07,0,0,0,0,0,0,0,0,4.721272815671638,436,2730,6063,0.13300034556577112,0.18705498318523955,0.19311287781777112,2715,0,0.1365
10,2570,rx_cerberus_base,/home/telilab4090/Documents/Gazebo World/my_world/rt_out/experiments/semantic_ablation_rigid_200f/sionna_xml/frame_010_sionna.xml,30.0,0.0,0.0,2.4,4.074,-1.779,0.81,28000000000.0,18,1.574846919538686e-08,5.723669715962387e-08,4.148822796423701e-08,3.621421384991663e-08,-74.41120938168608,-44.41120938168608,cir_coefficients_tau_mask,,"[1, 1, 1, 1, 18, 1]","[1, 1, 18]","[1, 1, 18]","[1, 1, 18]",,True,,18,4.148822796423701e-08,-44.411208955631295,0,0.0,-4.2605478256518836e-07,0,0,0,0,0,0,0,0,4.721272815671638,397,2677,5629,0.13255132313524756,0.18588741018749724,0.19203072891861922,2659,0,0.13385
11,2827,rx_cerberus_base,/home/telilab4090/Documents/Gazebo World/my_world/rt_out/experiments/semantic_ablation_rigid_200f/sionna_xml/frame_011_sionna.xml,30.0,0.0,0.0,2.4,4.074,-1.779,0.81,28000000000.0,18,1.574846919538686e-08,5.723669715962387e-08,4.148822796423701e-08,3.621421740263031e-08,-74.4112089556313,-44.411208955631295,cir_coefficients_tau_mask,,"[1, 1, 1, 1, 18, 1]","[1, 1, 18]","[1, 1, 18]","[1, 1, 18]",,True,,18,4.148822796423701e-08,-44.41120938168608,0,0.0,4.2605478256518836e-07,0,0,0,0,0,0,0,0,4.721272815671638,419,2719,3725,0.18920100213281502,0.19355135724830314,0.19658316125284309,2708,0,0.13595
12,3084,rx_cerberus_base,/home/telilab4090/Documents/Gazebo World/my_world/rt_out/experiments/semantic_ablation_rigid_200f/sionna_xml/frame_012_sionna.xml,30.0,0.0,0.0,2.4,4.074,-1.779,0.81,28000000000.0,18,1.574846919538686e-08,5.723669715962387e-08,4.148822796423701e-08,3.621421384991663e-08,-74.41120938168608,-44.41120938168608,cir_coefficients_tau_mask,,"[1, 1, 1, 1, 18, 1]","[1, 1, 18]","[1, 1, 18]","[1, 1, 18]",,True,,18,4.148822796423701e-08,-44.411208955631295,0,0.0,-4.2605478256518836e-07,0,0,0,0,0,0,0,0,4.721272815671638,441,2690,3271,0.1310862272609371,0.1767468989232301,0.18822742424519195,2676,0,0.1345
13,3341,rx_cerberus_base,/home/telilab4090/Documents/Gazebo World/my_world/rt_out/experiments/semantic_ablation_rigid_200f/sionna_xml/frame_013_sionna.xml,30.0,0.0,0.0,2.4,4.074,-1.779,0.81,28000000000.0,18,1.574846919538686e-08,5.723669715962387e-08,4.148822796423701e-08,3.621421384991663e-08,-74.41120938168608,-44.41120938168608,cir_coefficients_tau_mask,,"[1, 1, 1, 1, 18, 1]","[1, 1, 18]","[1, 1, 18]","[1, 1, 18]",,True,,18,4.148822796423701e-08,-44.41120938168608,0,0.0,0.0,0,0,0,0,0,0,0,0,4.721272815671638,422,2628,3200,0.14051877001886806,0.18486961561261217,0.19330229666005103,2620,0,0.1314
14,3598,rx_cerberus_base,/home/telilab4090/Documents/Gazebo World/my_world/rt_out/experiments/semantic_ablation_rigid_200f/sionna_xml/frame_014_sionna.xml,30.0,0.0,0.0,2.4,4.074,-1.779,0.81,28000000000.0,18,1.574846919538686e-08,5.723669715962387e-08,4.148822796423701e-08,3.621421384991663e-08,-74.41120938168608,-44.41120938168608,cir_coefficients_tau_mask,,"[1, 1, 1, 1, 18, 1]","[1, 1, 18]","[1, 1, 18]","[1, 1, 18]",,True,,18,4.148822796423701e-08,-44.41120938168608,0,0.0,0.0,0,0,0,0,0,0,0,0,4.721272815671638,397,2643,3080,0.13202671693980725,0.18918311905189641,0.1947324956211202,2635,0,0.13215
15,3855,rx_cerberus_base,/home/telilab4090/Documents/Gazebo World/my_world/rt_out/experiments/semantic_ablation_rigid_200f/sionna_xml/frame_015_sionna.xml,30.0,0.0,0.0,2.4,4.074,-1.779,0.81,28000000000.0,18,1.574846919538686e-08,5.723669715962387e-08,4.148822796423701e-08,3.621421384991663e-08,-74.41120938168608,-44.41120938168608,cir_coefficients_tau_mask,,"[1, 1, 1, 1, 18, 1]","[1, 1, 18]","[1, 1, 18]","[1, 1, 18]",,True,,18,4.148822796423701e-08,-44.41120938168608,0,0.0,0.0,0,0,0,0,0,0,0,0,4.721272815671638,421,2637,3096,0.1392095191478942,0.1831405018226318,0.19172290939449746,2622,0,0.13185
16,4112,rx_cerberus_base,/home/telilab4090/Documents/Gazebo World/my_world/rt_out/experiments/semantic_ablation_rigid_200f/sionna_xml/frame_016_sionna.xml,30.0,0.0,0.0,2.4,4.074,-1.779,0.81,28000000000.0,18,1.574846919538686e-08,5.723669715962387e-08,4.148822796423701e-08,3.621421384991663e-08,-74.41120938168608,-44.41120938168608,cir_coefficients_tau_mask,,"[1, 1, 1, 1, 18, 1]","[1, 1, 18]","[1, 1, 18]","[1, 1, 18]",,True,,18,4.148822796423701e-08,-44.41120938168608,0,0.0,0.0,0,0,0,0,0,0,0,0,4.721272815671638,415,2682,3093,0.13125994707444297,0.18314022410995556,0.19139316835534803,2664,0,0.1341
17,4369,rx_cerberus_base,/home/telilab4090/Documents/Gazebo World/my_world/rt_out/experiments/semantic_ablation_rigid_200f/sionna_xml/frame_017_sionna.xml,30.0,0.0,0.0,2.4,4.074,-1.779,0.81,28000000000.0,18,1.574846919538686e-08,5.723669715962387e-08,4.148822796423701e-08,3.621421384991663e-08,-74.41120938168608,-44.41120938168608,cir_coefficients_tau_mask,,"[1, 1, 1, 1, 18, 1]","[1, 1, 18]","[1, 1, 18]","[1, 1, 18]",,True,,18,4.148822796423701e-08,-44.41120938168608,0,0.0,0.0,0,0,0,0,0,0,0,0,4.721272815671638,463,2682,3087,0.13997979784814682,0.1891442733858975,0.19454873402071007,2670,0,0.1341
18,4626,rx_cerberus_base,/home/telilab4090/Documents/Gazebo World/my_world/rt_out/experiments/semantic_ablation_rigid_200f/sionna_xml/frame_018_sionna.xml,30.0,0.0,0.0,2.4,4.074,-1.779,0.81,28000000000.0,18,1.574846919538686e-08,5.723669715962387e-08,4.148822796423701e-08,3.621421384991663e-08,-74.41120938168608,-44.41120938168608,cir_coefficients_tau_mask,,"[1, 1, 1, 1, 18, 1]","[1, 1, 18]","[1, 1, 18]","[1, 1, 18]",,True,,18,4.148822796423701e-08,-44.41120938168608,0,0.0,0.0,0,0,0,0,0,0,0,0,4.721272815671638,429,2694,3119,0.14090034192196624,0.19010790031219033,0.19564800848000655,2674,0,0.1347
19,4883,rx_cerberus_base,/home/telilab4090/Documents/Gazebo World/my_world/rt_out/experiments/semantic_ablation_rigid_200f/sionna_xml/frame_019_sionna.xml,30.0,0.0,0.0,2.4,4.074,-1.779,0.81,28000000000.0,18,1.574846919538686e-08,5.723669715962387e-08,4.148822796423701e-08,3.621421384991663e-08,-74.41120938168608,-44.41120938168608,cir_coefficients_tau_mask,,"[1, 1, 1, 1, 18, 1]","[1, 1, 18]","[1, 1, 18]","[1, 1, 18]",,True,,18,4.148822796423701e-08,-44.41120938168608,0,0.0,0.0,0,0,0,0,0,0,0,0,4.721272815671638,427,2752,3173,0.13255132313524756,0.18647928500139013,0.19340032680846947,2735,0,0.1376
20,5140,rx_cerberus_base,/home/telilab4090/Documents/Gazebo World/my_world/rt_out/experiments/semantic_ablation_rigid_200f/sionna_xml/frame_020_sionna.xml,30.0,0.0,0.0,2.4,4.074,-1.779,0.81,28000000000.0,18,1.574846919538686e-08,5.723669715962387e-08,4.148822796423701e-08,3.621421740263031e-08,-74.4112089556313,-44.411208955631295,cir_coefficients_tau_mask,,"[1, 1, 1, 1, 18, 1]","[1, 1, 18]","[1, 1, 18]","[1, 1, 18]",,True,,18,4.148822796423701e-08,-44.41120938168608,0,0.0,4.2605478256518836e-07,0,0,0,0,0,0,0,0,4.721272815671638,460,2701,3083,0.13179820116264332,0.18400124517923133,0.19227680363204133,2680,0,0.13505
21,5397,rx_cerberus_base,/home/telilab4090/Documents/Gazebo World/my_world/rt_out/experiments/semantic_ablation_rigid_200f/sionna_xml/frame_021_sionna.xml,30.0,0.0,0.0,2.4,4.074,-1.779,0.81,28000000000.0,18,1.574846919538686e-08,5.723669715962387e-08,4.148822796423701e-08,3.621421384991663e-08,-74.41120938168608,-44.41120938168608,cir_coefficients_tau_mask,,"[1, 1, 1, 1, 18, 1]","[1, 1, 18]","[1, 1, 18]","[1, 1, 18]",,True,,18,4.148822796423701e-08,-44.411208955631295,0,0.0,-4.2605478256518836e-07,0,0,0,0,0,0,0,0,4.721272815671638,447,2691,3319,0.13144395597453848,0.1783495698902498,0.1897486670497382,2672,0,0.13455
22,5654,rx_cerberus_base,/home/telilab4090/Documents/Gazebo World/my_world/rt_out/experiments/semantic_ablation_rigid_200f/sionna_xml/frame_022_sionna.xml,30.0,0.0,0.0,2.4,4.074,-1.779,0.81,28000000000.0,18,1.574846919538686e-08,5.723669715962387e-08,4.148822796423701e-08,3.621421740263031e-08,-74.4112089556313,-44.411208955631295,cir_coefficients_tau_mask,,"[1, 1, 1, 1, 18, 1]","[1, 1, 18]","[1, 1, 18]","[1, 1, 18]",,True,,18,4.148822796423701e-08,-44.41120938168608,0,0.0,4.2605478256518836e-07,0,0,0,0,0,0,0,0,4.721272815671638,439,2693,3471,0.19094066782650135,0.19395777136714432,0.19644916975411028,2675,0,0.13465
23,5911,rx_cerberus_base,/home/telilab4090/Documents/Gazebo World/my_world/rt_out/experiments/semantic_ablation_rigid_200f/sionna_xml/frame_023_sionna.xml,30.0,0.0,0.0,2.4,4.074,-1.779,0.81,28000000000.0,18,1.574846919538686e-08,5.723669715962387e-08,4.148822796423701e-08,3.621421740263031e-08,-74.4112089556313,-44.411208955631295,cir_coefficients_tau_mask,,"[1, 1, 1, 1, 18, 1]","[1, 1, 18]","[1, 1, 18]","[1, 1, 18]",,True,,18,4.148822796423701e-08,-44.411208955631295,0,0.0,0.0,0,0,0,0,0,0,0,0,4.721272815671638,422,2695,3429,0.13125994707444297,0.1859237845470971,0.19226350059347527,2681,0,0.13475
24,6168,rx_cerberus_base,/home/telilab4090/Documents/Gazebo World/my_world/rt_out/experiments/semantic_ablation_rigid_200f/sionna_xml/frame_024_sionna.xml,30.0,0.0,0.0,2.4,4.074,-1.779,0.81,28000000000.0,18,1.574846919538686e-08,5.723669715962387e-08,4.148822796423701e-08,3.6214210297202953e-08,-74.41120980774089,-44.41120980774089,cir_coefficients_tau_mask,,"[1, 1, 1, 1, 18, 1]","[1, 1, 18]","[1, 1, 18]","[1, 1, 18]",,True,,18,4.148822796423701e-08,-44.411208955631295,0,0.0,-8.521095935520862e-07,0,0,0,0,0,0,0,0,4.721272815671638,448,2691,3702,0.13931286240559082,0.19007966228744463,0.19437113441057008,2672,0,0.13455
25,6425,rx_cerberus_base,/home/telilab4090/Documents/Gazebo World/my_world/rt_out/experiments/semantic_ablation_rigid_200f/sionna_xml/frame_025_sionna.xml,30.0,0.0,0.0,2.4,4.074,-1.779,0.81,28000000000.0,18,1.574846919538686e-08,5.723669715962387e-08,4.148822796423701e-08,3.621421384991663e-08,-74.41120938168608,-44.41120938168608,cir_coefficients_tau_mask,,"[1, 1, 1, 1, 18, 1]","[1, 1, 18]","[1, 1, 18]","[1, 1, 18]",,True,,18,4.148822796423701e-08,-44.41120980774089,0,0.0,4.260548109868978e-07,0,0,0,0,0,0,0,0,4.721272815671638,423,2752,4224,0.13105815739639995,0.1895070251941527,0.19469594821168726,2738,0,0.1376
26,6682,rx_cerberus_base,/home/telilab4090/Documents/Gazebo World/my_world/rt_out/experiments/semantic_ablation_rigid_200f/sionna_xml/frame_026_sionna.xml,30.0,0.0,0.0,2.4,4.074,-1.779,0.81,28000000000.0,18,1.574846919538686e-08,5.723669715962387e-08,4.148822796423701e-08,3.621421384991663e-08,-74.41120938168608,-44.41120938168608,cir_coefficients_tau_mask,,"[1, 1, 1, 1, 18, 1]","[1, 1, 18]","[1, 1, 18]","[1, 1, 18]",,True,,18,4.148822796423701e-08,-44.41120938168608,0,0.0,0.0,0,0,0,0,0,0,0,0,4.721272815671638,439,2660,4586,0.13144395597453848,0.17597498334719552,0.18921273704668756,2644,0,0.133
27,6939,rx_cerberus_base,/home/telilab4090/Documents/Gazebo World/my_world/rt_out/experiments/semantic_ablation_rigid_200f/sionna_xml/frame_027_sionna.xml,30.0,0.0,0.0,2.4,4.074,-1.779,0.81,28000000000.0,18,1.574846919538686e-08,5.723669715962387e-08,4.148822796423701e-08,3.6214210297202953e-08,-74.41120980774089,-44.41120980774089,cir_coefficients_tau_mask,,"[1, 1, 1, 1, 18, 1]","[1, 1, 18]","[1, 1, 18]","[1, 1, 18]",,True,,18,4.148822796423701e-08,-44.41120938168608,0,0.0,-4.260548109868978e-07,0,0,0,0,0,0,0,0,4.721272815671638,432,2838,4789,0.14101903969764612,0.1898604833568009,0.19451775415351147,2814,0,0.1419
28,7196,rx_cerberus_base,/home/telilab4090/Documents/Gazebo World/my_world/rt_out/experiments/semantic_ablation_rigid_200f/sionna_xml/frame_028_sionna.xml,30.0,0.0,0.0,2.4,4.074,-1.779,0.81,28000000000.0,18,1.574846919538686e-08,5.723669715962387e-08,4.148822796423701e-08,3.621421384991663e-08,-74.41120938168608,-44.41120938168608,cir_coefficients_tau_mask,,"[1, 1, 1, 1, 18, 1]","[1, 1, 18]","[1, 1, 18]","[1, 1, 18]",,True,,18,4.148822796423701e-08,-44.41120980774089,0,0.0,4.260548109868978e-07,0,0,0,0,0,0,0,0,4.721272815671638,422,2689,4671,0.1310862272609371,0.18812876002613582,0.19320936144360196,2683,0,0.13445
29,7453,rx_cerberus_base,/home/telilab4090/Documents/Gazebo World/my_world/rt_out/experiments/semantic_ablation_rigid_200f/sionna_xml/frame_029_sionna.xml,30.0,0.0,0.0,2.4,4.074,-1.779,0.81,28000000000.0,18,1.574846919538686e-08,5.723669715962387e-08,4.148822796423701e-08,3.621421384991663e-08,-74.41120938168608,-44.41120938168608,cir_coefficients_tau_mask,,"[1, 1, 1, 1, 18, 1]","[1, 1, 18]","[1, 1, 18]","[1, 1, 18]",,True,,18,4.148822796423701e-08,-44.41120938168608,0,0.0,0.0,0,0,0,0,0,0,0,0,4.721272815671638,414,2704,4780,0.13255132313524756,0.19056041972630888,0.19593089577251188,2683,0,0.1352
30,7710,rx_cerberus_base,/home/telilab4090/Documents/Gazebo World/my_world/rt_out/experiments/semantic_ablation_rigid_200f/sionna_xml/frame_030_sionna.xml,30.0,0.0,0.0,2.4,4.074,-1.779,0.81,28000000000.0,18,1.574846919538686e-08,5.723669715962387e-08,4.148822796423701e-08,3.621421740263031e-08,-74.4112089556313,-44.411208955631295,cir_coefficients_tau_mask,,"[1, 1, 1, 1, 18, 1]","[1, 1, 18]","[1, 1, 18]","[1, 1, 18]",,True,,18,4.148822796423701e-08,-44.41120938168608,0,0.0,4.2605478256518836e-07,0,0,0,0,0,0,0,0,4.721272815671638,412,2679,4792,0.18731331510536053,0.19251865378526614,0.19643970276177036,2659,0,0.13395
31,7967,rx_cerberus_base,/home/telilab4090/Documents/Gazebo World/my_world/rt_out/experiments/semantic_ablation_rigid_200f/sionna_xml/frame_031_sionna.xml,30.0,0.0,0.0,2.4,4.074,-1.779,0.81,28000000000.0,18,1.574846919538686e-08,5.723669715962387e-08,4.148822796423701e-08,3.621421384991663e-08,-74.41120938168608,-44.41120938168608,cir_coefficients_tau_mask,,"[1, 1, 1, 1, 18, 1]","[1, 1, 18]","[1, 1, 18]","[1, 1, 18]",,True,,18,4.148822796423701e-08,-44.411208955631295,0,0.0,-4.2605478256518836e-07,0,0,0,0,0,0,0,0,4.721272815671638,412,2646,4690,0.13202671693980725,0.1777281148503305,0.18951749572008414,2629,0,0.1323
32,8224,rx_cerberus_base,/home/telilab4090/Documents/Gazebo World/my_world/rt_out/experiments/semantic_ablation_rigid_200f/sionna_xml/frame_032_sionna.xml,30.0,0.0,0.0,2.4,4.074,-1.779,0.81,28000000000.0,18,1.574846919538686e-08,5.723669715962387e-08,4.148822796423701e-08,3.621421384991663e-08,-74.41120938168608,-44.41120938168608,cir_coefficients_tau_mask,,"[1, 1, 1, 1, 18, 1]","[1, 1, 18]","[1, 1, 18]","[1, 1, 18]",,True,,18,4.148822796423701e-08,-44.41120938168608,0,0.0,0.0,0,0,0,0,0,0,0,0,4.721272815671638,410,2658,4731,0.1392095191478942,0.1902228418896254,0.1945269303795871,2644,0,0.1329
33,8481,rx_cerberus_base,/home/telilab4090/Documents/Gazebo World/my_world/rt_out/experiments/semantic_ablation_rigid_200f/sionna_xml/frame_033_sionna.xml,30.0,0.0,0.0,2.4,4.074,-1.779,0.81,28000000000.0,18,1.574846919538686e-08,5.723669715962387e-08,4.148822796423701e-08,3.621421384991663e-08,-74.41120938168608,-44.41120938168608,cir_coefficients_tau_mask,,"[1, 1, 1, 1, 18, 1]","[1, 1, 18]","[1, 1, 18]","[1, 1, 18]",,True,,18,4.148822796423701e-08,-44.41120938168608,0,0.0,0.0,0,0,0,0,0,0,0,0,4.721272815671638,433,2659,4959,0.1392095191478942,0.18635550290013522,0.19202560666502244,2639,0,0.13295
34,8737,rx_cerberus_base,/home/telilab4090/Documents/Gazebo World/my_world/rt_out/experiments/semantic_ablation_rigid_200f/sionna_xml/frame_034_sionna.xml,30.0,0.0,0.0,2.4,4.074,-1.779,0.81,28000000000.0,18,1.574846919538686e-08,5.723669715962387e-08,4.148822796423701e-08,3.621421384991663e-08,-74.41120938168608,-44.41120938168608,cir_coefficients_tau_mask,,"[1, 1, 1, 1, 18, 1]","[1, 1, 18]","[1, 1, 18]","[1, 1, 18]",,True,,18,4.148822796423701e-08,-44.41120938168608,0,0.0,0.0,0,0,0,0,0,0,0,0,4.721272815671638,456,2763,5343,0.1398595601223883,0.1878450625857013,0.1941519528508509,2757,0,0.13815
35,8994,rx_cerberus_base,/home/telilab4090/Documents/Gazebo World/my_world/rt_out/experiments/semantic_ablation_rigid_200f/sionna_xml/frame_035_sionna.xml,30.0,0.0,0.0,2.4,4.074,-1.779,0.81,28000000000.0,18,1.574846919538686e-08,5.723669715962387e-08,4.148822796423701e-08,3.621421740263031e-08,-74.4112089556313,-44.411208955631295,cir_coefficients_tau_mask,,"[1, 1, 1, 1, 18, 1]","[1, 1, 18]","[1, 1, 18]","[1, 1, 18]",,True,,18,4.148822796423701e-08,-44.41120938168608,0,0.0,4.2605478256518836e-07,0,0,0,0,0,0,0,0,4.721272815671638,436,2698,5277,0.13144395597453848,0.18661284339140302,0.19324938889168078,2680,0,0.1349
36,9251,rx_cerberus_base,/home/telilab4090/Documents/Gazebo World/my_world/rt_out/experiments/semantic_ablation_rigid_200f/sionna_xml/frame_036_sionna.xml,30.0,0.0,0.0,2.4,4.074,-1.779,0.81,28000000000.0,18,1.574846919538686e-08,5.723669715962387e-08,4.148822796423701e-08,3.621421384991663e-08,-74.41120938168608,-44.41120938168608,cir_coefficients_tau_mask,,"[1, 1, 1, 1, 18, 1]","[1, 1, 18]","[1, 1, 18]","[1, 1, 18]",,True,,18,4.148822796423701e-08,-44.411208955631295,0,0.0,-4.2605478256518836e-07,0,0,0,0,0,0,0,0,4.721272815671638,432,2665,5403,0.13909533446778996,0.18649428056590303,0.1929706385438739,2649,0,0.13325
37,9508,rx_cerberus_base,/home/telilab4090/Documents/Gazebo World/my_world/rt_out/experiments/semantic_ablation_rigid_200f/sionna_xml/frame_037_sionna.xml,30.0,0.0,0.0,2.4,4.074,-1.779,0.81,28000000000.0,18,1.574846919538686e-08,5.723669715962387e-08,4.148822796423701e-08,3.621421384991663e-08,-74.41120938168608,-44.41120938168608,cir_coefficients_tau_mask,,"[1, 1, 1, 1, 18, 1]","[1, 1, 18]","[1, 1, 18]","[1, 1, 18]",,True,,18,4.148822796423701e-08,-44.41120938168608,0,0.0,0.0,0,0,0,0,0,0,0,0,4.721272815671638,436,2727,5406,0.13144395597453848,0.177371686542868,0.18978179426128416,2706,0,0.13635
38,9765,rx_cerberus_base,/home/telilab4090/Documents/Gazebo World/my_world/rt_out/experiments/semantic_ablation_rigid_200f/sionna_xml/frame_038_sionna.xml,30.0,0.0,0.0,2.4,4.074,-1.779,0.81,28000000000.0,18,1.574846919538686e-08,5.723669715962387e-08,4.148822796423701e-08,3.621421384991663e-08,-74.41120938168608,-44.41120938168608,cir_coefficients_tau_mask,,"[1, 1, 1, 1, 18, 1]","[1, 1, 18]","[1, 1, 18]","[1, 1, 18]",,True,,18,4.148822796423701e-08,-44.41120938168608,0,0.0,0.0,0,0,0,0,0,0,0,0,4.721272815671638,418,2743,6103,0.13948141827139668,0.18998156572922603,0.1952828217708328,2729,0,0.13715
39,10022,rx_cerberus_base,/home/telilab4090/Documents/Gazebo World/my_world/rt_out/experiments/semantic_ablation_rigid_200f/sionna_xml/frame_039_sionna.xml,30.0,0.0,0.0,2.4,4.074,-1.779,0.81,28000000000.0,18,1.574846919538686e-08,5.723669715962387e-08,4.148822796423701e-08,3.621421384991663e-08,-74.41120938168608,-44.41120938168608,cir_coefficients_tau_mask,,"[1, 1, 1, 1, 18, 1]","[1, 1, 18]","[1, 1, 18]","[1, 1, 18]",,True,,18,4.148822796423701e-08,-44.41120938168608,0,0.0,0.0,0,0,0,0,0,0,0,0,4.721272815671638,444,2761,4811,0.13980372672806507,0.18463989052342933,0.19245253113252367,2740,0,0.13805
40,10279,rx_cerberus_base,/home/telilab4090/Documents/Gazebo World/my_world/rt_out/experiments/semantic_ablation_rigid_200f/sionna_xml/frame_040_sionna.xml,30.0,0.0,0.0,2.4,4.074,-1.779,0.81,28000000000.0,18,1.574846919538686e-08,5.723669715962387e-08,4.148822796423701e-08,3.621421740263031e-08,-74.4112089556313,-44.411208955631295,cir_coefficients_tau_mask,,"[1, 1, 1, 1, 18, 1]","[1, 1, 18]","[1, 1, 18]","[1, 1, 18]",,True,,18,4.148822796423701e-08,-44.41120938168608,0,0.0,4.2605478256518836e-07,0,0,0,0,0,0,0,0,4.721272815671638,416,2659,4742,0.1407047329989497,0.19026677072693082,0.19489993669759664,2640,0,0.13295
41,10536,rx_cerberus_base,/home/telilab4090/Documents/Gazebo World/my_world/rt_out/experiments/semantic_ablation_rigid_200f/sionna_xml/frame_041_sionna.xml,30.0,0.0,0.0,2.4,4.074,-1.779,0.81,28000000000.0,18,1.574846919538686e-08,5.723669715962387e-08,4.148822796423701e-08,3.621421384991663e-08,-74.41120938168608,-44.41120938168608,cir_coefficients_tau_mask,,"[1, 1, 1, 1, 18, 1]","[1, 1, 18]","[1, 1, 18]","[1, 1, 18]",,True,,18,4.148822796423701e-08,-44.411208955631295,0,0.0,-4.2605478256518836e-07,0,0,0,0,0,0,0,0,4.721272815671638,428,2669,4679,0.13931695898034263,0.1906465300334143,0.1949493557217589,2651,0,0.13345
42,10793,rx_cerberus_base,/home/telilab4090/Documents/Gazebo World/my_world/rt_out/experiments/semantic_ablation_rigid_200f/sionna_xml/frame_042_sionna.xml,30.0,0.0,0.0,2.4,4.074,-1.779,0.81,28000000000.0,18,1.574846919538686e-08,5.723669715962387e-08,4.148822796423701e-08,3.621421384991663e-08,-74.41120938168608,-44.41120938168608,cir_coefficients_tau_mask,,"[1, 1, 1, 1, 18, 1]","[1, 1, 18]","[1, 1, 18]","[1, 1, 18]",,True,,18,4.148822796423701e-08,-44.41120938168608,0,0.0,0.0,0,0,0,0,0,0,0,0,4.721272815671638,417,2678,4740,0.18812194072028082,0.1925509064664647,0.196022417754,2665,0,0.1339
43,11050,rx_cerberus_base,/home/telilab4090/Documents/Gazebo World/my_world/rt_out/experiments/semantic_ablation_rigid_200f/sionna_xml/frame_043_sionna.xml,30.0,0.0,0.0,2.4,4.074,-1.779,0.81,28000000000.0,18,1.574846919538686e-08,5.723669715962387e-08,4.148822796423701e-08,3.621421384991663e-08,-74.41120938168608,-44.41120938168608,cir_coefficients_tau_mask,,"[1, 1, 1, 1, 18, 1]","[1, 1, 18]","[1, 1, 18]","[1, 1, 18]",,True,,18,4.148822796423701e-08,-44.41120938168608,0,0.0,0.0,0,0,0,0,0,0,0,0,4.721272815671638,456,2705,4756,0.14099638750498839,0.1899192854651587,0.19446569549128312,2684,0,0.13525
44,11307,rx_cerberus_base,/home/telilab4090/Documents/Gazebo World/my_world/rt_out/experiments/semantic_ablation_rigid_200f/sionna_xml/frame_044_sionna.xml,30.0,0.0,0.0,2.4,4.074,-1.779,0.81,28000000000.0,18,1.574846919538686e-08,5.723669715962387e-08,4.148822796423701e-08,3.621421740263031e-08,-74.4112089556313,-44.411208955631295,cir_coefficients_tau_mask,,"[1, 1, 1, 1, 18, 1]","[1, 1, 18]","[1, 1, 18]","[1, 1, 18]",,True,,18,4.148822796423701e-08,-44.41120938168608,0,0.0,4.2605478256518836e-07,0,0,0,0,0,0,0,0,4.721272815671638,456,2794,6371,0.14015332501348235,0.18679668621645854,0.19284264915024982,2779,0,0.1397
45,11564,rx_cerberus_base,/home/telilab4090/Documents/Gazebo World/my_world/rt_out/experiments/semantic_ablation_rigid_200f/sionna_xml/frame_045_sionna.xml,30.0,0.0,0.0,2.4,4.074,-1.779,0.81,28000000000.0,18,1.574846919538686e-08,5.723669715962387e-08,4.148822796423701e-08,3.621421740263031e-08,-74.4112089556313,-44.411208955631295,cir_coefficients_tau_mask,,"[1, 1, 1, 1, 18, 1]","[1, 1, 18]","[1, 1, 18]","[1, 1, 18]",,True,,18,4.148822796423701e-08,-44.411208955631295,0,0.0,0.0,0,0,0,0,0,0,0,0,4.721272815671638,422,2711,6328,0.1871723316788675,0.19129710685185267,0.19443428042293587,2697,0,0.13555
46,11821,rx_cerberus_base,/home/telilab4090/Documents/Gazebo World/my_world/rt_out/experiments/semantic_ablation_rigid_200f/sionna_xml/frame_046_sionna.xml,30.0,0.0,0.0,2.4,4.074,-1.779,0.81,28000000000.0,18,1.574846919538686e-08,5.723669715962387e-08,4.148822796423701e-08,3.621421384991663e-08,-74.41120938168608,-44.41120938168608,cir_coefficients_tau_mask,,"[1, 1, 1, 1, 18, 1]","[1, 1, 18]","[1, 1, 18]","[1, 1, 18]",,True,,18,4.148822796423701e-08,-44.411208955631295,0,0.0,-4.2605478256518836e-07,0,0,0,0,0,0,0,0,4.721272815671638,461,2780,6480,0.1319074983622544,0.186224099279313,0.1927087621019853,2765,0,0.139
47,12078,rx_cerberus_base,/home/telilab4090/Documents/Gazebo World/my_world/rt_out/experiments/semantic_ablation_rigid_200f/sionna_xml/frame_047_sionna.xml,30.0,0.0,0.0,2.4,4.074,-1.779,0.81,28000000000.0,18,1.574846919538686e-08,5.723669715962387e-08,4.148822796423701e-08,3.621421384991663e-08,-74.41120938168608,-44.41120938168608,cir_coefficients_tau_mask,,"[1, 1, 1, 1, 18, 1]","[1, 1, 18]","[1, 1, 18]","[1, 1, 18]",,True,,18,4.148822796423701e-08,-44.41120938168608,0,0.0,0.0,0,0,0,0,0,0,0,0,4.721272815671638,415,2631,6329,0.1867945538883204,0.19202119057523526,0.19538458115245871,2611,0,0.13155
48,12335,rx_cerberus_base,/home/telilab4090/Documents/Gazebo World/my_world/rt_out/experiments/semantic_ablation_rigid_200f/sionna_xml/frame_048_sionna.xml,30.0,0.0,0.0,2.4,4.074,-1.779,0.81,28000000000.0,18,1.574846919538686e-08,5.723669715962387e-08,4.148822796423701e-08,3.621421384991663e-08,-74.41120938168608,-44.41120938168608,cir_coefficients_tau_mask,,"[1, 1, 1, 1, 18, 1]","[1, 1, 18]","[1, 1, 18]","[1, 1, 18]",,True,,18,4.148822796423701e-08,-44.41120938168608,0,0.0,0.0,0,0,0,0,0,0,0,0,4.721272815671638,431,2682,6416,0.1315489734795868,0.18580295479516118,0.1925168093901884,2667,0,0.1341
49,12592,rx_cerberus_base,/home/telilab4090/Documents/Gazebo World/my_world/rt_out/experiments/semantic_ablation_rigid_200f/sionna_xml/frame_049_sionna.xml,30.0,0.0,0.0,2.4,4.074,-1.779,0.81,28000000000.0,18,1.574846919538686e-08,5.723669715962387e-08,4.148822796423701e-08,3.621421740263031e-08,-74.4112089556313,-44.411208955631295,cir_coefficients_tau_mask,,"[1, 1, 1, 1, 18, 1]","[1, 1, 18]","[1, 1, 18]","[1, 1, 18]",,True,,18,4.148822796423701e-08,-44.41120938168608,0,0.0,4.2605478256518836e-07,0,0,0,0,0,0,0,0,4.721272815671638,425,2696,5959,0.1315489734795868,0.18409174264906647,0.19336503947261538,2683,0,0.1348
50,12849,rx_cerberus_base,/home/telilab4090/Documents/Gazebo World/my_world/rt_out/experiments/semantic_ablation_rigid_200f/sionna_xml/frame_050_sionna.xml,30.0,0.0,0.0,2.4,4.074,-1.779,0.81,28000000000.0,18,1.574846919538686e-08,5.723669715962387e-08,4.148822796423701e-08,3.6214210297202953e-08,-74.41120980774089,-44.41120980774089,cir_coefficients_tau_mask,,"[1, 1, 1, 1, 18, 1]","[1, 1, 18]","[1, 1, 18]","[1, 1, 18]",,True,,18,4.148822796423701e-08,-44.411208955631295,0,0.0,-8.521095935520862e-07,0,0,0,0,0,0,0,0,4.721272815671638,406,2833,5449,0.1315489734795868,0.1864172447544277,0.19309061962673485,2821,0,0.14165
51,13106,rx_cerberus_base,/home/telilab4090/Documents/Gazebo World/my_world/rt_out/experiments/semantic_ablation_rigid_200f/sionna_xml/frame_051_sionna.xml,30.0,0.0,0.0,2.4,4.074,-1.779,0.81,28000000000.0,18,1.574846919538686e-08,5.723669715962387e-08,4.148822796423701e-08,3.621421740263031e-08,-74.4112089556313,-44.411208955631295,cir_coefficients_tau_mask,,"[1, 1, 1, 1, 18, 1]","[1, 1, 18]","[1, 1, 18]","[1, 1, 18]",,True,,18,4.148822796423701e-08,-44.41120980774089,0,0.0,8.521095935520862e-07,0,0,0,0,0,0,0,0,4.721272815671638,427,2660,5173,0.13255132313524756,0.1815355044209554,0.1912643864529045,2641,0,0.133
52,13363,rx_cerberus_base,/home/telilab4090/Documents/Gazebo World/my_world/rt_out/experiments/semantic_ablation_rigid_200f/sionna_xml/frame_052_sionna.xml,30.0,0.0,0.0,2.4,4.074,-1.779,0.81,28000000000.0,18,1.574846919538686e-08,5.723669715962387e-08,4.148822796423701e-08,3.621421740263031e-08,-74.4112089556313,-44.411208955631295,cir_coefficients_tau_mask,,"[1, 1, 1, 1, 18, 1]","[1, 1, 18]","[1, 1, 18]","[1, 1, 18]",,True,,18,4.148822796423701e-08,-44.411208955631295,0,0.0,0.0,0,0,0,0,0,0,0,0,4.721272815671638,431,2667,5377,0.13948141827139668,0.18683739851749728,0.1939391745482093,2657,0,0.13335
53,13620,rx_cerberus_base,/home/telilab4090/Documents/Gazebo World/my_world/rt_out/experiments/semantic_ablation_rigid_200f/sionna_xml/frame_053_sionna.xml,30.0,0.0,0.0,2.4,4.074,-1.779,0.81,28000000000.0,18,1.574846919538686e-08,5.723669715962387e-08,4.148822796423701e-08,3.621421384991663e-08,-74.41120938168608,-44.41120938168608,cir_coefficients_tau_mask,,"[1, 1, 1, 1, 18, 1]","[1, 1, 18]","[1, 1, 18]","[1, 1, 18]",,True,,18,4.148822796423701e-08,-44.411208955631295,0,0.0,-4.2605478256518836e-07,0,0,0,0,0,0,0,0,4.721272815671638,434,2687,5333,0.14043092578542352,0.18656293428868778,0.19263230120688013,2667,0,0.13435
54,13877,rx_cerberus_base,/home/telilab4090/Documents/Gazebo World/my_world/rt_out/experiments/semantic_ablation_rigid_200f/sionna_xml/frame_054_sionna.xml,30.0,0.0,0.0,2.4,4.074,-1.779,0.81,28000000000.0,18,1.574846919538686e-08,5.723669715962387e-08,4.148822796423701e-08,3.621421740263031e-08,-74.4112089556313,-44.411208955631295,cir_coefficients_tau_mask,,"[1, 1, 1, 1, 18, 1]","[1, 1, 18]","[1, 1, 18]","[1, 1, 18]",,True,,18,4.148822796423701e-08,-44.41120938168608,0,0.0,4.2605478256518836e-07,0,0,0,0,0,0,0,0,4.721272815671638,437,2712,5213,0.13202671693980725,0.18102615554423493,0.1906666245811354,2697,0,0.1356
55,14134,rx_cerberus_base,/home/telilab4090/Documents/Gazebo World/my_world/rt_out/experiments/semantic_ablation_rigid_200f/sionna_xml/frame_055_sionna.xml,30.0,0.0,0.0,2.4,4.074,-1.779,0.81,28000000000.0,18,1.574846919538686e-08,5.723669715962387e-08,4.148822796423701e-08,3.621421384991663e-08,-74.41120938168608,-44.41120938168608,cir_coefficients_tau_mask,,"[1, 1, 1, 1, 18, 1]","[1, 1, 18]","[1, 1, 18]","[1, 1, 18]",,True,,18,4.148822796423701e-08,-44.411208955631295,0,0.0,-4.2605478256518836e-07,0,0,0,0,0,0,0,0,4.721272815671638,413,2685,5216,0.13255132313524756,0.18771908047511401,0.19488302885595807,2666,0,0.13425
56,14391,rx_cerberus_base,/home/telilab4090/Documents/Gazebo World/my_world/rt_out/experiments/semantic_ablation_rigid_200f/sionna_xml/frame_056_sionna.xml,30.0,0.0,0.0,2.4,4.074,-1.779,0.81,28000000000.0,18,1.574846919538686e-08,5.723669715962387e-08,4.148822796423701e-08,3.621421384991663e-08,-74.41120938168608,-44.41120938168608,cir_coefficients_tau_mask,,"[1, 1, 1, 1, 18, 1]","[1, 1, 18]","[1, 1, 18]","[1, 1, 18]",,True,,18,4.148822796423701e-08,-44.41120938168608,0,0.0,0.0,0,0,0,0,0,0,0,0,4.721272815671638,420,2676,5129,0.13931695898034263,0.18986277234019738,0.1949537686512116,2662,0,0.1338
57,14648,rx_cerberus_base,/home/telilab4090/Documents/Gazebo World/my_world/rt_out/experiments/semantic_ablation_rigid_200f/sionna_xml/frame_057_sionna.xml,30.0,0.0,0.0,2.4,4.074,-1.779,0.81,28000000000.0,18,1.574846919538686e-08,5.723669715962387e-08,4.148822796423701e-08,3.621421384991663e-08,-74.41120938168608,-44.41120938168608,cir_coefficients_tau_mask,,"[1, 1, 1, 1, 18, 1]","[1, 1, 18]","[1, 1, 18]","[1, 1, 18]",,True,,18,4.148822796423701e-08,-44.41120938168608,0,0.0,0.0,0,0,0,0,0,0,0,0,4.721272815671638,421,2700,5135,0.14033106402173437,0.18660509918661863,0.19227882146722114,2682,0,0.135
58,14905,rx_cerberus_base,/home/telilab4090/Documents/Gazebo World/my_world/rt_out/experiments/semantic_ablation_rigid_200f/sionna_xml/frame_058_sionna.xml,30.0,0.0,0.0,2.4,4.074,-1.779,0.81,28000000000.0,18,1.574846919538686e-08,5.723669715962387e-08,4.148822796423701e-08,3.621421740263031e-08,-74.4112089556313,-44.411208955631295,cir_coefficients_tau_mask,,"[1, 1, 1, 1, 18, 1]","[1, 1, 18]","[1, 1, 18]","[1, 1, 18]",,True,,18,4.148822796423701e-08,-44.41120938168608,0,0.0,4.2605478256518836e-07,0,0,0,0,0,0,0,0,4.721272815671638,425,2671,4836,0.14051877001886806,0.18759507175524756,0.1934579789875326,2661,0,0.13355
59,15162,rx_cerberus_base,/home/telilab4090/Documents/Gazebo World/my_world/rt_out/experiments/semantic_ablation_rigid_200f/sionna_xml/frame_059_sionna.xml,30.0,0.0,0.0,2.4,4.074,-1.779,0.81,28000000000.0,18,1.574846919538686e-08,5.723669715962387e-08,4.148822796423701e-08,3.621421384991663e-08,-74.41120938168608,-44.41120938168608,cir_coefficients_tau_mask,,"[1, 1, 1, 1, 18, 1]","[1, 1, 18]","[1, 1, 18]","[1, 1, 18]",,True,,18,4.148822796423701e-08,-44.411208955631295,0,0.0,-4.2605478256518836e-07,0,0,0,0,0,0,0,0,4.721272815671638,431,2679,4870,0.1328704087157611,0.18412909992478532,0.191568369908846,2660,0,0.13395
60,15419,rx_cerberus_base,/home/telilab4090/Documents/Gazebo World/my_world/rt_out/experiments/semantic_ablation_rigid_200f/sionna_xml/frame_060_sionna.xml,30.0,0.0,0.0,2.4,4.074,-1.779,0.81,28000000000.0,18,1.574846919538686e-08,5.723669715962387e-08,4.148822796423701e-08,3.621421384991663e-08,-74.41120938168608,-44.41120938168608,cir_coefficients_tau_mask,,"[1, 1, 1, 1, 18, 1]","[1, 1, 18]","[1, 1, 18]","[1, 1, 18]",,True,,18,4.148822796423701e-08,-44.41120938168608,0,0.0,0.0,0,0,0,0,0,0,0,0,4.721272815671638,487,2784,5008,0.1406594664779947,0.188320230832037,0.1931166882961149,2763,0,0.1392
61,15676,rx_cerberus_base,/home/telilab4090/Documents/Gazebo World/my_world/rt_out/experiments/semantic_ablation_rigid_200f/sionna_xml/frame_061_sionna.xml,30.0,0.0,0.0,2.4,4.074,-1.779,0.81,28000000000.0,18,1.574846919538686e-08,5.723669715962387e-08,4.148822796423701e-08,3.621421740263031e-08,-74.4112089556313,-44.411208955631295,cir_coefficients_tau_mask,,"[1, 1, 1, 1, 18, 1]","[1, 1, 18]","[1, 1, 18]","[1, 1, 18]",,True,,18,4.148822796423701e-08,-44.41120938168608,0,0.0,4.2605478256518836e-07,0,0,0,0,0,0,0,0,4.721272815671638,453,2765,4988,0.18812194072028082,0.19224274886412335,0.1949788735842385,2751,0,0.13825
62,15933,rx_cerberus_base,/home/telilab4090/Documents/Gazebo World/my_world/rt_out/experiments/semantic_ablation_rigid_200f/sionna_xml/frame_062_sionna.xml,30.0,0.0,0.0,2.4,4.074,-1.779,0.81,28000000000.0,18,1.574846919538686e-08,5.723669715962387e-08,4.148822796423701e-08,3.621421384991663e-08,-74.41120938168608,-44.41120938168608,cir_coefficients_tau_mask,,"[1, 1, 1, 1, 18, 1]","[1, 1, 18]","[1, 1, 18]","[1, 1, 18]",,True,,18,4.148822796423701e-08,-44.411208955631295,0,0.0,-4.2605478256518836e-07,0,0,0,0,0,0,0,0,4.721272815671638,435,2690,4888,0.13228210800744705,0.18043579962637826,0.18973644136023857,2676,0,0.1345
63,16190,rx_cerberus_base,/home/telilab4090/Documents/Gazebo World/my_world/rt_out/experiments/semantic_ablation_rigid_200f/sionna_xml/frame_063_sionna.xml,30.0,0.0,0.0,2.4,4.074,-1.779,0.81,28000000000.0,18,1.574846919538686e-08,5.723669715962387e-08,4.148822796423701e-08,3.621421384991663e-08,-74.41120938168608,-44.41120938168608,cir_coefficients_tau_mask,,"[1, 1, 1, 1, 18, 1]","[1, 1, 18]","[1, 1, 18]","[1, 1, 18]",,True,,18,4.148822796423701e-08,-44.41120938168608,0,0.0,0.0,0,0,0,0,0,0,0,0,4.721272815671638,430,2655,5076,0.13118346737502096,0.18644859471997466,0.19297964406438795,2635,0,0.13275
64,16447,rx_cerberus_base,/home/telilab4090/Documents/Gazebo World/my_world/rt_out/experiments/semantic_ablation_rigid_200f/sionna_xml/frame_064_sionna.xml,30.0,0.0,0.0,2.4,4.074,-1.779,0.81,28000000000.0,18,1.574846919538686e-08,5.723669715962387e-08,4.148822796423701e-08,3.621421384991663e-08,-74.41120938168608,-44.41120938168608,cir_coefficients_tau_mask,,"[1, 1, 1, 1, 18, 1]","[1, 1, 18]","[1, 1, 18]","[1, 1, 18]",,True,,18,4.148822796423701e-08,-44.41120938168608,0,0.0,0.0,0,0,0,0,0,0,0,0,4.721272815671638,416,2652,4522,0.13125994707444297,0.1795877540193193,0.18999095860312237,2637,0,0.1326
65,16704,rx_cerberus_base,/home/telilab4090/Documents/Gazebo World/my_world/rt_out/experiments/semantic_ablation_rigid_200f/sionna_xml/frame_065_sionna.xml,30.0,0.0,0.0,2.4,4.074,-1.779,0.81,28000000000.0,18,1.574846919538686e-08,5.723669715962387e-08,4.148822796423701e-08,3.621421384991663e-08,-74.41120938168608,-44.41120938168608,cir_coefficients_tau_mask,,"[1, 1, 1, 1, 18, 1]","[1, 1, 18]","[1, 1, 18]","[1, 1, 18]",,True,,18,4.148822796423701e-08,-44.41120938168608,0,0.0,0.0,0,0,0,0,0,0,0,0,4.721272815671638,418,2703,5082,0.13283147468338335,0.18710678572565623,0.1935428886429989,2688,0,0.13515
66,16961,rx_cerberus_base,/home/telilab4090/Documents/Gazebo World/my_world/rt_out/experiments/semantic_ablation_rigid_200f/sionna_xml/frame_066_sionna.xml,30.0,0.0,0.0,2.4,4.074,-1.779,0.81,28000000000.0,18,1.574846919538686e-08,5.723669715962387e-08,4.148822796423701e-08,3.621421384991663e-08,-74.41120938168608,-44.41120938168608,cir_coefficients_tau_mask,,"[1, 1, 1, 1, 18, 1]","[1, 1, 18]","[1, 1, 18]","[1, 1, 18]",,True,,18,4.148822796423701e-08,-44.41120938168608,0,0.0,0.0,0,0,0,0,0,0,0,0,4.721272815671638,398,2620,5243,0.1315489734795868,0.1808722672264832,0.19071045044831714,2603,0,0.131
67,17218,rx_cerberus_base,/home/telilab4090/Documents/Gazebo World/my_world/rt_out/experiments/semantic_ablation_rigid_200f/sionna_xml/frame_067_sionna.xml,30.0,0.0,0.0,2.4,4.074,-1.779,0.81,28000000000.0,18,1.574846919538686e-08,5.723669715962387e-08,4.148822796423701e-08,3.621421740263031e-08,-74.4112089556313,-44.411208955631295,cir_coefficients_tau_mask,,"[1, 1, 1, 1, 18, 1]","[1, 1, 18]","[1, 1, 18]","[1, 1, 18]",,True,,18,4.148822796423701e-08,-44.41120938168608,0,0.0,4.2605478256518836e-07,0,0,0,0,0,0,0,0,4.721272815671638,451,2986,5330,0.14026482924767758,0.1901196116800128,0.19500275795783073,2709,0,0.1493
68,17475,rx_cerberus_base,/home/telilab4090/Documents/Gazebo World/my_world/rt_out/experiments/semantic_ablation_rigid_200f/sionna_xml/frame_068_sionna.xml,30.0,0.0,0.0,2.4,4.074,-1.779,0.81,28000000000.0,18,1.574846919538686e-08,5.723669715962387e-08,4.148822796423701e-08,3.621421384991663e-08,-74.41120938168608,-44.41120938168608,cir_coefficients_tau_mask,,"[1, 1, 1, 1, 18, 1]","[1, 1, 18]","[1, 1, 18]","[1, 1, 18]",,True,,18,4.148822796423701e-08,-44.411208955631295,0,0.0,-4.2605478256518836e-07,0,0,0,0,0,0,0,0,4.721272815671638,407,2980,5354,0.14051877001886806,0.18974716733935024,0.19443774949755163,2722,0,0.149
69,17732,rx_cerberus_base,/home/telilab4090/Documents/Gazebo World/my_world/rt_out/experiments/semantic_ablation_rigid_200f/sionna_xml/frame_069_sionna.xml,30.0,0.0,0.0,2.4,4.074,-1.779,0.81,28000000000.0,18,1.574846919538686e-08,5.723669715962387e-08,4.148822796423701e-08,3.621421384991663e-08,-74.41120938168608,-44.41120938168608,cir_coefficients_tau_mask,,"[1, 1, 1, 1, 18, 1]","[1, 1, 18]","[1, 1, 18]","[1, 1, 18]",,True,,18,4.148822796423701e-08,-44.41120938168608,0,0.0,0.0,0,0,0,0,0,0,0,0,4.721272815671638,422,2775,5195,0.13118346737502096,0.189158328909254,0.19417050792063634,2627,0,0.13875
70,17989,rx_cerberus_base,/home/telilab4090/Documents/Gazebo World/my_world/rt_out/experiments/semantic_ablation_rigid_200f/sionna_xml/frame_070_sionna.xml,30.0,0.0,0.0,2.4,4.074,-1.779,0.81,28000000000.0,18,1.574846919538686e-08,5.723669715962387e-08,4.148822796423701e-08,3.621421384991663e-08,-74.41120938168608,-44.41120938168608,cir_coefficients_tau_mask,,"[1, 1, 1, 1, 18, 1]","[1, 1, 18]","[1, 1, 18]","[1, 1, 18]",,True,,18,4.148822796423701e-08,-44.41120938168608,0,0.0,0.0,0,0,0,0,0,0,0,0,4.721272815671638,424,2794,5380,0.13255132313524756,0.18344569153258258,0.191927622692026,2721,0,0.1397
71,18246,rx_cerberus_base,/home/telilab4090/Documents/Gazebo World/my_world/rt_out/experiments/semantic_ablation_rigid_200f/sionna_xml/frame_071_sionna.xml,30.0,0.0,0.0,2.4,4.074,-1.779,0.81,28000000000.0,18,1.574846919538686e-08,5.723669715962387e-08,4.148822796423701e-08,3.621421740263031e-08,-74.4112089556313,-44.411208955631295,cir_coefficients_tau_mask,,"[1, 1, 1, 1, 18, 1]","[1, 1, 18]","[1, 1, 18]","[1, 1, 18]",,True,,18,4.148822796423701e-08,-44.41120938168608,0,0.0,4.2605478256518836e-07,0,0,0,0,0,0,0,0,4.721272815671638,424,2733,5373,0.13960462134545976,0.1883180984421337,0.19320825628052618,2715,0,0.13665
72,18503,rx_cerberus_base,/home/telilab4090/Documents/Gazebo World/my_world/rt_out/experiments/semantic_ablation_rigid_200f/sionna_xml/frame_072_sionna.xml,30.0,0.0,0.0,2.4,4.074,-1.779,0.81,28000000000.0,18,1.574846919538686e-08,5.723669715962387e-08,4.148822796423701e-08,3.621421384991663e-08,-74.41120938168608,-44.41120938168608,cir_coefficients_tau_mask,,"[1, 1, 1, 1, 18, 1]","[1, 1, 18]","[1, 1, 18]","[1, 1, 18]",,True,,18,4.148822796423701e-08,-44.411208955631295,0,0.0,-4.2605478256518836e-07,0,0,0,0,0,0,0,0,4.721272815671638,441,2721,5383,0.1315489734795868,0.18573715444748057,0.19230597045588482,2703,0,0.13605
73,18760,rx_cerberus_base,/home/telilab4090/Documents/Gazebo World/my_world/rt_out/experiments/semantic_ablation_rigid_200f/sionna_xml/frame_073_sionna.xml,30.0,0.0,0.0,2.4,4.074,-1.779,0.81,28000000000.0,18,1.574846919538686e-08,5.723669715962387e-08,4.148822796423701e-08,3.621421384991663e-08,-74.41120938168608,-44.41120938168608,cir_coefficients_tau_mask,,"[1, 1, 1, 1, 18, 1]","[1, 1, 18]","[1, 1, 18]","[1, 1, 18]",,True,,18,4.148822796423701e-08,-44.41120938168608,0,0.0,0.0,0,0,0,0,0,0,0,0,4.721272815671638,418,2697,5329,0.13218806119579188,0.1897885229846355,0.19472298264306218,2681,0,0.13485
74,19017,rx_cerberus_base,/home/telilab4090/Documents/Gazebo World/my_world/rt_out/experiments/semantic_ablation_rigid_200f/sionna_xml/frame_074_sionna.xml,30.0,0.0,0.0,2.4,4.074,-1.779,0.81,28000000000.0,18,1.574846919538686e-08,5.723669715962387e-08,4.148822796423701e-08,3.621421384991663e-08,-74.41120938168608,-44.41120938168608,cir_coefficients_tau_mask,,"[1, 1, 1, 1, 18, 1]","[1, 1, 18]","[1, 1, 18]","[1, 1, 18]",,True,,18,4.148822796423701e-08,-44.41120938168608,0,0.0,0.0,0,0,0,0,0,0,0,0,4.721272815671638,432,2737,5383,0.13997979784814682,0.18616668779917006,0.19308808535596766,2720,0,0.13685
75,19274,rx_cerberus_base,/home/telilab4090/Documents/Gazebo World/my_world/rt_out/experiments/semantic_ablation_rigid_200f/sionna_xml/frame_075_sionna.xml,30.0,0.0,0.0,2.4,4.074,-1.779,0.81,28000000000.0,18,1.574846919538686e-08,5.723669715962387e-08,4.148822796423701e-08,3.621421384991663e-08,-74.41120938168608,-44.41120938168608,cir_coefficients_tau_mask,,"[1, 1, 1, 1, 18, 1]","[1, 1, 18]","[1, 1, 18]","[1, 1, 18]",,True,,18,4.148822796423701e-08,-44.41120938168608,0,0.0,0.0,0,0,0,0,0,0,0,0,4.721272815671638,434,2679,5340,0.13144395597453848,0.18932849630095808,0.1944351045874088,2662,0,0.13395
76,19531,rx_cerberus_base,/home/telilab4090/Documents/Gazebo World/my_world/rt_out/experiments/semantic_ablation_rigid_200f/sionna_xml/frame_076_sionna.xml,30.0,0.0,0.0,2.4,4.074,-1.779,0.81,28000000000.0,18,1.574846919538686e-08,5.723669715962387e-08,4.148822796423701e-08,3.621421384991663e-08,-74.41120938168608,-44.41120938168608,cir_coefficients_tau_mask,,"[1, 1, 1, 1, 18, 1]","[1, 1, 18]","[1, 1, 18]","[1, 1, 18]",,True,,18,4.148822796423701e-08,-44.41120938168608,0,0.0,0.0,0,0,0,0,0,0,0,0,4.721272815671638,445,2728,4757,0.13218806119579188,0.1862294744391309,0.19252000946729678,2711,0,0.1364
77,19788,rx_cerberus_base,/home/telilab4090/Documents/Gazebo World/my_world/rt_out/experiments/semantic_ablation_rigid_200f/sionna_xml/frame_077_sionna.xml,30.0,0.0,0.0,2.4,4.074,-1.779,0.81,28000000000.0,18,1.574846919538686e-08,5.723669715962387e-08,4.148822796423701e-08,3.621421384991663e-08,-74.41120938168608,-44.41120938168608,cir_coefficients_tau_mask,,"[1, 1, 1, 1, 18, 1]","[1, 1, 18]","[1, 1, 18]","[1, 1, 18]",,True,,18,4.148822796423701e-08,-44.41120938168608,0,0.0,0.0,0,0,0,0,0,0,0,0,4.721272815671638,434,2782,3998,0.1319074983622544,0.18027622465367849,0.19157359481533484,2764,0,0.1391
78,20045,rx_cerberus_base,/home/telilab4090/Documents/Gazebo World/my_world/rt_out/experiments/semantic_ablation_rigid_200f/sionna_xml/frame_078_sionna.xml,30.0,0.0,0.0,2.4,4.074,-1.779,0.81,28000000000.0,18,1.574846919538686e-08,5.723669715962387e-08,4.148822796423701e-08,3.621421740263031e-08,-74.4112089556313,-44.411208955631295,cir_coefficients_tau_mask,,"[1, 1, 1, 1, 18, 1]","[1, 1, 18]","[1, 1, 18]","[1, 1, 18]",,True,,18,4.148822796423701e-08,-44.41120938168608,0,0.0,4.2605478256518836e-07,0,0,0,0,0,0,0,0,4.721272815671638,418,2750,3964,0.13105815739639995,0.18303688151432104,0.1917680638123753,2736,0,0.1375
79,20302,rx_cerberus_base,/home/telilab4090/Documents/Gazebo World/my_world/rt_out/experiments/semantic_ablation_rigid_200f/sionna_xml/frame_079_sionna.xml,30.0,0.0,0.0,2.4,4.074,-1.779,0.81,28000000000.0,18,1.574846919538686e-08,5.723669715962387e-08,4.148822796423701e-08,3.621421384991663e-08,-74.41120938168608,-44.41120938168608,cir_coefficients_tau_mask,,"[1, 1, 1, 1, 18, 1]","[1, 1, 18]","[1, 1, 18]","[1, 1, 18]",,True,,18,4.148822796423701e-08,-44.411208955631295,0,0.0,-4.2605478256518836e-07,0,0,0,0,0,0,0,0,4.721272815671638,424,2771,4024,0.13218806119579188,0.17974547571778532,0.18977890910773204,2753,0,0.13855
80,20559,rx_cerberus_base,/home/telilab4090/Documents/Gazebo World/my_world/rt_out/experiments/semantic_ablation_rigid_200f/sionna_xml/frame_080_sionna.xml,30.0,0.0,0.0,2.4,4.074,-1.779,0.81,28000000000.0,18,1.574846919538686e-08,5.723669715962387e-08,4.148822796423701e-08,3.621421384991663e-08,-74.41120938168608,-44.41120938168608,cir_coefficients_tau_mask,,"[1, 1, 1, 1, 18, 1]","[1, 1, 18]","[1, 1, 18]","[1, 1, 18]",,True,,18,4.148822796423701e-08,-44.41120938168608,0,0.0,0.0,0,0,0,0,0,0,0,0,4.721272815671638,407,2675,3918,0.13913295320713343,0.18012277476963062,0.18893568331959176,2654,0,0.13375
81,20816,rx_cerberus_base,/home/telilab4090/Documents/Gazebo World/my_world/rt_out/experiments/semantic_ablation_rigid_200f/sionna_xml/frame_081_sionna.xml,30.0,0.0,0.0,2.4,4.074,-1.779,0.81,28000000000.0,18,1.574846919538686e-08,5.723669715962387e-08,4.148822796423701e-08,3.621421740263031e-08,-74.4112089556313,-44.411208955631295,cir_coefficients_tau_mask,,"[1, 1, 1, 1, 18, 1]","[1, 1, 18]","[1, 1, 18]","[1, 1, 18]",,True,,18,4.148822796423701e-08,-44.41120938168608,0,0.0,4.2605478256518836e-07,0,0,0,0,0,0,0,0,4.721272815671638,419,2749,3401,0.14054928522094892,0.18707092005926898,0.19379446938863049,2734,0,0.13745
82,21073,rx_cerberus_base,/home/telilab4090/Documents/Gazebo World/my_world/rt_out/experiments/semantic_ablation_rigid_200f/sionna_xml/frame_082_sionna.xml,30.0,0.0,0.0,2.4,4.074,-1.779,0.81,28000000000.0,18,1.574846919538686e-08,5.723669715962387e-08,4.148822796423701e-08,3.621421740263031e-08,-74.4112089556313,-44.411208955631295,cir_coefficients_tau_mask,,"[1, 1, 1, 1, 18, 1]","[1, 1, 18]","[1, 1, 18]","[1, 1, 18]",,True,,18,4.148822796423701e-08,-44.411208955631295,0,0.0,0.0,0,0,0,0,0,0,0,0,4.721272815671638,454,2698,3316,0.13202671693980725,0.1809073852902629,0.19004772318300303,2682,0,0.1349
83,21330,rx_cerberus_base,/home/telilab4090/Documents/Gazebo World/my_world/rt_out/experiments/semantic_ablation_rigid_200f/sionna_xml/frame_083_sionna.xml,30.0,0.0,0.0,2.4,4.074,-1.779,0.81,28000000000.0,18,1.574846919538686e-08,5.723669715962387e-08,4.148822796423701e-08,3.621421740263031e-08,-74.4112089556313,-44.411208955631295,cir_coefficients_tau_mask,,"[1, 1, 1, 1, 18, 1]","[1, 1, 18]","[1, 1, 18]","[1, 1, 18]",,True,,18,4.148822796423701e-08,-44.411208955631295,0,0.0,0.0,0,0,0,0,0,0,0,0,4.721272815671638,450,2705,3231,0.13255132313524756,0.17762477248483355,0.18887576905194284,2688,0,0.13525
84,21587,rx_cerberus_base,/home/telilab4090/Documents/Gazebo World/my_world/rt_out/experiments/semantic_ablation_rigid_200f/sionna_xml/frame_084_sionna.xml,30.0,0.0,0.0,2.4,4.074,-1.779,0.81,28000000000.0,18,1.574846919538686e-08,5.723669715962387e-08,4.148822796423701e-08,3.621421740263031e-08,-74.4112089556313,-44.411208955631295,cir_coefficients_tau_mask,,"[1, 1, 1, 1, 18, 1]","[1, 1, 18]","[1, 1, 18]","[1, 1, 18]",,True,,18,4.148822796423701e-08,-44.411208955631295,0,0.0,0.0,0,0,0,0,0,0,0,0,4.721272815671638,428,2724,3248,0.13298783176984602,0.18675505773647827,0.19355475002598932,2711,0,0.1362
85,21844,rx_cerberus_base,/home/telilab4090/Documents/Gazebo World/my_world/rt_out/experiments/semantic_ablation_rigid_200f/sionna_xml/frame_085_sionna.xml,30.0,0.0,0.0,2.4,4.074,-1.779,0.81,28000000000.0,18,1.574846919538686e-08,5.723669715962387e-08,4.148822796423701e-08,3.621421740263031e-08,-74.4112089556313,-44.411208955631295,cir_coefficients_tau_mask,,"[1, 1, 1, 1, 18, 1]","[1, 1, 18]","[1, 1, 18]","[1, 1, 18]",,True,,18,4.148822796423701e-08,-44.411208955631295,0,0.0,0.0,0,0,0,0,0,0,0,0,4.721272815671638,414,2679,3206,0.1328704087157611,0.18358843884389428,0.19139903060551688,2662,0,0.13395
86,22101,rx_cerberus_base,/home/telilab4090/Documents/Gazebo World/my_world/rt_out/experiments/semantic_ablation_rigid_200f/sionna_xml/frame_086_sionna.xml,30.0,0.0,0.0,2.4,4.074,-1.779,0.81,28000000000.0,18,1.574846919538686e-08,5.723669715962387e-08,4.148822796423701e-08,3.621421384991663e-08,-74.41120938168608,-44.41120938168608,cir_coefficients_tau_mask,,"[1, 1, 1, 1, 18, 1]","[1, 1, 18]","[1, 1, 18]","[1, 1, 18]",,True,,18,4.148822796423701e-08,-44.411208955631295,0,0.0,-4.2605478256518836e-07,0,0,0,0,0,0,0,0,4.721272815671638,425,2745,3272,0.1392095191478942,0.18633435153306568,0.19291520009183022,2735,0,0.13725
87,22358,rx_cerberus_base,/home/telilab4090/Documents/Gazebo World/my_world/rt_out/experiments/semantic_ablation_rigid_200f/sionna_xml/frame_087_sionna.xml,30.0,0.0,0.0,2.4,4.074,-1.779,0.81,28000000000.0,18,1.574846919538686e-08,5.723669715962387e-08,4.148822796423701e-08,3.621421384991663e-08,-74.41120938168608,-44.41120938168608,cir_coefficients_tau_mask,,"[1, 1, 1, 1, 18, 1]","[1, 1, 18]","[1, 1, 18]","[1, 1, 18]",,True,,18,4.148822796423701e-08,-44.41120938168608,0,0.0,0.0,0,0,0,0,0,0,0,0,4.721272815671638,418,2728,3197,0.1319074983622544,0.18354336862219267,0.19227272281169241,2710,0,0.1364
88,22615,rx_cerberus_base,/home/telilab4090/Documents/Gazebo World/my_world/rt_out/experiments/semantic_ablation_rigid_200f/sionna_xml/frame_088_sionna.xml,30.0,0.0,0.0,2.4,4.074,-1.779,0.81,28000000000.0,18,1.574846919538686e-08,5.723669715962387e-08,4.148822796423701e-08,3.621421384991663e-08,-74.41120938168608,-44.41120938168608,cir_coefficients_tau_mask,,"[1, 1, 1, 1, 18, 1]","[1, 1, 18]","[1, 1, 18]","[1, 1, 18]",,True,,18,4.148822796423701e-08,-44.41120938168608,0,0.0,0.0,0,0,0,0,0,0,0,0,4.721272815671638,420,2675,3157,0.1326189273086722,0.18950599841669713,0.19384255347939192,2662,0,0.13375
89,22872,rx_cerberus_base,/home/telilab4090/Documents/Gazebo World/my_world/rt_out/experiments/semantic_ablation_rigid_200f/sionna_xml/frame_089_sionna.xml,30.0,0.0,0.0,2.4,4.074,-1.779,0.81,28000000000.0,18,1.574846919538686e-08,5.723669715962387e-08,4.148822796423701e-08,3.621421740263031e-08,-74.4112089556313,-44.411208955631295,cir_coefficients_tau_mask,,"[1, 1, 1, 1, 18, 1]","[1, 1, 18]","[1, 1, 18]","[1, 1, 18]",,True,,18,4.148822796423701e-08,-44.41120938168608,0,0.0,4.2605478256518836e-07,0,0,0,0,0,0,0,0,4.721272815671638,396,2674,3087,0.1882530044718953,0.19294905357645015,0.19548033055139882,2661,0,0.1337
90,23129,rx_cerberus_base,/home/telilab4090/Documents/Gazebo World/my_world/rt_out/experiments/semantic_ablation_rigid_200f/sionna_xml/frame_090_sionna.xml,30.0,0.0,0.0,2.4,4.074,-1.779,0.81,28000000000.0,18,1.574846919538686e-08,5.723669715962387e-08,4.148822796423701e-08,3.621421384991663e-08,-74.41120938168608,-44.41120938168608,cir_coefficients_tau_mask,,"[1, 1, 1, 1, 18, 1]","[1, 1, 18]","[1, 1, 18]","[1, 1, 18]",,True,,18,4.148822796423701e-08,-44.411208955631295,0,0.0,-4.2605478256518836e-07,0,0,0,0,0,0,0,0,4.721272815671638,448,2734,3202,0.13300034556577112,0.18388982121051028,0.19187302878444895,2719,0,0.1367
91,23386,rx_cerberus_base,/home/telilab4090/Documents/Gazebo World/my_world/rt_out/experiments/semantic_ablation_rigid_200f/sionna_xml/frame_091_sionna.xml,30.0,0.0,0.0,2.4,4.074,-1.779,0.81,28000000000.0,18,1.574846919538686e-08,5.723669715962387e-08,4.148822796423701e-08,3.621421384991663e-08,-74.41120938168608,-44.41120938168608,cir_coefficients_tau_mask,,"[1, 1, 1, 1, 18, 1]","[1, 1, 18]","[1, 1, 18]","[1, 1, 18]",,True,,18,4.148822796423701e-08,-44.41120938168608,0,0.0,0.0,0,0,0,0,0,0,0,0,4.721272815671638,419,2707,3190,0.13118346737502096,0.18099452230693278,0.19135282460158146,2690,0,0.13535
92,23643,rx_cerberus_base,/home/telilab4090/Documents/Gazebo World/my_world/rt_out/experiments/semantic_ablation_rigid_200f/sionna_xml/frame_092_sionna.xml,30.0,0.0,0.0,2.4,4.074,-1.779,0.81,28000000000.0,18,1.574846919538686e-08,5.723669715962387e-08,4.148822796423701e-08,3.621421740263031e-08,-74.4112089556313,-44.411208955631295,cir_coefficients_tau_mask,,"[1, 1, 1, 1, 18, 1]","[1, 1, 18]","[1, 1, 18]","[1, 1, 18]",,True,,18,4.148822796423701e-08,-44.41120938168608,0,0.0,4.2605478256518836e-07,0,0,0,0,0,0,0,0,4.721272815671638,420,2694,3114,0.13931695898034263,0.18613330429223057,0.1925001451561322,2680,0,0.1347
93,23900,rx_cerberus_base,/home/telilab4090/Documents/Gazebo World/my_world/rt_out/experiments/semantic_ablation_rigid_200f/sionna_xml/frame_093_sionna.xml,30.0,0.0,0.0,2.4,4.074,-1.779,0.81,28000000000.0,18,1.574846919538686e-08,5.723669715962387e-08,4.148822796423701e-08,3.621421740263031e-08,-74.4112089556313,-44.411208955631295,cir_coefficients_tau_mask,,"[1, 1, 1, 1, 18, 1]","[1, 1, 18]","[1, 1, 18]","[1, 1, 18]",,True,,18,4.148822796423701e-08,-44.411208955631295,0,0.0,0.0,0,0,0,0,0,0,0,0,4.721272815671638,441,2728,3199,0.13909533446778996,0.18675863421293523,0.19342595829137552,2713,0,0.1364
94,24157,rx_cerberus_base,/home/telilab4090/Documents/Gazebo World/my_world/rt_out/experiments/semantic_ablation_rigid_200f/sionna_xml/frame_094_sionna.xml,30.0,0.0,0.0,2.4,4.074,-1.779,0.81,28000000000.0,18,1.574846919538686e-08,5.723669715962387e-08,4.148822796423701e-08,3.621421740263031e-08,-74.4112089556313,-44.411208955631295,cir_coefficients_tau_mask,,"[1, 1, 1, 1, 18, 1]","[1, 1, 18]","[1, 1, 18]","[1, 1, 18]",,True,,18,4.148822796423701e-08,-44.411208955631295,0,0.0,0.0,0,0,0,0,0,0,0,0,4.721272815671638,414,2714,3186,0.1310862272609371,0.1852944026613857,0.19222667696899084,2691,0,0.1357
95,24414,rx_cerberus_base,/home/telilab4090/Documents/Gazebo World/my_world/rt_out/experiments/semantic_ablation_rigid_200f/sionna_xml/frame_095_sionna.xml,30.0,0.0,0.0,2.4,4.074,-1.779,0.81,28000000000.0,18,1.574846919538686e-08,5.723669715962387e-08,4.148822796423701e-08,3.621421740263031e-08,-74.4112089556313,-44.411208955631295,cir_coefficients_tau_mask,,"[1, 1, 1, 1, 18, 1]","[1, 1, 18]","[1, 1, 18]","[1, 1, 18]",,True,,18,4.148822796423701e-08,-44.411208955631295,0,0.0,0.0,0,0,0,0,0,0,0,0,4.721272815671638,423,2673,3111,0.13202671693980725,0.18200145594401446,0.19136602357294952,2656,0,0.13365
96,24671,rx_cerberus_base,/home/telilab4090/Documents/Gazebo World/my_world/rt_out/experiments/semantic_ablation_rigid_200f/sionna_xml/frame_096_sionna.xml,30.0,0.0,0.0,2.4,4.074,-1.779,0.81,28000000000.0,18,1.574846919538686e-08,5.723669715962387e-08,4.148822796423701e-08,3.621421384991663e-08,-74.41120938168608,-44.41120938168608,cir_coefficients_tau_mask,,"[1, 1, 1, 1, 18, 1]","[1, 1, 18]","[1, 1, 18]","[1, 1, 18]",,True,,18,4.148822796423701e-08,-44.411208955631295,0,0.0,-4.2605478256518836e-07,0,0,0,0,0,0,0,0,4.721272815671638,416,2720,3161,0.13228210800744705,0.18057976099214115,0.19066235488580993,2700,0,0.136
97,24928,rx_cerberus_base,/home/telilab4090/Documents/Gazebo World/my_world/rt_out/experiments/semantic_ablation_rigid_200f/sionna_xml/frame_097_sionna.xml,30.0,0.0,0.0,2.4,4.074,-1.779,0.81,28000000000.0,18,1.574846919538686e-08,5.723669715962387e-08,4.148822796423701e-08,3.621421740263031e-08,-74.4112089556313,-44.411208955631295,cir_coefficients_tau_mask,,"[1, 1, 1, 1, 18, 1]","[1, 1, 18]","[1, 1, 18]","[1, 1, 18]",,True,,18,4.148822796423701e-08,-44.41120938168608,0,0.0,4.2605478256518836e-07,0,0,0,0,0,0,0,0,4.721272815671638,419,2750,3213,0.14015332501348235,0.1857862650795793,0.1924123811817978,2737,0,0.1375
98,25185,rx_cerberus_base,/home/telilab4090/Documents/Gazebo World/my_world/rt_out/experiments/semantic_ablation_rigid_200f/sionna_xml/frame_098_sionna.xml,30.0,0.0,0.0,2.4,4.074,-1.779,0.81,28000000000.0,18,1.574846919538686e-08,5.723669715962387e-08,4.148822796423701e-08,3.621421384991663e-08,-74.41120938168608,-44.41120938168608,cir_coefficients_tau_mask,,"[1, 1, 1, 1, 18, 1]","[1, 1, 18]","[1, 1, 18]","[1, 1, 18]",,True,,18,4.148822796423701e-08,-44.411208955631295,0,0.0,-4.2605478256518836e-07,0,0,0,0,0,0,0,0,4.721272815671638,436,2734,3192,0.1310862272609371,0.1890932686223533,0.19424823916526043,2720,0,0.1367
99,25442,rx_cerberus_base,/home/telilab4090/Documents/Gazebo World/my_world/rt_out/experiments/semantic_ablation_rigid_200f/sionna_xml/frame_099_sionna.xml,30.0,0.0,0.0,2.4,4.074,-1.779,0.81,28000000000.0,18,1.574846919538686e-08,5.723669715962387e-08,4.148822796423701e-08,3.621421384991663e-08,-74.41120938168608,-44.41120938168608,cir_coefficients_tau_mask,,"[1, 1, 1, 1, 18, 1]","[1, 1, 18]","[1, 1, 18]","[1, 1, 18]",,True,,18,4.148822796423701e-08,-44.41120938168608,0,0.0,0.0,0,0,0,0,0,0,0,0,4.721272815671638,433,2725,3168,0.13105815739639995,0.1871441541304532,0.19363235953377125,2703,0,0.13625
100,25698,rx_cerberus_base,/home/telilab4090/Documents/Gazebo World/my_world/rt_out/experiments/semantic_ablation_rigid_200f/sionna_xml/frame_100_sionna.xml,30.0,0.0,0.0,2.4,4.074,-1.779,0.81,28000000000.0,18,1.574846919538686e-08,5.723669715962387e-08,4.148822796423701e-08,3.621421740263031e-08,-74.4112089556313,-44.411208955631295,cir_coefficients_tau_mask,,"[1, 1, 1, 1, 18, 1]","[1, 1, 18]","[1, 1, 18]","[1, 1, 18]",,True,,18,4.148822796423701e-08,-44.41120938168608,0,0.0,4.2605478256518836e-07,0,0,0,0,0,0,0,0,4.721272815671638,453,2681,3696,0.13909533446778996,0.18561874552550559,0.19244505336400788,2664,0,0.13405
101,25955,rx_cerberus_base,/home/telilab4090/Documents/Gazebo World/my_world/rt_out/experiments/semantic_ablation_rigid_200f/sionna_xml/frame_101_sionna.xml,30.0,0.0,0.0,2.4,4.074,-1.779,0.81,28000000000.0,18,1.574846919538686e-08,5.723669715962387e-08,4.148822796423701e-08,3.621421384991663e-08,-74.41120938168608,-44.41120938168608,cir_coefficients_tau_mask,,"[1, 1, 1, 1, 18, 1]","[1, 1, 18]","[1, 1, 18]","[1, 1, 18]",,True,,18,4.148822796423701e-08,-44.411208955631295,0,0.0,-4.2605478256518836e-07,0,0,0,0,0,0,0,0,4.721272815671638,449,2790,3641,0.18724410767123523,0.19208969087101774,0.19578067512790986,2778,0,0.1395
102,26212,rx_cerberus_base,/home/telilab4090/Documents/Gazebo World/my_world/rt_out/experiments/semantic_ablation_rigid_200f/sionna_xml/frame_102_sionna.xml,30.0,0.0,0.0,2.4,4.074,-1.779,0.81,28000000000.0,18,1.574846919538686e-08,5.723669715962387e-08,4.148822796423701e-08,3.621421384991663e-08,-74.41120938168608,-44.41120938168608,cir_coefficients_tau_mask,,"[1, 1, 1, 1, 18, 1]","[1, 1, 18]","[1, 1, 18]","[1, 1, 18]",,True,,18,4.148822796423701e-08,-44.41120938168608,0,0.0,0.0,0,0,0,0,0,0,0,0,4.721272815671638,417,2662,3673,0.14101903969764612,0.18932509736093056,0.19472246692246528,2650,0,0.1331
103,26469,rx_cerberus_base,/home/telilab4090/Documents/Gazebo World/my_world/rt_out/experiments/semantic_ablation_rigid_200f/sionna_xml/frame_103_sionna.xml,30.0,0.0,0.0,2.4,4.074,-1.779,0.81,28000000000.0,18,1.574846919538686e-08,5.723669715962387e-08,4.148822796423701e-08,3.621421384991663e-08,-74.41120938168608,-44.41120938168608,cir_coefficients_tau_mask,,"[1, 1, 1, 1, 18, 1]","[1, 1, 18]","[1, 1, 18]","[1, 1, 18]",,True,,18,4.148822796423701e-08,-44.41120938168608,0,0.0,0.0,0,0,0,0,0,0,0,0,4.721272815671638,420,2668,3244,0.1315489734795868,0.18722103869971174,0.1939090694886806,2651,0,0.1334
104,26726,rx_cerberus_base,/home/telilab4090/Documents/Gazebo World/my_world/rt_out/experiments/semantic_ablation_rigid_200f/sionna_xml/frame_104_sionna.xml,30.0,0.0,0.0,2.4,4.074,-1.779,0.81,28000000000.0,18,1.574846919538686e-08,5.723669715962387e-08,4.148822796423701e-08,3.621421740263031e-08,-74.4112089556313,-44.411208955631295,cir_coefficients_tau_mask,,"[1, 1, 1, 1, 18, 1]","[1, 1, 18]","[1, 1, 18]","[1, 1, 18]",,True,,18,4.148822796423701e-08,-44.41120938168608,0,0.0,4.2605478256518836e-07,0,0,0,0,0,0,0,0,4.721272815671638,408,2710,3238,0.13125994707444297,0.18094206977734797,0.19152556610878435,2699,0,0.1355
105,26983,rx_cerberus_base,/home/telilab4090/Documents/Gazebo World/my_world/rt_out/experiments/semantic_ablation_rigid_200f/sionna_xml/frame_105_sionna.xml,30.0,0.0,0.0,2.4,4.074,-1.779,0.81,28000000000.0,18,1.574846919538686e-08,5.723669715962387e-08,4.148822796423701e-08,3.621421384991663e-08,-74.41120938168608,-44.41120938168608,cir_coefficients_tau_mask,,"[1, 1, 1, 1, 18, 1]","[1, 1, 18]","[1, 1, 18]","[1, 1, 18]",,True,,18,4.148822796423701e-08,-44.411208955631295,0,0.0,-4.2605478256518836e-07,0,0,0,0,0,0,0,0,4.721272815671638,451,2742,3276,0.1319074983622544,0.18332818556050762,0.1912801758583405,2727,0,0.1371
106,27240,rx_cerberus_base,/home/telilab4090/Documents/Gazebo World/my_world/rt_out/experiments/semantic_ablation_rigid_200f/sionna_xml/frame_106_sionna.xml,30.0,0.0,0.0,2.4,4.074,-1.779,0.81,28000000000.0,18,1.574846919538686e-08,5.723669715962387e-08,4.148822796423701e-08,3.621421384991663e-08,-74.41120938168608,-44.41120938168608,cir_coefficients_tau_mask,,"[1, 1, 1, 1, 18, 1]","[1, 1, 18]","[1, 1, 18]","[1, 1, 18]",,True,,18,4.148822796423701e-08,-44.41120938168608,0,0.0,0.0,0,0,0,0,0,0,0,0,4.721272815671638,465,2708,3228,0.13202671693980725,0.18823099263674892,0.1929564224825587,2697,0,0.1354
107,27497,rx_cerberus_base,/home/telilab4090/Documents/Gazebo World/my_world/rt_out/experiments/semantic_ablation_rigid_200f/sionna_xml/frame_107_sionna.xml,30.0,0.0,0.0,2.4,4.074,-1.779,0.81,28000000000.0,18,1.574846919538686e-08,5.723669715962387e-08,4.148822796423701e-08,3.621421384991663e-08,-74.41120938168608,-44.41120938168608,cir_coefficients_tau_mask,,"[1, 1, 1, 1, 18, 1]","[1, 1, 18]","[1, 1, 18]","[1, 1, 18]",,True,,18,4.148822796423701e-08,-44.41120938168608,0,0.0,0.0,0,0,0,0,0,0,0,0,4.721272815671638,432,2685,3258,0.13931695898034263,0.18405413370856527,0.1915657980671239,2666,0,0.13425
108,27754,rx_cerberus_base,/home/telilab4090/Documents/Gazebo World/my_world/rt_out/experiments/semantic_ablation_rigid_200f/sionna_xml/frame_108_sionna.xml,30.0,0.0,0.0,2.4,4.074,-1.779,0.81,28000000000.0,18,1.574846919538686e-08,5.723669715962387e-08,4.148822796423701e-08,3.621421384991663e-08,-74.41120938168608,-44.41120938168608,cir_coefficients_tau_mask,,"[1, 1, 1, 1, 18, 1]","[1, 1, 18]","[1, 1, 18]","[1, 1, 18]",,True,,18,4.148822796423701e-08,-44.41120938168608,0,0.0,0.0,0,0,0,0,0,0,0,0,4.721272815671638,408,2717,3671,0.1328704087157611,0.17386472295602928,0.18738415643807652,2707,0,0.13585
109,28011,rx_cerberus_base,/home/telilab4090/Documents/Gazebo World/my_world/rt_out/experiments/semantic_ablation_rigid_200f/sionna_xml/frame_109_sionna.xml,30.0,0.0,0.0,2.4,4.074,-1.779,0.81,28000000000.0,18,1.574846919538686e-08,5.723669715962387e-08,4.148822796423701e-08,3.621421384991663e-08,-74.41120938168608,-44.41120938168608,cir_coefficients_tau_mask,,"[1, 1, 1, 1, 18, 1]","[1, 1, 18]","[1, 1, 18]","[1, 1, 18]",,True,,18,4.148822796423701e-08,-44.41120938168608,0,0.0,0.0,0,0,0,0,0,0,0,0,4.721272815671638,434,2767,5449,0.18949816583251153,0.19304959207969286,0.19581988468828848,2751,0,0.13835
110,28268,rx_cerberus_base,/home/telilab4090/Documents/Gazebo World/my_world/rt_out/experiments/semantic_ablation_rigid_200f/sionna_xml/frame_110_sionna.xml,30.0,0.0,0.0,2.4,4.074,-1.779,0.81,28000000000.0,17,1.574846919538686e-08,5.478522524526852e-08,3.903675604988166e-08,3.617294197511001e-08,-74.41616168274675,-44.41616168274675,cir_coefficients_tau_mask,,"[1, 1, 1, 1, 17, 1]","[1, 1, 17]","[1, 1, 17]","[1, 1, 17]",,True,,18,4.148822796423701e-08,-44.41120938168608,-1,-2.451471914355352e-09,-0.004952301060669129,1,1,0,0,0,0,0,0,4.721272815671638,396,2708,5387,0.13913295320713343,0.18665130402345212,0.19254587507702844,2653,0,0.1354
111,28525,rx_cerberus_base,/home/telilab4090/Documents/Gazebo World/my_world/rt_out/experiments/semantic_ablation_rigid_200f/sionna_xml/frame_111_sionna.xml,30.0,0.0,0.0,2.4,4.074,-1.779,0.81,28000000000.0,18,1.574846919538686e-08,5.723669715962387e-08,4.148822796423701e-08,3.621421384991663e-08,-74.41120938168608,-44.41120938168608,cir_coefficients_tau_mask,,"[1, 1, 1, 1, 18, 1]","[1, 1, 18]","[1, 1, 18]","[1, 1, 18]",,True,,17,3.903675604988166e-08,-44.41616168274675,1,2.451471914355352e-09,0.004952301060669129,1,0,0,0,0,1,1,1,4.721272815671638,441,2938,5348,0.13105815739639995,0.18288832997891846,0.19063398343352778,2728,0,0.1469
112,28782,rx_cerberus_base,/home/telilab4090/Documents/Gazebo World/my_world/rt_out/experiments/semantic_ablation_rigid_200f/sionna_xml/frame_112_sionna.xml,30.0,0.0,0.0,2.4,4.074,-1.779,0.81,28000000000.0,18,1.574846919538686e-08,5.723669715962387e-08,4.148822796423701e-08,3.621421740263031e-08,-74.4112089556313,-44.411208955631295,cir_coefficients_tau_mask,,"[1, 1, 1, 1, 18, 1]","[1, 1, 18]","[1, 1, 18]","[1, 1, 18]",,True,,18,4.148822796423701e-08,-44.41120938168608,0,0.0,4.2605478256518836e-07,0,0,0,0,0,0,0,0,4.721272815671638,426,2913,5401,0.1310862272609371,0.18607902237595403,0.19246840179147384,2657,0,0.14565
113,29039,rx_cerberus_base,/home/telilab4090/Documents/Gazebo World/my_world/rt_out/experiments/semantic_ablation_rigid_200f/sionna_xml/frame_113_sionna.xml,30.0,0.0,0.0,2.4,4.074,-1.779,0.81,28000000000.0,18,1.574846919538686e-08,5.723669715962387e-08,4.148822796423701e-08,3.621421740263031e-08,-74.4112089556313,-44.411208955631295,cir_coefficients_tau_mask,,"[1, 1, 1, 1, 18, 1]","[1, 1, 18]","[1, 1, 18]","[1, 1, 18]",,True,,18,4.148822796423701e-08,-44.411208955631295,0,0.0,0.0,0,0,0,0,0,0,0,0,4.721272815671638,435,2886,5319,0.13105815739639995,0.18013533949013114,0.19002887026498652,2618,0,0.1443
114,29296,rx_cerberus_base,/home/telilab4090/Documents/Gazebo World/my_world/rt_out/experiments/semantic_ablation_rigid_200f/sionna_xml/frame_114_sionna.xml,30.0,0.0,0.0,2.4,4.074,-1.779,0.81,28000000000.0,18,1.574846919538686e-08,5.723669715962387e-08,4.148822796423701e-08,3.6214210297202953e-08,-74.41120980774089,-44.41120980774089,cir_coefficients_tau_mask,,"[1, 1, 1, 1, 18, 1]","[1, 1, 18]","[1, 1, 18]","[1, 1, 18]",,True,,18,4.148822796423701e-08,-44.411208955631295,0,0.0,-8.521095935520862e-07,0,0,0,0,0,0,0,0,4.721272815671638,397,2932,5363,0.13144395597453848,0.18300871228500462,0.19162655625974562,2726,0,0.1466
115,29553,rx_cerberus_base,/home/telilab4090/Documents/Gazebo World/my_world/rt_out/experiments/semantic_ablation_rigid_200f/sionna_xml/frame_115_sionna.xml,30.0,0.0,0.0,2.4,4.074,-1.779,0.81,28000000000.0,18,1.574846919538686e-08,5.723669715962387e-08,4.148822796423701e-08,3.621421740263031e-08,-74.4112089556313,-44.411208955631295,cir_coefficients_tau_mask,,"[1, 1, 1, 1, 18, 1]","[1, 1, 18]","[1, 1, 18]","[1, 1, 18]",,True,,18,4.148822796423701e-08,-44.41120980774089,0,0.0,8.521095935520862e-07,0,0,0,0,0,0,0,0,4.721272815671638,435,2706,5321,0.1310862272609371,0.18354229885644363,0.19202365895860318,2670,0,0.1353
116,29810,rx_cerberus_base,/home/telilab4090/Documents/Gazebo World/my_world/rt_out/experiments/semantic_ablation_rigid_200f/sionna_xml/frame_116_sionna.xml,30.0,0.0,0.0,2.4,4.074,-1.779,0.81,28000000000.0,18,1.574846919538686e-08,5.723669715962387e-08,4.148822796423701e-08,3.621421740263031e-08,-74.4112089556313,-44.411208955631295,cir_coefficients_tau_mask,,"[1, 1, 1, 1, 18, 1]","[1, 1, 18]","[1, 1, 18]","[1, 1, 18]",,True,,18,4.148822796423701e-08,-44.411208955631295,0,0.0,0.0,0,0,0,0,0,0,0,0,4.721272815671638,441,2838,5394,0.1398595601223883,0.19016130088458447,0.19466656070714625,2822,0,0.1419
117,30067,rx_cerberus_base,/home/telilab4090/Documents/Gazebo World/my_world/rt_out/experiments/semantic_ablation_rigid_200f/sionna_xml/frame_117_sionna.xml,30.0,0.0,0.0,2.4,4.074,-1.779,0.81,28000000000.0,18,1.574846919538686e-08,5.723669715962387e-08,4.148822796423701e-08,3.621421740263031e-08,-74.4112089556313,-44.411208955631295,cir_coefficients_tau_mask,,"[1, 1, 1, 1, 18, 1]","[1, 1, 18]","[1, 1, 18]","[1, 1, 18]",,True,,18,4.148822796423701e-08,-44.411208955631295,0,0.0,0.0,0,0,0,0,0,0,0,0,4.721272815671638,443,2633,5309,0.13202671693980725,0.18969440467699736,0.19481132606894164,2618,0,0.13165
118,30324,rx_cerberus_base,/home/telilab4090/Documents/Gazebo World/my_world/rt_out/experiments/semantic_ablation_rigid_200f/sionna_xml/frame_118_sionna.xml,30.0,0.0,0.0,2.4,4.074,-1.779,0.81,28000000000.0,18,1.574846919538686e-08,5.723669715962387e-08,4.148822796423701e-08,3.621421384991663e-08,-74.41120938168608,-44.41120938168608,cir_coefficients_tau_mask,,"[1, 1, 1, 1, 18, 1]","[1, 1, 18]","[1, 1, 18]","[1, 1, 18]",,True,,18,4.148822796423701e-08,-44.411208955631295,0,0.0,-4.2605478256518836e-07,0,0,0,0,0,0,0,0,4.721272815671638,472,2752,5247,0.1326189273086722,0.18828009004349072,0.1927472526442131,2731,0,0.1376
119,30581,rx_cerberus_base,/home/telilab4090/Documents/Gazebo World/my_world/rt_out/experiments/semantic_ablation_rigid_200f/sionna_xml/frame_119_sionna.xml,30.0,0.0,0.0,2.4,4.074,-1.779,0.81,28000000000.0,18,1.574846919538686e-08,5.723669715962387e-08,4.148822796423701e-08,3.621421384991663e-08,-74.41120938168608,-44.41120938168608,cir_coefficients_tau_mask,,"[1, 1, 1, 1, 18, 1]","[1, 1, 18]","[1, 1, 18]","[1, 1, 18]",,True,,18,4.148822796423701e-08,-44.41120938168608,0,0.0,0.0,0,0,0,0,0,0,0,0,4.721272815671638,407,2650,3247,0.18788061566416048,0.1916348686672255,0.19497816313743146,2637,0,0.1325
120,30838,rx_cerberus_base,/home/telilab4090/Documents/Gazebo World/my_world/rt_out/experiments/semantic_ablation_rigid_200f/sionna_xml/frame_120_sionna.xml,30.0,0.0,0.0,2.4,4.074,-1.779,0.81,28000000000.0,18,1.574846919538686e-08,5.723669715962387e-08,4.148822796423701e-08,3.6214210297202953e-08,-74.41120980774089,-44.41120980774089,cir_coefficients_tau_mask,,"[1, 1, 1, 1, 18, 1]","[1, 1, 18]","[1, 1, 18]","[1, 1, 18]",,True,,18,4.148822796423701e-08,-44.41120938168608,0,0.0,-4.260548109868978e-07,0,0,0,0,0,0,0,0,4.721272815671638,433,2707,3510,0.13218806119579188,0.18331939480107093,0.19177765408488764,2694,0,0.13535
121,31095,rx_cerberus_base,/home/telilab4090/Documents/Gazebo World/my_world/rt_out/experiments/semantic_ablation_rigid_200f/sionna_xml/frame_121_sionna.xml,30.0,0.0,0.0,2.4,4.074,-1.779,0.81,28000000000.0,18,1.574846919538686e-08,5.723669715962387e-08,4.148822796423701e-08,3.6214210297202953e-08,-74.41120980774089,-44.41120980774089,cir_coefficients_tau_mask,,"[1, 1, 1, 1, 18, 1]","[1, 1, 18]","[1, 1, 18]","[1, 1, 18]",,True,,18,4.148822796423701e-08,-44.41120980774089,0,0.0,0.0,0,0,0,0,0,0,0,0,4.721272815671638,461,2726,5119,0.13179820116264332,0.18007481785557297,0.18925653852824734,2714,0,0.1363
122,31352,rx_cerberus_base,/home/telilab4090/Documents/Gazebo World/my_world/rt_out/experiments/semantic_ablation_rigid_200f/sionna_xml/frame_122_sionna.xml,30.0,0.0,0.0,2.4,4.074,-1.779,0.81,28000000000.0,18,1.574846919538686e-08,5.723669715962387e-08,4.148822796423701e-08,3.621421384991663e-08,-74.41120938168608,-44.41120938168608,cir_coefficients_tau_mask,,"[1, 1, 1, 1, 18, 1]","[1, 1, 18]","[1, 1, 18]","[1, 1, 18]",,True,,18,4.148822796423701e-08,-44.41120980774089,0,0.0,4.260548109868978e-07,0,0,0,0,0,0,0,0,4.721272815671638,461,2750,5326,0.13934452084968788,0.189139661565396,0.1936659120084401,2734,0,0.1375
123,31609,rx_cerberus_base,/home/telilab4090/Documents/Gazebo World/my_world/rt_out/experiments/semantic_ablation_rigid_200f/sionna_xml/frame_123_sionna.xml,30.0,0.0,0.0,2.4,4.074,-1.779,0.81,28000000000.0,18,1.574846919538686e-08,5.723669715962387e-08,4.148822796423701e-08,3.621421384991663e-08,-74.41120938168608,-44.41120938168608,cir_coefficients_tau_mask,,"[1, 1, 1, 1, 18, 1]","[1, 1, 18]","[1, 1, 18]","[1, 1, 18]",,True,,18,4.148822796423701e-08,-44.41120938168608,0,0.0,0.0,0,0,0,0,0,0,0,0,4.721272815671638,440,2578,4941,0.13179820116264332,0.18337342711031596,0.19263290317962034,2566,0,0.1289
124,31866,rx_cerberus_base,/home/telilab4090/Documents/Gazebo World/my_world/rt_out/experiments/semantic_ablation_rigid_200f/sionna_xml/frame_124_sionna.xml,30.0,0.0,0.0,2.4,4.074,-1.779,0.81,28000000000.0,18,1.574846919538686e-08,5.723669715962387e-08,4.148822796423701e-08,3.621421384991663e-08,-74.41120938168608,-44.41120938168608,cir_coefficients_tau_mask,,"[1, 1, 1, 1, 18, 1]","[1, 1, 18]","[1, 1, 18]","[1, 1, 18]",,True,,18,4.148822796423701e-08,-44.41120938168608,0,0.0,0.0,0,0,0,0,0,0,0,0,4.721272815671638,433,2746,4435,0.13202671693980725,0.18954925817721865,0.1944508085033057,2723,0,0.1373
125,32123,rx_cerberus_base,/home/telilab4090/Documents/Gazebo World/my_world/rt_out/experiments/semantic_ablation_rigid_200f/sionna_xml/frame_125_sionna.xml,30.0,0.0,0.0,2.4,4.074,-1.779,0.81,28000000000.0,18,1.574846919538686e-08,5.723669715962387e-08,4.148822796423701e-08,3.621421384991663e-08,-74.41120938168608,-44.41120938168608,cir_coefficients_tau_mask,,"[1, 1, 1, 1, 18, 1]","[1, 1, 18]","[1, 1, 18]","[1, 1, 18]",,True,,18,4.148822796423701e-08,-44.41120938168608,0,0.0,0.0,0,0,0,0,0,0,0,0,4.721272815671638,406,2706,3651,0.13202671693980725,0.18608800856902621,0.19301077542327888,2691,0,0.1353
126,32380,rx_cerberus_base,/home/telilab4090/Documents/Gazebo World/my_world/rt_out/experiments/semantic_ablation_rigid_200f/sionna_xml/frame_126_sionna.xml,30.0,0.0,0.0,2.4,4.074,-1.779,0.81,28000000000.0,18,1.574846919538686e-08,5.723669715962387e-08,4.148822796423701e-08,3.621421740263031e-08,-74.4112089556313,-44.411208955631295,cir_coefficients_tau_mask,,"[1, 1, 1, 1, 18, 1]","[1, 1, 18]","[1, 1, 18]","[1, 1, 18]",,True,,18,4.148822796423701e-08,-44.41120938168608,0,0.0,4.2605478256518836e-07,0,0,0,0,0,0,0,0,4.721272815671638,422,2676,3632,0.1310862272609371,0.18278925916417693,0.19075739076188114,2661,0,0.1338
127,32637,rx_cerberus_base,/home/telilab4090/Documents/Gazebo World/my_world/rt_out/experiments/semantic_ablation_rigid_200f/sionna_xml/frame_127_sionna.xml,30.0,0.0,0.0,2.4,4.074,-1.779,0.81,28000000000.0,18,1.574846919538686e-08,5.723669715962387e-08,4.148822796423701e-08,3.621421384991663e-08,-74.41120938168608,-44.41120938168608,cir_coefficients_tau_mask,,"[1, 1, 1, 1, 18, 1]","[1, 1, 18]","[1, 1, 18]","[1, 1, 18]",,True,,18,4.148822796423701e-08,-44.411208955631295,0,0.0,-4.2605478256518836e-07,0,0,0,0,0,0,0,0,4.721272815671638,390,2774,4817,0.18820472002469,0.19302344810529032,0.19570363524471135,2760,0,0.1387
128,32894,rx_cerberus_base,/home/telilab4090/Documents/Gazebo World/my_world/rt_out/experiments/semantic_ablation_rigid_200f/sionna_xml/frame_128_sionna.xml,30.0,0.0,0.0,2.4,4.074,-1.779,0.81,28000000000.0,18,1.574846919538686e-08,5.723669715962387e-08,4.148822796423701e-08,3.621421740263031e-08,-74.4112089556313,-44.411208955631295,cir_coefficients_tau_mask,,"[1, 1, 1, 1, 18, 1]","[1, 1, 18]","[1, 1, 18]","[1, 1, 18]",,True,,18,4.148822796423701e-08,-44.41120938168608,0,0.0,4.2605478256518836e-07,0,0,0,0,0,0,0,0,4.721272815671638,399,2762,5359,0.1310862272609371,0.1863540685009085,0.19376626104235303,2666,0,0.1381
129,33151,rx_cerberus_base,/home/telilab4090/Documents/Gazebo World/my_world/rt_out/experiments/semantic_ablation_rigid_200f/sionna_xml/frame_129_sionna.xml,30.0,0.0,0.0,2.4,4.074,-1.779,0.81,28000000000.0,18,1.574846919538686e-08,5.723669715962387e-08,4.148822796423701e-08,3.621421384991663e-08,-74.41120938168608,-44.41120938168608,cir_coefficients_tau_mask,,"[1, 1, 1, 1, 18, 1]","[1, 1, 18]","[1, 1, 18]","[1, 1, 18]",,True,,18,4.148822796423701e-08,-44.411208955631295,0,0.0,-4.2605478256518836e-07,0,0,0,0,0,0,0,0,4.721272815671638,448,2892,5353,0.1875848554028975,0.19204311608616492,0.19519615383729685,2699,0,0.1446
130,33408,rx_cerberus_base,/home/telilab4090/Documents/Gazebo World/my_world/rt_out/experiments/semantic_ablation_rigid_200f/sionna_xml/frame_130_sionna.xml,30.0,0.0,0.0,2.4,4.074,-1.779,0.81,28000000000.0,18,1.574846919538686e-08,5.723669715962387e-08,4.148822796423701e-08,3.621421384991663e-08,-74.41120938168608,-44.41120938168608,cir_coefficients_tau_mask,,"[1, 1, 1, 1, 18, 1]","[1, 1, 18]","[1, 1, 18]","[1, 1, 18]",,True,,18,4.148822796423701e-08,-44.41120938168608,0,0.0,0.0,0,0,0,0,0,0,0,0,4.721272815671638,448,3001,5414,0.13144395597453848,0.18236910274196755,0.19002309606070336,2733,0,0.15005
131,33665,rx_cerberus_base,/home/telilab4090/Documents/Gazebo World/my_world/rt_out/experiments/semantic_ablation_rigid_200f/sionna_xml/frame_131_sionna.xml,30.0,0.0,0.0,2.4,4.074,-1.779,0.81,28000000000.0,18,1.574846919538686e-08,5.723669715962387e-08,4.148822796423701e-08,3.621421384991663e-08,-74.41120938168608,-44.41120938168608,cir_coefficients_tau_mask,,"[1, 1, 1, 1, 18, 1]","[1, 1, 18]","[1, 1, 18]","[1, 1, 18]",,True,,18,4.148822796423701e-08,-44.41120938168608,0,0.0,0.0,0,0,0,0,0,0,0,0,4.721272815671638,460,2948,5308,0.13940523815044153,0.18041736356831403,0.18972262850917126,2704,0,0.1474
132,33922,rx_cerberus_base,/home/telilab4090/Documents/Gazebo World/my_world/rt_out/experiments/semantic_ablation_rigid_200f/sionna_xml/frame_132_sionna.xml,30.0,0.0,0.0,2.4,4.074,-1.779,0.81,28000000000.0,18,1.574846919538686e-08,5.723669715962387e-08,4.148822796423701e-08,3.621421384991663e-08,-74.41120938168608,-44.41120938168608,cir_coefficients_tau_mask,,"[1, 1, 1, 1, 18, 1]","[1, 1, 18]","[1, 1, 18]","[1, 1, 18]",,True,,18,4.148822796423701e-08,-44.41120938168608,0,0.0,0.0,0,0,0,0,0,0,0,0,4.721272815671638,426,2686,5433,0.1315489734795868,0.18116126735238375,0.19110184684821832,2675,0,0.1343
133,34179,rx_cerberus_base,/home/telilab4090/Documents/Gazebo World/my_world/rt_out/experiments/semantic_ablation_rigid_200f/sionna_xml/frame_133_sionna.xml,30.0,0.0,0.0,2.4,4.074,-1.779,0.81,28000000000.0,18,1.574846919538686e-08,5.723669715962387e-08,4.148822796423701e-08,3.621421740263031e-08,-74.4112089556313,-44.411208955631295,cir_coefficients_tau_mask,,"[1, 1, 1, 1, 18, 1]","[1, 1, 18]","[1, 1, 18]","[1, 1, 18]",,True,,18,4.148822796423701e-08,-44.41120938168608,0,0.0,4.2605478256518836e-07,0,0,0,0,0,0,0,0,4.721272815671638,436,2713,5422,0.13980372672806507,0.18447747815583176,0.19207285639092755,2692,0,0.13565
134,34436,rx_cerberus_base,/home/telilab4090/Documents/Gazebo World/my_world/rt_out/experiments/semantic_ablation_rigid_200f/sionna_xml/frame_134_sionna.xml,30.0,0.0,0.0,2.4,4.074,-1.779,0.81,28000000000.0,18,1.574846919538686e-08,5.723669715962387e-08,4.148822796423701e-08,3.621421740263031e-08,-74.4112089556313,-44.411208955631295,cir_coefficients_tau_mask,,"[1, 1, 1, 1, 18, 1]","[1, 1, 18]","[1, 1, 18]","[1, 1, 18]",,True,,18,4.148822796423701e-08,-44.411208955631295,0,0.0,0.0,0,0,0,0,0,0,0,0,4.721272815671638,421,2718,5314,0.1392095191478942,0.18665527556500444,0.19264925264886734,2700,0,0.1359
135,34693,rx_cerberus_base,/home/telilab4090/Documents/Gazebo World/my_world/rt_out/experiments/semantic_ablation_rigid_200f/sionna_xml/frame_135_sionna.xml,30.0,0.0,0.0,2.4,4.074,-1.779,0.81,28000000000.0,18,1.574846919538686e-08,5.723669715962387e-08,4.148822796423701e-08,3.621421740263031e-08,-74.4112089556313,-44.411208955631295,cir_coefficients_tau_mask,,"[1, 1, 1, 1, 18, 1]","[1, 1, 18]","[1, 1, 18]","[1, 1, 18]",,True,,18,4.148822796423701e-08,-44.411208955631295,0,0.0,0.0,0,0,0,0,0,0,0,0,4.721272815671638,432,2725,4436,0.13218806119579188,0.1860424309972188,0.1924474383360827,2717,0,0.13625
136,34950,rx_cerberus_base,/home/telilab4090/Documents/Gazebo World/my_world/rt_out/experiments/semantic_ablation_rigid_200f/sionna_xml/frame_136_sionna.xml,30.0,0.0,0.0,2.4,4.074,-1.779,0.81,28000000000.0,18,1.574846919538686e-08,5.723669715962387e-08,4.148822796423701e-08,3.621421384991663e-08,-74.41120938168608,-44.41120938168608,cir_coefficients_tau_mask,,"[1, 1, 1, 1, 18, 1]","[1, 1, 18]","[1, 1, 18]","[1, 1, 18]",,True,,18,4.148822796423701e-08,-44.411208955631295,0,0.0,-4.2605478256518836e-07,0,0,0,0,0,0,0,0,4.721272815671638,415,2647,3499,0.13931695898034263,0.18912759559159953,0.19398064206736962,2634,0,0.13235
137,35207,rx_cerberus_base,/home/telilab4090/Documents/Gazebo World/my_world/rt_out/experiments/semantic_ablation_rigid_200f/sionna_xml/frame_137_sionna.xml,30.0,0.0,0.0,2.4,4.074,-1.779,0.81,28000000000.0,18,1.574846919538686e-08,5.723669715962387e-08,4.148822796423701e-08,3.621421740263031e-08,-74.4112089556313,-44.411208955631295,cir_coefficients_tau_mask,,"[1, 1, 1, 1, 18, 1]","[1, 1, 18]","[1, 1, 18]","[1, 1, 18]",,True,,18,4.148822796423701e-08,-44.41120938168608,0,0.0,4.2605478256518836e-07,0,0,0,0,0,0,0,0,4.721272815671638,485,2790,3380,0.13179820116264332,0.18334893461954413,0.19104003441660844,2775,0,0.1395
138,35464,rx_cerberus_base,/home/telilab4090/Documents/Gazebo World/my_world/rt_out/experiments/semantic_ablation_rigid_200f/sionna_xml/frame_138_sionna.xml,30.0,0.0,0.0,2.4,4.074,-1.779,0.81,28000000000.0,18,1.574846919538686e-08,5.723669715962387e-08,4.148822796423701e-08,3.621421740263031e-08,-74.4112089556313,-44.411208955631295,cir_coefficients_tau_mask,,"[1, 1, 1, 1, 18, 1]","[1, 1, 18]","[1, 1, 18]","[1, 1, 18]",,True,,18,4.148822796423701e-08,-44.411208955631295,0,0.0,0.0,0,0,0,0,0,0,0,0,4.721272815671638,441,2717,5234,0.14099638750498839,0.1889416003608873,0.194007483127157,2708,0,0.13585
139,35721,rx_cerberus_base,/home/telilab4090/Documents/Gazebo World/my_world/rt_out/experiments/semantic_ablation_rigid_200f/sionna_xml/frame_139_sionna.xml,30.0,0.0,0.0,2.4,4.074,-1.779,0.81,28000000000.0,18,1.574846919538686e-08,5.723669715962387e-08,4.148822796423701e-08,3.6214210297202953e-08,-74.41120980774089,-44.41120980774089,cir_coefficients_tau_mask,,"[1, 1, 1, 1, 18, 1]","[1, 1, 18]","[1, 1, 18]","[1, 1, 18]",,True,,18,4.148822796423701e-08,-44.411208955631295,0,0.0,-8.521095935520862e-07,0,0,0,0,0,0,0,0,4.721272815671638,421,2764,5395,0.13255132313524756,0.18917575157835717,0.19438638873265426,2744,0,0.1382
140,35978,rx_cerberus_base,/home/telilab4090/Documents/Gazebo World/my_world/rt_out/experiments/semantic_ablation_rigid_200f/sionna_xml/frame_140_sionna.xml,30.0,0.0,0.0,2.4,4.074,-1.779,0.81,28000000000.0,18,1.574846919538686e-08,5.723669715962387e-08,4.148822796423701e-08,3.621421384991663e-08,-74.41120938168608,-44.41120938168608,cir_coefficients_tau_mask,,"[1, 1, 1, 1, 18, 1]","[1, 1, 18]","[1, 1, 18]","[1, 1, 18]",,True,,18,4.148822796423701e-08,-44.41120980774089,0,0.0,4.260548109868978e-07,0,0,0,0,0,0,0,0,4.721272815671638,431,2755,5110,0.13105815739639995,0.18359374351587987,0.19162325423157928,2739,0,0.13775
141,36235,rx_cerberus_base,/home/telilab4090/Documents/Gazebo World/my_world/rt_out/experiments/semantic_ablation_rigid_200f/sionna_xml/frame_141_sionna.xml,30.0,0.0,0.0,2.4,4.074,-1.779,0.81,28000000000.0,18,1.574846919538686e-08,5.723669715962387e-08,4.148822796423701e-08,3.621422095534399e-08,-74.41120852957657,-44.41120852957657,cir_coefficients_tau_mask,,"[1, 1, 1, 1, 18, 1]","[1, 1, 18]","[1, 1, 18]","[1, 1, 18]",,True,,18,4.148822796423701e-08,-44.41120938168608,0,0.0,8.521095082869579e-07,0,0,0,0,0,0,0,0,4.721272815671638,446,2720,4954,0.13125994707444297,0.18623123244672446,0.19318569494917034,2709,0,0.136
142,36492,rx_cerberus_base,/home/telilab4090/Documents/Gazebo World/my_world/rt_out/experiments/semantic_ablation_rigid_200f/sionna_xml/frame_142_sionna.xml,30.0,0.0,0.0,2.4,4.074,-1.779,0.81,28000000000.0,18,1.574846919538686e-08,5.723669715962387e-08,4.148822796423701e-08,3.621421384991663e-08,-74.41120938168608,-44.41120938168608,cir_coefficients_tau_mask,,"[1, 1, 1, 1, 18, 1]","[1, 1, 18]","[1, 1, 18]","[1, 1, 18]",,True,,18,4.148822796423701e-08,-44.41120852957657,0,0.0,-8.521095082869579e-07,0,0,0,0,0,0,0,0,4.721272815671638,443,2762,3273,0.13202671693980725,0.18342909530908366,0.1923010711873144,2746,0,0.1381
143,36749,rx_cerberus_base,/home/telilab4090/Documents/Gazebo World/my_world/rt_out/experiments/semantic_ablation_rigid_200f/sionna_xml/frame_143_sionna.xml,30.0,0.0,0.0,2.4,4.074,-1.779,0.81,28000000000.0,18,1.574846919538686e-08,5.723669715962387e-08,4.148822796423701e-08,3.621421384991663e-08,-74.41120938168608,-44.41120938168608,cir_coefficients_tau_mask,,"[1, 1, 1, 1, 18, 1]","[1, 1, 18]","[1, 1, 18]","[1, 1, 18]",,True,,18,4.148822796423701e-08,-44.41120938168608,0,0.0,0.0,0,0,0,0,0,0,0,0,4.721272815671638,480,2738,4666,0.1408326981275935,0.1891291901737885,0.19375024475208363,2719,0,0.1369
144,37006,rx_cerberus_base,/home/telilab4090/Documents/Gazebo World/my_world/rt_out/experiments/semantic_ablation_rigid_200f/sionna_xml/frame_144_sionna.xml,30.0,0.0,0.0,2.4,4.074,-1.779,0.81,28000000000.0,18,1.574846919538686e-08,5.723669715962387e-08,4.148822796423701e-08,3.621421384991663e-08,-74.41120938168608,-44.41120938168608,cir_coefficients_tau_mask,,"[1, 1, 1, 1, 18, 1]","[1, 1, 18]","[1, 1, 18]","[1, 1, 18]",,True,,18,4.148822796423701e-08,-44.41120938168608,0,0.0,0.0,0,0,0,0,0,0,0,0,4.721272815671638,411,2641,4894,0.13118346737502096,0.18572825824987013,0.1926077746778424,2628,0,0.13205
145,37263,rx_cerberus_base,/home/telilab4090/Documents/Gazebo World/my_world/rt_out/experiments/semantic_ablation_rigid_200f/sionna_xml/frame_145_sionna.xml,30.0,0.0,0.0,2.4,4.074,-1.779,0.81,28000000000.0,18,1.574846919538686e-08,5.723669715962387e-08,4.148822796423701e-08,3.621421384991663e-08,-74.41120938168608,-44.41120938168608,cir_coefficients_tau_mask,,"[1, 1, 1, 1, 18, 1]","[1, 1, 18]","[1, 1, 18]","[1, 1, 18]",,True,,18,4.148822796423701e-08,-44.41120938168608,0,0.0,0.0,0,0,0,0,0,0,0,0,4.721272815671638,404,2723,5419,0.13283147468338335,0.18122795432973196,0.19161584707619558,2713,0,0.13615
146,37520,rx_cerberus_base,/home/telilab4090/Documents/Gazebo World/my_world/rt_out/experiments/semantic_ablation_rigid_200f/sionna_xml/frame_146_sionna.xml,30.0,0.0,0.0,2.4,4.074,-1.779,0.81,28000000000.0,18,1.574846919538686e-08,5.723669715962387e-08,4.148822796423701e-08,3.621421384991663e-08,-74.41120938168608,-44.41120938168608,cir_coefficients_tau_mask,,"[1, 1, 1, 1, 18, 1]","[1, 1, 18]","[1, 1, 18]","[1, 1, 18]",,True,,18,4.148822796423701e-08,-44.41120938168608,0,0.0,0.0,0,0,0,0,0,0,0,0,4.721272815671638,420,2799,5440,0.13202671693980725,0.1754724181259607,0.18805758497868394,2687,0,0.13995
147,37777,rx_cerberus_base,/home/telilab4090/Documents/Gazebo World/my_world/rt_out/experiments/semantic_ablation_rigid_200f/sionna_xml/frame_147_sionna.xml,30.0,0.0,0.0,2.4,4.074,-1.779,0.81,28000000000.0,18,1.574846919538686e-08,5.723669715962387e-08,4.148822796423701e-08,3.621421740263031e-08,-74.4112089556313,-44.411208955631295,cir_coefficients_tau_mask,,"[1, 1, 1, 1, 18, 1]","[1, 1, 18]","[1, 1, 18]","[1, 1, 18]",,True,,18,4.148822796423701e-08,-44.41120938168608,0,0.0,4.2605478256518836e-07,0,0,0,0,0,0,0,0,4.721272815671638,453,2998,5426,0.13118346737502096,0.17938554937996246,0.18919892712514141,2737,0,0.1499
148,38034,rx_cerberus_base,/home/telilab4090/Documents/Gazebo World/my_world/rt_out/experiments/semantic_ablation_rigid_200f/sionna_xml/frame_148_sionna.xml,30.0,0.0,0.0,2.4,4.074,-1.779,0.81,28000000000.0,18,1.574846919538686e-08,5.723669715962387e-08,4.148822796423701e-08,3.621421384991663e-08,-74.41120938168608,-44.41120938168608,cir_coefficients_tau_mask,,"[1, 1, 1, 1, 18, 1]","[1, 1, 18]","[1, 1, 18]","[1, 1, 18]",,True,,18,4.148822796423701e-08,-44.411208955631295,0,0.0,-4.2605478256518836e-07,0,0,0,0,0,0,0,0,4.721272815671638,416,2922,5270,0.1392095191478942,0.18676658724850945,0.19297096845440076,2675,0,0.1461
149,38291,rx_cerberus_base,/home/telilab4090/Documents/Gazebo World/my_world/rt_out/experiments/semantic_ablation_rigid_200f/sionna_xml/frame_149_sionna.xml,30.0,0.0,0.0,2.4,4.074,-1.779,0.81,28000000000.0,18,1.574846919538686e-08,5.723669715962387e-08,4.148822796423701e-08,3.621421740263031e-08,-74.4112089556313,-44.411208955631295,cir_coefficients_tau_mask,,"[1, 1, 1, 1, 18, 1]","[1, 1, 18]","[1, 1, 18]","[1, 1, 18]",,True,,18,4.148822796423701e-08,-44.41120938168608,0,0.0,4.2605478256518836e-07,0,0,0,0,0,0,0,0,4.721272815671638,410,2966,5372,0.13909533446778996,0.18628228645276357,0.19316217304375655,2729,0,0.1483
150,38548,rx_cerberus_base,/home/telilab4090/Documents/Gazebo World/my_world/rt_out/experiments/semantic_ablation_rigid_200f/sionna_xml/frame_150_sionna.xml,30.0,0.0,0.0,2.4,4.074,-1.779,0.81,28000000000.0,18,1.574846919538686e-08,5.723669715962387e-08,4.148822796423701e-08,3.621421740263031e-08,-74.4112089556313,-44.411208955631295,cir_coefficients_tau_mask,,"[1, 1, 1, 1, 18, 1]","[1, 1, 18]","[1, 1, 18]","[1, 1, 18]",,True,,18,4.148822796423701e-08,-44.411208955631295,0,0.0,0.0,0,0,0,0,0,0,0,0,4.721272815671638,432,3003,5375,0.14090034192196624,0.18906806624630815,0.19392246526399032,2756,0,0.15015
151,38805,rx_cerberus_base,/home/telilab4090/Documents/Gazebo World/my_world/rt_out/experiments/semantic_ablation_rigid_200f/sionna_xml/frame_151_sionna.xml,30.0,0.0,0.0,2.4,4.074,-1.779,0.81,28000000000.0,18,1.574846919538686e-08,5.723669715962387e-08,4.148822796423701e-08,3.621421384991663e-08,-74.41120938168608,-44.41120938168608,cir_coefficients_tau_mask,,"[1, 1, 1, 1, 18, 1]","[1, 1, 18]","[1, 1, 18]","[1, 1, 18]",,True,,18,4.148822796423701e-08,-44.411208955631295,0,0.0,-4.2605478256518836e-07,0,0,0,0,0,0,0,0,4.721272815671638,425,2846,5221,0.13959611135253516,0.18579188916886674,0.19201419764884126,2579,0,0.1423
152,39062,rx_cerberus_base,/home/telilab4090/Documents/Gazebo World/my_world/rt_out/experiments/semantic_ablation_rigid_200f/sionna_xml/frame_152_sionna.xml,30.0,0.0,0.0,2.4,4.074,-1.779,0.81,28000000000.0,18,1.574846919538686e-08,5.723669715962387e-08,4.148822796423701e-08,3.621421740263031e-08,-74.4112089556313,-44.411208955631295,cir_coefficients_tau_mask,,"[1, 1, 1, 1, 18, 1]","[1, 1, 18]","[1, 1, 18]","[1, 1, 18]",,True,,18,4.148822796423701e-08,-44.41120938168608,0,0.0,4.2605478256518836e-07,0,0,0,0,0,0,0,0,4.721272815671638,453,2972,5375,0.13118346737502096,0.18644084514705642,0.19333362630484102,2733,0,0.1486
153,39319,rx_cerberus_base,/home/telilab4090/Documents/Gazebo World/my_world/rt_out/experiments/semantic_ablation_rigid_200f/sionna_xml/frame_153_sionna.xml,30.0,0.0,0.0,2.4,4.074,-1.779,0.81,28000000000.0,18,1.574846919538686e-08,5.723669715962387e-08,4.148822796423701e-08,3.621421384991663e-08,-74.41120938168608,-44.41120938168608,cir_coefficients_tau_mask,,"[1, 1, 1, 1, 18, 1]","[1, 1, 18]","[1, 1, 18]","[1, 1, 18]",,True,,18,4.148822796423701e-08,-44.411208955631295,0,0.0,-4.2605478256518836e-07,0,0,0,0,0,0,0,0,4.721272815671638,420,2873,5253,0.13228210800744705,0.1863937075617081,0.1933608037186976,2590,0,0.14365
154,39576,rx_cerberus_base,/home/telilab4090/Documents/Gazebo World/my_world/rt_out/experiments/semantic_ablation_rigid_200f/sionna_xml/frame_154_sionna.xml,30.0,0.0,0.0,2.4,4.074,-1.779,0.81,28000000000.0,18,1.574846919538686e-08,5.723669715962387e-08,4.148822796423701e-08,3.621421740263031e-08,-74.4112089556313,-44.411208955631295,cir_coefficients_tau_mask,,"[1, 1, 1, 1, 18, 1]","[1, 1, 18]","[1, 1, 18]","[1, 1, 18]",,True,,18,4.148822796423701e-08,-44.41120938168608,0,0.0,4.2605478256518836e-07,0,0,0,0,0,0,0,0,4.721272815671638,429,2986,5486,0.1398595601223883,0.18595807334979708,0.19195241433463164,2727,0,0.1493
155,39833,rx_cerberus_base,/home/telilab4090/Documents/Gazebo World/my_world/rt_out/experiments/semantic_ablation_rigid_200f/sionna_xml/frame_155_sionna.xml,30.0,0.0,0.0,2.4,4.074,-1.779,0.81,28000000000.0,18,1.574846919538686e-08,5.723669715962387e-08,4.148822796423701e-08,3.621421384991663e-08,-74.41120938168608,-44.41120938168608,cir_coefficients_tau_mask,,"[1, 1, 1, 1, 18, 1]","[1, 1, 18]","[1, 1, 18]","[1, 1, 18]",,True,,18,4.148822796423701e-08,-44.411208955631295,0,0.0,-4.2605478256518836e-07,0,0,0,0,0,0,0,0,4.721272815671638,434,2936,5385,0.14026482924767758,0.18941799835452114,0.19465563795059684,2689,0,0.1468
156,40090,rx_cerberus_base,/home/telilab4090/Documents/Gazebo World/my_world/rt_out/experiments/semantic_ablation_rigid_200f/sionna_xml/frame_156_sionna.xml,30.0,0.0,0.0,2.4,4.074,-1.779,0.81,28000000000.0,18,1.574846919538686e-08,5.723669715962387e-08,4.148822796423701e-08,3.621421740263031e-08,-74.4112089556313,-44.411208955631295,cir_coefficients_tau_mask,,"[1, 1, 1, 1, 18, 1]","[1, 1, 18]","[1, 1, 18]","[1, 1, 18]",,True,,18,4.148822796423701e-08,-44.41120938168608,0,0.0,4.2605478256518836e-07,0,0,0,0,0,0,0,0,4.721272815671638,438,2959,5377,0.13118346737502096,0.18322212644588598,0.19101367220981594,2701,0,0.14795
157,40347,rx_cerberus_base,/home/telilab4090/Documents/Gazebo World/my_world/rt_out/experiments/semantic_ablation_rigid_200f/sionna_xml/frame_157_sionna.xml,30.0,0.0,0.0,2.4,4.074,-1.779,0.81,28000000000.0,18,1.574846919538686e-08,5.723669715962387e-08,4.148822796423701e-08,3.621421384991663e-08,-74.41120938168608,-44.41120938168608,cir_coefficients_tau_mask,,"[1, 1, 1, 1, 18, 1]","[1, 1, 18]","[1, 1, 18]","[1, 1, 18]",,True,,18,4.148822796423701e-08,-44.411208955631295,0,0.0,-4.2605478256518836e-07,0,0,0,0,0,0,0,0,4.721272815671638,412,2867,5322,0.1328704087157611,0.18126446988466052,0.1906946627585472,2601,0,0.14335
158,40604,rx_cerberus_base,/home/telilab4090/Documents/Gazebo World/my_world/rt_out/experiments/semantic_ablation_rigid_200f/sionna_xml/frame_158_sionna.xml,30.0,0.0,0.0,2.4,4.074,-1.779,0.81,28000000000.0,18,1.574846919538686e-08,5.723669715962387e-08,4.148822796423701e-08,3.6214210297202953e-08,-74.41120980774089,-44.41120980774089,cir_coefficients_tau_mask,,"[1, 1, 1, 1, 18, 1]","[1, 1, 18]","[1, 1, 18]","[1, 1, 18]",,True,,18,4.148822796423701e-08,-44.41120938168608,0,0.0,-4.260548109868978e-07,0,0,0,0,0,0,0,0,4.721272815671638,433,2939,5318,0.1315489734795868,0.18731599218466147,0.19383615481308183,2704,0,0.14695
159,40861,rx_cerberus_base,/home/telilab4090/Documents/Gazebo World/my_world/rt_out/experiments/semantic_ablation_rigid_200f/sionna_xml/frame_159_sionna.xml,30.0,0.0,0.0,2.4,4.074,-1.779,0.81,28000000000.0,18,1.574846919538686e-08,5.723669715962387e-08,4.148822796423701e-08,3.6214210297202953e-08,-74.41120980774089,-44.41120980774089,cir_coefficients_tau_mask,,"[1, 1, 1, 1, 18, 1]","[1, 1, 18]","[1, 1, 18]","[1, 1, 18]",,True,,18,4.148822796423701e-08,-44.41120980774089,0,0.0,0.0,0,0,0,0,0,0,0,0,4.721272815671638,424,2911,5270,0.18711300736178643,0.19178623580283077,0.19580541084828926,2654,0,0.14555
160,41118,rx_cerberus_base,/home/telilab4090/Documents/Gazebo World/my_world/rt_out/experiments/semantic_ablation_rigid_200f/sionna_xml/frame_160_sionna.xml,30.0,0.0,0.0,2.4,4.074,-1.779,0.81,28000000000.0,18,1.574846919538686e-08,5.723669715962387e-08,4.148822796423701e-08,3.621421740263031e-08,-74.4112089556313,-44.411208955631295,cir_coefficients_tau_mask,,"[1, 1, 1, 1, 18, 1]","[1, 1, 18]","[1, 1, 18]","[1, 1, 18]",,True,,18,4.148822796423701e-08,-44.41120980774089,0,0.0,8.521095935520862e-07,0,0,0,0,0,0,0,0,4.721272815671638,426,2905,5327,0.13300034556577112,0.18896827488396797,0.1941930039277716,2647,0,0.14525
161,41375,rx_cerberus_base,/home/telilab4090/Documents/Gazebo World/my_world/rt_out/experiments/semantic_ablation_rigid_200f/sionna_xml/frame_161_sionna.xml,30.0,0.0,0.0,2.4,4.074,-1.779,0.81,28000000000.0,18,1.574846919538686e-08,5.723669715962387e-08,4.148822796423701e-08,3.621421384991663e-08,-74.41120938168608,-44.41120938168608,cir_coefficients_tau_mask,,"[1, 1, 1, 1, 18, 1]","[1, 1, 18]","[1, 1, 18]","[1, 1, 18]",,True,,18,4.148822796423701e-08,-44.411208955631295,0,0.0,-4.2605478256518836e-07,0,0,0,0,0,0,0,0,4.721272815671638,428,2902,5296,0.1328704087157611,0.186842543383669,0.19320208474968742,2671,0,0.1451
162,41632,rx_cerberus_base,/home/telilab4090/Documents/Gazebo World/my_world/rt_out/experiments/semantic_ablation_rigid_200f/sionna_xml/frame_162_sionna.xml,30.0,0.0,0.0,2.4,4.074,-1.779,0.81,28000000000.0,18,1.574846919538686e-08,5.723669715962387e-08,4.148822796423701e-08,3.621421740263031e-08,-74.4112089556313,-44.411208955631295,cir_coefficients_tau_mask,,"[1, 1, 1, 1, 18, 1]","[1, 1, 18]","[1, 1, 18]","[1, 1, 18]",,True,,18,4.148822796423701e-08,-44.41120938168608,0,0.0,4.2605478256518836e-07,0,0,0,0,0,0,0,0,4.721272815671638,444,2950,5380,0.1397048622238908,0.18936376634477434,0.19415799887040294,2682,0,0.1475
163,41889,rx_cerberus_base,/home/telilab4090/Documents/Gazebo World/my_world/rt_out/experiments/semantic_ablation_rigid_200f/sionna_xml/frame_163_sionna.xml,30.0,0.0,0.0,2.4,4.074,-1.779,0.81,28000000000.0,18,1.574846919538686e-08,5.723669715962387e-08,4.148822796423701e-08,3.621421740263031e-08,-74.4112089556313,-44.411208955631295,cir_coefficients_tau_mask,,"[1, 1, 1, 1, 18, 1]","[1, 1, 18]","[1, 1, 18]","[1, 1, 18]",,True,,18,4.148822796423701e-08,-44.411208955631295,0,0.0,0.0,0,0,0,0,0,0,0,0,4.721272815671638,441,3018,5410,0.13931286240559082,0.18420545070025088,0.19204175755988356,2750,0,0.1509
164,42146,rx_cerberus_base,/home/telilab4090/Documents/Gazebo World/my_world/rt_out/experiments/semantic_ablation_rigid_200f/sionna_xml/frame_164_sionna.xml,30.0,0.0,0.0,2.4,4.074,-1.779,0.81,28000000000.0,18,1.574846919538686e-08,5.723669715962387e-08,4.148822796423701e-08,3.621421740263031e-08,-74.4112089556313,-44.411208955631295,cir_coefficients_tau_mask,,"[1, 1, 1, 1, 18, 1]","[1, 1, 18]","[1, 1, 18]","[1, 1, 18]",,True,,18,4.148822796423701e-08,-44.411208955631295,0,0.0,0.0,0,0,0,0,0,0,0,0,4.721272815671638,431,2958,5392,0.1326189273086722,0.18961450844493644,0.19476679963701055,2687,0,0.1479
165,42403,rx_cerberus_base,/home/telilab4090/Documents/Gazebo World/my_world/rt_out/experiments/semantic_ablation_rigid_200f/sionna_xml/frame_165_sionna.xml,30.0,0.0,0.0,2.4,4.074,-1.779,0.81,28000000000.0,18,1.574846919538686e-08,5.723669715962387e-08,4.148822796423701e-08,3.621421384991663e-08,-74.41120938168608,-44.41120938168608,cir_coefficients_tau_mask,,"[1, 1, 1, 1, 18, 1]","[1, 1, 18]","[1, 1, 18]","[1, 1, 18]",,True,,18,4.148822796423701e-08,-44.411208955631295,0,0.0,-4.2605478256518836e-07,0,0,0,0,0,0,0,0,4.721272815671638,442,2837,5254,0.1315489734795868,0.1826610411135165,0.19076089623816958,2606,0,0.14185
166,42659,rx_cerberus_base,/home/telilab4090/Documents/Gazebo World/my_world/rt_out/experiments/semantic_ablation_rigid_200f/sionna_xml/frame_166_sionna.xml,30.0,0.0,0.0,2.4,4.074,-1.779,0.81,28000000000.0,18,1.574846919538686e-08,5.723669715962387e-08,4.148822796423701e-08,3.621421740263031e-08,-74.4112089556313,-44.411208955631295,cir_coefficients_tau_mask,,"[1, 1, 1, 1, 18, 1]","[1, 1, 18]","[1, 1, 18]","[1, 1, 18]",,True,,18,4.148822796423701e-08,-44.41120938168608,0,0.0,4.2605478256518836e-07,0,0,0,0,0,0,0,0,4.721272815671638,442,2982,5442,0.1315489734795868,0.18517075287179213,0.19296038975310675,2705,0,0.1491
167,42916,rx_cerberus_base,/home/telilab4090/Documents/Gazebo World/my_world/rt_out/experiments/semantic_ablation_rigid_200f/sionna_xml/frame_167_sionna.xml,30.0,0.0,0.0,2.4,4.074,-1.779,0.81,28000000000.0,18,1.574846919538686e-08,5.723669715962387e-08,4.148822796423701e-08,3.6214210297202953e-08,-74.41120980774089,-44.41120980774089,cir_coefficients_tau_mask,,"[1, 1, 1, 1, 18, 1]","[1, 1, 18]","[1, 1, 18]","[1, 1, 18]",,True,,18,4.148822796423701e-08,-44.411208955631295,0,0.0,-8.521095935520862e-07,0,0,0,0,0,0,0,0,4.721272815671638,414,2973,5390,0.13202671693980725,0.18033211102884217,0.19028048917596313,2708,0,0.14865
168,43173,rx_cerberus_base,/home/telilab4090/Documents/Gazebo World/my_world/rt_out/experiments/semantic_ablation_rigid_200f/sionna_xml/frame_168_sionna.xml,30.0,0.0,0.0,2.4,4.074,-1.779,0.81,28000000000.0,18,1.574846919538686e-08,5.723669715962387e-08,4.148822796423701e-08,3.621421740263031e-08,-74.4112089556313,-44.411208955631295,cir_coefficients_tau_mask,,"[1, 1, 1, 1, 18, 1]","[1, 1, 18]","[1, 1, 18]","[1, 1, 18]",,True,,18,4.148822796423701e-08,-44.41120980774089,0,0.0,8.521095935520862e-07,0,0,0,0,0,0,0,0,4.721272815671638,450,2882,5379,0.13144395597453848,0.180676887625912,0.1904531705491915,2650,0,0.1441
169,43430,rx_cerberus_base,/home/telilab4090/Documents/Gazebo World/my_world/rt_out/experiments/semantic_ablation_rigid_200f/sionna_xml/frame_169_sionna.xml,30.0,0.0,0.0,2.4,4.074,-1.779,0.81,28000000000.0,18,1.574846919538686e-08,5.723669715962387e-08,4.148822796423701e-08,3.621421384991663e-08,-74.41120938168608,-44.41120938168608,cir_coefficients_tau_mask,,"[1, 1, 1, 1, 18, 1]","[1, 1, 18]","[1, 1, 18]","[1, 1, 18]",,True,,18,4.148822796423701e-08,-44.411208955631295,0,0.0,-4.2605478256518836e-07,0,0,0,0,0,0,0,0,4.721272815671638,412,2956,5347,0.14018761504959834,0.18967606000741505,0.19385813109738642,2706,0,0.1478
170,43687,rx_cerberus_base,/home/telilab4090/Documents/Gazebo World/my_world/rt_out/experiments/semantic_ablation_rigid_200f/sionna_xml/frame_170_sionna.xml,30.0,0.0,0.0,2.4,4.074,-1.779,0.81,28000000000.0,18,1.574846919538686e-08,5.723669715962387e-08,4.148822796423701e-08,3.621421384991663e-08,-74.41120938168608,-44.41120938168608,cir_coefficients_tau_mask,,"[1, 1, 1, 1, 18, 1]","[1, 1, 18]","[1, 1, 18]","[1, 1, 18]",,True,,18,4.148822796423701e-08,-44.41120938168608,0,0.0,0.0,0,0,0,0,0,0,0,0,4.721272815671638,446,3059,5518,0.13105815739639995,0.17775760955814382,0.18888152633171615,2793,0,0.15295
171,43944,rx_cerberus_base,/home/telilab4090/Documents/Gazebo World/my_world/rt_out/experiments/semantic_ablation_rigid_200f/sionna_xml/frame_171_sionna.xml,30.0,0.0,0.0,2.4,4.074,-1.779,0.81,28000000000.0,18,1.574846919538686e-08,5.723669715962387e-08,4.148822796423701e-08,3.621421384991663e-08,-74.41120938168608,-44.41120938168608,cir_coefficients_tau_mask,,"[1, 1, 1, 1, 18, 1]","[1, 1, 18]","[1, 1, 18]","[1, 1, 18]",,True,,18,4.148822796423701e-08,-44.41120938168608,0,0.0,0.0,0,0,0,0,0,0,0,0,4.721272815671638,437,2976,5354,0.13105815739639995,0.1772351430158647,0.1889519808670093,2700,0,0.1488
172,44201,rx_cerberus_base,/home/telilab4090/Documents/Gazebo World/my_world/rt_out/experiments/semantic_ablation_rigid_200f/sionna_xml/frame_172_sionna.xml,30.0,0.0,0.0,2.4,4.074,-1.779,0.81,28000000000.0,18,1.574846919538686e-08,5.723669715962387e-08,4.148822796423701e-08,3.621421384991663e-08,-74.41120938168608,-44.41120938168608,cir_coefficients_tau_mask,,"[1, 1, 1, 1, 18, 1]","[1, 1, 18]","[1, 1, 18]","[1, 1, 18]",,True,,18,4.148822796423701e-08,-44.41120938168608,0,0.0,0.0,0,0,0,0,0,0,0,0,4.721272815671638,407,3037,5416,0.1879579272787915,0.1921531693172266,0.19507724498707912,2768,0,0.15185
173,44458,rx_cerberus_base,/home/telilab4090/Documents/Gazebo World/my_world/rt_out/experiments/semantic_ablation_rigid_200f/sionna_xml/frame_173_sionna.xml,30.0,0.0,0.0,2.4,4.074,-1.779,0.81,28000000000.0,18,1.574846919538686e-08,5.723669715962387e-08,4.148822796423701e-08,3.621422095534399e-08,-74.41120852957657,-44.41120852957657,cir_coefficients_tau_mask,,"[1, 1, 1, 1, 18, 1]","[1, 1, 18]","[1, 1, 18]","[1, 1, 18]",,True,,18,4.148822796423701e-08,-44.41120938168608,0,0.0,8.521095082869579e-07,0,0,0,0,0,0,0,0,4.721272815671638,437,2994,5381,0.13144395597453848,0.18376937720112194,0.19235823078014452,2755,0,0.1497
174,44715,rx_cerberus_base,/home/telilab4090/Documents/Gazebo World/my_world/rt_out/experiments/semantic_ablation_rigid_200f/sionna_xml/frame_174_sionna.xml,30.0,0.0,0.0,2.4,4.074,-1.779,0.81,28000000000.0,18,1.574846919538686e-08,5.723669715962387e-08,4.148822796423701e-08,3.621421384991663e-08,-74.41120938168608,-44.41120938168608,cir_coefficients_tau_mask,,"[1, 1, 1, 1, 18, 1]","[1, 1, 18]","[1, 1, 18]","[1, 1, 18]",,True,,18,4.148822796423701e-08,-44.41120852957657,0,0.0,-8.521095082869579e-07,0,0,0,0,0,0,0,0,4.721272815671638,431,2878,5233,0.1397048622238908,0.18929325369753136,0.19454339960040734,2628,0,0.1439
175,44972,rx_cerberus_base,/home/telilab4090/Documents/Gazebo World/my_world/rt_out/experiments/semantic_ablation_rigid_200f/sionna_xml/frame_175_sionna.xml,30.0,0.0,0.0,2.4,4.074,-1.779,0.81,28000000000.0,18,1.574846919538686e-08,5.723669715962387e-08,4.148822796423701e-08,3.621421384991663e-08,-74.41120938168608,-44.41120938168608,cir_coefficients_tau_mask,,"[1, 1, 1, 1, 18, 1]","[1, 1, 18]","[1, 1, 18]","[1, 1, 18]",,True,,18,4.148822796423701e-08,-44.41120938168608,0,0.0,0.0,0,0,0,0,0,0,0,0,4.721272815671638,428,2940,5457,0.13118346737502096,0.1833558309953994,0.19090501894353706,2695,0,0.147
176,45229,rx_cerberus_base,/home/telilab4090/Documents/Gazebo World/my_world/rt_out/experiments/semantic_ablation_rigid_200f/sionna_xml/frame_176_sionna.xml,30.0,0.0,0.0,2.4,4.074,-1.779,0.81,28000000000.0,18,1.574846919538686e-08,5.723669715962387e-08,4.148822796423701e-08,3.621421740263031e-08,-74.4112089556313,-44.411208955631295,cir_coefficients_tau_mask,,"[1, 1, 1, 1, 18, 1]","[1, 1, 18]","[1, 1, 18]","[1, 1, 18]",,True,,18,4.148822796423701e-08,-44.41120938168608,0,0.0,4.2605478256518836e-07,0,0,0,0,0,0,0,0,4.721272815671638,419,2945,5330,0.13105815739639995,0.17938280709107363,0.18904066253444313,2693,0,0.14725
177,45486,rx_cerberus_base,/home/telilab4090/Documents/Gazebo World/my_world/rt_out/experiments/semantic_ablation_rigid_200f/sionna_xml/frame_177_sionna.xml,30.0,0.0,0.0,2.4,4.074,-1.779,0.81,28000000000.0,18,1.574846919538686e-08,5.723669715962387e-08,4.148822796423701e-08,3.621421384991663e-08,-74.41120938168608,-44.41120938168608,cir_coefficients_tau_mask,,"[1, 1, 1, 1, 18, 1]","[1, 1, 18]","[1, 1, 18]","[1, 1, 18]",,True,,18,4.148822796423701e-08,-44.411208955631295,0,0.0,-4.2605478256518836e-07,0,0,0,0,0,0,0,0,4.721272815671638,432,3004,5367,0.13105815739639995,0.1801487037655477,0.19043881003879679,2745,0,0.1502
178,45743,rx_cerberus_base,/home/telilab4090/Documents/Gazebo World/my_world/rt_out/experiments/semantic_ablation_rigid_200f/sionna_xml/frame_178_sionna.xml,30.0,0.0,0.0,2.4,4.074,-1.779,0.81,28000000000.0,18,1.574846919538686e-08,5.723669715962387e-08,4.148822796423701e-08,3.621421740263031e-08,-74.4112089556313,-44.411208955631295,cir_coefficients_tau_mask,,"[1, 1, 1, 1, 18, 1]","[1, 1, 18]","[1, 1, 18]","[1, 1, 18]",,True,,18,4.148822796423701e-08,-44.41120938168608,0,0.0,4.2605478256518836e-07,0,0,0,0,0,0,0,0,4.721272815671638,424,3013,5331,0.14015332501348235,0.18910207985631192,0.19400065062859354,2743,0,0.15065
179,46000,rx_cerberus_base,/home/telilab4090/Documents/Gazebo World/my_world/rt_out/experiments/semantic_ablation_rigid_200f/sionna_xml/frame_179_sionna.xml,30.0,0.0,0.0,2.4,4.074,-1.779,0.81,28000000000.0,18,1.574846919538686e-08,5.723669715962387e-08,4.148822796423701e-08,3.621421384991663e-08,-74.41120938168608,-44.41120938168608,cir_coefficients_tau_mask,,"[1, 1, 1, 1, 18, 1]","[1, 1, 18]","[1, 1, 18]","[1, 1, 18]",,True,,18,4.148822796423701e-08,-44.411208955631295,0,0.0,-4.2605478256518836e-07,0,0,0,0,0,0,0,0,4.721272815671638,437,2991,5420,0.13283147468338335,0.17827210193492393,0.18921569734645924,2734,0,0.14955
180,46257,rx_cerberus_base,/home/telilab4090/Documents/Gazebo World/my_world/rt_out/experiments/semantic_ablation_rigid_200f/sionna_xml/frame_180_sionna.xml,30.0,0.0,0.0,2.4,4.074,-1.779,0.81,28000000000.0,18,1.574846919538686e-08,5.723669715962387e-08,4.148822796423701e-08,3.621421384991663e-08,-74.41120938168608,-44.41120938168608,cir_coefficients_tau_mask,,"[1, 1, 1, 1, 18, 1]","[1, 1, 18]","[1, 1, 18]","[1, 1, 18]",,True,,18,4.148822796423701e-08,-44.41120938168608,0,0.0,0.0,0,0,0,0,0,0,0,0,4.721272815671638,467,3031,5330,0.13125994707444297,0.18893756831589717,0.1942108762519081,2754,0,0.15155
181,46514,rx_cerberus_base,/home/telilab4090/Documents/Gazebo World/my_world/rt_out/experiments/semantic_ablation_rigid_200f/sionna_xml/frame_181_sionna.xml,30.0,0.0,0.0,2.4,4.074,-1.779,0.81,28000000000.0,18,1.574846919538686e-08,5.723669715962387e-08,4.148822796423701e-08,3.621421740263031e-08,-74.4112089556313,-44.411208955631295,cir_coefficients_tau_mask,,"[1, 1, 1, 1, 18, 1]","[1, 1, 18]","[1, 1, 18]","[1, 1, 18]",,True,,18,4.148822796423701e-08,-44.41120938168608,0,0.0,4.2605478256518836e-07,0,0,0,0,0,0,0,0,4.721272815671638,430,2972,5417,0.13298783176984602,0.18368047315367247,0.19185115778678985,2707,0,0.1486
182,46771,rx_cerberus_base,/home/telilab4090/Documents/Gazebo World/my_world/rt_out/experiments/semantic_ablation_rigid_200f/sionna_xml/frame_182_sionna.xml,30.0,0.0,0.0,2.4,4.074,-1.779,0.81,28000000000.0,18,1.574846919538686e-08,5.723669715962387e-08,4.148822796423701e-08,3.621421384991663e-08,-74.41120938168608,-44.41120938168608,cir_coefficients_tau_mask,,"[1, 1, 1, 1, 18, 1]","[1, 1, 18]","[1, 1, 18]","[1, 1, 18]",,True,,18,4.148822796423701e-08,-44.411208955631295,0,0.0,-4.2605478256518836e-07,0,0,0,0,0,0,0,0,4.721272815671638,434,2907,5302,0.13118346737502096,0.18297560688374415,0.1914270384884243,2668,0,0.14535
183,47028,rx_cerberus_base,/home/telilab4090/Documents/Gazebo World/my_world/rt_out/experiments/semantic_ablation_rigid_200f/sionna_xml/frame_183_sionna.xml,30.0,0.0,0.0,2.4,4.074,-1.779,0.81,28000000000.0,18,1.574846919538686e-08,5.723669715962387e-08,4.148822796423701e-08,3.6214210297202953e-08,-74.41120980774089,-44.41120980774089,cir_coefficients_tau_mask,,"[1, 1, 1, 1, 18, 1]","[1, 1, 18]","[1, 1, 18]","[1, 1, 18]",,True,,18,4.148822796423701e-08,-44.41120938168608,0,0.0,-4.260548109868978e-07,0,0,0,0,0,0,0,0,4.721272815671638,446,2966,5379,0.1408326981275935,0.1852979938923804,0.19235631375617324,2709,0,0.1483
184,47285,rx_cerberus_base,/home/telilab4090/Documents/Gazebo World/my_world/rt_out/experiments/semantic_ablation_rigid_200f/sionna_xml/frame_184_sionna.xml,30.0,0.0,0.0,2.4,4.074,-1.779,0.81,28000000000.0,18,1.574846919538686e-08,5.723669715962387e-08,4.148822796423701e-08,3.621421384991663e-08,-74.41120938168608,-44.41120938168608,cir_coefficients_tau_mask,,"[1, 1, 1, 1, 18, 1]","[1, 1, 18]","[1, 1, 18]","[1, 1, 18]",,True,,18,4.148822796423701e-08,-44.41120980774089,0,0.0,4.260548109868978e-07,0,0,0,0,0,0,0,0,4.721272815671638,420,2937,5471,0.13118346737502096,0.1802513493152581,0.19033773766218431,2679,0,0.14685
185,47542,rx_cerberus_base,/home/telilab4090/Documents/Gazebo World/my_world/rt_out/experiments/semantic_ablation_rigid_200f/sionna_xml/frame_185_sionna.xml,30.0,0.0,0.0,2.4,4.074,-1.779,0.81,28000000000.0,18,1.574846919538686e-08,5.723669715962387e-08,4.148822796423701e-08,3.621421740263031e-08,-74.4112089556313,-44.411208955631295,cir_coefficients_tau_mask,,"[1, 1, 1, 1, 18, 1]","[1, 1, 18]","[1, 1, 18]","[1, 1, 18]",,True,,18,4.148822796423701e-08,-44.41120938168608,0,0.0,4.2605478256518836e-07,0,0,0,0,0,0,0,0,4.721272815671638,425,2989,5375,0.13218806119579188,0.18278847516750557,0.1909064260749673,2723,0,0.14945
186,47799,rx_cerberus_base,/home/telilab4090/Documents/Gazebo World/my_world/rt_out/experiments/semantic_ablation_rigid_200f/sionna_xml/frame_186_sionna.xml,30.0,0.0,0.0,2.4,4.074,-1.779,0.81,28000000000.0,18,1.574846919538686e-08,5.723669715962387e-08,4.148822796423701e-08,3.621421384991663e-08,-74.41120938168608,-44.41120938168608,cir_coefficients_tau_mask,,"[1, 1, 1, 1, 18, 1]","[1, 1, 18]","[1, 1, 18]","[1, 1, 18]",,True,,18,4.148822796423701e-08,-44.411208955631295,0,0.0,-4.2605478256518836e-07,0,0,0,0,0,0,0,0,4.721272815671638,409,3086,5487,0.13125994707444297,0.1731123692711491,0.1878133335962071,2803,0,0.1543
187,48056,rx_cerberus_base,/home/telilab4090/Documents/Gazebo World/my_world/rt_out/experiments/semantic_ablation_rigid_200f/sionna_xml/frame_187_sionna.xml,30.0,0.0,0.0,2.4,4.074,-1.779,0.81,28000000000.0,18,1.574846919538686e-08,5.723669715962387e-08,4.148822796423701e-08,3.621421384991663e-08,-74.41120938168608,-44.41120938168608,cir_coefficients_tau_mask,,"[1, 1, 1, 1, 18, 1]","[1, 1, 18]","[1, 1, 18]","[1, 1, 18]",,True,,18,4.148822796423701e-08,-44.41120938168608,0,0.0,0.0,0,0,0,0,0,0,0,0,4.721272815671638,469,2971,5373,0.1328704087157611,0.1747768778491792,0.18706746359485182,2710,0,0.14855
188,48313,rx_cerberus_base,/home/telilab4090/Documents/Gazebo World/my_world/rt_out/experiments/semantic_ablation_rigid_200f/sionna_xml/frame_188_sionna.xml,30.0,0.0,0.0,2.4,4.074,-1.779,0.81,28000000000.0,18,1.574846919538686e-08,5.723669715962387e-08,4.148822796423701e-08,3.621421384991663e-08,-74.41120938168608,-44.41120938168608,cir_coefficients_tau_mask,,"[1, 1, 1, 1, 18, 1]","[1, 1, 18]","[1, 1, 18]","[1, 1, 18]",,True,,18,4.148822796423701e-08,-44.41120938168608,0,0.0,0.0,0,0,0,0,0,0,0,0,4.721272815671638,405,2980,5347,0.18863646546444768,0.19163832116428195,0.1946795377786538,2743,0,0.149
189,48570,rx_cerberus_base,/home/telilab4090/Documents/Gazebo World/my_world/rt_out/experiments/semantic_ablation_rigid_200f/sionna_xml/frame_189_sionna.xml,30.0,0.0,0.0,2.4,4.074,-1.779,0.81,28000000000.0,18,1.574846919538686e-08,5.723669715962387e-08,4.148822796423701e-08,3.621421384991663e-08,-74.41120938168608,-44.41120938168608,cir_coefficients_tau_mask,,"[1, 1, 1, 1, 18, 1]","[1, 1, 18]","[1, 1, 18]","[1, 1, 18]",,True,,18,4.148822796423701e-08,-44.41120938168608,0,0.0,0.0,0,0,0,0,0,0,0,0,4.721272815671638,439,2991,5385,0.14064958842254457,0.18651266394909985,0.1926442337393171,2719,0,0.14955
190,48827,rx_cerberus_base,/home/telilab4090/Documents/Gazebo World/my_world/rt_out/experiments/semantic_ablation_rigid_200f/sionna_xml/frame_190_sionna.xml,30.0,0.0,0.0,2.4,4.074,-1.779,0.81,28000000000.0,17,1.574846919538686e-08,5.478522524526852e-08,3.903675604988166e-08,3.617294197511001e-08,-74.41616168274675,-44.41616168274675,cir_coefficients_tau_mask,,"[1, 1, 1, 1, 17, 1]","[1, 1, 17]","[1, 1, 17]","[1, 1, 17]",,True,,18,4.148822796423701e-08,-44.41120938168608,-1,-2.451471914355352e-09,-0.004952301060669129,1,1,0,0,0,0,0,0,4.721272815671638,463,2969,5345,0.13118346737502096,0.17742047865912397,0.18899895611197234,2741,0,0.14845
191,49084,rx_cerberus_base,/home/telilab4090/Documents/Gazebo World/my_world/rt_out/experiments/semantic_ablation_rigid_200f/sionna_xml/frame_191_sionna.xml,30.0,0.0,0.0,2.4,4.074,-1.779,0.81,28000000000.0,18,1.574846919538686e-08,5.723669715962387e-08,4.148822796423701e-08,3.621421740263031e-08,-74.4112089556313,-44.411208955631295,cir_coefficients_tau_mask,,"[1, 1, 1, 1, 18, 1]","[1, 1, 18]","[1, 1, 18]","[1, 1, 18]",,True,,17,3.903675604988166e-08,-44.41616168274675,1,2.451471914355352e-09,0.004952727115451694,1,0,0,0,0,1,1,1,4.721272815671638,463,3033,5476,0.1310862272609371,0.182812044457496,0.1910609617256581,2765,0,0.15165
192,49341,rx_cerberus_base,/home/telilab4090/Documents/Gazebo World/my_world/rt_out/experiments/semantic_ablation_rigid_200f/sionna_xml/frame_192_sionna.xml,30.0,0.0,0.0,2.4,4.074,-1.779,0.81,28000000000.0,18,1.574846919538686e-08,5.723669715962387e-08,4.148822796423701e-08,3.621421384991663e-08,-74.41120938168608,-44.41120938168608,cir_coefficients_tau_mask,,"[1, 1, 1, 1, 18, 1]","[1, 1, 18]","[1, 1, 18]","[1, 1, 18]",,True,,18,4.148822796423701e-08,-44.411208955631295,0,0.0,-4.2605478256518836e-07,0,0,0,0,0,0,0,0,4.721272815671638,430,2893,5358,0.1326189273086722,0.18438432510693437,0.1922234357033213,2642,0,0.14465
193,49598,rx_cerberus_base,/home/telilab4090/Documents/Gazebo World/my_world/rt_out/experiments/semantic_ablation_rigid_200f/sionna_xml/frame_193_sionna.xml,30.0,0.0,0.0,2.4,4.074,-1.779,0.81,28000000000.0,18,1.574846919538686e-08,5.723669715962387e-08,4.148822796423701e-08,3.621421384991663e-08,-74.41120938168608,-44.41120938168608,cir_coefficients_tau_mask,,"[1, 1, 1, 1, 18, 1]","[1, 1, 18]","[1, 1, 18]","[1, 1, 18]",,True,,18,4.148822796423701e-08,-44.41120938168608,0,0.0,0.0,0,0,0,0,0,0,0,0,4.721272815671638,454,2935,5328,0.13228210800744705,0.18247378363940925,0.1902651162441466,2660,0,0.14675
194,49855,rx_cerberus_base,/home/telilab4090/Documents/Gazebo World/my_world/rt_out/experiments/semantic_ablation_rigid_200f/sionna_xml/frame_194_sionna.xml,30.0,0.0,0.0,2.4,4.074,-1.779,0.81,28000000000.0,18,1.574846919538686e-08,5.723669715962387e-08,4.148822796423701e-08,3.621421384991663e-08,-74.41120938168608,-44.41120938168608,cir_coefficients_tau_mask,,"[1, 1, 1, 1, 18, 1]","[1, 1, 18]","[1, 1, 18]","[1, 1, 18]",,True,,18,4.148822796423701e-08,-44.41120938168608,0,0.0,0.0,0,0,0,0,0,0,0,0,4.721272815671638,416,2937,5356,0.1408326981275935,0.18729093886091358,0.19387672321100236,2706,0,0.14685
195,50112,rx_cerberus_base,/home/telilab4090/Documents/Gazebo World/my_world/rt_out/experiments/semantic_ablation_rigid_200f/sionna_xml/frame_195_sionna.xml,30.0,0.0,0.0,2.4,4.074,-1.779,0.81,28000000000.0,18,1.574846919538686e-08,5.723669715962387e-08,4.148822796423701e-08,3.621421384991663e-08,-74.41120938168608,-44.41120938168608,cir_coefficients_tau_mask,,"[1, 1, 1, 1, 18, 1]","[1, 1, 18]","[1, 1, 18]","[1, 1, 18]",,True,,18,4.148822796423701e-08,-44.41120938168608,0,0.0,0.0,0,0,0,0,0,0,0,0,4.721272815671638,432,2951,5358,0.13228210800744705,0.17766177501670266,0.18808832888651264,2709,0,0.14755
196,50369,rx_cerberus_base,/home/telilab4090/Documents/Gazebo World/my_world/rt_out/experiments/semantic_ablation_rigid_200f/sionna_xml/frame_196_sionna.xml,30.0,0.0,0.0,2.4,4.074,-1.779,0.81,28000000000.0,18,1.574846919538686e-08,5.723669715962387e-08,4.148822796423701e-08,3.6214210297202953e-08,-74.41120980774089,-44.41120980774089,cir_coefficients_tau_mask,,"[1, 1, 1, 1, 18, 1]","[1, 1, 18]","[1, 1, 18]","[1, 1, 18]",,True,,18,4.148822796423701e-08,-44.41120938168608,0,0.0,-4.260548109868978e-07,0,0,0,0,0,0,0,0,4.721272815671638,414,2882,5249,0.13118346737502096,0.18059631116189234,0.1901807344089432,2657,0,0.1441
197,50626,rx_cerberus_base,/home/telilab4090/Documents/Gazebo World/my_world/rt_out/experiments/semantic_ablation_rigid_200f/sionna_xml/frame_197_sionna.xml,30.0,0.0,0.0,2.4,4.074,-1.779,0.81,28000000000.0,18,1.574846919538686e-08,5.723669715962387e-08,4.148822796423701e-08,3.621421740263031e-08,-74.4112089556313,-44.411208955631295,cir_coefficients_tau_mask,,"[1, 1, 1, 1, 18, 1]","[1, 1, 18]","[1, 1, 18]","[1, 1, 18]",,True,,18,4.148822796423701e-08,-44.41120980774089,0,0.0,8.521095935520862e-07,0,0,0,0,0,0,0,0,4.721272815671638,409,2918,6032,0.1397048622238908,0.18394310124095142,0.1923504021998839,2640,0,0.1459
198,50883,rx_cerberus_base,/home/telilab4090/Documents/Gazebo World/my_world/rt_out/experiments/semantic_ablation_rigid_200f/sionna_xml/frame_198_sionna.xml,30.0,0.0,0.0,2.4,4.074,-1.779,0.81,28000000000.0,18,1.574846919538686e-08,5.723669715962387e-08,4.148822796423701e-08,3.621421740263031e-08,-74.4112089556313,-44.411208955631295,cir_coefficients_tau_mask,,"[1, 1, 1, 1, 18, 1]","[1, 1, 18]","[1, 1, 18]","[1, 1, 18]",,True,,18,4.148822796423701e-08,-44.411208955631295,0,0.0,0.0,0,0,0,0,0,0,0,0,4.721272815671638,472,3003,5863,0.13909533446778996,0.18443698818657156,0.19226738292524764,2739,0,0.15015
199,51140,rx_cerberus_base,/home/telilab4090/Documents/Gazebo World/my_world/rt_out/experiments/semantic_ablation_rigid_200f/sionna_xml/frame_199_sionna.xml,30.0,0.0,0.0,2.4,4.074,-1.779,0.81,28000000000.0,18,1.574846919538686e-08,5.723669715962387e-08,4.148822796423701e-08,3.621421384991663e-08,-74.41120938168608,-44.41120938168608,cir_coefficients_tau_mask,,"[1, 1, 1, 1, 18, 1]","[1, 1, 18]","[1, 1, 18]","[1, 1, 18]",,True,,18,4.148822796423701e-08,-44.411208955631295,0,0.0,-4.2605478256518836e-07,0,0,0,0,0,0,0,0,4.721272815671638,432,2918,5911,0.13179820116264332,0.18077446099702557,0.19145476272999598,2648,0,0.1459
1,257,rx_human_chest,/home/telilab4090/Documents/Gazebo World/my_world/rt_out/experiments/semantic_ablation_rigid_200f/sionna_xml/frame_001_sionna.xml,30.0,0.0,0.0,2.4,-1.4605,-0.8406,1.6421,28000000000.0,21,6.163341392806387e-09,6.431429255826515e-08,5.8150951165458764e-08,2.240194589830935e-07,-66.49714255942916,-36.497142559429165,cir_coefficients_tau_mask,,"[1, 1, 1, 1, 21, 1]","[1, 1, 21]","[1, 1, 21]","[1, 1, 21]",,True,,21,5.8150951165458764e-08,-36.497142559429165,0,0.0,0.0,0,0,0,0,0,0,0,0,1.8477231989667715,379,597,1386,0.09476798063053497,0.12326712071765042,0.13647151739134009,597,0,0.02985
2,514,rx_human_chest,/home/telilab4090/Documents/Gazebo World/my_world/rt_out/experiments/semantic_ablation_rigid_200f/sionna_xml/frame_002_sionna.xml,30.0,0.0,0.0,2.4,-1.4605,-0.8406,1.6421,28000000000.0,21,6.163341392806387e-09,6.431429255826515e-08,5.8150951165458764e-08,2.240194589830935e-07,-66.49714255942916,-36.497142559429165,cir_coefficients_tau_mask,,"[1, 1, 1, 1, 21, 1]","[1, 1, 21]","[1, 1, 21]","[1, 1, 21]",,True,,21,5.8150951165458764e-08,-36.497142559429165,0,0.0,0.0,0,0,0,0,0,0,0,0,1.8477231989667715,382,562,1332,0.07773562633730037,0.11567072657886993,0.13397591404637052,562,0,0.0281
3,771,rx_human_chest,/home/telilab4090/Documents/Gazebo World/my_world/rt_out/experiments/semantic_ablation_rigid_200f/sionna_xml/frame_003_sionna.xml,30.0,0.0,0.0,2.4,-1.4605,-0.8406,1.6421,28000000000.0,21,6.163341392806387e-09,6.431429255826515e-08,5.8150951165458764e-08,2.240194589830935e-07,-66.49714255942916,-36.497142559429165,cir_coefficients_tau_mask,,"[1, 1, 1, 1, 21, 1]","[1, 1, 21]","[1, 1, 21]","[1, 1, 21]",,True,,21,5.8150951165458764e-08,-36.497142559429165,0,0.0,0.0,0,0,0,0,0,0,0,0,1.8477231989667715,408,613,1189,0.06077081875763326,0.10332930399623011,0.12501221763676007,613,0,0.03065
4,1028,rx_human_chest,/home/telilab4090/Documents/Gazebo World/my_world/rt_out/experiments/semantic_ablation_rigid_200f/sionna_xml/frame_004_sionna.xml,30.0,0.0,0.0,2.4,-1.4605,-0.8406,1.6421,28000000000.0,21,6.163341392806387e-09,6.431429255826515e-08,5.8150951165458764e-08,2.2401947319394822e-07,-66.49714228393097,-36.49714228393097,cir_coefficients_tau_mask,,"[1, 1, 1, 1, 21, 1]","[1, 1, 21]","[1, 1, 21]","[1, 1, 21]",,True,,21,5.8150951165458764e-08,-36.497142559429165,0,0.0,2.7549819492378447e-07,0,0,0,0,0,0,0,0,1.8477231989667715,420,604,1188,0.10834683911943797,0.13089065501254873,0.13881682385715657,604,0,0.0302
5,1285,rx_human_chest,/home/telilab4090/Documents/Gazebo World/my_world/rt_out/experiments/semantic_ablation_rigid_200f/sionna_xml/frame_005_sionna.xml,30.0,0.0,0.0,2.4,-1.4605,-0.8406,1.6421,28000000000.0,21,6.163341392806387e-09,6.431429255826515e-08,5.8150951165458764e-08,2.2401947319394822e-07,-66.49714228393097,-36.49714228393097,cir_coefficients_tau_mask,,"[1, 1, 1, 1, 21, 1]","[1, 1, 21]","[1, 1, 21]","[1, 1, 21]",,True,,21,5.8150951165458764e-08,-36.49714228393097,0,0.0,0.0,0,0,0,0,0,0,0,0,1.8477231989667715,376,561,1236,0.1017288448482412,0.13316130881878357,0.1413983688395365,561,0,0.02805
6,1542,rx_human_chest,/home/telilab4090/Documents/Gazebo World/my_world/rt_out/experiments/semantic_ablation_rigid_200f/sionna_xml/frame_006_sionna.xml,30.0,0.0,0.0,2.4,-1.4605,-0.8406,1.6421,28000000000.0,20,6.163341392806387e-09,6.431429255826515e-08,5.8150951165458764e-08,2.2396395138457592e-07,-66.49821878874059,-36.49821878874059,cir_coefficients_tau_mask,,"[1, 1, 1, 1, 20, 1]","[1, 1, 20]","[1, 1, 20]","[1, 1, 20]",,True,,21,5.8150951165458764e-08,-36.49714228393097,-1,0.0,-0.0010765048096175178,1,1,0,0,0,0,0,0,1.8477231989667715,364,525,1181,0.07861069263363829,0.1191631334213095,0.13461297738809758,525,0,0.02625
7,1799,rx_human_chest,/home/telilab4090/Documents/Gazebo World/my_world/rt_out/experiments/semantic_ablation_rigid_200f/sionna_xml/frame_007_sionna.xml,30.0,0.0,0.0,2.4,-1.4605,-0.8406,1.6421,28000000000.0,21,6.163341392806387e-09,6.431429255826515e-08,5.8150951165458764e-08,2.240194589830935e-07,-66.49714255942916,-36.497142559429165,cir_coefficients_tau_mask,,"[1, 1, 1, 1, 21, 1]","[1, 1, 21]","[1, 1, 21]","[1, 1, 21]",,True,,20,5.8150951165458764e-08,-36.49821878874059,1,0.0,0.001076229311422594,1,0,0,0,0,0,0,0,1.8477231989667715,373,569,1332,0.051803618550886846,0.11698921694715711,0.13455476883333206,569,0,0.02845
8,2056,rx_human_chest,/home/telilab4090/Documents/Gazebo World/my_world/rt_out/experiments/semantic_ablation_rigid_200f/sionna_xml/frame_008_sionna.xml,30.0,0.0,0.0,2.4,-1.4605,-0.8406,1.6421,28000000000.0,21,6.163341392806387e-09,6.431429255826515e-08,5.8150951165458764e-08,2.240194589830935e-07,-66.49714255942916,-36.497142559429165,cir_coefficients_tau_mask,,"[1, 1, 1, 1, 21, 1]","[1, 1, 21]","[1, 1, 21]","[1, 1, 21]",,True,,21,5.8150951165458764e-08,-36.497142559429165,0,0.0,0.0,0,0,0,0,0,0,0,0,1.8477231989667715,397,594,1368,0.10127111776023084,0.12684105293959572,0.13779442472483314,594,0,0.0297
9,2313,rx_human_chest,/home/telilab4090/Documents/Gazebo World/my_world/rt_out/experiments/semantic_ablation_rigid_200f/sionna_xml/frame_009_sionna.xml,30.0,0.0,0.0,2.4,-1.4605,-0.8406,1.6421,28000000000.0,22,6.163341392806387e-09,6.431429255826515e-08,5.8150951165458764e-08,2.2443714442488272e-07,-66.48905265580795,-36.48905265580795,cir_coefficients_tau_mask,,"[1, 1, 1, 1, 22, 1]","[1, 1, 22]","[1, 1, 22]","[1, 1, 22]",,True,,21,5.8150951165458764e-08,-36.497142559429165,1,0.0,0.008089903621211647,1,0,0,0,0,0,0,0,1.8477231989667715,385,586,1361,0.07861069263363829,0.13114592649956686,0.14066865408681953,586,0,0.0293
10,2570,rx_human_chest,/home/telilab4090/Documents/Gazebo World/my_world/rt_out/experiments/semantic_ablation_rigid_200f/sionna_xml/frame_010_sionna.xml,30.0,0.0,0.0,2.4,-1.4605,-0.8406,1.6421,28000000000.0,22,6.163341392806387e-09,6.431429255826515e-08,5.8150951165458764e-08,2.2438425162363274e-07,-66.4900762724191,-36.4900762724191,cir_coefficients_tau_mask,,"[1, 1, 1, 1, 22, 1]","[1, 1, 22]","[1, 1, 22]","[1, 1, 22]",,True,,22,5.8150951165458764e-08,-36.48905265580795,0,0.0,-0.0010236166111496914,0,0,0,0,0,0,0,0,1.8477231989667715,407,595,1355,0.07861069263363829,0.12518075037135123,0.1379910679270694,595,0,0.02975
11,2827,rx_human_chest,/home/telilab4090/Documents/Gazebo World/my_world/rt_out/experiments/semantic_ablation_rigid_200f/sionna_xml/frame_011_sionna.xml,30.0,0.0,0.0,2.4,-1.4605,-0.8406,1.6421,28000000000.0,23,6.163341392806387e-09,6.568895827285814e-08,5.952561688005176e-08,2.2439070335167344e-07,-66.48995140137379,-36.48995140137379,cir_coefficients_tau_mask,,"[1, 1, 1, 1, 23, 1]","[1, 1, 23]","[1, 1, 23]","[1, 1, 23]",,True,,22,5.8150951165458764e-08,-36.4900762724191,1,1.374665714592993e-09,0.00012487104531544446,1,0,0,0,0,0,0,0,1.8477231989667715,382,575,980,0.09987111379493957,0.1264190840570636,0.1375211903968321,575,0,0.02875
12,3084,rx_human_chest,/home/telilab4090/Documents/Gazebo World/my_world/rt_out/experiments/semantic_ablation_rigid_200f/sionna_xml/frame_012_sionna.xml,30.0,0.0,0.0,2.4,-1.4605,-0.8406,1.6421,28000000000.0,23,6.163341392806387e-09,6.568895827285814e-08,5.952561688005176e-08,2.2439070335167344e-07,-66.48995140137379,-36.48995140137379,cir_coefficients_tau_mask,,"[1, 1, 1, 1, 23, 1]","[1, 1, 23]","[1, 1, 23]","[1, 1, 23]",,True,,23,5.952561688005176e-08,-36.48995140137379,0,0.0,0.0,0,0,0,0,0,0,0,0,1.8477231989667715,401,612,817,0.07861069263363829,0.12042278268954673,0.1354657472214027,612,0,0.0306
13,3341,rx_human_chest,/home/telilab4090/Documents/Gazebo World/my_world/rt_out/experiments/semantic_ablation_rigid_200f/sionna_xml/frame_013_sionna.xml,30.0,0.0,0.0,2.4,-1.4605,-0.8406,1.6421,28000000000.0,23,6.163341392806387e-09,6.568895827285814e-08,5.952561688005176e-08,2.2439071756252815e-07,-66.48995112633139,-36.48995112633139,cir_coefficients_tau_mask,,"[1, 1, 1, 1, 23, 1]","[1, 1, 23]","[1, 1, 23]","[1, 1, 23]",,True,,23,5.952561688005176e-08,-36.48995140137379,0,0.0,2.750423959696491e-07,0,0,0,0,0,0,0,0,1.8477231989667715,423,600,789,0.049967880839817305,0.11739980137819753,0.13340444801329845,600,0,0.03
14,3598,rx_human_chest,/home/telilab4090/Documents/Gazebo World/my_world/rt_out/experiments/semantic_ablation_rigid_200f/sionna_xml/frame_014_sionna.xml,30.0,0.0,0.0,2.4,-1.4605,-0.8406,1.6421,28000000000.0,25,6.163341392806387e-09,6.568895827285814e-08,5.952561688005176e-08,2.6307739631192817e-07,-65.7991646502229,-35.799164650222906,cir_coefficients_tau_mask,,"[1, 1, 1, 1, 25, 1]","[1, 1, 25]","[1, 1, 25]","[1, 1, 25]",,True,,23,5.952561688005176e-08,-36.48995112633139,2,0.0,0.6907864761084852,1,0,0,0,0,0,0,0,1.8477231989667715,374,587,783,0.08012566700981756,0.12154256409763153,0.13574808772484417,587,0,0.02935
15,3855,rx_human_chest,/home/telilab4090/Documents/Gazebo World/my_world/rt_out/experiments/semantic_ablation_rigid_200f/sionna_xml/frame_015_sionna.xml,30.0,0.0,0.0,2.4,-1.4605,-0.8406,1.6421,28000000000.0,23,6.163341392806387e-09,6.568895827285814e-08,5.952561688005176e-08,2.2439071756252815e-07,-66.48995112633139,-36.48995112633139,cir_coefficients_tau_mask,,"[1, 1, 1, 1, 23, 1]","[1, 1, 23]","[1, 1, 23]","[1, 1, 23]",,True,,25,5.952561688005176e-08,-35.799164650222906,-2,0.0,-0.6907864761084852,1,1,1,0,0,0,0,0,1.8477231989667715,377,557,738,0.04536607728976283,0.11455290957985284,0.13352119140976562,557,0,0.02785
16,4112,rx_human_chest,/home/telilab4090/Documents/Gazebo World/my_world/rt_out/experiments/semantic_ablation_rigid_200f/sionna_xml/frame_016_sionna.xml,30.0,0.0,0.0,2.4,-1.4605,-0.8406,1.6421,28000000000.0,23,6.163341392806387e-09,6.568895827285814e-08,5.952561688005176e-08,2.2439070335167344e-07,-66.48995140137379,-36.48995140137379,cir_coefficients_tau_mask,,"[1, 1, 1, 1, 23, 1]","[1, 1, 23]","[1, 1, 23]","[1, 1, 23]",,True,,23,5.952561688005176e-08,-36.48995112633139,0,0.0,-2.750423959696491e-07,0,0,0,0,0,0,0,0,1.8477231989667715,394,605,808,0.10650962994133462,0.12244831425236635,0.1341976391068032,605,0,0.03025
17,4369,rx_human_chest,/home/telilab4090/Documents/Gazebo World/my_world/rt_out/experiments/semantic_ablation_rigid_200f/sionna_xml/frame_017_sionna.xml,30.0,0.0,0.0,2.4,-1.4605,-0.8406,1.6421,28000000000.0,23,6.163341392806387e-09,6.568895827285814e-08,5.952561688005176e-08,2.2439070335167344e-07,-66.48995140137379,-36.48995140137379,cir_coefficients_tau_mask,,"[1, 1, 1, 1, 23, 1]","[1, 1, 23]","[1, 1, 23]","[1, 1, 23]",,True,,23,5.952561688005176e-08,-36.48995140137379,0,0.0,0.0,0,0,0,0,0,0,0,0,1.8477231989667715,382,563,774,0.06507442702667007,0.11713702723963579,0.13301558228603902,563,0,0.02815
18,4626,rx_human_chest,/home/telilab4090/Documents/Gazebo World/my_world/rt_out/experiments/semantic_ablation_rigid_200f/sionna_xml/frame_018_sionna.xml,30.0,0.0,0.0,2.4,-1.4605,-0.8406,1.6421,28000000000.0,23,6.163341392806387e-09,6.568895827285814e-08,5.952561688005176e-08,2.2439073177338287e-07,-66.48995085128901,-36.48995085128901,cir_coefficients_tau_mask,,"[1, 1, 1, 1, 23, 1]","[1, 1, 23]","[1, 1, 23]","[1, 1, 23]",,True,,23,5.952561688005176e-08,-36.48995140137379,0,0.0,5.500847777284434e-07,0,0,0,0,0,0,0,0,1.8477231989667715,389,594,781,0.08145129228711827,0.12742306416588828,0.13768094990754132,594,0,0.0297
19,4883,rx_human_chest,/home/telilab4090/Documents/Gazebo World/my_world/rt_out/experiments/semantic_ablation_rigid_200f/sionna_xml/frame_019_sionna.xml,30.0,0.0,0.0,2.4,-1.4605,-0.8406,1.6421,28000000000.0,23,6.163341392806387e-09,6.568895827285814e-08,5.952561688005176e-08,2.2439071756252815e-07,-66.48995112633139,-36.48995112633139,cir_coefficients_tau_mask,,"[1, 1, 1, 1, 23, 1]","[1, 1, 23]","[1, 1, 23]","[1, 1, 23]",,True,,23,5.952561688005176e-08,-36.48995085128901,0,0.0,-2.7504238175879436e-07,0,0,0,0,0,0,0,0,1.8477231989667715,409,601,773,0.056654676184891624,0.12152092019458546,0.13520189643960043,601,0,0.03005
20,5140,rx_human_chest,/home/telilab4090/Documents/Gazebo World/my_world/rt_out/experiments/semantic_ablation_rigid_200f/sionna_xml/frame_020_sionna.xml,30.0,0.0,0.0,2.4,-1.4605,-0.8406,1.6421,28000000000.0,23,6.163341392806387e-09,6.568895827285814e-08,5.952561688005176e-08,2.2439070335167344e-07,-66.48995140137379,-36.48995140137379,cir_coefficients_tau_mask,,"[1, 1, 1, 1, 23, 1]","[1, 1, 23]","[1, 1, 23]","[1, 1, 23]",,True,,23,5.952561688005176e-08,-36.48995112633139,0,0.0,-2.750423959696491e-07,0,0,0,0,0,0,0,0,1.8477231989667715,397,588,795,0.10703863931262535,0.13247838092463735,0.14200009623865864,588,0,0.0294
21,5397,rx_human_chest,/home/telilab4090/Documents/Gazebo World/my_world/rt_out/experiments/semantic_ablation_rigid_200f/sionna_xml/frame_021_sionna.xml,30.0,0.0,0.0,2.4,-1.4605,-0.8406,1.6421,28000000000.0,23,6.163341392806387e-09,6.568895827285814e-08,5.952561688005176e-08,2.2439071756252815e-07,-66.48995112633139,-36.48995112633139,cir_coefficients_tau_mask,,"[1, 1, 1, 1, 23, 1]","[1, 1, 23]","[1, 1, 23]","[1, 1, 23]",,True,,23,5.952561688005176e-08,-36.48995140137379,0,0.0,2.750423959696491e-07,0,0,0,0,0,0,0,0,1.8477231989667715,433,641,896,0.10966064695824784,0.1345960129596298,0.1423556589253603,641,0,0.03205
22,5654,rx_human_chest,/home/telilab4090/Documents/Gazebo World/my_world/rt_out/experiments/semantic_ablation_rigid_200f/sionna_xml/frame_022_sionna.xml,30.0,0.0,0.0,2.4,-1.4605,-0.8406,1.6421,28000000000.0,23,6.163341392806387e-09,6.568895827285814e-08,5.952561688005176e-08,2.2439073177338287e-07,-66.48995085128901,-36.48995085128901,cir_coefficients_tau_mask,,"[1, 1, 1, 1, 23, 1]","[1, 1, 23]","[1, 1, 23]","[1, 1, 23]",,True,,23,5.952561688005176e-08,-36.48995112633139,0,0.0,2.7504238175879436e-07,0,0,0,0,0,0,0,0,1.8477231989667715,395,591,980,0.09476798063053497,0.12557122368439652,0.13627714306295144,591,0,0.02955
23,5911,rx_human_chest,/home/telilab4090/Documents/Gazebo World/my_world/rt_out/experiments/semantic_ablation_rigid_200f/sionna_xml/frame_023_sionna.xml,30.0,0.0,0.0,2.4,-1.4605,-0.8406,1.6421,28000000000.0,23,6.163341392806387e-09,6.568895827285814e-08,5.952561688005176e-08,2.2439071756252815e-07,-66.48995112633139,-36.48995112633139,cir_coefficients_tau_mask,,"[1, 1, 1, 1, 23, 1]","[1, 1, 23]","[1, 1, 23]","[1, 1, 23]",,True,,23,5.952561688005176e-08,-36.48995085128901,0,0.0,-2.7504238175879436e-07,0,0,0,0,0,0,0,0,1.8477231989667715,400,577,965,0.10650962994133462,0.12834609411020534,0.13803818232840134,577,0,0.02885
24,6168,rx_human_chest,/home/telilab4090/Documents/Gazebo World/my_world/rt_out/experiments/semantic_ablation_rigid_200f/sionna_xml/frame_024_sionna.xml,30.0,0.0,0.0,2.4,-1.4605,-0.8406,1.6421,28000000000.0,23,6.163341392806387e-09,6.568895827285814e-08,5.952561688005176e-08,2.2439071756252815e-07,-66.48995112633139,-36.48995112633139,cir_coefficients_tau_mask,,"[1, 1, 1, 1, 23, 1]","[1, 1, 23]","[1, 1, 23]","[1, 1, 23]",,True,,23,5.952561688005176e-08,-36.48995112633139,0,0.0,0.0,0,0,0,0,0,0,0,0,1.8477231989667715,403,583,971,0.07773562633730037,0.12627456834091538,0.138156986350096,583,0,0.02915
25,6425,rx_human_chest,/home/telilab4090/Documents/Gazebo World/my_world/rt_out/experiments/semantic_ablation_rigid_200f/sionna_xml/frame_025_sionna.xml,30.0,0.0,0.0,2.4,-1.4605,-0.8406,1.6421,28000000000.0,23,6.163341392806387e-09,6.568895827285814e-08,5.952561688005176e-08,2.2439071756252815e-07,-66.48995112633139,-36.48995112633139,cir_coefficients_tau_mask,,"[1, 1, 1, 1, 23, 1]","[1, 1, 23]","[1, 1, 23]","[1, 1, 23]",,True,,23,5.952561688005176e-08,-36.48995112633139,0,0.0,0.0,0,0,0,0,0,0,0,0,1.8477231989667715,390,557,761,0.06507442702667007,0.11994344053924491,0.13585371957960235,557,0,0.02785
26,6682,rx_human_chest,/home/telilab4090/Documents/Gazebo World/my_world/rt_out/experiments/semantic_ablation_rigid_200f/sionna_xml/frame_026_sionna.xml,30.0,0.0,0.0,2.4,-1.4605,-0.8406,1.6421,28000000000.0,23,6.163341392806387e-09,6.568895827285814e-08,5.952561688005176e-08,2.2439070335167344e-07,-66.48995140137379,-36.48995140137379,cir_coefficients_tau_mask,,"[1, 1, 1, 1, 23, 1]","[1, 1, 23]","[1, 1, 23]","[1, 1, 23]",,True,,23,5.952561688005176e-08,-36.48995112633139,0,0.0,-2.750423959696491e-07,0,0,0,0,0,0,0,0,1.8477231989667715,410,598,874,0.05842921654367848,0.11989042945027908,0.1349223337236088,598,0,0.0299
27,6939,rx_human_chest,/home/telilab4090/Documents/Gazebo World/my_world/rt_out/experiments/semantic_ablation_rigid_200f/sionna_xml/frame_027_sionna.xml,30.0,0.0,0.0,2.4,-1.4605,-0.8406,1.6421,28000000000.0,23,6.163341392806387e-09,6.568895827285814e-08,5.952561688005176e-08,2.2439071756252815e-07,-66.48995112633139,-36.48995112633139,cir_coefficients_tau_mask,,"[1, 1, 1, 1, 23, 1]","[1, 1, 23]","[1, 1, 23]","[1, 1, 23]",,True,,23,5.952561688005176e-08,-36.48995140137379,0,0.0,2.750423959696491e-07,0,0,0,0,0,0,0,0,1.8477231989667715,408,607,1077,0.037644989010867214,0.11320789931103523,0.1326377785157398,607,0,0.03035
28,7196,rx_human_chest,/home/telilab4090/Documents/Gazebo World/my_world/rt_out/experiments/semantic_ablation_rigid_200f/sionna_xml/frame_028_sionna.xml,30.0,0.0,0.0,2.4,-1.4605,-0.8406,1.6421,28000000000.0,23,6.163341392806387e-09,6.568895827285814e-08,5.952561688005176e-08,2.2439070335167344e-07,-66.48995140137379,-36.48995140137379,cir_coefficients_tau_mask,,"[1, 1, 1, 1, 23, 1]","[1, 1, 23]","[1, 1, 23]","[1, 1, 23]",,True,,23,5.952561688005176e-08,-36.48995112633139,0,0.0,-2.750423959696491e-07,0,0,0,0,0,0,0,0,1.8477231989667715,389,565,1107,0.05842921654367848,0.12348436557952047,0.13645615172921838,565,0,0.02825
29,7453,rx_human_chest,/home/telilab4090/Documents/Gazebo World/my_world/rt_out/experiments/semantic_ablation_rigid_200f/sionna_xml/frame_029_sionna.xml,30.0,0.0,0.0,2.4,-1.4605,-0.8406,1.6421,28000000000.0,23,6.163341392806387e-09,6.568895827285814e-08,5.952561688005176e-08,2.2439071756252815e-07,-66.48995112633139,-36.48995112633139,cir_coefficients_tau_mask,,"[1, 1, 1, 1, 23, 1]","[1, 1, 23]","[1, 1, 23]","[1, 1, 23]",,True,,23,5.952561688005176e-08,-36.48995140137379,0,0.0,2.750423959696491e-07,0,0,0,0,0,0,0,0,1.8477231989667715,343,539,950,0.06843297245110508,0.12187689776040282,0.13647267650354092,539,0,0.02695
30,7710,rx_human_chest,/home/telilab4090/Documents/Gazebo World/my_world/rt_out/experiments/semantic_ablation_rigid_200f/sionna_xml/frame_030_sionna.xml,30.0,0.0,0.0,2.4,-1.4605,-0.8406,1.6421,28000000000.0,23,6.163341392806387e-09,6.568895827285814e-08,5.952561688005176e-08,2.2439071756252815e-07,-66.48995112633139,-36.48995112633139,cir_coefficients_tau_mask,,"[1, 1, 1, 1, 23, 1]","[1, 1, 23]","[1, 1, 23]","[1, 1, 23]",,True,,23,5.952561688005176e-08,-36.48995112633139,0,0.0,0.0,0,0,0,0,0,0,0,0,1.8477231989667715,392,603,832,0.037644989010867214,0.12175683672287,0.1366403917473173,603,0,0.03015
31,7967,rx_human_chest,/home/telilab4090/Documents/Gazebo World/my_world/rt_out/experiments/semantic_ablation_rigid_200f/sionna_xml/frame_031_sionna.xml,30.0,0.0,0.0,2.4,-1.4605,-0.8406,1.6421,28000000000.0,23,6.163341392806387e-09,6.568895827285814e-08,5.952561688005176e-08,2.2439071756252815e-07,-66.48995112633139,-36.48995112633139,cir_coefficients_tau_mask,,"[1, 1, 1, 1, 23, 1]","[1, 1, 23]","[1, 1, 23]","[1, 1, 23]",,True,,23,5.952561688005176e-08,-36.48995112633139,0,0.0,0.0,0,0,0,0,0,0,0,0,1.8477231989667715,370,575,813,0.05842921654367848,0.11735939972922435,0.13396976387686718,575,0,0.02875
32,8224,rx_human_chest,/home/telilab4090/Documents/Gazebo World/my_world/rt_out/experiments/semantic_ablation_rigid_200f/sionna_xml/frame_032_sionna.xml,30.0,0.0,0.0,2.4,-1.4605,-0.8406,1.6421,28000000000.0,23,6.163341392806387e-09,6.568895827285814e-08,5.952561688005176e-08,2.2439071756252815e-07,-66.48995112633139,-36.48995112633139,cir_coefficients_tau_mask,,"[1, 1, 1, 1, 23, 1]","[1, 1, 23]","[1, 1, 23]","[1, 1, 23]",,True,,23,5.952561688005176e-08,-36.48995112633139,0,0.0,0.0,0,0,0,0,0,0,0,0,1.8477231989667715,420,601,924,0.07071896293669933,0.12044101701192596,0.13372501446239932,601,0,0.03005
33,8481,rx_human_chest,/home/telilab4090/Documents/Gazebo World/my_world/rt_out/experiments/semantic_ablation_rigid_200f/sionna_xml/frame_033_sionna.xml,30.0,0.0,0.0,2.4,-1.4605,-0.8406,1.6421,28000000000.0,23,6.163341392806387e-09,6.568895827285814e-08,5.952561688005176e-08,2.2439070335167344e-07,-66.48995140137379,-36.48995140137379,cir_coefficients_tau_mask,,"[1, 1, 1, 1, 23, 1]","[1, 1, 23]","[1, 1, 23]","[1, 1, 23]",,True,,23,5.952561688005176e-08,-36.48995112633139,0,0.0,-2.750423959696491e-07,0,0,0,0,0,0,0,0,1.8477231989667715,382,593,898,0.10650962994133462,0.1286906797184055,0.13908916934556692,593,0,0.02965
34,8737,rx_human_chest,/home/telilab4090/Documents/Gazebo World/my_world/rt_out/experiments/semantic_ablation_rigid_200f/sionna_xml/frame_034_sionna.xml,30.0,0.0,0.0,2.4,-1.4605,-0.8406,1.6421,28000000000.0,23,6.163341392806387e-09,6.568895827285814e-08,5.952561688005176e-08,2.2439070335167344e-07,-66.48995140137379,-36.48995140137379,cir_coefficients_tau_mask,,"[1, 1, 1, 1, 23, 1]","[1, 1, 23]","[1, 1, 23]","[1, 1, 23]",,True,,23,5.952561688005176e-08,-36.48995140137379,0,0.0,0.0,0,0,0,0,0,0,0,0,1.8477231989667715,375,566,802,0.06507442702667007,0.12582769203127592,0.1388546554189075,566,0,0.0283
35,8994,rx_human_chest,/home/telilab4090/Documents/Gazebo World/my_world/rt_out/experiments/semantic_ablation_rigid_200f/sionna_xml/frame_035_sionna.xml,30.0,0.0,0.0,2.4,-1.4605,-0.8406,1.6421,28000000000.0,23,6.163341392806387e-09,6.568895827285814e-08,5.952561688005176e-08,2.2439071756252815e-07,-66.48995112633139,-36.48995112633139,cir_coefficients_tau_mask,,"[1, 1, 1, 1, 23, 1]","[1, 1, 23]","[1, 1, 23]","[1, 1, 23]",,True,,23,5.952561688005176e-08,-36.48995140137379,0,0.0,2.750423959696491e-07,0,0,0,0,0,0,0,0,1.8477231989667715,406,579,752,0.08008116524961148,0.12464325171728949,0.13649033938284114,579,0,0.02895
36,9251,rx_human_chest,/home/telilab4090/Documents/Gazebo World/my_world/rt_out/experiments/semantic_ablation_rigid_200f/sionna_xml/frame_036_sionna.xml,30.0,0.0,0.0,2.4,-1.4605,-0.8406,1.6421,28000000000.0,23,6.163341392806387e-09,6.568895827285814e-08,5.952561688005176e-08,2.2439071756252815e-07,-66.48995112633139,-36.48995112633139,cir_coefficients_tau_mask,,"[1, 1, 1, 1, 23, 1]","[1, 1, 23]","[1, 1, 23]","[1, 1, 23]",,True,,23,5.952561688005176e-08,-36.48995112633139,0,0.0,0.0,0,0,0,0,0,0,0,0,1.8477231989667715,386,551,979,0.05947992142592132,0.12096021625138416,0.13601610893412966,551,0,0.02755
37,9508,rx_human_chest,/home/telilab4090/Documents/Gazebo World/my_world/rt_out/experiments/semantic_ablation_rigid_200f/sionna_xml/frame_037_sionna.xml,30.0,0.0,0.0,2.4,-1.4605,-0.8406,1.6421,28000000000.0,23,6.163341392806387e-09,6.568895827285814e-08,5.952561688005176e-08,2.2439071756252815e-07,-66.48995112633139,-36.48995112633139,cir_coefficients_tau_mask,,"[1, 1, 1, 1, 23, 1]","[1, 1, 23]","[1, 1, 23]","[1, 1, 23]",,True,,23,5.952561688005176e-08,-36.48995112633139,0,0.0,0.0,0,0,0,0,0,0,0,0,1.8477231989667715,369,569,945,0.12387801691233857,0.13627315798483258,0.14212525791492941,569,0,0.02845
38,9765,rx_human_chest,/home/telilab4090/Documents/Gazebo World/my_world/rt_out/experiments/semantic_ablation_rigid_200f/sionna_xml/frame_038_sionna.xml,30.0,0.0,0.0,2.4,-1.4605,-0.8406,1.6421,28000000000.0,23,6.163341392806387e-09,6.568895827285814e-08,5.952561688005176e-08,2.2439071756252815e-07,-66.48995112633139,-36.48995112633139,cir_coefficients_tau_mask,,"[1, 1, 1, 1, 23, 1]","[1, 1, 23]","[1, 1, 23]","[1, 1, 23]",,True,,23,5.952561688005176e-08,-36.48995112633139,0,0.0,0.0,0,0,0,0,0,0,0,0,1.8477231989667715,363,570,968,0.06843297245110508,0.12832635437932344,0.13966403674700933,570,0,0.0285
39,10022,rx_human_chest,/home/telilab4090/Documents/Gazebo World/my_world/rt_out/experiments/semantic_ablation_rigid_200f/sionna_xml/frame_039_sionna.xml,30.0,0.0,0.0,2.4,-1.4605,-0.8406,1.6421,28000000000.0,23,6.163341392806387e-09,6.568895827285814e-08,5.952561688005176e-08,2.2439073177338287e-07,-66.48995085128901,-36.48995085128901,cir_coefficients_tau_mask,,"[1, 1, 1, 1, 23, 1]","[1, 1, 23]","[1, 1, 23]","[1, 1, 23]",,True,,23,5.952561688005176e-08,-36.48995112633139,0,0.0,2.7504238175879436e-07,0,0,0,0,0,0,0,0,1.8477231989667715,388,568,770,0.07773562633730037,0.12993498234306508,0.13955136125399464,568,0,0.0284
40,10279,rx_human_chest,/home/telilab4090/Documents/Gazebo World/my_world/rt_out/experiments/semantic_ablation_rigid_200f/sionna_xml/frame_040_sionna.xml,30.0,0.0,0.0,2.4,-1.4605,-0.8406,1.6421,28000000000.0,23,6.163341392806387e-09,6.568895827285814e-08,5.952561688005176e-08,2.2439071756252815e-07,-66.48995112633139,-36.48995112633139,cir_coefficients_tau_mask,,"[1, 1, 1, 1, 23, 1]","[1, 1, 23]","[1, 1, 23]","[1, 1, 23]",,True,,23,5.952561688005176e-08,-36.48995085128901,0,0.0,-2.7504238175879436e-07,0,0,0,0,0,0,0,0,1.8477231989667715,417,602,822,0.08512983954568365,0.1228755273970509,0.13509090925169845,602,0,0.0301
41,10536,rx_human_chest,/home/telilab4090/Documents/Gazebo World/my_world/rt_out/experiments/semantic_ablation_rigid_200f/sionna_xml/frame_041_sionna.xml,30.0,0.0,0.0,2.4,-1.4605,-0.8406,1.6421,28000000000.0,23,6.163341392806387e-09,6.568895827285814e-08,5.952561688005176e-08,2.2439071756252815e-07,-66.48995112633139,-36.48995112633139,cir_coefficients_tau_mask,,"[1, 1, 1, 1, 23, 1]","[1, 1, 23]","[1, 1, 23]","[1, 1, 23]",,True,,23,5.952561688005176e-08,-36.48995112633139,0,0.0,0.0,0,0,0,0,0,0,0,0,1.8477231989667715,396,573,782,0.09468111273825208,0.1225204826370248,0.13578084284285621,573,0,0.02865
42,10793,rx_human_chest,/home/telilab4090/Documents/Gazebo World/my_world/rt_out/experiments/semantic_ablation_rigid_200f/sionna_xml/frame_042_sionna.xml,30.0,0.0,0.0,2.4,-1.4605,-0.8406,1.6421,28000000000.0,23,6.163341392806387e-09,6.568895827285814e-08,5.952561688005176e-08,2.2439071756252815e-07,-66.48995112633139,-36.48995112633139,cir_coefficients_tau_mask,,"[1, 1, 1, 1, 23, 1]","[1, 1, 23]","[1, 1, 23]","[1, 1, 23]",,True,,23,5.952561688005176e-08,-36.48995112633139,0,0.0,0.0,0,0,0,0,0,0,0,0,1.8477231989667715,415,599,780,0.04536607728976283,0.11537295619737345,0.1333266064842656,599,0,0.02995
43,11050,rx_human_chest,/home/telilab4090/Documents/Gazebo World/my_world/rt_out/experiments/semantic_ablation_rigid_200f/sionna_xml/frame_043_sionna.xml,30.0,0.0,0.0,2.4,-1.4605,-0.8406,1.6421,28000000000.0,23,6.163341392806387e-09,6.568895827285814e-08,5.952561688005176e-08,2.2439071756252815e-07,-66.48995112633139,-36.48995112633139,cir_coefficients_tau_mask,,"[1, 1, 1, 1, 23, 1]","[1, 1, 23]","[1, 1, 23]","[1, 1, 23]",,True,,23,5.952561688005176e-08,-36.48995112633139,0,0.0,0.0,0,0,0,0,0,0,0,0,1.8477231989667715,362,556,741,0.06077081875763326,0.12823988680623657,0.13869561971341232,556,0,0.0278
44,11307,rx_human_chest,/home/telilab4090/Documents/Gazebo World/my_world/rt_out/experiments/semantic_ablation_rigid_200f/sionna_xml/frame_044_sionna.xml,30.0,0.0,0.0,2.4,-1.4605,-0.8406,1.6421,28000000000.0,23,6.163341392806387e-09,6.568895827285814e-08,5.952561688005176e-08,2.2439070335167344e-07,-66.48995140137379,-36.48995140137379,cir_coefficients_tau_mask,,"[1, 1, 1, 1, 23, 1]","[1, 1, 23]","[1, 1, 23]","[1, 1, 23]",,True,,23,5.952561688005176e-08,-36.48995112633139,0,0.0,-2.750423959696491e-07,0,0,0,0,0,0,0,0,1.8477231989667715,373,551,775,0.09468111273825208,0.12856343510316362,0.13911509646722028,551,0,0.02755
45,11564,rx_human_chest,/home/telilab4090/Documents/Gazebo World/my_world/rt_out/experiments/semantic_ablation_rigid_200f/sionna_xml/frame_045_sionna.xml,30.0,0.0,0.0,2.4,-1.4605,-0.8406,1.6421,28000000000.0,23,6.163341392806387e-09,6.568895827285814e-08,5.952561688005176e-08,2.2439070335167344e-07,-66.48995140137379,-36.48995140137379,cir_coefficients_tau_mask,,"[1, 1, 1, 1, 23, 1]","[1, 1, 23]","[1, 1, 23]","[1, 1, 23]",,True,,23,5.952561688005176e-08,-36.48995140137379,0,0.0,0.0,0,0,0,0,0,0,0,0,1.8477231989667715,396,596,771,0.08012566700981756,0.12296335143331878,0.13640628808767227,596,0,0.0298
46,11821,rx_human_chest,/home/telilab4090/Documents/Gazebo World/my_world/rt_out/experiments/semantic_ablation_rigid_200f/sionna_xml/frame_046_sionna.xml,30.0,0.0,0.0,2.4,-1.4605,-0.8406,1.6421,28000000000.0,23,6.163341392806387e-09,6.568895827285814e-08,5.952561688005176e-08,2.2439070335167344e-07,-66.48995140137379,-36.48995140137379,cir_coefficients_tau_mask,,"[1, 1, 1, 1, 23, 1]","[1, 1, 23]","[1, 1, 23]","[1, 1, 23]",,True,,23,5.952561688005176e-08,-36.48995140137379,0,0.0,0.0,0,0,0,0,0,0,0,0,1.8477231989667715,398,600,787,0.10979813041616389,0.12385363399221846,0.13549012227918683,600,0,0.03
47,12078,rx_human_chest,/home/telilab4090/Documents/Gazebo World/my_world/rt_out/experiments/semantic_ablation_rigid_200f/sionna_xml/frame_047_sionna.xml,30.0,0.0,0.0,2.4,-1.4605,-0.8406,1.6421,28000000000.0,23,6.163341392806387e-09,6.568895827285814e-08,5.952561688005176e-08,2.2439071756252815e-07,-66.48995112633139,-36.48995112633139,cir_coefficients_tau_mask,,"[1, 1, 1, 1, 23, 1]","[1, 1, 23]","[1, 1, 23]","[1, 1, 23]",,True,,23,5.952561688005176e-08,-36.48995140137379,0,0.0,2.750423959696491e-07,0,0,0,0,0,0,0,0,1.8477231989667715,401,604,763,0.06077081875763326,0.12161440309235105,0.13562920986040872,604,0,0.0302
48,12335,rx_human_chest,/home/telilab4090/Documents/Gazebo World/my_world/rt_out/experiments/semantic_ablation_rigid_200f/sionna_xml/frame_048_sionna.xml,30.0,0.0,0.0,2.4,-1.4605,-0.8406,1.6421,28000000000.0,23,6.163341392806387e-09,6.568895827285814e-08,5.952561688005176e-08,2.2439071756252815e-07,-66.48995112633139,-36.48995112633139,cir_coefficients_tau_mask,,"[1, 1, 1, 1, 23, 1]","[1, 1, 23]","[1, 1, 23]","[1, 1, 23]",,True,,23,5.952561688005176e-08,-36.48995112633139,0,0.0,0.0,0,0,0,0,0,0,0,0,1.8477231989667715,391,586,786,0.051803618550886846,0.11716554728621605,0.13254203796251926,586,0,0.0293
49,12592,rx_human_chest,/home/telilab4090/Documents/Gazebo World/my_world/rt_out/experiments/semantic_ablation_rigid_200f/sionna_xml/frame_049_sionna.xml,30.0,0.0,0.0,2.4,-1.4605,-0.8406,1.6421,28000000000.0,23,6.163341392806387e-09,6.568895827285814e-08,5.952561688005176e-08,2.2439071756252815e-07,-66.48995112633139,-36.48995112633139,cir_coefficients_tau_mask,,"[1, 1, 1, 1, 23, 1]","[1, 1, 23]","[1, 1, 23]","[1, 1, 23]",,True,,23,5.952561688005176e-08,-36.48995112633139,0,0.0,0.0,0,0,0,0,0,0,0,0,1.8477231989667715,371,584,804,0.10659743178483247,0.12793217220728906,0.13876830285939054,584,0,0.0292
50,12849,rx_human_chest,/home/telilab4090/Documents/Gazebo World/my_world/rt_out/experiments/semantic_ablation_rigid_200f/sionna_xml/frame_050_sionna.xml,30.0,0.0,0.0,2.4,-1.4605,-0.8406,1.6421,28000000000.0,23,6.163341392806387e-09,6.568895827285814e-08,5.952561688005176e-08,2.2439071756252815e-07,-66.48995112633139,-36.48995112633139,cir_coefficients_tau_mask,,"[1, 1, 1, 1, 23, 1]","[1, 1, 23]","[1, 1, 23]","[1, 1, 23]",,True,,23,5.952561688005176e-08,-36.48995112633139,0,0.0,0.0,0,0,0,0,0,0,0,0,1.8477231989667715,409,614,809,0.09835727578826,0.13196251231353093,0.14039831919064757,614,0,0.0307
51,13106,rx_human_chest,/home/telilab4090/Documents/Gazebo World/my_world/rt_out/experiments/semantic_ablation_rigid_200f/sionna_xml/frame_051_sionna.xml,30.0,0.0,0.0,2.4,-1.4605,-0.8406,1.6421,28000000000.0,23,6.163341392806387e-09,6.568895827285814e-08,5.952561688005176e-08,2.2439071756252815e-07,-66.48995112633139,-36.48995112633139,cir_coefficients_tau_mask,,"[1, 1, 1, 1, 23, 1]","[1, 1, 23]","[1, 1, 23]","[1, 1, 23]",,True,,23,5.952561688005176e-08,-36.48995112633139,0,0.0,0.0,0,0,0,0,0,0,0,0,1.8477231989667715,402,607,805,0.06843297245110508,0.12464898424406665,0.13817767069687784,607,0,0.03035
52,13363,rx_human_chest,/home/telilab4090/Documents/Gazebo World/my_world/rt_out/experiments/semantic_ablation_rigid_200f/sionna_xml/frame_052_sionna.xml,30.0,0.0,0.0,2.4,-1.4605,-0.8406,1.6421,28000000000.0,23,6.163341392806387e-09,6.568895827285814e-08,5.952561688005176e-08,2.2439070335167344e-07,-66.48995140137379,-36.48995140137379,cir_coefficients_tau_mask,,"[1, 1, 1, 1, 23, 1]","[1, 1, 23]","[1, 1, 23]","[1, 1, 23]",,True,,23,5.952561688005176e-08,-36.48995112633139,0,0.0,-2.750423959696491e-07,0,0,0,0,0,0,0,0,1.8477231989667715,407,594,764,0.08145129228711827,0.12736882794287335,0.1390111920694973,594,0,0.0297
53,13620,rx_human_chest,/home/telilab4090/Documents/Gazebo World/my_world/rt_out/experiments/semantic_ablation_rigid_200f/sionna_xml/frame_053_sionna.xml,30.0,0.0,0.0,2.4,-1.4605,-0.8406,1.6421,28000000000.0,23,6.163341392806387e-09,6.568895827285814e-08,5.952561688005176e-08,2.2439071756252815e-07,-66.48995112633139,-36.48995112633139,cir_coefficients_tau_mask,,"[1, 1, 1, 1, 23, 1]","[1, 1, 23]","[1, 1, 23]","[1, 1, 23]",,True,,23,5.952561688005176e-08,-36.48995140137379,0,0.0,2.750423959696491e-07,0,0,0,0,0,0,0,0,1.8477231989667715,392,556,749,0.0880170378201094,0.12785608208402818,0.13875782292908162,556,0,0.0278
54,13877,rx_human_chest,/home/telilab4090/Documents/Gazebo World/my_world/rt_out/experiments/semantic_ablation_rigid_200f/sionna_xml/frame_054_sionna.xml,30.0,0.0,0.0,2.4,-1.4605,-0.8406,1.6421,28000000000.0,23,6.163341392806387e-09,6.568895827285814e-08,5.952561688005176e-08,2.2439071756252815e-07,-66.48995112633139,-36.48995112633139,cir_coefficients_tau_mask,,"[1, 1, 1, 1, 23, 1]","[1, 1, 23]","[1, 1, 23]","[1, 1, 23]",,True,,23,5.952561688005176e-08,-36.48995112633139,0,0.0,0.0,0,0,0,0,0,0,0,0,1.8477231989667715,414,596,803,0.056654676184891624,0.12357354749190859,0.1363664976065226,596,0,0.0298
55,14134,rx_human_chest,/home/telilab4090/Documents/Gazebo World/my_world/rt_out/experiments/semantic_ablation_rigid_200f/sionna_xml/frame_055_sionna.xml,30.0,0.0,0.0,2.4,-1.4605,-0.8406,1.6421,28000000000.0,23,6.163341392806387e-09,6.568895827285814e-08,5.952561688005176e-08,2.2439070335167344e-07,-66.48995140137379,-36.48995140137379,cir_coefficients_tau_mask,,"[1, 1, 1, 1, 23, 1]","[1, 1, 23]","[1, 1, 23]","[1, 1, 23]",,True,,23,5.952561688005176e-08,-36.48995112633139,0,0.0,-2.750423959696491e-07,0,0,0,0,0,0,0,0,1.8477231989667715,384,566,786,0.08008116524961148,0.12983959900289654,0.1398402171413043,566,0,0.0283
56,14391,rx_human_chest,/home/telilab4090/Documents/Gazebo World/my_world/rt_out/experiments/semantic_ablation_rigid_200f/sionna_xml/frame_056_sionna.xml,30.0,0.0,0.0,2.4,-1.4605,-0.8406,1.6421,28000000000.0,23,6.163341392806387e-09,6.568895827285814e-08,5.952561688005176e-08,2.2439070335167344e-07,-66.48995140137379,-36.48995140137379,cir_coefficients_tau_mask,,"[1, 1, 1, 1, 23, 1]","[1, 1, 23]","[1, 1, 23]","[1, 1, 23]",,True,,23,5.952561688005176e-08,-36.48995140137379,0,0.0,0.0,0,0,0,0,0,0,0,0,1.8477231989667715,402,604,816,0.09649948798648518,0.12015370655108812,0.13441121210675872,604,0,0.0302
57,14648,rx_human_chest,/home/telilab4090/Documents/Gazebo World/my_world/rt_out/experiments/semantic_ablation_rigid_200f/sionna_xml/frame_057_sionna.xml,30.0,0.0,0.0,2.4,-1.4605,-0.8406,1.6421,28000000000.0,23,6.163341392806387e-09,6.568895827285814e-08,5.952561688005176e-08,2.2439070335167344e-07,-66.48995140137379,-36.48995140137379,cir_coefficients_tau_mask,,"[1, 1, 1, 1, 23, 1]","[1, 1, 23]","[1, 1, 23]","[1, 1, 23]",,True,,23,5.952561688005176e-08,-36.48995140137379,0,0.0,0.0,0,0,0,0,0,0,0,0,1.8477231989667715,392,592,756,0.051803618550886846,0.12040544183759197,0.13566513952568093,592,0,0.0296
58,14905,rx_human_chest,/home/telilab4090/Documents/Gazebo World/my_world/rt_out/experiments/semantic_ablation_rigid_200f/sionna_xml/frame_058_sionna.xml,30.0,0.0,0.0,2.4,-1.4605,-0.8406,1.6421,28000000000.0,23,6.163341392806387e-09,6.568895827285814e-08,5.952561688005176e-08,2.2439070335167344e-07,-66.48995140137379,-36.48995140137379,cir_coefficients_tau_mask,,"[1, 1, 1, 1, 23, 1]","[1, 1, 23]","[1, 1, 23]","[1, 1, 23]",,True,,23,5.952561688005176e-08,-36.48995140137379,0,0.0,0.0,0,0,0,0,0,0,0,0,1.8477231989667715,399,576,763,0.037644989010867214,0.1183873791356177,0.1340096763722278,576,0,0.0288
59,15162,rx_human_chest,/home/telilab4090/Documents/Gazebo World/my_world/rt_out/experiments/semantic_ablation_rigid_200f/sionna_xml/frame_059_sionna.xml,30.0,0.0,0.0,2.4,-1.4605,-0.8406,1.6421,28000000000.0,23,6.163341392806387e-09,6.568895827285814e-08,5.952561688005176e-08,2.2439070335167344e-07,-66.48995140137379,-36.48995140137379,cir_coefficients_tau_mask,,"[1, 1, 1, 1, 23, 1]","[1, 1, 23]","[1, 1, 23]","[1, 1, 23]",,True,,23,5.952561688005176e-08,-36.48995140137379,0,0.0,0.0,0,0,0,0,0,0,0,0,1.8477231989667715,411,613,813,0.06507442702667007,0.11724618175489929,0.13316393910424776,613,0,0.03065
60,15419,rx_human_chest,/home/telilab4090/Documents/Gazebo World/my_world/rt_out/experiments/semantic_ablation_rigid_200f/sionna_xml/frame_060_sionna.xml,30.0,0.0,0.0,2.4,-1.4605,-0.8406,1.6421,28000000000.0,23,6.163341392806387e-09,6.568895827285814e-08,5.952561688005176e-08,2.2439071756252815e-07,-66.48995112633139,-36.48995112633139,cir_coefficients_tau_mask,,"[1, 1, 1, 1, 23, 1]","[1, 1, 23]","[1, 1, 23]","[1, 1, 23]",,True,,23,5.952561688005176e-08,-36.48995140137379,0,0.0,2.750423959696491e-07,0,0,0,0,0,0,0,0,1.8477231989667715,341,539,722,0.10127111776023084,0.12837219866171928,0.13836969292112955,539,0,0.02695
61,15676,rx_human_chest,/home/telilab4090/Documents/Gazebo World/my_world/rt_out/experiments/semantic_ablation_rigid_200f/sionna_xml/frame_061_sionna.xml,30.0,0.0,0.0,2.4,-1.4605,-0.8406,1.6421,28000000000.0,23,6.163341392806387e-09,6.568895827285814e-08,5.952561688005176e-08,2.2439071756252815e-07,-66.48995112633139,-36.48995112633139,cir_coefficients_tau_mask,,"[1, 1, 1, 1, 23, 1]","[1, 1, 23]","[1, 1, 23]","[1, 1, 23]",,True,,23,5.952561688005176e-08,-36.48995112633139,0,0.0,0.0,0,0,0,0,0,0,0,0,1.8477231989667715,374,546,739,0.11210768026449583,0.13253513737171627,0.14006767278163143,546,0,0.0273
62,15933,rx_human_chest,/home/telilab4090/Documents/Gazebo World/my_world/rt_out/experiments/semantic_ablation_rigid_200f/sionna_xml/frame_062_sionna.xml,30.0,0.0,0.0,2.4,-1.4605,-0.8406,1.6421,28000000000.0,23,6.163341392806387e-09,6.568895827285814e-08,5.952561688005176e-08,2.2439071756252815e-07,-66.48995112633139,-36.48995112633139,cir_coefficients_tau_mask,,"[1, 1, 1, 1, 23, 1]","[1, 1, 23]","[1, 1, 23]","[1, 1, 23]",,True,,23,5.952561688005176e-08,-36.48995112633139,0,0.0,0.0,0,0,0,0,0,0,0,0,1.8477231989667715,393,583,788,0.05947992142592132,0.12613658956388707,0.13750342280995503,583,0,0.02915
63,16190,rx_human_chest,/home/telilab4090/Documents/Gazebo World/my_world/rt_out/experiments/semantic_ablation_rigid_200f/sionna_xml/frame_063_sionna.xml,30.0,0.0,0.0,2.4,-1.4605,-0.8406,1.6421,28000000000.0,23,6.163341392806387e-09,6.568895827285814e-08,5.952561688005176e-08,2.2439070335167344e-07,-66.48995140137379,-36.48995140137379,cir_coefficients_tau_mask,,"[1, 1, 1, 1, 23, 1]","[1, 1, 23]","[1, 1, 23]","[1, 1, 23]",,True,,23,5.952561688005176e-08,-36.48995112633139,0,0.0,-2.750423959696491e-07,0,0,0,0,0,0,0,0,1.8477231989667715,375,557,774,0.07212943155810647,0.12275991496705288,0.13681214430960595,557,0,0.02785
64,16447,rx_human_chest,/home/telilab4090/Documents/Gazebo World/my_world/rt_out/experiments/semantic_ablation_rigid_200f/sionna_xml/frame_064_sionna.xml,30.0,0.0,0.0,2.4,-1.4605,-0.8406,1.6421,28000000000.0,23,6.163341392806387e-09,6.568895827285814e-08,5.952561688005176e-08,2.2439071756252815e-07,-66.48995112633139,-36.48995112633139,cir_coefficients_tau_mask,,"[1, 1, 1, 1, 23, 1]","[1, 1, 23]","[1, 1, 23]","[1, 1, 23]",,True,,23,5.952561688005176e-08,-36.48995140137379,0,0.0,2.750423959696491e-07,0,0,0,0,0,0,0,0,1.8477231989667715,363,555,748,0.10659743178483247,0.13079603214143687,0.14013214476705763,555,0,0.02775
65,16704,rx_human_chest,/home/telilab4090/Documents/Gazebo World/my_world/rt_out/experiments/semantic_ablation_rigid_200f/sionna_xml/frame_065_sionna.xml,30.0,0.0,0.0,2.4,-1.4605,-0.8406,1.6421,28000000000.0,23,6.163341392806387e-09,6.568895827285814e-08,5.952561688005176e-08,2.2439070335167344e-07,-66.48995140137379,-36.48995140137379,cir_coefficients_tau_mask,,"[1, 1, 1, 1, 23, 1]","[1, 1, 23]","[1, 1, 23]","[1, 1, 23]",,True,,23,5.952561688005176e-08,-36.48995112633139,0,0.0,-2.750423959696491e-07,0,0,0,0,0,0,0,0,1.8477231989667715,376,571,760,0.08315257380784316,0.12855576348828063,0.1383364546568168,571,0,0.02855
66,16961,rx_human_chest,/home/telilab4090/Documents/Gazebo World/my_world/rt_out/experiments/semantic_ablation_rigid_200f/sionna_xml/frame_066_sionna.xml,30.0,0.0,0.0,2.4,-1.4605,-0.8406,1.6421,28000000000.0,21,6.163341392806387e-09,6.431429255826515e-08,5.8150951165458764e-08,2.2401944477223878e-07,-66.49714283492739,-36.49714283492739,cir_coefficients_tau_mask,,"[1, 1, 1, 1, 21, 1]","[1, 1, 21]","[1, 1, 21]","[1, 1, 21]",,True,,23,5.952561688005176e-08,-36.48995140137379,-2,-1.374665714592993e-09,-0.007191433553600746,1,1,0,0,0,0,0,0,1.8477231989667715,388,568,1150,0.08512983954568365,0.12087352016516403,0.13424352426388692,568,0,0.0284
67,17218,rx_human_chest,/home/telilab4090/Documents/Gazebo World/my_world/rt_out/experiments/semantic_ablation_rigid_200f/sionna_xml/frame_067_sionna.xml,30.0,0.0,0.0,2.4,-1.4605,-0.8406,1.6421,28000000000.0,21,6.163341392806387e-09,6.431429255826515e-08,5.8150951165458764e-08,2.2401947319394822e-07,-66.49714228393097,-36.49714228393097,cir_coefficients_tau_mask,,"[1, 1, 1, 1, 21, 1]","[1, 1, 21]","[1, 1, 21]","[1, 1, 21]",,True,,21,5.8150951165458764e-08,-36.49714283492739,0,0.0,5.509964182692784e-07,0,0,0,0,0,0,0,0,1.8477231989667715,344,517,1095,0.07861069263363829,0.122781694407693,0.13617961457932853,517,0,0.02585
68,17475,rx_human_chest,/home/telilab4090/Documents/Gazebo World/my_world/rt_out/experiments/semantic_ablation_rigid_200f/sionna_xml/frame_068_sionna.xml,30.0,0.0,0.0,2.4,-1.4605,-0.8406,1.6421,28000000000.0,21,6.163341392806387e-09,6.431429255826515e-08,5.8150951165458764e-08,2.2401944477223878e-07,-66.49714283492739,-36.49714283492739,cir_coefficients_tau_mask,,"[1, 1, 1, 1, 21, 1]","[1, 1, 21]","[1, 1, 21]","[1, 1, 21]",,True,,21,5.8150951165458764e-08,-36.49714228393097,0,0.0,-5.509964182692784e-07,0,0,0,0,0,0,0,0,1.8477231989667715,441,637,1170,0.07773562633730037,0.12354135562671101,0.13500982906822206,637,0,0.03185
69,17732,rx_human_chest,/home/telilab4090/Documents/Gazebo World/my_world/rt_out/experiments/semantic_ablation_rigid_200f/sionna_xml/frame_069_sionna.xml,30.0,0.0,0.0,2.4,-1.4605,-0.8406,1.6421,28000000000.0,21,6.163341392806387e-09,6.431429255826515e-08,5.8150951165458764e-08,2.2401944477223878e-07,-66.49714283492739,-36.49714283492739,cir_coefficients_tau_mask,,"[1, 1, 1, 1, 21, 1]","[1, 1, 21]","[1, 1, 21]","[1, 1, 21]",,True,,21,5.8150951165458764e-08,-36.49714283492739,0,0.0,0.0,0,0,0,0,0,0,0,0,1.8477231989667715,376,537,1090,0.049967880839817305,0.12553162233105367,0.13793246759056532,537,0,0.02685
70,17989,rx_human_chest,/home/telilab4090/Documents/Gazebo World/my_world/rt_out/experiments/semantic_ablation_rigid_200f/sionna_xml/frame_070_sionna.xml,30.0,0.0,0.0,2.4,-1.4605,-0.8406,1.6421,28000000000.0,21,6.163341392806387e-09,6.431429255826515e-08,5.8150951165458764e-08,2.240194589830935e-07,-66.49714255942916,-36.497142559429165,cir_coefficients_tau_mask,,"[1, 1, 1, 1, 21, 1]","[1, 1, 21]","[1, 1, 21]","[1, 1, 21]",,True,,21,5.8150951165458764e-08,-36.49714283492739,0,0.0,2.754982233454939e-07,0,0,0,0,0,0,0,0,1.8477231989667715,382,577,1159,0.09381056602718019,0.12084446638748754,0.13548916443030978,577,0,0.02885
71,18246,rx_human_chest,/home/telilab4090/Documents/Gazebo World/my_world/rt_out/experiments/semantic_ablation_rigid_200f/sionna_xml/frame_071_sionna.xml,30.0,0.0,0.0,2.4,-1.4605,-0.8406,1.6421,28000000000.0,21,6.163341392806387e-09,6.431429255826515e-08,5.8150951165458764e-08,2.2401944477223878e-07,-66.49714283492739,-36.49714283492739,cir_coefficients_tau_mask,,"[1, 1, 1, 1, 21, 1]","[1, 1, 21]","[1, 1, 21]","[1, 1, 21]",,True,,21,5.8150951165458764e-08,-36.497142559429165,0,0.0,-2.754982233454939e-07,0,0,0,0,0,0,0,0,1.8477231989667715,412,603,1235,0.049967880839817305,0.1295767866330791,0.13930988874124592,603,0,0.03015
72,18503,rx_human_chest,/home/telilab4090/Documents/Gazebo World/my_world/rt_out/experiments/semantic_ablation_rigid_200f/sionna_xml/frame_072_sionna.xml,30.0,0.0,0.0,2.4,-1.4605,-0.8406,1.6421,28000000000.0,21,6.163341392806387e-09,6.431429255826515e-08,5.8150951165458764e-08,2.240194589830935e-07,-66.49714255942916,-36.497142559429165,cir_coefficients_tau_mask,,"[1, 1, 1, 1, 21, 1]","[1, 1, 21]","[1, 1, 21]","[1, 1, 21]",,True,,21,5.8150951165458764e-08,-36.49714283492739,0,0.0,2.754982233454939e-07,0,0,0,0,0,0,0,0,1.8477231989667715,373,562,1174,0.10703100926680903,0.1266679224426074,0.1373623330782861,562,0,0.0281
73,18760,rx_human_chest,/home/telilab4090/Documents/Gazebo World/my_world/rt_out/experiments/semantic_ablation_rigid_200f/sionna_xml/frame_073_sionna.xml,30.0,0.0,0.0,2.4,-1.4605,-0.8406,1.6421,28000000000.0,21,6.163341392806387e-09,6.431429255826515e-08,5.8150951165458764e-08,2.240194589830935e-07,-66.49714255942916,-36.497142559429165,cir_coefficients_tau_mask,,"[1, 1, 1, 1, 21, 1]","[1, 1, 21]","[1, 1, 21]","[1, 1, 21]",,True,,21,5.8150951165458764e-08,-36.497142559429165,0,0.0,0.0,0,0,0,0,0,0,0,0,1.8477231989667715,415,606,1199,0.10161018798276696,0.1311212290692391,0.13966968542421201,606,0,0.0303
74,19017,rx_human_chest,/home/telilab4090/Documents/Gazebo World/my_world/rt_out/experiments/semantic_ablation_rigid_200f/sionna_xml/frame_074_sionna.xml,30.0,0.0,0.0,2.4,-1.4605,-0.8406,1.6421,28000000000.0,21,6.163341392806387e-09,6.431429255826515e-08,5.8150951165458764e-08,2.240194589830935e-07,-66.49714255942916,-36.497142559429165,cir_coefficients_tau_mask,,"[1, 1, 1, 1, 21, 1]","[1, 1, 21]","[1, 1, 21]","[1, 1, 21]",,True,,21,5.8150951165458764e-08,-36.497142559429165,0,0.0,0.0,0,0,0,0,0,0,0,0,1.8477231989667715,388,576,1178,0.06077081875763326,0.12806845559950736,0.13848270797881906,576,0,0.0288
75,19274,rx_human_chest,/home/telilab4090/Documents/Gazebo World/my_world/rt_out/experiments/semantic_ablation_rigid_200f/sionna_xml/frame_075_sionna.xml,30.0,0.0,0.0,2.4,-1.4605,-0.8406,1.6421,28000000000.0,21,6.163341392806387e-09,6.431429255826515e-08,5.8150951165458764e-08,2.240194589830935e-07,-66.49714255942916,-36.497142559429165,cir_coefficients_tau_mask,,"[1, 1, 1, 1, 21, 1]","[1, 1, 21]","[1, 1, 21]","[1, 1, 21]",,True,,21,5.8150951165458764e-08,-36.497142559429165,0,0.0,0.0,0,0,0,0,0,0,0,0,1.8477231989667715,391,589,1183,0.051803618550886846,0.12049664571120236,0.13555376654302984,589,0,0.02945
76,19531,rx_human_chest,/home/telilab4090/Documents/Gazebo World/my_world/rt_out/experiments/semantic_ablation_rigid_200f/sionna_xml/frame_076_sionna.xml,30.0,0.0,0.0,2.4,-1.4605,-0.8406,1.6421,28000000000.0,23,6.163341392806387e-09,6.568895827285814e-08,5.952561688005176e-08,2.2439071756252815e-07,-66.48995112633139,-36.48995112633139,cir_coefficients_tau_mask,,"[1, 1, 1, 1, 23, 1]","[1, 1, 23]","[1, 1, 23]","[1, 1, 23]",,True,,21,5.8150951165458764e-08,-36.497142559429165,2,1.374665714592993e-09,0.00719143309777337,1,0,0,0,0,0,0,0,1.8477231989667715,376,555,1166,0.07861069263363829,0.12272922749606316,0.1371176587058857,555,0,0.02775
77,19788,rx_human_chest,/home/telilab4090/Documents/Gazebo World/my_world/rt_out/experiments/semantic_ablation_rigid_200f/sionna_xml/frame_077_sionna.xml,30.0,0.0,0.0,2.4,-1.4605,-0.8406,1.6421,28000000000.0,23,6.163341392806387e-09,6.568895827285814e-08,5.952561688005176e-08,2.2439070335167344e-07,-66.48995140137379,-36.48995140137379,cir_coefficients_tau_mask,,"[1, 1, 1, 1, 23, 1]","[1, 1, 23]","[1, 1, 23]","[1, 1, 23]",,True,,23,5.952561688005176e-08,-36.48995112633139,0,0.0,-2.750423959696491e-07,0,0,0,0,0,0,0,0,1.8477231989667715,394,578,1214,0.07861069263363829,0.12154339644138704,0.1352726405063832,578,0,0.0289
78,20045,rx_human_chest,/home/telilab4090/Documents/Gazebo World/my_world/rt_out/experiments/semantic_ablation_rigid_200f/sionna_xml/frame_078_sionna.xml,30.0,0.0,0.0,2.4,-1.4605,-0.8406,1.6421,28000000000.0,23,6.163341392806387e-09,6.568895827285814e-08,5.952561688005176e-08,2.2439071756252815e-07,-66.48995112633139,-36.48995112633139,cir_coefficients_tau_mask,,"[1, 1, 1, 1, 23, 1]","[1, 1, 23]","[1, 1, 23]","[1, 1, 23]",,True,,23,5.952561688005176e-08,-36.48995140137379,0,0.0,2.750423959696491e-07,0,0,0,0,0,0,0,0,1.8477231989667715,398,608,1141,0.05842921654367848,0.12167004037930258,0.13590803704691554,608,0,0.0304
79,20302,rx_human_chest,/home/telilab4090/Documents/Gazebo World/my_world/rt_out/experiments/semantic_ablation_rigid_200f/sionna_xml/frame_079_sionna.xml,30.0,0.0,0.0,2.4,-1.4605,-0.8406,1.6421,28000000000.0,23,6.163341392806387e-09,6.568895827285814e-08,5.952561688005176e-08,2.2439071756252815e-07,-66.48995112633139,-36.48995112633139,cir_coefficients_tau_mask,,"[1, 1, 1, 1, 23, 1]","[1, 1, 23]","[1, 1, 23]","[1, 1, 23]",,True,,23,5.952561688005176e-08,-36.48995112633139,0,0.0,0.0,0,0,0,0,0,0,0,0,1.8477231989667715,368,555,1129,0.0935390094268712,0.12289324124172529,0.1366537111463118,555,0,0.02775
80,20559,rx_human_chest,/home/telilab4090/Documents/Gazebo World/my_world/rt_out/experiments/semantic_ablation_rigid_200f/sionna_xml/frame_080_sionna.xml,30.0,0.0,0.0,2.4,-1.4605,-0.8406,1.6421,28000000000.0,23,6.163341392806387e-09,6.568895827285814e-08,5.952561688005176e-08,2.2439071756252815e-07,-66.48995112633139,-36.48995112633139,cir_coefficients_tau_mask,,"[1, 1, 1, 1, 23, 1]","[1, 1, 23]","[1, 1, 23]","[1, 1, 23]",,True,,23,5.952561688005176e-08,-36.48995112633139,0,0.0,0.0,0,0,0,0,0,0,0,0,1.8477231989667715,404,598,1157,0.06507442702667007,0.11907494103816436,0.13493103911975649,598,0,0.0299
81,20816,rx_human_chest,/home/telilab4090/Documents/Gazebo World/my_world/rt_out/experiments/semantic_ablation_rigid_200f/sionna_xml/frame_081_sionna.xml,30.0,0.0,0.0,2.4,-1.4605,-0.8406,1.6421,28000000000.0,23,6.163341392806387e-09,6.568895827285814e-08,5.952561688005176e-08,2.2439071756252815e-07,-66.48995112633139,-36.48995112633139,cir_coefficients_tau_mask,,"[1, 1, 1, 1, 23, 1]","[1, 1, 23]","[1, 1, 23]","[1, 1, 23]",,True,,23,5.952561688005176e-08,-36.48995112633139,0,0.0,0.0,0,0,0,0,0,0,0,0,1.8477231989667715,383,577,780,0.07212943155810647,0.12340222824382312,0.13756001622438332,577,0,0.02885
82,21073,rx_human_chest,/home/telilab4090/Documents/Gazebo World/my_world/rt_out/experiments/semantic_ablation_rigid_200f/sionna_xml/frame_082_sionna.xml,30.0,0.0,0.0,2.4,-1.4605,-0.8406,1.6421,28000000000.0,23,6.163341392806387e-09,6.568895827285814e-08,5.952561688005176e-08,2.2439070335167344e-07,-66.48995140137379,-36.48995140137379,cir_coefficients_tau_mask,,"[1, 1, 1, 1, 23, 1]","[1, 1, 23]","[1, 1, 23]","[1, 1, 23]",,True,,23,5.952561688005176e-08,-36.48995112633139,0,0.0,-2.750423959696491e-07,0,0,0,0,0,0,0,0,1.8477231989667715,384,599,790,0.037644989010867214,0.12039528763242384,0.13412986167432733,599,0,0.02995
83,21330,rx_human_chest,/home/telilab4090/Documents/Gazebo World/my_world/rt_out/experiments/semantic_ablation_rigid_200f/sionna_xml/frame_083_sionna.xml,30.0,0.0,0.0,2.4,-1.4605,-0.8406,1.6421,28000000000.0,23,6.163341392806387e-09,6.568895827285814e-08,5.952561688005176e-08,2.2439073177338287e-07,-66.48995085128901,-36.48995085128901,cir_coefficients_tau_mask,,"[1, 1, 1, 1, 23, 1]","[1, 1, 23]","[1, 1, 23]","[1, 1, 23]",,True,,23,5.952561688005176e-08,-36.48995140137379,0,0.0,5.500847777284434e-07,0,0,0,0,0,0,0,0,1.8477231989667715,402,575,770,0.10167575396580499,0.12793784755539056,0.13889971312135602,575,0,0.02875
84,21587,rx_human_chest,/home/telilab4090/Documents/Gazebo World/my_world/rt_out/experiments/semantic_ablation_rigid_200f/sionna_xml/frame_084_sionna.xml,30.0,0.0,0.0,2.4,-1.4605,-0.8406,1.6421,28000000000.0,23,6.163341392806387e-09,6.568895827285814e-08,5.952561688005176e-08,2.2439071756252815e-07,-66.48995112633139,-36.48995112633139,cir_coefficients_tau_mask,,"[1, 1, 1, 1, 23, 1]","[1, 1, 23]","[1, 1, 23]","[1, 1, 23]",,True,,23,5.952561688005176e-08,-36.48995085128901,0,0.0,-2.7504238175879436e-07,0,0,0,0,0,0,0,0,1.8477231989667715,412,606,793,0.049967880839817305,0.10433736063897522,0.12537814348488074,606,0,0.0303
85,21844,rx_human_chest,/home/telilab4090/Documents/Gazebo World/my_world/rt_out/experiments/semantic_ablation_rigid_200f/sionna_xml/frame_085_sionna.xml,30.0,0.0,0.0,2.4,-1.4605,-0.8406,1.6421,28000000000.0,23,6.163341392806387e-09,6.568895827285814e-08,5.952561688005176e-08,2.2439070335167344e-07,-66.48995140137379,-36.48995140137379,cir_coefficients_tau_mask,,"[1, 1, 1, 1, 23, 1]","[1, 1, 23]","[1, 1, 23]","[1, 1, 23]",,True,,23,5.952561688005176e-08,-36.48995112633139,0,0.0,-2.750423959696491e-07,0,0,0,0,0,0,0,0,1.8477231989667715,383,564,755,0.10977758873736078,0.13662816757736557,0.1431739456968534,564,0,0.0282
86,22101,rx_human_chest,/home/telilab4090/Documents/Gazebo World/my_world/rt_out/experiments/semantic_ablation_rigid_200f/sionna_xml/frame_086_sionna.xml,30.0,0.0,0.0,2.4,-1.4605,-0.8406,1.6421,28000000000.0,23,6.163341392806387e-09,6.568895827285814e-08,5.952561688005176e-08,2.2439070335167344e-07,-66.48995140137379,-36.48995140137379,cir_coefficients_tau_mask,,"[1, 1, 1, 1, 23, 1]","[1, 1, 23]","[1, 1, 23]","[1, 1, 23]",,True,,23,5.952561688005176e-08,-36.48995140137379,0,0.0,0.0,0,0,0,0,0,0,0,0,1.8477231989667715,396,570,770,0.04536607728976283,0.11640799513876317,0.13492749706193116,570,0,0.0285
87,22358,rx_human_chest,/home/telilab4090/Documents/Gazebo World/my_world/rt_out/experiments/semantic_ablation_rigid_200f/sionna_xml/frame_087_sionna.xml,30.0,0.0,0.0,2.4,-1.4605,-0.8406,1.6421,28000000000.0,23,6.163341392806387e-09,6.568895827285814e-08,5.952561688005176e-08,2.2439070335167344e-07,-66.48995140137379,-36.48995140137379,cir_coefficients_tau_mask,,"[1, 1, 1, 1, 23, 1]","[1, 1, 23]","[1, 1, 23]","[1, 1, 23]",,True,,23,5.952561688005176e-08,-36.48995140137379,0,0.0,0.0,0,0,0,0,0,0,0,0,1.8477231989667715,372,543,744,0.06077081875763326,0.1156232884793917,0.1325582299705154,543,0,0.02715
88,22615,rx_human_chest,/home/telilab4090/Documents/Gazebo World/my_world/rt_out/experiments/semantic_ablation_rigid_200f/sionna_xml/frame_088_sionna.xml,30.0,0.0,0.0,2.4,-1.4605,-0.8406,1.6421,28000000000.0,23,6.163341392806387e-09,6.568895827285814e-08,5.952561688005176e-08,2.2439071756252815e-07,-66.48995112633139,-36.48995112633139,cir_coefficients_tau_mask,,"[1, 1, 1, 1, 23, 1]","[1, 1, 23]","[1, 1, 23]","[1, 1, 23]",,True,,23,5.952561688005176e-08,-36.48995140137379,0,0.0,2.750423959696491e-07,0,0,0,0,0,0,0,0,1.8477231989667715,420,619,794,0.08315257380784316,0.1213575434941929,0.1348211540033268,619,0,0.03095
89,22872,rx_human_chest,/home/telilab4090/Documents/Gazebo World/my_world/rt_out/experiments/semantic_ablation_rigid_200f/sionna_xml/frame_089_sionna.xml,30.0,0.0,0.0,2.4,-1.4605,-0.8406,1.6421,28000000000.0,23,6.163341392806387e-09,6.568895827285814e-08,5.952561688005176e-08,2.2439070335167344e-07,-66.48995140137379,-36.48995140137379,cir_coefficients_tau_mask,,"[1, 1, 1, 1, 23, 1]","[1, 1, 23]","[1, 1, 23]","[1, 1, 23]",,True,,23,5.952561688005176e-08,-36.48995112633139,0,0.0,-2.750423959696491e-07,0,0,0,0,0,0,0,0,1.8477231989667715,405,616,825,0.037644989010867214,0.12106713033545184,0.1359190485081505,616,0,0.0308
90,23129,rx_human_chest,/home/telilab4090/Documents/Gazebo World/my_world/rt_out/experiments/semantic_ablation_rigid_200f/sionna_xml/frame_090_sionna.xml,30.0,0.0,0.0,2.4,-1.4605,-0.8406,1.6421,28000000000.0,23,6.163341392806387e-09,6.568895827285814e-08,5.952561688005176e-08,2.2439070335167344e-07,-66.48995140137379,-36.48995140137379,cir_coefficients_tau_mask,,"[1, 1, 1, 1, 23, 1]","[1, 1, 23]","[1, 1, 23]","[1, 1, 23]",,True,,23,5.952561688005176e-08,-36.48995140137379,0,0.0,0.0,0,0,0,0,0,0,0,0,1.8477231989667715,347,550,744,0.051803618550886846,0.12048176408935,0.1350814609154301,550,0,0.0275
91,23386,rx_human_chest,/home/telilab4090/Documents/Gazebo World/my_world/rt_out/experiments/semantic_ablation_rigid_200f/sionna_xml/frame_091_sionna.xml,30.0,0.0,0.0,2.4,-1.4605,-0.8406,1.6421,28000000000.0,23,6.163341392806387e-09,6.568895827285814e-08,5.952561688005176e-08,2.2439070335167344e-07,-66.48995140137379,-36.48995140137379,cir_coefficients_tau_mask,,"[1, 1, 1, 1, 23, 1]","[1, 1, 23]","[1, 1, 23]","[1, 1, 23]",,True,,23,5.952561688005176e-08,-36.48995140137379,0,0.0,0.0,0,0,0,0,0,0,0,0,1.8477231989667715,394,578,759,0.11338192701360512,0.13502439286291495,0.14188609474763297,578,0,0.0289
92,23643,rx_human_chest,/home/telilab4090/Documents/Gazebo World/my_world/rt_out/experiments/semantic_ablation_rigid_200f/sionna_xml/frame_092_sionna.xml,30.0,0.0,0.0,2.4,-1.4605,-0.8406,1.6421,28000000000.0,23,6.163341392806387e-09,6.568895827285814e-08,5.952561688005176e-08,2.2439071756252815e-07,-66.48995112633139,-36.48995112633139,cir_coefficients_tau_mask,,"[1, 1, 1, 1, 23, 1]","[1, 1, 23]","[1, 1, 23]","[1, 1, 23]",,True,,23,5.952561688005176e-08,-36.48995140137379,0,0.0,2.750423959696491e-07,0,0,0,0,0,0,0,0,1.8477231989667715,381,543,741,0.07071896293669933,0.12578625051288445,0.1374517715764878,543,0,0.02715
93,23900,rx_human_chest,/home/telilab4090/Documents/Gazebo World/my_world/rt_out/experiments/semantic_ablation_rigid_200f/sionna_xml/frame_093_sionna.xml,30.0,0.0,0.0,2.4,-1.4605,-0.8406,1.6421,28000000000.0,23,6.163341392806387e-09,6.568895827285814e-08,5.952561688005176e-08,2.2439073177338287e-07,-66.48995085128901,-36.48995085128901,cir_coefficients_tau_mask,,"[1, 1, 1, 1, 23, 1]","[1, 1, 23]","[1, 1, 23]","[1, 1, 23]",,True,,23,5.952561688005176e-08,-36.48995112633139,0,0.0,2.7504238175879436e-07,0,0,0,0,0,0,0,0,1.8477231989667715,389,587,788,0.0880170378201094,0.12224996941694,0.13660036520202845,587,0,0.02935
94,24157,rx_human_chest,/home/telilab4090/Documents/Gazebo World/my_world/rt_out/experiments/semantic_ablation_rigid_200f/sionna_xml/frame_094_sionna.xml,30.0,0.0,0.0,2.4,-1.4605,-0.8406,1.6421,28000000000.0,23,6.163341392806387e-09,6.568895827285814e-08,5.952561688005176e-08,2.2439071756252815e-07,-66.48995112633139,-36.48995112633139,cir_coefficients_tau_mask,,"[1, 1, 1, 1, 23, 1]","[1, 1, 23]","[1, 1, 23]","[1, 1, 23]",,True,,23,5.952561688005176e-08,-36.48995085128901,0,0.0,-2.7504238175879436e-07,0,0,0,0,0,0,0,0,1.8477231989667715,392,576,791,0.09381056602718019,0.1259916145158521,0.13788660637003702,576,0,0.0288
95,24414,rx_human_chest,/home/telilab4090/Documents/Gazebo World/my_world/rt_out/experiments/semantic_ablation_rigid_200f/sionna_xml/frame_095_sionna.xml,30.0,0.0,0.0,2.4,-1.4605,-0.8406,1.6421,28000000000.0,23,6.163341392806387e-09,6.568895827285814e-08,5.952561688005176e-08,2.2439071756252815e-07,-66.48995112633139,-36.48995112633139,cir_coefficients_tau_mask,,"[1, 1, 1, 1, 23, 1]","[1, 1, 23]","[1, 1, 23]","[1, 1, 23]",,True,,23,5.952561688005176e-08,-36.48995112633139,0,0.0,0.0,0,0,0,0,0,0,0,0,1.8477231989667715,394,587,797,0.06843297245110508,0.12245084074169041,0.13611016765827805,587,0,0.02935
96,24671,rx_human_chest,/home/telilab4090/Documents/Gazebo World/my_world/rt_out/experiments/semantic_ablation_rigid_200f/sionna_xml/frame_096_sionna.xml,30.0,0.0,0.0,2.4,-1.4605,-0.8406,1.6421,28000000000.0,23,6.163341392806387e-09,6.568895827285814e-08,5.952561688005176e-08,2.2439071756252815e-07,-66.48995112633139,-36.48995112633139,cir_coefficients_tau_mask,,"[1, 1, 1, 1, 23, 1]","[1, 1, 23]","[1, 1, 23]","[1, 1, 23]",,True,,23,5.952561688005176e-08,-36.48995112633139,0,0.0,0.0,0,0,0,0,0,0,0,0,1.8477231989667715,387,561,755,0.07212943155810647,0.12013437325146274,0.13449851638293875,561,0,0.02805
97,24928,rx_human_chest,/home/telilab4090/Documents/Gazebo World/my_world/rt_out/experiments/semantic_ablation_rigid_200f/sionna_xml/frame_097_sionna.xml,30.0,0.0,0.0,2.4,-1.4605,-0.8406,1.6421,28000000000.0,23,6.163341392806387e-09,6.568895827285814e-08,5.952561688005176e-08,2.2439071756252815e-07,-66.48995112633139,-36.48995112633139,cir_coefficients_tau_mask,,"[1, 1, 1, 1, 23, 1]","[1, 1, 23]","[1, 1, 23]","[1, 1, 23]",,True,,23,5.952561688005176e-08,-36.48995112633139,0,0.0,0.0,0,0,0,0,0,0,0,0,1.8477231989667715,364,576,765,0.09649948798648518,0.12368508682076869,0.13511522313970173,576,0,0.0288
98,25185,rx_human_chest,/home/telilab4090/Documents/Gazebo World/my_world/rt_out/experiments/semantic_ablation_rigid_200f/sionna_xml/frame_098_sionna.xml,30.0,0.0,0.0,2.4,-1.4605,-0.8406,1.6421,28000000000.0,23,6.163341392806387e-09,6.568895827285814e-08,5.952561688005176e-08,2.2439070335167344e-07,-66.48995140137379,-36.48995140137379,cir_coefficients_tau_mask,,"[1, 1, 1, 1, 23, 1]","[1, 1, 23]","[1, 1, 23]","[1, 1, 23]",,True,,23,5.952561688005176e-08,-36.48995112633139,0,0.0,-2.750423959696491e-07,0,0,0,0,0,0,0,0,1.8477231989667715,369,553,755,0.08008116524961148,0.11607433601197459,0.1329337170977569,553,0,0.02765
99,25442,rx_human_chest,/home/telilab4090/Documents/Gazebo World/my_world/rt_out/experiments/semantic_ablation_rigid_200f/sionna_xml/frame_099_sionna.xml,30.0,0.0,0.0,2.4,-1.4605,-0.8406,1.6421,28000000000.0,23,6.163341392806387e-09,6.568895827285814e-08,5.952561688005176e-08,2.2439071756252815e-07,-66.48995112633139,-36.48995112633139,cir_coefficients_tau_mask,,"[1, 1, 1, 1, 23, 1]","[1, 1, 23]","[1, 1, 23]","[1, 1, 23]",,True,,23,5.952561688005176e-08,-36.48995140137379,0,0.0,2.750423959696491e-07,0,0,0,0,0,0,0,0,1.8477231989667715,394,592,805,0.10819212387485487,0.1312675695125927,0.13959135877071902,592,0,0.0296
100,25698,rx_human_chest,/home/telilab4090/Documents/Gazebo World/my_world/rt_out/experiments/semantic_ablation_rigid_200f/sionna_xml/frame_100_sionna.xml,30.0,0.0,0.0,2.4,-1.4605,-0.8406,1.6421,28000000000.0,23,6.163341392806387e-09,6.568895827285814e-08,5.952561688005176e-08,2.2439070335167344e-07,-66.48995140137379,-36.48995140137379,cir_coefficients_tau_mask,,"[1, 1, 1, 1, 23, 1]","[1, 1, 23]","[1, 1, 23]","[1, 1, 23]",,True,,23,5.952561688005176e-08,-36.48995112633139,0,0.0,-2.750423959696491e-07,0,0,0,0,0,0,0,0,1.8477231989667715,388,589,783,0.06077081875763326,0.12562411987101635,0.13720030248395895,589,0,0.02945
101,25955,rx_human_chest,/home/telilab4090/Documents/Gazebo World/my_world/rt_out/experiments/semantic_ablation_rigid_200f/sionna_xml/frame_101_sionna.xml,30.0,0.0,0.0,2.4,-1.4605,-0.8406,1.6421,28000000000.0,23,6.163341392806387e-09,6.568895827285814e-08,5.952561688005176e-08,2.2439071756252815e-07,-66.48995112633139,-36.48995112633139,cir_coefficients_tau_mask,,"[1, 1, 1, 1, 23, 1]","[1, 1, 23]","[1, 1, 23]","[1, 1, 23]",,True,,23,5.952561688005176e-08,-36.48995140137379,0,0.0,2.750423959696491e-07,0,0,0,0,0,0,0,0,1.8477231989667715,424,595,777,0.09697532188592212,0.12626945560352668,0.13706052638889413,595,0,0.02975
102,26212,rx_human_chest,/home/telilab4090/Documents/Gazebo World/my_world/rt_out/experiments/semantic_ablation_rigid_200f/sionna_xml/frame_102_sionna.xml,30.0,0.0,0.0,2.4,-1.4605,-0.8406,1.6421,28000000000.0,23,6.163341392806387e-09,6.568895827285814e-08,5.952561688005176e-08,2.2439071756252815e-07,-66.48995112633139,-36.48995112633139,cir_coefficients_tau_mask,,"[1, 1, 1, 1, 23, 1]","[1, 1, 23]","[1, 1, 23]","[1, 1, 23]",,True,,23,5.952561688005176e-08,-36.48995112633139,0,0.0,0.0,0,0,0,0,0,0,0,0,1.8477231989667715,368,556,748,0.07212943155810647,0.11892448996688468,0.13402354058966875,556,0,0.0278
103,26469,rx_human_chest,/home/telilab4090/Documents/Gazebo World/my_world/rt_out/experiments/semantic_ablation_rigid_200f/sionna_xml/frame_103_sionna.xml,30.0,0.0,0.0,2.4,-1.4605,-0.8406,1.6421,28000000000.0,23,6.163341392806387e-09,6.568895827285814e-08,5.952561688005176e-08,2.2439071756252815e-07,-66.48995112633139,-36.48995112633139,cir_coefficients_tau_mask,,"[1, 1, 1, 1, 23, 1]","[1, 1, 23]","[1, 1, 23]","[1, 1, 23]",,True,,23,5.952561688005176e-08,-36.48995112633139,0,0.0,0.0,0,0,0,0,0,0,0,0,1.8477231989667715,383,562,755,0.087746724088856,0.12845430737098867,0.13888536858269862,562,0,0.0281
104,26726,rx_human_chest,/home/telilab4090/Documents/Gazebo World/my_world/rt_out/experiments/semantic_ablation_rigid_200f/sionna_xml/frame_104_sionna.xml,30.0,0.0,0.0,2.4,-1.4605,-0.8406,1.6421,28000000000.0,23,6.163341392806387e-09,6.568895827285814e-08,5.952561688005176e-08,2.2439071756252815e-07,-66.48995112633139,-36.48995112633139,cir_coefficients_tau_mask,,"[1, 1, 1, 1, 23, 1]","[1, 1, 23]","[1, 1, 23]","[1, 1, 23]",,True,,23,5.952561688005176e-08,-36.48995112633139,0,0.0,0.0,0,0,0,0,0,0,0,0,1.8477231989667715,392,557,757,0.087746724088856,0.11538705773764961,0.13216413821003484,557,0,0.02785
105,26983,rx_human_chest,/home/telilab4090/Documents/Gazebo World/my_world/rt_out/experiments/semantic_ablation_rigid_200f/sionna_xml/frame_105_sionna.xml,30.0,0.0,0.0,2.4,-1.4605,-0.8406,1.6421,28000000000.0,23,6.163341392806387e-09,6.568895827285814e-08,5.952561688005176e-08,2.2439070335167344e-07,-66.48995140137379,-36.48995140137379,cir_coefficients_tau_mask,,"[1, 1, 1, 1, 23, 1]","[1, 1, 23]","[1, 1, 23]","[1, 1, 23]",,True,,23,5.952561688005176e-08,-36.48995112633139,0,0.0,-2.750423959696491e-07,0,0,0,0,0,0,0,0,1.8477231989667715,368,578,763,0.05947992142592132,0.12068318479435244,0.13480355411777434,578,0,0.0289
106,27240,rx_human_chest,/home/telilab4090/Documents/Gazebo World/my_world/rt_out/experiments/semantic_ablation_rigid_200f/sionna_xml/frame_106_sionna.xml,30.0,0.0,0.0,2.4,-1.4605,-0.8406,1.6421,28000000000.0,23,6.163341392806387e-09,6.568895827285814e-08,5.952561688005176e-08,2.2439070335167344e-07,-66.48995140137379,-36.48995140137379,cir_coefficients_tau_mask,,"[1, 1, 1, 1, 23, 1]","[1, 1, 23]","[1, 1, 23]","[1, 1, 23]",,True,,23,5.952561688005176e-08,-36.48995140137379,0,0.0,0.0,0,0,0,0,0,0,0,0,1.8477231989667715,414,614,807,0.0935390094268712,0.12648564533006998,0.13802909175752728,614,0,0.0307
107,27497,rx_human_chest,/home/telilab4090/Documents/Gazebo World/my_world/rt_out/experiments/semantic_ablation_rigid_200f/sionna_xml/frame_107_sionna.xml,30.0,0.0,0.0,2.4,-1.4605,-0.8406,1.6421,28000000000.0,23,6.163341392806387e-09,6.568895827285814e-08,5.952561688005176e-08,2.2439070335167344e-07,-66.48995140137379,-36.48995140137379,cir_coefficients_tau_mask,,"[1, 1, 1, 1, 23, 1]","[1, 1, 23]","[1, 1, 23]","[1, 1, 23]",,True,,23,5.952561688005176e-08,-36.48995140137379,0,0.0,0.0,0,0,0,0,0,0,0,0,1.8477231989667715,377,550,745,0.07212943155810647,0.11954606963889514,0.13620954807487023,550,0,0.0275
108,27754,rx_human_chest,/home/telilab4090/Documents/Gazebo World/my_world/rt_out/experiments/semantic_ablation_rigid_200f/sionna_xml/frame_108_sionna.xml,30.0,0.0,0.0,2.4,-1.4605,-0.8406,1.6421,28000000000.0,23,6.163341392806387e-09,6.568895827285814e-08,5.952561688005176e-08,2.2439071756252815e-07,-66.48995112633139,-36.48995112633139,cir_coefficients_tau_mask,,"[1, 1, 1, 1, 23, 1]","[1, 1, 23]","[1, 1, 23]","[1, 1, 23]",,True,,23,5.952561688005176e-08,-36.48995140137379,0,0.0,2.750423959696491e-07,0,0,0,0,0,0,0,0,1.8477231989667715,376,553,1078,0.05947992142592132,0.12100636061947012,0.13499023010829966,553,0,0.02765
109,28011,rx_human_chest,/home/telilab4090/Documents/Gazebo World/my_world/rt_out/experiments/semantic_ablation_rigid_200f/sionna_xml/frame_109_sionna.xml,30.0,0.0,0.0,2.4,-1.4605,-0.8406,1.6421,28000000000.0,21,6.163341392806387e-09,6.431429255826515e-08,5.8150951165458764e-08,2.2401947319394822e-07,-66.49714228393097,-36.49714228393097,cir_coefficients_tau_mask,,"[1, 1, 1, 1, 21, 1]","[1, 1, 21]","[1, 1, 21]","[1, 1, 21]",,True,,23,5.952561688005176e-08,-36.48995112633139,-2,-1.374665714592993e-09,-0.007191157599578446,1,1,0,0,0,0,0,0,1.8477231989667715,365,550,1247,0.11144327426327673,0.13324052079696,0.14158387681361212,550,0,0.0275
110,28268,rx_human_chest,/home/telilab4090/Documents/Gazebo World/my_world/rt_out/experiments/semantic_ablation_rigid_200f/sionna_xml/frame_110_sionna.xml,30.0,0.0,0.0,2.4,-1.4605,-0.8406,1.6421,28000000000.0,21,6.163341392806387e-09,6.431429255826515e-08,5.8150951165458764e-08,2.2401944477223878e-07,-66.49714283492739,-36.49714283492739,cir_coefficients_tau_mask,,"[1, 1, 1, 1, 21, 1]","[1, 1, 21]","[1, 1, 21]","[1, 1, 21]",,True,,21,5.8150951165458764e-08,-36.49714228393097,0,0.0,-5.509964182692784e-07,0,0,0,0,0,0,0,0,1.8477231989667715,357,540,1141,0.08145129228711827,0.12009475033223607,0.1350392637633093,540,0,0.027
111,28525,rx_human_chest,/home/telilab4090/Documents/Gazebo World/my_world/rt_out/experiments/semantic_ablation_rigid_200f/sionna_xml/frame_111_sionna.xml,30.0,0.0,0.0,2.4,-1.4605,-0.8406,1.6421,28000000000.0,21,6.163341392806387e-09,6.431429255826515e-08,5.8150951165458764e-08,2.240194589830935e-07,-66.49714255942916,-36.497142559429165,cir_coefficients_tau_mask,,"[1, 1, 1, 1, 21, 1]","[1, 1, 21]","[1, 1, 21]","[1, 1, 21]",,True,,21,5.8150951165458764e-08,-36.49714283492739,0,0.0,2.754982233454939e-07,0,0,0,0,0,0,0,0,1.8477231989667715,405,611,1190,0.06507442702667007,0.11986104955254107,0.13450141577197802,611,0,0.03055
112,28782,rx_human_chest,/home/telilab4090/Documents/Gazebo World/my_world/rt_out/experiments/semantic_ablation_rigid_200f/sionna_xml/frame_112_sionna.xml,30.0,0.0,0.0,2.4,-1.4605,-0.8406,1.6421,28000000000.0,21,6.163341392806387e-09,6.431429255826515e-08,5.8150951165458764e-08,2.240194589830935e-07,-66.49714255942916,-36.497142559429165,cir_coefficients_tau_mask,,"[1, 1, 1, 1, 21, 1]","[1, 1, 21]","[1, 1, 21]","[1, 1, 21]",,True,,21,5.8150951165458764e-08,-36.497142559429165,0,0.0,0.0,0,0,0,0,0,0,0,0,1.8477231989667715,359,548,1146,0.07071896293669933,0.13174889156827618,0.1412290079223285,548,0,0.0274
113,29039,rx_human_chest,/home/telilab4090/Documents/Gazebo World/my_world/rt_out/experiments/semantic_ablation_rigid_200f/sionna_xml/frame_113_sionna.xml,30.0,0.0,0.0,2.4,-1.4605,-0.8406,1.6421,28000000000.0,21,6.163341392806387e-09,6.431429255826515e-08,5.8150951165458764e-08,2.240194589830935e-07,-66.49714255942916,-36.497142559429165,cir_coefficients_tau_mask,,"[1, 1, 1, 1, 21, 1]","[1, 1, 21]","[1, 1, 21]","[1, 1, 21]",,True,,21,5.8150951165458764e-08,-36.497142559429165,0,0.0,0.0,0,0,0,0,0,0,0,0,1.8477231989667715,393,573,1160,0.08145129228711827,0.12107300379987902,0.13562495247431489,573,0,0.02865
114,29296,rx_human_chest,/home/telilab4090/Documents/Gazebo World/my_world/rt_out/experiments/semantic_ablation_rigid_200f/sionna_xml/frame_114_sionna.xml,30.0,0.0,0.0,2.4,-1.4605,-0.8406,1.6421,28000000000.0,21,6.163341392806387e-09,6.431429255826515e-08,5.8150951165458764e-08,2.240194589830935e-07,-66.49714255942916,-36.497142559429165,cir_coefficients_tau_mask,,"[1, 1, 1, 1, 21, 1]","[1, 1, 21]","[1, 1, 21]","[1, 1, 21]",,True,,21,5.8150951165458764e-08,-36.497142559429165,0,0.0,0.0,0,0,0,0,0,0,0,0,1.8477231989667715,390,567,1116,0.08012566700981756,0.12105678954872837,0.13612221174496317,567,0,0.02835
115,29553,rx_human_chest,/home/telilab4090/Documents/Gazebo World/my_world/rt_out/experiments/semantic_ablation_rigid_200f/sionna_xml/frame_115_sionna.xml,30.0,0.0,0.0,2.4,-1.4605,-0.8406,1.6421,28000000000.0,21,6.163341392806387e-09,6.431429255826515e-08,5.8150951165458764e-08,2.240194589830935e-07,-66.49714255942916,-36.497142559429165,cir_coefficients_tau_mask,,"[1, 1, 1, 1, 21, 1]","[1, 1, 21]","[1, 1, 21]","[1, 1, 21]",,True,,21,5.8150951165458764e-08,-36.497142559429165,0,0.0,0.0,0,0,0,0,0,0,0,0,1.8477231989667715,403,627,1196,0.04536607728976283,0.1171475627460106,0.13409231598218765,627,0,0.03135
116,29810,rx_human_chest,/home/telilab4090/Documents/Gazebo World/my_world/rt_out/experiments/semantic_ablation_rigid_200f/sionna_xml/frame_116_sionna.xml,30.0,0.0,0.0,2.4,-1.4605,-0.8406,1.6421,28000000000.0,22,6.163341392806387e-09,6.431429255826515e-08,5.8150951165458764e-08,2.2438425162363274e-07,-66.4900762724191,-36.4900762724191,cir_coefficients_tau_mask,,"[1, 1, 1, 1, 22, 1]","[1, 1, 22]","[1, 1, 22]","[1, 1, 22]",,True,,21,5.8150951165458764e-08,-36.497142559429165,1,0.0,0.007066287010061956,1,0,0,0,0,0,0,0,1.8477231989667715,343,530,1113,0.037644989010867214,0.12226930418076795,0.13652416187218872,530,0,0.0265
117,30067,rx_human_chest,/home/telilab4090/Documents/Gazebo World/my_world/rt_out/experiments/semantic_ablation_rigid_200f/sionna_xml/frame_117_sionna.xml,30.0,0.0,0.0,2.4,-1.4605,-0.8406,1.6421,28000000000.0,22,6.163341392806387e-09,6.431429255826515e-08,5.8150951165458764e-08,2.2438423741277802e-07,-66.49007654746941,-36.490076547469414,cir_coefficients_tau_mask,,"[1, 1, 1, 1, 22, 1]","[1, 1, 22]","[1, 1, 22]","[1, 1, 22]",,True,,22,5.8150951165458764e-08,-36.4900762724191,0,0.0,-2.7505031141572545e-07,0,0,0,0,0,0,0,0,1.8477231989667715,383,569,1159,0.0880170378201094,0.1280626353515248,0.13918017025877577,569,0,0.02845
118,30324,rx_human_chest,/home/telilab4090/Documents/Gazebo World/my_world/rt_out/experiments/semantic_ablation_rigid_200f/sionna_xml/frame_118_sionna.xml,30.0,0.0,0.0,2.4,-1.4605,-0.8406,1.6421,28000000000.0,22,6.163341392806387e-09,6.568895827285814e-08,5.952561688005176e-08,2.240259107111342e-07,-66.49701748504712,-36.497017485047124,cir_coefficients_tau_mask,,"[1, 1, 1, 1, 22, 1]","[1, 1, 22]","[1, 1, 22]","[1, 1, 22]",,True,,22,5.8150951165458764e-08,-36.490076547469414,0,1.374665714592993e-09,-0.00694093757770986,0,0,0,0,0,0,0,0,1.8477231989667715,374,564,1896,0.10648636810731417,0.12853576016461893,0.13870464166590457,564,0,0.0282
119,30581,rx_human_chest,/home/telilab4090/Documents/Gazebo World/my_world/rt_out/experiments/semantic_ablation_rigid_200f/sionna_xml/frame_119_sionna.xml,30.0,0.0,0.0,2.4,-1.4605,-0.8406,1.6421,28000000000.0,23,6.163341392806387e-09,6.568895827285814e-08,5.952561688005176e-08,2.2439070335167344e-07,-66.48995140137379,-36.48995140137379,cir_coefficients_tau_mask,,"[1, 1, 1, 1, 23, 1]","[1, 1, 23]","[1, 1, 23]","[1, 1, 23]",,True,,22,5.952561688005176e-08,-36.497017485047124,1,0.0,0.0070660836733367205,1,0,0,0,0,0,0,0,1.8477231989667715,342,562,1299,0.10501284438835617,0.128967164690179,0.13930871174601392,562,0,0.0281
120,30838,rx_human_chest,/home/telilab4090/Documents/Gazebo World/my_world/rt_out/experiments/semantic_ablation_rigid_200f/sionna_xml/frame_120_sionna.xml,30.0,0.0,0.0,2.4,-1.4605,-0.8406,1.6421,28000000000.0,23,6.163341392806387e-09,6.568895827285814e-08,5.952561688005176e-08,2.2439070335167344e-07,-66.48995140137379,-36.48995140137379,cir_coefficients_tau_mask,,"[1, 1, 1, 1, 23, 1]","[1, 1, 23]","[1, 1, 23]","[1, 1, 23]",,True,,23,5.952561688005176e-08,-36.48995140137379,0,0.0,0.0,0,0,0,0,0,0,0,0,1.8477231989667715,374,548,756,0.11450355899561031,0.13415914457302996,0.14164228360143935,548,0,0.0274
121,31095,rx_human_chest,/home/telilab4090/Documents/Gazebo World/my_world/rt_out/experiments/semantic_ablation_rigid_200f/sionna_xml/frame_121_sionna.xml,30.0,0.0,0.0,2.4,-1.4605,-0.8406,1.6421,28000000000.0,23,6.163341392806387e-09,6.568895827285814e-08,5.952561688005176e-08,2.2439073177338287e-07,-66.48995085128901,-36.48995085128901,cir_coefficients_tau_mask,,"[1, 1, 1, 1, 23, 1]","[1, 1, 23]","[1, 1, 23]","[1, 1, 23]",,True,,23,5.952561688005176e-08,-36.48995140137379,0,0.0,5.500847777284434e-07,0,0,0,0,0,0,0,0,1.8477231989667715,376,588,790,0.07212943155810647,0.11981766767106558,0.13496295136766195,588,0,0.0294
122,31352,rx_human_chest,/home/telilab4090/Documents/Gazebo World/my_world/rt_out/experiments/semantic_ablation_rigid_200f/sionna_xml/frame_122_sionna.xml,30.0,0.0,0.0,2.4,-1.4605,-0.8406,1.6421,28000000000.0,23,6.163341392806387e-09,6.568895827285814e-08,5.952561688005176e-08,2.2439070335167344e-07,-66.48995140137379,-36.48995140137379,cir_coefficients_tau_mask,,"[1, 1, 1, 1, 23, 1]","[1, 1, 23]","[1, 1, 23]","[1, 1, 23]",,True,,23,5.952561688005176e-08,-36.48995085128901,0,0.0,-5.500847777284434e-07,0,0,0,0,0,0,0,0,1.8477231989667715,394,595,777,0.049967880839817305,0.11986514771259049,0.13574414794313155,595,0,0.02975
123,31609,rx_human_chest,/home/telilab4090/Documents/Gazebo World/my_world/rt_out/experiments/semantic_ablation_rigid_200f/sionna_xml/frame_123_sionna.xml,30.0,0.0,0.0,2.4,-1.4605,-0.8406,1.6421,28000000000.0,23,6.163341392806387e-09,6.568895827285814e-08,5.952561688005176e-08,2.2439073177338287e-07,-66.48995085128901,-36.48995085128901,cir_coefficients_tau_mask,,"[1, 1, 1, 1, 23, 1]","[1, 1, 23]","[1, 1, 23]","[1, 1, 23]",,True,,23,5.952561688005176e-08,-36.48995140137379,0,0.0,5.500847777284434e-07,0,0,0,0,0,0,0,0,1.8477231989667715,390,585,771,0.08315257380784316,0.125119604915576,0.13637747020664887,585,0,0.02925
124,31866,rx_human_chest,/home/telilab4090/Documents/Gazebo World/my_world/rt_out/experiments/semantic_ablation_rigid_200f/sionna_xml/frame_124_sionna.xml,30.0,0.0,0.0,2.4,-1.4605,-0.8406,1.6421,28000000000.0,23,6.163341392806387e-09,6.568895827285814e-08,5.952561688005176e-08,2.2439071756252815e-07,-66.48995112633139,-36.48995112633139,cir_coefficients_tau_mask,,"[1, 1, 1, 1, 23, 1]","[1, 1, 23]","[1, 1, 23]","[1, 1, 23]",,True,,23,5.952561688005176e-08,-36.48995085128901,0,0.0,-2.7504238175879436e-07,0,0,0,0,0,0,0,0,1.8477231989667715,369,550,752,0.08008116524961148,0.12672684751946597,0.1376491652339003,550,0,0.0275
125,32123,rx_human_chest,/home/telilab4090/Documents/Gazebo World/my_world/rt_out/experiments/semantic_ablation_rigid_200f/sionna_xml/frame_125_sionna.xml,30.0,0.0,0.0,2.4,-1.4605,-0.8406,1.6421,28000000000.0,23,6.163341392806387e-09,6.568895827285814e-08,5.952561688005176e-08,2.2439070335167344e-07,-66.48995140137379,-36.48995140137379,cir_coefficients_tau_mask,,"[1, 1, 1, 1, 23, 1]","[1, 1, 23]","[1, 1, 23]","[1, 1, 23]",,True,,23,5.952561688005176e-08,-36.48995112633139,0,0.0,-2.750423959696491e-07,0,0,0,0,0,0,0,0,1.8477231989667715,382,556,737,0.09697532188592212,0.1262003294267821,0.13732589599102682,556,0,0.0278
126,32380,rx_human_chest,/home/telilab4090/Documents/Gazebo World/my_world/rt_out/experiments/semantic_ablation_rigid_200f/sionna_xml/frame_126_sionna.xml,30.0,0.0,0.0,2.4,-1.4605,-0.8406,1.6421,28000000000.0,23,6.163341392806387e-09,6.568895827285814e-08,5.952561688005176e-08,2.2439071756252815e-07,-66.48995112633139,-36.48995112633139,cir_coefficients_tau_mask,,"[1, 1, 1, 1, 23, 1]","[1, 1, 23]","[1, 1, 23]","[1, 1, 23]",,True,,23,5.952561688005176e-08,-36.48995140137379,0,0.0,2.750423959696491e-07,0,0,0,0,0,0,0,0,1.8477231989667715,372,550,735,0.10979813041616389,0.13331116088743217,0.14136608429432715,550,0,0.0275
127,32637,rx_human_chest,/home/telilab4090/Documents/Gazebo World/my_world/rt_out/experiments/semantic_ablation_rigid_200f/sionna_xml/frame_127_sionna.xml,30.0,0.0,0.0,2.4,-1.4605,-0.8406,1.6421,28000000000.0,23,6.163341392806387e-09,6.568895827285814e-08,5.952561688005176e-08,2.2439070335167344e-07,-66.48995140137379,-36.48995140137379,cir_coefficients_tau_mask,,"[1, 1, 1, 1, 23, 1]","[1, 1, 23]","[1, 1, 23]","[1, 1, 23]",,True,,23,5.952561688005176e-08,-36.48995112633139,0,0.0,-2.750423959696491e-07,0,0,0,0,0,0,0,0,1.8477231989667715,362,551,1665,0.051803618550886846,0.12079653129931993,0.13529365346525424,551,0,0.02755
128,32894,rx_human_chest,/home/telilab4090/Documents/Gazebo World/my_world/rt_out/experiments/semantic_ablation_rigid_200f/sionna_xml/frame_128_sionna.xml,30.0,0.0,0.0,2.4,-1.4605,-0.8406,1.6421,28000000000.0,21,6.163341392806387e-09,6.431429255826515e-08,5.8150951165458764e-08,2.240194589830935e-07,-66.49714255942916,-36.497142559429165,cir_coefficients_tau_mask,,"[1, 1, 1, 1, 21, 1]","[1, 1, 21]","[1, 1, 21]","[1, 1, 21]",,True,,23,5.952561688005176e-08,-36.48995140137379,-2,-1.374665714592993e-09,-0.0071911580553774,1,1,0,0,0,0,0,0,1.8477231989667715,364,535,1165,0.11261457299029423,0.129197297476073,0.13842547118562348,535,0,0.02675
129,33151,rx_human_chest,/home/telilab4090/Documents/Gazebo World/my_world/rt_out/experiments/semantic_ablation_rigid_200f/sionna_xml/frame_129_sionna.xml,30.0,0.0,0.0,2.4,-1.4605,-0.8406,1.6421,28000000000.0,21,6.163341392806387e-09,6.431429255826515e-08,5.8150951165458764e-08,2.2401944477223878e-07,-66.49714283492739,-36.49714283492739,cir_coefficients_tau_mask,,"[1, 1, 1, 1, 21, 1]","[1, 1, 21]","[1, 1, 21]","[1, 1, 21]",,True,,21,5.8150951165458764e-08,-36.497142559429165,0,0.0,-2.754982233454939e-07,0,0,0,0,0,0,0,0,1.8477231989667715,410,586,1140,0.10703100926680903,0.12608604569779697,0.13843751987315034,586,0,0.0293
130,33408,rx_human_chest,/home/telilab4090/Documents/Gazebo World/my_world/rt_out/experiments/semantic_ablation_rigid_200f/sionna_xml/frame_130_sionna.xml,30.0,0.0,0.0,2.4,-1.4605,-0.8406,1.6421,28000000000.0,21,6.163341392806387e-09,6.431429255826515e-08,5.8150951165458764e-08,2.240194589830935e-07,-66.49714255942916,-36.497142559429165,cir_coefficients_tau_mask,,"[1, 1, 1, 1, 21, 1]","[1, 1, 21]","[1, 1, 21]","[1, 1, 21]",,True,,21,5.8150951165458764e-08,-36.49714283492739,0,0.0,2.754982233454939e-07,0,0,0,0,0,0,0,0,1.8477231989667715,394,587,1169,0.037644989010867214,0.11631605621674768,0.13296038975129973,587,0,0.02935
131,33665,rx_human_chest,/home/telilab4090/Documents/Gazebo World/my_world/rt_out/experiments/semantic_ablation_rigid_200f/sionna_xml/frame_131_sionna.xml,30.0,0.0,0.0,2.4,-1.4605,-0.8406,1.6421,28000000000.0,21,6.163341392806387e-09,6.431429255826515e-08,5.8150951165458764e-08,2.2401947319394822e-07,-66.49714228393097,-36.49714228393097,cir_coefficients_tau_mask,,"[1, 1, 1, 1, 21, 1]","[1, 1, 21]","[1, 1, 21]","[1, 1, 21]",,True,,21,5.8150951165458764e-08,-36.497142559429165,0,0.0,2.7549819492378447e-07,0,0,0,0,0,0,0,0,1.8477231989667715,357,533,1066,0.09381056602718019,0.12366499932681445,0.13642007358087846,533,0,0.02665
132,33922,rx_human_chest,/home/telilab4090/Documents/Gazebo World/my_world/rt_out/experiments/semantic_ablation_rigid_200f/sionna_xml/frame_132_sionna.xml,30.0,0.0,0.0,2.4,-1.4605,-0.8406,1.6421,28000000000.0,22,6.163341392806387e-09,6.431429255826515e-08,5.8150951165458764e-08,2.2438423741277802e-07,-66.49007654746941,-36.490076547469414,cir_coefficients_tau_mask,,"[1, 1, 1, 1, 22, 1]","[1, 1, 22]","[1, 1, 22]","[1, 1, 22]",,True,,21,5.8150951165458764e-08,-36.49714228393097,1,0.0,0.007065736461555616,1,0,0,0,0,0,0,0,1.8477231989667715,375,561,1130,0.10448826153246586,0.12802264368488983,0.1389269773629397,561,0,0.02805
133,34179,rx_human_chest,/home/telilab4090/Documents/Gazebo World/my_world/rt_out/experiments/semantic_ablation_rigid_200f/sionna_xml/frame_133_sionna.xml,30.0,0.0,0.0,2.4,-1.4605,-0.8406,1.6421,28000000000.0,22,6.163341392806387e-09,6.431429255826515e-08,5.8150951165458764e-08,2.2438423741277802e-07,-66.49007654746941,-36.490076547469414,cir_coefficients_tau_mask,,"[1, 1, 1, 1, 22, 1]","[1, 1, 22]","[1, 1, 22]","[1, 1, 22]",,True,,22,5.8150951165458764e-08,-36.490076547469414,0,0.0,0.0,0,0,0,0,0,0,0,0,1.8477231989667715,379,567,1113,0.06077081875763326,0.1204274554590719,0.13557029518511712,567,0,0.02835
134,34436,rx_human_chest,/home/telilab4090/Documents/Gazebo World/my_world/rt_out/experiments/semantic_ablation_rigid_200f/sionna_xml/frame_134_sionna.xml,30.0,0.0,0.0,2.4,-1.4605,-0.8406,1.6421,28000000000.0,22,6.163341392806387e-09,6.431429255826515e-08,5.8150951165458764e-08,2.2438423741277802e-07,-66.49007654746941,-36.490076547469414,cir_coefficients_tau_mask,,"[1, 1, 1, 1, 22, 1]","[1, 1, 22]","[1, 1, 22]","[1, 1, 22]",,True,,22,5.8150951165458764e-08,-36.490076547469414,0,0.0,0.0,0,0,0,0,0,0,0,0,1.8477231989667715,365,550,1178,0.056654676184891624,0.12521978521970495,0.13778978817483697,550,0,0.0275
135,34693,rx_human_chest,/home/telilab4090/Documents/Gazebo World/my_world/rt_out/experiments/semantic_ablation_rigid_200f/sionna_xml/frame_135_sionna.xml,30.0,0.0,0.0,2.4,-1.4605,-0.8406,1.6421,28000000000.0,23,6.163341392806387e-09,6.568895827285814e-08,5.952561688005176e-08,2.2439071756252815e-07,-66.48995112633139,-36.48995112633139,cir_coefficients_tau_mask,,"[1, 1, 1, 1, 23, 1]","[1, 1, 23]","[1, 1, 23]","[1, 1, 23]",,True,,22,5.8150951165458764e-08,-36.490076547469414,1,1.374665714592993e-09,0.00012542113802282984,1,0,0,0,0,0,0,0,1.8477231989667715,389,588,1609,0.09135038017746193,0.12701008446773293,0.13815746116463046,588,0,0.0294
136,34950,rx_human_chest,/home/telilab4090/Documents/Gazebo World/my_world/rt_out/experiments/semantic_ablation_rigid_200f/sionna_xml/frame_136_sionna.xml,30.0,0.0,0.0,2.4,-1.4605,-0.8406,1.6421,28000000000.0,23,6.163341392806387e-09,6.568895827285814e-08,5.952561688005176e-08,2.2439070335167344e-07,-66.48995140137379,-36.48995140137379,cir_coefficients_tau_mask,,"[1, 1, 1, 1, 23, 1]","[1, 1, 23]","[1, 1, 23]","[1, 1, 23]",,True,,23,5.952561688005176e-08,-36.48995112633139,0,0.0,-2.750423959696491e-07,0,0,0,0,0,0,0,0,1.8477231989667715,402,610,882,0.04536607728976283,0.12881556580932468,0.13932539816971262,610,0,0.0305
137,35207,rx_human_chest,/home/telilab4090/Documents/Gazebo World/my_world/rt_out/experiments/semantic_ablation_rigid_200f/sionna_xml/frame_137_sionna.xml,30.0,0.0,0.0,2.4,-1.4605,-0.8406,1.6421,28000000000.0,23,6.163341392806387e-09,6.568895827285814e-08,5.952561688005176e-08,2.2439071756252815e-07,-66.48995112633139,-36.48995112633139,cir_coefficients_tau_mask,,"[1, 1, 1, 1, 23, 1]","[1, 1, 23]","[1, 1, 23]","[1, 1, 23]",,True,,23,5.952561688005176e-08,-36.48995140137379,0,0.0,2.750423959696491e-07,0,0,0,0,0,0,0,0,1.8477231989667715,376,557,817,0.08012566700981756,0.12108363383541694,0.1361155817253165,557,0,0.02785
138,35464,rx_human_chest,/home/telilab4090/Documents/Gazebo World/my_world/rt_out/experiments/semantic_ablation_rigid_200f/sionna_xml/frame_138_sionna.xml,30.0,0.0,0.0,2.4,-1.4605,-0.8406,1.6421,28000000000.0,23,6.163341392806387e-09,6.568895827285814e-08,5.952561688005176e-08,2.2439071756252815e-07,-66.48995112633139,-36.48995112633139,cir_coefficients_tau_mask,,"[1, 1, 1, 1, 23, 1]","[1, 1, 23]","[1, 1, 23]","[1, 1, 23]",,True,,23,5.952561688005176e-08,-36.48995112633139,0,0.0,0.0,0,0,0,0,0,0,0,0,1.8477231989667715,387,556,1317,0.06843297245110508,0.11930739858597941,0.1337662851702778,556,0,0.0278
139,35721,rx_human_chest,/home/telilab4090/Documents/Gazebo World/my_world/rt_out/experiments/semantic_ablation_rigid_200f/sionna_xml/frame_139_sionna.xml,30.0,0.0,0.0,2.4,-1.4605,-0.8406,1.6421,28000000000.0,23,6.163341392806387e-09,6.568895827285814e-08,5.952561688005176e-08,2.2439070335167344e-07,-66.48995140137379,-36.48995140137379,cir_coefficients_tau_mask,,"[1, 1, 1, 1, 23, 1]","[1, 1, 23]","[1, 1, 23]","[1, 1, 23]",,True,,23,5.952561688005176e-08,-36.48995112633139,0,0.0,-2.750423959696491e-07,0,0,0,0,0,0,0,0,1.8477231989667715,379,567,750,0.09685073334180455,0.12213640807003286,0.13418428624809006,567,0,0.02835
140,35978,rx_human_chest,/home/telilab4090/Documents/Gazebo World/my_world/rt_out/experiments/semantic_ablation_rigid_200f/sionna_xml/frame_140_sionna.xml,30.0,0.0,0.0,2.4,-1.4605,-0.8406,1.6421,28000000000.0,23,6.163341392806387e-09,6.568895827285814e-08,5.952561688005176e-08,2.2439071756252815e-07,-66.48995112633139,-36.48995112633139,cir_coefficients_tau_mask,,"[1, 1, 1, 1, 23, 1]","[1, 1, 23]","[1, 1, 23]","[1, 1, 23]",,True,,23,5.952561688005176e-08,-36.48995140137379,0,0.0,2.750423959696491e-07,0,0,0,0,0,0,0,0,1.8477231989667715,387,593,800,0.087746724088856,0.12093198050477054,0.13567492263157283,593,0,0.02965
141,36235,rx_human_chest,/home/telilab4090/Documents/Gazebo World/my_world/rt_out/experiments/semantic_ablation_rigid_200f/sionna_xml/frame_141_sionna.xml,30.0,0.0,0.0,2.4,-1.4605,-0.8406,1.6421,28000000000.0,23,6.163341392806387e-09,6.568895827285814e-08,5.952561688005176e-08,2.2439070335167344e-07,-66.48995140137379,-36.48995140137379,cir_coefficients_tau_mask,,"[1, 1, 1, 1, 23, 1]","[1, 1, 23]","[1, 1, 23]","[1, 1, 23]",,True,,23,5.952561688005176e-08,-36.48995112633139,0,0.0,-2.750423959696491e-07,0,0,0,0,0,0,0,0,1.8477231989667715,360,565,1065,0.0935390094268712,0.12973330474917086,0.139941434181574,565,0,0.02825
142,36492,rx_human_chest,/home/telilab4090/Documents/Gazebo World/my_world/rt_out/experiments/semantic_ablation_rigid_200f/sionna_xml/frame_142_sionna.xml,30.0,0.0,0.0,2.4,-1.4605,-0.8406,1.6421,28000000000.0,23,6.163341392806387e-09,6.568895827285814e-08,5.952561688005176e-08,2.2439070335167344e-07,-66.48995140137379,-36.48995140137379,cir_coefficients_tau_mask,,"[1, 1, 1, 1, 23, 1]","[1, 1, 23]","[1, 1, 23]","[1, 1, 23]",,True,,23,5.952561688005176e-08,-36.48995140137379,0,0.0,0.0,0,0,0,0,0,0,0,0,1.8477231989667715,358,536,735,0.06077081875763326,0.12622412304969735,0.1382688668532094,536,0,0.0268
143,36749,rx_human_chest,/home/telilab4090/Documents/Gazebo World/my_world/rt_out/experiments/semantic_ablation_rigid_200f/sionna_xml/frame_143_sionna.xml,30.0,0.0,0.0,2.4,-1.4605,-0.8406,1.6421,28000000000.0,23,6.163341392806387e-09,6.568895827285814e-08,5.952561688005176e-08,2.2439070335167344e-07,-66.48995140137379,-36.48995140137379,cir_coefficients_tau_mask,,"[1, 1, 1, 1, 23, 1]","[1, 1, 23]","[1, 1, 23]","[1, 1, 23]",,True,,23,5.952561688005176e-08,-36.48995140137379,0,0.0,0.0,0,0,0,0,0,0,0,0,1.8477231989667715,406,601,801,0.09898266850569061,0.12045586190929569,0.13514984244572464,601,0,0.03005
144,37006,rx_human_chest,/home/telilab4090/Documents/Gazebo World/my_world/rt_out/experiments/semantic_ablation_rigid_200f/sionna_xml/frame_144_sionna.xml,30.0,0.0,0.0,2.4,-1.4605,-0.8406,1.6421,28000000000.0,23,6.163341392806387e-09,6.568895827285814e-08,5.952561688005176e-08,2.2439070335167344e-07,-66.48995140137379,-36.48995140137379,cir_coefficients_tau_mask,,"[1, 1, 1, 1, 23, 1]","[1, 1, 23]","[1, 1, 23]","[1, 1, 23]",,True,,23,5.952561688005176e-08,-36.48995140137379,0,0.0,0.0,0,0,0,0,0,0,0,0,1.8477231989667715,352,536,738,0.08315257380784316,0.12573586423391533,0.13780664986320748,536,0,0.0268
145,37263,rx_human_chest,/home/telilab4090/Documents/Gazebo World/my_world/rt_out/experiments/semantic_ablation_rigid_200f/sionna_xml/frame_145_sionna.xml,30.0,0.0,0.0,2.4,-1.4605,-0.8406,1.6421,28000000000.0,21,6.163341392806387e-09,6.431429255826515e-08,5.8150951165458764e-08,2.2401944477223878e-07,-66.49714283492739,-36.49714283492739,cir_coefficients_tau_mask,,"[1, 1, 1, 1, 21, 1]","[1, 1, 21]","[1, 1, 21]","[1, 1, 21]",,True,,23,5.952561688005176e-08,-36.48995140137379,-2,-1.374665714592993e-09,-0.007191433553600746,1,1,0,0,0,0,0,0,1.8477231989667715,435,648,1477,0.06507442702667007,0.1211567248425337,0.13505825562685947,648,0,0.0324
146,37520,rx_human_chest,/home/telilab4090/Documents/Gazebo World/my_world/rt_out/experiments/semantic_ablation_rigid_200f/sionna_xml/frame_146_sionna.xml,30.0,0.0,0.0,2.4,-1.4605,-0.8406,1.6421,28000000000.0,21,6.163341392806387e-09,6.431429255826515e-08,5.8150951165458764e-08,2.2401944477223878e-07,-66.49714283492739,-36.49714283492739,cir_coefficients_tau_mask,,"[1, 1, 1, 1, 21, 1]","[1, 1, 21]","[1, 1, 21]","[1, 1, 21]",,True,,21,5.8150951165458764e-08,-36.49714283492739,0,0.0,0.0,0,0,0,0,0,0,0,0,1.8477231989667715,393,583,1169,0.07773562633730037,0.12669442950574036,0.1385949384238211,583,0,0.02915
147,37777,rx_human_chest,/home/telilab4090/Documents/Gazebo World/my_world/rt_out/experiments/semantic_ablation_rigid_200f/sionna_xml/frame_147_sionna.xml,30.0,0.0,0.0,2.4,-1.4605,-0.8406,1.6421,28000000000.0,21,6.163341392806387e-09,6.431429255826515e-08,5.8150951165458764e-08,2.240194589830935e-07,-66.49714255942916,-36.497142559429165,cir_coefficients_tau_mask,,"[1, 1, 1, 1, 21, 1]","[1, 1, 21]","[1, 1, 21]","[1, 1, 21]",,True,,21,5.8150951165458764e-08,-36.49714283492739,0,0.0,2.754982233454939e-07,0,0,0,0,0,0,0,0,1.8477231989667715,376,568,1150,0.10887716401753912,0.12972904163203913,0.13999058301008396,568,0,0.0284
148,38034,rx_human_chest,/home/telilab4090/Documents/Gazebo World/my_world/rt_out/experiments/semantic_ablation_rigid_200f/sionna_xml/frame_148_sionna.xml,30.0,0.0,0.0,2.4,-1.4605,-0.8406,1.6421,28000000000.0,21,6.163341392806387e-09,6.431429255826515e-08,5.8150951165458764e-08,2.240194589830935e-07,-66.49714255942916,-36.497142559429165,cir_coefficients_tau_mask,,"[1, 1, 1, 1, 21, 1]","[1, 1, 21]","[1, 1, 21]","[1, 1, 21]",,True,,21,5.8150951165458764e-08,-36.497142559429165,0,0.0,0.0,0,0,0,0,0,0,0,0,1.8477231989667715,381,576,1130,0.037644989010867214,0.1183513438267018,0.1345397121728823,576,0,0.0288
149,38291,rx_human_chest,/home/telilab4090/Documents/Gazebo World/my_world/rt_out/experiments/semantic_ablation_rigid_200f/sionna_xml/frame_149_sionna.xml,30.0,0.0,0.0,2.4,-1.4605,-0.8406,1.6421,28000000000.0,21,6.163341392806387e-09,6.431429255826515e-08,5.8150951165458764e-08,2.240194589830935e-07,-66.49714255942916,-36.497142559429165,cir_coefficients_tau_mask,,"[1, 1, 1, 1, 21, 1]","[1, 1, 21]","[1, 1, 21]","[1, 1, 21]",,True,,21,5.8150951165458764e-08,-36.497142559429165,0,0.0,0.0,0,0,0,0,0,0,0,0,1.8477231989667715,390,587,1135,0.104803151487608,0.12898167615714964,0.13821400570717116,587,0,0.02935
150,38548,rx_human_chest,/home/telilab4090/Documents/Gazebo World/my_world/rt_out/experiments/semantic_ablation_rigid_200f/sionna_xml/frame_150_sionna.xml,30.0,0.0,0.0,2.4,-1.4605,-0.8406,1.6421,28000000000.0,21,6.163341392806387e-09,6.431429255826515e-08,5.8150951165458764e-08,2.2401944477223878e-07,-66.49714283492739,-36.49714283492739,cir_coefficients_tau_mask,,"[1, 1, 1, 1, 21, 1]","[1, 1, 21]","[1, 1, 21]","[1, 1, 21]",,True,,21,5.8150951165458764e-08,-36.497142559429165,0,0.0,-2.754982233454939e-07,0,0,0,0,0,0,0,0,1.8477231989667715,414,610,1183,0.09468111273825208,0.12385886165672913,0.13742066369209702,610,0,0.0305
151,38805,rx_human_chest,/home/telilab4090/Documents/Gazebo World/my_world/rt_out/experiments/semantic_ablation_rigid_200f/sionna_xml/frame_151_sionna.xml,30.0,0.0,0.0,2.4,-1.4605,-0.8406,1.6421,28000000000.0,21,6.163341392806387e-09,6.431429255826515e-08,5.8150951165458764e-08,2.2401944477223878e-07,-66.49714283492739,-36.49714283492739,cir_coefficients_tau_mask,,"[1, 1, 1, 1, 21, 1]","[1, 1, 21]","[1, 1, 21]","[1, 1, 21]",,True,,21,5.8150951165458764e-08,-36.49714283492739,0,0.0,0.0,0,0,0,0,0,0,0,0,1.8477231989667715,394,593,1161,0.04536607728976283,0.11737865012175808,0.13432693299442977,593,0,0.02965
152,39062,rx_human_chest,/home/telilab4090/Documents/Gazebo World/my_world/rt_out/experiments/semantic_ablation_rigid_200f/sionna_xml/frame_152_sionna.xml,30.0,0.0,0.0,2.4,-1.4605,-0.8406,1.6421,28000000000.0,21,6.163341392806387e-09,6.431429255826515e-08,5.8150951165458764e-08,2.240194589830935e-07,-66.49714255942916,-36.497142559429165,cir_coefficients_tau_mask,,"[1, 1, 1, 1, 21, 1]","[1, 1, 21]","[1, 1, 21]","[1, 1, 21]",,True,,21,5.8150951165458764e-08,-36.49714283492739,0,0.0,2.754982233454939e-07,0,0,0,0,0,0,0,0,1.8477231989667715,407,584,1136,0.08008116524961148,0.11962692200369504,0.1348413477369538,584,0,0.0292
153,39319,rx_human_chest,/home/telilab4090/Documents/Gazebo World/my_world/rt_out/experiments/semantic_ablation_rigid_200f/sionna_xml/frame_153_sionna.xml,30.0,0.0,0.0,2.4,-1.4605,-0.8406,1.6421,28000000000.0,21,6.163341392806387e-09,6.431429255826515e-08,5.8150951165458764e-08,2.2401947319394822e-07,-66.49714228393097,-36.49714228393097,cir_coefficients_tau_mask,,"[1, 1, 1, 1, 21, 1]","[1, 1, 21]","[1, 1, 21]","[1, 1, 21]",,True,,21,5.8150951165458764e-08,-36.497142559429165,0,0.0,2.7549819492378447e-07,0,0,0,0,0,0,0,0,1.8477231989667715,415,601,1214,0.08008116524961148,0.125972570042361,0.13805259087592708,601,0,0.03005
154,39576,rx_human_chest,/home/telilab4090/Documents/Gazebo World/my_world/rt_out/experiments/semantic_ablation_rigid_200f/sionna_xml/frame_154_sionna.xml,30.0,0.0,0.0,2.4,-1.4605,-0.8406,1.6421,28000000000.0,21,6.163341392806387e-09,6.431429255826515e-08,5.8150951165458764e-08,2.2401944477223878e-07,-66.49714283492739,-36.49714283492739,cir_coefficients_tau_mask,,"[1, 1, 1, 1, 21, 1]","[1, 1, 21]","[1, 1, 21]","[1, 1, 21]",,True,,21,5.8150951165458764e-08,-36.49714228393097,0,0.0,-5.509964182692784e-07,0,0,0,0,0,0,0,0,1.8477231989667715,415,616,1170,0.09034356707775365,0.12557127859750575,0.1373724471803795,616,0,0.0308
155,39833,rx_human_chest,/home/telilab4090/Documents/Gazebo World/my_world/rt_out/experiments/semantic_ablation_rigid_200f/sionna_xml/frame_155_sionna.xml,30.0,0.0,0.0,2.4,-1.4605,-0.8406,1.6421,28000000000.0,21,6.163341392806387e-09,6.431429255826515e-08,5.8150951165458764e-08,2.240194589830935e-07,-66.49714255942916,-36.497142559429165,cir_coefficients_tau_mask,,"[1, 1, 1, 1, 21, 1]","[1, 1, 21]","[1, 1, 21]","[1, 1, 21]",,True,,21,5.8150951165458764e-08,-36.49714283492739,0,0.0,2.754982233454939e-07,0,0,0,0,0,0,0,0,1.8477231989667715,382,558,1131,0.05947992142592132,0.12427549656812234,0.13767400880452954,558,0,0.0279
156,40090,rx_human_chest,/home/telilab4090/Documents/Gazebo World/my_world/rt_out/experiments/semantic_ablation_rigid_200f/sionna_xml/frame_156_sionna.xml,30.0,0.0,0.0,2.4,-1.4605,-0.8406,1.6421,28000000000.0,21,6.163341392806387e-09,6.431429255826515e-08,5.8150951165458764e-08,2.2401944477223878e-07,-66.49714283492739,-36.49714283492739,cir_coefficients_tau_mask,,"[1, 1, 1, 1, 21, 1]","[1, 1, 21]","[1, 1, 21]","[1, 1, 21]",,True,,21,5.8150951165458764e-08,-36.497142559429165,0,0.0,-2.754982233454939e-07,0,0,0,0,0,0,0,0,1.8477231989667715,387,571,1174,0.037644989010867214,0.12184469928536383,0.13519236705164064,571,0,0.02855
157,40347,rx_human_chest,/home/telilab4090/Documents/Gazebo World/my_world/rt_out/experiments/semantic_ablation_rigid_200f/sionna_xml/frame_157_sionna.xml,30.0,0.0,0.0,2.4,-1.4605,-0.8406,1.6421,28000000000.0,21,6.163341392806387e-09,6.431429255826515e-08,5.8150951165458764e-08,2.2401944477223878e-07,-66.49714283492739,-36.49714283492739,cir_coefficients_tau_mask,,"[1, 1, 1, 1, 21, 1]","[1, 1, 21]","[1, 1, 21]","[1, 1, 21]",,True,,21,5.8150951165458764e-08,-36.49714283492739,0,0.0,0.0,0,0,0,0,0,0,0,0,1.8477231989667715,363,569,1151,0.037644989010867214,0.11197189204325719,0.13121513013285419,569,0,0.02845
158,40604,rx_human_chest,/home/telilab4090/Documents/Gazebo World/my_world/rt_out/experiments/semantic_ablation_rigid_200f/sionna_xml/frame_158_sionna.xml,30.0,0.0,0.0,2.4,-1.4605,-0.8406,1.6421,28000000000.0,21,6.163341392806387e-09,6.431429255826515e-08,5.8150951165458764e-08,2.2401944477223878e-07,-66.49714283492739,-36.49714283492739,cir_coefficients_tau_mask,,"[1, 1, 1, 1, 21, 1]","[1, 1, 21]","[1, 1, 21]","[1, 1, 21]",,True,,21,5.8150951165458764e-08,-36.49714283492739,0,0.0,0.0,0,0,0,0,0,0,0,0,1.8477231989667715,415,627,1155,0.05842921654367848,0.11846493643204788,0.13453870679713678,627,0,0.03135
159,40861,rx_human_chest,/home/telilab4090/Documents/Gazebo World/my_world/rt_out/experiments/semantic_ablation_rigid_200f/sionna_xml/frame_159_sionna.xml,30.0,0.0,0.0,2.4,-1.4605,-0.8406,1.6421,28000000000.0,21,6.163341392806387e-09,6.431429255826515e-08,5.8150951165458764e-08,2.2401943056138407e-07,-66.4971431104256,-36.4971431104256,cir_coefficients_tau_mask,,"[1, 1, 1, 1, 21, 1]","[1, 1, 21]","[1, 1, 21]","[1, 1, 21]",,True,,21,5.8150951165458764e-08,-36.49714283492739,0,0.0,-2.754982091346392e-07,0,0,0,0,0,0,0,0,1.8477231989667715,401,613,1191,0.08512983954568365,0.13421228042150518,0.14175203701024502,613,0,0.03065
160,41118,rx_human_chest,/home/telilab4090/Documents/Gazebo World/my_world/rt_out/experiments/semantic_ablation_rigid_200f/sionna_xml/frame_160_sionna.xml,30.0,0.0,0.0,2.4,-1.4605,-0.8406,1.6421,28000000000.0,21,6.163341392806387e-09,6.431429255826515e-08,5.8150951165458764e-08,2.240194589830935e-07,-66.49714255942916,-36.497142559429165,cir_coefficients_tau_mask,,"[1, 1, 1, 1, 21, 1]","[1, 1, 21]","[1, 1, 21]","[1, 1, 21]",,True,,21,5.8150951165458764e-08,-36.4971431104256,0,0.0,5.509964324801331e-07,0,0,0,0,0,0,0,0,1.8477231989667715,372,550,1113,0.10834683911943797,0.1345497491861855,0.14216235499816524,550,0,0.0275
161,41375,rx_human_chest,/home/telilab4090/Documents/Gazebo World/my_world/rt_out/experiments/semantic_ablation_rigid_200f/sionna_xml/frame_161_sionna.xml,30.0,0.0,0.0,2.4,-1.4605,-0.8406,1.6421,28000000000.0,21,6.163341392806387e-09,6.431429255826515e-08,5.8150951165458764e-08,2.240194589830935e-07,-66.49714255942916,-36.497142559429165,cir_coefficients_tau_mask,,"[1, 1, 1, 1, 21, 1]","[1, 1, 21]","[1, 1, 21]","[1, 1, 21]",,True,,21,5.8150951165458764e-08,-36.497142559429165,0,0.0,0.0,0,0,0,0,0,0,0,0,1.8477231989667715,365,590,1145,0.05842921654367848,0.12389646234992391,0.1365010532615633,590,0,0.0295
162,41632,rx_human_chest,/home/telilab4090/Documents/Gazebo World/my_world/rt_out/experiments/semantic_ablation_rigid_200f/sionna_xml/frame_162_sionna.xml,30.0,0.0,0.0,2.4,-1.4605,-0.8406,1.6421,28000000000.0,21,6.163341392806387e-09,6.431429255826515e-08,5.8150951165458764e-08,2.2401944477223878e-07,-66.49714283492739,-36.49714283492739,cir_coefficients_tau_mask,,"[1, 1, 1, 1, 21, 1]","[1, 1, 21]","[1, 1, 21]","[1, 1, 21]",,True,,21,5.8150951165458764e-08,-36.497142559429165,0,0.0,-2.754982233454939e-07,0,0,0,0,0,0,0,0,1.8477231989667715,391,614,1196,0.06507442702667007,0.12364039677376334,0.1365828768479315,614,0,0.0307
163,41889,rx_human_chest,/home/telilab4090/Documents/Gazebo World/my_world/rt_out/experiments/semantic_ablation_rigid_200f/sionna_xml/frame_163_sionna.xml,30.0,0.0,0.0,2.4,-1.4605,-0.8406,1.6421,28000000000.0,21,6.163341392806387e-09,6.431429255826515e-08,5.8150951165458764e-08,2.240194589830935e-07,-66.49714255942916,-36.497142559429165,cir_coefficients_tau_mask,,"[1, 1, 1, 1, 21, 1]","[1, 1, 21]","[1, 1, 21]","[1, 1, 21]",,True,,21,5.8150951165458764e-08,-36.49714283492739,0,0.0,2.754982233454939e-07,0,0,0,0,0,0,0,0,1.8477231989667715,396,592,1142,0.05947992142592132,0.12463785242215505,0.13699031148689794,592,0,0.0296
164,42146,rx_human_chest,/home/telilab4090/Documents/Gazebo World/my_world/rt_out/experiments/semantic_ablation_rigid_200f/sionna_xml/frame_164_sionna.xml,30.0,0.0,0.0,2.4,-1.4605,-0.8406,1.6421,28000000000.0,21,6.163341392806387e-09,6.431429255826515e-08,5.8150951165458764e-08,2.240194589830935e-07,-66.49714255942916,-36.497142559429165,cir_coefficients_tau_mask,,"[1, 1, 1, 1, 21, 1]","[1, 1, 21]","[1, 1, 21]","[1, 1, 21]",,True,,21,5.8150951165458764e-08,-36.497142559429165,0,0.0,0.0,0,0,0,0,0,0,0,0,1.8477231989667715,390,592,1172,0.056654676184891624,0.11970192937646998,0.13474463363179714,592,0,0.0296
165,42403,rx_human_chest,/home/telilab4090/Documents/Gazebo World/my_world/rt_out/experiments/semantic_ablation_rigid_200f/sionna_xml/frame_165_sionna.xml,30.0,0.0,0.0,2.4,-1.4605,-0.8406,1.6421,28000000000.0,21,6.163341392806387e-09,6.431429255826515e-08,5.8150951165458764e-08,2.2401944477223878e-07,-66.49714283492739,-36.49714283492739,cir_coefficients_tau_mask,,"[1, 1, 1, 1, 21, 1]","[1, 1, 21]","[1, 1, 21]","[1, 1, 21]",,True,,21,5.8150951165458764e-08,-36.497142559429165,0,0.0,-2.754982233454939e-07,0,0,0,0,0,0,0,0,1.8477231989667715,402,601,1161,0.09685073334180455,0.13041390748877957,0.13967319696428335,601,0,0.03005
166,42659,rx_human_chest,/home/telilab4090/Documents/Gazebo World/my_world/rt_out/experiments/semantic_ablation_rigid_200f/sionna_xml/frame_166_sionna.xml,30.0,0.0,0.0,2.4,-1.4605,-0.8406,1.6421,28000000000.0,21,6.163341392806387e-09,6.431429255826515e-08,5.8150951165458764e-08,2.2401944477223878e-07,-66.49714283492739,-36.49714283492739,cir_coefficients_tau_mask,,"[1, 1, 1, 1, 21, 1]","[1, 1, 21]","[1, 1, 21]","[1, 1, 21]",,True,,21,5.8150951165458764e-08,-36.49714283492739,0,0.0,0.0,0,0,0,0,0,0,0,0,1.8477231989667715,411,594,1178,0.04536607728976283,0.11090779679379933,0.13058211700505798,594,0,0.0297
167,42916,rx_human_chest,/home/telilab4090/Documents/Gazebo World/my_world/rt_out/experiments/semantic_ablation_rigid_200f/sionna_xml/frame_167_sionna.xml,30.0,0.0,0.0,2.4,-1.4605,-0.8406,1.6421,28000000000.0,21,6.163341392806387e-09,6.431429255826515e-08,5.8150951165458764e-08,2.2401944477223878e-07,-66.49714283492739,-36.49714283492739,cir_coefficients_tau_mask,,"[1, 1, 1, 1, 21, 1]","[1, 1, 21]","[1, 1, 21]","[1, 1, 21]",,True,,21,5.8150951165458764e-08,-36.49714283492739,0,0.0,0.0,0,0,0,0,0,0,0,0,1.8477231989667715,394,590,1187,0.08008116524961148,0.1215664568340197,0.1347541852714955,590,0,0.0295
168,43173,rx_human_chest,/home/telilab4090/Documents/Gazebo World/my_world/rt_out/experiments/semantic_ablation_rigid_200f/sionna_xml/frame_168_sionna.xml,30.0,0.0,0.0,2.4,-1.4605,-0.8406,1.6421,28000000000.0,21,6.163341392806387e-09,6.431429255826515e-08,5.8150951165458764e-08,2.240194589830935e-07,-66.49714255942916,-36.497142559429165,cir_coefficients_tau_mask,,"[1, 1, 1, 1, 21, 1]","[1, 1, 21]","[1, 1, 21]","[1, 1, 21]",,True,,21,5.8150951165458764e-08,-36.49714283492739,0,0.0,2.754982233454939e-07,0,0,0,0,0,0,0,0,1.8477231989667715,388,591,1118,0.07773562633730037,0.12273758959941328,0.13647915406526087,591,0,0.02955
169,43430,rx_human_chest,/home/telilab4090/Documents/Gazebo World/my_world/rt_out/experiments/semantic_ablation_rigid_200f/sionna_xml/frame_169_sionna.xml,30.0,0.0,0.0,2.4,-1.4605,-0.8406,1.6421,28000000000.0,21,6.163341392806387e-09,6.431429255826515e-08,5.8150951165458764e-08,2.2401944477223878e-07,-66.49714283492739,-36.49714283492739,cir_coefficients_tau_mask,,"[1, 1, 1, 1, 21, 1]","[1, 1, 21]","[1, 1, 21]","[1, 1, 21]",,True,,21,5.8150951165458764e-08,-36.497142559429165,0,0.0,-2.754982233454939e-07,0,0,0,0,0,0,0,0,1.8477231989667715,357,570,1156,0.08512983954568365,0.13130560018717571,0.14173907506997746,570,0,0.0285
170,43687,rx_human_chest,/home/telilab4090/Documents/Gazebo World/my_world/rt_out/experiments/semantic_ablation_rigid_200f/sionna_xml/frame_170_sionna.xml,30.0,0.0,0.0,2.4,-1.4605,-0.8406,1.6421,28000000000.0,21,6.163341392806387e-09,6.431429255826515e-08,5.8150951165458764e-08,2.240194589830935e-07,-66.49714255942916,-36.497142559429165,cir_coefficients_tau_mask,,"[1, 1, 1, 1, 21, 1]","[1, 1, 21]","[1, 1, 21]","[1, 1, 21]",,True,,21,5.8150951165458764e-08,-36.49714283492739,0,0.0,2.754982233454939e-07,0,0,0,0,0,0,0,0,1.8477231989667715,401,603,1155,0.09649948798648518,0.12647960708637376,0.13704512715515052,603,0,0.03015
171,43944,rx_human_chest,/home/telilab4090/Documents/Gazebo World/my_world/rt_out/experiments/semantic_ablation_rigid_200f/sionna_xml/frame_171_sionna.xml,30.0,0.0,0.0,2.4,-1.4605,-0.8406,1.6421,28000000000.0,21,6.163341392806387e-09,6.431429255826515e-08,5.8150951165458764e-08,2.240194589830935e-07,-66.49714255942916,-36.497142559429165,cir_coefficients_tau_mask,,"[1, 1, 1, 1, 21, 1]","[1, 1, 21]","[1, 1, 21]","[1, 1, 21]",,True,,21,5.8150951165458764e-08,-36.497142559429165,0,0.0,0.0,0,0,0,0,0,0,0,0,1.8477231989667715,390,584,1159,0.09898266850569061,0.1285210738842323,0.13822344140370801,584,0,0.0292
172,44201,rx_human_chest,/home/telilab4090/Documents/Gazebo World/my_world/rt_out/experiments/semantic_ablation_rigid_200f/sionna_xml/frame_172_sionna.xml,30.0,0.0,0.0,2.4,-1.4605,-0.8406,1.6421,28000000000.0,21,6.163341392806387e-09,6.431429255826515e-08,5.8150951165458764e-08,2.2401944477223878e-07,-66.49714283492739,-36.49714283492739,cir_coefficients_tau_mask,,"[1, 1, 1, 1, 21, 1]","[1, 1, 21]","[1, 1, 21]","[1, 1, 21]",,True,,21,5.8150951165458764e-08,-36.497142559429165,0,0.0,-2.754982233454939e-07,0,0,0,0,0,0,0,0,1.8477231989667715,363,537,1113,0.06077081875763326,0.12005493864038178,0.13578423786861776,537,0,0.02685
173,44458,rx_human_chest,/home/telilab4090/Documents/Gazebo World/my_world/rt_out/experiments/semantic_ablation_rigid_200f/sionna_xml/frame_173_sionna.xml,30.0,0.0,0.0,2.4,-1.4605,-0.8406,1.6421,28000000000.0,21,6.163341392806387e-09,6.431429255826515e-08,5.8150951165458764e-08,2.240194589830935e-07,-66.49714255942916,-36.497142559429165,cir_coefficients_tau_mask,,"[1, 1, 1, 1, 21, 1]","[1, 1, 21]","[1, 1, 21]","[1, 1, 21]",,True,,21,5.8150951165458764e-08,-36.49714283492739,0,0.0,2.754982233454939e-07,0,0,0,0,0,0,0,0,1.8477231989667715,390,559,1122,0.04536607728976283,0.12084554771800274,0.13485482677307478,559,0,0.02795
174,44715,rx_human_chest,/home/telilab4090/Documents/Gazebo World/my_world/rt_out/experiments/semantic_ablation_rigid_200f/sionna_xml/frame_174_sionna.xml,30.0,0.0,0.0,2.4,-1.4605,-0.8406,1.6421,28000000000.0,21,6.163341392806387e-09,6.431429255826515e-08,5.8150951165458764e-08,2.240194589830935e-07,-66.49714255942916,-36.497142559429165,cir_coefficients_tau_mask,,"[1, 1, 1, 1, 21, 1]","[1, 1, 21]","[1, 1, 21]","[1, 1, 21]",,True,,21,5.8150951165458764e-08,-36.497142559429165,0,0.0,0.0,0,0,0,0,0,0,0,0,1.8477231989667715,384,602,1194,0.08512983954568365,0.12073061836796617,0.13512057547767112,602,0,0.0301
175,44972,rx_human_chest,/home/telilab4090/Documents/Gazebo World/my_world/rt_out/experiments/semantic_ablation_rigid_200f/sionna_xml/frame_175_sionna.xml,30.0,0.0,0.0,2.4,-1.4605,-0.8406,1.6421,28000000000.0,21,6.163341392806387e-09,6.431429255826515e-08,5.8150951165458764e-08,2.2401944477223878e-07,-66.49714283492739,-36.49714283492739,cir_coefficients_tau_mask,,"[1, 1, 1, 1, 21, 1]","[1, 1, 21]","[1, 1, 21]","[1, 1, 21]",,True,,21,5.8150951165458764e-08,-36.497142559429165,0,0.0,-2.754982233454939e-07,0,0,0,0,0,0,0,0,1.8477231989667715,379,585,1148,0.09898266850569061,0.12587295061028866,0.13947156429791951,585,0,0.02925
176,45229,rx_human_chest,/home/telilab4090/Documents/Gazebo World/my_world/rt_out/experiments/semantic_ablation_rigid_200f/sionna_xml/frame_176_sionna.xml,30.0,0.0,0.0,2.4,-1.4605,-0.8406,1.6421,28000000000.0,21,6.163341392806387e-09,6.431429255826515e-08,5.8150951165458764e-08,2.2401944477223878e-07,-66.49714283492739,-36.49714283492739,cir_coefficients_tau_mask,,"[1, 1, 1, 1, 21, 1]","[1, 1, 21]","[1, 1, 21]","[1, 1, 21]",,True,,21,5.8150951165458764e-08,-36.49714283492739,0,0.0,0.0,0,0,0,0,0,0,0,0,1.8477231989667715,402,573,1135,0.09286565055524258,0.12869430201563498,0.13897706057816145,573,0,0.02865
177,45486,rx_human_chest,/home/telilab4090/Documents/Gazebo World/my_world/rt_out/experiments/semantic_ablation_rigid_200f/sionna_xml/frame_177_sionna.xml,30.0,0.0,0.0,2.4,-1.4605,-0.8406,1.6421,28000000000.0,21,6.163341392806387e-09,6.431429255826515e-08,5.8150951165458764e-08,2.240194589830935e-07,-66.49714255942916,-36.497142559429165,cir_coefficients_tau_mask,,"[1, 1, 1, 1, 21, 1]","[1, 1, 21]","[1, 1, 21]","[1, 1, 21]",,True,,21,5.8150951165458764e-08,-36.49714283492739,0,0.0,2.754982233454939e-07,0,0,0,0,0,0,0,0,1.8477231989667715,401,606,1185,0.037644989010867214,0.12079834433831867,0.1352586192933829,606,0,0.0303
178,45743,rx_human_chest,/home/telilab4090/Documents/Gazebo World/my_world/rt_out/experiments/semantic_ablation_rigid_200f/sionna_xml/frame_178_sionna.xml,30.0,0.0,0.0,2.4,-1.4605,-0.8406,1.6421,28000000000.0,21,6.163341392806387e-09,6.431429255826515e-08,5.8150951165458764e-08,2.240194589830935e-07,-66.49714255942916,-36.497142559429165,cir_coefficients_tau_mask,,"[1, 1, 1, 1, 21, 1]","[1, 1, 21]","[1, 1, 21]","[1, 1, 21]",,True,,21,5.8150951165458764e-08,-36.497142559429165,0,0.0,0.0,0,0,0,0,0,0,0,0,1.8477231989667715,392,593,1161,0.06843297245110508,0.11611899788304063,0.1319960048673961,593,0,0.02965
179,46000,rx_human_chest,/home/telilab4090/Documents/Gazebo World/my_world/rt_out/experiments/semantic_ablation_rigid_200f/sionna_xml/frame_179_sionna.xml,30.0,0.0,0.0,2.4,-1.4605,-0.8406,1.6421,28000000000.0,21,6.163341392806387e-09,6.431429255826515e-08,5.8150951165458764e-08,2.240194589830935e-07,-66.49714255942916,-36.497142559429165,cir_coefficients_tau_mask,,"[1, 1, 1, 1, 21, 1]","[1, 1, 21]","[1, 1, 21]","[1, 1, 21]",,True,,21,5.8150951165458764e-08,-36.497142559429165,0,0.0,0.0,0,0,0,0,0,0,0,0,1.8477231989667715,370,539,1145,0.07773562633730037,0.12407002108942533,0.13691655031631378,539,0,0.02695
180,46257,rx_human_chest,/home/telilab4090/Documents/Gazebo World/my_world/rt_out/experiments/semantic_ablation_rigid_200f/sionna_xml/frame_180_sionna.xml,30.0,0.0,0.0,2.4,-1.4605,-0.8406,1.6421,28000000000.0,21,6.163341392806387e-09,6.431429255826515e-08,5.8150951165458764e-08,2.240194589830935e-07,-66.49714255942916,-36.497142559429165,cir_coefficients_tau_mask,,"[1, 1, 1, 1, 21, 1]","[1, 1, 21]","[1, 1, 21]","[1, 1, 21]",,True,,21,5.8150951165458764e-08,-36.497142559429165,0,0.0,0.0,0,0,0,0,0,0,0,0,1.8477231989667715,368,536,1132,0.0880170378201094,0.12651920791399263,0.13756933542694547,536,0,0.0268
181,46514,rx_human_chest,/home/telilab4090/Documents/Gazebo World/my_world/rt_out/experiments/semantic_ablation_rigid_200f/sionna_xml/frame_181_sionna.xml,30.0,0.0,0.0,2.4,-1.4605,-0.8406,1.6421,28000000000.0,21,6.163341392806387e-09,6.431429255826515e-08,5.8150951165458764e-08,2.240194589830935e-07,-66.49714255942916,-36.497142559429165,cir_coefficients_tau_mask,,"[1, 1, 1, 1, 21, 1]","[1, 1, 21]","[1, 1, 21]","[1, 1, 21]",,True,,21,5.8150951165458764e-08,-36.497142559429165,0,0.0,0.0,0,0,0,0,0,0,0,0,1.8477231989667715,391,604,1198,0.10648636810731417,0.12988177896344047,0.13974083556986513,604,0,0.0302
182,46771,rx_human_chest,/home/telilab4090/Documents/Gazebo World/my_world/rt_out/experiments/semantic_ablation_rigid_200f/sionna_xml/frame_182_sionna.xml,30.0,0.0,0.0,2.4,-1.4605,-0.8406,1.6421,28000000000.0,21,6.163341392806387e-09,6.431429255826515e-08,5.8150951165458764e-08,2.240194589830935e-07,-66.49714255942916,-36.497142559429165,cir_coefficients_tau_mask,,"[1, 1, 1, 1, 21, 1]","[1, 1, 21]","[1, 1, 21]","[1, 1, 21]",,True,,21,5.8150951165458764e-08,-36.497142559429165,0,0.0,0.0,0,0,0,0,0,0,0,0,1.8477231989667715,384,563,1098,0.049967880839817305,0.1221262245741364,0.13606424855382487,563,0,0.02815
183,47028,rx_human_chest,/home/telilab4090/Documents/Gazebo World/my_world/rt_out/experiments/semantic_ablation_rigid_200f/sionna_xml/frame_183_sionna.xml,30.0,0.0,0.0,2.4,-1.4605,-0.8406,1.6421,28000000000.0,21,6.163341392806387e-09,6.431429255826515e-08,5.8150951165458764e-08,2.240194589830935e-07,-66.49714255942916,-36.497142559429165,cir_coefficients_tau_mask,,"[1, 1, 1, 1, 21, 1]","[1, 1, 21]","[1, 1, 21]","[1, 1, 21]",,True,,21,5.8150951165458764e-08,-36.497142559429165,0,0.0,0.0,0,0,0,0,0,0,0,0,1.8477231989667715,377,573,1163,0.10167575396580499,0.13205641825467107,0.14102775214545804,573,0,0.02865
184,47285,rx_human_chest,/home/telilab4090/Documents/Gazebo World/my_world/rt_out/experiments/semantic_ablation_rigid_200f/sionna_xml/frame_184_sionna.xml,30.0,0.0,0.0,2.4,-1.4605,-0.8406,1.6421,28000000000.0,21,6.163341392806387e-09,6.431429255826515e-08,5.8150951165458764e-08,2.2401944477223878e-07,-66.49714283492739,-36.49714283492739,cir_coefficients_tau_mask,,"[1, 1, 1, 1, 21, 1]","[1, 1, 21]","[1, 1, 21]","[1, 1, 21]",,True,,21,5.8150951165458764e-08,-36.497142559429165,0,0.0,-2.754982233454939e-07,0,0,0,0,0,0,0,0,1.8477231989667715,366,569,1166,0.09580740267530152,0.12668853474773814,0.1378075276360538,569,0,0.02845
185,47542,rx_human_chest,/home/telilab4090/Documents/Gazebo World/my_world/rt_out/experiments/semantic_ablation_rigid_200f/sionna_xml/frame_185_sionna.xml,30.0,0.0,0.0,2.4,-1.4605,-0.8406,1.6421,28000000000.0,21,6.163341392806387e-09,6.431429255826515e-08,5.8150951165458764e-08,2.2401947319394822e-07,-66.49714228393097,-36.49714228393097,cir_coefficients_tau_mask,,"[1, 1, 1, 1, 21, 1]","[1, 1, 21]","[1, 1, 21]","[1, 1, 21]",,True,,21,5.8150951165458764e-08,-36.49714283492739,0,0.0,5.509964182692784e-07,0,0,0,0,0,0,0,0,1.8477231989667715,411,618,1195,0.07861069263363829,0.1227455130209536,0.13622036153112524,618,0,0.0309
186,47799,rx_human_chest,/home/telilab4090/Documents/Gazebo World/my_world/rt_out/experiments/semantic_ablation_rigid_200f/sionna_xml/frame_186_sionna.xml,30.0,0.0,0.0,2.4,-1.4605,-0.8406,1.6421,28000000000.0,21,6.163341392806387e-09,6.431429255826515e-08,5.8150951165458764e-08,2.240194589830935e-07,-66.49714255942916,-36.497142559429165,cir_coefficients_tau_mask,,"[1, 1, 1, 1, 21, 1]","[1, 1, 21]","[1, 1, 21]","[1, 1, 21]",,True,,21,5.8150951165458764e-08,-36.49714228393097,0,0.0,-2.7549819492378447e-07,0,0,0,0,0,0,0,0,1.8477231989667715,392,607,1197,0.07773562633730037,0.1186472658576964,0.1341565407021602,607,0,0.03035
187,48056,rx_human_chest,/home/telilab4090/Documents/Gazebo World/my_world/rt_out/experiments/semantic_ablation_rigid_200f/sionna_xml/frame_187_sionna.xml,30.0,0.0,0.0,2.4,-1.4605,-0.8406,1.6421,28000000000.0,21,6.163341392806387e-09,6.431429255826515e-08,5.8150951165458764e-08,2.240194589830935e-07,-66.49714255942916,-36.497142559429165,cir_coefficients_tau_mask,,"[1, 1, 1, 1, 21, 1]","[1, 1, 21]","[1, 1, 21]","[1, 1, 21]",,True,,21,5.8150951165458764e-08,-36.497142559429165,0,0.0,0.0,0,0,0,0,0,0,0,0,1.8477231989667715,377,590,1146,0.04536607728976283,0.11905460117991173,0.13433377191558324,590,0,0.0295
188,48313,rx_human_chest,/home/telilab4090/Documents/Gazebo World/my_world/rt_out/experiments/semantic_ablation_rigid_200f/sionna_xml/frame_188_sionna.xml,30.0,0.0,0.0,2.4,-1.4605,-0.8406,1.6421,28000000000.0,21,6.163341392806387e-09,6.431429255826515e-08,5.8150951165458764e-08,2.240194589830935e-07,-66.49714255942916,-36.497142559429165,cir_coefficients_tau_mask,,"[1, 1, 1, 1, 21, 1]","[1, 1, 21]","[1, 1, 21]","[1, 1, 21]",,True,,21,5.8150951165458764e-08,-36.497142559429165,0,0.0,0.0,0,0,0,0,0,0,0,0,1.8477231989667715,400,596,1158,0.09429537985314584,0.12326079366258946,0.1354095057965008,596,0,0.0298
189,48570,rx_human_chest,/home/telilab4090/Documents/Gazebo World/my_world/rt_out/experiments/semantic_ablation_rigid_200f/sionna_xml/frame_189_sionna.xml,30.0,0.0,0.0,2.4,-1.4605,-0.8406,1.6421,28000000000.0,21,6.163341392806387e-09,6.431429255826515e-08,5.8150951165458764e-08,2.240194589830935e-07,-66.49714255942916,-36.497142559429165,cir_coefficients_tau_mask,,"[1, 1, 1, 1, 21, 1]","[1, 1, 21]","[1, 1, 21]","[1, 1, 21]",,True,,21,5.8150951165458764e-08,-36.497142559429165,0,0.0,0.0,0,0,0,0,0,0,0,0,1.8477231989667715,383,576,1151,0.09476798063053497,0.12872950552739348,0.13953492277476237,576,0,0.0288
190,48827,rx_human_chest,/home/telilab4090/Documents/Gazebo World/my_world/rt_out/experiments/semantic_ablation_rigid_200f/sionna_xml/frame_190_sionna.xml,30.0,0.0,0.0,2.4,-1.4605,-0.8406,1.6421,28000000000.0,21,6.163341392806387e-09,6.431429255826515e-08,5.8150951165458764e-08,2.2401947319394822e-07,-66.49714228393097,-36.49714228393097,cir_coefficients_tau_mask,,"[1, 1, 1, 1, 21, 1]","[1, 1, 21]","[1, 1, 21]","[1, 1, 21]",,True,,21,5.8150951165458764e-08,-36.497142559429165,0,0.0,2.7549819492378447e-07,0,0,0,0,0,0,0,0,1.8477231989667715,384,588,1123,0.05842921654367848,0.11430642543077114,0.1320088098795572,588,0,0.0294
191,49084,rx_human_chest,/home/telilab4090/Documents/Gazebo World/my_world/rt_out/experiments/semantic_ablation_rigid_200f/sionna_xml/frame_191_sionna.xml,30.0,0.0,0.0,2.4,-1.4605,-0.8406,1.6421,28000000000.0,21,6.163341392806387e-09,6.431429255826515e-08,5.8150951165458764e-08,2.2401944477223878e-07,-66.49714283492739,-36.49714283492739,cir_coefficients_tau_mask,,"[1, 1, 1, 1, 21, 1]","[1, 1, 21]","[1, 1, 21]","[1, 1, 21]",,True,,21,5.8150951165458764e-08,-36.49714228393097,0,0.0,-5.509964182692784e-07,0,0,0,0,0,0,0,0,1.8477231989667715,400,614,1208,0.05947992142592132,0.11380120038020028,0.13215907014311837,614,0,0.0307
192,49341,rx_human_chest,/home/telilab4090/Documents/Gazebo World/my_world/rt_out/experiments/semantic_ablation_rigid_200f/sionna_xml/frame_192_sionna.xml,30.0,0.0,0.0,2.4,-1.4605,-0.8406,1.6421,28000000000.0,21,6.163341392806387e-09,6.431429255826515e-08,5.8150951165458764e-08,2.2401947319394822e-07,-66.49714228393097,-36.49714228393097,cir_coefficients_tau_mask,,"[1, 1, 1, 1, 21, 1]","[1, 1, 21]","[1, 1, 21]","[1, 1, 21]",,True,,21,5.8150951165458764e-08,-36.49714283492739,0,0.0,5.509964182692784e-07,0,0,0,0,0,0,0,0,1.8477231989667715,414,617,1192,0.051803618550886846,0.12484099286671628,0.13633675526560507,617,0,0.03085
193,49598,rx_human_chest,/home/telilab4090/Documents/Gazebo World/my_world/rt_out/experiments/semantic_ablation_rigid_200f/sionna_xml/frame_193_sionna.xml,30.0,0.0,0.0,2.4,-1.4605,-0.8406,1.6421,28000000000.0,21,6.163341392806387e-09,6.431429255826515e-08,5.8150951165458764e-08,2.2401947319394822e-07,-66.49714228393097,-36.49714228393097,cir_coefficients_tau_mask,,"[1, 1, 1, 1, 21, 1]","[1, 1, 21]","[1, 1, 21]","[1, 1, 21]",,True,,21,5.8150951165458764e-08,-36.49714228393097,0,0.0,0.0,0,0,0,0,0,0,0,0,1.8477231989667715,410,596,1192,0.037644989010867214,0.11003083276683219,0.1292926262824755,596,0,0.0298
194,49855,rx_human_chest,/home/telilab4090/Documents/Gazebo World/my_world/rt_out/experiments/semantic_ablation_rigid_200f/sionna_xml/frame_194_sionna.xml,30.0,0.0,0.0,2.4,-1.4605,-0.8406,1.6421,28000000000.0,21,6.163341392806387e-09,6.431429255826515e-08,5.8150951165458764e-08,2.240194589830935e-07,-66.49714255942916,-36.497142559429165,cir_coefficients_tau_mask,,"[1, 1, 1, 1, 21, 1]","[1, 1, 21]","[1, 1, 21]","[1, 1, 21]",,True,,21,5.8150951165458764e-08,-36.49714228393097,0,0.0,-2.7549819492378447e-07,0,0,0,0,0,0,0,0,1.8477231989667715,360,535,1094,0.09381056602718019,0.13683430668882152,0.14343411447780546,535,0,0.02675
195,50112,rx_human_chest,/home/telilab4090/Documents/Gazebo World/my_world/rt_out/experiments/semantic_ablation_rigid_200f/sionna_xml/frame_195_sionna.xml,30.0,0.0,0.0,2.4,-1.4605,-0.8406,1.6421,28000000000.0,21,6.163341392806387e-09,6.431429255826515e-08,5.8150951165458764e-08,2.240194589830935e-07,-66.49714255942916,-36.497142559429165,cir_coefficients_tau_mask,,"[1, 1, 1, 1, 21, 1]","[1, 1, 21]","[1, 1, 21]","[1, 1, 21]",,True,,21,5.8150951165458764e-08,-36.497142559429165,0,0.0,0.0,0,0,0,0,0,0,0,0,1.8477231989667715,367,548,1115,0.06507442702667007,0.12333032831099544,0.1366671359022061,548,0,0.0274
196,50369,rx_human_chest,/home/telilab4090/Documents/Gazebo World/my_world/rt_out/experiments/semantic_ablation_rigid_200f/sionna_xml/frame_196_sionna.xml,30.0,0.0,0.0,2.4,-1.4605,-0.8406,1.6421,28000000000.0,21,6.163341392806387e-09,6.431429255826515e-08,5.8150951165458764e-08,2.2401947319394822e-07,-66.49714228393097,-36.49714228393097,cir_coefficients_tau_mask,,"[1, 1, 1, 1, 21, 1]","[1, 1, 21]","[1, 1, 21]","[1, 1, 21]",,True,,21,5.8150951165458764e-08,-36.497142559429165,0,0.0,2.7549819492378447e-07,0,0,0,0,0,0,0,0,1.8477231989667715,378,588,1127,0.09034356707775365,0.12999541801236525,0.1393536480789683,588,0,0.0294
197,50626,rx_human_chest,/home/telilab4090/Documents/Gazebo World/my_world/rt_out/experiments/semantic_ablation_rigid_200f/sionna_xml/frame_197_sionna.xml,30.0,0.0,0.0,2.4,-1.4605,-0.8406,1.6421,28000000000.0,20,6.163341392806387e-09,6.431429255826515e-08,5.8150951165458764e-08,2.2396395138457592e-07,-66.49821878874059,-36.49821878874059,cir_coefficients_tau_mask,,"[1, 1, 1, 1, 20, 1]","[1, 1, 20]","[1, 1, 20]","[1, 1, 20]",,True,,21,5.8150951165458764e-08,-36.49714228393097,-1,0.0,-0.0010765048096175178,1,1,0,0,0,0,0,0,1.8477231989667715,376,572,1406,0.07071896293669933,0.12508031942011572,0.13781864514434464,572,0,0.0286
198,50883,rx_human_chest,/home/telilab4090/Documents/Gazebo World/my_world/rt_out/experiments/semantic_ablation_rigid_200f/sionna_xml/frame_198_sionna.xml,30.0,0.0,0.0,2.4,-1.4605,-0.8406,1.6421,28000000000.0,21,6.163341392806387e-09,6.431429255826515e-08,5.8150951165458764e-08,2.2401944477223878e-07,-66.49714283492739,-36.49714283492739,cir_coefficients_tau_mask,,"[1, 1, 1, 1, 21, 1]","[1, 1, 21]","[1, 1, 21]","[1, 1, 21]",,True,,20,5.8150951165458764e-08,-36.49821878874059,1,0.0,0.0010759538131992485,1,0,0,0,0,0,0,0,1.8477231989667715,393,585,1345,0.05842921654367848,0.12261669543874443,0.1357614766175003,585,0,0.02925
199,51140,rx_human_chest,/home/telilab4090/Documents/Gazebo World/my_world/rt_out/experiments/semantic_ablation_rigid_200f/sionna_xml/frame_199_sionna.xml,30.0,0.0,0.0,2.4,-1.4605,-0.8406,1.6421,28000000000.0,21,6.163341392806387e-09,6.431429255826515e-08,5.8150951165458764e-08,2.2401944477223878e-07,-66.49714283492739,-36.49714283492739,cir_coefficients_tau_mask,,"[1, 1, 1, 1, 21, 1]","[1, 1, 21]","[1, 1, 21]","[1, 1, 21]",,True,,21,5.8150951165458764e-08,-36.49714283492739,0,0.0,0.0,0,0,0,0,0,0,0,0,1.8477231989667715,354,517,1250,0.09135038017746193,0.11648284798750988,0.13377918422552376,517,0,0.02585
1,257,rx_nao_chest,/home/telilab4090/Documents/Gazebo World/my_world/rt_out/experiments/semantic_ablation_rigid_200f/sionna_xml/frame_001_sionna.xml,30.0,0.0,0.0,2.4,-0.1337,2.748,0.7,28000000000.0,24,1.0787783999433032e-08,6.209720737615498e-08,5.130942337672195e-08,7.24924902328894e-08,-71.3970698128202,-41.397069812820206,cir_coefficients_tau_mask,,"[1, 1, 1, 1, 24, 1]","[1, 1, 24]","[1, 1, 24]","[1, 1, 24]",,True,,24,5.130942337672195e-08,-41.397070238498515,0,0.0,4.2567830860207323e-07,0,0,0,0,0,0,0,0,3.2340964255878335,1170,2605,5126,0.1092508557091868,0.11048889767525698,0.11204079433432794,2122,0,0.13025
2,514,rx_nao_chest,/home/telilab4090/Documents/Gazebo World/my_world/rt_out/experiments/semantic_ablation_rigid_200f/sionna_xml/frame_002_sionna.xml,30.0,0.0,0.0,2.4,-0.1337,2.748,0.7,28000000000.0,24,1.0787783999433032e-08,6.209720737615498e-08,5.130942337672195e-08,7.249248312746204e-08,-71.39707023849851,-41.397070238498515,cir_coefficients_tau_mask,,"[1, 1, 1, 1, 24, 1]","[1, 1, 24]","[1, 1, 24]","[1, 1, 24]",,True,,24,5.130942337672195e-08,-41.397069812820206,0,0.0,-4.2567830860207323e-07,0,0,0,0,0,0,0,0,3.2340964255878335,1129,2477,5025,0.10911313780223297,0.11065703826072293,0.11470135486016257,2032,0,0.12385
3,771,rx_nao_chest,/home/telilab4090/Documents/Gazebo World/my_world/rt_out/experiments/semantic_ablation_rigid_200f/sionna_xml/frame_003_sionna.xml,30.0,0.0,0.0,2.4,-0.1337,2.748,0.7,28000000000.0,24,1.0787783999433032e-08,6.209720737615498e-08,5.130942337672195e-08,7.249248312746204e-08,-71.39707023849851,-41.397070238498515,cir_coefficients_tau_mask,,"[1, 1, 1, 1, 24, 1]","[1, 1, 24]","[1, 1, 24]","[1, 1, 24]",,True,,24,5.130942337672195e-08,-41.397070238498515,0,0.0,0.0,0,0,0,0,0,0,0,0,3.2340964255878335,1094,2508,5177,0.10909983340327381,0.11046930917313094,0.11370282781783216,2057,0,0.1254
4,1028,rx_nao_chest,/home/telilab4090/Documents/Gazebo World/my_world/rt_out/experiments/semantic_ablation_rigid_200f/sionna_xml/frame_004_sionna.xml,30.0,0.0,0.0,2.4,-0.1337,2.748,0.7,28000000000.0,24,1.0787783999433032e-08,6.209720737615498e-08,5.130942337672195e-08,7.24924902328894e-08,-71.3970698128202,-41.397069812820206,cir_coefficients_tau_mask,,"[1, 1, 1, 1, 24, 1]","[1, 1, 24]","[1, 1, 24]","[1, 1, 24]",,True,,24,5.130942337672195e-08,-41.397070238498515,0,0.0,4.2567830860207323e-07,0,0,0,0,0,0,0,0,3.2340964255878335,1099,2442,5056,0.1092401869390177,0.11108249403522212,0.11672916433344778,2072,0,0.1221
5,1285,rx_nao_chest,/home/telilab4090/Documents/Gazebo World/my_world/rt_out/experiments/semantic_ablation_rigid_200f/sionna_xml/frame_005_sionna.xml,30.0,0.0,0.0,2.4,-0.1337,2.748,0.7,28000000000.0,24,1.0787783999433032e-08,6.209720737615498e-08,5.130942337672195e-08,7.24924902328894e-08,-71.3970698128202,-41.397069812820206,cir_coefficients_tau_mask,,"[1, 1, 1, 1, 24, 1]","[1, 1, 24]","[1, 1, 24]","[1, 1, 24]",,True,,24,5.130942337672195e-08,-41.397069812820206,0,0.0,0.0,0,0,0,0,0,0,0,0,3.2340964255878335,1121,2477,5129,0.10983945789662351,0.1106207196611884,0.11658486639846892,2065,0,0.12385
6,1542,rx_nao_chest,/home/telilab4090/Documents/Gazebo World/my_world/rt_out/experiments/semantic_ablation_rigid_200f/sionna_xml/frame_006_sionna.xml,30.0,0.0,0.0,2.4,-0.1337,2.748,0.7,28000000000.0,24,1.0787783999433032e-08,6.209720737615498e-08,5.130942337672195e-08,7.249248312746204e-08,-71.39707023849851,-41.397070238498515,cir_coefficients_tau_mask,,"[1, 1, 1, 1, 24, 1]","[1, 1, 24]","[1, 1, 24]","[1, 1, 24]",,True,,24,5.130942337672195e-08,-41.397069812820206,0,0.0,-4.2567830860207323e-07,0,0,0,0,0,0,0,0,3.2340964255878335,1087,2588,5131,0.10901953951675983,0.11069245553173859,0.1143300258776779,2029,0,0.1294
7,1799,rx_nao_chest,/home/telilab4090/Documents/Gazebo World/my_world/rt_out/experiments/semantic_ablation_rigid_200f/sionna_xml/frame_007_sionna.xml,30.0,0.0,0.0,2.4,-0.1337,2.748,0.7,28000000000.0,24,1.0787783999433032e-08,6.209720737615498e-08,5.130942337672195e-08,7.24924902328894e-08,-71.3970698128202,-41.397069812820206,cir_coefficients_tau_mask,,"[1, 1, 1, 1, 24, 1]","[1, 1, 24]","[1, 1, 24]","[1, 1, 24]",,True,,24,5.130942337672195e-08,-41.397070238498515,0,0.0,4.2567830860207323e-07,0,0,0,0,0,0,0,0,3.2340964255878335,1120,2568,5202,0.11001530791421521,0.1111966717207877,0.11917349892952173,2051,0,0.1284
8,2056,rx_nao_chest,/home/telilab4090/Documents/Gazebo World/my_world/rt_out/experiments/semantic_ablation_rigid_200f/sionna_xml/frame_008_sionna.xml,30.0,0.0,0.0,2.4,-0.1337,2.748,0.7,28000000000.0,24,1.0787783999433032e-08,6.209720737615498e-08,5.130942337672195e-08,7.249248312746204e-08,-71.39707023849851,-41.397070238498515,cir_coefficients_tau_mask,,"[1, 1, 1, 1, 24, 1]","[1, 1, 24]","[1, 1, 24]","[1, 1, 24]",,True,,24,5.130942337672195e-08,-41.397069812820206,0,0.0,-4.2567830860207323e-07,0,0,0,0,0,0,0,0,3.2340964255878335,1079,2381,5196,0.10911313780223297,0.11081684664659561,0.11658590358742868,2047,0,0.11905
9,2313,rx_nao_chest,/home/telilab4090/Documents/Gazebo World/my_world/rt_out/experiments/semantic_ablation_rigid_200f/sionna_xml/frame_009_sionna.xml,30.0,0.0,0.0,2.4,-0.1337,2.748,0.7,28000000000.0,24,1.0787783999433032e-08,6.209720737615498e-08,5.130942337672195e-08,7.249248312746204e-08,-71.39707023849851,-41.397070238498515,cir_coefficients_tau_mask,,"[1, 1, 1, 1, 24, 1]","[1, 1, 24]","[1, 1, 24]","[1, 1, 24]",,True,,24,5.130942337672195e-08,-41.397070238498515,0,0.0,0.0,0,0,0,0,0,0,0,0,3.2340964255878335,1061,2366,5097,0.10908142131678825,0.11125383153127126,0.12390359552476658,2041,0,0.1183
10,2570,rx_nao_chest,/home/telilab4090/Documents/Gazebo World/my_world/rt_out/experiments/semantic_ablation_rigid_200f/sionna_xml/frame_010_sionna.xml,30.0,0.0,0.0,2.4,-0.1337,2.748,0.7,28000000000.0,24,1.0787783999433032e-08,6.209720737615498e-08,5.130942337672195e-08,7.249248312746204e-08,-71.39707023849851,-41.397070238498515,cir_coefficients_tau_mask,,"[1, 1, 1, 1, 24, 1]","[1, 1, 24]","[1, 1, 24]","[1, 1, 24]",,True,,24,5.130942337672195e-08,-41.397070238498515,0,0.0,0.0,0,0,0,0,0,0,0,0,3.2340964255878335,1148,2600,5132,0.11040791313038516,0.11133891827915468,0.11769920854369852,2127,0,0.13
11,2827,rx_nao_chest,/home/telilab4090/Documents/Gazebo World/my_world/rt_out/experiments/semantic_ablation_rigid_200f/sionna_xml/frame_011_sionna.xml,30.0,0.0,0.0,2.4,-0.1337,2.748,0.7,28000000000.0,23,1.0787783999433032e-08,6.209720737615498e-08,5.130942337672195e-08,7.244390332061812e-08,-71.39998157682443,-41.39998157682443,cir_coefficients_tau_mask,,"[1, 1, 1, 1, 23, 1]","[1, 1, 23]","[1, 1, 23]","[1, 1, 23]",,True,,24,5.130942337672195e-08,-41.397070238498515,-1,0.0,-0.0029113383259158354,1,1,0,0,0,0,0,0,3.2340964255878335,1093,3086,4883,0.10916453191128232,0.11021182385259343,0.1152361042744627,2097,0,0.1543
12,3084,rx_nao_chest,/home/telilab4090/Documents/Gazebo World/my_world/rt_out/experiments/semantic_ablation_rigid_200f/sionna_xml/frame_012_sionna.xml,30.0,0.0,0.0,2.4,-0.1337,2.748,0.7,28000000000.0,19,1.0787783999433032e-08,6.209720737615498e-08,5.130942337672195e-08,7.188535988689182e-08,-71.43359548667718,-41.43359548667718,cir_coefficients_tau_mask,,"[1, 1, 1, 1, 19, 1]","[1, 1, 19]","[1, 1, 19]","[1, 1, 19]",,True,,23,5.130942337672195e-08,-41.39998157682443,-4,0.0,-0.033613909852746815,1,1,0,0,0,0,0,0,3.2340964255878335,1129,2327,4844,0.10911155102406693,0.1105988304196532,0.11801976317846133,2084,0,0.11635
13,3341,rx_nao_chest,/home/telilab4090/Documents/Gazebo World/my_world/rt_out/experiments/semantic_ablation_rigid_200f/sionna_xml/frame_013_sionna.xml,30.0,0.0,0.0,2.4,-0.1337,2.748,0.7,28000000000.0,19,1.0787783999433032e-08,6.209720737615498e-08,5.130942337672195e-08,7.188535988689182e-08,-71.43359548667718,-41.43359548667718,cir_coefficients_tau_mask,,"[1, 1, 1, 1, 19, 1]","[1, 1, 19]","[1, 1, 19]","[1, 1, 19]",,True,,19,5.130942337672195e-08,-41.43359548667718,0,0.0,0.0,0,0,0,0,0,0,0,0,3.2340964255878335,1065,2260,4848,0.10917094681463234,0.11069492104081886,0.11923174211070271,2040,0,0.113
14,3598,rx_nao_chest,/home/telilab4090/Documents/Gazebo World/my_world/rt_out/experiments/semantic_ablation_rigid_200f/sionna_xml/frame_014_sionna.xml,30.0,0.0,0.0,2.4,-0.1337,2.748,0.7,28000000000.0,23,1.0787783999433032e-08,6.209720737615498e-08,5.130942337672195e-08,7.236335619609235e-08,-71.40481298865271,-41.40481298865271,cir_coefficients_tau_mask,,"[1, 1, 1, 1, 23, 1]","[1, 1, 23]","[1, 1, 23]","[1, 1, 23]",,True,,19,5.130942337672195e-08,-41.43359548667718,4,0.0,0.028782498024469305,1,0,0,0,0,0,0,0,3.2340964255878335,1109,3491,4976,0.10901285896739998,0.11044172565635901,0.11288841262515178,2136,0,0.17455
15,3855,rx_nao_chest,/home/telilab4090/Documents/Gazebo World/my_world/rt_out/experiments/semantic_ablation_rigid_200f/sionna_xml/frame_015_sionna.xml,30.0,0.0,0.0,2.4,-0.1337,2.748,0.7,28000000000.0,24,1.0787783999433032e-08,6.209720737615498e-08,5.130942337672195e-08,7.24924902328894e-08,-71.3970698128202,-41.397069812820206,cir_coefficients_tau_mask,,"[1, 1, 1, 1, 24, 1]","[1, 1, 24]","[1, 1, 24]","[1, 1, 24]",,True,,23,5.130942337672195e-08,-41.40481298865271,1,0.0,0.007743175832501947,1,0,0,0,0,0,0,0,3.2340964255878335,1933,3632,4937,0.01053587122367495,0.03714930504906429,0.05832805577214826,2053,0,0.1816
16,4112,rx_nao_chest,/home/telilab4090/Documents/Gazebo World/my_world/rt_out/experiments/semantic_ablation_rigid_200f/sionna_xml/frame_016_sionna.xml,30.0,0.0,0.0,2.4,-0.1337,2.748,0.7,28000000000.0,23,1.0787783999433032e-08,6.209720737615498e-08,5.130942337672195e-08,7.236335619609235e-08,-71.40481298865271,-41.40481298865271,cir_coefficients_tau_mask,,"[1, 1, 1, 1, 23, 1]","[1, 1, 23]","[1, 1, 23]","[1, 1, 23]",,True,,24,5.130942337672195e-08,-41.397069812820206,-1,0.0,-0.007743175832501947,1,1,0,0,0,0,0,0,3.2340964255878335,1091,3568,4884,0.10909983340327381,0.11094652423225511,0.1210403773644154,2076,0,0.1784
17,4369,rx_nao_chest,/home/telilab4090/Documents/Gazebo World/my_world/rt_out/experiments/semantic_ablation_rigid_200f/sionna_xml/frame_017_sionna.xml,30.0,0.0,0.0,2.4,-0.1337,2.748,0.7,28000000000.0,23,1.0787783999433032e-08,6.209720737615498e-08,5.130942337672195e-08,7.236335619609235e-08,-71.40481298865271,-41.40481298865271,cir_coefficients_tau_mask,,"[1, 1, 1, 1, 23, 1]","[1, 1, 23]","[1, 1, 23]","[1, 1, 23]",,True,,23,5.130942337672195e-08,-41.40481298865271,0,0.0,0.0,0,0,0,0,0,0,0,0,3.2340964255878335,1106,3468,4833,0.1091590788781123,0.11083175075137852,0.11459520206508107,2029,0,0.1734
18,4626,rx_nao_chest,/home/telilab4090/Documents/Gazebo World/my_world/rt_out/experiments/semantic_ablation_rigid_200f/sionna_xml/frame_018_sionna.xml,30.0,0.0,0.0,2.4,-0.1337,2.748,0.7,28000000000.0,23,1.0787783999433032e-08,6.209720737615498e-08,5.130942337672195e-08,7.236336330151971e-08,-71.40481256221481,-41.404812562214815,cir_coefficients_tau_mask,,"[1, 1, 1, 1, 23, 1]","[1, 1, 23]","[1, 1, 23]","[1, 1, 23]",,True,,23,5.130942337672195e-08,-41.40481298865271,0,0.0,4.264378929974555e-07,0,0,0,0,0,0,0,0,3.2340964255878335,1099,3462,4738,0.10901285896739998,0.11039540755032211,0.11348364087516966,1987,0,0.1731
19,4883,rx_nao_chest,/home/telilab4090/Documents/Gazebo World/my_world/rt_out/experiments/semantic_ablation_rigid_200f/sionna_xml/frame_019_sionna.xml,30.0,0.0,0.0,2.4,-0.1337,2.748,0.7,28000000000.0,24,1.0787783999433032e-08,6.209720737615498e-08,5.130942337672195e-08,7.24924902328894e-08,-71.3970698128202,-41.397069812820206,cir_coefficients_tau_mask,,"[1, 1, 1, 1, 24, 1]","[1, 1, 24]","[1, 1, 24]","[1, 1, 24]",,True,,23,5.130942337672195e-08,-41.404812562214815,1,0.0,0.00774274939460895,1,0,0,0,0,0,0,0,3.2340964255878335,1069,2765,4750,0.10908142131678825,0.11039152073660086,0.11275308867331221,2002,0,0.13825
20,5140,rx_nao_chest,/home/telilab4090/Documents/Gazebo World/my_world/rt_out/experiments/semantic_ablation_rigid_200f/sionna_xml/frame_020_sionna.xml,30.0,0.0,0.0,2.4,-0.1337,2.748,0.7,28000000000.0,22,1.0787783999433032e-08,6.209720737615498e-08,5.130942337672195e-08,7.231477638924844e-08,-71.40772952378627,-41.40772952378627,cir_coefficients_tau_mask,,"[1, 1, 1, 1, 22, 1]","[1, 1, 22]","[1, 1, 22]","[1, 1, 22]",,True,,24,5.130942337672195e-08,-41.397069812820206,-2,0.0,-0.010659710966066882,1,1,0,0,0,0,0,0,3.2340964255878335,1116,2092,4847,0.11042785770875115,0.11155732501888616,0.11913532414974551,2092,0,0.1046
21,5397,rx_nao_chest,/home/telilab4090/Documents/Gazebo World/my_world/rt_out/experiments/semantic_ablation_rigid_200f/sionna_xml/frame_021_sionna.xml,30.0,0.0,0.0,2.4,-0.1337,2.748,0.7,28000000000.0,24,1.0787783999433032e-08,6.209720737615498e-08,5.130942337672195e-08,7.24924902328894e-08,-71.3970698128202,-41.397069812820206,cir_coefficients_tau_mask,,"[1, 1, 1, 1, 24, 1]","[1, 1, 24]","[1, 1, 24]","[1, 1, 24]",,True,,22,5.130942337672195e-08,-41.40772952378627,2,0.0,0.010659710966066882,1,0,0,0,0,0,0,0,3.2340964255878335,1089,2090,4763,0.10983504365184926,0.1104707799125199,0.11332916938799455,2090,0,0.1045
22,5654,rx_nao_chest,/home/telilab4090/Documents/Gazebo World/my_world/rt_out/experiments/semantic_ablation_rigid_200f/sionna_xml/frame_022_sionna.xml,30.0,0.0,0.0,2.4,-0.1337,2.748,0.7,28000000000.0,24,1.0787783999433032e-08,6.209720737615498e-08,5.130942337672195e-08,7.249248312746204e-08,-71.39707023849851,-41.397070238498515,cir_coefficients_tau_mask,,"[1, 1, 1, 1, 24, 1]","[1, 1, 24]","[1, 1, 24]","[1, 1, 24]",,True,,24,5.130942337672195e-08,-41.397069812820206,0,0.0,-4.2567830860207323e-07,0,0,0,0,0,0,0,0,3.2340964255878335,1146,2051,4769,0.10902825088711011,0.1111271240209443,0.11830844640967231,2051,0,0.10255
23,5911,rx_nao_chest,/home/telilab4090/Documents/Gazebo World/my_world/rt_out/experiments/semantic_ablation_rigid_200f/sionna_xml/frame_023_sionna.xml,30.0,0.0,0.0,2.4,-0.1337,2.748,0.7,28000000000.0,24,1.0787783999433032e-08,6.209720737615498e-08,5.130942337672195e-08,7.249248312746204e-08,-71.39707023849851,-41.397070238498515,cir_coefficients_tau_mask,,"[1, 1, 1, 1, 24, 1]","[1, 1, 24]","[1, 1, 24]","[1, 1, 24]",,True,,24,5.130942337672195e-08,-41.397070238498515,0,0.0,0.0,0,0,0,0,0,0,0,0,3.2340964255878335,1084,2048,4834,0.1096154034763314,0.11071903544541259,0.11739907350727635,2048,0,0.1024
24,6168,rx_nao_chest,/home/telilab4090/Documents/Gazebo World/my_world/rt_out/experiments/semantic_ablation_rigid_200f/sionna_xml/frame_024_sionna.xml,30.0,0.0,0.0,2.4,-0.1337,2.748,0.7,28000000000.0,24,1.0787783999433032e-08,6.209720737615498e-08,5.130942337672195e-08,7.24924902328894e-08,-71.3970698128202,-41.397069812820206,cir_coefficients_tau_mask,,"[1, 1, 1, 1, 24, 1]","[1, 1, 24]","[1, 1, 24]","[1, 1, 24]",,True,,24,5.130942337672195e-08,-41.397070238498515,0,0.0,4.2567830860207323e-07,0,0,0,0,0,0,0,0,3.2340964255878335,1095,2063,4840,0.10910037340914384,0.110725587669981,0.11669340702101116,2063,0,0.10315
25,6425,rx_nao_chest,/home/telilab4090/Documents/Gazebo World/my_world/rt_out/experiments/semantic_ablation_rigid_200f/sionna_xml/frame_025_sionna.xml,30.0,0.0,0.0,2.4,-0.1337,2.748,0.7,28000000000.0,24,1.0787783999433032e-08,6.209720737615498e-08,5.130942337672195e-08,7.24924902328894e-08,-71.3970698128202,-41.397069812820206,cir_coefficients_tau_mask,,"[1, 1, 1, 1, 24, 1]","[1, 1, 24]","[1, 1, 24]","[1, 1, 24]",,True,,24,5.130942337672195e-08,-41.397069812820206,0,0.0,0.0,0,0,0,0,0,0,0,0,3.2340964255878335,1036,1995,4560,0.10908142131678825,0.11071587155745824,0.11774218288382383,1995,0,0.09975
26,6682,rx_nao_chest,/home/telilab4090/Documents/Gazebo World/my_world/rt_out/experiments/semantic_ablation_rigid_200f/sionna_xml/frame_026_sionna.xml,30.0,0.0,0.0,2.4,-0.1337,2.748,0.7,28000000000.0,24,1.0787783999433032e-08,6.209720737615498e-08,5.130942337672195e-08,7.24924902328894e-08,-71.3970698128202,-41.397069812820206,cir_coefficients_tau_mask,,"[1, 1, 1, 1, 24, 1]","[1, 1, 24]","[1, 1, 24]","[1, 1, 24]",,True,,24,5.130942337672195e-08,-41.397069812820206,0,0.0,0.0,0,0,0,0,0,0,0,0,3.2340964255878335,1133,2081,4494,0.10901953951675983,0.11057030370664093,0.11336589427808264,2081,0,0.10405
27,6939,rx_nao_chest,/home/telilab4090/Documents/Gazebo World/my_world/rt_out/experiments/semantic_ablation_rigid_200f/sionna_xml/frame_027_sionna.xml,30.0,0.0,0.0,2.4,-0.1337,2.748,0.7,28000000000.0,24,1.0787783999433032e-08,6.209720737615498e-08,5.130942337672195e-08,7.24924902328894e-08,-71.3970698128202,-41.397069812820206,cir_coefficients_tau_mask,,"[1, 1, 1, 1, 24, 1]","[1, 1, 24]","[1, 1, 24]","[1, 1, 24]",,True,,24,5.130942337672195e-08,-41.397069812820206,0,0.0,0.0,0,0,0,0,0,0,0,0,3.2340964255878335,1111,2048,4746,0.10915903912969357,0.11081363403739222,0.11642225692634378,2048,0,0.1024
28,7196,rx_nao_chest,/home/telilab4090/Documents/Gazebo World/my_world/rt_out/experiments/semantic_ablation_rigid_200f/sionna_xml/frame_028_sionna.xml,30.0,0.0,0.0,2.4,-0.1337,2.748,0.7,28000000000.0,24,1.0787783999433032e-08,6.209720737615498e-08,5.130942337672195e-08,7.249248312746204e-08,-71.39707023849851,-41.397070238498515,cir_coefficients_tau_mask,,"[1, 1, 1, 1, 24, 1]","[1, 1, 24]","[1, 1, 24]","[1, 1, 24]",,True,,24,5.130942337672195e-08,-41.397069812820206,0,0.0,-4.2567830860207323e-07,0,0,0,0,0,0,0,0,3.2340964255878335,1106,2065,4808,0.10901953951675983,0.11047892390815324,0.11524081653793478,2065,0,0.10325
29,7453,rx_nao_chest,/home/telilab4090/Documents/Gazebo World/my_world/rt_out/experiments/semantic_ablation_rigid_200f/sionna_xml/frame_029_sionna.xml,30.0,0.0,0.0,2.4,-0.1337,2.748,0.7,28000000000.0,24,1.0787783999433032e-08,6.209720737615498e-08,5.130942337672195e-08,7.24924902328894e-08,-71.3970698128202,-41.397069812820206,cir_coefficients_tau_mask,,"[1, 1, 1, 1, 24, 1]","[1, 1, 24]","[1, 1, 24]","[1, 1, 24]",,True,,24,5.130942337672195e-08,-41.397070238498515,0,0.0,4.2567830860207323e-07,0,0,0,0,0,0,0,0,3.2340964255878335,1095,2054,4791,0.10911155102406693,0.11019589328725474,0.1143657131077412,2054,0,0.1027
30,7710,rx_nao_chest,/home/telilab4090/Documents/Gazebo World/my_world/rt_out/experiments/semantic_ablation_rigid_200f/sionna_xml/frame_030_sionna.xml,30.0,0.0,0.0,2.4,-0.1337,2.748,0.7,28000000000.0,24,1.0787783999433032e-08,6.209720737615498e-08,5.130942337672195e-08,7.249248312746204e-08,-71.39707023849851,-41.397070238498515,cir_coefficients_tau_mask,,"[1, 1, 1, 1, 24, 1]","[1, 1, 24]","[1, 1, 24]","[1, 1, 24]",,True,,24,5.130942337672195e-08,-41.397069812820206,0,0.0,-4.2567830860207323e-07,0,0,0,0,0,0,0,0,3.2340964255878335,1113,2067,4566,0.109204025204562,0.11076563214449524,0.11490657776389711,2067,0,0.10335
31,7967,rx_nao_chest,/home/telilab4090/Documents/Gazebo World/my_world/rt_out/experiments/semantic_ablation_rigid_200f/sionna_xml/frame_031_sionna.xml,30.0,0.0,0.0,2.4,-0.1337,2.748,0.7,28000000000.0,24,1.0787783999433032e-08,6.209720737615498e-08,5.130942337672195e-08,7.249248312746204e-08,-71.39707023849851,-41.397070238498515,cir_coefficients_tau_mask,,"[1, 1, 1, 1, 24, 1]","[1, 1, 24]","[1, 1, 24]","[1, 1, 24]",,True,,24,5.130942337672195e-08,-41.397070238498515,0,0.0,0.0,0,0,0,0,0,0,0,0,3.2340964255878335,1101,2091,4493,0.10967209621910301,0.11064986220807597,0.11516079273709362,2091,0,0.10455
32,8224,rx_nao_chest,/home/telilab4090/Documents/Gazebo World/my_world/rt_out/experiments/semantic_ablation_rigid_200f/sionna_xml/frame_032_sionna.xml,30.0,0.0,0.0,2.4,-0.1337,2.748,0.7,28000000000.0,24,1.0787783999433032e-08,6.209720737615498e-08,5.130942337672195e-08,7.249248312746204e-08,-71.39707023849851,-41.397070238498515,cir_coefficients_tau_mask,,"[1, 1, 1, 1, 24, 1]","[1, 1, 24]","[1, 1, 24]","[1, 1, 24]",,True,,24,5.130942337672195e-08,-41.397070238498515,0,0.0,0.0,0,0,0,0,0,0,0,0,3.2340964255878335,1113,2111,4692,0.10911313780223297,0.11019715944254213,0.11279662342188405,2111,0,0.10555
33,8481,rx_nao_chest,/home/telilab4090/Documents/Gazebo World/my_world/rt_out/experiments/semantic_ablation_rigid_200f/sionna_xml/frame_033_sionna.xml,30.0,0.0,0.0,2.4,-0.1337,2.748,0.7,28000000000.0,24,1.0787783999433032e-08,6.209720737615498e-08,5.130942337672195e-08,7.24924902328894e-08,-71.3970698128202,-41.397069812820206,cir_coefficients_tau_mask,,"[1, 1, 1, 1, 24, 1]","[1, 1, 24]","[1, 1, 24]","[1, 1, 24]",,True,,24,5.130942337672195e-08,-41.397070238498515,0,0.0,4.2567830860207323e-07,0,0,0,0,0,0,0,0,3.2340964255878335,1125,2099,4653,0.10911313780223297,0.11025639707100925,0.11246932213839904,2099,0,0.10495
34,8737,rx_nao_chest,/home/telilab4090/Documents/Gazebo World/my_world/rt_out/experiments/semantic_ablation_rigid_200f/sionna_xml/frame_034_sionna.xml,30.0,0.0,0.0,2.4,-0.1337,2.748,0.7,28000000000.0,24,1.0787783999433032e-08,6.209720737615498e-08,5.130942337672195e-08,7.249248312746204e-08,-71.39707023849851,-41.397070238498515,cir_coefficients_tau_mask,,"[1, 1, 1, 1, 24, 1]","[1, 1, 24]","[1, 1, 24]","[1, 1, 24]",,True,,24,5.130942337672195e-08,-41.397069812820206,0,0.0,-4.2567830860207323e-07,0,0,0,0,0,0,0,0,3.2340964255878335,1121,2085,4652,0.10916453191128232,0.11046981891924838,0.11399583841729254,2085,0,0.10425
35,8994,rx_nao_chest,/home/telilab4090/Documents/Gazebo World/my_world/rt_out/experiments/semantic_ablation_rigid_200f/sionna_xml/frame_035_sionna.xml,30.0,0.0,0.0,2.4,-0.1337,2.748,0.7,28000000000.0,24,1.0787783999433032e-08,6.209720737615498e-08,5.130942337672195e-08,7.249248312746204e-08,-71.39707023849851,-41.397070238498515,cir_coefficients_tau_mask,,"[1, 1, 1, 1, 24, 1]","[1, 1, 24]","[1, 1, 24]","[1, 1, 24]",,True,,24,5.130942337672195e-08,-41.397070238498515,0,0.0,0.0,0,0,0,0,0,0,0,0,3.2340964255878335,1048,1993,4201,0.10950627198857711,0.11112813344777497,0.11851952158933882,1993,0,0.09965
36,9251,rx_nao_chest,/home/telilab4090/Documents/Gazebo World/my_world/rt_out/experiments/semantic_ablation_rigid_200f/sionna_xml/frame_036_sionna.xml,30.0,0.0,0.0,2.4,-0.1337,2.748,0.7,28000000000.0,24,1.0787783999433032e-08,6.209720737615498e-08,5.130942337672195e-08,7.24924902328894e-08,-71.3970698128202,-41.397069812820206,cir_coefficients_tau_mask,,"[1, 1, 1, 1, 24, 1]","[1, 1, 24]","[1, 1, 24]","[1, 1, 24]",,True,,24,5.130942337672195e-08,-41.397070238498515,0,0.0,4.2567830860207323e-07,0,0,0,0,0,0,0,0,3.2340964255878335,1064,2090,4785,0.10902825088711011,0.11070030697772573,0.11754509752026518,2090,0,0.1045
37,9508,rx_nao_chest,/home/telilab4090/Documents/Gazebo World/my_world/rt_out/experiments/semantic_ablation_rigid_200f/sionna_xml/frame_037_sionna.xml,30.0,0.0,0.0,2.4,-0.1337,2.748,0.7,28000000000.0,24,1.0787783999433032e-08,6.209720737615498e-08,5.130942337672195e-08,7.249248312746204e-08,-71.39707023849851,-41.397070238498515,cir_coefficients_tau_mask,,"[1, 1, 1, 1, 24, 1]","[1, 1, 24]","[1, 1, 24]","[1, 1, 24]",,True,,24,5.130942337672195e-08,-41.397069812820206,0,0.0,-4.2567830860207323e-07,0,0,0,0,0,0,0,0,3.2340964255878335,1148,2098,4864,0.10917094681463234,0.11051434580753834,0.11504181900141866,2098,0,0.1049
38,9765,rx_nao_chest,/home/telilab4090/Documents/Gazebo World/my_world/rt_out/experiments/semantic_ablation_rigid_200f/sionna_xml/frame_038_sionna.xml,30.0,0.0,0.0,2.4,-0.1337,2.748,0.7,28000000000.0,24,1.0787783999433032e-08,6.209720737615498e-08,5.130942337672195e-08,7.249248312746204e-08,-71.39707023849851,-41.397070238498515,cir_coefficients_tau_mask,,"[1, 1, 1, 1, 24, 1]","[1, 1, 24]","[1, 1, 24]","[1, 1, 24]",,True,,24,5.130942337672195e-08,-41.397070238498515,0,0.0,0.0,0,0,0,0,0,0,0,0,3.2340964255878335,1062,2051,4659,0.10967209621910301,0.11052584228376357,0.1157644304560077,2051,0,0.10255
39,10022,rx_nao_chest,/home/telilab4090/Documents/Gazebo World/my_world/rt_out/experiments/semantic_ablation_rigid_200f/sionna_xml/frame_039_sionna.xml,30.0,0.0,0.0,2.4,-0.1337,2.748,0.7,28000000000.0,24,1.0787783999433032e-08,6.209720737615498e-08,5.130942337672195e-08,7.249248312746204e-08,-71.39707023849851,-41.397070238498515,cir_coefficients_tau_mask,,"[1, 1, 1, 1, 24, 1]","[1, 1, 24]","[1, 1, 24]","[1, 1, 24]",,True,,24,5.130942337672195e-08,-41.397070238498515,0,0.0,0.0,0,0,0,0,0,0,0,0,3.2340964255878335,1072,1976,2660,0.10971078537306667,0.11060292699894256,0.11564558113025171,1976,0,0.0988
40,10279,rx_nao_chest,/home/telilab4090/Documents/Gazebo World/my_world/rt_out/experiments/semantic_ablation_rigid_200f/sionna_xml/frame_040_sionna.xml,30.0,0.0,0.0,2.4,-0.1337,2.748,0.7,28000000000.0,24,1.0787783999433032e-08,6.209720737615498e-08,5.130942337672195e-08,7.24924902328894e-08,-71.3970698128202,-41.397069812820206,cir_coefficients_tau_mask,,"[1, 1, 1, 1, 24, 1]","[1, 1, 24]","[1, 1, 24]","[1, 1, 24]",,True,,24,5.130942337672195e-08,-41.397070238498515,0,0.0,4.2567830860207323e-07,0,0,0,0,0,0,0,0,3.2340964255878335,1027,1972,2642,0.10902825088711011,0.11053334029683266,0.11461190435516451,1972,0,0.0986
41,10536,rx_nao_chest,/home/telilab4090/Documents/Gazebo World/my_world/rt_out/experiments/semantic_ablation_rigid_200f/sionna_xml/frame_041_sionna.xml,30.0,0.0,0.0,2.4,-0.1337,2.748,0.7,28000000000.0,24,1.0787783999433032e-08,6.209720737615498e-08,5.130942337672195e-08,7.249248312746204e-08,-71.39707023849851,-41.397070238498515,cir_coefficients_tau_mask,,"[1, 1, 1, 1, 24, 1]","[1, 1, 24]","[1, 1, 24]","[1, 1, 24]",,True,,24,5.130942337672195e-08,-41.397069812820206,0,0.0,-4.2567830860207323e-07,0,0,0,0,0,0,0,0,3.2340964255878335,1103,2039,2759,0.10901953951675983,0.1102705968184374,0.11579985911184686,2039,0,0.10195
42,10793,rx_nao_chest,/home/telilab4090/Documents/Gazebo World/my_world/rt_out/experiments/semantic_ablation_rigid_200f/sionna_xml/frame_042_sionna.xml,30.0,0.0,0.0,2.4,-0.1337,2.748,0.7,28000000000.0,24,1.0787783999433032e-08,6.209720737615498e-08,5.130942337672195e-08,7.249247602203468e-08,-71.39707066417687,-41.397070664176866,cir_coefficients_tau_mask,,"[1, 1, 1, 1, 24, 1]","[1, 1, 24]","[1, 1, 24]","[1, 1, 24]",,True,,24,5.130942337672195e-08,-41.397070238498515,0,0.0,-4.256783512346374e-07,0,0,0,0,0,0,0,0,3.2340964255878335,1099,2108,2792,0.10909983340327381,0.11092768902648242,0.1156048096278258,2108,0,0.1054
43,11050,rx_nao_chest,/home/telilab4090/Documents/Gazebo World/my_world/rt_out/experiments/semantic_ablation_rigid_200f/sionna_xml/frame_043_sionna.xml,30.0,0.0,0.0,2.4,-0.1337,2.748,0.7,28000000000.0,24,1.0787783999433032e-08,6.209720737615498e-08,5.130942337672195e-08,7.249248312746204e-08,-71.39707023849851,-41.397070238498515,cir_coefficients_tau_mask,,"[1, 1, 1, 1, 24, 1]","[1, 1, 24]","[1, 1, 24]","[1, 1, 24]",,True,,24,5.130942337672195e-08,-41.397070664176866,0,0.0,4.256783512346374e-07,0,0,0,0,0,0,0,0,3.2340964255878335,1128,2112,2870,0.1092508557091868,0.11044818905691489,0.11549671165895882,2112,0,0.1056
44,11307,rx_nao_chest,/home/telilab4090/Documents/Gazebo World/my_world/rt_out/experiments/semantic_ablation_rigid_200f/sionna_xml/frame_044_sionna.xml,30.0,0.0,0.0,2.4,-0.1337,2.748,0.7,28000000000.0,24,1.0787783999433032e-08,6.209720737615498e-08,5.130942337672195e-08,7.249248312746204e-08,-71.39707023849851,-41.397070238498515,cir_coefficients_tau_mask,,"[1, 1, 1, 1, 24, 1]","[1, 1, 24]","[1, 1, 24]","[1, 1, 24]",,True,,24,5.130942337672195e-08,-41.397070238498515,0,0.0,0.0,0,0,0,0,0,0,0,0,3.2340964255878335,1038,1986,4365,0.109227711364341,0.11168157819946403,0.12039198293035659,1986,0,0.0993
45,11564,rx_nao_chest,/home/telilab4090/Documents/Gazebo World/my_world/rt_out/experiments/semantic_ablation_rigid_200f/sionna_xml/frame_045_sionna.xml,30.0,0.0,0.0,2.4,-0.1337,2.748,0.7,28000000000.0,24,1.0787783999433032e-08,6.209720737615498e-08,5.130942337672195e-08,7.249248312746204e-08,-71.39707023849851,-41.397070238498515,cir_coefficients_tau_mask,,"[1, 1, 1, 1, 24, 1]","[1, 1, 24]","[1, 1, 24]","[1, 1, 24]",,True,,24,5.130942337672195e-08,-41.397070238498515,0,0.0,0.0,0,0,0,0,0,0,0,0,3.2340964255878335,1094,2078,3417,0.10945736061865959,0.11112523634971597,0.12159384064636596,2078,0,0.1039
46,11821,rx_nao_chest,/home/telilab4090/Documents/Gazebo World/my_world/rt_out/experiments/semantic_ablation_rigid_200f/sionna_xml/frame_046_sionna.xml,30.0,0.0,0.0,2.4,-0.1337,2.748,0.7,28000000000.0,24,1.0787783999433032e-08,6.209720737615498e-08,5.130942337672195e-08,7.249248312746204e-08,-71.39707023849851,-41.397070238498515,cir_coefficients_tau_mask,,"[1, 1, 1, 1, 24, 1]","[1, 1, 24]","[1, 1, 24]","[1, 1, 24]",,True,,24,5.130942337672195e-08,-41.397070238498515,0,0.0,0.0,0,0,0,0,0,0,0,0,3.2340964255878335,1092,2068,3450,0.1092508557091868,0.11037824384013004,0.11871497952674324,2068,0,0.1034
47,12078,rx_nao_chest,/home/telilab4090/Documents/Gazebo World/my_world/rt_out/experiments/semantic_ablation_rigid_200f/sionna_xml/frame_047_sionna.xml,30.0,0.0,0.0,2.4,-0.1337,2.748,0.7,28000000000.0,24,1.0787783999433032e-08,6.209720737615498e-08,5.130942337672195e-08,7.249248312746204e-08,-71.39707023849851,-41.397070238498515,cir_coefficients_tau_mask,,"[1, 1, 1, 1, 24, 1]","[1, 1, 24]","[1, 1, 24]","[1, 1, 24]",,True,,24,5.130942337672195e-08,-41.397070238498515,0,0.0,0.0,0,0,0,0,0,0,0,0,3.2340964255878335,1134,2108,3443,0.10911155102406693,0.11044740638407587,0.1145596946587239,2108,0,0.1054
48,12335,rx_nao_chest,/home/telilab4090/Documents/Gazebo World/my_world/rt_out/experiments/semantic_ablation_rigid_200f/sionna_xml/frame_048_sionna.xml,30.0,0.0,0.0,2.4,-0.1337,2.748,0.7,28000000000.0,24,1.0787783999433032e-08,6.209720737615498e-08,5.130942337672195e-08,7.249248312746204e-08,-71.39707023849851,-41.397070238498515,cir_coefficients_tau_mask,,"[1, 1, 1, 1, 24, 1]","[1, 1, 24]","[1, 1, 24]","[1, 1, 24]",,True,,24,5.130942337672195e-08,-41.397070238498515,0,0.0,0.0,0,0,0,0,0,0,0,0,3.2340964255878335,1086,1996,3373,0.1093385875049662,0.11091386219790844,0.11953842949301725,1996,0,0.0998
49,12592,rx_nao_chest,/home/telilab4090/Documents/Gazebo World/my_world/rt_out/experiments/semantic_ablation_rigid_200f/sionna_xml/frame_049_sionna.xml,30.0,0.0,0.0,2.4,-0.1337,2.748,0.7,28000000000.0,24,1.0787783999433032e-08,6.209720737615498e-08,5.130942337672195e-08,7.24924902328894e-08,-71.3970698128202,-41.397069812820206,cir_coefficients_tau_mask,,"[1, 1, 1, 1, 24, 1]","[1, 1, 24]","[1, 1, 24]","[1, 1, 24]",,True,,24,5.130942337672195e-08,-41.397070238498515,0,0.0,4.2567830860207323e-07,0,0,0,0,0,0,0,0,3.2340964255878335,1120,2061,4022,0.10998906967678615,0.11077594598441332,0.11581961307786763,2061,0,0.10305
50,12849,rx_nao_chest,/home/telilab4090/Documents/Gazebo World/my_world/rt_out/experiments/semantic_ablation_rigid_200f/sionna_xml/frame_050_sionna.xml,30.0,0.0,0.0,2.4,-0.1337,2.748,0.7,28000000000.0,24,1.0787783999433032e-08,6.209720737615498e-08,5.130942337672195e-08,7.24924902328894e-08,-71.3970698128202,-41.397069812820206,cir_coefficients_tau_mask,,"[1, 1, 1, 1, 24, 1]","[1, 1, 24]","[1, 1, 24]","[1, 1, 24]",,True,,24,5.130942337672195e-08,-41.397069812820206,0,0.0,0.0,0,0,0,0,0,0,0,0,3.2340964255878335,1097,2068,4695,0.10908076926910024,0.11053863947154999,0.11555823135657327,2068,0,0.1034
51,13106,rx_nao_chest,/home/telilab4090/Documents/Gazebo World/my_world/rt_out/experiments/semantic_ablation_rigid_200f/sionna_xml/frame_051_sionna.xml,30.0,0.0,0.0,2.4,-0.1337,2.748,0.7,28000000000.0,24,1.0787783999433032e-08,6.209720737615498e-08,5.130942337672195e-08,7.24924902328894e-08,-71.3970698128202,-41.397069812820206,cir_coefficients_tau_mask,,"[1, 1, 1, 1, 24, 1]","[1, 1, 24]","[1, 1, 24]","[1, 1, 24]",,True,,24,5.130942337672195e-08,-41.397069812820206,0,0.0,0.0,0,0,0,0,0,0,0,0,3.2340964255878335,1158,2160,4757,0.10901285896739998,0.11019478479628267,0.11659561467530825,2160,0,0.108
52,13363,rx_nao_chest,/home/telilab4090/Documents/Gazebo World/my_world/rt_out/experiments/semantic_ablation_rigid_200f/sionna_xml/frame_052_sionna.xml,30.0,0.0,0.0,2.4,-0.1337,2.748,0.7,28000000000.0,24,1.0787783999433032e-08,6.209720737615498e-08,5.130942337672195e-08,7.249248312746204e-08,-71.39707023849851,-41.397070238498515,cir_coefficients_tau_mask,,"[1, 1, 1, 1, 24, 1]","[1, 1, 24]","[1, 1, 24]","[1, 1, 24]",,True,,24,5.130942337672195e-08,-41.397069812820206,0,0.0,-4.2567830860207323e-07,0,0,0,0,0,0,0,0,3.2340964255878335,1101,1993,4593,0.10911313780223297,0.11074946158620572,0.11507098845331326,1993,0,0.09965
53,13620,rx_nao_chest,/home/telilab4090/Documents/Gazebo World/my_world/rt_out/experiments/semantic_ablation_rigid_200f/sionna_xml/frame_053_sionna.xml,30.0,0.0,0.0,2.4,-0.1337,2.748,0.7,28000000000.0,24,1.0787783999433032e-08,6.209720737615498e-08,5.130942337672195e-08,7.249248312746204e-08,-71.39707023849851,-41.397070238498515,cir_coefficients_tau_mask,,"[1, 1, 1, 1, 24, 1]","[1, 1, 24]","[1, 1, 24]","[1, 1, 24]",,True,,24,5.130942337672195e-08,-41.397070238498515,0,0.0,0.0,0,0,0,0,0,0,0,0,3.2340964255878335,1138,2105,4786,0.10910688212170501,0.11024946320813718,0.11219944918129658,2105,0,0.10525
54,13877,rx_nao_chest,/home/telilab4090/Documents/Gazebo World/my_world/rt_out/experiments/semantic_ablation_rigid_200f/sionna_xml/frame_054_sionna.xml,30.0,0.0,0.0,2.4,-0.1337,2.748,0.7,28000000000.0,24,1.0787783999433032e-08,6.209720737615498e-08,5.130942337672195e-08,7.249248312746204e-08,-71.39707023849851,-41.397070238498515,cir_coefficients_tau_mask,,"[1, 1, 1, 1, 24, 1]","[1, 1, 24]","[1, 1, 24]","[1, 1, 24]",,True,,24,5.130942337672195e-08,-41.397070238498515,0,0.0,0.0,0,0,0,0,0,0,0,0,3.2340964255878335,1149,2137,4924,0.1093299758055522,0.11091957289045899,0.11495139812595875,2137,0,0.10685
55,14134,rx_nao_chest,/home/telilab4090/Documents/Gazebo World/my_world/rt_out/experiments/semantic_ablation_rigid_200f/sionna_xml/frame_055_sionna.xml,30.0,0.0,0.0,2.4,-0.1337,2.748,0.7,28000000000.0,23,1.0787783999433032e-08,6.209720737615498e-08,5.130942337672195e-08,7.244391042604548e-08,-71.39998115086068,-41.39998115086068,cir_coefficients_tau_mask,,"[1, 1, 1, 1, 23, 1]","[1, 1, 23]","[1, 1, 23]","[1, 1, 23]",,True,,24,5.130942337672195e-08,-41.397070238498515,-1,0.0,-0.0029109123621680055,1,1,0,0,0,0,0,0,3.2340964255878335,1095,2045,4853,0.10967209621910301,0.11048723643853846,0.11312403257210958,2045,0,0.10225
56,14391,rx_nao_chest,/home/telilab4090/Documents/Gazebo World/my_world/rt_out/experiments/semantic_ablation_rigid_200f/sionna_xml/frame_056_sionna.xml,30.0,0.0,0.0,2.4,-0.1337,2.748,0.7,28000000000.0,23,1.0787783999433032e-08,6.209720737615498e-08,5.130942337672195e-08,7.236335619609235e-08,-71.40481298865271,-41.40481298865271,cir_coefficients_tau_mask,,"[1, 1, 1, 1, 23, 1]","[1, 1, 23]","[1, 1, 23]","[1, 1, 23]",,True,,23,5.130942337672195e-08,-41.39998115086068,0,0.0,-0.00483183779202534,0,0,0,0,0,0,0,0,3.2340964255878335,1125,2120,4862,0.10952485459083218,0.11055186657971335,0.11641482742605634,2120,0,0.106
57,14648,rx_nao_chest,/home/telilab4090/Documents/Gazebo World/my_world/rt_out/experiments/semantic_ablation_rigid_200f/sionna_xml/frame_057_sionna.xml,30.0,0.0,0.0,2.4,-0.1337,2.748,0.7,28000000000.0,22,1.0787783999433032e-08,6.209720737615498e-08,5.130942337672195e-08,7.231476928382108e-08,-71.40772995051069,-41.407729950510685,cir_coefficients_tau_mask,,"[1, 1, 1, 1, 22, 1]","[1, 1, 22]","[1, 1, 22]","[1, 1, 22]",,True,,23,5.130942337672195e-08,-41.40481298865271,-1,0.0,-0.002916961857977185,1,1,0,0,0,0,0,0,3.2340964255878335,1102,2049,4797,0.10917094681463234,0.1109323397638596,0.1164623197395362,2049,0,0.10245
58,14905,rx_nao_chest,/home/telilab4090/Documents/Gazebo World/my_world/rt_out/experiments/semantic_ablation_rigid_200f/sionna_xml/frame_058_sionna.xml,30.0,0.0,0.0,2.4,-0.1337,2.748,0.7,28000000000.0,22,1.0787783999433032e-08,6.209720737615498e-08,5.130942337672195e-08,7.231476928382108e-08,-71.40772995051069,-41.407729950510685,cir_coefficients_tau_mask,,"[1, 1, 1, 1, 22, 1]","[1, 1, 22]","[1, 1, 22]","[1, 1, 22]",,True,,22,5.130942337672195e-08,-41.407729950510685,0,0.0,0.0,0,0,0,0,0,0,0,0,3.2340964255878335,1127,2098,4852,0.10910037340914384,0.11069428836424208,0.11544697570716905,2098,0,0.1049
59,15162,rx_nao_chest,/home/telilab4090/Documents/Gazebo World/my_world/rt_out/experiments/semantic_ablation_rigid_200f/sionna_xml/frame_059_sionna.xml,30.0,0.0,0.0,2.4,-0.1337,2.748,0.7,28000000000.0,22,1.0787783999433032e-08,6.209720737615498e-08,5.130942337672195e-08,7.231477638924844e-08,-71.40772952378627,-41.40772952378627,cir_coefficients_tau_mask,,"[1, 1, 1, 1, 22, 1]","[1, 1, 22]","[1, 1, 22]","[1, 1, 22]",,True,,22,5.130942337672195e-08,-41.407729950510685,0,0.0,4.267244122502234e-07,0,0,0,0,0,0,0,0,3.2340964255878335,1101,2063,4844,0.10916801115923887,0.11117328775695903,0.12160506843984825,2063,0,0.10315
60,15419,rx_nao_chest,/home/telilab4090/Documents/Gazebo World/my_world/rt_out/experiments/semantic_ablation_rigid_200f/sionna_xml/frame_060_sionna.xml,30.0,0.0,0.0,2.4,-0.1337,2.748,0.7,28000000000.0,22,1.0787783999433032e-08,6.209720737615498e-08,5.130942337672195e-08,7.231477638924844e-08,-71.40772952378627,-41.40772952378627,cir_coefficients_tau_mask,,"[1, 1, 1, 1, 22, 1]","[1, 1, 22]","[1, 1, 22]","[1, 1, 22]",,True,,22,5.130942337672195e-08,-41.40772952378627,0,0.0,0.0,0,0,0,0,0,0,0,0,3.2340964255878335,1120,2079,4903,0.10983504365184926,0.11071537751589713,0.11575049444832447,2079,0,0.10395
61,15676,rx_nao_chest,/home/telilab4090/Documents/Gazebo World/my_world/rt_out/experiments/semantic_ablation_rigid_200f/sionna_xml/frame_061_sionna.xml,30.0,0.0,0.0,2.4,-0.1337,2.748,0.7,28000000000.0,23,1.0787783999433032e-08,6.209720737615498e-08,5.130942337672195e-08,7.236335619609235e-08,-71.40481298865271,-41.40481298865271,cir_coefficients_tau_mask,,"[1, 1, 1, 1, 23, 1]","[1, 1, 23]","[1, 1, 23]","[1, 1, 23]",,True,,22,5.130942337672195e-08,-41.40772952378627,1,0.0,0.0029165351335649348,1,0,0,0,0,0,0,0,3.2340964255878335,1135,2090,4820,0.10978402112115632,0.11052890508133087,0.11494376679295344,2090,0,0.1045
62,15933,rx_nao_chest,/home/telilab4090/Documents/Gazebo World/my_world/rt_out/experiments/semantic_ablation_rigid_200f/sionna_xml/frame_062_sionna.xml,30.0,0.0,0.0,2.4,-0.1337,2.748,0.7,28000000000.0,18,1.0787783999433032e-08,6.209720737615498e-08,5.130942337672195e-08,7.175621874466742e-08,-71.44140454880252,-41.441404548802524,cir_coefficients_tau_mask,,"[1, 1, 1, 1, 18, 1]","[1, 1, 18]","[1, 1, 18]","[1, 1, 18]",,True,,23,5.130942337672195e-08,-41.40481298865271,-5,0.0,-0.036591560149815905,1,1,0,0,0,0,0,0,3.2340964255878335,1156,2103,4852,0.10901953951675983,0.11022153812976787,0.11441485621374246,2103,0,0.10515
63,16190,rx_nao_chest,/home/telilab4090/Documents/Gazebo World/my_world/rt_out/experiments/semantic_ablation_rigid_200f/sionna_xml/frame_063_sionna.xml,30.0,0.0,0.0,2.4,-0.1337,2.748,0.7,28000000000.0,23,1.0787783999433032e-08,6.209720737615498e-08,5.130942337672195e-08,7.244389621519076e-08,-71.39998200278824,-41.399982002788235,cir_coefficients_tau_mask,,"[1, 1, 1, 1, 23, 1]","[1, 1, 23]","[1, 1, 23]","[1, 1, 23]",,True,,18,5.130942337672195e-08,-41.441404548802524,5,0.0,0.04142254601428874,1,0,0,0,0,0,0,0,3.2340964255878335,1088,2092,4938,0.10978402112115632,0.11072752191333338,0.11521456194015597,2092,0,0.1046
64,16447,rx_nao_chest,/home/telilab4090/Documents/Gazebo World/my_world/rt_out/experiments/semantic_ablation_rigid_200f/sionna_xml/frame_064_sionna.xml,30.0,0.0,0.0,2.4,-0.1337,2.748,0.7,28000000000.0,23,1.0787783999433032e-08,6.209720737615498e-08,5.130942337672195e-08,7.244390332061812e-08,-71.39998157682443,-41.39998157682443,cir_coefficients_tau_mask,,"[1, 1, 1, 1, 23, 1]","[1, 1, 23]","[1, 1, 23]","[1, 1, 23]",,True,,23,5.130942337672195e-08,-41.399982002788235,0,0.0,4.2596380467330164e-07,0,0,0,0,0,0,0,0,3.2340964255878335,1050,2062,4793,0.10915903912969357,0.11070143915978384,0.11858605940899203,2062,0,0.1031
65,16704,rx_nao_chest,/home/telilab4090/Documents/Gazebo World/my_world/rt_out/experiments/semantic_ablation_rigid_200f/sionna_xml/frame_065_sionna.xml,30.0,0.0,0.0,2.4,-0.1337,2.748,0.7,28000000000.0,23,1.0787783999433032e-08,6.209720737615498e-08,5.130942337672195e-08,7.244390332061812e-08,-71.39998157682443,-41.39998157682443,cir_coefficients_tau_mask,,"[1, 1, 1, 1, 23, 1]","[1, 1, 23]","[1, 1, 23]","[1, 1, 23]",,True,,23,5.130942337672195e-08,-41.39998157682443,0,0.0,0.0,0,0,0,0,0,0,0,0,3.2340964255878335,1145,2081,4870,0.10901953951675983,0.11031304033650943,0.11302898499599966,2081,0,0.10405
66,16961,rx_nao_chest,/home/telilab4090/Documents/Gazebo World/my_world/rt_out/experiments/semantic_ablation_rigid_200f/sionna_xml/frame_066_sionna.xml,30.0,0.0,0.0,2.4,-0.1337,2.748,0.7,28000000000.0,23,1.0787783999433032e-08,6.209720737615498e-08,5.130942337672195e-08,7.244389621519076e-08,-71.39998200278824,-41.399982002788235,cir_coefficients_tau_mask,,"[1, 1, 1, 1, 23, 1]","[1, 1, 23]","[1, 1, 23]","[1, 1, 23]",,True,,23,5.130942337672195e-08,-41.39998157682443,0,0.0,-4.2596380467330164e-07,0,0,0,0,0,0,0,0,3.2340964255878335,1115,2069,5309,0.11038996334230886,0.11129220390045647,0.11998544900460408,2069,0,0.10345
67,17218,rx_nao_chest,/home/telilab4090/Documents/Gazebo World/my_world/rt_out/experiments/semantic_ablation_rigid_200f/sionna_xml/frame_067_sionna.xml,30.0,0.0,0.0,2.4,-0.1337,2.748,0.7,28000000000.0,23,1.0787783999433032e-08,6.209720737615498e-08,5.130942337672195e-08,7.244390332061812e-08,-71.39998157682443,-41.39998157682443,cir_coefficients_tau_mask,,"[1, 1, 1, 1, 23, 1]","[1, 1, 23]","[1, 1, 23]","[1, 1, 23]",,True,,23,5.130942337672195e-08,-41.399982002788235,0,0.0,4.2596380467330164e-07,0,0,0,0,0,0,0,0,3.2340964255878335,1114,2034,5241,0.10983945789662351,0.11124101645173459,0.1172059927715518,2034,0,0.1017
68,17475,rx_nao_chest,/home/telilab4090/Documents/Gazebo World/my_world/rt_out/experiments/semantic_ablation_rigid_200f/sionna_xml/frame_068_sionna.xml,30.0,0.0,0.0,2.4,-0.1337,2.748,0.7,28000000000.0,24,1.0787783999433032e-08,6.209720737615498e-08,5.130942337672195e-08,7.24924902328894e-08,-71.3970698128202,-41.397069812820206,cir_coefficients_tau_mask,,"[1, 1, 1, 1, 24, 1]","[1, 1, 24]","[1, 1, 24]","[1, 1, 24]",,True,,23,5.130942337672195e-08,-41.39998157682443,1,0.0,0.0029117640042244375,1,0,0,0,0,0,0,0,3.2340964255878335,1076,2424,5118,0.10901953951675983,0.11133070605191368,0.12620616544547675,2068,0,0.1212
69,17732,rx_nao_chest,/home/telilab4090/Documents/Gazebo World/my_world/rt_out/experiments/semantic_ablation_rigid_200f/sionna_xml/frame_069_sionna.xml,30.0,0.0,0.0,2.4,-0.1337,2.748,0.7,28000000000.0,24,1.0787783999433032e-08,6.209720737615498e-08,5.130942337672195e-08,7.249248312746204e-08,-71.39707023849851,-41.397070238498515,cir_coefficients_tau_mask,,"[1, 1, 1, 1, 24, 1]","[1, 1, 24]","[1, 1, 24]","[1, 1, 24]",,True,,24,5.130942337672195e-08,-41.397069812820206,0,0.0,-4.2567830860207323e-07,0,0,0,0,0,0,0,0,3.2340964255878335,1126,2490,5198,0.10955713664771444,0.11126947649688053,0.1178233401181321,2156,0,0.1245
70,17989,rx_nao_chest,/home/telilab4090/Documents/Gazebo World/my_world/rt_out/experiments/semantic_ablation_rigid_200f/sionna_xml/frame_070_sionna.xml,30.0,0.0,0.0,2.4,-0.1337,2.748,0.7,28000000000.0,24,1.0787783999433032e-08,6.209720737615498e-08,5.130942337672195e-08,7.249249733831675e-08,-71.39706938714195,-41.397069387141954,cir_coefficients_tau_mask,,"[1, 1, 1, 1, 24, 1]","[1, 1, 24]","[1, 1, 24]","[1, 1, 24]",,True,,24,5.130942337672195e-08,-41.397070238498515,0,0.0,8.513565603607276e-07,0,0,0,0,0,0,0,0,3.2340964255878335,1093,2410,5135,0.10926893040879078,0.11042765336059909,0.11336954281091302,2079,0,0.1205
71,18246,rx_nao_chest,/home/telilab4090/Documents/Gazebo World/my_world/rt_out/experiments/semantic_ablation_rigid_200f/sionna_xml/frame_071_sionna.xml,30.0,0.0,0.0,2.4,-0.1337,2.748,0.7,28000000000.0,24,1.0787783999433032e-08,6.209720737615498e-08,5.130942337672195e-08,7.249247602203468e-08,-71.39707066417687,-41.397070664176866,cir_coefficients_tau_mask,,"[1, 1, 1, 1, 24, 1]","[1, 1, 24]","[1, 1, 24]","[1, 1, 24]",,True,,24,5.130942337672195e-08,-41.397069387141954,0,0.0,-1.277034911595365e-06,0,0,0,0,0,0,0,0,3.2340964255878335,1150,2125,5215,0.11001023613521636,0.1140807145807603,0.12545279238379214,2125,0,0.10625
72,18503,rx_nao_chest,/home/telilab4090/Documents/Gazebo World/my_world/rt_out/experiments/semantic_ablation_rigid_200f/sionna_xml/frame_072_sionna.xml,30.0,0.0,0.0,2.4,-0.1337,2.748,0.7,28000000000.0,24,1.0787783999433032e-08,6.209720737615498e-08,5.130942337672195e-08,7.24924902328894e-08,-71.3970698128202,-41.397069812820206,cir_coefficients_tau_mask,,"[1, 1, 1, 1, 24, 1]","[1, 1, 24]","[1, 1, 24]","[1, 1, 24]",,True,,24,5.130942337672195e-08,-41.397070664176866,0,0.0,8.513566598367106e-07,0,0,0,0,0,0,0,0,3.2340964255878335,1059,1986,5158,0.109227711364341,0.11098383044151743,0.11596443887470784,1986,0,0.0993
73,18760,rx_nao_chest,/home/telilab4090/Documents/Gazebo World/my_world/rt_out/experiments/semantic_ablation_rigid_200f/sionna_xml/frame_073_sionna.xml,30.0,0.0,0.0,2.4,-0.1337,2.748,0.7,28000000000.0,24,1.0787783999433032e-08,6.209720737615498e-08,5.130942337672195e-08,7.249248312746204e-08,-71.39707023849851,-41.397070238498515,cir_coefficients_tau_mask,,"[1, 1, 1, 1, 24, 1]","[1, 1, 24]","[1, 1, 24]","[1, 1, 24]",,True,,24,5.130942337672195e-08,-41.397069812820206,0,0.0,-4.2567830860207323e-07,0,0,0,0,0,0,0,0,3.2340964255878335,1122,2054,5143,0.10908076926910024,0.110604081725368,0.11761263055664742,2054,0,0.1027
74,19017,rx_nao_chest,/home/telilab4090/Documents/Gazebo World/my_world/rt_out/experiments/semantic_ablation_rigid_200f/sionna_xml/frame_074_sionna.xml,30.0,0.0,0.0,2.4,-0.1337,2.748,0.7,28000000000.0,24,1.0787783999433032e-08,6.209720737615498e-08,5.130942337672195e-08,7.249248312746204e-08,-71.39707023849851,-41.397070238498515,cir_coefficients_tau_mask,,"[1, 1, 1, 1, 24, 1]","[1, 1, 24]","[1, 1, 24]","[1, 1, 24]",,True,,24,5.130942337672195e-08,-41.397070238498515,0,0.0,0.0,0,0,0,0,0,0,0,0,3.2340964255878335,1121,2081,5209,0.10902825088711011,0.11049215392669871,0.11491360338141307,2081,0,0.10405
75,19274,rx_nao_chest,/home/telilab4090/Documents/Gazebo World/my_world/rt_out/experiments/semantic_ablation_rigid_200f/sionna_xml/frame_075_sionna.xml,30.0,0.0,0.0,2.4,-0.1337,2.748,0.7,28000000000.0,24,1.0787783999433032e-08,6.209720737615498e-08,5.130942337672195e-08,7.24924902328894e-08,-71.3970698128202,-41.397069812820206,cir_coefficients_tau_mask,,"[1, 1, 1, 1, 24, 1]","[1, 1, 24]","[1, 1, 24]","[1, 1, 24]",,True,,24,5.130942337672195e-08,-41.397070238498515,0,0.0,4.2567830860207323e-07,0,0,0,0,0,0,0,0,3.2340964255878335,1133,2129,5142,0.10909983340327381,0.11067044146519223,0.11559032038463155,2074,0,0.10645
76,19531,rx_nao_chest,/home/telilab4090/Documents/Gazebo World/my_world/rt_out/experiments/semantic_ablation_rigid_200f/sionna_xml/frame_076_sionna.xml,30.0,0.0,0.0,2.4,-0.1337,2.748,0.7,28000000000.0,24,1.0787783999433032e-08,6.209720737615498e-08,5.130942337672195e-08,7.24924902328894e-08,-71.3970698128202,-41.397069812820206,cir_coefficients_tau_mask,,"[1, 1, 1, 1, 24, 1]","[1, 1, 24]","[1, 1, 24]","[1, 1, 24]",,True,,24,5.130942337672195e-08,-41.397069812820206,0,0.0,0.0,0,0,0,0,0,0,0,0,3.2340964255878335,1396,3665,4878,0.10909983340327381,0.11030584461043347,0.11352108064247199,2075,0,0.18325
77,19788,rx_nao_chest,/home/telilab4090/Documents/Gazebo World/my_world/rt_out/experiments/semantic_ablation_rigid_200f/sionna_xml/frame_077_sionna.xml,30.0,0.0,0.0,2.4,-0.1337,2.748,0.7,28000000000.0,22,1.0787783999433032e-08,6.209720737615498e-08,5.130942337672195e-08,7.231476928382108e-08,-71.40772995051069,-41.407729950510685,cir_coefficients_tau_mask,,"[1, 1, 1, 1, 22, 1]","[1, 1, 22]","[1, 1, 22]","[1, 1, 22]",,True,,24,5.130942337672195e-08,-41.397069812820206,-2,0.0,-0.010660137690479132,1,1,0,0,0,0,0,0,3.2340964255878335,1123,2257,4910,0.10945736061865959,0.11093562521871062,0.1194594949561568,2144,0,0.11285
78,20045,rx_nao_chest,/home/telilab4090/Documents/Gazebo World/my_world/rt_out/experiments/semantic_ablation_rigid_200f/sionna_xml/frame_078_sionna.xml,30.0,0.0,0.0,2.4,-0.1337,2.748,0.7,28000000000.0,23,1.0787783999433032e-08,6.209720737615498e-08,5.130942337672195e-08,7.244390332061812e-08,-71.39998157682443,-41.39998157682443,cir_coefficients_tau_mask,,"[1, 1, 1, 1, 23, 1]","[1, 1, 23]","[1, 1, 23]","[1, 1, 23]",,True,,22,5.130942337672195e-08,-41.407729950510685,1,0.0,0.007748373686254695,1,0,0,0,0,0,0,0,3.2340964255878335,1154,2420,4866,0.1096154034763314,0.11097639186790134,0.11797097068549817,2161,0,0.121
79,20302,rx_nao_chest,/home/telilab4090/Documents/Gazebo World/my_world/rt_out/experiments/semantic_ablation_rigid_200f/sionna_xml/frame_079_sionna.xml,30.0,0.0,0.0,2.4,-0.1337,2.748,0.7,28000000000.0,23,1.0787783999433032e-08,6.209720737615498e-08,5.130942337672195e-08,7.244391042604548e-08,-71.39998115086068,-41.39998115086068,cir_coefficients_tau_mask,,"[1, 1, 1, 1, 23, 1]","[1, 1, 23]","[1, 1, 23]","[1, 1, 23]",,True,,23,5.130942337672195e-08,-41.39998157682443,0,0.0,4.259637478298828e-07,0,0,0,0,0,0,0,0,3.2340964255878335,1103,2410,4882,0.10908076926910024,0.11043200692491026,0.1187398781498673,2107,0,0.1205
80,20559,rx_nao_chest,/home/telilab4090/Documents/Gazebo World/my_world/rt_out/experiments/semantic_ablation_rigid_200f/sionna_xml/frame_080_sionna.xml,30.0,0.0,0.0,2.4,-0.1337,2.748,0.7,28000000000.0,22,1.0787783999433032e-08,6.209720737615498e-08,5.130942337672195e-08,7.231476928382108e-08,-71.40772995051069,-41.407729950510685,cir_coefficients_tau_mask,,"[1, 1, 1, 1, 22, 1]","[1, 1, 22]","[1, 1, 22]","[1, 1, 22]",,True,,23,5.130942337672195e-08,-41.39998115086068,-1,0.0,-0.007748799650002525,1,1,0,0,0,0,0,0,3.2340964255878335,1055,3074,4722,0.10915903912969357,0.11080744278629606,0.11820090021358785,2015,0,0.1537
81,20816,rx_nao_chest,/home/telilab4090/Documents/Gazebo World/my_world/rt_out/experiments/semantic_ablation_rigid_200f/sionna_xml/frame_081_sionna.xml,30.0,0.0,0.0,2.4,-0.1337,2.748,0.7,28000000000.0,24,1.0787783999433032e-08,6.209720737615498e-08,5.130942337672195e-08,7.24924902328894e-08,-71.3970698128202,-41.397069812820206,cir_coefficients_tau_mask,,"[1, 1, 1, 1, 24, 1]","[1, 1, 24]","[1, 1, 24]","[1, 1, 24]",,True,,22,5.130942337672195e-08,-41.407729950510685,2,0.0,0.010660137690479132,1,0,0,0,0,0,0,0,3.2340964255878335,1145,3534,4776,0.10909983340327381,0.11057234308308628,0.11711031778431039,2104,0,0.1767
82,21073,rx_nao_chest,/home/telilab4090/Documents/Gazebo World/my_world/rt_out/experiments/semantic_ablation_rigid_200f/sionna_xml/frame_082_sionna.xml,30.0,0.0,0.0,2.4,-0.1337,2.748,0.7,28000000000.0,24,1.0787783999433032e-08,6.209720737615498e-08,5.130942337672195e-08,7.249248312746204e-08,-71.39707023849851,-41.397070238498515,cir_coefficients_tau_mask,,"[1, 1, 1, 1, 24, 1]","[1, 1, 24]","[1, 1, 24]","[1, 1, 24]",,True,,24,5.130942337672195e-08,-41.397069812820206,0,0.0,-4.2567830860207323e-07,0,0,0,0,0,0,0,0,3.2340964255878335,1051,3339,4774,0.10908144924496863,0.11053311215633424,0.11610381171493163,2019,0,0.16695
83,21330,rx_nao_chest,/home/telilab4090/Documents/Gazebo World/my_world/rt_out/experiments/semantic_ablation_rigid_200f/sionna_xml/frame_083_sionna.xml,30.0,0.0,0.0,2.4,-0.1337,2.748,0.7,28000000000.0,24,1.0787783999433032e-08,6.209720737615498e-08,5.130942337672195e-08,7.249248312746204e-08,-71.39707023849851,-41.397070238498515,cir_coefficients_tau_mask,,"[1, 1, 1, 1, 24, 1]","[1, 1, 24]","[1, 1, 24]","[1, 1, 24]",,True,,24,5.130942337672195e-08,-41.397070238498515,0,0.0,0.0,0,0,0,0,0,0,0,0,3.2340964255878335,1106,3353,4782,0.10909983340327381,0.11052749641175905,0.11511964262634415,2053,0,0.16765
84,21587,rx_nao_chest,/home/telilab4090/Documents/Gazebo World/my_world/rt_out/experiments/semantic_ablation_rigid_200f/sionna_xml/frame_084_sionna.xml,30.0,0.0,0.0,2.4,-0.1337,2.748,0.7,28000000000.0,24,1.0787783999433032e-08,6.209720737615498e-08,5.130942337672195e-08,7.24924902328894e-08,-71.3970698128202,-41.397069812820206,cir_coefficients_tau_mask,,"[1, 1, 1, 1, 24, 1]","[1, 1, 24]","[1, 1, 24]","[1, 1, 24]",,True,,24,5.130942337672195e-08,-41.397070238498515,0,0.0,4.2567830860207323e-07,0,0,0,0,0,0,0,0,3.2340964255878335,1094,3316,4781,0.10945736061865959,0.11111329220717947,0.12278695532206481,2047,0,0.1658
85,21844,rx_nao_chest,/home/telilab4090/Documents/Gazebo World/my_world/rt_out/experiments/semantic_ablation_rigid_200f/sionna_xml/frame_085_sionna.xml,30.0,0.0,0.0,2.4,-0.1337,2.748,0.7,28000000000.0,24,1.0787783999433032e-08,6.209720737615498e-08,5.130942337672195e-08,7.24924902328894e-08,-71.3970698128202,-41.397069812820206,cir_coefficients_tau_mask,,"[1, 1, 1, 1, 24, 1]","[1, 1, 24]","[1, 1, 24]","[1, 1, 24]",,True,,24,5.130942337672195e-08,-41.397069812820206,0,0.0,0.0,0,0,0,0,0,0,0,0,3.2340964255878335,1076,3354,4764,0.10901953951675983,0.11035809857326159,0.11391062698450348,2029,0,0.1677
86,22101,rx_nao_chest,/home/telilab4090/Documents/Gazebo World/my_world/rt_out/experiments/semantic_ablation_rigid_200f/sionna_xml/frame_086_sionna.xml,30.0,0.0,0.0,2.4,-0.1337,2.748,0.7,28000000000.0,24,1.0787783999433032e-08,6.209720737615498e-08,5.130942337672195e-08,7.24924902328894e-08,-71.3970698128202,-41.397069812820206,cir_coefficients_tau_mask,,"[1, 1, 1, 1, 24, 1]","[1, 1, 24]","[1, 1, 24]","[1, 1, 24]",,True,,24,5.130942337672195e-08,-41.397069812820206,0,0.0,0.0,0,0,0,0,0,0,0,0,3.2340964255878335,1117,3422,4759,0.10911313780223297,0.11056120389604676,0.11474353121684523,2074,0,0.1711
87,22358,rx_nao_chest,/home/telilab4090/Documents/Gazebo World/my_world/rt_out/experiments/semantic_ablation_rigid_200f/sionna_xml/frame_087_sionna.xml,30.0,0.0,0.0,2.4,-0.1337,2.748,0.7,28000000000.0,24,1.0787783999433032e-08,6.209720737615498e-08,5.130942337672195e-08,7.24924902328894e-08,-71.3970698128202,-41.397069812820206,cir_coefficients_tau_mask,,"[1, 1, 1, 1, 24, 1]","[1, 1, 24]","[1, 1, 24]","[1, 1, 24]",,True,,24,5.130942337672195e-08,-41.397069812820206,0,0.0,0.0,0,0,0,0,0,0,0,0,3.2340964255878335,1104,3387,4843,0.10902825088711011,0.11029162644094945,0.11464697047592448,2049,0,0.16935
88,22615,rx_nao_chest,/home/telilab4090/Documents/Gazebo World/my_world/rt_out/experiments/semantic_ablation_rigid_200f/sionna_xml/frame_088_sionna.xml,30.0,0.0,0.0,2.4,-0.1337,2.748,0.7,28000000000.0,24,1.0787783999433032e-08,6.209720737615498e-08,5.130942337672195e-08,7.249248312746204e-08,-71.39707023849851,-41.397070238498515,cir_coefficients_tau_mask,,"[1, 1, 1, 1, 24, 1]","[1, 1, 24]","[1, 1, 24]","[1, 1, 24]",,True,,24,5.130942337672195e-08,-41.397069812820206,0,0.0,-4.2567830860207323e-07,0,0,0,0,0,0,0,0,3.2340964255878335,1106,2958,4794,0.10909983340327381,0.11039064657681012,0.11572617358805852,2079,0,0.1479
89,22872,rx_nao_chest,/home/telilab4090/Documents/Gazebo World/my_world/rt_out/experiments/semantic_ablation_rigid_200f/sionna_xml/frame_089_sionna.xml,30.0,0.0,0.0,2.4,-0.1337,2.748,0.7,28000000000.0,23,1.0787783999433032e-08,6.209720737615498e-08,5.130942337672195e-08,7.235285437445782e-08,-71.40544330963414,-41.40544330963414,cir_coefficients_tau_mask,,"[1, 1, 1, 1, 23, 1]","[1, 1, 23]","[1, 1, 23]","[1, 1, 23]",,True,,24,5.130942337672195e-08,-41.397070238498515,-1,0.0,-0.008373071135622467,1,1,0,0,0,0,0,0,3.2340964255878335,1113,3024,4848,0.10967209621910301,0.11040851077206218,0.11465808070874049,2084,0,0.1512
90,23129,rx_nao_chest,/home/telilab4090/Documents/Gazebo World/my_world/rt_out/experiments/semantic_ablation_rigid_200f/sionna_xml/frame_090_sionna.xml,30.0,0.0,0.0,2.4,-0.1337,2.748,0.7,28000000000.0,23,1.0787783999433032e-08,6.209720737615498e-08,5.130942337672195e-08,7.235285437445782e-08,-71.40544330963414,-41.40544330963414,cir_coefficients_tau_mask,,"[1, 1, 1, 1, 23, 1]","[1, 1, 23]","[1, 1, 23]","[1, 1, 23]",,True,,23,5.130942337672195e-08,-41.40544330963414,0,0.0,0.0,0,0,0,0,0,0,0,0,3.2340964255878335,1103,2922,4773,0.10908144924496863,0.11120057495363103,0.11736607106766714,2056,0,0.1461
91,23386,rx_nao_chest,/home/telilab4090/Documents/Gazebo World/my_world/rt_out/experiments/semantic_ablation_rigid_200f/sionna_xml/frame_091_sionna.xml,30.0,0.0,0.0,2.4,-0.1337,2.748,0.7,28000000000.0,23,1.0787783999433032e-08,6.209720737615498e-08,5.130942337672195e-08,7.235285437445782e-08,-71.40544330963414,-41.40544330963414,cir_coefficients_tau_mask,,"[1, 1, 1, 1, 23, 1]","[1, 1, 23]","[1, 1, 23]","[1, 1, 23]",,True,,23,5.130942337672195e-08,-41.40544330963414,0,0.0,0.0,0,0,0,0,0,0,0,0,3.2340964255878335,1146,2948,4817,0.10902825088711011,0.11117994664537045,0.11893008797394494,2110,0,0.1474
92,23643,rx_nao_chest,/home/telilab4090/Documents/Gazebo World/my_world/rt_out/experiments/semantic_ablation_rigid_200f/sionna_xml/frame_092_sionna.xml,30.0,0.0,0.0,2.4,-0.1337,2.748,0.7,28000000000.0,23,1.0787783999433032e-08,6.209720737615498e-08,5.130942337672195e-08,7.235285437445782e-08,-71.40544330963414,-41.40544330963414,cir_coefficients_tau_mask,,"[1, 1, 1, 1, 23, 1]","[1, 1, 23]","[1, 1, 23]","[1, 1, 23]",,True,,23,5.130942337672195e-08,-41.40544330963414,0,0.0,0.0,0,0,0,0,0,0,0,0,3.2340964255878335,1107,2461,4801,0.1091590788781123,0.11059124100103652,0.11594180058452404,2069,0,0.12305
93,23900,rx_nao_chest,/home/telilab4090/Documents/Gazebo World/my_world/rt_out/experiments/semantic_ablation_rigid_200f/sionna_xml/frame_093_sionna.xml,30.0,0.0,0.0,2.4,-0.1337,2.748,0.7,28000000000.0,23,1.0787783999433032e-08,6.209720737615498e-08,5.130942337672195e-08,7.235285437445782e-08,-71.40544330963414,-41.40544330963414,cir_coefficients_tau_mask,,"[1, 1, 1, 1, 23, 1]","[1, 1, 23]","[1, 1, 23]","[1, 1, 23]",,True,,23,5.130942337672195e-08,-41.40544330963414,0,0.0,0.0,0,0,0,0,0,0,0,0,3.2340964255878335,1071,2497,4728,0.10908076926910024,0.11028701209097977,0.1138499593740481,2050,0,0.12485
94,24157,rx_nao_chest,/home/telilab4090/Documents/Gazebo World/my_world/rt_out/experiments/semantic_ablation_rigid_200f/sionna_xml/frame_094_sionna.xml,30.0,0.0,0.0,2.4,-0.1337,2.748,0.7,28000000000.0,23,1.0787783999433032e-08,6.209720737615498e-08,5.130942337672195e-08,7.235285437445782e-08,-71.40544330963414,-41.40544330963414,cir_coefficients_tau_mask,,"[1, 1, 1, 1, 23, 1]","[1, 1, 23]","[1, 1, 23]","[1, 1, 23]",,True,,23,5.130942337672195e-08,-41.40544330963414,0,0.0,0.0,0,0,0,0,0,0,0,0,3.2340964255878335,1069,2370,4741,0.10908144924496863,0.11078522669142954,0.11562669213749562,2065,0,0.1185
95,24414,rx_nao_chest,/home/telilab4090/Documents/Gazebo World/my_world/rt_out/experiments/semantic_ablation_rigid_200f/sionna_xml/frame_095_sionna.xml,30.0,0.0,0.0,2.4,-0.1337,2.748,0.7,28000000000.0,23,1.0787783999433032e-08,6.209720737615498e-08,5.130942337672195e-08,7.235284726903046e-08,-71.40544373613398,-41.405443736133975,cir_coefficients_tau_mask,,"[1, 1, 1, 1, 23, 1]","[1, 1, 23]","[1, 1, 23]","[1, 1, 23]",,True,,23,5.130942337672195e-08,-41.40544330963414,0,0.0,-4.2649983811315906e-07,0,0,0,0,0,0,0,0,3.2340964255878335,1084,2376,4773,0.10901953951675983,0.11059449738452556,0.11571230545234817,2071,0,0.1188
96,24671,rx_nao_chest,/home/telilab4090/Documents/Gazebo World/my_world/rt_out/experiments/semantic_ablation_rigid_200f/sionna_xml/frame_096_sionna.xml,30.0,0.0,0.0,2.4,-0.1337,2.748,0.7,28000000000.0,23,1.0787783999433032e-08,6.209720737615498e-08,5.130942337672195e-08,7.235284726903046e-08,-71.40544373613398,-41.405443736133975,cir_coefficients_tau_mask,,"[1, 1, 1, 1, 23, 1]","[1, 1, 23]","[1, 1, 23]","[1, 1, 23]",,True,,23,5.130942337672195e-08,-41.405443736133975,0,0.0,0.0,0,0,0,0,0,0,0,0,3.2340964255878335,1081,2345,4778,0.10952485459083218,0.11120047866174423,0.11986811175073701,2048,0,0.11725
97,24928,rx_nao_chest,/home/telilab4090/Documents/Gazebo World/my_world/rt_out/experiments/semantic_ablation_rigid_200f/sionna_xml/frame_097_sionna.xml,30.0,0.0,0.0,2.4,-0.1337,2.748,0.7,28000000000.0,23,1.0787783999433032e-08,6.209720737615498e-08,5.130942337672195e-08,7.235285437445782e-08,-71.40544330963414,-41.40544330963414,cir_coefficients_tau_mask,,"[1, 1, 1, 1, 23, 1]","[1, 1, 23]","[1, 1, 23]","[1, 1, 23]",,True,,23,5.130942337672195e-08,-41.405443736133975,0,0.0,4.2649983811315906e-07,0,0,0,0,0,0,0,0,3.2340964255878335,1088,2336,4773,0.10979236635606461,0.11103319209728753,0.11620878092639834,2048,0,0.1168
98,25185,rx_nao_chest,/home/telilab4090/Documents/Gazebo World/my_world/rt_out/experiments/semantic_ablation_rigid_200f/sionna_xml/frame_098_sionna.xml,30.0,0.0,0.0,2.4,-0.1337,2.748,0.7,28000000000.0,23,1.0787783999433032e-08,6.209720737615498e-08,5.130942337672195e-08,7.235285437445782e-08,-71.40544330963414,-41.40544330963414,cir_coefficients_tau_mask,,"[1, 1, 1, 1, 23, 1]","[1, 1, 23]","[1, 1, 23]","[1, 1, 23]",,True,,23,5.130942337672195e-08,-41.40544330963414,0,0.0,0.0,0,0,0,0,0,0,0,0,3.2340964255878335,1109,2228,4719,0.10908142131678825,0.11045825943871138,0.11379496424708531,2103,0,0.1114
99,25442,rx_nao_chest,/home/telilab4090/Documents/Gazebo World/my_world/rt_out/experiments/semantic_ablation_rigid_200f/sionna_xml/frame_099_sionna.xml,30.0,0.0,0.0,2.4,-0.1337,2.748,0.7,28000000000.0,23,1.0787783999433032e-08,6.209720737615498e-08,5.130942337672195e-08,7.235284726903046e-08,-71.40544373613398,-41.405443736133975,cir_coefficients_tau_mask,,"[1, 1, 1, 1, 23, 1]","[1, 1, 23]","[1, 1, 23]","[1, 1, 23]",,True,,23,5.130942337672195e-08,-41.40544330963414,0,0.0,-4.2649983811315906e-07,0,0,0,0,0,0,0,0,3.2340964255878335,1076,2240,4718,0.10958952100359404,0.11080099512956358,0.1171097371118392,2029,0,0.112
100,25698,rx_nao_chest,/home/telilab4090/Documents/Gazebo World/my_world/rt_out/experiments/semantic_ablation_rigid_200f/sionna_xml/frame_100_sionna.xml,30.0,0.0,0.0,2.4,-0.1337,2.748,0.7,28000000000.0,24,1.0787783999433032e-08,6.209720737615498e-08,5.130942337672195e-08,7.26618338831031e-08,-71.38693645349419,-41.38693645349419,cir_coefficients_tau_mask,,"[1, 1, 1, 1, 24, 1]","[1, 1, 24]","[1, 1, 24]","[1, 1, 24]",,True,,23,5.130942337672195e-08,-41.405443736133975,1,0.0,0.018507282639788514,1,0,0,0,0,0,0,0,3.2340964255878335,1120,2311,4827,0.10908144924496863,0.11042286688290201,0.11396575843674263,2129,0,0.11555
101,25955,rx_nao_chest,/home/telilab4090/Documents/Gazebo World/my_world/rt_out/experiments/semantic_ablation_rigid_200f/sionna_xml/frame_101_sionna.xml,30.0,0.0,0.0,2.4,-0.1337,2.748,0.7,28000000000.0,24,1.0787783999433032e-08,6.209720737615498e-08,5.130942337672195e-08,7.249248312746204e-08,-71.39707023849851,-41.397070238498515,cir_coefficients_tau_mask,,"[1, 1, 1, 1, 24, 1]","[1, 1, 24]","[1, 1, 24]","[1, 1, 24]",,True,,24,5.130942337672195e-08,-41.38693645349419,0,0.0,-0.010133785004327933,0,0,0,0,0,0,0,0,3.2340964255878335,1098,2185,4674,0.10901953951675983,0.11033159429237904,0.11471025208387556,2011,0,0.10925
102,26212,rx_nao_chest,/home/telilab4090/Documents/Gazebo World/my_world/rt_out/experiments/semantic_ablation_rigid_200f/sionna_xml/frame_102_sionna.xml,30.0,0.0,0.0,2.4,-0.1337,2.748,0.7,28000000000.0,24,1.0787783999433032e-08,6.209720737615498e-08,5.130942337672195e-08,7.24924902328894e-08,-71.3970698128202,-41.397069812820206,cir_coefficients_tau_mask,,"[1, 1, 1, 1, 24, 1]","[1, 1, 24]","[1, 1, 24]","[1, 1, 24]",,True,,24,5.130942337672195e-08,-41.397070238498515,0,0.0,4.2567830860207323e-07,0,0,0,0,0,0,0,0,3.2340964255878335,1116,2336,4847,0.10908076926910024,0.11085029293629226,0.11538705501953077,2117,0,0.1168
103,26469,rx_nao_chest,/home/telilab4090/Documents/Gazebo World/my_world/rt_out/experiments/semantic_ablation_rigid_200f/sionna_xml/frame_103_sionna.xml,30.0,0.0,0.0,2.4,-0.1337,2.748,0.7,28000000000.0,24,1.0787783999433032e-08,6.209720737615498e-08,5.130942337672195e-08,7.249248312746204e-08,-71.39707023849851,-41.397070238498515,cir_coefficients_tau_mask,,"[1, 1, 1, 1, 24, 1]","[1, 1, 24]","[1, 1, 24]","[1, 1, 24]",,True,,24,5.130942337672195e-08,-41.397069812820206,0,0.0,-4.2567830860207323e-07,0,0,0,0,0,0,0,0,3.2340964255878335,1146,2310,4787,0.10911155102406693,0.1103024193479744,0.11785760273845533,2094,0,0.1155
104,26726,rx_nao_chest,/home/telilab4090/Documents/Gazebo World/my_world/rt_out/experiments/semantic_ablation_rigid_200f/sionna_xml/frame_104_sionna.xml,30.0,0.0,0.0,2.4,-0.1337,2.748,0.7,28000000000.0,24,1.0787783999433032e-08,6.209720737615498e-08,5.130942337672195e-08,7.24924902328894e-08,-71.3970698128202,-41.397069812820206,cir_coefficients_tau_mask,,"[1, 1, 1, 1, 24, 1]","[1, 1, 24]","[1, 1, 24]","[1, 1, 24]",,True,,24,5.130942337672195e-08,-41.397070238498515,0,0.0,4.2567830860207323e-07,0,0,0,0,0,0,0,0,3.2340964255878335,1060,2210,4718,0.10916453191128232,0.11141000844201569,0.12461457821453967,1981,0,0.1105
105,26983,rx_nao_chest,/home/telilab4090/Documents/Gazebo World/my_world/rt_out/experiments/semantic_ablation_rigid_200f/sionna_xml/frame_105_sionna.xml,30.0,0.0,0.0,2.4,-0.1337,2.748,0.7,28000000000.0,24,1.0787783999433032e-08,6.209720737615498e-08,5.130942337672195e-08,7.24924902328894e-08,-71.3970698128202,-41.397069812820206,cir_coefficients_tau_mask,,"[1, 1, 1, 1, 24, 1]","[1, 1, 24]","[1, 1, 24]","[1, 1, 24]",,True,,24,5.130942337672195e-08,-41.397069812820206,0,0.0,0.0,0,0,0,0,0,0,0,0,3.2340964255878335,1124,2222,4822,0.10952485459083218,0.11054046607416135,0.11446428030075011,2135,0,0.1111
106,27240,rx_nao_chest,/home/telilab4090/Documents/Gazebo World/my_world/rt_out/experiments/semantic_ablation_rigid_200f/sionna_xml/frame_106_sionna.xml,30.0,0.0,0.0,2.4,-0.1337,2.748,0.7,28000000000.0,24,1.0787783999433032e-08,6.209720737615498e-08,5.130942337672195e-08,7.249248312746204e-08,-71.39707023849851,-41.397070238498515,cir_coefficients_tau_mask,,"[1, 1, 1, 1, 24, 1]","[1, 1, 24]","[1, 1, 24]","[1, 1, 24]",,True,,24,5.130942337672195e-08,-41.397069812820206,0,0.0,-4.2567830860207323e-07,0,0,0,0,0,0,0,0,3.2340964255878335,1051,2072,4789,0.10979236635606461,0.11072239876455511,0.11624172425356878,2003,0,0.1036
107,27497,rx_nao_chest,/home/telilab4090/Documents/Gazebo World/my_world/rt_out/experiments/semantic_ablation_rigid_200f/sionna_xml/frame_107_sionna.xml,30.0,0.0,0.0,2.4,-0.1337,2.748,0.7,28000000000.0,23,1.0787783999433032e-08,6.209720737615498e-08,5.130942337672195e-08,7.235285437445782e-08,-71.40544330963414,-41.40544330963414,cir_coefficients_tau_mask,,"[1, 1, 1, 1, 23, 1]","[1, 1, 23]","[1, 1, 23]","[1, 1, 23]",,True,,24,5.130942337672195e-08,-41.397070238498515,-1,0.0,-0.008373071135622467,1,1,0,0,0,0,0,0,3.2340964255878335,1103,2085,4792,0.1101582558604733,0.11114311767805558,0.11871673605393704,2027,0,0.10425
108,27754,rx_nao_chest,/home/telilab4090/Documents/Gazebo World/my_world/rt_out/experiments/semantic_ablation_rigid_200f/sionna_xml/frame_108_sionna.xml,30.0,0.0,0.0,2.4,-0.1337,2.748,0.7,28000000000.0,20,1.0787783999433032e-08,6.209720737615498e-08,5.130942337672195e-08,7.193393969373574e-08,-71.43066153512711,-41.430661535127115,cir_coefficients_tau_mask,,"[1, 1, 1, 1, 20, 1]","[1, 1, 20]","[1, 1, 20]","[1, 1, 20]",,True,,23,5.130942337672195e-08,-41.40544330963414,-3,0.0,-0.025218225492977808,1,1,0,0,0,0,0,0,3.2340964255878335,1076,2187,4854,0.10951927330382809,0.1106716114949828,0.11659960691668082,2075,0,0.10935
109,28011,rx_nao_chest,/home/telilab4090/Documents/Gazebo World/my_world/rt_out/experiments/semantic_ablation_rigid_200f/sionna_xml/frame_109_sionna.xml,30.0,0.0,0.0,2.4,-0.1337,2.748,0.7,28000000000.0,24,1.0787783999433032e-08,6.209720737615498e-08,5.130942337672195e-08,7.249248312746204e-08,-71.39707023849851,-41.397070238498515,cir_coefficients_tau_mask,,"[1, 1, 1, 1, 24, 1]","[1, 1, 24]","[1, 1, 24]","[1, 1, 24]",,True,,20,5.130942337672195e-08,-41.430661535127115,4,0.0,0.033591296628600276,1,0,0,0,0,0,0,0,3.2340964255878335,1111,3366,4983,0.10910688212170501,0.11141491728291782,0.12306127692846802,2086,0,0.1683
110,28268,rx_nao_chest,/home/telilab4090/Documents/Gazebo World/my_world/rt_out/experiments/semantic_ablation_rigid_200f/sionna_xml/frame_110_sionna.xml,30.0,0.0,0.0,2.4,-0.1337,2.748,0.7,28000000000.0,24,1.0787783999433032e-08,6.209720737615498e-08,5.130942337672195e-08,7.24924902328894e-08,-71.3970698128202,-41.397069812820206,cir_coefficients_tau_mask,,"[1, 1, 1, 1, 24, 1]","[1, 1, 24]","[1, 1, 24]","[1, 1, 24]",,True,,24,5.130942337672195e-08,-41.397070238498515,0,0.0,4.2567830860207323e-07,0,0,0,0,0,0,0,0,3.2340964255878335,1055,2483,5167,0.10908076926910024,0.1104465666772686,0.11590587298413098,2062,0,0.12415
111,28525,rx_nao_chest,/home/telilab4090/Documents/Gazebo World/my_world/rt_out/experiments/semantic_ablation_rigid_200f/sionna_xml/frame_111_sionna.xml,30.0,0.0,0.0,2.4,-0.1337,2.748,0.7,28000000000.0,24,1.0787783999433032e-08,6.209720737615498e-08,5.130942337672195e-08,7.249248312746204e-08,-71.39707023849851,-41.397070238498515,cir_coefficients_tau_mask,,"[1, 1, 1, 1, 24, 1]","[1, 1, 24]","[1, 1, 24]","[1, 1, 24]",,True,,24,5.130942337672195e-08,-41.397069812820206,0,0.0,-4.2567830860207323e-07,0,0,0,0,0,0,0,0,3.2340964255878335,1079,2027,5024,0.10910037340914384,0.1111972646240678,0.11731549674829633,2027,0,0.10135
112,28782,rx_nao_chest,/home/telilab4090/Documents/Gazebo World/my_world/rt_out/experiments/semantic_ablation_rigid_200f/sionna_xml/frame_112_sionna.xml,30.0,0.0,0.0,2.4,-0.1337,2.748,0.7,28000000000.0,24,1.0787783999433032e-08,6.209720737615498e-08,5.130942337672195e-08,7.24924902328894e-08,-71.3970698128202,-41.397069812820206,cir_coefficients_tau_mask,,"[1, 1, 1, 1, 24, 1]","[1, 1, 24]","[1, 1, 24]","[1, 1, 24]",,True,,24,5.130942337672195e-08,-41.397070238498515,0,0.0,4.2567830860207323e-07,0,0,0,0,0,0,0,0,3.2340964255878335,1112,2090,5099,0.10901953951675983,0.11055832696283427,0.11472368798306799,2090,0,0.1045
113,29039,rx_nao_chest,/home/telilab4090/Documents/Gazebo World/my_world/rt_out/experiments/semantic_ablation_rigid_200f/sionna_xml/frame_113_sionna.xml,30.0,0.0,0.0,2.4,-0.1337,2.748,0.7,28000000000.0,24,1.0787783999433032e-08,6.209720737615498e-08,5.130942337672195e-08,7.249248312746204e-08,-71.39707023849851,-41.397070238498515,cir_coefficients_tau_mask,,"[1, 1, 1, 1, 24, 1]","[1, 1, 24]","[1, 1, 24]","[1, 1, 24]",,True,,24,5.130942337672195e-08,-41.397069812820206,0,0.0,-4.2567830860207323e-07,0,0,0,0,0,0,0,0,3.2340964255878335,1109,2057,5150,0.1091590788781123,0.11064675512972191,0.11471999525040641,2057,0,0.10285
114,29296,rx_nao_chest,/home/telilab4090/Documents/Gazebo World/my_world/rt_out/experiments/semantic_ablation_rigid_200f/sionna_xml/frame_114_sionna.xml,30.0,0.0,0.0,2.4,-0.1337,2.748,0.7,28000000000.0,24,1.0787783999433032e-08,6.209720737615498e-08,5.130942337672195e-08,7.249248312746204e-08,-71.39707023849851,-41.397070238498515,cir_coefficients_tau_mask,,"[1, 1, 1, 1, 24, 1]","[1, 1, 24]","[1, 1, 24]","[1, 1, 24]",,True,,24,5.130942337672195e-08,-41.397070238498515,0,0.0,0.0,0,0,0,0,0,0,0,0,3.2340964255878335,1110,2229,5087,0.10917094681463234,0.11041985636341096,0.11484938797748717,2085,0,0.11145
115,29553,rx_nao_chest,/home/telilab4090/Documents/Gazebo World/my_world/rt_out/experiments/semantic_ablation_rigid_200f/sionna_xml/frame_115_sionna.xml,30.0,0.0,0.0,2.4,-0.1337,2.748,0.7,28000000000.0,24,1.0787783999433032e-08,6.209720737615498e-08,5.130942337672195e-08,7.249249733831675e-08,-71.39706938714195,-41.397069387141954,cir_coefficients_tau_mask,,"[1, 1, 1, 1, 24, 1]","[1, 1, 24]","[1, 1, 24]","[1, 1, 24]",,True,,24,5.130942337672195e-08,-41.397070238498515,0,0.0,8.513565603607276e-07,0,0,0,0,0,0,0,0,3.2340964255878335,1100,2271,5038,0.10958952100359404,0.11062358755778352,0.11752011371471129,2071,0,0.11355
116,29810,rx_nao_chest,/home/telilab4090/Documents/Gazebo World/my_world/rt_out/experiments/semantic_ablation_rigid_200f/sionna_xml/frame_116_sionna.xml,30.0,0.0,0.0,2.4,-0.1337,2.748,0.7,28000000000.0,24,1.0787783999433032e-08,6.209720737615498e-08,5.130942337672195e-08,7.249248312746204e-08,-71.39707023849851,-41.397070238498515,cir_coefficients_tau_mask,,"[1, 1, 1, 1, 24, 1]","[1, 1, 24]","[1, 1, 24]","[1, 1, 24]",,True,,24,5.130942337672195e-08,-41.397069387141954,0,0.0,-8.513565603607276e-07,0,0,0,0,0,0,0,0,3.2340964255878335,1172,2588,5045,0.10911155102406693,0.11046322223374232,0.11780991822372025,2155,0,0.1294
117,30067,rx_nao_chest,/home/telilab4090/Documents/Gazebo World/my_world/rt_out/experiments/semantic_ablation_rigid_200f/sionna_xml/frame_117_sionna.xml,30.0,0.0,0.0,2.4,-0.1337,2.748,0.7,28000000000.0,24,1.0787783999433032e-08,6.209720737615498e-08,5.130942337672195e-08,7.249248312746204e-08,-71.39707023849851,-41.397070238498515,cir_coefficients_tau_mask,,"[1, 1, 1, 1, 24, 1]","[1, 1, 24]","[1, 1, 24]","[1, 1, 24]",,True,,24,5.130942337672195e-08,-41.397070238498515,0,0.0,0.0,0,0,0,0,0,0,0,0,3.2340964255878335,1098,2528,4989,0.10908076926910024,0.11039367032979538,0.11484819940098412,2064,0,0.1264
118,30324,rx_nao_chest,/home/telilab4090/Documents/Gazebo World/my_world/rt_out/experiments/semantic_ablation_rigid_200f/sionna_xml/frame_118_sionna.xml,30.0,0.0,0.0,2.4,-0.1337,2.748,0.7,28000000000.0,24,1.0787783999433032e-08,6.209720737615498e-08,5.130942337672195e-08,7.24924902328894e-08,-71.3970698128202,-41.397069812820206,cir_coefficients_tau_mask,,"[1, 1, 1, 1, 24, 1]","[1, 1, 24]","[1, 1, 24]","[1, 1, 24]",,True,,24,5.130942337672195e-08,-41.397070238498515,0,0.0,4.2567830860207323e-07,0,0,0,0,0,0,0,0,3.2340964255878335,1211,2572,5373,0.1093299758055522,0.11042709232744455,0.11469954886349103,2131,0,0.1286
119,30581,rx_nao_chest,/home/telilab4090/Documents/Gazebo World/my_world/rt_out/experiments/semantic_ablation_rigid_200f/sionna_xml/frame_119_sionna.xml,30.0,0.0,0.0,2.4,-0.1337,2.748,0.7,28000000000.0,24,1.0787783999433032e-08,6.209720737615498e-08,5.130942337672195e-08,7.24924902328894e-08,-71.3970698128202,-41.397069812820206,cir_coefficients_tau_mask,,"[1, 1, 1, 1, 24, 1]","[1, 1, 24]","[1, 1, 24]","[1, 1, 24]",,True,,24,5.130942337672195e-08,-41.397069812820206,0,0.0,0.0,0,0,0,0,0,0,0,0,3.2340964255878335,1156,2623,4857,0.10902825088711011,0.11080549462099543,0.11742296151310759,2132,0,0.13115
120,30838,rx_nao_chest,/home/telilab4090/Documents/Gazebo World/my_world/rt_out/experiments/semantic_ablation_rigid_200f/sionna_xml/frame_120_sionna.xml,30.0,0.0,0.0,2.4,-0.1337,2.748,0.7,28000000000.0,20,1.0787783999433032e-08,6.209720737615498e-08,5.130942337672195e-08,7.193393969373574e-08,-71.43066153512711,-41.430661535127115,cir_coefficients_tau_mask,,"[1, 1, 1, 1, 20, 1]","[1, 1, 20]","[1, 1, 20]","[1, 1, 20]",,True,,24,5.130942337672195e-08,-41.397069812820206,-4,0.0,-0.03359172230690888,1,1,0,0,0,0,0,0,3.2340964255878335,1112,2366,4828,0.10908076926910024,0.11057229663670723,0.11546803970674958,2119,0,0.1183
121,31095,rx_nao_chest,/home/telilab4090/Documents/Gazebo World/my_world/rt_out/experiments/semantic_ablation_rigid_200f/sionna_xml/frame_121_sionna.xml,30.0,0.0,0.0,2.4,-0.1337,2.748,0.7,28000000000.0,23,1.0787783999433032e-08,6.209720737615498e-08,5.130942337672195e-08,7.2363349090665e-08,-71.40481341509064,-41.40481341509064,cir_coefficients_tau_mask,,"[1, 1, 1, 1, 23, 1]","[1, 1, 23]","[1, 1, 23]","[1, 1, 23]",,True,,20,5.130942337672195e-08,-41.430661535127115,3,0.0,0.0258481200364713,1,0,0,0,0,0,0,0,3.2340964255878335,1062,2059,4825,0.10911313780223297,0.11105571275693918,0.11838687786332391,2034,0,0.10295
122,31352,rx_nao_chest,/home/telilab4090/Documents/Gazebo World/my_world/rt_out/experiments/semantic_ablation_rigid_200f/sionna_xml/frame_122_sionna.xml,30.0,0.0,0.0,2.4,-0.1337,2.748,0.7,28000000000.0,23,1.0787783999433032e-08,6.209720737615498e-08,5.130942337672195e-08,7.244391042604548e-08,-71.39998115086068,-41.39998115086068,cir_coefficients_tau_mask,,"[1, 1, 1, 1, 23, 1]","[1, 1, 23]","[1, 1, 23]","[1, 1, 23]",,True,,23,5.130942337672195e-08,-41.40481341509064,0,0.0,0.00483226422996097,0,0,0,0,0,0,0,0,3.2340964255878335,1079,2476,4791,0.10917094681463234,0.11112372154808543,0.1154589942363369,2053,0,0.1238
123,31609,rx_nao_chest,/home/telilab4090/Documents/Gazebo World/my_world/rt_out/experiments/semantic_ablation_rigid_200f/sionna_xml/frame_123_sionna.xml,30.0,0.0,0.0,2.4,-0.1337,2.748,0.7,28000000000.0,22,1.0787783999433032e-08,6.209720737615498e-08,5.130942337672195e-08,7.231477638924844e-08,-71.40772952378627,-41.40772952378627,cir_coefficients_tau_mask,,"[1, 1, 1, 1, 22, 1]","[1, 1, 22]","[1, 1, 22]","[1, 1, 22]",,True,,23,5.130942337672195e-08,-41.39998115086068,-1,0.0,-0.0077483729255902745,1,1,0,0,0,0,0,0,3.2340964255878335,1056,2428,4822,0.10901953951675983,0.11059086760628019,0.11431715345428366,2029,0,0.1214
124,31866,rx_nao_chest,/home/telilab4090/Documents/Gazebo World/my_world/rt_out/experiments/semantic_ablation_rigid_200f/sionna_xml/frame_124_sionna.xml,30.0,0.0,0.0,2.4,-0.1337,2.748,0.7,28000000000.0,22,1.0787783999433032e-08,6.209720737615498e-08,5.130942337672195e-08,7.231476217839372e-08,-71.40773037723514,-41.40773037723514,cir_coefficients_tau_mask,,"[1, 1, 1, 1, 22, 1]","[1, 1, 22]","[1, 1, 22]","[1, 1, 22]",,True,,22,5.130942337672195e-08,-41.40772952378627,0,0.0,-8.534488671330109e-07,0,0,0,0,0,0,0,0,3.2340964255878335,1142,2401,4726,0.10910688212170501,0.11051000639794566,0.11778502778802308,2034,0,0.12005
125,32123,rx_nao_chest,/home/telilab4090/Documents/Gazebo World/my_world/rt_out/experiments/semantic_ablation_rigid_200f/sionna_xml/frame_125_sionna.xml,30.0,0.0,0.0,2.4,-0.1337,2.748,0.7,28000000000.0,21,1.0787783999433032e-08,6.209720737615498e-08,5.130942337672195e-08,7.217514053081686e-08,-71.41612361840052,-41.41612361840052,cir_coefficients_tau_mask,,"[1, 1, 1, 1, 21, 1]","[1, 1, 21]","[1, 1, 21]","[1, 1, 21]",,True,,22,5.130942337672195e-08,-41.40773037723514,-1,0.0,-0.008393241165379095,1,1,0,0,0,0,0,0,3.2340964255878335,1094,2435,4899,0.10926893040879078,0.11053176624572417,0.11732285128055281,2069,0,0.12175
126,32380,rx_nao_chest,/home/telilab4090/Documents/Gazebo World/my_world/rt_out/experiments/semantic_ablation_rigid_200f/sionna_xml/frame_126_sionna.xml,30.0,0.0,0.0,2.4,-0.1337,2.748,0.7,28000000000.0,22,1.0787783999433032e-08,6.209720737615498e-08,5.130942337672195e-08,7.230426746218654e-08,-71.4083606950235,-41.408360695023504,cir_coefficients_tau_mask,,"[1, 1, 1, 1, 22, 1]","[1, 1, 22]","[1, 1, 22]","[1, 1, 22]",,True,,21,5.130942337672195e-08,-41.41612361840052,1,0.0,0.0077629233770153405,1,0,0,0,0,0,0,0,3.2340964255878335,1095,2098,4835,0.10926893040879078,0.11068054040269493,0.1160406119423477,2098,0,0.1049
127,32637,rx_nao_chest,/home/telilab4090/Documents/Gazebo World/my_world/rt_out/experiments/semantic_ablation_rigid_200f/sionna_xml/frame_127_sionna.xml,30.0,0.0,0.0,2.4,-0.1337,2.748,0.7,28000000000.0,22,1.0787783999433032e-08,6.209720737615498e-08,5.130942337672195e-08,7.231477638924844e-08,-71.40772952378627,-41.40772952378627,cir_coefficients_tau_mask,,"[1, 1, 1, 1, 22, 1]","[1, 1, 22]","[1, 1, 22]","[1, 1, 22]",,True,,22,5.130942337672195e-08,-41.408360695023504,0,0.0,0.0006311712372308875,0,0,0,0,0,0,0,0,3.2340964255878335,1145,2118,4811,0.10908144924496863,0.10995896354842916,0.11297294257705942,2118,0,0.1059
128,32894,rx_nao_chest,/home/telilab4090/Documents/Gazebo World/my_world/rt_out/experiments/semantic_ablation_rigid_200f/sionna_xml/frame_128_sionna.xml,30.0,0.0,0.0,2.4,-0.1337,2.748,0.7,28000000000.0,24,1.0787783999433032e-08,6.209720737615498e-08,5.130942337672195e-08,7.24924902328894e-08,-71.3970698128202,-41.397069812820206,cir_coefficients_tau_mask,,"[1, 1, 1, 1, 24, 1]","[1, 1, 24]","[1, 1, 24]","[1, 1, 24]",,True,,22,5.130942337672195e-08,-41.40772952378627,2,0.0,0.010659710966066882,1,0,0,0,0,0,0,0,3.2340964255878335,1119,2446,5198,0.10901285896739998,0.11079603119507761,0.11690572075057838,2055,0,0.1223
129,33151,rx_nao_chest,/home/telilab4090/Documents/Gazebo World/my_world/rt_out/experiments/semantic_ablation_rigid_200f/sionna_xml/frame_129_sionna.xml,30.0,0.0,0.0,2.4,-0.1337,2.748,0.7,28000000000.0,24,1.0787783999433032e-08,6.209720737615498e-08,5.130942337672195e-08,7.24924902328894e-08,-71.3970698128202,-41.397069812820206,cir_coefficients_tau_mask,,"[1, 1, 1, 1, 24, 1]","[1, 1, 24]","[1, 1, 24]","[1, 1, 24]",,True,,24,5.130942337672195e-08,-41.397069812820206,0,0.0,0.0,0,0,0,0,0,0,0,0,3.2340964255878335,1084,2482,5150,0.10901285896739998,0.11044558819057418,0.11477463280884749,2111,0,0.1241
130,33408,rx_nao_chest,/home/telilab4090/Documents/Gazebo World/my_world/rt_out/experiments/semantic_ablation_rigid_200f/sionna_xml/frame_130_sionna.xml,30.0,0.0,0.0,2.4,-0.1337,2.748,0.7,28000000000.0,24,1.0787783999433032e-08,6.209720737615498e-08,5.130942337672195e-08,7.24924902328894e-08,-71.3970698128202,-41.397069812820206,cir_coefficients_tau_mask,,"[1, 1, 1, 1, 24, 1]","[1, 1, 24]","[1, 1, 24]","[1, 1, 24]",,True,,24,5.130942337672195e-08,-41.397069812820206,0,0.0,0.0,0,0,0,0,0,0,0,0,3.2340964255878335,1047,2340,5148,0.10908076926910024,0.11113538697723042,0.11844125409279802,1958,0,0.117
131,33665,rx_nao_chest,/home/telilab4090/Documents/Gazebo World/my_world/rt_out/experiments/semantic_ablation_rigid_200f/sionna_xml/frame_131_sionna.xml,30.0,0.0,0.0,2.4,-0.1337,2.748,0.7,28000000000.0,24,1.0787783999433032e-08,6.209720737615498e-08,5.130942337672195e-08,7.249248312746204e-08,-71.39707023849851,-41.397070238498515,cir_coefficients_tau_mask,,"[1, 1, 1, 1, 24, 1]","[1, 1, 24]","[1, 1, 24]","[1, 1, 24]",,True,,24,5.130942337672195e-08,-41.397069812820206,0,0.0,-4.2567830860207323e-07,0,0,0,0,0,0,0,0,3.2340964255878335,1120,2353,5161,0.10987542105856386,0.11055460462184212,0.11370811379216911,2078,0,0.11765
132,33922,rx_nao_chest,/home/telilab4090/Documents/Gazebo World/my_world/rt_out/experiments/semantic_ablation_rigid_200f/sionna_xml/frame_132_sionna.xml,30.0,0.0,0.0,2.4,-0.1337,2.748,0.7,28000000000.0,23,1.0787783999433032e-08,6.209720737615498e-08,5.130942337672195e-08,7.244390332061812e-08,-71.39998157682443,-41.39998157682443,cir_coefficients_tau_mask,,"[1, 1, 1, 1, 23, 1]","[1, 1, 23]","[1, 1, 23]","[1, 1, 23]",,True,,24,5.130942337672195e-08,-41.397070238498515,-1,0.0,-0.0029113383259158354,1,1,0,0,0,0,0,0,3.2340964255878335,1125,2099,5068,0.10901953951675983,0.11018502266924057,0.11253040753474107,2099,0,0.10495
133,34179,rx_nao_chest,/home/telilab4090/Documents/Gazebo World/my_world/rt_out/experiments/semantic_ablation_rigid_200f/sionna_xml/frame_133_sionna.xml,30.0,0.0,0.0,2.4,-0.1337,2.748,0.7,28000000000.0,23,1.0787783999433032e-08,6.209720737615498e-08,5.130942337672195e-08,7.244391042604548e-08,-71.39998115086068,-41.39998115086068,cir_coefficients_tau_mask,,"[1, 1, 1, 1, 23, 1]","[1, 1, 23]","[1, 1, 23]","[1, 1, 23]",,True,,23,5.130942337672195e-08,-41.39998157682443,0,0.0,4.259637478298828e-07,0,0,0,0,0,0,0,0,3.2340964255878335,1149,2118,5018,0.10926893040879078,0.11045712908090381,0.11365540698404888,2118,0,0.1059
134,34436,rx_nao_chest,/home/telilab4090/Documents/Gazebo World/my_world/rt_out/experiments/semantic_ablation_rigid_200f/sionna_xml/frame_134_sionna.xml,30.0,0.0,0.0,2.4,-0.1337,2.748,0.7,28000000000.0,24,1.0787783999433032e-08,6.209720737615498e-08,5.130942337672195e-08,7.260293699573594e-08,-71.39045810494922,-41.39045810494922,cir_coefficients_tau_mask,,"[1, 1, 1, 1, 24, 1]","[1, 1, 24]","[1, 1, 24]","[1, 1, 24]",,True,,23,5.130942337672195e-08,-41.39998115086068,1,0.0,0.009523045911464578,1,0,0,0,0,0,0,0,3.2340964255878335,1084,2041,4959,0.1093385875049662,0.11105932319195018,0.11653706928041295,2041,0,0.10205
135,34693,rx_nao_chest,/home/telilab4090/Documents/Gazebo World/my_world/rt_out/experiments/semantic_ablation_rigid_200f/sionna_xml/frame_135_sionna.xml,30.0,0.0,0.0,2.4,-0.1337,2.748,0.7,28000000000.0,25,1.0787783999433032e-08,6.209720737615498e-08,5.130942337672195e-08,7.264544876761647e-08,-71.38791589033198,-41.38791589033198,cir_coefficients_tau_mask,,"[1, 1, 1, 1, 25, 1]","[1, 1, 25]","[1, 1, 25]","[1, 1, 25]",,True,,24,5.130942337672195e-08,-41.39045810494922,1,0.0,0.002542214617236027,1,0,0,0,0,0,0,0,3.2340964255878335,1090,2085,4842,0.10955713664771444,0.11095096188805417,0.12421190873910753,2085,0,0.10425
136,34950,rx_nao_chest,/home/telilab4090/Documents/Gazebo World/my_world/rt_out/experiments/semantic_ablation_rigid_200f/sionna_xml/frame_136_sionna.xml,30.0,0.0,0.0,2.4,-0.1337,2.748,0.7,28000000000.0,25,1.0787783999433032e-08,6.209720737615498e-08,5.130942337672195e-08,7.264495138770144e-08,-71.38794562517369,-41.387945625173685,cir_coefficients_tau_mask,,"[1, 1, 1, 1, 25, 1]","[1, 1, 25]","[1, 1, 25]","[1, 1, 25]",,True,,25,5.130942337672195e-08,-41.38791589033198,0,0.0,-2.973484170354368e-05,0,0,0,0,0,0,0,0,3.2340964255878335,1135,2122,4890,0.10911155102406693,0.11042464125973764,0.11381754650423544,2122,0,0.1061
137,35207,rx_nao_chest,/home/telilab4090/Documents/Gazebo World/my_world/rt_out/experiments/semantic_ablation_rigid_200f/sionna_xml/frame_137_sionna.xml,30.0,0.0,0.0,2.4,-0.1337,2.748,0.7,28000000000.0,24,1.0787783999433032e-08,6.209720737615498e-08,5.130942337672195e-08,7.250525158042365e-08,-71.39630536190383,-41.39630536190383,cir_coefficients_tau_mask,,"[1, 1, 1, 1, 24, 1]","[1, 1, 24]","[1, 1, 24]","[1, 1, 24]",,True,,25,5.130942337672195e-08,-41.387945625173685,-1,0.0,-0.008359736730142231,1,1,0,0,0,0,0,0,3.2340964255878335,1119,2046,4779,0.10908144924496863,0.11049804112417816,0.1157066701650513,2046,0,0.1023
138,35464,rx_nao_chest,/home/telilab4090/Documents/Gazebo World/my_world/rt_out/experiments/semantic_ablation_rigid_200f/sionna_xml/frame_138_sionna.xml,30.0,0.0,0.0,2.4,-0.1337,2.748,0.7,28000000000.0,19,1.0787783999433032e-08,6.209720737615498e-08,5.130942337672195e-08,7.188536699231918e-08,-71.4335950574037,-41.43359505740371,cir_coefficients_tau_mask,,"[1, 1, 1, 1, 19, 1]","[1, 1, 19]","[1, 1, 19]","[1, 1, 19]",,True,,24,5.130942337672195e-08,-41.39630536190383,-5,0.0,-0.03728969549987937,1,1,0,0,0,0,0,0,3.2340964255878335,1036,2007,4792,0.10926893040879078,0.11044630245139915,0.11586296230763214,2007,0,0.10035
139,35721,rx_nao_chest,/home/telilab4090/Documents/Gazebo World/my_world/rt_out/experiments/semantic_ablation_rigid_200f/sionna_xml/frame_139_sionna.xml,30.0,0.0,0.0,2.4,-0.1337,2.748,0.7,28000000000.0,19,1.0787783999433032e-08,6.209720737615498e-08,5.130942337672195e-08,7.188535278146446e-08,-71.43359591595069,-41.43359591595069,cir_coefficients_tau_mask,,"[1, 1, 1, 1, 19, 1]","[1, 1, 19]","[1, 1, 19]","[1, 1, 19]",,True,,19,5.130942337672195e-08,-41.43359505740371,0,0.0,-8.585469828403802e-07,0,0,0,0,0,0,0,0,3.2340964255878335,1111,2046,4728,0.10908076926910024,0.11017815930879689,0.11393737829572081,2046,0,0.1023
140,35978,rx_nao_chest,/home/telilab4090/Documents/Gazebo World/my_world/rt_out/experiments/semantic_ablation_rigid_200f/sionna_xml/frame_140_sionna.xml,30.0,0.0,0.0,2.4,-0.1337,2.748,0.7,28000000000.0,19,1.0787783999433032e-08,6.209720737615498e-08,5.130942337672195e-08,7.188535278146446e-08,-71.43359591595069,-41.43359591595069,cir_coefficients_tau_mask,,"[1, 1, 1, 1, 19, 1]","[1, 1, 19]","[1, 1, 19]","[1, 1, 19]",,True,,19,5.130942337672195e-08,-41.43359591595069,0,0.0,0.0,0,0,0,0,0,0,0,0,3.2340964255878335,1110,2094,4754,0.10917094681463234,0.11051797348945411,0.11773368217320102,2094,0,0.1047
141,36235,rx_nao_chest,/home/telilab4090/Documents/Gazebo World/my_world/rt_out/experiments/semantic_ablation_rigid_200f/sionna_xml/frame_141_sionna.xml,30.0,0.0,0.0,2.4,-0.1337,2.748,0.7,28000000000.0,24,1.0787783999433032e-08,6.209720737615498e-08,5.130942337672195e-08,7.249248312746204e-08,-71.39707023849851,-41.397070238498515,cir_coefficients_tau_mask,,"[1, 1, 1, 1, 24, 1]","[1, 1, 24]","[1, 1, 24]","[1, 1, 24]",,True,,19,5.130942337672195e-08,-41.43359591595069,5,0.0,0.03652567745217539,1,0,0,0,0,0,0,0,3.2340964255878335,1069,2087,4773,0.10987542105856386,0.1108918505836077,0.11802427856135246,2087,0,0.10435
142,36492,rx_nao_chest,/home/telilab4090/Documents/Gazebo World/my_world/rt_out/experiments/semantic_ablation_rigid_200f/sionna_xml/frame_142_sionna.xml,30.0,0.0,0.0,2.4,-0.1337,2.748,0.7,28000000000.0,24,1.0787783999433032e-08,6.209720737615498e-08,5.130942337672195e-08,7.249248312746204e-08,-71.39707023849851,-41.397070238498515,cir_coefficients_tau_mask,,"[1, 1, 1, 1, 24, 1]","[1, 1, 24]","[1, 1, 24]","[1, 1, 24]",,True,,24,5.130942337672195e-08,-41.397070238498515,0,0.0,0.0,0,0,0,0,0,0,0,0,3.2340964255878335,1088,2069,4791,0.109227711364341,0.1103058209429258,0.11298658526374834,2069,0,0.10345
143,36749,rx_nao_chest,/home/telilab4090/Documents/Gazebo World/my_world/rt_out/experiments/semantic_ablation_rigid_200f/sionna_xml/frame_143_sionna.xml,30.0,0.0,0.0,2.4,-0.1337,2.748,0.7,28000000000.0,24,1.0787783999433032e-08,6.209720737615498e-08,5.130942337672195e-08,7.249248312746204e-08,-71.39707023849851,-41.397070238498515,cir_coefficients_tau_mask,,"[1, 1, 1, 1, 24, 1]","[1, 1, 24]","[1, 1, 24]","[1, 1, 24]",,True,,24,5.130942337672195e-08,-41.397070238498515,0,0.0,0.0,0,0,0,0,0,0,0,0,3.2340964255878335,1120,2098,4806,0.10916801115923887,0.11022955866510982,0.11426585457813815,2098,0,0.1049
144,37006,rx_nao_chest,/home/telilab4090/Documents/Gazebo World/my_world/rt_out/experiments/semantic_ablation_rigid_200f/sionna_xml/frame_144_sionna.xml,30.0,0.0,0.0,2.4,-0.1337,2.748,0.7,28000000000.0,24,1.0787783999433032e-08,6.209720737615498e-08,5.130942337672195e-08,7.24924902328894e-08,-71.3970698128202,-41.397069812820206,cir_coefficients_tau_mask,,"[1, 1, 1, 1, 24, 1]","[1, 1, 24]","[1, 1, 24]","[1, 1, 24]",,True,,24,5.130942337672195e-08,-41.397070238498515,0,0.0,4.2567830860207323e-07,0,0,0,0,0,0,0,0,3.2340964255878335,1102,2122,4762,0.10950627198857711,0.1104924287934477,0.11333947935236496,2122,0,0.1061
145,37263,rx_nao_chest,/home/telilab4090/Documents/Gazebo World/my_world/rt_out/experiments/semantic_ablation_rigid_200f/sionna_xml/frame_145_sionna.xml,30.0,0.0,0.0,2.4,-0.1337,2.748,0.7,28000000000.0,24,1.0787783999433032e-08,6.209720737615498e-08,5.130942337672195e-08,7.249248312746204e-08,-71.39707023849851,-41.397070238498515,cir_coefficients_tau_mask,,"[1, 1, 1, 1, 24, 1]","[1, 1, 24]","[1, 1, 24]","[1, 1, 24]",,True,,24,5.130942337672195e-08,-41.397069812820206,0,0.0,-4.2567830860207323e-07,0,0,0,0,0,0,0,0,3.2340964255878335,1109,2068,4971,0.10916453191128232,0.11119370571293312,0.11548448503009075,2068,0,0.1034
146,37520,rx_nao_chest,/home/telilab4090/Documents/Gazebo World/my_world/rt_out/experiments/semantic_ablation_rigid_200f/sionna_xml/frame_146_sionna.xml,30.0,0.0,0.0,2.4,-0.1337,2.748,0.7,28000000000.0,24,1.0787783999433032e-08,6.209720737615498e-08,5.130942337672195e-08,7.249249733831675e-08,-71.39706938714195,-41.397069387141954,cir_coefficients_tau_mask,,"[1, 1, 1, 1, 24, 1]","[1, 1, 24]","[1, 1, 24]","[1, 1, 24]",,True,,24,5.130942337672195e-08,-41.397070238498515,0,0.0,8.513565603607276e-07,0,0,0,0,0,0,0,0,3.2340964255878335,1097,2071,5224,0.1093299758055522,0.1104500553146528,0.11421039244234132,2071,0,0.10355
147,37777,rx_nao_chest,/home/telilab4090/Documents/Gazebo World/my_world/rt_out/experiments/semantic_ablation_rigid_200f/sionna_xml/frame_147_sionna.xml,30.0,0.0,0.0,2.4,-0.1337,2.748,0.7,28000000000.0,24,1.0787783999433032e-08,6.209720737615498e-08,5.130942337672195e-08,7.24924902328894e-08,-71.3970698128202,-41.397069812820206,cir_coefficients_tau_mask,,"[1, 1, 1, 1, 24, 1]","[1, 1, 24]","[1, 1, 24]","[1, 1, 24]",,True,,24,5.130942337672195e-08,-41.397069387141954,0,0.0,-4.2567825175865437e-07,0,0,0,0,0,0,0,0,3.2340964255878335,1073,1993,4978,0.10983945789662351,0.11070858711317817,0.11550435197434084,1993,0,0.09965
148,38034,rx_nao_chest,/home/telilab4090/Documents/Gazebo World/my_world/rt_out/experiments/semantic_ablation_rigid_200f/sionna_xml/frame_148_sionna.xml,30.0,0.0,0.0,2.4,-0.1337,2.748,0.7,28000000000.0,24,1.0787783999433032e-08,6.209720737615498e-08,5.130942337672195e-08,7.249248312746204e-08,-71.39707023849851,-41.397070238498515,cir_coefficients_tau_mask,,"[1, 1, 1, 1, 24, 1]","[1, 1, 24]","[1, 1, 24]","[1, 1, 24]",,True,,24,5.130942337672195e-08,-41.397069812820206,0,0.0,-4.2567830860207323e-07,0,0,0,0,0,0,0,0,3.2340964255878335,1083,2057,5148,0.10916801115923887,0.11076983097963108,0.120466252172252,2057,0,0.10285
149,38291,rx_nao_chest,/home/telilab4090/Documents/Gazebo World/my_world/rt_out/experiments/semantic_ablation_rigid_200f/sionna_xml/frame_149_sionna.xml,30.0,0.0,0.0,2.4,-0.1337,2.748,0.7,28000000000.0,24,1.0787783999433032e-08,6.209720737615498e-08,5.130942337672195e-08,7.24924902328894e-08,-71.3970698128202,-41.397069812820206,cir_coefficients_tau_mask,,"[1, 1, 1, 1, 24, 1]","[1, 1, 24]","[1, 1, 24]","[1, 1, 24]",,True,,24,5.130942337672195e-08,-41.397070238498515,0,0.0,4.2567830860207323e-07,0,0,0,0,0,0,0,0,3.2340964255878335,1127,2126,5131,0.10951927330382809,0.11038534827671993,0.1165590389906739,2126,0,0.1063
150,38548,rx_nao_chest,/home/telilab4090/Documents/Gazebo World/my_world/rt_out/experiments/semantic_ablation_rigid_200f/sionna_xml/frame_150_sionna.xml,30.0,0.0,0.0,2.4,-0.1337,2.748,0.7,28000000000.0,22,1.0787783999433032e-08,6.209720737615498e-08,5.130942337672195e-08,7.231476928382108e-08,-71.40772995051069,-41.407729950510685,cir_coefficients_tau_mask,,"[1, 1, 1, 1, 22, 1]","[1, 1, 22]","[1, 1, 22]","[1, 1, 22]",,True,,24,5.130942337672195e-08,-41.397069812820206,-2,0.0,-0.010660137690479132,1,1,0,0,0,0,0,0,3.2340964255878335,1131,2107,5200,0.10926893040879078,0.11096951995571462,0.11792023701194401,2107,0,0.10535
151,38805,rx_nao_chest,/home/telilab4090/Documents/Gazebo World/my_world/rt_out/experiments/semantic_ablation_rigid_200f/sionna_xml/frame_151_sionna.xml,30.0,0.0,0.0,2.4,-0.1337,2.748,0.7,28000000000.0,22,1.0787783999433032e-08,6.209720737615498e-08,5.130942337672195e-08,7.231477638924844e-08,-71.40772952378627,-41.40772952378627,cir_coefficients_tau_mask,,"[1, 1, 1, 1, 22, 1]","[1, 1, 22]","[1, 1, 22]","[1, 1, 22]",,True,,22,5.130942337672195e-08,-41.407729950510685,0,0.0,4.267244122502234e-07,0,0,0,0,0,0,0,0,3.2340964255878335,1099,2137,5250,0.11002727518955287,0.11132475693359464,0.11476123947810946,2137,0,0.10685
152,39062,rx_nao_chest,/home/telilab4090/Documents/Gazebo World/my_world/rt_out/experiments/semantic_ablation_rigid_200f/sionna_xml/frame_152_sionna.xml,30.0,0.0,0.0,2.4,-0.1337,2.748,0.7,28000000000.0,23,1.0787783999433032e-08,6.209720737615498e-08,5.130942337672195e-08,7.236336330151971e-08,-71.40481256221481,-41.404812562214815,cir_coefficients_tau_mask,,"[1, 1, 1, 1, 23, 1]","[1, 1, 23]","[1, 1, 23]","[1, 1, 23]",,True,,22,5.130942337672195e-08,-41.40772952378627,1,0.0,0.0029169615714579322,1,0,0,0,0,0,0,0,3.2340964255878335,1120,2062,5059,0.10958952100359404,0.11028822066633223,0.11192978561758828,2062,0,0.1031
153,39319,rx_nao_chest,/home/telilab4090/Documents/Gazebo World/my_world/rt_out/experiments/semantic_ablation_rigid_200f/sionna_xml/frame_153_sionna.xml,30.0,0.0,0.0,2.4,-0.1337,2.748,0.7,28000000000.0,23,1.0787783999433032e-08,6.209720737615498e-08,5.130942337672195e-08,7.236335619609235e-08,-71.40481298865271,-41.40481298865271,cir_coefficients_tau_mask,,"[1, 1, 1, 1, 23, 1]","[1, 1, 23]","[1, 1, 23]","[1, 1, 23]",,True,,23,5.130942337672195e-08,-41.404812562214815,0,0.0,-4.264378929974555e-07,0,0,0,0,0,0,0,0,3.2340964255878335,1119,2048,5225,0.10908144924496863,0.11047234349116894,0.11489239141470899,2048,0,0.1024
154,39576,rx_nao_chest,/home/telilab4090/Documents/Gazebo World/my_world/rt_out/experiments/semantic_ablation_rigid_200f/sionna_xml/frame_154_sionna.xml,30.0,0.0,0.0,2.4,-0.1337,2.748,0.7,28000000000.0,23,1.0787783999433032e-08,6.209720737615498e-08,5.130942337672195e-08,7.236335619609235e-08,-71.40481298865271,-41.40481298865271,cir_coefficients_tau_mask,,"[1, 1, 1, 1, 23, 1]","[1, 1, 23]","[1, 1, 23]","[1, 1, 23]",,True,,23,5.130942337672195e-08,-41.40481298865271,0,0.0,0.0,0,0,0,0,0,0,0,0,3.2340964255878335,1060,2054,5018,0.10968542998128877,0.11079324322377695,0.11457411861327847,2054,0,0.1027
155,39833,rx_nao_chest,/home/telilab4090/Documents/Gazebo World/my_world/rt_out/experiments/semantic_ablation_rigid_200f/sionna_xml/frame_155_sionna.xml,30.0,0.0,0.0,2.4,-0.1337,2.748,0.7,28000000000.0,23,1.0787783999433032e-08,6.209720737615498e-08,5.130942337672195e-08,7.236335619609235e-08,-71.40481298865271,-41.40481298865271,cir_coefficients_tau_mask,,"[1, 1, 1, 1, 23, 1]","[1, 1, 23]","[1, 1, 23]","[1, 1, 23]",,True,,23,5.130942337672195e-08,-41.40481298865271,0,0.0,0.0,0,0,0,0,0,0,0,0,3.2340964255878335,1074,2030,5091,0.11002727518955287,0.11073682998001662,0.11522873670783791,2030,0,0.1015
156,40090,rx_nao_chest,/home/telilab4090/Documents/Gazebo World/my_world/rt_out/experiments/semantic_ablation_rigid_200f/sionna_xml/frame_156_sionna.xml,30.0,0.0,0.0,2.4,-0.1337,2.748,0.7,28000000000.0,23,1.0787783999433032e-08,6.209720737615498e-08,5.130942337672195e-08,7.236336330151971e-08,-71.40481256221481,-41.404812562214815,cir_coefficients_tau_mask,,"[1, 1, 1, 1, 23, 1]","[1, 1, 23]","[1, 1, 23]","[1, 1, 23]",,True,,23,5.130942337672195e-08,-41.40481298865271,0,0.0,4.264378929974555e-07,0,0,0,0,0,0,0,0,3.2340964255878335,1103,2165,5142,0.10938041711131803,0.11053079587258811,0.11518469643075611,2082,0,0.10825
157,40347,rx_nao_chest,/home/telilab4090/Documents/Gazebo World/my_world/rt_out/experiments/semantic_ablation_rigid_200f/sionna_xml/frame_157_sionna.xml,30.0,0.0,0.0,2.4,-0.1337,2.748,0.7,28000000000.0,24,1.0787783999433032e-08,6.209720737615498e-08,5.130942337672195e-08,7.249248312746204e-08,-71.39707023849851,-41.397070238498515,cir_coefficients_tau_mask,,"[1, 1, 1, 1, 24, 1]","[1, 1, 24]","[1, 1, 24]","[1, 1, 24]",,True,,23,5.130942337672195e-08,-41.404812562214815,1,0.0,0.007742323716300348,1,0,0,0,0,0,0,0,3.2340964255878335,1101,2397,5117,0.11020248353773447,0.11093455668460087,0.1175615825074177,2024,0,0.11985
158,40604,rx_nao_chest,/home/telilab4090/Documents/Gazebo World/my_world/rt_out/experiments/semantic_ablation_rigid_200f/sionna_xml/frame_158_sionna.xml,30.0,0.0,0.0,2.4,-0.1337,2.748,0.7,28000000000.0,24,1.0787783999433032e-08,6.209720737615498e-08,5.130942337672195e-08,7.24924902328894e-08,-71.3970698128202,-41.397069812820206,cir_coefficients_tau_mask,,"[1, 1, 1, 1, 24, 1]","[1, 1, 24]","[1, 1, 24]","[1, 1, 24]",,True,,24,5.130942337672195e-08,-41.397070238498515,0,0.0,4.2567830860207323e-07,0,0,0,0,0,0,0,0,3.2340964255878335,1115,2525,5091,0.10910037340914384,0.11075386579227461,0.11769449828010428,2082,0,0.12625
159,40861,rx_nao_chest,/home/telilab4090/Documents/Gazebo World/my_world/rt_out/experiments/semantic_ablation_rigid_200f/sionna_xml/frame_159_sionna.xml,30.0,0.0,0.0,2.4,-0.1337,2.748,0.7,28000000000.0,24,1.0787783999433032e-08,6.209720737615498e-08,5.130942337672195e-08,7.249248312746204e-08,-71.39707023849851,-41.397070238498515,cir_coefficients_tau_mask,,"[1, 1, 1, 1, 24, 1]","[1, 1, 24]","[1, 1, 24]","[1, 1, 24]",,True,,24,5.130942337672195e-08,-41.397069812820206,0,0.0,-4.2567830860207323e-07,0,0,0,0,0,0,0,0,3.2340964255878335,1099,2496,5085,0.10910037340914384,0.11020589673376084,0.11517409383120152,2063,0,0.1248
160,41118,rx_nao_chest,/home/telilab4090/Documents/Gazebo World/my_world/rt_out/experiments/semantic_ablation_rigid_200f/sionna_xml/frame_160_sionna.xml,30.0,0.0,0.0,2.4,-0.1337,2.748,0.7,28000000000.0,24,1.0787783999433032e-08,6.209720737615498e-08,5.130942337672195e-08,7.24924902328894e-08,-71.3970698128202,-41.397069812820206,cir_coefficients_tau_mask,,"[1, 1, 1, 1, 24, 1]","[1, 1, 24]","[1, 1, 24]","[1, 1, 24]",,True,,24,5.130942337672195e-08,-41.397070238498515,0,0.0,4.2567830860207323e-07,0,0,0,0,0,0,0,0,3.2340964255878335,1110,2471,5118,0.10938041711131803,0.11130403015899007,0.11937933859434233,2022,0,0.12355
161,41375,rx_nao_chest,/home/telilab4090/Documents/Gazebo World/my_world/rt_out/experiments/semantic_ablation_rigid_200f/sionna_xml/frame_161_sionna.xml,30.0,0.0,0.0,2.4,-0.1337,2.748,0.7,28000000000.0,24,1.0787783999433032e-08,6.209720737615498e-08,5.130942337672195e-08,7.24924902328894e-08,-71.3970698128202,-41.397069812820206,cir_coefficients_tau_mask,,"[1, 1, 1, 1, 24, 1]","[1, 1, 24]","[1, 1, 24]","[1, 1, 24]",,True,,24,5.130942337672195e-08,-41.397069812820206,0,0.0,0.0,0,0,0,0,0,0,0,0,3.2340964255878335,1104,2779,5033,0.10984043340063243,0.11175294842003185,0.11736060035635282,2000,0,0.13895
162,41632,rx_nao_chest,/home/telilab4090/Documents/Gazebo World/my_world/rt_out/experiments/semantic_ablation_rigid_200f/sionna_xml/frame_162_sionna.xml,30.0,0.0,0.0,2.4,-0.1337,2.748,0.7,28000000000.0,24,1.0787783999433032e-08,6.209720737615498e-08,5.130942337672195e-08,7.249248312746204e-08,-71.39707023849851,-41.397070238498515,cir_coefficients_tau_mask,,"[1, 1, 1, 1, 24, 1]","[1, 1, 24]","[1, 1, 24]","[1, 1, 24]",,True,,24,5.130942337672195e-08,-41.397069812820206,0,0.0,-4.2567830860207323e-07,0,0,0,0,0,0,0,0,3.2340964255878335,1080,2892,5148,0.10910037340914384,0.11016082021059981,0.11410394110609316,2064,0,0.1446
163,41889,rx_nao_chest,/home/telilab4090/Documents/Gazebo World/my_world/rt_out/experiments/semantic_ablation_rigid_200f/sionna_xml/frame_163_sionna.xml,30.0,0.0,0.0,2.4,-0.1337,2.748,0.7,28000000000.0,24,1.0787783999433032e-08,6.209720737615498e-08,5.130942337672195e-08,7.24924902328894e-08,-71.3970698128202,-41.397069812820206,cir_coefficients_tau_mask,,"[1, 1, 1, 1, 24, 1]","[1, 1, 24]","[1, 1, 24]","[1, 1, 24]",,True,,24,5.130942337672195e-08,-41.397070238498515,0,0.0,4.2567830860207323e-07,0,0,0,0,0,0,0,0,3.2340964255878335,1132,3370,5156,0.10917094681463234,0.11057094456047263,0.1159174195335621,2057,0,0.1685
164,42146,rx_nao_chest,/home/telilab4090/Documents/Gazebo World/my_world/rt_out/experiments/semantic_ablation_rigid_200f/sionna_xml/frame_164_sionna.xml,30.0,0.0,0.0,2.4,-0.1337,2.748,0.7,28000000000.0,24,1.0787783999433032e-08,6.209720737615498e-08,5.130942337672195e-08,7.249248312746204e-08,-71.39707023849851,-41.397070238498515,cir_coefficients_tau_mask,,"[1, 1, 1, 1, 24, 1]","[1, 1, 24]","[1, 1, 24]","[1, 1, 24]",,True,,24,5.130942337672195e-08,-41.397069812820206,0,0.0,-4.2567830860207323e-07,0,0,0,0,0,0,0,0,3.2340964255878335,1103,3226,5037,0.10908076926910024,0.11053095501549803,0.11727559313024909,2026,0,0.1613
165,42403,rx_nao_chest,/home/telilab4090/Documents/Gazebo World/my_world/rt_out/experiments/semantic_ablation_rigid_200f/sionna_xml/frame_165_sionna.xml,30.0,0.0,0.0,2.4,-0.1337,2.748,0.7,28000000000.0,24,1.0787783999433032e-08,6.209720737615498e-08,5.130942337672195e-08,7.24924902328894e-08,-71.3970698128202,-41.397069812820206,cir_coefficients_tau_mask,,"[1, 1, 1, 1, 24, 1]","[1, 1, 24]","[1, 1, 24]","[1, 1, 24]",,True,,24,5.130942337672195e-08,-41.397070238498515,0,0.0,4.2567830860207323e-07,0,0,0,0,0,0,0,0,3.2340964255878335,1114,3463,5172,0.10983945789662351,0.1114540443051587,0.12224689418154427,2085,0,0.17315
166,42659,rx_nao_chest,/home/telilab4090/Documents/Gazebo World/my_world/rt_out/experiments/semantic_ablation_rigid_200f/sionna_xml/frame_166_sionna.xml,30.0,0.0,0.0,2.4,-0.1337,2.748,0.7,28000000000.0,24,1.0787783999433032e-08,6.209720737615498e-08,5.130942337672195e-08,7.249248312746204e-08,-71.39707023849851,-41.397070238498515,cir_coefficients_tau_mask,,"[1, 1, 1, 1, 24, 1]","[1, 1, 24]","[1, 1, 24]","[1, 1, 24]",,True,,24,5.130942337672195e-08,-41.397069812820206,0,0.0,-4.2567830860207323e-07,0,0,0,0,0,0,0,0,3.2340964255878335,1148,3441,5225,0.10908142131678825,0.11028766962366605,0.11228960165752003,2090,0,0.17205
167,42916,rx_nao_chest,/home/telilab4090/Documents/Gazebo World/my_world/rt_out/experiments/semantic_ablation_rigid_200f/sionna_xml/frame_167_sionna.xml,30.0,0.0,0.0,2.4,-0.1337,2.748,0.7,28000000000.0,24,1.0787783999433032e-08,6.209720737615498e-08,5.130942337672195e-08,7.249248312746204e-08,-71.39707023849851,-41.397070238498515,cir_coefficients_tau_mask,,"[1, 1, 1, 1, 24, 1]","[1, 1, 24]","[1, 1, 24]","[1, 1, 24]",,True,,24,5.130942337672195e-08,-41.397070238498515,0,0.0,0.0,0,0,0,0,0,0,0,0,3.2340964255878335,1113,3412,5096,0.10901285896739998,0.11002996367849716,0.1150565405713851,2056,0,0.1706
168,43173,rx_nao_chest,/home/telilab4090/Documents/Gazebo World/my_world/rt_out/experiments/semantic_ablation_rigid_200f/sionna_xml/frame_168_sionna.xml,30.0,0.0,0.0,2.4,-0.1337,2.748,0.7,28000000000.0,24,1.0787783999433032e-08,6.209720737615498e-08,5.130942337672195e-08,7.24924902328894e-08,-71.3970698128202,-41.397069812820206,cir_coefficients_tau_mask,,"[1, 1, 1, 1, 24, 1]","[1, 1, 24]","[1, 1, 24]","[1, 1, 24]",,True,,24,5.130942337672195e-08,-41.397070238498515,0,0.0,4.2567830860207323e-07,0,0,0,0,0,0,0,0,3.2340964255878335,1127,3506,5168,0.10915903912969357,0.11039674184396993,0.11433038357923149,2111,0,0.1753
169,43430,rx_nao_chest,/home/telilab4090/Documents/Gazebo World/my_world/rt_out/experiments/semantic_ablation_rigid_200f/sionna_xml/frame_169_sionna.xml,30.0,0.0,0.0,2.4,-0.1337,2.748,0.7,28000000000.0,24,1.0787783999433032e-08,6.209720737615498e-08,5.130942337672195e-08,7.249248312746204e-08,-71.39707023849851,-41.397070238498515,cir_coefficients_tau_mask,,"[1, 1, 1, 1, 24, 1]","[1, 1, 24]","[1, 1, 24]","[1, 1, 24]",,True,,24,5.130942337672195e-08,-41.397069812820206,0,0.0,-4.2567830860207323e-07,0,0,0,0,0,0,0,0,3.2340964255878335,1121,3528,5228,0.1091590788781123,0.1108590179224157,0.1171532923282986,2088,0,0.1764
170,43687,rx_nao_chest,/home/telilab4090/Documents/Gazebo World/my_world/rt_out/experiments/semantic_ablation_rigid_200f/sionna_xml/frame_170_sionna.xml,30.0,0.0,0.0,2.4,-0.1337,2.748,0.7,28000000000.0,24,1.0787783999433032e-08,6.209720737615498e-08,5.130942337672195e-08,7.249248312746204e-08,-71.39707023849851,-41.397070238498515,cir_coefficients_tau_mask,,"[1, 1, 1, 1, 24, 1]","[1, 1, 24]","[1, 1, 24]","[1, 1, 24]",,True,,24,5.130942337672195e-08,-41.397070238498515,0,0.0,0.0,0,0,0,0,0,0,0,0,3.2340964255878335,1065,3415,5075,0.10901285896739998,0.11046141852539755,0.11525527896768485,2041,0,0.17075
171,43944,rx_nao_chest,/home/telilab4090/Documents/Gazebo World/my_world/rt_out/experiments/semantic_ablation_rigid_200f/sionna_xml/frame_171_sionna.xml,30.0,0.0,0.0,2.4,-0.1337,2.748,0.7,28000000000.0,24,1.0787783999433032e-08,6.209720737615498e-08,5.130942337672195e-08,7.24924902328894e-08,-71.3970698128202,-41.397069812820206,cir_coefficients_tau_mask,,"[1, 1, 1, 1, 24, 1]","[1, 1, 24]","[1, 1, 24]","[1, 1, 24]",,True,,24,5.130942337672195e-08,-41.397070238498515,0,0.0,4.2567830860207323e-07,0,0,0,0,0,0,0,0,3.2340964255878335,1091,3457,5092,0.10979236635606461,0.11097615110813612,0.11877725374707959,2064,0,0.17285
172,44201,rx_nao_chest,/home/telilab4090/Documents/Gazebo World/my_world/rt_out/experiments/semantic_ablation_rigid_200f/sionna_xml/frame_172_sionna.xml,30.0,0.0,0.0,2.4,-0.1337,2.748,0.7,28000000000.0,24,1.0787783999433032e-08,6.209720737615498e-08,5.130942337672195e-08,7.24924902328894e-08,-71.3970698128202,-41.397069812820206,cir_coefficients_tau_mask,,"[1, 1, 1, 1, 24, 1]","[1, 1, 24]","[1, 1, 24]","[1, 1, 24]",,True,,24,5.130942337672195e-08,-41.397069812820206,0,0.0,0.0,0,0,0,0,0,0,0,0,3.2340964255878335,1080,3465,5073,0.109227711364341,0.11048503557779565,0.11649752037914606,2038,0,0.17325
173,44458,rx_nao_chest,/home/telilab4090/Documents/Gazebo World/my_world/rt_out/experiments/semantic_ablation_rigid_200f/sionna_xml/frame_173_sionna.xml,30.0,0.0,0.0,2.4,-0.1337,2.748,0.7,28000000000.0,24,1.0787783999433032e-08,6.209720737615498e-08,5.130942337672195e-08,7.249248312746204e-08,-71.39707023849851,-41.397070238498515,cir_coefficients_tau_mask,,"[1, 1, 1, 1, 24, 1]","[1, 1, 24]","[1, 1, 24]","[1, 1, 24]",,True,,24,5.130942337672195e-08,-41.397069812820206,0,0.0,-4.2567830860207323e-07,0,0,0,0,0,0,0,0,3.2340964255878335,1256,3591,5115,0.10910037340914384,0.11051162562798747,0.11578761092254833,2082,0,0.17955
174,44715,rx_nao_chest,/home/telilab4090/Documents/Gazebo World/my_world/rt_out/experiments/semantic_ablation_rigid_200f/sionna_xml/frame_174_sionna.xml,30.0,0.0,0.0,2.4,-0.1337,2.748,0.7,28000000000.0,24,1.0787783999433032e-08,6.209720737615498e-08,5.130942337672195e-08,7.249248312746204e-08,-71.39707023849851,-41.397070238498515,cir_coefficients_tau_mask,,"[1, 1, 1, 1, 24, 1]","[1, 1, 24]","[1, 1, 24]","[1, 1, 24]",,True,,24,5.130942337672195e-08,-41.397070238498515,0,0.0,0.0,0,0,0,0,0,0,0,0,3.2340964255878335,1204,3635,5175,0.10915903912969357,0.11148271705567858,0.11999225478590032,2016,0,0.18175
175,44972,rx_nao_chest,/home/telilab4090/Documents/Gazebo World/my_world/rt_out/experiments/semantic_ablation_rigid_200f/sionna_xml/frame_175_sionna.xml,30.0,0.0,0.0,2.4,-0.1337,2.748,0.7,28000000000.0,24,1.0787783999433032e-08,6.209720737615498e-08,5.130942337672195e-08,7.24924902328894e-08,-71.3970698128202,-41.397069812820206,cir_coefficients_tau_mask,,"[1, 1, 1, 1, 24, 1]","[1, 1, 24]","[1, 1, 24]","[1, 1, 24]",,True,,24,5.130942337672195e-08,-41.397070238498515,0,0.0,4.2567830860207323e-07,0,0,0,0,0,0,0,0,3.2340964255878335,1226,3648,5148,0.10915903912969357,0.11090719282446211,0.1168625100335643,2081,0,0.1824
176,45229,rx_nao_chest,/home/telilab4090/Documents/Gazebo World/my_world/rt_out/experiments/semantic_ablation_rigid_200f/sionna_xml/frame_176_sionna.xml,30.0,0.0,0.0,2.4,-0.1337,2.748,0.7,28000000000.0,24,1.0787783999433032e-08,6.209720737615498e-08,5.130942337672195e-08,7.24924902328894e-08,-71.3970698128202,-41.397069812820206,cir_coefficients_tau_mask,,"[1, 1, 1, 1, 24, 1]","[1, 1, 24]","[1, 1, 24]","[1, 1, 24]",,True,,24,5.130942337672195e-08,-41.397069812820206,0,0.0,0.0,0,0,0,0,0,0,0,0,3.2340964255878335,1318,3637,5180,0.10909983340327381,0.11054593406720829,0.11496149005472485,2135,0,0.18185
177,45486,rx_nao_chest,/home/telilab4090/Documents/Gazebo World/my_world/rt_out/experiments/semantic_ablation_rigid_200f/sionna_xml/frame_177_sionna.xml,30.0,0.0,0.0,2.4,-0.1337,2.748,0.7,28000000000.0,24,1.0787783999433032e-08,6.209720737615498e-08,5.130942337672195e-08,7.249248312746204e-08,-71.39707023849851,-41.397070238498515,cir_coefficients_tau_mask,,"[1, 1, 1, 1, 24, 1]","[1, 1, 24]","[1, 1, 24]","[1, 1, 24]",,True,,24,5.130942337672195e-08,-41.397069812820206,0,0.0,-4.2567830860207323e-07,0,0,0,0,0,0,0,0,3.2340964255878335,1344,3633,5148,0.10908144924496863,0.11060305421577872,0.11570149811446154,2159,0,0.18165
178,45743,rx_nao_chest,/home/telilab4090/Documents/Gazebo World/my_world/rt_out/experiments/semantic_ablation_rigid_200f/sionna_xml/frame_178_sionna.xml,30.0,0.0,0.0,2.4,-0.1337,2.748,0.7,28000000000.0,23,1.0787783999433032e-08,6.209720737615498e-08,5.130942337672195e-08,7.236335619609235e-08,-71.40481298865271,-41.40481298865271,cir_coefficients_tau_mask,,"[1, 1, 1, 1, 23, 1]","[1, 1, 23]","[1, 1, 23]","[1, 1, 23]",,True,,24,5.130942337672195e-08,-41.397070238498515,-1,0.0,-0.007742750154193345,1,1,0,0,0,0,0,0,3.2340964255878335,2155,3667,5177,0.10967209621910301,0.11084411589973431,0.11536414930820456,2084,0,0.18335
179,46000,rx_nao_chest,/home/telilab4090/Documents/Gazebo World/my_world/rt_out/experiments/semantic_ablation_rigid_200f/sionna_xml/frame_179_sionna.xml,30.0,0.0,0.0,2.4,-0.1337,2.748,0.7,28000000000.0,23,1.0787783999433032e-08,6.209720737615498e-08,5.130942337672195e-08,7.236335619609235e-08,-71.40481298865271,-41.40481298865271,cir_coefficients_tau_mask,,"[1, 1, 1, 1, 23, 1]","[1, 1, 23]","[1, 1, 23]","[1, 1, 23]",,True,,23,5.130942337672195e-08,-41.40481298865271,0,0.0,0.0,0,0,0,0,0,0,0,0,3.2340964255878335,2227,3658,5125,0.10917094681463234,0.1108902991551171,0.11376250119210471,2094,0,0.1829
180,46257,rx_nao_chest,/home/telilab4090/Documents/Gazebo World/my_world/rt_out/experiments/semantic_ablation_rigid_200f/sionna_xml/frame_180_sionna.xml,30.0,0.0,0.0,2.4,-0.1337,2.748,0.7,28000000000.0,23,1.0787783999433032e-08,6.209720737615498e-08,5.130942337672195e-08,7.2363349090665e-08,-71.40481341509064,-41.40481341509064,cir_coefficients_tau_mask,,"[1, 1, 1, 1, 23, 1]","[1, 1, 23]","[1, 1, 23]","[1, 1, 23]",,True,,23,5.130942337672195e-08,-41.40481298865271,0,0.0,-4.2643793563001964e-07,0,0,0,0,0,0,0,0,3.2340964255878335,2066,3510,5061,0.10979236635606461,0.11091917554165584,0.11402458806178883,2000,0,0.1755
181,46514,rx_nao_chest,/home/telilab4090/Documents/Gazebo World/my_world/rt_out/experiments/semantic_ablation_rigid_200f/sionna_xml/frame_181_sionna.xml,30.0,0.0,0.0,2.4,-0.1337,2.748,0.7,28000000000.0,23,1.0787783999433032e-08,6.209720737615498e-08,5.130942337672195e-08,7.236335619609235e-08,-71.40481298865271,-41.40481298865271,cir_coefficients_tau_mask,,"[1, 1, 1, 1, 23, 1]","[1, 1, 23]","[1, 1, 23]","[1, 1, 23]",,True,,23,5.130942337672195e-08,-41.40481341509064,0,0.0,4.2643793563001964e-07,0,0,0,0,0,0,0,0,3.2340964255878335,2204,3630,5204,0.10908142131678825,0.11017135678057363,0.11237504569685891,2066,0,0.1815
182,46771,rx_nao_chest,/home/telilab4090/Documents/Gazebo World/my_world/rt_out/experiments/semantic_ablation_rigid_200f/sionna_xml/frame_182_sionna.xml,30.0,0.0,0.0,2.4,-0.1337,2.748,0.7,28000000000.0,23,1.0787783999433032e-08,6.209720737615498e-08,5.130942337672195e-08,7.236335619609235e-08,-71.40481298865271,-41.40481298865271,cir_coefficients_tau_mask,,"[1, 1, 1, 1, 23, 1]","[1, 1, 23]","[1, 1, 23]","[1, 1, 23]",,True,,23,5.130942337672195e-08,-41.40481298865271,0,0.0,0.0,0,0,0,0,0,0,0,0,3.2340964255878335,2167,3695,5217,0.10911155102406693,0.11094451352606194,0.11313349349287635,2105,0,0.18475
183,47028,rx_nao_chest,/home/telilab4090/Documents/Gazebo World/my_world/rt_out/experiments/semantic_ablation_rigid_200f/sionna_xml/frame_183_sionna.xml,30.0,0.0,0.0,2.4,-0.1337,2.748,0.7,28000000000.0,24,1.0787783999433032e-08,6.209720737615498e-08,5.130942337672195e-08,7.249248312746204e-08,-71.39707023849851,-41.397070238498515,cir_coefficients_tau_mask,,"[1, 1, 1, 1, 24, 1]","[1, 1, 24]","[1, 1, 24]","[1, 1, 24]",,True,,23,5.130942337672195e-08,-41.40481298865271,1,0.0,0.007742750154193345,1,0,0,0,0,0,0,0,3.2340964255878335,1622,3566,5149,0.10915903912969357,0.1110884481074698,0.11717328577942757,2118,0,0.1783
184,47285,rx_nao_chest,/home/telilab4090/Documents/Gazebo World/my_world/rt_out/experiments/semantic_ablation_rigid_200f/sionna_xml/frame_184_sionna.xml,30.0,0.0,0.0,2.4,-0.1337,2.748,0.7,28000000000.0,22,1.0787783999433032e-08,5.0425221331806824e-08,3.963743733237379e-08,7.24799704698853e-08,-71.39781992273413,-41.39781992273413,cir_coefficients_tau_mask,,"[1, 1, 1, 1, 22, 1]","[1, 1, 22]","[1, 1, 22]","[1, 1, 22]",,True,,24,5.130942337672195e-08,-41.397070238498515,-2,-1.167198604434816e-08,-0.0007496842356147226,1,1,0,0,0,0,0,0,3.2340964255878335,1289,3465,5119,0.10955713664771444,0.11095604199040962,0.11795307253145168,2063,0,0.17325
185,47542,rx_nao_chest,/home/telilab4090/Documents/Gazebo World/my_world/rt_out/experiments/semantic_ablation_rigid_200f/sionna_xml/frame_185_sionna.xml,30.0,0.0,0.0,2.4,-0.1337,2.748,0.7,28000000000.0,22,1.0787783999433032e-08,5.0425221331806824e-08,3.963743733237379e-08,7.247998468074002e-08,-71.39781907123059,-41.397819071230586,cir_coefficients_tau_mask,,"[1, 1, 1, 1, 22, 1]","[1, 1, 22]","[1, 1, 22]","[1, 1, 22]",,True,,22,3.963743733237379e-08,-41.39781992273413,0,0.0,8.515035432310469e-07,0,0,0,0,0,0,0,0,3.2340964255878335,1255,3540,5160,0.1093385875049662,0.11053595507444842,0.11516953710218074,2122,0,0.177
186,47799,rx_nao_chest,/home/telilab4090/Documents/Gazebo World/my_world/rt_out/experiments/semantic_ablation_rigid_200f/sionna_xml/frame_186_sionna.xml,30.0,0.0,0.0,2.4,-0.1337,2.748,0.7,28000000000.0,22,1.0787783999433032e-08,5.0425221331806824e-08,3.963743733237379e-08,7.247997757531266e-08,-71.39781949698234,-41.397819496982336,cir_coefficients_tau_mask,,"[1, 1, 1, 1, 22, 1]","[1, 1, 22]","[1, 1, 22]","[1, 1, 22]",,True,,22,3.963743733237379e-08,-41.397819071230586,0,0.0,-4.257517502992414e-07,0,0,0,0,0,0,0,0,3.2340964255878335,1230,3500,5107,0.109227711364341,0.11068198275599168,0.11666706201194335,2032,0,0.175
187,48056,rx_nao_chest,/home/telilab4090/Documents/Gazebo World/my_world/rt_out/experiments/semantic_ablation_rigid_200f/sionna_xml/frame_187_sionna.xml,30.0,0.0,0.0,2.4,-0.1337,2.748,0.7,28000000000.0,22,1.0787783999433032e-08,5.0425221331806824e-08,3.963743733237379e-08,7.247997757531266e-08,-71.39781949698234,-41.397819496982336,cir_coefficients_tau_mask,,"[1, 1, 1, 1, 22, 1]","[1, 1, 22]","[1, 1, 22]","[1, 1, 22]",,True,,22,3.963743733237379e-08,-41.397819496982336,0,0.0,0.0,0,0,0,0,0,0,0,0,3.2340964255878335,1212,3467,5102,0.109204025204562,0.11028382751127017,0.11403935910307546,2062,0,0.17335
188,48313,rx_nao_chest,/home/telilab4090/Documents/Gazebo World/my_world/rt_out/experiments/semantic_ablation_rigid_200f/sionna_xml/frame_188_sionna.xml,30.0,0.0,0.0,2.4,-0.1337,2.748,0.7,28000000000.0,22,1.0787783999433032e-08,5.0425221331806824e-08,3.963743733237379e-08,7.247998468074002e-08,-71.39781907123059,-41.397819071230586,cir_coefficients_tau_mask,,"[1, 1, 1, 1, 22, 1]","[1, 1, 22]","[1, 1, 22]","[1, 1, 22]",,True,,22,3.963743733237379e-08,-41.397819496982336,0,0.0,4.257517502992414e-07,0,0,0,0,0,0,0,0,3.2340964255878335,1091,2701,5038,0.10909983340327381,0.11129635027671761,0.11904072339989775,2049,0,0.13505
189,48570,rx_nao_chest,/home/telilab4090/Documents/Gazebo World/my_world/rt_out/experiments/semantic_ablation_rigid_200f/sionna_xml/frame_189_sionna.xml,30.0,0.0,0.0,2.4,-0.1337,2.748,0.7,28000000000.0,23,1.0787783999433032e-08,6.209720737615498e-08,5.130942337672195e-08,7.248615929711377e-08,-71.39744910873492,-41.39744910873492,cir_coefficients_tau_mask,,"[1, 1, 1, 1, 23, 1]","[1, 1, 23]","[1, 1, 23]","[1, 1, 23]",,True,,22,3.963743733237379e-08,-41.397819071230586,1,1.167198604434816e-08,0.0003699624956681191,1,0,0,0,0,1,1,1,3.2340964255878335,1079,2288,4978,0.10910688212170501,0.11055086076649774,0.11545954413683977,1973,0,0.1144
190,48827,rx_nao_chest,/home/telilab4090/Documents/Gazebo World/my_world/rt_out/experiments/semantic_ablation_rigid_200f/sionna_xml/frame_190_sionna.xml,30.0,0.0,0.0,2.4,-0.1337,2.748,0.7,28000000000.0,24,1.0787783999433032e-08,6.209720737615498e-08,5.130942337672195e-08,7.249248312746204e-08,-71.39707023849851,-41.397070238498515,cir_coefficients_tau_mask,,"[1, 1, 1, 1, 24, 1]","[1, 1, 24]","[1, 1, 24]","[1, 1, 24]",,True,,23,5.130942337672195e-08,-41.39744910873492,1,0.0,0.0003788702364033725,1,0,0,0,0,0,0,0,3.2340964255878335,1163,2135,5047,0.10901953951675983,0.11064210848759219,0.1149578228718141,2135,0,0.10675
191,49084,rx_nao_chest,/home/telilab4090/Documents/Gazebo World/my_world/rt_out/experiments/semantic_ablation_rigid_200f/sionna_xml/frame_191_sionna.xml,30.0,0.0,0.0,2.4,-0.1337,2.748,0.7,28000000000.0,24,1.0787783999433032e-08,6.209720737615498e-08,5.130942337672195e-08,7.249248312746204e-08,-71.39707023849851,-41.397070238498515,cir_coefficients_tau_mask,,"[1, 1, 1, 1, 24, 1]","[1, 1, 24]","[1, 1, 24]","[1, 1, 24]",,True,,24,5.130942337672195e-08,-41.397070238498515,0,0.0,0.0,0,0,0,0,0,0,0,0,3.2340964255878335,1075,2050,5150,0.1092508557091868,0.11073950778584576,0.11523253908573867,2050,0,0.1025
192,49341,rx_nao_chest,/home/telilab4090/Documents/Gazebo World/my_world/rt_out/experiments/semantic_ablation_rigid_200f/sionna_xml/frame_192_sionna.xml,30.0,0.0,0.0,2.4,-0.1337,2.748,0.7,28000000000.0,24,1.0787783999433032e-08,6.209720737615498e-08,5.130942337672195e-08,7.24924902328894e-08,-71.3970698128202,-41.397069812820206,cir_coefficients_tau_mask,,"[1, 1, 1, 1, 24, 1]","[1, 1, 24]","[1, 1, 24]","[1, 1, 24]",,True,,24,5.130942337672195e-08,-41.397070238498515,0,0.0,4.2567830860207323e-07,0,0,0,0,0,0,0,0,3.2340964255878335,1040,1976,4969,0.10966542755623633,0.11037769515315163,0.11578161559669642,1976,0,0.0988
193,49598,rx_nao_chest,/home/telilab4090/Documents/Gazebo World/my_world/rt_out/experiments/semantic_ablation_rigid_200f/sionna_xml/frame_193_sionna.xml,30.0,0.0,0.0,2.4,-0.1337,2.748,0.7,28000000000.0,24,1.0787783999433032e-08,6.209720737615498e-08,5.130942337672195e-08,7.24924902328894e-08,-71.3970698128202,-41.397069812820206,cir_coefficients_tau_mask,,"[1, 1, 1, 1, 24, 1]","[1, 1, 24]","[1, 1, 24]","[1, 1, 24]",,True,,24,5.130942337672195e-08,-41.397069812820206,0,0.0,0.0,0,0,0,0,0,0,0,0,3.2340964255878335,1183,2155,5163,0.10984043340063243,0.11089841549472779,0.11454220843428303,2147,0,0.10775
194,49855,rx_nao_chest,/home/telilab4090/Documents/Gazebo World/my_world/rt_out/experiments/semantic_ablation_rigid_200f/sionna_xml/frame_194_sionna.xml,30.0,0.0,0.0,2.4,-0.1337,2.748,0.7,28000000000.0,24,1.0787783999433032e-08,6.209720737615498e-08,5.130942337672195e-08,7.249248312746204e-08,-71.39707023849851,-41.397070238498515,cir_coefficients_tau_mask,,"[1, 1, 1, 1, 24, 1]","[1, 1, 24]","[1, 1, 24]","[1, 1, 24]",,True,,24,5.130942337672195e-08,-41.397069812820206,0,0.0,-4.2567830860207323e-07,0,0,0,0,0,0,0,0,3.2340964255878335,1164,2309,5204,0.10908142131678825,0.11031419366590864,0.11443376043856683,2097,0,0.11545
195,50112,rx_nao_chest,/home/telilab4090/Documents/Gazebo World/my_world/rt_out/experiments/semantic_ablation_rigid_200f/sionna_xml/frame_195_sionna.xml,30.0,0.0,0.0,2.4,-0.1337,2.748,0.7,28000000000.0,24,1.0787783999433032e-08,6.209720737615498e-08,5.130942337672195e-08,7.24924902328894e-08,-71.3970698128202,-41.397069812820206,cir_coefficients_tau_mask,,"[1, 1, 1, 1, 24, 1]","[1, 1, 24]","[1, 1, 24]","[1, 1, 24]",,True,,24,5.130942337672195e-08,-41.397070238498515,0,0.0,4.2567830860207323e-07,0,0,0,0,0,0,0,0,3.2340964255878335,1065,3317,5196,0.11018644565612927,0.11168451091120166,0.12333193647845925,2039,0,0.16585
196,50369,rx_nao_chest,/home/telilab4090/Documents/Gazebo World/my_world/rt_out/experiments/semantic_ablation_rigid_200f/sionna_xml/frame_196_sionna.xml,30.0,0.0,0.0,2.4,-0.1337,2.748,0.7,28000000000.0,24,1.0787783999433032e-08,6.209720737615498e-08,5.130942337672195e-08,7.249248312746204e-08,-71.39707023849851,-41.397070238498515,cir_coefficients_tau_mask,,"[1, 1, 1, 1, 24, 1]","[1, 1, 24]","[1, 1, 24]","[1, 1, 24]",,True,,24,5.130942337672195e-08,-41.397069812820206,0,0.0,-4.2567830860207323e-07,0,0,0,0,0,0,0,0,3.2340964255878335,1894,3582,5155,0.10946162933912204,0.11061520313753855,0.11665217111038213,2153,0,0.1791
197,50626,rx_nao_chest,/home/telilab4090/Documents/Gazebo World/my_world/rt_out/experiments/semantic_ablation_rigid_200f/sionna_xml/frame_197_sionna.xml,30.0,0.0,0.0,2.4,-0.1337,2.748,0.7,28000000000.0,24,1.0787783999433032e-08,6.209720737615498e-08,5.130942337672195e-08,7.249248312746204e-08,-71.39707023849851,-41.397070238498515,cir_coefficients_tau_mask,,"[1, 1, 1, 1, 24, 1]","[1, 1, 24]","[1, 1, 24]","[1, 1, 24]",,True,,24,5.130942337672195e-08,-41.397070238498515,0,0.0,0.0,0,0,0,0,0,0,0,0,3.2340964255878335,1067,2647,5153,0.10979236635606461,0.1112726970977042,0.11862148173877404,2036,0,0.13235
198,50883,rx_nao_chest,/home/telilab4090/Documents/Gazebo World/my_world/rt_out/experiments/semantic_ablation_rigid_200f/sionna_xml/frame_198_sionna.xml,30.0,0.0,0.0,2.4,-0.1337,2.748,0.7,28000000000.0,24,1.0787783999433032e-08,6.209720737615498e-08,5.130942337672195e-08,7.24924902328894e-08,-71.3970698128202,-41.397069812820206,cir_coefficients_tau_mask,,"[1, 1, 1, 1, 24, 1]","[1, 1, 24]","[1, 1, 24]","[1, 1, 24]",,True,,24,5.130942337672195e-08,-41.397070238498515,0,0.0,4.2567830860207323e-07,0,0,0,0,0,0,0,0,3.2340964255878335,1103,2534,5159,0.10908142131678825,0.1109549233328075,0.11564530698880537,2019,0,0.1267
199,51140,rx_nao_chest,/home/telilab4090/Documents/Gazebo World/my_world/rt_out/experiments/semantic_ablation_rigid_200f/sionna_xml/frame_199_sionna.xml,30.0,0.0,0.0,2.4,-0.1337,2.748,0.7,28000000000.0,24,1.0787783999433032e-08,6.209720737615498e-08,5.130942337672195e-08,7.249248312746204e-08,-71.39707023849851,-41.397070238498515,cir_coefficients_tau_mask,,"[1, 1, 1, 1, 24, 1]","[1, 1, 24]","[1, 1, 24]","[1, 1, 24]",,True,,24,5.130942337672195e-08,-41.397069812820206,0,0.0,-4.2567830860207323e-07,0,0,0,0,0,0,0,0,3.2340964255878335,1103,2521,5162,0.10915903912969357,0.11125267687887949,0.11649744477743225,2068,0,0.12605
1,257,rx_panda_base,/home/telilab4090/Documents/Gazebo World/my_world/rt_out/experiments/semantic_ablation_rigid_200f/sionna_xml/frame_001_sionna.xml,30.0,0.0,0.0,2.4,0.582,0.888,1.195,28000000000.0,22,1.0643357306605594e-08,6.284866316264015e-08,5.2205305856034556e-08,1.9107140314389426e-09,-87.18804307116332,-57.18804307116332,cir_coefficients_tau_mask,,"[1, 1, 1, 1, 22, 1]","[1, 1, 22]","[1, 1, 22]","[1, 1, 22]",,True,,22,5.2205306744212976e-08,-57.18804307116332,0,-8.881784197001252e-16,0.0,0,0,0,0,0,0,0,0,1.6060177458546339,2170,3377,3790,0.008141130942323407,0.019549488657585646,0.025822855395676757,2006,0,0.16885
2,514,rx_panda_base,/home/telilab4090/Documents/Gazebo World/my_world/rt_out/experiments/semantic_ablation_rigid_200f/sionna_xml/frame_002_sionna.xml,30.0,0.0,0.0,2.4,0.582,0.888,1.195,28000000000.0,22,1.0643357306605594e-08,6.284866316264015e-08,5.2205305856034556e-08,1.9107140314389426e-09,-87.18804307116332,-57.18804307116332,cir_coefficients_tau_mask,,"[1, 1, 1, 1, 22, 1]","[1, 1, 22]","[1, 1, 22]","[1, 1, 22]",,True,,22,5.2205305856034556e-08,-57.18804307116332,0,0.0,0.0,0,0,0,0,0,0,0,0,1.6060177458546339,2150,3346,3773,0.008024090623625952,0.01597331474478892,0.023101224553440575,2012,0,0.1673
3,771,rx_panda_base,/home/telilab4090/Documents/Gazebo World/my_world/rt_out/experiments/semantic_ablation_rigid_200f/sionna_xml/frame_003_sionna.xml,30.0,0.0,0.0,2.4,0.582,0.888,1.195,28000000000.0,27,7.579527228074312e-09,6.284866316264015e-08,5.526913593456584e-08,2.356929940106056e-08,-76.27653326715199,-46.27653326715199,cir_coefficients_tau_mask,,"[1, 1, 1, 1, 27, 1]","[1, 1, 27]","[1, 1, 27]","[1, 1, 27]",,True,,22,5.2205305856034556e-08,-57.18804307116332,5,3.063830078531282e-09,10.911509804011331,1,0,0,0,0,1,1,1,1.6060177458546339,2070,3476,3875,0.0030316331308100804,0.01024920553638747,0.01958464485281118,2110,0,0.1738
4,1028,rx_panda_base,/home/telilab4090/Documents/Gazebo World/my_world/rt_out/experiments/semantic_ablation_rigid_200f/sionna_xml/frame_004_sionna.xml,30.0,0.0,0.0,2.4,0.582,0.888,1.195,28000000000.0,27,7.579527228074312e-09,6.284866316264015e-08,5.526913593456584e-08,2.3569297624703722e-08,-76.27653359446846,-46.27653359446846,cir_coefficients_tau_mask,,"[1, 1, 1, 1, 27, 1]","[1, 1, 27]","[1, 1, 27]","[1, 1, 27]",,True,,27,5.526913593456584e-08,-46.27653326715199,0,0.0,-3.2731647081618576e-07,0,0,0,0,0,0,0,0,1.6060177458546339,1909,3358,3759,0.0020005312864173007,0.01787965027673727,0.02401668382672487,2035,0,0.1679
5,1285,rx_panda_base,/home/telilab4090/Documents/Gazebo World/my_world/rt_out/experiments/semantic_ablation_rigid_200f/sionna_xml/frame_005_sionna.xml,30.0,0.0,0.0,2.4,0.582,0.888,1.195,28000000000.0,27,7.579527228074312e-09,6.284866316264015e-08,5.526913593456584e-08,2.3569295848346883e-08,-76.27653392178496,-46.27653392178496,cir_coefficients_tau_mask,,"[1, 1, 1, 1, 27, 1]","[1, 1, 27]","[1, 1, 27]","[1, 1, 27]",,True,,27,5.526913593456584e-08,-46.27653359446846,0,0.0,-3.273164992378952e-07,0,0,0,0,0,0,0,0,1.6060177458546339,1799,3355,3766,0.001361034048067651,0.01640805039892498,0.02431186119336592,1977,0,0.16775
6,1542,rx_panda_base,/home/telilab4090/Documents/Gazebo World/my_world/rt_out/experiments/semantic_ablation_rigid_200f/sionna_xml/frame_006_sionna.xml,30.0,0.0,0.0,2.4,0.582,0.888,1.195,28000000000.0,27,7.579527228074312e-09,6.284866316264015e-08,5.526913593456584e-08,2.3569297624703722e-08,-76.27653359446846,-46.27653359446846,cir_coefficients_tau_mask,,"[1, 1, 1, 1, 27, 1]","[1, 1, 27]","[1, 1, 27]","[1, 1, 27]",,True,,27,5.526913593456584e-08,-46.27653392178496,0,0.0,3.273164992378952e-07,0,0,0,0,0,0,0,0,1.6060177458546339,1643,3361,3755,0.0036609590379663814,0.01428878204786684,0.02160412916979333,1970,0,0.16805
7,1799,rx_panda_base,/home/telilab4090/Documents/Gazebo World/my_world/rt_out/experiments/semantic_ablation_rigid_200f/sionna_xml/frame_007_sionna.xml,30.0,0.0,0.0,2.4,0.582,0.888,1.195,28000000000.0,27,7.579527228074312e-09,6.284866316264015e-08,5.526913593456584e-08,2.3569297624703722e-08,-76.27653359446846,-46.27653359446846,cir_coefficients_tau_mask,,"[1, 1, 1, 1, 27, 1]","[1, 1, 27]","[1, 1, 27]","[1, 1, 27]",,True,,27,5.526913593456584e-08,-46.27653359446846,0,0.0,0.0,0,0,0,0,0,0,0,0,1.6060177458546339,1658,3388,3799,0.004447909933423259,0.014691624511763535,0.02074895779579008,1989,0,0.1694
8,2056,rx_panda_base,/home/telilab4090/Documents/Gazebo World/my_world/rt_out/experiments/semantic_ablation_rigid_200f/sionna_xml/frame_008_sionna.xml,30.0,0.0,0.0,2.4,0.582,0.888,1.195,28000000000.0,27,7.579527228074312e-09,6.284866316264015e-08,5.526913593456584e-08,2.3569297624703722e-08,-76.27653359446846,-46.27653359446846,cir_coefficients_tau_mask,,"[1, 1, 1, 1, 27, 1]","[1, 1, 27]","[1, 1, 27]","[1, 1, 27]",,True,,27,5.526913593456584e-08,-46.27653359446846,0,0.0,0.0,0,0,0,0,0,0,0,0,1.6060177458546339,1628,3425,3844,0.00458870048228765,0.012747161509121339,0.02029145643535755,2033,0,0.17125
9,2313,rx_panda_base,/home/telilab4090/Documents/Gazebo World/my_world/rt_out/experiments/semantic_ablation_rigid_200f/sionna_xml/frame_009_sionna.xml,30.0,0.0,0.0,2.4,0.582,0.888,1.195,28000000000.0,27,7.579527228074312e-09,6.284866316264015e-08,5.526913593456584e-08,2.3569297624703722e-08,-76.27653359446846,-46.27653359446846,cir_coefficients_tau_mask,,"[1, 1, 1, 1, 27, 1]","[1, 1, 27]","[1, 1, 27]","[1, 1, 27]",,True,,27,5.526913593456584e-08,-46.27653359446846,0,0.0,0.0,0,0,0,0,0,0,0,0,1.6060177458546339,1573,3327,3749,0.0027356677434259465,0.013982567132474024,0.020503431519903702,1979,0,0.16635
10,2570,rx_panda_base,/home/telilab4090/Documents/Gazebo World/my_world/rt_out/experiments/semantic_ablation_rigid_200f/sionna_xml/frame_010_sionna.xml,30.0,0.0,0.0,2.4,0.582,0.888,1.195,28000000000.0,26,7.579527228074312e-09,6.284866316264015e-08,5.526913593456584e-08,2.3566474993685915e-08,-76.27705373151464,-46.27705373151464,cir_coefficients_tau_mask,,"[1, 1, 1, 1, 26, 1]","[1, 1, 26]","[1, 1, 26]","[1, 1, 26]",,True,,27,5.526913593456584e-08,-46.27653359446846,-1,0.0,-0.00052013704618048,1,1,0,0,0,0,0,0,1.6060177458546339,1610,3293,3634,0.004218031263753055,0.011714198519992064,0.017895279710427595,1953,0,0.16465
11,2827,rx_panda_base,/home/telilab4090/Documents/Gazebo World/my_world/rt_out/experiments/semantic_ablation_rigid_200f/sionna_xml/frame_011_sionna.xml,30.0,0.0,0.0,2.4,0.582,0.888,1.195,28000000000.0,33,5.357098764591228e-09,6.382698813922616e-08,5.846988937463493e-08,2.953717341824813e-07,-65.29631067168692,-35.296310671686925,cir_coefficients_tau_mask,,"[1, 1, 1, 1, 33, 1]","[1, 1, 33]","[1, 1, 33]","[1, 1, 33]",,True,,26,5.526913593456584e-08,-46.27705373151464,7,3.200753440069093e-09,10.980743059827716,1,0,0,0,0,1,1,1,1.6060177458546339,718,1973,3388,0.06114963600016034,0.07147829679998616,0.0814075113926414,1949,0,0.09865
12,3084,rx_panda_base,/home/telilab4090/Documents/Gazebo World/my_world/rt_out/experiments/semantic_ablation_rigid_200f/sionna_xml/frame_012_sionna.xml,30.0,0.0,0.0,2.4,0.582,0.888,1.195,28000000000.0,35,5.357098764591228e-09,6.382698813922616e-08,5.846988937463493e-08,2.955926277081744e-07,-65.2930640175754,-35.293064017575404,cir_coefficients_tau_mask,,"[1, 1, 1, 1, 35, 1]","[1, 1, 35]","[1, 1, 35]","[1, 1, 35]",,True,,33,5.846988937463493e-08,-35.296310671686925,2,0.0,0.003246654111521252,1,0,0,0,0,0,0,0,1.6060177458546339,618,1946,3371,0.06064697694076035,0.07015068866653949,0.08238626603963778,1944,0,0.0973
13,3341,rx_panda_base,/home/telilab4090/Documents/Gazebo World/my_world/rt_out/experiments/semantic_ablation_rigid_200f/sionna_xml/frame_013_sionna.xml,30.0,0.0,0.0,2.4,0.582,0.888,1.195,28000000000.0,35,5.357098764591228e-09,6.382698813922616e-08,5.846988937463493e-08,2.9559265612988384e-07,-65.29306359999426,-35.293063599994255,cir_coefficients_tau_mask,,"[1, 1, 1, 1, 35, 1]","[1, 1, 35]","[1, 1, 35]","[1, 1, 35]",,True,,35,5.846988937463493e-08,-35.293064017575404,0,0.0,4.175811483264624e-07,0,0,0,0,0,0,0,0,1.6060177458546339,653,1993,3397,0.05941034037555994,0.07020145672612528,0.08569747314814108,1989,0,0.09965
14,3598,rx_panda_base,/home/telilab4090/Documents/Gazebo World/my_world/rt_out/experiments/semantic_ablation_rigid_200f/sionna_xml/frame_014_sionna.xml,30.0,0.0,0.0,2.4,0.582,0.888,1.195,28000000000.0,27,5.357098764591228e-09,6.382698813922616e-08,5.846988937463493e-08,2.9475992846528243e-07,-65.30531557547322,-35.305315575473216,cir_coefficients_tau_mask,,"[1, 1, 1, 1, 27, 1]","[1, 1, 27]","[1, 1, 27]","[1, 1, 27]",,True,,35,5.846988937463493e-08,-35.293063599994255,-8,0.0,-0.01225197547896073,1,1,0,0,0,0,0,0,1.6060177458546339,787,2126,3454,0.05618643519516834,0.07073910084038286,0.07883590718313005,2062,0,0.1063
15,3855,rx_panda_base,/home/telilab4090/Documents/Gazebo World/my_world/rt_out/experiments/semantic_ablation_rigid_200f/sionna_xml/frame_015_sionna.xml,30.0,0.0,0.0,2.4,0.582,0.888,1.195,28000000000.0,31,7.579527228074312e-09,6.284866316264015e-08,5.526913593456584e-08,2.4364965156564722e-08,-76.13234205350714,-46.132342053507145,cir_coefficients_tau_mask,,"[1, 1, 1, 1, 31, 1]","[1, 1, 31]","[1, 1, 31]","[1, 1, 31]",,True,,27,5.846988937463493e-08,-35.305315575473216,4,-3.200753440069093e-09,-10.827026478033929,1,0,1,1,1,0,1,1,1.6060177458546339,1469,3138,3494,0.0021586970489237676,0.0129743508451227,0.02530589722497318,2067,0,0.1569
16,4112,rx_panda_base,/home/telilab4090/Documents/Gazebo World/my_world/rt_out/experiments/semantic_ablation_rigid_200f/sionna_xml/frame_016_sionna.xml,30.0,0.0,0.0,2.4,0.582,0.888,1.195,28000000000.0,30,7.579527228074312e-09,6.284866316264015e-08,5.526913593456584e-08,2.4321986202835433e-08,-76.14000962223754,-46.14000962223754,cir_coefficients_tau_mask,,"[1, 1, 1, 1, 30, 1]","[1, 1, 30]","[1, 1, 30]","[1, 1, 30]",,True,,31,5.526913593456584e-08,-46.132342053507145,-1,0.0,-0.007667568730397534,1,1,0,0,0,0,0,0,1.6060177458546339,1232,2244,3470,0.004389948374628262,0.01788571190012004,0.03153418802990372,2054,0,0.1122
17,4369,rx_panda_base,/home/telilab4090/Documents/Gazebo World/my_world/rt_out/experiments/semantic_ablation_rigid_200f/sionna_xml/frame_017_sionna.xml,30.0,0.0,0.0,2.4,0.582,0.888,1.195,28000000000.0,30,7.579527228074312e-09,6.284866316264015e-08,5.526913593456584e-08,2.4321987979192272e-08,-76.14000930505047,-46.14000930505047,cir_coefficients_tau_mask,,"[1, 1, 1, 1, 30, 1]","[1, 1, 30]","[1, 1, 30]","[1, 1, 30]",,True,,30,5.526913593456584e-08,-46.14000962223754,0,0.0,3.171870730511728e-07,0,0,0,0,0,0,0,0,1.6060177458546339,1221,2253,3477,0.004758610364053443,0.02204875706159041,0.036985177605792084,2059,0,0.11265
18,4626,rx_panda_base,/home/telilab4090/Documents/Gazebo World/my_world/rt_out/experiments/semantic_ablation_rigid_200f/sionna_xml/frame_018_sionna.xml,30.0,0.0,0.0,2.4,0.582,0.888,1.195,28000000000.0,30,7.579527228074312e-09,6.284866316264015e-08,5.526913593456584e-08,2.4321987979192272e-08,-76.14000930505047,-46.14000930505047,cir_coefficients_tau_mask,,"[1, 1, 1, 1, 30, 1]","[1, 1, 30]","[1, 1, 30]","[1, 1, 30]",,True,,30,5.526913593456584e-08,-46.14000930505047,0,0.0,0.0,0,0,0,0,0,0,0,0,1.6060177458546339,1141,2123,3328,0.006264792657498525,0.017554598784744975,0.03140542275041863,1904,0,0.10615
19,4883,rx_panda_base,/home/telilab4090/Documents/Gazebo World/my_world/rt_out/experiments/semantic_ablation_rigid_200f/sionna_xml/frame_019_sionna.xml,30.0,0.0,0.0,2.4,0.582,0.888,1.195,28000000000.0,29,5.357098764591228e-09,6.284866316264015e-08,5.749156439804892e-08,2.9479321028702543e-07,-65.30482523420979,-35.30482523420979,cir_coefficients_tau_mask,,"[1, 1, 1, 1, 29, 1]","[1, 1, 29]","[1, 1, 29]","[1, 1, 29]",,True,,30,5.526913593456584e-08,-46.14000930505047,-1,2.2224284634830838e-09,10.835184070840683,1,1,0,0,0,1,1,1,1.6060177458546339,1180,2141,3317,0.006789136641228228,0.01600897014976138,0.027654984171142618,1848,0,0.10705
20,5140,rx_panda_base,/home/telilab4090/Documents/Gazebo World/my_world/rt_out/experiments/semantic_ablation_rigid_200f/sionna_xml/frame_020_sionna.xml,30.0,0.0,0.0,2.4,0.582,0.888,1.195,28000000000.0,24,5.357098764591228e-09,6.284866316264015e-08,5.749156439804892e-08,2.841406399056723e-07,-65.46466645810595,-35.46466645810595,cir_coefficients_tau_mask,,"[1, 1, 1, 1, 24, 1]","[1, 1, 24]","[1, 1, 24]","[1, 1, 24]",,True,,29,5.749156439804892e-08,-35.30482523420979,-5,0.0,-0.15984122389616573,1,1,0,0,0,0,0,0,1.6060177458546339,1309,2697,3365,0.015937592583553543,0.024261654773148428,0.03680530659724897,1806,0,0.13485
21,5397,rx_panda_base,/home/telilab4090/Documents/Gazebo World/my_world/rt_out/experiments/semantic_ablation_rigid_200f/sionna_xml/frame_021_sionna.xml,30.0,0.0,0.0,2.4,0.582,0.888,1.195,28000000000.0,20,5.357098764591228e-09,6.284866316264015e-08,5.749156439804892e-08,2.840686477156851e-07,-65.46576696144865,-35.46576696144865,cir_coefficients_tau_mask,,"[1, 1, 1, 1, 20, 1]","[1, 1, 20]","[1, 1, 20]","[1, 1, 20]",,True,,24,5.749156439804892e-08,-35.46466645810595,-4,0.0,-0.001100503342698289,1,1,0,0,0,0,0,0,1.6060177458546339,1296,2634,3298,0.02270705992248577,0.03390960232392425,0.044453146311891026,1769,0,0.1317
22,5654,rx_panda_base,/home/telilab4090/Documents/Gazebo World/my_world/rt_out/experiments/semantic_ablation_rigid_200f/sionna_xml/frame_022_sionna.xml,30.0,0.0,0.0,2.4,0.582,0.888,1.195,28000000000.0,24,5.357098764591228e-09,6.284866316264015e-08,5.749156439804892e-08,2.841406399056723e-07,-65.46466645810595,-35.46466645810595,cir_coefficients_tau_mask,,"[1, 1, 1, 1, 24, 1]","[1, 1, 24]","[1, 1, 24]","[1, 1, 24]",,True,,20,5.749156439804892e-08,-35.46576696144865,4,0.0,0.001100503342698289,1,0,0,0,0,0,0,0,1.6060177458546339,1304,2685,3355,0.02417979428237473,0.0336152516967992,0.044797410877805664,1784,0,0.13425
23,5911,rx_panda_base,/home/telilab4090/Documents/Gazebo World/my_world/rt_out/experiments/semantic_ablation_rigid_200f/sionna_xml/frame_023_sionna.xml,30.0,0.0,0.0,2.4,0.582,0.888,1.195,28000000000.0,24,5.357098764591228e-09,6.284866316264015e-08,5.749156439804892e-08,2.8414061148396286e-07,-65.46466689251731,-35.464666892517315,cir_coefficients_tau_mask,,"[1, 1, 1, 1, 24, 1]","[1, 1, 24]","[1, 1, 24]","[1, 1, 24]",,True,,24,5.749156439804892e-08,-35.46466645810595,0,0.0,-4.344113619936252e-07,0,0,0,0,0,0,0,0,1.6060177458546339,1299,2763,3450,0.024796093697245218,0.031872531983030715,0.04370617207922975,1825,0,0.13815
24,6168,rx_panda_base,/home/telilab4090/Documents/Gazebo World/my_world/rt_out/experiments/semantic_ablation_rigid_200f/sionna_xml/frame_024_sionna.xml,30.0,0.0,0.0,2.4,0.582,0.888,1.195,28000000000.0,24,5.357098764591228e-09,6.284866316264015e-08,5.749156439804892e-08,2.841406399056723e-07,-65.46466645810595,-35.46466645810595,cir_coefficients_tau_mask,,"[1, 1, 1, 1, 24, 1]","[1, 1, 24]","[1, 1, 24]","[1, 1, 24]",,True,,24,5.749156439804892e-08,-35.464666892517315,0,0.0,4.344113619936252e-07,0,0,0,0,0,0,0,0,1.6060177458546339,1307,2679,3448,0.03920549714053701,0.049821396727654045,0.059312838122305936,1813,0,0.13395
25,6425,rx_panda_base,/home/telilab4090/Documents/Gazebo World/my_world/rt_out/experiments/semantic_ablation_rigid_200f/sionna_xml/frame_025_sionna.xml,30.0,0.0,0.0,2.4,0.582,0.888,1.195,28000000000.0,27,5.357098764591228e-09,6.284866316264015e-08,5.749156439804892e-08,3.0037239184821374e-07,-65.22339987177128,-35.22339987177128,cir_coefficients_tau_mask,,"[1, 1, 1, 1, 27, 1]","[1, 1, 27]","[1, 1, 27]","[1, 1, 27]",,True,,24,5.749156439804892e-08,-35.46466645810595,3,0.0,0.24126658633467457,1,0,0,0,0,0,0,0,1.6060177458546339,1234,2409,3392,0.05678226455011171,0.06384697410242188,0.07235715824504119,1746,0,0.12045
26,6682,rx_panda_base,/home/telilab4090/Documents/Gazebo World/my_world/rt_out/experiments/semantic_ablation_rigid_200f/sionna_xml/frame_026_sionna.xml,30.0,0.0,0.0,2.4,0.582,0.888,1.195,28000000000.0,31,5.357098764591228e-09,6.284866316264015e-08,5.749156439804892e-08,3.004476809564949e-07,-65.22231143794808,-35.22231143794808,cir_coefficients_tau_mask,,"[1, 1, 1, 1, 31, 1]","[1, 1, 31]","[1, 1, 31]","[1, 1, 31]",,True,,27,5.749156439804892e-08,-35.22339987177128,4,0.0,0.0010884338231988977,1,0,0,0,0,0,0,0,1.6060177458546339,1168,2455,3365,0.06210393141885382,0.06709011986327831,0.07477308271822942,1764,0,0.12275
27,6939,rx_panda_base,/home/telilab4090/Documents/Gazebo World/my_world/rt_out/experiments/semantic_ablation_rigid_200f/sionna_xml/frame_027_sionna.xml,30.0,0.0,0.0,2.4,0.582,0.888,1.195,28000000000.0,31,5.357098764591228e-09,6.284866316264015e-08,5.749156439804892e-08,3.0044765253478545e-07,-65.2223118487814,-35.2223118487814,cir_coefficients_tau_mask,,"[1, 1, 1, 1, 31, 1]","[1, 1, 31]","[1, 1, 31]","[1, 1, 31]",,True,,31,5.749156439804892e-08,-35.22231143794808,0,0.0,-4.1083332291691477e-07,0,0,0,0,0,0,0,0,1.6060177458546339,1286,2799,3391,0.0635388861730329,0.06790502036336084,0.0751311111982146,1772,0,0.13995
28,7196,rx_panda_base,/home/telilab4090/Documents/Gazebo World/my_world/rt_out/experiments/semantic_ablation_rigid_200f/sionna_xml/frame_028_sionna.xml,30.0,0.0,0.0,2.4,0.582,0.888,1.195,28000000000.0,31,5.357098764591228e-09,6.284866316264015e-08,5.749156439804892e-08,3.004476809564949e-07,-65.22231143794808,-35.22231143794808,cir_coefficients_tau_mask,,"[1, 1, 1, 1, 31, 1]","[1, 1, 31]","[1, 1, 31]","[1, 1, 31]",,True,,31,5.749156439804892e-08,-35.2223118487814,0,0.0,4.1083332291691477e-07,0,0,0,0,0,0,0,0,1.6060177458546339,1305,2799,3427,0.06351581620788391,0.06709466988182149,0.07460777752923406,1794,0,0.13995
29,7453,rx_panda_base,/home/telilab4090/Documents/Gazebo World/my_world/rt_out/experiments/semantic_ablation_rigid_200f/sionna_xml/frame_029_sionna.xml,30.0,0.0,0.0,2.4,0.582,0.888,1.195,28000000000.0,31,5.357098764591228e-09,6.284866316264015e-08,5.749156439804892e-08,3.004476809564949e-07,-65.22231143794808,-35.22231143794808,cir_coefficients_tau_mask,,"[1, 1, 1, 1, 31, 1]","[1, 1, 31]","[1, 1, 31]","[1, 1, 31]",,True,,31,5.749156439804892e-08,-35.22231143794808,0,0.0,0.0,0,0,0,0,0,0,0,0,1.6060177458546339,1276,2712,3457,0.06926378330917038,0.0731818676694703,0.07920227640588096,1807,0,0.1356
30,7710,rx_panda_base,/home/telilab4090/Documents/Gazebo World/my_world/rt_out/experiments/semantic_ablation_rigid_200f/sionna_xml/frame_030_sionna.xml,30.0,0.0,0.0,2.4,0.582,0.888,1.195,28000000000.0,31,5.357098764591228e-09,6.284866316264015e-08,5.749156439804892e-08,3.004476809564949e-07,-65.22231143794808,-35.22231143794808,cir_coefficients_tau_mask,,"[1, 1, 1, 1, 31, 1]","[1, 1, 31]","[1, 1, 31]","[1, 1, 31]",,True,,31,5.749156439804892e-08,-35.22231143794808,0,0.0,0.0,0,0,0,0,0,0,0,0,1.6060177458546339,1158,2400,3398,0.07767778861915639,0.08317360625082389,0.0900848113570083,1692,0,0.12
31,7967,rx_panda_base,/home/telilab4090/Documents/Gazebo World/my_world/rt_out/experiments/semantic_ablation_rigid_200f/sionna_xml/frame_031_sionna.xml,30.0,0.0,0.0,2.4,0.582,0.888,1.195,28000000000.0,31,5.357098764591228e-09,6.284866316264015e-08,5.749156439804892e-08,3.004476809564949e-07,-65.22231143794808,-35.22231143794808,cir_coefficients_tau_mask,,"[1, 1, 1, 1, 31, 1]","[1, 1, 31]","[1, 1, 31]","[1, 1, 31]",,True,,31,5.749156439804892e-08,-35.22231143794808,0,0.0,0.0,0,0,0,0,0,0,0,0,1.6060177458546339,1119,2465,3349,0.07924571043941071,0.08444416907670965,0.0936321985756669,1744,0,0.12325
32,8224,rx_panda_base,/home/telilab4090/Documents/Gazebo World/my_world/rt_out/experiments/semantic_ablation_rigid_200f/sionna_xml/frame_032_sionna.xml,30.0,0.0,0.0,2.4,0.582,0.888,1.195,28000000000.0,31,5.357098764591228e-09,6.284866316264015e-08,5.749156439804892e-08,3.0044765253478545e-07,-65.2223118487814,-35.2223118487814,cir_coefficients_tau_mask,,"[1, 1, 1, 1, 31, 1]","[1, 1, 31]","[1, 1, 31]","[1, 1, 31]",,True,,31,5.749156439804892e-08,-35.22231143794808,0,0.0,-4.1083332291691477e-07,0,0,0,0,0,0,0,0,1.6060177458546339,1172,2521,3370,0.07943734894682491,0.08786458517626503,0.09390310033805294,1754,0,0.12605
33,8481,rx_panda_base,/home/telilab4090/Documents/Gazebo World/my_world/rt_out/experiments/semantic_ablation_rigid_200f/sionna_xml/frame_033_sionna.xml,30.0,0.0,0.0,2.4,0.582,0.888,1.195,28000000000.0,31,5.357098764591228e-09,6.284866316264015e-08,5.749156439804892e-08,3.004476809564949e-07,-65.22231143794808,-35.22231143794808,cir_coefficients_tau_mask,,"[1, 1, 1, 1, 31, 1]","[1, 1, 31]","[1, 1, 31]","[1, 1, 31]",,True,,31,5.749156439804892e-08,-35.2223118487814,0,0.0,4.1083332291691477e-07,0,0,0,0,0,0,0,0,1.6060177458546339,1165,2550,3371,0.07981279772445782,0.08376347490742879,0.09003265541725247,1799,0,0.1275
34,8737,rx_panda_base,/home/telilab4090/Documents/Gazebo World/my_world/rt_out/experiments/semantic_ablation_rigid_200f/sionna_xml/frame_034_sionna.xml,30.0,0.0,0.0,2.4,0.582,0.888,1.195,28000000000.0,31,5.357098764591228e-09,6.284866316264015e-08,5.749156439804892e-08,3.004476809564949e-07,-65.22231143794808,-35.22231143794808,cir_coefficients_tau_mask,,"[1, 1, 1, 1, 31, 1]","[1, 1, 31]","[1, 1, 31]","[1, 1, 31]",,True,,31,5.749156439804892e-08,-35.22231143794808,0,0.0,0.0,0,0,0,0,0,0,0,0,1.6060177458546339,1156,2500,3385,0.08128149156886243,0.08787286776392769,0.09530651152388771,1775,0,0.125
35,8994,rx_panda_base,/home/telilab4090/Documents/Gazebo World/my_world/rt_out/experiments/semantic_ablation_rigid_200f/sionna_xml/frame_035_sionna.xml,30.0,0.0,0.0,2.4,0.582,0.888,1.195,28000000000.0,31,5.357098764591228e-09,6.284866316264015e-08,5.749156439804892e-08,3.0044765253478545e-07,-65.2223118487814,-35.2223118487814,cir_coefficients_tau_mask,,"[1, 1, 1, 1, 31, 1]","[1, 1, 31]","[1, 1, 31]","[1, 1, 31]",,True,,31,5.749156439804892e-08,-35.22231143794808,0,0.0,-4.1083332291691477e-07,0,0,0,0,0,0,0,0,1.6060177458546339,1105,2248,3413,0.08729765508778074,0.09391588514061446,0.10082127308245666,1791,0,0.1124
36,9251,rx_panda_base,/home/telilab4090/Documents/Gazebo World/my_world/rt_out/experiments/semantic_ablation_rigid_200f/sionna_xml/frame_036_sionna.xml,30.0,0.0,0.0,2.4,0.582,0.888,1.195,28000000000.0,31,5.357098764591228e-09,6.284866316264015e-08,5.749156439804892e-08,3.004476809564949e-07,-65.22231143794808,-35.22231143794808,cir_coefficients_tau_mask,,"[1, 1, 1, 1, 31, 1]","[1, 1, 31]","[1, 1, 31]","[1, 1, 31]",,True,,31,5.749156439804892e-08,-35.2223118487814,0,0.0,4.1083332291691477e-07,0,0,0,0,0,0,0,0,1.6060177458546339,1110,2725,3405,0.08821976242376346,0.09279760316510496,0.09958916425227221,1751,0,0.13625
37,9508,rx_panda_base,/home/telilab4090/Documents/Gazebo World/my_world/rt_out/experiments/semantic_ablation_rigid_200f/sionna_xml/frame_037_sionna.xml,30.0,0.0,0.0,2.4,0.582,0.888,1.195,28000000000.0,31,5.357098764591228e-09,6.284866316264015e-08,5.749156439804892e-08,3.004477093782043e-07,-65.22231102711478,-35.222311027114785,cir_coefficients_tau_mask,,"[1, 1, 1, 1, 31, 1]","[1, 1, 31]","[1, 1, 31]","[1, 1, 31]",,True,,31,5.749156439804892e-08,-35.22231143794808,0,0.0,4.1083329449520534e-07,0,0,0,0,0,0,0,0,1.6060177458546339,1140,2775,3468,0.08916527264883763,0.09477370151549981,0.10241223583107695,1815,0,0.13875
38,9765,rx_panda_base,/home/telilab4090/Documents/Gazebo World/my_world/rt_out/experiments/semantic_ablation_rigid_200f/sionna_xml/frame_038_sionna.xml,30.0,0.0,0.0,2.4,0.582,0.888,1.195,28000000000.0,31,5.357098764591228e-09,6.284866316264015e-08,5.749156439804892e-08,3.004476809564949e-07,-65.22231143794808,-35.22231143794808,cir_coefficients_tau_mask,,"[1, 1, 1, 1, 31, 1]","[1, 1, 31]","[1, 1, 31]","[1, 1, 31]",,True,,31,5.749156439804892e-08,-35.222311027114785,0,0.0,-4.1083329449520534e-07,0,0,0,0,0,0,0,0,1.6060177458546339,1089,2681,3335,0.0886757737147027,0.09493654709054085,0.10048712805803761,1790,0,0.13405
39,10022,rx_panda_base,/home/telilab4090/Documents/Gazebo World/my_world/rt_out/experiments/semantic_ablation_rigid_200f/sionna_xml/frame_039_sionna.xml,30.0,0.0,0.0,2.4,0.582,0.888,1.195,28000000000.0,34,5.357098764591228e-09,6.284866316264015e-08,5.749156439804892e-08,3.007610303029651e-07,-65.2177843610161,-35.2177843610161,cir_coefficients_tau_mask,,"[1, 1, 1, 1, 34, 1]","[1, 1, 34]","[1, 1, 34]","[1, 1, 34]",,True,,31,5.749156439804892e-08,-35.22231143794808,3,0.0,0.004527076931978513,1,0,0,0,0,0,0,0,1.6060177458546339,493,1748,3416,0.10124921825692387,0.11756552918527088,0.1306003887752986,1475,0,0.0874
40,10279,rx_panda_base,/home/telilab4090/Documents/Gazebo World/my_world/rt_out/experiments/semantic_ablation_rigid_200f/sionna_xml/frame_040_sionna.xml,30.0,0.0,0.0,2.4,0.582,0.888,1.195,28000000000.0,34,5.357098764591228e-09,6.284866316264015e-08,5.749156439804892e-08,3.0076100188125565e-07,-65.21778477142139,-35.21778477142139,cir_coefficients_tau_mask,,"[1, 1, 1, 1, 34, 1]","[1, 1, 34]","[1, 1, 34]","[1, 1, 34]",,True,,34,5.749156439804892e-08,-35.2177843610161,0,0.0,-4.104052919728929e-07,0,0,0,0,0,0,0,0,1.6060177458546339,479,1795,3433,0.10124954025615636,0.12009438686454618,0.13238650682983946,1496,0,0.08975
41,10536,rx_panda_base,/home/telilab4090/Documents/Gazebo World/my_world/rt_out/experiments/semantic_ablation_rigid_200f/sionna_xml/frame_041_sionna.xml,30.0,0.0,0.0,2.4,0.582,0.888,1.195,28000000000.0,34,5.357098764591228e-09,6.284866316264015e-08,5.749156439804892e-08,3.007610303029651e-07,-65.2177843610161,-35.2177843610161,cir_coefficients_tau_mask,,"[1, 1, 1, 1, 34, 1]","[1, 1, 34]","[1, 1, 34]","[1, 1, 34]",,True,,34,5.749156439804892e-08,-35.21778477142139,0,0.0,4.104052919728929e-07,0,0,0,0,0,0,0,0,1.6060177458546339,512,1852,3447,0.10412400430541544,0.11759230891450603,0.12975562619480385,1550,0,0.0926
42,10793,rx_panda_base,/home/telilab4090/Documents/Gazebo World/my_world/rt_out/experiments/semantic_ablation_rigid_200f/sionna_xml/frame_042_sionna.xml,30.0,0.0,0.0,2.4,0.582,0.888,1.195,28000000000.0,34,5.357098764591228e-09,6.284866316264015e-08,5.749156439804892e-08,3.0076100188125565e-07,-65.21778477142139,-35.21778477142139,cir_coefficients_tau_mask,,"[1, 1, 1, 1, 34, 1]","[1, 1, 34]","[1, 1, 34]","[1, 1, 34]",,True,,34,5.749156439804892e-08,-35.2177843610161,0,0.0,-4.104052919728929e-07,0,0,0,0,0,0,0,0,1.6060177458546339,469,1741,3424,0.10129272430615135,0.11437799799732744,0.13108833270775194,1463,0,0.08705
43,11050,rx_panda_base,/home/telilab4090/Documents/Gazebo World/my_world/rt_out/experiments/semantic_ablation_rigid_200f/sionna_xml/frame_043_sionna.xml,30.0,0.0,0.0,2.4,0.582,0.888,1.195,28000000000.0,34,5.357098764591228e-09,6.284866316264015e-08,5.749156439804892e-08,3.007609734595462e-07,-65.21778518182674,-35.21778518182674,cir_coefficients_tau_mask,,"[1, 1, 1, 1, 34, 1]","[1, 1, 34]","[1, 1, 34]","[1, 1, 34]",,True,,34,5.749156439804892e-08,-35.21778477142139,0,0.0,-4.1040534881631174e-07,0,0,0,0,0,0,0,0,1.6060177458546339,488,1751,3362,0.09756490724569176,0.11803119420174038,0.1318230613087781,1499,0,0.08755
44,11307,rx_panda_base,/home/telilab4090/Documents/Gazebo World/my_world/rt_out/experiments/semantic_ablation_rigid_200f/sionna_xml/frame_044_sionna.xml,30.0,0.0,0.0,2.4,0.582,0.888,1.195,28000000000.0,31,5.357098764591228e-09,6.284866316264015e-08,5.749156439804892e-08,3.004476809564949e-07,-65.22231143794808,-35.22231143794808,cir_coefficients_tau_mask,,"[1, 1, 1, 1, 31, 1]","[1, 1, 31]","[1, 1, 31]","[1, 1, 31]",,True,,34,5.749156439804892e-08,-35.21778518182674,-3,0.0,-0.004526256121337724,1,1,0,0,0,0,0,0,1.6060177458546339,899,2287,3405,0.09977142960402777,0.11113300004268596,0.11625956202771776,1730,0,0.11435
45,11564,rx_panda_base,/home/telilab4090/Documents/Gazebo World/my_world/rt_out/experiments/semantic_ablation_rigid_200f/sionna_xml/frame_045_sionna.xml,30.0,0.0,0.0,2.4,0.582,0.888,1.195,28000000000.0,31,5.357098764591228e-09,6.284866316264015e-08,5.749156439804892e-08,3.004476809564949e-07,-65.22231143794808,-35.22231143794808,cir_coefficients_tau_mask,,"[1, 1, 1, 1, 31, 1]","[1, 1, 31]","[1, 1, 31]","[1, 1, 31]",,True,,31,5.749156439804892e-08,-35.22231143794808,0,0.0,0.0,0,0,0,0,0,0,0,0,1.6060177458546339,812,2025,3401,0.09369775854451741,0.10946473745929679,0.11683525626540202,1647,0,0.10125
46,11821,rx_panda_base,/home/telilab4090/Documents/Gazebo World/my_world/rt_out/experiments/semantic_ablation_rigid_200f/sionna_xml/frame_046_sionna.xml,30.0,0.0,0.0,2.4,0.582,0.888,1.195,28000000000.0,31,5.357098764591228e-09,6.284866316264015e-08,5.749156439804892e-08,3.004477093782043e-07,-65.22231102711478,-35.222311027114785,cir_coefficients_tau_mask,,"[1, 1, 1, 1, 31, 1]","[1, 1, 31]","[1, 1, 31]","[1, 1, 31]",,True,,31,5.749156439804892e-08,-35.22231143794808,0,0.0,4.1083329449520534e-07,0,0,0,0,0,0,0,0,1.6060177458546339,844,2066,3355,0.09369720043844489,0.10798713168974287,0.11445739925080609,1665,0,0.1033
47,12078,rx_panda_base,/home/telilab4090/Documents/Gazebo World/my_world/rt_out/experiments/semantic_ablation_rigid_200f/sionna_xml/frame_047_sionna.xml,30.0,0.0,0.0,2.4,0.582,0.888,1.195,28000000000.0,31,5.357098764591228e-09,6.284866316264015e-08,5.749156439804892e-08,3.0044765253478545e-07,-65.2223118487814,-35.2223118487814,cir_coefficients_tau_mask,,"[1, 1, 1, 1, 31, 1]","[1, 1, 31]","[1, 1, 31]","[1, 1, 31]",,True,,31,5.749156439804892e-08,-35.222311027114785,0,0.0,-8.216666174121201e-07,0,0,0,0,0,0,0,0,1.6060177458546339,820,2000,3309,0.09531595957468485,0.11042746857015417,0.11748043658206392,1637,0,0.1
48,12335,rx_panda_base,/home/telilab4090/Documents/Gazebo World/my_world/rt_out/experiments/semantic_ablation_rigid_200f/sionna_xml/frame_048_sionna.xml,30.0,0.0,0.0,2.4,0.582,0.888,1.195,28000000000.0,31,5.357098764591228e-09,6.284866316264015e-08,5.749156439804892e-08,3.0044765253478545e-07,-65.2223118487814,-35.2223118487814,cir_coefficients_tau_mask,,"[1, 1, 1, 1, 31, 1]","[1, 1, 31]","[1, 1, 31]","[1, 1, 31]",,True,,31,5.749156439804892e-08,-35.2223118487814,0,0.0,0.0,0,0,0,0,0,0,0,0,1.6060177458546339,861,2047,3406,0.09272311120776798,0.11063568319233144,0.11630254079920173,1688,0,0.10235
49,12592,rx_panda_base,/home/telilab4090/Documents/Gazebo World/my_world/rt_out/experiments/semantic_ablation_rigid_200f/sionna_xml/frame_049_sionna.xml,30.0,0.0,0.0,2.4,0.582,0.888,1.195,28000000000.0,31,5.357098764591228e-09,6.284866316264015e-08,5.749156439804892e-08,3.0044765253478545e-07,-65.2223118487814,-35.2223118487814,cir_coefficients_tau_mask,,"[1, 1, 1, 1, 31, 1]","[1, 1, 31]","[1, 1, 31]","[1, 1, 31]",,True,,31,5.749156439804892e-08,-35.2223118487814,0,0.0,0.0,0,0,0,0,0,0,0,0,1.6060177458546339,993,2118,3372,0.07861026100318845,0.08716558869792747,0.09515622329108032,1741,0,0.1059
50,12849,rx_panda_base,/home/telilab4090/Documents/Gazebo World/my_world/rt_out/experiments/semantic_ablation_rigid_200f/sionna_xml/frame_050_sionna.xml,30.0,0.0,0.0,2.4,0.582,0.888,1.195,28000000000.0,20,5.357098764591228e-09,6.284866316264015e-08,5.749156439804892e-08,2.840686761373945e-07,-65.46576652692724,-35.46576652692724,cir_coefficients_tau_mask,,"[1, 1, 1, 1, 20, 1]","[1, 1, 20]","[1, 1, 20]","[1, 1, 20]",,True,,31,5.749156439804892e-08,-35.2223118487814,-11,0.0,-0.243454678145838,1,1,0,0,0,0,0,0,1.6060177458546339,976,2080,3359,0.06788242648608954,0.08072913923569223,0.08806450761861463,1727,0,0.104
51,13106,rx_panda_base,/home/telilab4090/Documents/Gazebo World/my_world/rt_out/experiments/semantic_ablation_rigid_200f/sionna_xml/frame_051_sionna.xml,30.0,0.0,0.0,2.4,0.582,0.888,1.195,28000000000.0,20,5.357098764591228e-09,6.284866316264015e-08,5.749156439804892e-08,2.8406861929397564e-07,-65.4657673959701,-35.465767395970104,cir_coefficients_tau_mask,,"[1, 1, 1, 1, 20, 1]","[1, 1, 20]","[1, 1, 20]","[1, 1, 20]",,True,,20,5.749156439804892e-08,-35.46576652692724,0,0.0,-8.690428643376436e-07,0,0,0,0,0,0,0,0,1.6060177458546339,1036,2080,3286,0.06638022282392982,0.07596231071423568,0.08364968491782973,1764,0,0.104
52,13363,rx_panda_base,/home/telilab4090/Documents/Gazebo World/my_world/rt_out/experiments/semantic_ablation_rigid_200f/sionna_xml/frame_052_sionna.xml,30.0,0.0,0.0,2.4,0.582,0.888,1.195,28000000000.0,20,5.357098764591228e-09,6.284866316264015e-08,5.749156439804892e-08,2.840686477156851e-07,-65.46576696144865,-35.46576696144865,cir_coefficients_tau_mask,,"[1, 1, 1, 1, 20, 1]","[1, 1, 20]","[1, 1, 20]","[1, 1, 20]",,True,,20,5.749156439804892e-08,-35.465767395970104,0,0.0,4.3452145348510385e-07,0,0,0,0,0,0,0,0,1.6060177458546339,991,2139,3352,0.06725696888787241,0.07652509106460989,0.08463344918301446,1760,0,0.10695
53,13620,rx_panda_base,/home/telilab4090/Documents/Gazebo World/my_world/rt_out/experiments/semantic_ablation_rigid_200f/sionna_xml/frame_053_sionna.xml,30.0,0.0,0.0,2.4,0.582,0.888,1.195,28000000000.0,20,5.357098764591228e-09,6.284866316264015e-08,5.749156439804892e-08,2.840686477156851e-07,-65.46576696144865,-35.46576696144865,cir_coefficients_tau_mask,,"[1, 1, 1, 1, 20, 1]","[1, 1, 20]","[1, 1, 20]","[1, 1, 20]",,True,,20,5.749156439804892e-08,-35.46576696144865,0,0.0,0.0,0,0,0,0,0,0,0,0,1.6060177458546339,1014,2135,3375,0.065672910777185,0.0725330631874549,0.08092354231888982,1763,0,0.10675
54,13877,rx_panda_base,/home/telilab4090/Documents/Gazebo World/my_world/rt_out/experiments/semantic_ablation_rigid_200f/sionna_xml/frame_054_sionna.xml,30.0,0.0,0.0,2.4,0.582,0.888,1.195,28000000000.0,24,5.357098764591228e-09,6.284866316264015e-08,5.749156439804892e-08,2.8414086727934773e-07,-65.46466298281663,-35.464662982816634,cir_coefficients_tau_mask,,"[1, 1, 1, 1, 24, 1]","[1, 1, 24]","[1, 1, 24]","[1, 1, 24]",,True,,20,5.749156439804892e-08,-35.46576696144865,4,0.0,0.0011039786320168332,1,0,0,0,0,0,0,0,1.6060177458546339,1088,2104,3383,0.053176923951269287,0.06212193730473943,0.07022362132305798,1733,0,0.1052
55,14134,rx_panda_base,/home/telilab4090/Documents/Gazebo World/my_world/rt_out/experiments/semantic_ablation_rigid_200f/sionna_xml/frame_055_sionna.xml,30.0,0.0,0.0,2.4,0.582,0.888,1.195,28000000000.0,29,5.357098764591228e-09,6.284866316264015e-08,5.749156439804892e-08,2.8423502840269066e-07,-65.46322401761904,-35.46322401761904,cir_coefficients_tau_mask,,"[1, 1, 1, 1, 29, 1]","[1, 1, 29]","[1, 1, 29]","[1, 1, 29]",,True,,24,5.749156439804892e-08,-35.464662982816634,5,0.0,0.0014389651975932338,1,0,0,0,0,0,0,0,1.6060177458546339,991,2110,3434,0.04761067486834172,0.051802285387288385,0.06302117265094587,1822,0,0.1055
56,14391,rx_panda_base,/home/telilab4090/Documents/Gazebo World/my_world/rt_out/experiments/semantic_ablation_rigid_200f/sionna_xml/frame_056_sionna.xml,30.0,0.0,0.0,2.4,0.582,0.888,1.195,28000000000.0,29,5.357098764591228e-09,6.284866316264015e-08,5.749156439804892e-08,2.842349715592718e-07,-65.4632248861533,-35.4632248861533,cir_coefficients_tau_mask,,"[1, 1, 1, 1, 29, 1]","[1, 1, 29]","[1, 1, 29]","[1, 1, 29]",,True,,29,5.749156439804892e-08,-35.46322401761904,0,0.0,-8.685342578473865e-07,0,0,0,0,0,0,0,0,1.6060177458546339,996,2087,3356,0.0468266745518898,0.05405096835338731,0.0636023644887712,1771,0,0.10435
57,14648,rx_panda_base,/home/telilab4090/Documents/Gazebo World/my_world/rt_out/experiments/semantic_ablation_rigid_200f/sionna_xml/frame_057_sionna.xml,30.0,0.0,0.0,2.4,0.582,0.888,1.195,28000000000.0,29,5.357098764591228e-09,6.284866316264015e-08,5.749156439804892e-08,2.8423499998098123e-07,-65.46322445188615,-35.46322445188615,cir_coefficients_tau_mask,,"[1, 1, 1, 1, 29, 1]","[1, 1, 29]","[1, 1, 29]","[1, 1, 29]",,True,,29,5.749156439804892e-08,-35.4632248861533,0,0.0,4.342671502399753e-07,0,0,0,0,0,0,0,0,1.6060177458546339,986,2128,3402,0.047159736297104675,0.056978019685214966,0.0679445180928922,1818,0,0.1064
58,14905,rx_panda_base,/home/telilab4090/Documents/Gazebo World/my_world/rt_out/experiments/semantic_ablation_rigid_200f/sionna_xml/frame_058_sionna.xml,30.0,0.0,0.0,2.4,0.582,0.888,1.195,28000000000.0,29,5.357098764591228e-09,6.284866316264015e-08,5.749156439804892e-08,2.8423499998098123e-07,-65.46322445188615,-35.46322445188615,cir_coefficients_tau_mask,,"[1, 1, 1, 1, 29, 1]","[1, 1, 29]","[1, 1, 29]","[1, 1, 29]",,True,,29,5.749156439804892e-08,-35.46322445188615,0,0.0,0.0,0,0,0,0,0,0,0,0,1.6060177458546339,1017,2191,3463,0.04814529487566997,0.057060084835221125,0.06679178847245976,1897,0,0.10955
59,15162,rx_panda_base,/home/telilab4090/Documents/Gazebo World/my_world/rt_out/experiments/semantic_ablation_rigid_200f/sionna_xml/frame_059_sionna.xml,30.0,0.0,0.0,2.4,0.582,0.888,1.195,28000000000.0,29,5.357098764591228e-09,6.284866316264015e-08,5.749156439804892e-08,2.842350568244001e-07,-65.46322358335199,-35.46322358335199,cir_coefficients_tau_mask,,"[1, 1, 1, 1, 29, 1]","[1, 1, 29]","[1, 1, 29]","[1, 1, 29]",,True,,29,5.749156439804892e-08,-35.46322445188615,0,0.0,8.685341583714035e-07,0,0,0,0,0,0,0,0,1.6060177458546339,1035,2101,3415,0.04716027715900565,0.05785515090983149,0.0683485786463995,1858,0,0.10505
60,15419,rx_panda_base,/home/telilab4090/Documents/Gazebo World/my_world/rt_out/experiments/semantic_ablation_rigid_200f/sionna_xml/frame_060_sionna.xml,30.0,0.0,0.0,2.4,0.582,0.888,1.195,28000000000.0,29,5.357098764591228e-09,6.284866316264015e-08,5.749156439804892e-08,2.8423499998098123e-07,-65.46322445188615,-35.46322445188615,cir_coefficients_tau_mask,,"[1, 1, 1, 1, 29, 1]","[1, 1, 29]","[1, 1, 29]","[1, 1, 29]",,True,,29,5.749156439804892e-08,-35.46322358335199,0,0.0,-8.685341583714035e-07,0,0,0,0,0,0,0,0,1.6060177458546339,1030,2184,3482,0.04684576136906131,0.05751160295451574,0.06805814231074392,1874,0,0.1092
61,15676,rx_panda_base,/home/telilab4090/Documents/Gazebo World/my_world/rt_out/experiments/semantic_ablation_rigid_200f/sionna_xml/frame_061_sionna.xml,30.0,0.0,0.0,2.4,0.582,0.888,1.195,28000000000.0,30,5.357098764591228e-09,6.284866316264015e-08,5.749156439804892e-08,2.843629260951275e-07,-65.46127025529645,-35.461270255296455,cir_coefficients_tau_mask,,"[1, 1, 1, 1, 30, 1]","[1, 1, 30]","[1, 1, 30]","[1, 1, 30]",,True,,29,5.749156439804892e-08,-35.46322445188615,1,0.0,0.0019541965896934244,1,0,0,0,0,0,0,0,1.6060177458546339,1010,2056,3376,0.045762072331886866,0.055642888035534244,0.06339930819143512,1822,0,0.1028
62,15933,rx_panda_base,/home/telilab4090/Documents/Gazebo World/my_world/rt_out/experiments/semantic_ablation_rigid_200f/sionna_xml/frame_062_sionna.xml,30.0,0.0,0.0,2.4,0.582,0.888,1.195,28000000000.0,32,5.357098764591228e-09,6.382698813922616e-08,5.846988937463493e-08,2.846052495897311e-07,-65.45757093546091,-35.45757093546091,cir_coefficients_tau_mask,,"[1, 1, 1, 1, 32, 1]","[1, 1, 32]","[1, 1, 32]","[1, 1, 32]",,True,,30,5.749156439804892e-08,-35.461270255296455,2,9.783249765860091e-10,0.0036993198355474988,1,0,0,0,0,0,0,0,1.6060177458546339,804,2033,3362,0.04651690612162121,0.05383452447365149,0.06830329032428882,1797,0,0.10165
63,16190,rx_panda_base,/home/telilab4090/Documents/Gazebo World/my_world/rt_out/experiments/semantic_ablation_rigid_200f/sionna_xml/frame_063_sionna.xml,30.0,0.0,0.0,2.4,0.582,0.888,1.195,28000000000.0,32,5.357098764591228e-09,6.382698813922616e-08,5.846988937463493e-08,2.846052495897311e-07,-65.45757093546091,-35.45757093546091,cir_coefficients_tau_mask,,"[1, 1, 1, 1, 32, 1]","[1, 1, 32]","[1, 1, 32]","[1, 1, 32]",,True,,32,5.846988937463493e-08,-35.45757093546091,0,0.0,0.0,0,0,0,0,0,0,0,0,1.6060177458546339,889,2116,3465,0.045936656601401865,0.06435966876696556,0.07568404590182552,1892,0,0.1058
64,16447,rx_panda_base,/home/telilab4090/Documents/Gazebo World/my_world/rt_out/experiments/semantic_ablation_rigid_200f/sionna_xml/frame_064_sionna.xml,30.0,0.0,0.0,2.4,0.582,0.888,1.195,28000000000.0,30,5.357098764591228e-09,6.284866316264015e-08,5.749156439804892e-08,2.844719517725025e-07,-65.45960547514699,-35.45960547514699,cir_coefficients_tau_mask,,"[1, 1, 1, 1, 30, 1]","[1, 1, 30]","[1, 1, 30]","[1, 1, 30]",,True,,32,5.846988937463493e-08,-35.45757093546091,-2,-9.783249765860091e-10,-0.002034539686079029,1,1,0,0,0,0,0,0,1.6060177458546339,834,2142,3410,0.046467253175716136,0.05878893643491012,0.0707836627844757,1917,0,0.1071
65,16704,rx_panda_base,/home/telilab4090/Documents/Gazebo World/my_world/rt_out/experiments/semantic_ablation_rigid_200f/sionna_xml/frame_065_sionna.xml,30.0,0.0,0.0,2.4,0.582,0.888,1.195,28000000000.0,28,5.357098764591228e-09,6.284866316264015e-08,5.749156439804892e-08,2.8421615638762887e-07,-65.46351238053309,-35.46351238053309,cir_coefficients_tau_mask,,"[1, 1, 1, 1, 28, 1]","[1, 1, 28]","[1, 1, 28]","[1, 1, 28]",,True,,30,5.749156439804892e-08,-35.45960547514699,-2,0.0,-0.003906905386102721,1,1,0,0,0,0,0,0,1.6060177458546339,804,2030,3371,0.04557844907637694,0.05675119835838756,0.07036969975157514,1798,0,0.1015
66,16961,rx_panda_base,/home/telilab4090/Documents/Gazebo World/my_world/rt_out/experiments/semantic_ablation_rigid_200f/sionna_xml/frame_066_sionna.xml,30.0,0.0,0.0,2.4,0.582,0.888,1.195,28000000000.0,27,5.357098764591228e-09,6.284866316264015e-08,5.749156439804892e-08,2.8415863084774173e-07,-65.46439148443382,-35.46439148443382,cir_coefficients_tau_mask,,"[1, 1, 1, 1, 27, 1]","[1, 1, 27]","[1, 1, 27]","[1, 1, 27]",,True,,28,5.749156439804892e-08,-35.46351238053309,-1,0.0,-0.0008791039007292056,1,1,0,0,0,0,0,0,1.6060177458546339,823,2085,3880,0.04657140321485757,0.0544968014692722,0.06918296964491293,1849,0,0.10425
67,17218,rx_panda_base,/home/telilab4090/Documents/Gazebo World/my_world/rt_out/experiments/semantic_ablation_rigid_200f/sionna_xml/frame_067_sionna.xml,30.0,0.0,0.0,2.4,0.582,0.888,1.195,28000000000.0,26,5.357098764591228e-09,6.284866316264015e-08,5.749156439804892e-08,2.8394188689162547e-07,-65.46770535955821,-35.46770535955821,cir_coefficients_tau_mask,,"[1, 1, 1, 1, 26, 1]","[1, 1, 26]","[1, 1, 26]","[1, 1, 26]",,True,,27,5.749156439804892e-08,-35.46439148443382,-1,0.0,-0.0033138751243910747,1,1,0,0,0,0,0,0,1.6060177458546339,814,2059,3901,0.04969064154878045,0.06175599748078107,0.07274253059867967,1850,0,0.10295
68,17475,rx_panda_base,/home/telilab4090/Documents/Gazebo World/my_world/rt_out/experiments/semantic_ablation_rigid_200f/sionna_xml/frame_068_sionna.xml,30.0,0.0,0.0,2.4,0.582,0.888,1.195,28000000000.0,26,5.357098764591228e-09,6.284866316264015e-08,5.749156439804892e-08,2.839419153133349e-07,-65.46770492484282,-35.46770492484282,cir_coefficients_tau_mask,,"[1, 1, 1, 1, 26, 1]","[1, 1, 26]","[1, 1, 26]","[1, 1, 26]",,True,,26,5.749156439804892e-08,-35.46770535955821,0,0.0,4.347153890194022e-07,0,0,0,0,0,0,0,0,1.6060177458546339,896,2118,3767,0.048007966751275354,0.05304169481940415,0.06509054425231992,1911,0,0.1059
69,17732,rx_panda_base,/home/telilab4090/Documents/Gazebo World/my_world/rt_out/experiments/semantic_ablation_rigid_200f/sionna_xml/frame_069_sionna.xml,30.0,0.0,0.0,2.4,0.582,0.888,1.195,28000000000.0,25,5.357098764591228e-09,5.897902966012225e-08,5.362193089553102e-08,2.839377089003392e-07,-65.46776926319464,-35.46776926319464,cir_coefficients_tau_mask,,"[1, 1, 1, 1, 25, 1]","[1, 1, 25]","[1, 1, 25]","[1, 1, 25]",,True,,26,5.749156439804892e-08,-35.46770492484282,-1,-3.8696335025179e-09,-6.433835181951508e-05,1,1,0,0,0,0,0,0,1.6060177458546339,823,2044,3710,0.04812387195539457,0.05539796370144199,0.07085851465105074,1845,0,0.1022
70,17989,rx_panda_base,/home/telilab4090/Documents/Gazebo World/my_world/rt_out/experiments/semantic_ablation_rigid_200f/sionna_xml/frame_070_sionna.xml,30.0,0.0,0.0,2.4,0.582,0.888,1.195,28000000000.0,25,5.357098764591228e-09,5.897902966012225e-08,5.362193089553102e-08,2.839377089003392e-07,-65.46776926319464,-35.46776926319464,cir_coefficients_tau_mask,,"[1, 1, 1, 1, 25, 1]","[1, 1, 25]","[1, 1, 25]","[1, 1, 25]",,True,,25,5.362193089553102e-08,-35.46776926319464,0,0.0,0.0,0,0,0,0,0,0,0,0,1.6060177458546339,823,2054,3714,0.04695225408109771,0.060553876889984,0.07137974304467874,1862,0,0.1027
71,18246,rx_panda_base,/home/telilab4090/Documents/Gazebo World/my_world/rt_out/experiments/semantic_ablation_rigid_200f/sionna_xml/frame_071_sionna.xml,30.0,0.0,0.0,2.4,0.582,0.888,1.195,28000000000.0,26,5.357098764591228e-09,6.284866316264015e-08,5.749156439804892e-08,2.841398156760988e-07,-65.46467905605304,-35.46467905605304,cir_coefficients_tau_mask,,"[1, 1, 1, 1, 26, 1]","[1, 1, 26]","[1, 1, 26]","[1, 1, 26]",,True,,25,5.362193089553102e-08,-35.46776926319464,1,3.8696335025179e-09,0.0030902071415965793,1,0,0,0,0,1,1,1,1.6060177458546339,578,1945,3761,0.048446589784981536,0.0600471839750009,0.07515823973968153,1850,0,0.09725
72,18503,rx_panda_base,/home/telilab4090/Documents/Gazebo World/my_world/rt_out/experiments/semantic_ablation_rigid_200f/sionna_xml/frame_072_sionna.xml,30.0,0.0,0.0,2.4,0.582,0.888,1.195,28000000000.0,25,5.357098764591228e-09,6.284866316264015e-08,5.749156439804892e-08,2.841370019268652e-07,-65.46472206311326,-35.46472206311326,cir_coefficients_tau_mask,,"[1, 1, 1, 1, 25, 1]","[1, 1, 25]","[1, 1, 25]","[1, 1, 25]",,True,,26,5.749156439804892e-08,-35.46467905605304,-1,0.0,-4.300706021354017e-05,1,1,0,0,0,0,0,0,1.6060177458546339,625,1945,3801,0.046783076167544825,0.05206608775421081,0.06520353007517107,1844,0,0.09725
73,18760,rx_panda_base,/home/telilab4090/Documents/Gazebo World/my_world/rt_out/experiments/semantic_ablation_rigid_200f/sionna_xml/frame_073_sionna.xml,30.0,0.0,0.0,2.4,0.582,0.888,1.195,28000000000.0,25,5.357098764591228e-09,6.284866316264015e-08,5.749156439804892e-08,2.841370303485746e-07,-65.46472162869638,-35.46472162869638,cir_coefficients_tau_mask,,"[1, 1, 1, 1, 25, 1]","[1, 1, 25]","[1, 1, 25]","[1, 1, 25]",,True,,25,5.749156439804892e-08,-35.46472206311326,0,0.0,4.344168758052547e-07,0,0,0,0,0,0,0,0,1.6060177458546339,602,1974,3771,0.04664590834720456,0.05608240250246814,0.07299141788009238,1872,0,0.0987
74,19017,rx_panda_base,/home/telilab4090/Documents/Gazebo World/my_world/rt_out/experiments/semantic_ablation_rigid_200f/sionna_xml/frame_074_sionna.xml,30.0,0.0,0.0,2.4,0.582,0.888,1.195,28000000000.0,25,5.357098764591228e-09,6.284866316264015e-08,5.749156439804892e-08,2.841370303485746e-07,-65.46472162869638,-35.46472162869638,cir_coefficients_tau_mask,,"[1, 1, 1, 1, 25, 1]","[1, 1, 25]","[1, 1, 25]","[1, 1, 25]",,True,,25,5.749156439804892e-08,-35.46472162869638,0,0.0,0.0,0,0,0,0,0,0,0,0,1.6060177458546339,596,1923,3782,0.04805128536258924,0.05888804969271,0.08035170404212803,1822,0,0.09615
75,19274,rx_panda_base,/home/telilab4090/Documents/Gazebo World/my_world/rt_out/experiments/semantic_ablation_rigid_200f/sionna_xml/frame_075_sionna.xml,30.0,0.0,0.0,2.4,0.582,0.888,1.195,28000000000.0,28,5.357098764591228e-09,5.897902966012225e-08,5.362193089553102e-08,3.001840696015279e-07,-65.22612358953926,-35.226123589539256,cir_coefficients_tau_mask,,"[1, 1, 1, 1, 28, 1]","[1, 1, 28]","[1, 1, 28]","[1, 1, 28]",,True,,25,5.749156439804892e-08,-35.46472162869638,3,-3.8696335025179e-09,0.23859803915712519,1,0,0,0,0,0,0,0,1.6060177458546339,760,2114,3760,0.048637762752067215,0.06165288944156727,0.07319614739010136,1933,0,0.1057
76,19531,rx_panda_base,/home/telilab4090/Documents/Gazebo World/my_world/rt_out/experiments/semantic_ablation_rigid_200f/sionna_xml/frame_076_sionna.xml,30.0,0.0,0.0,2.4,0.582,0.888,1.195,28000000000.0,33,5.357098764591228e-09,6.284866316264015e-08,5.749156439804892e-08,3.058746926853928e-07,-65.14456453978872,-35.14456453978872,cir_coefficients_tau_mask,,"[1, 1, 1, 1, 33, 1]","[1, 1, 33]","[1, 1, 33]","[1, 1, 33]",,True,,28,5.362193089553102e-08,-35.226123589539256,5,3.8696335025179e-09,0.08155904975053829,1,0,0,0,0,1,1,1,1.6060177458546339,1268,2551,3411,0.005272509746671031,0.01995148279308061,0.033527167456156,1947,0,0.12755
77,19788,rx_panda_base,/home/telilab4090/Documents/Gazebo World/my_world/rt_out/experiments/semantic_ablation_rigid_200f/sionna_xml/frame_077_sionna.xml,30.0,0.0,0.0,2.4,0.582,0.888,1.195,28000000000.0,31,5.357098764591228e-09,5.897902966012225e-08,5.362193089553102e-08,3.056537991596997e-07,-65.14770201726519,-35.14770201726519,cir_coefficients_tau_mask,,"[1, 1, 1, 1, 31, 1]","[1, 1, 31]","[1, 1, 31]","[1, 1, 31]",,True,,33,5.749156439804892e-08,-35.14456453978872,-2,-3.8696335025179e-09,-0.0031374774764714175,1,1,0,0,0,0,0,0,1.6060177458546339,1143,2143,3406,0.007960255000776757,0.02271178795217111,0.03537990433299694,1976,0,0.10715
78,20045,rx_panda_base,/home/telilab4090/Documents/Gazebo World/my_world/rt_out/experiments/semantic_ablation_rigid_200f/sionna_xml/frame_078_sionna.xml,30.0,0.0,0.0,2.4,0.582,0.888,1.195,28000000000.0,31,5.357098764591228e-09,5.897902966012225e-08,5.362193089553102e-08,3.056537991596997e-07,-65.14770201726519,-35.14770201726519,cir_coefficients_tau_mask,,"[1, 1, 1, 1, 31, 1]","[1, 1, 31]","[1, 1, 31]","[1, 1, 31]",,True,,31,5.362193089553102e-08,-35.14770201726519,0,0.0,0.0,0,0,0,0,0,0,0,0,1.6060177458546339,1168,2099,3319,0.005434174073236507,0.020568165657863548,0.03443124919131485,1957,0,0.10495
79,20302,rx_panda_base,/home/telilab4090/Documents/Gazebo World/my_world/rt_out/experiments/semantic_ablation_rigid_200f/sionna_xml/frame_079_sionna.xml,30.0,0.0,0.0,2.4,0.582,0.888,1.195,28000000000.0,31,5.357098764591228e-09,5.897902966012225e-08,5.362193089553102e-08,3.0565382758140913e-07,-65.1477016134295,-35.147701613429504,cir_coefficients_tau_mask,,"[1, 1, 1, 1, 31, 1]","[1, 1, 31]","[1, 1, 31]","[1, 1, 31]",,True,,31,5.362193089553102e-08,-35.14770201726519,0,0.0,4.0383568489232857e-07,0,0,0,0,0,0,0,0,1.6060177458546339,1160,2099,3354,0.006474936365429924,0.0249356813385569,0.038640685426433126,1949,0,0.10495
80,20559,rx_panda_base,/home/telilab4090/Documents/Gazebo World/my_world/rt_out/experiments/semantic_ablation_rigid_200f/sionna_xml/frame_080_sionna.xml,30.0,0.0,0.0,2.4,0.582,0.888,1.195,28000000000.0,33,7.579527228074312e-09,6.382698813922616e-08,5.624746091115185e-08,1.925691073267899e-08,-77.1541338280657,-47.154133828065696,cir_coefficients_tau_mask,,"[1, 1, 1, 1, 33, 1]","[1, 1, 33]","[1, 1, 33]","[1, 1, 33]",,True,,31,5.362193089553102e-08,-35.147701613429504,2,2.625530015620825e-09,-12.006432214636192,1,0,1,1,1,1,1,1,1.6060177458546339,1162,2133,3339,0.002100893707408016,0.016182384266746945,0.03131756627920118,2072,0,0.10665
81,20816,rx_panda_base,/home/telilab4090/Documents/Gazebo World/my_world/rt_out/experiments/semantic_ablation_rigid_200f/sionna_xml/frame_081_sionna.xml,30.0,0.0,0.0,2.4,0.582,0.888,1.195,28000000000.0,32,7.579527228074312e-09,6.382698813922616e-08,5.624746091115185e-08,1.8475972751730296e-08,-77.3339268692029,-47.3339268692029,cir_coefficients_tau_mask,,"[1, 1, 1, 1, 32, 1]","[1, 1, 32]","[1, 1, 32]","[1, 1, 32]",,True,,33,5.624746091115185e-08,-47.154133828065696,-1,0.0,-0.17979304113720218,1,1,0,0,0,0,0,0,1.6060177458546339,1193,2178,3345,0.007360873847387779,0.02187602238387194,0.030181181808526015,2127,0,0.1089
82,21073,rx_panda_base,/home/telilab4090/Documents/Gazebo World/my_world/rt_out/experiments/semantic_ablation_rigid_200f/sionna_xml/frame_082_sionna.xml,30.0,0.0,0.0,2.4,0.582,0.888,1.195,28000000000.0,32,7.579527228074312e-09,6.382698813922616e-08,5.624746091115185e-08,1.8475974528087136e-08,-77.33392645165415,-47.33392645165415,cir_coefficients_tau_mask,,"[1, 1, 1, 1, 32, 1]","[1, 1, 32]","[1, 1, 32]","[1, 1, 32]",,True,,32,5.624746091115185e-08,-47.3339268692029,0,0.0,4.1754874757771177e-07,0,0,0,0,0,0,0,0,1.6060177458546339,1118,2228,3416,0.013004326091632374,0.024084585431803574,0.03289404353796635,2200,0,0.1114
83,21330,rx_panda_base,/home/telilab4090/Documents/Gazebo World/my_world/rt_out/experiments/semantic_ablation_rigid_200f/sionna_xml/frame_083_sionna.xml,30.0,0.0,0.0,2.4,0.582,0.888,1.195,28000000000.0,31,7.579527228074312e-09,6.382698813922616e-08,5.624746091115185e-08,1.8418466751768392e-08,-77.34746525548579,-47.34746525548579,cir_coefficients_tau_mask,,"[1, 1, 1, 1, 31, 1]","[1, 1, 31]","[1, 1, 31]","[1, 1, 31]",,True,,32,5.624746091115185e-08,-47.33392645165415,-1,0.0,-0.013538803831636415,1,1,0,0,0,0,0,0,1.6060177458546339,1169,2177,3397,0.004413685382450296,0.0223125082225065,0.032374341852439766,2147,0,0.10885
84,21587,rx_panda_base,/home/telilab4090/Documents/Gazebo World/my_world/rt_out/experiments/semantic_ablation_rigid_200f/sionna_xml/frame_084_sionna.xml,30.0,0.0,0.0,2.4,0.582,0.888,1.195,28000000000.0,31,7.579526339895892e-09,6.382698813922616e-08,5.624746179933027e-08,1.8418464975411553e-08,-77.34746567433824,-47.34746567433824,cir_coefficients_tau_mask,,"[1, 1, 1, 1, 31, 1]","[1, 1, 31]","[1, 1, 31]","[1, 1, 31]",,True,,31,5.624746091115185e-08,-47.34746525548579,0,8.881784197001252e-16,-4.188524513892844e-07,0,0,0,0,0,0,0,0,1.6060177458546339,1194,2190,3356,0.006763985744525104,0.027620577026693176,0.035929231684316304,2159,0,0.1095
85,21844,rx_panda_base,/home/telilab4090/Documents/Gazebo World/my_world/rt_out/experiments/semantic_ablation_rigid_200f/sionna_xml/frame_085_sionna.xml,30.0,0.0,0.0,2.4,0.582,0.888,1.195,28000000000.0,31,7.579527228074312e-09,6.382698813922616e-08,5.624746091115185e-08,1.8418464975411553e-08,-77.34746567433824,-47.34746567433824,cir_coefficients_tau_mask,,"[1, 1, 1, 1, 31, 1]","[1, 1, 31]","[1, 1, 31]","[1, 1, 31]",,True,,31,5.624746179933027e-08,-47.34746567433824,0,-8.881784197001252e-16,0.0,0,0,0,0,0,0,0,0,1.6060177458546339,1118,2175,3414,0.0022359263348046003,0.024360086922951055,0.03647852473639688,2138,0,0.10875
86,22101,rx_panda_base,/home/telilab4090/Documents/Gazebo World/my_world/rt_out/experiments/semantic_ablation_rigid_200f/sionna_xml/frame_086_sionna.xml,30.0,0.0,0.0,2.4,0.582,0.888,1.195,28000000000.0,23,7.579527228074312e-09,6.382698813922616e-08,5.624746091115185e-08,1.803631022312402e-08,-77.43852303470132,-47.43852303470132,cir_coefficients_tau_mask,,"[1, 1, 1, 1, 23, 1]","[1, 1, 23]","[1, 1, 23]","[1, 1, 23]",,True,,31,5.624746091115185e-08,-47.34746567433824,-8,0.0,-0.09105736036308087,1,1,0,0,0,0,0,0,1.6060177458546339,1164,2243,3352,0.003912069183387259,0.026343084002422096,0.03896320089468309,2240,0,0.11215
87,22358,rx_panda_base,/home/telilab4090/Documents/Gazebo World/my_world/rt_out/experiments/semantic_ablation_rigid_200f/sionna_xml/frame_087_sionna.xml,30.0,0.0,0.0,2.4,0.582,0.888,1.195,28000000000.0,25,7.579527228074312e-09,6.382698813922616e-08,5.624746091115185e-08,1.8112373822987138e-08,-77.42024626954657,-47.42024626954657,cir_coefficients_tau_mask,,"[1, 1, 1, 1, 25, 1]","[1, 1, 25]","[1, 1, 25]","[1, 1, 25]",,True,,23,5.624746091115185e-08,-47.43852303470132,2,0.0,0.018276765154752184,1,0,0,0,0,0,0,0,1.6060177458546339,1158,2270,3398,0.007778071351349341,0.02745316230250288,0.038474332582420986,2268,0,0.1135
88,22615,rx_panda_base,/home/telilab4090/Documents/Gazebo World/my_world/rt_out/experiments/semantic_ablation_rigid_200f/sionna_xml/frame_088_sionna.xml,30.0,0.0,0.0,2.4,0.582,0.888,1.195,28000000000.0,24,7.579527228074312e-09,6.382698813922616e-08,5.624746091115185e-08,1.8093547993203174e-08,-77.42476263279276,-47.42476263279276,cir_coefficients_tau_mask,,"[1, 1, 1, 1, 24, 1]","[1, 1, 24]","[1, 1, 24]","[1, 1, 24]",,True,,25,5.624746091115185e-08,-47.42024626954657,-1,0.0,-0.00451636324619642,1,1,0,0,0,0,0,0,1.6060177458546339,1170,2390,3377,0.005842910925037423,0.02656144989481437,0.036877965725283894,2390,0,0.1195
89,22872,rx_panda_base,/home/telilab4090/Documents/Gazebo World/my_world/rt_out/experiments/semantic_ablation_rigid_200f/sionna_xml/frame_089_sionna.xml,30.0,0.0,0.0,2.4,0.582,0.888,1.195,28000000000.0,24,7.579527228074312e-09,6.382698813922616e-08,5.624746091115185e-08,1.8093549769560013e-08,-77.4247622064187,-47.424762206418706,cir_coefficients_tau_mask,,"[1, 1, 1, 1, 24, 1]","[1, 1, 24]","[1, 1, 24]","[1, 1, 24]",,True,,24,5.624746091115185e-08,-47.42476263279276,0,0.0,4.263740578380748e-07,0,0,0,0,0,0,0,0,1.6060177458546339,1170,2347,3402,0.009502099712701592,0.018242467085184965,0.030226228001437754,2347,0,0.11735
90,23129,rx_panda_base,/home/telilab4090/Documents/Gazebo World/my_world/rt_out/experiments/semantic_ablation_rigid_200f/sionna_xml/frame_090_sionna.xml,30.0,0.0,0.0,2.4,0.582,0.888,1.195,28000000000.0,24,7.579527228074312e-09,6.382698813922616e-08,5.624746091115185e-08,1.8093547993203174e-08,-77.42476263279276,-47.42476263279276,cir_coefficients_tau_mask,,"[1, 1, 1, 1, 24, 1]","[1, 1, 24]","[1, 1, 24]","[1, 1, 24]",,True,,24,5.624746091115185e-08,-47.424762206418706,0,0.0,-4.263740578380748e-07,0,0,0,0,0,0,0,0,1.6060177458546339,1174,2351,3354,0.00662224848142721,0.029437855815451042,0.03815562888243079,2351,0,0.11755
91,23386,rx_panda_base,/home/telilab4090/Documents/Gazebo World/my_world/rt_out/experiments/semantic_ablation_rigid_200f/sionna_xml/frame_091_sionna.xml,30.0,0.0,0.0,2.4,0.582,0.888,1.195,28000000000.0,24,7.579527228074312e-09,6.382698813922616e-08,5.624746091115185e-08,1.8093549769560013e-08,-77.4247622064187,-47.424762206418706,cir_coefficients_tau_mask,,"[1, 1, 1, 1, 24, 1]","[1, 1, 24]","[1, 1, 24]","[1, 1, 24]",,True,,24,5.624746091115185e-08,-47.42476263279276,0,0.0,4.263740578380748e-07,0,0,0,0,0,0,0,0,1.6060177458546339,1137,2348,3354,0.012978411189238995,0.028417130634750105,0.03975851416852774,2348,0,0.1174
92,23643,rx_panda_base,/home/telilab4090/Documents/Gazebo World/my_world/rt_out/experiments/semantic_ablation_rigid_200f/sionna_xml/frame_092_sionna.xml,30.0,0.0,0.0,2.4,0.582,0.888,1.195,28000000000.0,23,7.579527228074312e-09,6.284866316264015e-08,5.526913593456584e-08,1.8049712835477294e-08,-77.43529703174372,-47.435297031743715,cir_coefficients_tau_mask,,"[1, 1, 1, 1, 23, 1]","[1, 1, 23]","[1, 1, 23]","[1, 1, 23]",,True,,24,5.624746091115185e-08,-47.424762206418706,-1,-9.783249765860091e-10,-0.010534825325009933,1,1,0,0,0,0,0,0,1.6060177458546339,1169,2474,3464,0.004337728892822352,0.025582502365990245,0.03664854175423697,2474,0,0.1237
93,23900,rx_panda_base,/home/telilab4090/Documents/Gazebo World/my_world/rt_out/experiments/semantic_ablation_rigid_200f/sionna_xml/frame_093_sionna.xml,30.0,0.0,0.0,2.4,0.582,0.888,1.195,28000000000.0,23,7.579527228074312e-09,6.284866316264015e-08,5.526913593456584e-08,1.8049714611834133e-08,-77.43529660433418,-47.435296604334184,cir_coefficients_tau_mask,,"[1, 1, 1, 1, 23, 1]","[1, 1, 23]","[1, 1, 23]","[1, 1, 23]",,True,,23,5.526913593456584e-08,-47.435297031743715,0,0.0,4.27409531766898e-07,0,0,0,0,0,0,0,0,1.6060177458546339,1195,2339,3337,0.0035376014357399307,0.023389224078725335,0.033533387768255374,2339,0,0.11695
94,24157,rx_panda_base,/home/telilab4090/Documents/Gazebo World/my_world/rt_out/experiments/semantic_ablation_rigid_200f/sionna_xml/frame_094_sionna.xml,30.0,0.0,0.0,2.4,0.582,0.888,1.195,28000000000.0,22,7.579527228074312e-09,6.284866316264015e-08,5.526913593456584e-08,1.803089055840701e-08,-77.4398282263697,-47.4398282263697,cir_coefficients_tau_mask,,"[1, 1, 1, 1, 22, 1]","[1, 1, 22]","[1, 1, 22]","[1, 1, 22]",,True,,23,5.526913593456584e-08,-47.435296604334184,-1,0.0,-0.004531622035514715,1,1,0,0,0,0,0,0,1.6060177458546339,1147,2424,3353,0.018801776927068782,0.03146423016782242,0.03989337414126333,2424,0,0.1212
95,24414,rx_panda_base,/home/telilab4090/Documents/Gazebo World/my_world/rt_out/experiments/semantic_ablation_rigid_200f/sionna_xml/frame_095_sionna.xml,30.0,0.0,0.0,2.4,0.582,0.888,1.195,28000000000.0,22,7.579527228074312e-09,6.284866316264015e-08,5.526913593456584e-08,1.803088878205017e-08,-77.43982865422544,-47.43982865422544,cir_coefficients_tau_mask,,"[1, 1, 1, 1, 22, 1]","[1, 1, 22]","[1, 1, 22]","[1, 1, 22]",,True,,22,5.526913593456584e-08,-47.4398282263697,0,0.0,-4.278557383941006e-07,0,0,0,0,0,0,0,0,1.6060177458546339,1182,2484,3418,0.01774099016725898,0.029396615836033375,0.04074621127133373,2484,0,0.1242
96,24671,rx_panda_base,/home/telilab4090/Documents/Gazebo World/my_world/rt_out/experiments/semantic_ablation_rigid_200f/sionna_xml/frame_096_sionna.xml,30.0,0.0,0.0,2.4,0.582,0.888,1.195,28000000000.0,22,7.579527228074312e-09,6.284866316264015e-08,5.526913593456584e-08,1.803088700569333e-08,-77.43982908208123,-47.43982908208123,cir_coefficients_tau_mask,,"[1, 1, 1, 1, 22, 1]","[1, 1, 22]","[1, 1, 22]","[1, 1, 22]",,True,,22,5.526913593456584e-08,-47.43982865422544,0,0.0,-4.278557952375195e-07,0,0,0,0,0,0,0,0,1.6060177458546339,1188,2386,3384,0.012807166643447368,0.026568213641151438,0.03588280162151892,2386,0,0.1193
97,24928,rx_panda_base,/home/telilab4090/Documents/Gazebo World/my_world/rt_out/experiments/semantic_ablation_rigid_200f/sionna_xml/frame_097_sionna.xml,30.0,0.0,0.0,2.4,0.582,0.888,1.195,28000000000.0,24,7.579527228074312e-09,6.284866316264015e-08,5.526913593456584e-08,1.810694882919961e-08,-77.4215472573682,-47.4215472573682,cir_coefficients_tau_mask,,"[1, 1, 1, 1, 24, 1]","[1, 1, 24]","[1, 1, 24]","[1, 1, 24]",,True,,22,5.526913593456584e-08,-47.43982908208123,2,0.0,0.018281824713028527,1,0,0,0,0,0,0,0,1.6060177458546339,1196,2465,3391,0.00501513391845787,0.026460110551033984,0.03784177574321739,2465,0,0.12325
98,25185,rx_panda_base,/home/telilab4090/Documents/Gazebo World/my_world/rt_out/experiments/semantic_ablation_rigid_200f/sionna_xml/frame_098_sionna.xml,30.0,0.0,0.0,2.4,0.582,0.888,1.195,28000000000.0,24,7.579527228074312e-09,6.284866316264015e-08,5.526913593456584e-08,1.8085280828472605e-08,-77.42674743119719,-47.426747431197185,cir_coefficients_tau_mask,,"[1, 1, 1, 1, 24, 1]","[1, 1, 24]","[1, 1, 24]","[1, 1, 24]",,True,,24,5.526913593456584e-08,-47.4215472573682,0,0.0,-0.005200173828981747,0,0,0,0,0,0,0,0,1.6060177458546339,1136,2374,3315,0.011148896455078347,0.02683886496709073,0.03794426028937848,2374,0,0.1187
99,25442,rx_panda_base,/home/telilab4090/Documents/Gazebo World/my_world/rt_out/experiments/semantic_ablation_rigid_200f/sionna_xml/frame_099_sionna.xml,30.0,0.0,0.0,2.4,0.582,0.888,1.195,28000000000.0,24,7.579527228074312e-09,6.284866316264015e-08,5.526913593456584e-08,1.8085279052115766e-08,-77.42674785776619,-47.42674785776619,cir_coefficients_tau_mask,,"[1, 1, 1, 1, 24, 1]","[1, 1, 24]","[1, 1, 24]","[1, 1, 24]",,True,,24,5.526913593456584e-08,-47.426747431197185,0,0.0,-4.2656900234305795e-07,0,0,0,0,0,0,0,0,1.6060177458546339,1172,2391,3346,0.009904500065632172,0.030555355258031748,0.04014327552674775,2391,0,0.11955
100,25698,rx_panda_base,/home/telilab4090/Documents/Gazebo World/my_world/rt_out/experiments/semantic_ablation_rigid_200f/sionna_xml/frame_100_sionna.xml,30.0,0.0,0.0,2.4,0.582,0.888,1.195,28000000000.0,24,7.579527228074312e-09,6.284866316264015e-08,5.526913593456584e-08,1.8085280828472605e-08,-77.42674743119719,-47.426747431197185,cir_coefficients_tau_mask,,"[1, 1, 1, 1, 24, 1]","[1, 1, 24]","[1, 1, 24]","[1, 1, 24]",,True,,24,5.526913593456584e-08,-47.42674785776619,0,0.0,4.2656900234305795e-07,0,0,0,0,0,0,0,0,1.6060177458546339,1161,2380,3317,0.008364285135464748,0.02778792088394732,0.039657012470112496,2380,0,0.119
101,25955,rx_panda_base,/home/telilab4090/Documents/Gazebo World/my_world/rt_out/experiments/semantic_ablation_rigid_200f/sionna_xml/frame_101_sionna.xml,30.0,0.0,0.0,2.4,0.582,0.888,1.195,28000000000.0,24,7.579527228074312e-09,6.284866316264015e-08,5.526913593456584e-08,1.8085277275758926e-08,-77.42674828433523,-47.42674828433523,cir_coefficients_tau_mask,,"[1, 1, 1, 1, 24, 1]","[1, 1, 24]","[1, 1, 24]","[1, 1, 24]",,True,,24,5.526913593456584e-08,-47.426747431197185,0,0.0,-8.5313804731868e-07,0,0,0,0,0,0,0,0,1.6060177458546339,1186,2371,3339,0.012888375019765405,0.027317608912035433,0.03763595988095539,2371,0,0.11855
102,26212,rx_panda_base,/home/telilab4090/Documents/Gazebo World/my_world/rt_out/experiments/semantic_ablation_rigid_200f/sionna_xml/frame_102_sionna.xml,30.0,0.0,0.0,2.4,0.582,0.888,1.195,28000000000.0,24,7.579527228074312e-09,6.284866316264015e-08,5.526913593456584e-08,1.8085279052115766e-08,-77.42674785776619,-47.42674785776619,cir_coefficients_tau_mask,,"[1, 1, 1, 1, 24, 1]","[1, 1, 24]","[1, 1, 24]","[1, 1, 24]",,True,,24,5.526913593456584e-08,-47.42674828433523,0,0.0,4.265690449756221e-07,0,0,0,0,0,0,0,0,1.6060177458546339,1195,2385,3401,0.012939259002046209,0.02870962889382232,0.03679206433725648,2385,0,0.11925
103,26469,rx_panda_base,/home/telilab4090/Documents/Gazebo World/my_world/rt_out/experiments/semantic_ablation_rigid_200f/sionna_xml/frame_103_sionna.xml,30.0,0.0,0.0,2.4,0.582,0.888,1.195,28000000000.0,22,7.579527228074312e-09,6.284866316264015e-08,5.526913593456584e-08,1.803089055840701e-08,-77.4398282263697,-47.4398282263697,cir_coefficients_tau_mask,,"[1, 1, 1, 1, 22, 1]","[1, 1, 22]","[1, 1, 22]","[1, 1, 22]",,True,,24,5.526913593456584e-08,-47.42674785776619,-2,0.0,-0.013080368603510806,1,1,0,0,0,0,0,0,1.6060177458546339,1179,2439,3387,0.0030256578353607686,0.027291842879855144,0.036549117868817906,2439,0,0.12195
104,26726,rx_panda_base,/home/telilab4090/Documents/Gazebo World/my_world/rt_out/experiments/semantic_ablation_rigid_200f/sionna_xml/frame_104_sionna.xml,30.0,0.0,0.0,2.4,0.582,0.888,1.195,28000000000.0,22,7.579527228074312e-09,6.284866316264015e-08,5.526913593456584e-08,1.803088878205017e-08,-77.43982865422544,-47.43982865422544,cir_coefficients_tau_mask,,"[1, 1, 1, 1, 22, 1]","[1, 1, 22]","[1, 1, 22]","[1, 1, 22]",,True,,22,5.526913593456584e-08,-47.4398282263697,0,0.0,-4.278557383941006e-07,0,0,0,0,0,0,0,0,1.6060177458546339,1179,2375,3403,0.008462954709860566,0.02535555924130211,0.037044065859882506,2375,0,0.11875
105,26983,rx_panda_base,/home/telilab4090/Documents/Gazebo World/my_world/rt_out/experiments/semantic_ablation_rigid_200f/sionna_xml/frame_105_sionna.xml,30.0,0.0,0.0,2.4,0.582,0.888,1.195,28000000000.0,24,7.579527228074312e-09,6.284866316264015e-08,5.526913593456584e-08,1.8085277275758926e-08,-77.42674828433523,-47.42674828433523,cir_coefficients_tau_mask,,"[1, 1, 1, 1, 24, 1]","[1, 1, 24]","[1, 1, 24]","[1, 1, 24]",,True,,22,5.526913593456584e-08,-47.43982865422544,2,0.0,0.013080369890204224,1,0,0,0,0,0,0,0,1.6060177458546339,1116,2321,3370,0.018338255524235153,0.0330483522091264,0.04162719940569915,2321,0,0.11605
106,27240,rx_panda_base,/home/telilab4090/Documents/Gazebo World/my_world/rt_out/experiments/semantic_ablation_rigid_200f/sionna_xml/frame_106_sionna.xml,30.0,0.0,0.0,2.4,0.582,0.888,1.195,28000000000.0,24,7.579527228074312e-09,6.284866316264015e-08,5.526913593456584e-08,1.8085277275758926e-08,-77.42674828433523,-47.42674828433523,cir_coefficients_tau_mask,,"[1, 1, 1, 1, 24, 1]","[1, 1, 24]","[1, 1, 24]","[1, 1, 24]",,True,,24,5.526913593456584e-08,-47.42674828433523,0,0.0,0.0,0,0,0,0,0,0,0,0,1.6060177458546339,1209,2470,3513,0.018241743673701218,0.030683058607529696,0.04007911344231317,2470,0,0.1235
107,27497,rx_panda_base,/home/telilab4090/Documents/Gazebo World/my_world/rt_out/experiments/semantic_ablation_rigid_200f/sionna_xml/frame_107_sionna.xml,30.0,0.0,0.0,2.4,0.582,0.888,1.195,28000000000.0,24,7.579527228074312e-09,6.284866316264015e-08,5.526913593456584e-08,1.8085277275758926e-08,-77.42674828433523,-47.42674828433523,cir_coefficients_tau_mask,,"[1, 1, 1, 1, 24, 1]","[1, 1, 24]","[1, 1, 24]","[1, 1, 24]",,True,,24,5.526913593456584e-08,-47.42674828433523,0,0.0,0.0,0,0,0,0,0,0,0,0,1.6060177458546339,1177,2396,3447,0.012670645037878445,0.02444579391389907,0.036316511994419313,2396,0,0.1198
108,27754,rx_panda_base,/home/telilab4090/Documents/Gazebo World/my_world/rt_out/experiments/semantic_ablation_rigid_200f/sionna_xml/frame_108_sionna.xml,30.0,0.0,0.0,2.4,0.582,0.888,1.195,28000000000.0,23,7.579527228074312e-09,6.284866316264015e-08,5.526913593456584e-08,1.8066453222331802e-08,-77.43127099080412,-47.43127099080412,cir_coefficients_tau_mask,,"[1, 1, 1, 1, 23, 1]","[1, 1, 23]","[1, 1, 23]","[1, 1, 23]",,True,,24,5.526913593456584e-08,-47.42674828433523,-1,0.0,-0.004522706468890192,1,1,0,0,0,0,0,0,1.6060177458546339,1228,2413,3459,0.017279553478600496,0.030663982733381872,0.040996284847900924,2413,0,0.12065
109,28011,rx_panda_base,/home/telilab4090/Documents/Gazebo World/my_world/rt_out/experiments/semantic_ablation_rigid_200f/sionna_xml/frame_109_sionna.xml,30.0,0.0,0.0,2.4,0.582,0.888,1.195,28000000000.0,24,7.579527228074312e-09,6.284866316264015e-08,5.526913593456584e-08,1.8123692768767796e-08,-77.41753308551986,-47.417533085519864,cir_coefficients_tau_mask,,"[1, 1, 1, 1, 24, 1]","[1, 1, 24]","[1, 1, 24]","[1, 1, 24]",,True,,23,5.526913593456584e-08,-47.43127099080412,1,0.0,0.013737905284259,1,0,0,0,0,0,0,0,1.6060177458546339,1196,2394,3717,0.003826638708387333,0.018191416328036246,0.027134521599923012,2387,0,0.1197
110,28268,rx_panda_base,/home/telilab4090/Documents/Gazebo World/my_world/rt_out/experiments/semantic_ablation_rigid_200f/sionna_xml/frame_110_sionna.xml,30.0,0.0,0.0,2.4,0.582,0.888,1.195,28000000000.0,25,7.579527228074312e-09,6.284866316264015e-08,5.526913593456584e-08,1.814251504583808e-08,-77.41302508079865,-47.41302508079865,cir_coefficients_tau_mask,,"[1, 1, 1, 1, 25, 1]","[1, 1, 25]","[1, 1, 25]","[1, 1, 25]",,True,,24,5.526913593456584e-08,-47.417533085519864,1,0.0,0.004508004721216707,1,0,0,0,0,0,0,0,1.6060177458546339,1221,2805,3863,0.007139376778852208,0.023416838304002995,0.03490072241910338,2805,0,0.14025
111,28525,rx_panda_base,/home/telilab4090/Documents/Gazebo World/my_world/rt_out/experiments/semantic_ablation_rigid_200f/sionna_xml/frame_111_sionna.xml,30.0,0.0,0.0,2.4,0.582,0.888,1.195,28000000000.0,24,7.579527228074312e-09,6.284866316264015e-08,5.526913593456584e-08,1.810694882919961e-08,-77.4215472573682,-47.4215472573682,cir_coefficients_tau_mask,,"[1, 1, 1, 1, 24, 1]","[1, 1, 24]","[1, 1, 24]","[1, 1, 24]",,True,,25,5.526913593456584e-08,-47.41302508079865,-1,0.0,-0.00852217656955645,1,1,0,0,0,0,0,0,1.6060177458546339,1231,3311,3711,0.005762188524418197,0.02606778023207566,0.03931550703617257,3311,0,0.16555
112,28782,rx_panda_base,/home/telilab4090/Documents/Gazebo World/my_world/rt_out/experiments/semantic_ablation_rigid_200f/sionna_xml/frame_112_sionna.xml,30.0,0.0,0.0,2.4,0.582,0.888,1.195,28000000000.0,24,7.579527228074312e-09,6.284866316264015e-08,5.526913593456584e-08,1.810695060555645e-08,-77.42154683130971,-47.42154683130971,cir_coefficients_tau_mask,,"[1, 1, 1, 1, 24, 1]","[1, 1, 24]","[1, 1, 24]","[1, 1, 24]",,True,,24,5.526913593456584e-08,-47.4215472573682,0,0.0,4.2605849159826903e-07,0,0,0,0,0,0,0,0,1.6060177458546339,1279,3239,3765,0.006499672911192398,0.019241788641891334,0.02905603073180434,3239,0,0.16195
113,29039,rx_panda_base,/home/telilab4090/Documents/Gazebo World/my_world/rt_out/experiments/semantic_ablation_rigid_200f/sionna_xml/frame_113_sionna.xml,30.0,0.0,0.0,2.4,0.582,0.888,1.195,28000000000.0,24,7.579527228074312e-09,6.284866316264015e-08,5.526913593456584e-08,1.810695060555645e-08,-77.42154683130971,-47.42154683130971,cir_coefficients_tau_mask,,"[1, 1, 1, 1, 24, 1]","[1, 1, 24]","[1, 1, 24]","[1, 1, 24]",,True,,24,5.526913593456584e-08,-47.42154683130971,0,0.0,0.0,0,0,0,0,0,0,0,0,1.6060177458546339,1265,3369,3863,0.013752901802436265,0.026900436272732513,0.03643420111764267,3369,0,0.16845
114,29296,rx_panda_base,/home/telilab4090/Documents/Gazebo World/my_world/rt_out/experiments/semantic_ablation_rigid_200f/sionna_xml/frame_114_sionna.xml,30.0,0.0,0.0,2.4,0.582,0.888,1.195,28000000000.0,24,7.579527228074312e-09,6.284866316264015e-08,5.526913593456584e-08,1.8123694545124636e-08,-77.41753265985498,-47.417532659854984,cir_coefficients_tau_mask,,"[1, 1, 1, 1, 24, 1]","[1, 1, 24]","[1, 1, 24]","[1, 1, 24]",,True,,24,5.526913593456584e-08,-47.42154683130971,0,0.0,0.004014171454727489,0,0,0,0,0,0,0,0,1.6060177458546339,1250,3147,3755,0.0072176638923488025,0.022526487490877187,0.03328985020254478,3147,0,0.15735
115,29553,rx_panda_base,/home/telilab4090/Documents/Gazebo World/my_world/rt_out/experiments/semantic_ablation_rigid_200f/sionna_xml/frame_115_sionna.xml,30.0,0.0,0.0,2.4,0.582,0.888,1.195,28000000000.0,29,7.579527228074312e-09,6.284866316264015e-08,5.526913593456584e-08,1.821448769590006e-08,-77.39583039298407,-47.39583039298407,cir_coefficients_tau_mask,,"[1, 1, 1, 1, 29, 1]","[1, 1, 29]","[1, 1, 29]","[1, 1, 29]",,True,,24,5.526913593456584e-08,-47.417532659854984,5,0.0,0.021702266870917697,1,0,0,0,0,0,0,0,1.6060177458546339,1209,2730,3655,0.008323507927513128,0.023262569321802394,0.03356130451515519,2729,0,0.1365
116,29810,rx_panda_base,/home/telilab4090/Documents/Gazebo World/my_world/rt_out/experiments/semantic_ablation_rigid_200f/sionna_xml/frame_116_sionna.xml,30.0,0.0,0.0,2.4,0.582,0.888,1.195,28000000000.0,28,7.579527228074312e-09,6.284866316264015e-08,5.526913593456584e-08,1.8211661512168575e-08,-77.39650430226548,-47.396504302265484,cir_coefficients_tau_mask,,"[1, 1, 1, 1, 28, 1]","[1, 1, 28]","[1, 1, 28]","[1, 1, 28]",,True,,29,5.526913593456584e-08,-47.39583039298407,-1,0.0,-0.0006739092814171954,1,1,0,0,0,0,0,0,1.6060177458546339,1203,2514,3588,0.009028263149571622,0.02445038466293355,0.03454379233309917,2488,0,0.1257
117,30067,rx_panda_base,/home/telilab4090/Documents/Gazebo World/my_world/rt_out/experiments/semantic_ablation_rigid_200f/sionna_xml/frame_117_sionna.xml,30.0,0.0,0.0,2.4,0.582,0.888,1.195,28000000000.0,28,7.579527228074312e-09,6.284866316264015e-08,5.526913593456584e-08,1.8211663288525415e-08,-77.39650387865672,-47.396503878656716,cir_coefficients_tau_mask,,"[1, 1, 1, 1, 28, 1]","[1, 1, 28]","[1, 1, 28]","[1, 1, 28]",,True,,28,5.526913593456584e-08,-47.396504302265484,0,0.0,4.2360876761904365e-07,0,0,0,0,0,0,0,0,1.6060177458546339,1229,2575,3629,0.007164521933720058,0.021989720977088335,0.03307351452249329,2549,0,0.12875
118,30324,rx_panda_base,/home/telilab4090/Documents/Gazebo World/my_world/rt_out/experiments/semantic_ablation_rigid_200f/sionna_xml/frame_118_sionna.xml,30.0,0.0,0.0,2.4,0.582,0.888,1.195,28000000000.0,29,7.579527228074312e-09,6.284866316264015e-08,5.526913593456584e-08,1.821448769590006e-08,-77.39583039298407,-47.39583039298407,cir_coefficients_tau_mask,,"[1, 1, 1, 1, 29, 1]","[1, 1, 29]","[1, 1, 29]","[1, 1, 29]",,True,,28,5.526913593456584e-08,-47.396503878656716,1,0.0,0.0006734856726495764,1,0,0,0,0,0,0,0,1.6060177458546339,1185,2573,4096,0.010812746790093298,0.022854909108427395,0.0326069825138183,2552,0,0.12865
119,30581,rx_panda_base,/home/telilab4090/Documents/Gazebo World/my_world/rt_out/experiments/semantic_ablation_rigid_200f/sionna_xml/frame_119_sionna.xml,30.0,0.0,0.0,2.4,0.582,0.888,1.195,28000000000.0,29,7.579527228074312e-09,6.284866316264015e-08,5.526913593456584e-08,1.82144894722569e-08,-77.39582996944102,-47.395829969441024,cir_coefficients_tau_mask,,"[1, 1, 1, 1, 29, 1]","[1, 1, 29]","[1, 1, 29]","[1, 1, 29]",,True,,29,5.526913593456584e-08,-47.39583039298407,0,0.0,4.2354304241598584e-07,0,0,0,0,0,0,0,0,1.6060177458546339,1224,2562,3377,0.00731793492733427,0.024091904530398223,0.03238638590483892,2540,0,0.1281
120,30838,rx_panda_base,/home/telilab4090/Documents/Gazebo World/my_world/rt_out/experiments/semantic_ablation_rigid_200f/sionna_xml/frame_120_sionna.xml,30.0,0.0,0.0,2.4,0.582,0.888,1.195,28000000000.0,30,7.579527228074312e-09,6.284866316264015e-08,5.526913593456584e-08,2.416249600400988e-08,-76.16858204786944,-46.168582047869435,cir_coefficients_tau_mask,,"[1, 1, 1, 1, 30, 1]","[1, 1, 30]","[1, 1, 30]","[1, 1, 30]",,True,,29,5.526913593456584e-08,-47.395829969441024,1,0.0,1.227247921571589,1,0,0,0,0,0,0,0,1.6060177458546339,1197,2334,3353,0.0025677452271882302,0.014235252214225405,0.024914184543291033,2243,0,0.1167
121,31095,rx_panda_base,/home/telilab4090/Documents/Gazebo World/my_world/rt_out/experiments/semantic_ablation_rigid_200f/sionna_xml/frame_121_sionna.xml,30.0,0.0,0.0,2.4,0.582,0.888,1.195,28000000000.0,31,7.579527228074312e-09,5.897902966012225e-08,5.139950243204794e-08,2.4418026711714447e-08,-76.12289435511549,-46.12289435511549,cir_coefficients_tau_mask,,"[1, 1, 1, 1, 31, 1]","[1, 1, 31]","[1, 1, 31]","[1, 1, 31]",,True,,30,5.526913593456584e-08,-46.168582047869435,1,-3.8696335025179e-09,0.04568769275394402,1,0,0,0,0,0,0,0,1.6060177458546339,1229,2367,4052,0.012995212869028208,0.01924098833371473,0.02663490341864706,2181,0,0.11835
122,31352,rx_panda_base,/home/telilab4090/Documents/Gazebo World/my_world/rt_out/experiments/semantic_ablation_rigid_200f/sionna_xml/frame_122_sionna.xml,30.0,0.0,0.0,2.4,0.582,0.888,1.195,28000000000.0,29,7.579527228074312e-09,5.897902966012225e-08,5.139950243204794e-08,2.4158316236366773e-08,-76.16933338044991,-46.16933338044991,cir_coefficients_tau_mask,,"[1, 1, 1, 1, 29, 1]","[1, 1, 29]","[1, 1, 29]","[1, 1, 29]",,True,,31,5.139950243204794e-08,-46.12289435511549,-2,0.0,-0.04643902533442201,1,1,0,0,0,0,0,0,1.6060177458546339,1225,2345,3419,0.004704369000838979,0.01693008205757288,0.025622754733209786,2102,0,0.11725
123,31609,rx_panda_base,/home/telilab4090/Documents/Gazebo World/my_world/rt_out/experiments/semantic_ablation_rigid_200f/sionna_xml/frame_123_sionna.xml,30.0,0.0,0.0,2.4,0.582,0.888,1.195,28000000000.0,29,7.579527228074312e-09,5.897902966012225e-08,5.139950243204794e-08,2.4158314460009933e-08,-76.16933369978591,-46.16933369978591,cir_coefficients_tau_mask,,"[1, 1, 1, 1, 29, 1]","[1, 1, 29]","[1, 1, 29]","[1, 1, 29]",,True,,29,5.139950243204794e-08,-46.16933338044991,0,0.0,-3.193359958686415e-07,0,0,0,0,0,0,0,0,1.6060177458546339,1242,2307,3462,0.006385871910629973,0.01750024085445314,0.024503872112411756,2026,0,0.11535
124,31866,rx_panda_base,/home/telilab4090/Documents/Gazebo World/my_world/rt_out/experiments/semantic_ablation_rigid_200f/sionna_xml/frame_124_sionna.xml,30.0,0.0,0.0,2.4,0.582,0.888,1.195,28000000000.0,29,7.579527228074312e-09,5.897902966012225e-08,5.139950243204794e-08,2.4158316236366773e-08,-76.16933338044991,-46.16933338044991,cir_coefficients_tau_mask,,"[1, 1, 1, 1, 29, 1]","[1, 1, 29]","[1, 1, 29]","[1, 1, 29]",,True,,29,5.139950243204794e-08,-46.16933369978591,0,0.0,3.193359958686415e-07,0,0,0,0,0,0,0,0,1.6060177458546339,1176,2257,3318,0.006500708401195301,0.019066349829259897,0.027103880896891794,1965,0,0.11285
125,32123,rx_panda_base,/home/telilab4090/Documents/Gazebo World/my_world/rt_out/experiments/semantic_ablation_rigid_200f/sionna_xml/frame_125_sionna.xml,30.0,0.0,0.0,2.4,0.582,0.888,1.195,28000000000.0,29,7.579527228074312e-09,5.897902966012225e-08,5.139950243204794e-08,2.4158316236366773e-08,-76.16933338044991,-46.16933338044991,cir_coefficients_tau_mask,,"[1, 1, 1, 1, 29, 1]","[1, 1, 29]","[1, 1, 29]","[1, 1, 29]",,True,,29,5.139950243204794e-08,-46.16933338044991,0,0.0,0.0,0,0,0,0,0,0,0,0,1.6060177458546339,1250,2329,3428,0.0028051276863589815,0.019098828883958457,0.026621629419383425,2047,0,0.11645
126,32380,rx_panda_base,/home/telilab4090/Documents/Gazebo World/my_world/rt_out/experiments/semantic_ablation_rigid_200f/sionna_xml/frame_126_sionna.xml,30.0,0.0,0.0,2.4,0.582,0.888,1.195,28000000000.0,28,8.163323350629526e-09,6.284866316264015e-08,5.4685339812010625e-08,2.7825077797416498e-09,-85.55563612727613,-55.55563612727613,cir_coefficients_tau_mask,,"[1, 1, 1, 1, 28, 1]","[1, 1, 28]","[1, 1, 28]","[1, 1, 28]",,True,,29,5.139950243204794e-08,-46.16933338044991,-1,3.285837379962686e-09,-9.386302746826217,1,1,1,1,1,1,1,1,1.6060177458546339,1226,2379,3405,0.0004278493277551924,0.012912738870757359,0.020907770861557422,1952,0,0.11895
127,32637,rx_panda_base,/home/telilab4090/Documents/Gazebo World/my_world/rt_out/experiments/semantic_ablation_rigid_200f/sionna_xml/frame_127_sionna.xml,30.0,0.0,0.0,2.4,0.582,0.888,1.195,28000000000.0,23,8.163323350629526e-09,6.284866316264015e-08,5.4685339812010625e-08,2.68836553019014e-09,-85.70511681692693,-55.70511681692693,cir_coefficients_tau_mask,,"[1, 1, 1, 1, 23, 1]","[1, 1, 23]","[1, 1, 23]","[1, 1, 23]",,True,,28,5.4685339812010625e-08,-55.55563612727613,-5,0.0,-0.14948068965080097,1,1,0,0,0,0,0,0,1.6060177458546339,1220,2357,3322,0.00913818969457029,0.015375581026348664,0.022734455964203922,1871,0,0.11785
128,32894,rx_panda_base,/home/telilab4090/Documents/Gazebo World/my_world/rt_out/experiments/semantic_ablation_rigid_200f/sionna_xml/frame_128_sionna.xml,30.0,0.0,0.0,2.4,0.582,0.888,1.195,28000000000.0,23,8.163323350629526e-09,6.284866316264015e-08,5.4685339812010625e-08,2.68836553019014e-09,-85.70511681692693,-55.70511681692693,cir_coefficients_tau_mask,,"[1, 1, 1, 1, 23, 1]","[1, 1, 23]","[1, 1, 23]","[1, 1, 23]",,True,,23,5.4685339812010625e-08,-55.70511681692693,0,0.0,0.0,0,0,0,0,0,0,0,0,1.6060177458546339,1401,2883,3866,0.003157327756961549,0.015981447750047954,0.024683835459673197,1956,0,0.14415
129,33151,rx_panda_base,/home/telilab4090/Documents/Gazebo World/my_world/rt_out/experiments/semantic_ablation_rigid_200f/sionna_xml/frame_129_sionna.xml,30.0,0.0,0.0,2.4,0.582,0.888,1.195,28000000000.0,23,8.163323350629526e-09,6.284866316264015e-08,5.4685339812010625e-08,2.68836553019014e-09,-85.70511681692693,-55.70511681692693,cir_coefficients_tau_mask,,"[1, 1, 1, 1, 23, 1]","[1, 1, 23]","[1, 1, 23]","[1, 1, 23]",,True,,23,5.4685339812010625e-08,-55.70511681692693,0,0.0,0.0,0,0,0,0,0,0,0,0,1.6060177458546339,1328,2731,3740,0.0034744146180159512,0.012537814138918715,0.022254813406721925,1854,0,0.13655
130,33408,rx_panda_base,/home/telilab4090/Documents/Gazebo World/my_world/rt_out/experiments/semantic_ablation_rigid_200f/sionna_xml/frame_130_sionna.xml,30.0,0.0,0.0,2.4,0.582,0.888,1.195,28000000000.0,23,8.163323350629526e-09,6.284866316264015e-08,5.4685339812010625e-08,2.68836553019014e-09,-85.70511681692693,-55.70511681692693,cir_coefficients_tau_mask,,"[1, 1, 1, 1, 23, 1]","[1, 1, 23]","[1, 1, 23]","[1, 1, 23]",,True,,23,5.4685339812010625e-08,-55.70511681692693,0,0.0,0.0,0,0,0,0,0,0,0,0,1.6060177458546339,1386,2914,3926,0.002444178768247687,0.012366585191913028,0.020669642583018084,1926,0,0.1457
131,33665,rx_panda_base,/home/telilab4090/Documents/Gazebo World/my_world/rt_out/experiments/semantic_ablation_rigid_200f/sionna_xml/frame_131_sionna.xml,30.0,0.0,0.0,2.4,0.582,0.888,1.195,28000000000.0,23,8.163323350629526e-09,6.284866316264015e-08,5.4685339812010625e-08,2.688364864056325e-09,-85.70511789303906,-55.70511789303906,cir_coefficients_tau_mask,,"[1, 1, 1, 1, 23, 1]","[1, 1, 23]","[1, 1, 23]","[1, 1, 23]",,True,,23,5.4685339812010625e-08,-55.70511681692693,0,0.0,-1.0761121274072138e-06,0,0,0,0,0,0,0,0,1.6060177458546339,1394,2820,3785,0.0035496969971647754,0.017453707941192147,0.027551855080093283,1883,0,0.141
132,33922,rx_panda_base,/home/telilab4090/Documents/Gazebo World/my_world/rt_out/experiments/semantic_ablation_rigid_200f/sionna_xml/frame_132_sionna.xml,30.0,0.0,0.0,2.4,0.582,0.888,1.195,28000000000.0,23,5.357098764591228e-09,6.284866316264015e-08,5.749156439804892e-08,2.8408337016117e-07,-65.46554188517912,-35.46554188517912,cir_coefficients_tau_mask,,"[1, 1, 1, 1, 23, 1]","[1, 1, 23]","[1, 1, 23]","[1, 1, 23]",,True,,23,5.4685339812010625e-08,-55.70511789303906,0,2.8062245860382973e-09,20.239576007859938,0,0,0,0,0,1,1,1,1.6060177458546339,1040,2072,3701,0.054516123371106666,0.05962729494069875,0.06868682385828753,1782,0,0.1036
133,34179,rx_panda_base,/home/telilab4090/Documents/Gazebo World/my_world/rt_out/experiments/semantic_ablation_rigid_200f/sionna_xml/frame_133_sionna.xml,30.0,0.0,0.0,2.4,0.582,0.888,1.195,28000000000.0,23,5.357098764591228e-09,6.284866316264015e-08,5.749156439804892e-08,2.8408337016117e-07,-65.46554188517912,-35.46554188517912,cir_coefficients_tau_mask,,"[1, 1, 1, 1, 23, 1]","[1, 1, 23]","[1, 1, 23]","[1, 1, 23]",,True,,23,5.749156439804892e-08,-35.46554188517912,0,0.0,0.0,0,0,0,0,0,0,0,0,1.6060177458546339,1049,2022,3595,0.055740775726723264,0.06231145673831369,0.07163631430472531,1707,0,0.1011
134,34436,rx_panda_base,/home/telilab4090/Documents/Gazebo World/my_world/rt_out/experiments/semantic_ablation_rigid_200f/sionna_xml/frame_134_sionna.xml,30.0,0.0,0.0,2.4,0.582,0.888,1.195,28000000000.0,24,5.357098764591228e-09,6.284866316264015e-08,5.749156439804892e-08,2.8414061148396286e-07,-65.46466689251731,-35.464666892517315,cir_coefficients_tau_mask,,"[1, 1, 1, 1, 24, 1]","[1, 1, 24]","[1, 1, 24]","[1, 1, 24]",,True,,23,5.749156439804892e-08,-35.46554188517912,1,0.0,0.0008749926618065729,1,0,0,0,0,0,0,0,1.6060177458546339,1145,2453,3633,0.05494444877862727,0.06577885356149955,0.07169989972202044,1772,0,0.12265
135,34693,rx_panda_base,/home/telilab4090/Documents/Gazebo World/my_world/rt_out/experiments/semantic_ablation_rigid_200f/sionna_xml/frame_135_sionna.xml,30.0,0.0,0.0,2.4,0.582,0.888,1.195,28000000000.0,25,5.357098764591228e-09,6.284866316264015e-08,5.749156439804892e-08,2.8419813702385e-07,-65.46378773287204,-35.463787732872035,cir_coefficients_tau_mask,,"[1, 1, 1, 1, 25, 1]","[1, 1, 25]","[1, 1, 25]","[1, 1, 25]",,True,,24,5.749156439804892e-08,-35.464666892517315,1,0.0,0.0008791596452795147,1,0,0,0,0,0,0,0,1.6060177458546339,1173,2407,3386,0.05499071200384556,0.06674758698191938,0.07344113461150174,1801,0,0.12035
136,34950,rx_panda_base,/home/telilab4090/Documents/Gazebo World/my_world/rt_out/experiments/semantic_ablation_rigid_200f/sionna_xml/frame_136_sionna.xml,30.0,0.0,0.0,2.4,0.582,0.888,1.195,28000000000.0,25,5.357098764591228e-09,6.284866316264015e-08,5.749156439804892e-08,2.8419810860214056e-07,-65.46378816719552,-35.46378816719552,cir_coefficients_tau_mask,,"[1, 1, 1, 1, 25, 1]","[1, 1, 25]","[1, 1, 25]","[1, 1, 25]",,True,,25,5.749156439804892e-08,-35.463787732872035,0,0.0,-4.3432348206806637e-07,0,0,0,0,0,0,0,0,1.6060177458546339,1180,2412,3701,0.05506041266957039,0.06345146554776313,0.07187044459344567,1791,0,0.1206
137,35207,rx_panda_base,/home/telilab4090/Documents/Gazebo World/my_world/rt_out/experiments/semantic_ablation_rigid_200f/sionna_xml/frame_137_sionna.xml,30.0,0.0,0.0,2.4,0.582,0.888,1.195,28000000000.0,25,5.357098764591228e-09,6.284866316264015e-08,5.749156439804892e-08,2.8419810860214056e-07,-65.46378816719552,-35.46378816719552,cir_coefficients_tau_mask,,"[1, 1, 1, 1, 25, 1]","[1, 1, 25]","[1, 1, 25]","[1, 1, 25]",,True,,25,5.749156439804892e-08,-35.46378816719552,0,0.0,0.0,0,0,0,0,0,0,0,0,1.6060177458546339,1153,2416,3380,0.05563394091681562,0.06525266904978436,0.07137137681088353,1776,0,0.1208
138,35464,rx_panda_base,/home/telilab4090/Documents/Gazebo World/my_world/rt_out/experiments/semantic_ablation_rigid_200f/sionna_xml/frame_138_sionna.xml,30.0,0.0,0.0,2.4,0.582,0.888,1.195,28000000000.0,25,5.357098764591228e-09,6.284866316264015e-08,5.749156439804892e-08,2.84268793393494e-07,-65.46270813896908,-35.46270813896908,cir_coefficients_tau_mask,,"[1, 1, 1, 1, 25, 1]","[1, 1, 25]","[1, 1, 25]","[1, 1, 25]",,True,,25,5.749156439804892e-08,-35.46378816719552,0,0.0,0.001080028226439822,0,0,0,0,0,0,0,0,1.6060177458546339,772,2131,4380,0.057815358229970845,0.06682828420305448,0.08302382064222531,1835,0,0.10655
139,35721,rx_panda_base,/home/telilab4090/Documents/Gazebo World/my_world/rt_out/experiments/semantic_ablation_rigid_200f/sionna_xml/frame_139_sionna.xml,30.0,0.0,0.0,2.4,0.582,0.888,1.195,28000000000.0,23,5.357098764591228e-09,6.284866316264015e-08,5.749156439804892e-08,2.8408337016117e-07,-65.46554188517912,-35.46554188517912,cir_coefficients_tau_mask,,"[1, 1, 1, 1, 23, 1]","[1, 1, 23]","[1, 1, 23]","[1, 1, 23]",,True,,25,5.749156439804892e-08,-35.46270813896908,-2,0.0,-0.0028337462100438415,1,1,0,0,0,0,0,0,1.6060177458546339,726,2038,4740,0.05631270463937036,0.07167254857422725,0.08599514359631864,1741,0,0.1019
140,35978,rx_panda_base,/home/telilab4090/Documents/Gazebo World/my_world/rt_out/experiments/semantic_ablation_rigid_200f/sionna_xml/frame_140_sionna.xml,30.0,0.0,0.0,2.4,0.582,0.888,1.195,28000000000.0,25,5.357098764591228e-09,6.284866316264015e-08,5.749156439804892e-08,2.84268793393494e-07,-65.46270813896908,-35.46270813896908,cir_coefficients_tau_mask,,"[1, 1, 1, 1, 25, 1]","[1, 1, 25]","[1, 1, 25]","[1, 1, 25]",,True,,23,5.749156439804892e-08,-35.46554188517912,2,0.0,0.0028337462100438415,1,0,0,0,0,0,0,0,1.6060177458546339,727,2084,3341,0.055999822569315245,0.06531230864042084,0.08454175416909218,1771,0,0.1042
141,36235,rx_panda_base,/home/telilab4090/Documents/Gazebo World/my_world/rt_out/experiments/semantic_ablation_rigid_200f/sionna_xml/frame_141_sionna.xml,30.0,0.0,0.0,2.4,0.582,0.888,1.195,28000000000.0,23,5.357098764591228e-09,6.284866316264015e-08,5.749156439804892e-08,2.8408339858287945e-07,-65.46554145068022,-35.46554145068022,cir_coefficients_tau_mask,,"[1, 1, 1, 1, 23, 1]","[1, 1, 23]","[1, 1, 23]","[1, 1, 23]",,True,,25,5.749156439804892e-08,-35.46270813896908,-2,0.0,-0.002833311711142983,1,1,0,0,0,0,0,0,1.6060177458546339,1224,2763,3364,0.05834509727415687,0.063080721913925,0.06818598202024612,1786,0,0.13815
142,36492,rx_panda_base,/home/telilab4090/Documents/Gazebo World/my_world/rt_out/experiments/semantic_ablation_rigid_200f/sionna_xml/frame_142_sionna.xml,30.0,0.0,0.0,2.4,0.582,0.888,1.195,28000000000.0,23,5.357098764591228e-09,6.284866316264015e-08,5.749156439804892e-08,2.8408337016117e-07,-65.46554188517912,-35.46554188517912,cir_coefficients_tau_mask,,"[1, 1, 1, 1, 23, 1]","[1, 1, 23]","[1, 1, 23]","[1, 1, 23]",,True,,23,5.749156439804892e-08,-35.46554145068022,0,0.0,-4.344989008586708e-07,0,0,0,0,0,0,0,0,1.6060177458546339,1173,2213,3411,0.058682189434904476,0.06363859102273028,0.06912367551054131,1783,0,0.11065
143,36749,rx_panda_base,/home/telilab4090/Documents/Gazebo World/my_world/rt_out/experiments/semantic_ablation_rigid_200f/sionna_xml/frame_143_sionna.xml,30.0,0.0,0.0,2.4,0.582,0.888,1.195,28000000000.0,19,5.357098764591228e-09,6.284866316264015e-08,5.749156439804892e-08,2.840113779711828e-07,-65.46664261040574,-35.46664261040574,cir_coefficients_tau_mask,,"[1, 1, 1, 1, 19, 1]","[1, 1, 19]","[1, 1, 19]","[1, 1, 19]",,True,,23,5.749156439804892e-08,-35.46554188517912,-4,0.0,-0.0011007252266210799,1,1,0,0,0,0,0,0,1.6060177458546339,1189,2209,3424,0.060299260301319324,0.06417278288562424,0.07091515892696601,1800,0,0.11045
144,37006,rx_panda_base,/home/telilab4090/Documents/Gazebo World/my_world/rt_out/experiments/semantic_ablation_rigid_200f/sionna_xml/frame_144_sionna.xml,30.0,0.0,0.0,2.4,0.582,0.888,1.195,28000000000.0,19,5.357098764591228e-09,6.284866316264015e-08,5.749156439804892e-08,2.840113779711828e-07,-65.46664261040574,-35.46664261040574,cir_coefficients_tau_mask,,"[1, 1, 1, 1, 19, 1]","[1, 1, 19]","[1, 1, 19]","[1, 1, 19]",,True,,19,5.749156439804892e-08,-35.46664261040574,0,0.0,0.0,0,0,0,0,0,0,0,0,1.6060177458546339,1136,2131,4055,0.061139286418042636,0.06605640581388028,0.07234795013875292,1740,0,0.10655
145,37263,rx_panda_base,/home/telilab4090/Documents/Gazebo World/my_world/rt_out/experiments/semantic_ablation_rigid_200f/sionna_xml/frame_145_sionna.xml,30.0,0.0,0.0,2.4,0.582,0.888,1.195,28000000000.0,19,5.357098764591228e-09,6.284866316264015e-08,5.749156439804892e-08,2.8401140639289224e-07,-65.46664217579671,-35.46664217579671,cir_coefficients_tau_mask,,"[1, 1, 1, 1, 19, 1]","[1, 1, 19]","[1, 1, 19]","[1, 1, 19]",,True,,19,5.749156439804892e-08,-35.46664261040574,0,0.0,4.3460903498271364e-07,0,0,0,0,0,0,0,0,1.6060177458546339,1151,2157,3817,0.05111198978076306,0.0557296757491472,0.0639268578111013,1779,0,0.10785
146,37520,rx_panda_base,/home/telilab4090/Documents/Gazebo World/my_world/rt_out/experiments/semantic_ablation_rigid_200f/sionna_xml/frame_146_sionna.xml,30.0,0.0,0.0,2.4,0.582,0.888,1.195,28000000000.0,23,5.357098764591228e-09,6.284866316264015e-08,5.749156439804892e-08,2.8408337016117e-07,-65.46554188517912,-35.46554188517912,cir_coefficients_tau_mask,,"[1, 1, 1, 1, 23, 1]","[1, 1, 23]","[1, 1, 23]","[1, 1, 23]",,True,,19,5.749156439804892e-08,-35.46664217579671,4,0.0,0.0011002906175860971,1,0,0,0,0,0,0,0,1.6060177458546339,1218,2227,3817,0.03717430112315324,0.04353164366906044,0.052736846619339355,1817,0,0.11135
147,37777,rx_panda_base,/home/telilab4090/Documents/Gazebo World/my_world/rt_out/experiments/semantic_ablation_rigid_200f/sionna_xml/frame_147_sionna.xml,30.0,0.0,0.0,2.4,0.582,0.888,1.195,28000000000.0,23,5.357098764591228e-09,6.284866316264015e-08,5.749156439804892e-08,2.8408337016117e-07,-65.46554188517912,-35.46554188517912,cir_coefficients_tau_mask,,"[1, 1, 1, 1, 23, 1]","[1, 1, 23]","[1, 1, 23]","[1, 1, 23]",,True,,23,5.749156439804892e-08,-35.46554188517912,0,0.0,0.0,0,0,0,0,0,0,0,0,1.6060177458546339,1188,2352,3702,0.0369627740345588,0.04298414124126144,0.05271553701407759,1776,0,0.1176
148,38034,rx_panda_base,/home/telilab4090/Documents/Gazebo World/my_world/rt_out/experiments/semantic_ablation_rigid_200f/sionna_xml/frame_148_sionna.xml,30.0,0.0,0.0,2.4,0.582,0.888,1.195,28000000000.0,23,5.357098764591228e-09,6.284866316264015e-08,5.749156439804892e-08,2.8408337016117e-07,-65.46554188517912,-35.46554188517912,cir_coefficients_tau_mask,,"[1, 1, 1, 1, 23, 1]","[1, 1, 23]","[1, 1, 23]","[1, 1, 23]",,True,,23,5.749156439804892e-08,-35.46554188517912,0,0.0,0.0,0,0,0,0,0,0,0,0,1.6060177458546339,1246,2410,3825,0.03543545460491244,0.04244473114382748,0.05121340656231269,1831,0,0.1205
149,38291,rx_panda_base,/home/telilab4090/Documents/Gazebo World/my_world/rt_out/experiments/semantic_ablation_rigid_200f/sionna_xml/frame_149_sionna.xml,30.0,0.0,0.0,2.4,0.582,0.888,1.195,28000000000.0,23,5.357098764591228e-09,6.284866316264015e-08,5.749156439804892e-08,2.840833417394606e-07,-65.46554231967805,-35.46554231967805,cir_coefficients_tau_mask,,"[1, 1, 1, 1, 23, 1]","[1, 1, 23]","[1, 1, 23]","[1, 1, 23]",,True,,23,5.749156439804892e-08,-35.46554188517912,0,0.0,-4.3449892928038025e-07,0,0,0,0,0,0,0,0,1.6060177458546339,1196,2366,3753,0.03804773659292933,0.04501453454521617,0.055049230737911896,1795,0,0.1183
150,38548,rx_panda_base,/home/telilab4090/Documents/Gazebo World/my_world/rt_out/experiments/semantic_ablation_rigid_200f/sionna_xml/frame_150_sionna.xml,30.0,0.0,0.0,2.4,0.582,0.888,1.195,28000000000.0,24,5.357098764591228e-09,6.284866316264015e-08,5.749156439804892e-08,2.841406399056723e-07,-65.46466645810595,-35.46466645810595,cir_coefficients_tau_mask,,"[1, 1, 1, 1, 24, 1]","[1, 1, 24]","[1, 1, 24]","[1, 1, 24]",,True,,23,5.749156439804892e-08,-35.46554231967805,1,0.0,0.0008758615720978469,1,0,0,0,0,0,0,0,1.6060177458546339,1173,2315,3841,0.025453328603805902,0.029791009074296937,0.0405307688670907,1834,0,0.11575
151,38805,rx_panda_base,/home/telilab4090/Documents/Gazebo World/my_world/rt_out/experiments/semantic_ablation_rigid_200f/sionna_xml/frame_151_sionna.xml,30.0,0.0,0.0,2.4,0.582,0.888,1.195,28000000000.0,24,5.357098764591228e-09,6.284866316264015e-08,5.749156439804892e-08,2.8414061148396286e-07,-65.46466689251731,-35.464666892517315,cir_coefficients_tau_mask,,"[1, 1, 1, 1, 24, 1]","[1, 1, 24]","[1, 1, 24]","[1, 1, 24]",,True,,24,5.749156439804892e-08,-35.46466645810595,0,0.0,-4.344113619936252e-07,0,0,0,0,0,0,0,0,1.6060177458546339,1225,2286,3821,0.021836021111993148,0.0317041030252519,0.04190532893492937,1846,0,0.1143
152,39062,rx_panda_base,/home/telilab4090/Documents/Gazebo World/my_world/rt_out/experiments/semantic_ablation_rigid_200f/sionna_xml/frame_152_sionna.xml,30.0,0.0,0.0,2.4,0.582,0.888,1.195,28000000000.0,24,5.357098764591228e-09,6.284866316264015e-08,5.749156439804892e-08,2.841406399056723e-07,-65.46466645810595,-35.46466645810595,cir_coefficients_tau_mask,,"[1, 1, 1, 1, 24, 1]","[1, 1, 24]","[1, 1, 24]","[1, 1, 24]",,True,,24,5.749156439804892e-08,-35.464666892517315,0,0.0,4.344113619936252e-07,0,0,0,0,0,0,0,0,1.6060177458546339,1229,2453,3680,0.020974272198771824,0.029008383552280498,0.0397580629643199,1813,0,0.12265
153,39319,rx_panda_base,/home/telilab4090/Documents/Gazebo World/my_world/rt_out/experiments/semantic_ablation_rigid_200f/sionna_xml/frame_153_sionna.xml,30.0,0.0,0.0,2.4,0.582,0.888,1.195,28000000000.0,24,5.357098764591228e-09,6.284866316264015e-08,5.749156439804892e-08,2.841406399056723e-07,-65.46466645810595,-35.46466645810595,cir_coefficients_tau_mask,,"[1, 1, 1, 1, 24, 1]","[1, 1, 24]","[1, 1, 24]","[1, 1, 24]",,True,,24,5.749156439804892e-08,-35.46466645810595,0,0.0,0.0,0,0,0,0,0,0,0,0,1.6060177458546339,1231,2552,3850,0.021013482515687097,0.03361055311479865,0.043790314398273494,1821,0,0.1276
154,39576,rx_panda_base,/home/telilab4090/Documents/Gazebo World/my_world/rt_out/experiments/semantic_ablation_rigid_200f/sionna_xml/frame_154_sionna.xml,30.0,0.0,0.0,2.4,0.582,0.888,1.195,28000000000.0,24,5.357098764591228e-09,6.284866316264015e-08,5.749156439804892e-08,2.8414061148396286e-07,-65.46466689251731,-35.464666892517315,cir_coefficients_tau_mask,,"[1, 1, 1, 1, 24, 1]","[1, 1, 24]","[1, 1, 24]","[1, 1, 24]",,True,,24,5.749156439804892e-08,-35.46466645810595,0,0.0,-4.344113619936252e-07,0,0,0,0,0,0,0,0,1.6060177458546339,1200,2424,3680,0.021527552794658976,0.027377227300649305,0.03711766645998505,1818,0,0.1212
155,39833,rx_panda_base,/home/telilab4090/Documents/Gazebo World/my_world/rt_out/experiments/semantic_ablation_rigid_200f/sionna_xml/frame_155_sionna.xml,30.0,0.0,0.0,2.4,0.582,0.888,1.195,28000000000.0,24,5.357098764591228e-09,6.284866316264015e-08,5.749156439804892e-08,2.841406399056723e-07,-65.46466645810595,-35.46466645810595,cir_coefficients_tau_mask,,"[1, 1, 1, 1, 24, 1]","[1, 1, 24]","[1, 1, 24]","[1, 1, 24]",,True,,24,5.749156439804892e-08,-35.464666892517315,0,0.0,4.344113619936252e-07,0,0,0,0,0,0,0,0,1.6060177458546339,1236,2407,3782,0.019731033498477935,0.03242800458243662,0.04338902235451265,1853,0,0.12035
156,40090,rx_panda_base,/home/telilab4090/Documents/Gazebo World/my_world/rt_out/experiments/semantic_ablation_rigid_200f/sionna_xml/frame_156_sionna.xml,30.0,0.0,0.0,2.4,0.582,0.888,1.195,28000000000.0,24,5.357098764591228e-09,6.284866316264015e-08,5.749156439804892e-08,2.8414061148396286e-07,-65.46466689251731,-35.464666892517315,cir_coefficients_tau_mask,,"[1, 1, 1, 1, 24, 1]","[1, 1, 24]","[1, 1, 24]","[1, 1, 24]",,True,,24,5.749156439804892e-08,-35.46466645810595,0,0.0,-4.344113619936252e-07,0,0,0,0,0,0,0,0,1.6060177458546339,1215,2364,3745,0.01716805878407775,0.022837333775820735,0.032259000525540336,1835,0,0.1182
157,40347,rx_panda_base,/home/telilab4090/Documents/Gazebo World/my_world/rt_out/experiments/semantic_ablation_rigid_200f/sionna_xml/frame_157_sionna.xml,30.0,0.0,0.0,2.4,0.582,0.888,1.195,28000000000.0,24,5.357098764591228e-09,6.284866316264015e-08,5.749156439804892e-08,2.841406399056723e-07,-65.46466645810595,-35.46466645810595,cir_coefficients_tau_mask,,"[1, 1, 1, 1, 24, 1]","[1, 1, 24]","[1, 1, 24]","[1, 1, 24]",,True,,24,5.749156439804892e-08,-35.464666892517315,0,0.0,4.344113619936252e-07,0,0,0,0,0,0,0,0,1.6060177458546339,1218,2537,3801,0.017429645547150163,0.025355587793830424,0.03581236873382145,1832,0,0.12685
158,40604,rx_panda_base,/home/telilab4090/Documents/Gazebo World/my_world/rt_out/experiments/semantic_ablation_rigid_200f/sionna_xml/frame_158_sionna.xml,30.0,0.0,0.0,2.4,0.582,0.888,1.195,28000000000.0,24,5.357098764591228e-09,6.284866316264015e-08,5.749156439804892e-08,2.8414061148396286e-07,-65.46466689251731,-35.464666892517315,cir_coefficients_tau_mask,,"[1, 1, 1, 1, 24, 1]","[1, 1, 24]","[1, 1, 24]","[1, 1, 24]",,True,,24,5.749156439804892e-08,-35.46466645810595,0,0.0,-4.344113619936252e-07,0,0,0,0,0,0,0,0,1.6060177458546339,1260,2641,3709,0.015082369304407596,0.02135587861443436,0.032715354060861415,1876,0,0.13205
159,40861,rx_panda_base,/home/telilab4090/Documents/Gazebo World/my_world/rt_out/experiments/semantic_ablation_rigid_200f/sionna_xml/frame_159_sionna.xml,30.0,0.0,0.0,2.4,0.582,0.888,1.195,28000000000.0,24,5.357098764591228e-09,6.284866316264015e-08,5.749156439804892e-08,2.841406399056723e-07,-65.46466645810595,-35.46466645810595,cir_coefficients_tau_mask,,"[1, 1, 1, 1, 24, 1]","[1, 1, 24]","[1, 1, 24]","[1, 1, 24]",,True,,24,5.749156439804892e-08,-35.464666892517315,0,0.0,4.344113619936252e-07,0,0,0,0,0,0,0,0,1.6060177458546339,1231,2590,3717,0.015272797462949413,0.02598904703283721,0.038012447853096126,1836,0,0.1295
160,41118,rx_panda_base,/home/telilab4090/Documents/Gazebo World/my_world/rt_out/experiments/semantic_ablation_rigid_200f/sionna_xml/frame_160_sionna.xml,30.0,0.0,0.0,2.4,0.582,0.888,1.195,28000000000.0,29,5.357098764591228e-09,6.284866316264015e-08,5.749156439804892e-08,2.8423474418559636e-07,-65.46322836029202,-35.46322836029202,cir_coefficients_tau_mask,,"[1, 1, 1, 1, 29, 1]","[1, 1, 29]","[1, 1, 29]","[1, 1, 29]",,True,,24,5.749156439804892e-08,-35.46466645810595,5,0.0,0.0014380978139314493,1,0,0,0,0,0,0,0,1.6060177458546339,1294,2692,3836,0.01612764302599185,0.022338648574287058,0.03339862170528493,1953,0,0.1346
161,41375,rx_panda_base,/home/telilab4090/Documents/Gazebo World/my_world/rt_out/experiments/semantic_ablation_rigid_200f/sionna_xml/frame_161_sionna.xml,30.0,0.0,0.0,2.4,0.582,0.888,1.195,28000000000.0,29,5.357098764591228e-09,6.284866316264015e-08,5.749156439804892e-08,2.842347726073058e-07,-65.46322792602452,-35.463227926024516,cir_coefficients_tau_mask,,"[1, 1, 1, 1, 29, 1]","[1, 1, 29]","[1, 1, 29]","[1, 1, 29]",,True,,29,5.749156439804892e-08,-35.46322836029202,0,0.0,4.342675055113432e-07,0,0,0,0,0,0,0,0,1.6060177458546339,1253,2628,3731,0.005893240673449063,0.017325033693312404,0.03160823379359733,1860,0,0.1314
162,41632,rx_panda_base,/home/telilab4090/Documents/Gazebo World/my_world/rt_out/experiments/semantic_ablation_rigid_200f/sionna_xml/frame_162_sionna.xml,30.0,0.0,0.0,2.4,0.582,0.888,1.195,28000000000.0,29,5.357098764591228e-09,6.284866316264015e-08,5.749156439804892e-08,2.8423474418559636e-07,-65.46322836029202,-35.46322836029202,cir_coefficients_tau_mask,,"[1, 1, 1, 1, 29, 1]","[1, 1, 29]","[1, 1, 29]","[1, 1, 29]",,True,,29,5.749156439804892e-08,-35.463227926024516,0,0.0,-4.342675055113432e-07,0,0,0,0,0,0,0,0,1.6060177458546339,1263,2635,3768,0.00667790706853657,0.021556104978357072,0.03307316716097028,1860,0,0.13175
163,41889,rx_panda_base,/home/telilab4090/Documents/Gazebo World/my_world/rt_out/experiments/semantic_ablation_rigid_200f/sionna_xml/frame_163_sionna.xml,30.0,0.0,0.0,2.4,0.582,0.888,1.195,28000000000.0,29,5.357098764591228e-09,6.284866316264015e-08,5.749156439804892e-08,2.8423474418559636e-07,-65.46322836029202,-35.46322836029202,cir_coefficients_tau_mask,,"[1, 1, 1, 1, 29, 1]","[1, 1, 29]","[1, 1, 29]","[1, 1, 29]",,True,,29,5.749156439804892e-08,-35.46322836029202,0,0.0,0.0,0,0,0,0,0,0,0,0,1.6060177458546339,1273,2733,3801,0.008967767937233929,0.018769923183020922,0.031385410237729755,1857,0,0.13665
164,42146,rx_panda_base,/home/telilab4090/Documents/Gazebo World/my_world/rt_out/experiments/semantic_ablation_rigid_200f/sionna_xml/frame_164_sionna.xml,30.0,0.0,0.0,2.4,0.582,0.888,1.195,28000000000.0,29,5.357098764591228e-09,6.284866316264015e-08,5.749156439804892e-08,2.8423474418559636e-07,-65.46322836029202,-35.46322836029202,cir_coefficients_tau_mask,,"[1, 1, 1, 1, 29, 1]","[1, 1, 29]","[1, 1, 29]","[1, 1, 29]",,True,,29,5.749156439804892e-08,-35.46322836029202,0,0.0,0.0,0,0,0,0,0,0,0,0,1.6060177458546339,1305,2723,3685,0.010642072643551099,0.024814846905315213,0.03738545955988771,1866,0,0.13615
165,42403,rx_panda_base,/home/telilab4090/Documents/Gazebo World/my_world/rt_out/experiments/semantic_ablation_rigid_200f/sionna_xml/frame_165_sionna.xml,30.0,0.0,0.0,2.4,0.582,0.888,1.195,28000000000.0,28,5.357098764591228e-09,6.284866316264015e-08,5.749156439804892e-08,2.8421584374882514e-07,-65.46351715779079,-35.46351715779079,cir_coefficients_tau_mask,,"[1, 1, 1, 1, 28, 1]","[1, 1, 28]","[1, 1, 28]","[1, 1, 28]",,True,,29,5.749156439804892e-08,-35.46322836029202,-1,0.0,-0.0002887974987686448,1,1,0,0,0,0,0,0,1.6060177458546339,1308,2820,3836,0.004495735479575479,0.019392262328798114,0.032550390304146165,1922,0,0.141
166,42659,rx_panda_base,/home/telilab4090/Documents/Gazebo World/my_world/rt_out/experiments/semantic_ablation_rigid_200f/sionna_xml/frame_166_sionna.xml,30.0,0.0,0.0,2.4,0.582,0.888,1.195,28000000000.0,28,5.357098764591228e-09,6.284866316264015e-08,5.749156439804892e-08,2.8421584374882514e-07,-65.46351715779079,-35.46351715779079,cir_coefficients_tau_mask,,"[1, 1, 1, 1, 28, 1]","[1, 1, 28]","[1, 1, 28]","[1, 1, 28]",,True,,28,5.749156439804892e-08,-35.46351715779079,0,0.0,0.0,0,0,0,0,0,0,0,0,1.6060177458546339,1296,2800,3852,0.005323088358617515,0.015024676630563944,0.028885107158298565,1908,0,0.14
167,42916,rx_panda_base,/home/telilab4090/Documents/Gazebo World/my_world/rt_out/experiments/semantic_ablation_rigid_200f/sionna_xml/frame_167_sionna.xml,30.0,0.0,0.0,2.4,0.582,0.888,1.195,28000000000.0,28,5.357098764591228e-09,6.284866316264015e-08,5.749156439804892e-08,2.8421587217053457e-07,-65.46351672349441,-35.46351672349441,cir_coefficients_tau_mask,,"[1, 1, 1, 1, 28, 1]","[1, 1, 28]","[1, 1, 28]","[1, 1, 28]",,True,,28,5.749156439804892e-08,-35.46351715779079,0,0.0,4.342963819681245e-07,0,0,0,0,0,0,0,0,1.6060177458546339,1291,2760,3744,0.003632128345086743,0.014867302530183066,0.0266155112496032,1874,0,0.138
168,43173,rx_panda_base,/home/telilab4090/Documents/Gazebo World/my_world/rt_out/experiments/semantic_ablation_rigid_200f/sionna_xml/frame_168_sionna.xml,30.0,0.0,0.0,2.4,0.582,0.888,1.195,28000000000.0,27,8.163323350629526e-09,6.284866316264015e-08,5.4685339812010625e-08,2.763622886092776e-09,-85.585212194971,-55.58521219497101,cir_coefficients_tau_mask,,"[1, 1, 1, 1, 27, 1]","[1, 1, 27]","[1, 1, 27]","[1, 1, 27]",,True,,28,5.749156439804892e-08,-35.46351672349441,-1,-2.8062245860382973e-09,-20.1216954714766,1,1,1,1,1,0,1,1,1.6060177458546339,1380,2799,3736,0.0018878038624648783,0.008836799887064994,0.021358359274070433,1902,0,0.13995
169,43430,rx_panda_base,/home/telilab4090/Documents/Gazebo World/my_world/rt_out/experiments/semantic_ablation_rigid_200f/sionna_xml/frame_169_sionna.xml,30.0,0.0,0.0,2.4,0.582,0.888,1.195,28000000000.0,27,8.163323350629526e-09,6.284866316264015e-08,5.4685339812010625e-08,2.763622219958961e-09,-85.58521324177906,-55.58521324177906,cir_coefficients_tau_mask,,"[1, 1, 1, 1, 27, 1]","[1, 1, 27]","[1, 1, 27]","[1, 1, 27]",,True,,27,5.4685339812010625e-08,-55.58521219497101,0,0.0,-1.0468080517966882e-06,0,0,0,0,0,0,0,0,1.6060177458546339,1385,2824,3801,0.0015987250576981272,0.011014741000172303,0.024627250136049942,1883,0,0.1412
170,43687,rx_panda_base,/home/telilab4090/Documents/Gazebo World/my_world/rt_out/experiments/semantic_ablation_rigid_200f/sionna_xml/frame_170_sionna.xml,30.0,0.0,0.0,2.4,0.582,0.888,1.195,28000000000.0,27,8.163323350629526e-09,6.284866316264015e-08,5.4685339812010625e-08,2.763621997914356e-09,-85.58521359071514,-55.58521359071514,cir_coefficients_tau_mask,,"[1, 1, 1, 1, 27, 1]","[1, 1, 27]","[1, 1, 27]","[1, 1, 27]",,True,,27,5.4685339812010625e-08,-55.58521324177906,0,0.0,-3.4893608358288475e-07,0,0,0,0,0,0,0,0,1.6060177458546339,1363,2836,3763,0.001546534438777724,0.012673364318193997,0.02524817849245195,1912,0,0.1418
171,43944,rx_panda_base,/home/telilab4090/Documents/Gazebo World/my_world/rt_out/experiments/semantic_ablation_rigid_200f/sionna_xml/frame_171_sionna.xml,30.0,0.0,0.0,2.4,0.582,0.888,1.195,28000000000.0,27,8.163323350629526e-09,6.284866316264015e-08,5.4685339812010625e-08,2.763622219958961e-09,-85.58521324177906,-55.58521324177906,cir_coefficients_tau_mask,,"[1, 1, 1, 1, 27, 1]","[1, 1, 27]","[1, 1, 27]","[1, 1, 27]",,True,,27,5.4685339812010625e-08,-55.58521359071514,0,0.0,3.4893608358288475e-07,0,0,0,0,0,0,0,0,1.6060177458546339,1286,2802,3746,0.004216991888270479,0.015619918649404204,0.028211155897338084,1893,0,0.1401
172,44201,rx_panda_base,/home/telilab4090/Documents/Gazebo World/my_world/rt_out/experiments/semantic_ablation_rigid_200f/sionna_xml/frame_172_sionna.xml,30.0,0.0,0.0,2.4,0.582,0.888,1.195,28000000000.0,28,8.163323350629526e-09,6.284866316264015e-08,5.4685339812010625e-08,2.7825077797416498e-09,-85.55563612727613,-55.55563612727613,cir_coefficients_tau_mask,,"[1, 1, 1, 1, 28, 1]","[1, 1, 28]","[1, 1, 28]","[1, 1, 28]",,True,,27,5.4685339812010625e-08,-55.58521324177906,1,0.0,0.02957711450292777,1,0,0,0,0,0,0,0,1.6060177458546339,1348,2783,3783,0.002056426782577524,0.00910678057645616,0.020365611698130982,1975,0,0.13915
173,44458,rx_panda_base,/home/telilab4090/Documents/Gazebo World/my_world/rt_out/experiments/semantic_ablation_rigid_200f/sionna_xml/frame_173_sionna.xml,30.0,0.0,0.0,2.4,0.582,0.888,1.195,28000000000.0,32,7.579527228074312e-09,6.284866316264015e-08,5.526913593456584e-08,2.4422204703000716e-08,-76.12215132892051,-46.12215132892051,cir_coefficients_tau_mask,,"[1, 1, 1, 1, 32, 1]","[1, 1, 32]","[1, 1, 32]","[1, 1, 32]",,True,,28,5.4685339812010625e-08,-55.55563612727613,4,5.837961225552135e-10,9.433484798355622,1,0,0,0,0,0,0,0,1.6060177458546339,1316,2724,3723,0.00450164817190133,0.014115295541718106,0.02197539171322703,1927,0,0.1362
174,44715,rx_panda_base,/home/telilab4090/Documents/Gazebo World/my_world/rt_out/experiments/semantic_ablation_rigid_200f/sionna_xml/frame_174_sionna.xml,30.0,0.0,0.0,2.4,0.582,0.888,1.195,28000000000.0,32,7.579527228074312e-09,6.284866316264015e-08,5.526913593456584e-08,2.4422204703000716e-08,-76.12215132892051,-46.12215132892051,cir_coefficients_tau_mask,,"[1, 1, 1, 1, 32, 1]","[1, 1, 32]","[1, 1, 32]","[1, 1, 32]",,True,,32,5.526913593456584e-08,-46.12215132892051,0,0.0,0.0,0,0,0,0,0,0,0,0,1.6060177458546339,1328,2802,3854,0.0027901748076238253,0.011715311385463232,0.018942398332443156,1940,0,0.1401
175,44972,rx_panda_base,/home/telilab4090/Documents/Gazebo World/my_world/rt_out/experiments/semantic_ablation_rigid_200f/sionna_xml/frame_175_sionna.xml,30.0,0.0,0.0,2.4,0.582,0.888,1.195,28000000000.0,32,7.579527228074312e-09,6.284866316264015e-08,5.526913593456584e-08,2.4422204703000716e-08,-76.12215132892051,-46.12215132892051,cir_coefficients_tau_mask,,"[1, 1, 1, 1, 32, 1]","[1, 1, 32]","[1, 1, 32]","[1, 1, 32]",,True,,32,5.526913593456584e-08,-46.12215132892051,0,0.0,0.0,0,0,0,0,0,0,0,0,1.6060177458546339,1293,2754,3757,0.005336385416643746,0.012375966957353301,0.02256144343986004,1904,0,0.1377
176,45229,rx_panda_base,/home/telilab4090/Documents/Gazebo World/my_world/rt_out/experiments/semantic_ablation_rigid_200f/sionna_xml/frame_176_sionna.xml,30.0,0.0,0.0,2.4,0.582,0.888,1.195,28000000000.0,32,7.579527228074312e-09,6.284866316264015e-08,5.526913593456584e-08,2.4422208255714395e-08,-76.1221506971496,-46.12215069714961,cir_coefficients_tau_mask,,"[1, 1, 1, 1, 32, 1]","[1, 1, 32]","[1, 1, 32]","[1, 1, 32]",,True,,32,5.526913593456584e-08,-46.12215132892051,0,0.0,6.317709022596318e-07,0,0,0,0,0,0,0,0,1.6060177458546339,1326,2772,3748,0.005732799015325459,0.013704101908559863,0.022156105430730134,1925,0,0.1386
177,45486,rx_panda_base,/home/telilab4090/Documents/Gazebo World/my_world/rt_out/experiments/semantic_ablation_rigid_200f/sionna_xml/frame_177_sionna.xml,30.0,0.0,0.0,2.4,0.582,0.888,1.195,28000000000.0,32,7.579527228074312e-09,6.284866316264015e-08,5.526913593456584e-08,2.4422204703000716e-08,-76.12215132892051,-46.12215132892051,cir_coefficients_tau_mask,,"[1, 1, 1, 1, 32, 1]","[1, 1, 32]","[1, 1, 32]","[1, 1, 32]",,True,,32,5.526913593456584e-08,-46.12215069714961,0,0.0,-6.317709022596318e-07,0,0,0,0,0,0,0,0,1.6060177458546339,1259,2629,3655,0.0023215568166945126,0.014015193674232087,0.02381277696880657,1891,0,0.13145
178,45743,rx_panda_base,/home/telilab4090/Documents/Gazebo World/my_world/rt_out/experiments/semantic_ablation_rigid_200f/sionna_xml/frame_178_sionna.xml,30.0,0.0,0.0,2.4,0.582,0.888,1.195,28000000000.0,30,7.579527228074312e-09,6.284866316264015e-08,5.526913593456584e-08,1.8995425676848754e-08,-77.2135096970415,-47.2135096970415,cir_coefficients_tau_mask,,"[1, 1, 1, 1, 30, 1]","[1, 1, 30]","[1, 1, 30]","[1, 1, 30]",,True,,32,5.526913593456584e-08,-46.12215132892051,-2,0.0,-1.0913583681209928,1,1,1,1,0,0,1,0,1.6060177458546339,1226,2422,3826,0.0024666166653748286,0.019251723415654926,0.029257481688200696,2043,0,0.1211
179,46000,rx_panda_base,/home/telilab4090/Documents/Gazebo World/my_world/rt_out/experiments/semantic_ablation_rigid_200f/sionna_xml/frame_179_sionna.xml,30.0,0.0,0.0,2.4,0.582,0.888,1.195,28000000000.0,29,7.579527228074312e-09,6.284866316264015e-08,5.526913593456584e-08,1.821448769590006e-08,-77.39583039298407,-47.39583039298407,cir_coefficients_tau_mask,,"[1, 1, 1, 1, 29, 1]","[1, 1, 29]","[1, 1, 29]","[1, 1, 29]",,True,,30,5.526913593456584e-08,-47.2135096970415,-1,0.0,-0.18232069594256473,1,1,0,0,0,0,0,0,1.6060177458546339,1210,2262,3732,0.0016753668703684008,0.022520530479667084,0.032344166064316324,1950,0,0.1131
180,46257,rx_panda_base,/home/telilab4090/Documents/Gazebo World/my_world/rt_out/experiments/semantic_ablation_rigid_200f/sionna_xml/frame_180_sionna.xml,30.0,0.0,0.0,2.4,0.582,0.888,1.195,28000000000.0,29,7.579527228074312e-09,6.284866316264015e-08,5.526913593456584e-08,1.821448769590006e-08,-77.39583039298407,-47.39583039298407,cir_coefficients_tau_mask,,"[1, 1, 1, 1, 29, 1]","[1, 1, 29]","[1, 1, 29]","[1, 1, 29]",,True,,29,5.526913593456584e-08,-47.39583039298407,0,0.0,0.0,0,0,0,0,0,0,0,0,1.6060177458546339,1251,2328,3764,0.00465385176657179,0.024619323941905254,0.033568496521424546,2028,0,0.1164
181,46514,rx_panda_base,/home/telilab4090/Documents/Gazebo World/my_world/rt_out/experiments/semantic_ablation_rigid_200f/sionna_xml/frame_181_sionna.xml,30.0,0.0,0.0,2.4,0.582,0.888,1.195,28000000000.0,29,7.579527228074312e-09,6.284866316264015e-08,5.526913593456584e-08,1.8214485919543222e-08,-77.39583081652712,-47.39583081652712,cir_coefficients_tau_mask,,"[1, 1, 1, 1, 29, 1]","[1, 1, 29]","[1, 1, 29]","[1, 1, 29]",,True,,29,5.526913593456584e-08,-47.39583039298407,0,0.0,-4.2354305662684055e-07,0,0,0,0,0,0,0,0,1.6060177458546339,1264,2379,3857,0.005428223244460652,0.022227628493020686,0.030955651640463624,2077,0,0.11895
182,46771,rx_panda_base,/home/telilab4090/Documents/Gazebo World/my_world/rt_out/experiments/semantic_ablation_rigid_200f/sionna_xml/frame_182_sionna.xml,30.0,0.0,0.0,2.4,0.582,0.888,1.195,28000000000.0,29,7.579527228074312e-09,6.284866316264015e-08,5.526913593456584e-08,1.821448769590006e-08,-77.39583039298407,-47.39583039298407,cir_coefficients_tau_mask,,"[1, 1, 1, 1, 29, 1]","[1, 1, 29]","[1, 1, 29]","[1, 1, 29]",,True,,29,5.526913593456584e-08,-47.39583081652712,0,0.0,4.2354305662684055e-07,0,0,0,0,0,0,0,0,1.6060177458546339,1261,2390,3781,0.0044334843974291015,0.02389711362112918,0.03209814146971579,2034,0,0.1195
183,47028,rx_panda_base,/home/telilab4090/Documents/Gazebo World/my_world/rt_out/experiments/semantic_ablation_rigid_200f/sionna_xml/frame_183_sionna.xml,30.0,0.0,0.0,2.4,0.582,0.888,1.195,28000000000.0,25,7.579527228074312e-09,6.284866316264015e-08,5.526913593456584e-08,1.814251682219492e-08,-77.41302465557538,-47.413024655575384,cir_coefficients_tau_mask,,"[1, 1, 1, 1, 25, 1]","[1, 1, 25]","[1, 1, 25]","[1, 1, 25]",,True,,29,5.526913593456584e-08,-47.39583039298407,-4,0.0,-0.01719426259131751,1,1,0,0,0,0,0,0,1.6060177458546339,1248,2218,3763,0.006451025378683449,0.02682530619749508,0.03676162857784702,2093,0,0.1109
184,47285,rx_panda_base,/home/telilab4090/Documents/Gazebo World/my_world/rt_out/experiments/semantic_ablation_rigid_200f/sionna_xml/frame_184_sionna.xml,30.0,0.0,0.0,2.4,0.582,0.888,1.195,28000000000.0,25,7.579527228074312e-09,6.284866316264015e-08,5.526913593456584e-08,1.814251504583808e-08,-77.41302508079865,-47.41302508079865,cir_coefficients_tau_mask,,"[1, 1, 1, 1, 25, 1]","[1, 1, 25]","[1, 1, 25]","[1, 1, 25]",,True,,25,5.526913593456584e-08,-47.413024655575384,0,0.0,-4.2522326282323775e-07,0,0,0,0,0,0,0,0,1.6060177458546339,1243,2204,3812,0.014517664665399069,0.030572844276103926,0.03814213259709902,2100,0,0.1102
185,47542,rx_panda_base,/home/telilab4090/Documents/Gazebo World/my_world/rt_out/experiments/semantic_ablation_rigid_200f/sionna_xml/frame_185_sionna.xml,30.0,0.0,0.0,2.4,0.582,0.888,1.195,28000000000.0,25,7.579527228074312e-09,6.284866316264015e-08,5.526913593456584e-08,1.814251504583808e-08,-77.41302508079865,-47.41302508079865,cir_coefficients_tau_mask,,"[1, 1, 1, 1, 25, 1]","[1, 1, 25]","[1, 1, 25]","[1, 1, 25]",,True,,25,5.526913593456584e-08,-47.41302508079865,0,0.0,0.0,0,0,0,0,0,0,0,0,1.6060177458546339,1212,2143,3730,0.01059897401683918,0.025775250722975946,0.0359731185672744,2031,0,0.10715
186,47799,rx_panda_base,/home/telilab4090/Documents/Gazebo World/my_world/rt_out/experiments/semantic_ablation_rigid_200f/sionna_xml/frame_186_sionna.xml,30.0,0.0,0.0,2.4,0.582,0.888,1.195,28000000000.0,25,7.579527228074312e-09,6.284866316264015e-08,5.526913593456584e-08,1.814251682219492e-08,-77.41302465557538,-47.413024655575384,cir_coefficients_tau_mask,,"[1, 1, 1, 1, 25, 1]","[1, 1, 25]","[1, 1, 25]","[1, 1, 25]",,True,,25,5.526913593456584e-08,-47.41302508079865,0,0.0,4.2522326282323775e-07,0,0,0,0,0,0,0,0,1.6060177458546339,1186,2177,3862,0.014811999566723619,0.02846304973860462,0.03764163727480347,2068,0,0.10885
187,48056,rx_panda_base,/home/telilab4090/Documents/Gazebo World/my_world/rt_out/experiments/semantic_ablation_rigid_200f/sionna_xml/frame_187_sionna.xml,30.0,0.0,0.0,2.4,0.582,0.888,1.195,28000000000.0,25,7.579527228074312e-09,6.284866316264015e-08,5.526913593456584e-08,1.814251859855176e-08,-77.41302423035216,-47.413024230352164,cir_coefficients_tau_mask,,"[1, 1, 1, 1, 25, 1]","[1, 1, 25]","[1, 1, 25]","[1, 1, 25]",,True,,25,5.526913593456584e-08,-47.413024655575384,0,0.0,4.252232201906736e-07,0,0,0,0,0,0,0,0,1.6060177458546339,1236,2209,3781,0.015371339983512387,0.026113713396735856,0.033879337109373936,2097,0,0.11045
188,48313,rx_panda_base,/home/telilab4090/Documents/Gazebo World/my_world/rt_out/experiments/semantic_ablation_rigid_200f/sionna_xml/frame_188_sionna.xml,30.0,0.0,0.0,2.4,0.582,0.888,1.195,28000000000.0,25,7.579527228074312e-09,6.284866316264015e-08,5.526913593456584e-08,1.814251504583808e-08,-77.41302508079865,-47.41302508079865,cir_coefficients_tau_mask,,"[1, 1, 1, 1, 25, 1]","[1, 1, 25]","[1, 1, 25]","[1, 1, 25]",,True,,25,5.526913593456584e-08,-47.413024230352164,0,0.0,-8.504464830139113e-07,0,0,0,0,0,0,0,0,1.6060177458546339,1161,2092,3699,0.007666297441104283,0.02640574084249751,0.03801083411342709,2031,0,0.1046
189,48570,rx_panda_base,/home/telilab4090/Documents/Gazebo World/my_world/rt_out/experiments/semantic_ablation_rigid_200f/sionna_xml/frame_189_sionna.xml,30.0,0.0,0.0,2.4,0.582,0.888,1.195,28000000000.0,25,7.579527228074312e-09,6.284866316264015e-08,5.526913593456584e-08,1.814251859855176e-08,-77.41302423035216,-47.413024230352164,cir_coefficients_tau_mask,,"[1, 1, 1, 1, 25, 1]","[1, 1, 25]","[1, 1, 25]","[1, 1, 25]",,True,,25,5.526913593456584e-08,-47.41302508079865,0,0.0,8.504464830139113e-07,0,0,0,0,0,0,0,0,1.6060177458546339,1186,2126,3773,0.006648465895626904,0.021436890511538558,0.03387851578394587,2098,0,0.1063
190,48827,rx_panda_base,/home/telilab4090/Documents/Gazebo World/my_world/rt_out/experiments/semantic_ablation_rigid_200f/sionna_xml/frame_190_sionna.xml,30.0,0.0,0.0,2.4,0.582,0.888,1.195,28000000000.0,25,7.579527228074312e-09,6.284866316264015e-08,5.526913593456584e-08,1.814251682219492e-08,-77.41302465557538,-47.413024655575384,cir_coefficients_tau_mask,,"[1, 1, 1, 1, 25, 1]","[1, 1, 25]","[1, 1, 25]","[1, 1, 25]",,True,,25,5.526913593456584e-08,-47.413024230352164,0,0.0,-4.252232201906736e-07,0,0,0,0,0,0,0,0,1.6060177458546339,1205,2821,3637,0.0018098047988492354,0.014938851514652216,0.026383214447219548,2821,0,0.14105
191,49084,rx_panda_base,/home/telilab4090/Documents/Gazebo World/my_world/rt_out/experiments/semantic_ablation_rigid_200f/sionna_xml/frame_191_sionna.xml,30.0,0.0,0.0,2.4,0.582,0.888,1.195,28000000000.0,25,7.579527228074312e-09,6.284866316264015e-08,5.526913593456584e-08,1.814251859855176e-08,-77.41302423035216,-47.413024230352164,cir_coefficients_tau_mask,,"[1, 1, 1, 1, 25, 1]","[1, 1, 25]","[1, 1, 25]","[1, 1, 25]",,True,,25,5.526913593456584e-08,-47.413024655575384,0,0.0,4.252232201906736e-07,0,0,0,0,0,0,0,0,1.6060177458546339,1336,3368,3819,0.0074052461114370175,0.019383051083009317,0.03658305525178124,3368,0,0.1684
192,49341,rx_panda_base,/home/telilab4090/Documents/Gazebo World/my_world/rt_out/experiments/semantic_ablation_rigid_200f/sionna_xml/frame_192_sionna.xml,30.0,0.0,0.0,2.4,0.582,0.888,1.195,28000000000.0,25,7.579527228074312e-09,6.284866316264015e-08,5.526913593456584e-08,1.814251504583808e-08,-77.41302508079865,-47.41302508079865,cir_coefficients_tau_mask,,"[1, 1, 1, 1, 25, 1]","[1, 1, 25]","[1, 1, 25]","[1, 1, 25]",,True,,25,5.526913593456584e-08,-47.413024230352164,0,0.0,-8.504464830139113e-07,0,0,0,0,0,0,0,0,1.6060177458546339,1293,3281,3695,0.003114260930720321,0.02014444838431769,0.036384941950824146,3281,0,0.16405
193,49598,rx_panda_base,/home/telilab4090/Documents/Gazebo World/my_world/rt_out/experiments/semantic_ablation_rigid_200f/sionna_xml/frame_193_sionna.xml,30.0,0.0,0.0,2.4,0.582,0.888,1.195,28000000000.0,28,7.579527228074312e-09,5.897902966012225e-08,5.139950243204794e-08,1.8210307928256952e-08,-77.39682710415286,-47.39682710415286,cir_coefficients_tau_mask,,"[1, 1, 1, 1, 28, 1]","[1, 1, 28]","[1, 1, 28]","[1, 1, 28]",,True,,25,5.526913593456584e-08,-47.41302508079865,3,-3.8696335025179e-09,0.016197976645784706,1,0,0,0,0,0,0,0,1.6060177458546339,1246,2575,3738,0.005266628030612356,0.02288239024428982,0.03334789442346197,2510,0,0.12875
194,49855,rx_panda_base,/home/telilab4090/Documents/Gazebo World/my_world/rt_out/experiments/semantic_ablation_rigid_200f/sionna_xml/frame_194_sionna.xml,30.0,0.0,0.0,2.4,0.582,0.888,1.195,28000000000.0,31,7.579527228074312e-09,6.284866316264015e-08,5.526913593456584e-08,2.364127205112254e-08,-76.26329159350833,-46.26329159350833,cir_coefficients_tau_mask,,"[1, 1, 1, 1, 31, 1]","[1, 1, 31]","[1, 1, 31]","[1, 1, 31]",,True,,28,5.139950243204794e-08,-47.39682710415286,3,3.8696335025179e-09,1.1335355106445348,1,0,0,0,0,1,1,1,1.6060177458546339,1513,3190,3797,0.002899099177701777,0.016028883285805574,0.023072005801922292,2275,0,0.1595
195,50112,rx_panda_base,/home/telilab4090/Documents/Gazebo World/my_world/rt_out/experiments/semantic_ablation_rigid_200f/sionna_xml/frame_195_sionna.xml,30.0,0.0,0.0,2.4,0.582,0.888,1.195,28000000000.0,30,7.579527228074312e-09,6.284866316264015e-08,5.526913593456584e-08,2.3598291321036413e-08,-76.27119441805743,-46.27119441805743,cir_coefficients_tau_mask,,"[1, 1, 1, 1, 30, 1]","[1, 1, 30]","[1, 1, 30]","[1, 1, 30]",,True,,31,5.526913593456584e-08,-46.26329159350833,-1,0.0,-0.007902824549105958,1,1,0,0,0,0,0,0,1.6060177458546339,1543,3228,3876,0.005760450354485985,0.014252892876191641,0.020963717830833152,2222,0,0.1614
196,50369,rx_panda_base,/home/telilab4090/Documents/Gazebo World/my_world/rt_out/experiments/semantic_ablation_rigid_200f/sionna_xml/frame_196_sionna.xml,30.0,0.0,0.0,2.4,0.582,0.888,1.195,28000000000.0,31,7.579527228074312e-09,6.284866316264015e-08,5.526913593456584e-08,2.3641266722052023e-08,-76.2632925724684,-46.2632925724684,cir_coefficients_tau_mask,,"[1, 1, 1, 1, 31, 1]","[1, 1, 31]","[1, 1, 31]","[1, 1, 31]",,True,,30,5.526913593456584e-08,-46.27119441805743,1,0.0,0.007901845589032064,1,0,0,0,0,0,0,0,1.6060177458546339,1553,3292,3704,0.0047679839142250255,0.01316943004489433,0.020860012987134323,1950,0,0.1646
197,50626,rx_panda_base,/home/telilab4090/Documents/Gazebo World/my_world/rt_out/experiments/semantic_ablation_rigid_200f/sionna_xml/frame_197_sionna.xml,30.0,0.0,0.0,2.4,0.582,0.888,1.195,28000000000.0,26,7.579527228074312e-09,6.284866316264015e-08,5.526913593456584e-08,2.3566474993685915e-08,-76.27705373151464,-46.27705373151464,cir_coefficients_tau_mask,,"[1, 1, 1, 1, 26, 1]","[1, 1, 26]","[1, 1, 26]","[1, 1, 26]",,True,,31,5.526913593456584e-08,-46.2632925724684,-5,0.0,-0.013761159046239868,1,1,0,0,0,0,0,0,1.6060177458546339,1850,3391,3819,0.003653379313801598,0.01440787778761618,0.020944476712174465,2035,0,0.16955
198,50883,rx_panda_base,/home/telilab4090/Documents/Gazebo World/my_world/rt_out/experiments/semantic_ablation_rigid_200f/sionna_xml/frame_198_sionna.xml,30.0,0.0,0.0,2.4,0.582,0.888,1.195,28000000000.0,27,7.579527228074312e-09,6.284866316264015e-08,5.526913593456584e-08,2.3569297624703722e-08,-76.27653359446846,-46.27653359446846,cir_coefficients_tau_mask,,"[1, 1, 1, 1, 27, 1]","[1, 1, 27]","[1, 1, 27]","[1, 1, 27]",,True,,26,5.526913593456584e-08,-46.27705373151464,1,0.0,0.00052013704618048,1,0,0,0,0,0,0,0,1.6060177458546339,2065,3421,3840,0.0024480023490990803,0.012700038759979831,0.01918149274600312,2030,0,0.17105
199,51140,rx_panda_base,/home/telilab4090/Documents/Gazebo World/my_world/rt_out/experiments/semantic_ablation_rigid_200f/sionna_xml/frame_199_sionna.xml,30.0,0.0,0.0,2.4,0.582,0.888,1.195,28000000000.0,27,7.579527228074312e-09,6.284866316264015e-08,5.526913593456584e-08,2.3569297624703722e-08,-76.27653359446846,-46.27653359446846,cir_coefficients_tau_mask,,"[1, 1, 1, 1, 27, 1]","[1, 1, 27]","[1, 1, 27]","[1, 1, 27]",,True,,27,5.526913593456584e-08,-46.27653359446846,0,0.0,0.0,0,0,0,0,0,0,0,0,1.6060177458546339,2045,3418,3841,0.001687452137425141,0.015615679612815356,0.02191658010548994,2048,0,0.1709
1,257,rx_ur5_base,/home/telilab4090/Documents/Gazebo World/my_world/rt_out/experiments/semantic_ablation_rigid_200f/sionna_xml/frame_001_sionna.xml,30.0,0.0,0.0,2.4,0.497,-0.841,0.995,28000000000.0,19,5.708055805797585e-09,5.930293767164585e-08,5.3594881865848265e-08,6.884288836772612e-07,-61.62140916731317,-31.621409167313168,cir_coefficients_tau_mask,,"[1, 1, 1, 1, 19, 1]","[1, 1, 19]","[1, 1, 19]","[1, 1, 19]",,True,,19,5.3594881865848265e-08,-31.621409167313168,0,0.0,0.0,0,0,0,0,0,0,0,0,1.7112320123232851,1638,3306,3872,0.03164469389637903,0.04230034111522237,0.05146788641258002,1647,0,0.1653
2,514,rx_ur5_base,/home/telilab4090/Documents/Gazebo World/my_world/rt_out/experiments/semantic_ablation_rigid_200f/sionna_xml/frame_002_sionna.xml,30.0,0.0,0.0,2.4,0.497,-0.841,0.995,28000000000.0,19,5.708055805797585e-09,5.930293767164585e-08,5.3594881865848265e-08,6.884288836772612e-07,-61.62140916731317,-31.621409167313168,cir_coefficients_tau_mask,,"[1, 1, 1, 1, 19, 1]","[1, 1, 19]","[1, 1, 19]","[1, 1, 19]",,True,,19,5.3594881865848265e-08,-31.621409167313168,0,0.0,0.0,0,0,0,0,0,0,0,0,1.7112320123232851,1572,3245,3803,0.03559029205976771,0.04869679454358151,0.0545418962040603,1578,0,0.16225
3,771,rx_ur5_base,/home/telilab4090/Documents/Gazebo World/my_world/rt_out/experiments/semantic_ablation_rigid_200f/sionna_xml/frame_003_sionna.xml,30.0,0.0,0.0,2.4,0.497,-0.841,0.995,28000000000.0,19,5.708055805797585e-09,5.930293767164585e-08,5.3594881865848265e-08,6.884288836772612e-07,-61.62140916731317,-31.621409167313168,cir_coefficients_tau_mask,,"[1, 1, 1, 1, 19, 1]","[1, 1, 19]","[1, 1, 19]","[1, 1, 19]",,True,,19,5.3594881865848265e-08,-31.621409167313168,0,0.0,0.0,0,0,0,0,0,0,0,0,1.7112320123232851,1606,3181,3499,0.031390366472376405,0.04500662277867517,0.05214155383047759,1613,0,0.15905
4,1028,rx_ur5_base,/home/telilab4090/Documents/Gazebo World/my_world/rt_out/experiments/semantic_ablation_rigid_200f/sionna_xml/frame_004_sionna.xml,30.0,0.0,0.0,2.4,0.497,-0.841,0.995,28000000000.0,19,5.708055805797585e-09,5.930293767164585e-08,5.3594881865848265e-08,6.884288836772612e-07,-61.62140916731317,-31.621409167313168,cir_coefficients_tau_mask,,"[1, 1, 1, 1, 19, 1]","[1, 1, 19]","[1, 1, 19]","[1, 1, 19]",,True,,19,5.3594881865848265e-08,-31.621409167313168,0,0.0,0.0,0,0,0,0,0,0,0,0,1.7112320123232851,1594,3171,3423,0.03177600161104565,0.04887732988140285,0.054337228896770694,1605,0,0.15855
5,1285,rx_ur5_base,/home/telilab4090/Documents/Gazebo World/my_world/rt_out/experiments/semantic_ablation_rigid_200f/sionna_xml/frame_005_sionna.xml,30.0,0.0,0.0,2.4,0.497,-0.841,0.995,28000000000.0,15,2.8585452227503083e-08,5.930293767164585e-08,3.071748544414277e-08,1.4623646737987883e-09,-88.34944312693094,-58.349443126930936,cir_coefficients_tau_mask,,"[1, 1, 1, 1, 15, 1]","[1, 1, 15]","[1, 1, 15]","[1, 1, 15]",,True,,19,5.3594881865848265e-08,-31.621409167313168,-4,-2.2877396421705498e-08,-26.72803395961777,1,1,1,1,1,0,1,1,1.7112320123232851,1796,3225,3451,0.008265081252911345,0.0114187902736478,0.015425079172869317,1588,0,0.16125
6,1542,rx_ur5_base,/home/telilab4090/Documents/Gazebo World/my_world/rt_out/experiments/semantic_ablation_rigid_200f/sionna_xml/frame_006_sionna.xml,30.0,0.0,0.0,2.4,0.497,-0.841,0.995,28000000000.0,15,2.8585452227503083e-08,5.930293767164585e-08,3.071748544414277e-08,1.4623650068656957e-09,-88.3494421377857,-58.3494421377857,cir_coefficients_tau_mask,,"[1, 1, 1, 1, 15, 1]","[1, 1, 15]","[1, 1, 15]","[1, 1, 15]",,True,,15,3.071748544414277e-08,-58.349443126930936,0,0.0,9.891452350530017e-07,0,0,0,0,0,0,0,0,1.7112320123232851,1806,3239,3512,0.005691906306017524,0.011174715081398483,0.015961854697207883,1599,0,0.16195
7,1799,rx_ur5_base,/home/telilab4090/Documents/Gazebo World/my_world/rt_out/experiments/semantic_ablation_rigid_200f/sionna_xml/frame_007_sionna.xml,30.0,0.0,0.0,2.4,0.497,-0.841,0.995,28000000000.0,15,2.8585452227503083e-08,5.930293767164585e-08,3.071748544414277e-08,1.4623647848210908e-09,-88.34944279721583,-58.34944279721583,cir_coefficients_tau_mask,,"[1, 1, 1, 1, 15, 1]","[1, 1, 15]","[1, 1, 15]","[1, 1, 15]",,True,,15,3.071748544414277e-08,-58.3494421377857,0,0.0,-6.594301282802917e-07,0,0,0,0,0,0,0,0,1.7112320123232851,1819,3198,3534,0.004414449127560942,0.010159555162622725,0.012576590480686928,1614,0,0.1599
8,2056,rx_ur5_base,/home/telilab4090/Documents/Gazebo World/my_world/rt_out/experiments/semantic_ablation_rigid_200f/sionna_xml/frame_008_sionna.xml,30.0,0.0,0.0,2.4,0.497,-0.841,0.995,28000000000.0,14,2.8585452227503083e-08,5.930293767164585e-08,3.071748544414277e-08,1.408686833848094e-09,-88.51185544469354,-58.51185544469354,cir_coefficients_tau_mask,,"[1, 1, 1, 1, 14, 1]","[1, 1, 14]","[1, 1, 14]","[1, 1, 14]",,True,,15,3.071748544414277e-08,-58.34944279721583,-1,0.0,-0.16241264747770856,1,1,0,0,0,0,0,0,1.7112320123232851,1774,3173,3538,0.005589489601211146,0.012657069788375807,0.016466924056370215,1568,0,0.15865
9,2313,rx_ur5_base,/home/telilab4090/Documents/Gazebo World/my_world/rt_out/experiments/semantic_ablation_rigid_200f/sionna_xml/frame_009_sionna.xml,30.0,0.0,0.0,2.4,0.497,-0.841,0.995,28000000000.0,14,2.8585452227503083e-08,5.930293767164585e-08,3.071748544414277e-08,1.4086865007811866e-09,-88.51185647153025,-58.51185647153025,cir_coefficients_tau_mask,,"[1, 1, 1, 1, 14, 1]","[1, 1, 14]","[1, 1, 14]","[1, 1, 14]",,True,,14,3.071748544414277e-08,-58.51185544469354,0,0.0,-1.0268367134358414e-06,0,0,0,0,0,0,0,0,1.7112320123232851,1815,3211,3611,0.005624950593573221,0.012602414318819722,0.016651643079823905,1616,0,0.16055
10,2570,rx_ur5_base,/home/telilab4090/Documents/Gazebo World/my_world/rt_out/experiments/semantic_ablation_rigid_200f/sionna_xml/frame_010_sionna.xml,30.0,0.0,0.0,2.4,0.497,-0.841,0.995,28000000000.0,19,5.708055805797585e-09,5.930293767164585e-08,5.3594881865848265e-08,2.4967334866232704e-07,-66.0262781386261,-36.0262781386261,cir_coefficients_tau_mask,,"[1, 1, 1, 1, 19, 1]","[1, 1, 19]","[1, 1, 19]","[1, 1, 19]",,True,,14,3.071748544414277e-08,-58.51185647153025,5,2.2877396421705498e-08,22.485578332904154,1,0,0,0,0,1,1,1,1.7112320123232851,1580,3191,3549,0.013025241375070802,0.023262100070627435,0.02752981294049772,1586,0,0.15955
11,2827,rx_ur5_base,/home/telilab4090/Documents/Gazebo World/my_world/rt_out/experiments/semantic_ablation_rigid_200f/sionna_xml/frame_011_sionna.xml,30.0,0.0,0.0,2.4,0.497,-0.841,0.995,28000000000.0,27,5.708055805797585e-09,5.930293767164585e-08,5.3594881865848265e-08,9.265675657843531e-07,-60.33122906212958,-30.33122906212958,cir_coefficients_tau_mask,,"[1, 1, 1, 1, 27, 1]","[1, 1, 27]","[1, 1, 27]","[1, 1, 27]",,True,,19,5.3594881865848265e-08,-36.0262781386261,8,0.0,5.695049076496517,1,0,0,0,0,0,0,0,1.7112320123232851,1587,2015,3238,0.06422090584918859,0.06712722499222429,0.06908214142793694,1610,0,0.10075
12,3084,rx_ur5_base,/home/telilab4090/Documents/Gazebo World/my_world/rt_out/experiments/semantic_ablation_rigid_200f/sionna_xml/frame_012_sionna.xml,30.0,0.0,0.0,2.4,0.497,-0.841,0.995,28000000000.0,28,5.708055805797585e-09,5.930293767164585e-08,5.3594881865848265e-08,9.265976927963493e-07,-60.33108785513245,-30.331087855132452,cir_coefficients_tau_mask,,"[1, 1, 1, 1, 28, 1]","[1, 1, 28]","[1, 1, 28]","[1, 1, 28]",,True,,27,5.3594881865848265e-08,-30.33122906212958,1,0.0,0.00014120699712805163,1,0,0,0,0,0,0,0,1.7112320123232851,1514,1751,3211,0.06683731829390323,0.06836838997664295,0.0710852662967127,1546,0,0.08755
13,3341,rx_ur5_base,/home/telilab4090/Documents/Gazebo World/my_world/rt_out/experiments/semantic_ablation_rigid_200f/sionna_xml/frame_013_sionna.xml,30.0,0.0,0.0,2.4,0.497,-0.841,0.995,28000000000.0,29,5.708055805797585e-09,5.930293767164585e-08,5.3594881865848265e-08,9.254459882868105e-07,-60.336489228575836,-30.336489228575836,cir_coefficients_tau_mask,,"[1, 1, 1, 1, 29, 1]","[1, 1, 29]","[1, 1, 29]","[1, 1, 29]",,True,,28,5.3594881865848265e-08,-30.331087855132452,1,0.0,-0.005401373443383761,1,0,0,0,0,0,0,0,1.7112320123232851,1588,1809,3246,0.0668710141869661,0.06787034619549379,0.07054222996137742,1620,0,0.09045
14,3598,rx_ur5_base,/home/telilab4090/Documents/Gazebo World/my_world/rt_out/experiments/semantic_ablation_rigid_200f/sionna_xml/frame_014_sionna.xml,30.0,0.0,0.0,2.4,0.497,-0.841,0.995,28000000000.0,26,5.708055805797585e-09,5.930293767164585e-08,5.3594881865848265e-08,6.688812845823122e-07,-61.7465095551446,-31.7465095551446,cir_coefficients_tau_mask,,"[1, 1, 1, 1, 26, 1]","[1, 1, 26]","[1, 1, 26]","[1, 1, 26]",,True,,29,5.3594881865848265e-08,-30.336489228575836,-3,0.0,-1.4100203265687625,1,1,1,1,0,0,1,0,1.7112320123232851,1269,1553,3197,0.0668568083435834,0.0677679609304192,0.06995072079138655,1553,0,0.07765
15,3855,rx_ur5_base,/home/telilab4090/Documents/Gazebo World/my_world/rt_out/experiments/semantic_ablation_rigid_200f/sionna_xml/frame_015_sionna.xml,30.0,0.0,0.0,2.4,0.497,-0.841,0.995,28000000000.0,27,5.708055805797585e-09,6.370818539380707e-08,5.8000129588009486e-08,6.635689260292565e-07,-61.78113959552441,-31.781139595524408,cir_coefficients_tau_mask,,"[1, 1, 1, 1, 27, 1]","[1, 1, 27]","[1, 1, 27]","[1, 1, 27]",,True,,26,5.3594881865848265e-08,-31.7465095551446,1,4.405247722161221e-09,-0.03463004037980966,1,0,0,0,0,1,1,1,1.7112320123232851,995,1580,3245,0.06683289880819931,0.06814292234190693,0.07033057843741786,1580,0,0.079
16,4112,rx_ur5_base,/home/telilab4090/Documents/Gazebo World/my_world/rt_out/experiments/semantic_ablation_rigid_200f/sionna_xml/frame_016_sionna.xml,30.0,0.0,0.0,2.4,0.497,-0.841,0.995,28000000000.0,28,5.708055805797585e-09,6.370818539380707e-08,5.8000129588009486e-08,6.635624458795064e-07,-61.78118200720027,-31.78118200720027,cir_coefficients_tau_mask,,"[1, 1, 1, 1, 28, 1]","[1, 1, 28]","[1, 1, 28]","[1, 1, 28]",,True,,27,5.8000129588009486e-08,-31.781139595524408,1,0.0,-4.24116758637183e-05,1,0,0,0,0,0,0,0,1.7112320123232851,981,1552,3274,0.06686788289994845,0.0682284219255221,0.07151695188795226,1552,0,0.0776
17,4369,rx_ur5_base,/home/telilab4090/Documents/Gazebo World/my_world/rt_out/experiments/semantic_ablation_rigid_200f/sionna_xml/frame_017_sionna.xml,30.0,0.0,0.0,2.4,0.497,-0.841,0.995,28000000000.0,28,5.708055805797585e-09,6.370818539380707e-08,5.8000129588009486e-08,6.635616500716424e-07,-61.78118721568025,-31.781187215680248,cir_coefficients_tau_mask,,"[1, 1, 1, 1, 28, 1]","[1, 1, 28]","[1, 1, 28]","[1, 1, 28]",,True,,28,5.8000129588009486e-08,-31.78118200720027,0,0.0,-5.208479976204217e-06,0,0,0,0,0,0,0,0,1.7112320123232851,1020,1619,3295,0.06711675921423994,0.06883467949284297,0.07169995938325141,1619,0,0.08095
18,4626,rx_ur5_base,/home/telilab4090/Documents/Gazebo World/my_world/rt_out/experiments/semantic_ablation_rigid_200f/sionna_xml/frame_018_sionna.xml,30.0,0.0,0.0,2.4,0.497,-0.841,0.995,28000000000.0,28,5.708055805797585e-09,6.370818539380707e-08,5.8000129588009486e-08,6.635616500716424e-07,-61.78118721568025,-31.781187215680248,cir_coefficients_tau_mask,,"[1, 1, 1, 1, 28, 1]","[1, 1, 28]","[1, 1, 28]","[1, 1, 28]",,True,,28,5.8000129588009486e-08,-31.781187215680248,0,0.0,0.0,0,0,0,0,0,0,0,0,1.7112320123232851,897,1511,3240,0.06687870762593918,0.06779367364722357,0.07018471160179382,1511,0,0.07555
19,4883,rx_ur5_base,/home/telilab4090/Documents/Gazebo World/my_world/rt_out/experiments/semantic_ablation_rigid_200f/sionna_xml/frame_019_sionna.xml,30.0,0.0,0.0,2.4,0.497,-0.841,0.995,28000000000.0,28,5.708055805797585e-09,6.370818539380707e-08,5.8000129588009486e-08,7.195033617790614e-07,-61.42967172542268,-31.42967172542268,cir_coefficients_tau_mask,,"[1, 1, 1, 1, 28, 1]","[1, 1, 28]","[1, 1, 28]","[1, 1, 28]",,True,,28,5.8000129588009486e-08,-31.781187215680248,0,0.0,0.3515154902575688,0,0,0,0,0,0,0,0,1.7112320123232851,999,1639,3264,0.06685812973102741,0.06779745516397627,0.07033283458154636,1639,0,0.08195
20,5140,rx_ur5_base,/home/telilab4090/Documents/Gazebo World/my_world/rt_out/experiments/semantic_ablation_rigid_200f/sionna_xml/frame_020_sionna.xml,30.0,0.0,0.0,2.4,0.497,-0.841,0.995,28000000000.0,24,5.708055805797585e-09,6.370818539380707e-08,5.8000129588009486e-08,7.19402237336908e-07,-61.43028215862014,-31.430282158620138,cir_coefficients_tau_mask,,"[1, 1, 1, 1, 24, 1]","[1, 1, 24]","[1, 1, 24]","[1, 1, 24]",,True,,28,5.8000129588009486e-08,-31.42967172542268,-4,0.0,-0.0006104331974583488,1,1,0,0,0,0,0,0,1.7112320123232851,1009,1627,4329,0.06686788825228733,0.06746710951452797,0.0691447377769891,1627,0,0.08135
21,5397,rx_ur5_base,/home/telilab4090/Documents/Gazebo World/my_world/rt_out/experiments/semantic_ablation_rigid_200f/sionna_xml/frame_021_sionna.xml,30.0,0.0,0.0,2.4,0.497,-0.841,0.995,28000000000.0,24,5.708055805797585e-09,6.370818539380707e-08,5.8000129588009486e-08,7.208517445178586e-07,-61.42154046179944,-31.421540461799438,cir_coefficients_tau_mask,,"[1, 1, 1, 1, 24, 1]","[1, 1, 24]","[1, 1, 24]","[1, 1, 24]",,True,,24,5.8000129588009486e-08,-31.430282158620138,0,0.0,0.008741696820699474,0,0,0,0,0,0,0,0,1.7112320123232851,1004,1619,4812,0.06686788825228733,0.06818318062853884,0.0706787878852995,1619,0,0.08095
22,5654,rx_ur5_base,/home/telilab4090/Documents/Gazebo World/my_world/rt_out/experiments/semantic_ablation_rigid_200f/sionna_xml/frame_022_sionna.xml,30.0,0.0,0.0,2.4,0.497,-0.841,0.995,28000000000.0,24,5.708055805797585e-09,6.370818539380707e-08,5.8000129588009486e-08,7.209145564956998e-07,-61.42116205240852,-31.42116205240852,cir_coefficients_tau_mask,,"[1, 1, 1, 1, 24, 1]","[1, 1, 24]","[1, 1, 24]","[1, 1, 24]",,True,,24,5.8000129588009486e-08,-31.421540461799438,0,0.0,0.00037840939091893233,0,0,0,0,0,0,0,0,1.7112320123232851,985,1613,4856,0.06683290497275393,0.06752555539130768,0.06994943862715586,1613,0,0.08065
23,5911,rx_ur5_base,/home/telilab4090/Documents/Gazebo World/my_world/rt_out/experiments/semantic_ablation_rigid_200f/sionna_xml/frame_023_sionna.xml,30.0,0.0,0.0,2.4,0.497,-0.841,0.995,28000000000.0,24,5.708055805797585e-09,6.370818539380707e-08,5.8000129588009486e-08,8.516766456523328e-07,-60.69725261646559,-30.69725261646559,cir_coefficients_tau_mask,,"[1, 1, 1, 1, 24, 1]","[1, 1, 24]","[1, 1, 24]","[1, 1, 24]",,True,,24,5.8000129588009486e-08,-31.42116205240852,0,0.0,0.7239094359429288,0,0,0,0,0,0,0,0,1.7112320123232851,1000,1635,4985,0.06686169027381852,0.0677732501582576,0.07010195026323764,1635,0,0.08175
24,6168,rx_ur5_base,/home/telilab4090/Documents/Gazebo World/my_world/rt_out/experiments/semantic_ablation_rigid_200f/sionna_xml/frame_024_sionna.xml,30.0,0.0,0.0,2.4,0.497,-0.841,0.995,28000000000.0,26,5.708055805797585e-09,6.370818539380707e-08,5.8000129588009486e-08,8.510850761922484e-07,-60.70027024787247,-30.700270247872467,cir_coefficients_tau_mask,,"[1, 1, 1, 1, 26, 1]","[1, 1, 26]","[1, 1, 26]","[1, 1, 26]",,True,,24,5.8000129588009486e-08,-30.69725261646559,2,0.0,-0.0030176314068768306,1,0,0,0,0,0,0,0,1.7112320123232851,997,1574,4955,0.0668623865851818,0.06796527396050564,0.07046193336836869,1574,0,0.0787
25,6425,rx_ur5_base,/home/telilab4090/Documents/Gazebo World/my_world/rt_out/experiments/semantic_ablation_rigid_200f/sionna_xml/frame_025_sionna.xml,30.0,0.0,0.0,2.4,0.497,-0.841,0.995,28000000000.0,25,5.708055805797585e-09,6.370818539380707e-08,5.8000129588009486e-08,8.50686660669453e-07,-60.702303771669676,-30.702303771669676,cir_coefficients_tau_mask,,"[1, 1, 1, 1, 25, 1]","[1, 1, 25]","[1, 1, 25]","[1, 1, 25]",,True,,26,5.8000129588009486e-08,-30.700270247872467,-1,0.0,-0.0020335237972091136,1,1,0,0,0,0,0,0,1.7112320123232851,1071,1650,5086,0.06690459543319488,0.06828525789679879,0.07094777606317142,1650,0,0.0825
26,6682,rx_ur5_base,/home/telilab4090/Documents/Gazebo World/my_world/rt_out/experiments/semantic_ablation_rigid_200f/sionna_xml/frame_026_sionna.xml,30.0,0.0,0.0,2.4,0.497,-0.841,0.995,28000000000.0,25,5.708055805797585e-09,6.370818539380707e-08,5.8000129588009486e-08,8.50662956963788e-07,-60.70242478605102,-30.70242478605102,cir_coefficients_tau_mask,,"[1, 1, 1, 1, 25, 1]","[1, 1, 25]","[1, 1, 25]","[1, 1, 25]",,True,,25,5.8000129588009486e-08,-30.702303771669676,0,0.0,-0.00012101438134237696,0,0,0,0,0,0,0,0,1.7112320123232851,1037,1608,4979,0.06685632061114219,0.06783159824249682,0.06997079383737931,1608,0,0.0804
27,6939,rx_ur5_base,/home/telilab4090/Documents/Gazebo World/my_world/rt_out/experiments/semantic_ablation_rigid_200f/sionna_xml/frame_027_sionna.xml,30.0,0.0,0.0,2.4,0.497,-0.841,0.995,28000000000.0,25,5.708055805797585e-09,6.370818539380707e-08,5.8000129588009486e-08,8.506434596711188e-07,-60.7025243279858,-30.7025243279858,cir_coefficients_tau_mask,,"[1, 1, 1, 1, 25, 1]","[1, 1, 25]","[1, 1, 25]","[1, 1, 25]",,True,,25,5.8000129588009486e-08,-30.70242478605102,0,0.0,-9.954193478023399e-05,0,0,0,0,0,0,0,0,1.7112320123232851,984,1554,5007,0.06712552577442502,0.06821770875996738,0.07054837285765181,1547,0,0.0777
28,7196,rx_ur5_base,/home/telilab4090/Documents/Gazebo World/my_world/rt_out/experiments/semantic_ablation_rigid_200f/sionna_xml/frame_028_sionna.xml,30.0,0.0,0.0,2.4,0.497,-0.841,0.995,28000000000.0,29,5.708055805797585e-09,6.370818539380707e-08,5.8000129588009486e-08,8.172804655259824e-07,-60.8762888137688,-30.876288813768802,cir_coefficients_tau_mask,,"[1, 1, 1, 1, 29, 1]","[1, 1, 29]","[1, 1, 29]","[1, 1, 29]",,True,,25,5.8000129588009486e-08,-30.7025243279858,4,0.0,-0.1737644857830034,1,0,0,0,0,0,0,0,1.7112320123232851,1051,1612,4999,0.06686648970139251,0.06775072777219632,0.06999153842809742,1563,0,0.0806
29,7453,rx_ur5_base,/home/telilab4090/Documents/Gazebo World/my_world/rt_out/experiments/semantic_ablation_rigid_200f/sionna_xml/frame_029_sionna.xml,30.0,0.0,0.0,2.4,0.497,-0.841,0.995,28000000000.0,29,5.708055805797585e-09,6.370818539380707e-08,5.8000129588009486e-08,8.172583534360456e-07,-60.87640631674312,-30.87640631674312,cir_coefficients_tau_mask,,"[1, 1, 1, 1, 29, 1]","[1, 1, 29]","[1, 1, 29]","[1, 1, 29]",,True,,29,5.8000129588009486e-08,-30.876288813768802,0,0.0,-0.00011750297431945,0,0,0,0,0,0,0,0,1.7112320123232851,1168,1599,5046,0.06692831725956061,0.06812417062816226,0.07123245243246014,1597,0,0.07995
30,7710,rx_ur5_base,/home/telilab4090/Documents/Gazebo World/my_world/rt_out/experiments/semantic_ablation_rigid_200f/sionna_xml/frame_030_sionna.xml,30.0,0.0,0.0,2.4,0.497,-0.841,0.995,28000000000.0,29,5.708055805797585e-09,6.370818539380707e-08,5.8000129588009486e-08,8.172424941221834e-07,-60.876490594613124,-30.876490594613124,cir_coefficients_tau_mask,,"[1, 1, 1, 1, 29, 1]","[1, 1, 29]","[1, 1, 29]","[1, 1, 29]",,True,,29,5.8000129588009486e-08,-30.87640631674312,0,0.0,-8.427787000186981e-05,0,0,0,0,0,0,0,0,1.7112320123232851,1147,1585,5120,0.06701098352842993,0.06789602839583438,0.07019954029370724,1585,0,0.07925
31,7967,rx_ur5_base,/home/telilab4090/Documents/Gazebo World/my_world/rt_out/experiments/semantic_ablation_rigid_200f/sionna_xml/frame_031_sionna.xml,30.0,0.0,0.0,2.4,0.497,-0.841,0.995,28000000000.0,30,5.708055805797585e-09,6.370818539380707e-08,5.8000129588009486e-08,8.172740422196512e-07,-60.876322946695936,-30.876322946695936,cir_coefficients_tau_mask,,"[1, 1, 1, 1, 30, 1]","[1, 1, 30]","[1, 1, 30]","[1, 1, 30]",,True,,29,5.8000129588009486e-08,-30.876490594613124,1,0.0,0.00016764791718770766,1,0,0,0,0,0,0,0,1.7112320123232851,1094,1573,4987,0.06697889832602597,0.06851410536305011,0.0711918452010565,1573,0,0.07865
32,8224,rx_ur5_base,/home/telilab4090/Documents/Gazebo World/my_world/rt_out/experiments/semantic_ablation_rigid_200f/sionna_xml/frame_032_sionna.xml,30.0,0.0,0.0,2.4,0.497,-0.841,0.995,28000000000.0,30,5.708055805797585e-09,6.370818539380707e-08,5.8000129588009486e-08,8.1726511780289e-07,-60.87637037076565,-30.87637037076565,cir_coefficients_tau_mask,,"[1, 1, 1, 1, 30, 1]","[1, 1, 30]","[1, 1, 30]","[1, 1, 30]",,True,,30,5.8000129588009486e-08,-30.876322946695936,0,0.0,-4.742406971303126e-05,0,0,0,0,0,0,0,0,1.7112320123232851,1202,1640,5053,0.06685749609322501,0.06714038630414265,0.06877547289766228,1640,0,0.082
33,8481,rx_ur5_base,/home/telilab4090/Documents/Gazebo World/my_world/rt_out/experiments/semantic_ablation_rigid_200f/sionna_xml/frame_033_sionna.xml,30.0,0.0,0.0,2.4,0.497,-0.841,0.995,28000000000.0,30,5.708055805797585e-09,6.370818539380707e-08,5.8000129588009486e-08,7.911872330623737e-07,-61.017207293169655,-31.017207293169655,cir_coefficients_tau_mask,,"[1, 1, 1, 1, 30, 1]","[1, 1, 30]","[1, 1, 30]","[1, 1, 30]",,True,,30,5.8000129588009486e-08,-30.87637037076565,0,0.0,-0.1408369224040058,0,0,0,0,0,0,0,0,1.7112320123232851,1165,1648,5043,0.0668884281448792,0.06763826741771381,0.06938404255617858,1648,0,0.0824
34,8737,rx_ur5_base,/home/telilab4090/Documents/Gazebo World/my_world/rt_out/experiments/semantic_ablation_rigid_200f/sionna_xml/frame_034_sionna.xml,30.0,0.0,0.0,2.4,0.497,-0.841,0.995,28000000000.0,30,5.708055805797585e-09,6.370818539380707e-08,5.8000129588009486e-08,7.911119155323831e-07,-61.01762074201362,-31.01762074201362,cir_coefficients_tau_mask,,"[1, 1, 1, 1, 30, 1]","[1, 1, 30]","[1, 1, 30]","[1, 1, 30]",,True,,30,5.8000129588009486e-08,-31.017207293169655,0,0.0,-0.00041344884396465886,0,0,0,0,0,0,0,0,1.7112320123232851,1366,1960,5067,0.06693399228728214,0.06783804464265784,0.07031823261700107,1852,0,0.098
35,8994,rx_ur5_base,/home/telilab4090/Documents/Gazebo World/my_world/rt_out/experiments/semantic_ablation_rigid_200f/sionna_xml/frame_035_sionna.xml,30.0,0.0,0.0,2.4,0.497,-0.841,0.995,28000000000.0,30,5.708055805797585e-09,6.370818539380707e-08,5.8000129588009486e-08,7.910934414212534e-07,-61.01772216000575,-31.017722160005754,cir_coefficients_tau_mask,,"[1, 1, 1, 1, 30, 1]","[1, 1, 30]","[1, 1, 30]","[1, 1, 30]",,True,,30,5.8000129588009486e-08,-31.01762074201362,0,0.0,-0.00010141799213414515,0,0,0,0,0,0,0,0,1.7112320123232851,1368,2004,5056,0.06693085146997148,0.068350578174334,0.07119036406218412,1875,0,0.1002
36,9251,rx_ur5_base,/home/telilab4090/Documents/Gazebo World/my_world/rt_out/experiments/semantic_ablation_rigid_200f/sionna_xml/frame_036_sionna.xml,30.0,0.0,0.0,2.4,0.497,-0.841,0.995,28000000000.0,29,5.708055805797585e-09,6.370818539380707e-08,5.8000129588009486e-08,6.112435357863433e-07,-62.13785720730762,-32.13785720730762,cir_coefficients_tau_mask,,"[1, 1, 1, 1, 29, 1]","[1, 1, 29]","[1, 1, 29]","[1, 1, 29]",,True,,30,5.8000129588009486e-08,-31.017722160005754,-1,0.0,-1.120135047301865,1,1,1,1,0,0,1,0,1.7112320123232851,1394,2020,5135,0.06692839312819962,0.06816870935928392,0.07073316615101266,1912,0,0.101
37,9508,rx_ur5_base,/home/telilab4090/Documents/Gazebo World/my_world/rt_out/experiments/semantic_ablation_rigid_200f/sionna_xml/frame_037_sionna.xml,30.0,0.0,0.0,2.4,0.497,-0.841,0.995,28000000000.0,29,5.708055805797585e-09,6.370818539380707e-08,5.8000129588009486e-08,6.112387040957401e-07,-62.13789153707535,-32.13789153707535,cir_coefficients_tau_mask,,"[1, 1, 1, 1, 29, 1]","[1, 1, 29]","[1, 1, 29]","[1, 1, 29]",,True,,29,5.8000129588009486e-08,-32.13785720730762,0,0.0,-3.43297677289911e-05,0,0,0,0,0,0,0,0,1.7112320123232851,1369,1957,5012,0.06692017961676255,0.06781041588297182,0.07016370558172486,1851,0,0.09785
38,9765,rx_ur5_base,/home/telilab4090/Documents/Gazebo World/my_world/rt_out/experiments/semantic_ablation_rigid_200f/sionna_xml/frame_038_sionna.xml,30.0,0.0,0.0,2.4,0.497,-0.841,0.995,28000000000.0,31,5.708055805797585e-09,6.370818539380707e-08,5.8000129588009486e-08,1.01028410881554e-06,-59.95556478157959,-29.95556478157959,cir_coefficients_tau_mask,,"[1, 1, 1, 1, 31, 1]","[1, 1, 31]","[1, 1, 31]","[1, 1, 31]",,True,,29,5.8000129588009486e-08,-32.13789153707535,2,0.0,2.182326755495758,1,0,0,0,0,0,0,0,1.7112320123232851,1300,2045,5001,0.06689190620394206,0.06732835003197457,0.06917538195382658,1906,0,0.10225
39,10022,rx_ur5_base,/home/telilab4090/Documents/Gazebo World/my_world/rt_out/experiments/semantic_ablation_rigid_200f/sionna_xml/frame_039_sionna.xml,30.0,0.0,0.0,2.4,0.497,-0.841,0.995,28000000000.0,29,5.708055805797585e-09,5.930293767164585e-08,5.3594881865848265e-08,7.80667221533804e-07,-61.07534055304005,-31.07534055304005,cir_coefficients_tau_mask,,"[1, 1, 1, 1, 29, 1]","[1, 1, 29]","[1, 1, 29]","[1, 1, 29]",,True,,31,5.8000129588009486e-08,-29.95556478157959,-2,-4.405247722161221e-09,-1.1197757714604606,1,1,1,1,0,0,1,0,1.7112320123232851,1312,2270,5076,0.06689539412145114,0.06802663042975068,0.06991223399866847,1968,0,0.1135
40,10279,rx_ur5_base,/home/telilab4090/Documents/Gazebo World/my_world/rt_out/experiments/semantic_ablation_rigid_200f/sionna_xml/frame_040_sionna.xml,30.0,0.0,0.0,2.4,0.497,-0.841,0.995,28000000000.0,26,5.708055805797585e-09,5.930293767164585e-08,5.3594881865848265e-08,7.806144139976823e-07,-61.075634337595346,-31.075634337595346,cir_coefficients_tau_mask,,"[1, 1, 1, 1, 26, 1]","[1, 1, 26]","[1, 1, 26]","[1, 1, 26]",,True,,29,5.3594881865848265e-08,-31.07534055304005,-3,0.0,-0.0002937845552963836,1,1,0,0,0,0,0,0,1.7112320123232851,1335,2343,5125,0.06687539566714533,0.06756513756161807,0.06919779473635056,2018,0,0.11715
41,10536,rx_ur5_base,/home/telilab4090/Documents/Gazebo World/my_world/rt_out/experiments/semantic_ablation_rigid_200f/sionna_xml/frame_041_sionna.xml,30.0,0.0,0.0,2.4,0.497,-0.841,0.995,28000000000.0,26,5.708055805797585e-09,5.930293767164585e-08,5.3594881865848265e-08,7.806129929122108e-07,-61.07564224380524,-31.07564224380524,cir_coefficients_tau_mask,,"[1, 1, 1, 1, 26, 1]","[1, 1, 26]","[1, 1, 26]","[1, 1, 26]",,True,,26,5.3594881865848265e-08,-31.075634337595346,0,0.0,-7.9062098947702e-06,0,0,0,0,0,0,0,0,1.7112320123232851,1320,2355,5040,0.06690590254713107,0.06756231873092067,0.06934998453097227,2020,0,0.11775
42,10793,rx_ur5_base,/home/telilab4090/Documents/Gazebo World/my_world/rt_out/experiments/semantic_ablation_rigid_200f/sionna_xml/frame_042_sionna.xml,30.0,0.0,0.0,2.4,0.497,-0.841,0.995,28000000000.0,26,5.708055805797585e-09,5.930293767164585e-08,5.3594881865848265e-08,7.806066832927172e-07,-61.075677347551,-31.075677347551,cir_coefficients_tau_mask,,"[1, 1, 1, 1, 26, 1]","[1, 1, 26]","[1, 1, 26]","[1, 1, 26]",,True,,26,5.3594881865848265e-08,-31.07564224380524,0,0.0,-3.510374575910191e-05,0,0,0,0,0,0,0,0,1.7112320123232851,1337,2293,5087,0.06691200375052309,0.06757147200522695,0.06992287431883547,2021,0,0.11465
43,11050,rx_ur5_base,/home/telilab4090/Documents/Gazebo World/my_world/rt_out/experiments/semantic_ablation_rigid_200f/sionna_xml/frame_043_sionna.xml,30.0,0.0,0.0,2.4,0.497,-0.841,0.995,28000000000.0,25,5.708055805797585e-09,5.930293767164585e-08,5.3594881865848265e-08,7.803905077707896e-07,-61.07688021758092,-31.07688021758092,cir_coefficients_tau_mask,,"[1, 1, 1, 1, 25, 1]","[1, 1, 25]","[1, 1, 25]","[1, 1, 25]",,True,,26,5.3594881865848265e-08,-31.075677347551,-1,0.0,-0.0012028700299211437,1,1,0,0,0,0,0,0,1.7112320123232851,1358,2332,5029,0.0669270413125401,0.06750792837209837,0.06881690202897998,2039,0,0.1166
44,11307,rx_ur5_base,/home/telilab4090/Documents/Gazebo World/my_world/rt_out/experiments/semantic_ablation_rigid_200f/sionna_xml/frame_044_sionna.xml,30.0,0.0,0.0,2.4,0.497,-0.841,0.995,28000000000.0,26,5.708055805797585e-09,6.370818539380707e-08,5.8000129588009486e-08,7.80576158376789e-07,-61.07584717778735,-31.075847177787352,cir_coefficients_tau_mask,,"[1, 1, 1, 1, 26, 1]","[1, 1, 26]","[1, 1, 26]","[1, 1, 26]",,True,,25,5.3594881865848265e-08,-31.07688021758092,1,4.405247722161221e-09,0.0010330397935689462,1,0,0,0,0,1,1,1,1.7112320123232851,1341,2325,5121,0.066875407125354,0.0675756545914857,0.0692784342264284,2017,0,0.11625
45,11564,rx_ur5_base,/home/telilab4090/Documents/Gazebo World/my_world/rt_out/experiments/semantic_ablation_rigid_200f/sionna_xml/frame_045_sionna.xml,30.0,0.0,0.0,2.4,0.497,-0.841,0.995,28000000000.0,26,5.708055805797585e-09,6.370818539380707e-08,5.8000129588009486e-08,1.2280925147933885e-06,-59.10768915645296,-29.107689156452963,cir_coefficients_tau_mask,,"[1, 1, 1, 1, 26, 1]","[1, 1, 26]","[1, 1, 26]","[1, 1, 26]",,True,,26,5.8000129588009486e-08,-31.075847177787352,0,0.0,1.9681580213343892,0,0,0,0,0,0,0,0,1.7112320123232851,1217,2394,5122,0.06695682805625147,0.06749584560178065,0.06958377738633843,2022,0,0.1197
46,11821,rx_ur5_base,/home/telilab4090/Documents/Gazebo World/my_world/rt_out/experiments/semantic_ablation_rigid_200f/sionna_xml/frame_046_sionna.xml,30.0,0.0,0.0,2.4,0.497,-0.841,0.995,28000000000.0,26,5.708055805797585e-09,6.370818539380707e-08,5.8000129588009486e-08,1.238346385434852e-06,-59.071578591594395,-29.071578591594395,cir_coefficients_tau_mask,,"[1, 1, 1, 1, 26, 1]","[1, 1, 26]","[1, 1, 26]","[1, 1, 26]",,True,,26,5.8000129588009486e-08,-29.107689156452963,0,0.0,0.036110564858567784,0,0,0,0,0,0,0,0,1.7112320123232851,1206,2207,5162,0.0669137659231811,0.06793412648153105,0.07006416402551649,1926,0,0.11035
47,12078,rx_ur5_base,/home/telilab4090/Documents/Gazebo World/my_world/rt_out/experiments/semantic_ablation_rigid_200f/sionna_xml/frame_047_sionna.xml,30.0,0.0,0.0,2.4,0.497,-0.841,0.995,28000000000.0,26,5.708055805797585e-09,6.370818539380707e-08,5.8000129588009486e-08,1.2383513876557117e-06,-59.07156104858256,-29.07156104858256,cir_coefficients_tau_mask,,"[1, 1, 1, 1, 26, 1]","[1, 1, 26]","[1, 1, 26]","[1, 1, 26]",,True,,26,5.8000129588009486e-08,-29.071578591594395,0,0.0,1.754301183609641e-05,0,0,0,0,0,0,0,0,1.7112320123232851,1242,2200,5126,0.06699837322570314,0.0682170982273494,0.07029892918992951,1896,0,0.11
48,12335,rx_ur5_base,/home/telilab4090/Documents/Gazebo World/my_world/rt_out/experiments/semantic_ablation_rigid_200f/sionna_xml/frame_048_sionna.xml,30.0,0.0,0.0,2.4,0.497,-0.841,0.995,28000000000.0,26,5.708055805797585e-09,6.370818539380707e-08,5.8000129588009486e-08,1.2383881085042958e-06,-59.071432269096974,-29.071432269096974,cir_coefficients_tau_mask,,"[1, 1, 1, 1, 26, 1]","[1, 1, 26]","[1, 1, 26]","[1, 1, 26]",,True,,26,5.8000129588009486e-08,-29.07156104858256,0,0.0,0.00012877948558553953,0,0,0,0,0,0,0,0,1.7112320123232851,1246,2177,5206,0.06697256816655556,0.06807113046061108,0.07019161901977698,1887,0,0.10885
49,12592,rx_ur5_base,/home/telilab4090/Documents/Gazebo World/my_world/rt_out/experiments/semantic_ablation_rigid_200f/sionna_xml/frame_049_sionna.xml,30.0,0.0,0.0,2.4,0.497,-0.841,0.995,28000000000.0,29,5.708055805797585e-09,6.370818539380707e-08,5.8000129588009486e-08,9.158562193078978e-07,-60.38172701072781,-30.381727010727808,cir_coefficients_tau_mask,,"[1, 1, 1, 1, 29, 1]","[1, 1, 29]","[1, 1, 29]","[1, 1, 29]",,True,,26,5.8000129588009486e-08,-29.071432269096974,3,0.0,-1.310294741630834,1,0,1,1,0,0,1,0,1.7112320123232851,1180,2318,4927,0.06688014584742802,0.06745563542470513,0.06933454627802638,1808,0,0.1159
50,12849,rx_ur5_base,/home/telilab4090/Documents/Gazebo World/my_world/rt_out/experiments/semantic_ablation_rigid_200f/sionna_xml/frame_050_sionna.xml,30.0,0.0,0.0,2.4,0.497,-0.841,0.995,28000000000.0,29,5.708055805797585e-09,6.370818539380707e-08,5.8000129588009486e-08,9.239101359526103e-07,-60.34370268344659,-30.343702683446587,cir_coefficients_tau_mask,,"[1, 1, 1, 1, 29, 1]","[1, 1, 29]","[1, 1, 29]","[1, 1, 29]",,True,,29,5.8000129588009486e-08,-30.381727010727808,0,0.0,0.03802432728122085,0,0,0,0,0,0,0,0,1.7112320123232851,1152,2169,4997,0.0668751272577611,0.0676880196415565,0.07030808871757019,1617,0,0.10845
51,13106,rx_ur5_base,/home/telilab4090/Documents/Gazebo World/my_world/rt_out/experiments/semantic_ablation_rigid_200f/sionna_xml/frame_051_sionna.xml,30.0,0.0,0.0,2.4,0.497,-0.841,0.995,28000000000.0,29,5.708055805797585e-09,6.370818539380707e-08,5.8000129588009486e-08,9.190242167278484e-07,-60.366730445957096,-30.366730445957096,cir_coefficients_tau_mask,,"[1, 1, 1, 1, 29, 1]","[1, 1, 29]","[1, 1, 29]","[1, 1, 29]",,True,,29,5.8000129588009486e-08,-30.343702683446587,0,0.0,-0.023027762510508865,0,0,0,0,0,0,0,0,1.7112320123232851,1174,2084,4798,0.0668899485053791,0.06745252377831598,0.07001256138305599,1610,0,0.1042
52,13363,rx_ur5_base,/home/telilab4090/Documents/Gazebo World/my_world/rt_out/experiments/semantic_ablation_rigid_200f/sionna_xml/frame_052_sionna.xml,30.0,0.0,0.0,2.4,0.497,-0.841,0.995,28000000000.0,30,5.708055805797585e-09,6.370818539380707e-08,5.8000129588009486e-08,1.1430329323047772e-06,-59.419412568206376,-29.419412568206376,cir_coefficients_tau_mask,,"[1, 1, 1, 1, 30, 1]","[1, 1, 30]","[1, 1, 30]","[1, 1, 30]",,True,,29,5.8000129588009486e-08,-30.366730445957096,1,0.0,0.9473178777507201,1,0,0,0,0,0,0,0,1.7112320123232851,1167,2200,5024,0.0670004444283653,0.06762953976062941,0.07033908730796706,1670,0,0.11
53,13620,rx_ur5_base,/home/telilab4090/Documents/Gazebo World/my_world/rt_out/experiments/semantic_ablation_rigid_200f/sionna_xml/frame_053_sionna.xml,30.0,0.0,0.0,2.4,0.497,-0.841,0.995,28000000000.0,30,5.708055805797585e-09,6.370818539380707e-08,5.8000129588009486e-08,1.1137944966321811e-06,-59.531949323325776,-29.531949323325776,cir_coefficients_tau_mask,,"[1, 1, 1, 1, 30, 1]","[1, 1, 30]","[1, 1, 30]","[1, 1, 30]",,True,,30,5.8000129588009486e-08,-29.419412568206376,0,0.0,-0.11253675511940031,0,0,0,0,0,0,0,0,1.7112320123232851,1220,2339,4928,0.06695949707836825,0.06734344398881137,0.06938325686723616,1616,0,0.11695
54,13877,rx_ur5_base,/home/telilab4090/Documents/Gazebo World/my_world/rt_out/experiments/semantic_ablation_rigid_200f/sionna_xml/frame_054_sionna.xml,30.0,0.0,0.0,2.4,0.497,-0.841,0.995,28000000000.0,30,5.708055805797585e-09,6.370818539380707e-08,5.8000129588009486e-08,1.0848818874364952e-06,-59.64617541471475,-29.646175414714747,cir_coefficients_tau_mask,,"[1, 1, 1, 1, 30, 1]","[1, 1, 30]","[1, 1, 30]","[1, 1, 30]",,True,,30,5.8000129588009486e-08,-29.531949323325776,0,0.0,-0.11422609138897144,0,0,0,0,0,0,0,0,1.7112320123232851,1223,2035,4651,0.06685670543396899,0.06749460652189561,0.06977243208738047,1628,0,0.10175
55,14134,rx_ur5_base,/home/telilab4090/Documents/Gazebo World/my_world/rt_out/experiments/semantic_ablation_rigid_200f/sionna_xml/frame_055_sionna.xml,30.0,0.0,0.0,2.4,0.497,-0.841,0.995,28000000000.0,30,5.708055805797585e-09,6.370818539380707e-08,5.8000129588009486e-08,1.2934565347677562e-06,-58.88248160706758,-28.882481607067582,cir_coefficients_tau_mask,,"[1, 1, 1, 1, 30, 1]","[1, 1, 30]","[1, 1, 30]","[1, 1, 30]",,True,,30,5.8000129588009486e-08,-29.646175414714747,0,0.0,0.7636938076471651,0,0,0,0,0,0,0,0,1.7112320123232851,1193,2024,3583,0.06686794274405028,0.0688768964928477,0.07101233382960487,1641,0,0.1012
56,14391,rx_ur5_base,/home/telilab4090/Documents/Gazebo World/my_world/rt_out/experiments/semantic_ablation_rigid_200f/sionna_xml/frame_056_sionna.xml,30.0,0.0,0.0,2.4,0.497,-0.841,0.995,28000000000.0,30,5.708055805797585e-09,6.370818539380707e-08,5.8000129588009486e-08,1.2934038977618911e-06,-58.88265834610542,-28.882658346105423,cir_coefficients_tau_mask,,"[1, 1, 1, 1, 30, 1]","[1, 1, 30]","[1, 1, 30]","[1, 1, 30]",,True,,30,5.8000129588009486e-08,-28.882481607067582,0,0.0,-0.00017673903784043432,0,0,0,0,0,0,0,0,1.7112320123232851,1118,1921,3395,0.06693059004001227,0.0673657398882493,0.06987221945398259,1532,0,0.09605
57,14648,rx_ur5_base,/home/telilab4090/Documents/Gazebo World/my_world/rt_out/experiments/semantic_ablation_rigid_200f/sionna_xml/frame_057_sionna.xml,30.0,0.0,0.0,2.4,0.497,-0.841,0.995,28000000000.0,26,5.708055805797585e-09,6.370818539380707e-08,5.8000129588009486e-08,8.561930826544994e-07,-60.67428285234618,-30.67428285234618,cir_coefficients_tau_mask,,"[1, 1, 1, 1, 26, 1]","[1, 1, 26]","[1, 1, 26]","[1, 1, 26]",,True,,30,5.8000129588009486e-08,-28.882658346105423,-4,0.0,-1.7916245062407583,1,1,1,1,0,0,1,0,1.7112320123232851,1205,2099,3390,0.06689589125243653,0.06803135123002325,0.07037958341882163,1621,0,0.10495
58,14905,rx_ur5_base,/home/telilab4090/Documents/Gazebo World/my_world/rt_out/experiments/semantic_ablation_rigid_200f/sionna_xml/frame_058_sionna.xml,30.0,0.0,0.0,2.4,0.497,-0.841,0.995,28000000000.0,26,5.708055805797585e-09,6.370818539380707e-08,5.8000129588009486e-08,1.0111631354448036e-06,-59.95178772096441,-29.95178772096441,cir_coefficients_tau_mask,,"[1, 1, 1, 1, 26, 1]","[1, 1, 26]","[1, 1, 26]","[1, 1, 26]",,True,,26,5.8000129588009486e-08,-30.67428285234618,0,0.0,0.7224951313817698,0,0,0,0,0,0,0,0,1.7112320123232851,1133,1821,3319,0.06684780985050393,0.06756781568181183,0.06993208499170019,1545,0,0.09105
59,15162,rx_ur5_base,/home/telilab4090/Documents/Gazebo World/my_world/rt_out/experiments/semantic_ablation_rigid_200f/sionna_xml/frame_059_sionna.xml,30.0,0.0,0.0,2.4,0.497,-0.841,0.995,28000000000.0,26,5.708055805797585e-09,6.370818539380707e-08,5.8000129588009486e-08,1.0111518804478692e-06,-59.95183606143584,-29.95183606143584,cir_coefficients_tau_mask,,"[1, 1, 1, 1, 26, 1]","[1, 1, 26]","[1, 1, 26]","[1, 1, 26]",,True,,26,5.8000129588009486e-08,-29.95178772096441,0,0.0,-4.8340471430208254e-05,0,0,0,0,0,0,0,0,1.7112320123232851,1177,1838,3256,0.06685377385680585,0.06737632551393712,0.0689465962036878,1578,0,0.0919
60,15419,rx_ur5_base,/home/telilab4090/Documents/Gazebo World/my_world/rt_out/experiments/semantic_ablation_rigid_200f/sionna_xml/frame_060_sionna.xml,30.0,0.0,0.0,2.4,0.497,-0.841,0.995,28000000000.0,26,5.708055805797585e-09,6.370818539380707e-08,5.8000129588009486e-08,1.0111518804478692e-06,-59.95183606143584,-29.95183606143584,cir_coefficients_tau_mask,,"[1, 1, 1, 1, 26, 1]","[1, 1, 26]","[1, 1, 26]","[1, 1, 26]",,True,,26,5.8000129588009486e-08,-29.95183606143584,0,0.0,0.0,0,0,0,0,0,0,0,0,1.7112320123232851,1170,1869,3319,0.06684691104185841,0.06778419032092872,0.07058984758527558,1599,0,0.09345
61,15676,rx_ur5_base,/home/telilab4090/Documents/Gazebo World/my_world/rt_out/experiments/semantic_ablation_rigid_200f/sionna_xml/frame_061_sionna.xml,30.0,0.0,0.0,2.4,0.497,-0.841,0.995,28000000000.0,26,5.708055805797585e-09,6.370818539380707e-08,5.8000129588009486e-08,1.0111518804478692e-06,-59.95183606143584,-29.95183606143584,cir_coefficients_tau_mask,,"[1, 1, 1, 1, 26, 1]","[1, 1, 26]","[1, 1, 26]","[1, 1, 26]",,True,,26,5.8000129588009486e-08,-29.95183606143584,0,0.0,0.0,0,0,0,0,0,0,0,0,1.7112320123232851,1212,1867,3293,0.06692046302076217,0.06813776408804492,0.07068033633188724,1591,0,0.09335
62,15933,rx_ur5_base,/home/telilab4090/Documents/Gazebo World/my_world/rt_out/experiments/semantic_ablation_rigid_200f/sionna_xml/frame_062_sionna.xml,30.0,0.0,0.0,2.4,0.497,-0.841,0.995,28000000000.0,26,5.708055805797585e-09,6.370818539380707e-08,5.8000129588009486e-08,1.0111518804478692e-06,-59.95183606143584,-29.95183606143584,cir_coefficients_tau_mask,,"[1, 1, 1, 1, 26, 1]","[1, 1, 26]","[1, 1, 26]","[1, 1, 26]",,True,,26,5.8000129588009486e-08,-29.95183606143584,0,0.0,0.0,0,0,0,0,0,0,0,0,1.7112320123232851,1226,1900,3260,0.06686023793019086,0.06747418977040215,0.06901973902728177,1632,0,0.095
63,16190,rx_ur5_base,/home/telilab4090/Documents/Gazebo World/my_world/rt_out/experiments/semantic_ablation_rigid_200f/sionna_xml/frame_063_sionna.xml,30.0,0.0,0.0,2.4,0.497,-0.841,0.995,28000000000.0,29,5.708055805797585e-09,6.370818539380707e-08,5.8000129588009486e-08,9.100099305214826e-07,-60.409538683963234,-30.409538683963234,cir_coefficients_tau_mask,,"[1, 1, 1, 1, 29, 1]","[1, 1, 29]","[1, 1, 29]","[1, 1, 29]",,True,,26,5.8000129588009486e-08,-29.95183606143584,3,0.0,-0.4577026225273926,1,0,0,0,0,0,0,0,1.7112320123232851,989,1527,3199,0.06708790477115457,0.06797012578300497,0.07076655900302434,1527,0,0.07635
64,16447,rx_ur5_base,/home/telilab4090/Documents/Gazebo World/my_world/rt_out/experiments/semantic_ablation_rigid_200f/sionna_xml/frame_064_sionna.xml,30.0,0.0,0.0,2.4,0.497,-0.841,0.995,28000000000.0,30,5.708055805797585e-09,6.370818539380707e-08,5.8000129588009486e-08,1.0000600241255597e-06,-59.99973932635815,-29.999739326358153,cir_coefficients_tau_mask,,"[1, 1, 1, 1, 30, 1]","[1, 1, 30]","[1, 1, 30]","[1, 1, 30]",,True,,29,5.8000129588009486e-08,-30.409538683963234,1,0.0,0.4097993576050811,1,0,0,0,0,0,0,0,1.7112320123232851,1175,1633,3360,0.06687441531518847,0.06761918832845842,0.06990213094150204,1633,0,0.08165
65,16704,rx_ur5_base,/home/telilab4090/Documents/Gazebo World/my_world/rt_out/experiments/semantic_ablation_rigid_200f/sionna_xml/frame_065_sionna.xml,30.0,0.0,0.0,2.4,0.497,-0.841,0.995,28000000000.0,22,5.708055805797585e-09,6.370818539380707e-08,5.8000129588009486e-08,4.757503688779252e-07,-63.22620866306133,-33.22620866306133,cir_coefficients_tau_mask,,"[1, 1, 1, 1, 22, 1]","[1, 1, 22]","[1, 1, 22]","[1, 1, 22]",,True,,30,5.8000129588009486e-08,-29.999739326358153,-8,0.0,-3.2264693367031754,1,1,1,1,1,0,1,1,1.7112320123232851,1604,2993,3302,0.02181696228453103,0.03011724305215019,0.03567072313708213,1613,0,0.14965
66,16961,rx_ur5_base,/home/telilab4090/Documents/Gazebo World/my_world/rt_out/experiments/semantic_ablation_rigid_200f/sionna_xml/frame_066_sionna.xml,30.0,0.0,0.0,2.4,0.497,-0.841,0.995,28000000000.0,18,5.708055805797585e-09,5.930293767164585e-08,5.3594881865848265e-08,6.906813041496207e-07,-61.60722299625163,-31.60722299625163,cir_coefficients_tau_mask,,"[1, 1, 1, 1, 18, 1]","[1, 1, 18]","[1, 1, 18]","[1, 1, 18]",,True,,22,5.8000129588009486e-08,-33.22620866306133,-4,-4.405247722161221e-09,1.6189856668096994,1,1,0,0,0,0,0,0,1.7112320123232851,1816,3166,3209,0.015351060367000546,0.029264028901817046,0.03391632695033026,1564,0,0.1583
67,17218,rx_ur5_base,/home/telilab4090/Documents/Gazebo World/my_world/rt_out/experiments/semantic_ablation_rigid_200f/sionna_xml/frame_067_sionna.xml,30.0,0.0,0.0,2.4,0.497,-0.841,0.995,28000000000.0,18,5.708055805797585e-09,5.930293767164585e-08,5.3594881865848265e-08,6.896149216117919e-07,-61.613933499914175,-31.613933499914175,cir_coefficients_tau_mask,,"[1, 1, 1, 1, 18, 1]","[1, 1, 18]","[1, 1, 18]","[1, 1, 18]",,True,,18,5.3594881865848265e-08,-31.60722299625163,0,0.0,-0.00671050366254633,0,0,0,0,0,0,0,0,1.7112320123232851,1708,3177,3224,0.021119997600537965,0.033539598985096356,0.0403456382365669,1596,0,0.15885
68,17475,rx_ur5_base,/home/telilab4090/Documents/Gazebo World/my_world/rt_out/experiments/semantic_ablation_rigid_200f/sionna_xml/frame_068_sionna.xml,30.0,0.0,0.0,2.4,0.497,-0.841,0.995,28000000000.0,18,5.708055805797585e-09,5.930293767164585e-08,5.3594881865848265e-08,6.896149216117919e-07,-61.613933499914175,-31.613933499914175,cir_coefficients_tau_mask,,"[1, 1, 1, 1, 18, 1]","[1, 1, 18]","[1, 1, 18]","[1, 1, 18]",,True,,18,5.3594881865848265e-08,-31.613933499914175,0,0.0,0.0,0,0,0,0,0,0,0,0,1.7112320123232851,1673,3195,3246,0.02606934802797293,0.0393732665948512,0.04399467945238105,1592,0,0.15975
69,17732,rx_ur5_base,/home/telilab4090/Documents/Gazebo World/my_world/rt_out/experiments/semantic_ablation_rigid_200f/sionna_xml/frame_069_sionna.xml,30.0,0.0,0.0,2.4,0.497,-0.841,0.995,28000000000.0,15,2.8585452227503083e-08,5.930293767164585e-08,3.071748544414277e-08,1.462365339932603e-09,-88.34944114864071,-58.34944114864071,cir_coefficients_tau_mask,,"[1, 1, 1, 1, 15, 1]","[1, 1, 15]","[1, 1, 15]","[1, 1, 15]",,True,,18,5.3594881865848265e-08,-31.613933499914175,-3,-2.2877396421705498e-08,-26.735507648726532,1,1,1,1,1,0,1,1,1.7112320123232851,1797,3171,3219,0.0020565698829685735,0.005372392745545486,0.010427392292447778,1598,0,0.15855
70,17989,rx_ur5_base,/home/telilab4090/Documents/Gazebo World/my_world/rt_out/experiments/semantic_ablation_rigid_200f/sionna_xml/frame_070_sionna.xml,30.0,0.0,0.0,2.4,0.497,-0.841,0.995,28000000000.0,15,2.8585452227503083e-08,5.930293767164585e-08,3.071748544414277e-08,1.4623647848210908e-09,-88.34944279721583,-58.34944279721583,cir_coefficients_tau_mask,,"[1, 1, 1, 1, 15, 1]","[1, 1, 15]","[1, 1, 15]","[1, 1, 15]",,True,,15,3.071748544414277e-08,-58.34944114864071,0,0.0,-1.6485751217487632e-06,0,0,0,0,0,0,0,0,1.7112320123232851,1786,3211,3255,0.0035702326027016087,0.008648234651941807,0.015232789785078448,1548,0,0.16055
71,18246,rx_ur5_base,/home/telilab4090/Documents/Gazebo World/my_world/rt_out/experiments/semantic_ablation_rigid_200f/sionna_xml/frame_071_sionna.xml,30.0,0.0,0.0,2.4,0.497,-0.841,0.995,28000000000.0,15,2.8585452227503083e-08,5.930293767164585e-08,3.071748544414277e-08,1.4623648958433932e-09,-88.34944246750075,-58.34944246750075,cir_coefficients_tau_mask,,"[1, 1, 1, 1, 15, 1]","[1, 1, 15]","[1, 1, 15]","[1, 1, 15]",,True,,15,3.071748544414277e-08,-58.34944279721583,0,0.0,3.2971507835100056e-07,0,0,0,0,0,0,0,0,1.7112320123232851,1846,3199,3239,0.0035335508684555227,0.006632247181058938,0.011445748084359476,1569,0,0.15995
72,18503,rx_ur5_base,/home/telilab4090/Documents/Gazebo World/my_world/rt_out/experiments/semantic_ablation_rigid_200f/sionna_xml/frame_072_sionna.xml,30.0,0.0,0.0,2.4,0.497,-0.841,0.995,28000000000.0,15,2.8585452227503083e-08,5.930293767164585e-08,3.071748544414277e-08,1.4623651178879982e-09,-88.34944180807068,-58.34944180807068,cir_coefficients_tau_mask,,"[1, 1, 1, 1, 15, 1]","[1, 1, 15]","[1, 1, 15]","[1, 1, 15]",,True,,15,3.071748544414277e-08,-58.34944246750075,0,0.0,6.594300714368728e-07,0,0,0,0,0,0,0,0,1.7112320123232851,1776,3183,3231,0.0015353160241271754,0.005704502518780651,0.012230420063752898,1545,0,0.15915
73,18760,rx_ur5_base,/home/telilab4090/Documents/Gazebo World/my_world/rt_out/experiments/semantic_ablation_rigid_200f/sionna_xml/frame_073_sionna.xml,30.0,0.0,0.0,2.4,0.497,-0.841,0.995,28000000000.0,15,2.8585452227503083e-08,5.930293767164585e-08,3.071748544414277e-08,1.462365339932603e-09,-88.34944114864071,-58.34944114864071,cir_coefficients_tau_mask,,"[1, 1, 1, 1, 15, 1]","[1, 1, 15]","[1, 1, 15]","[1, 1, 15]",,True,,15,3.071748544414277e-08,-58.34944180807068,0,0.0,6.594299719608898e-07,0,0,0,0,0,0,0,0,1.7112320123232851,1793,3141,3195,0.00162078287374572,0.006838190316013189,0.011761737842886808,1546,0,0.15705
74,19017,rx_ur5_base,/home/telilab4090/Documents/Gazebo World/my_world/rt_out/experiments/semantic_ablation_rigid_200f/sionna_xml/frame_074_sionna.xml,30.0,0.0,0.0,2.4,0.497,-0.841,0.995,28000000000.0,15,2.8585452227503083e-08,5.930293767164585e-08,3.071748544414277e-08,1.4623654509549056e-09,-88.34944081892574,-58.34944081892574,cir_coefficients_tau_mask,,"[1, 1, 1, 1, 15, 1]","[1, 1, 15]","[1, 1, 15]","[1, 1, 15]",,True,,15,3.071748544414277e-08,-58.34944114864071,0,0.0,3.2971496466416284e-07,0,0,0,0,0,0,0,0,1.7112320123232851,1841,3222,3256,0.0013726955997464417,0.0059465607520229734,0.011714658537525862,1586,0,0.1611
75,19274,rx_ur5_base,/home/telilab4090/Documents/Gazebo World/my_world/rt_out/experiments/semantic_ablation_rigid_200f/sionna_xml/frame_075_sionna.xml,30.0,0.0,0.0,2.4,0.497,-0.841,0.995,28000000000.0,17,2.8585452227503083e-08,5.930293767164585e-08,3.071748544414277e-08,1.541647698388715e-09,-88.12014861127287,-58.12014861127287,cir_coefficients_tau_mask,,"[1, 1, 1, 1, 17, 1]","[1, 1, 17]","[1, 1, 17]","[1, 1, 17]",,True,,15,3.071748544414277e-08,-58.34944081892574,2,0.0,0.2292922076528754,1,0,0,0,0,0,0,0,1.7112320123232851,1582,3244,3294,0.013846649605290659,0.018873874373345048,0.023211833507881013,1589,0,0.1622
76,19531,rx_ur5_base,/home/telilab4090/Documents/Gazebo World/my_world/rt_out/experiments/semantic_ablation_rigid_200f/sionna_xml/frame_076_sionna.xml,30.0,0.0,0.0,2.4,0.497,-0.841,0.995,28000000000.0,19,2.8585452227503083e-08,6.370818539380707e-08,3.512273316630399e-08,1.7720580558489019e-09,-87.51522053937794,-57.515220539377935,cir_coefficients_tau_mask,,"[1, 1, 1, 1, 19, 1]","[1, 1, 19]","[1, 1, 19]","[1, 1, 19]",,True,,17,3.071748544414277e-08,-58.12014861127287,2,4.405247722161221e-09,0.6049280718949319,1,0,0,0,0,1,1,1,1.7112320123232851,1569,3009,3185,0.0009935435504914894,0.005061552700084114,0.010144436401544086,1575,0,0.15045
77,19788,rx_ur5_base,/home/telilab4090/Documents/Gazebo World/my_world/rt_out/experiments/semantic_ablation_rigid_200f/sionna_xml/frame_077_sionna.xml,30.0,0.0,0.0,2.4,0.497,-0.841,0.995,28000000000.0,19,2.8585452227503083e-08,6.370818539380707e-08,3.512273316630399e-08,1.7720580558489019e-09,-87.51522053937794,-57.515220539377935,cir_coefficients_tau_mask,,"[1, 1, 1, 1, 19, 1]","[1, 1, 19]","[1, 1, 19]","[1, 1, 19]",,True,,19,3.512273316630399e-08,-57.515220539377935,0,0.0,0.0,0,0,0,0,0,0,0,0,1.7112320123232851,1556,2668,3215,0.0053667395621826396,0.009834895386215469,0.014937235041241136,1563,0,0.1334
78,20045,rx_ur5_base,/home/telilab4090/Documents/Gazebo World/my_world/rt_out/experiments/semantic_ablation_rigid_200f/sionna_xml/frame_078_sionna.xml,30.0,0.0,0.0,2.4,0.497,-0.841,0.995,28000000000.0,23,1.9024808395329273e-08,6.370818539380707e-08,4.46833769984778e-08,1.842872299206988e-09,-87.34504757928632,-57.345047579286316,cir_coefficients_tau_mask,,"[1, 1, 1, 1, 23, 1]","[1, 1, 23]","[1, 1, 23]","[1, 1, 23]",,True,,19,3.512273316630399e-08,-57.515220539377935,4,9.56064383217381e-09,0.17017296009161953,1,0,0,0,0,1,1,1,1.7112320123232851,1617,2625,3236,0.006646861785067312,0.009887027453232718,0.015615793639230437,1627,0,0.13125
79,20302,rx_ur5_base,/home/telilab4090/Documents/Gazebo World/my_world/rt_out/experiments/semantic_ablation_rigid_200f/sionna_xml/frame_079_sionna.xml,30.0,0.0,0.0,2.4,0.497,-0.841,0.995,28000000000.0,23,1.9024808395329273e-08,6.370818539380707e-08,4.46833769984778e-08,1.8428726322738953e-09,-87.34504679437514,-57.345046794375136,cir_coefficients_tau_mask,,"[1, 1, 1, 1, 23, 1]","[1, 1, 23]","[1, 1, 23]","[1, 1, 23]",,True,,23,4.46833769984778e-08,-57.345047579286316,0,0.0,7.849111796076613e-07,0,0,0,0,0,0,0,0,1.7112320123232851,1578,2638,3280,0.004535296624152971,0.009822254635508672,0.013981246805905819,1588,0,0.1319
80,20559,rx_ur5_base,/home/telilab4090/Documents/Gazebo World/my_world/rt_out/experiments/semantic_ablation_rigid_200f/sionna_xml/frame_080_sionna.xml,30.0,0.0,0.0,2.4,0.497,-0.841,0.995,28000000000.0,23,1.9024808395329273e-08,6.370818539380707e-08,4.46833769984778e-08,1.842872299206988e-09,-87.34504757928632,-57.345047579286316,cir_coefficients_tau_mask,,"[1, 1, 1, 1, 23, 1]","[1, 1, 23]","[1, 1, 23]","[1, 1, 23]",,True,,23,4.46833769984778e-08,-57.345046794375136,0,0.0,-7.849111796076613e-07,0,0,0,0,0,0,0,0,1.7112320123232851,1577,2610,3264,0.0019948957709535254,0.009362021635737358,0.01658528779638089,1586,0,0.1305
81,20816,rx_ur5_base,/home/telilab4090/Documents/Gazebo World/my_world/rt_out/experiments/semantic_ablation_rigid_200f/sionna_xml/frame_081_sionna.xml,30.0,0.0,0.0,2.4,0.497,-0.841,0.995,28000000000.0,27,5.708055805797585e-09,6.370818539380707e-08,5.8000129588009486e-08,7.014158427409711e-07,-61.5402442902013,-31.5402442902013,cir_coefficients_tau_mask,,"[1, 1, 1, 1, 27, 1]","[1, 1, 27]","[1, 1, 27]","[1, 1, 27]",,True,,23,4.46833769984778e-08,-57.345047579286316,4,1.3316752589531688e-08,25.804803289085015,1,0,0,0,0,1,1,1,1.7112320123232851,1543,1923,3190,0.04820184726079192,0.06519632640950253,0.06744643963371783,1554,0,0.09615
82,21073,rx_ur5_base,/home/telilab4090/Documents/Gazebo World/my_world/rt_out/experiments/semantic_ablation_rigid_200f/sionna_xml/frame_082_sionna.xml,30.0,0.0,0.0,2.4,0.497,-0.841,0.995,28000000000.0,29,5.708055805797585e-09,6.370818539380707e-08,5.8000129588009486e-08,9.249550885215285e-07,-60.33879354051018,-30.33879354051018,cir_coefficients_tau_mask,,"[1, 1, 1, 1, 29, 1]","[1, 1, 29]","[1, 1, 29]","[1, 1, 29]",,True,,27,5.8000129588009486e-08,-31.5402442902013,2,0.0,1.2014507496911193,1,0,0,0,0,0,0,0,1.7112320123232851,1577,1687,3243,0.06692387695851496,0.06771638314510099,0.06954428546099677,1600,0,0.08435
83,21330,rx_ur5_base,/home/telilab4090/Documents/Gazebo World/my_world/rt_out/experiments/semantic_ablation_rigid_200f/sionna_xml/frame_083_sionna.xml,30.0,0.0,0.0,2.4,0.497,-0.841,0.995,28000000000.0,30,5.708055805797585e-09,6.370818539380707e-08,5.8000129588009486e-08,1.0583249832052388e-06,-59.753809516386234,-29.753809516386234,cir_coefficients_tau_mask,,"[1, 1, 1, 1, 30, 1]","[1, 1, 30]","[1, 1, 30]","[1, 1, 30]",,True,,29,5.8000129588009486e-08,-30.33879354051018,1,0.0,0.5849840241239477,1,0,0,0,0,0,0,0,1.7112320123232851,1518,1590,3186,0.06684783773275949,0.06813651315810611,0.0714647715914224,1560,0,0.0795
84,21587,rx_ur5_base,/home/telilab4090/Documents/Gazebo World/my_world/rt_out/experiments/semantic_ablation_rigid_200f/sionna_xml/frame_084_sionna.xml,30.0,0.0,0.0,2.4,0.497,-0.841,0.995,28000000000.0,30,5.708055805797585e-09,6.370818539380707e-08,5.8000129588009486e-08,1.0583421499177348e-06,-59.75373907159694,-29.75373907159694,cir_coefficients_tau_mask,,"[1, 1, 1, 1, 30, 1]","[1, 1, 30]","[1, 1, 30]","[1, 1, 30]",,True,,30,5.8000129588009486e-08,-29.753809516386234,0,0.0,7.044478929429943e-05,0,0,0,0,0,0,0,0,1.7112320123232851,1495,1573,3146,0.06691976514626721,0.06786578524223782,0.07023977342690343,1546,0,0.07865
85,21844,rx_ur5_base,/home/telilab4090/Documents/Gazebo World/my_world/rt_out/experiments/semantic_ablation_rigid_200f/sionna_xml/frame_085_sionna.xml,30.0,0.0,0.0,2.4,0.497,-0.841,0.995,28000000000.0,30,5.708055805797585e-09,6.370818539380707e-08,5.8000129588009486e-08,1.058342036230897e-06,-59.75373953811497,-29.75373953811497,cir_coefficients_tau_mask,,"[1, 1, 1, 1, 30, 1]","[1, 1, 30]","[1, 1, 30]","[1, 1, 30]",,True,,30,5.8000129588009486e-08,-29.75373907159694,0,0.0,-4.6651803131680936e-07,0,0,0,0,0,0,0,0,1.7112320123232851,1583,1659,3270,0.06691009146459123,0.06743206183096423,0.06952750695167971,1628,0,0.08295
86,22101,rx_ur5_base,/home/telilab4090/Documents/Gazebo World/my_world/rt_out/experiments/semantic_ablation_rigid_200f/sionna_xml/frame_086_sionna.xml,30.0,0.0,0.0,2.4,0.497,-0.841,0.995,28000000000.0,29,5.708055805797585e-09,6.370818539380707e-08,5.8000129588009486e-08,1.0583000857877778e-06,-59.7539116866872,-29.753911686687204,cir_coefficients_tau_mask,,"[1, 1, 1, 1, 29, 1]","[1, 1, 29]","[1, 1, 29]","[1, 1, 29]",,True,,30,5.8000129588009486e-08,-29.75373953811497,-1,0.0,-0.00017214857223279978,1,1,0,0,0,0,0,0,1.7112320123232851,1512,1601,3183,0.06683875371852796,0.06760418543537319,0.06923314184917008,1566,0,0.08005
87,22358,rx_ur5_base,/home/telilab4090/Documents/Gazebo World/my_world/rt_out/experiments/semantic_ablation_rigid_200f/sionna_xml/frame_087_sionna.xml,30.0,0.0,0.0,2.4,0.497,-0.841,0.995,28000000000.0,29,5.708055805797585e-09,6.370818539380707e-08,5.8000129588009486e-08,1.05829997210094e-06,-59.753912153223766,-29.753912153223766,cir_coefficients_tau_mask,,"[1, 1, 1, 1, 29, 1]","[1, 1, 29]","[1, 1, 29]","[1, 1, 29]",,True,,29,5.8000129588009486e-08,-29.753911686687204,0,0.0,-4.66536562271358e-07,0,0,0,0,0,0,0,0,1.7112320123232851,1506,1597,3237,0.06709446111152645,0.06797831755444102,0.07046533885800209,1559,0,0.07985
88,22615,rx_ur5_base,/home/telilab4090/Documents/Gazebo World/my_world/rt_out/experiments/semantic_ablation_rigid_200f/sionna_xml/frame_088_sionna.xml,30.0,0.0,0.0,2.4,0.497,-0.841,0.995,28000000000.0,28,5.708055805797585e-09,6.370818539380707e-08,5.8000129588009486e-08,9.248445280718443e-07,-60.33931268639865,-30.33931268639865,cir_coefficients_tau_mask,,"[1, 1, 1, 1, 28, 1]","[1, 1, 28]","[1, 1, 28]","[1, 1, 28]",,True,,29,5.8000129588009486e-08,-29.753912153223766,-1,0.0,-0.5854005331748837,1,1,1,0,0,0,0,0,1.7112320123232851,1503,1573,3219,0.06686099775414206,0.06742484372490459,0.06924041854982292,1573,0,0.07865
89,22872,rx_ur5_base,/home/telilab4090/Documents/Gazebo World/my_world/rt_out/experiments/semantic_ablation_rigid_200f/sionna_xml/frame_089_sionna.xml,30.0,0.0,0.0,2.4,0.497,-0.841,0.995,28000000000.0,28,5.708055805797585e-09,6.370818539380707e-08,5.8000129588009486e-08,9.248057608601812e-07,-60.33949473579693,-30.339494735796933,cir_coefficients_tau_mask,,"[1, 1, 1, 1, 28, 1]","[1, 1, 28]","[1, 1, 28]","[1, 1, 28]",,True,,28,5.8000129588009486e-08,-30.33931268639865,0,0.0,-0.0001820493982833682,0,0,0,0,0,0,0,0,1.7112320123232851,1543,2000,3248,0.06683875407592337,0.06865187631404149,0.07139181790454865,1871,0,0.1
90,23129,rx_ur5_base,/home/telilab4090/Documents/Gazebo World/my_world/rt_out/experiments/semantic_ablation_rigid_200f/sionna_xml/frame_090_sionna.xml,30.0,0.0,0.0,2.4,0.497,-0.841,0.995,28000000000.0,28,5.708055805797585e-09,6.370818539380707e-08,5.8000129588009486e-08,9.248058177036e-07,-60.33949446885674,-30.339494468856742,cir_coefficients_tau_mask,,"[1, 1, 1, 1, 28, 1]","[1, 1, 28]","[1, 1, 28]","[1, 1, 28]",,True,,28,5.8000129588009486e-08,-30.339494735796933,0,0.0,2.669401908406144e-07,0,0,0,0,0,0,0,0,1.7112320123232851,1537,2080,3284,0.06682529402512928,0.06853886790042954,0.07118188940372751,1980,0,0.104
91,23386,rx_ur5_base,/home/telilab4090/Documents/Gazebo World/my_world/rt_out/experiments/semantic_ablation_rigid_200f/sionna_xml/frame_091_sionna.xml,30.0,0.0,0.0,2.4,0.497,-0.841,0.995,28000000000.0,28,5.708055805797585e-09,6.370818539380707e-08,5.8000129588009486e-08,9.248058177036e-07,-60.33949446885674,-30.339494468856742,cir_coefficients_tau_mask,,"[1, 1, 1, 1, 28, 1]","[1, 1, 28]","[1, 1, 28]","[1, 1, 28]",,True,,28,5.8000129588009486e-08,-30.339494468856742,0,0.0,0.0,0,0,0,0,0,0,0,0,1.7112320123232851,1487,1976,3187,0.06685475585063855,0.06746837427514445,0.06941513912008343,1888,0,0.0988
92,23643,rx_ur5_base,/home/telilab4090/Documents/Gazebo World/my_world/rt_out/experiments/semantic_ablation_rigid_200f/sionna_xml/frame_092_sionna.xml,30.0,0.0,0.0,2.4,0.497,-0.841,0.995,28000000000.0,28,5.708055805797585e-09,6.370818539380707e-08,5.8000129588009486e-08,9.246225545211928e-07,-60.34035516927976,-30.34035516927976,cir_coefficients_tau_mask,,"[1, 1, 1, 1, 28, 1]","[1, 1, 28]","[1, 1, 28]","[1, 1, 28]",,True,,28,5.8000129588009486e-08,-30.339494468856742,0,0.0,-0.0008607004230185566,0,0,0,0,0,0,0,0,1.7112320123232851,1536,2022,3243,0.06684720538973389,0.06838584344556929,0.07156376665899772,1939,0,0.1011
93,23900,rx_ur5_base,/home/telilab4090/Documents/Gazebo World/my_world/rt_out/experiments/semantic_ablation_rigid_200f/sionna_xml/frame_093_sionna.xml,30.0,0.0,0.0,2.4,0.497,-0.841,0.995,28000000000.0,28,5.708055805797585e-09,6.370818539380707e-08,5.8000129588009486e-08,9.246224976777739e-07,-60.340355436272866,-30.340355436272866,cir_coefficients_tau_mask,,"[1, 1, 1, 1, 28, 1]","[1, 1, 28]","[1, 1, 28]","[1, 1, 28]",,True,,28,5.8000129588009486e-08,-30.34035516927976,0,0.0,-2.6699310495814643e-07,0,0,0,0,0,0,0,0,1.7112320123232851,1575,2078,3309,0.0670911632990602,0.06835208042263582,0.07082090207508612,1959,0,0.1039
94,24157,rx_ur5_base,/home/telilab4090/Documents/Gazebo World/my_world/rt_out/experiments/semantic_ablation_rigid_200f/sionna_xml/frame_094_sionna.xml,30.0,0.0,0.0,2.4,0.497,-0.841,0.995,28000000000.0,28,5.708055805797585e-09,6.370818539380707e-08,5.8000129588009486e-08,9.246225545211928e-07,-60.34035516927976,-30.34035516927976,cir_coefficients_tau_mask,,"[1, 1, 1, 1, 28, 1]","[1, 1, 28]","[1, 1, 28]","[1, 1, 28]",,True,,28,5.8000129588009486e-08,-30.340355436272866,0,0.0,2.6699310495814643e-07,0,0,0,0,0,0,0,0,1.7112320123232851,1567,2052,3212,0.06693163757682773,0.0684492675118347,0.07107577452375996,1963,0,0.1026
95,24414,rx_ur5_base,/home/telilab4090/Documents/Gazebo World/my_world/rt_out/experiments/semantic_ablation_rigid_200f/sionna_xml/frame_095_sionna.xml,30.0,0.0,0.0,2.4,0.497,-0.841,0.995,28000000000.0,27,5.708055805797585e-09,6.370818539380707e-08,5.8000129588009486e-08,9.244969874089293e-07,-60.34094499706333,-30.340944997063332,cir_coefficients_tau_mask,,"[1, 1, 1, 1, 27, 1]","[1, 1, 27]","[1, 1, 27]","[1, 1, 27]",,True,,28,5.8000129588009486e-08,-30.34035516927976,-1,0.0,-0.0005898277835711951,1,1,0,0,0,0,0,0,1.7112320123232851,1519,2086,3311,0.06691956278400589,0.06779736224990507,0.07024680287210626,2033,0,0.1043
96,24671,rx_ur5_base,/home/telilab4090/Documents/Gazebo World/my_world/rt_out/experiments/semantic_ablation_rigid_200f/sionna_xml/frame_096_sionna.xml,30.0,0.0,0.0,2.4,0.497,-0.841,0.995,28000000000.0,27,5.708055805797585e-09,6.370818539380707e-08,5.8000129588009486e-08,9.242135092790704e-07,-60.342276876648846,-30.342276876648846,cir_coefficients_tau_mask,,"[1, 1, 1, 1, 27, 1]","[1, 1, 27]","[1, 1, 27]","[1, 1, 27]",,True,,27,5.8000129588009486e-08,-30.340944997063332,0,0.0,-0.001331879585514173,0,0,0,0,0,0,0,0,1.7112320123232851,1473,2166,3172,0.06698894720060726,0.0691715662195334,0.07223945270396234,2124,0,0.1083
97,24928,rx_ur5_base,/home/telilab4090/Documents/Gazebo World/my_world/rt_out/experiments/semantic_ablation_rigid_200f/sionna_xml/frame_097_sionna.xml,30.0,0.0,0.0,2.4,0.497,-0.841,0.995,28000000000.0,27,5.708055805797585e-09,6.370818539380707e-08,5.8000129588009486e-08,9.243207728104608e-07,-60.341772866955374,-30.341772866955374,cir_coefficients_tau_mask,,"[1, 1, 1, 1, 27, 1]","[1, 1, 27]","[1, 1, 27]","[1, 1, 27]",,True,,27,5.8000129588009486e-08,-30.342276876648846,0,0.0,0.000504009693472085,0,0,0,0,0,0,0,0,1.7112320123232851,1519,2244,3264,0.06684573736353765,0.06751146253199322,0.06988024221657937,2184,0,0.1122
98,25185,rx_ur5_base,/home/telilab4090/Documents/Gazebo World/my_world/rt_out/experiments/semantic_ablation_rigid_200f/sionna_xml/frame_098_sionna.xml,30.0,0.0,0.0,2.4,0.497,-0.841,0.995,28000000000.0,24,5.708055805797585e-09,5.930293767164585e-08,5.3594881865848265e-08,9.242396572517464e-07,-60.34215400720911,-30.34215400720911,cir_coefficients_tau_mask,,"[1, 1, 1, 1, 24, 1]","[1, 1, 24]","[1, 1, 24]","[1, 1, 24]",,True,,27,5.8000129588009486e-08,-30.341772866955374,-3,-4.405247722161221e-09,-0.00038114025373658933,1,1,0,0,0,0,0,0,1.7112320123232851,1567,2329,3276,0.06684674518001668,0.06742664744311101,0.06911711601171876,2264,0,0.11645
99,25442,rx_ur5_base,/home/telilab4090/Documents/Gazebo World/my_world/rt_out/experiments/semantic_ablation_rigid_200f/sionna_xml/frame_099_sionna.xml,30.0,0.0,0.0,2.4,0.497,-0.841,0.995,28000000000.0,26,5.708055805797585e-09,5.930293767164585e-08,5.3594881865848265e-08,9.24333335206029e-07,-60.341713842619214,-30.341713842619214,cir_coefficients_tau_mask,,"[1, 1, 1, 1, 26, 1]","[1, 1, 26]","[1, 1, 26]","[1, 1, 26]",,True,,24,5.3594881865848265e-08,-30.34215400720911,2,0.0,0.0004401645898965967,1,0,0,0,0,0,0,0,1.7112320123232851,1526,2278,3306,0.0669103162950789,0.0678628125420938,0.07020857418833627,2224,0,0.1139
100,25698,rx_ur5_base,/home/telilab4090/Documents/Gazebo World/my_world/rt_out/experiments/semantic_ablation_rigid_200f/sionna_xml/frame_100_sionna.xml,30.0,0.0,0.0,2.4,0.497,-0.841,0.995,28000000000.0,17,2.8585452227503083e-08,5.930293767164585e-08,3.071748544414277e-08,1.541647698388715e-09,-88.12014861127287,-58.12014861127287,cir_coefficients_tau_mask,,"[1, 1, 1, 1, 17, 1]","[1, 1, 17]","[1, 1, 17]","[1, 1, 17]",,True,,26,5.3594881865848265e-08,-30.341713842619214,-9,-2.2877396421705498e-08,-27.778434768653653,1,1,1,1,1,0,1,1,1.7112320123232851,1645,2973,3294,0.02090001736062016,0.024639311605695855,0.026800740922085592,2677,0,0.14865
101,25955,rx_ur5_base,/home/telilab4090/Documents/Gazebo World/my_world/rt_out/experiments/semantic_ablation_rigid_200f/sionna_xml/frame_101_sionna.xml,30.0,0.0,0.0,2.4,0.497,-0.841,0.995,28000000000.0,16,2.8585452227503083e-08,5.930293767164585e-08,3.071748544414277e-08,1.5044139267672563e-09,-88.22632654849363,-58.22632654849363,cir_coefficients_tau_mask,,"[1, 1, 1, 1, 16, 1]","[1, 1, 16]","[1, 1, 16]","[1, 1, 16]",,True,,17,3.071748544414277e-08,-58.12014861127287,-1,0.0,-0.10617793722076385,1,1,0,0,0,0,0,0,1.7112320123232851,1580,2885,3250,0.010974158932106213,0.014596260856159874,0.018918000833691603,2673,0,0.14425
102,26212,rx_ur5_base,/home/telilab4090/Documents/Gazebo World/my_world/rt_out/experiments/semantic_ablation_rigid_200f/sionna_xml/frame_102_sionna.xml,30.0,0.0,0.0,2.4,0.497,-0.841,0.995,28000000000.0,21,5.708055805797585e-09,5.930293767164585e-08,5.3594881865848265e-08,7.870848435231892e-07,-61.03978450502541,-31.03978450502541,cir_coefficients_tau_mask,,"[1, 1, 1, 1, 21, 1]","[1, 1, 21]","[1, 1, 21]","[1, 1, 21]",,True,,16,3.071748544414277e-08,-58.22632654849363,5,2.2877396421705498e-08,27.186542043468222,1,0,0,0,0,1,1,1,1.7112320123232851,1484,2641,3155,0.06295171872201674,0.06702116570439731,0.0690635360677147,2631,0,0.13205
103,26469,rx_ur5_base,/home/telilab4090/Documents/Gazebo World/my_world/rt_out/experiments/semantic_ablation_rigid_200f/sionna_xml/frame_103_sionna.xml,30.0,0.0,0.0,2.4,0.497,-0.841,0.995,28000000000.0,28,5.708055805797585e-09,5.930293767164585e-08,5.3594881865848265e-08,7.863046107559057e-07,-61.04409177697623,-31.04409177697623,cir_coefficients_tau_mask,,"[1, 1, 1, 1, 28, 1]","[1, 1, 28]","[1, 1, 28]","[1, 1, 28]",,True,,21,5.3594881865848265e-08,-31.03978450502541,7,0.0,-0.0043072719508217006,1,0,0,0,0,0,0,0,1.7112320123232851,1142,2466,3286,0.06689324503953044,0.06773398389025631,0.0702126697530075,2466,0,0.1233
104,26726,rx_ur5_base,/home/telilab4090/Documents/Gazebo World/my_world/rt_out/experiments/semantic_ablation_rigid_200f/sionna_xml/frame_104_sionna.xml,30.0,0.0,0.0,2.4,0.497,-0.841,0.995,28000000000.0,28,5.708055805797585e-09,5.930293767164585e-08,5.3594881865848265e-08,7.863038717914606e-07,-61.044095858452124,-31.044095858452124,cir_coefficients_tau_mask,,"[1, 1, 1, 1, 28, 1]","[1, 1, 28]","[1, 1, 28]","[1, 1, 28]",,True,,28,5.3594881865848265e-08,-31.04409177697623,0,0.0,-4.081475893258357e-06,0,0,0,0,0,0,0,0,1.7112320123232851,1126,2256,3219,0.06696623296434477,0.06787146372326135,0.07035769927126,2256,0,0.1128
105,26983,rx_ur5_base,/home/telilab4090/Documents/Gazebo World/my_world/rt_out/experiments/semantic_ablation_rigid_200f/sionna_xml/frame_105_sionna.xml,30.0,0.0,0.0,2.4,0.497,-0.841,0.995,28000000000.0,28,5.708055805797585e-09,5.930293767164585e-08,5.3594881865848265e-08,7.863038149480417e-07,-61.04409617241197,-31.04409617241197,cir_coefficients_tau_mask,,"[1, 1, 1, 1, 28, 1]","[1, 1, 28]","[1, 1, 28]","[1, 1, 28]",,True,,28,5.3594881865848265e-08,-31.044095858452124,0,0.0,-3.1395984478876926e-07,0,0,0,0,0,0,0,0,1.7112320123232851,1061,2203,3202,0.0669048023524205,0.06809943910757127,0.07066537132907712,2203,0,0.11015
106,27240,rx_ur5_base,/home/telilab4090/Documents/Gazebo World/my_world/rt_out/experiments/semantic_ablation_rigid_200f/sionna_xml/frame_106_sionna.xml,30.0,0.0,0.0,2.4,0.497,-0.841,0.995,28000000000.0,28,5.708055805797585e-09,5.930293767164585e-08,5.3594881865848265e-08,7.863038717914606e-07,-61.044095858452124,-31.044095858452124,cir_coefficients_tau_mask,,"[1, 1, 1, 1, 28, 1]","[1, 1, 28]","[1, 1, 28]","[1, 1, 28]",,True,,28,5.3594881865848265e-08,-31.04409617241197,0,0.0,3.1395984478876926e-07,0,0,0,0,0,0,0,0,1.7112320123232851,1085,2206,3217,0.06692110602301947,0.06792610661882018,0.07050703238650476,2206,0,0.1103
107,27497,rx_ur5_base,/home/telilab4090/Documents/Gazebo World/my_world/rt_out/experiments/semantic_ablation_rigid_200f/sionna_xml/frame_107_sionna.xml,30.0,0.0,0.0,2.4,0.497,-0.841,0.995,28000000000.0,28,5.708055805797585e-09,5.930293767164585e-08,5.3594881865848265e-08,9.164388643512211e-07,-60.37896501526093,-30.37896501526093,cir_coefficients_tau_mask,,"[1, 1, 1, 1, 28, 1]","[1, 1, 28]","[1, 1, 28]","[1, 1, 28]",,True,,28,5.3594881865848265e-08,-31.044095858452124,0,0.0,0.6651308431911929,0,0,0,0,0,0,0,0,1.7112320123232851,1533,2241,3185,0.06682545005194199,0.06810210139459608,0.07084375413546766,2230,0,0.11205
108,27754,rx_ur5_base,/home/telilab4090/Documents/Gazebo World/my_world/rt_out/experiments/semantic_ablation_rigid_200f/sionna_xml/frame_108_sionna.xml,30.0,0.0,0.0,2.4,0.497,-0.841,0.995,28000000000.0,15,2.8585448674789404e-08,5.930293767164585e-08,3.0717488996856446e-08,1.4623652289103006e-09,-88.34944147835569,-58.349441478355686,cir_coefficients_tau_mask,,"[1, 1, 1, 1, 15, 1]","[1, 1, 15]","[1, 1, 15]","[1, 1, 15]",,True,,28,5.3594881865848265e-08,-30.37896501526093,-13,-2.287739286899182e-08,-27.970476463094755,1,1,1,1,1,0,1,1,1.7112320123232851,1549,2993,3186,0.0022359957258805485,0.008520204106960996,0.012785597519547524,1555,0,0.14965
109,28011,rx_ur5_base,/home/telilab4090/Documents/Gazebo World/my_world/rt_out/experiments/semantic_ablation_rigid_200f/sionna_xml/frame_109_sionna.xml,30.0,0.0,0.0,2.4,0.497,-0.841,0.995,28000000000.0,17,5.708055805797585e-09,5.930293767164585e-08,5.3594881865848265e-08,4.6959650035205414e-07,-63.28275148309537,-33.28275148309537,cir_coefficients_tau_mask,,"[1, 1, 1, 1, 17, 1]","[1, 1, 17]","[1, 1, 17]","[1, 1, 17]",,True,,15,3.0717488996856446e-08,-58.349441478355686,2,2.287739286899182e-08,25.06668999526032,1,0,0,0,0,1,1,1,1.7112320123232851,1680,3237,3295,0.011791038224454639,0.025071859468280704,0.03242512212819833,1606,0,0.16185
110,28268,rx_ur5_base,/home/telilab4090/Documents/Gazebo World/my_world/rt_out/experiments/semantic_ablation_rigid_200f/sionna_xml/frame_110_sionna.xml,30.0,0.0,0.0,2.4,0.497,-0.841,0.995,28000000000.0,18,5.708055805797585e-09,5.930293767164585e-08,5.3594881865848265e-08,6.898487754369853e-07,-61.61246102293572,-31.61246102293572,cir_coefficients_tau_mask,,"[1, 1, 1, 1, 18, 1]","[1, 1, 18]","[1, 1, 18]","[1, 1, 18]",,True,,17,5.3594881865848265e-08,-33.28275148309537,1,0.0,1.6702904601596487,1,0,0,0,0,0,0,0,1.7112320123232851,1848,3262,3311,0.015848004607815065,0.028884820061099936,0.0357495475787877,1614,0,0.1631
111,28525,rx_ur5_base,/home/telilab4090/Documents/Gazebo World/my_world/rt_out/experiments/semantic_ablation_rigid_200f/sionna_xml/frame_111_sionna.xml,30.0,0.0,0.0,2.4,0.497,-0.841,0.995,28000000000.0,18,5.708055805797585e-09,5.930293767164585e-08,5.3594881865848265e-08,6.895603519296856e-07,-61.614277173590544,-31.614277173590544,cir_coefficients_tau_mask,,"[1, 1, 1, 1, 18, 1]","[1, 1, 18]","[1, 1, 18]","[1, 1, 18]",,True,,18,5.3594881865848265e-08,-31.61246102293572,0,0.0,-0.0018161506548253215,0,0,0,0,0,0,0,0,1.7112320123232851,1745,3253,3299,0.02130419425950974,0.03138484985687327,0.03877503120623041,1677,0,0.16265
112,28782,rx_ur5_base,/home/telilab4090/Documents/Gazebo World/my_world/rt_out/experiments/semantic_ablation_rigid_200f/sionna_xml/frame_112_sionna.xml,30.0,0.0,0.0,2.4,0.497,-0.841,0.995,28000000000.0,18,5.708055805797585e-09,5.930293767164585e-08,5.3594881865848265e-08,6.895604087731044e-07,-61.614276815582976,-31.614276815582976,cir_coefficients_tau_mask,,"[1, 1, 1, 1, 18, 1]","[1, 1, 18]","[1, 1, 18]","[1, 1, 18]",,True,,18,5.3594881865848265e-08,-31.614277173590544,0,0.0,3.5800756847947923e-07,0,0,0,0,0,0,0,0,1.7112320123232851,1664,3232,3280,0.024950225644704914,0.03421509165263439,0.03976317098437547,1564,0,0.1616
113,29039,rx_ur5_base,/home/telilab4090/Documents/Gazebo World/my_world/rt_out/experiments/semantic_ablation_rigid_200f/sionna_xml/frame_113_sionna.xml,30.0,0.0,0.0,2.4,0.497,-0.841,0.995,28000000000.0,18,5.708055805797585e-09,5.930293767164585e-08,5.3594881865848265e-08,6.895604087731044e-07,-61.614276815582976,-31.614276815582976,cir_coefficients_tau_mask,,"[1, 1, 1, 1, 18, 1]","[1, 1, 18]","[1, 1, 18]","[1, 1, 18]",,True,,18,5.3594881865848265e-08,-31.614276815582976,0,0.0,0.0,0,0,0,0,0,0,0,0,1.7112320123232851,1757,3318,3365,0.020835085331532492,0.03345313328578629,0.03966514537679344,1663,0,0.1659
114,29296,rx_ur5_base,/home/telilab4090/Documents/Gazebo World/my_world/rt_out/experiments/semantic_ablation_rigid_200f/sionna_xml/frame_114_sionna.xml,30.0,0.0,0.0,2.4,0.497,-0.841,0.995,28000000000.0,18,5.708055805797585e-09,5.930293767164585e-08,5.3594881865848265e-08,6.895604087731044e-07,-61.614276815582976,-31.614276815582976,cir_coefficients_tau_mask,,"[1, 1, 1, 1, 18, 1]","[1, 1, 18]","[1, 1, 18]","[1, 1, 18]",,True,,18,5.3594881865848265e-08,-31.614276815582976,0,0.0,0.0,0,0,0,0,0,0,0,0,1.7112320123232851,1584,3114,3160,0.024374206069435588,0.03542654207751956,0.041140255462583444,1518,0,0.1557
115,29553,rx_ur5_base,/home/telilab4090/Documents/Gazebo World/my_world/rt_out/experiments/semantic_ablation_rigid_200f/sionna_xml/frame_115_sionna.xml,30.0,0.0,0.0,2.4,0.497,-0.841,0.995,28000000000.0,18,5.708055805797585e-09,5.930293767164585e-08,5.3594881865848265e-08,6.893484965075913e-07,-61.615611672844864,-31.615611672844864,cir_coefficients_tau_mask,,"[1, 1, 1, 1, 18, 1]","[1, 1, 18]","[1, 1, 18]","[1, 1, 18]",,True,,18,5.3594881865848265e-08,-31.614276815582976,0,0.0,-0.0013348572618880894,0,0,0,0,0,0,0,0,1.7112320123232851,1782,3211,3256,0.022195138183413357,0.035645236414008775,0.04100811433236528,1576,0,0.16055
116,29810,rx_ur5_base,/home/telilab4090/Documents/Gazebo World/my_world/rt_out/experiments/semantic_ablation_rigid_200f/sionna_xml/frame_116_sionna.xml,30.0,0.0,0.0,2.4,0.497,-0.841,0.995,28000000000.0,18,5.708055805797585e-09,5.930293767164585e-08,5.3594881865848265e-08,6.893484965075913e-07,-61.615611672844864,-31.615611672844864,cir_coefficients_tau_mask,,"[1, 1, 1, 1, 18, 1]","[1, 1, 18]","[1, 1, 18]","[1, 1, 18]",,True,,18,5.3594881865848265e-08,-31.615611672844864,0,0.0,0.0,0,0,0,0,0,0,0,0,1.7112320123232851,1597,3133,3179,0.02548650446496069,0.03749820940915771,0.041960470901416205,1600,0,0.15665
117,30067,rx_ur5_base,/home/telilab4090/Documents/Gazebo World/my_world/rt_out/experiments/semantic_ablation_rigid_200f/sionna_xml/frame_117_sionna.xml,30.0,0.0,0.0,2.4,0.497,-0.841,0.995,28000000000.0,18,5.708055805797585e-09,5.930293767164585e-08,5.3594881865848265e-08,6.893484965075913e-07,-61.615611672844864,-31.615611672844864,cir_coefficients_tau_mask,,"[1, 1, 1, 1, 18, 1]","[1, 1, 18]","[1, 1, 18]","[1, 1, 18]",,True,,18,5.3594881865848265e-08,-31.615611672844864,0,0.0,0.0,0,0,0,0,0,0,0,0,1.7112320123232851,1591,3192,3233,0.02098228369791507,0.03563493823275377,0.04215367800778906,1597,0,0.1596
118,30324,rx_ur5_base,/home/telilab4090/Documents/Gazebo World/my_world/rt_out/experiments/semantic_ablation_rigid_200f/sionna_xml/frame_118_sionna.xml,30.0,0.0,0.0,2.4,0.497,-0.841,0.995,28000000000.0,18,1.9024808395329273e-08,5.930293767164585e-08,4.0278129276316577e-08,1.5282031196051094e-09,-88.15818918102616,-58.15818918102616,cir_coefficients_tau_mask,,"[1, 1, 1, 1, 18, 1]","[1, 1, 18]","[1, 1, 18]","[1, 1, 18]",,True,,18,5.3594881865848265e-08,-31.615611672844864,0,-1.3316752589531688e-08,-26.542577508181296,0,0,1,1,1,0,1,1,1.7112320123232851,2157,3194,3240,0.006424974385186269,0.01676020099997805,0.026936991680640593,1623,0,0.1597
119,30581,rx_ur5_base,/home/telilab4090/Documents/Gazebo World/my_world/rt_out/experiments/semantic_ablation_rigid_200f/sionna_xml/frame_119_sionna.xml,30.0,0.0,0.0,2.4,0.497,-0.841,0.995,28000000000.0,25,5.708055805797585e-09,5.930293767164585e-08,5.3594881865848265e-08,8.956288297667925e-07,-60.47871935183322,-30.47871935183322,cir_coefficients_tau_mask,,"[1, 1, 1, 1, 25, 1]","[1, 1, 25]","[1, 1, 25]","[1, 1, 25]",,True,,18,4.0278129276316577e-08,-58.15818918102616,7,1.3316752589531688e-08,27.67946982919294,1,0,0,0,0,1,1,1,1.7112320123232851,1594,2149,3292,0.043048355090559556,0.05084300952780688,0.054154854047978734,1602,0,0.10745
120,30838,rx_ur5_base,/home/telilab4090/Documents/Gazebo World/my_world/rt_out/experiments/semantic_ablation_rigid_200f/sionna_xml/frame_120_sionna.xml,30.0,0.0,0.0,2.4,0.497,-0.841,0.995,28000000000.0,20,8.658745720424577e-09,5.930293767164585e-08,5.0644191951221273e-08,2.6935940145023096e-09,-85.69667861674729,-55.69667861674729,cir_coefficients_tau_mask,,"[1, 1, 1, 1, 20, 1]","[1, 1, 20]","[1, 1, 20]","[1, 1, 20]",,True,,25,5.3594881865848265e-08,-30.47871935183322,-5,-2.9506899146269916e-09,-25.21795926491407,1,1,1,1,1,0,1,1,1.7112320123232851,1581,2810,3317,0.0017522931819387696,0.017140932300877994,0.027358603213771576,1585,0,0.1405
121,31095,rx_ur5_base,/home/telilab4090/Documents/Gazebo World/my_world/rt_out/experiments/semantic_ablation_rigid_200f/sionna_xml/frame_121_sionna.xml,30.0,0.0,0.0,2.4,0.497,-0.841,0.995,28000000000.0,20,5.972452310487597e-09,6.370818539380707e-08,5.7735733083319474e-08,1.9046491672725097e-07,-67.20185008833192,-37.20185008833192,cir_coefficients_tau_mask,,"[1, 1, 1, 1, 20, 1]","[1, 1, 20]","[1, 1, 20]","[1, 1, 20]",,True,,20,5.0644191951221273e-08,-55.69667861674729,0,7.0915411320982e-09,18.49482852841537,0,0,0,0,0,1,1,1,1.7112320123232851,2681,3162,3216,0.03802418652032467,0.05199964581327632,0.055633225432694625,1962,0,0.1581
122,31352,rx_ur5_base,/home/telilab4090/Documents/Gazebo World/my_world/rt_out/experiments/semantic_ablation_rigid_200f/sionna_xml/frame_122_sionna.xml,30.0,0.0,0.0,2.4,0.497,-0.841,0.995,28000000000.0,29,5.708055805797585e-09,6.370818539380707e-08,5.8000129588009486e-08,8.021050916795502e-07,-60.9576872679505,-30.957687267950497,cir_coefficients_tau_mask,,"[1, 1, 1, 1, 29, 1]","[1, 1, 29]","[1, 1, 29]","[1, 1, 29]",,True,,20,5.7735733083319474e-08,-37.20185008833192,9,2.643965046900121e-10,6.244162820381426,1,0,0,0,0,0,0,0,1.7112320123232851,1451,3135,3222,0.06684932839133363,0.06782414183612884,0.06997743021991104,2038,0,0.15675
123,31609,rx_ur5_base,/home/telilab4090/Documents/Gazebo World/my_world/rt_out/experiments/semantic_ablation_rigid_200f/sionna_xml/frame_123_sionna.xml,30.0,0.0,0.0,2.4,0.497,-0.841,0.995,28000000000.0,25,5.708055805797585e-09,6.370818539380707e-08,5.8000129588009486e-08,8.031081506487681e-07,-60.95225966468176,-30.952259664681762,cir_coefficients_tau_mask,,"[1, 1, 1, 1, 25, 1]","[1, 1, 25]","[1, 1, 25]","[1, 1, 25]",,True,,29,5.8000129588009486e-08,-30.957687267950497,-4,0.0,0.005427603268735481,1,1,0,0,0,0,0,0,1.7112320123232851,1269,2443,3268,0.06683501469803195,0.06866080383656616,0.07126807668600625,1617,0,0.12215
124,31866,rx_ur5_base,/home/telilab4090/Documents/Gazebo World/my_world/rt_out/experiments/semantic_ablation_rigid_200f/sionna_xml/frame_124_sionna.xml,30.0,0.0,0.0,2.4,0.497,-0.841,0.995,28000000000.0,25,5.708055805797585e-09,6.370818539380707e-08,5.8000129588009486e-08,8.032351388465031e-07,-60.95157300854768,-30.951573008547683,cir_coefficients_tau_mask,,"[1, 1, 1, 1, 25, 1]","[1, 1, 25]","[1, 1, 25]","[1, 1, 25]",,True,,25,5.8000129588009486e-08,-30.952259664681762,0,0.0,0.0006866561340785893,0,0,0,0,0,0,0,0,1.7112320123232851,1236,2401,3262,0.06685929347769995,0.06766838884004633,0.07012975004364225,2107,0,0.12005
125,32123,rx_ur5_base,/home/telilab4090/Documents/Gazebo World/my_world/rt_out/experiments/semantic_ablation_rigid_200f/sionna_xml/frame_125_sionna.xml,30.0,0.0,0.0,2.4,0.497,-0.841,0.995,28000000000.0,18,5.963801896768928e-09,5.930293767164585e-08,5.333913577487692e-08,2.0535196654236643e-07,-66.87501133792024,-36.87501133792024,cir_coefficients_tau_mask,,"[1, 1, 1, 1, 18, 1]","[1, 1, 18]","[1, 1, 18]","[1, 1, 18]",,True,,25,5.8000129588009486e-08,-30.951573008547683,-7,-4.6609938131325634e-09,-5.9234383293725585,1,1,1,1,1,0,1,1,1.7112320123232851,1575,2993,3264,0.0009816238536531083,0.010273150417113927,0.02088260739304131,2274,0,0.14965
126,32380,rx_ur5_base,/home/telilab4090/Documents/Gazebo World/my_world/rt_out/experiments/semantic_ablation_rigid_200f/sionna_xml/frame_126_sionna.xml,30.0,0.0,0.0,2.4,0.497,-0.841,0.995,28000000000.0,16,5.9593388002099346e-09,5.930293767164585e-08,5.3343598871435915e-08,2.1459476329255267e-07,-66.68380880230724,-36.68380880230724,cir_coefficients_tau_mask,,"[1, 1, 1, 1, 16, 1]","[1, 1, 16]","[1, 1, 16]","[1, 1, 16]",,True,,18,5.333913577487692e-08,-36.87501133792024,-2,4.463096558993129e-12,0.1912025356130016,1,1,0,0,0,0,0,0,1.7112320123232851,1607,3013,3234,0.0017316822076542588,0.009511499749493193,0.017311457525318322,2454,0,0.15065
127,32637,rx_ur5_base,/home/telilab4090/Documents/Gazebo World/my_world/rt_out/experiments/semantic_ablation_rigid_200f/sionna_xml/frame_127_sionna.xml,30.0,0.0,0.0,2.4,0.497,-0.841,0.995,28000000000.0,15,2.8585452227503083e-08,5.930293767164585e-08,3.071748544414277e-08,1.4623647848210908e-09,-88.34944279721583,-58.34944279721583,cir_coefficients_tau_mask,,"[1, 1, 1, 1, 15, 1]","[1, 1, 15]","[1, 1, 15]","[1, 1, 15]",,True,,16,5.3343598871435915e-08,-36.68380880230724,-1,-2.262611342729315e-08,-21.66563399490859,1,1,1,1,1,0,1,1,1.7112320123232851,1720,3200,3279,0.0045979790166514245,0.009386052062207896,0.014396689983243716,1598,0,0.16
128,32894,rx_ur5_base,/home/telilab4090/Documents/Gazebo World/my_world/rt_out/experiments/semantic_ablation_rigid_200f/sionna_xml/frame_128_sionna.xml,30.0,0.0,0.0,2.4,0.497,-0.841,0.995,28000000000.0,18,5.708055805797585e-09,5.930293767164585e-08,5.3594881865848265e-08,6.884363870085508e-07,-61.62136183290152,-31.62136183290152,cir_coefficients_tau_mask,,"[1, 1, 1, 1, 18, 1]","[1, 1, 18]","[1, 1, 18]","[1, 1, 18]",,True,,15,3.071748544414277e-08,-58.34944279721583,3,2.2877396421705498e-08,26.72808096431431,1,0,0,0,0,1,1,1,1.7112320123232851,1833,3249,3925,0.02085787988303775,0.03521950383573937,0.041563164679818056,1579,0,0.16245
129,33151,rx_ur5_base,/home/telilab4090/Documents/Gazebo World/my_world/rt_out/experiments/semantic_ablation_rigid_200f/sionna_xml/frame_129_sionna.xml,30.0,0.0,0.0,2.4,0.497,-0.841,0.995,28000000000.0,18,5.708055805797585e-09,5.930293767164585e-08,5.3594881865848265e-08,6.884363870085508e-07,-61.62136183290152,-31.62136183290152,cir_coefficients_tau_mask,,"[1, 1, 1, 1, 18, 1]","[1, 1, 18]","[1, 1, 18]","[1, 1, 18]",,True,,18,5.3594881865848265e-08,-31.62136183290152,0,0.0,0.0,0,0,0,0,0,0,0,0,1.7112320123232851,1643,3159,3747,0.021995315979151827,0.039203416996921064,0.044833347204136925,1566,0,0.15795
130,33408,rx_ur5_base,/home/telilab4090/Documents/Gazebo World/my_world/rt_out/experiments/semantic_ablation_rigid_200f/sionna_xml/frame_130_sionna.xml,30.0,0.0,0.0,2.4,0.497,-0.841,0.995,28000000000.0,18,5.708055805797585e-09,5.930293767164585e-08,5.3594881865848265e-08,6.884363870085508e-07,-61.62136183290152,-31.62136183290152,cir_coefficients_tau_mask,,"[1, 1, 1, 1, 18, 1]","[1, 1, 18]","[1, 1, 18]","[1, 1, 18]",,True,,18,5.3594881865848265e-08,-31.62136183290152,0,0.0,0.0,0,0,0,0,0,0,0,0,1.7112320123232851,1696,3239,3888,0.02550561743698114,0.03577560232630246,0.04176008080290668,1610,0,0.16195
131,33665,rx_ur5_base,/home/telilab4090/Documents/Gazebo World/my_world/rt_out/experiments/semantic_ablation_rigid_200f/sionna_xml/frame_131_sionna.xml,30.0,0.0,0.0,2.4,0.497,-0.841,0.995,28000000000.0,19,5.708055805797585e-09,5.930293767164585e-08,5.3594881865848265e-08,6.895247111060598e-07,-61.61450165014315,-31.614501650143147,cir_coefficients_tau_mask,,"[1, 1, 1, 1, 19, 1]","[1, 1, 19]","[1, 1, 19]","[1, 1, 19]",,True,,18,5.3594881865848265e-08,-31.62136183290152,1,0.0,0.006860182758373412,1,0,0,0,0,0,0,0,1.7112320123232851,1691,3140,4023,0.028670017882587624,0.03950883385910482,0.04440174750566134,1551,0,0.157
132,33922,rx_ur5_base,/home/telilab4090/Documents/Gazebo World/my_world/rt_out/experiments/semantic_ablation_rigid_200f/sionna_xml/frame_132_sionna.xml,30.0,0.0,0.0,2.4,0.497,-0.841,0.995,28000000000.0,19,5.708055805797585e-09,5.930293767164585e-08,5.3594881865848265e-08,6.895247111060598e-07,-61.61450165014315,-31.614501650143147,cir_coefficients_tau_mask,,"[1, 1, 1, 1, 19, 1]","[1, 1, 19]","[1, 1, 19]","[1, 1, 19]",,True,,19,5.3594881865848265e-08,-31.614501650143147,0,0.0,0.0,0,0,0,0,0,0,0,0,1.7112320123232851,1594,3307,3896,0.023298846718806124,0.03987004630421422,0.04546402464942861,1605,0,0.16535
133,34179,rx_ur5_base,/home/telilab4090/Documents/Gazebo World/my_world/rt_out/experiments/semantic_ablation_rigid_200f/sionna_xml/frame_133_sionna.xml,30.0,0.0,0.0,2.4,0.497,-0.841,0.995,28000000000.0,19,5.708055805797585e-09,5.930293767164585e-08,5.3594881865848265e-08,6.895247111060598e-07,-61.61450165014315,-31.614501650143147,cir_coefficients_tau_mask,,"[1, 1, 1, 1, 19, 1]","[1, 1, 19]","[1, 1, 19]","[1, 1, 19]",,True,,19,5.3594881865848265e-08,-31.614501650143147,0,0.0,0.0,0,0,0,0,0,0,0,0,1.7112320123232851,1532,3240,4188,0.027933277833119427,0.042007611199583336,0.04596968293584029,1537,0,0.162
134,34436,rx_ur5_base,/home/telilab4090/Documents/Gazebo World/my_world/rt_out/experiments/semantic_ablation_rigid_200f/sionna_xml/frame_134_sionna.xml,30.0,0.0,0.0,2.4,0.497,-0.841,0.995,28000000000.0,19,5.708055805797585e-09,5.930293767164585e-08,5.3594881865848265e-08,6.89524654262641e-07,-61.61450200816924,-31.61450200816924,cir_coefficients_tau_mask,,"[1, 1, 1, 1, 19, 1]","[1, 1, 19]","[1, 1, 19]","[1, 1, 19]",,True,,19,5.3594881865848265e-08,-31.614501650143147,0,0.0,-3.580260923286005e-07,0,0,0,0,0,0,0,0,1.7112320123232851,1608,3217,4651,0.02901324094083625,0.03826619166660007,0.04486531622785499,1614,0,0.16085
135,34693,rx_ur5_base,/home/telilab4090/Documents/Gazebo World/my_world/rt_out/experiments/semantic_ablation_rigid_200f/sionna_xml/frame_135_sionna.xml,30.0,0.0,0.0,2.4,0.497,-0.841,0.995,28000000000.0,17,5.708055805797585e-09,5.930293767164585e-08,5.3594881865848265e-08,4.679516791838978e-07,-63.29798989975533,-33.29798989975533,cir_coefficients_tau_mask,,"[1, 1, 1, 1, 17, 1]","[1, 1, 17]","[1, 1, 17]","[1, 1, 17]",,True,,19,5.3594881865848265e-08,-31.61450200816924,-2,0.0,-1.6834878915860898,1,1,1,1,0,0,1,0,1.7112320123232851,1710,3076,4637,0.01576834461594577,0.028040433718010904,0.034366829834619035,1562,0,0.1538
136,34950,rx_ur5_base,/home/telilab4090/Documents/Gazebo World/my_world/rt_out/experiments/semantic_ablation_rigid_200f/sionna_xml/frame_136_sionna.xml,30.0,0.0,0.0,2.4,0.497,-0.841,0.995,28000000000.0,22,8.658745720424577e-09,5.930293767164585e-08,5.0644191951221273e-08,3.4744012111787015e-09,-84.59120032250439,-54.59120032250439,cir_coefficients_tau_mask,,"[1, 1, 1, 1, 22, 1]","[1, 1, 22]","[1, 1, 22]","[1, 1, 22]",,True,,17,5.3594881865848265e-08,-33.29798989975533,5,-2.9506899146269916e-09,-21.293210422749063,1,0,1,1,1,0,1,1,1.7112320123232851,1620,2881,4793,0.0020850671967514145,0.012646955195071363,0.021690241687875235,1623,0,0.14405
137,35207,rx_ur5_base,/home/telilab4090/Documents/Gazebo World/my_world/rt_out/experiments/semantic_ablation_rigid_200f/sionna_xml/frame_137_sionna.xml,30.0,0.0,0.0,2.4,0.497,-0.841,0.995,28000000000.0,24,5.708055805797585e-09,5.930293767164585e-08,5.3594881865848265e-08,8.362379162463185e-07,-60.776701447941775,-30.776701447941775,cir_coefficients_tau_mask,,"[1, 1, 1, 1, 24, 1]","[1, 1, 24]","[1, 1, 24]","[1, 1, 24]",,True,,22,5.0644191951221273e-08,-54.59120032250439,2,2.9506899146269916e-09,23.814498874562616,1,0,0,0,0,1,1,1,1.7112320123232851,1538,1999,4635,0.06687613250569376,0.06762369385314046,0.06965447505526624,1544,0,0.09995
138,35464,rx_ur5_base,/home/telilab4090/Documents/Gazebo World/my_world/rt_out/experiments/semantic_ablation_rigid_200f/sionna_xml/frame_138_sionna.xml,30.0,0.0,0.0,2.4,0.497,-0.841,0.995,28000000000.0,22,5.708055805797585e-09,6.370818539380707e-08,5.8000129588009486e-08,8.344389357262116e-07,-60.78605439508984,-30.78605439508984,cir_coefficients_tau_mask,,"[1, 1, 1, 1, 22, 1]","[1, 1, 22]","[1, 1, 22]","[1, 1, 22]",,True,,24,5.3594881865848265e-08,-30.776701447941775,-2,4.405247722161221e-09,-0.009352947148066448,1,1,0,0,0,1,1,1,1.7112320123232851,2918,3221,4127,0.06277448400122497,0.06732374196777753,0.06926612209726091,1585,0,0.16105
139,35721,rx_ur5_base,/home/telilab4090/Documents/Gazebo World/my_world/rt_out/experiments/semantic_ablation_rigid_200f/sionna_xml/frame_139_sionna.xml,30.0,0.0,0.0,2.4,0.497,-0.841,0.995,28000000000.0,27,5.708055805797585e-09,6.370818539380707e-08,5.8000129588009486e-08,7.81449671194423e-07,-61.070989872243054,-31.070989872243054,cir_coefficients_tau_mask,,"[1, 1, 1, 1, 27, 1]","[1, 1, 27]","[1, 1, 27]","[1, 1, 27]",,True,,22,5.8000129588009486e-08,-30.78605439508984,5,0.0,-0.284935477153212,1,0,0,0,0,0,0,0,1.7112320123232851,2071,3184,4064,0.06685483284541271,0.06762599078907414,0.06971156189970543,1617,0,0.1592
140,35978,rx_ur5_base,/home/telilab4090/Documents/Gazebo World/my_world/rt_out/experiments/semantic_ablation_rigid_200f/sionna_xml/frame_140_sionna.xml,30.0,0.0,0.0,2.4,0.497,-0.841,0.995,28000000000.0,25,5.708055805797585e-09,6.370818539380707e-08,5.8000129588009486e-08,1.0728124379966175e-06,-59.69476199994281,-29.694761999942813,cir_coefficients_tau_mask,,"[1, 1, 1, 1, 25, 1]","[1, 1, 25]","[1, 1, 25]","[1, 1, 25]",,True,,27,5.8000129588009486e-08,-31.070989872243054,-2,0.0,1.376227872300241,1,1,0,0,0,0,0,0,1.7112320123232851,1172,1695,4109,0.06692530819018268,0.06777948175303658,0.07037652057920693,1593,0,0.08475
141,36235,rx_ur5_base,/home/telilab4090/Documents/Gazebo World/my_world/rt_out/experiments/semantic_ablation_rigid_200f/sionna_xml/frame_141_sionna.xml,30.0,0.0,0.0,2.4,0.497,-0.841,0.995,28000000000.0,29,5.708055805797585e-09,6.370818539380707e-08,5.8000129588009486e-08,7.82711140345782e-07,-61.06398484812711,-31.063984848127113,cir_coefficients_tau_mask,,"[1, 1, 1, 1, 29, 1]","[1, 1, 29]","[1, 1, 29]","[1, 1, 29]",,True,,25,5.8000129588009486e-08,-29.694761999942813,4,0.0,-1.3692228481843003,1,0,1,1,0,0,1,0,1.7112320123232851,1123,1567,4780,0.0668977772819691,0.06840807139502891,0.07088038983765935,1567,0,0.07835
142,36492,rx_ur5_base,/home/telilab4090/Documents/Gazebo World/my_world/rt_out/experiments/semantic_ablation_rigid_200f/sionna_xml/frame_142_sionna.xml,30.0,0.0,0.0,2.4,0.497,-0.841,0.995,28000000000.0,29,5.708055805797585e-09,6.370818539380707e-08,5.8000129588009486e-08,7.829308970030979e-07,-61.06276567922408,-31.06276567922408,cir_coefficients_tau_mask,,"[1, 1, 1, 1, 29, 1]","[1, 1, 29]","[1, 1, 29]","[1, 1, 29]",,True,,29,5.8000129588009486e-08,-31.063984848127113,0,0.0,0.0012191689030345287,0,0,0,0,0,0,0,0,1.7112320123232851,1177,3041,4721,0.06693697729182538,0.0678269492522118,0.07009219033681262,3041,0,0.15205
143,36749,rx_ur5_base,/home/telilab4090/Documents/Gazebo World/my_world/rt_out/experiments/semantic_ablation_rigid_200f/sionna_xml/frame_143_sionna.xml,30.0,0.0,0.0,2.4,0.497,-0.841,0.995,28000000000.0,30,5.708055805797585e-09,6.370818539380707e-08,5.8000129588009486e-08,1.1370789252396207e-06,-59.442093896601655,-29.442093896601655,cir_coefficients_tau_mask,,"[1, 1, 1, 1, 30, 1]","[1, 1, 30]","[1, 1, 30]","[1, 1, 30]",,True,,29,5.8000129588009486e-08,-31.06276567922408,1,0.0,1.6206717826224235,1,0,0,0,0,0,0,0,1.7112320123232851,1158,3128,4817,0.0668663649737072,0.06866567413984757,0.07104291013603505,3128,0,0.1564
144,37006,rx_ur5_base,/home/telilab4090/Documents/Gazebo World/my_world/rt_out/experiments/semantic_ablation_rigid_200f/sionna_xml/frame_144_sionna.xml,30.0,0.0,0.0,2.4,0.497,-0.841,0.995,28000000000.0,18,5.971809269311734e-09,6.370818539380707e-08,5.7736376124495337e-08,1.913716971557733e-07,-67.18122291626929,-37.18122291626929,cir_coefficients_tau_mask,,"[1, 1, 1, 1, 18, 1]","[1, 1, 18]","[1, 1, 18]","[1, 1, 18]",,True,,30,5.8000129588009486e-08,-29.442093896601655,-12,-2.637534635141492e-10,-7.7391290196676366,1,1,1,1,1,0,1,1,1.7112320123232851,2740,3206,4830,0.0669080567489505,0.0677215888222059,0.06988850781342473,1984,0,0.1603
145,37263,rx_ur5_base,/home/telilab4090/Documents/Gazebo World/my_world/rt_out/experiments/semantic_ablation_rigid_200f/sionna_xml/frame_145_sionna.xml,30.0,0.0,0.0,2.4,0.497,-0.841,0.995,28000000000.0,17,5.708055805797585e-09,5.930293767164585e-08,5.3594881865848265e-08,4.687409500547801e-07,-63.2906710407321,-33.2906710407321,cir_coefficients_tau_mask,,"[1, 1, 1, 1, 17, 1]","[1, 1, 17]","[1, 1, 17]","[1, 1, 17]",,True,,18,5.7736376124495337e-08,-37.18122291626929,-1,-4.1414942586470715e-09,3.8905518755371915,1,1,0,0,0,0,0,0,1.7112320123232851,1811,3296,4842,0.010267940808440816,0.023003034874197508,0.02892395262518328,1656,0,0.1648
146,37520,rx_ur5_base,/home/telilab4090/Documents/Gazebo World/my_world/rt_out/experiments/semantic_ablation_rigid_200f/sionna_xml/frame_146_sionna.xml,30.0,0.0,0.0,2.4,0.497,-0.841,0.995,28000000000.0,18,5.708055805797585e-09,5.930293767164585e-08,5.3594881865848265e-08,6.881127774249762e-07,-61.62340377753609,-31.62340377753609,cir_coefficients_tau_mask,,"[1, 1, 1, 1, 18, 1]","[1, 1, 18]","[1, 1, 18]","[1, 1, 18]",,True,,17,5.3594881865848265e-08,-33.2906710407321,1,0.0,1.6672672631960097,1,0,0,0,0,0,0,0,1.7112320123232851,1863,3302,4537,0.022925297168828976,0.03610388159688813,0.04024424222341752,1621,0,0.1651
147,37777,rx_ur5_base,/home/telilab4090/Documents/Gazebo World/my_world/rt_out/experiments/semantic_ablation_rigid_200f/sionna_xml/frame_147_sionna.xml,30.0,0.0,0.0,2.4,0.497,-0.841,0.995,28000000000.0,18,5.708055805797585e-09,5.930293767164585e-08,5.3594881865848265e-08,6.881127774249762e-07,-61.62340377753609,-31.62340377753609,cir_coefficients_tau_mask,,"[1, 1, 1, 1, 18, 1]","[1, 1, 18]","[1, 1, 18]","[1, 1, 18]",,True,,18,5.3594881865848265e-08,-31.62340377753609,0,0.0,0.0,0,0,0,0,0,0,0,0,1.7112320123232851,1661,3229,4571,0.025268589094354695,0.03702787759646129,0.04324030208819858,1576,0,0.16145
148,38034,rx_ur5_base,/home/telilab4090/Documents/Gazebo World/my_world/rt_out/experiments/semantic_ablation_rigid_200f/sionna_xml/frame_148_sionna.xml,30.0,0.0,0.0,2.4,0.497,-0.841,0.995,28000000000.0,18,5.708055805797585e-09,5.930293767164585e-08,5.3594881865848265e-08,6.881127774249762e-07,-61.62340377753609,-31.62340377753609,cir_coefficients_tau_mask,,"[1, 1, 1, 1, 18, 1]","[1, 1, 18]","[1, 1, 18]","[1, 1, 18]",,True,,18,5.3594881865848265e-08,-31.62340377753609,0,0.0,0.0,0,0,0,0,0,0,0,0,1.7112320123232851,1670,3186,4580,0.022174341131628066,0.038753053409291624,0.044607863679352364,1585,0,0.1593
149,38291,rx_ur5_base,/home/telilab4090/Documents/Gazebo World/my_world/rt_out/experiments/semantic_ablation_rigid_200f/sionna_xml/frame_149_sionna.xml,30.0,0.0,0.0,2.4,0.497,-0.841,0.995,28000000000.0,18,5.708055805797585e-09,5.930293767164585e-08,5.3594881865848265e-08,6.881127774249762e-07,-61.62340377753609,-31.62340377753609,cir_coefficients_tau_mask,,"[1, 1, 1, 1, 18, 1]","[1, 1, 18]","[1, 1, 18]","[1, 1, 18]",,True,,18,5.3594881865848265e-08,-31.62340377753609,0,0.0,0.0,0,0,0,0,0,0,0,0,1.7112320123232851,1635,3173,4530,0.024999220167013503,0.0359551243325923,0.04172440687562993,1531,0,0.15865
150,38548,rx_ur5_base,/home/telilab4090/Documents/Gazebo World/my_world/rt_out/experiments/semantic_ablation_rigid_200f/sionna_xml/frame_150_sionna.xml,30.0,0.0,0.0,2.4,0.497,-0.841,0.995,28000000000.0,18,5.708055805797585e-09,5.930293767164585e-08,5.3594881865848265e-08,6.881128342683951e-07,-61.62340341877539,-31.62340341877539,cir_coefficients_tau_mask,,"[1, 1, 1, 1, 18, 1]","[1, 1, 18]","[1, 1, 18]","[1, 1, 18]",,True,,18,5.3594881865848265e-08,-31.62340377753609,0,0.0,3.587607011468208e-07,0,0,0,0,0,0,0,0,1.7112320123232851,1647,3143,3808,0.026794632638344727,0.03750925525259452,0.04316072044951034,1558,0,0.15715
151,38805,rx_ur5_base,/home/telilab4090/Documents/Gazebo World/my_world/rt_out/experiments/semantic_ablation_rigid_200f/sionna_xml/frame_151_sionna.xml,30.0,0.0,0.0,2.4,0.497,-0.841,0.995,28000000000.0,18,5.708055805797585e-09,5.930293767164585e-08,5.3594881865848265e-08,6.881127774249762e-07,-61.62340377753609,-31.62340377753609,cir_coefficients_tau_mask,,"[1, 1, 1, 1, 18, 1]","[1, 1, 18]","[1, 1, 18]","[1, 1, 18]",,True,,18,5.3594881865848265e-08,-31.62340341877539,0,0.0,-3.587607011468208e-07,0,0,0,0,0,0,0,0,1.7112320123232851,1672,3233,3537,0.026823993621178002,0.039284877914251164,0.04368192895779435,1560,0,0.16165
152,39062,rx_ur5_base,/home/telilab4090/Documents/Gazebo World/my_world/rt_out/experiments/semantic_ablation_rigid_200f/sionna_xml/frame_152_sionna.xml,30.0,0.0,0.0,2.4,0.497,-0.841,0.995,28000000000.0,18,5.708055805797585e-09,5.930293767164585e-08,5.3594881865848265e-08,6.881128342683951e-07,-61.62340341877539,-31.62340341877539,cir_coefficients_tau_mask,,"[1, 1, 1, 1, 18, 1]","[1, 1, 18]","[1, 1, 18]","[1, 1, 18]",,True,,18,5.3594881865848265e-08,-31.62340377753609,0,0.0,3.587607011468208e-07,0,0,0,0,0,0,0,0,1.7112320123232851,1740,3224,3775,0.02174403116856855,0.03430589296648245,0.041546136480179366,1647,0,0.1612
153,39319,rx_ur5_base,/home/telilab4090/Documents/Gazebo World/my_world/rt_out/experiments/semantic_ablation_rigid_200f/sionna_xml/frame_153_sionna.xml,30.0,0.0,0.0,2.4,0.497,-0.841,0.995,28000000000.0,18,5.708055805797585e-09,5.930293767164585e-08,5.3594881865848265e-08,6.881128342683951e-07,-61.62340341877539,-31.62340341877539,cir_coefficients_tau_mask,,"[1, 1, 1, 1, 18, 1]","[1, 1, 18]","[1, 1, 18]","[1, 1, 18]",,True,,18,5.3594881865848265e-08,-31.62340341877539,0,0.0,0.0,0,0,0,0,0,0,0,0,1.7112320123232851,1700,3151,3771,0.022277261493038866,0.0357979877621755,0.041699881636819036,1592,0,0.15755
154,39576,rx_ur5_base,/home/telilab4090/Documents/Gazebo World/my_world/rt_out/experiments/semantic_ablation_rigid_200f/sionna_xml/frame_154_sionna.xml,30.0,0.0,0.0,2.4,0.497,-0.841,0.995,28000000000.0,18,5.708055805797585e-09,5.930293767164585e-08,5.3594881865848265e-08,6.881127774249762e-07,-61.62340377753609,-31.62340377753609,cir_coefficients_tau_mask,,"[1, 1, 1, 1, 18, 1]","[1, 1, 18]","[1, 1, 18]","[1, 1, 18]",,True,,18,5.3594881865848265e-08,-31.62340341877539,0,0.0,-3.587607011468208e-07,0,0,0,0,0,0,0,0,1.7112320123232851,1734,3341,3882,0.02241066565499807,0.03956165690445008,0.04475185724069436,1641,0,0.16705
155,39833,rx_ur5_base,/home/telilab4090/Documents/Gazebo World/my_world/rt_out/experiments/semantic_ablation_rigid_200f/sionna_xml/frame_155_sionna.xml,30.0,0.0,0.0,2.4,0.497,-0.841,0.995,28000000000.0,18,5.708055805797585e-09,5.930293767164585e-08,5.3594881865848265e-08,6.881128342683951e-07,-61.62340341877539,-31.62340341877539,cir_coefficients_tau_mask,,"[1, 1, 1, 1, 18, 1]","[1, 1, 18]","[1, 1, 18]","[1, 1, 18]",,True,,18,5.3594881865848265e-08,-31.62340377753609,0,0.0,3.587607011468208e-07,0,0,0,0,0,0,0,0,1.7112320123232851,1714,3243,3552,0.023259607948522887,0.036109888168277364,0.04239141684052157,1629,0,0.16215
156,40090,rx_ur5_base,/home/telilab4090/Documents/Gazebo World/my_world/rt_out/experiments/semantic_ablation_rigid_200f/sionna_xml/frame_156_sionna.xml,30.0,0.0,0.0,2.4,0.497,-0.841,0.995,28000000000.0,18,5.708055805797585e-09,5.930293767164585e-08,5.3594881865848265e-08,6.881128342683951e-07,-61.62340341877539,-31.62340341877539,cir_coefficients_tau_mask,,"[1, 1, 1, 1, 18, 1]","[1, 1, 18]","[1, 1, 18]","[1, 1, 18]",,True,,18,5.3594881865848265e-08,-31.62340341877539,0,0.0,0.0,0,0,0,0,0,0,0,0,1.7112320123232851,1690,3236,3402,0.02174403116856855,0.035557090753434176,0.04284117927359438,1571,0,0.1618
157,40347,rx_ur5_base,/home/telilab4090/Documents/Gazebo World/my_world/rt_out/experiments/semantic_ablation_rigid_200f/sionna_xml/frame_157_sionna.xml,30.0,0.0,0.0,2.4,0.497,-0.841,0.995,28000000000.0,18,5.708055805797585e-09,5.930293767164585e-08,5.3594881865848265e-08,6.881127774249762e-07,-61.62340377753609,-31.62340377753609,cir_coefficients_tau_mask,,"[1, 1, 1, 1, 18, 1]","[1, 1, 18]","[1, 1, 18]","[1, 1, 18]",,True,,18,5.3594881865848265e-08,-31.62340341877539,0,0.0,-3.587607011468208e-07,0,0,0,0,0,0,0,0,1.7112320123232851,1792,3356,3639,0.027728587234919715,0.0399326019004737,0.044715625255295974,1679,0,0.1678
158,40604,rx_ur5_base,/home/telilab4090/Documents/Gazebo World/my_world/rt_out/experiments/semantic_ablation_rigid_200f/sionna_xml/frame_158_sionna.xml,30.0,0.0,0.0,2.4,0.497,-0.841,0.995,28000000000.0,18,5.708055805797585e-09,5.930293767164585e-08,5.3594881865848265e-08,6.881128342683951e-07,-61.62340341877539,-31.62340341877539,cir_coefficients_tau_mask,,"[1, 1, 1, 1, 18, 1]","[1, 1, 18]","[1, 1, 18]","[1, 1, 18]",,True,,18,5.3594881865848265e-08,-31.62340377753609,0,0.0,3.587607011468208e-07,0,0,0,0,0,0,0,0,1.7112320123232851,1682,3180,3545,0.02733655628459999,0.037688232096254846,0.04293290844014239,1593,0,0.159
159,40861,rx_ur5_base,/home/telilab4090/Documents/Gazebo World/my_world/rt_out/experiments/semantic_ablation_rigid_200f/sionna_xml/frame_159_sionna.xml,30.0,0.0,0.0,2.4,0.497,-0.841,0.995,28000000000.0,18,5.708055805797585e-09,5.930293767164585e-08,5.3594881865848265e-08,6.881128342683951e-07,-61.62340341877539,-31.62340341877539,cir_coefficients_tau_mask,,"[1, 1, 1, 1, 18, 1]","[1, 1, 18]","[1, 1, 18]","[1, 1, 18]",,True,,18,5.3594881865848265e-08,-31.62340341877539,0,0.0,0.0,0,0,0,0,0,0,0,0,1.7112320123232851,1632,3159,3515,0.022277261493038866,0.033657170012896406,0.04030070586943963,1535,0,0.15795
160,41118,rx_ur5_base,/home/telilab4090/Documents/Gazebo World/my_world/rt_out/experiments/semantic_ablation_rigid_200f/sionna_xml/frame_160_sionna.xml,30.0,0.0,0.0,2.4,0.497,-0.841,0.995,28000000000.0,18,5.708055805797585e-09,5.930293767164585e-08,5.3594881865848265e-08,6.881128342683951e-07,-61.62340341877539,-31.62340341877539,cir_coefficients_tau_mask,,"[1, 1, 1, 1, 18, 1]","[1, 1, 18]","[1, 1, 18]","[1, 1, 18]",,True,,18,5.3594881865848265e-08,-31.62340341877539,0,0.0,0.0,0,0,0,0,0,0,0,0,1.7112320123232851,1737,3279,3557,0.024585575445695583,0.036618081342199314,0.04269017127871441,1641,0,0.16395
161,41375,rx_ur5_base,/home/telilab4090/Documents/Gazebo World/my_world/rt_out/experiments/semantic_ablation_rigid_200f/sionna_xml/frame_161_sionna.xml,30.0,0.0,0.0,2.4,0.497,-0.841,0.995,28000000000.0,18,5.708055805797585e-09,5.930293767164585e-08,5.3594881865848265e-08,6.881128342683951e-07,-61.62340341877539,-31.62340341877539,cir_coefficients_tau_mask,,"[1, 1, 1, 1, 18, 1]","[1, 1, 18]","[1, 1, 18]","[1, 1, 18]",,True,,18,5.3594881865848265e-08,-31.62340341877539,0,0.0,0.0,0,0,0,0,0,0,0,0,1.7112320123232851,1736,3190,3409,0.0277170864343752,0.0388148103179022,0.04256288521372852,1659,0,0.1595
162,41632,rx_ur5_base,/home/telilab4090/Documents/Gazebo World/my_world/rt_out/experiments/semantic_ablation_rigid_200f/sionna_xml/frame_162_sionna.xml,30.0,0.0,0.0,2.4,0.497,-0.841,0.995,28000000000.0,18,5.708055805797585e-09,5.930293767164585e-08,5.3594881865848265e-08,6.881128342683951e-07,-61.62340341877539,-31.62340341877539,cir_coefficients_tau_mask,,"[1, 1, 1, 1, 18, 1]","[1, 1, 18]","[1, 1, 18]","[1, 1, 18]",,True,,18,5.3594881865848265e-08,-31.62340341877539,0,0.0,0.0,0,0,0,0,0,0,0,0,1.7112320123232851,1746,3257,3432,0.02306952061698879,0.036651225476357005,0.042633576406421604,1648,0,0.16285
163,41889,rx_ur5_base,/home/telilab4090/Documents/Gazebo World/my_world/rt_out/experiments/semantic_ablation_rigid_200f/sionna_xml/frame_163_sionna.xml,30.0,0.0,0.0,2.4,0.497,-0.841,0.995,28000000000.0,18,5.708055805797585e-09,5.930293767164585e-08,5.3594881865848265e-08,6.881127774249762e-07,-61.62340377753609,-31.62340377753609,cir_coefficients_tau_mask,,"[1, 1, 1, 1, 18, 1]","[1, 1, 18]","[1, 1, 18]","[1, 1, 18]",,True,,18,5.3594881865848265e-08,-31.62340341877539,0,0.0,-3.587607011468208e-07,0,0,0,0,0,0,0,0,1.7112320123232851,1717,3209,3589,0.02545102288349176,0.03558659419377016,0.04177815825552617,1605,0,0.16045
164,42146,rx_ur5_base,/home/telilab4090/Documents/Gazebo World/my_world/rt_out/experiments/semantic_ablation_rigid_200f/sionna_xml/frame_164_sionna.xml,30.0,0.0,0.0,2.4,0.497,-0.841,0.995,28000000000.0,18,5.708055805797585e-09,5.930293767164585e-08,5.3594881865848265e-08,6.881127774249762e-07,-61.62340377753609,-31.62340377753609,cir_coefficients_tau_mask,,"[1, 1, 1, 1, 18, 1]","[1, 1, 18]","[1, 1, 18]","[1, 1, 18]",,True,,18,5.3594881865848265e-08,-31.62340377753609,0,0.0,0.0,0,0,0,0,0,0,0,0,1.7112320123232851,1775,3308,3641,0.023419154138621348,0.036915842018464276,0.042534606804734434,1670,0,0.1654
165,42403,rx_ur5_base,/home/telilab4090/Documents/Gazebo World/my_world/rt_out/experiments/semantic_ablation_rigid_200f/sionna_xml/frame_165_sionna.xml,30.0,0.0,0.0,2.4,0.497,-0.841,0.995,28000000000.0,18,5.708055805797585e-09,5.930293767164585e-08,5.3594881865848265e-08,6.881127774249762e-07,-61.62340377753609,-31.62340377753609,cir_coefficients_tau_mask,,"[1, 1, 1, 1, 18, 1]","[1, 1, 18]","[1, 1, 18]","[1, 1, 18]",,True,,18,5.3594881865848265e-08,-31.62340377753609,0,0.0,0.0,0,0,0,0,0,0,0,0,1.7112320123232851,1686,3224,3517,0.024916376518017348,0.03767757338930235,0.0429749898486723,1601,0,0.1612
166,42659,rx_ur5_base,/home/telilab4090/Documents/Gazebo World/my_world/rt_out/experiments/semantic_ablation_rigid_200f/sionna_xml/frame_166_sionna.xml,30.0,0.0,0.0,2.4,0.497,-0.841,0.995,28000000000.0,18,5.708055805797585e-09,5.930293767164585e-08,5.3594881865848265e-08,6.881128342683951e-07,-61.62340341877539,-31.62340341877539,cir_coefficients_tau_mask,,"[1, 1, 1, 1, 18, 1]","[1, 1, 18]","[1, 1, 18]","[1, 1, 18]",,True,,18,5.3594881865848265e-08,-31.62340377753609,0,0.0,3.587607011468208e-07,0,0,0,0,0,0,0,0,1.7112320123232851,1721,3270,3532,0.02193118441168209,0.03280198932703936,0.03955157285085084,1607,0,0.1635
167,42916,rx_ur5_base,/home/telilab4090/Documents/Gazebo World/my_world/rt_out/experiments/semantic_ablation_rigid_200f/sionna_xml/frame_167_sionna.xml,30.0,0.0,0.0,2.4,0.497,-0.841,0.995,28000000000.0,18,5.708055805797585e-09,5.930293767164585e-08,5.3594881865848265e-08,6.881128342683951e-07,-61.62340341877539,-31.62340341877539,cir_coefficients_tau_mask,,"[1, 1, 1, 1, 18, 1]","[1, 1, 18]","[1, 1, 18]","[1, 1, 18]",,True,,18,5.3594881865848265e-08,-31.62340341877539,0,0.0,0.0,0,0,0,0,0,0,0,0,1.7112320123232851,1735,3268,3506,0.02289702470838467,0.03455608330840514,0.04095487810366418,1635,0,0.1634
168,43173,rx_ur5_base,/home/telilab4090/Documents/Gazebo World/my_world/rt_out/experiments/semantic_ablation_rigid_200f/sionna_xml/frame_168_sionna.xml,30.0,0.0,0.0,2.4,0.497,-0.841,0.995,28000000000.0,18,5.708055805797585e-09,5.930293767164585e-08,5.3594881865848265e-08,6.881128342683951e-07,-61.62340341877539,-31.62340341877539,cir_coefficients_tau_mask,,"[1, 1, 1, 1, 18, 1]","[1, 1, 18]","[1, 1, 18]","[1, 1, 18]",,True,,18,5.3594881865848265e-08,-31.62340341877539,0,0.0,0.0,0,0,0,0,0,0,0,0,1.7112320123232851,1702,3233,3488,0.0236955533798866,0.03451399479099922,0.040325745351264944,1620,0,0.16165
169,43430,rx_ur5_base,/home/telilab4090/Documents/Gazebo World/my_world/rt_out/experiments/semantic_ablation_rigid_200f/sionna_xml/frame_169_sionna.xml,30.0,0.0,0.0,2.4,0.497,-0.841,0.995,28000000000.0,18,5.708055805797585e-09,5.930293767164585e-08,5.3594881865848265e-08,6.881128342683951e-07,-61.62340341877539,-31.62340341877539,cir_coefficients_tau_mask,,"[1, 1, 1, 1, 18, 1]","[1, 1, 18]","[1, 1, 18]","[1, 1, 18]",,True,,18,5.3594881865848265e-08,-31.62340341877539,0,0.0,0.0,0,0,0,0,0,0,0,0,1.7112320123232851,1658,3182,3543,0.021723553570586484,0.034453312112117086,0.04132235853578214,1573,0,0.1591
170,43687,rx_ur5_base,/home/telilab4090/Documents/Gazebo World/my_world/rt_out/experiments/semantic_ablation_rigid_200f/sionna_xml/frame_170_sionna.xml,30.0,0.0,0.0,2.4,0.497,-0.841,0.995,28000000000.0,18,5.708055805797585e-09,5.930293767164585e-08,5.3594881865848265e-08,6.881127774249762e-07,-61.62340377753609,-31.62340377753609,cir_coefficients_tau_mask,,"[1, 1, 1, 1, 18, 1]","[1, 1, 18]","[1, 1, 18]","[1, 1, 18]",,True,,18,5.3594881865848265e-08,-31.62340341877539,0,0.0,-3.587607011468208e-07,0,0,0,0,0,0,0,0,1.7112320123232851,1669,3227,3636,0.024322010810460457,0.038641378981442244,0.04384589350516367,1578,0,0.16135
171,43944,rx_ur5_base,/home/telilab4090/Documents/Gazebo World/my_world/rt_out/experiments/semantic_ablation_rigid_200f/sionna_xml/frame_171_sionna.xml,30.0,0.0,0.0,2.4,0.497,-0.841,0.995,28000000000.0,18,5.708055805797585e-09,5.930293767164585e-08,5.3594881865848265e-08,6.881128342683951e-07,-61.62340341877539,-31.62340341877539,cir_coefficients_tau_mask,,"[1, 1, 1, 1, 18, 1]","[1, 1, 18]","[1, 1, 18]","[1, 1, 18]",,True,,18,5.3594881865848265e-08,-31.62340377753609,0,0.0,3.587607011468208e-07,0,0,0,0,0,0,0,0,1.7112320123232851,1697,3218,3618,0.02289702470838467,0.0383576772917001,0.04369054344856294,1597,0,0.1609
172,44201,rx_ur5_base,/home/telilab4090/Documents/Gazebo World/my_world/rt_out/experiments/semantic_ablation_rigid_200f/sionna_xml/frame_172_sionna.xml,30.0,0.0,0.0,2.4,0.497,-0.841,0.995,28000000000.0,18,5.708055805797585e-09,5.930293767164585e-08,5.3594881865848265e-08,6.881128342683951e-07,-61.62340341877539,-31.62340341877539,cir_coefficients_tau_mask,,"[1, 1, 1, 1, 18, 1]","[1, 1, 18]","[1, 1, 18]","[1, 1, 18]",,True,,18,5.3594881865848265e-08,-31.62340341877539,0,0.0,0.0,0,0,0,0,0,0,0,0,1.7112320123232851,1693,3201,3310,0.02193118441168209,0.03281512679879164,0.04051947166259613,1588,0,0.16005
173,44458,rx_ur5_base,/home/telilab4090/Documents/Gazebo World/my_world/rt_out/experiments/semantic_ablation_rigid_200f/sionna_xml/frame_173_sionna.xml,30.0,0.0,0.0,2.4,0.497,-0.841,0.995,28000000000.0,18,5.708055805797585e-09,5.930293767164585e-08,5.3594881865848265e-08,6.881128342683951e-07,-61.62340341877539,-31.62340341877539,cir_coefficients_tau_mask,,"[1, 1, 1, 1, 18, 1]","[1, 1, 18]","[1, 1, 18]","[1, 1, 18]",,True,,18,5.3594881865848265e-08,-31.62340341877539,0,0.0,0.0,0,0,0,0,0,0,0,0,1.7112320123232851,1650,3167,3207,0.0246225523076904,0.03745483565177263,0.04394432601232093,1566,0,0.15835
174,44715,rx_ur5_base,/home/telilab4090/Documents/Gazebo World/my_world/rt_out/experiments/semantic_ablation_rigid_200f/sionna_xml/frame_174_sionna.xml,30.0,0.0,0.0,2.4,0.497,-0.841,0.995,28000000000.0,18,5.708055805797585e-09,5.930293767164585e-08,5.3594881865848265e-08,6.881128342683951e-07,-61.62340341877539,-31.62340341877539,cir_coefficients_tau_mask,,"[1, 1, 1, 1, 18, 1]","[1, 1, 18]","[1, 1, 18]","[1, 1, 18]",,True,,18,5.3594881865848265e-08,-31.62340341877539,0,0.0,0.0,0,0,0,0,0,0,0,0,1.7112320123232851,1752,3280,3338,0.021656088286794575,0.03728578548967662,0.04384760773666252,1670,0,0.164
175,44972,rx_ur5_base,/home/telilab4090/Documents/Gazebo World/my_world/rt_out/experiments/semantic_ablation_rigid_200f/sionna_xml/frame_175_sionna.xml,30.0,0.0,0.0,2.4,0.497,-0.841,0.995,28000000000.0,18,5.708055805797585e-09,5.930293767164585e-08,5.3594881865848265e-08,6.881128342683951e-07,-61.62340341877539,-31.62340341877539,cir_coefficients_tau_mask,,"[1, 1, 1, 1, 18, 1]","[1, 1, 18]","[1, 1, 18]","[1, 1, 18]",,True,,18,5.3594881865848265e-08,-31.62340341877539,0,0.0,0.0,0,0,0,0,0,0,0,0,1.7112320123232851,1665,3241,3299,0.0236955533798866,0.033257837069708834,0.0410314208634814,1576,0,0.16205
176,45229,rx_ur5_base,/home/telilab4090/Documents/Gazebo World/my_world/rt_out/experiments/semantic_ablation_rigid_200f/sionna_xml/frame_176_sionna.xml,30.0,0.0,0.0,2.4,0.497,-0.841,0.995,28000000000.0,18,5.708055805797585e-09,5.930293767164585e-08,5.3594881865848265e-08,6.881128342683951e-07,-61.62340341877539,-31.62340341877539,cir_coefficients_tau_mask,,"[1, 1, 1, 1, 18, 1]","[1, 1, 18]","[1, 1, 18]","[1, 1, 18]",,True,,18,5.3594881865848265e-08,-31.62340341877539,0,0.0,0.0,0,0,0,0,0,0,0,0,1.7112320123232851,1653,3151,3209,0.022174341131628066,0.03571808895660088,0.04296248142150404,1551,0,0.15755
177,45486,rx_ur5_base,/home/telilab4090/Documents/Gazebo World/my_world/rt_out/experiments/semantic_ablation_rigid_200f/sionna_xml/frame_177_sionna.xml,30.0,0.0,0.0,2.4,0.497,-0.841,0.995,28000000000.0,18,5.708055805797585e-09,5.930293767164585e-08,5.3594881865848265e-08,6.881127774249762e-07,-61.62340377753609,-31.62340377753609,cir_coefficients_tau_mask,,"[1, 1, 1, 1, 18, 1]","[1, 1, 18]","[1, 1, 18]","[1, 1, 18]",,True,,18,5.3594881865848265e-08,-31.62340341877539,0,0.0,-3.587607011468208e-07,0,0,0,0,0,0,0,0,1.7112320123232851,1745,3216,3261,0.02545102288349176,0.03332587628227939,0.040375670773999,1649,0,0.1608
178,45743,rx_ur5_base,/home/telilab4090/Documents/Gazebo World/my_world/rt_out/experiments/semantic_ablation_rigid_200f/sionna_xml/frame_178_sionna.xml,30.0,0.0,0.0,2.4,0.497,-0.841,0.995,28000000000.0,18,5.708055805797585e-09,5.930293767164585e-08,5.3594881865848265e-08,6.881128342683951e-07,-61.62340341877539,-31.62340341877539,cir_coefficients_tau_mask,,"[1, 1, 1, 1, 18, 1]","[1, 1, 18]","[1, 1, 18]","[1, 1, 18]",,True,,18,5.3594881865848265e-08,-31.62340377753609,0,0.0,3.587607011468208e-07,0,0,0,0,0,0,0,0,1.7112320123232851,1648,3119,3169,0.025990184673271056,0.036380782652579886,0.04151177121247728,1553,0,0.15595
179,46000,rx_ur5_base,/home/telilab4090/Documents/Gazebo World/my_world/rt_out/experiments/semantic_ablation_rigid_200f/sionna_xml/frame_179_sionna.xml,30.0,0.0,0.0,2.4,0.497,-0.841,0.995,28000000000.0,18,5.708055805797585e-09,5.930293767164585e-08,5.3594881865848265e-08,6.881128342683951e-07,-61.62340341877539,-31.62340341877539,cir_coefficients_tau_mask,,"[1, 1, 1, 1, 18, 1]","[1, 1, 18]","[1, 1, 18]","[1, 1, 18]",,True,,18,5.3594881865848265e-08,-31.62340341877539,0,0.0,0.0,0,0,0,0,0,0,0,0,1.7112320123232851,1670,3247,3290,0.027707377911493056,0.03785350928614352,0.04287904413282044,1583,0,0.16235
180,46257,rx_ur5_base,/home/telilab4090/Documents/Gazebo World/my_world/rt_out/experiments/semantic_ablation_rigid_200f/sionna_xml/frame_180_sionna.xml,30.0,0.0,0.0,2.4,0.497,-0.841,0.995,28000000000.0,18,5.708055805797585e-09,5.930293767164585e-08,5.3594881865848265e-08,6.881127774249762e-07,-61.62340377753609,-31.62340377753609,cir_coefficients_tau_mask,,"[1, 1, 1, 1, 18, 1]","[1, 1, 18]","[1, 1, 18]","[1, 1, 18]",,True,,18,5.3594881865848265e-08,-31.62340341877539,0,0.0,-3.587607011468208e-07,0,0,0,0,0,0,0,0,1.7112320123232851,1717,3183,3230,0.0236955533798866,0.034709979420412505,0.041096096775591937,1608,0,0.15915
181,46514,rx_ur5_base,/home/telilab4090/Documents/Gazebo World/my_world/rt_out/experiments/semantic_ablation_rigid_200f/sionna_xml/frame_181_sionna.xml,30.0,0.0,0.0,2.4,0.497,-0.841,0.995,28000000000.0,18,5.708055805797585e-09,5.930293767164585e-08,5.3594881865848265e-08,6.881128342683951e-07,-61.62340341877539,-31.62340341877539,cir_coefficients_tau_mask,,"[1, 1, 1, 1, 18, 1]","[1, 1, 18]","[1, 1, 18]","[1, 1, 18]",,True,,18,5.3594881865848265e-08,-31.62340377753609,0,0.0,3.587607011468208e-07,0,0,0,0,0,0,0,0,1.7112320123232851,1658,3169,3207,0.02306952061698879,0.03573369313013762,0.04122529723574669,1538,0,0.15845
182,46771,rx_ur5_base,/home/telilab4090/Documents/Gazebo World/my_world/rt_out/experiments/semantic_ablation_rigid_200f/sionna_xml/frame_182_sionna.xml,30.0,0.0,0.0,2.4,0.497,-0.841,0.995,28000000000.0,18,5.708055805797585e-09,5.930293767164585e-08,5.3594881865848265e-08,6.881128342683951e-07,-61.62340341877539,-31.62340341877539,cir_coefficients_tau_mask,,"[1, 1, 1, 1, 18, 1]","[1, 1, 18]","[1, 1, 18]","[1, 1, 18]",,True,,18,5.3594881865848265e-08,-31.62340341877539,0,0.0,0.0,0,0,0,0,0,0,0,0,1.7112320123232851,1671,3137,3185,0.02306952061698879,0.03645523630096319,0.04277821530894824,1575,0,0.15685
183,47028,rx_ur5_base,/home/telilab4090/Documents/Gazebo World/my_world/rt_out/experiments/semantic_ablation_rigid_200f/sionna_xml/frame_183_sionna.xml,30.0,0.0,0.0,2.4,0.497,-0.841,0.995,28000000000.0,18,5.708055805797585e-09,5.930293767164585e-08,5.3594881865848265e-08,6.881128342683951e-07,-61.62340341877539,-31.62340341877539,cir_coefficients_tau_mask,,"[1, 1, 1, 1, 18, 1]","[1, 1, 18]","[1, 1, 18]","[1, 1, 18]",,True,,18,5.3594881865848265e-08,-31.62340341877539,0,0.0,0.0,0,0,0,0,0,0,0,0,1.7112320123232851,1709,3190,3229,0.022174341131628066,0.03671154074479406,0.04309112178044284,1623,0,0.1595
184,47285,rx_ur5_base,/home/telilab4090/Documents/Gazebo World/my_world/rt_out/experiments/semantic_ablation_rigid_200f/sionna_xml/frame_184_sionna.xml,30.0,0.0,0.0,2.4,0.497,-0.841,0.995,28000000000.0,18,5.708055805797585e-09,5.930293767164585e-08,5.3594881865848265e-08,6.881128342683951e-07,-61.62340341877539,-31.62340341877539,cir_coefficients_tau_mask,,"[1, 1, 1, 1, 18, 1]","[1, 1, 18]","[1, 1, 18]","[1, 1, 18]",,True,,18,5.3594881865848265e-08,-31.62340341877539,0,0.0,0.0,0,0,0,0,0,0,0,0,1.7112320123232851,1630,3265,3305,0.022174341131628066,0.03843792659198639,0.04298563738881641,1540,0,0.16325
185,47542,rx_ur5_base,/home/telilab4090/Documents/Gazebo World/my_world/rt_out/experiments/semantic_ablation_rigid_200f/sionna_xml/frame_185_sionna.xml,30.0,0.0,0.0,2.4,0.497,-0.841,0.995,28000000000.0,18,5.708055805797585e-09,5.930293767164585e-08,5.3594881865848265e-08,6.881128342683951e-07,-61.62340341877539,-31.62340341877539,cir_coefficients_tau_mask,,"[1, 1, 1, 1, 18, 1]","[1, 1, 18]","[1, 1, 18]","[1, 1, 18]",,True,,18,5.3594881865848265e-08,-31.62340341877539,0,0.0,0.0,0,0,0,0,0,0,0,0,1.7112320123232851,1746,3225,3265,0.02289702470838467,0.03781622570790591,0.04267175028624493,1639,0,0.16125
186,47799,rx_ur5_base,/home/telilab4090/Documents/Gazebo World/my_world/rt_out/experiments/semantic_ablation_rigid_200f/sionna_xml/frame_186_sionna.xml,30.0,0.0,0.0,2.4,0.497,-0.841,0.995,28000000000.0,18,5.708055805797585e-09,5.930293767164585e-08,5.3594881865848265e-08,6.881128342683951e-07,-61.62340341877539,-31.62340341877539,cir_coefficients_tau_mask,,"[1, 1, 1, 1, 18, 1]","[1, 1, 18]","[1, 1, 18]","[1, 1, 18]",,True,,18,5.3594881865848265e-08,-31.62340341877539,0,0.0,0.0,0,0,0,0,0,0,0,0,1.7112320123232851,1667,3231,3268,0.02193118441168209,0.03512125544497749,0.04241250331536617,1556,0,0.16155
187,48056,rx_ur5_base,/home/telilab4090/Documents/Gazebo World/my_world/rt_out/experiments/semantic_ablation_rigid_200f/sionna_xml/frame_187_sionna.xml,30.0,0.0,0.0,2.4,0.497,-0.841,0.995,28000000000.0,18,5.708055805797585e-09,5.930293767164585e-08,5.3594881865848265e-08,6.881128342683951e-07,-61.62340341877539,-31.62340341877539,cir_coefficients_tau_mask,,"[1, 1, 1, 1, 18, 1]","[1, 1, 18]","[1, 1, 18]","[1, 1, 18]",,True,,18,5.3594881865848265e-08,-31.62340341877539,0,0.0,0.0,0,0,0,0,0,0,0,0,1.7112320123232851,1648,3178,3222,0.024322010810460457,0.03402432762005034,0.04117114671112656,1554,0,0.1589
188,48313,rx_ur5_base,/home/telilab4090/Documents/Gazebo World/my_world/rt_out/experiments/semantic_ablation_rigid_200f/sionna_xml/frame_188_sionna.xml,30.0,0.0,0.0,2.4,0.497,-0.841,0.995,28000000000.0,18,5.708055805797585e-09,5.930293767164585e-08,5.3594881865848265e-08,6.881128342683951e-07,-61.62340341877539,-31.62340341877539,cir_coefficients_tau_mask,,"[1, 1, 1, 1, 18, 1]","[1, 1, 18]","[1, 1, 18]","[1, 1, 18]",,True,,18,5.3594881865848265e-08,-31.62340341877539,0,0.0,0.0,0,0,0,0,0,0,0,0,1.7112320123232851,1687,3217,3263,0.021905824269358675,0.037137790557515545,0.04329772576215794,1592,0,0.16085
189,48570,rx_ur5_base,/home/telilab4090/Documents/Gazebo World/my_world/rt_out/experiments/semantic_ablation_rigid_200f/sionna_xml/frame_189_sionna.xml,30.0,0.0,0.0,2.4,0.497,-0.841,0.995,28000000000.0,18,5.708055805797585e-09,5.930293767164585e-08,5.3594881865848265e-08,6.881127774249762e-07,-61.62340377753609,-31.62340377753609,cir_coefficients_tau_mask,,"[1, 1, 1, 1, 18, 1]","[1, 1, 18]","[1, 1, 18]","[1, 1, 18]",,True,,18,5.3594881865848265e-08,-31.62340341877539,0,0.0,-3.587607011468208e-07,0,0,0,0,0,0,0,0,1.7112320123232851,1644,3160,3216,0.026339852551045147,0.03854442611065993,0.04513780800947443,1537,0,0.158
190,48827,rx_ur5_base,/home/telilab4090/Documents/Gazebo World/my_world/rt_out/experiments/semantic_ablation_rigid_200f/sionna_xml/frame_190_sionna.xml,30.0,0.0,0.0,2.4,0.497,-0.841,0.995,28000000000.0,18,5.708055805797585e-09,5.930293767164585e-08,5.3594881865848265e-08,6.881128342683951e-07,-61.62340341877539,-31.62340341877539,cir_coefficients_tau_mask,,"[1, 1, 1, 1, 18, 1]","[1, 1, 18]","[1, 1, 18]","[1, 1, 18]",,True,,18,5.3594881865848265e-08,-31.62340377753609,0,0.0,3.587607011468208e-07,0,0,0,0,0,0,0,0,1.7112320123232851,1677,3176,3214,0.02174403116856855,0.035809693031108356,0.042410329258183596,1598,0,0.1588
191,49084,rx_ur5_base,/home/telilab4090/Documents/Gazebo World/my_world/rt_out/experiments/semantic_ablation_rigid_200f/sionna_xml/frame_191_sionna.xml,30.0,0.0,0.0,2.4,0.497,-0.841,0.995,28000000000.0,18,5.708055805797585e-09,5.930293767164585e-08,5.3594881865848265e-08,6.881127774249762e-07,-61.62340377753609,-31.62340377753609,cir_coefficients_tau_mask,,"[1, 1, 1, 1, 18, 1]","[1, 1, 18]","[1, 1, 18]","[1, 1, 18]",,True,,18,5.3594881865848265e-08,-31.62340341877539,0,0.0,-3.587607011468208e-07,0,0,0,0,0,0,0,0,1.7112320123232851,1681,3197,3243,0.022174341131628066,0.03667178265133687,0.04248574582487227,1573,0,0.15985
192,49341,rx_ur5_base,/home/telilab4090/Documents/Gazebo World/my_world/rt_out/experiments/semantic_ablation_rigid_200f/sionna_xml/frame_192_sionna.xml,30.0,0.0,0.0,2.4,0.497,-0.841,0.995,28000000000.0,18,5.708055805797585e-09,5.930293767164585e-08,5.3594881865848265e-08,6.881128342683951e-07,-61.62340341877539,-31.62340341877539,cir_coefficients_tau_mask,,"[1, 1, 1, 1, 18, 1]","[1, 1, 18]","[1, 1, 18]","[1, 1, 18]",,True,,18,5.3594881865848265e-08,-31.62340377753609,0,0.0,3.587607011468208e-07,0,0,0,0,0,0,0,0,1.7112320123232851,1691,3226,3274,0.025009433117994584,0.03485008668958857,0.041148188269710645,1579,0,0.1613
193,49598,rx_ur5_base,/home/telilab4090/Documents/Gazebo World/my_world/rt_out/experiments/semantic_ablation_rigid_200f/sionna_xml/frame_193_sionna.xml,30.0,0.0,0.0,2.4,0.497,-0.841,0.995,28000000000.0,18,5.708055805797585e-09,5.930293767164585e-08,5.3594881865848265e-08,6.881128342683951e-07,-61.62340341877539,-31.62340341877539,cir_coefficients_tau_mask,,"[1, 1, 1, 1, 18, 1]","[1, 1, 18]","[1, 1, 18]","[1, 1, 18]",,True,,18,5.3594881865848265e-08,-31.62340341877539,0,0.0,0.0,0,0,0,0,0,0,0,0,1.7112320123232851,1669,3167,3209,0.02531698153272515,0.036174463716387675,0.04230716121575646,1570,0,0.15835
194,49855,rx_ur5_base,/home/telilab4090/Documents/Gazebo World/my_world/rt_out/experiments/semantic_ablation_rigid_200f/sionna_xml/frame_194_sionna.xml,30.0,0.0,0.0,2.4,0.497,-0.841,0.995,28000000000.0,18,5.708055805797585e-09,5.930293767164585e-08,5.3594881865848265e-08,6.881127774249762e-07,-61.62340377753609,-31.62340377753609,cir_coefficients_tau_mask,,"[1, 1, 1, 1, 18, 1]","[1, 1, 18]","[1, 1, 18]","[1, 1, 18]",,True,,18,5.3594881865848265e-08,-31.62340341877539,0,0.0,-3.587607011468208e-07,0,0,0,0,0,0,0,0,1.7112320123232851,1727,3273,3310,0.021656088286794575,0.03541008786380835,0.04127361985100858,1634,0,0.16365
195,50112,rx_ur5_base,/home/telilab4090/Documents/Gazebo World/my_world/rt_out/experiments/semantic_ablation_rigid_200f/sionna_xml/frame_195_sionna.xml,30.0,0.0,0.0,2.4,0.497,-0.841,0.995,28000000000.0,18,5.708055805797585e-09,5.930293767164585e-08,5.3594881865848265e-08,6.881128342683951e-07,-61.62340341877539,-31.62340341877539,cir_coefficients_tau_mask,,"[1, 1, 1, 1, 18, 1]","[1, 1, 18]","[1, 1, 18]","[1, 1, 18]",,True,,18,5.3594881865848265e-08,-31.62340377753609,0,0.0,3.587607011468208e-07,0,0,0,0,0,0,0,0,1.7112320123232851,1694,3203,3247,0.023217848899091335,0.033073236576276505,0.04056629594600235,1594,0,0.16015
196,50369,rx_ur5_base,/home/telilab4090/Documents/Gazebo World/my_world/rt_out/experiments/semantic_ablation_rigid_200f/sionna_xml/frame_196_sionna.xml,30.0,0.0,0.0,2.4,0.497,-0.841,0.995,28000000000.0,18,5.708055805797585e-09,5.930293767164585e-08,5.3594881865848265e-08,6.881128342683951e-07,-61.62340341877539,-31.62340341877539,cir_coefficients_tau_mask,,"[1, 1, 1, 1, 18, 1]","[1, 1, 18]","[1, 1, 18]","[1, 1, 18]",,True,,18,5.3594881865848265e-08,-31.62340341877539,0,0.0,0.0,0,0,0,0,0,0,0,0,1.7112320123232851,1675,3213,3371,0.024999220167013503,0.03979334930500203,0.04681900154398345,1596,0,0.16065
197,50626,rx_ur5_base,/home/telilab4090/Documents/Gazebo World/my_world/rt_out/experiments/semantic_ablation_rigid_200f/sionna_xml/frame_197_sionna.xml,30.0,0.0,0.0,2.4,0.497,-0.841,0.995,28000000000.0,18,5.708055805797585e-09,5.930293767164585e-08,5.3594881865848265e-08,6.881128342683951e-07,-61.62340341877539,-31.62340341877539,cir_coefficients_tau_mask,,"[1, 1, 1, 1, 18, 1]","[1, 1, 18]","[1, 1, 18]","[1, 1, 18]",,True,,18,5.3594881865848265e-08,-31.62340341877539,0,0.0,0.0,0,0,0,0,0,0,0,0,1.7112320123232851,1722,3260,3857,0.022512443604644904,0.03554660060152831,0.04269995128922516,1602,0,0.163
198,50883,rx_ur5_base,/home/telilab4090/Documents/Gazebo World/my_world/rt_out/experiments/semantic_ablation_rigid_200f/sionna_xml/frame_198_sionna.xml,30.0,0.0,0.0,2.4,0.497,-0.841,0.995,28000000000.0,18,5.708055805797585e-09,5.930293767164585e-08,5.3594881865848265e-08,6.881128342683951e-07,-61.62340341877539,-31.62340341877539,cir_coefficients_tau_mask,,"[1, 1, 1, 1, 18, 1]","[1, 1, 18]","[1, 1, 18]","[1, 1, 18]",,True,,18,5.3594881865848265e-08,-31.62340341877539,0,0.0,0.0,0,0,0,0,0,0,0,0,1.7112320123232851,1661,3096,3534,0.024322010810460457,0.04121295745314075,0.04669736369832396,1548,0,0.1548
199,51140,rx_ur5_base,/home/telilab4090/Documents/Gazebo World/my_world/rt_out/experiments/semantic_ablation_rigid_200f/sionna_xml/frame_199_sionna.xml,30.0,0.0,0.0,2.4,0.497,-0.841,0.995,28000000000.0,18,5.708055805797585e-09,5.930293767164585e-08,5.3594881865848265e-08,6.881128342683951e-07,-61.62340341877539,-31.62340341877539,cir_coefficients_tau_mask,,"[1, 1, 1, 1, 18, 1]","[1, 1, 18]","[1, 1, 18]","[1, 1, 18]",,True,,18,5.3594881865848265e-08,-31.62340341877539,0,0.0,0.0,0,0,0,0,0,0,0,0,1.7112320123232851,1675,3224,3642,0.022174341131628066,0.0374135555781195,0.04389564680060937,1574,0,0.1612
1,257,rx_x500_body,/home/telilab4090/Documents/Gazebo World/my_world/rt_out/experiments/semantic_ablation_rigid_200f/sionna_xml/frame_001_sionna.xml,30.0,0.0,0.0,2.4,-3.9279,3.2024,1.3944,28000000000.0,23,1.7234324189985273e-08,7.465505547088469e-08,5.742073128089942e-08,3.372388945876992e-08,-74.72062342912375,-44.72062342912375,cir_coefficients_tau_mask,,"[1, 1, 1, 1, 23, 1]","[1, 1, 23]","[1, 1, 23]","[1, 1, 23]",,True,,23,5.742073128089942e-08,-44.72062342912375,0,0.0,0.0,0,0,0,0,0,0,0,0,5.166719997251641,4022,6482,7109,0.03496862826551242,0.042532770985906604,0.04457975572575378,6482,0,0.3241
2,514,rx_x500_body,/home/telilab4090/Documents/Gazebo World/my_world/rt_out/experiments/semantic_ablation_rigid_200f/sionna_xml/frame_002_sionna.xml,30.0,0.0,0.0,2.4,-3.9279,3.2024,1.3944,28000000000.0,23,1.7234324189985273e-08,7.465505547088469e-08,5.742073128089942e-08,3.372388945876992e-08,-74.72062342912375,-44.72062342912375,cir_coefficients_tau_mask,,"[1, 1, 1, 1, 23, 1]","[1, 1, 23]","[1, 1, 23]","[1, 1, 23]",,True,,23,5.742073128089942e-08,-44.72062342912375,0,0.0,0.0,0,0,0,0,0,0,0,0,5.166719997251641,4082,6609,7249,0.037213823125951666,0.0430820718963727,0.04463630547420031,6609,0,0.33045
3,771,rx_x500_body,/home/telilab4090/Documents/Gazebo World/my_world/rt_out/experiments/semantic_ablation_rigid_200f/sionna_xml/frame_003_sionna.xml,30.0,0.0,0.0,2.4,-3.9279,3.2024,1.3944,28000000000.0,23,1.7234324189985273e-08,7.465505547088469e-08,5.742073128089942e-08,3.3723893011483597e-08,-74.72062297160716,-44.720622971607156,cir_coefficients_tau_mask,,"[1, 1, 1, 1, 23, 1]","[1, 1, 23]","[1, 1, 23]","[1, 1, 23]",,True,,23,5.742073128089942e-08,-44.72062342912375,0,0.0,4.575165917231061e-07,0,0,0,0,0,0,0,0,5.166719997251641,4000,6521,7038,0.034735572951969794,0.04222644811685351,0.044363939404113865,6521,0,0.32605
4,1028,rx_x500_body,/home/telilab4090/Documents/Gazebo World/my_world/rt_out/experiments/semantic_ablation_rigid_200f/sionna_xml/frame_004_sionna.xml,30.0,0.0,0.0,2.4,-3.9279,3.2024,1.3944,28000000000.0,23,1.7234324189985273e-08,7.465505547088469e-08,5.742073128089942e-08,3.372388590605624e-08,-74.72062388664037,-44.72062388664037,cir_coefficients_tau_mask,,"[1, 1, 1, 1, 23, 1]","[1, 1, 23]","[1, 1, 23]","[1, 1, 23]",,True,,23,5.742073128089942e-08,-44.720622971607156,0,0.0,-9.150332118679216e-07,0,0,0,0,0,0,0,0,5.166719997251641,4000,6627,7085,0.035635282287802,0.04251042890647785,0.04435539662963321,6627,0,0.33135
5,1285,rx_x500_body,/home/telilab4090/Documents/Gazebo World/my_world/rt_out/experiments/semantic_ablation_rigid_200f/sionna_xml/frame_005_sionna.xml,30.0,0.0,0.0,2.4,-3.9279,3.2024,1.3944,28000000000.0,23,1.7234324189985273e-08,7.465505547088469e-08,5.742073128089942e-08,3.372388235334256e-08,-74.72062434415706,-44.72062434415706,cir_coefficients_tau_mask,,"[1, 1, 1, 1, 23, 1]","[1, 1, 23]","[1, 1, 23]","[1, 1, 23]",,True,,23,5.742073128089942e-08,-44.72062388664037,0,0.0,-4.575166911990891e-07,0,0,0,0,0,0,0,0,5.166719997251641,4134,6736,7277,0.035045048113695514,0.041350284079775104,0.04390497260698134,6736,0,0.3368
6,1542,rx_x500_body,/home/telilab4090/Documents/Gazebo World/my_world/rt_out/experiments/semantic_ablation_rigid_200f/sionna_xml/frame_006_sionna.xml,30.0,0.0,0.0,2.4,-3.9279,3.2024,1.3944,28000000000.0,23,1.7234324189985273e-08,7.465505547088469e-08,5.742073128089942e-08,3.372388235334256e-08,-74.72062434415706,-44.72062434415706,cir_coefficients_tau_mask,,"[1, 1, 1, 1, 23, 1]","[1, 1, 23]","[1, 1, 23]","[1, 1, 23]",,True,,23,5.742073128089942e-08,-44.72062434415706,0,0.0,0.0,0,0,0,0,0,0,0,0,5.166719997251641,4141,6721,7297,0.0348672188094531,0.04168500610114182,0.04419483518665561,6721,0,0.33605
7,1799,rx_x500_body,/home/telilab4090/Documents/Gazebo World/my_world/rt_out/experiments/semantic_ablation_rigid_200f/sionna_xml/frame_007_sionna.xml,30.0,0.0,0.0,2.4,-3.9279,3.2024,1.3944,28000000000.0,23,1.7234324189985273e-08,7.465505547088469e-08,5.742073128089942e-08,3.372388945876992e-08,-74.72062342912375,-44.72062342912375,cir_coefficients_tau_mask,,"[1, 1, 1, 1, 23, 1]","[1, 1, 23]","[1, 1, 23]","[1, 1, 23]",,True,,23,5.742073128089942e-08,-44.72062434415706,0,0.0,9.150333113439046e-07,0,0,0,0,0,0,0,0,5.166719997251641,4015,6568,7275,0.03540523908389104,0.041874396899412976,0.04414460474754533,6568,0,0.3284
8,2056,rx_x500_body,/home/telilab4090/Documents/Gazebo World/my_world/rt_out/experiments/semantic_ablation_rigid_200f/sionna_xml/frame_008_sionna.xml,30.0,0.0,0.0,2.4,-3.9279,3.2024,1.3944,28000000000.0,23,1.7234324189985273e-08,7.465505547088469e-08,5.742073128089942e-08,3.372388945876992e-08,-74.72062342912375,-44.72062342912375,cir_coefficients_tau_mask,,"[1, 1, 1, 1, 23, 1]","[1, 1, 23]","[1, 1, 23]","[1, 1, 23]",,True,,23,5.742073128089942e-08,-44.72062342912375,0,0.0,0.0,0,0,0,0,0,0,0,0,5.166719997251641,4154,6702,7396,0.0348672188094531,0.04254366139780995,0.044170999831918245,6701,0,0.3351
9,2313,rx_x500_body,/home/telilab4090/Documents/Gazebo World/my_world/rt_out/experiments/semantic_ablation_rigid_200f/sionna_xml/frame_009_sionna.xml,30.0,0.0,0.0,2.4,-3.9279,3.2024,1.3944,28000000000.0,23,1.7234324189985273e-08,7.465505547088469e-08,5.742073128089942e-08,3.372388945876992e-08,-74.72062342912375,-44.72062342912375,cir_coefficients_tau_mask,,"[1, 1, 1, 1, 23, 1]","[1, 1, 23]","[1, 1, 23]","[1, 1, 23]",,True,,23,5.742073128089942e-08,-44.72062342912375,0,0.0,0.0,0,0,0,0,0,0,0,0,5.166719997251641,4062,6622,7350,0.03513092655394849,0.04336163215696712,0.04484066707410958,6622,0,0.3311
10,2570,rx_x500_body,/home/telilab4090/Documents/Gazebo World/my_world/rt_out/experiments/semantic_ablation_rigid_200f/sionna_xml/frame_010_sionna.xml,30.0,0.0,0.0,2.4,-3.9279,3.2024,1.3944,28000000000.0,23,1.7234324189985273e-08,7.465505547088469e-08,5.742073128089942e-08,3.372388945876992e-08,-74.72062342912375,-44.72062342912375,cir_coefficients_tau_mask,,"[1, 1, 1, 1, 23, 1]","[1, 1, 23]","[1, 1, 23]","[1, 1, 23]",,True,,23,5.742073128089942e-08,-44.72062342912375,0,0.0,0.0,0,0,0,0,0,0,0,0,5.166719997251641,4089,6713,7394,0.034679362957369904,0.04091224497087153,0.04369513757696606,6713,0,0.33565
11,2827,rx_x500_body,/home/telilab4090/Documents/Gazebo World/my_world/rt_out/experiments/semantic_ablation_rigid_200f/sionna_xml/frame_011_sionna.xml,30.0,0.0,0.0,2.4,-3.9279,3.2024,1.3944,28000000000.0,23,1.7234324189985273e-08,7.465505547088469e-08,5.742073128089942e-08,3.372388945876992e-08,-74.72062342912375,-44.72062342912375,cir_coefficients_tau_mask,,"[1, 1, 1, 1, 23, 1]","[1, 1, 23]","[1, 1, 23]","[1, 1, 23]",,True,,23,5.742073128089942e-08,-44.72062342912375,0,0.0,0.0,0,0,0,0,0,0,0,0,5.166719997251641,4080,6619,6622,0.03528133468184201,0.041173319328575625,0.043846334851537015,6619,0,0.33095
12,3084,rx_x500_body,/home/telilab4090/Documents/Gazebo World/my_world/rt_out/experiments/semantic_ablation_rigid_200f/sionna_xml/frame_012_sionna.xml,30.0,0.0,0.0,2.4,-3.9279,3.2024,1.3944,28000000000.0,23,1.7234324189985273e-08,7.465505547088469e-08,5.742073128089942e-08,3.372388945876992e-08,-74.72062342912375,-44.72062342912375,cir_coefficients_tau_mask,,"[1, 1, 1, 1, 23, 1]","[1, 1, 23]","[1, 1, 23]","[1, 1, 23]",,True,,23,5.742073128089942e-08,-44.72062342912375,0,0.0,0.0,0,0,0,0,0,0,0,0,5.166719997251641,4132,6671,6676,0.03569833817316706,0.04198890274110732,0.04407651428140698,6671,0,0.33355
13,3341,rx_x500_body,/home/telilab4090/Documents/Gazebo World/my_world/rt_out/experiments/semantic_ablation_rigid_200f/sionna_xml/frame_013_sionna.xml,30.0,0.0,0.0,2.4,-3.9279,3.2024,1.3944,28000000000.0,23,1.7234324189985273e-08,7.465505547088469e-08,5.742073128089942e-08,3.3723893011483597e-08,-74.72062297160716,-44.720622971607156,cir_coefficients_tau_mask,,"[1, 1, 1, 1, 23, 1]","[1, 1, 23]","[1, 1, 23]","[1, 1, 23]",,True,,23,5.742073128089942e-08,-44.72062342912375,0,0.0,4.575165917231061e-07,0,0,0,0,0,0,0,0,5.166719997251641,4133,6697,6704,0.03506703194023784,0.04242503734299205,0.044246258453515735,6697,0,0.33485
14,3598,rx_x500_body,/home/telilab4090/Documents/Gazebo World/my_world/rt_out/experiments/semantic_ablation_rigid_200f/sionna_xml/frame_014_sionna.xml,30.0,0.0,0.0,2.4,-3.9279,3.2024,1.3944,28000000000.0,23,1.7234324189985273e-08,7.465505547088469e-08,5.742073128089942e-08,3.372388590605624e-08,-74.72062388664037,-44.72062388664037,cir_coefficients_tau_mask,,"[1, 1, 1, 1, 23, 1]","[1, 1, 23]","[1, 1, 23]","[1, 1, 23]",,True,,23,5.742073128089942e-08,-44.720622971607156,0,0.0,-9.150332118679216e-07,0,0,0,0,0,0,0,0,5.166719997251641,4103,6665,6667,0.03604994332394928,0.04147093777890171,0.04394633858112851,6665,0,0.33325
15,3855,rx_x500_body,/home/telilab4090/Documents/Gazebo World/my_world/rt_out/experiments/semantic_ablation_rigid_200f/sionna_xml/frame_015_sionna.xml,30.0,0.0,0.0,2.4,-3.9279,3.2024,1.3944,28000000000.0,23,1.7234324189985273e-08,7.465505547088469e-08,5.742073128089942e-08,3.3723893011483597e-08,-74.72062297160716,-44.720622971607156,cir_coefficients_tau_mask,,"[1, 1, 1, 1, 23, 1]","[1, 1, 23]","[1, 1, 23]","[1, 1, 23]",,True,,23,5.742073128089942e-08,-44.72062388664037,0,0.0,9.150332118679216e-07,0,0,0,0,0,0,0,0,5.166719997251641,4083,6619,7617,0.035635282287802,0.04234317051084236,0.04415325552861643,6619,0,0.33095
16,4112,rx_x500_body,/home/telilab4090/Documents/Gazebo World/my_world/rt_out/experiments/semantic_ablation_rigid_200f/sionna_xml/frame_016_sionna.xml,30.0,0.0,0.0,2.4,-3.9279,3.2024,1.3944,28000000000.0,23,1.7234324189985273e-08,7.465505547088469e-08,5.742073128089942e-08,3.3723893011483597e-08,-74.72062297160716,-44.720622971607156,cir_coefficients_tau_mask,,"[1, 1, 1, 1, 23, 1]","[1, 1, 23]","[1, 1, 23]","[1, 1, 23]",,True,,23,5.742073128089942e-08,-44.720622971607156,0,0.0,0.0,0,0,0,0,0,0,0,0,5.166719997251641,4043,6572,6581,0.03430944969729728,0.04244752674758275,0.04423719962537607,6572,0,0.3286
17,4369,rx_x500_body,/home/telilab4090/Documents/Gazebo World/my_world/rt_out/experiments/semantic_ablation_rigid_200f/sionna_xml/frame_017_sionna.xml,30.0,0.0,0.0,2.4,-3.9279,3.2024,1.3944,28000000000.0,23,1.7234324189985273e-08,7.465505547088469e-08,5.742073128089942e-08,3.3723893011483597e-08,-74.72062297160716,-44.720622971607156,cir_coefficients_tau_mask,,"[1, 1, 1, 1, 23, 1]","[1, 1, 23]","[1, 1, 23]","[1, 1, 23]",,True,,23,5.742073128089942e-08,-44.720622971607156,0,0.0,0.0,0,0,0,0,0,0,0,0,5.166719997251641,4058,6552,6554,0.03430944969729728,0.041631321640309,0.044147034500635236,6552,0,0.3276
18,4626,rx_x500_body,/home/telilab4090/Documents/Gazebo World/my_world/rt_out/experiments/semantic_ablation_rigid_200f/sionna_xml/frame_018_sionna.xml,30.0,0.0,0.0,2.4,-3.9279,3.2024,1.3944,28000000000.0,23,1.7234324189985273e-08,7.465505547088469e-08,5.742073128089942e-08,3.372388945876992e-08,-74.72062342912375,-44.72062342912375,cir_coefficients_tau_mask,,"[1, 1, 1, 1, 23, 1]","[1, 1, 23]","[1, 1, 23]","[1, 1, 23]",,True,,23,5.742073128089942e-08,-44.720622971607156,0,0.0,-4.575165917231061e-07,0,0,0,0,0,0,0,0,5.166719997251641,4195,6776,6783,0.03479142832520959,0.04102569437591105,0.04345153055458001,6776,0,0.3388
19,4883,rx_x500_body,/home/telilab4090/Documents/Gazebo World/my_world/rt_out/experiments/semantic_ablation_rigid_200f/sionna_xml/frame_019_sionna.xml,30.0,0.0,0.0,2.4,-3.9279,3.2024,1.3944,28000000000.0,23,1.7234324189985273e-08,7.465505547088469e-08,5.742073128089942e-08,3.372388945876992e-08,-74.72062342912375,-44.72062342912375,cir_coefficients_tau_mask,,"[1, 1, 1, 1, 23, 1]","[1, 1, 23]","[1, 1, 23]","[1, 1, 23]",,True,,23,5.742073128089942e-08,-44.72062342912375,0,0.0,0.0,0,0,0,0,0,0,0,0,5.166719997251641,4178,6704,6831,0.03454244322623389,0.040484528945825,0.043564656642999404,6704,0,0.3352
20,5140,rx_x500_body,/home/telilab4090/Documents/Gazebo World/my_world/rt_out/experiments/semantic_ablation_rigid_200f/sionna_xml/frame_020_sionna.xml,30.0,0.0,0.0,2.4,-3.9279,3.2024,1.3944,28000000000.0,23,1.7234324189985273e-08,7.465505547088469e-08,5.742073128089942e-08,3.372388945876992e-08,-74.72062342912375,-44.72062342912375,cir_coefficients_tau_mask,,"[1, 1, 1, 1, 23, 1]","[1, 1, 23]","[1, 1, 23]","[1, 1, 23]",,True,,23,5.742073128089942e-08,-44.72062342912375,0,0.0,0.0,0,0,0,0,0,0,0,0,5.166719997251641,4001,6563,7033,0.03494755382099156,0.04057436757434632,0.043445681460304086,6563,0,0.32815
21,5397,rx_x500_body,/home/telilab4090/Documents/Gazebo World/my_world/rt_out/experiments/semantic_ablation_rigid_200f/sionna_xml/frame_021_sionna.xml,30.0,0.0,0.0,2.4,-3.9279,3.2024,1.3944,28000000000.0,23,1.7234324189985273e-08,7.465505547088469e-08,5.742073128089942e-08,3.372388945876992e-08,-74.72062342912375,-44.72062342912375,cir_coefficients_tau_mask,,"[1, 1, 1, 1, 23, 1]","[1, 1, 23]","[1, 1, 23]","[1, 1, 23]",,True,,23,5.742073128089942e-08,-44.72062342912375,0,0.0,0.0,0,0,0,0,0,0,0,0,5.166719997251641,4096,6639,6844,0.03538506471330203,0.0420192398838888,0.04401473119297629,6639,0,0.33195
22,5654,rx_x500_body,/home/telilab4090/Documents/Gazebo World/my_world/rt_out/experiments/semantic_ablation_rigid_200f/sionna_xml/frame_022_sionna.xml,30.0,0.0,0.0,2.4,-3.9279,3.2024,1.3944,28000000000.0,23,1.7234324189985273e-08,7.465505547088469e-08,5.742073128089942e-08,3.3723893011483597e-08,-74.72062297160716,-44.720622971607156,cir_coefficients_tau_mask,,"[1, 1, 1, 1, 23, 1]","[1, 1, 23]","[1, 1, 23]","[1, 1, 23]",,True,,23,5.742073128089942e-08,-44.72062342912375,0,0.0,4.575165917231061e-07,0,0,0,0,0,0,0,0,5.166719997251641,4131,6675,6903,0.03494755382099156,0.042565428386082266,0.044398268383933986,6674,0,0.33375
23,5911,rx_x500_body,/home/telilab4090/Documents/Gazebo World/my_world/rt_out/experiments/semantic_ablation_rigid_200f/sionna_xml/frame_023_sionna.xml,30.0,0.0,0.0,2.4,-3.9279,3.2024,1.3944,28000000000.0,23,1.7234324189985273e-08,7.465505547088469e-08,5.742073128089942e-08,3.3723893011483597e-08,-74.72062297160716,-44.720622971607156,cir_coefficients_tau_mask,,"[1, 1, 1, 1, 23, 1]","[1, 1, 23]","[1, 1, 23]","[1, 1, 23]",,True,,23,5.742073128089942e-08,-44.720622971607156,0,0.0,0.0,0,0,0,0,0,0,0,0,5.166719997251641,4007,6532,6741,0.03479142832520959,0.04215207901800197,0.04400478993590519,6532,0,0.3266
24,6168,rx_x500_body,/home/telilab4090/Documents/Gazebo World/my_world/rt_out/experiments/semantic_ablation_rigid_200f/sionna_xml/frame_024_sionna.xml,30.0,0.0,0.0,2.4,-3.9279,3.2024,1.3944,28000000000.0,23,1.7234324189985273e-08,7.465505547088469e-08,5.742073128089942e-08,3.372388590605624e-08,-74.72062388664037,-44.72062388664037,cir_coefficients_tau_mask,,"[1, 1, 1, 1, 23, 1]","[1, 1, 23]","[1, 1, 23]","[1, 1, 23]",,True,,23,5.742073128089942e-08,-44.720622971607156,0,0.0,-9.150332118679216e-07,0,0,0,0,0,0,0,0,5.166719997251641,4065,6620,6764,0.03451909105938538,0.04241879183817204,0.04423383342383609,6620,0,0.331
25,6425,rx_x500_body,/home/telilab4090/Documents/Gazebo World/my_world/rt_out/experiments/semantic_ablation_rigid_200f/sionna_xml/frame_025_sionna.xml,30.0,0.0,0.0,2.4,-3.9279,3.2024,1.3944,28000000000.0,23,1.7234324189985273e-08,7.465505547088469e-08,5.742073128089942e-08,3.372388590605624e-08,-74.72062388664037,-44.72062388664037,cir_coefficients_tau_mask,,"[1, 1, 1, 1, 23, 1]","[1, 1, 23]","[1, 1, 23]","[1, 1, 23]",,True,,23,5.742073128089942e-08,-44.72062388664037,0,0.0,0.0,0,0,0,0,0,0,0,0,5.166719997251641,4120,6658,6663,0.03991036022111248,0.0425360065493301,0.044010174950475746,6658,0,0.3329
26,6682,rx_x500_body,/home/telilab4090/Documents/Gazebo World/my_world/rt_out/experiments/semantic_ablation_rigid_200f/sionna_xml/frame_026_sionna.xml,30.0,0.0,0.0,2.4,-3.9279,3.2024,1.3944,28000000000.0,23,1.7234324189985273e-08,7.465505547088469e-08,5.742073128089942e-08,3.372388590605624e-08,-74.72062388664037,-44.72062388664037,cir_coefficients_tau_mask,,"[1, 1, 1, 1, 23, 1]","[1, 1, 23]","[1, 1, 23]","[1, 1, 23]",,True,,23,5.742073128089942e-08,-44.72062388664037,0,0.0,0.0,0,0,0,0,0,0,0,0,5.166719997251641,4133,6671,6764,0.03968795178599801,0.043240955045557285,0.04458710737979945,6670,0,0.33355
27,6939,rx_x500_body,/home/telilab4090/Documents/Gazebo World/my_world/rt_out/experiments/semantic_ablation_rigid_200f/sionna_xml/frame_027_sionna.xml,30.0,0.0,0.0,2.4,-3.9279,3.2024,1.3944,28000000000.0,23,1.7234324189985273e-08,7.465505547088469e-08,5.742073128089942e-08,3.3723893011483597e-08,-74.72062297160716,-44.720622971607156,cir_coefficients_tau_mask,,"[1, 1, 1, 1, 23, 1]","[1, 1, 23]","[1, 1, 23]","[1, 1, 23]",,True,,23,5.742073128089942e-08,-44.72062388664037,0,0.0,9.150332118679216e-07,0,0,0,0,0,0,0,0,5.166719997251641,4026,6512,6799,0.03461625178964631,0.043485085997952075,0.044732232783919024,6512,0,0.3256
28,7196,rx_x500_body,/home/telilab4090/Documents/Gazebo World/my_world/rt_out/experiments/semantic_ablation_rigid_200f/sionna_xml/frame_028_sionna.xml,30.0,0.0,0.0,2.4,-3.9279,3.2024,1.3944,28000000000.0,23,1.7234324189985273e-08,7.465505547088469e-08,5.742073128089942e-08,3.3723893011483597e-08,-74.72062297160716,-44.720622971607156,cir_coefficients_tau_mask,,"[1, 1, 1, 1, 23, 1]","[1, 1, 23]","[1, 1, 23]","[1, 1, 23]",,True,,23,5.742073128089942e-08,-44.720622971607156,0,0.0,0.0,0,0,0,0,0,0,0,0,5.166719997251641,4127,6743,7089,0.034455735952779454,0.041754050388765,0.04392784889874123,6743,0,0.33715
29,7453,rx_x500_body,/home/telilab4090/Documents/Gazebo World/my_world/rt_out/experiments/semantic_ablation_rigid_200f/sionna_xml/frame_029_sionna.xml,30.0,0.0,0.0,2.4,-3.9279,3.2024,1.3944,28000000000.0,23,1.7234324189985273e-08,7.465505547088469e-08,5.742073128089942e-08,3.372388945876992e-08,-74.72062342912375,-44.72062342912375,cir_coefficients_tau_mask,,"[1, 1, 1, 1, 23, 1]","[1, 1, 23]","[1, 1, 23]","[1, 1, 23]",,True,,23,5.742073128089942e-08,-44.720622971607156,0,0.0,-4.575165917231061e-07,0,0,0,0,0,0,0,0,5.166719997251641,4128,6610,6824,0.03451909105938538,0.04224018793375372,0.04400551118484111,6610,0,0.3305
30,7710,rx_x500_body,/home/telilab4090/Documents/Gazebo World/my_world/rt_out/experiments/semantic_ablation_rigid_200f/sionna_xml/frame_030_sionna.xml,30.0,0.0,0.0,2.4,-3.9279,3.2024,1.3944,28000000000.0,23,1.7234324189985273e-08,7.465505547088469e-08,5.742073128089942e-08,3.372388590605624e-08,-74.72062388664037,-44.72062388664037,cir_coefficients_tau_mask,,"[1, 1, 1, 1, 23, 1]","[1, 1, 23]","[1, 1, 23]","[1, 1, 23]",,True,,23,5.742073128089942e-08,-44.72062342912375,0,0.0,-4.5751662014481553e-07,0,0,0,0,0,0,0,0,5.166719997251641,4168,6723,6773,0.03524798956450171,0.042038968122489896,0.0440148168446589,6723,0,0.33615
31,7967,rx_x500_body,/home/telilab4090/Documents/Gazebo World/my_world/rt_out/experiments/semantic_ablation_rigid_200f/sionna_xml/frame_031_sionna.xml,30.0,0.0,0.0,2.4,-3.9279,3.2024,1.3944,28000000000.0,23,1.7234324189985273e-08,7.465505547088469e-08,5.742073128089942e-08,3.3723893011483597e-08,-74.72062297160716,-44.720622971607156,cir_coefficients_tau_mask,,"[1, 1, 1, 1, 23, 1]","[1, 1, 23]","[1, 1, 23]","[1, 1, 23]",,True,,23,5.742073128089942e-08,-44.72062388664037,0,0.0,9.150332118679216e-07,0,0,0,0,0,0,0,0,5.166719997251641,4158,6768,6835,0.037213823125951666,0.04357894525876131,0.044808682135961446,6768,0,0.3384
32,8224,rx_x500_body,/home/telilab4090/Documents/Gazebo World/my_world/rt_out/experiments/semantic_ablation_rigid_200f/sionna_xml/frame_032_sionna.xml,30.0,0.0,0.0,2.4,-3.9279,3.2024,1.3944,28000000000.0,23,1.7234324189985273e-08,7.465505547088469e-08,5.742073128089942e-08,3.3723893011483597e-08,-74.72062297160716,-44.720622971607156,cir_coefficients_tau_mask,,"[1, 1, 1, 1, 23, 1]","[1, 1, 23]","[1, 1, 23]","[1, 1, 23]",,True,,23,5.742073128089942e-08,-44.720622971607156,0,0.0,0.0,0,0,0,0,0,0,0,0,5.166719997251641,4088,6664,6802,0.034735572951969794,0.04263734781844415,0.044659614354732875,6664,0,0.3332
33,8481,rx_x500_body,/home/telilab4090/Documents/Gazebo World/my_world/rt_out/experiments/semantic_ablation_rigid_200f/sionna_xml/frame_033_sionna.xml,30.0,0.0,0.0,2.4,-3.9279,3.2024,1.3944,28000000000.0,23,1.7234324189985273e-08,7.465505547088469e-08,5.742073128089942e-08,3.372388945876992e-08,-74.72062342912375,-44.72062342912375,cir_coefficients_tau_mask,,"[1, 1, 1, 1, 23, 1]","[1, 1, 23]","[1, 1, 23]","[1, 1, 23]",,True,,23,5.742073128089942e-08,-44.720622971607156,0,0.0,-4.575165917231061e-07,0,0,0,0,0,0,0,0,5.166719997251641,4088,6644,6745,0.03554748559669015,0.042394305295816746,0.044154360569540856,6644,0,0.3322
34,8737,rx_x500_body,/home/telilab4090/Documents/Gazebo World/my_world/rt_out/experiments/semantic_ablation_rigid_200f/sionna_xml/frame_034_sionna.xml,30.0,0.0,0.0,2.4,-3.9279,3.2024,1.3944,28000000000.0,23,1.7234324189985273e-08,7.465505547088469e-08,5.742073128089942e-08,3.3723893011483597e-08,-74.72062297160716,-44.720622971607156,cir_coefficients_tau_mask,,"[1, 1, 1, 1, 23, 1]","[1, 1, 23]","[1, 1, 23]","[1, 1, 23]",,True,,23,5.742073128089942e-08,-44.72062342912375,0,0.0,4.575165917231061e-07,0,0,0,0,0,0,0,0,5.166719997251641,4043,6579,6629,0.03451909105938538,0.04131703581986893,0.04361214447892518,6579,0,0.32895
35,8994,rx_x500_body,/home/telilab4090/Documents/Gazebo World/my_world/rt_out/experiments/semantic_ablation_rigid_200f/sionna_xml/frame_035_sionna.xml,30.0,0.0,0.0,2.4,-3.9279,3.2024,1.3944,28000000000.0,23,1.7234324189985273e-08,7.465505547088469e-08,5.742073128089942e-08,3.372388235334256e-08,-74.72062434415706,-44.72062434415706,cir_coefficients_tau_mask,,"[1, 1, 1, 1, 23, 1]","[1, 1, 23]","[1, 1, 23]","[1, 1, 23]",,True,,23,5.742073128089942e-08,-44.720622971607156,0,0.0,-1.3725499030670107e-06,0,0,0,0,0,0,0,0,5.166719997251641,4133,6710,6718,0.035456505659198584,0.042791666583859356,0.04428157433602793,6710,0,0.3355
36,9251,rx_x500_body,/home/telilab4090/Documents/Gazebo World/my_world/rt_out/experiments/semantic_ablation_rigid_200f/sionna_xml/frame_036_sionna.xml,30.0,0.0,0.0,2.4,-3.9279,3.2024,1.3944,28000000000.0,23,1.7234324189985273e-08,7.465505547088469e-08,5.742073128089942e-08,3.372388945876992e-08,-74.72062342912375,-44.72062342912375,cir_coefficients_tau_mask,,"[1, 1, 1, 1, 23, 1]","[1, 1, 23]","[1, 1, 23]","[1, 1, 23]",,True,,23,5.742073128089942e-08,-44.72062434415706,0,0.0,9.150333113439046e-07,0,0,0,0,0,0,0,0,5.166719997251641,4050,6604,6843,0.03568028436050364,0.041715046223827955,0.043936495405493436,6604,0,0.3302
37,9508,rx_x500_body,/home/telilab4090/Documents/Gazebo World/my_world/rt_out/experiments/semantic_ablation_rigid_200f/sionna_xml/frame_037_sionna.xml,30.0,0.0,0.0,2.4,-3.9279,3.2024,1.3944,28000000000.0,23,1.7234324189985273e-08,7.465505547088469e-08,5.742073128089942e-08,3.372388945876992e-08,-74.72062342912375,-44.72062342912375,cir_coefficients_tau_mask,,"[1, 1, 1, 1, 23, 1]","[1, 1, 23]","[1, 1, 23]","[1, 1, 23]",,True,,23,5.742073128089942e-08,-44.72062342912375,0,0.0,0.0,0,0,0,0,0,0,0,0,5.166719997251641,4065,6605,6800,0.035635282287802,0.042630952402205366,0.044305424994360416,6605,0,0.33025
38,9765,rx_x500_body,/home/telilab4090/Documents/Gazebo World/my_world/rt_out/experiments/semantic_ablation_rigid_200f/sionna_xml/frame_038_sionna.xml,30.0,0.0,0.0,2.4,-3.9279,3.2024,1.3944,28000000000.0,23,1.7234324189985273e-08,7.465505547088469e-08,5.742073128089942e-08,3.372388945876992e-08,-74.72062342912375,-44.72062342912375,cir_coefficients_tau_mask,,"[1, 1, 1, 1, 23, 1]","[1, 1, 23]","[1, 1, 23]","[1, 1, 23]",,True,,23,5.742073128089942e-08,-44.72062342912375,0,0.0,0.0,0,0,0,0,0,0,0,0,5.166719997251641,4093,6653,6851,0.03494755382099156,0.042228884102105554,0.04415405037059595,6652,0,0.33265
39,10022,rx_x500_body,/home/telilab4090/Documents/Gazebo World/my_world/rt_out/experiments/semantic_ablation_rigid_200f/sionna_xml/frame_039_sionna.xml,30.0,0.0,0.0,2.4,-3.9279,3.2024,1.3944,28000000000.0,23,1.7234324189985273e-08,7.465505547088469e-08,5.742073128089942e-08,3.3723893011483597e-08,-74.72062297160716,-44.720622971607156,cir_coefficients_tau_mask,,"[1, 1, 1, 1, 23, 1]","[1, 1, 23]","[1, 1, 23]","[1, 1, 23]",,True,,23,5.742073128089942e-08,-44.72062342912375,0,0.0,4.575165917231061e-07,0,0,0,0,0,0,0,0,5.166719997251641,4203,6666,6671,0.03456127174719209,0.04238744871145174,0.04431966943860435,6666,0,0.3333
40,10279,rx_x500_body,/home/telilab4090/Documents/Gazebo World/my_world/rt_out/experiments/semantic_ablation_rigid_200f/sionna_xml/frame_040_sionna.xml,30.0,0.0,0.0,2.4,-3.9279,3.2024,1.3944,28000000000.0,23,1.7234324189985273e-08,7.465505547088469e-08,5.742073128089942e-08,3.372388945876992e-08,-74.72062342912375,-44.72062342912375,cir_coefficients_tau_mask,,"[1, 1, 1, 1, 23, 1]","[1, 1, 23]","[1, 1, 23]","[1, 1, 23]",,True,,23,5.742073128089942e-08,-44.720622971607156,0,0.0,-4.575165917231061e-07,0,0,0,0,0,0,0,0,5.166719997251641,4137,6695,6705,0.034735572951969794,0.040562341442021074,0.043430197860641145,6695,0,0.33475
41,10536,rx_x500_body,/home/telilab4090/Documents/Gazebo World/my_world/rt_out/experiments/semantic_ablation_rigid_200f/sionna_xml/frame_041_sionna.xml,30.0,0.0,0.0,2.4,-3.9279,3.2024,1.3944,28000000000.0,23,1.7234324189985273e-08,7.465505547088469e-08,5.742073128089942e-08,3.372388945876992e-08,-74.72062342912375,-44.72062342912375,cir_coefficients_tau_mask,,"[1, 1, 1, 1, 23, 1]","[1, 1, 23]","[1, 1, 23]","[1, 1, 23]",,True,,23,5.742073128089942e-08,-44.72062342912375,0,0.0,0.0,0,0,0,0,0,0,0,0,5.166719997251641,4119,6703,6704,0.03471302374114305,0.04145457819480246,0.0439332284056772,6703,0,0.33515
42,10793,rx_x500_body,/home/telilab4090/Documents/Gazebo World/my_world/rt_out/experiments/semantic_ablation_rigid_200f/sionna_xml/frame_042_sionna.xml,30.0,0.0,0.0,2.4,-3.9279,3.2024,1.3944,28000000000.0,23,1.7234324189985273e-08,7.465505547088469e-08,5.742073128089942e-08,3.372388590605624e-08,-74.72062388664037,-44.72062388664037,cir_coefficients_tau_mask,,"[1, 1, 1, 1, 23, 1]","[1, 1, 23]","[1, 1, 23]","[1, 1, 23]",,True,,23,5.742073128089942e-08,-44.72062342912375,0,0.0,-4.5751662014481553e-07,0,0,0,0,0,0,0,0,5.166719997251641,4065,6596,6601,0.03551232726952578,0.0432175517594851,0.04471878222957178,6596,0,0.3298
43,11050,rx_x500_body,/home/telilab4090/Documents/Gazebo World/my_world/rt_out/experiments/semantic_ablation_rigid_200f/sionna_xml/frame_043_sionna.xml,30.0,0.0,0.0,2.4,-3.9279,3.2024,1.3944,28000000000.0,23,1.7234324189985273e-08,7.465505547088469e-08,5.742073128089942e-08,3.372388945876992e-08,-74.72062342912375,-44.72062342912375,cir_coefficients_tau_mask,,"[1, 1, 1, 1, 23, 1]","[1, 1, 23]","[1, 1, 23]","[1, 1, 23]",,True,,23,5.742073128089942e-08,-44.72062388664037,0,0.0,4.5751662014481553e-07,0,0,0,0,0,0,0,0,5.166719997251641,4110,6630,6635,0.03474356352121823,0.04187391738556428,0.0440336511318925,6630,0,0.3315
44,11307,rx_x500_body,/home/telilab4090/Documents/Gazebo World/my_world/rt_out/experiments/semantic_ablation_rigid_200f/sionna_xml/frame_044_sionna.xml,30.0,0.0,0.0,2.4,-3.9279,3.2024,1.3944,28000000000.0,23,1.7234324189985273e-08,7.465505547088469e-08,5.742073128089942e-08,3.372388945876992e-08,-74.72062342912375,-44.72062342912375,cir_coefficients_tau_mask,,"[1, 1, 1, 1, 23, 1]","[1, 1, 23]","[1, 1, 23]","[1, 1, 23]",,True,,23,5.742073128089942e-08,-44.72062342912375,0,0.0,0.0,0,0,0,0,0,0,0,0,5.166719997251641,4212,6666,6699,0.03498597899390818,0.041515607555284516,0.043777209141399286,6666,0,0.3333
45,11564,rx_x500_body,/home/telilab4090/Documents/Gazebo World/my_world/rt_out/experiments/semantic_ablation_rigid_200f/sionna_xml/frame_045_sionna.xml,30.0,0.0,0.0,2.4,-3.9279,3.2024,1.3944,28000000000.0,23,1.7234324189985273e-08,7.465505547088469e-08,5.742073128089942e-08,3.372388945876992e-08,-74.72062342912375,-44.72062342912375,cir_coefficients_tau_mask,,"[1, 1, 1, 1, 23, 1]","[1, 1, 23]","[1, 1, 23]","[1, 1, 23]",,True,,23,5.742073128089942e-08,-44.72062342912375,0,0.0,0.0,0,0,0,0,0,0,0,0,5.166719997251641,4090,6611,6615,0.0348672188094531,0.041891645508621136,0.04389472866214944,6611,0,0.33055
46,11821,rx_x500_body,/home/telilab4090/Documents/Gazebo World/my_world/rt_out/experiments/semantic_ablation_rigid_200f/sionna_xml/frame_046_sionna.xml,30.0,0.0,0.0,2.4,-3.9279,3.2024,1.3944,28000000000.0,23,1.7234324189985273e-08,7.465505547088469e-08,5.742073128089942e-08,3.372388590605624e-08,-74.72062388664037,-44.72062388664037,cir_coefficients_tau_mask,,"[1, 1, 1, 1, 23, 1]","[1, 1, 23]","[1, 1, 23]","[1, 1, 23]",,True,,23,5.742073128089942e-08,-44.72062342912375,0,0.0,-4.5751662014481553e-07,0,0,0,0,0,0,0,0,5.166719997251641,4039,6528,6534,0.03451909105938538,0.04221594598601325,0.04408840811072887,6528,0,0.3264
47,12078,rx_x500_body,/home/telilab4090/Documents/Gazebo World/my_world/rt_out/experiments/semantic_ablation_rigid_200f/sionna_xml/frame_047_sionna.xml,30.0,0.0,0.0,2.4,-3.9279,3.2024,1.3944,28000000000.0,23,1.7234324189985273e-08,7.465505547088469e-08,5.742073128089942e-08,3.3723893011483597e-08,-74.72062297160716,-44.720622971607156,cir_coefficients_tau_mask,,"[1, 1, 1, 1, 23, 1]","[1, 1, 23]","[1, 1, 23]","[1, 1, 23]",,True,,23,5.742073128089942e-08,-44.72062388664037,0,0.0,9.150332118679216e-07,0,0,0,0,0,0,0,0,5.166719997251641,4097,6673,6677,0.03494755382099156,0.041866467579812924,0.0442360872214224,6673,0,0.33365
48,12335,rx_x500_body,/home/telilab4090/Documents/Gazebo World/my_world/rt_out/experiments/semantic_ablation_rigid_200f/sionna_xml/frame_048_sionna.xml,30.0,0.0,0.0,2.4,-3.9279,3.2024,1.3944,28000000000.0,22,1.7234324189985273e-08,7.465505547088469e-08,5.742073128089942e-08,3.369492418414666e-08,-74.72435516483073,-44.724355164830726,cir_coefficients_tau_mask,,"[1, 1, 1, 1, 22, 1]","[1, 1, 22]","[1, 1, 22]","[1, 1, 22]",,True,,23,5.742073128089942e-08,-44.720622971607156,-1,0.0,-0.0037321932235698796,1,1,0,0,0,0,0,0,5.166719997251641,4076,6638,6643,0.03430944969729728,0.0413392209528501,0.04377425711842284,6638,0,0.3319
49,12592,rx_x500_body,/home/telilab4090/Documents/Gazebo World/my_world/rt_out/experiments/semantic_ablation_rigid_200f/sionna_xml/frame_049_sionna.xml,30.0,0.0,0.0,2.4,-3.9279,3.2024,1.3944,28000000000.0,23,1.7234324189985273e-08,7.465505547088469e-08,5.742073128089942e-08,3.3723893011483597e-08,-74.72062297160716,-44.720622971607156,cir_coefficients_tau_mask,,"[1, 1, 1, 1, 23, 1]","[1, 1, 23]","[1, 1, 23]","[1, 1, 23]",,True,,22,5.742073128089942e-08,-44.724355164830726,1,0.0,0.0037321932235698796,1,0,0,0,0,0,0,0,5.166719997251641,4130,6711,6716,0.03496862826551242,0.04212106172547964,0.044081692922870445,6711,0,0.33555
50,12849,rx_x500_body,/home/telilab4090/Documents/Gazebo World/my_world/rt_out/experiments/semantic_ablation_rigid_200f/sionna_xml/frame_050_sionna.xml,30.0,0.0,0.0,2.4,-3.9279,3.2024,1.3944,28000000000.0,23,1.7234324189985273e-08,7.465505547088469e-08,5.742073128089942e-08,3.3723893011483597e-08,-74.72062297160716,-44.720622971607156,cir_coefficients_tau_mask,,"[1, 1, 1, 1, 23, 1]","[1, 1, 23]","[1, 1, 23]","[1, 1, 23]",,True,,23,5.742073128089942e-08,-44.720622971607156,0,0.0,0.0,0,0,0,0,0,0,0,0,5.166719997251641,3988,6496,6501,0.035045048113695514,0.043043604530214365,0.04461281121458792,6496,0,0.3248
51,13106,rx_x500_body,/home/telilab4090/Documents/Gazebo World/my_world/rt_out/experiments/semantic_ablation_rigid_200f/sionna_xml/frame_051_sionna.xml,30.0,0.0,0.0,2.4,-3.9279,3.2024,1.3944,28000000000.0,23,1.7234324189985273e-08,7.465505547088469e-08,5.742073128089942e-08,3.372388945876992e-08,-74.72062342912375,-44.72062342912375,cir_coefficients_tau_mask,,"[1, 1, 1, 1, 23, 1]","[1, 1, 23]","[1, 1, 23]","[1, 1, 23]",,True,,23,5.742073128089942e-08,-44.720622971607156,0,0.0,-4.575165917231061e-07,0,0,0,0,0,0,0,0,5.166719997251641,4145,6715,6720,0.03525878709286382,0.04126033456354321,0.04366655220674475,6715,0,0.33575
52,13363,rx_x500_body,/home/telilab4090/Documents/Gazebo World/my_world/rt_out/experiments/semantic_ablation_rigid_200f/sionna_xml/frame_052_sionna.xml,30.0,0.0,0.0,2.4,-3.9279,3.2024,1.3944,28000000000.0,23,1.7234324189985273e-08,7.465505547088469e-08,5.742073128089942e-08,3.3723893011483597e-08,-74.72062297160716,-44.720622971607156,cir_coefficients_tau_mask,,"[1, 1, 1, 1, 23, 1]","[1, 1, 23]","[1, 1, 23]","[1, 1, 23]",,True,,23,5.742073128089942e-08,-44.72062342912375,0,0.0,4.575165917231061e-07,0,0,0,0,0,0,0,0,5.166719997251641,4148,6662,6667,0.034455735952779454,0.04309326515370045,0.04470585121936422,6662,0,0.3331
53,13620,rx_x500_body,/home/telilab4090/Documents/Gazebo World/my_world/rt_out/experiments/semantic_ablation_rigid_200f/sionna_xml/frame_053_sionna.xml,30.0,0.0,0.0,2.4,-3.9279,3.2024,1.3944,28000000000.0,23,1.7234324189985273e-08,7.465505547088469e-08,5.742073128089942e-08,3.372388945876992e-08,-74.72062342912375,-44.72062342912375,cir_coefficients_tau_mask,,"[1, 1, 1, 1, 23, 1]","[1, 1, 23]","[1, 1, 23]","[1, 1, 23]",,True,,23,5.742073128089942e-08,-44.720622971607156,0,0.0,-4.575165917231061e-07,0,0,0,0,0,0,0,0,5.166719997251641,4244,6768,6772,0.03471302374114305,0.04287591153827512,0.044638953973039214,6768,0,0.3384
54,13877,rx_x500_body,/home/telilab4090/Documents/Gazebo World/my_world/rt_out/experiments/semantic_ablation_rigid_200f/sionna_xml/frame_054_sionna.xml,30.0,0.0,0.0,2.4,-3.9279,3.2024,1.3944,28000000000.0,23,1.7234324189985273e-08,7.465505547088469e-08,5.742073128089942e-08,3.372388945876992e-08,-74.72062342912375,-44.72062342912375,cir_coefficients_tau_mask,,"[1, 1, 1, 1, 23, 1]","[1, 1, 23]","[1, 1, 23]","[1, 1, 23]",,True,,23,5.742073128089942e-08,-44.72062342912375,0,0.0,0.0,0,0,0,0,0,0,0,0,5.166719997251641,4082,6542,6546,0.03525878709286382,0.04325640376169436,0.04458434456036204,6542,0,0.3271
55,14134,rx_x500_body,/home/telilab4090/Documents/Gazebo World/my_world/rt_out/experiments/semantic_ablation_rigid_200f/sionna_xml/frame_055_sionna.xml,30.0,0.0,0.0,2.4,-3.9279,3.2024,1.3944,28000000000.0,23,1.7234324189985273e-08,7.465505547088469e-08,5.742073128089942e-08,3.3723893011483597e-08,-74.72062297160716,-44.720622971607156,cir_coefficients_tau_mask,,"[1, 1, 1, 1, 23, 1]","[1, 1, 23]","[1, 1, 23]","[1, 1, 23]",,True,,23,5.742073128089942e-08,-44.72062342912375,0,0.0,4.575165917231061e-07,0,0,0,0,0,0,0,0,5.166719997251641,4074,6575,6578,0.03527795924964077,0.042485521413116296,0.0444151005787533,6575,0,0.32875
56,14391,rx_x500_body,/home/telilab4090/Documents/Gazebo World/my_world/rt_out/experiments/semantic_ablation_rigid_200f/sionna_xml/frame_056_sionna.xml,30.0,0.0,0.0,2.4,-3.9279,3.2024,1.3944,28000000000.0,23,1.7234324189985273e-08,7.465505547088469e-08,5.742073128089942e-08,3.372388590605624e-08,-74.72062388664037,-44.72062388664037,cir_coefficients_tau_mask,,"[1, 1, 1, 1, 23, 1]","[1, 1, 23]","[1, 1, 23]","[1, 1, 23]",,True,,23,5.742073128089942e-08,-44.720622971607156,0,0.0,-9.150332118679216e-07,0,0,0,0,0,0,0,0,5.166719997251641,4196,6681,6788,0.03519159100671021,0.042688007812399384,0.044238183001925925,6680,0,0.33405
57,14648,rx_x500_body,/home/telilab4090/Documents/Gazebo World/my_world/rt_out/experiments/semantic_ablation_rigid_200f/sionna_xml/frame_057_sionna.xml,30.0,0.0,0.0,2.4,-3.9279,3.2024,1.3944,28000000000.0,23,1.7234324189985273e-08,7.465505547088469e-08,5.742073128089942e-08,3.372388945876992e-08,-74.72062342912375,-44.72062342912375,cir_coefficients_tau_mask,,"[1, 1, 1, 1, 23, 1]","[1, 1, 23]","[1, 1, 23]","[1, 1, 23]",,True,,23,5.742073128089942e-08,-44.72062388664037,0,0.0,4.5751662014481553e-07,0,0,0,0,0,0,0,0,5.166719997251641,4130,6665,6781,0.03628598658882692,0.042430452330879956,0.04428364324583857,6665,0,0.33325
58,14905,rx_x500_body,/home/telilab4090/Documents/Gazebo World/my_world/rt_out/experiments/semantic_ablation_rigid_200f/sionna_xml/frame_058_sionna.xml,30.0,0.0,0.0,2.4,-3.9279,3.2024,1.3944,28000000000.0,23,1.7234324189985273e-08,7.465505547088469e-08,5.742073128089942e-08,3.372388945876992e-08,-74.72062342912375,-44.72062342912375,cir_coefficients_tau_mask,,"[1, 1, 1, 1, 23, 1]","[1, 1, 23]","[1, 1, 23]","[1, 1, 23]",,True,,23,5.742073128089942e-08,-44.72062342912375,0,0.0,0.0,0,0,0,0,0,0,0,0,5.166719997251641,4137,6633,6708,0.0348672188094531,0.0408466727180329,0.043585732883015114,6633,0,0.33165
59,15162,rx_x500_body,/home/telilab4090/Documents/Gazebo World/my_world/rt_out/experiments/semantic_ablation_rigid_200f/sionna_xml/frame_059_sionna.xml,30.0,0.0,0.0,2.4,-3.9279,3.2024,1.3944,28000000000.0,23,1.7234324189985273e-08,7.465505547088469e-08,5.742073128089942e-08,3.372388945876992e-08,-74.72062342912375,-44.72062342912375,cir_coefficients_tau_mask,,"[1, 1, 1, 1, 23, 1]","[1, 1, 23]","[1, 1, 23]","[1, 1, 23]",,True,,23,5.742073128089942e-08,-44.72062342912375,0,0.0,0.0,0,0,0,0,0,0,0,0,5.166719997251641,4059,6620,6702,0.03506703194023784,0.04257136212956709,0.04438132967849472,6620,0,0.331
60,15419,rx_x500_body,/home/telilab4090/Documents/Gazebo World/my_world/rt_out/experiments/semantic_ablation_rigid_200f/sionna_xml/frame_060_sionna.xml,30.0,0.0,0.0,2.4,-3.9279,3.2024,1.3944,28000000000.0,23,1.7234324189985273e-08,7.465505547088469e-08,5.742073128089942e-08,3.372388945876992e-08,-74.72062342912375,-44.72062342912375,cir_coefficients_tau_mask,,"[1, 1, 1, 1, 23, 1]","[1, 1, 23]","[1, 1, 23]","[1, 1, 23]",,True,,23,5.742073128089942e-08,-44.72062342912375,0,0.0,0.0,0,0,0,0,0,0,0,0,5.166719997251641,4024,6589,6670,0.034455735952779454,0.04267909989142023,0.044415720305680646,6588,0,0.32945
61,15676,rx_x500_body,/home/telilab4090/Documents/Gazebo World/my_world/rt_out/experiments/semantic_ablation_rigid_200f/sionna_xml/frame_061_sionna.xml,30.0,0.0,0.0,2.4,-3.9279,3.2024,1.3944,28000000000.0,23,1.7234324189985273e-08,7.465505547088469e-08,5.742073128089942e-08,3.372388945876992e-08,-74.72062342912375,-44.72062342912375,cir_coefficients_tau_mask,,"[1, 1, 1, 1, 23, 1]","[1, 1, 23]","[1, 1, 23]","[1, 1, 23]",,True,,23,5.742073128089942e-08,-44.72062342912375,0,0.0,0.0,0,0,0,0,0,0,0,0,5.166719997251641,4058,6559,6638,0.03494755382099156,0.04283584398209346,0.04453265649615812,6559,0,0.32795
62,15933,rx_x500_body,/home/telilab4090/Documents/Gazebo World/my_world/rt_out/experiments/semantic_ablation_rigid_200f/sionna_xml/frame_062_sionna.xml,30.0,0.0,0.0,2.4,-3.9279,3.2024,1.3944,28000000000.0,23,1.7234324189985273e-08,7.465505547088469e-08,5.742073128089942e-08,3.3723893011483597e-08,-74.72062297160716,-44.720622971607156,cir_coefficients_tau_mask,,"[1, 1, 1, 1, 23, 1]","[1, 1, 23]","[1, 1, 23]","[1, 1, 23]",,True,,23,5.742073128089942e-08,-44.72062342912375,0,0.0,4.575165917231061e-07,0,0,0,0,0,0,0,0,5.166719997251641,4108,6612,6615,0.03479142832520959,0.041411691399282136,0.043852055503790316,6612,0,0.3306
63,16190,rx_x500_body,/home/telilab4090/Documents/Gazebo World/my_world/rt_out/experiments/semantic_ablation_rigid_200f/sionna_xml/frame_063_sionna.xml,30.0,0.0,0.0,2.4,-3.9279,3.2024,1.3944,28000000000.0,23,1.7234324189985273e-08,7.465505547088469e-08,5.742073128089942e-08,3.372388945876992e-08,-74.72062342912375,-44.72062342912375,cir_coefficients_tau_mask,,"[1, 1, 1, 1, 23, 1]","[1, 1, 23]","[1, 1, 23]","[1, 1, 23]",,True,,23,5.742073128089942e-08,-44.720622971607156,0,0.0,-4.575165917231061e-07,0,0,0,0,0,0,0,0,5.166719997251641,4153,6648,6652,0.03454377004058613,0.040602150635572695,0.04329843449795709,6647,0,0.3324
64,16447,rx_x500_body,/home/telilab4090/Documents/Gazebo World/my_world/rt_out/experiments/semantic_ablation_rigid_200f/sionna_xml/frame_064_sionna.xml,30.0,0.0,0.0,2.4,-3.9279,3.2024,1.3944,28000000000.0,23,1.7234324189985273e-08,7.465505547088469e-08,5.742073128089942e-08,3.372388945876992e-08,-74.72062342912375,-44.72062342912375,cir_coefficients_tau_mask,,"[1, 1, 1, 1, 23, 1]","[1, 1, 23]","[1, 1, 23]","[1, 1, 23]",,True,,23,5.742073128089942e-08,-44.72062342912375,0,0.0,0.0,0,0,0,0,0,0,0,0,5.166719997251641,4039,6637,6641,0.03451909105938538,0.03984996642738971,0.04317086486923248,6636,0,0.33185
65,16704,rx_x500_body,/home/telilab4090/Documents/Gazebo World/my_world/rt_out/experiments/semantic_ablation_rigid_200f/sionna_xml/frame_065_sionna.xml,30.0,0.0,0.0,2.4,-3.9279,3.2024,1.3944,28000000000.0,22,1.7234324189985273e-08,7.465505547088469e-08,5.742073128089942e-08,3.3687346245869776e-08,-74.72533199650195,-44.72533199650195,cir_coefficients_tau_mask,,"[1, 1, 1, 1, 22, 1]","[1, 1, 22]","[1, 1, 22]","[1, 1, 22]",,True,,23,5.742073128089942e-08,-44.72062342912375,-1,0.0,-0.004708567378202133,1,1,0,0,0,0,0,0,5.166719997251641,4115,6609,6615,0.03430944969729728,0.04205034573340226,0.043894681796916635,6609,0,0.33045
66,16961,rx_x500_body,/home/telilab4090/Documents/Gazebo World/my_world/rt_out/experiments/semantic_ablation_rigid_200f/sionna_xml/frame_066_sionna.xml,30.0,0.0,0.0,2.4,-3.9279,3.2024,1.3944,28000000000.0,23,1.7234324189985273e-08,7.465505547088469e-08,5.742073128089942e-08,3.372388945876992e-08,-74.72062342912375,-44.72062342912375,cir_coefficients_tau_mask,,"[1, 1, 1, 1, 23, 1]","[1, 1, 23]","[1, 1, 23]","[1, 1, 23]",,True,,22,5.742073128089942e-08,-44.72533199650195,1,0.0,0.004708567378202133,1,0,0,0,0,0,0,0,5.166719997251641,4111,6694,7076,0.03494755382099156,0.04348013385918727,0.04477045269114211,6694,0,0.3347
67,17218,rx_x500_body,/home/telilab4090/Documents/Gazebo World/my_world/rt_out/experiments/semantic_ablation_rigid_200f/sionna_xml/frame_067_sionna.xml,30.0,0.0,0.0,2.4,-3.9279,3.2024,1.3944,28000000000.0,23,1.7234324189985273e-08,7.465505547088469e-08,5.742073128089942e-08,3.3723893011483597e-08,-74.72062297160716,-44.720622971607156,cir_coefficients_tau_mask,,"[1, 1, 1, 1, 23, 1]","[1, 1, 23]","[1, 1, 23]","[1, 1, 23]",,True,,23,5.742073128089942e-08,-44.72062342912375,0,0.0,4.575165917231061e-07,0,0,0,0,0,0,0,0,5.166719997251641,4098,6646,6991,0.03563920292351601,0.04359532414658503,0.04490861496118035,6646,0,0.3323
68,17475,rx_x500_body,/home/telilab4090/Documents/Gazebo World/my_world/rt_out/experiments/semantic_ablation_rigid_200f/sionna_xml/frame_068_sionna.xml,30.0,0.0,0.0,2.4,-3.9279,3.2024,1.3944,28000000000.0,23,1.7234324189985273e-08,7.465505547088469e-08,5.742073128089942e-08,3.3723893011483597e-08,-74.72062297160716,-44.720622971607156,cir_coefficients_tau_mask,,"[1, 1, 1, 1, 23, 1]","[1, 1, 23]","[1, 1, 23]","[1, 1, 23]",,True,,23,5.742073128089942e-08,-44.720622971607156,0,0.0,0.0,0,0,0,0,0,0,0,0,5.166719997251641,4094,6616,7113,0.03941159044260969,0.043742467999893675,0.04485461463644433,6616,0,0.3308
69,17732,rx_x500_body,/home/telilab4090/Documents/Gazebo World/my_world/rt_out/experiments/semantic_ablation_rigid_200f/sionna_xml/frame_069_sionna.xml,30.0,0.0,0.0,2.4,-3.9279,3.2024,1.3944,28000000000.0,23,1.7234324189985273e-08,7.465505547088469e-08,5.742073128089942e-08,3.372388945876992e-08,-74.72062342912375,-44.72062342912375,cir_coefficients_tau_mask,,"[1, 1, 1, 1, 23, 1]","[1, 1, 23]","[1, 1, 23]","[1, 1, 23]",,True,,23,5.742073128089942e-08,-44.720622971607156,0,0.0,-4.575165917231061e-07,0,0,0,0,0,0,0,0,5.166719997251641,4216,6750,7270,0.03471302374114305,0.04139517107921148,0.04365158018034476,6750,0,0.3375
70,17989,rx_x500_body,/home/telilab4090/Documents/Gazebo World/my_world/rt_out/experiments/semantic_ablation_rigid_200f/sionna_xml/frame_070_sionna.xml,30.0,0.0,0.0,2.4,-3.9279,3.2024,1.3944,28000000000.0,23,1.7234324189985273e-08,7.465505547088469e-08,5.742073128089942e-08,3.372388945876992e-08,-74.72062342912375,-44.72062342912375,cir_coefficients_tau_mask,,"[1, 1, 1, 1, 23, 1]","[1, 1, 23]","[1, 1, 23]","[1, 1, 23]",,True,,23,5.742073128089942e-08,-44.72062342912375,0,0.0,0.0,0,0,0,0,0,0,0,0,5.166719997251641,4157,6755,7299,0.03520356437638952,0.042183919342427566,0.04394981952189782,6754,0,0.33775
71,18246,rx_x500_body,/home/telilab4090/Documents/Gazebo World/my_world/rt_out/experiments/semantic_ablation_rigid_200f/sionna_xml/frame_071_sionna.xml,30.0,0.0,0.0,2.4,-3.9279,3.2024,1.3944,28000000000.0,23,1.7234324189985273e-08,7.465505547088469e-08,5.742073128089942e-08,3.372388945876992e-08,-74.72062342912375,-44.72062342912375,cir_coefficients_tau_mask,,"[1, 1, 1, 1, 23, 1]","[1, 1, 23]","[1, 1, 23]","[1, 1, 23]",,True,,23,5.742073128089942e-08,-44.72062342912375,0,0.0,0.0,0,0,0,0,0,0,0,0,5.166719997251641,4058,6593,7005,0.0394422736844482,0.044072405203895236,0.04501364926166332,6593,0,0.32965
72,18503,rx_x500_body,/home/telilab4090/Documents/Gazebo World/my_world/rt_out/experiments/semantic_ablation_rigid_200f/sionna_xml/frame_072_sionna.xml,30.0,0.0,0.0,2.4,-3.9279,3.2024,1.3944,28000000000.0,23,1.7234324189985273e-08,7.465505547088469e-08,5.742073128089942e-08,3.372388590605624e-08,-74.72062388664037,-44.72062388664037,cir_coefficients_tau_mask,,"[1, 1, 1, 1, 23, 1]","[1, 1, 23]","[1, 1, 23]","[1, 1, 23]",,True,,23,5.742073128089942e-08,-44.72062342912375,0,0.0,-4.5751662014481553e-07,0,0,0,0,0,0,0,0,5.166719997251641,4126,6649,6997,0.03494755382099156,0.04123508599159719,0.04371159604795047,6649,0,0.33245
73,18760,rx_x500_body,/home/telilab4090/Documents/Gazebo World/my_world/rt_out/experiments/semantic_ablation_rigid_200f/sionna_xml/frame_073_sionna.xml,30.0,0.0,0.0,2.4,-3.9279,3.2024,1.3944,28000000000.0,23,1.7234324189985273e-08,7.465505547088469e-08,5.742073128089942e-08,3.372388590605624e-08,-74.72062388664037,-44.72062388664037,cir_coefficients_tau_mask,,"[1, 1, 1, 1, 23, 1]","[1, 1, 23]","[1, 1, 23]","[1, 1, 23]",,True,,23,5.742073128089942e-08,-44.72062388664037,0,0.0,0.0,0,0,0,0,0,0,0,0,5.166719997251641,3982,6651,6999,0.03479142832520959,0.04145035150646017,0.04373973870163143,6651,0,0.33255
74,19017,rx_x500_body,/home/telilab4090/Documents/Gazebo World/my_world/rt_out/experiments/semantic_ablation_rigid_200f/sionna_xml/frame_074_sionna.xml,30.0,0.0,0.0,2.4,-3.9279,3.2024,1.3944,28000000000.0,23,1.7234324189985273e-08,7.465505547088469e-08,5.742073128089942e-08,3.372388590605624e-08,-74.72062388664037,-44.72062388664037,cir_coefficients_tau_mask,,"[1, 1, 1, 1, 23, 1]","[1, 1, 23]","[1, 1, 23]","[1, 1, 23]",,True,,23,5.742073128089942e-08,-44.72062388664037,0,0.0,0.0,0,0,0,0,0,0,0,0,5.166719997251641,4068,6567,6941,0.03506703194023784,0.042506132325955445,0.04451826110760861,6567,0,0.32835
75,19274,rx_x500_body,/home/telilab4090/Documents/Gazebo World/my_world/rt_out/experiments/semantic_ablation_rigid_200f/sionna_xml/frame_075_sionna.xml,30.0,0.0,0.0,2.4,-3.9279,3.2024,1.3944,28000000000.0,23,1.7234324189985273e-08,7.465505547088469e-08,5.742073128089942e-08,3.372388945876992e-08,-74.72062342912375,-44.72062342912375,cir_coefficients_tau_mask,,"[1, 1, 1, 1, 23, 1]","[1, 1, 23]","[1, 1, 23]","[1, 1, 23]",,True,,23,5.742073128089942e-08,-44.72062388664037,0,0.0,4.5751662014481553e-07,0,0,0,0,0,0,0,0,5.166719997251641,4108,6587,6881,0.03430944969729728,0.043065795597674386,0.044561327575887634,6587,0,0.32935
76,19531,rx_x500_body,/home/telilab4090/Documents/Gazebo World/my_world/rt_out/experiments/semantic_ablation_rigid_200f/sionna_xml/frame_076_sionna.xml,30.0,0.0,0.0,2.4,-3.9279,3.2024,1.3944,28000000000.0,23,1.7234324189985273e-08,7.465505547088469e-08,5.742073128089942e-08,3.372388945876992e-08,-74.72062342912375,-44.72062342912375,cir_coefficients_tau_mask,,"[1, 1, 1, 1, 23, 1]","[1, 1, 23]","[1, 1, 23]","[1, 1, 23]",,True,,23,5.742073128089942e-08,-44.72062342912375,0,0.0,0.0,0,0,0,0,0,0,0,0,5.166719997251641,4124,6663,7677,0.03520356437638952,0.042684263187943924,0.0444344324803492,6663,0,0.33315
77,19788,rx_x500_body,/home/telilab4090/Documents/Gazebo World/my_world/rt_out/experiments/semantic_ablation_rigid_200f/sionna_xml/frame_077_sionna.xml,30.0,0.0,0.0,2.4,-3.9279,3.2024,1.3944,28000000000.0,23,1.7234324189985273e-08,7.465505547088469e-08,5.742073128089942e-08,3.3723893011483597e-08,-74.72062297160716,-44.720622971607156,cir_coefficients_tau_mask,,"[1, 1, 1, 1, 23, 1]","[1, 1, 23]","[1, 1, 23]","[1, 1, 23]",,True,,23,5.742073128089942e-08,-44.72062342912375,0,0.0,4.575165917231061e-07,0,0,0,0,0,0,0,0,5.166719997251641,4015,6527,6535,0.03471302374114305,0.04106406792714835,0.04363776640104466,6527,0,0.32635
78,20045,rx_x500_body,/home/telilab4090/Documents/Gazebo World/my_world/rt_out/experiments/semantic_ablation_rigid_200f/sionna_xml/frame_078_sionna.xml,30.0,0.0,0.0,2.4,-3.9279,3.2024,1.3944,28000000000.0,23,1.7234324189985273e-08,7.465505547088469e-08,5.742073128089942e-08,3.372388945876992e-08,-74.72062342912375,-44.72062342912375,cir_coefficients_tau_mask,,"[1, 1, 1, 1, 23, 1]","[1, 1, 23]","[1, 1, 23]","[1, 1, 23]",,True,,23,5.742073128089942e-08,-44.720622971607156,0,0.0,-4.575165917231061e-07,0,0,0,0,0,0,0,0,5.166719997251641,4039,6576,6578,0.03494755382099156,0.04253252247490932,0.04436100386189922,6576,0,0.3288
79,20302,rx_x500_body,/home/telilab4090/Documents/Gazebo World/my_world/rt_out/experiments/semantic_ablation_rigid_200f/sionna_xml/frame_079_sionna.xml,30.0,0.0,0.0,2.4,-3.9279,3.2024,1.3944,28000000000.0,23,1.7234324189985273e-08,7.465505547088469e-08,5.742073128089942e-08,3.372388945876992e-08,-74.72062342912375,-44.72062342912375,cir_coefficients_tau_mask,,"[1, 1, 1, 1, 23, 1]","[1, 1, 23]","[1, 1, 23]","[1, 1, 23]",,True,,23,5.742073128089942e-08,-44.72062342912375,0,0.0,0.0,0,0,0,0,0,0,0,0,5.166719997251641,4063,6529,6531,0.03454377004058613,0.04196166036569789,0.04408280398248157,6529,0,0.32645
80,20559,rx_x500_body,/home/telilab4090/Documents/Gazebo World/my_world/rt_out/experiments/semantic_ablation_rigid_200f/sionna_xml/frame_080_sionna.xml,30.0,0.0,0.0,2.4,-3.9279,3.2024,1.3944,28000000000.0,23,1.7234324189985273e-08,7.465505547088469e-08,5.742073128089942e-08,3.372388945876992e-08,-74.72062342912375,-44.72062342912375,cir_coefficients_tau_mask,,"[1, 1, 1, 1, 23, 1]","[1, 1, 23]","[1, 1, 23]","[1, 1, 23]",,True,,23,5.742073128089942e-08,-44.72062342912375,0,0.0,0.0,0,0,0,0,0,0,0,0,5.166719997251641,4144,6688,6694,0.035342889236502105,0.041987456480564046,0.04385183005965344,6687,0,0.3344
81,20816,rx_x500_body,/home/telilab4090/Documents/Gazebo World/my_world/rt_out/experiments/semantic_ablation_rigid_200f/sionna_xml/frame_081_sionna.xml,30.0,0.0,0.0,2.4,-3.9279,3.2024,1.3944,28000000000.0,23,1.7234324189985273e-08,7.465505547088469e-08,5.742073128089942e-08,3.3723893011483597e-08,-74.72062297160716,-44.720622971607156,cir_coefficients_tau_mask,,"[1, 1, 1, 1, 23, 1]","[1, 1, 23]","[1, 1, 23]","[1, 1, 23]",,True,,23,5.742073128089942e-08,-44.72062342912375,0,0.0,4.575165917231061e-07,0,0,0,0,0,0,0,0,5.166719997251641,4120,6721,6729,0.03479142832520959,0.04052329413938967,0.04337629547701328,6721,0,0.33605
82,21073,rx_x500_body,/home/telilab4090/Documents/Gazebo World/my_world/rt_out/experiments/semantic_ablation_rigid_200f/sionna_xml/frame_082_sionna.xml,30.0,0.0,0.0,2.4,-3.9279,3.2024,1.3944,28000000000.0,23,1.7234324189985273e-08,7.465505547088469e-08,5.742073128089942e-08,3.372388945876992e-08,-74.72062342912375,-44.72062342912375,cir_coefficients_tau_mask,,"[1, 1, 1, 1, 23, 1]","[1, 1, 23]","[1, 1, 23]","[1, 1, 23]",,True,,23,5.742073128089942e-08,-44.720622971607156,0,0.0,-4.575165917231061e-07,0,0,0,0,0,0,0,0,5.166719997251641,4120,6641,6648,0.03474356352121823,0.0411976157869201,0.043769370002536785,6641,0,0.33205
83,21330,rx_x500_body,/home/telilab4090/Documents/Gazebo World/my_world/rt_out/experiments/semantic_ablation_rigid_200f/sionna_xml/frame_083_sionna.xml,30.0,0.0,0.0,2.4,-3.9279,3.2024,1.3944,28000000000.0,23,1.7234324189985273e-08,7.465505547088469e-08,5.742073128089942e-08,3.372388945876992e-08,-74.72062342912375,-44.72062342912375,cir_coefficients_tau_mask,,"[1, 1, 1, 1, 23, 1]","[1, 1, 23]","[1, 1, 23]","[1, 1, 23]",,True,,23,5.742073128089942e-08,-44.72062342912375,0,0.0,0.0,0,0,0,0,0,0,0,0,5.166719997251641,4228,6689,6692,0.04018790128924283,0.04410381045096952,0.04497338669120283,6687,0,0.33445
84,21587,rx_x500_body,/home/telilab4090/Documents/Gazebo World/my_world/rt_out/experiments/semantic_ablation_rigid_200f/sionna_xml/frame_084_sionna.xml,30.0,0.0,0.0,2.4,-3.9279,3.2024,1.3944,28000000000.0,23,1.7234324189985273e-08,7.465505547088469e-08,5.742073128089942e-08,3.372388590605624e-08,-74.72062388664037,-44.72062388664037,cir_coefficients_tau_mask,,"[1, 1, 1, 1, 23, 1]","[1, 1, 23]","[1, 1, 23]","[1, 1, 23]",,True,,23,5.742073128089942e-08,-44.72062342912375,0,0.0,-4.5751662014481553e-07,0,0,0,0,0,0,0,0,5.166719997251641,4189,6747,6754,0.04116360011326744,0.04430529778720809,0.04510782090743522,6747,0,0.33735
85,21844,rx_x500_body,/home/telilab4090/Documents/Gazebo World/my_world/rt_out/experiments/semantic_ablation_rigid_200f/sionna_xml/frame_085_sionna.xml,30.0,0.0,0.0,2.4,-3.9279,3.2024,1.3944,28000000000.0,23,1.7234324189985273e-08,7.465505547088469e-08,5.742073128089942e-08,3.372388945876992e-08,-74.72062342912375,-44.72062342912375,cir_coefficients_tau_mask,,"[1, 1, 1, 1, 23, 1]","[1, 1, 23]","[1, 1, 23]","[1, 1, 23]",,True,,23,5.742073128089942e-08,-44.72062388664037,0,0.0,4.5751662014481553e-07,0,0,0,0,0,0,0,0,5.166719997251641,4133,6647,6650,0.03494755382099156,0.0415498342481972,0.04373887977631916,6647,0,0.33235
86,22101,rx_x500_body,/home/telilab4090/Documents/Gazebo World/my_world/rt_out/experiments/semantic_ablation_rigid_200f/sionna_xml/frame_086_sionna.xml,30.0,0.0,0.0,2.4,-3.9279,3.2024,1.3944,28000000000.0,23,1.7234324189985273e-08,7.465505547088469e-08,5.742073128089942e-08,3.372388590605624e-08,-74.72062388664037,-44.72062388664037,cir_coefficients_tau_mask,,"[1, 1, 1, 1, 23, 1]","[1, 1, 23]","[1, 1, 23]","[1, 1, 23]",,True,,23,5.742073128089942e-08,-44.72062342912375,0,0.0,-4.5751662014481553e-07,0,0,0,0,0,0,0,0,5.166719997251641,4113,6702,6710,0.03480599325230913,0.041366544429244596,0.04380091820909335,6702,0,0.3351
87,22358,rx_x500_body,/home/telilab4090/Documents/Gazebo World/my_world/rt_out/experiments/semantic_ablation_rigid_200f/sionna_xml/frame_087_sionna.xml,30.0,0.0,0.0,2.4,-3.9279,3.2024,1.3944,28000000000.0,23,1.7234324189985273e-08,7.465505547088469e-08,5.742073128089942e-08,3.3723893011483597e-08,-74.72062297160716,-44.720622971607156,cir_coefficients_tau_mask,,"[1, 1, 1, 1, 23, 1]","[1, 1, 23]","[1, 1, 23]","[1, 1, 23]",,True,,23,5.742073128089942e-08,-44.72062388664037,0,0.0,9.150332118679216e-07,0,0,0,0,0,0,0,0,5.166719997251641,4143,6689,6693,0.03634218869176283,0.043408793099832754,0.04465373475223616,6689,0,0.33445
88,22615,rx_x500_body,/home/telilab4090/Documents/Gazebo World/my_world/rt_out/experiments/semantic_ablation_rigid_200f/sionna_xml/frame_088_sionna.xml,30.0,0.0,0.0,2.4,-3.9279,3.2024,1.3944,28000000000.0,23,1.7234324189985273e-08,7.465505547088469e-08,5.742073128089942e-08,3.3723893011483597e-08,-74.72062297160716,-44.720622971607156,cir_coefficients_tau_mask,,"[1, 1, 1, 1, 23, 1]","[1, 1, 23]","[1, 1, 23]","[1, 1, 23]",,True,,23,5.742073128089942e-08,-44.720622971607156,0,0.0,0.0,0,0,0,0,0,0,0,0,5.166719997251641,4099,6676,6678,0.03528133468184201,0.04108906660156396,0.043677419201429056,6675,0,0.3338
89,22872,rx_x500_body,/home/telilab4090/Documents/Gazebo World/my_world/rt_out/experiments/semantic_ablation_rigid_200f/sionna_xml/frame_089_sionna.xml,30.0,0.0,0.0,2.4,-3.9279,3.2024,1.3944,28000000000.0,23,1.7234324189985273e-08,7.465505547088469e-08,5.742073128089942e-08,3.372388945876992e-08,-74.72062342912375,-44.72062342912375,cir_coefficients_tau_mask,,"[1, 1, 1, 1, 23, 1]","[1, 1, 23]","[1, 1, 23]","[1, 1, 23]",,True,,23,5.742073128089942e-08,-44.720622971607156,0,0.0,-4.575165917231061e-07,0,0,0,0,0,0,0,0,5.166719997251641,4152,6630,6635,0.03617884708311603,0.043118453438644164,0.04453150478062213,6630,0,0.3315
90,23129,rx_x500_body,/home/telilab4090/Documents/Gazebo World/my_world/rt_out/experiments/semantic_ablation_rigid_200f/sionna_xml/frame_090_sionna.xml,30.0,0.0,0.0,2.4,-3.9279,3.2024,1.3944,28000000000.0,23,1.7234324189985273e-08,7.465505547088469e-08,5.742073128089942e-08,3.372388945876992e-08,-74.72062342912375,-44.72062342912375,cir_coefficients_tau_mask,,"[1, 1, 1, 1, 23, 1]","[1, 1, 23]","[1, 1, 23]","[1, 1, 23]",,True,,23,5.742073128089942e-08,-44.72062342912375,0,0.0,0.0,0,0,0,0,0,0,0,0,5.166719997251641,4118,6644,6647,0.03663303377106755,0.04319022904769771,0.044643139054830555,6644,0,0.3322
91,23386,rx_x500_body,/home/telilab4090/Documents/Gazebo World/my_world/rt_out/experiments/semantic_ablation_rigid_200f/sionna_xml/frame_091_sionna.xml,30.0,0.0,0.0,2.4,-3.9279,3.2024,1.3944,28000000000.0,23,1.7234324189985273e-08,7.465505547088469e-08,5.742073128089942e-08,3.3723893011483597e-08,-74.72062297160716,-44.720622971607156,cir_coefficients_tau_mask,,"[1, 1, 1, 1, 23, 1]","[1, 1, 23]","[1, 1, 23]","[1, 1, 23]",,True,,23,5.742073128089942e-08,-44.72062342912375,0,0.0,4.575165917231061e-07,0,0,0,0,0,0,0,0,5.166719997251641,4140,6652,6657,0.03454244322623389,0.0423940874531034,0.044144672052227996,6652,0,0.3326
92,23643,rx_x500_body,/home/telilab4090/Documents/Gazebo World/my_world/rt_out/experiments/semantic_ablation_rigid_200f/sionna_xml/frame_092_sionna.xml,30.0,0.0,0.0,2.4,-3.9279,3.2024,1.3944,28000000000.0,23,1.7234324189985273e-08,7.465505547088469e-08,5.742073128089942e-08,3.372388945876992e-08,-74.72062342912375,-44.72062342912375,cir_coefficients_tau_mask,,"[1, 1, 1, 1, 23, 1]","[1, 1, 23]","[1, 1, 23]","[1, 1, 23]",,True,,23,5.742073128089942e-08,-44.720622971607156,0,0.0,-4.575165917231061e-07,0,0,0,0,0,0,0,0,5.166719997251641,4047,6650,6656,0.03563920292351601,0.04238699283664981,0.04415022681481506,6650,0,0.3325
93,23900,rx_x500_body,/home/telilab4090/Documents/Gazebo World/my_world/rt_out/experiments/semantic_ablation_rigid_200f/sionna_xml/frame_093_sionna.xml,30.0,0.0,0.0,2.4,-3.9279,3.2024,1.3944,28000000000.0,23,1.7234324189985273e-08,7.465505547088469e-08,5.742073128089942e-08,3.3723893011483597e-08,-74.72062297160716,-44.720622971607156,cir_coefficients_tau_mask,,"[1, 1, 1, 1, 23, 1]","[1, 1, 23]","[1, 1, 23]","[1, 1, 23]",,True,,23,5.742073128089942e-08,-44.72062342912375,0,0.0,4.575165917231061e-07,0,0,0,0,0,0,0,0,5.166719997251641,4000,6588,6592,0.03456127174719209,0.041481618748828074,0.04374331954779231,6588,0,0.3294
94,24157,rx_x500_body,/home/telilab4090/Documents/Gazebo World/my_world/rt_out/experiments/semantic_ablation_rigid_200f/sionna_xml/frame_094_sionna.xml,30.0,0.0,0.0,2.4,-3.9279,3.2024,1.3944,28000000000.0,23,1.7234324189985273e-08,7.465505547088469e-08,5.742073128089942e-08,3.372388945876992e-08,-74.72062342912375,-44.72062342912375,cir_coefficients_tau_mask,,"[1, 1, 1, 1, 23, 1]","[1, 1, 23]","[1, 1, 23]","[1, 1, 23]",,True,,23,5.742073128089942e-08,-44.720622971607156,0,0.0,-4.575165917231061e-07,0,0,0,0,0,0,0,0,5.166719997251641,4006,6677,6684,0.0348672188094531,0.04228714413855058,0.044282582014888376,6677,0,0.33385
95,24414,rx_x500_body,/home/telilab4090/Documents/Gazebo World/my_world/rt_out/experiments/semantic_ablation_rigid_200f/sionna_xml/frame_095_sionna.xml,30.0,0.0,0.0,2.4,-3.9279,3.2024,1.3944,28000000000.0,23,1.7234324189985273e-08,7.465505547088469e-08,5.742073128089942e-08,3.3723893011483597e-08,-74.72062297160716,-44.720622971607156,cir_coefficients_tau_mask,,"[1, 1, 1, 1, 23, 1]","[1, 1, 23]","[1, 1, 23]","[1, 1, 23]",,True,,23,5.742073128089942e-08,-44.72062342912375,0,0.0,4.575165917231061e-07,0,0,0,0,0,0,0,0,5.166719997251641,4061,6620,6623,0.03471302374114305,0.04241494974889215,0.044401263412027436,6620,0,0.331
96,24671,rx_x500_body,/home/telilab4090/Documents/Gazebo World/my_world/rt_out/experiments/semantic_ablation_rigid_200f/sionna_xml/frame_096_sionna.xml,30.0,0.0,0.0,2.4,-3.9279,3.2024,1.3944,28000000000.0,23,1.7234324189985273e-08,7.465505547088469e-08,5.742073128089942e-08,3.372388945876992e-08,-74.72062342912375,-44.72062342912375,cir_coefficients_tau_mask,,"[1, 1, 1, 1, 23, 1]","[1, 1, 23]","[1, 1, 23]","[1, 1, 23]",,True,,23,5.742073128089942e-08,-44.720622971607156,0,0.0,-4.575165917231061e-07,0,0,0,0,0,0,0,0,5.166719997251641,4207,6749,6753,0.03569833817316706,0.04308127649932465,0.04451649449547212,6749,0,0.33745
97,24928,rx_x500_body,/home/telilab4090/Documents/Gazebo World/my_world/rt_out/experiments/semantic_ablation_rigid_200f/sionna_xml/frame_097_sionna.xml,30.0,0.0,0.0,2.4,-3.9279,3.2024,1.3944,28000000000.0,23,1.7234324189985273e-08,7.465505547088469e-08,5.742073128089942e-08,3.3723893011483597e-08,-74.72062297160716,-44.720622971607156,cir_coefficients_tau_mask,,"[1, 1, 1, 1, 23, 1]","[1, 1, 23]","[1, 1, 23]","[1, 1, 23]",,True,,23,5.742073128089942e-08,-44.72062342912375,0,0.0,4.575165917231061e-07,0,0,0,0,0,0,0,0,5.166719997251641,4078,6644,6645,0.034679362957369904,0.042600150055469195,0.0443377783182116,6644,0,0.3322
98,25185,rx_x500_body,/home/telilab4090/Documents/Gazebo World/my_world/rt_out/experiments/semantic_ablation_rigid_200f/sionna_xml/frame_098_sionna.xml,30.0,0.0,0.0,2.4,-3.9279,3.2024,1.3944,28000000000.0,23,1.7234324189985273e-08,7.465505547088469e-08,5.742073128089942e-08,3.372388945876992e-08,-74.72062342912375,-44.72062342912375,cir_coefficients_tau_mask,,"[1, 1, 1, 1, 23, 1]","[1, 1, 23]","[1, 1, 23]","[1, 1, 23]",,True,,23,5.742073128089942e-08,-44.720622971607156,0,0.0,-4.575165917231061e-07,0,0,0,0,0,0,0,0,5.166719997251641,4021,6622,6630,0.03488409142938189,0.04224183452161055,0.04444880167133532,6622,0,0.3311
99,25442,rx_x500_body,/home/telilab4090/Documents/Gazebo World/my_world/rt_out/experiments/semantic_ablation_rigid_200f/sionna_xml/frame_099_sionna.xml,30.0,0.0,0.0,2.4,-3.9279,3.2024,1.3944,28000000000.0,23,1.7234324189985273e-08,7.465505547088469e-08,5.742073128089942e-08,3.3723893011483597e-08,-74.72062297160716,-44.720622971607156,cir_coefficients_tau_mask,,"[1, 1, 1, 1, 23, 1]","[1, 1, 23]","[1, 1, 23]","[1, 1, 23]",,True,,23,5.742073128089942e-08,-44.72062342912375,0,0.0,4.575165917231061e-07,0,0,0,0,0,0,0,0,5.166719997251641,4042,6608,6615,0.035541458271059395,0.04225274840793503,0.04414349547191658,6608,0,0.3304
100,25698,rx_x500_body,/home/telilab4090/Documents/Gazebo World/my_world/rt_out/experiments/semantic_ablation_rigid_200f/sionna_xml/frame_100_sionna.xml,30.0,0.0,0.0,2.4,-3.9279,3.2024,1.3944,28000000000.0,23,1.7234324189985273e-08,7.465505547088469e-08,5.742073128089942e-08,3.3723893011483597e-08,-74.72062297160716,-44.720622971607156,cir_coefficients_tau_mask,,"[1, 1, 1, 1, 23, 1]","[1, 1, 23]","[1, 1, 23]","[1, 1, 23]",,True,,23,5.742073128089942e-08,-44.720622971607156,0,0.0,0.0,0,0,0,0,0,0,0,0,5.166719997251641,4089,6556,6565,0.03451909105938538,0.04090650927209286,0.04349021855221743,6556,0,0.3278
101,25955,rx_x500_body,/home/telilab4090/Documents/Gazebo World/my_world/rt_out/experiments/semantic_ablation_rigid_200f/sionna_xml/frame_101_sionna.xml,30.0,0.0,0.0,2.4,-3.9279,3.2024,1.3944,28000000000.0,23,1.7234324189985273e-08,7.465505547088469e-08,5.742073128089942e-08,3.372388945876992e-08,-74.72062342912375,-44.72062342912375,cir_coefficients_tau_mask,,"[1, 1, 1, 1, 23, 1]","[1, 1, 23]","[1, 1, 23]","[1, 1, 23]",,True,,23,5.742073128089942e-08,-44.720622971607156,0,0.0,-4.575165917231061e-07,0,0,0,0,0,0,0,0,5.166719997251641,4054,6684,6690,0.03488409142938189,0.041541203629738045,0.044037878491110086,6684,0,0.3342
102,26212,rx_x500_body,/home/telilab4090/Documents/Gazebo World/my_world/rt_out/experiments/semantic_ablation_rigid_200f/sionna_xml/frame_102_sionna.xml,30.0,0.0,0.0,2.4,-3.9279,3.2024,1.3944,28000000000.0,23,1.7234324189985273e-08,7.465505547088469e-08,5.742073128089942e-08,3.372388945876992e-08,-74.72062342912375,-44.72062342912375,cir_coefficients_tau_mask,,"[1, 1, 1, 1, 23, 1]","[1, 1, 23]","[1, 1, 23]","[1, 1, 23]",,True,,23,5.742073128089942e-08,-44.72062342912375,0,0.0,0.0,0,0,0,0,0,0,0,0,5.166719997251641,4188,6766,6772,0.03430944969729728,0.04031451369120683,0.043111440552612124,6766,0,0.3383
103,26469,rx_x500_body,/home/telilab4090/Documents/Gazebo World/my_world/rt_out/experiments/semantic_ablation_rigid_200f/sionna_xml/frame_103_sionna.xml,30.0,0.0,0.0,2.4,-3.9279,3.2024,1.3944,28000000000.0,23,1.7234324189985273e-08,7.465505547088469e-08,5.742073128089942e-08,3.372388945876992e-08,-74.72062342912375,-44.72062342912375,cir_coefficients_tau_mask,,"[1, 1, 1, 1, 23, 1]","[1, 1, 23]","[1, 1, 23]","[1, 1, 23]",,True,,23,5.742073128089942e-08,-44.72062342912375,0,0.0,0.0,0,0,0,0,0,0,0,0,5.166719997251641,4112,6642,6647,0.03605238646659237,0.04303123099138322,0.044403177498350786,6642,0,0.3321
104,26726,rx_x500_body,/home/telilab4090/Documents/Gazebo World/my_world/rt_out/experiments/semantic_ablation_rigid_200f/sionna_xml/frame_104_sionna.xml,30.0,0.0,0.0,2.4,-3.9279,3.2024,1.3944,28000000000.0,23,1.7234324189985273e-08,7.465505547088469e-08,5.742073128089942e-08,3.372388945876992e-08,-74.72062342912375,-44.72062342912375,cir_coefficients_tau_mask,,"[1, 1, 1, 1, 23, 1]","[1, 1, 23]","[1, 1, 23]","[1, 1, 23]",,True,,23,5.742073128089942e-08,-44.72062342912375,0,0.0,0.0,0,0,0,0,0,0,0,0,5.166719997251641,4147,6720,6727,0.03524798956450171,0.04322774954530635,0.04456902977961516,6720,0,0.336
105,26983,rx_x500_body,/home/telilab4090/Documents/Gazebo World/my_world/rt_out/experiments/semantic_ablation_rigid_200f/sionna_xml/frame_105_sionna.xml,30.0,0.0,0.0,2.4,-3.9279,3.2024,1.3944,28000000000.0,23,1.7234324189985273e-08,7.465505547088469e-08,5.742073128089942e-08,3.372388945876992e-08,-74.72062342912375,-44.72062342912375,cir_coefficients_tau_mask,,"[1, 1, 1, 1, 23, 1]","[1, 1, 23]","[1, 1, 23]","[1, 1, 23]",,True,,23,5.742073128089942e-08,-44.72062342912375,0,0.0,0.0,0,0,0,0,0,0,0,0,5.166719997251641,4126,6635,6641,0.03519159100671021,0.043282533243699954,0.044526497428029915,6635,0,0.33175
106,27240,rx_x500_body,/home/telilab4090/Documents/Gazebo World/my_world/rt_out/experiments/semantic_ablation_rigid_200f/sionna_xml/frame_106_sionna.xml,30.0,0.0,0.0,2.4,-3.9279,3.2024,1.3944,28000000000.0,23,1.7234324189985273e-08,7.465505547088469e-08,5.742073128089942e-08,3.372388945876992e-08,-74.72062342912375,-44.72062342912375,cir_coefficients_tau_mask,,"[1, 1, 1, 1, 23, 1]","[1, 1, 23]","[1, 1, 23]","[1, 1, 23]",,True,,23,5.742073128089942e-08,-44.72062342912375,0,0.0,0.0,0,0,0,0,0,0,0,0,5.166719997251641,4089,6614,6619,0.03480599325230913,0.04344275046624326,0.044753669744465034,6614,0,0.3307
107,27497,rx_x500_body,/home/telilab4090/Documents/Gazebo World/my_world/rt_out/experiments/semantic_ablation_rigid_200f/sionna_xml/frame_107_sionna.xml,30.0,0.0,0.0,2.4,-3.9279,3.2024,1.3944,28000000000.0,23,1.7234324189985273e-08,7.465505547088469e-08,5.742073128089942e-08,3.3723893011483597e-08,-74.72062297160716,-44.720622971607156,cir_coefficients_tau_mask,,"[1, 1, 1, 1, 23, 1]","[1, 1, 23]","[1, 1, 23]","[1, 1, 23]",,True,,23,5.742073128089942e-08,-44.72062342912375,0,0.0,4.575165917231061e-07,0,0,0,0,0,0,0,0,5.166719997251641,4052,6658,6661,0.03430944969729728,0.041461520970100404,0.04378476803947058,6658,0,0.3329
108,27754,rx_x500_body,/home/telilab4090/Documents/Gazebo World/my_world/rt_out/experiments/semantic_ablation_rigid_200f/sionna_xml/frame_108_sionna.xml,30.0,0.0,0.0,2.4,-3.9279,3.2024,1.3944,28000000000.0,23,1.7234324189985273e-08,7.465505547088469e-08,5.742073128089942e-08,3.372388590605624e-08,-74.72062388664037,-44.72062388664037,cir_coefficients_tau_mask,,"[1, 1, 1, 1, 23, 1]","[1, 1, 23]","[1, 1, 23]","[1, 1, 23]",,True,,23,5.742073128089942e-08,-44.720622971607156,0,0.0,-9.150332118679216e-07,0,0,0,0,0,0,0,0,5.166719997251641,4069,6656,6663,0.034455735952779454,0.041152969595857986,0.0437386817683269,6656,0,0.3328
109,28011,rx_x500_body,/home/telilab4090/Documents/Gazebo World/my_world/rt_out/experiments/semantic_ablation_rigid_200f/sionna_xml/frame_109_sionna.xml,30.0,0.0,0.0,2.4,-3.9279,3.2024,1.3944,28000000000.0,23,1.7234324189985273e-08,7.465505547088469e-08,5.742073128089942e-08,3.3723893011483597e-08,-74.72062297160716,-44.720622971607156,cir_coefficients_tau_mask,,"[1, 1, 1, 1, 23, 1]","[1, 1, 23]","[1, 1, 23]","[1, 1, 23]",,True,,23,5.742073128089942e-08,-44.72062388664037,0,0.0,9.150332118679216e-07,0,0,0,0,0,0,0,0,5.166719997251641,4113,6583,6813,0.03454377004058613,0.041508574539749446,0.04383813996026489,6583,0,0.32915
110,28268,rx_x500_body,/home/telilab4090/Documents/Gazebo World/my_world/rt_out/experiments/semantic_ablation_rigid_200f/sionna_xml/frame_110_sionna.xml,30.0,0.0,0.0,2.4,-3.9279,3.2024,1.3944,28000000000.0,22,1.7234324189985273e-08,7.465505547088469e-08,5.742073128089942e-08,3.371402002017021e-08,-74.72189459627204,-44.72189459627204,cir_coefficients_tau_mask,,"[1, 1, 1, 1, 22, 1]","[1, 1, 22]","[1, 1, 22]","[1, 1, 22]",,True,,23,5.742073128089942e-08,-44.720622971607156,-1,0.0,-0.0012716246648807328,1,1,0,0,0,0,0,0,5.166719997251641,4103,6601,6987,0.03540523908389104,0.04240357564704837,0.04415188307500955,6601,0,0.33005
111,28525,rx_x500_body,/home/telilab4090/Documents/Gazebo World/my_world/rt_out/experiments/semantic_ablation_rigid_200f/sionna_xml/frame_111_sionna.xml,30.0,0.0,0.0,2.4,-3.9279,3.2024,1.3944,28000000000.0,23,1.7234324189985273e-08,7.465505547088469e-08,5.742073128089942e-08,3.3723896564197275e-08,-74.72062251409062,-44.72062251409062,cir_coefficients_tau_mask,,"[1, 1, 1, 1, 23, 1]","[1, 1, 23]","[1, 1, 23]","[1, 1, 23]",,True,,22,5.742073128089942e-08,-44.72189459627204,1,0.0,0.0012720821814156125,1,0,0,0,0,0,0,0,5.166719997251641,4091,6631,6943,0.03605238646659237,0.04229452201575184,0.04394315546402332,6630,0,0.33155
112,28782,rx_x500_body,/home/telilab4090/Documents/Gazebo World/my_world/rt_out/experiments/semantic_ablation_rigid_200f/sionna_xml/frame_112_sionna.xml,30.0,0.0,0.0,2.4,-3.9279,3.2024,1.3944,28000000000.0,23,1.7234324189985273e-08,7.465505547088469e-08,5.742073128089942e-08,3.372388945876992e-08,-74.72062342912375,-44.72062342912375,cir_coefficients_tau_mask,,"[1, 1, 1, 1, 23, 1]","[1, 1, 23]","[1, 1, 23]","[1, 1, 23]",,True,,23,5.742073128089942e-08,-44.72062251409062,0,0.0,-9.150331266027933e-07,0,0,0,0,0,0,0,0,5.166719997251641,4113,6675,7016,0.03551232726952578,0.04268520422692251,0.04429002411651907,6675,0,0.33375
113,29039,rx_x500_body,/home/telilab4090/Documents/Gazebo World/my_world/rt_out/experiments/semantic_ablation_rigid_200f/sionna_xml/frame_113_sionna.xml,30.0,0.0,0.0,2.4,-3.9279,3.2024,1.3944,28000000000.0,23,1.7234324189985273e-08,7.465505547088469e-08,5.742073128089942e-08,3.3723893011483597e-08,-74.72062297160716,-44.720622971607156,cir_coefficients_tau_mask,,"[1, 1, 1, 1, 23, 1]","[1, 1, 23]","[1, 1, 23]","[1, 1, 23]",,True,,23,5.742073128089942e-08,-44.72062342912375,0,0.0,4.575165917231061e-07,0,0,0,0,0,0,0,0,5.166719997251641,4079,6592,6944,0.034455735952779454,0.041901910927080475,0.043874960558728346,6592,0,0.3296
114,29296,rx_x500_body,/home/telilab4090/Documents/Gazebo World/my_world/rt_out/experiments/semantic_ablation_rigid_200f/sionna_xml/frame_114_sionna.xml,30.0,0.0,0.0,2.4,-3.9279,3.2024,1.3944,28000000000.0,23,1.7234324189985273e-08,7.465505547088469e-08,5.742073128089942e-08,3.3723893011483597e-08,-74.72062297160716,-44.720622971607156,cir_coefficients_tau_mask,,"[1, 1, 1, 1, 23, 1]","[1, 1, 23]","[1, 1, 23]","[1, 1, 23]",,True,,23,5.742073128089942e-08,-44.720622971607156,0,0.0,0.0,0,0,0,0,0,0,0,0,5.166719997251641,4145,6703,7019,0.03454244322623389,0.04289431329541073,0.044634344269105994,6703,0,0.33515
115,29553,rx_x500_body,/home/telilab4090/Documents/Gazebo World/my_world/rt_out/experiments/semantic_ablation_rigid_200f/sionna_xml/frame_115_sionna.xml,30.0,0.0,0.0,2.4,-3.9279,3.2024,1.3944,28000000000.0,23,1.7234324189985273e-08,7.465505547088469e-08,5.742073128089942e-08,3.372388945876992e-08,-74.72062342912375,-44.72062342912375,cir_coefficients_tau_mask,,"[1, 1, 1, 1, 23, 1]","[1, 1, 23]","[1, 1, 23]","[1, 1, 23]",,True,,23,5.742073128089942e-08,-44.720622971607156,0,0.0,-4.575165917231061e-07,0,0,0,0,0,0,0,0,5.166719997251641,4104,6678,7014,0.03568028436050364,0.04247757778970767,0.044195563010987794,6678,0,0.3339
116,29810,rx_x500_body,/home/telilab4090/Documents/Gazebo World/my_world/rt_out/experiments/semantic_ablation_rigid_200f/sionna_xml/frame_116_sionna.xml,30.0,0.0,0.0,2.4,-3.9279,3.2024,1.3944,28000000000.0,23,1.7234324189985273e-08,7.465505547088469e-08,5.742073128089942e-08,3.3723893011483597e-08,-74.72062297160716,-44.720622971607156,cir_coefficients_tau_mask,,"[1, 1, 1, 1, 23, 1]","[1, 1, 23]","[1, 1, 23]","[1, 1, 23]",,True,,23,5.742073128089942e-08,-44.72062342912375,0,0.0,4.575165917231061e-07,0,0,0,0,0,0,0,0,5.166719997251641,4037,6547,6738,0.034679362957369904,0.04170837450111203,0.043859442133186065,6547,0,0.32735
117,30067,rx_x500_body,/home/telilab4090/Documents/Gazebo World/my_world/rt_out/experiments/semantic_ablation_rigid_200f/sionna_xml/frame_117_sionna.xml,30.0,0.0,0.0,2.4,-3.9279,3.2024,1.3944,28000000000.0,23,1.7234324189985273e-08,7.465505547088469e-08,5.742073128089942e-08,3.372388590605624e-08,-74.72062388664037,-44.72062388664037,cir_coefficients_tau_mask,,"[1, 1, 1, 1, 23, 1]","[1, 1, 23]","[1, 1, 23]","[1, 1, 23]",,True,,23,5.742073128089942e-08,-44.720622971607156,0,0.0,-9.150332118679216e-07,0,0,0,0,0,0,0,0,5.166719997251641,4097,6716,6896,0.036054529348145535,0.04308802544206511,0.04465367128256077,6716,0,0.3358
118,30324,rx_x500_body,/home/telilab4090/Documents/Gazebo World/my_world/rt_out/experiments/semantic_ablation_rigid_200f/sionna_xml/frame_118_sionna.xml,30.0,0.0,0.0,2.4,-3.9279,3.2024,1.3944,28000000000.0,22,1.7234324189985273e-08,7.465505547088469e-08,5.742073128089942e-08,3.3687346245869776e-08,-74.72533199650195,-44.72533199650195,cir_coefficients_tau_mask,,"[1, 1, 1, 1, 22, 1]","[1, 1, 22]","[1, 1, 22]","[1, 1, 22]",,True,,23,5.742073128089942e-08,-44.72062388664037,-1,0.0,-0.004708109861581988,1,1,0,0,0,0,0,0,5.166719997251641,4040,6582,7171,0.03479142832520959,0.04275525172135913,0.044402658120776727,6582,0,0.3291
119,30581,rx_x500_body,/home/telilab4090/Documents/Gazebo World/my_world/rt_out/experiments/semantic_ablation_rigid_200f/sionna_xml/frame_119_sionna.xml,30.0,0.0,0.0,2.4,-3.9279,3.2024,1.3944,28000000000.0,23,1.7234324189985273e-08,7.465505547088469e-08,5.742073128089942e-08,3.372388945876992e-08,-74.72062342912375,-44.72062342912375,cir_coefficients_tau_mask,,"[1, 1, 1, 1, 23, 1]","[1, 1, 23]","[1, 1, 23]","[1, 1, 23]",,True,,22,5.742073128089942e-08,-44.72533199650195,1,0.0,0.004708567378202133,1,0,0,0,0,0,0,0,5.166719997251641,4060,6596,6603,0.03430944969729728,0.04154704086058487,0.04387108263866686,6595,0,0.3298
120,30838,rx_x500_body,/home/telilab4090/Documents/Gazebo World/my_world/rt_out/experiments/semantic_ablation_rigid_200f/sionna_xml/frame_120_sionna.xml,30.0,0.0,0.0,2.4,-3.9279,3.2024,1.3944,28000000000.0,23,1.7234324189985273e-08,7.465505547088469e-08,5.742073128089942e-08,3.372388590605624e-08,-74.72062388664037,-44.72062388664037,cir_coefficients_tau_mask,,"[1, 1, 1, 1, 23, 1]","[1, 1, 23]","[1, 1, 23]","[1, 1, 23]",,True,,23,5.742073128089942e-08,-44.72062342912375,0,0.0,-4.5751662014481553e-07,0,0,0,0,0,0,0,0,5.166719997251641,4028,6627,6630,0.03454377004058613,0.04124343048025708,0.04372781576978426,6627,0,0.33135
121,31095,rx_x500_body,/home/telilab4090/Documents/Gazebo World/my_world/rt_out/experiments/semantic_ablation_rigid_200f/sionna_xml/frame_121_sionna.xml,30.0,0.0,0.0,2.4,-3.9279,3.2024,1.3944,28000000000.0,23,1.7234324189985273e-08,7.465505547088469e-08,5.742073128089942e-08,3.372388945876992e-08,-74.72062342912375,-44.72062342912375,cir_coefficients_tau_mask,,"[1, 1, 1, 1, 23, 1]","[1, 1, 23]","[1, 1, 23]","[1, 1, 23]",,True,,23,5.742073128089942e-08,-44.72062388664037,0,0.0,4.5751662014481553e-07,0,0,0,0,0,0,0,0,5.166719997251641,4101,6628,6632,0.03456127174719209,0.042014500697093705,0.04391792634663177,6628,0,0.3314
122,31352,rx_x500_body,/home/telilab4090/Documents/Gazebo World/my_world/rt_out/experiments/semantic_ablation_rigid_200f/sionna_xml/frame_122_sionna.xml,30.0,0.0,0.0,2.4,-3.9279,3.2024,1.3944,28000000000.0,23,1.7234324189985273e-08,7.465505547088469e-08,5.742073128089942e-08,3.372388590605624e-08,-74.72062388664037,-44.72062388664037,cir_coefficients_tau_mask,,"[1, 1, 1, 1, 23, 1]","[1, 1, 23]","[1, 1, 23]","[1, 1, 23]",,True,,23,5.742073128089942e-08,-44.72062342912375,0,0.0,-4.5751662014481553e-07,0,0,0,0,0,0,0,0,5.166719997251641,4124,6668,6675,0.03454377004058613,0.041817405495841564,0.04396174092100859,6668,0,0.3334
123,31609,rx_x500_body,/home/telilab4090/Documents/Gazebo World/my_world/rt_out/experiments/semantic_ablation_rigid_200f/sionna_xml/frame_123_sionna.xml,30.0,0.0,0.0,2.4,-3.9279,3.2024,1.3944,28000000000.0,23,1.7234324189985273e-08,7.465505547088469e-08,5.742073128089942e-08,3.372388945876992e-08,-74.72062342912375,-44.72062342912375,cir_coefficients_tau_mask,,"[1, 1, 1, 1, 23, 1]","[1, 1, 23]","[1, 1, 23]","[1, 1, 23]",,True,,23,5.742073128089942e-08,-44.72062388664037,0,0.0,4.5751662014481553e-07,0,0,0,0,0,0,0,0,5.166719997251641,4140,6776,6779,0.03506703194023784,0.04232429833579664,0.04422469878236994,6776,0,0.3388
124,31866,rx_x500_body,/home/telilab4090/Documents/Gazebo World/my_world/rt_out/experiments/semantic_ablation_rigid_200f/sionna_xml/frame_124_sionna.xml,30.0,0.0,0.0,2.4,-3.9279,3.2024,1.3944,28000000000.0,23,1.7234324189985273e-08,7.465505547088469e-08,5.742073128089942e-08,3.372388945876992e-08,-74.72062342912375,-44.72062342912375,cir_coefficients_tau_mask,,"[1, 1, 1, 1, 23, 1]","[1, 1, 23]","[1, 1, 23]","[1, 1, 23]",,True,,23,5.742073128089942e-08,-44.72062342912375,0,0.0,0.0,0,0,0,0,0,0,0,0,5.166719997251641,4154,6682,6686,0.034455735952779454,0.04071220281615275,0.04324470589608924,6682,0,0.3341
125,32123,rx_x500_body,/home/telilab4090/Documents/Gazebo World/my_world/rt_out/experiments/semantic_ablation_rigid_200f/sionna_xml/frame_125_sionna.xml,30.0,0.0,0.0,2.4,-3.9279,3.2024,1.3944,28000000000.0,23,1.7234324189985273e-08,7.465505547088469e-08,5.742073128089942e-08,3.372388590605624e-08,-74.72062388664037,-44.72062388664037,cir_coefficients_tau_mask,,"[1, 1, 1, 1, 23, 1]","[1, 1, 23]","[1, 1, 23]","[1, 1, 23]",,True,,23,5.742073128089942e-08,-44.72062342912375,0,0.0,-4.5751662014481553e-07,0,0,0,0,0,0,0,0,5.166719997251641,4125,6700,6708,0.03617884708311603,0.04248317667445635,0.04423128133797058,6700,0,0.335
126,32380,rx_x500_body,/home/telilab4090/Documents/Gazebo World/my_world/rt_out/experiments/semantic_ablation_rigid_200f/sionna_xml/frame_126_sionna.xml,30.0,0.0,0.0,2.4,-3.9279,3.2024,1.3944,28000000000.0,23,1.7234324189985273e-08,7.465505547088469e-08,5.742073128089942e-08,3.372388945876992e-08,-74.72062342912375,-44.72062342912375,cir_coefficients_tau_mask,,"[1, 1, 1, 1, 23, 1]","[1, 1, 23]","[1, 1, 23]","[1, 1, 23]",,True,,23,5.742073128089942e-08,-44.72062388664037,0,0.0,4.5751662014481553e-07,0,0,0,0,0,0,0,0,5.166719997251641,4204,6655,6668,0.035342889236502105,0.04256738483189383,0.044215627376042795,6655,0,0.33275
127,32637,rx_x500_body,/home/telilab4090/Documents/Gazebo World/my_world/rt_out/experiments/semantic_ablation_rigid_200f/sionna_xml/frame_127_sionna.xml,30.0,0.0,0.0,2.4,-3.9279,3.2024,1.3944,28000000000.0,23,1.7234324189985273e-08,7.465505547088469e-08,5.742073128089942e-08,3.372388235334256e-08,-74.72062434415706,-44.72062434415706,cir_coefficients_tau_mask,,"[1, 1, 1, 1, 23, 1]","[1, 1, 23]","[1, 1, 23]","[1, 1, 23]",,True,,23,5.742073128089942e-08,-44.72062342912375,0,0.0,-9.150333113439046e-07,0,0,0,0,0,0,0,0,5.166719997251641,4094,6614,6618,0.035045048113695514,0.04264818899316778,0.044494596643838404,6614,0,0.3307
128,32894,rx_x500_body,/home/telilab4090/Documents/Gazebo World/my_world/rt_out/experiments/semantic_ablation_rigid_200f/sionna_xml/frame_128_sionna.xml,30.0,0.0,0.0,2.4,-3.9279,3.2024,1.3944,28000000000.0,23,1.7234324189985273e-08,7.465505547088469e-08,5.742073128089942e-08,3.3723893011483597e-08,-74.72062297160716,-44.720622971607156,cir_coefficients_tau_mask,,"[1, 1, 1, 1, 23, 1]","[1, 1, 23]","[1, 1, 23]","[1, 1, 23]",,True,,23,5.742073128089942e-08,-44.72062434415706,0,0.0,1.3725499030670107e-06,0,0,0,0,0,0,0,0,5.166719997251641,4057,6574,7751,0.03454377004058613,0.04144314543215778,0.04376311836946003,6574,0,0.3287
129,33151,rx_x500_body,/home/telilab4090/Documents/Gazebo World/my_world/rt_out/experiments/semantic_ablation_rigid_200f/sionna_xml/frame_129_sionna.xml,30.0,0.0,0.0,2.4,-3.9279,3.2024,1.3944,28000000000.0,23,1.7234324189985273e-08,7.465505547088469e-08,5.742073128089942e-08,3.372388590605624e-08,-74.72062388664037,-44.72062388664037,cir_coefficients_tau_mask,,"[1, 1, 1, 1, 23, 1]","[1, 1, 23]","[1, 1, 23]","[1, 1, 23]",,True,,23,5.742073128089942e-08,-44.720622971607156,0,0.0,-9.150332118679216e-07,0,0,0,0,0,0,0,0,5.166719997251641,4099,6640,7561,0.03538506471330203,0.043554205515297005,0.04471709071014478,6640,0,0.332
130,33408,rx_x500_body,/home/telilab4090/Documents/Gazebo World/my_world/rt_out/experiments/semantic_ablation_rigid_200f/sionna_xml/frame_130_sionna.xml,30.0,0.0,0.0,2.4,-3.9279,3.2024,1.3944,28000000000.0,23,1.7234324189985273e-08,7.465505547088469e-08,5.742073128089942e-08,3.372388590605624e-08,-74.72062388664037,-44.72062388664037,cir_coefficients_tau_mask,,"[1, 1, 1, 1, 23, 1]","[1, 1, 23]","[1, 1, 23]","[1, 1, 23]",,True,,23,5.742073128089942e-08,-44.72062388664037,0,0.0,0.0,0,0,0,0,0,0,0,0,5.166719997251641,4007,6515,7478,0.034455735952779454,0.04137350235155031,0.043735785100804295,6515,0,0.32575
131,33665,rx_x500_body,/home/telilab4090/Documents/Gazebo World/my_world/rt_out/experiments/semantic_ablation_rigid_200f/sionna_xml/frame_131_sionna.xml,30.0,0.0,0.0,2.4,-3.9279,3.2024,1.3944,28000000000.0,23,1.7234324189985273e-08,7.465505547088469e-08,5.742073128089942e-08,3.372388945876992e-08,-74.72062342912375,-44.72062342912375,cir_coefficients_tau_mask,,"[1, 1, 1, 1, 23, 1]","[1, 1, 23]","[1, 1, 23]","[1, 1, 23]",,True,,23,5.742073128089942e-08,-44.72062388664037,0,0.0,4.5751662014481553e-07,0,0,0,0,0,0,0,0,5.166719997251641,4135,6674,7621,0.0348672188094531,0.042040164926370374,0.04416246508575557,6674,0,0.3337
132,33922,rx_x500_body,/home/telilab4090/Documents/Gazebo World/my_world/rt_out/experiments/semantic_ablation_rigid_200f/sionna_xml/frame_132_sionna.xml,30.0,0.0,0.0,2.4,-3.9279,3.2024,1.3944,28000000000.0,23,1.7234324189985273e-08,7.465505547088469e-08,5.742073128089942e-08,3.372388590605624e-08,-74.72062388664037,-44.72062388664037,cir_coefficients_tau_mask,,"[1, 1, 1, 1, 23, 1]","[1, 1, 23]","[1, 1, 23]","[1, 1, 23]",,True,,23,5.742073128089942e-08,-44.72062342912375,0,0.0,-4.5751662014481553e-07,0,0,0,0,0,0,0,0,5.166719997251641,3985,6542,6839,0.03537565933115892,0.04237280125441952,0.04413081614935575,6542,0,0.3271
133,34179,rx_x500_body,/home/telilab4090/Documents/Gazebo World/my_world/rt_out/experiments/semantic_ablation_rigid_200f/sionna_xml/frame_133_sionna.xml,30.0,0.0,0.0,2.4,-3.9279,3.2024,1.3944,28000000000.0,23,1.7234324189985273e-08,7.465505547088469e-08,5.742073128089942e-08,3.372388590605624e-08,-74.72062388664037,-44.72062388664037,cir_coefficients_tau_mask,,"[1, 1, 1, 1, 23, 1]","[1, 1, 23]","[1, 1, 23]","[1, 1, 23]",,True,,23,5.742073128089942e-08,-44.72062388664037,0,0.0,0.0,0,0,0,0,0,0,0,0,5.166719997251641,4162,6640,6886,0.04268841472736827,0.04447325970470755,0.04537861974561666,6640,0,0.332
134,34436,rx_x500_body,/home/telilab4090/Documents/Gazebo World/my_world/rt_out/experiments/semantic_ablation_rigid_200f/sionna_xml/frame_134_sionna.xml,30.0,0.0,0.0,2.4,-3.9279,3.2024,1.3944,28000000000.0,23,1.7234324189985273e-08,7.465505547088469e-08,5.742073128089942e-08,3.372388945876992e-08,-74.72062342912375,-44.72062342912375,cir_coefficients_tau_mask,,"[1, 1, 1, 1, 23, 1]","[1, 1, 23]","[1, 1, 23]","[1, 1, 23]",,True,,23,5.742073128089942e-08,-44.72062388664037,0,0.0,4.5751662014481553e-07,0,0,0,0,0,0,0,0,5.166719997251641,4135,6725,7391,0.03456127174719209,0.04268136950937889,0.04453373608816169,6725,0,0.33625
135,34693,rx_x500_body,/home/telilab4090/Documents/Gazebo World/my_world/rt_out/experiments/semantic_ablation_rigid_200f/sionna_xml/frame_135_sionna.xml,30.0,0.0,0.0,2.4,-3.9279,3.2024,1.3944,28000000000.0,23,1.7234324189985273e-08,7.465505547088469e-08,5.742073128089942e-08,3.3723893011483597e-08,-74.72062297160716,-44.720622971607156,cir_coefficients_tau_mask,,"[1, 1, 1, 1, 23, 1]","[1, 1, 23]","[1, 1, 23]","[1, 1, 23]",,True,,23,5.742073128089942e-08,-44.72062342912375,0,0.0,4.575165917231061e-07,0,0,0,0,0,0,0,0,5.166719997251641,4066,6647,7034,0.03631321193883913,0.04312938688943762,0.04442545627449681,6647,0,0.33235
136,34950,rx_x500_body,/home/telilab4090/Documents/Gazebo World/my_world/rt_out/experiments/semantic_ablation_rigid_200f/sionna_xml/frame_136_sionna.xml,30.0,0.0,0.0,2.4,-3.9279,3.2024,1.3944,28000000000.0,23,1.7234324189985273e-08,7.465505547088469e-08,5.742073128089942e-08,3.3723893011483597e-08,-74.72062297160716,-44.720622971607156,cir_coefficients_tau_mask,,"[1, 1, 1, 1, 23, 1]","[1, 1, 23]","[1, 1, 23]","[1, 1, 23]",,True,,23,5.742073128089942e-08,-44.720622971607156,0,0.0,0.0,0,0,0,0,0,0,0,0,5.166719997251641,4090,6629,7016,0.03513092655394849,0.04178418685259643,0.04389805158404518,6629,0,0.33145
137,35207,rx_x500_body,/home/telilab4090/Documents/Gazebo World/my_world/rt_out/experiments/semantic_ablation_rigid_200f/sionna_xml/frame_137_sionna.xml,30.0,0.0,0.0,2.4,-3.9279,3.2024,1.3944,28000000000.0,23,1.7234324189985273e-08,7.465505547088469e-08,5.742073128089942e-08,3.372388945876992e-08,-74.72062342912375,-44.72062342912375,cir_coefficients_tau_mask,,"[1, 1, 1, 1, 23, 1]","[1, 1, 23]","[1, 1, 23]","[1, 1, 23]",,True,,23,5.742073128089942e-08,-44.720622971607156,0,0.0,-4.575165917231061e-07,0,0,0,0,0,0,0,0,5.166719997251641,4078,6654,7051,0.03525878709286382,0.04249214647936135,0.04428467694062272,6654,0,0.3327
138,35464,rx_x500_body,/home/telilab4090/Documents/Gazebo World/my_world/rt_out/experiments/semantic_ablation_rigid_200f/sionna_xml/frame_138_sionna.xml,30.0,0.0,0.0,2.4,-3.9279,3.2024,1.3944,28000000000.0,23,1.7234324189985273e-08,7.465505547088469e-08,5.742073128089942e-08,3.372388945876992e-08,-74.72062342912375,-44.72062342912375,cir_coefficients_tau_mask,,"[1, 1, 1, 1, 23, 1]","[1, 1, 23]","[1, 1, 23]","[1, 1, 23]",,True,,23,5.742073128089942e-08,-44.72062342912375,0,0.0,0.0,0,0,0,0,0,0,0,0,5.166719997251641,4104,6647,6649,0.03474172771733799,0.04228840890108178,0.04433095331281778,6647,0,0.33235
139,35721,rx_x500_body,/home/telilab4090/Documents/Gazebo World/my_world/rt_out/experiments/semantic_ablation_rigid_200f/sionna_xml/frame_139_sionna.xml,30.0,0.0,0.0,2.4,-3.9279,3.2024,1.3944,28000000000.0,23,1.7234324189985273e-08,7.465505547088469e-08,5.742073128089942e-08,3.372388590605624e-08,-74.72062388664037,-44.72062388664037,cir_coefficients_tau_mask,,"[1, 1, 1, 1, 23, 1]","[1, 1, 23]","[1, 1, 23]","[1, 1, 23]",,True,,23,5.742073128089942e-08,-44.72062342912375,0,0.0,-4.5751662014481553e-07,0,0,0,0,0,0,0,0,5.166719997251641,4157,6654,6658,0.03540523908389104,0.0433787042489719,0.04481313442670839,6654,0,0.3327
140,35978,rx_x500_body,/home/telilab4090/Documents/Gazebo World/my_world/rt_out/experiments/semantic_ablation_rigid_200f/sionna_xml/frame_140_sionna.xml,30.0,0.0,0.0,2.4,-3.9279,3.2024,1.3944,28000000000.0,23,1.7234324189985273e-08,7.465505547088469e-08,5.742073128089942e-08,3.3723893011483597e-08,-74.72062297160716,-44.720622971607156,cir_coefficients_tau_mask,,"[1, 1, 1, 1, 23, 1]","[1, 1, 23]","[1, 1, 23]","[1, 1, 23]",,True,,23,5.742073128089942e-08,-44.72062388664037,0,0.0,9.150332118679216e-07,0,0,0,0,0,0,0,0,5.166719997251641,4098,6629,6633,0.03496862826551242,0.04238847430278654,0.044422876900362764,6629,0,0.33145
141,36235,rx_x500_body,/home/telilab4090/Documents/Gazebo World/my_world/rt_out/experiments/semantic_ablation_rigid_200f/sionna_xml/frame_141_sionna.xml,30.0,0.0,0.0,2.4,-3.9279,3.2024,1.3944,28000000000.0,23,1.7234324189985273e-08,7.465505547088469e-08,5.742073128089942e-08,3.3723893011483597e-08,-74.72062297160716,-44.720622971607156,cir_coefficients_tau_mask,,"[1, 1, 1, 1, 23, 1]","[1, 1, 23]","[1, 1, 23]","[1, 1, 23]",,True,,23,5.742073128089942e-08,-44.720622971607156,0,0.0,0.0,0,0,0,0,0,0,0,0,5.166719997251641,4152,6739,7334,0.03488409142938189,0.04295411151158269,0.04458261296718865,6738,0,0.33695
142,36492,rx_x500_body,/home/telilab4090/Documents/Gazebo World/my_world/rt_out/experiments/semantic_ablation_rigid_200f/sionna_xml/frame_142_sionna.xml,30.0,0.0,0.0,2.4,-3.9279,3.2024,1.3944,28000000000.0,23,1.7234324189985273e-08,7.465505547088469e-08,5.742073128089942e-08,3.372388590605624e-08,-74.72062388664037,-44.72062388664037,cir_coefficients_tau_mask,,"[1, 1, 1, 1, 23, 1]","[1, 1, 23]","[1, 1, 23]","[1, 1, 23]",,True,,23,5.742073128089942e-08,-44.720622971607156,0,0.0,-9.150332118679216e-07,0,0,0,0,0,0,0,0,5.166719997251641,4160,6680,6685,0.03461625178964631,0.041848578805562586,0.0441142094843483,6680,0,0.334
143,36749,rx_x500_body,/home/telilab4090/Documents/Gazebo World/my_world/rt_out/experiments/semantic_ablation_rigid_200f/sionna_xml/frame_143_sionna.xml,30.0,0.0,0.0,2.4,-3.9279,3.2024,1.3944,28000000000.0,23,1.7234324189985273e-08,7.465505547088469e-08,5.742073128089942e-08,3.3723893011483597e-08,-74.72062297160716,-44.720622971607156,cir_coefficients_tau_mask,,"[1, 1, 1, 1, 23, 1]","[1, 1, 23]","[1, 1, 23]","[1, 1, 23]",,True,,23,5.742073128089942e-08,-44.72062388664037,0,0.0,9.150332118679216e-07,0,0,0,0,0,0,0,0,5.166719997251641,4106,6569,6572,0.03579247666720844,0.042563981605370296,0.044319604827684884,6569,0,0.32845
144,37006,rx_x500_body,/home/telilab4090/Documents/Gazebo World/my_world/rt_out/experiments/semantic_ablation_rigid_200f/sionna_xml/frame_144_sionna.xml,30.0,0.0,0.0,2.4,-3.9279,3.2024,1.3944,28000000000.0,23,1.7234324189985273e-08,7.465505547088469e-08,5.742073128089942e-08,3.372388590605624e-08,-74.72062388664037,-44.72062388664037,cir_coefficients_tau_mask,,"[1, 1, 1, 1, 23, 1]","[1, 1, 23]","[1, 1, 23]","[1, 1, 23]",,True,,23,5.742073128089942e-08,-44.720622971607156,0,0.0,-9.150332118679216e-07,0,0,0,0,0,0,0,0,5.166719997251641,4117,6745,6749,0.03454377004058613,0.043476053475846224,0.044728265483846175,6745,0,0.33725
145,37263,rx_x500_body,/home/telilab4090/Documents/Gazebo World/my_world/rt_out/experiments/semantic_ablation_rigid_200f/sionna_xml/frame_145_sionna.xml,30.0,0.0,0.0,2.4,-3.9279,3.2024,1.3944,28000000000.0,23,1.7234324189985273e-08,7.465505547088469e-08,5.742073128089942e-08,3.372388945876992e-08,-74.72062342912375,-44.72062342912375,cir_coefficients_tau_mask,,"[1, 1, 1, 1, 23, 1]","[1, 1, 23]","[1, 1, 23]","[1, 1, 23]",,True,,23,5.742073128089942e-08,-44.72062388664037,0,0.0,4.5751662014481553e-07,0,0,0,0,0,0,0,0,5.166719997251641,4055,6526,6832,0.034679362957369904,0.043002984754731896,0.044481442479707776,6526,0,0.3263
146,37520,rx_x500_body,/home/telilab4090/Documents/Gazebo World/my_world/rt_out/experiments/semantic_ablation_rigid_200f/sionna_xml/frame_146_sionna.xml,30.0,0.0,0.0,2.4,-3.9279,3.2024,1.3944,28000000000.0,23,1.7234324189985273e-08,7.465505547088469e-08,5.742073128089942e-08,3.3723893011483597e-08,-74.72062297160716,-44.720622971607156,cir_coefficients_tau_mask,,"[1, 1, 1, 1, 23, 1]","[1, 1, 23]","[1, 1, 23]","[1, 1, 23]",,True,,23,5.742073128089942e-08,-44.72062342912375,0,0.0,4.575165917231061e-07,0,0,0,0,0,0,0,0,5.166719997251641,4059,6550,6942,0.03454244322623389,0.04164463387277462,0.04397269464959637,6550,0,0.3275
147,37777,rx_x500_body,/home/telilab4090/Documents/Gazebo World/my_world/rt_out/experiments/semantic_ablation_rigid_200f/sionna_xml/frame_147_sionna.xml,30.0,0.0,0.0,2.4,-3.9279,3.2024,1.3944,28000000000.0,23,1.7234324189985273e-08,7.465505547088469e-08,5.742073128089942e-08,3.3723893011483597e-08,-74.72062297160716,-44.720622971607156,cir_coefficients_tau_mask,,"[1, 1, 1, 1, 23, 1]","[1, 1, 23]","[1, 1, 23]","[1, 1, 23]",,True,,23,5.742073128089942e-08,-44.720622971607156,0,0.0,0.0,0,0,0,0,0,0,0,0,5.166719997251641,4178,6725,7095,0.03454377004058613,0.0415094405270745,0.04385710781117983,6725,0,0.33625
148,38034,rx_x500_body,/home/telilab4090/Documents/Gazebo World/my_world/rt_out/experiments/semantic_ablation_rigid_200f/sionna_xml/frame_148_sionna.xml,30.0,0.0,0.0,2.4,-3.9279,3.2024,1.3944,28000000000.0,23,1.7234324189985273e-08,7.465505547088469e-08,5.742073128089942e-08,3.372388945876992e-08,-74.72062342912375,-44.72062342912375,cir_coefficients_tau_mask,,"[1, 1, 1, 1, 23, 1]","[1, 1, 23]","[1, 1, 23]","[1, 1, 23]",,True,,23,5.742073128089942e-08,-44.720622971607156,0,0.0,-4.575165917231061e-07,0,0,0,0,0,0,0,0,5.166719997251641,4164,6694,7042,0.03685576020177539,0.04331523627160107,0.044668601425574946,6694,0,0.3347
149,38291,rx_x500_body,/home/telilab4090/Documents/Gazebo World/my_world/rt_out/experiments/semantic_ablation_rigid_200f/sionna_xml/frame_149_sionna.xml,30.0,0.0,0.0,2.4,-3.9279,3.2024,1.3944,28000000000.0,23,1.7234324189985273e-08,7.465505547088469e-08,5.742073128089942e-08,3.372388945876992e-08,-74.72062342912375,-44.72062342912375,cir_coefficients_tau_mask,,"[1, 1, 1, 1, 23, 1]","[1, 1, 23]","[1, 1, 23]","[1, 1, 23]",,True,,23,5.742073128089942e-08,-44.72062342912375,0,0.0,0.0,0,0,0,0,0,0,0,0,5.166719997251641,4090,6653,6985,0.034784971687636744,0.042635276328446284,0.04439959516198131,6653,0,0.33265
150,38548,rx_x500_body,/home/telilab4090/Documents/Gazebo World/my_world/rt_out/experiments/semantic_ablation_rigid_200f/sionna_xml/frame_150_sionna.xml,30.0,0.0,0.0,2.4,-3.9279,3.2024,1.3944,28000000000.0,23,1.7234324189985273e-08,7.465505547088469e-08,5.742073128089942e-08,3.3723893011483597e-08,-74.72062297160716,-44.720622971607156,cir_coefficients_tau_mask,,"[1, 1, 1, 1, 23, 1]","[1, 1, 23]","[1, 1, 23]","[1, 1, 23]",,True,,23,5.742073128089942e-08,-44.72062342912375,0,0.0,4.575165917231061e-07,0,0,0,0,0,0,0,0,5.166719997251641,4074,6535,6969,0.034735572951969794,0.041215249370926986,0.04378126320929158,6534,0,0.32675
151,38805,rx_x500_body,/home/telilab4090/Documents/Gazebo World/my_world/rt_out/experiments/semantic_ablation_rigid_200f/sionna_xml/frame_151_sionna.xml,30.0,0.0,0.0,2.4,-3.9279,3.2024,1.3944,28000000000.0,23,1.7234324189985273e-08,7.465505547088469e-08,5.742073128089942e-08,3.372388945876992e-08,-74.72062342912375,-44.72062342912375,cir_coefficients_tau_mask,,"[1, 1, 1, 1, 23, 1]","[1, 1, 23]","[1, 1, 23]","[1, 1, 23]",,True,,23,5.742073128089942e-08,-44.720622971607156,0,0.0,-4.575165917231061e-07,0,0,0,0,0,0,0,0,5.166719997251641,4099,6648,7085,0.03456127174719209,0.04394536564567991,0.04507504268321466,6648,0,0.3324
152,39062,rx_x500_body,/home/telilab4090/Documents/Gazebo World/my_world/rt_out/experiments/semantic_ablation_rigid_200f/sionna_xml/frame_152_sionna.xml,30.0,0.0,0.0,2.4,-3.9279,3.2024,1.3944,28000000000.0,23,1.7234324189985273e-08,7.465505547088469e-08,5.742073128089942e-08,3.372388945876992e-08,-74.72062342912375,-44.72062342912375,cir_coefficients_tau_mask,,"[1, 1, 1, 1, 23, 1]","[1, 1, 23]","[1, 1, 23]","[1, 1, 23]",,True,,23,5.742073128089942e-08,-44.72062342912375,0,0.0,0.0,0,0,0,0,0,0,0,0,5.166719997251641,4171,6690,7263,0.0348672188094531,0.04279831838852623,0.04441357255217177,6690,0,0.3345
153,39319,rx_x500_body,/home/telilab4090/Documents/Gazebo World/my_world/rt_out/experiments/semantic_ablation_rigid_200f/sionna_xml/frame_153_sionna.xml,30.0,0.0,0.0,2.4,-3.9279,3.2024,1.3944,28000000000.0,23,1.7234324189985273e-08,7.465505547088469e-08,5.742073128089942e-08,3.3723893011483597e-08,-74.72062297160716,-44.720622971607156,cir_coefficients_tau_mask,,"[1, 1, 1, 1, 23, 1]","[1, 1, 23]","[1, 1, 23]","[1, 1, 23]",,True,,23,5.742073128089942e-08,-44.72062342912375,0,0.0,4.575165917231061e-07,0,0,0,0,0,0,0,0,5.166719997251641,4116,6657,7343,0.03520356437638952,0.041946225833160225,0.043787237352978015,6657,0,0.33285
154,39576,rx_x500_body,/home/telilab4090/Documents/Gazebo World/my_world/rt_out/experiments/semantic_ablation_rigid_200f/sionna_xml/frame_154_sionna.xml,30.0,0.0,0.0,2.4,-3.9279,3.2024,1.3944,28000000000.0,23,1.7234324189985273e-08,7.465505547088469e-08,5.742073128089942e-08,3.372388590605624e-08,-74.72062388664037,-44.72062388664037,cir_coefficients_tau_mask,,"[1, 1, 1, 1, 23, 1]","[1, 1, 23]","[1, 1, 23]","[1, 1, 23]",,True,,23,5.742073128089942e-08,-44.720622971607156,0,0.0,-9.150332118679216e-07,0,0,0,0,0,0,0,0,5.166719997251641,4048,6613,7254,0.038337935055377644,0.04331728297687075,0.044689180448877576,6613,0,0.33065
155,39833,rx_x500_body,/home/telilab4090/Documents/Gazebo World/my_world/rt_out/experiments/semantic_ablation_rigid_200f/sionna_xml/frame_155_sionna.xml,30.0,0.0,0.0,2.4,-3.9279,3.2024,1.3944,28000000000.0,23,1.7234324189985273e-08,7.465505547088469e-08,5.742073128089942e-08,3.3723893011483597e-08,-74.72062297160716,-44.720622971607156,cir_coefficients_tau_mask,,"[1, 1, 1, 1, 23, 1]","[1, 1, 23]","[1, 1, 23]","[1, 1, 23]",,True,,23,5.742073128089942e-08,-44.72062388664037,0,0.0,9.150332118679216e-07,0,0,0,0,0,0,0,0,5.166719997251641,4108,6642,7250,0.03430944969729728,0.042037212027085734,0.04408702186647652,6642,0,0.3321
156,40090,rx_x500_body,/home/telilab4090/Documents/Gazebo World/my_world/rt_out/experiments/semantic_ablation_rigid_200f/sionna_xml/frame_156_sionna.xml,30.0,0.0,0.0,2.4,-3.9279,3.2024,1.3944,28000000000.0,23,1.7234324189985273e-08,7.465505547088469e-08,5.742073128089942e-08,3.372388945876992e-08,-74.72062342912375,-44.72062342912375,cir_coefficients_tau_mask,,"[1, 1, 1, 1, 23, 1]","[1, 1, 23]","[1, 1, 23]","[1, 1, 23]",,True,,23,5.742073128089942e-08,-44.720622971607156,0,0.0,-4.575165917231061e-07,0,0,0,0,0,0,0,0,5.166719997251641,4030,6671,7253,0.034679362957369904,0.042436088579171735,0.044357293470952845,6671,0,0.33355
157,40347,rx_x500_body,/home/telilab4090/Documents/Gazebo World/my_world/rt_out/experiments/semantic_ablation_rigid_200f/sionna_xml/frame_157_sionna.xml,30.0,0.0,0.0,2.4,-3.9279,3.2024,1.3944,28000000000.0,23,1.7234324189985273e-08,7.465505547088469e-08,5.742073128089942e-08,3.3723893011483597e-08,-74.72062297160716,-44.720622971607156,cir_coefficients_tau_mask,,"[1, 1, 1, 1, 23, 1]","[1, 1, 23]","[1, 1, 23]","[1, 1, 23]",,True,,23,5.742073128089942e-08,-44.72062342912375,0,0.0,4.575165917231061e-07,0,0,0,0,0,0,0,0,5.166719997251641,4149,6638,7567,0.03613172829115134,0.04293985016356236,0.04444225184708537,6638,0,0.3319
158,40604,rx_x500_body,/home/telilab4090/Documents/Gazebo World/my_world/rt_out/experiments/semantic_ablation_rigid_200f/sionna_xml/frame_158_sionna.xml,30.0,0.0,0.0,2.4,-3.9279,3.2024,1.3944,28000000000.0,23,1.7234324189985273e-08,7.465505547088469e-08,5.742073128089942e-08,3.3723893011483597e-08,-74.72062297160716,-44.720622971607156,cir_coefficients_tau_mask,,"[1, 1, 1, 1, 23, 1]","[1, 1, 23]","[1, 1, 23]","[1, 1, 23]",,True,,23,5.742073128089942e-08,-44.720622971607156,0,0.0,0.0,0,0,0,0,0,0,0,0,5.166719997251641,4113,6624,7771,0.03766018925315898,0.04289943789632886,0.04433114701331532,6624,0,0.3312
159,40861,rx_x500_body,/home/telilab4090/Documents/Gazebo World/my_world/rt_out/experiments/semantic_ablation_rigid_200f/sionna_xml/frame_159_sionna.xml,30.0,0.0,0.0,2.4,-3.9279,3.2024,1.3944,28000000000.0,23,1.7234324189985273e-08,7.465505547088469e-08,5.742073128089942e-08,3.372388945876992e-08,-74.72062342912375,-44.72062342912375,cir_coefficients_tau_mask,,"[1, 1, 1, 1, 23, 1]","[1, 1, 23]","[1, 1, 23]","[1, 1, 23]",,True,,23,5.742073128089942e-08,-44.720622971607156,0,0.0,-4.575165917231061e-07,0,0,0,0,0,0,0,0,5.166719997251641,4227,6786,7912,0.03471302374114305,0.041094975555605075,0.04352304862045655,6786,0,0.3393
160,41118,rx_x500_body,/home/telilab4090/Documents/Gazebo World/my_world/rt_out/experiments/semantic_ablation_rigid_200f/sionna_xml/frame_160_sionna.xml,30.0,0.0,0.0,2.4,-3.9279,3.2024,1.3944,28000000000.0,23,1.7234324189985273e-08,7.465505547088469e-08,5.742073128089942e-08,3.3723893011483597e-08,-74.72062297160716,-44.720622971607156,cir_coefficients_tau_mask,,"[1, 1, 1, 1, 23, 1]","[1, 1, 23]","[1, 1, 23]","[1, 1, 23]",,True,,23,5.742073128089942e-08,-44.72062342912375,0,0.0,4.575165917231061e-07,0,0,0,0,0,0,0,0,5.166719997251641,4094,6665,7755,0.03461625178964631,0.04232357068836938,0.044354606103017044,6665,0,0.33325
161,41375,rx_x500_body,/home/telilab4090/Documents/Gazebo World/my_world/rt_out/experiments/semantic_ablation_rigid_200f/sionna_xml/frame_161_sionna.xml,30.0,0.0,0.0,2.4,-3.9279,3.2024,1.3944,28000000000.0,23,1.7234324189985273e-08,7.465505547088469e-08,5.742073128089942e-08,3.3723893011483597e-08,-74.72062297160716,-44.720622971607156,cir_coefficients_tau_mask,,"[1, 1, 1, 1, 23, 1]","[1, 1, 23]","[1, 1, 23]","[1, 1, 23]",,True,,23,5.742073128089942e-08,-44.720622971607156,0,0.0,0.0,0,0,0,0,0,0,0,0,5.166719997251641,4169,6732,7959,0.03430944969729728,0.04283507956819921,0.04448432424670771,6732,0,0.3366
162,41632,rx_x500_body,/home/telilab4090/Documents/Gazebo World/my_world/rt_out/experiments/semantic_ablation_rigid_200f/sionna_xml/frame_162_sionna.xml,30.0,0.0,0.0,2.4,-3.9279,3.2024,1.3944,28000000000.0,23,1.7234324189985273e-08,7.465505547088469e-08,5.742073128089942e-08,3.372388945876992e-08,-74.72062342912375,-44.72062342912375,cir_coefficients_tau_mask,,"[1, 1, 1, 1, 23, 1]","[1, 1, 23]","[1, 1, 23]","[1, 1, 23]",,True,,23,5.742073128089942e-08,-44.720622971607156,0,0.0,-4.575165917231061e-07,0,0,0,0,0,0,0,0,5.166719997251641,4119,6591,7874,0.03524798956450171,0.042073011326565476,0.044035712161610945,6591,0,0.32955
163,41889,rx_x500_body,/home/telilab4090/Documents/Gazebo World/my_world/rt_out/experiments/semantic_ablation_rigid_200f/sionna_xml/frame_163_sionna.xml,30.0,0.0,0.0,2.4,-3.9279,3.2024,1.3944,28000000000.0,23,1.7234324189985273e-08,7.465505547088469e-08,5.742073128089942e-08,3.372388945876992e-08,-74.72062342912375,-44.72062342912375,cir_coefficients_tau_mask,,"[1, 1, 1, 1, 23, 1]","[1, 1, 23]","[1, 1, 23]","[1, 1, 23]",,True,,23,5.742073128089942e-08,-44.72062342912375,0,0.0,0.0,0,0,0,0,0,0,0,0,5.166719997251641,4127,6653,8304,0.03506703194023784,0.042487760132546716,0.044238098665110775,6653,0,0.33265
164,42146,rx_x500_body,/home/telilab4090/Documents/Gazebo World/my_world/rt_out/experiments/semantic_ablation_rigid_200f/sionna_xml/frame_164_sionna.xml,30.0,0.0,0.0,2.4,-3.9279,3.2024,1.3944,28000000000.0,23,1.7234324189985273e-08,7.465505547088469e-08,5.742073128089942e-08,3.372388590605624e-08,-74.72062388664037,-44.72062388664037,cir_coefficients_tau_mask,,"[1, 1, 1, 1, 23, 1]","[1, 1, 23]","[1, 1, 23]","[1, 1, 23]",,True,,23,5.742073128089942e-08,-44.72062342912375,0,0.0,-4.5751662014481553e-07,0,0,0,0,0,0,0,0,5.166719997251641,4139,6642,8155,0.03604994332394928,0.04281686402904918,0.04435238015446683,6642,0,0.3321
165,42403,rx_x500_body,/home/telilab4090/Documents/Gazebo World/my_world/rt_out/experiments/semantic_ablation_rigid_200f/sionna_xml/frame_165_sionna.xml,30.0,0.0,0.0,2.4,-3.9279,3.2024,1.3944,28000000000.0,23,1.7234324189985273e-08,7.465505547088469e-08,5.742073128089942e-08,3.372388590605624e-08,-74.72062388664037,-44.72062388664037,cir_coefficients_tau_mask,,"[1, 1, 1, 1, 23, 1]","[1, 1, 23]","[1, 1, 23]","[1, 1, 23]",,True,,23,5.742073128089942e-08,-44.72062388664037,0,0.0,0.0,0,0,0,0,0,0,0,0,5.166719997251641,4067,6584,8177,0.038337935055377644,0.042524134861579035,0.04422526913751274,6584,0,0.3292
166,42659,rx_x500_body,/home/telilab4090/Documents/Gazebo World/my_world/rt_out/experiments/semantic_ablation_rigid_200f/sionna_xml/frame_166_sionna.xml,30.0,0.0,0.0,2.4,-3.9279,3.2024,1.3944,28000000000.0,23,1.7234324189985273e-08,7.465505547088469e-08,5.742073128089942e-08,3.372388590605624e-08,-74.72062388664037,-44.72062388664037,cir_coefficients_tau_mask,,"[1, 1, 1, 1, 23, 1]","[1, 1, 23]","[1, 1, 23]","[1, 1, 23]",,True,,23,5.742073128089942e-08,-44.72062388664037,0,0.0,0.0,0,0,0,0,0,0,0,0,5.166719997251641,3976,6493,8109,0.034784971687636744,0.04324946904086714,0.04467452077480999,6493,0,0.32465
167,42916,rx_x500_body,/home/telilab4090/Documents/Gazebo World/my_world/rt_out/experiments/semantic_ablation_rigid_200f/sionna_xml/frame_167_sionna.xml,30.0,0.0,0.0,2.4,-3.9279,3.2024,1.3944,28000000000.0,23,1.7234324189985273e-08,7.465505547088469e-08,5.742073128089942e-08,3.3723893011483597e-08,-74.72062297160716,-44.720622971607156,cir_coefficients_tau_mask,,"[1, 1, 1, 1, 23, 1]","[1, 1, 23]","[1, 1, 23]","[1, 1, 23]",,True,,23,5.742073128089942e-08,-44.72062388664037,0,0.0,9.150332118679216e-07,0,0,0,0,0,0,0,0,5.166719997251641,3967,6526,8064,0.03474356352121823,0.041628194967451876,0.043735037381768024,6526,0,0.3263
168,43173,rx_x500_body,/home/telilab4090/Documents/Gazebo World/my_world/rt_out/experiments/semantic_ablation_rigid_200f/sionna_xml/frame_168_sionna.xml,30.0,0.0,0.0,2.4,-3.9279,3.2024,1.3944,28000000000.0,23,1.7234324189985273e-08,7.465505547088469e-08,5.742073128089942e-08,3.372388945876992e-08,-74.72062342912375,-44.72062342912375,cir_coefficients_tau_mask,,"[1, 1, 1, 1, 23, 1]","[1, 1, 23]","[1, 1, 23]","[1, 1, 23]",,True,,23,5.742073128089942e-08,-44.720622971607156,0,0.0,-4.575165917231061e-07,0,0,0,0,0,0,0,0,5.166719997251641,4083,6628,8153,0.03554748559669015,0.04200511069932977,0.04412231564827073,6628,0,0.3314
169,43430,rx_x500_body,/home/telilab4090/Documents/Gazebo World/my_world/rt_out/experiments/semantic_ablation_rigid_200f/sionna_xml/frame_169_sionna.xml,30.0,0.0,0.0,2.4,-3.9279,3.2024,1.3944,28000000000.0,23,1.7234324189985273e-08,7.465505547088469e-08,5.742073128089942e-08,3.372388945876992e-08,-74.72062342912375,-44.72062342912375,cir_coefficients_tau_mask,,"[1, 1, 1, 1, 23, 1]","[1, 1, 23]","[1, 1, 23]","[1, 1, 23]",,True,,23,5.742073128089942e-08,-44.72062342912375,0,0.0,0.0,0,0,0,0,0,0,0,0,5.166719997251641,4096,6649,8270,0.03766018925315898,0.04315650443841509,0.04463996194126632,6649,0,0.33245
170,43687,rx_x500_body,/home/telilab4090/Documents/Gazebo World/my_world/rt_out/experiments/semantic_ablation_rigid_200f/sionna_xml/frame_170_sionna.xml,30.0,0.0,0.0,2.4,-3.9279,3.2024,1.3944,28000000000.0,23,1.7234324189985273e-08,7.465505547088469e-08,5.742073128089942e-08,3.372388945876992e-08,-74.72062342912375,-44.72062342912375,cir_coefficients_tau_mask,,"[1, 1, 1, 1, 23, 1]","[1, 1, 23]","[1, 1, 23]","[1, 1, 23]",,True,,23,5.742073128089942e-08,-44.72062342912375,0,0.0,0.0,0,0,0,0,0,0,0,0,5.166719997251641,4062,6550,8134,0.03454377004058613,0.04215653679096564,0.04426606881928982,6550,0,0.3275
171,43944,rx_x500_body,/home/telilab4090/Documents/Gazebo World/my_world/rt_out/experiments/semantic_ablation_rigid_200f/sionna_xml/frame_171_sionna.xml,30.0,0.0,0.0,2.4,-3.9279,3.2024,1.3944,28000000000.0,23,1.7234324189985273e-08,7.465505547088469e-08,5.742073128089942e-08,3.372388945876992e-08,-74.72062342912375,-44.72062342912375,cir_coefficients_tau_mask,,"[1, 1, 1, 1, 23, 1]","[1, 1, 23]","[1, 1, 23]","[1, 1, 23]",,True,,23,5.742073128089942e-08,-44.72062342912375,0,0.0,0.0,0,0,0,0,0,0,0,0,5.166719997251641,4137,6687,8298,0.03474356352121823,0.04138981035415438,0.043691184401952625,6687,0,0.33435
172,44201,rx_x500_body,/home/telilab4090/Documents/Gazebo World/my_world/rt_out/experiments/semantic_ablation_rigid_200f/sionna_xml/frame_172_sionna.xml,30.0,0.0,0.0,2.4,-3.9279,3.2024,1.3944,28000000000.0,23,1.7234324189985273e-08,7.465505547088469e-08,5.742073128089942e-08,3.372388945876992e-08,-74.72062342912375,-44.72062342912375,cir_coefficients_tau_mask,,"[1, 1, 1, 1, 23, 1]","[1, 1, 23]","[1, 1, 23]","[1, 1, 23]",,True,,23,5.742073128089942e-08,-44.72062342912375,0,0.0,0.0,0,0,0,0,0,0,0,0,5.166719997251641,4048,6611,8153,0.03496862826551242,0.042355516172028373,0.044260350751937266,6611,0,0.33055
173,44458,rx_x500_body,/home/telilab4090/Documents/Gazebo World/my_world/rt_out/experiments/semantic_ablation_rigid_200f/sionna_xml/frame_173_sionna.xml,30.0,0.0,0.0,2.4,-3.9279,3.2024,1.3944,28000000000.0,23,1.7234324189985273e-08,7.465505547088469e-08,5.742073128089942e-08,3.372388945876992e-08,-74.72062342912375,-44.72062342912375,cir_coefficients_tau_mask,,"[1, 1, 1, 1, 23, 1]","[1, 1, 23]","[1, 1, 23]","[1, 1, 23]",,True,,23,5.742073128089942e-08,-44.72062342912375,0,0.0,0.0,0,0,0,0,0,0,0,0,5.166719997251641,4091,6627,8126,0.03430944969729728,0.040945114538676795,0.04373177309541857,6627,0,0.33135
174,44715,rx_x500_body,/home/telilab4090/Documents/Gazebo World/my_world/rt_out/experiments/semantic_ablation_rigid_200f/sionna_xml/frame_174_sionna.xml,30.0,0.0,0.0,2.4,-3.9279,3.2024,1.3944,28000000000.0,23,1.7234324189985273e-08,7.465505547088469e-08,5.742073128089942e-08,3.3723893011483597e-08,-74.72062297160716,-44.720622971607156,cir_coefficients_tau_mask,,"[1, 1, 1, 1, 23, 1]","[1, 1, 23]","[1, 1, 23]","[1, 1, 23]",,True,,23,5.742073128089942e-08,-44.72062342912375,0,0.0,4.575165917231061e-07,0,0,0,0,0,0,0,0,5.166719997251641,4121,6599,8214,0.03454244322623389,0.042425903531171184,0.04415700970958543,6599,0,0.32995
175,44972,rx_x500_body,/home/telilab4090/Documents/Gazebo World/my_world/rt_out/experiments/semantic_ablation_rigid_200f/sionna_xml/frame_175_sionna.xml,30.0,0.0,0.0,2.4,-3.9279,3.2024,1.3944,28000000000.0,23,1.7234324189985273e-08,7.465505547088469e-08,5.742073128089942e-08,3.3723893011483597e-08,-74.72062297160716,-44.720622971607156,cir_coefficients_tau_mask,,"[1, 1, 1, 1, 23, 1]","[1, 1, 23]","[1, 1, 23]","[1, 1, 23]",,True,,23,5.742073128089942e-08,-44.720622971607156,0,0.0,0.0,0,0,0,0,0,0,0,0,5.166719997251641,4035,6580,8116,0.034735572951969794,0.042966904276689276,0.04482122075054548,6580,0,0.329
176,45229,rx_x500_body,/home/telilab4090/Documents/Gazebo World/my_world/rt_out/experiments/semantic_ablation_rigid_200f/sionna_xml/frame_176_sionna.xml,30.0,0.0,0.0,2.4,-3.9279,3.2024,1.3944,28000000000.0,23,1.7234324189985273e-08,7.465505547088469e-08,5.742073128089942e-08,3.372388945876992e-08,-74.72062342912375,-44.72062342912375,cir_coefficients_tau_mask,,"[1, 1, 1, 1, 23, 1]","[1, 1, 23]","[1, 1, 23]","[1, 1, 23]",,True,,23,5.742073128089942e-08,-44.720622971607156,0,0.0,-4.575165917231061e-07,0,0,0,0,0,0,0,0,5.166719997251641,4025,6648,8198,0.03456127174719209,0.041067770497010304,0.04366026264311067,6648,0,0.3324
177,45486,rx_x500_body,/home/telilab4090/Documents/Gazebo World/my_world/rt_out/experiments/semantic_ablation_rigid_200f/sionna_xml/frame_177_sionna.xml,30.0,0.0,0.0,2.4,-3.9279,3.2024,1.3944,28000000000.0,23,1.7234324189985273e-08,7.465505547088469e-08,5.742073128089942e-08,3.372388945876992e-08,-74.72062342912375,-44.72062342912375,cir_coefficients_tau_mask,,"[1, 1, 1, 1, 23, 1]","[1, 1, 23]","[1, 1, 23]","[1, 1, 23]",,True,,23,5.742073128089942e-08,-44.72062342912375,0,0.0,0.0,0,0,0,0,0,0,0,0,5.166719997251641,4061,6533,7981,0.03554748559669015,0.04250682492107366,0.044403956643335796,6533,0,0.32665
178,45743,rx_x500_body,/home/telilab4090/Documents/Gazebo World/my_world/rt_out/experiments/semantic_ablation_rigid_200f/sionna_xml/frame_178_sionna.xml,30.0,0.0,0.0,2.4,-3.9279,3.2024,1.3944,28000000000.0,23,1.7234324189985273e-08,7.465505547088469e-08,5.742073128089942e-08,3.372388590605624e-08,-74.72062388664037,-44.72062388664037,cir_coefficients_tau_mask,,"[1, 1, 1, 1, 23, 1]","[1, 1, 23]","[1, 1, 23]","[1, 1, 23]",,True,,23,5.742073128089942e-08,-44.72062342912375,0,0.0,-4.5751662014481553e-07,0,0,0,0,0,0,0,0,5.166719997251641,4155,6667,7102,0.03456127174719209,0.04179660326140645,0.04400175165913436,6667,0,0.33335
179,46000,rx_x500_body,/home/telilab4090/Documents/Gazebo World/my_world/rt_out/experiments/semantic_ablation_rigid_200f/sionna_xml/frame_179_sionna.xml,30.0,0.0,0.0,2.4,-3.9279,3.2024,1.3944,28000000000.0,23,1.7234324189985273e-08,7.465505547088469e-08,5.742073128089942e-08,3.372388590605624e-08,-74.72062388664037,-44.72062388664037,cir_coefficients_tau_mask,,"[1, 1, 1, 1, 23, 1]","[1, 1, 23]","[1, 1, 23]","[1, 1, 23]",,True,,23,5.742073128089942e-08,-44.72062388664037,0,0.0,0.0,0,0,0,0,0,0,0,0,5.166719997251641,4121,6590,6928,0.03579247666720844,0.04252924198225112,0.04434601744272078,6590,0,0.3295
180,46257,rx_x500_body,/home/telilab4090/Documents/Gazebo World/my_world/rt_out/experiments/semantic_ablation_rigid_200f/sionna_xml/frame_180_sionna.xml,30.0,0.0,0.0,2.4,-3.9279,3.2024,1.3944,28000000000.0,23,1.7234324189985273e-08,7.465505547088469e-08,5.742073128089942e-08,3.372388945876992e-08,-74.72062342912375,-44.72062342912375,cir_coefficients_tau_mask,,"[1, 1, 1, 1, 23, 1]","[1, 1, 23]","[1, 1, 23]","[1, 1, 23]",,True,,23,5.742073128089942e-08,-44.72062388664037,0,0.0,4.5751662014481553e-07,0,0,0,0,0,0,0,0,5.166719997251641,4181,6772,7131,0.039856076693973556,0.043635705267851786,0.044856011648952344,6772,0,0.3386
181,46514,rx_x500_body,/home/telilab4090/Documents/Gazebo World/my_world/rt_out/experiments/semantic_ablation_rigid_200f/sionna_xml/frame_181_sionna.xml,30.0,0.0,0.0,2.4,-3.9279,3.2024,1.3944,28000000000.0,23,1.7234324189985273e-08,7.465505547088469e-08,5.742073128089942e-08,3.372388945876992e-08,-74.72062342912375,-44.72062342912375,cir_coefficients_tau_mask,,"[1, 1, 1, 1, 23, 1]","[1, 1, 23]","[1, 1, 23]","[1, 1, 23]",,True,,23,5.742073128089942e-08,-44.72062342912375,0,0.0,0.0,0,0,0,0,0,0,0,0,5.166719997251641,4133,6562,6923,0.03605238646659237,0.042601850273442925,0.044151935691436696,6561,0,0.3281
182,46771,rx_x500_body,/home/telilab4090/Documents/Gazebo World/my_world/rt_out/experiments/semantic_ablation_rigid_200f/sionna_xml/frame_182_sionna.xml,30.0,0.0,0.0,2.4,-3.9279,3.2024,1.3944,28000000000.0,23,1.7234324189985273e-08,7.465505547088469e-08,5.742073128089942e-08,3.3723893011483597e-08,-74.72062297160716,-44.720622971607156,cir_coefficients_tau_mask,,"[1, 1, 1, 1, 23, 1]","[1, 1, 23]","[1, 1, 23]","[1, 1, 23]",,True,,23,5.742073128089942e-08,-44.72062342912375,0,0.0,4.575165917231061e-07,0,0,0,0,0,0,0,0,5.166719997251641,4099,6651,6943,0.03430944969729728,0.042496710304150885,0.044068817406723644,6651,0,0.33255
183,47028,rx_x500_body,/home/telilab4090/Documents/Gazebo World/my_world/rt_out/experiments/semantic_ablation_rigid_200f/sionna_xml/frame_183_sionna.xml,30.0,0.0,0.0,2.4,-3.9279,3.2024,1.3944,28000000000.0,23,1.7234324189985273e-08,7.465505547088469e-08,5.742073128089942e-08,3.372388945876992e-08,-74.72062342912375,-44.72062342912375,cir_coefficients_tau_mask,,"[1, 1, 1, 1, 23, 1]","[1, 1, 23]","[1, 1, 23]","[1, 1, 23]",,True,,23,5.742073128089942e-08,-44.720622971607156,0,0.0,-4.575165917231061e-07,0,0,0,0,0,0,0,0,5.166719997251641,3918,6560,6884,0.03451909105938538,0.04175479376466823,0.0439760084978795,6560,0,0.328
184,47285,rx_x500_body,/home/telilab4090/Documents/Gazebo World/my_world/rt_out/experiments/semantic_ablation_rigid_200f/sionna_xml/frame_184_sionna.xml,30.0,0.0,0.0,2.4,-3.9279,3.2024,1.3944,28000000000.0,23,1.7234324189985273e-08,7.465505547088469e-08,5.742073128089942e-08,3.372388945876992e-08,-74.72062342912375,-44.72062342912375,cir_coefficients_tau_mask,,"[1, 1, 1, 1, 23, 1]","[1, 1, 23]","[1, 1, 23]","[1, 1, 23]",,True,,23,5.742073128089942e-08,-44.72062342912375,0,0.0,0.0,0,0,0,0,0,0,0,0,5.166719997251641,4115,6607,6942,0.03551232726952578,0.04259071211645652,0.04432568785297535,6607,0,0.33035
185,47542,rx_x500_body,/home/telilab4090/Documents/Gazebo World/my_world/rt_out/experiments/semantic_ablation_rigid_200f/sionna_xml/frame_185_sionna.xml,30.0,0.0,0.0,2.4,-3.9279,3.2024,1.3944,28000000000.0,23,1.7234324189985273e-08,7.465505547088469e-08,5.742073128089942e-08,3.3723893011483597e-08,-74.72062297160716,-44.720622971607156,cir_coefficients_tau_mask,,"[1, 1, 1, 1, 23, 1]","[1, 1, 23]","[1, 1, 23]","[1, 1, 23]",,True,,23,5.742073128089942e-08,-44.72062342912375,0,0.0,4.575165917231061e-07,0,0,0,0,0,0,0,0,5.166719997251641,3964,6555,6888,0.03454244322623389,0.041658438514102364,0.04407185364502062,6555,0,0.32775
186,47799,rx_x500_body,/home/telilab4090/Documents/Gazebo World/my_world/rt_out/experiments/semantic_ablation_rigid_200f/sionna_xml/frame_186_sionna.xml,30.0,0.0,0.0,2.4,-3.9279,3.2024,1.3944,28000000000.0,23,1.7234324189985273e-08,7.465505547088469e-08,5.742073128089942e-08,3.372388945876992e-08,-74.72062342912375,-44.72062342912375,cir_coefficients_tau_mask,,"[1, 1, 1, 1, 23, 1]","[1, 1, 23]","[1, 1, 23]","[1, 1, 23]",,True,,23,5.742073128089942e-08,-44.720622971607156,0,0.0,-4.575165917231061e-07,0,0,0,0,0,0,0,0,5.166719997251641,4088,6561,6918,0.03454244322623389,0.04111567306184205,0.04349830718391858,6561,0,0.32805
187,48056,rx_x500_body,/home/telilab4090/Documents/Gazebo World/my_world/rt_out/experiments/semantic_ablation_rigid_200f/sionna_xml/frame_187_sionna.xml,30.0,0.0,0.0,2.4,-3.9279,3.2024,1.3944,28000000000.0,23,1.7234324189985273e-08,7.465505547088469e-08,5.742073128089942e-08,3.3723893011483597e-08,-74.72062297160716,-44.720622971607156,cir_coefficients_tau_mask,,"[1, 1, 1, 1, 23, 1]","[1, 1, 23]","[1, 1, 23]","[1, 1, 23]",,True,,23,5.742073128089942e-08,-44.72062342912375,0,0.0,4.575165917231061e-07,0,0,0,0,0,0,0,0,5.166719997251641,4058,6608,6926,0.036773441318567406,0.042951096286509546,0.04465954927321825,6608,0,0.3304
188,48313,rx_x500_body,/home/telilab4090/Documents/Gazebo World/my_world/rt_out/experiments/semantic_ablation_rigid_200f/sionna_xml/frame_188_sionna.xml,30.0,0.0,0.0,2.4,-3.9279,3.2024,1.3944,28000000000.0,23,1.7234324189985273e-08,7.465505547088469e-08,5.742073128089942e-08,3.372388590605624e-08,-74.72062388664037,-44.72062388664037,cir_coefficients_tau_mask,,"[1, 1, 1, 1, 23, 1]","[1, 1, 23]","[1, 1, 23]","[1, 1, 23]",,True,,23,5.742073128089942e-08,-44.720622971607156,0,0.0,-9.150332118679216e-07,0,0,0,0,0,0,0,0,5.166719997251641,4027,6654,6969,0.03569833817316706,0.04325445245344257,0.04488711686965634,6654,0,0.3327
189,48570,rx_x500_body,/home/telilab4090/Documents/Gazebo World/my_world/rt_out/experiments/semantic_ablation_rigid_200f/sionna_xml/frame_189_sionna.xml,30.0,0.0,0.0,2.4,-3.9279,3.2024,1.3944,28000000000.0,23,1.7234324189985273e-08,7.465505547088469e-08,5.742073128089942e-08,3.372388945876992e-08,-74.72062342912375,-44.72062342912375,cir_coefficients_tau_mask,,"[1, 1, 1, 1, 23, 1]","[1, 1, 23]","[1, 1, 23]","[1, 1, 23]",,True,,23,5.742073128089942e-08,-44.72062388664037,0,0.0,4.5751662014481553e-07,0,0,0,0,0,0,0,0,5.166719997251641,4226,6740,7076,0.039863826231814344,0.04376305718489969,0.044798902124931705,6740,0,0.337
190,48827,rx_x500_body,/home/telilab4090/Documents/Gazebo World/my_world/rt_out/experiments/semantic_ablation_rigid_200f/sionna_xml/frame_190_sionna.xml,30.0,0.0,0.0,2.4,-3.9279,3.2024,1.3944,28000000000.0,23,1.7234324189985273e-08,7.465505547088469e-08,5.742073128089942e-08,3.372388945876992e-08,-74.72062342912375,-44.72062342912375,cir_coefficients_tau_mask,,"[1, 1, 1, 1, 23, 1]","[1, 1, 23]","[1, 1, 23]","[1, 1, 23]",,True,,23,5.742073128089942e-08,-44.72062342912375,0,0.0,0.0,0,0,0,0,0,0,0,0,5.166719997251641,4097,6612,6912,0.03524798956450171,0.04160490991315458,0.043679525290947485,6612,0,0.3306
191,49084,rx_x500_body,/home/telilab4090/Documents/Gazebo World/my_world/rt_out/experiments/semantic_ablation_rigid_200f/sionna_xml/frame_191_sionna.xml,30.0,0.0,0.0,2.4,-3.9279,3.2024,1.3944,28000000000.0,23,1.7234324189985273e-08,7.465505547088469e-08,5.742073128089942e-08,3.372388945876992e-08,-74.72062342912375,-44.72062342912375,cir_coefficients_tau_mask,,"[1, 1, 1, 1, 23, 1]","[1, 1, 23]","[1, 1, 23]","[1, 1, 23]",,True,,23,5.742073128089942e-08,-44.72062342912375,0,0.0,0.0,0,0,0,0,0,0,0,0,5.166719997251641,4003,6496,6847,0.03474172771733799,0.04213513151938937,0.04403822844911887,6496,0,0.3248
192,49341,rx_x500_body,/home/telilab4090/Documents/Gazebo World/my_world/rt_out/experiments/semantic_ablation_rigid_200f/sionna_xml/frame_192_sionna.xml,30.0,0.0,0.0,2.4,-3.9279,3.2024,1.3944,28000000000.0,23,1.7234324189985273e-08,7.465505547088469e-08,5.742073128089942e-08,3.372388945876992e-08,-74.72062342912375,-44.72062342912375,cir_coefficients_tau_mask,,"[1, 1, 1, 1, 23, 1]","[1, 1, 23]","[1, 1, 23]","[1, 1, 23]",,True,,23,5.742073128089942e-08,-44.72062342912375,0,0.0,0.0,0,0,0,0,0,0,0,0,5.166719997251641,4188,6732,7057,0.034455735952779454,0.043382703347885,0.04458898982374951,6732,0,0.3366
193,49598,rx_x500_body,/home/telilab4090/Documents/Gazebo World/my_world/rt_out/experiments/semantic_ablation_rigid_200f/sionna_xml/frame_193_sionna.xml,30.0,0.0,0.0,2.4,-3.9279,3.2024,1.3944,28000000000.0,23,1.7234324189985273e-08,7.465505547088469e-08,5.742073128089942e-08,3.372388945876992e-08,-74.72062342912375,-44.72062342912375,cir_coefficients_tau_mask,,"[1, 1, 1, 1, 23, 1]","[1, 1, 23]","[1, 1, 23]","[1, 1, 23]",,True,,23,5.742073128089942e-08,-44.72062342912375,0,0.0,0.0,0,0,0,0,0,0,0,0,5.166719997251641,4093,6593,6933,0.03488409142938189,0.04206960445310849,0.04410441591698224,6593,0,0.32965
194,49855,rx_x500_body,/home/telilab4090/Documents/Gazebo World/my_world/rt_out/experiments/semantic_ablation_rigid_200f/sionna_xml/frame_194_sionna.xml,30.0,0.0,0.0,2.4,-3.9279,3.2024,1.3944,28000000000.0,23,1.7234324189985273e-08,7.465505547088469e-08,5.742073128089942e-08,3.372388945876992e-08,-74.72062342912375,-44.72062342912375,cir_coefficients_tau_mask,,"[1, 1, 1, 1, 23, 1]","[1, 1, 23]","[1, 1, 23]","[1, 1, 23]",,True,,23,5.742073128089942e-08,-44.72062342912375,0,0.0,0.0,0,0,0,0,0,0,0,0,5.166719997251641,3971,6575,6879,0.03456127174719209,0.040688776927241335,0.043266796182227375,6575,0,0.32875
195,50112,rx_x500_body,/home/telilab4090/Documents/Gazebo World/my_world/rt_out/experiments/semantic_ablation_rigid_200f/sionna_xml/frame_195_sionna.xml,30.0,0.0,0.0,2.4,-3.9279,3.2024,1.3944,28000000000.0,23,1.7234324189985273e-08,7.465505547088469e-08,5.742073128089942e-08,3.372388235334256e-08,-74.72062434415706,-44.72062434415706,cir_coefficients_tau_mask,,"[1, 1, 1, 1, 23, 1]","[1, 1, 23]","[1, 1, 23]","[1, 1, 23]",,True,,23,5.742073128089942e-08,-44.72062342912375,0,0.0,-9.150333113439046e-07,0,0,0,0,0,0,0,0,5.166719997251641,4076,6619,6940,0.03474172771733799,0.04221185451908956,0.043961259621733036,6619,0,0.33095
196,50369,rx_x500_body,/home/telilab4090/Documents/Gazebo World/my_world/rt_out/experiments/semantic_ablation_rigid_200f/sionna_xml/frame_196_sionna.xml,30.0,0.0,0.0,2.4,-3.9279,3.2024,1.3944,28000000000.0,23,1.7234324189985273e-08,7.465505547088469e-08,5.742073128089942e-08,3.372388945876992e-08,-74.72062342912375,-44.72062342912375,cir_coefficients_tau_mask,,"[1, 1, 1, 1, 23, 1]","[1, 1, 23]","[1, 1, 23]","[1, 1, 23]",,True,,23,5.742073128089942e-08,-44.72062434415706,0,0.0,9.150333113439046e-07,0,0,0,0,0,0,0,0,5.166719997251641,4091,6655,8121,0.03488409142938189,0.04228515681044222,0.04409428713470924,6655,0,0.33275
197,50626,rx_x500_body,/home/telilab4090/Documents/Gazebo World/my_world/rt_out/experiments/semantic_ablation_rigid_200f/sionna_xml/frame_197_sionna.xml,30.0,0.0,0.0,2.4,-3.9279,3.2024,1.3944,28000000000.0,23,1.7234324189985273e-08,7.465505547088469e-08,5.742073128089942e-08,3.372388945876992e-08,-74.72062342912375,-44.72062342912375,cir_coefficients_tau_mask,,"[1, 1, 1, 1, 23, 1]","[1, 1, 23]","[1, 1, 23]","[1, 1, 23]",,True,,23,5.742073128089942e-08,-44.72062342912375,0,0.0,0.0,0,0,0,0,0,0,0,0,5.166719997251641,4160,6713,7567,0.03461625178964631,0.04169876516277825,0.043906893153805804,6713,0,0.33565
198,50883,rx_x500_body,/home/telilab4090/Documents/Gazebo World/my_world/rt_out/experiments/semantic_ablation_rigid_200f/sionna_xml/frame_198_sionna.xml,30.0,0.0,0.0,2.4,-3.9279,3.2024,1.3944,28000000000.0,23,1.7234324189985273e-08,7.465505547088469e-08,5.742073128089942e-08,3.372388590605624e-08,-74.72062388664037,-44.72062388664037,cir_coefficients_tau_mask,,"[1, 1, 1, 1, 23, 1]","[1, 1, 23]","[1, 1, 23]","[1, 1, 23]",,True,,23,5.742073128089942e-08,-44.72062342912375,0,0.0,-4.5751662014481553e-07,0,0,0,0,0,0,0,0,5.166719997251641,4143,6712,7385,0.03513092655394849,0.041962671754705354,0.043890366215242664,6712,0,0.3356
199,51140,rx_x500_body,/home/telilab4090/Documents/Gazebo World/my_world/rt_out/experiments/semantic_ablation_rigid_200f/sionna_xml/frame_199_sionna.xml,30.0,0.0,0.0,2.4,-3.9279,3.2024,1.3944,28000000000.0,23,1.7234324189985273e-08,7.465505547088469e-08,5.742073128089942e-08,3.372388590605624e-08,-74.72062388664037,-44.72062388664037,cir_coefficients_tau_mask,,"[1, 1, 1, 1, 23, 1]","[1, 1, 23]","[1, 1, 23]","[1, 1, 23]",,True,,23,5.742073128089942e-08,-44.72062388664037,0,0.0,0.0,0,0,0,0,0,0,0,0,5.166719997251641,4109,6677,7312,0.03563920292351601,0.042785083893569706,0.044272024674144934,6677,0,0.33385
