ply
format ascii 1.0
element vertex 7845
property float x
property float y
property float z
element face 15627
property list uchar int vertex_indices
end_header
2.856598909 -1.918741262 1.245667791
3.151391084 -2.048102296 1.209926224
2.897843893 -1.899615980 1.242616272
3.141101177 -2.004413641 1.211959934
2.916275079 -1.863436318 1.235858297
3.158031042 -1.967085874 1.211127138
2.903108413 -1.830697036 1.230175829
3.191999014 -1.956458247 1.209322786
2.868738468 -1.814737654 1.222204304
3.226547058 -1.972071088 1.202408648
2.830614622 -1.824264145 1.224414921
3.243039663 -2.007557845 1.201166964
2.810518558 -1.856911993 1.232945299
3.229672248 -2.044867075 1.203441238
2.819400127 -1.904804266 1.243254042
3.186672504 -2.068864859 1.208214378
2.847453411 -1.933084166 1.046208954
3.164408739 -2.035642898 1.004617071
2.812979038 -1.909476853 1.049650049
3.203889425 -2.048006153 1.010074949
2.806346471 -1.882429278 1.053504801
3.226747091 -2.038252271 1.017589188
2.817551191 -1.849803841 1.053248739
3.245405252 -2.009952641 1.024888849
2.849840219 -1.840100623 1.052519178
3.232203777 -1.978619373 1.028965807
2.879566009 -1.856940723 1.049239016
3.200733001 -1.965408242 1.024850702
2.898302372 -1.894862032 1.045926428
3.161170776 -1.972803986 1.014990664
2.879259403 -1.924811459 1.045080042
3.150300558 -2.005785561 1.007346964
2.883734758 -1.909566021 0.980121946
3.170639331 -1.974572337 0.944188690
2.850865657 -1.916802562 0.980010605
3.186263378 -2.004962182 0.939398146
2.900810297 -1.878959752 0.989520645
3.181530769 -1.945810414 0.962853765
2.884971197 -1.843701220 0.999681568
3.217102821 -1.939210213 0.980423546
2.850418861 -1.825589276 1.004609680
3.251498993 -1.955505824 0.986564732
2.818252618 -1.838345504 1.000475502
3.262838657 -1.988060630 0.976167297
2.809475477 -1.869979775 0.993970013
3.245179708 -2.011956430 0.960985756
2.818045433 -1.900283790 0.984982586
3.218072231 -2.020844198 0.945154762
2.831815536 -1.845911897 0.843090868
3.271577890 -1.944898582 0.824491596
2.847978885 -1.857210434 0.844064808
3.252887066 -1.939775086 0.823594427
2.823532636 -1.830367124 0.852803206
3.286982830 -1.944302357 0.836829162
2.837690170 -1.808652318 0.860234833
3.293615635 -1.922338760 0.850819921
2.863016660 -1.799274481 0.863857603
3.283596094 -1.897523678 0.859224892
2.878699834 -1.804792381 0.861374474
3.269887979 -1.888325966 0.856530285
2.883497055 -1.827354825 0.856649256
3.251450117 -1.896557963 0.846376276
2.871250684 -1.845766700 0.847808218
3.245990093 -1.915842331 0.832073903
2.842080410 -1.904208935 1.278811073
3.174962099 -2.057429111 1.243722534
2.811571415 -1.895572877 1.283747292
3.202829893 -2.076123274 1.248372412
2.807652052 -1.854357040 1.285610056
3.238444145 -2.053356982 1.254893160
2.827324684 -1.818328953 1.281938887
3.254684265 -2.015044606 1.255986071
2.857819374 -1.802718437 1.275120354
3.247274931 -1.981148518 1.252169704
2.885752018 -1.810640550 1.270782328
3.221358593 -1.964073992 1.247263527
2.897463377 -1.840489304 1.270612812
3.190383489 -1.973925984 1.244885540
2.879449184 -1.877894557 1.270792818
3.171944196 -2.011280275 1.240266418
2.865119989 -1.860882318 1.287655210
3.201159771 -2.018844879 1.259919262
2.889167841 -1.819575882 1.294386482
3.219127472 -1.974537409 1.269396162
2.890294845 -1.792386926 1.327731943
3.243441875 -1.959731973 1.302669382
2.878533418 -1.802003658 1.353954649
3.246660764 -1.976767755 1.329062796
2.861816938 -1.828291572 1.370653486
3.238489921 -2.007401622 1.345090723
2.836051042 -1.871049202 1.367104387
3.220930154 -2.054098523 1.339310503
2.831991251 -1.902188993 1.336498117
3.195329006 -2.075115121 1.307608938
2.851279790 -1.910209096 1.293405628
3.171314771 -2.063603676 1.265603399
2.860514934 -1.919412351 1.260827398
3.159417446 -2.063092327 1.239966488
2.913424547 -1.822703219 1.268748617
3.203169401 -1.959940648 1.246919250
2.871959503 -1.864777244 1.256708717
3.195635612 -2.018329955 1.232443190
2.877669151 -1.924577570 1.362469530
3.158640916 -2.058008469 1.341231441
2.908557470 -1.905323244 1.381294107
3.156409080 -2.022972918 1.363508081
2.900166566 -1.859409249 1.390519476
3.198223407 -2.000696576 1.368419504
2.917481716 -1.831362522 1.378606176
3.207598741 -1.969341255 1.357644653
2.935491617 -1.827090240 1.355626202
3.196137245 -1.951093710 1.336819029
2.920116241 -1.807855821 1.320794439
3.216731842 -1.948681927 1.298122978
2.962188537 -1.830638743 1.333808517
3.174529846 -1.931361950 1.318163729
2.850931223 -1.937552011 1.302163935
3.157618101 -2.082505143 1.275865889
2.882956798 -1.954769111 1.322822666
3.127408083 -2.070506013 1.304976797
2.964172895 -1.802567280 1.301366663
3.191232736 -1.910319126 1.284010029
2.999499376 -1.823141194 1.329651451
3.156466301 -1.897664047 1.317859030
3.063314731 -1.819245255 1.273267841
3.112938936 -1.842878557 1.269833422
3.060538824 -1.836028612 1.308297729
3.105883176 -1.857395089 1.305479145
3.089376505 -1.826291955 1.265544748
3.085774715 -1.837956226 1.286167479
2.877659614 -1.917406655 1.234720087
3.146188791 -2.049132145 1.218862391
2.893947895 -1.861188329 1.231697416
3.180599983 -2.001720882 1.213874912
2.928160961 -1.811127937 1.251817083
3.201271827 -1.941337443 1.234236336
2.909853275 -1.857771135 1.207061148
3.171332176 -1.985538102 1.191923952
2.937396581 -1.814396298 1.232801533
3.191000755 -1.936598575 1.216834641
2.885857160 -1.915887094 1.196735001
3.137798126 -2.041192389 1.182516909
2.924439724 -1.857363499 1.128123140
3.156255539 -1.972351468 1.116101122
2.897327240 -1.919373250 1.142944670
3.121839101 -2.030571556 1.125883198
2.957636173 -1.810801244 1.158843613
3.176029976 -1.920039153 1.147941923
2.948055561 -1.831153071 1.104619122
3.162905033 -1.942710615 1.101143932
2.921636160 -1.868039883 1.095929003
3.147989328 -1.984991229 1.092097855
2.915039356 -1.923547423 1.105915642
3.106244619 -2.022371924 1.102375364
3.077049310 -1.805280066 1.255381918
3.113902385 -1.823057747 1.253183937
3.090496118 -1.818974293 1.243622160
2.985975797 -1.793356812 1.260091877
3.180002506 -1.886436618 1.246522284
2.984648521 -1.792077101 1.214548922
3.179128463 -1.888159013 1.205081081
3.078078325 -1.817285157 1.219366646
3.102990205 -1.829700327 1.217692709
3.095267828 -1.819200433 1.211258507
3.094560440 -1.815709627 1.161836720
3.065343435 -1.799124098 1.163580990
3.120484645 -1.826340533 1.160495853
2.999576147 -1.806247747 1.186747646
3.156914289 -1.884139216 1.179372644
3.064453418 -1.801969326 1.119913435
3.119659956 -1.830444968 1.119812107
2.992940481 -1.799516118 1.120437002
3.163397129 -1.887807405 1.118222332
3.093453939 -1.815051234 1.121060705
2.918335493 -1.857090867 1.163113213
3.163054998 -1.978351272 1.150198317
2.891710575 -1.919433332 1.166146612
3.128310020 -2.037746108 1.152693129
2.950014646 -1.814600265 1.202838278
3.181059654 -1.930039144 1.190534925
3.030038889 -1.836020089 1.323746300
3.126914795 -1.881869173 1.316875076
3.031039293 -1.814694798 1.285959339
3.138101156 -1.865531242 1.278046703
3.044201191 -1.793751932 1.258916712
3.143708999 -1.841780937 1.253122663
3.043925102 -1.794743693 1.222774124
3.141452367 -1.842900312 1.217037296
3.028671320 -1.800983346 1.189883327
3.144124801 -1.857767797 1.185285664
3.031449373 -1.795304633 1.125156021
3.144863184 -1.854226208 1.122435188
2.924307640 -1.956260777 1.150813675
3.079581554 -2.032994783 1.142216539
2.918301876 -1.963603950 1.175780153
3.079400117 -2.043555475 1.167527771
2.906095083 -1.963679111 1.206988668
3.089837606 -2.053958273 1.196742630
2.933513458 -1.945235229 1.118150330
3.077942903 -2.020020521 1.115376091
2.900861318 -1.967081464 1.239879704
3.094181116 -2.061576820 1.228927231
2.895037468 -1.973441697 1.279215908
3.098091896 -2.070946253 1.265059328
2.915317352 -1.977383292 1.311432457
3.088360365 -2.059341765 1.298767424
2.924325760 -1.987592137 1.270763016
3.068433340 -2.056704200 1.260905600
2.929309185 -1.983518458 1.235405064
3.062914903 -2.049005723 1.227662659
2.927004154 -1.979568398 1.201293802
3.064245279 -2.046796894 1.193321085
2.951195057 -1.976877547 1.154063320
3.047419126 -2.024531460 1.149025059
2.960147197 -1.963205493 1.121090508
3.048658187 -2.008989787 1.119582748
2.940726097 -1.978797114 1.172649240
3.053816373 -2.034819281 1.166787243
2.914080913 -1.951653755 1.353051281
3.113941724 -2.046551383 1.337966061
2.959872778 -2.007525361 1.306336975
3.036746318 -2.043985284 1.300860262
2.973302896 -1.992141283 1.167518950
3.023090656 -2.016798413 1.164912558
2.974364812 -1.985113120 1.145603037
3.025951440 -2.010760522 1.143001175
2.966072137 -2.005599594 1.198305941
3.019294078 -2.031639910 1.195187664
2.984113510 -1.975312925 1.114908791
3.024796064 -1.996414638 1.114310837
2.958464916 -2.005768931 1.233415461
3.027536447 -2.039644635 1.229679918
2.956643636 -2.006874597 1.270679331
3.033395584 -2.043692625 1.265290833
3.000668104 -2.017013169 1.298174953
2.996361072 -2.025343216 1.262791252
2.996628578 -2.013256050 1.222635365
2.996342714 -2.008176423 1.182541227
3.004599865 -1.988130308 1.128765440
3.009325559 -1.976064659 1.113730288
2.999655540 -2.002008415 1.152876234
2.949043090 -1.968799270 1.369402742
3.081017549 -2.031151808 1.359544134
3.012147720 -2.003661967 1.348975039
3.008878763 -1.981313742 1.073640919
2.982469375 -1.970688439 1.076524115
3.029856021 -1.996257341 1.077630377
2.956754501 -1.955555773 1.081484890
3.056109483 -2.009279526 1.082992887
2.932326610 -1.927295244 1.083311892
3.092348154 -2.014410174 1.086954212
2.915002163 -1.907406187 1.078221416
3.120622213 -2.017262912 1.082987881
3.063647564 -1.806774593 1.078972435
3.122440155 -1.838565207 1.079883194
3.032283838 -1.800580836 1.085225201
3.144426401 -1.861076570 1.087522125
2.996001299 -1.803360081 1.087980604
3.161938245 -1.892879343 1.091544724
2.950395877 -1.832474268 1.082144356
3.162718351 -1.947266615 1.086015320
3.094407852 -1.819742299 1.075584984
2.923694427 -1.865555799 1.072951651
3.150846536 -1.986776388 1.078400707
2.914877231 -1.856383181 1.030775642
3.162281568 -1.991092003 1.046634293
2.943478639 -1.825596488 1.046949959
3.171249445 -1.948862291 1.061105824
2.906687315 -1.912455178 1.031733608
3.122039373 -2.027444041 1.045841074
3.089837606 -1.824263192 1.064130878
3.065306242 -1.800081110 1.047467804
3.125795658 -1.832605577 1.050910091
2.994121606 -1.795898652 1.055733776
3.167621667 -1.890088952 1.066862202
3.034056003 -1.791722572 1.052888250
3.149169023 -1.853618479 1.059343672
2.928270872 -1.934950388 1.036873198
3.088614519 -2.021933830 1.047584152
2.951141412 -1.963200426 1.040222740
3.052099998 -2.017535127 1.047916746
2.977489288 -1.977944768 1.042887545
3.025975044 -2.004195488 1.046262121
2.998191888 -1.991987026 1.040765142
2.988397415 -2.008563853 0.976668930
2.969065006 -1.992599047 0.975756502
3.027661855 -2.024302996 0.982088184
2.942851122 -1.974781013 0.986157274
3.054989393 -2.035846031 0.997871971
2.924509103 -1.944087005 0.986589289
3.090261514 -2.034219122 1.004119253
2.905638988 -1.923020935 0.984277582
3.117873485 -2.038798607 1.006555891
3.035061176 -1.786871887 1.001128292
3.159573848 -1.854183054 1.014799929
3.068328197 -1.798037148 0.995561218
3.133541162 -1.833274520 1.002691364
2.997406061 -1.792788661 0.996333218
3.175003345 -1.888115323 1.014565086
2.943233545 -1.829620815 0.987299538
3.175435121 -1.955919361 1.012032604
3.103352125 -1.814523137 0.995914316
2.913739736 -1.860572255 0.977187729
3.167189415 -1.998348451 1.003305292
2.974659975 -1.964810467 1.385383940
3.069123800 -2.010456837 1.375757551
3.018287475 -1.992870486 1.371972895
2.953006322 -1.913062787 1.393175936
3.123772438 -1.994552887 1.379770136
3.061900909 -1.848991669 1.331440067
3.097803171 -1.866013682 1.328737116
3.042223508 -1.846936083 1.340308523
3.112807567 -1.880343593 1.334972954
3.014108236 -1.843379414 1.347781277
3.134207065 -1.900348759 1.338692284
3.079505022 -1.855263746 1.311177826
2.991956766 -1.855204440 1.359413481
3.140534694 -1.925478852 1.348140097
2.971871193 -1.859871185 1.370434856
3.151533897 -1.943905986 1.356862879
2.960121925 -1.865052140 1.379344559
3.154806907 -1.957727051 1.366137838
2.953117187 -1.883248723 1.387033081
3.145475681 -1.977264917 1.373154974
2.969735677 -1.928451336 1.407564735
3.089051540 -1.989129043 1.400274134
2.976396616 -1.894621885 1.408614254
3.110027368 -1.961786843 1.396860456
2.982161815 -1.877236164 1.405943727
3.119072492 -1.945158399 1.393811321
2.994326408 -1.867148495 1.394620275
3.124122436 -1.928678787 1.385012245
3.003688390 -1.864210582 1.378479576
3.118330057 -1.918454445 1.370199537
3.029787119 -1.861121631 1.364786243
3.112702186 -1.900526262 1.358653402
3.043148334 -1.858724392 1.356293774
3.105462368 -1.888468540 1.351570702
2.993687446 -1.964034236 1.398272848
3.059937294 -1.995495713 1.393257475
3.023657138 -1.981105543 1.394918060
2.979840810 -1.972783125 1.405384874
3.056842859 -2.009340203 1.399510717
3.017546709 -1.993221021 1.399671888
2.965568836 -1.932842768 1.412690973
3.087219770 -1.990919745 1.403566933
3.034543808 -1.844747222 1.368589258
3.123144920 -1.887066520 1.362050390
3.051969106 -1.836170710 1.360024071
3.116647537 -1.867064512 1.355360603
3.002167757 -1.852751053 1.381714201
3.128052528 -1.912174678 1.373065567
2.993655498 -1.863682962 1.395172930
3.127229745 -1.927020288 1.385337448
2.981789167 -1.877570725 1.407695150
3.119694288 -1.944853938 1.397028065
2.975227649 -1.898409403 1.411684132
3.108057792 -1.962472296 1.401240683
2.948095615 -1.931081272 1.396645880
3.113465602 -2.009789324 1.384120321
2.944254215 -1.888797558 1.390541887
3.147508199 -1.985921419 1.375539875
2.954513843 -1.862401045 1.377519226
3.160214717 -1.960128343 1.362217522
2.972972925 -1.844948328 1.368396378
3.162660892 -1.932550466 1.352433777
2.994887169 -1.830701030 1.353313541
3.157059486 -1.907257951 1.340988493
3.025069530 -1.825436569 1.339156008
3.140055473 -1.880027688 1.330587244
3.058006103 -1.822689808 1.320124722
3.118764217 -1.850746787 1.314468002
2.973079736 -1.985192931 1.379871702
3.053976829 -2.023400462 1.374004936
3.007746275 -1.996351576 1.368175364
2.949250753 -1.836909926 0.987108564
3.166241224 -1.954859293 1.010158634
2.925161178 -1.865988231 0.976187801
3.156638916 -1.991803503 1.000622368
2.917999323 -1.920086360 0.981331205
3.114490326 -2.026976800 1.002137041
3.061439808 -1.814075208 0.998102760
3.123847301 -1.847963906 1.004745817
3.095331485 -1.828186548 0.998023129
2.997535284 -1.809612251 0.997556782
3.161588008 -1.898717738 1.014937019
3.030669744 -1.805600858 1.003004646
3.146410282 -1.868425346 1.015389061
2.926773126 -1.940774656 0.986193752
3.091904457 -2.030537820 1.003710365
2.943861539 -1.971628940 0.987156963
3.056967075 -2.033187843 0.999054050
2.968427236 -1.990022338 0.978577471
3.029681499 -2.023212409 0.985121346
2.993982608 -1.997246004 0.975124693
2.852060135 -1.924095190 1.152334785
3.157410677 -2.043168342 1.116924620
2.817498024 -1.906575895 1.150218821
3.193082149 -2.059040761 1.115185356
2.806918676 -1.861534334 1.142763710
3.235004003 -2.038589514 1.113490200
2.827383812 -1.832467711 1.137864685
3.245141323 -2.004338956 1.113888121
2.861424263 -1.825076557 1.139167166
3.229555185 -1.973472214 1.118301487
2.903391416 -1.829561150 1.142165279
3.200411852 -1.943986690 1.123594618
2.918080623 -1.864697612 1.151384449
3.163040216 -1.954786516 1.128320313
2.888282354 -1.906963623 1.152638769
3.148028667 -2.004688478 1.121502495
2.851376350 -1.882483995 0.902631259
3.222936447 -1.965690649 0.873805737
2.831528957 -1.872274912 0.905185795
3.242888029 -1.975226558 0.877112961
2.821958835 -1.847631252 0.911076403
3.266604717 -1.969219602 0.888087606
2.828751619 -1.822709895 0.920907593
3.279718931 -1.952726996 0.903988338
2.857997711 -1.812909878 0.925047255
3.267037208 -1.923059142 0.914035177
2.883863981 -1.824596322 0.922818160
3.243850525 -1.910625017 0.911242938
2.891411836 -1.854114330 0.913783169
3.217956836 -1.920023120 0.895988679
2.873502071 -1.882659710 0.905791616
3.208095129 -1.949089742 0.878790236
2.851748283 -1.883390880 0.897396421
3.222837026 -1.964833296 0.868570304
2.874789293 -1.884006656 0.900462484
3.206992443 -1.947647727 0.873420572
2.894542272 -1.852445758 0.909242010
3.218222673 -1.915243900 0.892588711
2.885648544 -1.820906258 0.919190264
3.246204908 -1.906167066 0.908794618
2.858223732 -1.809055484 0.921218014
3.269780929 -1.919213093 0.911446428
2.827602680 -1.819025851 0.917061901
3.283812578 -1.951103604 0.900766110
2.819375570 -1.845197952 0.906790352
3.270371254 -1.968948520 0.883983469
2.830434854 -1.873721517 0.900610304
3.243218238 -1.975888050 0.872280216
2.847506101 -1.861724651 0.845693445
3.249747331 -1.943495667 0.823958731
2.874012525 -1.847170806 0.849701381
3.242860611 -1.915707803 0.833487606
2.886833246 -1.828316844 0.859828091
3.249101932 -1.894726789 0.850018120
2.881726320 -1.801910854 0.865733004
3.268911178 -1.885116852 0.861620760
2.864204939 -1.797183311 0.868339157
3.283466632 -1.896236813 0.864274836
2.836887176 -1.807349062 0.863755322
3.294652040 -1.923291302 0.854245996
2.820796545 -1.831204689 0.855535841
3.287365968 -1.947869516 0.838675475
2.828450496 -1.856110847 0.846032238
3.265202100 -1.954203523 0.824524021
2.847391660 -1.932441450 1.033113575
3.167816217 -2.031256295 0.989195681
2.881435449 -1.923385656 1.033785439
3.152575548 -1.999251640 0.994494534
2.898605402 -1.894007421 1.037384844
3.163631017 -1.969094193 1.005779123
2.878634746 -1.857230223 1.045281267
3.202414568 -1.964331484 1.020512915
2.849254663 -1.839777923 1.048856592
3.234132106 -1.977018690 1.025403118
2.816540058 -1.850131071 1.047323561
3.247478778 -2.008205629 1.018594360
2.806954200 -1.883890129 1.044904089
3.227892692 -2.035253501 1.007538176
2.813061054 -1.909837640 1.037806606
3.205926712 -2.044343448 0.995969152
2.845339592 -1.929328239 1.065419769
3.165226276 -2.038972831 1.026589727
2.813913400 -1.909509278 1.066705799
3.201175506 -2.051190770 1.029961920
2.806047971 -1.878598488 1.066055632
3.227091606 -2.039792633 1.032165384
2.818976219 -1.847579813 1.063353395
3.244391973 -2.010626650 1.035671806
2.852178152 -1.838171995 1.060326672
3.230893667 -1.977618134 1.037337160
2.883926208 -1.856120921 1.058660126
3.197180326 -1.963828957 1.034964180
2.896793659 -1.889445639 1.059778547
3.164089973 -1.974016583 1.030619955
2.879324730 -1.919270015 1.062113619
3.151806409 -2.006475246 1.027448273
2.874195631 -1.868932164 1.288851595
3.185131128 -2.013746655 1.260302877
2.849236066 -1.907090938 1.299461222
3.171008165 -2.060974455 1.268060541
2.896450813 -1.827543116 1.293222284
3.204600151 -1.970395661 1.269081450
2.883521850 -1.793234146 1.304534531
3.241358574 -1.960398949 1.280984974
2.863285596 -1.794667161 1.321046925
3.255502279 -1.978759146 1.296776867
2.836973722 -1.816426313 1.333898878
3.256295021 -2.013862944 1.307492352
2.813192661 -1.856876886 1.334556675
3.239272649 -2.057848072 1.304579353
2.816024597 -1.896511472 1.319298601
3.204074438 -2.079714692 1.286963558
2.997018631 -1.744497931 0.240623569
2.989366586 -2.129863179 0.238374567
3.005371626 -1.711460448 0.238175011
3.006164367 -2.106457150 0.224535799
3.047727401 -1.680603481 0.240690207
3.004330452 -2.053836024 0.215601420
3.073612506 -1.686779416 0.236398077
2.982864196 -2.038291431 0.212155557
3.082420881 -1.706250108 0.242295361
2.965280349 -2.040728665 0.225360370
3.074567611 -1.745536185 0.234659648
2.937596614 -2.071730769 0.231504774
3.031337316 -1.778085685 0.242950058
2.945707376 -2.127772844 0.250771141
3.000359829 -1.764709330 0.246350384
2.969895656 -2.138200319 0.250926828
3.014432485 -1.714327848 0.587817526
3.090874965 -2.024428761 0.559406257
3.029947813 -1.750397957 0.582798338
3.055303629 -2.033702529 0.570987558
3.080150421 -1.757392085 0.581101274
3.017345245 -1.999254084 0.568476295
3.127936657 -1.722610212 0.602697945
3.019537504 -1.932962037 0.565643167
3.128553207 -1.662067271 0.609488583
3.064987714 -1.897019720 0.543492651
3.087055738 -1.627287782 0.615436053
3.116404350 -1.907857514 0.534914947
3.055363233 -1.644048787 0.607129908
3.122169073 -1.945837534 0.538439369
3.038203056 -1.673126495 0.595259404
3.108270462 -1.980871892 0.544486856
2.929697807 -1.843052006 0.912743068
3.180205639 -1.982453502 0.916576242
2.902817066 -1.901955998 0.868902540
3.140010173 -2.051955021 0.907494164
2.968043621 -1.807399667 0.933032370
3.189430053 -1.925750411 0.912509894
3.035451467 -1.795928514 0.915274119
3.152276332 -1.874753333 0.880432463
3.081298645 -1.839468396 0.887201405
3.084569986 -1.873368121 0.866771913
3.077463205 -1.891252792 0.842996693
3.036353405 -1.921239055 0.847035384
3.018706615 -1.957543171 0.817524767
3.015433366 -2.011934257 0.864981627
2.949007089 -1.960012114 0.820557213
3.055068309 -2.065389073 0.881352401
2.939458902 -1.994699097 0.899885988
3.049074466 -2.061437345 0.950985050
2.904440219 -1.922342694 0.929729795
3.133356149 -2.040684140 0.966030693
3.001137550 -1.986389196 0.846306181
3.015607174 -2.025307393 0.885918713
3.070459898 -1.908301390 0.851894593
3.041269357 -1.923233068 0.853710032
3.070549781 -1.851731813 0.897446966
3.093531902 -1.877359844 0.887163138
3.025609310 -1.812487758 0.943009472
3.157312687 -1.877720988 0.929223633
2.967644746 -1.820304191 0.960513687
3.185900505 -1.924437380 0.957790470
2.923708494 -1.858554042 0.948876238
3.177670057 -1.983446932 0.964472866
2.932900961 -1.855290270 1.015900707
3.154950435 -1.975947893 1.039549208
2.921529825 -1.912957704 1.014606333
3.113747175 -2.016718960 1.035483932
2.976607378 -1.812794662 1.018590307
3.166689451 -1.916189409 1.038877583
3.105598028 -1.828393019 0.916071749
3.061361129 -1.915619767 0.859838343
3.012056406 -2.015802122 0.893821096
2.954016502 -1.960236407 1.016494846
3.055479105 -2.015486694 1.027228928
2.949461277 -1.776209033 0.826949692
3.178459938 -1.981357730 0.800449347
2.933670814 -1.823127306 0.789802885
3.143720682 -2.032672799 0.801052308
2.975901420 -1.742614007 0.854199028
3.193691785 -1.932430780 0.798202252
3.062481458 -1.738950467 0.855479097
3.141626175 -1.866484201 0.782976961
3.099887426 -1.780528880 0.824955082
3.078583295 -1.871647871 0.776696301
3.090317543 -1.830022848 0.795114613
3.039748008 -1.916545546 0.783386803
3.057012851 -1.873759485 0.761209106
3.019909198 -1.977248407 0.786525941
2.980048711 -1.864234901 0.758209205
3.074156339 -2.032030857 0.791197157
3.015266473 -1.777105248 0.488545513
3.016571100 -2.080902017 0.481840706
2.992119844 -1.742439962 0.488967037
3.056819494 -2.079413569 0.470940685
3.059703882 -1.785795725 0.486791706
2.983216817 -2.051598287 0.483043766
3.092910583 -1.756617761 0.484888768
2.983763273 -2.008396423 0.470285869
3.102772529 -1.711460627 0.490039206
3.013916309 -1.973342097 0.459016657
3.074777181 -1.665087855 0.483798003
3.063427980 -1.971179521 0.438460445
3.033903654 -1.670742429 0.484821773
3.084063585 -2.006304062 0.442003584
2.996999796 -1.699774301 0.481947994
3.083689029 -2.053384936 0.449783421
3.104790027 -1.821838773 0.956069565
2.993669088 -2.009511388 0.944165802
2.925828989 -1.855457163 0.978558636
3.164725597 -1.985255635 1.003615236
2.911501701 -1.920895911 0.985867357
3.116508539 -2.032446003 1.007552004
2.970764692 -1.810424900 0.981104946
3.177841241 -1.922986782 1.003021336
3.039488132 -1.800828791 0.977422333
3.149768884 -1.860698796 0.989010906
2.944173153 -1.979207611 0.982440805
3.051085289 -2.037464059 0.993511772
2.991492088 -2.006758726 0.980405426
3.004154499 -1.989496804 1.014524555
3.101765926 -1.820001042 0.981554842
3.098506744 -1.818603135 1.004289484
3.040712173 -1.807327903 1.002484655
3.139697607 -1.861045456 1.013099289
2.941037471 -1.801232374 0.871889806
3.183246429 -1.977047182 0.852216816
2.921223457 -1.856308616 0.823014593
3.141712005 -2.040434158 0.848301983
2.977469976 -1.766836799 0.900348520
3.192801530 -1.919433093 0.848761535
3.053128774 -1.760169900 0.892855501
3.147483404 -1.864924765 0.827295041
3.095203931 -1.801455593 0.860403514
3.080887611 -1.867208517 0.818198538
3.086982544 -1.848537779 0.822679615
3.039549167 -1.913739241 0.816312647
3.038638408 -1.907945311 0.786603189
3.018496091 -1.997239328 0.828748322
2.962415273 -1.904114461 0.787939167
3.070202644 -2.048793590 0.839104986
2.984927471 -1.734817779 0.725583410
3.146840150 -1.985859967 0.689802861
2.969632681 -1.773770130 0.698220110
3.121209676 -2.027930594 0.693592167
3.010320480 -1.698587275 0.749040461
3.163440282 -1.937710381 0.683414316
3.074364002 -1.693861461 0.755302763
3.127308185 -1.885860479 0.674690819
3.113506849 -1.734506643 0.736298418
3.067674930 -1.884660697 0.676993108
3.101950462 -1.790710068 0.707139587
3.027012165 -1.933220721 0.688421702
3.071864898 -1.820795572 0.677682972
3.016303356 -1.984997785 0.687192297
3.009687240 -1.816322601 0.671553469
3.057710703 -2.030989027 0.690239048
3.014689500 -1.781072474 0.365277743
2.981462534 -2.110143817 0.367578006
2.990676458 -1.744677163 0.365216231
3.022916133 -2.109103358 0.355373478
3.054465349 -1.778398013 0.364967322
2.959159429 -2.076293385 0.365138149
3.091059740 -1.747376240 0.373053169
2.963609750 -2.027546502 0.361426687
3.097011144 -1.708289838 0.370644665
2.989641721 -2.001788533 0.346023774
3.066025789 -1.663125313 0.363320923
3.037478025 -2.002220667 0.325769758
3.042497690 -1.672011888 0.364701128
3.047020490 -2.027041889 0.329707837
2.999307449 -1.705064452 0.355601287
3.045678432 -2.081264055 0.332567906
3.025839622 -1.755003846 0.567851281
3.048590477 -2.044611252 0.554118371
3.009815271 -1.720038152 0.570286131
3.085088785 -2.035938299 0.542245007
3.074298914 -1.761801160 0.567170596
3.011865671 -2.009496367 0.553584433
3.123902376 -1.723527050 0.578137255
3.014221246 -1.944453335 0.545176840
3.126277740 -1.665048695 0.581292248
3.055629308 -1.909306860 0.524723744
3.086055334 -1.628911353 0.582628345
3.109098489 -1.920827902 0.512817478
3.054481561 -1.647032476 0.581229782
3.113771017 -1.956821895 0.520504689
3.032062347 -1.673167682 0.573549724
3.105836446 -1.991844213 0.525878167
3.032368238 -1.678557551 0.618899202
3.115973766 -1.977716661 0.566845512
3.006005342 -1.717581249 0.606190896
3.096755798 -2.025513745 0.581409311
3.045892294 -1.652688718 0.644693232
3.132951076 -1.941193676 0.568284369
3.084533746 -1.638746715 0.650559998
3.119890506 -1.901501096 0.563882685
3.126370008 -1.674966371 0.640683508
3.067185218 -1.893390215 0.570117092
3.124266679 -1.734422124 0.623952723
3.020395334 -1.933037794 0.588808393
3.076944645 -1.764178729 0.591252422
3.019309337 -2.000182009 0.584740496
3.029478366 -1.761423922 0.597032881
3.055584009 -2.031726098 0.593901134
2.975651081 -1.817023254 1.017481661
3.163838203 -1.919307268 1.037463999
3.034939821 -1.811285770 1.004129028
3.139324005 -1.868020809 1.015212870
3.094381626 -1.827292002 1.005928850
2.955965574 -1.951997316 1.015219545
3.062280471 -2.009792126 1.026527023
3.008541162 -1.982894338 1.016408539
2.929893787 -1.907853759 1.012636995
3.113371427 -2.007536626 1.032153225
2.936772640 -1.856830693 1.015539980
3.151665981 -1.973630047 1.038357830
3.015368517 -1.739190734 0.241592622
2.980464990 -2.113009131 0.236830091
3.017624910 -1.757108248 0.245030499
2.966302211 -2.120627559 0.246167517
3.033247764 -1.766335822 0.245758033
2.950760896 -2.114058173 0.249585605
3.067570264 -1.740770138 0.241954422
2.947628791 -2.072424388 0.236864901
3.068119819 -1.710624910 0.241132236
2.969766910 -2.055025852 0.225836492
3.070964391 -1.691796160 0.233575439
2.980072792 -2.043812490 0.211731291
3.048201377 -1.696162677 0.240085697
2.992426450 -2.062923527 0.220253086
3.013921316 -1.715141035 0.239024377
2.998620327 -2.101244724 0.226289725
3.059137876 -1.828016675 1.501989698
3.057618911 -1.827613748 1.501494980
3.057743127 -1.827866531 1.500937796
3.058197792 -1.828204489 1.500646210
3.058756883 -1.828542328 1.500472641
3.059352214 -1.828851676 1.500589943
3.059875543 -1.829074538 1.500806665
3.060205276 -1.829077995 1.501328087
3.060458000 -1.828997589 1.501935577
3.060449655 -1.828811205 1.502575731
3.060340698 -1.828575588 1.503130293
3.059913690 -1.828244663 1.503421402
3.059386547 -1.827868259 1.503614044
3.058776195 -1.827587879 1.503540134
3.058221157 -1.827353156 1.503327942
3.057621772 -1.827377713 1.502154684
3.057880457 -1.827337182 1.502805567
3.056846435 -1.827442146 1.501343584
3.057121093 -1.827861464 1.500520086
3.057737882 -1.828374660 1.499987221
3.058502967 -1.828887856 1.499705648
3.059356029 -1.829306579 1.499863482
3.060164507 -1.829614020 1.500287390
3.060756023 -1.829693234 1.501044607
3.061134870 -1.829614675 1.501927710
3.061117704 -1.829307652 1.502841806
3.060843999 -1.828888333 1.503666735
3.060227211 -1.828373945 1.504202700
3.059460218 -1.827859795 1.504484272
3.058605249 -1.827440000 1.504326677
3.057795580 -1.827132917 1.503899908
3.057204778 -1.827054358 1.503141022
3.056827123 -1.827134109 1.502256966
3.055736120 -1.827364779 1.501118994
3.056175525 -1.827979005 1.499975061
3.057019050 -1.828703201 1.499177790
3.058125789 -1.829426504 1.498829222
3.059336956 -1.830037928 1.499000645
3.060469444 -1.830451644 1.499646759
3.061346824 -1.830595351 1.500689840
3.061846550 -1.830457187 1.501960373
3.061874683 -1.830045915 1.503271198
3.061441953 -1.829431749 1.504425859
3.060596521 -1.828702188 1.505235767
3.059480245 -1.827972031 1.505589581
3.058257635 -1.827355540 1.505414581
3.057118232 -1.826942122 1.504756546
3.056243236 -1.826803124 1.503701782
3.055752809 -1.826948440 1.502426243
3.054931934 -1.827443159 1.501015282
3.055464799 -1.828181780 1.499647713
3.056473072 -1.829049683 1.498688078
3.057801778 -1.829915679 1.498276567
3.059253032 -1.830650485 1.498475647
3.060609396 -1.831144190 1.499254560
3.061666067 -1.831320799 1.500500536
3.062262590 -1.831152892 1.502025700
3.062303360 -1.830662644 1.503600693
3.061780508 -1.829923785 1.504985666
3.060769374 -1.829048551 1.505962944
3.059426124 -1.828171528 1.506383991
3.057956989 -1.827429271 1.506177998
3.056590612 -1.826935208 1.505382633
3.055537279 -1.826766706 1.504118061
3.054955299 -1.826945162 1.502584314
3.046519573 -1.828096724 1.504517651
3.049512918 -1.826864338 1.503652906
3.052791412 -1.826626158 1.502944803
3.054622705 -1.827431655 1.500960207
3.052742775 -1.827360249 1.500607824
3.049443061 -1.827921427 1.500287628
3.046433742 -1.829391098 1.500396109
3.047818954 -1.831328011 1.496790504
3.050574119 -1.829502678 1.497343636
3.053528125 -1.828458643 1.498563862
3.055194194 -1.828221715 1.499499893
3.056271608 -1.829149163 1.498473978
3.055027778 -1.829753793 1.497123098
3.052733953 -1.831368304 1.495269156
3.050464447 -1.833612359 1.494250154
3.053966816 -1.835896528 1.493161058
3.055593546 -1.833233154 1.494380093
3.057013805 -1.831049002 1.496505594
3.057691867 -1.830074764 1.498034573
3.059242542 -1.830860055 1.498247004
3.059183414 -1.832146681 1.496805525
3.058718021 -1.834814048 1.494811869
3.057793434 -1.837832606 1.493689632
3.061361606 -1.839126146 1.495755053
3.061631496 -1.835869944 1.496498203
3.061206634 -1.832879997 1.497976637
3.060692127 -1.831387675 1.499079561
3.061822469 -1.831577397 1.500409698
3.062775190 -1.833137191 1.499840832
3.063890274 -1.836240387 1.499183035
3.064127977 -1.839579857 1.499043083
3.065671260 -1.839124775 1.503053284
3.065150554 -1.835868752 1.502457237
3.063650425 -1.832879103 1.502114630
3.062460954 -1.831398166 1.502040243
3.062506015 -1.830874539 1.503725386
3.063699062 -1.832144952 1.504451609
3.065220649 -1.834811724 1.505822992
3.065757091 -1.837830341 1.507175064
3.064371879 -1.835893488 1.510780668
3.064089353 -1.833230412 1.508766508
3.062913473 -1.831046677 1.506495333
3.061947162 -1.830084479 1.505206680
3.060865934 -1.829148031 1.506253576
3.061413820 -1.829751408 1.507936096
3.061929519 -1.831365204 1.510840511
3.061726625 -1.833609081 1.513321495
3.058224018 -1.831324911 1.514410353
3.059069688 -1.829500115 1.511729813
3.059428032 -1.828456200 1.508553600
3.059428508 -1.828209615 1.506703472
3.057856853 -1.827415264 1.506483889
3.057258422 -1.827358640 1.508253908
3.055945451 -1.827919519 1.511298037
3.054397400 -1.829388655 1.513881779
3.050829227 -1.828095413 1.511816359
3.053031976 -1.826863265 1.509611940
3.055235202 -1.826625502 1.507082558
3.056395347 -1.826887644 1.505631304
3.055268581 -1.826707101 1.504278755
3.053666647 -1.826368249 1.505218601
3.050773437 -1.826492703 1.506927347
3.048062856 -1.827641702 1.508527851
3.054647501 -1.826899207 1.502637720
2.981724794 -1.910393453 1.517833805
2.981504257 -1.913108504 1.506034708
3.066807802 -1.845315791 1.587807989
3.080806072 -1.846938944 1.585697508
3.087920721 -1.830564833 1.554608679
3.076394136 -1.826839662 1.556527948
3.058658178 -1.845176375 1.587732649
3.069402750 -1.824702478 1.557364798
3.040821607 -1.848998404 1.585228300
3.049960668 -1.846275962 1.586440897
3.059632833 -1.824732101 1.559981918
3.050067003 -1.826258874 1.560616350
3.063620384 -1.840594685 1.411997652
3.066233213 -1.838935411 1.418122625
3.055340345 -1.840125537 1.416419363
3.058144863 -1.838745392 1.420062876
3.055138404 -1.858246541 1.403004026
3.053374107 -1.865832603 1.405333614
3.044737156 -1.865706420 1.409291601
3.059087093 -1.847718215 1.403944588
3.062028701 -1.843759454 1.407479143
3.051623161 -1.843003309 1.413643694
3.047906215 -1.847906328 1.410622931
3.065839107 -1.841048873 1.442115402
3.065759475 -1.840886212 1.441490984
3.062068517 -1.841731227 1.441946840
3.062038238 -1.841931737 1.442955112
3.059583480 -1.842804289 1.442566729
3.058134611 -1.843969143 1.443321323
3.055614288 -1.844328142 1.442378378
3.056798751 -1.843375302 1.441793537
3.074273641 -1.842941857 1.439113474
3.075749214 -1.843379534 1.438862419
3.071937616 -1.841659344 1.441163874
3.071686323 -1.842155314 1.440931892
3.065400417 -1.840810514 1.440699434
3.069107349 -1.840806520 1.440052128
3.071221407 -1.841850913 1.439343786
3.061857040 -1.842037356 1.441290236
3.046365793 -1.881526626 1.412321424
3.050465400 -1.873304820 1.408475494
3.039174850 -1.880979515 1.414758778
3.042924936 -1.873271382 1.412149763
3.030118997 -1.881721890 1.416565037
3.034119661 -1.875941074 1.417076683
3.035794551 -1.868783629 1.415618277
3.069130714 -1.834081030 1.438386059
3.074278886 -1.834797717 1.436827993
3.072467859 -1.835059381 1.431308842
3.067616756 -1.833550728 1.433768606
3.071803148 -1.835976637 1.430624819
3.067069109 -1.834377504 1.432596779
3.079818781 -1.832088149 1.490998125
3.076824005 -1.834185756 1.492395258
3.085629280 -1.825545705 1.479994392
3.083460863 -1.823016978 1.466786003
3.081755216 -1.825026966 1.472088432
3.076964433 -1.828464961 1.473775244
3.075321491 -1.828226841 1.471795893
3.081665571 -1.823909378 1.466629362
3.078086670 -1.827709175 1.471295214
3.073756750 -1.831235922 1.503688431
3.076993282 -1.829417682 1.505125856
3.079511936 -1.831032491 1.502902365
3.076123769 -1.832410610 1.502127743
3.079275425 -1.824422038 1.509608603
3.088975484 -1.826332665 1.521956539
3.086549337 -1.829408384 1.505113935
3.080257709 -1.822072900 1.523584700
3.082901533 -1.832631505 1.453688002
3.081610258 -1.834627664 1.451398468
3.080807264 -1.831868685 1.454228497
3.079428012 -1.833050526 1.452106333
3.075964506 -1.832184470 1.453487015
3.075326498 -1.831908679 1.447104788
3.072035844 -1.830845452 1.445780373
3.069180544 -1.830949641 1.455712414
3.078813608 -1.832766569 1.446448660
3.080675418 -1.834237910 1.445911264
3.080691393 -1.832069075 1.497617579
3.078672702 -1.833373881 1.497785902
3.078199918 -1.833207047 1.500156021
3.080546911 -1.832142210 1.500287390
3.085961635 -1.830536580 1.499851561
3.078221138 -1.833888925 1.495280123
3.080464895 -1.832212901 1.494585848
3.086103494 -1.830011046 1.496860123
3.085625227 -1.828724778 1.493451691
3.083926256 -1.821107722 1.462112284
3.084676321 -1.821584797 1.458474731
3.087359960 -1.819825685 1.462025261
3.087388332 -1.819815374 1.457932806
3.087426002 -1.823296523 1.455018616
3.053107793 -1.834544218 1.437258577
3.053434665 -1.836045063 1.433876610
3.048624094 -1.836952782 1.432740784
3.048072870 -1.835367895 1.436919308
3.055187996 -1.831907130 1.444044924
3.050166900 -1.832779146 1.446194506
3.038572843 -1.835711992 1.456250048
3.043179090 -1.835006512 1.451850986
3.022194202 -1.837946690 1.480462408
3.046630437 -1.833673871 1.448686695
3.042846019 -1.837517834 1.437136745
3.043642814 -1.839054084 1.431757784
3.038578327 -1.842336750 1.431299543
3.058991487 -1.834464705 1.438394642
3.060475166 -1.835002757 1.437193727
3.059490259 -1.832561946 1.441809511
2.996664579 -1.884046233 1.457429743
3.072919662 -1.821396506 1.538589096
3.064986761 -1.819830692 1.540019846
3.079440410 -1.823346174 1.537384844
3.089342411 -1.827190435 1.535222626
3.074586446 -1.820256985 1.524778938
3.067399318 -1.818857110 1.526374435
2.991525467 -1.891767359 1.454720354
2.987824495 -1.897198892 1.453196383
2.994854267 -1.887780702 1.455596066
3.003451641 -1.883852399 1.441770887
3.001403148 -1.888090051 1.440029716
2.998803671 -1.891553557 1.437227106
3.014326151 -1.883404827 1.429314947
3.010363157 -1.887163556 1.427841759
3.016121442 -1.878784693 1.430529213
3.026160295 -1.873213983 1.422600126
3.024521883 -1.879115677 1.422322845
3.020671184 -1.884088850 1.420973396
3.066007431 -1.829971111 1.498045301
3.064896400 -1.829016364 1.497518635
3.062128837 -1.839448905 1.498610592
3.066223438 -1.831140972 1.496566153
3.064404781 -1.829356885 1.496216154
3.066241081 -1.832156158 1.494915104
3.063897426 -1.830464459 1.494340277
3.070038374 -1.834693766 1.496808624
3.071177538 -1.835346020 1.498568869
3.063736494 -1.830415106 1.491363144
3.066947277 -1.832636571 1.492457485
3.071782644 -1.835757292 1.495456314
3.076149995 -1.834570980 1.498072481
3.075806196 -1.834040440 1.499948359
3.075552757 -1.835150278 1.496144629
3.074376400 -1.835106409 1.493744230
3.073219354 -1.835434354 1.498445368
3.063932712 -1.830356932 1.488705015
3.065381582 -1.833945966 1.439066982
3.061734970 -1.837179876 1.440397835
3.061571176 -1.832627750 1.440304375
3.060597952 -1.834404922 1.438823557
3.056863601 -1.842441893 1.442305660
3.057088430 -1.842966593 1.442748404
3.060234840 -1.837181723 1.440580463
3.061908777 -1.833690024 1.439329481
3.064861114 -1.833276010 1.435671425
3.064212854 -1.834095335 1.434377527
3.061030443 -1.834788061 1.438265896
3.058208997 -1.825311578 1.495437956
3.055733497 -1.826506412 1.493572807
3.053411539 -1.825789667 1.494329309
3.056434925 -1.824506259 1.495693064
3.058826025 -1.825528539 1.496563530
3.057142789 -1.824740684 1.496634817
3.055258806 -1.838049567 1.498565769
3.053252275 -1.837549305 1.499379730
3.059456403 -1.839264608 1.498048401
3.062649543 -1.827407098 1.496626711
3.062273557 -1.827484107 1.495612001
3.061118896 -1.828585482 1.493678188
3.052410181 -1.825648940 1.490481949
3.049020107 -1.825445807 1.491500711
3.049288805 -1.825092233 1.487475252
3.044759090 -1.825447774 1.488969421
3.039390619 -1.826634264 1.485256052
3.058743770 -1.827270067 1.487213945
3.059384163 -1.827890015 1.489807224
3.060612257 -1.838075555 1.425000525
3.055793817 -1.836990512 1.429586267
3.051893528 -1.838443733 1.426930285
3.067545946 -1.839671350 1.423688030
3.051128204 -1.825290656 1.495232916
3.054290111 -1.823988831 1.496373272
3.055503423 -1.824327088 1.497030354
3.051366146 -1.837229586 1.500378466
3.053394134 -1.824129558 1.498395061
3.049708183 -1.836895085 1.501447535
3.052491720 -1.823751545 1.497602797
3.049410398 -1.825260020 1.496621466
3.048689420 -1.825244880 1.497968531
3.051327283 -1.824421144 1.498717165
3.052485044 -1.824479616 1.499019003
3.048450048 -1.836043811 1.502379274
3.051374729 -1.824812448 1.499966717
3.050799425 -1.825117982 1.500905132
3.047816808 -1.833448625 1.503711081
3.047729786 -1.834489143 1.503114080
3.051108415 -1.824770129 1.501488543
3.048764284 -1.832488037 1.504207706
3.050182874 -1.824712968 1.499747610
3.048883016 -1.824992097 1.500646925
3.048531587 -1.825175023 1.498975372
3.046613748 -1.825657642 1.493144608
3.041928585 -1.826242781 1.491324520
3.035297926 -1.828285909 1.488505697
3.034371431 -1.829329467 1.492616987
3.040645416 -1.826882875 1.494193888
3.045028980 -1.825952447 1.495356655
3.041268404 -1.827109433 1.496964788
3.035531576 -1.829519904 1.496527052
3.045364435 -1.825945294 1.497426128
3.059482153 -1.829986370 1.461117840
3.056391056 -1.828766859 1.464859581
3.063841636 -1.828377343 1.470149851
3.061940487 -1.827516055 1.474111891
3.065513427 -1.830505228 1.453015184
3.061924512 -1.831101692 1.458381510
3.065884883 -1.830797172 1.461419916
3.051788385 -1.831766045 1.455306387
3.054345424 -1.831826961 1.451520300
3.060284669 -1.827573157 1.477989292
3.067562158 -1.828945673 1.467969751
3.071626480 -1.828338123 1.471348381
3.044995363 -1.830591000 1.463281488
3.048861320 -1.831239379 1.458900070
3.067678745 -1.830428636 1.444411850
3.058936412 -1.831002272 1.448271370
3.063078697 -1.831335163 1.442958927
3.066330249 -1.829310394 1.480997658
3.055734451 -1.819768107 1.541320419
3.058884676 -1.819094217 1.528158522
3.071999366 -1.828902877 1.469220018
3.069483574 -1.829586184 1.467186546
3.073687370 -1.828739083 1.469562864
3.076069887 -1.828155136 1.469304419
3.079605634 -1.824562288 1.466345406
3.079238231 -1.823207236 1.463583803
3.078126247 -1.825820303 1.457985497
3.079368885 -1.828075266 1.459364748
3.078109319 -1.826986647 1.458051538
3.074119146 -1.827431476 1.466283417
3.071899707 -1.829713202 1.467286444
3.076761301 -1.830611921 1.456869698
3.077723796 -1.831257439 1.457583523
3.079103525 -1.831826663 1.458457565
3.077114399 -1.828367985 1.458709574
3.076267774 -1.829679644 1.457624531
3.079936798 -1.830773092 1.458781338
3.080322559 -1.831424451 1.457721567
3.071110065 -1.830355144 1.463719225
3.074853475 -1.829171873 1.457596874
3.074641283 -1.830599046 1.457007742
3.070692833 -1.830965317 1.458308315
3.071569975 -1.828921473 1.459650373
3.068947370 -1.830705560 1.462895727
3.078700597 -1.831675506 1.456458902
3.080185707 -1.832223809 1.456682062
3.078786905 -1.832125223 1.454868174
3.075830991 -1.831920839 1.455298996
3.076063211 -1.831199921 1.456217384
3.072818096 -1.826442874 1.462326384
3.074363525 -1.826391852 1.459066963
3.075812156 -1.827729082 1.458290672
3.047838266 -1.840463138 1.424491262
3.009547050 -1.851008690 1.503563499
3.016917284 -1.844723142 1.517357683
3.073341901 -1.833448804 1.501548386
3.068609054 -1.830589629 1.504271841
3.066071327 -1.827225840 1.506228542
3.070316131 -1.828434801 1.504487133
3.071568067 -1.832385159 1.502838707
3.067964132 -1.830512143 1.502987242
3.066147382 -1.827315247 1.504583693
3.064590509 -1.830267823 1.503383732
3.066153343 -1.832494951 1.502318239
3.065816934 -1.833004392 1.502458906
3.065138872 -1.831093288 1.503341293
3.065408285 -1.828573680 1.502988195
3.067475374 -1.830580509 1.502262211
3.067292745 -1.824853695 1.505525684
3.067991788 -1.823816455 1.507481909
3.072033699 -1.826846934 1.506120777
3.070020492 -1.833360887 1.502241230
3.069343622 -1.832496739 1.500827885
3.071597631 -1.834170437 1.501226521
3.070569809 -1.834357894 1.500283813
3.067830856 -1.822094655 1.509480095
3.073095615 -1.824931062 1.507954931
3.068600233 -1.819687522 1.512453890
3.074414070 -1.822024680 1.510907745
3.064110811 -1.837502993 1.440937614
3.067510898 -1.836851931 1.440160608
3.070878561 -1.836591816 1.439670181
3.071461256 -1.831326104 1.441735363
3.068023737 -1.831497705 1.441223001
3.063928421 -1.832551039 1.440235710
3.067879016 -1.830807901 1.442046976
3.063811119 -1.831614530 1.441022253
3.071333940 -1.830670333 1.443083858
3.062458809 -1.820894099 1.508319235
3.062436874 -1.821996427 1.506023741
3.061131532 -1.824958837 1.506948805
3.061101730 -1.825839258 1.505770540
3.060960348 -1.826632715 1.503990030
3.059967573 -1.827970422 1.504335260
3.060572918 -1.832784212 1.504752970
3.052470977 -1.823638714 1.503132915
3.051499183 -1.823842383 1.504702187
3.053397710 -1.825240648 1.502128696
3.050687130 -1.831384576 1.504592991
3.053140695 -1.824209130 1.502182579
3.050805624 -1.822237230 1.505714035
3.049052293 -1.821285463 1.507363653
3.062274749 -1.819834268 1.510449505
3.062175329 -1.818281508 1.513774490
3.042743023 -1.821064568 1.515087461
3.045591886 -1.820833719 1.510395145
3.050206001 -1.823725737 1.504344320
3.050492342 -1.823532200 1.503072119
3.050216968 -1.824376977 1.501976347
3.029538925 -1.833500481 1.526644325
3.028737600 -1.832562602 1.510043478
3.037671144 -1.825705326 1.514144039
3.039417560 -1.829390204 1.469503975
3.033788974 -1.828885293 1.480048990
3.059248979 -1.827607489 1.481545782
3.065182264 -1.830299294 1.483767366
3.027851875 -1.832094944 1.484787083
3.026570137 -1.833854235 1.490764952
3.020364816 -1.839600897 1.488489723
3.020192916 -1.839352882 1.495945311
3.021865423 -1.837752498 1.502066708
3.028329904 -1.833582735 1.496255255
3.080165441 -1.836740590 1.437072849
3.080859001 -1.832899428 1.443267679
3.080877836 -1.833089328 1.441711998
3.078876789 -1.832178331 1.442159033
3.075521524 -1.831527269 1.442270136
3.075360830 -1.831082201 1.443967199
3.078908498 -1.832095600 1.444031572
3.077884491 -1.836249090 1.437769508
3.074732597 -1.835381902 1.438385344
2.984165247 -1.902111924 1.461249208
3.016762312 -1.888151145 1.417564964
3.034678991 -1.886203683 1.411390877
3.042636211 -1.887113190 1.410943842
3.026009853 -1.886881626 1.413265562
3.055213983 -1.844247258 1.441250181
3.056728895 -1.842491126 1.442288971
3.060841377 -1.835000134 1.440225935
3.060299928 -1.834119833 1.440031385
3.058858211 -1.834211326 1.440213776
3.053458984 -1.833135283 1.440502024
3.048168953 -1.834184385 1.441373920
3.043916042 -1.835758245 1.442876673
3.039616401 -1.837883211 1.445255375
3.034451540 -1.840576625 1.448557949
3.028892810 -1.843573904 1.452554798
3.019376333 -1.846787727 1.458242512
3.017361696 -1.844438291 1.475291824
3.013919647 -1.846879101 1.486183739
3.014075096 -1.845735228 1.495213842
3.015860136 -1.843800402 1.502759790
3.023344572 -1.837714768 1.513515568
3.033929165 -1.829303301 1.519708014
3.039811428 -1.824897683 1.520792580
3.060985382 -1.818383730 1.519321060
3.068438108 -1.818878150 1.517659283
3.075073536 -1.820366240 1.515856838
3.080287750 -1.822204149 1.514574385
3.083535011 -1.830591536 1.497186995
3.083057220 -1.830001390 1.493862963
3.086823280 -1.821406758 1.466868019
3.072715337 -1.835663832 1.497126913
3.070797975 -1.835184491 1.497750854
3.073109682 -1.834887481 1.499746895
3.071006115 -1.835182703 1.499396896
3.058776434 -1.827395595 1.484597778
3.064342792 -1.830539680 1.486194944
3.057281787 -1.838698960 1.498097754
3.060964878 -1.826418972 1.496545172
3.060404832 -1.826471484 1.495294666
3.058348472 -1.827399886 1.493472910
3.056065853 -1.826386130 1.489796019
3.054270322 -1.825423873 1.486958838
3.052570636 -1.825570798 1.483403063
3.051725681 -1.825878835 1.478973961
3.051764782 -1.826870239 1.473854399
3.054075534 -1.827699995 1.469180679
2.988921936 -1.960552192 1.519819832
2.983933027 -1.952280260 1.500476933
2.981954868 -1.944396890 1.517294502
2.996689613 -1.965334511 1.538194036
2.985706861 -1.952677048 1.537937737
2.981639679 -1.933218515 1.494942045
2.994184549 -1.966341710 1.519406891
2.984389122 -1.952594734 1.518988466
2.978570278 -1.929847932 1.529950476
2.981234129 -1.943946815 1.535869455
2.991057212 -1.959959960 1.538608408
2.982504661 -1.944981969 1.498679733
2.987326439 -1.959538198 1.501417255
2.981333549 -1.931339837 1.512547827
2.992527540 -1.966248608 1.500970459
2.907066400 -1.826395250 0.801227427
2.901958521 -1.828594363 0.794224834
2.903911407 -1.831727362 0.807688332
2.897616680 -1.833580411 0.801379061
2.894709880 -1.833217717 0.818608379
2.889102514 -1.837514735 0.812163925
2.887530859 -1.797297335 0.772238111
2.888118560 -1.791519261 0.775031304
2.889098938 -1.796516872 0.781593299
2.889730508 -1.806132234 0.775056338
2.881255920 -1.800817168 0.763493991
2.864325101 -1.810376561 0.762212849
2.875263031 -1.804301536 0.763838863
2.859779174 -1.813917256 0.760205603
2.917836006 -1.804076827 0.785233355
2.914345796 -1.805685974 0.794922924
2.894800003 -1.799008525 0.782753086
2.895553644 -1.809948600 0.775861955
2.902666147 -1.793963230 0.792788243
2.905398662 -1.795786059 0.795609570
2.909733350 -1.794054246 0.786284542
2.905738647 -1.793301797 0.784637070
2.908753927 -1.798716402 0.797254539
2.912743862 -1.796764708 0.786969519
2.916470344 -1.809547818 0.791033840
2.912041004 -1.810840702 0.799706078
2.859758670 -1.777856505 0.741982079
2.864132459 -1.780479885 0.741676188
2.859852131 -1.779940284 0.747463560
2.851760919 -1.778643406 0.741058207
2.851355608 -1.779919720 0.745766020
2.849038179 -1.782280898 0.739587402
2.852146204 -1.777255690 0.735176897
2.849743660 -1.780570066 0.733691311
2.852992351 -1.775777913 0.729829764
2.854553278 -1.769468940 0.690569973
2.853458459 -1.772715664 0.689493871
2.852524574 -1.773451782 0.701432085
2.852022464 -1.775366104 0.707202291
2.854010637 -1.772262490 0.708623743
2.854465063 -1.770355559 0.702259636
2.851809318 -1.778003967 0.715813732
2.854013498 -1.773809827 0.716908550
2.863069112 -1.770513034 0.711150742
2.863092239 -1.768413163 0.704923606
2.862235363 -1.772361553 0.718012190
2.865342672 -1.773973322 0.718083715
2.865223940 -1.771721518 0.711186743
2.863489444 -1.766579307 0.697935438
2.865559871 -1.769826389 0.704938865
2.866000707 -1.768241680 0.698846436
2.854390199 -1.769321657 0.695130205
2.852714832 -1.773101068 0.694868422
2.859986122 -1.797032929 0.741224384
2.860001381 -1.798621869 0.747110820
2.867036874 -1.791560686 0.743568277
2.868220146 -1.793984330 0.749306059
2.859601314 -1.792550362 0.726110435
2.860019739 -1.795841492 0.734074450
2.867677982 -1.789320326 0.737103081
2.869387205 -1.787505186 0.727830148
2.860231454 -1.780744827 0.688843822
2.859016712 -1.783596552 0.700128412
2.869382198 -1.774084902 0.692920661
2.868600662 -1.777484751 0.701488829
2.858941133 -1.773417986 0.678639984
2.860648210 -1.778415835 0.684035873
2.869506652 -1.772275544 0.686618423
2.867832954 -1.768873907 0.680345392
2.866117771 -1.764894522 0.679655409
2.867653186 -1.765883840 0.686249352
2.868748481 -1.767449952 0.686097717
2.866680915 -1.766857541 0.679001904
2.866705234 -1.766796387 0.693091965
2.868602569 -1.769095457 0.693180299
2.856505687 -1.769225753 0.678201294
2.857716138 -1.771462655 0.677907085
2.854283388 -1.771001196 0.683865523
2.855431135 -1.774801827 0.683055854
2.854151065 -1.776277101 0.689007854
2.864787157 -1.776599145 0.730858183
2.866925771 -1.780718661 0.730262017
2.867496069 -1.778927005 0.725239849
2.864683206 -1.775443054 0.725293255
2.850174005 -1.779909945 0.729051208
2.851322706 -1.779436267 0.721949673
2.851448591 -1.784719742 0.720878220
2.850600059 -1.787053383 0.727636194
2.848840530 -1.783231593 0.744686222
2.849070842 -1.790740049 0.742460108
2.848818596 -1.792583800 0.749039149
2.849299724 -1.786131895 0.752987719
2.863797243 -1.782604492 0.747159576
2.859953697 -1.774317062 0.731728768
2.859984691 -1.775843597 0.736627197
2.864544685 -1.778571523 0.736287928
2.869097049 -1.782936848 0.715278006
2.860680873 -1.789976454 0.712069130
2.862880523 -1.765143729 0.692418432
2.855912740 -1.768497622 0.684858179
2.864634092 -1.764537073 0.686622834
2.857032354 -1.765787876 0.678597069
2.864913519 -1.763275481 0.680867290
2.863077934 -1.763183511 0.683239317
2.863119657 -1.764673269 0.686613655
2.856531913 -1.767384267 0.684923267
2.856749590 -1.765724159 0.682125902
2.862779911 -1.765624261 0.690254784
2.856433923 -1.768535293 0.689158535
2.851364191 -1.782497323 0.714192009
2.867719228 -1.776415980 0.717367506
2.862932975 -1.762529767 0.681757784
2.857553299 -1.763966656 0.680521345
2.857257898 -1.765157676 0.678777909
2.864171560 -1.762957847 0.680439806
2.863431747 -1.762778855 0.680166578
2.857805069 -1.764389193 0.678940034
2.862622078 -1.762459493 0.680632567
2.858299310 -1.763513959 0.679776406
2.854944761 -1.788505650 0.712638950
2.854562814 -1.791944898 0.723034954
2.853229816 -1.795187569 0.741338110
2.853747184 -1.797326005 0.746735549
2.853243883 -1.791635251 0.726778841
2.858267839 -1.777607894 0.683046198
2.857223327 -1.780083990 0.688859081
2.849309976 -1.789088166 0.737153745
2.852591570 -1.793754495 0.735740519
2.849991615 -1.787567234 0.731834149
2.853660638 -1.793786145 0.730206704
2.852147634 -1.779328323 0.705927229
2.855542476 -1.784115231 0.703185892
2.852999981 -1.777392543 0.695077038
2.856315906 -1.782490528 0.697244263
2.852655227 -1.778330005 0.700957632
2.855004604 -1.781993068 0.699928737
2.852377470 -1.801701641 0.750269747
2.849341209 -1.797050155 0.752224779
2.854870374 -1.799976147 0.750373578
2.849648292 -1.794889486 0.751431441
2.851602609 -1.782530284 0.763702726
2.859091575 -1.782785035 0.762291288
2.848929699 -1.785218454 0.763370848
2.861842687 -1.783348775 0.764041638
2.859832819 -1.781798816 0.753660893
2.851165111 -1.781523741 0.751712656
2.863937433 -1.784193552 0.755254602
2.871089037 -1.792022384 0.754944062
2.868867452 -1.787716604 0.756206846
2.873669918 -1.790099061 0.756056285
2.870610530 -1.785880125 0.757688379
2.868732507 -1.790926135 0.750372267
2.867332513 -1.787888146 0.751739836
2.871774013 -1.795974887 0.754566407
2.860315139 -1.802593387 0.751772261
2.838585909 -1.812819517 0.743193722
2.834359701 -1.810191667 0.744275904
2.832055147 -1.806956566 0.746135092
2.967796142 -1.913698471 1.380283213
2.964961822 -1.923545874 1.384848213
2.964604194 -1.949287510 1.411684847
2.966349657 -1.932996369 1.405854082
2.952500160 -1.896908439 1.373560047
2.956155832 -1.883434570 1.365307903
2.963713939 -1.937114036 1.388002968
3.028935964 -1.871006287 1.350609398
3.012718256 -1.875223077 1.353982306
2.992302711 -1.897695458 1.379404163
3.046511943 -1.849833763 1.334688282
3.026490505 -1.846798575 1.338752842
3.003094967 -1.894039607 1.374557590
3.060644443 -1.850305951 1.322627401
3.061992223 -1.847891248 1.317789173
3.048232610 -1.843126512 1.309415436
3.047752435 -1.846426583 1.315337753
2.987638528 -1.961352623 1.376150703
2.983898456 -1.971163130 1.385273790
2.973895366 -1.962549186 1.387067413
2.977686460 -1.951062715 1.379857397
2.980479772 -1.974340237 1.418768024
2.972629840 -1.967331922 1.417811728
2.903378303 -1.809809721 0.815770602
2.897840793 -1.812534309 0.823286867
2.988765533 -1.968287385 1.449550724
2.982876356 -1.961988962 1.447908497
2.989903505 -1.968194104 1.467803812
2.984070356 -1.962118066 1.466117001
3.061706836 -1.845274961 1.298925972
3.049218948 -1.839906133 1.301915503
3.068011577 -1.855539716 1.320853329
3.065451915 -1.859251178 1.327973700
2.902384813 -1.818519509 0.820205784
2.907115514 -1.815565861 0.813328362
2.896332080 -1.803396440 0.817780828
2.891505535 -1.806290722 0.824146128
2.904087360 -1.824976719 0.814803338
2.908215816 -1.821433998 0.808244801
2.888293560 -1.799544192 0.816967583
2.879130418 -1.792278684 0.811573243
2.875064190 -1.798703766 0.823362684
2.883618171 -1.802460707 0.824226594
2.904423530 -1.817580557 0.782943583
2.910142238 -1.817410446 0.789876080
2.898846204 -1.807060576 0.773622608
2.905305679 -1.812531865 0.778131461
2.912601764 -1.815354383 0.795068836
2.911203201 -1.814120567 0.782816744
2.915857847 -1.813338852 0.786954021
2.981445844 -1.904356933 1.388360357
2.983145530 -1.908243156 1.416443682
2.990957315 -1.901332057 1.408036327
3.022648866 -1.891908145 1.368595457
3.011667068 -1.891974962 1.371987200
3.008496339 -1.894493080 1.397274828
3.017186458 -1.893271363 1.394622183
2.999651964 -1.897105432 1.402129030
3.007185752 -1.892696655 1.412091589
3.015628631 -1.890558756 1.408848143
3.037703092 -1.873094416 1.351928806
3.044481809 -1.876201070 1.351554728
2.994969184 -1.881405747 1.359231091
3.059384878 -1.856286502 1.332465982
2.982466514 -1.908876932 1.436834669
2.989915664 -1.901353097 1.426310158
3.070686157 -1.852882719 1.315142250
2.886385257 -1.775132573 0.760205364
2.883152063 -1.773464418 0.761157370
2.880978639 -1.774901188 0.767263865
2.868101413 -1.778456843 0.769135332
2.870894964 -1.776386297 0.769047952
2.877585466 -1.774772978 0.767559385
2.872849996 -1.775092340 0.761536455
2.870496090 -1.778696752 0.760794973
2.879665191 -1.772882080 0.761253810
2.888286884 -1.783034182 0.756234384
2.888757761 -1.778826809 0.758400774
2.866938884 -1.782176650 0.734645462
2.867046650 -1.783847547 0.740035748
2.866527612 -1.785865283 0.745715714
2.867277677 -1.773621297 0.710060811
2.867269094 -1.771716690 0.704197383
2.867703731 -1.770402885 0.698906159
2.853479440 -1.775154746 0.723470545
2.860996540 -1.773804999 0.724745846
2.869012649 -1.774142778 0.699744201
2.869589384 -1.771967864 0.693063951
2.868440445 -1.774035788 0.703455901
2.869007642 -1.776723957 0.704957581
2.869520958 -1.780233837 0.716708040
2.867500122 -1.788498497 0.744601345
2.867962415 -1.786073244 0.738703823
2.868583734 -1.785310007 0.732624388
2.869508798 -1.769548393 0.687078214
2.847748335 -1.786328888 0.773839808
2.847176607 -1.789663351 0.781107759
2.849885519 -1.785358584 0.775802469
2.840501363 -1.794549859 0.771777964
2.830794866 -1.805141604 0.775544739
2.830498989 -1.803177452 0.769047832
2.832138355 -1.801143265 0.771158671
2.826769645 -1.811794138 0.773346043
2.826728637 -1.813331938 0.765531158
2.824901159 -1.814508474 0.766768789
2.840636070 -1.795122958 0.779064155
2.831032570 -1.802469349 0.758784628
2.838509615 -1.795869208 0.773071146
2.842081840 -1.794519520 0.761704779
2.819367941 -1.824098862 0.768295264
2.819586094 -1.818379379 0.769219494
2.819293316 -1.824032343 0.761903858
2.819951351 -1.819634354 0.764630651
2.827625568 -1.813754774 0.755912399
2.818821485 -1.823836899 0.757364845
2.867655809 -1.778375900 0.781917906
2.864947851 -1.781704402 0.787070608
2.874143894 -1.778507209 0.785563087
2.873348768 -1.776816583 0.780840254
2.857572849 -1.783744729 0.777296042
3.040060575 -1.889582134 1.404886103
3.032844360 -1.889674342 1.406568384
2.994235094 -1.973927236 1.471983290
2.975334222 -1.933059132 1.455195522
3.037840898 -1.891114867 1.396826839
3.037738378 -1.897167957 1.374391890
3.034696634 -1.896711088 1.367312765
3.032187517 -1.892076052 1.396190977
3.067532356 -1.869379616 1.334874249
3.051643188 -1.884398854 1.352218485
2.976202543 -1.946434355 1.440873480
2.974323804 -1.931182957 1.433780766
2.973757084 -1.913191474 1.396256304
2.969613369 -1.866415358 1.350946045
2.981427724 -1.889885283 1.363795376
3.021123226 -1.841792620 1.319251394
2.920912559 -1.795915580 0.749714112
2.920878465 -1.794714368 0.754946208
2.920051153 -1.795101738 0.741354084
2.918052967 -1.789612806 0.756044722
2.918067272 -1.789360321 0.752444839
2.920347269 -1.795182264 0.747717595
2.917079265 -1.789326167 0.749094462
2.920037563 -1.794473267 0.742647028
2.920368250 -1.791672445 0.735666370
2.917951877 -1.786609567 0.735911107
2.918561037 -1.786871052 0.736740446
2.920720632 -1.791806794 0.738087988
2.920553978 -1.791411615 0.739208913
2.920159633 -1.793659246 0.742735243
2.919542844 -1.794927812 0.746713614
2.919477995 -1.793490506 0.745775080
2.916929062 -1.788861788 0.746847963
2.920099552 -1.792514897 0.742886043
2.918588216 -1.787424958 0.739451027
2.918570097 -1.787682152 0.740473366
2.920333917 -1.791237927 0.740182734
2.917740877 -1.788198209 0.744175053
2.920495565 -1.790695346 0.738467073
2.918629701 -1.787348605 0.738981342
2.920502956 -1.790588177 0.738213634
2.918618972 -1.787019647 0.737750864
2.918647821 -1.787192917 0.738230085
2.919894273 -1.788914240 0.738036966
2.920328434 -1.789812959 0.738315678
2.918712909 -1.787324882 0.738440371
2.841037567 -1.851863063 0.855739927
2.834845121 -1.850015915 0.858517385
2.854920681 -1.808372116 0.871737814
2.845915849 -1.810109592 0.871423221
2.870191391 -1.813107646 0.871354914
2.834770258 -1.817025578 0.867440557
2.826852138 -1.827457106 0.865686035
2.873753364 -1.832657254 0.863342857
2.875310714 -1.826798356 0.866070127
2.998336370 -1.895910955 1.417588806
2.860271270 -1.806982077 0.857894874
2.857517774 -1.803287244 0.838453627
2.867483909 -1.803523875 0.837112999
2.896783645 -1.796219802 0.803194141
2.880980070 -1.785175240 0.798383331
2.830173309 -1.834994412 0.823781466
2.825422342 -1.831925249 0.806144094
2.823353107 -1.828208185 0.792844391
2.833754356 -1.844056285 0.843915558
2.829517181 -1.816385901 0.745070314
2.826053197 -1.815635538 0.745612717
2.818055208 -1.823201275 0.743994331
2.819456394 -1.818143881 0.744855976
2.859376724 -1.783241427 0.776474333
2.865819032 -1.778995848 0.780515766
2.820262487 -1.825251735 0.779589152
2.881384189 -1.779561735 0.784093237
2.871108110 -1.789207912 0.809584713
2.865598972 -1.795555687 0.822644567
2.878005321 -1.777090168 0.779958463
2.875193889 -1.776412583 0.779601073
2.883005197 -1.778301633 0.778135157
2.822558220 -1.830522395 0.749891853
2.824266727 -1.831836737 0.758154726
2.820107753 -1.828438080 0.760190105
2.819638069 -1.827360547 0.750962353
2.823672826 -1.833876050 0.763715124
2.820259626 -1.829529798 0.766250944
2.832377489 -1.844238735 0.820526218
2.838136013 -1.848354376 0.817699409
2.820994194 -1.832072592 0.776316142
2.823204334 -1.836696065 0.773699141
2.825972850 -1.840527869 0.784021115
2.823094661 -1.834783054 0.787049150
2.877944524 -1.792539215 0.756395435
2.910991962 -1.804753042 0.745088434
2.905182178 -1.800128675 0.744412994
2.915370281 -1.796566403 0.733866191
2.914135749 -1.798890686 0.735531783
2.907833154 -1.794064379 0.735615587
2.910415466 -1.792790330 0.733238673
2.919193084 -1.792956269 0.733553028
2.915879543 -1.789253331 0.732032633
2.819223220 -1.826375580 0.742440081
2.819480713 -1.826854980 0.746302938
2.817814405 -1.822787440 0.747605062
2.822107370 -1.829094685 0.740778303
2.822284515 -1.829751051 0.745207405
2.830485637 -1.811367190 0.752465820
2.829331215 -1.815145588 0.749941206
3.024656351 -1.889936483 1.406730509
3.024685199 -1.893357551 1.396299696
3.028791721 -1.894436336 1.367743111
3.048308904 -1.880192137 1.351704216
3.066704805 -1.864297545 1.331490612
2.839806373 -1.846744693 0.841063714
2.825573022 -1.838685429 0.802959299
2.832990463 -1.844581223 0.801617479
2.891892965 -1.816259063 0.830435610
2.901185091 -1.799665010 0.805830812
2.873819168 -1.829255319 0.846572852
2.831470306 -1.803102887 0.750353193
2.849673803 -1.806534207 0.746345139
2.832961137 -1.798334039 0.751621103
2.844759758 -1.796114242 0.754258490
2.840672071 -1.795917190 0.754024124
2.847774561 -1.798801756 0.750193691
2.849604185 -1.802252150 0.747812128
2.832658584 -1.798741019 0.759375191
2.839656885 -1.796319521 0.761208391
2.830930765 -1.807263470 0.752748942
2.832224186 -1.809633112 0.749250150
2.835140522 -1.812972939 0.747908092
2.854500110 -1.806362307 0.751418686
2.839717205 -1.815350151 0.748566008
2.848331983 -1.789493001 0.756535268
2.847019489 -1.793106115 0.757009602
2.871868904 -1.783376968 0.756256795
2.879631097 -1.789223886 0.753541803
2.895642574 -1.827692306 0.823556519
2.911786373 -1.801921225 0.796962476
2.916421945 -1.800451911 0.786384559
2.894816454 -1.793907798 0.790908909
2.899653013 -1.794628060 0.786814070
2.897530611 -1.798609710 0.779432631
2.906435783 -1.803272045 0.805321550
2.910320098 -1.807216442 0.802613711
2.904644306 -1.803338385 0.754194117
2.910347517 -1.807203627 0.756776190
2.910108621 -1.808510757 0.762104130
2.903217132 -1.804849065 0.761240339
2.920875843 -1.799571014 0.761204934
2.918709095 -1.801716185 0.772450066
2.914310033 -1.794049120 0.777735090
2.917950685 -1.798433578 0.775627708
2.920354183 -1.795243240 0.763990259
2.919296320 -1.803016818 0.760298586
2.917780454 -1.805063522 0.768718696
2.915391739 -1.807015276 0.758582568
2.914748724 -1.807869709 0.764757013
2.900156314 -1.796318567 0.767867899
2.901747758 -1.794332064 0.761704302
2.901886280 -1.796858049 0.758529639
2.900177534 -1.800430692 0.764630532
2.887606676 -1.792857504 0.766754007
2.887694414 -1.785661018 0.759591198
2.902692373 -1.792764819 0.772906280
2.903399761 -1.790529049 0.764611816
2.905601556 -1.791929222 0.775334215
2.906105335 -1.788858152 0.766078806
2.912853057 -1.788092053 0.765411234
2.911000545 -1.792107320 0.778187132
2.898997123 -1.797967589 0.774332142
2.899684246 -1.803927339 0.769816732
2.902008112 -1.794370270 0.780228591
2.889086778 -1.788366890 0.769141054
2.888347919 -1.781328833 0.761936522
2.903582866 -1.808516896 0.769428468
2.885459716 -1.783241368 0.781006193
2.886123235 -1.786906577 0.788051701
2.885170515 -1.776598370 0.765473342
2.886619384 -1.780165828 0.775183535
2.910003479 -1.810658014 0.772313333
2.915074165 -1.809794581 0.775427437
2.917936618 -1.807396210 0.780327892
2.916977460 -1.785723842 0.738493299
2.917350586 -1.785995996 0.738639450
2.916568096 -1.785499430 0.738884425
2.915730054 -1.784885860 0.738583422
2.914203699 -1.784235394 0.738518810
2.914567287 -1.784391320 0.739191389
2.915194805 -1.784866071 0.740294790
2.912524755 -1.784872270 0.743821955
2.912022884 -1.786037779 0.747648096
2.911585624 -1.784582711 0.743501759
2.911608036 -1.785656608 0.748650289
2.910746868 -1.785357273 0.749365306
2.910701330 -1.784692681 0.743343329
2.913483675 -1.784172571 0.737408495
2.909605796 -1.784548378 0.742845869
2.909960802 -1.785139716 0.749988413
2.912582691 -1.785994268 0.754511333
2.902171190 -1.795004702 0.745599365
2.908412035 -1.786873079 0.735509253
2.905352171 -1.789303756 0.737891650
2.910908992 -1.785126365 0.734918213
2.909212406 -1.784419871 0.741869307
2.906805093 -1.785763061 0.751256561
2.904435690 -1.786708033 0.749949312
2.907256897 -1.784702158 0.741191244
2.904694135 -1.787196792 0.741325712
2.916976745 -1.800675607 0.738585806
2.919160659 -1.798704660 0.738338566
2.901825721 -1.790052092 0.749773121
2.920438583 -1.796154178 0.739998674
2.916818435 -1.804503358 0.747264242
2.919836814 -1.800594306 0.749043441
2.920847948 -1.797272838 0.751630640
2.977207716 -1.947545565 1.461250162
2.833262260 -1.821483112 0.742830133
2.833233173 -1.824192977 0.742831564
2.833729560 -1.823802388 0.745601153
2.833339031 -1.821221388 0.745533085
2.834600980 -1.816372013 0.749345398
2.834812458 -1.820102132 0.750172472
2.832120235 -1.813311315 0.749602890
2.831670101 -1.816916204 0.747127032
2.831965263 -1.818374491 0.743814325
2.818779047 -1.823223269 0.752560472
2.819719846 -1.819728053 0.754234648
2.819528158 -1.818685449 0.748913026
2.825908001 -1.815976596 0.750034428
2.825378950 -1.815986252 0.755494213
2.997996147 -1.971126414 1.370947933
2.961835439 -1.934934175 1.380272245
2.952418621 -1.913983500 1.379389620
2.980251129 -1.955468274 1.464335537
2.978669937 -1.954969025 1.444808578
2.966950710 -1.958532727 1.414739704
2.966960485 -1.951722360 1.388256645
2.995310123 -1.978678620 1.384587860
2.989368494 -1.979457653 1.420082664
2.996272857 -1.973434484 1.450556850
2.874504860 -1.818852222 0.869170284
2.874785717 -1.787941850 0.753909206
2.868309076 -1.782306588 0.761984444
2.866329725 -1.784437633 0.760145998
2.841240699 -1.827997244 0.755712605
2.846065099 -1.825223959 0.755782223
3.071740682 -1.849311865 1.296141958
2.964805658 -1.941104210 1.408801174
2.975406225 -1.938670075 1.437617636
2.975578125 -1.939998007 1.458688593
2.982049282 -1.938984669 1.496702528
2.981374080 -1.937846339 1.515211439
2.978951986 -1.936630226 1.533341503
2.977826412 -1.916110194 1.423651075
2.977346714 -1.917485214 1.449261761
2.981132085 -1.920738018 1.491823053
2.981486614 -1.918801642 1.507354832
2.980495031 -1.916658140 1.521642542
3.003102119 -1.970245040 1.537427759
3.000323827 -1.971481061 1.517937279
2.996862705 -1.972114063 1.497281885
2.916734750 -1.789332366 0.747877932
2.819567497 -1.819772756 0.759900784
2.824791248 -1.815786457 0.761142588
2.826962764 -1.813370204 0.761532164
2.830374773 -1.802582419 0.765587187
2.832509573 -1.799690640 0.766059017
2.838373716 -1.795818723 0.767549014
2.840918119 -1.794212914 0.767711973
2.848030622 -1.785468853 0.769827461
2.850829656 -1.783439255 0.770232058
2.857725198 -1.782620347 0.770786142
2.859999950 -1.782709396 0.771802521
2.865556057 -1.778767682 0.776733017
2.868840034 -1.776808417 0.776744580
2.875181253 -1.775827444 0.774198627
2.877632434 -1.775781548 0.773779011
3.069609220 -1.838913596 1.427453852
3.063713129 -1.836159385 1.429610825
3.059378202 -1.836557842 1.432885265
3.057334716 -1.835372961 1.435234404
3.056102808 -1.834668553 1.437991238
3.056310470 -1.833465553 1.440311527
3.057961280 -1.832316435 1.442780352
3.061392839 -1.830880797 1.445806122
3.066559846 -1.830264485 1.449313259
3.071033056 -1.831064499 1.452049112
3.076159532 -1.832371211 1.450337982
3.079063232 -1.833120978 1.449011898
3.080793913 -1.834516800 1.448361731
2.983068521 -1.857344604 1.344748592
3.004358347 -1.849519408 1.336255169
2.885918911 -1.778593398 0.769523716
2.888123567 -1.784149921 0.765071964
2.887278373 -1.788605488 0.762637115
2.880330379 -1.797278381 0.758583641
2.874343212 -1.800555325 0.758340335
2.863575275 -1.807387567 0.755930281
2.858587320 -1.811650312 0.753654575
2.842289741 -1.819070077 0.752383089
2.836355026 -1.823077715 0.752168989
2.823727424 -1.830926454 0.754013872
2.820015962 -1.827858842 0.755692816
2.883368547 -1.777340091 0.771518326
2.883511360 -1.776406622 0.769073582
2.879696424 -1.775886929 0.773936367
2.881136472 -1.774904764 0.769703484
3.067815597 -1.836512363 1.440025425
3.074105079 -1.836249030 1.439007139
3.064255769 -1.836402691 1.442089653
3.059389169 -1.841766990 1.443104839
3.057122285 -1.842229760 1.442467785
3.061095054 -1.835802293 1.439998722
3.059605415 -1.837511278 1.440940475
3.071338708 -1.832919217 1.440383530
3.067481811 -1.832696236 1.439778423
3.064013059 -1.833499825 1.439823246
3.080500419 -1.834388113 1.439594126
3.074871118 -1.832705117 1.440439796
3.078351076 -1.833579636 1.440004444
3.073629434 -1.834287262 1.434039211
3.068660314 -1.833098328 1.436519957
3.061925705 -1.833170331 1.439806080
3.060857351 -1.834165371 1.439743614
3.065085466 -1.833528495 1.438122368
3.062475259 -1.834071315 1.439449406
3.061094101 -1.834785140 1.439593172
3.067905004 -1.831147468 1.441600418
3.063861187 -1.832123673 1.440678692
3.071240480 -1.830947614 1.442274666
3.080846126 -1.832811988 1.442634916
3.075374658 -1.831212497 1.443205214
3.079000051 -1.832040763 1.443190193
3.016712005 -1.710692561 0.161220169
3.015555675 -1.712795175 0.153669810
3.017616565 -1.712769843 0.144986010
3.016390855 -1.723407066 0.142823076
3.012949760 -1.728390134 0.149649715
3.013554390 -1.731498576 0.158780551
3.062568958 -1.747084833 0.140243745
3.069739635 -1.719227231 0.145978189
3.062546070 -1.750038958 0.159989214
3.072376783 -1.725871659 0.166029310
3.025787408 -1.660851992 0.144003010
3.024257238 -1.660525299 0.149407482
3.089043672 -1.671951926 0.149004197
3.082642610 -1.687249458 0.150208569
3.025216873 -1.656399286 0.158217049
3.087861354 -1.692013896 0.170922375
3.018753345 -1.691395140 0.156074142
3.020049150 -1.691232181 0.148599482
3.020423706 -1.687912381 0.163777924
3.030737693 -1.659585214 0.165007567
3.013810690 -1.738077259 0.213689423
3.083021696 -1.710439480 0.177476859
3.019855793 -1.754476941 0.213564730
3.019594486 -1.757132447 0.193899369
3.014816578 -1.739611721 0.192930317
3.014443452 -1.736722446 0.170599079
3.017138059 -1.715860641 0.171260333
3.016735370 -1.718994356 0.190052128
3.073329980 -1.719557619 0.209778643
3.071734483 -1.736402727 0.208927727
3.068967636 -1.689734733 0.206223226
3.073269899 -1.699723161 0.209224916
3.024150665 -1.688386238 0.174270606
3.028035457 -1.697811938 0.192017174
3.053198154 -1.690864003 0.208033299
3.038492258 -1.698054707 0.205783701
3.016167457 -1.721492446 0.214795327
3.026872928 -1.704644061 0.211989975
3.013767536 -1.719694949 0.241392827
3.013282116 -1.722894168 0.266101098
3.013567741 -1.733411825 0.267529106
3.013898904 -1.733386314 0.240649438
3.019859846 -1.750693417 0.244689918
3.016089017 -1.751553452 0.268919921
3.039696987 -1.699408448 0.235787129
3.036739643 -1.699809468 0.265337801
3.019746835 -1.710455096 0.265728092
3.022707040 -1.707815743 0.240006661
3.054374988 -1.750102437 0.234554386
3.058633859 -1.754506207 0.267802691
3.067181404 -1.740623212 0.266593432
3.071028764 -1.724056101 0.264587140
3.070621307 -1.720904088 0.234080410
3.066091354 -1.741649962 0.234551644
3.049755390 -1.695728636 0.268442249
3.052478845 -1.694768644 0.235009050
3.069409664 -1.708604908 0.267017579
3.062460954 -1.698769427 0.268054104
3.065944011 -1.697054065 0.234008408
3.066914137 -1.708813703 0.234428978
3.032215650 -1.761141813 0.268767452
3.030487831 -1.764417208 0.238308525
3.070515926 -1.834766782 1.499415731
3.069354351 -1.834714330 1.499335384
3.070169504 -1.834899462 1.499100304
3.068620975 -1.834429539 1.499752140
3.069406803 -1.834524906 1.499810791
3.069888170 -1.833881474 1.499826765
3.068673427 -1.832193530 1.500415182
3.067683036 -1.833854831 1.500370359
3.067451770 -1.833657599 1.500520802
3.068043525 -1.835170186 1.499149895
3.069364364 -1.834895170 1.498914814
3.068998630 -1.835015333 1.498533344
3.069893415 -1.834554589 1.497947073
3.070571239 -1.834918237 1.498662090
3.069998081 -1.835022188 1.498697138
3.067211921 -1.835609055 1.499275541
3.068263824 -1.833997405 1.498313999
3.069133575 -1.833751357 1.497614479
3.064711149 -1.832128501 1.498387671
3.011355455 -1.858984864 1.351590967
3.029945190 -1.853443301 1.346004105
3.044805105 -1.853488183 1.341206169
3.054683263 -1.859399951 1.340838289
3.061146076 -1.863270855 1.337783194
3.065516288 -1.873785770 1.342162466
3.063238437 -1.868284619 1.339682674
3.032800014 -1.847996450 1.432204103
3.038070972 -1.840400374 1.438473558
3.045276697 -1.857772625 1.408174610
3.042990739 -1.843932307 1.422286129
3.035810526 -1.861078298 1.416031456
3.026314552 -1.866415179 1.423605776
2.990191753 -1.880320585 1.535709715
2.997914131 -1.868090308 1.524563646
2.999680097 -1.866764582 1.519283390
2.993004854 -1.884857929 1.471042013
2.989191110 -1.891545153 1.473260975
2.986354883 -1.896021164 1.477719164
2.983180578 -1.899213589 1.500730133
2.983083541 -1.899719036 1.511325455
2.994150694 -1.880242801 1.474688148
2.983451421 -1.902836061 1.474191523
2.983593996 -1.902275658 1.489744043
3.014423425 -1.865874803 1.436939573
3.026570375 -1.859133757 1.426959610
3.036960418 -1.850608445 1.420519686
3.015580232 -1.872363961 1.432265615
3.002563055 -1.878106749 1.443527555
3.002567823 -1.871198333 1.447806931
3.045729692 -1.825509704 1.483415699
3.042406614 -1.826386130 1.477716541
3.028866823 -1.833650923 1.473757124
3.032225425 -1.837195313 1.461029863
3.023504312 -1.840127683 1.466522074
3.069498832 -1.832042015 1.485971546
3.068435724 -1.832692957 1.487896776
3.067750747 -1.832698024 1.490056133
3.071673925 -1.831143713 1.484068251
3.068188245 -1.828936613 1.477752781
3.074586446 -1.830437696 1.481172895
3.078499849 -1.831255651 1.486855364
3.081125791 -1.828500903 1.480814075
3.073635633 -1.828605986 1.473403311
3.068507965 -1.833737111 1.495777702
3.069891508 -1.834562695 1.493693209
3.066092785 -1.835236347 1.499120092
3.067952211 -1.832793570 1.497011518
3.067498262 -1.832928276 1.498027658
3.071856077 -1.834583855 1.491211033
3.070900018 -1.833702600 1.489355659
3.074251707 -1.833321607 1.488693094
3.071853693 -1.833480096 1.488140678
3.085743959 -1.824158526 1.474553919
3.073823507 -1.829383767 1.477212524
3.079305704 -1.829393542 1.476926661
3.085718448 -1.826527453 1.485382414
3.081835802 -1.829117334 1.486291504
3.068779523 -1.828518904 1.474573469
3.081507261 -1.822533644 1.462821579
3.082794960 -1.822316027 1.459192371
3.079379375 -1.823401964 1.460109329
3.082390363 -1.829731322 1.490449524
3.085413988 -1.827692545 1.489803648
3.087304409 -1.828010059 1.508584833
3.088293130 -1.826688803 1.513446426
3.074292238 -1.845997548 1.586939907
3.082586582 -1.828614271 1.555484152
3.084956939 -1.823961473 1.522605276
3.084789569 -1.825178957 1.536308146
3.084548767 -1.824283219 1.513804531
3.083516653 -1.826194144 1.508965111
3.082832630 -1.828620410 1.505109406
3.083133752 -1.830854452 1.500091171
3.086113031 -1.830391026 1.502337551
3.082837875 -1.830394662 1.502712107
3.008329685 -1.854769922 1.521654940
3.032021101 -1.851820684 1.583183622
3.040941055 -1.829255498 1.559723234
3.045684631 -1.821922040 1.541316128
3.050581749 -1.820298767 1.529237127
3.057730253 -1.819762922 1.508837318
3.057595785 -1.821924603 1.507145023
3.058007534 -1.824504471 1.505657053
3.057958896 -1.825126267 1.503671026
3.057080324 -1.826843298 1.503989315
3.056828554 -1.830867744 1.505101299
3.057390506 -1.824185408 1.506909943
3.056827362 -1.818934060 1.511015272
3.055630024 -1.817901826 1.514397717
3.053729589 -1.818596936 1.519921637
3.036772783 -1.827061451 1.528380728
3.004249151 -1.859606302 1.529372549
3.024700935 -1.838294602 1.535321093
3.031184013 -1.831919289 1.539319611
3.025214489 -1.838825202 1.552241898
3.013915832 -1.857057965 1.572600222
2.995930011 -1.870676673 1.541146851
2.992516573 -1.876759267 1.543872213
3.018276031 -1.844288326 1.545071936
3.004579361 -1.861587382 1.561692572
2.998595770 -1.871640420 1.564947939
3.008123691 -1.868670380 1.579441166
2.983259494 -1.899493432 1.528683043
2.982697780 -1.901735163 1.521778917
2.982458170 -1.903968132 1.500860786
2.982492025 -1.903134740 1.513681269
2.987525756 -1.888716376 1.543401814
2.985716636 -1.893357969 1.540042019
2.989806469 -1.883014655 1.544789648
2.993780429 -1.880240119 1.565150118
3.001593645 -1.878951049 1.580873823
3.018011863 -1.880604124 1.598025179
3.025806244 -1.878123558 1.600655413
3.016098077 -1.895757711 1.602514839
3.043105657 -1.860971487 1.595560646
3.034397657 -1.862634099 1.593927240
3.025771196 -1.864877558 1.591487503
2.990397747 -1.888786948 1.564906931
2.994829710 -1.889766550 1.579053497
3.008558805 -1.895718789 1.597326612
2.987216528 -1.896252907 1.559772587
2.982386167 -1.906964100 1.541966534
2.981530244 -1.908273793 1.529607630
2.980351265 -1.914819098 1.535788631
2.979930456 -1.927991546 1.547157145
2.989912088 -1.950141168 1.557663298
2.995414074 -1.956751621 1.558710909
3.001098688 -1.961814082 1.558765507
2.985103662 -1.942123628 1.555175638
2.981609876 -1.934188700 1.551561689
3.006869609 -1.966697491 1.558513975
2.989236887 -1.898985720 1.573753929
2.982287462 -1.912905193 1.550495243
2.981365020 -1.914972997 1.494070387
3.032438095 -1.844361103 1.440753555
3.026795919 -1.847738898 1.444091654
3.025708253 -1.852137423 1.435486650
3.017084653 -1.852540291 1.449379063
3.015420730 -1.857959962 1.441269970
3.007224853 -1.857728815 1.462200260
3.012065704 -1.851238287 1.468259192
3.004540737 -1.864581859 1.454380608
3.008817966 -1.854566968 1.482836580
3.001572187 -1.864222443 1.478834724
3.007401044 -1.852771378 1.494961119
3.001440580 -1.861251986 1.494794226
2.997187193 -1.868332422 1.507743454
2.998455103 -1.871609486 1.468674755
2.997115905 -1.878122068 1.461813784
3.002681072 -1.859470821 1.504989719
3.086144264 -1.835999227 1.570068693
3.073025043 -1.833606279 1.573592043
3.064455564 -1.833377099 1.574348068
3.055105264 -1.834040857 1.574559069
3.045586879 -1.836644864 1.574302292
3.079993541 -1.834817863 1.572229719
3.036686237 -1.839712298 1.572997189
2.995444591 -1.871108687 1.530175781
3.019609506 -1.846861220 1.563805914
3.000001724 -1.864578820 1.536105490
3.011112745 -1.851618863 1.554462290
2.984228189 -1.896953142 1.535058594
2.984172876 -1.902842737 1.552011585
2.985281046 -1.908326781 1.564615345
2.984240587 -1.925837434 1.565946436
2.990736301 -1.919067479 1.581404066
2.999157722 -1.909071422 1.592164135
3.051537092 -1.860410548 1.597093916
3.058864172 -1.861394382 1.598373985
3.065584476 -1.862568772 1.598439312
3.071720178 -1.864057517 1.598023510
3.034155185 -1.877105689 1.603167391
3.042801912 -1.878305650 1.604983425
3.049309785 -1.879683829 1.605864143
3.055537517 -1.881537295 1.606214380
3.061411436 -1.883896923 1.606078959
3.023903425 -1.895491279 1.606415367
3.031765039 -1.895728445 1.609335518
3.038327987 -1.897430694 1.610866165
3.044645841 -1.899696088 1.611615753
3.050668056 -1.902308381 1.611813879
3.005145605 -1.911644316 1.598032570
3.011044080 -1.914022959 1.602943277
3.017149503 -1.916608608 1.606839752
3.023442323 -1.919490433 1.609622335
3.029141004 -1.922844506 1.611669397
3.034771021 -1.926213062 1.612690306
2.994985874 -1.923347867 1.587404823
2.999710138 -1.928041792 1.592207289
3.005035694 -1.932887948 1.595872021
3.010867889 -1.937672294 1.598357296
2.986923750 -1.930152631 1.571481323
2.990531499 -1.937972463 1.575027323
2.995610292 -1.944513238 1.577761507
3.001375253 -1.950214899 1.579346037
3.007283743 -1.954784012 1.580000019
3.013629491 -1.958995557 1.580323076
3.016380842 -1.942487574 1.599993801
3.022384222 -1.947122550 1.600682354
3.066794450 -1.857265091 1.324131346
3.047928388 -1.847678638 1.330020523
3.060358102 -1.853256381 1.326894379
3.024279411 -1.845090664 1.324121809
3.003286655 -1.844050086 1.330061293
2.880602415 -1.848650015 0.910697556
2.879489238 -1.838837719 0.912680006
2.873337562 -1.827573634 0.914896107
2.864778812 -1.821216023 0.915425038
2.847911651 -1.817960239 0.915928102
2.870097692 -1.834841645 0.842903233
2.872588213 -1.831175781 0.845075941
2.869135196 -1.835103190 0.849359250
2.871521051 -1.831231988 0.851911402
2.864518936 -1.874805844 0.904730773
2.851937111 -1.876036978 0.903488016
2.842467601 -1.873464740 0.904024696
2.837862308 -1.821523405 0.914204097
2.827827270 -1.831108725 0.911840415
2.870685155 -1.838371194 0.859903669
2.879359300 -1.858735598 0.909120417
2.875360544 -1.867255009 0.907646871
2.832930143 -1.871234095 0.905498123
2.826927955 -1.840525961 0.860610580
2.829461629 -1.861270047 0.908148026
2.822692688 -1.844895578 0.909053898
2.905808742 -1.796303785 0.739753819
2.911325271 -1.801232136 0.738595343
2.903301532 -1.793056465 0.741844749
2.907678421 -1.784915841 0.746385431
2.905399139 -1.785649813 0.745473838
2.902975376 -1.788531399 0.744338608
2.917034681 -1.803039229 0.742919898
2.919371183 -1.800120211 0.745216942
2.920743520 -1.798069215 0.746826625
2.916994150 -1.791075027 0.765780783
2.895030077 -1.793721772 0.797054863
2.866055305 -1.780807770 0.768895721
2.864357526 -1.780498004 0.775563812
2.864049490 -1.781102574 0.780662155
2.863954837 -1.782874918 0.766866064
2.862173612 -1.782241202 0.773773289
2.861561115 -1.783023811 0.779237127
2.860195930 -1.785423553 0.785083151
2.846926744 -1.788026250 0.764111018
2.845791633 -1.789061880 0.774809933
2.845845277 -1.788309729 0.769892788
2.845367963 -1.791618145 0.763861036
2.842699106 -1.792578912 0.773861027
2.843712385 -1.791638172 0.769050932
2.830204780 -1.806272006 0.758846855
2.829433973 -1.806109465 0.769907928
2.829667385 -1.806081093 0.765031195
2.829454477 -1.810289121 0.757836676
2.828183944 -1.810427225 0.768413401
2.828952606 -1.809890545 0.763704038
2.861789997 -1.762391961 0.679968810
2.859173591 -1.763130939 0.679507351
2.858876045 -1.763508952 0.679097986
2.862194355 -1.762538946 0.679610586
2.872966821 -1.783651209 0.798570013
2.863393123 -1.785842932 0.796180701
2.858431156 -1.788664258 0.793766475
2.846262271 -1.793654716 0.791082478
2.840366418 -1.797918415 0.788777447
2.821384246 -1.821022785 0.782014704
2.830774839 -1.807862616 0.784803247
2.827105100 -1.812655008 0.784353590
2.868860777 -1.771875418 0.683446503
2.860934074 -1.776457048 0.681294298
2.826059158 -1.830380237 0.741088247
2.826511438 -1.831034577 0.744870758
2.826833065 -1.831738031 0.748439169
2.827735479 -1.832363046 0.751504755
2.829343135 -1.833991981 0.756092763
2.875741775 -1.825574434 0.848265982
2.895220811 -1.821987486 0.827591038
2.860205705 -1.791364766 0.808352804
2.855629022 -1.793640709 0.806723571
2.844191606 -1.798980332 0.803992605
2.839014108 -1.802490449 0.802273250
2.824303682 -1.823286033 0.794792509
2.831325586 -1.810932255 0.798849440
2.828151519 -1.814935661 0.798226690
2.855935867 -1.797196484 0.819166994
2.851620491 -1.798718608 0.818747616
2.842052515 -1.803540683 0.816530561
2.837785537 -1.806709087 0.815869427
2.824631031 -1.825096286 0.808112240
2.831869896 -1.812596000 0.813083267
2.828455503 -1.816766179 0.811712122
2.844407852 -1.807261742 0.838229036
2.839416082 -1.809244490 0.832633710
2.836107786 -1.812745011 0.835147238
2.828045423 -1.828336752 0.820093250
2.832575376 -1.816072143 0.828035927
2.830581958 -1.820685244 0.830692387
2.847756202 -1.807216859 0.856689787
2.836599643 -1.812649405 0.853777027
2.826696451 -1.821647621 0.851809716
2.825789268 -1.834704912 0.848043060
2.846599872 -1.846486187 0.840422726
2.846899088 -1.852504588 0.855863428
3.072454984 -1.675308502 0.199524856
3.053713615 -1.671985186 0.197480059
3.083092029 -1.689724660 0.192373252
3.037122781 -1.684922612 0.193164206
3.056018407 -1.652090228 0.180506563
3.079704340 -1.652931250 0.185678816
3.090628202 -1.683078564 0.179089999
3.036932523 -1.668431318 0.177758074
3.037241991 -1.654847360 0.169106102
3.073063905 -1.731557525 0.186176872
3.060770328 -1.749432958 0.189280128
3.095403488 -1.674562848 0.161588764
3.098526533 -1.668280220 0.169024086
3.057699258 -1.641834891 0.174174881
3.082455928 -1.642152346 0.179805136
3.113972242 -1.646931088 0.139094090
3.097625311 -1.616299189 0.164463258
3.085187967 -1.612953401 0.164067125
3.102639730 -1.617807722 0.166942930
3.080687578 -1.611799634 0.162234282
3.070850666 -1.610704697 0.161555624
3.067139442 -1.610659874 0.159831619
3.056584652 -1.615276730 0.160761571
3.036073740 -1.624964750 0.158079720
3.035302694 -1.767227030 0.213710761
3.059642847 -1.753382302 0.212355232
3.038699920 -1.773961819 0.187458372
3.014157589 -1.756777382 0.168793178
3.039357002 -1.781999505 0.163248992
3.037890251 -1.776333666 0.141924953
3.012502964 -1.756403363 0.151427841
3.013695533 -1.750187910 0.142799830
3.105676706 -1.614016748 0.166485286
3.106919582 -1.608828938 0.167316294
3.118575866 -1.613787568 0.162131166
3.108264501 -1.601326681 0.166653609
3.122139747 -1.605751014 0.163158631
3.124417837 -1.598478055 0.163998342
3.110368307 -1.594393111 0.166690564
3.125312383 -1.590296483 0.163832283
3.111795480 -1.586155153 0.164182639
3.080339725 -1.607641375 0.160227513
3.073135669 -1.606950379 0.162002897
3.075733478 -1.598000265 0.163789725
3.082520778 -1.599608219 0.161888099
3.084559019 -1.595014847 0.163960791
3.077445324 -1.592703855 0.164076543
3.079483564 -1.585781968 0.162469244
3.086358602 -1.587135470 0.162435746
3.080305154 -1.580953217 0.160799956
3.087657983 -1.582592822 0.161361313
3.082234914 -1.576152838 0.158725357
3.088626440 -1.577280498 0.158058381
3.066348369 -1.607863820 0.158226585
3.058676059 -1.608836985 0.159273958
3.050183113 -1.615803516 0.158502078
3.040026720 -1.615999973 0.155891991
3.050789650 -1.610363579 0.156891918
3.043936784 -1.610365487 0.155247188
3.052034195 -1.604505515 0.153608418
3.044981296 -1.601150787 0.151774025
3.054098661 -1.598720825 0.153308129
3.046818788 -1.595701015 0.150595880
3.056308086 -1.593242979 0.152772522
3.049301441 -1.590134776 0.149194336
3.058110054 -1.589297331 0.151793933
3.050992544 -1.586977339 0.148590660
3.055489595 -1.611431277 0.157382703
3.052719171 -1.611870861 0.156145787
3.056112344 -1.609098173 0.152262425
3.053881939 -1.609377122 0.154093838
3.054699953 -1.603478527 0.150443888
3.056639011 -1.598364926 0.150978899
3.058674390 -1.593940354 0.150787330
3.034755762 -1.617389596 0.150763011
3.041082437 -1.609271443 0.149551010
3.043388183 -1.600139296 0.147528505
3.046024854 -1.594337023 0.147164917
3.048304136 -1.589638627 0.145526147
3.050720508 -1.584898091 0.144463634
3.067007597 -1.609711802 0.155797935
3.068054731 -1.606719470 0.154068804
3.068602617 -1.609601474 0.156507349
3.070136364 -1.606191075 0.155495977
3.072483356 -1.597283042 0.160487390
3.074616964 -1.591576255 0.159830427
3.076769645 -1.585008300 0.159056640
3.077996786 -1.580833292 0.157965636
3.082850988 -1.606972433 0.154783344
3.085032756 -1.598778403 0.156554794
3.086345489 -1.594774998 0.159507966
3.089027698 -1.587168968 0.158632851
3.090417202 -1.582490182 0.157769656
3.090866144 -1.577941513 0.156283236
3.085320528 -1.607552386 0.156696653
3.102658088 -1.609558976 0.161064363
3.102883155 -1.605220712 0.162405825
3.104390199 -1.599290705 0.161608672
3.104782875 -1.592540121 0.160082912
3.106005724 -1.587488747 0.159746146
3.122727211 -1.616221643 0.151095128
3.126895006 -1.607507146 0.151241040
3.129935320 -1.600809670 0.151843166
3.132185752 -1.593260622 0.152815914
3.116959627 -1.626982010 0.135923123
3.031361396 -1.624198473 0.152720308
3.033242042 -1.618873215 0.143468833
3.039280231 -1.609062767 0.143184161
3.043965871 -1.600027001 0.142600751
3.046899374 -1.593499101 0.141906953
3.049106176 -1.588672138 0.140994406
3.052413995 -1.584445274 0.139287806
3.029451902 -1.626420772 0.145576096
3.035107906 -1.619906044 0.139280653
3.041552122 -1.607382155 0.140235639
3.045576866 -1.599944091 0.139609909
3.049032505 -1.593935228 0.138041830
3.051756199 -1.589688754 0.137248731
3.055327709 -1.585513628 0.136531568
3.032008703 -1.627772308 0.137955523
3.052500541 -1.608282304 0.137736058
3.054537351 -1.601601696 0.139861679
3.057308490 -1.597580588 0.138717747
3.060230548 -1.594573832 0.137877560
3.062657650 -1.590411103 0.138101792
3.054518755 -1.606142319 0.141038513
3.055989559 -1.602647579 0.143223858
3.059145267 -1.597965873 0.143483973
3.061800773 -1.594367659 0.143361545
3.063703354 -1.590908504 0.142455196
3.063783939 -1.587192214 0.139223433
3.057943876 -1.583859837 0.137181497
3.083114202 -1.607532537 0.137249327
3.071744258 -1.608424461 0.135642028
3.082635458 -1.596507168 0.145400023
3.077095325 -1.595318175 0.144535518
3.079384620 -1.591006613 0.149114585
3.084094341 -1.590879298 0.150047874
3.079726989 -1.584533847 0.146600938
3.086575086 -1.586045957 0.146834946
3.080230768 -1.579519725 0.145567989
3.087722833 -1.581378258 0.146275973
3.081909711 -1.574420071 0.145945168
3.090412910 -1.574473060 0.146190023
3.084750946 -1.603815830 0.140779352
3.084290798 -1.596714056 0.147371268
3.085298593 -1.591517961 0.151699281
3.088382537 -1.586325801 0.150246477
3.090308483 -1.582300163 0.149344182
3.092352684 -1.575783945 0.148988700
3.074031885 -1.594754970 0.145835376
3.070618923 -1.603829062 0.140316701
3.076299245 -1.590381122 0.151028490
3.076693351 -1.584325350 0.149945235
3.077768619 -1.579084731 0.149810171
3.078673179 -1.574647046 0.150550938
3.068737800 -1.604666031 0.140244699
3.088927085 -1.609277225 0.136069512
3.098366077 -1.611153043 0.135369635
3.059773738 -1.582952297 0.138414359
3.118803794 -1.613556302 0.140227294
3.121463831 -1.606501258 0.141163206
3.124475296 -1.600125349 0.140954709
3.127425964 -1.590463496 0.143110967
3.128615911 -1.583819366 0.145195341
3.124582584 -1.589650309 0.163309908
3.112831171 -1.585795617 0.164019203
3.128694351 -1.586114443 0.163244939
3.112580831 -1.582402861 0.164083099
3.125811393 -1.585531152 0.165656304
3.123308475 -1.587704635 0.164938307
3.116102035 -1.585680223 0.166046715
3.115469749 -1.582500434 0.166181302
3.116217668 -1.578109718 0.166992760
3.113647039 -1.577886141 0.165001249
3.126191194 -1.580994702 0.166195607
3.129538114 -1.582170403 0.164398527
3.129022415 -1.586568034 0.163127518
3.130382831 -1.582373596 0.162986732
3.111120994 -1.582693673 0.163207746
3.112243707 -1.577981508 0.163279867
3.133108671 -1.587195731 0.153376794
3.133391912 -1.580313480 0.155212736
3.121568496 -1.615974939 0.144462442
3.124571855 -1.608686185 0.144881463
3.129012640 -1.600144244 0.145682549
3.130953605 -1.592085338 0.146961069
3.131297405 -1.585554994 0.149047709
3.086621816 -1.604929066 0.141108966
3.105248029 -1.611054635 0.136939263
3.107181127 -1.603706098 0.139699197
3.107983644 -1.597677029 0.142624235
3.108783538 -1.590703524 0.142450547
3.110541160 -1.582516945 0.143912172
3.112832601 -1.577072597 0.146054006
3.102352197 -1.612921274 0.164960957
3.100382621 -1.612911022 0.163519239
3.107842023 -1.581130004 0.159002280
3.103179033 -1.606173134 0.145976162
3.103912647 -1.602775073 0.148819661
3.107713516 -1.578338421 0.152768350
3.105667884 -1.584310866 0.150589442
3.104697521 -1.590882457 0.149770355
3.104134138 -1.598021126 0.150609469
3.109220798 -1.576843238 0.159334755
3.109280641 -1.575052297 0.155041909
3.115268047 -1.572463221 0.149095750
3.130036886 -1.578132010 0.148894644
3.132263239 -1.580625749 0.150755382
3.099818285 -1.610039390 0.158806896
3.100978668 -1.605836010 0.146603322
3.084937627 -1.603261805 0.144012785
3.055133636 -1.605889655 0.145557499
3.056133802 -1.602801478 0.146295404
3.057666833 -1.597804463 0.146863556
3.059486921 -1.593544758 0.146958208
3.061935480 -1.590069986 0.146417236
3.082459505 -1.610364890 0.158335781
3.084413583 -1.610836482 0.159556603
3.094765718 -1.637234664 0.176933622
3.101303394 -1.643871165 0.174776053
3.024184997 -1.645444847 0.148085093
3.027599390 -1.647662259 0.140494919
3.025587137 -1.642967499 0.155583835
3.107670601 -1.657351709 0.163191891
3.105655010 -1.660578108 0.149219608
3.098082597 -1.656038857 0.139443374
3.077981289 -1.628738141 0.172942495
3.067728098 -1.628294444 0.170895433
3.043476637 -1.634140408 0.164662576
3.050454671 -1.632644391 0.166169262
3.058481510 -1.630705095 0.168170786
3.038058097 -1.635845876 0.162814236
3.032885606 -1.642445958 0.161272264
3.085823591 -1.631198740 0.173778868
3.089125927 -1.646296657 0.180854535
3.096474464 -1.651769317 0.178347921
3.090887840 -1.660300351 0.183253860
3.084605987 -1.655886329 0.184987402
3.074220474 -1.639641083 0.178528643
3.066407259 -1.639020837 0.176710939
3.070815141 -1.651184595 0.184818840
3.064246233 -1.650673604 0.183299398
3.062413509 -1.664642072 0.193276501
3.068928058 -1.664785242 0.194323516
3.043258245 -1.648984111 0.170818782
3.050795610 -1.644334054 0.172235584
3.043377693 -1.660771287 0.178246117
3.050264413 -1.654376722 0.178823447
3.050019081 -1.667615271 0.190305805
3.044077690 -1.671110785 0.188346839
3.066430862 -1.621063686 0.166334128
3.077094133 -1.621133662 0.168256974
3.042189176 -1.624553597 0.161383247
3.049850996 -1.623171962 0.162002897
3.057586486 -1.622582651 0.164329147
3.032598550 -1.632346130 0.158057666
3.029023941 -1.633512354 0.153945541
3.088278110 -1.623542345 0.169595695
3.027164514 -1.635952211 0.146167135
3.029017027 -1.637202955 0.139527178
3.101291473 -1.606569028 0.139386153
3.117415245 -1.635635889 0.134662008
3.061523731 -1.584579981 0.147772527
3.062168653 -1.585441327 0.147267795
3.055133636 -1.581724322 0.143765068
3.055244501 -1.581914461 0.142061210
3.118577535 -1.574042297 0.168294525
3.116640861 -1.574067688 0.167137957
3.126484687 -1.577454901 0.167186117
3.128087576 -1.579363144 0.165345168
3.126843984 -1.576334632 0.167187309
3.128095205 -1.578199423 0.165813661
3.118881042 -1.573124564 0.168252563
3.116546924 -1.573488689 0.167028165
3.129005725 -1.578619516 0.164570785
3.130971010 -1.578117109 0.163078642
3.118969019 -1.571468330 0.166911101
3.127550418 -1.574941969 0.166189289
3.128850038 -1.573419845 0.164625978
3.118283804 -1.570293224 0.165843821
3.132654007 -1.576111591 0.155332184
3.130147274 -1.572986699 0.153691387
3.117003496 -1.567875928 0.157339668
3.115410860 -1.573426879 0.166045284
3.114569004 -1.573542273 0.164690351
3.111959035 -1.570933646 0.157299137
3.021381195 -1.714149213 0.141370988
3.023669775 -1.693415499 0.144001102
3.029289301 -1.661242044 0.139196730
3.045126731 -1.608277059 0.138075686
3.040190990 -1.619560874 0.135160065
3.048898990 -1.600885189 0.138976550
3.051690157 -1.594494558 0.136659241
3.054211433 -1.590909040 0.135378695
3.057736929 -1.587107516 0.135666823
3.059953029 -1.584593094 0.136427379
3.060809667 -1.584067798 0.138060188
3.032863195 -1.648770368 0.136615849
3.105625923 -1.629354096 0.129834628
3.110020454 -1.620136178 0.132223940
3.115158374 -1.610267437 0.137713289
3.117718752 -1.603637970 0.138870573
3.120029504 -1.597502029 0.138862586
3.122740800 -1.588994122 0.141015387
3.124580438 -1.581614888 0.144389486
3.127786453 -1.576509095 0.147866940
3.080057438 -1.576063490 0.157226896
3.070345934 -1.603581286 0.146443939
3.086007650 -1.603237546 0.144260263
3.087221677 -1.609408296 0.163912988
3.096042688 -1.612715698 0.161726928
3.109468992 -1.630284942 0.167287564
3.113977964 -1.623716629 0.162982559
3.118838842 -1.628686762 0.152248120
3.116245563 -1.637045241 0.155113077
3.113285596 -1.647141552 0.154298162
3.111305292 -1.644979453 0.162011123
3.117998417 -1.636169827 0.147251940
3.119767006 -1.627108968 0.144387937
3.121104057 -1.615197099 0.157193398
3.125310953 -1.606969035 0.158207989
3.128594215 -1.599697149 0.158678150
3.130485351 -1.593363560 0.158907866
3.131513174 -1.587087369 0.159940457
3.132347877 -1.581650234 0.159773803
3.132300432 -1.576616383 0.160047746
3.130574520 -1.572826362 0.160570717
3.118094738 -1.568093187 0.162629223
3.112072046 -1.571663535 0.160763717
3.113068159 -1.634858108 0.161893463
3.116703804 -1.626509107 0.157916403
3.108665044 -1.641534603 0.167634702
3.086045320 -1.680390513 0.188032722
3.086241062 -1.675654388 0.187772608
3.091998155 -1.665055430 0.182376242
3.098604972 -1.655627585 0.175677752
3.102983530 -1.648641324 0.171953535
3.092313821 -1.672344661 0.180335379
3.098829086 -1.662253893 0.172634220
3.104299362 -1.654603458 0.167382574
3.060696657 -1.589540816 0.149722672
3.064517553 -1.586966014 0.141830063
3.063547666 -1.585957325 0.144847012
3.063301141 -1.584960616 0.139502382
3.055952604 -1.582639969 0.139267659
3.063540990 -1.584061778 0.140983200
3.063215072 -1.583305633 0.142709351
3.062507684 -1.582733190 0.144200659
3.061845596 -1.582477546 0.145119762
3.057559307 -1.580975747 0.142763591
3.058035905 -1.581276215 0.141209340
3.058881815 -1.582070566 0.139494038
3.059231575 -1.585060752 0.149376249
3.054259117 -1.583509839 0.146462178
3.059986646 -1.584264613 0.148681617
3.055141027 -1.582071340 0.145225620
3.060568149 -1.582522428 0.147166705
3.056515033 -1.581209457 0.144811845
3.059517915 -1.581823862 0.146871185
3.057477291 -1.581213093 0.145739532
3.059660966 -1.583962298 0.148725724
3.059807355 -1.582837558 0.148144937
3.059511955 -1.582100010 0.147259331
3.057128008 -1.581153667 0.146075344
3.059222992 -1.584825373 0.149070835
3.054470594 -1.583586252 0.146637654
3.055120761 -1.582420981 0.145804858
3.055551822 -1.582003153 0.145759678
3.059119279 -1.583639896 0.148701882
3.059414680 -1.583151317 0.148429012
3.059215124 -1.582115209 0.147818542
3.057168777 -1.581255412 0.146408176
3.058792884 -1.584473408 0.149015999
3.054954822 -1.583102918 0.146639681
3.055158193 -1.582424558 0.146023607
3.056176241 -1.581734634 0.146364784
3.083638008 -1.572004772 0.155683970
3.083293970 -1.573325611 0.156361437
3.083314474 -1.574226833 0.156841493
3.088253553 -1.575309313 0.157234883
3.084498222 -1.571748501 0.155883050
3.088897760 -1.572962916 0.156395531
3.088911588 -1.573621011 0.156617260
3.088628824 -1.574456549 0.156948304
3.083384807 -1.571833945 0.155335045
3.082888897 -1.573467768 0.156141853
3.082748945 -1.574336744 0.157068586
3.088343437 -1.575763917 0.157149649
3.084339197 -1.571535951 0.155632949
3.089173133 -1.572838492 0.156141853
3.089639242 -1.573621369 0.156039572
3.089033659 -1.574775255 0.156745529
3.084324653 -1.571299291 0.155438042
3.089365776 -1.572587854 0.155892706
3.083077009 -1.571744866 0.154859877
3.089925344 -1.573017246 0.155576563
3.082162435 -1.574487365 0.157196736
3.089390333 -1.574964917 0.156540966
3.082534368 -1.574681676 0.157393670
3.088311727 -1.576246357 0.157255149
3.082860525 -1.570727414 0.153886652
3.082581813 -1.571406430 0.154359555
3.082904632 -1.571631796 0.154633141
3.090147312 -1.572809524 0.155263758
3.090394313 -1.572605378 0.154888606
3.090496118 -1.572009540 0.154270267
3.090185936 -1.570662803 0.152061200
3.080244119 -1.572658307 0.154051638
3.089149053 -1.570113993 0.150344586
3.091444309 -1.574142909 0.154039121
3.091406162 -1.572079337 0.151185727
3.084089334 -1.569090969 0.150812960
3.083049352 -1.569878823 0.149627066
3.080750282 -1.574254489 0.156247950
3.081652219 -1.574683881 0.157090878
3.090614851 -1.575409091 0.155621624
3.089702900 -1.575277305 0.156277871
3.091943796 -1.577812827 0.153859115
3.082426126 -1.569984472 0.152531958
3.080382879 -1.571496433 0.151757693
3.089697654 -1.571536041 0.148251867
3.078528936 -1.575907565 0.153921938
3.085086401 -1.597354687 0.151271081
3.086413915 -1.592685676 0.154141521
3.069512184 -1.604134357 0.146880960
3.055880840 -1.606339193 0.139500713
3.055518205 -1.606117821 0.146313763
3.088987644 -1.586655474 0.153887963
3.091065462 -1.582766033 0.154195285
3.077384527 -1.580379403 0.153574681
3.076396282 -1.585239506 0.154341435
3.074035461 -1.590116656 0.153161621
3.072690542 -1.595643318 0.150657272
3.087320860 -1.598973251 0.150149441
3.088030632 -1.595320738 0.153257704
3.090071972 -1.589645601 0.156069255
3.091339166 -1.583013571 0.154969788
3.104366834 -1.586217857 0.155239439
3.102745111 -1.592279947 0.156543946
3.100514228 -1.598471976 0.156430578
3.098903473 -1.602306819 0.154326177
3.092650468 -1.576209700 0.155367470
3.104766185 -1.570508248 0.147990441
3.094110544 -1.570300198 0.152192926
3.098217065 -1.567253983 0.154297805
3.106818254 -1.579902983 0.153969979
3.105797107 -1.573757029 0.156996703
3.106421287 -1.574082828 0.156466818
3.097311790 -1.571319318 0.157874441
3.095288570 -1.572332180 0.157701349
3.097364242 -1.569332040 0.148785925
3.099178846 -1.566953457 0.152299023
3.108021791 -1.572304404 0.150973296
3.107424076 -1.573259330 0.154913163
3.105102594 -1.568378038 0.152295685
3.093922432 -1.572207219 0.155830717
3.106027420 -1.569237954 0.153610206
3.105786617 -1.570800400 0.155632353
3.105495746 -1.571451849 0.156406975
3.104863699 -1.571600712 0.157075858
3.098726328 -1.569873459 0.157262301
3.098213012 -1.569593257 0.156666613
3.097595031 -1.569423712 0.156273699
3.104597385 -1.575904525 0.159128523
3.097297008 -1.572972364 0.159258938
3.105279977 -1.573770142 0.157307005
3.097667511 -1.571618772 0.158172703
3.104605491 -1.571625269 0.157293534
3.099035080 -1.570044673 0.157571769
3.103378589 -1.571004427 0.157782650
3.100039775 -1.569980270 0.157826400
3.104698475 -1.573657370 0.157665348
3.104246910 -1.571838504 0.157674408
3.103206451 -1.571129418 0.157923436
3.100180442 -1.570215798 0.157986975
3.104131277 -1.575202263 0.159137702
3.097675855 -1.572847492 0.159270978
3.098304803 -1.571766651 0.158457136
3.099278505 -1.570281035 0.157834387
3.104420478 -1.573597944 0.157908773
3.103648479 -1.571777052 0.158075547
3.102958019 -1.571269846 0.158104753
3.100205715 -1.570425517 0.158142662
3.103831823 -1.574790037 0.159148431
3.098048980 -1.572685904 0.159167504
3.098598535 -1.571845329 0.158604240
3.099598940 -1.570524967 0.158124781
3.093885000 -1.575267947 0.158625460
3.092561777 -1.576677359 0.151207900
3.091999586 -1.583157814 0.150266027
3.091875131 -1.590946174 0.151781178
3.090580995 -1.595932162 0.149644232
3.089366491 -1.599260486 0.145200229
3.106620128 -1.579581416 0.150615907
3.103616531 -1.585909939 0.151973462
3.101158674 -1.593298531 0.153794622
3.099072988 -1.598282731 0.152753091
3.098408039 -1.601393021 0.150307512
3.103631313 -1.578426040 0.146243906
3.095804508 -1.577008641 0.146011090
3.101753290 -1.585797525 0.149476147
3.094665105 -1.583822287 0.147978759
3.099395330 -1.592811203 0.151986694
3.093671377 -1.591212726 0.150679088
3.097727354 -1.597982979 0.150977588
3.092414911 -1.596390164 0.148954725
3.091728027 -1.599479950 0.145116663
3.097297008 -1.600990153 0.148048019
3.106161649 -1.579169727 0.157230353
3.104300792 -1.586007274 0.159245586
3.102899129 -1.590954340 0.160504675
3.100950058 -1.598362899 0.159229136
3.099173362 -1.603103018 0.158377028
3.092220361 -1.583284831 0.160921907
3.091245945 -1.588421560 0.161507463
3.087740953 -1.594945765 0.161935544
3.086106832 -1.600434876 0.162526345
3.104642685 -1.578079081 0.159687018
3.096111591 -1.574544764 0.159879541
3.103184993 -1.585247553 0.162571168
3.094012792 -1.582834101 0.163778996
3.101970489 -1.590785957 0.164534783
3.092787321 -1.588384366 0.166191316
3.091184671 -1.596033132 0.167019224
3.100207861 -1.598020232 0.164410686
3.097747619 -1.603535509 0.162771797
3.089102085 -1.602181054 0.166744447
3.059755619 -1.604491151 0.158172584
3.067038829 -1.604383326 0.157642221
3.069967086 -1.596717930 0.158994174
3.063369806 -1.594161666 0.158263183
3.064577396 -1.590714968 0.158269501
3.071857030 -1.592021501 0.159159994
3.066111381 -1.585224486 0.156228518
3.074125583 -1.586554087 0.156681275
3.068739469 -1.579825735 0.152537680
3.074419792 -1.582600689 0.153165674
3.057068641 -1.603101766 0.153355336
3.060387905 -1.593557811 0.155078030
3.061854656 -1.589009738 0.155129409
3.063284690 -1.585219419 0.153860903
3.069145019 -1.603386081 0.153917646
3.072005327 -1.595881975 0.154809451
3.072992857 -1.592477537 0.154998398
3.075059707 -1.587620414 0.152930474
3.076960380 -1.583266235 0.149651861
3.066463287 -1.602762795 0.139488673
3.061438139 -1.603233374 0.140780663
3.063875253 -1.594674921 0.145376539
3.069503362 -1.595771110 0.145091391
3.064356382 -1.589568055 0.142234421
3.070531185 -1.590770042 0.140756702
3.065282877 -1.586335040 0.141650534
3.071675594 -1.587815023 0.140050745
3.066556032 -1.582808948 0.141940928
3.073327835 -1.584287501 0.140326834
3.068842466 -1.601984418 0.142188048
3.070683773 -1.596646762 0.147187567
3.074201162 -1.592121756 0.144480205
3.075685318 -1.588738597 0.143208599
3.076677377 -1.584844685 0.142607784
3.059912975 -1.603230632 0.143921113
3.061969097 -1.594237841 0.147277331
3.062757785 -1.589631892 0.146228528
3.063431556 -1.585500276 0.145186162
3.064911897 -1.581724322 0.145218945
3.065415199 -1.580648637 0.150819635
3.070443447 -1.577002740 0.149786091
3.069294984 -1.577804423 0.150096393
3.069536502 -1.579164064 0.151891923
3.074312742 -1.581292665 0.152690625
3.070986087 -1.576763904 0.149224496
3.074270542 -1.577636099 0.149512625
3.075037534 -1.578089989 0.150444603
3.075633342 -1.579435087 0.150974727
3.069925125 -1.576954759 0.148971176
3.068797166 -1.578001893 0.150104022
3.069418247 -1.579417503 0.152048922
3.074351604 -1.581728971 0.152761793
3.070779140 -1.576641000 0.148877239
3.074694927 -1.577698446 0.149297094
3.075340326 -1.578313506 0.149540877
3.076102789 -1.579954064 0.150573230
3.070870454 -1.576502300 0.148439741
3.074738319 -1.577505029 0.148890591
3.069813783 -1.576717174 0.148161268
3.075674350 -1.578144050 0.148825622
3.067999656 -1.578255093 0.149855351
3.076258476 -1.580209887 0.150371647
3.069219406 -1.579577005 0.152210808
3.074305351 -1.582152403 0.152994132
3.067988689 -1.577747620 0.145920730
3.068520839 -1.577311314 0.147294974
3.069340999 -1.576873517 0.147746420
3.075672205 -1.577973044 0.148214436
3.075779731 -1.577952540 0.147228336
3.076083477 -1.578746474 0.145877337
3.075158889 -1.579244471 0.143809533
3.066560323 -1.578815735 0.147234654
3.074058111 -1.580195403 0.142174816
3.077467973 -1.580575741 0.146260953
3.076350267 -1.581085062 0.143061614
3.068553264 -1.579124844 0.142794585
3.067736204 -1.580430663 0.142234898
3.066777284 -1.578744448 0.148465133
3.067516620 -1.578469968 0.149561977
3.077158268 -1.580251372 0.148527479
3.076688106 -1.580399430 0.149814939
3.077728326 -1.583513594 0.146811819
3.067994650 -1.578402496 0.144293880
3.066448267 -1.579466677 0.145122027
3.073648985 -1.581849611 0.140994525
3.064665372 -1.581087625 0.147850609
3.070136364 -1.601854599 0.148036337
3.072377021 -1.596790350 0.150347686
3.073973711 -1.592813647 0.150530195
3.076387937 -1.588716662 0.148178911
3.062555368 -1.585668600 0.149953580
3.061263855 -1.590050137 0.150347805
3.060266550 -1.593930400 0.150271988
3.056944902 -1.603578365 0.149092531
3.066574390 -1.608842051 0.135531878
3.057642276 -1.609434104 0.135563707
2.971962507 -1.882043636 1.524505949
2.969856794 -1.886325217 1.516592360
2.966857011 -1.887861288 1.517402983
2.969494398 -1.882777727 1.527236080
2.983385618 -1.875514484 1.526154375
2.975589330 -1.879601336 1.527164555
2.974745329 -1.878975547 1.530574894
2.983723219 -1.874154604 1.527533627
2.987761076 -1.874035216 1.524690962
2.987156446 -1.872796512 1.523408508
2.976450260 -1.880506075 1.531859970
2.971604879 -1.885373092 1.528900242
2.987622793 -1.872920490 1.527863359
2.989598329 -1.871494151 1.523460245
2.967935855 -1.890339411 1.518240547
2.990129049 -1.876864291 1.490194416
2.993523653 -1.877176083 1.487634754
2.988143976 -1.877725339 1.494524574
2.984273965 -1.879230237 1.494768000
2.989133413 -1.871680832 1.517904377
2.988526876 -1.872950948 1.518516874
2.993178423 -1.875590599 1.492933607
2.988907869 -1.876755631 1.494700766
2.987874086 -1.876897848 1.491146183
2.985996778 -1.875001407 1.496449089
2.993178899 -1.874274528 1.500842190
2.984716232 -1.875556446 1.503445482
2.987429674 -1.875932014 1.506194210
2.987875993 -1.875729299 1.508271313
2.986551578 -1.875199116 1.511041737
2.988506134 -1.877108908 1.486926651
2.986897047 -1.877746439 1.489376879
2.985746915 -1.878663457 1.484523153
2.984672363 -1.879535771 1.487198687
2.982583339 -1.881898559 1.483476973
2.980579670 -1.885834909 1.485153055
2.981554086 -1.881656921 1.485632515
2.982282932 -1.881731129 1.491017437
2.980248268 -1.882955647 1.489965057
2.980116899 -1.884722984 1.486082172
2.977868135 -1.885889209 1.489011621
2.980380828 -1.889423705 1.488867378
2.975140627 -1.887306965 1.495675898
2.976910169 -1.885769761 1.497263527
2.974738414 -1.886804319 1.500585413
2.972629364 -1.888530350 1.499443626
2.970281656 -1.887193537 1.511751032
2.967843587 -1.888329721 1.511513805
2.969134386 -1.890891171 1.511262751
2.976022537 -1.890129841 1.494068480
2.973491247 -1.890959061 1.499443150
2.987573202 -1.875502146 1.511674976
2.994226272 -1.873095489 1.515142536
2.986565645 -1.888588405 1.534751034
2.983067091 -1.896745599 1.522680140
2.990959461 -1.888270176 1.470843410
2.983224924 -1.899224258 1.517695284
2.987543876 -1.878210879 1.507798529
2.984570081 -1.876962877 1.510805225
2.986891801 -1.877589202 1.511213636
2.984093959 -1.881414211 1.510662174
2.981725509 -1.880356825 1.510316229
2.985656793 -1.881259239 1.507823563
2.980640943 -1.881953156 1.509878731
2.983067091 -1.883291161 1.510305500
2.983969028 -1.883352197 1.506389475
2.975057180 -1.883024967 1.523510551
2.971108968 -1.885350740 1.516561604
2.978925760 -1.880474127 1.526294088
2.975015218 -1.885563231 1.504036522
2.971599395 -1.886460400 1.512044764
2.976076658 -1.880251801 1.518972254
2.973908718 -1.883345759 1.513913250
2.986397798 -1.877095080 1.520777082
2.979256685 -1.879233039 1.521653986
2.989652689 -1.874852932 1.521095133
2.976379449 -1.883860684 1.506286716
2.975021656 -1.884240723 1.510875797
2.972117956 -1.883902526 1.526027775
2.969861801 -1.887523568 1.517303562
2.976500328 -1.880738473 1.528522825
2.975256498 -1.887034810 1.502302504
2.978470857 -1.884132243 1.498267031
2.970582063 -1.888060606 1.511831141
2.989021595 -1.876058972 1.512631273
2.988114412 -1.878774381 1.512170410
2.977674539 -1.880467630 1.516496277
2.975827272 -1.883329666 1.512530422
2.983959491 -1.875945545 1.518095112
2.989897783 -1.873318768 1.518954134
2.977519806 -1.884738481 1.506185389
2.976227100 -1.884375608 1.510536289
2.987638528 -1.877346611 1.496079779
2.986881788 -1.878349102 1.503653383
2.988413627 -1.877336359 1.505870438
2.979051883 -1.881877697 1.515477991
2.984086092 -1.879038906 1.515772200
2.986942823 -1.877528763 1.515901899
2.980451400 -1.884215033 1.510058498
2.978676374 -1.884050346 1.509592390
2.980912025 -1.883951104 1.513052559
2.979751165 -1.885208822 1.510802603
2.980268772 -1.884835577 1.512158012
2.983485515 -1.883927620 1.511408424
2.983337219 -1.881800092 1.499106026
2.982337291 -1.885542548 1.504353142
2.983024175 -1.884354449 1.502194977
2.977538641 -1.886137522 1.491895771
2.979577596 -1.884114063 1.493413067
2.978554304 -1.888218320 1.490918016
2.983903225 -1.898285962 1.491309023
2.981641348 -1.882676161 1.494082069
2.983199174 -1.881544328 1.497480726
2.984540994 -1.887599445 1.525769567
2.988231952 -1.883212304 1.528251505
2.992003257 -1.874329961 1.525274372
2.994438942 -1.873397565 1.521459436
2.981221492 -1.891949153 1.515766716
2.994589384 -1.876070238 1.479809618
2.995626028 -1.871098972 1.488560057
2.992276485 -1.878907061 1.482952452
2.990980203 -1.881991840 1.481085873
2.989489610 -1.884990013 1.481583691
2.989036853 -1.888206816 1.486001110
2.986985500 -1.891734100 1.490213966
2.981485183 -1.892671740 1.511601782
2.981623943 -1.892936743 1.506591177
2.984845216 -1.891532934 1.495454168
2.988367851 -1.877907968 1.513899183
2.970652635 -1.883729971 1.522787189
2.967915113 -1.885264433 1.524533844
2.978924806 -1.877924955 1.527374363
2.978159483 -1.877045727 1.530259466
2.980657394 -1.878495849 1.531937933
2.969559486 -1.887998379 1.525871134
2.992706115 -1.875593877 1.533847904
2.985145147 -1.891825176 1.531818247
2.972836788 -1.883798695 1.520705318
2.974885280 -1.881298817 1.517637825
2.983195360 -1.879686451 1.521627760
2.970917995 -1.885551548 1.523576593
2.979604538 -1.878788209 1.528302526
2.976698692 -1.881454325 1.515423155
2.978195722 -1.882635034 1.514867401
2.990754659 -1.879941082 1.528116322
2.983384903 -1.889198757 1.523165798
2.971974666 -1.880648172 1.529524183
2.974178846 -1.882980502 1.530845022
2.973612840 -1.880682922 1.526308632
2.988130386 -1.884839213 1.536187029
2.983106907 -1.878631688 1.510586596
2.985800083 -1.880070722 1.510882235
2.986695821 -1.879691756 1.508143759
2.977344091 -1.882121122 1.525066471
2.977470453 -1.879380501 1.519948816
2.974294002 -1.881912566 1.527321196
2.986424263 -1.880871034 1.511941051
2.978977258 -1.879461205 1.517367220
2.985652502 -1.886307514 1.527906990
2.985149915 -1.882525897 1.511746502
2.995089347 -1.869291878 1.499377823
2.985544260 -1.880008257 1.496518707
2.991579349 -1.877080536 1.489242411
2.989930923 -1.875993288 1.493767357
2.989975031 -1.874959386 1.497942781
2.987861927 -1.875478006 1.509032345
2.988289650 -1.873520172 1.513191080
2.988694007 -1.874392367 1.514797544
2.989854629 -1.874911642 1.505292273
2.992618616 -1.874416685 1.509678221
2.991593416 -1.871498025 1.516319370
2.985847051 -1.877445078 1.508757210
2.983279998 -1.880457795 1.508171177
2.981493051 -1.882426477 1.507331467
2.974341209 -1.880568719 1.521540976
2.971742685 -1.884058512 1.515565252
2.985104854 -1.877745843 1.522879219
2.979399259 -1.878020382 1.524736738
2.975773628 -1.884424186 1.506212807
2.978224332 -1.882911659 1.500276423
2.972927625 -1.885114587 1.512252426
2.990303094 -1.873862064 1.514640188
2.979054029 -1.884981788 1.505956030
2.979310329 -1.882637835 1.501844978
2.973065193 -1.886301256 1.527791119
2.978790338 -1.881693459 1.531225777
2.989392812 -1.873889423 1.526692724
2.991497810 -1.871811784 1.522403812
2.969972665 -1.891822255 1.517219877
2.990140016 -1.878160155 1.485659695
2.988600786 -1.879689372 1.483758545
2.986151512 -1.882830298 1.483514881
2.984182413 -1.888099349 1.485850430
2.982127960 -1.888825333 1.488718128
2.970963295 -1.892198778 1.511836147
2.978162105 -1.890193797 1.494483089
2.975922639 -1.890893793 1.499858475
2.973080452 -1.881693042 1.519797659
2.982675846 -1.879341936 1.531094408
2.970883901 -1.889323509 1.524632072
2.984767492 -1.878755844 1.508743143
2.976234253 -1.879253066 1.522622442
2.975932415 -1.884151972 1.529865122
2.989772136 -1.873340583 1.511642551
2.987964685 -1.882426715 1.507674313
2.986657198 -1.883491671 1.506028509
2.989843900 -1.878622210 1.495942688
2.988835867 -1.879603005 1.503215408
2.990413482 -1.878583408 1.505477762
2.989790256 -1.879433132 1.507135963
2.985776241 -1.884482479 1.503830051
2.986848648 -1.883019007 1.500465727
2.986414726 -1.881898082 1.497590876
2.988725240 -1.881035960 1.508048391
2.989502485 -1.879409469 1.495804882
2.970182235 -1.885045386 1.519783831
2.967109497 -1.886820293 1.521136618
2.980471189 -1.877025223 1.527212238
2.980651434 -1.875498987 1.529683208
2.983425672 -1.876394427 1.531066036
2.968404825 -1.889365352 1.522299862
2.983771141 -1.894606448 1.527606821
2.971792514 -1.884312547 1.518635368
2.984067018 -1.876401401 1.526737070
2.973963077 -1.882265544 1.515971756
2.983107383 -1.879333175 1.519991016
2.970070417 -1.886745251 1.520660257
2.981384094 -1.877797044 1.528225994
2.976014192 -1.882270015 1.514376020
2.980446632 -1.878326095 1.518343544
2.977237280 -1.883699632 1.513279533
2.981919820 -1.880210138 1.516332006
2.981914098 -1.882643676 1.513986444
2.980089958 -1.881179369 1.516045666
2.992720897 -1.877068854 1.527007914
2.981721933 -1.890917397 1.520042276
2.983731325 -1.881196356 1.514475441
2.971987064 -1.883021987 1.517726994
2.987138565 -1.875813878 1.525086975
2.985483940 -1.877165890 1.530368423
2.970397766 -1.890833831 1.521202183
2.981042917 -1.888556874 1.491214848
2.977536495 -1.889715231 1.505329943
2.975201185 -1.890307284 1.511277294
2.979444320 -1.888885296 1.500492430
2.976297672 -1.886255658 1.524789906
2.980613763 -1.882426715 1.527529097
2.977894123 -1.884608961 1.526596880
2.987774904 -1.877781368 1.527187920
2.984130437 -1.879838145 1.528408146
2.974479253 -1.889000988 1.518823481
2.974930818 -1.888073779 1.521669245
2.974525268 -1.889781750 1.515481567
2.982174928 -1.888380444 1.495695925
2.979946907 -1.890951729 1.505626297
2.982630546 -1.891460395 1.500274992
2.979099090 -1.891429460 1.510282135
2.981244857 -1.889600492 1.501990891
2.980148370 -1.887655175 1.524394846
2.984315927 -1.883622742 1.527166462
2.981611545 -1.885826445 1.526190615
2.988809164 -1.879030741 1.526811695
2.986912782 -1.881065524 1.527358866
2.978226240 -1.890296972 1.518660402
2.978962953 -1.889231122 1.521759367
2.978568847 -1.891095734 1.514551497
3.019161756 -1.747562862 0.214099622
3.017286117 -1.750336266 0.195354438
3.017368848 -1.742235876 0.239220238
3.013191516 -1.743402994 0.267644978
3.042687948 -1.757045305 0.238259768
3.046674783 -1.769195891 0.185262060
3.044106538 -1.762388504 0.213007188
3.014164980 -1.749152518 0.170375562
3.049917038 -1.774155236 0.159148431
3.053028877 -1.765314854 0.140603399
3.011765773 -1.746107018 0.154116249
3.012491996 -1.740413225 0.145446157
3.043187912 -1.759913779 0.268136358
3.017763670 -1.757074154 0.268665648
3.023759420 -1.760678566 0.268610692
3.020297105 -1.756702161 0.242930984
3.025591905 -1.758861161 0.236947989
3.027451332 -1.769044316 0.211134529
3.030027683 -1.775833226 0.188372707
3.024637516 -1.778456366 0.166838145
3.023983295 -1.775450743 0.148332572
3.026017006 -1.764855004 0.137571430
3.104350860 -1.640347040 0.131087637
3.017913396 -1.744000411 0.139453745
3.015191133 -1.735202766 0.141403413
3.048757131 -1.755116856 0.134582376
3.057064827 -1.738529480 0.134658670
3.061559255 -1.709978319 0.141124582
3.063663538 -1.679632700 0.142526484
3.071924026 -1.660136736 0.141018844
3.038162763 -1.765028334 0.135177469
3.029504354 -1.754469490 0.135178423
3.047765310 -1.701008654 0.138763642
3.050530250 -1.673562265 0.138151741
3.059294756 -1.651439047 0.137226915
3.049843843 -1.730279482 0.134089804
3.045349653 -1.746874428 0.132805324
3.038068826 -1.754740811 0.133796072
3.067892368 -1.640952504 0.137254691
3.078699167 -1.631945348 0.135018921
3.039107378 -1.626431322 0.135774112
3.020234401 -1.725669778 0.139772511
3.056285436 -1.639522052 0.134111738
3.034287269 -1.637649513 0.135447359
3.049131448 -1.651384569 0.134278512
3.043184574 -1.667090094 0.135997391
3.036763008 -1.694725967 0.138727522
3.037297304 -1.723148382 0.135497427
3.034091766 -1.738142825 0.134147382
3.062045152 -1.627661980 0.133913612
2.854287918 -1.782482899 0.770300961
2.853879507 -1.784212268 0.776847219
2.854504640 -1.781435526 0.761914587
2.853722627 -1.787063158 0.783972120
2.855027254 -1.780352509 0.752734995
2.855443533 -1.778816736 0.747310138
2.858425911 -1.766372359 0.692479944
2.859107788 -1.766963756 0.690369225
2.859847362 -1.763871944 0.683830357
2.860076006 -1.762722648 0.681394196
2.860488708 -1.762578643 0.679913259
2.860664184 -1.762715316 0.679524755
2.860714014 -1.762932694 0.678975677
2.861016567 -1.763307190 0.678492284
2.860950286 -1.763713336 0.678079104
2.859659011 -1.765075839 0.686191535
2.865060146 -1.797079659 0.748158431
2.866830404 -1.800116337 0.753156281
2.864521797 -1.795016385 0.742328262
2.864932354 -1.793704188 0.735408163
2.869091804 -1.804061509 0.757313585
2.869922931 -1.807209170 0.763302779
2.853277977 -1.790335691 0.792987919
2.849450643 -1.795710004 0.805809593
2.846622284 -1.800455547 0.817178106
2.842324550 -1.807103789 0.833176470
2.861001308 -1.764652765 0.677420235
2.861640031 -1.766191698 0.676888800
2.862813051 -1.768423593 0.676723814
2.863435562 -1.771289266 0.677601671
2.864770944 -1.791030443 0.726867771
2.866370971 -1.787387050 0.713261938
2.865211065 -1.781102455 0.699880219
2.865944440 -1.778783834 0.690623140
2.866119201 -1.776548422 0.685319281
2.865235384 -1.774076736 0.682558274
2.858387287 -1.766747868 0.696482754
2.858334835 -1.768261826 0.703119373
2.858422096 -1.770197070 0.709803557
2.857987697 -1.772717750 0.717709160
2.857092674 -1.774130559 0.724372959
2.855992372 -1.774313128 0.731127477
2.855586107 -1.775731957 0.736300564
2.855235393 -1.777333296 0.741865611
2.835335548 -1.799687720 0.778493738
2.835430915 -1.797801233 0.772862530
2.834546621 -1.802562213 0.786742067
2.834594781 -1.806725419 0.799972034
2.835027034 -1.809114135 0.814448929
2.834707792 -1.813355005 0.829496598
2.823181446 -1.815688646 0.772656298
2.822622593 -1.816725648 0.766229010
2.823763425 -1.816218472 0.783365464
2.825707014 -1.818924344 0.796158648
2.826084907 -1.820455945 0.809216952
2.828601892 -1.823107338 0.822263813
2.871753748 -1.775897897 0.775214529
2.870345409 -1.777109003 0.780860758
2.868712003 -1.779272831 0.786051846
2.867674883 -1.784010864 0.798054075
2.859587009 -1.796084798 0.820564365
2.864030655 -1.789668715 0.809213972
2.894172723 -1.827279783 0.790380573
2.891541774 -1.833087957 0.798276997
2.884586389 -1.838071561 0.809239602
2.880707557 -1.814540482 0.784307098
2.880046423 -1.828062690 0.793050504
2.881003912 -1.804691172 0.772688484
2.850112255 -1.803663350 0.834068155
2.853582199 -1.802593387 0.834357834
2.878642852 -1.837285674 0.806252098
2.858021076 -1.816819048 0.769890523
2.846843536 -1.826983607 0.767570472
2.841403301 -1.832864261 0.765645599
2.830298717 -1.836479581 0.762084579
2.863117511 -1.812459088 0.771013594
2.869938905 -1.809831238 0.771920538
2.874753292 -1.808551228 0.771640396
2.874918754 -1.825716591 0.792764997
2.872699077 -1.813611484 0.784195995
2.864429052 -1.821335709 0.792719460
2.868978078 -1.812869168 0.782560205
2.860225017 -1.823789394 0.792656517
2.861516769 -1.815865970 0.782135820
2.855766828 -1.827614463 0.791595435
2.856388147 -1.819746054 0.782402372
2.832712705 -1.843285358 0.781921721
2.831248100 -1.840081370 0.770585036
2.840419824 -1.835555530 0.774607992
2.843279417 -1.839937604 0.785806632
2.846850450 -1.829665101 0.778627372
2.848527248 -1.835899330 0.788914061
2.852392013 -1.805454767 0.847079849
2.840056236 -1.809948600 0.845114565
2.831873949 -1.816468037 0.843534088
2.827846105 -1.827711678 0.839683390
2.884462411 -1.828546501 0.833123541
2.878300006 -1.835951364 0.827849960
2.882359083 -1.832006729 0.830885744
2.885394628 -1.824157572 0.835744715
2.832924898 -1.840252436 0.834876513
2.839512403 -1.844521261 0.833504772
2.845176990 -1.845398224 0.834569073
2.867042596 -1.840369380 0.825335598
2.867471035 -1.839527166 0.813401318
2.864112909 -1.805953181 0.845491743
2.875062759 -1.813386655 0.853704309
2.877374704 -1.819654441 0.851105666
2.884941633 -1.809954977 0.831796741
2.876742656 -1.806213475 0.834323263
2.883343036 -1.819171942 0.838806367
2.879370267 -1.814293659 0.841434574
2.872551735 -1.809009171 0.844021177
2.973996217 -1.902343607 1.372847414
2.969024952 -1.922969139 1.402226067
2.961292560 -1.873775161 1.357586241
2.862519558 -1.809549308 0.873111343
2.975133236 -1.923901415 1.429316378
2.975478466 -1.925670362 1.452612257
2.981320198 -1.927166856 1.492448425
2.981431539 -1.924985505 1.509702539
2.979284341 -1.923213518 1.525933361
3.042802389 -1.823443032 1.529410696
3.046404655 -1.820417679 1.520740366
3.049102361 -1.818775034 1.514746284
3.051115091 -1.819328404 1.510990000
3.052650983 -1.819740689 1.508332825
3.053308065 -1.821836567 1.506797409
3.053821619 -1.824258960 1.505995846
3.054478223 -1.824047482 1.504834032
3.055439050 -1.824380970 1.503005362
3.054665620 -1.826096094 1.503597593
3.053781326 -1.830598152 1.504986382
3.037745292 -1.825967646 1.541191673
3.032802160 -1.833411372 1.557245588
3.023234422 -1.854335583 1.579200363
3.009308155 -1.881008840 1.591432428
3.016929681 -1.866789675 1.586566067
3.001000459 -1.893840647 1.589776611
2.979586656 -1.921526885 1.541906929
3.028288181 -1.843193210 1.569500780
2.982800539 -1.919199324 1.558576679
2.987153585 -1.913824296 1.573731995
2.993470962 -1.905011332 1.584175920
2.856449897 -1.818224347 0.916365242
2.867552812 -1.808508432 0.856523371
2.873956020 -1.775557733 0.768483257
2.876086767 -1.772883153 0.760423517
2.868444975 -1.783664024 0.729240990
2.869348819 -1.783687389 0.726007795
2.835475500 -1.797080911 0.767032957
2.835807378 -1.796722448 0.759726858
2.836049612 -1.795874513 0.752824879
2.852506931 -1.820176816 0.758538222
2.848991211 -1.816193557 0.752346492
2.847013290 -1.813391066 0.749449706
2.853331382 -1.821727312 0.768573856
2.851810510 -1.824820972 0.781797028
2.852887447 -1.830824471 0.790484524
2.865443046 -1.837364591 0.809140897
2.874209221 -1.835561431 0.804020977
2.862460907 -1.832743860 0.804138160
2.862262542 -1.829702711 0.801236248
2.840078170 -1.849493122 0.799825525
2.848471935 -1.843388772 0.795003629
2.851689632 -1.839292145 0.794882631
2.856237466 -1.834738648 0.797419524
2.856439407 -1.830468214 0.794788218
2.861047561 -1.827036596 0.797589397
2.849488552 -1.849036968 0.817671156
2.854860361 -1.844579077 0.806232190
2.855593975 -1.841426766 0.803062534
2.858139331 -1.835741675 0.801598883
2.864258344 -1.839771188 0.840121841
2.852763231 -1.844501114 0.836220837
2.863422449 -1.840468145 0.845800376
2.854702289 -1.844978130 0.842462635
2.865719612 -1.844146228 0.858778930
2.855791862 -1.850393331 0.855946517
2.893057163 -1.769891358 0.735986090
2.892012651 -1.769999838 0.738798594
2.877746399 -1.770333147 0.751828766
2.879095371 -1.768278277 0.745521879
2.880007084 -1.766130245 0.739703274
2.881160553 -1.764310694 0.733740902
2.882079656 -1.763032055 0.728780365
2.883405740 -1.761586285 0.723426318
2.884090240 -1.760443426 0.719487524
2.885442789 -1.757975793 0.713777399
2.891685302 -1.761873520 0.693876839
2.892856891 -1.767656780 0.700419044
2.892756279 -1.770132518 0.706489182
2.891398008 -1.773309446 0.715655661
2.891444023 -1.777103460 0.725515938
2.889094169 -1.780673242 0.736265755
2.890439327 -1.759075559 0.693049288
2.888889129 -1.756466425 0.693619108
2.888299520 -1.754902757 0.695340371
2.888196523 -1.754797912 0.696581578
2.887700374 -1.783931590 0.744238234
2.886021431 -1.785319484 0.750034428
2.887691314 -1.755035496 0.702379799
2.887983377 -1.754166401 0.697730398
2.888164814 -1.754110372 0.698375320
2.887970741 -1.754201866 0.698649025
2.887925918 -1.754254496 0.698966360
2.887946422 -1.754303670 0.699378943
2.887967403 -1.754359520 0.699894524
2.887873466 -1.754648722 0.701016283
2.886842783 -1.756865776 0.706683135
2.886371667 -1.757002986 0.708622551
2.876692112 -1.771857715 0.757214642
2.888101871 -1.763330734 0.694019175
2.895264204 -1.761289633 0.695328331
2.890295084 -1.754126943 0.698831654
2.885716970 -1.755144394 0.698330021
2.885566290 -1.755276657 0.698626137
2.890477474 -1.754228092 0.699244595
2.897110756 -1.759976840 0.702584124
2.891677673 -1.771877921 0.741754746
2.890495117 -1.774242020 0.748116827
2.889324482 -1.776669360 0.753827071
2.894440229 -1.768620348 0.728267288
2.895722206 -1.766414738 0.720207906
2.896117742 -1.764741338 0.718597269
2.896949108 -1.762899197 0.709590650
2.895945842 -1.765146590 0.715426660
2.884538944 -1.763553298 0.734301662
2.878151949 -1.766223824 0.732859945
2.894302662 -1.760053790 0.715804672
2.893558557 -1.761262393 0.719891882
2.892772491 -1.762464202 0.723763084
2.887213285 -1.773600495 0.755356884
2.888105209 -1.771540499 0.749803042
2.889007146 -1.769465840 0.744202709
2.880349214 -1.771793640 0.715163565
2.878668602 -1.768595553 0.715871191
2.881055410 -1.770819164 0.712195492
2.879126842 -1.766834534 0.711051440
2.880213792 -1.773447311 0.717629528
2.877847488 -1.770541764 0.719996548
2.875787075 -1.781901753 0.738906479
2.872886713 -1.778257287 0.741891599
2.875497635 -1.784858263 0.745411611
2.872221525 -1.780162549 0.748168802
2.881242092 -1.769071019 0.706189013
2.882340963 -1.764769769 0.698001003
2.875980909 -1.780266977 0.735841846
2.875268276 -1.786389029 0.750377989
2.876815612 -1.778988636 0.731425858
2.878760154 -1.776613152 0.724441743
2.884936388 -1.755741036 0.698898292
2.891140277 -1.754356718 0.699584699
2.885532196 -1.755247987 0.697917318
2.890689666 -1.754126525 0.698620176
2.891159113 -1.754207588 0.698312855
2.885327633 -1.755423820 0.697489834
2.884635503 -1.756005800 0.699181890
2.891576822 -1.754593051 0.699781752
2.890657241 -1.764485097 0.729570961
2.876623924 -1.772907412 0.725741601
2.884038026 -1.757876194 0.705149746
2.890065010 -1.756652153 0.706597185
2.884243543 -1.756615258 0.700019932
2.884075458 -1.756990707 0.701304173
2.891861255 -1.755719936 0.702849960
2.891886289 -1.755114353 0.700942731
2.892111833 -1.754736936 0.697467780
2.884476478 -1.756458497 0.696951723
2.893150861 -1.756651557 0.702928162
2.883573349 -1.757680154 0.700338697
2.892102058 -1.757239020 0.708050823
2.883731659 -1.779076553 0.723680234
2.894413765 -1.772417701 0.727048492
2.885952766 -1.768091119 0.745384431
2.882844026 -1.767732895 0.745733833
2.883729513 -1.765356577 0.740479565
2.884149845 -1.771961487 0.756395674
2.871996219 -1.781548715 0.752731180
2.871705587 -1.776116288 0.755125856
2.874252136 -1.775853551 0.736419892
2.875188406 -1.774438060 0.731713152
2.875881965 -1.770582772 0.732029176
2.874625499 -1.772291935 0.737310386
2.886895473 -1.763740576 0.735345697
2.889557178 -1.765100515 0.735527849
2.889264877 -1.767357088 0.739985323
2.886217887 -1.765713549 0.740655398
2.879644449 -1.764733470 0.706407881
2.882180746 -1.761384404 0.696953154
2.882074173 -1.758816040 0.700430846
2.885355527 -1.758672452 0.693762159
2.884444292 -1.756929076 0.696027851
2.895721252 -1.759655512 0.710219479
2.893304641 -1.757732606 0.709335661
2.894398744 -1.756222225 0.696660018
2.895863826 -1.758257604 0.703094935
2.894026334 -1.757489062 0.702847099
2.892904575 -1.755056239 0.697149611
2.895193393 -1.758273399 0.696053123
2.897045190 -1.763906217 0.701388097
2.886194761 -1.767546809 0.698328829
2.886731680 -1.760903454 0.693113661
2.895318086 -1.768630004 0.717341638
2.896653946 -1.765543139 0.708731747
2.885259206 -1.773884154 0.714147186
2.886106069 -1.771281696 0.706085777
2.892599638 -1.774832940 0.737119532
2.890928800 -1.778155363 0.745892382
2.881055172 -1.786843753 0.743814802
2.881933982 -1.784015453 0.735725260
2.889068658 -1.780717886 0.751766181
2.880524452 -1.787531174 0.749434566
2.879712875 -1.762277997 0.711716032
2.881553943 -1.759952999 0.712528086
2.891659792 -1.758355892 0.714865899
2.890749748 -1.760040319 0.720311260
2.889351900 -1.757834232 0.714398122
2.889761741 -1.761048532 0.724136686
2.888063247 -1.762300349 0.729792452
2.885824020 -1.762374378 0.729393220
2.887780006 -1.759928024 0.720278239
2.887204464 -1.761002636 0.724210238
2.879139478 -1.765145874 0.728232360
2.876992757 -1.768817699 0.726573563
2.880805070 -1.762040592 0.718732572
2.880127246 -1.763241923 0.722869015
2.877916868 -1.766697801 0.721187925
2.879035289 -1.764230824 0.717056847
2.880553062 -1.760633564 0.706574297
2.882302816 -1.758217192 0.706691122
2.877143676 -1.768031574 0.738725281
2.873486335 -1.774019039 0.743196821
2.876290615 -1.769828356 0.744414663
2.872525508 -1.775180316 0.749789333
2.873909528 -1.773302293 0.756307936
2.875001962 -1.771894253 0.750873184
2.880715425 -1.771448470 0.756818986
2.884988124 -1.770061529 0.750894642
2.881655033 -1.769736267 0.751485205
2.849513824 -1.797299004 0.728838897
2.848679359 -1.796343601 0.731755590
2.836828287 -1.793652988 0.741719818
2.836544092 -1.792751706 0.736021733
2.836833055 -1.792161620 0.731246805
2.837239082 -1.791833556 0.725649571
2.837556179 -1.790441311 0.720078683
2.837653930 -1.788751758 0.713160491
2.837627943 -1.786974705 0.706657624
2.838161523 -1.786078608 0.701442575
2.843122537 -1.790378726 0.684270954
2.844248111 -1.792933083 0.686345196
2.845006521 -1.796737767 0.692298508
2.844595964 -1.800387538 0.703864431
2.844838674 -1.804671324 0.715828276
2.844620760 -1.808400667 0.726618862
2.841930206 -1.787876881 0.683174944
2.841066177 -1.785779155 0.682683682
2.839855487 -1.783825255 0.683622932
2.839451130 -1.783116496 0.684283352
2.844098623 -1.809189833 0.734971976
2.844396885 -1.810894406 0.739798403
2.837968881 -1.783288634 0.691855526
2.838964994 -1.782760477 0.685016370
2.838275964 -1.782141662 0.686386442
2.838176305 -1.782071448 0.686928844
2.838095720 -1.782112337 0.687190390
2.837958629 -1.782212115 0.687589383
2.837873514 -1.782347298 0.688041306
2.837832506 -1.782559967 0.689413166
2.837889488 -1.785253203 0.696230507
2.837966974 -1.785431242 0.697222328
2.836690242 -1.794460273 0.745941734
2.838684614 -1.792331612 0.684744215
2.846372421 -1.788389421 0.685916162
2.839620884 -1.781358993 0.687265015
2.836919601 -1.783334589 0.686532474
2.836847599 -1.783365703 0.686851120
2.839596565 -1.781376636 0.687581754
2.847525652 -1.786886132 0.689094877
2.849331434 -1.798795319 0.732840514
2.848175819 -1.799865222 0.739036655
2.848612602 -1.801512456 0.743941879
2.849177177 -1.794777191 0.719799614
2.848321254 -1.792526102 0.709011769
2.847649868 -1.790514267 0.707115388
2.848384674 -1.788236416 0.694501734
2.848653610 -1.790987826 0.703956938
2.842323358 -1.790055967 0.726118422
2.833982523 -1.795008576 0.725028849
2.846963222 -1.787041164 0.702353930
2.846593673 -1.788279391 0.707252598
2.846860464 -1.790030516 0.712211943
2.847496564 -1.798687911 0.745991802
2.847121532 -1.797274566 0.740500069
2.847032125 -1.796369410 0.736256695
2.834371860 -1.798592008 0.704544640
2.832831915 -1.796054459 0.705295539
2.834920461 -1.798002220 0.701143122
2.832686956 -1.795098520 0.701047397
2.835408027 -1.800128854 0.706951714
2.833062942 -1.797985649 0.710182285
2.833966787 -1.807741917 0.731169796
2.831850345 -1.803645349 0.732515907
2.833757217 -1.808596945 0.736299133
2.832006033 -1.805463767 0.737426615
2.835447605 -1.794487155 0.691835976
2.836049612 -1.792067504 0.686857319
2.833288486 -1.805701650 0.728865480
2.833755071 -1.809835828 0.739679909
2.833869512 -1.805759466 0.726398325
2.834472711 -1.803216315 0.717806435
2.836197908 -1.784026242 0.686917758
2.840557869 -1.780984080 0.688103175
2.836614902 -1.783726967 0.686049795
2.839890773 -1.781311787 0.686867452
2.841645296 -1.781418062 0.687144017
2.835990484 -1.784828461 0.685994005
2.835932310 -1.784604645 0.687057352
2.840991552 -1.781012512 0.688478327
2.847954805 -1.792636669 0.720607376
2.832551296 -1.799923933 0.718762255
2.835333402 -1.787750459 0.694505548
2.842002208 -1.783599651 0.696043348
2.835669096 -1.785118020 0.687533951
2.835063036 -1.786696768 0.690475440
2.841967638 -1.781957543 0.691952085
2.841578539 -1.781048394 0.688880658
2.842396553 -1.781338966 0.687121725
2.835513170 -1.785720086 0.686129189
2.843458231 -1.782085514 0.691713905
2.834905679 -1.787964440 0.690085864
2.842558916 -1.783288575 0.696638083
2.837736423 -1.804256356 0.716679192
2.849546964 -1.798147059 0.718411541
2.844688232 -1.793874360 0.736507630
2.841599519 -1.792348957 0.736281729
2.841790254 -1.791373051 0.731860018
2.844821270 -1.795879460 0.746154404
2.831955011 -1.806672371 0.740920997
2.831188495 -1.801606691 0.742771125
2.832061823 -1.802626706 0.728784895
2.832105215 -1.800700224 0.725130892
2.832331951 -1.798958218 0.724486327
2.831699903 -1.799664593 0.729164577
2.845637853 -1.791448212 0.726683712
2.848311956 -1.793967700 0.727293587
2.847415264 -1.795081890 0.732029772
2.844983633 -1.792677260 0.731723642
2.834298189 -1.791999138 0.692067480
2.835062559 -1.789624608 0.687062716
2.834708984 -1.788561619 0.688464499
2.836327608 -1.788253582 0.684382653
2.835701521 -1.786990500 0.685484743
2.846896227 -1.785615242 0.695510960
2.845963533 -1.783120549 0.696035480
2.844256456 -1.783767379 0.685050941
2.846448953 -1.783928669 0.690662956
2.845020588 -1.782348252 0.691391325
2.843216713 -1.781777478 0.686191535
2.845476444 -1.785871005 0.685122585
2.847383316 -1.790092862 0.688019848
2.838956173 -1.794219530 0.686648464
2.837333496 -1.790230430 0.684085464
2.848415430 -1.794172919 0.705180025
2.848794515 -1.792259968 0.693703747
2.837838466 -1.800664223 0.703521824
2.838894184 -1.797090924 0.691458321
2.849488790 -1.802073157 0.729415870
2.848434026 -1.802606321 0.737547255
2.838133628 -1.809848762 0.734899616
2.838392074 -1.808268822 0.727984047
2.848168905 -1.805317617 0.741768336
2.838830526 -1.811588920 0.739337063
2.832845743 -1.792353428 0.700648403
2.834476764 -1.789193547 0.701056695
2.845027263 -1.785244561 0.701886272
2.845146473 -1.786998964 0.707387304
2.842200811 -1.784508920 0.701904511
2.845282371 -1.788386739 0.713048792
2.845460231 -1.790025390 0.720856047
2.842157419 -1.788728512 0.720774508
2.842003639 -1.785578883 0.707613683
2.841845567 -1.787009275 0.713556981
2.834031398 -1.793908632 0.719322896
2.832388218 -1.797760821 0.718985891
2.834379251 -1.790346837 0.706173277
2.834227855 -1.791933930 0.712277269
2.832429702 -1.795621848 0.711586571
2.832753952 -1.793598986 0.705736613
2.833344991 -1.789802766 0.692667818
2.834602411 -1.788827575 0.694690323
2.833184059 -1.795311845 0.730172968
2.831258352 -1.799986637 0.733807182
2.832749899 -1.795502639 0.735119557
2.831395443 -1.800667024 0.739263868
2.832650240 -1.797163761 0.744808531
2.832647855 -1.796615816 0.740542746
2.841674860 -1.794480539 0.746408796
2.844483430 -1.794846571 0.741743422
2.841614063 -1.793587661 0.741843438
2.845592554 -1.811971581 0.744212484
2.891948755 -1.809117830 0.775819159
2.891426141 -1.798277772 0.783699608
2.888749893 -1.793815649 0.807314253
2.900465305 -1.802078581 0.812825775
2.894848640 -1.798948086 0.811557388
2.906756933 -1.808113730 0.809582448
2.889267023 -1.789968408 0.791052437
2.887227113 -1.789570487 0.798797107
2.884959037 -1.796861029 0.764672613
2.884140785 -1.792498148 0.760643816
2.884082134 -1.789467371 0.757771111
2.885039861 -1.787146008 0.754388189
2.909504230 -1.812702632 0.807009077
2.910008724 -1.817451394 0.802110529
2.908549841 -1.821479476 0.795795059
2.903568084 -1.823048985 0.788979864
2.896154459 -1.820544637 0.783153033
2.887550886 -1.810615397 0.776835179
2.884766634 -1.800725675 0.772317743
2.831327493 -1.829942441 0.745301700
2.832146223 -1.829961753 0.748749828
2.833006437 -1.830027140 0.750541544
2.835468824 -1.832858062 0.755340672
2.830504234 -1.829159296 0.741674042
2.887126024 -1.820399201 0.785296059
2.882989700 -1.830416358 0.794966197
2.881204898 -1.838029838 0.807816243
2.836528595 -1.835951364 0.763499832
2.836852605 -1.838205970 0.772222376
2.839712913 -1.841892517 0.783796406
2.869477327 -1.840431011 0.818127728
2.845654543 -1.846532262 0.796118832
2.852604206 -1.847631550 0.810009813
2.890686805 -1.816083110 0.779280996
2.827109630 -1.814754582 0.738838291
2.830183561 -1.815724767 0.738396740
2.826569612 -1.814667499 0.742242193
2.819678362 -1.818228162 0.738084292
2.819416578 -1.817753590 0.741376853
2.818909223 -1.821921564 0.736839151
2.820138033 -1.818429983 0.734725094
2.819237526 -1.821722186 0.733761168
2.820239837 -1.817932701 0.731893158
2.821468408 -1.816033340 0.714001513
2.821630533 -1.816965020 0.712562656
2.820647771 -1.817870832 0.717199183
2.820017393 -1.818513132 0.720534658
2.820410307 -1.816093839 0.721481419
2.820869978 -1.815685487 0.718052244
2.819906290 -1.819425381 0.724272823
2.820492084 -1.816684163 0.725147939
2.826634462 -1.811454571 0.722554421
2.826889331 -1.810772038 0.719278908
2.827211912 -1.812571443 0.725985026
2.830011184 -1.813194311 0.725866890
2.829769189 -1.812099851 0.722498751
2.827135618 -1.810499227 0.716680384
2.829997594 -1.811323142 0.719258881
2.829972561 -1.810714460 0.716636753
2.821259315 -1.816234088 0.715370870
2.821168954 -1.817480958 0.714875555
2.825567300 -1.829669691 0.738466716
2.833186205 -1.824443138 0.739630675
2.825429733 -1.828282571 0.729315972
2.825297649 -1.829050279 0.733481503
2.833375509 -1.823969400 0.734759545
2.833589847 -1.822727955 0.729555702
2.826499994 -1.821882105 0.709678984
2.826153333 -1.824022091 0.715291357
2.833373125 -1.817518270 0.710842347
2.833375032 -1.819241858 0.716772413
2.824606474 -1.815665818 0.703690624
2.825606163 -1.819094098 0.705947018
2.832253988 -1.815632201 0.707086658
2.831098373 -1.812639511 0.705386496
2.828358705 -1.809038675 0.707190967
2.830242450 -1.809637463 0.711535072
2.831982906 -1.811026609 0.710476851
2.829945381 -1.809997058 0.706118441
2.829949195 -1.810346759 0.715123153
2.832545335 -1.812027252 0.713935947
2.823138769 -1.813282645 0.705121374
2.823397215 -1.814144528 0.704273915
2.822232301 -1.815556443 0.708823419
2.822325285 -1.816437281 0.707497215
2.821825082 -1.818586982 0.711445427
2.830814655 -1.814901448 0.732512927
2.832858856 -1.816574490 0.731535292
2.832769449 -1.816089666 0.728869057
2.830618436 -1.814235902 0.729200220
2.819443758 -1.820924676 0.731156087
2.819601114 -1.820309675 0.727852321
2.820217426 -1.823351956 0.726956701
2.819998796 -1.823743797 0.729622340
2.818239029 -1.822576261 0.739967918
2.819229419 -1.825452006 0.739521122
2.829901512 -1.816255546 0.741584158
2.827357109 -1.813988006 0.732965088
2.827462728 -1.814559913 0.735938644
2.830731447 -1.815405047 0.735385394
2.832850034 -1.820346511 0.723367548
2.824588592 -1.825404084 0.721872425
2.826601799 -1.810567415 0.715761995
2.822102363 -1.815124965 0.709284163
2.828007038 -1.809757209 0.711325741
2.822587307 -1.812975383 0.706395245
2.827189739 -1.809029794 0.708444333
2.826388414 -1.809487260 0.709716535
2.826782520 -1.809900439 0.711412764
2.822236593 -1.813775516 0.709928489
2.822427328 -1.812918878 0.708131409
2.826367195 -1.810838259 0.714816427
2.821969802 -1.814863360 0.713686323
2.820422943 -1.822364843 0.723375893
2.832538183 -1.815530992 0.725373840
2.826285179 -1.809430218 0.709423876
2.822715337 -1.812272108 0.708026028
2.823268230 -1.811326301 0.706847286
2.825346286 -1.809340275 0.707575893
2.824910457 -1.809714234 0.707941031
2.823638017 -1.810737050 0.707628584
2.825533922 -1.809525705 0.708966827
2.823085125 -1.811652398 0.708029127
2.822866972 -1.825104332 0.722253895
2.822406824 -1.826384998 0.726697779
2.822233970 -1.828399694 0.737939215
2.821630294 -1.826300896 0.728990531
2.823632295 -1.818363405 0.706496334
2.823676164 -1.820886946 0.710406160
2.819896991 -1.825069106 0.736043072
2.822558220 -1.828145242 0.734082079
2.820062692 -1.824860490 0.732393479
2.822795684 -1.827537811 0.730287170
2.820647533 -1.821098841 0.719858980
2.823402221 -1.823512590 0.716907120
2.821561868 -1.819530285 0.714322186
2.823480899 -1.822469092 0.714044666
2.821158226 -1.820204056 0.716561055
2.822439964 -1.821997202 0.715671277
2.833086307 -1.817498839 0.734421349
2.833114441 -1.818041957 0.737587070
2.832892473 -1.818527496 0.740694857
2.832432802 -1.815009213 0.721760130
2.832579906 -1.813434458 0.718606567
2.832788761 -1.813035942 0.716026044
2.820351656 -1.817428446 0.728893137
2.827619131 -1.813414073 0.729657030
2.833788927 -1.815610028 0.715729094
2.833643968 -1.814527190 0.712832904
2.833219345 -1.814927078 0.717993355
2.833320673 -1.816328562 0.719437456
2.833200510 -1.818649447 0.724279499
2.833912904 -1.821205295 0.739439583
2.834000881 -1.820857740 0.736332870
2.834007318 -1.820160425 0.732305980
2.832774932 -1.813611961 0.708712673
2.825159605 -1.809640563 0.708657718
2.823361690 -1.811200714 0.707959270
2.823733146 -1.810625112 0.707832193
2.824726875 -1.809904075 0.708174324
2.830535705 -1.814801133 0.704598045
2.826516206 -1.818119324 0.704701757
2.821978386 -1.815440452 0.741867042
2.823560293 -1.812368727 0.715419984
2.823797758 -1.812392509 0.714561677
2.824003751 -1.810666001 0.709161854
2.824034031 -1.810545361 0.708758688
2.824137981 -1.810398555 0.708371496
2.824260767 -1.810262418 0.708114839
2.824317987 -1.810188687 0.707928395
2.824183757 -1.810247696 0.707624531
2.824391182 -1.810023702 0.707038260
2.823930318 -1.811113155 0.710933781
2.830316122 -1.828431583 0.739045000
2.829450901 -1.828251100 0.733310080
2.824959333 -1.810169614 0.706051087
2.825392063 -1.810210443 0.705005026
2.826180275 -1.811837590 0.703308678
2.828905161 -1.816088832 0.702275610
2.830397422 -1.827159322 0.729397154
2.829888399 -1.824442900 0.722145414
2.830215271 -1.822889901 0.715263462
2.830505903 -1.821059978 0.710155106
2.829730089 -1.818599379 0.705997801
2.828792389 -1.815890885 0.703634357
2.823281820 -1.812546528 0.716995215
2.823089893 -1.812771476 0.718783832
2.822820957 -1.813354409 0.722145653
2.823050315 -1.814163483 0.725849962
2.822780902 -1.814818836 0.729454374
2.822907980 -1.815205968 0.732509232
2.822983797 -1.815733827 0.735393381
2.822453315 -1.815478778 0.738610482
2.833829458 -1.818570590 0.730917907
2.833877380 -1.819082177 0.728715634
2.821754272 -1.816027856 0.745314813
2.822652395 -1.817611432 0.755033112
2.822573240 -1.817589260 0.760624981
2.822211320 -1.816899455 0.749600148
3.067020233 -1.834716058 1.500134087
3.067123706 -1.835295952 1.499677753
3.066740329 -1.834771371 1.500485754
3.066603239 -1.835096753 1.499819851
3.067684705 -1.835378743 1.499630547
3.067658479 -1.834638513 1.499809122
3.064731891 -1.838100231 1.501719570
3.064826782 -1.839123106 1.500602579
3.063469226 -1.835907436 1.503261185
3.064035709 -1.839581466 1.499658203
3.046571786 -1.825605905 1.499156809
3.048714693 -1.823254264 1.505012608
3.047670896 -1.823799885 1.503848886
3.046169813 -1.822910107 1.506420708
3.044128950 -1.824520207 1.505164003
3.042153890 -1.823203779 1.508651829
3.039773519 -1.825738407 1.507058954
3.032999332 -1.829405046 1.512554502
3.044803674 -1.825823522 1.501184320
3.042846496 -1.826661563 1.499331331
3.039944227 -1.827457226 1.502050257
3.037603195 -1.828771270 1.499730682
3.030778701 -1.832283354 1.500635958
3.033740814 -1.830262161 1.503629780
3.024927433 -1.835337377 1.506652451
3.046342428 -1.824907160 1.502686596
3.042010362 -1.826065278 1.503850555
3.036522205 -1.828198767 1.505890703
3.023078973 -1.839155233 1.522689915
3.028427894 -1.833653248 1.517186022
3.016893919 -1.845661497 1.529246664
3.011410291 -1.850895143 1.537082767
2.999801214 -1.865868068 1.550290203
2.995445783 -1.873635686 1.553397751
2.991795356 -1.881265557 1.554368353
2.988745744 -1.888468898 1.552994108
2.986318882 -1.894536591 1.548939800
2.982956941 -1.902345217 1.534715271
2.982124384 -1.904207623 1.525282240
2.981695945 -1.908063984 1.501822329
2.982028778 -1.906265653 1.515867090
2.982012327 -1.909507907 1.486003494
2.979251678 -1.919196046 1.475661135
2.979605253 -1.932714141 1.478056288
2.981047447 -1.938493586 1.480491495
3.005340393 -1.857844031 1.544305420
2.984274442 -1.899371124 1.542860842
2.982212360 -1.944890118 1.482734776
2.984130676 -1.951999283 1.484610891
2.986761386 -1.958838678 1.486344910
2.997093256 -1.972073472 1.487733936
2.992009695 -1.965492046 1.487101412
2.978632743 -1.926304734 1.475852823
3.012678201 -1.848404324 1.510885096
3.019095476 -1.841065085 1.508758163
2.998853500 -1.867151893 1.513747549
3.005362804 -1.857593632 1.512987947
2.987911279 -1.877813673 1.506871557
2.987772043 -1.875785327 1.507268047
2.990649517 -1.874906755 1.508898354
2.990066822 -1.879019595 1.506332016
2.958199318 -2.117058194 0.238963342
2.964592750 -2.118743933 0.243941283
2.966211612 -2.112644351 0.269385552
2.972567852 -2.115361607 0.268308854
2.954888160 -2.096864021 0.268368578
2.949545677 -2.102148927 0.239306545
2.985344226 -2.111485994 0.262778139
2.976267870 -2.113697327 0.235584235
3.076425130 -1.863694942 1.323072529
3.070979173 -1.878190315 1.342199183
2.951412971 -2.116011298 0.242051816
2.960779722 -2.106147087 0.269554949
2.970103319 -2.056431210 0.218931532
2.979417379 -2.050641573 0.214556789
2.989128406 -2.046963311 0.247211671
2.977256591 -2.047227180 0.249466753
2.989555891 -2.059839344 0.214936829
2.999214704 -2.055263079 0.246747112
2.945961769 -2.075634993 0.230214572
2.958681400 -2.060398674 0.222651577
2.964031513 -2.055210388 0.252404070
2.954438741 -2.067205286 0.259980416
2.949503238 -2.081593430 0.265970564
2.946712072 -2.089734233 0.233276105
2.999100263 -2.089808262 0.224545574
3.005626972 -2.088050759 0.249677992
3.003225858 -2.068599379 0.245422339
2.994019086 -2.072459615 0.217449522
2.977797086 -2.113514817 0.266699409
2.969831760 -2.115309155 0.243561125
2.985393102 -2.111139095 0.233977413
2.992592867 -2.105559862 0.259269094
3.000295932 -2.100148118 0.254357910
2.995954092 -2.103336013 0.230027771
3.073908384 -1.870136655 1.330280638
3.072424228 -1.873940385 1.334560966
3.078575428 -1.857879973 1.314943647
3.079084690 -1.853835857 1.296098328
3.077416475 -1.861081994 1.319754219
3.075164850 -1.866930342 1.326743937
3.022407825 -1.984693265 1.368259048
3.007597978 -1.890721357 1.422609425
2.997936542 -1.894220984 1.429253674
2.988942916 -1.900023854 1.440550900
2.982696588 -1.906355119 1.451863384
2.980499084 -1.909039534 1.466122723
3.073403175 -1.961522615 1.460487461
3.074278171 -1.956078089 1.449165201
3.075620229 -1.947102225 1.437970018
3.075102861 -1.936018205 1.427050447
3.072379882 -1.925907529 1.420680141
3.075480516 -1.844264245 1.411289072
3.076826866 -1.842795408 1.417835569
3.063951547 -1.862853086 1.400498247
3.060919578 -1.868355012 1.402919626
3.072689827 -1.848318375 1.405320740
3.069736536 -1.852996266 1.401927090
3.077987726 -1.843550599 1.438707447
3.077085788 -1.845357454 1.440518951
3.077009494 -1.845216608 1.438460445
3.056859310 -1.875857211 1.406181192
3.052958067 -1.883390761 1.410302496
3.081118162 -1.837665475 1.435327625
3.079318817 -1.840052879 1.429773903
3.077942188 -1.842344916 1.429031229
3.091319139 -1.825760639 1.479090309
3.084720428 -1.833787299 1.453235245
3.083340461 -1.835881389 1.450957870
3.082894857 -1.835871852 1.445059395
3.092789466 -1.820962048 1.462183809
3.090480144 -1.823989666 1.454780436
3.092038448 -1.821684933 1.457803345
3.076861913 -1.843368388 1.422610378
3.081509407 -1.837174869 1.436750269
3.083337600 -1.834795928 1.442743874
3.083359535 -1.834543324 1.441130018
3.049815948 -1.889515198 1.410482979
3.092392738 -1.822237111 1.466596699
3.003373201 -1.978940702 1.471012926
3.003841217 -1.977490342 1.450077868
2.998608644 -1.984932757 1.420876122
3.011132295 -1.985440469 1.385529137
3.005982692 -1.976004339 1.494391298
3.049037750 -1.891344822 1.403695440
3.048096235 -1.892935729 1.397212362
3.043636615 -1.899606562 1.371496534
3.057895477 -1.888954974 1.353572226
3.043492134 -1.900192893 1.361700630
3.009814794 -1.974939919 1.536582804
3.007573660 -1.976224578 1.516946650
3.077149923 -1.843511022 1.427452660
3.082928236 -1.836289084 1.448636389
3.080887373 -1.838268733 1.436853981
3.082707937 -1.835411108 1.439143515
3.080545957 -1.838242031 1.432186937
3.083482082 -1.834455109 1.442067480
3.086529787 -1.847986734 1.583839035
3.092926796 -1.832890726 1.553815699
3.092654522 -1.829095340 1.521671867
3.090196188 -1.831131077 1.504849768
3.089505727 -1.831601954 1.499363995
3.089789445 -1.830691970 1.496222353
3.090282257 -1.829382217 1.492803907
3.093416507 -1.829489327 1.534605122
3.091678197 -1.824414170 1.473645067
3.091033275 -1.826989031 1.484603500
3.090726431 -1.828049934 1.488579845
3.091065939 -1.830074287 1.508267498
3.092058237 -1.828998542 1.513144112
3.089545066 -1.831840969 1.501679993
3.013825471 -1.970833099 1.558110571
3.091300781 -1.837643361 1.568341827
3.077293928 -1.865824139 1.597380972
3.066178615 -1.886213935 1.605562544
3.055887754 -1.904873526 1.611493683
3.041549022 -1.929909981 1.612511015
3.020135458 -1.962805903 1.580184555
3.028621252 -1.950772083 1.600543118
3.005351122 -1.976108110 1.485493517
3.098735864 -1.941593326 1.498023367
3.102282102 -1.939186848 1.500363207
3.102764661 -1.942000187 1.498476124
3.100903804 -1.942876852 1.498232460
3.110368545 -1.918057716 1.504959440
3.105449731 -1.928532100 1.505597687
3.117314155 -1.897621191 1.501248455
3.114416654 -1.906987167 1.503106213
3.060582693 -1.972577131 1.470891571
3.021389301 -1.982089377 1.485312557
3.013235624 -1.981191016 1.486753559
3.029680069 -1.983079887 1.483738279
3.036692674 -1.981687105 1.481418228
3.043555791 -1.979538000 1.479008532
3.088257606 -1.959246493 1.534910536
3.113744791 -1.920265413 1.536017036
3.049391086 -1.977095223 1.476340389
3.054825361 -1.975199616 1.473487473
3.066294725 -1.968359507 1.470374203
3.074142749 -1.962151921 1.479540443
3.080346878 -1.962879157 1.508349752
3.077357347 -1.963147796 1.494508362
3.083148058 -1.962379015 1.517558193
3.085417802 -1.961344159 1.526881552
3.092102821 -1.955448842 1.540851688
3.096588667 -1.950567043 1.544748878
3.101437862 -1.944399751 1.545985556
3.106088455 -1.937345839 1.544938421
3.110263879 -1.929474569 1.541844463
3.115895326 -1.911059535 1.529094076
3.116789396 -1.903183079 1.521609163
3.120036419 -1.886403120 1.510181761
3.118578012 -1.894145286 1.515388346
3.083568390 -1.956891215 1.577287531
3.077915247 -1.966086543 1.566792583
3.073710735 -1.971546984 1.551625824
3.117872293 -1.894777573 1.562651253
3.071392830 -1.974390424 1.534887648
3.090097482 -1.945144511 1.582964516
3.105132158 -1.917578435 1.579822159
3.097220476 -1.931630469 1.584710693
3.111890609 -1.905385411 1.572421885
3.122657831 -1.885152078 1.550375557
3.124783094 -1.876085556 1.534536934
3.122933681 -1.864484525 1.514889097
3.123104627 -1.869682646 1.523270941
3.068263824 -1.974449671 1.519130325
3.063818271 -1.972425259 1.503403282
3.060031231 -1.972154713 1.486921167
3.062711771 -1.972120381 1.451344347
3.063844020 -1.971138096 1.428026772
3.094973381 -1.958123601 1.505651331
3.097207840 -1.957318640 1.512718534
3.096300657 -1.958286322 1.509632683
3.100940998 -1.946724987 1.518640375
3.101690824 -1.944030083 1.518180943
3.099334056 -1.953613258 1.517189837
3.100003297 -1.950237728 1.518321133
3.098278816 -1.955676949 1.515362835
3.093499000 -1.954238451 1.493408060
3.093935068 -1.957554078 1.501501656
3.091014679 -1.953870094 1.491988039
3.093394096 -1.956276751 1.496952391
3.093369062 -1.952407873 1.487194157
3.098214443 -1.961004234 1.506024694
3.100191648 -1.960201300 1.512092209
3.099291618 -1.960870243 1.509280539
3.103496130 -1.948571003 1.519281721
3.103322084 -1.944315470 1.518353558
3.102270420 -1.956227219 1.517087317
3.102908905 -1.952846444 1.518178558
3.101436908 -1.958313203 1.515221930
3.094835575 -1.955329752 1.491669989
3.096946294 -1.960410393 1.501968956
3.095619018 -1.957709408 1.496301508
3.093265588 -1.953176713 1.482634640
3.100007351 -1.965465463 1.511292553
3.105350788 -1.946187592 1.521203613
3.105091388 -1.943733430 1.516068554
3.105549390 -1.959929741 1.507515049
3.100931223 -1.948682285 1.505514479
3.094192560 -1.955680287 1.511442995
3.101464565 -1.939685500 1.518693542
3.102929409 -1.951912678 1.506653643
3.100529249 -1.950944519 1.504917479
3.102890070 -1.949867165 1.507082796
3.101856048 -1.955457545 1.503751373
3.105472381 -1.950318373 1.508784389
3.103818710 -1.955862260 1.504604435
3.106593425 -1.949894762 1.518652773
3.103627975 -1.963650382 1.510448790
3.103475387 -1.948643363 1.510788059
3.105021055 -1.957731045 1.505951262
3.106295879 -1.946783042 1.517391539
3.104638393 -1.960807598 1.508478022
3.090865429 -1.956273353 1.519418573
3.102384622 -1.966513431 1.512055969
3.107114370 -1.947616673 1.521608925
3.109102066 -1.949463046 1.519862270
3.107594545 -1.950225091 1.517492628
3.105084951 -1.966269172 1.510587311
3.104936416 -1.962639368 1.509480810
3.097476060 -1.941582597 1.487549639
3.097860391 -1.943878091 1.499704218
3.097067173 -1.945613838 1.489130592
3.096215541 -1.945994592 1.492103910
3.095871503 -1.947877264 1.495412445
3.098608787 -1.942092812 1.498815870
3.098841961 -1.941018677 1.497187710
3.098486955 -1.942742205 1.494831657
3.098000581 -1.940900898 1.487673140
3.096539314 -1.946763850 1.497627115
3.096996839 -1.945209480 1.499338007
3.104379232 -1.939333475 1.502879953
3.104009683 -1.957901156 1.520072794
3.107250269 -1.954694665 1.512605047
3.101863916 -1.946182049 1.499790049
3.101459320 -1.964511252 1.514648533
3.104951198 -1.949750460 1.521745539
3.106388862 -1.958454407 1.509605026
3.094778116 -1.959333158 1.490771151
3.093656833 -1.956697798 1.485652781
3.097480829 -1.965049899 1.502162790
3.092211301 -1.952213383 1.480301476
3.091490800 -1.949889517 1.477645731
3.094785268 -1.945383704 1.475209093
3.096304472 -1.941707170 1.475523806
3.097075994 -1.939735866 1.477483845
3.098911579 -1.966067648 1.507361746
3.106071050 -1.937785185 1.513643837
3.105815227 -1.940927720 1.517791367
3.104866321 -1.954290307 1.521586275
3.103342111 -1.961317099 1.517830467
3.100436027 -1.952384329 1.492583847
3.099014814 -1.954057551 1.496784067
3.104009683 -1.939336515 1.505946493
3.102655704 -1.959814406 1.502333975
3.100559051 -1.953354276 1.490923023
3.101149614 -1.956617928 1.496626711
3.106985624 -1.951487101 1.514981842
3.104182775 -1.946313060 1.513774729
3.104530628 -1.960520423 1.505412674
3.106931741 -1.956916786 1.511403656
3.100163992 -1.950759566 1.498257971
3.101069982 -1.948283589 1.499165154
3.102459486 -1.944592750 1.499841070
3.105598266 -1.937144077 1.507602787
3.101817663 -1.937295473 1.501329279
3.102259452 -1.939636386 1.496698236
3.104368265 -1.940999782 1.505953407
3.105135973 -1.940802431 1.504257298
3.103186662 -1.941884017 1.500214911
3.101318414 -1.939073003 1.489429569
3.099972541 -1.939357198 1.485353804
3.097702081 -1.938187993 1.481128550
3.099002893 -1.945339835 1.487843847
3.103828724 -1.931906140 1.491063690
3.098771627 -1.947951353 1.503059244
3.097114141 -1.950489080 1.519384718
3.105111415 -1.952091670 1.507723188
3.099587495 -1.946032501 1.503288841
3.106458719 -1.958015478 1.517216063
3.106222446 -1.953518606 1.510104752
3.104510362 -1.955345726 1.515343761
3.100034292 -1.944954193 1.499478197
3.100464637 -1.946096754 1.502115345
3.103004510 -1.947670973 1.501419401
3.098097379 -1.948160267 1.527778959
3.107739265 -1.957915461 1.516053534
3.105999048 -1.958885289 1.520766354
3.108948524 -1.959520197 1.519051409
3.095205600 -1.953587270 1.514616108
3.100092228 -1.942899859 1.519756651
3.102479751 -1.954200066 1.505364752
3.104301746 -1.954930520 1.505666828
3.106630380 -1.951932109 1.518590546
3.104569490 -1.962510741 1.513357735
3.103314693 -1.948853350 1.512443638
3.105587299 -1.956559337 1.507644510
3.104800041 -1.959785796 1.510615683
3.093061264 -1.953965342 1.523567057
3.103524263 -1.939405001 1.525374985
3.103398140 -1.965065217 1.515638208
3.106776054 -1.951117313 1.522295094
3.109070356 -1.952426768 1.520250416
3.107604320 -1.952020920 1.517535782
3.106414135 -1.965014732 1.513944483
3.106179531 -1.961768902 1.512425280
3.101399953 -1.942993975 1.505256748
3.089303787 -1.951682067 1.487467623
3.090964372 -1.955897129 1.498231268
3.091834123 -1.956212676 1.503164625
3.087471063 -1.949595547 1.482530928
3.089010532 -1.945773518 1.478357410
3.091051157 -1.943470931 1.473818636
3.092837389 -1.940643049 1.473297930
3.095064933 -1.938094533 1.475093699
3.100770052 -1.931642688 1.480520821
3.096002395 -1.934465862 1.472055531
3.093063171 -1.956349707 1.507215595
3.103140409 -1.935989952 1.513148403
3.103980596 -1.938808537 1.516712761
3.098540838 -1.946730054 1.519817686
3.096307809 -1.951956904 1.517223930
3.098952110 -1.948197043 1.488630629
3.098360832 -1.949885345 1.485158062
3.083481605 -1.955625093 1.483695364
3.094756181 -1.955129540 1.482033587
3.098068531 -1.952343321 1.484353638
3.097163017 -1.955019272 1.482749796
3.097158249 -1.950074947 1.493468380
3.096721943 -1.951407469 1.495607233
3.098849352 -1.948314166 1.490274286
3.098350341 -1.950068927 1.502626038
3.099247987 -1.953345991 1.503061152
3.099028165 -1.953890777 1.501682854
3.099793251 -1.952405012 1.503963089
3.100419576 -1.954152382 1.500284052
3.099451835 -1.952737785 1.500959969
3.102661426 -1.944161690 1.507054424
3.102761562 -1.947374380 1.506698465
3.102777536 -1.953121162 1.506018496
3.100951488 -1.942137814 1.497265911
3.100584800 -1.943821407 1.494959927
3.100207384 -1.942165769 1.487472868
3.101460989 -1.956487632 1.500961161
3.100010450 -1.955270923 1.496819830
3.105171497 -1.939695573 1.510140514
3.105753477 -1.946076787 1.508782959
3.102787788 -1.956435776 1.502823448
3.104790504 -1.953663445 1.506777143
3.100581701 -1.943535185 1.503571606
3.102523382 -1.941415465 1.503953314
3.101232822 -1.963291681 1.501841879
3.099156196 -1.953625119 1.489039516
3.098710592 -1.958121932 1.492863512
3.106514032 -1.955602861 1.518582201
3.102677639 -1.964001453 1.507148838
3.105675275 -1.960807419 1.515816069
3.102213199 -1.957479990 1.501150942
3.101342971 -1.955817020 1.496732092
3.104216869 -1.940821147 1.512335634
3.105659540 -1.952017999 1.511989450
3.103862341 -1.944733358 1.511796093
3.103882606 -1.958187080 1.503975725
3.106051023 -1.955093360 1.509034491
3.102130945 -1.961622870 1.502064562
3.100295599 -1.957701898 1.494457817
3.105285223 -1.953234291 1.516633129
3.103845890 -1.961783028 1.506412840
3.104687030 -1.957668281 1.513599253
3.098032768 -1.949032045 1.497668362
3.098979766 -1.950035966 1.501443005
3.101285036 -1.951422370 1.500654793
3.099162634 -1.946617937 1.499145365
3.102172191 -1.949712372 1.501106834
3.100127990 -1.948228932 1.501790619
3.102098758 -1.943927324 1.502405024
3.103741462 -1.945584035 1.501693583
3.100849683 -1.943454600 1.499135351
3.086026723 -1.958419240 1.509835339
3.086270387 -1.943152047 1.463556147
3.088809068 -1.957633949 1.514595127
3.095480020 -1.951303339 1.526423550
3.102783735 -1.935604847 1.506842470
3.103610809 -1.942318833 1.502802944
3.095879133 -1.961432135 1.490085459
3.094724472 -1.958480692 1.484992838
3.099447544 -1.965927935 1.501299238
3.102321441 -1.965764380 1.501232004
3.102118785 -1.963107860 1.501670933
3.098397548 -1.960950053 1.489827490
3.098969514 -1.958338952 1.491087055
3.098404462 -1.955728507 1.487974262
3.097775991 -1.957922674 1.486299610
3.092578704 -1.954029537 1.480289078
3.096883590 -1.954420483 1.479912138
3.096438940 -1.951703406 1.477188444
3.098339374 -1.950954712 1.480936146
3.098506267 -1.948654688 1.482131338
3.098315532 -1.948890543 1.476705170
3.095145757 -1.951804316 1.476393318
3.097351129 -1.947983838 1.474701977
3.098776157 -1.945238984 1.478474474
3.098689134 -1.943697608 1.475887632
3.099463995 -1.942564464 1.480770206
3.098935421 -1.940696216 1.478483534
3.104305561 -1.943004048 1.502038336
3.102876241 -1.941948569 1.499478436
3.102685268 -1.942298329 1.497381783
3.104038532 -1.944264448 1.494322157
3.100652273 -1.936159647 1.492624855
3.103082235 -1.942421353 1.487496948
3.099912937 -1.941411889 1.482579803
3.099929626 -1.940683997 1.486212349
3.098614986 -1.936302817 1.484871960
3.106117542 -1.940661824 1.509526110
3.106840665 -1.939458883 1.508904552
3.100102241 -1.945926166 1.485911942
3.099452789 -1.941819108 1.486013985
3.096472795 -1.936456120 1.479763365
3.098715837 -1.939390457 1.481891966
3.101314123 -1.967141247 1.508042669
3.107406433 -1.939330256 1.514452791
3.107660349 -1.942040301 1.518685436
3.104991729 -1.962179697 1.518701887
3.107120569 -1.955748535 1.521869278
3.107488687 -1.942086077 1.514208174
3.106269176 -1.942274368 1.515629864
3.108491953 -1.945998705 1.517994022
3.109136398 -1.956360317 1.520299768
3.107789333 -1.955724574 1.517056799
3.107330377 -1.946884191 1.516677713
3.108081873 -1.962579048 1.516640043
3.103886898 -1.966765678 1.506925917
3.103630836 -1.963354743 1.506364202
3.107179220 -1.959903872 1.514167643
3.034869726 -1.954311884 1.599727726
3.041756446 -1.957099355 1.598053551
3.026655490 -1.966496027 1.579327202
3.033388908 -1.969815708 1.578003979
3.040175731 -1.972556925 1.576379395
3.047760303 -1.974542296 1.573774195
3.055596168 -1.975437975 1.570052481
3.063711698 -1.974368549 1.565610266
3.048446949 -1.959310985 1.595484114
3.055172021 -1.961757338 1.592038727
3.061564262 -1.963658607 1.587478018
3.067397649 -1.965043819 1.581868267
3.048111017 -1.933894492 1.611670351
3.053684051 -1.936976946 1.609792805
3.059161480 -1.940058267 1.606891012
3.064442451 -1.943840778 1.603223896
3.069248254 -1.947537995 1.598493195
3.073657329 -1.951094604 1.592794275
3.060719068 -1.908095992 1.611045456
3.065929468 -1.911951518 1.609988546
3.070924337 -1.916200376 1.608373737
3.075466688 -1.920892632 1.605994081
3.079231794 -1.927350378 1.602185106
3.070594843 -1.889184750 1.605376816
3.075552280 -1.893062210 1.604683971
3.080193575 -1.897467173 1.603502846
3.084503706 -1.902318395 1.601794815
3.089613254 -1.909039593 1.598927116
3.081650074 -1.869775331 1.597264385
3.086019333 -1.874335623 1.596876955
3.090352590 -1.879525936 1.595966434
3.094683464 -1.885255015 1.593795156
3.078168209 -1.954567230 1.586123085
3.072502668 -1.966150082 1.575152254
3.068123872 -1.974138952 1.559532976
3.082534607 -1.964327312 1.557179785
3.086364801 -1.961686767 1.544198132
3.089470441 -1.957553661 1.527011967
3.117406662 -1.912825025 1.546335316
3.109652813 -1.927718139 1.527721977
3.118362243 -1.903725064 1.556255436
3.105609710 -1.934543884 1.521752930
3.117108877 -1.886021173 1.566848373
3.099780138 -1.846211410 1.570716953
3.115489776 -1.876896239 1.568957663
3.113045986 -1.867404259 1.570129251
3.108960922 -1.859004057 1.570945120
3.104431684 -1.851690686 1.571190691
3.095468576 -1.841368235 1.569355822
3.109166200 -1.920786953 1.496847963
3.090926225 -1.932139790 1.454641199
3.096655185 -1.928154862 1.461166477
3.104572351 -1.930166698 1.499533033
3.107081468 -1.922081983 1.486717319
3.111450012 -1.912684656 1.487005568
3.102633531 -1.922415531 1.471107817
3.107815559 -1.911571598 1.475267506
3.098057325 -1.918430424 1.447230673
3.107406194 -1.906137085 1.460969543
3.103522832 -1.913178957 1.454837656
3.096870000 -1.904860056 1.435042477
3.101639803 -1.901228762 1.442914343
3.096126134 -1.892685092 1.430102682
3.100358541 -1.890097535 1.438467121
3.100090320 -1.883316315 1.435581064
3.070563610 -1.966058946 1.487799501
3.078460748 -1.968283451 1.543142176
3.089663084 -1.956813074 1.566075659
3.020878608 -1.974764324 1.557442760
3.060591276 -1.979667700 1.545522785
3.052440698 -1.980897582 1.550027227
3.027971561 -1.977287984 1.556710815
3.035140808 -1.979627049 1.555673456
3.043439205 -1.980962968 1.553570843
3.066256101 -1.977699256 1.540556765
3.076090391 -1.969947493 1.528468466
3.080435808 -1.965225435 1.522045469
3.082552488 -1.964641846 1.534308290
3.091418560 -1.956254399 1.551805353
3.085599001 -1.940080023 1.591436243
3.095436866 -1.947697795 1.571361160
3.096858556 -1.950089193 1.556767321
3.102961118 -1.909324921 1.585585690
3.100898082 -1.900926209 1.588842964
3.098202283 -1.892697072 1.591348028
3.082423265 -1.933949030 1.597443914
3.092585857 -1.916576422 1.595549440
3.094010646 -1.924365676 1.592214441
3.101606901 -1.936540640 1.573227024
3.102570112 -1.942883051 1.556832409
3.099821861 -1.946363545 1.536378002
3.092398698 -1.954787469 1.531885481
3.095883424 -1.951110757 1.535117006
3.082563455 -1.960757709 1.506029940
3.080396707 -1.960363067 1.493372536
3.084592397 -1.960407949 1.513988113
3.087034042 -1.959248698 1.520748711
3.107060726 -1.925640202 1.571876621
3.107566412 -1.934387780 1.556616402
3.112886484 -1.923952735 1.553411579
3.119096572 -1.902342534 1.537363386
3.103760774 -1.940815783 1.535366631
3.106995638 -1.934630371 1.532654858
3.113408382 -1.914347625 1.564993238
3.121182973 -1.894085563 1.544904089
3.122694786 -1.884612775 1.532322979
3.119959648 -1.893146432 1.528037643
3.111060436 -1.921110428 1.521205997
3.122858341 -1.876631117 1.521798706
3.120779092 -1.857205248 1.514795160
3.121938284 -1.861387170 1.523781395
3.124347503 -1.867217577 1.535301542
3.122487600 -1.876211441 1.553488350
3.110158498 -1.896813727 1.577209330
3.112321193 -1.914650119 1.513703918
3.094231422 -1.836955345 1.501840925
3.092569168 -1.834108568 1.501844025
3.093389328 -1.836759842 1.499307013
3.096036012 -1.836223102 1.504099941
3.098227079 -1.834664798 1.507840252
3.099914606 -1.833131171 1.512629604
3.101596887 -1.834857023 1.535022831
3.100995596 -1.833196855 1.521379089
3.101922805 -1.839748300 1.554005957
3.094660099 -1.857725656 1.585382795
3.095947321 -1.831096149 1.512861347
3.094743307 -1.832293487 1.508015966
3.093806083 -1.832524872 1.489162064
3.093622263 -1.836199022 1.489590740
3.099594171 -1.846262610 1.472217417
3.093950327 -1.836092985 1.485365248
3.094152982 -1.831384218 1.484737492
3.093895252 -1.837794459 1.475811100
3.096652324 -1.842529035 1.475467062
3.094942148 -1.829454875 1.473850584
3.096979673 -1.842047787 1.471618509
3.094206388 -1.836033082 1.479813910
3.093826110 -1.840080774 1.485683537
3.095819528 -1.842664218 1.479549503
3.099891002 -1.847191668 1.475328779
3.096985633 -1.845718778 1.482133007
3.111107881 -1.890571511 1.459824181
3.108684356 -1.881221509 1.455184078
3.092585857 -1.923032320 1.440924501
3.086149986 -1.926237679 1.437136745
3.083358343 -1.911391890 1.427083349
3.090156610 -1.881239927 1.416452503
3.088699396 -1.894908762 1.422209120
3.090053613 -1.909424162 1.431156969
3.080020244 -1.957799828 1.482371426
3.077929552 -1.956687606 1.467651939
3.092041309 -1.936609900 1.467203712
3.084942396 -1.958371318 1.503537750
3.084117944 -1.957335151 1.493012762
3.082663353 -1.951477325 1.470355844
3.084602649 -1.946485019 1.465965843
3.088218029 -1.939683473 1.463762140
3.106006677 -1.927989400 1.511153793
3.106343801 -1.930525995 1.516273355
3.100912626 -1.944075740 1.527244425
3.082172687 -1.898579514 1.419334984
3.081197555 -1.887213147 1.412561274
3.093119915 -1.872797645 1.418453312
3.078456218 -1.876877880 1.405637836
3.100449379 -1.876319027 1.433703995
3.095803077 -1.884274757 1.427386856
3.087909753 -1.837171293 1.442509031
3.090420778 -1.839876271 1.442054844
3.086267765 -1.835933841 1.442220545
3.092590625 -1.843241489 1.440642214
3.095051582 -1.850083626 1.438294029
3.093993957 -1.846169806 1.439605570
3.094006355 -1.853736794 1.437076664
3.093920286 -1.852177954 1.437045193
3.092943008 -1.849569357 1.435992336
3.094674642 -1.853637970 1.437158203
3.095009143 -1.852220393 1.437276459
3.091358955 -1.846168673 1.434784269
3.087590034 -1.842325843 1.432971811
3.086541946 -1.838295973 1.439378357
3.089068945 -1.840880490 1.439354277
3.084734018 -1.836825824 1.439270353
3.093693311 -1.850590206 1.437553978
3.092661674 -1.847195244 1.437853193
3.090628202 -1.844026423 1.438908672
3.092550571 -1.856481588 1.438421583
3.093176420 -1.854275382 1.437545872
3.089892204 -1.861099279 1.439962244
3.089240606 -1.858956075 1.440822458
3.091332491 -1.851994074 1.440019464
3.086232956 -1.843232310 1.438079929
3.089238460 -1.848848021 1.438387489
3.085480268 -1.837215519 1.448003626
3.087613876 -1.838044620 1.448358154
3.089849765 -1.840254403 1.449291086
3.093710477 -1.844122684 1.450315332
3.096302564 -1.847390926 1.447039223
3.097930725 -1.851920045 1.443012571
3.098048742 -1.855399585 1.439715242
3.097594793 -1.857237792 1.437155104
3.096396501 -1.857870376 1.434910393
3.094864423 -1.856983102 1.432365036
3.092563207 -1.855666435 1.430348015
3.090384061 -1.851517117 1.427571392
3.084844883 -1.847686506 1.426288939
3.014209564 -1.982026136 1.496064758
3.015363271 -1.980140961 1.516787386
3.017279680 -1.978408730 1.536343670
3.072818096 -1.969819641 1.514583683
3.068847473 -1.969105757 1.500675535
3.065577562 -1.968990422 1.485899305
3.068383510 -1.965960479 1.447938538
3.068676765 -1.964486099 1.422330713
3.057722385 -1.981987691 1.527318811
3.053402240 -1.979321635 1.509704447
3.049994285 -1.977807737 1.491937017
3.050907667 -1.980109430 1.457593536
3.051628168 -1.979256666 1.436509705
3.011439378 -1.981510258 1.450336313
3.036449010 -1.985735214 1.443968630
3.035594757 -1.984937585 1.463531113
3.043795402 -1.983002222 1.460282421
3.060787733 -1.912581540 1.395774937
3.063878114 -1.910821355 1.406160212
3.073852832 -1.936121858 1.416490889
3.058356340 -1.975928700 1.432559109
3.044816549 -1.982969976 1.439876175
3.057662542 -1.905640936 1.395820475
3.055320079 -1.900422132 1.396572924
3.056721027 -1.976396001 1.454012489
3.012652691 -1.983734286 1.471715784
3.059523399 -1.903880215 1.406180477
3.055535610 -1.897822297 1.404661036
3.074233825 -1.946250773 1.425084448
3.072386797 -1.956757522 1.435527658
3.068446691 -1.918683386 1.408080435
3.071457441 -1.926919854 1.411157227
3.071777637 -1.935510850 1.401080465
3.065005119 -1.918733871 1.393927193
3.068900163 -1.926656819 1.396396732
3.073256309 -1.945154584 1.406839943
3.072071846 -1.955594576 1.415150976
3.027987774 -1.985503114 1.465478516
3.019730861 -1.984076655 1.467370367
3.028348501 -1.986201978 1.447247601
3.019875105 -1.984852529 1.449098682
3.021808918 -1.982980228 1.498916245
3.058720644 -1.975900805 1.506630754
3.030222232 -1.984050966 1.498406029
3.044834192 -1.980597294 1.494307137
3.032238300 -1.983672893 1.535459614
3.050580556 -1.983877755 1.530567265
3.063364084 -1.978673613 1.523467636
3.039640958 -1.984409607 1.514764166
3.022998149 -1.982933140 1.517203903
3.054955299 -1.975111580 1.489798641
3.041083629 -1.984563983 1.533703899
3.024772461 -1.981505132 1.536046600
3.047712143 -1.982261277 1.512266970
3.038050945 -1.983203447 1.496680593
3.030638034 -1.984573222 1.516630268
3.106967504 -1.858156300 1.465136623
3.109361227 -1.860035396 1.469450808
3.093449648 -1.835985458 1.493068314
3.093084867 -1.836090660 1.496456718
3.103903825 -1.835802830 1.512768841
3.108216341 -1.839450455 1.513322687
3.112991388 -1.844532645 1.514252996
3.117299373 -1.850810385 1.515015459
3.122348602 -1.872423983 1.514482117
3.121345098 -1.879639006 1.513024426
3.118637855 -1.892586327 1.506229496
3.115875776 -1.901391244 1.495112753
3.114231165 -1.903407014 1.487556314
3.112290676 -1.903523124 1.478662348
3.111442144 -1.898611462 1.468098497
3.106471355 -1.896938837 1.451583481
3.103873785 -1.886749423 1.446822023
3.103243883 -1.880188501 1.443298435
3.102626617 -1.874165571 1.440437651
3.102054412 -1.869235313 1.438431358
3.101130779 -1.864680863 1.437324619
3.099313791 -1.859539187 1.436996078
3.095679338 -1.855413413 1.437398529
3.095022972 -1.854113913 1.437376595
3.094018753 -1.854104317 1.437689400
3.089841659 -1.861558175 1.439757204
3.089174564 -1.863829470 1.439364290
3.065115507 -1.908121741 1.412100649
3.055765922 -1.894226408 1.410568810
3.060869272 -1.900435841 1.410606003
3.069296177 -1.916684902 1.416000462
3.076980884 -1.954512811 1.455632544
3.086597736 -1.842213965 1.437478161
3.084218795 -1.839896596 1.437285280
3.088004167 -1.837333119 1.443336344
3.090627010 -1.839872873 1.442800140
3.089970167 -1.839847005 1.441165543
3.087734516 -1.837278760 1.441481924
3.085907514 -1.835985458 1.441327429
3.086258228 -1.836008466 1.442854977
3.082585867 -1.838134385 1.436887836
3.112810905 -1.871651626 1.463892555
3.120698745 -1.885992206 1.519674397
3.092875536 -1.843074417 1.441436863
3.095553930 -1.849892593 1.438595390
3.094350154 -1.846050537 1.440023041
3.094599540 -1.850212074 1.437890863
3.093590314 -1.846219516 1.439268208
3.092093761 -1.843206621 1.440157747
3.087611969 -1.846227146 1.438390589
3.089112575 -1.849290526 1.438508844
3.090325410 -1.852597750 1.438933229
3.116226490 -1.901907182 1.509765005
3.112888391 -1.910514510 1.495662069
3.093957718 -1.867019570 1.420965052
3.118738706 -1.853559232 1.523582315
3.121223981 -1.857477999 1.536313152
3.100860651 -1.849193609 1.478357649
3.096378858 -1.850509859 1.440412855
3.099324997 -1.854258812 1.445183372
3.095046575 -1.846187449 1.442319250
3.105327423 -1.863753653 1.454582787
3.108302171 -1.867044247 1.458441353
3.097970779 -1.843507624 1.469334221
3.099074895 -1.847091294 1.465560055
3.105007703 -1.853325403 1.474570131
3.101260955 -1.858841753 1.447933292
3.103013094 -1.861262000 1.451390123
3.097562606 -1.849037803 1.458998060
3.098914917 -1.852401531 1.455553389
3.097036893 -1.848657108 1.450605011
3.103793199 -1.851615405 1.470911837
3.101656730 -1.850151992 1.467258787
3.104407604 -1.856415666 1.461188412
3.101398285 -1.854122556 1.457913017
3.084784086 -1.849597371 1.422370052
3.093966301 -1.862670100 1.423713303
3.093589122 -1.858753837 1.426696634
3.089743192 -1.854849732 1.422773218
3.093883808 -1.853705621 1.435753918
3.092459018 -1.850359953 1.432217932
3.092991407 -1.849473870 1.433520651
3.094515617 -1.852465725 1.436836338
3.092481430 -1.855749822 1.438114977
3.089306648 -1.861518419 1.440285063
3.089819248 -1.861418224 1.439786053
3.094491537 -1.853921509 1.436231947
3.095709140 -1.852285004 1.437694168
3.091718967 -1.854445196 1.438105440
3.092544611 -1.849587059 1.436990118
3.070235069 -1.911543763 1.418733931
3.072195108 -1.906042195 1.419427252
3.076320942 -1.901875830 1.419081306
3.077435787 -1.913818992 1.426229811
3.073593433 -1.922188437 1.424985027
3.074430521 -1.917352891 1.425664282
3.076729114 -1.934632874 1.433806992
3.078077610 -1.931397117 1.435372686
3.080655630 -1.927967048 1.436354733
3.083079631 -1.938193119 1.449406719
3.078877027 -1.947650528 1.449042416
3.081392105 -1.942525602 1.449261761
3.114520605 -1.845990396 1.522771692
3.109571989 -1.840402282 1.522103882
3.097485120 -1.831879115 1.534600115
3.105948503 -1.838610089 1.535358047
3.116437490 -1.849457121 1.536085939
3.110995348 -1.843321360 1.535677767
3.085547502 -1.935226715 1.450633860
3.096968706 -1.854142702 1.438943958
3.093851383 -1.854221440 1.434641695
3.095187004 -1.855306662 1.435627079
3.097710426 -1.876386202 1.426778412
3.098080452 -1.870400346 1.427595711
3.100413139 -1.870665825 1.432735300
3.103168542 -1.866229630 1.444363928
3.104092891 -1.870081818 1.447193718
3.106270368 -1.874693430 1.451074219
3.101902063 -1.862569130 1.442238903
3.099919613 -1.857664383 1.440625048
3.099649961 -1.865067041 1.432975864
3.097534235 -1.865116036 1.429001188
3.096062477 -1.860590852 1.430617428
3.097903545 -1.860338545 1.433833694
3.093229587 -1.833103633 1.492870188
3.092274721 -1.833564616 1.496388292
3.092234666 -1.834148801 1.499371862
3.085498865 -1.837015307 1.445542431
3.087749775 -1.837912119 1.445765352
3.095145757 -1.845901108 1.453727102
3.092685516 -1.842735804 1.444201565
3.090291078 -1.840525723 1.445960617
3.090467270 -1.840535498 1.452378368
3.087847765 -1.837898767 1.451462603
3.085327442 -1.836768127 1.451114273
3.105062063 -1.836355782 1.521688080
3.093516643 -1.833420372 1.504581308
3.096888836 -1.830889202 1.521351671
3.095305736 -1.837624228 1.469978666
3.096287067 -1.840299106 1.470193005
3.095494325 -1.839134908 1.472358561
3.095888670 -1.833165205 1.471007681
3.094426448 -1.830611146 1.479321814
3.090597446 -1.847925461 1.430797911
3.086649473 -1.844525373 1.429489708
3.091172035 -1.847114242 1.431967831
3.087188060 -1.843535638 1.430183268
3.087147291 -1.842207528 1.435844278
3.090493257 -1.846381879 1.436752653
3.074533041 -1.890918947 1.412900782
3.069480713 -1.895913458 1.414929008
3.066911037 -1.902101970 1.414902782
3.066772754 -1.886741197 1.410701132
3.062620695 -1.893953479 1.413716173
3.062529619 -1.880118943 1.407742596
3.058166082 -1.888063348 1.411788321
3.087716873 -1.856698251 1.440018511
3.082876260 -1.848561979 1.438452578
3.084904010 -1.849902487 1.438844538
3.086810882 -1.853138960 1.439062452
3.082565363 -1.848419702 1.440100288
3.082894619 -1.847968436 1.440326309
3.079261596 -1.845402217 1.438593721
3.080398376 -1.846468664 1.438644981
3.088903244 -1.862003482 1.438902950
3.088822420 -1.863449967 1.439839458
3.087990577 -1.861160791 1.441038704
3.088189657 -1.859276212 1.440379477
3.087769086 -1.856748259 1.440987682
3.087811525 -1.856554544 1.439978695
3.086658533 -1.852920211 1.439893103
3.086550529 -1.852974809 1.440531826
3.085928972 -1.869800604 1.407715654
3.088655050 -1.864326871 1.410812235
3.082143839 -1.855342007 1.405941105
3.079788263 -1.859638369 1.402361965
3.072002704 -1.881286240 1.407379007
3.067102726 -1.873729861 1.404292440
3.072571094 -1.868284560 1.401671028
3.089824493 -1.856986976 1.417640781
3.089608724 -1.859857893 1.413799143
3.085431631 -1.849990225 1.416654682
3.084597166 -1.852673388 1.410393810
3.120648916 -1.866901195 1.555219746
3.117151792 -1.857852674 1.555584049
3.106417711 -1.878784931 1.582124329
3.108462389 -1.887947178 1.580056763
3.112037714 -1.849252558 1.554105139
3.103203113 -1.870826221 1.584326839
3.106638248 -1.844254709 1.554215527
3.097500379 -1.836080945 1.553876257
3.090480144 -1.852509356 1.584957933
3.099054391 -1.863883949 1.585342503
3.073590334 -1.966133333 1.498993969
3.077167804 -1.965351320 1.510536289
3.312343176 -1.914849675 0.739666915
3.310197647 -1.917718387 0.750122404
3.310833986 -1.916245318 0.744765139
3.313848074 -1.913674689 0.735706186
3.306573446 -1.901215709 0.720749950
3.306742008 -1.901545442 0.722980833
3.314738329 -1.911115683 0.729509568
3.314632709 -1.910001314 0.726436472
3.315466220 -1.909053243 0.723789310
3.316235597 -1.908177114 0.720936394
3.317067916 -1.906698501 0.717678165
3.318320329 -1.905518985 0.714291668
3.319063480 -1.904140509 0.711248493
3.319361742 -1.903412080 0.709615326
3.315188701 -1.897298849 0.696759439
3.312155063 -1.898559904 0.698494172
3.309191043 -1.900278128 0.701987243
3.307225759 -1.902772701 0.706396675
3.305284555 -1.905601895 0.712569809
3.301876123 -1.908457077 0.718930101
3.315133388 -1.896966136 0.695423460
3.320010717 -1.897209025 0.697072363
3.321570690 -1.897425568 0.698987103
3.321718032 -1.898021436 0.699939108
3.301032837 -1.910793162 0.722281432
3.299678619 -1.911641872 0.727859592
3.320920761 -1.900592840 0.704245424
3.322035129 -1.898656941 0.700841522
3.321896608 -1.899092114 0.701319551
3.321830566 -1.899029231 0.701644397
3.321779544 -1.899161733 0.701797104
3.321706112 -1.899398244 0.701992488
3.321596677 -1.899657941 0.702313161
3.321465309 -1.899848318 0.702665901
3.319499786 -1.902294016 0.707392073
3.319546039 -1.902692473 0.708187437
3.314631040 -1.912308312 0.732575274
3.314527567 -1.900589025 0.696914649
3.314969356 -1.895555354 0.698197460
3.321800525 -1.898610092 0.702007985
3.321818168 -1.899709142 0.701362348
3.321543510 -1.900345242 0.701290464
3.321709688 -1.898243046 0.702597237
3.314156349 -1.894157267 0.702751732
3.305172260 -1.902588404 0.723947144
3.304104145 -1.903982616 0.727637506
3.303482111 -1.905025876 0.730519271
3.307864006 -1.900411463 0.716505861
3.310292537 -1.897864914 0.712448454
3.311672504 -1.896844483 0.711392975
3.312403495 -1.894978738 0.706601715
3.311076934 -1.896165407 0.709134197
3.314616497 -1.903561151 0.722159123
3.315554197 -1.911377824 0.719414449
3.313703354 -1.895701266 0.709909177
3.313174303 -1.896735824 0.712256885
3.311579998 -1.898483313 0.714874125
3.306084926 -1.904767251 0.732235885
3.306743438 -1.903542555 0.729405737
3.307597931 -1.902476108 0.726498938
3.312302644 -1.908722675 0.705907917
3.314378078 -1.909048057 0.707020140
3.311532552 -1.907711721 0.704379177
3.314978654 -1.907797730 0.705095148
3.310368831 -1.909050799 0.706857419
3.313525732 -1.910770512 0.709891415
3.305758770 -1.915056086 0.718616819
3.309223945 -1.916404760 0.720907307
3.304923828 -1.916532016 0.722073650
3.308691318 -1.917575992 0.724333143
3.313166435 -1.905797995 0.701305366
3.315736587 -1.903515375 0.698168492
3.307588394 -1.915023661 0.717511868
3.304417427 -1.917908764 0.725664711
3.307367141 -1.913854635 0.715402102
3.308706100 -1.911679721 0.711519217
3.321323211 -1.900824821 0.701207733
3.321552808 -1.897957123 0.702974892
3.321806247 -1.899793125 0.701126194
3.321880157 -1.898301876 0.701856709
3.321984108 -1.897658801 0.701659775
3.321632917 -1.900204397 0.700180149
3.321027811 -1.901449716 0.701000428
3.321148212 -1.897413052 0.703542805
3.310643013 -1.899589694 0.718226886
3.312181528 -1.912511087 0.712921953
3.318630273 -1.904853917 0.705687976
3.319279964 -1.899455822 0.708380795
3.320650632 -1.902050174 0.700902081
3.319835718 -1.903111375 0.702388501
3.320234830 -1.897761202 0.705405092
3.321006830 -1.897433556 0.703823900
3.321085031 -1.896219290 0.702829456
3.320731218 -1.901508725 0.699245787
3.319669540 -1.896669364 0.705529785
3.318892772 -1.903765476 0.701420522
3.319249685 -1.899363196 0.709387398
3.307535226 -1.910341895 0.711322880
3.306793506 -1.901355660 0.715165472
3.310516412 -1.903534031 0.727604365
3.312985952 -1.905885554 0.727880454
3.313883598 -1.904915727 0.725154018
3.309517915 -1.906229413 0.733223534
3.308322246 -1.919202662 0.727480507
3.311170156 -1.918610549 0.728474593
3.310516651 -1.915166474 0.718514538
3.311045463 -1.914106107 0.716085052
3.313761528 -1.913236177 0.717603302
3.312936123 -1.914526260 0.720598793
3.312306697 -1.901440716 0.721943235
3.309619720 -1.900583125 0.721474743
3.308840807 -1.901442266 0.723925447
3.311238821 -1.902472294 0.724984741
3.315958316 -1.906357682 0.702604747
3.317920501 -1.903819538 0.699416256
3.318525131 -1.903769529 0.700891113
3.319585378 -1.900926090 0.697038984
3.320328052 -1.900898672 0.698026514
3.314924533 -1.894838488 0.708117819
3.317614849 -1.896365977 0.709301686
3.319028194 -1.893898106 0.700750685
3.316490944 -1.893891073 0.704966164
3.318475540 -1.894843972 0.706075764
3.320573146 -1.894955969 0.701790190
3.316313799 -1.894163585 0.699563360
3.313008363 -1.895228362 0.700623012
3.314092691 -1.902156389 0.697741365
3.317734058 -1.900594747 0.696276999
3.308221395 -1.898673869 0.709185338
3.310368354 -1.896263814 0.703920460
3.308598573 -1.906673587 0.705571508
3.310848053 -1.903842485 0.700762844
3.303660209 -1.903577125 0.720620608
3.302119310 -1.905725217 0.725276566
3.302710826 -1.914629674 0.721662736
3.303782518 -1.913061059 0.717874622
3.301231201 -1.907365120 0.729805326
3.301430042 -1.916002310 0.726330256
3.316801841 -1.907181001 0.706073141
3.317704733 -1.906578756 0.706866837
3.317112739 -1.896924591 0.710666633
3.316274698 -1.897890008 0.713035440
3.318888242 -1.899126864 0.710360265
3.315365846 -1.899306453 0.715919948
3.313915784 -1.900540150 0.718916035
3.315992887 -1.902516818 0.718786573
3.318480308 -1.900130189 0.712750769
3.317658956 -1.901527799 0.715688682
3.316549594 -1.909921801 0.716025090
3.314756925 -1.911614871 0.714430428
3.318036850 -1.907287991 0.709518051
3.317535455 -1.908746934 0.712641811
3.315904911 -1.910095966 0.711084819
3.316488559 -1.908399380 0.708132362
3.317250307 -1.905947721 0.704046822
3.317921455 -1.905955649 0.705632305
3.314831550 -1.912495768 0.722152328
3.312077339 -1.915774382 0.722872591
3.314129646 -1.913559115 0.724732018
3.311715658 -1.916927553 0.725729084
3.314257438 -1.915479339 0.731175518
3.314134176 -1.914679504 0.727938271
3.312615450 -1.908268726 0.733773565
3.310189302 -1.904911673 0.730336761
3.312664325 -1.907011307 0.730563855
3.270540292 -1.866343952 0.778010106
3.262543972 -1.921648538 0.794359660
3.269110019 -1.923187411 0.780324793
3.257845934 -1.906224585 0.806296444
3.277794893 -1.922446406 0.768805122
3.283865268 -1.919893659 0.758205032
3.286976631 -1.916756964 0.750346994
3.254454668 -1.892819202 0.798653340
3.261255558 -1.884107268 0.788449144
3.268286283 -1.873030699 0.782217121
3.298650558 -1.912539101 0.730229115
3.291117485 -1.913920916 0.743130660
3.295418079 -1.913215018 0.738874531
3.296182449 -1.913424290 0.737050509
3.297092493 -1.913203216 0.733632541
3.287276323 -1.861318565 0.774263000
3.277076538 -1.865398324 0.776562667
3.263325746 -1.865229643 0.781401849
3.256360347 -1.862003482 0.787423468
3.253967340 -1.858864284 0.795048809
3.255634124 -1.857168234 0.802300310
3.259177024 -1.856328464 0.808092213
3.300429161 -1.849410928 0.760437346
3.298656757 -1.852267003 0.762976980
3.295794542 -1.854540861 0.764996982
3.291272457 -1.857190764 0.767906046
3.291662033 -1.860187924 0.802743411
3.291151817 -1.856772876 0.795506334
3.264149244 -1.856803453 0.811297989
3.278111036 -1.862163818 0.813757992
3.272222574 -1.859568036 0.815000153
3.286275919 -1.863344229 0.810085750
3.284078176 -1.857515252 0.786720967
3.275934751 -1.860781706 0.776577091
3.303799207 -1.891902841 0.739012814
3.321327741 -1.884877956 0.740688896
3.318690355 -1.883183039 0.740689492
3.319994743 -1.886457122 0.744856811
3.324097450 -1.893420315 0.737431383
3.323116119 -1.894789553 0.741388535
3.321665104 -1.896240092 0.735034084
3.325624998 -1.891375101 0.732517576
3.322979505 -1.894608236 0.729948139
3.326153333 -1.889665759 0.727881646
3.335071857 -1.876095212 0.695642209
3.335241850 -1.877114988 0.693285441
3.330848510 -1.882908380 0.704804516
3.328652198 -1.885720170 0.709873056
3.330553110 -1.882498300 0.711694574
3.332524116 -1.879991389 0.706251001
3.326007183 -1.888756788 0.716439104
3.328174169 -1.885484612 0.717939472
3.330094631 -1.874050117 0.715206480
3.331914003 -1.871660626 0.709879613
3.327614601 -1.876533008 0.721750832
3.324677999 -1.874551988 0.721977806
3.327090557 -1.871853030 0.714866853
3.333388383 -1.869488454 0.704694605
3.329006012 -1.869796312 0.709758258
3.331191356 -1.867574430 0.704896069
3.334048565 -1.878006792 0.701640463
3.332447822 -1.880887306 0.700243211
3.308547790 -1.895955718 0.733475304
3.308068569 -1.885695017 0.738665199
3.312921341 -1.891684091 0.723339415
3.310915048 -1.894480503 0.729547834
3.310655887 -1.882983542 0.735319471
3.311510141 -1.879781342 0.727800703
3.326313312 -1.876128233 0.691121554
3.322490509 -1.881926453 0.701665497
3.324365671 -1.866120315 0.695859289
3.321586187 -1.870347953 0.706343269
3.333709295 -1.871920026 0.685513115
3.329219635 -1.873347915 0.687221861
3.327641065 -1.864684618 0.690740442
3.332523162 -1.863280511 0.688727951
3.337004001 -1.863237536 0.690438247
3.334867771 -1.863393104 0.695540047
3.332862671 -1.862877763 0.694655514
3.334936674 -1.863148129 0.689002967
3.333123739 -1.864212430 0.699937916
3.330628688 -1.864631689 0.698954678
3.337097938 -1.871899522 0.687419271
3.335852201 -1.871774471 0.686140871
3.336006935 -1.874287701 0.689751363
3.335115726 -1.874202705 0.688196278
3.332987602 -1.877341724 0.692305541
3.321427877 -1.879092372 0.731682634
3.318054016 -1.878458000 0.731730080
3.319046552 -1.875941551 0.727587557
3.322689350 -1.876635290 0.727242804
3.323572452 -1.892901159 0.725636816
3.324375446 -1.890828348 0.721412635
3.323003585 -1.892091072 0.721571302
3.321001346 -1.894066251 0.724597073
3.320577915 -1.897792614 0.738137817
3.316247518 -1.899360335 0.735228872
3.317105587 -1.884571529 0.744714475
3.324281032 -1.881035662 0.731682158
3.323040779 -1.882826662 0.735656476
3.320021207 -1.881176150 0.735935545
3.316052730 -1.874877012 0.718218184
3.317975814 -1.887238062 0.713388658
3.334838684 -1.867218948 0.699993587
3.336179311 -1.874226129 0.691480732
3.335925634 -1.864605999 0.695693111
3.338159139 -1.871549106 0.688322282
3.337709243 -1.863909758 0.691321945
3.338188942 -1.864868319 0.692964649
3.336844022 -1.865809894 0.695742464
3.337074573 -1.873531616 0.692187643
3.338385875 -1.871463037 0.689839458
3.334974582 -1.867683506 0.699268198
3.335558946 -1.874889291 0.695832467
3.324180420 -1.889703370 0.715716934
3.321169431 -1.873834110 0.721451139
3.338600690 -1.865224040 0.692504621
3.338714893 -1.870858765 0.689545488
3.338632400 -1.870658791 0.688479042
3.338067348 -1.864567078 0.691217756
3.339181478 -1.865865922 0.690730667
3.339169796 -1.869587338 0.688890910
3.338916357 -1.865465916 0.692090607
3.339053447 -1.870303607 0.689591026
3.320529516 -1.889628923 0.714263773
3.317724044 -1.893636859 0.721795058
3.312806184 -1.899244404 0.733516788
3.317791517 -1.894705272 0.724093294
3.332592065 -1.874631739 0.687539196
3.330338533 -1.877656079 0.691635466
3.317640598 -1.897796548 0.732181168
3.314237173 -1.897733128 0.730578637
3.319824512 -1.895720876 0.727895594
3.315456922 -1.895811057 0.725898600
3.326543148 -1.886090434 0.708035684
3.323873336 -1.884490824 0.704743004
3.330251033 -1.882559157 0.699929929
3.326608713 -1.882294333 0.699624872
3.328858669 -1.884022630 0.703790164
3.326013143 -1.883913851 0.702665067
3.316692884 -1.880519188 0.735413885
3.315373952 -1.881999648 0.739274120
3.313323553 -1.883832252 0.744247413
3.324962432 -1.871221757 0.713883972
3.327160652 -1.869259334 0.709519482
3.328573043 -1.867064274 0.705177283
3.326592023 -1.887551523 0.723135209
3.325770671 -1.878452635 0.726574039
3.324199970 -1.868171192 0.705985165
3.327776487 -1.864542818 0.697553968
3.324759061 -1.869540251 0.708988762
3.322502191 -1.870532966 0.710408902
3.318834360 -1.873760140 0.720324016
3.310646589 -1.883888400 0.741746044
3.312849338 -1.882132149 0.737383938
3.313841875 -1.879057682 0.731867170
3.330039318 -1.863158203 0.692578411
3.339205797 -1.866320587 0.691358304
3.339232261 -1.869412101 0.689781046
3.339256818 -1.869256592 0.689493275
3.339246090 -1.866211033 0.691062307
3.329864318 -1.864076710 0.688997841
3.331149871 -1.872093594 0.685820198
3.322891052 -1.890376366 0.743709421
3.335618551 -1.872222102 0.699379420
3.335931356 -1.871939814 0.698460793
3.339011009 -1.868839896 0.692575073
3.339332635 -1.868346489 0.691317296
3.339451130 -1.868091441 0.690929151
3.339504774 -1.867826498 0.690590358
3.339525039 -1.867673076 0.690360880
3.339479263 -1.867491222 0.689837551
3.338756378 -1.866908527 0.688469028
3.338034446 -1.869732237 0.694758034
3.305905635 -1.891186989 0.734874821
3.308066900 -1.889307893 0.730621791
3.338282640 -1.866514480 0.687747574
3.337559040 -1.866390443 0.686997271
3.335398967 -1.866194702 0.685788131
3.333139236 -1.866719282 0.685866928
3.309459026 -1.886347628 0.722877836
3.313724334 -1.881471312 0.713474607
3.318848426 -1.876379884 0.703017092
3.323036487 -1.871191717 0.692877865
3.327310617 -1.868297136 0.687994456
3.330288465 -1.867343164 0.686472631
3.334452922 -1.873476184 0.703295565
3.333372648 -1.875704980 0.708001947
3.331096704 -1.878268814 0.713806486
3.328909929 -1.880992747 0.720013237
3.327258403 -1.883396781 0.724969721
3.326520975 -1.885320521 0.730200148
3.325606401 -1.887078023 0.734594083
3.323998745 -1.888767875 0.739877915
3.316344555 -1.878024376 0.731336093
3.315458353 -1.877107358 0.728422260
3.316894825 -1.842279590 0.761446333
3.314817245 -1.839593447 0.761271095
3.315364416 -1.845296896 0.766008949
3.318978603 -1.848661280 0.759389734
3.317769821 -1.851668454 0.764102316
3.317838008 -1.852122879 0.757194138
3.320740516 -1.844889141 0.753884411
3.319064911 -1.849058068 0.751292086
3.322433050 -1.841807461 0.748989320
3.331516559 -1.824325657 0.721402740
3.330552633 -1.826986230 0.720450735
3.327169473 -1.832770741 0.729407167
3.325275476 -1.836024022 0.732606030
3.326630409 -1.832841134 0.735378361
3.327742870 -1.830609000 0.731801844
3.323397691 -1.839255906 0.737120485
3.324967201 -1.836005605 0.739915705
3.324281747 -1.826257503 0.738214350
3.325323398 -1.824227250 0.734788156
3.323297079 -1.829415715 0.742653704
3.322040136 -1.827659583 0.743371105
3.322805936 -1.824186004 0.738493776
3.326875026 -1.820357061 0.729884481
3.323546941 -1.821882344 0.735211945
3.325085218 -1.818875468 0.730531311
3.329796131 -1.827328241 0.726469135
3.329045351 -1.829838312 0.724859810
3.303290660 -1.852022207 0.754953957
3.303715284 -1.842096723 0.760069227
3.307072218 -1.845548785 0.742867327
3.304253156 -1.849802471 0.749807692
3.305485065 -1.837748385 0.755327201
3.308343704 -1.832417763 0.747964716
3.318793829 -1.827943957 0.718154287
3.316144283 -1.832046307 0.725127912
3.317169006 -1.817035354 0.723590469
3.314333255 -1.821928537 0.730902052
3.328518922 -1.818690515 0.708347654
3.322757061 -1.823940015 0.711643791
3.319199855 -1.813992596 0.717004275
3.325505312 -1.811183429 0.713008022
3.329285200 -1.811631298 0.714525557
3.325955207 -1.813444889 0.719551420
3.324258144 -1.812419212 0.719860172
3.327550466 -1.810905612 0.713980889
3.325353916 -1.815807259 0.725612736
3.322308595 -1.815078831 0.726330137
3.332687671 -1.819201446 0.711794472
3.331034715 -1.818801260 0.709322667
3.331940944 -1.823235906 0.715219474
3.330222662 -1.823614693 0.711268878
3.327746685 -1.829835034 0.719156837
3.318944509 -1.833710170 0.752691364
3.315964754 -1.831928409 0.752076006
3.318195398 -1.829373455 0.748396015
3.320832784 -1.830774939 0.748178577
3.320563610 -1.845730758 0.746231174
3.321905906 -1.842470980 0.741762853
3.319196041 -1.844978786 0.740415907
3.317984159 -1.847678161 0.744450426
3.316871936 -1.854635990 0.761966562
3.312580164 -1.856644667 0.758378243
3.313055570 -1.842669404 0.765962338
3.320666130 -1.835499263 0.752258635
3.318573768 -1.838800884 0.756589866
3.316566045 -1.836375332 0.756606078
3.310544546 -1.827117777 0.739154673
3.311585720 -1.838435328 0.732781029
3.326597269 -1.816198445 0.724331474
3.332029398 -1.821398354 0.715621567
3.327123220 -1.813736833 0.719710922
3.332937296 -1.819162703 0.712800598
3.329953964 -1.812188304 0.714796877
3.329339798 -1.813452340 0.718005276
3.328621919 -1.814275420 0.719682312
3.332186277 -1.820873475 0.716787672
3.332557733 -1.820213771 0.715671873
3.328410204 -1.817175424 0.722793555
3.331005151 -1.822345889 0.720253444
3.320377882 -1.841491974 0.735267019
3.318819339 -1.826643622 0.742989278
3.330084856 -1.813135064 0.716975784
3.332937296 -1.819362379 0.715072966
3.333231504 -1.818064845 0.713690853
3.330819185 -1.812898791 0.715602493
3.331112440 -1.813315487 0.715850925
3.333205516 -1.817914939 0.714172935
3.330549057 -1.813315606 0.716783142
3.333018358 -1.818906939 0.714908457
3.316311653 -1.841372884 0.733413076
3.314603145 -1.845973945 0.739253855
3.307078416 -1.855931318 0.755396223
3.313481624 -1.848444796 0.743057585
3.327242191 -1.825528598 0.711465931
3.323335464 -1.830759859 0.718108392
3.314152773 -1.854574776 0.754374361
3.308816965 -1.853679514 0.751041031
3.316114004 -1.851439274 0.748915529
3.311875875 -1.850239253 0.745568371
3.322331483 -1.837796724 0.730510449
3.318920429 -1.836799479 0.727861738
3.325746830 -1.832538402 0.723021603
3.321265276 -1.833355225 0.723413920
3.323968465 -1.835059679 0.727147436
3.320499714 -1.835194445 0.725921607
3.313864763 -1.834316469 0.755566931
3.311984356 -1.837561107 0.760301685
3.310115869 -1.840778029 0.764996982
3.319995220 -1.822389341 0.738213754
3.321013744 -1.820136166 0.734906888
3.322088535 -1.817859030 0.731388664
3.324069078 -1.838549173 0.743949986
3.322449977 -1.832325435 0.746890402
3.317055996 -1.819102800 0.730008936
3.319049175 -1.815625406 0.725104666
3.316892440 -1.819555736 0.733173347
3.315551097 -1.821165061 0.734251595
3.313471372 -1.825411714 0.741258955
3.306611593 -1.840286351 0.763075089
3.308641012 -1.836610353 0.758359528
3.310693796 -1.832792139 0.753004885
3.322215135 -1.812179542 0.719124651
3.331071670 -1.813699937 0.716394758
3.333074148 -1.818082309 0.714850402
3.333133752 -1.817815340 0.714620209
3.331309135 -1.813690043 0.715997791
3.323097999 -1.812525785 0.711582756
3.325652416 -1.819082237 0.708814240
3.317258651 -1.848879970 0.765719390
3.329961593 -1.820874012 0.724128103
3.330049331 -1.819926775 0.722368336
3.331981237 -1.816485739 0.717622852
3.332304056 -1.815972603 0.716631269
3.332425888 -1.815829432 0.716147518
3.332529123 -1.815715409 0.715761042
3.332586582 -1.815570927 0.715475893
3.332585390 -1.815295732 0.715263224
3.332722957 -1.815308607 0.714605427
3.331598575 -1.817183292 0.718809938
3.301906641 -1.846548295 0.756848669
3.302812154 -1.842983401 0.751867390
3.332231577 -1.815175391 0.713378644
3.332242782 -1.814831531 0.712177134
3.330850179 -1.814736402 0.710225916
3.327917869 -1.814702845 0.709258413
3.305675323 -1.838115073 0.745217419
3.308598812 -1.831601298 0.736115551
3.312949712 -1.827141619 0.727583027
3.315915878 -1.822041548 0.719763136
3.318635519 -1.819117880 0.714562869
3.324829156 -1.815370536 0.709541774
3.329049881 -1.823448813 0.728701925
3.327090557 -1.827293790 0.733382082
3.326054151 -1.829450345 0.736782408
3.324957187 -1.832646525 0.741375303
3.323814924 -1.835324800 0.745689368
3.322239454 -1.838731742 0.750798321
3.320277507 -1.842078007 0.755722857
3.318577821 -1.845855034 0.761076903
3.312404449 -1.830782807 0.750677800
3.312253292 -1.829163349 0.748154616
3.251074846 -1.932064152 0.837563968
3.249075945 -1.921374059 0.842792130
3.257993991 -1.927261687 0.825604653
3.255194719 -1.917911029 0.831052756
3.261213834 -1.927095747 0.819803810
3.257250841 -1.915542519 0.826348400
3.270151432 -1.908772266 0.789992189
3.266776617 -1.914197004 0.789641595
3.264226730 -1.917253471 0.791804290
3.262203987 -1.926863349 0.800922489
3.276100452 -1.900820113 0.788693523
3.276262577 -1.905653632 0.784513807
3.272568042 -1.908728695 0.785961127
3.271748836 -1.914169348 0.781768298
3.270216520 -1.918964899 0.780424452
3.269390161 -1.930213011 0.782365417
3.272784050 -1.902159787 0.791708803
3.269830997 -1.904333032 0.793773866
3.260900076 -1.896240807 0.794630384
3.263752039 -1.905608273 0.797859526
3.278520877 -1.907632447 0.779796934
3.285108860 -1.903147376 0.772785759
3.288422639 -1.896928585 0.761077499
3.301183279 -1.892824626 0.743888235
3.297417696 -1.893425680 0.746258473
3.291407878 -1.894234872 0.751716471
3.321240242 -1.893388069 0.749873495
3.319823558 -1.895783043 0.756250834
3.318805273 -1.898096717 0.763123131
3.315677936 -1.853129781 0.731849527
3.315804298 -1.854672885 0.734828329
3.316364343 -1.850725508 0.768459892
3.314383085 -1.855907834 0.775232649
3.277731712 -1.899273134 0.850431299
3.266314800 -1.926313258 0.904049730
3.275252874 -1.906409896 0.865229940
3.144831236 -1.960837579 1.343861914
3.066381748 -1.974329150 1.403994179
3.098728473 -1.963885224 1.375307417
3.278472478 -1.893803692 0.839274025
3.270630653 -1.890383757 0.836460447
3.264735754 -1.889051295 0.833304262
3.279591615 -1.886468149 0.831251121
3.272218044 -1.881131804 0.829068637
3.263731535 -1.896466768 0.843534088
3.269725139 -1.895392275 0.847354746
3.285555179 -1.899426318 0.840241528
3.260309274 -1.906179047 0.801701641
3.258372839 -1.910000897 0.812880492
3.265511568 -1.933128870 0.817231512
3.269888218 -1.936763323 0.815872526
3.277114685 -1.939691878 0.817641354
3.259894664 -1.889225459 0.829434729
3.255824382 -1.894578612 0.822419739
3.255287225 -1.899175978 0.817966795
3.257173832 -1.891621685 0.825712061
3.289284523 -1.937388635 0.824999905
3.294878538 -1.928548193 0.832006073
3.294547136 -1.918725527 0.836020327
3.289996679 -1.906958914 0.840293384
3.277049596 -1.913439906 0.776429272
3.284365232 -1.908914900 0.767856216
3.277118023 -1.919033683 0.771716809
3.283707674 -1.916210330 0.761647320
3.285713966 -1.925014651 0.755382514
3.280856426 -1.928387320 0.765676355
3.286577757 -1.896918154 0.775258160
3.279367979 -1.903890169 0.782056904
3.286870058 -1.890647328 0.776679373
3.279829080 -1.898529923 0.784642792
3.285036142 -1.883121169 0.778875923
3.279441173 -1.893842852 0.785899258
3.282120521 -1.880904353 0.780788517
3.269928510 -1.887635267 0.786350703
3.286651428 -1.873389101 0.770278311
3.288298185 -1.878042734 0.769552684
3.290131147 -1.884732700 0.767074203
3.290249403 -1.921735084 0.747979498
3.286464746 -1.911721564 0.753851032
3.287936981 -1.904703534 0.757908678
3.289603288 -1.890876568 0.764207220
3.256706531 -1.894112146 0.796973801
3.295645769 -1.903386867 0.828899479
3.296774204 -1.906693495 0.827868795
3.286128099 -1.866551376 0.773113823
3.265078838 -1.884775019 0.786773539
3.276816661 -1.874915755 0.781798935
3.252328689 -1.890456057 0.800486183
3.253824051 -1.879405117 0.792177773
3.258055265 -1.872212088 0.786401010
3.303408439 -1.881726063 0.809431887
3.299275692 -1.891587770 0.818115687
3.307351644 -1.872960008 0.800631857
3.312126691 -1.866580761 0.790429688
3.313614662 -1.862799323 0.786212778
3.314510639 -1.859585202 0.781293726
3.294580515 -1.931377030 0.808737373
3.299797351 -1.928714908 0.796519017
3.302892025 -1.924900449 0.784317350
3.307797248 -1.921808398 0.772436953
3.310172374 -1.918648339 0.755716062
3.309897478 -1.919282353 0.762213564
3.298167045 -1.923133469 0.818929648
3.303324039 -1.916824735 0.805583334
3.307325418 -1.912243998 0.792223787
3.312399681 -1.906736112 0.780549741
3.317514474 -1.899992025 0.768531179
3.315326984 -1.902490414 0.773455477
3.326860721 -1.865284121 0.746622896
3.328662927 -1.862744785 0.741728163
3.330236013 -1.860355473 0.737172222
3.330606754 -1.857650197 0.730894184
3.332084949 -1.854488707 0.724976397
3.334881599 -1.850803888 0.718073940
3.337343986 -1.848160482 0.712125754
3.339377935 -1.845637238 0.706139541
3.331271227 -1.840386725 0.691954470
3.328411396 -1.841668165 0.694120979
3.326025541 -1.844331420 0.698634720
3.323393638 -1.848495996 0.706840611
3.315942581 -1.854253686 0.718296742
3.312177713 -1.860922671 0.730225897
3.335181053 -1.839125669 0.687630272
3.337978418 -1.837903357 0.687403536
3.340440328 -1.837725675 0.687943554
3.341989334 -1.837571478 0.688740349
3.298489626 -1.914598859 0.825068927
3.303475435 -1.903553045 0.811963654
3.307163532 -1.895876027 0.802624321
3.310979898 -1.886688149 0.792186713
3.291521604 -1.874489820 0.761928654
3.295306022 -1.871990598 0.756839132
3.308839614 -1.864365256 0.737783527
3.307137067 -1.867145336 0.744040585
3.300320680 -1.870699144 0.753500557
3.304422195 -1.869272745 0.749201989
3.341307457 -1.841112113 0.696859217
3.342701490 -1.837287045 0.689595556
3.342943246 -1.837124741 0.690101004
3.343359048 -1.837296522 0.690613723
3.343495901 -1.837362504 0.691186523
3.343658025 -1.837531960 0.691567874
3.343589122 -1.838318861 0.692894554
3.342477138 -1.839726901 0.694916821
3.339558656 -1.843612469 0.700325108
3.340162571 -1.844391680 0.702398157
3.324853237 -1.867276943 0.751510239
3.323158796 -1.869799650 0.756277418
3.314522321 -1.882318235 0.784405565
3.321424062 -1.873124516 0.764741993
3.317647750 -1.878883756 0.778293705
3.319644506 -1.875981009 0.772497392
3.255150850 -1.940120674 0.836141324
3.262523944 -1.933805561 0.822660184
3.283755119 -1.943768835 0.831564045
3.292212064 -1.935809470 0.838666058
3.292027052 -1.923237121 0.843628025
3.288247163 -1.912160314 0.848659134
3.294379528 -1.930637873 0.817694998
3.297342594 -1.925921476 0.816560721
3.290905531 -1.934024012 0.805293894
3.297165210 -1.923111475 0.824696517
3.298459346 -1.917947567 0.823612309
3.296550090 -1.914273417 0.830170250
3.301150138 -1.925485528 0.800152397
3.302444275 -1.920870698 0.802973008
3.296976860 -1.932052112 0.794115639
3.303544815 -1.913682020 0.807925439
3.303628976 -1.908720410 0.809939837
3.301865633 -1.898979998 0.814601517
3.300611074 -1.894782281 0.815986967
3.304500396 -1.921345747 0.787624812
3.305888231 -1.916823304 0.789652920
3.300303276 -1.927983857 0.781738615
3.307987268 -1.907015002 0.796094275
3.307702358 -1.901403344 0.799336290
3.305238302 -1.890003181 0.804881668
3.304298933 -1.885504580 0.807649350
3.257121141 -1.878033674 0.823535419
3.260427053 -1.900411523 0.839112377
3.293566520 -1.919682658 0.742708063
3.296377475 -1.918967462 0.738480186
3.297781046 -1.918593502 0.735565996
3.298982437 -1.917578853 0.732270813
3.300244625 -1.916641868 0.728739595
3.331924255 -1.844809330 0.689550495
3.330901916 -1.836511827 0.693858957
3.308685835 -1.917473829 0.774731255
3.310457761 -1.912090755 0.776856756
3.305397804 -1.925920642 0.769626474
3.312635238 -1.900087333 0.784463501
3.312484558 -1.893645382 0.788553572
3.309327896 -1.881822682 0.794071651
3.308516557 -1.876924134 0.797780609
3.304585273 -1.868604279 0.801962709
3.342762764 -1.836048818 0.691528416
3.343914564 -1.839123047 0.690329885
3.344003017 -1.838786877 0.690857267
3.343066747 -1.836391008 0.691850996
3.312475259 -1.909276224 0.755865908
3.311884220 -1.911378599 0.760142183
3.312600191 -1.907587445 0.750211692
3.315008934 -1.907032168 0.758174276
3.314508016 -1.908475435 0.762811518
3.315322692 -1.905125118 0.752272224
3.318326051 -1.889060951 0.767557955
3.317531402 -1.891599870 0.771797037
3.318054493 -1.886387384 0.762819147
3.319725807 -1.885794497 0.769483304
3.318528469 -1.887482024 0.774007177
3.320067699 -1.883298672 0.764160490
3.312055643 -1.876481688 0.786788321
3.313969667 -1.872627414 0.781962967
3.314943845 -1.870331264 0.777001476
3.314283187 -1.867462790 0.770472980
3.313948686 -1.869959748 0.784152842
3.314904506 -1.868096924 0.779454803
3.314525182 -1.865186787 0.773223615
3.284080799 -1.855587995 0.801156855
3.277717168 -1.828414357 0.774915552
3.272265966 -1.824227548 0.755550838
3.271572883 -1.826010323 0.753310061
3.270803983 -1.828857577 0.750060415
3.290406044 -1.833018160 0.752993679
3.291240032 -1.829824543 0.755132055
3.290434177 -1.827819384 0.756508565
3.286845739 -1.834496177 0.749538040
3.276048715 -1.831447339 0.745549297
3.283042247 -1.833634055 0.747090197
3.268664892 -1.966457403 0.887100315
3.252082403 -1.970881975 0.882605410
3.276258047 -1.949334538 0.842012262
3.242708261 -1.973585046 0.877792931
3.218391473 -1.939206279 0.884691095
3.222085531 -1.931377983 0.888667917
3.250125702 -1.914369917 0.845811224
3.275435741 -1.954905844 0.893802977
3.275964553 -1.942022777 0.899452543
3.235157545 -1.967276550 0.876654243
3.227256115 -1.961442805 0.876322126
3.219996746 -1.951358474 0.878963447
3.256152446 -1.907591141 0.840043044
3.255107458 -1.911146439 0.836374140
3.258339222 -1.905296123 0.834258413
3.257241542 -1.908810354 0.830950594
3.272015150 -1.932591415 0.902932262
3.258880193 -1.921510435 0.903118944
3.248690660 -1.918645597 0.901734924
3.236560638 -1.920174158 0.897244310
3.228705461 -1.924744821 0.892902231
3.138146694 -1.908021546 1.319976902
3.123497541 -1.892155326 1.316702938
3.094982202 -1.869680322 1.324305391
3.107433612 -1.875905133 1.325570917
3.087531860 -1.867102063 1.322580671
3.083149726 -1.877729631 1.338193750
3.077786024 -1.879605985 1.341245031
3.088092382 -1.876052952 1.335768080
3.095488365 -1.878756023 1.337787008
3.106266792 -1.882642842 1.336610174
3.116175230 -1.894346750 1.339556313
3.124204691 -1.912515378 1.343152618
3.310698326 -1.850042797 0.777577734
3.310183818 -1.852803564 0.781192875
3.308209236 -1.848742760 0.776940680
3.307223613 -1.849969900 0.779036379
3.303893383 -1.923935926 0.742511249
3.299502905 -1.922105885 0.740672803
3.298982437 -1.907259083 0.742613411
3.298862274 -1.900388456 0.744640684
3.295525367 -1.883578098 0.749983644
3.295890863 -1.877866304 0.753917074
3.295062358 -1.866144634 0.759426332
3.294313724 -1.859622574 0.761309838
3.296941574 -1.850454486 0.768307066
3.299789484 -1.848046637 0.771854734
3.305008228 -1.848050094 0.777176237
3.134012754 -1.911021507 1.326560116
3.142323310 -1.932887769 1.332840061
3.311457450 -1.854384578 0.780776358
3.312754924 -1.856506324 0.780821061
3.315226371 -1.862818516 0.782126045
3.315490062 -1.866511739 0.781170225
3.316039379 -1.871842003 0.774689054
3.317526157 -1.873384631 0.773414826
3.320831354 -1.879274464 0.771707988
3.320812042 -1.882511115 0.770426369
3.317977007 -1.892342484 0.765247083
3.318128879 -1.895211077 0.764337277
3.318479354 -1.901628828 0.761129713
3.317390258 -1.904761589 0.759666061
3.311037595 -1.912168003 0.752648091
3.310346420 -1.915101743 0.751374578
3.310210044 -1.921122587 0.748467302
3.281523044 -1.823162353 0.758136249
3.053860958 -1.988084650 1.410418367
3.087169464 -1.856630659 1.294988489
3.291285570 -1.901417351 0.746924496
3.291765030 -1.906774676 0.745495534
3.312506015 -1.864647544 0.763980007
3.312892492 -1.862387753 0.766545868
3.305644567 -1.858035541 0.758333778
3.261141832 -1.901894367 0.860109901
3.008353288 -1.989473021 1.420427418
3.026170309 -1.993904567 1.385196543
3.064384754 -1.999790466 1.390178061
3.038302238 -1.996173716 1.416035509
3.122031267 -1.994439996 1.366706705
3.100099619 -2.000520385 1.369933701
3.048456247 -1.995062387 1.367174721
3.310557420 -1.913294590 0.745991325
3.310948665 -1.911472953 0.740832186
3.312492426 -1.917792476 0.738190508
3.310868795 -1.919535911 0.743065691
3.308762605 -1.921710527 0.740469551
3.306344326 -1.906232393 0.735134220
3.307285364 -1.906547821 0.738627529
3.309658344 -1.904917872 0.741950130
3.302529867 -1.906442261 0.741210556
3.305792625 -1.904445029 0.741302705
3.303031976 -1.907048321 0.736278391
3.300699051 -1.908103860 0.735765553
3.301008041 -1.908008552 0.732943392
3.303200061 -1.906561530 0.733610964
3.272255237 -1.824944592 0.760368443
3.270444448 -1.826853192 0.756929374
3.269189890 -1.830905533 0.753837204
3.274853046 -1.821735001 0.749429083
3.289137895 -1.836130953 0.757670379
3.273705776 -1.823690987 0.747030473
3.273304756 -1.826562441 0.746475315
3.290897424 -1.830155826 0.750674582
3.291496570 -1.826730228 0.751519775
3.290363605 -1.832299865 0.759028530
3.289629037 -1.830211139 0.760849094
3.290535028 -1.825166023 0.752515650
3.289868410 -1.822393394 0.745915270
3.289237554 -1.829855657 0.746957040
3.289784248 -1.825488723 0.745700932
3.285428579 -1.837391055 0.752501106
3.285763557 -1.826466835 0.764730310
3.288509424 -1.826998389 0.760231590
3.290085371 -1.825162089 0.753476357
3.288876827 -1.820433712 0.748901701
3.289285715 -1.824474371 0.754072881
3.287965353 -1.826316095 0.759691811
3.287323291 -1.825592196 0.759054279
3.288854892 -1.823738611 0.754376745
3.286903198 -1.825200892 0.758058167
3.288047369 -1.823209322 0.754745579
3.286982353 -1.820141530 0.751741505
3.287862594 -1.820121384 0.750711060
3.288279350 -1.820163942 0.750052786
3.286877449 -1.819282389 0.750170803
3.285865362 -1.819000280 0.750427580
3.285048301 -1.818563199 0.750181293
3.285499628 -1.818686343 0.750055170
3.262064750 -1.839915371 0.784996367
3.262343700 -1.842255032 0.779303527
3.264899309 -1.846035755 0.775388336
3.302622612 -1.849744416 0.782317615
3.307564075 -1.846581316 0.773675299
3.295801456 -1.856956339 0.792935348
3.300044830 -1.853780604 0.786983585
3.270638759 -1.849393464 0.772239542
3.302353437 -1.845586515 0.769571638
3.295299108 -1.850512541 0.774859047
3.281707103 -1.845986760 0.785845852
3.276536758 -1.850248373 0.773186779
3.281217392 -1.848823762 0.778882718
3.278716858 -1.836975789 0.785714006
3.282537992 -1.830117500 0.774707770
3.285649355 -1.836169815 0.774206495
3.282274540 -1.840542889 0.782258606
3.286002691 -1.838872409 0.772007322
3.283543642 -1.842727876 0.779313898
3.299486215 -1.847796476 0.766167021
3.292776163 -1.853466487 0.771258688
3.279755409 -1.846693969 0.769140577
3.282462413 -1.841880358 0.764407253
3.284202154 -1.841472781 0.768052316
3.282713468 -1.845373965 0.773251390
3.265430744 -1.838797784 0.769495821
3.266535099 -1.836258746 0.763874626
3.265505846 -1.835868156 0.774412489
3.267368848 -1.831423378 0.767053223
3.272642906 -1.827419258 0.772650456
3.269948299 -1.834003187 0.782689428
3.275317962 -1.835192955 0.785271740
3.267241294 -1.834304011 0.778943634
3.269169386 -1.828561163 0.768991089
3.274858530 -1.845684445 0.765234566
3.267866190 -1.842229522 0.766138530
3.269462402 -1.839995838 0.761383152
3.276162918 -1.841942048 0.759049153
3.263735111 -1.851667977 0.805338001
3.268809135 -1.853439546 0.808353758
3.280886467 -1.851647652 0.783409691
3.282006557 -1.849707580 0.791766024
3.284818704 -1.854298151 0.795186377
3.267823513 -1.839037335 0.792294836
3.267926986 -1.846260882 0.801424360
3.252738292 -1.879662192 0.818326092
3.301903303 -1.854680157 0.758351660
3.310721452 -1.858603752 0.761293030
3.316764171 -1.884087062 0.756116486
3.319024618 -1.881002999 0.756733513
3.303826864 -1.899555004 0.741529083
3.302427108 -1.883552587 0.748559093
3.308436449 -1.901856578 0.740834570
3.312640960 -1.902812159 0.742529011
3.314866359 -1.903507209 0.746283150
3.317787464 -1.892821169 0.758314705
3.320004518 -1.899311459 0.754973269
3.308998640 -1.884454585 0.745416737
3.312547739 -1.884733653 0.748288727
3.318439300 -1.889960444 0.751666403
3.315935905 -1.886803186 0.752420521
3.321134622 -1.896882213 0.747679090
3.305653150 -1.886274314 0.742968893
3.318250949 -1.900275505 0.745082474
3.258910711 -1.903600550 0.836327648
3.274656828 -1.855939126 0.808985209
3.263316925 -1.878450728 0.827198958
3.277180250 -1.933845377 0.784287310
3.286014850 -1.937114633 0.785972691
3.266708667 -1.939196742 0.822717285
3.083060796 -1.872055984 1.330267525
3.070657308 -1.891218579 1.352145052
3.056404884 -1.909003413 1.368244743
3.309700067 -1.908232427 0.741430378
3.311809833 -1.905951834 0.744941807
3.302378709 -1.920423544 0.732311225
3.303567703 -1.919097698 0.728199339
3.310283477 -1.921006239 0.735687590
3.306188638 -1.921458161 0.733676052
3.307208116 -1.920434332 0.730052567
3.284052904 -1.819790519 0.742837763
3.278970058 -1.819429911 0.743855810
3.284112747 -1.826392329 0.742354488
3.284238632 -1.829762614 0.743956780
3.276748951 -1.827156759 0.743582821
3.278152521 -1.824510372 0.742730236
3.279697235 -1.837335027 0.750531530
3.272556360 -1.835216439 0.750865912
3.299799497 -1.858515835 0.760036564
3.292587097 -1.933036483 0.771320677
3.286655481 -1.932946539 0.767413831
3.292635734 -1.930561102 0.758063054
3.297326858 -1.930592931 0.761395073
3.269182022 -1.935732520 0.799512720
3.275441463 -1.938966430 0.802419758
3.301073606 -1.927297390 0.752261734
3.295917089 -1.926163471 0.749245739
3.305105026 -1.922779537 0.738042927
3.302806909 -1.925307787 0.746695375
3.297938163 -1.923197663 0.744496918
3.301009472 -1.921796239 0.736653304
3.305818136 -1.852450884 0.785095072
3.311595256 -1.858175373 0.785860634
3.309407289 -1.856338895 0.786434388
3.296044166 -1.886955595 0.821090317
3.299731786 -1.875830031 0.810900784
3.304963644 -1.855942643 0.790271020
3.302889879 -1.928436375 0.766104078
3.314682062 -1.867378748 0.784779167
3.315374191 -1.873814321 0.778951263
3.313481624 -1.916535771 0.734422064
3.310261543 -1.920111037 0.732156849
3.311697300 -1.910052634 0.736695623
3.309193189 -1.907495535 0.736480927
3.272243555 -1.942697382 0.825725770
3.297073896 -1.930845952 0.778528309
3.291210468 -1.934495664 0.790664411
3.283814962 -1.936728752 0.807498312
3.298831279 -1.862848676 0.802542067
3.280285175 -1.857034958 0.806679583
3.286674554 -1.893284238 0.833278036
3.292340572 -1.901594973 0.833213663
3.283150013 -1.904512918 0.851292229
3.255056913 -1.905321575 0.855146980
3.252003963 -1.909393466 0.850870466
3.285473402 -1.942735529 0.850263929
3.288079078 -1.930824674 0.855356431
3.267925079 -1.902260578 0.863308644
3.285645540 -1.919068134 0.861973143
3.281181629 -1.911203778 0.863531804
3.264329727 -1.948475755 0.838256812
3.259387310 -1.944195843 0.835662937
3.283219392 -1.818104065 0.749856806
3.280293043 -1.818066872 0.749355173
3.281306083 -1.817876852 0.749247050
3.283390100 -1.818034327 0.749678469
3.283607299 -1.817844904 0.749257183
3.279575403 -1.818306363 0.749091721
3.283179576 -1.818321622 0.750358200
3.279460723 -1.818433082 0.749307489
3.282340820 -1.820808804 0.755005336
3.278895433 -1.819285131 0.750796890
3.282754715 -1.818924106 0.751698828
3.283082063 -1.818514562 0.750784016
3.277649458 -1.820832646 0.753043270
3.281925495 -1.822495735 0.757291412
3.276845033 -1.822583771 0.755486822
3.275519664 -1.823524332 0.756043530
3.276701744 -1.821346498 0.752626514
3.278751190 -1.818950272 0.749851441
3.278474863 -1.818737722 0.748702860
3.283887918 -1.817557192 0.748316383
3.284549291 -1.817704237 0.747499084
3.279086645 -1.818338192 0.746363735
3.276118572 -1.821850932 0.752324796
3.281180914 -1.823188341 0.759353018
3.274731453 -1.823259628 0.757057643
3.280174787 -1.823254860 0.762697792
3.279527004 -1.824313379 0.766086197
3.275760467 -1.821841216 0.750932431
3.273907955 -1.824418462 0.764180398
3.273564155 -1.823692775 0.758872485
3.127421434 -1.892215586 1.311302757
3.104082401 -1.950401760 1.366214609
3.144496019 -1.949371672 1.337869024
3.071793373 -1.964910007 1.398036575
3.065328415 -1.891151047 1.352488136
3.079036529 -1.874836779 1.334013796
3.051197584 -1.905415988 1.367612457
3.048910196 -1.903061664 1.374594784
3.315882261 -1.875752306 0.779360986
3.312155540 -1.860201037 0.786689138
3.309737260 -1.861642695 0.790916300
3.312148388 -1.871173716 0.790278292
3.313972528 -1.865917540 0.786535597
3.307637508 -1.923218704 0.744932747
3.311051900 -1.910404241 0.747257566
3.309514101 -1.921939469 0.753092027
3.306643779 -1.924090898 0.749304748
3.310169513 -1.922742880 0.757749176
3.305748041 -1.925688839 0.755428886
3.317819889 -1.890032506 0.759574986
3.317320163 -1.896529711 0.769640303
3.317960794 -1.902439988 0.753262377
3.315975483 -1.895933247 0.775871730
3.310622032 -1.915770388 0.757099724
3.310701187 -1.913353956 0.756459570
3.310953910 -1.914498008 0.764337873
3.316867883 -1.903988576 0.765611744
3.316402252 -1.905852294 0.762856579
3.313821609 -1.908293641 0.768647528
3.317429836 -1.893890894 0.769005156
3.319104965 -1.882464445 0.776446080
3.316466863 -1.888272977 0.780095434
3.319769437 -1.884211278 0.774023747
3.331977184 -1.835685885 0.698004341
3.313961322 -1.856284178 0.737689114
3.312930639 -1.858733809 0.743244743
3.310478504 -1.861881054 0.748240566
3.319557483 -1.848813928 0.723801947
3.324177797 -1.844402767 0.713320947
3.326876934 -1.843070484 0.712460017
3.329211290 -1.838411487 0.703163004
3.326930101 -1.841719067 0.708954906
3.328615959 -1.854403115 0.731883502
3.331929977 -1.860893524 0.729266977
3.330823238 -1.840605235 0.708883619
3.329336937 -1.842992223 0.713574624
3.327047165 -1.845474875 0.718731976
3.313035305 -1.861571050 0.749817944
3.315095956 -1.858647025 0.744938946
3.317192609 -1.856487906 0.740163898
3.304602201 -1.843041456 0.766852236
3.301711376 -1.845083154 0.763675785
3.314235981 -1.848029173 0.769762135
3.314745004 -1.858413554 0.766599751
3.316257055 -1.854797042 0.768527961
3.313083704 -1.852313197 0.775051928
3.315369899 -1.858972645 0.775138235
3.315252836 -1.862351096 0.774319267
3.311095770 -1.849549628 0.775216436
3.311800058 -1.845478452 0.770019627
3.308729704 -1.843486643 0.769154167
3.087384756 -1.860803879 1.313893414
3.093931730 -1.872673905 1.329882717
3.102424438 -1.934422946 1.361350393
3.076111133 -1.891806579 1.352178669
3.082688148 -1.895289517 1.352815962
3.068064029 -1.921726799 1.373011208
3.061943109 -1.912637508 1.369309044
3.074801023 -1.953605926 1.390055513
3.257570322 -1.846407569 0.789599752
3.260085161 -1.849547780 0.784782028
3.256755884 -1.852171874 0.796427584
3.265303667 -1.852313435 0.779844856
3.273981865 -1.853541291 0.775950050
3.257121856 -1.853930390 0.790595388
3.261086996 -1.856903649 0.783096647
3.280020769 -1.876348234 0.823459840
3.288031633 -1.881103313 0.822344160
3.292440231 -1.871431744 0.813188171
3.280658777 -1.869175291 0.817874169
3.252636488 -1.862273968 0.806953168
3.251266296 -1.869153774 0.811790681
3.272445734 -1.871933020 0.823557591
3.272868450 -1.864875830 0.818845010
3.257405574 -1.861377395 0.813112831
3.256815965 -1.868517793 0.818315601
3.087307270 -1.869618214 1.326339579
3.087702568 -1.864880240 1.319380856
3.109203155 -1.868359781 1.297430372
3.096893127 -1.861965752 1.296294785
3.263879593 -1.869847930 0.822096920
3.263905819 -1.862010336 0.816339231
3.027824218 -1.996449387 1.418814039
3.017620142 -1.993933356 1.419442272
3.077704961 -1.998506761 1.372378445
3.051778133 -2.000975526 1.388603544
3.039005096 -1.998352147 1.386360502
3.063099439 -1.997147715 1.370508051
3.106724317 -1.874400235 1.310928202
3.108248527 -1.871595419 1.304927921
3.096990163 -1.864492751 1.315172052
3.096559341 -1.867342270 1.319941854
3.071205909 -1.929970956 1.375794268
3.122576530 -1.892377174 1.331567860
3.107224758 -1.878633178 1.330148315
3.074260528 -1.940931893 1.380892372
3.096415813 -1.916518426 1.355633116
3.089768226 -1.901020265 1.351809359
3.077684219 -1.993345833 1.390250778
3.141534622 -1.971369720 1.351446247
3.134435470 -1.983210242 1.359955645
3.059654291 -1.982218421 1.407548523
3.047242220 -1.992882646 1.413185692
3.087506111 -1.984007812 1.387265301
3.093523796 -1.975731171 1.382763243
3.315307195 -1.900752640 0.740174150
3.311599071 -1.900107658 0.737923002
3.307200964 -1.897780276 0.736837482
3.302162941 -1.876940048 0.750644779
3.300720985 -1.864867306 0.756567574
3.310178096 -1.863509930 0.755213118
3.307081039 -1.863620794 0.753353930
3.309215124 -1.861303783 0.761874056
3.304249580 -1.860620058 0.759706116
3.308890398 -1.863307751 0.759756422
3.304282243 -1.863443768 0.757802701
3.314670856 -1.865219808 0.759010649
3.324518259 -1.873292005 0.754463649
3.319144542 -1.866891241 0.757489538
3.315445716 -1.868709660 0.767349339
3.321314628 -1.880009270 0.764422512
3.317681129 -1.870203412 0.765420175
3.321950729 -1.876510895 0.765777922
3.314520414 -1.881471610 0.750700569
3.307552154 -1.879632748 0.749175882
3.312834556 -1.883057273 0.750887847
3.307570036 -1.882537520 0.748300648
3.328438575 -1.857265985 0.705226278
3.332624729 -1.857511855 0.706779575
3.327626760 -1.855780161 0.702714896
3.333928878 -1.855245746 0.701418495
3.325997408 -1.858770883 0.707905507
3.331476982 -1.859710730 0.711229181
3.315802868 -1.872241950 0.731181955
3.322743709 -1.872369445 0.733749962
3.315741832 -1.874499178 0.736346102
3.321224983 -1.875072992 0.738382554
3.330122764 -1.851649440 0.695391512
3.332276161 -1.848024166 0.690571523
3.318220193 -1.870579935 0.728363132
3.310802276 -1.878229058 0.746178246
3.313512619 -1.876155293 0.741453028
3.317689474 -1.868720448 0.724882936
3.321575935 -1.863963223 0.715810156
3.344152029 -1.839766598 0.690897799
3.342457588 -1.835919297 0.692588544
3.343823249 -1.840415097 0.689811087
3.341797407 -1.835310913 0.692177629
3.341198738 -1.834873355 0.692500329
3.343527134 -1.841222084 0.689389801
3.344112213 -1.840799368 0.691395855
3.342083509 -1.835989511 0.693694210
3.323606069 -1.848439908 0.725116587
3.328304346 -1.864110566 0.718267655
3.339942987 -1.846301949 0.698400593
3.338586147 -1.839897192 0.701062894
3.342934187 -1.842782712 0.692389822
3.341354902 -1.844541884 0.694634771
3.339624221 -1.838197029 0.697852111
3.341283853 -1.836591399 0.694975233
3.340466554 -1.834546364 0.692937231
3.343163784 -1.841690159 0.689029789
3.338876779 -1.836897648 0.698108292
3.340806301 -1.845613218 0.694211578
3.338650043 -1.840112603 0.703270054
3.317202146 -1.859932161 0.715713358
3.317773874 -1.850214577 0.721707439
3.321280058 -1.856956399 0.742285109
3.326041515 -1.859313584 0.742635584
3.327915485 -1.857292807 0.738307571
3.317057426 -1.862442947 0.751617050
3.321659620 -1.877550817 0.754292345
3.317168052 -1.880327022 0.748854494
3.319350536 -1.877482570 0.743032551
3.325320776 -1.874292052 0.746977305
3.323343093 -1.870538927 0.729935980
3.325609501 -1.866907573 0.724146938
3.329852159 -1.864507294 0.726453161
3.329228218 -1.867493010 0.732985473
3.325125988 -1.852408088 0.732527590
3.320701654 -1.851939476 0.732019162
3.318936403 -1.854619360 0.736315584
3.323429163 -1.854344285 0.737595892
3.334945257 -1.852183438 0.696033931
3.336167152 -1.848857141 0.690868235
3.339812572 -1.847999013 0.692415094
3.338238771 -1.843939639 0.687072372
3.340709741 -1.843822754 0.687732196
3.332096155 -1.837734080 0.703839874
3.335054453 -1.838045037 0.704051113
3.336780365 -1.834518052 0.690519190
3.334240015 -1.834952331 0.697471476
3.336117323 -1.835058189 0.697846270
3.338617141 -1.834110535 0.691547966
3.334317262 -1.834982431 0.691475725
3.329813774 -1.837003029 0.696894026
3.330146844 -1.846766508 0.691658831
3.335860546 -1.844157672 0.687468863
3.324221904 -1.844251728 0.709749913
3.327621515 -1.839655078 0.702476835
3.324836071 -1.854900098 0.705591297
3.327883537 -1.849549449 0.695639944
3.312317188 -1.855566359 0.732666111
3.310645874 -1.860263384 0.740872717
3.310045297 -1.869138933 0.735285854
3.313959892 -1.865727401 0.728396034
3.305012281 -1.865372217 0.751508689
3.308374698 -1.863602794 0.746432877
3.306159551 -1.873925245 0.747104025
3.308199222 -1.871608115 0.741846061
3.337613161 -1.853170550 0.702231026
3.339711959 -1.849891699 0.703646040
3.333555992 -1.840838290 0.709115958
3.331752117 -1.843575991 0.714507914
3.336445625 -1.841773487 0.708295202
3.329616602 -1.846431291 0.719987965
3.326851900 -1.849269307 0.726066685
3.329932983 -1.850928641 0.725954628
3.334302480 -1.844834185 0.714491463
3.331825311 -1.847537613 0.719945288
3.333544309 -1.858086622 0.723378754
3.331511076 -1.861801243 0.720988369
3.337935503 -1.852184809 0.710240698
3.335842903 -1.855172015 0.715812302
3.334616954 -1.858055568 0.713406658
3.336614187 -1.855176664 0.708413100
3.338178451 -1.850999034 0.697275972
3.340069826 -1.848678029 0.699259257
3.330902631 -1.863231933 0.735144234
3.328353460 -1.869367934 0.737212873
3.329508598 -1.866053379 0.739790297
3.326621349 -1.872337258 0.742348289
3.326461132 -1.870784378 0.749180889
3.327860410 -1.868589080 0.745036221
3.321423109 -1.864325321 0.752004719
3.319284494 -1.859662033 0.746926641
3.323859508 -1.861914611 0.747245407
3.260171468 -1.851434982 0.801903343
3.259802635 -1.844955659 0.794529176
3.272836740 -1.840236819 0.793240643
3.272218282 -1.847115076 0.802062130
3.279915149 -1.843515432 0.790863371
3.276834781 -1.841084695 0.792823291
3.276711042 -1.847883320 0.800729370
3.280095871 -1.848428882 0.798084593
3.273212011 -1.858300901 0.776923752
3.281691606 -1.854918278 0.786110616
3.263665731 -1.845641113 0.798906302
3.264213379 -1.839499987 0.790501213
3.292183931 -1.885464406 0.755879021
3.290801580 -1.868761635 0.763910627
3.292245205 -1.880422748 0.759315109
3.290292080 -1.861976719 0.765281773
3.279718454 -1.860821879 0.776264644
3.287093933 -1.857945598 0.784803963
3.292541559 -1.854450500 0.779598093
3.288515146 -1.857252992 0.775418377
3.249860580 -1.887238539 0.804065561
3.249382551 -1.882064557 0.812092996
3.249596412 -1.875517643 0.795890427
3.246754701 -1.871034480 0.803285813
3.252096708 -1.867555178 0.790865755
3.250121887 -1.864030457 0.798843241
3.113340671 -1.611547506 0.167185521
3.115565593 -1.603845632 0.167769289
3.117222841 -1.596821165 0.167506194
3.118209179 -1.590648210 0.165690517
3.118499572 -1.589570022 0.165403938
3.119555290 -1.586689747 0.166389322
3.120377596 -1.583612061 0.167166686
3.121141965 -1.579515970 0.168287373
3.123107250 -1.575228250 0.168727374
3.123404796 -1.573950565 0.168611026
3.123981531 -1.572311378 0.166869736
3.124415691 -1.570452041 0.165444231
3.123906190 -1.568408704 0.156530714
3.108943756 -1.612591184 0.134742117
3.111015375 -1.606625295 0.137177920
3.113093670 -1.600630618 0.138622260
3.115147407 -1.594782448 0.138880825
3.117785986 -1.585617936 0.140619969
3.119907673 -1.579206026 0.144126153
3.122212226 -1.574005282 0.147204852
3.110509212 -1.620570100 0.166804767
3.124568994 -1.568530476 0.162034130
3.090825613 -1.619474864 0.166466570
3.076024110 -1.615443564 0.165235376
3.077167804 -1.607822872 0.161539173
3.079144771 -1.598820961 0.163674331
3.081006105 -1.593643225 0.165787792
3.082686241 -1.586468733 0.164075589
3.083807523 -1.581709123 0.162120318
3.085341032 -1.576365805 0.158928370
3.078086908 -1.607879198 0.136105275
3.080071027 -1.596425331 0.144042349
3.081052597 -1.591047144 0.149140692
3.082246835 -1.585364557 0.145484304
3.084330137 -1.580582536 0.143998122
3.085613783 -1.574353969 0.144740200
3.093950088 -1.610705829 0.134859180
3.092659290 -1.612630940 0.164173937
3.086202676 -1.573469913 0.157209134
3.086718614 -1.572507090 0.156781888
3.085661228 -1.574638403 0.157609081
3.086888130 -1.571926332 0.156342006
3.085313614 -1.575262702 0.157743549
3.086800869 -1.571615672 0.156165576
3.086871679 -1.571334786 0.155888176
3.086917455 -1.571133232 0.155715561
3.085364397 -1.575641668 0.157984352
3.086660202 -1.570524669 0.155130601
3.086677845 -1.570182151 0.154436088
3.086852605 -1.570697582 0.155300951
3.086836631 -1.569242454 0.153067565
3.086902435 -1.569144106 0.150895214
3.086262519 -1.570007092 0.148524261
3.101865347 -1.569640464 0.148047066
3.102255161 -1.567328519 0.151940680
3.102245624 -1.567361510 0.154630280
3.101890619 -1.569804794 0.157605863
3.101815517 -1.568694806 0.156687117
3.101902301 -1.569322592 0.157199717
3.101069982 -1.575108147 0.160755253
3.101796205 -1.570002890 0.157752132
3.101804311 -1.570240236 0.157901144
3.101781662 -1.570458597 0.158043957
3.100935037 -1.574273444 0.160394764
3.101769741 -1.570668674 0.158178782
3.100992258 -1.573823548 0.160082078
3.101745899 -1.571321851 0.158614731
3.101256187 -1.572931326 0.159375048
3.099286850 -1.577790475 0.145156717
3.097957428 -1.584987796 0.147552586
3.096680696 -1.591991699 0.150707340
3.095853860 -1.597788966 0.149457192
3.095249231 -1.600558615 0.146084523
3.100502546 -1.576803005 0.161581254
3.098512704 -1.584293342 0.165101624
3.097199495 -1.589245534 0.167131519
3.095945175 -1.596932090 0.167420363
3.094571645 -1.603435791 0.166612482
3.064230259 -1.615148282 0.162675118
3.063537176 -1.608859218 0.160859799
3.063931520 -1.605036116 0.159727073
3.066928442 -1.595991707 0.160297251
3.068339164 -1.591973699 0.159920311
3.070230062 -1.586120403 0.157061434
3.071415002 -1.581145919 0.153968668
3.063337619 -1.603171564 0.139064884
3.066685493 -1.594710029 0.143896794
3.067367132 -1.590159214 0.140722609
3.068635519 -1.586849010 0.139915562
3.069615181 -1.583646095 0.140044427
3.072613056 -1.577662444 0.151114202
3.072923238 -1.576933718 0.149907804
3.071773822 -1.580159760 0.153101301
3.072805936 -1.576916254 0.149254298
3.071695621 -1.580477393 0.153281546
3.072687919 -1.576720751 0.148879862
3.072898681 -1.576657331 0.148399925
3.072921569 -1.576601065 0.147926903
3.071653421 -1.580764985 0.153507566
3.072772558 -1.576740480 0.146298742
3.072563703 -1.576945222 0.145346022
3.072909887 -1.576613224 0.147321439
3.072430427 -1.577563262 0.144229984
3.071539457 -1.579128719 0.142274714
3.070827777 -1.581267333 0.140717602
3.062517459 -1.609471596 0.134910083
3.043939169 -1.616508103 0.158069706
3.046845729 -1.610546208 0.158393598
3.048294122 -1.603486753 0.154329991
3.049691255 -1.597828722 0.153569674
3.052175100 -1.591802514 0.152316070
3.054290826 -1.587373114 0.150586820
3.048198278 -1.608324147 0.137075520
3.046560819 -1.618728257 0.135310745
3.051112230 -1.601263440 0.137973762
3.054081972 -1.595173514 0.136046863
3.056388195 -1.592421568 0.135220742
3.059872205 -1.588478601 0.136701798
3.061884697 -1.585818327 0.137170410
3.062125976 -1.584224320 0.138962126
3.061912115 -1.583103156 0.139844513
3.059615190 -1.580990649 0.143914676
3.061478193 -1.582235670 0.140885210
3.060777719 -1.581576443 0.142184234
3.055791910 -1.584863222 0.148874736
3.058949287 -1.581103003 0.145326233
3.058690841 -1.581262565 0.146084285
3.058130319 -1.581385053 0.146916008
3.056017215 -1.584569729 0.148554540
3.058062608 -1.581506646 0.147197700
3.056786354 -1.583266950 0.148294663
3.057651098 -1.581945634 0.147590375
3.057080085 -1.582706011 0.148026681
3.023016269 -1.768909789 0.191915607
3.017892892 -1.768739438 0.170979357
3.015417154 -1.765692568 0.149580693
3.018394525 -1.756953633 0.139651394
3.021659668 -1.749264753 0.137743092
3.044653232 -1.638275123 0.132804489
3.039703424 -1.649667061 0.134302235
3.034017618 -1.662806487 0.136846519
3.027120645 -1.693178571 0.141612387
3.027274425 -1.717273033 0.138310528
3.025650556 -1.731586850 0.136565661
3.048044260 -1.625376857 0.132971978
3.104278143 -1.626763261 0.170044875
3.021278198 -1.763824618 0.213390565
3.102303321 -1.616074181 0.132001615
3.097414072 -1.622859276 0.131383276
3.090240295 -1.633695519 0.132033801
3.080024059 -1.647600091 0.135920143
3.082235630 -1.613230503 0.134095049
3.077188070 -1.613047994 0.134175515
3.096587951 -1.615988708 0.132137275
3.092637117 -1.614864087 0.132550693
3.066881473 -1.612656331 0.134043789
3.062007005 -1.612772561 0.133699632
3.050887401 -1.615374065 0.135473704
3.070916469 -1.617427564 0.134632325
3.085858162 -1.618775762 0.133850670
3.056684072 -1.617192483 0.134711957
3.104994114 -1.635851062 0.172427630
3.099402721 -1.630430496 0.173789835
3.082604702 -1.673797405 0.191660261
3.079164322 -1.670114196 0.193068838
3.096498306 -1.608190930 0.161583400
3.088279541 -1.606003738 0.164908981
3.098996694 -1.607054806 0.157258368
3.086129482 -1.603950477 0.159096575
3.099088724 -1.604683733 0.150452471
3.099587495 -1.603081561 0.143783188
3.098197992 -1.603377378 0.140604949
3.091941173 -1.602039969 0.137932277
3.088802154 -1.600913799 0.138834214
3.086909349 -1.600844241 0.146470284
3.093453462 -1.607760346 0.165610528
3.095403726 -1.603260792 0.138923264
3.081328447 -1.602816618 0.160095549
3.074543054 -1.602693713 0.163459039
3.071923072 -1.601093626 0.157758570
3.083548124 -1.602078832 0.155181861
3.076339061 -1.598965681 0.140953517
3.082585390 -1.600369132 0.140936708
3.084094818 -1.600148476 0.143716192
3.073992069 -1.598627901 0.143096781
3.084585722 -1.600445545 0.148167944
3.072383459 -1.599614537 0.148076034
3.078282411 -1.602502859 0.162058568
3.079850252 -1.599466420 0.140012121
3.068269785 -1.601107335 0.159063196
3.061665113 -1.599958516 0.159119582
3.058877285 -1.598439014 0.154601789
3.070707615 -1.600307143 0.154844975
3.062625225 -1.599990762 0.144911861
3.067161138 -1.600040412 0.143665409
3.069193180 -1.599687076 0.145747757
3.060898120 -1.599584973 0.146458006
3.070699031 -1.599423087 0.149643755
3.058860595 -1.598775125 0.150112605
3.065053756 -1.601333356 0.159895396
3.064791734 -1.600350714 0.143821692
3.119431551 -1.875939346 1.499551392
3.118316467 -1.870003796 1.498016214
3.117034490 -1.865612960 1.497281647
3.119116123 -1.889573133 1.499451017
3.118774469 -1.879225827 1.497128344
3.118159111 -1.882598853 1.493954992
3.117698724 -1.874891854 1.493606663
3.117935712 -1.872366166 1.496087408
3.116872127 -1.869286991 1.493671513
3.116836126 -1.867301083 1.495676851
3.120900209 -1.880019880 1.505833960
3.120072897 -1.871976293 1.500919437
3.121258552 -1.868753529 1.502603626
3.118747528 -1.867486811 1.499458885
3.119266565 -1.865000582 1.500831938
3.117462690 -1.863987363 1.498512602
3.117548521 -1.862890160 1.499749756
3.115915592 -1.865535355 1.493855095
3.095286663 -1.857576347 1.497268772
3.099142845 -1.856448985 1.500533676
3.095397289 -1.856726325 1.498265362
3.096453006 -1.856365717 1.499294138
3.097765262 -1.851974702 1.497507191
3.097094591 -1.852313495 1.497381783
3.097894724 -1.853115178 1.497427320
3.098183210 -1.852876819 1.498081779
3.097449119 -1.852757848 1.497359133
3.098052080 -1.852584696 1.497761583
3.108711536 -1.862227953 1.500786638
3.111991460 -1.859105325 1.499214506
3.113017376 -1.857535577 1.498602962
3.113989647 -1.858315385 1.500283813
3.114265735 -1.859063602 1.501374340
3.116697605 -1.858337438 1.501950598
3.119003589 -1.857947565 1.503259754
3.120423133 -1.859237230 1.505690908
3.122326429 -1.860938824 1.509147739
3.119804437 -1.854854560 1.509491062
3.117935712 -1.854121423 1.506342983
3.112665470 -1.856013692 1.502683973
3.106982763 -1.859747506 1.501266575
3.110196645 -1.857428468 1.499928331
3.111203249 -1.855785346 1.499600029
3.111941631 -1.855560995 1.501533365
3.114537532 -1.854712463 1.502791500
3.116525705 -1.853618181 1.504341936
3.095350320 -1.847009874 1.486344194
3.094362075 -1.844901479 1.487155533
3.095770176 -1.848023332 1.487454271
3.094749744 -1.847766376 1.489460564
3.099113758 -1.851133144 1.495610332
3.098888691 -1.850607431 1.494646168
3.097947652 -1.853578842 1.496684647
3.097659881 -1.850523329 1.493548965
3.098275478 -1.850274718 1.487722254
3.097693498 -1.849540031 1.485659695
3.097507293 -1.848169840 1.483830070
3.114855344 -1.883164680 1.467182493
3.114855821 -1.868103898 1.472177124
3.114615734 -1.865175701 1.478148794
3.101224477 -1.853153503 1.495596027
3.097547586 -1.850112713 1.495442009
3.097846563 -1.851031757 1.496052122
3.097089822 -1.852813399 1.496991253
3.096148784 -1.850080228 1.496697760
3.095950182 -1.849531985 1.496721601
3.096517618 -1.849885381 1.495911455
3.096631105 -1.850926674 1.496420479
3.096597011 -1.850576258 1.496832466
3.097041423 -1.851867891 1.496933079
3.098793800 -1.851705051 1.498124456
3.098491962 -1.851595319 1.498014784
3.099437292 -1.849907792 1.498062944
3.097314651 -1.849674261 1.497729635
3.096997316 -1.850412047 1.497701263
3.097461994 -1.851036764 1.497547007
3.096215541 -1.849897123 1.497108793
3.096805866 -1.850521541 1.497236347
3.096194322 -1.849552906 1.497452354
3.110819633 -1.859906233 1.474455690
3.111172493 -1.859314835 1.478922462
3.110863502 -1.858011341 1.482631779
3.109469707 -1.857137180 1.485713100
3.107886369 -1.855924821 1.489685154
3.107875402 -1.853805936 1.491665220
3.107786234 -1.853379643 1.492965317
3.099214132 -1.862844384 1.494891739
3.101380880 -1.851866937 1.483363247
3.106663282 -1.854969716 1.480936623
3.095591123 -1.849339223 1.497517204
3.094843204 -1.847402132 1.498085356
3.095504577 -1.849410987 1.495861864
3.094070490 -1.847960389 1.495494223
3.117752607 -1.885073877 1.489418364
3.118029173 -1.893125332 1.494714355
3.116779859 -1.894969201 1.488560534
3.115628536 -1.894455588 1.481205797
3.117762859 -1.886364615 1.483792639
3.117959316 -1.883980370 1.477897739
3.100894506 -1.850863076 1.481036997
3.105897720 -1.854468799 1.477979040
3.117239769 -1.876937902 1.473668432
3.121953304 -1.874236501 1.507700062
3.120005424 -1.885116315 1.503065205
3.115490253 -1.861962533 1.496985769
3.116206462 -1.861371792 1.498047686
3.116327341 -1.861799515 1.499288654
3.121795232 -1.864713288 1.504568672
3.123544510 -1.867591656 1.508909798
3.116163547 -1.849368728 1.509646749
3.114397104 -1.849847174 1.506464338
3.119345243 -1.861761487 1.501988983
3.117468412 -1.860622919 1.500617123
3.114209945 -1.859373784 1.497513390
3.109522398 -1.865263081 1.500094509
3.113188083 -1.859669125 1.497557259
3.115627105 -1.860768533 1.499799109
3.115141447 -1.859725631 1.498341417
3.103437717 -1.857466615 1.501475668
3.107835109 -1.855533278 1.500675297
3.108455713 -1.853981293 1.500358677
3.109272535 -1.853576816 1.502087450
3.110150392 -1.853184915 1.503200865
3.111948783 -1.850506282 1.502238131
3.113149698 -1.850082910 1.504443502
3.106549080 -1.840528822 1.508450603
3.111618812 -1.844458437 1.509164667
3.104362066 -1.842934943 1.505564308
3.109587247 -1.846138692 1.506287432
3.096618946 -1.849357522 1.498292303
3.096378858 -1.848439968 1.499331808
3.098891313 -1.849510944 1.498568869
3.097973402 -1.849456883 1.500103807
3.103028829 -1.844694472 1.503750896
3.107796247 -1.846736646 1.504438496
3.107025917 -1.847732640 1.502487755
3.101630743 -1.850247777 1.499650812
3.104466016 -1.851064063 1.500002003
3.102470453 -1.852589405 1.500486946
3.100387867 -1.852910912 1.499815798
3.100643690 -1.852355218 1.499681330
3.103457744 -1.852648414 1.500412083
3.105366047 -1.849897957 1.501585102
3.101530368 -1.849840260 1.500420904
3.098115261 -1.847671426 1.500809050
3.102325494 -1.846866465 1.502039766
3.105668600 -1.850026763 1.503201103
3.101291235 -1.849408603 1.501773214
3.096172865 -1.846595562 1.499802685
3.116023595 -1.866632140 1.492023563
3.117714222 -1.876842177 1.490243769
3.116997774 -1.870715773 1.491174793
3.115947063 -1.866788602 1.489934301
3.117184694 -1.870955563 1.488341904
3.118005807 -1.877487576 1.486222601
3.117975528 -1.875893093 1.482184505
3.116771991 -1.869339025 1.485602236
3.115162904 -1.865129328 1.487903690
3.115294750 -1.863618589 1.493870831
3.115469511 -1.863333857 1.495555735
3.114963110 -1.862014568 1.494794703
3.109480913 -1.867449797 1.499565458
3.114654358 -1.861361003 1.496629810
3.108145053 -1.869277394 1.498494959
3.109066303 -1.868716932 1.499028063
3.114441211 -1.861764110 1.496039248
3.114311988 -1.861052907 1.495154715
3.106365497 -1.869392729 1.497951126
3.113940055 -1.859866596 1.494320250
3.114529665 -1.860814250 1.493884897
3.115041549 -1.863451696 1.492895460
3.114517267 -1.862749911 1.491643524
3.114401872 -1.859400607 1.492869234
3.104902561 -1.868677056 1.497227287
3.113719757 -1.858866251 1.493782616
3.103671129 -1.867347813 1.496379471
3.112348850 -1.857059694 1.492684221
3.113165910 -1.857890642 1.491871691
3.113481100 -1.861194706 1.490465736
3.106532152 -1.855038739 1.486202335
3.107086713 -1.855106807 1.483517742
3.116998489 -1.871322251 1.479322529
3.115785177 -1.866345919 1.483538961
3.113676126 -1.862167693 1.482552385
3.113965089 -1.862842179 1.486535168
3.111994321 -1.859958566 1.485926247
3.105516489 -1.854150510 1.490283823
3.106113966 -1.852728403 1.492259836
3.106109912 -1.852432406 1.493303633
3.097644146 -1.861253655 1.495128727
3.102346952 -1.865818954 1.495626068
3.100829179 -1.864289856 1.495081520
3.111135061 -1.855830408 1.492506599
3.109614666 -1.854773736 1.492680407
3.111579950 -1.856259799 1.491476631
3.111816938 -1.859420634 1.489863729
3.109962757 -1.857732571 1.489426470
3.109978492 -1.855121529 1.491479731
3.102028425 -1.852293170 1.485792255
3.094169195 -1.847497619 1.496843672
3.093340929 -1.846026397 1.492294168
3.092994745 -1.845193720 1.494811153
3.094259794 -1.844666219 1.498537397
3.093418176 -1.844514287 1.496752119
3.094261224 -1.848700917 1.493737555
3.099000986 -1.851093686 1.490006781
3.102379615 -1.852666533 1.488408422
3.095270927 -1.849219418 1.496726847
3.096195753 -1.849755741 1.494808769
3.102597768 -1.852748847 1.491381264
3.100045736 -1.851621426 1.492330408
3.103514488 -1.851876951 1.493225908
3.101117427 -1.851233459 1.493898249
3.096225555 -1.859082497 1.496003485
3.103713091 -1.851367748 1.494550800
3.102400835 -1.850927091 1.495262718
3.115228946 -1.891517854 1.473349190
3.092912252 -1.839380241 1.493634081
3.092660005 -1.842203057 1.494176006
3.093584354 -1.839649415 1.499290562
3.093815143 -1.842198587 1.498962021
3.093166406 -1.841719723 1.496677732
3.093270595 -1.839312411 1.496655798
3.101927812 -1.837465680 1.507876730
3.095755155 -1.843714571 1.500626659
3.095351751 -1.840153194 1.501691198
3.098244007 -1.841654456 1.503501034
3.098117645 -1.845263219 1.501825905
3.092766817 -1.843366063 1.491176224
3.092929657 -1.839637494 1.489995813
3.111199195 -1.859462536 1.498313999
3.114495332 -1.865894592 1.503448582
3.113958652 -1.862876094 1.502096272
3.112437303 -1.860209501 1.500725126
3.111244495 -1.858939088 1.499999142
3.110685403 -1.858148849 1.501480198
3.111651714 -1.859111166 1.502768850
3.112827833 -1.861294723 1.505040026
3.113110120 -1.863957918 1.507054424
3.110464866 -1.861673391 1.509595013
3.110667760 -1.859429634 1.507114029
3.110152061 -1.857815898 1.504209614
3.109604414 -1.857212460 1.502527332
3.108166988 -1.856274045 1.502977228
3.108166273 -1.856520749 1.504827356
3.107807930 -1.857564664 1.508003330
3.106962259 -1.859389341 1.510683632
3.103135641 -1.857453084 1.510155535
3.104683693 -1.855983949 1.507571793
3.105996664 -1.855423069 1.504527426
3.106595333 -1.855479753 1.502757168
3.105133588 -1.854951954 1.501904821
3.103973682 -1.854689992 1.503355837
3.101770218 -1.854927814 1.505885458
3.099567468 -1.856159842 1.508089638
3.096801097 -1.855706013 1.504801607
3.099511678 -1.854557133 1.503201103
3.102404888 -1.854432738 1.501492119
3.104006822 -1.854771531 1.500552273
3.103385742 -1.854963577 1.498911476
3.101529892 -1.854690767 1.499218321
3.098251159 -1.854928828 1.499926424
3.095257814 -1.856161094 1.500791407
3.095171983 -1.857455528 1.496669626
3.098181303 -1.855985797 1.496561146
3.101481016 -1.855424738 1.496881580
3.103361185 -1.855496145 1.497233725
3.103932674 -1.856286204 1.495773411
3.102266367 -1.856523013 1.494837379
3.099312360 -1.857567227 1.493617153
3.096557195 -1.859392381 1.493064022
3.099202688 -1.861676789 1.490523672
3.101472194 -1.859432614 1.491542912
3.103766258 -1.857818401 1.493396854
3.105009849 -1.857213712 1.494747734
3.106430109 -1.858139253 1.494308090
3.105752046 -1.859113551 1.492779112
3.104332025 -1.861297524 1.490653610
3.102705295 -1.863960958 1.489434814
3.106531913 -1.865897096 1.489963388
3.107456262 -1.862878359 1.491085386
3.107921894 -1.860211289 1.493079042
3.107980783 -1.858924485 1.494520521
3.109430606 -1.859452165 1.495353079
3.109945114 -1.860944426 1.494250393
3.110369976 -1.863934374 1.492771721
3.110100086 -1.867190457 1.492028570
3.112866218 -1.867644108 1.495316839
3.112628515 -1.864304757 1.495456553
3.111513670 -1.861201322 1.496114349
3.110560949 -1.859641886 1.496683216
3.112388904 -1.860943473 1.498388147
3.113888795 -1.863933301 1.498730755
3.114409740 -1.867189026 1.499326801
3.111001070 -1.859217382 1.498299217
3.111041601 -1.858727074 1.499874210
3.110518987 -1.857988334 1.501259184
3.109507854 -1.857113040 1.502236462
3.108164365 -1.856235958 1.502657509
3.106695469 -1.855493760 1.502451515
3.105329092 -1.854999876 1.501656151
3.104275520 -1.854831016 1.500391579
3.103693540 -1.855009592 1.498858070
3.103670175 -1.855507470 1.497289038
3.104203279 -1.856246388 1.495921230
3.105211313 -1.857114053 1.494961596
3.106540258 -1.857980228 1.494550085
3.107991273 -1.858714855 1.494749165
3.109347875 -1.859208739 1.495527840
3.110404308 -1.859385109 1.496774054
3.110585029 -1.858521617 1.498233891
3.110612924 -1.858110166 1.499544716
3.110180194 -1.857496119 1.500699377
3.109335001 -1.856766737 1.501509285
3.108218486 -1.856036461 1.501863098
3.106996353 -1.855420089 1.501688099
3.105856712 -1.855006373 1.501030064
3.104981477 -1.854867554 1.499975538
3.104491289 -1.855012870 1.498699760
3.104474599 -1.855429089 1.497392511
3.104913766 -1.856043315 1.496248817
3.105757291 -1.856767512 1.495451546
3.106864269 -1.857490933 1.495102739
3.108075197 -1.858102239 1.495274401
3.109207924 -1.858516014 1.495920515
3.110085304 -1.858659840 1.496963358
3.109873350 -1.857678986 1.498201227
3.109855945 -1.857371903 1.499115562
3.109582479 -1.856952703 1.499940252
3.108965690 -1.856438494 1.500475979
3.108198698 -1.855924285 1.500758028
3.107343729 -1.855504549 1.500600195
3.106534059 -1.855197347 1.500173426
3.105943019 -1.855118847 1.499414778
3.105565603 -1.855198539 1.498530722
3.105584676 -1.855506456 1.497617340
3.105859335 -1.855925894 1.496793842
3.106476123 -1.856439209 1.496260738
3.107241447 -1.856952227 1.495979166
3.108094509 -1.857370890 1.496137238
3.108902986 -1.857678330 1.496560907
3.109494264 -1.857757485 1.497318363
3.109239395 -1.856910742 1.498878813
3.109258230 -1.857110954 1.498206711
3.109116609 -1.856659627 1.499436712
3.108663852 -1.856314099 1.499725914
3.108128364 -1.855934656 1.499887323
3.107521112 -1.855657912 1.499781227
3.106991346 -1.855437911 1.499563789
3.106671150 -1.855426348 1.499041653
3.106433208 -1.855470932 1.498420334
3.106419618 -1.855689025 1.497794724
3.106526430 -1.855937040 1.497239923
3.106952722 -1.856260872 1.496950483
3.107500846 -1.856610096 1.496745920
3.108088310 -1.856932736 1.496831751
3.108638103 -1.857172823 1.497046566
3.108980949 -1.857188857 1.497567749
3.107938106 -1.856116689 1.498258686
3.022426422 -2.005665458 0.113799787
3.026813562 -2.000599778 0.128445482
3.029583271 -2.006854391 0.118760085
3.020822103 -1.998862601 0.118360853
3.026467855 -2.007116115 0.115863419
3.020432766 -2.001433945 0.115081644
3.020936544 -2.003821767 0.113458490
3.024510677 -2.006640649 0.114646411
3.021929081 -1.997619784 0.123367167
3.031241472 -2.005112267 0.122565246
3.029794271 -2.002479709 0.127198553
3.024464662 -1.998426056 0.127526140
3.011344726 -1.995562709 0.109653926
3.017605598 -1.991023577 0.130580521
3.019025858 -1.998295999 0.117025232
3.010076101 -1.989961064 0.117197967
3.016937788 -1.998234487 0.112127280
3.009166772 -1.991650796 0.113140321
3.009168918 -1.993818975 0.110826826
3.014402206 -1.997473932 0.110336041
3.012010152 -1.989308274 0.124181843
3.021523531 -1.996225453 0.126278615
3.020523126 -1.993360258 0.131997800
3.014660175 -1.989682770 0.128920293
2.997782047 -1.986998296 0.110092139
3.004865224 -1.982038057 0.135811424
3.007661636 -1.989102638 0.115829325
3.003835495 -1.990376866 0.109074092
3.000644977 -1.989097810 0.108729100
2.996317680 -1.984480179 0.111563301
2.996575887 -1.982217765 0.114196634
2.998045499 -1.981274462 0.120848393
3.010283287 -1.987242139 0.128452516
2.998796756 -1.980420983 0.127948141
3.009351785 -1.984951055 0.134494638
3.001177127 -1.981471098 0.132383442
2.975570257 -2.032841897 0.175219512
2.970346029 -2.032940603 0.174929237
2.985753591 -1.993488348 0.148692703
2.977859790 -1.993167973 0.148990846
3.015111740 -2.021628535 0.106909728
2.994007642 -2.001414454 0.107804990
3.005271967 -2.011354185 0.107515430
3.020492370 -2.024550414 0.106857276
3.013805206 -2.016340471 0.106695747
3.010653312 -2.012620008 0.107075787
2.991179760 -1.995544470 0.106970644
2.987607772 -1.993475891 0.107059574
3.003393228 -2.005302346 0.107544518
2.999804552 -2.001745677 0.107634640
2.978656108 -2.023356355 0.114605284
2.980724151 -2.006960845 0.108302569
2.982732351 -1.996053672 0.107134676
2.983614500 -1.989380217 0.107076740
2.951992090 -2.132259524 0.215547180
2.984767492 -1.987065649 0.145621276
3.015318210 -2.032247043 0.104499793
2.956327493 -2.119498647 0.130997753
2.965696390 -2.108519471 0.129498339
2.983496721 -2.092117107 0.127137399
2.999234016 -2.067212677 0.115963554
3.004112299 -2.054508543 0.110840416
3.008479412 -2.043401575 0.107086992
2.946811016 -2.134151376 0.135953045
2.944003875 -2.141494310 0.139362550
2.941975410 -2.148453987 0.150819993
2.942724760 -2.146343625 0.172460175
2.943614061 -2.140411771 0.193163610
3.040510471 -1.999159789 0.109425879
3.040464933 -1.998437798 0.108670092
3.040438469 -1.999618864 0.109932756
3.040336425 -1.998009777 0.108107543
3.040214117 -2.000870741 0.110792017
3.040276821 -1.997983253 0.107800221
3.039698656 -1.997788048 0.106994724
3.039377506 -1.997763253 0.106244302
3.040283973 -2.001101351 0.111217833
3.036789949 -1.997798419 0.103647804
3.035459335 -1.998132742 0.102792835
3.038532550 -1.997695423 0.104929185
3.034262474 -1.998696661 0.102270222
3.033105428 -1.999518609 0.102011895
3.031663711 -2.001263416 0.101183510
3.031187589 -2.004479206 0.102066374
3.030574138 -2.009874440 0.102692938
3.030661399 -2.012916899 0.104769444
3.029409702 -2.018076098 0.109398937
3.021060283 -2.029971934 0.107497311
3.027166422 -2.022794938 0.108015394
3.040257032 -2.003115333 0.113943076
3.039422090 -2.006724453 0.117598629
3.037657316 -2.011723614 0.121592259
3.035218771 -2.015884853 0.124951220
3.032368476 -2.020362056 0.128797626
3.029915149 -2.026580429 0.128542995
3.016031559 -2.013554609 0.106674290
3.029560859 -1.990859485 0.101962185
3.030952747 -1.988526619 0.102316952
3.031979377 -1.986274398 0.103287077
3.033261354 -1.984303868 0.105559206
3.032647188 -1.985425926 0.103979445
3.032943304 -1.984827614 0.104719377
3.033453519 -1.985608912 0.112998581
3.033456857 -1.984082079 0.106087780
3.033589656 -1.983971393 0.106532311
3.033850010 -1.983998573 0.106990910
3.033536728 -1.985481954 0.112663126
3.033763225 -1.983903921 0.107410526
3.033629234 -1.985295451 0.112353063
3.033882196 -1.983607328 0.107992744
3.034017141 -1.983860052 0.109407043
3.028647001 -1.993397570 0.102513289
3.027216013 -1.996079600 0.103925562
3.026218469 -1.998716212 0.106221414
3.024780567 -2.000872112 0.111174560
3.020072277 -2.010034001 0.110958552
3.033521946 -1.985853708 0.113590097
3.032132442 -1.988656021 0.118682361
3.030588443 -1.992576933 0.123997784
3.029093559 -1.995889402 0.126249290
3.025145824 -2.003699398 0.130060768
3.022801931 -2.006494797 0.130850887
3.018210943 -2.010012961 0.133431649
3.007206733 -1.978282726 0.134640551
3.010715063 -1.973095215 0.132270193
3.014714296 -1.967653668 0.128379917
3.016344602 -1.964410937 0.124233103
3.018662269 -1.959656454 0.117563820
3.001950557 -1.983043886 0.115151143
3.004411275 -1.979789770 0.116815066
3.007984932 -1.975272453 0.115179992
3.010600622 -1.971201516 0.109078860
3.013550098 -1.966717458 0.103555775
3.019925411 -1.957528747 0.113781905
3.020379121 -1.956463731 0.112344003
3.019760902 -1.958016491 0.114830947
3.020643051 -1.956200934 0.111652231
3.019611414 -1.958222783 0.115319347
3.020726736 -1.956111408 0.111434197
3.020805652 -1.956012226 0.111205196
3.020916278 -1.955925441 0.110962725
3.019095953 -1.958506084 0.116025782
3.021103199 -1.955626882 0.110153055
3.021402414 -1.955485261 0.109408236
3.020931537 -1.955787814 0.110738254
3.021299656 -1.955070770 0.106956577
3.020443733 -1.955959058 0.104566312
3.017961319 -1.958959437 0.102222538
3.028674896 -1.970276451 0.103196955
3.029556568 -1.968487656 0.104869699
3.030241783 -1.967855370 0.106835461
3.030014331 -1.967961228 0.109489417
3.030188139 -1.968070662 0.108488297
3.030203874 -1.968053615 0.109262562
3.028721864 -1.971103108 0.114213443
3.029822643 -1.968036092 0.110058165
3.029780204 -1.968131936 0.110306120
3.029737766 -1.968257881 0.110684490
3.028923566 -1.970993197 0.113824224
3.029533918 -1.968322134 0.110983825
3.029042537 -1.970411754 0.113404250
3.029418762 -1.968645132 0.111648655
3.029292638 -1.969452715 0.112489915
3.001274164 -1.986872232 0.135882115
2.993740137 -1.991365946 0.107693052
3.025094087 -1.974653161 0.101910448
3.021722133 -1.979587531 0.104207730
3.020558412 -1.983468509 0.107813215
3.018900926 -1.986512399 0.113735652
3.014459188 -1.992198503 0.111780620
3.006820495 -2.000859118 0.107545114
3.028576429 -1.971235431 0.115386939
3.027221973 -1.974477625 0.120748377
3.025559003 -1.977491534 0.124734259
3.022645767 -1.982447303 0.129651523
3.019908245 -1.987631297 0.130259132
3.014395053 -1.995695925 0.131394958
3.010625894 -2.001121438 0.136479354
2.998083885 -1.992719508 0.139477825
3.007495458 -1.937148905 0.113496161
2.984413917 -1.978350497 0.141521192
3.000793512 -1.947196222 0.103028870
2.998035247 -1.953042603 0.102806067
2.994230325 -1.959632671 0.102769232
2.989578779 -1.967654264 0.105596161
2.987141903 -1.972750461 0.108160710
2.984243686 -1.978356159 0.109747744
2.981658514 -1.982852853 0.109348989
3.006251628 -1.939426339 0.108596420
3.007465179 -1.937257803 0.117411947
3.007027204 -1.938207305 0.119552946
3.006931837 -1.939019359 0.121873116
3.006350811 -1.939964688 0.122582173
3.004801090 -1.944117880 0.124252653
3.002323921 -1.947520709 0.125202751
3.000654991 -1.950234092 0.125979996
2.999207552 -1.953067935 0.126486635
2.998805578 -1.953830159 0.127252436
2.996091898 -1.957646108 0.131774282
2.992790277 -1.962987876 0.135341144
2.989170606 -1.969435847 0.138492203
3.004442508 -2.023401535 0.106868362
2.945480878 -2.117963469 0.130721188
2.954176004 -2.105410493 0.128786302
2.975270326 -2.086393512 0.125332332
2.989834364 -2.063450313 0.116734362
2.996522005 -2.048743642 0.111837840
3.016493137 -2.050300813 0.108821845
3.000015314 -2.035558439 0.109414196
2.964846904 -2.119155801 0.132387733
3.021215255 -2.039206183 0.106871343
2.990398939 -2.013931013 0.110032415
2.991830642 -2.027656532 0.113563991
2.931012209 -2.126211799 0.134471273
2.931425626 -2.115702665 0.132177806
2.940364177 -2.101137913 0.129895425
2.990242536 -2.040999926 0.115385866
2.980764444 -2.062163628 0.120804882
2.963409479 -2.082527793 0.127545094
2.937289054 -2.132164038 0.135183191
2.923989112 -2.132889426 0.138190722
2.976380880 -2.037149287 0.121909475
2.968539293 -2.056118107 0.127321696
2.948262985 -2.078161037 0.132819152
2.929786260 -2.101308144 0.132828569
2.923688943 -2.118534363 0.136029220
2.961882408 -2.129070437 0.135835266
2.953421409 -2.133183992 0.136151648
2.966291959 -2.001168466 0.109852648
2.932834203 -2.141425050 0.139670467
2.929036195 -2.148846543 0.152425981
2.930427845 -2.148361004 0.171127415
2.933234508 -2.140295184 0.191785073
2.943668182 -2.131103671 0.215092158
2.960896547 -2.134103334 0.140782809
2.959224517 -2.137506998 0.150464272
2.914896066 -2.121579445 0.144509053
2.914727743 -2.127765334 0.164345002
2.958928640 -2.136012829 0.167110062
2.938246067 -2.113907135 0.215459442
2.925996120 -2.123968161 0.188337421
2.961320455 -2.131788409 0.191838956
2.965392406 -2.123736060 0.211477852
3.019559438 -2.016948080 0.107177353
3.013861711 -2.010036624 0.107117033
3.027478750 -2.011480010 0.120158648
3.031788643 -2.002864457 0.116594410
3.033627327 -1.999779499 0.114817119
3.035433824 -1.996339834 0.112382746
3.023321207 -1.988800502 0.111907458
3.023108776 -1.992212630 0.115963674
3.021587904 -1.995824671 0.117706513
3.019121940 -2.001281655 0.118095851
3.036249693 -1.992770648 0.108326173
3.027322824 -1.989080644 0.102411008
3.035178716 -1.991435147 0.105113363
3.034527595 -1.989959395 0.103845334
3.025309141 -1.985161162 0.108227706
3.029010589 -1.983012116 0.109443998
3.028364236 -1.983021653 0.108226275
3.036519821 -1.988552487 0.108539915
3.036499317 -1.989624715 0.107718325
3.032731111 -1.992069340 0.102984881
3.033189590 -1.990502096 0.102846837
3.026616151 -1.985967195 0.103811359
3.027206953 -1.983764923 0.106369948
3.028489168 -1.987386501 0.102667189
3.036205108 -1.990242994 0.106670594
3.028870399 -1.985462344 0.103637671
3.029221351 -1.983791507 0.105207181
3.030381019 -1.983072198 0.106035089
3.030761535 -1.982826805 0.106917834
3.035700138 -1.986891365 0.106143689
3.035839136 -1.987900770 0.105970478
3.035480793 -1.989015437 0.104974842
3.030556972 -1.984706676 0.113131142
3.035484607 -1.987090147 0.111355996
3.029610212 -1.983018494 0.109857297
3.036419447 -1.987974739 0.108686185
3.030847366 -1.982720232 0.107537603
3.035608108 -1.986314690 0.106425142
3.031928356 -1.982988274 0.107318020
3.035105999 -1.985327995 0.106544352
3.029948528 -1.982907868 0.109918928
3.031200702 -1.982820130 0.108256793
3.031965311 -1.982997930 0.107768869
3.035221155 -1.985328532 0.106997943
3.030722911 -1.984496928 0.112726307
3.035397585 -1.986905611 0.111133552
3.036111410 -1.987161911 0.108767605
3.035640056 -1.986102140 0.107248878
3.030738170 -1.982797063 0.110041356
3.031847055 -1.982596314 0.108957028
3.032368953 -1.983193195 0.107940173
3.035111244 -1.985135353 0.107356882
3.031008537 -1.984286106 0.112459874
3.035428579 -1.986720837 0.110873079
3.035892065 -1.986686325 0.108656144
3.035514171 -1.985479749 0.107978082
3.036974962 -1.990954674 0.110723352
3.034816320 -1.993872083 0.106295204
3.033393200 -1.997228182 0.108073330
3.031530197 -1.999851025 0.110947704
3.029443081 -2.002840317 0.114052987
3.023975666 -2.010888255 0.115357494
3.023816640 -1.988152540 0.105165815
3.022184665 -1.991011656 0.107546663
3.021439607 -1.993689871 0.110292053
3.021829422 -1.998035348 0.114890432
3.018040474 -2.004283464 0.113024807
3.025755460 -1.991009391 0.102972722
3.031917865 -1.994455135 0.103869653
3.024533088 -1.994422651 0.104423618
3.030428941 -1.997598744 0.105298018
3.023646171 -1.996790088 0.106460428
3.029172714 -2.000017918 0.107352352
3.022532756 -1.999072111 0.112658000
3.027226741 -2.002375162 0.112533307
3.021902378 -2.010858155 0.112548804
3.018310602 -2.007387913 0.111064768
3.026919181 -1.984599686 0.110637760
3.026485498 -1.987481034 0.115620708
3.025450523 -1.991197503 0.119775033
3.023875530 -1.994027174 0.121228909
3.020723159 -2.000919080 0.124030447
3.036483820 -1.994213081 0.115603900
3.035437639 -1.997098899 0.118536329
3.033500726 -2.000916934 0.120659685
3.029080446 -2.009652949 0.123695707
3.030243929 -1.984835959 0.113489962
3.035761888 -1.987475312 0.111772871
3.029034193 -1.986235893 0.118455029
3.035290773 -1.991370953 0.117627478
3.027877624 -1.990326083 0.123263097
3.033469493 -1.995094097 0.122041917
3.032078559 -1.998045779 0.123682237
3.026100690 -1.994577980 0.125365114
3.022742326 -2.001773096 0.127837992
3.027883585 -2.006912804 0.128534532
3.011843736 -1.981427944 0.134302354
3.003701742 -1.977358020 0.131219006
3.006089265 -1.971699810 0.130019283
3.014459188 -1.976124800 0.131610847
3.018018539 -1.970638073 0.127253628
3.009578521 -1.966023660 0.126693106
3.019971664 -1.967228032 0.122491097
3.011676843 -1.962475932 0.122332430
3.022607143 -1.962042129 0.115109658
3.014360960 -1.958083070 0.116388774
3.013677652 -1.983971453 0.129832482
3.015898521 -1.979683733 0.126696682
3.017545040 -1.973366475 0.123173571
3.019996460 -1.969765222 0.120223856
3.001571710 -1.977563894 0.127101278
3.003677423 -1.973133719 0.125587082
3.007522876 -1.966826296 0.123191452
3.009338195 -1.963260389 0.119725442
3.011811073 -1.958480394 0.114694214
3.000890787 -1.981158293 0.117037153
3.004769619 -1.985263443 0.113876677
3.007530744 -1.981598831 0.115799522
3.003481681 -1.978037691 0.118202662
3.010560806 -1.976983703 0.114863253
3.005991752 -1.973372496 0.116627312
3.013768728 -1.972729063 0.108988857
3.008074100 -1.968296266 0.111064053
3.016740854 -1.968468166 0.104028559
3.010485704 -1.963596201 0.104707575
3.000593240 -1.979830897 0.119193649
3.002931888 -1.976643420 0.119877911
3.005042608 -1.971778787 0.118409133
3.007520731 -1.966169811 0.113276100
3.009087141 -1.960648573 0.109036183
3.006572540 -1.986806786 0.113905287
3.009318407 -1.982411302 0.116238332
3.012332256 -1.977743960 0.115755057
3.016782339 -1.973473585 0.110761857
3.020880277 -1.968840039 0.108540511
3.023275192 -1.964511490 0.114395952
3.022220428 -1.957698977 0.111590123
3.022215660 -1.959053851 0.112657046
3.022235687 -1.959765470 0.113561964
3.016870315 -1.956868148 0.114390707
3.021870668 -1.957195139 0.111544466
3.019408758 -1.955731190 0.111839628
3.018594320 -1.955548680 0.112034893
3.016831215 -1.956146396 0.112722850
3.022505577 -1.957882023 0.111227131
3.022422130 -1.959268427 0.112497306
3.022423322 -1.960096991 0.113738155
3.016393478 -1.956904388 0.114567137
3.021972950 -1.957140005 0.111309385
3.019269044 -1.955528951 0.111607647
3.018010910 -1.955290532 0.111694789
3.016521509 -1.956064499 0.112528777
3.022170360 -1.957154072 0.111060476
3.019184883 -1.955377257 0.111420608
3.022741373 -1.958004392 0.110890365
3.017777021 -1.955032981 0.111249900
3.022866542 -1.959735966 0.112192607
3.015930469 -1.955834723 0.112251139
3.022600944 -1.960449851 0.113795376
3.015615041 -1.956994510 0.114877081
3.023718412 -1.959110713 0.109488225
3.023308570 -1.958633459 0.109899616
3.022965486 -1.958229340 0.110544300
3.017543848 -1.954905904 0.111039972
3.016986187 -1.954587555 0.110364175
3.016954477 -1.954248405 0.109367466
3.017141874 -1.953820503 0.106843686
3.024319942 -1.963589943 0.110492086
3.017911012 -1.954416550 0.105302191
3.014001901 -1.954794264 0.109845734
3.012929256 -1.955127693 0.105904794
3.022930439 -1.957830942 0.104781961
3.021513755 -1.961769796 0.102840042
3.023899372 -1.962042964 0.112168884
3.023209388 -1.959913528 0.111797428
3.014667089 -1.955485678 0.111628270
3.015480812 -1.955559349 0.111958361
3.009828384 -1.959558285 0.112143493
3.024048860 -1.958026028 0.106711006
3.024243171 -1.963541961 0.106381631
3.015375669 -1.957408762 0.102508640
3.022466953 -1.967078782 0.111991501
3.000961359 -1.978656924 0.123158073
3.003002699 -1.974466300 0.123178220
3.005492027 -1.969084239 0.120319939
3.007860000 -1.964702583 0.116285658
3.018854673 -1.972262836 0.114863253
3.015807445 -1.976801908 0.118975019
3.012647207 -1.982653535 0.119204021
3.009775217 -1.986425555 0.118190026
3.022211368 -1.994801736 0.117434359
3.025658186 -1.989646709 0.117020702
3.027554090 -1.984600938 0.115717149
3.029758508 -1.981218195 0.112737036
3.018953140 -1.972574509 0.114069915
3.017781074 -1.976523555 0.115673399
3.025909956 -2.014944590 0.118556595
3.023588951 -2.016338027 0.111367679
3.017901237 -2.002918101 0.117135859
3.015752609 -1.981930530 0.118788099
3.012728746 -1.986680246 0.118476009
3.031965072 -1.977577901 0.110918498
3.025223310 -1.968812442 0.103589630
3.032828624 -1.974316931 0.106893754
3.032641227 -1.971667326 0.106818295
3.021433408 -1.969068385 0.111428833
3.025402839 -1.968333638 0.112429833
3.024474437 -1.967978335 0.111890054
3.031619365 -1.973508394 0.113066053
3.032247837 -1.974186874 0.112142539
3.031338031 -1.972142435 0.104188776
3.031510646 -1.970513320 0.104840851
3.024640138 -1.966908968 0.106392956
3.024205501 -1.967154837 0.109878874
3.027197893 -1.967638886 0.104783630
3.032917078 -1.974337018 0.109467244
3.026681955 -1.966637469 0.106531239
3.026313121 -1.966474033 0.109105444
3.026199157 -1.966696299 0.109933352
3.026359851 -1.966869986 0.110366201
3.031926925 -1.971600271 0.109434104
3.032207306 -1.971790648 0.109094715
3.032299574 -1.971340931 0.108352280
3.026056345 -1.969589270 0.113781071
3.031108434 -1.972767210 0.113310790
3.025905902 -1.968281246 0.112523413
3.031427438 -1.972985483 0.113054848
3.026480491 -1.967048979 0.110745406
3.031808193 -1.971466995 0.109683132
3.027247007 -1.967086292 0.110836840
3.031419571 -1.970101631 0.109954214
3.026341255 -1.968354679 0.112623668
3.026438291 -1.967462039 0.111444569
3.027299459 -1.967291570 0.111179090
3.031319912 -1.970167494 0.110236979
3.026311691 -1.969311333 0.113461113
3.031077440 -1.972515023 0.112856603
3.031241472 -1.972205496 0.111627674
3.031691606 -1.971137083 0.110137200
3.026892717 -1.968385733 0.112663126
3.027129228 -1.967790521 0.111972189
3.027491624 -1.967479027 0.111468172
3.031153495 -1.970095790 0.110553598
3.026694830 -1.969073093 0.113325214
3.030683572 -1.972118056 0.112591004
3.031123932 -1.971752918 0.111744976
3.031518991 -1.970938659 0.110519028
3.041224773 -1.999791778 0.107525206
3.041373546 -2.001058436 0.107572532
3.041275795 -2.001404500 0.108439422
3.038504894 -1.998652852 0.111086345
3.040861423 -1.998771584 0.107314563
3.039346988 -1.997333801 0.108913040
3.038737829 -1.997606731 0.109932995
3.038715417 -1.998021818 0.110410070
3.041287477 -2.000609970 0.107132173
3.041330869 -2.001157618 0.107378578
3.041298444 -2.002045846 0.108676171
3.037998016 -1.998536146 0.111289239
3.040847595 -1.998853124 0.106973982
3.038970525 -1.997300840 0.108404970
3.038576658 -1.997230864 0.109525299
3.038140113 -1.997817135 0.110569096
3.040458734 -1.998751140 0.106696820
3.039019163 -1.997262097 0.107932544
3.040826614 -1.999758876 0.105899549
3.037937219 -1.996824897 0.108495331
3.041355188 -2.001129365 0.106702662
3.037705476 -1.997779644 0.110664105
3.041437204 -2.002212263 0.108490562
3.037938888 -1.998567975 0.111669040
3.036912258 -2.000379897 0.101550555
3.038565452 -1.999927676 0.102713203
3.039592083 -1.999561406 0.103956199
3.036419685 -1.996572471 0.106635904
3.035499151 -1.996561683 0.105928040
3.034157570 -1.996903873 0.104862547
3.032885368 -1.997711873 0.103685474
3.038498457 -2.002913750 0.101689434
3.031992014 -1.998930669 0.102805471
3.032908018 -1.997535384 0.107985353
3.030609424 -1.998470164 0.105771160
3.034146125 -2.000094450 0.114040232
2.964027460 -2.006801641 0.148371315
2.963452871 -2.015372134 0.154871678
2.962387140 -2.026078022 0.164243317
2.970098074 -2.003270722 0.151347017
2.968927438 -2.010761476 0.156283355
2.968176658 -2.021199561 0.164522624
2.965747411 -2.031941569 0.171824193
2.962595518 -2.035232163 0.173156118
2.970346029 -1.994808114 0.145891762
2.973734195 -1.979688561 0.135399556
2.971202428 -1.987348771 0.140560246
3.013709362 -1.948487497 0.114149189
3.012450035 -1.941354192 0.113974547
3.000094230 -1.935903705 0.114072061
2.996284778 -1.937121666 0.115345573
2.992914732 -1.940215862 0.117463207
2.990037258 -1.944039858 0.120180702
2.986363943 -1.948917127 0.122237539
2.983510549 -1.954178727 0.125050998
2.980937297 -1.961092747 0.128126717
2.978209550 -1.969434715 0.131192303
2.967562015 -1.980920411 0.122966981
2.963386114 -1.987073338 0.127126670
2.964930351 -1.995794273 0.141401744
2.960418995 -1.996632791 0.134543753
2.965879495 -1.987610257 0.134840465
2.969256933 -1.980828500 0.130889273
2.978869255 -1.978720582 0.139114475
2.978130634 -1.986052609 0.144234514
2.998244341 -1.985009468 0.133681512
3.007104213 -1.988824582 0.134387112
3.006389911 -1.991098917 0.114318466
3.017566021 -2.002086735 0.116496778
3.031876619 -1.975444591 0.113872266
2.995534952 -1.944458640 0.104651427
2.993332679 -1.951033807 0.104054070
2.988751228 -1.957958615 0.104580855
2.984439666 -1.965777731 0.106736279
2.982081230 -1.971142030 0.109677291
2.979199941 -1.977380669 0.111827111
2.975648697 -1.986312127 0.108878231
2.972276027 -1.994586563 0.107907033
3.009863432 -2.058674372 0.112426257
3.033825214 -2.000680781 0.101174212
3.033550556 -2.002171314 0.100000000
3.033215101 -2.005545354 0.100561833
3.033107574 -2.010479308 0.102176285
3.032952840 -2.014025009 0.105049944
3.031509693 -2.019103802 0.110161161
3.024767931 -2.035222328 0.107322550
3.029565151 -2.024783945 0.108876562
3.004036005 -2.069377041 0.117571092
2.986173208 -2.094547666 0.129282451
2.972537334 -2.110415733 0.131358838
3.013137157 -1.949307835 0.110750890
3.012039955 -1.946482516 0.118435955
3.011970575 -1.945344603 0.119557476
3.011633451 -1.943810380 0.109229422
2.998059805 -1.938649393 0.108084059
2.994839723 -1.938166654 0.110936975
3.011939819 -1.941450632 0.117839909
3.002216871 -1.936126030 0.117972946
3.002639825 -1.937449730 0.120098567
3.011052902 -1.941301620 0.119316435
2.997217233 -1.937954462 0.118757820
2.998735721 -1.939167655 0.120358682
3.011462743 -1.944227672 0.120426512
3.010479028 -1.941907263 0.121279693
3.000039156 -1.939148701 0.121281362
3.002553041 -1.938459671 0.121650076
2.999141510 -1.940015054 0.121413565
3.002078111 -1.939394808 0.122183180
3.011059578 -1.944471634 0.120792484
3.010110433 -1.942665375 0.121754622
3.040360506 -2.002036727 0.103832817
3.041111524 -2.001422322 0.105250573
3.034978683 -1.997395671 0.109914637
3.036144073 -1.997169769 0.109971738
2.961090381 -1.989275790 0.114880776
2.992325361 -1.983259952 0.111123538
3.021242673 -2.053423441 0.112330294
3.024795826 -2.053219474 0.118365264
2.997235830 -1.997491694 0.142295814
3.026921089 -2.049369729 0.125476813
3.026205356 -2.045515454 0.129436827
3.017536934 -2.019946909 0.134928799
3.021853979 -2.026272810 0.132293916
3.025927122 -2.032889462 0.131503677
3.006209428 -2.004230595 0.139700031
3.013057048 -2.012219108 0.137110806
2.997579391 -2.059774375 0.168540931
2.996446188 -2.052856720 0.170030451
3.003162916 -2.045054472 0.155846691
3.003186042 -2.054458833 0.156304693
3.008478220 -2.038650608 0.147170401
3.009992178 -2.047454691 0.146368122
2.986516531 -2.036644078 0.174530602
2.990798051 -2.041443205 0.173049545
2.997278030 -2.031822300 0.160263991
2.992801006 -2.027178204 0.162291980
3.002626712 -2.023143030 0.151323771
2.997295435 -2.017626501 0.153749084
2.980198200 -2.020191765 0.164453363
2.972468193 -2.018730438 0.164204693
2.973659093 -2.009446419 0.157844639
2.983021791 -2.010896421 0.158529139
2.994389827 -2.003969825 0.147960043
3.019575889 -2.051725424 0.134905553
3.021062667 -2.043336010 0.135223126
3.012024458 -2.024316407 0.140590525
3.015656049 -2.031725800 0.138563132
3.018996770 -2.038014150 0.136983013
3.008055503 -2.015616870 0.143292284
3.001248176 -2.008166588 0.146061039
2.961249168 -2.015377021 0.121167636
2.955017383 -2.011795915 0.132206655
2.958915050 -2.006627834 0.145160413
3.022926862 -2.058052278 0.129020071
3.015032108 -2.061370826 0.115587807
3.020525749 -2.061561144 0.122218823
2.975200946 -2.000997401 0.152875757
2.984761770 -2.001109934 0.153006768
3.006864364 -1.992796815 0.130744791
3.008186395 -1.994199908 0.129392242
3.031877573 -2.000644184 0.111339903
3.031504448 -2.004322029 0.113506770
3.029984052 -2.008236266 0.115465379
3.027636106 -2.012548602 0.117344713
3.026080425 -2.015318549 0.117694950
3.007059629 -1.991909361 0.114077425
2.995123203 -1.981091893 0.117467141
2.996671970 -1.981255806 0.130202866
2.990715559 -1.942727662 0.109022713
2.993263061 -1.943463660 0.106264687
3.007205303 -1.950633681 0.104144669
3.011601980 -1.954491771 0.110754943
3.011876876 -1.954154289 0.115386343
2.998904998 -1.973563111 0.117739058
3.002850826 -1.969137705 0.113636708
3.006685312 -1.964196301 0.111254311
3.009829576 -1.958377815 0.110326982
2.995410974 -1.977198398 0.118393874
2.993159826 -1.979976809 0.117098427
3.009956892 -1.957846916 0.117136931
2.995638425 -1.981551743 0.135521030
2.994679506 -1.979788578 0.136918283
3.004931266 -1.956205404 0.103680468
3.002310093 -1.961870349 0.104398584
2.997769888 -1.968572057 0.106990314
2.993879135 -1.973295069 0.110433674
2.989596660 -1.978504694 0.110698318
2.985804851 -1.984095073 0.110805845
3.003904398 -1.992612934 0.112135267
2.987649973 -1.946977890 0.109850383
2.982997949 -1.951873398 0.111079192
2.978726442 -1.958568490 0.113777137
2.976027067 -1.967195845 0.117184258
2.973265703 -1.973900354 0.120305872
2.991578872 -1.940208292 0.112784004
2.986738975 -1.945187307 0.114397502
3.010327633 -1.951317048 0.119329309
3.008040006 -1.954993105 0.121502852
2.994847353 -1.940976656 0.120687222
2.993127401 -1.944439567 0.122811651
2.996019895 -1.940983272 0.121858931
2.999676044 -1.942077911 0.122975922
3.009975488 -1.949661351 0.120770073
3.008696849 -1.947263575 0.122570372
3.006118114 -1.950726962 0.123931503
3.003584917 -1.952233887 0.125288463
2.996933515 -1.948631680 0.125083184
2.996836717 -1.945270753 0.124636745
3.007500942 -1.953466511 0.122103667
2.993685062 -1.944362736 0.122710800
3.005117471 -1.955353296 0.123632288
2.994269188 -1.949439621 0.124526715
2.989378746 -1.949177063 0.105700827
2.985239322 -1.954751230 0.107005572
2.980347688 -1.963439739 0.109704947
2.978384311 -1.969386137 0.112952685
2.975368793 -1.975877917 0.115500069
3.035376604 -2.000635362 0.100989199
2.990562732 -1.988307810 0.108419156
2.998466547 -1.993840492 0.108223295
3.016098793 -2.005706883 0.111282802
3.031587656 -1.977860845 0.107347584
3.029110010 -1.981441415 0.108796811
3.026515539 -1.985331035 0.111400104
3.023230846 -1.988898373 0.115206099
3.015385444 -2.003789819 0.110995865
3.020296152 -1.994938887 0.112727737
3.020883377 -1.969207263 0.106167293
3.018207367 -1.974490381 0.109586930
3.017234142 -1.978000498 0.112318730
3.016487415 -1.982862151 0.116111612
3.012430484 -1.988194919 0.114751911
3.005821283 -1.993391371 0.111408567
3.022165592 -1.970768726 0.103129125
3.028003986 -1.976955867 0.103095627
3.019598539 -1.976844108 0.106509066
3.025752599 -1.981370485 0.105195260
3.017561252 -1.980296708 0.109219527
3.023199613 -1.984405733 0.108471131
3.017198379 -1.983907915 0.114383316
3.020072754 -1.987700558 0.113734221
3.017392213 -1.993510163 0.111769533
3.013071354 -1.989935553 0.112954950
3.010649736 -2.005958474 0.107176042
3.003938491 -1.996695555 0.108597493
3.035657938 -2.002922273 0.100370979
3.030127342 -2.000022805 0.103593683
3.028830822 -2.001222229 0.108191705
3.028208311 -2.004372454 0.110660887
3.027763183 -2.008416510 0.112521148
3.026840980 -2.013604916 0.114564276
3.025175865 -2.016583717 0.112385726
3.028466280 -2.003158129 0.104140615
3.027386720 -2.007495737 0.105954266
3.027740057 -2.011131382 0.108177400
3.027432735 -2.015166200 0.111140823
3.024440105 -2.019469357 0.108706808
3.025534923 -2.045076645 0.108828044
3.036190565 -2.006028450 0.100636578
3.036199386 -2.010878957 0.103315091
3.035600240 -2.015134788 0.106073236
3.034620817 -2.020718015 0.110360241
3.033198650 -2.026327587 0.110516763
3.028979595 -2.038484192 0.111153340
3.029844577 -2.045214749 0.115744805
3.039788063 -2.006548620 0.102640247
3.039901311 -2.010903514 0.106209970
3.038608368 -2.015095926 0.109333253
3.036649997 -2.020912743 0.113078809
3.034405763 -2.028405464 0.113835788
3.031981046 -2.038462139 0.114783740
3.031647022 -2.041543341 0.122294521
2.967263515 -1.984822309 0.114915228
2.983281906 -1.949700988 0.116769171
2.979652460 -1.956207729 0.119505739
2.977238710 -1.962644673 0.122189379
2.974451358 -1.970956302 0.126249170
3.007364328 -1.962753153 0.120820498
3.005059774 -1.966566778 0.123516655
3.001468475 -1.970401264 0.128039098
2.998942430 -1.974793232 0.131560659
2.995699937 -1.978276945 0.132074094
3.007703121 -1.990659631 0.126914358
3.022880371 -1.969098843 0.113655663
3.020736749 -1.971659756 0.117112136
3.018957908 -1.975189841 0.120102382
3.016188438 -1.981413639 0.124507523
3.013557251 -1.985779620 0.123809671
3.009262140 -1.992527521 0.124862289
3.030463274 -1.979556060 0.116811490
3.028971012 -1.982587731 0.119762635
3.026472385 -1.987838006 0.123578644
3.024478252 -1.992595053 0.126887059
3.018658931 -2.001162625 0.125000691
3.017659719 -2.004261709 0.127127147
3.019331749 -2.003352976 0.123805499
3.018479879 -2.005661583 0.126468039
3.042342956 -2.006282604 0.107463574
3.041299398 -2.010522998 0.110683775
3.040374572 -2.014443195 0.114389634
3.038572128 -2.019720650 0.117496109
3.034764106 -2.025770283 0.119925594
3.033757503 -2.035136915 0.121403909
3.033050592 -2.003843999 0.117092943
3.031665380 -2.007915295 0.119386768
3.029533918 -2.012580014 0.121359801
3.027196939 -2.015437401 0.124486184
3.025367792 -2.014042533 0.122711992
3.026850755 -2.017434514 0.127272940
3.025596435 -2.014840758 0.128334379
3.042148407 -2.005935944 0.112075663
3.036763485 -2.001109159 0.115818000
3.041476305 -2.008854664 0.114130831
3.035780485 -2.004455424 0.118576384
3.040055568 -2.013525343 0.118039227
3.033947284 -2.009170390 0.121672130
3.038191135 -2.017736471 0.121679997
3.031740005 -2.014045990 0.124700642
3.033620651 -2.023090995 0.125720119
3.029394682 -2.017700649 0.127401447
3.032393034 -2.029483116 0.126138783
3.026272590 -2.021459079 0.129019713
3.025701578 -2.010399020 0.129256225
3.020846422 -2.004394150 0.128081536
3.025431211 -1.969712353 0.114967561
3.030797060 -1.973417378 0.115183687
3.023742015 -1.972490466 0.120398617
3.029706056 -1.976998425 0.119313693
3.022057111 -1.975801504 0.123509264
3.027698333 -1.979934848 0.123072243
3.025161798 -1.985032356 0.127786970
3.018710907 -1.981332159 0.128594732
3.016485984 -1.986277914 0.128969049
3.022835310 -1.989558852 0.130059695
3.017864282 -1.997975624 0.131440973
3.011998708 -1.993556476 0.130162334
3.005655105 -1.956261731 0.123970485
2.993516262 -1.949124968 0.125273204
3.002137716 -1.961405611 0.130082941
2.988908823 -1.954647100 0.129278517
2.985519703 -1.960961914 0.132003641
2.999106701 -1.967116988 0.133353448
2.982466514 -1.968728936 0.134952521
2.995410259 -1.972385443 0.137489653
2.992080982 -1.977717495 0.138804173
2.952624376 -2.140062488 0.140547609
2.950890834 -2.144162929 0.150277829
2.917642648 -2.139932430 0.147330379
2.917211349 -2.140326536 0.169435120
2.953218753 -2.141303099 0.167331791
2.928495939 -2.132776058 0.191040373
2.934652383 -2.096517837 0.212711668
2.940558488 -2.123540676 0.217257118
3.029065902 -2.038013792 0.127986288
3.022844131 -2.016031719 0.131306267
3.018840845 -2.005259192 0.130594707
3.016747530 -2.002179599 0.132304406
3.009477909 -1.995536006 0.133526301
2.991697843 -1.982288874 0.140515423
3.006121452 -1.992572046 0.135746336
2.995470340 -1.985547102 0.137551880
2.956854875 -1.997647918 0.119780874
2.990229662 -2.013127244 0.156113005
3.005987461 -2.031697011 0.148934102
2.958636339 -2.020028747 0.152736759
2.954728658 -2.027344799 0.146760559
2.931261594 -2.099934853 0.188614225
2.934892948 -2.079267061 0.182293987
3.009558971 -2.055987752 0.145659065
3.002037342 -2.064377761 0.157170153
2.955691154 -2.034647680 0.165398097
2.985743578 -2.021732009 0.164118505
3.001244838 -2.039114869 0.157334542
2.993570621 -2.073612726 0.175942159
2.958937223 -2.043183720 0.179326749
2.992399747 -2.052291966 0.178247428
2.977822597 -2.040543235 0.182240343
2.991231973 -2.091701663 0.197367406
2.986467416 -2.109875834 0.204547262
2.987082059 -2.079688347 0.189916229
2.983421619 -2.063614285 0.190449333
2.990379865 -2.089048541 0.177198982
2.995861585 -2.087517655 0.157539701
2.964301641 -2.053461171 0.194722509
2.973645265 -2.051084972 0.188867188
2.938451107 -2.077313936 0.204943991
2.949921901 -2.065563834 0.200957751
2.982662017 -2.111758030 0.179427600
2.980584676 -2.111413277 0.160488701
2.967553671 -2.127450145 0.164479113
2.970034893 -2.126674927 0.186849093
2.954656179 -2.134810007 0.192146635
2.959771688 -2.127555406 0.212980127
2.941194351 -2.058750427 0.169637537
2.975246008 -2.122228182 0.208099222
3.009739454 -2.064385212 0.142341948
2.996473606 -2.091080702 0.146997547
2.991143043 -2.095238960 0.133003092
2.993501003 -2.095482743 0.140211201
2.949515636 -2.043560720 0.159346080
3.014267976 -2.067042148 0.134649491
2.951978262 -2.046458102 0.137792921
2.958180959 -2.031635678 0.133520222
3.010124738 -2.071474588 0.126985049
3.007705267 -2.071160651 0.121914959
2.935062702 -2.078159130 0.161378241
2.923375661 -2.102236426 0.160436487
2.937247093 -2.077828920 0.140205717
2.921225126 -2.102394975 0.140587902
2.969313676 -2.125890530 0.151742315
2.969963605 -2.125247395 0.142121291
2.969692762 -2.120126403 0.134572721
2.976827438 -2.111858881 0.134300566
2.980058248 -2.112440145 0.142600155
2.982372100 -2.109357155 0.149521804
3.081206138 -1.828736461 1.458862400
3.080165441 -1.829098857 1.459266520
3.081799800 -1.828520930 1.458566284
3.083353574 -1.828939236 1.456687307
3.079151924 -1.827188647 1.458261824
3.079958255 -1.828203893 1.459275818
3.080516870 -1.826109147 1.457292652
3.083562191 -1.824561096 1.456487513
3.081768091 -1.825314677 1.456855631
3.081134613 -1.830831564 1.458210564
3.080118711 -1.829846657 1.458929157
3.081378276 -1.831119156 1.457290745
3.081425245 -1.830487585 1.454779243
3.083736951 -1.831335402 1.454605198
3.082803781 -1.825153268 1.470095015
3.080457981 -1.826413072 1.469648695
3.078399236 -1.826601839 1.468279696
3.076783950 -1.824626661 1.464829063
3.078105981 -1.827751434 1.458750582
3.076036270 -1.824392414 1.461588240
3.075927074 -1.825784243 1.458837366
3.076905544 -1.827310002 1.458284473
3.086279209 -1.822500146 1.470604038
3.092008646 -1.823345876 1.469923115
3.088098104 -1.827914036 1.453179455
3.086218174 -1.831163800 1.453068113
3.085295971 -1.826880908 1.454244232
3.084981020 -1.823434806 1.456371880
3.093864257 -1.828550077 1.455692625
3.090497549 -1.829875982 1.453846312
3.095653112 -1.827897823 1.469887114
3.094746883 -1.837583518 1.456920242
3.096608932 -1.837693191 1.457255936
3.098067815 -1.837078607 1.459903812
3.093825395 -1.836802876 1.457548714
3.097866113 -1.836765981 1.463217115
3.095759447 -1.836598373 1.466952658
3.095058735 -1.834820485 1.468532181
3.095032270 -1.832194722 1.469159937
3.087475593 -1.833488143 1.454319334
3.089370782 -1.835062659 1.454171753
3.089137371 -1.835587001 1.456697559
3.091044481 -1.836138046 1.458093739
3.089610870 -1.835712290 1.457562542
3.093892868 -1.832296348 1.455928659
3.093610580 -1.830347097 1.455719328
3.093878324 -1.833802915 1.456271029
3.092578228 -1.835470772 1.458310938
3.093735988 -1.835586346 1.457146502
3.089966829 -1.832747317 1.456181622
3.091311748 -1.833998061 1.457839108
3.091703947 -1.835742927 1.458384371
3.091453846 -1.834637440 1.458078718
3.097095306 -1.833603180 1.458754635
3.096233184 -1.830054021 1.458165026
3.097098644 -1.831511355 1.461629248
3.095897968 -1.826632119 1.466173983
3.094928558 -1.838736451 1.456828928
3.096886451 -1.839361108 1.457344866
3.097980793 -1.840932048 1.460402584
3.091578300 -1.840133882 1.455031013
3.090967710 -1.840636766 1.454141474
3.089277799 -1.838166213 1.454066133
3.088707264 -1.837130702 1.456030464
3.089889820 -1.838118470 1.455603456
3.096292789 -1.846451676 1.460805035
3.096158798 -1.843080199 1.457770443
3.094679887 -1.844777441 1.456474161
3.092890556 -1.841107166 1.455612278
3.094081695 -1.840244031 1.456126785
3.095617349 -1.844466961 1.461845493
3.089446838 -1.836678243 1.457024193
3.090320165 -1.836751855 1.457987404
3.092947061 -1.839283741 1.456349230
3.093781049 -1.837964988 1.457435226
3.089788492 -1.837979174 1.457640743
3.090862329 -1.838822699 1.456579065
3.091813381 -1.839279151 1.455718851
3.096186931 -1.843698001 1.465429401
3.096937473 -1.840570605 1.464538908
3.094402368 -1.836368418 1.456805801
3.092991169 -1.835919238 1.458323336
3.095390852 -1.835761524 1.456665611
3.097729976 -1.833855129 1.462169743
3.096696909 -1.834403730 1.465038872
3.095693166 -1.839454568 1.467804289
3.096400077 -1.841817534 1.467826223
3.097481783 -1.845708049 1.465045786
3.097056205 -1.843331254 1.467304087
3.092617328 -1.826285875 1.454621649
3.095966871 -1.824754930 1.457276917
3.096439893 -1.825054205 1.461330986
3.095848854 -1.828017986 1.457620478
3.097047145 -1.828662908 1.461109018
3.088424738 -1.836255050 1.453646040
3.086668546 -1.834800756 1.453399992
3.096271093 -1.832319415 1.465512848
3.096167858 -1.830333925 1.465814209
3.058334644 -1.827641344 1.502068138
3.059875066 -1.828512407 1.501950598
3.058961446 -1.828272319 1.501147604
3.059613760 -1.828614748 1.501286602
3.058343227 -1.827917016 1.501322365
3.059307153 -1.827912426 1.502866602
3.058635290 -1.827631212 1.502805805
3.059855993 -1.828327454 1.502665138
3.107391889 -1.855699516 1.499030685
3.108612354 -1.856408871 1.498984671
3.108044202 -1.855976200 1.499140120
3.108341272 -1.856706834 1.497499800
3.107106979 -1.855962193 1.497655249
3.107708986 -1.856342173 1.497420406
3.107141550 -1.855729437 1.498336649
3.108668144 -1.856624461 1.498219824
3.096236999 -1.849126077 1.491675234
2.908499773 -1.905351377 1.380701160
3.156271989 -2.023039616 1.362099743
2.900129373 -1.859427369 1.390136814
3.198165948 -2.000724531 1.367828941
2.917428072 -1.831388748 1.378053522
3.207340772 -1.969738162 1.356713152
2.935455616 -1.827107704 1.355257845
3.195887144 -1.951541698 1.336315489
2.962117012 -1.830673731 1.333071804
3.174441631 -1.931404865 1.317259169
2.999412115 -1.823183751 1.328753805
3.156395967 -1.897698439 1.317135191
3.060469205 -1.836062587 1.307583427
3.105746563 -1.857461608 1.304076290
3.085658844 -1.838012791 1.284974909
3.029917295 -1.836079336 1.322496510
3.126746233 -1.881951249 1.315144634
2.948936756 -1.968851126 1.368309593
3.080934341 -2.031192339 1.358689404
3.012081440 -2.003694272 1.348294830
2.974484737 -1.965887702 1.382476664
3.068556841 -2.010262943 1.374422407
3.018287475 -1.992870486 1.371972895
2.952676113 -1.913617051 1.392511225
3.123569305 -1.994829870 1.377997017
3.061900909 -1.848991669 1.331440067
3.097803171 -1.866013682 1.328737116
3.042223508 -1.846936083 1.340308523
3.112807567 -1.880343593 1.334972954
3.014108236 -1.843379414 1.347781277
3.134207065 -1.900348759 1.338692284
3.079505022 -1.855263746 1.311177826
2.991900976 -1.855227209 1.358861303
3.139824684 -1.925498045 1.347433901
2.971522625 -1.860083139 1.370106077
3.150989111 -1.943919278 1.355918741
2.959511097 -1.865592873 1.378687000
3.154798563 -1.957569039 1.364877081
2.952231224 -1.884450770 1.386997795
3.145595844 -1.976761139 1.372765875
2.969735677 -1.928451336 1.407564735
3.089051540 -1.989129043 1.400274134
2.976396616 -1.894621885 1.408614254
3.110027368 -1.961786843 1.396860456
2.982161815 -1.877236164 1.405943727
3.119072492 -1.945158399 1.393811321
2.994326408 -1.867148495 1.394620275
3.124122436 -1.928678787 1.385012245
3.003688390 -1.864210582 1.378479576
3.118330057 -1.918454445 1.370199537
3.029787119 -1.861121631 1.364786243
3.112702186 -1.900526262 1.358653402
3.043148334 -1.858724392 1.356293774
3.105462368 -1.888468540 1.351570702
2.993687446 -1.964034236 1.398272848
3.059937294 -1.995495713 1.393257475
3.023657138 -1.981105543 1.394918060
2.979840810 -1.972783125 1.405384874
3.056842859 -2.009340203 1.399510717
3.017546709 -1.993221021 1.399671888
2.965568836 -1.932842768 1.412690973
3.087219770 -1.990919745 1.403566933
3.034543808 -1.844747222 1.368589258
3.123144920 -1.887066520 1.362050390
3.051969106 -1.836170710 1.360024071
3.116647537 -1.867064512 1.355360603
3.002167757 -1.852751053 1.381714201
3.128052528 -1.912174678 1.373065567
2.993655498 -1.863682962 1.395172930
3.127229745 -1.927020288 1.385337448
2.981789167 -1.877570725 1.407695150
3.119694288 -1.944853938 1.397028065
2.975227649 -1.898409403 1.411684132
3.108057792 -1.962472296 1.401240683
2.948095615 -1.931081272 1.396645880
3.113465602 -2.009789324 1.384120321
2.944254215 -1.888797558 1.390541887
3.147508199 -1.985921419 1.375539875
2.954513843 -1.862401045 1.377519226
3.160214717 -1.960128343 1.362217522
2.972972925 -1.844948328 1.368396378
3.162660892 -1.932550466 1.352433777
2.994887169 -1.830701030 1.353313541
3.157059486 -1.907257951 1.340988493
3.025069530 -1.825436569 1.339156008
3.140055473 -1.880027688 1.330587244
3.058006103 -1.822689808 1.320124722
3.118764217 -1.850746787 1.314468002
2.973079736 -1.985192931 1.379871702
3.053976829 -2.023400462 1.374004936
3.007746275 -1.996351576 1.368175364
3 857 854 855
3 857 855 856
3 825 822 823
3 825 823 824
3 862 857 856
3 862 856 863
3 830 825 824
3 830 824 831
3 861 858 857
3 861 857 862
3 829 826 825
3 829 825 830
3 860 859 858
3 860 858 861
3 858 853 854
3 858 854 857
3 843 836 837
3 843 837 842
3 811 805 806
3 811 806 810
3 842 837 838
3 842 838 841
3 810 806 807
3 810 807 809
3 867 860 861
3 867 861 866
3 841 838 839
3 841 839 840
3 835 828 829
3 835 829 834
3 868 808 809
3 868 809 807
3 866 861 862
3 866 862 865
3 846 841 840
3 846 840 847
3 834 829 830
3 834 830 833
3 814 809 808
3 814 808 815
3 812 811 810
3 812 810 813
3 865 862 863
3 865 863 864
3 845 842 841
3 845 841 846
3 833 830 831
3 833 831 832
3 813 810 809
3 813 809 814
3 819 812 813
3 819 813 818
3 864 868 807
3 864 807 865
3 844 843 842
3 844 842 845
3 806 866 865
3 806 865 807
3 837 834 833
3 837 833 838
3 805 867 866
3 805 866 806
3 836 835 834
3 836 834 837
3 851 844 845
3 851 845 850
3 850 845 846
3 850 846 849
3 818 813 814
3 818 814 817
3 849 846 847
3 849 847 848
3 817 814 815
3 817 815 816
3 854 849 848
3 854 848 855
3 822 817 816
3 822 816 823
3 853 850 849
3 853 849 854
3 821 818 817
3 821 817 822
3 852 851 850
3 852 850 853
3 820 819 818
3 820 818 821
3 828 827 826
3 828 826 829
3 838 833 832
3 838 832 839
3 859 852 853
3 859 853 858
3 827 820 821
3 827 821 826
3 826 821 822
3 826 822 825
3 6668 6667 6607
3 6668 6607 6606
3 6629 6628 6631
3 6629 6631 6630
3 6628 6627 6632
3 6628 6632 6631
3 6653 6652 6655
3 6653 6655 6654
3 6627 6626 6633
3 6627 6633 6632
3 6607 6608 6611
3 6607 6611 6612
3 6651 6650 6657
3 6651 6657 6656
3 6631 6632 6635
3 6631 6635 6636
3 6656 6657 6658
3 6656 6658 6659
3 6630 6631 6636
3 6630 6636 6637
3 6654 6655 6660
3 6654 6660 6661
3 6608 6609 6610
3 6608 6610 6611
3 6667 6666 6608
3 6667 6608 6607
3 6606 6607 6612
3 6606 6612 6613
3 6612 6611 6616
3 6612 6616 6615
3 6611 6610 6617
3 6611 6617 6616
3 6613 6612 6615
3 6613 6615 6614
3 6620 6619 6624
3 6620 6624 6623
3 6632 6633 6634
3 6632 6634 6635
3 6636 6635 6640
3 6636 6640 6639
3 6639 6640 6643
3 6639 6643 6644
3 6644 6643 6648
3 6644 6648 6647
3 6647 6648 6651
3 6647 6651 6652
3 6652 6651 6656
3 6652 6656 6655
3 6655 6656 6659
3 6655 6659 6660
3 6637 6636 6639
3 6637 6639 6638
3 6663 6664 6666
3 6663 6666 6667
3 6624 6625 6626
3 6624 6626 6627
3 6616 6617 6618
3 6616 6618 6619
3 6661 6660 6663
3 6661 6663 6662
3 6635 6634 6641
3 6635 6641 6640
3 6615 6616 6619
3 6615 6619 6620
3 6660 6659 6664
3 6660 6664 6663
3 6640 6641 6642
3 6640 6642 6643
3 6659 6658 6665
3 6659 6665 6664
3 6605 6666 6664
3 6605 6664 6665
3 6638 6639 6644
3 6638 6644 6645
3 6662 6663 6667
3 6662 6667 6668
3 6609 6608 6666
3 6609 6666 6605
3 6621 6620 6623
3 6621 6623 6622
3 6645 6644 6647
3 6645 6647 6646
3 6619 6618 6625
3 6619 6625 6624
3 6614 6615 6620
3 6614 6620 6621
3 6643 6642 6649
3 6643 6649 6648
3 6623 6624 6627
3 6623 6627 6628
3 6648 6649 6650
3 6648 6650 6651
3 6622 6623 6628
3 6622 6628 6629
3 6646 6647 6652
3 6646 6652 6653
3 805 1063 1066
3 805 1066 867
3 867 1066 1177
3 860 867 1177
3 860 1177 3338
3 859 860 3338
3 852 859 3338
3 852 3338 2049
3 851 852 2049
3 851 2049 1173
3 844 851 1173
3 844 1173 3915
3 843 844 3915
3 836 843 3915
3 836 3915 3913
3 836 3913 3916
3 835 3916 3913
3 835 3916 999
3 828 835 999
3 828 999 1034
3 828 1034 1247
3 827 828 1247
3 827 1247 1032
3 820 827 1032
3 820 1032 1033
3 819 820 1033
3 819 1033 1052
3 819 1052 1054
3 812 819 1054
3 812 1054 1060
3 811 812 1060
3 811 1060 1064
3 811 1064 1063
3 805 811 1063
3 6393 6395 6638
3 6393 6638 6645
3 6393 6645 6588
3 6564 6588 6645
3 6564 6645 6646
3 6461 6564 6646
3 6461 6646 6653
3 6461 6653 6566
3 6565 6566 6653
3 6565 6653 6654
3 6550 6565 6654
3 6550 6654 6661
3 6548 6550 6661
3 6542 6548 6661
3 6538 6542 6661
3 6538 6661 6662
3 6538 6662 6539
3 6539 6662 6668
3 6536 6539 6668
3 6489 6536 6668
3 6489 6668 6606
3 6403 6489 6606
3 6403 6606 6613
3 6403 6613 6415
3 6415 6613 6614
3 6415 6614 6621
3 6415 6621 6493
3 6493 6621 6622
3 6493 6622 6629
3 6394 6493 6629
3 6394 6629 6630
3 6394 6630 6396
3 6396 6630 6637
3 6395 6396 6637
3 840 839 796
3 840 796 797
3 782 781 765
3 782 765 766
3 856 855 800
3 856 800 801
3 783 782 766
3 783 766 767
3 863 856 801
3 863 801 802
3 784 783 767
3 784 767 768
3 864 863 802
3 864 802 803
3 785 784 768
3 785 768 769
3 766 765 749
3 766 749 750
3 868 864 803
3 868 803 804
3 786 785 769
3 786 769 770
3 787 786 770
3 787 770 771
3 789 804 788
3 789 788 773
3 790 789 773
3 790 773 774
3 767 766 750
3 767 750 751
3 791 790 774
3 791 774 775
3 757 772 755
3 757 755 741
3 792 791 775
3 792 775 776
3 781 780 764
3 781 764 765
3 758 757 741
3 758 741 742
3 788 787 771
3 788 771 772
3 793 792 776
3 793 776 777
3 759 758 742
3 759 742 743
3 794 793 777
3 794 777 778
3 760 759 743
3 760 743 744
3 802 801 785
3 802 785 786
3 795 794 778
3 795 778 779
3 761 760 744
3 761 744 745
3 768 767 751
3 768 751 752
3 796 795 779
3 796 779 780
3 762 761 745
3 762 745 746
3 855 848 799
3 855 799 800
3 797 796 780
3 797 780 781
3 763 762 746
3 763 746 747
3 764 763 747
3 764 747 748
3 799 798 782
3 799 782 783
3 765 764 748
3 765 748 749
3 800 799 783
3 800 783 784
3 801 800 784
3 801 784 785
3 776 775 759
3 776 759 760
3 803 802 786
3 803 786 787
3 769 768 752
3 769 752 753
3 804 803 787
3 804 787 788
3 808 868 804
3 808 804 789
3 770 769 753
3 770 753 754
3 832 831 794
3 832 794 795
3 815 808 789
3 815 789 790
3 772 771 756
3 772 756 755
3 816 815 790
3 816 790 791
3 773 788 772
3 773 772 757
3 823 816 791
3 823 791 792
3 774 773 757
3 774 757 758
3 798 797 781
3 798 781 782
3 824 823 792
3 824 792 793
3 775 774 758
3 775 758 759
3 831 824 793
3 831 793 794
3 771 770 754
3 771 754 756
3 777 776 760
3 777 760 761
3 778 777 761
3 778 761 762
3 839 832 795
3 839 795 796
3 779 778 762
3 779 762 763
3 847 840 797
3 847 797 798
3 780 779 763
3 780 763 764
3 848 847 798
3 848 798 799
3 6690 6706 6707
3 6690 6707 6691
3 6634 6677 6678
3 6634 6678 6641
3 6701 6718 6717
3 6701 6717 6702
3 6707 6723 6724
3 6707 6724 6708
3 6691 6707 6708
3 6691 6708 6692
3 6716 6732 6718
3 6716 6718 6701
3 6682 6698 6699
3 6682 6699 6683
3 6641 6678 6679
3 6641 6679 6642
3 6692 6708 6709
3 6692 6709 6693
3 6642 6679 6680
3 6642 6680 6649
3 6693 6709 6710
3 6693 6710 6694
3 6649 6680 6681
3 6649 6681 6650
3 6694 6710 6711
3 6694 6711 6695
3 6700 6716 6701
3 6700 6701 6685
3 6695 6711 6712
3 6695 6712 6696
3 6657 6682 6683
3 6657 6683 6658
3 6696 6712 6713
3 6696 6713 6697
3 6704 6720 6721
3 6704 6721 6705
3 6665 6684 6669
3 6665 6669 6605
3 6697 6713 6714
3 6697 6714 6698
3 6698 6714 6715
3 6698 6715 6699
3 6669 6685 6686
3 6669 6686 6670
3 6699 6715 6716
3 6699 6716 6700
3 6670 6686 6687
3 6670 6687 6671
3 6671 6687 6688
3 6671 6688 6672
3 6672 6688 6689
3 6672 6689 6673
3 6702 6717 6719
3 6702 6719 6703
3 6703 6719 6720
3 6703 6720 6704
3 6674 6690 6691
3 6674 6691 6675
3 6705 6721 6722
3 6705 6722 6706
3 6605 6669 6670
3 6605 6670 6609
3 6706 6722 6723
3 6706 6723 6707
3 6633 6676 6677
3 6633 6677 6634
3 6650 6681 6682
3 6650 6682 6657
3 6658 6683 6684
3 6658 6684 6665
3 6708 6724 6725
3 6708 6725 6709
3 6709 6725 6726
3 6709 6726 6710
3 6675 6691 6692
3 6675 6692 6676
3 6710 6726 6727
3 6710 6727 6711
3 6676 6692 6693
3 6676 6693 6677
3 6711 6727 6728
3 6711 6728 6712
3 6677 6693 6694
3 6677 6694 6678
3 6712 6728 6729
3 6712 6729 6713
3 6678 6694 6695
3 6678 6695 6679
3 6713 6729 6730
3 6713 6730 6714
3 6679 6695 6696
3 6679 6696 6680
3 6714 6730 6731
3 6714 6731 6715
3 6680 6696 6697
3 6680 6697 6681
3 6715 6731 6732
3 6715 6732 6716
3 6681 6697 6698
3 6681 6698 6682
3 6683 6699 6700
3 6683 6700 6684
3 6609 6670 6671
3 6609 6671 6610
3 6684 6700 6685
3 6684 6685 6669
3 6610 6671 6672
3 6610 6672 6617
3 6685 6701 6702
3 6685 6702 6686
3 6617 6672 6673
3 6617 6673 6618
3 6686 6702 6703
3 6686 6703 6687
3 6618 6673 6674
3 6618 6674 6625
3 6687 6703 6704
3 6687 6704 6688
3 6673 6689 6690
3 6673 6690 6674
3 6625 6674 6675
3 6625 6675 6626
3 6688 6704 6705
3 6688 6705 6689
3 6626 6675 6676
3 6626 6676 6633
3 6689 6705 6706
3 6689 6706 6690
3 741 755 7737
3 741 7737 7741
3 748 747 7740
3 748 7740 7738
3 745 744 7739
3 745 7739 7740
3 744 743 7741
3 744 7741 7739
3 746 745 7740
3 746 7740 747
3 742 741 7741
3 742 7741 743
3 740 7739 7741
3 740 7741 7737
3 740 7738 7740
3 740 7740 7739
3 753 752 7742
3 753 7742 7743
3 752 751 7744
3 752 7744 7742
3 754 753 7743
3 754 7743 756
3 748 7738 7744
3 748 7744 749
3 755 756 7743
3 755 7743 7737
3 750 749 7744
3 750 7744 751
3 740 7742 7744
3 740 7744 7738
3 740 7737 7743
3 740 7743 7742
3 6733 7747 7746
3 6733 7746 7752
3 6733 7750 7749
3 6733 7749 7751
3 7748 7750 6733
3 7748 6733 7752
3 6720 7746 7747
3 6720 7747 6721
3 6717 7746 6720
3 6717 6720 6719
3 6717 6718 7752
3 6717 7752 7746
3 6718 6732 7748
3 6718 7748 7752
3 6730 7748 6732
3 6730 6732 6731
3 6729 7750 7748
3 6729 7748 6730
3 6722 7745 6724
3 6722 6724 6723
3 6721 7747 7745
3 6721 7745 6722
3 6724 7745 7751
3 6724 7751 6725
3 6733 7751 7745
3 6733 7745 7747
3 6725 7751 7749
3 6725 7749 6726
3 6726 7749 6728
3 6726 6728 6727
3 6728 7749 7750
3 6728 7750 6729
3 3943 2084 2081
3 3943 2081 3942
3 4485 4484 4471
3 4485 4471 4482
3 4134 4135 4614
3 4134 4614 4613
3 3345 2088 2128
3 3345 2128 3347
3 2088 3345 3327
3 2088 3327 1265
3 1800 1799 1268
3 1800 1268 1259
3 4111 4112 4485
3 4111 4485 4482
3 2151 2155 2156
3 2151 2156 2152
3 2128 2155 2151
3 2128 2151 2129
3 1264 1259 1268
3 1264 1268 1258
3 1270 1262 1799
3 1270 1799 1800
3 3326 1805 1804
3 3326 1804 3325
3 1976 2061 2060
3 1976 2060 3025
3 4658 4610 4609
3 4658 4609 4650
3 4858 4469 4106
3 4858 4106 4108
3 1263 1257 1269
3 1263 1269 1271
3 4661 4475 4472
3 4661 4472 4611
3 4470 4439 4121
3 4470 4121 4122
3 1264 1261 1266
3 1264 1266 1259
3 3111 3026 3035
3 3111 3035 3125
3 1267 1260 2091
3 1267 2091 2090
3 4655 4474 4477
3 4655 4477 4660
3 3348 2129 2130
3 3348 2130 3349
3 1270 3326 3325
3 1270 3325 1262
3 4658 4664 4654
3 4658 4654 4661
3 2081 2084 2095
3 2081 2095 2082
3 4112 4113 4493
3 4112 4493 4485
3 4414 4413 4409
3 4414 4409 4410
3 4494 4505 4114
3 4494 4114 4113
3 4657 4662 4655
3 4657 4655 4660
3 1976 3039 2072
3 1976 2072 2061
3 2072 3941 3940
3 2072 3940 2061
3 4406 4404 4085
3 4406 4085 4084
3 4437 4436 4421
3 4437 4421 4415
3 2091 2094 2160
3 2091 2160 2159
3 4657 4664 4652
3 4657 4652 4663
3 2095 3349 3344
3 2095 3344 2082
3 4493 4492 4484
3 4493 4484 4485
3 2126 3953 3944
3 2126 3944 2085
3 1265 1801 2093
3 1265 2093 2088
3 2088 2093 2155
3 2088 2155 2128
3 4481 4470 4479
3 4481 4479 4480
3 4078 4472 4406
3 4078 4406 4084
3 4859 4480 4479
3 4859 4479 4612
3 3945 2086 2085
3 3945 2085 3944
3 869 3947 3946
3 869 3946 870
3 4656 4478 4473
3 4656 4473 4617
3 1263 1808 1807
3 1263 1807 1260
3 4496 4494 4113
3 4496 4113 4112
3 4563 4268 4506
3 4563 4506 4505
3 4182 4168 4258
3 4182 4258 4267
3 4556 4497 4498
3 4556 4498 4557
3 4613 4858 4859
3 4613 4859 4612
3 1270 1800 1801
3 1270 1801 1265
3 4656 4651 4134
3 4656 4134 4133
3 4858 4613 4614
3 4858 4614 4469
3 4267 4495 4441
3 4267 4441 4182
3 2087 3345 3347
3 2087 3347 2096
3 4478 4438 4411
3 4478 4411 4473
3 4440 4481 4110
3 4440 4110 4101
3 3941 2073 2064
3 3941 2064 3940
3 3942 2081 2073
3 3942 2073 3941
3 1801 1800 1259
3 1801 1259 1266
3 3345 2087 1806
3 3345 1806 3327
3 2084 3943 3953
3 2084 3953 2126
3 4482 4471 4439
3 4482 4439 4440
3 3943 2071 2125
3 3943 2125 3953
3 2070 3942 3941
3 2070 3941 2072
3 2127 3348 3349
3 2127 3349 2095
3 4617 4473 4474
3 4617 4474 4655
3 4476 4408 4407
3 4476 4407 4475
3 4477 4474 4410
3 4477 4410 4409
3 2092 2156 2155
3 2092 2155 2093
3 4124 4122 4438
3 4124 4438 4478
3 1265 3327 3326
3 1265 3326 1270
3 3039 2943 2070
3 3039 2070 2072
3 4563 4505 4494
3 4563 4494 4254
3 4471 4484 4125
3 4471 4125 4120
3 4660 4477 4476
3 4660 4476 4654
3 4658 4650 4652
3 4658 4652 4664
3 2154 2158 2159
3 2154 2159 2161
3 4122 4121 4437
3 4122 4437 4438
3 4478 4656 4133
3 4478 4133 4124
3 2086 3945 3947
3 2086 3947 869
3 2084 2126 2127
3 2084 2127 2095
3 4078 4084 2160
3 4078 2160 2094
3 4133 4134 4613
3 4133 4613 4612
3 4412 4405 4407
3 4412 4407 4408
3 4610 4611 4056
3 4610 4056 4057
3 2089 2157 2156
3 2089 2156 2092
3 4553 4498 4108
3 4553 4108 4106
3 2129 2151 2145
3 2129 2145 2130
3 2944 2946 2067
3 2944 2067 2066
3 4113 4114 4502
3 4113 4502 4493
3 2096 3347 3348
3 2096 3348 2127
3 2126 2085 2096
3 2126 2096 2127
3 2943 3039 3048
3 2943 3048 3003
3 4413 4412 4408
3 4413 4408 4409
3 4479 4470 4122
3 4479 4122 4124
3 4859 4858 4108
3 4859 4108 4107
3 2944 3111 3125
3 2944 3125 3007
3 4415 4414 4410
3 4415 4410 4411
3 2089 2090 2158
3 2089 2158 2157
3 4254 4494 4496
3 4254 4496 4350
3 2152 2156 2157
3 2152 2157 2153
3 2085 2086 2087
3 2085 2087 2096
3 4347 4499 4497
3 4347 4497 4556
3 4440 4439 4470
3 4440 4470 4481
3 3327 1806 1805
3 3327 1805 3326
3 2153 2157 2158
3 2153 2158 2154
3 3347 2128 2129
3 3347 2129 3348
3 4654 4476 4475
3 4654 4475 4661
3 2090 2091 2159
3 2090 2159 2158
3 1263 1260 1267
3 1263 1267 1257
3 4111 4101 4441
3 4111 4441 4495
3 4121 4120 4436
3 4121 4436 4437
3 4407 4405 4404
3 4407 4404 4406
3 4480 4859 4107
3 4480 4107 4109
3 1807 4056 4078
3 1807 4078 2094
3 4482 4440 4101
3 4482 4101 4111
3 4109 4107 4497
3 4109 4497 4499
3 4651 4659 4135
3 4651 4135 4134
3 4651 4656 4617
3 4651 4617 4618
3 1260 1807 2094
3 1260 2094 2091
3 1264 1257 1267
3 1264 1267 1261
3 4101 4110 4500
3 4101 4500 4441
3 4499 4500 4110
3 4499 4110 4109
3 4651 4618 4619
3 4651 4619 4659
3 1801 1266 2092
3 1801 2092 2093
3 1264 1258 1269
3 1264 1269 1257
3 3953 2125 2066
3 3953 2066 3944
3 4109 4110 4481
3 4109 4481 4480
3 4617 4655 4662
3 4617 4662 4618
3 4474 4473 4411
3 4474 4411 4410
3 1266 1261 2089
3 1266 2089 2092
3 4495 4496 4112
3 4495 4112 4111
3 4657 4663 4653
3 4657 4653 4662
3 2073 2081 2082
3 2073 2082 2074
3 4050 4057 1808
3 4050 1808 1809
3 4557 4498 4553
3 4557 4553 4293
3 869 1806 2087
3 869 2087 2086
3 1805 1806 869
3 1805 869 870
3 4438 4437 4415
3 4438 4415 4411
3 4658 4661 4611
3 4658 4611 4610
3 1261 1267 2090
3 1261 2090 2089
3 1808 4057 4056
3 1808 4056 1807
3 4475 4407 4406
3 4475 4406 4472
3 4349 4500 4499
3 4349 4499 4347
3 4182 4441 4500
3 4182 4500 4349
3 1263 1271 1809
3 1263 1809 1808
3 3026 2943 3003
3 3026 3003 3035
3 4124 4133 4612
3 4124 4612 4479
3 3947 2069 2068
3 3947 2068 3946
3 4657 4660 4654
3 4657 4654 4664
3 3026 3111 2125
3 3026 2125 2071
3 1983 1982 2068
3 1983 2068 2069
3 2160 4084 4085
3 2160 4085 2162
3 4107 4108 4498
3 4107 4498 4497
3 4477 4409 4408
3 4477 4408 4476
3 2067 3945 3944
3 2067 3944 2066
3 2946 1983 2069
3 2946 2069 2067
3 2159 2160 2162
3 2159 2162 2161
3 4050 4609 4610
3 4050 4610 4057
3 870 3946 3948
3 870 3948 2097
3 4611 4472 4078
3 4611 4078 4056
3 3111 2944 2066
3 3111 2066 2125
3 2943 3026 2071
3 2943 2071 2070
3 4439 4471 4120
3 4439 4120 4121
3 2071 3943 3942
3 2071 3942 2070
3 3945 2067 2069
3 3945 2069 3947
3 4350 4496 4495
3 4350 4495 4267
3 870 2097 1804
3 870 1804 1805
3 4618 4662 4653
3 4618 4653 4619
3 878 2117 2118
3 878 2118 877
3 877 2118 2120
3 877 2120 2040
3 4516 4446 4123
3 4516 4123 4129
3 4857 4853 4450
3 4857 4450 4451
3 4769 4855 4527
3 4769 4527 4525
3 4129 4123 4444
3 4129 4444 4508
3 980 1097 880
3 980 880 879
3 3340 2058 2122
3 3340 2122 3346
3 2116 876 879
3 2116 879 2117
3 4446 4517 4128
3 4446 4128 4123
3 880 1097 2042
3 880 2042 2041
3 4449 4448 4848
3 4449 4848 4849
3 982 873 4065
3 982 4065 4071
3 4853 4850 4449
3 4853 4449 4450
3 4452 4079 4064
3 4452 4064 4856
3 4848 4516 4515
3 4848 4515 4721
3 982 2032 2030
3 982 2030 873
3 979 980 879
3 979 879 876
3 4130 4129 4508
3 4130 4508 4509
3 2029 2119 2115
3 2029 2115 871
3 2114 873 2030
3 2114 2030 2119
3 4451 4450 4852
3 4451 4852 4854
3 4850 4851 4448
3 4850 4448 4449
3 4510 4509 4508
3 4510 4508 4504
3 4772 4852 4849
3 4772 4849 4771
3 981 979 876
3 981 876 874
3 2120 3346 3341
3 2120 3341 2040
3 4770 4854 4852
3 4770 4852 4772
3 2032 981 874
3 2032 874 2030
3 4450 4449 4849
3 4450 4849 4852
3 2117 879 880
3 2117 880 2118
3 4515 4516 4129
3 4515 4129 4130
3 4447 4451 4854
3 4447 4854 4527
3 3339 2057 2058
3 3339 2058 3340
3 875 2116 2117
3 875 2117 878
3 4448 4446 4516
3 4448 4516 4848
3 2119 2030 874
3 2119 874 2115
3 4855 4065 4079
3 4855 4079 4452
3 2042 3339 3340
3 2042 3340 2041
3 4452 4447 4527
3 4452 4527 4855
3 2041 3340 3346
3 2041 3346 2120
3 2115 874 876
3 2115 876 2116
3 4851 4517 4446
3 4851 4446 4448
3 872 2114 2119
3 872 2119 2029
3 2118 880 2041
3 2118 2041 2120
3 4525 4527 4854
3 4525 4854 4770
3 4771 4849 4848
3 4771 4848 4721
3 4856 4528 4447
3 4856 4447 4452
3 4769 4071 4065
3 4769 4065 4855
3 873 2114 4079
3 873 4079 4065
3 871 2115 2116
3 871 2116 875
3 2056 2062 2058
3 2056 2058 2057
3 2114 872 4064
3 2114 4064 4079
3 4528 4857 4451
3 4528 4451 4447
3 2133 2138 2139
3 2133 2139 2134
3 4853 4435 4488
3 4853 4488 4850
3 2140 2146 2147
3 2140 2147 2141
3 2076 2135 2078
3 2076 2078 2079
3 875 878 2078
3 875 2078 2131
3 4857 4528 4433
3 4857 4433 4434
3 871 2132 2133
3 871 2133 2029
3 2131 2136 2137
3 2131 2137 2132
3 4856 4432 4433
3 4856 4433 4528
3 4125 4127 4491
3 4125 4491 4483
3 4856 4064 4080
3 4856 4080 4432
3 4484 4492 4127
3 4484 4127 4125
3 4491 4490 4489
3 4491 4489 4483
3 4127 4126 4486
3 4127 4486 4491
3 4491 4486 4487
3 4491 4487 4490
3 4492 4501 4126
3 4492 4126 4127
3 872 2029 2133
3 872 2133 2134
3 4851 4850 4488
3 4851 4488 4487
3 4128 4126 4501
3 4128 4501 4507
3 877 2040 2080
3 877 2080 2079
3 4851 4487 4486
3 4851 4486 4517
3 4517 4486 4126
3 4517 4126 4128
3 4419 4418 4412
3 4419 4412 4413
3 2136 2135 2140
3 2136 2140 2141
3 2138 2137 2142
3 2138 2142 2143
3 4417 4416 4404
3 4417 4404 4405
3 872 2134 4080
3 872 4080 4064
3 2078 2135 2136
3 2078 2136 2131
3 4418 4417 4405
3 4418 4405 4412
3 2077 2083 2130
3 2077 2130 2145
3 4420 4419 4413
3 4420 4413 4414
3 4421 4420 4414
3 4421 4414 4415
3 2075 2076 2079
3 2075 2079 2080
3 4489 4426 4420
3 4489 4420 4421
3 877 2079 2078
3 877 2078 878
3 4426 4425 4419
3 4426 4419 4420
3 4425 4424 4418
3 4425 4418 4419
3 4422 4416 4417
3 4422 4417 4423
3 4082 4083 4416
3 4082 4416 4422
3 2141 2147 2148
3 2141 2148 2142
3 4423 4417 4418
3 4423 4418 4424
3 3341 2059 2065
3 3341 2065 3343
3 4082 2144 2150
3 4082 2150 4083
3 2144 2143 2149
3 2144 2149 2150
3 2132 2137 2138
3 2132 2138 2133
3 3349 2130 2083
3 3349 2083 3344
3 4489 4421 4436
3 4489 4436 4483
3 2077 2145 2146
3 2077 2146 2140
3 2074 3342 3343
3 2074 3343 2065
3 2139 2138 2143
3 2139 2143 2144
3 871 875 2131
3 871 2131 2132
3 4490 4431 4426
3 4490 4426 4489
3 3342 2075 2080
3 3342 2080 3343
3 4857 4434 4435
3 4857 4435 4853
3 2143 2142 2148
3 2143 2148 2149
3 4081 2139 2144
3 4081 2144 4082
3 4427 4422 4423
3 4427 4423 4428
3 2082 3344 3342
3 2082 3342 2074
3 2134 2139 4081
3 2134 4081 4080
3 4081 4082 4422
3 4081 4422 4427
3 3344 2083 2075
3 3344 2075 3342
3 4428 4423 4424
3 4428 4424 4429
3 4429 4424 4425
3 4429 4425 4430
3 4120 4125 4483
3 4120 4483 4436
3 4430 4425 4426
3 4430 4426 4431
3 2040 3341 3343
3 2040 3343 2080
3 4083 4085 4404
3 4083 4404 4416
3 2075 2083 2077
3 2075 2077 2076
3 4433 4432 4427
3 4433 4427 4428
3 2146 2152 2153
3 2146 2153 2147
3 4432 4080 4081
3 4432 4081 4427
3 2147 2153 2154
3 2147 2154 2148
3 2076 2077 2140
3 2076 2140 2135
3 4434 4433 4428
3 4434 4428 4429
3 2148 2154 2161
3 2148 2161 2149
3 4435 4434 4429
3 4435 4429 4430
3 2149 2161 2162
3 2149 2162 2150
3 2137 2136 2141
3 2137 2141 2142
3 4488 4435 4430
3 4488 4430 4431
3 2145 2151 2152
3 2145 2152 2146
3 4490 4487 4488
3 4490 4488 4431
3 4083 2150 2162
3 4083 2162 4085
3 4836 4833 4834
3 4836 4834 4835
3 4832 4834 4833
3 4832 4833 4831
3 896 897 895
3 896 895 894
3 4025 902 903
3 4025 903 4026
3 4832 4831 4830
3 4832 4830 4749
3 896 1020 898
3 896 898 897
3 1856 893 902
3 1856 902 1857
3 893 1856 1858
3 893 1858 894
3 892 893 894
3 892 894 895
3 4835 4834 4593
3 4835 4593 4595
3 4826 4825 4835
3 4825 4836 4835
3 4595 4594 4826
3 4595 4826 4835
3 902 893 903
3 893 892 903
3 4025 4026 4825
3 4025 4825 4826
3 4022 886 885
3 4022 885 4021
3 881 889 890
3 881 890 883
3 4843 4567 4841
3 4843 4841 4842
3 4847 4845 4838
3 4847 4838 4839
3 4019 881 882
3 4019 882 4020
3 881 883 884
3 881 884 882
3 890 889 888
3 890 888 891
3 4019 4023 889
3 4019 889 881
3 4019 4847 4839
3 4019 4839 4023
3 885 886 887
3 885 887 1972
3 885 1972 891
3 885 891 888
3 4021 885 888
3 4021 888 4024
3 4021 4024 4840
3 4021 4840 4843
3 4838 4837 4840
3 4838 4840 4839
3 4023 4839 4840
3 4023 4840 4024
3 4022 4021 4843
3 4022 4843 4842
3 4847 4846 4844
3 4847 4844 4845
3 4023 4024 888
3 4023 888 889
3 4843 4840 4837
3 4843 4837 4567
3 4019 4020 4846
3 4019 4846 4847
3 4842 4841 4817
3 4842 4817 4819
3 4819 4817 4818
3 4819 4818 4820
3 886 909 911
3 886 911 887
3 4022 4028 909
3 4022 909 886
3 4841 4814 4815
3 4841 4815 4817
3 4817 4815 4816
3 4817 4816 4818
3 4022 4842 4819
3 4022 4819 4028
3 4028 4819 4820
3 4028 4820 4029
3 909 908 910
3 909 910 911
3 911 910 912
3 911 912 913
3 887 911 913
3 887 913 914
3 4028 4029 908
3 4028 908 909
3 995 913 912
3 995 912 996
3 4756 4755 4816
3 4756 4816 4815
3 4218 4201 4256
3 4218 4256 4393
3 4141 4142 4169
3 4141 4169 4259
3 4201 4219 4392
3 4201 4392 4256
3 4219 4204 4269
3 4219 4269 4392
3 4289 4245 4143
3 4289 4143 4144
3 4205 4218 4393
3 4205 4393 4270
3 4216 4233 4351
3 4216 4351 4287
3 4245 4290 4145
3 4245 4145 4143
3 4403 4400 4273
3 4403 4273 4274
3 4143 4145 4158
3 4143 4158 4156
3 4395 4314 4383
3 4395 4383 4394
3 4288 4155 4164
3 4288 4164 4217
3 4155 4288 4169
3 4155 4169 4142
3 4288 4217 4216
3 4288 4216 4287
3 4216 4217 4391
3 4216 4391 4390
3 4144 4143 4156
3 4144 4156 4157
3 4141 4144 4157
3 4141 4157 4154
3 4145 4139 4152
3 4145 4152 4158
3 4290 4258 4139
3 4290 4139 4145
3 4158 4152 4204
3 4158 4204 4219
3 4154 4157 4218
3 4154 4218 4205
3 4329 4165 4180
3 4329 4180 4226
3 4254 4245 4289
3 4254 4289 4563
3 4269 4204 4163
3 4269 4163 4183
3 4394 4383 4384
3 4394 4384 4390
3 4205 4164 4155
3 4205 4155 4154
3 4268 4259 4169
3 4268 4169 4445
3 4263 4274 4188
3 4263 4188 4177
3 4183 4187 4273
3 4183 4273 4269
3 4396 4391 4184
3 4396 4184 4185
3 4390 4384 4233
3 4390 4233 4216
3 4562 4288 4287
3 4562 4287 4561
3 4323 4398 4255
3 4323 4255 4248
3 4350 4290 4245
3 4350 4245 4254
3 4396 4394 4390
3 4396 4390 4391
3 4259 4289 4144
3 4259 4144 4141
3 4337 4325 4263
3 4337 4263 4266
3 4269 4273 4400
3 4269 4400 4392
3 4226 4180 4176
3 4226 4176 4335
3 4250 4248 4325
3 4250 4325 4337
3 4163 4204 4152
3 4163 4152 4153
3 4335 4323 4248
3 4335 4248 4250
3 4403 4325 4248
3 4403 4248 4255
3 4157 4156 4201
3 4157 4201 4218
3 4391 4217 4164
3 4391 4164 4184
3 4186 4185 4271
3 4186 4271 4272
3 4156 4158 4219
3 4156 4219 4201
3 4257 4255 4398
3 4257 4398 4397
3 4255 4257 4400
3 4255 4400 4403
3 4257 4256 4392
3 4257 4392 4400
3 4267 4258 4290
3 4267 4290 4350
3 4271 4270 4393
3 4271 4393 4397
3 4262 4272 4398
3 4262 4398 4323
3 4397 4393 4256
3 4397 4256 4257
3 4165 4227 4330
3 4165 4330 4328
3 4563 4289 4259
3 4563 4259 4268
3 4335 4176 4262
3 4335 4262 4323
3 4395 4165 4328
3 4395 4328 4314
3 4274 4263 4325
3 4274 4325 4403
3 4184 4164 4205
3 4184 4205 4270
3 4399 4395 4396
3 4395 4394 4396
3 4399 4180 4165
3 4399 4165 4395
3 4445 4169 4288
3 4445 4288 4562
3 4272 4271 4397
3 4272 4397 4398
3 4176 4186 4272
3 4176 4272 4262
3 4180 4399 4186
3 4180 4186 4176
3 4351 4092 4561
3 4351 4561 4287
3 4185 4184 4270
3 4185 4270 4271
3 4399 4396 4185
3 4399 4185 4186
3 4274 4273 4187
3 4274 4187 4188
3 4155 4142 4141
3 4155 4141 4154
3 4329 4226 4202
3 4329 4202 4249
3 4312 4173 4175
3 4312 4175 4316
3 4343 4339 4340
3 4343 4340 4342
3 4384 4383 4236
3 4384 4236 4237
3 4297 4192 4193
3 4297 4193 4298
3 4313 4312 4326
3 4313 4326 4327
3 4377 4379 4239
3 4377 4239 4378
3 4298 4193 4198
3 4298 4198 4338
3 4326 4312 4316
3 4326 4316 4331
3 4241 4240 4381
3 4241 4381 4388
3 4309 4195 4196
3 4309 4196 4310
3 4173 4301 4303
3 4173 4303 4260
3 4387 4382 4240
3 4387 4240 4241
3 4222 4236 4383
3 4222 4383 4314
3 4386 4381 4379
3 4386 4379 4311
3 4220 4298 4221
3 4220 4221 4313
3 4378 4235 4376
3 4378 4376 4377
3 4382 4378 4239
3 4382 4239 4240
3 4456 4234 4378
3 4456 4378 4243
3 4332 4317 4246
3 4332 4246 4249
3 4335 4250 4202
3 4335 4202 4226
3 4247 4252 4344
3 4247 4344 4318
3 4174 4246 4170
3 4174 4170 4172
3 4378 4234 4088
3 4378 4088 4235
3 4386 4385 4372
3 4386 4372 4380
3 4261 4260 4308
3 4261 4308 4317
3 4202 4229 4332
3 4202 4332 4249
3 4329 4174 4178
3 4329 4178 4264
3 4315 4314 4328
3 4315 4328 4330
3 4386 4380 4388
3 4386 4388 4381
3 4244 4343 4252
3 4244 4252 4247
3 4250 4337 4229
3 4250 4229 4202
3 4299 4220 4224
3 4299 4224 4291
3 4200 4233 4384
3 4200 4384 4237
3 4253 4252 4343
3 4253 4343 4342
3 4231 4203 4253
3 4231 4253 4342
3 4090 4089 4375
3 4090 4375 4346
3 4382 4284 4243
3 4382 4243 4378
3 4456 4092 4351
3 4456 4351 4234
3 4090 4087 4195
3 4090 4195 4309
3 4346 4194 4087
3 4346 4087 4090
3 4088 4089 4376
3 4088 4376 4235
3 4234 4375 4088
3 4375 4089 4088
3 4224 4321 4292
3 4224 4292 4291
3 4165 4329 4264
3 4165 4264 4227
3 4167 4307 4172
3 4167 4172 4170
3 4307 4167 4275
3 4307 4275 4306
3 4247 4167 4171
3 4247 4171 4244
3 4309 4376 4089
3 4309 4089 4090
3 4167 4247 4318
3 4167 4318 4275
3 4304 4312 4313
3 4304 4313 4221
3 4244 4171 4303
3 4244 4303 4300
3 4227 4264 4178
3 4227 4178 4330
3 4300 4302 4305
3 4300 4305 4339
3 4308 4171 4167
3 4308 4167 4170
3 4298 4220 4299
3 4298 4299 4297
3 4330 4178 4174
3 4330 4174 4315
3 4224 4327 4225
3 4224 4225 4334
3 4327 4224 4220
3 4327 4220 4313
3 4303 4301 4302
3 4303 4302 4300
3 4339 4305 4304
3 4339 4304 4340
3 4179 4166 4228
3 4179 4228 4331
3 4265 4206 4166
3 4265 4166 4179
3 4223 4225 4327
3 4223 4327 4326
3 4175 4173 4260
3 4175 4260 4261
3 4179 4175 4261
3 4179 4261 4265
3 4275 4222 4314
3 4275 4314 4306
3 4311 4197 4189
3 4311 4189 4242
3 4242 4189 4191
3 4242 4191 4299
3 4341 4199 4190
3 4341 4190 4251
3 4251 4190 4194
3 4251 4194 4346
3 4299 4191 4192
3 4299 4192 4297
3 4310 4196 4197
3 4310 4197 4311
3 4338 4198 4199
3 4338 4199 4341
3 4385 4242 4299
3 4385 4299 4291
3 4240 4239 4381
3 4239 4379 4381
3 4377 4376 4309
3 4377 4309 4310
3 4333 4334 4225
3 4333 4225 4223
3 4341 4251 4203
3 4341 4203 4231
3 4203 4232 4345
3 4203 4345 4253
3 4251 4346 4232
3 4251 4232 4203
3 4331 4316 4175
3 4331 4175 4179
3 4229 4206 4265
3 4229 4265 4332
3 4337 4266 4206
3 4337 4206 4229
3 4222 4275 4318
3 4222 4318 4319
3 4340 4304 4221
3 4340 4221 4230
3 4319 4352 4236
3 4319 4236 4222
3 4234 4351 4233
3 4234 4233 4200
3 4228 4223 4326
3 4228 4326 4331
3 4342 4340 4230
3 4342 4230 4231
3 4238 4232 4346
3 4238 4346 4375
3 4374 4345 4232
3 4374 4232 4238
3 4237 4236 4352
3 4237 4352 4374
3 4386 4311 4242
3 4386 4242 4385
3 4377 4310 4311
3 4377 4311 4379
3 4317 4308 4170
3 4317 4170 4246
3 4249 4246 4174
3 4249 4174 4329
3 4230 4221 4298
3 4230 4298 4338
3 4345 4344 4252
3 4345 4252 4253
3 4306 4314 4315
3 4306 4315 4307
3 4265 4261 4317
3 4265 4317 4332
3 4339 4343 4244
3 4339 4244 4300
3 4344 4352 4319
3 4344 4319 4318
3 4352 4344 4345
3 4352 4345 4374
3 4307 4315 4174
3 4307 4174 4172
3 4375 4234 4200
3 4375 4200 4238
3 4238 4200 4237
3 4238 4237 4374
3 4312 4302 4301
3 4312 4301 4173
3 4302 4312 4304
3 4302 4304 4305
3 4260 4303 4171
3 4260 4171 4308
3 4231 4230 4338
3 4231 4338 4341
3 4367 4364 4368
3 4367 4368 4369
3 4285 4284 4382
3 4285 4382 4387
3 4372 4370 4371
3 4372 4371 4373
3 4363 4362 4368
3 4363 4368 4364
3 4365 4363 4364
3 4365 4364 4367
3 4385 4366 4370
3 4385 4370 4372
3 4366 4365 4367
3 4366 4367 4370
3 4370 4367 4369
3 4370 4369 4371
3 4372 4373 4388
3 4372 4388 4380
3 4373 4371 4213
3 4373 4213 4214
3 4773 4454 4555
3 4773 4555 4560
3 4281 4280 4559
3 4281 4559 4348
3 4293 4553 4554
3 4293 4554 4558
3 4555 4454 4455
3 4555 4455 4285
3 4210 4279 4280
3 4210 4280 4211
3 4241 4214 4283
3 4241 4283 4387
3 4388 4373 4214
3 4388 4214 4241
3 4368 4362 4210
3 4368 4210 4211
3 4213 4212 4281
3 4213 4281 4282
3 4371 4369 4212
3 4371 4212 4213
3 4212 4211 4280
3 4212 4280 4281
3 4369 4368 4211
3 4369 4211 4212
3 4214 4213 4282
3 4214 4282 4283
3 4387 4283 4555
3 4387 4555 4285
3 4560 4555 4283
3 4560 4283 4282
3 4280 4279 4558
3 4280 4558 4559
3 4282 4281 4348
3 4282 4348 4560
3 4389 4401 4187
3 4389 4187 4183
3 4188 4187 4401
3 4188 4401 4402
3 4294 4354 4208
3 4294 4208 4162
3 4353 4355 4209
3 4353 4209 4207
3 4362 4294 4162
3 4362 4162 4210
3 4354 4353 4207
3 4354 4207 4208
3 4336 4333 4223
3 4336 4223 4228
3 4360 4295 4292
3 4360 4292 4321
3 4148 4146 4149
3 4148 4149 4277
3 4361 4354 4294
3 4361 4294 4296
3 4347 4556 4277
3 4347 4277 4278
3 4279 4210 4162
3 4279 4162 4150
3 4361 4296 4295
3 4361 4295 4360
3 4358 4356 4355
3 4358 4355 4353
3 4138 4140 4168
3 4138 4168 4286
3 4359 4357 4356
3 4359 4356 4358
3 4151 4153 4140
3 4151 4140 4138
3 4359 4322 4320
3 4359 4320 4357
3 4146 4148 4150
3 4146 4150 4159
3 4334 4333 4320
3 4334 4320 4322
3 4153 4152 4139
3 4153 4139 4140
3 4149 4147 4278
3 4149 4278 4277
3 4150 4148 4276
3 4150 4276 4279
3 4140 4139 4258
3 4140 4258 4168
3 4148 4277 4556
3 4148 4556 4557
3 4208 4207 4161
3 4208 4161 4159
3 4161 4160 4147
3 4161 4147 4149
3 4166 4181 4336
3 4166 4336 4228
3 4177 4188 4402
3 4177 4402 4324
3 4355 4389 4215
3 4355 4215 4209
3 4557 4293 4276
3 4557 4276 4148
3 4279 4276 4293
3 4279 4293 4558
3 4278 4286 4349
3 4278 4349 4347
3 4159 4161 4149
3 4159 4149 4146
3 4363 4365 4295
3 4363 4295 4296
3 4324 4320 4333
3 4324 4333 4336
3 4402 4357 4320
3 4402 4320 4324
3 4322 4321 4224
3 4322 4224 4334
3 4358 4353 4354
3 4358 4354 4361
3 4366 4385 4291
3 4366 4291 4292
3 4147 4138 4286
3 4147 4286 4278
3 4365 4366 4292
3 4365 4292 4295
3 4160 4151 4138
3 4160 4138 4147
3 4296 4294 4362
3 4296 4362 4363
3 4215 4163 4153
3 4215 4153 4151
3 4162 4208 4159
3 4162 4159 4150
3 4207 4209 4160
3 4207 4160 4161
3 4209 4215 4151
3 4209 4151 4160
3 4359 4360 4321
3 4359 4321 4322
3 4183 4163 4215
3 4183 4215 4389
3 4356 4401 4389
3 4356 4389 4355
3 4206 4266 4181
3 4206 4181 4166
3 4402 4401 4356
3 4402 4356 4357
3 4349 4286 4168
3 4349 4168 4182
3 4359 4358 4361
3 4359 4361 4360
3 4181 4177 4324
3 4181 4324 4336
3 4266 4263 4177
3 4266 4177 4181
3 4529 4802 4526
3 4529 4526 4524
3 4526 4525 4770
3 4526 4770 4800
3 4524 4526 4800
3 4524 4800 4669
3 4802 4769 4525
3 4802 4525 4526
3 4802 4529 4076
3 4802 4076 4066
3 4802 4066 4071
3 4802 4071 4769
3 4800 4770 4772
3 4800 4772 4768
3 4800 4768 4670
3 4800 4670 4669
3 6425 6427 6435
3 6425 6435 6590
3 6437 6438 6427
3 6437 6427 6425
3 6452 6443 6439
3 6452 6439 6451
3 6399 6395 6393
3 6399 6393 6427
3 6402 6400 6399
3 6402 6399 6401
3 6452 6450 6444
3 6452 6444 6443
3 6428 6426 6587
3 6428 6587 6585
3 6583 6436 6426
3 6583 6426 6428
3 6426 6425 6590
3 6426 6590 6587
3 6436 6437 6425
3 6436 6425 6426
3 6444 6398 6401
3 6444 6401 6438
3 6439 6442 6441
3 6439 6441 6440
3 6438 6401 6399
3 6438 6399 6427
3 6443 6444 6442
3 6443 6442 6439
3 6441 6436 6583
3 6441 6583 6466
3 6442 6437 6436
3 6442 6436 6441
3 6444 6438 6437
3 6444 6437 6442
3 6440 6441 6466
3 6440 6466 6582
3 6451 6439 6440
3 6451 6440 6453
3 6585 6587 6586
3 6585 6586 6584
3 6587 6590 6589
3 6587 6589 6586
3 6590 6435 6589
3 6435 6588 6589
3 6588 6435 6427
3 6588 6427 6393
3 6459 6572 6571
3 6459 6571 6458
3 6562 6459 6458
3 6562 6458 6561
3 6563 6460 6459
3 6563 6459 6562
3 6564 6461 6460
3 6564 6460 6563
3 6588 6564 6563
3 6588 6563 6589
3 6589 6563 6562
3 6589 6562 6586
3 6586 6562 6561
3 6586 6561 6584
3 6460 6568 6572
3 6460 6572 6459
3 6461 6566 6568
3 6461 6568 6460
3 6566 6565 6567
3 6566 6567 6568
3 6568 6567 6569
3 6568 6569 6572
3 6572 6569 6570
3 6572 6570 6571
3 6581 6554 6555
3 6581 6555 6573
3 6558 6434 6455
3 6558 6455 6456
3 6555 6554 6457
3 6555 6457 6456
3 6560 6559 6557
3 6560 6557 6558
3 6560 6558 6456
3 6560 6456 6457
3 6558 6557 6556
3 6558 6556 6434
3 6561 6458 6457
3 6561 6457 6554
3 6584 6561 6554
3 6584 6554 6581
3 6458 6571 6560
3 6458 6560 6457
3 6571 6570 6559
3 6571 6559 6560
3 6544 6543 6541
3 6544 6541 6535
3 6543 6542 6538
3 6543 6538 6541
3 6541 6538 6539
3 6541 6539 6540
3 6544 6547 6549
3 6544 6549 6543
3 6545 6546 6547
3 6545 6547 6544
3 6552 6547 6546
3 6552 6546 6553
3 6551 6549 6547
3 6551 6547 6552
3 6533 6545 6544
3 6533 6544 6535
3 6550 6548 6549
3 6550 6549 6551
3 6565 6550 6551
3 6565 6551 6567
3 6567 6551 6552
3 6567 6552 6569
3 6569 6552 6553
3 6569 6553 6570
3 6535 6541 6540
3 6535 6540 6534
3 6543 6549 6548
3 6543 6548 6542
3 6535 6534 6392
3 6535 6392 6533
3 6384 6382 6381
3 6384 6381 6383
3 6526 6525 6529
3 6526 6529 6528
3 6545 6533 6392
3 6545 6392 6524
3 6526 6524 6392
3 6526 6392 6383
3 6526 6383 6381
3 6526 6381 6525
3 6528 6527 6524
3 6528 6524 6526
3 6532 6527 6528
3 6532 6528 6531
3 6559 6532 6531
3 6559 6531 6557
3 6545 6524 6527
3 6545 6527 6546
3 6553 6546 6527
3 6553 6527 6532
3 6531 6528 6529
3 6531 6529 6530
3 6570 6553 6532
3 6570 6532 6559
3 6534 6384 6383
3 6534 6383 6392
3 6557 6531 6530
3 6557 6530 6556
3 4767 4771 4721
3 4767 4721 4720
3 4768 4772 4771
3 4768 4771 4767
3 4721 4515 4514
3 4721 4514 4720
3 4117 4119 4707
3 4117 4707 4510
3 4132 4130 4509
3 4132 4509 4512
3 4514 4515 4130
3 4514 4130 4132
3 4707 4512 4509
3 4707 4509 4510
3 6511 6447 6506
3 6511 6506 6518
3 6446 6450 6449
3 6446 6449 6445
3 6514 6394 6396
3 6514 6396 6400
3 6517 6512 6511
3 6517 6511 6518
3 6400 6396 6395
3 6400 6395 6399
3 6450 6446 6402
3 6450 6402 6397
3 6450 6397 6398
3 6450 6398 6444
3 6401 6398 6397
3 6401 6397 6402
3 6448 6453 6464
3 6448 6464 6504
3 6514 6400 6402
3 6514 6402 6446
3 6578 6577 6465
3 6578 6465 6574
3 6523 6519 6507
3 6523 6507 6505
3 6577 6523 6505
3 6577 6505 6465
3 6522 6507 6519
3 6522 6519 6520
3 6445 6449 6448
3 6445 6448 6447
3 6519 6523 6599
3 6519 6599 6602
3 6523 6577 6595
3 6523 6595 6599
3 6522 6520 6510
3 6522 6510 6521
3 6514 6446 6445
3 6514 6445 6515
3 6515 6445 6447
3 6515 6447 6511
3 6447 6448 6504
3 6447 6504 6506
3 6450 6452 6451
3 6450 6451 6449
3 6449 6451 6453
3 6449 6453 6448
3 6504 6464 6465
3 6504 6465 6505
3 6440 6582 6464
3 6440 6464 6453
3 6464 6582 6574
3 6464 6574 6465
3 6506 6504 6505
3 6506 6505 6507
3 6520 6519 6602
3 6520 6602 6508
3 6518 6506 6507
3 6518 6507 6522
3 6509 6510 6520
3 6509 6520 6508
3 6514 6513 6493
3 6514 6493 6394
3 6512 6516 6515
3 6512 6515 6511
3 6516 6513 6515
3 6513 6514 6515
3 6521 6517 6518
3 6521 6518 6522
3 6501 6500 4670
3 6501 4670 4671
3 6502 6601 6598
3 6502 6598 6500
3 4669 6598 4523
3 4669 4523 4524
3 6501 6503 6502
3 6501 6502 6500
3 6508 6602 6601
3 6508 6601 6502
3 6503 6509 6508
3 6503 6508 6502
3 4669 4670 6500
3 4669 6500 6598
3 6496 6495 6512
3 6496 6512 6517
3 6496 6418 6417
3 6496 6417 6495
3 6491 6492 6406
3 6491 6406 6407
3 6497 6496 6517
3 6497 6517 6521
3 6495 6494 6516
3 6495 6516 6512
3 6494 6493 6513
3 6494 6513 6516
3 6521 6510 6498
3 6521 6498 6497
3 6499 6420 6419
3 6499 6419 6498
3 6499 6498 6510
3 6499 6510 6509
3 6495 6417 6416
3 6495 6416 6494
3 6494 6416 6415
3 6494 6415 6493
3 6497 6414 6418
3 6497 6418 6496
3 6498 6419 6414
3 6498 6414 6497
3 6486 6487 6408
3 6486 6408 6409
3 6409 6408 6419
3 6409 6419 6420
3 6487 6491 6407
3 6487 6407 6408
3 6408 6407 6414
3 6408 6414 6419
3 6407 6406 6418
3 6407 6418 6414
3 6406 6405 6417
3 6406 6417 6418
3 6405 6404 6416
3 6405 6416 6417
3 6404 6403 6415
3 6404 6415 6416
3 6483 6482 6410
3 6483 6410 6411
3 6410 6409 6420
3 6410 6420 6413
3 6482 6486 6409
3 6482 6409 6410
3 4767 4720 4672
3 4767 4672 4671
3 4720 4514 4513
3 4720 4513 4672
3 4132 4131 4513
3 4132 4513 4514
3 4513 6412 6484
3 4513 6484 4672
3 4671 4672 6484
3 4671 6484 6501
3 6485 6499 6509
3 6485 6509 6503
3 6484 6485 6503
3 6484 6503 6501
3 6485 6413 6420
3 6485 6420 6499
3 6484 6412 6413
3 6484 6413 6485
3 4131 6411 6412
3 4131 6412 4513
3 4768 4767 4671
3 4768 4671 4670
3 6411 6410 6413
3 6411 6413 6412
3 6490 6489 6403
3 6490 6403 6404
3 6481 6391 6390
3 6481 6390 6480
3 6534 6540 6537
3 6534 6537 6479
3 6479 6537 6490
3 6479 6490 6488
3 6480 6479 6488
3 6480 6488 6492
3 6492 6488 6405
3 6492 6405 6406
3 6488 6490 6404
3 6488 6404 6405
3 6391 6389 6388
3 6391 6388 6390
3 6534 6479 6377
3 6534 6377 6384
3 6384 6377 6376
3 6384 6376 6382
3 6390 6388 6376
3 6390 6376 6377
3 6480 6390 6377
3 6480 6377 6479
3 6491 6487 6391
3 6491 6391 6481
3 6487 6486 6389
3 6487 6389 6391
3 6491 6481 6480
3 6491 6480 6492
3 6540 6539 6536
3 6540 6536 6537
3 6537 6536 6489
3 6537 6489 6490
3 6483 6477 6387
3 6483 6387 6482
3 4673 6483 6411
3 4673 6411 4131
3 6389 6387 6386
3 6389 6386 6388
3 6387 6477 6385
3 6387 6385 6386
3 6483 4673 4674
3 6483 4674 6477
3 6386 6385 6478
3 6386 6478 6375
3 4675 6478 6385
3 4675 6385 4118
3 6486 6482 6387
3 6486 6387 6389
3 4118 6385 6477
3 4118 6477 4674
3 4674 4673 4512
3 4674 4512 4707
3 4512 4673 4131
3 4512 4131 4132
3 6388 6386 6375
3 6388 6375 6376
3 4674 4707 4119
3 4674 4119 4118
3 6975 6976 7616
3 6975 7616 7615
3 7614 7618 6976
3 7614 6976 6975
3 3992 3993 4000
3 3992 4000 4001
3 6967 6966 6801
3 6967 6801 6788
3 3998 4001 4000
3 3998 4000 3999
3 3970 3968 3969
3 3970 3969 3971
3 7604 7603 7597
3 7604 7597 7599
3 3984 3985 3994
3 3984 3994 3995
3 3992 3995 3994
3 3992 3994 3993
3 3986 3991 3990
3 3986 3990 3989
3 3986 3989 3988
3 3986 3988 3987
3 7611 7614 7613
3 7611 7613 7612
3 3980 3981 7608
3 3980 7608 7607
3 3984 3995 7603
3 3984 7603 7604
3 3969 6788 7616
3 3969 7616 3997
3 7617 7591 7609
3 7617 7609 7610
3 3980 3983 3982
3 3980 3982 3981
3 3984 3981 3982
3 3984 3982 3985
3 3998 3999 3974
3 3998 3974 3975
3 7576 7574 6966
3 7576 6966 6967
3 3975 3974 3996
3 3975 3996 3997
3 7605 7597 7603
3 7605 7603 7601
3 7609 7591 7590
3 7609 7590 7575
3 3991 3973 3972
3 3991 3972 3990
3 7611 7612 7606
3 7611 7606 7605
3 3997 3996 3971
3 3997 3971 3969
3 3980 7607 7610
3 3980 7610 3987
3 7616 6788 6801
3 7616 6801 7615
3 3981 3984 7604
3 3981 7604 7608
3 3975 6976 7618
3 3975 7618 3998
3 3992 7601 7603
3 3992 7603 3995
3 3986 7609 7575
3 3986 7575 3991
3 3968 6967 6788
3 3968 6788 3969
3 3992 4001 7602
3 3992 7602 7601
3 3998 7618 7602
3 3998 7602 4001
3 7618 7614 7611
3 7618 7611 7602
3 3975 3997 7616
3 3975 7616 6976
3 3986 3987 7610
3 3986 7610 7609
3 7575 7590 6974
3 7575 6974 6973
3 3968 3978 7576
3 3968 7576 6967
3 7611 7605 7601
3 7611 7601 7602
3 3973 6973 7576
3 3973 7576 3978
3 3979 3978 3968
3 3979 3968 3970
3 3980 3987 3988
3 3980 3988 3983
3 3973 3991 7575
3 3973 7575 6973
3 6973 6974 7574
3 6973 7574 7576
3 3979 3972 3973
3 3979 3973 3978
3 7615 7573 6972
3 7615 6972 6975
3 6975 6972 7613
3 6975 7613 7614
3 7597 7593 7353
3 7597 7353 7350
3 7340 7341 7379
3 7340 7379 7378
3 6951 6950 6940
3 6951 6940 6939
3 7361 7359 7358
3 7361 7358 7360
3 7626 6955 6956
3 7626 6956 7625
3 7596 7352 7354
3 7596 7354 7587
3 7592 7368 7371
3 7592 7371 7355
3 6950 6946 6942
3 6950 6942 6940
3 7600 7595 7362
3 7600 7362 6770
3 7380 7364 7365
3 7380 7365 7381
3 7587 7354 7370
3 7587 7370 7369
3 7378 7302 6941
3 7378 6941 7340
3 7600 7356 7359
3 7600 7359 7595
3 7352 7351 7350
3 7352 7350 7353
3 6955 6950 6951
3 6955 6951 6956
3 7381 7366 7342
3 7381 7342 6772
3 7354 7352 7353
3 7354 7353 7355
3 7364 7363 7362
3 7364 7362 7365
3 7373 7366 7586
3 7373 7586 7361
3 7380 6773 7268
3 7380 7268 7263
3 7598 6771 7266
3 7598 7266 7267
3 7625 6956 6957
3 7625 6957 7631
3 7359 7356 7357
3 7359 7357 7358
3 7288 7270 7268
3 7288 7268 6773
3 7626 7625 7623
3 7626 7623 7589
3 7585 7284 7282
3 7585 7282 7338
3 7496 7338 7282
3 7496 7282 7281
3 7608 7604 7599
3 7608 7599 7600
3 7288 6773 6772
3 7288 6772 6789
3 7285 7283 7268
3 7285 7268 7270
3 6946 6945 6935
3 6946 6935 6942
3 7600 7599 7357
3 7600 7357 7356
3 6952 6951 6939
3 6952 6939 6938
3 6945 6785 6786
3 6945 6786 6775
3 7585 7338 7301
3 7585 7301 6962
3 7598 7267 7262
3 7598 7262 7594
3 7283 7260 7263
3 7283 7263 7268
3 7270 7269 7286
3 7270 7286 7285
3 7628 7621 7312
3 7628 7312 7311
3 7599 7596 7358
3 7599 7358 7357
3 6945 6775 6776
3 6945 6776 6935
3 7593 7592 7355
3 7593 7355 7353
3 7595 7359 7361
3 7595 7361 7586
3 7381 7365 7586
3 7381 7586 7366
3 7596 7587 7360
3 7596 7360 7358
3 7624 7627 7379
3 7624 7379 7377
3 7627 7628 7378
3 7627 7378 7379
3 7364 7264 7265
3 7364 7265 7363
3 6935 6776 6774
3 6935 6774 6790
3 7624 7377 7367
3 7624 7367 7619
3 7587 7369 7372
3 7587 7372 7360
3 7374 6962 6785
3 7374 6785 6784
3 7594 7262 7261
3 7594 7261 7588
3 6939 6794 6793
3 6939 6793 6938
3 7588 7261 7260
3 7588 7260 7376
3 7623 7594 7588
3 7623 7588 7589
3 7370 7354 7355
3 7370 7355 7371
3 7264 7263 7260
3 7264 7260 7261
3 6946 6784 6785
3 6946 6785 6945
3 7376 7284 7585
3 7376 7585 7375
3 7595 7586 7365
3 7595 7365 7362
3 7285 7282 7284
3 7285 7284 7283
3 7626 7374 6784
3 7626 6784 6955
3 7344 7577 7368
3 7344 7368 7367
3 7599 7351 7352
3 7599 7352 7596
3 7286 7281 7282
3 7286 7282 7285
3 6940 6795 6794
3 6940 6794 6939
3 7619 7367 7368
3 7619 7368 7592
3 6942 6796 6795
3 6942 6795 6940
3 7363 6771 6770
3 7363 6770 7362
3 6942 6935 6790
3 6942 6790 6796
3 7363 7265 7266
3 7363 7266 6771
3 7589 7588 7376
3 7589 7376 7375
3 7626 7589 7375
3 7626 7375 7374
3 6786 6785 6962
3 6786 6962 7301
3 7311 7302 7378
3 7311 7378 7628
3 6787 6786 7301
3 6787 7301 7300
3 7623 7617 7598
3 7623 7598 7594
3 7585 6962 7374
3 7585 7374 7375
3 6955 6784 6946
3 6955 6946 6950
3 7373 7361 7360
3 7373 7360 7372
3 7265 7264 7261
3 7265 7261 7262
3 7617 7610 7607
3 7617 7607 7598
3 7481 7340 6941
3 7481 6941 6944
3 7577 7344 7343
3 7577 7343 7495
3 6944 6941 6796
3 6944 6796 6790
3 7348 7342 7366
3 7348 7366 7373
3 7488 7341 7340
3 7488 7340 7481
3 7599 7597 7350
3 7599 7350 7351
3 7380 7263 7264
3 7380 7264 7364
3 7606 7593 7597
3 7606 7597 7605
3 7302 7311 6794
3 7302 6794 6795
3 7343 7344 7367
3 7343 7367 7377
3 7495 7343 7341
3 7495 7341 7488
3 7619 7592 7593
3 7619 7593 7606
3 7376 7260 7283
3 7376 7283 7284
3 7608 7600 7598
3 7608 7598 7607
3 7624 7619 7606
3 7624 7606 7620
3 6956 6951 6952
3 6956 6952 6957
3 7341 7343 7377
3 7341 7377 7379
3 7311 7312 6793
3 7311 6793 6794
3 7381 6772 6773
3 7381 6773 7380
3 7267 7266 7265
3 7267 7265 7262
3 7627 7624 7620
3 7627 7620 7622
3 7300 7301 7338
3 7300 7338 7496
3 7628 7627 7622
3 7628 7622 7621
3 6941 7302 6795
3 6941 6795 6796
3 7600 6770 6771
3 7600 6771 7598
3 7632 7631 6957
3 7632 6957 6958
3 7571 6970 6959
3 7571 6959 6954
3 7571 6954 6963
3 7571 6963 6964
3 6957 6952 6949
3 6957 6949 6958
3 6958 6949 6948
3 6958 6948 6959
3 6959 6948 6947
3 6959 6947 6954
3 6954 6947 6953
3 6954 6953 6963
3 7569 6961 6960
3 7569 6960 6968
3 6952 6938 6937
3 6952 6937 6949
3 6949 6937 6936
3 6949 6936 6948
3 7629 7623 7625
3 7629 7625 7631
3 6953 6947 6948
3 6953 6948 6936
3 7636 7621 7622
3 7636 7622 7637
3 7573 7615 6801
3 7573 6801 6800
3 7638 7637 7622
3 7638 7622 7620
3 7570 7573 6800
3 7570 6800 6799
3 7638 7620 7606
3 7638 7606 7612
3 7569 7570 6799
3 7569 6799 6798
3 7638 7612 7613
3 7638 7613 7633
3 6961 7569 6798
3 6961 6798 6797
3 6968 6969 7570
3 6968 7570 7569
3 7636 7637 7634
3 7636 7634 7635
3 7313 6943 6791
3 7313 6791 6792
3 7629 7631 7632
3 7629 7632 7630
3 7638 7633 7634
3 7638 7634 7637
3 6971 6970 7571
3 6971 7571 7572
3 7635 7634 6968
3 7635 6968 6960
3 7630 7590 7591
3 7630 7591 7629
3 7636 7635 6943
3 7636 6943 7313
3 7635 6960 6961
3 7635 6961 6943
3 6943 6961 6797
3 6943 6797 6791
3 6965 6964 6799
3 6965 6799 6800
3 6938 6793 6792
3 6938 6792 6937
3 7629 7591 7617
3 7629 7617 7623
3 7312 7313 6792
3 7312 6792 6793
3 6937 6792 6791
3 6937 6791 6936
3 7313 7312 7621
3 7313 7621 7636
3 6953 6936 6791
3 6953 6791 6797
3 7590 7630 6971
3 7590 6971 6974
3 6963 6953 6797
3 6963 6797 6798
3 6974 6971 7572
3 6974 7572 7574
3 6964 6963 6798
3 6964 6798 6799
3 7632 6958 6959
3 7632 6959 6970
3 7630 7632 6970
3 7630 6970 6971
3 6966 6965 6800
3 6966 6800 6801
3 7633 7613 6972
3 7633 6972 6969
3 6969 6972 7573
3 6969 7573 7570
3 7634 7633 6969
3 7634 6969 6968
3 7574 7572 6965
3 7574 6965 6966
3 7572 7571 6964
3 7572 6964 6965
3 7430 7435 6930
3 7430 6930 6929
3 7431 7430 6929
3 7431 6929 6928
3 7425 7431 6928
3 7425 6928 6927
3 6927 6928 7428
3 6927 7428 7427
3 7427 7333 6926
3 7427 6926 6927
3 6927 6926 7331
3 6927 7331 7425
3 7327 7323 6924
3 7327 6924 6925
3 6926 6925 7329
3 6926 7329 7331
3 6925 6924 7322
3 6925 7322 7329
3 6928 6929 7429
3 6928 7429 7428
3 7435 7430 7431
3 7435 7431 7433
3 7426 7332 7333
3 7426 7333 7427
3 7426 7316 7326
3 7426 7326 7332
3 6929 6930 7434
3 6929 7434 7429
3 7333 7327 6925
3 7333 6925 6926
3 7434 7432 7428
3 7434 7428 7429
3 7432 7426 7427
3 7432 7427 7428
3 7431 7425 7424
3 7431 7424 7433
3 7432 7421 7420
3 7432 7420 7426
3 7421 7403 7396
3 7421 7396 7420
3 7425 7331 7330
3 7425 7330 7424
3 7331 7329 7328
3 7331 7328 7330
3 7333 7332 7326
3 7333 7326 7327
3 7424 7330 7328
3 7424 7328 7325
3 7329 7322 7325
3 7329 7325 7328
3 7326 7316 7323
3 7326 7323 7327
3 7426 7420 7315
3 7426 7315 7316
3 7133 7122 7123
3 7133 7123 7135
3 7133 7131 7121
3 7133 7121 7122
3 7131 7129 7125
3 7131 7125 7121
3 7127 7119 7118
3 7127 7118 7126
3 7122 7114 7115
3 7122 7115 7123
3 7121 7113 7114
3 7121 7114 7122
3 6870 6868 7113
3 6870 7113 7117
3 7125 7117 7113
3 7125 7113 7121
3 6867 6869 7115
3 6867 7115 7114
3 6872 6870 7117
3 6872 7117 7125
3 7123 7115 6869
3 7123 6869 6871
3 7124 7116 7120
3 7124 7120 7128
3 6871 6869 7116
3 6871 7116 7124
3 7118 7119 6868
3 7118 6868 6870
3 7119 7120 6867
3 7119 6867 6868
3 6868 6867 7114
3 6868 7114 7113
3 7120 7116 6869
3 7120 6869 6867
3 7126 7118 6870
3 7126 6870 6872
3 7128 7120 7119
3 7128 7119 7127
3 7151 7133 7135
3 7151 7135 7081
3 7139 7131 7133
3 7139 7133 7151
3 7215 7223 7222
3 7215 7222 7214
3 7203 7214 7213
3 7203 7213 7201
3 7197 7205 7203
3 7197 7203 7185
3 7214 7222 7221
3 7214 7221 7213
3 7209 7217 7218
3 7209 7218 7210
3 7205 7207 7211
3 7205 7211 7215
3 7203 7205 7214
3 7205 7215 7214
3 7212 7220 7216
3 7212 7216 7208
3 7200 7212 7208
3 7200 7208 7202
3 7211 7219 7223
3 7211 7223 7215
3 7204 7209 7210
3 7204 7210 7206
3 6891 6893 7219
3 6891 7219 7211
3 7202 7208 7209
3 7202 7209 7204
3 7185 7203 7201
3 7185 7201 7549
3 7217 7216 6896
3 7217 6896 6895
3 6895 6896 7222
3 6895 7222 7223
3 7183 7202 7204
3 7183 7204 7196
3 7208 7216 7217
3 7208 7217 7209
3 7548 7200 7202
3 7548 7202 7183
3 7216 7220 6894
3 7216 6894 6896
3 6896 6894 7221
3 6896 7221 7222
3 7218 7217 6895
3 7218 6895 6893
3 6893 6895 7223
3 6893 7223 7219
3 7213 7221 6894
3 7213 6894 6892
3 6892 6894 7220
3 6892 7220 7212
3 7210 7218 6893
3 7210 6893 6891
3 7201 7213 6892
3 7201 6892 6888
3 6888 6892 7212
3 6888 7212 7200
3 7010 7022 6840
3 7010 6840 6836
3 7019 7027 6841
3 7019 6841 6839
3 7009 7021 7017
3 7009 7017 7011
3 7014 7016 7020
3 7014 7020 7024
3 7013 7018 7019
3 7013 7019 7015
3 7023 7031 7030
3 7023 7030 7022
3 7027 7026 6843
3 7027 6843 6841
3 7017 7025 7026
3 7017 7026 7018
3 7024 7032 7031
3 7024 7031 7023
3 7021 7029 7025
3 7021 7025 7017
3 7020 7028 7032
3 7020 7032 7024
3 7013 7015 6838
3 7013 6838 6837
3 7026 7025 6844
3 7026 6844 6843
3 7012 7014 7024
3 7012 7024 7023
3 6837 6838 7016
3 6837 7016 7014
3 6838 6839 7020
3 6838 7020 7016
3 7015 7019 6839
3 7015 6839 6838
3 6839 6841 7028
3 6839 7028 7020
3 7022 7030 6842
3 7022 6842 6840
3 6840 6842 7029
3 6840 7029 7021
3 6841 6843 7032
3 6841 7032 7028
3 6843 6844 7031
3 6843 7031 7032
3 6844 6842 7030
3 6844 7030 7031
3 6836 6840 7021
3 6836 7021 7009
3 7018 7026 7027
3 7018 7027 7019
3 7011 7017 7018
3 7011 7018 7013
3 7025 7029 6842
3 7025 6842 6844
3 7012 7023 7022
3 7012 7022 7010
3 7233 7225 7226
3 7233 7226 7234
3 6806 6804 7227
3 6806 7227 7235
3 7250 7242 7244
3 7250 7244 7335
3 6803 6802 7225
3 6803 7225 7224
3 6805 6803 7224
3 6805 7224 7228
3 7230 7231 6802
3 7230 6802 6803
3 6813 6809 7242
3 6813 7242 7250
3 7244 7242 7232
3 7244 7232 7233
3 7234 7226 6804
3 7234 6804 6806
3 6807 6805 7228
3 6807 7228 7236
3 6809 6808 7240
3 6809 7240 7242
3 7236 7228 7224
3 7236 7224 7232
3 7232 7224 7225
3 7232 7225 7233
3 7235 7227 7231
3 7235 7231 7239
3 7239 7231 7230
3 7239 7230 7238
3 6802 6804 7226
3 6802 7226 7225
3 7242 7240 7236
3 7242 7236 7232
3 6808 6807 7236
3 6808 7236 7240
3 7247 7235 7239
3 7247 7239 7245
3 7244 7233 7234
3 7244 7234 7246
3 7245 7239 7238
3 7245 7238 7243
3 7246 7234 6806
3 7246 6806 6810
3 7231 7227 6804
3 7231 6804 6802
3 6810 6806 7235
3 6810 7235 7247
3 7567 7504 7503
3 7567 7503 7565
3 7584 7582 6789
3 7584 6789 6912
3 6914 6934 7566
3 6914 7566 7287
3 7299 7298 6919
3 7299 6919 6920
3 7391 7390 7402
3 7391 7402 7505
3 7567 7565 6933
3 7567 6933 6934
3 7288 6789 6914
3 7288 6914 7287
3 7505 7402 7401
3 7505 7401 7504
3 7568 7567 6934
3 7568 6934 6914
3 6920 6919 7409
3 6920 7409 7410
3 7269 7280 7500
3 7269 7500 7286
3 7500 7417 7281
3 7500 7281 7286
3 6921 6920 7410
3 6921 7410 7411
3 7300 7299 6920
3 7300 6920 6921
3 7440 7417 7416
3 7440 7416 7439
3 7496 7281 7417
3 7496 7417 7440
3 7287 7566 7280
3 7287 7280 7269
3 7288 7287 7269
3 7288 7269 7270
3 7411 7339 7442
3 7411 7442 6787
3 7280 7279 7499
3 7280 7499 7500
3 7566 7564 7279
3 7566 7279 7280
3 7499 7498 7415
3 7499 7415 7416
3 7504 7401 7397
3 7504 7397 7503
3 7568 7505 7504
3 7568 7504 7567
3 7411 6787 7300
3 7411 7300 6921
3 7505 7405 7404
3 7505 7404 7391
3 7440 7439 7298
3 7440 7298 7299
3 7582 7405 7568
3 7405 7505 7568
3 7496 7440 7299
3 7496 7299 7300
3 7411 7402 7390
3 7411 7390 7339
3 7584 7404 7405
3 7584 7405 7582
3 7410 7409 7397
3 7410 7397 7401
3 7410 7401 7402
3 7410 7402 7411
3 7500 7499 7416
3 7500 7416 7417
3 6934 6933 7564
3 6934 7564 7566
3 7582 7568 6914
3 7582 6914 6789
3 7439 7416 7415
3 7439 7415 7438
3 7324 7321 7273
3 7324 7273 7274
3 7395 7394 7317
3 7395 7317 7314
3 7323 7316 7315
3 7323 7315 7320
3 7325 7322 7321
3 7325 7321 7324
3 6922 6913 7272
3 6922 7272 7317
3 6931 6930 7435
3 6931 7435 7561
3 6919 6918 7408
3 6919 7408 7409
3 7562 7560 6931
3 7562 6931 6932
3 7424 7325 7324
3 7424 7324 7422
3 7320 7315 7271
3 7320 7271 7272
3 7419 7418 7392
3 7419 7392 7413
3 7413 7392 7393
3 7413 7393 7436
3 7273 7321 6923
3 7273 6923 6913
3 7406 7394 7395
3 7406 7395 7400
3 6918 6917 7407
3 6918 7407 7408
3 6922 6915 7294
3 6922 7294 7318
3 7409 7408 7398
3 7409 7398 7397
3 7560 7434 6930
3 7560 6930 6931
3 7276 7275 7418
3 7276 7418 7419
3 7423 7422 7275
3 7423 7275 7276
3 6916 6915 7394
3 6916 7394 7406
3 7503 7397 7398
3 7503 7398 7502
3 7565 7562 6932
3 7565 6932 6933
3 7498 7497 7414
3 7498 7414 7415
3 6932 6931 7561
3 6932 7561 7563
3 7437 7414 7413
3 7437 7413 7436
3 7407 7406 7400
3 7407 7400 7399
3 7560 7501 7403
3 7560 7403 7421
3 7297 7296 6917
3 7297 6917 6918
3 7438 7415 7414
3 7438 7414 7437
3 7561 7435 7433
3 7561 7433 7423
3 7560 7421 7432
3 7560 7432 7434
3 7298 7297 6918
3 7298 6918 6919
3 7317 7394 6915
3 7317 6915 6922
3 6924 6923 7321
3 6924 7321 7322
3 7323 7320 6923
3 7323 6923 6924
3 7562 7502 7501
3 7562 7501 7560
3 6913 6923 7320
3 6913 7320 7272
3 7565 7503 7502
3 7565 7502 7562
3 7277 7276 7419
3 7277 7419 7497
3 7295 7294 6915
3 7295 6915 6916
3 7501 7399 7400
3 7501 7400 7403
3 7561 7423 7276
3 7561 7276 7277
3 7296 7295 6916
3 7296 6916 6917
3 7278 7277 7497
3 7278 7497 7498
3 7563 7561 7277
3 7563 7277 7278
3 6933 6932 7563
3 6933 7563 7564
3 7279 7278 7498
3 7279 7498 7499
3 7420 7396 7271
3 7420 7271 7315
3 7272 7271 7314
3 7272 7314 7317
3 7274 7273 7318
3 7274 7318 7319
3 7564 7563 7278
3 7564 7278 7279
3 7089 7090 7162
3 7089 7162 7161
3 7104 7161 7162
3 7104 7162 7105
3 7502 7398 7399
3 7502 7399 7501
3 7393 7392 7418
3 7393 7418 7319
3 7275 7274 7319
3 7275 7319 7418
3 7395 7314 7271
3 7395 7271 7396
3 7422 7324 7274
3 7422 7274 7275
3 7403 7400 7395
3 7403 7395 7396
3 7393 7319 7318
3 7393 7318 7294
3 7439 7438 7297
3 7439 7297 7298
3 7408 7407 7399
3 7408 7399 7398
3 7318 7273 6913
3 7318 6913 6922
3 7497 7419 7413
3 7497 7413 7414
3 7433 7424 7422
3 7433 7422 7423
3 7436 7393 7294
3 7436 7294 7295
3 6917 6916 7406
3 6917 7406 7407
3 7437 7436 7295
3 7437 7295 7296
3 7438 7437 7296
3 7438 7296 7297
3 7443 6775 6780
3 7443 6780 6898
3 7442 6781 6786
3 7442 6786 6787
3 6898 6780 6781
3 6898 6781 7442
3 7348 6911 6912
3 7348 6912 7342
3 7583 6912 6911
3 7583 6911 7581
3 6897 6912 7583
3 6897 7583 7290
3 7512 7389 7291
3 7512 7291 7506
3 7583 7382 7506
3 7583 7506 7290
3 7584 7289 7391
3 7584 7391 7404
3 7583 7581 7383
3 7583 7383 7382
3 6760 6761 7107
3 6760 7107 7166
3 6786 6781 6780
3 6786 6780 6775
3 7468 6783 6775
3 7468 6775 7443
3 7456 7412 7291
3 7456 7291 7389
3 6763 6758 6898
3 6763 6898 7442
3 7506 7382 7383
3 7506 7383 7512
3 7092 6862 6758
3 7092 6758 6763
3 7468 7443 7412
3 7468 7412 7456
3 6758 6762 7443
3 6758 7443 6898
3 6862 7093 6762
3 6862 6762 6758
3 7442 7339 6764
3 7442 6764 6763
3 7506 7291 6760
3 7506 6760 6766
3 7291 7412 6761
3 7291 6761 6760
3 6761 6762 7093
3 6761 7093 7107
3 7412 7443 6762
3 7412 6762 6761
3 7342 6912 6789
3 7342 6789 6772
3 7289 7584 6912
3 7289 6912 6897
3 7339 7390 6765
3 7339 6765 6764
3 7390 7391 6767
3 7390 6767 6765
3 7092 7102 7103
3 7092 7103 7095
3 7095 7103 7104
3 7095 7104 7097
3 7096 7109 7108
3 7096 7108 7094
3 7087 7088 7160
3 7087 7160 7159
3 7103 7160 7161
3 7103 7161 7104
3 7084 7165 7164
3 7084 7164 7085
3 7107 7108 7165
3 7107 7165 7166
3 7102 7159 7160
3 7102 7160 7103
3 7083 7166 7165
3 7083 7165 7084
3 6769 6759 6857
3 6769 6857 7074
3 6759 6768 7073
3 6759 7073 6857
3 6897 7290 6768
3 6897 6768 6759
3 6763 6764 7102
3 6763 7102 7092
3 6766 6760 7166
3 6766 7166 7083
3 6764 6765 7159
3 6764 7159 7102
3 6765 6767 7087
3 6765 7087 7159
3 6768 6766 7083
3 6768 7083 7073
3 7290 7506 6766
3 7290 6766 6768
3 6767 6769 7074
3 6767 7074 7087
3 7108 7109 7164
3 7108 7164 7165
3 7391 7289 6769
3 7391 6769 6767
3 6857 6858 7075
3 6857 7075 7074
3 7073 7076 6858
3 7073 6858 6857
3 6862 6863 7094
3 6862 7094 7093
3 7092 7095 6863
3 7092 6863 6862
3 7094 7108 7107
3 7094 7107 7093
3 7289 6897 6759
3 7289 6759 6769
3 7073 7083 7084
3 7073 7084 7076
3 7075 7088 7087
3 7075 7087 7074
3 7088 7089 7161
3 7088 7161 7160
3 6863 6864 7096
3 6863 7096 7094
3 7095 7097 6864
3 7095 6864 6863
3 7150 7138 7139
3 7150 7139 7151
3 6877 6876 7138
3 6877 7138 7137
3 7157 7147 7143
3 7157 7143 7145
3 7142 7141 6876
3 7142 6876 6877
3 6877 6879 7143
3 6877 7143 7142
3 7152 7141 7142
3 7152 7142 7146
3 7137 7155 6879
3 7137 6879 6877
3 6879 6880 7145
3 6879 7145 7143
3 7112 7158 7144
3 7112 7144 7150
3 7158 7111 7156
3 7158 7156 7144
3 7154 7146 7147
3 7154 7147 7106
3 7082 7153 7152
3 7082 7152 7091
3 7132 7127 7126
3 7132 7126 7130
3 7149 7148 7155
3 7149 7155 7156
3 7153 7140 7141
3 7153 7141 7152
3 7147 7146 7142
3 7147 7142 7143
3 7100 7149 7156
3 7100 7156 7111
3 7155 7148 6880
3 7155 6880 6879
3 7101 7106 7147
3 7101 7147 7157
3 7112 7150 7151
3 7112 7151 7081
3 6858 6859 7078
3 6858 7078 7075
3 6881 6880 7148
3 6881 7148 7149
3 7110 7111 7158
3 7110 7158 7163
3 7076 7077 6859
3 7076 6859 6858
3 7157 7145 6880
3 7157 6880 6881
3 7109 7110 7163
3 7109 7163 7164
3 7086 7163 7158
3 7086 7158 7112
3 6859 6860 7080
3 6859 7080 7078
3 7090 7091 7154
3 7090 7154 7162
3 6866 6881 7149
3 6866 7149 7100
3 7085 7164 7163
3 7085 7163 7086
3 7076 7084 7085
3 7076 7085 7077
3 7079 7081 6861
3 7079 6861 6860
3 6864 6865 7098
3 6864 7098 7096
3 7078 7089 7088
3 7078 7088 7075
3 7182 7190 7189
3 7182 7189 7451
3 7097 7099 6865
3 7097 6865 6864
3 7080 7090 7089
3 7080 7089 7078
3 6865 6866 7100
3 6865 7100 7098
3 7082 7091 7090
3 7082 7090 7080
3 7099 7101 6866
3 7099 6866 6865
3 7097 7104 7105
3 7097 7105 7099
3 6875 6871 7124
3 6875 7124 7136
3 7099 7105 7106
3 7099 7106 7101
3 6873 6872 7125
3 6873 7125 7129
3 7130 7126 6872
3 7130 6872 6873
3 6874 6873 7129
3 6874 7129 7131
3 7136 7124 7128
3 7136 7128 7134
3 6860 6861 7082
3 6860 7082 7080
3 7132 7130 6873
3 7132 6873 6874
3 7101 7157 6881
3 7101 6881 6866
3 7077 7085 7086
3 7077 7086 7079
3 7098 7110 7109
3 7098 7109 7096
3 7100 7111 7110
3 7100 7110 7098
3 7079 7086 7112
3 7079 7112 7081
3 7144 7137 7138
3 7144 7138 7150
3 7154 7091 7152
3 7154 7152 7146
3 6878 6874 7131
3 6878 7131 7139
3 7134 7128 7127
3 7134 7127 7132
3 7105 7162 7154
3 7105 7154 7106
3 7140 7132 6874
3 7140 6874 6878
3 7153 7134 7132
3 7153 7132 7140
3 6861 6875 7136
3 6861 7136 7082
3 7141 7140 6878
3 7141 6878 6876
3 7082 7136 7134
3 7082 7134 7153
3 7077 7079 6860
3 7077 6860 6859
3 7135 7123 6871
3 7135 6871 6875
3 6876 6878 7139
3 6876 7139 7138
3 7081 7135 6875
3 7081 6875 6861
3 7156 7155 7137
3 7156 7137 7144
3 7456 7389 6749
3 7456 6749 6751
3 6753 6750 7449
3 6753 7449 7467
3 7465 7450 6750
3 7465 6750 6753
3 6752 6751 7455
3 6752 7455 7466
3 7468 7456 6751
3 7468 6751 6752
3 6757 6754 7512
3 6757 7512 7559
3 7467 6776 6782
3 7467 6782 6904
3 6904 6782 6783
3 6904 6783 7468
3 7349 6856 6911
3 7349 6911 7348
3 7580 6911 6856
3 7580 6856 7579
3 6911 6910 7559
3 6911 7559 7581
3 7580 7558 6910
3 7580 6910 6911
3 7559 6910 6747
3 7559 6747 6757
3 7449 7292 7175
3 7449 7175 7444
3 6751 6749 7177
3 6751 7177 7455
3 7349 7348 7373
3 7349 7373 7372
3 7580 7579 7520
3 7580 7520 7518
3 7043 6986 6737
3 7043 6737 6739
3 7444 7175 6986
3 7444 6986 7043
3 7519 7175 7292
3 7519 7292 7517
3 7520 7519 7517
3 7520 7517 7518
3 6986 7058 6742
3 6986 6742 6737
3 7580 7518 7517
3 7580 7517 7558
3 7581 7559 7512
3 7581 7512 7383
3 6753 6746 6903
3 6753 6903 7465
3 6904 7468 6752
3 6904 6752 6746
3 7517 7292 6748
3 7517 6748 6755
3 7467 6904 6746
3 7467 6746 6753
3 6746 6752 7466
3 6746 7466 6903
3 6910 7558 6756
3 6910 6756 6747
3 7389 7512 6754
3 7389 6754 6749
3 6750 6748 7292
3 6750 7292 7449
3 7558 7517 6755
3 7558 6755 6756
3 6783 6782 6776
3 6783 6776 6775
3 7467 6978 6779
3 7467 6779 6776
3 7467 7449 7444
3 7467 7444 6978
3 7519 7058 6986
3 7519 6986 7175
3 7450 7167 6748
3 7450 6748 6750
3 6749 6754 7511
3 6749 7511 7177
3 6909 6908 7555
3 6909 7555 7556
3 7516 7167 7168
3 7516 7168 7515
3 7515 7168 7169
3 7515 7169 7514
3 7448 7447 7169
3 7448 7169 7168
3 7510 7509 7172
3 7510 7172 7176
3 7466 7455 7454
3 7466 7454 7463
3 7552 7509 7510
3 7552 7510 7555
3 7555 7510 7511
3 7555 7511 7556
3 7554 7515 7514
3 7554 7514 7553
3 7557 7516 7515
3 7557 7515 7554
3 7462 7447 7448
3 7462 7448 7464
3 6755 6748 7167
3 6755 7167 7516
3 7557 7554 6908
3 7557 6908 6909
3 6757 6747 6909
3 6757 6909 7556
3 7511 7510 7176
3 7511 7176 7177
3 7464 7448 7450
3 7464 7450 7465
3 6747 6756 7557
3 6747 7557 6909
3 7556 7511 6754
3 7556 6754 6757
3 7450 7448 7168
3 7450 7168 7167
3 6756 6755 7516
3 6756 7516 7557
3 6902 6901 7462
3 6902 7462 7464
3 7466 7463 6902
3 7466 6902 6903
3 7455 7177 7176
3 7455 7176 7454
3 6903 6902 7464
3 6903 7464 7465
3 7447 7446 7170
3 7447 7170 7169
3 7513 7170 7178
3 7513 7178 7293
3 6900 6899 7458
3 6900 7458 7460
3 7446 7445 7178
3 7446 7178 7170
3 7453 7172 7171
3 7453 7171 7452
3 7509 7508 7171
3 7509 7171 7172
3 7454 7176 7172
3 7454 7172 7453
3 7293 7186 7185
3 7293 7185 7549
3 7206 7210 6891
3 7206 6891 6890
3 7187 7188 7181
3 7187 7181 7180
3 7182 7507 7184
3 7182 7184 7190
3 7178 7445 7180
3 7178 7180 7192
3 7293 7178 7192
3 7293 7192 7186
3 6882 6883 7188
3 6882 7188 7187
3 7514 7169 7170
3 7514 7170 7513
3 7186 7198 7197
3 7186 7197 7185
3 7179 7189 7193
3 7179 7193 7191
3 7179 7191 6883
3 7179 6883 6882
3 7192 7199 7198
3 7192 7198 7186
3 7459 7457 6899
3 7459 6899 6900
3 6884 6883 7191
3 6884 7191 7193
3 7180 7181 7199
3 7180 7199 7192
3 6901 6900 7460
3 6901 7460 7462
3 7181 7188 6883
3 7181 6883 6884
3 7551 7513 7293
3 7551 7293 7549
3 7461 7459 6900
3 7461 6900 6901
3 7189 7190 7194
3 7189 7194 7193
3 7183 7196 7195
3 7183 7195 7184
3 6886 6884 7193
3 6886 7193 7194
3 7458 7445 7446
3 7458 7446 7460
3 7463 7461 6901
3 7463 6901 6902
3 7199 7181 6884
3 7199 6884 6886
3 7460 7446 7447
3 7460 7447 7462
3 6906 6905 7548
3 6906 7548 7550
3 7551 7549 6905
3 7551 6905 6906
3 7452 7171 7182
3 7452 7182 7451
3 7458 7187 7180
3 7458 7180 7445
3 7548 7183 7184
3 7548 7184 7507
3 7457 7451 7189
3 7457 7189 7179
3 7184 7195 7194
3 7184 7194 7190
3 7459 7452 7451
3 7459 7451 7457
3 7461 7453 7452
3 7461 7452 7459
3 6907 6906 7550
3 6907 7550 7552
3 6887 6885 7197
3 6887 7197 7198
3 7463 7454 7453
3 7463 7453 7461
3 7553 7551 6906
3 7553 6906 6907
3 7195 7196 6885
3 7195 6885 6887
3 7548 7507 7508
3 7548 7508 7550
3 6908 6907 7552
3 6908 7552 7555
3 7550 7508 7509
3 7550 7509 7552
3 7554 7553 6907
3 7554 6907 6908
3 7549 7201 6888
3 7549 6888 6905
3 7553 7514 7513
3 7553 7513 7551
3 6991 6999 6998
3 6991 6998 7039
3 6885 6889 7205
3 6885 7205 7197
3 6991 7054 6993
3 6991 6993 6999
3 7196 7204 6889
3 7196 6889 6885
3 7508 7507 7182
3 7508 7182 7171
3 6899 6882 7187
3 6899 7187 7458
3 7457 7179 6882
3 7457 6882 6899
3 6890 6891 7211
3 6890 7211 7207
3 6886 6887 7198
3 6886 7198 7199
3 7194 7195 6887
3 7194 6887 6886
3 6905 6888 7200
3 6905 7200 7548
3 6889 6890 7207
3 6889 7207 7205
3 7204 7206 6890
3 7204 6890 6889
3 6829 6778 6779
3 6829 6779 6978
3 7578 7345 7346
3 7578 7346 7545
3 7578 6856 7349
3 7578 7349 7345
3 7480 6977 7174
3 7480 7174 7475
3 7475 7174 7173
3 7475 7173 7388
3 7533 7532 7530
3 7533 7530 7531
3 7345 7349 7372
3 7345 7372 7369
3 7578 7545 7532
3 7578 7532 7533
3 7530 7388 7173
3 7530 7173 7531
3 6977 6774 6778
3 6977 6778 6829
3 7480 6777 6774
3 7480 6774 6977
3 7346 7345 7369
3 7346 7369 7370
3 6821 6790 6774
3 6821 6774 6777
3 6779 6778 6774
3 6779 6774 6776
3 7578 7533 7546
3 7533 7531 7546
3 6734 6740 7050
3 6734 7050 6848
3 6741 6734 6848
3 6741 6848 7051
3 7052 6849 6734
3 7052 6734 6741
3 6849 7053 6740
3 6849 6740 6734
3 7071 6854 6735
3 7071 6735 6745
3 6739 6737 6985
3 6739 6985 7042
3 6741 6738 7038
3 6741 7038 7052
3 6740 6739 7042
3 6740 7042 7050
3 7053 7043 6739
3 7053 6739 6740
3 6745 6742 7058
3 6745 7058 7071
3 7072 7062 6743
3 7072 6743 6744
3 6854 7072 6744
3 6854 6744 6735
3 6829 6849 7052
3 6829 7052 6977
3 6978 7053 6849
3 6978 6849 6829
3 6854 6855 7546
3 6854 7546 7072
3 7174 7038 6979
3 7174 6979 7173
3 7546 7531 7062
3 7546 7062 7072
3 7547 7519 7520
3 7547 7520 7579
3 7071 7547 6855
3 7071 6855 6854
3 6856 6855 7547
3 6856 7547 7579
3 7062 6979 6736
3 7062 6736 6743
3 6979 7038 6738
3 6979 6738 6736
3 7578 7546 6855
3 7578 6855 6856
3 7053 6978 7444
3 7053 7444 7043
3 7052 7038 7174
3 7052 7174 6977
3 7531 7173 6979
3 7531 6979 7062
3 7547 7071 7058
3 7547 7058 7519
3 6988 6998 7002
3 6988 7002 7000
3 6853 6852 7067
3 6853 7067 7070
3 6993 7004 7003
3 6993 7003 6999
3 7005 7013 6837
3 7005 6837 6833
3 7069 7068 6852
3 7069 6852 6853
3 6846 6845 7045
3 6846 7045 7047
3 7055 7054 6991
3 7055 6991 6983
3 6745 6735 6853
3 6745 6853 7070
3 6992 7005 7004
3 6992 7004 6993
3 6852 6851 7065
3 6852 7065 7067
3 7068 7066 6851
3 7068 6851 6852
3 7040 6983 6991
3 7040 6991 7039
3 6735 6744 7069
3 6735 7069 6853
3 6995 7007 7006
3 6995 7006 6994
3 7061 6980 6981
3 7061 6981 7060
3 7037 7036 6981
3 7037 6981 6980
3 6737 6742 7057
3 6737 7057 6985
3 7001 7008 7007
3 7001 7007 6995
3 7070 7057 6742
3 7070 6742 6745
3 7036 7035 6982
3 7036 6982 6981
3 6744 6743 7061
3 6744 7061 7069
3 6992 7011 7013
3 6992 7013 7005
3 7044 6988 6830
3 7044 6830 6845
3 7006 7014 7012
3 7006 7012 6994
3 6830 6831 6997
3 6830 6997 6996
3 7066 7059 7033
3 7066 7033 7064
3 6988 7000 6831
3 6988 6831 6830
3 7045 7034 7035
3 7045 7035 7047
3 6832 6831 7000
3 6832 7000 7002
3 7051 7037 6738
3 7051 6738 6741
3 7008 6990 6832
3 7008 6832 6834
3 6834 6835 7007
3 6834 7007 7008
3 7050 7042 7041
3 7050 7041 7048
3 7003 7004 6835
3 7003 6835 6834
3 7063 7054 7055
3 7063 7055 7065
3 7047 7035 7036
3 7047 7036 7049
3 6835 6833 7006
3 6835 7006 7007
3 7065 7055 7056
3 7065 7056 7067
3 7004 7005 6833
3 7004 6833 6835
3 7060 6981 6982
3 7060 6982 7059
3 7067 7056 7057
3 7067 7057 7070
3 6850 6836 7009
3 6850 7009 7063
3 7068 7060 7059
3 7068 7059 7066
3 7064 7010 6836
3 7064 6836 6850
3 7069 7061 7060
3 7069 7060 7068
3 7035 7034 6987
3 7035 6987 6982
3 7059 6982 6987
3 7059 6987 7033
3 7041 6984 6983
3 7041 6983 7040
3 7056 7055 6983
3 7056 6983 6984
3 7044 7039 6998
3 7044 6998 6988
3 6987 7034 6989
3 6987 6989 7001
3 7033 6987 7001
3 7033 7001 6995
3 6998 6999 7003
3 6998 7003 7002
3 6989 6990 7008
3 6989 7008 7001
3 7063 7009 7011
3 7063 7011 6992
3 6994 7012 7010
3 6994 7010 7064
3 7049 7036 7037
3 7049 7037 7051
3 7046 7040 7039
3 7046 7039 7044
3 7048 7041 7040
3 7048 7040 7046
3 7384 7259 7336
3 7384 7336 7257
3 7384 7257 7258
3 7384 7258 7471
3 7042 6985 6984
3 7042 6984 7041
3 6845 6830 6996
3 6845 6996 7045
3 6990 6997 6831
3 6990 6831 6832
3 6834 6832 7002
3 6834 7002 7003
3 7046 7044 6845
3 7046 6845 6846
3 6833 6837 7014
3 6833 7014 7006
3 7066 7064 6850
3 7066 6850 6851
3 7057 7056 6984
3 7057 6984 6985
3 6847 6846 7047
3 6847 7047 7049
3 7033 6995 6994
3 7033 6994 7064
3 7048 7046 6846
3 7048 6846 6847
3 7045 6996 6989
3 7045 6989 7034
3 6848 6847 7049
3 6848 7049 7051
3 6996 6997 6990
3 6996 6990 6989
3 7050 7048 6847
3 7050 6847 6848
3 7063 6992 6993
3 7063 6993 7054
3 6851 6850 7063
3 6851 7063 7065
3 7488 7481 7487
3 7488 7487 7494
3 7495 7488 7494
3 7495 7494 7526
3 7577 7495 7526
3 7577 7526 7544
3 6822 6821 6777
3 6822 6777 7480
3 7486 7487 7309
3 7486 7309 7310
3 7577 7347 7371
3 7577 7371 7368
3 7347 7346 7370
3 7347 7370 7371
3 7544 6828 7347
3 7544 7347 7577
3 7545 7346 7347
3 7545 7347 6828
3 6790 6821 7309
3 6790 7309 6944
3 7310 7309 6821
3 7310 6821 6822
3 7487 7481 6944
3 7487 6944 7309
3 6820 6822 7480
3 6820 7480 7479
3 7308 7310 6822
3 7308 6822 6820
3 6826 6825 7539
3 6826 7539 7541
3 7544 7542 6827
3 7544 6827 6828
3 7485 7486 7310
3 7485 7310 7308
3 7388 7387 7474
3 7388 7474 7475
3 7530 7529 7387
3 7530 7387 7388
3 7526 7494 7493
3 7526 7493 7525
3 7542 7525 7524
3 7542 7524 7540
3 7544 7526 7525
3 7544 7525 7542
3 7541 7539 7528
3 7541 7528 7529
3 7543 7541 7529
3 7543 7529 7530
3 7545 7543 7532
3 7543 7530 7532
3 7493 7486 7485
3 7493 7485 7492
3 6827 6826 7541
3 6827 7541 7543
3 7542 7540 6826
3 7542 6826 6827
3 6828 6827 7543
3 6828 7543 7545
3 7480 7475 7474
3 7480 7474 7479
3 7494 7487 7486
3 7494 7486 7493
3 7525 7493 7492
3 7525 7492 7524
3 7476 7470 6816
3 7476 6816 6817
3 6818 6819 7478
3 6818 7478 7477
3 7252 7251 6813
3 7252 6813 6811
3 6812 6811 7249
3 6812 7249 7248
3 7476 7471 7258
3 7476 7258 7470
3 7253 7252 6811
3 7253 6811 6812
3 7477 7472 7471
3 7477 7471 7476
3 7491 7484 7483
3 7491 7483 7490
3 7538 7523 7522
3 7538 7522 7536
3 7539 7537 7527
3 7539 7527 7528
3 7535 7337 7336
3 7535 7336 7259
3 6812 6814 7254
3 6812 7254 7253
3 7537 7535 7259
3 7537 7259 7527
3 7248 7441 6814
3 7248 6814 6812
3 7527 7259 7384
3 7527 7384 7385
3 6814 6815 7256
3 6814 7256 7254
3 7304 7303 7441
3 7304 7441 7469
3 7441 7303 6815
3 7441 6815 6814
3 6817 6818 7477
3 6817 7477 7476
3 7385 7384 7471
3 7385 7471 7472
3 7305 7306 6818
3 7305 6818 6817
3 7306 7307 6819
3 7306 6819 6818
3 7529 7528 7386
3 7529 7386 7387
3 7528 7527 7385
3 7528 7385 7386
3 7536 7534 6823
3 7536 6823 6824
3 6825 6824 7537
3 6825 7537 7539
3 7538 7536 6824
3 7538 6824 6825
3 7540 7538 6825
3 7540 6825 6826
3 7478 7473 7472
3 7478 7472 7477
3 7238 7230 7229
3 7238 7229 7237
3 7479 7474 7473
3 7479 7473 7478
3 7243 7238 7237
3 7243 7237 7241
3 7490 7483 7482
3 7490 7482 7489
3 7386 7385 7472
3 7386 7472 7473
3 7387 7386 7473
3 7387 7473 7474
3 6743 6736 6980
3 6743 6980 7061
3 7492 7485 7484
3 7492 7484 7491
3 6736 6738 7037
3 6736 7037 6980
3 7229 7230 6803
3 7229 6803 6805
3 7534 7246 6810
3 7534 6810 6823
3 6811 6813 7250
3 6811 7250 7249
3 6816 6815 7303
3 6816 7303 7304
3 7470 7256 6815
3 7470 6815 6816
3 7522 7490 7489
3 7522 7489 7521
3 6817 6816 7304
3 6817 7304 7305
3 6819 6820 7479
3 6819 7479 7478
3 7307 7308 6820
3 7307 6820 6819
3 6824 6823 7535
3 6824 7535 7537
3 7337 7245 7243
3 7337 7243 7251
3 7335 7244 7246
3 7335 7246 7534
3 7535 7247 7245
3 7535 7245 7337
3 7469 7441 7248
3 7469 7248 7255
3 7336 7252 7253
3 7336 7253 7257
3 7237 7229 6805
3 7237 6805 6807
3 7470 7258 7254
3 7470 7254 7256
3 7521 7489 7255
3 7521 7255 7334
3 7489 7482 7469
3 7489 7469 7255
3 7523 7491 7490
3 7523 7490 7522
3 7305 7304 7469
3 7305 7469 7482
3 7482 7483 7306
3 7482 7306 7305
3 7483 7484 7307
3 7483 7307 7306
3 7484 7485 7308
3 7484 7308 7307
3 7521 7334 7335
3 7521 7335 7534
3 7255 7248 7249
3 7255 7249 7334
3 7241 7237 6807
3 7241 6807 6808
3 7524 7492 7491
3 7524 7491 7523
3 7334 7249 7250
3 7334 7250 7335
3 7536 7522 7521
3 7536 7521 7534
3 7337 7251 7252
3 7337 7252 7336
3 7243 7241 6808
3 7243 6808 6809
3 7251 7243 6809
3 7251 6809 6813
3 7258 7257 7253
3 7258 7253 7254
3 6823 6810 7247
3 6823 7247 7535
3 7540 7524 7523
3 7540 7523 7538
3 5057 5058 6156
3 5057 6156 6157
3 5984 5983 5977
3 5984 5977 5980
3 6164 5041 5025
3 6164 5025 5058
3 5041 5468 5034
3 5041 5034 5025
3 5025 5034 5471
3 5025 5471 5042
3 6172 6173 5044
3 6172 5044 5043
3 5044 5045 5972
3 5044 5972 5975
3 6173 5981 5045
3 6173 5045 5044
3 5053 5046 5985
3 5053 5985 5992
3 5051 5052 5781
3 5051 5781 5600
3 5857 5744 5052
3 5857 5052 5051
3 5043 5042 5471
3 5043 5471 6172
3 5984 5980 5054
3 5984 5054 5055
3 5974 6156 5976
3 5974 5976 5973
3 5980 5977 5978
3 5980 5978 5979
3 5976 6156 5042
3 5976 5042 5043
3 5043 5044 5975
3 5043 5975 5976
3 6148 5972 5045
3 6148 5045 5046
3 5777 6148 5046
3 5777 5046 5053
3 5056 5051 5600
3 5056 5600 5858
3 5979 5857 5051
3 5979 5051 5056
3 5052 5057 6157
3 5052 6157 5781
3 5744 6165 5057
3 5744 5057 5052
3 5053 5055 5778
3 5053 5778 5777
3 5992 5984 5055
3 5992 5055 5053
3 5054 5056 5858
3 5054 5858 5804
3 5980 5979 5056
3 5980 5056 5054
3 5055 5054 5804
3 5055 5804 5778
3 6165 6164 5058
3 6165 5058 5057
3 6156 5058 5025
3 6156 5025 5042
3 5992 5985 5986
3 5992 5986 5991
3 5974 5779 6157
3 5974 6157 6156
3 5046 5045 5981
3 5046 5981 5985
3 5973 5976 5975
3 5973 5975 5971
3 5992 5991 5983
3 5992 5983 5984
3 5765 5764 5766
3 5765 5766 5767
3 6149 6148 5777
3 6149 5777 6158
3 5771 5769 5768
3 5771 5768 5772
3 6155 6154 5858
3 6155 5858 5600
3 5783 5778 5804
3 5783 5804 6151
3 5974 5750 5751
3 5974 5751 5779
3 5776 5773 5774
3 5776 5774 5775
3 6155 5600 5781
3 6155 5781 5780
3 5971 5741 5746
3 5971 5746 5973
3 6159 5739 6149
3 6159 6149 6158
3 6159 5771 5766
3 6159 5766 5739
3 6150 6153 5752
3 6150 5752 5770
3 6149 5739 5740
3 6149 5740 5970
3 6153 6152 5755
3 6153 5755 5752
3 5751 5750 5760
3 5751 5760 5763
3 5763 5760 5761
3 5763 5761 5762
3 5783 5782 6159
3 5783 6159 6158
3 6151 6150 5782
3 6151 5782 5783
3 5772 5767 5766
3 5772 5766 5771
3 5780 5781 6157
3 5780 6157 5779
3 5970 5972 6148
3 5970 6148 6149
3 5770 5601 5768
3 5770 5768 5769
3 5765 5775 5774
3 5765 5774 5764
3 5753 5601 5770
3 5753 5770 5752
3 6151 5804 5858
3 6151 5858 6154
3 6155 6152 6153
3 6155 6153 6154
3 6154 6153 6150
3 6154 6150 6151
3 5971 5975 5972
3 5971 5972 5970
3 5779 5751 5749
3 5779 5749 5780
3 5973 5746 5750
3 5973 5750 5974
3 5780 5749 6152
3 5780 6152 6155
3 5970 5740 5741
3 5970 5741 5971
3 6159 5782 5769
3 6159 5769 5771
3 5782 6150 5770
3 5782 5770 5769
3 5746 5741 5774
3 5746 5774 5773
3 5740 5739 5766
3 5740 5766 5764
3 5741 5740 5764
3 5741 5764 5774
3 6152 5749 5757
3 6152 5757 5755
3 5750 5746 5773
3 5750 5773 5760
3 5749 5751 5763
3 5749 5763 5757
3 5752 5755 5754
3 5752 5754 5753
3 5760 5773 5776
3 5760 5776 5761
3 5755 5757 5756
3 5755 5756 5754
3 6158 5777 5778
3 6158 5778 5783
3 5757 5763 5762
3 5757 5762 5756
3 5608 5605 5710
3 5608 5710 5721
3 5719 5713 5605
3 5719 5605 5608
3 5605 5606 5715
3 5605 5715 5710
3 5713 5714 5606
3 5713 5606 5605
3 5719 5720 5714
3 5719 5714 5713
3 5725 5724 5717
3 5725 5717 5718
3 5714 5717 5607
3 5714 5607 5606
3 5720 5821 5819
3 5720 5819 5718
3 5725 5718 5819
3 5725 5819 5891
3 5767 5707 5708
3 5767 5708 5765
3 5724 5723 5607
3 5724 5607 5717
3 5723 5722 5716
3 5723 5716 5607
3 5712 5823 5609
3 5712 5609 5604
3 5606 5607 5716
3 5606 5716 5715
3 5720 5719 5822
3 5720 5822 5821
3 5608 5610 5822
3 5608 5822 5719
3 5894 5676 5886
3 5894 5886 5895
3 5897 5722 5723
3 5897 5723 5896
3 5709 5820 5824
3 5709 5824 5711
3 5717 5714 5720
3 5717 5720 5718
3 5723 5724 5726
3 5723 5726 5727
3 5723 5727 5894
3 5723 5894 5896
3 5826 5775 5765
3 5826 5765 5708
3 5610 5609 5823
3 5610 5823 5822
3 5892 5820 5709
3 5892 5709 5898
3 5712 5711 5824
3 5712 5824 5823
3 5756 5715 5716
3 5756 5716 5754
3 5725 5891 5890
3 5725 5890 5734
3 5824 5820 5819
3 5824 5819 5821
3 5892 5889 5890
3 5892 5890 5891
3 5900 5895 5893
3 5900 5893 5898
3 5897 5896 5900
3 5897 5900 5899
3 5762 5710 5715
3 5762 5715 5756
3 5602 5603 5707
3 5602 5707 5706
3 5892 5891 5819
3 5892 5819 5820
3 5762 5761 5721
3 5762 5721 5710
3 5824 5821 5822
3 5824 5822 5823
3 5772 5706 5707
3 5772 5707 5767
3 5892 5898 5893
3 5892 5893 5889
3 5721 5825 5610
3 5721 5610 5608
3 5825 5721 5761
3 5825 5761 5776
3 5900 5896 5894
3 5900 5894 5895
3 5826 5825 5776
3 5826 5776 5775
3 5899 5768 5601
3 5899 5601 5897
3 5725 5734 5726
3 5725 5726 5724
3 5897 5601 5753
3 5897 5753 5722
3 5754 5716 5722
3 5754 5722 5753
3 5899 5706 5772
3 5899 5772 5768
3 5900 5898 5709
3 5900 5709 5602
3 5900 5602 5706
3 5900 5706 5899
3 5709 5711 5603
3 5709 5603 5602
3 5603 5604 5708
3 5603 5708 5707
3 5825 5826 5609
3 5825 5609 5610
3 5711 5712 5604
3 5711 5604 5603
3 5894 5727 5728
3 5894 5728 5676
3 5604 5609 5826
3 5604 5826 5708
3 5953 5413 5349
3 5953 5349 5223
3 5252 5249 5339
3 5252 5339 5340
3 5282 5316 5226
3 5282 5226 5281
3 5328 5283 5222
3 5328 5222 5327
3 5248 5251 5317
3 5248 5317 5312
3 5281 5226 5224
3 5281 5224 5225
3 5361 5360 5249
3 5361 5249 5252
3 5961 5743 5959
3 5961 5959 5960
3 5961 5328 5339
3 5961 5339 5951
3 5955 5225 5349
3 5955 5349 5413
3 5758 5952 5047
3 5758 5047 5048
3 5327 5340 5339
3 5327 5339 5328
3 5250 5251 5361
3 5250 5361 5366
3 5250 5319 5317
3 5250 5317 5251
3 5221 5379 5378
3 5221 5378 5285
3 5226 5316 5318
3 5226 5318 5228
3 5952 5951 5339
3 5952 5339 5249
3 5961 5951 5747
3 5961 5747 5743
3 5952 5249 5360
3 5952 5360 5047
3 6024 5683 5786
3 6024 5786 6023
3 5758 5747 5951
3 5758 5951 5952
3 5221 5223 5349
3 5221 5349 5379
3 5785 5248 5312
3 5785 5312 5683
3 5960 5953 5223
3 5960 5223 5283
3 5379 5349 5225
3 5379 5225 5224
3 5048 5047 5785
3 5048 5785 5827
3 5282 5312 5317
3 5282 5317 5316
3 5283 5223 5221
3 5283 5221 5222
3 5251 5248 5360
3 5251 5360 5361
3 5224 5227 5378
3 5224 5378 5379
3 5316 5317 5319
3 5316 5319 5318
3 6023 5786 5954
3 6023 5954 5682
3 5956 5414 5413
3 5956 5413 5953
3 5224 5226 5228
3 5224 5228 5227
3 5959 5743 5646
3 5959 5646 5644
3 5958 5599 5682
3 5958 5682 5954
3 5961 5960 5283
3 5961 5283 5328
3 5957 5955 5413
3 5957 5413 5414
3 6024 5827 5785
3 6024 5785 5683
3 5785 5047 5360
3 5785 5360 5248
3 5958 5954 5955
3 5958 5955 5957
3 5786 5683 5312
3 5786 5312 5282
3 5959 5956 5953
3 5959 5953 5960
3 5954 5786 5282
3 5954 5282 5281
3 5955 5954 5281
3 5955 5281 5225
3 5273 5284 5333
3 5273 5333 5276
3 5377 5376 5333
3 5377 5333 5284
3 5278 5236 5237
3 5278 5237 5332
3 5300 5320 5233
3 5300 5233 5236
3 5250 5311 5313
3 5250 5313 5319
3 5280 5277 5228
3 5280 5228 5318
3 5252 5340 5341
3 5252 5341 5253
3 5301 5241 5242
3 5301 5242 5329
3 5326 5341 5340
3 5326 5340 5327
3 5274 5326 5286
3 5274 5286 5273
3 5274 5380 5341
3 5274 5341 5326
3 5318 5319 5313
3 5318 5313 5280
3 5275 5301 5338
3 5275 5338 5381
3 5279 5311 5310
3 5279 5310 5300
3 5253 5341 5380
3 5253 5380 5381
3 5236 5233 5234
3 5236 5234 5237
3 5253 5381 5338
3 5253 5338 5287
3 5329 5337 5338
3 5329 5338 5301
3 5279 5300 5236
3 5279 5236 5278
3 5278 5332 5229
3 5278 5229 5277
3 5288 5255 5321
3 5288 5321 5310
3 5280 5313 5311
3 5280 5311 5279
3 5276 5241 5301
3 5276 5301 5275
3 5277 5229 5227
3 5277 5227 5228
3 5241 5240 5238
3 5241 5238 5242
3 5232 5233 5320
3 5232 5320 5324
3 5255 5323 5325
3 5255 5325 5321
3 5366 5361 5252
3 5366 5252 5253
3 5273 5286 5285
3 5273 5285 5284
3 5332 5237 5375
3 5332 5375 5376
3 5376 5375 5240
3 5376 5240 5333
3 5378 5377 5284
3 5378 5284 5285
3 5222 5286 5326
3 5222 5326 5327
3 5250 5366 5367
3 5250 5367 5288
3 5253 5287 5367
3 5253 5367 5366
3 5273 5276 5275
3 5273 5275 5274
3 5320 5321 5325
3 5320 5325 5324
3 5276 5333 5240
3 5276 5240 5241
3 5244 5242 5238
3 5244 5238 5239
3 5300 5310 5321
3 5300 5321 5320
3 5232 5235 5234
3 5232 5234 5233
3 5255 5288 5367
3 5255 5367 5368
3 5368 5367 5287
3 5368 5287 5257
3 5234 5235 5373
3 5234 5373 5374
3 5229 5332 5376
3 5229 5376 5377
3 5227 5229 5377
3 5227 5377 5378
3 5374 5373 5239
3 5374 5239 5238
3 5221 5285 5286
3 5221 5286 5222
3 5237 5234 5374
3 5237 5374 5375
3 5274 5275 5381
3 5274 5381 5380
3 5250 5288 5310
3 5250 5310 5311
3 5375 5374 5238
3 5375 5238 5240
3 5277 5280 5279
3 5277 5279 5278
3 5257 5287 5338
3 5257 5338 5337
3 5259 5348 5258
3 5259 5258 5314
3 5358 5362 5293
3 5358 5293 5305
3 5363 5362 5292
3 5363 5292 5268
3 5257 5334 5335
3 5257 5335 5256
3 5259 5254 5369
3 5259 5369 5370
3 5267 5331 5245
3 5267 5245 5266
3 5264 5342 5335
3 5264 5335 5267
3 5372 5350 5289
3 5372 5289 5243
3 5364 5363 5268
3 5364 5268 5269
3 5330 5336 5337
3 5330 5337 5329
3 5267 5335 5334
3 5267 5334 5331
3 5269 5258 5365
3 5269 5365 5364
3 5331 5334 5336
3 5331 5336 5330
3 5262 5263 5291
3 5262 5291 5293
3 5270 5268 5292
3 5270 5292 5290
3 5270 5290 5230
3 5270 5230 5231
3 5262 5293 5362
3 5262 5362 5363
3 5369 5368 5257
3 5369 5257 5256
3 5347 5261 5365
3 5347 5365 5371
3 5371 5365 5258
3 5371 5258 5348
3 5232 5324 5322
3 5232 5322 5247
3 5272 5231 5247
3 5272 5247 5322
3 5235 5246 5372
3 5235 5372 5373
3 5271 5314 5258
3 5271 5258 5269
3 5266 5263 5264
3 5266 5264 5267
3 5244 5245 5331
3 5244 5331 5330
3 5261 5347 5260
3 5261 5260 5342
3 5348 5259 5370
3 5348 5370 5371
3 5371 5370 5260
3 5371 5260 5347
3 5254 5315 5323
3 5254 5323 5255
3 5244 5330 5329
3 5244 5329 5242
3 5373 5372 5243
3 5373 5243 5239
3 5324 5325 5323
3 5324 5323 5322
3 5246 5230 5350
3 5246 5350 5372
3 5322 5323 5315
3 5322 5315 5272
3 5254 5259 5314
3 5254 5314 5315
3 5272 5315 5314
3 5272 5314 5271
3 5232 5247 5246
3 5232 5246 5235
3 5262 5265 5264
3 5262 5264 5263
3 5266 5245 5243
3 5266 5243 5289
3 5265 5262 5363
3 5265 5363 5364
3 5304 5292 5362
3 5304 5362 5358
3 5231 5230 5246
3 5231 5246 5247
3 5364 5365 5261
3 5364 5261 5265
3 5265 5261 5342
3 5265 5342 5264
3 5370 5369 5256
3 5370 5256 5260
3 5268 5270 5271
3 5268 5271 5269
3 5231 5272 5271
3 5231 5271 5270
3 5254 5255 5368
3 5254 5368 5369
3 5244 5239 5243
3 5244 5243 5245
3 5263 5266 5289
3 5263 5289 5291
3 5257 5337 5336
3 5257 5336 5334
3 5260 5256 5335
3 5260 5335 5342
3 6117 6022 5937
3 6117 5937 6118
3 6147 6145 5528
3 6147 5528 5490
3 5948 6081 6146
3 5948 6146 5949
3 6114 6118 5937
3 6114 5937 5936
3 5682 5599 5596
3 5682 5596 5681
3 5515 5517 6117
3 5515 6117 6118
3 6083 6051 6052
3 6083 6052 6084
3 6120 6119 5517
3 6120 5517 5515
3 6021 6025 5681
3 6021 5681 6027
3 5528 5529 6028
3 5528 6028 6143
3 6145 6029 5529
3 6145 5529 5528
3 5531 5529 6029
3 5531 6029 6032
3 6036 6034 5788
3 6036 5788 5787
3 5490 5528 6143
3 5490 6143 6144
3 6033 6028 5529
3 6033 5529 5531
3 6030 6027 5681
3 6030 5681 5596
3 6035 6019 6119
3 6035 6119 6051
3 6084 6047 6142
3 6084 6142 6085
3 6082 6031 5592
3 6082 5592 5788
3 6116 6044 6046
3 6116 6046 6115
3 6082 6085 6143
3 6082 6143 6028
3 6085 6082 6083
3 6085 6083 6084
3 6082 5788 6034
3 6082 6034 6083
3 6085 6142 6144
3 6085 6144 6143
3 6081 6145 6147
3 6081 6147 6146
3 5503 5514 6114
3 5503 6114 6113
3 6120 6115 6046
3 6120 6046 6052
3 6144 6141 5491
3 6144 5491 5490
3 6120 6052 6051
3 6120 6051 6119
3 5788 5592 5589
3 5788 5589 5787
3 6146 6078 5950
3 6146 5950 5949
3 6035 6051 6083
3 6035 6083 6034
3 6116 6115 5514
3 6116 5514 5503
3 6028 6033 6031
3 6028 6031 6082
3 6030 6032 6029
3 6030 6029 6027
3 5950 5935 5936
3 5950 5936 5949
3 6026 6025 6021
3 6026 6021 6022
3 6114 5936 5935
3 6114 5935 6113
3 6147 5490 5491
3 6147 5491 6079
3 5514 5515 6118
3 5514 6118 6114
3 6026 6024 6023
3 6026 6023 6025
3 6084 6052 6046
3 6084 6046 6047
3 6027 6029 6145
3 6027 6145 6081
3 5949 5936 5937
3 5949 5937 5948
3 6147 6079 6078
3 6147 6078 6146
3 5937 6022 6021
3 5937 6021 5948
3 6025 6023 5682
3 6025 5682 5681
3 6027 6081 5948
3 6027 5948 6021
3 6115 6120 5515
3 6115 5515 5514
3 6047 6046 6044
3 6047 6044 6045
3 6043 6042 6038
3 6043 6038 6039
3 6124 5946 5947
3 6124 5947 6126
3 6136 6135 6043
3 6136 6043 6039
3 6116 6076 6054
3 6116 6054 6053
3 6091 6063 5938
3 6091 5938 5411
3 6109 6077 5938
3 6109 5938 5939
3 6142 6047 6045
3 6142 6045 6140
3 6093 6090 6091
3 6093 6091 6092
3 6139 5944 5493
3 6139 5493 5492
3 6113 5411 5938
3 6113 5938 6077
3 6089 6086 6087
3 6089 6087 6088
3 5495 5496 6129
3 5495 6129 6130
3 6113 5935 5412
3 6113 5412 5411
3 6093 6078 6079
3 6093 6079 6080
3 6132 6135 6134
3 6132 6134 6131
3 6144 6142 6140
3 6144 6140 6141
3 6087 6064 6132
3 6087 6132 6088
3 6090 6127 6063
3 6090 6063 6091
3 6109 5939 5940
3 6109 5940 5942
3 6092 6091 5411
3 6092 5411 5412
3 6087 6053 6054
3 6087 6054 6064
3 6092 5950 6078
3 6092 6078 6093
3 6086 6050 6053
3 6086 6053 6087
3 6045 6044 6050
3 6045 6050 6086
3 6116 6053 6050
3 6116 6050 6044
3 5491 5492 6080
3 5491 6080 6079
3 5494 5495 6130
3 5494 6130 6128
3 6141 6139 5492
3 6141 5492 5491
3 6136 6133 6134
3 6136 6134 6135
3 5492 5493 5943
3 5492 5943 6080
3 6063 6127 6126
3 6063 6126 5947
3 5493 5494 6128
3 5493 6128 5943
3 5944 6131 5494
3 5944 5494 5493
3 6088 6132 6131
3 6088 6131 5944
3 6088 5944 6139
3 6088 6139 6089
3 6131 6134 5495
3 6131 5495 5494
3 6090 5943 6128
3 6090 6128 6127
3 6093 6080 5943
3 6093 5943 6090
3 6134 6133 5496
3 6134 5496 5495
3 5947 5939 5938
3 5947 5938 6063
3 5501 5502 6077
3 5501 6077 6109
3 6111 6076 5502
3 6111 5502 5501
3 6113 6077 5502
3 6113 5502 5503
3 6092 5412 5935
3 6092 5935 5950
3 6124 6126 6130
3 6124 6130 6129
3 5946 5940 5939
3 5946 5939 5947
3 6127 6128 6130
3 6127 6130 6126
3 6089 6139 6141
3 6089 6141 6140
3 6064 6054 6042
3 6064 6042 6043
3 6076 6111 6042
3 6076 6042 6054
3 6086 6089 6140
3 6086 6140 6045
3 6064 6043 6135
3 6064 6135 6132
3 6116 5503 5502
3 6116 5502 6076
3 5567 6107 5499
3 5567 5499 5498
3 6094 6137 6121
3 6094 6121 6041
3 5499 5500 6110
3 5499 6110 6106
3 6136 6039 6041
3 6136 6041 6121
3 6107 6112 5500
3 6107 5500 5499
3 6099 5941 5942
3 6099 5942 5945
3 5500 5501 6109
3 5500 6109 6110
3 5945 5942 5940
3 5945 5940 5946
3 6102 5934 5941
3 6102 5941 6099
3 5505 5504 6105
3 5505 6105 6101
3 6109 5942 5941
3 6109 5941 6110
3 6097 6108 5504
3 6097 5504 5505
3 6106 6110 5941
3 6106 5941 5934
3 5505 5506 6098
3 5505 6098 6097
3 6101 6104 5506
3 6101 5506 5505
3 6104 6071 5507
3 6104 5507 5506
3 5519 5507 6071
3 5519 6071 6059
3 6107 5567 6108
3 6107 6108 6049
3 6105 5568 6106
3 6105 6106 5934
3 6096 6074 6138
3 6096 6138 6137
3 6111 6040 6038
3 6111 6038 6042
3 5506 5507 6072
3 5506 6072 6098
3 6136 6121 6122
3 6136 6122 6133
3 6124 6129 6125
3 6124 6125 6123
3 6104 6101 6102
3 6104 6102 6103
3 5497 5527 6075
3 5497 6075 6125
3 6100 6103 6102
3 6100 6102 6099
3 6100 6123 6125
3 6100 6125 6075
3 6104 6103 6073
3 6104 6073 6071
3 6137 6094 6095
3 6137 6095 6096
3 6137 6138 6122
3 6137 6122 6121
3 6096 6098 6072
3 6096 6072 6074
3 5496 5497 6125
3 5496 6125 6129
3 6094 6048 6049
3 6094 6049 6095
3 6133 6122 5497
3 6133 5497 5496
3 6041 6040 6048
3 6041 6048 6094
3 6039 6038 6040
3 6039 6040 6041
3 6122 6138 5527
3 6122 5527 5497
3 5498 5499 6106
3 5498 6106 5568
3 6112 6107 6049
3 6112 6049 6048
3 6112 6111 5501
3 6112 5501 5500
3 5498 5504 6108
3 5498 6108 5567
3 6103 6100 6075
3 6103 6075 6073
3 6098 6096 6095
3 6098 6095 6097
3 6095 6049 6108
3 6095 6108 6097
3 6112 6048 6040
3 6112 6040 6111
3 6099 5945 6123
3 6099 6123 6100
3 5568 6105 5504
3 5568 5504 5498
3 6101 6105 5934
3 6101 5934 6102
3 6124 6123 5945
3 6124 5945 5946
3 5218 5188 5064
3 5218 5064 5063
3 5089 5158 5156
3 5089 5156 5090
3 5060 5218 5217
3 5060 5217 5124
3 5799 5798 5062
3 5799 5062 5122
3 5920 5794 5798
3 5920 5798 5799
3 6037 6036 5797
3 6037 5797 5796
3 5063 5066 5217
3 5063 5217 5218
3 5798 5794 5409
3 5798 5409 5408
3 5800 5408 5409
3 5800 5409 5795
3 5813 5793 5586
3 5813 5586 5583
3 5799 5122 5167
3 5799 5167 5797
3 5813 5699 5792
3 5813 5792 5793
3 5922 5802 5800
3 5922 5800 5795
3 5797 5167 5178
3 5797 5178 5796
3 5792 5699 5701
3 5792 5701 5791
3 5791 5701 5700
3 5791 5700 5789
3 6018 5087 5151
3 6018 5151 6017
3 5922 5586 5793
3 5922 5793 5802
3 6016 5121 5120
3 6016 5120 5802
3 5920 5799 5787
3 5920 5787 5589
3 5802 5120 5064
3 5802 5064 5800
3 6037 5796 5801
3 6037 5801 5790
3 6036 5787 5799
3 6036 5799 5797
3 5798 5408 5188
3 5798 5188 5062
3 5792 6016 5802
3 5792 5802 5793
3 5091 5088 5178
3 5091 5178 5179
3 5792 5791 6017
3 5792 6017 6016
3 6018 5789 5405
3 6018 5405 5059
3 5801 5796 5178
3 5801 5178 5088
3 5166 5179 5178
3 5166 5178 5167
3 5167 5122 5061
3 5167 5061 5166
3 5087 5090 5156
3 5087 5156 5151
3 5121 5151 5156
3 5121 5156 5155
3 5122 5062 5060
3 5122 5060 5061
3 5060 5062 5188
3 5060 5188 5218
3 5091 5179 5180
3 5091 5180 5092
3 5120 5065 5063
3 5120 5063 5064
3 5165 5180 5179
3 5165 5179 5166
3 5060 5124 5125
3 5060 5125 5061
3 5090 5087 5199
3 5090 5199 5200
3 5200 5199 5088
3 5200 5088 5091
3 5801 5059 5405
3 5801 5405 5790
3 6018 5059 5199
3 6018 5199 5087
3 5801 5088 5199
3 5801 5199 5059
3 6017 5151 5121
3 6017 5121 6016
3 5800 5064 5188
3 5800 5188 5408
3 5089 5090 5200
3 5089 5200 5205
3 5121 5155 5065
3 5121 5065 5120
3 5061 5125 5165
3 5061 5165 5166
3 5063 5065 5067
3 5063 5067 5066
3 6037 6035 6034
3 6037 6034 6036
3 5205 5200 5091
3 5205 5091 5092
3 5789 6018 6017
3 5789 6017 5791
3 5071 5072 5159
3 5071 5159 5163
3 5083 5169 5168
3 5083 5168 5081
3 5083 5081 5077
3 5083 5077 5078
3 5117 5075 5076
3 5117 5076 5171
3 5139 5159 5072
3 5139 5072 5075
3 5096 5176 5175
3 5096 5175 5173
3 5115 5080 5140
3 5115 5140 5114
3 5207 5206 5126
3 5207 5126 5096
3 5116 5068 5066
3 5116 5066 5067
3 5075 5072 5073
3 5075 5073 5076
3 5073 5074 5212
3 5073 5212 5213
3 5213 5212 5078
3 5213 5078 5077
3 5096 5126 5177
3 5096 5177 5176
3 5119 5152 5150
3 5119 5150 5118
3 5094 5127 5206
3 5094 5206 5207
3 5076 5073 5213
3 5076 5213 5214
3 5168 5176 5177
3 5168 5177 5140
3 5214 5213 5077
3 5214 5077 5079
3 5112 5123 5172
3 5112 5172 5115
3 5066 5068 5216
3 5066 5216 5217
3 5171 5076 5214
3 5171 5214 5215
3 5115 5172 5079
3 5115 5079 5080
3 5119 5116 5067
3 5119 5067 5157
3 5217 5216 5123
3 5217 5123 5124
3 5140 5080 5081
3 5140 5081 5168
3 5089 5150 5152
3 5089 5152 5158
3 5113 5165 5125
3 5113 5125 5112
3 5169 5175 5176
3 5169 5176 5168
3 5065 5155 5157
3 5065 5157 5067
3 5127 5094 5160
3 5127 5160 5149
3 5139 5149 5160
3 5139 5160 5159
3 5113 5219 5180
3 5113 5180 5165
3 5157 5158 5152
3 5157 5152 5119
3 5113 5114 5220
3 5113 5220 5219
3 5114 5140 5177
3 5114 5177 5220
3 5118 5150 5149
3 5118 5149 5139
3 5117 5171 5068
3 5117 5068 5116
3 5112 5115 5114
3 5112 5114 5113
3 5080 5079 5077
3 5080 5077 5081
3 5092 5220 5177
3 5092 5177 5126
3 5118 5139 5075
3 5118 5075 5117
3 5071 5074 5073
3 5071 5073 5072
3 5094 5162 5164
3 5094 5164 5160
3 5159 5160 5164
3 5159 5164 5163
3 5215 5214 5079
3 5215 5079 5172
3 5068 5171 5215
3 5068 5215 5216
3 5216 5215 5172
3 5216 5172 5123
3 5155 5156 5158
3 5155 5158 5157
3 5092 5180 5219
3 5092 5219 5220
3 5089 5127 5149
3 5089 5149 5150
3 5112 5125 5124
3 5112 5124 5123
3 5089 5205 5206
3 5089 5206 5127
3 5092 5126 5206
3 5092 5206 5205
3 5116 5119 5118
3 5116 5118 5117
3 5203 5204 5100
3 5203 5100 5104
3 5103 5181 5174
3 5103 5174 5106
3 5093 5094 5207
3 5093 5207 5208
3 5208 5207 5096
3 5208 5096 5095
3 5106 5174 5173
3 5106 5173 5170
3 5098 5093 5208
3 5098 5208 5209
3 5071 5163 5161
3 5071 5161 5086
3 5111 5070 5086
3 5111 5086 5161
3 5085 5069 5189
3 5085 5189 5211
3 5211 5189 5128
3 5211 5128 5082
3 5161 5162 5154
3 5161 5154 5111
3 5074 5085 5211
3 5074 5211 5212
3 5111 5154 5153
3 5111 5153 5110
3 5212 5211 5082
3 5212 5082 5078
3 5110 5153 5097
3 5110 5097 5108
3 5170 5173 5175
3 5170 5175 5169
3 5070 5111 5110
3 5070 5110 5109
3 5106 5170 5084
3 5106 5084 5105
3 5202 5201 5131
3 5202 5131 5107
3 5083 5084 5170
3 5083 5170 5169
3 5093 5098 5153
3 5093 5153 5154
3 5163 5164 5162
3 5163 5162 5161
3 5105 5102 5103
3 5105 5103 5106
3 5101 5104 5103
3 5101 5103 5102
3 5070 5069 5085
3 5070 5085 5086
3 5107 5109 5110
3 5107 5110 5108
3 5071 5086 5085
3 5071 5085 5074
3 5108 5097 5204
3 5108 5204 5203
3 5100 5186 5099
3 5100 5099 5181
3 5098 5187 5097
3 5098 5097 5153
3 5143 5131 5201
3 5143 5201 5197
3 5197 5201 5132
3 5197 5132 5144
3 5104 5100 5181
3 5104 5181 5103
3 5099 5095 5174
3 5099 5174 5181
3 5096 5173 5174
3 5096 5174 5095
3 5093 5154 5162
3 5093 5162 5094
3 5101 5102 5130
3 5101 5130 5132
3 5109 5107 5131
3 5109 5131 5129
3 5105 5084 5082
3 5105 5082 5128
3 5083 5078 5082
3 5083 5082 5084
3 5102 5105 5128
3 5102 5128 5130
3 5109 5129 5069
3 5109 5069 5070
3 5101 5132 5201
3 5101 5201 5202
3 5104 5101 5202
3 5104 5202 5203
3 5203 5202 5107
3 5203 5107 5108
3 5209 5208 5095
3 5209 5095 5099
3 5187 5098 5209
3 5187 5209 5210
3 5210 5209 5099
3 5210 5099 5186
3 5186 5100 5204
3 5186 5204 5210
3 5210 5204 5097
3 5210 5097 5187
3 4962 5022 5024
3 4962 5024 5023
3 4963 4933 4928
3 4963 4928 4929
3 4917 4962 5023
3 4917 5023 4918
3 5812 5698 5699
3 5812 5699 5813
3 4918 4905 4906
3 4918 4906 4917
3 5039 5035 5566
3 5039 5566 5565
3 5839 5564 5565
3 5839 5565 5814
3 5649 5563 5564
3 5649 5564 5839
3 5815 5814 5565
3 5815 5565 5566
3 5648 5836 5696
3 5648 5696 5914
3 5693 5692 4862
3 5693 4862 4860
3 5695 5694 4860
3 5695 4860 4862
3 5816 5850 5849
3 5816 5849 5694
3 5705 5697 4917
3 5705 4917 4906
3 5703 5704 5035
3 5703 5035 5039
3 5839 5836 5648
3 5839 5648 5649
3 5816 5694 5695
3 5816 5695 5696
3 5839 5814 5817
3 5839 5817 5836
3 5705 5702 5698
3 5705 5698 5697
3 5704 4996 4885
3 5704 4885 5035
3 5699 5698 5702
3 5699 5702 5701
3 5566 5035 4885
3 5566 4885 4997
3 5812 5852 5697
3 5812 5697 5698
3 4997 4994 4928
3 4997 4928 4933
3 4963 4929 5019
3 4963 5019 4964
3 5703 5700 5701
3 5703 5701 5702
3 4993 4996 4906
3 4993 4906 4905
3 5850 5818 4963
3 5850 4963 4964
3 5038 5039 5565
3 5038 5565 5564
3 5700 5703 5039
3 5700 5039 5038
3 5915 5812 5813
3 5915 5813 5583
3 5812 5693 5851
3 5812 5851 5852
3 5812 5915 5692
3 5812 5692 5693
3 5815 5818 5817
3 5815 5817 5814
3 5817 5816 5696
3 5817 5696 5836
3 5851 4863 4896
3 5851 4896 5022
3 5850 5816 5817
3 5850 5817 5818
3 5852 4962 4917
3 5852 4917 5697
3 5703 5702 5705
3 5703 5705 5704
3 5849 5020 4896
3 5849 4896 4863
3 5850 4964 5020
3 5850 5020 5849
3 4866 4896 5020
3 4866 5020 5021
3 5852 5851 5022
3 5852 5022 4962
3 5849 4863 4860
3 5849 4860 5694
3 5851 5693 4860
3 5851 4860 4863
3 5024 5022 4896
3 5024 4896 4866
3 5705 4906 4996
3 5705 4996 5704
3 5815 5566 4997
3 5815 4997 4933
3 4884 4885 4996
3 4884 4996 4993
3 5818 5815 4933
3 5818 4933 4963
3 4964 5019 5021
3 4964 5021 5020
3 4994 4997 4885
3 4994 4885 4884
3 5024 4866 4867
3 5024 4867 4960
3 5024 4960 4959
3 5024 4959 5023
3 4868 4869 4912
3 4868 4912 4961
3 4968 5016 5018
3 4968 5018 5017
3 4869 4870 5005
3 4869 5005 4912
3 4972 4959 4960
3 4972 4960 4961
3 4877 4878 4958
3 4877 4958 4988
3 4879 4884 4993
3 4879 4993 4992
3 4966 4945 5009
3 4966 5009 4967
3 4971 4865 4904
3 4971 4904 4919
3 4969 5004 4944
3 4969 4944 4970
3 4968 4965 4966
3 4968 4966 4967
3 4929 4928 4926
3 4929 4926 4927
3 4966 4934 4935
3 4966 4935 4945
3 5019 4929 4927
3 5019 4927 5017
3 4957 4990 4924
3 4957 4924 4935
3 4965 4932 4934
3 4965 4934 4966
3 4971 4919 4959
3 4971 4959 4972
3 5021 5019 5017
3 5021 5017 5018
3 4972 4961 4912
3 4972 4912 4969
3 5023 4959 4919
3 5023 4919 4918
3 4944 5004 5003
3 4944 5003 4916
3 4919 4904 4905
3 4919 4905 4918
3 4965 4968 5017
3 4965 5017 4927
3 4993 4905 4904
3 4993 4904 4992
3 4945 4925 5012
3 4945 5012 5009
3 4995 4926 4928
3 4995 4928 4994
3 4967 5009 5008
3 4967 5008 4913
3 4995 4934 4932
3 4995 4932 4926
3 4967 4913 5016
3 4967 5016 4968
3 4867 4868 4961
3 4867 4961 4960
3 5018 5016 4868
3 5018 4868 4867
3 5016 4913 4869
3 5016 4869 4868
3 4988 4958 4907
3 4988 4907 4908
3 4913 5008 4870
3 4913 4870 4869
3 4992 4958 4878
3 4992 4878 4879
3 4992 4864 4907
3 4992 4907 4958
3 4971 4970 4864
3 4971 4864 4865
3 5021 5018 4867
3 5021 4867 4866
3 4870 4871 5007
3 4870 5007 5005
3 5011 5010 4872
3 5011 4872 4871
3 4972 4969 4970
3 4972 4970 4971
3 5008 5011 4871
3 5008 4871 4870
3 4927 4926 4932
3 4927 4932 4965
3 4945 4935 4924
3 4945 4924 4925
3 4969 4912 5005
3 4969 5005 5004
3 4916 4908 4907
3 4916 4907 4944
3 5013 5010 5011
3 5013 5011 5012
3 4871 4872 5006
3 4871 5006 5007
3 4990 4957 4878
3 4990 4878 4877
3 4995 4994 4884
3 4995 4884 4879
3 4925 4924 4920
3 4925 4920 4921
3 5013 5012 4925
3 5013 4925 4921
3 5009 5012 5011
3 5009 5011 5008
3 4995 4879 4878
3 4995 4878 4957
3 4992 4904 4865
3 4992 4865 4864
3 4970 4944 4907
3 4970 4907 4864
3 5004 5005 5007
3 5004 5007 5003
3 4995 4957 4935
3 4995 4935 4934
3 4979 5000 5002
3 4979 5002 4956
3 4882 4883 4953
3 4882 4953 4977
3 4975 4977 4953
3 4975 4953 4955
3 4983 4952 4883
3 4983 4883 4882
3 4983 4982 4954
3 4983 4954 4952
3 4887 4883 4952
3 4887 4952 4940
3 4974 4931 4987
3 4974 4987 4976
3 4941 4953 4883
3 4941 4883 4887
3 4973 4930 4931
3 4973 4931 4974
3 4938 4941 4887
3 4938 4887 4888
3 4874 4880 4987
3 4874 4987 4897
3 4991 4986 4931
3 4991 4931 4930
3 4897 4986 4875
3 4897 4875 4874
3 4976 4987 4880
3 4976 4880 4881
3 4986 4897 4987
3 4986 4987 4931
3 4881 4882 4977
3 4881 4977 4976
3 5001 4915 4916
3 5001 4916 5003
3 4980 4983 4882
3 4980 4882 4881
3 5001 5000 4914
3 5001 4914 4915
3 4939 4899 4889
3 4939 4889 4888
3 4975 4955 5015
3 4975 5015 5014
3 4982 4979 4956
3 4982 4956 4954
3 4973 5014 4998
3 4973 4998 4923
3 4948 4953 4941
3 4948 4941 4942
3 4938 4900 4901
3 4938 4901 4936
3 5013 4921 4923
3 5013 4923 4998
3 4915 4909 4908
3 4915 4908 4916
3 4942 4941 4938
3 4942 4938 4936
3 4981 4903 4910
3 4981 4910 4978
3 4977 4975 4974
3 4977 4974 4976
3 5014 5015 4999
3 5014 4999 4998
3 5001 5006 5002
3 5001 5002 5000
3 4923 4922 4930
3 4923 4930 4973
3 4921 4920 4922
3 4921 4922 4923
3 4978 4914 5000
3 4978 5000 4979
3 4978 4910 4911
3 4978 4911 4914
3 4914 4911 4909
3 4914 4909 4915
3 4872 4873 5002
3 4872 5002 5006
3 5013 4998 4999
3 5013 4999 5010
3 4985 4989 4910
3 4985 4910 4903
3 4983 4980 4981
3 4983 4981 4982
3 5010 4999 4873
3 5010 4873 4872
3 4980 4984 4903
3 4980 4903 4981
3 4999 5015 4895
3 4999 4895 4873
3 4881 4880 4984
3 4881 4984 4980
3 4888 4887 4940
3 4888 4940 4939
3 4888 4889 4900
3 4888 4900 4938
3 4984 4898 4985
3 4984 4985 4903
3 4988 4908 4909
3 4988 4909 4911
3 4990 4922 4920
3 4990 4920 4924
3 5001 5003 5007
3 5001 5007 5006
3 4898 4984 4880
3 4898 4880 4874
3 4991 4930 4922
3 4991 4922 4990
3 4874 4875 4985
3 4874 4985 4898
3 4988 4911 4910
3 4988 4910 4989
3 4875 4876 4989
3 4875 4989 4985
3 4986 4991 4876
3 4986 4876 4875
3 4876 4877 4988
3 4876 4988 4989
3 4979 4982 4981
3 4979 4981 4978
3 4873 4895 4956
3 4873 4956 5002
3 4991 4990 4877
3 4991 4877 4876
3 5014 4973 4974
3 5014 4974 4975
3 5890 5889 5876
3 5890 5876 5875
3 5889 5888 5878
3 5889 5878 5876
3 5888 5882 5877
3 5888 5877 5878
3 5875 5874 5738
3 5875 5738 5735
3 5735 5738 5737
3 5735 5737 5736
3 5738 5874 5871
3 5738 5871 5737
3 5873 5872 5871
3 5873 5871 5874
3 5878 5877 5871
3 5878 5871 5872
3 5881 5880 5883
3 5881 5883 5879
3 5885 5884 5879
3 5885 5879 5883
3 5888 5887 5883
3 5888 5883 5880
3 5888 5880 5881
3 5888 5881 5882
3 5728 5730 5884
3 5728 5884 5676
3 5886 5676 5884
3 5886 5884 5885
3 5734 5733 5729
3 5734 5729 5726
3 5734 5735 5736
3 5734 5736 5733
3 5890 5875 5735
3 5890 5735 5734
3 5736 5737 5871
3 5736 5871 5877
3 5876 5878 5872
3 5876 5872 5873
3 5875 5876 5874
3 5876 5873 5874
3 5886 5885 5883
3 5886 5883 5887
3 5895 5886 5893
3 5886 5887 5893
3 5889 5893 5887
3 5889 5887 5888
3 5733 5882 5881
3 5733 5881 5732
3 5733 5732 5731
3 5733 5731 5729
3 5727 5726 5729
3 5727 5729 5728
3 5728 5729 5731
3 5728 5731 5730
3 5730 5731 5879
3 5730 5879 5884
3 5881 5879 5731
3 5881 5731 5732
3 5733 5736 5877
3 5733 5877 5882
3 5354 5353 5303
3 5354 5303 5309
3 5303 5304 5307
3 5303 5307 5309
3 5293 5294 5302
3 5293 5302 5305
3 5306 5308 5343
3 5306 5343 5346
3 5306 5346 5356
3 5306 5356 5357
3 5307 5345 5344
3 5307 5344 5309
3 5230 5299 5351
3 5230 5351 5350
3 5350 5351 5298
3 5350 5298 5289
3 5357 5356 5345
3 5357 5345 5307
3 5309 5344 5355
3 5309 5355 5354
3 5354 5355 5343
3 5354 5343 5308
3 5357 5358 5305
3 5357 5305 5306
3 5352 5359 5296
3 5352 5296 5297
3 5344 5345 5356
3 5344 5356 5355
3 5343 5355 5356
3 5343 5356 5346
3 5295 5298 5351
3 5295 5351 5359
3 5305 5302 5308
3 5305 5308 5306
3 5290 5292 5297
3 5290 5297 5296
3 5308 5302 5353
3 5308 5353 5354
3 5297 5292 5304
3 5297 5304 5303
3 5307 5304 5358
3 5307 5358 5357
3 5359 5351 5299
3 5359 5299 5296
3 5294 5295 5359
3 5294 5359 5352
3 5230 5290 5296
3 5230 5296 5299
3 5291 5289 5298
3 5291 5298 5295
3 5293 5291 5295
3 5293 5295 5294
3 5302 5294 5352
3 5302 5352 5353
3 5353 5352 5297
3 5353 5297 5303
3 6067 6072 6060
3 6067 6060 6061
3 6071 6070 6062
3 6071 6062 6059
3 6059 6062 6056
3 6059 6056 6058
3 6060 6072 5507
3 6060 5507 5519
3 6070 6069 5518
3 6070 5518 5525
3 5518 5526 6065
3 5518 6065 6068
3 5520 5519 6059
3 5520 6059 6058
3 6057 6060 5519
3 6057 5519 5520
3 6069 6066 5526
3 6069 5526 5518
3 6073 6075 6066
3 6073 6066 6069
3 5580 5522 5521
3 5580 5521 5577
3 5579 5578 5521
3 5579 5521 5522
3 5525 5518 6068
3 5525 6068 6067
3 5520 5521 5578
3 5520 5578 6057
3 5523 5522 5580
3 5523 5580 6056
3 5523 5524 6061
3 5523 6061 6055
3 6058 5577 5521
3 6058 5521 5520
3 6058 6056 5580
3 6058 5580 5577
3 6071 6073 6069
3 6071 6069 6070
3 6074 6072 6067
3 6074 6067 6068
3 6138 6074 6068
3 6138 6068 6065
3 6061 6060 6057
3 6061 6057 6055
3 6055 5579 5522
3 6055 5522 5523
3 6056 6062 5524
3 6056 5524 5523
3 5524 5525 6067
3 5524 6067 6061
3 6062 6070 5525
3 6062 5525 5524
3 5527 5526 6066
3 5527 6066 6075
3 6138 6065 5526
3 6138 5526 5527
3 6057 5578 5579
3 6057 5579 6055
3 5133 5134 5198
3 5133 5198 5191
3 5191 5198 5135
3 5191 5135 5136
3 5183 5184 5195
3 5183 5195 5194
3 5182 5194 5195
3 5182 5195 5185
3 5134 5137 5190
3 5134 5190 5198
3 5142 5143 5146
3 5142 5146 5148
3 5136 5131 5143
3 5136 5143 5142
3 5069 5129 5135
3 5069 5135 5138
3 5132 5133 5141
3 5132 5141 5144
3 5130 5128 5137
3 5130 5137 5134
3 5129 5131 5136
3 5129 5136 5135
3 5189 5190 5137
3 5189 5137 5128
3 5132 5130 5134
3 5132 5134 5133
3 5147 5141 5192
3 5147 5192 5193
3 5145 5147 5182
3 5145 5182 5185
3 5198 5190 5138
3 5198 5138 5135
3 5069 5138 5190
3 5069 5190 5189
3 5192 5191 5136
3 5192 5136 5142
3 5144 5141 5147
3 5144 5147 5145
3 5146 5184 5183
3 5146 5183 5148
3 5141 5133 5191
3 5141 5191 5192
3 5193 5192 5142
3 5193 5142 5148
3 5148 5183 5194
3 5148 5194 5193
3 5193 5194 5182
3 5193 5182 5147
3 5145 5185 5195
3 5145 5195 5196
3 5196 5195 5184
3 5196 5184 5146
3 5146 5143 5197
3 5146 5197 5196
3 5196 5197 5144
3 5196 5144 5145
3 4902 4890 4889
3 4902 4889 4899
3 4901 4900 4889
3 4901 4889 4890
3 4893 4886 4949
3 4893 4949 4948
3 4951 4950 4886
3 4951 4886 4893
3 4940 4943 4937
3 4940 4937 4939
3 4950 4947 4894
3 4950 4894 4886
3 4891 4890 4902
3 4891 4902 4937
3 4936 4901 4890
3 4936 4890 4891
3 4952 4954 4950
3 4952 4950 4951
3 4937 4943 4892
3 4937 4892 4891
3 4892 4893 4948
3 4892 4948 4942
3 4943 4951 4893
3 4943 4893 4892
3 5015 4946 4894
3 5015 4894 4895
3 4939 4937 4902
3 4939 4902 4899
3 4886 4894 4946
3 4886 4946 4949
3 4891 4892 4942
3 4891 4942 4936
3 4955 4953 4948
3 4955 4948 4949
3 4954 4956 4947
3 4954 4947 4950
3 5015 4955 4949
3 5015 4949 4946
3 4952 4951 4943
3 4952 4943 4940
3 4895 4894 4947
3 4895 4947 4956
3 5854 5828 5831
3 5854 5831 5846
3 5539 5538 5440
3 5539 5440 5441
3 5926 5924 5925
3 5926 5925 5582
3 5673 5915 5583
3 5673 5583 5581
3 5048 5049 5656
3 5048 5656 5758
3 5929 5585 5928
3 5929 5928 5927
3 5451 5449 5393
3 5451 5393 5392
3 5784 6169 5435
3 5784 5435 5437
3 5835 5834 5831
3 5835 5831 5830
3 5860 5441 5440
3 5860 5440 5545
3 5924 5674 5673
3 5924 5673 5925
3 5909 5848 5594
3 5909 5594 5593
3 5921 5488 5410
3 5921 5410 5670
3 5432 5433 5853
3 5432 5853 5808
3 5384 5382 5383
3 5384 5383 5385
3 5860 5859 5428
3 5860 5428 5441
3 6161 5512 5457
3 6161 5457 5456
3 5547 5541 5540
3 5547 5540 5546
3 5912 5913 5476
3 5912 5476 5475
3 5743 5747 5657
3 5743 5657 5658
3 5695 5675 5914
3 5695 5914 5696
3 5860 5464 5473
3 5860 5473 5843
3 5672 5928 5585
3 5672 5585 5584
3 5591 5588 5587
3 5591 5587 5590
3 5927 5671 5410
3 5927 5410 5488
3 5833 5856 5433
3 5833 5433 5432
3 5626 5387 5385
3 5626 5385 5624
3 5759 6167 6166
3 5759 6166 5748
3 5397 5391 5026
3 5397 5026 5027
3 5789 5700 5650
3 5789 5650 5651
3 5455 5453 5398
3 5455 5398 5400
3 5912 5593 5594
3 5912 5594 5597
3 5919 5834 5837
3 5919 5837 5917
3 5476 5477 5662
3 5476 5662 5910
3 5475 5476 5910
3 5475 5910 5911
3 5742 5748 6166
3 5742 6166 5745
3 5552 5465 5545
3 5552 5545 5551
3 5913 5663 5477
3 5913 5477 5476
3 5956 5662 5477
3 5956 5477 5414
3 5437 5434 5560
3 5437 5560 5784
3 5535 5384 5386
3 5535 5386 5431
3 5481 5480 5555
3 5481 5555 5571
3 5029 5027 5396
3 5029 5396 5444
3 5486 5485 5547
3 5486 5547 5554
3 5487 5486 5554
3 5487 5554 5570
3 5510 5509 5550
3 5510 5550 5557
3 5558 5551 5509
3 5558 5509 5510
3 5530 5532 5909
3 5530 5909 5593
3 5511 5510 5557
3 5511 5557 5573
3 5552 5473 5464
3 5552 5464 5465
3 6169 6171 6170
3 6169 6170 6168
3 5654 6020 5516
3 5654 5516 5513
3 5957 5414 5477
3 5957 5477 5663
3 5803 5561 5434
3 5803 5434 5437
3 5679 5461 5404
3 5679 5404 5407
3 6119 6019 5516
3 6119 5516 5517
3 5832 5431 5386
3 5832 5386 5391
3 5447 5397 5027
3 5447 5027 5029
3 5555 5548 5855
3 5555 5855 5854
3 5626 5624 5623
3 5626 5623 5625
3 5037 5038 5564
3 5037 5564 5563
3 5932 5931 5532
3 5932 5532 5530
3 5457 5452 5454
3 5457 5454 5456
3 5479 5478 5542
3 5479 5542 5548
3 5550 5544 5543
3 5550 5543 5549
3 5587 5588 5930
3 5587 5930 5669
3 5861 5428 5421
3 5861 5421 5415
3 5437 5435 5625
3 5437 5625 5803
3 5626 5436 5430
3 5626 5430 5387
3 5032 5028 5430
3 5032 5430 5469
3 5661 5645 5842
3 5661 5842 5841
3 5795 5409 5410
3 5795 5410 5671
3 5533 5531 6032
3 5533 6032 5666
3 5918 5571 5846
3 5918 5846 5919
3 5546 5540 5478
3 5546 5478 5479
3 5557 5550 5549
3 5557 5549 5556
3 5427 5415 5421
3 5427 5421 5422
3 5463 5429 5028
3 5463 5028 5032
3 5468 5466 5456
3 5468 5456 5454
3 5644 5646 5647
3 5644 5647 5645
3 5667 6033 5531
3 5667 5531 5533
3 5480 5479 5548
3 5480 5548 5555
3 5573 5557 5556
3 5573 5556 5572
3 5933 5931 5932
3 5933 5932 5591
3 5425 5422 5421
3 5425 5421 5424
3 5435 5436 5626
3 5435 5626 5625
3 5395 5389 5388
3 5395 5388 5394
3 5982 5981 6173
3 5982 6173 6171
3 5030 5031 5459
3 5030 5459 5446
3 5991 5986 5560
3 5991 5560 5805
3 5805 5560 5434
3 5805 5434 5423
3 5658 5657 5748
3 5658 5748 5742
3 5532 5533 5666
3 5532 5666 5909
3 5553 5546 5479
3 5553 5479 5480
3 5668 5933 5591
3 5668 5591 5590
3 5859 5424 5421
3 5859 5421 5428
3 6169 6168 5436
3 6169 5436 5435
3 5396 5390 5389
3 5396 5389 5395
3 5661 5841 5910
3 5661 5910 5662
3 5931 5667 5533
3 5931 5533 5532
3 5832 5391 5397
3 5832 5397 5806
3 5982 6171 6169
3 5982 6169 5784
3 6167 6164 6165
3 6167 6165 6166
3 6031 5668 5590
3 6031 5590 5592
3 5671 5927 5928
3 5671 5928 5672
3 5856 5833 5807
3 5856 5807 5855
3 5805 5423 5422
3 5805 5422 5425
3 5545 5440 5439
3 5545 5439 5543
3 5446 5447 5029
3 5446 5029 5030
3 5932 5923 5588
3 5932 5588 5591
3 5030 5029 5444
3 5030 5444 5445
3 5032 5033 5467
3 5032 5467 5463
3 5548 5542 5856
3 5548 5856 5855
3 5483 5481 5571
3 5483 5571 5918
3 5832 5806 5807
3 5832 5807 5833
3 5592 5590 5587
3 5592 5587 5589
3 6170 5470 5469
3 6170 5469 6168
3 5595 5594 5848
3 5595 5848 5665
3 5041 5040 5466
3 5041 5466 5468
3 5838 5835 5459
3 5838 5459 5562
3 5543 5439 5438
3 5543 5438 5540
3 5827 5655 5049
3 5827 5049 5048
3 5449 5402 5394
3 5449 5394 5393
3 5036 5031 5460
3 5036 5460 5680
3 5453 5451 5392
3 5453 5392 5398
3 5919 5846 5831
3 5919 5831 5834
3 5926 5569 5481
3 5926 5481 5483
3 5829 5828 5807
3 5829 5807 5806
3 6172 5471 5470
3 6172 5470 6170
3 5401 5400 5398
3 5401 5398 5399
3 5665 6030 5596
3 5665 5596 5595
3 5561 5426 5423
3 5561 5423 5434
3 5860 5545 5465
3 5860 5465 5464
3 5442 5395 5394
3 5442 5394 5402
3 5562 5459 5031
3 5562 5031 5036
3 5571 5555 5854
3 5571 5854 5846
3 5427 5422 5423
3 5427 5423 5426
3 5924 5926 5483
3 5924 5483 5482
3 5854 5855 5807
3 5854 5807 5828
3 5932 5573 5572
3 5932 5572 5923
3 5913 5912 5597
3 5913 5597 5847
3 5861 5539 5441
3 5861 5441 5428
3 5983 5425 5424
3 5983 5424 5977
3 5545 5543 5544
3 5545 5544 5508
3 5444 5396 5395
3 5444 5395 5442
3 5829 5806 5397
3 5829 5397 5447
3 5979 5844 5576
3 5979 5576 5857
3 5559 5552 5551
3 5559 5551 5558
3 6030 5665 5666
3 6030 5666 6032
3 5664 5847 5597
3 5664 5597 5598
3 5978 5977 5424
3 5978 5424 5859
3 5543 5540 5541
3 5543 5541 5484
3 5469 5470 5033
3 5469 5033 5032
3 5598 5597 5594
3 5598 5594 5595
3 5599 5598 5595
3 5599 5595 5596
3 5549 5543 5484
3 5549 5484 5485
3 5917 5916 5918
3 5917 5918 5919
3 5575 5559 5558
3 5575 5558 5574
3 5958 5664 5598
3 5958 5598 5599
3 5856 5542 5478
3 5856 5478 5540
3 5830 5829 5447
3 5830 5447 5446
3 5033 5034 5468
3 5033 5468 5467
3 5863 5862 5561
3 5863 5561 5803
3 5911 5842 5840
3 5911 5840 5845
3 5912 5575 5574
3 5912 5574 5593
3 5857 5845 5745
3 5857 5745 5744
3 5991 5805 5425
3 5991 5425 5983
3 5461 5460 5445
3 5461 5445 5443
3 5470 5471 5034
3 5470 5034 5033
3 5922 5672 5584
3 5922 5584 5586
3 5586 5584 5581
3 5586 5581 5583
3 5845 5840 5742
3 5845 5742 5745
3 5444 5442 5443
3 5444 5443 5445
3 5036 5037 5563
3 5036 5563 5562
3 5569 5553 5480
3 5569 5480 5481
3 5556 5549 5485
3 5556 5485 5486
3 5840 5647 5658
3 5840 5658 5742
3 5680 5650 5037
3 5680 5037 5036
3 5959 5644 5645
3 5959 5645 5661
3 5485 5484 5541
3 5485 5541 5547
3 5572 5556 5486
3 5572 5486 5487
3 5859 5860 5843
3 5859 5843 5978
3 5986 5985 5981
3 5986 5981 5982
3 5743 5658 5647
3 5743 5647 5646
3 5451 5450 5448
3 5451 5448 5449
3 5487 5489 5923
3 5487 5923 5572
3 5674 5692 5915
3 5674 5915 5673
3 6162 5653 5652
3 6162 5652 6160
3 5458 5450 5452
3 5458 5452 5457
3 5463 5400 5401
3 5463 5401 5429
3 5835 5830 5446
3 5835 5446 5459
3 5650 5700 5038
3 5650 5038 5037
3 5570 5929 5489
3 5570 5489 5487
3 6019 5790 5652
3 6019 5652 5653
3 5467 5455 5400
3 5467 5400 5463
3 5040 5050 6163
3 5040 6163 5466
3 5930 5588 5923
3 5930 5923 5921
3 5489 5488 5921
3 5489 5921 5923
3 6037 5790 6019
3 6037 6019 6035
3 5402 5403 5443
3 5402 5443 5442
3 6167 5759 5050
3 6167 5050 5040
3 5929 5927 5488
3 5929 5488 5489
3 5517 5516 6020
3 5517 6020 6117
3 6163 5655 5654
3 6163 5654 6161
3 5645 5647 5840
3 5645 5840 5842
3 5453 5452 5450
3 5453 5450 5451
3 5449 5448 5403
3 5449 5403 5402
3 5509 5508 5544
3 5509 5544 5550
3 5462 5448 5450
3 5462 5450 5458
3 6020 5654 5655
3 6020 5655 5827
3 5663 5664 5958
3 5663 5958 5957
3 5837 5648 5914
3 5837 5914 5917
3 5455 5454 5452
3 5455 5452 5453
3 5403 5404 5461
3 5403 5461 5443
3 6164 6167 5040
3 6164 5040 5041
3 5831 5828 5829
3 5831 5829 5830
3 5551 5545 5508
3 5551 5508 5509
3 6026 6022 6117
3 6026 6117 6020
3 6026 6020 5827
3 6026 5827 6024
3 5648 5837 5838
3 5648 5838 5649
3 5468 5454 5455
3 5468 5455 5467
3 5986 5982 5784
3 5986 5784 5560
3 5448 5462 5404
3 5448 5404 5403
3 5959 5661 5662
3 5959 5662 5956
3 5759 5748 5657
3 5759 5657 5656
3 5407 5404 5462
3 5407 5462 6160
3 5027 5026 5390
3 5027 5390 5396
3 5745 6166 6165
3 5745 6165 5744
3 6031 6033 5667
3 6031 5667 5668
3 6163 6161 5456
3 6163 5456 5466
3 5538 5537 5439
3 5538 5439 5440
3 5924 5482 4861
3 5924 4861 5674
3 5445 5460 5031
3 5445 5031 5030
3 5835 5838 5837
3 5835 5837 5834
3 5922 5795 5671
3 5922 5671 5672
3 5680 5460 5461
3 5680 5461 5679
3 5406 5405 5789
3 5406 5789 5651
3 5537 5536 5438
3 5537 5438 5439
3 5655 6163 5050
3 5655 5050 5049
3 5916 5675 4861
3 5916 4861 5482
3 5680 5679 5651
3 5680 5651 5650
3 5574 5558 5510
3 5574 5510 5511
3 5670 5794 5920
3 5670 5920 5669
3 5472 5473 5552
3 5472 5552 5559
3 6160 5462 5458
3 6160 5458 6162
3 5911 5845 5857
3 5911 5857 5576
3 5652 5790 5405
3 5652 5405 5406
3 5853 5433 5438
3 5853 5438 5536
3 5399 5398 5394
3 5399 5394 5388
3 5917 5914 5675
3 5917 5675 5916
3 5530 5511 5573
3 5530 5573 5932
3 5979 5978 5843
3 5979 5843 5844
3 5838 5562 5563
3 5838 5563 5649
3 5844 5843 5473
3 5844 5473 5472
3 5913 5847 5664
3 5913 5664 5663
3 6162 5458 5457
3 6162 5457 5512
3 5407 5406 5651
3 5407 5651 5679
3 5398 5392 5393
3 5398 5393 5394
3 5918 5916 5482
3 5918 5482 5483
3 5593 5574 5511
3 5593 5511 5530
3 5474 5472 5559
3 5474 5559 5575
3 5665 5848 5909
3 5665 5909 5666
3 5554 5547 5546
3 5554 5546 5553
3 5911 5910 5841
3 5911 5841 5842
3 6160 5652 5406
3 6160 5406 5407
3 5856 5540 5438
3 5856 5438 5433
3 5430 5391 5386
3 5430 5386 5387
3 5656 5657 5747
3 5656 5747 5758
3 5695 4862 4861
3 5695 4861 5675
3 5049 5050 5759
3 5049 5759 5656
3 5669 5920 5589
3 5669 5589 5587
3 5513 5512 6161
3 5513 6161 5654
3 5576 5844 5472
3 5576 5472 5474
3 5667 5931 5933
3 5667 5933 5668
3 5570 5554 5553
3 5570 5553 5569
3 5585 5582 5581
3 5585 5581 5584
3 6168 5469 5430
3 6168 5430 5436
3 5692 5674 4861
3 5692 4861 4862
3 5429 5401 5389
3 5429 5389 5390
3 5653 6162 5512
3 5653 5512 5513
3 5474 5475 5911
3 5474 5911 5576
3 5921 5670 5669
3 5921 5669 5930
3 5929 5570 5569
3 5929 5569 5926
3 6173 6172 6170
3 6173 6170 6171
3 5581 5582 5925
3 5581 5925 5673
3 5794 5670 5410
3 5794 5410 5409
3 5431 5432 5808
3 5431 5808 5535
3 5401 5399 5388
3 5401 5388 5389
3 5026 5028 5429
3 5026 5429 5390
3 5863 5803 5625
3 5863 5625 5623
3 5513 5516 6019
3 5513 6019 5653
3 5575 5912 5475
3 5575 5475 5474
3 5929 5926 5582
3 5929 5582 5585
3 5832 5833 5432
3 5832 5432 5431
3 5387 5386 5384
3 5387 5384 5385
3 5391 5430 5028
3 5391 5028 5026
3 4459 4284 4285
3 4459 4285 4455
3 4463 4459 4455
3 4463 4455 4461
3 4681 4680 4465
3 4681 4465 4467
3 4679 4678 4460
3 4679 4460 4462
3 4782 4546 4681
3 4782 4681 4682
3 4467 4465 4464
3 4467 4464 4466
3 4779 4568 4777
3 4779 4777 4778
3 4682 4681 4467
3 4682 4467 4468
3 4468 4467 4466
3 4468 4466 4569
3 4683 4682 4468
3 4683 4468 4568
3 4780 4684 4685
3 4780 4685 4783
3 4777 4568 4468
3 4777 4468 4569
3 4779 4684 4683
3 4779 4683 4568
3 4603 4604 4776
3 4603 4776 4687
3 4788 4785 4786
3 4788 4786 4787
3 4463 4462 4460
3 4463 4460 4459
3 4602 4784 4686
3 4602 4686 4603
3 4686 4788 4604
3 4686 4604 4603
3 4604 4788 4787
3 4604 4787 4605
3 4684 4779 4785
3 4684 4785 4685
3 4680 4545 4679
3 4680 4679 4462
3 4774 4602 4603
3 4774 4603 4687
3 4685 4785 4788
3 4685 4788 4686
3 4465 4463 4461
3 4465 4461 4464
3 4781 4782 4682
3 4781 4682 4683
3 4779 4778 4786
3 4779 4786 4785
3 4784 4783 4685
3 4784 4685 4686
3 4680 4462 4463
3 4680 4463 4465
3 4681 4546 4545
3 4681 4545 4680
3 4781 4683 4684
3 4781 4684 4780
3 4776 4604 4605
3 4776 4605 4775
3 4460 4458 4457
3 4460 4457 4459
3 4459 4457 4243
3 4459 4243 4284
3 4457 4453 4456
3 4457 4456 4243
3 4718 4453 4457
3 4718 4457 4458
3 6578 6574 6467
3 6578 6467 6576
3 6573 6462 6430
3 6573 6430 6429
3 6579 6575 6576
3 6579 6576 6467
3 6466 6583 6579
3 6466 6579 6467
3 6582 6466 6467
3 6582 6467 6574
3 6581 6573 6429
3 6581 6429 6580
3 6578 6596 6595
3 6578 6595 6577
3 6585 6584 6581
3 6585 6581 6580
3 4728 4539 4537
3 4728 4537 4533
3 4543 4533 4537
3 4543 4537 4542
3 4737 4533 4543
3 4737 4543 4736
3 4722 4543 4542
3 4722 4542 4544
3 4736 4543 4722
3 4736 4722 4730
3 4734 4733 4729
3 4734 4729 4739
3 4739 4729 4737
3 4739 4737 4738
3 4738 4737 4736
3 4738 4736 4665
3 4738 4665 4727
3 4738 4727 4726
3 4794 4735 4600
3 4794 4600 4599
3 4735 4724 4601
3 4735 4601 4600
3 4724 4784 4602
3 4724 4602 4601
3 4665 4736 4730
3 4665 4730 4666
3 4784 4724 4731
3 4784 4731 4783
3 4735 4734 4731
3 4735 4731 4724
3 4726 4732 4739
3 4726 4739 4738
3 4781 4780 4732
3 4781 4732 4726
3 4600 4601 4723
3 4600 4723 4725
3 4601 4602 4774
3 4601 4774 4723
3 4599 4600 4725
3 4599 4725 4795
3 4781 4726 4727
3 4781 4727 4782
3 4737 4729 4728
3 4737 4728 4533
3 4732 4731 4734
3 4732 4734 4739
3 4780 4783 4731
3 4780 4731 4732
3 4794 4733 4734
3 4794 4734 4735
3 4569 4466 4551
3 4569 4551 4550
3 4777 4569 4550
3 4777 4550 4566
3 4566 4550 4837
3 4566 4837 4838
3 4837 4550 4565
3 4837 4565 4567
3 4719 4741 4786
3 4719 4786 4778
3 4841 4567 4565
3 4841 4565 4814
3 4778 4777 4566
3 4778 4566 4719
3 4845 4844 4741
3 4845 4741 4719
3 4845 4719 4566
3 4845 4566 4838
3 4561 4092 4091
3 4561 4091 4518
3 4562 4561 4518
3 4562 4518 4511
3 4091 4094 4717
3 4091 4717 4518
3 4453 4718 4094
3 4453 4094 4091
3 4093 4094 4718
3 4093 4718 4676
3 4456 4453 4091
3 4456 4091 4092
3 4675 4717 4094
3 4675 4094 4093
3 4115 4102 4442
3 4115 4442 4503
3 4506 4443 4102
3 4506 4102 4115
3 4102 4116 4504
3 4102 4504 4442
3 4443 4511 4116
3 4443 4116 4102
3 4114 4115 4503
3 4114 4503 4502
3 4505 4506 4115
3 4505 4115 4114
3 4116 4117 4510
3 4116 4510 4504
3 4511 4518 4117
3 4511 4117 4116
3 4518 4717 4119
3 4518 4119 4117
3 4118 4119 4717
3 4118 4717 4675
3 4123 4128 4507
3 4123 4507 4444
3 4442 4444 4507
3 4442 4507 4503
3 4504 4508 4444
3 4504 4444 4442
3 4445 4443 4506
3 4445 4506 4268
3 4562 4511 4443
3 4562 4443 4445
3 4718 4458 4677
3 4718 4677 4676
3 4502 4501 4492
3 4502 4492 4493
3 4507 4501 4502
3 4507 4502 4503
3 4678 4677 4458
3 4678 4458 4460
3 6591 6471 4678
3 6591 4678 4679
3 4782 4727 4706
3 4782 4706 4546
3 6473 6472 6471
3 6473 6471 6591
3 4727 4665 4666
3 4727 4666 4706
3 6470 4677 4678
3 6470 4678 6471
3 6603 6575 6424
3 6603 6424 6422
3 6556 6530 6473
3 6556 6473 6476
3 6424 6423 6421
3 6424 6421 6422
3 6474 6475 4730
3 6474 4730 4722
3 6603 6593 6576
3 6603 6576 6575
3 4676 6469 6378
3 4676 6378 4093
3 6525 6381 6380
3 6525 6380 6468
3 6470 6468 6380
3 6470 6380 6469
3 6379 6375 6478
3 6379 6478 6378
3 6382 6376 6375
3 6382 6375 6379
3 6379 6378 6469
3 6379 6469 6380
3 6382 6379 6380
3 6382 6380 6381
3 4093 6378 6478
3 4093 6478 4675
3 6431 4544 6422
3 6431 6422 6421
3 6421 6423 6430
3 6421 6430 6431
3 6423 6424 6429
3 6423 6429 6430
3 4722 4544 6431
3 4722 6431 6474
3 6474 6431 6430
3 6474 6430 6462
3 6530 6529 6472
3 6530 6472 6473
3 6591 4679 4545
3 6591 4545 6432
3 4706 6432 4545
3 4706 4545 4546
3 4706 6433 6476
3 4706 6476 6432
3 6591 6432 6476
3 6591 6476 6473
3 4706 4666 6454
3 4706 6454 6433
3 6556 6476 6433
3 6556 6433 6434
3 6455 6434 6433
3 6455 6433 6454
3 4666 4730 6475
3 4666 6475 6454
3 6463 6455 6454
3 6463 6454 6475
3 6455 6463 6555
3 6455 6555 6456
3 6573 6555 6463
3 6573 6463 6462
3 6462 6463 6475
3 6462 6475 6474
3 6578 6576 6593
3 6578 6593 6596
3 6468 6472 6529
3 6468 6529 6525
3 6468 6470 6471
3 6468 6471 6472
3 6469 4676 4677
3 6469 4677 6470
3 4814 4565 4564
3 4814 4564 4757
3 4757 4756 4815
3 4757 4815 4814
3 4758 4763 4762
3 4758 4762 4760
3 4757 4758 4760
3 4757 4760 4756
3 4756 4760 4759
3 4756 4759 4755
3 4763 4764 4766
3 4763 4766 4762
3 4760 4762 4761
3 4760 4761 4759
3 4762 4766 4765
3 4762 4765 4761
3 4766 4559 4558
3 4766 4558 4765
3 4766 4764 4348
3 4766 4348 4559
3 4773 4560 4348
3 4773 4348 4764
3 4773 4548 4547
3 4773 4547 4454
3 4547 4461 4455
3 4547 4455 4454
3 4552 4464 4461
3 4552 4461 4547
3 4552 4551 4466
3 4552 4466 4464
3 4552 4547 4548
3 4552 4548 4549
3 4758 4757 4564
3 4758 4564 4549
3 4564 4551 4552
3 4564 4552 4549
3 4763 4758 4549
3 4763 4549 4548
3 4773 4764 4763
3 4773 4763 4548
3 4565 4550 4551
3 4565 4551 4564
3 5862 5684 5426
3 5862 5426 5561
3 5866 5427 5426
3 5866 5426 5684
3 5865 5618 5611
3 5865 5611 5864
3 5870 5534 5535
3 5870 5535 5808
3 5870 5620 5621
3 5870 5621 5534
3 5869 5853 5536
3 5869 5536 5613
3 5864 5613 5536
3 5864 5536 5537
3 5622 5382 5534
3 5622 5534 5621
3 5865 5864 5537
3 5865 5537 5538
3 5617 5383 5615
3 5617 5615 5616
3 5867 5865 5538
3 5867 5538 5539
3 5622 5615 5383
3 5622 5383 5382
3 5868 5867 5539
3 5868 5539 5861
3 5535 5534 5382
3 5535 5382 5384
3 5864 5611 5612
3 5864 5612 5613
3 5624 5385 5383
3 5624 5383 5617
3 5869 5613 5612
3 5869 5612 5614
3 5868 5861 5415
3 5868 5415 5417
3 5870 5869 5614
3 5870 5614 5620
3 5863 5617 5616
3 5863 5616 5631
3 5863 5623 5624
3 5863 5624 5617
3 5867 5619 5618
3 5867 5618 5865
3 5868 5627 5619
3 5868 5619 5867
3 5869 5870 5808
3 5869 5808 5853
3 5863 5631 5630
3 5863 5630 5862
3 5862 5630 5629
3 5862 5629 5684
3 5866 5684 5629
3 5866 5629 5628
3 5417 5415 5427
3 5417 5427 5866
3 5416 5417 5866
3 5416 5866 5628
3 5627 5868 5417
3 5627 5417 5416
3 4605 4787 4742
3 4605 4742 4606
3 4606 4742 4743
3 4606 4743 4607
3 4743 4740 4608
3 4743 4608 4607
3 4740 4040 4058
3 4740 4058 4608
3 4040 4740 4846
3 4040 4846 4020
3 4743 4844 4846
3 4743 4846 4740
3 4608 4058 4032
3 4608 4032 4809
3 4607 4608 4809
3 4607 4809 4808
3 4787 4786 4741
3 4787 4741 4742
3 4775 4605 4606
3 4775 4606 4745
3 4743 4742 4741
3 4743 4741 4844
3 4808 4745 4606
3 4808 4606 4607
3 4688 4751 4579
3 4751 4576 4579
3 4577 4576 4751
3 4577 4751 4744
3 4753 4748 4576
3 4753 4576 4577
3 4577 4578 4754
3 4577 4754 4753
3 4744 4746 4578
3 4744 4578 4577
3 4581 4578 4746
3 4581 4746 4810
3 4813 4754 4578
3 4813 4578 4581
3 4580 4579 4747
3 4579 4689 4747
3 4752 4688 4579
3 4752 4579 4580
3 4589 4591 4690
3 4591 4749 4690
3 4689 4748 4589
3 4748 4591 4589
3 4595 4593 4754
3 4595 4754 4813
3 4590 4589 4690
3 4590 4690 4750
3 4592 4591 4748
3 4592 4748 4753
3 4593 4592 4753
3 4593 4753 4754
3 4687 4776 4751
3 4687 4751 4688
3 4690 4749 4830
3 4690 4830 4691
3 4750 4829 4821
3 4750 4821 4716
3 4775 4744 4751
3 4775 4751 4776
3 4775 4745 4746
3 4775 4746 4744
3 4810 4746 4745
3 4810 4745 4808
3 4750 4690 4691
3 4750 4691 4829
3 4774 4687 4688
3 4774 4688 4752
3 4747 4689 4589
3 4747 4589 4590
3 4586 4590 4750
3 4586 4750 4716
3 4579 4576 4748
3 4579 4748 4689
3 4588 4587 4715
3 4588 4715 4714
3 4713 4712 4587
3 4713 4587 4588
3 4832 4749 4591
3 4832 4591 4592
3 4834 4832 4592
3 4834 4592 4593
3 4723 4709 4710
3 4723 4710 4725
3 4774 4752 4709
3 4774 4709 4723
3 4725 4710 4708
3 4725 4708 4795
3 4715 4824 4823
3 4715 4823 4714
3 4716 4821 4824
3 4716 4824 4715
3 4573 4575 4712
3 4573 4712 4713
3 4708 4710 4575
3 4708 4575 4573
3 4574 4580 4747
3 4574 4747 4711
3 4709 4752 4580
3 4709 4580 4574
3 4575 4574 4711
3 4575 4711 4712
3 4710 4709 4574
3 4710 4574 4575
3 4587 4586 4716
3 4587 4716 4715
3 4712 4711 4586
3 4712 4586 4587
3 4711 4747 4590
3 4711 4590 4586
3 7726 7704 7709
3 7726 7709 7717
3 7697 7696 7670
3 7697 7670 7671
3 7682 7680 7689
3 7682 7689 7691
3 7710 7702 7680
3 7710 7680 7682
3 7672 7671 7721
3 7672 7721 7692
3 7681 7682 7691
3 7681 7691 7690
3 7698 7697 7671
3 7698 7671 7672
3 7711 7710 7682
3 7711 7682 7681
3 7683 7685 7689
3 7683 7689 7688
3 7692 7721 7685
3 7692 7685 7683
3 7685 7687 7691
3 7685 7691 7689
3 7675 7674 7722
3 7675 7722 7723
3 7721 7719 7687
3 7721 7687 7685
3 7686 7687 7719
3 7686 7719 7720
3 7724 7718 7674
3 7724 7674 7675
3 7690 7691 7686
3 7691 7687 7686
3 7723 7735 7676
3 7723 7676 7675
3 7716 7712 7708
3 7716 7708 7707
3 7708 7705 7706
3 7708 7706 7707
3 7672 7674 7718
3 7672 7718 7698
3 7709 7704 7706
3 7709 7706 7705
3 7692 7722 7674
3 7692 7674 7672
3 7727 7726 7717
3 7727 7717 7725
3 7692 7693 7694
3 7692 7694 7722
3 7670 7673 7720
3 7670 7720 7719
3 7735 7694 7732
3 7735 7732 7736
3 7735 7723 7722
3 7735 7722 7694
3 7705 7697 7698
3 7705 7698 7709
3 7671 7670 7719
3 7671 7719 7721
3 7680 7679 7688
3 7680 7688 7689
3 7705 7708 7696
3 7705 7696 7697
3 7699 7715 7716
3 7699 7716 7707
3 7703 7714 7715
3 7703 7715 7699
3 7708 7712 7713
3 7708 7713 7696
3 7698 7718 7717
3 7698 7717 7709
3 7706 7700 7699
3 7706 7699 7707
3 7700 7701 7703
3 7700 7703 7699
3 7702 7710 7703
3 7702 7703 7701
3 7714 7703 7710
3 7714 7710 7711
3 7725 7717 7718
3 7725 7718 7724
3 4803 7724 7675
3 4803 7675 7676
3 4803 4804 7725
3 4803 7725 7724
3 4728 7727 7725
3 4728 7725 4804
3 4728 4729 7726
3 4728 7726 7727
3 7696 7713 7673
3 7696 7673 7670
3 4729 4733 7704
3 4729 7704 7726
3 4733 4794 7706
3 4733 7706 7704
3 4798 7733 7702
3 4798 7702 7701
3 4797 4798 7701
3 4797 7701 7700
3 4794 4797 7700
3 4794 7700 7706
3 7702 7733 7679
3 7702 7679 7680
3 3976 5636 5988
3 3976 5988 4006
3 3976 4007 5987
3 3976 5987 5636
3 4002 5809 5987
3 4002 5987 4007
3 5635 5634 5963
3 5635 5963 6005
3 4002 4003 5906
3 4002 5906 5809
3 5999 6002 5634
3 5999 5634 5635
3 3977 5638 5906
3 3977 5906 4003
3 5964 5660 5659
3 5964 5659 5643
3 3977 4054 5905
3 3977 5905 5638
3 5638 5637 5809
3 5638 5809 5906
3 5905 5810 5637
3 5905 5637 5638
3 5639 5637 5810
3 5639 5810 5965
3 5987 5809 5637
3 5987 5637 5639
3 5641 5642 6004
3 5641 6004 6005
3 6008 6007 5642
3 6008 5642 5641
3 5640 5639 5965
3 5640 5965 5966
3 5963 5987 5639
3 5963 5639 5640
3 5641 5640 5966
3 5641 5966 6008
3 6005 5963 5640
3 6005 5640 5641
3 5659 6004 5642
3 5659 5642 5643
3 5418 5420 6015
3 5418 6015 6010
3 5964 5902 5903
3 5964 5903 5660
3 5903 5902 5420
3 5903 5420 5418
3 5643 5642 6007
3 5643 6007 5964
3 5962 6001 5990
3 5962 5990 5678
3 5632 5633 6004
3 5632 6004 5659
3 6014 6011 6010
3 6014 6010 6015
3 5633 5635 6005
3 5633 6005 6004
3 6002 5999 6000
3 6002 6000 6001
3 5901 5999 5635
3 5901 5635 5633
3 5990 6001 6000
3 5990 6000 5989
3 5962 5988 6002
3 5962 6002 6001
3 4004 5962 5678
3 4004 5678 4005
3 5636 5634 6002
3 5636 6002 5988
3 4004 4006 5988
3 4004 5988 5962
3 5987 5963 5634
3 5987 5634 5636
3 5689 6011 6014
3 5689 6014 6009
3 5995 5690 5687
3 5995 5687 5996
3 5689 6009 5687
3 5689 5687 5690
3 5998 5995 5996
3 5998 5996 5997
3 4008 5691 5686
3 4008 5686 4049
3 5998 5997 5686
3 5998 5686 5691
3 916 1857 4060
3 916 4060 4030
3 917 1869 4062
3 917 4062 4031
3 1869 916 4030
3 1869 4030 4062
3 918 1870 1869
3 918 1869 917
3 1870 915 916
3 1870 916 1869
3 4581 4582 4812
3 4581 4812 4813
3 4810 4811 4582
3 4810 4582 4581
3 4582 4062 4030
3 4582 4030 4812
3 4811 4031 4062
3 4811 4062 4582
3 4812 4030 4060
3 4812 4060 4594
3 4813 4812 4594
3 4813 4594 4595
3 4032 4031 4811
3 4032 4811 4809
3 4032 919 917
3 4032 917 4031
3 4809 4811 4810
3 4809 4810 4808
3 919 920 918
3 919 918 917
3 915 1856 1857
3 915 1857 916
3 1203 1879 4063
3 1203 4063 4043
3 1879 1202 4042
3 1879 4042 4063
3 4571 4570 4699
3 4571 4699 4700
3 1880 1206 1207
3 1880 1207 1881
3 1161 1878 1880
3 1161 1880 1205
3 1878 1166 1206
3 1878 1206 1880
3 1202 1879 1881
3 1202 1881 1207
3 4572 4570 4702
3 4572 4702 4703
3 4704 4699 4570
3 4704 4570 4572
3 4573 4571 4700
3 4573 4700 4708
3 4713 4701 4571
3 4713 4571 4573
3 1879 1203 1204
3 1879 1204 1881
3 901 1201 4041
3 901 4041 4027
3 4701 4702 4570
3 4701 4570 4571
3 1202 947 4036
3 1202 4036 4042
3 4572 4063 4042
3 4572 4042 4704
3 1208 1201 901
3 1208 901 900
3 4703 4043 4063
3 4703 4063 4572
3 946 947 1202
3 946 1202 1207
3 4585 4583 4698
3 4585 4698 4705
3 943 946 1207
3 943 1207 1206
3 4585 4061 4043
3 4585 4043 4703
3 1209 1208 900
3 1209 900 906
3 4588 4584 4701
3 4588 4701 4713
3 1160 1209 906
3 1160 906 905
3 4714 4697 4584
3 4714 4584 4588
3 944 943 1206
3 944 1206 1166
3 4584 4583 4702
3 4584 4702 4701
3 1205 1880 1881
3 1205 1881 1204
3 1857 902 4025
3 1857 4025 4060
3 4697 4698 4583
3 4697 4583 4584
3 1201 1866 4061
3 1201 4061 4041
3 1866 1203 4043
3 1866 4043 4061
3 1863 1161 1205
3 1863 1205 1867
3 4705 4041 4061
3 4705 4061 4585
3 4594 4060 4025
3 4594 4025 4826
3 1867 1205 1204
3 1867 1204 1868
3 4714 4823 4822
3 4714 4822 4697
3 4703 4702 4583
3 4703 4583 4585
3 4697 4822 4828
3 4697 4828 4698
3 4796 4700 4699
3 4796 4699 4793
3 1209 1867 1868
3 1209 1868 1208
3 4793 4699 4704
3 4793 4704 4792
3 4698 4828 4827
3 4698 4827 4705
3 1160 1863 1867
3 1160 1867 1209
3 4704 4042 4036
3 4704 4036 4792
3 4827 4027 4041
3 4827 4041 4705
3 1203 1866 1868
3 1203 1868 1204
3 4795 4708 4700
3 4795 4700 4796
3 1866 1201 1208
3 1866 1208 1868
3 5994 5685 5686
3 5994 5686 5997
3 1492 1480 1439
3 1492 1439 1438
3 5969 5904 5902
3 5969 5902 5964
3 1483 1491 1490
3 1483 1490 1484
3 5993 5996 5687
3 5993 5687 5688
3 1484 1490 1437
3 1484 1437 1442
3 6013 5688 5687
3 6013 5687 6009
3 1484 1442 1487
3 1484 1487 1485
3 5907 5811 5810
3 5907 5810 5905
3 1483 1484 1485
3 1483 1485 1486
3 5968 5965 5810
3 5968 5810 5811
3 1480 1481 1482
3 1480 1482 1439
3 6014 6015 6012
3 6014 6012 5677
3 1451 1455 1456
3 1451 1456 1452
3 6006 6007 6008
3 6006 6008 6003
3 1451 1452 1449
3 1451 1449 1448
3 5994 5997 5996
3 5994 5996 5993
3 1439 1442 1437
3 1439 1437 1438
3 5967 6003 6008
3 5967 6008 5966
3 1431 1796 1433
3 1431 1433 1430
3 5968 5967 5966
3 5968 5966 5965
3 1796 1797 1561
3 1796 1561 1433
3 5964 6007 6006
3 5964 6006 5969
3 1562 1802 1481
3 1562 1481 1480
3 4054 4055 5907
3 4054 5907 5905
3 1483 1486 1657
3 1483 1657 1658
3 4648 4649 5994
3 4648 5994 5993
3 4626 4642 5968
3 4626 5968 5811
3 1483 1658 1659
3 1483 1659 1491
3 4642 4643 5967
3 4642 5967 5968
3 1556 1559 1659
3 1556 1659 1658
3 4641 6003 5967
3 4641 5967 4643
3 4055 4054 1559
3 4055 1559 1556
3 4641 4644 6006
3 4641 6006 6003
3 1432 1784 1783
3 1432 1783 1560
3 4644 4645 5969
3 4644 5969 6006
3 1432 1436 1785
3 1432 1785 1784
3 1452 1784 1785
3 1452 1785 1449
3 4047 4048 5685
3 4047 5685 4622
3 1452 1456 1783
3 1452 1783 1784
3 4622 5685 5994
3 4622 5994 4649
3 1480 1492 1564
3 1480 1564 1562
3 1451 1787 1788
3 1451 1788 1455
3 4623 4648 5993
3 4623 5993 5688
3 1451 1448 1786
3 1451 1786 1787
3 1432 1560 1797
3 1432 1797 1796
3 4623 5688 6013
3 4623 6013 4630
3 4621 4630 6013
3 4621 6013 5677
3 1431 1436 1432
3 1431 1432 1796
3 4621 5677 6012
3 4621 6012 4629
3 4047 1788 1787
3 4047 1787 4048
3 4137 4629 6012
3 4137 6012 5419
3 4048 1787 1786
3 4048 1786 4049
3 4137 5419 5904
3 4137 5904 4616
3 1564 3319 3320
3 1564 3320 1562
3 4616 5904 5969
3 4616 5969 4645
3 3319 1430 1433
3 3319 1433 3320
3 1562 3320 3323
3 1562 3323 1802
3 3320 1433 1561
3 3320 1561 3323
3 5420 5419 6012
3 5420 6012 6015
3 4048 4049 5686
3 4048 5686 5685
3 5902 5904 5419
3 5902 5419 5420
3 6014 5677 6013
3 6014 6013 6009
3 1482 1487 1442
3 1482 1442 1439
3 4052 4632 5908
3 4052 5908 4053
3 4631 5907 5908
3 4631 5908 4632
3 4626 5811 5907
3 4626 5907 4631
3 1554 1555 1556
3 1554 1556 1557
3 1555 1554 4052
3 1555 4052 4053
3 1556 1658 1657
3 1556 1657 1557
3 4055 1556 1555
3 4055 1555 4053
3 4053 5908 5907
3 4053 5907 4055
3 4694 4693 4820
3 4694 4820 4818
3 4663 4652 4098
3 4663 4098 4099
3 1494 1803 4013
3 1494 4013 4012
3 4695 4692 4816
3 4695 4816 4755
3 4046 4634 4097
3 4046 4097 4086
3 4100 4099 4624
3 4100 4624 4625
3 1494 4012 4011
3 1494 4011 1495
3 1985 4013 3948
3 1985 3948 1986
3 1605 1488 1485
3 1605 1485 1487
3 4105 4106 4469
3 4105 4469 4614
3 4653 4663 4099
3 4653 4099 4100
3 1488 1605 4010
3 1488 4010 4009
3 4625 4630 4621
3 4625 4621 4620
3 1605 1487 1482
3 1605 1482 1495
3 1212 910 908
3 1212 908 1213
3 1271 3958 3957
3 1271 3957 1809
3 4044 1213 908
3 4044 908 4029
3 4615 4014 4106
3 4615 4106 4105
3 4636 4693 4694
3 4636 4694 4635
3 1211 996 912
3 1211 912 1214
3 4096 4097 4634
3 4096 4634 4647
3 3949 1803 3324
3 3949 3324 3959
3 1803 3949 3948
3 1803 3948 4013
3 4044 4029 4820
3 4044 4820 4693
3 1212 1214 912
3 1212 912 910
3 4104 4103 4620
3 4104 4620 4633
3 1482 1481 1494
3 1482 1494 1495
3 1488 4009 1211
3 1488 1211 1489
3 4095 4104 4633
3 4095 4633 4136
3 4620 4621 4629
3 4620 4629 4633
3 1798 1553 1561
3 1798 1561 1797
3 1488 1489 1486
3 1488 1486 1485
3 4640 4018 4017
3 4640 4017 4628
3 985 986 1981
3 985 1981 1980
3 1457 1458 1456
3 1457 1456 1455
3 4616 4615 4136
3 4616 4136 4137
3 986 1210 1985
3 986 1985 1981
3 1802 3323 3324
3 1802 3324 1803
3 4046 4086 3957
3 4046 3957 1552
3 4051 1550 1213
3 4051 1213 4044
3 4765 4558 4554
3 4765 4554 4696
3 3323 1561 1553
3 3323 1553 3324
3 4051 4636 4632
3 4051 4632 4052
3 1550 1551 1212
3 1550 1212 1213
3 4046 4047 4622
3 4046 4622 4634
3 1262 3950 3951
3 1262 3951 1799
3 4659 4619 4103
3 4659 4103 4104
3 1489 1211 1214
3 1489 1214 1656
3 4086 4050 1809
3 4086 1809 3957
3 992 996 1211
3 992 1211 4009
3 4640 4639 4695
3 4640 4695 4018
3 3950 1553 1798
3 3950 1798 3951
3 4628 4637 4644
3 4628 4644 4641
3 1764 1798 1797
3 1764 1797 1560
3 1489 1656 1657
3 1489 1657 1486
3 4761 4017 4018
3 4761 4018 4759
3 3949 1804 2097
3 3949 2097 3948
3 1551 1557 1657
3 1551 1657 1656
3 1799 3951 3954
3 1799 3954 1268
3 4647 4649 4648
3 4647 4648 4646
3 1551 1656 1214
3 1551 1214 1212
3 3951 1798 1764
3 3951 1764 3954
3 1494 1481 1802
3 1494 1802 1803
3 1268 3954 3955
3 1268 3955 1258
3 4614 4135 4095
3 4614 4095 4105
3 4137 4136 4633
3 4137 4633 4629
3 1764 1560 1783
3 1764 1783 1782
3 3954 1764 1782
3 3954 1782 3955
3 4647 4634 4622
3 4647 4622 4649
3 1458 1782 1783
3 1458 1783 1456
3 4637 4628 4017
3 4637 4017 4016
3 4628 4641 4643
3 4628 4643 4640
3 4638 4015 4014
3 4638 4014 4615
3 1258 3955 3956
3 1258 3956 1269
3 1269 3956 3958
3 1269 3958 1271
3 4696 4554 4014
3 4696 4014 4015
3 4646 4648 4623
3 4646 4623 4624
3 3955 1782 1458
3 3955 1458 3956
3 4051 4052 1554
3 4051 1554 1550
3 4625 4624 4623
3 4625 4623 4630
3 4554 4553 4106
3 4554 4106 4014
3 4638 4615 4616
3 4638 4616 4645
3 4765 4696 4015
3 4765 4015 4016
3 986 990 4010
3 986 4010 4011
3 4635 4694 4692
3 4635 4692 4627
3 4635 4631 4632
3 4635 4632 4636
3 4765 4016 4017
3 4765 4017 4761
3 4105 4095 4136
3 4105 4136 4615
3 986 4011 4012
3 986 4012 1210
3 4635 4627 4626
3 4635 4626 4631
3 4639 4642 4626
3 4639 4626 4627
3 3956 1458 1457
3 3956 1457 3958
3 4103 4100 4625
3 4103 4625 4620
3 4135 4659 4104
3 4135 4104 4095
3 1495 4011 4010
3 1495 4010 1605
3 3325 3959 3950
3 3325 3950 1262
3 1551 1550 1554
3 1551 1554 1557
3 4051 4044 4693
3 4051 4693 4636
3 4098 4096 4647
3 4098 4647 4646
3 3959 3324 1553
3 3959 1553 3950
3 4759 4018 4695
3 4759 4695 4755
3 1210 4012 4013
3 1210 4013 1985
3 3958 1457 1552
3 3958 1552 3957
3 4638 4637 4016
3 4638 4016 4015
3 4046 1552 1788
3 4046 1788 4047
3 4652 4650 4096
3 4652 4096 4098
3 1804 3949 3959
3 1804 3959 3325
3 4640 4643 4642
3 4640 4642 4639
3 4086 4097 4609
3 4086 4609 4050
3 4650 4609 4097
3 4650 4097 4096
3 4644 4637 4638
3 4644 4638 4645
3 4619 4653 4100
3 4619 4100 4103
3 4694 4818 4816
3 4694 4816 4692
3 990 992 4009
3 990 4009 4010
3 1457 1455 1788
3 1457 1788 1552
3 4099 4098 4646
3 4099 4646 4624
3 4639 4627 4692
3 4639 4692 4695
3 926 925 929
3 926 929 927
3 2018 2005 923
3 2018 923 2016
3 926 2006 2017
3 926 2017 2018
3 7661 2016 4072
3 7661 4072 7662
3 4805 4539 4728
3 4805 4728 4804
3 4538 4072 4033
3 4538 4033 4807
3 923 2019 4073
3 923 4073 4033
3 6604 4541 4534
3 6604 4534 4532
3 2003 2005 2018
3 2003 2018 2017
3 924 7653 7661
3 924 7661 1240
3 2019 2026 4074
3 2019 4074 4073
3 7677 7676 7735
3 7677 7735 7736
3 2019 2020 2025
3 2019 2025 2026
3 926 927 1090
3 926 1090 2006
3 921 2004 2014
3 921 2014 922
3 6604 6603 6422
3 6604 6422 4541
3 2003 2004 2020
3 2003 2020 2005
3 7653 925 2016
3 7653 2016 7661
3 4535 4073 4074
3 4535 4074 4531
3 4535 4531 4532
3 4535 4532 4534
3 4803 7676 7677
3 4803 7677 4806
3 2005 2020 2019
3 2005 2019 923
3 4544 4542 4541
3 4544 4541 6422
3 921 2025 2020
3 921 2020 2004
3 7736 7695 7669
3 7736 7669 7677
3 4540 4807 4535
3 4540 4535 4534
3 4805 4536 4537
3 4805 4537 4539
3 925 7653 7654
3 925 7654 929
3 2001 2014 2004
3 2001 2004 2003
3 4542 4540 4534
3 4542 4534 4541
3 4807 4033 4073
3 4807 4073 4535
3 4538 4806 7677
3 4538 7677 7669
3 4805 4806 4538
3 4805 4538 4536
3 2016 923 4033
3 2016 4033 4072
3 7653 924 928
3 7653 928 7654
3 4805 4804 4803
3 4805 4803 4806
3 4542 4537 4536
3 4542 4536 4540
3 4045 7662 7669
3 4045 7669 7695
3 4536 4538 4807
3 4536 4807 4540
3 926 2018 2016
3 926 2016 925
3 1240 7661 7662
3 1240 7662 4045
3 4072 4538 7669
3 4072 7669 7662
3 4524 4523 4530
3 4524 4530 4529
3 6601 6600 4519
3 6601 4519 4522
3 930 931 932
3 930 932 933
3 4523 4522 4801
3 4523 4801 4530
3 4801 4067 4075
3 4801 4075 4530
3 934 2034 2035
3 934 2035 931
3 2033 2028 2027
3 2033 2027 2034
3 931 2035 2038
3 931 2038 932
3 2027 2028 4076
3 2027 4076 4075
3 2034 2027 936
3 2034 936 2035
3 6602 6599 6600
3 6602 6600 6601
3 4530 4075 4076
3 4530 4076 4529
3 6598 6601 4522
3 6598 4522 4523
3 936 2027 4075
3 936 4075 4067
3 942 1836 1835
3 942 1835 945
3 1838 4059 4036
3 1838 4036 947
3 942 941 1837
3 942 1837 1836
3 4798 4597 4596
3 4798 4596 4799
3 940 7651 7652
3 940 7652 938
3 4034 7734 4799
3 4034 4799 4035
3 939 941 940
3 939 940 938
3 1837 1838 947
3 1837 947 946
3 4797 4598 4597
3 4797 4597 4798
3 7642 7665 7652
3 7642 7652 7651
3 4798 4799 7734
3 4798 7734 7733
3 4797 4794 4599
3 4797 4599 4598
3 938 7652 7664
3 938 7664 4034
3 7663 7668 7678
3 7663 7678 7664
3 939 938 4034
3 939 4034 4035
3 7733 7734 7678
3 7733 7678 7679
3 7663 7664 7652
3 7663 7652 7665
3 4034 7664 7678
3 4034 7678 7734
3 941 939 1838
3 941 1838 1837
3 4596 4792 4036
3 4596 4036 4059
3 7688 7679 7678
3 7688 7678 7668
3 4597 4793 4792
3 4597 4792 4596
3 1836 943 944
3 1836 944 1835
3 939 4035 4059
3 939 4059 1838
3 4598 4796 4793
3 4598 4793 4597
3 1836 1837 946
3 1836 946 943
3 4799 4596 4059
3 4799 4059 4035
3 4598 4599 4795
3 4598 4795 4796
3 948 951 2036
3 948 2036 1238
3 948 1238 1239
3 948 1239 954
3 936 4067 4077
3 936 4077 2037
3 932 2038 2036
3 932 2036 951
3 4789 4667 4532
3 4789 4532 4531
3 1239 1238 955
3 1239 955 956
3 952 955 1238
3 952 1238 2036
3 4801 4522 4519
3 4801 4519 4520
3 4790 4069 4068
3 4790 4068 4791
3 6597 6596 6593
3 6597 6593 6592
3 4801 4520 4077
3 4801 4077 4067
3 956 955 4069
3 956 4069 4070
3 4791 4520 4519
3 4791 4519 4521
3 4789 4070 4069
3 4789 4069 4790
3 6600 6599 6595
3 6600 6595 6594
3 6604 4532 4667
3 6604 4667 6592
3 955 952 4068
3 955 4068 4069
3 4667 4789 4790
3 4667 4790 4668
3 4791 4068 4077
3 4791 4077 4520
3 6597 4668 4521
3 6597 4521 6594
3 6604 6592 6593
3 6604 6593 6603
3 6597 6592 4667
3 6597 4667 4668
3 948 949 950
3 948 950 951
3 956 2026 2025
3 956 2025 1239
3 952 2037 4077
3 952 4077 4068
3 6600 6594 4521
3 6600 4521 4519
3 6597 6594 6595
3 6597 6595 6596
3 921 922 953
3 921 953 954
3 956 4070 4074
3 956 4074 2026
3 952 2036 2038
3 952 2038 2037
3 4791 4521 4668
3 4791 4668 4790
3 932 951 950
3 932 950 933
3 921 954 1239
3 921 1239 2025
3 936 2037 2038
3 936 2038 2035
3 4789 4531 4074
3 4789 4074 4070
3 948 954 953
3 948 953 949
3 2023 7646 7647
3 2023 7647 2024
3 958 7666 7646
3 958 7646 2023
3 4038 7728 7668
3 4038 7668 7663
3 7693 7692 7683
3 7693 7683 7684
3 7646 7666 961
3 7646 961 7665
3 4037 7730 7729
3 4037 7729 4039
3 959 1240 4045
3 959 4045 4037
3 958 960 961
3 958 961 7666
3 7688 7668 7684
3 7688 7684 7683
3 4037 4045 7695
3 4037 7695 7730
3 959 4037 4039
3 959 4039 960
3 7732 7731 7729
3 7732 7729 7730
3 7732 7694 7693
3 7732 7693 7731
3 957 924 1240
3 957 1240 959
3 7732 7730 7695
3 7732 7695 7736
3 957 958 2023
3 957 2023 2022
3 7684 7668 7728
3 7684 7728 7667
3 961 960 4039
3 961 4039 4038
3 957 959 960
3 957 960 958
3 961 4038 7663
3 961 7663 7665
3 7731 7693 7684
3 7731 7684 7667
3 7731 7667 7728
3 7731 7728 7729
3 7642 7647 7646
3 7642 7646 7665
3 4038 4039 7729
3 4038 7729 7728
3 3128 2965 2963
3 3128 2963 3066
3 1976 3025 3034
3 1976 3034 3004
3 3067 2958 3117
3 3067 3117 3113
3 2896 3036 3037
3 2896 3037 2900
3 2964 3067 3113
3 2964 3113 3128
3 3036 2893 2901
3 3036 2901 3037
3 3139 3088 3075
3 3139 3075 3136
3 3038 2890 2893
3 3038 2893 3036
3 3135 3074 3089
3 3135 3089 3141
3 3036 2896 2895
3 3036 2895 3038
3 3137 3092 3074
3 3137 3074 3135
3 2970 3045 3038
3 2970 3038 2895
3 3136 3075 3092
3 3136 3092 3137
3 2890 3038 3045
3 2890 3045 2968
3 3088 3139 3138
3 3088 3138 3129
3 2958 3043 3045
3 2958 3045 2970
3 3034 3152 3149
3 3034 3149 3004
3 3039 1976 3004
3 3039 3004 3048
3 3003 3148 3154
3 3003 3154 3035
3 1977 1978 3006
3 1977 3006 3005
3 2978 2963 2965
3 2978 2965 2979
3 3077 3006 2942
3 3077 2942 3060
3 3088 3023 2900
3 3088 2900 3075
3 3148 3135 3141
3 3148 3141 3154
3 3074 2901 3024
3 3074 3024 3089
3 3048 3150 3148
3 3048 3148 3003
3 3092 3037 2901
3 3092 2901 3074
3 3150 3137 3135
3 3150 3135 3148
3 3075 2900 3037
3 3075 3037 3092
3 3004 3149 3150
3 3004 3150 3048
3 3019 3105 3106
3 3019 3106 3020
3 3149 3136 3137
3 3149 3137 3150
3 2894 3107 3108
3 2894 3108 2897
3 3152 3034 3124
3 3152 3124 3151
3 3107 3021 3022
3 3107 3022 3108
3 3138 3139 3152
3 3138 3152 3151
3 2897 3108 3109
3 2897 3109 2902
3 3077 2903 2902
3 3077 2902 3076
3 3108 3022 3023
3 3108 3023 3109
3 3005 3006 3077
3 3005 3077 3076
3 3110 3024 3020
3 3110 3020 3106
3 2894 2898 3128
3 2894 3128 3113
3 3138 3151 3124
3 3138 3124 3005
3 3030 3116 3105
3 3030 3105 3019
3 3152 3139 3136
3 3152 3136 3149
3 2894 2897 2898
3 2897 2899 2898
3 3005 3076 3129
3 3005 3129 3138
3 3113 3117 3107
3 3113 3107 2894
3 2897 2902 2903
3 2897 2903 2899
3 2942 3006 1978
3 2942 1978 3962
3 3117 3031 3021
3 3117 3021 3107
3 2899 2903 2909
3 2899 2909 2910
3 3025 2121 3124
3 3025 3124 3034
3 2898 2899 2910
3 2898 2910 2979
3 2121 1977 3005
3 2121 3005 3124
3 2890 3019 3020
3 2890 3020 2893
3 2902 3109 3129
3 2902 3129 3076
3 3021 2895 2896
3 3021 2896 3022
3 3109 3023 3088
3 3109 3088 3129
3 3022 2896 2900
3 3022 2900 3023
3 3024 3110 3130
3 3024 3130 3089
3 3024 2901 2893
3 3024 2893 3020
3 2898 2979 2965
3 2898 2965 3128
3 3019 2890 2968
3 3019 2968 3030
3 3043 2956 2968
3 3043 2968 3045
3 2958 2970 3031
3 2958 3031 3117
3 2956 3027 3030
3 2956 3030 2968
3 3031 2970 2895
3 3031 2895 3021
3 2903 3077 3060
3 2903 3060 2909
3 2984 3964 3965
3 2984 3965 2917
3 3118 3032 3033
3 3118 3033 3120
3 2956 3064 3087
3 2956 3087 3027
3 3069 3002 3001
3 3069 3001 2972
3 3964 2947 2918
3 3964 2918 3965
3 3064 2961 3028
3 3064 3028 3087
3 3028 2961 2976
3 3028 2976 3032
3 3028 3114 3127
3 3028 3127 3087
3 3042 3090 3061
3 3042 3061 2947
3 2964 3029 3115
3 2964 3115 3119
3 2110 3059 2942
3 2110 2942 3962
3 3966 3058 2917
3 3966 2917 3965
3 3114 2962 3065
3 3114 3065 3127
3 3090 3040 2948
3 3090 2948 3061
3 3032 2976 2985
3 3032 2985 3033
3 2952 3062 3090
3 2952 3090 3042
3 2948 3040 3041
3 2948 3041 2949
3 2915 3058 3966
3 2915 3966 3059
3 2966 2980 3073
3 2966 3073 3069
3 3062 2951 3040
3 3062 3040 3090
3 3040 2951 2950
3 3040 2950 3041
3 3069 2959 3068
3 3069 3068 2966
3 3049 3046 3041
3 3049 3041 2950
3 2994 3002 3069
3 2994 3069 3073
3 3091 3044 2961
3 3091 2961 3064
3 3046 2975 2949
3 3046 2949 3041
3 3119 3121 3123
3 3119 3123 3047
3 2958 3067 3091
3 2958 3091 3043
3 2961 3044 3047
3 2961 3047 2976
3 2963 2978 3119
3 2963 3119 3115
3 2911 3053 3054
3 2911 3054 2915
3 3044 2964 3119
3 3044 3119 3047
3 3087 3127 3112
3 3087 3112 3027
3 3043 3091 3064
3 3043 3064 2956
3 2995 2996 2994
3 2995 2994 3073
3 3053 2912 3054
3 2912 2914 3054
3 2976 3047 3123
3 2976 3123 2985
3 3073 2980 3072
3 3073 3072 2995
3 2908 3002 2994
3 2908 2994 3051
3 2907 2982 2914
3 2907 2914 2912
3 2985 3123 3126
3 2985 3126 3122
3 2955 2952 3094
3 2955 3094 3095
3 2907 2908 3051
3 2907 3051 2982
3 3033 2985 3122
3 3033 3122 2990
3 2983 2982 3096
3 2983 3096 3097
3 2906 3052 3053
3 2906 3053 2911
3 3120 3033 2990
3 3120 2990 2992
3 2984 2983 3097
3 2984 3097 3098
3 3052 2905 2912
3 3052 2912 3053
3 2967 2962 2977
3 2967 2977 2981
3 2995 2955 3095
3 2995 3095 3100
3 2916 2915 3054
3 2916 3054 2914
3 2980 2966 2967
3 2980 2967 2981
3 2996 2995 3100
3 2996 3100 3101
3 2909 3056 3057
3 2909 3057 2910
3 2993 2954 2988
3 2993 2988 2991
3 2994 2996 3101
3 2994 3101 3102
3 3056 2919 2941
3 3056 2941 3057
3 3066 2963 3115
3 3066 3115 3029
3 3042 2947 3099
3 3042 3099 3103
3 2915 2916 2917
3 2915 2917 3058
3 3127 3065 2957
3 3127 2957 3112
3 2964 3044 3091
3 2964 3091 3067
3 2952 3042 3103
3 2952 3103 3094
3 2919 3055 3061
3 2919 3061 2948
3 3049 2993 2990
3 3049 2990 3122
3 3051 2994 3102
3 3051 3102 3104
3 3055 2918 2947
3 3055 2947 3061
3 2989 3072 2980
3 2989 2980 2981
3 2982 3051 3104
3 2982 3104 3096
3 2951 3062 3063
3 2951 3063 2953
3 2981 2977 3118
3 2981 3118 3120
3 3062 2952 2955
3 3062 2955 3063
3 3059 3966 2918
3 3966 3965 2918
3 2991 2988 2989
3 2991 2989 2981
3 3065 2962 2967
3 3065 2967 3070
3 2947 3964 3967
3 2947 3967 3099
3 2981 3120 2992
3 2981 2992 2991
3 3055 2919 3056
3 3055 3056 3093
3 3964 2984 3098
3 3964 3098 3967
3 3126 3018 2975
3 3126 2975 3046
3 2918 3055 3093
3 2918 3093 3059
3 2907 2912 2905
3 2907 2905 2913
3 3046 3049 3122
3 3046 3122 3126
3 3093 3056 2909
3 3093 2909 3060
3 2941 2919 2948
3 2941 2948 2949
3 2986 2987 3018
3 2986 3018 3126
3 3059 3093 3060
3 3059 3060 2942
3 2110 3050 2915
3 2110 2915 3059
3 2950 2951 2953
3 2950 2953 2954
3 2911 2915 3050
3 2911 3050 3009
3 3126 3123 3121
3 3126 3121 2986
3 2953 3063 3072
3 2953 3072 2989
3 2974 3071 3057
3 2974 3057 2941
3 2949 2975 2974
3 2949 2974 2941
3 2986 3121 3119
3 2986 3119 2978
3 3071 2979 2910
3 3071 2910 3057
3 2954 2993 3049
3 2954 3049 2950
3 3128 3066 3029
3 3128 3029 2964
3 2916 2914 2982
3 2916 2982 2983
3 2987 2986 2978
3 2987 2978 2979
3 3063 2955 2995
3 3063 2995 3072
3 2916 2983 2984
3 2916 2984 2917
3 2957 3065 3070
3 2957 3070 2960
3 3071 2974 2975
3 3071 2975 3018
3 2962 3114 3118
3 2962 3118 2977
3 2960 3070 3068
3 2960 3068 2959
3 2927 3001 3002
3 2927 3002 2908
3 3018 2987 2979
3 3018 2979 3071
3 3114 3028 3032
3 3114 3032 3118
3 3070 2967 2966
3 3070 2966 3068
3 2990 2993 2991
3 2990 2991 2992
3 2954 2953 2989
3 2954 2989 2988
3 2924 3081 3082
3 2924 3082 2925
3 3000 1981 1985
3 3000 1985 1986
3 2921 2920 2922
3 2921 2922 2923
3 2907 2913 2921
3 2907 2921 2908
3 3081 3012 3013
3 3081 3013 3082
3 1984 3008 2111
3 1984 2111 2112
3 2908 2921 2923
3 2908 2923 2927
3 2928 2926 2929
3 2928 2929 2930
3 3013 1980 1981
3 3013 1981 3014
3 2926 2924 2925
3 2926 2925 2929
3 3011 1979 2945
3 3011 2945 3012
3 1979 3011 3010
3 1979 3010 1984
3 2927 2923 2926
3 2927 2926 2928
3 2906 3008 1984
3 2906 1984 3010
3 3080 3011 3012
3 3080 3012 3081
3 1986 3948 3946
3 1986 3946 2068
3 2921 2913 2905
3 2921 2905 2920
3 2922 3080 3081
3 2922 3081 2924
3 2925 3082 3083
3 2925 3083 2931
3 2930 2929 2925
3 2930 2925 2931
3 3052 2906 3010
3 3052 3010 3079
3 2920 3079 3080
3 2920 3080 2922
3 3083 3082 3013
3 3083 3013 3014
3 2905 3052 3079
3 2905 3079 2920
3 1982 3000 1986
3 1982 1986 2068
3 978 1979 1984
3 978 1984 2112
3 3008 2906 2911
3 3008 2911 3009
3 3079 3010 3011
3 3079 3011 3080
3 2923 2922 2924
3 2923 2924 2926
3 3012 2945 1980
3 3012 1980 3013
3 2904 3110 3106
3 2904 3106 2892
3 2934 2936 2973
3 2934 2973 2971
3 2997 2930 2931
3 2997 2931 2999
3 3143 3014 3017
3 3143 3017 3145
3 2934 2935 2937
3 2934 2937 2936
3 2938 3084 3078
3 2938 3078 2904
3 3132 3144 3146
3 3132 3146 3133
3 3116 2969 2891
3 3116 2891 3105
3 3131 3143 3134
3 3131 3134 3085
3 3140 3153 3154
3 3140 3154 3141
3 3015 2946 2944
3 3015 2944 3007
3 2935 2932 2939
3 2935 2939 2940
3 3144 3016 3015
3 3144 3015 3146
3 2928 2998 3001
3 2928 3001 2927
3 2935 2940 2938
3 2935 2938 2937
3 2959 2971 2973
3 2959 2973 2960
3 3147 3134 3143
3 3147 3143 3145
3 2946 3015 3016
3 2946 3016 1983
3 3145 3016 3144
3 3145 3144 3147
3 2931 3083 3131
3 2931 3131 2999
3 2932 2997 2999
3 2932 2999 2939
3 2930 2997 2998
3 2930 2998 2928
3 3112 2957 2969
3 3112 2969 3116
3 3078 3142 3140
3 3078 3140 3130
3 2971 2959 3069
3 2971 3069 2972
3 3153 3125 3035
3 3153 3035 3154
3 3145 1982 1983
3 3145 1983 3016
3 2940 3086 3084
3 2940 3084 2938
3 2939 3085 3086
3 2939 3086 2940
3 3110 2904 3078
3 3110 3078 3130
3 3133 3146 3155
3 3133 3155 3142
3 2891 2969 2973
3 2891 2973 2936
3 3142 3155 3153
3 3142 3153 3140
3 3014 1981 3000
3 3014 3000 3017
3 1982 3145 3017
3 1982 3017 3000
3 3105 2891 2892
3 3105 2892 3106
3 2999 3131 3085
3 2999 3085 2939
3 3084 3133 3142
3 3084 3142 3078
3 2934 2933 2932
3 2934 2932 2935
3 3146 3015 3007
3 3146 3007 3155
3 3027 3112 3116
3 3027 3116 3030
3 2969 2957 2960
3 2969 2960 2973
3 3155 3007 3125
3 3155 3125 3153
3 2932 2933 2998
3 2932 2998 2997
3 3085 3134 3132
3 3085 3132 3086
3 2891 2936 2937
3 2891 2937 2892
3 3134 3147 3144
3 3134 3144 3132
3 3086 3132 3133
3 3086 3133 3084
3 2937 2938 2904
3 2937 2904 2892
3 3014 3143 3131
3 3014 3131 3083
3 2933 2972 3001
3 2933 3001 2998
3 3130 3140 3141
3 3130 3141 3089
3 2934 2971 2972
3 2934 2972 2933
3 935 982 4071
3 935 4071 4066
3 2031 937 981
3 2031 981 2032
3 937 983 979
3 937 979 981
3 935 4066 4076
3 935 4076 2028
3 935 2031 2032
3 935 2032 982
3 2028 2033 2031
3 2028 2031 935
3 2033 1237 937
3 2033 937 2031
3 937 1237 1236
3 937 1236 983
3 1002 1003 1001
3 1002 1001 1000
3 1945 1946 1958
3 1945 1958 1954
3 1946 1944 1957
3 1946 1957 1958
3 1957 1005 1242
3 1957 1242 1956
3 1953 1955 1960
3 1953 1960 1959
3 1955 1956 1961
3 1955 1961 1960
3 1956 1242 1004
3 1956 1004 1961
3 1954 1958 1955
3 1954 1955 1953
3 1958 1957 1956
3 1958 1956 1955
3 1960 2011 2009
3 1960 2009 1959
3 2011 997 1962
3 2011 1962 2009
3 1961 2010 2011
3 1961 2011 1960
3 2010 1000 997
3 2010 997 2011
3 1004 2007 2010
3 1004 2010 1961
3 2007 1002 1000
3 2007 1000 2010
3 1945 1954 1953
3 1945 1953 1947
3 1959 2009 3910
3 1959 3910 3908
3 1953 1959 3908
3 1953 3908 3911
3 3909 3910 3914
3 3909 3914 3913
3 3910 2009 3916
3 3910 3916 3914
3 999 3916 2009
3 999 2009 1962
3 997 998 1962
3 998 999 1962
3 1000 1001 998
3 1000 998 997
3 1026 1027 1028
3 1026 1028 1029
3 1030 1026 1029
3 1030 1029 1031
3 1032 1030 1031
3 1032 1031 1033
3 1247 1248 1030
3 1247 1030 1032
3 1248 1249 1026
3 1248 1026 1030
3 1249 1250 1027
3 1249 1027 1026
3 1034 1035 1248
3 1034 1248 1247
3 998 1001 1036
3 998 1036 1035
3 1001 1003 1037
3 1001 1037 1036
3 999 998 1035
3 999 1035 1034
3 1035 1036 1249
3 1035 1249 1248
3 1036 1037 1250
3 1036 1250 1249
3 1027 1038 1039
3 1027 1039 1028
3 1250 1251 1038
3 1250 1038 1027
3 1003 1006 1044
3 1003 1044 1037
3 1014 1246 1245
3 1014 1245 1043
3 1037 1044 1251
3 1037 1251 1250
3 1253 1252 1043
3 1253 1043 1245
3 1040 1252 1253
3 1040 1253 1993
3 1040 1993 1042
3 1040 1042 1041
3 1006 1014 1043
3 1006 1043 1044
3 1043 1252 1251
3 1043 1251 1044
3 1038 1251 1252
3 1038 1252 1040
3 1038 1040 1041
3 1038 1041 1039
3 1033 1031 1051
3 1033 1051 1052
3 1052 1051 1053
3 1052 1053 1054
3 1051 1050 1055
3 1051 1055 1053
3 1050 1049 1056
3 1050 1056 1055
3 1029 1028 1049
3 1029 1049 1050
3 1057 1058 1055
3 1057 1055 1056
3 1059 1060 1054
3 1059 1054 1053
3 1058 1059 1053
3 1058 1053 1055
3 1061 1062 1063
3 1061 1063 1064
3 1059 1061 1064
3 1059 1064 1060
3 1058 1067 1061
3 1058 1061 1059
3 1067 1068 1062
3 1067 1062 1061
3 1069 1067 1058
3 1069 1058 1057
3 1067 1069 3917
3 1067 3917 1068
3 1031 1029 1050
3 1031 1050 1051
3 1028 1039 1070
3 1028 1070 1049
3 1041 1042 1072
3 1041 1072 1071
3 1049 1070 1075
3 1049 1075 1056
3 1076 1074 1073
3 1076 1073 1077
3 1057 1056 1075
3 1057 1075 1078
3 1039 1041 1071
3 1039 1071 1070
3 1070 1071 1074
3 1070 1074 1075
3 1071 1072 1073
3 1071 1073 1074
3 1074 1076 1078
3 1074 1078 1075
3 1068 3917 3926
3 1068 3926 3925
3 3925 3926 3928
3 3925 3928 3927
3 1076 1077 3928
3 1076 3928 3926
3 1076 3926 3917
3 1076 3917 1078
3 1057 1078 3917
3 1057 3917 1069
3 983 984 980
3 983 980 979
3 984 1098 1097
3 984 1097 980
3 983 1236 1235
3 983 1235 984
3 1097 1098 2043
3 1097 2043 2042
3 3937 2056 1188
3 3937 1188 3935
3 1188 2056 2057
3 1188 2057 2054
3 2043 3328 3339
3 2043 3339 2042
3 3328 2054 2057
3 3328 2057 3339
3 1143 3915 1173
3 1143 1173 1144
3 1134 933 950
3 1134 950 1010
3 1141 1142 1144
3 1142 1143 1144
3 1145 1146 1142
3 1145 1142 1141
3 1140 1139 1146
3 1140 1146 1145
3 1148 1149 1137
3 1148 1137 1147
3 1139 1135 1150
3 1139 1150 1151
3 1137 1149 930
3 1137 930 1138
3 1138 930 933
3 1138 933 1134
3 1957 1944 1244
3 1957 1244 1005
3 1153 1152 1243
3 1153 1243 1244
3 1009 1013 1243
3 1009 1243 1010
3 1244 1243 1013
3 1244 1013 1005
3 1949 1153 1244
3 1949 1244 1944
3 1948 1949 1944
3 1948 1944 1946
3 1947 1948 1946
3 1947 1946 1945
3 1951 1952 1948
3 1951 1948 1947
3 1952 1950 1949
3 1952 1949 1948
3 1950 1151 1153
3 1950 1153 1949
3 1146 1139 1151
3 1146 1151 1950
3 1142 1146 1950
3 1142 1950 1952
3 1143 1142 1952
3 1143 1952 1951
3 1135 1136 1147
3 1135 1147 1137
3 1136 1135 1139
3 1136 1139 1140
3 1135 1137 1138
3 1135 1138 1150
3 1134 1152 1150
3 1134 1150 1138
3 1010 1243 1152
3 1010 1152 1134
3 3907 3908 3910
3 3907 3910 3909
3 1143 1951 3907
3 1143 3907 3909
3 1151 1150 1152
3 1151 1152 1153
3 3908 3907 3912
3 3908 3912 3911
3 1947 1953 3911
3 1947 3911 3912
3 1947 3912 3907
3 1947 3907 1951
3 1143 3909 3913
3 1143 3913 3915
3 1154 1155 1149
3 1154 1149 1148
3 1149 1155 931
3 1149 931 930
3 1156 1157 1155
3 1156 1155 1154
3 1155 1157 934
3 1155 934 931
3 934 1157 1236
3 934 1236 1237
3 1156 1235 1236
3 1156 1236 1157
3 1237 2033 2034
3 1237 2034 934
3 1169 1136 1140
3 1169 1140 1170
3 1168 1169 2050
3 1168 2050 2045
3 3335 2046 2047
3 3335 2047 3336
3 1136 1169 1168
3 1136 1168 1147
3 1180 3332 3333
3 1180 3333 1179
3 3336 2047 2048
3 3336 2048 3337
3 1167 1168 2045
3 1167 2045 2044
3 3332 2044 2045
3 3332 2045 3333
3 3337 2048 2049
3 3337 2049 3338
3 1167 1148 1147
3 1167 1147 1168
3 1170 1171 2047
3 1170 2047 2046
3 1179 3333 3334
3 1179 3334 1175
3 1170 1140 1145
3 1170 1145 1171
3 1171 1172 2048
3 1171 2048 2047
3 3333 2045 2050
3 3333 2050 3334
3 1175 3334 3335
3 1175 3335 1174
3 1171 1145 1141
3 1171 1141 1172
3 1172 1141 1144
3 1172 1144 1173
3 1169 1170 2046
3 1169 2046 2050
3 1172 1173 2049
3 1172 2049 2048
3 3334 2050 2046
3 3334 2046 3335
3 1181 1167 2044
3 1181 2044 2051
3 3330 2052 2051
3 3330 2051 3331
3 1182 1181 2051
3 1182 2051 2052
3 1184 3331 3332
3 1184 3332 1180
3 1234 1182 2052
3 1234 2052 2053
3 3331 2051 2044
3 3331 2044 3332
3 1181 1154 1148
3 1181 1148 1167
3 1182 1156 1154
3 1182 1154 1181
3 3328 2043 2053
3 3328 2053 3329
3 1182 1234 1235
3 1182 1235 1156
3 3329 2053 2052
3 3329 2052 3330
3 1098 1234 2053
3 1098 2053 2043
3 984 1235 1234
3 984 1234 1098
3 1183 3330 3331
3 1183 3331 1184
3 3918 3919 3921
3 3918 3921 3920
3 1068 1187 1065
3 1068 1065 1062
3 1068 3925 3932
3 1068 3932 1187
3 1186 1174 1178
3 1186 1178 1187
3 1174 3335 3336
3 1174 3336 1178
3 3919 3932 3933
3 3919 3933 3921
3 1178 3336 3337
3 1178 3337 1176
3 1062 1065 1066
3 1062 1066 1063
3 1186 1187 3932
3 1186 3932 3919
3 1175 1174 1186
3 1175 1186 1185
3 1176 3337 3338
3 1176 3338 1177
3 1175 1185 3918
3 1175 3918 1179
3 3925 3927 3933
3 3925 3933 3932
3 1065 1176 1177
3 1065 1177 1066
3 1185 1186 3919
3 1185 3919 3918
3 1179 3918 3920
3 1179 3920 1180
3 1187 1178 1176
3 1187 1176 1065
3 1183 1190 1232
3 1183 1232 1233
3 3921 3933 3934
3 3921 3934 3923
3 1232 1188 2054
3 1232 2054 1233
3 1180 3920 3922
3 1180 3922 1184
3 2054 3328 3329
3 2054 3329 1233
3 1183 1184 3922
3 1183 3922 1190
3 1233 3329 3330
3 1233 3330 1183
3 1231 3936 3924
3 1231 3924 1189
3 3920 3921 3923
3 3920 3923 3922
3 3936 1232 1190
3 3936 1190 3924
3 3922 3923 3924
3 3922 3924 1190
3 1232 3936 3935
3 1232 3935 1188
3 3923 3934 1189
3 3923 1189 3924
3 3936 1231 1133
3 3936 1133 3935
3 1942 1943 3160
3 1942 3160 3168
3 1911 1935 1930
3 1911 1930 2291
3 1912 1916 1937
3 1912 1937 1940
3 1909 1918 1919
3 1909 1919 1915
3 1924 3171 3169
3 1924 3169 1925
3 1916 1917 1926
3 1916 1926 1937
3 1935 1932 1931
3 1935 1931 1930
3 3157 1905 1904
3 3157 1904 3156
3 1905 3157 3163
3 1905 3163 2293
3 3162 2290 2292
3 3162 2292 3161
3 3170 3169 3171
3 3170 3171 3172
3 1930 3160 3162
3 1930 3162 2291
3 3158 1923 1902
3 3158 1902 3156
3 1929 1928 1927
3 1929 1927 1926
3 1920 1918 1902
3 1920 1902 1923
3 1929 1926 1917
3 1929 1917 1919
3 1930 1931 3168
3 1930 3168 3160
3 1941 1938 1933
3 1941 1933 1934
3 1903 1910 1911
3 1903 1911 2275
3 1915 1919 1917
3 1915 1917 2269
3 1909 1915 1914
3 1909 1914 1908
3 1920 1929 1919
3 1920 1919 1918
3 1935 1934 1933
3 1935 1933 1932
3 1903 2268 1913
3 1903 1913 1910
3 1942 3170 3172
3 1942 3172 1943
3 3158 1924 1925
3 3158 1925 3159
3 1924 3158 3156
3 1924 3156 1904
3 3160 1943 2290
3 3160 2290 3162
3 1909 1908 1907
3 1909 1907 1906
3 3157 1906 1907
3 3157 1907 3163
3 1929 1920 1921
3 1929 1921 1928
3 1937 1936 1939
3 1937 1939 1940
3 1941 1934 1910
3 1941 1910 1913
3 1906 3157 3156
3 1906 3156 1902
3 2290 3173 3174
3 2290 3174 2292
3 1923 1922 1921
3 1923 1921 1920
3 1941 1940 1939
3 1941 1939 1938
3 1911 2291 2276
3 1911 2276 2275
3 3173 6320 6307
3 3173 6307 3174
3 1904 1905 6307
3 1904 6307 6320
3 1935 1911 1910
3 1935 1910 1934
3 1902 1918 1909
3 1902 1909 1906
3 1904 6320 3171
3 1904 3171 1924
3 1937 1926 1927
3 1937 1927 1936
3 3171 6320 3173
3 3171 3173 3172
3 1916 2267 2269
3 1916 2269 1917
3 2291 3162 3161
3 2291 3161 2276
3 1943 3172 3173
3 1943 3173 2290
3 1923 3158 3159
3 1923 3159 1922
3 1941 1913 1912
3 1941 1912 1940
3 2490 2582 2583
3 2490 2583 2606
3 2267 2515 2516
3 2267 2516 2269
3 1892 1899 1898
3 1892 1898 1893
3 2279 2506 2494
3 2279 2494 2497
3 2371 2378 2525
3 2371 2525 2523
3 2522 2499 2498
3 2522 2498 2289
3 1897 2277 2278
3 1897 2278 2272
3 2378 2385 2526
3 2378 2526 2525
3 2523 2489 2499
3 2523 2499 2522
3 1897 2272 2268
3 1897 2268 1903
3 2385 3196 3199
3 2385 3199 2526
3 2518 2493 2500
3 2518 2500 2524
3 1894 2277 1897
3 1894 1897 1895
3 3196 6318 6312
3 3196 6312 3199
3 2525 2487 2489
3 2525 2489 2523
3 1912 2266 2267
3 1912 2267 1916
3 3194 3198 3205
3 3194 3205 3195
3 2526 2488 2487
3 2526 2487 2525
3 1893 2487 2488
3 1893 2488 1892
3 2601 2604 2605
3 2601 2605 2602
3 6321 2566 2565
3 6321 2565 6322
3 1892 2555 2554
3 1892 2554 1899
3 1896 2489 2487
3 1896 2487 1893
3 6322 2565 3178
3 6322 3178 6323
3 2555 1892 2488
3 2555 2488 2564
3 2277 2491 2490
3 2277 2490 2278
3 3198 6312 6318
3 3198 6318 3205
3 2566 2370 2528
3 2566 2528 2565
3 1894 2492 2491
3 1894 2491 2277
3 3198 3200 6313
3 3198 6313 6312
3 2281 2528 2584
3 2281 2584 2582
3 1896 1901 2499
3 1896 2499 2489
3 3200 3201 6314
3 3200 6314 6313
3 2370 2585 2584
3 2370 2584 2528
3 1901 2274 2498
3 1901 2498 2499
3 1894 3185 6324
3 1894 6324 2492
3 2580 2581 2584
3 2580 2584 2585
3 2486 2485 2501
3 2486 2501 2502
3 3185 3190 3194
3 3185 3194 6324
3 2581 2583 2582
3 2581 2582 2584
3 2502 2501 2504
3 2502 2504 2503
3 2281 2491 2492
3 2281 2492 3178
3 2583 2598 2603
3 2583 2603 2606
3 2271 2504 2501
3 2271 2501 2280
3 2486 2502 2602
3 2486 2602 2603
3 2485 2500 2280
3 2485 2280 2501
3 2492 6324 6323
3 2492 6323 3178
3 2602 2605 2606
3 2602 2606 2603
3 2493 2494 2506
3 2493 2506 2505
3 2266 2510 2509
3 2266 2509 2267
3 3194 3195 6323
3 3194 6323 6324
3 2278 2490 2606
3 2278 2606 2605
3 2505 2506 2508
3 2505 2508 2507
3 2272 2278 2605
3 2272 2605 2604
3 2507 2508 2509
3 2507 2509 2510
3 3205 6318 6334
3 3205 6334 6332
3 2502 2503 2601
3 2502 2601 2602
3 3195 3205 6332
3 3195 6332 6333
3 2270 2508 2506
3 2270 2506 2279
3 3195 6333 6322
3 3195 6322 6323
3 2599 2604 2601
3 2599 2601 2600
3 2267 2509 2508
3 2267 2508 2270
3 2581 2596 2598
3 2581 2598 2583
3 2268 2272 2604
3 2268 2604 2599
3 2578 6319 6336
3 2578 6336 6335
3 2281 3178 2565
3 2281 2565 2528
3 2266 2271 2507
3 2266 2507 2510
3 2490 2491 2281
3 2490 2281 2582
3 2578 6335 2598
3 2578 2598 2596
3 1895 1889 3183
3 1895 3183 3184
3 2271 2280 2505
3 2271 2505 2507
3 2486 2603 2598
3 2486 2598 6335
3 1894 1895 3184
3 1894 3184 3185
3 2493 2505 2280
3 2493 2280 2500
3 2485 2486 6335
3 2485 6335 6336
3 3184 3183 3188
3 3184 3188 3189
3 2496 2495 2511
3 2496 2511 2512
3 2485 6336 2524
3 2485 2524 2500
3 3185 3184 3189
3 3185 3189 3190
3 2512 2511 2513
3 2512 2513 2514
3 2503 2504 6338
3 2503 6338 6337
3 2488 2526 3199
3 2488 3199 2564
3 2514 2513 2516
3 2514 2516 2515
3 2266 6338 2504
3 2266 2504 2271
3 3190 3200 3198
3 3190 3198 3194
3 2279 2497 2496
3 2279 2496 2512
3 2503 6337 2600
3 2503 2600 2601
3 3201 3202 6315
3 3201 6315 6314
3 3189 3201 3200
3 3189 3200 3190
3 2274 2511 2495
3 2274 2495 2498
3 2268 2599 2600
3 2268 2600 6337
3 3188 3202 3201
3 3188 3201 3189
3 2273 2513 2511
3 2273 2511 2274
3 1914 1915 2269
3 1914 2269 2273
3 2266 2268 6337
3 2266 6337 6338
3 3199 6312 6313
3 3199 6313 2564
3 2270 2279 2512
3 2270 2512 2514
3 1901 1914 2273
3 1901 2273 2274
3 1912 1913 2268
3 1912 2268 2266
3 2564 6313 6314
3 2564 6314 2555
3 2269 2516 2513
3 2269 2513 2273
3 1896 1900 1914
3 1896 1914 1901
3 2289 2371 2523
3 2289 2523 2522
3 2555 6314 6315
3 2555 6315 2554
3 2267 2270 2514
3 2267 2514 2515
3 1893 1898 1900
3 1893 1900 1896
3 1891 1889 1895
3 1891 1895 1897
3 3197 6317 6311
3 3197 6311 3179
3 1884 1883 1898
3 1884 1898 1899
3 1882 1900 1898
3 1882 1898 1883
3 3203 3204 6317
3 3203 6317 6316
3 1882 1908 1914
3 1882 1914 1900
3 3187 6311 6317
3 3187 6317 3204
3 1882 1887 1907
3 1882 1907 1908
3 3176 6309 6310
3 3176 6310 3177
3 1884 1885 1886
3 1884 1886 1883
3 3175 6308 6309
3 3175 6309 3176
3 1891 1890 1888
3 1891 1888 1889
3 3174 6307 6308
3 3174 6308 3175
3 1890 1891 2275
3 1890 2275 2276
3 1891 1897 1903
3 1891 1903 2275
3 1886 3167 3166
3 1886 3166 1887
3 2553 1884 1899
3 2553 1899 2554
3 3167 2297 2296
3 3167 2296 3166
3 2276 3161 3164
3 2276 3164 1890
3 2292 3174 3175
3 2292 3175 2294
3 3161 2292 2294
3 3161 2294 3164
3 2294 3175 3176
3 2294 3176 2295
3 1890 3164 3165
3 1890 3165 1888
3 2297 3167 3180
3 2297 3180 3179
3 3164 2294 2295
3 3164 2295 3165
3 1885 3180 3167
3 1885 3167 1886
3 1888 3182 3183
3 1888 3183 1889
3 3166 2296 2293
3 3166 2293 3163
3 1888 3165 3181
3 1888 3181 3182
3 3177 6310 6311
3 3177 6311 3187
3 3202 3203 6316
3 3202 6316 6315
3 2295 3186 3181
3 2295 3181 3165
3 2295 3176 3177
3 2295 3177 3186
3 1887 3166 3163
3 1887 3163 1907
3 3183 3182 3191
3 3183 3191 3188
3 3182 3181 3192
3 3182 3192 3191
3 3181 3186 3193
3 3181 3193 3192
3 1882 1883 1886
3 1882 1886 1887
3 3186 3177 3187
3 3186 3187 3193
3 1884 2553 3197
3 1884 3197 1885
3 1885 3197 3179
3 1885 3179 3180
3 3188 3191 3203
3 3188 3203 3202
3 3191 3192 3204
3 3191 3204 3203
3 3187 3204 3192
3 3187 3192 3193
3 2293 6308 6307
3 2293 6307 1905
3 2296 6309 6308
3 2296 6308 2293
3 2297 6310 6309
3 2297 6309 2296
3 3179 6311 6310
3 3179 6310 2297
3 2554 6315 6316
3 2554 6316 2553
3 2553 6316 6317
3 2553 6317 3197
3 6181 2441 2535
3 6181 2535 6182
3 2431 2433 2435
3 2431 2435 2436
3 2432 2437 2438
3 2432 2438 2434
3 2434 2438 2439
3 2434 2439 2440
3 2435 2433 2442
3 2435 2442 2441
3 2306 2432 2434
3 2306 2434 2445
3 2434 2440 2446
3 2434 2446 2445
3 2440 2439 2533
3 2440 2533 2534
3 2441 2442 2536
3 2441 2536 2535
3 2535 2536 2538
3 2535 2538 2537
3 2533 2539 2540
3 2533 2540 2534
3 2442 2541 2538
3 2442 2538 2536
3 2537 2538 2541
3 2537 2541 2544
3 2440 2534 2540
3 2440 2540 2550
3 2436 6179 6178
3 2436 6178 2431
3 6179 2437 2432
3 6179 2432 6178
3 2435 6180 6179
3 2435 6179 2436
3 6180 2438 2437
3 6180 2437 6179
3 2441 6181 6180
3 2441 6180 2435
3 6181 2439 2438
3 6181 2438 6180
3 2439 6181 6182
3 2439 6182 2533
3 2533 6182 6183
3 2533 6183 2539
3 6182 2535 2537
3 6182 2537 6183
3 6183 2537 2544
3 6183 2544 6184
3 2733 2731 2743
3 2733 2743 2744
3 2733 2744 2745
3 2733 2745 2735
3 2742 2738 2746
3 2742 2746 2750
3 2735 2745 2741
3 2735 2741 2737
3 2745 2744 2752
3 2745 2752 2753
3 2741 2745 2753
3 2741 2753 2749
3 2734 6234 6235
3 2734 6235 2736
3 6234 2735 2737
3 6234 2737 6235
3 2736 6235 6236
3 2736 6236 2740
3 6235 2737 2741
3 6235 2741 6236
3 2740 6236 6238
3 2740 6238 2748
3 6236 2741 2749
3 6236 2749 6238
3 6237 2742 2750
3 6237 2750 6239
3 2748 6238 6240
3 2748 6240 2747
3 6238 2749 2753
3 6238 2753 6240
3 2747 6240 6241
3 2747 6241 2746
3 6240 2753 2752
3 6240 2752 6241
3 2746 6241 6239
3 2746 6239 2750
3 6241 2752 2751
3 6241 2751 6239
3 2744 2743 2751
3 2744 2751 2752
3 2743 6237 6239
3 2743 6239 2751
3 2715 2785 2731
3 2715 2731 2733
3 2727 2715 2733
3 2727 2733 2735
3 2648 6215 6213
3 2648 6213 2649
3 6215 2647 2643
3 6215 2643 6213
3 2653 6216 6214
3 2653 6214 2645
3 6216 2654 2646
3 6216 2646 6214
3 2656 6217 6215
3 2656 6215 2648
3 6217 2655 2647
3 6217 2647 6215
3 2650 6212 6214
3 2650 6214 2646
3 6213 2643 2644
3 6213 2644 6212
3 2655 2651 2643
3 2655 2643 2647
3 2651 2652 2644
3 2651 2644 2643
3 2654 2658 2650
3 2654 2650 2646
3 2652 2653 2645
3 2652 2645 2644
3 2657 2656 2648
3 2657 2648 2649
3 2658 2657 2649
3 2658 2649 2650
3 2661 2651 2655
3 2661 2655 2659
3 2663 2652 2661
3 2652 2651 2661
3 2666 2664 2658
3 2666 2658 2654
3 2664 2662 2657
3 2664 2657 2658
3 6212 2644 2645
3 6212 2645 6214
3 2649 6213 6212
3 2649 6212 2650
3 2853 6271 6270
3 2853 6270 2851
3 2846 2842 2834
3 2846 2834 2838
3 2842 2843 2835
3 2842 2835 2834
3 2845 2849 2841
3 2845 2841 2837
3 2843 2844 2836
3 2843 2836 2835
3 2848 2847 2839
3 2848 2839 2840
3 2849 2848 2840
3 2849 2840 2841
3 2852 2842 2846
3 2852 2846 2850
3 2857 2855 2849
3 2857 2849 2845
3 2853 2851 2847
3 2853 2847 2848
3 2855 2853 2848
3 2855 2848 2849
3 2841 6264 6266
3 2841 6266 2837
3 6264 2835 2836
3 6264 2836 6266
3 2840 6265 6264
3 2840 6264 2841
3 6265 2834 2835
3 6265 2835 6264
3 2839 6267 6265
3 2839 6265 2840
3 6267 2838 2834
3 6267 2834 6265
3 2844 6268 6266
3 2844 6266 2836
3 6268 2845 2837
3 6268 2837 6266
3 2847 6269 6267
3 2847 6267 2839
3 2856 6272 6268
3 2856 6268 2844
3 6272 2857 2845
3 6272 2845 6268
3 6271 2852 2850
3 6271 2850 6270
3 6269 2846 2838
3 6269 2838 6267
3 2851 6270 6269
3 2851 6269 2847
3 6270 2850 2846
3 6270 2846 6269
3 2634 2633 2641
3 2634 2641 2642
3 2630 2634 2642
3 2630 2642 2638
3 6299 2624 2626
3 6299 2626 6300
3 2625 6300 6301
3 2625 6301 2629
3 6300 2626 2630
3 6300 2630 6301
3 2629 6301 6303
3 2629 6303 2637
3 6301 2630 2638
3 6301 2638 6303
3 2632 6302 6304
3 2632 6304 2640
3 6302 2631 2639
3 6302 2639 6304
3 2636 6305 6306
3 2636 6306 2635
3 2631 2627 2635
3 2631 2635 2639
3 6305 2642 2641
3 6305 2641 6306
3 2635 6306 6304
3 2635 6304 2639
3 6306 2641 2640
3 6306 2640 6304
3 2623 6299 6300
3 2623 6300 2625
3 2628 2629 2637
3 2628 2637 2636
3 2623 2625 2629
3 2623 2629 2628
3 2637 6303 6305
3 2637 6305 2636
3 2621 2623 2628
3 2621 2628 2627
3 6303 2638 2642
3 6303 2642 6305
3 2619 2621 2627
3 2619 2627 2631
3 2624 2634 2630
3 2624 2630 2626
3 2627 2628 2636
3 2627 2636 2635
3 2633 2632 2640
3 2633 2640 2641
3 2331 2529 2621
3 2331 2621 2619
3 2366 2580 2585
3 2366 2585 2449
3 2361 2362 2465
3 2361 2465 2464
3 2362 2363 2469
3 2362 2469 2465
3 2300 2586 2587
3 2300 2587 2302
3 2586 2366 2367
3 2586 2367 2587
3 2596 2581 2580
3 2596 2580 2597
3 2299 2301 2363
3 2299 2363 2362
3 2597 2580 2366
3 2597 2366 2586
3 2578 2596 2597
3 2578 2597 2579
3 6174 2300 2302
3 6174 2302 6175
3 2566 6187 6188
3 2566 6188 2567
3 2426 2427 2450
3 2426 2450 2449
3 6187 2455 2456
3 6187 2456 6188
3 2567 6188 6189
3 2567 6189 2568
3 2370 2426 2449
3 2370 2449 2585
3 6188 2456 2457
3 6188 2457 6189
3 2298 6194 6174
3 2298 6174 2299
3 6194 2579 2300
3 6194 2300 6174
3 2455 6321 2424
3 2455 2424 2527
3 2284 6319 6194
3 2284 6194 2298
3 2298 2299 2362
3 2298 2362 2361
3 2578 2579 6194
3 2578 6194 6319
3 2455 6187 2566
3 2455 2566 6321
3 2579 2597 2586
3 2579 2586 2300
3 2427 2428 2451
3 2427 2451 2450
3 2282 6196 6319
3 2282 6319 2284
3 2367 2450 2451
3 2367 2451 2368
3 2370 2566 2567
3 2370 2567 2426
3 2456 2455 2464
3 2456 2464 2465
3 2456 2465 2469
3 2456 2469 2457
3 2282 2284 2461
3 2282 2461 2462
3 2366 2449 2450
3 2366 2450 2367
3 2455 2527 2476
3 2455 2476 2464
3 2426 2567 2568
3 2426 2568 2427
3 2299 6174 6175
3 2299 6175 2301
3 2427 2568 2569
3 2427 2569 2428
3 2361 2475 2462
3 2361 2462 2461
3 2284 2298 2461
3 2298 2361 2461
3 2475 2361 2464
3 2475 2464 2476
3 2446 2551 2595
3 2446 2595 2470
3 2457 2469 2468
3 2457 2468 2458
3 2471 2470 2595
3 2471 2595 2552
3 2445 2446 2470
3 2445 2470 2463
3 2761 2760 2712
3 2761 2712 2704
3 2460 2466 2471
3 2460 2471 2472
3 2301 6175 6176
3 2301 6176 2304
3 2453 2430 2473
3 2453 2473 2474
3 2305 2443 2433
3 2305 2433 2431
3 6175 2302 2303
3 6175 2303 6176
3 2447 2453 2474
3 2447 2474 2448
3 2304 6176 6177
3 2304 6177 2306
3 2442 2444 2542
3 2442 2542 2541
3 6176 2303 2305
3 6176 2305 6177
3 2541 2542 2545
3 2541 2545 2544
3 2306 6177 6178
3 2306 6178 2432
3 2540 2539 2543
3 2540 2543 2550
3 2463 2470 2471
3 2463 2471 2466
3 6177 2305 2431
3 6177 2431 6178
3 2543 2546 2551
3 2543 2551 2550
3 2440 2550 2551
3 2440 2551 2446
3 2543 6184 6185
3 2543 6185 2546
3 2471 2552 2549
3 2471 2549 2472
3 6184 2544 2545
3 6184 2545 6185
3 2428 2569 2570
3 2428 2570 2429
3 2568 6189 6190
3 2568 6190 2569
3 2429 2570 2571
3 2429 2571 2430
3 6189 2457 2458
3 6189 2458 6190
3 2430 2571 2572
3 2430 2572 2473
3 6192 2460 2472
3 6192 2472 6193
3 2569 6190 6191
3 2569 6191 2570
3 2473 2572 2548
3 2473 2548 2547
3 2549 6186 6193
3 2549 6193 2472
3 2369 2452 2453
3 2369 2453 2447
3 6190 2458 2459
3 6190 2459 6191
3 2473 2547 2448
3 2473 2448 2474
3 6186 2548 2572
3 6186 2572 6193
3 2570 6191 6192
3 2570 6192 2571
3 2539 6183 6184
3 2539 6184 2543
3 2364 2365 2467
3 2364 2467 2468
3 6195 2594 2546
3 6195 2546 6185
3 2571 6192 6193
3 2571 6193 2572
3 2365 2463 2466
3 2365 2466 2467
3 2548 6186 6195
3 2548 6195 2593
3 6186 2549 2594
3 6186 2594 6195
3 2302 2587 2588
3 2302 2588 2303
3 2587 2367 2368
3 2587 2368 2588
3 2303 2588 2589
3 2303 2589 2305
3 2588 2368 2369
3 2588 2369 2589
3 2301 2304 2364
3 2301 2364 2363
3 2305 2589 2590
3 2305 2590 2443
3 2304 2306 2365
3 2304 2365 2364
3 2589 2369 2447
3 2589 2447 2590
3 2443 2590 2591
3 2443 2591 2444
3 2433 2443 2444
3 2433 2444 2442
3 2363 2364 2468
3 2363 2468 2469
3 2593 6195 6185
3 2593 6185 2545
3 2590 2447 2448
3 2590 2448 2591
3 2428 2429 2452
3 2428 2452 2451
3 2444 2591 2592
3 2444 2592 2542
3 2429 2430 2453
3 2429 2453 2452
3 2591 2448 2547
3 2591 2547 2592
3 2368 2451 2452
3 2368 2452 2369
3 2542 2592 2593
3 2542 2593 2545
3 6191 2459 2460
3 6191 2460 6192
3 2592 2547 2548
3 2592 2548 2593
3 2306 2445 2463
3 2306 2463 2365
3 2546 2594 2595
3 2546 2595 2551
3 2459 2467 2466
3 2459 2466 2460
3 2594 2549 2552
3 2594 2552 2595
3 2458 2468 2467
3 2458 2467 2459
3 2398 2423 6333
3 2398 6333 6325
3 6322 6333 6328
3 6322 6328 6327
3 2524 6336 6319
3 2524 6319 6196
3 2527 6344 6343
3 2527 6343 2476
3 2454 6347 6346
3 2454 6346 2423
3 6347 2759 2773
3 6347 2773 6346
3 2575 6348 6347
3 2575 6347 2454
3 6350 6210 2423
3 6350 2423 6346
3 2398 2410 2454
3 2398 2454 2423
3 2424 6345 6344
3 2424 6344 2527
3 6345 2774 2764
3 6345 2764 6344
3 6246 6350 6346
3 6246 6346 2773
3 2774 6345 6350
3 2774 6350 6246
3 6345 2424 6210
3 6345 6210 6350
3 2410 6357 6359
3 2410 6359 2477
3 6348 2700 2759
3 6348 2759 6347
3 2283 2484 2483
3 2283 2483 2285
3 2360 2354 2483
3 2360 2483 2484
3 2360 6342 6348
3 2360 6348 2575
3 2282 2462 2475
3 2282 2475 2577
3 2283 2576 2360
3 2283 2360 2484
3 2354 2360 2575
3 2354 2575 2477
3 2410 2477 2575
3 2410 2575 2454
3 2577 6211 6196
3 2577 6196 2282
3 6211 2576 2283
3 6211 2283 6196
3 2283 2285 6197
3 2283 6197 6196
3 2518 2524 6196
3 2518 6196 6197
3 2424 6321 6322
3 2424 6322 6327
3 2423 6210 6328
3 2423 6328 6333
3 6210 2424 6327
3 6210 6327 6328
3 2475 6341 6339
3 2475 6339 2577
3 6341 2779 2792
3 6341 2792 6339
3 2576 6340 6342
3 2576 6342 2360
3 6340 2793 2783
3 6340 2783 6342
3 2476 6343 6341
3 2476 6341 2475
3 6343 2707 2779
3 6343 2779 6341
3 6342 2783 2700
3 6342 2700 6348
3 6211 6349 6340
3 6211 6340 2576
3 2791 2792 2779
3 2791 2779 2778
3 6349 6251 2793
3 6349 2793 6340
3 2577 6339 6349
3 2577 6349 6211
3 6344 2764 2707
3 6344 2707 6343
3 6339 2792 6251
3 6339 6251 6349
3 2783 2782 2701
3 2783 2701 2700
3 2782 2781 2702
3 2782 2702 2701
3 2758 2701 2702
3 2758 2702 2757
3 2764 2763 2706
3 2764 2706 2707
3 2779 2707 2706
3 2779 2706 2778
3 2770 2772 2758
3 2770 2758 2757
3 2772 2773 2759
3 2772 2759 2758
3 2771 2769 2762
3 2771 2762 2763
3 2774 2771 2763
3 2774 2763 2764
3 2793 2790 2782
3 2793 2782 2783
3 2771 6245 6244
3 2771 6244 2769
3 6245 2772 2770
3 6245 2770 6244
3 2774 6246 6245
3 2774 6245 2771
3 6246 2773 2772
3 6246 2772 6245
3 2759 2700 2701
3 2759 2701 2758
3 2793 6251 6250
3 2793 6250 2790
3 6251 2792 2791
3 6251 2791 6250
3 2726 6230 6234
3 2726 6234 2734
3 2716 2715 2727
3 2716 2727 2728
3 2769 6244 6243
3 2769 6243 2767
3 6230 2727 2735
3 6230 2735 6234
3 6244 2770 2768
3 6244 2768 6243
3 2710 2722 2729
3 2710 2729 2711
3 2787 6248 6247
3 2787 6247 2785
3 6233 2730 2742
3 6233 2742 6237
3 2784 2713 2732
3 2784 2732 2730
3 6248 2786 2784
3 6248 2784 6247
3 2789 6249 6248
3 2789 6248 2787
3 2732 2734 2739
3 2732 2739 2738
3 6249 2788 2786
3 6249 2786 6248
3 2734 2736 2740
3 2734 2740 2739
3 2790 6250 6249
3 2790 6249 2789
3 2730 2732 2738
3 2730 2738 2742
3 6250 2791 2788
3 6250 2788 6249
3 2738 2739 2747
3 2738 2747 2746
3 2739 2740 2748
3 2739 2748 2747
3 2787 2785 2754
3 2787 2754 2780
3 2766 2768 2756
3 2766 2756 2755
3 2768 2770 2757
3 2768 2757 2756
3 2776 2704 2712
3 2776 2712 2775
3 2767 2765 2760
3 2767 2760 2761
3 2781 2780 2703
3 2781 2703 2702
3 2769 2767 2761
3 2769 2761 2762
3 2757 2702 2703
3 2757 2703 2756
3 2784 2786 2776
3 2784 2776 2775
3 2780 2754 2708
3 2780 2708 2703
3 2786 2788 2777
3 2786 2777 2776
3 2756 2703 2708
3 2756 2708 2755
3 2788 2791 2778
3 2788 2778 2777
3 2762 2761 2704
3 2762 2704 2705
3 2789 2787 2780
3 2789 2780 2781
3 2777 2705 2704
3 2777 2704 2776
3 2722 2716 2728
3 2722 2728 2729
3 2790 2789 2781
3 2790 2781 2782
3 2763 2762 2705
3 2763 2705 2706
3 2765 6242 6227
3 2765 6227 2709
3 2778 2706 2705
3 2778 2705 2777
3 6242 2766 2717
3 6242 2717 6227
3 2754 2785 2715
3 2754 2715 2716
3 2731 6233 6237
3 2731 6237 2743
3 2709 6227 6228
3 2709 6228 2721
3 2766 2755 2710
3 2766 2710 2717
3 6227 2717 2718
3 6227 2718 6228
3 2717 2710 2711
3 2717 2711 2718
3 2711 6229 6228
3 2711 6228 2718
3 2784 2775 2714
3 2784 2714 2713
3 6229 2723 2721
3 6229 2721 6228
3 2712 2760 2719
3 2712 2719 2720
3 2729 6231 6229
3 2729 6229 2711
3 2712 2720 2714
3 2712 2714 2775
3 6231 2724 2723
3 6231 2723 6229
3 2765 2709 2719
3 2765 2719 2760
3 2724 6231 6232
3 2724 6232 2725
3 2708 2722 2710
3 2708 2710 2755
3 6231 2729 2728
3 6231 2728 6232
3 2754 2716 2722
3 2754 2722 2708
3 2725 6232 6230
3 2725 6230 2726
3 2709 2721 2723
3 2709 2723 2719
3 6232 2728 2727
3 6232 2727 6230
3 2714 2720 2724
3 2714 2724 2725
3 2785 6247 6233
3 2785 6233 2731
3 2719 2723 2724
3 2719 2724 2720
3 2767 6243 6242
3 2767 6242 2765
3 6247 2784 2730
3 6247 2730 6233
3 2713 2714 2725
3 2713 2725 2726
3 6243 2768 2766
3 6243 2766 6242
3 2713 2726 2734
3 2713 2734 2732
3 6358 2417 2574
3 6358 2574 6360
3 2349 6353 6360
3 2349 6360 2574
3 6198 6361 6352
3 6198 6352 2308
3 2307 6351 6361
3 2307 6361 6198
3 6204 6362 6356
3 6204 6356 2398
3 6362 6205 2400
3 6362 2400 6356
3 2399 6355 6362
3 2399 6362 6204
3 6355 2401 6205
3 6355 6205 6362
3 2346 2348 2349
3 2346 2349 2347
3 2286 2308 2349
3 2286 2349 2348
3 2285 2483 2354
3 2285 2354 2307
3 2286 2348 2346
3 2286 2346 2287
3 2517 2494 2493
3 2517 2493 2518
3 2347 2349 2574
3 2347 2574 2691
3 6356 2400 2411
3 6356 2411 6357
3 2417 2422 2691
3 2417 2691 2574
3 2422 2823 2880
3 2422 2880 2691
3 2399 2888 2422
3 2399 2422 2417
3 2286 6197 6198
3 2286 6198 2308
3 6197 2285 2307
3 6197 2307 6198
3 2286 2287 6252
3 2286 6252 6197
3 2517 2518 6197
3 2517 6197 6252
3 6204 2398 6325
3 6204 6325 6326
3 2399 6204 6326
3 2399 6326 6332
3 2399 6332 6329
3 2399 6329 2888
3 6325 6333 6332
3 6325 6332 6326
3 6351 2307 2354
3 6351 2354 6354
3 2398 6356 6357
3 2398 6357 2410
3 2401 6355 6358
3 2401 6358 2416
3 6355 2399 2417
3 6355 2417 6358
3 6357 2411 2689
3 6357 2689 6359
3 2477 6359 6354
3 2477 6354 2354
3 2308 6352 6353
3 2308 6353 2349
3 6359 2689 2355
3 6359 2355 6354
3 2416 6358 6360
3 2416 6360 2699
3 2310 6351 6354
3 2310 6354 2355
3 6353 2350 2699
3 6353 2699 6360
3 6361 6199 2309
3 6361 2309 6352
3 6351 2310 6199
3 6351 6199 6361
3 2309 2312 2351
3 2309 2351 2350
3 2312 2313 2352
3 2312 2352 2351
3 2311 2310 2355
3 2311 2355 2356
3 2314 2311 2356
3 2314 2356 2357
3 2400 2403 2412
3 2400 2412 2411
3 2403 2405 2413
3 2403 2413 2412
3 2402 2401 2416
3 2402 2416 2418
3 2404 2402 2418
3 2404 2418 2419
3 2355 2689 2690
3 2355 2690 2356
3 2411 2412 2690
3 2411 2690 2689
3 2356 2690 2694
3 2356 2694 2357
3 2810 2882 2883
3 2810 2883 2811
3 2412 2413 2694
3 2412 2694 2690
3 2418 2698 2697
3 2418 2697 2419
3 2351 2352 2697
3 2351 2697 2698
3 2416 2699 2698
3 2416 2698 2418
3 2350 2351 2698
3 2350 2698 2699
3 2825 2826 2883
3 2825 2883 2882
3 2309 6199 6200
3 2309 6200 2312
3 6199 2310 2311
3 6199 2311 6200
3 2400 6205 6206
3 2400 6206 2403
3 6205 2401 2402
3 6205 2402 6206
3 2403 6206 6207
3 2403 6207 2405
3 6206 2402 2404
3 6206 2404 6207
3 6352 2309 2350
3 6352 2350 6353
3 2357 2694 2695
3 2357 2695 2358
3 2413 2414 2695
3 2413 2695 2694
3 2420 2696 2688
3 2420 2688 2421
3 6222 2667 2668
3 6222 2668 6221
3 2353 2573 2688
3 2353 2688 2696
3 2409 6209 6226
3 2409 6226 2687
3 2419 2697 2696
3 2419 2696 2420
3 2313 2315 2353
3 2313 2353 2352
3 2352 2353 2696
3 2352 2696 2697
3 2316 2314 2357
3 2316 2357 2358
3 2414 2415 2684
3 2414 2684 2695
3 2358 2695 2684
3 2358 2684 2359
3 2405 2407 2414
3 2405 2414 2413
3 2312 6200 6201
3 2312 6201 2313
3 2407 2409 2415
3 2407 2415 2414
3 6209 2408 2679
3 6209 2679 6226
3 6200 2311 2314
3 6200 2314 6201
3 2406 2404 2419
3 2406 2419 2420
3 2687 6226 6225
3 2687 6225 2675
3 2318 2316 2358
3 2318 2358 2359
3 2313 6201 6202
3 2313 6202 2315
3 2408 2406 2420
3 2408 2420 2421
3 6201 2314 2316
3 6201 2316 6202
3 2315 2317 2573
3 2315 2573 2353
3 2680 2681 2669
3 2680 2669 2668
3 2317 6203 6220
3 2317 6220 2665
3 2315 6202 6203
3 2315 6203 2317
3 2663 2665 2653
3 2663 2653 2652
3 6222 2672 2673
3 6222 2673 6224
3 6202 2316 2318
3 6202 2318 6203
3 2662 2660 2656
3 2662 2656 2657
3 2405 6207 6208
3 2405 6208 2407
3 2669 2681 2663
3 2669 2663 2661
3 6207 2404 2406
3 6207 2406 6208
3 2683 2670 2662
3 2683 2662 2664
3 6218 2659 2655
3 6218 2655 6217
3 2407 6208 6209
3 2407 6209 2409
3 2681 2317 2665
3 2681 2665 2663
3 6203 2318 2666
3 6203 2666 6220
3 6208 2406 2408
3 6208 2408 6209
3 2318 2683 2664
3 2318 2664 2666
3 6219 2661 2659
3 6219 2659 6218
3 2665 6220 6216
3 2665 6216 2653
3 2686 2674 2667
3 2686 2667 2685
3 2670 6223 6219
3 2670 6219 2662
3 6220 2666 2654
3 6220 2654 6216
3 2674 2680 2668
3 2674 2668 2667
3 6223 2669 2661
3 6223 2661 6219
3 2660 6218 6217
3 2660 6217 2656
3 2679 2686 2685
3 2679 2685 2678
3 2683 2682 2671
3 2683 2671 2670
3 2671 6221 6223
3 2671 6223 2670
3 2662 6219 6218
3 2662 6218 2660
3 2677 2673 2672
3 2677 2672 2676
3 6224 2673 2675
3 6224 2675 6225
3 2687 2675 2673
3 2687 2673 2677
3 2573 2680 2674
3 2573 2674 2688
3 2688 2674 2686
3 2688 2686 2421
3 2667 6222 6224
3 2667 6224 2685
3 2682 2676 2672
3 2682 2672 2671
3 6221 2668 2669
3 6221 2669 6223
3 2409 2687 2677
3 2409 2677 2415
3 2684 2676 2682
3 2684 2682 2359
3 2685 6224 6225
3 2685 6225 2678
3 2684 2415 2677
3 2684 2677 2676
3 2318 2359 2682
3 2318 2682 2683
3 2672 6222 6221
3 2672 6221 2671
3 2408 2421 2686
3 2408 2686 2679
3 6226 2679 2678
3 6226 2678 6225
3 2573 2317 2681
3 2573 2681 2680
3 2288 2333 2334
3 2288 2334 2321
3 2288 2521 2517
3 2288 2517 6252
3 2288 2321 2520
3 2288 2520 2521
3 6329 6332 6334
3 6329 6334 6330
3 6287 6331 6334
3 6287 6334 6318
3 6279 2888 6329
3 6279 6329 6330
3 2391 2478 2693
3 2391 2693 2692
3 2520 2496 2497
3 2520 2497 2521
3 2889 6279 6330
3 2889 6330 6334
3 2521 2497 2494
3 2521 2494 2517
3 2386 2889 6334
3 2386 6334 6331
3 2386 2391 2692
3 2386 2692 2889
3 6367 2814 2828
3 6367 2828 6370
3 2880 6371 6366
3 2880 6366 2808
3 2823 6369 6371
3 2823 6371 2880
3 2795 6254 6253
3 2795 6253 2319
3 6368 2816 2824
3 6368 2824 6369
3 2804 6365 6372
3 2804 6372 2887
3 2288 2320 2333
3 2320 2335 2333
3 2692 2693 2887
3 2692 2887 2828
3 6254 2794 2320
3 6254 2320 6253
3 2815 6367 6370
3 2815 6370 2829
3 6374 6260 2816
3 6374 2816 6368
3 6254 6373 6364
3 6254 6364 2794
3 2319 2287 2346
3 2319 2346 2347
3 6367 2815 6260
3 6367 6260 6374
3 2347 2691 2880
3 2347 2880 2808
3 2813 2823 2422
3 2813 2422 2888
3 2888 6279 6259
3 2888 6259 2813
3 2795 6363 6373
3 2795 6373 6254
3 2333 2335 2336
3 2333 2336 2334
3 2814 2889 2692
3 2814 2692 2828
3 2319 2347 2808
3 2319 2808 2795
3 2335 2804 2887
3 2335 2887 2693
3 2336 2335 2693
3 2336 2693 2478
3 2794 6364 6365
3 2794 6365 2804
3 2320 2794 2804
3 2320 2804 2335
3 2288 6252 6253
3 2288 6253 2320
3 6363 2795 2808
3 6363 2808 6366
3 6279 2889 2814
3 6279 2814 6259
3 6369 2824 2881
3 6369 2881 6371
3 2814 6367 6374
3 2814 6374 6259
3 6252 2287 2319
3 6252 2319 6253
3 2813 6368 6369
3 2813 6369 2823
3 2887 6372 6370
3 2887 6370 2828
3 6259 6374 6368
3 6259 6368 2813
3 6275 2860 2852
3 6275 2852 6271
3 2873 2867 2863
3 2873 2863 2862
3 2802 6258 6272
3 2802 6272 2856
3 2878 2866 2864
3 2878 2864 2868
3 2818 6261 6262
3 2818 6262 2820
3 2871 2872 2860
3 2871 2860 2859
3 6273 2859 2860
3 6273 2860 6275
3 2809 2881 2882
3 2809 2882 2810
3 2797 2798 2806
3 2797 2806 2805
3 2820 2822 2827
3 2820 2827 2826
3 2860 2872 2854
3 2860 2854 2852
3 2874 2873 2862
3 2874 2862 2861
3 2863 6274 6273
3 2863 6273 2862
3 2875 2867 2873
3 2875 2873 2812
3 2870 2877 2876
3 2870 2876 2869
3 2798 2800 2807
3 2798 2807 2806
3 6262 2819 2821
3 6262 2821 6263
3 2826 2827 2875
3 2826 2875 2883
3 2817 2815 2829
3 2817 2829 2830
3 2833 2802 2872
3 2833 2872 2871
3 6260 2815 2817
3 6260 2817 6261
3 2874 2861 2853
3 2874 2853 2855
3 2868 2864 2863
3 2868 2863 2867
3 6274 2858 2859
3 6274 2859 6273
3 6256 2799 2801
3 6256 2801 6257
3 2875 2827 2868
3 2875 2868 2867
3 2831 2884 2879
3 2831 2879 2832
3 2799 2796 2809
3 2799 2809 2810
3 2811 2883 2875
3 2811 2875 2812
3 2854 2856 2844
3 2854 2844 2843
3 2819 2817 2830
3 2819 2830 2831
3 2803 2801 2811
3 2803 2811 2812
3 2858 6274 6276
3 2858 6276 2876
3 6274 2863 2864
3 6274 2864 6276
3 2820 6262 6263
3 2820 6263 2822
3 2829 2886 2885
3 2829 2885 2830
3 2806 2807 2884
3 2806 2884 2885
3 2818 2820 2826
3 2818 2826 2825
3 2876 6276 6277
3 2876 6277 2869
3 2803 2812 2873
3 2803 2873 2874
3 2805 2806 2885
3 2805 2885 2886
3 2807 2833 2879
3 2807 2879 2884
3 6276 2864 2866
3 6276 2866 6277
3 2801 2799 2810
3 2801 2810 2811
3 2816 6260 6261
3 2816 6261 2818
3 2797 6255 6256
3 2797 6256 2798
3 2878 6278 6277
3 2878 6277 2866
3 2821 2819 2831
3 2821 2831 2832
3 6278 2870 2869
3 6278 2869 6277
3 2803 2874 2855
3 2803 2855 2857
3 2798 6256 6257
3 2798 6257 2800
3 2822 6263 6278
3 2822 6278 2878
3 2872 2802 2856
3 2872 2856 2854
3 6263 2821 2870
3 6263 2870 6278
3 6364 2797 2805
3 6364 2805 6365
3 2822 2878 2868
3 2822 2868 2827
3 6255 2796 2799
3 6255 2799 6256
3 2796 6363 6366
3 2796 6366 2809
3 2800 2802 2833
3 2800 2833 2807
3 2800 6257 6258
3 2800 6258 2802
3 6371 2881 2809
3 6371 2809 6366
3 2877 2865 2858
3 2877 2858 2876
3 6261 2817 2819
3 6261 2819 6262
3 2830 2885 2884
3 2830 2884 2831
3 6372 2886 2829
3 6372 2829 6370
3 2833 2871 2865
3 2833 2865 2879
3 6365 2805 2886
3 6365 2886 6372
3 2821 2832 2877
3 2821 2877 2870
3 6257 2801 2803
3 6257 2803 6258
3 6373 6255 2797
3 6373 2797 6364
3 2816 2818 2825
3 2816 2825 2824
3 6363 2796 6255
3 6363 6255 6373
3 2854 2843 2842
3 2854 2842 2852
3 2865 2871 2859
3 2865 2859 2858
3 2862 6273 6275
3 2862 6275 2861
3 2879 2865 2877
3 2879 2877 2832
3 2861 6275 6271
3 2861 6271 2853
3 2824 2825 2882
3 2824 2882 2881
3 6258 2803 2857
3 6258 2857 6272
3 2378 2372 2379
3 2378 2379 2385
3 2519 2495 2496
3 2519 2496 2520
3 2289 2498 2495
3 2289 2495 2519
3 2379 2557 3196
3 2379 3196 2385
3 2556 6286 6287
3 2556 6287 2557
3 6318 3196 2557
3 6318 2557 6287
3 2321 6280 2519
3 2321 2519 2520
3 6286 2386 6331
3 6286 6331 6287
3 2380 2556 2557
3 2380 2557 2379
3 2322 2289 2519
3 2322 2519 6280
3 2289 2322 2340
3 2289 2340 2371
3 2371 2340 2372
3 2371 2372 2378
3 2372 2373 2380
3 2372 2380 2379
3 2336 2478 2479
3 2336 2479 2337
3 2321 2334 2336
3 2321 2336 2323
3 2322 2324 2341
3 2322 2341 2340
3 2324 2326 2342
3 2324 2342 2341
3 2340 2341 2373
3 2340 2373 2372
3 2341 2342 2374
3 2341 2374 2373
3 2373 2374 2381
3 2373 2381 2380
3 2386 2387 2392
3 2386 2392 2391
3 2478 2391 2392
3 2478 2392 2479
3 2381 2558 2556
3 2381 2556 2380
3 2322 6280 6281
3 2322 6281 2324
3 6280 2321 2323
3 6280 2323 6281
3 2324 6281 6282
3 2324 6282 2326
3 6281 2323 2325
3 6281 2325 6282
3 6282 2325 2327
3 6282 2327 6283
3 2558 6288 6286
3 2558 6286 2556
3 6288 2387 2386
3 6288 2386 6286
3 2323 2336 2337
3 2323 2337 2325
3 2531 2332 2620
3 2531 2620 2622
3 2343 2344 2376
3 2343 2376 2375
3 2529 2615 2623
3 2529 2623 2621
3 2344 2345 2377
3 2344 2377 2376
3 2616 2531 2622
3 2616 2622 2624
3 2374 2375 2382
3 2374 2382 2381
3 2622 2633 2634
3 2622 2634 2624
3 2375 2376 2383
3 2375 2383 2382
3 2376 2377 2384
3 2376 2384 2383
3 2326 6282 6283
3 2326 6283 2328
3 2387 2388 2393
3 2387 2393 2392
3 2328 6283 6284
3 2328 6284 2330
3 2388 2389 2394
3 2388 2394 2393
3 2611 2532 2617
3 2611 2617 2618
3 2389 2390 2395
3 2389 2395 2394
3 2337 2479 2480
3 2337 2480 2338
3 6290 2389 2388
3 6290 2388 6289
3 6284 2329 2331
3 6284 2331 6285
3 2559 6289 6288
3 2559 6288 2558
3 2338 2480 2481
3 2338 2481 2339
3 6289 2388 2387
3 6289 2387 6288
3 2480 2393 2394
3 2480 2394 2481
3 2560 6290 6289
3 2560 6289 2559
3 2481 2394 2395
3 2481 2395 2482
3 2345 2332 2531
3 2345 2531 2532
3 2561 6291 6290
3 2561 6290 2560
3 2382 2559 2558
3 2382 2558 2381
3 6291 2390 2389
3 6291 2389 6290
3 2383 2560 2559
3 2383 2559 2382
3 2390 6291 6292
3 2390 6292 2396
3 6291 2561 2562
3 6291 2562 6292
3 2561 2384 2397
3 2561 2397 2562
3 6283 2327 2329
3 6283 2329 6284
3 2562 2397 2425
3 2562 2425 2563
3 6292 2562 2563
3 6292 2563 6293
3 2339 2481 2482
3 2339 2482 2607
3 2425 6294 6293
3 2425 6293 2563
3 2329 2339 2607
3 2329 2607 2331
3 6296 2613 2612
3 6296 2612 6294
3 2330 6284 6285
3 2330 6285 2332
3 6294 2612 2610
3 6294 2610 6293
3 2331 2607 2530
3 2331 2530 2529
3 2618 6296 6294
3 2618 6294 2425
3 2482 2395 2608
3 2482 2608 2609
3 2396 6292 6293
3 2396 6293 2610
3 2482 2609 2530
3 2482 2530 2607
3 2613 6296 6297
3 2613 6297 2614
3 2390 2396 2608
3 2390 2608 2395
3 6296 2618 2617
3 6296 2617 6297
3 2377 2611 2397
3 2377 2397 2384
3 2614 6297 6295
3 2614 6295 2615
3 2345 2532 2611
3 2345 2611 2377
3 6297 2617 2616
3 6297 2616 6295
3 2396 2610 2612
3 2396 2612 2608
3 2332 6285 6298
3 2332 6298 2620
3 2530 2609 2613
3 2530 2613 2614
3 2325 2337 2338
3 2325 2338 2327
3 2479 2392 2393
3 2479 2393 2480
3 6285 2331 2619
3 6285 2619 6298
3 2608 2612 2613
3 2608 2613 2609
3 2327 2338 2339
3 2327 2339 2329
3 2384 2561 2560
3 2384 2560 2383
3 2615 6295 6299
3 2615 6299 2623
3 2529 2530 2614
3 2529 2614 2615
3 2326 2328 2343
3 2326 2343 2342
3 6295 2616 2624
3 6295 2624 6299
3 2532 2531 2616
3 2532 2616 2617
3 2328 2330 2344
3 2328 2344 2343
3 6298 2619 2631
3 6298 2631 6302
3 2620 6298 6302
3 2620 6302 2632
3 2622 2620 2632
3 2622 2632 2633
3 2330 2332 2345
3 2330 2345 2344
3 2397 2611 2618
3 2397 2618 2425
3 2342 2343 2375
3 2342 2375 2374
3 1289 3724 3741
3 1289 3741 3708
3 1465 1469 1472
3 1465 1472 1466
3 1272 3722 3721
3 1272 3721 1468
3 3712 1665 1609
3 3712 1609 3710
3 1297 3720 3721
3 1297 3721 1477
3 3710 1609 2199
3 3710 2199 3715
3 1469 1470 1471
3 1469 1471 1472
3 3709 1288 1289
3 3709 1289 3708
3 1470 3710 3715
3 1470 3715 1610
3 1453 1465 1466
3 1453 1466 1454
3 3722 1474 1477
3 3722 1477 3721
3 3713 1692 1691
3 3713 1691 3711
3 1280 3709 3708
3 1280 3708 1281
3 1453 3713 3711
3 1453 3711 1465
3 3741 3724 3268
3 3741 3268 3732
3 1453 1454 1463
3 1453 1463 1464
3 3723 1473 1474
3 3723 1474 3722
3 3713 1453 1464
3 3713 1464 3720
3 3711 1691 1665
3 3711 1665 3712
3 1273 3723 3722
3 1273 3722 1272
3 1473 3723 3724
3 1473 3724 1289
3 3723 1273 3268
3 3723 3268 3724
3 1725 3714 3709
3 1725 3709 1280
3 1465 3711 3712
3 1465 3712 1469
3 1475 1289 1288
3 1475 1288 1690
3 3714 1688 1288
3 3714 1288 3709
3 1692 3713 3720
3 1692 3720 1297
3 3715 2199 1688
3 3715 1688 3714
3 1610 3715 3714
3 1610 3714 1725
3 3720 1464 1468
3 3720 1468 3721
3 1475 1476 1473
3 1475 1473 1289
3 1469 3712 3710
3 1469 3710 1470
3 1719 1709 1696
3 1719 1696 1723
3 1697 1698 1703
3 1697 1703 1702
3 1729 1705 1703
3 1729 1703 1730
3 1286 1730 1703
3 1286 1703 1698
3 1287 1686 1691
3 1287 1691 1692
3 1294 1686 1687
3 1294 1687 1295
3 1712 1713 1707
3 1712 1707 1706
3 1293 1714 1712
3 1293 1712 1720
3 1286 1698 1700
3 1286 1700 1687
3 1291 1294 1295
3 1291 1295 1292
3 1286 1287 1296
3 1286 1296 1730
3 1476 1478 1474
3 1476 1474 1473
3 1479 1478 1728
3 1479 1728 1729
3 1728 1695 1705
3 1728 1705 1729
3 1475 1690 1718
3 1475 1718 1719
3 1290 1291 1292
3 1290 1292 1293
3 1290 1689 1688
3 1290 1688 2199
3 1693 1694 1695
3 1693 1695 1696
3 1709 1708 1693
3 1709 1693 1696
3 1687 1700 1699
3 1687 1699 1295
3 1294 1291 1609
3 1294 1609 1665
3 1290 2199 1609
3 1290 1609 1291
3 1698 1697 1701
3 1698 1701 1700
3 1716 1717 1699
3 1716 1699 2198
3 1717 1716 1715
3 1717 1715 1714
3 1295 1699 1717
3 1295 1717 1292
3 1476 1475 1719
3 1476 1719 1723
3 1296 1287 1692
3 1296 1692 1297
3 1690 1689 1720
3 1690 1720 1718
3 1689 1690 1288
3 1689 1288 1688
3 1479 1296 1297
3 1479 1297 1477
3 1704 1702 1703
3 1704 1703 1705
3 1706 1707 1708
3 1706 1708 1709
3 1296 1479 1729
3 1296 1729 1730
3 1714 1715 1713
3 1714 1713 1712
3 1478 1479 1477
3 1478 1477 1474
3 1718 1706 1709
3 1718 1709 1719
3 1689 1290 1293
3 1689 1293 1720
3 1699 1700 1701
3 1699 1701 2198
3 1686 1287 1286
3 1686 1286 1687
3 1686 1294 1665
3 1686 1665 1691
3 1704 1705 1695
3 1704 1695 1694
3 1292 1717 1714
3 1292 1714 1293
3 1720 1712 1706
3 1720 1706 1718
3 1723 1696 1695
3 1723 1695 1728
3 1478 1476 1723
3 1478 1723 1728
3 1746 2192 1753
3 1746 1753 1747
3 1744 1745 1743
3 1744 1743 1735
3 1642 1693 1708
3 1642 1708 1748
3 1749 1751 1648
3 1749 1648 1646
3 1744 1735 1576
3 1744 1576 1575
3 2193 1754 1753
3 2193 1753 2192
3 1758 2196 2195
3 1758 2195 1757
3 1745 1752 2192
3 1745 2192 1746
3 1641 1761 1704
3 1641 1704 1694
3 1744 1751 1752
3 1744 1752 1745
3 1566 1568 1573
3 1566 1573 1571
3 2196 1762 1761
3 2196 1761 2195
3 1574 1575 1576
3 1574 1576 1577
3 1567 1701 1697
3 1567 1697 1763
3 1574 1647 1648
3 1574 1648 1575
3 1569 1567 1566
3 1569 1566 1570
3 1702 1704 1761
3 1702 1761 1762
3 1750 1756 1755
3 1750 1755 1749
3 1642 2189 2190
3 1642 2190 1641
3 2194 1759 1754
3 2194 1754 2193
3 1760 2197 2196
3 1760 2196 1758
3 1715 1716 1747
3 1715 1747 1753
3 1756 2194 2193
3 1756 2193 1755
3 1697 1702 1762
3 1697 1762 1763
3 2189 1645 1644
3 2189 1644 2190
3 1746 1570 1572
3 1746 1572 1742
3 1750 2191 2194
3 1750 2194 1756
3 1757 1644 1643
3 1757 1643 1758
3 2197 1763 1762
3 2197 1762 2196
3 1643 1644 1645
3 1643 1645 1646
3 1572 1571 1580
3 1572 1580 1810
3 1569 1747 1716
3 1569 1716 2198
3 1569 1570 1746
3 1569 1746 1747
3 1707 1759 1748
3 1707 1748 1708
3 1752 1751 1749
3 1752 1749 1755
3 1572 1810 1741
3 1572 1741 1742
3 1748 2191 2189
3 1748 2189 1642
3 2191 1748 1759
3 2191 1759 2194
3 1566 1567 1763
3 1566 1763 2197
3 1744 1575 1648
3 1744 1648 1751
3 1567 1569 2198
3 1567 2198 1701
3 1707 1713 1754
3 1707 1754 1759
3 1760 1758 1643
3 1760 1643 1647
3 1713 1715 1753
3 1713 1753 1754
3 1746 1742 1743
3 1746 1743 1745
3 2191 1750 1645
3 2191 1645 2189
3 1757 2195 2190
3 1757 2190 1644
3 1574 1568 1760
3 1574 1760 1647
3 1566 2197 1760
3 1566 1760 1568
3 1643 1646 1648
3 1643 1648 1647
3 1641 1694 1693
3 1641 1693 1642
3 1566 1571 1572
3 1566 1572 1570
3 1755 2193 2192
3 1755 2192 1752
3 2195 1761 1641
3 2195 1641 2190
3 1574 1577 1573
3 1574 1573 1568
3 1749 1646 1645
3 1749 1645 1750
3 3387 3542 3541
3 3387 3541 3417
3 3545 3387 3417
3 3545 3417 3543
3 3516 3400 3405
3 3516 3405 3515
3 3405 3514 3517
3 3405 3517 3406
3 3515 3405 3406
3 3515 3406 3518
3 3485 3541 3542
3 3485 3542 3540
3 3483 3544 3545
3 3483 3545 3543
3 3484 3450 3449
3 3484 3449 3454
3 1500 1501 1503
3 1500 1503 1504
3 3518 3454 3449
3 3518 3449 3515
3 3514 3426 3427
3 3514 3427 3517
3 3438 3439 3544
3 3438 3544 3483
3 3484 3485 3540
3 3484 3540 3450
3 3439 3438 3427
3 3439 3427 3426
3 1711 3718 3719
3 1711 3719 1506
3 3718 1640 1684
3 3718 1684 3719
3 1505 3543 3417
3 1505 3417 3353
3 1503 3541 3485
3 1503 3485 1504
3 1498 3483 3543
3 1498 3543 1505
3 1504 3485 3484
3 1504 3484 1683
3 1683 3484 3454
3 1683 3454 1790
3 1499 1498 1505
3 1499 1505 1502
3 1684 1790 3454
3 1684 3454 3518
3 1684 3518 3406
3 1684 3406 3719
3 1711 1506 1507
3 1711 1507 1722
3 1506 3719 3406
3 1506 3406 3517
3 1421 1790 1684
3 1421 1684 1640
3 1503 3353 3417
3 1503 3417 3541
3 1506 3517 3427
3 1506 3427 1507
3 1421 1422 1683
3 1421 1683 1790
3 1497 1507 3427
3 1497 3427 3438
3 1422 1791 1504
3 1422 1504 1683
3 3542 3539 3538
3 3542 3538 3540
3 1497 3438 3483
3 1497 3483 1498
3 1497 1726 1722
3 1497 1722 1507
3 1499 1855 1853
3 1499 1853 1726
3 1500 1504 1791
3 1500 1791 2200
3 1497 1498 1499
3 1497 1499 1726
3 1501 3352 3353
3 1501 3353 1503
3 1502 1505 3353
3 1502 3353 3352
3 3450 3448 3447
3 3450 3447 3449
3 3540 3538 3448
3 3540 3448 3450
3 3542 3387 3388
3 3542 3388 3539
3 3516 3515 3449
3 3516 3449 3447
3 3487 3488 3530
3 3487 3530 3466
3 3513 3385 3386
3 3513 3386 3425
3 3490 3491 3465
3 3490 3465 3525
3 3491 3385 3428
3 3491 3428 3465
3 3487 3466 3456
3 3487 3456 3455
3 3492 3386 3385
3 3492 3385 3491
3 3488 3434 3529
3 3488 3529 3530
3 3486 3487 3455
3 3486 3455 3453
3 3492 3440 3425
3 3492 3425 3386
3 3448 3486 3453
3 3448 3453 3447
3 3545 3481 3388
3 3545 3388 3387
3 3466 3446 3445
3 3466 3445 3456
3 3545 3544 3480
3 3545 3480 3481
3 3478 3456 3445
3 3478 3445 3511
3 3544 3439 3440
3 3544 3440 3480
3 3492 3493 3480
3 3492 3480 3440
3 3440 3439 3426
3 3440 3426 3425
3 3490 3525 3526
3 3490 3526 3433
3 3514 3513 3425
3 3514 3425 3426
3 3486 3448 3538
3 3486 3538 3489
3 3516 3447 3453
3 3516 3453 3455
3 3466 3530 3533
3 3466 3533 3446
3 3388 3481 3482
3 3388 3482 3389
3 3539 3388 3389
3 3539 3389 3537
3 3488 3489 3537
3 3488 3537 3434
3 3389 3482 3433
3 3389 3433 3390
3 3537 3389 3390
3 3537 3390 3434
3 3493 3490 3433
3 3493 3433 3482
3 3390 3433 3526
3 3390 3526 3391
3 3465 3437 3524
3 3465 3524 3525
3 3437 3465 3428
3 3437 3428 3429
3 3434 3390 3391
3 3434 3391 3529
3 3509 3429 3428
3 3509 3428 3479
3 3391 3526 3528
3 3391 3528 3392
3 3529 3391 3392
3 3529 3392 3532
3 3392 3528 3527
3 3392 3527 3393
3 3532 3392 3393
3 3532 3393 3531
3 3398 3509 3479
3 3398 3479 3399
3 3530 3529 3532
3 3530 3532 3533
3 3511 3398 3399
3 3511 3399 3478
3 3400 3513 3514
3 3400 3514 3405
3 3511 3445 3441
3 3511 3441 3443
3 3534 3533 3532
3 3534 3532 3531
3 3522 3527 3528
3 3522 3528 3524
3 3446 3442 3441
3 3446 3441 3445
3 3534 3442 3446
3 3534 3446 3533
3 3525 3524 3528
3 3525 3528 3526
3 3493 3492 3491
3 3493 3491 3490
3 3513 3400 3399
3 3513 3399 3479
3 3489 3488 3487
3 3489 3487 3486
3 3516 3478 3399
3 3516 3399 3400
3 3489 3538 3539
3 3489 3539 3537
3 3516 3455 3456
3 3516 3456 3478
3 3493 3482 3481
3 3493 3481 3480
3 3513 3479 3428
3 3513 3428 3385
3 3435 3436 3430
3 3435 3430 3432
3 3408 3461 3473
3 3408 3473 3404
3 3494 3444 3519
3 3494 3519 3535
3 3462 3408 3404
3 3462 3404 3474
3 3534 3531 3520
3 3534 3520 3519
3 3507 3452 3508
3 3507 3508 3418
3 3505 3424 3506
3 3505 3506 3419
3 3504 3473 3475
3 3504 3475 3503
3 3522 3524 3437
3 3522 3437 3436
3 3496 3535 3536
3 3496 3536 3476
3 3436 3437 3429
3 3436 3429 3430
3 3503 3475 3477
3 3503 3477 3500
3 3509 3432 3430
3 3509 3430 3429
3 3500 3499 3502
3 3500 3502 3503
3 3522 3521 3523
3 3522 3523 3527
3 3495 3497 3508
3 3495 3508 3452
3 3522 3436 3435
3 3522 3435 3521
3 3504 3503 3502
3 3504 3502 3501
3 3502 3499 3431
3 3502 3431 3424
3 3535 3496 3495
3 3535 3495 3494
3 3494 3495 3452
3 3494 3452 3451
3 3499 3500 3521
3 3499 3521 3435
3 3509 3510 3431
3 3509 3431 3432
3 3393 3527 3523
3 3393 3523 3394
3 3498 3497 3495
3 3498 3495 3496
3 3531 3393 3394
3 3531 3394 3520
3 3394 3523 3477
3 3394 3477 3416
3 3520 3394 3416
3 3520 3416 3536
3 3506 3424 3431
3 3506 3431 3510
3 3419 3395 3401
3 3419 3401 3505
3 3535 3519 3520
3 3535 3520 3536
3 3395 3419 3506
3 3395 3506 3396
3 3442 3444 3443
3 3442 3443 3441
3 3418 3395 3396
3 3418 3396 3507
3 3534 3519 3444
3 3534 3444 3442
3 3396 3506 3510
3 3396 3510 3397
3 3501 3502 3424
3 3501 3424 3505
3 3507 3396 3397
3 3507 3397 3512
3 3395 3418 3508
3 3395 3508 3401
3 3397 3510 3509
3 3397 3509 3398
3 3500 3477 3523
3 3500 3523 3521
3 3512 3397 3398
3 3512 3398 3511
3 3512 3451 3452
3 3512 3452 3507
3 3402 3501 3505
3 3402 3505 3401
3 3499 3435 3432
3 3499 3432 3431
3 3497 3402 3401
3 3497 3401 3508
3 3444 3494 3451
3 3444 3451 3443
3 3402 3497 3498
3 3402 3498 3403
3 3501 3402 3403
3 3501 3403 3504
3 3496 3476 3474
3 3496 3474 3498
3 3403 3498 3474
3 3403 3474 3404
3 3512 3511 3443
3 3512 3443 3451
3 3504 3403 3404
3 3504 3404 3473
3 1328 1327 1521
3 1328 1521 1423
3 1329 1330 1399
3 1329 1399 1401
3 1510 1509 1299
3 1510 1299 1364
3 1301 1304 1305
3 1301 1305 1303
3 1361 1398 1399
3 1361 1399 1393
3 1410 1394 1326
3 1410 1326 1426
3 1325 3224 3222
3 1325 3222 1326
3 3249 1301 1302
3 3249 1302 3211
3 1331 1332 1523
3 1331 1523 1522
3 1410 1411 1362
3 1410 1362 1394
3 1303 1305 1400
3 1303 1400 1398
3 1419 1423 1424
3 1419 1424 1420
3 1415 2203 1792
3 1415 1792 1418
3 3224 1327 1328
3 3224 1328 3222
3 1298 3249 3211
3 1298 3211 1300
3 1418 1364 1300
3 1418 1300 1416
3 1791 1792 2203
3 1791 2203 2200
3 1521 1510 1424
3 1521 1424 1423
3 1508 1509 1522
3 1508 1522 1523
3 1398 1400 1401
3 1398 1401 1399
3 1362 1361 1393
3 1362 1393 1394
3 1364 1299 1298
3 1364 1298 1300
3 1363 1681 2207
3 1363 2207 1414
3 1330 3225 3224
3 1330 3224 1325
3 1420 1792 1791
3 1420 1791 1422
3 1509 1510 1521
3 1509 1521 1522
3 1299 1509 1508
3 1299 1508 1367
3 1417 1363 1414
3 1417 1414 1412
3 1325 1393 1399
3 1325 1399 1330
3 1418 1424 1510
3 1418 1510 1364
3 1412 3208 3210
3 1412 3210 1417
3 3225 1331 1327
3 3225 1327 3224
3 1419 1420 1422
3 1419 1422 1421
3 1298 1299 1367
3 1298 1367 1366
3 1360 1361 1362
3 1360 1362 1363
3 3208 1413 1416
3 3208 1416 3210
3 1329 3236 3225
3 1329 3225 1330
3 1681 1682 2210
3 1681 2210 2207
3 1363 1417 1302
3 1363 1302 1360
3 1361 1360 1303
3 1361 1303 1398
3 1298 1366 3248
3 1298 3248 3249
3 1424 1418 1792
3 1424 1792 1420
3 1360 1302 1301
3 1360 1301 1303
3 1300 3211 3210
3 1300 3210 1416
3 1325 1326 1394
3 1325 1394 1393
3 3236 1332 1331
3 3236 1331 3225
3 1331 1522 1521
3 1331 1521 1327
3 1409 1682 1681
3 1409 1681 1411
3 1301 3249 3248
3 1301 3248 1304
3 1363 1362 1411
3 1363 1411 1681
3 1415 1418 1416
3 1415 1416 1413
3 3211 1302 1417
3 3211 1417 3210
3 1352 1365 1366
3 1352 1366 1367
3 1309 1406 1402
3 1309 1402 1310
3 3238 1336 1368
3 3238 1368 3237
3 1306 3247 3246
3 1306 3246 1514
3 1357 1356 1306
3 1357 1306 1514
3 1354 3355 1520
3 1354 1520 1382
3 1381 1402 1403
3 1381 1403 1391
3 1356 1305 1304
3 1356 1304 1306
3 1318 1319 1315
3 1318 1315 1317
3 1321 1319 1511
3 1321 1511 1512
3 1311 3244 3243
3 1311 3243 1312
3 3247 1365 1515
3 3247 1515 3246
3 1357 1514 1314
3 1357 1314 1313
3 1332 3355 3354
3 1332 3354 1523
3 1400 1359 1395
3 1400 1395 1401
3 1309 1310 1311
3 1309 1311 1312
3 1356 1357 1358
3 1356 1358 1359
3 1402 1406 1407
3 1402 1407 1403
3 3244 1315 1316
3 3244 1316 3243
3 1353 1352 1367
3 1353 1367 1508
3 1304 3248 3247
3 1304 3247 1306
3 1381 1313 1310
3 1381 1310 1402
3 1332 1368 1520
3 1332 1520 3355
3 1359 1358 1392
3 1359 1392 1395
3 1352 1353 1354
3 1352 1354 1355
3 1321 1316 1315
3 1321 1315 1319
3 1314 3245 3244
3 1314 3244 1311
3 1336 1519 1520
3 1336 1520 1368
3 3248 1366 1365
3 3248 1365 3247
3 1359 1400 1305
3 1359 1305 1356
3 1329 1392 1391
3 1329 1391 1369
3 1358 1381 1391
3 1358 1391 1392
3 3245 1317 1315
3 3245 1315 3244
3 1511 1382 1520
3 1511 1520 1519
3 1329 1401 1395
3 1329 1395 1392
3 1382 1511 1319
3 1382 1319 1318
3 1329 1369 3237
3 1329 3237 3236
3 1355 1354 1382
3 1355 1382 1318
3 1313 1314 1311
3 1313 1311 1310
3 1336 1516 1518
3 1336 1518 1519
3 1514 3246 3245
3 1514 3245 1314
3 1352 1355 1515
3 1352 1515 1365
3 1353 1508 1523
3 1353 1523 3354
3 1358 1357 1313
3 1358 1313 1381
3 1512 1511 1519
3 1512 1519 1518
3 1334 3238 3237
3 1334 3237 1369
3 3246 1515 1317
3 3246 1317 3245
3 1355 1318 1317
3 1355 1317 1515
3 1353 3354 3355
3 1353 3355 1354
3 1369 1391 1403
3 1369 1403 1334
3 1332 3236 3237
3 1332 3237 1368
3 3239 1335 1336
3 3239 1336 3238
3 1309 1324 1404
3 1309 1404 1406
3 1323 3242 3212
3 1323 3212 1307
3 1404 1351 1397
3 1404 1397 1405
3 1347 1348 1350
3 1347 1350 1349
3 1342 1372 1370
3 1342 1370 1345
3 3233 1347 1373
3 3233 1373 3232
3 3242 1320 1370
3 3242 1370 3212
3 1344 1343 1524
3 1344 1524 1340
3 1351 1350 1396
3 1351 1396 1397
3 1338 3240 3239
3 1338 3239 1333
3 1351 1404 1324
3 1351 1324 1308
3 1341 1374 1372
3 1341 1372 1342
3 1308 1349 1350
3 1308 1350 1351
3 1349 1308 1307
3 1349 1307 1371
3 1339 1524 1517
3 1339 1517 1335
3 1308 1324 1323
3 1308 1323 1307
3 1346 1345 1322
3 1346 1322 1513
3 1312 3243 3242
3 1312 3242 1323
3 1350 1348 1337
3 1350 1337 1396
3 1345 1346 1343
3 1345 1343 1342
3 1340 1524 1339
3 1340 1339 2231
3 3234 1348 1347
3 3234 1347 3233
3 3243 1316 1320
3 3243 1320 3242
3 1334 1403 1407
3 1334 1407 1405
3 1338 1396 1337
3 1338 1337 2232
3 1344 3234 3233
3 1344 3233 1341
3 1343 1346 1517
3 1343 1517 1524
3 1341 1342 1343
3 1341 1343 1344
3 3241 2231 1339
3 3241 1339 3240
3 1333 1334 1405
3 1333 1405 1397
3 1349 1371 1373
3 1349 1373 1347
3 1385 3220 3232
3 1385 3232 1373
3 1309 1312 1323
3 1309 1323 1324
3 3240 1339 1335
3 3240 1335 3239
3 3234 1344 1340
3 3234 1340 3235
3 1513 1512 1518
3 1513 1518 1516
3 2231 3241 3235
3 2231 3235 1340
3 1333 1397 1396
3 1333 1396 1338
3 1345 1370 1320
3 1345 1320 1322
3 1336 1335 1517
3 1336 1517 1516
3 1321 1322 1320
3 1321 1320 1316
3 1348 3234 3235
3 1348 3235 1337
3 3220 1386 1374
3 3220 1374 3232
3 1333 3239 3238
3 1333 3238 1334
3 1346 1513 1516
3 1346 1516 1517
3 3241 2232 1337
3 3241 1337 3235
3 1406 1404 1405
3 1406 1405 1407
3 1341 3233 3232
3 1341 3232 1374
3 2232 3241 3240
3 2232 3240 1338
3 1321 1512 1513
3 1321 1513 1322
3 3645 3611 3610
3 3645 3610 3615
3 3676 3566 3567
3 3676 3567 3679
3 1671 3358 3357
3 1671 3357 1675
3 1671 3704 3578
3 1671 3578 3358
3 1677 1429 1428
3 1677 1428 1678
3 1408 1409 1411
3 1408 1411 1410
3 1677 1678 1769
3 1677 1769 1771
3 3703 3700 3699
3 3703 3699 3701
3 3561 3674 3675
3 3561 3675 3566
3 3679 3615 3610
3 3679 3610 3676
3 1670 3644 3704
3 1670 3704 1671
3 3703 3548 3549
3 3703 3549 3700
3 1408 1673 1672
3 1408 1672 1409
3 3599 3600 3705
3 3599 3705 3644
3 1667 1669 3702
3 1667 3702 3646
3 1677 1676 1667
3 1677 1667 1429
3 1427 1428 3615
3 1427 3615 3679
3 1680 1678 1428
3 1680 1428 1427
3 1668 3707 3567
3 1668 3567 3678
3 1678 1680 1770
3 1678 1770 1769
3 3706 3642 3549
3 3706 3549 3548
3 3645 3646 3701
3 3645 3701 3611
3 1429 1667 3646
3 1429 3646 3645
3 1409 1672 1670
3 1409 1670 1682
3 1427 3679 3567
3 1427 3567 3707
3 1672 1673 3588
3 1672 3588 3599
3 1670 1672 3599
3 1670 3599 3644
3 3601 3600 3587
3 3601 3587 3586
3 3600 3599 3588
3 3600 3588 3587
3 1536 1674 1669
3 1536 1669 1667
3 1428 1429 3645
3 1428 3645 3615
3 1654 2216 2213
3 1654 2213 1676
3 1408 1679 1668
3 1408 1668 1673
3 1427 3707 3361
3 1427 3361 1680
3 1669 1674 3357
3 1669 3357 3358
3 3675 3674 3586
3 3675 3586 3587
3 3646 3702 3703
3 3646 3703 3701
3 1538 1670 1671
3 1538 1671 1675
3 1538 2210 1682
3 1538 1682 1670
3 1668 1679 3361
3 1668 3361 3707
3 1654 1676 1677
3 1654 1677 1771
3 3548 3703 3702
3 3548 3702 3578
3 3644 3705 3706
3 3644 3706 3704
3 1669 3358 3578
3 1669 3578 3702
3 1668 3678 3588
3 1668 3588 1673
3 1536 1667 1676
3 1536 1676 2213
3 3677 3561 3566
3 3677 3566 3676
3 3675 3587 3588
3 3675 3588 3678
3 3566 3675 3678
3 3566 3678 3567
3 3706 3548 3578
3 3706 3578 3704
3 3549 3642 3643
3 3549 3643 3550
3 3651 3686 3687
3 3651 3687 3594
3 3690 3552 3553
3 3690 3553 3693
3 3705 3600 3601
3 3705 3601 3641
3 3598 3626 3589
3 3598 3589 3590
3 3670 3590 3589
3 3670 3589 3640
3 3677 3639 3560
3 3677 3560 3561
3 3611 3609 3608
3 3611 3608 3610
3 3700 3549 3550
3 3700 3550 3698
3 3672 3559 3560
3 3672 3560 3639
3 3670 3593 3591
3 3670 3591 3590
3 3677 3616 3617
3 3677 3617 3639
3 3672 3606 3602
3 3672 3602 3604
3 3654 3651 3594
3 3654 3594 3643
3 3701 3699 3609
3 3701 3609 3611
3 3695 3694 3693
3 3695 3693 3692
3 3550 3643 3594
3 3550 3594 3551
3 3683 3688 3689
3 3683 3689 3685
3 3693 3553 3554
3 3693 3554 3692
3 3607 3603 3602
3 3607 3602 3606
3 3553 3689 3688
3 3553 3688 3554
3 3683 3685 3598
3 3683 3598 3597
3 3674 3640 3589
3 3674 3589 3546
3 3695 3603 3607
3 3695 3607 3694
3 3597 3598 3590
3 3597 3590 3591
3 3698 3550 3551
3 3698 3551 3595
3 3691 3690 3693
3 3691 3693 3694
3 3686 3685 3689
3 3686 3689 3687
3 3559 3670 3640
3 3559 3640 3560
3 3654 3653 3652
3 3654 3652 3651
3 3674 3546 3547
3 3674 3547 3586
3 3650 3649 3648
3 3650 3648 3647
3 3650 3699 3700
3 3650 3700 3698
3 3551 3594 3687
3 3551 3687 3552
3 3654 3643 3642
3 3654 3642 3641
3 3648 3649 3691
3 3648 3691 3627
3 3651 3652 3626
3 3651 3626 3686
3 3648 3627 3617
3 3648 3617 3616
3 3677 3676 3610
3 3677 3610 3608
3 3647 3648 3616
3 3647 3616 3614
3 3595 3551 3552
3 3595 3552 3690
3 3609 3647 3614
3 3609 3614 3608
3 3627 3607 3606
3 3627 3606 3617
3 3639 3617 3606
3 3639 3606 3672
3 3649 3595 3690
3 3649 3690 3691
3 3653 3547 3546
3 3653 3546 3652
3 3653 3654 3641
3 3653 3641 3601
3 3652 3546 3589
3 3652 3589 3626
3 3677 3608 3614
3 3677 3614 3616
3 3626 3598 3685
3 3626 3685 3686
3 3552 3687 3689
3 3552 3689 3553
3 3647 3609 3699
3 3647 3699 3650
3 3627 3691 3694
3 3627 3694 3607
3 3674 3561 3560
3 3674 3560 3640
3 3653 3601 3586
3 3653 3586 3547
3 3649 3650 3698
3 3649 3698 3595
3 3706 3705 3641
3 3706 3641 3642
3 3696 3680 3681
3 3696 3681 3697
3 3661 3638 3684
3 3661 3684 3682
3 3657 3637 3635
3 3657 3635 3659
3 3665 3634 3636
3 3665 3636 3664
3 3656 3658 3669
3 3656 3669 3613
3 3554 3688 3684
3 3554 3684 3555
3 3655 3656 3613
3 3655 3613 3612
3 3692 3554 3555
3 3692 3555 3681
3 3605 3655 3612
3 3605 3612 3604
3 3555 3684 3638
3 3555 3638 3577
3 3603 3605 3604
3 3603 3604 3602
3 3681 3555 3577
3 3681 3577 3697
3 3673 3612 3613
3 3673 3613 3668
3 3556 3579 3669
3 3556 3669 3562
3 3673 3672 3604
3 3673 3604 3612
3 3580 3556 3562
3 3580 3562 3666
3 3683 3597 3596
3 3683 3596 3682
3 3556 3580 3667
3 3556 3667 3557
3 3660 3661 3682
3 3660 3682 3596
3 3655 3605 3680
3 3655 3680 3696
3 3557 3667 3671
3 3557 3671 3558
3 3695 3680 3605
3 3695 3605 3603
3 3668 3557 3558
3 3668 3558 3673
3 3660 3596 3593
3 3660 3593 3592
3 3558 3671 3670
3 3558 3670 3559
3 3596 3597 3591
3 3596 3591 3593
3 3673 3558 3559
3 3673 3559 3672
3 3663 3660 3592
3 3663 3592 3585
3 3563 3662 3666
3 3563 3666 3562
3 3670 3671 3592
3 3670 3592 3593
3 3658 3563 3562
3 3658 3562 3669
3 3667 3585 3592
3 3667 3592 3671
3 3563 3658 3659
3 3563 3659 3564
3 3662 3663 3585
3 3662 3585 3666
3 3662 3563 3564
3 3662 3564 3665
3 3564 3659 3635
3 3564 3635 3565
3 3665 3564 3565
3 3665 3565 3634
3 3569 3622 3634
3 3569 3634 3565
3 3623 3569 3565
3 3623 3565 3635
3 3668 3613 3669
3 3668 3669 3579
3 3579 3556 3557
3 3579 3557 3668
3 3666 3585 3667
3 3666 3667 3580
3 3657 3696 3697
3 3657 3697 3637
3 3664 3636 3638
3 3664 3638 3661
3 3683 3682 3684
3 3683 3684 3688
3 3695 3692 3681
3 3695 3681 3680
3 3665 3664 3663
3 3665 3663 3662
3 3661 3660 3663
3 3661 3663 3664
3 3659 3658 3656
3 3659 3656 3657
3 3696 3657 3656
3 3696 3656 3655
3 1628 1850 1851
3 1628 1851 1631
3 1851 1544 1774
3 1851 1774 1631
3 1813 2218 2216
3 1813 2216 1543
3 1652 2233 2234
3 1652 2234 1653
3 1850 1628 2235
3 1850 2235 2236
3 1628 1653 2234
3 1628 2234 2235
3 1543 2216 1654
3 1543 1654 1655
3 1765 1773 1772
3 1765 1772 1768
3 1770 3728 3727
3 1770 3727 1767
3 3728 2235 2234
3 3728 2234 3727
3 1767 3727 3731
3 1767 3731 1766
3 3727 2234 2233
3 3727 2233 3731
3 1652 3833 3769
3 1652 3769 2233
3 3773 3861 3860
3 3773 3860 3770
3 3848 3849 3860
3 3848 3860 3861
3 3803 3802 3747
3 3803 3747 3837
3 3849 3848 3743
3 3849 3743 3804
3 3769 3833 3838
3 3769 3838 3772
3 3803 3837 3838
3 3803 3838 3833
3 3804 3743 3742
3 3804 3742 3744
3 3802 3746 3745
3 3802 3745 3747
3 3772 3882 3881
3 3772 3881 3769
3 3882 3773 3770
3 3882 3770 3881
3 1617 1649 1650
3 1617 1650 1651
3 3742 3900 3870
3 3742 3870 3744
3 1652 1653 1650
3 1652 1650 1649
3 1655 1777 1778
3 1655 1778 1543
3 3900 3745 3746
3 3900 3746 3870
3 1628 1631 1650
3 1628 1650 1653
3 1618 3903 3870
3 1618 3870 3746
3 1767 1766 1765
3 1767 1765 1768
3 1616 3744 3870
3 1616 3870 3903
3 1767 1768 1769
3 1767 1769 1770
3 1615 3804 3744
3 1615 3744 1616
3 1655 1654 1771
3 1655 1771 1772
3 1766 3731 3881
3 1766 3881 3770
3 1617 1618 3746
3 1617 3746 3802
3 1655 1772 1773
3 1655 1773 1615
3 1765 1766 3770
3 1765 3770 3860
3 1617 3802 3803
3 1617 3803 1649
3 1771 1769 1768
3 1771 1768 1772
3 1765 3860 3849
3 1765 3849 1773
3 1649 3803 3833
3 1649 3833 1652
3 1615 1773 3849
3 1615 3849 3804
3 1651 1774 1775
3 1651 1775 1776
3 1616 3903 3906
3 1616 3906 1777
3 2233 3769 3881
3 2233 3881 3731
3 1650 1631 1774
3 1650 1774 1651
3 1618 1776 3906
3 1618 3906 3903
3 1775 3904 3906
3 1775 3906 1776
3 1655 1615 1616
3 1655 1616 1777
3 1777 3906 3904
3 1777 3904 1778
3 1651 1776 1618
3 1651 1618 1617
3 3897 3854 3761
3 3897 3761 3896
3 3850 3822 3859
3 3850 3859 3858
3 3762 3763 3759
3 3762 3759 3761
3 3750 3898 3897
3 3750 3897 3853
3 3794 3797 3854
3 3794 3854 3805
3 3898 3805 3854
3 3898 3854 3897
3 3797 3762 3761
3 3797 3761 3854
3 3748 3899 3898
3 3748 3898 3750
3 3799 3798 3750
3 3799 3750 3853
3 3899 3806 3805
3 3899 3805 3898
3 3799 3853 3758
3 3799 3758 3757
3 3771 3840 3834
3 3771 3834 3832
3 3821 3757 3754
3 3821 3754 3841
3 3771 3772 3838
3 3771 3838 3840
3 3801 3839 3749
3 3801 3749 3798
3 3773 3774 3862
3 3773 3862 3861
3 3822 3850 3763
3 3822 3763 3762
3 3847 3848 3861
3 3847 3861 3862
3 3795 3794 3807
3 3795 3807 3847
3 3743 3848 3847
3 3743 3847 3807
3 3809 3831 3842
3 3809 3842 3776
3 3742 3743 3807
3 3742 3807 3806
3 3821 3841 3842
3 3821 3842 3831
3 3742 3806 3899
3 3742 3899 3900
3 3839 3801 3834
3 3839 3834 3840
3 3745 3900 3899
3 3745 3899 3748
3 3801 3800 3832
3 3801 3832 3834
3 3745 3748 3749
3 3745 3749 3747
3 3800 3821 3831
3 3800 3831 3832
3 3747 3749 3839
3 3747 3839 3837
3 3797 3796 3822
3 3797 3822 3762
3 3837 3839 3840
3 3837 3840 3838
3 3800 3799 3757
3 3800 3757 3821
3 3795 3847 3862
3 3795 3862 3901
3 3794 3805 3806
3 3794 3806 3807
3 3795 3901 3902
3 3795 3902 3796
3 3798 3799 3800
3 3798 3800 3801
3 3774 3902 3901
3 3774 3901 3862
3 3794 3795 3796
3 3794 3796 3797
3 3798 3749 3748
3 3798 3748 3750
3 3774 3808 3859
3 3774 3859 3902
3 3771 3832 3831
3 3771 3831 3809
3 3757 3758 3755
3 3757 3755 3754
3 3771 3809 3888
3 3771 3888 3887
3 3753 3845 3841
3 3753 3841 3754
3 3774 3887 3888
3 3774 3888 3808
3 3841 3845 3846
3 3841 3846 3842
3 3753 3754 3755
3 3753 3755 3756
3 3796 3902 3859
3 3796 3859 3822
3 3771 3887 3882
3 3771 3882 3772
3 3887 3774 3773
3 3887 3773 3882
3 3776 3889 3888
3 3776 3888 3809
3 3889 3778 3808
3 3889 3808 3888
3 3755 3895 3894
3 3755 3894 3756
3 3895 3759 3760
3 3895 3760 3894
3 3758 3896 3895
3 3758 3895 3755
3 3896 3761 3759
3 3896 3759 3895
3 3853 3897 3896
3 3853 3896 3758
3 3778 3858 3859
3 3778 3859 3808
3 3765 3851 3852
3 3765 3852 3766
3 3783 3884 3883
3 3783 3883 3814
3 3765 3763 3850
3 3765 3850 3851
3 3789 3790 3792
3 3789 3792 3791
3 3884 3789 3813
3 3884 3813 3883
3 3775 3776 3844
3 3775 3844 3836
3 3786 3885 3884
3 3786 3884 3783
3 3775 3836 3835
3 3775 3835 3780
3 3892 3869 3779
3 3892 3779 3886
3 3885 3790 3789
3 3885 3789 3884
3 3845 3843 3844
3 3845 3844 3846
3 3790 3885 3886
3 3790 3886 3779
3 3843 3793 3836
3 3843 3836 3844
3 3885 3786 3782
3 3885 3782 3886
3 3793 3792 3835
3 3793 3835 3836
3 3775 3890 3889
3 3775 3889 3776
3 3792 3790 3779
3 3792 3779 3835
3 3783 3784 3785
3 3783 3785 3786
3 3890 3777 3778
3 3890 3778 3889
3 3783 3814 3812
3 3783 3812 3784
3 3780 3891 3890
3 3780 3890 3775
3 3791 3811 3813
3 3791 3813 3789
3 3891 3781 3777
3 3891 3777 3890
3 3787 3810 3764
3 3787 3764 3766
3 3893 3764 3810
3 3893 3810 3871
3 3869 3892 3891
3 3869 3891 3780
3 3765 3760 3759
3 3765 3759 3763
3 3756 3894 3893
3 3756 3893 3767
3 3892 3868 3781
3 3892 3781 3891
3 3752 3768 3767
3 3752 3767 3751
3 3894 3760 3764
3 3894 3764 3893
3 3868 3892 3886
3 3868 3886 3782
3 3865 3876 3877
3 3865 3877 3866
3 3752 3791 3792
3 3752 3792 3793
3 3864 3867 3877
3 3864 3877 3876
3 3767 3893 3871
3 3767 3871 3751
3 3787 3788 3785
3 3787 3785 3784
3 3753 3756 3767
3 3753 3767 3768
3 3765 3766 3764
3 3765 3764 3760
3 3824 3830 3828
3 3824 3828 3825
3 3818 3824 3825
3 3818 3825 3813
3 3776 3842 3846
3 3776 3846 3844
3 3778 3855 3857
3 3778 3857 3858
3 3827 3867 3864
3 3827 3864 3829
3 3828 3830 3865
3 3828 3865 3866
3 3786 3785 3863
3 3786 3863 3782
3 3784 3812 3810
3 3784 3810 3787
3 3781 3863 3856
3 3781 3856 3777
3 3791 3752 3751
3 3791 3751 3811
3 3778 3777 3856
3 3778 3856 3855
3 3782 3863 3781
3 3782 3781 3868
3 3785 3788 3856
3 3785 3856 3863
3 3780 3835 3779
3 3780 3779 3869
3 3851 3850 3858
3 3851 3858 3857
3 3827 3878 3877
3 3827 3877 3867
3 3852 3851 3857
3 3852 3857 3855
3 3878 3828 3866
3 3878 3866 3877
3 3788 3852 3855
3 3788 3855 3856
3 3828 3878 3879
3 3828 3879 3825
3 3753 3768 3843
3 3753 3843 3845
3 3878 3827 3826
3 3878 3826 3879
3 3793 3843 3768
3 3793 3768 3752
3 3825 3879 3883
3 3825 3883 3813
3 3788 3787 3766
3 3788 3766 3852
3 3879 3826 3814
3 3879 3814 3883
3 1735 1736 1733
3 1735 1733 1734
3 1736 1584 1589
3 1736 1589 1733
3 1739 1582 1587
3 1739 1587 1738
3 1736 1740 1738
3 1736 1738 1737
3 1742 1741 1740
3 1742 1740 1743
3 1735 1743 1740
3 1735 1740 1736
3 1580 1581 1582
3 1580 1582 1810
3 1741 1810 1582
3 1741 1582 1739
3 1585 1737 1738
3 1585 1738 1587
3 1571 1573 1580
3 1573 1579 1580
3 1580 1579 1583
3 1580 1583 1581
3 1578 1584 1585
3 1578 1585 1586
3 1578 1586 1583
3 1578 1583 1579
3 1577 1578 1579
3 1577 1579 1573
3 1581 1583 1587
3 1581 1587 1582
3 1591 1592 1590
3 1592 1593 1590
3 1585 1587 1583
3 1585 1583 1586
3 1578 1588 1589
3 1578 1589 1584
3 1577 1590 1588
3 1577 1588 1578
3 1576 1591 1590
3 1576 1590 1577
3 1590 1593 1594
3 1590 1594 1588
3 1588 1594 1595
3 1588 1595 1589
3 1736 1737 1585
3 1736 1585 1584
3 1593 1592 1595
3 1593 1595 1594
3 1731 1732 1595
3 1731 1595 1592
3 1733 1589 1595
3 1733 1595 1732
3 1734 1733 1732
3 1734 1732 1731
3 1741 1739 1738
3 1741 1738 1740
3 1591 1734 1731
3 1591 1731 1592
3 1576 1735 1734
3 1576 1734 1591
3 3469 3463 3462
3 3469 3462 3474
3 3473 3461 3464
3 3473 3464 3472
3 3463 3457 3459
3 3463 3459 3462
3 3461 3460 3458
3 3461 3458 3464
3 3473 3472 3471
3 3473 3471 3475
3 3471 3407 3415
3 3471 3415 3468
3 3423 3420 3410
3 3423 3410 3411
3 3422 3411 3410
3 3422 3410 3421
3 3414 3469 3470
3 3414 3470 3407
3 3472 3414 3407
3 3472 3407 3471
3 3407 3470 3467
3 3407 3467 3415
3 3409 3460 3461
3 3409 3461 3408
3 3459 3409 3408
3 3459 3408 3462
3 3464 3413 3414
3 3464 3414 3472
3 3409 3459 3421
3 3409 3421 3410
3 3460 3409 3410
3 3460 3410 3420
3 3412 3458 3423
3 3412 3423 3411
3 3457 3412 3411
3 3457 3411 3422
3 3412 3457 3463
3 3412 3463 3413
3 3458 3412 3413
3 3458 3413 3464
3 3413 3463 3469
3 3413 3469 3414
3 3416 3477 3468
3 3416 3468 3415
3 3536 3416 3415
3 3536 3415 3467
3 3459 3457 3422
3 3459 3422 3421
3 3460 3420 3423
3 3460 3423 3458
3 3476 3470 3469
3 3476 3469 3474
3 3475 3471 3468
3 3475 3468 3477
3 3536 3467 3470
3 3536 3470 3476
3 1376 3221 3213
3 1376 3213 1379
3 1374 1386 1383
3 1374 1383 1375
3 1384 1390 1388
3 1384 1388 1385
3 1386 1387 1389
3 1386 1389 1383
3 1378 1384 1385
3 1378 1385 1373
3 1307 1380 1377
3 1307 1377 1371
3 3216 1389 2219
3 3216 2219 3217
3 1372 1376 1379
3 1372 1379 1370
3 1371 1377 1378
3 1371 1378 1373
3 1374 1375 1376
3 1374 1376 1372
3 1387 2222 2219
3 1387 2219 1389
3 1388 1390 2220
3 1388 2220 2221
3 1307 3212 3213
3 1307 3213 1380
3 3212 1370 1379
3 3212 1379 3213
3 3215 1384 1378
3 3215 1378 3214
3 1383 3215 3214
3 1383 3214 1375
3 1389 3216 3215
3 1389 3215 1383
3 3216 1390 1384
3 3216 1384 3215
3 1390 3216 3217
3 1390 3217 2220
3 1387 3219 3218
3 1387 3218 2222
3 3219 1388 2221
3 3219 2221 3218
3 1388 3219 3220
3 1388 3220 1385
3 2219 2222 3218
3 2219 3218 3217
3 3219 1387 1386
3 3219 1386 3220
3 3221 1377 1380
3 3221 1380 3213
3 1375 3214 3221
3 1375 3221 1376
3 3214 1378 1377
3 3214 1377 3221
3 2220 3217 3218
3 2220 3218 2221
3 3633 3575 3568
3 3633 3568 3632
3 3632 3568 3576
3 3632 3576 3629
3 3570 3621 3622
3 3570 3622 3569
3 3620 3570 3569
3 3620 3569 3623
3 3575 3630 3631
3 3575 3631 3568
3 3570 3620 3582
3 3570 3582 3571
3 3621 3570 3571
3 3621 3571 3581
3 3573 3619 3584
3 3573 3584 3572
3 3618 3573 3572
3 3618 3572 3583
3 3573 3618 3624
3 3573 3624 3574
3 3574 3624 3630
3 3574 3630 3575
3 3625 3574 3575
3 3625 3575 3633
3 3630 3624 3623
3 3630 3623 3635
3 3577 3638 3629
3 3577 3629 3576
3 3697 3577 3576
3 3697 3576 3628
3 3568 3631 3628
3 3568 3628 3576
3 3697 3628 3631
3 3697 3631 3637
3 3620 3618 3583
3 3620 3583 3582
3 3634 3633 3632
3 3634 3632 3636
3 3637 3631 3630
3 3637 3630 3635
3 3636 3632 3629
3 3636 3629 3638
3 3621 3581 3584
3 3621 3584 3619
3 3634 3622 3625
3 3634 3625 3633
3 3622 3621 3619
3 3622 3619 3625
3 3624 3618 3620
3 3624 3620 3623
3 3619 3573 3574
3 3619 3574 3625
3 3584 3581 3571
3 3584 3571 3572
3 3583 3572 3571
3 3583 3571 3582
3 3823 3874 3873
3 3823 3873 3815
3 3874 3824 3818
3 3874 3818 3873
3 3829 3875 3874
3 3829 3874 3823
3 3875 3830 3824
3 3875 3824 3874
3 3830 3875 3876
3 3830 3876 3865
3 3875 3829 3864
3 3875 3864 3876
3 3816 3880 3872
3 3816 3872 3819
3 3880 3817 3820
3 3880 3820 3872
3 3815 3873 3880
3 3815 3880 3816
3 3873 3818 3817
3 3873 3817 3880
3 3814 3815 3816
3 3814 3816 3812
3 3814 3826 3823
3 3814 3823 3815
3 3751 3820 3817
3 3751 3817 3811
3 3751 3871 3872
3 3751 3872 3820
3 3812 3816 3819
3 3812 3819 3810
3 3811 3817 3818
3 3811 3818 3813
3 3871 3810 3819
3 3871 3819 3872
3 3826 3827 3829
3 3826 3829 3823
3 1326 3222 3223
3 1326 3223 1426
3 1537 1528 1817
3 1537 1817 1816
3 1821 2204 2203
3 1821 2203 1415
3 3312 3317 3318
3 3312 3318 3351
3 1638 1663 1662
3 1638 1662 1639
3 2256 3255 2258
3 2256 2258 2259
3 2246 3259 3260
3 2246 3260 2253
3 3293 3736 3737
3 3293 3737 3292
3 3370 3371 3377
3 3370 3377 3376
3 3222 1328 1425
3 3222 1425 3223
3 2204 1821 1619
3 2204 1619 2205
3 1606 3351 3318
3 1606 3318 3311
3 1635 1634 1662
3 1635 1662 1663
3 2254 3231 2255
3 2254 2255 2256
3 1526 1535 2227
3 1526 2227 2226
3 3736 3294 3295
3 3736 3295 3737
3 3371 3372 3378
3 3371 3378 3377
3 1845 3226 3223
3 1845 3223 1425
3 1549 2206 2205
3 1549 2205 1619
3 1501 1823 3262
3 1501 3262 3352
3 1611 1612 1662
3 1611 1662 1634
3 1607 3275 3274
3 1607 3274 2254
3 1273 1275 3269
3 1273 3269 3268
3 3294 3736 3735
3 3294 3735 3279
3 1635 1663 3369
3 1635 3369 3375
3 3226 1846 1426
3 3226 1426 3223
3 1414 2207 2209
3 1414 2209 1818
3 1502 3352 3262
3 1502 3262 1824
3 1467 1685 1276
3 1467 1276 1274
3 2256 2259 3301
3 2256 3301 3300
3 1275 1277 3270
3 1275 3270 3269
3 3736 3293 3280
3 3736 3280 3735
3 2173 3379 3309
3 2173 3309 3303
3 2240 2241 2248
3 2240 2248 2247
3 1846 3226 3227
3 1846 3227 1283
3 1818 2209 2208
3 1818 2208 1525
3 1531 3251 3356
3 1531 3356 1815
3 3730 2237 2236
3 3730 2236 3729
3 1467 1274 1272
3 1467 1272 1468
3 2254 2256 3300
3 2254 3300 3299
3 2207 2210 2212
3 2207 2212 2209
3 3276 3734 3738
3 3276 3738 3310
3 1527 3207 3206
3 1527 3206 1819
3 1635 3375 3380
3 1635 3380 3308
3 3382 3381 3383
3 3382 3383 3384
3 3226 1845 1284
3 3226 1284 3227
3 1819 1818 1525
3 1819 1525 1527
3 1537 1816 3356
3 1537 3356 3251
3 1710 1721 1279
3 1710 1279 1278
3 1607 2254 3299
3 1607 3299 3298
3 2208 2209 2212
3 2208 2212 2211
3 3258 2228 2244
3 3258 2244 3259
3 3734 3270 3309
3 3734 3309 3738
3 2264 3308 3380
3 2264 3380 3382
3 2206 3209 3228
3 2206 3228 2225
3 1817 2212 2210
3 1817 2210 1538
3 1674 1815 3356
3 1674 3356 3357
3 1843 1711 1722
3 1843 1722 1842
3 1276 3304 3303
3 1276 3303 1277
3 1526 2208 2211
3 1526 2211 1535
3 3292 3737 3739
3 3292 3739 3369
3 3297 3364 3372
3 3297 3372 3371
3 2173 2175 3381
3 2173 3381 3379
3 3209 1526 2226
3 3209 2226 3228
3 2212 1817 1528
3 2212 1528 2211
3 1675 3357 3356
3 1675 3356 1816
3 2201 2204 2205
3 2201 2205 2202
3 1724 1725 1280
3 1724 1280 1279
3 3304 2174 2173
3 3304 2173 3303
3 2226 2227 2243
3 2226 2243 2242
3 3259 2244 2251
3 3259 2251 3260
3 3737 3295 3370
3 3737 3370 3739
3 2225 3228 3229
3 2225 3229 2241
3 1528 1537 1535
3 1528 1535 2211
3 2214 2215 2218
3 2214 2218 2217
3 1726 1841 1842
3 1726 1842 1722
3 1685 3302 3304
3 1685 3304 1276
3 2242 2243 2250
3 2242 2250 2249
3 2253 3260 3261
3 2253 3261 2259
3 3369 3739 3740
3 3369 3740 3375
3 2175 2182 3383
3 2175 3383 3381
3 3228 2226 2242
3 3228 2242 3229
3 1536 2213 2215
3 1536 2215 1814
3 1285 3359 3360
3 1285 3360 1847
3 1727 1724 1279
3 1727 1279 1721
3 3302 1666 2174
3 3302 2174 3304
3 2249 2250 2256
3 2249 2256 2255
3 3260 2251 2257
3 3260 2257 3261
3 3739 3370 3376
3 3739 3376 3740
3 2264 3382 3384
3 2264 3384 2265
3 2241 3229 3230
3 2241 3230 2248
3 1814 2215 2214
3 1814 2214 1530
3 3359 1794 1848
3 3359 1848 3360
3 1775 1774 1544
3 1775 1544 1811
3 1666 3302 3305
3 1666 3305 2238
3 2247 3274 3275
3 2247 3275 3266
3 1545 3263 3262
3 1545 3262 1823
3 3375 3740 3738
3 3375 3738 3309
3 3379 3381 3382
3 3379 3382 3380
3 3229 2242 2249
3 3229 2249 3230
3 1529 1531 1530
3 1529 1530 2214
3 1847 3360 3361
3 1847 3361 1679
3 1534 1533 1813
3 1534 1813 1812
3 3302 1685 2239
3 3302 2239 3305
3 2247 2248 2254
3 2247 2254 3274
3 3263 1548 1824
3 3263 1824 3262
3 3740 3376 3310
3 3740 3310 3738
3 3365 3377 3378
3 3365 3378 3367
3 2248 3230 3231
3 2248 3231 2254
3 2218 1813 1533
3 2218 1533 2217
3 3360 1848 1680
3 3360 1680 3361
3 1815 1814 1530
3 1815 1530 1531
3 1634 3307 3306
3 1634 3306 1611
3 1607 1624 3266
3 1607 3266 3275
3 1632 1633 1630
3 1632 1630 1629
3 1546 3264 3263
3 1546 3263 1545
3 3310 3376 3377
3 3310 3377 3365
3 3230 2249 2255
3 3230 2255 3231
3 1532 2217 1533
3 1532 1533 1534
3 1794 3359 3362
3 1794 3362 3278
3 3307 1661 1614
3 3307 1614 3306
3 1470 1623 1624
3 1470 1624 1471
3 2252 2253 2259
3 2252 2259 2258
3 3264 1547 1548
3 3264 1548 3263
3 1281 3708 3741
3 1281 3741 3725
3 3309 3379 3380
3 3309 3380 3375
3 1529 3250 3251
3 1529 3251 1531
3 1547 1625 1626
3 1547 1626 1548
3 3359 1285 3277
3 3359 3277 3362
3 1635 3308 3307
3 1635 3307 1634
3 1419 1425 1328
3 1419 1328 1423
3 1529 2214 2217
3 1529 2217 1532
3 2224 3265 3264
3 2224 3264 1546
3 1778 3904 3905
3 1778 3905 1812
3 3368 3372 3373
3 3368 3373 3374
3 3250 1535 1537
3 3250 1537 3251
3 1547 1622 1627
3 1547 1627 1625
3 3291 3363 3362
3 3291 3362 3277
3 1821 1820 1549
3 1821 1549 1619
3 3308 2264 1661
3 3308 1661 3307
3 1812 1813 1543
3 1812 1543 1778
3 1529 1532 2230
3 1529 2230 2229
3 3265 2223 1547
3 3265 1547 3264
3 1775 1811 3905
3 1775 3905 3904
3 3367 3378 3372
3 3367 3372 3368
3 2229 3252 3250
3 2229 3250 1529
3 1547 2223 1610
3 1547 1610 1622
3 3363 3296 3278
3 3363 3278 3362
3 1545 1823 1822
3 1545 1822 1620
3 1277 3303 3309
3 1277 3309 3270
3 2223 3265 3267
3 2223 3267 1623
3 1541 1539 1540
3 1541 1540 1542
3 2229 2230 2246
3 2229 2246 2245
3 1819 3206 3208
3 1819 3208 1412
3 1540 3256 3257
3 1540 3257 1542
3 1844 3717 3716
3 1844 3716 1282
3 1610 1725 1724
3 1610 1724 1622
3 3252 2227 1535
3 3252 1535 3250
3 1664 3314 3317
3 1664 3317 3316
3 1540 1539 1621
3 1540 1621 2228
3 3290 3364 3363
3 3290 3363 3291
3 1825 1824 1548
3 1825 1548 1626
3 1611 3306 3301
3 1611 3301 2259
3 1466 1472 3315
3 1466 3315 3314
3 1816 1817 1538
3 1816 1538 1675
3 2245 2246 2253
3 2245 2253 2252
3 3265 2224 2240
3 3265 2240 3267
3 1541 1542 1811
3 1541 1811 1544
3 3717 1843 1710
3 3717 1710 3716
3 2227 3252 3253
3 2227 3253 2243
3 1613 1621 1636
3 1613 1636 1639
3 3364 3297 3296
3 3364 3296 3363
3 1825 1626 1625
3 1825 1625 1854
3 1607 3298 3311
3 1607 3311 1608
3 1536 1814 1815
3 1536 1815 1674
3 1283 3227 3282
3 1283 3282 3281
3 1623 3267 3266
3 1623 3266 1624
3 1542 3257 3905
3 1542 3905 1811
3 1640 3718 3717
3 1640 3717 1844
3 3252 2229 2245
3 3252 2245 3253
3 1629 1850 2236
3 1629 2236 2237
3 3272 3276 3366
3 3272 3366 3284
3 1841 1727 1721
3 1841 1721 1842
3 1614 2263 3301
3 1614 3301 3306
3 1414 1818 1819
3 1414 1819 1412
3 1285 1283 3281
3 1285 3281 3277
3 3267 2240 2247
3 3267 2247 3266
3 1534 1812 3905
3 1534 3905 3257
3 3718 1711 1843
3 3718 1843 3717
3 2243 3253 3254
3 2243 3254 2250
3 1463 2239 1685
3 1463 1685 1467
3 3276 3310 3365
3 3276 3365 3366
3 1710 1843 1842
3 1710 1842 1721
3 2262 3300 3301
3 2262 3301 2263
3 1499 1502 1824
3 1499 1824 1825
3 1793 1794 3278
3 1793 3278 3279
3 2200 2203 2204
3 2200 2204 2201
3 1603 2182 2175
3 1603 2175 2176
3 1281 3725 3726
3 1281 3726 1278
3 1415 1413 1820
3 1415 1820 1821
3 3253 2245 2252
3 3253 2252 3254
3 1603 1666 2238
3 1603 2238 1604
3 3284 3366 3368
3 3284 3368 3286
3 1851 1850 1629
3 1851 1629 1630
3 2261 3299 3300
3 2261 3300 2262
3 1823 1501 1500
3 1823 1500 1822
3 1282 3273 3283
3 1282 3283 1284
3 3725 3271 3273
3 3725 3273 3726
3 2250 3254 3255
3 2250 3255 2256
3 1454 1664 2239
3 1454 2239 1463
3 3365 3367 3368
3 3365 3368 3366
3 1630 1541 1544
3 1630 1544 1851
3 2260 3298 3299
3 2260 3299 2261
3 1463 1467 1468
3 1463 1468 1464
3 1284 3283 3282
3 1284 3282 3227
3 1546 2202 2205
3 1546 2205 2206
3 1278 3726 3716
3 1278 3716 1710
3 3254 2252 2258
3 3254 2258 3255
3 2213 2216 2218
3 2213 2218 2215
3 1470 1610 2223
3 1470 2223 1623
3 1629 2237 3280
3 1629 3280 1632
3 1854 1625 1627
3 1854 1627 1852
3 1604 2238 3313
3 1604 3313 1789
3 1849 3729 3728
3 1849 3728 1770
3 3271 3272 3284
3 3271 3284 3285
3 1419 1421 1640
3 1419 1640 1425
3 3726 3273 1282
3 3726 1282 3716
3 1534 3257 3256
3 1534 3256 1532
3 2228 1621 1613
3 2228 1613 2244
3 1632 3280 3293
3 1632 3293 1637
3 1855 1854 1852
3 1855 1852 1853
3 1454 1466 3314
3 1454 3314 1664
3 1278 1279 1280
3 1278 1280 1281
3 3284 3286 3287
3 3284 3287 3285
3 3725 3741 3732
3 3725 3732 3271
3 1425 1640 1844
3 1425 1844 1845
3 1532 3256 3258
3 1532 3258 2230
3 1637 3293 3292
3 1637 3292 1638
3 2173 2174 2176
3 2173 2176 2175
3 1606 3311 3298
3 1606 3298 2260
3 1276 1277 1275
3 1276 1275 1274
3 3286 3288 3289
3 3286 3289 3287
3 1282 1284 1845
3 1282 1845 1844
3 3729 2236 2235
3 3729 2235 3728
3 2251 1612 1611
3 2251 1611 2257
3 1638 3292 3369
3 1638 3369 1663
3 1603 2176 2174
3 1603 2174 1666
3 1471 1608 3315
3 1471 3315 1472
3 1272 1274 1275
3 1272 1275 1273
3 3271 3285 3283
3 3271 3283 3273
3 1793 3730 3729
3 1793 3729 1849
3 2230 3258 3259
3 2230 3259 2246
3 1636 1637 1638
3 1636 1638 1639
3 3295 3297 3371
3 3295 3371 3370
3 1726 1853 1852
3 1726 1852 1841
3 1608 1471 1624
3 1608 1624 1607
3 3282 3283 3285
3 3282 3285 3287
3 1632 1637 1636
3 1632 1636 1633
3 1426 1846 1847
3 1426 1847 1679
3 1525 2208 1526
3 1525 1526 1527
3 1627 1727 1841
3 1627 1841 1852
3 2238 3305 3316
3 2238 3316 3313
3 1499 1825 1854
3 1499 1854 1855
3 3281 3282 3287
3 3281 3287 3289
3 1283 1285 1847
3 1283 1847 1846
3 3269 3733 3732
3 3269 3732 3268
3 3207 1549 1820
3 3207 1820 3206
3 3290 3373 3372
3 3290 3372 3364
3 1622 1724 1727
3 1622 1727 1627
3 1664 3316 3305
3 1664 3305 2239
3 3288 3290 3291
3 3288 3291 3289
3 1793 1849 1848
3 1793 1848 1794
3 3733 3272 3271
3 3733 3271 3732
3 3256 1540 2228
3 3256 2228 3258
3 1539 1541 1630
3 1539 1630 1633
3 3277 3281 3289
3 3277 3289 3291
3 1680 1848 1849
3 1680 1849 1770
3 3270 3734 3733
3 3270 3733 3269
3 3278 3296 3294
3 3278 3294 3279
3 3206 1820 1413
3 3206 1413 3208
3 1500 2200 2201
3 1500 2201 1822
3 3312 3313 3316
3 3312 3316 3317
3 1539 1633 1636
3 1539 1636 1621
3 3295 3294 3296
3 3295 3296 3297
3 3734 3276 3272
3 3734 3272 3733
3 2244 1613 1612
3 2244 1612 2251
3 1526 3209 3207
3 1526 3207 1527
3 1408 1410 1426
3 1408 1426 1679
3 1822 2201 2202
3 1822 2202 1620
3 1608 3311 3318
3 1608 3318 3315
3 1546 2206 2225
3 1546 2225 2224
3 2237 3730 3735
3 2237 3735 3280
3 3288 3374 3373
3 3288 3373 3290
3 3209 2206 1549
3 3209 1549 3207
3 1545 1620 2202
3 1545 2202 1546
3 3314 3315 3318
3 3314 3318 3317
3 1613 1639 1662
3 1613 1662 1612
3 1611 2259 3261
3 1611 3261 2257
3 2224 2225 2241
3 2224 2241 2240
3 3730 1793 3279
3 3730 3279 3735
3 3286 3368 3374
3 3286 3374 3288
3 1832 1831 1220
3 1832 1220 966
3 972 1971 1223
3 972 1223 1222
3 972 973 974
3 972 974 1971
3 1225 1226 1997
3 1225 1997 1996
3 974 1970 2098
3 974 2098 1971
3 1223 1971 2098
3 1223 2098 1224
3 2098 1970 2100
3 2098 2100 2099
3 1224 2098 2099
3 1224 2099 1225
3 2099 2100 2102
3 2099 2102 2101
3 1225 2099 2101
3 1225 2101 1226
3 1226 2101 2103
3 1226 2103 2104
3 1226 2104 1227
3 1226 1227 1997
3 2103 2107 2106
3 2103 2106 2104
3 1227 2104 2106
3 1227 2106 1228
3 2103 2105 2111
3 2103 2111 2107
3 968 1224 1225
3 968 1225 1996
3 2107 2111 3008
3 2107 3008 3009
3 962 963 964
3 962 964 965
3 966 1220 1221
3 966 1221 967
3 1222 1221 965
3 1222 965 972
3 969 1223 1224
3 969 1224 968
3 969 971 1222
3 969 1222 1223
3 975 976 1829
3 975 1829 1830
3 971 967 1221
3 971 1221 1222
3 972 965 964
3 972 964 973
3 977 1219 1831
3 977 1831 1832
3 1831 1219 975
3 1831 975 1830
3 2101 2102 2105
3 2101 2105 2103
3 1221 1220 962
3 1221 962 965
3 1830 1829 963
3 1830 963 962
3 1220 1831 1830
3 1220 1830 962
3 1132 2108 2109
3 1132 2109 2113
3 2107 3009 3050
3 2107 3050 2109
3 2106 2107 2109
3 2106 2109 2108
3 1132 1230 1229
3 1132 1229 2108
3 2109 3050 2110
3 2109 2110 2113
3 1008 1012 2012
3 1008 2012 2008
3 1008 2008 2007
3 1008 2007 1004
3 1014 2000 1999
3 1014 1999 1246
3 1009 1010 950
3 1009 950 949
3 1002 1007 1006
3 1002 1006 1003
3 1005 1013 1241
3 1005 1241 1242
3 1242 1241 1008
3 1242 1008 1004
3 1009 1011 1241
3 1009 1241 1013
3 2008 1007 1002
3 2008 1002 2007
3 1007 2008 2012
3 1007 2012 2000
3 1006 1007 2000
3 1006 2000 1014
3 1008 1241 1011
3 1008 1011 1012
3 1094 1833 1832
3 1094 1832 966
3 945 1083 1084
3 945 1084 1085
3 971 1086 1087
3 971 1087 967
3 969 968 1091
3 969 1091 1092
3 1833 1095 977
3 1833 977 1832
3 1096 2001 2003
3 1096 2003 2002
3 1834 1093 1095
3 1834 1095 1833
3 2002 2003 2017
3 2002 2017 2021
3 1092 1080 1079
3 1092 1079 1086
3 969 1092 1086
3 969 1086 971
3 1090 2021 2017
3 1090 2017 2006
3 1083 1094 1087
3 1083 1087 1084
3 1081 2021 1090
3 1081 1090 1089
3 1256 1255 1088
3 1256 1088 1082
3 1083 1834 1833
3 1083 1833 1094
3 945 1835 1834
3 945 1834 1083
3 1080 1092 1091
3 1080 1091 1256
3 1080 1256 1082
3 1080 1082 1081
3 1086 1079 1084
3 1086 1084 1087
3 1084 1079 1089
3 1084 1089 1085
3 1082 1088 1096
3 1082 1096 2002
3 1081 1082 2002
3 1081 2002 2021
3 966 967 1087
3 966 1087 1094
3 1835 944 1093
3 1835 1093 1834
3 1079 1080 1081
3 1079 1081 1089
3 883 1131 1047
3 883 1047 884
3 1131 973 964
3 1131 964 1047
3 973 1131 1973
3 973 1973 974
3 887 914 1974
3 887 1974 1972
3 883 890 1973
3 883 1973 1131
3 1973 890 891
3 1973 891 1989
3 974 1973 1989
3 974 1989 1970
3 891 1972 1974
3 891 1974 1989
3 2060 3939 3952
3 2060 3952 2123
3 1231 3961 3960
3 1231 3960 1133
3 3961 1230 1132
3 3961 1132 3960
3 3963 2039 1133
3 3963 1133 3960
3 1977 2055 2039
3 1977 2039 1978
3 1978 2039 3963
3 1978 3963 3962
3 3939 2063 2124
3 3939 2124 3952
3 2110 3962 3963
3 2110 3963 2113
3 2059 2063 2064
3 2059 2064 2065
3 2064 2073 2074
3 2064 2074 2065
3 1977 2121 2123
3 1977 2123 2055
3 2113 3963 3960
3 2113 3960 1132
3 2121 3025 2060
3 2121 2060 2123
3 2062 2124 2122
3 2062 2122 2058
3 2124 2063 2059
3 2124 2059 2122
3 3346 2122 2059
3 3346 2059 3341
3 2039 3937 3935
3 2039 3935 1133
3 2055 3938 3937
3 2055 3937 2039
3 3938 2062 2056
3 3938 2056 3937
3 2061 3940 3939
3 2061 3939 2060
3 3940 2064 2063
3 3940 2063 3939
3 2123 3952 3938
3 2123 3938 2055
3 3952 2124 2062
3 3952 2062 3938
3 2013 1999 2000
3 2013 2000 2012
3 2015 1998 1999
3 2015 1999 2013
3 1228 2106 2108
3 1228 2108 1229
3 3927 3928 3929
3 3927 3929 3930
3 3930 3929 1199
3 3930 1199 3931
3 3927 3930 3934
3 3927 3934 3933
3 3930 3931 1189
3 3930 1189 3934
3 1198 1199 3929
3 1198 3929 1200
3 1077 1200 3929
3 1077 3929 3928
3 922 1012 1011
3 922 1011 953
3 1230 3961 3931
3 1230 3931 1199
3 1194 1096 1088
3 1194 1088 1193
3 3961 1231 1189
3 3961 1189 3931
3 1042 1192 1195
3 1042 1195 1072
3 2012 2014 2015
3 2012 2015 2013
3 1072 1195 1196
3 1072 1196 1073
3 1998 2015 2014
3 1998 2014 2001
3 922 2014 2012
3 922 2012 1012
3 1195 970 1197
3 1195 1197 1196
3 970 1227 1228
3 970 1228 1197
3 1198 1197 1228
3 1198 1228 1229
3 1199 1198 1229
3 1199 1229 1230
3 1200 1196 1197
3 1200 1197 1198
3 1200 1077 1073
3 1200 1073 1196
3 1009 949 953
3 1009 953 1011
3 1246 1194 1193
3 1246 1193 1245
3 1245 1193 1254
3 1245 1254 1253
3 1255 1254 1193
3 1255 1193 1088
3 1253 1254 1994
3 1253 1994 1993
3 1042 1993 1994
3 1042 1994 1192
3 1191 1994 1254
3 1191 1254 1255
3 970 1195 1192
3 970 1192 1995
3 1191 1995 1192
3 1191 1192 1994
3 1091 1191 1255
3 1091 1255 1256
3 968 1996 1191
3 968 1191 1091
3 1191 1996 1997
3 1191 1997 1995
3 970 1995 1997
3 970 1997 1227
3 1194 1246 1999
3 1194 1999 1998
3 1096 1194 1998
3 1096 1998 2001
3 988 989 985
3 988 985 987
3 989 990 986
3 989 986 985
3 991 992 990
3 991 990 989
3 995 996 992
3 995 992 991
3 994 995 991
3 994 991 993
3 993 991 989
3 993 989 988
3 994 914 913
3 994 913 995
3 914 994 1975
3 914 1975 1974
3 1974 1975 1988
3 1974 1988 1989
3 978 1991 988
3 978 988 987
3 1975 1990 1987
3 1975 1987 1988
3 988 1991 1990
3 988 1990 993
3 993 1990 1975
3 993 1975 994
3 1987 1990 1991
3 1987 1991 1992
3 1970 1989 1988
3 1970 1988 2100
3 1987 2102 2100
3 1987 2100 1988
3 978 987 2945
3 978 2945 1979
3 1987 1992 2105
3 1987 2105 2102
3 1992 2112 2111
3 1992 2111 2105
3 978 2112 1992
3 978 1992 1991
3 985 1980 2945
3 985 2945 987
3 1601 1602 2188
3 1601 2188 2181
3 1600 1789 3313
3 1600 3313 3312
3 1601 2261 2262
3 1601 2262 1602
3 1597 2185 2187
3 1597 2187 2186
3 2177 2178 2265
3 2177 2265 3384
3 1598 1599 2180
3 1598 2180 2172
3 1603 2168 2183
3 1603 2183 2182
3 3350 2171 1600
3 3350 1600 3322
3 2172 3350 3322
3 2172 3322 1598
3 1599 2260 2261
3 1599 2261 1601
3 3322 1600 3312
3 3322 3312 3351
3 1596 2179 2185
3 1596 2185 1597
3 2177 3384 3383
3 2177 3383 2184
3 1602 2262 2263
3 1602 2263 2186
3 1598 3322 3351
3 1598 3351 1606
3 1598 1606 2260
3 1598 2260 1599
3 1597 2186 2263
3 1597 2263 1614
3 1600 2171 2170
3 1600 2170 1789
3 1604 1789 2170
3 1604 2170 2169
3 1603 1604 2169
3 1603 2169 2168
3 1597 1614 1661
3 1597 1661 1596
3 1602 2186 2187
3 1602 2187 2188
3 1596 2265 2178
3 1596 2178 2179
3 1599 1601 2181
3 1599 2181 2180
3 1596 1661 2264
3 1596 2264 2265
3 2182 2183 2184
3 2182 2184 3383
3 1045 1048 882
3 1045 882 884
3 1828 1827 1045
3 1828 1045 1046
3 4040 4020 882
3 4040 882 1048
3 1048 1826 4058
3 1048 4058 4040
3 1045 1827 1826
3 1045 1826 1048
3 1829 1828 1046
3 1829 1046 963
3 920 1827 1828
3 920 1828 1024
3 1045 884 1047
3 1045 1047 1046
3 976 1024 1828
3 976 1828 1829
3 963 1046 1047
3 963 1047 964
3 1827 920 919
3 1827 919 1826
3 1826 919 4032
3 1826 4032 4058
3 977 1017 1218
3 977 1218 1219
3 1019 899 1215
3 1019 1215 1216
3 918 920 1024
3 918 1024 1023
3 976 1025 1023
3 976 1023 1024
3 976 975 1018
3 976 1018 1025
3 1216 1215 898
3 1216 898 1020
3 1022 1861 1862
3 1022 1862 1217
3 1219 1218 1018
3 1219 1018 975
3 1858 1015 1016
3 1858 1016 1859
3 1859 1016 1021
3 1859 1021 1860
3 1861 1019 1216
3 1861 1216 1862
3 1856 915 1015
3 1856 1015 1858
3 1862 1216 1860
3 1216 1020 1860
3 1017 1871 1872
3 1017 1872 1218
3 1871 1022 1872
3 1022 1217 1872
3 915 1870 1873
3 915 1873 1015
3 1870 918 1023
3 1870 1023 1873
3 1025 1874 1873
3 1025 1873 1023
3 1874 1016 1015
3 1874 1015 1873
3 1016 1874 1875
3 1016 1875 1021
3 1217 1862 1021
3 1862 1860 1021
3 1874 1025 1018
3 1874 1018 1875
3 1218 1872 1018
3 1872 1875 1018
3 1872 1217 1021
3 1872 1021 1875
3 1163 1865 1861
3 1163 1861 1022
3 1095 1093 1164
3 1095 1164 1165
3 894 1858 1859
3 894 1859 896
3 896 1859 1860
3 896 1860 1020
3 977 1095 1165
3 977 1165 1017
3 1863 1160 1159
3 1863 1159 1864
3 1865 1158 1019
3 1865 1019 1861
3 1162 1864 1865
3 1162 1865 1163
3 1164 1876 1877
3 1164 1877 1165
3 1877 1163 1022
3 1877 1022 1871
3 1165 1877 1871
3 1165 1871 1017
3 1864 1159 1158
3 1864 1158 1865
3 1878 1161 1162
3 1878 1162 1876
3 1166 1878 1876
3 1166 1876 1164
3 1161 1863 1864
3 1161 1864 1162
3 1876 1162 1163
3 1876 1163 1877
3 1158 1159 904
3 1158 904 907
3 1019 1158 907
3 1019 907 899
3 1159 1160 905
3 1159 905 904
3 1093 944 1166
3 1093 1166 1164
3 1130 7660 7657
3 1130 7657 1113
3 1085 1089 1100
3 1085 1100 1122
3 7660 1107 1106
3 7660 1106 7657
3 928 2022 1104
3 928 1104 1103
3 7658 1128 1108
3 7658 1108 7656
3 945 1085 1122
3 945 1122 1120
3 2024 1104 2022
3 2024 2022 2023
3 1099 1101 1109
3 1099 1109 1100
3 1100 1109 1117
3 1100 1117 1122
3 1117 1121 1120
3 1117 1120 1122
3 1118 1119 1120
3 1118 1120 1121
3 2024 7658 7656
3 2024 7656 1104
3 1110 1119 1118
3 1110 1118 1114
3 1112 1115 1116
3 1112 1116 1123
3 1105 7645 7643
3 1105 7643 1107
3 7645 7641 7639
3 7645 7639 7643
3 7647 7642 7641
3 7647 7641 7645
3 1115 7649 7648
3 1115 7648 1116
3 1102 1101 927
3 1102 927 929
3 7649 7640 7639
3 7649 7639 7648
3 1099 1100 1089
3 1099 1089 1090
3 1101 1102 1108
3 1101 1108 1109
3 928 924 957
3 928 957 2022
3 1116 7648 7650
3 1116 7650 1124
3 7648 7639 7641
3 7648 7641 7650
3 1126 1127 1123
3 1126 1123 1125
3 1124 1125 1123
3 1124 1123 1116
3 1124 7650 7651
3 1124 7651 940
3 941 942 1126
3 941 1126 1125
3 941 1125 1124
3 941 1124 940
3 7650 7641 7642
3 7650 7642 7651
3 1103 7655 7654
3 1103 7654 928
3 7644 1106 1107
3 7644 1107 7643
3 1120 1119 1127
3 1120 1127 1126
3 7655 1102 929
3 7655 929 7654
3 2024 7647 7645
3 2024 7645 1105
3 1128 1117 1109
3 1128 1109 1108
3 1102 7655 7656
3 1102 7656 1108
3 1118 1130 1113
3 1118 1113 1114
3 7655 1103 1104
3 7655 1104 7656
3 1123 1127 1111
3 1123 1111 1112
3 927 1101 1099
3 927 1099 1090
3 1127 1119 1110
3 1127 1110 1111
3 942 945 1120
3 942 1120 1126
3 1128 7658 7659
3 1128 7659 1129
3 7658 2024 1105
3 7658 1105 7659
3 1121 1129 1130
3 1121 1130 1118
3 1129 7659 7660
3 1129 7660 1130
3 1121 1117 1128
3 1121 1128 1129
3 7659 1105 1107
3 7659 1107 7660
3 7640 7644 7639
3 7644 7643 7639
3 1966 1490 1491
3 1966 1491 1967
3 1492 1963 1840
3 1492 1840 1839
3 1437 1965 1964
3 1437 1964 1438
3 1965 1440 1441
3 1965 1441 1964
3 1558 1968 3977
3 1558 3977 4003
3 1968 1559 4054
3 1968 4054 3977
3 1462 1967 1969
3 1462 1969 1660
3 1967 1491 1659
3 1967 1659 1969
3 1446 2164 2165
3 1446 2165 1443
3 1559 1968 1969
3 1559 1969 1659
3 4005 1795 1496
3 4005 1496 4004
3 1968 1558 1660
3 1968 1660 1969
3 1493 1966 1967
3 1493 1967 1462
3 3976 4006 1461
3 3976 1461 2163
3 4006 4004 1496
3 4006 1496 1461
3 1496 1444 1443
3 1496 1443 1461
3 2164 1440 1493
3 2164 1493 2165
3 3321 1435 1430
3 3321 1430 3319
3 1443 1444 1445
3 1443 1445 1446
3 1462 2163 2165
3 1462 2165 1493
3 1431 1430 1435
3 1431 1435 1434
3 2163 1461 1443
3 2163 1443 2165
3 1459 1460 1445
3 1459 1445 1444
3 1565 2166 2164
3 1565 2164 1446
3 4007 1462 1660
3 4007 1660 4002
3 2166 1441 1440
3 2166 1440 2164
3 4003 4002 1660
3 4003 1660 1558
3 2167 1840 1441
3 2167 1441 2166
3 1496 1795 1459
3 1496 1459 1444
3 4007 3976 2163
3 4007 2163 1462
3 1492 1839 1563
3 1492 1563 1564
3 1563 3321 3319
3 1563 3319 1564
3 1840 1963 1964
3 1840 1964 1441
3 1963 1492 1438
3 1963 1438 1964
3 1440 1965 1966
3 1440 1966 1493
3 1965 1437 1490
3 1965 1490 1966
3 1447 1448 1449
3 1447 1449 1450
3 1781 1780 1785
3 1781 1785 1436
3 1450 1449 1785
3 1450 1785 1780
3 1781 1436 1431
3 1781 1431 1434
3 1447 1779 1786
3 1447 1786 1448
3 4049 1786 1779
3 4049 1779 4008
3 6428 6585 6580
3 6428 6580 7753
3 6579 6583 6428
3 6579 6428 7753
3 6424 7753 6580
3 6424 6580 6429
3 6575 6579 7753
3 6575 7753 6424
3 3096 3104 3097
3 3097 3104 3102
3 3097 3102 3101
3 3097 3101 3100
3 3095 3097 3100
3 3094 3097 3095
3 3094 3103 3097
3 3097 3103 3099
3 3097 3099 3967
3 3097 3967 3098
3 4189 4192 4191
3 4189 4197 4192
3 4192 4197 4196
3 4192 4196 4193
3 4193 4196 4198
3 4196 4199 4198
3 4190 4199 4196
3 4190 4196 4194
3 4087 4194 4196
3 4087 4196 4195
3 1110 1114 1111
3 1111 1114 1113
3 1111 1113 1112
3 1112 1113 1115
3 1113 7657 1115
3 1115 7657 7649
3 7640 7649 7657
3 7640 7657 7644
3 1106 7644 7657
3 7686 7720 7690
3 7673 7690 7720
3 7673 7713 7690
3 7681 7690 7713
3 7681 7713 7712
3 7681 7712 7711
3 7711 7712 7716
3 7711 7716 7715
3 7711 7715 7714
3 4691 4830 4829
3 4829 4830 4831
3 4821 4829 4831
3 4821 4831 4833
3 4821 4833 4836
3 4821 4836 4824
3 4823 4824 4836
3 4823 4836 4825
3 4822 4823 4825
3 4822 4825 4828
3 4026 4828 4825
3 4026 4827 4828
3 4026 4027 4827
3 901 4027 4026
3 900 901 4026
3 900 4026 903
3 900 903 906
3 903 905 906
3 892 905 903
3 892 904 905
3 892 907 904
3 892 895 907
3 895 899 907
3 895 897 899
3 897 898 899
3 898 1215 899
3 129 4005 5678
3 127 129 5678
3 127 5678 5990
3 127 5990 5989
3 127 5989 181
3 181 5989 6000
3 181 6000 5999
3 181 5999 5901
3 123 181 5901
3 123 5901 5633
3 123 5633 5632
3 115 123 5632
3 115 5632 5659
3 115 5659 5660
3 115 5660 5903
3 111 115 5903
3 111 5903 5418
3 109 111 5418
3 107 109 5418
3 107 5418 6010
3 107 6010 6011
3 107 6011 5689
3 105 107 5689
3 105 5689 5690
3 105 5690 242
3 242 5690 5995
3 242 5995 5998
3 242 5998 5691
3 242 5691 243
3 243 5691 4008
3 243 4008 1779
3 241 243 1779
3 241 1779 1447
3 241 1447 1450
3 241 1450 1780
3 104 241 1780
3 104 1780 1781
3 104 1781 1434
3 104 1434 106
3 106 1434 1435
3 106 1435 3321
3 106 3321 108
3 108 3321 1563
3 108 1563 110
3 110 1563 1839
3 110 1839 114
3 114 1839 1840
3 114 1840 2167
3 114 2167 122
3 122 2167 2166
3 122 2166 1565
3 122 1565 180
3 180 1565 1446
3 180 1446 1445
3 180 1445 1460
3 126 180 1460
3 126 1460 1459
3 126 1459 1795
3 126 1795 129
3 129 1795 4005
3 413 2187 2185
3 417 2180 2181
3 417 419 2180
3 419 2172 2180
3 419 3350 2172
3 419 2171 3350
3 419 421 2171
3 421 2170 2171
3 421 2169 2170
3 421 423 2169
3 423 2168 2169
3 423 2183 2168
3 423 425 2183
3 425 2184 2183
3 425 2177 2184
3 425 2178 2177
3 411 2178 425
3 411 2179 2178
3 413 2185 2179
3 418 5611 5618
3 412 5621 5620
3 412 426 5621
3 426 5622 5621
3 426 5615 5622
3 424 5615 426
3 424 5616 5615
3 424 5631 5616
3 424 5630 5631
3 422 5630 424
3 422 5629 5630
3 422 5628 5629
3 420 5628 422
3 420 5416 5628
3 420 5627 5416
3 418 5627 420
3 418 5619 5627
3 418 5618 5619
3 508 510 4000
3 508 3999 4000
3 508 3974 3999
3 508 522 3974
3 522 3996 3974
3 522 3971 3996
3 522 3970 3971
3 520 3970 522
3 520 3979 3970
3 520 3972 3979
3 520 3990 3972
3 518 3990 520
3 518 3989 3990
3 518 3988 3989
3 516 3988 518
3 516 3983 3988
3 516 3982 3983
3 514 3982 516
3 512 3982 514
3 512 3985 3982
3 512 3994 3985
3 512 3993 3994
3 510 3993 512
3 510 4000 3993
3 511 513 1936
3 513 1939 1936
3 513 1938 1939
3 513 515 1938
3 515 1933 1938
3 515 517 1933
3 517 1932 1933
3 517 1931 1932
3 517 519 1931
3 519 3168 1931
3 519 1942 3168
3 519 3170 1942
3 519 521 3170
3 521 3169 3170
3 521 1925 3169
3 521 3159 1925
3 507 3159 521
3 507 1922 3159
3 507 1921 1922
3 507 509 1921
3 509 1928 1921
3 509 1927 1928
3 509 511 1927
3 511 1936 1927
3 0 64 66
3 0 66 14
3 67 65 1
3 67 1 15
3 12 14 66
3 12 66 68
3 67 15 13
3 67 13 69
3 10 12 68
3 10 68 70
3 69 13 11
3 69 11 71
3 8 10 70
3 8 70 72
3 71 11 9
3 71 9 73
3 6 8 72
3 6 72 74
3 73 9 7
3 73 7 75
3 4 6 74
3 4 74 76
3 75 7 5
3 75 5 77
3 2 4 76
3 2 76 78
3 77 5 3
3 77 3 79
3 0 2 78
3 0 78 64
3 79 3 1
3 79 1 65
3 80 82 98
3 80 98 100
3 99 83 81
3 99 81 101
3 94 80 100
3 94 100 96
3 101 81 95
3 101 95 97
3 90 92 102
3 90 102 104
3 103 93 91
3 103 91 105
3 88 90 104
3 88 104 106
3 105 91 89
3 105 89 107
3 86 88 106
3 86 106 108
3 107 89 87
3 107 87 109
3 84 86 108
3 84 108 110
3 109 87 85
3 109 85 111
3 84 110 114
3 84 114 112
3 115 111 85
3 115 85 113
3 82 84 112
3 82 112 98
3 113 85 83
3 113 83 99
3 102 92 116
3 102 116 118
3 117 93 103
3 117 103 119
3 92 94 96
3 92 96 116
3 97 95 93
3 97 93 117
3 112 114 122
3 112 122 120
3 123 115 113
3 123 113 121
3 124 126 129
3 124 129 128
3 129 127 125
3 129 125 128
3 96 100 132
3 96 132 130
3 133 101 97
3 133 97 131
3 100 98 134
3 100 134 132
3 135 99 101
3 135 101 133
3 132 134 138
3 132 138 136
3 139 135 133
3 139 133 137
3 130 132 136
3 130 136 140
3 137 133 131
3 137 131 141
3 142 146 148
3 142 148 150
3 149 147 143
3 149 143 151
3 144 142 150
3 144 150 152
3 151 143 145
3 151 145 153
3 98 112 120
3 98 120 134
3 121 113 99
3 121 99 135
3 124 128 156
3 124 156 154
3 156 128 125
3 156 125 155
3 120 157 138
3 120 138 134
3 139 158 121
3 139 121 135
3 154 156 163
3 154 163 161
3 163 156 155
3 163 155 162
3 161 163 164
3 161 164 165
3 164 163 162
3 164 162 166
3 165 164 173
3 165 173 169
3 173 164 166
3 173 166 170
3 146 167 171
3 146 171 148
3 172 168 147
3 172 147 149
3 136 174 176
3 136 176 140
3 177 175 137
3 177 137 141
3 174 142 144
3 174 144 176
3 145 143 175
3 145 175 177
3 138 178 174
3 138 174 136
3 175 179 139
3 175 139 137
3 178 146 142
3 178 142 174
3 143 147 179
3 143 179 175
3 138 157 159
3 138 159 178
3 160 158 139
3 160 139 179
3 159 167 146
3 159 146 178
3 147 168 160
3 147 160 179
3 122 180 182
3 122 182 120
3 183 181 123
3 183 123 121
3 180 126 124
3 180 124 182
3 125 127 181
3 125 181 183
3 120 182 184
3 120 184 157
3 185 183 121
3 185 121 158
3 182 124 154
3 182 154 184
3 155 125 183
3 155 183 185
3 157 184 186
3 157 186 159
3 187 185 158
3 187 158 160
3 184 154 161
3 184 161 186
3 162 155 185
3 162 185 187
3 159 186 188
3 159 188 167
3 189 187 160
3 189 160 168
3 186 161 165
3 186 165 188
3 166 162 187
3 166 187 189
3 167 188 190
3 167 190 171
3 191 189 168
3 191 168 172
3 188 165 169
3 188 169 190
3 170 166 189
3 170 189 191
3 176 144 192
3 176 192 194
3 193 145 177
3 193 177 195
3 140 176 194
3 140 194 196
3 195 177 141
3 195 141 197
3 144 152 198
3 144 198 192
3 199 153 145
3 199 145 193
3 130 140 196
3 130 196 200
3 197 141 131
3 197 131 201
3 96 130 200
3 96 200 202
3 201 131 97
3 201 97 203
3 96 202 118
3 96 118 116
3 119 203 97
3 119 97 117
3 118 202 206
3 118 206 204
3 207 203 119
3 207 119 205
3 202 200 208
3 202 208 206
3 209 201 203
3 209 203 207
3 200 196 210
3 200 210 208
3 211 197 201
3 211 201 209
3 192 198 214
3 192 214 212
3 215 199 193
3 215 193 213
3 196 194 216
3 196 216 210
3 217 195 197
3 217 197 211
3 194 192 212
3 194 212 216
3 213 193 195
3 213 195 217
3 102 118 204
3 102 204 218
3 205 119 103
3 205 103 219
3 216 212 224
3 216 224 222
3 225 213 217
3 225 217 223
3 210 216 222
3 210 222 226
3 223 217 211
3 223 211 227
3 212 214 228
3 212 228 224
3 229 215 213
3 229 213 225
3 208 210 226
3 208 226 230
3 227 211 209
3 227 209 231
3 206 208 230
3 206 230 232
3 231 209 207
3 231 207 233
3 204 206 232
3 204 232 220
3 233 207 205
3 233 205 221
3 220 232 235
3 220 235 234
3 235 233 221
3 235 221 234
3 232 230 236
3 232 236 235
3 236 231 233
3 236 233 235
3 230 226 237
3 230 237 236
3 237 227 231
3 237 231 236
3 224 228 239
3 224 239 238
3 239 229 225
3 239 225 238
3 226 222 240
3 226 240 237
3 240 223 227
3 240 227 237
3 222 224 238
3 222 238 240
3 238 225 223
3 238 223 240
3 102 218 241
3 102 241 104
3 242 219 103
3 242 103 105
3 204 220 241
3 204 241 218
3 242 221 205
3 242 205 219
3 220 234 243
3 220 243 241
3 243 234 221
3 243 221 242
3 239 228 245
3 239 245 244
3 246 229 239
3 246 239 244
3 228 214 247
3 228 247 245
3 248 215 229
3 248 229 246
3 214 198 249
3 214 249 247
3 250 199 215
3 250 215 248
3 198 152 251
3 198 251 249
3 252 153 199
3 252 199 250
3 190 169 253
3 190 253 255
3 254 170 191
3 254 191 256
3 171 190 255
3 171 255 257
3 256 191 172
3 256 172 258
3 148 171 257
3 148 257 259
3 258 172 149
3 258 149 260
3 169 173 261
3 169 261 253
3 261 173 170
3 261 170 254
3 152 150 262
3 152 262 251
3 263 151 153
3 263 153 252
3 150 148 259
3 150 259 262
3 260 149 151
3 260 151 263
3 262 259 266
3 262 266 264
3 267 260 263
3 267 263 265
3 251 262 264
3 251 264 268
3 265 263 252
3 265 252 269
3 253 261 270
3 253 270 271
3 270 261 254
3 270 254 272
3 259 257 273
3 259 273 266
3 274 258 260
3 274 260 267
3 257 255 275
3 257 275 273
3 276 256 258
3 276 258 274
3 255 253 271
3 255 271 275
3 272 254 256
3 272 256 276
3 249 251 268
3 249 268 277
3 269 252 250
3 269 250 278
3 247 249 277
3 247 277 279
3 278 250 248
3 278 248 280
3 245 247 279
3 245 279 281
3 280 248 246
3 280 246 282
3 244 245 281
3 244 281 283
3 282 246 244
3 282 244 283
3 283 281 285
3 283 285 284
3 286 282 283
3 286 283 284
3 281 279 287
3 281 287 285
3 288 280 282
3 288 282 286
3 279 277 289
3 279 289 287
3 290 278 280
3 290 280 288
3 277 268 291
3 277 291 289
3 292 269 278
3 292 278 290
3 275 271 295
3 275 295 293
3 296 272 276
3 296 276 294
3 273 275 293
3 273 293 297
3 294 276 274
3 294 274 298
3 266 273 297
3 266 297 299
3 298 274 267
3 298 267 300
3 271 270 301
3 271 301 295
3 301 270 272
3 301 272 296
3 268 264 302
3 268 302 291
3 303 265 269
3 303 269 292
3 264 266 299
3 264 299 302
3 300 267 265
3 300 265 303
3 241 243 306
3 241 306 304
3 306 243 242
3 306 242 305
3 104 241 304
3 104 304 307
3 305 242 105
3 305 105 308
3 126 180 311
3 126 311 309
3 312 181 127
3 312 127 310
3 180 122 313
3 180 313 311
3 314 123 181
3 314 181 312
3 129 126 309
3 129 309 315
3 310 127 129
3 310 129 315
3 122 114 316
3 122 316 313
3 317 115 123
3 317 123 314
3 114 110 318
3 114 318 316
3 319 111 115
3 319 115 317
3 110 108 320
3 110 320 318
3 321 109 111
3 321 111 319
3 108 106 322
3 108 322 320
3 323 107 109
3 323 109 321
3 106 104 307
3 106 307 322
3 308 105 107
3 308 107 323
3 322 307 324
3 322 324 326
3 325 308 323
3 325 323 327
3 320 322 326
3 320 326 328
3 327 323 321
3 327 321 329
3 318 320 328
3 318 328 330
3 329 321 319
3 329 319 331
3 316 318 330
3 316 330 332
3 331 319 317
3 331 317 333
3 313 316 332
3 313 332 334
3 333 317 314
3 333 314 335
3 311 313 334
3 311 334 336
3 335 314 312
3 335 312 337
3 307 304 338
3 307 338 324
3 339 305 308
3 339 308 325
3 304 306 340
3 304 340 338
3 340 306 305
3 340 305 339
3 338 340 343
3 338 343 341
3 343 340 339
3 343 339 342
3 324 338 341
3 324 341 344
3 342 339 325
3 342 325 345
3 336 334 346
3 336 346 348
3 347 335 337
3 347 337 349
3 334 332 350
3 334 350 346
3 351 333 335
3 351 335 347
3 332 330 352
3 332 352 350
3 353 331 333
3 353 333 351
3 330 328 354
3 330 354 352
3 355 329 331
3 355 331 353
3 328 326 356
3 328 356 354
3 357 327 329
3 357 329 355
3 326 356 344
3 326 344 324
3 345 325 327
3 345 327 357
3 356 344 358
3 356 358 360
3 359 345 357
3 359 357 361
3 354 356 360
3 354 360 362
3 361 357 355
3 361 355 363
3 352 354 362
3 352 362 364
3 363 355 353
3 363 353 365
3 350 352 364
3 350 364 366
3 365 353 351
3 365 351 367
3 346 350 366
3 346 366 368
3 367 351 347
3 367 347 369
3 348 346 368
3 348 368 370
3 369 347 349
3 369 349 371
3 344 341 372
3 344 372 358
3 373 342 345
3 373 345 359
3 341 343 374
3 341 374 372
3 374 343 342
3 374 342 373
3 302 299 375
3 302 375 377
3 376 300 303
3 376 303 378
3 291 302 377
3 291 377 379
3 378 303 292
3 378 292 380
3 295 301 383
3 295 383 381
3 383 301 296
3 383 296 382
3 299 297 384
3 299 384 375
3 385 298 300
3 385 300 376
3 297 293 386
3 297 386 384
3 387 294 298
3 387 298 385
3 293 295 381
3 293 381 386
3 382 296 294
3 382 294 387
3 289 291 379
3 289 379 388
3 380 292 290
3 380 290 389
3 287 289 388
3 287 388 390
3 389 290 288
3 389 288 391
3 285 287 390
3 285 390 392
3 391 288 286
3 391 286 393
3 284 285 392
3 284 392 394
3 393 286 284
3 393 284 394
3 0 14 397
3 0 397 395
3 398 15 1
3 398 1 396
3 12 399 397
3 12 397 14
3 398 400 13
3 398 13 15
3 10 401 399
3 10 399 12
3 400 402 11
3 400 11 13
3 8 403 401
3 8 401 10
3 402 404 9
3 402 9 11
3 6 405 403
3 6 403 8
3 404 406 7
3 404 7 9
3 4 407 405
3 4 405 6
3 406 408 5
3 406 5 7
3 2 409 407
3 2 407 4
3 408 410 3
3 408 3 5
3 0 395 409
3 0 409 2
3 410 396 1
3 410 1 3
3 34 46 413
3 34 413 411
3 414 47 35
3 414 35 412
3 44 415 413
3 44 413 46
3 414 416 45
3 414 45 47
3 42 417 415
3 42 415 44
3 416 418 43
3 416 43 45
3 40 419 417
3 40 417 42
3 418 420 41
3 418 41 43
3 38 421 419
3 38 419 40
3 420 422 39
3 420 39 41
3 36 423 421
3 36 421 38
3 422 424 37
3 422 37 39
3 32 425 423
3 32 423 36
3 424 426 33
3 424 33 37
3 34 411 425
3 34 425 32
3 426 412 35
3 426 35 33
3 425 411 427
3 425 427 429
3 428 412 426
3 428 426 430
3 423 425 429
3 423 429 431
3 430 426 424
3 430 424 432
3 421 423 431
3 421 431 433
3 432 424 422
3 432 422 434
3 419 421 433
3 419 433 435
3 434 422 420
3 434 420 436
3 417 419 435
3 417 435 437
3 436 420 418
3 436 418 438
3 415 417 437
3 415 437 439
3 438 418 416
3 438 416 440
3 413 415 439
3 413 439 441
3 440 416 414
3 440 414 442
3 413 441 427
3 413 427 411
3 428 442 414
3 428 414 412
3 50 62 445
3 50 445 443
3 446 63 51
3 446 51 444
3 62 60 447
3 62 447 445
3 448 61 63
3 448 63 446
3 60 58 449
3 60 449 447
3 450 59 61
3 450 61 448
3 58 56 451
3 58 451 449
3 452 57 59
3 452 59 450
3 56 54 453
3 56 453 451
3 454 55 57
3 454 57 452
3 54 52 455
3 54 455 453
3 456 53 55
3 456 55 454
3 52 48 457
3 52 457 455
3 458 49 53
3 458 53 456
3 50 443 457
3 50 457 48
3 458 444 51
3 458 51 49
3 427 443 445
3 427 445 429
3 446 444 428
3 446 428 430
3 429 445 447
3 429 447 431
3 448 446 430
3 448 430 432
3 431 447 449
3 431 449 433
3 450 448 432
3 450 432 434
3 433 449 451
3 433 451 435
3 452 450 434
3 452 434 436
3 435 451 453
3 435 453 437
3 454 452 436
3 454 436 438
3 437 453 455
3 437 455 439
3 456 454 438
3 456 438 440
3 439 455 457
3 439 457 441
3 458 456 440
3 458 440 442
3 427 441 457
3 427 457 443
3 458 442 428
3 458 428 444
3 16 459 461
3 16 461 30
3 462 460 17
3 462 17 31
3 459 34 32
3 459 32 461
3 33 35 460
3 33 460 462
3 30 461 463
3 30 463 28
3 464 462 31
3 464 31 29
3 461 32 36
3 461 36 463
3 37 33 462
3 37 462 464
3 28 463 465
3 28 465 26
3 466 464 29
3 466 29 27
3 463 36 38
3 463 38 465
3 39 37 464
3 39 464 466
3 26 465 467
3 26 467 24
3 468 466 27
3 468 27 25
3 465 38 40
3 465 40 467
3 41 39 466
3 41 466 468
3 24 467 469
3 24 469 22
3 470 468 25
3 470 25 23
3 467 40 42
3 467 42 469
3 43 41 468
3 43 468 470
3 22 469 471
3 22 471 20
3 472 470 23
3 472 23 21
3 469 42 44
3 469 44 471
3 45 43 470
3 45 470 472
3 20 471 473
3 20 473 18
3 474 472 21
3 474 21 19
3 471 44 46
3 471 46 473
3 47 45 472
3 47 472 474
3 16 18 473
3 16 473 459
3 474 19 17
3 474 17 460
3 459 473 46
3 459 46 34
3 47 474 460
3 47 460 35
3 395 397 477
3 395 477 475
3 478 398 396
3 478 396 476
3 475 477 18
3 475 18 16
3 19 478 476
3 19 476 17
3 399 479 477
3 399 477 397
3 478 480 400
3 478 400 398
3 479 20 18
3 479 18 477
3 19 21 480
3 19 480 478
3 401 481 479
3 401 479 399
3 480 482 402
3 480 402 400
3 481 22 20
3 481 20 479
3 21 23 482
3 21 482 480
3 403 483 481
3 403 481 401
3 482 484 404
3 482 404 402
3 483 24 22
3 483 22 481
3 23 25 484
3 23 484 482
3 405 485 483
3 405 483 403
3 484 486 406
3 484 406 404
3 485 26 24
3 485 24 483
3 25 27 486
3 25 486 484
3 407 487 485
3 407 485 405
3 486 488 408
3 486 408 406
3 487 28 26
3 487 26 485
3 27 29 488
3 27 488 486
3 409 489 487
3 409 487 407
3 488 490 410
3 488 410 408
3 489 30 28
3 489 28 487
3 29 31 490
3 29 490 488
3 395 475 489
3 395 489 409
3 490 476 396
3 490 396 410
3 475 16 30
3 475 30 489
3 31 17 476
3 31 476 490
3 78 491 493
3 78 493 64
3 494 492 79
3 494 79 65
3 491 80 493
3 80 94 493
3 95 81 492
3 95 492 494
3 76 495 491
3 76 491 78
3 492 496 77
3 492 77 79
3 495 82 80
3 495 80 491
3 81 83 496
3 81 496 492
3 74 497 495
3 74 495 76
3 496 498 75
3 496 75 77
3 497 84 495
3 84 82 495
3 83 85 496
3 85 498 496
3 72 499 497
3 72 497 74
3 498 500 73
3 498 73 75
3 499 86 84
3 499 84 497
3 85 87 500
3 85 500 498
3 70 501 499
3 70 499 72
3 500 502 71
3 500 71 73
3 501 88 86
3 501 86 499
3 87 89 502
3 87 502 500
3 68 503 501
3 68 501 70
3 502 504 69
3 502 69 71
3 503 90 88
3 503 88 501
3 89 91 504
3 89 504 502
3 66 505 503
3 66 503 68
3 504 506 67
3 504 67 69
3 505 92 90
3 505 90 503
3 91 93 506
3 91 506 504
3 66 64 493
3 66 493 505
3 494 65 67
3 494 67 506
3 505 493 92
3 493 94 92
3 95 494 93
3 494 506 93
3 630 575 712
3 630 712 714
3 713 576 631
3 713 631 715
3 629 630 714
3 629 714 716
3 715 631 629
3 715 629 716
3 580 627 719
3 580 719 717
3 719 627 581
3 719 581 718
3 573 580 717
3 573 717 720
3 718 581 574
3 718 574 721
3 575 571 722
3 575 722 712
3 723 572 576
3 723 576 713
3 571 573 720
3 571 720 722
3 721 574 572
3 721 572 723
3 413 415 2187
3 415 2188 2187
3 415 2181 2188
3 415 417 2181
3 411 413 2179
3 416 5611 418
3 416 5612 5611
3 414 5612 416
3 414 5614 5612
3 414 5620 5614
3 412 5620 414
3 280 719 718
3 280 282 719
3 282 283 719
3 281 719 283
3 281 717 719
3 279 717 281
3 277 717 279
3 277 720 717
3 268 720 277
3 268 722 720
3 264 722 268
3 264 266 722
3 266 712 722
3 266 273 712
3 273 714 712
3 273 275 714
3 271 714 275
3 271 716 714
3 270 716 271
3 270 272 716
3 272 715 716
3 272 276 715
3 274 715 276
3 274 713 715
3 267 713 274
3 267 723 713
3 265 723 267
3 265 721 723
3 265 269 721
3 269 718 721
3 269 280 718
3 7771 7773 7776
3 7771 7776 7774
3 7776 7773 7772
3 7776 7772 7775
3 7754 7771 7774
3 7754 7774 7777
3 7775 7772 7755
3 7775 7755 7778
3 7766 7769 7781
3 7766 7781 7779
3 7782 7770 7767
3 7782 7767 7780
3 7769 7764 7783
3 7769 7783 7781
3 7784 7765 7770
3 7784 7770 7782
3 7768 7766 7779
3 7768 7779 7785
3 7780 7767 7768
3 7780 7768 7785
3 7764 7762 7786
3 7764 7786 7783
3 7787 7763 7765
3 7787 7765 7784
3 7762 7760 7788
3 7762 7788 7786
3 7789 7761 7763
3 7789 7763 7787
3 7760 7758 7790
3 7760 7790 7788
3 7791 7789 7761
3 7791 7761 7759
3 7758 7756 7792
3 7758 7792 7790
3 7793 7757 7759
3 7793 7759 7791
3 7756 7754 7777
3 7756 7777 7792
3 7778 7755 7757
3 7778 7757 7793
3 7792 7796 7794
3 7792 7794 7777
3 7795 7797 7793
3 7795 7793 7778
3 7790 7798 7796
3 7790 7796 7792
3 7788 7800 7798
3 7788 7798 7790
3 7799 7801 7789
3 7799 7789 7791
3 7786 7802 7800
3 7786 7800 7788
3 7801 7803 7787
3 7801 7787 7789
3 7783 7804 7802
3 7783 7802 7786
3 7803 7805 7784
3 7803 7784 7787
3 7781 7806 7804
3 7781 7804 7783
3 7805 7807 7782
3 7805 7782 7784
3 7777 7794 7808
3 7777 7808 7774
3 7809 7795 7778
3 7809 7778 7775
3 7774 7808 7810
3 7774 7810 7776
3 7810 7809 7775
3 7810 7775 7776
3 7808 7811 7813
3 7808 7813 7810
3 7813 7812 7809
3 7813 7809 7810
3 7794 7814 7811
3 7794 7811 7808
3 7812 7815 7795
3 7812 7795 7809
3 7806 7818 7816
3 7806 7816 7804
3 7817 7819 7807
3 7817 7807 7805
3 7804 7816 7820
3 7804 7820 7802
3 7821 7817 7805
3 7821 7805 7803
3 7802 7820 7822
3 7802 7822 7800
3 7823 7821 7803
3 7823 7803 7801
3 7800 7822 7824
3 7800 7824 7798
3 7825 7823 7801
3 7825 7801 7799
3 7798 7824 7826
3 7798 7826 7796
3 7827 7825 7799
3 7827 7799 7797
3 7796 7794 7814
3 7796 7814 7826
3 7826 7830 7828
3 7826 7828 7814
3 7829 7831 7827
3 7829 7827 7815
3 7824 7832 7830
3 7824 7830 7826
3 7831 7833 7825
3 7831 7825 7827
3 7822 7834 7832
3 7822 7832 7824
3 7833 7835 7823
3 7833 7823 7825
3 7820 7836 7834
3 7820 7834 7822
3 7835 7837 7821
3 7835 7821 7823
3 7816 7838 7836
3 7816 7836 7820
3 7837 7839 7817
3 7837 7817 7821
3 7818 7840 7838
3 7818 7838 7816
3 7839 7841 7819
3 7839 7819 7817
3 7814 7828 7842
3 7814 7842 7811
3 7843 7829 7815
3 7843 7815 7812
3 7811 7842 7844
3 7811 7844 7813
3 7844 7843 7812
3 7844 7812 7813
3 541 553 555
3 541 555 557
3 556 554 542
3 556 542 558
3 553 551 559
3 553 559 555
3 560 552 554
3 560 554 556
3 551 549 561
3 551 561 559
3 562 550 552
3 562 552 560
3 547 563 561
3 547 561 549
3 562 564 548
3 562 548 550
3 547 545 565
3 547 565 563
3 566 546 548
3 566 548 564
3 543 567 565
3 543 565 545
3 566 568 544
3 566 544 546
3 543 539 569
3 543 569 567
3 570 540 544
3 570 544 568
3 541 557 569
3 541 569 539
3 570 558 542
3 570 542 540
3 563 577 561
3 577 578 561
3 578 577 562
3 577 564 562
3 559 561 578
3 559 578 579
3 578 562 579
3 562 560 579
3 563 565 614
3 563 614 577
3 614 566 564
3 614 564 577
3 555 559 579
3 555 579 615
3 579 560 556
3 579 556 615
3 569 557 618
3 569 618 616
3 619 558 570
3 619 570 617
3 616 618 573
3 616 573 571
3 574 619 617
3 574 617 572
3 569 616 620
3 569 620 567
3 621 617 570
3 621 570 568
3 616 571 575
3 616 575 620
3 576 572 617
3 576 617 621
3 567 620 622
3 567 622 565
3 623 621 568
3 623 568 566
3 555 624 618
3 555 618 557
3 619 625 556
3 619 556 558
3 555 615 626
3 555 626 624
3 626 615 556
3 626 556 625
3 573 618 624
3 573 624 580
3 625 619 574
3 625 574 581
3 580 624 626
3 580 626 627
3 626 625 581
3 626 581 627
3 565 622 628
3 565 628 614
3 628 623 566
3 628 566 614
3 622 630 629
3 622 629 628
3 629 631 623
3 629 623 628
3 575 630 622
3 575 622 620
3 623 631 576
3 623 576 621
3 582 584 634
3 582 634 632
3 635 585 583
3 635 583 633
3 632 634 541
3 632 541 539
3 542 635 633
3 542 633 540
3 582 632 636
3 582 636 586
3 637 633 583
3 637 583 587
3 632 539 543
3 632 543 636
3 544 540 633
3 544 633 637
3 588 586 636
3 588 636 638
3 637 587 589
3 637 589 639
3 638 636 543
3 638 543 545
3 544 637 639
3 544 639 546
3 588 638 640
3 588 640 590
3 641 639 589
3 641 589 591
3 638 545 547
3 638 547 640
3 548 546 639
3 548 639 641
3 592 590 640
3 592 640 642
3 641 591 593
3 641 593 643
3 642 640 547
3 642 547 549
3 548 641 643
3 548 643 550
3 592 642 644
3 592 644 594
3 645 643 593
3 645 593 595
3 642 549 551
3 642 551 644
3 552 550 643
3 552 643 645
3 594 644 646
3 594 646 596
3 647 645 595
3 647 595 597
3 644 551 553
3 644 553 646
3 554 552 645
3 554 645 647
3 596 646 634
3 596 634 584
3 635 647 597
3 635 597 585
3 646 553 541
3 646 541 634
3 542 554 647
3 542 647 635
3 648 650 584
3 648 584 582
3 585 651 649
3 585 649 583
3 648 582 586
3 648 586 652
3 587 583 649
3 587 649 653
3 654 652 586
3 654 586 588
3 587 653 655
3 587 655 589
3 654 588 590
3 654 590 656
3 591 589 655
3 591 655 657
3 658 656 590
3 658 590 592
3 591 657 659
3 591 659 593
3 658 592 594
3 658 594 660
3 595 593 659
3 595 659 661
3 660 594 596
3 660 596 662
3 597 595 661
3 597 661 663
3 662 596 584
3 662 584 650
3 585 597 663
3 585 663 651
3 600 666 664
3 600 664 598
3 665 667 601
3 665 601 599
3 666 507 521
3 666 521 664
3 522 508 667
3 522 667 665
3 519 668 664
3 519 664 521
3 665 669 520
3 665 520 522
3 668 602 598
3 668 598 664
3 599 603 669
3 599 669 665
3 517 670 668
3 517 668 519
3 669 671 518
3 669 518 520
3 670 604 602
3 670 602 668
3 603 605 671
3 603 671 669
3 517 515 672
3 517 672 670
3 673 516 518
3 673 518 671
3 670 672 606
3 670 606 604
3 607 673 671
3 607 671 605
3 513 674 672
3 513 672 515
3 673 675 514
3 673 514 516
3 674 608 606
3 674 606 672
3 607 609 675
3 607 675 673
3 513 511 676
3 513 676 674
3 677 512 514
3 677 514 675
3 674 676 610
3 674 610 608
3 611 677 675
3 611 675 609
3 509 678 676
3 509 676 511
3 677 679 510
3 677 510 512
3 678 612 610
3 678 610 676
3 611 613 679
3 611 679 677
3 600 612 678
3 600 678 666
3 679 613 601
3 679 601 667
3 509 507 666
3 509 666 678
3 667 508 510
3 667 510 679
3 598 680 682
3 598 682 600
3 683 681 599
3 683 599 601
3 680 525 523
3 680 523 682
3 524 526 681
3 524 681 683
3 602 684 680
3 602 680 598
3 681 685 603
3 681 603 599
3 684 527 525
3 684 525 680
3 526 528 685
3 526 685 681
3 604 686 684
3 604 684 602
3 685 687 605
3 685 605 603
3 686 529 527
3 686 527 684
3 528 530 687
3 528 687 685
3 604 606 688
3 604 688 686
3 689 607 605
3 689 605 687
3 686 688 531
3 686 531 529
3 532 689 687
3 532 687 530
3 608 690 688
3 608 688 606
3 689 691 609
3 689 609 607
3 690 533 531
3 690 531 688
3 532 534 691
3 532 691 689
3 608 610 692
3 608 692 690
3 693 611 609
3 693 609 691
3 690 692 535
3 690 535 533
3 536 693 691
3 536 691 534
3 612 694 692
3 612 692 610
3 693 695 613
3 693 613 611
3 694 537 535
3 694 535 692
3 536 538 695
3 536 695 693
3 612 600 682
3 612 682 694
3 683 601 613
3 683 613 695
3 694 682 523
3 694 523 537
3 524 683 695
3 524 695 538
3 537 523 698
3 537 698 696
3 699 524 538
3 699 538 697
3 696 698 650
3 696 650 648
3 651 699 697
3 651 697 649
3 537 696 700
3 537 700 535
3 701 697 538
3 701 538 536
3 696 648 652
3 696 652 700
3 653 649 697
3 653 697 701
3 533 535 700
3 533 700 702
3 701 536 534
3 701 534 703
3 702 700 652
3 702 652 654
3 653 701 703
3 653 703 655
3 533 702 704
3 533 704 531
3 705 703 534
3 705 534 532
3 702 654 656
3 702 656 704
3 657 655 703
3 657 703 705
3 529 531 704
3 529 704 706
3 705 532 530
3 705 530 707
3 706 704 656
3 706 656 658
3 657 705 707
3 657 707 659
3 529 706 708
3 529 708 527
3 709 707 530
3 709 530 528
3 706 658 660
3 706 660 708
3 661 659 707
3 661 707 709
3 527 708 710
3 527 710 525
3 711 709 528
3 711 528 526
3 708 660 662
3 708 662 710
3 663 661 709
3 663 709 711
3 525 710 698
3 525 698 523
3 699 711 526
3 699 526 524
3 710 662 650
3 710 650 698
3 651 663 711
3 651 711 699
3 521 507 724
3 521 724 726
3 725 508 522
3 725 522 727
3 519 521 726
3 519 726 728
3 727 522 520
3 727 520 729
3 517 519 728
3 517 728 730
3 729 520 518
3 729 518 731
3 515 517 730
3 515 730 732
3 731 518 516
3 731 516 733
3 513 515 732
3 513 732 734
3 733 516 514
3 733 514 735
3 511 513 734
3 511 734 736
3 735 514 512
3 735 512 737
3 509 511 736
3 509 736 738
3 737 512 510
3 737 510 739
3 507 509 738
3 507 738 724
3 739 510 508
3 739 508 725
