frame_id,source_sample_index,rx_id,xml_path,tx_power_dbm,tx_x,tx_y,tx_z,rx_x,rx_y,rx_z,frequency_hz,num_paths,tau_min,tau_max,delay_spread,path_gain_sum,path_gain_db,rx_power_dbm,gain_method,gain_error,a_shape,tau_cir_shape,valid_shape,tau_shape,gain_debug,sanity_ok,error_message,prev_num_paths,prev_delay_spread,prev_rx_power_dbm,delta_num_paths,delta_delay_spread,delta_rx_power_db,y_path_change,y_path_drop,y_rx_power_drop_0p5db,y_rx_power_drop_1db,y_rx_power_drop_2db,y_delay_spread_increase,y_adaptation_trigger_1db,y_adaptation_trigger_2db
1,257,rx_cerberus_base,/home/telilab4090/Documents/Gazebo World/my_world/rt_out/experiments/semantic_ablation_rigid_200f/sionna_xml/frame_001_sionna.xml,30.0,0.0,0.0,2.4,4.074,-1.779,0.81,28000000000.0,18,1.574846919538686e-08,5.723669715962387e-08,4.148822796423701e-08,3.621421384991663e-08,-74.41120938168608,-44.41120938168608,cir_coefficients_tau_mask,,"[1, 1, 1, 1, 18, 1]","[1, 1, 18]","[1, 1, 18]","[1, 1, 18]",,True,,18,4.148822796423701e-08,-44.411208955631295,0,0.0,-4.2605478256518836e-07,0,0,0,0,0,0,0,0
2,514,rx_cerberus_base,/home/telilab4090/Documents/Gazebo World/my_world/rt_out/experiments/semantic_ablation_rigid_200f/sionna_xml/frame_002_sionna.xml,30.0,0.0,0.0,2.4,4.074,-1.779,0.81,28000000000.0,18,1.574846919538686e-08,5.723669715962387e-08,4.148822796423701e-08,3.621421384991663e-08,-74.41120938168608,-44.41120938168608,cir_coefficients_tau_mask,,"[1, 1, 1, 1, 18, 1]","[1, 1, 18]","[1, 1, 18]","[1, 1, 18]",,True,,18,4.148822796423701e-08,-44.41120938168608,0,0.0,0.0,0,0,0,0,0,0,0,0
3,771,rx_cerberus_base,/home/telilab4090/Documents/Gazebo World/my_world/rt_out/experiments/semantic_ablation_rigid_200f/sionna_xml/frame_003_sionna.xml,30.0,0.0,0.0,2.4,4.074,-1.779,0.81,28000000000.0,18,1.574846919538686e-08,5.723669715962387e-08,4.148822796423701e-08,3.621421384991663e-08,-74.41120938168608,-44.41120938168608,cir_coefficients_tau_mask,,"[1, 1, 1, 1, 18, 1]","[1, 1, 18]","[1, 1, 18]","[1, 1, 18]",,True,,18,4.148822796423701e-08,-44.41120938168608,0,0.0,0.0,0,0,0,0,0,0,0,0
4,1028,rx_cerberus_base,/home/telilab4090/Documents/Gazebo World/my_world/rt_out/experiments/semantic_ablation_rigid_200f/sionna_xml/frame_004_sionna.xml,30.0,0.0,0.0,2.4,4.074,-1.779,0.81,28000000000.0,18,1.574846919538686e-08,5.723669715962387e-08,4.148822796423701e-08,3.621421384991663e-08,-74.41120938168608,-44.41120938168608,cir_coefficients_tau_mask,,"[1, 1, 1, 1, 18, 1]","[1, 1, 18]","[1, 1, 18]","[1, 1, 18]",,True,,18,4.148822796423701e-08,-44.41120938168608,0,0.0,0.0,0,0,0,0,0,0,0,0
5,1285,rx_cerberus_base,/home/telilab4090/Documents/Gazebo World/my_world/rt_out/experiments/semantic_ablation_rigid_200f/sionna_xml/frame_005_sionna.xml,30.0,0.0,0.0,2.4,4.074,-1.779,0.81,28000000000.0,18,1.574846919538686e-08,5.723669715962387e-08,4.148822796423701e-08,3.6214210297202953e-08,-74.41120980774089,-44.41120980774089,cir_coefficients_tau_mask,,"[1, 1, 1, 1, 18, 1]","[1, 1, 18]","[1, 1, 18]","[1, 1, 18]",,True,,18,4.148822796423701e-08,-44.41120938168608,0,0.0,-4.260548109868978e-07,0,0,0,0,0,0,0,0
6,1542,rx_cerberus_base,/home/telilab4090/Documents/Gazebo World/my_world/rt_out/experiments/semantic_ablation_rigid_200f/sionna_xml/frame_006_sionna.xml,30.0,0.0,0.0,2.4,4.074,-1.779,0.81,28000000000.0,18,1.574846919538686e-08,5.723669715962387e-08,4.148822796423701e-08,3.621421384991663e-08,-74.41120938168608,-44.41120938168608,cir_coefficients_tau_mask,,"[1, 1, 1, 1, 18, 1]","[1, 1, 18]","[1, 1, 18]","[1, 1, 18]",,True,,18,4.148822796423701e-08,-44.41120980774089,0,0.0,4.260548109868978e-07,0,0,0,0,0,0,0,0
7,1799,rx_cerberus_base,/home/telilab4090/Documents/Gazebo World/my_world/rt_out/experiments/semantic_ablation_rigid_200f/sionna_xml/frame_007_sionna.xml,30.0,0.0,0.0,2.4,4.074,-1.779,0.81,28000000000.0,18,1.574846919538686e-08,5.723669715962387e-08,4.148822796423701e-08,3.621421384991663e-08,-74.41120938168608,-44.41120938168608,cir_coefficients_tau_mask,,"[1, 1, 1, 1, 18, 1]","[1, 1, 18]","[1, 1, 18]","[1, 1, 18]",,True,,18,4.148822796423701e-08,-44.41120938168608,0,0.0,0.0,0,0,0,0,0,0,0,0
8,2056,rx_cerberus_base,/home/telilab4090/Documents/Gazebo World/my_world/rt_out/experiments/semantic_ablation_rigid_200f/sionna_xml/frame_008_sionna.xml,30.0,0.0,0.0,2.4,4.074,-1.779,0.81,28000000000.0,18,1.574846919538686e-08,5.723669715962387e-08,4.148822796423701e-08,3.621421384991663e-08,-74.41120938168608,-44.41120938168608,cir_coefficients_tau_mask,,"[1, 1, 1, 1, 18, 1]","[1, 1, 18]","[1, 1, 18]","[1, 1, 18]",,True,,18,4.148822796423701e-08,-44.41120938168608,0,0.0,0.0,0,0,0,0,0,0,0,0
9,2313,rx_cerberus_base,/home/telilab4090/Documents/Gazebo World/my_world/rt_out/experiments/semantic_ablation_rigid_200f/sionna_xml/frame_009_sionna.xml,30.0,0.0,0.0,2.4,4.074,-1.779,0.81,28000000000.0,18,1.574846919538686e-08,5.723669715962387e-08,4.148822796423701e-08,3.621421740263031e-08,-74.4112089556313,-44.411208955631295,cir_coefficients_tau_mask,,"[1, 1, 1, 1, 18, 1]","[1, 1, 18]","[1, 1, 18]","[1, 1, 18]",,True,,18,4.148822796423701e-08,-44.41120938168608,0,0.0,4.2605478256518836e-07,0,0,0,0,0,0,0,0
10,2570,rx_cerberus_base,/home/telilab4090/Documents/Gazebo World/my_world/rt_out/experiments/semantic_ablation_rigid_200f/sionna_xml/frame_010_sionna.xml,30.0,0.0,0.0,2.4,4.074,-1.779,0.81,28000000000.0,18,1.574846919538686e-08,5.723669715962387e-08,4.148822796423701e-08,3.621421384991663e-08,-74.41120938168608,-44.41120938168608,cir_coefficients_tau_mask,,"[1, 1, 1, 1, 18, 1]","[1, 1, 18]","[1, 1, 18]","[1, 1, 18]",,True,,18,4.148822796423701e-08,-44.411208955631295,0,0.0,-4.2605478256518836e-07,0,0,0,0,0,0,0,0
11,2827,rx_cerberus_base,/home/telilab4090/Documents/Gazebo World/my_world/rt_out/experiments/semantic_ablation_rigid_200f/sionna_xml/frame_011_sionna.xml,30.0,0.0,0.0,2.4,4.074,-1.779,0.81,28000000000.0,18,1.574846919538686e-08,5.723669715962387e-08,4.148822796423701e-08,3.621421740263031e-08,-74.4112089556313,-44.411208955631295,cir_coefficients_tau_mask,,"[1, 1, 1, 1, 18, 1]","[1, 1, 18]","[1, 1, 18]","[1, 1, 18]",,True,,18,4.148822796423701e-08,-44.41120938168608,0,0.0,4.2605478256518836e-07,0,0,0,0,0,0,0,0
12,3084,rx_cerberus_base,/home/telilab4090/Documents/Gazebo World/my_world/rt_out/experiments/semantic_ablation_rigid_200f/sionna_xml/frame_012_sionna.xml,30.0,0.0,0.0,2.4,4.074,-1.779,0.81,28000000000.0,18,1.574846919538686e-08,5.723669715962387e-08,4.148822796423701e-08,3.621421384991663e-08,-74.41120938168608,-44.41120938168608,cir_coefficients_tau_mask,,"[1, 1, 1, 1, 18, 1]","[1, 1, 18]","[1, 1, 18]","[1, 1, 18]",,True,,18,4.148822796423701e-08,-44.411208955631295,0,0.0,-4.2605478256518836e-07,0,0,0,0,0,0,0,0
13,3341,rx_cerberus_base,/home/telilab4090/Documents/Gazebo World/my_world/rt_out/experiments/semantic_ablation_rigid_200f/sionna_xml/frame_013_sionna.xml,30.0,0.0,0.0,2.4,4.074,-1.779,0.81,28000000000.0,18,1.574846919538686e-08,5.723669715962387e-08,4.148822796423701e-08,3.621421384991663e-08,-74.41120938168608,-44.41120938168608,cir_coefficients_tau_mask,,"[1, 1, 1, 1, 18, 1]","[1, 1, 18]","[1, 1, 18]","[1, 1, 18]",,True,,18,4.148822796423701e-08,-44.41120938168608,0,0.0,0.0,0,0,0,0,0,0,0,0
14,3598,rx_cerberus_base,/home/telilab4090/Documents/Gazebo World/my_world/rt_out/experiments/semantic_ablation_rigid_200f/sionna_xml/frame_014_sionna.xml,30.0,0.0,0.0,2.4,4.074,-1.779,0.81,28000000000.0,18,1.574846919538686e-08,5.723669715962387e-08,4.148822796423701e-08,3.621421384991663e-08,-74.41120938168608,-44.41120938168608,cir_coefficients_tau_mask,,"[1, 1, 1, 1, 18, 1]","[1, 1, 18]","[1, 1, 18]","[1, 1, 18]",,True,,18,4.148822796423701e-08,-44.41120938168608,0,0.0,0.0,0,0,0,0,0,0,0,0
15,3855,rx_cerberus_base,/home/telilab4090/Documents/Gazebo World/my_world/rt_out/experiments/semantic_ablation_rigid_200f/sionna_xml/frame_015_sionna.xml,30.0,0.0,0.0,2.4,4.074,-1.779,0.81,28000000000.0,18,1.574846919538686e-08,5.723669715962387e-08,4.148822796423701e-08,3.621421384991663e-08,-74.41120938168608,-44.41120938168608,cir_coefficients_tau_mask,,"[1, 1, 1, 1, 18, 1]","[1, 1, 18]","[1, 1, 18]","[1, 1, 18]",,True,,18,4.148822796423701e-08,-44.41120938168608,0,0.0,0.0,0,0,0,0,0,0,0,0
16,4112,rx_cerberus_base,/home/telilab4090/Documents/Gazebo World/my_world/rt_out/experiments/semantic_ablation_rigid_200f/sionna_xml/frame_016_sionna.xml,30.0,0.0,0.0,2.4,4.074,-1.779,0.81,28000000000.0,18,1.574846919538686e-08,5.723669715962387e-08,4.148822796423701e-08,3.621421384991663e-08,-74.41120938168608,-44.41120938168608,cir_coefficients_tau_mask,,"[1, 1, 1, 1, 18, 1]","[1, 1, 18]","[1, 1, 18]","[1, 1, 18]",,True,,18,4.148822796423701e-08,-44.41120938168608,0,0.0,0.0,0,0,0,0,0,0,0,0
17,4369,rx_cerberus_base,/home/telilab4090/Documents/Gazebo World/my_world/rt_out/experiments/semantic_ablation_rigid_200f/sionna_xml/frame_017_sionna.xml,30.0,0.0,0.0,2.4,4.074,-1.779,0.81,28000000000.0,18,1.574846919538686e-08,5.723669715962387e-08,4.148822796423701e-08,3.621421384991663e-08,-74.41120938168608,-44.41120938168608,cir_coefficients_tau_mask,,"[1, 1, 1, 1, 18, 1]","[1, 1, 18]","[1, 1, 18]","[1, 1, 18]",,True,,18,4.148822796423701e-08,-44.41120938168608,0,0.0,0.0,0,0,0,0,0,0,0,0
18,4626,rx_cerberus_base,/home/telilab4090/Documents/Gazebo World/my_world/rt_out/experiments/semantic_ablation_rigid_200f/sionna_xml/frame_018_sionna.xml,30.0,0.0,0.0,2.4,4.074,-1.779,0.81,28000000000.0,18,1.574846919538686e-08,5.723669715962387e-08,4.148822796423701e-08,3.621421384991663e-08,-74.41120938168608,-44.41120938168608,cir_coefficients_tau_mask,,"[1, 1, 1, 1, 18, 1]","[1, 1, 18]","[1, 1, 18]","[1, 1, 18]",,True,,18,4.148822796423701e-08,-44.41120938168608,0,0.0,0.0,0,0,0,0,0,0,0,0
19,4883,rx_cerberus_base,/home/telilab4090/Documents/Gazebo World/my_world/rt_out/experiments/semantic_ablation_rigid_200f/sionna_xml/frame_019_sionna.xml,30.0,0.0,0.0,2.4,4.074,-1.779,0.81,28000000000.0,18,1.574846919538686e-08,5.723669715962387e-08,4.148822796423701e-08,3.621421384991663e-08,-74.41120938168608,-44.41120938168608,cir_coefficients_tau_mask,,"[1, 1, 1, 1, 18, 1]","[1, 1, 18]","[1, 1, 18]","[1, 1, 18]",,True,,18,4.148822796423701e-08,-44.41120938168608,0,0.0,0.0,0,0,0,0,0,0,0,0
20,5140,rx_cerberus_base,/home/telilab4090/Documents/Gazebo World/my_world/rt_out/experiments/semantic_ablation_rigid_200f/sionna_xml/frame_020_sionna.xml,30.0,0.0,0.0,2.4,4.074,-1.779,0.81,28000000000.0,18,1.574846919538686e-08,5.723669715962387e-08,4.148822796423701e-08,3.621421740263031e-08,-74.4112089556313,-44.411208955631295,cir_coefficients_tau_mask,,"[1, 1, 1, 1, 18, 1]","[1, 1, 18]","[1, 1, 18]","[1, 1, 18]",,True,,18,4.148822796423701e-08,-44.41120938168608,0,0.0,4.2605478256518836e-07,0,0,0,0,0,0,0,0
21,5397,rx_cerberus_base,/home/telilab4090/Documents/Gazebo World/my_world/rt_out/experiments/semantic_ablation_rigid_200f/sionna_xml/frame_021_sionna.xml,30.0,0.0,0.0,2.4,4.074,-1.779,0.81,28000000000.0,18,1.574846919538686e-08,5.723669715962387e-08,4.148822796423701e-08,3.621421384991663e-08,-74.41120938168608,-44.41120938168608,cir_coefficients_tau_mask,,"[1, 1, 1, 1, 18, 1]","[1, 1, 18]","[1, 1, 18]","[1, 1, 18]",,True,,18,4.148822796423701e-08,-44.411208955631295,0,0.0,-4.2605478256518836e-07,0,0,0,0,0,0,0,0
22,5654,rx_cerberus_base,/home/telilab4090/Documents/Gazebo World/my_world/rt_out/experiments/semantic_ablation_rigid_200f/sionna_xml/frame_022_sionna.xml,30.0,0.0,0.0,2.4,4.074,-1.779,0.81,28000000000.0,18,1.574846919538686e-08,5.723669715962387e-08,4.148822796423701e-08,3.621421740263031e-08,-74.4112089556313,-44.411208955631295,cir_coefficients_tau_mask,,"[1, 1, 1, 1, 18, 1]","[1, 1, 18]","[1, 1, 18]","[1, 1, 18]",,True,,18,4.148822796423701e-08,-44.41120938168608,0,0.0,4.2605478256518836e-07,0,0,0,0,0,0,0,0
23,5911,rx_cerberus_base,/home/telilab4090/Documents/Gazebo World/my_world/rt_out/experiments/semantic_ablation_rigid_200f/sionna_xml/frame_023_sionna.xml,30.0,0.0,0.0,2.4,4.074,-1.779,0.81,28000000000.0,18,1.574846919538686e-08,5.723669715962387e-08,4.148822796423701e-08,3.621421740263031e-08,-74.4112089556313,-44.411208955631295,cir_coefficients_tau_mask,,"[1, 1, 1, 1, 18, 1]","[1, 1, 18]","[1, 1, 18]","[1, 1, 18]",,True,,18,4.148822796423701e-08,-44.411208955631295,0,0.0,0.0,0,0,0,0,0,0,0,0
24,6168,rx_cerberus_base,/home/telilab4090/Documents/Gazebo World/my_world/rt_out/experiments/semantic_ablation_rigid_200f/sionna_xml/frame_024_sionna.xml,30.0,0.0,0.0,2.4,4.074,-1.779,0.81,28000000000.0,18,1.574846919538686e-08,5.723669715962387e-08,4.148822796423701e-08,3.6214210297202953e-08,-74.41120980774089,-44.41120980774089,cir_coefficients_tau_mask,,"[1, 1, 1, 1, 18, 1]","[1, 1, 18]","[1, 1, 18]","[1, 1, 18]",,True,,18,4.148822796423701e-08,-44.411208955631295,0,0.0,-8.521095935520862e-07,0,0,0,0,0,0,0,0
25,6425,rx_cerberus_base,/home/telilab4090/Documents/Gazebo World/my_world/rt_out/experiments/semantic_ablation_rigid_200f/sionna_xml/frame_025_sionna.xml,30.0,0.0,0.0,2.4,4.074,-1.779,0.81,28000000000.0,18,1.574846919538686e-08,5.723669715962387e-08,4.148822796423701e-08,3.621421384991663e-08,-74.41120938168608,-44.41120938168608,cir_coefficients_tau_mask,,"[1, 1, 1, 1, 18, 1]","[1, 1, 18]","[1, 1, 18]","[1, 1, 18]",,True,,18,4.148822796423701e-08,-44.41120980774089,0,0.0,4.260548109868978e-07,0,0,0,0,0,0,0,0
26,6682,rx_cerberus_base,/home/telilab4090/Documents/Gazebo World/my_world/rt_out/experiments/semantic_ablation_rigid_200f/sionna_xml/frame_026_sionna.xml,30.0,0.0,0.0,2.4,4.074,-1.779,0.81,28000000000.0,18,1.574846919538686e-08,5.723669715962387e-08,4.148822796423701e-08,3.621421384991663e-08,-74.41120938168608,-44.41120938168608,cir_coefficients_tau_mask,,"[1, 1, 1, 1, 18, 1]","[1, 1, 18]","[1, 1, 18]","[1, 1, 18]",,True,,18,4.148822796423701e-08,-44.41120938168608,0,0.0,0.0,0,0,0,0,0,0,0,0
27,6939,rx_cerberus_base,/home/telilab4090/Documents/Gazebo World/my_world/rt_out/experiments/semantic_ablation_rigid_200f/sionna_xml/frame_027_sionna.xml,30.0,0.0,0.0,2.4,4.074,-1.779,0.81,28000000000.0,18,1.574846919538686e-08,5.723669715962387e-08,4.148822796423701e-08,3.6214210297202953e-08,-74.41120980774089,-44.41120980774089,cir_coefficients_tau_mask,,"[1, 1, 1, 1, 18, 1]","[1, 1, 18]","[1, 1, 18]","[1, 1, 18]",,True,,18,4.148822796423701e-08,-44.41120938168608,0,0.0,-4.260548109868978e-07,0,0,0,0,0,0,0,0
28,7196,rx_cerberus_base,/home/telilab4090/Documents/Gazebo World/my_world/rt_out/experiments/semantic_ablation_rigid_200f/sionna_xml/frame_028_sionna.xml,30.0,0.0,0.0,2.4,4.074,-1.779,0.81,28000000000.0,18,1.574846919538686e-08,5.723669715962387e-08,4.148822796423701e-08,3.621421384991663e-08,-74.41120938168608,-44.41120938168608,cir_coefficients_tau_mask,,"[1, 1, 1, 1, 18, 1]","[1, 1, 18]","[1, 1, 18]","[1, 1, 18]",,True,,18,4.148822796423701e-08,-44.41120980774089,0,0.0,4.260548109868978e-07,0,0,0,0,0,0,0,0
29,7453,rx_cerberus_base,/home/telilab4090/Documents/Gazebo World/my_world/rt_out/experiments/semantic_ablation_rigid_200f/sionna_xml/frame_029_sionna.xml,30.0,0.0,0.0,2.4,4.074,-1.779,0.81,28000000000.0,18,1.574846919538686e-08,5.723669715962387e-08,4.148822796423701e-08,3.621421384991663e-08,-74.41120938168608,-44.41120938168608,cir_coefficients_tau_mask,,"[1, 1, 1, 1, 18, 1]","[1, 1, 18]","[1, 1, 18]","[1, 1, 18]",,True,,18,4.148822796423701e-08,-44.41120938168608,0,0.0,0.0,0,0,0,0,0,0,0,0
30,7710,rx_cerberus_base,/home/telilab4090/Documents/Gazebo World/my_world/rt_out/experiments/semantic_ablation_rigid_200f/sionna_xml/frame_030_sionna.xml,30.0,0.0,0.0,2.4,4.074,-1.779,0.81,28000000000.0,18,1.574846919538686e-08,5.723669715962387e-08,4.148822796423701e-08,3.621421740263031e-08,-74.4112089556313,-44.411208955631295,cir_coefficients_tau_mask,,"[1, 1, 1, 1, 18, 1]","[1, 1, 18]","[1, 1, 18]","[1, 1, 18]",,True,,18,4.148822796423701e-08,-44.41120938168608,0,0.0,4.2605478256518836e-07,0,0,0,0,0,0,0,0
31,7967,rx_cerberus_base,/home/telilab4090/Documents/Gazebo World/my_world/rt_out/experiments/semantic_ablation_rigid_200f/sionna_xml/frame_031_sionna.xml,30.0,0.0,0.0,2.4,4.074,-1.779,0.81,28000000000.0,18,1.574846919538686e-08,5.723669715962387e-08,4.148822796423701e-08,3.621421384991663e-08,-74.41120938168608,-44.41120938168608,cir_coefficients_tau_mask,,"[1, 1, 1, 1, 18, 1]","[1, 1, 18]","[1, 1, 18]","[1, 1, 18]",,True,,18,4.148822796423701e-08,-44.411208955631295,0,0.0,-4.2605478256518836e-07,0,0,0,0,0,0,0,0
32,8224,rx_cerberus_base,/home/telilab4090/Documents/Gazebo World/my_world/rt_out/experiments/semantic_ablation_rigid_200f/sionna_xml/frame_032_sionna.xml,30.0,0.0,0.0,2.4,4.074,-1.779,0.81,28000000000.0,18,1.574846919538686e-08,5.723669715962387e-08,4.148822796423701e-08,3.621421384991663e-08,-74.41120938168608,-44.41120938168608,cir_coefficients_tau_mask,,"[1, 1, 1, 1, 18, 1]","[1, 1, 18]","[1, 1, 18]","[1, 1, 18]",,True,,18,4.148822796423701e-08,-44.41120938168608,0,0.0,0.0,0,0,0,0,0,0,0,0
33,8481,rx_cerberus_base,/home/telilab4090/Documents/Gazebo World/my_world/rt_out/experiments/semantic_ablation_rigid_200f/sionna_xml/frame_033_sionna.xml,30.0,0.0,0.0,2.4,4.074,-1.779,0.81,28000000000.0,18,1.574846919538686e-08,5.723669715962387e-08,4.148822796423701e-08,3.621421384991663e-08,-74.41120938168608,-44.41120938168608,cir_coefficients_tau_mask,,"[1, 1, 1, 1, 18, 1]","[1, 1, 18]","[1, 1, 18]","[1, 1, 18]",,True,,18,4.148822796423701e-08,-44.41120938168608,0,0.0,0.0,0,0,0,0,0,0,0,0
34,8737,rx_cerberus_base,/home/telilab4090/Documents/Gazebo World/my_world/rt_out/experiments/semantic_ablation_rigid_200f/sionna_xml/frame_034_sionna.xml,30.0,0.0,0.0,2.4,4.074,-1.779,0.81,28000000000.0,18,1.574846919538686e-08,5.723669715962387e-08,4.148822796423701e-08,3.621421384991663e-08,-74.41120938168608,-44.41120938168608,cir_coefficients_tau_mask,,"[1, 1, 1, 1, 18, 1]","[1, 1, 18]","[1, 1, 18]","[1, 1, 18]",,True,,18,4.148822796423701e-08,-44.41120938168608,0,0.0,0.0,0,0,0,0,0,0,0,0
35,8994,rx_cerberus_base,/home/telilab4090/Documents/Gazebo World/my_world/rt_out/experiments/semantic_ablation_rigid_200f/sionna_xml/frame_035_sionna.xml,30.0,0.0,0.0,2.4,4.074,-1.779,0.81,28000000000.0,18,1.574846919538686e-08,5.723669715962387e-08,4.148822796423701e-08,3.621421740263031e-08,-74.4112089556313,-44.411208955631295,cir_coefficients_tau_mask,,"[1, 1, 1, 1, 18, 1]","[1, 1, 18]","[1, 1, 18]","[1, 1, 18]",,True,,18,4.148822796423701e-08,-44.41120938168608,0,0.0,4.2605478256518836e-07,0,0,0,0,0,0,0,0
36,9251,rx_cerberus_base,/home/telilab4090/Documents/Gazebo World/my_world/rt_out/experiments/semantic_ablation_rigid_200f/sionna_xml/frame_036_sionna.xml,30.0,0.0,0.0,2.4,4.074,-1.779,0.81,28000000000.0,18,1.574846919538686e-08,5.723669715962387e-08,4.148822796423701e-08,3.621421384991663e-08,-74.41120938168608,-44.41120938168608,cir_coefficients_tau_mask,,"[1, 1, 1, 1, 18, 1]","[1, 1, 18]","[1, 1, 18]","[1, 1, 18]",,True,,18,4.148822796423701e-08,-44.411208955631295,0,0.0,-4.2605478256518836e-07,0,0,0,0,0,0,0,0
37,9508,rx_cerberus_base,/home/telilab4090/Documents/Gazebo World/my_world/rt_out/experiments/semantic_ablation_rigid_200f/sionna_xml/frame_037_sionna.xml,30.0,0.0,0.0,2.4,4.074,-1.779,0.81,28000000000.0,18,1.574846919538686e-08,5.723669715962387e-08,4.148822796423701e-08,3.621421384991663e-08,-74.41120938168608,-44.41120938168608,cir_coefficients_tau_mask,,"[1, 1, 1, 1, 18, 1]","[1, 1, 18]","[1, 1, 18]","[1, 1, 18]",,True,,18,4.148822796423701e-08,-44.41120938168608,0,0.0,0.0,0,0,0,0,0,0,0,0
38,9765,rx_cerberus_base,/home/telilab4090/Documents/Gazebo World/my_world/rt_out/experiments/semantic_ablation_rigid_200f/sionna_xml/frame_038_sionna.xml,30.0,0.0,0.0,2.4,4.074,-1.779,0.81,28000000000.0,18,1.574846919538686e-08,5.723669715962387e-08,4.148822796423701e-08,3.621421384991663e-08,-74.41120938168608,-44.41120938168608,cir_coefficients_tau_mask,,"[1, 1, 1, 1, 18, 1]","[1, 1, 18]","[1, 1, 18]","[1, 1, 18]",,True,,18,4.148822796423701e-08,-44.41120938168608,0,0.0,0.0,0,0,0,0,0,0,0,0
39,10022,rx_cerberus_base,/home/telilab4090/Documents/Gazebo World/my_world/rt_out/experiments/semantic_ablation_rigid_200f/sionna_xml/frame_039_sionna.xml,30.0,0.0,0.0,2.4,4.074,-1.779,0.81,28000000000.0,18,1.574846919538686e-08,5.723669715962387e-08,4.148822796423701e-08,3.621421384991663e-08,-74.41120938168608,-44.41120938168608,cir_coefficients_tau_mask,,"[1, 1, 1, 1, 18, 1]","[1, 1, 18]","[1, 1, 18]","[1, 1, 18]",,True,,18,4.148822796423701e-08,-44.41120938168608,0,0.0,0.0,0,0,0,0,0,0,0,0
40,10279,rx_cerberus_base,/home/telilab4090/Documents/Gazebo World/my_world/rt_out/experiments/semantic_ablation_rigid_200f/sionna_xml/frame_040_sionna.xml,30.0,0.0,0.0,2.4,4.074,-1.779,0.81,28000000000.0,18,1.574846919538686e-08,5.723669715962387e-08,4.148822796423701e-08,3.621421740263031e-08,-74.4112089556313,-44.411208955631295,cir_coefficients_tau_mask,,"[1, 1, 1, 1, 18, 1]","[1, 1, 18]","[1, 1, 18]","[1, 1, 18]",,True,,18,4.148822796423701e-08,-44.41120938168608,0,0.0,4.2605478256518836e-07,0,0,0,0,0,0,0,0
41,10536,rx_cerberus_base,/home/telilab4090/Documents/Gazebo World/my_world/rt_out/experiments/semantic_ablation_rigid_200f/sionna_xml/frame_041_sionna.xml,30.0,0.0,0.0,2.4,4.074,-1.779,0.81,28000000000.0,18,1.574846919538686e-08,5.723669715962387e-08,4.148822796423701e-08,3.621421384991663e-08,-74.41120938168608,-44.41120938168608,cir_coefficients_tau_mask,,"[1, 1, 1, 1, 18, 1]","[1, 1, 18]","[1, 1, 18]","[1, 1, 18]",,True,,18,4.148822796423701e-08,-44.411208955631295,0,0.0,-4.2605478256518836e-07,0,0,0,0,0,0,0,0
42,10793,rx_cerberus_base,/home/telilab4090/Documents/Gazebo World/my_world/rt_out/experiments/semantic_ablation_rigid_200f/sionna_xml/frame_042_sionna.xml,30.0,0.0,0.0,2.4,4.074,-1.779,0.81,28000000000.0,18,1.574846919538686e-08,5.723669715962387e-08,4.148822796423701e-08,3.621421384991663e-08,-74.41120938168608,-44.41120938168608,cir_coefficients_tau_mask,,"[1, 1, 1, 1, 18, 1]","[1, 1, 18]","[1, 1, 18]","[1, 1, 18]",,True,,18,4.148822796423701e-08,-44.41120938168608,0,0.0,0.0,0,0,0,0,0,0,0,0
43,11050,rx_cerberus_base,/home/telilab4090/Documents/Gazebo World/my_world/rt_out/experiments/semantic_ablation_rigid_200f/sionna_xml/frame_043_sionna.xml,30.0,0.0,0.0,2.4,4.074,-1.779,0.81,28000000000.0,18,1.574846919538686e-08,5.723669715962387e-08,4.148822796423701e-08,3.621421384991663e-08,-74.41120938168608,-44.41120938168608,cir_coefficients_tau_mask,,"[1, 1, 1, 1, 18, 1]","[1, 1, 18]","[1, 1, 18]","[1, 1, 18]",,True,,18,4.148822796423701e-08,-44.41120938168608,0,0.0,0.0,0,0,0,0,0,0,0,0
44,11307,rx_cerberus_base,/home/telilab4090/Documents/Gazebo World/my_world/rt_out/experiments/semantic_ablation_rigid_200f/sionna_xml/frame_044_sionna.xml,30.0,0.0,0.0,2.4,4.074,-1.779,0.81,28000000000.0,18,1.574846919538686e-08,5.723669715962387e-08,4.148822796423701e-08,3.621421740263031e-08,-74.4112089556313,-44.411208955631295,cir_coefficients_tau_mask,,"[1, 1, 1, 1, 18, 1]","[1, 1, 18]","[1, 1, 18]","[1, 1, 18]",,True,,18,4.148822796423701e-08,-44.41120938168608,0,0.0,4.2605478256518836e-07,0,0,0,0,0,0,0,0
45,11564,rx_cerberus_base,/home/telilab4090/Documents/Gazebo World/my_world/rt_out/experiments/semantic_ablation_rigid_200f/sionna_xml/frame_045_sionna.xml,30.0,0.0,0.0,2.4,4.074,-1.779,0.81,28000000000.0,18,1.574846919538686e-08,5.723669715962387e-08,4.148822796423701e-08,3.621421740263031e-08,-74.4112089556313,-44.411208955631295,cir_coefficients_tau_mask,,"[1, 1, 1, 1, 18, 1]","[1, 1, 18]","[1, 1, 18]","[1, 1, 18]",,True,,18,4.148822796423701e-08,-44.411208955631295,0,0.0,0.0,0,0,0,0,0,0,0,0
46,11821,rx_cerberus_base,/home/telilab4090/Documents/Gazebo World/my_world/rt_out/experiments/semantic_ablation_rigid_200f/sionna_xml/frame_046_sionna.xml,30.0,0.0,0.0,2.4,4.074,-1.779,0.81,28000000000.0,18,1.574846919538686e-08,5.723669715962387e-08,4.148822796423701e-08,3.621421384991663e-08,-74.41120938168608,-44.41120938168608,cir_coefficients_tau_mask,,"[1, 1, 1, 1, 18, 1]","[1, 1, 18]","[1, 1, 18]","[1, 1, 18]",,True,,18,4.148822796423701e-08,-44.411208955631295,0,0.0,-4.2605478256518836e-07,0,0,0,0,0,0,0,0
47,12078,rx_cerberus_base,/home/telilab4090/Documents/Gazebo World/my_world/rt_out/experiments/semantic_ablation_rigid_200f/sionna_xml/frame_047_sionna.xml,30.0,0.0,0.0,2.4,4.074,-1.779,0.81,28000000000.0,18,1.574846919538686e-08,5.723669715962387e-08,4.148822796423701e-08,3.621421384991663e-08,-74.41120938168608,-44.41120938168608,cir_coefficients_tau_mask,,"[1, 1, 1, 1, 18, 1]","[1, 1, 18]","[1, 1, 18]","[1, 1, 18]",,True,,18,4.148822796423701e-08,-44.41120938168608,0,0.0,0.0,0,0,0,0,0,0,0,0
48,12335,rx_cerberus_base,/home/telilab4090/Documents/Gazebo World/my_world/rt_out/experiments/semantic_ablation_rigid_200f/sionna_xml/frame_048_sionna.xml,30.0,0.0,0.0,2.4,4.074,-1.779,0.81,28000000000.0,18,1.574846919538686e-08,5.723669715962387e-08,4.148822796423701e-08,3.621421384991663e-08,-74.41120938168608,-44.41120938168608,cir_coefficients_tau_mask,,"[1, 1, 1, 1, 18, 1]","[1, 1, 18]","[1, 1, 18]","[1, 1, 18]",,True,,18,4.148822796423701e-08,-44.41120938168608,0,0.0,0.0,0,0,0,0,0,0,0,0
49,12592,rx_cerberus_base,/home/telilab4090/Documents/Gazebo World/my_world/rt_out/experiments/semantic_ablation_rigid_200f/sionna_xml/frame_049_sionna.xml,30.0,0.0,0.0,2.4,4.074,-1.779,0.81,28000000000.0,18,1.574846919538686e-08,5.723669715962387e-08,4.148822796423701e-08,3.621421740263031e-08,-74.4112089556313,-44.411208955631295,cir_coefficients_tau_mask,,"[1, 1, 1, 1, 18, 1]","[1, 1, 18]","[1, 1, 18]","[1, 1, 18]",,True,,18,4.148822796423701e-08,-44.41120938168608,0,0.0,4.2605478256518836e-07,0,0,0,0,0,0,0,0
50,12849,rx_cerberus_base,/home/telilab4090/Documents/Gazebo World/my_world/rt_out/experiments/semantic_ablation_rigid_200f/sionna_xml/frame_050_sionna.xml,30.0,0.0,0.0,2.4,4.074,-1.779,0.81,28000000000.0,18,1.574846919538686e-08,5.723669715962387e-08,4.148822796423701e-08,3.6214210297202953e-08,-74.41120980774089,-44.41120980774089,cir_coefficients_tau_mask,,"[1, 1, 1, 1, 18, 1]","[1, 1, 18]","[1, 1, 18]","[1, 1, 18]",,True,,18,4.148822796423701e-08,-44.411208955631295,0,0.0,-8.521095935520862e-07,0,0,0,0,0,0,0,0
51,13106,rx_cerberus_base,/home/telilab4090/Documents/Gazebo World/my_world/rt_out/experiments/semantic_ablation_rigid_200f/sionna_xml/frame_051_sionna.xml,30.0,0.0,0.0,2.4,4.074,-1.779,0.81,28000000000.0,18,1.574846919538686e-08,5.723669715962387e-08,4.148822796423701e-08,3.621421740263031e-08,-74.4112089556313,-44.411208955631295,cir_coefficients_tau_mask,,"[1, 1, 1, 1, 18, 1]","[1, 1, 18]","[1, 1, 18]","[1, 1, 18]",,True,,18,4.148822796423701e-08,-44.41120980774089,0,0.0,8.521095935520862e-07,0,0,0,0,0,0,0,0
52,13363,rx_cerberus_base,/home/telilab4090/Documents/Gazebo World/my_world/rt_out/experiments/semantic_ablation_rigid_200f/sionna_xml/frame_052_sionna.xml,30.0,0.0,0.0,2.4,4.074,-1.779,0.81,28000000000.0,18,1.574846919538686e-08,5.723669715962387e-08,4.148822796423701e-08,3.621421740263031e-08,-74.4112089556313,-44.411208955631295,cir_coefficients_tau_mask,,"[1, 1, 1, 1, 18, 1]","[1, 1, 18]","[1, 1, 18]","[1, 1, 18]",,True,,18,4.148822796423701e-08,-44.411208955631295,0,0.0,0.0,0,0,0,0,0,0,0,0
53,13620,rx_cerberus_base,/home/telilab4090/Documents/Gazebo World/my_world/rt_out/experiments/semantic_ablation_rigid_200f/sionna_xml/frame_053_sionna.xml,30.0,0.0,0.0,2.4,4.074,-1.779,0.81,28000000000.0,18,1.574846919538686e-08,5.723669715962387e-08,4.148822796423701e-08,3.621421384991663e-08,-74.41120938168608,-44.41120938168608,cir_coefficients_tau_mask,,"[1, 1, 1, 1, 18, 1]","[1, 1, 18]","[1, 1, 18]","[1, 1, 18]",,True,,18,4.148822796423701e-08,-44.411208955631295,0,0.0,-4.2605478256518836e-07,0,0,0,0,0,0,0,0
54,13877,rx_cerberus_base,/home/telilab4090/Documents/Gazebo World/my_world/rt_out/experiments/semantic_ablation_rigid_200f/sionna_xml/frame_054_sionna.xml,30.0,0.0,0.0,2.4,4.074,-1.779,0.81,28000000000.0,18,1.574846919538686e-08,5.723669715962387e-08,4.148822796423701e-08,3.621421740263031e-08,-74.4112089556313,-44.411208955631295,cir_coefficients_tau_mask,,"[1, 1, 1, 1, 18, 1]","[1, 1, 18]","[1, 1, 18]","[1, 1, 18]",,True,,18,4.148822796423701e-08,-44.41120938168608,0,0.0,4.2605478256518836e-07,0,0,0,0,0,0,0,0
55,14134,rx_cerberus_base,/home/telilab4090/Documents/Gazebo World/my_world/rt_out/experiments/semantic_ablation_rigid_200f/sionna_xml/frame_055_sionna.xml,30.0,0.0,0.0,2.4,4.074,-1.779,0.81,28000000000.0,18,1.574846919538686e-08,5.723669715962387e-08,4.148822796423701e-08,3.621421384991663e-08,-74.41120938168608,-44.41120938168608,cir_coefficients_tau_mask,,"[1, 1, 1, 1, 18, 1]","[1, 1, 18]","[1, 1, 18]","[1, 1, 18]",,True,,18,4.148822796423701e-08,-44.411208955631295,0,0.0,-4.2605478256518836e-07,0,0,0,0,0,0,0,0
56,14391,rx_cerberus_base,/home/telilab4090/Documents/Gazebo World/my_world/rt_out/experiments/semantic_ablation_rigid_200f/sionna_xml/frame_056_sionna.xml,30.0,0.0,0.0,2.4,4.074,-1.779,0.81,28000000000.0,18,1.574846919538686e-08,5.723669715962387e-08,4.148822796423701e-08,3.621421384991663e-08,-74.41120938168608,-44.41120938168608,cir_coefficients_tau_mask,,"[1, 1, 1, 1, 18, 1]","[1, 1, 18]","[1, 1, 18]","[1, 1, 18]",,True,,18,4.148822796423701e-08,-44.41120938168608,0,0.0,0.0,0,0,0,0,0,0,0,0
57,14648,rx_cerberus_base,/home/telilab4090/Documents/Gazebo World/my_world/rt_out/experiments/semantic_ablation_rigid_200f/sionna_xml/frame_057_sionna.xml,30.0,0.0,0.0,2.4,4.074,-1.779,0.81,28000000000.0,18,1.574846919538686e-08,5.723669715962387e-08,4.148822796423701e-08,3.621421384991663e-08,-74.41120938168608,-44.41120938168608,cir_coefficients_tau_mask,,"[1, 1, 1, 1, 18, 1]","[1, 1, 18]","[1, 1, 18]","[1, 1, 18]",,True,,18,4.148822796423701e-08,-44.41120938168608,0,0.0,0.0,0,0,0,0,0,0,0,0
58,14905,rx_cerberus_base,/home/telilab4090/Documents/Gazebo World/my_world/rt_out/experiments/semantic_ablation_rigid_200f/sionna_xml/frame_058_sionna.xml,30.0,0.0,0.0,2.4,4.074,-1.779,0.81,28000000000.0,18,1.574846919538686e-08,5.723669715962387e-08,4.148822796423701e-08,3.621421740263031e-08,-74.4112089556313,-44.411208955631295,cir_coefficients_tau_mask,,"[1, 1, 1, 1, 18, 1]","[1, 1, 18]","[1, 1, 18]","[1, 1, 18]",,True,,18,4.148822796423701e-08,-44.41120938168608,0,0.0,4.2605478256518836e-07,0,0,0,0,0,0,0,0
59,15162,rx_cerberus_base,/home/telilab4090/Documents/Gazebo World/my_world/rt_out/experiments/semantic_ablation_rigid_200f/sionna_xml/frame_059_sionna.xml,30.0,0.0,0.0,2.4,4.074,-1.779,0.81,28000000000.0,18,1.574846919538686e-08,5.723669715962387e-08,4.148822796423701e-08,3.621421384991663e-08,-74.41120938168608,-44.41120938168608,cir_coefficients_tau_mask,,"[1, 1, 1, 1, 18, 1]","[1, 1, 18]","[1, 1, 18]","[1, 1, 18]",,True,,18,4.148822796423701e-08,-44.411208955631295,0,0.0,-4.2605478256518836e-07,0,0,0,0,0,0,0,0
60,15419,rx_cerberus_base,/home/telilab4090/Documents/Gazebo World/my_world/rt_out/experiments/semantic_ablation_rigid_200f/sionna_xml/frame_060_sionna.xml,30.0,0.0,0.0,2.4,4.074,-1.779,0.81,28000000000.0,18,1.574846919538686e-08,5.723669715962387e-08,4.148822796423701e-08,3.621421384991663e-08,-74.41120938168608,-44.41120938168608,cir_coefficients_tau_mask,,"[1, 1, 1, 1, 18, 1]","[1, 1, 18]","[1, 1, 18]","[1, 1, 18]",,True,,18,4.148822796423701e-08,-44.41120938168608,0,0.0,0.0,0,0,0,0,0,0,0,0
61,15676,rx_cerberus_base,/home/telilab4090/Documents/Gazebo World/my_world/rt_out/experiments/semantic_ablation_rigid_200f/sionna_xml/frame_061_sionna.xml,30.0,0.0,0.0,2.4,4.074,-1.779,0.81,28000000000.0,18,1.574846919538686e-08,5.723669715962387e-08,4.148822796423701e-08,3.621421740263031e-08,-74.4112089556313,-44.411208955631295,cir_coefficients_tau_mask,,"[1, 1, 1, 1, 18, 1]","[1, 1, 18]","[1, 1, 18]","[1, 1, 18]",,True,,18,4.148822796423701e-08,-44.41120938168608,0,0.0,4.2605478256518836e-07,0,0,0,0,0,0,0,0
62,15933,rx_cerberus_base,/home/telilab4090/Documents/Gazebo World/my_world/rt_out/experiments/semantic_ablation_rigid_200f/sionna_xml/frame_062_sionna.xml,30.0,0.0,0.0,2.4,4.074,-1.779,0.81,28000000000.0,18,1.574846919538686e-08,5.723669715962387e-08,4.148822796423701e-08,3.621421384991663e-08,-74.41120938168608,-44.41120938168608,cir_coefficients_tau_mask,,"[1, 1, 1, 1, 18, 1]","[1, 1, 18]","[1, 1, 18]","[1, 1, 18]",,True,,18,4.148822796423701e-08,-44.411208955631295,0,0.0,-4.2605478256518836e-07,0,0,0,0,0,0,0,0
63,16190,rx_cerberus_base,/home/telilab4090/Documents/Gazebo World/my_world/rt_out/experiments/semantic_ablation_rigid_200f/sionna_xml/frame_063_sionna.xml,30.0,0.0,0.0,2.4,4.074,-1.779,0.81,28000000000.0,18,1.574846919538686e-08,5.723669715962387e-08,4.148822796423701e-08,3.621421384991663e-08,-74.41120938168608,-44.41120938168608,cir_coefficients_tau_mask,,"[1, 1, 1, 1, 18, 1]","[1, 1, 18]","[1, 1, 18]","[1, 1, 18]",,True,,18,4.148822796423701e-08,-44.41120938168608,0,0.0,0.0,0,0,0,0,0,0,0,0
64,16447,rx_cerberus_base,/home/telilab4090/Documents/Gazebo World/my_world/rt_out/experiments/semantic_ablation_rigid_200f/sionna_xml/frame_064_sionna.xml,30.0,0.0,0.0,2.4,4.074,-1.779,0.81,28000000000.0,18,1.574846919538686e-08,5.723669715962387e-08,4.148822796423701e-08,3.621421384991663e-08,-74.41120938168608,-44.41120938168608,cir_coefficients_tau_mask,,"[1, 1, 1, 1, 18, 1]","[1, 1, 18]","[1, 1, 18]","[1, 1, 18]",,True,,18,4.148822796423701e-08,-44.41120938168608,0,0.0,0.0,0,0,0,0,0,0,0,0
65,16704,rx_cerberus_base,/home/telilab4090/Documents/Gazebo World/my_world/rt_out/experiments/semantic_ablation_rigid_200f/sionna_xml/frame_065_sionna.xml,30.0,0.0,0.0,2.4,4.074,-1.779,0.81,28000000000.0,18,1.574846919538686e-08,5.723669715962387e-08,4.148822796423701e-08,3.621421384991663e-08,-74.41120938168608,-44.41120938168608,cir_coefficients_tau_mask,,"[1, 1, 1, 1, 18, 1]","[1, 1, 18]","[1, 1, 18]","[1, 1, 18]",,True,,18,4.148822796423701e-08,-44.41120938168608,0,0.0,0.0,0,0,0,0,0,0,0,0
66,16961,rx_cerberus_base,/home/telilab4090/Documents/Gazebo World/my_world/rt_out/experiments/semantic_ablation_rigid_200f/sionna_xml/frame_066_sionna.xml,30.0,0.0,0.0,2.4,4.074,-1.779,0.81,28000000000.0,18,1.574846919538686e-08,5.723669715962387e-08,4.148822796423701e-08,3.621421384991663e-08,-74.41120938168608,-44.41120938168608,cir_coefficients_tau_mask,,"[1, 1, 1, 1, 18, 1]","[1, 1, 18]","[1, 1, 18]","[1, 1, 18]",,True,,18,4.148822796423701e-08,-44.41120938168608,0,0.0,0.0,0,0,0,0,0,0,0,0
67,17218,rx_cerberus_base,/home/telilab4090/Documents/Gazebo World/my_world/rt_out/experiments/semantic_ablation_rigid_200f/sionna_xml/frame_067_sionna.xml,30.0,0.0,0.0,2.4,4.074,-1.779,0.81,28000000000.0,18,1.574846919538686e-08,5.723669715962387e-08,4.148822796423701e-08,3.621421740263031e-08,-74.4112089556313,-44.411208955631295,cir_coefficients_tau_mask,,"[1, 1, 1, 1, 18, 1]","[1, 1, 18]","[1, 1, 18]","[1, 1, 18]",,True,,18,4.148822796423701e-08,-44.41120938168608,0,0.0,4.2605478256518836e-07,0,0,0,0,0,0,0,0
68,17475,rx_cerberus_base,/home/telilab4090/Documents/Gazebo World/my_world/rt_out/experiments/semantic_ablation_rigid_200f/sionna_xml/frame_068_sionna.xml,30.0,0.0,0.0,2.4,4.074,-1.779,0.81,28000000000.0,18,1.574846919538686e-08,5.723669715962387e-08,4.148822796423701e-08,3.621421384991663e-08,-74.41120938168608,-44.41120938168608,cir_coefficients_tau_mask,,"[1, 1, 1, 1, 18, 1]","[1, 1, 18]","[1, 1, 18]","[1, 1, 18]",,True,,18,4.148822796423701e-08,-44.411208955631295,0,0.0,-4.2605478256518836e-07,0,0,0,0,0,0,0,0
69,17732,rx_cerberus_base,/home/telilab4090/Documents/Gazebo World/my_world/rt_out/experiments/semantic_ablation_rigid_200f/sionna_xml/frame_069_sionna.xml,30.0,0.0,0.0,2.4,4.074,-1.779,0.81,28000000000.0,18,1.574846919538686e-08,5.723669715962387e-08,4.148822796423701e-08,3.621421384991663e-08,-74.41120938168608,-44.41120938168608,cir_coefficients_tau_mask,,"[1, 1, 1, 1, 18, 1]","[1, 1, 18]","[1, 1, 18]","[1, 1, 18]",,True,,18,4.148822796423701e-08,-44.41120938168608,0,0.0,0.0,0,0,0,0,0,0,0,0
70,17989,rx_cerberus_base,/home/telilab4090/Documents/Gazebo World/my_world/rt_out/experiments/semantic_ablation_rigid_200f/sionna_xml/frame_070_sionna.xml,30.0,0.0,0.0,2.4,4.074,-1.779,0.81,28000000000.0,18,1.574846919538686e-08,5.723669715962387e-08,4.148822796423701e-08,3.621421384991663e-08,-74.41120938168608,-44.41120938168608,cir_coefficients_tau_mask,,"[1, 1, 1, 1, 18, 1]","[1, 1, 18]","[1, 1, 18]","[1, 1, 18]",,True,,18,4.148822796423701e-08,-44.41120938168608,0,0.0,0.0,0,0,0,0,0,0,0,0
71,18246,rx_cerberus_base,/home/telilab4090/Documents/Gazebo World/my_world/rt_out/experiments/semantic_ablation_rigid_200f/sionna_xml/frame_071_sionna.xml,30.0,0.0,0.0,2.4,4.074,-1.779,0.81,28000000000.0,18,1.574846919538686e-08,5.723669715962387e-08,4.148822796423701e-08,3.621421740263031e-08,-74.4112089556313,-44.411208955631295,cir_coefficients_tau_mask,,"[1, 1, 1, 1, 18, 1]","[1, 1, 18]","[1, 1, 18]","[1, 1, 18]",,True,,18,4.148822796423701e-08,-44.41120938168608,0,0.0,4.2605478256518836e-07,0,0,0,0,0,0,0,0
72,18503,rx_cerberus_base,/home/telilab4090/Documents/Gazebo World/my_world/rt_out/experiments/semantic_ablation_rigid_200f/sionna_xml/frame_072_sionna.xml,30.0,0.0,0.0,2.4,4.074,-1.779,0.81,28000000000.0,18,1.574846919538686e-08,5.723669715962387e-08,4.148822796423701e-08,3.621421384991663e-08,-74.41120938168608,-44.41120938168608,cir_coefficients_tau_mask,,"[1, 1, 1, 1, 18, 1]","[1, 1, 18]","[1, 1, 18]","[1, 1, 18]",,True,,18,4.148822796423701e-08,-44.411208955631295,0,0.0,-4.2605478256518836e-07,0,0,0,0,0,0,0,0
73,18760,rx_cerberus_base,/home/telilab4090/Documents/Gazebo World/my_world/rt_out/experiments/semantic_ablation_rigid_200f/sionna_xml/frame_073_sionna.xml,30.0,0.0,0.0,2.4,4.074,-1.779,0.81,28000000000.0,18,1.574846919538686e-08,5.723669715962387e-08,4.148822796423701e-08,3.621421384991663e-08,-74.41120938168608,-44.41120938168608,cir_coefficients_tau_mask,,"[1, 1, 1, 1, 18, 1]","[1, 1, 18]","[1, 1, 18]","[1, 1, 18]",,True,,18,4.148822796423701e-08,-44.41120938168608,0,0.0,0.0,0,0,0,0,0,0,0,0
74,19017,rx_cerberus_base,/home/telilab4090/Documents/Gazebo World/my_world/rt_out/experiments/semantic_ablation_rigid_200f/sionna_xml/frame_074_sionna.xml,30.0,0.0,0.0,2.4,4.074,-1.779,0.81,28000000000.0,18,1.574846919538686e-08,5.723669715962387e-08,4.148822796423701e-08,3.621421384991663e-08,-74.41120938168608,-44.41120938168608,cir_coefficients_tau_mask,,"[1, 1, 1, 1, 18, 1]","[1, 1, 18]","[1, 1, 18]","[1, 1, 18]",,True,,18,4.148822796423701e-08,-44.41120938168608,0,0.0,0.0,0,0,0,0,0,0,0,0
75,19274,rx_cerberus_base,/home/telilab4090/Documents/Gazebo World/my_world/rt_out/experiments/semantic_ablation_rigid_200f/sionna_xml/frame_075_sionna.xml,30.0,0.0,0.0,2.4,4.074,-1.779,0.81,28000000000.0,18,1.574846919538686e-08,5.723669715962387e-08,4.148822796423701e-08,3.621421384991663e-08,-74.41120938168608,-44.41120938168608,cir_coefficients_tau_mask,,"[1, 1, 1, 1, 18, 1]","[1, 1, 18]","[1, 1, 18]","[1, 1, 18]",,True,,18,4.148822796423701e-08,-44.41120938168608,0,0.0,0.0,0,0,0,0,0,0,0,0
76,19531,rx_cerberus_base,/home/telilab4090/Documents/Gazebo World/my_world/rt_out/experiments/semantic_ablation_rigid_200f/sionna_xml/frame_076_sionna.xml,30.0,0.0,0.0,2.4,4.074,-1.779,0.81,28000000000.0,18,1.574846919538686e-08,5.723669715962387e-08,4.148822796423701e-08,3.621421384991663e-08,-74.41120938168608,-44.41120938168608,cir_coefficients_tau_mask,,"[1, 1, 1, 1, 18, 1]","[1, 1, 18]","[1, 1, 18]","[1, 1, 18]",,True,,18,4.148822796423701e-08,-44.41120938168608,0,0.0,0.0,0,0,0,0,0,0,0,0
77,19788,rx_cerberus_base,/home/telilab4090/Documents/Gazebo World/my_world/rt_out/experiments/semantic_ablation_rigid_200f/sionna_xml/frame_077_sionna.xml,30.0,0.0,0.0,2.4,4.074,-1.779,0.81,28000000000.0,18,1.574846919538686e-08,5.723669715962387e-08,4.148822796423701e-08,3.621421384991663e-08,-74.41120938168608,-44.41120938168608,cir_coefficients_tau_mask,,"[1, 1, 1, 1, 18, 1]","[1, 1, 18]","[1, 1, 18]","[1, 1, 18]",,True,,18,4.148822796423701e-08,-44.41120938168608,0,0.0,0.0,0,0,0,0,0,0,0,0
78,20045,rx_cerberus_base,/home/telilab4090/Documents/Gazebo World/my_world/rt_out/experiments/semantic_ablation_rigid_200f/sionna_xml/frame_078_sionna.xml,30.0,0.0,0.0,2.4,4.074,-1.779,0.81,28000000000.0,18,1.574846919538686e-08,5.723669715962387e-08,4.148822796423701e-08,3.621421740263031e-08,-74.4112089556313,-44.411208955631295,cir_coefficients_tau_mask,,"[1, 1, 1, 1, 18, 1]","[1, 1, 18]","[1, 1, 18]","[1, 1, 18]",,True,,18,4.148822796423701e-08,-44.41120938168608,0,0.0,4.2605478256518836e-07,0,0,0,0,0,0,0,0
79,20302,rx_cerberus_base,/home/telilab4090/Documents/Gazebo World/my_world/rt_out/experiments/semantic_ablation_rigid_200f/sionna_xml/frame_079_sionna.xml,30.0,0.0,0.0,2.4,4.074,-1.779,0.81,28000000000.0,18,1.574846919538686e-08,5.723669715962387e-08,4.148822796423701e-08,3.621421384991663e-08,-74.41120938168608,-44.41120938168608,cir_coefficients_tau_mask,,"[1, 1, 1, 1, 18, 1]","[1, 1, 18]","[1, 1, 18]","[1, 1, 18]",,True,,18,4.148822796423701e-08,-44.411208955631295,0,0.0,-4.2605478256518836e-07,0,0,0,0,0,0,0,0
80,20559,rx_cerberus_base,/home/telilab4090/Documents/Gazebo World/my_world/rt_out/experiments/semantic_ablation_rigid_200f/sionna_xml/frame_080_sionna.xml,30.0,0.0,0.0,2.4,4.074,-1.779,0.81,28000000000.0,18,1.574846919538686e-08,5.723669715962387e-08,4.148822796423701e-08,3.621421384991663e-08,-74.41120938168608,-44.41120938168608,cir_coefficients_tau_mask,,"[1, 1, 1, 1, 18, 1]","[1, 1, 18]","[1, 1, 18]","[1, 1, 18]",,True,,18,4.148822796423701e-08,-44.41120938168608,0,0.0,0.0,0,0,0,0,0,0,0,0
81,20816,rx_cerberus_base,/home/telilab4090/Documents/Gazebo World/my_world/rt_out/experiments/semantic_ablation_rigid_200f/sionna_xml/frame_081_sionna.xml,30.0,0.0,0.0,2.4,4.074,-1.779,0.81,28000000000.0,18,1.574846919538686e-08,5.723669715962387e-08,4.148822796423701e-08,3.621421740263031e-08,-74.4112089556313,-44.411208955631295,cir_coefficients_tau_mask,,"[1, 1, 1, 1, 18, 1]","[1, 1, 18]","[1, 1, 18]","[1, 1, 18]",,True,,18,4.148822796423701e-08,-44.41120938168608,0,0.0,4.2605478256518836e-07,0,0,0,0,0,0,0,0
82,21073,rx_cerberus_base,/home/telilab4090/Documents/Gazebo World/my_world/rt_out/experiments/semantic_ablation_rigid_200f/sionna_xml/frame_082_sionna.xml,30.0,0.0,0.0,2.4,4.074,-1.779,0.81,28000000000.0,18,1.574846919538686e-08,5.723669715962387e-08,4.148822796423701e-08,3.621421740263031e-08,-74.4112089556313,-44.411208955631295,cir_coefficients_tau_mask,,"[1, 1, 1, 1, 18, 1]","[1, 1, 18]","[1, 1, 18]","[1, 1, 18]",,True,,18,4.148822796423701e-08,-44.411208955631295,0,0.0,0.0,0,0,0,0,0,0,0,0
83,21330,rx_cerberus_base,/home/telilab4090/Documents/Gazebo World/my_world/rt_out/experiments/semantic_ablation_rigid_200f/sionna_xml/frame_083_sionna.xml,30.0,0.0,0.0,2.4,4.074,-1.779,0.81,28000000000.0,18,1.574846919538686e-08,5.723669715962387e-08,4.148822796423701e-08,3.621421740263031e-08,-74.4112089556313,-44.411208955631295,cir_coefficients_tau_mask,,"[1, 1, 1, 1, 18, 1]","[1, 1, 18]","[1, 1, 18]","[1, 1, 18]",,True,,18,4.148822796423701e-08,-44.411208955631295,0,0.0,0.0,0,0,0,0,0,0,0,0
84,21587,rx_cerberus_base,/home/telilab4090/Documents/Gazebo World/my_world/rt_out/experiments/semantic_ablation_rigid_200f/sionna_xml/frame_084_sionna.xml,30.0,0.0,0.0,2.4,4.074,-1.779,0.81,28000000000.0,18,1.574846919538686e-08,5.723669715962387e-08,4.148822796423701e-08,3.621421740263031e-08,-74.4112089556313,-44.411208955631295,cir_coefficients_tau_mask,,"[1, 1, 1, 1, 18, 1]","[1, 1, 18]","[1, 1, 18]","[1, 1, 18]",,True,,18,4.148822796423701e-08,-44.411208955631295,0,0.0,0.0,0,0,0,0,0,0,0,0
85,21844,rx_cerberus_base,/home/telilab4090/Documents/Gazebo World/my_world/rt_out/experiments/semantic_ablation_rigid_200f/sionna_xml/frame_085_sionna.xml,30.0,0.0,0.0,2.4,4.074,-1.779,0.81,28000000000.0,18,1.574846919538686e-08,5.723669715962387e-08,4.148822796423701e-08,3.621421740263031e-08,-74.4112089556313,-44.411208955631295,cir_coefficients_tau_mask,,"[1, 1, 1, 1, 18, 1]","[1, 1, 18]","[1, 1, 18]","[1, 1, 18]",,True,,18,4.148822796423701e-08,-44.411208955631295,0,0.0,0.0,0,0,0,0,0,0,0,0
86,22101,rx_cerberus_base,/home/telilab4090/Documents/Gazebo World/my_world/rt_out/experiments/semantic_ablation_rigid_200f/sionna_xml/frame_086_sionna.xml,30.0,0.0,0.0,2.4,4.074,-1.779,0.81,28000000000.0,18,1.574846919538686e-08,5.723669715962387e-08,4.148822796423701e-08,3.621421384991663e-08,-74.41120938168608,-44.41120938168608,cir_coefficients_tau_mask,,"[1, 1, 1, 1, 18, 1]","[1, 1, 18]","[1, 1, 18]","[1, 1, 18]",,True,,18,4.148822796423701e-08,-44.411208955631295,0,0.0,-4.2605478256518836e-07,0,0,0,0,0,0,0,0
87,22358,rx_cerberus_base,/home/telilab4090/Documents/Gazebo World/my_world/rt_out/experiments/semantic_ablation_rigid_200f/sionna_xml/frame_087_sionna.xml,30.0,0.0,0.0,2.4,4.074,-1.779,0.81,28000000000.0,18,1.574846919538686e-08,5.723669715962387e-08,4.148822796423701e-08,3.621421384991663e-08,-74.41120938168608,-44.41120938168608,cir_coefficients_tau_mask,,"[1, 1, 1, 1, 18, 1]","[1, 1, 18]","[1, 1, 18]","[1, 1, 18]",,True,,18,4.148822796423701e-08,-44.41120938168608,0,0.0,0.0,0,0,0,0,0,0,0,0
88,22615,rx_cerberus_base,/home/telilab4090/Documents/Gazebo World/my_world/rt_out/experiments/semantic_ablation_rigid_200f/sionna_xml/frame_088_sionna.xml,30.0,0.0,0.0,2.4,4.074,-1.779,0.81,28000000000.0,18,1.574846919538686e-08,5.723669715962387e-08,4.148822796423701e-08,3.621421384991663e-08,-74.41120938168608,-44.41120938168608,cir_coefficients_tau_mask,,"[1, 1, 1, 1, 18, 1]","[1, 1, 18]","[1, 1, 18]","[1, 1, 18]",,True,,18,4.148822796423701e-08,-44.41120938168608,0,0.0,0.0,0,0,0,0,0,0,0,0
89,22872,rx_cerberus_base,/home/telilab4090/Documents/Gazebo World/my_world/rt_out/experiments/semantic_ablation_rigid_200f/sionna_xml/frame_089_sionna.xml,30.0,0.0,0.0,2.4,4.074,-1.779,0.81,28000000000.0,18,1.574846919538686e-08,5.723669715962387e-08,4.148822796423701e-08,3.621421740263031e-08,-74.4112089556313,-44.411208955631295,cir_coefficients_tau_mask,,"[1, 1, 1, 1, 18, 1]","[1, 1, 18]","[1, 1, 18]","[1, 1, 18]",,True,,18,4.148822796423701e-08,-44.41120938168608,0,0.0,4.2605478256518836e-07,0,0,0,0,0,0,0,0
90,23129,rx_cerberus_base,/home/telilab4090/Documents/Gazebo World/my_world/rt_out/experiments/semantic_ablation_rigid_200f/sionna_xml/frame_090_sionna.xml,30.0,0.0,0.0,2.4,4.074,-1.779,0.81,28000000000.0,18,1.574846919538686e-08,5.723669715962387e-08,4.148822796423701e-08,3.621421384991663e-08,-74.41120938168608,-44.41120938168608,cir_coefficients_tau_mask,,"[1, 1, 1, 1, 18, 1]","[1, 1, 18]","[1, 1, 18]","[1, 1, 18]",,True,,18,4.148822796423701e-08,-44.411208955631295,0,0.0,-4.2605478256518836e-07,0,0,0,0,0,0,0,0
91,23386,rx_cerberus_base,/home/telilab4090/Documents/Gazebo World/my_world/rt_out/experiments/semantic_ablation_rigid_200f/sionna_xml/frame_091_sionna.xml,30.0,0.0,0.0,2.4,4.074,-1.779,0.81,28000000000.0,18,1.574846919538686e-08,5.723669715962387e-08,4.148822796423701e-08,3.621421384991663e-08,-74.41120938168608,-44.41120938168608,cir_coefficients_tau_mask,,"[1, 1, 1, 1, 18, 1]","[1, 1, 18]","[1, 1, 18]","[1, 1, 18]",,True,,18,4.148822796423701e-08,-44.41120938168608,0,0.0,0.0,0,0,0,0,0,0,0,0
92,23643,rx_cerberus_base,/home/telilab4090/Documents/Gazebo World/my_world/rt_out/experiments/semantic_ablation_rigid_200f/sionna_xml/frame_092_sionna.xml,30.0,0.0,0.0,2.4,4.074,-1.779,0.81,28000000000.0,18,1.574846919538686e-08,5.723669715962387e-08,4.148822796423701e-08,3.621421740263031e-08,-74.4112089556313,-44.411208955631295,cir_coefficients_tau_mask,,"[1, 1, 1, 1, 18, 1]","[1, 1, 18]","[1, 1, 18]","[1, 1, 18]",,True,,18,4.148822796423701e-08,-44.41120938168608,0,0.0,4.2605478256518836e-07,0,0,0,0,0,0,0,0
93,23900,rx_cerberus_base,/home/telilab4090/Documents/Gazebo World/my_world/rt_out/experiments/semantic_ablation_rigid_200f/sionna_xml/frame_093_sionna.xml,30.0,0.0,0.0,2.4,4.074,-1.779,0.81,28000000000.0,18,1.574846919538686e-08,5.723669715962387e-08,4.148822796423701e-08,3.621421740263031e-08,-74.4112089556313,-44.411208955631295,cir_coefficients_tau_mask,,"[1, 1, 1, 1, 18, 1]","[1, 1, 18]","[1, 1, 18]","[1, 1, 18]",,True,,18,4.148822796423701e-08,-44.411208955631295,0,0.0,0.0,0,0,0,0,0,0,0,0
94,24157,rx_cerberus_base,/home/telilab4090/Documents/Gazebo World/my_world/rt_out/experiments/semantic_ablation_rigid_200f/sionna_xml/frame_094_sionna.xml,30.0,0.0,0.0,2.4,4.074,-1.779,0.81,28000000000.0,18,1.574846919538686e-08,5.723669715962387e-08,4.148822796423701e-08,3.621421740263031e-08,-74.4112089556313,-44.411208955631295,cir_coefficients_tau_mask,,"[1, 1, 1, 1, 18, 1]","[1, 1, 18]","[1, 1, 18]","[1, 1, 18]",,True,,18,4.148822796423701e-08,-44.411208955631295,0,0.0,0.0,0,0,0,0,0,0,0,0
95,24414,rx_cerberus_base,/home/telilab4090/Documents/Gazebo World/my_world/rt_out/experiments/semantic_ablation_rigid_200f/sionna_xml/frame_095_sionna.xml,30.0,0.0,0.0,2.4,4.074,-1.779,0.81,28000000000.0,18,1.574846919538686e-08,5.723669715962387e-08,4.148822796423701e-08,3.621421740263031e-08,-74.4112089556313,-44.411208955631295,cir_coefficients_tau_mask,,"[1, 1, 1, 1, 18, 1]","[1, 1, 18]","[1, 1, 18]","[1, 1, 18]",,True,,18,4.148822796423701e-08,-44.411208955631295,0,0.0,0.0,0,0,0,0,0,0,0,0
96,24671,rx_cerberus_base,/home/telilab4090/Documents/Gazebo World/my_world/rt_out/experiments/semantic_ablation_rigid_200f/sionna_xml/frame_096_sionna.xml,30.0,0.0,0.0,2.4,4.074,-1.779,0.81,28000000000.0,18,1.574846919538686e-08,5.723669715962387e-08,4.148822796423701e-08,3.621421384991663e-08,-74.41120938168608,-44.41120938168608,cir_coefficients_tau_mask,,"[1, 1, 1, 1, 18, 1]","[1, 1, 18]","[1, 1, 18]","[1, 1, 18]",,True,,18,4.148822796423701e-08,-44.411208955631295,0,0.0,-4.2605478256518836e-07,0,0,0,0,0,0,0,0
97,24928,rx_cerberus_base,/home/telilab4090/Documents/Gazebo World/my_world/rt_out/experiments/semantic_ablation_rigid_200f/sionna_xml/frame_097_sionna.xml,30.0,0.0,0.0,2.4,4.074,-1.779,0.81,28000000000.0,18,1.574846919538686e-08,5.723669715962387e-08,4.148822796423701e-08,3.621421740263031e-08,-74.4112089556313,-44.411208955631295,cir_coefficients_tau_mask,,"[1, 1, 1, 1, 18, 1]","[1, 1, 18]","[1, 1, 18]","[1, 1, 18]",,True,,18,4.148822796423701e-08,-44.41120938168608,0,0.0,4.2605478256518836e-07,0,0,0,0,0,0,0,0
98,25185,rx_cerberus_base,/home/telilab4090/Documents/Gazebo World/my_world/rt_out/experiments/semantic_ablation_rigid_200f/sionna_xml/frame_098_sionna.xml,30.0,0.0,0.0,2.4,4.074,-1.779,0.81,28000000000.0,18,1.574846919538686e-08,5.723669715962387e-08,4.148822796423701e-08,3.621421384991663e-08,-74.41120938168608,-44.41120938168608,cir_coefficients_tau_mask,,"[1, 1, 1, 1, 18, 1]","[1, 1, 18]","[1, 1, 18]","[1, 1, 18]",,True,,18,4.148822796423701e-08,-44.411208955631295,0,0.0,-4.2605478256518836e-07,0,0,0,0,0,0,0,0
99,25442,rx_cerberus_base,/home/telilab4090/Documents/Gazebo World/my_world/rt_out/experiments/semantic_ablation_rigid_200f/sionna_xml/frame_099_sionna.xml,30.0,0.0,0.0,2.4,4.074,-1.779,0.81,28000000000.0,18,1.574846919538686e-08,5.723669715962387e-08,4.148822796423701e-08,3.621421384991663e-08,-74.41120938168608,-44.41120938168608,cir_coefficients_tau_mask,,"[1, 1, 1, 1, 18, 1]","[1, 1, 18]","[1, 1, 18]","[1, 1, 18]",,True,,18,4.148822796423701e-08,-44.41120938168608,0,0.0,0.0,0,0,0,0,0,0,0,0
100,25698,rx_cerberus_base,/home/telilab4090/Documents/Gazebo World/my_world/rt_out/experiments/semantic_ablation_rigid_200f/sionna_xml/frame_100_sionna.xml,30.0,0.0,0.0,2.4,4.074,-1.779,0.81,28000000000.0,18,1.574846919538686e-08,5.723669715962387e-08,4.148822796423701e-08,3.621421740263031e-08,-74.4112089556313,-44.411208955631295,cir_coefficients_tau_mask,,"[1, 1, 1, 1, 18, 1]","[1, 1, 18]","[1, 1, 18]","[1, 1, 18]",,True,,18,4.148822796423701e-08,-44.41120938168608,0,0.0,4.2605478256518836e-07,0,0,0,0,0,0,0,0
101,25955,rx_cerberus_base,/home/telilab4090/Documents/Gazebo World/my_world/rt_out/experiments/semantic_ablation_rigid_200f/sionna_xml/frame_101_sionna.xml,30.0,0.0,0.0,2.4,4.074,-1.779,0.81,28000000000.0,18,1.574846919538686e-08,5.723669715962387e-08,4.148822796423701e-08,3.621421384991663e-08,-74.41120938168608,-44.41120938168608,cir_coefficients_tau_mask,,"[1, 1, 1, 1, 18, 1]","[1, 1, 18]","[1, 1, 18]","[1, 1, 18]",,True,,18,4.148822796423701e-08,-44.411208955631295,0,0.0,-4.2605478256518836e-07,0,0,0,0,0,0,0,0
102,26212,rx_cerberus_base,/home/telilab4090/Documents/Gazebo World/my_world/rt_out/experiments/semantic_ablation_rigid_200f/sionna_xml/frame_102_sionna.xml,30.0,0.0,0.0,2.4,4.074,-1.779,0.81,28000000000.0,18,1.574846919538686e-08,5.723669715962387e-08,4.148822796423701e-08,3.621421384991663e-08,-74.41120938168608,-44.41120938168608,cir_coefficients_tau_mask,,"[1, 1, 1, 1, 18, 1]","[1, 1, 18]","[1, 1, 18]","[1, 1, 18]",,True,,18,4.148822796423701e-08,-44.41120938168608,0,0.0,0.0,0,0,0,0,0,0,0,0
103,26469,rx_cerberus_base,/home/telilab4090/Documents/Gazebo World/my_world/rt_out/experiments/semantic_ablation_rigid_200f/sionna_xml/frame_103_sionna.xml,30.0,0.0,0.0,2.4,4.074,-1.779,0.81,28000000000.0,18,1.574846919538686e-08,5.723669715962387e-08,4.148822796423701e-08,3.621421384991663e-08,-74.41120938168608,-44.41120938168608,cir_coefficients_tau_mask,,"[1, 1, 1, 1, 18, 1]","[1, 1, 18]","[1, 1, 18]","[1, 1, 18]",,True,,18,4.148822796423701e-08,-44.41120938168608,0,0.0,0.0,0,0,0,0,0,0,0,0
104,26726,rx_cerberus_base,/home/telilab4090/Documents/Gazebo World/my_world/rt_out/experiments/semantic_ablation_rigid_200f/sionna_xml/frame_104_sionna.xml,30.0,0.0,0.0,2.4,4.074,-1.779,0.81,28000000000.0,18,1.574846919538686e-08,5.723669715962387e-08,4.148822796423701e-08,3.621421740263031e-08,-74.4112089556313,-44.411208955631295,cir_coefficients_tau_mask,,"[1, 1, 1, 1, 18, 1]","[1, 1, 18]","[1, 1, 18]","[1, 1, 18]",,True,,18,4.148822796423701e-08,-44.41120938168608,0,0.0,4.2605478256518836e-07,0,0,0,0,0,0,0,0
105,26983,rx_cerberus_base,/home/telilab4090/Documents/Gazebo World/my_world/rt_out/experiments/semantic_ablation_rigid_200f/sionna_xml/frame_105_sionna.xml,30.0,0.0,0.0,2.4,4.074,-1.779,0.81,28000000000.0,18,1.574846919538686e-08,5.723669715962387e-08,4.148822796423701e-08,3.621421384991663e-08,-74.41120938168608,-44.41120938168608,cir_coefficients_tau_mask,,"[1, 1, 1, 1, 18, 1]","[1, 1, 18]","[1, 1, 18]","[1, 1, 18]",,True,,18,4.148822796423701e-08,-44.411208955631295,0,0.0,-4.2605478256518836e-07,0,0,0,0,0,0,0,0
106,27240,rx_cerberus_base,/home/telilab4090/Documents/Gazebo World/my_world/rt_out/experiments/semantic_ablation_rigid_200f/sionna_xml/frame_106_sionna.xml,30.0,0.0,0.0,2.4,4.074,-1.779,0.81,28000000000.0,18,1.574846919538686e-08,5.723669715962387e-08,4.148822796423701e-08,3.621421384991663e-08,-74.41120938168608,-44.41120938168608,cir_coefficients_tau_mask,,"[1, 1, 1, 1, 18, 1]","[1, 1, 18]","[1, 1, 18]","[1, 1, 18]",,True,,18,4.148822796423701e-08,-44.41120938168608,0,0.0,0.0,0,0,0,0,0,0,0,0
107,27497,rx_cerberus_base,/home/telilab4090/Documents/Gazebo World/my_world/rt_out/experiments/semantic_ablation_rigid_200f/sionna_xml/frame_107_sionna.xml,30.0,0.0,0.0,2.4,4.074,-1.779,0.81,28000000000.0,18,1.574846919538686e-08,5.723669715962387e-08,4.148822796423701e-08,3.621421384991663e-08,-74.41120938168608,-44.41120938168608,cir_coefficients_tau_mask,,"[1, 1, 1, 1, 18, 1]","[1, 1, 18]","[1, 1, 18]","[1, 1, 18]",,True,,18,4.148822796423701e-08,-44.41120938168608,0,0.0,0.0,0,0,0,0,0,0,0,0
108,27754,rx_cerberus_base,/home/telilab4090/Documents/Gazebo World/my_world/rt_out/experiments/semantic_ablation_rigid_200f/sionna_xml/frame_108_sionna.xml,30.0,0.0,0.0,2.4,4.074,-1.779,0.81,28000000000.0,18,1.574846919538686e-08,5.723669715962387e-08,4.148822796423701e-08,3.621421384991663e-08,-74.41120938168608,-44.41120938168608,cir_coefficients_tau_mask,,"[1, 1, 1, 1, 18, 1]","[1, 1, 18]","[1, 1, 18]","[1, 1, 18]",,True,,18,4.148822796423701e-08,-44.41120938168608,0,0.0,0.0,0,0,0,0,0,0,0,0
109,28011,rx_cerberus_base,/home/telilab4090/Documents/Gazebo World/my_world/rt_out/experiments/semantic_ablation_rigid_200f/sionna_xml/frame_109_sionna.xml,30.0,0.0,0.0,2.4,4.074,-1.779,0.81,28000000000.0,18,1.574846919538686e-08,5.723669715962387e-08,4.148822796423701e-08,3.621421384991663e-08,-74.41120938168608,-44.41120938168608,cir_coefficients_tau_mask,,"[1, 1, 1, 1, 18, 1]","[1, 1, 18]","[1, 1, 18]","[1, 1, 18]",,True,,18,4.148822796423701e-08,-44.41120938168608,0,0.0,0.0,0,0,0,0,0,0,0,0
110,28268,rx_cerberus_base,/home/telilab4090/Documents/Gazebo World/my_world/rt_out/experiments/semantic_ablation_rigid_200f/sionna_xml/frame_110_sionna.xml,30.0,0.0,0.0,2.4,4.074,-1.779,0.81,28000000000.0,17,1.574846919538686e-08,5.478522524526852e-08,3.903675604988166e-08,3.617294197511001e-08,-74.41616168274675,-44.41616168274675,cir_coefficients_tau_mask,,"[1, 1, 1, 1, 17, 1]","[1, 1, 17]","[1, 1, 17]","[1, 1, 17]",,True,,18,4.148822796423701e-08,-44.41120938168608,-1,-2.451471914355352e-09,-0.004952301060669129,1,1,0,0,0,0,0,0
111,28525,rx_cerberus_base,/home/telilab4090/Documents/Gazebo World/my_world/rt_out/experiments/semantic_ablation_rigid_200f/sionna_xml/frame_111_sionna.xml,30.0,0.0,0.0,2.4,4.074,-1.779,0.81,28000000000.0,18,1.574846919538686e-08,5.723669715962387e-08,4.148822796423701e-08,3.621421384991663e-08,-74.41120938168608,-44.41120938168608,cir_coefficients_tau_mask,,"[1, 1, 1, 1, 18, 1]","[1, 1, 18]","[1, 1, 18]","[1, 1, 18]",,True,,17,3.903675604988166e-08,-44.41616168274675,1,2.451471914355352e-09,0.004952301060669129,1,0,0,0,0,1,1,1
112,28782,rx_cerberus_base,/home/telilab4090/Documents/Gazebo World/my_world/rt_out/experiments/semantic_ablation_rigid_200f/sionna_xml/frame_112_sionna.xml,30.0,0.0,0.0,2.4,4.074,-1.779,0.81,28000000000.0,18,1.574846919538686e-08,5.723669715962387e-08,4.148822796423701e-08,3.621421740263031e-08,-74.4112089556313,-44.411208955631295,cir_coefficients_tau_mask,,"[1, 1, 1, 1, 18, 1]","[1, 1, 18]","[1, 1, 18]","[1, 1, 18]",,True,,18,4.148822796423701e-08,-44.41120938168608,0,0.0,4.2605478256518836e-07,0,0,0,0,0,0,0,0
113,29039,rx_cerberus_base,/home/telilab4090/Documents/Gazebo World/my_world/rt_out/experiments/semantic_ablation_rigid_200f/sionna_xml/frame_113_sionna.xml,30.0,0.0,0.0,2.4,4.074,-1.779,0.81,28000000000.0,18,1.574846919538686e-08,5.723669715962387e-08,4.148822796423701e-08,3.621421740263031e-08,-74.4112089556313,-44.411208955631295,cir_coefficients_tau_mask,,"[1, 1, 1, 1, 18, 1]","[1, 1, 18]","[1, 1, 18]","[1, 1, 18]",,True,,18,4.148822796423701e-08,-44.411208955631295,0,0.0,0.0,0,0,0,0,0,0,0,0
114,29296,rx_cerberus_base,/home/telilab4090/Documents/Gazebo World/my_world/rt_out/experiments/semantic_ablation_rigid_200f/sionna_xml/frame_114_sionna.xml,30.0,0.0,0.0,2.4,4.074,-1.779,0.81,28000000000.0,18,1.574846919538686e-08,5.723669715962387e-08,4.148822796423701e-08,3.6214210297202953e-08,-74.41120980774089,-44.41120980774089,cir_coefficients_tau_mask,,"[1, 1, 1, 1, 18, 1]","[1, 1, 18]","[1, 1, 18]","[1, 1, 18]",,True,,18,4.148822796423701e-08,-44.411208955631295,0,0.0,-8.521095935520862e-07,0,0,0,0,0,0,0,0
115,29553,rx_cerberus_base,/home/telilab4090/Documents/Gazebo World/my_world/rt_out/experiments/semantic_ablation_rigid_200f/sionna_xml/frame_115_sionna.xml,30.0,0.0,0.0,2.4,4.074,-1.779,0.81,28000000000.0,18,1.574846919538686e-08,5.723669715962387e-08,4.148822796423701e-08,3.621421740263031e-08,-74.4112089556313,-44.411208955631295,cir_coefficients_tau_mask,,"[1, 1, 1, 1, 18, 1]","[1, 1, 18]","[1, 1, 18]","[1, 1, 18]",,True,,18,4.148822796423701e-08,-44.41120980774089,0,0.0,8.521095935520862e-07,0,0,0,0,0,0,0,0
116,29810,rx_cerberus_base,/home/telilab4090/Documents/Gazebo World/my_world/rt_out/experiments/semantic_ablation_rigid_200f/sionna_xml/frame_116_sionna.xml,30.0,0.0,0.0,2.4,4.074,-1.779,0.81,28000000000.0,18,1.574846919538686e-08,5.723669715962387e-08,4.148822796423701e-08,3.621421740263031e-08,-74.4112089556313,-44.411208955631295,cir_coefficients_tau_mask,,"[1, 1, 1, 1, 18, 1]","[1, 1, 18]","[1, 1, 18]","[1, 1, 18]",,True,,18,4.148822796423701e-08,-44.411208955631295,0,0.0,0.0,0,0,0,0,0,0,0,0
117,30067,rx_cerberus_base,/home/telilab4090/Documents/Gazebo World/my_world/rt_out/experiments/semantic_ablation_rigid_200f/sionna_xml/frame_117_sionna.xml,30.0,0.0,0.0,2.4,4.074,-1.779,0.81,28000000000.0,18,1.574846919538686e-08,5.723669715962387e-08,4.148822796423701e-08,3.621421740263031e-08,-74.4112089556313,-44.411208955631295,cir_coefficients_tau_mask,,"[1, 1, 1, 1, 18, 1]","[1, 1, 18]","[1, 1, 18]","[1, 1, 18]",,True,,18,4.148822796423701e-08,-44.411208955631295,0,0.0,0.0,0,0,0,0,0,0,0,0
118,30324,rx_cerberus_base,/home/telilab4090/Documents/Gazebo World/my_world/rt_out/experiments/semantic_ablation_rigid_200f/sionna_xml/frame_118_sionna.xml,30.0,0.0,0.0,2.4,4.074,-1.779,0.81,28000000000.0,18,1.574846919538686e-08,5.723669715962387e-08,4.148822796423701e-08,3.621421384991663e-08,-74.41120938168608,-44.41120938168608,cir_coefficients_tau_mask,,"[1, 1, 1, 1, 18, 1]","[1, 1, 18]","[1, 1, 18]","[1, 1, 18]",,True,,18,4.148822796423701e-08,-44.411208955631295,0,0.0,-4.2605478256518836e-07,0,0,0,0,0,0,0,0
119,30581,rx_cerberus_base,/home/telilab4090/Documents/Gazebo World/my_world/rt_out/experiments/semantic_ablation_rigid_200f/sionna_xml/frame_119_sionna.xml,30.0,0.0,0.0,2.4,4.074,-1.779,0.81,28000000000.0,18,1.574846919538686e-08,5.723669715962387e-08,4.148822796423701e-08,3.621421384991663e-08,-74.41120938168608,-44.41120938168608,cir_coefficients_tau_mask,,"[1, 1, 1, 1, 18, 1]","[1, 1, 18]","[1, 1, 18]","[1, 1, 18]",,True,,18,4.148822796423701e-08,-44.41120938168608,0,0.0,0.0,0,0,0,0,0,0,0,0
120,30838,rx_cerberus_base,/home/telilab4090/Documents/Gazebo World/my_world/rt_out/experiments/semantic_ablation_rigid_200f/sionna_xml/frame_120_sionna.xml,30.0,0.0,0.0,2.4,4.074,-1.779,0.81,28000000000.0,18,1.574846919538686e-08,5.723669715962387e-08,4.148822796423701e-08,3.6214210297202953e-08,-74.41120980774089,-44.41120980774089,cir_coefficients_tau_mask,,"[1, 1, 1, 1, 18, 1]","[1, 1, 18]","[1, 1, 18]","[1, 1, 18]",,True,,18,4.148822796423701e-08,-44.41120938168608,0,0.0,-4.260548109868978e-07,0,0,0,0,0,0,0,0
121,31095,rx_cerberus_base,/home/telilab4090/Documents/Gazebo World/my_world/rt_out/experiments/semantic_ablation_rigid_200f/sionna_xml/frame_121_sionna.xml,30.0,0.0,0.0,2.4,4.074,-1.779,0.81,28000000000.0,18,1.574846919538686e-08,5.723669715962387e-08,4.148822796423701e-08,3.6214210297202953e-08,-74.41120980774089,-44.41120980774089,cir_coefficients_tau_mask,,"[1, 1, 1, 1, 18, 1]","[1, 1, 18]","[1, 1, 18]","[1, 1, 18]",,True,,18,4.148822796423701e-08,-44.41120980774089,0,0.0,0.0,0,0,0,0,0,0,0,0
122,31352,rx_cerberus_base,/home/telilab4090/Documents/Gazebo World/my_world/rt_out/experiments/semantic_ablation_rigid_200f/sionna_xml/frame_122_sionna.xml,30.0,0.0,0.0,2.4,4.074,-1.779,0.81,28000000000.0,18,1.574846919538686e-08,5.723669715962387e-08,4.148822796423701e-08,3.621421384991663e-08,-74.41120938168608,-44.41120938168608,cir_coefficients_tau_mask,,"[1, 1, 1, 1, 18, 1]","[1, 1, 18]","[1, 1, 18]","[1, 1, 18]",,True,,18,4.148822796423701e-08,-44.41120980774089,0,0.0,4.260548109868978e-07,0,0,0,0,0,0,0,0
123,31609,rx_cerberus_base,/home/telilab4090/Documents/Gazebo World/my_world/rt_out/experiments/semantic_ablation_rigid_200f/sionna_xml/frame_123_sionna.xml,30.0,0.0,0.0,2.4,4.074,-1.779,0.81,28000000000.0,18,1.574846919538686e-08,5.723669715962387e-08,4.148822796423701e-08,3.621421384991663e-08,-74.41120938168608,-44.41120938168608,cir_coefficients_tau_mask,,"[1, 1, 1, 1, 18, 1]","[1, 1, 18]","[1, 1, 18]","[1, 1, 18]",,True,,18,4.148822796423701e-08,-44.41120938168608,0,0.0,0.0,0,0,0,0,0,0,0,0
124,31866,rx_cerberus_base,/home/telilab4090/Documents/Gazebo World/my_world/rt_out/experiments/semantic_ablation_rigid_200f/sionna_xml/frame_124_sionna.xml,30.0,0.0,0.0,2.4,4.074,-1.779,0.81,28000000000.0,18,1.574846919538686e-08,5.723669715962387e-08,4.148822796423701e-08,3.621421384991663e-08,-74.41120938168608,-44.41120938168608,cir_coefficients_tau_mask,,"[1, 1, 1, 1, 18, 1]","[1, 1, 18]","[1, 1, 18]","[1, 1, 18]",,True,,18,4.148822796423701e-08,-44.41120938168608,0,0.0,0.0,0,0,0,0,0,0,0,0
125,32123,rx_cerberus_base,/home/telilab4090/Documents/Gazebo World/my_world/rt_out/experiments/semantic_ablation_rigid_200f/sionna_xml/frame_125_sionna.xml,30.0,0.0,0.0,2.4,4.074,-1.779,0.81,28000000000.0,18,1.574846919538686e-08,5.723669715962387e-08,4.148822796423701e-08,3.621421384991663e-08,-74.41120938168608,-44.41120938168608,cir_coefficients_tau_mask,,"[1, 1, 1, 1, 18, 1]","[1, 1, 18]","[1, 1, 18]","[1, 1, 18]",,True,,18,4.148822796423701e-08,-44.41120938168608,0,0.0,0.0,0,0,0,0,0,0,0,0
126,32380,rx_cerberus_base,/home/telilab4090/Documents/Gazebo World/my_world/rt_out/experiments/semantic_ablation_rigid_200f/sionna_xml/frame_126_sionna.xml,30.0,0.0,0.0,2.4,4.074,-1.779,0.81,28000000000.0,18,1.574846919538686e-08,5.723669715962387e-08,4.148822796423701e-08,3.621421740263031e-08,-74.4112089556313,-44.411208955631295,cir_coefficients_tau_mask,,"[1, 1, 1, 1, 18, 1]","[1, 1, 18]","[1, 1, 18]","[1, 1, 18]",,True,,18,4.148822796423701e-08,-44.41120938168608,0,0.0,4.2605478256518836e-07,0,0,0,0,0,0,0,0
127,32637,rx_cerberus_base,/home/telilab4090/Documents/Gazebo World/my_world/rt_out/experiments/semantic_ablation_rigid_200f/sionna_xml/frame_127_sionna.xml,30.0,0.0,0.0,2.4,4.074,-1.779,0.81,28000000000.0,18,1.574846919538686e-08,5.723669715962387e-08,4.148822796423701e-08,3.621421384991663e-08,-74.41120938168608,-44.41120938168608,cir_coefficients_tau_mask,,"[1, 1, 1, 1, 18, 1]","[1, 1, 18]","[1, 1, 18]","[1, 1, 18]",,True,,18,4.148822796423701e-08,-44.411208955631295,0,0.0,-4.2605478256518836e-07,0,0,0,0,0,0,0,0
128,32894,rx_cerberus_base,/home/telilab4090/Documents/Gazebo World/my_world/rt_out/experiments/semantic_ablation_rigid_200f/sionna_xml/frame_128_sionna.xml,30.0,0.0,0.0,2.4,4.074,-1.779,0.81,28000000000.0,18,1.574846919538686e-08,5.723669715962387e-08,4.148822796423701e-08,3.621421740263031e-08,-74.4112089556313,-44.411208955631295,cir_coefficients_tau_mask,,"[1, 1, 1, 1, 18, 1]","[1, 1, 18]","[1, 1, 18]","[1, 1, 18]",,True,,18,4.148822796423701e-08,-44.41120938168608,0,0.0,4.2605478256518836e-07,0,0,0,0,0,0,0,0
129,33151,rx_cerberus_base,/home/telilab4090/Documents/Gazebo World/my_world/rt_out/experiments/semantic_ablation_rigid_200f/sionna_xml/frame_129_sionna.xml,30.0,0.0,0.0,2.4,4.074,-1.779,0.81,28000000000.0,18,1.574846919538686e-08,5.723669715962387e-08,4.148822796423701e-08,3.621421384991663e-08,-74.41120938168608,-44.41120938168608,cir_coefficients_tau_mask,,"[1, 1, 1, 1, 18, 1]","[1, 1, 18]","[1, 1, 18]","[1, 1, 18]",,True,,18,4.148822796423701e-08,-44.411208955631295,0,0.0,-4.2605478256518836e-07,0,0,0,0,0,0,0,0
130,33408,rx_cerberus_base,/home/telilab4090/Documents/Gazebo World/my_world/rt_out/experiments/semantic_ablation_rigid_200f/sionna_xml/frame_130_sionna.xml,30.0,0.0,0.0,2.4,4.074,-1.779,0.81,28000000000.0,18,1.574846919538686e-08,5.723669715962387e-08,4.148822796423701e-08,3.621421384991663e-08,-74.41120938168608,-44.41120938168608,cir_coefficients_tau_mask,,"[1, 1, 1, 1, 18, 1]","[1, 1, 18]","[1, 1, 18]","[1, 1, 18]",,True,,18,4.148822796423701e-08,-44.41120938168608,0,0.0,0.0,0,0,0,0,0,0,0,0
131,33665,rx_cerberus_base,/home/telilab4090/Documents/Gazebo World/my_world/rt_out/experiments/semantic_ablation_rigid_200f/sionna_xml/frame_131_sionna.xml,30.0,0.0,0.0,2.4,4.074,-1.779,0.81,28000000000.0,18,1.574846919538686e-08,5.723669715962387e-08,4.148822796423701e-08,3.621421384991663e-08,-74.41120938168608,-44.41120938168608,cir_coefficients_tau_mask,,"[1, 1, 1, 1, 18, 1]","[1, 1, 18]","[1, 1, 18]","[1, 1, 18]",,True,,18,4.148822796423701e-08,-44.41120938168608,0,0.0,0.0,0,0,0,0,0,0,0,0
132,33922,rx_cerberus_base,/home/telilab4090/Documents/Gazebo World/my_world/rt_out/experiments/semantic_ablation_rigid_200f/sionna_xml/frame_132_sionna.xml,30.0,0.0,0.0,2.4,4.074,-1.779,0.81,28000000000.0,18,1.574846919538686e-08,5.723669715962387e-08,4.148822796423701e-08,3.621421384991663e-08,-74.41120938168608,-44.41120938168608,cir_coefficients_tau_mask,,"[1, 1, 1, 1, 18, 1]","[1, 1, 18]","[1, 1, 18]","[1, 1, 18]",,True,,18,4.148822796423701e-08,-44.41120938168608,0,0.0,0.0,0,0,0,0,0,0,0,0
133,34179,rx_cerberus_base,/home/telilab4090/Documents/Gazebo World/my_world/rt_out/experiments/semantic_ablation_rigid_200f/sionna_xml/frame_133_sionna.xml,30.0,0.0,0.0,2.4,4.074,-1.779,0.81,28000000000.0,18,1.574846919538686e-08,5.723669715962387e-08,4.148822796423701e-08,3.621421740263031e-08,-74.4112089556313,-44.411208955631295,cir_coefficients_tau_mask,,"[1, 1, 1, 1, 18, 1]","[1, 1, 18]","[1, 1, 18]","[1, 1, 18]",,True,,18,4.148822796423701e-08,-44.41120938168608,0,0.0,4.2605478256518836e-07,0,0,0,0,0,0,0,0
134,34436,rx_cerberus_base,/home/telilab4090/Documents/Gazebo World/my_world/rt_out/experiments/semantic_ablation_rigid_200f/sionna_xml/frame_134_sionna.xml,30.0,0.0,0.0,2.4,4.074,-1.779,0.81,28000000000.0,18,1.574846919538686e-08,5.723669715962387e-08,4.148822796423701e-08,3.621421740263031e-08,-74.4112089556313,-44.411208955631295,cir_coefficients_tau_mask,,"[1, 1, 1, 1, 18, 1]","[1, 1, 18]","[1, 1, 18]","[1, 1, 18]",,True,,18,4.148822796423701e-08,-44.411208955631295,0,0.0,0.0,0,0,0,0,0,0,0,0
135,34693,rx_cerberus_base,/home/telilab4090/Documents/Gazebo World/my_world/rt_out/experiments/semantic_ablation_rigid_200f/sionna_xml/frame_135_sionna.xml,30.0,0.0,0.0,2.4,4.074,-1.779,0.81,28000000000.0,18,1.574846919538686e-08,5.723669715962387e-08,4.148822796423701e-08,3.621421740263031e-08,-74.4112089556313,-44.411208955631295,cir_coefficients_tau_mask,,"[1, 1, 1, 1, 18, 1]","[1, 1, 18]","[1, 1, 18]","[1, 1, 18]",,True,,18,4.148822796423701e-08,-44.411208955631295,0,0.0,0.0,0,0,0,0,0,0,0,0
136,34950,rx_cerberus_base,/home/telilab4090/Documents/Gazebo World/my_world/rt_out/experiments/semantic_ablation_rigid_200f/sionna_xml/frame_136_sionna.xml,30.0,0.0,0.0,2.4,4.074,-1.779,0.81,28000000000.0,18,1.574846919538686e-08,5.723669715962387e-08,4.148822796423701e-08,3.621421384991663e-08,-74.41120938168608,-44.41120938168608,cir_coefficients_tau_mask,,"[1, 1, 1, 1, 18, 1]","[1, 1, 18]","[1, 1, 18]","[1, 1, 18]",,True,,18,4.148822796423701e-08,-44.411208955631295,0,0.0,-4.2605478256518836e-07,0,0,0,0,0,0,0,0
137,35207,rx_cerberus_base,/home/telilab4090/Documents/Gazebo World/my_world/rt_out/experiments/semantic_ablation_rigid_200f/sionna_xml/frame_137_sionna.xml,30.0,0.0,0.0,2.4,4.074,-1.779,0.81,28000000000.0,18,1.574846919538686e-08,5.723669715962387e-08,4.148822796423701e-08,3.621421740263031e-08,-74.4112089556313,-44.411208955631295,cir_coefficients_tau_mask,,"[1, 1, 1, 1, 18, 1]","[1, 1, 18]","[1, 1, 18]","[1, 1, 18]",,True,,18,4.148822796423701e-08,-44.41120938168608,0,0.0,4.2605478256518836e-07,0,0,0,0,0,0,0,0
138,35464,rx_cerberus_base,/home/telilab4090/Documents/Gazebo World/my_world/rt_out/experiments/semantic_ablation_rigid_200f/sionna_xml/frame_138_sionna.xml,30.0,0.0,0.0,2.4,4.074,-1.779,0.81,28000000000.0,18,1.574846919538686e-08,5.723669715962387e-08,4.148822796423701e-08,3.621421740263031e-08,-74.4112089556313,-44.411208955631295,cir_coefficients_tau_mask,,"[1, 1, 1, 1, 18, 1]","[1, 1, 18]","[1, 1, 18]","[1, 1, 18]",,True,,18,4.148822796423701e-08,-44.411208955631295,0,0.0,0.0,0,0,0,0,0,0,0,0
139,35721,rx_cerberus_base,/home/telilab4090/Documents/Gazebo World/my_world/rt_out/experiments/semantic_ablation_rigid_200f/sionna_xml/frame_139_sionna.xml,30.0,0.0,0.0,2.4,4.074,-1.779,0.81,28000000000.0,18,1.574846919538686e-08,5.723669715962387e-08,4.148822796423701e-08,3.6214210297202953e-08,-74.41120980774089,-44.41120980774089,cir_coefficients_tau_mask,,"[1, 1, 1, 1, 18, 1]","[1, 1, 18]","[1, 1, 18]","[1, 1, 18]",,True,,18,4.148822796423701e-08,-44.411208955631295,0,0.0,-8.521095935520862e-07,0,0,0,0,0,0,0,0
140,35978,rx_cerberus_base,/home/telilab4090/Documents/Gazebo World/my_world/rt_out/experiments/semantic_ablation_rigid_200f/sionna_xml/frame_140_sionna.xml,30.0,0.0,0.0,2.4,4.074,-1.779,0.81,28000000000.0,18,1.574846919538686e-08,5.723669715962387e-08,4.148822796423701e-08,3.621421384991663e-08,-74.41120938168608,-44.41120938168608,cir_coefficients_tau_mask,,"[1, 1, 1, 1, 18, 1]","[1, 1, 18]","[1, 1, 18]","[1, 1, 18]",,True,,18,4.148822796423701e-08,-44.41120980774089,0,0.0,4.260548109868978e-07,0,0,0,0,0,0,0,0
141,36235,rx_cerberus_base,/home/telilab4090/Documents/Gazebo World/my_world/rt_out/experiments/semantic_ablation_rigid_200f/sionna_xml/frame_141_sionna.xml,30.0,0.0,0.0,2.4,4.074,-1.779,0.81,28000000000.0,18,1.574846919538686e-08,5.723669715962387e-08,4.148822796423701e-08,3.621422095534399e-08,-74.41120852957657,-44.41120852957657,cir_coefficients_tau_mask,,"[1, 1, 1, 1, 18, 1]","[1, 1, 18]","[1, 1, 18]","[1, 1, 18]",,True,,18,4.148822796423701e-08,-44.41120938168608,0,0.0,8.521095082869579e-07,0,0,0,0,0,0,0,0
142,36492,rx_cerberus_base,/home/telilab4090/Documents/Gazebo World/my_world/rt_out/experiments/semantic_ablation_rigid_200f/sionna_xml/frame_142_sionna.xml,30.0,0.0,0.0,2.4,4.074,-1.779,0.81,28000000000.0,18,1.574846919538686e-08,5.723669715962387e-08,4.148822796423701e-08,3.621421384991663e-08,-74.41120938168608,-44.41120938168608,cir_coefficients_tau_mask,,"[1, 1, 1, 1, 18, 1]","[1, 1, 18]","[1, 1, 18]","[1, 1, 18]",,True,,18,4.148822796423701e-08,-44.41120852957657,0,0.0,-8.521095082869579e-07,0,0,0,0,0,0,0,0
143,36749,rx_cerberus_base,/home/telilab4090/Documents/Gazebo World/my_world/rt_out/experiments/semantic_ablation_rigid_200f/sionna_xml/frame_143_sionna.xml,30.0,0.0,0.0,2.4,4.074,-1.779,0.81,28000000000.0,18,1.574846919538686e-08,5.723669715962387e-08,4.148822796423701e-08,3.621421384991663e-08,-74.41120938168608,-44.41120938168608,cir_coefficients_tau_mask,,"[1, 1, 1, 1, 18, 1]","[1, 1, 18]","[1, 1, 18]","[1, 1, 18]",,True,,18,4.148822796423701e-08,-44.41120938168608,0,0.0,0.0,0,0,0,0,0,0,0,0
144,37006,rx_cerberus_base,/home/telilab4090/Documents/Gazebo World/my_world/rt_out/experiments/semantic_ablation_rigid_200f/sionna_xml/frame_144_sionna.xml,30.0,0.0,0.0,2.4,4.074,-1.779,0.81,28000000000.0,18,1.574846919538686e-08,5.723669715962387e-08,4.148822796423701e-08,3.621421384991663e-08,-74.41120938168608,-44.41120938168608,cir_coefficients_tau_mask,,"[1, 1, 1, 1, 18, 1]","[1, 1, 18]","[1, 1, 18]","[1, 1, 18]",,True,,18,4.148822796423701e-08,-44.41120938168608,0,0.0,0.0,0,0,0,0,0,0,0,0
145,37263,rx_cerberus_base,/home/telilab4090/Documents/Gazebo World/my_world/rt_out/experiments/semantic_ablation_rigid_200f/sionna_xml/frame_145_sionna.xml,30.0,0.0,0.0,2.4,4.074,-1.779,0.81,28000000000.0,18,1.574846919538686e-08,5.723669715962387e-08,4.148822796423701e-08,3.621421384991663e-08,-74.41120938168608,-44.41120938168608,cir_coefficients_tau_mask,,"[1, 1, 1, 1, 18, 1]","[1, 1, 18]","[1, 1, 18]","[1, 1, 18]",,True,,18,4.148822796423701e-08,-44.41120938168608,0,0.0,0.0,0,0,0,0,0,0,0,0
146,37520,rx_cerberus_base,/home/telilab4090/Documents/Gazebo World/my_world/rt_out/experiments/semantic_ablation_rigid_200f/sionna_xml/frame_146_sionna.xml,30.0,0.0,0.0,2.4,4.074,-1.779,0.81,28000000000.0,18,1.574846919538686e-08,5.723669715962387e-08,4.148822796423701e-08,3.621421384991663e-08,-74.41120938168608,-44.41120938168608,cir_coefficients_tau_mask,,"[1, 1, 1, 1, 18, 1]","[1, 1, 18]","[1, 1, 18]","[1, 1, 18]",,True,,18,4.148822796423701e-08,-44.41120938168608,0,0.0,0.0,0,0,0,0,0,0,0,0
147,37777,rx_cerberus_base,/home/telilab4090/Documents/Gazebo World/my_world/rt_out/experiments/semantic_ablation_rigid_200f/sionna_xml/frame_147_sionna.xml,30.0,0.0,0.0,2.4,4.074,-1.779,0.81,28000000000.0,18,1.574846919538686e-08,5.723669715962387e-08,4.148822796423701e-08,3.621421740263031e-08,-74.4112089556313,-44.411208955631295,cir_coefficients_tau_mask,,"[1, 1, 1, 1, 18, 1]","[1, 1, 18]","[1, 1, 18]","[1, 1, 18]",,True,,18,4.148822796423701e-08,-44.41120938168608,0,0.0,4.2605478256518836e-07,0,0,0,0,0,0,0,0
148,38034,rx_cerberus_base,/home/telilab4090/Documents/Gazebo World/my_world/rt_out/experiments/semantic_ablation_rigid_200f/sionna_xml/frame_148_sionna.xml,30.0,0.0,0.0,2.4,4.074,-1.779,0.81,28000000000.0,18,1.574846919538686e-08,5.723669715962387e-08,4.148822796423701e-08,3.621421384991663e-08,-74.41120938168608,-44.41120938168608,cir_coefficients_tau_mask,,"[1, 1, 1, 1, 18, 1]","[1, 1, 18]","[1, 1, 18]","[1, 1, 18]",,True,,18,4.148822796423701e-08,-44.411208955631295,0,0.0,-4.2605478256518836e-07,0,0,0,0,0,0,0,0
149,38291,rx_cerberus_base,/home/telilab4090/Documents/Gazebo World/my_world/rt_out/experiments/semantic_ablation_rigid_200f/sionna_xml/frame_149_sionna.xml,30.0,0.0,0.0,2.4,4.074,-1.779,0.81,28000000000.0,18,1.574846919538686e-08,5.723669715962387e-08,4.148822796423701e-08,3.621421740263031e-08,-74.4112089556313,-44.411208955631295,cir_coefficients_tau_mask,,"[1, 1, 1, 1, 18, 1]","[1, 1, 18]","[1, 1, 18]","[1, 1, 18]",,True,,18,4.148822796423701e-08,-44.41120938168608,0,0.0,4.2605478256518836e-07,0,0,0,0,0,0,0,0
150,38548,rx_cerberus_base,/home/telilab4090/Documents/Gazebo World/my_world/rt_out/experiments/semantic_ablation_rigid_200f/sionna_xml/frame_150_sionna.xml,30.0,0.0,0.0,2.4,4.074,-1.779,0.81,28000000000.0,18,1.574846919538686e-08,5.723669715962387e-08,4.148822796423701e-08,3.621421740263031e-08,-74.4112089556313,-44.411208955631295,cir_coefficients_tau_mask,,"[1, 1, 1, 1, 18, 1]","[1, 1, 18]","[1, 1, 18]","[1, 1, 18]",,True,,18,4.148822796423701e-08,-44.411208955631295,0,0.0,0.0,0,0,0,0,0,0,0,0
151,38805,rx_cerberus_base,/home/telilab4090/Documents/Gazebo World/my_world/rt_out/experiments/semantic_ablation_rigid_200f/sionna_xml/frame_151_sionna.xml,30.0,0.0,0.0,2.4,4.074,-1.779,0.81,28000000000.0,18,1.574846919538686e-08,5.723669715962387e-08,4.148822796423701e-08,3.621421384991663e-08,-74.41120938168608,-44.41120938168608,cir_coefficients_tau_mask,,"[1, 1, 1, 1, 18, 1]","[1, 1, 18]","[1, 1, 18]","[1, 1, 18]",,True,,18,4.148822796423701e-08,-44.411208955631295,0,0.0,-4.2605478256518836e-07,0,0,0,0,0,0,0,0
152,39062,rx_cerberus_base,/home/telilab4090/Documents/Gazebo World/my_world/rt_out/experiments/semantic_ablation_rigid_200f/sionna_xml/frame_152_sionna.xml,30.0,0.0,0.0,2.4,4.074,-1.779,0.81,28000000000.0,18,1.574846919538686e-08,5.723669715962387e-08,4.148822796423701e-08,3.621421740263031e-08,-74.4112089556313,-44.411208955631295,cir_coefficients_tau_mask,,"[1, 1, 1, 1, 18, 1]","[1, 1, 18]","[1, 1, 18]","[1, 1, 18]",,True,,18,4.148822796423701e-08,-44.41120938168608,0,0.0,4.2605478256518836e-07,0,0,0,0,0,0,0,0
153,39319,rx_cerberus_base,/home/telilab4090/Documents/Gazebo World/my_world/rt_out/experiments/semantic_ablation_rigid_200f/sionna_xml/frame_153_sionna.xml,30.0,0.0,0.0,2.4,4.074,-1.779,0.81,28000000000.0,18,1.574846919538686e-08,5.723669715962387e-08,4.148822796423701e-08,3.621421384991663e-08,-74.41120938168608,-44.41120938168608,cir_coefficients_tau_mask,,"[1, 1, 1, 1, 18, 1]","[1, 1, 18]","[1, 1, 18]","[1, 1, 18]",,True,,18,4.148822796423701e-08,-44.411208955631295,0,0.0,-4.2605478256518836e-07,0,0,0,0,0,0,0,0
154,39576,rx_cerberus_base,/home/telilab4090/Documents/Gazebo World/my_world/rt_out/experiments/semantic_ablation_rigid_200f/sionna_xml/frame_154_sionna.xml,30.0,0.0,0.0,2.4,4.074,-1.779,0.81,28000000000.0,18,1.574846919538686e-08,5.723669715962387e-08,4.148822796423701e-08,3.621421740263031e-08,-74.4112089556313,-44.411208955631295,cir_coefficients_tau_mask,,"[1, 1, 1, 1, 18, 1]","[1, 1, 18]","[1, 1, 18]","[1, 1, 18]",,True,,18,4.148822796423701e-08,-44.41120938168608,0,0.0,4.2605478256518836e-07,0,0,0,0,0,0,0,0
155,39833,rx_cerberus_base,/home/telilab4090/Documents/Gazebo World/my_world/rt_out/experiments/semantic_ablation_rigid_200f/sionna_xml/frame_155_sionna.xml,30.0,0.0,0.0,2.4,4.074,-1.779,0.81,28000000000.0,18,1.574846919538686e-08,5.723669715962387e-08,4.148822796423701e-08,3.621421384991663e-08,-74.41120938168608,-44.41120938168608,cir_coefficients_tau_mask,,"[1, 1, 1, 1, 18, 1]","[1, 1, 18]","[1, 1, 18]","[1, 1, 18]",,True,,18,4.148822796423701e-08,-44.411208955631295,0,0.0,-4.2605478256518836e-07,0,0,0,0,0,0,0,0
156,40090,rx_cerberus_base,/home/telilab4090/Documents/Gazebo World/my_world/rt_out/experiments/semantic_ablation_rigid_200f/sionna_xml/frame_156_sionna.xml,30.0,0.0,0.0,2.4,4.074,-1.779,0.81,28000000000.0,18,1.574846919538686e-08,5.723669715962387e-08,4.148822796423701e-08,3.621421740263031e-08,-74.4112089556313,-44.411208955631295,cir_coefficients_tau_mask,,"[1, 1, 1, 1, 18, 1]","[1, 1, 18]","[1, 1, 18]","[1, 1, 18]",,True,,18,4.148822796423701e-08,-44.41120938168608,0,0.0,4.2605478256518836e-07,0,0,0,0,0,0,0,0
157,40347,rx_cerberus_base,/home/telilab4090/Documents/Gazebo World/my_world/rt_out/experiments/semantic_ablation_rigid_200f/sionna_xml/frame_157_sionna.xml,30.0,0.0,0.0,2.4,4.074,-1.779,0.81,28000000000.0,18,1.574846919538686e-08,5.723669715962387e-08,4.148822796423701e-08,3.621421384991663e-08,-74.41120938168608,-44.41120938168608,cir_coefficients_tau_mask,,"[1, 1, 1, 1, 18, 1]","[1, 1, 18]","[1, 1, 18]","[1, 1, 18]",,True,,18,4.148822796423701e-08,-44.411208955631295,0,0.0,-4.2605478256518836e-07,0,0,0,0,0,0,0,0
158,40604,rx_cerberus_base,/home/telilab4090/Documents/Gazebo World/my_world/rt_out/experiments/semantic_ablation_rigid_200f/sionna_xml/frame_158_sionna.xml,30.0,0.0,0.0,2.4,4.074,-1.779,0.81,28000000000.0,18,1.574846919538686e-08,5.723669715962387e-08,4.148822796423701e-08,3.6214210297202953e-08,-74.41120980774089,-44.41120980774089,cir_coefficients_tau_mask,,"[1, 1, 1, 1, 18, 1]","[1, 1, 18]","[1, 1, 18]","[1, 1, 18]",,True,,18,4.148822796423701e-08,-44.41120938168608,0,0.0,-4.260548109868978e-07,0,0,0,0,0,0,0,0
159,40861,rx_cerberus_base,/home/telilab4090/Documents/Gazebo World/my_world/rt_out/experiments/semantic_ablation_rigid_200f/sionna_xml/frame_159_sionna.xml,30.0,0.0,0.0,2.4,4.074,-1.779,0.81,28000000000.0,18,1.574846919538686e-08,5.723669715962387e-08,4.148822796423701e-08,3.6214210297202953e-08,-74.41120980774089,-44.41120980774089,cir_coefficients_tau_mask,,"[1, 1, 1, 1, 18, 1]","[1, 1, 18]","[1, 1, 18]","[1, 1, 18]",,True,,18,4.148822796423701e-08,-44.41120980774089,0,0.0,0.0,0,0,0,0,0,0,0,0
160,41118,rx_cerberus_base,/home/telilab4090/Documents/Gazebo World/my_world/rt_out/experiments/semantic_ablation_rigid_200f/sionna_xml/frame_160_sionna.xml,30.0,0.0,0.0,2.4,4.074,-1.779,0.81,28000000000.0,18,1.574846919538686e-08,5.723669715962387e-08,4.148822796423701e-08,3.621421740263031e-08,-74.4112089556313,-44.411208955631295,cir_coefficients_tau_mask,,"[1, 1, 1, 1, 18, 1]","[1, 1, 18]","[1, 1, 18]","[1, 1, 18]",,True,,18,4.148822796423701e-08,-44.41120980774089,0,0.0,8.521095935520862e-07,0,0,0,0,0,0,0,0
161,41375,rx_cerberus_base,/home/telilab4090/Documents/Gazebo World/my_world/rt_out/experiments/semantic_ablation_rigid_200f/sionna_xml/frame_161_sionna.xml,30.0,0.0,0.0,2.4,4.074,-1.779,0.81,28000000000.0,18,1.574846919538686e-08,5.723669715962387e-08,4.148822796423701e-08,3.621421384991663e-08,-74.41120938168608,-44.41120938168608,cir_coefficients_tau_mask,,"[1, 1, 1, 1, 18, 1]","[1, 1, 18]","[1, 1, 18]","[1, 1, 18]",,True,,18,4.148822796423701e-08,-44.411208955631295,0,0.0,-4.2605478256518836e-07,0,0,0,0,0,0,0,0
162,41632,rx_cerberus_base,/home/telilab4090/Documents/Gazebo World/my_world/rt_out/experiments/semantic_ablation_rigid_200f/sionna_xml/frame_162_sionna.xml,30.0,0.0,0.0,2.4,4.074,-1.779,0.81,28000000000.0,18,1.574846919538686e-08,5.723669715962387e-08,4.148822796423701e-08,3.621421740263031e-08,-74.4112089556313,-44.411208955631295,cir_coefficients_tau_mask,,"[1, 1, 1, 1, 18, 1]","[1, 1, 18]","[1, 1, 18]","[1, 1, 18]",,True,,18,4.148822796423701e-08,-44.41120938168608,0,0.0,4.2605478256518836e-07,0,0,0,0,0,0,0,0
163,41889,rx_cerberus_base,/home/telilab4090/Documents/Gazebo World/my_world/rt_out/experiments/semantic_ablation_rigid_200f/sionna_xml/frame_163_sionna.xml,30.0,0.0,0.0,2.4,4.074,-1.779,0.81,28000000000.0,18,1.574846919538686e-08,5.723669715962387e-08,4.148822796423701e-08,3.621421740263031e-08,-74.4112089556313,-44.411208955631295,cir_coefficients_tau_mask,,"[1, 1, 1, 1, 18, 1]","[1, 1, 18]","[1, 1, 18]","[1, 1, 18]",,True,,18,4.148822796423701e-08,-44.411208955631295,0,0.0,0.0,0,0,0,0,0,0,0,0
164,42146,rx_cerberus_base,/home/telilab4090/Documents/Gazebo World/my_world/rt_out/experiments/semantic_ablation_rigid_200f/sionna_xml/frame_164_sionna.xml,30.0,0.0,0.0,2.4,4.074,-1.779,0.81,28000000000.0,18,1.574846919538686e-08,5.723669715962387e-08,4.148822796423701e-08,3.621421740263031e-08,-74.4112089556313,-44.411208955631295,cir_coefficients_tau_mask,,"[1, 1, 1, 1, 18, 1]","[1, 1, 18]","[1, 1, 18]","[1, 1, 18]",,True,,18,4.148822796423701e-08,-44.411208955631295,0,0.0,0.0,0,0,0,0,0,0,0,0
165,42403,rx_cerberus_base,/home/telilab4090/Documents/Gazebo World/my_world/rt_out/experiments/semantic_ablation_rigid_200f/sionna_xml/frame_165_sionna.xml,30.0,0.0,0.0,2.4,4.074,-1.779,0.81,28000000000.0,18,1.574846919538686e-08,5.723669715962387e-08,4.148822796423701e-08,3.621421384991663e-08,-74.41120938168608,-44.41120938168608,cir_coefficients_tau_mask,,"[1, 1, 1, 1, 18, 1]","[1, 1, 18]","[1, 1, 18]","[1, 1, 18]",,True,,18,4.148822796423701e-08,-44.411208955631295,0,0.0,-4.2605478256518836e-07,0,0,0,0,0,0,0,0
166,42659,rx_cerberus_base,/home/telilab4090/Documents/Gazebo World/my_world/rt_out/experiments/semantic_ablation_rigid_200f/sionna_xml/frame_166_sionna.xml,30.0,0.0,0.0,2.4,4.074,-1.779,0.81,28000000000.0,18,1.574846919538686e-08,5.723669715962387e-08,4.148822796423701e-08,3.621421740263031e-08,-74.4112089556313,-44.411208955631295,cir_coefficients_tau_mask,,"[1, 1, 1, 1, 18, 1]","[1, 1, 18]","[1, 1, 18]","[1, 1, 18]",,True,,18,4.148822796423701e-08,-44.41120938168608,0,0.0,4.2605478256518836e-07,0,0,0,0,0,0,0,0
167,42916,rx_cerberus_base,/home/telilab4090/Documents/Gazebo World/my_world/rt_out/experiments/semantic_ablation_rigid_200f/sionna_xml/frame_167_sionna.xml,30.0,0.0,0.0,2.4,4.074,-1.779,0.81,28000000000.0,18,1.574846919538686e-08,5.723669715962387e-08,4.148822796423701e-08,3.6214210297202953e-08,-74.41120980774089,-44.41120980774089,cir_coefficients_tau_mask,,"[1, 1, 1, 1, 18, 1]","[1, 1, 18]","[1, 1, 18]","[1, 1, 18]",,True,,18,4.148822796423701e-08,-44.411208955631295,0,0.0,-8.521095935520862e-07,0,0,0,0,0,0,0,0
168,43173,rx_cerberus_base,/home/telilab4090/Documents/Gazebo World/my_world/rt_out/experiments/semantic_ablation_rigid_200f/sionna_xml/frame_168_sionna.xml,30.0,0.0,0.0,2.4,4.074,-1.779,0.81,28000000000.0,18,1.574846919538686e-08,5.723669715962387e-08,4.148822796423701e-08,3.621421740263031e-08,-74.4112089556313,-44.411208955631295,cir_coefficients_tau_mask,,"[1, 1, 1, 1, 18, 1]","[1, 1, 18]","[1, 1, 18]","[1, 1, 18]",,True,,18,4.148822796423701e-08,-44.41120980774089,0,0.0,8.521095935520862e-07,0,0,0,0,0,0,0,0
169,43430,rx_cerberus_base,/home/telilab4090/Documents/Gazebo World/my_world/rt_out/experiments/semantic_ablation_rigid_200f/sionna_xml/frame_169_sionna.xml,30.0,0.0,0.0,2.4,4.074,-1.779,0.81,28000000000.0,18,1.574846919538686e-08,5.723669715962387e-08,4.148822796423701e-08,3.621421384991663e-08,-74.41120938168608,-44.41120938168608,cir_coefficients_tau_mask,,"[1, 1, 1, 1, 18, 1]","[1, 1, 18]","[1, 1, 18]","[1, 1, 18]",,True,,18,4.148822796423701e-08,-44.411208955631295,0,0.0,-4.2605478256518836e-07,0,0,0,0,0,0,0,0
170,43687,rx_cerberus_base,/home/telilab4090/Documents/Gazebo World/my_world/rt_out/experiments/semantic_ablation_rigid_200f/sionna_xml/frame_170_sionna.xml,30.0,0.0,0.0,2.4,4.074,-1.779,0.81,28000000000.0,18,1.574846919538686e-08,5.723669715962387e-08,4.148822796423701e-08,3.621421384991663e-08,-74.41120938168608,-44.41120938168608,cir_coefficients_tau_mask,,"[1, 1, 1, 1, 18, 1]","[1, 1, 18]","[1, 1, 18]","[1, 1, 18]",,True,,18,4.148822796423701e-08,-44.41120938168608,0,0.0,0.0,0,0,0,0,0,0,0,0
171,43944,rx_cerberus_base,/home/telilab4090/Documents/Gazebo World/my_world/rt_out/experiments/semantic_ablation_rigid_200f/sionna_xml/frame_171_sionna.xml,30.0,0.0,0.0,2.4,4.074,-1.779,0.81,28000000000.0,18,1.574846919538686e-08,5.723669715962387e-08,4.148822796423701e-08,3.621421384991663e-08,-74.41120938168608,-44.41120938168608,cir_coefficients_tau_mask,,"[1, 1, 1, 1, 18, 1]","[1, 1, 18]","[1, 1, 18]","[1, 1, 18]",,True,,18,4.148822796423701e-08,-44.41120938168608,0,0.0,0.0,0,0,0,0,0,0,0,0
172,44201,rx_cerberus_base,/home/telilab4090/Documents/Gazebo World/my_world/rt_out/experiments/semantic_ablation_rigid_200f/sionna_xml/frame_172_sionna.xml,30.0,0.0,0.0,2.4,4.074,-1.779,0.81,28000000000.0,18,1.574846919538686e-08,5.723669715962387e-08,4.148822796423701e-08,3.621421384991663e-08,-74.41120938168608,-44.41120938168608,cir_coefficients_tau_mask,,"[1, 1, 1, 1, 18, 1]","[1, 1, 18]","[1, 1, 18]","[1, 1, 18]",,True,,18,4.148822796423701e-08,-44.41120938168608,0,0.0,0.0,0,0,0,0,0,0,0,0
173,44458,rx_cerberus_base,/home/telilab4090/Documents/Gazebo World/my_world/rt_out/experiments/semantic_ablation_rigid_200f/sionna_xml/frame_173_sionna.xml,30.0,0.0,0.0,2.4,4.074,-1.779,0.81,28000000000.0,18,1.574846919538686e-08,5.723669715962387e-08,4.148822796423701e-08,3.621422095534399e-08,-74.41120852957657,-44.41120852957657,cir_coefficients_tau_mask,,"[1, 1, 1, 1, 18, 1]","[1, 1, 18]","[1, 1, 18]","[1, 1, 18]",,True,,18,4.148822796423701e-08,-44.41120938168608,0,0.0,8.521095082869579e-07,0,0,0,0,0,0,0,0
174,44715,rx_cerberus_base,/home/telilab4090/Documents/Gazebo World/my_world/rt_out/experiments/semantic_ablation_rigid_200f/sionna_xml/frame_174_sionna.xml,30.0,0.0,0.0,2.4,4.074,-1.779,0.81,28000000000.0,18,1.574846919538686e-08,5.723669715962387e-08,4.148822796423701e-08,3.621421384991663e-08,-74.41120938168608,-44.41120938168608,cir_coefficients_tau_mask,,"[1, 1, 1, 1, 18, 1]","[1, 1, 18]","[1, 1, 18]","[1, 1, 18]",,True,,18,4.148822796423701e-08,-44.41120852957657,0,0.0,-8.521095082869579e-07,0,0,0,0,0,0,0,0
175,44972,rx_cerberus_base,/home/telilab4090/Documents/Gazebo World/my_world/rt_out/experiments/semantic_ablation_rigid_200f/sionna_xml/frame_175_sionna.xml,30.0,0.0,0.0,2.4,4.074,-1.779,0.81,28000000000.0,18,1.574846919538686e-08,5.723669715962387e-08,4.148822796423701e-08,3.621421384991663e-08,-74.41120938168608,-44.41120938168608,cir_coefficients_tau_mask,,"[1, 1, 1, 1, 18, 1]","[1, 1, 18]","[1, 1, 18]","[1, 1, 18]",,True,,18,4.148822796423701e-08,-44.41120938168608,0,0.0,0.0,0,0,0,0,0,0,0,0
176,45229,rx_cerberus_base,/home/telilab4090/Documents/Gazebo World/my_world/rt_out/experiments/semantic_ablation_rigid_200f/sionna_xml/frame_176_sionna.xml,30.0,0.0,0.0,2.4,4.074,-1.779,0.81,28000000000.0,18,1.574846919538686e-08,5.723669715962387e-08,4.148822796423701e-08,3.621421740263031e-08,-74.4112089556313,-44.411208955631295,cir_coefficients_tau_mask,,"[1, 1, 1, 1, 18, 1]","[1, 1, 18]","[1, 1, 18]","[1, 1, 18]",,True,,18,4.148822796423701e-08,-44.41120938168608,0,0.0,4.2605478256518836e-07,0,0,0,0,0,0,0,0
177,45486,rx_cerberus_base,/home/telilab4090/Documents/Gazebo World/my_world/rt_out/experiments/semantic_ablation_rigid_200f/sionna_xml/frame_177_sionna.xml,30.0,0.0,0.0,2.4,4.074,-1.779,0.81,28000000000.0,18,1.574846919538686e-08,5.723669715962387e-08,4.148822796423701e-08,3.621421384991663e-08,-74.41120938168608,-44.41120938168608,cir_coefficients_tau_mask,,"[1, 1, 1, 1, 18, 1]","[1, 1, 18]","[1, 1, 18]","[1, 1, 18]",,True,,18,4.148822796423701e-08,-44.411208955631295,0,0.0,-4.2605478256518836e-07,0,0,0,0,0,0,0,0
178,45743,rx_cerberus_base,/home/telilab4090/Documents/Gazebo World/my_world/rt_out/experiments/semantic_ablation_rigid_200f/sionna_xml/frame_178_sionna.xml,30.0,0.0,0.0,2.4,4.074,-1.779,0.81,28000000000.0,18,1.574846919538686e-08,5.723669715962387e-08,4.148822796423701e-08,3.621421740263031e-08,-74.4112089556313,-44.411208955631295,cir_coefficients_tau_mask,,"[1, 1, 1, 1, 18, 1]","[1, 1, 18]","[1, 1, 18]","[1, 1, 18]",,True,,18,4.148822796423701e-08,-44.41120938168608,0,0.0,4.2605478256518836e-07,0,0,0,0,0,0,0,0
179,46000,rx_cerberus_base,/home/telilab4090/Documents/Gazebo World/my_world/rt_out/experiments/semantic_ablation_rigid_200f/sionna_xml/frame_179_sionna.xml,30.0,0.0,0.0,2.4,4.074,-1.779,0.81,28000000000.0,18,1.574846919538686e-08,5.723669715962387e-08,4.148822796423701e-08,3.621421384991663e-08,-74.41120938168608,-44.41120938168608,cir_coefficients_tau_mask,,"[1, 1, 1, 1, 18, 1]","[1, 1, 18]","[1, 1, 18]","[1, 1, 18]",,True,,18,4.148822796423701e-08,-44.411208955631295,0,0.0,-4.2605478256518836e-07,0,0,0,0,0,0,0,0
180,46257,rx_cerberus_base,/home/telilab4090/Documents/Gazebo World/my_world/rt_out/experiments/semantic_ablation_rigid_200f/sionna_xml/frame_180_sionna.xml,30.0,0.0,0.0,2.4,4.074,-1.779,0.81,28000000000.0,18,1.574846919538686e-08,5.723669715962387e-08,4.148822796423701e-08,3.621421384991663e-08,-74.41120938168608,-44.41120938168608,cir_coefficients_tau_mask,,"[1, 1, 1, 1, 18, 1]","[1, 1, 18]","[1, 1, 18]","[1, 1, 18]",,True,,18,4.148822796423701e-08,-44.41120938168608,0,0.0,0.0,0,0,0,0,0,0,0,0
181,46514,rx_cerberus_base,/home/telilab4090/Documents/Gazebo World/my_world/rt_out/experiments/semantic_ablation_rigid_200f/sionna_xml/frame_181_sionna.xml,30.0,0.0,0.0,2.4,4.074,-1.779,0.81,28000000000.0,18,1.574846919538686e-08,5.723669715962387e-08,4.148822796423701e-08,3.621421740263031e-08,-74.4112089556313,-44.411208955631295,cir_coefficients_tau_mask,,"[1, 1, 1, 1, 18, 1]","[1, 1, 18]","[1, 1, 18]","[1, 1, 18]",,True,,18,4.148822796423701e-08,-44.41120938168608,0,0.0,4.2605478256518836e-07,0,0,0,0,0,0,0,0
182,46771,rx_cerberus_base,/home/telilab4090/Documents/Gazebo World/my_world/rt_out/experiments/semantic_ablation_rigid_200f/sionna_xml/frame_182_sionna.xml,30.0,0.0,0.0,2.4,4.074,-1.779,0.81,28000000000.0,18,1.574846919538686e-08,5.723669715962387e-08,4.148822796423701e-08,3.621421384991663e-08,-74.41120938168608,-44.41120938168608,cir_coefficients_tau_mask,,"[1, 1, 1, 1, 18, 1]","[1, 1, 18]","[1, 1, 18]","[1, 1, 18]",,True,,18,4.148822796423701e-08,-44.411208955631295,0,0.0,-4.2605478256518836e-07,0,0,0,0,0,0,0,0
183,47028,rx_cerberus_base,/home/telilab4090/Documents/Gazebo World/my_world/rt_out/experiments/semantic_ablation_rigid_200f/sionna_xml/frame_183_sionna.xml,30.0,0.0,0.0,2.4,4.074,-1.779,0.81,28000000000.0,18,1.574846919538686e-08,5.723669715962387e-08,4.148822796423701e-08,3.6214210297202953e-08,-74.41120980774089,-44.41120980774089,cir_coefficients_tau_mask,,"[1, 1, 1, 1, 18, 1]","[1, 1, 18]","[1, 1, 18]","[1, 1, 18]",,True,,18,4.148822796423701e-08,-44.41120938168608,0,0.0,-4.260548109868978e-07,0,0,0,0,0,0,0,0
184,47285,rx_cerberus_base,/home/telilab4090/Documents/Gazebo World/my_world/rt_out/experiments/semantic_ablation_rigid_200f/sionna_xml/frame_184_sionna.xml,30.0,0.0,0.0,2.4,4.074,-1.779,0.81,28000000000.0,18,1.574846919538686e-08,5.723669715962387e-08,4.148822796423701e-08,3.621421384991663e-08,-74.41120938168608,-44.41120938168608,cir_coefficients_tau_mask,,"[1, 1, 1, 1, 18, 1]","[1, 1, 18]","[1, 1, 18]","[1, 1, 18]",,True,,18,4.148822796423701e-08,-44.41120980774089,0,0.0,4.260548109868978e-07,0,0,0,0,0,0,0,0
185,47542,rx_cerberus_base,/home/telilab4090/Documents/Gazebo World/my_world/rt_out/experiments/semantic_ablation_rigid_200f/sionna_xml/frame_185_sionna.xml,30.0,0.0,0.0,2.4,4.074,-1.779,0.81,28000000000.0,18,1.574846919538686e-08,5.723669715962387e-08,4.148822796423701e-08,3.621421740263031e-08,-74.4112089556313,-44.411208955631295,cir_coefficients_tau_mask,,"[1, 1, 1, 1, 18, 1]","[1, 1, 18]","[1, 1, 18]","[1, 1, 18]",,True,,18,4.148822796423701e-08,-44.41120938168608,0,0.0,4.2605478256518836e-07,0,0,0,0,0,0,0,0
186,47799,rx_cerberus_base,/home/telilab4090/Documents/Gazebo World/my_world/rt_out/experiments/semantic_ablation_rigid_200f/sionna_xml/frame_186_sionna.xml,30.0,0.0,0.0,2.4,4.074,-1.779,0.81,28000000000.0,18,1.574846919538686e-08,5.723669715962387e-08,4.148822796423701e-08,3.621421384991663e-08,-74.41120938168608,-44.41120938168608,cir_coefficients_tau_mask,,"[1, 1, 1, 1, 18, 1]","[1, 1, 18]","[1, 1, 18]","[1, 1, 18]",,True,,18,4.148822796423701e-08,-44.411208955631295,0,0.0,-4.2605478256518836e-07,0,0,0,0,0,0,0,0
187,48056,rx_cerberus_base,/home/telilab4090/Documents/Gazebo World/my_world/rt_out/experiments/semantic_ablation_rigid_200f/sionna_xml/frame_187_sionna.xml,30.0,0.0,0.0,2.4,4.074,-1.779,0.81,28000000000.0,18,1.574846919538686e-08,5.723669715962387e-08,4.148822796423701e-08,3.621421384991663e-08,-74.41120938168608,-44.41120938168608,cir_coefficients_tau_mask,,"[1, 1, 1, 1, 18, 1]","[1, 1, 18]","[1, 1, 18]","[1, 1, 18]",,True,,18,4.148822796423701e-08,-44.41120938168608,0,0.0,0.0,0,0,0,0,0,0,0,0
188,48313,rx_cerberus_base,/home/telilab4090/Documents/Gazebo World/my_world/rt_out/experiments/semantic_ablation_rigid_200f/sionna_xml/frame_188_sionna.xml,30.0,0.0,0.0,2.4,4.074,-1.779,0.81,28000000000.0,18,1.574846919538686e-08,5.723669715962387e-08,4.148822796423701e-08,3.621421384991663e-08,-74.41120938168608,-44.41120938168608,cir_coefficients_tau_mask,,"[1, 1, 1, 1, 18, 1]","[1, 1, 18]","[1, 1, 18]","[1, 1, 18]",,True,,18,4.148822796423701e-08,-44.41120938168608,0,0.0,0.0,0,0,0,0,0,0,0,0
189,48570,rx_cerberus_base,/home/telilab4090/Documents/Gazebo World/my_world/rt_out/experiments/semantic_ablation_rigid_200f/sionna_xml/frame_189_sionna.xml,30.0,0.0,0.0,2.4,4.074,-1.779,0.81,28000000000.0,18,1.574846919538686e-08,5.723669715962387e-08,4.148822796423701e-08,3.621421384991663e-08,-74.41120938168608,-44.41120938168608,cir_coefficients_tau_mask,,"[1, 1, 1, 1, 18, 1]","[1, 1, 18]","[1, 1, 18]","[1, 1, 18]",,True,,18,4.148822796423701e-08,-44.41120938168608,0,0.0,0.0,0,0,0,0,0,0,0,0
190,48827,rx_cerberus_base,/home/telilab4090/Documents/Gazebo World/my_world/rt_out/experiments/semantic_ablation_rigid_200f/sionna_xml/frame_190_sionna.xml,30.0,0.0,0.0,2.4,4.074,-1.779,0.81,28000000000.0,17,1.574846919538686e-08,5.478522524526852e-08,3.903675604988166e-08,3.617294197511001e-08,-74.41616168274675,-44.41616168274675,cir_coefficients_tau_mask,,"[1, 1, 1, 1, 17, 1]","[1, 1, 17]","[1, 1, 17]","[1, 1, 17]",,True,,18,4.148822796423701e-08,-44.41120938168608,-1,-2.451471914355352e-09,-0.004952301060669129,1,1,0,0,0,0,0,0
191,49084,rx_cerberus_base,/home/telilab4090/Documents/Gazebo World/my_world/rt_out/experiments/semantic_ablation_rigid_200f/sionna_xml/frame_191_sionna.xml,30.0,0.0,0.0,2.4,4.074,-1.779,0.81,28000000000.0,18,1.574846919538686e-08,5.723669715962387e-08,4.148822796423701e-08,3.621421740263031e-08,-74.4112089556313,-44.411208955631295,cir_coefficients_tau_mask,,"[1, 1, 1, 1, 18, 1]","[1, 1, 18]","[1, 1, 18]","[1, 1, 18]",,True,,17,3.903675604988166e-08,-44.41616168274675,1,2.451471914355352e-09,0.004952727115451694,1,0,0,0,0,1,1,1
192,49341,rx_cerberus_base,/home/telilab4090/Documents/Gazebo World/my_world/rt_out/experiments/semantic_ablation_rigid_200f/sionna_xml/frame_192_sionna.xml,30.0,0.0,0.0,2.4,4.074,-1.779,0.81,28000000000.0,18,1.574846919538686e-08,5.723669715962387e-08,4.148822796423701e-08,3.621421384991663e-08,-74.41120938168608,-44.41120938168608,cir_coefficients_tau_mask,,"[1, 1, 1, 1, 18, 1]","[1, 1, 18]","[1, 1, 18]","[1, 1, 18]",,True,,18,4.148822796423701e-08,-44.411208955631295,0,0.0,-4.2605478256518836e-07,0,0,0,0,0,0,0,0
193,49598,rx_cerberus_base,/home/telilab4090/Documents/Gazebo World/my_world/rt_out/experiments/semantic_ablation_rigid_200f/sionna_xml/frame_193_sionna.xml,30.0,0.0,0.0,2.4,4.074,-1.779,0.81,28000000000.0,18,1.574846919538686e-08,5.723669715962387e-08,4.148822796423701e-08,3.621421384991663e-08,-74.41120938168608,-44.41120938168608,cir_coefficients_tau_mask,,"[1, 1, 1, 1, 18, 1]","[1, 1, 18]","[1, 1, 18]","[1, 1, 18]",,True,,18,4.148822796423701e-08,-44.41120938168608,0,0.0,0.0,0,0,0,0,0,0,0,0
194,49855,rx_cerberus_base,/home/telilab4090/Documents/Gazebo World/my_world/rt_out/experiments/semantic_ablation_rigid_200f/sionna_xml/frame_194_sionna.xml,30.0,0.0,0.0,2.4,4.074,-1.779,0.81,28000000000.0,18,1.574846919538686e-08,5.723669715962387e-08,4.148822796423701e-08,3.621421384991663e-08,-74.41120938168608,-44.41120938168608,cir_coefficients_tau_mask,,"[1, 1, 1, 1, 18, 1]","[1, 1, 18]","[1, 1, 18]","[1, 1, 18]",,True,,18,4.148822796423701e-08,-44.41120938168608,0,0.0,0.0,0,0,0,0,0,0,0,0
195,50112,rx_cerberus_base,/home/telilab4090/Documents/Gazebo World/my_world/rt_out/experiments/semantic_ablation_rigid_200f/sionna_xml/frame_195_sionna.xml,30.0,0.0,0.0,2.4,4.074,-1.779,0.81,28000000000.0,18,1.574846919538686e-08,5.723669715962387e-08,4.148822796423701e-08,3.621421384991663e-08,-74.41120938168608,-44.41120938168608,cir_coefficients_tau_mask,,"[1, 1, 1, 1, 18, 1]","[1, 1, 18]","[1, 1, 18]","[1, 1, 18]",,True,,18,4.148822796423701e-08,-44.41120938168608,0,0.0,0.0,0,0,0,0,0,0,0,0
196,50369,rx_cerberus_base,/home/telilab4090/Documents/Gazebo World/my_world/rt_out/experiments/semantic_ablation_rigid_200f/sionna_xml/frame_196_sionna.xml,30.0,0.0,0.0,2.4,4.074,-1.779,0.81,28000000000.0,18,1.574846919538686e-08,5.723669715962387e-08,4.148822796423701e-08,3.6214210297202953e-08,-74.41120980774089,-44.41120980774089,cir_coefficients_tau_mask,,"[1, 1, 1, 1, 18, 1]","[1, 1, 18]","[1, 1, 18]","[1, 1, 18]",,True,,18,4.148822796423701e-08,-44.41120938168608,0,0.0,-4.260548109868978e-07,0,0,0,0,0,0,0,0
197,50626,rx_cerberus_base,/home/telilab4090/Documents/Gazebo World/my_world/rt_out/experiments/semantic_ablation_rigid_200f/sionna_xml/frame_197_sionna.xml,30.0,0.0,0.0,2.4,4.074,-1.779,0.81,28000000000.0,18,1.574846919538686e-08,5.723669715962387e-08,4.148822796423701e-08,3.621421740263031e-08,-74.4112089556313,-44.411208955631295,cir_coefficients_tau_mask,,"[1, 1, 1, 1, 18, 1]","[1, 1, 18]","[1, 1, 18]","[1, 1, 18]",,True,,18,4.148822796423701e-08,-44.41120980774089,0,0.0,8.521095935520862e-07,0,0,0,0,0,0,0,0
198,50883,rx_cerberus_base,/home/telilab4090/Documents/Gazebo World/my_world/rt_out/experiments/semantic_ablation_rigid_200f/sionna_xml/frame_198_sionna.xml,30.0,0.0,0.0,2.4,4.074,-1.779,0.81,28000000000.0,18,1.574846919538686e-08,5.723669715962387e-08,4.148822796423701e-08,3.621421740263031e-08,-74.4112089556313,-44.411208955631295,cir_coefficients_tau_mask,,"[1, 1, 1, 1, 18, 1]","[1, 1, 18]","[1, 1, 18]","[1, 1, 18]",,True,,18,4.148822796423701e-08,-44.411208955631295,0,0.0,0.0,0,0,0,0,0,0,0,0
199,51140,rx_cerberus_base,/home/telilab4090/Documents/Gazebo World/my_world/rt_out/experiments/semantic_ablation_rigid_200f/sionna_xml/frame_199_sionna.xml,30.0,0.0,0.0,2.4,4.074,-1.779,0.81,28000000000.0,18,1.574846919538686e-08,5.723669715962387e-08,4.148822796423701e-08,3.621421384991663e-08,-74.41120938168608,-44.41120938168608,cir_coefficients_tau_mask,,"[1, 1, 1, 1, 18, 1]","[1, 1, 18]","[1, 1, 18]","[1, 1, 18]",,True,,18,4.148822796423701e-08,-44.411208955631295,0,0.0,-4.2605478256518836e-07,0,0,0,0,0,0,0,0
1,257,rx_human_chest,/home/telilab4090/Documents/Gazebo World/my_world/rt_out/experiments/semantic_ablation_rigid_200f/sionna_xml/frame_001_sionna.xml,30.0,0.0,0.0,2.4,-1.4605,-0.8406,1.6421,28000000000.0,21,6.163341392806387e-09,6.431429255826515e-08,5.8150951165458764e-08,2.240194589830935e-07,-66.49714255942916,-36.497142559429165,cir_coefficients_tau_mask,,"[1, 1, 1, 1, 21, 1]","[1, 1, 21]","[1, 1, 21]","[1, 1, 21]",,True,,21,5.8150951165458764e-08,-36.497142559429165,0,0.0,0.0,0,0,0,0,0,0,0,0
2,514,rx_human_chest,/home/telilab4090/Documents/Gazebo World/my_world/rt_out/experiments/semantic_ablation_rigid_200f/sionna_xml/frame_002_sionna.xml,30.0,0.0,0.0,2.4,-1.4605,-0.8406,1.6421,28000000000.0,21,6.163341392806387e-09,6.431429255826515e-08,5.8150951165458764e-08,2.240194589830935e-07,-66.49714255942916,-36.497142559429165,cir_coefficients_tau_mask,,"[1, 1, 1, 1, 21, 1]","[1, 1, 21]","[1, 1, 21]","[1, 1, 21]",,True,,21,5.8150951165458764e-08,-36.497142559429165,0,0.0,0.0,0,0,0,0,0,0,0,0
3,771,rx_human_chest,/home/telilab4090/Documents/Gazebo World/my_world/rt_out/experiments/semantic_ablation_rigid_200f/sionna_xml/frame_003_sionna.xml,30.0,0.0,0.0,2.4,-1.4605,-0.8406,1.6421,28000000000.0,21,6.163341392806387e-09,6.431429255826515e-08,5.8150951165458764e-08,2.240194589830935e-07,-66.49714255942916,-36.497142559429165,cir_coefficients_tau_mask,,"[1, 1, 1, 1, 21, 1]","[1, 1, 21]","[1, 1, 21]","[1, 1, 21]",,True,,21,5.8150951165458764e-08,-36.497142559429165,0,0.0,0.0,0,0,0,0,0,0,0,0
4,1028,rx_human_chest,/home/telilab4090/Documents/Gazebo World/my_world/rt_out/experiments/semantic_ablation_rigid_200f/sionna_xml/frame_004_sionna.xml,30.0,0.0,0.0,2.4,-1.4605,-0.8406,1.6421,28000000000.0,21,6.163341392806387e-09,6.431429255826515e-08,5.8150951165458764e-08,2.2401947319394822e-07,-66.49714228393097,-36.49714228393097,cir_coefficients_tau_mask,,"[1, 1, 1, 1, 21, 1]","[1, 1, 21]","[1, 1, 21]","[1, 1, 21]",,True,,21,5.8150951165458764e-08,-36.497142559429165,0,0.0,2.7549819492378447e-07,0,0,0,0,0,0,0,0
5,1285,rx_human_chest,/home/telilab4090/Documents/Gazebo World/my_world/rt_out/experiments/semantic_ablation_rigid_200f/sionna_xml/frame_005_sionna.xml,30.0,0.0,0.0,2.4,-1.4605,-0.8406,1.6421,28000000000.0,21,6.163341392806387e-09,6.431429255826515e-08,5.8150951165458764e-08,2.2401947319394822e-07,-66.49714228393097,-36.49714228393097,cir_coefficients_tau_mask,,"[1, 1, 1, 1, 21, 1]","[1, 1, 21]","[1, 1, 21]","[1, 1, 21]",,True,,21,5.8150951165458764e-08,-36.49714228393097,0,0.0,0.0,0,0,0,0,0,0,0,0
6,1542,rx_human_chest,/home/telilab4090/Documents/Gazebo World/my_world/rt_out/experiments/semantic_ablation_rigid_200f/sionna_xml/frame_006_sionna.xml,30.0,0.0,0.0,2.4,-1.4605,-0.8406,1.6421,28000000000.0,20,6.163341392806387e-09,6.431429255826515e-08,5.8150951165458764e-08,2.2396395138457592e-07,-66.49821878874059,-36.49821878874059,cir_coefficients_tau_mask,,"[1, 1, 1, 1, 20, 1]","[1, 1, 20]","[1, 1, 20]","[1, 1, 20]",,True,,21,5.8150951165458764e-08,-36.49714228393097,-1,0.0,-0.0010765048096175178,1,1,0,0,0,0,0,0
7,1799,rx_human_chest,/home/telilab4090/Documents/Gazebo World/my_world/rt_out/experiments/semantic_ablation_rigid_200f/sionna_xml/frame_007_sionna.xml,30.0,0.0,0.0,2.4,-1.4605,-0.8406,1.6421,28000000000.0,21,6.163341392806387e-09,6.431429255826515e-08,5.8150951165458764e-08,2.240194589830935e-07,-66.49714255942916,-36.497142559429165,cir_coefficients_tau_mask,,"[1, 1, 1, 1, 21, 1]","[1, 1, 21]","[1, 1, 21]","[1, 1, 21]",,True,,20,5.8150951165458764e-08,-36.49821878874059,1,0.0,0.001076229311422594,1,0,0,0,0,0,0,0
8,2056,rx_human_chest,/home/telilab4090/Documents/Gazebo World/my_world/rt_out/experiments/semantic_ablation_rigid_200f/sionna_xml/frame_008_sionna.xml,30.0,0.0,0.0,2.4,-1.4605,-0.8406,1.6421,28000000000.0,21,6.163341392806387e-09,6.431429255826515e-08,5.8150951165458764e-08,2.240194589830935e-07,-66.49714255942916,-36.497142559429165,cir_coefficients_tau_mask,,"[1, 1, 1, 1, 21, 1]","[1, 1, 21]","[1, 1, 21]","[1, 1, 21]",,True,,21,5.8150951165458764e-08,-36.497142559429165,0,0.0,0.0,0,0,0,0,0,0,0,0
9,2313,rx_human_chest,/home/telilab4090/Documents/Gazebo World/my_world/rt_out/experiments/semantic_ablation_rigid_200f/sionna_xml/frame_009_sionna.xml,30.0,0.0,0.0,2.4,-1.4605,-0.8406,1.6421,28000000000.0,22,6.163341392806387e-09,6.431429255826515e-08,5.8150951165458764e-08,2.2443714442488272e-07,-66.48905265580795,-36.48905265580795,cir_coefficients_tau_mask,,"[1, 1, 1, 1, 22, 1]","[1, 1, 22]","[1, 1, 22]","[1, 1, 22]",,True,,21,5.8150951165458764e-08,-36.497142559429165,1,0.0,0.008089903621211647,1,0,0,0,0,0,0,0
10,2570,rx_human_chest,/home/telilab4090/Documents/Gazebo World/my_world/rt_out/experiments/semantic_ablation_rigid_200f/sionna_xml/frame_010_sionna.xml,30.0,0.0,0.0,2.4,-1.4605,-0.8406,1.6421,28000000000.0,22,6.163341392806387e-09,6.431429255826515e-08,5.8150951165458764e-08,2.2438425162363274e-07,-66.4900762724191,-36.4900762724191,cir_coefficients_tau_mask,,"[1, 1, 1, 1, 22, 1]","[1, 1, 22]","[1, 1, 22]","[1, 1, 22]",,True,,22,5.8150951165458764e-08,-36.48905265580795,0,0.0,-0.0010236166111496914,0,0,0,0,0,0,0,0
11,2827,rx_human_chest,/home/telilab4090/Documents/Gazebo World/my_world/rt_out/experiments/semantic_ablation_rigid_200f/sionna_xml/frame_011_sionna.xml,30.0,0.0,0.0,2.4,-1.4605,-0.8406,1.6421,28000000000.0,23,6.163341392806387e-09,6.568895827285814e-08,5.952561688005176e-08,2.2439070335167344e-07,-66.48995140137379,-36.48995140137379,cir_coefficients_tau_mask,,"[1, 1, 1, 1, 23, 1]","[1, 1, 23]","[1, 1, 23]","[1, 1, 23]",,True,,22,5.8150951165458764e-08,-36.4900762724191,1,1.374665714592993e-09,0.00012487104531544446,1,0,0,0,0,0,0,0
12,3084,rx_human_chest,/home/telilab4090/Documents/Gazebo World/my_world/rt_out/experiments/semantic_ablation_rigid_200f/sionna_xml/frame_012_sionna.xml,30.0,0.0,0.0,2.4,-1.4605,-0.8406,1.6421,28000000000.0,23,6.163341392806387e-09,6.568895827285814e-08,5.952561688005176e-08,2.2439070335167344e-07,-66.48995140137379,-36.48995140137379,cir_coefficients_tau_mask,,"[1, 1, 1, 1, 23, 1]","[1, 1, 23]","[1, 1, 23]","[1, 1, 23]",,True,,23,5.952561688005176e-08,-36.48995140137379,0,0.0,0.0,0,0,0,0,0,0,0,0
13,3341,rx_human_chest,/home/telilab4090/Documents/Gazebo World/my_world/rt_out/experiments/semantic_ablation_rigid_200f/sionna_xml/frame_013_sionna.xml,30.0,0.0,0.0,2.4,-1.4605,-0.8406,1.6421,28000000000.0,23,6.163341392806387e-09,6.568895827285814e-08,5.952561688005176e-08,2.2439071756252815e-07,-66.48995112633139,-36.48995112633139,cir_coefficients_tau_mask,,"[1, 1, 1, 1, 23, 1]","[1, 1, 23]","[1, 1, 23]","[1, 1, 23]",,True,,23,5.952561688005176e-08,-36.48995140137379,0,0.0,2.750423959696491e-07,0,0,0,0,0,0,0,0
14,3598,rx_human_chest,/home/telilab4090/Documents/Gazebo World/my_world/rt_out/experiments/semantic_ablation_rigid_200f/sionna_xml/frame_014_sionna.xml,30.0,0.0,0.0,2.4,-1.4605,-0.8406,1.6421,28000000000.0,25,6.163341392806387e-09,6.568895827285814e-08,5.952561688005176e-08,2.6307739631192817e-07,-65.7991646502229,-35.799164650222906,cir_coefficients_tau_mask,,"[1, 1, 1, 1, 25, 1]","[1, 1, 25]","[1, 1, 25]","[1, 1, 25]",,True,,23,5.952561688005176e-08,-36.48995112633139,2,0.0,0.6907864761084852,1,0,0,0,0,0,0,0
15,3855,rx_human_chest,/home/telilab4090/Documents/Gazebo World/my_world/rt_out/experiments/semantic_ablation_rigid_200f/sionna_xml/frame_015_sionna.xml,30.0,0.0,0.0,2.4,-1.4605,-0.8406,1.6421,28000000000.0,23,6.163341392806387e-09,6.568895827285814e-08,5.952561688005176e-08,2.2439071756252815e-07,-66.48995112633139,-36.48995112633139,cir_coefficients_tau_mask,,"[1, 1, 1, 1, 23, 1]","[1, 1, 23]","[1, 1, 23]","[1, 1, 23]",,True,,25,5.952561688005176e-08,-35.799164650222906,-2,0.0,-0.6907864761084852,1,1,1,0,0,0,0,0
16,4112,rx_human_chest,/home/telilab4090/Documents/Gazebo World/my_world/rt_out/experiments/semantic_ablation_rigid_200f/sionna_xml/frame_016_sionna.xml,30.0,0.0,0.0,2.4,-1.4605,-0.8406,1.6421,28000000000.0,23,6.163341392806387e-09,6.568895827285814e-08,5.952561688005176e-08,2.2439070335167344e-07,-66.48995140137379,-36.48995140137379,cir_coefficients_tau_mask,,"[1, 1, 1, 1, 23, 1]","[1, 1, 23]","[1, 1, 23]","[1, 1, 23]",,True,,23,5.952561688005176e-08,-36.48995112633139,0,0.0,-2.750423959696491e-07,0,0,0,0,0,0,0,0
17,4369,rx_human_chest,/home/telilab4090/Documents/Gazebo World/my_world/rt_out/experiments/semantic_ablation_rigid_200f/sionna_xml/frame_017_sionna.xml,30.0,0.0,0.0,2.4,-1.4605,-0.8406,1.6421,28000000000.0,23,6.163341392806387e-09,6.568895827285814e-08,5.952561688005176e-08,2.2439070335167344e-07,-66.48995140137379,-36.48995140137379,cir_coefficients_tau_mask,,"[1, 1, 1, 1, 23, 1]","[1, 1, 23]","[1, 1, 23]","[1, 1, 23]",,True,,23,5.952561688005176e-08,-36.48995140137379,0,0.0,0.0,0,0,0,0,0,0,0,0
18,4626,rx_human_chest,/home/telilab4090/Documents/Gazebo World/my_world/rt_out/experiments/semantic_ablation_rigid_200f/sionna_xml/frame_018_sionna.xml,30.0,0.0,0.0,2.4,-1.4605,-0.8406,1.6421,28000000000.0,23,6.163341392806387e-09,6.568895827285814e-08,5.952561688005176e-08,2.2439073177338287e-07,-66.48995085128901,-36.48995085128901,cir_coefficients_tau_mask,,"[1, 1, 1, 1, 23, 1]","[1, 1, 23]","[1, 1, 23]","[1, 1, 23]",,True,,23,5.952561688005176e-08,-36.48995140137379,0,0.0,5.500847777284434e-07,0,0,0,0,0,0,0,0
19,4883,rx_human_chest,/home/telilab4090/Documents/Gazebo World/my_world/rt_out/experiments/semantic_ablation_rigid_200f/sionna_xml/frame_019_sionna.xml,30.0,0.0,0.0,2.4,-1.4605,-0.8406,1.6421,28000000000.0,23,6.163341392806387e-09,6.568895827285814e-08,5.952561688005176e-08,2.2439071756252815e-07,-66.48995112633139,-36.48995112633139,cir_coefficients_tau_mask,,"[1, 1, 1, 1, 23, 1]","[1, 1, 23]","[1, 1, 23]","[1, 1, 23]",,True,,23,5.952561688005176e-08,-36.48995085128901,0,0.0,-2.7504238175879436e-07,0,0,0,0,0,0,0,0
20,5140,rx_human_chest,/home/telilab4090/Documents/Gazebo World/my_world/rt_out/experiments/semantic_ablation_rigid_200f/sionna_xml/frame_020_sionna.xml,30.0,0.0,0.0,2.4,-1.4605,-0.8406,1.6421,28000000000.0,23,6.163341392806387e-09,6.568895827285814e-08,5.952561688005176e-08,2.2439070335167344e-07,-66.48995140137379,-36.48995140137379,cir_coefficients_tau_mask,,"[1, 1, 1, 1, 23, 1]","[1, 1, 23]","[1, 1, 23]","[1, 1, 23]",,True,,23,5.952561688005176e-08,-36.48995112633139,0,0.0,-2.750423959696491e-07,0,0,0,0,0,0,0,0
21,5397,rx_human_chest,/home/telilab4090/Documents/Gazebo World/my_world/rt_out/experiments/semantic_ablation_rigid_200f/sionna_xml/frame_021_sionna.xml,30.0,0.0,0.0,2.4,-1.4605,-0.8406,1.6421,28000000000.0,23,6.163341392806387e-09,6.568895827285814e-08,5.952561688005176e-08,2.2439071756252815e-07,-66.48995112633139,-36.48995112633139,cir_coefficients_tau_mask,,"[1, 1, 1, 1, 23, 1]","[1, 1, 23]","[1, 1, 23]","[1, 1, 23]",,True,,23,5.952561688005176e-08,-36.48995140137379,0,0.0,2.750423959696491e-07,0,0,0,0,0,0,0,0
22,5654,rx_human_chest,/home/telilab4090/Documents/Gazebo World/my_world/rt_out/experiments/semantic_ablation_rigid_200f/sionna_xml/frame_022_sionna.xml,30.0,0.0,0.0,2.4,-1.4605,-0.8406,1.6421,28000000000.0,23,6.163341392806387e-09,6.568895827285814e-08,5.952561688005176e-08,2.2439073177338287e-07,-66.48995085128901,-36.48995085128901,cir_coefficients_tau_mask,,"[1, 1, 1, 1, 23, 1]","[1, 1, 23]","[1, 1, 23]","[1, 1, 23]",,True,,23,5.952561688005176e-08,-36.48995112633139,0,0.0,2.7504238175879436e-07,0,0,0,0,0,0,0,0
23,5911,rx_human_chest,/home/telilab4090/Documents/Gazebo World/my_world/rt_out/experiments/semantic_ablation_rigid_200f/sionna_xml/frame_023_sionna.xml,30.0,0.0,0.0,2.4,-1.4605,-0.8406,1.6421,28000000000.0,23,6.163341392806387e-09,6.568895827285814e-08,5.952561688005176e-08,2.2439071756252815e-07,-66.48995112633139,-36.48995112633139,cir_coefficients_tau_mask,,"[1, 1, 1, 1, 23, 1]","[1, 1, 23]","[1, 1, 23]","[1, 1, 23]",,True,,23,5.952561688005176e-08,-36.48995085128901,0,0.0,-2.7504238175879436e-07,0,0,0,0,0,0,0,0
24,6168,rx_human_chest,/home/telilab4090/Documents/Gazebo World/my_world/rt_out/experiments/semantic_ablation_rigid_200f/sionna_xml/frame_024_sionna.xml,30.0,0.0,0.0,2.4,-1.4605,-0.8406,1.6421,28000000000.0,23,6.163341392806387e-09,6.568895827285814e-08,5.952561688005176e-08,2.2439071756252815e-07,-66.48995112633139,-36.48995112633139,cir_coefficients_tau_mask,,"[1, 1, 1, 1, 23, 1]","[1, 1, 23]","[1, 1, 23]","[1, 1, 23]",,True,,23,5.952561688005176e-08,-36.48995112633139,0,0.0,0.0,0,0,0,0,0,0,0,0
25,6425,rx_human_chest,/home/telilab4090/Documents/Gazebo World/my_world/rt_out/experiments/semantic_ablation_rigid_200f/sionna_xml/frame_025_sionna.xml,30.0,0.0,0.0,2.4,-1.4605,-0.8406,1.6421,28000000000.0,23,6.163341392806387e-09,6.568895827285814e-08,5.952561688005176e-08,2.2439071756252815e-07,-66.48995112633139,-36.48995112633139,cir_coefficients_tau_mask,,"[1, 1, 1, 1, 23, 1]","[1, 1, 23]","[1, 1, 23]","[1, 1, 23]",,True,,23,5.952561688005176e-08,-36.48995112633139,0,0.0,0.0,0,0,0,0,0,0,0,0
26,6682,rx_human_chest,/home/telilab4090/Documents/Gazebo World/my_world/rt_out/experiments/semantic_ablation_rigid_200f/sionna_xml/frame_026_sionna.xml,30.0,0.0,0.0,2.4,-1.4605,-0.8406,1.6421,28000000000.0,23,6.163341392806387e-09,6.568895827285814e-08,5.952561688005176e-08,2.2439070335167344e-07,-66.48995140137379,-36.48995140137379,cir_coefficients_tau_mask,,"[1, 1, 1, 1, 23, 1]","[1, 1, 23]","[1, 1, 23]","[1, 1, 23]",,True,,23,5.952561688005176e-08,-36.48995112633139,0,0.0,-2.750423959696491e-07,0,0,0,0,0,0,0,0
27,6939,rx_human_chest,/home/telilab4090/Documents/Gazebo World/my_world/rt_out/experiments/semantic_ablation_rigid_200f/sionna_xml/frame_027_sionna.xml,30.0,0.0,0.0,2.4,-1.4605,-0.8406,1.6421,28000000000.0,23,6.163341392806387e-09,6.568895827285814e-08,5.952561688005176e-08,2.2439071756252815e-07,-66.48995112633139,-36.48995112633139,cir_coefficients_tau_mask,,"[1, 1, 1, 1, 23, 1]","[1, 1, 23]","[1, 1, 23]","[1, 1, 23]",,True,,23,5.952561688005176e-08,-36.48995140137379,0,0.0,2.750423959696491e-07,0,0,0,0,0,0,0,0
28,7196,rx_human_chest,/home/telilab4090/Documents/Gazebo World/my_world/rt_out/experiments/semantic_ablation_rigid_200f/sionna_xml/frame_028_sionna.xml,30.0,0.0,0.0,2.4,-1.4605,-0.8406,1.6421,28000000000.0,23,6.163341392806387e-09,6.568895827285814e-08,5.952561688005176e-08,2.2439070335167344e-07,-66.48995140137379,-36.48995140137379,cir_coefficients_tau_mask,,"[1, 1, 1, 1, 23, 1]","[1, 1, 23]","[1, 1, 23]","[1, 1, 23]",,True,,23,5.952561688005176e-08,-36.48995112633139,0,0.0,-2.750423959696491e-07,0,0,0,0,0,0,0,0
29,7453,rx_human_chest,/home/telilab4090/Documents/Gazebo World/my_world/rt_out/experiments/semantic_ablation_rigid_200f/sionna_xml/frame_029_sionna.xml,30.0,0.0,0.0,2.4,-1.4605,-0.8406,1.6421,28000000000.0,23,6.163341392806387e-09,6.568895827285814e-08,5.952561688005176e-08,2.2439071756252815e-07,-66.48995112633139,-36.48995112633139,cir_coefficients_tau_mask,,"[1, 1, 1, 1, 23, 1]","[1, 1, 23]","[1, 1, 23]","[1, 1, 23]",,True,,23,5.952561688005176e-08,-36.48995140137379,0,0.0,2.750423959696491e-07,0,0,0,0,0,0,0,0
30,7710,rx_human_chest,/home/telilab4090/Documents/Gazebo World/my_world/rt_out/experiments/semantic_ablation_rigid_200f/sionna_xml/frame_030_sionna.xml,30.0,0.0,0.0,2.4,-1.4605,-0.8406,1.6421,28000000000.0,23,6.163341392806387e-09,6.568895827285814e-08,5.952561688005176e-08,2.2439071756252815e-07,-66.48995112633139,-36.48995112633139,cir_coefficients_tau_mask,,"[1, 1, 1, 1, 23, 1]","[1, 1, 23]","[1, 1, 23]","[1, 1, 23]",,True,,23,5.952561688005176e-08,-36.48995112633139,0,0.0,0.0,0,0,0,0,0,0,0,0
31,7967,rx_human_chest,/home/telilab4090/Documents/Gazebo World/my_world/rt_out/experiments/semantic_ablation_rigid_200f/sionna_xml/frame_031_sionna.xml,30.0,0.0,0.0,2.4,-1.4605,-0.8406,1.6421,28000000000.0,23,6.163341392806387e-09,6.568895827285814e-08,5.952561688005176e-08,2.2439071756252815e-07,-66.48995112633139,-36.48995112633139,cir_coefficients_tau_mask,,"[1, 1, 1, 1, 23, 1]","[1, 1, 23]","[1, 1, 23]","[1, 1, 23]",,True,,23,5.952561688005176e-08,-36.48995112633139,0,0.0,0.0,0,0,0,0,0,0,0,0
32,8224,rx_human_chest,/home/telilab4090/Documents/Gazebo World/my_world/rt_out/experiments/semantic_ablation_rigid_200f/sionna_xml/frame_032_sionna.xml,30.0,0.0,0.0,2.4,-1.4605,-0.8406,1.6421,28000000000.0,23,6.163341392806387e-09,6.568895827285814e-08,5.952561688005176e-08,2.2439071756252815e-07,-66.48995112633139,-36.48995112633139,cir_coefficients_tau_mask,,"[1, 1, 1, 1, 23, 1]","[1, 1, 23]","[1, 1, 23]","[1, 1, 23]",,True,,23,5.952561688005176e-08,-36.48995112633139,0,0.0,0.0,0,0,0,0,0,0,0,0
33,8481,rx_human_chest,/home/telilab4090/Documents/Gazebo World/my_world/rt_out/experiments/semantic_ablation_rigid_200f/sionna_xml/frame_033_sionna.xml,30.0,0.0,0.0,2.4,-1.4605,-0.8406,1.6421,28000000000.0,23,6.163341392806387e-09,6.568895827285814e-08,5.952561688005176e-08,2.2439070335167344e-07,-66.48995140137379,-36.48995140137379,cir_coefficients_tau_mask,,"[1, 1, 1, 1, 23, 1]","[1, 1, 23]","[1, 1, 23]","[1, 1, 23]",,True,,23,5.952561688005176e-08,-36.48995112633139,0,0.0,-2.750423959696491e-07,0,0,0,0,0,0,0,0
34,8737,rx_human_chest,/home/telilab4090/Documents/Gazebo World/my_world/rt_out/experiments/semantic_ablation_rigid_200f/sionna_xml/frame_034_sionna.xml,30.0,0.0,0.0,2.4,-1.4605,-0.8406,1.6421,28000000000.0,23,6.163341392806387e-09,6.568895827285814e-08,5.952561688005176e-08,2.2439070335167344e-07,-66.48995140137379,-36.48995140137379,cir_coefficients_tau_mask,,"[1, 1, 1, 1, 23, 1]","[1, 1, 23]","[1, 1, 23]","[1, 1, 23]",,True,,23,5.952561688005176e-08,-36.48995140137379,0,0.0,0.0,0,0,0,0,0,0,0,0
35,8994,rx_human_chest,/home/telilab4090/Documents/Gazebo World/my_world/rt_out/experiments/semantic_ablation_rigid_200f/sionna_xml/frame_035_sionna.xml,30.0,0.0,0.0,2.4,-1.4605,-0.8406,1.6421,28000000000.0,23,6.163341392806387e-09,6.568895827285814e-08,5.952561688005176e-08,2.2439071756252815e-07,-66.48995112633139,-36.48995112633139,cir_coefficients_tau_mask,,"[1, 1, 1, 1, 23, 1]","[1, 1, 23]","[1, 1, 23]","[1, 1, 23]",,True,,23,5.952561688005176e-08,-36.48995140137379,0,0.0,2.750423959696491e-07,0,0,0,0,0,0,0,0
36,9251,rx_human_chest,/home/telilab4090/Documents/Gazebo World/my_world/rt_out/experiments/semantic_ablation_rigid_200f/sionna_xml/frame_036_sionna.xml,30.0,0.0,0.0,2.4,-1.4605,-0.8406,1.6421,28000000000.0,23,6.163341392806387e-09,6.568895827285814e-08,5.952561688005176e-08,2.2439071756252815e-07,-66.48995112633139,-36.48995112633139,cir_coefficients_tau_mask,,"[1, 1, 1, 1, 23, 1]","[1, 1, 23]","[1, 1, 23]","[1, 1, 23]",,True,,23,5.952561688005176e-08,-36.48995112633139,0,0.0,0.0,0,0,0,0,0,0,0,0
37,9508,rx_human_chest,/home/telilab4090/Documents/Gazebo World/my_world/rt_out/experiments/semantic_ablation_rigid_200f/sionna_xml/frame_037_sionna.xml,30.0,0.0,0.0,2.4,-1.4605,-0.8406,1.6421,28000000000.0,23,6.163341392806387e-09,6.568895827285814e-08,5.952561688005176e-08,2.2439071756252815e-07,-66.48995112633139,-36.48995112633139,cir_coefficients_tau_mask,,"[1, 1, 1, 1, 23, 1]","[1, 1, 23]","[1, 1, 23]","[1, 1, 23]",,True,,23,5.952561688005176e-08,-36.48995112633139,0,0.0,0.0,0,0,0,0,0,0,0,0
38,9765,rx_human_chest,/home/telilab4090/Documents/Gazebo World/my_world/rt_out/experiments/semantic_ablation_rigid_200f/sionna_xml/frame_038_sionna.xml,30.0,0.0,0.0,2.4,-1.4605,-0.8406,1.6421,28000000000.0,23,6.163341392806387e-09,6.568895827285814e-08,5.952561688005176e-08,2.2439071756252815e-07,-66.48995112633139,-36.48995112633139,cir_coefficients_tau_mask,,"[1, 1, 1, 1, 23, 1]","[1, 1, 23]","[1, 1, 23]","[1, 1, 23]",,True,,23,5.952561688005176e-08,-36.48995112633139,0,0.0,0.0,0,0,0,0,0,0,0,0
39,10022,rx_human_chest,/home/telilab4090/Documents/Gazebo World/my_world/rt_out/experiments/semantic_ablation_rigid_200f/sionna_xml/frame_039_sionna.xml,30.0,0.0,0.0,2.4,-1.4605,-0.8406,1.6421,28000000000.0,23,6.163341392806387e-09,6.568895827285814e-08,5.952561688005176e-08,2.2439073177338287e-07,-66.48995085128901,-36.48995085128901,cir_coefficients_tau_mask,,"[1, 1, 1, 1, 23, 1]","[1, 1, 23]","[1, 1, 23]","[1, 1, 23]",,True,,23,5.952561688005176e-08,-36.48995112633139,0,0.0,2.7504238175879436e-07,0,0,0,0,0,0,0,0
40,10279,rx_human_chest,/home/telilab4090/Documents/Gazebo World/my_world/rt_out/experiments/semantic_ablation_rigid_200f/sionna_xml/frame_040_sionna.xml,30.0,0.0,0.0,2.4,-1.4605,-0.8406,1.6421,28000000000.0,23,6.163341392806387e-09,6.568895827285814e-08,5.952561688005176e-08,2.2439071756252815e-07,-66.48995112633139,-36.48995112633139,cir_coefficients_tau_mask,,"[1, 1, 1, 1, 23, 1]","[1, 1, 23]","[1, 1, 23]","[1, 1, 23]",,True,,23,5.952561688005176e-08,-36.48995085128901,0,0.0,-2.7504238175879436e-07,0,0,0,0,0,0,0,0
41,10536,rx_human_chest,/home/telilab4090/Documents/Gazebo World/my_world/rt_out/experiments/semantic_ablation_rigid_200f/sionna_xml/frame_041_sionna.xml,30.0,0.0,0.0,2.4,-1.4605,-0.8406,1.6421,28000000000.0,23,6.163341392806387e-09,6.568895827285814e-08,5.952561688005176e-08,2.2439071756252815e-07,-66.48995112633139,-36.48995112633139,cir_coefficients_tau_mask,,"[1, 1, 1, 1, 23, 1]","[1, 1, 23]","[1, 1, 23]","[1, 1, 23]",,True,,23,5.952561688005176e-08,-36.48995112633139,0,0.0,0.0,0,0,0,0,0,0,0,0
42,10793,rx_human_chest,/home/telilab4090/Documents/Gazebo World/my_world/rt_out/experiments/semantic_ablation_rigid_200f/sionna_xml/frame_042_sionna.xml,30.0,0.0,0.0,2.4,-1.4605,-0.8406,1.6421,28000000000.0,23,6.163341392806387e-09,6.568895827285814e-08,5.952561688005176e-08,2.2439071756252815e-07,-66.48995112633139,-36.48995112633139,cir_coefficients_tau_mask,,"[1, 1, 1, 1, 23, 1]","[1, 1, 23]","[1, 1, 23]","[1, 1, 23]",,True,,23,5.952561688005176e-08,-36.48995112633139,0,0.0,0.0,0,0,0,0,0,0,0,0
43,11050,rx_human_chest,/home/telilab4090/Documents/Gazebo World/my_world/rt_out/experiments/semantic_ablation_rigid_200f/sionna_xml/frame_043_sionna.xml,30.0,0.0,0.0,2.4,-1.4605,-0.8406,1.6421,28000000000.0,23,6.163341392806387e-09,6.568895827285814e-08,5.952561688005176e-08,2.2439071756252815e-07,-66.48995112633139,-36.48995112633139,cir_coefficients_tau_mask,,"[1, 1, 1, 1, 23, 1]","[1, 1, 23]","[1, 1, 23]","[1, 1, 23]",,True,,23,5.952561688005176e-08,-36.48995112633139,0,0.0,0.0,0,0,0,0,0,0,0,0
44,11307,rx_human_chest,/home/telilab4090/Documents/Gazebo World/my_world/rt_out/experiments/semantic_ablation_rigid_200f/sionna_xml/frame_044_sionna.xml,30.0,0.0,0.0,2.4,-1.4605,-0.8406,1.6421,28000000000.0,23,6.163341392806387e-09,6.568895827285814e-08,5.952561688005176e-08,2.2439070335167344e-07,-66.48995140137379,-36.48995140137379,cir_coefficients_tau_mask,,"[1, 1, 1, 1, 23, 1]","[1, 1, 23]","[1, 1, 23]","[1, 1, 23]",,True,,23,5.952561688005176e-08,-36.48995112633139,0,0.0,-2.750423959696491e-07,0,0,0,0,0,0,0,0
45,11564,rx_human_chest,/home/telilab4090/Documents/Gazebo World/my_world/rt_out/experiments/semantic_ablation_rigid_200f/sionna_xml/frame_045_sionna.xml,30.0,0.0,0.0,2.4,-1.4605,-0.8406,1.6421,28000000000.0,23,6.163341392806387e-09,6.568895827285814e-08,5.952561688005176e-08,2.2439070335167344e-07,-66.48995140137379,-36.48995140137379,cir_coefficients_tau_mask,,"[1, 1, 1, 1, 23, 1]","[1, 1, 23]","[1, 1, 23]","[1, 1, 23]",,True,,23,5.952561688005176e-08,-36.48995140137379,0,0.0,0.0,0,0,0,0,0,0,0,0
46,11821,rx_human_chest,/home/telilab4090/Documents/Gazebo World/my_world/rt_out/experiments/semantic_ablation_rigid_200f/sionna_xml/frame_046_sionna.xml,30.0,0.0,0.0,2.4,-1.4605,-0.8406,1.6421,28000000000.0,23,6.163341392806387e-09,6.568895827285814e-08,5.952561688005176e-08,2.2439070335167344e-07,-66.48995140137379,-36.48995140137379,cir_coefficients_tau_mask,,"[1, 1, 1, 1, 23, 1]","[1, 1, 23]","[1, 1, 23]","[1, 1, 23]",,True,,23,5.952561688005176e-08,-36.48995140137379,0,0.0,0.0,0,0,0,0,0,0,0,0
47,12078,rx_human_chest,/home/telilab4090/Documents/Gazebo World/my_world/rt_out/experiments/semantic_ablation_rigid_200f/sionna_xml/frame_047_sionna.xml,30.0,0.0,0.0,2.4,-1.4605,-0.8406,1.6421,28000000000.0,23,6.163341392806387e-09,6.568895827285814e-08,5.952561688005176e-08,2.2439071756252815e-07,-66.48995112633139,-36.48995112633139,cir_coefficients_tau_mask,,"[1, 1, 1, 1, 23, 1]","[1, 1, 23]","[1, 1, 23]","[1, 1, 23]",,True,,23,5.952561688005176e-08,-36.48995140137379,0,0.0,2.750423959696491e-07,0,0,0,0,0,0,0,0
48,12335,rx_human_chest,/home/telilab4090/Documents/Gazebo World/my_world/rt_out/experiments/semantic_ablation_rigid_200f/sionna_xml/frame_048_sionna.xml,30.0,0.0,0.0,2.4,-1.4605,-0.8406,1.6421,28000000000.0,23,6.163341392806387e-09,6.568895827285814e-08,5.952561688005176e-08,2.2439071756252815e-07,-66.48995112633139,-36.48995112633139,cir_coefficients_tau_mask,,"[1, 1, 1, 1, 23, 1]","[1, 1, 23]","[1, 1, 23]","[1, 1, 23]",,True,,23,5.952561688005176e-08,-36.48995112633139,0,0.0,0.0,0,0,0,0,0,0,0,0
49,12592,rx_human_chest,/home/telilab4090/Documents/Gazebo World/my_world/rt_out/experiments/semantic_ablation_rigid_200f/sionna_xml/frame_049_sionna.xml,30.0,0.0,0.0,2.4,-1.4605,-0.8406,1.6421,28000000000.0,23,6.163341392806387e-09,6.568895827285814e-08,5.952561688005176e-08,2.2439071756252815e-07,-66.48995112633139,-36.48995112633139,cir_coefficients_tau_mask,,"[1, 1, 1, 1, 23, 1]","[1, 1, 23]","[1, 1, 23]","[1, 1, 23]",,True,,23,5.952561688005176e-08,-36.48995112633139,0,0.0,0.0,0,0,0,0,0,0,0,0
50,12849,rx_human_chest,/home/telilab4090/Documents/Gazebo World/my_world/rt_out/experiments/semantic_ablation_rigid_200f/sionna_xml/frame_050_sionna.xml,30.0,0.0,0.0,2.4,-1.4605,-0.8406,1.6421,28000000000.0,23,6.163341392806387e-09,6.568895827285814e-08,5.952561688005176e-08,2.2439071756252815e-07,-66.48995112633139,-36.48995112633139,cir_coefficients_tau_mask,,"[1, 1, 1, 1, 23, 1]","[1, 1, 23]","[1, 1, 23]","[1, 1, 23]",,True,,23,5.952561688005176e-08,-36.48995112633139,0,0.0,0.0,0,0,0,0,0,0,0,0
51,13106,rx_human_chest,/home/telilab4090/Documents/Gazebo World/my_world/rt_out/experiments/semantic_ablation_rigid_200f/sionna_xml/frame_051_sionna.xml,30.0,0.0,0.0,2.4,-1.4605,-0.8406,1.6421,28000000000.0,23,6.163341392806387e-09,6.568895827285814e-08,5.952561688005176e-08,2.2439071756252815e-07,-66.48995112633139,-36.48995112633139,cir_coefficients_tau_mask,,"[1, 1, 1, 1, 23, 1]","[1, 1, 23]","[1, 1, 23]","[1, 1, 23]",,True,,23,5.952561688005176e-08,-36.48995112633139,0,0.0,0.0,0,0,0,0,0,0,0,0
52,13363,rx_human_chest,/home/telilab4090/Documents/Gazebo World/my_world/rt_out/experiments/semantic_ablation_rigid_200f/sionna_xml/frame_052_sionna.xml,30.0,0.0,0.0,2.4,-1.4605,-0.8406,1.6421,28000000000.0,23,6.163341392806387e-09,6.568895827285814e-08,5.952561688005176e-08,2.2439070335167344e-07,-66.48995140137379,-36.48995140137379,cir_coefficients_tau_mask,,"[1, 1, 1, 1, 23, 1]","[1, 1, 23]","[1, 1, 23]","[1, 1, 23]",,True,,23,5.952561688005176e-08,-36.48995112633139,0,0.0,-2.750423959696491e-07,0,0,0,0,0,0,0,0
53,13620,rx_human_chest,/home/telilab4090/Documents/Gazebo World/my_world/rt_out/experiments/semantic_ablation_rigid_200f/sionna_xml/frame_053_sionna.xml,30.0,0.0,0.0,2.4,-1.4605,-0.8406,1.6421,28000000000.0,23,6.163341392806387e-09,6.568895827285814e-08,5.952561688005176e-08,2.2439071756252815e-07,-66.48995112633139,-36.48995112633139,cir_coefficients_tau_mask,,"[1, 1, 1, 1, 23, 1]","[1, 1, 23]","[1, 1, 23]","[1, 1, 23]",,True,,23,5.952561688005176e-08,-36.48995140137379,0,0.0,2.750423959696491e-07,0,0,0,0,0,0,0,0
54,13877,rx_human_chest,/home/telilab4090/Documents/Gazebo World/my_world/rt_out/experiments/semantic_ablation_rigid_200f/sionna_xml/frame_054_sionna.xml,30.0,0.0,0.0,2.4,-1.4605,-0.8406,1.6421,28000000000.0,23,6.163341392806387e-09,6.568895827285814e-08,5.952561688005176e-08,2.2439071756252815e-07,-66.48995112633139,-36.48995112633139,cir_coefficients_tau_mask,,"[1, 1, 1, 1, 23, 1]","[1, 1, 23]","[1, 1, 23]","[1, 1, 23]",,True,,23,5.952561688005176e-08,-36.48995112633139,0,0.0,0.0,0,0,0,0,0,0,0,0
55,14134,rx_human_chest,/home/telilab4090/Documents/Gazebo World/my_world/rt_out/experiments/semantic_ablation_rigid_200f/sionna_xml/frame_055_sionna.xml,30.0,0.0,0.0,2.4,-1.4605,-0.8406,1.6421,28000000000.0,23,6.163341392806387e-09,6.568895827285814e-08,5.952561688005176e-08,2.2439070335167344e-07,-66.48995140137379,-36.48995140137379,cir_coefficients_tau_mask,,"[1, 1, 1, 1, 23, 1]","[1, 1, 23]","[1, 1, 23]","[1, 1, 23]",,True,,23,5.952561688005176e-08,-36.48995112633139,0,0.0,-2.750423959696491e-07,0,0,0,0,0,0,0,0
56,14391,rx_human_chest,/home/telilab4090/Documents/Gazebo World/my_world/rt_out/experiments/semantic_ablation_rigid_200f/sionna_xml/frame_056_sionna.xml,30.0,0.0,0.0,2.4,-1.4605,-0.8406,1.6421,28000000000.0,23,6.163341392806387e-09,6.568895827285814e-08,5.952561688005176e-08,2.2439070335167344e-07,-66.48995140137379,-36.48995140137379,cir_coefficients_tau_mask,,"[1, 1, 1, 1, 23, 1]","[1, 1, 23]","[1, 1, 23]","[1, 1, 23]",,True,,23,5.952561688005176e-08,-36.48995140137379,0,0.0,0.0,0,0,0,0,0,0,0,0
57,14648,rx_human_chest,/home/telilab4090/Documents/Gazebo World/my_world/rt_out/experiments/semantic_ablation_rigid_200f/sionna_xml/frame_057_sionna.xml,30.0,0.0,0.0,2.4,-1.4605,-0.8406,1.6421,28000000000.0,23,6.163341392806387e-09,6.568895827285814e-08,5.952561688005176e-08,2.2439070335167344e-07,-66.48995140137379,-36.48995140137379,cir_coefficients_tau_mask,,"[1, 1, 1, 1, 23, 1]","[1, 1, 23]","[1, 1, 23]","[1, 1, 23]",,True,,23,5.952561688005176e-08,-36.48995140137379,0,0.0,0.0,0,0,0,0,0,0,0,0
58,14905,rx_human_chest,/home/telilab4090/Documents/Gazebo World/my_world/rt_out/experiments/semantic_ablation_rigid_200f/sionna_xml/frame_058_sionna.xml,30.0,0.0,0.0,2.4,-1.4605,-0.8406,1.6421,28000000000.0,23,6.163341392806387e-09,6.568895827285814e-08,5.952561688005176e-08,2.2439070335167344e-07,-66.48995140137379,-36.48995140137379,cir_coefficients_tau_mask,,"[1, 1, 1, 1, 23, 1]","[1, 1, 23]","[1, 1, 23]","[1, 1, 23]",,True,,23,5.952561688005176e-08,-36.48995140137379,0,0.0,0.0,0,0,0,0,0,0,0,0
59,15162,rx_human_chest,/home/telilab4090/Documents/Gazebo World/my_world/rt_out/experiments/semantic_ablation_rigid_200f/sionna_xml/frame_059_sionna.xml,30.0,0.0,0.0,2.4,-1.4605,-0.8406,1.6421,28000000000.0,23,6.163341392806387e-09,6.568895827285814e-08,5.952561688005176e-08,2.2439070335167344e-07,-66.48995140137379,-36.48995140137379,cir_coefficients_tau_mask,,"[1, 1, 1, 1, 23, 1]","[1, 1, 23]","[1, 1, 23]","[1, 1, 23]",,True,,23,5.952561688005176e-08,-36.48995140137379,0,0.0,0.0,0,0,0,0,0,0,0,0
60,15419,rx_human_chest,/home/telilab4090/Documents/Gazebo World/my_world/rt_out/experiments/semantic_ablation_rigid_200f/sionna_xml/frame_060_sionna.xml,30.0,0.0,0.0,2.4,-1.4605,-0.8406,1.6421,28000000000.0,23,6.163341392806387e-09,6.568895827285814e-08,5.952561688005176e-08,2.2439071756252815e-07,-66.48995112633139,-36.48995112633139,cir_coefficients_tau_mask,,"[1, 1, 1, 1, 23, 1]","[1, 1, 23]","[1, 1, 23]","[1, 1, 23]",,True,,23,5.952561688005176e-08,-36.48995140137379,0,0.0,2.750423959696491e-07,0,0,0,0,0,0,0,0
61,15676,rx_human_chest,/home/telilab4090/Documents/Gazebo World/my_world/rt_out/experiments/semantic_ablation_rigid_200f/sionna_xml/frame_061_sionna.xml,30.0,0.0,0.0,2.4,-1.4605,-0.8406,1.6421,28000000000.0,23,6.163341392806387e-09,6.568895827285814e-08,5.952561688005176e-08,2.2439071756252815e-07,-66.48995112633139,-36.48995112633139,cir_coefficients_tau_mask,,"[1, 1, 1, 1, 23, 1]","[1, 1, 23]","[1, 1, 23]","[1, 1, 23]",,True,,23,5.952561688005176e-08,-36.48995112633139,0,0.0,0.0,0,0,0,0,0,0,0,0
62,15933,rx_human_chest,/home/telilab4090/Documents/Gazebo World/my_world/rt_out/experiments/semantic_ablation_rigid_200f/sionna_xml/frame_062_sionna.xml,30.0,0.0,0.0,2.4,-1.4605,-0.8406,1.6421,28000000000.0,23,6.163341392806387e-09,6.568895827285814e-08,5.952561688005176e-08,2.2439071756252815e-07,-66.48995112633139,-36.48995112633139,cir_coefficients_tau_mask,,"[1, 1, 1, 1, 23, 1]","[1, 1, 23]","[1, 1, 23]","[1, 1, 23]",,True,,23,5.952561688005176e-08,-36.48995112633139,0,0.0,0.0,0,0,0,0,0,0,0,0
63,16190,rx_human_chest,/home/telilab4090/Documents/Gazebo World/my_world/rt_out/experiments/semantic_ablation_rigid_200f/sionna_xml/frame_063_sionna.xml,30.0,0.0,0.0,2.4,-1.4605,-0.8406,1.6421,28000000000.0,23,6.163341392806387e-09,6.568895827285814e-08,5.952561688005176e-08,2.2439070335167344e-07,-66.48995140137379,-36.48995140137379,cir_coefficients_tau_mask,,"[1, 1, 1, 1, 23, 1]","[1, 1, 23]","[1, 1, 23]","[1, 1, 23]",,True,,23,5.952561688005176e-08,-36.48995112633139,0,0.0,-2.750423959696491e-07,0,0,0,0,0,0,0,0
64,16447,rx_human_chest,/home/telilab4090/Documents/Gazebo World/my_world/rt_out/experiments/semantic_ablation_rigid_200f/sionna_xml/frame_064_sionna.xml,30.0,0.0,0.0,2.4,-1.4605,-0.8406,1.6421,28000000000.0,23,6.163341392806387e-09,6.568895827285814e-08,5.952561688005176e-08,2.2439071756252815e-07,-66.48995112633139,-36.48995112633139,cir_coefficients_tau_mask,,"[1, 1, 1, 1, 23, 1]","[1, 1, 23]","[1, 1, 23]","[1, 1, 23]",,True,,23,5.952561688005176e-08,-36.48995140137379,0,0.0,2.750423959696491e-07,0,0,0,0,0,0,0,0
65,16704,rx_human_chest,/home/telilab4090/Documents/Gazebo World/my_world/rt_out/experiments/semantic_ablation_rigid_200f/sionna_xml/frame_065_sionna.xml,30.0,0.0,0.0,2.4,-1.4605,-0.8406,1.6421,28000000000.0,23,6.163341392806387e-09,6.568895827285814e-08,5.952561688005176e-08,2.2439070335167344e-07,-66.48995140137379,-36.48995140137379,cir_coefficients_tau_mask,,"[1, 1, 1, 1, 23, 1]","[1, 1, 23]","[1, 1, 23]","[1, 1, 23]",,True,,23,5.952561688005176e-08,-36.48995112633139,0,0.0,-2.750423959696491e-07,0,0,0,0,0,0,0,0
66,16961,rx_human_chest,/home/telilab4090/Documents/Gazebo World/my_world/rt_out/experiments/semantic_ablation_rigid_200f/sionna_xml/frame_066_sionna.xml,30.0,0.0,0.0,2.4,-1.4605,-0.8406,1.6421,28000000000.0,21,6.163341392806387e-09,6.431429255826515e-08,5.8150951165458764e-08,2.2401944477223878e-07,-66.49714283492739,-36.49714283492739,cir_coefficients_tau_mask,,"[1, 1, 1, 1, 21, 1]","[1, 1, 21]","[1, 1, 21]","[1, 1, 21]",,True,,23,5.952561688005176e-08,-36.48995140137379,-2,-1.374665714592993e-09,-0.007191433553600746,1,1,0,0,0,0,0,0
67,17218,rx_human_chest,/home/telilab4090/Documents/Gazebo World/my_world/rt_out/experiments/semantic_ablation_rigid_200f/sionna_xml/frame_067_sionna.xml,30.0,0.0,0.0,2.4,-1.4605,-0.8406,1.6421,28000000000.0,21,6.163341392806387e-09,6.431429255826515e-08,5.8150951165458764e-08,2.2401947319394822e-07,-66.49714228393097,-36.49714228393097,cir_coefficients_tau_mask,,"[1, 1, 1, 1, 21, 1]","[1, 1, 21]","[1, 1, 21]","[1, 1, 21]",,True,,21,5.8150951165458764e-08,-36.49714283492739,0,0.0,5.509964182692784e-07,0,0,0,0,0,0,0,0
68,17475,rx_human_chest,/home/telilab4090/Documents/Gazebo World/my_world/rt_out/experiments/semantic_ablation_rigid_200f/sionna_xml/frame_068_sionna.xml,30.0,0.0,0.0,2.4,-1.4605,-0.8406,1.6421,28000000000.0,21,6.163341392806387e-09,6.431429255826515e-08,5.8150951165458764e-08,2.2401944477223878e-07,-66.49714283492739,-36.49714283492739,cir_coefficients_tau_mask,,"[1, 1, 1, 1, 21, 1]","[1, 1, 21]","[1, 1, 21]","[1, 1, 21]",,True,,21,5.8150951165458764e-08,-36.49714228393097,0,0.0,-5.509964182692784e-07,0,0,0,0,0,0,0,0
69,17732,rx_human_chest,/home/telilab4090/Documents/Gazebo World/my_world/rt_out/experiments/semantic_ablation_rigid_200f/sionna_xml/frame_069_sionna.xml,30.0,0.0,0.0,2.4,-1.4605,-0.8406,1.6421,28000000000.0,21,6.163341392806387e-09,6.431429255826515e-08,5.8150951165458764e-08,2.2401944477223878e-07,-66.49714283492739,-36.49714283492739,cir_coefficients_tau_mask,,"[1, 1, 1, 1, 21, 1]","[1, 1, 21]","[1, 1, 21]","[1, 1, 21]",,True,,21,5.8150951165458764e-08,-36.49714283492739,0,0.0,0.0,0,0,0,0,0,0,0,0
70,17989,rx_human_chest,/home/telilab4090/Documents/Gazebo World/my_world/rt_out/experiments/semantic_ablation_rigid_200f/sionna_xml/frame_070_sionna.xml,30.0,0.0,0.0,2.4,-1.4605,-0.8406,1.6421,28000000000.0,21,6.163341392806387e-09,6.431429255826515e-08,5.8150951165458764e-08,2.240194589830935e-07,-66.49714255942916,-36.497142559429165,cir_coefficients_tau_mask,,"[1, 1, 1, 1, 21, 1]","[1, 1, 21]","[1, 1, 21]","[1, 1, 21]",,True,,21,5.8150951165458764e-08,-36.49714283492739,0,0.0,2.754982233454939e-07,0,0,0,0,0,0,0,0
71,18246,rx_human_chest,/home/telilab4090/Documents/Gazebo World/my_world/rt_out/experiments/semantic_ablation_rigid_200f/sionna_xml/frame_071_sionna.xml,30.0,0.0,0.0,2.4,-1.4605,-0.8406,1.6421,28000000000.0,21,6.163341392806387e-09,6.431429255826515e-08,5.8150951165458764e-08,2.2401944477223878e-07,-66.49714283492739,-36.49714283492739,cir_coefficients_tau_mask,,"[1, 1, 1, 1, 21, 1]","[1, 1, 21]","[1, 1, 21]","[1, 1, 21]",,True,,21,5.8150951165458764e-08,-36.497142559429165,0,0.0,-2.754982233454939e-07,0,0,0,0,0,0,0,0
72,18503,rx_human_chest,/home/telilab4090/Documents/Gazebo World/my_world/rt_out/experiments/semantic_ablation_rigid_200f/sionna_xml/frame_072_sionna.xml,30.0,0.0,0.0,2.4,-1.4605,-0.8406,1.6421,28000000000.0,21,6.163341392806387e-09,6.431429255826515e-08,5.8150951165458764e-08,2.240194589830935e-07,-66.49714255942916,-36.497142559429165,cir_coefficients_tau_mask,,"[1, 1, 1, 1, 21, 1]","[1, 1, 21]","[1, 1, 21]","[1, 1, 21]",,True,,21,5.8150951165458764e-08,-36.49714283492739,0,0.0,2.754982233454939e-07,0,0,0,0,0,0,0,0
73,18760,rx_human_chest,/home/telilab4090/Documents/Gazebo World/my_world/rt_out/experiments/semantic_ablation_rigid_200f/sionna_xml/frame_073_sionna.xml,30.0,0.0,0.0,2.4,-1.4605,-0.8406,1.6421,28000000000.0,21,6.163341392806387e-09,6.431429255826515e-08,5.8150951165458764e-08,2.240194589830935e-07,-66.49714255942916,-36.497142559429165,cir_coefficients_tau_mask,,"[1, 1, 1, 1, 21, 1]","[1, 1, 21]","[1, 1, 21]","[1, 1, 21]",,True,,21,5.8150951165458764e-08,-36.497142559429165,0,0.0,0.0,0,0,0,0,0,0,0,0
74,19017,rx_human_chest,/home/telilab4090/Documents/Gazebo World/my_world/rt_out/experiments/semantic_ablation_rigid_200f/sionna_xml/frame_074_sionna.xml,30.0,0.0,0.0,2.4,-1.4605,-0.8406,1.6421,28000000000.0,21,6.163341392806387e-09,6.431429255826515e-08,5.8150951165458764e-08,2.240194589830935e-07,-66.49714255942916,-36.497142559429165,cir_coefficients_tau_mask,,"[1, 1, 1, 1, 21, 1]","[1, 1, 21]","[1, 1, 21]","[1, 1, 21]",,True,,21,5.8150951165458764e-08,-36.497142559429165,0,0.0,0.0,0,0,0,0,0,0,0,0
75,19274,rx_human_chest,/home/telilab4090/Documents/Gazebo World/my_world/rt_out/experiments/semantic_ablation_rigid_200f/sionna_xml/frame_075_sionna.xml,30.0,0.0,0.0,2.4,-1.4605,-0.8406,1.6421,28000000000.0,21,6.163341392806387e-09,6.431429255826515e-08,5.8150951165458764e-08,2.240194589830935e-07,-66.49714255942916,-36.497142559429165,cir_coefficients_tau_mask,,"[1, 1, 1, 1, 21, 1]","[1, 1, 21]","[1, 1, 21]","[1, 1, 21]",,True,,21,5.8150951165458764e-08,-36.497142559429165,0,0.0,0.0,0,0,0,0,0,0,0,0
76,19531,rx_human_chest,/home/telilab4090/Documents/Gazebo World/my_world/rt_out/experiments/semantic_ablation_rigid_200f/sionna_xml/frame_076_sionna.xml,30.0,0.0,0.0,2.4,-1.4605,-0.8406,1.6421,28000000000.0,23,6.163341392806387e-09,6.568895827285814e-08,5.952561688005176e-08,2.2439071756252815e-07,-66.48995112633139,-36.48995112633139,cir_coefficients_tau_mask,,"[1, 1, 1, 1, 23, 1]","[1, 1, 23]","[1, 1, 23]","[1, 1, 23]",,True,,21,5.8150951165458764e-08,-36.497142559429165,2,1.374665714592993e-09,0.00719143309777337,1,0,0,0,0,0,0,0
77,19788,rx_human_chest,/home/telilab4090/Documents/Gazebo World/my_world/rt_out/experiments/semantic_ablation_rigid_200f/sionna_xml/frame_077_sionna.xml,30.0,0.0,0.0,2.4,-1.4605,-0.8406,1.6421,28000000000.0,23,6.163341392806387e-09,6.568895827285814e-08,5.952561688005176e-08,2.2439070335167344e-07,-66.48995140137379,-36.48995140137379,cir_coefficients_tau_mask,,"[1, 1, 1, 1, 23, 1]","[1, 1, 23]","[1, 1, 23]","[1, 1, 23]",,True,,23,5.952561688005176e-08,-36.48995112633139,0,0.0,-2.750423959696491e-07,0,0,0,0,0,0,0,0
78,20045,rx_human_chest,/home/telilab4090/Documents/Gazebo World/my_world/rt_out/experiments/semantic_ablation_rigid_200f/sionna_xml/frame_078_sionna.xml,30.0,0.0,0.0,2.4,-1.4605,-0.8406,1.6421,28000000000.0,23,6.163341392806387e-09,6.568895827285814e-08,5.952561688005176e-08,2.2439071756252815e-07,-66.48995112633139,-36.48995112633139,cir_coefficients_tau_mask,,"[1, 1, 1, 1, 23, 1]","[1, 1, 23]","[1, 1, 23]","[1, 1, 23]",,True,,23,5.952561688005176e-08,-36.48995140137379,0,0.0,2.750423959696491e-07,0,0,0,0,0,0,0,0
79,20302,rx_human_chest,/home/telilab4090/Documents/Gazebo World/my_world/rt_out/experiments/semantic_ablation_rigid_200f/sionna_xml/frame_079_sionna.xml,30.0,0.0,0.0,2.4,-1.4605,-0.8406,1.6421,28000000000.0,23,6.163341392806387e-09,6.568895827285814e-08,5.952561688005176e-08,2.2439071756252815e-07,-66.48995112633139,-36.48995112633139,cir_coefficients_tau_mask,,"[1, 1, 1, 1, 23, 1]","[1, 1, 23]","[1, 1, 23]","[1, 1, 23]",,True,,23,5.952561688005176e-08,-36.48995112633139,0,0.0,0.0,0,0,0,0,0,0,0,0
80,20559,rx_human_chest,/home/telilab4090/Documents/Gazebo World/my_world/rt_out/experiments/semantic_ablation_rigid_200f/sionna_xml/frame_080_sionna.xml,30.0,0.0,0.0,2.4,-1.4605,-0.8406,1.6421,28000000000.0,23,6.163341392806387e-09,6.568895827285814e-08,5.952561688005176e-08,2.2439071756252815e-07,-66.48995112633139,-36.48995112633139,cir_coefficients_tau_mask,,"[1, 1, 1, 1, 23, 1]","[1, 1, 23]","[1, 1, 23]","[1, 1, 23]",,True,,23,5.952561688005176e-08,-36.48995112633139,0,0.0,0.0,0,0,0,0,0,0,0,0
81,20816,rx_human_chest,/home/telilab4090/Documents/Gazebo World/my_world/rt_out/experiments/semantic_ablation_rigid_200f/sionna_xml/frame_081_sionna.xml,30.0,0.0,0.0,2.4,-1.4605,-0.8406,1.6421,28000000000.0,23,6.163341392806387e-09,6.568895827285814e-08,5.952561688005176e-08,2.2439071756252815e-07,-66.48995112633139,-36.48995112633139,cir_coefficients_tau_mask,,"[1, 1, 1, 1, 23, 1]","[1, 1, 23]","[1, 1, 23]","[1, 1, 23]",,True,,23,5.952561688005176e-08,-36.48995112633139,0,0.0,0.0,0,0,0,0,0,0,0,0
82,21073,rx_human_chest,/home/telilab4090/Documents/Gazebo World/my_world/rt_out/experiments/semantic_ablation_rigid_200f/sionna_xml/frame_082_sionna.xml,30.0,0.0,0.0,2.4,-1.4605,-0.8406,1.6421,28000000000.0,23,6.163341392806387e-09,6.568895827285814e-08,5.952561688005176e-08,2.2439070335167344e-07,-66.48995140137379,-36.48995140137379,cir_coefficients_tau_mask,,"[1, 1, 1, 1, 23, 1]","[1, 1, 23]","[1, 1, 23]","[1, 1, 23]",,True,,23,5.952561688005176e-08,-36.48995112633139,0,0.0,-2.750423959696491e-07,0,0,0,0,0,0,0,0
83,21330,rx_human_chest,/home/telilab4090/Documents/Gazebo World/my_world/rt_out/experiments/semantic_ablation_rigid_200f/sionna_xml/frame_083_sionna.xml,30.0,0.0,0.0,2.4,-1.4605,-0.8406,1.6421,28000000000.0,23,6.163341392806387e-09,6.568895827285814e-08,5.952561688005176e-08,2.2439073177338287e-07,-66.48995085128901,-36.48995085128901,cir_coefficients_tau_mask,,"[1, 1, 1, 1, 23, 1]","[1, 1, 23]","[1, 1, 23]","[1, 1, 23]",,True,,23,5.952561688005176e-08,-36.48995140137379,0,0.0,5.500847777284434e-07,0,0,0,0,0,0,0,0
84,21587,rx_human_chest,/home/telilab4090/Documents/Gazebo World/my_world/rt_out/experiments/semantic_ablation_rigid_200f/sionna_xml/frame_084_sionna.xml,30.0,0.0,0.0,2.4,-1.4605,-0.8406,1.6421,28000000000.0,23,6.163341392806387e-09,6.568895827285814e-08,5.952561688005176e-08,2.2439071756252815e-07,-66.48995112633139,-36.48995112633139,cir_coefficients_tau_mask,,"[1, 1, 1, 1, 23, 1]","[1, 1, 23]","[1, 1, 23]","[1, 1, 23]",,True,,23,5.952561688005176e-08,-36.48995085128901,0,0.0,-2.7504238175879436e-07,0,0,0,0,0,0,0,0
85,21844,rx_human_chest,/home/telilab4090/Documents/Gazebo World/my_world/rt_out/experiments/semantic_ablation_rigid_200f/sionna_xml/frame_085_sionna.xml,30.0,0.0,0.0,2.4,-1.4605,-0.8406,1.6421,28000000000.0,23,6.163341392806387e-09,6.568895827285814e-08,5.952561688005176e-08,2.2439070335167344e-07,-66.48995140137379,-36.48995140137379,cir_coefficients_tau_mask,,"[1, 1, 1, 1, 23, 1]","[1, 1, 23]","[1, 1, 23]","[1, 1, 23]",,True,,23,5.952561688005176e-08,-36.48995112633139,0,0.0,-2.750423959696491e-07,0,0,0,0,0,0,0,0
86,22101,rx_human_chest,/home/telilab4090/Documents/Gazebo World/my_world/rt_out/experiments/semantic_ablation_rigid_200f/sionna_xml/frame_086_sionna.xml,30.0,0.0,0.0,2.4,-1.4605,-0.8406,1.6421,28000000000.0,23,6.163341392806387e-09,6.568895827285814e-08,5.952561688005176e-08,2.2439070335167344e-07,-66.48995140137379,-36.48995140137379,cir_coefficients_tau_mask,,"[1, 1, 1, 1, 23, 1]","[1, 1, 23]","[1, 1, 23]","[1, 1, 23]",,True,,23,5.952561688005176e-08,-36.48995140137379,0,0.0,0.0,0,0,0,0,0,0,0,0
87,22358,rx_human_chest,/home/telilab4090/Documents/Gazebo World/my_world/rt_out/experiments/semantic_ablation_rigid_200f/sionna_xml/frame_087_sionna.xml,30.0,0.0,0.0,2.4,-1.4605,-0.8406,1.6421,28000000000.0,23,6.163341392806387e-09,6.568895827285814e-08,5.952561688005176e-08,2.2439070335167344e-07,-66.48995140137379,-36.48995140137379,cir_coefficients_tau_mask,,"[1, 1, 1, 1, 23, 1]","[1, 1, 23]","[1, 1, 23]","[1, 1, 23]",,True,,23,5.952561688005176e-08,-36.48995140137379,0,0.0,0.0,0,0,0,0,0,0,0,0
88,22615,rx_human_chest,/home/telilab4090/Documents/Gazebo World/my_world/rt_out/experiments/semantic_ablation_rigid_200f/sionna_xml/frame_088_sionna.xml,30.0,0.0,0.0,2.4,-1.4605,-0.8406,1.6421,28000000000.0,23,6.163341392806387e-09,6.568895827285814e-08,5.952561688005176e-08,2.2439071756252815e-07,-66.48995112633139,-36.48995112633139,cir_coefficients_tau_mask,,"[1, 1, 1, 1, 23, 1]","[1, 1, 23]","[1, 1, 23]","[1, 1, 23]",,True,,23,5.952561688005176e-08,-36.48995140137379,0,0.0,2.750423959696491e-07,0,0,0,0,0,0,0,0
89,22872,rx_human_chest,/home/telilab4090/Documents/Gazebo World/my_world/rt_out/experiments/semantic_ablation_rigid_200f/sionna_xml/frame_089_sionna.xml,30.0,0.0,0.0,2.4,-1.4605,-0.8406,1.6421,28000000000.0,23,6.163341392806387e-09,6.568895827285814e-08,5.952561688005176e-08,2.2439070335167344e-07,-66.48995140137379,-36.48995140137379,cir_coefficients_tau_mask,,"[1, 1, 1, 1, 23, 1]","[1, 1, 23]","[1, 1, 23]","[1, 1, 23]",,True,,23,5.952561688005176e-08,-36.48995112633139,0,0.0,-2.750423959696491e-07,0,0,0,0,0,0,0,0
90,23129,rx_human_chest,/home/telilab4090/Documents/Gazebo World/my_world/rt_out/experiments/semantic_ablation_rigid_200f/sionna_xml/frame_090_sionna.xml,30.0,0.0,0.0,2.4,-1.4605,-0.8406,1.6421,28000000000.0,23,6.163341392806387e-09,6.568895827285814e-08,5.952561688005176e-08,2.2439070335167344e-07,-66.48995140137379,-36.48995140137379,cir_coefficients_tau_mask,,"[1, 1, 1, 1, 23, 1]","[1, 1, 23]","[1, 1, 23]","[1, 1, 23]",,True,,23,5.952561688005176e-08,-36.48995140137379,0,0.0,0.0,0,0,0,0,0,0,0,0
91,23386,rx_human_chest,/home/telilab4090/Documents/Gazebo World/my_world/rt_out/experiments/semantic_ablation_rigid_200f/sionna_xml/frame_091_sionna.xml,30.0,0.0,0.0,2.4,-1.4605,-0.8406,1.6421,28000000000.0,23,6.163341392806387e-09,6.568895827285814e-08,5.952561688005176e-08,2.2439070335167344e-07,-66.48995140137379,-36.48995140137379,cir_coefficients_tau_mask,,"[1, 1, 1, 1, 23, 1]","[1, 1, 23]","[1, 1, 23]","[1, 1, 23]",,True,,23,5.952561688005176e-08,-36.48995140137379,0,0.0,0.0,0,0,0,0,0,0,0,0
92,23643,rx_human_chest,/home/telilab4090/Documents/Gazebo World/my_world/rt_out/experiments/semantic_ablation_rigid_200f/sionna_xml/frame_092_sionna.xml,30.0,0.0,0.0,2.4,-1.4605,-0.8406,1.6421,28000000000.0,23,6.163341392806387e-09,6.568895827285814e-08,5.952561688005176e-08,2.2439071756252815e-07,-66.48995112633139,-36.48995112633139,cir_coefficients_tau_mask,,"[1, 1, 1, 1, 23, 1]","[1, 1, 23]","[1, 1, 23]","[1, 1, 23]",,True,,23,5.952561688005176e-08,-36.48995140137379,0,0.0,2.750423959696491e-07,0,0,0,0,0,0,0,0
93,23900,rx_human_chest,/home/telilab4090/Documents/Gazebo World/my_world/rt_out/experiments/semantic_ablation_rigid_200f/sionna_xml/frame_093_sionna.xml,30.0,0.0,0.0,2.4,-1.4605,-0.8406,1.6421,28000000000.0,23,6.163341392806387e-09,6.568895827285814e-08,5.952561688005176e-08,2.2439073177338287e-07,-66.48995085128901,-36.48995085128901,cir_coefficients_tau_mask,,"[1, 1, 1, 1, 23, 1]","[1, 1, 23]","[1, 1, 23]","[1, 1, 23]",,True,,23,5.952561688005176e-08,-36.48995112633139,0,0.0,2.7504238175879436e-07,0,0,0,0,0,0,0,0
94,24157,rx_human_chest,/home/telilab4090/Documents/Gazebo World/my_world/rt_out/experiments/semantic_ablation_rigid_200f/sionna_xml/frame_094_sionna.xml,30.0,0.0,0.0,2.4,-1.4605,-0.8406,1.6421,28000000000.0,23,6.163341392806387e-09,6.568895827285814e-08,5.952561688005176e-08,2.2439071756252815e-07,-66.48995112633139,-36.48995112633139,cir_coefficients_tau_mask,,"[1, 1, 1, 1, 23, 1]","[1, 1, 23]","[1, 1, 23]","[1, 1, 23]",,True,,23,5.952561688005176e-08,-36.48995085128901,0,0.0,-2.7504238175879436e-07,0,0,0,0,0,0,0,0
95,24414,rx_human_chest,/home/telilab4090/Documents/Gazebo World/my_world/rt_out/experiments/semantic_ablation_rigid_200f/sionna_xml/frame_095_sionna.xml,30.0,0.0,0.0,2.4,-1.4605,-0.8406,1.6421,28000000000.0,23,6.163341392806387e-09,6.568895827285814e-08,5.952561688005176e-08,2.2439071756252815e-07,-66.48995112633139,-36.48995112633139,cir_coefficients_tau_mask,,"[1, 1, 1, 1, 23, 1]","[1, 1, 23]","[1, 1, 23]","[1, 1, 23]",,True,,23,5.952561688005176e-08,-36.48995112633139,0,0.0,0.0,0,0,0,0,0,0,0,0
96,24671,rx_human_chest,/home/telilab4090/Documents/Gazebo World/my_world/rt_out/experiments/semantic_ablation_rigid_200f/sionna_xml/frame_096_sionna.xml,30.0,0.0,0.0,2.4,-1.4605,-0.8406,1.6421,28000000000.0,23,6.163341392806387e-09,6.568895827285814e-08,5.952561688005176e-08,2.2439071756252815e-07,-66.48995112633139,-36.48995112633139,cir_coefficients_tau_mask,,"[1, 1, 1, 1, 23, 1]","[1, 1, 23]","[1, 1, 23]","[1, 1, 23]",,True,,23,5.952561688005176e-08,-36.48995112633139,0,0.0,0.0,0,0,0,0,0,0,0,0
97,24928,rx_human_chest,/home/telilab4090/Documents/Gazebo World/my_world/rt_out/experiments/semantic_ablation_rigid_200f/sionna_xml/frame_097_sionna.xml,30.0,0.0,0.0,2.4,-1.4605,-0.8406,1.6421,28000000000.0,23,6.163341392806387e-09,6.568895827285814e-08,5.952561688005176e-08,2.2439071756252815e-07,-66.48995112633139,-36.48995112633139,cir_coefficients_tau_mask,,"[1, 1, 1, 1, 23, 1]","[1, 1, 23]","[1, 1, 23]","[1, 1, 23]",,True,,23,5.952561688005176e-08,-36.48995112633139,0,0.0,0.0,0,0,0,0,0,0,0,0
98,25185,rx_human_chest,/home/telilab4090/Documents/Gazebo World/my_world/rt_out/experiments/semantic_ablation_rigid_200f/sionna_xml/frame_098_sionna.xml,30.0,0.0,0.0,2.4,-1.4605,-0.8406,1.6421,28000000000.0,23,6.163341392806387e-09,6.568895827285814e-08,5.952561688005176e-08,2.2439070335167344e-07,-66.48995140137379,-36.48995140137379,cir_coefficients_tau_mask,,"[1, 1, 1, 1, 23, 1]","[1, 1, 23]","[1, 1, 23]","[1, 1, 23]",,True,,23,5.952561688005176e-08,-36.48995112633139,0,0.0,-2.750423959696491e-07,0,0,0,0,0,0,0,0
99,25442,rx_human_chest,/home/telilab4090/Documents/Gazebo World/my_world/rt_out/experiments/semantic_ablation_rigid_200f/sionna_xml/frame_099_sionna.xml,30.0,0.0,0.0,2.4,-1.4605,-0.8406,1.6421,28000000000.0,23,6.163341392806387e-09,6.568895827285814e-08,5.952561688005176e-08,2.2439071756252815e-07,-66.48995112633139,-36.48995112633139,cir_coefficients_tau_mask,,"[1, 1, 1, 1, 23, 1]","[1, 1, 23]","[1, 1, 23]","[1, 1, 23]",,True,,23,5.952561688005176e-08,-36.48995140137379,0,0.0,2.750423959696491e-07,0,0,0,0,0,0,0,0
100,25698,rx_human_chest,/home/telilab4090/Documents/Gazebo World/my_world/rt_out/experiments/semantic_ablation_rigid_200f/sionna_xml/frame_100_sionna.xml,30.0,0.0,0.0,2.4,-1.4605,-0.8406,1.6421,28000000000.0,23,6.163341392806387e-09,6.568895827285814e-08,5.952561688005176e-08,2.2439070335167344e-07,-66.48995140137379,-36.48995140137379,cir_coefficients_tau_mask,,"[1, 1, 1, 1, 23, 1]","[1, 1, 23]","[1, 1, 23]","[1, 1, 23]",,True,,23,5.952561688005176e-08,-36.48995112633139,0,0.0,-2.750423959696491e-07,0,0,0,0,0,0,0,0
101,25955,rx_human_chest,/home/telilab4090/Documents/Gazebo World/my_world/rt_out/experiments/semantic_ablation_rigid_200f/sionna_xml/frame_101_sionna.xml,30.0,0.0,0.0,2.4,-1.4605,-0.8406,1.6421,28000000000.0,23,6.163341392806387e-09,6.568895827285814e-08,5.952561688005176e-08,2.2439071756252815e-07,-66.48995112633139,-36.48995112633139,cir_coefficients_tau_mask,,"[1, 1, 1, 1, 23, 1]","[1, 1, 23]","[1, 1, 23]","[1, 1, 23]",,True,,23,5.952561688005176e-08,-36.48995140137379,0,0.0,2.750423959696491e-07,0,0,0,0,0,0,0,0
102,26212,rx_human_chest,/home/telilab4090/Documents/Gazebo World/my_world/rt_out/experiments/semantic_ablation_rigid_200f/sionna_xml/frame_102_sionna.xml,30.0,0.0,0.0,2.4,-1.4605,-0.8406,1.6421,28000000000.0,23,6.163341392806387e-09,6.568895827285814e-08,5.952561688005176e-08,2.2439071756252815e-07,-66.48995112633139,-36.48995112633139,cir_coefficients_tau_mask,,"[1, 1, 1, 1, 23, 1]","[1, 1, 23]","[1, 1, 23]","[1, 1, 23]",,True,,23,5.952561688005176e-08,-36.48995112633139,0,0.0,0.0,0,0,0,0,0,0,0,0
103,26469,rx_human_chest,/home/telilab4090/Documents/Gazebo World/my_world/rt_out/experiments/semantic_ablation_rigid_200f/sionna_xml/frame_103_sionna.xml,30.0,0.0,0.0,2.4,-1.4605,-0.8406,1.6421,28000000000.0,23,6.163341392806387e-09,6.568895827285814e-08,5.952561688005176e-08,2.2439071756252815e-07,-66.48995112633139,-36.48995112633139,cir_coefficients_tau_mask,,"[1, 1, 1, 1, 23, 1]","[1, 1, 23]","[1, 1, 23]","[1, 1, 23]",,True,,23,5.952561688005176e-08,-36.48995112633139,0,0.0,0.0,0,0,0,0,0,0,0,0
104,26726,rx_human_chest,/home/telilab4090/Documents/Gazebo World/my_world/rt_out/experiments/semantic_ablation_rigid_200f/sionna_xml/frame_104_sionna.xml,30.0,0.0,0.0,2.4,-1.4605,-0.8406,1.6421,28000000000.0,23,6.163341392806387e-09,6.568895827285814e-08,5.952561688005176e-08,2.2439071756252815e-07,-66.48995112633139,-36.48995112633139,cir_coefficients_tau_mask,,"[1, 1, 1, 1, 23, 1]","[1, 1, 23]","[1, 1, 23]","[1, 1, 23]",,True,,23,5.952561688005176e-08,-36.48995112633139,0,0.0,0.0,0,0,0,0,0,0,0,0
105,26983,rx_human_chest,/home/telilab4090/Documents/Gazebo World/my_world/rt_out/experiments/semantic_ablation_rigid_200f/sionna_xml/frame_105_sionna.xml,30.0,0.0,0.0,2.4,-1.4605,-0.8406,1.6421,28000000000.0,23,6.163341392806387e-09,6.568895827285814e-08,5.952561688005176e-08,2.2439070335167344e-07,-66.48995140137379,-36.48995140137379,cir_coefficients_tau_mask,,"[1, 1, 1, 1, 23, 1]","[1, 1, 23]","[1, 1, 23]","[1, 1, 23]",,True,,23,5.952561688005176e-08,-36.48995112633139,0,0.0,-2.750423959696491e-07,0,0,0,0,0,0,0,0
106,27240,rx_human_chest,/home/telilab4090/Documents/Gazebo World/my_world/rt_out/experiments/semantic_ablation_rigid_200f/sionna_xml/frame_106_sionna.xml,30.0,0.0,0.0,2.4,-1.4605,-0.8406,1.6421,28000000000.0,23,6.163341392806387e-09,6.568895827285814e-08,5.952561688005176e-08,2.2439070335167344e-07,-66.48995140137379,-36.48995140137379,cir_coefficients_tau_mask,,"[1, 1, 1, 1, 23, 1]","[1, 1, 23]","[1, 1, 23]","[1, 1, 23]",,True,,23,5.952561688005176e-08,-36.48995140137379,0,0.0,0.0,0,0,0,0,0,0,0,0
107,27497,rx_human_chest,/home/telilab4090/Documents/Gazebo World/my_world/rt_out/experiments/semantic_ablation_rigid_200f/sionna_xml/frame_107_sionna.xml,30.0,0.0,0.0,2.4,-1.4605,-0.8406,1.6421,28000000000.0,23,6.163341392806387e-09,6.568895827285814e-08,5.952561688005176e-08,2.2439070335167344e-07,-66.48995140137379,-36.48995140137379,cir_coefficients_tau_mask,,"[1, 1, 1, 1, 23, 1]","[1, 1, 23]","[1, 1, 23]","[1, 1, 23]",,True,,23,5.952561688005176e-08,-36.48995140137379,0,0.0,0.0,0,0,0,0,0,0,0,0
108,27754,rx_human_chest,/home/telilab4090/Documents/Gazebo World/my_world/rt_out/experiments/semantic_ablation_rigid_200f/sionna_xml/frame_108_sionna.xml,30.0,0.0,0.0,2.4,-1.4605,-0.8406,1.6421,28000000000.0,23,6.163341392806387e-09,6.568895827285814e-08,5.952561688005176e-08,2.2439071756252815e-07,-66.48995112633139,-36.48995112633139,cir_coefficients_tau_mask,,"[1, 1, 1, 1, 23, 1]","[1, 1, 23]","[1, 1, 23]","[1, 1, 23]",,True,,23,5.952561688005176e-08,-36.48995140137379,0,0.0,2.750423959696491e-07,0,0,0,0,0,0,0,0
109,28011,rx_human_chest,/home/telilab4090/Documents/Gazebo World/my_world/rt_out/experiments/semantic_ablation_rigid_200f/sionna_xml/frame_109_sionna.xml,30.0,0.0,0.0,2.4,-1.4605,-0.8406,1.6421,28000000000.0,21,6.163341392806387e-09,6.431429255826515e-08,5.8150951165458764e-08,2.2401947319394822e-07,-66.49714228393097,-36.49714228393097,cir_coefficients_tau_mask,,"[1, 1, 1, 1, 21, 1]","[1, 1, 21]","[1, 1, 21]","[1, 1, 21]",,True,,23,5.952561688005176e-08,-36.48995112633139,-2,-1.374665714592993e-09,-0.007191157599578446,1,1,0,0,0,0,0,0
110,28268,rx_human_chest,/home/telilab4090/Documents/Gazebo World/my_world/rt_out/experiments/semantic_ablation_rigid_200f/sionna_xml/frame_110_sionna.xml,30.0,0.0,0.0,2.4,-1.4605,-0.8406,1.6421,28000000000.0,21,6.163341392806387e-09,6.431429255826515e-08,5.8150951165458764e-08,2.2401944477223878e-07,-66.49714283492739,-36.49714283492739,cir_coefficients_tau_mask,,"[1, 1, 1, 1, 21, 1]","[1, 1, 21]","[1, 1, 21]","[1, 1, 21]",,True,,21,5.8150951165458764e-08,-36.49714228393097,0,0.0,-5.509964182692784e-07,0,0,0,0,0,0,0,0
111,28525,rx_human_chest,/home/telilab4090/Documents/Gazebo World/my_world/rt_out/experiments/semantic_ablation_rigid_200f/sionna_xml/frame_111_sionna.xml,30.0,0.0,0.0,2.4,-1.4605,-0.8406,1.6421,28000000000.0,21,6.163341392806387e-09,6.431429255826515e-08,5.8150951165458764e-08,2.240194589830935e-07,-66.49714255942916,-36.497142559429165,cir_coefficients_tau_mask,,"[1, 1, 1, 1, 21, 1]","[1, 1, 21]","[1, 1, 21]","[1, 1, 21]",,True,,21,5.8150951165458764e-08,-36.49714283492739,0,0.0,2.754982233454939e-07,0,0,0,0,0,0,0,0
112,28782,rx_human_chest,/home/telilab4090/Documents/Gazebo World/my_world/rt_out/experiments/semantic_ablation_rigid_200f/sionna_xml/frame_112_sionna.xml,30.0,0.0,0.0,2.4,-1.4605,-0.8406,1.6421,28000000000.0,21,6.163341392806387e-09,6.431429255826515e-08,5.8150951165458764e-08,2.240194589830935e-07,-66.49714255942916,-36.497142559429165,cir_coefficients_tau_mask,,"[1, 1, 1, 1, 21, 1]","[1, 1, 21]","[1, 1, 21]","[1, 1, 21]",,True,,21,5.8150951165458764e-08,-36.497142559429165,0,0.0,0.0,0,0,0,0,0,0,0,0
113,29039,rx_human_chest,/home/telilab4090/Documents/Gazebo World/my_world/rt_out/experiments/semantic_ablation_rigid_200f/sionna_xml/frame_113_sionna.xml,30.0,0.0,0.0,2.4,-1.4605,-0.8406,1.6421,28000000000.0,21,6.163341392806387e-09,6.431429255826515e-08,5.8150951165458764e-08,2.240194589830935e-07,-66.49714255942916,-36.497142559429165,cir_coefficients_tau_mask,,"[1, 1, 1, 1, 21, 1]","[1, 1, 21]","[1, 1, 21]","[1, 1, 21]",,True,,21,5.8150951165458764e-08,-36.497142559429165,0,0.0,0.0,0,0,0,0,0,0,0,0
114,29296,rx_human_chest,/home/telilab4090/Documents/Gazebo World/my_world/rt_out/experiments/semantic_ablation_rigid_200f/sionna_xml/frame_114_sionna.xml,30.0,0.0,0.0,2.4,-1.4605,-0.8406,1.6421,28000000000.0,21,6.163341392806387e-09,6.431429255826515e-08,5.8150951165458764e-08,2.240194589830935e-07,-66.49714255942916,-36.497142559429165,cir_coefficients_tau_mask,,"[1, 1, 1, 1, 21, 1]","[1, 1, 21]","[1, 1, 21]","[1, 1, 21]",,True,,21,5.8150951165458764e-08,-36.497142559429165,0,0.0,0.0,0,0,0,0,0,0,0,0
115,29553,rx_human_chest,/home/telilab4090/Documents/Gazebo World/my_world/rt_out/experiments/semantic_ablation_rigid_200f/sionna_xml/frame_115_sionna.xml,30.0,0.0,0.0,2.4,-1.4605,-0.8406,1.6421,28000000000.0,21,6.163341392806387e-09,6.431429255826515e-08,5.8150951165458764e-08,2.240194589830935e-07,-66.49714255942916,-36.497142559429165,cir_coefficients_tau_mask,,"[1, 1, 1, 1, 21, 1]","[1, 1, 21]","[1, 1, 21]","[1, 1, 21]",,True,,21,5.8150951165458764e-08,-36.497142559429165,0,0.0,0.0,0,0,0,0,0,0,0,0
116,29810,rx_human_chest,/home/telilab4090/Documents/Gazebo World/my_world/rt_out/experiments/semantic_ablation_rigid_200f/sionna_xml/frame_116_sionna.xml,30.0,0.0,0.0,2.4,-1.4605,-0.8406,1.6421,28000000000.0,22,6.163341392806387e-09,6.431429255826515e-08,5.8150951165458764e-08,2.2438425162363274e-07,-66.4900762724191,-36.4900762724191,cir_coefficients_tau_mask,,"[1, 1, 1, 1, 22, 1]","[1, 1, 22]","[1, 1, 22]","[1, 1, 22]",,True,,21,5.8150951165458764e-08,-36.497142559429165,1,0.0,0.007066287010061956,1,0,0,0,0,0,0,0
117,30067,rx_human_chest,/home/telilab4090/Documents/Gazebo World/my_world/rt_out/experiments/semantic_ablation_rigid_200f/sionna_xml/frame_117_sionna.xml,30.0,0.0,0.0,2.4,-1.4605,-0.8406,1.6421,28000000000.0,22,6.163341392806387e-09,6.431429255826515e-08,5.8150951165458764e-08,2.2438423741277802e-07,-66.49007654746941,-36.490076547469414,cir_coefficients_tau_mask,,"[1, 1, 1, 1, 22, 1]","[1, 1, 22]","[1, 1, 22]","[1, 1, 22]",,True,,22,5.8150951165458764e-08,-36.4900762724191,0,0.0,-2.7505031141572545e-07,0,0,0,0,0,0,0,0
118,30324,rx_human_chest,/home/telilab4090/Documents/Gazebo World/my_world/rt_out/experiments/semantic_ablation_rigid_200f/sionna_xml/frame_118_sionna.xml,30.0,0.0,0.0,2.4,-1.4605,-0.8406,1.6421,28000000000.0,22,6.163341392806387e-09,6.568895827285814e-08,5.952561688005176e-08,2.240259107111342e-07,-66.49701748504712,-36.497017485047124,cir_coefficients_tau_mask,,"[1, 1, 1, 1, 22, 1]","[1, 1, 22]","[1, 1, 22]","[1, 1, 22]",,True,,22,5.8150951165458764e-08,-36.490076547469414,0,1.374665714592993e-09,-0.00694093757770986,0,0,0,0,0,0,0,0
119,30581,rx_human_chest,/home/telilab4090/Documents/Gazebo World/my_world/rt_out/experiments/semantic_ablation_rigid_200f/sionna_xml/frame_119_sionna.xml,30.0,0.0,0.0,2.4,-1.4605,-0.8406,1.6421,28000000000.0,23,6.163341392806387e-09,6.568895827285814e-08,5.952561688005176e-08,2.2439070335167344e-07,-66.48995140137379,-36.48995140137379,cir_coefficients_tau_mask,,"[1, 1, 1, 1, 23, 1]","[1, 1, 23]","[1, 1, 23]","[1, 1, 23]",,True,,22,5.952561688005176e-08,-36.497017485047124,1,0.0,0.0070660836733367205,1,0,0,0,0,0,0,0
120,30838,rx_human_chest,/home/telilab4090/Documents/Gazebo World/my_world/rt_out/experiments/semantic_ablation_rigid_200f/sionna_xml/frame_120_sionna.xml,30.0,0.0,0.0,2.4,-1.4605,-0.8406,1.6421,28000000000.0,23,6.163341392806387e-09,6.568895827285814e-08,5.952561688005176e-08,2.2439070335167344e-07,-66.48995140137379,-36.48995140137379,cir_coefficients_tau_mask,,"[1, 1, 1, 1, 23, 1]","[1, 1, 23]","[1, 1, 23]","[1, 1, 23]",,True,,23,5.952561688005176e-08,-36.48995140137379,0,0.0,0.0,0,0,0,0,0,0,0,0
121,31095,rx_human_chest,/home/telilab4090/Documents/Gazebo World/my_world/rt_out/experiments/semantic_ablation_rigid_200f/sionna_xml/frame_121_sionna.xml,30.0,0.0,0.0,2.4,-1.4605,-0.8406,1.6421,28000000000.0,23,6.163341392806387e-09,6.568895827285814e-08,5.952561688005176e-08,2.2439073177338287e-07,-66.48995085128901,-36.48995085128901,cir_coefficients_tau_mask,,"[1, 1, 1, 1, 23, 1]","[1, 1, 23]","[1, 1, 23]","[1, 1, 23]",,True,,23,5.952561688005176e-08,-36.48995140137379,0,0.0,5.500847777284434e-07,0,0,0,0,0,0,0,0
122,31352,rx_human_chest,/home/telilab4090/Documents/Gazebo World/my_world/rt_out/experiments/semantic_ablation_rigid_200f/sionna_xml/frame_122_sionna.xml,30.0,0.0,0.0,2.4,-1.4605,-0.8406,1.6421,28000000000.0,23,6.163341392806387e-09,6.568895827285814e-08,5.952561688005176e-08,2.2439070335167344e-07,-66.48995140137379,-36.48995140137379,cir_coefficients_tau_mask,,"[1, 1, 1, 1, 23, 1]","[1, 1, 23]","[1, 1, 23]","[1, 1, 23]",,True,,23,5.952561688005176e-08,-36.48995085128901,0,0.0,-5.500847777284434e-07,0,0,0,0,0,0,0,0
123,31609,rx_human_chest,/home/telilab4090/Documents/Gazebo World/my_world/rt_out/experiments/semantic_ablation_rigid_200f/sionna_xml/frame_123_sionna.xml,30.0,0.0,0.0,2.4,-1.4605,-0.8406,1.6421,28000000000.0,23,6.163341392806387e-09,6.568895827285814e-08,5.952561688005176e-08,2.2439073177338287e-07,-66.48995085128901,-36.48995085128901,cir_coefficients_tau_mask,,"[1, 1, 1, 1, 23, 1]","[1, 1, 23]","[1, 1, 23]","[1, 1, 23]",,True,,23,5.952561688005176e-08,-36.48995140137379,0,0.0,5.500847777284434e-07,0,0,0,0,0,0,0,0
124,31866,rx_human_chest,/home/telilab4090/Documents/Gazebo World/my_world/rt_out/experiments/semantic_ablation_rigid_200f/sionna_xml/frame_124_sionna.xml,30.0,0.0,0.0,2.4,-1.4605,-0.8406,1.6421,28000000000.0,23,6.163341392806387e-09,6.568895827285814e-08,5.952561688005176e-08,2.2439071756252815e-07,-66.48995112633139,-36.48995112633139,cir_coefficients_tau_mask,,"[1, 1, 1, 1, 23, 1]","[1, 1, 23]","[1, 1, 23]","[1, 1, 23]",,True,,23,5.952561688005176e-08,-36.48995085128901,0,0.0,-2.7504238175879436e-07,0,0,0,0,0,0,0,0
125,32123,rx_human_chest,/home/telilab4090/Documents/Gazebo World/my_world/rt_out/experiments/semantic_ablation_rigid_200f/sionna_xml/frame_125_sionna.xml,30.0,0.0,0.0,2.4,-1.4605,-0.8406,1.6421,28000000000.0,23,6.163341392806387e-09,6.568895827285814e-08,5.952561688005176e-08,2.2439070335167344e-07,-66.48995140137379,-36.48995140137379,cir_coefficients_tau_mask,,"[1, 1, 1, 1, 23, 1]","[1, 1, 23]","[1, 1, 23]","[1, 1, 23]",,True,,23,5.952561688005176e-08,-36.48995112633139,0,0.0,-2.750423959696491e-07,0,0,0,0,0,0,0,0
126,32380,rx_human_chest,/home/telilab4090/Documents/Gazebo World/my_world/rt_out/experiments/semantic_ablation_rigid_200f/sionna_xml/frame_126_sionna.xml,30.0,0.0,0.0,2.4,-1.4605,-0.8406,1.6421,28000000000.0,23,6.163341392806387e-09,6.568895827285814e-08,5.952561688005176e-08,2.2439071756252815e-07,-66.48995112633139,-36.48995112633139,cir_coefficients_tau_mask,,"[1, 1, 1, 1, 23, 1]","[1, 1, 23]","[1, 1, 23]","[1, 1, 23]",,True,,23,5.952561688005176e-08,-36.48995140137379,0,0.0,2.750423959696491e-07,0,0,0,0,0,0,0,0
127,32637,rx_human_chest,/home/telilab4090/Documents/Gazebo World/my_world/rt_out/experiments/semantic_ablation_rigid_200f/sionna_xml/frame_127_sionna.xml,30.0,0.0,0.0,2.4,-1.4605,-0.8406,1.6421,28000000000.0,23,6.163341392806387e-09,6.568895827285814e-08,5.952561688005176e-08,2.2439070335167344e-07,-66.48995140137379,-36.48995140137379,cir_coefficients_tau_mask,,"[1, 1, 1, 1, 23, 1]","[1, 1, 23]","[1, 1, 23]","[1, 1, 23]",,True,,23,5.952561688005176e-08,-36.48995112633139,0,0.0,-2.750423959696491e-07,0,0,0,0,0,0,0,0
128,32894,rx_human_chest,/home/telilab4090/Documents/Gazebo World/my_world/rt_out/experiments/semantic_ablation_rigid_200f/sionna_xml/frame_128_sionna.xml,30.0,0.0,0.0,2.4,-1.4605,-0.8406,1.6421,28000000000.0,21,6.163341392806387e-09,6.431429255826515e-08,5.8150951165458764e-08,2.240194589830935e-07,-66.49714255942916,-36.497142559429165,cir_coefficients_tau_mask,,"[1, 1, 1, 1, 21, 1]","[1, 1, 21]","[1, 1, 21]","[1, 1, 21]",,True,,23,5.952561688005176e-08,-36.48995140137379,-2,-1.374665714592993e-09,-0.0071911580553774,1,1,0,0,0,0,0,0
129,33151,rx_human_chest,/home/telilab4090/Documents/Gazebo World/my_world/rt_out/experiments/semantic_ablation_rigid_200f/sionna_xml/frame_129_sionna.xml,30.0,0.0,0.0,2.4,-1.4605,-0.8406,1.6421,28000000000.0,21,6.163341392806387e-09,6.431429255826515e-08,5.8150951165458764e-08,2.2401944477223878e-07,-66.49714283492739,-36.49714283492739,cir_coefficients_tau_mask,,"[1, 1, 1, 1, 21, 1]","[1, 1, 21]","[1, 1, 21]","[1, 1, 21]",,True,,21,5.8150951165458764e-08,-36.497142559429165,0,0.0,-2.754982233454939e-07,0,0,0,0,0,0,0,0
130,33408,rx_human_chest,/home/telilab4090/Documents/Gazebo World/my_world/rt_out/experiments/semantic_ablation_rigid_200f/sionna_xml/frame_130_sionna.xml,30.0,0.0,0.0,2.4,-1.4605,-0.8406,1.6421,28000000000.0,21,6.163341392806387e-09,6.431429255826515e-08,5.8150951165458764e-08,2.240194589830935e-07,-66.49714255942916,-36.497142559429165,cir_coefficients_tau_mask,,"[1, 1, 1, 1, 21, 1]","[1, 1, 21]","[1, 1, 21]","[1, 1, 21]",,True,,21,5.8150951165458764e-08,-36.49714283492739,0,0.0,2.754982233454939e-07,0,0,0,0,0,0,0,0
131,33665,rx_human_chest,/home/telilab4090/Documents/Gazebo World/my_world/rt_out/experiments/semantic_ablation_rigid_200f/sionna_xml/frame_131_sionna.xml,30.0,0.0,0.0,2.4,-1.4605,-0.8406,1.6421,28000000000.0,21,6.163341392806387e-09,6.431429255826515e-08,5.8150951165458764e-08,2.2401947319394822e-07,-66.49714228393097,-36.49714228393097,cir_coefficients_tau_mask,,"[1, 1, 1, 1, 21, 1]","[1, 1, 21]","[1, 1, 21]","[1, 1, 21]",,True,,21,5.8150951165458764e-08,-36.497142559429165,0,0.0,2.7549819492378447e-07,0,0,0,0,0,0,0,0
132,33922,rx_human_chest,/home/telilab4090/Documents/Gazebo World/my_world/rt_out/experiments/semantic_ablation_rigid_200f/sionna_xml/frame_132_sionna.xml,30.0,0.0,0.0,2.4,-1.4605,-0.8406,1.6421,28000000000.0,22,6.163341392806387e-09,6.431429255826515e-08,5.8150951165458764e-08,2.2438423741277802e-07,-66.49007654746941,-36.490076547469414,cir_coefficients_tau_mask,,"[1, 1, 1, 1, 22, 1]","[1, 1, 22]","[1, 1, 22]","[1, 1, 22]",,True,,21,5.8150951165458764e-08,-36.49714228393097,1,0.0,0.007065736461555616,1,0,0,0,0,0,0,0
133,34179,rx_human_chest,/home/telilab4090/Documents/Gazebo World/my_world/rt_out/experiments/semantic_ablation_rigid_200f/sionna_xml/frame_133_sionna.xml,30.0,0.0,0.0,2.4,-1.4605,-0.8406,1.6421,28000000000.0,22,6.163341392806387e-09,6.431429255826515e-08,5.8150951165458764e-08,2.2438423741277802e-07,-66.49007654746941,-36.490076547469414,cir_coefficients_tau_mask,,"[1, 1, 1, 1, 22, 1]","[1, 1, 22]","[1, 1, 22]","[1, 1, 22]",,True,,22,5.8150951165458764e-08,-36.490076547469414,0,0.0,0.0,0,0,0,0,0,0,0,0
134,34436,rx_human_chest,/home/telilab4090/Documents/Gazebo World/my_world/rt_out/experiments/semantic_ablation_rigid_200f/sionna_xml/frame_134_sionna.xml,30.0,0.0,0.0,2.4,-1.4605,-0.8406,1.6421,28000000000.0,22,6.163341392806387e-09,6.431429255826515e-08,5.8150951165458764e-08,2.2438423741277802e-07,-66.49007654746941,-36.490076547469414,cir_coefficients_tau_mask,,"[1, 1, 1, 1, 22, 1]","[1, 1, 22]","[1, 1, 22]","[1, 1, 22]",,True,,22,5.8150951165458764e-08,-36.490076547469414,0,0.0,0.0,0,0,0,0,0,0,0,0
135,34693,rx_human_chest,/home/telilab4090/Documents/Gazebo World/my_world/rt_out/experiments/semantic_ablation_rigid_200f/sionna_xml/frame_135_sionna.xml,30.0,0.0,0.0,2.4,-1.4605,-0.8406,1.6421,28000000000.0,23,6.163341392806387e-09,6.568895827285814e-08,5.952561688005176e-08,2.2439071756252815e-07,-66.48995112633139,-36.48995112633139,cir_coefficients_tau_mask,,"[1, 1, 1, 1, 23, 1]","[1, 1, 23]","[1, 1, 23]","[1, 1, 23]",,True,,22,5.8150951165458764e-08,-36.490076547469414,1,1.374665714592993e-09,0.00012542113802282984,1,0,0,0,0,0,0,0
136,34950,rx_human_chest,/home/telilab4090/Documents/Gazebo World/my_world/rt_out/experiments/semantic_ablation_rigid_200f/sionna_xml/frame_136_sionna.xml,30.0,0.0,0.0,2.4,-1.4605,-0.8406,1.6421,28000000000.0,23,6.163341392806387e-09,6.568895827285814e-08,5.952561688005176e-08,2.2439070335167344e-07,-66.48995140137379,-36.48995140137379,cir_coefficients_tau_mask,,"[1, 1, 1, 1, 23, 1]","[1, 1, 23]","[1, 1, 23]","[1, 1, 23]",,True,,23,5.952561688005176e-08,-36.48995112633139,0,0.0,-2.750423959696491e-07,0,0,0,0,0,0,0,0
137,35207,rx_human_chest,/home/telilab4090/Documents/Gazebo World/my_world/rt_out/experiments/semantic_ablation_rigid_200f/sionna_xml/frame_137_sionna.xml,30.0,0.0,0.0,2.4,-1.4605,-0.8406,1.6421,28000000000.0,23,6.163341392806387e-09,6.568895827285814e-08,5.952561688005176e-08,2.2439071756252815e-07,-66.48995112633139,-36.48995112633139,cir_coefficients_tau_mask,,"[1, 1, 1, 1, 23, 1]","[1, 1, 23]","[1, 1, 23]","[1, 1, 23]",,True,,23,5.952561688005176e-08,-36.48995140137379,0,0.0,2.750423959696491e-07,0,0,0,0,0,0,0,0
138,35464,rx_human_chest,/home/telilab4090/Documents/Gazebo World/my_world/rt_out/experiments/semantic_ablation_rigid_200f/sionna_xml/frame_138_sionna.xml,30.0,0.0,0.0,2.4,-1.4605,-0.8406,1.6421,28000000000.0,23,6.163341392806387e-09,6.568895827285814e-08,5.952561688005176e-08,2.2439071756252815e-07,-66.48995112633139,-36.48995112633139,cir_coefficients_tau_mask,,"[1, 1, 1, 1, 23, 1]","[1, 1, 23]","[1, 1, 23]","[1, 1, 23]",,True,,23,5.952561688005176e-08,-36.48995112633139,0,0.0,0.0,0,0,0,0,0,0,0,0
139,35721,rx_human_chest,/home/telilab4090/Documents/Gazebo World/my_world/rt_out/experiments/semantic_ablation_rigid_200f/sionna_xml/frame_139_sionna.xml,30.0,0.0,0.0,2.4,-1.4605,-0.8406,1.6421,28000000000.0,23,6.163341392806387e-09,6.568895827285814e-08,5.952561688005176e-08,2.2439070335167344e-07,-66.48995140137379,-36.48995140137379,cir_coefficients_tau_mask,,"[1, 1, 1, 1, 23, 1]","[1, 1, 23]","[1, 1, 23]","[1, 1, 23]",,True,,23,5.952561688005176e-08,-36.48995112633139,0,0.0,-2.750423959696491e-07,0,0,0,0,0,0,0,0
140,35978,rx_human_chest,/home/telilab4090/Documents/Gazebo World/my_world/rt_out/experiments/semantic_ablation_rigid_200f/sionna_xml/frame_140_sionna.xml,30.0,0.0,0.0,2.4,-1.4605,-0.8406,1.6421,28000000000.0,23,6.163341392806387e-09,6.568895827285814e-08,5.952561688005176e-08,2.2439071756252815e-07,-66.48995112633139,-36.48995112633139,cir_coefficients_tau_mask,,"[1, 1, 1, 1, 23, 1]","[1, 1, 23]","[1, 1, 23]","[1, 1, 23]",,True,,23,5.952561688005176e-08,-36.48995140137379,0,0.0,2.750423959696491e-07,0,0,0,0,0,0,0,0
141,36235,rx_human_chest,/home/telilab4090/Documents/Gazebo World/my_world/rt_out/experiments/semantic_ablation_rigid_200f/sionna_xml/frame_141_sionna.xml,30.0,0.0,0.0,2.4,-1.4605,-0.8406,1.6421,28000000000.0,23,6.163341392806387e-09,6.568895827285814e-08,5.952561688005176e-08,2.2439070335167344e-07,-66.48995140137379,-36.48995140137379,cir_coefficients_tau_mask,,"[1, 1, 1, 1, 23, 1]","[1, 1, 23]","[1, 1, 23]","[1, 1, 23]",,True,,23,5.952561688005176e-08,-36.48995112633139,0,0.0,-2.750423959696491e-07,0,0,0,0,0,0,0,0
142,36492,rx_human_chest,/home/telilab4090/Documents/Gazebo World/my_world/rt_out/experiments/semantic_ablation_rigid_200f/sionna_xml/frame_142_sionna.xml,30.0,0.0,0.0,2.4,-1.4605,-0.8406,1.6421,28000000000.0,23,6.163341392806387e-09,6.568895827285814e-08,5.952561688005176e-08,2.2439070335167344e-07,-66.48995140137379,-36.48995140137379,cir_coefficients_tau_mask,,"[1, 1, 1, 1, 23, 1]","[1, 1, 23]","[1, 1, 23]","[1, 1, 23]",,True,,23,5.952561688005176e-08,-36.48995140137379,0,0.0,0.0,0,0,0,0,0,0,0,0
143,36749,rx_human_chest,/home/telilab4090/Documents/Gazebo World/my_world/rt_out/experiments/semantic_ablation_rigid_200f/sionna_xml/frame_143_sionna.xml,30.0,0.0,0.0,2.4,-1.4605,-0.8406,1.6421,28000000000.0,23,6.163341392806387e-09,6.568895827285814e-08,5.952561688005176e-08,2.2439070335167344e-07,-66.48995140137379,-36.48995140137379,cir_coefficients_tau_mask,,"[1, 1, 1, 1, 23, 1]","[1, 1, 23]","[1, 1, 23]","[1, 1, 23]",,True,,23,5.952561688005176e-08,-36.48995140137379,0,0.0,0.0,0,0,0,0,0,0,0,0
144,37006,rx_human_chest,/home/telilab4090/Documents/Gazebo World/my_world/rt_out/experiments/semantic_ablation_rigid_200f/sionna_xml/frame_144_sionna.xml,30.0,0.0,0.0,2.4,-1.4605,-0.8406,1.6421,28000000000.0,23,6.163341392806387e-09,6.568895827285814e-08,5.952561688005176e-08,2.2439070335167344e-07,-66.48995140137379,-36.48995140137379,cir_coefficients_tau_mask,,"[1, 1, 1, 1, 23, 1]","[1, 1, 23]","[1, 1, 23]","[1, 1, 23]",,True,,23,5.952561688005176e-08,-36.48995140137379,0,0.0,0.0,0,0,0,0,0,0,0,0
145,37263,rx_human_chest,/home/telilab4090/Documents/Gazebo World/my_world/rt_out/experiments/semantic_ablation_rigid_200f/sionna_xml/frame_145_sionna.xml,30.0,0.0,0.0,2.4,-1.4605,-0.8406,1.6421,28000000000.0,21,6.163341392806387e-09,6.431429255826515e-08,5.8150951165458764e-08,2.2401944477223878e-07,-66.49714283492739,-36.49714283492739,cir_coefficients_tau_mask,,"[1, 1, 1, 1, 21, 1]","[1, 1, 21]","[1, 1, 21]","[1, 1, 21]",,True,,23,5.952561688005176e-08,-36.48995140137379,-2,-1.374665714592993e-09,-0.007191433553600746,1,1,0,0,0,0,0,0
146,37520,rx_human_chest,/home/telilab4090/Documents/Gazebo World/my_world/rt_out/experiments/semantic_ablation_rigid_200f/sionna_xml/frame_146_sionna.xml,30.0,0.0,0.0,2.4,-1.4605,-0.8406,1.6421,28000000000.0,21,6.163341392806387e-09,6.431429255826515e-08,5.8150951165458764e-08,2.2401944477223878e-07,-66.49714283492739,-36.49714283492739,cir_coefficients_tau_mask,,"[1, 1, 1, 1, 21, 1]","[1, 1, 21]","[1, 1, 21]","[1, 1, 21]",,True,,21,5.8150951165458764e-08,-36.49714283492739,0,0.0,0.0,0,0,0,0,0,0,0,0
147,37777,rx_human_chest,/home/telilab4090/Documents/Gazebo World/my_world/rt_out/experiments/semantic_ablation_rigid_200f/sionna_xml/frame_147_sionna.xml,30.0,0.0,0.0,2.4,-1.4605,-0.8406,1.6421,28000000000.0,21,6.163341392806387e-09,6.431429255826515e-08,5.8150951165458764e-08,2.240194589830935e-07,-66.49714255942916,-36.497142559429165,cir_coefficients_tau_mask,,"[1, 1, 1, 1, 21, 1]","[1, 1, 21]","[1, 1, 21]","[1, 1, 21]",,True,,21,5.8150951165458764e-08,-36.49714283492739,0,0.0,2.754982233454939e-07,0,0,0,0,0,0,0,0
148,38034,rx_human_chest,/home/telilab4090/Documents/Gazebo World/my_world/rt_out/experiments/semantic_ablation_rigid_200f/sionna_xml/frame_148_sionna.xml,30.0,0.0,0.0,2.4,-1.4605,-0.8406,1.6421,28000000000.0,21,6.163341392806387e-09,6.431429255826515e-08,5.8150951165458764e-08,2.240194589830935e-07,-66.49714255942916,-36.497142559429165,cir_coefficients_tau_mask,,"[1, 1, 1, 1, 21, 1]","[1, 1, 21]","[1, 1, 21]","[1, 1, 21]",,True,,21,5.8150951165458764e-08,-36.497142559429165,0,0.0,0.0,0,0,0,0,0,0,0,0
149,38291,rx_human_chest,/home/telilab4090/Documents/Gazebo World/my_world/rt_out/experiments/semantic_ablation_rigid_200f/sionna_xml/frame_149_sionna.xml,30.0,0.0,0.0,2.4,-1.4605,-0.8406,1.6421,28000000000.0,21,6.163341392806387e-09,6.431429255826515e-08,5.8150951165458764e-08,2.240194589830935e-07,-66.49714255942916,-36.497142559429165,cir_coefficients_tau_mask,,"[1, 1, 1, 1, 21, 1]","[1, 1, 21]","[1, 1, 21]","[1, 1, 21]",,True,,21,5.8150951165458764e-08,-36.497142559429165,0,0.0,0.0,0,0,0,0,0,0,0,0
150,38548,rx_human_chest,/home/telilab4090/Documents/Gazebo World/my_world/rt_out/experiments/semantic_ablation_rigid_200f/sionna_xml/frame_150_sionna.xml,30.0,0.0,0.0,2.4,-1.4605,-0.8406,1.6421,28000000000.0,21,6.163341392806387e-09,6.431429255826515e-08,5.8150951165458764e-08,2.2401944477223878e-07,-66.49714283492739,-36.49714283492739,cir_coefficients_tau_mask,,"[1, 1, 1, 1, 21, 1]","[1, 1, 21]","[1, 1, 21]","[1, 1, 21]",,True,,21,5.8150951165458764e-08,-36.497142559429165,0,0.0,-2.754982233454939e-07,0,0,0,0,0,0,0,0
151,38805,rx_human_chest,/home/telilab4090/Documents/Gazebo World/my_world/rt_out/experiments/semantic_ablation_rigid_200f/sionna_xml/frame_151_sionna.xml,30.0,0.0,0.0,2.4,-1.4605,-0.8406,1.6421,28000000000.0,21,6.163341392806387e-09,6.431429255826515e-08,5.8150951165458764e-08,2.2401944477223878e-07,-66.49714283492739,-36.49714283492739,cir_coefficients_tau_mask,,"[1, 1, 1, 1, 21, 1]","[1, 1, 21]","[1, 1, 21]","[1, 1, 21]",,True,,21,5.8150951165458764e-08,-36.49714283492739,0,0.0,0.0,0,0,0,0,0,0,0,0
152,39062,rx_human_chest,/home/telilab4090/Documents/Gazebo World/my_world/rt_out/experiments/semantic_ablation_rigid_200f/sionna_xml/frame_152_sionna.xml,30.0,0.0,0.0,2.4,-1.4605,-0.8406,1.6421,28000000000.0,21,6.163341392806387e-09,6.431429255826515e-08,5.8150951165458764e-08,2.240194589830935e-07,-66.49714255942916,-36.497142559429165,cir_coefficients_tau_mask,,"[1, 1, 1, 1, 21, 1]","[1, 1, 21]","[1, 1, 21]","[1, 1, 21]",,True,,21,5.8150951165458764e-08,-36.49714283492739,0,0.0,2.754982233454939e-07,0,0,0,0,0,0,0,0
153,39319,rx_human_chest,/home/telilab4090/Documents/Gazebo World/my_world/rt_out/experiments/semantic_ablation_rigid_200f/sionna_xml/frame_153_sionna.xml,30.0,0.0,0.0,2.4,-1.4605,-0.8406,1.6421,28000000000.0,21,6.163341392806387e-09,6.431429255826515e-08,5.8150951165458764e-08,2.2401947319394822e-07,-66.49714228393097,-36.49714228393097,cir_coefficients_tau_mask,,"[1, 1, 1, 1, 21, 1]","[1, 1, 21]","[1, 1, 21]","[1, 1, 21]",,True,,21,5.8150951165458764e-08,-36.497142559429165,0,0.0,2.7549819492378447e-07,0,0,0,0,0,0,0,0
154,39576,rx_human_chest,/home/telilab4090/Documents/Gazebo World/my_world/rt_out/experiments/semantic_ablation_rigid_200f/sionna_xml/frame_154_sionna.xml,30.0,0.0,0.0,2.4,-1.4605,-0.8406,1.6421,28000000000.0,21,6.163341392806387e-09,6.431429255826515e-08,5.8150951165458764e-08,2.2401944477223878e-07,-66.49714283492739,-36.49714283492739,cir_coefficients_tau_mask,,"[1, 1, 1, 1, 21, 1]","[1, 1, 21]","[1, 1, 21]","[1, 1, 21]",,True,,21,5.8150951165458764e-08,-36.49714228393097,0,0.0,-5.509964182692784e-07,0,0,0,0,0,0,0,0
155,39833,rx_human_chest,/home/telilab4090/Documents/Gazebo World/my_world/rt_out/experiments/semantic_ablation_rigid_200f/sionna_xml/frame_155_sionna.xml,30.0,0.0,0.0,2.4,-1.4605,-0.8406,1.6421,28000000000.0,21,6.163341392806387e-09,6.431429255826515e-08,5.8150951165458764e-08,2.240194589830935e-07,-66.49714255942916,-36.497142559429165,cir_coefficients_tau_mask,,"[1, 1, 1, 1, 21, 1]","[1, 1, 21]","[1, 1, 21]","[1, 1, 21]",,True,,21,5.8150951165458764e-08,-36.49714283492739,0,0.0,2.754982233454939e-07,0,0,0,0,0,0,0,0
156,40090,rx_human_chest,/home/telilab4090/Documents/Gazebo World/my_world/rt_out/experiments/semantic_ablation_rigid_200f/sionna_xml/frame_156_sionna.xml,30.0,0.0,0.0,2.4,-1.4605,-0.8406,1.6421,28000000000.0,21,6.163341392806387e-09,6.431429255826515e-08,5.8150951165458764e-08,2.2401944477223878e-07,-66.49714283492739,-36.49714283492739,cir_coefficients_tau_mask,,"[1, 1, 1, 1, 21, 1]","[1, 1, 21]","[1, 1, 21]","[1, 1, 21]",,True,,21,5.8150951165458764e-08,-36.497142559429165,0,0.0,-2.754982233454939e-07,0,0,0,0,0,0,0,0
157,40347,rx_human_chest,/home/telilab4090/Documents/Gazebo World/my_world/rt_out/experiments/semantic_ablation_rigid_200f/sionna_xml/frame_157_sionna.xml,30.0,0.0,0.0,2.4,-1.4605,-0.8406,1.6421,28000000000.0,21,6.163341392806387e-09,6.431429255826515e-08,5.8150951165458764e-08,2.2401944477223878e-07,-66.49714283492739,-36.49714283492739,cir_coefficients_tau_mask,,"[1, 1, 1, 1, 21, 1]","[1, 1, 21]","[1, 1, 21]","[1, 1, 21]",,True,,21,5.8150951165458764e-08,-36.49714283492739,0,0.0,0.0,0,0,0,0,0,0,0,0
158,40604,rx_human_chest,/home/telilab4090/Documents/Gazebo World/my_world/rt_out/experiments/semantic_ablation_rigid_200f/sionna_xml/frame_158_sionna.xml,30.0,0.0,0.0,2.4,-1.4605,-0.8406,1.6421,28000000000.0,21,6.163341392806387e-09,6.431429255826515e-08,5.8150951165458764e-08,2.2401944477223878e-07,-66.49714283492739,-36.49714283492739,cir_coefficients_tau_mask,,"[1, 1, 1, 1, 21, 1]","[1, 1, 21]","[1, 1, 21]","[1, 1, 21]",,True,,21,5.8150951165458764e-08,-36.49714283492739,0,0.0,0.0,0,0,0,0,0,0,0,0
159,40861,rx_human_chest,/home/telilab4090/Documents/Gazebo World/my_world/rt_out/experiments/semantic_ablation_rigid_200f/sionna_xml/frame_159_sionna.xml,30.0,0.0,0.0,2.4,-1.4605,-0.8406,1.6421,28000000000.0,21,6.163341392806387e-09,6.431429255826515e-08,5.8150951165458764e-08,2.2401943056138407e-07,-66.4971431104256,-36.4971431104256,cir_coefficients_tau_mask,,"[1, 1, 1, 1, 21, 1]","[1, 1, 21]","[1, 1, 21]","[1, 1, 21]",,True,,21,5.8150951165458764e-08,-36.49714283492739,0,0.0,-2.754982091346392e-07,0,0,0,0,0,0,0,0
160,41118,rx_human_chest,/home/telilab4090/Documents/Gazebo World/my_world/rt_out/experiments/semantic_ablation_rigid_200f/sionna_xml/frame_160_sionna.xml,30.0,0.0,0.0,2.4,-1.4605,-0.8406,1.6421,28000000000.0,21,6.163341392806387e-09,6.431429255826515e-08,5.8150951165458764e-08,2.240194589830935e-07,-66.49714255942916,-36.497142559429165,cir_coefficients_tau_mask,,"[1, 1, 1, 1, 21, 1]","[1, 1, 21]","[1, 1, 21]","[1, 1, 21]",,True,,21,5.8150951165458764e-08,-36.4971431104256,0,0.0,5.509964324801331e-07,0,0,0,0,0,0,0,0
161,41375,rx_human_chest,/home/telilab4090/Documents/Gazebo World/my_world/rt_out/experiments/semantic_ablation_rigid_200f/sionna_xml/frame_161_sionna.xml,30.0,0.0,0.0,2.4,-1.4605,-0.8406,1.6421,28000000000.0,21,6.163341392806387e-09,6.431429255826515e-08,5.8150951165458764e-08,2.240194589830935e-07,-66.49714255942916,-36.497142559429165,cir_coefficients_tau_mask,,"[1, 1, 1, 1, 21, 1]","[1, 1, 21]","[1, 1, 21]","[1, 1, 21]",,True,,21,5.8150951165458764e-08,-36.497142559429165,0,0.0,0.0,0,0,0,0,0,0,0,0
162,41632,rx_human_chest,/home/telilab4090/Documents/Gazebo World/my_world/rt_out/experiments/semantic_ablation_rigid_200f/sionna_xml/frame_162_sionna.xml,30.0,0.0,0.0,2.4,-1.4605,-0.8406,1.6421,28000000000.0,21,6.163341392806387e-09,6.431429255826515e-08,5.8150951165458764e-08,2.2401944477223878e-07,-66.49714283492739,-36.49714283492739,cir_coefficients_tau_mask,,"[1, 1, 1, 1, 21, 1]","[1, 1, 21]","[1, 1, 21]","[1, 1, 21]",,True,,21,5.8150951165458764e-08,-36.497142559429165,0,0.0,-2.754982233454939e-07,0,0,0,0,0,0,0,0
163,41889,rx_human_chest,/home/telilab4090/Documents/Gazebo World/my_world/rt_out/experiments/semantic_ablation_rigid_200f/sionna_xml/frame_163_sionna.xml,30.0,0.0,0.0,2.4,-1.4605,-0.8406,1.6421,28000000000.0,21,6.163341392806387e-09,6.431429255826515e-08,5.8150951165458764e-08,2.240194589830935e-07,-66.49714255942916,-36.497142559429165,cir_coefficients_tau_mask,,"[1, 1, 1, 1, 21, 1]","[1, 1, 21]","[1, 1, 21]","[1, 1, 21]",,True,,21,5.8150951165458764e-08,-36.49714283492739,0,0.0,2.754982233454939e-07,0,0,0,0,0,0,0,0
164,42146,rx_human_chest,/home/telilab4090/Documents/Gazebo World/my_world/rt_out/experiments/semantic_ablation_rigid_200f/sionna_xml/frame_164_sionna.xml,30.0,0.0,0.0,2.4,-1.4605,-0.8406,1.6421,28000000000.0,21,6.163341392806387e-09,6.431429255826515e-08,5.8150951165458764e-08,2.240194589830935e-07,-66.49714255942916,-36.497142559429165,cir_coefficients_tau_mask,,"[1, 1, 1, 1, 21, 1]","[1, 1, 21]","[1, 1, 21]","[1, 1, 21]",,True,,21,5.8150951165458764e-08,-36.497142559429165,0,0.0,0.0,0,0,0,0,0,0,0,0
165,42403,rx_human_chest,/home/telilab4090/Documents/Gazebo World/my_world/rt_out/experiments/semantic_ablation_rigid_200f/sionna_xml/frame_165_sionna.xml,30.0,0.0,0.0,2.4,-1.4605,-0.8406,1.6421,28000000000.0,21,6.163341392806387e-09,6.431429255826515e-08,5.8150951165458764e-08,2.2401944477223878e-07,-66.49714283492739,-36.49714283492739,cir_coefficients_tau_mask,,"[1, 1, 1, 1, 21, 1]","[1, 1, 21]","[1, 1, 21]","[1, 1, 21]",,True,,21,5.8150951165458764e-08,-36.497142559429165,0,0.0,-2.754982233454939e-07,0,0,0,0,0,0,0,0
166,42659,rx_human_chest,/home/telilab4090/Documents/Gazebo World/my_world/rt_out/experiments/semantic_ablation_rigid_200f/sionna_xml/frame_166_sionna.xml,30.0,0.0,0.0,2.4,-1.4605,-0.8406,1.6421,28000000000.0,21,6.163341392806387e-09,6.431429255826515e-08,5.8150951165458764e-08,2.2401944477223878e-07,-66.49714283492739,-36.49714283492739,cir_coefficients_tau_mask,,"[1, 1, 1, 1, 21, 1]","[1, 1, 21]","[1, 1, 21]","[1, 1, 21]",,True,,21,5.8150951165458764e-08,-36.49714283492739,0,0.0,0.0,0,0,0,0,0,0,0,0
167,42916,rx_human_chest,/home/telilab4090/Documents/Gazebo World/my_world/rt_out/experiments/semantic_ablation_rigid_200f/sionna_xml/frame_167_sionna.xml,30.0,0.0,0.0,2.4,-1.4605,-0.8406,1.6421,28000000000.0,21,6.163341392806387e-09,6.431429255826515e-08,5.8150951165458764e-08,2.2401944477223878e-07,-66.49714283492739,-36.49714283492739,cir_coefficients_tau_mask,,"[1, 1, 1, 1, 21, 1]","[1, 1, 21]","[1, 1, 21]","[1, 1, 21]",,True,,21,5.8150951165458764e-08,-36.49714283492739,0,0.0,0.0,0,0,0,0,0,0,0,0
168,43173,rx_human_chest,/home/telilab4090/Documents/Gazebo World/my_world/rt_out/experiments/semantic_ablation_rigid_200f/sionna_xml/frame_168_sionna.xml,30.0,0.0,0.0,2.4,-1.4605,-0.8406,1.6421,28000000000.0,21,6.163341392806387e-09,6.431429255826515e-08,5.8150951165458764e-08,2.240194589830935e-07,-66.49714255942916,-36.497142559429165,cir_coefficients_tau_mask,,"[1, 1, 1, 1, 21, 1]","[1, 1, 21]","[1, 1, 21]","[1, 1, 21]",,True,,21,5.8150951165458764e-08,-36.49714283492739,0,0.0,2.754982233454939e-07,0,0,0,0,0,0,0,0
169,43430,rx_human_chest,/home/telilab4090/Documents/Gazebo World/my_world/rt_out/experiments/semantic_ablation_rigid_200f/sionna_xml/frame_169_sionna.xml,30.0,0.0,0.0,2.4,-1.4605,-0.8406,1.6421,28000000000.0,21,6.163341392806387e-09,6.431429255826515e-08,5.8150951165458764e-08,2.2401944477223878e-07,-66.49714283492739,-36.49714283492739,cir_coefficients_tau_mask,,"[1, 1, 1, 1, 21, 1]","[1, 1, 21]","[1, 1, 21]","[1, 1, 21]",,True,,21,5.8150951165458764e-08,-36.497142559429165,0,0.0,-2.754982233454939e-07,0,0,0,0,0,0,0,0
170,43687,rx_human_chest,/home/telilab4090/Documents/Gazebo World/my_world/rt_out/experiments/semantic_ablation_rigid_200f/sionna_xml/frame_170_sionna.xml,30.0,0.0,0.0,2.4,-1.4605,-0.8406,1.6421,28000000000.0,21,6.163341392806387e-09,6.431429255826515e-08,5.8150951165458764e-08,2.240194589830935e-07,-66.49714255942916,-36.497142559429165,cir_coefficients_tau_mask,,"[1, 1, 1, 1, 21, 1]","[1, 1, 21]","[1, 1, 21]","[1, 1, 21]",,True,,21,5.8150951165458764e-08,-36.49714283492739,0,0.0,2.754982233454939e-07,0,0,0,0,0,0,0,0
171,43944,rx_human_chest,/home/telilab4090/Documents/Gazebo World/my_world/rt_out/experiments/semantic_ablation_rigid_200f/sionna_xml/frame_171_sionna.xml,30.0,0.0,0.0,2.4,-1.4605,-0.8406,1.6421,28000000000.0,21,6.163341392806387e-09,6.431429255826515e-08,5.8150951165458764e-08,2.240194589830935e-07,-66.49714255942916,-36.497142559429165,cir_coefficients_tau_mask,,"[1, 1, 1, 1, 21, 1]","[1, 1, 21]","[1, 1, 21]","[1, 1, 21]",,True,,21,5.8150951165458764e-08,-36.497142559429165,0,0.0,0.0,0,0,0,0,0,0,0,0
172,44201,rx_human_chest,/home/telilab4090/Documents/Gazebo World/my_world/rt_out/experiments/semantic_ablation_rigid_200f/sionna_xml/frame_172_sionna.xml,30.0,0.0,0.0,2.4,-1.4605,-0.8406,1.6421,28000000000.0,21,6.163341392806387e-09,6.431429255826515e-08,5.8150951165458764e-08,2.2401944477223878e-07,-66.49714283492739,-36.49714283492739,cir_coefficients_tau_mask,,"[1, 1, 1, 1, 21, 1]","[1, 1, 21]","[1, 1, 21]","[1, 1, 21]",,True,,21,5.8150951165458764e-08,-36.497142559429165,0,0.0,-2.754982233454939e-07,0,0,0,0,0,0,0,0
173,44458,rx_human_chest,/home/telilab4090/Documents/Gazebo World/my_world/rt_out/experiments/semantic_ablation_rigid_200f/sionna_xml/frame_173_sionna.xml,30.0,0.0,0.0,2.4,-1.4605,-0.8406,1.6421,28000000000.0,21,6.163341392806387e-09,6.431429255826515e-08,5.8150951165458764e-08,2.240194589830935e-07,-66.49714255942916,-36.497142559429165,cir_coefficients_tau_mask,,"[1, 1, 1, 1, 21, 1]","[1, 1, 21]","[1, 1, 21]","[1, 1, 21]",,True,,21,5.8150951165458764e-08,-36.49714283492739,0,0.0,2.754982233454939e-07,0,0,0,0,0,0,0,0
174,44715,rx_human_chest,/home/telilab4090/Documents/Gazebo World/my_world/rt_out/experiments/semantic_ablation_rigid_200f/sionna_xml/frame_174_sionna.xml,30.0,0.0,0.0,2.4,-1.4605,-0.8406,1.6421,28000000000.0,21,6.163341392806387e-09,6.431429255826515e-08,5.8150951165458764e-08,2.240194589830935e-07,-66.49714255942916,-36.497142559429165,cir_coefficients_tau_mask,,"[1, 1, 1, 1, 21, 1]","[1, 1, 21]","[1, 1, 21]","[1, 1, 21]",,True,,21,5.8150951165458764e-08,-36.497142559429165,0,0.0,0.0,0,0,0,0,0,0,0,0
175,44972,rx_human_chest,/home/telilab4090/Documents/Gazebo World/my_world/rt_out/experiments/semantic_ablation_rigid_200f/sionna_xml/frame_175_sionna.xml,30.0,0.0,0.0,2.4,-1.4605,-0.8406,1.6421,28000000000.0,21,6.163341392806387e-09,6.431429255826515e-08,5.8150951165458764e-08,2.2401944477223878e-07,-66.49714283492739,-36.49714283492739,cir_coefficients_tau_mask,,"[1, 1, 1, 1, 21, 1]","[1, 1, 21]","[1, 1, 21]","[1, 1, 21]",,True,,21,5.8150951165458764e-08,-36.497142559429165,0,0.0,-2.754982233454939e-07,0,0,0,0,0,0,0,0
176,45229,rx_human_chest,/home/telilab4090/Documents/Gazebo World/my_world/rt_out/experiments/semantic_ablation_rigid_200f/sionna_xml/frame_176_sionna.xml,30.0,0.0,0.0,2.4,-1.4605,-0.8406,1.6421,28000000000.0,21,6.163341392806387e-09,6.431429255826515e-08,5.8150951165458764e-08,2.2401944477223878e-07,-66.49714283492739,-36.49714283492739,cir_coefficients_tau_mask,,"[1, 1, 1, 1, 21, 1]","[1, 1, 21]","[1, 1, 21]","[1, 1, 21]",,True,,21,5.8150951165458764e-08,-36.49714283492739,0,0.0,0.0,0,0,0,0,0,0,0,0
177,45486,rx_human_chest,/home/telilab4090/Documents/Gazebo World/my_world/rt_out/experiments/semantic_ablation_rigid_200f/sionna_xml/frame_177_sionna.xml,30.0,0.0,0.0,2.4,-1.4605,-0.8406,1.6421,28000000000.0,21,6.163341392806387e-09,6.431429255826515e-08,5.8150951165458764e-08,2.240194589830935e-07,-66.49714255942916,-36.497142559429165,cir_coefficients_tau_mask,,"[1, 1, 1, 1, 21, 1]","[1, 1, 21]","[1, 1, 21]","[1, 1, 21]",,True,,21,5.8150951165458764e-08,-36.49714283492739,0,0.0,2.754982233454939e-07,0,0,0,0,0,0,0,0
178,45743,rx_human_chest,/home/telilab4090/Documents/Gazebo World/my_world/rt_out/experiments/semantic_ablation_rigid_200f/sionna_xml/frame_178_sionna.xml,30.0,0.0,0.0,2.4,-1.4605,-0.8406,1.6421,28000000000.0,21,6.163341392806387e-09,6.431429255826515e-08,5.8150951165458764e-08,2.240194589830935e-07,-66.49714255942916,-36.497142559429165,cir_coefficients_tau_mask,,"[1, 1, 1, 1, 21, 1]","[1, 1, 21]","[1, 1, 21]","[1, 1, 21]",,True,,21,5.8150951165458764e-08,-36.497142559429165,0,0.0,0.0,0,0,0,0,0,0,0,0
179,46000,rx_human_chest,/home/telilab4090/Documents/Gazebo World/my_world/rt_out/experiments/semantic_ablation_rigid_200f/sionna_xml/frame_179_sionna.xml,30.0,0.0,0.0,2.4,-1.4605,-0.8406,1.6421,28000000000.0,21,6.163341392806387e-09,6.431429255826515e-08,5.8150951165458764e-08,2.240194589830935e-07,-66.49714255942916,-36.497142559429165,cir_coefficients_tau_mask,,"[1, 1, 1, 1, 21, 1]","[1, 1, 21]","[1, 1, 21]","[1, 1, 21]",,True,,21,5.8150951165458764e-08,-36.497142559429165,0,0.0,0.0,0,0,0,0,0,0,0,0
180,46257,rx_human_chest,/home/telilab4090/Documents/Gazebo World/my_world/rt_out/experiments/semantic_ablation_rigid_200f/sionna_xml/frame_180_sionna.xml,30.0,0.0,0.0,2.4,-1.4605,-0.8406,1.6421,28000000000.0,21,6.163341392806387e-09,6.431429255826515e-08,5.8150951165458764e-08,2.240194589830935e-07,-66.49714255942916,-36.497142559429165,cir_coefficients_tau_mask,,"[1, 1, 1, 1, 21, 1]","[1, 1, 21]","[1, 1, 21]","[1, 1, 21]",,True,,21,5.8150951165458764e-08,-36.497142559429165,0,0.0,0.0,0,0,0,0,0,0,0,0
181,46514,rx_human_chest,/home/telilab4090/Documents/Gazebo World/my_world/rt_out/experiments/semantic_ablation_rigid_200f/sionna_xml/frame_181_sionna.xml,30.0,0.0,0.0,2.4,-1.4605,-0.8406,1.6421,28000000000.0,21,6.163341392806387e-09,6.431429255826515e-08,5.8150951165458764e-08,2.240194589830935e-07,-66.49714255942916,-36.497142559429165,cir_coefficients_tau_mask,,"[1, 1, 1, 1, 21, 1]","[1, 1, 21]","[1, 1, 21]","[1, 1, 21]",,True,,21,5.8150951165458764e-08,-36.497142559429165,0,0.0,0.0,0,0,0,0,0,0,0,0
182,46771,rx_human_chest,/home/telilab4090/Documents/Gazebo World/my_world/rt_out/experiments/semantic_ablation_rigid_200f/sionna_xml/frame_182_sionna.xml,30.0,0.0,0.0,2.4,-1.4605,-0.8406,1.6421,28000000000.0,21,6.163341392806387e-09,6.431429255826515e-08,5.8150951165458764e-08,2.240194589830935e-07,-66.49714255942916,-36.497142559429165,cir_coefficients_tau_mask,,"[1, 1, 1, 1, 21, 1]","[1, 1, 21]","[1, 1, 21]","[1, 1, 21]",,True,,21,5.8150951165458764e-08,-36.497142559429165,0,0.0,0.0,0,0,0,0,0,0,0,0
183,47028,rx_human_chest,/home/telilab4090/Documents/Gazebo World/my_world/rt_out/experiments/semantic_ablation_rigid_200f/sionna_xml/frame_183_sionna.xml,30.0,0.0,0.0,2.4,-1.4605,-0.8406,1.6421,28000000000.0,21,6.163341392806387e-09,6.431429255826515e-08,5.8150951165458764e-08,2.240194589830935e-07,-66.49714255942916,-36.497142559429165,cir_coefficients_tau_mask,,"[1, 1, 1, 1, 21, 1]","[1, 1, 21]","[1, 1, 21]","[1, 1, 21]",,True,,21,5.8150951165458764e-08,-36.497142559429165,0,0.0,0.0,0,0,0,0,0,0,0,0
184,47285,rx_human_chest,/home/telilab4090/Documents/Gazebo World/my_world/rt_out/experiments/semantic_ablation_rigid_200f/sionna_xml/frame_184_sionna.xml,30.0,0.0,0.0,2.4,-1.4605,-0.8406,1.6421,28000000000.0,21,6.163341392806387e-09,6.431429255826515e-08,5.8150951165458764e-08,2.2401944477223878e-07,-66.49714283492739,-36.49714283492739,cir_coefficients_tau_mask,,"[1, 1, 1, 1, 21, 1]","[1, 1, 21]","[1, 1, 21]","[1, 1, 21]",,True,,21,5.8150951165458764e-08,-36.497142559429165,0,0.0,-2.754982233454939e-07,0,0,0,0,0,0,0,0
185,47542,rx_human_chest,/home/telilab4090/Documents/Gazebo World/my_world/rt_out/experiments/semantic_ablation_rigid_200f/sionna_xml/frame_185_sionna.xml,30.0,0.0,0.0,2.4,-1.4605,-0.8406,1.6421,28000000000.0,21,6.163341392806387e-09,6.431429255826515e-08,5.8150951165458764e-08,2.2401947319394822e-07,-66.49714228393097,-36.49714228393097,cir_coefficients_tau_mask,,"[1, 1, 1, 1, 21, 1]","[1, 1, 21]","[1, 1, 21]","[1, 1, 21]",,True,,21,5.8150951165458764e-08,-36.49714283492739,0,0.0,5.509964182692784e-07,0,0,0,0,0,0,0,0
186,47799,rx_human_chest,/home/telilab4090/Documents/Gazebo World/my_world/rt_out/experiments/semantic_ablation_rigid_200f/sionna_xml/frame_186_sionna.xml,30.0,0.0,0.0,2.4,-1.4605,-0.8406,1.6421,28000000000.0,21,6.163341392806387e-09,6.431429255826515e-08,5.8150951165458764e-08,2.240194589830935e-07,-66.49714255942916,-36.497142559429165,cir_coefficients_tau_mask,,"[1, 1, 1, 1, 21, 1]","[1, 1, 21]","[1, 1, 21]","[1, 1, 21]",,True,,21,5.8150951165458764e-08,-36.49714228393097,0,0.0,-2.7549819492378447e-07,0,0,0,0,0,0,0,0
187,48056,rx_human_chest,/home/telilab4090/Documents/Gazebo World/my_world/rt_out/experiments/semantic_ablation_rigid_200f/sionna_xml/frame_187_sionna.xml,30.0,0.0,0.0,2.4,-1.4605,-0.8406,1.6421,28000000000.0,21,6.163341392806387e-09,6.431429255826515e-08,5.8150951165458764e-08,2.240194589830935e-07,-66.49714255942916,-36.497142559429165,cir_coefficients_tau_mask,,"[1, 1, 1, 1, 21, 1]","[1, 1, 21]","[1, 1, 21]","[1, 1, 21]",,True,,21,5.8150951165458764e-08,-36.497142559429165,0,0.0,0.0,0,0,0,0,0,0,0,0
188,48313,rx_human_chest,/home/telilab4090/Documents/Gazebo World/my_world/rt_out/experiments/semantic_ablation_rigid_200f/sionna_xml/frame_188_sionna.xml,30.0,0.0,0.0,2.4,-1.4605,-0.8406,1.6421,28000000000.0,21,6.163341392806387e-09,6.431429255826515e-08,5.8150951165458764e-08,2.240194589830935e-07,-66.49714255942916,-36.497142559429165,cir_coefficients_tau_mask,,"[1, 1, 1, 1, 21, 1]","[1, 1, 21]","[1, 1, 21]","[1, 1, 21]",,True,,21,5.8150951165458764e-08,-36.497142559429165,0,0.0,0.0,0,0,0,0,0,0,0,0
189,48570,rx_human_chest,/home/telilab4090/Documents/Gazebo World/my_world/rt_out/experiments/semantic_ablation_rigid_200f/sionna_xml/frame_189_sionna.xml,30.0,0.0,0.0,2.4,-1.4605,-0.8406,1.6421,28000000000.0,21,6.163341392806387e-09,6.431429255826515e-08,5.8150951165458764e-08,2.240194589830935e-07,-66.49714255942916,-36.497142559429165,cir_coefficients_tau_mask,,"[1, 1, 1, 1, 21, 1]","[1, 1, 21]","[1, 1, 21]","[1, 1, 21]",,True,,21,5.8150951165458764e-08,-36.497142559429165,0,0.0,0.0,0,0,0,0,0,0,0,0
190,48827,rx_human_chest,/home/telilab4090/Documents/Gazebo World/my_world/rt_out/experiments/semantic_ablation_rigid_200f/sionna_xml/frame_190_sionna.xml,30.0,0.0,0.0,2.4,-1.4605,-0.8406,1.6421,28000000000.0,21,6.163341392806387e-09,6.431429255826515e-08,5.8150951165458764e-08,2.2401947319394822e-07,-66.49714228393097,-36.49714228393097,cir_coefficients_tau_mask,,"[1, 1, 1, 1, 21, 1]","[1, 1, 21]","[1, 1, 21]","[1, 1, 21]",,True,,21,5.8150951165458764e-08,-36.497142559429165,0,0.0,2.7549819492378447e-07,0,0,0,0,0,0,0,0
191,49084,rx_human_chest,/home/telilab4090/Documents/Gazebo World/my_world/rt_out/experiments/semantic_ablation_rigid_200f/sionna_xml/frame_191_sionna.xml,30.0,0.0,0.0,2.4,-1.4605,-0.8406,1.6421,28000000000.0,21,6.163341392806387e-09,6.431429255826515e-08,5.8150951165458764e-08,2.2401944477223878e-07,-66.49714283492739,-36.49714283492739,cir_coefficients_tau_mask,,"[1, 1, 1, 1, 21, 1]","[1, 1, 21]","[1, 1, 21]","[1, 1, 21]",,True,,21,5.8150951165458764e-08,-36.49714228393097,0,0.0,-5.509964182692784e-07,0,0,0,0,0,0,0,0
192,49341,rx_human_chest,/home/telilab4090/Documents/Gazebo World/my_world/rt_out/experiments/semantic_ablation_rigid_200f/sionna_xml/frame_192_sionna.xml,30.0,0.0,0.0,2.4,-1.4605,-0.8406,1.6421,28000000000.0,21,6.163341392806387e-09,6.431429255826515e-08,5.8150951165458764e-08,2.2401947319394822e-07,-66.49714228393097,-36.49714228393097,cir_coefficients_tau_mask,,"[1, 1, 1, 1, 21, 1]","[1, 1, 21]","[1, 1, 21]","[1, 1, 21]",,True,,21,5.8150951165458764e-08,-36.49714283492739,0,0.0,5.509964182692784e-07,0,0,0,0,0,0,0,0
193,49598,rx_human_chest,/home/telilab4090/Documents/Gazebo World/my_world/rt_out/experiments/semantic_ablation_rigid_200f/sionna_xml/frame_193_sionna.xml,30.0,0.0,0.0,2.4,-1.4605,-0.8406,1.6421,28000000000.0,21,6.163341392806387e-09,6.431429255826515e-08,5.8150951165458764e-08,2.2401947319394822e-07,-66.49714228393097,-36.49714228393097,cir_coefficients_tau_mask,,"[1, 1, 1, 1, 21, 1]","[1, 1, 21]","[1, 1, 21]","[1, 1, 21]",,True,,21,5.8150951165458764e-08,-36.49714228393097,0,0.0,0.0,0,0,0,0,0,0,0,0
194,49855,rx_human_chest,/home/telilab4090/Documents/Gazebo World/my_world/rt_out/experiments/semantic_ablation_rigid_200f/sionna_xml/frame_194_sionna.xml,30.0,0.0,0.0,2.4,-1.4605,-0.8406,1.6421,28000000000.0,21,6.163341392806387e-09,6.431429255826515e-08,5.8150951165458764e-08,2.240194589830935e-07,-66.49714255942916,-36.497142559429165,cir_coefficients_tau_mask,,"[1, 1, 1, 1, 21, 1]","[1, 1, 21]","[1, 1, 21]","[1, 1, 21]",,True,,21,5.8150951165458764e-08,-36.49714228393097,0,0.0,-2.7549819492378447e-07,0,0,0,0,0,0,0,0
195,50112,rx_human_chest,/home/telilab4090/Documents/Gazebo World/my_world/rt_out/experiments/semantic_ablation_rigid_200f/sionna_xml/frame_195_sionna.xml,30.0,0.0,0.0,2.4,-1.4605,-0.8406,1.6421,28000000000.0,21,6.163341392806387e-09,6.431429255826515e-08,5.8150951165458764e-08,2.240194589830935e-07,-66.49714255942916,-36.497142559429165,cir_coefficients_tau_mask,,"[1, 1, 1, 1, 21, 1]","[1, 1, 21]","[1, 1, 21]","[1, 1, 21]",,True,,21,5.8150951165458764e-08,-36.497142559429165,0,0.0,0.0,0,0,0,0,0,0,0,0
196,50369,rx_human_chest,/home/telilab4090/Documents/Gazebo World/my_world/rt_out/experiments/semantic_ablation_rigid_200f/sionna_xml/frame_196_sionna.xml,30.0,0.0,0.0,2.4,-1.4605,-0.8406,1.6421,28000000000.0,21,6.163341392806387e-09,6.431429255826515e-08,5.8150951165458764e-08,2.2401947319394822e-07,-66.49714228393097,-36.49714228393097,cir_coefficients_tau_mask,,"[1, 1, 1, 1, 21, 1]","[1, 1, 21]","[1, 1, 21]","[1, 1, 21]",,True,,21,5.8150951165458764e-08,-36.497142559429165,0,0.0,2.7549819492378447e-07,0,0,0,0,0,0,0,0
197,50626,rx_human_chest,/home/telilab4090/Documents/Gazebo World/my_world/rt_out/experiments/semantic_ablation_rigid_200f/sionna_xml/frame_197_sionna.xml,30.0,0.0,0.0,2.4,-1.4605,-0.8406,1.6421,28000000000.0,20,6.163341392806387e-09,6.431429255826515e-08,5.8150951165458764e-08,2.2396395138457592e-07,-66.49821878874059,-36.49821878874059,cir_coefficients_tau_mask,,"[1, 1, 1, 1, 20, 1]","[1, 1, 20]","[1, 1, 20]","[1, 1, 20]",,True,,21,5.8150951165458764e-08,-36.49714228393097,-1,0.0,-0.0010765048096175178,1,1,0,0,0,0,0,0
198,50883,rx_human_chest,/home/telilab4090/Documents/Gazebo World/my_world/rt_out/experiments/semantic_ablation_rigid_200f/sionna_xml/frame_198_sionna.xml,30.0,0.0,0.0,2.4,-1.4605,-0.8406,1.6421,28000000000.0,21,6.163341392806387e-09,6.431429255826515e-08,5.8150951165458764e-08,2.2401944477223878e-07,-66.49714283492739,-36.49714283492739,cir_coefficients_tau_mask,,"[1, 1, 1, 1, 21, 1]","[1, 1, 21]","[1, 1, 21]","[1, 1, 21]",,True,,20,5.8150951165458764e-08,-36.49821878874059,1,0.0,0.0010759538131992485,1,0,0,0,0,0,0,0
199,51140,rx_human_chest,/home/telilab4090/Documents/Gazebo World/my_world/rt_out/experiments/semantic_ablation_rigid_200f/sionna_xml/frame_199_sionna.xml,30.0,0.0,0.0,2.4,-1.4605,-0.8406,1.6421,28000000000.0,21,6.163341392806387e-09,6.431429255826515e-08,5.8150951165458764e-08,2.2401944477223878e-07,-66.49714283492739,-36.49714283492739,cir_coefficients_tau_mask,,"[1, 1, 1, 1, 21, 1]","[1, 1, 21]","[1, 1, 21]","[1, 1, 21]",,True,,21,5.8150951165458764e-08,-36.49714283492739,0,0.0,0.0,0,0,0,0,0,0,0,0
1,257,rx_nao_chest,/home/telilab4090/Documents/Gazebo World/my_world/rt_out/experiments/semantic_ablation_rigid_200f/sionna_xml/frame_001_sionna.xml,30.0,0.0,0.0,2.4,-0.1337,2.748,0.7,28000000000.0,24,1.0787783999433032e-08,6.209720737615498e-08,5.130942337672195e-08,7.24924902328894e-08,-71.3970698128202,-41.397069812820206,cir_coefficients_tau_mask,,"[1, 1, 1, 1, 24, 1]","[1, 1, 24]","[1, 1, 24]","[1, 1, 24]",,True,,24,5.130942337672195e-08,-41.397070238498515,0,0.0,4.2567830860207323e-07,0,0,0,0,0,0,0,0
2,514,rx_nao_chest,/home/telilab4090/Documents/Gazebo World/my_world/rt_out/experiments/semantic_ablation_rigid_200f/sionna_xml/frame_002_sionna.xml,30.0,0.0,0.0,2.4,-0.1337,2.748,0.7,28000000000.0,24,1.0787783999433032e-08,6.209720737615498e-08,5.130942337672195e-08,7.249248312746204e-08,-71.39707023849851,-41.397070238498515,cir_coefficients_tau_mask,,"[1, 1, 1, 1, 24, 1]","[1, 1, 24]","[1, 1, 24]","[1, 1, 24]",,True,,24,5.130942337672195e-08,-41.397069812820206,0,0.0,-4.2567830860207323e-07,0,0,0,0,0,0,0,0
3,771,rx_nao_chest,/home/telilab4090/Documents/Gazebo World/my_world/rt_out/experiments/semantic_ablation_rigid_200f/sionna_xml/frame_003_sionna.xml,30.0,0.0,0.0,2.4,-0.1337,2.748,0.7,28000000000.0,24,1.0787783999433032e-08,6.209720737615498e-08,5.130942337672195e-08,7.249248312746204e-08,-71.39707023849851,-41.397070238498515,cir_coefficients_tau_mask,,"[1, 1, 1, 1, 24, 1]","[1, 1, 24]","[1, 1, 24]","[1, 1, 24]",,True,,24,5.130942337672195e-08,-41.397070238498515,0,0.0,0.0,0,0,0,0,0,0,0,0
4,1028,rx_nao_chest,/home/telilab4090/Documents/Gazebo World/my_world/rt_out/experiments/semantic_ablation_rigid_200f/sionna_xml/frame_004_sionna.xml,30.0,0.0,0.0,2.4,-0.1337,2.748,0.7,28000000000.0,24,1.0787783999433032e-08,6.209720737615498e-08,5.130942337672195e-08,7.24924902328894e-08,-71.3970698128202,-41.397069812820206,cir_coefficients_tau_mask,,"[1, 1, 1, 1, 24, 1]","[1, 1, 24]","[1, 1, 24]","[1, 1, 24]",,True,,24,5.130942337672195e-08,-41.397070238498515,0,0.0,4.2567830860207323e-07,0,0,0,0,0,0,0,0
5,1285,rx_nao_chest,/home/telilab4090/Documents/Gazebo World/my_world/rt_out/experiments/semantic_ablation_rigid_200f/sionna_xml/frame_005_sionna.xml,30.0,0.0,0.0,2.4,-0.1337,2.748,0.7,28000000000.0,24,1.0787783999433032e-08,6.209720737615498e-08,5.130942337672195e-08,7.24924902328894e-08,-71.3970698128202,-41.397069812820206,cir_coefficients_tau_mask,,"[1, 1, 1, 1, 24, 1]","[1, 1, 24]","[1, 1, 24]","[1, 1, 24]",,True,,24,5.130942337672195e-08,-41.397069812820206,0,0.0,0.0,0,0,0,0,0,0,0,0
6,1542,rx_nao_chest,/home/telilab4090/Documents/Gazebo World/my_world/rt_out/experiments/semantic_ablation_rigid_200f/sionna_xml/frame_006_sionna.xml,30.0,0.0,0.0,2.4,-0.1337,2.748,0.7,28000000000.0,24,1.0787783999433032e-08,6.209720737615498e-08,5.130942337672195e-08,7.249248312746204e-08,-71.39707023849851,-41.397070238498515,cir_coefficients_tau_mask,,"[1, 1, 1, 1, 24, 1]","[1, 1, 24]","[1, 1, 24]","[1, 1, 24]",,True,,24,5.130942337672195e-08,-41.397069812820206,0,0.0,-4.2567830860207323e-07,0,0,0,0,0,0,0,0
7,1799,rx_nao_chest,/home/telilab4090/Documents/Gazebo World/my_world/rt_out/experiments/semantic_ablation_rigid_200f/sionna_xml/frame_007_sionna.xml,30.0,0.0,0.0,2.4,-0.1337,2.748,0.7,28000000000.0,24,1.0787783999433032e-08,6.209720737615498e-08,5.130942337672195e-08,7.24924902328894e-08,-71.3970698128202,-41.397069812820206,cir_coefficients_tau_mask,,"[1, 1, 1, 1, 24, 1]","[1, 1, 24]","[1, 1, 24]","[1, 1, 24]",,True,,24,5.130942337672195e-08,-41.397070238498515,0,0.0,4.2567830860207323e-07,0,0,0,0,0,0,0,0
8,2056,rx_nao_chest,/home/telilab4090/Documents/Gazebo World/my_world/rt_out/experiments/semantic_ablation_rigid_200f/sionna_xml/frame_008_sionna.xml,30.0,0.0,0.0,2.4,-0.1337,2.748,0.7,28000000000.0,24,1.0787783999433032e-08,6.209720737615498e-08,5.130942337672195e-08,7.249248312746204e-08,-71.39707023849851,-41.397070238498515,cir_coefficients_tau_mask,,"[1, 1, 1, 1, 24, 1]","[1, 1, 24]","[1, 1, 24]","[1, 1, 24]",,True,,24,5.130942337672195e-08,-41.397069812820206,0,0.0,-4.2567830860207323e-07,0,0,0,0,0,0,0,0
9,2313,rx_nao_chest,/home/telilab4090/Documents/Gazebo World/my_world/rt_out/experiments/semantic_ablation_rigid_200f/sionna_xml/frame_009_sionna.xml,30.0,0.0,0.0,2.4,-0.1337,2.748,0.7,28000000000.0,24,1.0787783999433032e-08,6.209720737615498e-08,5.130942337672195e-08,7.249248312746204e-08,-71.39707023849851,-41.397070238498515,cir_coefficients_tau_mask,,"[1, 1, 1, 1, 24, 1]","[1, 1, 24]","[1, 1, 24]","[1, 1, 24]",,True,,24,5.130942337672195e-08,-41.397070238498515,0,0.0,0.0,0,0,0,0,0,0,0,0
10,2570,rx_nao_chest,/home/telilab4090/Documents/Gazebo World/my_world/rt_out/experiments/semantic_ablation_rigid_200f/sionna_xml/frame_010_sionna.xml,30.0,0.0,0.0,2.4,-0.1337,2.748,0.7,28000000000.0,24,1.0787783999433032e-08,6.209720737615498e-08,5.130942337672195e-08,7.249248312746204e-08,-71.39707023849851,-41.397070238498515,cir_coefficients_tau_mask,,"[1, 1, 1, 1, 24, 1]","[1, 1, 24]","[1, 1, 24]","[1, 1, 24]",,True,,24,5.130942337672195e-08,-41.397070238498515,0,0.0,0.0,0,0,0,0,0,0,0,0
11,2827,rx_nao_chest,/home/telilab4090/Documents/Gazebo World/my_world/rt_out/experiments/semantic_ablation_rigid_200f/sionna_xml/frame_011_sionna.xml,30.0,0.0,0.0,2.4,-0.1337,2.748,0.7,28000000000.0,23,1.0787783999433032e-08,6.209720737615498e-08,5.130942337672195e-08,7.244390332061812e-08,-71.39998157682443,-41.39998157682443,cir_coefficients_tau_mask,,"[1, 1, 1, 1, 23, 1]","[1, 1, 23]","[1, 1, 23]","[1, 1, 23]",,True,,24,5.130942337672195e-08,-41.397070238498515,-1,0.0,-0.0029113383259158354,1,1,0,0,0,0,0,0
12,3084,rx_nao_chest,/home/telilab4090/Documents/Gazebo World/my_world/rt_out/experiments/semantic_ablation_rigid_200f/sionna_xml/frame_012_sionna.xml,30.0,0.0,0.0,2.4,-0.1337,2.748,0.7,28000000000.0,19,1.0787783999433032e-08,6.209720737615498e-08,5.130942337672195e-08,7.188535988689182e-08,-71.43359548667718,-41.43359548667718,cir_coefficients_tau_mask,,"[1, 1, 1, 1, 19, 1]","[1, 1, 19]","[1, 1, 19]","[1, 1, 19]",,True,,23,5.130942337672195e-08,-41.39998157682443,-4,0.0,-0.033613909852746815,1,1,0,0,0,0,0,0
13,3341,rx_nao_chest,/home/telilab4090/Documents/Gazebo World/my_world/rt_out/experiments/semantic_ablation_rigid_200f/sionna_xml/frame_013_sionna.xml,30.0,0.0,0.0,2.4,-0.1337,2.748,0.7,28000000000.0,19,1.0787783999433032e-08,6.209720737615498e-08,5.130942337672195e-08,7.188535988689182e-08,-71.43359548667718,-41.43359548667718,cir_coefficients_tau_mask,,"[1, 1, 1, 1, 19, 1]","[1, 1, 19]","[1, 1, 19]","[1, 1, 19]",,True,,19,5.130942337672195e-08,-41.43359548667718,0,0.0,0.0,0,0,0,0,0,0,0,0
14,3598,rx_nao_chest,/home/telilab4090/Documents/Gazebo World/my_world/rt_out/experiments/semantic_ablation_rigid_200f/sionna_xml/frame_014_sionna.xml,30.0,0.0,0.0,2.4,-0.1337,2.748,0.7,28000000000.0,23,1.0787783999433032e-08,6.209720737615498e-08,5.130942337672195e-08,7.236335619609235e-08,-71.40481298865271,-41.40481298865271,cir_coefficients_tau_mask,,"[1, 1, 1, 1, 23, 1]","[1, 1, 23]","[1, 1, 23]","[1, 1, 23]",,True,,19,5.130942337672195e-08,-41.43359548667718,4,0.0,0.028782498024469305,1,0,0,0,0,0,0,0
15,3855,rx_nao_chest,/home/telilab4090/Documents/Gazebo World/my_world/rt_out/experiments/semantic_ablation_rigid_200f/sionna_xml/frame_015_sionna.xml,30.0,0.0,0.0,2.4,-0.1337,2.748,0.7,28000000000.0,24,1.0787783999433032e-08,6.209720737615498e-08,5.130942337672195e-08,7.24924902328894e-08,-71.3970698128202,-41.397069812820206,cir_coefficients_tau_mask,,"[1, 1, 1, 1, 24, 1]","[1, 1, 24]","[1, 1, 24]","[1, 1, 24]",,True,,23,5.130942337672195e-08,-41.40481298865271,1,0.0,0.007743175832501947,1,0,0,0,0,0,0,0
16,4112,rx_nao_chest,/home/telilab4090/Documents/Gazebo World/my_world/rt_out/experiments/semantic_ablation_rigid_200f/sionna_xml/frame_016_sionna.xml,30.0,0.0,0.0,2.4,-0.1337,2.748,0.7,28000000000.0,23,1.0787783999433032e-08,6.209720737615498e-08,5.130942337672195e-08,7.236335619609235e-08,-71.40481298865271,-41.40481298865271,cir_coefficients_tau_mask,,"[1, 1, 1, 1, 23, 1]","[1, 1, 23]","[1, 1, 23]","[1, 1, 23]",,True,,24,5.130942337672195e-08,-41.397069812820206,-1,0.0,-0.007743175832501947,1,1,0,0,0,0,0,0
17,4369,rx_nao_chest,/home/telilab4090/Documents/Gazebo World/my_world/rt_out/experiments/semantic_ablation_rigid_200f/sionna_xml/frame_017_sionna.xml,30.0,0.0,0.0,2.4,-0.1337,2.748,0.7,28000000000.0,23,1.0787783999433032e-08,6.209720737615498e-08,5.130942337672195e-08,7.236335619609235e-08,-71.40481298865271,-41.40481298865271,cir_coefficients_tau_mask,,"[1, 1, 1, 1, 23, 1]","[1, 1, 23]","[1, 1, 23]","[1, 1, 23]",,True,,23,5.130942337672195e-08,-41.40481298865271,0,0.0,0.0,0,0,0,0,0,0,0,0
18,4626,rx_nao_chest,/home/telilab4090/Documents/Gazebo World/my_world/rt_out/experiments/semantic_ablation_rigid_200f/sionna_xml/frame_018_sionna.xml,30.0,0.0,0.0,2.4,-0.1337,2.748,0.7,28000000000.0,23,1.0787783999433032e-08,6.209720737615498e-08,5.130942337672195e-08,7.236336330151971e-08,-71.40481256221481,-41.404812562214815,cir_coefficients_tau_mask,,"[1, 1, 1, 1, 23, 1]","[1, 1, 23]","[1, 1, 23]","[1, 1, 23]",,True,,23,5.130942337672195e-08,-41.40481298865271,0,0.0,4.264378929974555e-07,0,0,0,0,0,0,0,0
19,4883,rx_nao_chest,/home/telilab4090/Documents/Gazebo World/my_world/rt_out/experiments/semantic_ablation_rigid_200f/sionna_xml/frame_019_sionna.xml,30.0,0.0,0.0,2.4,-0.1337,2.748,0.7,28000000000.0,24,1.0787783999433032e-08,6.209720737615498e-08,5.130942337672195e-08,7.24924902328894e-08,-71.3970698128202,-41.397069812820206,cir_coefficients_tau_mask,,"[1, 1, 1, 1, 24, 1]","[1, 1, 24]","[1, 1, 24]","[1, 1, 24]",,True,,23,5.130942337672195e-08,-41.404812562214815,1,0.0,0.00774274939460895,1,0,0,0,0,0,0,0
20,5140,rx_nao_chest,/home/telilab4090/Documents/Gazebo World/my_world/rt_out/experiments/semantic_ablation_rigid_200f/sionna_xml/frame_020_sionna.xml,30.0,0.0,0.0,2.4,-0.1337,2.748,0.7,28000000000.0,22,1.0787783999433032e-08,6.209720737615498e-08,5.130942337672195e-08,7.231477638924844e-08,-71.40772952378627,-41.40772952378627,cir_coefficients_tau_mask,,"[1, 1, 1, 1, 22, 1]","[1, 1, 22]","[1, 1, 22]","[1, 1, 22]",,True,,24,5.130942337672195e-08,-41.397069812820206,-2,0.0,-0.010659710966066882,1,1,0,0,0,0,0,0
21,5397,rx_nao_chest,/home/telilab4090/Documents/Gazebo World/my_world/rt_out/experiments/semantic_ablation_rigid_200f/sionna_xml/frame_021_sionna.xml,30.0,0.0,0.0,2.4,-0.1337,2.748,0.7,28000000000.0,24,1.0787783999433032e-08,6.209720737615498e-08,5.130942337672195e-08,7.24924902328894e-08,-71.3970698128202,-41.397069812820206,cir_coefficients_tau_mask,,"[1, 1, 1, 1, 24, 1]","[1, 1, 24]","[1, 1, 24]","[1, 1, 24]",,True,,22,5.130942337672195e-08,-41.40772952378627,2,0.0,0.010659710966066882,1,0,0,0,0,0,0,0
22,5654,rx_nao_chest,/home/telilab4090/Documents/Gazebo World/my_world/rt_out/experiments/semantic_ablation_rigid_200f/sionna_xml/frame_022_sionna.xml,30.0,0.0,0.0,2.4,-0.1337,2.748,0.7,28000000000.0,24,1.0787783999433032e-08,6.209720737615498e-08,5.130942337672195e-08,7.249248312746204e-08,-71.39707023849851,-41.397070238498515,cir_coefficients_tau_mask,,"[1, 1, 1, 1, 24, 1]","[1, 1, 24]","[1, 1, 24]","[1, 1, 24]",,True,,24,5.130942337672195e-08,-41.397069812820206,0,0.0,-4.2567830860207323e-07,0,0,0,0,0,0,0,0
23,5911,rx_nao_chest,/home/telilab4090/Documents/Gazebo World/my_world/rt_out/experiments/semantic_ablation_rigid_200f/sionna_xml/frame_023_sionna.xml,30.0,0.0,0.0,2.4,-0.1337,2.748,0.7,28000000000.0,24,1.0787783999433032e-08,6.209720737615498e-08,5.130942337672195e-08,7.249248312746204e-08,-71.39707023849851,-41.397070238498515,cir_coefficients_tau_mask,,"[1, 1, 1, 1, 24, 1]","[1, 1, 24]","[1, 1, 24]","[1, 1, 24]",,True,,24,5.130942337672195e-08,-41.397070238498515,0,0.0,0.0,0,0,0,0,0,0,0,0
24,6168,rx_nao_chest,/home/telilab4090/Documents/Gazebo World/my_world/rt_out/experiments/semantic_ablation_rigid_200f/sionna_xml/frame_024_sionna.xml,30.0,0.0,0.0,2.4,-0.1337,2.748,0.7,28000000000.0,24,1.0787783999433032e-08,6.209720737615498e-08,5.130942337672195e-08,7.24924902328894e-08,-71.3970698128202,-41.397069812820206,cir_coefficients_tau_mask,,"[1, 1, 1, 1, 24, 1]","[1, 1, 24]","[1, 1, 24]","[1, 1, 24]",,True,,24,5.130942337672195e-08,-41.397070238498515,0,0.0,4.2567830860207323e-07,0,0,0,0,0,0,0,0
25,6425,rx_nao_chest,/home/telilab4090/Documents/Gazebo World/my_world/rt_out/experiments/semantic_ablation_rigid_200f/sionna_xml/frame_025_sionna.xml,30.0,0.0,0.0,2.4,-0.1337,2.748,0.7,28000000000.0,24,1.0787783999433032e-08,6.209720737615498e-08,5.130942337672195e-08,7.24924902328894e-08,-71.3970698128202,-41.397069812820206,cir_coefficients_tau_mask,,"[1, 1, 1, 1, 24, 1]","[1, 1, 24]","[1, 1, 24]","[1, 1, 24]",,True,,24,5.130942337672195e-08,-41.397069812820206,0,0.0,0.0,0,0,0,0,0,0,0,0
26,6682,rx_nao_chest,/home/telilab4090/Documents/Gazebo World/my_world/rt_out/experiments/semantic_ablation_rigid_200f/sionna_xml/frame_026_sionna.xml,30.0,0.0,0.0,2.4,-0.1337,2.748,0.7,28000000000.0,24,1.0787783999433032e-08,6.209720737615498e-08,5.130942337672195e-08,7.24924902328894e-08,-71.3970698128202,-41.397069812820206,cir_coefficients_tau_mask,,"[1, 1, 1, 1, 24, 1]","[1, 1, 24]","[1, 1, 24]","[1, 1, 24]",,True,,24,5.130942337672195e-08,-41.397069812820206,0,0.0,0.0,0,0,0,0,0,0,0,0
27,6939,rx_nao_chest,/home/telilab4090/Documents/Gazebo World/my_world/rt_out/experiments/semantic_ablation_rigid_200f/sionna_xml/frame_027_sionna.xml,30.0,0.0,0.0,2.4,-0.1337,2.748,0.7,28000000000.0,24,1.0787783999433032e-08,6.209720737615498e-08,5.130942337672195e-08,7.24924902328894e-08,-71.3970698128202,-41.397069812820206,cir_coefficients_tau_mask,,"[1, 1, 1, 1, 24, 1]","[1, 1, 24]","[1, 1, 24]","[1, 1, 24]",,True,,24,5.130942337672195e-08,-41.397069812820206,0,0.0,0.0,0,0,0,0,0,0,0,0
28,7196,rx_nao_chest,/home/telilab4090/Documents/Gazebo World/my_world/rt_out/experiments/semantic_ablation_rigid_200f/sionna_xml/frame_028_sionna.xml,30.0,0.0,0.0,2.4,-0.1337,2.748,0.7,28000000000.0,24,1.0787783999433032e-08,6.209720737615498e-08,5.130942337672195e-08,7.249248312746204e-08,-71.39707023849851,-41.397070238498515,cir_coefficients_tau_mask,,"[1, 1, 1, 1, 24, 1]","[1, 1, 24]","[1, 1, 24]","[1, 1, 24]",,True,,24,5.130942337672195e-08,-41.397069812820206,0,0.0,-4.2567830860207323e-07,0,0,0,0,0,0,0,0
29,7453,rx_nao_chest,/home/telilab4090/Documents/Gazebo World/my_world/rt_out/experiments/semantic_ablation_rigid_200f/sionna_xml/frame_029_sionna.xml,30.0,0.0,0.0,2.4,-0.1337,2.748,0.7,28000000000.0,24,1.0787783999433032e-08,6.209720737615498e-08,5.130942337672195e-08,7.24924902328894e-08,-71.3970698128202,-41.397069812820206,cir_coefficients_tau_mask,,"[1, 1, 1, 1, 24, 1]","[1, 1, 24]","[1, 1, 24]","[1, 1, 24]",,True,,24,5.130942337672195e-08,-41.397070238498515,0,0.0,4.2567830860207323e-07,0,0,0,0,0,0,0,0
30,7710,rx_nao_chest,/home/telilab4090/Documents/Gazebo World/my_world/rt_out/experiments/semantic_ablation_rigid_200f/sionna_xml/frame_030_sionna.xml,30.0,0.0,0.0,2.4,-0.1337,2.748,0.7,28000000000.0,24,1.0787783999433032e-08,6.209720737615498e-08,5.130942337672195e-08,7.249248312746204e-08,-71.39707023849851,-41.397070238498515,cir_coefficients_tau_mask,,"[1, 1, 1, 1, 24, 1]","[1, 1, 24]","[1, 1, 24]","[1, 1, 24]",,True,,24,5.130942337672195e-08,-41.397069812820206,0,0.0,-4.2567830860207323e-07,0,0,0,0,0,0,0,0
31,7967,rx_nao_chest,/home/telilab4090/Documents/Gazebo World/my_world/rt_out/experiments/semantic_ablation_rigid_200f/sionna_xml/frame_031_sionna.xml,30.0,0.0,0.0,2.4,-0.1337,2.748,0.7,28000000000.0,24,1.0787783999433032e-08,6.209720737615498e-08,5.130942337672195e-08,7.249248312746204e-08,-71.39707023849851,-41.397070238498515,cir_coefficients_tau_mask,,"[1, 1, 1, 1, 24, 1]","[1, 1, 24]","[1, 1, 24]","[1, 1, 24]",,True,,24,5.130942337672195e-08,-41.397070238498515,0,0.0,0.0,0,0,0,0,0,0,0,0
32,8224,rx_nao_chest,/home/telilab4090/Documents/Gazebo World/my_world/rt_out/experiments/semantic_ablation_rigid_200f/sionna_xml/frame_032_sionna.xml,30.0,0.0,0.0,2.4,-0.1337,2.748,0.7,28000000000.0,24,1.0787783999433032e-08,6.209720737615498e-08,5.130942337672195e-08,7.249248312746204e-08,-71.39707023849851,-41.397070238498515,cir_coefficients_tau_mask,,"[1, 1, 1, 1, 24, 1]","[1, 1, 24]","[1, 1, 24]","[1, 1, 24]",,True,,24,5.130942337672195e-08,-41.397070238498515,0,0.0,0.0,0,0,0,0,0,0,0,0
33,8481,rx_nao_chest,/home/telilab4090/Documents/Gazebo World/my_world/rt_out/experiments/semantic_ablation_rigid_200f/sionna_xml/frame_033_sionna.xml,30.0,0.0,0.0,2.4,-0.1337,2.748,0.7,28000000000.0,24,1.0787783999433032e-08,6.209720737615498e-08,5.130942337672195e-08,7.24924902328894e-08,-71.3970698128202,-41.397069812820206,cir_coefficients_tau_mask,,"[1, 1, 1, 1, 24, 1]","[1, 1, 24]","[1, 1, 24]","[1, 1, 24]",,True,,24,5.130942337672195e-08,-41.397070238498515,0,0.0,4.2567830860207323e-07,0,0,0,0,0,0,0,0
34,8737,rx_nao_chest,/home/telilab4090/Documents/Gazebo World/my_world/rt_out/experiments/semantic_ablation_rigid_200f/sionna_xml/frame_034_sionna.xml,30.0,0.0,0.0,2.4,-0.1337,2.748,0.7,28000000000.0,24,1.0787783999433032e-08,6.209720737615498e-08,5.130942337672195e-08,7.249248312746204e-08,-71.39707023849851,-41.397070238498515,cir_coefficients_tau_mask,,"[1, 1, 1, 1, 24, 1]","[1, 1, 24]","[1, 1, 24]","[1, 1, 24]",,True,,24,5.130942337672195e-08,-41.397069812820206,0,0.0,-4.2567830860207323e-07,0,0,0,0,0,0,0,0
35,8994,rx_nao_chest,/home/telilab4090/Documents/Gazebo World/my_world/rt_out/experiments/semantic_ablation_rigid_200f/sionna_xml/frame_035_sionna.xml,30.0,0.0,0.0,2.4,-0.1337,2.748,0.7,28000000000.0,24,1.0787783999433032e-08,6.209720737615498e-08,5.130942337672195e-08,7.249248312746204e-08,-71.39707023849851,-41.397070238498515,cir_coefficients_tau_mask,,"[1, 1, 1, 1, 24, 1]","[1, 1, 24]","[1, 1, 24]","[1, 1, 24]",,True,,24,5.130942337672195e-08,-41.397070238498515,0,0.0,0.0,0,0,0,0,0,0,0,0
36,9251,rx_nao_chest,/home/telilab4090/Documents/Gazebo World/my_world/rt_out/experiments/semantic_ablation_rigid_200f/sionna_xml/frame_036_sionna.xml,30.0,0.0,0.0,2.4,-0.1337,2.748,0.7,28000000000.0,24,1.0787783999433032e-08,6.209720737615498e-08,5.130942337672195e-08,7.24924902328894e-08,-71.3970698128202,-41.397069812820206,cir_coefficients_tau_mask,,"[1, 1, 1, 1, 24, 1]","[1, 1, 24]","[1, 1, 24]","[1, 1, 24]",,True,,24,5.130942337672195e-08,-41.397070238498515,0,0.0,4.2567830860207323e-07,0,0,0,0,0,0,0,0
37,9508,rx_nao_chest,/home/telilab4090/Documents/Gazebo World/my_world/rt_out/experiments/semantic_ablation_rigid_200f/sionna_xml/frame_037_sionna.xml,30.0,0.0,0.0,2.4,-0.1337,2.748,0.7,28000000000.0,24,1.0787783999433032e-08,6.209720737615498e-08,5.130942337672195e-08,7.249248312746204e-08,-71.39707023849851,-41.397070238498515,cir_coefficients_tau_mask,,"[1, 1, 1, 1, 24, 1]","[1, 1, 24]","[1, 1, 24]","[1, 1, 24]",,True,,24,5.130942337672195e-08,-41.397069812820206,0,0.0,-4.2567830860207323e-07,0,0,0,0,0,0,0,0
38,9765,rx_nao_chest,/home/telilab4090/Documents/Gazebo World/my_world/rt_out/experiments/semantic_ablation_rigid_200f/sionna_xml/frame_038_sionna.xml,30.0,0.0,0.0,2.4,-0.1337,2.748,0.7,28000000000.0,24,1.0787783999433032e-08,6.209720737615498e-08,5.130942337672195e-08,7.249248312746204e-08,-71.39707023849851,-41.397070238498515,cir_coefficients_tau_mask,,"[1, 1, 1, 1, 24, 1]","[1, 1, 24]","[1, 1, 24]","[1, 1, 24]",,True,,24,5.130942337672195e-08,-41.397070238498515,0,0.0,0.0,0,0,0,0,0,0,0,0
39,10022,rx_nao_chest,/home/telilab4090/Documents/Gazebo World/my_world/rt_out/experiments/semantic_ablation_rigid_200f/sionna_xml/frame_039_sionna.xml,30.0,0.0,0.0,2.4,-0.1337,2.748,0.7,28000000000.0,24,1.0787783999433032e-08,6.209720737615498e-08,5.130942337672195e-08,7.249248312746204e-08,-71.39707023849851,-41.397070238498515,cir_coefficients_tau_mask,,"[1, 1, 1, 1, 24, 1]","[1, 1, 24]","[1, 1, 24]","[1, 1, 24]",,True,,24,5.130942337672195e-08,-41.397070238498515,0,0.0,0.0,0,0,0,0,0,0,0,0
40,10279,rx_nao_chest,/home/telilab4090/Documents/Gazebo World/my_world/rt_out/experiments/semantic_ablation_rigid_200f/sionna_xml/frame_040_sionna.xml,30.0,0.0,0.0,2.4,-0.1337,2.748,0.7,28000000000.0,24,1.0787783999433032e-08,6.209720737615498e-08,5.130942337672195e-08,7.24924902328894e-08,-71.3970698128202,-41.397069812820206,cir_coefficients_tau_mask,,"[1, 1, 1, 1, 24, 1]","[1, 1, 24]","[1, 1, 24]","[1, 1, 24]",,True,,24,5.130942337672195e-08,-41.397070238498515,0,0.0,4.2567830860207323e-07,0,0,0,0,0,0,0,0
41,10536,rx_nao_chest,/home/telilab4090/Documents/Gazebo World/my_world/rt_out/experiments/semantic_ablation_rigid_200f/sionna_xml/frame_041_sionna.xml,30.0,0.0,0.0,2.4,-0.1337,2.748,0.7,28000000000.0,24,1.0787783999433032e-08,6.209720737615498e-08,5.130942337672195e-08,7.249248312746204e-08,-71.39707023849851,-41.397070238498515,cir_coefficients_tau_mask,,"[1, 1, 1, 1, 24, 1]","[1, 1, 24]","[1, 1, 24]","[1, 1, 24]",,True,,24,5.130942337672195e-08,-41.397069812820206,0,0.0,-4.2567830860207323e-07,0,0,0,0,0,0,0,0
42,10793,rx_nao_chest,/home/telilab4090/Documents/Gazebo World/my_world/rt_out/experiments/semantic_ablation_rigid_200f/sionna_xml/frame_042_sionna.xml,30.0,0.0,0.0,2.4,-0.1337,2.748,0.7,28000000000.0,24,1.0787783999433032e-08,6.209720737615498e-08,5.130942337672195e-08,7.249247602203468e-08,-71.39707066417687,-41.397070664176866,cir_coefficients_tau_mask,,"[1, 1, 1, 1, 24, 1]","[1, 1, 24]","[1, 1, 24]","[1, 1, 24]",,True,,24,5.130942337672195e-08,-41.397070238498515,0,0.0,-4.256783512346374e-07,0,0,0,0,0,0,0,0
43,11050,rx_nao_chest,/home/telilab4090/Documents/Gazebo World/my_world/rt_out/experiments/semantic_ablation_rigid_200f/sionna_xml/frame_043_sionna.xml,30.0,0.0,0.0,2.4,-0.1337,2.748,0.7,28000000000.0,24,1.0787783999433032e-08,6.209720737615498e-08,5.130942337672195e-08,7.249248312746204e-08,-71.39707023849851,-41.397070238498515,cir_coefficients_tau_mask,,"[1, 1, 1, 1, 24, 1]","[1, 1, 24]","[1, 1, 24]","[1, 1, 24]",,True,,24,5.130942337672195e-08,-41.397070664176866,0,0.0,4.256783512346374e-07,0,0,0,0,0,0,0,0
44,11307,rx_nao_chest,/home/telilab4090/Documents/Gazebo World/my_world/rt_out/experiments/semantic_ablation_rigid_200f/sionna_xml/frame_044_sionna.xml,30.0,0.0,0.0,2.4,-0.1337,2.748,0.7,28000000000.0,24,1.0787783999433032e-08,6.209720737615498e-08,5.130942337672195e-08,7.249248312746204e-08,-71.39707023849851,-41.397070238498515,cir_coefficients_tau_mask,,"[1, 1, 1, 1, 24, 1]","[1, 1, 24]","[1, 1, 24]","[1, 1, 24]",,True,,24,5.130942337672195e-08,-41.397070238498515,0,0.0,0.0,0,0,0,0,0,0,0,0
45,11564,rx_nao_chest,/home/telilab4090/Documents/Gazebo World/my_world/rt_out/experiments/semantic_ablation_rigid_200f/sionna_xml/frame_045_sionna.xml,30.0,0.0,0.0,2.4,-0.1337,2.748,0.7,28000000000.0,24,1.0787783999433032e-08,6.209720737615498e-08,5.130942337672195e-08,7.249248312746204e-08,-71.39707023849851,-41.397070238498515,cir_coefficients_tau_mask,,"[1, 1, 1, 1, 24, 1]","[1, 1, 24]","[1, 1, 24]","[1, 1, 24]",,True,,24,5.130942337672195e-08,-41.397070238498515,0,0.0,0.0,0,0,0,0,0,0,0,0
46,11821,rx_nao_chest,/home/telilab4090/Documents/Gazebo World/my_world/rt_out/experiments/semantic_ablation_rigid_200f/sionna_xml/frame_046_sionna.xml,30.0,0.0,0.0,2.4,-0.1337,2.748,0.7,28000000000.0,24,1.0787783999433032e-08,6.209720737615498e-08,5.130942337672195e-08,7.249248312746204e-08,-71.39707023849851,-41.397070238498515,cir_coefficients_tau_mask,,"[1, 1, 1, 1, 24, 1]","[1, 1, 24]","[1, 1, 24]","[1, 1, 24]",,True,,24,5.130942337672195e-08,-41.397070238498515,0,0.0,0.0,0,0,0,0,0,0,0,0
47,12078,rx_nao_chest,/home/telilab4090/Documents/Gazebo World/my_world/rt_out/experiments/semantic_ablation_rigid_200f/sionna_xml/frame_047_sionna.xml,30.0,0.0,0.0,2.4,-0.1337,2.748,0.7,28000000000.0,24,1.0787783999433032e-08,6.209720737615498e-08,5.130942337672195e-08,7.249248312746204e-08,-71.39707023849851,-41.397070238498515,cir_coefficients_tau_mask,,"[1, 1, 1, 1, 24, 1]","[1, 1, 24]","[1, 1, 24]","[1, 1, 24]",,True,,24,5.130942337672195e-08,-41.397070238498515,0,0.0,0.0,0,0,0,0,0,0,0,0
48,12335,rx_nao_chest,/home/telilab4090/Documents/Gazebo World/my_world/rt_out/experiments/semantic_ablation_rigid_200f/sionna_xml/frame_048_sionna.xml,30.0,0.0,0.0,2.4,-0.1337,2.748,0.7,28000000000.0,24,1.0787783999433032e-08,6.209720737615498e-08,5.130942337672195e-08,7.249248312746204e-08,-71.39707023849851,-41.397070238498515,cir_coefficients_tau_mask,,"[1, 1, 1, 1, 24, 1]","[1, 1, 24]","[1, 1, 24]","[1, 1, 24]",,True,,24,5.130942337672195e-08,-41.397070238498515,0,0.0,0.0,0,0,0,0,0,0,0,0
49,12592,rx_nao_chest,/home/telilab4090/Documents/Gazebo World/my_world/rt_out/experiments/semantic_ablation_rigid_200f/sionna_xml/frame_049_sionna.xml,30.0,0.0,0.0,2.4,-0.1337,2.748,0.7,28000000000.0,24,1.0787783999433032e-08,6.209720737615498e-08,5.130942337672195e-08,7.24924902328894e-08,-71.3970698128202,-41.397069812820206,cir_coefficients_tau_mask,,"[1, 1, 1, 1, 24, 1]","[1, 1, 24]","[1, 1, 24]","[1, 1, 24]",,True,,24,5.130942337672195e-08,-41.397070238498515,0,0.0,4.2567830860207323e-07,0,0,0,0,0,0,0,0
50,12849,rx_nao_chest,/home/telilab4090/Documents/Gazebo World/my_world/rt_out/experiments/semantic_ablation_rigid_200f/sionna_xml/frame_050_sionna.xml,30.0,0.0,0.0,2.4,-0.1337,2.748,0.7,28000000000.0,24,1.0787783999433032e-08,6.209720737615498e-08,5.130942337672195e-08,7.24924902328894e-08,-71.3970698128202,-41.397069812820206,cir_coefficients_tau_mask,,"[1, 1, 1, 1, 24, 1]","[1, 1, 24]","[1, 1, 24]","[1, 1, 24]",,True,,24,5.130942337672195e-08,-41.397069812820206,0,0.0,0.0,0,0,0,0,0,0,0,0
51,13106,rx_nao_chest,/home/telilab4090/Documents/Gazebo World/my_world/rt_out/experiments/semantic_ablation_rigid_200f/sionna_xml/frame_051_sionna.xml,30.0,0.0,0.0,2.4,-0.1337,2.748,0.7,28000000000.0,24,1.0787783999433032e-08,6.209720737615498e-08,5.130942337672195e-08,7.24924902328894e-08,-71.3970698128202,-41.397069812820206,cir_coefficients_tau_mask,,"[1, 1, 1, 1, 24, 1]","[1, 1, 24]","[1, 1, 24]","[1, 1, 24]",,True,,24,5.130942337672195e-08,-41.397069812820206,0,0.0,0.0,0,0,0,0,0,0,0,0
52,13363,rx_nao_chest,/home/telilab4090/Documents/Gazebo World/my_world/rt_out/experiments/semantic_ablation_rigid_200f/sionna_xml/frame_052_sionna.xml,30.0,0.0,0.0,2.4,-0.1337,2.748,0.7,28000000000.0,24,1.0787783999433032e-08,6.209720737615498e-08,5.130942337672195e-08,7.249248312746204e-08,-71.39707023849851,-41.397070238498515,cir_coefficients_tau_mask,,"[1, 1, 1, 1, 24, 1]","[1, 1, 24]","[1, 1, 24]","[1, 1, 24]",,True,,24,5.130942337672195e-08,-41.397069812820206,0,0.0,-4.2567830860207323e-07,0,0,0,0,0,0,0,0
53,13620,rx_nao_chest,/home/telilab4090/Documents/Gazebo World/my_world/rt_out/experiments/semantic_ablation_rigid_200f/sionna_xml/frame_053_sionna.xml,30.0,0.0,0.0,2.4,-0.1337,2.748,0.7,28000000000.0,24,1.0787783999433032e-08,6.209720737615498e-08,5.130942337672195e-08,7.249248312746204e-08,-71.39707023849851,-41.397070238498515,cir_coefficients_tau_mask,,"[1, 1, 1, 1, 24, 1]","[1, 1, 24]","[1, 1, 24]","[1, 1, 24]",,True,,24,5.130942337672195e-08,-41.397070238498515,0,0.0,0.0,0,0,0,0,0,0,0,0
54,13877,rx_nao_chest,/home/telilab4090/Documents/Gazebo World/my_world/rt_out/experiments/semantic_ablation_rigid_200f/sionna_xml/frame_054_sionna.xml,30.0,0.0,0.0,2.4,-0.1337,2.748,0.7,28000000000.0,24,1.0787783999433032e-08,6.209720737615498e-08,5.130942337672195e-08,7.249248312746204e-08,-71.39707023849851,-41.397070238498515,cir_coefficients_tau_mask,,"[1, 1, 1, 1, 24, 1]","[1, 1, 24]","[1, 1, 24]","[1, 1, 24]",,True,,24,5.130942337672195e-08,-41.397070238498515,0,0.0,0.0,0,0,0,0,0,0,0,0
55,14134,rx_nao_chest,/home/telilab4090/Documents/Gazebo World/my_world/rt_out/experiments/semantic_ablation_rigid_200f/sionna_xml/frame_055_sionna.xml,30.0,0.0,0.0,2.4,-0.1337,2.748,0.7,28000000000.0,23,1.0787783999433032e-08,6.209720737615498e-08,5.130942337672195e-08,7.244391042604548e-08,-71.39998115086068,-41.39998115086068,cir_coefficients_tau_mask,,"[1, 1, 1, 1, 23, 1]","[1, 1, 23]","[1, 1, 23]","[1, 1, 23]",,True,,24,5.130942337672195e-08,-41.397070238498515,-1,0.0,-0.0029109123621680055,1,1,0,0,0,0,0,0
56,14391,rx_nao_chest,/home/telilab4090/Documents/Gazebo World/my_world/rt_out/experiments/semantic_ablation_rigid_200f/sionna_xml/frame_056_sionna.xml,30.0,0.0,0.0,2.4,-0.1337,2.748,0.7,28000000000.0,23,1.0787783999433032e-08,6.209720737615498e-08,5.130942337672195e-08,7.236335619609235e-08,-71.40481298865271,-41.40481298865271,cir_coefficients_tau_mask,,"[1, 1, 1, 1, 23, 1]","[1, 1, 23]","[1, 1, 23]","[1, 1, 23]",,True,,23,5.130942337672195e-08,-41.39998115086068,0,0.0,-0.00483183779202534,0,0,0,0,0,0,0,0
57,14648,rx_nao_chest,/home/telilab4090/Documents/Gazebo World/my_world/rt_out/experiments/semantic_ablation_rigid_200f/sionna_xml/frame_057_sionna.xml,30.0,0.0,0.0,2.4,-0.1337,2.748,0.7,28000000000.0,22,1.0787783999433032e-08,6.209720737615498e-08,5.130942337672195e-08,7.231476928382108e-08,-71.40772995051069,-41.407729950510685,cir_coefficients_tau_mask,,"[1, 1, 1, 1, 22, 1]","[1, 1, 22]","[1, 1, 22]","[1, 1, 22]",,True,,23,5.130942337672195e-08,-41.40481298865271,-1,0.0,-0.002916961857977185,1,1,0,0,0,0,0,0
58,14905,rx_nao_chest,/home/telilab4090/Documents/Gazebo World/my_world/rt_out/experiments/semantic_ablation_rigid_200f/sionna_xml/frame_058_sionna.xml,30.0,0.0,0.0,2.4,-0.1337,2.748,0.7,28000000000.0,22,1.0787783999433032e-08,6.209720737615498e-08,5.130942337672195e-08,7.231476928382108e-08,-71.40772995051069,-41.407729950510685,cir_coefficients_tau_mask,,"[1, 1, 1, 1, 22, 1]","[1, 1, 22]","[1, 1, 22]","[1, 1, 22]",,True,,22,5.130942337672195e-08,-41.407729950510685,0,0.0,0.0,0,0,0,0,0,0,0,0
59,15162,rx_nao_chest,/home/telilab4090/Documents/Gazebo World/my_world/rt_out/experiments/semantic_ablation_rigid_200f/sionna_xml/frame_059_sionna.xml,30.0,0.0,0.0,2.4,-0.1337,2.748,0.7,28000000000.0,22,1.0787783999433032e-08,6.209720737615498e-08,5.130942337672195e-08,7.231477638924844e-08,-71.40772952378627,-41.40772952378627,cir_coefficients_tau_mask,,"[1, 1, 1, 1, 22, 1]","[1, 1, 22]","[1, 1, 22]","[1, 1, 22]",,True,,22,5.130942337672195e-08,-41.407729950510685,0,0.0,4.267244122502234e-07,0,0,0,0,0,0,0,0
60,15419,rx_nao_chest,/home/telilab4090/Documents/Gazebo World/my_world/rt_out/experiments/semantic_ablation_rigid_200f/sionna_xml/frame_060_sionna.xml,30.0,0.0,0.0,2.4,-0.1337,2.748,0.7,28000000000.0,22,1.0787783999433032e-08,6.209720737615498e-08,5.130942337672195e-08,7.231477638924844e-08,-71.40772952378627,-41.40772952378627,cir_coefficients_tau_mask,,"[1, 1, 1, 1, 22, 1]","[1, 1, 22]","[1, 1, 22]","[1, 1, 22]",,True,,22,5.130942337672195e-08,-41.40772952378627,0,0.0,0.0,0,0,0,0,0,0,0,0
61,15676,rx_nao_chest,/home/telilab4090/Documents/Gazebo World/my_world/rt_out/experiments/semantic_ablation_rigid_200f/sionna_xml/frame_061_sionna.xml,30.0,0.0,0.0,2.4,-0.1337,2.748,0.7,28000000000.0,23,1.0787783999433032e-08,6.209720737615498e-08,5.130942337672195e-08,7.236335619609235e-08,-71.40481298865271,-41.40481298865271,cir_coefficients_tau_mask,,"[1, 1, 1, 1, 23, 1]","[1, 1, 23]","[1, 1, 23]","[1, 1, 23]",,True,,22,5.130942337672195e-08,-41.40772952378627,1,0.0,0.0029165351335649348,1,0,0,0,0,0,0,0
62,15933,rx_nao_chest,/home/telilab4090/Documents/Gazebo World/my_world/rt_out/experiments/semantic_ablation_rigid_200f/sionna_xml/frame_062_sionna.xml,30.0,0.0,0.0,2.4,-0.1337,2.748,0.7,28000000000.0,18,1.0787783999433032e-08,6.209720737615498e-08,5.130942337672195e-08,7.175621874466742e-08,-71.44140454880252,-41.441404548802524,cir_coefficients_tau_mask,,"[1, 1, 1, 1, 18, 1]","[1, 1, 18]","[1, 1, 18]","[1, 1, 18]",,True,,23,5.130942337672195e-08,-41.40481298865271,-5,0.0,-0.036591560149815905,1,1,0,0,0,0,0,0
63,16190,rx_nao_chest,/home/telilab4090/Documents/Gazebo World/my_world/rt_out/experiments/semantic_ablation_rigid_200f/sionna_xml/frame_063_sionna.xml,30.0,0.0,0.0,2.4,-0.1337,2.748,0.7,28000000000.0,23,1.0787783999433032e-08,6.209720737615498e-08,5.130942337672195e-08,7.244389621519076e-08,-71.39998200278824,-41.399982002788235,cir_coefficients_tau_mask,,"[1, 1, 1, 1, 23, 1]","[1, 1, 23]","[1, 1, 23]","[1, 1, 23]",,True,,18,5.130942337672195e-08,-41.441404548802524,5,0.0,0.04142254601428874,1,0,0,0,0,0,0,0
64,16447,rx_nao_chest,/home/telilab4090/Documents/Gazebo World/my_world/rt_out/experiments/semantic_ablation_rigid_200f/sionna_xml/frame_064_sionna.xml,30.0,0.0,0.0,2.4,-0.1337,2.748,0.7,28000000000.0,23,1.0787783999433032e-08,6.209720737615498e-08,5.130942337672195e-08,7.244390332061812e-08,-71.39998157682443,-41.39998157682443,cir_coefficients_tau_mask,,"[1, 1, 1, 1, 23, 1]","[1, 1, 23]","[1, 1, 23]","[1, 1, 23]",,True,,23,5.130942337672195e-08,-41.399982002788235,0,0.0,4.2596380467330164e-07,0,0,0,0,0,0,0,0
65,16704,rx_nao_chest,/home/telilab4090/Documents/Gazebo World/my_world/rt_out/experiments/semantic_ablation_rigid_200f/sionna_xml/frame_065_sionna.xml,30.0,0.0,0.0,2.4,-0.1337,2.748,0.7,28000000000.0,23,1.0787783999433032e-08,6.209720737615498e-08,5.130942337672195e-08,7.244390332061812e-08,-71.39998157682443,-41.39998157682443,cir_coefficients_tau_mask,,"[1, 1, 1, 1, 23, 1]","[1, 1, 23]","[1, 1, 23]","[1, 1, 23]",,True,,23,5.130942337672195e-08,-41.39998157682443,0,0.0,0.0,0,0,0,0,0,0,0,0
66,16961,rx_nao_chest,/home/telilab4090/Documents/Gazebo World/my_world/rt_out/experiments/semantic_ablation_rigid_200f/sionna_xml/frame_066_sionna.xml,30.0,0.0,0.0,2.4,-0.1337,2.748,0.7,28000000000.0,23,1.0787783999433032e-08,6.209720737615498e-08,5.130942337672195e-08,7.244389621519076e-08,-71.39998200278824,-41.399982002788235,cir_coefficients_tau_mask,,"[1, 1, 1, 1, 23, 1]","[1, 1, 23]","[1, 1, 23]","[1, 1, 23]",,True,,23,5.130942337672195e-08,-41.39998157682443,0,0.0,-4.2596380467330164e-07,0,0,0,0,0,0,0,0
67,17218,rx_nao_chest,/home/telilab4090/Documents/Gazebo World/my_world/rt_out/experiments/semantic_ablation_rigid_200f/sionna_xml/frame_067_sionna.xml,30.0,0.0,0.0,2.4,-0.1337,2.748,0.7,28000000000.0,23,1.0787783999433032e-08,6.209720737615498e-08,5.130942337672195e-08,7.244390332061812e-08,-71.39998157682443,-41.39998157682443,cir_coefficients_tau_mask,,"[1, 1, 1, 1, 23, 1]","[1, 1, 23]","[1, 1, 23]","[1, 1, 23]",,True,,23,5.130942337672195e-08,-41.399982002788235,0,0.0,4.2596380467330164e-07,0,0,0,0,0,0,0,0
68,17475,rx_nao_chest,/home/telilab4090/Documents/Gazebo World/my_world/rt_out/experiments/semantic_ablation_rigid_200f/sionna_xml/frame_068_sionna.xml,30.0,0.0,0.0,2.4,-0.1337,2.748,0.7,28000000000.0,24,1.0787783999433032e-08,6.209720737615498e-08,5.130942337672195e-08,7.24924902328894e-08,-71.3970698128202,-41.397069812820206,cir_coefficients_tau_mask,,"[1, 1, 1, 1, 24, 1]","[1, 1, 24]","[1, 1, 24]","[1, 1, 24]",,True,,23,5.130942337672195e-08,-41.39998157682443,1,0.0,0.0029117640042244375,1,0,0,0,0,0,0,0
69,17732,rx_nao_chest,/home/telilab4090/Documents/Gazebo World/my_world/rt_out/experiments/semantic_ablation_rigid_200f/sionna_xml/frame_069_sionna.xml,30.0,0.0,0.0,2.4,-0.1337,2.748,0.7,28000000000.0,24,1.0787783999433032e-08,6.209720737615498e-08,5.130942337672195e-08,7.249248312746204e-08,-71.39707023849851,-41.397070238498515,cir_coefficients_tau_mask,,"[1, 1, 1, 1, 24, 1]","[1, 1, 24]","[1, 1, 24]","[1, 1, 24]",,True,,24,5.130942337672195e-08,-41.397069812820206,0,0.0,-4.2567830860207323e-07,0,0,0,0,0,0,0,0
70,17989,rx_nao_chest,/home/telilab4090/Documents/Gazebo World/my_world/rt_out/experiments/semantic_ablation_rigid_200f/sionna_xml/frame_070_sionna.xml,30.0,0.0,0.0,2.4,-0.1337,2.748,0.7,28000000000.0,24,1.0787783999433032e-08,6.209720737615498e-08,5.130942337672195e-08,7.249249733831675e-08,-71.39706938714195,-41.397069387141954,cir_coefficients_tau_mask,,"[1, 1, 1, 1, 24, 1]","[1, 1, 24]","[1, 1, 24]","[1, 1, 24]",,True,,24,5.130942337672195e-08,-41.397070238498515,0,0.0,8.513565603607276e-07,0,0,0,0,0,0,0,0
71,18246,rx_nao_chest,/home/telilab4090/Documents/Gazebo World/my_world/rt_out/experiments/semantic_ablation_rigid_200f/sionna_xml/frame_071_sionna.xml,30.0,0.0,0.0,2.4,-0.1337,2.748,0.7,28000000000.0,24,1.0787783999433032e-08,6.209720737615498e-08,5.130942337672195e-08,7.249247602203468e-08,-71.39707066417687,-41.397070664176866,cir_coefficients_tau_mask,,"[1, 1, 1, 1, 24, 1]","[1, 1, 24]","[1, 1, 24]","[1, 1, 24]",,True,,24,5.130942337672195e-08,-41.397069387141954,0,0.0,-1.277034911595365e-06,0,0,0,0,0,0,0,0
72,18503,rx_nao_chest,/home/telilab4090/Documents/Gazebo World/my_world/rt_out/experiments/semantic_ablation_rigid_200f/sionna_xml/frame_072_sionna.xml,30.0,0.0,0.0,2.4,-0.1337,2.748,0.7,28000000000.0,24,1.0787783999433032e-08,6.209720737615498e-08,5.130942337672195e-08,7.24924902328894e-08,-71.3970698128202,-41.397069812820206,cir_coefficients_tau_mask,,"[1, 1, 1, 1, 24, 1]","[1, 1, 24]","[1, 1, 24]","[1, 1, 24]",,True,,24,5.130942337672195e-08,-41.397070664176866,0,0.0,8.513566598367106e-07,0,0,0,0,0,0,0,0
73,18760,rx_nao_chest,/home/telilab4090/Documents/Gazebo World/my_world/rt_out/experiments/semantic_ablation_rigid_200f/sionna_xml/frame_073_sionna.xml,30.0,0.0,0.0,2.4,-0.1337,2.748,0.7,28000000000.0,24,1.0787783999433032e-08,6.209720737615498e-08,5.130942337672195e-08,7.249248312746204e-08,-71.39707023849851,-41.397070238498515,cir_coefficients_tau_mask,,"[1, 1, 1, 1, 24, 1]","[1, 1, 24]","[1, 1, 24]","[1, 1, 24]",,True,,24,5.130942337672195e-08,-41.397069812820206,0,0.0,-4.2567830860207323e-07,0,0,0,0,0,0,0,0
74,19017,rx_nao_chest,/home/telilab4090/Documents/Gazebo World/my_world/rt_out/experiments/semantic_ablation_rigid_200f/sionna_xml/frame_074_sionna.xml,30.0,0.0,0.0,2.4,-0.1337,2.748,0.7,28000000000.0,24,1.0787783999433032e-08,6.209720737615498e-08,5.130942337672195e-08,7.249248312746204e-08,-71.39707023849851,-41.397070238498515,cir_coefficients_tau_mask,,"[1, 1, 1, 1, 24, 1]","[1, 1, 24]","[1, 1, 24]","[1, 1, 24]",,True,,24,5.130942337672195e-08,-41.397070238498515,0,0.0,0.0,0,0,0,0,0,0,0,0
75,19274,rx_nao_chest,/home/telilab4090/Documents/Gazebo World/my_world/rt_out/experiments/semantic_ablation_rigid_200f/sionna_xml/frame_075_sionna.xml,30.0,0.0,0.0,2.4,-0.1337,2.748,0.7,28000000000.0,24,1.0787783999433032e-08,6.209720737615498e-08,5.130942337672195e-08,7.24924902328894e-08,-71.3970698128202,-41.397069812820206,cir_coefficients_tau_mask,,"[1, 1, 1, 1, 24, 1]","[1, 1, 24]","[1, 1, 24]","[1, 1, 24]",,True,,24,5.130942337672195e-08,-41.397070238498515,0,0.0,4.2567830860207323e-07,0,0,0,0,0,0,0,0
76,19531,rx_nao_chest,/home/telilab4090/Documents/Gazebo World/my_world/rt_out/experiments/semantic_ablation_rigid_200f/sionna_xml/frame_076_sionna.xml,30.0,0.0,0.0,2.4,-0.1337,2.748,0.7,28000000000.0,24,1.0787783999433032e-08,6.209720737615498e-08,5.130942337672195e-08,7.24924902328894e-08,-71.3970698128202,-41.397069812820206,cir_coefficients_tau_mask,,"[1, 1, 1, 1, 24, 1]","[1, 1, 24]","[1, 1, 24]","[1, 1, 24]",,True,,24,5.130942337672195e-08,-41.397069812820206,0,0.0,0.0,0,0,0,0,0,0,0,0
77,19788,rx_nao_chest,/home/telilab4090/Documents/Gazebo World/my_world/rt_out/experiments/semantic_ablation_rigid_200f/sionna_xml/frame_077_sionna.xml,30.0,0.0,0.0,2.4,-0.1337,2.748,0.7,28000000000.0,22,1.0787783999433032e-08,6.209720737615498e-08,5.130942337672195e-08,7.231476928382108e-08,-71.40772995051069,-41.407729950510685,cir_coefficients_tau_mask,,"[1, 1, 1, 1, 22, 1]","[1, 1, 22]","[1, 1, 22]","[1, 1, 22]",,True,,24,5.130942337672195e-08,-41.397069812820206,-2,0.0,-0.010660137690479132,1,1,0,0,0,0,0,0
78,20045,rx_nao_chest,/home/telilab4090/Documents/Gazebo World/my_world/rt_out/experiments/semantic_ablation_rigid_200f/sionna_xml/frame_078_sionna.xml,30.0,0.0,0.0,2.4,-0.1337,2.748,0.7,28000000000.0,23,1.0787783999433032e-08,6.209720737615498e-08,5.130942337672195e-08,7.244390332061812e-08,-71.39998157682443,-41.39998157682443,cir_coefficients_tau_mask,,"[1, 1, 1, 1, 23, 1]","[1, 1, 23]","[1, 1, 23]","[1, 1, 23]",,True,,22,5.130942337672195e-08,-41.407729950510685,1,0.0,0.007748373686254695,1,0,0,0,0,0,0,0
79,20302,rx_nao_chest,/home/telilab4090/Documents/Gazebo World/my_world/rt_out/experiments/semantic_ablation_rigid_200f/sionna_xml/frame_079_sionna.xml,30.0,0.0,0.0,2.4,-0.1337,2.748,0.7,28000000000.0,23,1.0787783999433032e-08,6.209720737615498e-08,5.130942337672195e-08,7.244391042604548e-08,-71.39998115086068,-41.39998115086068,cir_coefficients_tau_mask,,"[1, 1, 1, 1, 23, 1]","[1, 1, 23]","[1, 1, 23]","[1, 1, 23]",,True,,23,5.130942337672195e-08,-41.39998157682443,0,0.0,4.259637478298828e-07,0,0,0,0,0,0,0,0
80,20559,rx_nao_chest,/home/telilab4090/Documents/Gazebo World/my_world/rt_out/experiments/semantic_ablation_rigid_200f/sionna_xml/frame_080_sionna.xml,30.0,0.0,0.0,2.4,-0.1337,2.748,0.7,28000000000.0,22,1.0787783999433032e-08,6.209720737615498e-08,5.130942337672195e-08,7.231476928382108e-08,-71.40772995051069,-41.407729950510685,cir_coefficients_tau_mask,,"[1, 1, 1, 1, 22, 1]","[1, 1, 22]","[1, 1, 22]","[1, 1, 22]",,True,,23,5.130942337672195e-08,-41.39998115086068,-1,0.0,-0.007748799650002525,1,1,0,0,0,0,0,0
81,20816,rx_nao_chest,/home/telilab4090/Documents/Gazebo World/my_world/rt_out/experiments/semantic_ablation_rigid_200f/sionna_xml/frame_081_sionna.xml,30.0,0.0,0.0,2.4,-0.1337,2.748,0.7,28000000000.0,24,1.0787783999433032e-08,6.209720737615498e-08,5.130942337672195e-08,7.24924902328894e-08,-71.3970698128202,-41.397069812820206,cir_coefficients_tau_mask,,"[1, 1, 1, 1, 24, 1]","[1, 1, 24]","[1, 1, 24]","[1, 1, 24]",,True,,22,5.130942337672195e-08,-41.407729950510685,2,0.0,0.010660137690479132,1,0,0,0,0,0,0,0
82,21073,rx_nao_chest,/home/telilab4090/Documents/Gazebo World/my_world/rt_out/experiments/semantic_ablation_rigid_200f/sionna_xml/frame_082_sionna.xml,30.0,0.0,0.0,2.4,-0.1337,2.748,0.7,28000000000.0,24,1.0787783999433032e-08,6.209720737615498e-08,5.130942337672195e-08,7.249248312746204e-08,-71.39707023849851,-41.397070238498515,cir_coefficients_tau_mask,,"[1, 1, 1, 1, 24, 1]","[1, 1, 24]","[1, 1, 24]","[1, 1, 24]",,True,,24,5.130942337672195e-08,-41.397069812820206,0,0.0,-4.2567830860207323e-07,0,0,0,0,0,0,0,0
83,21330,rx_nao_chest,/home/telilab4090/Documents/Gazebo World/my_world/rt_out/experiments/semantic_ablation_rigid_200f/sionna_xml/frame_083_sionna.xml,30.0,0.0,0.0,2.4,-0.1337,2.748,0.7,28000000000.0,24,1.0787783999433032e-08,6.209720737615498e-08,5.130942337672195e-08,7.249248312746204e-08,-71.39707023849851,-41.397070238498515,cir_coefficients_tau_mask,,"[1, 1, 1, 1, 24, 1]","[1, 1, 24]","[1, 1, 24]","[1, 1, 24]",,True,,24,5.130942337672195e-08,-41.397070238498515,0,0.0,0.0,0,0,0,0,0,0,0,0
84,21587,rx_nao_chest,/home/telilab4090/Documents/Gazebo World/my_world/rt_out/experiments/semantic_ablation_rigid_200f/sionna_xml/frame_084_sionna.xml,30.0,0.0,0.0,2.4,-0.1337,2.748,0.7,28000000000.0,24,1.0787783999433032e-08,6.209720737615498e-08,5.130942337672195e-08,7.24924902328894e-08,-71.3970698128202,-41.397069812820206,cir_coefficients_tau_mask,,"[1, 1, 1, 1, 24, 1]","[1, 1, 24]","[1, 1, 24]","[1, 1, 24]",,True,,24,5.130942337672195e-08,-41.397070238498515,0,0.0,4.2567830860207323e-07,0,0,0,0,0,0,0,0
85,21844,rx_nao_chest,/home/telilab4090/Documents/Gazebo World/my_world/rt_out/experiments/semantic_ablation_rigid_200f/sionna_xml/frame_085_sionna.xml,30.0,0.0,0.0,2.4,-0.1337,2.748,0.7,28000000000.0,24,1.0787783999433032e-08,6.209720737615498e-08,5.130942337672195e-08,7.24924902328894e-08,-71.3970698128202,-41.397069812820206,cir_coefficients_tau_mask,,"[1, 1, 1, 1, 24, 1]","[1, 1, 24]","[1, 1, 24]","[1, 1, 24]",,True,,24,5.130942337672195e-08,-41.397069812820206,0,0.0,0.0,0,0,0,0,0,0,0,0
86,22101,rx_nao_chest,/home/telilab4090/Documents/Gazebo World/my_world/rt_out/experiments/semantic_ablation_rigid_200f/sionna_xml/frame_086_sionna.xml,30.0,0.0,0.0,2.4,-0.1337,2.748,0.7,28000000000.0,24,1.0787783999433032e-08,6.209720737615498e-08,5.130942337672195e-08,7.24924902328894e-08,-71.3970698128202,-41.397069812820206,cir_coefficients_tau_mask,,"[1, 1, 1, 1, 24, 1]","[1, 1, 24]","[1, 1, 24]","[1, 1, 24]",,True,,24,5.130942337672195e-08,-41.397069812820206,0,0.0,0.0,0,0,0,0,0,0,0,0
87,22358,rx_nao_chest,/home/telilab4090/Documents/Gazebo World/my_world/rt_out/experiments/semantic_ablation_rigid_200f/sionna_xml/frame_087_sionna.xml,30.0,0.0,0.0,2.4,-0.1337,2.748,0.7,28000000000.0,24,1.0787783999433032e-08,6.209720737615498e-08,5.130942337672195e-08,7.24924902328894e-08,-71.3970698128202,-41.397069812820206,cir_coefficients_tau_mask,,"[1, 1, 1, 1, 24, 1]","[1, 1, 24]","[1, 1, 24]","[1, 1, 24]",,True,,24,5.130942337672195e-08,-41.397069812820206,0,0.0,0.0,0,0,0,0,0,0,0,0
88,22615,rx_nao_chest,/home/telilab4090/Documents/Gazebo World/my_world/rt_out/experiments/semantic_ablation_rigid_200f/sionna_xml/frame_088_sionna.xml,30.0,0.0,0.0,2.4,-0.1337,2.748,0.7,28000000000.0,24,1.0787783999433032e-08,6.209720737615498e-08,5.130942337672195e-08,7.249248312746204e-08,-71.39707023849851,-41.397070238498515,cir_coefficients_tau_mask,,"[1, 1, 1, 1, 24, 1]","[1, 1, 24]","[1, 1, 24]","[1, 1, 24]",,True,,24,5.130942337672195e-08,-41.397069812820206,0,0.0,-4.2567830860207323e-07,0,0,0,0,0,0,0,0
89,22872,rx_nao_chest,/home/telilab4090/Documents/Gazebo World/my_world/rt_out/experiments/semantic_ablation_rigid_200f/sionna_xml/frame_089_sionna.xml,30.0,0.0,0.0,2.4,-0.1337,2.748,0.7,28000000000.0,23,1.0787783999433032e-08,6.209720737615498e-08,5.130942337672195e-08,7.235285437445782e-08,-71.40544330963414,-41.40544330963414,cir_coefficients_tau_mask,,"[1, 1, 1, 1, 23, 1]","[1, 1, 23]","[1, 1, 23]","[1, 1, 23]",,True,,24,5.130942337672195e-08,-41.397070238498515,-1,0.0,-0.008373071135622467,1,1,0,0,0,0,0,0
90,23129,rx_nao_chest,/home/telilab4090/Documents/Gazebo World/my_world/rt_out/experiments/semantic_ablation_rigid_200f/sionna_xml/frame_090_sionna.xml,30.0,0.0,0.0,2.4,-0.1337,2.748,0.7,28000000000.0,23,1.0787783999433032e-08,6.209720737615498e-08,5.130942337672195e-08,7.235285437445782e-08,-71.40544330963414,-41.40544330963414,cir_coefficients_tau_mask,,"[1, 1, 1, 1, 23, 1]","[1, 1, 23]","[1, 1, 23]","[1, 1, 23]",,True,,23,5.130942337672195e-08,-41.40544330963414,0,0.0,0.0,0,0,0,0,0,0,0,0
91,23386,rx_nao_chest,/home/telilab4090/Documents/Gazebo World/my_world/rt_out/experiments/semantic_ablation_rigid_200f/sionna_xml/frame_091_sionna.xml,30.0,0.0,0.0,2.4,-0.1337,2.748,0.7,28000000000.0,23,1.0787783999433032e-08,6.209720737615498e-08,5.130942337672195e-08,7.235285437445782e-08,-71.40544330963414,-41.40544330963414,cir_coefficients_tau_mask,,"[1, 1, 1, 1, 23, 1]","[1, 1, 23]","[1, 1, 23]","[1, 1, 23]",,True,,23,5.130942337672195e-08,-41.40544330963414,0,0.0,0.0,0,0,0,0,0,0,0,0
92,23643,rx_nao_chest,/home/telilab4090/Documents/Gazebo World/my_world/rt_out/experiments/semantic_ablation_rigid_200f/sionna_xml/frame_092_sionna.xml,30.0,0.0,0.0,2.4,-0.1337,2.748,0.7,28000000000.0,23,1.0787783999433032e-08,6.209720737615498e-08,5.130942337672195e-08,7.235285437445782e-08,-71.40544330963414,-41.40544330963414,cir_coefficients_tau_mask,,"[1, 1, 1, 1, 23, 1]","[1, 1, 23]","[1, 1, 23]","[1, 1, 23]",,True,,23,5.130942337672195e-08,-41.40544330963414,0,0.0,0.0,0,0,0,0,0,0,0,0
93,23900,rx_nao_chest,/home/telilab4090/Documents/Gazebo World/my_world/rt_out/experiments/semantic_ablation_rigid_200f/sionna_xml/frame_093_sionna.xml,30.0,0.0,0.0,2.4,-0.1337,2.748,0.7,28000000000.0,23,1.0787783999433032e-08,6.209720737615498e-08,5.130942337672195e-08,7.235285437445782e-08,-71.40544330963414,-41.40544330963414,cir_coefficients_tau_mask,,"[1, 1, 1, 1, 23, 1]","[1, 1, 23]","[1, 1, 23]","[1, 1, 23]",,True,,23,5.130942337672195e-08,-41.40544330963414,0,0.0,0.0,0,0,0,0,0,0,0,0
94,24157,rx_nao_chest,/home/telilab4090/Documents/Gazebo World/my_world/rt_out/experiments/semantic_ablation_rigid_200f/sionna_xml/frame_094_sionna.xml,30.0,0.0,0.0,2.4,-0.1337,2.748,0.7,28000000000.0,23,1.0787783999433032e-08,6.209720737615498e-08,5.130942337672195e-08,7.235285437445782e-08,-71.40544330963414,-41.40544330963414,cir_coefficients_tau_mask,,"[1, 1, 1, 1, 23, 1]","[1, 1, 23]","[1, 1, 23]","[1, 1, 23]",,True,,23,5.130942337672195e-08,-41.40544330963414,0,0.0,0.0,0,0,0,0,0,0,0,0
95,24414,rx_nao_chest,/home/telilab4090/Documents/Gazebo World/my_world/rt_out/experiments/semantic_ablation_rigid_200f/sionna_xml/frame_095_sionna.xml,30.0,0.0,0.0,2.4,-0.1337,2.748,0.7,28000000000.0,23,1.0787783999433032e-08,6.209720737615498e-08,5.130942337672195e-08,7.235284726903046e-08,-71.40544373613398,-41.405443736133975,cir_coefficients_tau_mask,,"[1, 1, 1, 1, 23, 1]","[1, 1, 23]","[1, 1, 23]","[1, 1, 23]",,True,,23,5.130942337672195e-08,-41.40544330963414,0,0.0,-4.2649983811315906e-07,0,0,0,0,0,0,0,0
96,24671,rx_nao_chest,/home/telilab4090/Documents/Gazebo World/my_world/rt_out/experiments/semantic_ablation_rigid_200f/sionna_xml/frame_096_sionna.xml,30.0,0.0,0.0,2.4,-0.1337,2.748,0.7,28000000000.0,23,1.0787783999433032e-08,6.209720737615498e-08,5.130942337672195e-08,7.235284726903046e-08,-71.40544373613398,-41.405443736133975,cir_coefficients_tau_mask,,"[1, 1, 1, 1, 23, 1]","[1, 1, 23]","[1, 1, 23]","[1, 1, 23]",,True,,23,5.130942337672195e-08,-41.405443736133975,0,0.0,0.0,0,0,0,0,0,0,0,0
97,24928,rx_nao_chest,/home/telilab4090/Documents/Gazebo World/my_world/rt_out/experiments/semantic_ablation_rigid_200f/sionna_xml/frame_097_sionna.xml,30.0,0.0,0.0,2.4,-0.1337,2.748,0.7,28000000000.0,23,1.0787783999433032e-08,6.209720737615498e-08,5.130942337672195e-08,7.235285437445782e-08,-71.40544330963414,-41.40544330963414,cir_coefficients_tau_mask,,"[1, 1, 1, 1, 23, 1]","[1, 1, 23]","[1, 1, 23]","[1, 1, 23]",,True,,23,5.130942337672195e-08,-41.405443736133975,0,0.0,4.2649983811315906e-07,0,0,0,0,0,0,0,0
98,25185,rx_nao_chest,/home/telilab4090/Documents/Gazebo World/my_world/rt_out/experiments/semantic_ablation_rigid_200f/sionna_xml/frame_098_sionna.xml,30.0,0.0,0.0,2.4,-0.1337,2.748,0.7,28000000000.0,23,1.0787783999433032e-08,6.209720737615498e-08,5.130942337672195e-08,7.235285437445782e-08,-71.40544330963414,-41.40544330963414,cir_coefficients_tau_mask,,"[1, 1, 1, 1, 23, 1]","[1, 1, 23]","[1, 1, 23]","[1, 1, 23]",,True,,23,5.130942337672195e-08,-41.40544330963414,0,0.0,0.0,0,0,0,0,0,0,0,0
99,25442,rx_nao_chest,/home/telilab4090/Documents/Gazebo World/my_world/rt_out/experiments/semantic_ablation_rigid_200f/sionna_xml/frame_099_sionna.xml,30.0,0.0,0.0,2.4,-0.1337,2.748,0.7,28000000000.0,23,1.0787783999433032e-08,6.209720737615498e-08,5.130942337672195e-08,7.235284726903046e-08,-71.40544373613398,-41.405443736133975,cir_coefficients_tau_mask,,"[1, 1, 1, 1, 23, 1]","[1, 1, 23]","[1, 1, 23]","[1, 1, 23]",,True,,23,5.130942337672195e-08,-41.40544330963414,0,0.0,-4.2649983811315906e-07,0,0,0,0,0,0,0,0
100,25698,rx_nao_chest,/home/telilab4090/Documents/Gazebo World/my_world/rt_out/experiments/semantic_ablation_rigid_200f/sionna_xml/frame_100_sionna.xml,30.0,0.0,0.0,2.4,-0.1337,2.748,0.7,28000000000.0,24,1.0787783999433032e-08,6.209720737615498e-08,5.130942337672195e-08,7.26618338831031e-08,-71.38693645349419,-41.38693645349419,cir_coefficients_tau_mask,,"[1, 1, 1, 1, 24, 1]","[1, 1, 24]","[1, 1, 24]","[1, 1, 24]",,True,,23,5.130942337672195e-08,-41.405443736133975,1,0.0,0.018507282639788514,1,0,0,0,0,0,0,0
101,25955,rx_nao_chest,/home/telilab4090/Documents/Gazebo World/my_world/rt_out/experiments/semantic_ablation_rigid_200f/sionna_xml/frame_101_sionna.xml,30.0,0.0,0.0,2.4,-0.1337,2.748,0.7,28000000000.0,24,1.0787783999433032e-08,6.209720737615498e-08,5.130942337672195e-08,7.249248312746204e-08,-71.39707023849851,-41.397070238498515,cir_coefficients_tau_mask,,"[1, 1, 1, 1, 24, 1]","[1, 1, 24]","[1, 1, 24]","[1, 1, 24]",,True,,24,5.130942337672195e-08,-41.38693645349419,0,0.0,-0.010133785004327933,0,0,0,0,0,0,0,0
102,26212,rx_nao_chest,/home/telilab4090/Documents/Gazebo World/my_world/rt_out/experiments/semantic_ablation_rigid_200f/sionna_xml/frame_102_sionna.xml,30.0,0.0,0.0,2.4,-0.1337,2.748,0.7,28000000000.0,24,1.0787783999433032e-08,6.209720737615498e-08,5.130942337672195e-08,7.24924902328894e-08,-71.3970698128202,-41.397069812820206,cir_coefficients_tau_mask,,"[1, 1, 1, 1, 24, 1]","[1, 1, 24]","[1, 1, 24]","[1, 1, 24]",,True,,24,5.130942337672195e-08,-41.397070238498515,0,0.0,4.2567830860207323e-07,0,0,0,0,0,0,0,0
103,26469,rx_nao_chest,/home/telilab4090/Documents/Gazebo World/my_world/rt_out/experiments/semantic_ablation_rigid_200f/sionna_xml/frame_103_sionna.xml,30.0,0.0,0.0,2.4,-0.1337,2.748,0.7,28000000000.0,24,1.0787783999433032e-08,6.209720737615498e-08,5.130942337672195e-08,7.249248312746204e-08,-71.39707023849851,-41.397070238498515,cir_coefficients_tau_mask,,"[1, 1, 1, 1, 24, 1]","[1, 1, 24]","[1, 1, 24]","[1, 1, 24]",,True,,24,5.130942337672195e-08,-41.397069812820206,0,0.0,-4.2567830860207323e-07,0,0,0,0,0,0,0,0
104,26726,rx_nao_chest,/home/telilab4090/Documents/Gazebo World/my_world/rt_out/experiments/semantic_ablation_rigid_200f/sionna_xml/frame_104_sionna.xml,30.0,0.0,0.0,2.4,-0.1337,2.748,0.7,28000000000.0,24,1.0787783999433032e-08,6.209720737615498e-08,5.130942337672195e-08,7.24924902328894e-08,-71.3970698128202,-41.397069812820206,cir_coefficients_tau_mask,,"[1, 1, 1, 1, 24, 1]","[1, 1, 24]","[1, 1, 24]","[1, 1, 24]",,True,,24,5.130942337672195e-08,-41.397070238498515,0,0.0,4.2567830860207323e-07,0,0,0,0,0,0,0,0
105,26983,rx_nao_chest,/home/telilab4090/Documents/Gazebo World/my_world/rt_out/experiments/semantic_ablation_rigid_200f/sionna_xml/frame_105_sionna.xml,30.0,0.0,0.0,2.4,-0.1337,2.748,0.7,28000000000.0,24,1.0787783999433032e-08,6.209720737615498e-08,5.130942337672195e-08,7.24924902328894e-08,-71.3970698128202,-41.397069812820206,cir_coefficients_tau_mask,,"[1, 1, 1, 1, 24, 1]","[1, 1, 24]","[1, 1, 24]","[1, 1, 24]",,True,,24,5.130942337672195e-08,-41.397069812820206,0,0.0,0.0,0,0,0,0,0,0,0,0
106,27240,rx_nao_chest,/home/telilab4090/Documents/Gazebo World/my_world/rt_out/experiments/semantic_ablation_rigid_200f/sionna_xml/frame_106_sionna.xml,30.0,0.0,0.0,2.4,-0.1337,2.748,0.7,28000000000.0,24,1.0787783999433032e-08,6.209720737615498e-08,5.130942337672195e-08,7.249248312746204e-08,-71.39707023849851,-41.397070238498515,cir_coefficients_tau_mask,,"[1, 1, 1, 1, 24, 1]","[1, 1, 24]","[1, 1, 24]","[1, 1, 24]",,True,,24,5.130942337672195e-08,-41.397069812820206,0,0.0,-4.2567830860207323e-07,0,0,0,0,0,0,0,0
107,27497,rx_nao_chest,/home/telilab4090/Documents/Gazebo World/my_world/rt_out/experiments/semantic_ablation_rigid_200f/sionna_xml/frame_107_sionna.xml,30.0,0.0,0.0,2.4,-0.1337,2.748,0.7,28000000000.0,23,1.0787783999433032e-08,6.209720737615498e-08,5.130942337672195e-08,7.235285437445782e-08,-71.40544330963414,-41.40544330963414,cir_coefficients_tau_mask,,"[1, 1, 1, 1, 23, 1]","[1, 1, 23]","[1, 1, 23]","[1, 1, 23]",,True,,24,5.130942337672195e-08,-41.397070238498515,-1,0.0,-0.008373071135622467,1,1,0,0,0,0,0,0
108,27754,rx_nao_chest,/home/telilab4090/Documents/Gazebo World/my_world/rt_out/experiments/semantic_ablation_rigid_200f/sionna_xml/frame_108_sionna.xml,30.0,0.0,0.0,2.4,-0.1337,2.748,0.7,28000000000.0,20,1.0787783999433032e-08,6.209720737615498e-08,5.130942337672195e-08,7.193393969373574e-08,-71.43066153512711,-41.430661535127115,cir_coefficients_tau_mask,,"[1, 1, 1, 1, 20, 1]","[1, 1, 20]","[1, 1, 20]","[1, 1, 20]",,True,,23,5.130942337672195e-08,-41.40544330963414,-3,0.0,-0.025218225492977808,1,1,0,0,0,0,0,0
109,28011,rx_nao_chest,/home/telilab4090/Documents/Gazebo World/my_world/rt_out/experiments/semantic_ablation_rigid_200f/sionna_xml/frame_109_sionna.xml,30.0,0.0,0.0,2.4,-0.1337,2.748,0.7,28000000000.0,24,1.0787783999433032e-08,6.209720737615498e-08,5.130942337672195e-08,7.249248312746204e-08,-71.39707023849851,-41.397070238498515,cir_coefficients_tau_mask,,"[1, 1, 1, 1, 24, 1]","[1, 1, 24]","[1, 1, 24]","[1, 1, 24]",,True,,20,5.130942337672195e-08,-41.430661535127115,4,0.0,0.033591296628600276,1,0,0,0,0,0,0,0
110,28268,rx_nao_chest,/home/telilab4090/Documents/Gazebo World/my_world/rt_out/experiments/semantic_ablation_rigid_200f/sionna_xml/frame_110_sionna.xml,30.0,0.0,0.0,2.4,-0.1337,2.748,0.7,28000000000.0,24,1.0787783999433032e-08,6.209720737615498e-08,5.130942337672195e-08,7.24924902328894e-08,-71.3970698128202,-41.397069812820206,cir_coefficients_tau_mask,,"[1, 1, 1, 1, 24, 1]","[1, 1, 24]","[1, 1, 24]","[1, 1, 24]",,True,,24,5.130942337672195e-08,-41.397070238498515,0,0.0,4.2567830860207323e-07,0,0,0,0,0,0,0,0
111,28525,rx_nao_chest,/home/telilab4090/Documents/Gazebo World/my_world/rt_out/experiments/semantic_ablation_rigid_200f/sionna_xml/frame_111_sionna.xml,30.0,0.0,0.0,2.4,-0.1337,2.748,0.7,28000000000.0,24,1.0787783999433032e-08,6.209720737615498e-08,5.130942337672195e-08,7.249248312746204e-08,-71.39707023849851,-41.397070238498515,cir_coefficients_tau_mask,,"[1, 1, 1, 1, 24, 1]","[1, 1, 24]","[1, 1, 24]","[1, 1, 24]",,True,,24,5.130942337672195e-08,-41.397069812820206,0,0.0,-4.2567830860207323e-07,0,0,0,0,0,0,0,0
112,28782,rx_nao_chest,/home/telilab4090/Documents/Gazebo World/my_world/rt_out/experiments/semantic_ablation_rigid_200f/sionna_xml/frame_112_sionna.xml,30.0,0.0,0.0,2.4,-0.1337,2.748,0.7,28000000000.0,24,1.0787783999433032e-08,6.209720737615498e-08,5.130942337672195e-08,7.24924902328894e-08,-71.3970698128202,-41.397069812820206,cir_coefficients_tau_mask,,"[1, 1, 1, 1, 24, 1]","[1, 1, 24]","[1, 1, 24]","[1, 1, 24]",,True,,24,5.130942337672195e-08,-41.397070238498515,0,0.0,4.2567830860207323e-07,0,0,0,0,0,0,0,0
113,29039,rx_nao_chest,/home/telilab4090/Documents/Gazebo World/my_world/rt_out/experiments/semantic_ablation_rigid_200f/sionna_xml/frame_113_sionna.xml,30.0,0.0,0.0,2.4,-0.1337,2.748,0.7,28000000000.0,24,1.0787783999433032e-08,6.209720737615498e-08,5.130942337672195e-08,7.249248312746204e-08,-71.39707023849851,-41.397070238498515,cir_coefficients_tau_mask,,"[1, 1, 1, 1, 24, 1]","[1, 1, 24]","[1, 1, 24]","[1, 1, 24]",,True,,24,5.130942337672195e-08,-41.397069812820206,0,0.0,-4.2567830860207323e-07,0,0,0,0,0,0,0,0
114,29296,rx_nao_chest,/home/telilab4090/Documents/Gazebo World/my_world/rt_out/experiments/semantic_ablation_rigid_200f/sionna_xml/frame_114_sionna.xml,30.0,0.0,0.0,2.4,-0.1337,2.748,0.7,28000000000.0,24,1.0787783999433032e-08,6.209720737615498e-08,5.130942337672195e-08,7.249248312746204e-08,-71.39707023849851,-41.397070238498515,cir_coefficients_tau_mask,,"[1, 1, 1, 1, 24, 1]","[1, 1, 24]","[1, 1, 24]","[1, 1, 24]",,True,,24,5.130942337672195e-08,-41.397070238498515,0,0.0,0.0,0,0,0,0,0,0,0,0
115,29553,rx_nao_chest,/home/telilab4090/Documents/Gazebo World/my_world/rt_out/experiments/semantic_ablation_rigid_200f/sionna_xml/frame_115_sionna.xml,30.0,0.0,0.0,2.4,-0.1337,2.748,0.7,28000000000.0,24,1.0787783999433032e-08,6.209720737615498e-08,5.130942337672195e-08,7.249249733831675e-08,-71.39706938714195,-41.397069387141954,cir_coefficients_tau_mask,,"[1, 1, 1, 1, 24, 1]","[1, 1, 24]","[1, 1, 24]","[1, 1, 24]",,True,,24,5.130942337672195e-08,-41.397070238498515,0,0.0,8.513565603607276e-07,0,0,0,0,0,0,0,0
116,29810,rx_nao_chest,/home/telilab4090/Documents/Gazebo World/my_world/rt_out/experiments/semantic_ablation_rigid_200f/sionna_xml/frame_116_sionna.xml,30.0,0.0,0.0,2.4,-0.1337,2.748,0.7,28000000000.0,24,1.0787783999433032e-08,6.209720737615498e-08,5.130942337672195e-08,7.249248312746204e-08,-71.39707023849851,-41.397070238498515,cir_coefficients_tau_mask,,"[1, 1, 1, 1, 24, 1]","[1, 1, 24]","[1, 1, 24]","[1, 1, 24]",,True,,24,5.130942337672195e-08,-41.397069387141954,0,0.0,-8.513565603607276e-07,0,0,0,0,0,0,0,0
117,30067,rx_nao_chest,/home/telilab4090/Documents/Gazebo World/my_world/rt_out/experiments/semantic_ablation_rigid_200f/sionna_xml/frame_117_sionna.xml,30.0,0.0,0.0,2.4,-0.1337,2.748,0.7,28000000000.0,24,1.0787783999433032e-08,6.209720737615498e-08,5.130942337672195e-08,7.249248312746204e-08,-71.39707023849851,-41.397070238498515,cir_coefficients_tau_mask,,"[1, 1, 1, 1, 24, 1]","[1, 1, 24]","[1, 1, 24]","[1, 1, 24]",,True,,24,5.130942337672195e-08,-41.397070238498515,0,0.0,0.0,0,0,0,0,0,0,0,0
118,30324,rx_nao_chest,/home/telilab4090/Documents/Gazebo World/my_world/rt_out/experiments/semantic_ablation_rigid_200f/sionna_xml/frame_118_sionna.xml,30.0,0.0,0.0,2.4,-0.1337,2.748,0.7,28000000000.0,24,1.0787783999433032e-08,6.209720737615498e-08,5.130942337672195e-08,7.24924902328894e-08,-71.3970698128202,-41.397069812820206,cir_coefficients_tau_mask,,"[1, 1, 1, 1, 24, 1]","[1, 1, 24]","[1, 1, 24]","[1, 1, 24]",,True,,24,5.130942337672195e-08,-41.397070238498515,0,0.0,4.2567830860207323e-07,0,0,0,0,0,0,0,0
119,30581,rx_nao_chest,/home/telilab4090/Documents/Gazebo World/my_world/rt_out/experiments/semantic_ablation_rigid_200f/sionna_xml/frame_119_sionna.xml,30.0,0.0,0.0,2.4,-0.1337,2.748,0.7,28000000000.0,24,1.0787783999433032e-08,6.209720737615498e-08,5.130942337672195e-08,7.24924902328894e-08,-71.3970698128202,-41.397069812820206,cir_coefficients_tau_mask,,"[1, 1, 1, 1, 24, 1]","[1, 1, 24]","[1, 1, 24]","[1, 1, 24]",,True,,24,5.130942337672195e-08,-41.397069812820206,0,0.0,0.0,0,0,0,0,0,0,0,0
120,30838,rx_nao_chest,/home/telilab4090/Documents/Gazebo World/my_world/rt_out/experiments/semantic_ablation_rigid_200f/sionna_xml/frame_120_sionna.xml,30.0,0.0,0.0,2.4,-0.1337,2.748,0.7,28000000000.0,20,1.0787783999433032e-08,6.209720737615498e-08,5.130942337672195e-08,7.193393969373574e-08,-71.43066153512711,-41.430661535127115,cir_coefficients_tau_mask,,"[1, 1, 1, 1, 20, 1]","[1, 1, 20]","[1, 1, 20]","[1, 1, 20]",,True,,24,5.130942337672195e-08,-41.397069812820206,-4,0.0,-0.03359172230690888,1,1,0,0,0,0,0,0
121,31095,rx_nao_chest,/home/telilab4090/Documents/Gazebo World/my_world/rt_out/experiments/semantic_ablation_rigid_200f/sionna_xml/frame_121_sionna.xml,30.0,0.0,0.0,2.4,-0.1337,2.748,0.7,28000000000.0,23,1.0787783999433032e-08,6.209720737615498e-08,5.130942337672195e-08,7.2363349090665e-08,-71.40481341509064,-41.40481341509064,cir_coefficients_tau_mask,,"[1, 1, 1, 1, 23, 1]","[1, 1, 23]","[1, 1, 23]","[1, 1, 23]",,True,,20,5.130942337672195e-08,-41.430661535127115,3,0.0,0.0258481200364713,1,0,0,0,0,0,0,0
122,31352,rx_nao_chest,/home/telilab4090/Documents/Gazebo World/my_world/rt_out/experiments/semantic_ablation_rigid_200f/sionna_xml/frame_122_sionna.xml,30.0,0.0,0.0,2.4,-0.1337,2.748,0.7,28000000000.0,23,1.0787783999433032e-08,6.209720737615498e-08,5.130942337672195e-08,7.244391042604548e-08,-71.39998115086068,-41.39998115086068,cir_coefficients_tau_mask,,"[1, 1, 1, 1, 23, 1]","[1, 1, 23]","[1, 1, 23]","[1, 1, 23]",,True,,23,5.130942337672195e-08,-41.40481341509064,0,0.0,0.00483226422996097,0,0,0,0,0,0,0,0
123,31609,rx_nao_chest,/home/telilab4090/Documents/Gazebo World/my_world/rt_out/experiments/semantic_ablation_rigid_200f/sionna_xml/frame_123_sionna.xml,30.0,0.0,0.0,2.4,-0.1337,2.748,0.7,28000000000.0,22,1.0787783999433032e-08,6.209720737615498e-08,5.130942337672195e-08,7.231477638924844e-08,-71.40772952378627,-41.40772952378627,cir_coefficients_tau_mask,,"[1, 1, 1, 1, 22, 1]","[1, 1, 22]","[1, 1, 22]","[1, 1, 22]",,True,,23,5.130942337672195e-08,-41.39998115086068,-1,0.0,-0.0077483729255902745,1,1,0,0,0,0,0,0
124,31866,rx_nao_chest,/home/telilab4090/Documents/Gazebo World/my_world/rt_out/experiments/semantic_ablation_rigid_200f/sionna_xml/frame_124_sionna.xml,30.0,0.0,0.0,2.4,-0.1337,2.748,0.7,28000000000.0,22,1.0787783999433032e-08,6.209720737615498e-08,5.130942337672195e-08,7.231476217839372e-08,-71.40773037723514,-41.40773037723514,cir_coefficients_tau_mask,,"[1, 1, 1, 1, 22, 1]","[1, 1, 22]","[1, 1, 22]","[1, 1, 22]",,True,,22,5.130942337672195e-08,-41.40772952378627,0,0.0,-8.534488671330109e-07,0,0,0,0,0,0,0,0
125,32123,rx_nao_chest,/home/telilab4090/Documents/Gazebo World/my_world/rt_out/experiments/semantic_ablation_rigid_200f/sionna_xml/frame_125_sionna.xml,30.0,0.0,0.0,2.4,-0.1337,2.748,0.7,28000000000.0,21,1.0787783999433032e-08,6.209720737615498e-08,5.130942337672195e-08,7.217514053081686e-08,-71.41612361840052,-41.41612361840052,cir_coefficients_tau_mask,,"[1, 1, 1, 1, 21, 1]","[1, 1, 21]","[1, 1, 21]","[1, 1, 21]",,True,,22,5.130942337672195e-08,-41.40773037723514,-1,0.0,-0.008393241165379095,1,1,0,0,0,0,0,0
126,32380,rx_nao_chest,/home/telilab4090/Documents/Gazebo World/my_world/rt_out/experiments/semantic_ablation_rigid_200f/sionna_xml/frame_126_sionna.xml,30.0,0.0,0.0,2.4,-0.1337,2.748,0.7,28000000000.0,22,1.0787783999433032e-08,6.209720737615498e-08,5.130942337672195e-08,7.230426746218654e-08,-71.4083606950235,-41.408360695023504,cir_coefficients_tau_mask,,"[1, 1, 1, 1, 22, 1]","[1, 1, 22]","[1, 1, 22]","[1, 1, 22]",,True,,21,5.130942337672195e-08,-41.41612361840052,1,0.0,0.0077629233770153405,1,0,0,0,0,0,0,0
127,32637,rx_nao_chest,/home/telilab4090/Documents/Gazebo World/my_world/rt_out/experiments/semantic_ablation_rigid_200f/sionna_xml/frame_127_sionna.xml,30.0,0.0,0.0,2.4,-0.1337,2.748,0.7,28000000000.0,22,1.0787783999433032e-08,6.209720737615498e-08,5.130942337672195e-08,7.231477638924844e-08,-71.40772952378627,-41.40772952378627,cir_coefficients_tau_mask,,"[1, 1, 1, 1, 22, 1]","[1, 1, 22]","[1, 1, 22]","[1, 1, 22]",,True,,22,5.130942337672195e-08,-41.408360695023504,0,0.0,0.0006311712372308875,0,0,0,0,0,0,0,0
128,32894,rx_nao_chest,/home/telilab4090/Documents/Gazebo World/my_world/rt_out/experiments/semantic_ablation_rigid_200f/sionna_xml/frame_128_sionna.xml,30.0,0.0,0.0,2.4,-0.1337,2.748,0.7,28000000000.0,24,1.0787783999433032e-08,6.209720737615498e-08,5.130942337672195e-08,7.24924902328894e-08,-71.3970698128202,-41.397069812820206,cir_coefficients_tau_mask,,"[1, 1, 1, 1, 24, 1]","[1, 1, 24]","[1, 1, 24]","[1, 1, 24]",,True,,22,5.130942337672195e-08,-41.40772952378627,2,0.0,0.010659710966066882,1,0,0,0,0,0,0,0
129,33151,rx_nao_chest,/home/telilab4090/Documents/Gazebo World/my_world/rt_out/experiments/semantic_ablation_rigid_200f/sionna_xml/frame_129_sionna.xml,30.0,0.0,0.0,2.4,-0.1337,2.748,0.7,28000000000.0,24,1.0787783999433032e-08,6.209720737615498e-08,5.130942337672195e-08,7.24924902328894e-08,-71.3970698128202,-41.397069812820206,cir_coefficients_tau_mask,,"[1, 1, 1, 1, 24, 1]","[1, 1, 24]","[1, 1, 24]","[1, 1, 24]",,True,,24,5.130942337672195e-08,-41.397069812820206,0,0.0,0.0,0,0,0,0,0,0,0,0
130,33408,rx_nao_chest,/home/telilab4090/Documents/Gazebo World/my_world/rt_out/experiments/semantic_ablation_rigid_200f/sionna_xml/frame_130_sionna.xml,30.0,0.0,0.0,2.4,-0.1337,2.748,0.7,28000000000.0,24,1.0787783999433032e-08,6.209720737615498e-08,5.130942337672195e-08,7.24924902328894e-08,-71.3970698128202,-41.397069812820206,cir_coefficients_tau_mask,,"[1, 1, 1, 1, 24, 1]","[1, 1, 24]","[1, 1, 24]","[1, 1, 24]",,True,,24,5.130942337672195e-08,-41.397069812820206,0,0.0,0.0,0,0,0,0,0,0,0,0
131,33665,rx_nao_chest,/home/telilab4090/Documents/Gazebo World/my_world/rt_out/experiments/semantic_ablation_rigid_200f/sionna_xml/frame_131_sionna.xml,30.0,0.0,0.0,2.4,-0.1337,2.748,0.7,28000000000.0,24,1.0787783999433032e-08,6.209720737615498e-08,5.130942337672195e-08,7.249248312746204e-08,-71.39707023849851,-41.397070238498515,cir_coefficients_tau_mask,,"[1, 1, 1, 1, 24, 1]","[1, 1, 24]","[1, 1, 24]","[1, 1, 24]",,True,,24,5.130942337672195e-08,-41.397069812820206,0,0.0,-4.2567830860207323e-07,0,0,0,0,0,0,0,0
132,33922,rx_nao_chest,/home/telilab4090/Documents/Gazebo World/my_world/rt_out/experiments/semantic_ablation_rigid_200f/sionna_xml/frame_132_sionna.xml,30.0,0.0,0.0,2.4,-0.1337,2.748,0.7,28000000000.0,23,1.0787783999433032e-08,6.209720737615498e-08,5.130942337672195e-08,7.244390332061812e-08,-71.39998157682443,-41.39998157682443,cir_coefficients_tau_mask,,"[1, 1, 1, 1, 23, 1]","[1, 1, 23]","[1, 1, 23]","[1, 1, 23]",,True,,24,5.130942337672195e-08,-41.397070238498515,-1,0.0,-0.0029113383259158354,1,1,0,0,0,0,0,0
133,34179,rx_nao_chest,/home/telilab4090/Documents/Gazebo World/my_world/rt_out/experiments/semantic_ablation_rigid_200f/sionna_xml/frame_133_sionna.xml,30.0,0.0,0.0,2.4,-0.1337,2.748,0.7,28000000000.0,23,1.0787783999433032e-08,6.209720737615498e-08,5.130942337672195e-08,7.244391042604548e-08,-71.39998115086068,-41.39998115086068,cir_coefficients_tau_mask,,"[1, 1, 1, 1, 23, 1]","[1, 1, 23]","[1, 1, 23]","[1, 1, 23]",,True,,23,5.130942337672195e-08,-41.39998157682443,0,0.0,4.259637478298828e-07,0,0,0,0,0,0,0,0
134,34436,rx_nao_chest,/home/telilab4090/Documents/Gazebo World/my_world/rt_out/experiments/semantic_ablation_rigid_200f/sionna_xml/frame_134_sionna.xml,30.0,0.0,0.0,2.4,-0.1337,2.748,0.7,28000000000.0,24,1.0787783999433032e-08,6.209720737615498e-08,5.130942337672195e-08,7.260293699573594e-08,-71.39045810494922,-41.39045810494922,cir_coefficients_tau_mask,,"[1, 1, 1, 1, 24, 1]","[1, 1, 24]","[1, 1, 24]","[1, 1, 24]",,True,,23,5.130942337672195e-08,-41.39998115086068,1,0.0,0.009523045911464578,1,0,0,0,0,0,0,0
135,34693,rx_nao_chest,/home/telilab4090/Documents/Gazebo World/my_world/rt_out/experiments/semantic_ablation_rigid_200f/sionna_xml/frame_135_sionna.xml,30.0,0.0,0.0,2.4,-0.1337,2.748,0.7,28000000000.0,25,1.0787783999433032e-08,6.209720737615498e-08,5.130942337672195e-08,7.264544876761647e-08,-71.38791589033198,-41.38791589033198,cir_coefficients_tau_mask,,"[1, 1, 1, 1, 25, 1]","[1, 1, 25]","[1, 1, 25]","[1, 1, 25]",,True,,24,5.130942337672195e-08,-41.39045810494922,1,0.0,0.002542214617236027,1,0,0,0,0,0,0,0
136,34950,rx_nao_chest,/home/telilab4090/Documents/Gazebo World/my_world/rt_out/experiments/semantic_ablation_rigid_200f/sionna_xml/frame_136_sionna.xml,30.0,0.0,0.0,2.4,-0.1337,2.748,0.7,28000000000.0,25,1.0787783999433032e-08,6.209720737615498e-08,5.130942337672195e-08,7.264495138770144e-08,-71.38794562517369,-41.387945625173685,cir_coefficients_tau_mask,,"[1, 1, 1, 1, 25, 1]","[1, 1, 25]","[1, 1, 25]","[1, 1, 25]",,True,,25,5.130942337672195e-08,-41.38791589033198,0,0.0,-2.973484170354368e-05,0,0,0,0,0,0,0,0
137,35207,rx_nao_chest,/home/telilab4090/Documents/Gazebo World/my_world/rt_out/experiments/semantic_ablation_rigid_200f/sionna_xml/frame_137_sionna.xml,30.0,0.0,0.0,2.4,-0.1337,2.748,0.7,28000000000.0,24,1.0787783999433032e-08,6.209720737615498e-08,5.130942337672195e-08,7.250525158042365e-08,-71.39630536190383,-41.39630536190383,cir_coefficients_tau_mask,,"[1, 1, 1, 1, 24, 1]","[1, 1, 24]","[1, 1, 24]","[1, 1, 24]",,True,,25,5.130942337672195e-08,-41.387945625173685,-1,0.0,-0.008359736730142231,1,1,0,0,0,0,0,0
138,35464,rx_nao_chest,/home/telilab4090/Documents/Gazebo World/my_world/rt_out/experiments/semantic_ablation_rigid_200f/sionna_xml/frame_138_sionna.xml,30.0,0.0,0.0,2.4,-0.1337,2.748,0.7,28000000000.0,19,1.0787783999433032e-08,6.209720737615498e-08,5.130942337672195e-08,7.188536699231918e-08,-71.4335950574037,-41.43359505740371,cir_coefficients_tau_mask,,"[1, 1, 1, 1, 19, 1]","[1, 1, 19]","[1, 1, 19]","[1, 1, 19]",,True,,24,5.130942337672195e-08,-41.39630536190383,-5,0.0,-0.03728969549987937,1,1,0,0,0,0,0,0
139,35721,rx_nao_chest,/home/telilab4090/Documents/Gazebo World/my_world/rt_out/experiments/semantic_ablation_rigid_200f/sionna_xml/frame_139_sionna.xml,30.0,0.0,0.0,2.4,-0.1337,2.748,0.7,28000000000.0,19,1.0787783999433032e-08,6.209720737615498e-08,5.130942337672195e-08,7.188535278146446e-08,-71.43359591595069,-41.43359591595069,cir_coefficients_tau_mask,,"[1, 1, 1, 1, 19, 1]","[1, 1, 19]","[1, 1, 19]","[1, 1, 19]",,True,,19,5.130942337672195e-08,-41.43359505740371,0,0.0,-8.585469828403802e-07,0,0,0,0,0,0,0,0
140,35978,rx_nao_chest,/home/telilab4090/Documents/Gazebo World/my_world/rt_out/experiments/semantic_ablation_rigid_200f/sionna_xml/frame_140_sionna.xml,30.0,0.0,0.0,2.4,-0.1337,2.748,0.7,28000000000.0,19,1.0787783999433032e-08,6.209720737615498e-08,5.130942337672195e-08,7.188535278146446e-08,-71.43359591595069,-41.43359591595069,cir_coefficients_tau_mask,,"[1, 1, 1, 1, 19, 1]","[1, 1, 19]","[1, 1, 19]","[1, 1, 19]",,True,,19,5.130942337672195e-08,-41.43359591595069,0,0.0,0.0,0,0,0,0,0,0,0,0
141,36235,rx_nao_chest,/home/telilab4090/Documents/Gazebo World/my_world/rt_out/experiments/semantic_ablation_rigid_200f/sionna_xml/frame_141_sionna.xml,30.0,0.0,0.0,2.4,-0.1337,2.748,0.7,28000000000.0,24,1.0787783999433032e-08,6.209720737615498e-08,5.130942337672195e-08,7.249248312746204e-08,-71.39707023849851,-41.397070238498515,cir_coefficients_tau_mask,,"[1, 1, 1, 1, 24, 1]","[1, 1, 24]","[1, 1, 24]","[1, 1, 24]",,True,,19,5.130942337672195e-08,-41.43359591595069,5,0.0,0.03652567745217539,1,0,0,0,0,0,0,0
142,36492,rx_nao_chest,/home/telilab4090/Documents/Gazebo World/my_world/rt_out/experiments/semantic_ablation_rigid_200f/sionna_xml/frame_142_sionna.xml,30.0,0.0,0.0,2.4,-0.1337,2.748,0.7,28000000000.0,24,1.0787783999433032e-08,6.209720737615498e-08,5.130942337672195e-08,7.249248312746204e-08,-71.39707023849851,-41.397070238498515,cir_coefficients_tau_mask,,"[1, 1, 1, 1, 24, 1]","[1, 1, 24]","[1, 1, 24]","[1, 1, 24]",,True,,24,5.130942337672195e-08,-41.397070238498515,0,0.0,0.0,0,0,0,0,0,0,0,0
143,36749,rx_nao_chest,/home/telilab4090/Documents/Gazebo World/my_world/rt_out/experiments/semantic_ablation_rigid_200f/sionna_xml/frame_143_sionna.xml,30.0,0.0,0.0,2.4,-0.1337,2.748,0.7,28000000000.0,24,1.0787783999433032e-08,6.209720737615498e-08,5.130942337672195e-08,7.249248312746204e-08,-71.39707023849851,-41.397070238498515,cir_coefficients_tau_mask,,"[1, 1, 1, 1, 24, 1]","[1, 1, 24]","[1, 1, 24]","[1, 1, 24]",,True,,24,5.130942337672195e-08,-41.397070238498515,0,0.0,0.0,0,0,0,0,0,0,0,0
144,37006,rx_nao_chest,/home/telilab4090/Documents/Gazebo World/my_world/rt_out/experiments/semantic_ablation_rigid_200f/sionna_xml/frame_144_sionna.xml,30.0,0.0,0.0,2.4,-0.1337,2.748,0.7,28000000000.0,24,1.0787783999433032e-08,6.209720737615498e-08,5.130942337672195e-08,7.24924902328894e-08,-71.3970698128202,-41.397069812820206,cir_coefficients_tau_mask,,"[1, 1, 1, 1, 24, 1]","[1, 1, 24]","[1, 1, 24]","[1, 1, 24]",,True,,24,5.130942337672195e-08,-41.397070238498515,0,0.0,4.2567830860207323e-07,0,0,0,0,0,0,0,0
145,37263,rx_nao_chest,/home/telilab4090/Documents/Gazebo World/my_world/rt_out/experiments/semantic_ablation_rigid_200f/sionna_xml/frame_145_sionna.xml,30.0,0.0,0.0,2.4,-0.1337,2.748,0.7,28000000000.0,24,1.0787783999433032e-08,6.209720737615498e-08,5.130942337672195e-08,7.249248312746204e-08,-71.39707023849851,-41.397070238498515,cir_coefficients_tau_mask,,"[1, 1, 1, 1, 24, 1]","[1, 1, 24]","[1, 1, 24]","[1, 1, 24]",,True,,24,5.130942337672195e-08,-41.397069812820206,0,0.0,-4.2567830860207323e-07,0,0,0,0,0,0,0,0
146,37520,rx_nao_chest,/home/telilab4090/Documents/Gazebo World/my_world/rt_out/experiments/semantic_ablation_rigid_200f/sionna_xml/frame_146_sionna.xml,30.0,0.0,0.0,2.4,-0.1337,2.748,0.7,28000000000.0,24,1.0787783999433032e-08,6.209720737615498e-08,5.130942337672195e-08,7.249249733831675e-08,-71.39706938714195,-41.397069387141954,cir_coefficients_tau_mask,,"[1, 1, 1, 1, 24, 1]","[1, 1, 24]","[1, 1, 24]","[1, 1, 24]",,True,,24,5.130942337672195e-08,-41.397070238498515,0,0.0,8.513565603607276e-07,0,0,0,0,0,0,0,0
147,37777,rx_nao_chest,/home/telilab4090/Documents/Gazebo World/my_world/rt_out/experiments/semantic_ablation_rigid_200f/sionna_xml/frame_147_sionna.xml,30.0,0.0,0.0,2.4,-0.1337,2.748,0.7,28000000000.0,24,1.0787783999433032e-08,6.209720737615498e-08,5.130942337672195e-08,7.24924902328894e-08,-71.3970698128202,-41.397069812820206,cir_coefficients_tau_mask,,"[1, 1, 1, 1, 24, 1]","[1, 1, 24]","[1, 1, 24]","[1, 1, 24]",,True,,24,5.130942337672195e-08,-41.397069387141954,0,0.0,-4.2567825175865437e-07,0,0,0,0,0,0,0,0
148,38034,rx_nao_chest,/home/telilab4090/Documents/Gazebo World/my_world/rt_out/experiments/semantic_ablation_rigid_200f/sionna_xml/frame_148_sionna.xml,30.0,0.0,0.0,2.4,-0.1337,2.748,0.7,28000000000.0,24,1.0787783999433032e-08,6.209720737615498e-08,5.130942337672195e-08,7.249248312746204e-08,-71.39707023849851,-41.397070238498515,cir_coefficients_tau_mask,,"[1, 1, 1, 1, 24, 1]","[1, 1, 24]","[1, 1, 24]","[1, 1, 24]",,True,,24,5.130942337672195e-08,-41.397069812820206,0,0.0,-4.2567830860207323e-07,0,0,0,0,0,0,0,0
149,38291,rx_nao_chest,/home/telilab4090/Documents/Gazebo World/my_world/rt_out/experiments/semantic_ablation_rigid_200f/sionna_xml/frame_149_sionna.xml,30.0,0.0,0.0,2.4,-0.1337,2.748,0.7,28000000000.0,24,1.0787783999433032e-08,6.209720737615498e-08,5.130942337672195e-08,7.24924902328894e-08,-71.3970698128202,-41.397069812820206,cir_coefficients_tau_mask,,"[1, 1, 1, 1, 24, 1]","[1, 1, 24]","[1, 1, 24]","[1, 1, 24]",,True,,24,5.130942337672195e-08,-41.397070238498515,0,0.0,4.2567830860207323e-07,0,0,0,0,0,0,0,0
150,38548,rx_nao_chest,/home/telilab4090/Documents/Gazebo World/my_world/rt_out/experiments/semantic_ablation_rigid_200f/sionna_xml/frame_150_sionna.xml,30.0,0.0,0.0,2.4,-0.1337,2.748,0.7,28000000000.0,22,1.0787783999433032e-08,6.209720737615498e-08,5.130942337672195e-08,7.231476928382108e-08,-71.40772995051069,-41.407729950510685,cir_coefficients_tau_mask,,"[1, 1, 1, 1, 22, 1]","[1, 1, 22]","[1, 1, 22]","[1, 1, 22]",,True,,24,5.130942337672195e-08,-41.397069812820206,-2,0.0,-0.010660137690479132,1,1,0,0,0,0,0,0
151,38805,rx_nao_chest,/home/telilab4090/Documents/Gazebo World/my_world/rt_out/experiments/semantic_ablation_rigid_200f/sionna_xml/frame_151_sionna.xml,30.0,0.0,0.0,2.4,-0.1337,2.748,0.7,28000000000.0,22,1.0787783999433032e-08,6.209720737615498e-08,5.130942337672195e-08,7.231477638924844e-08,-71.40772952378627,-41.40772952378627,cir_coefficients_tau_mask,,"[1, 1, 1, 1, 22, 1]","[1, 1, 22]","[1, 1, 22]","[1, 1, 22]",,True,,22,5.130942337672195e-08,-41.407729950510685,0,0.0,4.267244122502234e-07,0,0,0,0,0,0,0,0
152,39062,rx_nao_chest,/home/telilab4090/Documents/Gazebo World/my_world/rt_out/experiments/semantic_ablation_rigid_200f/sionna_xml/frame_152_sionna.xml,30.0,0.0,0.0,2.4,-0.1337,2.748,0.7,28000000000.0,23,1.0787783999433032e-08,6.209720737615498e-08,5.130942337672195e-08,7.236336330151971e-08,-71.40481256221481,-41.404812562214815,cir_coefficients_tau_mask,,"[1, 1, 1, 1, 23, 1]","[1, 1, 23]","[1, 1, 23]","[1, 1, 23]",,True,,22,5.130942337672195e-08,-41.40772952378627,1,0.0,0.0029169615714579322,1,0,0,0,0,0,0,0
153,39319,rx_nao_chest,/home/telilab4090/Documents/Gazebo World/my_world/rt_out/experiments/semantic_ablation_rigid_200f/sionna_xml/frame_153_sionna.xml,30.0,0.0,0.0,2.4,-0.1337,2.748,0.7,28000000000.0,23,1.0787783999433032e-08,6.209720737615498e-08,5.130942337672195e-08,7.236335619609235e-08,-71.40481298865271,-41.40481298865271,cir_coefficients_tau_mask,,"[1, 1, 1, 1, 23, 1]","[1, 1, 23]","[1, 1, 23]","[1, 1, 23]",,True,,23,5.130942337672195e-08,-41.404812562214815,0,0.0,-4.264378929974555e-07,0,0,0,0,0,0,0,0
154,39576,rx_nao_chest,/home/telilab4090/Documents/Gazebo World/my_world/rt_out/experiments/semantic_ablation_rigid_200f/sionna_xml/frame_154_sionna.xml,30.0,0.0,0.0,2.4,-0.1337,2.748,0.7,28000000000.0,23,1.0787783999433032e-08,6.209720737615498e-08,5.130942337672195e-08,7.236335619609235e-08,-71.40481298865271,-41.40481298865271,cir_coefficients_tau_mask,,"[1, 1, 1, 1, 23, 1]","[1, 1, 23]","[1, 1, 23]","[1, 1, 23]",,True,,23,5.130942337672195e-08,-41.40481298865271,0,0.0,0.0,0,0,0,0,0,0,0,0
155,39833,rx_nao_chest,/home/telilab4090/Documents/Gazebo World/my_world/rt_out/experiments/semantic_ablation_rigid_200f/sionna_xml/frame_155_sionna.xml,30.0,0.0,0.0,2.4,-0.1337,2.748,0.7,28000000000.0,23,1.0787783999433032e-08,6.209720737615498e-08,5.130942337672195e-08,7.236335619609235e-08,-71.40481298865271,-41.40481298865271,cir_coefficients_tau_mask,,"[1, 1, 1, 1, 23, 1]","[1, 1, 23]","[1, 1, 23]","[1, 1, 23]",,True,,23,5.130942337672195e-08,-41.40481298865271,0,0.0,0.0,0,0,0,0,0,0,0,0
156,40090,rx_nao_chest,/home/telilab4090/Documents/Gazebo World/my_world/rt_out/experiments/semantic_ablation_rigid_200f/sionna_xml/frame_156_sionna.xml,30.0,0.0,0.0,2.4,-0.1337,2.748,0.7,28000000000.0,23,1.0787783999433032e-08,6.209720737615498e-08,5.130942337672195e-08,7.236336330151971e-08,-71.40481256221481,-41.404812562214815,cir_coefficients_tau_mask,,"[1, 1, 1, 1, 23, 1]","[1, 1, 23]","[1, 1, 23]","[1, 1, 23]",,True,,23,5.130942337672195e-08,-41.40481298865271,0,0.0,4.264378929974555e-07,0,0,0,0,0,0,0,0
157,40347,rx_nao_chest,/home/telilab4090/Documents/Gazebo World/my_world/rt_out/experiments/semantic_ablation_rigid_200f/sionna_xml/frame_157_sionna.xml,30.0,0.0,0.0,2.4,-0.1337,2.748,0.7,28000000000.0,24,1.0787783999433032e-08,6.209720737615498e-08,5.130942337672195e-08,7.249248312746204e-08,-71.39707023849851,-41.397070238498515,cir_coefficients_tau_mask,,"[1, 1, 1, 1, 24, 1]","[1, 1, 24]","[1, 1, 24]","[1, 1, 24]",,True,,23,5.130942337672195e-08,-41.404812562214815,1,0.0,0.007742323716300348,1,0,0,0,0,0,0,0
158,40604,rx_nao_chest,/home/telilab4090/Documents/Gazebo World/my_world/rt_out/experiments/semantic_ablation_rigid_200f/sionna_xml/frame_158_sionna.xml,30.0,0.0,0.0,2.4,-0.1337,2.748,0.7,28000000000.0,24,1.0787783999433032e-08,6.209720737615498e-08,5.130942337672195e-08,7.24924902328894e-08,-71.3970698128202,-41.397069812820206,cir_coefficients_tau_mask,,"[1, 1, 1, 1, 24, 1]","[1, 1, 24]","[1, 1, 24]","[1, 1, 24]",,True,,24,5.130942337672195e-08,-41.397070238498515,0,0.0,4.2567830860207323e-07,0,0,0,0,0,0,0,0
159,40861,rx_nao_chest,/home/telilab4090/Documents/Gazebo World/my_world/rt_out/experiments/semantic_ablation_rigid_200f/sionna_xml/frame_159_sionna.xml,30.0,0.0,0.0,2.4,-0.1337,2.748,0.7,28000000000.0,24,1.0787783999433032e-08,6.209720737615498e-08,5.130942337672195e-08,7.249248312746204e-08,-71.39707023849851,-41.397070238498515,cir_coefficients_tau_mask,,"[1, 1, 1, 1, 24, 1]","[1, 1, 24]","[1, 1, 24]","[1, 1, 24]",,True,,24,5.130942337672195e-08,-41.397069812820206,0,0.0,-4.2567830860207323e-07,0,0,0,0,0,0,0,0
160,41118,rx_nao_chest,/home/telilab4090/Documents/Gazebo World/my_world/rt_out/experiments/semantic_ablation_rigid_200f/sionna_xml/frame_160_sionna.xml,30.0,0.0,0.0,2.4,-0.1337,2.748,0.7,28000000000.0,24,1.0787783999433032e-08,6.209720737615498e-08,5.130942337672195e-08,7.24924902328894e-08,-71.3970698128202,-41.397069812820206,cir_coefficients_tau_mask,,"[1, 1, 1, 1, 24, 1]","[1, 1, 24]","[1, 1, 24]","[1, 1, 24]",,True,,24,5.130942337672195e-08,-41.397070238498515,0,0.0,4.2567830860207323e-07,0,0,0,0,0,0,0,0
161,41375,rx_nao_chest,/home/telilab4090/Documents/Gazebo World/my_world/rt_out/experiments/semantic_ablation_rigid_200f/sionna_xml/frame_161_sionna.xml,30.0,0.0,0.0,2.4,-0.1337,2.748,0.7,28000000000.0,24,1.0787783999433032e-08,6.209720737615498e-08,5.130942337672195e-08,7.24924902328894e-08,-71.3970698128202,-41.397069812820206,cir_coefficients_tau_mask,,"[1, 1, 1, 1, 24, 1]","[1, 1, 24]","[1, 1, 24]","[1, 1, 24]",,True,,24,5.130942337672195e-08,-41.397069812820206,0,0.0,0.0,0,0,0,0,0,0,0,0
162,41632,rx_nao_chest,/home/telilab4090/Documents/Gazebo World/my_world/rt_out/experiments/semantic_ablation_rigid_200f/sionna_xml/frame_162_sionna.xml,30.0,0.0,0.0,2.4,-0.1337,2.748,0.7,28000000000.0,24,1.0787783999433032e-08,6.209720737615498e-08,5.130942337672195e-08,7.249248312746204e-08,-71.39707023849851,-41.397070238498515,cir_coefficients_tau_mask,,"[1, 1, 1, 1, 24, 1]","[1, 1, 24]","[1, 1, 24]","[1, 1, 24]",,True,,24,5.130942337672195e-08,-41.397069812820206,0,0.0,-4.2567830860207323e-07,0,0,0,0,0,0,0,0
163,41889,rx_nao_chest,/home/telilab4090/Documents/Gazebo World/my_world/rt_out/experiments/semantic_ablation_rigid_200f/sionna_xml/frame_163_sionna.xml,30.0,0.0,0.0,2.4,-0.1337,2.748,0.7,28000000000.0,24,1.0787783999433032e-08,6.209720737615498e-08,5.130942337672195e-08,7.24924902328894e-08,-71.3970698128202,-41.397069812820206,cir_coefficients_tau_mask,,"[1, 1, 1, 1, 24, 1]","[1, 1, 24]","[1, 1, 24]","[1, 1, 24]",,True,,24,5.130942337672195e-08,-41.397070238498515,0,0.0,4.2567830860207323e-07,0,0,0,0,0,0,0,0
164,42146,rx_nao_chest,/home/telilab4090/Documents/Gazebo World/my_world/rt_out/experiments/semantic_ablation_rigid_200f/sionna_xml/frame_164_sionna.xml,30.0,0.0,0.0,2.4,-0.1337,2.748,0.7,28000000000.0,24,1.0787783999433032e-08,6.209720737615498e-08,5.130942337672195e-08,7.249248312746204e-08,-71.39707023849851,-41.397070238498515,cir_coefficients_tau_mask,,"[1, 1, 1, 1, 24, 1]","[1, 1, 24]","[1, 1, 24]","[1, 1, 24]",,True,,24,5.130942337672195e-08,-41.397069812820206,0,0.0,-4.2567830860207323e-07,0,0,0,0,0,0,0,0
165,42403,rx_nao_chest,/home/telilab4090/Documents/Gazebo World/my_world/rt_out/experiments/semantic_ablation_rigid_200f/sionna_xml/frame_165_sionna.xml,30.0,0.0,0.0,2.4,-0.1337,2.748,0.7,28000000000.0,24,1.0787783999433032e-08,6.209720737615498e-08,5.130942337672195e-08,7.24924902328894e-08,-71.3970698128202,-41.397069812820206,cir_coefficients_tau_mask,,"[1, 1, 1, 1, 24, 1]","[1, 1, 24]","[1, 1, 24]","[1, 1, 24]",,True,,24,5.130942337672195e-08,-41.397070238498515,0,0.0,4.2567830860207323e-07,0,0,0,0,0,0,0,0
166,42659,rx_nao_chest,/home/telilab4090/Documents/Gazebo World/my_world/rt_out/experiments/semantic_ablation_rigid_200f/sionna_xml/frame_166_sionna.xml,30.0,0.0,0.0,2.4,-0.1337,2.748,0.7,28000000000.0,24,1.0787783999433032e-08,6.209720737615498e-08,5.130942337672195e-08,7.249248312746204e-08,-71.39707023849851,-41.397070238498515,cir_coefficients_tau_mask,,"[1, 1, 1, 1, 24, 1]","[1, 1, 24]","[1, 1, 24]","[1, 1, 24]",,True,,24,5.130942337672195e-08,-41.397069812820206,0,0.0,-4.2567830860207323e-07,0,0,0,0,0,0,0,0
167,42916,rx_nao_chest,/home/telilab4090/Documents/Gazebo World/my_world/rt_out/experiments/semantic_ablation_rigid_200f/sionna_xml/frame_167_sionna.xml,30.0,0.0,0.0,2.4,-0.1337,2.748,0.7,28000000000.0,24,1.0787783999433032e-08,6.209720737615498e-08,5.130942337672195e-08,7.249248312746204e-08,-71.39707023849851,-41.397070238498515,cir_coefficients_tau_mask,,"[1, 1, 1, 1, 24, 1]","[1, 1, 24]","[1, 1, 24]","[1, 1, 24]",,True,,24,5.130942337672195e-08,-41.397070238498515,0,0.0,0.0,0,0,0,0,0,0,0,0
168,43173,rx_nao_chest,/home/telilab4090/Documents/Gazebo World/my_world/rt_out/experiments/semantic_ablation_rigid_200f/sionna_xml/frame_168_sionna.xml,30.0,0.0,0.0,2.4,-0.1337,2.748,0.7,28000000000.0,24,1.0787783999433032e-08,6.209720737615498e-08,5.130942337672195e-08,7.24924902328894e-08,-71.3970698128202,-41.397069812820206,cir_coefficients_tau_mask,,"[1, 1, 1, 1, 24, 1]","[1, 1, 24]","[1, 1, 24]","[1, 1, 24]",,True,,24,5.130942337672195e-08,-41.397070238498515,0,0.0,4.2567830860207323e-07,0,0,0,0,0,0,0,0
169,43430,rx_nao_chest,/home/telilab4090/Documents/Gazebo World/my_world/rt_out/experiments/semantic_ablation_rigid_200f/sionna_xml/frame_169_sionna.xml,30.0,0.0,0.0,2.4,-0.1337,2.748,0.7,28000000000.0,24,1.0787783999433032e-08,6.209720737615498e-08,5.130942337672195e-08,7.249248312746204e-08,-71.39707023849851,-41.397070238498515,cir_coefficients_tau_mask,,"[1, 1, 1, 1, 24, 1]","[1, 1, 24]","[1, 1, 24]","[1, 1, 24]",,True,,24,5.130942337672195e-08,-41.397069812820206,0,0.0,-4.2567830860207323e-07,0,0,0,0,0,0,0,0
170,43687,rx_nao_chest,/home/telilab4090/Documents/Gazebo World/my_world/rt_out/experiments/semantic_ablation_rigid_200f/sionna_xml/frame_170_sionna.xml,30.0,0.0,0.0,2.4,-0.1337,2.748,0.7,28000000000.0,24,1.0787783999433032e-08,6.209720737615498e-08,5.130942337672195e-08,7.249248312746204e-08,-71.39707023849851,-41.397070238498515,cir_coefficients_tau_mask,,"[1, 1, 1, 1, 24, 1]","[1, 1, 24]","[1, 1, 24]","[1, 1, 24]",,True,,24,5.130942337672195e-08,-41.397070238498515,0,0.0,0.0,0,0,0,0,0,0,0,0
171,43944,rx_nao_chest,/home/telilab4090/Documents/Gazebo World/my_world/rt_out/experiments/semantic_ablation_rigid_200f/sionna_xml/frame_171_sionna.xml,30.0,0.0,0.0,2.4,-0.1337,2.748,0.7,28000000000.0,24,1.0787783999433032e-08,6.209720737615498e-08,5.130942337672195e-08,7.24924902328894e-08,-71.3970698128202,-41.397069812820206,cir_coefficients_tau_mask,,"[1, 1, 1, 1, 24, 1]","[1, 1, 24]","[1, 1, 24]","[1, 1, 24]",,True,,24,5.130942337672195e-08,-41.397070238498515,0,0.0,4.2567830860207323e-07,0,0,0,0,0,0,0,0
172,44201,rx_nao_chest,/home/telilab4090/Documents/Gazebo World/my_world/rt_out/experiments/semantic_ablation_rigid_200f/sionna_xml/frame_172_sionna.xml,30.0,0.0,0.0,2.4,-0.1337,2.748,0.7,28000000000.0,24,1.0787783999433032e-08,6.209720737615498e-08,5.130942337672195e-08,7.24924902328894e-08,-71.3970698128202,-41.397069812820206,cir_coefficients_tau_mask,,"[1, 1, 1, 1, 24, 1]","[1, 1, 24]","[1, 1, 24]","[1, 1, 24]",,True,,24,5.130942337672195e-08,-41.397069812820206,0,0.0,0.0,0,0,0,0,0,0,0,0
173,44458,rx_nao_chest,/home/telilab4090/Documents/Gazebo World/my_world/rt_out/experiments/semantic_ablation_rigid_200f/sionna_xml/frame_173_sionna.xml,30.0,0.0,0.0,2.4,-0.1337,2.748,0.7,28000000000.0,24,1.0787783999433032e-08,6.209720737615498e-08,5.130942337672195e-08,7.249248312746204e-08,-71.39707023849851,-41.397070238498515,cir_coefficients_tau_mask,,"[1, 1, 1, 1, 24, 1]","[1, 1, 24]","[1, 1, 24]","[1, 1, 24]",,True,,24,5.130942337672195e-08,-41.397069812820206,0,0.0,-4.2567830860207323e-07,0,0,0,0,0,0,0,0
174,44715,rx_nao_chest,/home/telilab4090/Documents/Gazebo World/my_world/rt_out/experiments/semantic_ablation_rigid_200f/sionna_xml/frame_174_sionna.xml,30.0,0.0,0.0,2.4,-0.1337,2.748,0.7,28000000000.0,24,1.0787783999433032e-08,6.209720737615498e-08,5.130942337672195e-08,7.249248312746204e-08,-71.39707023849851,-41.397070238498515,cir_coefficients_tau_mask,,"[1, 1, 1, 1, 24, 1]","[1, 1, 24]","[1, 1, 24]","[1, 1, 24]",,True,,24,5.130942337672195e-08,-41.397070238498515,0,0.0,0.0,0,0,0,0,0,0,0,0
175,44972,rx_nao_chest,/home/telilab4090/Documents/Gazebo World/my_world/rt_out/experiments/semantic_ablation_rigid_200f/sionna_xml/frame_175_sionna.xml,30.0,0.0,0.0,2.4,-0.1337,2.748,0.7,28000000000.0,24,1.0787783999433032e-08,6.209720737615498e-08,5.130942337672195e-08,7.24924902328894e-08,-71.3970698128202,-41.397069812820206,cir_coefficients_tau_mask,,"[1, 1, 1, 1, 24, 1]","[1, 1, 24]","[1, 1, 24]","[1, 1, 24]",,True,,24,5.130942337672195e-08,-41.397070238498515,0,0.0,4.2567830860207323e-07,0,0,0,0,0,0,0,0
176,45229,rx_nao_chest,/home/telilab4090/Documents/Gazebo World/my_world/rt_out/experiments/semantic_ablation_rigid_200f/sionna_xml/frame_176_sionna.xml,30.0,0.0,0.0,2.4,-0.1337,2.748,0.7,28000000000.0,24,1.0787783999433032e-08,6.209720737615498e-08,5.130942337672195e-08,7.24924902328894e-08,-71.3970698128202,-41.397069812820206,cir_coefficients_tau_mask,,"[1, 1, 1, 1, 24, 1]","[1, 1, 24]","[1, 1, 24]","[1, 1, 24]",,True,,24,5.130942337672195e-08,-41.397069812820206,0,0.0,0.0,0,0,0,0,0,0,0,0
177,45486,rx_nao_chest,/home/telilab4090/Documents/Gazebo World/my_world/rt_out/experiments/semantic_ablation_rigid_200f/sionna_xml/frame_177_sionna.xml,30.0,0.0,0.0,2.4,-0.1337,2.748,0.7,28000000000.0,24,1.0787783999433032e-08,6.209720737615498e-08,5.130942337672195e-08,7.249248312746204e-08,-71.39707023849851,-41.397070238498515,cir_coefficients_tau_mask,,"[1, 1, 1, 1, 24, 1]","[1, 1, 24]","[1, 1, 24]","[1, 1, 24]",,True,,24,5.130942337672195e-08,-41.397069812820206,0,0.0,-4.2567830860207323e-07,0,0,0,0,0,0,0,0
178,45743,rx_nao_chest,/home/telilab4090/Documents/Gazebo World/my_world/rt_out/experiments/semantic_ablation_rigid_200f/sionna_xml/frame_178_sionna.xml,30.0,0.0,0.0,2.4,-0.1337,2.748,0.7,28000000000.0,23,1.0787783999433032e-08,6.209720737615498e-08,5.130942337672195e-08,7.236335619609235e-08,-71.40481298865271,-41.40481298865271,cir_coefficients_tau_mask,,"[1, 1, 1, 1, 23, 1]","[1, 1, 23]","[1, 1, 23]","[1, 1, 23]",,True,,24,5.130942337672195e-08,-41.397070238498515,-1,0.0,-0.007742750154193345,1,1,0,0,0,0,0,0
179,46000,rx_nao_chest,/home/telilab4090/Documents/Gazebo World/my_world/rt_out/experiments/semantic_ablation_rigid_200f/sionna_xml/frame_179_sionna.xml,30.0,0.0,0.0,2.4,-0.1337,2.748,0.7,28000000000.0,23,1.0787783999433032e-08,6.209720737615498e-08,5.130942337672195e-08,7.236335619609235e-08,-71.40481298865271,-41.40481298865271,cir_coefficients_tau_mask,,"[1, 1, 1, 1, 23, 1]","[1, 1, 23]","[1, 1, 23]","[1, 1, 23]",,True,,23,5.130942337672195e-08,-41.40481298865271,0,0.0,0.0,0,0,0,0,0,0,0,0
180,46257,rx_nao_chest,/home/telilab4090/Documents/Gazebo World/my_world/rt_out/experiments/semantic_ablation_rigid_200f/sionna_xml/frame_180_sionna.xml,30.0,0.0,0.0,2.4,-0.1337,2.748,0.7,28000000000.0,23,1.0787783999433032e-08,6.209720737615498e-08,5.130942337672195e-08,7.2363349090665e-08,-71.40481341509064,-41.40481341509064,cir_coefficients_tau_mask,,"[1, 1, 1, 1, 23, 1]","[1, 1, 23]","[1, 1, 23]","[1, 1, 23]",,True,,23,5.130942337672195e-08,-41.40481298865271,0,0.0,-4.2643793563001964e-07,0,0,0,0,0,0,0,0
181,46514,rx_nao_chest,/home/telilab4090/Documents/Gazebo World/my_world/rt_out/experiments/semantic_ablation_rigid_200f/sionna_xml/frame_181_sionna.xml,30.0,0.0,0.0,2.4,-0.1337,2.748,0.7,28000000000.0,23,1.0787783999433032e-08,6.209720737615498e-08,5.130942337672195e-08,7.236335619609235e-08,-71.40481298865271,-41.40481298865271,cir_coefficients_tau_mask,,"[1, 1, 1, 1, 23, 1]","[1, 1, 23]","[1, 1, 23]","[1, 1, 23]",,True,,23,5.130942337672195e-08,-41.40481341509064,0,0.0,4.2643793563001964e-07,0,0,0,0,0,0,0,0
182,46771,rx_nao_chest,/home/telilab4090/Documents/Gazebo World/my_world/rt_out/experiments/semantic_ablation_rigid_200f/sionna_xml/frame_182_sionna.xml,30.0,0.0,0.0,2.4,-0.1337,2.748,0.7,28000000000.0,23,1.0787783999433032e-08,6.209720737615498e-08,5.130942337672195e-08,7.236335619609235e-08,-71.40481298865271,-41.40481298865271,cir_coefficients_tau_mask,,"[1, 1, 1, 1, 23, 1]","[1, 1, 23]","[1, 1, 23]","[1, 1, 23]",,True,,23,5.130942337672195e-08,-41.40481298865271,0,0.0,0.0,0,0,0,0,0,0,0,0
183,47028,rx_nao_chest,/home/telilab4090/Documents/Gazebo World/my_world/rt_out/experiments/semantic_ablation_rigid_200f/sionna_xml/frame_183_sionna.xml,30.0,0.0,0.0,2.4,-0.1337,2.748,0.7,28000000000.0,24,1.0787783999433032e-08,6.209720737615498e-08,5.130942337672195e-08,7.249248312746204e-08,-71.39707023849851,-41.397070238498515,cir_coefficients_tau_mask,,"[1, 1, 1, 1, 24, 1]","[1, 1, 24]","[1, 1, 24]","[1, 1, 24]",,True,,23,5.130942337672195e-08,-41.40481298865271,1,0.0,0.007742750154193345,1,0,0,0,0,0,0,0
184,47285,rx_nao_chest,/home/telilab4090/Documents/Gazebo World/my_world/rt_out/experiments/semantic_ablation_rigid_200f/sionna_xml/frame_184_sionna.xml,30.0,0.0,0.0,2.4,-0.1337,2.748,0.7,28000000000.0,22,1.0787783999433032e-08,5.0425221331806824e-08,3.963743733237379e-08,7.24799704698853e-08,-71.39781992273413,-41.39781992273413,cir_coefficients_tau_mask,,"[1, 1, 1, 1, 22, 1]","[1, 1, 22]","[1, 1, 22]","[1, 1, 22]",,True,,24,5.130942337672195e-08,-41.397070238498515,-2,-1.167198604434816e-08,-0.0007496842356147226,1,1,0,0,0,0,0,0
185,47542,rx_nao_chest,/home/telilab4090/Documents/Gazebo World/my_world/rt_out/experiments/semantic_ablation_rigid_200f/sionna_xml/frame_185_sionna.xml,30.0,0.0,0.0,2.4,-0.1337,2.748,0.7,28000000000.0,22,1.0787783999433032e-08,5.0425221331806824e-08,3.963743733237379e-08,7.247998468074002e-08,-71.39781907123059,-41.397819071230586,cir_coefficients_tau_mask,,"[1, 1, 1, 1, 22, 1]","[1, 1, 22]","[1, 1, 22]","[1, 1, 22]",,True,,22,3.963743733237379e-08,-41.39781992273413,0,0.0,8.515035432310469e-07,0,0,0,0,0,0,0,0
186,47799,rx_nao_chest,/home/telilab4090/Documents/Gazebo World/my_world/rt_out/experiments/semantic_ablation_rigid_200f/sionna_xml/frame_186_sionna.xml,30.0,0.0,0.0,2.4,-0.1337,2.748,0.7,28000000000.0,22,1.0787783999433032e-08,5.0425221331806824e-08,3.963743733237379e-08,7.247997757531266e-08,-71.39781949698234,-41.397819496982336,cir_coefficients_tau_mask,,"[1, 1, 1, 1, 22, 1]","[1, 1, 22]","[1, 1, 22]","[1, 1, 22]",,True,,22,3.963743733237379e-08,-41.397819071230586,0,0.0,-4.257517502992414e-07,0,0,0,0,0,0,0,0
187,48056,rx_nao_chest,/home/telilab4090/Documents/Gazebo World/my_world/rt_out/experiments/semantic_ablation_rigid_200f/sionna_xml/frame_187_sionna.xml,30.0,0.0,0.0,2.4,-0.1337,2.748,0.7,28000000000.0,22,1.0787783999433032e-08,5.0425221331806824e-08,3.963743733237379e-08,7.247997757531266e-08,-71.39781949698234,-41.397819496982336,cir_coefficients_tau_mask,,"[1, 1, 1, 1, 22, 1]","[1, 1, 22]","[1, 1, 22]","[1, 1, 22]",,True,,22,3.963743733237379e-08,-41.397819496982336,0,0.0,0.0,0,0,0,0,0,0,0,0
188,48313,rx_nao_chest,/home/telilab4090/Documents/Gazebo World/my_world/rt_out/experiments/semantic_ablation_rigid_200f/sionna_xml/frame_188_sionna.xml,30.0,0.0,0.0,2.4,-0.1337,2.748,0.7,28000000000.0,22,1.0787783999433032e-08,5.0425221331806824e-08,3.963743733237379e-08,7.247998468074002e-08,-71.39781907123059,-41.397819071230586,cir_coefficients_tau_mask,,"[1, 1, 1, 1, 22, 1]","[1, 1, 22]","[1, 1, 22]","[1, 1, 22]",,True,,22,3.963743733237379e-08,-41.397819496982336,0,0.0,4.257517502992414e-07,0,0,0,0,0,0,0,0
189,48570,rx_nao_chest,/home/telilab4090/Documents/Gazebo World/my_world/rt_out/experiments/semantic_ablation_rigid_200f/sionna_xml/frame_189_sionna.xml,30.0,0.0,0.0,2.4,-0.1337,2.748,0.7,28000000000.0,23,1.0787783999433032e-08,6.209720737615498e-08,5.130942337672195e-08,7.248615929711377e-08,-71.39744910873492,-41.39744910873492,cir_coefficients_tau_mask,,"[1, 1, 1, 1, 23, 1]","[1, 1, 23]","[1, 1, 23]","[1, 1, 23]",,True,,22,3.963743733237379e-08,-41.397819071230586,1,1.167198604434816e-08,0.0003699624956681191,1,0,0,0,0,1,1,1
190,48827,rx_nao_chest,/home/telilab4090/Documents/Gazebo World/my_world/rt_out/experiments/semantic_ablation_rigid_200f/sionna_xml/frame_190_sionna.xml,30.0,0.0,0.0,2.4,-0.1337,2.748,0.7,28000000000.0,24,1.0787783999433032e-08,6.209720737615498e-08,5.130942337672195e-08,7.249248312746204e-08,-71.39707023849851,-41.397070238498515,cir_coefficients_tau_mask,,"[1, 1, 1, 1, 24, 1]","[1, 1, 24]","[1, 1, 24]","[1, 1, 24]",,True,,23,5.130942337672195e-08,-41.39744910873492,1,0.0,0.0003788702364033725,1,0,0,0,0,0,0,0
191,49084,rx_nao_chest,/home/telilab4090/Documents/Gazebo World/my_world/rt_out/experiments/semantic_ablation_rigid_200f/sionna_xml/frame_191_sionna.xml,30.0,0.0,0.0,2.4,-0.1337,2.748,0.7,28000000000.0,24,1.0787783999433032e-08,6.209720737615498e-08,5.130942337672195e-08,7.249248312746204e-08,-71.39707023849851,-41.397070238498515,cir_coefficients_tau_mask,,"[1, 1, 1, 1, 24, 1]","[1, 1, 24]","[1, 1, 24]","[1, 1, 24]",,True,,24,5.130942337672195e-08,-41.397070238498515,0,0.0,0.0,0,0,0,0,0,0,0,0
192,49341,rx_nao_chest,/home/telilab4090/Documents/Gazebo World/my_world/rt_out/experiments/semantic_ablation_rigid_200f/sionna_xml/frame_192_sionna.xml,30.0,0.0,0.0,2.4,-0.1337,2.748,0.7,28000000000.0,24,1.0787783999433032e-08,6.209720737615498e-08,5.130942337672195e-08,7.24924902328894e-08,-71.3970698128202,-41.397069812820206,cir_coefficients_tau_mask,,"[1, 1, 1, 1, 24, 1]","[1, 1, 24]","[1, 1, 24]","[1, 1, 24]",,True,,24,5.130942337672195e-08,-41.397070238498515,0,0.0,4.2567830860207323e-07,0,0,0,0,0,0,0,0
193,49598,rx_nao_chest,/home/telilab4090/Documents/Gazebo World/my_world/rt_out/experiments/semantic_ablation_rigid_200f/sionna_xml/frame_193_sionna.xml,30.0,0.0,0.0,2.4,-0.1337,2.748,0.7,28000000000.0,24,1.0787783999433032e-08,6.209720737615498e-08,5.130942337672195e-08,7.24924902328894e-08,-71.3970698128202,-41.397069812820206,cir_coefficients_tau_mask,,"[1, 1, 1, 1, 24, 1]","[1, 1, 24]","[1, 1, 24]","[1, 1, 24]",,True,,24,5.130942337672195e-08,-41.397069812820206,0,0.0,0.0,0,0,0,0,0,0,0,0
194,49855,rx_nao_chest,/home/telilab4090/Documents/Gazebo World/my_world/rt_out/experiments/semantic_ablation_rigid_200f/sionna_xml/frame_194_sionna.xml,30.0,0.0,0.0,2.4,-0.1337,2.748,0.7,28000000000.0,24,1.0787783999433032e-08,6.209720737615498e-08,5.130942337672195e-08,7.249248312746204e-08,-71.39707023849851,-41.397070238498515,cir_coefficients_tau_mask,,"[1, 1, 1, 1, 24, 1]","[1, 1, 24]","[1, 1, 24]","[1, 1, 24]",,True,,24,5.130942337672195e-08,-41.397069812820206,0,0.0,-4.2567830860207323e-07,0,0,0,0,0,0,0,0
195,50112,rx_nao_chest,/home/telilab4090/Documents/Gazebo World/my_world/rt_out/experiments/semantic_ablation_rigid_200f/sionna_xml/frame_195_sionna.xml,30.0,0.0,0.0,2.4,-0.1337,2.748,0.7,28000000000.0,24,1.0787783999433032e-08,6.209720737615498e-08,5.130942337672195e-08,7.24924902328894e-08,-71.3970698128202,-41.397069812820206,cir_coefficients_tau_mask,,"[1, 1, 1, 1, 24, 1]","[1, 1, 24]","[1, 1, 24]","[1, 1, 24]",,True,,24,5.130942337672195e-08,-41.397070238498515,0,0.0,4.2567830860207323e-07,0,0,0,0,0,0,0,0
196,50369,rx_nao_chest,/home/telilab4090/Documents/Gazebo World/my_world/rt_out/experiments/semantic_ablation_rigid_200f/sionna_xml/frame_196_sionna.xml,30.0,0.0,0.0,2.4,-0.1337,2.748,0.7,28000000000.0,24,1.0787783999433032e-08,6.209720737615498e-08,5.130942337672195e-08,7.249248312746204e-08,-71.39707023849851,-41.397070238498515,cir_coefficients_tau_mask,,"[1, 1, 1, 1, 24, 1]","[1, 1, 24]","[1, 1, 24]","[1, 1, 24]",,True,,24,5.130942337672195e-08,-41.397069812820206,0,0.0,-4.2567830860207323e-07,0,0,0,0,0,0,0,0
197,50626,rx_nao_chest,/home/telilab4090/Documents/Gazebo World/my_world/rt_out/experiments/semantic_ablation_rigid_200f/sionna_xml/frame_197_sionna.xml,30.0,0.0,0.0,2.4,-0.1337,2.748,0.7,28000000000.0,24,1.0787783999433032e-08,6.209720737615498e-08,5.130942337672195e-08,7.249248312746204e-08,-71.39707023849851,-41.397070238498515,cir_coefficients_tau_mask,,"[1, 1, 1, 1, 24, 1]","[1, 1, 24]","[1, 1, 24]","[1, 1, 24]",,True,,24,5.130942337672195e-08,-41.397070238498515,0,0.0,0.0,0,0,0,0,0,0,0,0
198,50883,rx_nao_chest,/home/telilab4090/Documents/Gazebo World/my_world/rt_out/experiments/semantic_ablation_rigid_200f/sionna_xml/frame_198_sionna.xml,30.0,0.0,0.0,2.4,-0.1337,2.748,0.7,28000000000.0,24,1.0787783999433032e-08,6.209720737615498e-08,5.130942337672195e-08,7.24924902328894e-08,-71.3970698128202,-41.397069812820206,cir_coefficients_tau_mask,,"[1, 1, 1, 1, 24, 1]","[1, 1, 24]","[1, 1, 24]","[1, 1, 24]",,True,,24,5.130942337672195e-08,-41.397070238498515,0,0.0,4.2567830860207323e-07,0,0,0,0,0,0,0,0
199,51140,rx_nao_chest,/home/telilab4090/Documents/Gazebo World/my_world/rt_out/experiments/semantic_ablation_rigid_200f/sionna_xml/frame_199_sionna.xml,30.0,0.0,0.0,2.4,-0.1337,2.748,0.7,28000000000.0,24,1.0787783999433032e-08,6.209720737615498e-08,5.130942337672195e-08,7.249248312746204e-08,-71.39707023849851,-41.397070238498515,cir_coefficients_tau_mask,,"[1, 1, 1, 1, 24, 1]","[1, 1, 24]","[1, 1, 24]","[1, 1, 24]",,True,,24,5.130942337672195e-08,-41.397069812820206,0,0.0,-4.2567830860207323e-07,0,0,0,0,0,0,0,0
1,257,rx_panda_base,/home/telilab4090/Documents/Gazebo World/my_world/rt_out/experiments/semantic_ablation_rigid_200f/sionna_xml/frame_001_sionna.xml,30.0,0.0,0.0,2.4,0.582,0.888,1.195,28000000000.0,22,1.0643357306605594e-08,6.284866316264015e-08,5.2205305856034556e-08,1.9107140314389426e-09,-87.18804307116332,-57.18804307116332,cir_coefficients_tau_mask,,"[1, 1, 1, 1, 22, 1]","[1, 1, 22]","[1, 1, 22]","[1, 1, 22]",,True,,22,5.2205306744212976e-08,-57.18804307116332,0,-8.881784197001252e-16,0.0,0,0,0,0,0,0,0,0
2,514,rx_panda_base,/home/telilab4090/Documents/Gazebo World/my_world/rt_out/experiments/semantic_ablation_rigid_200f/sionna_xml/frame_002_sionna.xml,30.0,0.0,0.0,2.4,0.582,0.888,1.195,28000000000.0,22,1.0643357306605594e-08,6.284866316264015e-08,5.2205305856034556e-08,1.9107140314389426e-09,-87.18804307116332,-57.18804307116332,cir_coefficients_tau_mask,,"[1, 1, 1, 1, 22, 1]","[1, 1, 22]","[1, 1, 22]","[1, 1, 22]",,True,,22,5.2205305856034556e-08,-57.18804307116332,0,0.0,0.0,0,0,0,0,0,0,0,0
3,771,rx_panda_base,/home/telilab4090/Documents/Gazebo World/my_world/rt_out/experiments/semantic_ablation_rigid_200f/sionna_xml/frame_003_sionna.xml,30.0,0.0,0.0,2.4,0.582,0.888,1.195,28000000000.0,27,7.579527228074312e-09,6.284866316264015e-08,5.526913593456584e-08,2.356929940106056e-08,-76.27653326715199,-46.27653326715199,cir_coefficients_tau_mask,,"[1, 1, 1, 1, 27, 1]","[1, 1, 27]","[1, 1, 27]","[1, 1, 27]",,True,,22,5.2205305856034556e-08,-57.18804307116332,5,3.063830078531282e-09,10.911509804011331,1,0,0,0,0,1,1,1
4,1028,rx_panda_base,/home/telilab4090/Documents/Gazebo World/my_world/rt_out/experiments/semantic_ablation_rigid_200f/sionna_xml/frame_004_sionna.xml,30.0,0.0,0.0,2.4,0.582,0.888,1.195,28000000000.0,27,7.579527228074312e-09,6.284866316264015e-08,5.526913593456584e-08,2.3569297624703722e-08,-76.27653359446846,-46.27653359446846,cir_coefficients_tau_mask,,"[1, 1, 1, 1, 27, 1]","[1, 1, 27]","[1, 1, 27]","[1, 1, 27]",,True,,27,5.526913593456584e-08,-46.27653326715199,0,0.0,-3.2731647081618576e-07,0,0,0,0,0,0,0,0
5,1285,rx_panda_base,/home/telilab4090/Documents/Gazebo World/my_world/rt_out/experiments/semantic_ablation_rigid_200f/sionna_xml/frame_005_sionna.xml,30.0,0.0,0.0,2.4,0.582,0.888,1.195,28000000000.0,27,7.579527228074312e-09,6.284866316264015e-08,5.526913593456584e-08,2.3569295848346883e-08,-76.27653392178496,-46.27653392178496,cir_coefficients_tau_mask,,"[1, 1, 1, 1, 27, 1]","[1, 1, 27]","[1, 1, 27]","[1, 1, 27]",,True,,27,5.526913593456584e-08,-46.27653359446846,0,0.0,-3.273164992378952e-07,0,0,0,0,0,0,0,0
6,1542,rx_panda_base,/home/telilab4090/Documents/Gazebo World/my_world/rt_out/experiments/semantic_ablation_rigid_200f/sionna_xml/frame_006_sionna.xml,30.0,0.0,0.0,2.4,0.582,0.888,1.195,28000000000.0,27,7.579527228074312e-09,6.284866316264015e-08,5.526913593456584e-08,2.3569297624703722e-08,-76.27653359446846,-46.27653359446846,cir_coefficients_tau_mask,,"[1, 1, 1, 1, 27, 1]","[1, 1, 27]","[1, 1, 27]","[1, 1, 27]",,True,,27,5.526913593456584e-08,-46.27653392178496,0,0.0,3.273164992378952e-07,0,0,0,0,0,0,0,0
7,1799,rx_panda_base,/home/telilab4090/Documents/Gazebo World/my_world/rt_out/experiments/semantic_ablation_rigid_200f/sionna_xml/frame_007_sionna.xml,30.0,0.0,0.0,2.4,0.582,0.888,1.195,28000000000.0,27,7.579527228074312e-09,6.284866316264015e-08,5.526913593456584e-08,2.3569297624703722e-08,-76.27653359446846,-46.27653359446846,cir_coefficients_tau_mask,,"[1, 1, 1, 1, 27, 1]","[1, 1, 27]","[1, 1, 27]","[1, 1, 27]",,True,,27,5.526913593456584e-08,-46.27653359446846,0,0.0,0.0,0,0,0,0,0,0,0,0
8,2056,rx_panda_base,/home/telilab4090/Documents/Gazebo World/my_world/rt_out/experiments/semantic_ablation_rigid_200f/sionna_xml/frame_008_sionna.xml,30.0,0.0,0.0,2.4,0.582,0.888,1.195,28000000000.0,27,7.579527228074312e-09,6.284866316264015e-08,5.526913593456584e-08,2.3569297624703722e-08,-76.27653359446846,-46.27653359446846,cir_coefficients_tau_mask,,"[1, 1, 1, 1, 27, 1]","[1, 1, 27]","[1, 1, 27]","[1, 1, 27]",,True,,27,5.526913593456584e-08,-46.27653359446846,0,0.0,0.0,0,0,0,0,0,0,0,0
9,2313,rx_panda_base,/home/telilab4090/Documents/Gazebo World/my_world/rt_out/experiments/semantic_ablation_rigid_200f/sionna_xml/frame_009_sionna.xml,30.0,0.0,0.0,2.4,0.582,0.888,1.195,28000000000.0,27,7.579527228074312e-09,6.284866316264015e-08,5.526913593456584e-08,2.3569297624703722e-08,-76.27653359446846,-46.27653359446846,cir_coefficients_tau_mask,,"[1, 1, 1, 1, 27, 1]","[1, 1, 27]","[1, 1, 27]","[1, 1, 27]",,True,,27,5.526913593456584e-08,-46.27653359446846,0,0.0,0.0,0,0,0,0,0,0,0,0
10,2570,rx_panda_base,/home/telilab4090/Documents/Gazebo World/my_world/rt_out/experiments/semantic_ablation_rigid_200f/sionna_xml/frame_010_sionna.xml,30.0,0.0,0.0,2.4,0.582,0.888,1.195,28000000000.0,26,7.579527228074312e-09,6.284866316264015e-08,5.526913593456584e-08,2.3566474993685915e-08,-76.27705373151464,-46.27705373151464,cir_coefficients_tau_mask,,"[1, 1, 1, 1, 26, 1]","[1, 1, 26]","[1, 1, 26]","[1, 1, 26]",,True,,27,5.526913593456584e-08,-46.27653359446846,-1,0.0,-0.00052013704618048,1,1,0,0,0,0,0,0
11,2827,rx_panda_base,/home/telilab4090/Documents/Gazebo World/my_world/rt_out/experiments/semantic_ablation_rigid_200f/sionna_xml/frame_011_sionna.xml,30.0,0.0,0.0,2.4,0.582,0.888,1.195,28000000000.0,33,5.357098764591228e-09,6.382698813922616e-08,5.846988937463493e-08,2.953717341824813e-07,-65.29631067168692,-35.296310671686925,cir_coefficients_tau_mask,,"[1, 1, 1, 1, 33, 1]","[1, 1, 33]","[1, 1, 33]","[1, 1, 33]",,True,,26,5.526913593456584e-08,-46.27705373151464,7,3.200753440069093e-09,10.980743059827716,1,0,0,0,0,1,1,1
12,3084,rx_panda_base,/home/telilab4090/Documents/Gazebo World/my_world/rt_out/experiments/semantic_ablation_rigid_200f/sionna_xml/frame_012_sionna.xml,30.0,0.0,0.0,2.4,0.582,0.888,1.195,28000000000.0,35,5.357098764591228e-09,6.382698813922616e-08,5.846988937463493e-08,2.955926277081744e-07,-65.2930640175754,-35.293064017575404,cir_coefficients_tau_mask,,"[1, 1, 1, 1, 35, 1]","[1, 1, 35]","[1, 1, 35]","[1, 1, 35]",,True,,33,5.846988937463493e-08,-35.296310671686925,2,0.0,0.003246654111521252,1,0,0,0,0,0,0,0
13,3341,rx_panda_base,/home/telilab4090/Documents/Gazebo World/my_world/rt_out/experiments/semantic_ablation_rigid_200f/sionna_xml/frame_013_sionna.xml,30.0,0.0,0.0,2.4,0.582,0.888,1.195,28000000000.0,35,5.357098764591228e-09,6.382698813922616e-08,5.846988937463493e-08,2.9559265612988384e-07,-65.29306359999426,-35.293063599994255,cir_coefficients_tau_mask,,"[1, 1, 1, 1, 35, 1]","[1, 1, 35]","[1, 1, 35]","[1, 1, 35]",,True,,35,5.846988937463493e-08,-35.293064017575404,0,0.0,4.175811483264624e-07,0,0,0,0,0,0,0,0
14,3598,rx_panda_base,/home/telilab4090/Documents/Gazebo World/my_world/rt_out/experiments/semantic_ablation_rigid_200f/sionna_xml/frame_014_sionna.xml,30.0,0.0,0.0,2.4,0.582,0.888,1.195,28000000000.0,27,5.357098764591228e-09,6.382698813922616e-08,5.846988937463493e-08,2.9475992846528243e-07,-65.30531557547322,-35.305315575473216,cir_coefficients_tau_mask,,"[1, 1, 1, 1, 27, 1]","[1, 1, 27]","[1, 1, 27]","[1, 1, 27]",,True,,35,5.846988937463493e-08,-35.293063599994255,-8,0.0,-0.01225197547896073,1,1,0,0,0,0,0,0
15,3855,rx_panda_base,/home/telilab4090/Documents/Gazebo World/my_world/rt_out/experiments/semantic_ablation_rigid_200f/sionna_xml/frame_015_sionna.xml,30.0,0.0,0.0,2.4,0.582,0.888,1.195,28000000000.0,31,7.579527228074312e-09,6.284866316264015e-08,5.526913593456584e-08,2.4364965156564722e-08,-76.13234205350714,-46.132342053507145,cir_coefficients_tau_mask,,"[1, 1, 1, 1, 31, 1]","[1, 1, 31]","[1, 1, 31]","[1, 1, 31]",,True,,27,5.846988937463493e-08,-35.305315575473216,4,-3.200753440069093e-09,-10.827026478033929,1,0,1,1,1,0,1,1
16,4112,rx_panda_base,/home/telilab4090/Documents/Gazebo World/my_world/rt_out/experiments/semantic_ablation_rigid_200f/sionna_xml/frame_016_sionna.xml,30.0,0.0,0.0,2.4,0.582,0.888,1.195,28000000000.0,30,7.579527228074312e-09,6.284866316264015e-08,5.526913593456584e-08,2.4321986202835433e-08,-76.14000962223754,-46.14000962223754,cir_coefficients_tau_mask,,"[1, 1, 1, 1, 30, 1]","[1, 1, 30]","[1, 1, 30]","[1, 1, 30]",,True,,31,5.526913593456584e-08,-46.132342053507145,-1,0.0,-0.007667568730397534,1,1,0,0,0,0,0,0
17,4369,rx_panda_base,/home/telilab4090/Documents/Gazebo World/my_world/rt_out/experiments/semantic_ablation_rigid_200f/sionna_xml/frame_017_sionna.xml,30.0,0.0,0.0,2.4,0.582,0.888,1.195,28000000000.0,30,7.579527228074312e-09,6.284866316264015e-08,5.526913593456584e-08,2.4321987979192272e-08,-76.14000930505047,-46.14000930505047,cir_coefficients_tau_mask,,"[1, 1, 1, 1, 30, 1]","[1, 1, 30]","[1, 1, 30]","[1, 1, 30]",,True,,30,5.526913593456584e-08,-46.14000962223754,0,0.0,3.171870730511728e-07,0,0,0,0,0,0,0,0
18,4626,rx_panda_base,/home/telilab4090/Documents/Gazebo World/my_world/rt_out/experiments/semantic_ablation_rigid_200f/sionna_xml/frame_018_sionna.xml,30.0,0.0,0.0,2.4,0.582,0.888,1.195,28000000000.0,30,7.579527228074312e-09,6.284866316264015e-08,5.526913593456584e-08,2.4321987979192272e-08,-76.14000930505047,-46.14000930505047,cir_coefficients_tau_mask,,"[1, 1, 1, 1, 30, 1]","[1, 1, 30]","[1, 1, 30]","[1, 1, 30]",,True,,30,5.526913593456584e-08,-46.14000930505047,0,0.0,0.0,0,0,0,0,0,0,0,0
19,4883,rx_panda_base,/home/telilab4090/Documents/Gazebo World/my_world/rt_out/experiments/semantic_ablation_rigid_200f/sionna_xml/frame_019_sionna.xml,30.0,0.0,0.0,2.4,0.582,0.888,1.195,28000000000.0,29,5.357098764591228e-09,6.284866316264015e-08,5.749156439804892e-08,2.9479321028702543e-07,-65.30482523420979,-35.30482523420979,cir_coefficients_tau_mask,,"[1, 1, 1, 1, 29, 1]","[1, 1, 29]","[1, 1, 29]","[1, 1, 29]",,True,,30,5.526913593456584e-08,-46.14000930505047,-1,2.2224284634830838e-09,10.835184070840683,1,1,0,0,0,1,1,1
20,5140,rx_panda_base,/home/telilab4090/Documents/Gazebo World/my_world/rt_out/experiments/semantic_ablation_rigid_200f/sionna_xml/frame_020_sionna.xml,30.0,0.0,0.0,2.4,0.582,0.888,1.195,28000000000.0,24,5.357098764591228e-09,6.284866316264015e-08,5.749156439804892e-08,2.841406399056723e-07,-65.46466645810595,-35.46466645810595,cir_coefficients_tau_mask,,"[1, 1, 1, 1, 24, 1]","[1, 1, 24]","[1, 1, 24]","[1, 1, 24]",,True,,29,5.749156439804892e-08,-35.30482523420979,-5,0.0,-0.15984122389616573,1,1,0,0,0,0,0,0
21,5397,rx_panda_base,/home/telilab4090/Documents/Gazebo World/my_world/rt_out/experiments/semantic_ablation_rigid_200f/sionna_xml/frame_021_sionna.xml,30.0,0.0,0.0,2.4,0.582,0.888,1.195,28000000000.0,20,5.357098764591228e-09,6.284866316264015e-08,5.749156439804892e-08,2.840686477156851e-07,-65.46576696144865,-35.46576696144865,cir_coefficients_tau_mask,,"[1, 1, 1, 1, 20, 1]","[1, 1, 20]","[1, 1, 20]","[1, 1, 20]",,True,,24,5.749156439804892e-08,-35.46466645810595,-4,0.0,-0.001100503342698289,1,1,0,0,0,0,0,0
22,5654,rx_panda_base,/home/telilab4090/Documents/Gazebo World/my_world/rt_out/experiments/semantic_ablation_rigid_200f/sionna_xml/frame_022_sionna.xml,30.0,0.0,0.0,2.4,0.582,0.888,1.195,28000000000.0,24,5.357098764591228e-09,6.284866316264015e-08,5.749156439804892e-08,2.841406399056723e-07,-65.46466645810595,-35.46466645810595,cir_coefficients_tau_mask,,"[1, 1, 1, 1, 24, 1]","[1, 1, 24]","[1, 1, 24]","[1, 1, 24]",,True,,20,5.749156439804892e-08,-35.46576696144865,4,0.0,0.001100503342698289,1,0,0,0,0,0,0,0
23,5911,rx_panda_base,/home/telilab4090/Documents/Gazebo World/my_world/rt_out/experiments/semantic_ablation_rigid_200f/sionna_xml/frame_023_sionna.xml,30.0,0.0,0.0,2.4,0.582,0.888,1.195,28000000000.0,24,5.357098764591228e-09,6.284866316264015e-08,5.749156439804892e-08,2.8414061148396286e-07,-65.46466689251731,-35.464666892517315,cir_coefficients_tau_mask,,"[1, 1, 1, 1, 24, 1]","[1, 1, 24]","[1, 1, 24]","[1, 1, 24]",,True,,24,5.749156439804892e-08,-35.46466645810595,0,0.0,-4.344113619936252e-07,0,0,0,0,0,0,0,0
24,6168,rx_panda_base,/home/telilab4090/Documents/Gazebo World/my_world/rt_out/experiments/semantic_ablation_rigid_200f/sionna_xml/frame_024_sionna.xml,30.0,0.0,0.0,2.4,0.582,0.888,1.195,28000000000.0,24,5.357098764591228e-09,6.284866316264015e-08,5.749156439804892e-08,2.841406399056723e-07,-65.46466645810595,-35.46466645810595,cir_coefficients_tau_mask,,"[1, 1, 1, 1, 24, 1]","[1, 1, 24]","[1, 1, 24]","[1, 1, 24]",,True,,24,5.749156439804892e-08,-35.464666892517315,0,0.0,4.344113619936252e-07,0,0,0,0,0,0,0,0
25,6425,rx_panda_base,/home/telilab4090/Documents/Gazebo World/my_world/rt_out/experiments/semantic_ablation_rigid_200f/sionna_xml/frame_025_sionna.xml,30.0,0.0,0.0,2.4,0.582,0.888,1.195,28000000000.0,27,5.357098764591228e-09,6.284866316264015e-08,5.749156439804892e-08,3.0037239184821374e-07,-65.22339987177128,-35.22339987177128,cir_coefficients_tau_mask,,"[1, 1, 1, 1, 27, 1]","[1, 1, 27]","[1, 1, 27]","[1, 1, 27]",,True,,24,5.749156439804892e-08,-35.46466645810595,3,0.0,0.24126658633467457,1,0,0,0,0,0,0,0
26,6682,rx_panda_base,/home/telilab4090/Documents/Gazebo World/my_world/rt_out/experiments/semantic_ablation_rigid_200f/sionna_xml/frame_026_sionna.xml,30.0,0.0,0.0,2.4,0.582,0.888,1.195,28000000000.0,31,5.357098764591228e-09,6.284866316264015e-08,5.749156439804892e-08,3.004476809564949e-07,-65.22231143794808,-35.22231143794808,cir_coefficients_tau_mask,,"[1, 1, 1, 1, 31, 1]","[1, 1, 31]","[1, 1, 31]","[1, 1, 31]",,True,,27,5.749156439804892e-08,-35.22339987177128,4,0.0,0.0010884338231988977,1,0,0,0,0,0,0,0
27,6939,rx_panda_base,/home/telilab4090/Documents/Gazebo World/my_world/rt_out/experiments/semantic_ablation_rigid_200f/sionna_xml/frame_027_sionna.xml,30.0,0.0,0.0,2.4,0.582,0.888,1.195,28000000000.0,31,5.357098764591228e-09,6.284866316264015e-08,5.749156439804892e-08,3.0044765253478545e-07,-65.2223118487814,-35.2223118487814,cir_coefficients_tau_mask,,"[1, 1, 1, 1, 31, 1]","[1, 1, 31]","[1, 1, 31]","[1, 1, 31]",,True,,31,5.749156439804892e-08,-35.22231143794808,0,0.0,-4.1083332291691477e-07,0,0,0,0,0,0,0,0
28,7196,rx_panda_base,/home/telilab4090/Documents/Gazebo World/my_world/rt_out/experiments/semantic_ablation_rigid_200f/sionna_xml/frame_028_sionna.xml,30.0,0.0,0.0,2.4,0.582,0.888,1.195,28000000000.0,31,5.357098764591228e-09,6.284866316264015e-08,5.749156439804892e-08,3.004476809564949e-07,-65.22231143794808,-35.22231143794808,cir_coefficients_tau_mask,,"[1, 1, 1, 1, 31, 1]","[1, 1, 31]","[1, 1, 31]","[1, 1, 31]",,True,,31,5.749156439804892e-08,-35.2223118487814,0,0.0,4.1083332291691477e-07,0,0,0,0,0,0,0,0
29,7453,rx_panda_base,/home/telilab4090/Documents/Gazebo World/my_world/rt_out/experiments/semantic_ablation_rigid_200f/sionna_xml/frame_029_sionna.xml,30.0,0.0,0.0,2.4,0.582,0.888,1.195,28000000000.0,31,5.357098764591228e-09,6.284866316264015e-08,5.749156439804892e-08,3.004476809564949e-07,-65.22231143794808,-35.22231143794808,cir_coefficients_tau_mask,,"[1, 1, 1, 1, 31, 1]","[1, 1, 31]","[1, 1, 31]","[1, 1, 31]",,True,,31,5.749156439804892e-08,-35.22231143794808,0,0.0,0.0,0,0,0,0,0,0,0,0
30,7710,rx_panda_base,/home/telilab4090/Documents/Gazebo World/my_world/rt_out/experiments/semantic_ablation_rigid_200f/sionna_xml/frame_030_sionna.xml,30.0,0.0,0.0,2.4,0.582,0.888,1.195,28000000000.0,31,5.357098764591228e-09,6.284866316264015e-08,5.749156439804892e-08,3.004476809564949e-07,-65.22231143794808,-35.22231143794808,cir_coefficients_tau_mask,,"[1, 1, 1, 1, 31, 1]","[1, 1, 31]","[1, 1, 31]","[1, 1, 31]",,True,,31,5.749156439804892e-08,-35.22231143794808,0,0.0,0.0,0,0,0,0,0,0,0,0
31,7967,rx_panda_base,/home/telilab4090/Documents/Gazebo World/my_world/rt_out/experiments/semantic_ablation_rigid_200f/sionna_xml/frame_031_sionna.xml,30.0,0.0,0.0,2.4,0.582,0.888,1.195,28000000000.0,31,5.357098764591228e-09,6.284866316264015e-08,5.749156439804892e-08,3.004476809564949e-07,-65.22231143794808,-35.22231143794808,cir_coefficients_tau_mask,,"[1, 1, 1, 1, 31, 1]","[1, 1, 31]","[1, 1, 31]","[1, 1, 31]",,True,,31,5.749156439804892e-08,-35.22231143794808,0,0.0,0.0,0,0,0,0,0,0,0,0
32,8224,rx_panda_base,/home/telilab4090/Documents/Gazebo World/my_world/rt_out/experiments/semantic_ablation_rigid_200f/sionna_xml/frame_032_sionna.xml,30.0,0.0,0.0,2.4,0.582,0.888,1.195,28000000000.0,31,5.357098764591228e-09,6.284866316264015e-08,5.749156439804892e-08,3.0044765253478545e-07,-65.2223118487814,-35.2223118487814,cir_coefficients_tau_mask,,"[1, 1, 1, 1, 31, 1]","[1, 1, 31]","[1, 1, 31]","[1, 1, 31]",,True,,31,5.749156439804892e-08,-35.22231143794808,0,0.0,-4.1083332291691477e-07,0,0,0,0,0,0,0,0
33,8481,rx_panda_base,/home/telilab4090/Documents/Gazebo World/my_world/rt_out/experiments/semantic_ablation_rigid_200f/sionna_xml/frame_033_sionna.xml,30.0,0.0,0.0,2.4,0.582,0.888,1.195,28000000000.0,31,5.357098764591228e-09,6.284866316264015e-08,5.749156439804892e-08,3.004476809564949e-07,-65.22231143794808,-35.22231143794808,cir_coefficients_tau_mask,,"[1, 1, 1, 1, 31, 1]","[1, 1, 31]","[1, 1, 31]","[1, 1, 31]",,True,,31,5.749156439804892e-08,-35.2223118487814,0,0.0,4.1083332291691477e-07,0,0,0,0,0,0,0,0
34,8737,rx_panda_base,/home/telilab4090/Documents/Gazebo World/my_world/rt_out/experiments/semantic_ablation_rigid_200f/sionna_xml/frame_034_sionna.xml,30.0,0.0,0.0,2.4,0.582,0.888,1.195,28000000000.0,31,5.357098764591228e-09,6.284866316264015e-08,5.749156439804892e-08,3.004476809564949e-07,-65.22231143794808,-35.22231143794808,cir_coefficients_tau_mask,,"[1, 1, 1, 1, 31, 1]","[1, 1, 31]","[1, 1, 31]","[1, 1, 31]",,True,,31,5.749156439804892e-08,-35.22231143794808,0,0.0,0.0,0,0,0,0,0,0,0,0
35,8994,rx_panda_base,/home/telilab4090/Documents/Gazebo World/my_world/rt_out/experiments/semantic_ablation_rigid_200f/sionna_xml/frame_035_sionna.xml,30.0,0.0,0.0,2.4,0.582,0.888,1.195,28000000000.0,31,5.357098764591228e-09,6.284866316264015e-08,5.749156439804892e-08,3.0044765253478545e-07,-65.2223118487814,-35.2223118487814,cir_coefficients_tau_mask,,"[1, 1, 1, 1, 31, 1]","[1, 1, 31]","[1, 1, 31]","[1, 1, 31]",,True,,31,5.749156439804892e-08,-35.22231143794808,0,0.0,-4.1083332291691477e-07,0,0,0,0,0,0,0,0
36,9251,rx_panda_base,/home/telilab4090/Documents/Gazebo World/my_world/rt_out/experiments/semantic_ablation_rigid_200f/sionna_xml/frame_036_sionna.xml,30.0,0.0,0.0,2.4,0.582,0.888,1.195,28000000000.0,31,5.357098764591228e-09,6.284866316264015e-08,5.749156439804892e-08,3.004476809564949e-07,-65.22231143794808,-35.22231143794808,cir_coefficients_tau_mask,,"[1, 1, 1, 1, 31, 1]","[1, 1, 31]","[1, 1, 31]","[1, 1, 31]",,True,,31,5.749156439804892e-08,-35.2223118487814,0,0.0,4.1083332291691477e-07,0,0,0,0,0,0,0,0
37,9508,rx_panda_base,/home/telilab4090/Documents/Gazebo World/my_world/rt_out/experiments/semantic_ablation_rigid_200f/sionna_xml/frame_037_sionna.xml,30.0,0.0,0.0,2.4,0.582,0.888,1.195,28000000000.0,31,5.357098764591228e-09,6.284866316264015e-08,5.749156439804892e-08,3.004477093782043e-07,-65.22231102711478,-35.222311027114785,cir_coefficients_tau_mask,,"[1, 1, 1, 1, 31, 1]","[1, 1, 31]","[1, 1, 31]","[1, 1, 31]",,True,,31,5.749156439804892e-08,-35.22231143794808,0,0.0,4.1083329449520534e-07,0,0,0,0,0,0,0,0
38,9765,rx_panda_base,/home/telilab4090/Documents/Gazebo World/my_world/rt_out/experiments/semantic_ablation_rigid_200f/sionna_xml/frame_038_sionna.xml,30.0,0.0,0.0,2.4,0.582,0.888,1.195,28000000000.0,31,5.357098764591228e-09,6.284866316264015e-08,5.749156439804892e-08,3.004476809564949e-07,-65.22231143794808,-35.22231143794808,cir_coefficients_tau_mask,,"[1, 1, 1, 1, 31, 1]","[1, 1, 31]","[1, 1, 31]","[1, 1, 31]",,True,,31,5.749156439804892e-08,-35.222311027114785,0,0.0,-4.1083329449520534e-07,0,0,0,0,0,0,0,0
39,10022,rx_panda_base,/home/telilab4090/Documents/Gazebo World/my_world/rt_out/experiments/semantic_ablation_rigid_200f/sionna_xml/frame_039_sionna.xml,30.0,0.0,0.0,2.4,0.582,0.888,1.195,28000000000.0,34,5.357098764591228e-09,6.284866316264015e-08,5.749156439804892e-08,3.007610303029651e-07,-65.2177843610161,-35.2177843610161,cir_coefficients_tau_mask,,"[1, 1, 1, 1, 34, 1]","[1, 1, 34]","[1, 1, 34]","[1, 1, 34]",,True,,31,5.749156439804892e-08,-35.22231143794808,3,0.0,0.004527076931978513,1,0,0,0,0,0,0,0
40,10279,rx_panda_base,/home/telilab4090/Documents/Gazebo World/my_world/rt_out/experiments/semantic_ablation_rigid_200f/sionna_xml/frame_040_sionna.xml,30.0,0.0,0.0,2.4,0.582,0.888,1.195,28000000000.0,34,5.357098764591228e-09,6.284866316264015e-08,5.749156439804892e-08,3.0076100188125565e-07,-65.21778477142139,-35.21778477142139,cir_coefficients_tau_mask,,"[1, 1, 1, 1, 34, 1]","[1, 1, 34]","[1, 1, 34]","[1, 1, 34]",,True,,34,5.749156439804892e-08,-35.2177843610161,0,0.0,-4.104052919728929e-07,0,0,0,0,0,0,0,0
41,10536,rx_panda_base,/home/telilab4090/Documents/Gazebo World/my_world/rt_out/experiments/semantic_ablation_rigid_200f/sionna_xml/frame_041_sionna.xml,30.0,0.0,0.0,2.4,0.582,0.888,1.195,28000000000.0,34,5.357098764591228e-09,6.284866316264015e-08,5.749156439804892e-08,3.007610303029651e-07,-65.2177843610161,-35.2177843610161,cir_coefficients_tau_mask,,"[1, 1, 1, 1, 34, 1]","[1, 1, 34]","[1, 1, 34]","[1, 1, 34]",,True,,34,5.749156439804892e-08,-35.21778477142139,0,0.0,4.104052919728929e-07,0,0,0,0,0,0,0,0
42,10793,rx_panda_base,/home/telilab4090/Documents/Gazebo World/my_world/rt_out/experiments/semantic_ablation_rigid_200f/sionna_xml/frame_042_sionna.xml,30.0,0.0,0.0,2.4,0.582,0.888,1.195,28000000000.0,34,5.357098764591228e-09,6.284866316264015e-08,5.749156439804892e-08,3.0076100188125565e-07,-65.21778477142139,-35.21778477142139,cir_coefficients_tau_mask,,"[1, 1, 1, 1, 34, 1]","[1, 1, 34]","[1, 1, 34]","[1, 1, 34]",,True,,34,5.749156439804892e-08,-35.2177843610161,0,0.0,-4.104052919728929e-07,0,0,0,0,0,0,0,0
43,11050,rx_panda_base,/home/telilab4090/Documents/Gazebo World/my_world/rt_out/experiments/semantic_ablation_rigid_200f/sionna_xml/frame_043_sionna.xml,30.0,0.0,0.0,2.4,0.582,0.888,1.195,28000000000.0,34,5.357098764591228e-09,6.284866316264015e-08,5.749156439804892e-08,3.007609734595462e-07,-65.21778518182674,-35.21778518182674,cir_coefficients_tau_mask,,"[1, 1, 1, 1, 34, 1]","[1, 1, 34]","[1, 1, 34]","[1, 1, 34]",,True,,34,5.749156439804892e-08,-35.21778477142139,0,0.0,-4.1040534881631174e-07,0,0,0,0,0,0,0,0
44,11307,rx_panda_base,/home/telilab4090/Documents/Gazebo World/my_world/rt_out/experiments/semantic_ablation_rigid_200f/sionna_xml/frame_044_sionna.xml,30.0,0.0,0.0,2.4,0.582,0.888,1.195,28000000000.0,31,5.357098764591228e-09,6.284866316264015e-08,5.749156439804892e-08,3.004476809564949e-07,-65.22231143794808,-35.22231143794808,cir_coefficients_tau_mask,,"[1, 1, 1, 1, 31, 1]","[1, 1, 31]","[1, 1, 31]","[1, 1, 31]",,True,,34,5.749156439804892e-08,-35.21778518182674,-3,0.0,-0.004526256121337724,1,1,0,0,0,0,0,0
45,11564,rx_panda_base,/home/telilab4090/Documents/Gazebo World/my_world/rt_out/experiments/semantic_ablation_rigid_200f/sionna_xml/frame_045_sionna.xml,30.0,0.0,0.0,2.4,0.582,0.888,1.195,28000000000.0,31,5.357098764591228e-09,6.284866316264015e-08,5.749156439804892e-08,3.004476809564949e-07,-65.22231143794808,-35.22231143794808,cir_coefficients_tau_mask,,"[1, 1, 1, 1, 31, 1]","[1, 1, 31]","[1, 1, 31]","[1, 1, 31]",,True,,31,5.749156439804892e-08,-35.22231143794808,0,0.0,0.0,0,0,0,0,0,0,0,0
46,11821,rx_panda_base,/home/telilab4090/Documents/Gazebo World/my_world/rt_out/experiments/semantic_ablation_rigid_200f/sionna_xml/frame_046_sionna.xml,30.0,0.0,0.0,2.4,0.582,0.888,1.195,28000000000.0,31,5.357098764591228e-09,6.284866316264015e-08,5.749156439804892e-08,3.004477093782043e-07,-65.22231102711478,-35.222311027114785,cir_coefficients_tau_mask,,"[1, 1, 1, 1, 31, 1]","[1, 1, 31]","[1, 1, 31]","[1, 1, 31]",,True,,31,5.749156439804892e-08,-35.22231143794808,0,0.0,4.1083329449520534e-07,0,0,0,0,0,0,0,0
47,12078,rx_panda_base,/home/telilab4090/Documents/Gazebo World/my_world/rt_out/experiments/semantic_ablation_rigid_200f/sionna_xml/frame_047_sionna.xml,30.0,0.0,0.0,2.4,0.582,0.888,1.195,28000000000.0,31,5.357098764591228e-09,6.284866316264015e-08,5.749156439804892e-08,3.0044765253478545e-07,-65.2223118487814,-35.2223118487814,cir_coefficients_tau_mask,,"[1, 1, 1, 1, 31, 1]","[1, 1, 31]","[1, 1, 31]","[1, 1, 31]",,True,,31,5.749156439804892e-08,-35.222311027114785,0,0.0,-8.216666174121201e-07,0,0,0,0,0,0,0,0
48,12335,rx_panda_base,/home/telilab4090/Documents/Gazebo World/my_world/rt_out/experiments/semantic_ablation_rigid_200f/sionna_xml/frame_048_sionna.xml,30.0,0.0,0.0,2.4,0.582,0.888,1.195,28000000000.0,31,5.357098764591228e-09,6.284866316264015e-08,5.749156439804892e-08,3.0044765253478545e-07,-65.2223118487814,-35.2223118487814,cir_coefficients_tau_mask,,"[1, 1, 1, 1, 31, 1]","[1, 1, 31]","[1, 1, 31]","[1, 1, 31]",,True,,31,5.749156439804892e-08,-35.2223118487814,0,0.0,0.0,0,0,0,0,0,0,0,0
49,12592,rx_panda_base,/home/telilab4090/Documents/Gazebo World/my_world/rt_out/experiments/semantic_ablation_rigid_200f/sionna_xml/frame_049_sionna.xml,30.0,0.0,0.0,2.4,0.582,0.888,1.195,28000000000.0,31,5.357098764591228e-09,6.284866316264015e-08,5.749156439804892e-08,3.0044765253478545e-07,-65.2223118487814,-35.2223118487814,cir_coefficients_tau_mask,,"[1, 1, 1, 1, 31, 1]","[1, 1, 31]","[1, 1, 31]","[1, 1, 31]",,True,,31,5.749156439804892e-08,-35.2223118487814,0,0.0,0.0,0,0,0,0,0,0,0,0
50,12849,rx_panda_base,/home/telilab4090/Documents/Gazebo World/my_world/rt_out/experiments/semantic_ablation_rigid_200f/sionna_xml/frame_050_sionna.xml,30.0,0.0,0.0,2.4,0.582,0.888,1.195,28000000000.0,20,5.357098764591228e-09,6.284866316264015e-08,5.749156439804892e-08,2.840686761373945e-07,-65.46576652692724,-35.46576652692724,cir_coefficients_tau_mask,,"[1, 1, 1, 1, 20, 1]","[1, 1, 20]","[1, 1, 20]","[1, 1, 20]",,True,,31,5.749156439804892e-08,-35.2223118487814,-11,0.0,-0.243454678145838,1,1,0,0,0,0,0,0
51,13106,rx_panda_base,/home/telilab4090/Documents/Gazebo World/my_world/rt_out/experiments/semantic_ablation_rigid_200f/sionna_xml/frame_051_sionna.xml,30.0,0.0,0.0,2.4,0.582,0.888,1.195,28000000000.0,20,5.357098764591228e-09,6.284866316264015e-08,5.749156439804892e-08,2.8406861929397564e-07,-65.4657673959701,-35.465767395970104,cir_coefficients_tau_mask,,"[1, 1, 1, 1, 20, 1]","[1, 1, 20]","[1, 1, 20]","[1, 1, 20]",,True,,20,5.749156439804892e-08,-35.46576652692724,0,0.0,-8.690428643376436e-07,0,0,0,0,0,0,0,0
52,13363,rx_panda_base,/home/telilab4090/Documents/Gazebo World/my_world/rt_out/experiments/semantic_ablation_rigid_200f/sionna_xml/frame_052_sionna.xml,30.0,0.0,0.0,2.4,0.582,0.888,1.195,28000000000.0,20,5.357098764591228e-09,6.284866316264015e-08,5.749156439804892e-08,2.840686477156851e-07,-65.46576696144865,-35.46576696144865,cir_coefficients_tau_mask,,"[1, 1, 1, 1, 20, 1]","[1, 1, 20]","[1, 1, 20]","[1, 1, 20]",,True,,20,5.749156439804892e-08,-35.465767395970104,0,0.0,4.3452145348510385e-07,0,0,0,0,0,0,0,0
53,13620,rx_panda_base,/home/telilab4090/Documents/Gazebo World/my_world/rt_out/experiments/semantic_ablation_rigid_200f/sionna_xml/frame_053_sionna.xml,30.0,0.0,0.0,2.4,0.582,0.888,1.195,28000000000.0,20,5.357098764591228e-09,6.284866316264015e-08,5.749156439804892e-08,2.840686477156851e-07,-65.46576696144865,-35.46576696144865,cir_coefficients_tau_mask,,"[1, 1, 1, 1, 20, 1]","[1, 1, 20]","[1, 1, 20]","[1, 1, 20]",,True,,20,5.749156439804892e-08,-35.46576696144865,0,0.0,0.0,0,0,0,0,0,0,0,0
54,13877,rx_panda_base,/home/telilab4090/Documents/Gazebo World/my_world/rt_out/experiments/semantic_ablation_rigid_200f/sionna_xml/frame_054_sionna.xml,30.0,0.0,0.0,2.4,0.582,0.888,1.195,28000000000.0,24,5.357098764591228e-09,6.284866316264015e-08,5.749156439804892e-08,2.8414086727934773e-07,-65.46466298281663,-35.464662982816634,cir_coefficients_tau_mask,,"[1, 1, 1, 1, 24, 1]","[1, 1, 24]","[1, 1, 24]","[1, 1, 24]",,True,,20,5.749156439804892e-08,-35.46576696144865,4,0.0,0.0011039786320168332,1,0,0,0,0,0,0,0
55,14134,rx_panda_base,/home/telilab4090/Documents/Gazebo World/my_world/rt_out/experiments/semantic_ablation_rigid_200f/sionna_xml/frame_055_sionna.xml,30.0,0.0,0.0,2.4,0.582,0.888,1.195,28000000000.0,29,5.357098764591228e-09,6.284866316264015e-08,5.749156439804892e-08,2.8423502840269066e-07,-65.46322401761904,-35.46322401761904,cir_coefficients_tau_mask,,"[1, 1, 1, 1, 29, 1]","[1, 1, 29]","[1, 1, 29]","[1, 1, 29]",,True,,24,5.749156439804892e-08,-35.464662982816634,5,0.0,0.0014389651975932338,1,0,0,0,0,0,0,0
56,14391,rx_panda_base,/home/telilab4090/Documents/Gazebo World/my_world/rt_out/experiments/semantic_ablation_rigid_200f/sionna_xml/frame_056_sionna.xml,30.0,0.0,0.0,2.4,0.582,0.888,1.195,28000000000.0,29,5.357098764591228e-09,6.284866316264015e-08,5.749156439804892e-08,2.842349715592718e-07,-65.4632248861533,-35.4632248861533,cir_coefficients_tau_mask,,"[1, 1, 1, 1, 29, 1]","[1, 1, 29]","[1, 1, 29]","[1, 1, 29]",,True,,29,5.749156439804892e-08,-35.46322401761904,0,0.0,-8.685342578473865e-07,0,0,0,0,0,0,0,0
57,14648,rx_panda_base,/home/telilab4090/Documents/Gazebo World/my_world/rt_out/experiments/semantic_ablation_rigid_200f/sionna_xml/frame_057_sionna.xml,30.0,0.0,0.0,2.4,0.582,0.888,1.195,28000000000.0,29,5.357098764591228e-09,6.284866316264015e-08,5.749156439804892e-08,2.8423499998098123e-07,-65.46322445188615,-35.46322445188615,cir_coefficients_tau_mask,,"[1, 1, 1, 1, 29, 1]","[1, 1, 29]","[1, 1, 29]","[1, 1, 29]",,True,,29,5.749156439804892e-08,-35.4632248861533,0,0.0,4.342671502399753e-07,0,0,0,0,0,0,0,0
58,14905,rx_panda_base,/home/telilab4090/Documents/Gazebo World/my_world/rt_out/experiments/semantic_ablation_rigid_200f/sionna_xml/frame_058_sionna.xml,30.0,0.0,0.0,2.4,0.582,0.888,1.195,28000000000.0,29,5.357098764591228e-09,6.284866316264015e-08,5.749156439804892e-08,2.8423499998098123e-07,-65.46322445188615,-35.46322445188615,cir_coefficients_tau_mask,,"[1, 1, 1, 1, 29, 1]","[1, 1, 29]","[1, 1, 29]","[1, 1, 29]",,True,,29,5.749156439804892e-08,-35.46322445188615,0,0.0,0.0,0,0,0,0,0,0,0,0
59,15162,rx_panda_base,/home/telilab4090/Documents/Gazebo World/my_world/rt_out/experiments/semantic_ablation_rigid_200f/sionna_xml/frame_059_sionna.xml,30.0,0.0,0.0,2.4,0.582,0.888,1.195,28000000000.0,29,5.357098764591228e-09,6.284866316264015e-08,5.749156439804892e-08,2.842350568244001e-07,-65.46322358335199,-35.46322358335199,cir_coefficients_tau_mask,,"[1, 1, 1, 1, 29, 1]","[1, 1, 29]","[1, 1, 29]","[1, 1, 29]",,True,,29,5.749156439804892e-08,-35.46322445188615,0,0.0,8.685341583714035e-07,0,0,0,0,0,0,0,0
60,15419,rx_panda_base,/home/telilab4090/Documents/Gazebo World/my_world/rt_out/experiments/semantic_ablation_rigid_200f/sionna_xml/frame_060_sionna.xml,30.0,0.0,0.0,2.4,0.582,0.888,1.195,28000000000.0,29,5.357098764591228e-09,6.284866316264015e-08,5.749156439804892e-08,2.8423499998098123e-07,-65.46322445188615,-35.46322445188615,cir_coefficients_tau_mask,,"[1, 1, 1, 1, 29, 1]","[1, 1, 29]","[1, 1, 29]","[1, 1, 29]",,True,,29,5.749156439804892e-08,-35.46322358335199,0,0.0,-8.685341583714035e-07,0,0,0,0,0,0,0,0
61,15676,rx_panda_base,/home/telilab4090/Documents/Gazebo World/my_world/rt_out/experiments/semantic_ablation_rigid_200f/sionna_xml/frame_061_sionna.xml,30.0,0.0,0.0,2.4,0.582,0.888,1.195,28000000000.0,30,5.357098764591228e-09,6.284866316264015e-08,5.749156439804892e-08,2.843629260951275e-07,-65.46127025529645,-35.461270255296455,cir_coefficients_tau_mask,,"[1, 1, 1, 1, 30, 1]","[1, 1, 30]","[1, 1, 30]","[1, 1, 30]",,True,,29,5.749156439804892e-08,-35.46322445188615,1,0.0,0.0019541965896934244,1,0,0,0,0,0,0,0
62,15933,rx_panda_base,/home/telilab4090/Documents/Gazebo World/my_world/rt_out/experiments/semantic_ablation_rigid_200f/sionna_xml/frame_062_sionna.xml,30.0,0.0,0.0,2.4,0.582,0.888,1.195,28000000000.0,32,5.357098764591228e-09,6.382698813922616e-08,5.846988937463493e-08,2.846052495897311e-07,-65.45757093546091,-35.45757093546091,cir_coefficients_tau_mask,,"[1, 1, 1, 1, 32, 1]","[1, 1, 32]","[1, 1, 32]","[1, 1, 32]",,True,,30,5.749156439804892e-08,-35.461270255296455,2,9.783249765860091e-10,0.0036993198355474988,1,0,0,0,0,0,0,0
63,16190,rx_panda_base,/home/telilab4090/Documents/Gazebo World/my_world/rt_out/experiments/semantic_ablation_rigid_200f/sionna_xml/frame_063_sionna.xml,30.0,0.0,0.0,2.4,0.582,0.888,1.195,28000000000.0,32,5.357098764591228e-09,6.382698813922616e-08,5.846988937463493e-08,2.846052495897311e-07,-65.45757093546091,-35.45757093546091,cir_coefficients_tau_mask,,"[1, 1, 1, 1, 32, 1]","[1, 1, 32]","[1, 1, 32]","[1, 1, 32]",,True,,32,5.846988937463493e-08,-35.45757093546091,0,0.0,0.0,0,0,0,0,0,0,0,0
64,16447,rx_panda_base,/home/telilab4090/Documents/Gazebo World/my_world/rt_out/experiments/semantic_ablation_rigid_200f/sionna_xml/frame_064_sionna.xml,30.0,0.0,0.0,2.4,0.582,0.888,1.195,28000000000.0,30,5.357098764591228e-09,6.284866316264015e-08,5.749156439804892e-08,2.844719517725025e-07,-65.45960547514699,-35.45960547514699,cir_coefficients_tau_mask,,"[1, 1, 1, 1, 30, 1]","[1, 1, 30]","[1, 1, 30]","[1, 1, 30]",,True,,32,5.846988937463493e-08,-35.45757093546091,-2,-9.783249765860091e-10,-0.002034539686079029,1,1,0,0,0,0,0,0
65,16704,rx_panda_base,/home/telilab4090/Documents/Gazebo World/my_world/rt_out/experiments/semantic_ablation_rigid_200f/sionna_xml/frame_065_sionna.xml,30.0,0.0,0.0,2.4,0.582,0.888,1.195,28000000000.0,28,5.357098764591228e-09,6.284866316264015e-08,5.749156439804892e-08,2.8421615638762887e-07,-65.46351238053309,-35.46351238053309,cir_coefficients_tau_mask,,"[1, 1, 1, 1, 28, 1]","[1, 1, 28]","[1, 1, 28]","[1, 1, 28]",,True,,30,5.749156439804892e-08,-35.45960547514699,-2,0.0,-0.003906905386102721,1,1,0,0,0,0,0,0
66,16961,rx_panda_base,/home/telilab4090/Documents/Gazebo World/my_world/rt_out/experiments/semantic_ablation_rigid_200f/sionna_xml/frame_066_sionna.xml,30.0,0.0,0.0,2.4,0.582,0.888,1.195,28000000000.0,27,5.357098764591228e-09,6.284866316264015e-08,5.749156439804892e-08,2.8415863084774173e-07,-65.46439148443382,-35.46439148443382,cir_coefficients_tau_mask,,"[1, 1, 1, 1, 27, 1]","[1, 1, 27]","[1, 1, 27]","[1, 1, 27]",,True,,28,5.749156439804892e-08,-35.46351238053309,-1,0.0,-0.0008791039007292056,1,1,0,0,0,0,0,0
67,17218,rx_panda_base,/home/telilab4090/Documents/Gazebo World/my_world/rt_out/experiments/semantic_ablation_rigid_200f/sionna_xml/frame_067_sionna.xml,30.0,0.0,0.0,2.4,0.582,0.888,1.195,28000000000.0,26,5.357098764591228e-09,6.284866316264015e-08,5.749156439804892e-08,2.8394188689162547e-07,-65.46770535955821,-35.46770535955821,cir_coefficients_tau_mask,,"[1, 1, 1, 1, 26, 1]","[1, 1, 26]","[1, 1, 26]","[1, 1, 26]",,True,,27,5.749156439804892e-08,-35.46439148443382,-1,0.0,-0.0033138751243910747,1,1,0,0,0,0,0,0
68,17475,rx_panda_base,/home/telilab4090/Documents/Gazebo World/my_world/rt_out/experiments/semantic_ablation_rigid_200f/sionna_xml/frame_068_sionna.xml,30.0,0.0,0.0,2.4,0.582,0.888,1.195,28000000000.0,26,5.357098764591228e-09,6.284866316264015e-08,5.749156439804892e-08,2.839419153133349e-07,-65.46770492484282,-35.46770492484282,cir_coefficients_tau_mask,,"[1, 1, 1, 1, 26, 1]","[1, 1, 26]","[1, 1, 26]","[1, 1, 26]",,True,,26,5.749156439804892e-08,-35.46770535955821,0,0.0,4.347153890194022e-07,0,0,0,0,0,0,0,0
69,17732,rx_panda_base,/home/telilab4090/Documents/Gazebo World/my_world/rt_out/experiments/semantic_ablation_rigid_200f/sionna_xml/frame_069_sionna.xml,30.0,0.0,0.0,2.4,0.582,0.888,1.195,28000000000.0,25,5.357098764591228e-09,5.897902966012225e-08,5.362193089553102e-08,2.839377089003392e-07,-65.46776926319464,-35.46776926319464,cir_coefficients_tau_mask,,"[1, 1, 1, 1, 25, 1]","[1, 1, 25]","[1, 1, 25]","[1, 1, 25]",,True,,26,5.749156439804892e-08,-35.46770492484282,-1,-3.8696335025179e-09,-6.433835181951508e-05,1,1,0,0,0,0,0,0
70,17989,rx_panda_base,/home/telilab4090/Documents/Gazebo World/my_world/rt_out/experiments/semantic_ablation_rigid_200f/sionna_xml/frame_070_sionna.xml,30.0,0.0,0.0,2.4,0.582,0.888,1.195,28000000000.0,25,5.357098764591228e-09,5.897902966012225e-08,5.362193089553102e-08,2.839377089003392e-07,-65.46776926319464,-35.46776926319464,cir_coefficients_tau_mask,,"[1, 1, 1, 1, 25, 1]","[1, 1, 25]","[1, 1, 25]","[1, 1, 25]",,True,,25,5.362193089553102e-08,-35.46776926319464,0,0.0,0.0,0,0,0,0,0,0,0,0
71,18246,rx_panda_base,/home/telilab4090/Documents/Gazebo World/my_world/rt_out/experiments/semantic_ablation_rigid_200f/sionna_xml/frame_071_sionna.xml,30.0,0.0,0.0,2.4,0.582,0.888,1.195,28000000000.0,26,5.357098764591228e-09,6.284866316264015e-08,5.749156439804892e-08,2.841398156760988e-07,-65.46467905605304,-35.46467905605304,cir_coefficients_tau_mask,,"[1, 1, 1, 1, 26, 1]","[1, 1, 26]","[1, 1, 26]","[1, 1, 26]",,True,,25,5.362193089553102e-08,-35.46776926319464,1,3.8696335025179e-09,0.0030902071415965793,1,0,0,0,0,1,1,1
72,18503,rx_panda_base,/home/telilab4090/Documents/Gazebo World/my_world/rt_out/experiments/semantic_ablation_rigid_200f/sionna_xml/frame_072_sionna.xml,30.0,0.0,0.0,2.4,0.582,0.888,1.195,28000000000.0,25,5.357098764591228e-09,6.284866316264015e-08,5.749156439804892e-08,2.841370019268652e-07,-65.46472206311326,-35.46472206311326,cir_coefficients_tau_mask,,"[1, 1, 1, 1, 25, 1]","[1, 1, 25]","[1, 1, 25]","[1, 1, 25]",,True,,26,5.749156439804892e-08,-35.46467905605304,-1,0.0,-4.300706021354017e-05,1,1,0,0,0,0,0,0
73,18760,rx_panda_base,/home/telilab4090/Documents/Gazebo World/my_world/rt_out/experiments/semantic_ablation_rigid_200f/sionna_xml/frame_073_sionna.xml,30.0,0.0,0.0,2.4,0.582,0.888,1.195,28000000000.0,25,5.357098764591228e-09,6.284866316264015e-08,5.749156439804892e-08,2.841370303485746e-07,-65.46472162869638,-35.46472162869638,cir_coefficients_tau_mask,,"[1, 1, 1, 1, 25, 1]","[1, 1, 25]","[1, 1, 25]","[1, 1, 25]",,True,,25,5.749156439804892e-08,-35.46472206311326,0,0.0,4.344168758052547e-07,0,0,0,0,0,0,0,0
74,19017,rx_panda_base,/home/telilab4090/Documents/Gazebo World/my_world/rt_out/experiments/semantic_ablation_rigid_200f/sionna_xml/frame_074_sionna.xml,30.0,0.0,0.0,2.4,0.582,0.888,1.195,28000000000.0,25,5.357098764591228e-09,6.284866316264015e-08,5.749156439804892e-08,2.841370303485746e-07,-65.46472162869638,-35.46472162869638,cir_coefficients_tau_mask,,"[1, 1, 1, 1, 25, 1]","[1, 1, 25]","[1, 1, 25]","[1, 1, 25]",,True,,25,5.749156439804892e-08,-35.46472162869638,0,0.0,0.0,0,0,0,0,0,0,0,0
75,19274,rx_panda_base,/home/telilab4090/Documents/Gazebo World/my_world/rt_out/experiments/semantic_ablation_rigid_200f/sionna_xml/frame_075_sionna.xml,30.0,0.0,0.0,2.4,0.582,0.888,1.195,28000000000.0,28,5.357098764591228e-09,5.897902966012225e-08,5.362193089553102e-08,3.001840696015279e-07,-65.22612358953926,-35.226123589539256,cir_coefficients_tau_mask,,"[1, 1, 1, 1, 28, 1]","[1, 1, 28]","[1, 1, 28]","[1, 1, 28]",,True,,25,5.749156439804892e-08,-35.46472162869638,3,-3.8696335025179e-09,0.23859803915712519,1,0,0,0,0,0,0,0
76,19531,rx_panda_base,/home/telilab4090/Documents/Gazebo World/my_world/rt_out/experiments/semantic_ablation_rigid_200f/sionna_xml/frame_076_sionna.xml,30.0,0.0,0.0,2.4,0.582,0.888,1.195,28000000000.0,33,5.357098764591228e-09,6.284866316264015e-08,5.749156439804892e-08,3.058746926853928e-07,-65.14456453978872,-35.14456453978872,cir_coefficients_tau_mask,,"[1, 1, 1, 1, 33, 1]","[1, 1, 33]","[1, 1, 33]","[1, 1, 33]",,True,,28,5.362193089553102e-08,-35.226123589539256,5,3.8696335025179e-09,0.08155904975053829,1,0,0,0,0,1,1,1
77,19788,rx_panda_base,/home/telilab4090/Documents/Gazebo World/my_world/rt_out/experiments/semantic_ablation_rigid_200f/sionna_xml/frame_077_sionna.xml,30.0,0.0,0.0,2.4,0.582,0.888,1.195,28000000000.0,31,5.357098764591228e-09,5.897902966012225e-08,5.362193089553102e-08,3.056537991596997e-07,-65.14770201726519,-35.14770201726519,cir_coefficients_tau_mask,,"[1, 1, 1, 1, 31, 1]","[1, 1, 31]","[1, 1, 31]","[1, 1, 31]",,True,,33,5.749156439804892e-08,-35.14456453978872,-2,-3.8696335025179e-09,-0.0031374774764714175,1,1,0,0,0,0,0,0
78,20045,rx_panda_base,/home/telilab4090/Documents/Gazebo World/my_world/rt_out/experiments/semantic_ablation_rigid_200f/sionna_xml/frame_078_sionna.xml,30.0,0.0,0.0,2.4,0.582,0.888,1.195,28000000000.0,31,5.357098764591228e-09,5.897902966012225e-08,5.362193089553102e-08,3.056537991596997e-07,-65.14770201726519,-35.14770201726519,cir_coefficients_tau_mask,,"[1, 1, 1, 1, 31, 1]","[1, 1, 31]","[1, 1, 31]","[1, 1, 31]",,True,,31,5.362193089553102e-08,-35.14770201726519,0,0.0,0.0,0,0,0,0,0,0,0,0
79,20302,rx_panda_base,/home/telilab4090/Documents/Gazebo World/my_world/rt_out/experiments/semantic_ablation_rigid_200f/sionna_xml/frame_079_sionna.xml,30.0,0.0,0.0,2.4,0.582,0.888,1.195,28000000000.0,31,5.357098764591228e-09,5.897902966012225e-08,5.362193089553102e-08,3.0565382758140913e-07,-65.1477016134295,-35.147701613429504,cir_coefficients_tau_mask,,"[1, 1, 1, 1, 31, 1]","[1, 1, 31]","[1, 1, 31]","[1, 1, 31]",,True,,31,5.362193089553102e-08,-35.14770201726519,0,0.0,4.0383568489232857e-07,0,0,0,0,0,0,0,0
80,20559,rx_panda_base,/home/telilab4090/Documents/Gazebo World/my_world/rt_out/experiments/semantic_ablation_rigid_200f/sionna_xml/frame_080_sionna.xml,30.0,0.0,0.0,2.4,0.582,0.888,1.195,28000000000.0,33,7.579527228074312e-09,6.382698813922616e-08,5.624746091115185e-08,1.925691073267899e-08,-77.1541338280657,-47.154133828065696,cir_coefficients_tau_mask,,"[1, 1, 1, 1, 33, 1]","[1, 1, 33]","[1, 1, 33]","[1, 1, 33]",,True,,31,5.362193089553102e-08,-35.147701613429504,2,2.625530015620825e-09,-12.006432214636192,1,0,1,1,1,1,1,1
81,20816,rx_panda_base,/home/telilab4090/Documents/Gazebo World/my_world/rt_out/experiments/semantic_ablation_rigid_200f/sionna_xml/frame_081_sionna.xml,30.0,0.0,0.0,2.4,0.582,0.888,1.195,28000000000.0,32,7.579527228074312e-09,6.382698813922616e-08,5.624746091115185e-08,1.8475972751730296e-08,-77.3339268692029,-47.3339268692029,cir_coefficients_tau_mask,,"[1, 1, 1, 1, 32, 1]","[1, 1, 32]","[1, 1, 32]","[1, 1, 32]",,True,,33,5.624746091115185e-08,-47.154133828065696,-1,0.0,-0.17979304113720218,1,1,0,0,0,0,0,0
82,21073,rx_panda_base,/home/telilab4090/Documents/Gazebo World/my_world/rt_out/experiments/semantic_ablation_rigid_200f/sionna_xml/frame_082_sionna.xml,30.0,0.0,0.0,2.4,0.582,0.888,1.195,28000000000.0,32,7.579527228074312e-09,6.382698813922616e-08,5.624746091115185e-08,1.8475974528087136e-08,-77.33392645165415,-47.33392645165415,cir_coefficients_tau_mask,,"[1, 1, 1, 1, 32, 1]","[1, 1, 32]","[1, 1, 32]","[1, 1, 32]",,True,,32,5.624746091115185e-08,-47.3339268692029,0,0.0,4.1754874757771177e-07,0,0,0,0,0,0,0,0
83,21330,rx_panda_base,/home/telilab4090/Documents/Gazebo World/my_world/rt_out/experiments/semantic_ablation_rigid_200f/sionna_xml/frame_083_sionna.xml,30.0,0.0,0.0,2.4,0.582,0.888,1.195,28000000000.0,31,7.579527228074312e-09,6.382698813922616e-08,5.624746091115185e-08,1.8418466751768392e-08,-77.34746525548579,-47.34746525548579,cir_coefficients_tau_mask,,"[1, 1, 1, 1, 31, 1]","[1, 1, 31]","[1, 1, 31]","[1, 1, 31]",,True,,32,5.624746091115185e-08,-47.33392645165415,-1,0.0,-0.013538803831636415,1,1,0,0,0,0,0,0
84,21587,rx_panda_base,/home/telilab4090/Documents/Gazebo World/my_world/rt_out/experiments/semantic_ablation_rigid_200f/sionna_xml/frame_084_sionna.xml,30.0,0.0,0.0,2.4,0.582,0.888,1.195,28000000000.0,31,7.579526339895892e-09,6.382698813922616e-08,5.624746179933027e-08,1.8418464975411553e-08,-77.34746567433824,-47.34746567433824,cir_coefficients_tau_mask,,"[1, 1, 1, 1, 31, 1]","[1, 1, 31]","[1, 1, 31]","[1, 1, 31]",,True,,31,5.624746091115185e-08,-47.34746525548579,0,8.881784197001252e-16,-4.188524513892844e-07,0,0,0,0,0,0,0,0
85,21844,rx_panda_base,/home/telilab4090/Documents/Gazebo World/my_world/rt_out/experiments/semantic_ablation_rigid_200f/sionna_xml/frame_085_sionna.xml,30.0,0.0,0.0,2.4,0.582,0.888,1.195,28000000000.0,31,7.579527228074312e-09,6.382698813922616e-08,5.624746091115185e-08,1.8418464975411553e-08,-77.34746567433824,-47.34746567433824,cir_coefficients_tau_mask,,"[1, 1, 1, 1, 31, 1]","[1, 1, 31]","[1, 1, 31]","[1, 1, 31]",,True,,31,5.624746179933027e-08,-47.34746567433824,0,-8.881784197001252e-16,0.0,0,0,0,0,0,0,0,0
86,22101,rx_panda_base,/home/telilab4090/Documents/Gazebo World/my_world/rt_out/experiments/semantic_ablation_rigid_200f/sionna_xml/frame_086_sionna.xml,30.0,0.0,0.0,2.4,0.582,0.888,1.195,28000000000.0,23,7.579527228074312e-09,6.382698813922616e-08,5.624746091115185e-08,1.803631022312402e-08,-77.43852303470132,-47.43852303470132,cir_coefficients_tau_mask,,"[1, 1, 1, 1, 23, 1]","[1, 1, 23]","[1, 1, 23]","[1, 1, 23]",,True,,31,5.624746091115185e-08,-47.34746567433824,-8,0.0,-0.09105736036308087,1,1,0,0,0,0,0,0
87,22358,rx_panda_base,/home/telilab4090/Documents/Gazebo World/my_world/rt_out/experiments/semantic_ablation_rigid_200f/sionna_xml/frame_087_sionna.xml,30.0,0.0,0.0,2.4,0.582,0.888,1.195,28000000000.0,25,7.579527228074312e-09,6.382698813922616e-08,5.624746091115185e-08,1.8112373822987138e-08,-77.42024626954657,-47.42024626954657,cir_coefficients_tau_mask,,"[1, 1, 1, 1, 25, 1]","[1, 1, 25]","[1, 1, 25]","[1, 1, 25]",,True,,23,5.624746091115185e-08,-47.43852303470132,2,0.0,0.018276765154752184,1,0,0,0,0,0,0,0
88,22615,rx_panda_base,/home/telilab4090/Documents/Gazebo World/my_world/rt_out/experiments/semantic_ablation_rigid_200f/sionna_xml/frame_088_sionna.xml,30.0,0.0,0.0,2.4,0.582,0.888,1.195,28000000000.0,24,7.579527228074312e-09,6.382698813922616e-08,5.624746091115185e-08,1.8093547993203174e-08,-77.42476263279276,-47.42476263279276,cir_coefficients_tau_mask,,"[1, 1, 1, 1, 24, 1]","[1, 1, 24]","[1, 1, 24]","[1, 1, 24]",,True,,25,5.624746091115185e-08,-47.42024626954657,-1,0.0,-0.00451636324619642,1,1,0,0,0,0,0,0
89,22872,rx_panda_base,/home/telilab4090/Documents/Gazebo World/my_world/rt_out/experiments/semantic_ablation_rigid_200f/sionna_xml/frame_089_sionna.xml,30.0,0.0,0.0,2.4,0.582,0.888,1.195,28000000000.0,24,7.579527228074312e-09,6.382698813922616e-08,5.624746091115185e-08,1.8093549769560013e-08,-77.4247622064187,-47.424762206418706,cir_coefficients_tau_mask,,"[1, 1, 1, 1, 24, 1]","[1, 1, 24]","[1, 1, 24]","[1, 1, 24]",,True,,24,5.624746091115185e-08,-47.42476263279276,0,0.0,4.263740578380748e-07,0,0,0,0,0,0,0,0
90,23129,rx_panda_base,/home/telilab4090/Documents/Gazebo World/my_world/rt_out/experiments/semantic_ablation_rigid_200f/sionna_xml/frame_090_sionna.xml,30.0,0.0,0.0,2.4,0.582,0.888,1.195,28000000000.0,24,7.579527228074312e-09,6.382698813922616e-08,5.624746091115185e-08,1.8093547993203174e-08,-77.42476263279276,-47.42476263279276,cir_coefficients_tau_mask,,"[1, 1, 1, 1, 24, 1]","[1, 1, 24]","[1, 1, 24]","[1, 1, 24]",,True,,24,5.624746091115185e-08,-47.424762206418706,0,0.0,-4.263740578380748e-07,0,0,0,0,0,0,0,0
91,23386,rx_panda_base,/home/telilab4090/Documents/Gazebo World/my_world/rt_out/experiments/semantic_ablation_rigid_200f/sionna_xml/frame_091_sionna.xml,30.0,0.0,0.0,2.4,0.582,0.888,1.195,28000000000.0,24,7.579527228074312e-09,6.382698813922616e-08,5.624746091115185e-08,1.8093549769560013e-08,-77.4247622064187,-47.424762206418706,cir_coefficients_tau_mask,,"[1, 1, 1, 1, 24, 1]","[1, 1, 24]","[1, 1, 24]","[1, 1, 24]",,True,,24,5.624746091115185e-08,-47.42476263279276,0,0.0,4.263740578380748e-07,0,0,0,0,0,0,0,0
92,23643,rx_panda_base,/home/telilab4090/Documents/Gazebo World/my_world/rt_out/experiments/semantic_ablation_rigid_200f/sionna_xml/frame_092_sionna.xml,30.0,0.0,0.0,2.4,0.582,0.888,1.195,28000000000.0,23,7.579527228074312e-09,6.284866316264015e-08,5.526913593456584e-08,1.8049712835477294e-08,-77.43529703174372,-47.435297031743715,cir_coefficients_tau_mask,,"[1, 1, 1, 1, 23, 1]","[1, 1, 23]","[1, 1, 23]","[1, 1, 23]",,True,,24,5.624746091115185e-08,-47.424762206418706,-1,-9.783249765860091e-10,-0.010534825325009933,1,1,0,0,0,0,0,0
93,23900,rx_panda_base,/home/telilab4090/Documents/Gazebo World/my_world/rt_out/experiments/semantic_ablation_rigid_200f/sionna_xml/frame_093_sionna.xml,30.0,0.0,0.0,2.4,0.582,0.888,1.195,28000000000.0,23,7.579527228074312e-09,6.284866316264015e-08,5.526913593456584e-08,1.8049714611834133e-08,-77.43529660433418,-47.435296604334184,cir_coefficients_tau_mask,,"[1, 1, 1, 1, 23, 1]","[1, 1, 23]","[1, 1, 23]","[1, 1, 23]",,True,,23,5.526913593456584e-08,-47.435297031743715,0,0.0,4.27409531766898e-07,0,0,0,0,0,0,0,0
94,24157,rx_panda_base,/home/telilab4090/Documents/Gazebo World/my_world/rt_out/experiments/semantic_ablation_rigid_200f/sionna_xml/frame_094_sionna.xml,30.0,0.0,0.0,2.4,0.582,0.888,1.195,28000000000.0,22,7.579527228074312e-09,6.284866316264015e-08,5.526913593456584e-08,1.803089055840701e-08,-77.4398282263697,-47.4398282263697,cir_coefficients_tau_mask,,"[1, 1, 1, 1, 22, 1]","[1, 1, 22]","[1, 1, 22]","[1, 1, 22]",,True,,23,5.526913593456584e-08,-47.435296604334184,-1,0.0,-0.004531622035514715,1,1,0,0,0,0,0,0
95,24414,rx_panda_base,/home/telilab4090/Documents/Gazebo World/my_world/rt_out/experiments/semantic_ablation_rigid_200f/sionna_xml/frame_095_sionna.xml,30.0,0.0,0.0,2.4,0.582,0.888,1.195,28000000000.0,22,7.579527228074312e-09,6.284866316264015e-08,5.526913593456584e-08,1.803088878205017e-08,-77.43982865422544,-47.43982865422544,cir_coefficients_tau_mask,,"[1, 1, 1, 1, 22, 1]","[1, 1, 22]","[1, 1, 22]","[1, 1, 22]",,True,,22,5.526913593456584e-08,-47.4398282263697,0,0.0,-4.278557383941006e-07,0,0,0,0,0,0,0,0
96,24671,rx_panda_base,/home/telilab4090/Documents/Gazebo World/my_world/rt_out/experiments/semantic_ablation_rigid_200f/sionna_xml/frame_096_sionna.xml,30.0,0.0,0.0,2.4,0.582,0.888,1.195,28000000000.0,22,7.579527228074312e-09,6.284866316264015e-08,5.526913593456584e-08,1.803088700569333e-08,-77.43982908208123,-47.43982908208123,cir_coefficients_tau_mask,,"[1, 1, 1, 1, 22, 1]","[1, 1, 22]","[1, 1, 22]","[1, 1, 22]",,True,,22,5.526913593456584e-08,-47.43982865422544,0,0.0,-4.278557952375195e-07,0,0,0,0,0,0,0,0
97,24928,rx_panda_base,/home/telilab4090/Documents/Gazebo World/my_world/rt_out/experiments/semantic_ablation_rigid_200f/sionna_xml/frame_097_sionna.xml,30.0,0.0,0.0,2.4,0.582,0.888,1.195,28000000000.0,24,7.579527228074312e-09,6.284866316264015e-08,5.526913593456584e-08,1.810694882919961e-08,-77.4215472573682,-47.4215472573682,cir_coefficients_tau_mask,,"[1, 1, 1, 1, 24, 1]","[1, 1, 24]","[1, 1, 24]","[1, 1, 24]",,True,,22,5.526913593456584e-08,-47.43982908208123,2,0.0,0.018281824713028527,1,0,0,0,0,0,0,0
98,25185,rx_panda_base,/home/telilab4090/Documents/Gazebo World/my_world/rt_out/experiments/semantic_ablation_rigid_200f/sionna_xml/frame_098_sionna.xml,30.0,0.0,0.0,2.4,0.582,0.888,1.195,28000000000.0,24,7.579527228074312e-09,6.284866316264015e-08,5.526913593456584e-08,1.8085280828472605e-08,-77.42674743119719,-47.426747431197185,cir_coefficients_tau_mask,,"[1, 1, 1, 1, 24, 1]","[1, 1, 24]","[1, 1, 24]","[1, 1, 24]",,True,,24,5.526913593456584e-08,-47.4215472573682,0,0.0,-0.005200173828981747,0,0,0,0,0,0,0,0
99,25442,rx_panda_base,/home/telilab4090/Documents/Gazebo World/my_world/rt_out/experiments/semantic_ablation_rigid_200f/sionna_xml/frame_099_sionna.xml,30.0,0.0,0.0,2.4,0.582,0.888,1.195,28000000000.0,24,7.579527228074312e-09,6.284866316264015e-08,5.526913593456584e-08,1.8085279052115766e-08,-77.42674785776619,-47.42674785776619,cir_coefficients_tau_mask,,"[1, 1, 1, 1, 24, 1]","[1, 1, 24]","[1, 1, 24]","[1, 1, 24]",,True,,24,5.526913593456584e-08,-47.426747431197185,0,0.0,-4.2656900234305795e-07,0,0,0,0,0,0,0,0
100,25698,rx_panda_base,/home/telilab4090/Documents/Gazebo World/my_world/rt_out/experiments/semantic_ablation_rigid_200f/sionna_xml/frame_100_sionna.xml,30.0,0.0,0.0,2.4,0.582,0.888,1.195,28000000000.0,24,7.579527228074312e-09,6.284866316264015e-08,5.526913593456584e-08,1.8085280828472605e-08,-77.42674743119719,-47.426747431197185,cir_coefficients_tau_mask,,"[1, 1, 1, 1, 24, 1]","[1, 1, 24]","[1, 1, 24]","[1, 1, 24]",,True,,24,5.526913593456584e-08,-47.42674785776619,0,0.0,4.2656900234305795e-07,0,0,0,0,0,0,0,0
101,25955,rx_panda_base,/home/telilab4090/Documents/Gazebo World/my_world/rt_out/experiments/semantic_ablation_rigid_200f/sionna_xml/frame_101_sionna.xml,30.0,0.0,0.0,2.4,0.582,0.888,1.195,28000000000.0,24,7.579527228074312e-09,6.284866316264015e-08,5.526913593456584e-08,1.8085277275758926e-08,-77.42674828433523,-47.42674828433523,cir_coefficients_tau_mask,,"[1, 1, 1, 1, 24, 1]","[1, 1, 24]","[1, 1, 24]","[1, 1, 24]",,True,,24,5.526913593456584e-08,-47.426747431197185,0,0.0,-8.5313804731868e-07,0,0,0,0,0,0,0,0
102,26212,rx_panda_base,/home/telilab4090/Documents/Gazebo World/my_world/rt_out/experiments/semantic_ablation_rigid_200f/sionna_xml/frame_102_sionna.xml,30.0,0.0,0.0,2.4,0.582,0.888,1.195,28000000000.0,24,7.579527228074312e-09,6.284866316264015e-08,5.526913593456584e-08,1.8085279052115766e-08,-77.42674785776619,-47.42674785776619,cir_coefficients_tau_mask,,"[1, 1, 1, 1, 24, 1]","[1, 1, 24]","[1, 1, 24]","[1, 1, 24]",,True,,24,5.526913593456584e-08,-47.42674828433523,0,0.0,4.265690449756221e-07,0,0,0,0,0,0,0,0
103,26469,rx_panda_base,/home/telilab4090/Documents/Gazebo World/my_world/rt_out/experiments/semantic_ablation_rigid_200f/sionna_xml/frame_103_sionna.xml,30.0,0.0,0.0,2.4,0.582,0.888,1.195,28000000000.0,22,7.579527228074312e-09,6.284866316264015e-08,5.526913593456584e-08,1.803089055840701e-08,-77.4398282263697,-47.4398282263697,cir_coefficients_tau_mask,,"[1, 1, 1, 1, 22, 1]","[1, 1, 22]","[1, 1, 22]","[1, 1, 22]",,True,,24,5.526913593456584e-08,-47.42674785776619,-2,0.0,-0.013080368603510806,1,1,0,0,0,0,0,0
104,26726,rx_panda_base,/home/telilab4090/Documents/Gazebo World/my_world/rt_out/experiments/semantic_ablation_rigid_200f/sionna_xml/frame_104_sionna.xml,30.0,0.0,0.0,2.4,0.582,0.888,1.195,28000000000.0,22,7.579527228074312e-09,6.284866316264015e-08,5.526913593456584e-08,1.803088878205017e-08,-77.43982865422544,-47.43982865422544,cir_coefficients_tau_mask,,"[1, 1, 1, 1, 22, 1]","[1, 1, 22]","[1, 1, 22]","[1, 1, 22]",,True,,22,5.526913593456584e-08,-47.4398282263697,0,0.0,-4.278557383941006e-07,0,0,0,0,0,0,0,0
105,26983,rx_panda_base,/home/telilab4090/Documents/Gazebo World/my_world/rt_out/experiments/semantic_ablation_rigid_200f/sionna_xml/frame_105_sionna.xml,30.0,0.0,0.0,2.4,0.582,0.888,1.195,28000000000.0,24,7.579527228074312e-09,6.284866316264015e-08,5.526913593456584e-08,1.8085277275758926e-08,-77.42674828433523,-47.42674828433523,cir_coefficients_tau_mask,,"[1, 1, 1, 1, 24, 1]","[1, 1, 24]","[1, 1, 24]","[1, 1, 24]",,True,,22,5.526913593456584e-08,-47.43982865422544,2,0.0,0.013080369890204224,1,0,0,0,0,0,0,0
106,27240,rx_panda_base,/home/telilab4090/Documents/Gazebo World/my_world/rt_out/experiments/semantic_ablation_rigid_200f/sionna_xml/frame_106_sionna.xml,30.0,0.0,0.0,2.4,0.582,0.888,1.195,28000000000.0,24,7.579527228074312e-09,6.284866316264015e-08,5.526913593456584e-08,1.8085277275758926e-08,-77.42674828433523,-47.42674828433523,cir_coefficients_tau_mask,,"[1, 1, 1, 1, 24, 1]","[1, 1, 24]","[1, 1, 24]","[1, 1, 24]",,True,,24,5.526913593456584e-08,-47.42674828433523,0,0.0,0.0,0,0,0,0,0,0,0,0
107,27497,rx_panda_base,/home/telilab4090/Documents/Gazebo World/my_world/rt_out/experiments/semantic_ablation_rigid_200f/sionna_xml/frame_107_sionna.xml,30.0,0.0,0.0,2.4,0.582,0.888,1.195,28000000000.0,24,7.579527228074312e-09,6.284866316264015e-08,5.526913593456584e-08,1.8085277275758926e-08,-77.42674828433523,-47.42674828433523,cir_coefficients_tau_mask,,"[1, 1, 1, 1, 24, 1]","[1, 1, 24]","[1, 1, 24]","[1, 1, 24]",,True,,24,5.526913593456584e-08,-47.42674828433523,0,0.0,0.0,0,0,0,0,0,0,0,0
108,27754,rx_panda_base,/home/telilab4090/Documents/Gazebo World/my_world/rt_out/experiments/semantic_ablation_rigid_200f/sionna_xml/frame_108_sionna.xml,30.0,0.0,0.0,2.4,0.582,0.888,1.195,28000000000.0,23,7.579527228074312e-09,6.284866316264015e-08,5.526913593456584e-08,1.8066453222331802e-08,-77.43127099080412,-47.43127099080412,cir_coefficients_tau_mask,,"[1, 1, 1, 1, 23, 1]","[1, 1, 23]","[1, 1, 23]","[1, 1, 23]",,True,,24,5.526913593456584e-08,-47.42674828433523,-1,0.0,-0.004522706468890192,1,1,0,0,0,0,0,0
109,28011,rx_panda_base,/home/telilab4090/Documents/Gazebo World/my_world/rt_out/experiments/semantic_ablation_rigid_200f/sionna_xml/frame_109_sionna.xml,30.0,0.0,0.0,2.4,0.582,0.888,1.195,28000000000.0,24,7.579527228074312e-09,6.284866316264015e-08,5.526913593456584e-08,1.8123692768767796e-08,-77.41753308551986,-47.417533085519864,cir_coefficients_tau_mask,,"[1, 1, 1, 1, 24, 1]","[1, 1, 24]","[1, 1, 24]","[1, 1, 24]",,True,,23,5.526913593456584e-08,-47.43127099080412,1,0.0,0.013737905284259,1,0,0,0,0,0,0,0
110,28268,rx_panda_base,/home/telilab4090/Documents/Gazebo World/my_world/rt_out/experiments/semantic_ablation_rigid_200f/sionna_xml/frame_110_sionna.xml,30.0,0.0,0.0,2.4,0.582,0.888,1.195,28000000000.0,25,7.579527228074312e-09,6.284866316264015e-08,5.526913593456584e-08,1.814251504583808e-08,-77.41302508079865,-47.41302508079865,cir_coefficients_tau_mask,,"[1, 1, 1, 1, 25, 1]","[1, 1, 25]","[1, 1, 25]","[1, 1, 25]",,True,,24,5.526913593456584e-08,-47.417533085519864,1,0.0,0.004508004721216707,1,0,0,0,0,0,0,0
111,28525,rx_panda_base,/home/telilab4090/Documents/Gazebo World/my_world/rt_out/experiments/semantic_ablation_rigid_200f/sionna_xml/frame_111_sionna.xml,30.0,0.0,0.0,2.4,0.582,0.888,1.195,28000000000.0,24,7.579527228074312e-09,6.284866316264015e-08,5.526913593456584e-08,1.810694882919961e-08,-77.4215472573682,-47.4215472573682,cir_coefficients_tau_mask,,"[1, 1, 1, 1, 24, 1]","[1, 1, 24]","[1, 1, 24]","[1, 1, 24]",,True,,25,5.526913593456584e-08,-47.41302508079865,-1,0.0,-0.00852217656955645,1,1,0,0,0,0,0,0
112,28782,rx_panda_base,/home/telilab4090/Documents/Gazebo World/my_world/rt_out/experiments/semantic_ablation_rigid_200f/sionna_xml/frame_112_sionna.xml,30.0,0.0,0.0,2.4,0.582,0.888,1.195,28000000000.0,24,7.579527228074312e-09,6.284866316264015e-08,5.526913593456584e-08,1.810695060555645e-08,-77.42154683130971,-47.42154683130971,cir_coefficients_tau_mask,,"[1, 1, 1, 1, 24, 1]","[1, 1, 24]","[1, 1, 24]","[1, 1, 24]",,True,,24,5.526913593456584e-08,-47.4215472573682,0,0.0,4.2605849159826903e-07,0,0,0,0,0,0,0,0
113,29039,rx_panda_base,/home/telilab4090/Documents/Gazebo World/my_world/rt_out/experiments/semantic_ablation_rigid_200f/sionna_xml/frame_113_sionna.xml,30.0,0.0,0.0,2.4,0.582,0.888,1.195,28000000000.0,24,7.579527228074312e-09,6.284866316264015e-08,5.526913593456584e-08,1.810695060555645e-08,-77.42154683130971,-47.42154683130971,cir_coefficients_tau_mask,,"[1, 1, 1, 1, 24, 1]","[1, 1, 24]","[1, 1, 24]","[1, 1, 24]",,True,,24,5.526913593456584e-08,-47.42154683130971,0,0.0,0.0,0,0,0,0,0,0,0,0
114,29296,rx_panda_base,/home/telilab4090/Documents/Gazebo World/my_world/rt_out/experiments/semantic_ablation_rigid_200f/sionna_xml/frame_114_sionna.xml,30.0,0.0,0.0,2.4,0.582,0.888,1.195,28000000000.0,24,7.579527228074312e-09,6.284866316264015e-08,5.526913593456584e-08,1.8123694545124636e-08,-77.41753265985498,-47.417532659854984,cir_coefficients_tau_mask,,"[1, 1, 1, 1, 24, 1]","[1, 1, 24]","[1, 1, 24]","[1, 1, 24]",,True,,24,5.526913593456584e-08,-47.42154683130971,0,0.0,0.004014171454727489,0,0,0,0,0,0,0,0
115,29553,rx_panda_base,/home/telilab4090/Documents/Gazebo World/my_world/rt_out/experiments/semantic_ablation_rigid_200f/sionna_xml/frame_115_sionna.xml,30.0,0.0,0.0,2.4,0.582,0.888,1.195,28000000000.0,29,7.579527228074312e-09,6.284866316264015e-08,5.526913593456584e-08,1.821448769590006e-08,-77.39583039298407,-47.39583039298407,cir_coefficients_tau_mask,,"[1, 1, 1, 1, 29, 1]","[1, 1, 29]","[1, 1, 29]","[1, 1, 29]",,True,,24,5.526913593456584e-08,-47.417532659854984,5,0.0,0.021702266870917697,1,0,0,0,0,0,0,0
116,29810,rx_panda_base,/home/telilab4090/Documents/Gazebo World/my_world/rt_out/experiments/semantic_ablation_rigid_200f/sionna_xml/frame_116_sionna.xml,30.0,0.0,0.0,2.4,0.582,0.888,1.195,28000000000.0,28,7.579527228074312e-09,6.284866316264015e-08,5.526913593456584e-08,1.8211661512168575e-08,-77.39650430226548,-47.396504302265484,cir_coefficients_tau_mask,,"[1, 1, 1, 1, 28, 1]","[1, 1, 28]","[1, 1, 28]","[1, 1, 28]",,True,,29,5.526913593456584e-08,-47.39583039298407,-1,0.0,-0.0006739092814171954,1,1,0,0,0,0,0,0
117,30067,rx_panda_base,/home/telilab4090/Documents/Gazebo World/my_world/rt_out/experiments/semantic_ablation_rigid_200f/sionna_xml/frame_117_sionna.xml,30.0,0.0,0.0,2.4,0.582,0.888,1.195,28000000000.0,28,7.579527228074312e-09,6.284866316264015e-08,5.526913593456584e-08,1.8211663288525415e-08,-77.39650387865672,-47.396503878656716,cir_coefficients_tau_mask,,"[1, 1, 1, 1, 28, 1]","[1, 1, 28]","[1, 1, 28]","[1, 1, 28]",,True,,28,5.526913593456584e-08,-47.396504302265484,0,0.0,4.2360876761904365e-07,0,0,0,0,0,0,0,0
118,30324,rx_panda_base,/home/telilab4090/Documents/Gazebo World/my_world/rt_out/experiments/semantic_ablation_rigid_200f/sionna_xml/frame_118_sionna.xml,30.0,0.0,0.0,2.4,0.582,0.888,1.195,28000000000.0,29,7.579527228074312e-09,6.284866316264015e-08,5.526913593456584e-08,1.821448769590006e-08,-77.39583039298407,-47.39583039298407,cir_coefficients_tau_mask,,"[1, 1, 1, 1, 29, 1]","[1, 1, 29]","[1, 1, 29]","[1, 1, 29]",,True,,28,5.526913593456584e-08,-47.396503878656716,1,0.0,0.0006734856726495764,1,0,0,0,0,0,0,0
119,30581,rx_panda_base,/home/telilab4090/Documents/Gazebo World/my_world/rt_out/experiments/semantic_ablation_rigid_200f/sionna_xml/frame_119_sionna.xml,30.0,0.0,0.0,2.4,0.582,0.888,1.195,28000000000.0,29,7.579527228074312e-09,6.284866316264015e-08,5.526913593456584e-08,1.82144894722569e-08,-77.39582996944102,-47.395829969441024,cir_coefficients_tau_mask,,"[1, 1, 1, 1, 29, 1]","[1, 1, 29]","[1, 1, 29]","[1, 1, 29]",,True,,29,5.526913593456584e-08,-47.39583039298407,0,0.0,4.2354304241598584e-07,0,0,0,0,0,0,0,0
120,30838,rx_panda_base,/home/telilab4090/Documents/Gazebo World/my_world/rt_out/experiments/semantic_ablation_rigid_200f/sionna_xml/frame_120_sionna.xml,30.0,0.0,0.0,2.4,0.582,0.888,1.195,28000000000.0,30,7.579527228074312e-09,6.284866316264015e-08,5.526913593456584e-08,2.416249600400988e-08,-76.16858204786944,-46.168582047869435,cir_coefficients_tau_mask,,"[1, 1, 1, 1, 30, 1]","[1, 1, 30]","[1, 1, 30]","[1, 1, 30]",,True,,29,5.526913593456584e-08,-47.395829969441024,1,0.0,1.227247921571589,1,0,0,0,0,0,0,0
121,31095,rx_panda_base,/home/telilab4090/Documents/Gazebo World/my_world/rt_out/experiments/semantic_ablation_rigid_200f/sionna_xml/frame_121_sionna.xml,30.0,0.0,0.0,2.4,0.582,0.888,1.195,28000000000.0,31,7.579527228074312e-09,5.897902966012225e-08,5.139950243204794e-08,2.4418026711714447e-08,-76.12289435511549,-46.12289435511549,cir_coefficients_tau_mask,,"[1, 1, 1, 1, 31, 1]","[1, 1, 31]","[1, 1, 31]","[1, 1, 31]",,True,,30,5.526913593456584e-08,-46.168582047869435,1,-3.8696335025179e-09,0.04568769275394402,1,0,0,0,0,0,0,0
122,31352,rx_panda_base,/home/telilab4090/Documents/Gazebo World/my_world/rt_out/experiments/semantic_ablation_rigid_200f/sionna_xml/frame_122_sionna.xml,30.0,0.0,0.0,2.4,0.582,0.888,1.195,28000000000.0,29,7.579527228074312e-09,5.897902966012225e-08,5.139950243204794e-08,2.4158316236366773e-08,-76.16933338044991,-46.16933338044991,cir_coefficients_tau_mask,,"[1, 1, 1, 1, 29, 1]","[1, 1, 29]","[1, 1, 29]","[1, 1, 29]",,True,,31,5.139950243204794e-08,-46.12289435511549,-2,0.0,-0.04643902533442201,1,1,0,0,0,0,0,0
123,31609,rx_panda_base,/home/telilab4090/Documents/Gazebo World/my_world/rt_out/experiments/semantic_ablation_rigid_200f/sionna_xml/frame_123_sionna.xml,30.0,0.0,0.0,2.4,0.582,0.888,1.195,28000000000.0,29,7.579527228074312e-09,5.897902966012225e-08,5.139950243204794e-08,2.4158314460009933e-08,-76.16933369978591,-46.16933369978591,cir_coefficients_tau_mask,,"[1, 1, 1, 1, 29, 1]","[1, 1, 29]","[1, 1, 29]","[1, 1, 29]",,True,,29,5.139950243204794e-08,-46.16933338044991,0,0.0,-3.193359958686415e-07,0,0,0,0,0,0,0,0
124,31866,rx_panda_base,/home/telilab4090/Documents/Gazebo World/my_world/rt_out/experiments/semantic_ablation_rigid_200f/sionna_xml/frame_124_sionna.xml,30.0,0.0,0.0,2.4,0.582,0.888,1.195,28000000000.0,29,7.579527228074312e-09,5.897902966012225e-08,5.139950243204794e-08,2.4158316236366773e-08,-76.16933338044991,-46.16933338044991,cir_coefficients_tau_mask,,"[1, 1, 1, 1, 29, 1]","[1, 1, 29]","[1, 1, 29]","[1, 1, 29]",,True,,29,5.139950243204794e-08,-46.16933369978591,0,0.0,3.193359958686415e-07,0,0,0,0,0,0,0,0
125,32123,rx_panda_base,/home/telilab4090/Documents/Gazebo World/my_world/rt_out/experiments/semantic_ablation_rigid_200f/sionna_xml/frame_125_sionna.xml,30.0,0.0,0.0,2.4,0.582,0.888,1.195,28000000000.0,29,7.579527228074312e-09,5.897902966012225e-08,5.139950243204794e-08,2.4158316236366773e-08,-76.16933338044991,-46.16933338044991,cir_coefficients_tau_mask,,"[1, 1, 1, 1, 29, 1]","[1, 1, 29]","[1, 1, 29]","[1, 1, 29]",,True,,29,5.139950243204794e-08,-46.16933338044991,0,0.0,0.0,0,0,0,0,0,0,0,0
126,32380,rx_panda_base,/home/telilab4090/Documents/Gazebo World/my_world/rt_out/experiments/semantic_ablation_rigid_200f/sionna_xml/frame_126_sionna.xml,30.0,0.0,0.0,2.4,0.582,0.888,1.195,28000000000.0,28,8.163323350629526e-09,6.284866316264015e-08,5.4685339812010625e-08,2.7825077797416498e-09,-85.55563612727613,-55.55563612727613,cir_coefficients_tau_mask,,"[1, 1, 1, 1, 28, 1]","[1, 1, 28]","[1, 1, 28]","[1, 1, 28]",,True,,29,5.139950243204794e-08,-46.16933338044991,-1,3.285837379962686e-09,-9.386302746826217,1,1,1,1,1,1,1,1
127,32637,rx_panda_base,/home/telilab4090/Documents/Gazebo World/my_world/rt_out/experiments/semantic_ablation_rigid_200f/sionna_xml/frame_127_sionna.xml,30.0,0.0,0.0,2.4,0.582,0.888,1.195,28000000000.0,23,8.163323350629526e-09,6.284866316264015e-08,5.4685339812010625e-08,2.68836553019014e-09,-85.70511681692693,-55.70511681692693,cir_coefficients_tau_mask,,"[1, 1, 1, 1, 23, 1]","[1, 1, 23]","[1, 1, 23]","[1, 1, 23]",,True,,28,5.4685339812010625e-08,-55.55563612727613,-5,0.0,-0.14948068965080097,1,1,0,0,0,0,0,0
128,32894,rx_panda_base,/home/telilab4090/Documents/Gazebo World/my_world/rt_out/experiments/semantic_ablation_rigid_200f/sionna_xml/frame_128_sionna.xml,30.0,0.0,0.0,2.4,0.582,0.888,1.195,28000000000.0,23,8.163323350629526e-09,6.284866316264015e-08,5.4685339812010625e-08,2.68836553019014e-09,-85.70511681692693,-55.70511681692693,cir_coefficients_tau_mask,,"[1, 1, 1, 1, 23, 1]","[1, 1, 23]","[1, 1, 23]","[1, 1, 23]",,True,,23,5.4685339812010625e-08,-55.70511681692693,0,0.0,0.0,0,0,0,0,0,0,0,0
129,33151,rx_panda_base,/home/telilab4090/Documents/Gazebo World/my_world/rt_out/experiments/semantic_ablation_rigid_200f/sionna_xml/frame_129_sionna.xml,30.0,0.0,0.0,2.4,0.582,0.888,1.195,28000000000.0,23,8.163323350629526e-09,6.284866316264015e-08,5.4685339812010625e-08,2.68836553019014e-09,-85.70511681692693,-55.70511681692693,cir_coefficients_tau_mask,,"[1, 1, 1, 1, 23, 1]","[1, 1, 23]","[1, 1, 23]","[1, 1, 23]",,True,,23,5.4685339812010625e-08,-55.70511681692693,0,0.0,0.0,0,0,0,0,0,0,0,0
130,33408,rx_panda_base,/home/telilab4090/Documents/Gazebo World/my_world/rt_out/experiments/semantic_ablation_rigid_200f/sionna_xml/frame_130_sionna.xml,30.0,0.0,0.0,2.4,0.582,0.888,1.195,28000000000.0,23,8.163323350629526e-09,6.284866316264015e-08,5.4685339812010625e-08,2.68836553019014e-09,-85.70511681692693,-55.70511681692693,cir_coefficients_tau_mask,,"[1, 1, 1, 1, 23, 1]","[1, 1, 23]","[1, 1, 23]","[1, 1, 23]",,True,,23,5.4685339812010625e-08,-55.70511681692693,0,0.0,0.0,0,0,0,0,0,0,0,0
131,33665,rx_panda_base,/home/telilab4090/Documents/Gazebo World/my_world/rt_out/experiments/semantic_ablation_rigid_200f/sionna_xml/frame_131_sionna.xml,30.0,0.0,0.0,2.4,0.582,0.888,1.195,28000000000.0,23,8.163323350629526e-09,6.284866316264015e-08,5.4685339812010625e-08,2.688364864056325e-09,-85.70511789303906,-55.70511789303906,cir_coefficients_tau_mask,,"[1, 1, 1, 1, 23, 1]","[1, 1, 23]","[1, 1, 23]","[1, 1, 23]",,True,,23,5.4685339812010625e-08,-55.70511681692693,0,0.0,-1.0761121274072138e-06,0,0,0,0,0,0,0,0
132,33922,rx_panda_base,/home/telilab4090/Documents/Gazebo World/my_world/rt_out/experiments/semantic_ablation_rigid_200f/sionna_xml/frame_132_sionna.xml,30.0,0.0,0.0,2.4,0.582,0.888,1.195,28000000000.0,23,5.357098764591228e-09,6.284866316264015e-08,5.749156439804892e-08,2.8408337016117e-07,-65.46554188517912,-35.46554188517912,cir_coefficients_tau_mask,,"[1, 1, 1, 1, 23, 1]","[1, 1, 23]","[1, 1, 23]","[1, 1, 23]",,True,,23,5.4685339812010625e-08,-55.70511789303906,0,2.8062245860382973e-09,20.239576007859938,0,0,0,0,0,1,1,1
133,34179,rx_panda_base,/home/telilab4090/Documents/Gazebo World/my_world/rt_out/experiments/semantic_ablation_rigid_200f/sionna_xml/frame_133_sionna.xml,30.0,0.0,0.0,2.4,0.582,0.888,1.195,28000000000.0,23,5.357098764591228e-09,6.284866316264015e-08,5.749156439804892e-08,2.8408337016117e-07,-65.46554188517912,-35.46554188517912,cir_coefficients_tau_mask,,"[1, 1, 1, 1, 23, 1]","[1, 1, 23]","[1, 1, 23]","[1, 1, 23]",,True,,23,5.749156439804892e-08,-35.46554188517912,0,0.0,0.0,0,0,0,0,0,0,0,0
134,34436,rx_panda_base,/home/telilab4090/Documents/Gazebo World/my_world/rt_out/experiments/semantic_ablation_rigid_200f/sionna_xml/frame_134_sionna.xml,30.0,0.0,0.0,2.4,0.582,0.888,1.195,28000000000.0,24,5.357098764591228e-09,6.284866316264015e-08,5.749156439804892e-08,2.8414061148396286e-07,-65.46466689251731,-35.464666892517315,cir_coefficients_tau_mask,,"[1, 1, 1, 1, 24, 1]","[1, 1, 24]","[1, 1, 24]","[1, 1, 24]",,True,,23,5.749156439804892e-08,-35.46554188517912,1,0.0,0.0008749926618065729,1,0,0,0,0,0,0,0
135,34693,rx_panda_base,/home/telilab4090/Documents/Gazebo World/my_world/rt_out/experiments/semantic_ablation_rigid_200f/sionna_xml/frame_135_sionna.xml,30.0,0.0,0.0,2.4,0.582,0.888,1.195,28000000000.0,25,5.357098764591228e-09,6.284866316264015e-08,5.749156439804892e-08,2.8419813702385e-07,-65.46378773287204,-35.463787732872035,cir_coefficients_tau_mask,,"[1, 1, 1, 1, 25, 1]","[1, 1, 25]","[1, 1, 25]","[1, 1, 25]",,True,,24,5.749156439804892e-08,-35.464666892517315,1,0.0,0.0008791596452795147,1,0,0,0,0,0,0,0
136,34950,rx_panda_base,/home/telilab4090/Documents/Gazebo World/my_world/rt_out/experiments/semantic_ablation_rigid_200f/sionna_xml/frame_136_sionna.xml,30.0,0.0,0.0,2.4,0.582,0.888,1.195,28000000000.0,25,5.357098764591228e-09,6.284866316264015e-08,5.749156439804892e-08,2.8419810860214056e-07,-65.46378816719552,-35.46378816719552,cir_coefficients_tau_mask,,"[1, 1, 1, 1, 25, 1]","[1, 1, 25]","[1, 1, 25]","[1, 1, 25]",,True,,25,5.749156439804892e-08,-35.463787732872035,0,0.0,-4.3432348206806637e-07,0,0,0,0,0,0,0,0
137,35207,rx_panda_base,/home/telilab4090/Documents/Gazebo World/my_world/rt_out/experiments/semantic_ablation_rigid_200f/sionna_xml/frame_137_sionna.xml,30.0,0.0,0.0,2.4,0.582,0.888,1.195,28000000000.0,25,5.357098764591228e-09,6.284866316264015e-08,5.749156439804892e-08,2.8419810860214056e-07,-65.46378816719552,-35.46378816719552,cir_coefficients_tau_mask,,"[1, 1, 1, 1, 25, 1]","[1, 1, 25]","[1, 1, 25]","[1, 1, 25]",,True,,25,5.749156439804892e-08,-35.46378816719552,0,0.0,0.0,0,0,0,0,0,0,0,0
138,35464,rx_panda_base,/home/telilab4090/Documents/Gazebo World/my_world/rt_out/experiments/semantic_ablation_rigid_200f/sionna_xml/frame_138_sionna.xml,30.0,0.0,0.0,2.4,0.582,0.888,1.195,28000000000.0,25,5.357098764591228e-09,6.284866316264015e-08,5.749156439804892e-08,2.84268793393494e-07,-65.46270813896908,-35.46270813896908,cir_coefficients_tau_mask,,"[1, 1, 1, 1, 25, 1]","[1, 1, 25]","[1, 1, 25]","[1, 1, 25]",,True,,25,5.749156439804892e-08,-35.46378816719552,0,0.0,0.001080028226439822,0,0,0,0,0,0,0,0
139,35721,rx_panda_base,/home/telilab4090/Documents/Gazebo World/my_world/rt_out/experiments/semantic_ablation_rigid_200f/sionna_xml/frame_139_sionna.xml,30.0,0.0,0.0,2.4,0.582,0.888,1.195,28000000000.0,23,5.357098764591228e-09,6.284866316264015e-08,5.749156439804892e-08,2.8408337016117e-07,-65.46554188517912,-35.46554188517912,cir_coefficients_tau_mask,,"[1, 1, 1, 1, 23, 1]","[1, 1, 23]","[1, 1, 23]","[1, 1, 23]",,True,,25,5.749156439804892e-08,-35.46270813896908,-2,0.0,-0.0028337462100438415,1,1,0,0,0,0,0,0
140,35978,rx_panda_base,/home/telilab4090/Documents/Gazebo World/my_world/rt_out/experiments/semantic_ablation_rigid_200f/sionna_xml/frame_140_sionna.xml,30.0,0.0,0.0,2.4,0.582,0.888,1.195,28000000000.0,25,5.357098764591228e-09,6.284866316264015e-08,5.749156439804892e-08,2.84268793393494e-07,-65.46270813896908,-35.46270813896908,cir_coefficients_tau_mask,,"[1, 1, 1, 1, 25, 1]","[1, 1, 25]","[1, 1, 25]","[1, 1, 25]",,True,,23,5.749156439804892e-08,-35.46554188517912,2,0.0,0.0028337462100438415,1,0,0,0,0,0,0,0
141,36235,rx_panda_base,/home/telilab4090/Documents/Gazebo World/my_world/rt_out/experiments/semantic_ablation_rigid_200f/sionna_xml/frame_141_sionna.xml,30.0,0.0,0.0,2.4,0.582,0.888,1.195,28000000000.0,23,5.357098764591228e-09,6.284866316264015e-08,5.749156439804892e-08,2.8408339858287945e-07,-65.46554145068022,-35.46554145068022,cir_coefficients_tau_mask,,"[1, 1, 1, 1, 23, 1]","[1, 1, 23]","[1, 1, 23]","[1, 1, 23]",,True,,25,5.749156439804892e-08,-35.46270813896908,-2,0.0,-0.002833311711142983,1,1,0,0,0,0,0,0
142,36492,rx_panda_base,/home/telilab4090/Documents/Gazebo World/my_world/rt_out/experiments/semantic_ablation_rigid_200f/sionna_xml/frame_142_sionna.xml,30.0,0.0,0.0,2.4,0.582,0.888,1.195,28000000000.0,23,5.357098764591228e-09,6.284866316264015e-08,5.749156439804892e-08,2.8408337016117e-07,-65.46554188517912,-35.46554188517912,cir_coefficients_tau_mask,,"[1, 1, 1, 1, 23, 1]","[1, 1, 23]","[1, 1, 23]","[1, 1, 23]",,True,,23,5.749156439804892e-08,-35.46554145068022,0,0.0,-4.344989008586708e-07,0,0,0,0,0,0,0,0
143,36749,rx_panda_base,/home/telilab4090/Documents/Gazebo World/my_world/rt_out/experiments/semantic_ablation_rigid_200f/sionna_xml/frame_143_sionna.xml,30.0,0.0,0.0,2.4,0.582,0.888,1.195,28000000000.0,19,5.357098764591228e-09,6.284866316264015e-08,5.749156439804892e-08,2.840113779711828e-07,-65.46664261040574,-35.46664261040574,cir_coefficients_tau_mask,,"[1, 1, 1, 1, 19, 1]","[1, 1, 19]","[1, 1, 19]","[1, 1, 19]",,True,,23,5.749156439804892e-08,-35.46554188517912,-4,0.0,-0.0011007252266210799,1,1,0,0,0,0,0,0
144,37006,rx_panda_base,/home/telilab4090/Documents/Gazebo World/my_world/rt_out/experiments/semantic_ablation_rigid_200f/sionna_xml/frame_144_sionna.xml,30.0,0.0,0.0,2.4,0.582,0.888,1.195,28000000000.0,19,5.357098764591228e-09,6.284866316264015e-08,5.749156439804892e-08,2.840113779711828e-07,-65.46664261040574,-35.46664261040574,cir_coefficients_tau_mask,,"[1, 1, 1, 1, 19, 1]","[1, 1, 19]","[1, 1, 19]","[1, 1, 19]",,True,,19,5.749156439804892e-08,-35.46664261040574,0,0.0,0.0,0,0,0,0,0,0,0,0
145,37263,rx_panda_base,/home/telilab4090/Documents/Gazebo World/my_world/rt_out/experiments/semantic_ablation_rigid_200f/sionna_xml/frame_145_sionna.xml,30.0,0.0,0.0,2.4,0.582,0.888,1.195,28000000000.0,19,5.357098764591228e-09,6.284866316264015e-08,5.749156439804892e-08,2.8401140639289224e-07,-65.46664217579671,-35.46664217579671,cir_coefficients_tau_mask,,"[1, 1, 1, 1, 19, 1]","[1, 1, 19]","[1, 1, 19]","[1, 1, 19]",,True,,19,5.749156439804892e-08,-35.46664261040574,0,0.0,4.3460903498271364e-07,0,0,0,0,0,0,0,0
146,37520,rx_panda_base,/home/telilab4090/Documents/Gazebo World/my_world/rt_out/experiments/semantic_ablation_rigid_200f/sionna_xml/frame_146_sionna.xml,30.0,0.0,0.0,2.4,0.582,0.888,1.195,28000000000.0,23,5.357098764591228e-09,6.284866316264015e-08,5.749156439804892e-08,2.8408337016117e-07,-65.46554188517912,-35.46554188517912,cir_coefficients_tau_mask,,"[1, 1, 1, 1, 23, 1]","[1, 1, 23]","[1, 1, 23]","[1, 1, 23]",,True,,19,5.749156439804892e-08,-35.46664217579671,4,0.0,0.0011002906175860971,1,0,0,0,0,0,0,0
147,37777,rx_panda_base,/home/telilab4090/Documents/Gazebo World/my_world/rt_out/experiments/semantic_ablation_rigid_200f/sionna_xml/frame_147_sionna.xml,30.0,0.0,0.0,2.4,0.582,0.888,1.195,28000000000.0,23,5.357098764591228e-09,6.284866316264015e-08,5.749156439804892e-08,2.8408337016117e-07,-65.46554188517912,-35.46554188517912,cir_coefficients_tau_mask,,"[1, 1, 1, 1, 23, 1]","[1, 1, 23]","[1, 1, 23]","[1, 1, 23]",,True,,23,5.749156439804892e-08,-35.46554188517912,0,0.0,0.0,0,0,0,0,0,0,0,0
148,38034,rx_panda_base,/home/telilab4090/Documents/Gazebo World/my_world/rt_out/experiments/semantic_ablation_rigid_200f/sionna_xml/frame_148_sionna.xml,30.0,0.0,0.0,2.4,0.582,0.888,1.195,28000000000.0,23,5.357098764591228e-09,6.284866316264015e-08,5.749156439804892e-08,2.8408337016117e-07,-65.46554188517912,-35.46554188517912,cir_coefficients_tau_mask,,"[1, 1, 1, 1, 23, 1]","[1, 1, 23]","[1, 1, 23]","[1, 1, 23]",,True,,23,5.749156439804892e-08,-35.46554188517912,0,0.0,0.0,0,0,0,0,0,0,0,0
149,38291,rx_panda_base,/home/telilab4090/Documents/Gazebo World/my_world/rt_out/experiments/semantic_ablation_rigid_200f/sionna_xml/frame_149_sionna.xml,30.0,0.0,0.0,2.4,0.582,0.888,1.195,28000000000.0,23,5.357098764591228e-09,6.284866316264015e-08,5.749156439804892e-08,2.840833417394606e-07,-65.46554231967805,-35.46554231967805,cir_coefficients_tau_mask,,"[1, 1, 1, 1, 23, 1]","[1, 1, 23]","[1, 1, 23]","[1, 1, 23]",,True,,23,5.749156439804892e-08,-35.46554188517912,0,0.0,-4.3449892928038025e-07,0,0,0,0,0,0,0,0
150,38548,rx_panda_base,/home/telilab4090/Documents/Gazebo World/my_world/rt_out/experiments/semantic_ablation_rigid_200f/sionna_xml/frame_150_sionna.xml,30.0,0.0,0.0,2.4,0.582,0.888,1.195,28000000000.0,24,5.357098764591228e-09,6.284866316264015e-08,5.749156439804892e-08,2.841406399056723e-07,-65.46466645810595,-35.46466645810595,cir_coefficients_tau_mask,,"[1, 1, 1, 1, 24, 1]","[1, 1, 24]","[1, 1, 24]","[1, 1, 24]",,True,,23,5.749156439804892e-08,-35.46554231967805,1,0.0,0.0008758615720978469,1,0,0,0,0,0,0,0
151,38805,rx_panda_base,/home/telilab4090/Documents/Gazebo World/my_world/rt_out/experiments/semantic_ablation_rigid_200f/sionna_xml/frame_151_sionna.xml,30.0,0.0,0.0,2.4,0.582,0.888,1.195,28000000000.0,24,5.357098764591228e-09,6.284866316264015e-08,5.749156439804892e-08,2.8414061148396286e-07,-65.46466689251731,-35.464666892517315,cir_coefficients_tau_mask,,"[1, 1, 1, 1, 24, 1]","[1, 1, 24]","[1, 1, 24]","[1, 1, 24]",,True,,24,5.749156439804892e-08,-35.46466645810595,0,0.0,-4.344113619936252e-07,0,0,0,0,0,0,0,0
152,39062,rx_panda_base,/home/telilab4090/Documents/Gazebo World/my_world/rt_out/experiments/semantic_ablation_rigid_200f/sionna_xml/frame_152_sionna.xml,30.0,0.0,0.0,2.4,0.582,0.888,1.195,28000000000.0,24,5.357098764591228e-09,6.284866316264015e-08,5.749156439804892e-08,2.841406399056723e-07,-65.46466645810595,-35.46466645810595,cir_coefficients_tau_mask,,"[1, 1, 1, 1, 24, 1]","[1, 1, 24]","[1, 1, 24]","[1, 1, 24]",,True,,24,5.749156439804892e-08,-35.464666892517315,0,0.0,4.344113619936252e-07,0,0,0,0,0,0,0,0
153,39319,rx_panda_base,/home/telilab4090/Documents/Gazebo World/my_world/rt_out/experiments/semantic_ablation_rigid_200f/sionna_xml/frame_153_sionna.xml,30.0,0.0,0.0,2.4,0.582,0.888,1.195,28000000000.0,24,5.357098764591228e-09,6.284866316264015e-08,5.749156439804892e-08,2.841406399056723e-07,-65.46466645810595,-35.46466645810595,cir_coefficients_tau_mask,,"[1, 1, 1, 1, 24, 1]","[1, 1, 24]","[1, 1, 24]","[1, 1, 24]",,True,,24,5.749156439804892e-08,-35.46466645810595,0,0.0,0.0,0,0,0,0,0,0,0,0
154,39576,rx_panda_base,/home/telilab4090/Documents/Gazebo World/my_world/rt_out/experiments/semantic_ablation_rigid_200f/sionna_xml/frame_154_sionna.xml,30.0,0.0,0.0,2.4,0.582,0.888,1.195,28000000000.0,24,5.357098764591228e-09,6.284866316264015e-08,5.749156439804892e-08,2.8414061148396286e-07,-65.46466689251731,-35.464666892517315,cir_coefficients_tau_mask,,"[1, 1, 1, 1, 24, 1]","[1, 1, 24]","[1, 1, 24]","[1, 1, 24]",,True,,24,5.749156439804892e-08,-35.46466645810595,0,0.0,-4.344113619936252e-07,0,0,0,0,0,0,0,0
155,39833,rx_panda_base,/home/telilab4090/Documents/Gazebo World/my_world/rt_out/experiments/semantic_ablation_rigid_200f/sionna_xml/frame_155_sionna.xml,30.0,0.0,0.0,2.4,0.582,0.888,1.195,28000000000.0,24,5.357098764591228e-09,6.284866316264015e-08,5.749156439804892e-08,2.841406399056723e-07,-65.46466645810595,-35.46466645810595,cir_coefficients_tau_mask,,"[1, 1, 1, 1, 24, 1]","[1, 1, 24]","[1, 1, 24]","[1, 1, 24]",,True,,24,5.749156439804892e-08,-35.464666892517315,0,0.0,4.344113619936252e-07,0,0,0,0,0,0,0,0
156,40090,rx_panda_base,/home/telilab4090/Documents/Gazebo World/my_world/rt_out/experiments/semantic_ablation_rigid_200f/sionna_xml/frame_156_sionna.xml,30.0,0.0,0.0,2.4,0.582,0.888,1.195,28000000000.0,24,5.357098764591228e-09,6.284866316264015e-08,5.749156439804892e-08,2.8414061148396286e-07,-65.46466689251731,-35.464666892517315,cir_coefficients_tau_mask,,"[1, 1, 1, 1, 24, 1]","[1, 1, 24]","[1, 1, 24]","[1, 1, 24]",,True,,24,5.749156439804892e-08,-35.46466645810595,0,0.0,-4.344113619936252e-07,0,0,0,0,0,0,0,0
157,40347,rx_panda_base,/home/telilab4090/Documents/Gazebo World/my_world/rt_out/experiments/semantic_ablation_rigid_200f/sionna_xml/frame_157_sionna.xml,30.0,0.0,0.0,2.4,0.582,0.888,1.195,28000000000.0,24,5.357098764591228e-09,6.284866316264015e-08,5.749156439804892e-08,2.841406399056723e-07,-65.46466645810595,-35.46466645810595,cir_coefficients_tau_mask,,"[1, 1, 1, 1, 24, 1]","[1, 1, 24]","[1, 1, 24]","[1, 1, 24]",,True,,24,5.749156439804892e-08,-35.464666892517315,0,0.0,4.344113619936252e-07,0,0,0,0,0,0,0,0
158,40604,rx_panda_base,/home/telilab4090/Documents/Gazebo World/my_world/rt_out/experiments/semantic_ablation_rigid_200f/sionna_xml/frame_158_sionna.xml,30.0,0.0,0.0,2.4,0.582,0.888,1.195,28000000000.0,24,5.357098764591228e-09,6.284866316264015e-08,5.749156439804892e-08,2.8414061148396286e-07,-65.46466689251731,-35.464666892517315,cir_coefficients_tau_mask,,"[1, 1, 1, 1, 24, 1]","[1, 1, 24]","[1, 1, 24]","[1, 1, 24]",,True,,24,5.749156439804892e-08,-35.46466645810595,0,0.0,-4.344113619936252e-07,0,0,0,0,0,0,0,0
159,40861,rx_panda_base,/home/telilab4090/Documents/Gazebo World/my_world/rt_out/experiments/semantic_ablation_rigid_200f/sionna_xml/frame_159_sionna.xml,30.0,0.0,0.0,2.4,0.582,0.888,1.195,28000000000.0,24,5.357098764591228e-09,6.284866316264015e-08,5.749156439804892e-08,2.841406399056723e-07,-65.46466645810595,-35.46466645810595,cir_coefficients_tau_mask,,"[1, 1, 1, 1, 24, 1]","[1, 1, 24]","[1, 1, 24]","[1, 1, 24]",,True,,24,5.749156439804892e-08,-35.464666892517315,0,0.0,4.344113619936252e-07,0,0,0,0,0,0,0,0
160,41118,rx_panda_base,/home/telilab4090/Documents/Gazebo World/my_world/rt_out/experiments/semantic_ablation_rigid_200f/sionna_xml/frame_160_sionna.xml,30.0,0.0,0.0,2.4,0.582,0.888,1.195,28000000000.0,29,5.357098764591228e-09,6.284866316264015e-08,5.749156439804892e-08,2.8423474418559636e-07,-65.46322836029202,-35.46322836029202,cir_coefficients_tau_mask,,"[1, 1, 1, 1, 29, 1]","[1, 1, 29]","[1, 1, 29]","[1, 1, 29]",,True,,24,5.749156439804892e-08,-35.46466645810595,5,0.0,0.0014380978139314493,1,0,0,0,0,0,0,0
161,41375,rx_panda_base,/home/telilab4090/Documents/Gazebo World/my_world/rt_out/experiments/semantic_ablation_rigid_200f/sionna_xml/frame_161_sionna.xml,30.0,0.0,0.0,2.4,0.582,0.888,1.195,28000000000.0,29,5.357098764591228e-09,6.284866316264015e-08,5.749156439804892e-08,2.842347726073058e-07,-65.46322792602452,-35.463227926024516,cir_coefficients_tau_mask,,"[1, 1, 1, 1, 29, 1]","[1, 1, 29]","[1, 1, 29]","[1, 1, 29]",,True,,29,5.749156439804892e-08,-35.46322836029202,0,0.0,4.342675055113432e-07,0,0,0,0,0,0,0,0
162,41632,rx_panda_base,/home/telilab4090/Documents/Gazebo World/my_world/rt_out/experiments/semantic_ablation_rigid_200f/sionna_xml/frame_162_sionna.xml,30.0,0.0,0.0,2.4,0.582,0.888,1.195,28000000000.0,29,5.357098764591228e-09,6.284866316264015e-08,5.749156439804892e-08,2.8423474418559636e-07,-65.46322836029202,-35.46322836029202,cir_coefficients_tau_mask,,"[1, 1, 1, 1, 29, 1]","[1, 1, 29]","[1, 1, 29]","[1, 1, 29]",,True,,29,5.749156439804892e-08,-35.463227926024516,0,0.0,-4.342675055113432e-07,0,0,0,0,0,0,0,0
163,41889,rx_panda_base,/home/telilab4090/Documents/Gazebo World/my_world/rt_out/experiments/semantic_ablation_rigid_200f/sionna_xml/frame_163_sionna.xml,30.0,0.0,0.0,2.4,0.582,0.888,1.195,28000000000.0,29,5.357098764591228e-09,6.284866316264015e-08,5.749156439804892e-08,2.8423474418559636e-07,-65.46322836029202,-35.46322836029202,cir_coefficients_tau_mask,,"[1, 1, 1, 1, 29, 1]","[1, 1, 29]","[1, 1, 29]","[1, 1, 29]",,True,,29,5.749156439804892e-08,-35.46322836029202,0,0.0,0.0,0,0,0,0,0,0,0,0
164,42146,rx_panda_base,/home/telilab4090/Documents/Gazebo World/my_world/rt_out/experiments/semantic_ablation_rigid_200f/sionna_xml/frame_164_sionna.xml,30.0,0.0,0.0,2.4,0.582,0.888,1.195,28000000000.0,29,5.357098764591228e-09,6.284866316264015e-08,5.749156439804892e-08,2.8423474418559636e-07,-65.46322836029202,-35.46322836029202,cir_coefficients_tau_mask,,"[1, 1, 1, 1, 29, 1]","[1, 1, 29]","[1, 1, 29]","[1, 1, 29]",,True,,29,5.749156439804892e-08,-35.46322836029202,0,0.0,0.0,0,0,0,0,0,0,0,0
165,42403,rx_panda_base,/home/telilab4090/Documents/Gazebo World/my_world/rt_out/experiments/semantic_ablation_rigid_200f/sionna_xml/frame_165_sionna.xml,30.0,0.0,0.0,2.4,0.582,0.888,1.195,28000000000.0,28,5.357098764591228e-09,6.284866316264015e-08,5.749156439804892e-08,2.8421584374882514e-07,-65.46351715779079,-35.46351715779079,cir_coefficients_tau_mask,,"[1, 1, 1, 1, 28, 1]","[1, 1, 28]","[1, 1, 28]","[1, 1, 28]",,True,,29,5.749156439804892e-08,-35.46322836029202,-1,0.0,-0.0002887974987686448,1,1,0,0,0,0,0,0
166,42659,rx_panda_base,/home/telilab4090/Documents/Gazebo World/my_world/rt_out/experiments/semantic_ablation_rigid_200f/sionna_xml/frame_166_sionna.xml,30.0,0.0,0.0,2.4,0.582,0.888,1.195,28000000000.0,28,5.357098764591228e-09,6.284866316264015e-08,5.749156439804892e-08,2.8421584374882514e-07,-65.46351715779079,-35.46351715779079,cir_coefficients_tau_mask,,"[1, 1, 1, 1, 28, 1]","[1, 1, 28]","[1, 1, 28]","[1, 1, 28]",,True,,28,5.749156439804892e-08,-35.46351715779079,0,0.0,0.0,0,0,0,0,0,0,0,0
167,42916,rx_panda_base,/home/telilab4090/Documents/Gazebo World/my_world/rt_out/experiments/semantic_ablation_rigid_200f/sionna_xml/frame_167_sionna.xml,30.0,0.0,0.0,2.4,0.582,0.888,1.195,28000000000.0,28,5.357098764591228e-09,6.284866316264015e-08,5.749156439804892e-08,2.8421587217053457e-07,-65.46351672349441,-35.46351672349441,cir_coefficients_tau_mask,,"[1, 1, 1, 1, 28, 1]","[1, 1, 28]","[1, 1, 28]","[1, 1, 28]",,True,,28,5.749156439804892e-08,-35.46351715779079,0,0.0,4.342963819681245e-07,0,0,0,0,0,0,0,0
168,43173,rx_panda_base,/home/telilab4090/Documents/Gazebo World/my_world/rt_out/experiments/semantic_ablation_rigid_200f/sionna_xml/frame_168_sionna.xml,30.0,0.0,0.0,2.4,0.582,0.888,1.195,28000000000.0,27,8.163323350629526e-09,6.284866316264015e-08,5.4685339812010625e-08,2.763622886092776e-09,-85.585212194971,-55.58521219497101,cir_coefficients_tau_mask,,"[1, 1, 1, 1, 27, 1]","[1, 1, 27]","[1, 1, 27]","[1, 1, 27]",,True,,28,5.749156439804892e-08,-35.46351672349441,-1,-2.8062245860382973e-09,-20.1216954714766,1,1,1,1,1,0,1,1
169,43430,rx_panda_base,/home/telilab4090/Documents/Gazebo World/my_world/rt_out/experiments/semantic_ablation_rigid_200f/sionna_xml/frame_169_sionna.xml,30.0,0.0,0.0,2.4,0.582,0.888,1.195,28000000000.0,27,8.163323350629526e-09,6.284866316264015e-08,5.4685339812010625e-08,2.763622219958961e-09,-85.58521324177906,-55.58521324177906,cir_coefficients_tau_mask,,"[1, 1, 1, 1, 27, 1]","[1, 1, 27]","[1, 1, 27]","[1, 1, 27]",,True,,27,5.4685339812010625e-08,-55.58521219497101,0,0.0,-1.0468080517966882e-06,0,0,0,0,0,0,0,0
170,43687,rx_panda_base,/home/telilab4090/Documents/Gazebo World/my_world/rt_out/experiments/semantic_ablation_rigid_200f/sionna_xml/frame_170_sionna.xml,30.0,0.0,0.0,2.4,0.582,0.888,1.195,28000000000.0,27,8.163323350629526e-09,6.284866316264015e-08,5.4685339812010625e-08,2.763621997914356e-09,-85.58521359071514,-55.58521359071514,cir_coefficients_tau_mask,,"[1, 1, 1, 1, 27, 1]","[1, 1, 27]","[1, 1, 27]","[1, 1, 27]",,True,,27,5.4685339812010625e-08,-55.58521324177906,0,0.0,-3.4893608358288475e-07,0,0,0,0,0,0,0,0
171,43944,rx_panda_base,/home/telilab4090/Documents/Gazebo World/my_world/rt_out/experiments/semantic_ablation_rigid_200f/sionna_xml/frame_171_sionna.xml,30.0,0.0,0.0,2.4,0.582,0.888,1.195,28000000000.0,27,8.163323350629526e-09,6.284866316264015e-08,5.4685339812010625e-08,2.763622219958961e-09,-85.58521324177906,-55.58521324177906,cir_coefficients_tau_mask,,"[1, 1, 1, 1, 27, 1]","[1, 1, 27]","[1, 1, 27]","[1, 1, 27]",,True,,27,5.4685339812010625e-08,-55.58521359071514,0,0.0,3.4893608358288475e-07,0,0,0,0,0,0,0,0
172,44201,rx_panda_base,/home/telilab4090/Documents/Gazebo World/my_world/rt_out/experiments/semantic_ablation_rigid_200f/sionna_xml/frame_172_sionna.xml,30.0,0.0,0.0,2.4,0.582,0.888,1.195,28000000000.0,28,8.163323350629526e-09,6.284866316264015e-08,5.4685339812010625e-08,2.7825077797416498e-09,-85.55563612727613,-55.55563612727613,cir_coefficients_tau_mask,,"[1, 1, 1, 1, 28, 1]","[1, 1, 28]","[1, 1, 28]","[1, 1, 28]",,True,,27,5.4685339812010625e-08,-55.58521324177906,1,0.0,0.02957711450292777,1,0,0,0,0,0,0,0
173,44458,rx_panda_base,/home/telilab4090/Documents/Gazebo World/my_world/rt_out/experiments/semantic_ablation_rigid_200f/sionna_xml/frame_173_sionna.xml,30.0,0.0,0.0,2.4,0.582,0.888,1.195,28000000000.0,32,7.579527228074312e-09,6.284866316264015e-08,5.526913593456584e-08,2.4422204703000716e-08,-76.12215132892051,-46.12215132892051,cir_coefficients_tau_mask,,"[1, 1, 1, 1, 32, 1]","[1, 1, 32]","[1, 1, 32]","[1, 1, 32]",,True,,28,5.4685339812010625e-08,-55.55563612727613,4,5.837961225552135e-10,9.433484798355622,1,0,0,0,0,0,0,0
174,44715,rx_panda_base,/home/telilab4090/Documents/Gazebo World/my_world/rt_out/experiments/semantic_ablation_rigid_200f/sionna_xml/frame_174_sionna.xml,30.0,0.0,0.0,2.4,0.582,0.888,1.195,28000000000.0,32,7.579527228074312e-09,6.284866316264015e-08,5.526913593456584e-08,2.4422204703000716e-08,-76.12215132892051,-46.12215132892051,cir_coefficients_tau_mask,,"[1, 1, 1, 1, 32, 1]","[1, 1, 32]","[1, 1, 32]","[1, 1, 32]",,True,,32,5.526913593456584e-08,-46.12215132892051,0,0.0,0.0,0,0,0,0,0,0,0,0
175,44972,rx_panda_base,/home/telilab4090/Documents/Gazebo World/my_world/rt_out/experiments/semantic_ablation_rigid_200f/sionna_xml/frame_175_sionna.xml,30.0,0.0,0.0,2.4,0.582,0.888,1.195,28000000000.0,32,7.579527228074312e-09,6.284866316264015e-08,5.526913593456584e-08,2.4422204703000716e-08,-76.12215132892051,-46.12215132892051,cir_coefficients_tau_mask,,"[1, 1, 1, 1, 32, 1]","[1, 1, 32]","[1, 1, 32]","[1, 1, 32]",,True,,32,5.526913593456584e-08,-46.12215132892051,0,0.0,0.0,0,0,0,0,0,0,0,0
176,45229,rx_panda_base,/home/telilab4090/Documents/Gazebo World/my_world/rt_out/experiments/semantic_ablation_rigid_200f/sionna_xml/frame_176_sionna.xml,30.0,0.0,0.0,2.4,0.582,0.888,1.195,28000000000.0,32,7.579527228074312e-09,6.284866316264015e-08,5.526913593456584e-08,2.4422208255714395e-08,-76.1221506971496,-46.12215069714961,cir_coefficients_tau_mask,,"[1, 1, 1, 1, 32, 1]","[1, 1, 32]","[1, 1, 32]","[1, 1, 32]",,True,,32,5.526913593456584e-08,-46.12215132892051,0,0.0,6.317709022596318e-07,0,0,0,0,0,0,0,0
177,45486,rx_panda_base,/home/telilab4090/Documents/Gazebo World/my_world/rt_out/experiments/semantic_ablation_rigid_200f/sionna_xml/frame_177_sionna.xml,30.0,0.0,0.0,2.4,0.582,0.888,1.195,28000000000.0,32,7.579527228074312e-09,6.284866316264015e-08,5.526913593456584e-08,2.4422204703000716e-08,-76.12215132892051,-46.12215132892051,cir_coefficients_tau_mask,,"[1, 1, 1, 1, 32, 1]","[1, 1, 32]","[1, 1, 32]","[1, 1, 32]",,True,,32,5.526913593456584e-08,-46.12215069714961,0,0.0,-6.317709022596318e-07,0,0,0,0,0,0,0,0
178,45743,rx_panda_base,/home/telilab4090/Documents/Gazebo World/my_world/rt_out/experiments/semantic_ablation_rigid_200f/sionna_xml/frame_178_sionna.xml,30.0,0.0,0.0,2.4,0.582,0.888,1.195,28000000000.0,30,7.579527228074312e-09,6.284866316264015e-08,5.526913593456584e-08,1.8995425676848754e-08,-77.2135096970415,-47.2135096970415,cir_coefficients_tau_mask,,"[1, 1, 1, 1, 30, 1]","[1, 1, 30]","[1, 1, 30]","[1, 1, 30]",,True,,32,5.526913593456584e-08,-46.12215132892051,-2,0.0,-1.0913583681209928,1,1,1,1,0,0,1,0
179,46000,rx_panda_base,/home/telilab4090/Documents/Gazebo World/my_world/rt_out/experiments/semantic_ablation_rigid_200f/sionna_xml/frame_179_sionna.xml,30.0,0.0,0.0,2.4,0.582,0.888,1.195,28000000000.0,29,7.579527228074312e-09,6.284866316264015e-08,5.526913593456584e-08,1.821448769590006e-08,-77.39583039298407,-47.39583039298407,cir_coefficients_tau_mask,,"[1, 1, 1, 1, 29, 1]","[1, 1, 29]","[1, 1, 29]","[1, 1, 29]",,True,,30,5.526913593456584e-08,-47.2135096970415,-1,0.0,-0.18232069594256473,1,1,0,0,0,0,0,0
180,46257,rx_panda_base,/home/telilab4090/Documents/Gazebo World/my_world/rt_out/experiments/semantic_ablation_rigid_200f/sionna_xml/frame_180_sionna.xml,30.0,0.0,0.0,2.4,0.582,0.888,1.195,28000000000.0,29,7.579527228074312e-09,6.284866316264015e-08,5.526913593456584e-08,1.821448769590006e-08,-77.39583039298407,-47.39583039298407,cir_coefficients_tau_mask,,"[1, 1, 1, 1, 29, 1]","[1, 1, 29]","[1, 1, 29]","[1, 1, 29]",,True,,29,5.526913593456584e-08,-47.39583039298407,0,0.0,0.0,0,0,0,0,0,0,0,0
181,46514,rx_panda_base,/home/telilab4090/Documents/Gazebo World/my_world/rt_out/experiments/semantic_ablation_rigid_200f/sionna_xml/frame_181_sionna.xml,30.0,0.0,0.0,2.4,0.582,0.888,1.195,28000000000.0,29,7.579527228074312e-09,6.284866316264015e-08,5.526913593456584e-08,1.8214485919543222e-08,-77.39583081652712,-47.39583081652712,cir_coefficients_tau_mask,,"[1, 1, 1, 1, 29, 1]","[1, 1, 29]","[1, 1, 29]","[1, 1, 29]",,True,,29,5.526913593456584e-08,-47.39583039298407,0,0.0,-4.2354305662684055e-07,0,0,0,0,0,0,0,0
182,46771,rx_panda_base,/home/telilab4090/Documents/Gazebo World/my_world/rt_out/experiments/semantic_ablation_rigid_200f/sionna_xml/frame_182_sionna.xml,30.0,0.0,0.0,2.4,0.582,0.888,1.195,28000000000.0,29,7.579527228074312e-09,6.284866316264015e-08,5.526913593456584e-08,1.821448769590006e-08,-77.39583039298407,-47.39583039298407,cir_coefficients_tau_mask,,"[1, 1, 1, 1, 29, 1]","[1, 1, 29]","[1, 1, 29]","[1, 1, 29]",,True,,29,5.526913593456584e-08,-47.39583081652712,0,0.0,4.2354305662684055e-07,0,0,0,0,0,0,0,0
183,47028,rx_panda_base,/home/telilab4090/Documents/Gazebo World/my_world/rt_out/experiments/semantic_ablation_rigid_200f/sionna_xml/frame_183_sionna.xml,30.0,0.0,0.0,2.4,0.582,0.888,1.195,28000000000.0,25,7.579527228074312e-09,6.284866316264015e-08,5.526913593456584e-08,1.814251682219492e-08,-77.41302465557538,-47.413024655575384,cir_coefficients_tau_mask,,"[1, 1, 1, 1, 25, 1]","[1, 1, 25]","[1, 1, 25]","[1, 1, 25]",,True,,29,5.526913593456584e-08,-47.39583039298407,-4,0.0,-0.01719426259131751,1,1,0,0,0,0,0,0
184,47285,rx_panda_base,/home/telilab4090/Documents/Gazebo World/my_world/rt_out/experiments/semantic_ablation_rigid_200f/sionna_xml/frame_184_sionna.xml,30.0,0.0,0.0,2.4,0.582,0.888,1.195,28000000000.0,25,7.579527228074312e-09,6.284866316264015e-08,5.526913593456584e-08,1.814251504583808e-08,-77.41302508079865,-47.41302508079865,cir_coefficients_tau_mask,,"[1, 1, 1, 1, 25, 1]","[1, 1, 25]","[1, 1, 25]","[1, 1, 25]",,True,,25,5.526913593456584e-08,-47.413024655575384,0,0.0,-4.2522326282323775e-07,0,0,0,0,0,0,0,0
185,47542,rx_panda_base,/home/telilab4090/Documents/Gazebo World/my_world/rt_out/experiments/semantic_ablation_rigid_200f/sionna_xml/frame_185_sionna.xml,30.0,0.0,0.0,2.4,0.582,0.888,1.195,28000000000.0,25,7.579527228074312e-09,6.284866316264015e-08,5.526913593456584e-08,1.814251504583808e-08,-77.41302508079865,-47.41302508079865,cir_coefficients_tau_mask,,"[1, 1, 1, 1, 25, 1]","[1, 1, 25]","[1, 1, 25]","[1, 1, 25]",,True,,25,5.526913593456584e-08,-47.41302508079865,0,0.0,0.0,0,0,0,0,0,0,0,0
186,47799,rx_panda_base,/home/telilab4090/Documents/Gazebo World/my_world/rt_out/experiments/semantic_ablation_rigid_200f/sionna_xml/frame_186_sionna.xml,30.0,0.0,0.0,2.4,0.582,0.888,1.195,28000000000.0,25,7.579527228074312e-09,6.284866316264015e-08,5.526913593456584e-08,1.814251682219492e-08,-77.41302465557538,-47.413024655575384,cir_coefficients_tau_mask,,"[1, 1, 1, 1, 25, 1]","[1, 1, 25]","[1, 1, 25]","[1, 1, 25]",,True,,25,5.526913593456584e-08,-47.41302508079865,0,0.0,4.2522326282323775e-07,0,0,0,0,0,0,0,0
187,48056,rx_panda_base,/home/telilab4090/Documents/Gazebo World/my_world/rt_out/experiments/semantic_ablation_rigid_200f/sionna_xml/frame_187_sionna.xml,30.0,0.0,0.0,2.4,0.582,0.888,1.195,28000000000.0,25,7.579527228074312e-09,6.284866316264015e-08,5.526913593456584e-08,1.814251859855176e-08,-77.41302423035216,-47.413024230352164,cir_coefficients_tau_mask,,"[1, 1, 1, 1, 25, 1]","[1, 1, 25]","[1, 1, 25]","[1, 1, 25]",,True,,25,5.526913593456584e-08,-47.413024655575384,0,0.0,4.252232201906736e-07,0,0,0,0,0,0,0,0
188,48313,rx_panda_base,/home/telilab4090/Documents/Gazebo World/my_world/rt_out/experiments/semantic_ablation_rigid_200f/sionna_xml/frame_188_sionna.xml,30.0,0.0,0.0,2.4,0.582,0.888,1.195,28000000000.0,25,7.579527228074312e-09,6.284866316264015e-08,5.526913593456584e-08,1.814251504583808e-08,-77.41302508079865,-47.41302508079865,cir_coefficients_tau_mask,,"[1, 1, 1, 1, 25, 1]","[1, 1, 25]","[1, 1, 25]","[1, 1, 25]",,True,,25,5.526913593456584e-08,-47.413024230352164,0,0.0,-8.504464830139113e-07,0,0,0,0,0,0,0,0
189,48570,rx_panda_base,/home/telilab4090/Documents/Gazebo World/my_world/rt_out/experiments/semantic_ablation_rigid_200f/sionna_xml/frame_189_sionna.xml,30.0,0.0,0.0,2.4,0.582,0.888,1.195,28000000000.0,25,7.579527228074312e-09,6.284866316264015e-08,5.526913593456584e-08,1.814251859855176e-08,-77.41302423035216,-47.413024230352164,cir_coefficients_tau_mask,,"[1, 1, 1, 1, 25, 1]","[1, 1, 25]","[1, 1, 25]","[1, 1, 25]",,True,,25,5.526913593456584e-08,-47.41302508079865,0,0.0,8.504464830139113e-07,0,0,0,0,0,0,0,0
190,48827,rx_panda_base,/home/telilab4090/Documents/Gazebo World/my_world/rt_out/experiments/semantic_ablation_rigid_200f/sionna_xml/frame_190_sionna.xml,30.0,0.0,0.0,2.4,0.582,0.888,1.195,28000000000.0,25,7.579527228074312e-09,6.284866316264015e-08,5.526913593456584e-08,1.814251682219492e-08,-77.41302465557538,-47.413024655575384,cir_coefficients_tau_mask,,"[1, 1, 1, 1, 25, 1]","[1, 1, 25]","[1, 1, 25]","[1, 1, 25]",,True,,25,5.526913593456584e-08,-47.413024230352164,0,0.0,-4.252232201906736e-07,0,0,0,0,0,0,0,0
191,49084,rx_panda_base,/home/telilab4090/Documents/Gazebo World/my_world/rt_out/experiments/semantic_ablation_rigid_200f/sionna_xml/frame_191_sionna.xml,30.0,0.0,0.0,2.4,0.582,0.888,1.195,28000000000.0,25,7.579527228074312e-09,6.284866316264015e-08,5.526913593456584e-08,1.814251859855176e-08,-77.41302423035216,-47.413024230352164,cir_coefficients_tau_mask,,"[1, 1, 1, 1, 25, 1]","[1, 1, 25]","[1, 1, 25]","[1, 1, 25]",,True,,25,5.526913593456584e-08,-47.413024655575384,0,0.0,4.252232201906736e-07,0,0,0,0,0,0,0,0
192,49341,rx_panda_base,/home/telilab4090/Documents/Gazebo World/my_world/rt_out/experiments/semantic_ablation_rigid_200f/sionna_xml/frame_192_sionna.xml,30.0,0.0,0.0,2.4,0.582,0.888,1.195,28000000000.0,25,7.579527228074312e-09,6.284866316264015e-08,5.526913593456584e-08,1.814251504583808e-08,-77.41302508079865,-47.41302508079865,cir_coefficients_tau_mask,,"[1, 1, 1, 1, 25, 1]","[1, 1, 25]","[1, 1, 25]","[1, 1, 25]",,True,,25,5.526913593456584e-08,-47.413024230352164,0,0.0,-8.504464830139113e-07,0,0,0,0,0,0,0,0
193,49598,rx_panda_base,/home/telilab4090/Documents/Gazebo World/my_world/rt_out/experiments/semantic_ablation_rigid_200f/sionna_xml/frame_193_sionna.xml,30.0,0.0,0.0,2.4,0.582,0.888,1.195,28000000000.0,28,7.579527228074312e-09,5.897902966012225e-08,5.139950243204794e-08,1.8210307928256952e-08,-77.39682710415286,-47.39682710415286,cir_coefficients_tau_mask,,"[1, 1, 1, 1, 28, 1]","[1, 1, 28]","[1, 1, 28]","[1, 1, 28]",,True,,25,5.526913593456584e-08,-47.41302508079865,3,-3.8696335025179e-09,0.016197976645784706,1,0,0,0,0,0,0,0
194,49855,rx_panda_base,/home/telilab4090/Documents/Gazebo World/my_world/rt_out/experiments/semantic_ablation_rigid_200f/sionna_xml/frame_194_sionna.xml,30.0,0.0,0.0,2.4,0.582,0.888,1.195,28000000000.0,31,7.579527228074312e-09,6.284866316264015e-08,5.526913593456584e-08,2.364127205112254e-08,-76.26329159350833,-46.26329159350833,cir_coefficients_tau_mask,,"[1, 1, 1, 1, 31, 1]","[1, 1, 31]","[1, 1, 31]","[1, 1, 31]",,True,,28,5.139950243204794e-08,-47.39682710415286,3,3.8696335025179e-09,1.1335355106445348,1,0,0,0,0,1,1,1
195,50112,rx_panda_base,/home/telilab4090/Documents/Gazebo World/my_world/rt_out/experiments/semantic_ablation_rigid_200f/sionna_xml/frame_195_sionna.xml,30.0,0.0,0.0,2.4,0.582,0.888,1.195,28000000000.0,30,7.579527228074312e-09,6.284866316264015e-08,5.526913593456584e-08,2.3598291321036413e-08,-76.27119441805743,-46.27119441805743,cir_coefficients_tau_mask,,"[1, 1, 1, 1, 30, 1]","[1, 1, 30]","[1, 1, 30]","[1, 1, 30]",,True,,31,5.526913593456584e-08,-46.26329159350833,-1,0.0,-0.007902824549105958,1,1,0,0,0,0,0,0
196,50369,rx_panda_base,/home/telilab4090/Documents/Gazebo World/my_world/rt_out/experiments/semantic_ablation_rigid_200f/sionna_xml/frame_196_sionna.xml,30.0,0.0,0.0,2.4,0.582,0.888,1.195,28000000000.0,31,7.579527228074312e-09,6.284866316264015e-08,5.526913593456584e-08,2.3641266722052023e-08,-76.2632925724684,-46.2632925724684,cir_coefficients_tau_mask,,"[1, 1, 1, 1, 31, 1]","[1, 1, 31]","[1, 1, 31]","[1, 1, 31]",,True,,30,5.526913593456584e-08,-46.27119441805743,1,0.0,0.007901845589032064,1,0,0,0,0,0,0,0
197,50626,rx_panda_base,/home/telilab4090/Documents/Gazebo World/my_world/rt_out/experiments/semantic_ablation_rigid_200f/sionna_xml/frame_197_sionna.xml,30.0,0.0,0.0,2.4,0.582,0.888,1.195,28000000000.0,26,7.579527228074312e-09,6.284866316264015e-08,5.526913593456584e-08,2.3566474993685915e-08,-76.27705373151464,-46.27705373151464,cir_coefficients_tau_mask,,"[1, 1, 1, 1, 26, 1]","[1, 1, 26]","[1, 1, 26]","[1, 1, 26]",,True,,31,5.526913593456584e-08,-46.2632925724684,-5,0.0,-0.013761159046239868,1,1,0,0,0,0,0,0
198,50883,rx_panda_base,/home/telilab4090/Documents/Gazebo World/my_world/rt_out/experiments/semantic_ablation_rigid_200f/sionna_xml/frame_198_sionna.xml,30.0,0.0,0.0,2.4,0.582,0.888,1.195,28000000000.0,27,7.579527228074312e-09,6.284866316264015e-08,5.526913593456584e-08,2.3569297624703722e-08,-76.27653359446846,-46.27653359446846,cir_coefficients_tau_mask,,"[1, 1, 1, 1, 27, 1]","[1, 1, 27]","[1, 1, 27]","[1, 1, 27]",,True,,26,5.526913593456584e-08,-46.27705373151464,1,0.0,0.00052013704618048,1,0,0,0,0,0,0,0
199,51140,rx_panda_base,/home/telilab4090/Documents/Gazebo World/my_world/rt_out/experiments/semantic_ablation_rigid_200f/sionna_xml/frame_199_sionna.xml,30.0,0.0,0.0,2.4,0.582,0.888,1.195,28000000000.0,27,7.579527228074312e-09,6.284866316264015e-08,5.526913593456584e-08,2.3569297624703722e-08,-76.27653359446846,-46.27653359446846,cir_coefficients_tau_mask,,"[1, 1, 1, 1, 27, 1]","[1, 1, 27]","[1, 1, 27]","[1, 1, 27]",,True,,27,5.526913593456584e-08,-46.27653359446846,0,0.0,0.0,0,0,0,0,0,0,0,0
1,257,rx_ur5_base,/home/telilab4090/Documents/Gazebo World/my_world/rt_out/experiments/semantic_ablation_rigid_200f/sionna_xml/frame_001_sionna.xml,30.0,0.0,0.0,2.4,0.497,-0.841,0.995,28000000000.0,19,5.708055805797585e-09,5.930293767164585e-08,5.3594881865848265e-08,6.884288836772612e-07,-61.62140916731317,-31.621409167313168,cir_coefficients_tau_mask,,"[1, 1, 1, 1, 19, 1]","[1, 1, 19]","[1, 1, 19]","[1, 1, 19]",,True,,19,5.3594881865848265e-08,-31.621409167313168,0,0.0,0.0,0,0,0,0,0,0,0,0
2,514,rx_ur5_base,/home/telilab4090/Documents/Gazebo World/my_world/rt_out/experiments/semantic_ablation_rigid_200f/sionna_xml/frame_002_sionna.xml,30.0,0.0,0.0,2.4,0.497,-0.841,0.995,28000000000.0,19,5.708055805797585e-09,5.930293767164585e-08,5.3594881865848265e-08,6.884288836772612e-07,-61.62140916731317,-31.621409167313168,cir_coefficients_tau_mask,,"[1, 1, 1, 1, 19, 1]","[1, 1, 19]","[1, 1, 19]","[1, 1, 19]",,True,,19,5.3594881865848265e-08,-31.621409167313168,0,0.0,0.0,0,0,0,0,0,0,0,0
3,771,rx_ur5_base,/home/telilab4090/Documents/Gazebo World/my_world/rt_out/experiments/semantic_ablation_rigid_200f/sionna_xml/frame_003_sionna.xml,30.0,0.0,0.0,2.4,0.497,-0.841,0.995,28000000000.0,19,5.708055805797585e-09,5.930293767164585e-08,5.3594881865848265e-08,6.884288836772612e-07,-61.62140916731317,-31.621409167313168,cir_coefficients_tau_mask,,"[1, 1, 1, 1, 19, 1]","[1, 1, 19]","[1, 1, 19]","[1, 1, 19]",,True,,19,5.3594881865848265e-08,-31.621409167313168,0,0.0,0.0,0,0,0,0,0,0,0,0
4,1028,rx_ur5_base,/home/telilab4090/Documents/Gazebo World/my_world/rt_out/experiments/semantic_ablation_rigid_200f/sionna_xml/frame_004_sionna.xml,30.0,0.0,0.0,2.4,0.497,-0.841,0.995,28000000000.0,19,5.708055805797585e-09,5.930293767164585e-08,5.3594881865848265e-08,6.884288836772612e-07,-61.62140916731317,-31.621409167313168,cir_coefficients_tau_mask,,"[1, 1, 1, 1, 19, 1]","[1, 1, 19]","[1, 1, 19]","[1, 1, 19]",,True,,19,5.3594881865848265e-08,-31.621409167313168,0,0.0,0.0,0,0,0,0,0,0,0,0
5,1285,rx_ur5_base,/home/telilab4090/Documents/Gazebo World/my_world/rt_out/experiments/semantic_ablation_rigid_200f/sionna_xml/frame_005_sionna.xml,30.0,0.0,0.0,2.4,0.497,-0.841,0.995,28000000000.0,15,2.8585452227503083e-08,5.930293767164585e-08,3.071748544414277e-08,1.4623646737987883e-09,-88.34944312693094,-58.349443126930936,cir_coefficients_tau_mask,,"[1, 1, 1, 1, 15, 1]","[1, 1, 15]","[1, 1, 15]","[1, 1, 15]",,True,,19,5.3594881865848265e-08,-31.621409167313168,-4,-2.2877396421705498e-08,-26.72803395961777,1,1,1,1,1,0,1,1
6,1542,rx_ur5_base,/home/telilab4090/Documents/Gazebo World/my_world/rt_out/experiments/semantic_ablation_rigid_200f/sionna_xml/frame_006_sionna.xml,30.0,0.0,0.0,2.4,0.497,-0.841,0.995,28000000000.0,15,2.8585452227503083e-08,5.930293767164585e-08,3.071748544414277e-08,1.4623650068656957e-09,-88.3494421377857,-58.3494421377857,cir_coefficients_tau_mask,,"[1, 1, 1, 1, 15, 1]","[1, 1, 15]","[1, 1, 15]","[1, 1, 15]",,True,,15,3.071748544414277e-08,-58.349443126930936,0,0.0,9.891452350530017e-07,0,0,0,0,0,0,0,0
7,1799,rx_ur5_base,/home/telilab4090/Documents/Gazebo World/my_world/rt_out/experiments/semantic_ablation_rigid_200f/sionna_xml/frame_007_sionna.xml,30.0,0.0,0.0,2.4,0.497,-0.841,0.995,28000000000.0,15,2.8585452227503083e-08,5.930293767164585e-08,3.071748544414277e-08,1.4623647848210908e-09,-88.34944279721583,-58.34944279721583,cir_coefficients_tau_mask,,"[1, 1, 1, 1, 15, 1]","[1, 1, 15]","[1, 1, 15]","[1, 1, 15]",,True,,15,3.071748544414277e-08,-58.3494421377857,0,0.0,-6.594301282802917e-07,0,0,0,0,0,0,0,0
8,2056,rx_ur5_base,/home/telilab4090/Documents/Gazebo World/my_world/rt_out/experiments/semantic_ablation_rigid_200f/sionna_xml/frame_008_sionna.xml,30.0,0.0,0.0,2.4,0.497,-0.841,0.995,28000000000.0,14,2.8585452227503083e-08,5.930293767164585e-08,3.071748544414277e-08,1.408686833848094e-09,-88.51185544469354,-58.51185544469354,cir_coefficients_tau_mask,,"[1, 1, 1, 1, 14, 1]","[1, 1, 14]","[1, 1, 14]","[1, 1, 14]",,True,,15,3.071748544414277e-08,-58.34944279721583,-1,0.0,-0.16241264747770856,1,1,0,0,0,0,0,0
9,2313,rx_ur5_base,/home/telilab4090/Documents/Gazebo World/my_world/rt_out/experiments/semantic_ablation_rigid_200f/sionna_xml/frame_009_sionna.xml,30.0,0.0,0.0,2.4,0.497,-0.841,0.995,28000000000.0,14,2.8585452227503083e-08,5.930293767164585e-08,3.071748544414277e-08,1.4086865007811866e-09,-88.51185647153025,-58.51185647153025,cir_coefficients_tau_mask,,"[1, 1, 1, 1, 14, 1]","[1, 1, 14]","[1, 1, 14]","[1, 1, 14]",,True,,14,3.071748544414277e-08,-58.51185544469354,0,0.0,-1.0268367134358414e-06,0,0,0,0,0,0,0,0
10,2570,rx_ur5_base,/home/telilab4090/Documents/Gazebo World/my_world/rt_out/experiments/semantic_ablation_rigid_200f/sionna_xml/frame_010_sionna.xml,30.0,0.0,0.0,2.4,0.497,-0.841,0.995,28000000000.0,19,5.708055805797585e-09,5.930293767164585e-08,5.3594881865848265e-08,2.4967334866232704e-07,-66.0262781386261,-36.0262781386261,cir_coefficients_tau_mask,,"[1, 1, 1, 1, 19, 1]","[1, 1, 19]","[1, 1, 19]","[1, 1, 19]",,True,,14,3.071748544414277e-08,-58.51185647153025,5,2.2877396421705498e-08,22.485578332904154,1,0,0,0,0,1,1,1
11,2827,rx_ur5_base,/home/telilab4090/Documents/Gazebo World/my_world/rt_out/experiments/semantic_ablation_rigid_200f/sionna_xml/frame_011_sionna.xml,30.0,0.0,0.0,2.4,0.497,-0.841,0.995,28000000000.0,27,5.708055805797585e-09,5.930293767164585e-08,5.3594881865848265e-08,9.265675657843531e-07,-60.33122906212958,-30.33122906212958,cir_coefficients_tau_mask,,"[1, 1, 1, 1, 27, 1]","[1, 1, 27]","[1, 1, 27]","[1, 1, 27]",,True,,19,5.3594881865848265e-08,-36.0262781386261,8,0.0,5.695049076496517,1,0,0,0,0,0,0,0
12,3084,rx_ur5_base,/home/telilab4090/Documents/Gazebo World/my_world/rt_out/experiments/semantic_ablation_rigid_200f/sionna_xml/frame_012_sionna.xml,30.0,0.0,0.0,2.4,0.497,-0.841,0.995,28000000000.0,28,5.708055805797585e-09,5.930293767164585e-08,5.3594881865848265e-08,9.265976927963493e-07,-60.33108785513245,-30.331087855132452,cir_coefficients_tau_mask,,"[1, 1, 1, 1, 28, 1]","[1, 1, 28]","[1, 1, 28]","[1, 1, 28]",,True,,27,5.3594881865848265e-08,-30.33122906212958,1,0.0,0.00014120699712805163,1,0,0,0,0,0,0,0
13,3341,rx_ur5_base,/home/telilab4090/Documents/Gazebo World/my_world/rt_out/experiments/semantic_ablation_rigid_200f/sionna_xml/frame_013_sionna.xml,30.0,0.0,0.0,2.4,0.497,-0.841,0.995,28000000000.0,29,5.708055805797585e-09,5.930293767164585e-08,5.3594881865848265e-08,9.254459882868105e-07,-60.336489228575836,-30.336489228575836,cir_coefficients_tau_mask,,"[1, 1, 1, 1, 29, 1]","[1, 1, 29]","[1, 1, 29]","[1, 1, 29]",,True,,28,5.3594881865848265e-08,-30.331087855132452,1,0.0,-0.005401373443383761,1,0,0,0,0,0,0,0
14,3598,rx_ur5_base,/home/telilab4090/Documents/Gazebo World/my_world/rt_out/experiments/semantic_ablation_rigid_200f/sionna_xml/frame_014_sionna.xml,30.0,0.0,0.0,2.4,0.497,-0.841,0.995,28000000000.0,26,5.708055805797585e-09,5.930293767164585e-08,5.3594881865848265e-08,6.688812845823122e-07,-61.7465095551446,-31.7465095551446,cir_coefficients_tau_mask,,"[1, 1, 1, 1, 26, 1]","[1, 1, 26]","[1, 1, 26]","[1, 1, 26]",,True,,29,5.3594881865848265e-08,-30.336489228575836,-3,0.0,-1.4100203265687625,1,1,1,1,0,0,1,0
15,3855,rx_ur5_base,/home/telilab4090/Documents/Gazebo World/my_world/rt_out/experiments/semantic_ablation_rigid_200f/sionna_xml/frame_015_sionna.xml,30.0,0.0,0.0,2.4,0.497,-0.841,0.995,28000000000.0,27,5.708055805797585e-09,6.370818539380707e-08,5.8000129588009486e-08,6.635689260292565e-07,-61.78113959552441,-31.781139595524408,cir_coefficients_tau_mask,,"[1, 1, 1, 1, 27, 1]","[1, 1, 27]","[1, 1, 27]","[1, 1, 27]",,True,,26,5.3594881865848265e-08,-31.7465095551446,1,4.405247722161221e-09,-0.03463004037980966,1,0,0,0,0,1,1,1
16,4112,rx_ur5_base,/home/telilab4090/Documents/Gazebo World/my_world/rt_out/experiments/semantic_ablation_rigid_200f/sionna_xml/frame_016_sionna.xml,30.0,0.0,0.0,2.4,0.497,-0.841,0.995,28000000000.0,28,5.708055805797585e-09,6.370818539380707e-08,5.8000129588009486e-08,6.635624458795064e-07,-61.78118200720027,-31.78118200720027,cir_coefficients_tau_mask,,"[1, 1, 1, 1, 28, 1]","[1, 1, 28]","[1, 1, 28]","[1, 1, 28]",,True,,27,5.8000129588009486e-08,-31.781139595524408,1,0.0,-4.24116758637183e-05,1,0,0,0,0,0,0,0
17,4369,rx_ur5_base,/home/telilab4090/Documents/Gazebo World/my_world/rt_out/experiments/semantic_ablation_rigid_200f/sionna_xml/frame_017_sionna.xml,30.0,0.0,0.0,2.4,0.497,-0.841,0.995,28000000000.0,28,5.708055805797585e-09,6.370818539380707e-08,5.8000129588009486e-08,6.635616500716424e-07,-61.78118721568025,-31.781187215680248,cir_coefficients_tau_mask,,"[1, 1, 1, 1, 28, 1]","[1, 1, 28]","[1, 1, 28]","[1, 1, 28]",,True,,28,5.8000129588009486e-08,-31.78118200720027,0,0.0,-5.208479976204217e-06,0,0,0,0,0,0,0,0
18,4626,rx_ur5_base,/home/telilab4090/Documents/Gazebo World/my_world/rt_out/experiments/semantic_ablation_rigid_200f/sionna_xml/frame_018_sionna.xml,30.0,0.0,0.0,2.4,0.497,-0.841,0.995,28000000000.0,28,5.708055805797585e-09,6.370818539380707e-08,5.8000129588009486e-08,6.635616500716424e-07,-61.78118721568025,-31.781187215680248,cir_coefficients_tau_mask,,"[1, 1, 1, 1, 28, 1]","[1, 1, 28]","[1, 1, 28]","[1, 1, 28]",,True,,28,5.8000129588009486e-08,-31.781187215680248,0,0.0,0.0,0,0,0,0,0,0,0,0
19,4883,rx_ur5_base,/home/telilab4090/Documents/Gazebo World/my_world/rt_out/experiments/semantic_ablation_rigid_200f/sionna_xml/frame_019_sionna.xml,30.0,0.0,0.0,2.4,0.497,-0.841,0.995,28000000000.0,28,5.708055805797585e-09,6.370818539380707e-08,5.8000129588009486e-08,7.195033617790614e-07,-61.42967172542268,-31.42967172542268,cir_coefficients_tau_mask,,"[1, 1, 1, 1, 28, 1]","[1, 1, 28]","[1, 1, 28]","[1, 1, 28]",,True,,28,5.8000129588009486e-08,-31.781187215680248,0,0.0,0.3515154902575688,0,0,0,0,0,0,0,0
20,5140,rx_ur5_base,/home/telilab4090/Documents/Gazebo World/my_world/rt_out/experiments/semantic_ablation_rigid_200f/sionna_xml/frame_020_sionna.xml,30.0,0.0,0.0,2.4,0.497,-0.841,0.995,28000000000.0,24,5.708055805797585e-09,6.370818539380707e-08,5.8000129588009486e-08,7.19402237336908e-07,-61.43028215862014,-31.430282158620138,cir_coefficients_tau_mask,,"[1, 1, 1, 1, 24, 1]","[1, 1, 24]","[1, 1, 24]","[1, 1, 24]",,True,,28,5.8000129588009486e-08,-31.42967172542268,-4,0.0,-0.0006104331974583488,1,1,0,0,0,0,0,0
21,5397,rx_ur5_base,/home/telilab4090/Documents/Gazebo World/my_world/rt_out/experiments/semantic_ablation_rigid_200f/sionna_xml/frame_021_sionna.xml,30.0,0.0,0.0,2.4,0.497,-0.841,0.995,28000000000.0,24,5.708055805797585e-09,6.370818539380707e-08,5.8000129588009486e-08,7.208517445178586e-07,-61.42154046179944,-31.421540461799438,cir_coefficients_tau_mask,,"[1, 1, 1, 1, 24, 1]","[1, 1, 24]","[1, 1, 24]","[1, 1, 24]",,True,,24,5.8000129588009486e-08,-31.430282158620138,0,0.0,0.008741696820699474,0,0,0,0,0,0,0,0
22,5654,rx_ur5_base,/home/telilab4090/Documents/Gazebo World/my_world/rt_out/experiments/semantic_ablation_rigid_200f/sionna_xml/frame_022_sionna.xml,30.0,0.0,0.0,2.4,0.497,-0.841,0.995,28000000000.0,24,5.708055805797585e-09,6.370818539380707e-08,5.8000129588009486e-08,7.209145564956998e-07,-61.42116205240852,-31.42116205240852,cir_coefficients_tau_mask,,"[1, 1, 1, 1, 24, 1]","[1, 1, 24]","[1, 1, 24]","[1, 1, 24]",,True,,24,5.8000129588009486e-08,-31.421540461799438,0,0.0,0.00037840939091893233,0,0,0,0,0,0,0,0
23,5911,rx_ur5_base,/home/telilab4090/Documents/Gazebo World/my_world/rt_out/experiments/semantic_ablation_rigid_200f/sionna_xml/frame_023_sionna.xml,30.0,0.0,0.0,2.4,0.497,-0.841,0.995,28000000000.0,24,5.708055805797585e-09,6.370818539380707e-08,5.8000129588009486e-08,8.516766456523328e-07,-60.69725261646559,-30.69725261646559,cir_coefficients_tau_mask,,"[1, 1, 1, 1, 24, 1]","[1, 1, 24]","[1, 1, 24]","[1, 1, 24]",,True,,24,5.8000129588009486e-08,-31.42116205240852,0,0.0,0.7239094359429288,0,0,0,0,0,0,0,0
24,6168,rx_ur5_base,/home/telilab4090/Documents/Gazebo World/my_world/rt_out/experiments/semantic_ablation_rigid_200f/sionna_xml/frame_024_sionna.xml,30.0,0.0,0.0,2.4,0.497,-0.841,0.995,28000000000.0,26,5.708055805797585e-09,6.370818539380707e-08,5.8000129588009486e-08,8.510850761922484e-07,-60.70027024787247,-30.700270247872467,cir_coefficients_tau_mask,,"[1, 1, 1, 1, 26, 1]","[1, 1, 26]","[1, 1, 26]","[1, 1, 26]",,True,,24,5.8000129588009486e-08,-30.69725261646559,2,0.0,-0.0030176314068768306,1,0,0,0,0,0,0,0
25,6425,rx_ur5_base,/home/telilab4090/Documents/Gazebo World/my_world/rt_out/experiments/semantic_ablation_rigid_200f/sionna_xml/frame_025_sionna.xml,30.0,0.0,0.0,2.4,0.497,-0.841,0.995,28000000000.0,25,5.708055805797585e-09,6.370818539380707e-08,5.8000129588009486e-08,8.50686660669453e-07,-60.702303771669676,-30.702303771669676,cir_coefficients_tau_mask,,"[1, 1, 1, 1, 25, 1]","[1, 1, 25]","[1, 1, 25]","[1, 1, 25]",,True,,26,5.8000129588009486e-08,-30.700270247872467,-1,0.0,-0.0020335237972091136,1,1,0,0,0,0,0,0
26,6682,rx_ur5_base,/home/telilab4090/Documents/Gazebo World/my_world/rt_out/experiments/semantic_ablation_rigid_200f/sionna_xml/frame_026_sionna.xml,30.0,0.0,0.0,2.4,0.497,-0.841,0.995,28000000000.0,25,5.708055805797585e-09,6.370818539380707e-08,5.8000129588009486e-08,8.50662956963788e-07,-60.70242478605102,-30.70242478605102,cir_coefficients_tau_mask,,"[1, 1, 1, 1, 25, 1]","[1, 1, 25]","[1, 1, 25]","[1, 1, 25]",,True,,25,5.8000129588009486e-08,-30.702303771669676,0,0.0,-0.00012101438134237696,0,0,0,0,0,0,0,0
27,6939,rx_ur5_base,/home/telilab4090/Documents/Gazebo World/my_world/rt_out/experiments/semantic_ablation_rigid_200f/sionna_xml/frame_027_sionna.xml,30.0,0.0,0.0,2.4,0.497,-0.841,0.995,28000000000.0,25,5.708055805797585e-09,6.370818539380707e-08,5.8000129588009486e-08,8.506434596711188e-07,-60.7025243279858,-30.7025243279858,cir_coefficients_tau_mask,,"[1, 1, 1, 1, 25, 1]","[1, 1, 25]","[1, 1, 25]","[1, 1, 25]",,True,,25,5.8000129588009486e-08,-30.70242478605102,0,0.0,-9.954193478023399e-05,0,0,0,0,0,0,0,0
28,7196,rx_ur5_base,/home/telilab4090/Documents/Gazebo World/my_world/rt_out/experiments/semantic_ablation_rigid_200f/sionna_xml/frame_028_sionna.xml,30.0,0.0,0.0,2.4,0.497,-0.841,0.995,28000000000.0,29,5.708055805797585e-09,6.370818539380707e-08,5.8000129588009486e-08,8.172804655259824e-07,-60.8762888137688,-30.876288813768802,cir_coefficients_tau_mask,,"[1, 1, 1, 1, 29, 1]","[1, 1, 29]","[1, 1, 29]","[1, 1, 29]",,True,,25,5.8000129588009486e-08,-30.7025243279858,4,0.0,-0.1737644857830034,1,0,0,0,0,0,0,0
29,7453,rx_ur5_base,/home/telilab4090/Documents/Gazebo World/my_world/rt_out/experiments/semantic_ablation_rigid_200f/sionna_xml/frame_029_sionna.xml,30.0,0.0,0.0,2.4,0.497,-0.841,0.995,28000000000.0,29,5.708055805797585e-09,6.370818539380707e-08,5.8000129588009486e-08,8.172583534360456e-07,-60.87640631674312,-30.87640631674312,cir_coefficients_tau_mask,,"[1, 1, 1, 1, 29, 1]","[1, 1, 29]","[1, 1, 29]","[1, 1, 29]",,True,,29,5.8000129588009486e-08,-30.876288813768802,0,0.0,-0.00011750297431945,0,0,0,0,0,0,0,0
30,7710,rx_ur5_base,/home/telilab4090/Documents/Gazebo World/my_world/rt_out/experiments/semantic_ablation_rigid_200f/sionna_xml/frame_030_sionna.xml,30.0,0.0,0.0,2.4,0.497,-0.841,0.995,28000000000.0,29,5.708055805797585e-09,6.370818539380707e-08,5.8000129588009486e-08,8.172424941221834e-07,-60.876490594613124,-30.876490594613124,cir_coefficients_tau_mask,,"[1, 1, 1, 1, 29, 1]","[1, 1, 29]","[1, 1, 29]","[1, 1, 29]",,True,,29,5.8000129588009486e-08,-30.87640631674312,0,0.0,-8.427787000186981e-05,0,0,0,0,0,0,0,0
31,7967,rx_ur5_base,/home/telilab4090/Documents/Gazebo World/my_world/rt_out/experiments/semantic_ablation_rigid_200f/sionna_xml/frame_031_sionna.xml,30.0,0.0,0.0,2.4,0.497,-0.841,0.995,28000000000.0,30,5.708055805797585e-09,6.370818539380707e-08,5.8000129588009486e-08,8.172740422196512e-07,-60.876322946695936,-30.876322946695936,cir_coefficients_tau_mask,,"[1, 1, 1, 1, 30, 1]","[1, 1, 30]","[1, 1, 30]","[1, 1, 30]",,True,,29,5.8000129588009486e-08,-30.876490594613124,1,0.0,0.00016764791718770766,1,0,0,0,0,0,0,0
32,8224,rx_ur5_base,/home/telilab4090/Documents/Gazebo World/my_world/rt_out/experiments/semantic_ablation_rigid_200f/sionna_xml/frame_032_sionna.xml,30.0,0.0,0.0,2.4,0.497,-0.841,0.995,28000000000.0,30,5.708055805797585e-09,6.370818539380707e-08,5.8000129588009486e-08,8.1726511780289e-07,-60.87637037076565,-30.87637037076565,cir_coefficients_tau_mask,,"[1, 1, 1, 1, 30, 1]","[1, 1, 30]","[1, 1, 30]","[1, 1, 30]",,True,,30,5.8000129588009486e-08,-30.876322946695936,0,0.0,-4.742406971303126e-05,0,0,0,0,0,0,0,0
33,8481,rx_ur5_base,/home/telilab4090/Documents/Gazebo World/my_world/rt_out/experiments/semantic_ablation_rigid_200f/sionna_xml/frame_033_sionna.xml,30.0,0.0,0.0,2.4,0.497,-0.841,0.995,28000000000.0,30,5.708055805797585e-09,6.370818539380707e-08,5.8000129588009486e-08,7.911872330623737e-07,-61.017207293169655,-31.017207293169655,cir_coefficients_tau_mask,,"[1, 1, 1, 1, 30, 1]","[1, 1, 30]","[1, 1, 30]","[1, 1, 30]",,True,,30,5.8000129588009486e-08,-30.87637037076565,0,0.0,-0.1408369224040058,0,0,0,0,0,0,0,0
34,8737,rx_ur5_base,/home/telilab4090/Documents/Gazebo World/my_world/rt_out/experiments/semantic_ablation_rigid_200f/sionna_xml/frame_034_sionna.xml,30.0,0.0,0.0,2.4,0.497,-0.841,0.995,28000000000.0,30,5.708055805797585e-09,6.370818539380707e-08,5.8000129588009486e-08,7.911119155323831e-07,-61.01762074201362,-31.01762074201362,cir_coefficients_tau_mask,,"[1, 1, 1, 1, 30, 1]","[1, 1, 30]","[1, 1, 30]","[1, 1, 30]",,True,,30,5.8000129588009486e-08,-31.017207293169655,0,0.0,-0.00041344884396465886,0,0,0,0,0,0,0,0
35,8994,rx_ur5_base,/home/telilab4090/Documents/Gazebo World/my_world/rt_out/experiments/semantic_ablation_rigid_200f/sionna_xml/frame_035_sionna.xml,30.0,0.0,0.0,2.4,0.497,-0.841,0.995,28000000000.0,30,5.708055805797585e-09,6.370818539380707e-08,5.8000129588009486e-08,7.910934414212534e-07,-61.01772216000575,-31.017722160005754,cir_coefficients_tau_mask,,"[1, 1, 1, 1, 30, 1]","[1, 1, 30]","[1, 1, 30]","[1, 1, 30]",,True,,30,5.8000129588009486e-08,-31.01762074201362,0,0.0,-0.00010141799213414515,0,0,0,0,0,0,0,0
36,9251,rx_ur5_base,/home/telilab4090/Documents/Gazebo World/my_world/rt_out/experiments/semantic_ablation_rigid_200f/sionna_xml/frame_036_sionna.xml,30.0,0.0,0.0,2.4,0.497,-0.841,0.995,28000000000.0,29,5.708055805797585e-09,6.370818539380707e-08,5.8000129588009486e-08,6.112435357863433e-07,-62.13785720730762,-32.13785720730762,cir_coefficients_tau_mask,,"[1, 1, 1, 1, 29, 1]","[1, 1, 29]","[1, 1, 29]","[1, 1, 29]",,True,,30,5.8000129588009486e-08,-31.017722160005754,-1,0.0,-1.120135047301865,1,1,1,1,0,0,1,0
37,9508,rx_ur5_base,/home/telilab4090/Documents/Gazebo World/my_world/rt_out/experiments/semantic_ablation_rigid_200f/sionna_xml/frame_037_sionna.xml,30.0,0.0,0.0,2.4,0.497,-0.841,0.995,28000000000.0,29,5.708055805797585e-09,6.370818539380707e-08,5.8000129588009486e-08,6.112387040957401e-07,-62.13789153707535,-32.13789153707535,cir_coefficients_tau_mask,,"[1, 1, 1, 1, 29, 1]","[1, 1, 29]","[1, 1, 29]","[1, 1, 29]",,True,,29,5.8000129588009486e-08,-32.13785720730762,0,0.0,-3.43297677289911e-05,0,0,0,0,0,0,0,0
38,9765,rx_ur5_base,/home/telilab4090/Documents/Gazebo World/my_world/rt_out/experiments/semantic_ablation_rigid_200f/sionna_xml/frame_038_sionna.xml,30.0,0.0,0.0,2.4,0.497,-0.841,0.995,28000000000.0,31,5.708055805797585e-09,6.370818539380707e-08,5.8000129588009486e-08,1.01028410881554e-06,-59.95556478157959,-29.95556478157959,cir_coefficients_tau_mask,,"[1, 1, 1, 1, 31, 1]","[1, 1, 31]","[1, 1, 31]","[1, 1, 31]",,True,,29,5.8000129588009486e-08,-32.13789153707535,2,0.0,2.182326755495758,1,0,0,0,0,0,0,0
39,10022,rx_ur5_base,/home/telilab4090/Documents/Gazebo World/my_world/rt_out/experiments/semantic_ablation_rigid_200f/sionna_xml/frame_039_sionna.xml,30.0,0.0,0.0,2.4,0.497,-0.841,0.995,28000000000.0,29,5.708055805797585e-09,5.930293767164585e-08,5.3594881865848265e-08,7.80667221533804e-07,-61.07534055304005,-31.07534055304005,cir_coefficients_tau_mask,,"[1, 1, 1, 1, 29, 1]","[1, 1, 29]","[1, 1, 29]","[1, 1, 29]",,True,,31,5.8000129588009486e-08,-29.95556478157959,-2,-4.405247722161221e-09,-1.1197757714604606,1,1,1,1,0,0,1,0
40,10279,rx_ur5_base,/home/telilab4090/Documents/Gazebo World/my_world/rt_out/experiments/semantic_ablation_rigid_200f/sionna_xml/frame_040_sionna.xml,30.0,0.0,0.0,2.4,0.497,-0.841,0.995,28000000000.0,26,5.708055805797585e-09,5.930293767164585e-08,5.3594881865848265e-08,7.806144139976823e-07,-61.075634337595346,-31.075634337595346,cir_coefficients_tau_mask,,"[1, 1, 1, 1, 26, 1]","[1, 1, 26]","[1, 1, 26]","[1, 1, 26]",,True,,29,5.3594881865848265e-08,-31.07534055304005,-3,0.0,-0.0002937845552963836,1,1,0,0,0,0,0,0
41,10536,rx_ur5_base,/home/telilab4090/Documents/Gazebo World/my_world/rt_out/experiments/semantic_ablation_rigid_200f/sionna_xml/frame_041_sionna.xml,30.0,0.0,0.0,2.4,0.497,-0.841,0.995,28000000000.0,26,5.708055805797585e-09,5.930293767164585e-08,5.3594881865848265e-08,7.806129929122108e-07,-61.07564224380524,-31.07564224380524,cir_coefficients_tau_mask,,"[1, 1, 1, 1, 26, 1]","[1, 1, 26]","[1, 1, 26]","[1, 1, 26]",,True,,26,5.3594881865848265e-08,-31.075634337595346,0,0.0,-7.9062098947702e-06,0,0,0,0,0,0,0,0
42,10793,rx_ur5_base,/home/telilab4090/Documents/Gazebo World/my_world/rt_out/experiments/semantic_ablation_rigid_200f/sionna_xml/frame_042_sionna.xml,30.0,0.0,0.0,2.4,0.497,-0.841,0.995,28000000000.0,26,5.708055805797585e-09,5.930293767164585e-08,5.3594881865848265e-08,7.806066832927172e-07,-61.075677347551,-31.075677347551,cir_coefficients_tau_mask,,"[1, 1, 1, 1, 26, 1]","[1, 1, 26]","[1, 1, 26]","[1, 1, 26]",,True,,26,5.3594881865848265e-08,-31.07564224380524,0,0.0,-3.510374575910191e-05,0,0,0,0,0,0,0,0
43,11050,rx_ur5_base,/home/telilab4090/Documents/Gazebo World/my_world/rt_out/experiments/semantic_ablation_rigid_200f/sionna_xml/frame_043_sionna.xml,30.0,0.0,0.0,2.4,0.497,-0.841,0.995,28000000000.0,25,5.708055805797585e-09,5.930293767164585e-08,5.3594881865848265e-08,7.803905077707896e-07,-61.07688021758092,-31.07688021758092,cir_coefficients_tau_mask,,"[1, 1, 1, 1, 25, 1]","[1, 1, 25]","[1, 1, 25]","[1, 1, 25]",,True,,26,5.3594881865848265e-08,-31.075677347551,-1,0.0,-0.0012028700299211437,1,1,0,0,0,0,0,0
44,11307,rx_ur5_base,/home/telilab4090/Documents/Gazebo World/my_world/rt_out/experiments/semantic_ablation_rigid_200f/sionna_xml/frame_044_sionna.xml,30.0,0.0,0.0,2.4,0.497,-0.841,0.995,28000000000.0,26,5.708055805797585e-09,6.370818539380707e-08,5.8000129588009486e-08,7.80576158376789e-07,-61.07584717778735,-31.075847177787352,cir_coefficients_tau_mask,,"[1, 1, 1, 1, 26, 1]","[1, 1, 26]","[1, 1, 26]","[1, 1, 26]",,True,,25,5.3594881865848265e-08,-31.07688021758092,1,4.405247722161221e-09,0.0010330397935689462,1,0,0,0,0,1,1,1
45,11564,rx_ur5_base,/home/telilab4090/Documents/Gazebo World/my_world/rt_out/experiments/semantic_ablation_rigid_200f/sionna_xml/frame_045_sionna.xml,30.0,0.0,0.0,2.4,0.497,-0.841,0.995,28000000000.0,26,5.708055805797585e-09,6.370818539380707e-08,5.8000129588009486e-08,1.2280925147933885e-06,-59.10768915645296,-29.107689156452963,cir_coefficients_tau_mask,,"[1, 1, 1, 1, 26, 1]","[1, 1, 26]","[1, 1, 26]","[1, 1, 26]",,True,,26,5.8000129588009486e-08,-31.075847177787352,0,0.0,1.9681580213343892,0,0,0,0,0,0,0,0
46,11821,rx_ur5_base,/home/telilab4090/Documents/Gazebo World/my_world/rt_out/experiments/semantic_ablation_rigid_200f/sionna_xml/frame_046_sionna.xml,30.0,0.0,0.0,2.4,0.497,-0.841,0.995,28000000000.0,26,5.708055805797585e-09,6.370818539380707e-08,5.8000129588009486e-08,1.238346385434852e-06,-59.071578591594395,-29.071578591594395,cir_coefficients_tau_mask,,"[1, 1, 1, 1, 26, 1]","[1, 1, 26]","[1, 1, 26]","[1, 1, 26]",,True,,26,5.8000129588009486e-08,-29.107689156452963,0,0.0,0.036110564858567784,0,0,0,0,0,0,0,0
47,12078,rx_ur5_base,/home/telilab4090/Documents/Gazebo World/my_world/rt_out/experiments/semantic_ablation_rigid_200f/sionna_xml/frame_047_sionna.xml,30.0,0.0,0.0,2.4,0.497,-0.841,0.995,28000000000.0,26,5.708055805797585e-09,6.370818539380707e-08,5.8000129588009486e-08,1.2383513876557117e-06,-59.07156104858256,-29.07156104858256,cir_coefficients_tau_mask,,"[1, 1, 1, 1, 26, 1]","[1, 1, 26]","[1, 1, 26]","[1, 1, 26]",,True,,26,5.8000129588009486e-08,-29.071578591594395,0,0.0,1.754301183609641e-05,0,0,0,0,0,0,0,0
48,12335,rx_ur5_base,/home/telilab4090/Documents/Gazebo World/my_world/rt_out/experiments/semantic_ablation_rigid_200f/sionna_xml/frame_048_sionna.xml,30.0,0.0,0.0,2.4,0.497,-0.841,0.995,28000000000.0,26,5.708055805797585e-09,6.370818539380707e-08,5.8000129588009486e-08,1.2383881085042958e-06,-59.071432269096974,-29.071432269096974,cir_coefficients_tau_mask,,"[1, 1, 1, 1, 26, 1]","[1, 1, 26]","[1, 1, 26]","[1, 1, 26]",,True,,26,5.8000129588009486e-08,-29.07156104858256,0,0.0,0.00012877948558553953,0,0,0,0,0,0,0,0
49,12592,rx_ur5_base,/home/telilab4090/Documents/Gazebo World/my_world/rt_out/experiments/semantic_ablation_rigid_200f/sionna_xml/frame_049_sionna.xml,30.0,0.0,0.0,2.4,0.497,-0.841,0.995,28000000000.0,29,5.708055805797585e-09,6.370818539380707e-08,5.8000129588009486e-08,9.158562193078978e-07,-60.38172701072781,-30.381727010727808,cir_coefficients_tau_mask,,"[1, 1, 1, 1, 29, 1]","[1, 1, 29]","[1, 1, 29]","[1, 1, 29]",,True,,26,5.8000129588009486e-08,-29.071432269096974,3,0.0,-1.310294741630834,1,0,1,1,0,0,1,0
50,12849,rx_ur5_base,/home/telilab4090/Documents/Gazebo World/my_world/rt_out/experiments/semantic_ablation_rigid_200f/sionna_xml/frame_050_sionna.xml,30.0,0.0,0.0,2.4,0.497,-0.841,0.995,28000000000.0,29,5.708055805797585e-09,6.370818539380707e-08,5.8000129588009486e-08,9.239101359526103e-07,-60.34370268344659,-30.343702683446587,cir_coefficients_tau_mask,,"[1, 1, 1, 1, 29, 1]","[1, 1, 29]","[1, 1, 29]","[1, 1, 29]",,True,,29,5.8000129588009486e-08,-30.381727010727808,0,0.0,0.03802432728122085,0,0,0,0,0,0,0,0
51,13106,rx_ur5_base,/home/telilab4090/Documents/Gazebo World/my_world/rt_out/experiments/semantic_ablation_rigid_200f/sionna_xml/frame_051_sionna.xml,30.0,0.0,0.0,2.4,0.497,-0.841,0.995,28000000000.0,29,5.708055805797585e-09,6.370818539380707e-08,5.8000129588009486e-08,9.190242167278484e-07,-60.366730445957096,-30.366730445957096,cir_coefficients_tau_mask,,"[1, 1, 1, 1, 29, 1]","[1, 1, 29]","[1, 1, 29]","[1, 1, 29]",,True,,29,5.8000129588009486e-08,-30.343702683446587,0,0.0,-0.023027762510508865,0,0,0,0,0,0,0,0
52,13363,rx_ur5_base,/home/telilab4090/Documents/Gazebo World/my_world/rt_out/experiments/semantic_ablation_rigid_200f/sionna_xml/frame_052_sionna.xml,30.0,0.0,0.0,2.4,0.497,-0.841,0.995,28000000000.0,30,5.708055805797585e-09,6.370818539380707e-08,5.8000129588009486e-08,1.1430329323047772e-06,-59.419412568206376,-29.419412568206376,cir_coefficients_tau_mask,,"[1, 1, 1, 1, 30, 1]","[1, 1, 30]","[1, 1, 30]","[1, 1, 30]",,True,,29,5.8000129588009486e-08,-30.366730445957096,1,0.0,0.9473178777507201,1,0,0,0,0,0,0,0
53,13620,rx_ur5_base,/home/telilab4090/Documents/Gazebo World/my_world/rt_out/experiments/semantic_ablation_rigid_200f/sionna_xml/frame_053_sionna.xml,30.0,0.0,0.0,2.4,0.497,-0.841,0.995,28000000000.0,30,5.708055805797585e-09,6.370818539380707e-08,5.8000129588009486e-08,1.1137944966321811e-06,-59.531949323325776,-29.531949323325776,cir_coefficients_tau_mask,,"[1, 1, 1, 1, 30, 1]","[1, 1, 30]","[1, 1, 30]","[1, 1, 30]",,True,,30,5.8000129588009486e-08,-29.419412568206376,0,0.0,-0.11253675511940031,0,0,0,0,0,0,0,0
54,13877,rx_ur5_base,/home/telilab4090/Documents/Gazebo World/my_world/rt_out/experiments/semantic_ablation_rigid_200f/sionna_xml/frame_054_sionna.xml,30.0,0.0,0.0,2.4,0.497,-0.841,0.995,28000000000.0,30,5.708055805797585e-09,6.370818539380707e-08,5.8000129588009486e-08,1.0848818874364952e-06,-59.64617541471475,-29.646175414714747,cir_coefficients_tau_mask,,"[1, 1, 1, 1, 30, 1]","[1, 1, 30]","[1, 1, 30]","[1, 1, 30]",,True,,30,5.8000129588009486e-08,-29.531949323325776,0,0.0,-0.11422609138897144,0,0,0,0,0,0,0,0
55,14134,rx_ur5_base,/home/telilab4090/Documents/Gazebo World/my_world/rt_out/experiments/semantic_ablation_rigid_200f/sionna_xml/frame_055_sionna.xml,30.0,0.0,0.0,2.4,0.497,-0.841,0.995,28000000000.0,30,5.708055805797585e-09,6.370818539380707e-08,5.8000129588009486e-08,1.2934565347677562e-06,-58.88248160706758,-28.882481607067582,cir_coefficients_tau_mask,,"[1, 1, 1, 1, 30, 1]","[1, 1, 30]","[1, 1, 30]","[1, 1, 30]",,True,,30,5.8000129588009486e-08,-29.646175414714747,0,0.0,0.7636938076471651,0,0,0,0,0,0,0,0
56,14391,rx_ur5_base,/home/telilab4090/Documents/Gazebo World/my_world/rt_out/experiments/semantic_ablation_rigid_200f/sionna_xml/frame_056_sionna.xml,30.0,0.0,0.0,2.4,0.497,-0.841,0.995,28000000000.0,30,5.708055805797585e-09,6.370818539380707e-08,5.8000129588009486e-08,1.2934038977618911e-06,-58.88265834610542,-28.882658346105423,cir_coefficients_tau_mask,,"[1, 1, 1, 1, 30, 1]","[1, 1, 30]","[1, 1, 30]","[1, 1, 30]",,True,,30,5.8000129588009486e-08,-28.882481607067582,0,0.0,-0.00017673903784043432,0,0,0,0,0,0,0,0
57,14648,rx_ur5_base,/home/telilab4090/Documents/Gazebo World/my_world/rt_out/experiments/semantic_ablation_rigid_200f/sionna_xml/frame_057_sionna.xml,30.0,0.0,0.0,2.4,0.497,-0.841,0.995,28000000000.0,26,5.708055805797585e-09,6.370818539380707e-08,5.8000129588009486e-08,8.561930826544994e-07,-60.67428285234618,-30.67428285234618,cir_coefficients_tau_mask,,"[1, 1, 1, 1, 26, 1]","[1, 1, 26]","[1, 1, 26]","[1, 1, 26]",,True,,30,5.8000129588009486e-08,-28.882658346105423,-4,0.0,-1.7916245062407583,1,1,1,1,0,0,1,0
58,14905,rx_ur5_base,/home/telilab4090/Documents/Gazebo World/my_world/rt_out/experiments/semantic_ablation_rigid_200f/sionna_xml/frame_058_sionna.xml,30.0,0.0,0.0,2.4,0.497,-0.841,0.995,28000000000.0,26,5.708055805797585e-09,6.370818539380707e-08,5.8000129588009486e-08,1.0111631354448036e-06,-59.95178772096441,-29.95178772096441,cir_coefficients_tau_mask,,"[1, 1, 1, 1, 26, 1]","[1, 1, 26]","[1, 1, 26]","[1, 1, 26]",,True,,26,5.8000129588009486e-08,-30.67428285234618,0,0.0,0.7224951313817698,0,0,0,0,0,0,0,0
59,15162,rx_ur5_base,/home/telilab4090/Documents/Gazebo World/my_world/rt_out/experiments/semantic_ablation_rigid_200f/sionna_xml/frame_059_sionna.xml,30.0,0.0,0.0,2.4,0.497,-0.841,0.995,28000000000.0,26,5.708055805797585e-09,6.370818539380707e-08,5.8000129588009486e-08,1.0111518804478692e-06,-59.95183606143584,-29.95183606143584,cir_coefficients_tau_mask,,"[1, 1, 1, 1, 26, 1]","[1, 1, 26]","[1, 1, 26]","[1, 1, 26]",,True,,26,5.8000129588009486e-08,-29.95178772096441,0,0.0,-4.8340471430208254e-05,0,0,0,0,0,0,0,0
60,15419,rx_ur5_base,/home/telilab4090/Documents/Gazebo World/my_world/rt_out/experiments/semantic_ablation_rigid_200f/sionna_xml/frame_060_sionna.xml,30.0,0.0,0.0,2.4,0.497,-0.841,0.995,28000000000.0,26,5.708055805797585e-09,6.370818539380707e-08,5.8000129588009486e-08,1.0111518804478692e-06,-59.95183606143584,-29.95183606143584,cir_coefficients_tau_mask,,"[1, 1, 1, 1, 26, 1]","[1, 1, 26]","[1, 1, 26]","[1, 1, 26]",,True,,26,5.8000129588009486e-08,-29.95183606143584,0,0.0,0.0,0,0,0,0,0,0,0,0
61,15676,rx_ur5_base,/home/telilab4090/Documents/Gazebo World/my_world/rt_out/experiments/semantic_ablation_rigid_200f/sionna_xml/frame_061_sionna.xml,30.0,0.0,0.0,2.4,0.497,-0.841,0.995,28000000000.0,26,5.708055805797585e-09,6.370818539380707e-08,5.8000129588009486e-08,1.0111518804478692e-06,-59.95183606143584,-29.95183606143584,cir_coefficients_tau_mask,,"[1, 1, 1, 1, 26, 1]","[1, 1, 26]","[1, 1, 26]","[1, 1, 26]",,True,,26,5.8000129588009486e-08,-29.95183606143584,0,0.0,0.0,0,0,0,0,0,0,0,0
62,15933,rx_ur5_base,/home/telilab4090/Documents/Gazebo World/my_world/rt_out/experiments/semantic_ablation_rigid_200f/sionna_xml/frame_062_sionna.xml,30.0,0.0,0.0,2.4,0.497,-0.841,0.995,28000000000.0,26,5.708055805797585e-09,6.370818539380707e-08,5.8000129588009486e-08,1.0111518804478692e-06,-59.95183606143584,-29.95183606143584,cir_coefficients_tau_mask,,"[1, 1, 1, 1, 26, 1]","[1, 1, 26]","[1, 1, 26]","[1, 1, 26]",,True,,26,5.8000129588009486e-08,-29.95183606143584,0,0.0,0.0,0,0,0,0,0,0,0,0
63,16190,rx_ur5_base,/home/telilab4090/Documents/Gazebo World/my_world/rt_out/experiments/semantic_ablation_rigid_200f/sionna_xml/frame_063_sionna.xml,30.0,0.0,0.0,2.4,0.497,-0.841,0.995,28000000000.0,29,5.708055805797585e-09,6.370818539380707e-08,5.8000129588009486e-08,9.100099305214826e-07,-60.409538683963234,-30.409538683963234,cir_coefficients_tau_mask,,"[1, 1, 1, 1, 29, 1]","[1, 1, 29]","[1, 1, 29]","[1, 1, 29]",,True,,26,5.8000129588009486e-08,-29.95183606143584,3,0.0,-0.4577026225273926,1,0,0,0,0,0,0,0
64,16447,rx_ur5_base,/home/telilab4090/Documents/Gazebo World/my_world/rt_out/experiments/semantic_ablation_rigid_200f/sionna_xml/frame_064_sionna.xml,30.0,0.0,0.0,2.4,0.497,-0.841,0.995,28000000000.0,30,5.708055805797585e-09,6.370818539380707e-08,5.8000129588009486e-08,1.0000600241255597e-06,-59.99973932635815,-29.999739326358153,cir_coefficients_tau_mask,,"[1, 1, 1, 1, 30, 1]","[1, 1, 30]","[1, 1, 30]","[1, 1, 30]",,True,,29,5.8000129588009486e-08,-30.409538683963234,1,0.0,0.4097993576050811,1,0,0,0,0,0,0,0
65,16704,rx_ur5_base,/home/telilab4090/Documents/Gazebo World/my_world/rt_out/experiments/semantic_ablation_rigid_200f/sionna_xml/frame_065_sionna.xml,30.0,0.0,0.0,2.4,0.497,-0.841,0.995,28000000000.0,22,5.708055805797585e-09,6.370818539380707e-08,5.8000129588009486e-08,4.757503688779252e-07,-63.22620866306133,-33.22620866306133,cir_coefficients_tau_mask,,"[1, 1, 1, 1, 22, 1]","[1, 1, 22]","[1, 1, 22]","[1, 1, 22]",,True,,30,5.8000129588009486e-08,-29.999739326358153,-8,0.0,-3.2264693367031754,1,1,1,1,1,0,1,1
66,16961,rx_ur5_base,/home/telilab4090/Documents/Gazebo World/my_world/rt_out/experiments/semantic_ablation_rigid_200f/sionna_xml/frame_066_sionna.xml,30.0,0.0,0.0,2.4,0.497,-0.841,0.995,28000000000.0,18,5.708055805797585e-09,5.930293767164585e-08,5.3594881865848265e-08,6.906813041496207e-07,-61.60722299625163,-31.60722299625163,cir_coefficients_tau_mask,,"[1, 1, 1, 1, 18, 1]","[1, 1, 18]","[1, 1, 18]","[1, 1, 18]",,True,,22,5.8000129588009486e-08,-33.22620866306133,-4,-4.405247722161221e-09,1.6189856668096994,1,1,0,0,0,0,0,0
67,17218,rx_ur5_base,/home/telilab4090/Documents/Gazebo World/my_world/rt_out/experiments/semantic_ablation_rigid_200f/sionna_xml/frame_067_sionna.xml,30.0,0.0,0.0,2.4,0.497,-0.841,0.995,28000000000.0,18,5.708055805797585e-09,5.930293767164585e-08,5.3594881865848265e-08,6.896149216117919e-07,-61.613933499914175,-31.613933499914175,cir_coefficients_tau_mask,,"[1, 1, 1, 1, 18, 1]","[1, 1, 18]","[1, 1, 18]","[1, 1, 18]",,True,,18,5.3594881865848265e-08,-31.60722299625163,0,0.0,-0.00671050366254633,0,0,0,0,0,0,0,0
68,17475,rx_ur5_base,/home/telilab4090/Documents/Gazebo World/my_world/rt_out/experiments/semantic_ablation_rigid_200f/sionna_xml/frame_068_sionna.xml,30.0,0.0,0.0,2.4,0.497,-0.841,0.995,28000000000.0,18,5.708055805797585e-09,5.930293767164585e-08,5.3594881865848265e-08,6.896149216117919e-07,-61.613933499914175,-31.613933499914175,cir_coefficients_tau_mask,,"[1, 1, 1, 1, 18, 1]","[1, 1, 18]","[1, 1, 18]","[1, 1, 18]",,True,,18,5.3594881865848265e-08,-31.613933499914175,0,0.0,0.0,0,0,0,0,0,0,0,0
69,17732,rx_ur5_base,/home/telilab4090/Documents/Gazebo World/my_world/rt_out/experiments/semantic_ablation_rigid_200f/sionna_xml/frame_069_sionna.xml,30.0,0.0,0.0,2.4,0.497,-0.841,0.995,28000000000.0,15,2.8585452227503083e-08,5.930293767164585e-08,3.071748544414277e-08,1.462365339932603e-09,-88.34944114864071,-58.34944114864071,cir_coefficients_tau_mask,,"[1, 1, 1, 1, 15, 1]","[1, 1, 15]","[1, 1, 15]","[1, 1, 15]",,True,,18,5.3594881865848265e-08,-31.613933499914175,-3,-2.2877396421705498e-08,-26.735507648726532,1,1,1,1,1,0,1,1
70,17989,rx_ur5_base,/home/telilab4090/Documents/Gazebo World/my_world/rt_out/experiments/semantic_ablation_rigid_200f/sionna_xml/frame_070_sionna.xml,30.0,0.0,0.0,2.4,0.497,-0.841,0.995,28000000000.0,15,2.8585452227503083e-08,5.930293767164585e-08,3.071748544414277e-08,1.4623647848210908e-09,-88.34944279721583,-58.34944279721583,cir_coefficients_tau_mask,,"[1, 1, 1, 1, 15, 1]","[1, 1, 15]","[1, 1, 15]","[1, 1, 15]",,True,,15,3.071748544414277e-08,-58.34944114864071,0,0.0,-1.6485751217487632e-06,0,0,0,0,0,0,0,0
71,18246,rx_ur5_base,/home/telilab4090/Documents/Gazebo World/my_world/rt_out/experiments/semantic_ablation_rigid_200f/sionna_xml/frame_071_sionna.xml,30.0,0.0,0.0,2.4,0.497,-0.841,0.995,28000000000.0,15,2.8585452227503083e-08,5.930293767164585e-08,3.071748544414277e-08,1.4623648958433932e-09,-88.34944246750075,-58.34944246750075,cir_coefficients_tau_mask,,"[1, 1, 1, 1, 15, 1]","[1, 1, 15]","[1, 1, 15]","[1, 1, 15]",,True,,15,3.071748544414277e-08,-58.34944279721583,0,0.0,3.2971507835100056e-07,0,0,0,0,0,0,0,0
72,18503,rx_ur5_base,/home/telilab4090/Documents/Gazebo World/my_world/rt_out/experiments/semantic_ablation_rigid_200f/sionna_xml/frame_072_sionna.xml,30.0,0.0,0.0,2.4,0.497,-0.841,0.995,28000000000.0,15,2.8585452227503083e-08,5.930293767164585e-08,3.071748544414277e-08,1.4623651178879982e-09,-88.34944180807068,-58.34944180807068,cir_coefficients_tau_mask,,"[1, 1, 1, 1, 15, 1]","[1, 1, 15]","[1, 1, 15]","[1, 1, 15]",,True,,15,3.071748544414277e-08,-58.34944246750075,0,0.0,6.594300714368728e-07,0,0,0,0,0,0,0,0
73,18760,rx_ur5_base,/home/telilab4090/Documents/Gazebo World/my_world/rt_out/experiments/semantic_ablation_rigid_200f/sionna_xml/frame_073_sionna.xml,30.0,0.0,0.0,2.4,0.497,-0.841,0.995,28000000000.0,15,2.8585452227503083e-08,5.930293767164585e-08,3.071748544414277e-08,1.462365339932603e-09,-88.34944114864071,-58.34944114864071,cir_coefficients_tau_mask,,"[1, 1, 1, 1, 15, 1]","[1, 1, 15]","[1, 1, 15]","[1, 1, 15]",,True,,15,3.071748544414277e-08,-58.34944180807068,0,0.0,6.594299719608898e-07,0,0,0,0,0,0,0,0
74,19017,rx_ur5_base,/home/telilab4090/Documents/Gazebo World/my_world/rt_out/experiments/semantic_ablation_rigid_200f/sionna_xml/frame_074_sionna.xml,30.0,0.0,0.0,2.4,0.497,-0.841,0.995,28000000000.0,15,2.8585452227503083e-08,5.930293767164585e-08,3.071748544414277e-08,1.4623654509549056e-09,-88.34944081892574,-58.34944081892574,cir_coefficients_tau_mask,,"[1, 1, 1, 1, 15, 1]","[1, 1, 15]","[1, 1, 15]","[1, 1, 15]",,True,,15,3.071748544414277e-08,-58.34944114864071,0,0.0,3.2971496466416284e-07,0,0,0,0,0,0,0,0
75,19274,rx_ur5_base,/home/telilab4090/Documents/Gazebo World/my_world/rt_out/experiments/semantic_ablation_rigid_200f/sionna_xml/frame_075_sionna.xml,30.0,0.0,0.0,2.4,0.497,-0.841,0.995,28000000000.0,17,2.8585452227503083e-08,5.930293767164585e-08,3.071748544414277e-08,1.541647698388715e-09,-88.12014861127287,-58.12014861127287,cir_coefficients_tau_mask,,"[1, 1, 1, 1, 17, 1]","[1, 1, 17]","[1, 1, 17]","[1, 1, 17]",,True,,15,3.071748544414277e-08,-58.34944081892574,2,0.0,0.2292922076528754,1,0,0,0,0,0,0,0
76,19531,rx_ur5_base,/home/telilab4090/Documents/Gazebo World/my_world/rt_out/experiments/semantic_ablation_rigid_200f/sionna_xml/frame_076_sionna.xml,30.0,0.0,0.0,2.4,0.497,-0.841,0.995,28000000000.0,19,2.8585452227503083e-08,6.370818539380707e-08,3.512273316630399e-08,1.7720580558489019e-09,-87.51522053937794,-57.515220539377935,cir_coefficients_tau_mask,,"[1, 1, 1, 1, 19, 1]","[1, 1, 19]","[1, 1, 19]","[1, 1, 19]",,True,,17,3.071748544414277e-08,-58.12014861127287,2,4.405247722161221e-09,0.6049280718949319,1,0,0,0,0,1,1,1
77,19788,rx_ur5_base,/home/telilab4090/Documents/Gazebo World/my_world/rt_out/experiments/semantic_ablation_rigid_200f/sionna_xml/frame_077_sionna.xml,30.0,0.0,0.0,2.4,0.497,-0.841,0.995,28000000000.0,19,2.8585452227503083e-08,6.370818539380707e-08,3.512273316630399e-08,1.7720580558489019e-09,-87.51522053937794,-57.515220539377935,cir_coefficients_tau_mask,,"[1, 1, 1, 1, 19, 1]","[1, 1, 19]","[1, 1, 19]","[1, 1, 19]",,True,,19,3.512273316630399e-08,-57.515220539377935,0,0.0,0.0,0,0,0,0,0,0,0,0
78,20045,rx_ur5_base,/home/telilab4090/Documents/Gazebo World/my_world/rt_out/experiments/semantic_ablation_rigid_200f/sionna_xml/frame_078_sionna.xml,30.0,0.0,0.0,2.4,0.497,-0.841,0.995,28000000000.0,23,1.9024808395329273e-08,6.370818539380707e-08,4.46833769984778e-08,1.842872299206988e-09,-87.34504757928632,-57.345047579286316,cir_coefficients_tau_mask,,"[1, 1, 1, 1, 23, 1]","[1, 1, 23]","[1, 1, 23]","[1, 1, 23]",,True,,19,3.512273316630399e-08,-57.515220539377935,4,9.56064383217381e-09,0.17017296009161953,1,0,0,0,0,1,1,1
79,20302,rx_ur5_base,/home/telilab4090/Documents/Gazebo World/my_world/rt_out/experiments/semantic_ablation_rigid_200f/sionna_xml/frame_079_sionna.xml,30.0,0.0,0.0,2.4,0.497,-0.841,0.995,28000000000.0,23,1.9024808395329273e-08,6.370818539380707e-08,4.46833769984778e-08,1.8428726322738953e-09,-87.34504679437514,-57.345046794375136,cir_coefficients_tau_mask,,"[1, 1, 1, 1, 23, 1]","[1, 1, 23]","[1, 1, 23]","[1, 1, 23]",,True,,23,4.46833769984778e-08,-57.345047579286316,0,0.0,7.849111796076613e-07,0,0,0,0,0,0,0,0
80,20559,rx_ur5_base,/home/telilab4090/Documents/Gazebo World/my_world/rt_out/experiments/semantic_ablation_rigid_200f/sionna_xml/frame_080_sionna.xml,30.0,0.0,0.0,2.4,0.497,-0.841,0.995,28000000000.0,23,1.9024808395329273e-08,6.370818539380707e-08,4.46833769984778e-08,1.842872299206988e-09,-87.34504757928632,-57.345047579286316,cir_coefficients_tau_mask,,"[1, 1, 1, 1, 23, 1]","[1, 1, 23]","[1, 1, 23]","[1, 1, 23]",,True,,23,4.46833769984778e-08,-57.345046794375136,0,0.0,-7.849111796076613e-07,0,0,0,0,0,0,0,0
81,20816,rx_ur5_base,/home/telilab4090/Documents/Gazebo World/my_world/rt_out/experiments/semantic_ablation_rigid_200f/sionna_xml/frame_081_sionna.xml,30.0,0.0,0.0,2.4,0.497,-0.841,0.995,28000000000.0,27,5.708055805797585e-09,6.370818539380707e-08,5.8000129588009486e-08,7.014158427409711e-07,-61.5402442902013,-31.5402442902013,cir_coefficients_tau_mask,,"[1, 1, 1, 1, 27, 1]","[1, 1, 27]","[1, 1, 27]","[1, 1, 27]",,True,,23,4.46833769984778e-08,-57.345047579286316,4,1.3316752589531688e-08,25.804803289085015,1,0,0,0,0,1,1,1
82,21073,rx_ur5_base,/home/telilab4090/Documents/Gazebo World/my_world/rt_out/experiments/semantic_ablation_rigid_200f/sionna_xml/frame_082_sionna.xml,30.0,0.0,0.0,2.4,0.497,-0.841,0.995,28000000000.0,29,5.708055805797585e-09,6.370818539380707e-08,5.8000129588009486e-08,9.249550885215285e-07,-60.33879354051018,-30.33879354051018,cir_coefficients_tau_mask,,"[1, 1, 1, 1, 29, 1]","[1, 1, 29]","[1, 1, 29]","[1, 1, 29]",,True,,27,5.8000129588009486e-08,-31.5402442902013,2,0.0,1.2014507496911193,1,0,0,0,0,0,0,0
83,21330,rx_ur5_base,/home/telilab4090/Documents/Gazebo World/my_world/rt_out/experiments/semantic_ablation_rigid_200f/sionna_xml/frame_083_sionna.xml,30.0,0.0,0.0,2.4,0.497,-0.841,0.995,28000000000.0,30,5.708055805797585e-09,6.370818539380707e-08,5.8000129588009486e-08,1.0583249832052388e-06,-59.753809516386234,-29.753809516386234,cir_coefficients_tau_mask,,"[1, 1, 1, 1, 30, 1]","[1, 1, 30]","[1, 1, 30]","[1, 1, 30]",,True,,29,5.8000129588009486e-08,-30.33879354051018,1,0.0,0.5849840241239477,1,0,0,0,0,0,0,0
84,21587,rx_ur5_base,/home/telilab4090/Documents/Gazebo World/my_world/rt_out/experiments/semantic_ablation_rigid_200f/sionna_xml/frame_084_sionna.xml,30.0,0.0,0.0,2.4,0.497,-0.841,0.995,28000000000.0,30,5.708055805797585e-09,6.370818539380707e-08,5.8000129588009486e-08,1.0583421499177348e-06,-59.75373907159694,-29.75373907159694,cir_coefficients_tau_mask,,"[1, 1, 1, 1, 30, 1]","[1, 1, 30]","[1, 1, 30]","[1, 1, 30]",,True,,30,5.8000129588009486e-08,-29.753809516386234,0,0.0,7.044478929429943e-05,0,0,0,0,0,0,0,0
85,21844,rx_ur5_base,/home/telilab4090/Documents/Gazebo World/my_world/rt_out/experiments/semantic_ablation_rigid_200f/sionna_xml/frame_085_sionna.xml,30.0,0.0,0.0,2.4,0.497,-0.841,0.995,28000000000.0,30,5.708055805797585e-09,6.370818539380707e-08,5.8000129588009486e-08,1.058342036230897e-06,-59.75373953811497,-29.75373953811497,cir_coefficients_tau_mask,,"[1, 1, 1, 1, 30, 1]","[1, 1, 30]","[1, 1, 30]","[1, 1, 30]",,True,,30,5.8000129588009486e-08,-29.75373907159694,0,0.0,-4.6651803131680936e-07,0,0,0,0,0,0,0,0
86,22101,rx_ur5_base,/home/telilab4090/Documents/Gazebo World/my_world/rt_out/experiments/semantic_ablation_rigid_200f/sionna_xml/frame_086_sionna.xml,30.0,0.0,0.0,2.4,0.497,-0.841,0.995,28000000000.0,29,5.708055805797585e-09,6.370818539380707e-08,5.8000129588009486e-08,1.0583000857877778e-06,-59.7539116866872,-29.753911686687204,cir_coefficients_tau_mask,,"[1, 1, 1, 1, 29, 1]","[1, 1, 29]","[1, 1, 29]","[1, 1, 29]",,True,,30,5.8000129588009486e-08,-29.75373953811497,-1,0.0,-0.00017214857223279978,1,1,0,0,0,0,0,0
87,22358,rx_ur5_base,/home/telilab4090/Documents/Gazebo World/my_world/rt_out/experiments/semantic_ablation_rigid_200f/sionna_xml/frame_087_sionna.xml,30.0,0.0,0.0,2.4,0.497,-0.841,0.995,28000000000.0,29,5.708055805797585e-09,6.370818539380707e-08,5.8000129588009486e-08,1.05829997210094e-06,-59.753912153223766,-29.753912153223766,cir_coefficients_tau_mask,,"[1, 1, 1, 1, 29, 1]","[1, 1, 29]","[1, 1, 29]","[1, 1, 29]",,True,,29,5.8000129588009486e-08,-29.753911686687204,0,0.0,-4.66536562271358e-07,0,0,0,0,0,0,0,0
88,22615,rx_ur5_base,/home/telilab4090/Documents/Gazebo World/my_world/rt_out/experiments/semantic_ablation_rigid_200f/sionna_xml/frame_088_sionna.xml,30.0,0.0,0.0,2.4,0.497,-0.841,0.995,28000000000.0,28,5.708055805797585e-09,6.370818539380707e-08,5.8000129588009486e-08,9.248445280718443e-07,-60.33931268639865,-30.33931268639865,cir_coefficients_tau_mask,,"[1, 1, 1, 1, 28, 1]","[1, 1, 28]","[1, 1, 28]","[1, 1, 28]",,True,,29,5.8000129588009486e-08,-29.753912153223766,-1,0.0,-0.5854005331748837,1,1,1,0,0,0,0,0
89,22872,rx_ur5_base,/home/telilab4090/Documents/Gazebo World/my_world/rt_out/experiments/semantic_ablation_rigid_200f/sionna_xml/frame_089_sionna.xml,30.0,0.0,0.0,2.4,0.497,-0.841,0.995,28000000000.0,28,5.708055805797585e-09,6.370818539380707e-08,5.8000129588009486e-08,9.248057608601812e-07,-60.33949473579693,-30.339494735796933,cir_coefficients_tau_mask,,"[1, 1, 1, 1, 28, 1]","[1, 1, 28]","[1, 1, 28]","[1, 1, 28]",,True,,28,5.8000129588009486e-08,-30.33931268639865,0,0.0,-0.0001820493982833682,0,0,0,0,0,0,0,0
90,23129,rx_ur5_base,/home/telilab4090/Documents/Gazebo World/my_world/rt_out/experiments/semantic_ablation_rigid_200f/sionna_xml/frame_090_sionna.xml,30.0,0.0,0.0,2.4,0.497,-0.841,0.995,28000000000.0,28,5.708055805797585e-09,6.370818539380707e-08,5.8000129588009486e-08,9.248058177036e-07,-60.33949446885674,-30.339494468856742,cir_coefficients_tau_mask,,"[1, 1, 1, 1, 28, 1]","[1, 1, 28]","[1, 1, 28]","[1, 1, 28]",,True,,28,5.8000129588009486e-08,-30.339494735796933,0,0.0,2.669401908406144e-07,0,0,0,0,0,0,0,0
91,23386,rx_ur5_base,/home/telilab4090/Documents/Gazebo World/my_world/rt_out/experiments/semantic_ablation_rigid_200f/sionna_xml/frame_091_sionna.xml,30.0,0.0,0.0,2.4,0.497,-0.841,0.995,28000000000.0,28,5.708055805797585e-09,6.370818539380707e-08,5.8000129588009486e-08,9.248058177036e-07,-60.33949446885674,-30.339494468856742,cir_coefficients_tau_mask,,"[1, 1, 1, 1, 28, 1]","[1, 1, 28]","[1, 1, 28]","[1, 1, 28]",,True,,28,5.8000129588009486e-08,-30.339494468856742,0,0.0,0.0,0,0,0,0,0,0,0,0
92,23643,rx_ur5_base,/home/telilab4090/Documents/Gazebo World/my_world/rt_out/experiments/semantic_ablation_rigid_200f/sionna_xml/frame_092_sionna.xml,30.0,0.0,0.0,2.4,0.497,-0.841,0.995,28000000000.0,28,5.708055805797585e-09,6.370818539380707e-08,5.8000129588009486e-08,9.246225545211928e-07,-60.34035516927976,-30.34035516927976,cir_coefficients_tau_mask,,"[1, 1, 1, 1, 28, 1]","[1, 1, 28]","[1, 1, 28]","[1, 1, 28]",,True,,28,5.8000129588009486e-08,-30.339494468856742,0,0.0,-0.0008607004230185566,0,0,0,0,0,0,0,0
93,23900,rx_ur5_base,/home/telilab4090/Documents/Gazebo World/my_world/rt_out/experiments/semantic_ablation_rigid_200f/sionna_xml/frame_093_sionna.xml,30.0,0.0,0.0,2.4,0.497,-0.841,0.995,28000000000.0,28,5.708055805797585e-09,6.370818539380707e-08,5.8000129588009486e-08,9.246224976777739e-07,-60.340355436272866,-30.340355436272866,cir_coefficients_tau_mask,,"[1, 1, 1, 1, 28, 1]","[1, 1, 28]","[1, 1, 28]","[1, 1, 28]",,True,,28,5.8000129588009486e-08,-30.34035516927976,0,0.0,-2.6699310495814643e-07,0,0,0,0,0,0,0,0
94,24157,rx_ur5_base,/home/telilab4090/Documents/Gazebo World/my_world/rt_out/experiments/semantic_ablation_rigid_200f/sionna_xml/frame_094_sionna.xml,30.0,0.0,0.0,2.4,0.497,-0.841,0.995,28000000000.0,28,5.708055805797585e-09,6.370818539380707e-08,5.8000129588009486e-08,9.246225545211928e-07,-60.34035516927976,-30.34035516927976,cir_coefficients_tau_mask,,"[1, 1, 1, 1, 28, 1]","[1, 1, 28]","[1, 1, 28]","[1, 1, 28]",,True,,28,5.8000129588009486e-08,-30.340355436272866,0,0.0,2.6699310495814643e-07,0,0,0,0,0,0,0,0
95,24414,rx_ur5_base,/home/telilab4090/Documents/Gazebo World/my_world/rt_out/experiments/semantic_ablation_rigid_200f/sionna_xml/frame_095_sionna.xml,30.0,0.0,0.0,2.4,0.497,-0.841,0.995,28000000000.0,27,5.708055805797585e-09,6.370818539380707e-08,5.8000129588009486e-08,9.244969874089293e-07,-60.34094499706333,-30.340944997063332,cir_coefficients_tau_mask,,"[1, 1, 1, 1, 27, 1]","[1, 1, 27]","[1, 1, 27]","[1, 1, 27]",,True,,28,5.8000129588009486e-08,-30.34035516927976,-1,0.0,-0.0005898277835711951,1,1,0,0,0,0,0,0
96,24671,rx_ur5_base,/home/telilab4090/Documents/Gazebo World/my_world/rt_out/experiments/semantic_ablation_rigid_200f/sionna_xml/frame_096_sionna.xml,30.0,0.0,0.0,2.4,0.497,-0.841,0.995,28000000000.0,27,5.708055805797585e-09,6.370818539380707e-08,5.8000129588009486e-08,9.242135092790704e-07,-60.342276876648846,-30.342276876648846,cir_coefficients_tau_mask,,"[1, 1, 1, 1, 27, 1]","[1, 1, 27]","[1, 1, 27]","[1, 1, 27]",,True,,27,5.8000129588009486e-08,-30.340944997063332,0,0.0,-0.001331879585514173,0,0,0,0,0,0,0,0
97,24928,rx_ur5_base,/home/telilab4090/Documents/Gazebo World/my_world/rt_out/experiments/semantic_ablation_rigid_200f/sionna_xml/frame_097_sionna.xml,30.0,0.0,0.0,2.4,0.497,-0.841,0.995,28000000000.0,27,5.708055805797585e-09,6.370818539380707e-08,5.8000129588009486e-08,9.243207728104608e-07,-60.341772866955374,-30.341772866955374,cir_coefficients_tau_mask,,"[1, 1, 1, 1, 27, 1]","[1, 1, 27]","[1, 1, 27]","[1, 1, 27]",,True,,27,5.8000129588009486e-08,-30.342276876648846,0,0.0,0.000504009693472085,0,0,0,0,0,0,0,0
98,25185,rx_ur5_base,/home/telilab4090/Documents/Gazebo World/my_world/rt_out/experiments/semantic_ablation_rigid_200f/sionna_xml/frame_098_sionna.xml,30.0,0.0,0.0,2.4,0.497,-0.841,0.995,28000000000.0,24,5.708055805797585e-09,5.930293767164585e-08,5.3594881865848265e-08,9.242396572517464e-07,-60.34215400720911,-30.34215400720911,cir_coefficients_tau_mask,,"[1, 1, 1, 1, 24, 1]","[1, 1, 24]","[1, 1, 24]","[1, 1, 24]",,True,,27,5.8000129588009486e-08,-30.341772866955374,-3,-4.405247722161221e-09,-0.00038114025373658933,1,1,0,0,0,0,0,0
99,25442,rx_ur5_base,/home/telilab4090/Documents/Gazebo World/my_world/rt_out/experiments/semantic_ablation_rigid_200f/sionna_xml/frame_099_sionna.xml,30.0,0.0,0.0,2.4,0.497,-0.841,0.995,28000000000.0,26,5.708055805797585e-09,5.930293767164585e-08,5.3594881865848265e-08,9.24333335206029e-07,-60.341713842619214,-30.341713842619214,cir_coefficients_tau_mask,,"[1, 1, 1, 1, 26, 1]","[1, 1, 26]","[1, 1, 26]","[1, 1, 26]",,True,,24,5.3594881865848265e-08,-30.34215400720911,2,0.0,0.0004401645898965967,1,0,0,0,0,0,0,0
100,25698,rx_ur5_base,/home/telilab4090/Documents/Gazebo World/my_world/rt_out/experiments/semantic_ablation_rigid_200f/sionna_xml/frame_100_sionna.xml,30.0,0.0,0.0,2.4,0.497,-0.841,0.995,28000000000.0,17,2.8585452227503083e-08,5.930293767164585e-08,3.071748544414277e-08,1.541647698388715e-09,-88.12014861127287,-58.12014861127287,cir_coefficients_tau_mask,,"[1, 1, 1, 1, 17, 1]","[1, 1, 17]","[1, 1, 17]","[1, 1, 17]",,True,,26,5.3594881865848265e-08,-30.341713842619214,-9,-2.2877396421705498e-08,-27.778434768653653,1,1,1,1,1,0,1,1
101,25955,rx_ur5_base,/home/telilab4090/Documents/Gazebo World/my_world/rt_out/experiments/semantic_ablation_rigid_200f/sionna_xml/frame_101_sionna.xml,30.0,0.0,0.0,2.4,0.497,-0.841,0.995,28000000000.0,16,2.8585452227503083e-08,5.930293767164585e-08,3.071748544414277e-08,1.5044139267672563e-09,-88.22632654849363,-58.22632654849363,cir_coefficients_tau_mask,,"[1, 1, 1, 1, 16, 1]","[1, 1, 16]","[1, 1, 16]","[1, 1, 16]",,True,,17,3.071748544414277e-08,-58.12014861127287,-1,0.0,-0.10617793722076385,1,1,0,0,0,0,0,0
102,26212,rx_ur5_base,/home/telilab4090/Documents/Gazebo World/my_world/rt_out/experiments/semantic_ablation_rigid_200f/sionna_xml/frame_102_sionna.xml,30.0,0.0,0.0,2.4,0.497,-0.841,0.995,28000000000.0,21,5.708055805797585e-09,5.930293767164585e-08,5.3594881865848265e-08,7.870848435231892e-07,-61.03978450502541,-31.03978450502541,cir_coefficients_tau_mask,,"[1, 1, 1, 1, 21, 1]","[1, 1, 21]","[1, 1, 21]","[1, 1, 21]",,True,,16,3.071748544414277e-08,-58.22632654849363,5,2.2877396421705498e-08,27.186542043468222,1,0,0,0,0,1,1,1
103,26469,rx_ur5_base,/home/telilab4090/Documents/Gazebo World/my_world/rt_out/experiments/semantic_ablation_rigid_200f/sionna_xml/frame_103_sionna.xml,30.0,0.0,0.0,2.4,0.497,-0.841,0.995,28000000000.0,28,5.708055805797585e-09,5.930293767164585e-08,5.3594881865848265e-08,7.863046107559057e-07,-61.04409177697623,-31.04409177697623,cir_coefficients_tau_mask,,"[1, 1, 1, 1, 28, 1]","[1, 1, 28]","[1, 1, 28]","[1, 1, 28]",,True,,21,5.3594881865848265e-08,-31.03978450502541,7,0.0,-0.0043072719508217006,1,0,0,0,0,0,0,0
104,26726,rx_ur5_base,/home/telilab4090/Documents/Gazebo World/my_world/rt_out/experiments/semantic_ablation_rigid_200f/sionna_xml/frame_104_sionna.xml,30.0,0.0,0.0,2.4,0.497,-0.841,0.995,28000000000.0,28,5.708055805797585e-09,5.930293767164585e-08,5.3594881865848265e-08,7.863038717914606e-07,-61.044095858452124,-31.044095858452124,cir_coefficients_tau_mask,,"[1, 1, 1, 1, 28, 1]","[1, 1, 28]","[1, 1, 28]","[1, 1, 28]",,True,,28,5.3594881865848265e-08,-31.04409177697623,0,0.0,-4.081475893258357e-06,0,0,0,0,0,0,0,0
105,26983,rx_ur5_base,/home/telilab4090/Documents/Gazebo World/my_world/rt_out/experiments/semantic_ablation_rigid_200f/sionna_xml/frame_105_sionna.xml,30.0,0.0,0.0,2.4,0.497,-0.841,0.995,28000000000.0,28,5.708055805797585e-09,5.930293767164585e-08,5.3594881865848265e-08,7.863038149480417e-07,-61.04409617241197,-31.04409617241197,cir_coefficients_tau_mask,,"[1, 1, 1, 1, 28, 1]","[1, 1, 28]","[1, 1, 28]","[1, 1, 28]",,True,,28,5.3594881865848265e-08,-31.044095858452124,0,0.0,-3.1395984478876926e-07,0,0,0,0,0,0,0,0
106,27240,rx_ur5_base,/home/telilab4090/Documents/Gazebo World/my_world/rt_out/experiments/semantic_ablation_rigid_200f/sionna_xml/frame_106_sionna.xml,30.0,0.0,0.0,2.4,0.497,-0.841,0.995,28000000000.0,28,5.708055805797585e-09,5.930293767164585e-08,5.3594881865848265e-08,7.863038717914606e-07,-61.044095858452124,-31.044095858452124,cir_coefficients_tau_mask,,"[1, 1, 1, 1, 28, 1]","[1, 1, 28]","[1, 1, 28]","[1, 1, 28]",,True,,28,5.3594881865848265e-08,-31.04409617241197,0,0.0,3.1395984478876926e-07,0,0,0,0,0,0,0,0
107,27497,rx_ur5_base,/home/telilab4090/Documents/Gazebo World/my_world/rt_out/experiments/semantic_ablation_rigid_200f/sionna_xml/frame_107_sionna.xml,30.0,0.0,0.0,2.4,0.497,-0.841,0.995,28000000000.0,28,5.708055805797585e-09,5.930293767164585e-08,5.3594881865848265e-08,9.164388643512211e-07,-60.37896501526093,-30.37896501526093,cir_coefficients_tau_mask,,"[1, 1, 1, 1, 28, 1]","[1, 1, 28]","[1, 1, 28]","[1, 1, 28]",,True,,28,5.3594881865848265e-08,-31.044095858452124,0,0.0,0.6651308431911929,0,0,0,0,0,0,0,0
108,27754,rx_ur5_base,/home/telilab4090/Documents/Gazebo World/my_world/rt_out/experiments/semantic_ablation_rigid_200f/sionna_xml/frame_108_sionna.xml,30.0,0.0,0.0,2.4,0.497,-0.841,0.995,28000000000.0,15,2.8585448674789404e-08,5.930293767164585e-08,3.0717488996856446e-08,1.4623652289103006e-09,-88.34944147835569,-58.349441478355686,cir_coefficients_tau_mask,,"[1, 1, 1, 1, 15, 1]","[1, 1, 15]","[1, 1, 15]","[1, 1, 15]",,True,,28,5.3594881865848265e-08,-30.37896501526093,-13,-2.287739286899182e-08,-27.970476463094755,1,1,1,1,1,0,1,1
109,28011,rx_ur5_base,/home/telilab4090/Documents/Gazebo World/my_world/rt_out/experiments/semantic_ablation_rigid_200f/sionna_xml/frame_109_sionna.xml,30.0,0.0,0.0,2.4,0.497,-0.841,0.995,28000000000.0,17,5.708055805797585e-09,5.930293767164585e-08,5.3594881865848265e-08,4.6959650035205414e-07,-63.28275148309537,-33.28275148309537,cir_coefficients_tau_mask,,"[1, 1, 1, 1, 17, 1]","[1, 1, 17]","[1, 1, 17]","[1, 1, 17]",,True,,15,3.0717488996856446e-08,-58.349441478355686,2,2.287739286899182e-08,25.06668999526032,1,0,0,0,0,1,1,1
110,28268,rx_ur5_base,/home/telilab4090/Documents/Gazebo World/my_world/rt_out/experiments/semantic_ablation_rigid_200f/sionna_xml/frame_110_sionna.xml,30.0,0.0,0.0,2.4,0.497,-0.841,0.995,28000000000.0,18,5.708055805797585e-09,5.930293767164585e-08,5.3594881865848265e-08,6.898487754369853e-07,-61.61246102293572,-31.61246102293572,cir_coefficients_tau_mask,,"[1, 1, 1, 1, 18, 1]","[1, 1, 18]","[1, 1, 18]","[1, 1, 18]",,True,,17,5.3594881865848265e-08,-33.28275148309537,1,0.0,1.6702904601596487,1,0,0,0,0,0,0,0
111,28525,rx_ur5_base,/home/telilab4090/Documents/Gazebo World/my_world/rt_out/experiments/semantic_ablation_rigid_200f/sionna_xml/frame_111_sionna.xml,30.0,0.0,0.0,2.4,0.497,-0.841,0.995,28000000000.0,18,5.708055805797585e-09,5.930293767164585e-08,5.3594881865848265e-08,6.895603519296856e-07,-61.614277173590544,-31.614277173590544,cir_coefficients_tau_mask,,"[1, 1, 1, 1, 18, 1]","[1, 1, 18]","[1, 1, 18]","[1, 1, 18]",,True,,18,5.3594881865848265e-08,-31.61246102293572,0,0.0,-0.0018161506548253215,0,0,0,0,0,0,0,0
112,28782,rx_ur5_base,/home/telilab4090/Documents/Gazebo World/my_world/rt_out/experiments/semantic_ablation_rigid_200f/sionna_xml/frame_112_sionna.xml,30.0,0.0,0.0,2.4,0.497,-0.841,0.995,28000000000.0,18,5.708055805797585e-09,5.930293767164585e-08,5.3594881865848265e-08,6.895604087731044e-07,-61.614276815582976,-31.614276815582976,cir_coefficients_tau_mask,,"[1, 1, 1, 1, 18, 1]","[1, 1, 18]","[1, 1, 18]","[1, 1, 18]",,True,,18,5.3594881865848265e-08,-31.614277173590544,0,0.0,3.5800756847947923e-07,0,0,0,0,0,0,0,0
113,29039,rx_ur5_base,/home/telilab4090/Documents/Gazebo World/my_world/rt_out/experiments/semantic_ablation_rigid_200f/sionna_xml/frame_113_sionna.xml,30.0,0.0,0.0,2.4,0.497,-0.841,0.995,28000000000.0,18,5.708055805797585e-09,5.930293767164585e-08,5.3594881865848265e-08,6.895604087731044e-07,-61.614276815582976,-31.614276815582976,cir_coefficients_tau_mask,,"[1, 1, 1, 1, 18, 1]","[1, 1, 18]","[1, 1, 18]","[1, 1, 18]",,True,,18,5.3594881865848265e-08,-31.614276815582976,0,0.0,0.0,0,0,0,0,0,0,0,0
114,29296,rx_ur5_base,/home/telilab4090/Documents/Gazebo World/my_world/rt_out/experiments/semantic_ablation_rigid_200f/sionna_xml/frame_114_sionna.xml,30.0,0.0,0.0,2.4,0.497,-0.841,0.995,28000000000.0,18,5.708055805797585e-09,5.930293767164585e-08,5.3594881865848265e-08,6.895604087731044e-07,-61.614276815582976,-31.614276815582976,cir_coefficients_tau_mask,,"[1, 1, 1, 1, 18, 1]","[1, 1, 18]","[1, 1, 18]","[1, 1, 18]",,True,,18,5.3594881865848265e-08,-31.614276815582976,0,0.0,0.0,0,0,0,0,0,0,0,0
115,29553,rx_ur5_base,/home/telilab4090/Documents/Gazebo World/my_world/rt_out/experiments/semantic_ablation_rigid_200f/sionna_xml/frame_115_sionna.xml,30.0,0.0,0.0,2.4,0.497,-0.841,0.995,28000000000.0,18,5.708055805797585e-09,5.930293767164585e-08,5.3594881865848265e-08,6.893484965075913e-07,-61.615611672844864,-31.615611672844864,cir_coefficients_tau_mask,,"[1, 1, 1, 1, 18, 1]","[1, 1, 18]","[1, 1, 18]","[1, 1, 18]",,True,,18,5.3594881865848265e-08,-31.614276815582976,0,0.0,-0.0013348572618880894,0,0,0,0,0,0,0,0
116,29810,rx_ur5_base,/home/telilab4090/Documents/Gazebo World/my_world/rt_out/experiments/semantic_ablation_rigid_200f/sionna_xml/frame_116_sionna.xml,30.0,0.0,0.0,2.4,0.497,-0.841,0.995,28000000000.0,18,5.708055805797585e-09,5.930293767164585e-08,5.3594881865848265e-08,6.893484965075913e-07,-61.615611672844864,-31.615611672844864,cir_coefficients_tau_mask,,"[1, 1, 1, 1, 18, 1]","[1, 1, 18]","[1, 1, 18]","[1, 1, 18]",,True,,18,5.3594881865848265e-08,-31.615611672844864,0,0.0,0.0,0,0,0,0,0,0,0,0
117,30067,rx_ur5_base,/home/telilab4090/Documents/Gazebo World/my_world/rt_out/experiments/semantic_ablation_rigid_200f/sionna_xml/frame_117_sionna.xml,30.0,0.0,0.0,2.4,0.497,-0.841,0.995,28000000000.0,18,5.708055805797585e-09,5.930293767164585e-08,5.3594881865848265e-08,6.893484965075913e-07,-61.615611672844864,-31.615611672844864,cir_coefficients_tau_mask,,"[1, 1, 1, 1, 18, 1]","[1, 1, 18]","[1, 1, 18]","[1, 1, 18]",,True,,18,5.3594881865848265e-08,-31.615611672844864,0,0.0,0.0,0,0,0,0,0,0,0,0
118,30324,rx_ur5_base,/home/telilab4090/Documents/Gazebo World/my_world/rt_out/experiments/semantic_ablation_rigid_200f/sionna_xml/frame_118_sionna.xml,30.0,0.0,0.0,2.4,0.497,-0.841,0.995,28000000000.0,18,1.9024808395329273e-08,5.930293767164585e-08,4.0278129276316577e-08,1.5282031196051094e-09,-88.15818918102616,-58.15818918102616,cir_coefficients_tau_mask,,"[1, 1, 1, 1, 18, 1]","[1, 1, 18]","[1, 1, 18]","[1, 1, 18]",,True,,18,5.3594881865848265e-08,-31.615611672844864,0,-1.3316752589531688e-08,-26.542577508181296,0,0,1,1,1,0,1,1
119,30581,rx_ur5_base,/home/telilab4090/Documents/Gazebo World/my_world/rt_out/experiments/semantic_ablation_rigid_200f/sionna_xml/frame_119_sionna.xml,30.0,0.0,0.0,2.4,0.497,-0.841,0.995,28000000000.0,25,5.708055805797585e-09,5.930293767164585e-08,5.3594881865848265e-08,8.956288297667925e-07,-60.47871935183322,-30.47871935183322,cir_coefficients_tau_mask,,"[1, 1, 1, 1, 25, 1]","[1, 1, 25]","[1, 1, 25]","[1, 1, 25]",,True,,18,4.0278129276316577e-08,-58.15818918102616,7,1.3316752589531688e-08,27.67946982919294,1,0,0,0,0,1,1,1
120,30838,rx_ur5_base,/home/telilab4090/Documents/Gazebo World/my_world/rt_out/experiments/semantic_ablation_rigid_200f/sionna_xml/frame_120_sionna.xml,30.0,0.0,0.0,2.4,0.497,-0.841,0.995,28000000000.0,20,8.658745720424577e-09,5.930293767164585e-08,5.0644191951221273e-08,2.6935940145023096e-09,-85.69667861674729,-55.69667861674729,cir_coefficients_tau_mask,,"[1, 1, 1, 1, 20, 1]","[1, 1, 20]","[1, 1, 20]","[1, 1, 20]",,True,,25,5.3594881865848265e-08,-30.47871935183322,-5,-2.9506899146269916e-09,-25.21795926491407,1,1,1,1,1,0,1,1
121,31095,rx_ur5_base,/home/telilab4090/Documents/Gazebo World/my_world/rt_out/experiments/semantic_ablation_rigid_200f/sionna_xml/frame_121_sionna.xml,30.0,0.0,0.0,2.4,0.497,-0.841,0.995,28000000000.0,20,5.972452310487597e-09,6.370818539380707e-08,5.7735733083319474e-08,1.9046491672725097e-07,-67.20185008833192,-37.20185008833192,cir_coefficients_tau_mask,,"[1, 1, 1, 1, 20, 1]","[1, 1, 20]","[1, 1, 20]","[1, 1, 20]",,True,,20,5.0644191951221273e-08,-55.69667861674729,0,7.0915411320982e-09,18.49482852841537,0,0,0,0,0,1,1,1
122,31352,rx_ur5_base,/home/telilab4090/Documents/Gazebo World/my_world/rt_out/experiments/semantic_ablation_rigid_200f/sionna_xml/frame_122_sionna.xml,30.0,0.0,0.0,2.4,0.497,-0.841,0.995,28000000000.0,29,5.708055805797585e-09,6.370818539380707e-08,5.8000129588009486e-08,8.021050916795502e-07,-60.9576872679505,-30.957687267950497,cir_coefficients_tau_mask,,"[1, 1, 1, 1, 29, 1]","[1, 1, 29]","[1, 1, 29]","[1, 1, 29]",,True,,20,5.7735733083319474e-08,-37.20185008833192,9,2.643965046900121e-10,6.244162820381426,1,0,0,0,0,0,0,0
123,31609,rx_ur5_base,/home/telilab4090/Documents/Gazebo World/my_world/rt_out/experiments/semantic_ablation_rigid_200f/sionna_xml/frame_123_sionna.xml,30.0,0.0,0.0,2.4,0.497,-0.841,0.995,28000000000.0,25,5.708055805797585e-09,6.370818539380707e-08,5.8000129588009486e-08,8.031081506487681e-07,-60.95225966468176,-30.952259664681762,cir_coefficients_tau_mask,,"[1, 1, 1, 1, 25, 1]","[1, 1, 25]","[1, 1, 25]","[1, 1, 25]",,True,,29,5.8000129588009486e-08,-30.957687267950497,-4,0.0,0.005427603268735481,1,1,0,0,0,0,0,0
124,31866,rx_ur5_base,/home/telilab4090/Documents/Gazebo World/my_world/rt_out/experiments/semantic_ablation_rigid_200f/sionna_xml/frame_124_sionna.xml,30.0,0.0,0.0,2.4,0.497,-0.841,0.995,28000000000.0,25,5.708055805797585e-09,6.370818539380707e-08,5.8000129588009486e-08,8.032351388465031e-07,-60.95157300854768,-30.951573008547683,cir_coefficients_tau_mask,,"[1, 1, 1, 1, 25, 1]","[1, 1, 25]","[1, 1, 25]","[1, 1, 25]",,True,,25,5.8000129588009486e-08,-30.952259664681762,0,0.0,0.0006866561340785893,0,0,0,0,0,0,0,0
125,32123,rx_ur5_base,/home/telilab4090/Documents/Gazebo World/my_world/rt_out/experiments/semantic_ablation_rigid_200f/sionna_xml/frame_125_sionna.xml,30.0,0.0,0.0,2.4,0.497,-0.841,0.995,28000000000.0,18,5.963801896768928e-09,5.930293767164585e-08,5.333913577487692e-08,2.0535196654236643e-07,-66.87501133792024,-36.87501133792024,cir_coefficients_tau_mask,,"[1, 1, 1, 1, 18, 1]","[1, 1, 18]","[1, 1, 18]","[1, 1, 18]",,True,,25,5.8000129588009486e-08,-30.951573008547683,-7,-4.6609938131325634e-09,-5.9234383293725585,1,1,1,1,1,0,1,1
126,32380,rx_ur5_base,/home/telilab4090/Documents/Gazebo World/my_world/rt_out/experiments/semantic_ablation_rigid_200f/sionna_xml/frame_126_sionna.xml,30.0,0.0,0.0,2.4,0.497,-0.841,0.995,28000000000.0,16,5.9593388002099346e-09,5.930293767164585e-08,5.3343598871435915e-08,2.1459476329255267e-07,-66.68380880230724,-36.68380880230724,cir_coefficients_tau_mask,,"[1, 1, 1, 1, 16, 1]","[1, 1, 16]","[1, 1, 16]","[1, 1, 16]",,True,,18,5.333913577487692e-08,-36.87501133792024,-2,4.463096558993129e-12,0.1912025356130016,1,1,0,0,0,0,0,0
127,32637,rx_ur5_base,/home/telilab4090/Documents/Gazebo World/my_world/rt_out/experiments/semantic_ablation_rigid_200f/sionna_xml/frame_127_sionna.xml,30.0,0.0,0.0,2.4,0.497,-0.841,0.995,28000000000.0,15,2.8585452227503083e-08,5.930293767164585e-08,3.071748544414277e-08,1.4623647848210908e-09,-88.34944279721583,-58.34944279721583,cir_coefficients_tau_mask,,"[1, 1, 1, 1, 15, 1]","[1, 1, 15]","[1, 1, 15]","[1, 1, 15]",,True,,16,5.3343598871435915e-08,-36.68380880230724,-1,-2.262611342729315e-08,-21.66563399490859,1,1,1,1,1,0,1,1
128,32894,rx_ur5_base,/home/telilab4090/Documents/Gazebo World/my_world/rt_out/experiments/semantic_ablation_rigid_200f/sionna_xml/frame_128_sionna.xml,30.0,0.0,0.0,2.4,0.497,-0.841,0.995,28000000000.0,18,5.708055805797585e-09,5.930293767164585e-08,5.3594881865848265e-08,6.884363870085508e-07,-61.62136183290152,-31.62136183290152,cir_coefficients_tau_mask,,"[1, 1, 1, 1, 18, 1]","[1, 1, 18]","[1, 1, 18]","[1, 1, 18]",,True,,15,3.071748544414277e-08,-58.34944279721583,3,2.2877396421705498e-08,26.72808096431431,1,0,0,0,0,1,1,1
129,33151,rx_ur5_base,/home/telilab4090/Documents/Gazebo World/my_world/rt_out/experiments/semantic_ablation_rigid_200f/sionna_xml/frame_129_sionna.xml,30.0,0.0,0.0,2.4,0.497,-0.841,0.995,28000000000.0,18,5.708055805797585e-09,5.930293767164585e-08,5.3594881865848265e-08,6.884363870085508e-07,-61.62136183290152,-31.62136183290152,cir_coefficients_tau_mask,,"[1, 1, 1, 1, 18, 1]","[1, 1, 18]","[1, 1, 18]","[1, 1, 18]",,True,,18,5.3594881865848265e-08,-31.62136183290152,0,0.0,0.0,0,0,0,0,0,0,0,0
130,33408,rx_ur5_base,/home/telilab4090/Documents/Gazebo World/my_world/rt_out/experiments/semantic_ablation_rigid_200f/sionna_xml/frame_130_sionna.xml,30.0,0.0,0.0,2.4,0.497,-0.841,0.995,28000000000.0,18,5.708055805797585e-09,5.930293767164585e-08,5.3594881865848265e-08,6.884363870085508e-07,-61.62136183290152,-31.62136183290152,cir_coefficients_tau_mask,,"[1, 1, 1, 1, 18, 1]","[1, 1, 18]","[1, 1, 18]","[1, 1, 18]",,True,,18,5.3594881865848265e-08,-31.62136183290152,0,0.0,0.0,0,0,0,0,0,0,0,0
131,33665,rx_ur5_base,/home/telilab4090/Documents/Gazebo World/my_world/rt_out/experiments/semantic_ablation_rigid_200f/sionna_xml/frame_131_sionna.xml,30.0,0.0,0.0,2.4,0.497,-0.841,0.995,28000000000.0,19,5.708055805797585e-09,5.930293767164585e-08,5.3594881865848265e-08,6.895247111060598e-07,-61.61450165014315,-31.614501650143147,cir_coefficients_tau_mask,,"[1, 1, 1, 1, 19, 1]","[1, 1, 19]","[1, 1, 19]","[1, 1, 19]",,True,,18,5.3594881865848265e-08,-31.62136183290152,1,0.0,0.006860182758373412,1,0,0,0,0,0,0,0
132,33922,rx_ur5_base,/home/telilab4090/Documents/Gazebo World/my_world/rt_out/experiments/semantic_ablation_rigid_200f/sionna_xml/frame_132_sionna.xml,30.0,0.0,0.0,2.4,0.497,-0.841,0.995,28000000000.0,19,5.708055805797585e-09,5.930293767164585e-08,5.3594881865848265e-08,6.895247111060598e-07,-61.61450165014315,-31.614501650143147,cir_coefficients_tau_mask,,"[1, 1, 1, 1, 19, 1]","[1, 1, 19]","[1, 1, 19]","[1, 1, 19]",,True,,19,5.3594881865848265e-08,-31.614501650143147,0,0.0,0.0,0,0,0,0,0,0,0,0
133,34179,rx_ur5_base,/home/telilab4090/Documents/Gazebo World/my_world/rt_out/experiments/semantic_ablation_rigid_200f/sionna_xml/frame_133_sionna.xml,30.0,0.0,0.0,2.4,0.497,-0.841,0.995,28000000000.0,19,5.708055805797585e-09,5.930293767164585e-08,5.3594881865848265e-08,6.895247111060598e-07,-61.61450165014315,-31.614501650143147,cir_coefficients_tau_mask,,"[1, 1, 1, 1, 19, 1]","[1, 1, 19]","[1, 1, 19]","[1, 1, 19]",,True,,19,5.3594881865848265e-08,-31.614501650143147,0,0.0,0.0,0,0,0,0,0,0,0,0
134,34436,rx_ur5_base,/home/telilab4090/Documents/Gazebo World/my_world/rt_out/experiments/semantic_ablation_rigid_200f/sionna_xml/frame_134_sionna.xml,30.0,0.0,0.0,2.4,0.497,-0.841,0.995,28000000000.0,19,5.708055805797585e-09,5.930293767164585e-08,5.3594881865848265e-08,6.89524654262641e-07,-61.61450200816924,-31.61450200816924,cir_coefficients_tau_mask,,"[1, 1, 1, 1, 19, 1]","[1, 1, 19]","[1, 1, 19]","[1, 1, 19]",,True,,19,5.3594881865848265e-08,-31.614501650143147,0,0.0,-3.580260923286005e-07,0,0,0,0,0,0,0,0
135,34693,rx_ur5_base,/home/telilab4090/Documents/Gazebo World/my_world/rt_out/experiments/semantic_ablation_rigid_200f/sionna_xml/frame_135_sionna.xml,30.0,0.0,0.0,2.4,0.497,-0.841,0.995,28000000000.0,17,5.708055805797585e-09,5.930293767164585e-08,5.3594881865848265e-08,4.679516791838978e-07,-63.29798989975533,-33.29798989975533,cir_coefficients_tau_mask,,"[1, 1, 1, 1, 17, 1]","[1, 1, 17]","[1, 1, 17]","[1, 1, 17]",,True,,19,5.3594881865848265e-08,-31.61450200816924,-2,0.0,-1.6834878915860898,1,1,1,1,0,0,1,0
136,34950,rx_ur5_base,/home/telilab4090/Documents/Gazebo World/my_world/rt_out/experiments/semantic_ablation_rigid_200f/sionna_xml/frame_136_sionna.xml,30.0,0.0,0.0,2.4,0.497,-0.841,0.995,28000000000.0,22,8.658745720424577e-09,5.930293767164585e-08,5.0644191951221273e-08,3.4744012111787015e-09,-84.59120032250439,-54.59120032250439,cir_coefficients_tau_mask,,"[1, 1, 1, 1, 22, 1]","[1, 1, 22]","[1, 1, 22]","[1, 1, 22]",,True,,17,5.3594881865848265e-08,-33.29798989975533,5,-2.9506899146269916e-09,-21.293210422749063,1,0,1,1,1,0,1,1
137,35207,rx_ur5_base,/home/telilab4090/Documents/Gazebo World/my_world/rt_out/experiments/semantic_ablation_rigid_200f/sionna_xml/frame_137_sionna.xml,30.0,0.0,0.0,2.4,0.497,-0.841,0.995,28000000000.0,24,5.708055805797585e-09,5.930293767164585e-08,5.3594881865848265e-08,8.362379162463185e-07,-60.776701447941775,-30.776701447941775,cir_coefficients_tau_mask,,"[1, 1, 1, 1, 24, 1]","[1, 1, 24]","[1, 1, 24]","[1, 1, 24]",,True,,22,5.0644191951221273e-08,-54.59120032250439,2,2.9506899146269916e-09,23.814498874562616,1,0,0,0,0,1,1,1
138,35464,rx_ur5_base,/home/telilab4090/Documents/Gazebo World/my_world/rt_out/experiments/semantic_ablation_rigid_200f/sionna_xml/frame_138_sionna.xml,30.0,0.0,0.0,2.4,0.497,-0.841,0.995,28000000000.0,22,5.708055805797585e-09,6.370818539380707e-08,5.8000129588009486e-08,8.344389357262116e-07,-60.78605439508984,-30.78605439508984,cir_coefficients_tau_mask,,"[1, 1, 1, 1, 22, 1]","[1, 1, 22]","[1, 1, 22]","[1, 1, 22]",,True,,24,5.3594881865848265e-08,-30.776701447941775,-2,4.405247722161221e-09,-0.009352947148066448,1,1,0,0,0,1,1,1
139,35721,rx_ur5_base,/home/telilab4090/Documents/Gazebo World/my_world/rt_out/experiments/semantic_ablation_rigid_200f/sionna_xml/frame_139_sionna.xml,30.0,0.0,0.0,2.4,0.497,-0.841,0.995,28000000000.0,27,5.708055805797585e-09,6.370818539380707e-08,5.8000129588009486e-08,7.81449671194423e-07,-61.070989872243054,-31.070989872243054,cir_coefficients_tau_mask,,"[1, 1, 1, 1, 27, 1]","[1, 1, 27]","[1, 1, 27]","[1, 1, 27]",,True,,22,5.8000129588009486e-08,-30.78605439508984,5,0.0,-0.284935477153212,1,0,0,0,0,0,0,0
140,35978,rx_ur5_base,/home/telilab4090/Documents/Gazebo World/my_world/rt_out/experiments/semantic_ablation_rigid_200f/sionna_xml/frame_140_sionna.xml,30.0,0.0,0.0,2.4,0.497,-0.841,0.995,28000000000.0,25,5.708055805797585e-09,6.370818539380707e-08,5.8000129588009486e-08,1.0728124379966175e-06,-59.69476199994281,-29.694761999942813,cir_coefficients_tau_mask,,"[1, 1, 1, 1, 25, 1]","[1, 1, 25]","[1, 1, 25]","[1, 1, 25]",,True,,27,5.8000129588009486e-08,-31.070989872243054,-2,0.0,1.376227872300241,1,1,0,0,0,0,0,0
141,36235,rx_ur5_base,/home/telilab4090/Documents/Gazebo World/my_world/rt_out/experiments/semantic_ablation_rigid_200f/sionna_xml/frame_141_sionna.xml,30.0,0.0,0.0,2.4,0.497,-0.841,0.995,28000000000.0,29,5.708055805797585e-09,6.370818539380707e-08,5.8000129588009486e-08,7.82711140345782e-07,-61.06398484812711,-31.063984848127113,cir_coefficients_tau_mask,,"[1, 1, 1, 1, 29, 1]","[1, 1, 29]","[1, 1, 29]","[1, 1, 29]",,True,,25,5.8000129588009486e-08,-29.694761999942813,4,0.0,-1.3692228481843003,1,0,1,1,0,0,1,0
142,36492,rx_ur5_base,/home/telilab4090/Documents/Gazebo World/my_world/rt_out/experiments/semantic_ablation_rigid_200f/sionna_xml/frame_142_sionna.xml,30.0,0.0,0.0,2.4,0.497,-0.841,0.995,28000000000.0,29,5.708055805797585e-09,6.370818539380707e-08,5.8000129588009486e-08,7.829308970030979e-07,-61.06276567922408,-31.06276567922408,cir_coefficients_tau_mask,,"[1, 1, 1, 1, 29, 1]","[1, 1, 29]","[1, 1, 29]","[1, 1, 29]",,True,,29,5.8000129588009486e-08,-31.063984848127113,0,0.0,0.0012191689030345287,0,0,0,0,0,0,0,0
143,36749,rx_ur5_base,/home/telilab4090/Documents/Gazebo World/my_world/rt_out/experiments/semantic_ablation_rigid_200f/sionna_xml/frame_143_sionna.xml,30.0,0.0,0.0,2.4,0.497,-0.841,0.995,28000000000.0,30,5.708055805797585e-09,6.370818539380707e-08,5.8000129588009486e-08,1.1370789252396207e-06,-59.442093896601655,-29.442093896601655,cir_coefficients_tau_mask,,"[1, 1, 1, 1, 30, 1]","[1, 1, 30]","[1, 1, 30]","[1, 1, 30]",,True,,29,5.8000129588009486e-08,-31.06276567922408,1,0.0,1.6206717826224235,1,0,0,0,0,0,0,0
144,37006,rx_ur5_base,/home/telilab4090/Documents/Gazebo World/my_world/rt_out/experiments/semantic_ablation_rigid_200f/sionna_xml/frame_144_sionna.xml,30.0,0.0,0.0,2.4,0.497,-0.841,0.995,28000000000.0,18,5.971809269311734e-09,6.370818539380707e-08,5.7736376124495337e-08,1.913716971557733e-07,-67.18122291626929,-37.18122291626929,cir_coefficients_tau_mask,,"[1, 1, 1, 1, 18, 1]","[1, 1, 18]","[1, 1, 18]","[1, 1, 18]",,True,,30,5.8000129588009486e-08,-29.442093896601655,-12,-2.637534635141492e-10,-7.7391290196676366,1,1,1,1,1,0,1,1
145,37263,rx_ur5_base,/home/telilab4090/Documents/Gazebo World/my_world/rt_out/experiments/semantic_ablation_rigid_200f/sionna_xml/frame_145_sionna.xml,30.0,0.0,0.0,2.4,0.497,-0.841,0.995,28000000000.0,17,5.708055805797585e-09,5.930293767164585e-08,5.3594881865848265e-08,4.687409500547801e-07,-63.2906710407321,-33.2906710407321,cir_coefficients_tau_mask,,"[1, 1, 1, 1, 17, 1]","[1, 1, 17]","[1, 1, 17]","[1, 1, 17]",,True,,18,5.7736376124495337e-08,-37.18122291626929,-1,-4.1414942586470715e-09,3.8905518755371915,1,1,0,0,0,0,0,0
146,37520,rx_ur5_base,/home/telilab4090/Documents/Gazebo World/my_world/rt_out/experiments/semantic_ablation_rigid_200f/sionna_xml/frame_146_sionna.xml,30.0,0.0,0.0,2.4,0.497,-0.841,0.995,28000000000.0,18,5.708055805797585e-09,5.930293767164585e-08,5.3594881865848265e-08,6.881127774249762e-07,-61.62340377753609,-31.62340377753609,cir_coefficients_tau_mask,,"[1, 1, 1, 1, 18, 1]","[1, 1, 18]","[1, 1, 18]","[1, 1, 18]",,True,,17,5.3594881865848265e-08,-33.2906710407321,1,0.0,1.6672672631960097,1,0,0,0,0,0,0,0
147,37777,rx_ur5_base,/home/telilab4090/Documents/Gazebo World/my_world/rt_out/experiments/semantic_ablation_rigid_200f/sionna_xml/frame_147_sionna.xml,30.0,0.0,0.0,2.4,0.497,-0.841,0.995,28000000000.0,18,5.708055805797585e-09,5.930293767164585e-08,5.3594881865848265e-08,6.881127774249762e-07,-61.62340377753609,-31.62340377753609,cir_coefficients_tau_mask,,"[1, 1, 1, 1, 18, 1]","[1, 1, 18]","[1, 1, 18]","[1, 1, 18]",,True,,18,5.3594881865848265e-08,-31.62340377753609,0,0.0,0.0,0,0,0,0,0,0,0,0
148,38034,rx_ur5_base,/home/telilab4090/Documents/Gazebo World/my_world/rt_out/experiments/semantic_ablation_rigid_200f/sionna_xml/frame_148_sionna.xml,30.0,0.0,0.0,2.4,0.497,-0.841,0.995,28000000000.0,18,5.708055805797585e-09,5.930293767164585e-08,5.3594881865848265e-08,6.881127774249762e-07,-61.62340377753609,-31.62340377753609,cir_coefficients_tau_mask,,"[1, 1, 1, 1, 18, 1]","[1, 1, 18]","[1, 1, 18]","[1, 1, 18]",,True,,18,5.3594881865848265e-08,-31.62340377753609,0,0.0,0.0,0,0,0,0,0,0,0,0
149,38291,rx_ur5_base,/home/telilab4090/Documents/Gazebo World/my_world/rt_out/experiments/semantic_ablation_rigid_200f/sionna_xml/frame_149_sionna.xml,30.0,0.0,0.0,2.4,0.497,-0.841,0.995,28000000000.0,18,5.708055805797585e-09,5.930293767164585e-08,5.3594881865848265e-08,6.881127774249762e-07,-61.62340377753609,-31.62340377753609,cir_coefficients_tau_mask,,"[1, 1, 1, 1, 18, 1]","[1, 1, 18]","[1, 1, 18]","[1, 1, 18]",,True,,18,5.3594881865848265e-08,-31.62340377753609,0,0.0,0.0,0,0,0,0,0,0,0,0
150,38548,rx_ur5_base,/home/telilab4090/Documents/Gazebo World/my_world/rt_out/experiments/semantic_ablation_rigid_200f/sionna_xml/frame_150_sionna.xml,30.0,0.0,0.0,2.4,0.497,-0.841,0.995,28000000000.0,18,5.708055805797585e-09,5.930293767164585e-08,5.3594881865848265e-08,6.881128342683951e-07,-61.62340341877539,-31.62340341877539,cir_coefficients_tau_mask,,"[1, 1, 1, 1, 18, 1]","[1, 1, 18]","[1, 1, 18]","[1, 1, 18]",,True,,18,5.3594881865848265e-08,-31.62340377753609,0,0.0,3.587607011468208e-07,0,0,0,0,0,0,0,0
151,38805,rx_ur5_base,/home/telilab4090/Documents/Gazebo World/my_world/rt_out/experiments/semantic_ablation_rigid_200f/sionna_xml/frame_151_sionna.xml,30.0,0.0,0.0,2.4,0.497,-0.841,0.995,28000000000.0,18,5.708055805797585e-09,5.930293767164585e-08,5.3594881865848265e-08,6.881127774249762e-07,-61.62340377753609,-31.62340377753609,cir_coefficients_tau_mask,,"[1, 1, 1, 1, 18, 1]","[1, 1, 18]","[1, 1, 18]","[1, 1, 18]",,True,,18,5.3594881865848265e-08,-31.62340341877539,0,0.0,-3.587607011468208e-07,0,0,0,0,0,0,0,0
152,39062,rx_ur5_base,/home/telilab4090/Documents/Gazebo World/my_world/rt_out/experiments/semantic_ablation_rigid_200f/sionna_xml/frame_152_sionna.xml,30.0,0.0,0.0,2.4,0.497,-0.841,0.995,28000000000.0,18,5.708055805797585e-09,5.930293767164585e-08,5.3594881865848265e-08,6.881128342683951e-07,-61.62340341877539,-31.62340341877539,cir_coefficients_tau_mask,,"[1, 1, 1, 1, 18, 1]","[1, 1, 18]","[1, 1, 18]","[1, 1, 18]",,True,,18,5.3594881865848265e-08,-31.62340377753609,0,0.0,3.587607011468208e-07,0,0,0,0,0,0,0,0
153,39319,rx_ur5_base,/home/telilab4090/Documents/Gazebo World/my_world/rt_out/experiments/semantic_ablation_rigid_200f/sionna_xml/frame_153_sionna.xml,30.0,0.0,0.0,2.4,0.497,-0.841,0.995,28000000000.0,18,5.708055805797585e-09,5.930293767164585e-08,5.3594881865848265e-08,6.881128342683951e-07,-61.62340341877539,-31.62340341877539,cir_coefficients_tau_mask,,"[1, 1, 1, 1, 18, 1]","[1, 1, 18]","[1, 1, 18]","[1, 1, 18]",,True,,18,5.3594881865848265e-08,-31.62340341877539,0,0.0,0.0,0,0,0,0,0,0,0,0
154,39576,rx_ur5_base,/home/telilab4090/Documents/Gazebo World/my_world/rt_out/experiments/semantic_ablation_rigid_200f/sionna_xml/frame_154_sionna.xml,30.0,0.0,0.0,2.4,0.497,-0.841,0.995,28000000000.0,18,5.708055805797585e-09,5.930293767164585e-08,5.3594881865848265e-08,6.881127774249762e-07,-61.62340377753609,-31.62340377753609,cir_coefficients_tau_mask,,"[1, 1, 1, 1, 18, 1]","[1, 1, 18]","[1, 1, 18]","[1, 1, 18]",,True,,18,5.3594881865848265e-08,-31.62340341877539,0,0.0,-3.587607011468208e-07,0,0,0,0,0,0,0,0
155,39833,rx_ur5_base,/home/telilab4090/Documents/Gazebo World/my_world/rt_out/experiments/semantic_ablation_rigid_200f/sionna_xml/frame_155_sionna.xml,30.0,0.0,0.0,2.4,0.497,-0.841,0.995,28000000000.0,18,5.708055805797585e-09,5.930293767164585e-08,5.3594881865848265e-08,6.881128342683951e-07,-61.62340341877539,-31.62340341877539,cir_coefficients_tau_mask,,"[1, 1, 1, 1, 18, 1]","[1, 1, 18]","[1, 1, 18]","[1, 1, 18]",,True,,18,5.3594881865848265e-08,-31.62340377753609,0,0.0,3.587607011468208e-07,0,0,0,0,0,0,0,0
156,40090,rx_ur5_base,/home/telilab4090/Documents/Gazebo World/my_world/rt_out/experiments/semantic_ablation_rigid_200f/sionna_xml/frame_156_sionna.xml,30.0,0.0,0.0,2.4,0.497,-0.841,0.995,28000000000.0,18,5.708055805797585e-09,5.930293767164585e-08,5.3594881865848265e-08,6.881128342683951e-07,-61.62340341877539,-31.62340341877539,cir_coefficients_tau_mask,,"[1, 1, 1, 1, 18, 1]","[1, 1, 18]","[1, 1, 18]","[1, 1, 18]",,True,,18,5.3594881865848265e-08,-31.62340341877539,0,0.0,0.0,0,0,0,0,0,0,0,0
157,40347,rx_ur5_base,/home/telilab4090/Documents/Gazebo World/my_world/rt_out/experiments/semantic_ablation_rigid_200f/sionna_xml/frame_157_sionna.xml,30.0,0.0,0.0,2.4,0.497,-0.841,0.995,28000000000.0,18,5.708055805797585e-09,5.930293767164585e-08,5.3594881865848265e-08,6.881127774249762e-07,-61.62340377753609,-31.62340377753609,cir_coefficients_tau_mask,,"[1, 1, 1, 1, 18, 1]","[1, 1, 18]","[1, 1, 18]","[1, 1, 18]",,True,,18,5.3594881865848265e-08,-31.62340341877539,0,0.0,-3.587607011468208e-07,0,0,0,0,0,0,0,0
158,40604,rx_ur5_base,/home/telilab4090/Documents/Gazebo World/my_world/rt_out/experiments/semantic_ablation_rigid_200f/sionna_xml/frame_158_sionna.xml,30.0,0.0,0.0,2.4,0.497,-0.841,0.995,28000000000.0,18,5.708055805797585e-09,5.930293767164585e-08,5.3594881865848265e-08,6.881128342683951e-07,-61.62340341877539,-31.62340341877539,cir_coefficients_tau_mask,,"[1, 1, 1, 1, 18, 1]","[1, 1, 18]","[1, 1, 18]","[1, 1, 18]",,True,,18,5.3594881865848265e-08,-31.62340377753609,0,0.0,3.587607011468208e-07,0,0,0,0,0,0,0,0
159,40861,rx_ur5_base,/home/telilab4090/Documents/Gazebo World/my_world/rt_out/experiments/semantic_ablation_rigid_200f/sionna_xml/frame_159_sionna.xml,30.0,0.0,0.0,2.4,0.497,-0.841,0.995,28000000000.0,18,5.708055805797585e-09,5.930293767164585e-08,5.3594881865848265e-08,6.881128342683951e-07,-61.62340341877539,-31.62340341877539,cir_coefficients_tau_mask,,"[1, 1, 1, 1, 18, 1]","[1, 1, 18]","[1, 1, 18]","[1, 1, 18]",,True,,18,5.3594881865848265e-08,-31.62340341877539,0,0.0,0.0,0,0,0,0,0,0,0,0
160,41118,rx_ur5_base,/home/telilab4090/Documents/Gazebo World/my_world/rt_out/experiments/semantic_ablation_rigid_200f/sionna_xml/frame_160_sionna.xml,30.0,0.0,0.0,2.4,0.497,-0.841,0.995,28000000000.0,18,5.708055805797585e-09,5.930293767164585e-08,5.3594881865848265e-08,6.881128342683951e-07,-61.62340341877539,-31.62340341877539,cir_coefficients_tau_mask,,"[1, 1, 1, 1, 18, 1]","[1, 1, 18]","[1, 1, 18]","[1, 1, 18]",,True,,18,5.3594881865848265e-08,-31.62340341877539,0,0.0,0.0,0,0,0,0,0,0,0,0
161,41375,rx_ur5_base,/home/telilab4090/Documents/Gazebo World/my_world/rt_out/experiments/semantic_ablation_rigid_200f/sionna_xml/frame_161_sionna.xml,30.0,0.0,0.0,2.4,0.497,-0.841,0.995,28000000000.0,18,5.708055805797585e-09,5.930293767164585e-08,5.3594881865848265e-08,6.881128342683951e-07,-61.62340341877539,-31.62340341877539,cir_coefficients_tau_mask,,"[1, 1, 1, 1, 18, 1]","[1, 1, 18]","[1, 1, 18]","[1, 1, 18]",,True,,18,5.3594881865848265e-08,-31.62340341877539,0,0.0,0.0,0,0,0,0,0,0,0,0
162,41632,rx_ur5_base,/home/telilab4090/Documents/Gazebo World/my_world/rt_out/experiments/semantic_ablation_rigid_200f/sionna_xml/frame_162_sionna.xml,30.0,0.0,0.0,2.4,0.497,-0.841,0.995,28000000000.0,18,5.708055805797585e-09,5.930293767164585e-08,5.3594881865848265e-08,6.881128342683951e-07,-61.62340341877539,-31.62340341877539,cir_coefficients_tau_mask,,"[1, 1, 1, 1, 18, 1]","[1, 1, 18]","[1, 1, 18]","[1, 1, 18]",,True,,18,5.3594881865848265e-08,-31.62340341877539,0,0.0,0.0,0,0,0,0,0,0,0,0
163,41889,rx_ur5_base,/home/telilab4090/Documents/Gazebo World/my_world/rt_out/experiments/semantic_ablation_rigid_200f/sionna_xml/frame_163_sionna.xml,30.0,0.0,0.0,2.4,0.497,-0.841,0.995,28000000000.0,18,5.708055805797585e-09,5.930293767164585e-08,5.3594881865848265e-08,6.881127774249762e-07,-61.62340377753609,-31.62340377753609,cir_coefficients_tau_mask,,"[1, 1, 1, 1, 18, 1]","[1, 1, 18]","[1, 1, 18]","[1, 1, 18]",,True,,18,5.3594881865848265e-08,-31.62340341877539,0,0.0,-3.587607011468208e-07,0,0,0,0,0,0,0,0
164,42146,rx_ur5_base,/home/telilab4090/Documents/Gazebo World/my_world/rt_out/experiments/semantic_ablation_rigid_200f/sionna_xml/frame_164_sionna.xml,30.0,0.0,0.0,2.4,0.497,-0.841,0.995,28000000000.0,18,5.708055805797585e-09,5.930293767164585e-08,5.3594881865848265e-08,6.881127774249762e-07,-61.62340377753609,-31.62340377753609,cir_coefficients_tau_mask,,"[1, 1, 1, 1, 18, 1]","[1, 1, 18]","[1, 1, 18]","[1, 1, 18]",,True,,18,5.3594881865848265e-08,-31.62340377753609,0,0.0,0.0,0,0,0,0,0,0,0,0
165,42403,rx_ur5_base,/home/telilab4090/Documents/Gazebo World/my_world/rt_out/experiments/semantic_ablation_rigid_200f/sionna_xml/frame_165_sionna.xml,30.0,0.0,0.0,2.4,0.497,-0.841,0.995,28000000000.0,18,5.708055805797585e-09,5.930293767164585e-08,5.3594881865848265e-08,6.881127774249762e-07,-61.62340377753609,-31.62340377753609,cir_coefficients_tau_mask,,"[1, 1, 1, 1, 18, 1]","[1, 1, 18]","[1, 1, 18]","[1, 1, 18]",,True,,18,5.3594881865848265e-08,-31.62340377753609,0,0.0,0.0,0,0,0,0,0,0,0,0
166,42659,rx_ur5_base,/home/telilab4090/Documents/Gazebo World/my_world/rt_out/experiments/semantic_ablation_rigid_200f/sionna_xml/frame_166_sionna.xml,30.0,0.0,0.0,2.4,0.497,-0.841,0.995,28000000000.0,18,5.708055805797585e-09,5.930293767164585e-08,5.3594881865848265e-08,6.881128342683951e-07,-61.62340341877539,-31.62340341877539,cir_coefficients_tau_mask,,"[1, 1, 1, 1, 18, 1]","[1, 1, 18]","[1, 1, 18]","[1, 1, 18]",,True,,18,5.3594881865848265e-08,-31.62340377753609,0,0.0,3.587607011468208e-07,0,0,0,0,0,0,0,0
167,42916,rx_ur5_base,/home/telilab4090/Documents/Gazebo World/my_world/rt_out/experiments/semantic_ablation_rigid_200f/sionna_xml/frame_167_sionna.xml,30.0,0.0,0.0,2.4,0.497,-0.841,0.995,28000000000.0,18,5.708055805797585e-09,5.930293767164585e-08,5.3594881865848265e-08,6.881128342683951e-07,-61.62340341877539,-31.62340341877539,cir_coefficients_tau_mask,,"[1, 1, 1, 1, 18, 1]","[1, 1, 18]","[1, 1, 18]","[1, 1, 18]",,True,,18,5.3594881865848265e-08,-31.62340341877539,0,0.0,0.0,0,0,0,0,0,0,0,0
168,43173,rx_ur5_base,/home/telilab4090/Documents/Gazebo World/my_world/rt_out/experiments/semantic_ablation_rigid_200f/sionna_xml/frame_168_sionna.xml,30.0,0.0,0.0,2.4,0.497,-0.841,0.995,28000000000.0,18,5.708055805797585e-09,5.930293767164585e-08,5.3594881865848265e-08,6.881128342683951e-07,-61.62340341877539,-31.62340341877539,cir_coefficients_tau_mask,,"[1, 1, 1, 1, 18, 1]","[1, 1, 18]","[1, 1, 18]","[1, 1, 18]",,True,,18,5.3594881865848265e-08,-31.62340341877539,0,0.0,0.0,0,0,0,0,0,0,0,0
169,43430,rx_ur5_base,/home/telilab4090/Documents/Gazebo World/my_world/rt_out/experiments/semantic_ablation_rigid_200f/sionna_xml/frame_169_sionna.xml,30.0,0.0,0.0,2.4,0.497,-0.841,0.995,28000000000.0,18,5.708055805797585e-09,5.930293767164585e-08,5.3594881865848265e-08,6.881128342683951e-07,-61.62340341877539,-31.62340341877539,cir_coefficients_tau_mask,,"[1, 1, 1, 1, 18, 1]","[1, 1, 18]","[1, 1, 18]","[1, 1, 18]",,True,,18,5.3594881865848265e-08,-31.62340341877539,0,0.0,0.0,0,0,0,0,0,0,0,0
170,43687,rx_ur5_base,/home/telilab4090/Documents/Gazebo World/my_world/rt_out/experiments/semantic_ablation_rigid_200f/sionna_xml/frame_170_sionna.xml,30.0,0.0,0.0,2.4,0.497,-0.841,0.995,28000000000.0,18,5.708055805797585e-09,5.930293767164585e-08,5.3594881865848265e-08,6.881127774249762e-07,-61.62340377753609,-31.62340377753609,cir_coefficients_tau_mask,,"[1, 1, 1, 1, 18, 1]","[1, 1, 18]","[1, 1, 18]","[1, 1, 18]",,True,,18,5.3594881865848265e-08,-31.62340341877539,0,0.0,-3.587607011468208e-07,0,0,0,0,0,0,0,0
171,43944,rx_ur5_base,/home/telilab4090/Documents/Gazebo World/my_world/rt_out/experiments/semantic_ablation_rigid_200f/sionna_xml/frame_171_sionna.xml,30.0,0.0,0.0,2.4,0.497,-0.841,0.995,28000000000.0,18,5.708055805797585e-09,5.930293767164585e-08,5.3594881865848265e-08,6.881128342683951e-07,-61.62340341877539,-31.62340341877539,cir_coefficients_tau_mask,,"[1, 1, 1, 1, 18, 1]","[1, 1, 18]","[1, 1, 18]","[1, 1, 18]",,True,,18,5.3594881865848265e-08,-31.62340377753609,0,0.0,3.587607011468208e-07,0,0,0,0,0,0,0,0
172,44201,rx_ur5_base,/home/telilab4090/Documents/Gazebo World/my_world/rt_out/experiments/semantic_ablation_rigid_200f/sionna_xml/frame_172_sionna.xml,30.0,0.0,0.0,2.4,0.497,-0.841,0.995,28000000000.0,18,5.708055805797585e-09,5.930293767164585e-08,5.3594881865848265e-08,6.881128342683951e-07,-61.62340341877539,-31.62340341877539,cir_coefficients_tau_mask,,"[1, 1, 1, 1, 18, 1]","[1, 1, 18]","[1, 1, 18]","[1, 1, 18]",,True,,18,5.3594881865848265e-08,-31.62340341877539,0,0.0,0.0,0,0,0,0,0,0,0,0
173,44458,rx_ur5_base,/home/telilab4090/Documents/Gazebo World/my_world/rt_out/experiments/semantic_ablation_rigid_200f/sionna_xml/frame_173_sionna.xml,30.0,0.0,0.0,2.4,0.497,-0.841,0.995,28000000000.0,18,5.708055805797585e-09,5.930293767164585e-08,5.3594881865848265e-08,6.881128342683951e-07,-61.62340341877539,-31.62340341877539,cir_coefficients_tau_mask,,"[1, 1, 1, 1, 18, 1]","[1, 1, 18]","[1, 1, 18]","[1, 1, 18]",,True,,18,5.3594881865848265e-08,-31.62340341877539,0,0.0,0.0,0,0,0,0,0,0,0,0
174,44715,rx_ur5_base,/home/telilab4090/Documents/Gazebo World/my_world/rt_out/experiments/semantic_ablation_rigid_200f/sionna_xml/frame_174_sionna.xml,30.0,0.0,0.0,2.4,0.497,-0.841,0.995,28000000000.0,18,5.708055805797585e-09,5.930293767164585e-08,5.3594881865848265e-08,6.881128342683951e-07,-61.62340341877539,-31.62340341877539,cir_coefficients_tau_mask,,"[1, 1, 1, 1, 18, 1]","[1, 1, 18]","[1, 1, 18]","[1, 1, 18]",,True,,18,5.3594881865848265e-08,-31.62340341877539,0,0.0,0.0,0,0,0,0,0,0,0,0
175,44972,rx_ur5_base,/home/telilab4090/Documents/Gazebo World/my_world/rt_out/experiments/semantic_ablation_rigid_200f/sionna_xml/frame_175_sionna.xml,30.0,0.0,0.0,2.4,0.497,-0.841,0.995,28000000000.0,18,5.708055805797585e-09,5.930293767164585e-08,5.3594881865848265e-08,6.881128342683951e-07,-61.62340341877539,-31.62340341877539,cir_coefficients_tau_mask,,"[1, 1, 1, 1, 18, 1]","[1, 1, 18]","[1, 1, 18]","[1, 1, 18]",,True,,18,5.3594881865848265e-08,-31.62340341877539,0,0.0,0.0,0,0,0,0,0,0,0,0
176,45229,rx_ur5_base,/home/telilab4090/Documents/Gazebo World/my_world/rt_out/experiments/semantic_ablation_rigid_200f/sionna_xml/frame_176_sionna.xml,30.0,0.0,0.0,2.4,0.497,-0.841,0.995,28000000000.0,18,5.708055805797585e-09,5.930293767164585e-08,5.3594881865848265e-08,6.881128342683951e-07,-61.62340341877539,-31.62340341877539,cir_coefficients_tau_mask,,"[1, 1, 1, 1, 18, 1]","[1, 1, 18]","[1, 1, 18]","[1, 1, 18]",,True,,18,5.3594881865848265e-08,-31.62340341877539,0,0.0,0.0,0,0,0,0,0,0,0,0
177,45486,rx_ur5_base,/home/telilab4090/Documents/Gazebo World/my_world/rt_out/experiments/semantic_ablation_rigid_200f/sionna_xml/frame_177_sionna.xml,30.0,0.0,0.0,2.4,0.497,-0.841,0.995,28000000000.0,18,5.708055805797585e-09,5.930293767164585e-08,5.3594881865848265e-08,6.881127774249762e-07,-61.62340377753609,-31.62340377753609,cir_coefficients_tau_mask,,"[1, 1, 1, 1, 18, 1]","[1, 1, 18]","[1, 1, 18]","[1, 1, 18]",,True,,18,5.3594881865848265e-08,-31.62340341877539,0,0.0,-3.587607011468208e-07,0,0,0,0,0,0,0,0
178,45743,rx_ur5_base,/home/telilab4090/Documents/Gazebo World/my_world/rt_out/experiments/semantic_ablation_rigid_200f/sionna_xml/frame_178_sionna.xml,30.0,0.0,0.0,2.4,0.497,-0.841,0.995,28000000000.0,18,5.708055805797585e-09,5.930293767164585e-08,5.3594881865848265e-08,6.881128342683951e-07,-61.62340341877539,-31.62340341877539,cir_coefficients_tau_mask,,"[1, 1, 1, 1, 18, 1]","[1, 1, 18]","[1, 1, 18]","[1, 1, 18]",,True,,18,5.3594881865848265e-08,-31.62340377753609,0,0.0,3.587607011468208e-07,0,0,0,0,0,0,0,0
179,46000,rx_ur5_base,/home/telilab4090/Documents/Gazebo World/my_world/rt_out/experiments/semantic_ablation_rigid_200f/sionna_xml/frame_179_sionna.xml,30.0,0.0,0.0,2.4,0.497,-0.841,0.995,28000000000.0,18,5.708055805797585e-09,5.930293767164585e-08,5.3594881865848265e-08,6.881128342683951e-07,-61.62340341877539,-31.62340341877539,cir_coefficients_tau_mask,,"[1, 1, 1, 1, 18, 1]","[1, 1, 18]","[1, 1, 18]","[1, 1, 18]",,True,,18,5.3594881865848265e-08,-31.62340341877539,0,0.0,0.0,0,0,0,0,0,0,0,0
180,46257,rx_ur5_base,/home/telilab4090/Documents/Gazebo World/my_world/rt_out/experiments/semantic_ablation_rigid_200f/sionna_xml/frame_180_sionna.xml,30.0,0.0,0.0,2.4,0.497,-0.841,0.995,28000000000.0,18,5.708055805797585e-09,5.930293767164585e-08,5.3594881865848265e-08,6.881127774249762e-07,-61.62340377753609,-31.62340377753609,cir_coefficients_tau_mask,,"[1, 1, 1, 1, 18, 1]","[1, 1, 18]","[1, 1, 18]","[1, 1, 18]",,True,,18,5.3594881865848265e-08,-31.62340341877539,0,0.0,-3.587607011468208e-07,0,0,0,0,0,0,0,0
181,46514,rx_ur5_base,/home/telilab4090/Documents/Gazebo World/my_world/rt_out/experiments/semantic_ablation_rigid_200f/sionna_xml/frame_181_sionna.xml,30.0,0.0,0.0,2.4,0.497,-0.841,0.995,28000000000.0,18,5.708055805797585e-09,5.930293767164585e-08,5.3594881865848265e-08,6.881128342683951e-07,-61.62340341877539,-31.62340341877539,cir_coefficients_tau_mask,,"[1, 1, 1, 1, 18, 1]","[1, 1, 18]","[1, 1, 18]","[1, 1, 18]",,True,,18,5.3594881865848265e-08,-31.62340377753609,0,0.0,3.587607011468208e-07,0,0,0,0,0,0,0,0
182,46771,rx_ur5_base,/home/telilab4090/Documents/Gazebo World/my_world/rt_out/experiments/semantic_ablation_rigid_200f/sionna_xml/frame_182_sionna.xml,30.0,0.0,0.0,2.4,0.497,-0.841,0.995,28000000000.0,18,5.708055805797585e-09,5.930293767164585e-08,5.3594881865848265e-08,6.881128342683951e-07,-61.62340341877539,-31.62340341877539,cir_coefficients_tau_mask,,"[1, 1, 1, 1, 18, 1]","[1, 1, 18]","[1, 1, 18]","[1, 1, 18]",,True,,18,5.3594881865848265e-08,-31.62340341877539,0,0.0,0.0,0,0,0,0,0,0,0,0
183,47028,rx_ur5_base,/home/telilab4090/Documents/Gazebo World/my_world/rt_out/experiments/semantic_ablation_rigid_200f/sionna_xml/frame_183_sionna.xml,30.0,0.0,0.0,2.4,0.497,-0.841,0.995,28000000000.0,18,5.708055805797585e-09,5.930293767164585e-08,5.3594881865848265e-08,6.881128342683951e-07,-61.62340341877539,-31.62340341877539,cir_coefficients_tau_mask,,"[1, 1, 1, 1, 18, 1]","[1, 1, 18]","[1, 1, 18]","[1, 1, 18]",,True,,18,5.3594881865848265e-08,-31.62340341877539,0,0.0,0.0,0,0,0,0,0,0,0,0
184,47285,rx_ur5_base,/home/telilab4090/Documents/Gazebo World/my_world/rt_out/experiments/semantic_ablation_rigid_200f/sionna_xml/frame_184_sionna.xml,30.0,0.0,0.0,2.4,0.497,-0.841,0.995,28000000000.0,18,5.708055805797585e-09,5.930293767164585e-08,5.3594881865848265e-08,6.881128342683951e-07,-61.62340341877539,-31.62340341877539,cir_coefficients_tau_mask,,"[1, 1, 1, 1, 18, 1]","[1, 1, 18]","[1, 1, 18]","[1, 1, 18]",,True,,18,5.3594881865848265e-08,-31.62340341877539,0,0.0,0.0,0,0,0,0,0,0,0,0
185,47542,rx_ur5_base,/home/telilab4090/Documents/Gazebo World/my_world/rt_out/experiments/semantic_ablation_rigid_200f/sionna_xml/frame_185_sionna.xml,30.0,0.0,0.0,2.4,0.497,-0.841,0.995,28000000000.0,18,5.708055805797585e-09,5.930293767164585e-08,5.3594881865848265e-08,6.881128342683951e-07,-61.62340341877539,-31.62340341877539,cir_coefficients_tau_mask,,"[1, 1, 1, 1, 18, 1]","[1, 1, 18]","[1, 1, 18]","[1, 1, 18]",,True,,18,5.3594881865848265e-08,-31.62340341877539,0,0.0,0.0,0,0,0,0,0,0,0,0
186,47799,rx_ur5_base,/home/telilab4090/Documents/Gazebo World/my_world/rt_out/experiments/semantic_ablation_rigid_200f/sionna_xml/frame_186_sionna.xml,30.0,0.0,0.0,2.4,0.497,-0.841,0.995,28000000000.0,18,5.708055805797585e-09,5.930293767164585e-08,5.3594881865848265e-08,6.881128342683951e-07,-61.62340341877539,-31.62340341877539,cir_coefficients_tau_mask,,"[1, 1, 1, 1, 18, 1]","[1, 1, 18]","[1, 1, 18]","[1, 1, 18]",,True,,18,5.3594881865848265e-08,-31.62340341877539,0,0.0,0.0,0,0,0,0,0,0,0,0
187,48056,rx_ur5_base,/home/telilab4090/Documents/Gazebo World/my_world/rt_out/experiments/semantic_ablation_rigid_200f/sionna_xml/frame_187_sionna.xml,30.0,0.0,0.0,2.4,0.497,-0.841,0.995,28000000000.0,18,5.708055805797585e-09,5.930293767164585e-08,5.3594881865848265e-08,6.881128342683951e-07,-61.62340341877539,-31.62340341877539,cir_coefficients_tau_mask,,"[1, 1, 1, 1, 18, 1]","[1, 1, 18]","[1, 1, 18]","[1, 1, 18]",,True,,18,5.3594881865848265e-08,-31.62340341877539,0,0.0,0.0,0,0,0,0,0,0,0,0
188,48313,rx_ur5_base,/home/telilab4090/Documents/Gazebo World/my_world/rt_out/experiments/semantic_ablation_rigid_200f/sionna_xml/frame_188_sionna.xml,30.0,0.0,0.0,2.4,0.497,-0.841,0.995,28000000000.0,18,5.708055805797585e-09,5.930293767164585e-08,5.3594881865848265e-08,6.881128342683951e-07,-61.62340341877539,-31.62340341877539,cir_coefficients_tau_mask,,"[1, 1, 1, 1, 18, 1]","[1, 1, 18]","[1, 1, 18]","[1, 1, 18]",,True,,18,5.3594881865848265e-08,-31.62340341877539,0,0.0,0.0,0,0,0,0,0,0,0,0
189,48570,rx_ur5_base,/home/telilab4090/Documents/Gazebo World/my_world/rt_out/experiments/semantic_ablation_rigid_200f/sionna_xml/frame_189_sionna.xml,30.0,0.0,0.0,2.4,0.497,-0.841,0.995,28000000000.0,18,5.708055805797585e-09,5.930293767164585e-08,5.3594881865848265e-08,6.881127774249762e-07,-61.62340377753609,-31.62340377753609,cir_coefficients_tau_mask,,"[1, 1, 1, 1, 18, 1]","[1, 1, 18]","[1, 1, 18]","[1, 1, 18]",,True,,18,5.3594881865848265e-08,-31.62340341877539,0,0.0,-3.587607011468208e-07,0,0,0,0,0,0,0,0
190,48827,rx_ur5_base,/home/telilab4090/Documents/Gazebo World/my_world/rt_out/experiments/semantic_ablation_rigid_200f/sionna_xml/frame_190_sionna.xml,30.0,0.0,0.0,2.4,0.497,-0.841,0.995,28000000000.0,18,5.708055805797585e-09,5.930293767164585e-08,5.3594881865848265e-08,6.881128342683951e-07,-61.62340341877539,-31.62340341877539,cir_coefficients_tau_mask,,"[1, 1, 1, 1, 18, 1]","[1, 1, 18]","[1, 1, 18]","[1, 1, 18]",,True,,18,5.3594881865848265e-08,-31.62340377753609,0,0.0,3.587607011468208e-07,0,0,0,0,0,0,0,0
191,49084,rx_ur5_base,/home/telilab4090/Documents/Gazebo World/my_world/rt_out/experiments/semantic_ablation_rigid_200f/sionna_xml/frame_191_sionna.xml,30.0,0.0,0.0,2.4,0.497,-0.841,0.995,28000000000.0,18,5.708055805797585e-09,5.930293767164585e-08,5.3594881865848265e-08,6.881127774249762e-07,-61.62340377753609,-31.62340377753609,cir_coefficients_tau_mask,,"[1, 1, 1, 1, 18, 1]","[1, 1, 18]","[1, 1, 18]","[1, 1, 18]",,True,,18,5.3594881865848265e-08,-31.62340341877539,0,0.0,-3.587607011468208e-07,0,0,0,0,0,0,0,0
192,49341,rx_ur5_base,/home/telilab4090/Documents/Gazebo World/my_world/rt_out/experiments/semantic_ablation_rigid_200f/sionna_xml/frame_192_sionna.xml,30.0,0.0,0.0,2.4,0.497,-0.841,0.995,28000000000.0,18,5.708055805797585e-09,5.930293767164585e-08,5.3594881865848265e-08,6.881128342683951e-07,-61.62340341877539,-31.62340341877539,cir_coefficients_tau_mask,,"[1, 1, 1, 1, 18, 1]","[1, 1, 18]","[1, 1, 18]","[1, 1, 18]",,True,,18,5.3594881865848265e-08,-31.62340377753609,0,0.0,3.587607011468208e-07,0,0,0,0,0,0,0,0
193,49598,rx_ur5_base,/home/telilab4090/Documents/Gazebo World/my_world/rt_out/experiments/semantic_ablation_rigid_200f/sionna_xml/frame_193_sionna.xml,30.0,0.0,0.0,2.4,0.497,-0.841,0.995,28000000000.0,18,5.708055805797585e-09,5.930293767164585e-08,5.3594881865848265e-08,6.881128342683951e-07,-61.62340341877539,-31.62340341877539,cir_coefficients_tau_mask,,"[1, 1, 1, 1, 18, 1]","[1, 1, 18]","[1, 1, 18]","[1, 1, 18]",,True,,18,5.3594881865848265e-08,-31.62340341877539,0,0.0,0.0,0,0,0,0,0,0,0,0
194,49855,rx_ur5_base,/home/telilab4090/Documents/Gazebo World/my_world/rt_out/experiments/semantic_ablation_rigid_200f/sionna_xml/frame_194_sionna.xml,30.0,0.0,0.0,2.4,0.497,-0.841,0.995,28000000000.0,18,5.708055805797585e-09,5.930293767164585e-08,5.3594881865848265e-08,6.881127774249762e-07,-61.62340377753609,-31.62340377753609,cir_coefficients_tau_mask,,"[1, 1, 1, 1, 18, 1]","[1, 1, 18]","[1, 1, 18]","[1, 1, 18]",,True,,18,5.3594881865848265e-08,-31.62340341877539,0,0.0,-3.587607011468208e-07,0,0,0,0,0,0,0,0
195,50112,rx_ur5_base,/home/telilab4090/Documents/Gazebo World/my_world/rt_out/experiments/semantic_ablation_rigid_200f/sionna_xml/frame_195_sionna.xml,30.0,0.0,0.0,2.4,0.497,-0.841,0.995,28000000000.0,18,5.708055805797585e-09,5.930293767164585e-08,5.3594881865848265e-08,6.881128342683951e-07,-61.62340341877539,-31.62340341877539,cir_coefficients_tau_mask,,"[1, 1, 1, 1, 18, 1]","[1, 1, 18]","[1, 1, 18]","[1, 1, 18]",,True,,18,5.3594881865848265e-08,-31.62340377753609,0,0.0,3.587607011468208e-07,0,0,0,0,0,0,0,0
196,50369,rx_ur5_base,/home/telilab4090/Documents/Gazebo World/my_world/rt_out/experiments/semantic_ablation_rigid_200f/sionna_xml/frame_196_sionna.xml,30.0,0.0,0.0,2.4,0.497,-0.841,0.995,28000000000.0,18,5.708055805797585e-09,5.930293767164585e-08,5.3594881865848265e-08,6.881128342683951e-07,-61.62340341877539,-31.62340341877539,cir_coefficients_tau_mask,,"[1, 1, 1, 1, 18, 1]","[1, 1, 18]","[1, 1, 18]","[1, 1, 18]",,True,,18,5.3594881865848265e-08,-31.62340341877539,0,0.0,0.0,0,0,0,0,0,0,0,0
197,50626,rx_ur5_base,/home/telilab4090/Documents/Gazebo World/my_world/rt_out/experiments/semantic_ablation_rigid_200f/sionna_xml/frame_197_sionna.xml,30.0,0.0,0.0,2.4,0.497,-0.841,0.995,28000000000.0,18,5.708055805797585e-09,5.930293767164585e-08,5.3594881865848265e-08,6.881128342683951e-07,-61.62340341877539,-31.62340341877539,cir_coefficients_tau_mask,,"[1, 1, 1, 1, 18, 1]","[1, 1, 18]","[1, 1, 18]","[1, 1, 18]",,True,,18,5.3594881865848265e-08,-31.62340341877539,0,0.0,0.0,0,0,0,0,0,0,0,0
198,50883,rx_ur5_base,/home/telilab4090/Documents/Gazebo World/my_world/rt_out/experiments/semantic_ablation_rigid_200f/sionna_xml/frame_198_sionna.xml,30.0,0.0,0.0,2.4,0.497,-0.841,0.995,28000000000.0,18,5.708055805797585e-09,5.930293767164585e-08,5.3594881865848265e-08,6.881128342683951e-07,-61.62340341877539,-31.62340341877539,cir_coefficients_tau_mask,,"[1, 1, 1, 1, 18, 1]","[1, 1, 18]","[1, 1, 18]","[1, 1, 18]",,True,,18,5.3594881865848265e-08,-31.62340341877539,0,0.0,0.0,0,0,0,0,0,0,0,0
199,51140,rx_ur5_base,/home/telilab4090/Documents/Gazebo World/my_world/rt_out/experiments/semantic_ablation_rigid_200f/sionna_xml/frame_199_sionna.xml,30.0,0.0,0.0,2.4,0.497,-0.841,0.995,28000000000.0,18,5.708055805797585e-09,5.930293767164585e-08,5.3594881865848265e-08,6.881128342683951e-07,-61.62340341877539,-31.62340341877539,cir_coefficients_tau_mask,,"[1, 1, 1, 1, 18, 1]","[1, 1, 18]","[1, 1, 18]","[1, 1, 18]",,True,,18,5.3594881865848265e-08,-31.62340341877539,0,0.0,0.0,0,0,0,0,0,0,0,0
1,257,rx_x500_body,/home/telilab4090/Documents/Gazebo World/my_world/rt_out/experiments/semantic_ablation_rigid_200f/sionna_xml/frame_001_sionna.xml,30.0,0.0,0.0,2.4,-3.9279,3.2024,1.3944,28000000000.0,23,1.7234324189985273e-08,7.465505547088469e-08,5.742073128089942e-08,3.372388945876992e-08,-74.72062342912375,-44.72062342912375,cir_coefficients_tau_mask,,"[1, 1, 1, 1, 23, 1]","[1, 1, 23]","[1, 1, 23]","[1, 1, 23]",,True,,23,5.742073128089942e-08,-44.72062342912375,0,0.0,0.0,0,0,0,0,0,0,0,0
2,514,rx_x500_body,/home/telilab4090/Documents/Gazebo World/my_world/rt_out/experiments/semantic_ablation_rigid_200f/sionna_xml/frame_002_sionna.xml,30.0,0.0,0.0,2.4,-3.9279,3.2024,1.3944,28000000000.0,23,1.7234324189985273e-08,7.465505547088469e-08,5.742073128089942e-08,3.372388945876992e-08,-74.72062342912375,-44.72062342912375,cir_coefficients_tau_mask,,"[1, 1, 1, 1, 23, 1]","[1, 1, 23]","[1, 1, 23]","[1, 1, 23]",,True,,23,5.742073128089942e-08,-44.72062342912375,0,0.0,0.0,0,0,0,0,0,0,0,0
3,771,rx_x500_body,/home/telilab4090/Documents/Gazebo World/my_world/rt_out/experiments/semantic_ablation_rigid_200f/sionna_xml/frame_003_sionna.xml,30.0,0.0,0.0,2.4,-3.9279,3.2024,1.3944,28000000000.0,23,1.7234324189985273e-08,7.465505547088469e-08,5.742073128089942e-08,3.3723893011483597e-08,-74.72062297160716,-44.720622971607156,cir_coefficients_tau_mask,,"[1, 1, 1, 1, 23, 1]","[1, 1, 23]","[1, 1, 23]","[1, 1, 23]",,True,,23,5.742073128089942e-08,-44.72062342912375,0,0.0,4.575165917231061e-07,0,0,0,0,0,0,0,0
4,1028,rx_x500_body,/home/telilab4090/Documents/Gazebo World/my_world/rt_out/experiments/semantic_ablation_rigid_200f/sionna_xml/frame_004_sionna.xml,30.0,0.0,0.0,2.4,-3.9279,3.2024,1.3944,28000000000.0,23,1.7234324189985273e-08,7.465505547088469e-08,5.742073128089942e-08,3.372388590605624e-08,-74.72062388664037,-44.72062388664037,cir_coefficients_tau_mask,,"[1, 1, 1, 1, 23, 1]","[1, 1, 23]","[1, 1, 23]","[1, 1, 23]",,True,,23,5.742073128089942e-08,-44.720622971607156,0,0.0,-9.150332118679216e-07,0,0,0,0,0,0,0,0
5,1285,rx_x500_body,/home/telilab4090/Documents/Gazebo World/my_world/rt_out/experiments/semantic_ablation_rigid_200f/sionna_xml/frame_005_sionna.xml,30.0,0.0,0.0,2.4,-3.9279,3.2024,1.3944,28000000000.0,23,1.7234324189985273e-08,7.465505547088469e-08,5.742073128089942e-08,3.372388235334256e-08,-74.72062434415706,-44.72062434415706,cir_coefficients_tau_mask,,"[1, 1, 1, 1, 23, 1]","[1, 1, 23]","[1, 1, 23]","[1, 1, 23]",,True,,23,5.742073128089942e-08,-44.72062388664037,0,0.0,-4.575166911990891e-07,0,0,0,0,0,0,0,0
6,1542,rx_x500_body,/home/telilab4090/Documents/Gazebo World/my_world/rt_out/experiments/semantic_ablation_rigid_200f/sionna_xml/frame_006_sionna.xml,30.0,0.0,0.0,2.4,-3.9279,3.2024,1.3944,28000000000.0,23,1.7234324189985273e-08,7.465505547088469e-08,5.742073128089942e-08,3.372388235334256e-08,-74.72062434415706,-44.72062434415706,cir_coefficients_tau_mask,,"[1, 1, 1, 1, 23, 1]","[1, 1, 23]","[1, 1, 23]","[1, 1, 23]",,True,,23,5.742073128089942e-08,-44.72062434415706,0,0.0,0.0,0,0,0,0,0,0,0,0
7,1799,rx_x500_body,/home/telilab4090/Documents/Gazebo World/my_world/rt_out/experiments/semantic_ablation_rigid_200f/sionna_xml/frame_007_sionna.xml,30.0,0.0,0.0,2.4,-3.9279,3.2024,1.3944,28000000000.0,23,1.7234324189985273e-08,7.465505547088469e-08,5.742073128089942e-08,3.372388945876992e-08,-74.72062342912375,-44.72062342912375,cir_coefficients_tau_mask,,"[1, 1, 1, 1, 23, 1]","[1, 1, 23]","[1, 1, 23]","[1, 1, 23]",,True,,23,5.742073128089942e-08,-44.72062434415706,0,0.0,9.150333113439046e-07,0,0,0,0,0,0,0,0
8,2056,rx_x500_body,/home/telilab4090/Documents/Gazebo World/my_world/rt_out/experiments/semantic_ablation_rigid_200f/sionna_xml/frame_008_sionna.xml,30.0,0.0,0.0,2.4,-3.9279,3.2024,1.3944,28000000000.0,23,1.7234324189985273e-08,7.465505547088469e-08,5.742073128089942e-08,3.372388945876992e-08,-74.72062342912375,-44.72062342912375,cir_coefficients_tau_mask,,"[1, 1, 1, 1, 23, 1]","[1, 1, 23]","[1, 1, 23]","[1, 1, 23]",,True,,23,5.742073128089942e-08,-44.72062342912375,0,0.0,0.0,0,0,0,0,0,0,0,0
9,2313,rx_x500_body,/home/telilab4090/Documents/Gazebo World/my_world/rt_out/experiments/semantic_ablation_rigid_200f/sionna_xml/frame_009_sionna.xml,30.0,0.0,0.0,2.4,-3.9279,3.2024,1.3944,28000000000.0,23,1.7234324189985273e-08,7.465505547088469e-08,5.742073128089942e-08,3.372388945876992e-08,-74.72062342912375,-44.72062342912375,cir_coefficients_tau_mask,,"[1, 1, 1, 1, 23, 1]","[1, 1, 23]","[1, 1, 23]","[1, 1, 23]",,True,,23,5.742073128089942e-08,-44.72062342912375,0,0.0,0.0,0,0,0,0,0,0,0,0
10,2570,rx_x500_body,/home/telilab4090/Documents/Gazebo World/my_world/rt_out/experiments/semantic_ablation_rigid_200f/sionna_xml/frame_010_sionna.xml,30.0,0.0,0.0,2.4,-3.9279,3.2024,1.3944,28000000000.0,23,1.7234324189985273e-08,7.465505547088469e-08,5.742073128089942e-08,3.372388945876992e-08,-74.72062342912375,-44.72062342912375,cir_coefficients_tau_mask,,"[1, 1, 1, 1, 23, 1]","[1, 1, 23]","[1, 1, 23]","[1, 1, 23]",,True,,23,5.742073128089942e-08,-44.72062342912375,0,0.0,0.0,0,0,0,0,0,0,0,0
11,2827,rx_x500_body,/home/telilab4090/Documents/Gazebo World/my_world/rt_out/experiments/semantic_ablation_rigid_200f/sionna_xml/frame_011_sionna.xml,30.0,0.0,0.0,2.4,-3.9279,3.2024,1.3944,28000000000.0,23,1.7234324189985273e-08,7.465505547088469e-08,5.742073128089942e-08,3.372388945876992e-08,-74.72062342912375,-44.72062342912375,cir_coefficients_tau_mask,,"[1, 1, 1, 1, 23, 1]","[1, 1, 23]","[1, 1, 23]","[1, 1, 23]",,True,,23,5.742073128089942e-08,-44.72062342912375,0,0.0,0.0,0,0,0,0,0,0,0,0
12,3084,rx_x500_body,/home/telilab4090/Documents/Gazebo World/my_world/rt_out/experiments/semantic_ablation_rigid_200f/sionna_xml/frame_012_sionna.xml,30.0,0.0,0.0,2.4,-3.9279,3.2024,1.3944,28000000000.0,23,1.7234324189985273e-08,7.465505547088469e-08,5.742073128089942e-08,3.372388945876992e-08,-74.72062342912375,-44.72062342912375,cir_coefficients_tau_mask,,"[1, 1, 1, 1, 23, 1]","[1, 1, 23]","[1, 1, 23]","[1, 1, 23]",,True,,23,5.742073128089942e-08,-44.72062342912375,0,0.0,0.0,0,0,0,0,0,0,0,0
13,3341,rx_x500_body,/home/telilab4090/Documents/Gazebo World/my_world/rt_out/experiments/semantic_ablation_rigid_200f/sionna_xml/frame_013_sionna.xml,30.0,0.0,0.0,2.4,-3.9279,3.2024,1.3944,28000000000.0,23,1.7234324189985273e-08,7.465505547088469e-08,5.742073128089942e-08,3.3723893011483597e-08,-74.72062297160716,-44.720622971607156,cir_coefficients_tau_mask,,"[1, 1, 1, 1, 23, 1]","[1, 1, 23]","[1, 1, 23]","[1, 1, 23]",,True,,23,5.742073128089942e-08,-44.72062342912375,0,0.0,4.575165917231061e-07,0,0,0,0,0,0,0,0
14,3598,rx_x500_body,/home/telilab4090/Documents/Gazebo World/my_world/rt_out/experiments/semantic_ablation_rigid_200f/sionna_xml/frame_014_sionna.xml,30.0,0.0,0.0,2.4,-3.9279,3.2024,1.3944,28000000000.0,23,1.7234324189985273e-08,7.465505547088469e-08,5.742073128089942e-08,3.372388590605624e-08,-74.72062388664037,-44.72062388664037,cir_coefficients_tau_mask,,"[1, 1, 1, 1, 23, 1]","[1, 1, 23]","[1, 1, 23]","[1, 1, 23]",,True,,23,5.742073128089942e-08,-44.720622971607156,0,0.0,-9.150332118679216e-07,0,0,0,0,0,0,0,0
15,3855,rx_x500_body,/home/telilab4090/Documents/Gazebo World/my_world/rt_out/experiments/semantic_ablation_rigid_200f/sionna_xml/frame_015_sionna.xml,30.0,0.0,0.0,2.4,-3.9279,3.2024,1.3944,28000000000.0,23,1.7234324189985273e-08,7.465505547088469e-08,5.742073128089942e-08,3.3723893011483597e-08,-74.72062297160716,-44.720622971607156,cir_coefficients_tau_mask,,"[1, 1, 1, 1, 23, 1]","[1, 1, 23]","[1, 1, 23]","[1, 1, 23]",,True,,23,5.742073128089942e-08,-44.72062388664037,0,0.0,9.150332118679216e-07,0,0,0,0,0,0,0,0
16,4112,rx_x500_body,/home/telilab4090/Documents/Gazebo World/my_world/rt_out/experiments/semantic_ablation_rigid_200f/sionna_xml/frame_016_sionna.xml,30.0,0.0,0.0,2.4,-3.9279,3.2024,1.3944,28000000000.0,23,1.7234324189985273e-08,7.465505547088469e-08,5.742073128089942e-08,3.3723893011483597e-08,-74.72062297160716,-44.720622971607156,cir_coefficients_tau_mask,,"[1, 1, 1, 1, 23, 1]","[1, 1, 23]","[1, 1, 23]","[1, 1, 23]",,True,,23,5.742073128089942e-08,-44.720622971607156,0,0.0,0.0,0,0,0,0,0,0,0,0
17,4369,rx_x500_body,/home/telilab4090/Documents/Gazebo World/my_world/rt_out/experiments/semantic_ablation_rigid_200f/sionna_xml/frame_017_sionna.xml,30.0,0.0,0.0,2.4,-3.9279,3.2024,1.3944,28000000000.0,23,1.7234324189985273e-08,7.465505547088469e-08,5.742073128089942e-08,3.3723893011483597e-08,-74.72062297160716,-44.720622971607156,cir_coefficients_tau_mask,,"[1, 1, 1, 1, 23, 1]","[1, 1, 23]","[1, 1, 23]","[1, 1, 23]",,True,,23,5.742073128089942e-08,-44.720622971607156,0,0.0,0.0,0,0,0,0,0,0,0,0
18,4626,rx_x500_body,/home/telilab4090/Documents/Gazebo World/my_world/rt_out/experiments/semantic_ablation_rigid_200f/sionna_xml/frame_018_sionna.xml,30.0,0.0,0.0,2.4,-3.9279,3.2024,1.3944,28000000000.0,23,1.7234324189985273e-08,7.465505547088469e-08,5.742073128089942e-08,3.372388945876992e-08,-74.72062342912375,-44.72062342912375,cir_coefficients_tau_mask,,"[1, 1, 1, 1, 23, 1]","[1, 1, 23]","[1, 1, 23]","[1, 1, 23]",,True,,23,5.742073128089942e-08,-44.720622971607156,0,0.0,-4.575165917231061e-07,0,0,0,0,0,0,0,0
19,4883,rx_x500_body,/home/telilab4090/Documents/Gazebo World/my_world/rt_out/experiments/semantic_ablation_rigid_200f/sionna_xml/frame_019_sionna.xml,30.0,0.0,0.0,2.4,-3.9279,3.2024,1.3944,28000000000.0,23,1.7234324189985273e-08,7.465505547088469e-08,5.742073128089942e-08,3.372388945876992e-08,-74.72062342912375,-44.72062342912375,cir_coefficients_tau_mask,,"[1, 1, 1, 1, 23, 1]","[1, 1, 23]","[1, 1, 23]","[1, 1, 23]",,True,,23,5.742073128089942e-08,-44.72062342912375,0,0.0,0.0,0,0,0,0,0,0,0,0
20,5140,rx_x500_body,/home/telilab4090/Documents/Gazebo World/my_world/rt_out/experiments/semantic_ablation_rigid_200f/sionna_xml/frame_020_sionna.xml,30.0,0.0,0.0,2.4,-3.9279,3.2024,1.3944,28000000000.0,23,1.7234324189985273e-08,7.465505547088469e-08,5.742073128089942e-08,3.372388945876992e-08,-74.72062342912375,-44.72062342912375,cir_coefficients_tau_mask,,"[1, 1, 1, 1, 23, 1]","[1, 1, 23]","[1, 1, 23]","[1, 1, 23]",,True,,23,5.742073128089942e-08,-44.72062342912375,0,0.0,0.0,0,0,0,0,0,0,0,0
21,5397,rx_x500_body,/home/telilab4090/Documents/Gazebo World/my_world/rt_out/experiments/semantic_ablation_rigid_200f/sionna_xml/frame_021_sionna.xml,30.0,0.0,0.0,2.4,-3.9279,3.2024,1.3944,28000000000.0,23,1.7234324189985273e-08,7.465505547088469e-08,5.742073128089942e-08,3.372388945876992e-08,-74.72062342912375,-44.72062342912375,cir_coefficients_tau_mask,,"[1, 1, 1, 1, 23, 1]","[1, 1, 23]","[1, 1, 23]","[1, 1, 23]",,True,,23,5.742073128089942e-08,-44.72062342912375,0,0.0,0.0,0,0,0,0,0,0,0,0
22,5654,rx_x500_body,/home/telilab4090/Documents/Gazebo World/my_world/rt_out/experiments/semantic_ablation_rigid_200f/sionna_xml/frame_022_sionna.xml,30.0,0.0,0.0,2.4,-3.9279,3.2024,1.3944,28000000000.0,23,1.7234324189985273e-08,7.465505547088469e-08,5.742073128089942e-08,3.3723893011483597e-08,-74.72062297160716,-44.720622971607156,cir_coefficients_tau_mask,,"[1, 1, 1, 1, 23, 1]","[1, 1, 23]","[1, 1, 23]","[1, 1, 23]",,True,,23,5.742073128089942e-08,-44.72062342912375,0,0.0,4.575165917231061e-07,0,0,0,0,0,0,0,0
23,5911,rx_x500_body,/home/telilab4090/Documents/Gazebo World/my_world/rt_out/experiments/semantic_ablation_rigid_200f/sionna_xml/frame_023_sionna.xml,30.0,0.0,0.0,2.4,-3.9279,3.2024,1.3944,28000000000.0,23,1.7234324189985273e-08,7.465505547088469e-08,5.742073128089942e-08,3.3723893011483597e-08,-74.72062297160716,-44.720622971607156,cir_coefficients_tau_mask,,"[1, 1, 1, 1, 23, 1]","[1, 1, 23]","[1, 1, 23]","[1, 1, 23]",,True,,23,5.742073128089942e-08,-44.720622971607156,0,0.0,0.0,0,0,0,0,0,0,0,0
24,6168,rx_x500_body,/home/telilab4090/Documents/Gazebo World/my_world/rt_out/experiments/semantic_ablation_rigid_200f/sionna_xml/frame_024_sionna.xml,30.0,0.0,0.0,2.4,-3.9279,3.2024,1.3944,28000000000.0,23,1.7234324189985273e-08,7.465505547088469e-08,5.742073128089942e-08,3.372388590605624e-08,-74.72062388664037,-44.72062388664037,cir_coefficients_tau_mask,,"[1, 1, 1, 1, 23, 1]","[1, 1, 23]","[1, 1, 23]","[1, 1, 23]",,True,,23,5.742073128089942e-08,-44.720622971607156,0,0.0,-9.150332118679216e-07,0,0,0,0,0,0,0,0
25,6425,rx_x500_body,/home/telilab4090/Documents/Gazebo World/my_world/rt_out/experiments/semantic_ablation_rigid_200f/sionna_xml/frame_025_sionna.xml,30.0,0.0,0.0,2.4,-3.9279,3.2024,1.3944,28000000000.0,23,1.7234324189985273e-08,7.465505547088469e-08,5.742073128089942e-08,3.372388590605624e-08,-74.72062388664037,-44.72062388664037,cir_coefficients_tau_mask,,"[1, 1, 1, 1, 23, 1]","[1, 1, 23]","[1, 1, 23]","[1, 1, 23]",,True,,23,5.742073128089942e-08,-44.72062388664037,0,0.0,0.0,0,0,0,0,0,0,0,0
26,6682,rx_x500_body,/home/telilab4090/Documents/Gazebo World/my_world/rt_out/experiments/semantic_ablation_rigid_200f/sionna_xml/frame_026_sionna.xml,30.0,0.0,0.0,2.4,-3.9279,3.2024,1.3944,28000000000.0,23,1.7234324189985273e-08,7.465505547088469e-08,5.742073128089942e-08,3.372388590605624e-08,-74.72062388664037,-44.72062388664037,cir_coefficients_tau_mask,,"[1, 1, 1, 1, 23, 1]","[1, 1, 23]","[1, 1, 23]","[1, 1, 23]",,True,,23,5.742073128089942e-08,-44.72062388664037,0,0.0,0.0,0,0,0,0,0,0,0,0
27,6939,rx_x500_body,/home/telilab4090/Documents/Gazebo World/my_world/rt_out/experiments/semantic_ablation_rigid_200f/sionna_xml/frame_027_sionna.xml,30.0,0.0,0.0,2.4,-3.9279,3.2024,1.3944,28000000000.0,23,1.7234324189985273e-08,7.465505547088469e-08,5.742073128089942e-08,3.3723893011483597e-08,-74.72062297160716,-44.720622971607156,cir_coefficients_tau_mask,,"[1, 1, 1, 1, 23, 1]","[1, 1, 23]","[1, 1, 23]","[1, 1, 23]",,True,,23,5.742073128089942e-08,-44.72062388664037,0,0.0,9.150332118679216e-07,0,0,0,0,0,0,0,0
28,7196,rx_x500_body,/home/telilab4090/Documents/Gazebo World/my_world/rt_out/experiments/semantic_ablation_rigid_200f/sionna_xml/frame_028_sionna.xml,30.0,0.0,0.0,2.4,-3.9279,3.2024,1.3944,28000000000.0,23,1.7234324189985273e-08,7.465505547088469e-08,5.742073128089942e-08,3.3723893011483597e-08,-74.72062297160716,-44.720622971607156,cir_coefficients_tau_mask,,"[1, 1, 1, 1, 23, 1]","[1, 1, 23]","[1, 1, 23]","[1, 1, 23]",,True,,23,5.742073128089942e-08,-44.720622971607156,0,0.0,0.0,0,0,0,0,0,0,0,0
29,7453,rx_x500_body,/home/telilab4090/Documents/Gazebo World/my_world/rt_out/experiments/semantic_ablation_rigid_200f/sionna_xml/frame_029_sionna.xml,30.0,0.0,0.0,2.4,-3.9279,3.2024,1.3944,28000000000.0,23,1.7234324189985273e-08,7.465505547088469e-08,5.742073128089942e-08,3.372388945876992e-08,-74.72062342912375,-44.72062342912375,cir_coefficients_tau_mask,,"[1, 1, 1, 1, 23, 1]","[1, 1, 23]","[1, 1, 23]","[1, 1, 23]",,True,,23,5.742073128089942e-08,-44.720622971607156,0,0.0,-4.575165917231061e-07,0,0,0,0,0,0,0,0
30,7710,rx_x500_body,/home/telilab4090/Documents/Gazebo World/my_world/rt_out/experiments/semantic_ablation_rigid_200f/sionna_xml/frame_030_sionna.xml,30.0,0.0,0.0,2.4,-3.9279,3.2024,1.3944,28000000000.0,23,1.7234324189985273e-08,7.465505547088469e-08,5.742073128089942e-08,3.372388590605624e-08,-74.72062388664037,-44.72062388664037,cir_coefficients_tau_mask,,"[1, 1, 1, 1, 23, 1]","[1, 1, 23]","[1, 1, 23]","[1, 1, 23]",,True,,23,5.742073128089942e-08,-44.72062342912375,0,0.0,-4.5751662014481553e-07,0,0,0,0,0,0,0,0
31,7967,rx_x500_body,/home/telilab4090/Documents/Gazebo World/my_world/rt_out/experiments/semantic_ablation_rigid_200f/sionna_xml/frame_031_sionna.xml,30.0,0.0,0.0,2.4,-3.9279,3.2024,1.3944,28000000000.0,23,1.7234324189985273e-08,7.465505547088469e-08,5.742073128089942e-08,3.3723893011483597e-08,-74.72062297160716,-44.720622971607156,cir_coefficients_tau_mask,,"[1, 1, 1, 1, 23, 1]","[1, 1, 23]","[1, 1, 23]","[1, 1, 23]",,True,,23,5.742073128089942e-08,-44.72062388664037,0,0.0,9.150332118679216e-07,0,0,0,0,0,0,0,0
32,8224,rx_x500_body,/home/telilab4090/Documents/Gazebo World/my_world/rt_out/experiments/semantic_ablation_rigid_200f/sionna_xml/frame_032_sionna.xml,30.0,0.0,0.0,2.4,-3.9279,3.2024,1.3944,28000000000.0,23,1.7234324189985273e-08,7.465505547088469e-08,5.742073128089942e-08,3.3723893011483597e-08,-74.72062297160716,-44.720622971607156,cir_coefficients_tau_mask,,"[1, 1, 1, 1, 23, 1]","[1, 1, 23]","[1, 1, 23]","[1, 1, 23]",,True,,23,5.742073128089942e-08,-44.720622971607156,0,0.0,0.0,0,0,0,0,0,0,0,0
33,8481,rx_x500_body,/home/telilab4090/Documents/Gazebo World/my_world/rt_out/experiments/semantic_ablation_rigid_200f/sionna_xml/frame_033_sionna.xml,30.0,0.0,0.0,2.4,-3.9279,3.2024,1.3944,28000000000.0,23,1.7234324189985273e-08,7.465505547088469e-08,5.742073128089942e-08,3.372388945876992e-08,-74.72062342912375,-44.72062342912375,cir_coefficients_tau_mask,,"[1, 1, 1, 1, 23, 1]","[1, 1, 23]","[1, 1, 23]","[1, 1, 23]",,True,,23,5.742073128089942e-08,-44.720622971607156,0,0.0,-4.575165917231061e-07,0,0,0,0,0,0,0,0
34,8737,rx_x500_body,/home/telilab4090/Documents/Gazebo World/my_world/rt_out/experiments/semantic_ablation_rigid_200f/sionna_xml/frame_034_sionna.xml,30.0,0.0,0.0,2.4,-3.9279,3.2024,1.3944,28000000000.0,23,1.7234324189985273e-08,7.465505547088469e-08,5.742073128089942e-08,3.3723893011483597e-08,-74.72062297160716,-44.720622971607156,cir_coefficients_tau_mask,,"[1, 1, 1, 1, 23, 1]","[1, 1, 23]","[1, 1, 23]","[1, 1, 23]",,True,,23,5.742073128089942e-08,-44.72062342912375,0,0.0,4.575165917231061e-07,0,0,0,0,0,0,0,0
35,8994,rx_x500_body,/home/telilab4090/Documents/Gazebo World/my_world/rt_out/experiments/semantic_ablation_rigid_200f/sionna_xml/frame_035_sionna.xml,30.0,0.0,0.0,2.4,-3.9279,3.2024,1.3944,28000000000.0,23,1.7234324189985273e-08,7.465505547088469e-08,5.742073128089942e-08,3.372388235334256e-08,-74.72062434415706,-44.72062434415706,cir_coefficients_tau_mask,,"[1, 1, 1, 1, 23, 1]","[1, 1, 23]","[1, 1, 23]","[1, 1, 23]",,True,,23,5.742073128089942e-08,-44.720622971607156,0,0.0,-1.3725499030670107e-06,0,0,0,0,0,0,0,0
36,9251,rx_x500_body,/home/telilab4090/Documents/Gazebo World/my_world/rt_out/experiments/semantic_ablation_rigid_200f/sionna_xml/frame_036_sionna.xml,30.0,0.0,0.0,2.4,-3.9279,3.2024,1.3944,28000000000.0,23,1.7234324189985273e-08,7.465505547088469e-08,5.742073128089942e-08,3.372388945876992e-08,-74.72062342912375,-44.72062342912375,cir_coefficients_tau_mask,,"[1, 1, 1, 1, 23, 1]","[1, 1, 23]","[1, 1, 23]","[1, 1, 23]",,True,,23,5.742073128089942e-08,-44.72062434415706,0,0.0,9.150333113439046e-07,0,0,0,0,0,0,0,0
37,9508,rx_x500_body,/home/telilab4090/Documents/Gazebo World/my_world/rt_out/experiments/semantic_ablation_rigid_200f/sionna_xml/frame_037_sionna.xml,30.0,0.0,0.0,2.4,-3.9279,3.2024,1.3944,28000000000.0,23,1.7234324189985273e-08,7.465505547088469e-08,5.742073128089942e-08,3.372388945876992e-08,-74.72062342912375,-44.72062342912375,cir_coefficients_tau_mask,,"[1, 1, 1, 1, 23, 1]","[1, 1, 23]","[1, 1, 23]","[1, 1, 23]",,True,,23,5.742073128089942e-08,-44.72062342912375,0,0.0,0.0,0,0,0,0,0,0,0,0
38,9765,rx_x500_body,/home/telilab4090/Documents/Gazebo World/my_world/rt_out/experiments/semantic_ablation_rigid_200f/sionna_xml/frame_038_sionna.xml,30.0,0.0,0.0,2.4,-3.9279,3.2024,1.3944,28000000000.0,23,1.7234324189985273e-08,7.465505547088469e-08,5.742073128089942e-08,3.372388945876992e-08,-74.72062342912375,-44.72062342912375,cir_coefficients_tau_mask,,"[1, 1, 1, 1, 23, 1]","[1, 1, 23]","[1, 1, 23]","[1, 1, 23]",,True,,23,5.742073128089942e-08,-44.72062342912375,0,0.0,0.0,0,0,0,0,0,0,0,0
39,10022,rx_x500_body,/home/telilab4090/Documents/Gazebo World/my_world/rt_out/experiments/semantic_ablation_rigid_200f/sionna_xml/frame_039_sionna.xml,30.0,0.0,0.0,2.4,-3.9279,3.2024,1.3944,28000000000.0,23,1.7234324189985273e-08,7.465505547088469e-08,5.742073128089942e-08,3.3723893011483597e-08,-74.72062297160716,-44.720622971607156,cir_coefficients_tau_mask,,"[1, 1, 1, 1, 23, 1]","[1, 1, 23]","[1, 1, 23]","[1, 1, 23]",,True,,23,5.742073128089942e-08,-44.72062342912375,0,0.0,4.575165917231061e-07,0,0,0,0,0,0,0,0
40,10279,rx_x500_body,/home/telilab4090/Documents/Gazebo World/my_world/rt_out/experiments/semantic_ablation_rigid_200f/sionna_xml/frame_040_sionna.xml,30.0,0.0,0.0,2.4,-3.9279,3.2024,1.3944,28000000000.0,23,1.7234324189985273e-08,7.465505547088469e-08,5.742073128089942e-08,3.372388945876992e-08,-74.72062342912375,-44.72062342912375,cir_coefficients_tau_mask,,"[1, 1, 1, 1, 23, 1]","[1, 1, 23]","[1, 1, 23]","[1, 1, 23]",,True,,23,5.742073128089942e-08,-44.720622971607156,0,0.0,-4.575165917231061e-07,0,0,0,0,0,0,0,0
41,10536,rx_x500_body,/home/telilab4090/Documents/Gazebo World/my_world/rt_out/experiments/semantic_ablation_rigid_200f/sionna_xml/frame_041_sionna.xml,30.0,0.0,0.0,2.4,-3.9279,3.2024,1.3944,28000000000.0,23,1.7234324189985273e-08,7.465505547088469e-08,5.742073128089942e-08,3.372388945876992e-08,-74.72062342912375,-44.72062342912375,cir_coefficients_tau_mask,,"[1, 1, 1, 1, 23, 1]","[1, 1, 23]","[1, 1, 23]","[1, 1, 23]",,True,,23,5.742073128089942e-08,-44.72062342912375,0,0.0,0.0,0,0,0,0,0,0,0,0
42,10793,rx_x500_body,/home/telilab4090/Documents/Gazebo World/my_world/rt_out/experiments/semantic_ablation_rigid_200f/sionna_xml/frame_042_sionna.xml,30.0,0.0,0.0,2.4,-3.9279,3.2024,1.3944,28000000000.0,23,1.7234324189985273e-08,7.465505547088469e-08,5.742073128089942e-08,3.372388590605624e-08,-74.72062388664037,-44.72062388664037,cir_coefficients_tau_mask,,"[1, 1, 1, 1, 23, 1]","[1, 1, 23]","[1, 1, 23]","[1, 1, 23]",,True,,23,5.742073128089942e-08,-44.72062342912375,0,0.0,-4.5751662014481553e-07,0,0,0,0,0,0,0,0
43,11050,rx_x500_body,/home/telilab4090/Documents/Gazebo World/my_world/rt_out/experiments/semantic_ablation_rigid_200f/sionna_xml/frame_043_sionna.xml,30.0,0.0,0.0,2.4,-3.9279,3.2024,1.3944,28000000000.0,23,1.7234324189985273e-08,7.465505547088469e-08,5.742073128089942e-08,3.372388945876992e-08,-74.72062342912375,-44.72062342912375,cir_coefficients_tau_mask,,"[1, 1, 1, 1, 23, 1]","[1, 1, 23]","[1, 1, 23]","[1, 1, 23]",,True,,23,5.742073128089942e-08,-44.72062388664037,0,0.0,4.5751662014481553e-07,0,0,0,0,0,0,0,0
44,11307,rx_x500_body,/home/telilab4090/Documents/Gazebo World/my_world/rt_out/experiments/semantic_ablation_rigid_200f/sionna_xml/frame_044_sionna.xml,30.0,0.0,0.0,2.4,-3.9279,3.2024,1.3944,28000000000.0,23,1.7234324189985273e-08,7.465505547088469e-08,5.742073128089942e-08,3.372388945876992e-08,-74.72062342912375,-44.72062342912375,cir_coefficients_tau_mask,,"[1, 1, 1, 1, 23, 1]","[1, 1, 23]","[1, 1, 23]","[1, 1, 23]",,True,,23,5.742073128089942e-08,-44.72062342912375,0,0.0,0.0,0,0,0,0,0,0,0,0
45,11564,rx_x500_body,/home/telilab4090/Documents/Gazebo World/my_world/rt_out/experiments/semantic_ablation_rigid_200f/sionna_xml/frame_045_sionna.xml,30.0,0.0,0.0,2.4,-3.9279,3.2024,1.3944,28000000000.0,23,1.7234324189985273e-08,7.465505547088469e-08,5.742073128089942e-08,3.372388945876992e-08,-74.72062342912375,-44.72062342912375,cir_coefficients_tau_mask,,"[1, 1, 1, 1, 23, 1]","[1, 1, 23]","[1, 1, 23]","[1, 1, 23]",,True,,23,5.742073128089942e-08,-44.72062342912375,0,0.0,0.0,0,0,0,0,0,0,0,0
46,11821,rx_x500_body,/home/telilab4090/Documents/Gazebo World/my_world/rt_out/experiments/semantic_ablation_rigid_200f/sionna_xml/frame_046_sionna.xml,30.0,0.0,0.0,2.4,-3.9279,3.2024,1.3944,28000000000.0,23,1.7234324189985273e-08,7.465505547088469e-08,5.742073128089942e-08,3.372388590605624e-08,-74.72062388664037,-44.72062388664037,cir_coefficients_tau_mask,,"[1, 1, 1, 1, 23, 1]","[1, 1, 23]","[1, 1, 23]","[1, 1, 23]",,True,,23,5.742073128089942e-08,-44.72062342912375,0,0.0,-4.5751662014481553e-07,0,0,0,0,0,0,0,0
47,12078,rx_x500_body,/home/telilab4090/Documents/Gazebo World/my_world/rt_out/experiments/semantic_ablation_rigid_200f/sionna_xml/frame_047_sionna.xml,30.0,0.0,0.0,2.4,-3.9279,3.2024,1.3944,28000000000.0,23,1.7234324189985273e-08,7.465505547088469e-08,5.742073128089942e-08,3.3723893011483597e-08,-74.72062297160716,-44.720622971607156,cir_coefficients_tau_mask,,"[1, 1, 1, 1, 23, 1]","[1, 1, 23]","[1, 1, 23]","[1, 1, 23]",,True,,23,5.742073128089942e-08,-44.72062388664037,0,0.0,9.150332118679216e-07,0,0,0,0,0,0,0,0
48,12335,rx_x500_body,/home/telilab4090/Documents/Gazebo World/my_world/rt_out/experiments/semantic_ablation_rigid_200f/sionna_xml/frame_048_sionna.xml,30.0,0.0,0.0,2.4,-3.9279,3.2024,1.3944,28000000000.0,22,1.7234324189985273e-08,7.465505547088469e-08,5.742073128089942e-08,3.369492418414666e-08,-74.72435516483073,-44.724355164830726,cir_coefficients_tau_mask,,"[1, 1, 1, 1, 22, 1]","[1, 1, 22]","[1, 1, 22]","[1, 1, 22]",,True,,23,5.742073128089942e-08,-44.720622971607156,-1,0.0,-0.0037321932235698796,1,1,0,0,0,0,0,0
49,12592,rx_x500_body,/home/telilab4090/Documents/Gazebo World/my_world/rt_out/experiments/semantic_ablation_rigid_200f/sionna_xml/frame_049_sionna.xml,30.0,0.0,0.0,2.4,-3.9279,3.2024,1.3944,28000000000.0,23,1.7234324189985273e-08,7.465505547088469e-08,5.742073128089942e-08,3.3723893011483597e-08,-74.72062297160716,-44.720622971607156,cir_coefficients_tau_mask,,"[1, 1, 1, 1, 23, 1]","[1, 1, 23]","[1, 1, 23]","[1, 1, 23]",,True,,22,5.742073128089942e-08,-44.724355164830726,1,0.0,0.0037321932235698796,1,0,0,0,0,0,0,0
50,12849,rx_x500_body,/home/telilab4090/Documents/Gazebo World/my_world/rt_out/experiments/semantic_ablation_rigid_200f/sionna_xml/frame_050_sionna.xml,30.0,0.0,0.0,2.4,-3.9279,3.2024,1.3944,28000000000.0,23,1.7234324189985273e-08,7.465505547088469e-08,5.742073128089942e-08,3.3723893011483597e-08,-74.72062297160716,-44.720622971607156,cir_coefficients_tau_mask,,"[1, 1, 1, 1, 23, 1]","[1, 1, 23]","[1, 1, 23]","[1, 1, 23]",,True,,23,5.742073128089942e-08,-44.720622971607156,0,0.0,0.0,0,0,0,0,0,0,0,0
51,13106,rx_x500_body,/home/telilab4090/Documents/Gazebo World/my_world/rt_out/experiments/semantic_ablation_rigid_200f/sionna_xml/frame_051_sionna.xml,30.0,0.0,0.0,2.4,-3.9279,3.2024,1.3944,28000000000.0,23,1.7234324189985273e-08,7.465505547088469e-08,5.742073128089942e-08,3.372388945876992e-08,-74.72062342912375,-44.72062342912375,cir_coefficients_tau_mask,,"[1, 1, 1, 1, 23, 1]","[1, 1, 23]","[1, 1, 23]","[1, 1, 23]",,True,,23,5.742073128089942e-08,-44.720622971607156,0,0.0,-4.575165917231061e-07,0,0,0,0,0,0,0,0
52,13363,rx_x500_body,/home/telilab4090/Documents/Gazebo World/my_world/rt_out/experiments/semantic_ablation_rigid_200f/sionna_xml/frame_052_sionna.xml,30.0,0.0,0.0,2.4,-3.9279,3.2024,1.3944,28000000000.0,23,1.7234324189985273e-08,7.465505547088469e-08,5.742073128089942e-08,3.3723893011483597e-08,-74.72062297160716,-44.720622971607156,cir_coefficients_tau_mask,,"[1, 1, 1, 1, 23, 1]","[1, 1, 23]","[1, 1, 23]","[1, 1, 23]",,True,,23,5.742073128089942e-08,-44.72062342912375,0,0.0,4.575165917231061e-07,0,0,0,0,0,0,0,0
53,13620,rx_x500_body,/home/telilab4090/Documents/Gazebo World/my_world/rt_out/experiments/semantic_ablation_rigid_200f/sionna_xml/frame_053_sionna.xml,30.0,0.0,0.0,2.4,-3.9279,3.2024,1.3944,28000000000.0,23,1.7234324189985273e-08,7.465505547088469e-08,5.742073128089942e-08,3.372388945876992e-08,-74.72062342912375,-44.72062342912375,cir_coefficients_tau_mask,,"[1, 1, 1, 1, 23, 1]","[1, 1, 23]","[1, 1, 23]","[1, 1, 23]",,True,,23,5.742073128089942e-08,-44.720622971607156,0,0.0,-4.575165917231061e-07,0,0,0,0,0,0,0,0
54,13877,rx_x500_body,/home/telilab4090/Documents/Gazebo World/my_world/rt_out/experiments/semantic_ablation_rigid_200f/sionna_xml/frame_054_sionna.xml,30.0,0.0,0.0,2.4,-3.9279,3.2024,1.3944,28000000000.0,23,1.7234324189985273e-08,7.465505547088469e-08,5.742073128089942e-08,3.372388945876992e-08,-74.72062342912375,-44.72062342912375,cir_coefficients_tau_mask,,"[1, 1, 1, 1, 23, 1]","[1, 1, 23]","[1, 1, 23]","[1, 1, 23]",,True,,23,5.742073128089942e-08,-44.72062342912375,0,0.0,0.0,0,0,0,0,0,0,0,0
55,14134,rx_x500_body,/home/telilab4090/Documents/Gazebo World/my_world/rt_out/experiments/semantic_ablation_rigid_200f/sionna_xml/frame_055_sionna.xml,30.0,0.0,0.0,2.4,-3.9279,3.2024,1.3944,28000000000.0,23,1.7234324189985273e-08,7.465505547088469e-08,5.742073128089942e-08,3.3723893011483597e-08,-74.72062297160716,-44.720622971607156,cir_coefficients_tau_mask,,"[1, 1, 1, 1, 23, 1]","[1, 1, 23]","[1, 1, 23]","[1, 1, 23]",,True,,23,5.742073128089942e-08,-44.72062342912375,0,0.0,4.575165917231061e-07,0,0,0,0,0,0,0,0
56,14391,rx_x500_body,/home/telilab4090/Documents/Gazebo World/my_world/rt_out/experiments/semantic_ablation_rigid_200f/sionna_xml/frame_056_sionna.xml,30.0,0.0,0.0,2.4,-3.9279,3.2024,1.3944,28000000000.0,23,1.7234324189985273e-08,7.465505547088469e-08,5.742073128089942e-08,3.372388590605624e-08,-74.72062388664037,-44.72062388664037,cir_coefficients_tau_mask,,"[1, 1, 1, 1, 23, 1]","[1, 1, 23]","[1, 1, 23]","[1, 1, 23]",,True,,23,5.742073128089942e-08,-44.720622971607156,0,0.0,-9.150332118679216e-07,0,0,0,0,0,0,0,0
57,14648,rx_x500_body,/home/telilab4090/Documents/Gazebo World/my_world/rt_out/experiments/semantic_ablation_rigid_200f/sionna_xml/frame_057_sionna.xml,30.0,0.0,0.0,2.4,-3.9279,3.2024,1.3944,28000000000.0,23,1.7234324189985273e-08,7.465505547088469e-08,5.742073128089942e-08,3.372388945876992e-08,-74.72062342912375,-44.72062342912375,cir_coefficients_tau_mask,,"[1, 1, 1, 1, 23, 1]","[1, 1, 23]","[1, 1, 23]","[1, 1, 23]",,True,,23,5.742073128089942e-08,-44.72062388664037,0,0.0,4.5751662014481553e-07,0,0,0,0,0,0,0,0
58,14905,rx_x500_body,/home/telilab4090/Documents/Gazebo World/my_world/rt_out/experiments/semantic_ablation_rigid_200f/sionna_xml/frame_058_sionna.xml,30.0,0.0,0.0,2.4,-3.9279,3.2024,1.3944,28000000000.0,23,1.7234324189985273e-08,7.465505547088469e-08,5.742073128089942e-08,3.372388945876992e-08,-74.72062342912375,-44.72062342912375,cir_coefficients_tau_mask,,"[1, 1, 1, 1, 23, 1]","[1, 1, 23]","[1, 1, 23]","[1, 1, 23]",,True,,23,5.742073128089942e-08,-44.72062342912375,0,0.0,0.0,0,0,0,0,0,0,0,0
59,15162,rx_x500_body,/home/telilab4090/Documents/Gazebo World/my_world/rt_out/experiments/semantic_ablation_rigid_200f/sionna_xml/frame_059_sionna.xml,30.0,0.0,0.0,2.4,-3.9279,3.2024,1.3944,28000000000.0,23,1.7234324189985273e-08,7.465505547088469e-08,5.742073128089942e-08,3.372388945876992e-08,-74.72062342912375,-44.72062342912375,cir_coefficients_tau_mask,,"[1, 1, 1, 1, 23, 1]","[1, 1, 23]","[1, 1, 23]","[1, 1, 23]",,True,,23,5.742073128089942e-08,-44.72062342912375,0,0.0,0.0,0,0,0,0,0,0,0,0
60,15419,rx_x500_body,/home/telilab4090/Documents/Gazebo World/my_world/rt_out/experiments/semantic_ablation_rigid_200f/sionna_xml/frame_060_sionna.xml,30.0,0.0,0.0,2.4,-3.9279,3.2024,1.3944,28000000000.0,23,1.7234324189985273e-08,7.465505547088469e-08,5.742073128089942e-08,3.372388945876992e-08,-74.72062342912375,-44.72062342912375,cir_coefficients_tau_mask,,"[1, 1, 1, 1, 23, 1]","[1, 1, 23]","[1, 1, 23]","[1, 1, 23]",,True,,23,5.742073128089942e-08,-44.72062342912375,0,0.0,0.0,0,0,0,0,0,0,0,0
61,15676,rx_x500_body,/home/telilab4090/Documents/Gazebo World/my_world/rt_out/experiments/semantic_ablation_rigid_200f/sionna_xml/frame_061_sionna.xml,30.0,0.0,0.0,2.4,-3.9279,3.2024,1.3944,28000000000.0,23,1.7234324189985273e-08,7.465505547088469e-08,5.742073128089942e-08,3.372388945876992e-08,-74.72062342912375,-44.72062342912375,cir_coefficients_tau_mask,,"[1, 1, 1, 1, 23, 1]","[1, 1, 23]","[1, 1, 23]","[1, 1, 23]",,True,,23,5.742073128089942e-08,-44.72062342912375,0,0.0,0.0,0,0,0,0,0,0,0,0
62,15933,rx_x500_body,/home/telilab4090/Documents/Gazebo World/my_world/rt_out/experiments/semantic_ablation_rigid_200f/sionna_xml/frame_062_sionna.xml,30.0,0.0,0.0,2.4,-3.9279,3.2024,1.3944,28000000000.0,23,1.7234324189985273e-08,7.465505547088469e-08,5.742073128089942e-08,3.3723893011483597e-08,-74.72062297160716,-44.720622971607156,cir_coefficients_tau_mask,,"[1, 1, 1, 1, 23, 1]","[1, 1, 23]","[1, 1, 23]","[1, 1, 23]",,True,,23,5.742073128089942e-08,-44.72062342912375,0,0.0,4.575165917231061e-07,0,0,0,0,0,0,0,0
63,16190,rx_x500_body,/home/telilab4090/Documents/Gazebo World/my_world/rt_out/experiments/semantic_ablation_rigid_200f/sionna_xml/frame_063_sionna.xml,30.0,0.0,0.0,2.4,-3.9279,3.2024,1.3944,28000000000.0,23,1.7234324189985273e-08,7.465505547088469e-08,5.742073128089942e-08,3.372388945876992e-08,-74.72062342912375,-44.72062342912375,cir_coefficients_tau_mask,,"[1, 1, 1, 1, 23, 1]","[1, 1, 23]","[1, 1, 23]","[1, 1, 23]",,True,,23,5.742073128089942e-08,-44.720622971607156,0,0.0,-4.575165917231061e-07,0,0,0,0,0,0,0,0
64,16447,rx_x500_body,/home/telilab4090/Documents/Gazebo World/my_world/rt_out/experiments/semantic_ablation_rigid_200f/sionna_xml/frame_064_sionna.xml,30.0,0.0,0.0,2.4,-3.9279,3.2024,1.3944,28000000000.0,23,1.7234324189985273e-08,7.465505547088469e-08,5.742073128089942e-08,3.372388945876992e-08,-74.72062342912375,-44.72062342912375,cir_coefficients_tau_mask,,"[1, 1, 1, 1, 23, 1]","[1, 1, 23]","[1, 1, 23]","[1, 1, 23]",,True,,23,5.742073128089942e-08,-44.72062342912375,0,0.0,0.0,0,0,0,0,0,0,0,0
65,16704,rx_x500_body,/home/telilab4090/Documents/Gazebo World/my_world/rt_out/experiments/semantic_ablation_rigid_200f/sionna_xml/frame_065_sionna.xml,30.0,0.0,0.0,2.4,-3.9279,3.2024,1.3944,28000000000.0,22,1.7234324189985273e-08,7.465505547088469e-08,5.742073128089942e-08,3.3687346245869776e-08,-74.72533199650195,-44.72533199650195,cir_coefficients_tau_mask,,"[1, 1, 1, 1, 22, 1]","[1, 1, 22]","[1, 1, 22]","[1, 1, 22]",,True,,23,5.742073128089942e-08,-44.72062342912375,-1,0.0,-0.004708567378202133,1,1,0,0,0,0,0,0
66,16961,rx_x500_body,/home/telilab4090/Documents/Gazebo World/my_world/rt_out/experiments/semantic_ablation_rigid_200f/sionna_xml/frame_066_sionna.xml,30.0,0.0,0.0,2.4,-3.9279,3.2024,1.3944,28000000000.0,23,1.7234324189985273e-08,7.465505547088469e-08,5.742073128089942e-08,3.372388945876992e-08,-74.72062342912375,-44.72062342912375,cir_coefficients_tau_mask,,"[1, 1, 1, 1, 23, 1]","[1, 1, 23]","[1, 1, 23]","[1, 1, 23]",,True,,22,5.742073128089942e-08,-44.72533199650195,1,0.0,0.004708567378202133,1,0,0,0,0,0,0,0
67,17218,rx_x500_body,/home/telilab4090/Documents/Gazebo World/my_world/rt_out/experiments/semantic_ablation_rigid_200f/sionna_xml/frame_067_sionna.xml,30.0,0.0,0.0,2.4,-3.9279,3.2024,1.3944,28000000000.0,23,1.7234324189985273e-08,7.465505547088469e-08,5.742073128089942e-08,3.3723893011483597e-08,-74.72062297160716,-44.720622971607156,cir_coefficients_tau_mask,,"[1, 1, 1, 1, 23, 1]","[1, 1, 23]","[1, 1, 23]","[1, 1, 23]",,True,,23,5.742073128089942e-08,-44.72062342912375,0,0.0,4.575165917231061e-07,0,0,0,0,0,0,0,0
68,17475,rx_x500_body,/home/telilab4090/Documents/Gazebo World/my_world/rt_out/experiments/semantic_ablation_rigid_200f/sionna_xml/frame_068_sionna.xml,30.0,0.0,0.0,2.4,-3.9279,3.2024,1.3944,28000000000.0,23,1.7234324189985273e-08,7.465505547088469e-08,5.742073128089942e-08,3.3723893011483597e-08,-74.72062297160716,-44.720622971607156,cir_coefficients_tau_mask,,"[1, 1, 1, 1, 23, 1]","[1, 1, 23]","[1, 1, 23]","[1, 1, 23]",,True,,23,5.742073128089942e-08,-44.720622971607156,0,0.0,0.0,0,0,0,0,0,0,0,0
69,17732,rx_x500_body,/home/telilab4090/Documents/Gazebo World/my_world/rt_out/experiments/semantic_ablation_rigid_200f/sionna_xml/frame_069_sionna.xml,30.0,0.0,0.0,2.4,-3.9279,3.2024,1.3944,28000000000.0,23,1.7234324189985273e-08,7.465505547088469e-08,5.742073128089942e-08,3.372388945876992e-08,-74.72062342912375,-44.72062342912375,cir_coefficients_tau_mask,,"[1, 1, 1, 1, 23, 1]","[1, 1, 23]","[1, 1, 23]","[1, 1, 23]",,True,,23,5.742073128089942e-08,-44.720622971607156,0,0.0,-4.575165917231061e-07,0,0,0,0,0,0,0,0
70,17989,rx_x500_body,/home/telilab4090/Documents/Gazebo World/my_world/rt_out/experiments/semantic_ablation_rigid_200f/sionna_xml/frame_070_sionna.xml,30.0,0.0,0.0,2.4,-3.9279,3.2024,1.3944,28000000000.0,23,1.7234324189985273e-08,7.465505547088469e-08,5.742073128089942e-08,3.372388945876992e-08,-74.72062342912375,-44.72062342912375,cir_coefficients_tau_mask,,"[1, 1, 1, 1, 23, 1]","[1, 1, 23]","[1, 1, 23]","[1, 1, 23]",,True,,23,5.742073128089942e-08,-44.72062342912375,0,0.0,0.0,0,0,0,0,0,0,0,0
71,18246,rx_x500_body,/home/telilab4090/Documents/Gazebo World/my_world/rt_out/experiments/semantic_ablation_rigid_200f/sionna_xml/frame_071_sionna.xml,30.0,0.0,0.0,2.4,-3.9279,3.2024,1.3944,28000000000.0,23,1.7234324189985273e-08,7.465505547088469e-08,5.742073128089942e-08,3.372388945876992e-08,-74.72062342912375,-44.72062342912375,cir_coefficients_tau_mask,,"[1, 1, 1, 1, 23, 1]","[1, 1, 23]","[1, 1, 23]","[1, 1, 23]",,True,,23,5.742073128089942e-08,-44.72062342912375,0,0.0,0.0,0,0,0,0,0,0,0,0
72,18503,rx_x500_body,/home/telilab4090/Documents/Gazebo World/my_world/rt_out/experiments/semantic_ablation_rigid_200f/sionna_xml/frame_072_sionna.xml,30.0,0.0,0.0,2.4,-3.9279,3.2024,1.3944,28000000000.0,23,1.7234324189985273e-08,7.465505547088469e-08,5.742073128089942e-08,3.372388590605624e-08,-74.72062388664037,-44.72062388664037,cir_coefficients_tau_mask,,"[1, 1, 1, 1, 23, 1]","[1, 1, 23]","[1, 1, 23]","[1, 1, 23]",,True,,23,5.742073128089942e-08,-44.72062342912375,0,0.0,-4.5751662014481553e-07,0,0,0,0,0,0,0,0
73,18760,rx_x500_body,/home/telilab4090/Documents/Gazebo World/my_world/rt_out/experiments/semantic_ablation_rigid_200f/sionna_xml/frame_073_sionna.xml,30.0,0.0,0.0,2.4,-3.9279,3.2024,1.3944,28000000000.0,23,1.7234324189985273e-08,7.465505547088469e-08,5.742073128089942e-08,3.372388590605624e-08,-74.72062388664037,-44.72062388664037,cir_coefficients_tau_mask,,"[1, 1, 1, 1, 23, 1]","[1, 1, 23]","[1, 1, 23]","[1, 1, 23]",,True,,23,5.742073128089942e-08,-44.72062388664037,0,0.0,0.0,0,0,0,0,0,0,0,0
74,19017,rx_x500_body,/home/telilab4090/Documents/Gazebo World/my_world/rt_out/experiments/semantic_ablation_rigid_200f/sionna_xml/frame_074_sionna.xml,30.0,0.0,0.0,2.4,-3.9279,3.2024,1.3944,28000000000.0,23,1.7234324189985273e-08,7.465505547088469e-08,5.742073128089942e-08,3.372388590605624e-08,-74.72062388664037,-44.72062388664037,cir_coefficients_tau_mask,,"[1, 1, 1, 1, 23, 1]","[1, 1, 23]","[1, 1, 23]","[1, 1, 23]",,True,,23,5.742073128089942e-08,-44.72062388664037,0,0.0,0.0,0,0,0,0,0,0,0,0
75,19274,rx_x500_body,/home/telilab4090/Documents/Gazebo World/my_world/rt_out/experiments/semantic_ablation_rigid_200f/sionna_xml/frame_075_sionna.xml,30.0,0.0,0.0,2.4,-3.9279,3.2024,1.3944,28000000000.0,23,1.7234324189985273e-08,7.465505547088469e-08,5.742073128089942e-08,3.372388945876992e-08,-74.72062342912375,-44.72062342912375,cir_coefficients_tau_mask,,"[1, 1, 1, 1, 23, 1]","[1, 1, 23]","[1, 1, 23]","[1, 1, 23]",,True,,23,5.742073128089942e-08,-44.72062388664037,0,0.0,4.5751662014481553e-07,0,0,0,0,0,0,0,0
76,19531,rx_x500_body,/home/telilab4090/Documents/Gazebo World/my_world/rt_out/experiments/semantic_ablation_rigid_200f/sionna_xml/frame_076_sionna.xml,30.0,0.0,0.0,2.4,-3.9279,3.2024,1.3944,28000000000.0,23,1.7234324189985273e-08,7.465505547088469e-08,5.742073128089942e-08,3.372388945876992e-08,-74.72062342912375,-44.72062342912375,cir_coefficients_tau_mask,,"[1, 1, 1, 1, 23, 1]","[1, 1, 23]","[1, 1, 23]","[1, 1, 23]",,True,,23,5.742073128089942e-08,-44.72062342912375,0,0.0,0.0,0,0,0,0,0,0,0,0
77,19788,rx_x500_body,/home/telilab4090/Documents/Gazebo World/my_world/rt_out/experiments/semantic_ablation_rigid_200f/sionna_xml/frame_077_sionna.xml,30.0,0.0,0.0,2.4,-3.9279,3.2024,1.3944,28000000000.0,23,1.7234324189985273e-08,7.465505547088469e-08,5.742073128089942e-08,3.3723893011483597e-08,-74.72062297160716,-44.720622971607156,cir_coefficients_tau_mask,,"[1, 1, 1, 1, 23, 1]","[1, 1, 23]","[1, 1, 23]","[1, 1, 23]",,True,,23,5.742073128089942e-08,-44.72062342912375,0,0.0,4.575165917231061e-07,0,0,0,0,0,0,0,0
78,20045,rx_x500_body,/home/telilab4090/Documents/Gazebo World/my_world/rt_out/experiments/semantic_ablation_rigid_200f/sionna_xml/frame_078_sionna.xml,30.0,0.0,0.0,2.4,-3.9279,3.2024,1.3944,28000000000.0,23,1.7234324189985273e-08,7.465505547088469e-08,5.742073128089942e-08,3.372388945876992e-08,-74.72062342912375,-44.72062342912375,cir_coefficients_tau_mask,,"[1, 1, 1, 1, 23, 1]","[1, 1, 23]","[1, 1, 23]","[1, 1, 23]",,True,,23,5.742073128089942e-08,-44.720622971607156,0,0.0,-4.575165917231061e-07,0,0,0,0,0,0,0,0
79,20302,rx_x500_body,/home/telilab4090/Documents/Gazebo World/my_world/rt_out/experiments/semantic_ablation_rigid_200f/sionna_xml/frame_079_sionna.xml,30.0,0.0,0.0,2.4,-3.9279,3.2024,1.3944,28000000000.0,23,1.7234324189985273e-08,7.465505547088469e-08,5.742073128089942e-08,3.372388945876992e-08,-74.72062342912375,-44.72062342912375,cir_coefficients_tau_mask,,"[1, 1, 1, 1, 23, 1]","[1, 1, 23]","[1, 1, 23]","[1, 1, 23]",,True,,23,5.742073128089942e-08,-44.72062342912375,0,0.0,0.0,0,0,0,0,0,0,0,0
80,20559,rx_x500_body,/home/telilab4090/Documents/Gazebo World/my_world/rt_out/experiments/semantic_ablation_rigid_200f/sionna_xml/frame_080_sionna.xml,30.0,0.0,0.0,2.4,-3.9279,3.2024,1.3944,28000000000.0,23,1.7234324189985273e-08,7.465505547088469e-08,5.742073128089942e-08,3.372388945876992e-08,-74.72062342912375,-44.72062342912375,cir_coefficients_tau_mask,,"[1, 1, 1, 1, 23, 1]","[1, 1, 23]","[1, 1, 23]","[1, 1, 23]",,True,,23,5.742073128089942e-08,-44.72062342912375,0,0.0,0.0,0,0,0,0,0,0,0,0
81,20816,rx_x500_body,/home/telilab4090/Documents/Gazebo World/my_world/rt_out/experiments/semantic_ablation_rigid_200f/sionna_xml/frame_081_sionna.xml,30.0,0.0,0.0,2.4,-3.9279,3.2024,1.3944,28000000000.0,23,1.7234324189985273e-08,7.465505547088469e-08,5.742073128089942e-08,3.3723893011483597e-08,-74.72062297160716,-44.720622971607156,cir_coefficients_tau_mask,,"[1, 1, 1, 1, 23, 1]","[1, 1, 23]","[1, 1, 23]","[1, 1, 23]",,True,,23,5.742073128089942e-08,-44.72062342912375,0,0.0,4.575165917231061e-07,0,0,0,0,0,0,0,0
82,21073,rx_x500_body,/home/telilab4090/Documents/Gazebo World/my_world/rt_out/experiments/semantic_ablation_rigid_200f/sionna_xml/frame_082_sionna.xml,30.0,0.0,0.0,2.4,-3.9279,3.2024,1.3944,28000000000.0,23,1.7234324189985273e-08,7.465505547088469e-08,5.742073128089942e-08,3.372388945876992e-08,-74.72062342912375,-44.72062342912375,cir_coefficients_tau_mask,,"[1, 1, 1, 1, 23, 1]","[1, 1, 23]","[1, 1, 23]","[1, 1, 23]",,True,,23,5.742073128089942e-08,-44.720622971607156,0,0.0,-4.575165917231061e-07,0,0,0,0,0,0,0,0
83,21330,rx_x500_body,/home/telilab4090/Documents/Gazebo World/my_world/rt_out/experiments/semantic_ablation_rigid_200f/sionna_xml/frame_083_sionna.xml,30.0,0.0,0.0,2.4,-3.9279,3.2024,1.3944,28000000000.0,23,1.7234324189985273e-08,7.465505547088469e-08,5.742073128089942e-08,3.372388945876992e-08,-74.72062342912375,-44.72062342912375,cir_coefficients_tau_mask,,"[1, 1, 1, 1, 23, 1]","[1, 1, 23]","[1, 1, 23]","[1, 1, 23]",,True,,23,5.742073128089942e-08,-44.72062342912375,0,0.0,0.0,0,0,0,0,0,0,0,0
84,21587,rx_x500_body,/home/telilab4090/Documents/Gazebo World/my_world/rt_out/experiments/semantic_ablation_rigid_200f/sionna_xml/frame_084_sionna.xml,30.0,0.0,0.0,2.4,-3.9279,3.2024,1.3944,28000000000.0,23,1.7234324189985273e-08,7.465505547088469e-08,5.742073128089942e-08,3.372388590605624e-08,-74.72062388664037,-44.72062388664037,cir_coefficients_tau_mask,,"[1, 1, 1, 1, 23, 1]","[1, 1, 23]","[1, 1, 23]","[1, 1, 23]",,True,,23,5.742073128089942e-08,-44.72062342912375,0,0.0,-4.5751662014481553e-07,0,0,0,0,0,0,0,0
85,21844,rx_x500_body,/home/telilab4090/Documents/Gazebo World/my_world/rt_out/experiments/semantic_ablation_rigid_200f/sionna_xml/frame_085_sionna.xml,30.0,0.0,0.0,2.4,-3.9279,3.2024,1.3944,28000000000.0,23,1.7234324189985273e-08,7.465505547088469e-08,5.742073128089942e-08,3.372388945876992e-08,-74.72062342912375,-44.72062342912375,cir_coefficients_tau_mask,,"[1, 1, 1, 1, 23, 1]","[1, 1, 23]","[1, 1, 23]","[1, 1, 23]",,True,,23,5.742073128089942e-08,-44.72062388664037,0,0.0,4.5751662014481553e-07,0,0,0,0,0,0,0,0
86,22101,rx_x500_body,/home/telilab4090/Documents/Gazebo World/my_world/rt_out/experiments/semantic_ablation_rigid_200f/sionna_xml/frame_086_sionna.xml,30.0,0.0,0.0,2.4,-3.9279,3.2024,1.3944,28000000000.0,23,1.7234324189985273e-08,7.465505547088469e-08,5.742073128089942e-08,3.372388590605624e-08,-74.72062388664037,-44.72062388664037,cir_coefficients_tau_mask,,"[1, 1, 1, 1, 23, 1]","[1, 1, 23]","[1, 1, 23]","[1, 1, 23]",,True,,23,5.742073128089942e-08,-44.72062342912375,0,0.0,-4.5751662014481553e-07,0,0,0,0,0,0,0,0
87,22358,rx_x500_body,/home/telilab4090/Documents/Gazebo World/my_world/rt_out/experiments/semantic_ablation_rigid_200f/sionna_xml/frame_087_sionna.xml,30.0,0.0,0.0,2.4,-3.9279,3.2024,1.3944,28000000000.0,23,1.7234324189985273e-08,7.465505547088469e-08,5.742073128089942e-08,3.3723893011483597e-08,-74.72062297160716,-44.720622971607156,cir_coefficients_tau_mask,,"[1, 1, 1, 1, 23, 1]","[1, 1, 23]","[1, 1, 23]","[1, 1, 23]",,True,,23,5.742073128089942e-08,-44.72062388664037,0,0.0,9.150332118679216e-07,0,0,0,0,0,0,0,0
88,22615,rx_x500_body,/home/telilab4090/Documents/Gazebo World/my_world/rt_out/experiments/semantic_ablation_rigid_200f/sionna_xml/frame_088_sionna.xml,30.0,0.0,0.0,2.4,-3.9279,3.2024,1.3944,28000000000.0,23,1.7234324189985273e-08,7.465505547088469e-08,5.742073128089942e-08,3.3723893011483597e-08,-74.72062297160716,-44.720622971607156,cir_coefficients_tau_mask,,"[1, 1, 1, 1, 23, 1]","[1, 1, 23]","[1, 1, 23]","[1, 1, 23]",,True,,23,5.742073128089942e-08,-44.720622971607156,0,0.0,0.0,0,0,0,0,0,0,0,0
89,22872,rx_x500_body,/home/telilab4090/Documents/Gazebo World/my_world/rt_out/experiments/semantic_ablation_rigid_200f/sionna_xml/frame_089_sionna.xml,30.0,0.0,0.0,2.4,-3.9279,3.2024,1.3944,28000000000.0,23,1.7234324189985273e-08,7.465505547088469e-08,5.742073128089942e-08,3.372388945876992e-08,-74.72062342912375,-44.72062342912375,cir_coefficients_tau_mask,,"[1, 1, 1, 1, 23, 1]","[1, 1, 23]","[1, 1, 23]","[1, 1, 23]",,True,,23,5.742073128089942e-08,-44.720622971607156,0,0.0,-4.575165917231061e-07,0,0,0,0,0,0,0,0
90,23129,rx_x500_body,/home/telilab4090/Documents/Gazebo World/my_world/rt_out/experiments/semantic_ablation_rigid_200f/sionna_xml/frame_090_sionna.xml,30.0,0.0,0.0,2.4,-3.9279,3.2024,1.3944,28000000000.0,23,1.7234324189985273e-08,7.465505547088469e-08,5.742073128089942e-08,3.372388945876992e-08,-74.72062342912375,-44.72062342912375,cir_coefficients_tau_mask,,"[1, 1, 1, 1, 23, 1]","[1, 1, 23]","[1, 1, 23]","[1, 1, 23]",,True,,23,5.742073128089942e-08,-44.72062342912375,0,0.0,0.0,0,0,0,0,0,0,0,0
91,23386,rx_x500_body,/home/telilab4090/Documents/Gazebo World/my_world/rt_out/experiments/semantic_ablation_rigid_200f/sionna_xml/frame_091_sionna.xml,30.0,0.0,0.0,2.4,-3.9279,3.2024,1.3944,28000000000.0,23,1.7234324189985273e-08,7.465505547088469e-08,5.742073128089942e-08,3.3723893011483597e-08,-74.72062297160716,-44.720622971607156,cir_coefficients_tau_mask,,"[1, 1, 1, 1, 23, 1]","[1, 1, 23]","[1, 1, 23]","[1, 1, 23]",,True,,23,5.742073128089942e-08,-44.72062342912375,0,0.0,4.575165917231061e-07,0,0,0,0,0,0,0,0
92,23643,rx_x500_body,/home/telilab4090/Documents/Gazebo World/my_world/rt_out/experiments/semantic_ablation_rigid_200f/sionna_xml/frame_092_sionna.xml,30.0,0.0,0.0,2.4,-3.9279,3.2024,1.3944,28000000000.0,23,1.7234324189985273e-08,7.465505547088469e-08,5.742073128089942e-08,3.372388945876992e-08,-74.72062342912375,-44.72062342912375,cir_coefficients_tau_mask,,"[1, 1, 1, 1, 23, 1]","[1, 1, 23]","[1, 1, 23]","[1, 1, 23]",,True,,23,5.742073128089942e-08,-44.720622971607156,0,0.0,-4.575165917231061e-07,0,0,0,0,0,0,0,0
93,23900,rx_x500_body,/home/telilab4090/Documents/Gazebo World/my_world/rt_out/experiments/semantic_ablation_rigid_200f/sionna_xml/frame_093_sionna.xml,30.0,0.0,0.0,2.4,-3.9279,3.2024,1.3944,28000000000.0,23,1.7234324189985273e-08,7.465505547088469e-08,5.742073128089942e-08,3.3723893011483597e-08,-74.72062297160716,-44.720622971607156,cir_coefficients_tau_mask,,"[1, 1, 1, 1, 23, 1]","[1, 1, 23]","[1, 1, 23]","[1, 1, 23]",,True,,23,5.742073128089942e-08,-44.72062342912375,0,0.0,4.575165917231061e-07,0,0,0,0,0,0,0,0
94,24157,rx_x500_body,/home/telilab4090/Documents/Gazebo World/my_world/rt_out/experiments/semantic_ablation_rigid_200f/sionna_xml/frame_094_sionna.xml,30.0,0.0,0.0,2.4,-3.9279,3.2024,1.3944,28000000000.0,23,1.7234324189985273e-08,7.465505547088469e-08,5.742073128089942e-08,3.372388945876992e-08,-74.72062342912375,-44.72062342912375,cir_coefficients_tau_mask,,"[1, 1, 1, 1, 23, 1]","[1, 1, 23]","[1, 1, 23]","[1, 1, 23]",,True,,23,5.742073128089942e-08,-44.720622971607156,0,0.0,-4.575165917231061e-07,0,0,0,0,0,0,0,0
95,24414,rx_x500_body,/home/telilab4090/Documents/Gazebo World/my_world/rt_out/experiments/semantic_ablation_rigid_200f/sionna_xml/frame_095_sionna.xml,30.0,0.0,0.0,2.4,-3.9279,3.2024,1.3944,28000000000.0,23,1.7234324189985273e-08,7.465505547088469e-08,5.742073128089942e-08,3.3723893011483597e-08,-74.72062297160716,-44.720622971607156,cir_coefficients_tau_mask,,"[1, 1, 1, 1, 23, 1]","[1, 1, 23]","[1, 1, 23]","[1, 1, 23]",,True,,23,5.742073128089942e-08,-44.72062342912375,0,0.0,4.575165917231061e-07,0,0,0,0,0,0,0,0
96,24671,rx_x500_body,/home/telilab4090/Documents/Gazebo World/my_world/rt_out/experiments/semantic_ablation_rigid_200f/sionna_xml/frame_096_sionna.xml,30.0,0.0,0.0,2.4,-3.9279,3.2024,1.3944,28000000000.0,23,1.7234324189985273e-08,7.465505547088469e-08,5.742073128089942e-08,3.372388945876992e-08,-74.72062342912375,-44.72062342912375,cir_coefficients_tau_mask,,"[1, 1, 1, 1, 23, 1]","[1, 1, 23]","[1, 1, 23]","[1, 1, 23]",,True,,23,5.742073128089942e-08,-44.720622971607156,0,0.0,-4.575165917231061e-07,0,0,0,0,0,0,0,0
97,24928,rx_x500_body,/home/telilab4090/Documents/Gazebo World/my_world/rt_out/experiments/semantic_ablation_rigid_200f/sionna_xml/frame_097_sionna.xml,30.0,0.0,0.0,2.4,-3.9279,3.2024,1.3944,28000000000.0,23,1.7234324189985273e-08,7.465505547088469e-08,5.742073128089942e-08,3.3723893011483597e-08,-74.72062297160716,-44.720622971607156,cir_coefficients_tau_mask,,"[1, 1, 1, 1, 23, 1]","[1, 1, 23]","[1, 1, 23]","[1, 1, 23]",,True,,23,5.742073128089942e-08,-44.72062342912375,0,0.0,4.575165917231061e-07,0,0,0,0,0,0,0,0
98,25185,rx_x500_body,/home/telilab4090/Documents/Gazebo World/my_world/rt_out/experiments/semantic_ablation_rigid_200f/sionna_xml/frame_098_sionna.xml,30.0,0.0,0.0,2.4,-3.9279,3.2024,1.3944,28000000000.0,23,1.7234324189985273e-08,7.465505547088469e-08,5.742073128089942e-08,3.372388945876992e-08,-74.72062342912375,-44.72062342912375,cir_coefficients_tau_mask,,"[1, 1, 1, 1, 23, 1]","[1, 1, 23]","[1, 1, 23]","[1, 1, 23]",,True,,23,5.742073128089942e-08,-44.720622971607156,0,0.0,-4.575165917231061e-07,0,0,0,0,0,0,0,0
99,25442,rx_x500_body,/home/telilab4090/Documents/Gazebo World/my_world/rt_out/experiments/semantic_ablation_rigid_200f/sionna_xml/frame_099_sionna.xml,30.0,0.0,0.0,2.4,-3.9279,3.2024,1.3944,28000000000.0,23,1.7234324189985273e-08,7.465505547088469e-08,5.742073128089942e-08,3.3723893011483597e-08,-74.72062297160716,-44.720622971607156,cir_coefficients_tau_mask,,"[1, 1, 1, 1, 23, 1]","[1, 1, 23]","[1, 1, 23]","[1, 1, 23]",,True,,23,5.742073128089942e-08,-44.72062342912375,0,0.0,4.575165917231061e-07,0,0,0,0,0,0,0,0
100,25698,rx_x500_body,/home/telilab4090/Documents/Gazebo World/my_world/rt_out/experiments/semantic_ablation_rigid_200f/sionna_xml/frame_100_sionna.xml,30.0,0.0,0.0,2.4,-3.9279,3.2024,1.3944,28000000000.0,23,1.7234324189985273e-08,7.465505547088469e-08,5.742073128089942e-08,3.3723893011483597e-08,-74.72062297160716,-44.720622971607156,cir_coefficients_tau_mask,,"[1, 1, 1, 1, 23, 1]","[1, 1, 23]","[1, 1, 23]","[1, 1, 23]",,True,,23,5.742073128089942e-08,-44.720622971607156,0,0.0,0.0,0,0,0,0,0,0,0,0
101,25955,rx_x500_body,/home/telilab4090/Documents/Gazebo World/my_world/rt_out/experiments/semantic_ablation_rigid_200f/sionna_xml/frame_101_sionna.xml,30.0,0.0,0.0,2.4,-3.9279,3.2024,1.3944,28000000000.0,23,1.7234324189985273e-08,7.465505547088469e-08,5.742073128089942e-08,3.372388945876992e-08,-74.72062342912375,-44.72062342912375,cir_coefficients_tau_mask,,"[1, 1, 1, 1, 23, 1]","[1, 1, 23]","[1, 1, 23]","[1, 1, 23]",,True,,23,5.742073128089942e-08,-44.720622971607156,0,0.0,-4.575165917231061e-07,0,0,0,0,0,0,0,0
102,26212,rx_x500_body,/home/telilab4090/Documents/Gazebo World/my_world/rt_out/experiments/semantic_ablation_rigid_200f/sionna_xml/frame_102_sionna.xml,30.0,0.0,0.0,2.4,-3.9279,3.2024,1.3944,28000000000.0,23,1.7234324189985273e-08,7.465505547088469e-08,5.742073128089942e-08,3.372388945876992e-08,-74.72062342912375,-44.72062342912375,cir_coefficients_tau_mask,,"[1, 1, 1, 1, 23, 1]","[1, 1, 23]","[1, 1, 23]","[1, 1, 23]",,True,,23,5.742073128089942e-08,-44.72062342912375,0,0.0,0.0,0,0,0,0,0,0,0,0
103,26469,rx_x500_body,/home/telilab4090/Documents/Gazebo World/my_world/rt_out/experiments/semantic_ablation_rigid_200f/sionna_xml/frame_103_sionna.xml,30.0,0.0,0.0,2.4,-3.9279,3.2024,1.3944,28000000000.0,23,1.7234324189985273e-08,7.465505547088469e-08,5.742073128089942e-08,3.372388945876992e-08,-74.72062342912375,-44.72062342912375,cir_coefficients_tau_mask,,"[1, 1, 1, 1, 23, 1]","[1, 1, 23]","[1, 1, 23]","[1, 1, 23]",,True,,23,5.742073128089942e-08,-44.72062342912375,0,0.0,0.0,0,0,0,0,0,0,0,0
104,26726,rx_x500_body,/home/telilab4090/Documents/Gazebo World/my_world/rt_out/experiments/semantic_ablation_rigid_200f/sionna_xml/frame_104_sionna.xml,30.0,0.0,0.0,2.4,-3.9279,3.2024,1.3944,28000000000.0,23,1.7234324189985273e-08,7.465505547088469e-08,5.742073128089942e-08,3.372388945876992e-08,-74.72062342912375,-44.72062342912375,cir_coefficients_tau_mask,,"[1, 1, 1, 1, 23, 1]","[1, 1, 23]","[1, 1, 23]","[1, 1, 23]",,True,,23,5.742073128089942e-08,-44.72062342912375,0,0.0,0.0,0,0,0,0,0,0,0,0
105,26983,rx_x500_body,/home/telilab4090/Documents/Gazebo World/my_world/rt_out/experiments/semantic_ablation_rigid_200f/sionna_xml/frame_105_sionna.xml,30.0,0.0,0.0,2.4,-3.9279,3.2024,1.3944,28000000000.0,23,1.7234324189985273e-08,7.465505547088469e-08,5.742073128089942e-08,3.372388945876992e-08,-74.72062342912375,-44.72062342912375,cir_coefficients_tau_mask,,"[1, 1, 1, 1, 23, 1]","[1, 1, 23]","[1, 1, 23]","[1, 1, 23]",,True,,23,5.742073128089942e-08,-44.72062342912375,0,0.0,0.0,0,0,0,0,0,0,0,0
106,27240,rx_x500_body,/home/telilab4090/Documents/Gazebo World/my_world/rt_out/experiments/semantic_ablation_rigid_200f/sionna_xml/frame_106_sionna.xml,30.0,0.0,0.0,2.4,-3.9279,3.2024,1.3944,28000000000.0,23,1.7234324189985273e-08,7.465505547088469e-08,5.742073128089942e-08,3.372388945876992e-08,-74.72062342912375,-44.72062342912375,cir_coefficients_tau_mask,,"[1, 1, 1, 1, 23, 1]","[1, 1, 23]","[1, 1, 23]","[1, 1, 23]",,True,,23,5.742073128089942e-08,-44.72062342912375,0,0.0,0.0,0,0,0,0,0,0,0,0
107,27497,rx_x500_body,/home/telilab4090/Documents/Gazebo World/my_world/rt_out/experiments/semantic_ablation_rigid_200f/sionna_xml/frame_107_sionna.xml,30.0,0.0,0.0,2.4,-3.9279,3.2024,1.3944,28000000000.0,23,1.7234324189985273e-08,7.465505547088469e-08,5.742073128089942e-08,3.3723893011483597e-08,-74.72062297160716,-44.720622971607156,cir_coefficients_tau_mask,,"[1, 1, 1, 1, 23, 1]","[1, 1, 23]","[1, 1, 23]","[1, 1, 23]",,True,,23,5.742073128089942e-08,-44.72062342912375,0,0.0,4.575165917231061e-07,0,0,0,0,0,0,0,0
108,27754,rx_x500_body,/home/telilab4090/Documents/Gazebo World/my_world/rt_out/experiments/semantic_ablation_rigid_200f/sionna_xml/frame_108_sionna.xml,30.0,0.0,0.0,2.4,-3.9279,3.2024,1.3944,28000000000.0,23,1.7234324189985273e-08,7.465505547088469e-08,5.742073128089942e-08,3.372388590605624e-08,-74.72062388664037,-44.72062388664037,cir_coefficients_tau_mask,,"[1, 1, 1, 1, 23, 1]","[1, 1, 23]","[1, 1, 23]","[1, 1, 23]",,True,,23,5.742073128089942e-08,-44.720622971607156,0,0.0,-9.150332118679216e-07,0,0,0,0,0,0,0,0
109,28011,rx_x500_body,/home/telilab4090/Documents/Gazebo World/my_world/rt_out/experiments/semantic_ablation_rigid_200f/sionna_xml/frame_109_sionna.xml,30.0,0.0,0.0,2.4,-3.9279,3.2024,1.3944,28000000000.0,23,1.7234324189985273e-08,7.465505547088469e-08,5.742073128089942e-08,3.3723893011483597e-08,-74.72062297160716,-44.720622971607156,cir_coefficients_tau_mask,,"[1, 1, 1, 1, 23, 1]","[1, 1, 23]","[1, 1, 23]","[1, 1, 23]",,True,,23,5.742073128089942e-08,-44.72062388664037,0,0.0,9.150332118679216e-07,0,0,0,0,0,0,0,0
110,28268,rx_x500_body,/home/telilab4090/Documents/Gazebo World/my_world/rt_out/experiments/semantic_ablation_rigid_200f/sionna_xml/frame_110_sionna.xml,30.0,0.0,0.0,2.4,-3.9279,3.2024,1.3944,28000000000.0,22,1.7234324189985273e-08,7.465505547088469e-08,5.742073128089942e-08,3.371402002017021e-08,-74.72189459627204,-44.72189459627204,cir_coefficients_tau_mask,,"[1, 1, 1, 1, 22, 1]","[1, 1, 22]","[1, 1, 22]","[1, 1, 22]",,True,,23,5.742073128089942e-08,-44.720622971607156,-1,0.0,-0.0012716246648807328,1,1,0,0,0,0,0,0
111,28525,rx_x500_body,/home/telilab4090/Documents/Gazebo World/my_world/rt_out/experiments/semantic_ablation_rigid_200f/sionna_xml/frame_111_sionna.xml,30.0,0.0,0.0,2.4,-3.9279,3.2024,1.3944,28000000000.0,23,1.7234324189985273e-08,7.465505547088469e-08,5.742073128089942e-08,3.3723896564197275e-08,-74.72062251409062,-44.72062251409062,cir_coefficients_tau_mask,,"[1, 1, 1, 1, 23, 1]","[1, 1, 23]","[1, 1, 23]","[1, 1, 23]",,True,,22,5.742073128089942e-08,-44.72189459627204,1,0.0,0.0012720821814156125,1,0,0,0,0,0,0,0
112,28782,rx_x500_body,/home/telilab4090/Documents/Gazebo World/my_world/rt_out/experiments/semantic_ablation_rigid_200f/sionna_xml/frame_112_sionna.xml,30.0,0.0,0.0,2.4,-3.9279,3.2024,1.3944,28000000000.0,23,1.7234324189985273e-08,7.465505547088469e-08,5.742073128089942e-08,3.372388945876992e-08,-74.72062342912375,-44.72062342912375,cir_coefficients_tau_mask,,"[1, 1, 1, 1, 23, 1]","[1, 1, 23]","[1, 1, 23]","[1, 1, 23]",,True,,23,5.742073128089942e-08,-44.72062251409062,0,0.0,-9.150331266027933e-07,0,0,0,0,0,0,0,0
113,29039,rx_x500_body,/home/telilab4090/Documents/Gazebo World/my_world/rt_out/experiments/semantic_ablation_rigid_200f/sionna_xml/frame_113_sionna.xml,30.0,0.0,0.0,2.4,-3.9279,3.2024,1.3944,28000000000.0,23,1.7234324189985273e-08,7.465505547088469e-08,5.742073128089942e-08,3.3723893011483597e-08,-74.72062297160716,-44.720622971607156,cir_coefficients_tau_mask,,"[1, 1, 1, 1, 23, 1]","[1, 1, 23]","[1, 1, 23]","[1, 1, 23]",,True,,23,5.742073128089942e-08,-44.72062342912375,0,0.0,4.575165917231061e-07,0,0,0,0,0,0,0,0
114,29296,rx_x500_body,/home/telilab4090/Documents/Gazebo World/my_world/rt_out/experiments/semantic_ablation_rigid_200f/sionna_xml/frame_114_sionna.xml,30.0,0.0,0.0,2.4,-3.9279,3.2024,1.3944,28000000000.0,23,1.7234324189985273e-08,7.465505547088469e-08,5.742073128089942e-08,3.3723893011483597e-08,-74.72062297160716,-44.720622971607156,cir_coefficients_tau_mask,,"[1, 1, 1, 1, 23, 1]","[1, 1, 23]","[1, 1, 23]","[1, 1, 23]",,True,,23,5.742073128089942e-08,-44.720622971607156,0,0.0,0.0,0,0,0,0,0,0,0,0
115,29553,rx_x500_body,/home/telilab4090/Documents/Gazebo World/my_world/rt_out/experiments/semantic_ablation_rigid_200f/sionna_xml/frame_115_sionna.xml,30.0,0.0,0.0,2.4,-3.9279,3.2024,1.3944,28000000000.0,23,1.7234324189985273e-08,7.465505547088469e-08,5.742073128089942e-08,3.372388945876992e-08,-74.72062342912375,-44.72062342912375,cir_coefficients_tau_mask,,"[1, 1, 1, 1, 23, 1]","[1, 1, 23]","[1, 1, 23]","[1, 1, 23]",,True,,23,5.742073128089942e-08,-44.720622971607156,0,0.0,-4.575165917231061e-07,0,0,0,0,0,0,0,0
116,29810,rx_x500_body,/home/telilab4090/Documents/Gazebo World/my_world/rt_out/experiments/semantic_ablation_rigid_200f/sionna_xml/frame_116_sionna.xml,30.0,0.0,0.0,2.4,-3.9279,3.2024,1.3944,28000000000.0,23,1.7234324189985273e-08,7.465505547088469e-08,5.742073128089942e-08,3.3723893011483597e-08,-74.72062297160716,-44.720622971607156,cir_coefficients_tau_mask,,"[1, 1, 1, 1, 23, 1]","[1, 1, 23]","[1, 1, 23]","[1, 1, 23]",,True,,23,5.742073128089942e-08,-44.72062342912375,0,0.0,4.575165917231061e-07,0,0,0,0,0,0,0,0
117,30067,rx_x500_body,/home/telilab4090/Documents/Gazebo World/my_world/rt_out/experiments/semantic_ablation_rigid_200f/sionna_xml/frame_117_sionna.xml,30.0,0.0,0.0,2.4,-3.9279,3.2024,1.3944,28000000000.0,23,1.7234324189985273e-08,7.465505547088469e-08,5.742073128089942e-08,3.372388590605624e-08,-74.72062388664037,-44.72062388664037,cir_coefficients_tau_mask,,"[1, 1, 1, 1, 23, 1]","[1, 1, 23]","[1, 1, 23]","[1, 1, 23]",,True,,23,5.742073128089942e-08,-44.720622971607156,0,0.0,-9.150332118679216e-07,0,0,0,0,0,0,0,0
118,30324,rx_x500_body,/home/telilab4090/Documents/Gazebo World/my_world/rt_out/experiments/semantic_ablation_rigid_200f/sionna_xml/frame_118_sionna.xml,30.0,0.0,0.0,2.4,-3.9279,3.2024,1.3944,28000000000.0,22,1.7234324189985273e-08,7.465505547088469e-08,5.742073128089942e-08,3.3687346245869776e-08,-74.72533199650195,-44.72533199650195,cir_coefficients_tau_mask,,"[1, 1, 1, 1, 22, 1]","[1, 1, 22]","[1, 1, 22]","[1, 1, 22]",,True,,23,5.742073128089942e-08,-44.72062388664037,-1,0.0,-0.004708109861581988,1,1,0,0,0,0,0,0
119,30581,rx_x500_body,/home/telilab4090/Documents/Gazebo World/my_world/rt_out/experiments/semantic_ablation_rigid_200f/sionna_xml/frame_119_sionna.xml,30.0,0.0,0.0,2.4,-3.9279,3.2024,1.3944,28000000000.0,23,1.7234324189985273e-08,7.465505547088469e-08,5.742073128089942e-08,3.372388945876992e-08,-74.72062342912375,-44.72062342912375,cir_coefficients_tau_mask,,"[1, 1, 1, 1, 23, 1]","[1, 1, 23]","[1, 1, 23]","[1, 1, 23]",,True,,22,5.742073128089942e-08,-44.72533199650195,1,0.0,0.004708567378202133,1,0,0,0,0,0,0,0
120,30838,rx_x500_body,/home/telilab4090/Documents/Gazebo World/my_world/rt_out/experiments/semantic_ablation_rigid_200f/sionna_xml/frame_120_sionna.xml,30.0,0.0,0.0,2.4,-3.9279,3.2024,1.3944,28000000000.0,23,1.7234324189985273e-08,7.465505547088469e-08,5.742073128089942e-08,3.372388590605624e-08,-74.72062388664037,-44.72062388664037,cir_coefficients_tau_mask,,"[1, 1, 1, 1, 23, 1]","[1, 1, 23]","[1, 1, 23]","[1, 1, 23]",,True,,23,5.742073128089942e-08,-44.72062342912375,0,0.0,-4.5751662014481553e-07,0,0,0,0,0,0,0,0
121,31095,rx_x500_body,/home/telilab4090/Documents/Gazebo World/my_world/rt_out/experiments/semantic_ablation_rigid_200f/sionna_xml/frame_121_sionna.xml,30.0,0.0,0.0,2.4,-3.9279,3.2024,1.3944,28000000000.0,23,1.7234324189985273e-08,7.465505547088469e-08,5.742073128089942e-08,3.372388945876992e-08,-74.72062342912375,-44.72062342912375,cir_coefficients_tau_mask,,"[1, 1, 1, 1, 23, 1]","[1, 1, 23]","[1, 1, 23]","[1, 1, 23]",,True,,23,5.742073128089942e-08,-44.72062388664037,0,0.0,4.5751662014481553e-07,0,0,0,0,0,0,0,0
122,31352,rx_x500_body,/home/telilab4090/Documents/Gazebo World/my_world/rt_out/experiments/semantic_ablation_rigid_200f/sionna_xml/frame_122_sionna.xml,30.0,0.0,0.0,2.4,-3.9279,3.2024,1.3944,28000000000.0,23,1.7234324189985273e-08,7.465505547088469e-08,5.742073128089942e-08,3.372388590605624e-08,-74.72062388664037,-44.72062388664037,cir_coefficients_tau_mask,,"[1, 1, 1, 1, 23, 1]","[1, 1, 23]","[1, 1, 23]","[1, 1, 23]",,True,,23,5.742073128089942e-08,-44.72062342912375,0,0.0,-4.5751662014481553e-07,0,0,0,0,0,0,0,0
123,31609,rx_x500_body,/home/telilab4090/Documents/Gazebo World/my_world/rt_out/experiments/semantic_ablation_rigid_200f/sionna_xml/frame_123_sionna.xml,30.0,0.0,0.0,2.4,-3.9279,3.2024,1.3944,28000000000.0,23,1.7234324189985273e-08,7.465505547088469e-08,5.742073128089942e-08,3.372388945876992e-08,-74.72062342912375,-44.72062342912375,cir_coefficients_tau_mask,,"[1, 1, 1, 1, 23, 1]","[1, 1, 23]","[1, 1, 23]","[1, 1, 23]",,True,,23,5.742073128089942e-08,-44.72062388664037,0,0.0,4.5751662014481553e-07,0,0,0,0,0,0,0,0
124,31866,rx_x500_body,/home/telilab4090/Documents/Gazebo World/my_world/rt_out/experiments/semantic_ablation_rigid_200f/sionna_xml/frame_124_sionna.xml,30.0,0.0,0.0,2.4,-3.9279,3.2024,1.3944,28000000000.0,23,1.7234324189985273e-08,7.465505547088469e-08,5.742073128089942e-08,3.372388945876992e-08,-74.72062342912375,-44.72062342912375,cir_coefficients_tau_mask,,"[1, 1, 1, 1, 23, 1]","[1, 1, 23]","[1, 1, 23]","[1, 1, 23]",,True,,23,5.742073128089942e-08,-44.72062342912375,0,0.0,0.0,0,0,0,0,0,0,0,0
125,32123,rx_x500_body,/home/telilab4090/Documents/Gazebo World/my_world/rt_out/experiments/semantic_ablation_rigid_200f/sionna_xml/frame_125_sionna.xml,30.0,0.0,0.0,2.4,-3.9279,3.2024,1.3944,28000000000.0,23,1.7234324189985273e-08,7.465505547088469e-08,5.742073128089942e-08,3.372388590605624e-08,-74.72062388664037,-44.72062388664037,cir_coefficients_tau_mask,,"[1, 1, 1, 1, 23, 1]","[1, 1, 23]","[1, 1, 23]","[1, 1, 23]",,True,,23,5.742073128089942e-08,-44.72062342912375,0,0.0,-4.5751662014481553e-07,0,0,0,0,0,0,0,0
126,32380,rx_x500_body,/home/telilab4090/Documents/Gazebo World/my_world/rt_out/experiments/semantic_ablation_rigid_200f/sionna_xml/frame_126_sionna.xml,30.0,0.0,0.0,2.4,-3.9279,3.2024,1.3944,28000000000.0,23,1.7234324189985273e-08,7.465505547088469e-08,5.742073128089942e-08,3.372388945876992e-08,-74.72062342912375,-44.72062342912375,cir_coefficients_tau_mask,,"[1, 1, 1, 1, 23, 1]","[1, 1, 23]","[1, 1, 23]","[1, 1, 23]",,True,,23,5.742073128089942e-08,-44.72062388664037,0,0.0,4.5751662014481553e-07,0,0,0,0,0,0,0,0
127,32637,rx_x500_body,/home/telilab4090/Documents/Gazebo World/my_world/rt_out/experiments/semantic_ablation_rigid_200f/sionna_xml/frame_127_sionna.xml,30.0,0.0,0.0,2.4,-3.9279,3.2024,1.3944,28000000000.0,23,1.7234324189985273e-08,7.465505547088469e-08,5.742073128089942e-08,3.372388235334256e-08,-74.72062434415706,-44.72062434415706,cir_coefficients_tau_mask,,"[1, 1, 1, 1, 23, 1]","[1, 1, 23]","[1, 1, 23]","[1, 1, 23]",,True,,23,5.742073128089942e-08,-44.72062342912375,0,0.0,-9.150333113439046e-07,0,0,0,0,0,0,0,0
128,32894,rx_x500_body,/home/telilab4090/Documents/Gazebo World/my_world/rt_out/experiments/semantic_ablation_rigid_200f/sionna_xml/frame_128_sionna.xml,30.0,0.0,0.0,2.4,-3.9279,3.2024,1.3944,28000000000.0,23,1.7234324189985273e-08,7.465505547088469e-08,5.742073128089942e-08,3.3723893011483597e-08,-74.72062297160716,-44.720622971607156,cir_coefficients_tau_mask,,"[1, 1, 1, 1, 23, 1]","[1, 1, 23]","[1, 1, 23]","[1, 1, 23]",,True,,23,5.742073128089942e-08,-44.72062434415706,0,0.0,1.3725499030670107e-06,0,0,0,0,0,0,0,0
129,33151,rx_x500_body,/home/telilab4090/Documents/Gazebo World/my_world/rt_out/experiments/semantic_ablation_rigid_200f/sionna_xml/frame_129_sionna.xml,30.0,0.0,0.0,2.4,-3.9279,3.2024,1.3944,28000000000.0,23,1.7234324189985273e-08,7.465505547088469e-08,5.742073128089942e-08,3.372388590605624e-08,-74.72062388664037,-44.72062388664037,cir_coefficients_tau_mask,,"[1, 1, 1, 1, 23, 1]","[1, 1, 23]","[1, 1, 23]","[1, 1, 23]",,True,,23,5.742073128089942e-08,-44.720622971607156,0,0.0,-9.150332118679216e-07,0,0,0,0,0,0,0,0
130,33408,rx_x500_body,/home/telilab4090/Documents/Gazebo World/my_world/rt_out/experiments/semantic_ablation_rigid_200f/sionna_xml/frame_130_sionna.xml,30.0,0.0,0.0,2.4,-3.9279,3.2024,1.3944,28000000000.0,23,1.7234324189985273e-08,7.465505547088469e-08,5.742073128089942e-08,3.372388590605624e-08,-74.72062388664037,-44.72062388664037,cir_coefficients_tau_mask,,"[1, 1, 1, 1, 23, 1]","[1, 1, 23]","[1, 1, 23]","[1, 1, 23]",,True,,23,5.742073128089942e-08,-44.72062388664037,0,0.0,0.0,0,0,0,0,0,0,0,0
131,33665,rx_x500_body,/home/telilab4090/Documents/Gazebo World/my_world/rt_out/experiments/semantic_ablation_rigid_200f/sionna_xml/frame_131_sionna.xml,30.0,0.0,0.0,2.4,-3.9279,3.2024,1.3944,28000000000.0,23,1.7234324189985273e-08,7.465505547088469e-08,5.742073128089942e-08,3.372388945876992e-08,-74.72062342912375,-44.72062342912375,cir_coefficients_tau_mask,,"[1, 1, 1, 1, 23, 1]","[1, 1, 23]","[1, 1, 23]","[1, 1, 23]",,True,,23,5.742073128089942e-08,-44.72062388664037,0,0.0,4.5751662014481553e-07,0,0,0,0,0,0,0,0
132,33922,rx_x500_body,/home/telilab4090/Documents/Gazebo World/my_world/rt_out/experiments/semantic_ablation_rigid_200f/sionna_xml/frame_132_sionna.xml,30.0,0.0,0.0,2.4,-3.9279,3.2024,1.3944,28000000000.0,23,1.7234324189985273e-08,7.465505547088469e-08,5.742073128089942e-08,3.372388590605624e-08,-74.72062388664037,-44.72062388664037,cir_coefficients_tau_mask,,"[1, 1, 1, 1, 23, 1]","[1, 1, 23]","[1, 1, 23]","[1, 1, 23]",,True,,23,5.742073128089942e-08,-44.72062342912375,0,0.0,-4.5751662014481553e-07,0,0,0,0,0,0,0,0
133,34179,rx_x500_body,/home/telilab4090/Documents/Gazebo World/my_world/rt_out/experiments/semantic_ablation_rigid_200f/sionna_xml/frame_133_sionna.xml,30.0,0.0,0.0,2.4,-3.9279,3.2024,1.3944,28000000000.0,23,1.7234324189985273e-08,7.465505547088469e-08,5.742073128089942e-08,3.372388590605624e-08,-74.72062388664037,-44.72062388664037,cir_coefficients_tau_mask,,"[1, 1, 1, 1, 23, 1]","[1, 1, 23]","[1, 1, 23]","[1, 1, 23]",,True,,23,5.742073128089942e-08,-44.72062388664037,0,0.0,0.0,0,0,0,0,0,0,0,0
134,34436,rx_x500_body,/home/telilab4090/Documents/Gazebo World/my_world/rt_out/experiments/semantic_ablation_rigid_200f/sionna_xml/frame_134_sionna.xml,30.0,0.0,0.0,2.4,-3.9279,3.2024,1.3944,28000000000.0,23,1.7234324189985273e-08,7.465505547088469e-08,5.742073128089942e-08,3.372388945876992e-08,-74.72062342912375,-44.72062342912375,cir_coefficients_tau_mask,,"[1, 1, 1, 1, 23, 1]","[1, 1, 23]","[1, 1, 23]","[1, 1, 23]",,True,,23,5.742073128089942e-08,-44.72062388664037,0,0.0,4.5751662014481553e-07,0,0,0,0,0,0,0,0
135,34693,rx_x500_body,/home/telilab4090/Documents/Gazebo World/my_world/rt_out/experiments/semantic_ablation_rigid_200f/sionna_xml/frame_135_sionna.xml,30.0,0.0,0.0,2.4,-3.9279,3.2024,1.3944,28000000000.0,23,1.7234324189985273e-08,7.465505547088469e-08,5.742073128089942e-08,3.3723893011483597e-08,-74.72062297160716,-44.720622971607156,cir_coefficients_tau_mask,,"[1, 1, 1, 1, 23, 1]","[1, 1, 23]","[1, 1, 23]","[1, 1, 23]",,True,,23,5.742073128089942e-08,-44.72062342912375,0,0.0,4.575165917231061e-07,0,0,0,0,0,0,0,0
136,34950,rx_x500_body,/home/telilab4090/Documents/Gazebo World/my_world/rt_out/experiments/semantic_ablation_rigid_200f/sionna_xml/frame_136_sionna.xml,30.0,0.0,0.0,2.4,-3.9279,3.2024,1.3944,28000000000.0,23,1.7234324189985273e-08,7.465505547088469e-08,5.742073128089942e-08,3.3723893011483597e-08,-74.72062297160716,-44.720622971607156,cir_coefficients_tau_mask,,"[1, 1, 1, 1, 23, 1]","[1, 1, 23]","[1, 1, 23]","[1, 1, 23]",,True,,23,5.742073128089942e-08,-44.720622971607156,0,0.0,0.0,0,0,0,0,0,0,0,0
137,35207,rx_x500_body,/home/telilab4090/Documents/Gazebo World/my_world/rt_out/experiments/semantic_ablation_rigid_200f/sionna_xml/frame_137_sionna.xml,30.0,0.0,0.0,2.4,-3.9279,3.2024,1.3944,28000000000.0,23,1.7234324189985273e-08,7.465505547088469e-08,5.742073128089942e-08,3.372388945876992e-08,-74.72062342912375,-44.72062342912375,cir_coefficients_tau_mask,,"[1, 1, 1, 1, 23, 1]","[1, 1, 23]","[1, 1, 23]","[1, 1, 23]",,True,,23,5.742073128089942e-08,-44.720622971607156,0,0.0,-4.575165917231061e-07,0,0,0,0,0,0,0,0
138,35464,rx_x500_body,/home/telilab4090/Documents/Gazebo World/my_world/rt_out/experiments/semantic_ablation_rigid_200f/sionna_xml/frame_138_sionna.xml,30.0,0.0,0.0,2.4,-3.9279,3.2024,1.3944,28000000000.0,23,1.7234324189985273e-08,7.465505547088469e-08,5.742073128089942e-08,3.372388945876992e-08,-74.72062342912375,-44.72062342912375,cir_coefficients_tau_mask,,"[1, 1, 1, 1, 23, 1]","[1, 1, 23]","[1, 1, 23]","[1, 1, 23]",,True,,23,5.742073128089942e-08,-44.72062342912375,0,0.0,0.0,0,0,0,0,0,0,0,0
139,35721,rx_x500_body,/home/telilab4090/Documents/Gazebo World/my_world/rt_out/experiments/semantic_ablation_rigid_200f/sionna_xml/frame_139_sionna.xml,30.0,0.0,0.0,2.4,-3.9279,3.2024,1.3944,28000000000.0,23,1.7234324189985273e-08,7.465505547088469e-08,5.742073128089942e-08,3.372388590605624e-08,-74.72062388664037,-44.72062388664037,cir_coefficients_tau_mask,,"[1, 1, 1, 1, 23, 1]","[1, 1, 23]","[1, 1, 23]","[1, 1, 23]",,True,,23,5.742073128089942e-08,-44.72062342912375,0,0.0,-4.5751662014481553e-07,0,0,0,0,0,0,0,0
140,35978,rx_x500_body,/home/telilab4090/Documents/Gazebo World/my_world/rt_out/experiments/semantic_ablation_rigid_200f/sionna_xml/frame_140_sionna.xml,30.0,0.0,0.0,2.4,-3.9279,3.2024,1.3944,28000000000.0,23,1.7234324189985273e-08,7.465505547088469e-08,5.742073128089942e-08,3.3723893011483597e-08,-74.72062297160716,-44.720622971607156,cir_coefficients_tau_mask,,"[1, 1, 1, 1, 23, 1]","[1, 1, 23]","[1, 1, 23]","[1, 1, 23]",,True,,23,5.742073128089942e-08,-44.72062388664037,0,0.0,9.150332118679216e-07,0,0,0,0,0,0,0,0
141,36235,rx_x500_body,/home/telilab4090/Documents/Gazebo World/my_world/rt_out/experiments/semantic_ablation_rigid_200f/sionna_xml/frame_141_sionna.xml,30.0,0.0,0.0,2.4,-3.9279,3.2024,1.3944,28000000000.0,23,1.7234324189985273e-08,7.465505547088469e-08,5.742073128089942e-08,3.3723893011483597e-08,-74.72062297160716,-44.720622971607156,cir_coefficients_tau_mask,,"[1, 1, 1, 1, 23, 1]","[1, 1, 23]","[1, 1, 23]","[1, 1, 23]",,True,,23,5.742073128089942e-08,-44.720622971607156,0,0.0,0.0,0,0,0,0,0,0,0,0
142,36492,rx_x500_body,/home/telilab4090/Documents/Gazebo World/my_world/rt_out/experiments/semantic_ablation_rigid_200f/sionna_xml/frame_142_sionna.xml,30.0,0.0,0.0,2.4,-3.9279,3.2024,1.3944,28000000000.0,23,1.7234324189985273e-08,7.465505547088469e-08,5.742073128089942e-08,3.372388590605624e-08,-74.72062388664037,-44.72062388664037,cir_coefficients_tau_mask,,"[1, 1, 1, 1, 23, 1]","[1, 1, 23]","[1, 1, 23]","[1, 1, 23]",,True,,23,5.742073128089942e-08,-44.720622971607156,0,0.0,-9.150332118679216e-07,0,0,0,0,0,0,0,0
143,36749,rx_x500_body,/home/telilab4090/Documents/Gazebo World/my_world/rt_out/experiments/semantic_ablation_rigid_200f/sionna_xml/frame_143_sionna.xml,30.0,0.0,0.0,2.4,-3.9279,3.2024,1.3944,28000000000.0,23,1.7234324189985273e-08,7.465505547088469e-08,5.742073128089942e-08,3.3723893011483597e-08,-74.72062297160716,-44.720622971607156,cir_coefficients_tau_mask,,"[1, 1, 1, 1, 23, 1]","[1, 1, 23]","[1, 1, 23]","[1, 1, 23]",,True,,23,5.742073128089942e-08,-44.72062388664037,0,0.0,9.150332118679216e-07,0,0,0,0,0,0,0,0
144,37006,rx_x500_body,/home/telilab4090/Documents/Gazebo World/my_world/rt_out/experiments/semantic_ablation_rigid_200f/sionna_xml/frame_144_sionna.xml,30.0,0.0,0.0,2.4,-3.9279,3.2024,1.3944,28000000000.0,23,1.7234324189985273e-08,7.465505547088469e-08,5.742073128089942e-08,3.372388590605624e-08,-74.72062388664037,-44.72062388664037,cir_coefficients_tau_mask,,"[1, 1, 1, 1, 23, 1]","[1, 1, 23]","[1, 1, 23]","[1, 1, 23]",,True,,23,5.742073128089942e-08,-44.720622971607156,0,0.0,-9.150332118679216e-07,0,0,0,0,0,0,0,0
145,37263,rx_x500_body,/home/telilab4090/Documents/Gazebo World/my_world/rt_out/experiments/semantic_ablation_rigid_200f/sionna_xml/frame_145_sionna.xml,30.0,0.0,0.0,2.4,-3.9279,3.2024,1.3944,28000000000.0,23,1.7234324189985273e-08,7.465505547088469e-08,5.742073128089942e-08,3.372388945876992e-08,-74.72062342912375,-44.72062342912375,cir_coefficients_tau_mask,,"[1, 1, 1, 1, 23, 1]","[1, 1, 23]","[1, 1, 23]","[1, 1, 23]",,True,,23,5.742073128089942e-08,-44.72062388664037,0,0.0,4.5751662014481553e-07,0,0,0,0,0,0,0,0
146,37520,rx_x500_body,/home/telilab4090/Documents/Gazebo World/my_world/rt_out/experiments/semantic_ablation_rigid_200f/sionna_xml/frame_146_sionna.xml,30.0,0.0,0.0,2.4,-3.9279,3.2024,1.3944,28000000000.0,23,1.7234324189985273e-08,7.465505547088469e-08,5.742073128089942e-08,3.3723893011483597e-08,-74.72062297160716,-44.720622971607156,cir_coefficients_tau_mask,,"[1, 1, 1, 1, 23, 1]","[1, 1, 23]","[1, 1, 23]","[1, 1, 23]",,True,,23,5.742073128089942e-08,-44.72062342912375,0,0.0,4.575165917231061e-07,0,0,0,0,0,0,0,0
147,37777,rx_x500_body,/home/telilab4090/Documents/Gazebo World/my_world/rt_out/experiments/semantic_ablation_rigid_200f/sionna_xml/frame_147_sionna.xml,30.0,0.0,0.0,2.4,-3.9279,3.2024,1.3944,28000000000.0,23,1.7234324189985273e-08,7.465505547088469e-08,5.742073128089942e-08,3.3723893011483597e-08,-74.72062297160716,-44.720622971607156,cir_coefficients_tau_mask,,"[1, 1, 1, 1, 23, 1]","[1, 1, 23]","[1, 1, 23]","[1, 1, 23]",,True,,23,5.742073128089942e-08,-44.720622971607156,0,0.0,0.0,0,0,0,0,0,0,0,0
148,38034,rx_x500_body,/home/telilab4090/Documents/Gazebo World/my_world/rt_out/experiments/semantic_ablation_rigid_200f/sionna_xml/frame_148_sionna.xml,30.0,0.0,0.0,2.4,-3.9279,3.2024,1.3944,28000000000.0,23,1.7234324189985273e-08,7.465505547088469e-08,5.742073128089942e-08,3.372388945876992e-08,-74.72062342912375,-44.72062342912375,cir_coefficients_tau_mask,,"[1, 1, 1, 1, 23, 1]","[1, 1, 23]","[1, 1, 23]","[1, 1, 23]",,True,,23,5.742073128089942e-08,-44.720622971607156,0,0.0,-4.575165917231061e-07,0,0,0,0,0,0,0,0
149,38291,rx_x500_body,/home/telilab4090/Documents/Gazebo World/my_world/rt_out/experiments/semantic_ablation_rigid_200f/sionna_xml/frame_149_sionna.xml,30.0,0.0,0.0,2.4,-3.9279,3.2024,1.3944,28000000000.0,23,1.7234324189985273e-08,7.465505547088469e-08,5.742073128089942e-08,3.372388945876992e-08,-74.72062342912375,-44.72062342912375,cir_coefficients_tau_mask,,"[1, 1, 1, 1, 23, 1]","[1, 1, 23]","[1, 1, 23]","[1, 1, 23]",,True,,23,5.742073128089942e-08,-44.72062342912375,0,0.0,0.0,0,0,0,0,0,0,0,0
150,38548,rx_x500_body,/home/telilab4090/Documents/Gazebo World/my_world/rt_out/experiments/semantic_ablation_rigid_200f/sionna_xml/frame_150_sionna.xml,30.0,0.0,0.0,2.4,-3.9279,3.2024,1.3944,28000000000.0,23,1.7234324189985273e-08,7.465505547088469e-08,5.742073128089942e-08,3.3723893011483597e-08,-74.72062297160716,-44.720622971607156,cir_coefficients_tau_mask,,"[1, 1, 1, 1, 23, 1]","[1, 1, 23]","[1, 1, 23]","[1, 1, 23]",,True,,23,5.742073128089942e-08,-44.72062342912375,0,0.0,4.575165917231061e-07,0,0,0,0,0,0,0,0
151,38805,rx_x500_body,/home/telilab4090/Documents/Gazebo World/my_world/rt_out/experiments/semantic_ablation_rigid_200f/sionna_xml/frame_151_sionna.xml,30.0,0.0,0.0,2.4,-3.9279,3.2024,1.3944,28000000000.0,23,1.7234324189985273e-08,7.465505547088469e-08,5.742073128089942e-08,3.372388945876992e-08,-74.72062342912375,-44.72062342912375,cir_coefficients_tau_mask,,"[1, 1, 1, 1, 23, 1]","[1, 1, 23]","[1, 1, 23]","[1, 1, 23]",,True,,23,5.742073128089942e-08,-44.720622971607156,0,0.0,-4.575165917231061e-07,0,0,0,0,0,0,0,0
152,39062,rx_x500_body,/home/telilab4090/Documents/Gazebo World/my_world/rt_out/experiments/semantic_ablation_rigid_200f/sionna_xml/frame_152_sionna.xml,30.0,0.0,0.0,2.4,-3.9279,3.2024,1.3944,28000000000.0,23,1.7234324189985273e-08,7.465505547088469e-08,5.742073128089942e-08,3.372388945876992e-08,-74.72062342912375,-44.72062342912375,cir_coefficients_tau_mask,,"[1, 1, 1, 1, 23, 1]","[1, 1, 23]","[1, 1, 23]","[1, 1, 23]",,True,,23,5.742073128089942e-08,-44.72062342912375,0,0.0,0.0,0,0,0,0,0,0,0,0
153,39319,rx_x500_body,/home/telilab4090/Documents/Gazebo World/my_world/rt_out/experiments/semantic_ablation_rigid_200f/sionna_xml/frame_153_sionna.xml,30.0,0.0,0.0,2.4,-3.9279,3.2024,1.3944,28000000000.0,23,1.7234324189985273e-08,7.465505547088469e-08,5.742073128089942e-08,3.3723893011483597e-08,-74.72062297160716,-44.720622971607156,cir_coefficients_tau_mask,,"[1, 1, 1, 1, 23, 1]","[1, 1, 23]","[1, 1, 23]","[1, 1, 23]",,True,,23,5.742073128089942e-08,-44.72062342912375,0,0.0,4.575165917231061e-07,0,0,0,0,0,0,0,0
154,39576,rx_x500_body,/home/telilab4090/Documents/Gazebo World/my_world/rt_out/experiments/semantic_ablation_rigid_200f/sionna_xml/frame_154_sionna.xml,30.0,0.0,0.0,2.4,-3.9279,3.2024,1.3944,28000000000.0,23,1.7234324189985273e-08,7.465505547088469e-08,5.742073128089942e-08,3.372388590605624e-08,-74.72062388664037,-44.72062388664037,cir_coefficients_tau_mask,,"[1, 1, 1, 1, 23, 1]","[1, 1, 23]","[1, 1, 23]","[1, 1, 23]",,True,,23,5.742073128089942e-08,-44.720622971607156,0,0.0,-9.150332118679216e-07,0,0,0,0,0,0,0,0
155,39833,rx_x500_body,/home/telilab4090/Documents/Gazebo World/my_world/rt_out/experiments/semantic_ablation_rigid_200f/sionna_xml/frame_155_sionna.xml,30.0,0.0,0.0,2.4,-3.9279,3.2024,1.3944,28000000000.0,23,1.7234324189985273e-08,7.465505547088469e-08,5.742073128089942e-08,3.3723893011483597e-08,-74.72062297160716,-44.720622971607156,cir_coefficients_tau_mask,,"[1, 1, 1, 1, 23, 1]","[1, 1, 23]","[1, 1, 23]","[1, 1, 23]",,True,,23,5.742073128089942e-08,-44.72062388664037,0,0.0,9.150332118679216e-07,0,0,0,0,0,0,0,0
156,40090,rx_x500_body,/home/telilab4090/Documents/Gazebo World/my_world/rt_out/experiments/semantic_ablation_rigid_200f/sionna_xml/frame_156_sionna.xml,30.0,0.0,0.0,2.4,-3.9279,3.2024,1.3944,28000000000.0,23,1.7234324189985273e-08,7.465505547088469e-08,5.742073128089942e-08,3.372388945876992e-08,-74.72062342912375,-44.72062342912375,cir_coefficients_tau_mask,,"[1, 1, 1, 1, 23, 1]","[1, 1, 23]","[1, 1, 23]","[1, 1, 23]",,True,,23,5.742073128089942e-08,-44.720622971607156,0,0.0,-4.575165917231061e-07,0,0,0,0,0,0,0,0
157,40347,rx_x500_body,/home/telilab4090/Documents/Gazebo World/my_world/rt_out/experiments/semantic_ablation_rigid_200f/sionna_xml/frame_157_sionna.xml,30.0,0.0,0.0,2.4,-3.9279,3.2024,1.3944,28000000000.0,23,1.7234324189985273e-08,7.465505547088469e-08,5.742073128089942e-08,3.3723893011483597e-08,-74.72062297160716,-44.720622971607156,cir_coefficients_tau_mask,,"[1, 1, 1, 1, 23, 1]","[1, 1, 23]","[1, 1, 23]","[1, 1, 23]",,True,,23,5.742073128089942e-08,-44.72062342912375,0,0.0,4.575165917231061e-07,0,0,0,0,0,0,0,0
158,40604,rx_x500_body,/home/telilab4090/Documents/Gazebo World/my_world/rt_out/experiments/semantic_ablation_rigid_200f/sionna_xml/frame_158_sionna.xml,30.0,0.0,0.0,2.4,-3.9279,3.2024,1.3944,28000000000.0,23,1.7234324189985273e-08,7.465505547088469e-08,5.742073128089942e-08,3.3723893011483597e-08,-74.72062297160716,-44.720622971607156,cir_coefficients_tau_mask,,"[1, 1, 1, 1, 23, 1]","[1, 1, 23]","[1, 1, 23]","[1, 1, 23]",,True,,23,5.742073128089942e-08,-44.720622971607156,0,0.0,0.0,0,0,0,0,0,0,0,0
159,40861,rx_x500_body,/home/telilab4090/Documents/Gazebo World/my_world/rt_out/experiments/semantic_ablation_rigid_200f/sionna_xml/frame_159_sionna.xml,30.0,0.0,0.0,2.4,-3.9279,3.2024,1.3944,28000000000.0,23,1.7234324189985273e-08,7.465505547088469e-08,5.742073128089942e-08,3.372388945876992e-08,-74.72062342912375,-44.72062342912375,cir_coefficients_tau_mask,,"[1, 1, 1, 1, 23, 1]","[1, 1, 23]","[1, 1, 23]","[1, 1, 23]",,True,,23,5.742073128089942e-08,-44.720622971607156,0,0.0,-4.575165917231061e-07,0,0,0,0,0,0,0,0
160,41118,rx_x500_body,/home/telilab4090/Documents/Gazebo World/my_world/rt_out/experiments/semantic_ablation_rigid_200f/sionna_xml/frame_160_sionna.xml,30.0,0.0,0.0,2.4,-3.9279,3.2024,1.3944,28000000000.0,23,1.7234324189985273e-08,7.465505547088469e-08,5.742073128089942e-08,3.3723893011483597e-08,-74.72062297160716,-44.720622971607156,cir_coefficients_tau_mask,,"[1, 1, 1, 1, 23, 1]","[1, 1, 23]","[1, 1, 23]","[1, 1, 23]",,True,,23,5.742073128089942e-08,-44.72062342912375,0,0.0,4.575165917231061e-07,0,0,0,0,0,0,0,0
161,41375,rx_x500_body,/home/telilab4090/Documents/Gazebo World/my_world/rt_out/experiments/semantic_ablation_rigid_200f/sionna_xml/frame_161_sionna.xml,30.0,0.0,0.0,2.4,-3.9279,3.2024,1.3944,28000000000.0,23,1.7234324189985273e-08,7.465505547088469e-08,5.742073128089942e-08,3.3723893011483597e-08,-74.72062297160716,-44.720622971607156,cir_coefficients_tau_mask,,"[1, 1, 1, 1, 23, 1]","[1, 1, 23]","[1, 1, 23]","[1, 1, 23]",,True,,23,5.742073128089942e-08,-44.720622971607156,0,0.0,0.0,0,0,0,0,0,0,0,0
162,41632,rx_x500_body,/home/telilab4090/Documents/Gazebo World/my_world/rt_out/experiments/semantic_ablation_rigid_200f/sionna_xml/frame_162_sionna.xml,30.0,0.0,0.0,2.4,-3.9279,3.2024,1.3944,28000000000.0,23,1.7234324189985273e-08,7.465505547088469e-08,5.742073128089942e-08,3.372388945876992e-08,-74.72062342912375,-44.72062342912375,cir_coefficients_tau_mask,,"[1, 1, 1, 1, 23, 1]","[1, 1, 23]","[1, 1, 23]","[1, 1, 23]",,True,,23,5.742073128089942e-08,-44.720622971607156,0,0.0,-4.575165917231061e-07,0,0,0,0,0,0,0,0
163,41889,rx_x500_body,/home/telilab4090/Documents/Gazebo World/my_world/rt_out/experiments/semantic_ablation_rigid_200f/sionna_xml/frame_163_sionna.xml,30.0,0.0,0.0,2.4,-3.9279,3.2024,1.3944,28000000000.0,23,1.7234324189985273e-08,7.465505547088469e-08,5.742073128089942e-08,3.372388945876992e-08,-74.72062342912375,-44.72062342912375,cir_coefficients_tau_mask,,"[1, 1, 1, 1, 23, 1]","[1, 1, 23]","[1, 1, 23]","[1, 1, 23]",,True,,23,5.742073128089942e-08,-44.72062342912375,0,0.0,0.0,0,0,0,0,0,0,0,0
164,42146,rx_x500_body,/home/telilab4090/Documents/Gazebo World/my_world/rt_out/experiments/semantic_ablation_rigid_200f/sionna_xml/frame_164_sionna.xml,30.0,0.0,0.0,2.4,-3.9279,3.2024,1.3944,28000000000.0,23,1.7234324189985273e-08,7.465505547088469e-08,5.742073128089942e-08,3.372388590605624e-08,-74.72062388664037,-44.72062388664037,cir_coefficients_tau_mask,,"[1, 1, 1, 1, 23, 1]","[1, 1, 23]","[1, 1, 23]","[1, 1, 23]",,True,,23,5.742073128089942e-08,-44.72062342912375,0,0.0,-4.5751662014481553e-07,0,0,0,0,0,0,0,0
165,42403,rx_x500_body,/home/telilab4090/Documents/Gazebo World/my_world/rt_out/experiments/semantic_ablation_rigid_200f/sionna_xml/frame_165_sionna.xml,30.0,0.0,0.0,2.4,-3.9279,3.2024,1.3944,28000000000.0,23,1.7234324189985273e-08,7.465505547088469e-08,5.742073128089942e-08,3.372388590605624e-08,-74.72062388664037,-44.72062388664037,cir_coefficients_tau_mask,,"[1, 1, 1, 1, 23, 1]","[1, 1, 23]","[1, 1, 23]","[1, 1, 23]",,True,,23,5.742073128089942e-08,-44.72062388664037,0,0.0,0.0,0,0,0,0,0,0,0,0
166,42659,rx_x500_body,/home/telilab4090/Documents/Gazebo World/my_world/rt_out/experiments/semantic_ablation_rigid_200f/sionna_xml/frame_166_sionna.xml,30.0,0.0,0.0,2.4,-3.9279,3.2024,1.3944,28000000000.0,23,1.7234324189985273e-08,7.465505547088469e-08,5.742073128089942e-08,3.372388590605624e-08,-74.72062388664037,-44.72062388664037,cir_coefficients_tau_mask,,"[1, 1, 1, 1, 23, 1]","[1, 1, 23]","[1, 1, 23]","[1, 1, 23]",,True,,23,5.742073128089942e-08,-44.72062388664037,0,0.0,0.0,0,0,0,0,0,0,0,0
167,42916,rx_x500_body,/home/telilab4090/Documents/Gazebo World/my_world/rt_out/experiments/semantic_ablation_rigid_200f/sionna_xml/frame_167_sionna.xml,30.0,0.0,0.0,2.4,-3.9279,3.2024,1.3944,28000000000.0,23,1.7234324189985273e-08,7.465505547088469e-08,5.742073128089942e-08,3.3723893011483597e-08,-74.72062297160716,-44.720622971607156,cir_coefficients_tau_mask,,"[1, 1, 1, 1, 23, 1]","[1, 1, 23]","[1, 1, 23]","[1, 1, 23]",,True,,23,5.742073128089942e-08,-44.72062388664037,0,0.0,9.150332118679216e-07,0,0,0,0,0,0,0,0
168,43173,rx_x500_body,/home/telilab4090/Documents/Gazebo World/my_world/rt_out/experiments/semantic_ablation_rigid_200f/sionna_xml/frame_168_sionna.xml,30.0,0.0,0.0,2.4,-3.9279,3.2024,1.3944,28000000000.0,23,1.7234324189985273e-08,7.465505547088469e-08,5.742073128089942e-08,3.372388945876992e-08,-74.72062342912375,-44.72062342912375,cir_coefficients_tau_mask,,"[1, 1, 1, 1, 23, 1]","[1, 1, 23]","[1, 1, 23]","[1, 1, 23]",,True,,23,5.742073128089942e-08,-44.720622971607156,0,0.0,-4.575165917231061e-07,0,0,0,0,0,0,0,0
169,43430,rx_x500_body,/home/telilab4090/Documents/Gazebo World/my_world/rt_out/experiments/semantic_ablation_rigid_200f/sionna_xml/frame_169_sionna.xml,30.0,0.0,0.0,2.4,-3.9279,3.2024,1.3944,28000000000.0,23,1.7234324189985273e-08,7.465505547088469e-08,5.742073128089942e-08,3.372388945876992e-08,-74.72062342912375,-44.72062342912375,cir_coefficients_tau_mask,,"[1, 1, 1, 1, 23, 1]","[1, 1, 23]","[1, 1, 23]","[1, 1, 23]",,True,,23,5.742073128089942e-08,-44.72062342912375,0,0.0,0.0,0,0,0,0,0,0,0,0
170,43687,rx_x500_body,/home/telilab4090/Documents/Gazebo World/my_world/rt_out/experiments/semantic_ablation_rigid_200f/sionna_xml/frame_170_sionna.xml,30.0,0.0,0.0,2.4,-3.9279,3.2024,1.3944,28000000000.0,23,1.7234324189985273e-08,7.465505547088469e-08,5.742073128089942e-08,3.372388945876992e-08,-74.72062342912375,-44.72062342912375,cir_coefficients_tau_mask,,"[1, 1, 1, 1, 23, 1]","[1, 1, 23]","[1, 1, 23]","[1, 1, 23]",,True,,23,5.742073128089942e-08,-44.72062342912375,0,0.0,0.0,0,0,0,0,0,0,0,0
171,43944,rx_x500_body,/home/telilab4090/Documents/Gazebo World/my_world/rt_out/experiments/semantic_ablation_rigid_200f/sionna_xml/frame_171_sionna.xml,30.0,0.0,0.0,2.4,-3.9279,3.2024,1.3944,28000000000.0,23,1.7234324189985273e-08,7.465505547088469e-08,5.742073128089942e-08,3.372388945876992e-08,-74.72062342912375,-44.72062342912375,cir_coefficients_tau_mask,,"[1, 1, 1, 1, 23, 1]","[1, 1, 23]","[1, 1, 23]","[1, 1, 23]",,True,,23,5.742073128089942e-08,-44.72062342912375,0,0.0,0.0,0,0,0,0,0,0,0,0
172,44201,rx_x500_body,/home/telilab4090/Documents/Gazebo World/my_world/rt_out/experiments/semantic_ablation_rigid_200f/sionna_xml/frame_172_sionna.xml,30.0,0.0,0.0,2.4,-3.9279,3.2024,1.3944,28000000000.0,23,1.7234324189985273e-08,7.465505547088469e-08,5.742073128089942e-08,3.372388945876992e-08,-74.72062342912375,-44.72062342912375,cir_coefficients_tau_mask,,"[1, 1, 1, 1, 23, 1]","[1, 1, 23]","[1, 1, 23]","[1, 1, 23]",,True,,23,5.742073128089942e-08,-44.72062342912375,0,0.0,0.0,0,0,0,0,0,0,0,0
173,44458,rx_x500_body,/home/telilab4090/Documents/Gazebo World/my_world/rt_out/experiments/semantic_ablation_rigid_200f/sionna_xml/frame_173_sionna.xml,30.0,0.0,0.0,2.4,-3.9279,3.2024,1.3944,28000000000.0,23,1.7234324189985273e-08,7.465505547088469e-08,5.742073128089942e-08,3.372388945876992e-08,-74.72062342912375,-44.72062342912375,cir_coefficients_tau_mask,,"[1, 1, 1, 1, 23, 1]","[1, 1, 23]","[1, 1, 23]","[1, 1, 23]",,True,,23,5.742073128089942e-08,-44.72062342912375,0,0.0,0.0,0,0,0,0,0,0,0,0
174,44715,rx_x500_body,/home/telilab4090/Documents/Gazebo World/my_world/rt_out/experiments/semantic_ablation_rigid_200f/sionna_xml/frame_174_sionna.xml,30.0,0.0,0.0,2.4,-3.9279,3.2024,1.3944,28000000000.0,23,1.7234324189985273e-08,7.465505547088469e-08,5.742073128089942e-08,3.3723893011483597e-08,-74.72062297160716,-44.720622971607156,cir_coefficients_tau_mask,,"[1, 1, 1, 1, 23, 1]","[1, 1, 23]","[1, 1, 23]","[1, 1, 23]",,True,,23,5.742073128089942e-08,-44.72062342912375,0,0.0,4.575165917231061e-07,0,0,0,0,0,0,0,0
175,44972,rx_x500_body,/home/telilab4090/Documents/Gazebo World/my_world/rt_out/experiments/semantic_ablation_rigid_200f/sionna_xml/frame_175_sionna.xml,30.0,0.0,0.0,2.4,-3.9279,3.2024,1.3944,28000000000.0,23,1.7234324189985273e-08,7.465505547088469e-08,5.742073128089942e-08,3.3723893011483597e-08,-74.72062297160716,-44.720622971607156,cir_coefficients_tau_mask,,"[1, 1, 1, 1, 23, 1]","[1, 1, 23]","[1, 1, 23]","[1, 1, 23]",,True,,23,5.742073128089942e-08,-44.720622971607156,0,0.0,0.0,0,0,0,0,0,0,0,0
176,45229,rx_x500_body,/home/telilab4090/Documents/Gazebo World/my_world/rt_out/experiments/semantic_ablation_rigid_200f/sionna_xml/frame_176_sionna.xml,30.0,0.0,0.0,2.4,-3.9279,3.2024,1.3944,28000000000.0,23,1.7234324189985273e-08,7.465505547088469e-08,5.742073128089942e-08,3.372388945876992e-08,-74.72062342912375,-44.72062342912375,cir_coefficients_tau_mask,,"[1, 1, 1, 1, 23, 1]","[1, 1, 23]","[1, 1, 23]","[1, 1, 23]",,True,,23,5.742073128089942e-08,-44.720622971607156,0,0.0,-4.575165917231061e-07,0,0,0,0,0,0,0,0
177,45486,rx_x500_body,/home/telilab4090/Documents/Gazebo World/my_world/rt_out/experiments/semantic_ablation_rigid_200f/sionna_xml/frame_177_sionna.xml,30.0,0.0,0.0,2.4,-3.9279,3.2024,1.3944,28000000000.0,23,1.7234324189985273e-08,7.465505547088469e-08,5.742073128089942e-08,3.372388945876992e-08,-74.72062342912375,-44.72062342912375,cir_coefficients_tau_mask,,"[1, 1, 1, 1, 23, 1]","[1, 1, 23]","[1, 1, 23]","[1, 1, 23]",,True,,23,5.742073128089942e-08,-44.72062342912375,0,0.0,0.0,0,0,0,0,0,0,0,0
178,45743,rx_x500_body,/home/telilab4090/Documents/Gazebo World/my_world/rt_out/experiments/semantic_ablation_rigid_200f/sionna_xml/frame_178_sionna.xml,30.0,0.0,0.0,2.4,-3.9279,3.2024,1.3944,28000000000.0,23,1.7234324189985273e-08,7.465505547088469e-08,5.742073128089942e-08,3.372388590605624e-08,-74.72062388664037,-44.72062388664037,cir_coefficients_tau_mask,,"[1, 1, 1, 1, 23, 1]","[1, 1, 23]","[1, 1, 23]","[1, 1, 23]",,True,,23,5.742073128089942e-08,-44.72062342912375,0,0.0,-4.5751662014481553e-07,0,0,0,0,0,0,0,0
179,46000,rx_x500_body,/home/telilab4090/Documents/Gazebo World/my_world/rt_out/experiments/semantic_ablation_rigid_200f/sionna_xml/frame_179_sionna.xml,30.0,0.0,0.0,2.4,-3.9279,3.2024,1.3944,28000000000.0,23,1.7234324189985273e-08,7.465505547088469e-08,5.742073128089942e-08,3.372388590605624e-08,-74.72062388664037,-44.72062388664037,cir_coefficients_tau_mask,,"[1, 1, 1, 1, 23, 1]","[1, 1, 23]","[1, 1, 23]","[1, 1, 23]",,True,,23,5.742073128089942e-08,-44.72062388664037,0,0.0,0.0,0,0,0,0,0,0,0,0
180,46257,rx_x500_body,/home/telilab4090/Documents/Gazebo World/my_world/rt_out/experiments/semantic_ablation_rigid_200f/sionna_xml/frame_180_sionna.xml,30.0,0.0,0.0,2.4,-3.9279,3.2024,1.3944,28000000000.0,23,1.7234324189985273e-08,7.465505547088469e-08,5.742073128089942e-08,3.372388945876992e-08,-74.72062342912375,-44.72062342912375,cir_coefficients_tau_mask,,"[1, 1, 1, 1, 23, 1]","[1, 1, 23]","[1, 1, 23]","[1, 1, 23]",,True,,23,5.742073128089942e-08,-44.72062388664037,0,0.0,4.5751662014481553e-07,0,0,0,0,0,0,0,0
181,46514,rx_x500_body,/home/telilab4090/Documents/Gazebo World/my_world/rt_out/experiments/semantic_ablation_rigid_200f/sionna_xml/frame_181_sionna.xml,30.0,0.0,0.0,2.4,-3.9279,3.2024,1.3944,28000000000.0,23,1.7234324189985273e-08,7.465505547088469e-08,5.742073128089942e-08,3.372388945876992e-08,-74.72062342912375,-44.72062342912375,cir_coefficients_tau_mask,,"[1, 1, 1, 1, 23, 1]","[1, 1, 23]","[1, 1, 23]","[1, 1, 23]",,True,,23,5.742073128089942e-08,-44.72062342912375,0,0.0,0.0,0,0,0,0,0,0,0,0
182,46771,rx_x500_body,/home/telilab4090/Documents/Gazebo World/my_world/rt_out/experiments/semantic_ablation_rigid_200f/sionna_xml/frame_182_sionna.xml,30.0,0.0,0.0,2.4,-3.9279,3.2024,1.3944,28000000000.0,23,1.7234324189985273e-08,7.465505547088469e-08,5.742073128089942e-08,3.3723893011483597e-08,-74.72062297160716,-44.720622971607156,cir_coefficients_tau_mask,,"[1, 1, 1, 1, 23, 1]","[1, 1, 23]","[1, 1, 23]","[1, 1, 23]",,True,,23,5.742073128089942e-08,-44.72062342912375,0,0.0,4.575165917231061e-07,0,0,0,0,0,0,0,0
183,47028,rx_x500_body,/home/telilab4090/Documents/Gazebo World/my_world/rt_out/experiments/semantic_ablation_rigid_200f/sionna_xml/frame_183_sionna.xml,30.0,0.0,0.0,2.4,-3.9279,3.2024,1.3944,28000000000.0,23,1.7234324189985273e-08,7.465505547088469e-08,5.742073128089942e-08,3.372388945876992e-08,-74.72062342912375,-44.72062342912375,cir_coefficients_tau_mask,,"[1, 1, 1, 1, 23, 1]","[1, 1, 23]","[1, 1, 23]","[1, 1, 23]",,True,,23,5.742073128089942e-08,-44.720622971607156,0,0.0,-4.575165917231061e-07,0,0,0,0,0,0,0,0
184,47285,rx_x500_body,/home/telilab4090/Documents/Gazebo World/my_world/rt_out/experiments/semantic_ablation_rigid_200f/sionna_xml/frame_184_sionna.xml,30.0,0.0,0.0,2.4,-3.9279,3.2024,1.3944,28000000000.0,23,1.7234324189985273e-08,7.465505547088469e-08,5.742073128089942e-08,3.372388945876992e-08,-74.72062342912375,-44.72062342912375,cir_coefficients_tau_mask,,"[1, 1, 1, 1, 23, 1]","[1, 1, 23]","[1, 1, 23]","[1, 1, 23]",,True,,23,5.742073128089942e-08,-44.72062342912375,0,0.0,0.0,0,0,0,0,0,0,0,0
185,47542,rx_x500_body,/home/telilab4090/Documents/Gazebo World/my_world/rt_out/experiments/semantic_ablation_rigid_200f/sionna_xml/frame_185_sionna.xml,30.0,0.0,0.0,2.4,-3.9279,3.2024,1.3944,28000000000.0,23,1.7234324189985273e-08,7.465505547088469e-08,5.742073128089942e-08,3.3723893011483597e-08,-74.72062297160716,-44.720622971607156,cir_coefficients_tau_mask,,"[1, 1, 1, 1, 23, 1]","[1, 1, 23]","[1, 1, 23]","[1, 1, 23]",,True,,23,5.742073128089942e-08,-44.72062342912375,0,0.0,4.575165917231061e-07,0,0,0,0,0,0,0,0
186,47799,rx_x500_body,/home/telilab4090/Documents/Gazebo World/my_world/rt_out/experiments/semantic_ablation_rigid_200f/sionna_xml/frame_186_sionna.xml,30.0,0.0,0.0,2.4,-3.9279,3.2024,1.3944,28000000000.0,23,1.7234324189985273e-08,7.465505547088469e-08,5.742073128089942e-08,3.372388945876992e-08,-74.72062342912375,-44.72062342912375,cir_coefficients_tau_mask,,"[1, 1, 1, 1, 23, 1]","[1, 1, 23]","[1, 1, 23]","[1, 1, 23]",,True,,23,5.742073128089942e-08,-44.720622971607156,0,0.0,-4.575165917231061e-07,0,0,0,0,0,0,0,0
187,48056,rx_x500_body,/home/telilab4090/Documents/Gazebo World/my_world/rt_out/experiments/semantic_ablation_rigid_200f/sionna_xml/frame_187_sionna.xml,30.0,0.0,0.0,2.4,-3.9279,3.2024,1.3944,28000000000.0,23,1.7234324189985273e-08,7.465505547088469e-08,5.742073128089942e-08,3.3723893011483597e-08,-74.72062297160716,-44.720622971607156,cir_coefficients_tau_mask,,"[1, 1, 1, 1, 23, 1]","[1, 1, 23]","[1, 1, 23]","[1, 1, 23]",,True,,23,5.742073128089942e-08,-44.72062342912375,0,0.0,4.575165917231061e-07,0,0,0,0,0,0,0,0
188,48313,rx_x500_body,/home/telilab4090/Documents/Gazebo World/my_world/rt_out/experiments/semantic_ablation_rigid_200f/sionna_xml/frame_188_sionna.xml,30.0,0.0,0.0,2.4,-3.9279,3.2024,1.3944,28000000000.0,23,1.7234324189985273e-08,7.465505547088469e-08,5.742073128089942e-08,3.372388590605624e-08,-74.72062388664037,-44.72062388664037,cir_coefficients_tau_mask,,"[1, 1, 1, 1, 23, 1]","[1, 1, 23]","[1, 1, 23]","[1, 1, 23]",,True,,23,5.742073128089942e-08,-44.720622971607156,0,0.0,-9.150332118679216e-07,0,0,0,0,0,0,0,0
189,48570,rx_x500_body,/home/telilab4090/Documents/Gazebo World/my_world/rt_out/experiments/semantic_ablation_rigid_200f/sionna_xml/frame_189_sionna.xml,30.0,0.0,0.0,2.4,-3.9279,3.2024,1.3944,28000000000.0,23,1.7234324189985273e-08,7.465505547088469e-08,5.742073128089942e-08,3.372388945876992e-08,-74.72062342912375,-44.72062342912375,cir_coefficients_tau_mask,,"[1, 1, 1, 1, 23, 1]","[1, 1, 23]","[1, 1, 23]","[1, 1, 23]",,True,,23,5.742073128089942e-08,-44.72062388664037,0,0.0,4.5751662014481553e-07,0,0,0,0,0,0,0,0
190,48827,rx_x500_body,/home/telilab4090/Documents/Gazebo World/my_world/rt_out/experiments/semantic_ablation_rigid_200f/sionna_xml/frame_190_sionna.xml,30.0,0.0,0.0,2.4,-3.9279,3.2024,1.3944,28000000000.0,23,1.7234324189985273e-08,7.465505547088469e-08,5.742073128089942e-08,3.372388945876992e-08,-74.72062342912375,-44.72062342912375,cir_coefficients_tau_mask,,"[1, 1, 1, 1, 23, 1]","[1, 1, 23]","[1, 1, 23]","[1, 1, 23]",,True,,23,5.742073128089942e-08,-44.72062342912375,0,0.0,0.0,0,0,0,0,0,0,0,0
191,49084,rx_x500_body,/home/telilab4090/Documents/Gazebo World/my_world/rt_out/experiments/semantic_ablation_rigid_200f/sionna_xml/frame_191_sionna.xml,30.0,0.0,0.0,2.4,-3.9279,3.2024,1.3944,28000000000.0,23,1.7234324189985273e-08,7.465505547088469e-08,5.742073128089942e-08,3.372388945876992e-08,-74.72062342912375,-44.72062342912375,cir_coefficients_tau_mask,,"[1, 1, 1, 1, 23, 1]","[1, 1, 23]","[1, 1, 23]","[1, 1, 23]",,True,,23,5.742073128089942e-08,-44.72062342912375,0,0.0,0.0,0,0,0,0,0,0,0,0
192,49341,rx_x500_body,/home/telilab4090/Documents/Gazebo World/my_world/rt_out/experiments/semantic_ablation_rigid_200f/sionna_xml/frame_192_sionna.xml,30.0,0.0,0.0,2.4,-3.9279,3.2024,1.3944,28000000000.0,23,1.7234324189985273e-08,7.465505547088469e-08,5.742073128089942e-08,3.372388945876992e-08,-74.72062342912375,-44.72062342912375,cir_coefficients_tau_mask,,"[1, 1, 1, 1, 23, 1]","[1, 1, 23]","[1, 1, 23]","[1, 1, 23]",,True,,23,5.742073128089942e-08,-44.72062342912375,0,0.0,0.0,0,0,0,0,0,0,0,0
193,49598,rx_x500_body,/home/telilab4090/Documents/Gazebo World/my_world/rt_out/experiments/semantic_ablation_rigid_200f/sionna_xml/frame_193_sionna.xml,30.0,0.0,0.0,2.4,-3.9279,3.2024,1.3944,28000000000.0,23,1.7234324189985273e-08,7.465505547088469e-08,5.742073128089942e-08,3.372388945876992e-08,-74.72062342912375,-44.72062342912375,cir_coefficients_tau_mask,,"[1, 1, 1, 1, 23, 1]","[1, 1, 23]","[1, 1, 23]","[1, 1, 23]",,True,,23,5.742073128089942e-08,-44.72062342912375,0,0.0,0.0,0,0,0,0,0,0,0,0
194,49855,rx_x500_body,/home/telilab4090/Documents/Gazebo World/my_world/rt_out/experiments/semantic_ablation_rigid_200f/sionna_xml/frame_194_sionna.xml,30.0,0.0,0.0,2.4,-3.9279,3.2024,1.3944,28000000000.0,23,1.7234324189985273e-08,7.465505547088469e-08,5.742073128089942e-08,3.372388945876992e-08,-74.72062342912375,-44.72062342912375,cir_coefficients_tau_mask,,"[1, 1, 1, 1, 23, 1]","[1, 1, 23]","[1, 1, 23]","[1, 1, 23]",,True,,23,5.742073128089942e-08,-44.72062342912375,0,0.0,0.0,0,0,0,0,0,0,0,0
195,50112,rx_x500_body,/home/telilab4090/Documents/Gazebo World/my_world/rt_out/experiments/semantic_ablation_rigid_200f/sionna_xml/frame_195_sionna.xml,30.0,0.0,0.0,2.4,-3.9279,3.2024,1.3944,28000000000.0,23,1.7234324189985273e-08,7.465505547088469e-08,5.742073128089942e-08,3.372388235334256e-08,-74.72062434415706,-44.72062434415706,cir_coefficients_tau_mask,,"[1, 1, 1, 1, 23, 1]","[1, 1, 23]","[1, 1, 23]","[1, 1, 23]",,True,,23,5.742073128089942e-08,-44.72062342912375,0,0.0,-9.150333113439046e-07,0,0,0,0,0,0,0,0
196,50369,rx_x500_body,/home/telilab4090/Documents/Gazebo World/my_world/rt_out/experiments/semantic_ablation_rigid_200f/sionna_xml/frame_196_sionna.xml,30.0,0.0,0.0,2.4,-3.9279,3.2024,1.3944,28000000000.0,23,1.7234324189985273e-08,7.465505547088469e-08,5.742073128089942e-08,3.372388945876992e-08,-74.72062342912375,-44.72062342912375,cir_coefficients_tau_mask,,"[1, 1, 1, 1, 23, 1]","[1, 1, 23]","[1, 1, 23]","[1, 1, 23]",,True,,23,5.742073128089942e-08,-44.72062434415706,0,0.0,9.150333113439046e-07,0,0,0,0,0,0,0,0
197,50626,rx_x500_body,/home/telilab4090/Documents/Gazebo World/my_world/rt_out/experiments/semantic_ablation_rigid_200f/sionna_xml/frame_197_sionna.xml,30.0,0.0,0.0,2.4,-3.9279,3.2024,1.3944,28000000000.0,23,1.7234324189985273e-08,7.465505547088469e-08,5.742073128089942e-08,3.372388945876992e-08,-74.72062342912375,-44.72062342912375,cir_coefficients_tau_mask,,"[1, 1, 1, 1, 23, 1]","[1, 1, 23]","[1, 1, 23]","[1, 1, 23]",,True,,23,5.742073128089942e-08,-44.72062342912375,0,0.0,0.0,0,0,0,0,0,0,0,0
198,50883,rx_x500_body,/home/telilab4090/Documents/Gazebo World/my_world/rt_out/experiments/semantic_ablation_rigid_200f/sionna_xml/frame_198_sionna.xml,30.0,0.0,0.0,2.4,-3.9279,3.2024,1.3944,28000000000.0,23,1.7234324189985273e-08,7.465505547088469e-08,5.742073128089942e-08,3.372388590605624e-08,-74.72062388664037,-44.72062388664037,cir_coefficients_tau_mask,,"[1, 1, 1, 1, 23, 1]","[1, 1, 23]","[1, 1, 23]","[1, 1, 23]",,True,,23,5.742073128089942e-08,-44.72062342912375,0,0.0,-4.5751662014481553e-07,0,0,0,0,0,0,0,0
199,51140,rx_x500_body,/home/telilab4090/Documents/Gazebo World/my_world/rt_out/experiments/semantic_ablation_rigid_200f/sionna_xml/frame_199_sionna.xml,30.0,0.0,0.0,2.4,-3.9279,3.2024,1.3944,28000000000.0,23,1.7234324189985273e-08,7.465505547088469e-08,5.742073128089942e-08,3.372388590605624e-08,-74.72062388664037,-44.72062388664037,cir_coefficients_tau_mask,,"[1, 1, 1, 1, 23, 1]","[1, 1, 23]","[1, 1, 23]","[1, 1, 23]",,True,,23,5.742073128089942e-08,-44.72062388664037,0,0.0,0.0,0,0,0,0,0,0,0,0
